time,x,y,yaw,v,w,goal_distance,min_person_dist,closest_person,planner_status,planner_cost,action_linear_x,action_angular_z,observation_state_linear_x,observation_state_angular_z,observation_state_road_type
0.5,2.15,4.0,0.0,0.3,0.0,295.85,2.85,walk_east_mid.0,velocity_selected,0.7085,0.3,0.0,0.3,0.0,Sidewalk
1.0,2.45,4.0,0.0,0.6,0.0,295.55,3.1304,walk_east_up.0,velocity_selected,0.0352,0.6,0.0,0.6,0.0,Sidewalk
1.5,2.9,4.0,0.0,0.9,0.0,295.1,3.1461,walk_east_up.0,velocity_selected,0.0339,0.9,0.0,0.9,0.0,Sidewalk
2.0,3.5,4.0,0.0,1.2,0.0,294.5,3.03,walk_east_up.0,velocity_selected,0.0324,1.2,0.0,1.2,0.0,Sidewalk
2.5,4.1,4.0,0.0,1.2,0.0,293.9,2.9429,walk_east_up.0,velocity_selected,0.0319,1.2,0.0,1.2,0.0,Sidewalk
3.0,4.7,4.0,0.0,1.2,0.0,293.3,2.8773,walk_east_up.0,velocity_selected,0.0316,1.2,0.0,1.2,0.0,Sidewalk
3.5,5.3,4.0,0.0,1.2,0.0,292.7,2.8004,walk_east_up.0,velocity_selected,0.0315,1.2,0.0,1.2,0.0,Sidewalk
4.0,5.9,4.0,0.0,1.2,0.0,292.1,2.6884,walk_east_up.0,velocity_selected,0.0332,1.2,0.0,1.2,0.0,Sidewalk
4.5,6.5,4.0,0.0,1.2,0.0,291.5,2.5415,walk_east_up.0,velocity_selected,0.0355,1.2,0.0,1.2,0.0,Sidewalk
5.0,7.1,4.0,0.0,1.2,0.0,290.9,2.4662,walk_east_up.0,velocity_selected,0.0332,1.2,0.0,1.2,0.0,Sidewalk
5.5,7.7,4.0,0.0,1.2,0.0,290.3,2.3617,walk_east_up.0,velocity_selected,0.0344,1.2,0.0,1.2,0.0,Sidewalk
6.0,8.3,4.0,0.0,1.2,0.0,289.7,2.2877,walk_east_up.0,velocity_selected,0.0333,1.2,0.0,1.2,0.0,Sidewalk
6.5,8.9,4.0,0.0,1.2,0.0,289.1,2.223,walk_east_up.0,velocity_selected,0.0332,1.2,0.0,1.2,0.0,Sidewalk
7.0,9.5,4.0,0.0,1.2,0.0,288.5,2.1187,walk_east_up.0,velocity_selected,0.0363,1.2,0.0,1.2,0.0,Sidewalk
7.5,10.1,4.0,0.0,1.2,0.0,287.9,1.9949,walk_east_up.0,velocity_selected,0.0396,1.2,0.0,1.2,0.0,Sidewalk
8.0,10.7,4.0,0.0,1.2,0.0,287.3,1.8874,walk_east_up.0,velocity_selected,0.0395,1.2,0.0,1.2,0.0,Sidewalk
8.5,11.3,4.0,0.0,1.2,0.0,286.7,1.7759,walk_east_up.0,velocity_selected,0.0419,1.2,0.0,1.2,0.0,Sidewalk
9.0,11.9,4.0,0.0,1.2,0.0,286.1,1.7048,walk_east_up.0,velocity_selected,0.0389,1.2,0.0,1.2,0.0,Sidewalk
9.5,12.5,4.0,0.0,1.2,0.0,285.5,1.5715,walk_east_up.0,velocity_selected,0.0512,1.2,0.0,1.2,0.0,Sidewalk
10.0,13.1,4.0,0.0,1.2,0.0,284.9,1.4708,walk_east_up.0,velocity_selected,0.0483,1.2,0.0,1.2,0.0,Sidewalk
10.5,13.7,4.0,0.0,1.2,0.0,284.3,1.356,walk_east_up.0,velocity_selected,0.0575,1.2,0.0,1.2,0.0,Sidewalk
11.0,14.3,4.0,0.0,1.2,0.0,283.7,1.2476,walk_east_up.0,velocity_selected,0.062,1.2,0.0,1.2,0.0,Sidewalk
11.5,14.9,4.0,0.0,1.2,0.0,283.1,1.185,walk_east_up.0,velocity_selected,0.055,1.2,0.0,1.2,0.0,Sidewalk
12.0,15.5,4.0,0.0,1.2,0.0,282.5,1.0653,walk_east_up.0,velocity_selected,0.0945,1.2,0.0,1.2,0.0,Sidewalk
12.5,16.1,4.0,0.0,1.2,0.0,281.9,1.0193,walk_east_up.0,velocity_selected,0.06,1.2,0.0,1.2,0.0,Sidewalk
13.0,16.7,4.0,0.0,1.2,0.0,281.3,0.9737,walk_east_up.0,velocity_selected,0.066,1.2,0.0,1.2,0.0,Sidewalk
13.5,17.3,4.0,0.0,1.2,0.0,280.7,0.9372,walk_east_up.0,velocity_selected,0.0661,1.2,0.0,1.2,0.0,Sidewalk
14.0,17.9,4.0,0.0,1.2,0.0,280.1,0.8999,walk_east_up.0,velocity_selected,0.0696,1.2,0.0,1.2,0.0,Sidewalk
14.5,18.5,4.0,0.0,1.2,0.0,279.5,0.8423,walk_east_up.0,velocity_selected,0.0948,1.2,0.0,1.2,0.0,Sidewalk
15.0,19.1,4.0,0.0,1.2,0.0,278.9,0.8027,walk_east_up.0,velocity_selected,0.0891,1.2,0.0,1.2,0.0,Sidewalk
15.5,19.7,4.0,0.0,1.2,0.0,278.3,0.7508,walk_east_up.0,velocity_selected,0.2048,1.2,0.0,1.2,0.0,Sidewalk
16.0,20.3,4.0,0.0,1.2,0.0,277.7,0.7272,walk_east_up.0,velocity_selected,0.1019,1.2,0.0,1.2,0.0,Sidewalk
16.5,20.9,4.0,0.0,1.2,0.0,277.1,0.7002,walk_east_up.0,velocity_selected,0.2407,1.2,0.0,1.2,0.0,Sidewalk
17.0,21.5,4.0,0.0,1.2,0.0,276.5,0.6863,walk_east_up.0,velocity_selected,0.2642,1.2,0.0,1.2,0.0,Sidewalk
17.5,22.1,4.0,0.0,1.2,0.0,275.9,0.6861,walk_east_up.0,velocity_selected,0.259,1.2,0.0,1.2,0.0,Sidewalk
18.0,22.6,4.0,0.0,1.0,0.0,275.4,0.6862,walk_east_up.0,velocity_selected,0.3048,1.0,0.0,1.0,0.0,Sidewalk
18.5,23.2,4.0,0.0,1.2,0.0,274.8,0.691,walk_east_up.0,velocity_selected,0.2202,1.2,0.0,1.2,0.0,Sidewalk
19.0,23.7,4.0,0.0,1.0,0.0,274.3,0.6896,walk_east_up.0,velocity_selected,0.3083,1.0,0.0,1.0,0.0,Sidewalk
19.5,24.2,4.0,0.0,1.0,0.0,273.8,0.6947,walk_east_up.0,velocity_selected,0.4356,1.0,0.0,1.0,0.0,Sidewalk
20.0,24.7,4.0,0.0,1.0,0.0,273.3,0.6996,walk_east_up.0,velocity_selected,0.4237,1.0,0.0,1.0,0.0,Sidewalk
20.5,25.3,4.0,0.0,1.2,0.0,272.7,0.7159,walk_east_up.0,velocity_selected,0.2727,1.2,0.0,1.2,0.0,Sidewalk
21.0,25.8,4.0,0.0,1.0,0.0,272.2,0.7161,walk_east_up.0,velocity_selected,0.3823,1.0,0.0,1.0,0.0,Sidewalk
21.5,26.3,4.0,0.0,1.0,0.0,271.7,0.7181,walk_east_up.0,velocity_selected,0.4051,1.0,0.0,1.0,0.0,Sidewalk
22.0,26.9,4.0,0.0,1.2,0.0,271.1,0.7457,walk_east_up.0,velocity_selected,0.5112,1.2,0.0,1.2,0.0,Sidewalk
22.5,27.4,4.0,0.0,1.0,0.0,270.6,0.7522,walk_east_up.0,velocity_selected,0.4572,1.0,0.0,1.0,0.0,Sidewalk
23.0,28.0,4.0,0.0,1.2,0.0,270.0,0.7982,walk_east_up.0,velocity_selected,0.7334,1.2,0.0,1.2,0.0,Sidewalk
23.5,28.5,4.0,0.0,1.0,0.0,269.5,0.7985,walk_east_up.0,velocity_selected,0.4583,1.0,0.0,1.0,0.0,Sidewalk
24.0,29.1,4.0,0.0,1.2,0.0,268.9,0.8368,walk_east_up.0,velocity_selected,0.7593,1.2,0.0,1.2,0.0,Sidewalk
24.5,29.7,4.0,0.0,1.2,0.0,268.3,0.9335,walk_east_up.0,velocity_selected,0.9486,1.2,0.0,1.2,0.0,Sidewalk
25.0,30.2,4.0,0.0,1.0,0.0,267.8,0.9239,walk_east_up.0,velocity_selected,0.4656,1.0,0.0,1.0,0.0,Sidewalk
25.5,30.8,4.0,0.0,1.2,0.0,267.2,0.9941,walk_east_up.0,velocity_selected,0.8757,1.2,0.0,1.2,0.0,Sidewalk
26.0,31.3,4.0,0.0,1.0,0.0,266.7,0.9594,walk_east_up.0,velocity_selected,0.7514,1.0,0.0,1.0,0.0,Sidewalk
26.5,31.9,4.0,0.0,1.2,0.0,266.1,1.0411,walk_east_up.0,velocity_selected,0.7735,1.2,0.0,1.2,0.0,Sidewalk
27.0,32.5,4.0,0.0,1.2,0.0,265.5,1.1276,walk_east_up.0,velocity_selected,0.5017,1.2,0.0,1.2,0.0,Sidewalk
27.5,33.1,4.0,0.0,1.2,0.0,264.9,1.1761,walk_east_up.0,velocity_selected,0.3117,1.2,0.0,1.2,0.0,Sidewalk
28.0,33.7,4.0,0.0,1.2,0.0,264.3,1.3046,walk_east_up.0,velocity_selected,0.097,1.2,0.0,1.2,0.0,Sidewalk
28.5,34.3,4.0,0.0,1.2,0.0,263.7,1.416,walk_east_up.0,velocity_selected,0.0854,1.2,0.0,1.2,0.0,Sidewalk
29.0,34.9,4.0,0.0,1.2,0.0,263.1,1.5329,walk_east_up.0,velocity_selected,0.074,1.2,0.0,1.2,0.0,Sidewalk
29.5,35.5,4.0,0.0,1.2,0.0,262.5,1.6116,walk_east_up.0,velocity_selected,0.0697,1.2,0.0,1.2,0.0,Sidewalk
30.0,36.1,4.0,0.0,1.2,0.0,261.9,1.7485,walk_east_up.0,velocity_selected,0.0619,1.2,0.0,1.2,0.0,Sidewalk
30.5,36.7,4.0,0.0,1.2,0.0,261.3,1.8419,walk_east_up.0,velocity_selected,0.0588,1.2,0.0,1.2,0.0,Sidewalk
31.0,37.3,4.0,0.0,1.2,0.0,260.7,1.9546,walk_east_up.0,velocity_selected,0.0552,1.2,0.0,1.2,0.0,Sidewalk
31.5,37.9,4.0,0.0,1.2,0.0,260.1,2.0527,walk_east_up.0,velocity_selected,0.0545,1.2,0.0,1.2,0.0,Sidewalk
32.0,38.5,4.0,0.0,1.2,0.0,259.5,2.0984,walk_east_up.0,velocity_selected,0.0528,1.2,0.0,1.2,0.0,Sidewalk
32.5,39.1,4.0,0.0,1.2,0.0,258.9,2.1939,walk_east_up.0,velocity_selected,0.0508,1.2,0.0,1.2,0.0,Sidewalk
33.0,39.7,4.0,0.0,1.2,0.0,258.3,2.2568,walk_east_up.0,velocity_selected,0.0486,1.2,0.0,1.2,0.0,Sidewalk
33.5,40.3,4.0,0.0,1.2,0.0,257.7,2.3241,walk_east_up.0,velocity_selected,0.0503,1.2,0.0,1.2,0.0,Sidewalk
34.0,40.9,4.0,0.0,1.2,0.0,257.1,2.4504,walk_east_up.0,velocity_selected,0.0496,1.2,0.0,1.2,0.0,Sidewalk
34.5,41.5,4.0,0.0,1.2,0.0,256.5,2.5894,walk_east_up.0,velocity_selected,0.049,1.2,0.0,1.2,0.0,Sidewalk
35.0,42.1,4.0,0.0,1.2,0.0,255.9,2.7029,walk_east_up.0,velocity_selected,0.0442,1.2,0.0,1.2,0.0,Sidewalk
35.5,42.7,4.0,0.0,1.2,0.0,255.3,2.8067,walk_east_up.0,velocity_selected,0.0492,1.2,0.0,1.2,0.0,Sidewalk
36.0,43.3,4.0,0.0,1.2,0.0,254.7,2.9534,walk_east_up.0,velocity_selected,0.042,1.2,0.0,1.2,0.0,Sidewalk
36.5,43.9,4.0,0.0,1.2,0.0,254.1,3.0815,walk_east_up.0,velocity_selected,0.0437,1.2,0.0,1.2,0.0,Sidewalk
37.0,44.5,4.0,0.0,1.2,0.0,253.5,3.1471,walk_east_up.0,velocity_selected,0.0391,1.2,0.0,1.2,0.0,Sidewalk
37.5,45.1,4.0,0.0,1.2,0.0,252.9,3.1997,walk_east_up.0,velocity_selected,0.0452,1.2,0.0,1.2,0.0,Sidewalk
38.0,45.7,4.0,0.0,1.2,0.0,252.3,3.2483,walk_east_up.0,velocity_selected,0.0428,1.2,0.0,1.2,0.0,Sidewalk
38.5,46.3,4.0,0.0,1.2,0.0,251.7,3.2451,walk_east_dn.1,velocity_selected,0.0431,1.2,0.0,1.2,0.0,Sidewalk
39.0,46.9,4.0,0.0,1.2,0.0,251.1,3.1512,walk_east_dn.1,velocity_selected,0.0433,1.2,0.0,1.2,0.0,Sidewalk
39.5,47.5,4.0,0.0,1.2,0.0,250.5,3.097,walk_east_dn.1,velocity_selected,0.0408,1.2,0.0,1.2,0.0,Sidewalk
40.0,48.1,4.0,0.0,1.2,0.0,249.9,3.0399,walk_east_dn.1,velocity_selected,0.0415,1.2,0.0,1.2,0.0,Sidewalk
40.5,48.7,4.0,0.0,1.2,0.0,249.3,3.0055,walk_east_dn.1,velocity_selected,0.0399,1.2,0.0,1.2,0.0,Sidewalk
41.0,49.3,4.0,0.0,1.2,0.0,248.7,2.935,walk_east_dn.1,velocity_selected,0.0428,1.2,0.0,1.2,0.0,Sidewalk
41.5,49.9,4.0,0.0,1.2,0.0,248.1,2.8699,walk_east_dn.1,velocity_selected,0.0429,1.2,0.0,1.2,0.0,Sidewalk
42.0,50.5,4.0,0.0,1.2,0.0,247.5,2.7138,walk_east_dn.1,velocity_selected,0.059,1.2,0.0,1.2,0.0,Sidewalk
42.5,51.1,4.0,0.0,1.2,0.0,246.9,2.5628,walk_east_dn.1,velocity_selected,0.0645,1.2,0.0,1.2,0.0,Sidewalk
43.0,51.7,4.0,0.0,1.2,0.0,246.3,2.4264,walk_east_dn.1,velocity_selected,0.0671,1.2,0.0,1.2,0.0,Sidewalk
43.5,52.3,4.0,0.0,1.2,0.0,245.7,2.3806,walk_east_dn.1,velocity_selected,0.0482,1.2,0.0,1.2,0.0,Sidewalk
44.0,52.9,4.0,0.0,1.2,0.0,245.1,2.3454,walk_east_dn.1,velocity_selected,0.0473,1.2,0.0,1.2,0.0,Sidewalk
44.5,53.5,4.0,0.0,1.2,0.0,244.5,2.2208,walk_east_dn.1,velocity_selected,0.0757,1.2,0.0,1.2,0.0,Sidewalk
45.0,54.1,4.0,0.0,1.2,0.0,243.9,2.0692,walk_east_dn.1,velocity_selected,0.1417,1.2,0.0,1.2,0.0,Sidewalk
45.5,54.7,4.0,0.0,1.2,0.0,243.3,1.9473,walk_east_dn.1,velocity_selected,0.1052,1.2,0.0,1.2,0.0,Sidewalk
46.0,55.3,4.0,0.0,1.2,0.0,242.7,1.8101,walk_east_dn.1,velocity_selected,0.2581,1.2,0.0,1.2,0.0,Sidewalk
46.5,55.9,4.0,0.0,1.2,0.0,242.1,1.6947,walk_east_dn.1,velocity_selected,0.2544,1.2,0.0,1.2,0.0,Sidewalk
47.0,56.5,4.0,0.0,1.2,0.0,241.5,1.5868,walk_east_dn.1,velocity_selected,0.2857,1.2,0.0,1.2,0.0,Sidewalk
47.5,57.1,4.0,0.0,1.2,0.0,240.9,1.4706,walk_east_dn.1,velocity_selected,0.3725,1.2,0.0,1.2,0.0,Sidewalk
48.0,57.7,4.0,0.0,1.2,0.0,240.3,1.409,walk_east_dn.1,velocity_selected,0.2461,1.2,0.0,1.2,0.0,Sidewalk
48.5,58.2706,4.1854,0.31416,1.2,0.62832,239.7294,1.335,walk_east_dn.1,velocity_selected,0.4897,1.2,0.62832,1.2,0.62832,Sidewalk
49.0,58.8706,4.1849,-0.00077,1.2,-0.62987,239.1294,1.2025,walk_east_dn.1,velocity_selected,0.1065,1.2,-0.62987,1.2,-0.62987,Sidewalk
49.5,59.4706,4.1845,-0.00077,1.2,0.0,238.5294,1.1524,walk_east_dn.1,velocity_selected,0.1064,1.2,0.0,1.2,0.0,Sidewalk
50.0,60.0706,4.184,-0.00077,1.2,0.0,237.9294,1.1211,walk_east_dn.1,velocity_selected,0.1063,1.2,0.0,1.2,0.0,Sidewalk
50.5,60.6706,4.1836,-0.00077,1.2,0.0,237.3294,1.0647,walk_east_dn.1,velocity_selected,0.1059,1.2,0.0,1.2,0.0,Sidewalk
51.0,61.2706,4.1831,-0.00077,1.2,0.0,236.7294,0.9723,walk_east_dn.1,velocity_selected,0.1044,1.2,0.0,1.2,0.0,Sidewalk
51.5,61.8706,4.1826,-0.00077,1.2,0.0,236.1294,0.9141,walk_east_dn.1,velocity_selected,0.0997,1.2,0.0,1.2,0.0,Sidewalk
52.0,62.4706,4.1822,-0.00077,1.2,0.0,235.5294,0.8679,walk_east_dn.1,velocity_selected,0.0925,1.2,0.0,1.2,0.0,Sidewalk
52.5,63.0706,4.1817,-0.00077,1.2,0.0,234.9294,0.8501,walk_east_dn.1,velocity_selected,0.0879,1.2,0.0,1.2,0.0,Sidewalk
53.0,63.6706,4.1812,-0.00077,1.2,0.0,234.3294,0.8434,walk_east_dn.1,velocity_selected,0.0855,1.2,0.0,1.2,0.0,Sidewalk
53.5,64.2706,4.1808,-0.00077,1.2,0.0,233.7294,0.8386,walk_east_dn.1,velocity_selected,0.0761,1.2,0.0,1.2,0.0,Sidewalk
54.0,64.8706,4.1803,-0.00077,1.2,0.0,233.1294,0.8493,walk_east_dn.1,velocity_selected,0.0721,1.2,0.0,1.2,0.0,Sidewalk
54.5,65.4706,4.1798,-0.00077,1.2,0.0,232.5294,0.8998,walk_east_dn.1,velocity_selected,0.0648,1.2,0.0,1.2,0.0,Sidewalk
55.0,66.0706,4.1794,-0.00077,1.2,0.0,231.9294,0.9555,walk_east_dn.1,velocity_selected,0.0605,1.2,0.0,1.2,0.0,Sidewalk
55.5,66.6706,4.1789,-0.00077,1.2,0.0,231.3294,0.9807,walk_east_dn.1,velocity_selected,0.0588,1.2,0.0,1.2,0.0,Sidewalk
56.0,67.2706,4.1784,-0.00077,1.2,0.0,230.7294,1.0183,walk_east_dn.1,velocity_selected,0.0573,1.2,0.0,1.2,0.0,Sidewalk
56.5,67.8706,4.178,-0.00077,1.2,0.0,230.1294,1.0734,walk_east_dn.1,velocity_selected,0.0549,1.2,0.0,1.2,0.0,Sidewalk
57.0,68.4706,4.1775,-0.00077,1.2,0.0,229.5294,1.1295,walk_east_dn.1,velocity_selected,0.0528,1.2,0.0,1.2,0.0,Sidewalk
57.5,69.0706,4.1771,-0.00077,1.2,0.0,228.9294,1.2064,walk_east_dn.1,velocity_selected,0.0506,1.2,0.0,1.2,0.0,Sidewalk
58.0,69.6706,4.1766,-0.00077,1.2,0.0,228.3294,1.2945,walk_east_dn.1,velocity_selected,0.049,1.2,0.0,1.2,0.0,Sidewalk
58.5,70.2706,4.1761,-0.00077,1.2,0.0,227.7294,1.341,walk_east_dn.1,velocity_selected,0.0479,1.2,0.0,1.2,0.0,Sidewalk
59.0,70.8706,4.1757,-0.00077,1.2,0.0,227.1294,1.427,walk_east_dn.1,velocity_selected,0.0462,1.2,0.0,1.2,0.0,Sidewalk
59.5,71.4706,4.1752,-0.00077,1.2,0.0,226.5294,1.5386,walk_east_dn.1,velocity_selected,0.0448,1.2,0.0,1.2,0.0,Sidewalk
60.0,72.0706,4.1747,-0.00077,1.2,0.0,225.9294,1.5824,walk_east_dn.1,velocity_selected,0.044,1.2,0.0,1.2,0.0,Sidewalk
60.5,72.6706,4.1743,-0.00077,1.2,0.0,225.3294,1.705,walk_east_dn.1,velocity_selected,0.0428,1.2,0.0,1.2,0.0,Sidewalk
61.0,73.2706,4.1738,-0.00077,1.2,0.0,224.7294,1.7687,walk_east_dn.1,velocity_selected,0.0422,1.2,0.0,1.2,0.0,Sidewalk
61.5,73.8706,4.1733,-0.00077,1.2,0.0,224.1294,1.8037,walk_east_dn.1,velocity_selected,0.0415,1.2,0.0,1.2,0.0,Sidewalk
62.0,74.4706,4.1729,-0.00077,1.2,0.0,223.5294,1.8698,walk_east_dn.1,velocity_selected,0.0409,1.2,0.0,1.2,0.0,Sidewalk
62.5,75.0706,4.1724,-0.00077,1.2,0.0,222.9294,1.9637,walk_east_dn.1,velocity_selected,0.04,1.2,0.0,1.2,0.0,Sidewalk
63.0,75.6706,4.172,-0.00077,1.2,0.0,222.3294,2.0213,walk_east_dn.1,velocity_selected,0.0398,1.2,0.0,1.2,0.0,Sidewalk
63.5,76.2706,4.1715,-0.00077,1.2,0.0,221.7294,2.064,walk_east_dn.1,velocity_selected,0.0391,1.2,0.0,1.2,0.0,Sidewalk
64.0,76.8706,4.171,-0.00077,1.2,0.0,221.1294,2.1292,walk_east_dn.1,velocity_selected,0.0386,1.2,0.0,1.2,0.0,Sidewalk
64.5,77.4706,4.1706,-0.00077,1.2,0.0,220.5294,2.2147,walk_east_dn.1,velocity_selected,0.0381,1.2,0.0,1.2,0.0,Sidewalk
65.0,78.0706,4.1701,-0.00077,1.2,0.0,219.9294,2.2518,walk_east_dn.1,velocity_selected,0.0379,1.2,0.0,1.2,0.0,Sidewalk
65.5,78.6706,4.1696,-0.00077,1.2,0.0,219.3294,2.3648,walk_east_dn.1,velocity_selected,0.0372,1.2,0.0,1.2,0.0,Sidewalk
66.0,79.2706,4.1692,-0.00077,1.2,0.0,218.7294,2.4664,walk_east_dn.1,velocity_selected,0.0368,1.2,0.0,1.2,0.0,Sidewalk
66.5,79.8706,4.1687,-0.00077,1.2,0.0,218.1294,2.5684,walk_east_dn.1,velocity_selected,0.0364,1.2,0.0,1.2,0.0,Sidewalk
67.0,80.4706,4.1682,-0.00077,1.2,0.0,217.5294,2.6578,walk_east_dn.1,velocity_selected,0.036,1.2,0.0,1.2,0.0,Sidewalk
67.5,81.0706,4.1678,-0.00077,1.2,0.0,216.9294,2.8192,walk_east_dn.1,velocity_selected,0.0351,1.2,0.0,1.2,0.0,Sidewalk
68.0,81.6706,4.1673,-0.00077,1.2,0.0,216.3294,2.9158,walk_east_dn.1,velocity_selected,0.0349,1.2,0.0,1.2,0.0,Sidewalk
68.5,82.2706,4.1668,-0.00077,1.2,0.0,215.7294,3.0284,walk_east_dn.1,velocity_selected,0.0345,1.2,0.0,1.2,0.0,Sidewalk
69.0,82.8706,4.1664,-0.00077,1.2,0.0,215.1294,3.0745,walk_east_dn.1,velocity_selected,0.0344,1.2,0.0,1.2,0.0,Sidewalk
69.5,83.4706,4.1659,-0.00077,1.2,0.0,214.5294,3.1723,walk_east_dn.1,velocity_selected,0.0366,1.2,0.0,1.2,0.0,Sidewalk
70.0,84.0706,4.1655,-0.00077,1.2,0.0,213.9294,3.2306,walk_east_dn.1,velocity_selected,0.0365,1.2,0.0,1.2,0.0,Sidewalk
70.5,84.6706,4.165,-0.00077,1.2,0.0,213.3294,3.3002,walk_east_dn.1,velocity_selected,0.036,1.2,0.0,1.2,0.0,Sidewalk
71.0,85.2706,4.1645,-0.00077,1.2,0.0,212.7294,3.4758,walk_east_dn.1,velocity_selected,0.036,1.2,0.0,1.2,0.0,Sidewalk
71.5,85.8706,4.1641,-0.00077,1.2,0.0,212.1294,3.5921,walk_east_dn.1,velocity_selected,0.0356,1.2,0.0,1.2,0.0,Sidewalk
72.0,86.4706,4.1636,-0.00077,1.2,0.0,211.5294,3.6523,walk_east_dn.1,velocity_selected,0.0355,1.2,0.0,1.2,0.0,Sidewalk
72.5,87.0706,4.1631,-0.00077,1.2,0.0,210.9294,3.7173,walk_east_dn.1,velocity_selected,0.0354,1.2,0.0,1.2,0.0,Sidewalk
73.0,87.6706,4.1627,-0.00077,1.2,0.0,210.3294,3.8742,walk_east_dn.1,velocity_selected,0.031,1.2,0.0,1.2,0.0,Sidewalk
73.5,88.2706,4.1622,-0.00077,1.2,0.0,209.7294,4.0012,walk_east_dn.1,velocity_selected,0.0308,1.2,0.0,1.2,0.0,Sidewalk
74.0,88.8706,4.1617,-0.00077,1.2,0.0,209.1294,4.0902,walk_east_dn.1,velocity_selected,0.0304,1.2,0.0,1.2,0.0,Sidewalk
74.5,89.4706,4.1613,-0.00077,1.2,0.0,208.5294,4.1648,walk_east_dn.1,velocity_selected,0.0304,1.2,0.0,1.2,0.0,Sidewalk
75.0,90.0706,4.1608,-0.00077,1.2,0.0,207.9294,4.3206,walk_east_dn.1,velocity_selected,0.03,1.2,0.0,1.2,0.0,Sidewalk
75.5,90.6706,4.1604,-0.00077,1.2,0.0,207.3294,7.7331,walk_east_mid.1,velocity_selected,0.0239,1.2,0.0,1.2,0.0,Sidewalk
76.0,91.2706,4.1599,-0.00077,1.2,0.0,206.7294,7.7001,walk_east_mid.1,velocity_selected,0.0233,1.2,0.0,1.2,0.0,Sidewalk
76.5,91.8706,4.1594,-0.00077,1.2,0.0,206.1294,7.6093,walk_east_mid.1,velocity_selected,0.0236,1.2,0.0,1.2,0.0,Sidewalk
77.0,92.4706,4.159,-0.00077,1.2,0.0,205.5294,7.6249,walk_east_mid.1,velocity_selected,0.0234,1.2,0.0,1.2,0.0,Sidewalk
77.5,93.0706,4.1585,-0.00077,1.2,0.0,204.9294,7.5352,walk_east_mid.1,velocity_selected,0.0238,1.2,0.0,1.2,0.0,Sidewalk
78.0,93.6706,4.158,-0.00077,1.2,0.0,204.3294,7.4397,walk_east_mid.1,velocity_selected,0.024,1.2,0.0,1.2,0.0,Sidewalk
78.5,94.2706,4.1576,-0.00077,1.2,0.0,203.7294,7.3736,walk_east_mid.1,velocity_selected,0.0235,1.2,0.0,1.2,0.0,Sidewalk
79.0,94.8706,4.1571,-0.00077,1.2,0.0,203.1294,7.3952,walk_east_mid.1,velocity_selected,0.0235,1.2,0.0,1.2,0.0,Sidewalk
79.5,95.4706,4.1566,-0.00077,1.2,0.0,202.5294,7.3984,walk_east_mid.1,velocity_selected,0.0234,1.2,0.0,1.2,0.0,Sidewalk
80.0,96.0706,4.1562,-0.00077,1.2,0.0,201.9294,7.3879,walk_east_mid.1,velocity_selected,0.0236,1.2,0.0,1.2,0.0,Sidewalk
80.5,96.6706,4.1557,-0.00077,1.2,0.0,201.3294,7.3245,walk_east_mid.1,velocity_selected,0.0239,1.2,0.0,1.2,0.0,Sidewalk
81.0,97.2706,4.1552,-0.00077,1.2,0.0,200.7294,7.2563,walk_east_mid.1,velocity_selected,0.0239,1.2,0.0,1.2,0.0,Sidewalk
81.5,97.8706,4.1548,-0.00077,1.2,0.0,200.1294,7.2078,walk_east_mid.1,velocity_selected,0.024,1.2,0.0,1.2,0.0,Sidewalk
82.0,98.4706,4.1543,-0.00077,1.2,0.0,199.5294,7.1674,walk_east_mid.1,velocity_selected,0.0238,1.2,0.0,1.2,0.0,Sidewalk
82.5,99.0706,4.1539,-0.00077,1.2,0.0,198.9294,7.1996,walk_east_mid.1,velocity_selected,0.0235,1.2,0.0,1.2,0.0,Sidewalk
83.0,99.6706,4.1534,-0.00077,1.2,0.0,198.3294,7.2291,walk_east_mid.1,velocity_selected,0.0236,1.2,0.0,1.2,0.0,Sidewalk
83.5,100.2706,4.1529,-0.00077,1.2,0.0,197.7294,7.1633,walk_east_mid.1,velocity_selected,0.0238,1.2,0.0,1.2,0.0,Sidewalk
84.0,100.8706,4.1525,-0.00077,1.2,0.0,197.1294,7.1452,walk_east_mid.1,velocity_selected,0.021,1.2,0.0,1.2,0.0,Sidewalk
84.5,101.4706,4.152,-0.00077,1.2,0.0,196.5294,7.1691,walk_east_mid.1,velocity_selected,0.021,1.2,0.0,1.2,0.0,Sidewalk
85.0,102.0706,4.1515,-0.00077,1.2,0.0,195.9294,7.2056,walk_east_mid.1,velocity_selected,0.0208,1.2,0.0,1.2,0.0,Sidewalk
85.5,102.6706,4.1511,-0.00077,1.2,0.0,195.3294,8.8244,walk_east_dn.2,velocity_selected,0.0161,1.2,0.0,1.2,0.0,Sidewalk
86.0,103.2706,4.1506,-0.00077,1.2,0.0,194.7294,8.7028,walk_east_dn.2,velocity_selected,0.0162,1.2,0.0,1.2,0.0,Sidewalk
86.5,103.8706,4.1501,-0.00077,1.2,0.0,194.1294,10.8529,walk_south.0,velocity_selected,0.0118,1.2,0.0,1.2,0.0,Sidewalk
87.0,104.4706,4.1497,-0.00077,1.2,0.0,193.5294,10.8882,walk_south.0,velocity_selected,0.0118,1.2,0.0,1.2,0.0,Sidewalk
87.5,105.0706,4.1492,-0.00077,1.2,0.0,192.9294,10.8954,walk_south.0,velocity_selected,0.0117,1.2,0.0,1.2,0.0,Sidewalk
88.0,105.6706,4.1488,-0.00077,1.2,0.0,192.3294,10.8926,walk_south.0,velocity_selected,0.0117,1.2,0.0,1.2,0.0,Sidewalk
88.5,106.2706,4.1483,-0.00077,1.2,0.0,191.7294,10.9413,walk_south.0,velocity_selected,0.0117,1.2,0.0,1.2,0.0,Sidewalk
89.0,106.8706,4.1478,-0.00077,1.2,0.0,191.1294,10.9716,walk_south.0,velocity_selected,0.0116,1.2,0.0,1.2,0.0,Sidewalk
89.5,107.4706,4.1474,-0.00077,1.2,0.0,190.5294,11.017,walk_south.0,velocity_selected,0.0116,1.2,0.0,1.2,0.0,Sidewalk
90.0,108.0706,4.1469,-0.00077,1.2,0.0,189.9294,11.0801,walk_south.0,velocity_selected,0.0115,1.2,0.0,1.2,0.0,Sidewalk
90.5,108.6706,4.1464,-0.00077,1.2,0.0,189.3294,11.1174,walk_south.0,velocity_selected,0.0115,1.2,0.0,1.2,0.0,Sidewalk
91.0,109.2706,4.146,-0.00077,1.2,0.0,188.7294,11.145,walk_south.0,velocity_selected,0.0115,1.2,0.0,1.2,0.0,Sidewalk
91.5,109.8706,4.1455,-0.00077,1.2,0.0,188.1294,11.1623,walk_south.0,velocity_selected,0.0114,1.2,0.0,1.2,0.0,Sidewalk
92.0,110.4706,4.145,-0.00077,1.2,0.0,187.5294,11.2161,walk_south.0,velocity_selected,0.0114,1.2,0.0,1.2,0.0,Sidewalk
92.5,111.0706,4.1446,-0.00077,1.2,0.0,186.9294,11.2167,walk_south.0,velocity_selected,0.0114,1.2,0.0,1.2,0.0,Sidewalk
93.0,111.6706,4.1441,-0.00077,1.2,0.0,186.3294,11.2427,walk_south.0,velocity_selected,0.0113,1.2,0.0,1.2,0.0,Sidewalk
93.5,112.2706,4.1436,-0.00077,1.2,0.0,185.7294,11.2952,walk_south.0,velocity_selected,0.0113,1.2,0.0,1.2,0.0,Sidewalk
94.0,112.8706,4.1432,-0.00077,1.2,0.0,185.1294,11.3635,walk_south.0,velocity_selected,0.0112,1.2,0.0,1.2,0.0,Sidewalk
94.5,113.4706,4.1427,-0.00077,1.2,0.0,184.5294,11.3959,walk_south.0,velocity_selected,0.0112,1.2,0.0,1.2,0.0,Sidewalk
95.0,114.0706,4.1423,-0.00077,1.2,0.0,183.9294,11.4255,walk_south.0,velocity_selected,0.0112,1.2,0.0,1.2,0.0,Sidewalk
95.5,114.6706,4.1418,-0.00077,1.2,0.0,183.3294,11.4201,walk_south.0,velocity_selected,0.0112,1.2,0.0,1.2,0.0,Sidewalk
96.0,115.2706,4.1413,-0.00077,1.2,0.0,182.7294,11.4389,walk_south.0,velocity_selected,0.0111,1.2,0.0,1.2,0.0,Sidewalk
96.5,115.8706,4.1409,-0.00077,1.2,0.0,182.1294,11.5025,walk_south.0,velocity_selected,0.0111,1.2,0.0,1.2,0.0,Sidewalk
97.0,116.4706,4.1404,-0.00077,1.2,0.0,181.5294,11.5316,walk_south.0,velocity_selected,0.011,1.2,0.0,1.2,0.0,Sidewalk
97.5,117.0706,4.1399,-0.00077,1.2,0.0,180.9294,11.5393,walk_south.0,velocity_selected,0.011,1.2,0.0,1.2,0.0,Sidewalk
98.0,117.6706,4.1395,-0.00077,1.2,0.0,180.3294,inf,,velocity_selected,0.0084,1.2,0.0,1.2,0.0,Sidewalk
98.5,118.2706,4.139,-0.00077,1.2,0.0,179.7294,11.0201,stand_4,velocity_selected,0.0123,1.2,0.0,1.2,0.0,Sidewalk
99.0,118.8706,4.1385,-0.00077,1.2,0.0,179.1294,10.4201,stand_4,velocity_selected,0.0126,1.2,0.0,1.2,0.0,Sidewalk
99.5,119.4706,4.1381,-0.00077,1.2,0.0,178.5294,9.8202,stand_4,velocity_selected,0.013,1.2,0.0,1.2,0.0,Sidewalk
100.0,120.0706,4.1376,-0.00077,1.2,0.0,177.9294,9.2202,stand_4,velocity_selected,0.0135,1.2,0.0,1.2,0.0,Sidewalk
100.5,120.6706,4.1371,-0.00077,1.2,0.0,177.3294,8.6203,stand_4,velocity_selected,0.014,1.2,0.0,1.2,0.0,Sidewalk
101.0,121.2706,4.1367,-0.00077,1.2,0.0,176.7294,8.0203,stand_4,velocity_selected,0.0148,1.2,0.0,1.2,0.0,Sidewalk
101.5,121.8706,4.1362,-0.00077,1.2,0.0,176.1294,7.4204,stand_4,velocity_selected,0.0157,1.2,0.0,1.2,0.0,Sidewalk
102.0,122.4706,4.1358,-0.00077,1.2,0.0,175.5294,6.8205,stand_4,velocity_selected,0.017,1.2,0.0,1.2,0.0,Sidewalk
102.5,123.0706,4.1353,-0.00077,1.2,0.0,174.9294,6.2205,stand_4,velocity_selected,0.0189,1.2,0.0,1.2,0.0,Sidewalk
103.0,123.6706,4.1348,-0.00077,1.2,0.0,174.3294,5.6207,stand_4,velocity_selected,0.0219,1.2,0.0,1.2,0.0,Sidewalk
103.5,124.2706,4.1344,-0.00077,1.2,0.0,173.7294,5.0208,stand_4,velocity_selected,0.0271,1.2,0.0,1.2,0.0,Sidewalk
104.0,124.8706,4.1339,-0.00077,1.2,0.0,173.1294,4.421,stand_4,velocity_selected,0.0388,1.2,0.0,1.2,0.0,Sidewalk
104.5,125.4706,4.1334,-0.00077,1.2,0.0,172.5294,3.8212,stand_4,velocity_selected,0.0875,1.2,0.0,1.2,0.0,Sidewalk
105.0,125.9706,4.1331,-0.00077,1.0,0.0,172.0294,3.3215,stand_4,velocity_selected,0.2874,1.0,0.0,1.0,0.0,Sidewalk
105.5,126.5414,4.318,0.31339,1.2,0.62832,171.4589,2.7653,stand_4,velocity_selected,0.4383,1.2,0.62832,1.2,0.62832,Sidewalk
106.0,127.1124,4.5024,0.3123,1.2,-0.00216,170.8884,2.2315,stand_4,velocity_selected,0.4495,1.2,-0.00216,1.2,-0.00216,Sidewalk
106.5,127.6835,4.6861,0.31122,1.2,-0.00217,170.3178,1.741,stand_4,velocity_selected,0.4607,1.2,-0.00217,1.2,-0.00217,Sidewalk
107.0,128.2549,4.8692,0.31013,1.2,-0.00218,169.7473,1.342,stand_4,velocity_selected,0.4718,1.2,-0.00218,1.2,-0.00218,Sidewalk
107.5,128.8549,4.8661,-0.00512,1.2,-0.6305,169.1473,0.9559,stand_4,velocity_selected,0.1272,1.2,-0.6305,1.2,-0.6305,Sidewalk
108.0,129.4549,4.8631,-0.00512,1.2,0.0,168.5473,0.864,stand_4,velocity_selected,0.127,1.2,0.0,1.2,0.0,Sidewalk
108.5,130.0549,4.86,-0.00512,1.2,0.0,167.9473,1.1398,stand_4,velocity_selected,0.1241,1.2,0.0,1.2,0.0,Sidewalk
109.0,130.6549,4.8569,-0.00512,1.2,0.0,167.3473,1.6037,stand_4,velocity_selected,0.0949,1.2,0.0,1.2,0.0,Sidewalk
109.5,131.2549,4.8539,-0.00512,1.2,0.0,166.7473,2.1364,stand_4,velocity_selected,0.0772,1.2,0.0,1.2,0.0,Sidewalk
110.0,131.8549,4.8508,-0.00512,1.2,0.0,166.1473,2.6976,stand_4,velocity_selected,0.0688,1.2,0.0,1.2,0.0,Sidewalk
110.5,132.4549,4.8477,-0.00512,1.2,0.0,165.5473,3.2726,stand_4,velocity_selected,0.0642,1.2,0.0,1.2,0.0,Sidewalk
111.0,133.0549,4.8446,-0.00512,1.2,0.0,164.9473,3.8552,stand_4,velocity_selected,0.0613,1.2,0.0,1.2,0.0,Sidewalk
111.5,133.6548,4.8416,-0.00512,1.2,0.0,164.3473,4.4424,stand_4,velocity_selected,0.0593,1.2,0.0,1.2,0.0,Sidewalk
112.0,134.2548,4.8385,-0.00512,1.2,0.0,163.7473,5.0327,stand_4,velocity_selected,0.0616,1.2,0.0,1.2,0.0,Sidewalk
112.5,134.8548,4.8354,-0.00512,1.2,0.0,163.1473,5.625,stand_4,velocity_selected,0.0608,1.2,0.0,1.2,0.0,Sidewalk
113.0,135.4548,4.8323,-0.00512,1.2,0.0,162.5473,6.2188,stand_4,velocity_selected,0.0602,1.2,0.0,1.2,0.0,Sidewalk
113.5,136.0548,4.8293,-0.00512,1.2,0.0,161.9473,6.8136,stand_4,velocity_selected,0.0599,1.2,0.0,1.2,0.0,Sidewalk
114.0,136.6548,4.8262,-0.00512,1.2,0.0,161.3473,7.4093,stand_4,velocity_selected,0.0598,1.2,0.0,1.2,0.0,Sidewalk
114.5,137.2548,4.8231,-0.00512,1.2,0.0,160.7473,8.0057,stand_4,velocity_selected,0.0598,1.2,0.0,1.2,0.0,Sidewalk
115.0,137.8548,4.8201,-0.00512,1.2,0.0,160.1473,7.7273,stand_0,velocity_selected,0.0601,1.2,0.0,1.2,0.0,Sidewalk
115.5,138.4548,4.817,-0.00512,1.2,0.0,159.5473,7.1305,stand_0,velocity_selected,0.0608,1.2,0.0,1.2,0.0,Sidewalk
116.0,139.0548,4.8139,-0.00512,1.2,0.0,158.9473,6.5342,stand_0,velocity_selected,0.0619,1.2,0.0,1.2,0.0,Sidewalk
116.5,139.6548,4.8108,-0.00512,1.2,0.0,158.3473,5.9388,stand_0,velocity_selected,0.0637,1.2,0.0,1.2,0.0,Sidewalk
117.0,140.2548,4.8078,-0.00512,1.2,0.0,157.7473,5.3444,stand_0,velocity_selected,0.0668,1.2,0.0,1.2,0.0,Sidewalk
117.5,140.8548,4.8047,-0.00512,1.2,0.0,157.1473,4.7513,stand_0,velocity_selected,0.0725,1.2,0.0,1.2,0.0,Sidewalk
118.0,141.4547,4.8016,-0.00512,1.2,0.0,156.5473,4.1603,stand_0,velocity_selected,0.0848,1.2,0.0,1.2,0.0,Sidewalk
118.5,142.0547,4.7985,-0.00512,1.2,0.0,155.9473,3.5723,stand_0,velocity_selected,0.1133,1.2,0.0,1.2,0.0,Sidewalk
119.0,142.6547,4.7955,-0.00512,1.2,0.0,155.3473,2.989,stand_0,velocity_selected,0.1834,1.2,0.0,1.2,0.0,Sidewalk
119.5,143.2547,4.7924,-0.00512,1.2,0.0,154.7473,2.4139,stand_0,velocity_selected,0.2175,1.2,0.0,1.2,0.0,Sidewalk
120.0,143.8547,4.7893,-0.00512,1.2,0.0,154.1473,1.8547,stand_0,velocity_selected,0.2517,1.2,0.0,1.2,0.0,Sidewalk
120.5,144.4547,4.7863,-0.00512,1.2,0.0,153.5473,1.3314,stand_0,velocity_selected,0.2896,1.2,0.0,1.2,0.0,Sidewalk
121.0,145.0547,4.7832,-0.00512,1.2,0.0,152.9473,0.9086,stand_0,velocity_selected,0.3241,1.2,0.0,1.2,0.0,Sidewalk
121.5,145.6547,4.7801,-0.00512,1.2,0.0,152.3473,0.7737,stand_0,velocity_selected,0.3586,1.2,0.0,1.2,0.0,Sidewalk
122.0,146.2547,4.777,-0.00512,1.2,0.0,151.7473,1.0447,stand_0,velocity_selected,0.3287,1.2,0.0,1.2,0.0,Sidewalk
122.5,146.8547,4.774,-0.00512,1.2,0.0,151.1473,1.518,stand_0,velocity_selected,0.1024,1.2,0.0,1.2,0.0,Sidewalk
123.0,147.4547,4.7709,-0.00512,1.2,0.0,150.5473,2.0585,stand_0,velocity_selected,0.0806,1.2,0.0,1.2,0.0,Sidewalk
123.5,148.0547,4.7678,-0.00512,1.2,0.0,149.9473,2.6249,stand_0,velocity_selected,0.0718,1.2,0.0,1.2,0.0,Sidewalk
124.0,148.6547,4.7648,-0.00512,1.2,0.0,149.3473,3.2036,stand_0,velocity_selected,0.068,1.2,0.0,1.2,0.0,Sidewalk
124.5,149.2546,4.7617,-0.00512,1.2,0.0,148.7473,3.7889,stand_0,velocity_selected,0.0665,1.2,0.0,1.2,0.0,Sidewalk
125.0,149.8546,4.7586,-0.00512,1.2,0.0,148.1473,4.3782,stand_0,velocity_selected,0.0668,1.2,0.0,1.2,0.0,Sidewalk
125.5,150.4546,4.7555,-0.00512,1.2,0.0,147.5473,4.9701,stand_0,velocity_selected,0.069,1.2,0.0,1.2,0.0,Sidewalk
126.0,151.0546,4.7525,-0.00512,1.2,0.0,146.9473,4.664,stand_3,velocity_selected,0.0747,1.2,0.0,1.2,0.0,Sidewalk
126.5,151.6546,4.7494,-0.00512,1.2,0.0,146.3473,4.0722,stand_3,velocity_selected,0.089,1.2,0.0,1.2,0.0,Sidewalk
127.0,152.2546,4.7463,-0.00512,1.2,0.0,145.7473,3.483,stand_3,velocity_selected,0.1305,1.2,0.0,1.2,0.0,Sidewalk
127.5,152.8546,4.7432,-0.00512,1.2,0.0,145.1473,2.8984,stand_3,velocity_selected,0.2766,1.2,0.0,1.2,0.0,Sidewalk
128.0,153.4546,4.7402,-0.00512,1.2,0.0,144.5473,2.3216,stand_3,velocity_selected,0.3621,1.2,0.0,1.2,0.0,Sidewalk
128.5,154.0546,4.7371,-0.00512,1.2,0.0,143.9473,1.7603,stand_3,velocity_selected,0.4477,1.2,0.0,1.2,0.0,Sidewalk
129.0,154.6262,4.9196,0.30904,1.2,0.62832,143.3768,1.3737,stand_3,velocity_selected,0.4756,1.2,0.62832,1.2,0.62832,Sidewalk
129.5,155.2261,4.9157,-0.00641,1.2,-0.6309,142.7768,0.9998,stand_3,velocity_selected,0.1254,1.2,-0.6309,1.2,-0.6309,Sidewalk
130.0,155.8261,4.9119,-0.00641,1.2,0.0,142.1768,0.9121,stand_3,velocity_selected,0.1249,1.2,0.0,1.2,0.0,Sidewalk
130.5,156.4261,4.908,-0.00641,1.2,0.0,141.5768,1.1766,stand_3,velocity_selected,0.1224,1.2,0.0,1.2,0.0,Sidewalk
131.0,157.0261,4.9042,-0.00641,1.2,0.0,140.9768,1.63,stand_3,velocity_selected,0.0984,1.2,0.0,1.2,0.0,Sidewalk
131.5,157.6261,4.9003,-0.00641,1.2,0.0,140.3768,2.1562,stand_3,velocity_selected,0.086,1.2,0.0,1.2,0.0,Sidewalk
132.0,158.2261,4.8965,-0.00641,1.2,0.0,139.7768,2.7133,stand_3,velocity_selected,0.0755,1.2,0.0,1.2,0.0,Sidewalk
132.5,158.8261,4.8926,-0.00641,1.2,0.0,139.1768,3.2855,stand_3,velocity_selected,0.0713,1.2,0.0,1.2,0.0,Sidewalk
133.0,159.4261,4.8888,-0.00641,1.2,0.0,138.5768,3.8661,stand_3,velocity_selected,0.0688,1.2,0.0,1.2,0.0,Sidewalk
133.5,160.026,4.885,-0.00641,1.2,0.0,137.9768,4.4519,stand_3,velocity_selected,0.0673,1.2,0.0,1.2,0.0,Sidewalk
134.0,160.626,4.8811,-0.00641,1.2,0.0,137.3768,5.041,stand_3,velocity_selected,0.0665,1.2,0.0,1.2,0.0,Sidewalk
134.5,161.226,4.8773,-0.00641,1.2,0.0,136.7768,5.6324,stand_3,velocity_selected,0.0661,1.2,0.0,1.2,0.0,Sidewalk
135.0,161.826,4.8734,-0.00641,1.2,0.0,136.1768,6.2255,stand_3,velocity_selected,0.0661,1.2,0.0,1.2,0.0,Sidewalk
135.5,162.426,4.8696,-0.00641,1.2,0.0,135.5768,6.5343,stand_1,velocity_selected,0.0667,1.2,0.0,1.2,0.0,Sidewalk
136.0,163.026,4.8657,-0.00641,1.2,0.0,134.9768,5.9516,stand_1,velocity_selected,0.0678,1.2,0.0,1.2,0.0,Sidewalk
136.5,163.626,4.8619,-0.00641,1.2,0.0,134.3768,5.3726,stand_1,velocity_selected,0.0698,1.2,0.0,1.2,0.0,Sidewalk
137.0,164.226,4.858,-0.00641,1.2,0.0,133.7768,4.7988,stand_1,velocity_selected,0.073,1.2,0.0,1.2,0.0,Sidewalk
137.5,164.8259,4.8542,-0.00641,1.2,0.0,133.1768,4.2323,stand_1,velocity_selected,0.0777,1.2,0.0,1.2,0.0,Sidewalk
138.0,165.4259,4.8503,-0.00641,1.2,0.0,132.5768,3.6764,stand_1,velocity_selected,0.0823,1.2,0.0,1.2,0.0,Sidewalk
138.5,166.0259,4.8465,-0.00641,1.2,0.0,131.9768,3.1368,stand_1,velocity_selected,0.083,1.2,0.0,1.2,0.0,Sidewalk
139.0,166.6259,4.8426,-0.00641,1.2,0.0,131.3768,2.6235,stand_1,velocity_selected,0.0826,1.2,0.0,1.2,0.0,Sidewalk
139.5,167.2259,4.8388,-0.00641,1.2,0.0,130.7768,2.1556,stand_1,velocity_selected,0.0822,1.2,0.0,1.2,0.0,Sidewalk
140.0,167.8259,4.8349,-0.00641,1.2,0.0,130.1768,1.7692,stand_1,velocity_selected,0.0818,1.2,0.0,1.2,0.0,Sidewalk
140.5,168.4259,4.8311,-0.00641,1.2,0.0,129.5768,1.5277,stand_1,velocity_selected,0.0789,1.2,0.0,1.2,0.0,Sidewalk
141.0,169.0259,4.8272,-0.00641,1.2,0.0,128.9768,1.5025,stand_1,velocity_selected,0.0787,1.2,0.0,1.2,0.0,Sidewalk
141.5,169.6258,4.8234,-0.00641,1.2,0.0,128.3768,1.7033,stand_1,velocity_selected,0.0779,1.2,0.0,1.2,0.0,Sidewalk
142.0,170.2258,4.8195,-0.00641,1.2,0.0,127.7768,2.0651,stand_1,velocity_selected,0.0771,1.2,0.0,1.2,0.0,Sidewalk
142.5,170.8258,4.8157,-0.00641,1.2,0.0,127.1768,2.5196,stand_1,velocity_selected,0.0719,1.2,0.0,1.2,0.0,Sidewalk
143.0,171.4258,4.8118,-0.00641,1.2,0.0,126.5768,3.0252,stand_1,velocity_selected,0.068,1.2,0.0,1.2,0.0,Sidewalk
143.5,172.0258,4.808,-0.00641,1.2,0.0,125.9768,3.5603,stand_1,velocity_selected,0.0654,1.2,0.0,1.2,0.0,Sidewalk
144.0,172.6258,4.8041,-0.00641,1.2,0.0,125.3768,4.1133,stand_1,velocity_selected,0.0638,1.2,0.0,1.2,0.0,Sidewalk
144.5,173.2258,4.8003,-0.00641,1.2,0.0,124.7768,4.6779,stand_1,velocity_selected,0.0628,1.2,0.0,1.2,0.0,Sidewalk
145.0,173.8258,4.7964,-0.00641,1.2,0.0,124.1768,5.2504,stand_1,velocity_selected,0.0625,1.2,0.0,1.2,0.0,Sidewalk
145.5,174.4258,4.7926,-0.00641,1.2,0.0,123.5768,5.8284,stand_1,velocity_selected,0.0628,1.2,0.0,1.2,0.0,Sidewalk
146.0,175.0257,4.7887,-0.00641,1.2,0.0,122.9768,6.163,stand_2,velocity_selected,0.0638,1.2,0.0,1.2,0.0,Sidewalk
146.5,175.6257,4.7849,-0.00641,1.2,0.0,122.3768,5.5678,stand_2,velocity_selected,0.0659,1.2,0.0,1.2,0.0,Sidewalk
147.0,176.2257,4.781,-0.00641,1.2,0.0,121.7768,4.9736,stand_2,velocity_selected,0.0742,1.2,0.0,1.2,0.0,Sidewalk
147.5,176.8257,4.7772,-0.00641,1.2,0.0,121.1768,4.3811,stand_2,velocity_selected,0.0835,1.2,0.0,1.2,0.0,Sidewalk
148.0,177.4257,4.7734,-0.00641,1.2,0.0,120.5768,3.7909,stand_2,velocity_selected,0.107,1.2,0.0,1.2,0.0,Sidewalk
148.5,178.0257,4.7695,-0.00641,1.2,0.0,119.9768,3.2044,stand_2,velocity_selected,0.213,1.2,0.0,1.2,0.0,Sidewalk
149.0,178.6257,4.7657,-0.00641,1.2,0.0,119.3768,2.624,stand_2,velocity_selected,0.2786,1.2,0.0,1.2,0.0,Sidewalk
149.5,179.2257,4.7618,-0.00641,1.2,0.0,118.7768,2.0549,stand_2,velocity_selected,0.3444,1.2,0.0,1.2,0.0,Sidewalk
150.0,179.8256,4.758,-0.00641,1.2,0.0,118.1768,1.5098,stand_2,velocity_selected,0.4105,1.2,0.0,1.2,0.0,Sidewalk
150.5,180.4256,4.7541,-0.00641,1.2,0.0,117.5768,1.0279,stand_2,velocity_selected,0.4768,1.2,0.0,1.2,0.0,Sidewalk
151.0,180.9974,4.9359,0.30775,1.2,0.62832,117.0063,0.9318,stand_2,velocity_selected,0.5064,1.2,0.62832,1.2,0.62832,Sidewalk
151.5,181.5974,4.9311,-0.008,1.2,-0.63149,116.4063,1.0239,stand_2,velocity_selected,0.1322,1.2,-0.63149,1.2,-0.63149,Sidewalk
152.0,182.1974,4.9263,-0.008,1.2,0.0,115.8063,1.3959,stand_2,velocity_selected,0.1234,1.2,0.0,1.2,0.0,Sidewalk
152.5,182.7974,4.9215,-0.008,1.2,0.0,115.2063,1.8891,stand_2,velocity_selected,0.1069,1.2,0.0,1.2,0.0,Sidewalk
153.0,183.3974,4.9167,-0.008,1.2,0.0,114.6063,2.4308,stand_2,velocity_selected,0.1007,1.2,0.0,1.2,0.0,Sidewalk
153.5,183.9973,4.9119,-0.008,1.2,0.0,114.0063,2.9948,stand_2,velocity_selected,0.0973,1.2,0.0,1.2,0.0,Sidewalk
154.0,184.5973,4.9071,-0.008,1.2,0.0,113.4063,2.8574,stand_5,velocity_selected,0.0937,1.2,0.0,1.2,0.0,Sidewalk
154.5,185.1973,4.9023,-0.008,1.2,0.0,112.8063,2.3746,stand_5,velocity_selected,0.0912,1.2,0.0,1.2,0.0,Sidewalk
155.0,185.7973,4.8975,-0.008,1.2,0.0,112.2063,1.9577,stand_5,velocity_selected,0.0894,1.2,0.0,1.2,0.0,Sidewalk
155.5,186.3973,4.8927,-0.008,1.2,0.0,111.6063,1.6573,stand_5,velocity_selected,0.088,1.2,0.0,1.2,0.0,Sidewalk
156.0,186.9972,4.8879,-0.008,1.2,0.0,111.0063,1.5429,stand_5,velocity_selected,0.0869,1.2,0.0,1.2,0.0,Sidewalk
156.5,187.5972,4.8831,-0.008,1.2,0.0,110.4063,1.6536,stand_5,velocity_selected,0.0859,1.2,0.0,1.2,0.0,Sidewalk
157.0,188.1972,4.8783,-0.008,1.2,0.0,109.8063,1.9515,stand_5,velocity_selected,0.0826,1.2,0.0,1.2,0.0,Sidewalk
157.5,188.7972,4.8735,-0.008,1.2,0.0,109.2063,2.3669,stand_5,velocity_selected,0.0769,1.2,0.0,1.2,0.0,Sidewalk
158.0,189.3972,4.8687,-0.008,1.2,0.0,108.6063,2.8489,stand_5,velocity_selected,0.0719,1.2,0.0,1.2,0.0,Sidewalk
158.5,189.9972,4.8639,-0.008,1.2,0.0,108.0063,3.369,stand_5,velocity_selected,0.0682,1.2,0.0,1.2,0.0,Sidewalk
159.0,190.5971,4.8591,-0.008,1.2,0.0,107.4063,3.912,stand_5,velocity_selected,0.0654,1.2,0.0,1.2,0.0,Sidewalk
159.5,191.1971,4.8543,-0.008,1.2,0.0,106.8063,4.4696,stand_5,velocity_selected,0.0632,1.2,0.0,1.2,0.0,Sidewalk
160.0,191.7971,4.8495,-0.008,1.2,0.0,106.2063,5.037,stand_5,velocity_selected,0.0615,1.2,0.0,1.2,0.0,Sidewalk
160.5,192.3971,4.8447,-0.008,1.2,0.0,105.6063,5.6112,stand_5,velocity_selected,0.0602,1.2,0.0,1.2,0.0,Sidewalk
161.0,192.9971,4.8399,-0.008,1.2,0.0,105.0063,6.1903,stand_5,velocity_selected,0.059,1.2,0.0,1.2,0.0,Sidewalk
161.5,193.597,4.8351,-0.008,1.2,0.0,104.4063,6.773,stand_5,velocity_selected,0.058,1.2,0.0,1.2,0.0,Sidewalk
162.0,194.197,4.8303,-0.008,1.2,0.0,103.8063,7.3585,stand_5,velocity_selected,0.0546,1.2,0.0,1.2,0.0,Sidewalk
162.5,194.797,4.8255,-0.008,1.2,0.0,103.2063,7.9461,stand_5,velocity_selected,0.0539,1.2,0.0,1.2,0.0,Sidewalk
163.0,195.397,4.8207,-0.008,1.2,0.0,102.6063,8.5355,stand_5,velocity_selected,0.0532,1.2,0.0,1.2,0.0,Sidewalk
163.5,195.997,4.8159,-0.008,1.2,0.0,102.0063,9.1263,stand_5,velocity_selected,0.0527,1.2,0.0,1.2,0.0,Sidewalk
164.0,196.5969,4.8111,-0.008,1.2,0.0,101.4063,9.7182,stand_5,velocity_selected,0.0521,1.2,0.0,1.2,0.0,Sidewalk
164.5,197.1969,4.8063,-0.008,1.2,0.0,100.8063,10.311,stand_5,velocity_selected,0.0586,1.2,0.0,1.2,0.0,Sidewalk
165.0,197.7969,4.8015,-0.008,1.2,0.0,100.2063,9.5374,walk_west_up.4,velocity_selected,0.0609,1.2,0.0,1.2,0.0,Sidewalk
165.5,198.3969,4.7967,-0.008,1.2,0.0,99.6063,8.4653,walk_west_up.4,velocity_selected,0.0644,1.2,0.0,1.2,0.0,Sidewalk
166.0,198.9969,4.7919,-0.008,1.2,0.0,99.0063,7.3985,walk_west_up.4,velocity_selected,0.0764,1.2,0.0,1.2,0.0,Sidewalk
166.5,199.4968,4.7879,-0.008,1.0,0.0,98.5063,6.4045,walk_west_up.4,velocity_selected,0.3081,1.0,0.0,1.0,0.0,Sidewalk
167.0,200.066,4.5979,-0.32216,1.2,-0.62832,97.9358,5.3232,walk_west_up.4,velocity_selected,0.4754,1.2,-0.62832,1.2,-0.62832,Sidewalk
167.5,200.666,4.5943,-0.00611,1.2,0.6321,97.3358,inf,,velocity_selected,0.0357,1.2,0.6321,1.2,0.6321,Sidewalk
168.0,201.266,4.5906,-0.00611,1.2,0.0,96.7358,inf,,velocity_selected,0.0354,1.2,0.0,1.2,0.0,Sidewalk
168.5,201.8659,4.5869,-0.00611,1.2,0.0,96.1358,10.7665,walk_west_dn.4,velocity_selected,0.0415,1.2,0.0,1.2,0.0,Sidewalk
169.0,202.4659,4.5833,-0.00611,1.2,0.0,95.5358,9.6739,walk_west_dn.4,velocity_selected,0.0529,1.2,0.0,1.2,0.0,Sidewalk
169.5,203.0659,4.5796,-0.00611,1.2,0.0,94.9358,8.5854,walk_west_dn.4,velocity_selected,0.0598,1.2,0.0,1.2,0.0,Sidewalk
170.0,203.6659,4.5759,-0.00611,1.2,0.0,94.3358,7.5472,walk_west_dn.4,velocity_selected,0.0715,1.2,0.0,1.2,0.0,Sidewalk
170.5,204.1659,4.5729,-0.00611,1.0,0.0,93.8358,6.6082,walk_west_dn.4,velocity_selected,0.3109,1.0,0.0,1.0,0.0,Sidewalk
171.0,204.7377,4.7548,0.30805,1.2,0.62832,93.2654,5.678,walk_west_dn.4,velocity_selected,0.4647,1.2,0.62832,1.2,0.62832,Sidewalk
171.5,205.3376,4.75,-0.00809,1.2,-0.63229,92.6654,4.7026,walk_west_dn.4,velocity_selected,0.3798,1.2,-0.63229,1.2,-0.63229,Sidewalk
172.0,205.9376,4.7451,-0.00809,1.2,0.0,92.0654,3.5634,walk_west_mid.3,velocity_selected,0.4805,1.2,0.0,1.2,0.0,Sidewalk
172.5,206.5097,4.9259,0.30607,1.2,0.62832,91.495,2.5101,walk_west_mid.3,velocity_selected,0.4961,1.2,0.62832,1.2,0.62832,Sidewalk
173.0,207.1097,4.9198,-0.01012,1.2,-0.63237,90.895,1.5048,walk_west_mid.3,velocity_selected,0.1512,1.2,-0.63237,1.2,-0.63237,Sidewalk
173.5,207.7097,4.9137,-0.01012,1.2,0.0,90.295,0.8988,walk_west_mid.3,velocity_selected,0.1572,1.2,0.0,1.2,0.0,Sidewalk
174.0,208.3096,4.9077,-0.01012,1.2,0.0,89.695,1.5117,walk_west_mid.3,velocity_selected,0.1416,1.2,0.0,1.2,0.0,Sidewalk
174.5,208.9096,4.9016,-0.01012,1.2,0.0,89.095,2.3722,walk_west_dn.4,velocity_selected,0.1106,1.2,0.0,1.2,0.0,Sidewalk
175.0,209.5096,4.8955,-0.01012,1.2,0.0,88.495,3.2167,walk_west_dn.4,velocity_selected,0.1176,1.2,0.0,1.2,0.0,Sidewalk
175.5,210.0096,4.8905,-0.01012,1.0,0.0,87.995,4.116,walk_west_dn.4,velocity_selected,0.3337,1.0,0.0,1.0,0.0,Sidewalk
176.0,210.5783,4.6993,-0.32428,1.2,-0.62832,87.4245,5.0408,walk_west_dn.4,velocity_selected,0.5732,1.2,-0.62832,1.2,-0.62832,Sidewalk
176.5,211.1474,4.5093,-0.32216,1.2,0.00424,86.8541,4.1899,walk_west_up.5,velocity_selected,0.4993,1.2,0.00424,1.2,0.00424,Sidewalk
177.0,211.717,4.3206,-0.32002,1.2,0.00427,86.2836,3.1598,walk_west_up.5,velocity_selected,0.483,1.2,0.00427,1.2,0.00427,Sidewalk
177.5,212.2869,4.133,-0.31787,1.2,0.0043,85.7132,2.074,walk_west_up.5,velocity_selected,0.5991,1.2,0.0043,1.2,0.0043,Sidewalk
178.0,212.8572,3.9467,-0.31571,1.2,0.00433,85.1428,1.1622,walk_west_up.5,velocity_selected,0.544,1.2,0.00433,1.2,0.00433,Sidewalk
178.5,213.428,3.7617,-0.31353,1.2,0.00436,84.5723,0.934,walk_west_up.5,velocity_selected,0.4916,1.2,0.00436,1.2,0.00436,Sidewalk
179.0,214.028,3.7634,0.00282,1.2,0.6327,83.9723,1.5853,walk_west_up.5,velocity_selected,0.1095,1.2,0.6327,1.2,0.6327,Sidewalk
179.5,214.528,3.7648,0.00282,1.0,0.0,83.4723,2.4532,walk_west_up.5,velocity_selected,0.301,1.0,0.0,1.0,0.0,Sidewalk
180.0,215.0981,3.9518,0.31698,1.2,0.62832,82.9019,3.3917,walk_west_up.5,velocity_selected,0.4255,1.2,0.62832,1.2,0.62832,Sidewalk
180.5,215.6686,4.1376,0.31474,1.2,-0.00447,82.3315,4.0631,walk_west_dn.5,velocity_selected,0.4262,1.2,-0.00447,1.2,-0.00447,Sidewalk
181.0,216.2686,4.1365,-0.00167,1.2,-0.63282,81.7315,2.9872,walk_west_dn.5,velocity_selected,0.1475,1.2,-0.63282,1.2,-0.63282,Sidewalk
181.5,216.8686,4.1355,-0.00167,1.2,0.0,81.1315,1.9803,walk_west_dn.5,velocity_selected,0.1559,1.2,0.0,1.2,0.0,Sidewalk
182.0,217.4686,4.1345,-0.00167,1.2,0.0,80.5315,1.0814,walk_west_dn.5,velocity_selected,0.1659,1.2,0.0,1.2,0.0,Sidewalk
182.5,218.0686,4.1335,-0.00167,1.2,0.0,79.9315,0.84,walk_west_dn.5,velocity_selected,0.1758,1.2,0.0,1.2,0.0,Sidewalk
183.0,218.6686,4.1325,-0.00167,1.2,0.0,79.3315,1.5545,walk_west_dn.5,velocity_selected,0.069,1.2,0.0,1.2,0.0,Sidewalk
183.5,219.2686,4.1315,-0.00167,1.2,0.0,78.7315,2.5004,walk_west_dn.5,velocity_selected,0.0427,1.2,0.0,1.2,0.0,Sidewalk
184.0,219.8686,4.1305,-0.00167,1.2,0.0,78.1315,3.507,walk_west_dn.5,velocity_selected,0.038,1.2,0.0,1.2,0.0,Sidewalk
184.5,220.4686,4.1295,-0.00167,1.2,0.0,77.5315,4.526,walk_west_dn.5,velocity_selected,0.0472,1.2,0.0,1.2,0.0,Sidewalk
185.0,221.0686,4.1285,-0.00167,1.2,0.0,76.9315,5.5685,walk_west_dn.5,velocity_selected,0.1013,1.2,0.0,1.2,0.0,Sidewalk
185.5,221.5686,4.1277,-0.00167,1.0,0.0,76.4315,5.8451,walk_west_up.6,velocity_selected,0.4044,1.0,0.0,1.0,0.0,Sidewalk
186.0,222.1389,3.9413,-0.31583,1.2,-0.62832,75.8611,4.8379,walk_west_up.6,velocity_selected,0.4594,1.2,-0.62832,1.2,-0.62832,Sidewalk
186.5,222.7097,3.7564,-0.31339,1.2,0.00489,75.2907,3.8469,walk_west_up.6,velocity_selected,0.4836,1.2,0.00489,1.2,0.00489,Sidewalk
187.0,223.2809,3.5728,-0.31092,1.2,0.00493,74.7203,2.8301,walk_west_up.6,velocity_selected,0.5006,1.2,0.00493,1.2,0.00493,Sidewalk
187.5,223.8526,3.3907,-0.30844,1.2,0.00496,74.1499,2.0178,walk_west_up.6,velocity_selected,0.5219,1.2,0.00496,1.2,0.00496,Sidewalk
188.0,224.4248,3.2099,-0.30594,1.2,0.005,73.5795,1.5321,walk_west_up.6,velocity_selected,0.5439,1.2,0.005,1.2,0.005,Sidewalk
188.5,224.9019,3.0605,-0.30342,1.0,0.00504,73.1041,1.714,walk_west_up.6,velocity_selected,0.5887,1.0,0.00504,1.0,0.00504,Sidewalk
189.0,225.2334,3.173,0.32701,0.7,1.26086,72.7713,1.0568,walk_west_mid.4,velocity_selected,0.8979,0.7,1.26086,0.7,1.26086,Sidewalk
189.5,225.6152,3.0537,-0.30279,0.8,-1.25961,72.391,1.014,walk_west_mid.4,velocity_selected,0.8922,0.8,-1.25961,0.8,-1.25961,Sidewalk
190.0,226.0616,3.375,0.62394,1.1,1.85346,71.9412,1.526,walk_west_mid.4,velocity_selected,0.8815,1.1,1.85346,1.1,1.85346,Sidewalk
190.5,226.55,3.7234,0.61955,1.2,-0.00877,71.4505,1.8674,walk_west_dn.6,velocity_selected,0.9054,1.2,-0.00877,1.2,-0.00877,Sidewalk
191.0,227.0402,4.0695,0.61474,1.2,-0.00963,70.9598,1.116,walk_west_dn.6,velocity_selected,0.8332,1.2,-0.00963,1.2,-0.00963,Sidewalk
191.5,227.611,4.2543,0.31318,1.2,-0.60311,70.3895,0.9238,walk_west_dn.6,velocity_selected,0.4766,1.2,-0.60311,1.2,-0.60311,Sidewalk
192.0,228.211,4.2522,-0.00361,1.2,-0.63359,69.7895,1.007,walk_west_dn.6,velocity_selected,0.0955,1.2,-0.63359,1.2,-0.63359,Sidewalk
192.5,228.811,4.25,-0.00361,1.2,0.0,69.1895,1.3765,walk_west_dn.6,velocity_selected,0.0884,1.2,0.0,1.2,0.0,Sidewalk
193.0,229.411,4.2478,-0.00361,1.2,0.0,68.5895,2.29,walk_west_dn.6,velocity_selected,0.0572,1.2,0.0,1.2,0.0,Sidewalk
193.5,230.011,4.2457,-0.00361,1.2,0.0,67.9895,3.3101,walk_west_dn.6,velocity_selected,0.0511,1.2,0.0,1.2,0.0,Sidewalk
194.0,230.611,4.2435,-0.00361,1.2,0.0,67.3895,4.3131,walk_west_dn.6,velocity_selected,0.0542,1.2,0.0,1.2,0.0,Sidewalk
194.5,231.211,4.2413,-0.00361,1.2,0.0,66.7895,5.4048,walk_west_dn.6,velocity_selected,0.0917,1.2,0.0,1.2,0.0,Sidewalk
195.0,231.7809,4.0538,-0.31777,1.2,-0.62832,66.2191,5.8029,walk_west_up.7,velocity_selected,0.4177,1.2,-0.62832,1.2,-0.62832,Sidewalk
195.5,232.3514,3.868,-0.31497,1.2,0.0056,65.6487,4.7834,walk_west_up.7,velocity_selected,0.4276,1.2,0.0056,1.2,0.0056,Sidewalk
196.0,232.9514,3.8692,0.00201,1.2,0.63397,65.0487,3.6934,walk_west_up.7,velocity_selected,0.1077,1.2,0.63397,1.2,0.63397,Sidewalk
196.5,233.5514,3.8704,0.00201,1.2,0.0,64.4487,2.6536,walk_west_up.7,velocity_selected,0.1131,1.2,0.0,1.2,0.0,Sidewalk
197.0,234.1514,3.8716,0.00201,1.2,0.0,63.8487,1.6708,walk_west_up.7,velocity_selected,0.1243,1.2,0.0,1.2,0.0,Sidewalk
197.5,234.6514,3.8726,0.00201,1.0,0.0,63.3487,0.8988,walk_west_up.7,velocity_selected,0.3497,1.0,0.0,1.0,0.0,Sidewalk
198.0,235.2217,4.0592,0.31617,1.2,0.62832,62.7783,0.9391,walk_west_up.7,velocity_selected,0.491,1.2,0.62832,1.2,0.62832,Sidewalk
198.5,235.8217,4.0586,-0.00094,1.2,-0.63423,62.1783,1.9589,walk_west_up.7,velocity_selected,0.3801,1.2,-0.63423,1.2,-0.63423,Sidewalk
199.0,236.3925,4.2435,0.31322,1.2,0.62832,61.608,2.9423,walk_west_up.7,velocity_selected,0.4427,1.2,0.62832,1.2,0.62832,Sidewalk
199.5,236.9925,4.2411,-0.00395,1.2,-0.63434,61.008,2.2507,walk_west_dn.7,velocity_selected,0.0962,1.2,-0.63434,1.2,-0.63434,Sidewalk
200.0,237.5925,4.2387,-0.00395,1.2,0.0,60.408,1.3181,walk_west_dn.7,velocity_selected,0.0932,1.2,0.0,1.2,0.0,Sidewalk
200.5,238.1925,4.2363,-0.00395,1.2,0.0,59.808,0.8955,walk_west_dn.7,velocity_selected,0.0984,1.2,0.0,1.2,0.0,Sidewalk
201.0,238.7925,4.234,-0.00395,1.2,0.0,59.208,1.1229,walk_west_dn.7,velocity_selected,0.1001,1.2,0.0,1.2,0.0,Sidewalk
201.5,239.3925,4.2316,-0.00395,1.2,0.0,58.608,1.9511,walk_west_dn.7,velocity_selected,0.0671,1.2,0.0,1.2,0.0,Sidewalk
202.0,239.9925,4.2292,-0.00395,1.2,0.0,58.008,2.934,walk_west_dn.7,velocity_selected,0.0743,1.2,0.0,1.2,0.0,Sidewalk
202.5,240.4925,4.2273,-0.00395,1.0,0.0,57.508,3.8887,walk_west_dn.7,velocity_selected,0.2981,1.0,0.0,1.0,0.0,Sidewalk
203.0,241.0638,4.4104,0.31021,1.2,0.62832,56.9377,4.8981,walk_west_dn.7,velocity_selected,0.4698,1.2,0.62832,1.2,0.62832,Sidewalk
203.5,241.6358,4.5917,0.30695,1.2,-0.00651,56.3673,4.1822,walk_west_mid.5,velocity_selected,0.4873,1.2,-0.00651,1.2,-0.00651,Sidewalk
204.0,242.2083,4.7711,0.30366,1.2,-0.00658,55.797,3.1136,walk_west_mid.5,velocity_selected,0.5126,1.2,-0.00658,1.2,-0.00658,Sidewalk
204.5,242.7815,4.9486,0.30034,1.2,-0.00665,55.2267,2.1598,walk_west_mid.5,velocity_selected,0.5374,1.2,-0.00665,1.2,-0.00665,Sidewalk
205.0,243.2314,4.9409,-0.01718,0.9,-0.63503,54.7767,1.3308,walk_west_mid.5,velocity_selected,0.9952,0.9,-0.63503,0.9,-0.63503,Sidewalk
205.5,243.5551,4.7059,-0.62804,0.8,-1.22173,54.4495,0.697,walk_west_mid.5,velocity_selected,1.0363,0.8,-1.22173,0.8,-1.22173,Sidewalk
206.0,243.9609,4.4138,-0.62383,1.0,0.00843,54.0407,1.003,walk_west_mid.5,velocity_selected,0.8751,1.0,0.00843,1.0,0.00843,Sidewalk
206.5,244.3683,4.1239,-0.61852,1.0,0.01061,53.6319,1.9314,walk_west_mid.5,velocity_selected,0.8201,1.0,0.01061,1.0,0.01061,Sidewalk
207.0,244.7772,3.8361,-0.61318,1.0,0.01069,53.2231,1.3815,walk_west_up.8,velocity_selected,0.8237,1.0,0.01069,1.0,0.01069,Sidewalk
207.5,245.1876,3.5506,-0.60779,1.0,0.01078,52.8143,1.1457,walk_west_up.8,velocity_selected,0.8379,1.0,0.01078,1.0,0.01078,Sidewalk
208.0,245.7567,3.7409,0.32267,1.2,1.86091,52.244,1.3593,walk_west_up.8,velocity_selected,0.5063,1.2,1.86091,1.2,1.86091,Sidewalk
208.5,246.3264,3.9291,0.31912,1.2,-0.0071,51.6737,2.1898,walk_west_up.8,velocity_selected,0.476,1.2,-0.0071,1.2,-0.0071,Sidewalk
209.0,246.8968,4.1153,0.31553,1.2,-0.00718,51.1034,1.477,walk_west_dn.8,velocity_selected,0.471,1.2,-0.00718,1.2,-0.00718,Sidewalk
209.5,247.4968,4.114,-0.00226,1.2,-0.63557,50.5034,0.7831,walk_west_dn.8,velocity_selected,0.3109,1.2,-0.63557,1.2,-0.63557,Sidewalk
210.0,248.0968,4.1126,-0.00226,1.2,0.0,49.9034,0.8966,walk_west_dn.8,velocity_selected,0.3269,1.2,0.0,1.2,0.0,Sidewalk
210.5,248.6967,4.1112,-0.00226,1.2,0.0,49.3034,1.476,walk_west_dn.8,velocity_selected,0.0717,1.2,0.0,1.2,0.0,Sidewalk
211.0,249.2967,4.1099,-0.00226,1.2,0.0,48.7034,2.4392,walk_west_dn.8,velocity_selected,0.0381,1.2,0.0,1.2,0.0,Sidewalk
211.5,249.8967,4.1085,-0.00226,1.2,0.0,48.1034,3.4346,walk_west_dn.8,velocity_selected,0.026,1.2,0.0,1.2,0.0,Sidewalk
212.0,250.4967,4.1072,-0.00226,1.2,0.0,47.5034,4.5259,walk_west_dn.8,velocity_selected,0.0281,1.2,0.0,1.2,0.0,Sidewalk
212.5,251.0967,4.1058,-0.00226,1.2,0.0,46.9034,5.5582,walk_west_dn.8,velocity_selected,0.028,1.2,0.0,1.2,0.0,Sidewalk
213.0,251.6967,4.1045,-0.00226,1.2,0.0,46.3034,6.6504,walk_west_dn.8,velocity_selected,0.0362,1.2,0.0,1.2,0.0,Sidewalk
213.5,252.2967,4.1031,-0.00226,1.2,0.0,45.7034,7.7137,walk_west_up.9,velocity_selected,0.0527,1.2,0.0,1.2,0.0,Sidewalk
214.0,252.8967,4.1018,-0.00226,1.2,0.0,45.1034,6.6543,walk_west_up.9,velocity_selected,0.0745,1.2,0.0,1.2,0.0,Sidewalk
214.5,253.467,3.9151,-0.31642,1.2,-0.62832,44.5331,5.5717,walk_west_up.9,velocity_selected,0.4287,1.2,-0.62832,1.2,-0.62832,Sidewalk
215.0,254.067,3.9162,0.00191,1.2,0.63665,43.9331,4.4185,walk_west_up.9,velocity_selected,0.2348,1.2,0.63665,1.2,0.63665,Sidewalk
215.5,254.567,3.9172,0.00191,1.0,0.0,43.4331,3.3929,walk_west_up.9,velocity_selected,0.5003,1.0,0.0,1.0,0.0,Sidewalk
216.0,254.9476,3.7943,-0.31225,0.8,-0.62832,43.0529,2.569,walk_west_up.9,velocity_selected,0.6401,0.8,-0.62832,0.8,-0.62832,Sidewalk
216.5,255.3586,3.5095,-0.60609,1.0,-0.58767,42.6443,1.8907,walk_west_up.9,velocity_selected,0.8116,1.0,-0.58767,1.0,-0.58767,Sidewalk
217.0,255.927,3.7014,0.32566,1.2,1.8635,42.074,1.0543,walk_west_up.9,velocity_selected,0.5267,1.2,1.8635,1.2,1.8635,Sidewalk
217.5,256.4963,3.8909,0.32126,1.2,-0.00881,41.5038,1.0746,walk_west_up.9,velocity_selected,0.5276,1.2,-0.00881,1.2,-0.00881,Sidewalk
218.0,257.0665,4.0778,0.31679,1.2,-0.00893,40.9336,1.4074,walk_west_dn.9,velocity_selected,0.5191,1.2,-0.00893,1.2,-0.00893,Sidewalk
218.5,257.6374,4.2621,0.31226,1.2,-0.00906,40.3634,0.9386,walk_west_dn.9,velocity_selected,0.5248,1.2,-0.00906,1.2,-0.00906,Sidewalk
219.0,258.2093,4.4438,0.30767,1.2,-0.00919,39.7932,1.1718,walk_west_dn.9,velocity_selected,0.5206,1.2,-0.00919,1.2,-0.00919,Sidewalk
219.5,258.7819,4.6228,0.30301,1.2,-0.00932,39.223,1.8527,walk_west_dn.9,velocity_selected,0.495,1.2,-0.00932,1.2,-0.00932,Sidewalk
220.0,259.3554,4.7992,0.29828,1.2,-0.00945,38.6528,2.7618,walk_west_dn.9,velocity_selected,0.4886,1.2,-0.00945,1.2,-0.00945,Sidewalk
220.5,259.9553,4.7868,-0.02068,1.2,-0.63791,38.0528,1.9326,walk_west_mid.6,velocity_selected,0.3628,1.2,-0.63791,1.2,-0.63791,Sidewalk
221.0,260.5552,4.7744,-0.02068,1.2,0.0,37.4528,0.9929,walk_west_mid.6,velocity_selected,0.4031,1.2,0.0,1.2,0.0,Sidewalk
221.5,261.1551,4.762,-0.02068,1.2,0.0,36.8528,0.944,walk_west_mid.6,velocity_selected,0.4441,1.2,0.0,1.2,0.0,Sidewalk
222.0,261.7549,4.7496,-0.02068,1.2,0.0,36.2528,1.8472,walk_west_mid.6,velocity_selected,0.1025,1.2,0.0,1.2,0.0,Sidewalk
222.5,262.3548,4.7371,-0.02068,1.2,0.0,35.6528,2.9566,walk_west_mid.6,velocity_selected,0.0863,1.2,0.0,1.2,0.0,Sidewalk
223.0,262.9547,4.7247,-0.02068,1.2,0.0,35.0528,4.0757,walk_west_mid.6,velocity_selected,0.0917,1.2,0.0,1.2,0.0,Sidewalk
223.5,263.5545,4.7123,-0.02068,1.2,0.0,34.4528,5.2728,walk_west_mid.6,velocity_selected,0.1574,1.2,0.0,1.2,0.0,Sidewalk
224.0,264.1289,4.8859,0.29348,1.2,0.62832,33.8827,5.7294,walk_west_up.10,velocity_selected,0.5017,1.2,0.62832,1.2,0.62832,Sidewalk
224.5,264.5531,4.7357,-0.34031,0.9,-1.26758,33.455,4.8414,walk_west_up.10,velocity_selected,0.8,0.9,-1.26758,0.9,-1.26758,Sidewalk
225.0,265.1277,4.9085,0.29217,1.2,1.26495,32.8849,3.7577,walk_west_up.10,velocity_selected,0.7871,1.2,1.26495,1.2,1.26495,Sidewalk
225.5,265.3656,4.4688,-0.75503,1.0,-2.0944,32.6378,3.0566,walk_west_up.10,velocity_selected,1.2694,1.0,-2.0944,1.0,-2.0944,Sidewalk
226.0,265.5706,4.8123,0.29217,0.8,2.0944,32.4396,2.2935,walk_west_up.10,velocity_selected,1.2025,0.8,2.0944,0.8,2.0944,Sidewalk
226.5,265.6016,4.3132,-0.75503,1.0,-2.0944,32.3999,1.8019,walk_west_up.10,velocity_selected,1.6157,1.0,-2.0944,1.0,-2.0944,Sidewalk
227.0,265.6404,3.8147,-1.4932,1.0,-1.47633,32.3601,1.5102,walk_west_up.10,velocity_selected,1.6185,1.0,-1.47633,1.0,-1.47633,Sidewalk
227.5,266.21,4.0034,-0.446,1.2,2.0944,31.79,0.7052,walk_west_up.10,velocity_selected,1.038,1.2,2.0944,1.2,2.0944,Sidewalk
228.0,266.7806,4.1888,0.31405,1.2,1.5201,31.2199,0.8832,walk_west_dn.10,velocity_selected,0.968,1.2,1.5201,1.2,1.5201,Sidewalk
228.5,267.3806,4.1851,-0.00605,1.2,-0.6402,30.6199,1.1335,walk_west_dn.10,velocity_selected,0.1133,1.2,-0.6402,1.2,-0.6402,Sidewalk
229.0,267.9806,4.1815,-0.00605,1.2,0.0,30.0199,2.0077,walk_west_dn.10,velocity_selected,0.0543,1.2,0.0,1.2,0.0,Sidewalk
229.5,268.5806,4.1779,-0.00605,1.2,0.0,29.4199,3.0291,walk_west_dn.10,velocity_selected,0.035,1.2,0.0,1.2,0.0,Sidewalk
230.0,269.1806,4.1743,-0.00605,1.2,0.0,28.8199,4.0455,walk_west_dn.10,velocity_selected,0.0274,1.2,0.0,1.2,0.0,Sidewalk
230.5,269.7806,4.1706,-0.00605,1.2,0.0,28.2199,5.069,walk_west_dn.10,velocity_selected,0.0232,1.2,0.0,1.2,0.0,Sidewalk
231.0,270.3806,4.167,-0.00605,1.2,0.0,27.6199,6.1312,walk_west_dn.10,velocity_selected,0.0205,1.2,0.0,1.2,0.0,Sidewalk
231.5,270.9805,4.1634,-0.00605,1.2,0.0,27.0199,7.1389,walk_west_dn.10,velocity_selected,0.0187,1.2,0.0,1.2,0.0,Sidewalk
232.0,271.5805,4.1597,-0.00605,1.2,0.0,26.4199,8.2379,walk_west_dn.10,velocity_selected,0.0318,1.2,0.0,1.2,0.0,Sidewalk
232.5,272.1805,4.1561,-0.00605,1.2,0.0,25.8199,9.3361,walk_west_dn.10,velocity_selected,0.0356,1.2,0.0,1.2,0.0,Sidewalk
233.0,272.7805,4.1525,-0.00605,1.2,0.0,25.2199,8.3194,walk_west_up.11,velocity_selected,0.0556,1.2,0.0,1.2,0.0,Sidewalk
233.5,273.3805,4.1489,-0.00605,1.2,0.0,24.6199,7.2013,walk_west_up.11,velocity_selected,0.084,1.2,0.0,1.2,0.0,Sidewalk
234.0,273.8551,3.9915,-0.32021,1.0,-0.62832,24.1449,6.185,walk_west_up.11,velocity_selected,0.4734,1.0,-0.62832,1.0,-0.62832,Sidewalk
234.5,274.2551,3.9916,0.00035,0.8,0.64112,23.7449,5.3294,walk_west_up.11,velocity_selected,0.5486,0.8,0.64112,0.8,0.64112,Sidewalk
235.0,274.6648,3.705,-0.61051,1.0,-1.22173,23.3371,4.4509,walk_west_up.11,velocity_selected,0.8004,1.0,-1.22173,1.0,-1.22173,Sidewalk
235.5,275.0779,3.4234,-0.59822,1.0,0.02458,22.9293,3.6823,walk_west_up.11,velocity_selected,0.8176,1.0,0.02458,1.0,0.02458,Sidewalk
236.0,275.4946,3.147,-0.58572,1.0,0.02502,22.5216,2.8583,walk_west_dn.11,velocity_selected,0.8516,1.0,0.02502,1.0,0.02502,Sidewalk
236.5,275.3874,3.03,-1.63291,0.7,-2.0944,22.6334,2.5172,walk_west_dn.11,velocity_selected,1.6626,0.7,-2.0944,0.7,-2.0944,Sidewalk
237.0,275.1964,3.4921,-2.68011,1.0,-2.0944,22.8092,2.1718,walk_west_up.11,velocity_selected,2.2537,1.0,-2.0944,1.0,-2.0944,Sidewalk
237.5,275.456,3.0647,-1.63291,1.0,2.0944,22.5634,1.5469,walk_west_dn.11,velocity_selected,1.2958,1.0,2.0944,1.0,2.0944,Sidewalk
238.0,275.3038,3.4346,-2.68011,0.8,-2.0944,22.7033,1.2548,walk_west_dn.11,velocity_selected,2.4675,0.8,-2.0944,0.8,-2.0944,Sidewalk
238.5,275.3349,3.9337,2.55588,1.0,-2.0944,22.6652,0.7806,walk_west_up.11,velocity_selected,3.1895,1.0,-2.0944,1.0,-2.0944,Sidewalk
239.0,275.6334,4.4541,1.50868,1.2,-2.0944,22.3712,0.6809,walk_west_up.11,velocity_selected,2.6614,1.2,-2.0944,1.2,-2.0944,Sidewalk
239.5,275.6871,4.9513,1.46323,1.0,-0.0909,22.3332,1.1262,walk_west_mid.7,velocity_selected,1.9582,1.0,-0.0909,1.0,-0.0909,Sidewalk
240.0,276.2865,4.9257,0.41603,1.2,-2.0944,21.7332,1.0322,walk_west_mid.7,velocity_selected,0.1654,1.2,-2.0944,1.2,-2.0944,Sidewalk
240.5,276.886,4.9001,-0.04261,1.2,-0.91727,21.1332,1.8404,walk_west_mid.7,velocity_selected,0.1161,1.2,-0.91727,1.2,-0.91727,Sidewalk
241.0,277.4854,4.8746,-0.04261,1.2,0.0,20.5332,2.8936,walk_west_mid.7,velocity_selected,0.0883,1.2,0.0,1.2,0.0,Sidewalk
241.5,278.0849,4.849,-0.04261,1.2,0.0,19.9332,4.0452,walk_west_mid.7,velocity_selected,0.0757,1.2,0.0,1.2,0.0,Sidewalk
242.0,278.6843,4.8235,-0.04261,1.2,0.0,19.3332,5.24,walk_west_mid.7,velocity_selected,0.0683,1.2,0.0,1.2,0.0,Sidewalk
242.5,279.2838,4.7979,-0.04261,1.2,0.0,18.7332,6.325,walk_west_mid.7,velocity_selected,0.0692,1.2,0.0,1.2,0.0,Sidewalk
243.0,279.8833,4.7724,-0.04261,1.2,0.0,18.1332,7.426,walk_west_mid.7,velocity_selected,0.0694,1.2,0.0,1.2,0.0,Sidewalk
243.5,280.4827,4.7468,-0.04261,1.2,0.0,17.5332,8.5459,walk_west_mid.7,velocity_selected,0.0778,1.2,0.0,1.2,0.0,Sidewalk
244.0,281.0822,4.7213,-0.04261,1.2,0.0,16.9332,7.9386,walk_west_dn.12,velocity_selected,0.0812,1.2,0.0,1.2,0.0,Sidewalk
244.5,281.6816,4.6957,-0.04261,1.2,0.0,16.3332,6.9188,walk_west_dn.12,velocity_selected,0.0938,1.2,0.0,1.2,0.0,Sidewalk
245.0,282.1812,4.6744,-0.04261,1.0,0.0,15.8332,6.0168,walk_west_dn.12,velocity_selected,0.3158,1.0,0.0,1.0,0.0,Sidewalk
245.5,282.7592,4.8353,0.27155,1.2,0.62832,15.2637,5.0978,walk_west_dn.12,velocity_selected,0.5048,1.2,0.62832,1.2,0.62832,Sidewalk
246.0,283.1941,4.9508,0.2594,0.9,-0.02429,14.8364,4.3273,walk_west_dn.12,velocity_selected,0.6917,0.9,-0.02429,0.9,-0.02429,Sidewalk
246.5,283.7517,4.7292,-0.37829,1.2,-1.27538,14.2669,3.3318,walk_west_dn.12,velocity_selected,1.0743,1.2,-1.27538,1.2,-1.27538,Sidewalk
247.0,284.133,4.9681,0.55973,0.9,1.87604,13.9007,2.7566,walk_west_dn.12,velocity_selected,0.8601,0.9,1.87604,0.9,1.87604,Sidewalk
247.5,284.2646,4.6985,-0.48746,0.6,-2.0944,13.7532,2.0872,walk_west_dn.12,velocity_selected,1.2486,0.6,-2.0944,0.6,-2.0944,Sidewalk
248.0,284.6196,4.422,-0.66167,0.9,-0.34842,13.387,1.3182,walk_west_dn.12,velocity_selected,1.8791,0.9,-0.34842,0.9,-0.34842,Sidewalk
248.5,284.8558,3.9813,-1.07872,1.0,-0.8341,13.1442,0.6366,walk_west_dn.12,velocity_selected,1.835,1.0,-0.8341,1.0,-0.8341,Sidewalk
249.0,285.4558,3.9822,-0.03153,1.2,2.0944,12.5442,0.7744,walk_west_up.12,velocity_selected,1.0659,1.2,2.0944,1.2,2.0944,Sidewalk
249.5,286.0558,3.983,0.00142,1.2,0.0659,11.9442,1.4492,walk_west_up.12,velocity_selected,0.0874,1.2,0.0659,1.2,0.0659,Sidewalk
250.0,286.6558,3.9839,0.00142,1.2,0.0,11.3442,2.5356,walk_west_up.12,velocity_selected,0.0377,1.2,0.0,1.2,0.0,Sidewalk
250.5,287.2558,3.9847,0.00142,1.2,0.0,10.7442,3.5877,walk_west_up.12,velocity_selected,0.0256,1.2,0.0,1.2,0.0,Sidewalk
251.0,287.8558,3.9856,0.00142,1.2,0.0,10.1442,4.6848,walk_west_up.12,velocity_selected,0.0198,1.2,0.0,1.2,0.0,Sidewalk
251.5,288.4558,3.9864,0.00142,1.2,0.0,9.5442,5.802,walk_west_up.12,velocity_selected,0.0164,1.2,0.0,1.2,0.0,Sidewalk
252.0,289.0558,3.9873,0.00142,1.2,0.0,8.9442,6.8948,walk_west_up.12,velocity_selected,0.0142,1.2,0.0,1.2,0.0,Sidewalk
252.5,289.6558,3.9881,0.00142,1.2,0.0,8.3442,7.9505,walk_west_up.12,velocity_selected,0.0127,1.2,0.0,1.2,0.0,Sidewalk
253.0,290.2558,3.989,0.00142,1.2,0.0,7.7442,9.0105,walk_west_up.12,velocity_selected,0.0116,1.2,0.0,1.2,0.0,Sidewalk
253.5,290.8558,3.9898,0.00142,1.2,0.0,7.1442,9.1575,walk_south.3,velocity_selected,0.0108,1.2,0.0,1.2,0.0,Sidewalk
254.0,291.4558,3.9907,0.00142,1.2,0.0,6.5442,9.0987,walk_south.3,velocity_selected,0.01,1.2,0.0,1.2,0.0,Sidewalk
254.5,292.0267,3.8061,-0.31274,1.2,-0.62832,5.9764,2.9806,walk_west_mid.8,velocity_selected,0.4392,1.2,-0.62832,1.2,-0.62832,Sidewalk
255.0,292.4454,3.5327,-0.57841,1.0,-0.53135,5.5742,2.0424,walk_west_mid.8,velocity_selected,0.7982,1.0,-0.53135,1.0,-0.53135,Sidewalk
255.5,292.964,3.231,-0.52694,1.2,0.10294,5.0944,1.1522,walk_west_mid.8,velocity_selected,0.8553,1.2,0.10294,1.2,0.10294,Sidewalk
256.0,293.5571,3.3216,0.15153,1.2,1.35694,4.4944,0.7859,walk_west_mid.8,velocity_selected,0.3754,1.2,1.35694,1.2,1.35694,Sidewalk
256.5,294.1503,3.4121,0.15153,1.2,-0.0,3.8944,1.653,walk_west_mid.8,velocity_selected,0.0808,1.2,-0.0,1.2,-0.0,Sidewalk
257.0,294.3138,3.8314,1.19873,0.9,2.0944,3.69,0.841,walk_west_dn.13,velocity_selected,1.1615,0.9,2.0944,0.9,2.0944,Sidewalk
257.5,294.7099,4.1366,0.65658,1.0,-1.08428,3.2929,0.8431,walk_west_dn.13,velocity_selected,0.7982,1.0,-1.08428,1.0,-1.08428,Sidewalk
258.0,295.3094,4.1117,-0.04148,1.2,-1.39613,2.6929,0.8267,walk_west_dn.13,velocity_selected,0.2479,1.2,-1.39613,1.2,-1.39613,Sidewalk
258.5,295.9089,4.0868,-0.04148,1.2,0.0,2.0929,1.1732,walk_west_dn.13,velocity_selected,0.0957,1.2,0.0,1.2,0.0,Sidewalk
259.0,296.5083,4.0619,-0.04148,1.2,0.0,1.4929,2.0747,walk_west_dn.13,velocity_selected,0.0408,1.2,0.0,1.2,0.0,Sidewalk
259.5,297.1078,4.037,-0.04148,1.2,-0.0,0.8929,2.2052,walk_west_up.13,velocity_selected,0.0507,1.2,-0.0,1.2,-0.0,Sidewalk
260.0,297.7073,4.0121,-0.04148,1.2,0.0,0.2929,3.3224,walk_west_up.13,velocity_selected,0.0314,1.2,0.0,1.2,0.0,Sidewalk
260.5,298.3068,3.9873,-0.04148,1.2,-0.0,0.3071,4.419,walk_west_up.13,velocity_selected,0.0244,1.2,-0.0,1.2,-0.0,Sidewalk
261.0,297.7073,4.0121,-1.08868,1.2,-2.0944,0.2929,4.3318,walk_west_up.13,velocity_selected,0.022,1.2,-2.0944,1.2,-2.0944,Sidewalk
261.5,298.3068,3.9873,-0.04148,1.2,2.0944,0.3071,5.4684,walk_west_up.13,velocity_selected,0.0205,1.2,2.0944,1.2,2.0944,Sidewalk
262.0,297.7073,4.0121,-1.08868,1.2,-2.0944,0.2929,5.4106,walk_west_up.13,velocity_selected,0.0188,1.2,-2.0944,1.2,-2.0944,Sidewalk
262.5,298.3068,3.9873,-0.04148,1.2,2.0944,0.3071,6.5032,walk_west_up.13,velocity_selected,0.0179,1.2,2.0944,1.2,2.0944,Sidewalk
263.0,297.7073,4.0121,-1.08868,1.2,-2.0944,0.2929,6.4052,walk_west_up.13,velocity_selected,0.0107,1.2,-2.0944,1.2,-2.0944,Sidewalk
263.5,298.3068,3.9873,-0.04148,1.2,2.0944,0.3071,7.5416,walk_west_up.13,velocity_selected,0.0097,1.2,2.0944,1.2,2.0944,Sidewalk
264.0,297.7073,4.0121,-1.08868,1.2,-2.0944,0.2929,7.4496,walk_west_up.13,velocity_selected,0.009,1.2,-2.0944,1.2,-2.0944,Sidewalk
264.5,298.3068,3.9873,-0.04148,1.2,2.0944,0.3071,8.6195,walk_west_up.13,velocity_selected,0.0085,1.2,2.0944,1.2,2.0944,Sidewalk
265.0,297.7073,4.0121,-1.08868,1.2,-2.0944,0.2929,8.5529,walk_west_up.13,velocity_selected,0.0079,1.2,-2.0944,1.2,-2.0944,Sidewalk
265.5,298.3068,3.9873,-0.04148,1.2,2.0944,0.3071,9.6922,walk_west_up.13,velocity_selected,0.0076,1.2,2.0944,1.2,2.0944,Sidewalk
266.0,297.7073,4.0121,-1.08868,1.2,-2.0944,0.2929,9.6609,walk_west_up.13,velocity_selected,0.0072,1.2,-2.0944,1.2,-2.0944,Sidewalk
266.5,298.3068,3.9873,-0.04148,1.2,2.0944,0.3071,10.7904,walk_west_up.13,velocity_selected,0.0069,1.2,2.0944,1.2,2.0944,Sidewalk
267.0,297.7073,4.0121,-1.08868,1.2,-2.0944,0.2929,10.7202,walk_west_dn.13,velocity_selected,0.0065,1.2,-2.0944,1.2,-2.0944,Sidewalk
267.5,298.3068,3.9873,-0.04148,1.2,2.0944,0.3071,11.8236,walk_west_up.13,velocity_selected,0.0063,1.2,2.0944,1.2,2.0944,Sidewalk
268.0,297.7073,4.0121,-1.08868,1.2,-2.0944,0.2929,inf,,velocity_selected,0.0007,1.2,-2.0944,1.2,-2.0944,Sidewalk
268.5,298.3068,3.9873,-0.04148,1.2,2.0944,0.3071,inf,,velocity_selected,0.0008,1.2,2.0944,1.2,2.0944,Sidewalk
269.0,297.7073,4.0121,-1.08868,1.2,-2.0944,0.2929,inf,,velocity_selected,0.0007,1.2,-2.0944,1.2,-2.0944,Sidewalk
269.5,298.3068,3.9873,-0.04148,1.2,2.0944,0.3071,inf,,velocity_selected,0.0008,1.2,2.0944,1.2,2.0944,Sidewalk
270.0,297.7073,4.0121,-1.08868,1.2,-2.0944,0.2929,inf,,velocity_selected,0.0007,1.2,-2.0944,1.2,-2.0944,Sidewalk
270.5,298.3068,3.9873,-0.04148,1.2,2.0944,0.3071,12.3392,walk_south.1,velocity_selected,0.0034,1.2,2.0944,1.2,2.0944,Sidewalk
271.0,297.7073,4.0121,-1.08868,1.2,-2.0944,0.2929,11.5751,walk_south.1,velocity_selected,0.0043,1.2,-2.0944,1.2,-2.0944,Sidewalk
271.5,298.3068,3.9873,-0.04148,1.2,2.0944,0.3071,11.5553,walk_south.1,velocity_selected,0.0036,1.2,2.0944,1.2,2.0944,Sidewalk
272.0,297.7073,4.0121,-1.08868,1.2,-2.0944,0.2929,10.836,walk_south.1,velocity_selected,0.0043,1.2,-2.0944,1.2,-2.0944,Sidewalk
272.5,298.3068,3.9873,-0.04148,1.2,2.0944,0.3071,10.8623,walk_south.1,velocity_selected,0.0037,1.2,2.0944,1.2,2.0944,Sidewalk
273.0,297.7073,4.0121,-1.08868,1.2,-2.0944,0.2929,10.2149,walk_south.1,velocity_selected,0.0044,1.2,-2.0944,1.2,-2.0944,Sidewalk
273.5,298.3068,3.9873,-0.04148,1.2,2.0944,0.3071,10.2333,walk_south.1,velocity_selected,0.0039,1.2,2.0944,1.2,2.0944,Sidewalk
274.0,297.7073,4.0121,-1.08868,1.2,-2.0944,0.2929,9.6488,walk_south.1,velocity_selected,0.0044,1.2,-2.0944,1.2,-2.0944,Sidewalk
274.5,298.3068,3.9873,-0.04148,1.2,2.0944,0.3071,9.6243,walk_south.1,velocity_selected,0.0042,1.2,2.0944,1.2,2.0944,Sidewalk
275.0,297.7073,4.0121,-1.08868,1.2,-2.0944,0.2929,9.1933,walk_south.1,velocity_selected,0.0044,1.2,-2.0944,1.2,-2.0944,Sidewalk
275.5,298.3068,3.9873,-0.04148,1.2,2.0944,0.3071,9.1593,walk_south.1,velocity_selected,0.0044,1.2,2.0944,1.2,2.0944,Sidewalk
276.0,297.7073,4.0121,-1.08868,1.2,-2.0944,0.2929,8.8384,walk_south.1,velocity_selected,0.0044,1.2,-2.0944,1.2,-2.0944,Sidewalk
276.5,298.3068,3.9873,-0.04148,1.2,2.0944,0.3071,8.8143,walk_south.1,velocity_selected,0.0045,1.2,2.0944,1.2,2.0944,Sidewalk
277.0,297.7073,4.0121,-1.08868,1.2,-2.0944,0.2929,2.7883,walk_west_dn.14,velocity_selected,0.1282,1.2,-2.0944,1.2,-2.0944,Sidewalk
277.5,298.3068,3.9873,-0.04148,1.2,2.0944,0.3071,3.7753,walk_west_dn.14,velocity_selected,0.0154,1.2,2.0944,1.2,2.0944,Sidewalk
278.0,297.7073,4.0121,-1.08868,1.2,-2.0944,0.2929,3.6625,walk_west_dn.14,velocity_selected,0.014,1.2,-2.0944,1.2,-2.0944,Sidewalk
278.5,298.3068,3.9873,-0.04148,1.2,2.0944,0.3071,4.6723,walk_west_dn.14,velocity_selected,0.0128,1.2,2.0944,1.2,2.0944,Sidewalk
279.0,297.729,3.8257,-1.08868,1.2,-2.0944,0.3223,2.8611,walk_west_up.14,velocity_selected,0.4246,1.2,-2.0944,1.2,-2.0944,Sidewalk
279.5,298.2336,4.1502,-0.04148,1.2,2.0944,0.2777,3.8224,walk_west_up.14,velocity_selected,0.0295,1.2,2.0944,1.2,2.0944,Sidewalk
280.0,297.729,3.8257,-1.08868,1.2,-2.0944,0.3223,3.8871,walk_west_up.14,velocity_selected,0.0241,1.2,-2.0944,1.2,-2.0944,Sidewalk
280.5,298.2336,4.1502,-0.04148,1.2,2.0944,0.2777,4.8827,walk_west_up.14,velocity_selected,0.0221,1.2,2.0944,1.2,2.0944,Sidewalk
281.0,297.729,3.8257,-1.08868,1.2,-2.0944,0.3223,4.9542,walk_west_up.14,velocity_selected,0.0215,1.2,-2.0944,1.2,-2.0944,Sidewalk
281.5,298.2336,4.1502,-0.04148,1.2,2.0944,0.2777,5.9143,walk_west_up.14,velocity_selected,0.0198,1.2,2.0944,1.2,2.0944,Sidewalk
282.0,297.729,3.8257,-1.08868,1.2,-2.0944,0.3223,5.9698,walk_west_up.14,velocity_selected,0.0199,1.2,-2.0944,1.2,-2.0944,Sidewalk
282.5,298.2336,4.1502,-0.04148,1.2,2.0944,0.2777,6.9311,walk_west_up.14,velocity_selected,0.0182,1.2,2.0944,1.2,2.0944,Sidewalk
283.0,297.729,3.8257,-1.08868,1.2,-2.0944,0.3223,6.9581,walk_west_up.14,velocity_selected,0.0186,1.2,-2.0944,1.2,-2.0944,Sidewalk
283.5,298.2336,4.1502,-0.04148,1.2,2.0944,0.2777,7.9079,walk_west_up.14,velocity_selected,0.017,1.2,2.0944,1.2,2.0944,Sidewalk
284.0,297.729,3.8257,-1.08868,1.2,-2.0944,0.3223,7.9026,walk_west_up.14,velocity_selected,0.0176,1.2,-2.0944,1.2,-2.0944,Sidewalk
284.5,298.2336,4.1502,-0.04148,1.2,2.0944,0.2777,8.8838,walk_west_up.14,velocity_selected,0.0161,1.2,2.0944,1.2,2.0944,Sidewalk
285.0,297.729,3.8257,-1.08868,1.2,-2.0944,0.3223,8.9715,walk_west_up.14,velocity_selected,0.0169,1.2,-2.0944,1.2,-2.0944,Sidewalk
285.5,298.2336,4.1502,-0.04148,1.2,2.0944,0.2777,9.9928,walk_west_up.14,velocity_selected,0.0153,1.2,2.0944,1.2,2.0944,Sidewalk
286.0,297.729,3.8257,-1.08868,1.2,-2.0944,0.3223,9.9749,walk_west_up.14,velocity_selected,0.0163,1.2,-2.0944,1.2,-2.0944,Sidewalk
286.5,298.2336,4.1502,-0.04148,1.2,2.0944,0.2777,3.2364,walk_west_mid.9,velocity_selected,0.0279,1.2,2.0944,1.2,2.0944,Sidewalk
287.0,297.729,3.8257,-1.08868,1.2,-2.0944,0.3223,3.3004,walk_west_mid.9,velocity_selected,0.0221,1.2,-2.0944,1.2,-2.0944,Sidewalk
287.5,298.2336,4.1502,-0.04148,1.2,2.0944,0.2777,4.404,walk_west_mid.9,velocity_selected,0.0204,1.2,2.0944,1.2,2.0944,Sidewalk
288.0,297.729,3.8257,-1.08868,1.2,-2.0944,0.3223,4.4999,walk_west_mid.9,velocity_selected,0.017,1.2,-2.0944,1.2,-2.0944,Sidewalk
288.5,298.2336,4.1502,-0.04148,1.2,2.0944,0.2777,5.5908,walk_west_mid.9,velocity_selected,0.0155,1.2,2.0944,1.2,2.0944,Sidewalk
289.0,297.729,3.8257,-1.08868,1.2,-2.0944,0.3223,5.6433,walk_west_mid.9,velocity_selected,0.0157,1.2,-2.0944,1.2,-2.0944,Sidewalk
289.5,298.2336,4.1502,-0.04148,1.2,2.0944,0.2777,6.7463,walk_west_mid.9,velocity_selected,0.0142,1.2,2.0944,1.2,2.0944,Sidewalk
290.0,297.729,3.8257,-1.08868,1.2,-2.0944,0.3223,6.8176,walk_west_mid.9,velocity_selected,0.0148,1.2,-2.0944,1.2,-2.0944,Sidewalk
290.5,298.2336,4.1502,-0.04148,1.2,2.0944,0.2777,7.88,walk_west_mid.9,velocity_selected,0.0133,1.2,2.0944,1.2,2.0944,Sidewalk
291.0,297.729,3.8257,-1.08868,1.2,-2.0944,0.3223,7.9075,walk_west_mid.9,velocity_selected,0.0142,1.2,-2.0944,1.2,-2.0944,Sidewalk
291.5,298.2336,4.1502,-0.04148,1.2,2.0944,0.2777,9.0012,walk_west_mid.9,velocity_selected,0.0127,1.2,2.0944,1.2,2.0944,Sidewalk
292.0,297.729,3.8257,-1.08868,1.2,-2.0944,0.3223,9.0232,walk_west_mid.9,velocity_selected,0.0138,1.2,-2.0944,1.2,-2.0944,Sidewalk
292.5,298.2336,4.1502,-0.04148,1.2,2.0944,0.2777,10.1229,walk_west_mid.9,velocity_selected,0.0123,1.2,2.0944,1.2,2.0944,Sidewalk
293.0,297.729,3.8257,-1.08868,1.2,-2.0944,0.3223,10.1959,walk_west_mid.9,velocity_selected,0.0134,1.2,-2.0944,1.2,-2.0944,Sidewalk
293.5,298.2336,4.1502,-0.04148,1.2,2.0944,0.2777,11.2447,walk_west_mid.9,velocity_selected,0.0119,1.2,2.0944,1.2,2.0944,Sidewalk
294.0,297.729,3.8257,-1.08868,1.2,-2.0944,0.3223,11.303,walk_west_mid.9,velocity_selected,0.0131,1.2,-2.0944,1.2,-2.0944,Sidewalk
294.5,298.2336,4.1502,-0.04148,1.2,2.0944,0.2777,12.3763,walk_west_mid.9,velocity_selected,0.0116,1.2,2.0944,1.2,2.0944,Sidewalk
295.0,297.729,3.8257,-1.08868,1.2,-2.0944,0.3223,inf,,velocity_selected,0.0105,1.2,-2.0944,1.2,-2.0944,Sidewalk
295.5,298.2336,4.1502,-0.04148,1.2,2.0944,0.2777,inf,,velocity_selected,0.009,1.2,2.0944,1.2,2.0944,Sidewalk
296.0,297.729,3.8257,-1.08868,1.2,-2.0944,0.3223,inf,,velocity_selected,0.0105,1.2,-2.0944,1.2,-2.0944,Sidewalk
296.5,298.2336,4.1502,-0.04148,1.2,2.0944,0.2777,3.3324,walk_west_dn.15,velocity_selected,0.0219,1.2,2.0944,1.2,2.0944,Sidewalk
297.0,297.729,3.8257,-1.08868,1.2,-2.0944,0.3223,3.2192,walk_west_dn.15,velocity_selected,0.0202,1.2,-2.0944,1.2,-2.0944,Sidewalk
297.5,298.2336,4.1502,-0.04148,1.2,2.0944,0.2777,4.2446,walk_west_dn.15,velocity_selected,0.0183,1.2,2.0944,1.2,2.0944,Sidewalk
298.0,297.729,3.8257,-1.08868,1.2,-2.0944,0.3223,4.1524,walk_west_dn.15,velocity_selected,0.0179,1.2,-2.0944,1.2,-2.0944,Sidewalk
298.5,298.2336,4.1502,-0.04148,1.2,2.0944,0.2777,5.152,walk_west_dn.15,velocity_selected,0.0162,1.2,2.0944,1.2,2.0944,Sidewalk
299.0,297.729,3.8257,-1.08868,1.2,-2.0944,0.3223,2.8611,walk_west_up.15,velocity_selected,0.0334,1.2,-2.0944,1.2,-2.0944,Sidewalk
299.5,298.2336,4.1502,-0.04148,1.2,2.0944,0.2777,3.8296,walk_west_up.15,velocity_selected,0.025,1.2,2.0944,1.2,2.0944,Sidewalk
300.0,297.729,3.8257,-1.08868,1.2,-2.0944,0.3223,3.875,walk_west_up.15,velocity_selected,0.0231,1.2,-2.0944,1.2,-2.0944,Sidewalk
300.5,298.2336,4.1502,-0.04148,1.2,2.0944,0.2777,4.8007,walk_west_up.15,velocity_selected,0.0216,1.2,2.0944,1.2,2.0944,Sidewalk
301.0,297.729,3.8257,-1.08868,1.2,-2.0944,0.3223,4.8371,walk_west_up.15,velocity_selected,0.021,1.2,-2.0944,1.2,-2.0944,Sidewalk
301.5,298.2336,4.1502,-0.04148,1.2,2.0944,0.2777,5.8382,walk_west_up.15,velocity_selected,0.0193,1.2,2.0944,1.2,2.0944,Sidewalk
302.0,297.729,3.8257,-1.08868,1.2,-2.0944,0.3223,5.8773,walk_west_up.15,velocity_selected,0.0194,1.2,-2.0944,1.2,-2.0944,Sidewalk
302.5,298.2336,4.1502,-0.04148,1.2,2.0944,0.2777,6.852,walk_west_up.15,velocity_selected,0.0178,1.2,2.0944,1.2,2.0944,Sidewalk
303.0,297.729,3.8257,-1.08868,1.2,-2.0944,0.3223,6.882,walk_west_up.15,velocity_selected,0.0182,1.2,-2.0944,1.2,-2.0944,Sidewalk
303.5,298.2336,4.1502,-0.04148,1.2,2.0944,0.2777,7.9026,walk_west_up.15,velocity_selected,0.0167,1.2,2.0944,1.2,2.0944,Sidewalk
304.0,297.729,3.8257,-1.08868,1.2,-2.0944,0.3223,7.9897,walk_west_up.15,velocity_selected,0.0173,1.2,-2.0944,1.2,-2.0944,Sidewalk
304.5,298.2336,4.1502,-0.04148,1.2,2.0944,0.2777,9.0068,walk_west_up.15,velocity_selected,0.0158,1.2,2.0944,1.2,2.0944,Sidewalk
305.0,297.729,3.8257,-1.08868,1.2,-2.0944,0.3223,9.0113,walk_west_up.15,velocity_selected,0.0165,1.2,-2.0944,1.2,-2.0944,Sidewalk
305.5,298.2336,4.1502,-0.04148,1.2,2.0944,0.2777,9.9745,walk_west_up.15,velocity_selected,0.0151,1.2,2.0944,1.2,2.0944,Sidewalk
306.0,297.729,3.8257,-1.08868,1.2,-2.0944,0.3223,10.0115,walk_west_up.15,velocity_selected,0.0134,1.2,-2.0944,1.2,-2.0944,Sidewalk
306.5,298.2336,4.1502,-0.04148,1.2,2.0944,0.2777,10.9632,walk_west_up.15,velocity_selected,0.0148,1.2,2.0944,1.2,2.0944,Sidewalk
307.0,297.729,3.8257,-1.08868,1.2,-2.0944,0.3223,10.8981,walk_south.4,velocity_selected,0.0179,1.2,-2.0944,1.2,-2.0944,Sidewalk
307.5,298.2336,4.1502,-0.04148,1.2,2.0944,0.2777,11.0911,walk_south.4,velocity_selected,0.0147,1.2,2.0944,1.2,2.0944,Sidewalk
308.0,297.729,3.8257,-1.08868,1.2,-2.0944,0.3223,10.1324,walk_south.4,velocity_selected,0.0151,1.2,-2.0944,1.2,-2.0944,Sidewalk
308.5,298.2336,4.1502,-0.04148,1.2,2.0944,0.2777,10.3375,walk_south.4,velocity_selected,0.0122,1.2,2.0944,1.2,2.0944,Sidewalk
309.0,297.729,3.8257,-1.08868,1.2,-2.0944,0.3223,9.4803,walk_south.4,velocity_selected,0.015,1.2,-2.0944,1.2,-2.0944,Sidewalk
309.5,298.2336,4.1502,-0.04148,1.2,2.0944,0.2777,9.7201,walk_south.4,velocity_selected,0.0124,1.2,2.0944,1.2,2.0944,Sidewalk
310.0,297.729,3.8257,-1.08868,1.2,-2.0944,0.3223,8.9713,walk_south.4,velocity_selected,0.0147,1.2,-2.0944,1.2,-2.0944,Sidewalk
310.5,298.2336,4.1502,-0.04148,1.2,2.0944,0.2777,9.2191,walk_south.4,velocity_selected,0.0126,1.2,2.0944,1.2,2.0944,Sidewalk
311.0,297.729,3.8257,-1.08868,1.2,-2.0944,0.3223,8.5998,walk_south.4,velocity_selected,0.0145,1.2,-2.0944,1.2,-2.0944,Sidewalk
311.5,298.2336,4.1502,-0.04148,1.2,2.0944,0.2777,8.9074,walk_south.4,velocity_selected,0.0127,1.2,2.0944,1.2,2.0944,Sidewalk
312.0,297.729,3.8257,-1.08868,1.2,-2.0944,0.3223,8.4475,walk_south.4,velocity_selected,0.0144,1.2,-2.0944,1.2,-2.0944,Sidewalk
312.5,298.2336,4.1502,-0.04148,1.2,2.0944,0.2777,8.761,walk_south.4,velocity_selected,0.0128,1.2,2.0944,1.2,2.0944,Sidewalk
313.0,297.729,3.8257,-1.08868,1.2,-2.0944,0.3223,8.4525,walk_south.4,velocity_selected,0.0142,1.2,-2.0944,1.2,-2.0944,Sidewalk
313.5,298.2336,4.1502,-0.04148,1.2,2.0944,0.2777,8.7867,walk_south.4,velocity_selected,0.0127,1.2,2.0944,1.2,2.0944,Sidewalk
314.0,297.729,3.8257,-1.08868,1.2,-2.0944,0.3223,8.6486,walk_south.4,velocity_selected,0.014,1.2,-2.0944,1.2,-2.0944,Sidewalk
314.5,298.2336,4.1502,-0.04148,1.2,2.0944,0.2777,inf,,velocity_selected,0.009,1.2,2.0944,1.2,2.0944,Sidewalk
315.0,297.729,3.8257,-1.08868,1.2,-2.0944,0.3223,inf,,velocity_selected,0.0105,1.2,-2.0944,1.2,-2.0944,Sidewalk
315.5,298.2336,4.1502,-0.04148,1.2,2.0944,0.2777,inf,,velocity_selected,0.009,1.2,2.0944,1.2,2.0944,Sidewalk
316.0,297.729,3.8257,-1.08868,1.2,-2.0944,0.3223,inf,,velocity_selected,0.0105,1.2,-2.0944,1.2,-2.0944,Sidewalk
316.5,298.2336,4.1502,-0.04148,1.2,2.0944,0.2777,3.3324,walk_west_dn.16,velocity_selected,0.0219,1.2,2.0944,1.2,2.0944,Sidewalk
317.0,297.729,3.8257,-1.08868,1.2,-2.0944,0.3223,3.1976,walk_west_dn.16,velocity_selected,0.0206,1.2,-2.0944,1.2,-2.0944,Sidewalk
317.5,298.2336,4.1502,-0.04148,1.2,2.0944,0.2777,4.2039,walk_west_dn.16,velocity_selected,0.0184,1.2,2.0944,1.2,2.0944,Sidewalk
318.0,297.729,3.8257,-1.08868,1.2,-2.0944,0.3223,2.7355,walk_west_mid.10,velocity_selected,0.0434,1.2,-2.0944,1.2,-2.0944,Sidewalk
318.5,298.2336,4.1502,-0.04148,1.2,2.0944,0.2777,3.8201,walk_west_mid.10,velocity_selected,0.0267,1.2,2.0944,1.2,2.0944,Sidewalk
319.0,297.729,3.8257,-1.08868,1.2,-2.0944,0.3223,2.8611,walk_west_up.16,velocity_selected,0.0412,1.2,-2.0944,1.2,-2.0944,Sidewalk
319.5,298.2336,4.1502,-0.04148,1.2,2.0944,0.2777,3.8007,walk_west_up.16,velocity_selected,0.0327,1.2,2.0944,1.2,2.0944,Sidewalk
320.0,297.729,3.8257,-1.08868,1.2,-2.0944,0.3223,3.8847,walk_west_up.16,velocity_selected,0.0295,1.2,-2.0944,1.2,-2.0944,Sidewalk
320.5,298.2336,4.1502,-0.04148,1.2,2.0944,0.2777,4.7934,walk_west_up.16,velocity_selected,0.0276,1.2,2.0944,1.2,2.0944,Sidewalk
321.0,297.729,3.8257,-1.08868,1.2,-2.0944,0.3223,4.8046,walk_west_up.16,velocity_selected,0.0262,1.2,-2.0944,1.2,-2.0944,Sidewalk
321.5,298.2336,4.1502,-0.04148,1.2,2.0944,0.2777,5.8176,walk_west_up.16,velocity_selected,0.0244,1.2,2.0944,1.2,2.0944,Sidewalk
322.0,297.729,3.8257,-1.08868,1.2,-2.0944,0.3223,5.8203,walk_west_up.16,velocity_selected,0.0236,1.2,-2.0944,1.2,-2.0944,Sidewalk
322.5,298.2336,4.1502,-0.04148,1.2,2.0944,0.2777,6.8325,walk_west_up.16,velocity_selected,0.022,1.2,2.0944,1.2,2.0944,Sidewalk
323.0,297.729,3.8257,-1.08868,1.2,-2.0944,0.3223,6.8735,walk_west_up.16,velocity_selected,0.022,1.2,-2.0944,1.2,-2.0944,Sidewalk
323.5,298.2336,4.1502,-0.04148,1.2,2.0944,0.2777,7.8631,walk_west_up.16,velocity_selected,0.0203,1.2,2.0944,1.2,2.0944,Sidewalk
324.0,297.729,3.8257,-1.08868,1.2,-2.0944,0.3223,7.9451,walk_west_up.16,velocity_selected,0.0206,1.2,-2.0944,1.2,-2.0944,Sidewalk
324.5,298.2336,4.1502,-0.04148,1.2,2.0944,0.2777,8.8919,walk_west_up.16,velocity_selected,0.019,1.2,2.0944,1.2,2.0944,Sidewalk
325.0,297.729,3.8257,-1.08868,1.2,-2.0944,0.3223,8.9669,walk_west_up.16,velocity_selected,0.0196,1.2,-2.0944,1.2,-2.0944,Sidewalk
325.5,298.2336,4.1502,-0.04148,1.2,2.0944,0.2777,9.9697,walk_west_up.16,velocity_selected,0.018,1.2,2.0944,1.2,2.0944,Sidewalk
326.0,297.729,3.8257,-1.08868,1.2,-2.0944,0.3223,10.0288,walk_west_up.16,velocity_selected,0.0162,1.2,-2.0944,1.2,-2.0944,Sidewalk
326.5,298.2336,4.1502,-0.04148,1.2,2.0944,0.2777,11.0661,walk_west_up.16,velocity_selected,0.0146,1.2,2.0944,1.2,2.0944,Sidewalk
327.0,297.729,3.8257,-1.08868,1.2,-2.0944,0.3223,11.1398,walk_west_up.16,velocity_selected,0.0131,1.2,-2.0944,1.2,-2.0944,Sidewalk
327.5,298.2336,4.1502,-0.04148,1.2,2.0944,0.2777,12.1464,walk_west_up.16,velocity_selected,0.0117,1.2,2.0944,1.2,2.0944,Sidewalk
328.0,297.729,3.8257,-1.08868,1.2,-2.0944,0.3223,inf,,velocity_selected,0.0105,1.2,-2.0944,1.2,-2.0944,Sidewalk
328.5,298.2336,4.1502,-0.04148,1.2,2.0944,0.2777,inf,,velocity_selected,0.009,1.2,2.0944,1.2,2.0944,Sidewalk
329.0,297.729,3.8257,-1.08868,1.2,-2.0944,0.3223,inf,,velocity_selected,0.0105,1.2,-2.0944,1.2,-2.0944,Sidewalk
329.5,298.2336,4.1502,-0.04148,1.2,2.0944,0.2777,inf,,velocity_selected,0.009,1.2,2.0944,1.2,2.0944,Sidewalk
330.0,297.729,3.8257,-1.08868,1.2,-2.0944,0.3223,inf,,velocity_selected,0.0105,1.2,-2.0944,1.2,-2.0944,Sidewalk
330.5,298.2336,4.1502,-0.04148,1.2,2.0944,0.2777,inf,,velocity_selected,0.009,1.2,2.0944,1.2,2.0944,Sidewalk
331.0,297.729,3.8257,-1.08868,1.2,-2.0944,0.3223,inf,,velocity_selected,0.0105,1.2,-2.0944,1.2,-2.0944,Sidewalk
331.5,298.2336,4.1502,-0.04148,1.2,2.0944,0.2777,inf,,velocity_selected,0.009,1.2,2.0944,1.2,2.0944,Sidewalk
332.0,297.729,3.8257,-1.08868,1.2,-2.0944,0.3223,inf,,velocity_selected,0.0105,1.2,-2.0944,1.2,-2.0944,Sidewalk
332.5,298.2336,4.1502,-0.04148,1.2,2.0944,0.2777,inf,,velocity_selected,0.009,1.2,2.0944,1.2,2.0944,Sidewalk
333.0,297.729,3.8257,-1.08868,1.2,-2.0944,0.3223,inf,,velocity_selected,0.0105,1.2,-2.0944,1.2,-2.0944,Sidewalk
333.5,298.2336,4.1502,-0.04148,1.2,2.0944,0.2777,inf,,velocity_selected,0.009,1.2,2.0944,1.2,2.0944,Sidewalk
334.0,297.729,3.8257,-1.08868,1.2,-2.0944,0.3223,inf,,velocity_selected,0.0105,1.2,-2.0944,1.2,-2.0944,Sidewalk
334.5,298.2336,4.1502,-0.04148,1.2,2.0944,0.2777,12.2162,walk_south.5,velocity_selected,0.0117,1.2,2.0944,1.2,2.0944,Sidewalk
335.0,297.729,3.8257,-1.08868,1.2,-2.0944,0.3223,11.1992,walk_south.5,velocity_selected,0.0151,1.2,-2.0944,1.2,-2.0944,Sidewalk
335.5,298.2336,4.1502,-0.04148,1.2,2.0944,0.2777,11.3678,walk_south.5,velocity_selected,0.0119,1.2,2.0944,1.2,2.0944,Sidewalk
336.0,297.729,3.8257,-1.08868,1.2,-2.0944,0.3223,2.771,walk_west_dn.17,velocity_selected,0.0634,1.2,-2.0944,1.2,-2.0944,Sidewalk
336.5,298.2336,4.1502,-0.04148,1.2,2.0944,0.2777,3.7512,walk_west_dn.17,velocity_selected,0.0231,1.2,2.0944,1.2,2.0944,Sidewalk
337.0,297.729,3.8257,-1.08868,1.2,-2.0944,0.3223,3.6599,walk_west_dn.17,velocity_selected,0.0235,1.2,-2.0944,1.2,-2.0944,Sidewalk
337.5,298.2336,4.1502,-0.04148,1.2,2.0944,0.2777,4.6675,walk_west_dn.17,velocity_selected,0.0205,1.2,2.0944,1.2,2.0944,Sidewalk
338.0,297.729,3.8257,-1.08868,1.2,-2.0944,0.3223,4.5976,walk_west_dn.17,velocity_selected,0.0214,1.2,-2.0944,1.2,-2.0944,Sidewalk
338.5,298.2336,4.1502,-0.04148,1.2,2.0944,0.2777,5.5954,walk_west_dn.17,velocity_selected,0.019,1.2,2.0944,1.2,2.0944,Sidewalk
339.0,297.729,3.8257,-1.08868,1.2,-2.0944,0.3223,2.8611,walk_west_up.17,velocity_selected,0.0373,1.2,-2.0944,1.2,-2.0944,Sidewalk
339.5,298.2336,4.1502,-0.04148,1.2,2.0944,0.2777,3.8073,walk_west_up.17,velocity_selected,0.0284,1.2,2.0944,1.2,2.0944,Sidewalk
340.0,297.729,3.8257,-1.08868,1.2,-2.0944,0.3223,3.8947,walk_west_up.17,velocity_selected,0.0271,1.2,-2.0944,1.2,-2.0944,Sidewalk
340.5,298.2336,4.1502,-0.04148,1.2,2.0944,0.2777,4.8972,walk_west_up.17,velocity_selected,0.0249,1.2,2.0944,1.2,2.0944,Sidewalk
341.0,297.729,3.8257,-1.08868,1.2,-2.0944,0.3223,5.0053,walk_west_up.17,velocity_selected,0.0244,1.2,-2.0944,1.2,-2.0944,Sidewalk
341.5,298.2336,4.1502,-0.04148,1.2,2.0944,0.2777,5.9451,walk_west_up.17,velocity_selected,0.0228,1.2,2.0944,1.2,2.0944,Sidewalk
342.0,297.729,3.8257,-1.08868,1.2,-2.0944,0.3223,6.0467,walk_west_up.17,velocity_selected,0.0228,1.2,-2.0944,1.2,-2.0944,Sidewalk
342.5,298.2336,4.1502,-0.04148,1.2,2.0944,0.2777,7.0538,walk_west_up.17,velocity_selected,0.0212,1.2,2.0944,1.2,2.0944,Sidewalk
343.0,297.729,3.8257,-1.08868,1.2,-2.0944,0.3223,7.114,walk_west_up.17,velocity_selected,0.018,1.2,-2.0944,1.2,-2.0944,Sidewalk
343.5,298.2336,4.1502,-0.04148,1.2,2.0944,0.2777,8.0921,walk_west_up.17,velocity_selected,0.0165,1.2,2.0944,1.2,2.0944,Sidewalk
344.0,297.729,3.8257,-1.08868,1.2,-2.0944,0.3223,8.1331,walk_west_up.17,velocity_selected,0.0172,1.2,-2.0944,1.2,-2.0944,Sidewalk
344.5,298.2336,4.1502,-0.04148,1.2,2.0944,0.2777,9.1096,walk_west_up.17,velocity_selected,0.0156,1.2,2.0944,1.2,2.0944,Sidewalk
345.0,297.729,3.8257,-1.08868,1.2,-2.0944,0.3223,9.1584,walk_west_up.17,velocity_selected,0.0164,1.2,-2.0944,1.2,-2.0944,Sidewalk
345.5,298.2336,4.1502,-0.04148,1.2,2.0944,0.2777,10.1274,walk_west_up.17,velocity_selected,0.015,1.2,2.0944,1.2,2.0944,Sidewalk
346.0,297.729,3.8257,-1.08868,1.2,-2.0944,0.3223,10.2137,walk_west_up.17,velocity_selected,0.0134,1.2,-2.0944,1.2,-2.0944,Sidewalk
346.5,298.2336,4.1502,-0.04148,1.2,2.0944,0.2777,11.2388,walk_west_up.17,velocity_selected,0.0174,1.2,2.0944,1.2,2.0944,Sidewalk
347.0,297.729,3.8257,-1.08868,1.2,-2.0944,0.3223,10.85,walk_south.6,velocity_selected,0.0225,1.2,-2.0944,1.2,-2.0944,Sidewalk
347.5,298.2336,4.1502,-0.04148,1.2,2.0944,0.2777,11.0738,walk_south.6,velocity_selected,0.0176,1.2,2.0944,1.2,2.0944,Sidewalk
348.0,297.729,3.8257,-1.08868,1.2,-2.0944,0.3223,10.1325,walk_south.6,velocity_selected,0.0188,1.2,-2.0944,1.2,-2.0944,Sidewalk
348.5,298.2336,4.1502,-0.04148,1.2,2.0944,0.2777,10.3674,walk_south.6,velocity_selected,0.0153,1.2,2.0944,1.2,2.0944,Sidewalk
349.0,297.729,3.8257,-1.08868,1.2,-2.0944,0.3223,9.5318,walk_south.6,velocity_selected,0.0197,1.2,-2.0944,1.2,-2.0944,Sidewalk
349.5,298.2336,4.1502,-0.04148,1.2,2.0944,0.2777,9.7964,walk_south.6,velocity_selected,0.0157,1.2,2.0944,1.2,2.0944,Sidewalk
350.0,297.729,3.8257,-1.08868,1.2,-2.0944,0.3223,2.7355,walk_west_mid.11,velocity_selected,0.0445,1.2,-2.0944,1.2,-2.0944,Sidewalk
350.5,298.2336,4.1502,-0.04148,1.2,2.0944,0.2777,3.8394,walk_west_mid.11,velocity_selected,0.0265,1.2,2.0944,1.2,2.0944,Sidewalk
351.0,297.729,3.8257,-1.08868,1.2,-2.0944,0.3223,3.8469,walk_west_mid.11,velocity_selected,0.0266,1.2,-2.0944,1.2,-2.0944,Sidewalk
351.5,298.2336,4.1502,-0.04148,1.2,2.0944,0.2777,4.9069,walk_west_mid.11,velocity_selected,0.024,1.2,2.0944,1.2,2.0944,Sidewalk
352.0,297.729,3.8257,-1.08868,1.2,-2.0944,0.3223,4.9214,walk_west_mid.11,velocity_selected,0.0246,1.2,-2.0944,1.2,-2.0944,Sidewalk
352.5,298.2336,4.1502,-0.04148,1.2,2.0944,0.2777,5.9894,walk_west_mid.11,velocity_selected,0.0225,1.2,2.0944,1.2,2.0944,Sidewalk
353.0,297.729,3.8257,-1.08868,1.2,-2.0944,0.3223,6.039,walk_west_mid.11,velocity_selected,0.0231,1.2,-2.0944,1.2,-2.0944,Sidewalk
353.5,298.2336,4.1502,-0.04148,1.2,2.0944,0.2777,7.1139,walk_west_mid.11,velocity_selected,0.0214,1.2,2.0944,1.2,2.0944,Sidewalk
354.0,297.729,3.8257,-1.08868,1.2,-2.0944,0.3223,7.203,walk_west_mid.11,velocity_selected,0.0219,1.2,-2.0944,1.2,-2.0944,Sidewalk
354.5,298.2336,4.1502,-0.04148,1.2,2.0944,0.2777,8.3294,walk_west_mid.11,velocity_selected,0.0168,1.2,2.0944,1.2,2.0944,Sidewalk
355.0,297.729,3.8257,-1.08868,1.2,-2.0944,0.3223,8.4027,walk_west_mid.11,velocity_selected,0.014,1.2,-2.0944,1.2,-2.0944,Sidewalk
355.5,298.2336,4.1502,-0.04148,1.2,2.0944,0.2777,9.4466,walk_west_mid.11,velocity_selected,0.0125,1.2,2.0944,1.2,2.0944,Sidewalk
356.0,297.729,3.8257,-1.08868,1.2,-2.0944,0.3223,2.771,walk_west_dn.18,velocity_selected,0.0618,1.2,-2.0944,1.2,-2.0944,Sidewalk
356.5,298.2336,4.1502,-0.04148,1.2,2.0944,0.2777,3.7668,walk_west_dn.18,velocity_selected,0.023,1.2,2.0944,1.2,2.0944,Sidewalk
357.0,297.729,3.8257,-1.08868,1.2,-2.0944,0.3223,3.7135,walk_west_dn.18,velocity_selected,0.0213,1.2,-2.0944,1.2,-2.0944,Sidewalk
357.5,298.2336,4.1502,-0.04148,1.2,2.0944,0.2777,4.7601,walk_west_dn.18,velocity_selected,0.0198,1.2,2.0944,1.2,2.0944,Sidewalk
358.0,297.729,3.8257,-1.08868,1.2,-2.0944,0.3223,4.688,walk_west_dn.18,velocity_selected,0.0169,1.2,-2.0944,1.2,-2.0944,Sidewalk
358.5,298.2336,4.1502,-0.04148,1.2,2.0944,0.2777,5.6617,walk_west_dn.18,velocity_selected,0.0154,1.2,2.0944,1.2,2.0944,Sidewalk
359.0,297.729,3.8257,-1.08868,1.2,-2.0944,0.3223,2.8611,walk_west_up.18,velocity_selected,0.0332,1.2,-2.0944,1.2,-2.0944,Sidewalk
359.5,298.2336,4.1502,-0.04148,1.2,2.0944,0.2777,3.8164,walk_west_up.18,velocity_selected,0.0246,1.2,2.0944,1.2,2.0944,Sidewalk
360.0,297.729,3.8257,-1.08868,1.2,-2.0944,0.3223,3.8549,walk_west_up.18,velocity_selected,0.0229,1.2,-2.0944,1.2,-2.0944,Sidewalk
360.5,298.2336,4.1502,-0.04148,1.2,2.0944,0.2777,4.7732,walk_west_up.18,velocity_selected,0.0213,1.2,2.0944,1.2,2.0944,Sidewalk
361.0,297.729,3.8257,-1.08868,1.2,-2.0944,0.3223,4.8218,walk_west_up.18,velocity_selected,0.0209,1.2,-2.0944,1.2,-2.0944,Sidewalk
361.5,298.2336,4.1502,-0.04148,1.2,2.0944,0.2777,5.7785,walk_west_up.18,velocity_selected,0.0192,1.2,2.0944,1.2,2.0944,Sidewalk
362.0,297.729,3.8257,-1.08868,1.2,-2.0944,0.3223,5.8175,walk_west_up.18,velocity_selected,0.0192,1.2,-2.0944,1.2,-2.0944,Sidewalk
362.5,298.2336,4.1502,-0.04148,1.2,2.0944,0.2777,6.7468,walk_west_up.18,velocity_selected,0.0177,1.2,2.0944,1.2,2.0944,Sidewalk
363.0,297.729,3.8257,-1.08868,1.2,-2.0944,0.3223,6.8154,walk_west_up.18,velocity_selected,0.0183,1.2,-2.0944,1.2,-2.0944,Sidewalk
363.5,298.2336,4.1502,-0.04148,1.2,2.0944,0.2777,7.7639,walk_west_up.18,velocity_selected,0.0166,1.2,2.0944,1.2,2.0944,Sidewalk
364.0,297.729,3.8257,-1.08868,1.2,-2.0944,0.3223,7.758,walk_west_up.18,velocity_selected,0.0172,1.2,-2.0944,1.2,-2.0944,Sidewalk
364.5,298.2336,4.1502,-0.04148,1.2,2.0944,0.2777,8.708,walk_west_up.18,velocity_selected,0.0158,1.2,2.0944,1.2,2.0944,Sidewalk
365.0,297.729,3.8257,-1.08868,1.2,-2.0944,0.3223,8.716,walk_west_up.18,velocity_selected,0.0167,1.2,-2.0944,1.2,-2.0944,Sidewalk
365.5,298.2336,4.1502,-0.04148,1.2,2.0944,0.2777,9.7366,walk_west_up.18,velocity_selected,0.0151,1.2,2.0944,1.2,2.0944,Sidewalk
366.0,297.729,3.8257,-1.08868,1.2,-2.0944,0.3223,9.7504,walk_west_up.18,velocity_selected,0.0135,1.2,-2.0944,1.2,-2.0944,Sidewalk
366.5,298.2336,4.1502,-0.04148,1.2,2.0944,0.2777,10.7047,walk_west_up.18,velocity_selected,0.0121,1.2,2.0944,1.2,2.0944,Sidewalk
367.0,297.729,3.8257,-1.08868,1.2,-2.0944,0.3223,10.7308,walk_west_up.18,velocity_selected,0.0132,1.2,-2.0944,1.2,-2.0944,Sidewalk
367.5,298.2336,4.1502,-0.04148,1.2,2.0944,0.2777,11.7653,walk_west_up.18,velocity_selected,0.0118,1.2,2.0944,1.2,2.0944,Sidewalk
368.0,297.729,3.8257,-1.08868,1.2,-2.0944,0.3223,inf,,velocity_selected,0.0105,1.2,-2.0944,1.2,-2.0944,Sidewalk
368.5,298.2336,4.1502,-0.04148,1.2,2.0944,0.2777,inf,,velocity_selected,0.009,1.2,2.0944,1.2,2.0944,Sidewalk
369.0,297.729,3.8257,-1.08868,1.2,-2.0944,0.3223,inf,,velocity_selected,0.0105,1.2,-2.0944,1.2,-2.0944,Sidewalk
369.5,298.2336,4.1502,-0.04148,1.2,2.0944,0.2777,inf,,velocity_selected,0.009,1.2,2.0944,1.2,2.0944,Sidewalk
370.0,297.729,3.8257,-1.08868,1.2,-2.0944,0.3223,inf,,velocity_selected,0.0105,1.2,-2.0944,1.2,-2.0944,Sidewalk
370.5,298.2336,4.1502,-0.04148,1.2,2.0944,0.2777,inf,,velocity_selected,0.009,1.2,2.0944,1.2,2.0944,Sidewalk
371.0,297.729,3.8257,-1.08868,1.2,-2.0944,0.3223,inf,,velocity_selected,0.0105,1.2,-2.0944,1.2,-2.0944,Sidewalk
371.5,298.2336,4.1502,-0.04148,1.2,2.0944,0.2777,inf,,velocity_selected,0.009,1.2,2.0944,1.2,2.0944,Sidewalk
372.0,297.729,3.8257,-1.08868,1.2,-2.0944,0.3223,inf,,velocity_selected,0.0105,1.2,-2.0944,1.2,-2.0944,Sidewalk
372.5,298.2336,4.1502,-0.04148,1.2,2.0944,0.2777,inf,,velocity_selected,0.009,1.2,2.0944,1.2,2.0944,Sidewalk
373.0,297.729,3.8257,-1.08868,1.2,-2.0944,0.3223,inf,,velocity_selected,0.0105,1.2,-2.0944,1.2,-2.0944,Sidewalk
373.5,298.2336,4.1502,-0.04148,1.2,2.0944,0.2777,inf,,velocity_selected,0.009,1.2,2.0944,1.2,2.0944,Sidewalk
374.0,297.729,3.8257,-1.08868,1.2,-2.0944,0.3223,inf,,velocity_selected,0.0105,1.2,-2.0944,1.2,-2.0944,Sidewalk
374.5,298.2336,4.1502,-0.04148,1.2,2.0944,0.2777,inf,,velocity_selected,0.009,1.2,2.0944,1.2,2.0944,Sidewalk
375.0,297.729,3.8257,-1.08868,1.2,-2.0944,0.3223,inf,,velocity_selected,0.0105,1.2,-2.0944,1.2,-2.0944,Sidewalk
375.5,298.2336,4.1502,-0.04148,1.2,2.0944,0.2777,3.3324,walk_west_dn.19,velocity_selected,0.0219,1.2,2.0944,1.2,2.0944,Sidewalk
376.0,297.729,3.8257,-1.08868,1.2,-2.0944,0.3223,3.2136,walk_west_dn.19,velocity_selected,0.0203,1.2,-2.0944,1.2,-2.0944,Sidewalk
376.5,298.2336,4.1502,-0.04148,1.2,2.0944,0.2777,4.2136,walk_west_dn.19,velocity_selected,0.0184,1.2,2.0944,1.2,2.0944,Sidewalk
377.0,297.729,3.8257,-1.08868,1.2,-2.0944,0.3223,4.0748,walk_west_dn.19,velocity_selected,0.0185,1.2,-2.0944,1.2,-2.0944,Sidewalk
377.5,298.2336,4.1502,-0.04148,1.2,2.0944,0.2777,5.0928,walk_west_dn.19,velocity_selected,0.0163,1.2,2.0944,1.2,2.0944,Sidewalk
378.0,297.729,3.8257,-1.08868,1.2,-2.0944,0.3223,4.9671,walk_west_dn.19,velocity_selected,0.017,1.2,-2.0944,1.2,-2.0944,Sidewalk
378.5,298.2336,4.1502,-0.04148,1.2,2.0944,0.2777,3.2775,walk_west_up.19,velocity_selected,0.0275,1.2,2.0944,1.2,2.0944,Sidewalk
379.0,297.729,3.8257,-1.08868,1.2,-2.0944,0.3223,3.3913,walk_west_up.19,velocity_selected,0.0247,1.2,-2.0944,1.2,-2.0944,Sidewalk
379.5,298.2336,4.1502,-0.04148,1.2,2.0944,0.2777,4.307,walk_west_up.19,velocity_selected,0.0229,1.2,2.0944,1.2,2.0944,Sidewalk
380.0,297.729,3.8257,-1.08868,1.2,-2.0944,0.3223,4.3632,walk_west_up.19,velocity_selected,0.0218,1.2,-2.0944,1.2,-2.0944,Sidewalk
380.5,298.2336,4.1502,-0.04148,1.2,2.0944,0.2777,5.3604,walk_west_up.19,velocity_selected,0.0202,1.2,2.0944,1.2,2.0944,Sidewalk
381.0,297.729,3.8257,-1.08868,1.2,-2.0944,0.3223,5.3613,walk_west_up.19,velocity_selected,0.02,1.2,-2.0944,1.2,-2.0944,Sidewalk
381.5,298.2336,4.1502,-0.04148,1.2,2.0944,0.2777,3.2364,walk_west_mid.12,velocity_selected,0.0316,1.2,2.0944,1.2,2.0944,Sidewalk
382.0,297.729,3.8257,-1.08868,1.2,-2.0944,0.3223,3.2942,walk_west_mid.12,velocity_selected,0.0277,1.2,-2.0944,1.2,-2.0944,Sidewalk
382.5,298.2336,4.1502,-0.04148,1.2,2.0944,0.2777,4.2949,walk_west_mid.12,velocity_selected,0.0261,1.2,2.0944,1.2,2.0944,Sidewalk
383.0,297.729,3.8257,-1.08868,1.2,-2.0944,0.3223,4.3746,walk_west_mid.12,velocity_selected,0.0244,1.2,-2.0944,1.2,-2.0944,Sidewalk
383.5,298.2336,4.1502,-0.04148,1.2,2.0944,0.2777,5.3825,walk_west_mid.12,velocity_selected,0.0229,1.2,2.0944,1.2,2.0944,Sidewalk
384.0,297.729,3.8257,-1.08868,1.2,-2.0944,0.3223,5.4771,walk_west_mid.12,velocity_selected,0.0223,1.2,-2.0944,1.2,-2.0944,Sidewalk
384.5,298.2336,4.1502,-0.04148,1.2,2.0944,0.2777,6.5357,walk_west_mid.12,velocity_selected,0.0208,1.2,2.0944,1.2,2.0944,Sidewalk
385.0,297.729,3.8257,-1.08868,1.2,-2.0944,0.3223,6.5721,walk_west_mid.12,velocity_selected,0.0182,1.2,-2.0944,1.2,-2.0944,Sidewalk
385.5,298.2336,4.1502,-0.04148,1.2,2.0944,0.2777,7.6142,walk_west_mid.12,velocity_selected,0.0193,1.2,2.0944,1.2,2.0944,Sidewalk
386.0,297.729,3.8257,-1.08868,1.2,-2.0944,0.3223,7.7015,walk_west_mid.12,velocity_selected,0.0172,1.2,-2.0944,1.2,-2.0944,Sidewalk
386.5,298.2336,4.1502,-0.04148,1.2,2.0944,0.2777,8.7806,walk_west_mid.12,velocity_selected,0.0157,1.2,2.0944,1.2,2.0944,Sidewalk
387.0,297.729,3.8257,-1.08868,1.2,-2.0944,0.3223,8.8919,walk_west_mid.12,velocity_selected,0.0164,1.2,-2.0944,1.2,-2.0944,Sidewalk
387.5,298.2336,4.1502,-0.04148,1.2,2.0944,0.2777,9.9829,walk_west_mid.12,velocity_selected,0.015,1.2,2.0944,1.2,2.0944,Sidewalk
388.0,297.729,3.8257,-1.08868,1.2,-2.0944,0.3223,10.0036,walk_west_mid.12,velocity_selected,0.0134,1.2,-2.0944,1.2,-2.0944,Sidewalk
388.5,298.2336,4.1502,-0.04148,1.2,2.0944,0.2777,11.0686,walk_west_mid.12,velocity_selected,0.012,1.2,2.0944,1.2,2.0944,Sidewalk
389.0,297.729,3.8257,-1.08868,1.2,-2.0944,0.3223,11.1141,walk_west_mid.12,velocity_selected,0.0131,1.2,-2.0944,1.2,-2.0944,Sidewalk
389.5,298.2336,4.1502,-0.04148,1.2,2.0944,0.2777,12.1979,walk_west_mid.12,velocity_selected,0.0117,1.2,2.0944,1.2,2.0944,Sidewalk
390.0,297.729,3.8257,-1.08868,1.2,-2.0944,0.3223,inf,,velocity_selected,0.0105,1.2,-2.0944,1.2,-2.0944,Sidewalk
390.5,298.2336,4.1502,-0.04148,1.2,2.0944,0.2777,inf,,velocity_selected,0.009,1.2,2.0944,1.2,2.0944,Sidewalk
391.0,297.729,3.8257,-1.08868,1.2,-2.0944,0.3223,inf,,velocity_selected,0.0105,1.2,-2.0944,1.2,-2.0944,Sidewalk
391.5,298.2336,4.1502,-0.04148,1.2,2.0944,0.2777,11.7365,walk_south.8,velocity_selected,0.0118,1.2,2.0944,1.2,2.0944,Sidewalk
392.0,297.729,3.8257,-1.08868,1.2,-2.0944,0.3223,10.7579,walk_south.8,velocity_selected,0.0152,1.2,-2.0944,1.2,-2.0944,Sidewalk
392.5,298.2336,4.1502,-0.04148,1.2,2.0944,0.2777,10.9677,walk_south.8,velocity_selected,0.012,1.2,2.0944,1.2,2.0944,Sidewalk
393.0,297.729,3.8257,-1.08868,1.2,-2.0944,0.3223,10.0927,walk_south.8,velocity_selected,0.0152,1.2,-2.0944,1.2,-2.0944,Sidewalk
393.5,298.2336,4.1502,-0.04148,1.2,2.0944,0.2777,10.3159,walk_south.8,velocity_selected,0.0122,1.2,2.0944,1.2,2.0944,Sidewalk
394.0,297.729,3.8257,-1.08868,1.2,-2.0944,0.3223,9.4987,walk_south.8,velocity_selected,0.0151,1.2,-2.0944,1.2,-2.0944,Sidewalk
394.5,298.2336,4.1502,-0.04148,1.2,2.0944,0.2777,9.773,walk_south.8,velocity_selected,0.0124,1.2,2.0944,1.2,2.0944,Sidewalk
395.0,297.729,3.8257,-1.08868,1.2,-2.0944,0.3223,9.025,walk_south.8,velocity_selected,0.0148,1.2,-2.0944,1.2,-2.0944,Sidewalk
395.5,298.2336,4.1502,-0.04148,1.2,2.0944,0.2777,3.3324,walk_west_dn.20,velocity_selected,0.0255,1.2,2.0944,1.2,2.0944,Sidewalk
396.0,297.729,3.8257,-1.08868,1.2,-2.0944,0.3223,3.18,walk_west_dn.20,velocity_selected,0.0251,1.2,-2.0944,1.2,-2.0944,Sidewalk
396.5,298.2336,4.1502,-0.04148,1.2,2.0944,0.2777,4.1912,walk_west_dn.20,velocity_selected,0.0221,1.2,2.0944,1.2,2.0944,Sidewalk
397.0,297.729,3.8257,-1.08868,1.2,-2.0944,0.3223,4.0865,walk_west_dn.20,velocity_selected,0.0221,1.2,-2.0944,1.2,-2.0944,Sidewalk
397.5,298.2336,4.1502,-0.04148,1.2,2.0944,0.2777,5.1319,walk_west_dn.20,velocity_selected,0.02,1.2,2.0944,1.2,2.0944,Sidewalk
398.0,297.729,3.8257,-1.08868,1.2,-2.0944,0.3223,5.066,walk_west_dn.20,velocity_selected,0.0203,1.2,-2.0944,1.2,-2.0944,Sidewalk
398.5,298.2336,4.1502,-0.04148,1.2,2.0944,0.2777,3.2775,walk_west_up.20,velocity_selected,0.0311,1.2,2.0944,1.2,2.0944,Sidewalk
399.0,297.729,3.8257,-1.08868,1.2,-2.0944,0.3223,3.3972,walk_west_up.20,velocity_selected,0.028,1.2,-2.0944,1.2,-2.0944,Sidewalk
399.5,298.2336,4.1502,-0.04148,1.2,2.0944,0.2777,4.3279,walk_west_up.20,velocity_selected,0.0263,1.2,2.0944,1.2,2.0944,Sidewalk
400.0,297.729,3.8257,-1.08868,1.2,-2.0944,0.3223,4.3453,walk_west_up.20,velocity_selected,0.0217,1.2,-2.0944,1.2,-2.0944,Sidewalk
400.5,298.2336,4.1502,-0.04148,1.2,2.0944,0.2777,5.3228,walk_west_up.20,velocity_selected,0.0201,1.2,2.0944,1.2,2.0944,Sidewalk
401.0,297.729,3.8257,-1.08868,1.2,-2.0944,0.3223,5.3895,walk_west_up.20,velocity_selected,0.02,1.2,-2.0944,1.2,-2.0944,Sidewalk
401.5,298.2336,4.1502,-0.04148,1.2,2.0944,0.2777,6.3871,walk_west_up.20,velocity_selected,0.0183,1.2,2.0944,1.2,2.0944,Sidewalk
402.0,297.729,3.8257,-1.08868,1.2,-2.0944,0.3223,6.4046,walk_west_up.20,velocity_selected,0.0187,1.2,-2.0944,1.2,-2.0944,Sidewalk
402.5,298.2336,4.1502,-0.04148,1.2,2.0944,0.2777,7.3986,walk_west_up.20,velocity_selected,0.0171,1.2,2.0944,1.2,2.0944,Sidewalk
403.0,297.729,3.8257,-1.08868,1.2,-2.0944,0.3223,7.4848,walk_west_up.20,velocity_selected,0.0177,1.2,-2.0944,1.2,-2.0944,Sidewalk
403.5,298.2336,4.1502,-0.04148,1.2,2.0944,0.2777,8.4681,walk_west_up.20,velocity_selected,0.0161,1.2,2.0944,1.2,2.0944,Sidewalk
404.0,297.729,3.8257,-1.08868,1.2,-2.0944,0.3223,8.5059,walk_west_up.20,velocity_selected,0.0169,1.2,-2.0944,1.2,-2.0944,Sidewalk
404.5,298.2336,4.1502,-0.04148,1.2,2.0944,0.2777,9.5506,walk_west_up.20,velocity_selected,0.0153,1.2,2.0944,1.2,2.0944,Sidewalk
405.0,297.729,3.8257,-1.08868,1.2,-2.0944,0.3223,9.564,walk_west_up.20,velocity_selected,0.0136,1.2,-2.0944,1.2,-2.0944,Sidewalk
405.5,298.2336,4.1502,-0.04148,1.2,2.0944,0.2777,10.579,walk_west_up.20,velocity_selected,0.0121,1.2,2.0944,1.2,2.0944,Sidewalk
406.0,297.729,3.8257,-1.08868,1.2,-2.0944,0.3223,10.6427,walk_west_up.20,velocity_selected,0.0133,1.2,-2.0944,1.2,-2.0944,Sidewalk
406.5,298.2336,4.1502,-0.04148,1.2,2.0944,0.2777,11.6961,walk_west_up.20,velocity_selected,0.0118,1.2,2.0944,1.2,2.0944,Sidewalk
407.0,297.729,3.8257,-1.08868,1.2,-2.0944,0.3223,inf,,velocity_selected,0.0105,1.2,-2.0944,1.2,-2.0944,Sidewalk
407.5,298.2336,4.1502,-0.04148,1.2,2.0944,0.2777,inf,,velocity_selected,0.009,1.2,2.0944,1.2,2.0944,Sidewalk
408.0,297.729,3.8257,-1.08868,1.2,-2.0944,0.3223,inf,,velocity_selected,0.0105,1.2,-2.0944,1.2,-2.0944,Sidewalk
408.5,298.2336,4.1502,-0.04148,1.2,2.0944,0.2777,inf,,velocity_selected,0.009,1.2,2.0944,1.2,2.0944,Sidewalk
409.0,297.729,3.8257,-1.08868,1.2,-2.0944,0.3223,inf,,velocity_selected,0.0105,1.2,-2.0944,1.2,-2.0944,Sidewalk
409.5,298.2336,4.1502,-0.04148,1.2,2.0944,0.2777,12.2188,walk_south.9,velocity_selected,0.0117,1.2,2.0944,1.2,2.0944,Sidewalk
410.0,297.729,3.8257,-1.08868,1.2,-2.0944,0.3223,11.2119,walk_south.9,velocity_selected,0.0151,1.2,-2.0944,1.2,-2.0944,Sidewalk
410.5,298.2336,4.1502,-0.04148,1.2,2.0944,0.2777,11.3734,walk_south.9,velocity_selected,0.0119,1.2,2.0944,1.2,2.0944,Sidewalk
411.0,297.729,3.8257,-1.08868,1.2,-2.0944,0.3223,10.4559,walk_south.9,velocity_selected,0.0152,1.2,-2.0944,1.2,-2.0944,Sidewalk
411.5,298.2336,4.1502,-0.04148,1.2,2.0944,0.2777,10.6751,walk_south.9,velocity_selected,0.0121,1.2,2.0944,1.2,2.0944,Sidewalk
412.0,297.729,3.8257,-1.08868,1.2,-2.0944,0.3223,9.8115,walk_south.9,velocity_selected,0.0151,1.2,-2.0944,1.2,-2.0944,Sidewalk
412.5,298.2336,4.1502,-0.04148,1.2,2.0944,0.2777,10.0754,walk_south.9,velocity_selected,0.0123,1.2,2.0944,1.2,2.0944,Sidewalk
413.0,297.729,3.8257,-1.08868,1.2,-2.0944,0.3223,9.2705,walk_south.9,velocity_selected,0.0149,1.2,-2.0944,1.2,-2.0944,Sidewalk
413.5,298.2336,4.1502,-0.04148,1.2,2.0944,0.2777,3.2364,walk_west_mid.13,velocity_selected,0.0256,1.2,2.0944,1.2,2.0944,Sidewalk
414.0,297.729,3.8257,-1.08868,1.2,-2.0944,0.3223,3.2807,walk_west_mid.13,velocity_selected,0.0237,1.2,-2.0944,1.2,-2.0944,Sidewalk
414.5,298.2336,4.1502,-0.04148,1.2,2.0944,0.2777,4.3541,walk_west_mid.13,velocity_selected,0.0215,1.2,2.0944,1.2,2.0944,Sidewalk
415.0,297.729,3.8257,-1.08868,1.2,-2.0944,0.3223,2.771,walk_west_dn.21,velocity_selected,0.0695,1.2,-2.0944,1.2,-2.0944,Sidewalk
415.5,298.2336,4.1502,-0.04148,1.2,2.0944,0.2777,3.8187,walk_west_dn.21,velocity_selected,0.0301,1.2,2.0944,1.2,2.0944,Sidewalk
416.0,297.729,3.8257,-1.08868,1.2,-2.0944,0.3223,3.7516,walk_west_dn.21,velocity_selected,0.0278,1.2,-2.0944,1.2,-2.0944,Sidewalk
416.5,298.2336,4.1502,-0.04148,1.2,2.0944,0.2777,4.781,walk_west_dn.21,velocity_selected,0.0261,1.2,2.0944,1.2,2.0944,Sidewalk
417.0,297.729,3.8257,-1.08868,1.2,-2.0944,0.3223,4.6533,walk_west_dn.21,velocity_selected,0.0257,1.2,-2.0944,1.2,-2.0944,Sidewalk
417.5,298.2336,4.1502,-0.04148,1.2,2.0944,0.2777,5.6985,walk_west_dn.21,velocity_selected,0.0236,1.2,2.0944,1.2,2.0944,Sidewalk
418.0,297.729,3.8257,-1.08868,1.2,-2.0944,0.3223,5.6189,walk_west_dn.21,velocity_selected,0.0235,1.2,-2.0944,1.2,-2.0944,Sidewalk
418.5,298.2336,4.1502,-0.04148,1.2,2.0944,0.2777,3.2775,walk_west_up.21,velocity_selected,0.0307,1.2,2.0944,1.2,2.0944,Sidewalk
419.0,297.729,3.8257,-1.08868,1.2,-2.0944,0.3223,3.3669,walk_west_up.21,velocity_selected,0.0274,1.2,-2.0944,1.2,-2.0944,Sidewalk
419.5,298.2336,4.1502,-0.04148,1.2,2.0944,0.2777,4.2804,walk_west_up.21,velocity_selected,0.0258,1.2,2.0944,1.2,2.0944,Sidewalk
420.0,297.729,3.8257,-1.08868,1.2,-2.0944,0.3223,4.2977,walk_west_up.21,velocity_selected,0.0247,1.2,-2.0944,1.2,-2.0944,Sidewalk
420.5,298.2336,4.1502,-0.04148,1.2,2.0944,0.2777,5.2159,walk_west_up.21,velocity_selected,0.023,1.2,2.0944,1.2,2.0944,Sidewalk
