time,x,y,yaw,v,w,goal_distance,min_person_dist,closest_person,total_cost,action_linear_x,action_angular_z,observation_state_linear_x,observation_state_angular_z,observation_state_road_type
0.5,2.08,3.9972,-0.03491,0.16,-0.06981,295.92,2.9201,walk_east_mid.0,532.9157,0.16,-0.06981,0.16,-0.06981,Sidewalk
1.0,2.2399,3.9916,-0.03491,0.32,-0.0,295.7601,3.1841,walk_east_up.0,531.7098,0.32,-0.0,0.32,-0.0,Sidewalk
1.5,2.4992,3.9735,-0.06981,0.52,-0.06981,295.5008,3.2626,walk_east_up.0,530.2911,0.52,-0.06981,0.52,-0.06981,Sidewalk
2.0,2.8583,3.9484,-0.06981,0.72,-0.0,295.1417,3.3132,walk_east_up.0,528.8842,0.72,-0.0,0.72,-0.0,Sidewalk
2.5,3.276,3.9045,-0.10472,0.84,-0.06981,294.724,3.2569,walk_east_up.0,527.7869,0.84,-0.06981,0.84,-0.06981,Sidewalk
3.0,3.7136,3.8585,-0.10472,0.88,-0.0,294.2864,3.2221,walk_east_up.0,526.9515,0.88,-0.0,0.88,-0.0,Sidewalk
3.5,4.1295,3.8,-0.13963,0.84,-0.06981,293.8705,3.2201,walk_east_up.0,526.1643,0.84,-0.06981,0.84,-0.06981,Sidewalk
4.0,4.5653,3.7388,-0.13963,0.88,-0.0,293.4349,3.1893,walk_east_up.0,525.224,0.88,-0.0,0.88,-0.0,Sidewalk
4.5,5.0227,3.6907,-0.10472,0.92,0.06981,292.9774,3.0828,walk_east_up.0,524.9131,0.92,0.06981,0.92,0.06981,Sidewalk
5.0,5.4603,3.6447,-0.10472,0.88,-0.0,292.5399,3.0103,walk_east_up.0,523.5245,0.88,-0.0,0.88,-0.0,Sidewalk
5.5,5.9192,3.6126,-0.06981,0.92,0.06981,292.081,2.931,walk_east_up.0,523.4561,0.92,0.06981,0.92,0.06981,Sidewalk
6.0,6.3581,3.5819,-0.06981,0.88,-0.0,291.6422,2.8374,walk_east_up.0,521.9306,0.88,-0.0,0.88,-0.0,Sidewalk
6.5,6.7361,3.5422,-0.10472,0.76,-0.06981,291.2643,2.8566,walk_east_up.0,521.4739,0.76,-0.06981,0.76,-0.06981,Sidewalk
7.0,7.1736,3.4962,-0.10472,0.88,-0.0,290.8268,2.8112,walk_east_up.0,520.2332,0.88,-0.0,0.88,-0.0,Sidewalk
7.5,7.6325,3.4641,-0.06981,0.92,0.06981,290.368,2.71,walk_east_up.0,519.6538,0.92,0.06981,0.92,0.06981,Sidewalk
8.0,8.0715,3.4334,-0.06981,0.88,-0.0,289.9291,2.6269,walk_east_up.0,518.5434,0.88,-0.0,0.88,-0.0,Sidewalk
8.5,8.5312,3.4174,-0.03491,0.92,0.06981,289.4694,2.5864,walk_east_up.0,518.0991,0.92,0.06981,0.92,0.06981,Sidewalk
9.0,8.9709,3.402,-0.03491,0.88,-0.0,289.0297,2.505,walk_east_up.0,516.9857,0.88,-0.0,0.88,-0.0,Sidewalk
9.5,9.4309,3.402,-0.0,0.92,0.06981,288.5697,2.4453,walk_east_up.0,516.6328,0.92,0.06981,0.92,0.06981,Sidewalk
10.0,9.8709,3.402,-0.0,0.88,-0.0,288.1297,2.3813,walk_east_up.0,515.4631,0.88,-0.0,0.88,-0.0,Sidewalk
10.5,10.3306,3.4181,0.03491,0.92,0.06981,287.67,2.291,walk_east_up.0,515.1971,0.92,0.06981,0.92,0.06981,Sidewalk
11.0,10.7704,3.4334,0.03491,0.88,-0.0,287.2302,2.1976,walk_east_up.0,514.0538,0.88,-0.0,0.88,-0.0,Sidewalk
11.5,11.2304,3.4334,-0.0,0.92,-0.06981,286.7702,2.1235,walk_east_up.0,512.7049,0.92,-0.06981,0.92,-0.06981,Sidewalk
12.0,11.6704,3.4334,-0.0,0.88,-0.0,286.3302,2.0621,walk_east_up.0,512.2958,0.88,-0.0,0.88,-0.0,Sidewalk
12.5,12.0901,3.4188,-0.03491,0.84,-0.06981,285.9105,2.0033,walk_east_up.0,511.5993,0.84,-0.06981,0.84,-0.06981,Sidewalk
13.0,12.5298,3.4034,-0.03491,0.88,-0.0,285.4708,1.9352,walk_east_up.0,510.6209,0.88,-0.0,0.88,-0.0,Sidewalk
13.5,12.9898,3.4034,-0.0,0.92,0.06981,285.0108,1.885,walk_east_up.0,509.8958,0.92,0.06981,0.92,0.06981,Sidewalk
14.0,13.4298,3.4034,-0.0,0.88,-0.0,284.5708,1.8215,walk_east_up.0,509.0847,0.88,-0.0,0.88,-0.0,Sidewalk
14.5,13.8896,3.4195,0.03491,0.92,0.06981,284.111,1.7414,walk_east_up.0,508.421,0.92,0.06981,0.92,0.06981,Sidewalk
15.0,14.3293,3.4348,0.03491,0.88,-0.0,283.6713,1.6985,walk_east_up.0,507.5938,0.88,-0.0,0.88,-0.0,Sidewalk
15.5,14.7893,3.4348,-0.0,0.92,-0.06981,283.2113,1.6385,walk_east_up.0,506.4299,0.92,-0.06981,0.92,-0.06981,Sidewalk
16.0,15.2293,3.4348,-0.0,0.88,-0.0,282.7713,1.5888,walk_east_up.0,505.8959,0.88,-0.0,0.88,-0.0,Sidewalk
16.5,15.689,3.4509,0.03491,0.92,0.06981,282.3115,1.5114,walk_east_up.0,505.1313,0.92,0.06981,0.92,0.06981,Sidewalk
17.0,16.1287,3.4662,0.03491,0.88,-0.0,281.8718,1.4773,walk_east_up.0,504.4126,0.88,-0.0,0.88,-0.0,Sidewalk
17.5,16.5887,3.4662,-0.0,0.92,-0.06981,281.4118,1.4371,walk_east_up.0,503.251,0.92,-0.06981,0.92,-0.06981,Sidewalk
18.0,17.0287,3.4662,-0.0,0.88,-0.0,280.9718,1.4002,walk_east_up.0,502.6962,0.88,-0.0,0.88,-0.0,Sidewalk
18.5,17.4885,3.4823,0.03491,0.92,0.06981,280.512,1.3534,walk_east_up.0,501.8769,0.92,0.06981,0.92,0.06981,Sidewalk
19.0,17.9282,3.4977,0.03491,0.88,-0.0,280.0723,1.3176,walk_east_up.0,501.1943,0.88,-0.0,0.88,-0.0,Sidewalk
19.5,18.3882,3.4977,-0.0,0.92,-0.06981,279.6123,1.2945,walk_east_up.0,500.1434,0.92,-0.06981,0.92,-0.06981,Sidewalk
20.0,18.8282,3.4977,-0.0,0.88,-0.0,279.1723,1.281,walk_east_up.0,499.5532,0.88,-0.0,0.88,-0.0,Sidewalk
20.5,19.2879,3.4816,-0.03491,0.92,-0.06981,278.7126,1.2679,walk_east_up.0,498.4844,0.92,-0.06981,0.92,-0.06981,Sidewalk
21.0,19.7276,3.4662,-0.03491,0.88,-0.0,278.2729,1.2704,walk_east_up.0,497.8366,0.88,-0.0,0.88,-0.0,Sidewalk
21.5,20.1876,3.4662,-0.0,0.92,0.06981,277.8129,1.2403,walk_east_up.0,496.8536,0.92,0.06981,0.92,0.06981,Sidewalk
22.0,20.6276,3.4662,-0.0,0.88,-0.0,277.3729,1.2303,walk_east_up.0,496.2249,0.88,-0.0,0.88,-0.0,Sidewalk
22.5,21.0874,3.4823,0.03491,0.92,0.06981,276.9131,1.2073,walk_east_up.0,495.2929,0.92,0.06981,0.92,0.06981,Sidewalk
23.0,21.5271,3.4977,0.03491,0.88,-0.0,276.4734,1.1875,walk_east_up.0,494.6977,0.88,-0.0,0.88,-0.0,Sidewalk
23.5,21.9871,3.4977,-0.0,0.92,-0.06981,276.0134,1.1926,walk_east_up.0,493.6919,0.92,-0.06981,0.92,-0.06981,Sidewalk
24.0,22.4271,3.4977,-0.0,0.88,-0.0,275.5734,1.202,walk_east_up.0,493.0443,0.88,-0.0,0.88,-0.0,Sidewalk
24.5,22.8868,3.4816,-0.03491,0.92,-0.06981,275.1137,1.245,walk_east_up.0,491.9905,0.92,-0.06981,0.92,-0.06981,Sidewalk
25.0,23.3265,3.4662,-0.03491,0.88,-0.0,274.674,1.2705,walk_east_up.0,491.2938,0.88,-0.0,0.88,-0.0,Sidewalk
25.5,23.7865,3.4662,-0.0,0.92,0.06981,274.214,1.3092,walk_east_up.0,490.2172,0.92,0.06981,0.92,0.06981,Sidewalk
26.0,24.2265,3.4662,-0.0,0.88,-0.0,273.774,1.3371,walk_east_up.0,489.5547,0.88,-0.0,0.88,-0.0,Sidewalk
26.5,24.6863,3.4823,0.03491,0.92,0.06981,273.3142,1.3488,walk_east_up.0,488.5563,0.92,0.06981,0.92,0.06981,Sidewalk
27.0,25.126,3.4977,0.03491,0.88,-0.0,272.8745,1.3537,walk_east_up.0,487.91,0.88,-0.0,0.88,-0.0,Sidewalk
27.5,25.586,3.4977,-0.0,0.92,-0.06981,272.4145,1.404,walk_east_up.0,486.842,0.92,-0.06981,0.92,-0.06981,Sidewalk
28.0,26.026,3.4977,-0.0,0.88,-0.0,271.9745,1.4517,walk_east_up.0,486.1518,0.88,-0.0,0.88,-0.0,Sidewalk
28.5,26.4857,3.4816,-0.03491,0.92,-0.06981,271.5148,1.5402,walk_east_up.0,485.0835,0.92,-0.06981,0.92,-0.06981,Sidewalk
29.0,26.9254,3.4662,-0.03491,0.88,-0.0,271.0751,1.582,walk_east_up.0,484.3919,0.88,-0.0,0.88,-0.0,Sidewalk
29.5,27.3854,3.4662,-0.0,0.92,0.06981,270.6151,1.657,walk_east_up.0,483.3131,0.92,0.06981,0.92,0.06981,Sidewalk
30.0,27.8254,3.4662,-0.0,0.88,-0.0,270.1751,1.7166,walk_east_up.0,482.646,0.88,-0.0,0.88,-0.0,Sidewalk
30.5,28.2852,3.4823,0.03491,0.92,0.06981,269.7153,1.7462,walk_east_up.0,481.6427,0.92,0.06981,0.92,0.06981,Sidewalk
31.0,28.7249,3.4977,0.03491,0.88,-0.0,269.2756,1.7658,walk_east_up.0,480.989,0.88,-0.0,0.88,-0.0,Sidewalk
31.5,29.1849,3.4977,-0.0,0.92,-0.06981,268.8156,1.8424,walk_east_up.0,479.9402,0.92,-0.06981,0.92,-0.06981,Sidewalk
32.0,29.6249,3.4977,-0.0,0.88,-0.0,268.3756,1.8998,walk_east_up.0,479.2761,0.88,-0.0,0.88,-0.0,Sidewalk
32.5,30.0846,3.5137,0.03491,0.92,0.06981,267.9158,1.9319,walk_east_up.0,478.2769,0.92,0.06981,0.92,0.06981,Sidewalk
33.0,30.5244,3.5291,0.03491,0.88,-0.0,267.4761,1.988,walk_east_up.0,477.6056,0.88,-0.0,0.88,-0.0,Sidewalk
33.5,30.9844,3.5291,-0.0,0.92,-0.06981,267.0161,2.0838,walk_east_up.0,476.5607,0.92,-0.06981,0.92,-0.06981,Sidewalk
34.0,31.4244,3.5291,-0.0,0.88,-0.0,266.5761,2.1361,walk_east_up.0,475.909,0.88,-0.0,0.88,-0.0,Sidewalk
34.5,31.8841,3.5451,0.03491,0.92,0.06981,266.1163,2.1816,walk_east_up.0,474.9093,0.92,0.06981,0.92,0.06981,Sidewalk
35.0,32.3238,3.5605,0.03491,0.88,-0.0,265.6766,2.2126,walk_east_up.0,474.2565,0.88,-0.0,0.88,-0.0,Sidewalk
35.5,32.7838,3.5605,-0.0,0.92,-0.06981,265.2166,2.2996,walk_east_up.0,473.226,0.92,-0.06981,0.92,-0.06981,Sidewalk
36.0,33.2238,3.5605,-0.0,0.88,-0.0,264.7766,2.3882,walk_east_up.0,472.5667,0.88,-0.0,0.88,-0.0,Sidewalk
36.5,33.6835,3.5765,0.03491,0.92,0.06981,264.3168,2.4665,walk_east_up.0,471.5614,0.92,0.06981,0.92,0.06981,Sidewalk
37.0,34.1233,3.5919,0.03491,0.88,-0.0,263.8771,2.5577,walk_east_up.0,470.8932,0.88,-0.0,0.88,-0.0,Sidewalk
37.5,34.5833,3.5919,-0.0,0.92,-0.06981,263.4171,2.6623,walk_east_up.0,469.8676,0.92,-0.06981,0.92,-0.06981,Sidewalk
38.0,35.0233,3.5919,-0.0,0.88,-0.0,262.9771,2.742,walk_east_up.0,469.2205,0.88,-0.0,0.88,-0.0,Sidewalk
38.5,35.483,3.6079,0.03491,0.92,0.06981,262.5173,2.8259,walk_east_up.0,468.2216,0.92,0.06981,0.92,0.06981,Sidewalk
39.0,35.9227,3.6233,0.03491,0.88,-0.0,262.0776,2.9209,walk_east_up.0,467.56,0.88,-0.0,0.88,-0.0,Sidewalk
39.5,36.3827,3.6233,-0.0,0.92,-0.06981,261.6176,2.987,walk_east_up.0,466.5498,0.92,-0.06981,0.92,-0.06981,Sidewalk
40.0,36.8227,3.6233,-0.0,0.88,-0.0,261.1776,3.0314,walk_east_up.0,465.9149,0.88,-0.0,0.88,-0.0,Sidewalk
40.5,37.2824,3.6393,0.03491,0.92,0.06981,260.7178,3.1023,walk_east_up.0,464.9232,0.92,0.06981,0.92,0.06981,Sidewalk
41.0,37.7222,3.6547,0.03491,0.88,-0.0,260.2781,3.1298,walk_east_up.0,464.2778,0.88,-0.0,0.88,-0.0,Sidewalk
41.5,38.1822,3.6547,-0.0,0.92,-0.06981,259.8181,3.2301,walk_east_up.0,463.2633,0.92,-0.06981,0.92,-0.06981,Sidewalk
42.0,38.6222,3.6547,-0.0,0.88,-0.0,259.3781,3.165,walk_east_mid.1,462.6494,0.88,-0.0,0.88,-0.0,Sidewalk
42.5,39.0819,3.6708,0.03491,0.92,0.06981,258.9183,3.032,walk_east_mid.1,461.6977,0.92,0.06981,0.92,0.06981,Sidewalk
43.0,39.5216,3.6861,0.03491,0.88,-0.0,258.4786,2.9293,walk_east_mid.1,461.0789,0.88,-0.0,0.88,-0.0,Sidewalk
43.5,39.9816,3.6861,-0.0,0.92,-0.06981,258.0186,2.8782,walk_east_mid.1,460.0935,0.92,-0.06981,0.92,-0.06981,Sidewalk
44.0,40.4216,3.6861,-0.0,0.88,-0.0,257.5786,2.7207,walk_east_mid.1,459.5067,0.88,-0.0,0.88,-0.0,Sidewalk
44.5,40.8813,3.7022,0.03491,0.92,0.06981,257.1188,2.5907,walk_east_mid.1,458.5656,0.92,0.06981,0.92,0.06981,Sidewalk
45.0,41.3211,3.7175,0.03491,0.88,-0.0,256.6791,2.4324,walk_east_mid.1,457.9746,0.88,-0.0,0.88,-0.0,Sidewalk
45.5,41.7811,3.7175,-0.0,0.92,-0.06981,256.2191,2.3334,walk_east_mid.1,457.0128,0.92,-0.06981,0.92,-0.06981,Sidewalk
46.0,42.2211,3.7175,-0.0,0.88,-0.0,255.7791,2.1811,walk_east_mid.1,456.4498,0.88,-0.0,0.88,-0.0,Sidewalk
46.5,42.6808,3.7336,0.03491,0.92,0.06981,255.3194,2.1045,walk_east_mid.1,455.5088,0.92,0.06981,0.92,0.06981,Sidewalk
47.0,43.1205,3.7489,0.03491,0.88,-0.0,254.8796,2.0404,walk_east_mid.1,454.8998,0.88,-0.0,0.88,-0.0,Sidewalk
47.5,43.5805,3.7489,-0.0,0.92,-0.06981,254.4196,1.9569,walk_east_mid.1,453.948,0.92,-0.06981,0.92,-0.06981,Sidewalk
48.0,44.0205,3.7489,-0.0,0.88,-0.0,253.9796,1.875,walk_east_mid.1,453.3733,0.88,-0.0,0.88,-0.0,Sidewalk
48.5,44.4802,3.765,0.03491,0.92,0.06981,253.5199,1.8037,walk_east_mid.1,452.4456,0.92,0.06981,0.92,0.06981,Sidewalk
49.0,44.92,3.7803,0.03491,0.88,-0.0,253.0801,1.7116,walk_east_mid.1,451.8744,0.88,-0.0,0.88,-0.0,Sidewalk
49.5,45.38,3.7803,-0.0,0.92,-0.06981,252.6201,1.5765,walk_east_mid.1,450.9989,0.92,-0.06981,0.92,-0.06981,Sidewalk
50.0,45.82,3.7803,-0.0,0.88,-0.0,252.1801,1.4835,walk_east_mid.1,450.4767,0.88,-0.0,0.88,-0.0,Sidewalk
50.5,46.2797,3.7643,-0.03491,0.92,-0.06981,251.7204,1.4426,walk_east_mid.1,449.5585,0.92,-0.06981,0.92,-0.06981,Sidewalk
51.0,46.7194,3.7489,-0.03491,0.88,-0.0,251.2807,1.5422,walk_east_mid.1,448.7957,0.88,-0.0,0.88,-0.0,Sidewalk
51.5,47.1794,3.7489,-0.0,0.92,0.06981,250.8207,1.4576,walk_east_mid.1,447.8894,0.92,0.06981,0.92,0.06981,Sidewalk
52.0,47.6194,3.7489,-0.0,0.88,-0.0,250.3807,1.4804,walk_east_mid.1,447.242,0.88,-0.0,0.88,-0.0,Sidewalk
52.5,48.0791,3.765,0.03491,0.92,0.06981,249.921,1.5072,walk_east_mid.1,446.2348,0.92,0.06981,0.92,0.06981,Sidewalk
53.0,48.5189,3.7803,0.03491,0.88,-0.0,249.4812,1.4558,walk_east_mid.1,445.6549,0.88,-0.0,0.88,-0.0,Sidewalk
53.5,48.9789,3.7803,-0.0,0.92,-0.06981,249.0212,1.4307,walk_east_mid.1,444.6892,0.92,-0.06981,0.92,-0.06981,Sidewalk
54.0,49.4189,3.7803,-0.0,0.88,-0.0,248.5812,1.4786,walk_east_mid.1,444.0047,0.88,-0.0,0.88,-0.0,Sidewalk
54.5,49.8786,3.7643,-0.03491,0.92,-0.06981,248.1215,1.4567,walk_east_mid.1,443.0626,0.92,-0.06981,0.92,-0.06981,Sidewalk
55.0,50.3183,3.7489,-0.03491,0.88,-0.0,247.6818,1.5385,walk_east_mid.1,442.3217,0.88,-0.0,0.88,-0.0,Sidewalk
55.5,50.7783,3.7489,-0.0,0.92,0.06981,247.2218,1.4367,walk_east_mid.1,441.4381,0.92,0.06981,0.92,0.06981,Sidewalk
56.0,51.2183,3.7489,-0.0,0.88,-0.0,246.7818,1.4607,walk_east_mid.1,440.788,0.88,-0.0,0.88,-0.0,Sidewalk
56.5,51.678,3.765,0.03491,0.92,0.06981,246.3221,1.508,walk_east_mid.1,439.7558,0.92,0.06981,0.92,0.06981,Sidewalk
57.0,52.1178,3.7803,0.03491,0.88,-0.0,245.8823,1.4231,walk_east_mid.1,439.2193,0.88,-0.0,0.88,-0.0,Sidewalk
57.5,52.5778,3.7803,-0.0,0.92,-0.06981,245.4223,1.5085,walk_east_mid.1,438.1159,0.92,-0.06981,0.92,-0.06981,Sidewalk
58.0,53.0178,3.7803,-0.0,0.88,-0.0,244.9823,1.4722,walk_east_mid.1,437.5343,0.88,-0.0,0.88,-0.0,Sidewalk
58.5,53.4775,3.7643,-0.03491,0.92,-0.06981,244.5226,1.4311,walk_east_mid.1,436.6175,0.92,-0.06981,0.92,-0.06981,Sidewalk
59.0,53.9172,3.7489,-0.03491,0.88,-0.0,244.0829,1.5406,walk_east_mid.1,435.8414,0.88,-0.0,0.88,-0.0,Sidewalk
59.5,54.3772,3.7489,-0.0,0.92,0.06981,243.6229,1.5084,walk_east_mid.1,434.8727,0.92,0.06981,0.92,0.06981,Sidewalk
60.0,54.8172,3.7489,-0.0,0.88,-0.0,243.1829,1.4627,walk_east_mid.1,434.3075,0.88,-0.0,0.88,-0.0,Sidewalk
60.5,55.2769,3.7329,-0.03491,0.92,-0.06981,242.7232,1.4528,walk_east_mid.1,433.3515,0.92,-0.06981,0.92,-0.06981,Sidewalk
61.0,55.7167,3.7175,-0.03491,0.88,-0.0,242.2835,1.5293,walk_east_mid.1,432.6153,0.88,-0.0,0.88,-0.0,Sidewalk
61.5,56.1767,3.7175,-0.0,0.92,0.06981,241.8235,1.5124,walk_east_mid.1,431.6294,0.92,0.06981,0.92,0.06981,Sidewalk
62.0,56.6167,3.7175,-0.0,0.88,-0.0,241.3835,1.5134,walk_east_mid.1,431.0091,0.88,-0.0,0.88,-0.0,Sidewalk
62.5,57.0764,3.7336,0.03491,0.92,0.06981,240.9238,1.5193,walk_east_mid.1,430.0261,0.92,0.06981,0.92,0.06981,Sidewalk
63.0,57.5161,3.7489,0.03491,0.88,-0.0,240.484,1.4513,walk_east_mid.1,429.466,0.88,-0.0,0.88,-0.0,Sidewalk
63.5,57.9761,3.7489,-0.0,0.92,-0.06981,240.024,1.5043,walk_east_mid.1,428.4045,0.92,-0.06981,0.92,-0.06981,Sidewalk
64.0,58.4161,3.7489,-0.0,0.88,-0.0,239.584,1.4728,walk_east_mid.1,427.8171,0.88,-0.0,0.88,-0.0,Sidewalk
64.5,58.8758,3.765,0.03491,0.92,0.06981,239.1243,1.4748,walk_east_mid.1,426.8387,0.92,0.06981,0.92,0.06981,Sidewalk
65.0,59.3156,3.7803,0.03491,0.88,-0.0,238.6845,1.4982,walk_east_mid.1,426.1697,0.88,-0.0,0.88,-0.0,Sidewalk
65.5,59.7756,3.7803,-0.0,0.92,-0.06981,238.2245,1.4584,walk_east_mid.1,425.2196,0.92,-0.06981,0.92,-0.06981,Sidewalk
66.0,60.2156,3.7803,-0.0,0.88,-0.0,237.7845,1.5013,walk_east_mid.1,424.5438,0.88,-0.0,0.88,-0.0,Sidewalk
66.5,60.6753,3.7643,-0.03491,0.92,-0.06981,237.3248,1.4264,walk_east_mid.1,423.6677,0.92,-0.06981,0.92,-0.06981,Sidewalk
67.0,61.115,3.7489,-0.03491,0.88,-0.0,236.8851,1.4525,walk_east_mid.1,422.9881,0.88,-0.0,0.88,-0.0,Sidewalk
67.5,61.575,3.7489,-0.0,0.92,0.06981,236.4251,1.5266,walk_east_mid.1,421.8963,0.92,0.06981,0.92,0.06981,Sidewalk
68.0,62.015,3.7489,-0.0,0.88,-0.0,235.9851,1.5462,walk_east_mid.1,421.2555,0.88,-0.0,0.88,-0.0,Sidewalk
68.5,62.4748,3.7329,-0.03491,0.92,-0.06981,235.5254,1.4441,walk_east_mid.1,420.4066,0.92,-0.06981,0.92,-0.06981,Sidewalk
69.0,62.9145,3.7175,-0.03491,0.88,-0.0,235.0857,1.4478,walk_east_mid.1,419.7557,0.88,-0.0,0.88,-0.0,Sidewalk
69.5,63.3745,3.7175,-0.0,0.92,0.06981,234.6257,1.4734,walk_east_mid.1,418.719,0.92,0.06981,0.92,0.06981,Sidewalk
70.0,63.8145,3.7175,-0.0,0.88,-0.0,234.1857,1.4491,walk_east_mid.1,418.1301,0.88,-0.0,0.88,-0.0,Sidewalk
70.5,64.2742,3.7336,0.03491,0.92,0.06981,233.7259,1.473,walk_east_mid.1,417.1239,0.92,0.06981,0.92,0.06981,Sidewalk
71.0,64.7139,3.7489,0.03491,0.88,-0.0,233.2862,1.4384,walk_east_mid.1,416.5264,0.88,-0.0,0.88,-0.0,Sidewalk
71.5,65.1739,3.7489,-0.0,0.92,-0.06981,232.8262,1.5105,walk_east_mid.1,415.4414,0.92,-0.06981,0.92,-0.06981,Sidewalk
72.0,65.6139,3.7489,-0.0,0.88,-0.0,232.3862,1.5087,walk_east_mid.1,414.8188,0.88,-0.0,0.88,-0.0,Sidewalk
72.5,66.0737,3.765,0.03491,0.92,0.06981,231.9265,1.527,walk_east_mid.1,413.8224,0.92,0.06981,0.92,0.06981,Sidewalk
73.0,66.5134,3.7803,0.03491,0.88,-0.0,231.4867,1.4254,walk_east_mid.1,413.3041,0.88,-0.0,0.88,-0.0,Sidewalk
73.5,66.9734,3.7803,-0.0,0.92,-0.06981,231.0267,1.5161,walk_east_mid.1,412.1953,0.92,-0.06981,0.92,-0.06981,Sidewalk
74.0,67.4134,3.7803,-0.0,0.88,-0.0,230.5867,1.5173,walk_east_mid.1,411.5695,0.88,-0.0,0.88,-0.0,Sidewalk
74.5,67.8731,3.7964,0.03491,0.92,0.06981,230.127,1.507,walk_east_mid.1,410.6058,0.92,0.06981,0.92,0.06981,Sidewalk
75.0,68.3128,3.8118,0.03491,0.88,-0.0,229.6872,1.4898,walk_east_mid.1,409.9841,0.88,-0.0,0.88,-0.0,Sidewalk
75.5,68.7728,3.8118,-0.0,0.92,-0.06981,229.2272,1.4997,walk_east_mid.1,408.9742,0.92,-0.06981,0.92,-0.06981,Sidewalk
76.0,69.2128,3.8118,-0.0,0.88,-0.0,228.7872,1.4745,walk_east_mid.1,408.3801,0.88,-0.0,0.88,-0.0,Sidewalk
76.5,69.6726,3.8278,0.03491,0.92,0.06981,228.3275,1.5089,walk_east_mid.1,407.3647,0.92,0.06981,0.92,0.06981,Sidewalk
77.0,70.1123,3.8432,0.03491,0.88,-0.0,227.8878,1.4215,walk_east_mid.1,406.8307,0.88,-0.0,0.88,-0.0,Sidewalk
77.5,70.5723,3.8432,-0.0,0.92,-0.06981,227.4278,1.4308,walk_east_mid.1,405.8196,0.92,-0.06981,0.92,-0.06981,Sidewalk
78.0,71.0123,3.8432,-0.0,0.88,-0.0,226.9878,1.4958,walk_east_mid.1,405.1153,0.88,-0.0,0.88,-0.0,Sidewalk
78.5,71.472,3.8271,-0.03491,0.92,-0.06981,226.5281,1.4452,walk_east_mid.1,404.2074,0.92,-0.06981,0.92,-0.06981,Sidewalk
79.0,71.9117,3.8118,-0.03491,0.88,-0.0,226.0883,1.4914,walk_east_mid.1,403.5055,0.88,-0.0,0.88,-0.0,Sidewalk
79.5,72.3717,3.8118,-0.0,0.92,0.06981,225.6283,1.4381,walk_east_mid.1,402.5678,0.92,0.06981,0.92,0.06981,Sidewalk
80.0,72.8117,3.8118,-0.0,0.88,-0.0,225.1883,1.4611,walk_east_mid.1,401.9184,0.88,-0.0,0.88,-0.0,Sidewalk
80.5,73.2715,3.8278,0.03491,0.92,0.06981,224.7286,1.5237,walk_east_mid.1,400.87,0.92,0.06981,0.92,0.06981,Sidewalk
81.0,73.7112,3.8432,0.03491,0.88,-0.0,224.2889,1.4303,walk_east_mid.1,400.341,0.88,-0.0,0.88,-0.0,Sidewalk
81.5,74.1712,3.8432,-0.0,0.92,-0.06981,223.8289,1.464,walk_east_mid.1,399.2992,0.92,-0.06981,0.92,-0.06981,Sidewalk
82.0,74.6112,3.8432,-0.0,0.88,-0.0,223.3889,1.4436,walk_east_mid.1,398.7012,0.88,-0.0,0.88,-0.0,Sidewalk
82.5,75.0709,3.8271,-0.03491,0.92,-0.06981,222.9292,1.4478,walk_east_mid.1,397.7261,0.92,-0.06981,0.92,-0.06981,Sidewalk
83.0,75.5106,3.8118,-0.03491,0.88,-0.0,222.4894,1.4264,walk_east_mid.1,397.1087,0.88,-0.0,0.88,-0.0,Sidewalk
83.5,75.9706,3.8118,-0.0,0.92,0.06981,222.0294,1.4537,walk_east_mid.1,396.0698,0.92,0.06981,0.92,0.06981,Sidewalk
84.0,76.4106,3.8118,-0.0,0.88,-0.0,221.5894,1.4345,walk_east_mid.1,395.4743,0.88,-0.0,0.88,-0.0,Sidewalk
84.5,76.8704,3.8278,0.03491,0.92,0.06981,221.1297,1.5176,walk_east_mid.1,394.3987,0.92,0.06981,0.92,0.06981,Sidewalk
85.0,77.3101,3.8432,0.03491,0.88,-0.0,220.69,1.5287,walk_east_mid.1,393.7444,0.88,-0.0,0.88,-0.0,Sidewalk
85.5,77.7701,3.8432,-0.0,0.92,-0.06981,220.23,1.4312,walk_east_mid.1,392.863,0.92,-0.06981,0.92,-0.06981,Sidewalk
86.0,78.2101,3.8432,-0.0,0.88,-0.0,219.79,1.4784,walk_east_mid.1,392.1799,0.88,-0.0,0.88,-0.0,Sidewalk
86.5,78.6698,3.8271,-0.03491,0.92,-0.06981,219.3303,1.448,walk_east_mid.1,391.2478,0.92,-0.06981,0.92,-0.06981,Sidewalk
87.0,79.1095,3.8118,-0.03491,0.88,-0.0,218.8905,1.5231,walk_east_mid.1,390.5132,0.88,-0.0,0.88,-0.0,Sidewalk
87.5,79.5695,3.8118,-0.0,0.92,0.06981,218.4305,1.4816,walk_east_mid.1,389.5575,0.92,0.06981,0.92,0.06981,Sidewalk
88.0,80.0095,3.8118,-0.0,0.88,-0.0,217.9905,1.4896,walk_east_mid.1,388.928,0.88,-0.0,0.88,-0.0,Sidewalk
88.5,80.4693,3.8278,0.03491,0.92,0.06981,217.5308,1.53,walk_east_mid.1,387.907,0.92,0.06981,0.92,0.06981,Sidewalk
89.0,80.909,3.8432,0.03491,0.88,-0.0,217.0911,1.4133,walk_east_mid.1,387.4077,0.88,-0.0,0.88,-0.0,Sidewalk
89.5,81.369,3.8432,-0.0,0.92,-0.06981,216.6311,1.5211,walk_east_mid.1,386.2762,0.92,-0.06981,0.92,-0.06981,Sidewalk
90.0,81.809,3.8432,-0.0,0.88,-0.0,216.1911,1.5308,walk_east_mid.1,385.6417,0.88,-0.0,0.88,-0.0,Sidewalk
90.5,82.2687,3.8271,-0.03491,0.92,-0.06981,215.7313,1.4258,walk_east_mid.1,384.7988,0.92,-0.06981,0.92,-0.06981,Sidewalk
91.0,82.7085,3.8118,-0.03491,0.88,-0.0,215.2916,1.5108,walk_east_mid.1,384.0491,0.88,-0.0,0.88,-0.0,Sidewalk
91.5,83.1685,3.8118,-0.0,0.92,0.06981,214.8316,1.4536,walk_east_mid.1,383.1139,0.92,0.06981,0.92,0.06981,Sidewalk
92.0,83.6085,3.8118,-0.0,0.88,-0.0,214.3916,1.4523,walk_east_mid.1,382.4954,0.88,-0.0,0.88,-0.0,Sidewalk
92.5,84.0682,3.8278,0.03491,0.92,0.06981,213.9319,1.4569,walk_east_mid.1,381.5147,0.92,0.06981,0.92,0.06981,Sidewalk
93.0,84.5079,3.8432,0.03491,0.88,-0.0,213.4922,1.4621,walk_east_mid.1,380.8662,0.88,-0.0,0.88,-0.0,Sidewalk
93.5,84.9679,3.8432,-0.0,0.92,-0.06981,213.0322,1.4861,walk_east_dn.1,379.8383,0.92,-0.06981,0.92,-0.06981,Sidewalk
94.0,85.4079,3.8432,-0.0,0.88,-0.0,212.5922,1.474,walk_east_dn.1,379.2292,0.88,-0.0,0.88,-0.0,Sidewalk
94.5,85.8676,3.8592,0.03491,0.92,0.06981,212.1324,1.4157,walk_east_dn.1,378.3295,0.92,0.06981,0.92,0.06981,Sidewalk
95.0,86.3074,3.8746,0.03491,0.88,-0.0,211.6927,1.4295,walk_east_dn.1,377.6688,0.88,-0.0,0.88,-0.0,Sidewalk
95.5,86.7674,3.8746,-0.0,0.92,-0.06981,211.2327,1.3893,walk_east_dn.1,376.7248,0.92,-0.06981,0.92,-0.06981,Sidewalk
96.0,87.2074,3.8746,-0.0,0.88,-0.0,210.7927,1.3534,walk_east_dn.1,376.1547,0.88,-0.0,0.88,-0.0,Sidewalk
96.5,87.6671,3.8906,0.03491,0.92,0.06981,210.333,1.3057,walk_east_dn.1,375.2581,0.92,0.06981,0.92,0.06981,Sidewalk
97.0,88.1068,3.906,0.03491,0.88,-0.0,209.8932,1.2583,walk_east_dn.1,374.7008,0.88,-0.0,0.88,-0.0,Sidewalk
97.5,88.5668,3.906,-0.0,0.92,-0.06981,209.4332,1.2123,walk_east_dn.1,373.7938,0.92,-0.06981,0.92,-0.06981,Sidewalk
98.0,89.0068,3.906,-0.0,0.88,-0.0,208.9932,1.1845,walk_east_dn.1,373.2316,0.88,-0.0,0.88,-0.0,Sidewalk
98.5,89.4665,3.922,0.03491,0.92,0.06981,208.5335,1.2109,walk_east_dn.1,372.1999,0.92,0.06981,0.92,0.06981,Sidewalk
99.0,89.9063,3.9374,0.03491,0.88,-0.0,208.0937,1.1658,walk_east_dn.1,371.6588,0.88,-0.0,0.88,-0.0,Sidewalk
99.5,90.3663,3.9374,-0.0,0.92,-0.06981,207.6337,1.1327,walk_east_dn.1,370.7414,0.92,-0.06981,0.92,-0.06981,Sidewalk
100.0,90.8063,3.9374,-0.0,0.88,-0.0,207.1937,1.1329,walk_east_dn.1,370.118,0.88,-0.0,0.88,-0.0,Sidewalk
100.5,91.266,3.9534,0.03491,0.92,0.06981,206.734,1.1495,walk_east_dn.1,369.1028,0.92,0.06981,0.92,0.06981,Sidewalk
101.0,91.7057,3.9688,0.03491,0.88,-0.0,206.2943,1.0995,walk_east_dn.1,368.5932,0.88,-0.0,0.88,-0.0,Sidewalk
101.5,92.1657,3.9688,-0.0,0.92,-0.06981,205.8343,1.0913,walk_east_dn.1,367.6165,0.92,-0.06981,0.92,-0.06981,Sidewalk
102.0,92.6057,3.9688,-0.0,0.88,-0.0,205.3943,1.1005,walk_east_dn.1,366.9673,0.88,-0.0,0.88,-0.0,Sidewalk
102.5,93.0654,3.9849,0.03491,0.92,0.06981,204.9346,1.0584,walk_east_dn.1,366.1225,0.92,0.06981,0.92,0.06981,Sidewalk
103.0,93.5052,4.0002,0.03491,0.88,-0.0,204.4948,1.0326,walk_east_dn.1,365.5658,0.88,-0.0,0.88,-0.0,Sidewalk
103.5,93.964,4.0323,0.06981,0.92,0.06981,204.036,1.041,walk_east_dn.1,364.5951,0.92,0.06981,0.92,0.06981,Sidewalk
104.0,94.403,4.063,0.06981,0.88,-0.0,203.597,1.0488,walk_east_dn.1,363.9043,0.88,-0.0,0.88,-0.0,Sidewalk
104.5,94.8627,4.079,0.03491,0.92,-0.06981,203.1373,1.0763,walk_east_dn.1,362.7871,0.92,-0.06981,0.92,-0.06981,Sidewalk
105.0,95.3024,4.0944,0.03491,0.88,-0.0,202.6976,1.0418,walk_east_dn.1,362.2997,0.88,-0.0,0.88,-0.0,Sidewalk
105.5,95.7624,4.0944,-0.0,0.92,-0.06981,202.2376,1.4885,walk_east_mid.1,360.4023,0.92,-0.06981,0.92,-0.06981,Sidewalk
106.0,96.2024,4.0944,-0.0,0.88,-0.0,201.7976,1.3605,walk_east_mid.1,359.9526,0.88,-0.0,0.88,-0.0,Sidewalk
106.5,96.6621,4.0783,-0.03491,0.92,-0.06981,201.3379,4.4291,walk_east_mid.2,357.8689,0.92,-0.06981,0.92,-0.06981,Sidewalk
107.0,97.1019,4.063,-0.03491,0.88,-0.0,200.8981,4.2734,walk_east_mid.2,357.24,0.88,-0.0,0.88,-0.0,Sidewalk
107.5,97.5619,4.063,-0.0,0.92,0.06981,200.4381,4.1861,walk_east_mid.2,356.2483,0.92,0.06981,0.92,0.06981,Sidewalk
108.0,98.0019,4.063,-0.0,0.88,-0.0,199.9981,4.0827,walk_east_mid.2,355.6359,0.88,-0.0,0.88,-0.0,Sidewalk
108.5,98.4616,4.0469,-0.03491,0.92,-0.06981,199.5384,3.9689,walk_east_mid.2,354.675,0.92,-0.06981,0.92,-0.06981,Sidewalk
109.0,98.9013,4.0316,-0.03491,0.88,-0.0,199.0987,8.7351,walk_south.1,353.8107,0.88,-0.0,0.88,-0.0,Sidewalk
109.5,99.3613,4.0316,-0.0,0.92,0.06981,198.6387,8.7506,walk_south.1,352.8079,0.92,0.06981,0.92,0.06981,Sidewalk
110.0,99.8013,4.0316,-0.0,0.88,-0.0,198.1987,8.7645,walk_south.1,352.1867,0.88,-0.0,0.88,-0.0,Sidewalk
110.5,100.261,4.0476,0.03491,0.92,0.06981,197.739,8.7999,walk_south.1,351.2127,0.92,0.06981,0.92,0.06981,Sidewalk
111.0,100.7008,4.063,0.03491,0.88,-0.0,197.2992,8.8415,walk_south.1,350.5692,0.88,-0.0,0.88,-0.0,Sidewalk
111.5,101.1608,4.063,-0.0,0.92,-0.06981,196.8392,8.8689,walk_south.1,349.5749,0.92,-0.06981,0.92,-0.06981,Sidewalk
112.0,101.6008,4.063,-0.0,0.88,-0.0,196.3992,8.9036,walk_south.1,348.9471,0.88,-0.0,0.88,-0.0,Sidewalk
112.5,102.0605,4.079,0.03491,0.92,0.06981,195.9395,8.9508,walk_south.1,347.9724,0.92,0.06981,0.92,0.06981,Sidewalk
113.0,102.5002,4.0944,0.03491,0.88,-0.0,195.4998,9.0071,walk_south.1,347.3295,0.88,-0.0,0.88,-0.0,Sidewalk
113.5,102.9602,4.0944,-0.0,0.92,-0.06981,195.0398,9.0166,walk_south.1,346.3358,0.92,-0.06981,0.92,-0.06981,Sidewalk
114.0,103.4002,4.0944,-0.0,0.88,-0.0,194.5998,9.0548,walk_south.1,345.7134,0.88,-0.0,0.88,-0.0,Sidewalk
114.5,103.86,4.0783,-0.03491,0.92,-0.06981,194.1401,9.0715,walk_south.1,344.7514,0.92,-0.06981,0.92,-0.06981,Sidewalk
115.0,104.2997,4.063,-0.03491,0.88,-0.0,193.7003,9.0948,walk_south.1,344.1187,0.88,-0.0,0.88,-0.0,Sidewalk
115.5,104.7597,4.063,-0.0,0.92,0.06981,193.2403,9.1342,walk_south.1,343.1362,0.92,0.06981,0.92,0.06981,Sidewalk
116.0,105.1997,4.063,-0.0,0.88,-0.0,192.8003,9.1774,walk_south.1,342.5244,0.88,-0.0,0.88,-0.0,Sidewalk
116.5,105.6594,4.0469,-0.03491,0.92,-0.06981,192.3406,8.8038,stand_6,341.5701,0.92,-0.06981,0.92,-0.06981,Sidewalk
117.0,106.0991,4.0316,-0.03491,0.88,-0.0,191.9009,8.3664,stand_6,340.9451,0.88,-0.0,0.88,-0.0,Sidewalk
117.5,106.5591,4.0316,-0.0,0.92,0.06981,191.4409,7.9079,stand_6,339.9775,0.92,0.06981,0.92,0.06981,Sidewalk
118.0,106.9991,4.0316,-0.0,0.88,-0.0,191.0009,7.4695,stand_6,339.3755,0.88,-0.0,0.88,-0.0,Sidewalk
118.5,107.4589,4.0155,-0.03491,0.92,-0.06981,190.5411,7.0132,stand_6,338.4381,0.92,-0.06981,0.92,-0.06981,Sidewalk
119.0,107.8986,4.0002,-0.03491,0.88,-0.0,190.1014,6.5772,stand_6,337.8357,0.88,-0.0,0.88,-0.0,Sidewalk
119.5,108.3586,4.0002,-0.0,0.92,0.06981,189.6414,6.1199,stand_6,336.9159,0.92,0.06981,0.92,0.06981,Sidewalk
120.0,108.7986,4.0002,-0.0,0.88,-0.0,189.2014,5.6828,stand_6,336.3442,0.88,-0.0,0.88,-0.0,Sidewalk
120.5,109.2583,3.9841,-0.03491,0.92,-0.06981,188.7417,5.2289,stand_6,335.4561,0.92,-0.06981,0.92,-0.06981,Sidewalk
121.0,109.698,3.9688,-0.03491,0.88,-0.0,188.302,4.7957,stand_6,334.961,0.88,-0.0,0.88,-0.0,Sidewalk
121.5,110.1569,3.9367,-0.06981,0.92,-0.06981,187.8431,4.348,stand_6,334.1242,0.92,-0.06981,0.92,-0.06981,Sidewalk
122.0,110.5958,3.906,-0.06981,0.88,-0.0,187.4042,3.9223,stand_6,333.8202,0.88,-0.0,0.88,-0.0,Sidewalk
122.5,111.0533,3.8579,-0.10472,0.92,-0.06981,186.9467,3.4862,stand_6,332.8498,0.92,-0.06981,0.92,-0.06981,Sidewalk
123.0,111.4909,3.8119,-0.10472,0.88,-0.0,186.5092,3.0756,stand_6,332.7697,0.88,-0.0,0.88,-0.0,Sidewalk
123.5,111.9464,3.7479,-0.13963,0.92,-0.06981,186.0537,2.6638,stand_6,331.3865,0.92,-0.06981,0.92,-0.06981,Sidewalk
124.0,112.3822,3.6866,-0.13963,0.88,-0.0,185.6181,2.2872,stand_6,331.0138,0.88,-0.0,0.88,-0.0,Sidewalk
124.5,112.8396,3.6386,-0.10472,0.92,0.06981,185.1607,1.9121,stand_6,330.3323,0.92,0.06981,0.92,0.06981,Sidewalk
125.0,113.2772,3.5926,-0.10472,0.88,-0.0,184.7232,1.5954,stand_6,329.5073,0.88,-0.0,0.88,-0.0,Sidewalk
125.5,113.7361,3.5605,-0.06981,0.92,0.06981,184.2644,1.3267,stand_6,328.5782,0.92,0.06981,0.92,0.06981,Sidewalk
126.0,114.175,3.5298,-0.06981,0.88,-0.0,183.8256,1.1852,stand_6,327.9502,0.88,-0.0,0.88,-0.0,Sidewalk
126.5,114.6348,3.5137,-0.03491,0.92,0.06981,183.3659,1.1873,stand_6,326.9107,0.92,0.06981,0.92,0.06981,Sidewalk
127.0,115.0745,3.4984,-0.03491,0.88,-0.0,182.9262,1.3456,stand_6,326.0192,0.88,-0.0,0.88,-0.0,Sidewalk
127.5,115.5345,3.4984,-0.0,0.92,0.06981,182.4662,1.6143,stand_6,324.6833,0.92,0.06981,0.92,0.06981,Sidewalk
128.0,115.9745,3.4984,-0.0,0.88,-0.0,182.0262,1.9398,stand_6,323.823,0.88,-0.0,0.88,-0.0,Sidewalk
128.5,116.4342,3.5144,0.03491,0.92,0.06981,181.5664,2.3124,stand_6,322.6659,0.92,0.06981,0.92,0.06981,Sidewalk
129.0,116.8739,3.5298,0.03491,0.88,-0.0,181.1267,2.6942,stand_6,321.9052,0.88,-0.0,0.88,-0.0,Sidewalk
129.5,117.3339,3.5298,-0.0,0.92,-0.06981,180.6667,3.116,stand_6,320.8165,0.92,-0.06981,0.92,-0.06981,Sidewalk
130.0,117.7739,3.5298,-0.0,0.88,-0.0,180.2267,3.5284,stand_6,320.1377,0.88,-0.0,0.88,-0.0,Sidewalk
130.5,118.2337,3.5137,-0.03491,0.92,-0.06981,179.767,3.9704,stand_6,319.2243,0.92,-0.06981,0.92,-0.06981,Sidewalk
131.0,118.6734,3.4984,-0.03491,0.88,-0.0,179.3273,4.3965,stand_6,318.6835,0.88,-0.0,0.88,-0.0,Sidewalk
131.5,119.1334,3.4984,-0.0,0.92,0.06981,178.8673,4.6505,stand_9,317.9517,0.92,0.06981,0.92,0.06981,Sidewalk
132.0,119.5734,3.4984,-0.0,0.88,-0.0,178.4273,4.2266,stand_9,317.4026,0.88,-0.0,0.88,-0.0,Sidewalk
132.5,120.0331,3.4823,-0.03491,0.92,-0.06981,177.9676,3.7926,stand_9,316.4351,0.92,-0.06981,0.92,-0.06981,Sidewalk
133.0,120.4728,3.467,-0.03491,0.88,-0.0,177.528,3.384,stand_9,316.2102,0.88,-0.0,0.88,-0.0,Sidewalk
133.5,120.812,3.4433,-0.06981,0.68,-0.06981,177.1889,3.0794,stand_9,316.4858,0.68,-0.06981,0.68,-0.06981,Sidewalk
134.0,121.2509,3.4126,-0.06981,0.88,-0.0,176.75,2.698,stand_9,314.785,0.88,-0.0,0.88,-0.0,Sidewalk
134.5,121.7107,3.3965,-0.03491,0.92,0.06981,176.2904,2.3117,stand_9,314.1761,0.92,0.06981,0.92,0.06981,Sidewalk
135.0,122.1504,3.3812,-0.03491,0.88,-0.0,175.8507,1.9721,stand_9,313.2663,0.88,-0.0,0.88,-0.0,Sidewalk
135.5,122.6104,3.3812,-0.0,0.92,0.06981,175.3907,1.6552,stand_9,312.4266,0.92,0.06981,0.92,0.06981,Sidewalk
136.0,123.0504,3.3812,-0.0,0.88,-0.0,174.9507,1.4269,stand_9,311.7181,0.88,-0.0,0.88,-0.0,Sidewalk
136.5,123.5101,3.3972,0.03491,0.92,0.06981,174.4909,1.2934,stand_9,310.767,0.92,0.06981,0.92,0.06981,Sidewalk
137.0,123.9498,3.4126,0.03491,0.88,-0.0,174.0511,1.312,stand_9,310.0973,0.88,-0.0,0.88,-0.0,Sidewalk
137.5,124.4098,3.4126,-0.0,0.92,-0.06981,173.5912,1.4924,stand_9,308.8518,0.92,-0.06981,0.92,-0.06981,Sidewalk
138.0,124.8498,3.4126,-0.0,0.88,-0.0,173.1512,1.7627,stand_9,307.9688,0.88,-0.0,0.88,-0.0,Sidewalk
138.5,125.3096,3.4286,0.03491,0.92,0.06981,172.6914,2.0975,stand_9,307.3631,0.92,0.06981,0.92,0.06981,Sidewalk
139.0,125.7493,3.444,0.03491,0.88,-0.0,172.2516,2.4559,stand_9,307.2194,0.88,-0.0,0.88,-0.0,Sidewalk
139.5,126.2093,3.444,-0.0,0.92,-0.06981,171.7916,2.8623,stand_9,306.5727,0.92,-0.06981,0.92,-0.06981,Sidewalk
140.0,126.6054,3.4996,0.13963,0.8,0.27925,171.3953,2.8613,stand_8,306.8876,0.8,0.27925,0.8,0.27925,Sidewalk
140.5,126.9741,3.5916,0.24435,0.76,0.20944,171.0264,2.4822,stand_8,306.9231,0.76,0.20944,0.76,0.20944,Sidewalk
141.0,127.2337,3.6965,0.38397,0.56,0.27925,170.7665,2.2093,stand_8,307.1699,0.56,0.27925,0.56,0.27925,Sidewalk
141.5,127.4633,3.8185,0.48869,0.52,0.20944,170.5368,1.9665,stand_8,307.0132,0.52,0.20944,0.52,0.20944,Sidewalk
142.0,127.6668,3.9457,0.55851,0.48,0.13963,170.3332,1.7545,stand_8,306.9087,0.48,0.13963,0.48,0.13963,Sidewalk
142.5,127.8492,4.0687,0.59341,0.44,0.06981,170.1508,1.5716,stand_8,306.9132,0.44,0.06981,0.44,0.06981,Sidewalk
143.0,127.9753,4.1672,0.66323,0.32,0.13963,170.0248,1.4526,stand_8,307.1247,0.32,0.13963,0.32,0.13963,Sidewalk
143.5,128.1533,4.2965,0.62832,0.44,-0.06981,169.847,1.2975,stand_8,306.8068,0.44,-0.06981,0.44,-0.06981,Sidewalk
144.0,128.3907,4.4449,0.55851,0.56,-0.13963,169.6099,1.1154,stand_8,306.0689,0.56,-0.13963,0.56,-0.13963,Sidewalk
144.5,128.6604,4.5764,0.45379,0.6,-0.20944,169.3406,0.9445,stand_8,305.7722,0.6,-0.20944,0.6,-0.20944,Sidewalk
145.0,128.92,4.6813,0.38397,0.56,-0.13963,169.0814,0.833,stand_8,305.2315,0.56,-0.13963,0.56,-0.13963,Sidewalk
145.5,129.2526,4.752,0.20944,0.68,-0.34907,168.7491,0.7558,stand_8,305.2179,0.68,-0.34907,0.68,-0.34907,Sidewalk
146.0,129.5726,4.752,-0.0,0.64,-0.41888,168.4291,0.7527,stand_8,305.0094,0.64,-0.41888,0.64,-0.41888,Sidewalk
146.5,129.83,4.7158,-0.13963,0.52,-0.27925,168.1715,0.812,stand_8,304.6527,0.52,-0.27925,0.52,-0.27925,Sidewalk
147.0,130.0202,4.654,-0.31416,0.4,-0.34907,167.981,0.8768,stand_8,304.4418,0.4,-0.34907,0.4,-0.34907,Sidewalk
147.5,130.182,4.5751,-0.45379,0.36,-0.27925,167.819,0.9458,stand_8,304.0049,0.36,-0.27925,0.36,-0.27925,Sidewalk
148.0,130.3438,4.4576,-0.62832,0.4,-0.34907,167.6568,1.0244,stand_8,304.1211,0.4,-0.34907,0.4,-0.34907,Sidewalk
148.5,130.4445,4.3603,-0.76794,0.28,-0.27925,167.5559,0.9902,stand_12,304.0997,0.28,-0.27925,0.28,-0.27925,Sidewalk
149.0,130.5001,4.3028,-0.80285,0.16,-0.06981,167.5002,0.9593,stand_12,304.1003,0.16,-0.06981,0.16,-0.06981,Sidewalk
149.5,130.5557,4.2452,-0.80285,0.16,-0.0,167.4445,0.9343,stand_12,304.015,0.16,-0.0,0.16,-0.0,Sidewalk
150.0,130.6132,4.1896,-0.76794,0.16,0.06981,167.3869,0.9129,stand_12,304.088,0.16,0.06981,0.16,0.06981,Sidewalk
150.5,130.642,4.1619,-0.76794,0.08,-0.0,167.3581,0.9046,stand_12,304.2479,0.08,-0.0,0.08,-0.0,Sidewalk
151.0,130.6698,4.1331,-0.80285,0.08,-0.06981,167.3303,0.8995,stand_12,304.2214,0.08,-0.06981,0.08,-0.06981,Sidewalk
151.5,130.6976,4.1043,-0.80285,0.08,-0.0,167.3025,0.8961,stand_12,304.127,0.08,-0.0,0.08,-0.0,Sidewalk
152.0,130.7263,4.0765,-0.76794,0.08,0.06981,167.2737,0.893,stand_12,304.1169,0.08,0.06981,0.08,0.06981,Sidewalk
152.5,130.7551,4.0487,-0.76794,0.08,-0.0,167.2449,0.8918,stand_12,304.0279,0.08,-0.0,0.08,-0.0,Sidewalk
153.0,130.7848,4.022,-0.73304,0.08,0.06981,167.2152,0.891,stand_12,304.1536,0.08,0.06981,0.08,0.06981,Sidewalk
153.5,130.8105,3.9913,-0.87266,0.08,-0.27925,167.1895,0.8975,stand_12,304.2194,0.08,-0.27925,0.08,-0.27925,Sidewalk
154.0,130.8305,3.9567,-1.0472,0.08,-0.34907,167.1695,0.9123,stand_12,304.2307,0.08,-0.34907,0.08,-0.34907,Sidewalk
154.5,130.8305,3.9567,-1.0472,0.0,-0.0,167.1695,0.9123,stand_12,304.1327,0.0,-0.0,0.0,-0.0,Sidewalk
155.0,130.8305,3.9567,-1.0821,0.0,-0.06981,167.1695,0.9123,stand_12,304.1537,0.0,-0.06981,0.0,-0.06981,Sidewalk
155.5,130.8305,3.9567,-1.0821,0.0,-0.0,167.1695,0.9123,stand_12,304.1327,0.0,-0.0,0.0,-0.0,Sidewalk
156.0,130.8305,3.9567,-1.11701,0.0,-0.06981,167.1695,0.9123,stand_12,304.1537,0.0,-0.06981,0.0,-0.06981,Sidewalk
156.5,130.8305,3.9567,-1.11701,0.0,-0.0,167.1695,0.9123,stand_12,304.1327,0.0,-0.0,0.0,-0.0,Sidewalk
157.0,130.8305,3.9567,-1.15192,0.0,-0.06981,167.1695,0.9123,stand_12,304.1537,0.0,-0.06981,0.0,-0.06981,Sidewalk
157.5,130.8305,3.9567,-1.15192,0.0,-0.0,167.1695,0.9123,stand_12,304.1327,0.0,-0.0,0.0,-0.0,Sidewalk
158.0,130.8305,3.9567,-1.18682,0.0,-0.06981,167.1695,0.9123,stand_12,304.1537,0.0,-0.06981,0.0,-0.06981,Sidewalk
158.5,130.8305,3.9567,-1.18682,0.0,-0.0,167.1695,0.9123,stand_12,304.1327,0.0,-0.0,0.0,-0.0,Sidewalk
159.0,130.8305,3.9567,-1.22173,0.0,-0.06981,167.1695,0.9123,stand_12,304.1537,0.0,-0.06981,0.0,-0.06981,Sidewalk
159.5,130.8305,3.9567,-1.22173,0.0,-0.0,167.1695,0.9123,stand_12,304.1327,0.0,-0.0,0.0,-0.0,Sidewalk
160.0,130.8305,3.9567,-1.25664,0.0,-0.06981,167.1695,0.9123,stand_12,304.1537,0.0,-0.06981,0.0,-0.06981,Sidewalk
160.5,130.8305,3.9567,-1.25664,0.0,-0.0,167.1695,0.9123,stand_12,304.1327,0.0,-0.0,0.0,-0.0,Sidewalk
161.0,130.8305,3.9567,-1.29154,0.0,-0.06981,167.1695,0.9123,stand_12,304.1537,0.0,-0.06981,0.0,-0.06981,Sidewalk
161.5,130.8305,3.9567,-1.29154,0.0,-0.0,167.1695,0.9123,stand_12,304.1327,0.0,-0.0,0.0,-0.0,Sidewalk
162.0,130.8305,3.9567,-1.32645,0.0,-0.06981,167.1695,0.9123,stand_12,304.1537,0.0,-0.06981,0.0,-0.06981,Sidewalk
162.5,130.8305,3.9567,-1.32645,0.0,-0.0,167.1695,0.9123,stand_12,304.1327,0.0,-0.0,0.0,-0.0,Sidewalk
163.0,130.8305,3.9567,-1.36136,0.0,-0.06981,167.1695,0.9123,stand_12,304.1537,0.0,-0.06981,0.0,-0.06981,Sidewalk
163.5,130.8305,3.9567,-1.36136,0.0,-0.0,167.1695,0.9123,stand_12,304.1327,0.0,-0.0,0.0,-0.0,Sidewalk
164.0,130.8347,3.9169,-1.46608,0.08,-0.20944,167.1653,0.942,stand_12,304.1338,0.08,-0.20944,0.08,-0.20944,Sidewalk
164.5,130.8347,3.9169,-1.46608,0.0,-0.0,167.1653,0.942,stand_12,303.976,0.0,-0.0,0.0,-0.0,Sidewalk
165.0,130.8347,3.9169,-1.50098,0.0,-0.06981,167.1653,0.942,stand_12,303.9969,0.0,-0.06981,0.0,-0.06981,Sidewalk
165.5,130.8347,3.9169,-1.50098,0.0,-0.0,167.1653,0.942,stand_12,303.976,0.0,-0.0,0.0,-0.0,Sidewalk
166.0,130.8347,3.9169,-1.53589,0.0,-0.06981,167.1653,0.942,stand_12,303.9969,0.0,-0.06981,0.0,-0.06981,Sidewalk
166.5,130.8347,3.9169,-1.53589,0.0,-0.0,167.1653,0.942,stand_12,303.976,0.0,-0.0,0.0,-0.0,Sidewalk
167.0,130.8347,3.9169,-1.5708,0.0,-0.06981,167.1653,0.942,stand_12,303.9969,0.0,-0.06981,0.0,-0.06981,Sidewalk
167.5,130.8347,3.9169,-1.5708,0.0,-0.0,167.1653,0.942,stand_12,303.976,0.0,-0.0,0.0,-0.0,Sidewalk
168.0,130.8347,3.9169,-1.6057,0.0,-0.06981,167.1653,0.942,stand_12,303.9969,0.0,-0.06981,0.0,-0.06981,Sidewalk
168.5,130.8347,3.9169,-1.6057,0.0,-0.0,167.1653,0.942,stand_12,303.976,0.0,-0.0,0.0,-0.0,Sidewalk
169.0,130.8347,3.9169,-1.64061,0.0,-0.06981,167.1653,0.942,stand_12,303.9969,0.0,-0.06981,0.0,-0.06981,Sidewalk
169.5,130.8347,3.9169,-1.64061,0.0,-0.0,167.1653,0.942,stand_12,303.976,0.0,-0.0,0.0,-0.0,Sidewalk
170.0,130.8347,3.9169,-1.67552,0.0,-0.06981,167.1653,0.942,stand_12,303.9969,0.0,-0.06981,0.0,-0.06981,Sidewalk
170.5,130.8347,3.9169,-1.67552,0.0,-0.0,167.1653,0.942,stand_12,303.976,0.0,-0.0,0.0,-0.0,Sidewalk
171.0,130.8347,3.9169,-1.71042,0.0,-0.06981,167.1653,0.942,stand_12,303.9969,0.0,-0.06981,0.0,-0.06981,Sidewalk
171.5,130.8347,3.9169,-1.71042,0.0,-0.0,167.1653,0.942,stand_12,303.976,0.0,-0.0,0.0,-0.0,Sidewalk
172.0,130.8347,3.9169,-1.74533,0.0,-0.06981,167.1653,0.942,stand_12,303.9969,0.0,-0.06981,0.0,-0.06981,Sidewalk
172.5,130.8347,3.9169,-1.74533,0.0,-0.0,167.1653,0.942,stand_12,303.976,0.0,-0.0,0.0,-0.0,Sidewalk
173.0,130.8347,3.9169,-1.78024,0.0,-0.06981,167.1653,0.942,stand_12,303.9969,0.0,-0.06981,0.0,-0.06981,Sidewalk
173.5,130.8347,3.9169,-1.78024,0.0,-0.0,167.1653,0.942,stand_12,303.976,0.0,-0.0,0.0,-0.0,Sidewalk
174.0,130.8347,3.9169,-1.81514,0.0,-0.06981,167.1653,0.942,stand_12,303.9969,0.0,-0.06981,0.0,-0.06981,Sidewalk
174.5,130.8347,3.9169,-1.81514,0.0,-0.0,167.1653,0.942,stand_12,303.976,0.0,-0.0,0.0,-0.0,Sidewalk
175.0,130.8347,3.9169,-1.85005,0.0,-0.06981,167.1653,0.942,stand_12,303.9969,0.0,-0.06981,0.0,-0.06981,Sidewalk
175.5,130.8347,3.9169,-1.85005,0.0,-0.0,167.1653,0.942,stand_12,303.976,0.0,-0.0,0.0,-0.0,Sidewalk
176.0,130.8347,3.9169,-1.88496,0.0,-0.06981,167.1653,0.942,stand_12,303.9969,0.0,-0.06981,0.0,-0.06981,Sidewalk
176.5,130.8347,3.9169,-1.88496,0.0,-0.0,167.1653,0.942,stand_12,303.976,0.0,-0.0,0.0,-0.0,Sidewalk
177.0,130.8347,3.9169,-1.91986,0.0,-0.06981,167.1653,0.942,stand_12,303.9969,0.0,-0.06981,0.0,-0.06981,Sidewalk
177.5,130.8347,3.9169,-1.91986,0.0,-0.0,167.1653,0.942,stand_12,303.976,0.0,-0.0,0.0,-0.0,Sidewalk
178.0,130.8347,3.9169,-1.95477,0.0,-0.06981,167.1653,0.942,stand_12,303.9969,0.0,-0.06981,0.0,-0.06981,Sidewalk
178.5,130.8347,3.9169,-1.95477,0.0,-0.0,167.1653,0.942,stand_12,303.976,0.0,-0.0,0.0,-0.0,Sidewalk
179.0,130.8347,3.9169,-1.98968,0.0,-0.06981,167.1653,0.942,stand_12,303.9969,0.0,-0.06981,0.0,-0.06981,Sidewalk
179.5,130.8347,3.9169,-1.98968,0.0,-0.0,167.1653,0.942,stand_12,303.976,0.0,-0.0,0.0,-0.0,Sidewalk
180.0,130.8347,3.9169,-2.02458,0.0,-0.06981,167.1653,0.942,stand_12,303.9969,0.0,-0.06981,0.0,-0.06981,Sidewalk
180.5,130.8347,3.9169,-2.02458,0.0,-0.0,167.1653,0.942,stand_12,303.976,0.0,-0.0,0.0,-0.0,Sidewalk
181.0,130.8347,3.9169,-2.05949,0.0,-0.06981,167.1653,0.942,stand_12,303.9969,0.0,-0.06981,0.0,-0.06981,Sidewalk
181.5,130.8347,3.9169,-2.05949,0.0,-0.0,167.1653,0.942,stand_12,303.976,0.0,-0.0,0.0,-0.0,Sidewalk
182.0,130.8347,3.9169,-2.0944,0.0,-0.06981,167.1653,0.942,stand_12,303.9969,0.0,-0.06981,0.0,-0.06981,Sidewalk
182.5,130.8347,3.9169,-2.0944,0.0,-0.0,167.1653,0.942,stand_12,303.976,0.0,-0.0,0.0,-0.0,Sidewalk
183.0,130.8347,3.9169,-2.1293,0.0,-0.06981,167.1653,0.942,stand_12,303.9969,0.0,-0.06981,0.0,-0.06981,Sidewalk
183.5,130.8347,3.9169,-2.1293,0.0,-0.0,167.1653,0.942,stand_12,303.976,0.0,-0.0,0.0,-0.0,Sidewalk
184.0,130.8147,3.8823,-2.0944,0.08,0.06981,167.1853,0.9818,stand_12,303.9842,0.08,0.06981,0.08,0.06981,Sidewalk
184.5,130.8147,3.8823,-2.0944,0.0,-0.0,167.1853,0.9818,stand_12,303.8353,0.0,-0.0,0.0,-0.0,Sidewalk
185.0,130.8147,3.8823,-2.1293,0.0,-0.06981,167.1853,0.9818,stand_12,303.8563,0.0,-0.06981,0.0,-0.06981,Sidewalk
185.5,130.8147,3.8823,-2.1293,0.0,-0.0,167.1853,0.9818,stand_12,303.8353,0.0,-0.0,0.0,-0.0,Sidewalk
186.0,130.8147,3.8823,-2.16421,0.0,-0.06981,167.1853,0.9818,stand_12,303.8563,0.0,-0.06981,0.0,-0.06981,Sidewalk
186.5,130.8147,3.8823,-2.16421,0.0,-0.0,167.1853,0.9818,stand_12,303.8353,0.0,-0.0,0.0,-0.0,Sidewalk
187.0,130.8147,3.8823,-2.19911,0.0,-0.06981,167.1853,0.9818,stand_12,303.8563,0.0,-0.06981,0.0,-0.06981,Sidewalk
187.5,130.8147,3.8823,-2.19911,0.0,-0.0,167.1853,0.9818,stand_12,303.8353,0.0,-0.0,0.0,-0.0,Sidewalk
188.0,130.8147,3.8823,-2.23402,0.0,-0.06981,167.1853,0.9818,stand_12,303.8563,0.0,-0.06981,0.0,-0.06981,Sidewalk
188.5,130.8147,3.8823,-2.23402,0.0,-0.0,167.1853,0.9818,stand_12,303.8353,0.0,-0.0,0.0,-0.0,Sidewalk
189.0,130.8147,3.8823,-2.26893,0.0,-0.06981,167.1853,0.9818,stand_12,303.8563,0.0,-0.06981,0.0,-0.06981,Sidewalk
189.5,130.8147,3.8823,-2.26893,0.0,-0.0,167.1853,0.9818,stand_12,303.8353,0.0,-0.0,0.0,-0.0,Sidewalk
190.0,130.8147,3.8823,-2.30383,0.0,-0.06981,167.1853,0.9818,stand_12,303.8563,0.0,-0.06981,0.0,-0.06981,Sidewalk
190.5,130.8147,3.8823,-2.30383,0.0,-0.0,167.1853,0.9818,stand_12,303.8353,0.0,-0.0,0.0,-0.0,Sidewalk
191.0,130.8147,3.8823,-2.33874,0.0,-0.06981,167.1853,0.9818,stand_12,303.8563,0.0,-0.06981,0.0,-0.06981,Sidewalk
191.5,130.8147,3.8823,-2.33874,0.0,-0.0,167.1853,0.9818,stand_12,303.8353,0.0,-0.0,0.0,-0.0,Sidewalk
192.0,130.8147,3.8823,-2.37365,0.0,-0.06981,167.1853,0.9818,stand_12,303.8563,0.0,-0.06981,0.0,-0.06981,Sidewalk
192.5,130.8147,3.8823,-2.37365,0.0,-0.0,167.1853,0.9818,stand_12,303.8353,0.0,-0.0,0.0,-0.0,Sidewalk
193.0,130.8147,3.8823,-2.40855,0.0,-0.06981,167.1853,0.9818,stand_12,303.8563,0.0,-0.06981,0.0,-0.06981,Sidewalk
193.5,130.8147,3.8823,-2.40855,0.0,-0.0,167.1853,0.9818,stand_12,303.8353,0.0,-0.0,0.0,-0.0,Sidewalk
194.0,130.8147,3.8823,-2.44346,0.0,-0.06981,167.1853,0.9818,stand_12,303.8563,0.0,-0.06981,0.0,-0.06981,Sidewalk
194.5,130.8147,3.8823,-2.44346,0.0,-0.0,167.1853,0.9818,stand_12,303.8353,0.0,-0.0,0.0,-0.0,Sidewalk
195.0,130.8147,3.8823,-2.47837,0.0,-0.06981,167.1853,0.9818,stand_12,303.8563,0.0,-0.06981,0.0,-0.06981,Sidewalk
195.5,130.8147,3.8823,-2.47837,0.0,-0.0,167.1853,0.9818,stand_12,303.8353,0.0,-0.0,0.0,-0.0,Sidewalk
196.0,130.8147,3.8823,-2.51327,0.0,-0.06981,167.1853,0.9818,stand_12,303.8563,0.0,-0.06981,0.0,-0.06981,Sidewalk
196.5,130.8147,3.8823,-2.51327,0.0,-0.0,167.1853,0.9818,stand_12,303.8353,0.0,-0.0,0.0,-0.0,Sidewalk
197.0,130.8147,3.8823,-2.54818,0.0,-0.06981,167.1853,0.9818,stand_12,303.8563,0.0,-0.06981,0.0,-0.06981,Sidewalk
197.5,130.8147,3.8823,-2.54818,0.0,-0.0,167.1853,0.9818,stand_12,303.8353,0.0,-0.0,0.0,-0.0,Sidewalk
198.0,130.8147,3.8823,-2.58309,0.0,-0.06981,167.1853,0.9818,stand_12,303.8563,0.0,-0.06981,0.0,-0.06981,Sidewalk
198.5,130.8147,3.8823,-2.58309,0.0,-0.0,167.1853,0.9818,stand_12,303.8353,0.0,-0.0,0.0,-0.0,Sidewalk
199.0,130.8147,3.8823,-2.61799,0.0,-0.06981,167.1853,0.9818,stand_12,303.8563,0.0,-0.06981,0.0,-0.06981,Sidewalk
199.5,130.8147,3.8823,-2.61799,0.0,-0.0,167.1853,0.9818,stand_12,303.8353,0.0,-0.0,0.0,-0.0,Sidewalk
200.0,130.8147,3.8823,-2.6529,0.0,-0.06981,167.1853,0.9818,stand_12,303.8563,0.0,-0.06981,0.0,-0.06981,Sidewalk
200.5,130.8147,3.8823,-2.6529,0.0,-0.0,167.1853,0.9818,stand_12,303.8353,0.0,-0.0,0.0,-0.0,Sidewalk
201.0,130.8147,3.8823,-2.68781,0.0,-0.06981,167.1853,0.9818,stand_12,303.8563,0.0,-0.06981,0.0,-0.06981,Sidewalk
201.5,130.8147,3.8823,-2.68781,0.0,-0.0,167.1853,0.9818,stand_12,303.8353,0.0,-0.0,0.0,-0.0,Sidewalk
202.0,130.8147,3.8823,-2.72271,0.0,-0.06981,167.1853,0.9818,stand_12,303.8563,0.0,-0.06981,0.0,-0.06981,Sidewalk
202.5,130.8147,3.8823,-2.72271,0.0,-0.0,167.1853,0.9818,stand_12,303.8353,0.0,-0.0,0.0,-0.0,Sidewalk
203.0,130.8147,3.8823,-2.75762,0.0,-0.06981,167.1853,0.9818,stand_12,303.8563,0.0,-0.06981,0.0,-0.06981,Sidewalk
203.5,130.8147,3.8823,-2.75762,0.0,-0.0,167.1853,0.9818,stand_12,303.8353,0.0,-0.0,0.0,-0.0,Sidewalk
204.0,130.8147,3.8823,-2.79253,0.0,-0.06981,167.1853,0.9818,stand_12,303.8563,0.0,-0.06981,0.0,-0.06981,Sidewalk
204.5,130.8147,3.8823,-2.79253,0.0,-0.0,167.1853,0.9818,stand_12,303.8353,0.0,-0.0,0.0,-0.0,Sidewalk
205.0,130.8147,3.8823,-2.82743,0.0,-0.06981,167.1853,0.9818,stand_12,303.8563,0.0,-0.06981,0.0,-0.06981,Sidewalk
205.5,130.8147,3.8823,-2.82743,0.0,-0.0,167.1853,0.9818,stand_12,303.8353,0.0,-0.0,0.0,-0.0,Sidewalk
206.0,130.8147,3.8823,-2.86234,0.0,-0.06981,167.1853,0.9818,stand_12,303.8563,0.0,-0.06981,0.0,-0.06981,Sidewalk
206.5,130.8147,3.8823,-2.86234,0.0,-0.0,167.1853,0.9818,stand_12,303.8353,0.0,-0.0,0.0,-0.0,Sidewalk
207.0,130.8147,3.8823,-2.89725,0.0,-0.06981,167.1853,0.9818,stand_12,303.8563,0.0,-0.06981,0.0,-0.06981,Sidewalk
207.5,130.8147,3.8823,-2.89725,0.0,-0.0,167.1853,0.9818,stand_12,303.8353,0.0,-0.0,0.0,-0.0,Sidewalk
208.0,130.8147,3.8823,-2.93215,0.0,-0.06981,167.1853,0.9818,stand_12,303.8563,0.0,-0.06981,0.0,-0.06981,Sidewalk
208.5,130.8147,3.8823,-2.93215,0.0,-0.0,167.1853,0.9818,stand_12,303.8353,0.0,-0.0,0.0,-0.0,Sidewalk
209.0,130.8147,3.8823,-2.96706,0.0,-0.06981,167.1853,0.9818,stand_12,303.8563,0.0,-0.06981,0.0,-0.06981,Sidewalk
209.5,130.8147,3.8823,-2.96706,0.0,-0.0,167.1853,0.9818,stand_12,303.8353,0.0,-0.0,0.0,-0.0,Sidewalk
210.0,130.8147,3.8823,-3.00197,0.0,-0.06981,167.1853,0.9818,stand_12,303.8563,0.0,-0.06981,0.0,-0.06981,Sidewalk
210.5,130.8147,3.8823,-3.00197,0.0,-0.0,167.1853,0.9818,stand_12,303.8353,0.0,-0.0,0.0,-0.0,Sidewalk
211.0,130.8147,3.8823,-3.03687,0.0,-0.06981,167.1853,0.9818,stand_12,303.8563,0.0,-0.06981,0.0,-0.06981,Sidewalk
211.5,130.8147,3.8823,-3.03687,0.0,-0.0,167.1853,0.9818,stand_12,303.8353,0.0,-0.0,0.0,-0.0,Sidewalk
212.0,130.8147,3.8823,-3.07178,0.0,-0.06981,167.1853,0.9818,stand_12,303.8563,0.0,-0.06981,0.0,-0.06981,Sidewalk
212.5,130.8147,3.8823,-3.07178,0.0,-0.0,167.1853,0.9818,stand_12,303.8353,0.0,-0.0,0.0,-0.0,Sidewalk
213.0,130.8147,3.8823,-3.10669,0.0,-0.06981,167.1853,0.9818,stand_12,303.8563,0.0,-0.06981,0.0,-0.06981,Sidewalk
213.5,130.8147,3.8823,-3.10669,0.0,-0.0,167.1853,0.9818,stand_12,303.8353,0.0,-0.0,0.0,-0.0,Sidewalk
214.0,130.8147,3.8823,3.14159,0.0,-0.06981,167.1853,0.9818,stand_12,303.8563,0.0,-0.06981,0.0,-0.06981,Sidewalk
214.5,130.8147,3.8823,3.14159,0.0,-0.0,167.1853,0.9818,stand_12,303.8353,0.0,-0.0,0.0,-0.0,Sidewalk
215.0,130.8147,3.8823,3.10669,0.0,-0.06981,167.1853,0.9818,stand_12,303.8563,0.0,-0.06981,0.0,-0.06981,Sidewalk
215.5,130.8147,3.8823,3.10669,0.0,-0.0,167.1853,0.9818,stand_12,303.8353,0.0,-0.0,0.0,-0.0,Sidewalk
216.0,130.8147,3.8823,3.07178,0.0,-0.06981,167.1853,0.9818,stand_12,303.8563,0.0,-0.06981,0.0,-0.06981,Sidewalk
216.5,130.8147,3.8823,3.07178,0.0,-0.0,167.1853,0.9818,stand_12,303.8353,0.0,-0.0,0.0,-0.0,Sidewalk
217.0,130.8147,3.8823,3.03687,0.0,-0.06981,167.1853,0.9818,stand_12,303.8563,0.0,-0.06981,0.0,-0.06981,Sidewalk
217.5,130.8147,3.8823,3.03687,0.0,-0.0,167.1853,0.9818,stand_12,303.8353,0.0,-0.0,0.0,-0.0,Sidewalk
218.0,130.8147,3.8823,3.00197,0.0,-0.06981,167.1853,0.9818,stand_12,303.8563,0.0,-0.06981,0.0,-0.06981,Sidewalk
218.5,130.8147,3.8823,3.00197,0.0,-0.0,167.1853,0.9818,stand_12,303.8353,0.0,-0.0,0.0,-0.0,Sidewalk
219.0,130.8147,3.8823,2.96706,0.0,-0.06981,167.1853,0.9818,stand_12,303.8563,0.0,-0.06981,0.0,-0.06981,Sidewalk
219.5,130.8147,3.8823,2.96706,0.0,-0.0,167.1853,0.9818,stand_12,303.8353,0.0,-0.0,0.0,-0.0,Sidewalk
220.0,130.8147,3.8823,2.93215,0.0,-0.06981,167.1853,0.9818,stand_12,303.8563,0.0,-0.06981,0.0,-0.06981,Sidewalk
220.5,130.8147,3.8823,2.93215,0.0,-0.0,167.1853,0.9818,stand_12,303.8353,0.0,-0.0,0.0,-0.0,Sidewalk
221.0,130.8147,3.8823,2.89725,0.0,-0.06981,167.1853,0.9818,stand_12,303.8563,0.0,-0.06981,0.0,-0.06981,Sidewalk
221.5,130.8147,3.8823,2.89725,0.0,-0.0,167.1853,0.9818,stand_12,303.8353,0.0,-0.0,0.0,-0.0,Sidewalk
222.0,130.8147,3.8823,2.86234,0.0,-0.06981,167.1853,0.9818,stand_12,303.8563,0.0,-0.06981,0.0,-0.06981,Sidewalk
222.5,130.8147,3.8823,2.86234,0.0,-0.0,167.1853,0.9818,stand_12,303.8353,0.0,-0.0,0.0,-0.0,Sidewalk
223.0,130.8147,3.8823,2.82743,0.0,-0.06981,167.1853,0.9818,stand_12,303.8563,0.0,-0.06981,0.0,-0.06981,Sidewalk
223.5,130.8147,3.8823,2.82743,0.0,-0.0,167.1853,0.9818,stand_12,303.8353,0.0,-0.0,0.0,-0.0,Sidewalk
224.0,130.8147,3.8823,2.79253,0.0,-0.06981,167.1853,0.9818,stand_12,303.8563,0.0,-0.06981,0.0,-0.06981,Sidewalk
224.5,130.8147,3.8823,2.79253,0.0,-0.0,167.1853,0.9818,stand_12,303.8353,0.0,-0.0,0.0,-0.0,Sidewalk
225.0,130.8147,3.8823,2.75762,0.0,-0.06981,167.1853,0.9818,stand_12,303.8563,0.0,-0.06981,0.0,-0.06981,Sidewalk
225.5,130.8147,3.8823,2.75762,0.0,-0.0,167.1853,0.9818,stand_12,303.8353,0.0,-0.0,0.0,-0.0,Sidewalk
226.0,130.8147,3.8823,2.72271,0.0,-0.06981,167.1853,0.9818,stand_12,303.8563,0.0,-0.06981,0.0,-0.06981,Sidewalk
226.5,130.8147,3.8823,2.72271,0.0,-0.0,167.1853,0.9818,stand_12,303.8353,0.0,-0.0,0.0,-0.0,Sidewalk
227.0,130.8147,3.8823,2.68781,0.0,-0.06981,167.1853,0.9818,stand_12,303.8563,0.0,-0.06981,0.0,-0.06981,Sidewalk
227.5,130.8147,3.8823,2.68781,0.0,-0.0,167.1853,0.9818,stand_12,303.8353,0.0,-0.0,0.0,-0.0,Sidewalk
228.0,130.8147,3.8823,2.6529,0.0,-0.06981,167.1853,0.9818,stand_12,303.8563,0.0,-0.06981,0.0,-0.06981,Sidewalk
228.5,130.8147,3.8823,2.6529,0.0,-0.0,167.1853,0.9818,stand_12,303.8353,0.0,-0.0,0.0,-0.0,Sidewalk
229.0,130.8147,3.8823,2.61799,0.0,-0.06981,167.1853,0.9818,stand_12,303.8563,0.0,-0.06981,0.0,-0.06981,Sidewalk
229.5,130.8147,3.8823,2.61799,0.0,-0.0,167.1853,0.9818,stand_12,303.8353,0.0,-0.0,0.0,-0.0,Sidewalk
230.0,130.8147,3.8823,2.58309,0.0,-0.06981,167.1853,0.9818,stand_12,303.8563,0.0,-0.06981,0.0,-0.06981,Sidewalk
230.5,130.8147,3.8823,2.58309,0.0,-0.0,167.1853,0.9818,stand_12,303.8353,0.0,-0.0,0.0,-0.0,Sidewalk
231.0,130.8147,3.8823,2.54818,0.0,-0.06981,167.1853,0.9818,stand_12,303.8563,0.0,-0.06981,0.0,-0.06981,Sidewalk
231.5,130.8147,3.8823,2.54818,0.0,-0.0,167.1853,0.9818,stand_12,303.8353,0.0,-0.0,0.0,-0.0,Sidewalk
232.0,130.8147,3.8823,2.51327,0.0,-0.06981,167.1853,0.9818,stand_12,303.8563,0.0,-0.06981,0.0,-0.06981,Sidewalk
232.5,130.8147,3.8823,2.51327,0.0,-0.0,167.1853,0.9818,stand_12,303.8353,0.0,-0.0,0.0,-0.0,Sidewalk
233.0,130.8147,3.8823,2.47837,0.0,-0.06981,167.1853,0.9818,stand_12,303.8563,0.0,-0.06981,0.0,-0.06981,Sidewalk
233.5,130.8147,3.8823,2.47837,0.0,-0.0,167.1853,0.9818,stand_12,303.8353,0.0,-0.0,0.0,-0.0,Sidewalk
234.0,130.8147,3.8823,2.44346,0.0,-0.06981,167.1853,0.9818,stand_12,303.8563,0.0,-0.06981,0.0,-0.06981,Sidewalk
234.5,130.8147,3.8823,2.44346,0.0,-0.0,167.1853,0.9818,stand_12,303.8353,0.0,-0.0,0.0,-0.0,Sidewalk
235.0,130.8147,3.8823,2.40855,0.0,-0.06981,167.1853,0.9818,stand_12,303.8563,0.0,-0.06981,0.0,-0.06981,Sidewalk
235.5,130.8147,3.8823,2.40855,0.0,-0.0,167.1853,0.9818,stand_12,303.8353,0.0,-0.0,0.0,-0.0,Sidewalk
236.0,130.8147,3.8823,2.37365,0.0,-0.06981,167.1853,0.9818,stand_12,303.8563,0.0,-0.06981,0.0,-0.06981,Sidewalk
236.5,130.8147,3.8823,2.37365,0.0,-0.0,167.1853,0.9818,stand_12,303.8353,0.0,-0.0,0.0,-0.0,Sidewalk
237.0,130.8147,3.8823,2.33874,0.0,-0.06981,167.1853,0.9818,stand_12,303.8563,0.0,-0.06981,0.0,-0.06981,Sidewalk
237.5,130.8147,3.8823,2.33874,0.0,-0.0,167.1853,0.9818,stand_12,303.8353,0.0,-0.0,0.0,-0.0,Sidewalk
238.0,130.8147,3.8823,2.30383,0.0,-0.06981,167.1853,0.9818,stand_12,303.8563,0.0,-0.06981,0.0,-0.06981,Sidewalk
238.5,130.8147,3.8823,2.30383,0.0,-0.0,167.1853,0.9818,stand_12,303.8353,0.0,-0.0,0.0,-0.0,Sidewalk
239.0,130.8147,3.8823,2.26893,0.0,-0.06981,167.1853,0.9818,stand_12,303.8563,0.0,-0.06981,0.0,-0.06981,Sidewalk
239.5,130.8147,3.8823,2.26893,0.0,-0.0,167.1853,0.9818,stand_12,303.8353,0.0,-0.0,0.0,-0.0,Sidewalk
240.0,130.8147,3.8823,2.23402,0.0,-0.06981,167.1853,0.9818,stand_12,303.8563,0.0,-0.06981,0.0,-0.06981,Sidewalk
240.5,130.8147,3.8823,2.23402,0.0,-0.0,167.1853,0.9818,stand_12,303.8353,0.0,-0.0,0.0,-0.0,Sidewalk
241.0,130.8147,3.8823,2.19911,0.0,-0.06981,167.1853,0.9818,stand_12,303.8563,0.0,-0.06981,0.0,-0.06981,Sidewalk
241.5,130.8147,3.8823,2.19911,0.0,-0.0,167.1853,0.9818,stand_12,303.8353,0.0,-0.0,0.0,-0.0,Sidewalk
242.0,130.8147,3.8823,2.16421,0.0,-0.06981,167.1853,0.9818,stand_12,303.8563,0.0,-0.06981,0.0,-0.06981,Sidewalk
242.5,130.8147,3.8823,2.16421,0.0,-0.0,167.1853,0.9818,stand_12,303.8353,0.0,-0.0,0.0,-0.0,Sidewalk
243.0,130.8147,3.8823,2.1293,0.0,-0.06981,167.1853,0.9818,stand_12,303.8563,0.0,-0.06981,0.0,-0.06981,Sidewalk
243.5,130.8147,3.8823,2.1293,0.0,-0.0,167.1853,0.9818,stand_12,303.8353,0.0,-0.0,0.0,-0.0,Sidewalk
244.0,130.8147,3.8823,2.0944,0.0,-0.06981,167.1853,0.9818,stand_12,303.8563,0.0,-0.06981,0.0,-0.06981,Sidewalk
244.5,130.8147,3.8823,2.0944,0.0,-0.0,167.1853,0.9818,stand_12,303.8353,0.0,-0.0,0.0,-0.0,Sidewalk
245.0,130.8147,3.8823,2.05949,0.0,-0.06981,167.1853,0.9818,stand_12,303.8563,0.0,-0.06981,0.0,-0.06981,Sidewalk
245.5,130.8147,3.8823,2.05949,0.0,-0.0,167.1853,0.9818,stand_12,303.8353,0.0,-0.0,0.0,-0.0,Sidewalk
246.0,130.8147,3.8823,2.02458,0.0,-0.06981,167.1853,0.9818,stand_12,303.8563,0.0,-0.06981,0.0,-0.06981,Sidewalk
246.5,130.8147,3.8823,2.02458,0.0,-0.0,167.1853,0.9818,stand_12,303.8353,0.0,-0.0,0.0,-0.0,Sidewalk
247.0,130.8147,3.8823,1.98968,0.0,-0.06981,167.1853,0.9818,stand_12,303.8563,0.0,-0.06981,0.0,-0.06981,Sidewalk
247.5,130.8147,3.8823,1.98968,0.0,-0.0,167.1853,0.9818,stand_12,303.8353,0.0,-0.0,0.0,-0.0,Sidewalk
248.0,130.8147,3.8823,1.95477,0.0,-0.06981,167.1853,0.9818,stand_12,303.8563,0.0,-0.06981,0.0,-0.06981,Sidewalk
248.5,130.8147,3.8823,1.95477,0.0,-0.0,167.1853,0.9818,stand_12,303.8353,0.0,-0.0,0.0,-0.0,Sidewalk
249.0,130.8147,3.8823,1.91986,0.0,-0.06981,167.1853,0.9818,stand_12,303.8563,0.0,-0.06981,0.0,-0.06981,Sidewalk
249.5,130.8147,3.8823,1.91986,0.0,-0.0,167.1853,0.9818,stand_12,303.8353,0.0,-0.0,0.0,-0.0,Sidewalk
250.0,130.8147,3.8823,1.88496,0.0,-0.06981,167.1853,0.9818,stand_12,303.8563,0.0,-0.06981,0.0,-0.06981,Sidewalk
250.5,130.8147,3.8823,1.88496,0.0,-0.0,167.1853,0.9818,stand_12,303.8353,0.0,-0.0,0.0,-0.0,Sidewalk
251.0,130.8147,3.8823,1.85005,0.0,-0.06981,167.1853,0.9818,stand_12,303.8563,0.0,-0.06981,0.0,-0.06981,Sidewalk
251.5,130.8147,3.8823,1.85005,0.0,-0.0,167.1853,0.9818,stand_12,303.8353,0.0,-0.0,0.0,-0.0,Sidewalk
252.0,130.8147,3.8823,1.81514,0.0,-0.06981,167.1853,0.9818,stand_12,303.8563,0.0,-0.06981,0.0,-0.06981,Sidewalk
252.5,130.8147,3.8823,1.81514,0.0,-0.0,167.1853,0.9818,stand_12,303.8353,0.0,-0.0,0.0,-0.0,Sidewalk
253.0,130.8147,3.8823,1.78024,0.0,-0.06981,167.1853,0.9818,stand_12,303.8563,0.0,-0.06981,0.0,-0.06981,Sidewalk
253.5,130.8147,3.8823,1.78024,0.0,-0.0,167.1853,0.9818,stand_12,303.8353,0.0,-0.0,0.0,-0.0,Sidewalk
254.0,130.8147,3.8823,1.74533,0.0,-0.06981,167.1853,0.9818,stand_12,303.8563,0.0,-0.06981,0.0,-0.06981,Sidewalk
254.5,130.8147,3.8823,1.74533,0.0,-0.0,167.1853,0.9818,stand_12,303.8353,0.0,-0.0,0.0,-0.0,Sidewalk
255.0,130.8147,3.8823,1.71042,0.0,-0.06981,167.1853,0.9818,stand_12,303.8563,0.0,-0.06981,0.0,-0.06981,Sidewalk
255.5,130.8147,3.8823,1.71042,0.0,-0.0,167.1853,0.9818,stand_12,303.8353,0.0,-0.0,0.0,-0.0,Sidewalk
256.0,130.8147,3.8823,1.67552,0.0,-0.06981,167.1853,0.9818,stand_12,303.8563,0.0,-0.06981,0.0,-0.06981,Sidewalk
256.5,130.8147,3.8823,1.67552,0.0,-0.0,167.1853,0.9818,stand_12,303.8353,0.0,-0.0,0.0,-0.0,Sidewalk
257.0,130.8147,3.8823,1.64061,0.0,-0.06981,167.1853,0.9818,stand_12,303.8563,0.0,-0.06981,0.0,-0.06981,Sidewalk
257.5,130.8147,3.8823,1.64061,0.0,-0.0,167.1853,0.9818,stand_12,303.8353,0.0,-0.0,0.0,-0.0,Sidewalk
258.0,130.8147,3.8823,1.6057,0.0,-0.06981,167.1853,0.9818,stand_12,303.8563,0.0,-0.06981,0.0,-0.06981,Sidewalk
258.5,130.8147,3.8823,1.6057,0.0,-0.0,167.1853,0.9818,stand_12,303.8353,0.0,-0.0,0.0,-0.0,Sidewalk
259.0,130.8147,3.8823,1.5708,0.0,-0.06981,167.1853,0.9818,stand_12,303.8563,0.0,-0.06981,0.0,-0.06981,Sidewalk
259.5,130.8147,3.8823,1.5708,0.0,-0.0,167.1853,0.9818,stand_12,303.8353,0.0,-0.0,0.0,-0.0,Sidewalk
260.0,130.8147,3.8823,1.53589,0.0,-0.06981,167.1853,0.9818,stand_12,303.8563,0.0,-0.06981,0.0,-0.06981,Sidewalk
260.5,130.8147,3.8823,1.53589,0.0,-0.0,167.1853,0.9818,stand_12,303.8353,0.0,-0.0,0.0,-0.0,Sidewalk
261.0,130.8147,3.8823,1.50098,0.0,-0.06981,167.1853,0.9818,stand_12,303.8563,0.0,-0.06981,0.0,-0.06981,Sidewalk
261.5,130.8147,3.8823,1.50098,0.0,-0.0,167.1853,0.9818,stand_12,303.8353,0.0,-0.0,0.0,-0.0,Sidewalk
262.0,130.8147,3.8823,1.46608,0.0,-0.06981,167.1853,0.9818,stand_12,303.8563,0.0,-0.06981,0.0,-0.06981,Sidewalk
262.5,130.8147,3.8823,1.46608,0.0,-0.0,167.1853,0.9818,stand_12,303.8353,0.0,-0.0,0.0,-0.0,Sidewalk
263.0,130.8147,3.8823,1.43117,0.0,-0.06981,167.1853,0.9818,stand_12,303.8563,0.0,-0.06981,0.0,-0.06981,Sidewalk
263.5,130.8147,3.8823,1.43117,0.0,-0.0,167.1853,0.9818,stand_12,303.8353,0.0,-0.0,0.0,-0.0,Sidewalk
264.0,130.8147,3.8823,1.39626,0.0,-0.06981,167.1853,0.9818,stand_12,303.8563,0.0,-0.06981,0.0,-0.06981,Sidewalk
264.5,130.8147,3.8823,1.39626,0.0,-0.0,167.1853,0.9818,stand_12,303.8353,0.0,-0.0,0.0,-0.0,Sidewalk
265.0,130.8147,3.8823,1.36136,0.0,-0.06981,167.1853,0.9818,stand_12,303.8563,0.0,-0.06981,0.0,-0.06981,Sidewalk
265.5,130.8147,3.8823,1.36136,0.0,-0.0,167.1853,0.9818,stand_12,303.8353,0.0,-0.0,0.0,-0.0,Sidewalk
266.0,130.8147,3.8823,1.32645,0.0,-0.06981,167.1853,0.9818,stand_12,303.8563,0.0,-0.06981,0.0,-0.06981,Sidewalk
266.5,130.8147,3.8823,1.32645,0.0,-0.0,167.1853,0.9818,stand_12,303.8353,0.0,-0.0,0.0,-0.0,Sidewalk
267.0,130.8147,3.8823,1.29154,0.0,-0.06981,167.1853,0.9818,stand_12,303.8563,0.0,-0.06981,0.0,-0.06981,Sidewalk
267.5,130.8147,3.8823,1.29154,0.0,-0.0,167.1853,0.9818,stand_12,303.8353,0.0,-0.0,0.0,-0.0,Sidewalk
268.0,130.8147,3.8823,1.25664,0.0,-0.06981,167.1853,0.9818,stand_12,303.8563,0.0,-0.06981,0.0,-0.06981,Sidewalk
268.5,130.8147,3.8823,1.25664,0.0,-0.0,167.1853,0.9818,stand_12,303.8353,0.0,-0.0,0.0,-0.0,Sidewalk
269.0,130.8147,3.8823,1.22173,0.0,-0.06981,167.1853,0.9818,stand_12,303.8563,0.0,-0.06981,0.0,-0.06981,Sidewalk
269.5,130.8147,3.8823,1.22173,0.0,-0.0,167.1853,0.9818,stand_12,303.8353,0.0,-0.0,0.0,-0.0,Sidewalk
270.0,130.8147,3.8823,1.18682,0.0,-0.06981,167.1853,0.9818,stand_12,303.8563,0.0,-0.06981,0.0,-0.06981,Sidewalk
270.5,130.8147,3.8823,1.18682,0.0,-0.0,167.1853,0.9818,stand_12,303.8353,0.0,-0.0,0.0,-0.0,Sidewalk
271.0,130.8147,3.8823,1.15192,0.0,-0.06981,167.1853,0.9818,stand_12,303.8563,0.0,-0.06981,0.0,-0.06981,Sidewalk
271.5,130.8147,3.8823,1.15192,0.0,-0.0,167.1853,0.9818,stand_12,303.8353,0.0,-0.0,0.0,-0.0,Sidewalk
272.0,130.8147,3.8823,1.11701,0.0,-0.06981,167.1853,0.9818,stand_12,303.8563,0.0,-0.06981,0.0,-0.06981,Sidewalk
272.5,130.8147,3.8823,1.11701,0.0,-0.0,167.1853,0.9818,stand_12,303.8353,0.0,-0.0,0.0,-0.0,Sidewalk
273.0,130.8147,3.8823,1.0821,0.0,-0.06981,167.1853,0.9818,stand_12,303.8563,0.0,-0.06981,0.0,-0.06981,Sidewalk
273.5,130.8147,3.8823,1.0821,0.0,-0.0,167.1853,0.9818,stand_12,303.8353,0.0,-0.0,0.0,-0.0,Sidewalk
274.0,130.8147,3.8823,1.0472,0.0,-0.06981,167.1853,0.9818,stand_12,303.8563,0.0,-0.06981,0.0,-0.06981,Sidewalk
274.5,130.8147,3.8823,1.0472,0.0,-0.0,167.1853,0.9818,stand_12,303.8353,0.0,-0.0,0.0,-0.0,Sidewalk
275.0,130.8147,3.8823,1.01229,0.0,-0.06981,167.1853,0.9818,stand_12,303.8563,0.0,-0.06981,0.0,-0.06981,Sidewalk
275.5,130.8147,3.8823,1.01229,0.0,-0.0,167.1853,0.9818,stand_12,303.8353,0.0,-0.0,0.0,-0.0,Sidewalk
276.0,130.8147,3.8823,0.97738,0.0,-0.06981,167.1853,0.9818,stand_12,303.8563,0.0,-0.06981,0.0,-0.06981,Sidewalk
276.5,130.8147,3.8823,0.97738,0.0,-0.0,167.1853,0.9818,stand_12,303.8353,0.0,-0.0,0.0,-0.0,Sidewalk
277.0,130.8147,3.8823,0.94248,0.0,-0.06981,167.1853,0.9818,stand_12,303.8563,0.0,-0.06981,0.0,-0.06981,Sidewalk
277.5,130.8147,3.8823,0.94248,0.0,-0.0,167.1853,0.9818,stand_12,303.8353,0.0,-0.0,0.0,-0.0,Sidewalk
278.0,130.8147,3.8823,0.90757,0.0,-0.06981,167.1853,0.9818,stand_12,303.8563,0.0,-0.06981,0.0,-0.06981,Sidewalk
278.5,130.8147,3.8823,0.90757,0.0,-0.0,167.1853,0.9818,stand_12,303.8353,0.0,-0.0,0.0,-0.0,Sidewalk
279.0,130.8147,3.8823,0.87266,0.0,-0.06981,167.1853,0.9818,stand_12,303.8563,0.0,-0.06981,0.0,-0.06981,Sidewalk
279.5,130.8147,3.8823,0.87266,0.0,-0.0,167.1853,0.9818,stand_12,303.8353,0.0,-0.0,0.0,-0.0,Sidewalk
280.0,130.8147,3.8823,0.83776,0.0,-0.06981,167.1853,0.9818,stand_12,303.8563,0.0,-0.06981,0.0,-0.06981,Sidewalk
280.5,130.8147,3.8823,0.83776,0.0,-0.0,167.1853,0.9818,stand_12,303.8353,0.0,-0.0,0.0,-0.0,Sidewalk
281.0,130.8147,3.8823,0.80285,0.0,-0.06981,167.1853,0.9818,stand_12,303.8563,0.0,-0.06981,0.0,-0.06981,Sidewalk
281.5,130.8147,3.8823,0.80285,0.0,-0.0,167.1853,0.9818,stand_12,303.8353,0.0,-0.0,0.0,-0.0,Sidewalk
282.0,130.8147,3.8823,0.76794,0.0,-0.06981,167.1853,0.9818,stand_12,303.8563,0.0,-0.06981,0.0,-0.06981,Sidewalk
282.5,130.8147,3.8823,0.76794,0.0,-0.0,167.1853,0.9818,stand_12,303.8353,0.0,-0.0,0.0,-0.0,Sidewalk
283.0,130.8147,3.8823,0.73304,0.0,-0.06981,167.1853,0.9818,stand_12,303.8563,0.0,-0.06981,0.0,-0.06981,Sidewalk
283.5,130.8147,3.8823,0.73304,0.0,-0.0,167.1853,0.9818,stand_12,303.8353,0.0,-0.0,0.0,-0.0,Sidewalk
284.0,130.8147,3.8823,0.69813,0.0,-0.06981,167.1853,0.9818,stand_12,303.8563,0.0,-0.06981,0.0,-0.06981,Sidewalk
284.5,130.8147,3.8823,0.69813,0.0,-0.0,167.1853,0.9818,stand_12,303.8353,0.0,-0.0,0.0,-0.0,Sidewalk
285.0,130.8147,3.8823,0.66323,0.0,-0.06981,167.1853,0.9818,stand_12,303.8563,0.0,-0.06981,0.0,-0.06981,Sidewalk
285.5,130.8147,3.8823,0.66323,0.0,-0.0,167.1853,0.9818,stand_12,303.8353,0.0,-0.0,0.0,-0.0,Sidewalk
286.0,130.8147,3.8823,0.62832,0.0,-0.06981,167.1853,0.9818,stand_12,303.8563,0.0,-0.06981,0.0,-0.06981,Sidewalk
286.5,130.8147,3.8823,0.62832,0.0,-0.0,167.1853,0.9818,stand_12,303.8353,0.0,-0.0,0.0,-0.0,Sidewalk
287.0,130.8147,3.8823,0.59341,0.0,-0.06981,167.1853,0.9818,stand_12,303.8563,0.0,-0.06981,0.0,-0.06981,Sidewalk
287.5,130.8147,3.8823,0.59341,0.0,-0.0,167.1853,0.9818,stand_12,303.8353,0.0,-0.0,0.0,-0.0,Sidewalk
288.0,130.8147,3.8823,0.55851,0.0,-0.06981,167.1853,0.9818,stand_12,303.8563,0.0,-0.06981,0.0,-0.06981,Sidewalk
288.5,130.8147,3.8823,0.55851,0.0,-0.0,167.1853,0.9818,stand_12,303.8353,0.0,-0.0,0.0,-0.0,Sidewalk
289.0,130.8147,3.8823,0.5236,0.0,-0.06981,167.1853,0.9818,stand_12,303.8563,0.0,-0.06981,0.0,-0.06981,Sidewalk
289.5,130.8147,3.8823,0.5236,0.0,-0.0,167.1853,0.9818,stand_12,303.8353,0.0,-0.0,0.0,-0.0,Sidewalk
290.0,130.8147,3.8823,0.48869,0.0,-0.06981,167.1853,0.9818,stand_12,303.8563,0.0,-0.06981,0.0,-0.06981,Sidewalk
290.5,130.8147,3.8823,0.48869,0.0,-0.0,167.1853,0.9818,stand_12,303.8353,0.0,-0.0,0.0,-0.0,Sidewalk
291.0,130.8147,3.8823,0.45379,0.0,-0.06981,167.1853,0.9818,stand_12,303.8563,0.0,-0.06981,0.0,-0.06981,Sidewalk
291.5,130.8147,3.8823,0.45379,0.0,-0.0,167.1853,0.9818,stand_12,303.8353,0.0,-0.0,0.0,-0.0,Sidewalk
292.0,130.8147,3.8823,0.41888,0.0,-0.06981,167.1853,0.9818,stand_12,303.8563,0.0,-0.06981,0.0,-0.06981,Sidewalk
292.5,130.8147,3.8823,0.41888,0.0,-0.0,167.1853,0.9818,stand_12,303.8353,0.0,-0.0,0.0,-0.0,Sidewalk
293.0,130.8147,3.8823,0.38397,0.0,-0.06981,167.1853,0.9818,stand_12,303.8563,0.0,-0.06981,0.0,-0.06981,Sidewalk
293.5,130.8147,3.8823,0.38397,0.0,-0.0,167.1853,0.9818,stand_12,303.8353,0.0,-0.0,0.0,-0.0,Sidewalk
294.0,130.8147,3.8823,0.34907,0.0,-0.06981,167.1853,0.9818,stand_12,303.8563,0.0,-0.06981,0.0,-0.06981,Sidewalk
294.5,130.8147,3.8823,0.34907,0.0,-0.0,167.1853,0.9818,stand_12,303.8353,0.0,-0.0,0.0,-0.0,Sidewalk
295.0,130.8147,3.8823,0.31416,0.0,-0.06981,167.1853,0.9818,stand_12,303.8563,0.0,-0.06981,0.0,-0.06981,Sidewalk
295.5,130.8147,3.8823,0.31416,0.0,-0.0,167.1853,0.9818,stand_12,303.8353,0.0,-0.0,0.0,-0.0,Sidewalk
296.0,130.8147,3.8823,0.27925,0.0,-0.06981,167.1853,0.9818,stand_12,303.8563,0.0,-0.06981,0.0,-0.06981,Sidewalk
296.5,130.8147,3.8823,0.27925,0.0,-0.0,167.1853,0.9818,stand_12,303.8353,0.0,-0.0,0.0,-0.0,Sidewalk
297.0,130.8147,3.8823,0.24435,0.0,-0.06981,167.1853,0.9818,stand_12,303.8563,0.0,-0.06981,0.0,-0.06981,Sidewalk
297.5,130.8147,3.8823,0.24435,0.0,-0.0,167.1853,0.9818,stand_12,303.8353,0.0,-0.0,0.0,-0.0,Sidewalk
298.0,130.8147,3.8823,0.20944,0.0,-0.06981,167.1853,0.9818,stand_12,303.8563,0.0,-0.06981,0.0,-0.06981,Sidewalk
298.5,130.8147,3.8823,0.20944,0.0,-0.0,167.1853,0.9818,stand_12,303.8353,0.0,-0.0,0.0,-0.0,Sidewalk
299.0,130.8147,3.8823,0.17453,0.0,-0.06981,167.1853,0.9818,stand_12,303.8563,0.0,-0.06981,0.0,-0.06981,Sidewalk
299.5,130.8147,3.8823,0.17453,0.0,-0.0,167.1853,0.9818,stand_12,303.8353,0.0,-0.0,0.0,-0.0,Sidewalk
300.0,130.8147,3.8823,0.13963,0.0,-0.06981,167.1853,0.9818,stand_12,303.8563,0.0,-0.06981,0.0,-0.06981,Sidewalk
300.5,130.8147,3.8823,0.13963,0.0,-0.0,167.1853,0.9818,stand_12,303.8353,0.0,-0.0,0.0,-0.0,Sidewalk
301.0,130.8147,3.8823,0.10472,0.0,-0.06981,167.1853,0.9818,stand_12,303.8563,0.0,-0.06981,0.0,-0.06981,Sidewalk
301.5,130.8147,3.8823,0.10472,0.0,-0.0,167.1853,0.9818,stand_12,303.8353,0.0,-0.0,0.0,-0.0,Sidewalk
302.0,130.8147,3.8823,0.06981,0.0,-0.06981,167.1853,0.9818,stand_12,303.8563,0.0,-0.06981,0.0,-0.06981,Sidewalk
302.5,130.8147,3.8823,0.06981,0.0,-0.0,167.1853,0.9818,stand_12,303.8353,0.0,-0.0,0.0,-0.0,Sidewalk
303.0,130.8147,3.8823,0.03491,0.0,-0.06981,167.1853,0.9818,stand_12,303.8563,0.0,-0.06981,0.0,-0.06981,Sidewalk
303.5,130.8147,3.8823,0.03491,0.0,-0.0,167.1853,0.9818,stand_12,303.8353,0.0,-0.0,0.0,-0.0,Sidewalk
304.0,130.8147,3.8823,-0.0,0.0,-0.06981,167.1853,0.9818,stand_12,303.8563,0.0,-0.06981,0.0,-0.06981,Sidewalk
304.5,130.8147,3.8823,-0.0,0.0,-0.0,167.1853,0.9818,stand_12,303.8353,0.0,-0.0,0.0,-0.0,Sidewalk
305.0,130.8147,3.8823,-0.03491,0.0,-0.06981,167.1853,0.9818,stand_12,303.8563,0.0,-0.06981,0.0,-0.06981,Sidewalk
305.5,130.8147,3.8823,-0.03491,0.0,-0.0,167.1853,0.9818,stand_12,303.8353,0.0,-0.0,0.0,-0.0,Sidewalk
306.0,130.8147,3.8823,-0.06981,0.0,-0.06981,167.1853,0.9818,stand_12,303.8562,0.0,-0.06981,0.0,-0.06981,Sidewalk
306.5,130.8147,3.8823,-0.06981,0.0,-0.0,167.1853,0.9818,stand_12,303.8353,0.0,-0.0,0.0,-0.0,Sidewalk
307.0,130.8147,3.8823,-0.10472,0.0,-0.06981,167.1853,0.9818,stand_12,303.8562,0.0,-0.06981,0.0,-0.06981,Sidewalk
307.5,130.8147,3.8823,-0.10472,0.0,-0.0,167.1853,0.9818,stand_12,303.8353,0.0,-0.0,0.0,-0.0,Sidewalk
308.0,130.8147,3.8823,-0.13963,0.0,-0.06981,167.1853,0.9818,stand_12,303.8562,0.0,-0.06981,0.0,-0.06981,Sidewalk
308.5,130.8147,3.8823,-0.13963,0.0,-0.0,167.1853,0.9818,stand_12,303.8353,0.0,-0.0,0.0,-0.0,Sidewalk
309.0,130.8147,3.8823,-0.17453,0.0,-0.06981,167.1853,0.9818,stand_12,303.8562,0.0,-0.06981,0.0,-0.06981,Sidewalk
309.5,130.8147,3.8823,-0.17453,0.0,-0.0,167.1853,0.9818,stand_12,303.8353,0.0,-0.0,0.0,-0.0,Sidewalk
310.0,130.8147,3.8823,-0.20944,0.0,-0.06981,167.1853,0.9818,stand_12,303.8562,0.0,-0.06981,0.0,-0.06981,Sidewalk
310.5,130.8147,3.8823,-0.20944,0.0,-0.0,167.1853,0.9818,stand_12,303.8353,0.0,-0.0,0.0,-0.0,Sidewalk
311.0,130.8147,3.8823,-0.24435,0.0,-0.06981,167.1853,0.9818,stand_12,303.8562,0.0,-0.06981,0.0,-0.06981,Sidewalk
311.5,130.8147,3.8823,-0.24435,0.0,-0.0,167.1853,0.9818,stand_12,303.8353,0.0,-0.0,0.0,-0.0,Sidewalk
312.0,130.8147,3.8823,-0.27925,0.0,-0.06981,167.1853,0.9818,stand_12,303.8562,0.0,-0.06981,0.0,-0.06981,Sidewalk
312.5,130.8147,3.8823,-0.27925,0.0,-0.0,167.1853,0.9818,stand_12,303.8353,0.0,-0.0,0.0,-0.0,Sidewalk
313.0,130.8147,3.8823,-0.31416,0.0,-0.06981,167.1853,0.9818,stand_12,303.8562,0.0,-0.06981,0.0,-0.06981,Sidewalk
313.5,130.8147,3.8823,-0.31416,0.0,-0.0,167.1853,0.9818,stand_12,303.8353,0.0,-0.0,0.0,-0.0,Sidewalk
314.0,130.8147,3.8823,-0.34907,0.0,-0.06981,167.1853,0.9818,stand_12,303.8562,0.0,-0.06981,0.0,-0.06981,Sidewalk
314.5,130.8147,3.8823,-0.34907,0.0,-0.0,167.1853,0.9818,stand_12,303.8352,0.0,-0.0,0.0,-0.0,Sidewalk
315.0,130.8147,3.8823,-0.38397,0.0,-0.06981,167.1853,0.9818,stand_12,303.8562,0.0,-0.06981,0.0,-0.06981,Sidewalk
315.5,130.8147,3.8823,-0.38397,0.0,-0.0,167.1853,0.9818,stand_12,303.8352,0.0,-0.0,0.0,-0.0,Sidewalk
316.0,130.8147,3.8823,-0.41888,0.0,-0.06981,167.1853,0.9818,stand_12,303.8562,0.0,-0.06981,0.0,-0.06981,Sidewalk
316.5,130.8147,3.8823,-0.41888,0.0,-0.0,167.1853,0.9818,stand_12,303.8352,0.0,-0.0,0.0,-0.0,Sidewalk
317.0,130.8147,3.8823,-0.45379,0.0,-0.06981,167.1853,0.9818,stand_12,303.8562,0.0,-0.06981,0.0,-0.06981,Sidewalk
317.5,130.8147,3.8823,-0.45379,0.0,-0.0,167.1853,0.9818,stand_12,303.8352,0.0,-0.0,0.0,-0.0,Sidewalk
318.0,130.8147,3.8823,-0.48869,0.0,-0.06981,167.1853,0.9818,stand_12,303.8562,0.0,-0.06981,0.0,-0.06981,Sidewalk
318.5,130.8147,3.8823,-0.48869,0.0,-0.0,167.1853,0.9818,stand_12,303.8352,0.0,-0.0,0.0,-0.0,Sidewalk
319.0,130.8147,3.8823,-0.5236,0.0,-0.06981,167.1853,0.9818,stand_12,303.8562,0.0,-0.06981,0.0,-0.06981,Sidewalk
319.5,130.8147,3.8823,-0.5236,0.0,-0.0,167.1853,0.9818,stand_12,303.8352,0.0,-0.0,0.0,-0.0,Sidewalk
320.0,130.8147,3.8823,-0.55851,0.0,-0.06981,167.1853,0.9818,stand_12,303.8561,0.0,-0.06981,0.0,-0.06981,Sidewalk
320.5,130.8147,3.8823,-0.55851,0.0,-0.0,167.1853,0.9818,stand_12,303.8352,0.0,-0.0,0.0,-0.0,Sidewalk
321.0,130.8147,3.8823,-0.59341,0.0,-0.06981,167.1853,0.9818,stand_12,303.8561,0.0,-0.06981,0.0,-0.06981,Sidewalk
321.5,130.8147,3.8823,-0.59341,0.0,-0.0,167.1853,0.9818,stand_12,303.8352,0.0,-0.0,0.0,-0.0,Sidewalk
322.0,130.8147,3.8823,-0.62832,0.0,-0.06981,167.1853,0.9818,stand_12,303.8561,0.0,-0.06981,0.0,-0.06981,Sidewalk
322.5,130.8147,3.8823,-0.62832,0.0,-0.0,167.1853,0.9818,stand_12,303.8352,0.0,-0.0,0.0,-0.0,Sidewalk
323.0,130.8147,3.8823,-0.66323,0.0,-0.06981,167.1853,0.9818,stand_12,303.8561,0.0,-0.06981,0.0,-0.06981,Sidewalk
323.5,130.8147,3.8823,-0.66323,0.0,-0.0,167.1853,0.9818,stand_12,303.8352,0.0,-0.0,0.0,-0.0,Sidewalk
324.0,130.8147,3.8823,-0.69813,0.0,-0.06981,167.1853,0.9818,stand_12,303.8561,0.0,-0.06981,0.0,-0.06981,Sidewalk
324.5,130.8147,3.8823,-0.69813,0.0,-0.0,167.1853,0.9818,stand_12,303.8352,0.0,-0.0,0.0,-0.0,Sidewalk
325.0,130.8147,3.8823,-0.73304,0.0,-0.06981,167.1853,0.9818,stand_12,303.8561,0.0,-0.06981,0.0,-0.06981,Sidewalk
325.5,130.8147,3.8823,-0.73304,0.0,-0.0,167.1853,0.9818,stand_12,303.8352,0.0,-0.0,0.0,-0.0,Sidewalk
326.0,130.8147,3.8823,-0.76794,0.0,-0.06981,167.1853,0.9818,stand_12,303.8561,0.0,-0.06981,0.0,-0.06981,Sidewalk
326.5,130.8147,3.8823,-0.76794,0.0,-0.0,167.1853,0.9818,stand_12,303.8351,0.0,-0.0,0.0,-0.0,Sidewalk
327.0,130.8147,3.8823,-0.80285,0.0,-0.06981,167.1853,0.9818,stand_12,303.8561,0.0,-0.06981,0.0,-0.06981,Sidewalk
327.5,130.8147,3.8823,-0.80285,0.0,-0.0,167.1853,0.9818,stand_12,303.8351,0.0,-0.0,0.0,-0.0,Sidewalk
328.0,130.8147,3.8823,-0.83776,0.0,-0.06981,167.1853,0.9818,stand_12,303.8561,0.0,-0.06981,0.0,-0.06981,Sidewalk
328.5,130.8147,3.8823,-0.83776,0.0,-0.0,167.1853,0.9818,stand_12,303.8351,0.0,-0.0,0.0,-0.0,Sidewalk
329.0,130.8147,3.8823,-0.87266,0.0,-0.06981,167.1853,0.9818,stand_12,303.8561,0.0,-0.06981,0.0,-0.06981,Sidewalk
329.5,130.8147,3.8823,-0.87266,0.0,-0.0,167.1853,0.9818,stand_12,303.8351,0.0,-0.0,0.0,-0.0,Sidewalk
330.0,130.8147,3.8823,-0.90757,0.0,-0.06981,167.1853,0.9818,stand_12,303.8561,0.0,-0.06981,0.0,-0.06981,Sidewalk
330.5,130.8147,3.8823,-0.90757,0.0,-0.0,167.1853,0.9818,stand_12,303.8351,0.0,-0.0,0.0,-0.0,Sidewalk
331.0,130.8147,3.8823,-0.94248,0.0,-0.06981,167.1853,0.9818,stand_12,303.8561,0.0,-0.06981,0.0,-0.06981,Sidewalk
331.5,130.8147,3.8823,-0.94248,0.0,-0.0,167.1853,0.9818,stand_12,303.8351,0.0,-0.0,0.0,-0.0,Sidewalk
332.0,130.8147,3.8823,-0.97738,0.0,-0.06981,167.1853,0.9818,stand_12,303.856,0.0,-0.06981,0.0,-0.06981,Sidewalk
332.5,130.8147,3.8823,-0.97738,0.0,-0.0,167.1853,0.9818,stand_12,303.8351,0.0,-0.0,0.0,-0.0,Sidewalk
333.0,130.8147,3.8823,-1.01229,0.0,-0.06981,167.1853,0.9818,stand_12,303.856,0.0,-0.06981,0.0,-0.06981,Sidewalk
333.5,130.8147,3.8823,-1.01229,0.0,-0.0,167.1853,0.9818,stand_12,303.8351,0.0,-0.0,0.0,-0.0,Sidewalk
334.0,130.8147,3.8823,-1.0472,0.0,-0.06981,167.1853,0.9819,stand_12,303.856,0.0,-0.06981,0.0,-0.06981,Sidewalk
334.5,130.8147,3.8823,-1.0472,0.0,-0.0,167.1853,0.9819,stand_12,303.8351,0.0,-0.0,0.0,-0.0,Sidewalk
335.0,130.8147,3.8823,-1.0821,0.0,-0.06981,167.1853,0.9819,stand_12,303.856,0.0,-0.06981,0.0,-0.06981,Sidewalk
335.5,130.8147,3.8823,-1.0821,0.0,-0.0,167.1853,0.9819,stand_12,303.8351,0.0,-0.0,0.0,-0.0,Sidewalk
336.0,130.8147,3.8823,-1.11701,0.0,-0.06981,167.1853,0.9819,stand_12,303.856,0.0,-0.06981,0.0,-0.06981,Sidewalk
336.5,130.8147,3.8823,-1.11701,0.0,-0.0,167.1853,0.9819,stand_12,303.8351,0.0,-0.0,0.0,-0.0,Sidewalk
337.0,130.8147,3.8823,-1.15192,0.0,-0.06981,167.1853,0.9819,stand_12,303.856,0.0,-0.06981,0.0,-0.06981,Sidewalk
337.5,130.8147,3.8823,-1.15192,0.0,-0.0,167.1853,0.9819,stand_12,303.8351,0.0,-0.0,0.0,-0.0,Sidewalk
338.0,130.8147,3.8823,-1.18682,0.0,-0.06981,167.1853,0.9819,stand_12,303.856,0.0,-0.06981,0.0,-0.06981,Sidewalk
338.5,130.8147,3.8823,-1.18682,0.0,-0.0,167.1853,0.9819,stand_12,303.8351,0.0,-0.0,0.0,-0.0,Sidewalk
339.0,130.8147,3.8823,-1.22173,0.0,-0.06981,167.1853,0.9819,stand_12,303.856,0.0,-0.06981,0.0,-0.06981,Sidewalk
339.5,130.8147,3.8823,-1.22173,0.0,-0.0,167.1853,0.9819,stand_12,303.8351,0.0,-0.0,0.0,-0.0,Sidewalk
340.0,130.8147,3.8823,-1.25664,0.0,-0.06981,167.1853,0.9819,stand_12,303.856,0.0,-0.06981,0.0,-0.06981,Sidewalk
340.5,130.8147,3.8823,-1.25664,0.0,-0.0,167.1853,0.9819,stand_12,303.835,0.0,-0.0,0.0,-0.0,Sidewalk
341.0,130.8147,3.8823,-1.29154,0.0,-0.06981,167.1853,0.9819,stand_12,303.856,0.0,-0.06981,0.0,-0.06981,Sidewalk
341.5,130.8147,3.8823,-1.29154,0.0,-0.0,167.1853,0.9819,stand_12,303.835,0.0,-0.0,0.0,-0.0,Sidewalk
342.0,130.8147,3.8823,-1.32645,0.0,-0.06981,167.1853,0.9819,stand_12,303.856,0.0,-0.06981,0.0,-0.06981,Sidewalk
342.5,130.8147,3.8823,-1.32645,0.0,-0.0,167.1853,0.9819,stand_12,303.835,0.0,-0.0,0.0,-0.0,Sidewalk
343.0,130.8147,3.8823,-1.36136,0.0,-0.06981,167.1853,0.9819,stand_12,303.856,0.0,-0.06981,0.0,-0.06981,Sidewalk
343.5,130.8147,3.8823,-1.36136,0.0,-0.0,167.1853,0.9819,stand_12,303.835,0.0,-0.0,0.0,-0.0,Sidewalk
344.0,130.8147,3.8823,-1.39626,0.0,-0.06981,167.1853,0.9819,stand_12,303.856,0.0,-0.06981,0.0,-0.06981,Sidewalk
344.5,130.8147,3.8823,-1.39626,0.0,-0.0,167.1853,0.9819,stand_12,303.835,0.0,-0.0,0.0,-0.0,Sidewalk
345.0,130.8147,3.8823,-1.43117,0.0,-0.06981,167.1853,0.9819,stand_12,303.856,0.0,-0.06981,0.0,-0.06981,Sidewalk
345.5,130.8147,3.8823,-1.43117,0.0,-0.0,167.1853,0.9819,stand_12,303.835,0.0,-0.0,0.0,-0.0,Sidewalk
346.0,130.8147,3.8823,-1.46608,0.0,-0.06981,167.1853,0.9819,stand_12,303.8559,0.0,-0.06981,0.0,-0.06981,Sidewalk
346.5,130.8147,3.8823,-1.46608,0.0,-0.0,167.1853,0.9819,stand_12,303.835,0.0,-0.0,0.0,-0.0,Sidewalk
347.0,130.8147,3.8823,-1.50098,0.0,-0.06981,167.1853,0.9819,stand_12,303.8559,0.0,-0.06981,0.0,-0.06981,Sidewalk
347.5,130.8147,3.8823,-1.50098,0.0,-0.0,167.1853,0.9819,stand_12,303.835,0.0,-0.0,0.0,-0.0,Sidewalk
348.0,130.8147,3.8823,-1.53589,0.0,-0.06981,167.1853,0.9819,stand_12,303.8559,0.0,-0.06981,0.0,-0.06981,Sidewalk
348.5,130.8147,3.8823,-1.53589,0.0,-0.0,167.1853,0.9819,stand_12,303.835,0.0,-0.0,0.0,-0.0,Sidewalk
349.0,130.8147,3.8823,-1.5708,0.0,-0.06981,167.1853,0.9819,stand_12,303.8559,0.0,-0.06981,0.0,-0.06981,Sidewalk
349.5,130.8147,3.8823,-1.5708,0.0,-0.0,167.1853,0.9819,stand_12,303.835,0.0,-0.0,0.0,-0.0,Sidewalk
350.0,130.8147,3.8823,-1.6057,0.0,-0.06981,167.1853,0.9819,stand_12,303.8559,0.0,-0.06981,0.0,-0.06981,Sidewalk
350.5,130.8147,3.8823,-1.6057,0.0,-0.0,167.1853,0.9819,stand_12,303.835,0.0,-0.0,0.0,-0.0,Sidewalk
351.0,130.8147,3.8823,-1.64061,0.0,-0.06981,167.1853,0.9819,stand_12,303.8559,0.0,-0.06981,0.0,-0.06981,Sidewalk
351.5,130.8147,3.8823,-1.64061,0.0,-0.0,167.1853,0.9819,stand_12,303.835,0.0,-0.0,0.0,-0.0,Sidewalk
352.0,130.8147,3.8823,-1.67552,0.0,-0.06981,167.1853,0.9819,stand_12,303.8559,0.0,-0.06981,0.0,-0.06981,Sidewalk
352.5,130.8147,3.8823,-1.67552,0.0,-0.0,167.1853,0.9819,stand_12,303.835,0.0,-0.0,0.0,-0.0,Sidewalk
353.0,130.8147,3.8823,-1.71042,0.0,-0.06981,167.1853,0.9819,stand_12,303.8559,0.0,-0.06981,0.0,-0.06981,Sidewalk
353.5,130.8147,3.8823,-1.71042,0.0,-0.0,167.1853,0.9819,stand_12,303.8349,0.0,-0.0,0.0,-0.0,Sidewalk
354.0,130.8147,3.8823,-1.74533,0.0,-0.06981,167.1853,0.9819,stand_12,303.8559,0.0,-0.06981,0.0,-0.06981,Sidewalk
354.5,130.8147,3.8823,-1.74533,0.0,-0.0,167.1853,0.9819,stand_12,303.8349,0.0,-0.0,0.0,-0.0,Sidewalk
355.0,130.8147,3.8823,-1.78024,0.0,-0.06981,167.1853,0.9819,stand_12,303.8559,0.0,-0.06981,0.0,-0.06981,Sidewalk
355.5,130.8147,3.8823,-1.78024,0.0,-0.0,167.1853,0.9819,stand_12,303.8349,0.0,-0.0,0.0,-0.0,Sidewalk
356.0,130.8147,3.8823,-1.81514,0.0,-0.06981,167.1853,0.9819,stand_12,303.8559,0.0,-0.06981,0.0,-0.06981,Sidewalk
356.5,130.8147,3.8823,-1.81514,0.0,-0.0,167.1853,0.9819,stand_12,303.8349,0.0,-0.0,0.0,-0.0,Sidewalk
357.0,130.8147,3.8823,-1.85005,0.0,-0.06981,167.1853,0.9819,stand_12,303.8559,0.0,-0.06981,0.0,-0.06981,Sidewalk
357.5,130.8147,3.8823,-1.85005,0.0,-0.0,167.1853,0.9819,stand_12,303.8349,0.0,-0.0,0.0,-0.0,Sidewalk
358.0,130.8147,3.8823,-1.88496,0.0,-0.06981,167.1853,0.9819,stand_12,303.8559,0.0,-0.06981,0.0,-0.06981,Sidewalk
358.5,130.8147,3.8823,-1.88496,0.0,-0.0,167.1853,0.9819,stand_12,303.8349,0.0,-0.0,0.0,-0.0,Sidewalk
359.0,130.8147,3.8823,-1.91986,0.0,-0.06981,167.1853,0.9819,stand_12,303.8559,0.0,-0.06981,0.0,-0.06981,Sidewalk
359.5,130.8147,3.8823,-1.91986,0.0,-0.0,167.1853,0.9819,stand_12,303.8349,0.0,-0.0,0.0,-0.0,Sidewalk
360.0,130.8147,3.8823,-1.95477,0.0,-0.06981,167.1853,0.9819,stand_12,303.8558,0.0,-0.06981,0.0,-0.06981,Sidewalk
360.5,130.8147,3.8823,-1.95477,0.0,-0.0,167.1853,0.9819,stand_12,303.8349,0.0,-0.0,0.0,-0.0,Sidewalk
361.0,130.8147,3.8823,-1.98968,0.0,-0.06981,167.1853,0.9819,stand_12,303.8558,0.0,-0.06981,0.0,-0.06981,Sidewalk
361.5,130.8147,3.8823,-1.98968,0.0,-0.0,167.1853,0.9819,stand_12,303.8349,0.0,-0.0,0.0,-0.0,Sidewalk
362.0,130.8147,3.8823,-2.02458,0.0,-0.06981,167.1853,0.9819,stand_12,303.8558,0.0,-0.06981,0.0,-0.06981,Sidewalk
362.5,130.8147,3.8823,-2.02458,0.0,-0.0,167.1853,0.9819,stand_12,303.8349,0.0,-0.0,0.0,-0.0,Sidewalk
363.0,130.8147,3.8823,-2.05949,0.0,-0.06981,167.1853,0.9819,stand_12,303.8558,0.0,-0.06981,0.0,-0.06981,Sidewalk
363.5,130.8147,3.8823,-2.05949,0.0,-0.0,167.1853,0.9819,stand_12,303.8349,0.0,-0.0,0.0,-0.0,Sidewalk
364.0,130.8147,3.8823,-2.0944,0.0,-0.06981,167.1853,0.9819,stand_12,303.8558,0.0,-0.06981,0.0,-0.06981,Sidewalk
364.5,130.8147,3.8823,-2.0944,0.0,-0.0,167.1853,0.9819,stand_12,303.8349,0.0,-0.0,0.0,-0.0,Sidewalk
365.0,130.8147,3.8823,-2.1293,0.0,-0.06981,167.1853,0.9819,stand_12,303.8558,0.0,-0.06981,0.0,-0.06981,Sidewalk
365.5,130.8147,3.8823,-2.1293,0.0,-0.0,167.1853,0.9819,stand_12,303.8349,0.0,-0.0,0.0,-0.0,Sidewalk
366.0,130.8147,3.8823,-2.16421,0.0,-0.06981,167.1853,0.9819,stand_12,303.8558,0.0,-0.06981,0.0,-0.06981,Sidewalk
366.5,130.8147,3.8823,-2.16421,0.0,-0.0,167.1853,0.9819,stand_12,303.8349,0.0,-0.0,0.0,-0.0,Sidewalk
367.0,130.8147,3.8823,-2.19911,0.0,-0.06981,167.1853,0.9819,stand_12,303.8558,0.0,-0.06981,0.0,-0.06981,Sidewalk
367.5,130.8147,3.8823,-2.19911,0.0,-0.0,167.1853,0.9819,stand_12,303.8348,0.0,-0.0,0.0,-0.0,Sidewalk
368.0,130.8147,3.8823,-2.23402,0.0,-0.06981,167.1853,0.9819,stand_12,303.8558,0.0,-0.06981,0.0,-0.06981,Sidewalk
368.5,130.8147,3.8823,-2.23402,0.0,-0.0,167.1853,0.9819,stand_12,303.8348,0.0,-0.0,0.0,-0.0,Sidewalk
369.0,130.8147,3.8823,-2.26893,0.0,-0.06981,167.1853,0.9819,stand_12,303.8558,0.0,-0.06981,0.0,-0.06981,Sidewalk
369.5,130.8147,3.8823,-2.26893,0.0,-0.0,167.1853,0.9819,stand_12,303.8348,0.0,-0.0,0.0,-0.0,Sidewalk
370.0,130.8147,3.8823,-2.30383,0.0,-0.06981,167.1853,0.9819,stand_12,303.8558,0.0,-0.06981,0.0,-0.06981,Sidewalk
370.5,130.8147,3.8823,-2.30383,0.0,-0.0,167.1853,0.9819,stand_12,303.8348,0.0,-0.0,0.0,-0.0,Sidewalk
371.0,130.8147,3.8823,-2.33874,0.0,-0.06981,167.1853,0.9819,stand_12,303.8558,0.0,-0.06981,0.0,-0.06981,Sidewalk
371.5,130.8147,3.8823,-2.33874,0.0,-0.0,167.1853,0.9819,stand_12,303.8348,0.0,-0.0,0.0,-0.0,Sidewalk
372.0,130.8147,3.8823,-2.37365,0.0,-0.06981,167.1853,0.9819,stand_12,303.8558,0.0,-0.06981,0.0,-0.06981,Sidewalk
372.5,130.8147,3.8823,-2.37365,0.0,-0.0,167.1853,0.9819,stand_12,303.8348,0.0,-0.0,0.0,-0.0,Sidewalk
373.0,130.8147,3.8823,-2.40855,0.0,-0.06981,167.1853,0.9819,stand_12,303.8558,0.0,-0.06981,0.0,-0.06981,Sidewalk
373.5,130.8147,3.8823,-2.40855,0.0,-0.0,167.1853,0.9819,stand_12,303.8348,0.0,-0.0,0.0,-0.0,Sidewalk
374.0,130.8147,3.8823,-2.44346,0.0,-0.06981,167.1853,0.9819,stand_12,303.8557,0.0,-0.06981,0.0,-0.06981,Sidewalk
374.5,130.8147,3.8823,-2.44346,0.0,-0.0,167.1853,0.9819,stand_12,303.8348,0.0,-0.0,0.0,-0.0,Sidewalk
375.0,130.8147,3.8823,-2.47837,0.0,-0.06981,167.1853,0.9819,stand_12,303.8557,0.0,-0.06981,0.0,-0.06981,Sidewalk
375.5,130.8147,3.8823,-2.47837,0.0,-0.0,167.1853,0.9819,stand_12,303.8348,0.0,-0.0,0.0,-0.0,Sidewalk
376.0,130.8147,3.8823,-2.51327,0.0,-0.06981,167.1853,0.9819,stand_12,303.8557,0.0,-0.06981,0.0,-0.06981,Sidewalk
376.5,130.8147,3.8823,-2.51327,0.0,-0.0,167.1853,0.9819,stand_12,303.8348,0.0,-0.0,0.0,-0.0,Sidewalk
377.0,130.8147,3.8823,-2.54818,0.0,-0.06981,167.1853,0.9819,stand_12,303.8557,0.0,-0.06981,0.0,-0.06981,Sidewalk
377.5,130.8147,3.8823,-2.54818,0.0,-0.0,167.1853,0.9819,stand_12,303.8348,0.0,-0.0,0.0,-0.0,Sidewalk
378.0,130.8147,3.8823,-2.58309,0.0,-0.06981,167.1853,0.9819,stand_12,303.8557,0.0,-0.06981,0.0,-0.06981,Sidewalk
378.5,130.8147,3.8823,-2.58309,0.0,-0.0,167.1853,0.9819,stand_12,303.8348,0.0,-0.0,0.0,-0.0,Sidewalk
379.0,130.8147,3.8823,-2.61799,0.0,-0.06981,167.1853,0.9819,stand_12,303.8557,0.0,-0.06981,0.0,-0.06981,Sidewalk
379.5,130.8147,3.8823,-2.61799,0.0,-0.0,167.1853,0.9819,stand_12,303.8348,0.0,-0.0,0.0,-0.0,Sidewalk
380.0,130.8147,3.8823,-2.6529,0.0,-0.06981,167.1853,0.9819,stand_12,303.8557,0.0,-0.06981,0.0,-0.06981,Sidewalk
380.5,130.8147,3.8823,-2.6529,0.0,-0.0,167.1853,0.9819,stand_12,303.8348,0.0,-0.0,0.0,-0.0,Sidewalk
381.0,130.8147,3.8823,-2.68781,0.0,-0.06981,167.1853,0.9819,stand_12,303.8557,0.0,-0.06981,0.0,-0.06981,Sidewalk
381.5,130.8147,3.8823,-2.68781,0.0,-0.0,167.1853,0.9819,stand_12,303.8347,0.0,-0.0,0.0,-0.0,Sidewalk
382.0,130.8147,3.8823,-2.72271,0.0,-0.06981,167.1853,0.9819,stand_12,303.8557,0.0,-0.06981,0.0,-0.06981,Sidewalk
382.5,130.8147,3.8823,-2.72271,0.0,-0.0,167.1853,0.9819,stand_12,303.8347,0.0,-0.0,0.0,-0.0,Sidewalk
383.0,130.8147,3.8823,-2.75762,0.0,-0.06981,167.1853,0.9819,stand_12,303.8557,0.0,-0.06981,0.0,-0.06981,Sidewalk
383.5,130.8147,3.8823,-2.75762,0.0,-0.0,167.1853,0.9819,stand_12,303.8347,0.0,-0.0,0.0,-0.0,Sidewalk
384.0,130.8147,3.8823,-2.79253,0.0,-0.06981,167.1853,0.9819,stand_12,303.8557,0.0,-0.06981,0.0,-0.06981,Sidewalk
384.5,130.8147,3.8823,-2.79253,0.0,-0.0,167.1853,0.9819,stand_12,303.8347,0.0,-0.0,0.0,-0.0,Sidewalk
385.0,130.8147,3.8823,-2.82743,0.0,-0.06981,167.1853,0.9819,stand_12,303.8557,0.0,-0.06981,0.0,-0.06981,Sidewalk
385.5,130.8147,3.8823,-2.82743,0.0,-0.0,167.1853,0.9819,stand_12,303.8347,0.0,-0.0,0.0,-0.0,Sidewalk
386.0,130.8147,3.8823,-2.86234,0.0,-0.06981,167.1853,0.9819,stand_12,303.8557,0.0,-0.06981,0.0,-0.06981,Sidewalk
386.5,130.8147,3.8823,-2.86234,0.0,-0.0,167.1853,0.9819,stand_12,303.8347,0.0,-0.0,0.0,-0.0,Sidewalk
387.0,130.8147,3.8823,-2.89725,0.0,-0.06981,167.1853,0.9819,stand_12,303.8556,0.0,-0.06981,0.0,-0.06981,Sidewalk
387.5,130.8147,3.8823,-2.89725,0.0,-0.0,167.1853,0.9819,stand_12,303.8347,0.0,-0.0,0.0,-0.0,Sidewalk
388.0,130.8147,3.8823,-2.93215,0.0,-0.06981,167.1853,0.9819,stand_12,303.8556,0.0,-0.06981,0.0,-0.06981,Sidewalk
388.5,130.8147,3.8823,-2.93215,0.0,-0.0,167.1853,0.9819,stand_12,303.8347,0.0,-0.0,0.0,-0.0,Sidewalk
389.0,130.8147,3.8823,-2.96706,0.0,-0.06981,167.1853,0.9819,stand_12,303.8556,0.0,-0.06981,0.0,-0.06981,Sidewalk
389.5,130.8147,3.8823,-2.96706,0.0,-0.0,167.1853,0.9819,stand_12,303.8347,0.0,-0.0,0.0,-0.0,Sidewalk
390.0,130.8147,3.8823,-3.00197,0.0,-0.06981,167.1853,0.9819,stand_12,303.8556,0.0,-0.06981,0.0,-0.06981,Sidewalk
390.5,130.8147,3.8823,-3.00197,0.0,-0.0,167.1853,0.982,stand_12,303.8347,0.0,-0.0,0.0,-0.0,Sidewalk
391.0,130.8147,3.8823,-3.03687,0.0,-0.06981,167.1853,0.982,stand_12,303.8556,0.0,-0.06981,0.0,-0.06981,Sidewalk
391.5,130.8147,3.8823,-3.03687,0.0,-0.0,167.1853,0.982,stand_12,303.8347,0.0,-0.0,0.0,-0.0,Sidewalk
392.0,130.8147,3.8823,-3.07178,0.0,-0.06981,167.1853,0.982,stand_12,303.8556,0.0,-0.06981,0.0,-0.06981,Sidewalk
392.5,130.8147,3.8823,-3.07178,0.0,-0.0,167.1853,0.982,stand_12,303.8347,0.0,-0.0,0.0,-0.0,Sidewalk
393.0,130.8147,3.8823,-3.10669,0.0,-0.06981,167.1853,0.982,stand_12,303.8556,0.0,-0.06981,0.0,-0.06981,Sidewalk
393.5,130.8147,3.8823,-3.10669,0.0,-0.0,167.1853,0.982,stand_12,303.8347,0.0,-0.0,0.0,-0.0,Sidewalk
394.0,130.8147,3.8823,3.14159,0.0,-0.06981,167.1853,0.982,stand_12,303.8556,0.0,-0.06981,0.0,-0.06981,Sidewalk
394.5,130.8147,3.8823,3.14159,0.0,-0.0,167.1853,0.982,stand_12,303.8346,0.0,-0.0,0.0,-0.0,Sidewalk
395.0,130.8147,3.8823,3.10669,0.0,-0.06981,167.1853,0.982,stand_12,303.8556,0.0,-0.06981,0.0,-0.06981,Sidewalk
395.5,130.8147,3.8823,3.10669,0.0,-0.0,167.1853,0.982,stand_12,303.8346,0.0,-0.0,0.0,-0.0,Sidewalk
396.0,130.8147,3.8823,3.07178,0.0,-0.06981,167.1853,0.982,stand_12,303.8556,0.0,-0.06981,0.0,-0.06981,Sidewalk
396.5,130.8147,3.8823,3.07178,0.0,-0.0,167.1853,0.982,stand_12,303.8346,0.0,-0.0,0.0,-0.0,Sidewalk
397.0,130.8147,3.8823,3.03687,0.0,-0.06981,167.1853,0.982,stand_12,303.8556,0.0,-0.06981,0.0,-0.06981,Sidewalk
397.5,130.8147,3.8823,3.03687,0.0,-0.0,167.1853,0.982,stand_12,303.8346,0.0,-0.0,0.0,-0.0,Sidewalk
398.0,130.8147,3.8823,3.00197,0.0,-0.06981,167.1853,0.982,stand_12,303.8556,0.0,-0.06981,0.0,-0.06981,Sidewalk
398.5,130.8147,3.8823,3.00197,0.0,-0.0,167.1853,0.982,stand_12,303.8346,0.0,-0.0,0.0,-0.0,Sidewalk
399.0,130.8147,3.8823,2.96706,0.0,-0.06981,167.1853,0.982,stand_12,303.8556,0.0,-0.06981,0.0,-0.06981,Sidewalk
399.5,130.8147,3.8823,2.96706,0.0,-0.0,167.1853,0.982,stand_12,303.8346,0.0,-0.0,0.0,-0.0,Sidewalk
400.0,130.8147,3.8823,2.93215,0.0,-0.06981,167.1853,0.982,stand_12,303.8555,0.0,-0.06981,0.0,-0.06981,Sidewalk
400.5,130.8147,3.8823,2.93215,0.0,-0.0,167.1853,0.982,stand_12,303.8346,0.0,-0.0,0.0,-0.0,Sidewalk
401.0,130.8147,3.8823,2.89725,0.0,-0.06981,167.1853,0.982,stand_12,303.8555,0.0,-0.06981,0.0,-0.06981,Sidewalk
401.5,130.8147,3.8823,2.89725,0.0,-0.0,167.1853,0.982,stand_12,303.8346,0.0,-0.0,0.0,-0.0,Sidewalk
402.0,130.8147,3.8823,2.86234,0.0,-0.06981,167.1853,0.982,stand_12,303.8555,0.0,-0.06981,0.0,-0.06981,Sidewalk
402.5,130.8147,3.8823,2.86234,0.0,-0.0,167.1853,0.982,stand_12,303.8346,0.0,-0.0,0.0,-0.0,Sidewalk
403.0,130.8147,3.8823,2.82743,0.0,-0.06981,167.1853,0.982,stand_12,303.8555,0.0,-0.06981,0.0,-0.06981,Sidewalk
403.5,130.8147,3.8823,2.82743,0.0,-0.0,167.1853,0.982,stand_12,303.8346,0.0,-0.0,0.0,-0.0,Sidewalk
404.0,130.8147,3.8823,2.79253,0.0,-0.06981,167.1853,0.982,stand_12,303.8555,0.0,-0.06981,0.0,-0.06981,Sidewalk
404.5,130.8147,3.8823,2.79253,0.0,-0.0,167.1853,0.982,stand_12,303.8346,0.0,-0.0,0.0,-0.0,Sidewalk
405.0,130.8147,3.8823,2.75762,0.0,-0.06981,167.1853,0.982,stand_12,303.8555,0.0,-0.06981,0.0,-0.06981,Sidewalk
405.5,130.8147,3.8823,2.75762,0.0,-0.0,167.1853,0.982,stand_12,303.8346,0.0,-0.0,0.0,-0.0,Sidewalk
406.0,130.8147,3.8823,2.72271,0.0,-0.06981,167.1853,0.982,stand_12,303.8555,0.0,-0.06981,0.0,-0.06981,Sidewalk
406.5,130.8147,3.8823,2.72271,0.0,-0.0,167.1853,0.982,stand_12,303.8346,0.0,-0.0,0.0,-0.0,Sidewalk
407.0,130.8147,3.8823,2.68781,0.0,-0.06981,167.1853,0.982,stand_12,303.8555,0.0,-0.06981,0.0,-0.06981,Sidewalk
407.5,130.8147,3.8823,2.68781,0.0,-0.0,167.1853,0.982,stand_12,303.8346,0.0,-0.0,0.0,-0.0,Sidewalk
408.0,130.8147,3.8823,2.6529,0.0,-0.06981,167.1853,0.982,stand_12,303.8555,0.0,-0.06981,0.0,-0.06981,Sidewalk
408.5,130.8147,3.8823,2.6529,0.0,-0.0,167.1853,0.982,stand_12,303.8345,0.0,-0.0,0.0,-0.0,Sidewalk
409.0,130.8147,3.8823,2.61799,0.0,-0.06981,167.1853,0.982,stand_12,303.8555,0.0,-0.06981,0.0,-0.06981,Sidewalk
409.5,130.8147,3.8823,2.61799,0.0,-0.0,167.1853,0.982,stand_12,303.8345,0.0,-0.0,0.0,-0.0,Sidewalk
410.0,130.8147,3.8823,2.58309,0.0,-0.06981,167.1853,0.982,stand_12,303.8555,0.0,-0.06981,0.0,-0.06981,Sidewalk
410.5,130.8147,3.8823,2.58309,0.0,-0.0,167.1853,0.982,stand_12,303.8345,0.0,-0.0,0.0,-0.0,Sidewalk
411.0,130.8147,3.8823,2.54818,0.0,-0.06981,167.1853,0.982,stand_12,303.8555,0.0,-0.06981,0.0,-0.06981,Sidewalk
411.5,130.8147,3.8823,2.54818,0.0,-0.0,167.1853,0.982,stand_12,303.8345,0.0,-0.0,0.0,-0.0,Sidewalk
412.0,130.8147,3.8823,2.51327,0.0,-0.06981,167.1853,0.982,stand_12,303.8555,0.0,-0.06981,0.0,-0.06981,Sidewalk
412.5,130.8147,3.8823,2.51327,0.0,-0.0,167.1853,0.982,stand_12,303.8345,0.0,-0.0,0.0,-0.0,Sidewalk
413.0,130.8147,3.8823,2.47837,0.0,-0.06981,167.1853,0.982,stand_12,303.8555,0.0,-0.06981,0.0,-0.06981,Sidewalk
413.5,130.8147,3.8823,2.47837,0.0,-0.0,167.1853,0.982,stand_12,303.8345,0.0,-0.0,0.0,-0.0,Sidewalk
414.0,130.8147,3.8823,2.44346,0.0,-0.06981,167.1853,0.982,stand_12,303.8555,0.0,-0.06981,0.0,-0.06981,Sidewalk
414.5,130.8147,3.8823,2.44346,0.0,-0.0,167.1853,0.982,stand_12,303.8345,0.0,-0.0,0.0,-0.0,Sidewalk
415.0,130.8147,3.8823,2.40855,0.0,-0.06981,167.1853,0.982,stand_12,303.8555,0.0,-0.06981,0.0,-0.06981,Sidewalk
415.5,130.8147,3.8823,2.40855,0.0,-0.0,167.1853,0.982,stand_12,303.8345,0.0,-0.0,0.0,-0.0,Sidewalk
416.0,130.8147,3.8823,2.37365,0.0,-0.06981,167.1853,0.982,stand_12,303.8554,0.0,-0.06981,0.0,-0.06981,Sidewalk
416.5,130.8147,3.8823,2.37365,0.0,-0.0,167.1853,0.982,stand_12,303.8345,0.0,-0.0,0.0,-0.0,Sidewalk
417.0,130.8147,3.8823,2.33874,0.0,-0.06981,167.1853,0.982,stand_12,303.8554,0.0,-0.06981,0.0,-0.06981,Sidewalk
417.5,130.8147,3.8823,2.33874,0.0,-0.0,167.1853,0.982,stand_12,303.8345,0.0,-0.0,0.0,-0.0,Sidewalk
418.0,130.8147,3.8823,2.30383,0.0,-0.06981,167.1853,0.982,stand_12,303.8554,0.0,-0.06981,0.0,-0.06981,Sidewalk
418.5,130.8147,3.8823,2.30383,0.0,-0.0,167.1853,0.982,stand_12,303.8345,0.0,-0.0,0.0,-0.0,Sidewalk
419.0,130.8147,3.8823,2.26893,0.0,-0.06981,167.1853,0.982,stand_12,303.8554,0.0,-0.06981,0.0,-0.06981,Sidewalk
419.5,130.8147,3.8823,2.26893,0.0,-0.0,167.1853,0.982,stand_12,303.8345,0.0,-0.0,0.0,-0.0,Sidewalk
420.0,130.8147,3.8823,2.23402,0.0,-0.06981,167.1853,0.982,stand_12,303.8554,0.0,-0.06981,0.0,-0.06981,Sidewalk
420.5,130.8147,3.8823,2.23402,0.0,-0.0,167.1853,0.982,stand_12,303.8345,0.0,-0.0,0.0,-0.0,Sidewalk
421.0,130.8147,3.8823,2.19911,0.0,-0.06981,167.1853,0.982,stand_12,303.8554,0.0,-0.06981,0.0,-0.06981,Sidewalk
421.5,130.8147,3.8823,2.19911,0.0,-0.0,167.1853,0.982,stand_12,303.8345,0.0,-0.0,0.0,-0.0,Sidewalk
422.0,130.8147,3.8823,2.16421,0.0,-0.06981,167.1853,0.982,stand_12,303.8554,0.0,-0.06981,0.0,-0.06981,Sidewalk
422.5,130.8147,3.8823,2.16421,0.0,-0.0,167.1853,0.982,stand_12,303.8345,0.0,-0.0,0.0,-0.0,Sidewalk
423.0,130.8147,3.8823,2.1293,0.0,-0.06981,167.1853,0.982,stand_12,303.8554,0.0,-0.06981,0.0,-0.06981,Sidewalk
423.5,130.8147,3.8823,2.1293,0.0,-0.0,167.1853,0.982,stand_12,303.8344,0.0,-0.0,0.0,-0.0,Sidewalk
424.0,130.8147,3.8823,2.0944,0.0,-0.06981,167.1853,0.982,stand_12,303.8554,0.0,-0.06981,0.0,-0.06981,Sidewalk
424.5,130.8147,3.8823,2.0944,0.0,-0.0,167.1853,0.982,stand_12,303.8344,0.0,-0.0,0.0,-0.0,Sidewalk
425.0,130.8147,3.8823,2.05949,0.0,-0.06981,167.1853,0.982,stand_12,303.8554,0.0,-0.06981,0.0,-0.06981,Sidewalk
425.5,130.8147,3.8823,2.05949,0.0,-0.0,167.1853,0.982,stand_12,303.8344,0.0,-0.0,0.0,-0.0,Sidewalk
426.0,130.8147,3.8823,2.02458,0.0,-0.06981,167.1853,0.982,stand_12,303.8554,0.0,-0.06981,0.0,-0.06981,Sidewalk
426.5,130.8147,3.8823,2.02458,0.0,-0.0,167.1853,0.982,stand_12,303.8344,0.0,-0.0,0.0,-0.0,Sidewalk
427.0,130.8147,3.8823,1.98968,0.0,-0.06981,167.1853,0.982,stand_12,303.8554,0.0,-0.06981,0.0,-0.06981,Sidewalk
427.5,130.8147,3.8823,1.98968,0.0,-0.0,167.1853,0.982,stand_12,303.8344,0.0,-0.0,0.0,-0.0,Sidewalk
428.0,130.8147,3.8823,1.95477,0.0,-0.06981,167.1853,0.982,stand_12,303.8554,0.0,-0.06981,0.0,-0.06981,Sidewalk
428.5,130.8147,3.8823,1.95477,0.0,-0.0,167.1853,0.982,stand_12,303.8344,0.0,-0.0,0.0,-0.0,Sidewalk
429.0,130.8147,3.8823,1.91986,0.0,-0.06981,167.1853,0.982,stand_12,303.8554,0.0,-0.06981,0.0,-0.06981,Sidewalk
429.5,130.8147,3.8823,1.91986,0.0,-0.0,167.1853,0.982,stand_12,303.8344,0.0,-0.0,0.0,-0.0,Sidewalk
430.0,130.8147,3.8823,1.88496,0.0,-0.06981,167.1853,0.982,stand_12,303.8553,0.0,-0.06981,0.0,-0.06981,Sidewalk
430.5,130.8147,3.8823,1.88496,0.0,-0.0,167.1853,0.982,stand_12,303.8344,0.0,-0.0,0.0,-0.0,Sidewalk
431.0,130.8147,3.8823,1.85005,0.0,-0.06981,167.1853,0.982,stand_12,303.8553,0.0,-0.06981,0.0,-0.06981,Sidewalk
431.5,130.8147,3.8823,1.85005,0.0,-0.0,167.1853,0.982,stand_12,303.8344,0.0,-0.0,0.0,-0.0,Sidewalk
432.0,130.8147,3.8823,1.81514,0.0,-0.06981,167.1853,0.982,stand_12,303.8553,0.0,-0.06981,0.0,-0.06981,Sidewalk
432.5,130.8147,3.8823,1.81514,0.0,-0.0,167.1853,0.982,stand_12,303.8344,0.0,-0.0,0.0,-0.0,Sidewalk
433.0,130.8147,3.8823,1.78024,0.0,-0.06981,167.1853,0.982,stand_12,303.8553,0.0,-0.06981,0.0,-0.06981,Sidewalk
433.5,130.8147,3.8823,1.78024,0.0,-0.0,167.1853,0.982,stand_12,303.8344,0.0,-0.0,0.0,-0.0,Sidewalk
434.0,130.8147,3.8823,1.74533,0.0,-0.06981,167.1853,0.982,stand_12,303.8553,0.0,-0.06981,0.0,-0.06981,Sidewalk
434.5,130.8147,3.8823,1.74533,0.0,-0.0,167.1853,0.982,stand_12,303.8344,0.0,-0.0,0.0,-0.0,Sidewalk
435.0,130.8147,3.8823,1.71042,0.0,-0.06981,167.1853,0.982,stand_12,303.8553,0.0,-0.06981,0.0,-0.06981,Sidewalk
435.5,130.8147,3.8823,1.71042,0.0,-0.0,167.1853,0.982,stand_12,303.8344,0.0,-0.0,0.0,-0.0,Sidewalk
436.0,130.8147,3.8823,1.67552,0.0,-0.06981,167.1853,0.982,stand_12,303.8553,0.0,-0.06981,0.0,-0.06981,Sidewalk
436.5,130.8147,3.8823,1.67552,0.0,-0.0,167.1853,0.982,stand_12,303.8344,0.0,-0.0,0.0,-0.0,Sidewalk
437.0,130.8147,3.8823,1.64061,0.0,-0.06981,167.1853,0.982,stand_12,303.8553,0.0,-0.06981,0.0,-0.06981,Sidewalk
437.5,130.8147,3.8823,1.64061,0.0,-0.0,167.1853,0.982,stand_12,303.8343,0.0,-0.0,0.0,-0.0,Sidewalk
438.0,130.8147,3.8823,1.6057,0.0,-0.06981,167.1853,0.982,stand_12,303.8553,0.0,-0.06981,0.0,-0.06981,Sidewalk
438.5,130.8147,3.8823,1.6057,0.0,-0.0,167.1853,0.982,stand_12,303.8343,0.0,-0.0,0.0,-0.0,Sidewalk
439.0,130.8147,3.8823,1.5708,0.0,-0.06981,167.1853,0.982,stand_12,303.8553,0.0,-0.06981,0.0,-0.06981,Sidewalk
439.5,130.8147,3.8823,1.5708,0.0,-0.0,167.1853,0.982,stand_12,303.8343,0.0,-0.0,0.0,-0.0,Sidewalk
440.0,130.8147,3.8823,1.53589,0.0,-0.06981,167.1853,0.982,stand_12,303.8553,0.0,-0.06981,0.0,-0.06981,Sidewalk
440.5,130.8147,3.8823,1.53589,0.0,-0.0,167.1853,0.982,stand_12,303.8343,0.0,-0.0,0.0,-0.0,Sidewalk
441.0,130.8147,3.8823,1.50098,0.0,-0.06981,167.1853,0.982,stand_12,303.8553,0.0,-0.06981,0.0,-0.06981,Sidewalk
441.5,130.8147,3.8823,1.50098,0.0,-0.0,167.1853,0.982,stand_12,303.8343,0.0,-0.0,0.0,-0.0,Sidewalk
442.0,130.8147,3.8823,1.46608,0.0,-0.06981,167.1853,0.982,stand_12,303.8553,0.0,-0.06981,0.0,-0.06981,Sidewalk
442.5,130.8147,3.8823,1.46608,0.0,-0.0,167.1853,0.982,stand_12,303.8343,0.0,-0.0,0.0,-0.0,Sidewalk
443.0,130.8147,3.8823,1.43117,0.0,-0.06981,167.1853,0.982,stand_12,303.8553,0.0,-0.06981,0.0,-0.06981,Sidewalk
443.5,130.8147,3.8823,1.43117,0.0,-0.0,167.1853,0.982,stand_12,303.8343,0.0,-0.0,0.0,-0.0,Sidewalk
444.0,130.8147,3.8823,1.39626,0.0,-0.06981,167.1853,0.982,stand_12,303.8552,0.0,-0.06981,0.0,-0.06981,Sidewalk
444.5,130.8147,3.8823,1.39626,0.0,-0.0,167.1853,0.982,stand_12,303.8343,0.0,-0.0,0.0,-0.0,Sidewalk
445.0,130.8147,3.8823,1.36136,0.0,-0.06981,167.1853,0.982,stand_12,303.8552,0.0,-0.06981,0.0,-0.06981,Sidewalk
445.5,130.8147,3.8823,1.36136,0.0,-0.0,167.1853,0.982,stand_12,303.8343,0.0,-0.0,0.0,-0.0,Sidewalk
446.0,130.8147,3.8823,1.32645,0.0,-0.06981,167.1853,0.982,stand_12,303.8552,0.0,-0.06981,0.0,-0.06981,Sidewalk
446.5,130.8147,3.8823,1.32645,0.0,-0.0,167.1853,0.982,stand_12,303.8343,0.0,-0.0,0.0,-0.0,Sidewalk
447.0,130.8147,3.8823,1.29154,0.0,-0.06981,167.1853,0.982,stand_12,303.8552,0.0,-0.06981,0.0,-0.06981,Sidewalk
447.5,130.8147,3.8823,1.29154,0.0,-0.0,167.1853,0.982,stand_12,303.8343,0.0,-0.0,0.0,-0.0,Sidewalk
448.0,130.8147,3.8823,1.25664,0.0,-0.06981,167.1853,0.982,stand_12,303.8552,0.0,-0.06981,0.0,-0.06981,Sidewalk
448.5,130.8147,3.8823,1.25664,0.0,-0.0,167.1853,0.982,stand_12,303.8343,0.0,-0.0,0.0,-0.0,Sidewalk
449.0,130.8147,3.8823,1.22173,0.0,-0.06981,167.1853,0.982,stand_12,303.8552,0.0,-0.06981,0.0,-0.06981,Sidewalk
449.5,130.8147,3.8823,1.22173,0.0,-0.0,167.1853,0.9821,stand_12,303.8343,0.0,-0.0,0.0,-0.0,Sidewalk
450.0,130.8147,3.8823,1.18682,0.0,-0.06981,167.1853,0.9821,stand_12,303.8552,0.0,-0.06981,0.0,-0.06981,Sidewalk
450.5,130.8147,3.8823,1.18682,0.0,-0.0,167.1853,0.9821,stand_12,303.8343,0.0,-0.0,0.0,-0.0,Sidewalk
451.0,130.8147,3.8823,1.15192,0.0,-0.06981,167.1853,0.9821,stand_12,303.8552,0.0,-0.06981,0.0,-0.06981,Sidewalk
451.5,130.8147,3.8823,1.15192,0.0,-0.0,167.1853,0.9821,stand_12,303.8343,0.0,-0.0,0.0,-0.0,Sidewalk
452.0,130.8147,3.8823,1.11701,0.0,-0.06981,167.1853,0.9821,stand_12,303.8552,0.0,-0.06981,0.0,-0.06981,Sidewalk
452.5,130.8147,3.8823,1.11701,0.0,-0.0,167.1853,0.9821,stand_12,303.8342,0.0,-0.0,0.0,-0.0,Sidewalk
453.0,130.8147,3.8823,1.0821,0.0,-0.06981,167.1853,0.9821,stand_12,303.8552,0.0,-0.06981,0.0,-0.06981,Sidewalk
453.5,130.8147,3.8823,1.0821,0.0,-0.0,167.1853,0.9821,stand_12,303.8342,0.0,-0.0,0.0,-0.0,Sidewalk
454.0,130.8147,3.8823,1.0472,0.0,-0.06981,167.1853,0.9821,stand_12,303.8552,0.0,-0.06981,0.0,-0.06981,Sidewalk
454.5,130.8147,3.8823,1.0472,0.0,-0.0,167.1853,0.9821,stand_12,303.8342,0.0,-0.0,0.0,-0.0,Sidewalk
455.0,130.8147,3.8823,1.0821,0.0,0.06981,167.1853,0.9821,stand_12,303.8552,0.0,0.06981,0.0,0.06981,Sidewalk
455.5,130.8147,3.8823,1.0821,0.0,-0.0,167.1853,0.9821,stand_12,303.8342,0.0,-0.0,0.0,-0.0,Sidewalk
456.0,130.8147,3.8823,1.11701,0.0,0.06981,167.1853,0.9821,stand_12,303.8552,0.0,0.06981,0.0,0.06981,Sidewalk
456.5,130.8147,3.8823,1.11701,0.0,-0.0,167.1853,0.9821,stand_12,303.8342,0.0,-0.0,0.0,-0.0,Sidewalk
457.0,130.8147,3.8823,1.15192,0.0,0.06981,167.1853,0.9821,stand_12,303.8552,0.0,0.06981,0.0,0.06981,Sidewalk
457.5,130.8147,3.8823,1.15192,0.0,-0.0,167.1853,0.9821,stand_12,303.8342,0.0,-0.0,0.0,-0.0,Sidewalk
458.0,130.8147,3.8823,1.18682,0.0,0.06981,167.1853,0.9821,stand_12,303.8551,0.0,0.06981,0.0,0.06981,Sidewalk
458.5,130.8147,3.8823,1.18682,0.0,-0.0,167.1853,0.9821,stand_12,303.8342,0.0,-0.0,0.0,-0.0,Sidewalk
459.0,130.8147,3.8823,1.22173,0.0,0.06981,167.1853,0.9821,stand_12,303.8551,0.0,0.06981,0.0,0.06981,Sidewalk
459.5,130.8147,3.8823,1.22173,0.0,-0.0,167.1853,0.9821,stand_12,303.8342,0.0,-0.0,0.0,-0.0,Sidewalk
460.0,130.8147,3.8823,1.25664,0.0,0.06981,167.1853,0.9821,stand_12,303.8551,0.0,0.06981,0.0,0.06981,Sidewalk
460.5,130.8147,3.8823,1.25664,0.0,-0.0,167.1853,0.9821,stand_12,303.8342,0.0,-0.0,0.0,-0.0,Sidewalk
461.0,130.8147,3.8823,1.29154,0.0,0.06981,167.1853,0.9821,stand_12,303.8551,0.0,0.06981,0.0,0.06981,Sidewalk
461.5,130.8147,3.8823,1.29154,0.0,-0.0,167.1853,0.9821,stand_12,303.8342,0.0,-0.0,0.0,-0.0,Sidewalk
462.0,130.8147,3.8823,1.32645,0.0,0.06981,167.1853,0.9821,stand_12,303.8551,0.0,0.06981,0.0,0.06981,Sidewalk
462.5,130.8147,3.8823,1.32645,0.0,-0.0,167.1853,0.9821,stand_12,303.8342,0.0,-0.0,0.0,-0.0,Sidewalk
463.0,130.8147,3.8823,1.36136,0.0,0.06981,167.1853,0.9821,stand_12,303.8551,0.0,0.06981,0.0,0.06981,Sidewalk
463.5,130.8147,3.8823,1.36136,0.0,-0.0,167.1853,0.9821,stand_12,303.8342,0.0,-0.0,0.0,-0.0,Sidewalk
464.0,130.8147,3.8823,1.39626,0.0,0.06981,167.1853,0.9821,stand_12,303.8551,0.0,0.06981,0.0,0.06981,Sidewalk
464.5,130.8147,3.8823,1.39626,0.0,-0.0,167.1853,0.9821,stand_12,303.8342,0.0,-0.0,0.0,-0.0,Sidewalk
465.0,130.8147,3.8823,1.43117,0.0,0.06981,167.1853,0.9821,stand_12,303.8551,0.0,0.06981,0.0,0.06981,Sidewalk
465.5,130.8147,3.8823,1.43117,0.0,-0.0,167.1853,0.9821,stand_12,303.8341,0.0,-0.0,0.0,-0.0,Sidewalk
466.0,130.8147,3.8823,1.46608,0.0,0.06981,167.1853,0.9821,stand_12,303.8551,0.0,0.06981,0.0,0.06981,Sidewalk
466.5,130.8147,3.8823,1.46608,0.0,-0.0,167.1853,0.9821,stand_12,303.8341,0.0,-0.0,0.0,-0.0,Sidewalk
467.0,130.8147,3.8823,1.50098,0.0,0.06981,167.1853,0.9821,stand_12,303.8551,0.0,0.06981,0.0,0.06981,Sidewalk
467.5,130.8147,3.8823,1.50098,0.0,-0.0,167.1853,0.9821,stand_12,303.8341,0.0,-0.0,0.0,-0.0,Sidewalk
468.0,130.8147,3.8823,1.53589,0.0,0.06981,167.1853,0.9821,stand_12,303.8551,0.0,0.06981,0.0,0.06981,Sidewalk
468.5,130.8147,3.8823,1.53589,0.0,-0.0,167.1853,0.9821,stand_12,303.8341,0.0,-0.0,0.0,-0.0,Sidewalk
469.0,130.8147,3.8823,1.5708,0.0,0.06981,167.1853,0.9821,stand_12,303.8551,0.0,0.06981,0.0,0.06981,Sidewalk
469.5,130.8147,3.8823,1.5708,0.0,-0.0,167.1853,0.9821,stand_12,303.8341,0.0,-0.0,0.0,-0.0,Sidewalk
470.0,130.8147,3.8823,1.6057,0.0,0.06981,167.1853,0.9821,stand_12,303.8551,0.0,0.06981,0.0,0.06981,Sidewalk
470.5,130.8147,3.8823,1.6057,0.0,-0.0,167.1853,0.9821,stand_12,303.8341,0.0,-0.0,0.0,-0.0,Sidewalk
471.0,130.8147,3.8823,1.64061,0.0,0.06981,167.1853,0.9821,stand_12,303.855,0.0,0.06981,0.0,0.06981,Sidewalk
471.5,130.8147,3.8823,1.64061,0.0,-0.0,167.1853,0.9821,stand_12,303.8341,0.0,-0.0,0.0,-0.0,Sidewalk
472.0,130.8147,3.8823,1.67552,0.0,0.06981,167.1853,0.9821,stand_12,303.855,0.0,0.06981,0.0,0.06981,Sidewalk
472.5,130.8147,3.8823,1.67552,0.0,-0.0,167.1853,0.9821,stand_12,303.8341,0.0,-0.0,0.0,-0.0,Sidewalk
473.0,130.8147,3.8823,1.71042,0.0,0.06981,167.1853,0.9821,stand_12,303.855,0.0,0.06981,0.0,0.06981,Sidewalk
473.5,130.8147,3.8823,1.71042,0.0,-0.0,167.1853,0.9821,stand_12,303.8341,0.0,-0.0,0.0,-0.0,Sidewalk
474.0,130.8147,3.8823,1.74533,0.0,0.06981,167.1853,0.9821,stand_12,303.855,0.0,0.06981,0.0,0.06981,Sidewalk
474.5,130.8147,3.8823,1.74533,0.0,-0.0,167.1853,0.9821,stand_12,303.8341,0.0,-0.0,0.0,-0.0,Sidewalk
475.0,130.8147,3.8823,1.78024,0.0,0.06981,167.1853,0.9821,stand_12,303.855,0.0,0.06981,0.0,0.06981,Sidewalk
475.5,130.8147,3.8823,1.78024,0.0,-0.0,167.1853,0.9821,stand_12,303.8341,0.0,-0.0,0.0,-0.0,Sidewalk
476.0,130.8147,3.8823,1.81514,0.0,0.06981,167.1853,0.9821,stand_12,303.855,0.0,0.06981,0.0,0.06981,Sidewalk
476.5,130.8147,3.8823,1.81514,0.0,-0.0,167.1853,0.9821,stand_12,303.8341,0.0,-0.0,0.0,-0.0,Sidewalk
477.0,130.8147,3.8823,1.85005,0.0,0.06981,167.1853,0.9821,stand_12,303.855,0.0,0.06981,0.0,0.06981,Sidewalk
477.5,130.8147,3.8823,1.85005,0.0,-0.0,167.1853,0.9821,stand_12,303.834,0.0,-0.0,0.0,-0.0,Sidewalk
478.0,130.8147,3.8823,1.88496,0.0,0.06981,167.1853,0.9821,stand_12,303.855,0.0,0.06981,0.0,0.06981,Sidewalk
478.5,130.8147,3.8823,1.88496,0.0,-0.0,167.1853,0.9821,stand_12,303.834,0.0,-0.0,0.0,-0.0,Sidewalk
479.0,130.8147,3.8823,1.91986,0.0,0.06981,167.1853,0.9821,stand_12,303.855,0.0,0.06981,0.0,0.06981,Sidewalk
479.5,130.8147,3.8823,1.91986,0.0,-0.0,167.1853,0.9821,stand_12,303.834,0.0,-0.0,0.0,-0.0,Sidewalk
480.0,130.8147,3.8823,1.95477,0.0,0.06981,167.1853,0.9821,stand_12,303.855,0.0,0.06981,0.0,0.06981,Sidewalk
480.5,130.8147,3.8823,1.95477,0.0,-0.0,167.1853,0.9821,stand_12,303.834,0.0,-0.0,0.0,-0.0,Sidewalk
481.0,130.8147,3.8823,1.98968,0.0,0.06981,167.1853,0.9821,stand_12,303.855,0.0,0.06981,0.0,0.06981,Sidewalk
481.5,130.8147,3.8823,1.98968,0.0,-0.0,167.1853,0.9821,stand_12,303.834,0.0,-0.0,0.0,-0.0,Sidewalk
482.0,130.8147,3.8823,2.02458,0.0,0.06981,167.1853,0.9821,stand_12,303.855,0.0,0.06981,0.0,0.06981,Sidewalk
482.5,130.8147,3.8823,2.02458,0.0,-0.0,167.1853,0.9821,stand_12,303.834,0.0,-0.0,0.0,-0.0,Sidewalk
483.0,130.8147,3.8823,2.05949,0.0,0.06981,167.1853,0.9821,stand_12,303.855,0.0,0.06981,0.0,0.06981,Sidewalk
483.5,130.8147,3.8823,2.05949,0.0,-0.0,167.1853,0.9821,stand_12,303.834,0.0,-0.0,0.0,-0.0,Sidewalk
484.0,130.8147,3.8823,2.0944,0.0,0.06981,167.1853,0.9821,stand_12,303.8549,0.0,0.06981,0.0,0.06981,Sidewalk
484.5,130.8147,3.8823,2.0944,0.0,-0.0,167.1853,0.9821,stand_12,303.834,0.0,-0.0,0.0,-0.0,Sidewalk
485.0,130.8147,3.8823,2.1293,0.0,0.06981,167.1853,0.9821,stand_12,303.8549,0.0,0.06981,0.0,0.06981,Sidewalk
485.5,130.8147,3.8823,2.1293,0.0,-0.0,167.1853,0.9821,stand_12,303.834,0.0,-0.0,0.0,-0.0,Sidewalk
486.0,130.8147,3.8823,2.16421,0.0,0.06981,167.1853,0.9821,stand_12,303.8549,0.0,0.06981,0.0,0.06981,Sidewalk
486.5,130.8147,3.8823,2.16421,0.0,-0.0,167.1853,0.9821,stand_12,303.834,0.0,-0.0,0.0,-0.0,Sidewalk
487.0,130.8147,3.8823,2.19911,0.0,0.06981,167.1853,0.9821,stand_12,303.8549,0.0,0.06981,0.0,0.06981,Sidewalk
487.5,130.8147,3.8823,2.19911,0.0,-0.0,167.1853,0.9821,stand_12,303.834,0.0,-0.0,0.0,-0.0,Sidewalk
488.0,130.8147,3.8823,2.23402,0.0,0.06981,167.1853,0.9821,stand_12,303.8549,0.0,0.06981,0.0,0.06981,Sidewalk
488.5,130.8147,3.8823,2.23402,0.0,-0.0,167.1853,0.9821,stand_12,303.834,0.0,-0.0,0.0,-0.0,Sidewalk
489.0,130.8147,3.8823,2.26893,0.0,0.06981,167.1853,0.9821,stand_12,303.8549,0.0,0.06981,0.0,0.06981,Sidewalk
489.5,130.8147,3.8823,2.26893,0.0,-0.0,167.1853,0.9821,stand_12,303.834,0.0,-0.0,0.0,-0.0,Sidewalk
490.0,130.8147,3.8823,2.30383,0.0,0.06981,167.1853,0.9821,stand_12,303.8549,0.0,0.06981,0.0,0.06981,Sidewalk
490.5,130.8147,3.8823,2.30383,0.0,-0.0,167.1853,0.9821,stand_12,303.834,0.0,-0.0,0.0,-0.0,Sidewalk
491.0,130.8147,3.8823,2.33874,0.0,0.06981,167.1853,0.9821,stand_12,303.8549,0.0,0.06981,0.0,0.06981,Sidewalk
491.5,130.8147,3.8823,2.33874,0.0,-0.0,167.1853,0.9821,stand_12,303.8339,0.0,-0.0,0.0,-0.0,Sidewalk
492.0,130.8147,3.8823,2.37365,0.0,0.06981,167.1853,0.9821,stand_12,303.8549,0.0,0.06981,0.0,0.06981,Sidewalk
492.5,130.8147,3.8823,2.37365,0.0,-0.0,167.1853,0.9821,stand_12,303.8339,0.0,-0.0,0.0,-0.0,Sidewalk
493.0,130.8147,3.8823,2.40855,0.0,0.06981,167.1853,0.9821,stand_12,303.8549,0.0,0.06981,0.0,0.06981,Sidewalk
493.5,130.8147,3.8823,2.40855,0.0,-0.0,167.1853,0.9821,stand_12,303.8339,0.0,-0.0,0.0,-0.0,Sidewalk
494.0,130.8147,3.8823,2.44346,0.0,0.06981,167.1853,0.9821,stand_12,303.8549,0.0,0.06981,0.0,0.06981,Sidewalk
494.5,130.8147,3.8823,2.44346,0.0,-0.0,167.1853,0.9821,stand_12,303.8339,0.0,-0.0,0.0,-0.0,Sidewalk
495.0,130.8147,3.8823,2.47837,0.0,0.06981,167.1853,0.9821,stand_12,303.8549,0.0,0.06981,0.0,0.06981,Sidewalk
495.5,130.8147,3.8823,2.47837,0.0,-0.0,167.1853,0.9821,stand_12,303.8339,0.0,-0.0,0.0,-0.0,Sidewalk
496.0,130.8147,3.8823,2.51327,0.0,0.06981,167.1853,0.9821,stand_12,303.8549,0.0,0.06981,0.0,0.06981,Sidewalk
496.5,130.8147,3.8823,2.51327,0.0,-0.0,167.1853,0.9821,stand_12,303.8339,0.0,-0.0,0.0,-0.0,Sidewalk
497.0,130.8147,3.8823,2.54818,0.0,0.06981,167.1853,0.9821,stand_12,303.8548,0.0,0.06981,0.0,0.06981,Sidewalk
497.5,130.8147,3.8823,2.54818,0.0,-0.0,167.1853,0.9821,stand_12,303.8339,0.0,-0.0,0.0,-0.0,Sidewalk
498.0,130.8147,3.8823,2.58309,0.0,0.06981,167.1853,0.9821,stand_12,303.8548,0.0,0.06981,0.0,0.06981,Sidewalk
498.5,130.8147,3.8823,2.58309,0.0,-0.0,167.1853,0.9821,stand_12,303.8339,0.0,-0.0,0.0,-0.0,Sidewalk
499.0,130.8147,3.8823,2.61799,0.0,0.06981,167.1853,0.9821,stand_12,303.8548,0.0,0.06981,0.0,0.06981,Sidewalk
499.5,130.8147,3.8823,2.61799,0.0,-0.0,167.1853,0.9821,stand_12,303.8339,0.0,-0.0,0.0,-0.0,Sidewalk
500.0,130.8147,3.8823,2.6529,0.0,0.06981,167.1853,0.9821,stand_12,303.8548,0.0,0.06981,0.0,0.06981,Sidewalk
500.5,130.8147,3.8823,2.6529,0.0,-0.0,167.1853,0.9821,stand_12,303.8339,0.0,-0.0,0.0,-0.0,Sidewalk
501.0,130.8147,3.8823,2.68781,0.0,0.06981,167.1853,0.9821,stand_12,303.8548,0.0,0.06981,0.0,0.06981,Sidewalk
501.5,130.8147,3.8823,2.68781,0.0,-0.0,167.1853,0.9821,stand_12,303.8339,0.0,-0.0,0.0,-0.0,Sidewalk
502.0,130.8147,3.8823,2.72271,0.0,0.06981,167.1853,0.9821,stand_12,303.8548,0.0,0.06981,0.0,0.06981,Sidewalk
502.5,130.8147,3.8823,2.72271,0.0,-0.0,167.1853,0.9821,stand_12,303.8339,0.0,-0.0,0.0,-0.0,Sidewalk
503.0,130.8147,3.8823,2.75762,0.0,0.06981,167.1853,0.9821,stand_12,303.8548,0.0,0.06981,0.0,0.06981,Sidewalk
503.5,130.8147,3.8823,2.75762,0.0,-0.0,167.1853,0.9821,stand_12,303.8339,0.0,-0.0,0.0,-0.0,Sidewalk
504.0,130.8147,3.8823,2.79253,0.0,0.06981,167.1853,0.9822,stand_12,303.8548,0.0,0.06981,0.0,0.06981,Sidewalk
504.5,130.8147,3.8823,2.79253,0.0,-0.0,167.1853,0.9822,stand_12,303.8338,0.0,-0.0,0.0,-0.0,Sidewalk
505.0,130.8147,3.8823,2.82743,0.0,0.06981,167.1853,0.9822,stand_12,303.8548,0.0,0.06981,0.0,0.06981,Sidewalk
505.5,130.8147,3.8823,2.82743,0.0,-0.0,167.1853,0.9822,stand_12,303.8338,0.0,-0.0,0.0,-0.0,Sidewalk
506.0,130.8147,3.8823,2.86234,0.0,0.06981,167.1853,0.9822,stand_12,303.8548,0.0,0.06981,0.0,0.06981,Sidewalk
506.5,130.8147,3.8823,2.86234,0.0,-0.0,167.1853,0.9822,stand_12,303.8338,0.0,-0.0,0.0,-0.0,Sidewalk
507.0,130.8147,3.8823,2.89725,0.0,0.06981,167.1853,0.9822,stand_12,303.8548,0.0,0.06981,0.0,0.06981,Sidewalk
507.5,130.8147,3.8823,2.89725,0.0,-0.0,167.1853,0.9822,stand_12,303.8338,0.0,-0.0,0.0,-0.0,Sidewalk
508.0,130.8147,3.8823,2.93215,0.0,0.06981,167.1853,0.9822,stand_12,303.8548,0.0,0.06981,0.0,0.06981,Sidewalk
508.5,130.8147,3.8823,2.93215,0.0,-0.0,167.1853,0.9822,stand_12,303.8338,0.0,-0.0,0.0,-0.0,Sidewalk
509.0,130.8147,3.8823,2.96706,0.0,0.06981,167.1853,0.9822,stand_12,303.8548,0.0,0.06981,0.0,0.06981,Sidewalk
509.5,130.8147,3.8823,2.96706,0.0,-0.0,167.1853,0.9822,stand_12,303.8338,0.0,-0.0,0.0,-0.0,Sidewalk
510.0,130.8147,3.8823,3.00197,0.0,0.06981,167.1853,0.9822,stand_12,303.8548,0.0,0.06981,0.0,0.06981,Sidewalk
510.5,130.8147,3.8823,3.00197,0.0,-0.0,167.1853,0.9822,stand_12,303.8338,0.0,-0.0,0.0,-0.0,Sidewalk
511.0,130.8147,3.8823,3.03687,0.0,0.06981,167.1853,0.9822,stand_12,303.8547,0.0,0.06981,0.0,0.06981,Sidewalk
511.5,130.8147,3.8823,3.03687,0.0,-0.0,167.1853,0.9822,stand_12,303.8338,0.0,-0.0,0.0,-0.0,Sidewalk
512.0,130.8147,3.8823,3.07178,0.0,0.06981,167.1853,0.9822,stand_12,303.8547,0.0,0.06981,0.0,0.06981,Sidewalk
512.5,130.8147,3.8823,3.07178,0.0,-0.0,167.1853,0.9822,stand_12,303.8338,0.0,-0.0,0.0,-0.0,Sidewalk
513.0,130.8147,3.8823,3.10669,0.0,0.06981,167.1853,0.9822,stand_12,303.8547,0.0,0.06981,0.0,0.06981,Sidewalk
513.5,130.8147,3.8823,3.10669,0.0,-0.0,167.1853,0.9822,stand_12,303.8338,0.0,-0.0,0.0,-0.0,Sidewalk
514.0,130.8147,3.8823,3.14159,0.0,0.06981,167.1853,0.9822,stand_12,303.8547,0.0,0.06981,0.0,0.06981,Sidewalk
514.5,130.8147,3.8823,3.14159,0.0,-0.0,167.1853,0.9822,stand_12,303.8338,0.0,-0.0,0.0,-0.0,Sidewalk
515.0,130.8147,3.8823,-3.10669,0.0,0.06981,167.1853,0.9822,stand_12,303.8547,0.0,0.06981,0.0,0.06981,Sidewalk
515.5,130.8147,3.8823,-3.10669,0.0,-0.0,167.1853,0.9822,stand_12,303.8338,0.0,-0.0,0.0,-0.0,Sidewalk
516.0,130.8147,3.8823,-3.07178,0.0,0.06981,167.1853,0.9822,stand_12,303.8547,0.0,0.06981,0.0,0.06981,Sidewalk
516.5,130.8147,3.8823,-3.07178,0.0,-0.0,167.1853,0.9822,stand_12,303.8338,0.0,-0.0,0.0,-0.0,Sidewalk
517.0,130.8147,3.8823,-3.03687,0.0,0.06981,167.1853,0.9822,stand_12,303.8547,0.0,0.06981,0.0,0.06981,Sidewalk
517.5,130.8147,3.8823,-3.03687,0.0,-0.0,167.1853,0.9822,stand_12,303.8338,0.0,-0.0,0.0,-0.0,Sidewalk
518.0,130.8147,3.8823,-3.00197,0.0,0.06981,167.1853,0.9822,stand_12,303.8547,0.0,0.06981,0.0,0.06981,Sidewalk
518.5,130.8147,3.8823,-3.00197,0.0,-0.0,167.1853,0.9822,stand_12,303.8337,0.0,-0.0,0.0,-0.0,Sidewalk
519.0,130.8147,3.8823,-2.96706,0.0,0.06981,167.1853,0.9822,stand_12,303.8547,0.0,0.06981,0.0,0.06981,Sidewalk
519.5,130.8147,3.8823,-2.96706,0.0,-0.0,167.1853,0.9822,stand_12,303.8337,0.0,-0.0,0.0,-0.0,Sidewalk
520.0,130.8147,3.8823,-2.93215,0.0,0.06981,167.1853,0.9822,stand_12,303.8547,0.0,0.06981,0.0,0.06981,Sidewalk
520.5,130.8147,3.8823,-2.93215,0.0,-0.0,167.1853,0.9822,stand_12,303.8337,0.0,-0.0,0.0,-0.0,Sidewalk
521.0,130.8147,3.8823,-2.89725,0.0,0.06981,167.1853,0.9822,stand_12,303.8547,0.0,0.06981,0.0,0.06981,Sidewalk
521.5,130.8147,3.8823,-2.89725,0.0,-0.0,167.1853,0.9822,stand_12,303.8337,0.0,-0.0,0.0,-0.0,Sidewalk
522.0,130.8147,3.8823,-2.86234,0.0,0.06981,167.1853,0.9822,stand_12,303.8547,0.0,0.06981,0.0,0.06981,Sidewalk
522.5,130.8147,3.8823,-2.86234,0.0,-0.0,167.1853,0.9822,stand_12,303.8337,0.0,-0.0,0.0,-0.0,Sidewalk
523.0,130.8147,3.8823,-2.82743,0.0,0.06981,167.1853,0.9822,stand_12,303.8547,0.0,0.06981,0.0,0.06981,Sidewalk
523.5,130.8147,3.8823,-2.82743,0.0,-0.0,167.1853,0.9822,stand_12,303.8337,0.0,-0.0,0.0,-0.0,Sidewalk
524.0,130.8147,3.8823,-2.79253,0.0,0.06981,167.1853,0.9822,stand_12,303.8546,0.0,0.06981,0.0,0.06981,Sidewalk
524.5,130.8147,3.8823,-2.79253,0.0,-0.0,167.1853,0.9822,stand_12,303.8337,0.0,-0.0,0.0,-0.0,Sidewalk
525.0,130.8147,3.8823,-2.75762,0.0,0.06981,167.1853,0.9822,stand_12,303.8546,0.0,0.06981,0.0,0.06981,Sidewalk
525.5,130.8147,3.8823,-2.75762,0.0,-0.0,167.1853,0.9822,stand_12,303.8337,0.0,-0.0,0.0,-0.0,Sidewalk
526.0,130.8147,3.8823,-2.72271,0.0,0.06981,167.1853,0.9822,stand_12,303.8546,0.0,0.06981,0.0,0.06981,Sidewalk
526.5,130.8147,3.8823,-2.72271,0.0,-0.0,167.1853,0.9822,stand_12,303.8337,0.0,-0.0,0.0,-0.0,Sidewalk
527.0,130.8147,3.8823,-2.68781,0.0,0.06981,167.1853,0.9822,stand_12,303.8546,0.0,0.06981,0.0,0.06981,Sidewalk
527.5,130.8147,3.8823,-2.68781,0.0,-0.0,167.1853,0.9822,stand_12,303.8337,0.0,-0.0,0.0,-0.0,Sidewalk
528.0,130.8147,3.8823,-2.6529,0.0,0.06981,167.1853,0.9822,stand_12,303.8546,0.0,0.06981,0.0,0.06981,Sidewalk
528.5,130.8147,3.8823,-2.6529,0.0,-0.0,167.1853,0.9822,stand_12,303.8337,0.0,-0.0,0.0,-0.0,Sidewalk
529.0,130.8147,3.8823,-2.61799,0.0,0.06981,167.1853,0.9822,stand_12,303.8546,0.0,0.06981,0.0,0.06981,Sidewalk
529.5,130.8147,3.8823,-2.61799,0.0,-0.0,167.1853,0.9822,stand_12,303.8337,0.0,-0.0,0.0,-0.0,Sidewalk
530.0,130.8147,3.8823,-2.58309,0.0,0.06981,167.1853,0.9822,stand_12,303.8546,0.0,0.06981,0.0,0.06981,Sidewalk
530.5,130.8147,3.8823,-2.58309,0.0,-0.0,167.1853,0.9822,stand_12,303.8337,0.0,-0.0,0.0,-0.0,Sidewalk
531.0,130.8147,3.8823,-2.54818,0.0,0.06981,167.1853,0.9822,stand_12,303.8546,0.0,0.06981,0.0,0.06981,Sidewalk
531.5,130.8147,3.8823,-2.54818,0.0,-0.0,167.1853,0.9822,stand_12,303.8336,0.0,-0.0,0.0,-0.0,Sidewalk
532.0,130.8147,3.8823,-2.51327,0.0,0.06981,167.1853,0.9822,stand_12,303.8546,0.0,0.06981,0.0,0.06981,Sidewalk
532.5,130.8147,3.8823,-2.51327,0.0,-0.0,167.1853,0.9822,stand_12,303.8336,0.0,-0.0,0.0,-0.0,Sidewalk
533.0,130.8147,3.8823,-2.47837,0.0,0.06981,167.1853,0.9822,stand_12,303.8546,0.0,0.06981,0.0,0.06981,Sidewalk
533.5,130.8147,3.8823,-2.47837,0.0,-0.0,167.1853,0.9822,stand_12,303.8336,0.0,-0.0,0.0,-0.0,Sidewalk
534.0,130.8147,3.8823,-2.44346,0.0,0.06981,167.1853,0.9822,stand_12,303.8546,0.0,0.06981,0.0,0.06981,Sidewalk
534.5,130.8147,3.8823,-2.44346,0.0,-0.0,167.1853,0.9822,stand_12,303.8336,0.0,-0.0,0.0,-0.0,Sidewalk
535.0,130.8147,3.8823,-2.40855,0.0,0.06981,167.1853,0.9822,stand_12,303.8546,0.0,0.06981,0.0,0.06981,Sidewalk
535.5,130.8147,3.8823,-2.40855,0.0,-0.0,167.1853,0.9822,stand_12,303.8336,0.0,-0.0,0.0,-0.0,Sidewalk
536.0,130.8147,3.8823,-2.37365,0.0,0.06981,167.1853,0.9822,stand_12,303.8546,0.0,0.06981,0.0,0.06981,Sidewalk
536.5,130.8147,3.8823,-2.37365,0.0,-0.0,167.1853,0.9822,stand_12,303.8336,0.0,-0.0,0.0,-0.0,Sidewalk
537.0,130.8147,3.8823,-2.33874,0.0,0.06981,167.1853,0.9822,stand_12,303.8546,0.0,0.06981,0.0,0.06981,Sidewalk
537.5,130.8147,3.8823,-2.33874,0.0,-0.0,167.1853,0.9822,stand_12,303.8336,0.0,-0.0,0.0,-0.0,Sidewalk
538.0,130.8147,3.8823,-2.30383,0.0,0.06981,167.1853,0.9822,stand_12,303.8546,0.0,0.06981,0.0,0.06981,Sidewalk
538.5,130.8147,3.8823,-2.30383,0.0,-0.0,167.1853,0.9822,stand_12,303.8336,0.0,-0.0,0.0,-0.0,Sidewalk
539.0,130.8147,3.8823,-2.26893,0.0,0.06981,167.1853,0.9822,stand_12,303.8545,0.0,0.06981,0.0,0.06981,Sidewalk
539.5,130.8147,3.8823,-2.26893,0.0,-0.0,167.1853,0.9822,stand_12,303.8336,0.0,-0.0,0.0,-0.0,Sidewalk
540.0,130.8147,3.8823,-2.23402,0.0,0.06981,167.1853,0.9822,stand_12,303.8545,0.0,0.06981,0.0,0.06981,Sidewalk
540.5,130.8147,3.8823,-2.23402,0.0,-0.0,167.1853,0.9822,stand_12,303.8336,0.0,-0.0,0.0,-0.0,Sidewalk
541.0,130.8147,3.8823,-2.19911,0.0,0.06981,167.1853,0.9822,stand_12,303.8545,0.0,0.06981,0.0,0.06981,Sidewalk
541.5,130.8147,3.8823,-2.19911,0.0,-0.0,167.1853,0.9822,stand_12,303.8336,0.0,-0.0,0.0,-0.0,Sidewalk
542.0,130.8147,3.8823,-2.16421,0.0,0.06981,167.1853,0.9822,stand_12,303.8545,0.0,0.06981,0.0,0.06981,Sidewalk
542.5,130.8147,3.8823,-2.16421,0.0,-0.0,167.1853,0.9822,stand_12,303.8336,0.0,-0.0,0.0,-0.0,Sidewalk
543.0,130.8147,3.8823,-2.1293,0.0,0.06981,167.1853,0.9822,stand_12,303.8545,0.0,0.06981,0.0,0.06981,Sidewalk
543.5,130.8147,3.8823,-2.1293,0.0,-0.0,167.1853,0.9822,stand_12,303.8336,0.0,-0.0,0.0,-0.0,Sidewalk
544.0,130.8147,3.8823,-2.0944,0.0,0.06981,167.1853,0.9822,stand_12,303.8545,0.0,0.06981,0.0,0.06981,Sidewalk
544.5,130.8147,3.8823,-2.0944,0.0,-0.0,167.1853,0.9822,stand_12,303.8336,0.0,-0.0,0.0,-0.0,Sidewalk
545.0,130.8147,3.8823,-2.05949,0.0,0.06981,167.1853,0.9822,stand_12,303.8545,0.0,0.06981,0.0,0.06981,Sidewalk
545.5,130.8147,3.8823,-2.05949,0.0,-0.0,167.1853,0.9822,stand_12,303.8336,0.0,-0.0,0.0,-0.0,Sidewalk
546.0,130.8147,3.8823,-2.02458,0.0,0.06981,167.1853,0.9822,stand_12,303.8545,0.0,0.06981,0.0,0.06981,Sidewalk
546.5,130.8147,3.8823,-2.02458,0.0,-0.0,167.1853,0.9822,stand_12,303.8336,0.0,-0.0,0.0,-0.0,Sidewalk
547.0,130.8147,3.8823,-1.98968,0.0,0.06981,167.1853,0.9822,stand_12,303.8545,0.0,0.06981,0.0,0.06981,Sidewalk
547.5,130.8147,3.8823,-1.98968,0.0,-0.0,167.1853,0.9822,stand_12,303.8335,0.0,-0.0,0.0,-0.0,Sidewalk
548.0,130.8147,3.8823,-1.95477,0.0,0.06981,167.1853,0.9822,stand_12,303.8545,0.0,0.06981,0.0,0.06981,Sidewalk
548.5,130.8147,3.8823,-1.95477,0.0,-0.0,167.1853,0.9822,stand_12,303.8335,0.0,-0.0,0.0,-0.0,Sidewalk
549.0,130.8147,3.8823,-1.91986,0.0,0.06981,167.1853,0.9822,stand_12,303.8545,0.0,0.06981,0.0,0.06981,Sidewalk
549.5,130.8147,3.8823,-1.91986,0.0,-0.0,167.1853,0.9822,stand_12,303.8335,0.0,-0.0,0.0,-0.0,Sidewalk
550.0,130.8147,3.8823,-1.88496,0.0,0.06981,167.1853,0.9822,stand_12,303.8545,0.0,0.06981,0.0,0.06981,Sidewalk
550.5,130.8147,3.8823,-1.88496,0.0,-0.0,167.1853,0.9822,stand_12,303.8335,0.0,-0.0,0.0,-0.0,Sidewalk
551.0,130.8147,3.8823,-1.85005,0.0,0.06981,167.1853,0.9822,stand_12,303.8545,0.0,0.06981,0.0,0.06981,Sidewalk
551.5,130.8147,3.8823,-1.85005,0.0,-0.0,167.1853,0.9822,stand_12,303.8335,0.0,-0.0,0.0,-0.0,Sidewalk
552.0,130.8147,3.8823,-1.81514,0.0,0.06981,167.1853,0.9822,stand_12,303.8545,0.0,0.06981,0.0,0.06981,Sidewalk
552.5,130.8147,3.8823,-1.81514,0.0,-0.0,167.1853,0.9822,stand_12,303.8335,0.0,-0.0,0.0,-0.0,Sidewalk
553.0,130.8147,3.8823,-1.78024,0.0,0.06981,167.1853,0.9822,stand_12,303.8544,0.0,0.06981,0.0,0.06981,Sidewalk
553.5,130.8147,3.8823,-1.78024,0.0,-0.0,167.1853,0.9822,stand_12,303.8335,0.0,-0.0,0.0,-0.0,Sidewalk
554.0,130.8147,3.8823,-1.74533,0.0,0.06981,167.1853,0.9822,stand_12,303.8544,0.0,0.06981,0.0,0.06981,Sidewalk
554.5,130.8147,3.8823,-1.74533,0.0,-0.0,167.1853,0.9822,stand_12,303.8335,0.0,-0.0,0.0,-0.0,Sidewalk
555.0,130.8147,3.8823,-1.71042,0.0,0.06981,167.1853,0.9822,stand_12,303.8544,0.0,0.06981,0.0,0.06981,Sidewalk
555.5,130.8147,3.8823,-1.71042,0.0,-0.0,167.1853,0.9822,stand_12,303.8335,0.0,-0.0,0.0,-0.0,Sidewalk
556.0,130.8147,3.8823,-1.67552,0.0,0.06981,167.1853,0.9822,stand_12,303.8544,0.0,0.06981,0.0,0.06981,Sidewalk
556.5,130.8147,3.8823,-1.67552,0.0,-0.0,167.1853,0.9822,stand_12,303.8335,0.0,-0.0,0.0,-0.0,Sidewalk
557.0,130.8147,3.8823,-1.64061,0.0,0.06981,167.1853,0.9822,stand_12,303.8544,0.0,0.06981,0.0,0.06981,Sidewalk
557.5,130.8147,3.8823,-1.64061,0.0,-0.0,167.1853,0.9822,stand_12,303.8335,0.0,-0.0,0.0,-0.0,Sidewalk
558.0,130.8147,3.8823,-1.6057,0.0,0.06981,167.1853,0.9822,stand_12,303.8544,0.0,0.06981,0.0,0.06981,Sidewalk
558.5,130.8147,3.8823,-1.6057,0.0,-0.0,167.1853,0.9822,stand_12,303.8335,0.0,-0.0,0.0,-0.0,Sidewalk
559.0,130.8147,3.8823,-1.5708,0.0,0.06981,167.1853,0.9822,stand_12,303.8544,0.0,0.06981,0.0,0.06981,Sidewalk
559.5,130.8147,3.8823,-1.5708,0.0,-0.0,167.1853,0.9822,stand_12,303.8335,0.0,-0.0,0.0,-0.0,Sidewalk
560.0,130.8147,3.8823,-1.53589,0.0,0.06981,167.1853,0.9822,stand_12,303.8544,0.0,0.06981,0.0,0.06981,Sidewalk
560.5,130.8147,3.8823,-1.53589,0.0,-0.0,167.1853,0.9822,stand_12,303.8334,0.0,-0.0,0.0,-0.0,Sidewalk
561.0,130.8147,3.8823,-1.50098,0.0,0.06981,167.1853,0.9823,stand_12,303.8544,0.0,0.06981,0.0,0.06981,Sidewalk
561.5,130.8147,3.8823,-1.50098,0.0,-0.0,167.1853,0.9823,stand_12,303.8334,0.0,-0.0,0.0,-0.0,Sidewalk
562.0,130.8147,3.8823,-1.46608,0.0,0.06981,167.1853,0.9823,stand_12,303.8544,0.0,0.06981,0.0,0.06981,Sidewalk
562.5,130.8147,3.8823,-1.46608,0.0,-0.0,167.1853,0.9823,stand_12,303.8334,0.0,-0.0,0.0,-0.0,Sidewalk
563.0,130.8147,3.8823,-1.43117,0.0,0.06981,167.1853,0.9823,stand_12,303.8544,0.0,0.06981,0.0,0.06981,Sidewalk
563.5,130.8147,3.8823,-1.43117,0.0,-0.0,167.1853,0.9823,stand_12,303.8334,0.0,-0.0,0.0,-0.0,Sidewalk
564.0,130.8147,3.8823,-1.39626,0.0,0.06981,167.1853,0.9823,stand_12,303.8544,0.0,0.06981,0.0,0.06981,Sidewalk
564.5,130.8147,3.8823,-1.39626,0.0,-0.0,167.1853,0.9823,stand_12,303.8334,0.0,-0.0,0.0,-0.0,Sidewalk
565.0,130.8147,3.8823,-1.36136,0.0,0.06981,167.1853,0.9823,stand_12,303.8544,0.0,0.06981,0.0,0.06981,Sidewalk
565.5,130.8147,3.8823,-1.36136,0.0,-0.0,167.1853,0.9823,stand_12,303.8334,0.0,-0.0,0.0,-0.0,Sidewalk
566.0,130.8147,3.8823,-1.32645,0.0,0.06981,167.1853,0.9823,stand_12,303.8543,0.0,0.06981,0.0,0.06981,Sidewalk
566.5,130.8147,3.8823,-1.32645,0.0,-0.0,167.1853,0.9823,stand_12,303.8334,0.0,-0.0,0.0,-0.0,Sidewalk
567.0,130.8147,3.8823,-1.29154,0.0,0.06981,167.1853,0.9823,stand_12,303.8543,0.0,0.06981,0.0,0.06981,Sidewalk
567.5,130.8147,3.8823,-1.29154,0.0,-0.0,167.1853,0.9823,stand_12,303.8334,0.0,-0.0,0.0,-0.0,Sidewalk
568.0,130.8147,3.8823,-1.25664,0.0,0.06981,167.1853,0.9823,stand_12,303.8543,0.0,0.06981,0.0,0.06981,Sidewalk
568.5,130.8147,3.8823,-1.25664,0.0,-0.0,167.1853,0.9823,stand_12,303.8334,0.0,-0.0,0.0,-0.0,Sidewalk
569.0,130.8147,3.8823,-1.22173,0.0,0.06981,167.1853,0.9823,stand_12,303.8543,0.0,0.06981,0.0,0.06981,Sidewalk
569.5,130.8147,3.8823,-1.22173,0.0,-0.0,167.1853,0.9823,stand_12,303.8334,0.0,-0.0,0.0,-0.0,Sidewalk
570.0,130.8147,3.8823,-1.18682,0.0,0.06981,167.1853,0.9823,stand_12,303.8543,0.0,0.06981,0.0,0.06981,Sidewalk
570.5,130.8147,3.8823,-1.18682,0.0,-0.0,167.1853,0.9823,stand_12,303.8334,0.0,-0.0,0.0,-0.0,Sidewalk
571.0,130.8147,3.8823,-1.15192,0.0,0.06981,167.1853,0.9823,stand_12,303.8543,0.0,0.06981,0.0,0.06981,Sidewalk
571.5,130.8147,3.8823,-1.15192,0.0,-0.0,167.1853,0.9823,stand_12,303.8334,0.0,-0.0,0.0,-0.0,Sidewalk
572.0,130.8147,3.8823,-1.11701,0.0,0.06981,167.1853,0.9823,stand_12,303.8543,0.0,0.06981,0.0,0.06981,Sidewalk
572.5,130.8147,3.8823,-1.11701,0.0,-0.0,167.1853,0.9823,stand_12,303.8334,0.0,-0.0,0.0,-0.0,Sidewalk
573.0,130.8147,3.8823,-1.0821,0.0,0.06981,167.1853,0.9823,stand_12,303.8543,0.0,0.06981,0.0,0.06981,Sidewalk
573.5,130.8147,3.8823,-1.0821,0.0,-0.0,167.1853,0.9823,stand_12,303.8334,0.0,-0.0,0.0,-0.0,Sidewalk
574.0,130.8147,3.8823,-1.0472,0.0,0.06981,167.1853,0.9823,stand_12,303.8543,0.0,0.06981,0.0,0.06981,Sidewalk
574.5,130.8147,3.8823,-1.0472,0.0,-0.0,167.1853,0.9823,stand_12,303.8333,0.0,-0.0,0.0,-0.0,Sidewalk
575.0,130.8147,3.8823,-1.01229,0.0,0.06981,167.1853,0.9823,stand_12,303.8543,0.0,0.06981,0.0,0.06981,Sidewalk
575.5,130.8147,3.8823,-1.01229,0.0,-0.0,167.1853,0.9823,stand_12,303.8333,0.0,-0.0,0.0,-0.0,Sidewalk
576.0,130.8147,3.8823,-0.97738,0.0,0.06981,167.1853,0.9823,stand_12,303.8543,0.0,0.06981,0.0,0.06981,Sidewalk
576.5,130.8147,3.8823,-0.97738,0.0,-0.0,167.1853,0.9823,stand_12,303.8333,0.0,-0.0,0.0,-0.0,Sidewalk
577.0,130.8147,3.8823,-0.94248,0.0,0.06981,167.1853,0.9823,stand_12,303.8543,0.0,0.06981,0.0,0.06981,Sidewalk
577.5,130.8147,3.8823,-0.94248,0.0,-0.0,167.1853,0.9823,stand_12,303.8333,0.0,-0.0,0.0,-0.0,Sidewalk
578.0,130.8147,3.8823,-0.90757,0.0,0.06981,167.1853,0.9823,stand_12,303.8543,0.0,0.06981,0.0,0.06981,Sidewalk
578.5,130.8147,3.8823,-0.90757,0.0,-0.0,167.1853,0.9823,stand_12,303.8333,0.0,-0.0,0.0,-0.0,Sidewalk
579.0,130.8147,3.8823,-0.87266,0.0,0.06981,167.1853,0.9823,stand_12,303.8543,0.0,0.06981,0.0,0.06981,Sidewalk
579.5,130.8147,3.8823,-0.87266,0.0,-0.0,167.1853,0.9823,stand_12,303.8333,0.0,-0.0,0.0,-0.0,Sidewalk
580.0,130.8147,3.8823,-0.83776,0.0,0.06981,167.1853,0.9823,stand_12,303.8542,0.0,0.06981,0.0,0.06981,Sidewalk
580.5,130.8147,3.8823,-0.83776,0.0,-0.0,167.1853,0.9823,stand_12,303.8333,0.0,-0.0,0.0,-0.0,Sidewalk
581.0,130.8147,3.8823,-0.80285,0.0,0.06981,167.1853,0.9823,stand_12,303.8542,0.0,0.06981,0.0,0.06981,Sidewalk
581.5,130.8147,3.8823,-0.80285,0.0,-0.0,167.1853,0.9823,stand_12,303.8333,0.0,-0.0,0.0,-0.0,Sidewalk
582.0,130.8147,3.8823,-0.76794,0.0,0.06981,167.1853,0.9823,stand_12,303.8542,0.0,0.06981,0.0,0.06981,Sidewalk
582.5,130.8147,3.8823,-0.76794,0.0,-0.0,167.1853,0.9823,stand_12,303.8333,0.0,-0.0,0.0,-0.0,Sidewalk
583.0,130.8147,3.8823,-0.73304,0.0,0.06981,167.1853,0.9823,stand_12,303.8542,0.0,0.06981,0.0,0.06981,Sidewalk
583.5,130.8147,3.8823,-0.73304,0.0,-0.0,167.1853,0.9823,stand_12,303.8333,0.0,-0.0,0.0,-0.0,Sidewalk
584.0,130.8147,3.8823,-0.69813,0.0,0.06981,167.1853,0.9823,stand_12,303.8542,0.0,0.06981,0.0,0.06981,Sidewalk
584.5,130.8147,3.8823,-0.69813,0.0,-0.0,167.1853,0.9823,stand_12,303.8333,0.0,-0.0,0.0,-0.0,Sidewalk
585.0,130.8147,3.8823,-0.66323,0.0,0.06981,167.1853,0.9823,stand_12,303.8542,0.0,0.06981,0.0,0.06981,Sidewalk
585.5,130.8147,3.8823,-0.66323,0.0,-0.0,167.1853,0.9823,stand_12,303.8333,0.0,-0.0,0.0,-0.0,Sidewalk
586.0,130.8147,3.8823,-0.62832,0.0,0.06981,167.1853,0.9823,stand_12,303.8542,0.0,0.06981,0.0,0.06981,Sidewalk
586.5,130.8147,3.8823,-0.62832,0.0,-0.0,167.1853,0.9823,stand_12,303.8332,0.0,-0.0,0.0,-0.0,Sidewalk
587.0,130.8147,3.8823,-0.59341,0.0,0.06981,167.1853,0.9823,stand_12,303.8542,0.0,0.06981,0.0,0.06981,Sidewalk
587.5,130.8147,3.8823,-0.59341,0.0,-0.0,167.1853,0.9823,stand_12,303.8332,0.0,-0.0,0.0,-0.0,Sidewalk
588.0,130.8147,3.8823,-0.55851,0.0,0.06981,167.1853,0.9823,stand_12,303.8542,0.0,0.06981,0.0,0.06981,Sidewalk
588.5,130.8147,3.8823,-0.55851,0.0,-0.0,167.1853,0.9823,stand_12,303.8332,0.0,-0.0,0.0,-0.0,Sidewalk
589.0,130.8147,3.8823,-0.5236,0.0,0.06981,167.1853,0.9823,stand_12,303.8542,0.0,0.06981,0.0,0.06981,Sidewalk
589.5,130.8147,3.8823,-0.5236,0.0,-0.0,167.1853,0.9823,stand_12,303.8332,0.0,-0.0,0.0,-0.0,Sidewalk
590.0,130.8147,3.8823,-0.48869,0.0,0.06981,167.1853,0.9823,stand_12,303.8542,0.0,0.06981,0.0,0.06981,Sidewalk
590.5,130.8147,3.8823,-0.48869,0.0,-0.0,167.1853,0.9823,stand_12,303.8332,0.0,-0.0,0.0,-0.0,Sidewalk
591.0,130.8147,3.8823,-0.45379,0.0,0.06981,167.1853,0.9823,stand_12,303.8542,0.0,0.06981,0.0,0.06981,Sidewalk
591.5,130.8147,3.8823,-0.45379,0.0,-0.0,167.1853,0.9823,stand_12,303.8332,0.0,-0.0,0.0,-0.0,Sidewalk
592.0,130.8147,3.8823,-0.41888,0.0,0.06981,167.1853,0.9823,stand_12,303.8542,0.0,0.06981,0.0,0.06981,Sidewalk
592.5,130.8147,3.8823,-0.41888,0.0,-0.0,167.1853,0.9823,stand_12,303.8332,0.0,-0.0,0.0,-0.0,Sidewalk
593.0,130.8147,3.8823,-0.38397,0.0,0.06981,167.1853,0.9823,stand_12,303.8542,0.0,0.06981,0.0,0.06981,Sidewalk
593.5,130.8147,3.8823,-0.38397,0.0,-0.0,167.1853,0.9823,stand_12,303.8332,0.0,-0.0,0.0,-0.0,Sidewalk
594.0,130.8147,3.8823,-0.34907,0.0,0.06981,167.1853,0.9823,stand_12,303.8541,0.0,0.06981,0.0,0.06981,Sidewalk
594.5,130.8147,3.8823,-0.34907,0.0,-0.0,167.1853,0.9823,stand_12,303.8332,0.0,-0.0,0.0,-0.0,Sidewalk
595.0,130.8147,3.8823,-0.31416,0.0,0.06981,167.1853,0.9823,stand_12,303.8541,0.0,0.06981,0.0,0.06981,Sidewalk
595.5,130.8147,3.8823,-0.31416,0.0,-0.0,167.1853,0.9823,stand_12,303.8332,0.0,-0.0,0.0,-0.0,Sidewalk
596.0,130.8147,3.8823,-0.27925,0.0,0.06981,167.1853,0.9823,stand_12,303.8541,0.0,0.06981,0.0,0.06981,Sidewalk
596.5,130.8147,3.8823,-0.27925,0.0,-0.0,167.1853,0.9823,stand_12,303.8332,0.0,-0.0,0.0,-0.0,Sidewalk
597.0,130.8147,3.8823,-0.24435,0.0,0.06981,167.1853,0.9823,stand_12,303.8541,0.0,0.06981,0.0,0.06981,Sidewalk
597.5,130.8147,3.8823,-0.24435,0.0,-0.0,167.1853,0.9823,stand_12,303.8332,0.0,-0.0,0.0,-0.0,Sidewalk
598.0,130.8147,3.8823,-0.20944,0.0,0.06981,167.1853,0.9823,stand_12,303.8541,0.0,0.06981,0.0,0.06981,Sidewalk
598.5,130.8147,3.8823,-0.20944,0.0,-0.0,167.1853,0.9823,stand_12,303.8332,0.0,-0.0,0.0,-0.0,Sidewalk
599.0,130.8147,3.8823,-0.17453,0.0,0.06981,167.1853,0.9823,stand_12,303.8541,0.0,0.06981,0.0,0.06981,Sidewalk
599.5,130.8147,3.8823,-0.17453,0.0,-0.0,167.1853,0.9823,stand_12,303.8332,0.0,-0.0,0.0,-0.0,Sidewalk
600.0,130.8147,3.8823,-0.13963,0.0,0.06981,167.1853,0.9823,stand_12,303.8541,0.0,0.06981,0.0,0.06981,Sidewalk
600.5,130.8147,3.8823,-0.13963,0.0,-0.0,167.1853,0.9823,stand_12,303.8332,0.0,-0.0,0.0,-0.0,Sidewalk
601.0,130.8147,3.8823,-0.10472,0.0,0.06981,167.1853,0.9823,stand_12,303.8541,0.0,0.06981,0.0,0.06981,Sidewalk
601.5,130.8147,3.8823,-0.10472,0.0,-0.0,167.1853,0.9823,stand_12,303.8332,0.0,-0.0,0.0,-0.0,Sidewalk
602.0,130.8147,3.8823,-0.06981,0.0,0.06981,167.1853,0.9823,stand_12,303.8541,0.0,0.06981,0.0,0.06981,Sidewalk
602.5,130.8147,3.8823,-0.06981,0.0,-0.0,167.1853,0.9823,stand_12,303.8332,0.0,-0.0,0.0,-0.0,Sidewalk
603.0,130.8147,3.8823,-0.03491,0.0,0.06981,167.1853,0.9823,stand_12,303.8541,0.0,0.06981,0.0,0.06981,Sidewalk
603.5,130.8147,3.8823,-0.03491,0.0,-0.0,167.1853,0.9823,stand_12,303.8331,0.0,-0.0,0.0,-0.0,Sidewalk
604.0,130.8147,3.8823,-0.0,0.0,0.06981,167.1853,0.9823,stand_12,303.8541,0.0,0.06981,0.0,0.06981,Sidewalk
604.5,130.8147,3.8823,-0.0,0.0,-0.0,167.1853,0.9823,stand_12,303.8331,0.0,-0.0,0.0,-0.0,Sidewalk
605.0,130.8147,3.8823,0.03491,0.0,0.06981,167.1853,0.9823,stand_12,303.8541,0.0,0.06981,0.0,0.06981,Sidewalk
605.5,130.8147,3.8823,0.03491,0.0,-0.0,167.1853,0.9823,stand_12,303.8331,0.0,-0.0,0.0,-0.0,Sidewalk
606.0,130.8147,3.8823,0.06981,0.0,0.06981,167.1853,0.9823,stand_12,303.8541,0.0,0.06981,0.0,0.06981,Sidewalk
606.5,130.8147,3.8823,0.06981,0.0,-0.0,167.1853,0.9823,stand_12,303.8331,0.0,-0.0,0.0,-0.0,Sidewalk
607.0,130.8147,3.8823,0.10472,0.0,0.06981,167.1853,0.9823,stand_12,303.8541,0.0,0.06981,0.0,0.06981,Sidewalk
607.5,130.8147,3.8823,0.10472,0.0,-0.0,167.1853,0.9823,stand_12,303.8331,0.0,-0.0,0.0,-0.0,Sidewalk
608.0,130.8147,3.8823,0.13963,0.0,0.06981,167.1853,0.9823,stand_12,303.8541,0.0,0.06981,0.0,0.06981,Sidewalk
608.5,130.8147,3.8823,0.13963,0.0,-0.0,167.1853,0.9823,stand_12,303.8331,0.0,-0.0,0.0,-0.0,Sidewalk
609.0,130.8147,3.8823,0.17453,0.0,0.06981,167.1853,0.9823,stand_12,303.854,0.0,0.06981,0.0,0.06981,Sidewalk
609.5,130.8147,3.8823,0.17453,0.0,-0.0,167.1853,0.9823,stand_12,303.8331,0.0,-0.0,0.0,-0.0,Sidewalk
610.0,130.8147,3.8823,0.20944,0.0,0.06981,167.1853,0.9823,stand_12,303.854,0.0,0.06981,0.0,0.06981,Sidewalk
610.5,130.8147,3.8823,0.20944,0.0,-0.0,167.1853,0.9823,stand_12,303.8331,0.0,-0.0,0.0,-0.0,Sidewalk
611.0,130.8147,3.8823,0.24435,0.0,0.06981,167.1853,0.9823,stand_12,303.854,0.0,0.06981,0.0,0.06981,Sidewalk
611.5,130.8147,3.8823,0.24435,0.0,-0.0,167.1853,0.9823,stand_12,303.8331,0.0,-0.0,0.0,-0.0,Sidewalk
612.0,130.8147,3.8823,0.27925,0.0,0.06981,167.1853,0.9823,stand_12,303.854,0.0,0.06981,0.0,0.06981,Sidewalk
612.5,130.8147,3.8823,0.27925,0.0,-0.0,167.1853,0.9823,stand_12,303.8331,0.0,-0.0,0.0,-0.0,Sidewalk
613.0,130.8147,3.8823,0.31416,0.0,0.06981,167.1853,0.9823,stand_12,303.854,0.0,0.06981,0.0,0.06981,Sidewalk
613.5,130.8147,3.8823,0.31416,0.0,-0.0,167.1853,0.9823,stand_12,303.8331,0.0,-0.0,0.0,-0.0,Sidewalk
614.0,130.8147,3.8823,0.34907,0.0,0.06981,167.1853,0.9823,stand_12,303.854,0.0,0.06981,0.0,0.06981,Sidewalk
614.5,130.8147,3.8823,0.34907,0.0,-0.0,167.1853,0.9823,stand_12,303.8331,0.0,-0.0,0.0,-0.0,Sidewalk
615.0,130.8147,3.8823,0.38397,0.0,0.06981,167.1853,0.9823,stand_12,303.854,0.0,0.06981,0.0,0.06981,Sidewalk
615.5,130.8147,3.8823,0.38397,0.0,-0.0,167.1853,0.9823,stand_12,303.8331,0.0,-0.0,0.0,-0.0,Sidewalk
616.0,130.8147,3.8823,0.41888,0.0,0.06981,167.1853,0.9823,stand_12,303.854,0.0,0.06981,0.0,0.06981,Sidewalk
616.5,130.8147,3.8823,0.41888,0.0,-0.0,167.1853,0.9823,stand_12,303.8331,0.0,-0.0,0.0,-0.0,Sidewalk
617.0,130.8147,3.8823,0.45379,0.0,0.06981,167.1853,0.9823,stand_12,303.854,0.0,0.06981,0.0,0.06981,Sidewalk
617.5,130.8147,3.8823,0.45379,0.0,-0.0,167.1853,0.9823,stand_12,303.8331,0.0,-0.0,0.0,-0.0,Sidewalk
618.0,130.8147,3.8823,0.48869,0.0,0.06981,167.1853,0.9823,stand_12,303.854,0.0,0.06981,0.0,0.06981,Sidewalk
618.5,130.8147,3.8823,0.48869,0.0,-0.0,167.1853,0.9823,stand_12,303.833,0.0,-0.0,0.0,-0.0,Sidewalk
619.0,130.8147,3.8823,0.5236,0.0,0.06981,167.1853,0.9823,stand_12,303.854,0.0,0.06981,0.0,0.06981,Sidewalk
619.5,130.8147,3.8823,0.5236,0.0,-0.0,167.1853,0.9823,stand_12,303.833,0.0,-0.0,0.0,-0.0,Sidewalk
620.0,130.8147,3.8823,0.55851,0.0,0.06981,167.1853,0.9823,stand_12,303.854,0.0,0.06981,0.0,0.06981,Sidewalk
620.5,130.8147,3.8823,0.55851,0.0,-0.0,167.1853,0.9823,stand_12,303.833,0.0,-0.0,0.0,-0.0,Sidewalk
621.0,130.8147,3.8823,0.59341,0.0,0.06981,167.1853,0.9823,stand_12,303.854,0.0,0.06981,0.0,0.06981,Sidewalk
621.5,130.8147,3.8823,0.59341,0.0,-0.0,167.1853,0.9824,stand_12,303.833,0.0,-0.0,0.0,-0.0,Sidewalk
622.0,130.8147,3.8823,0.62832,0.0,0.06981,167.1853,0.9824,stand_12,303.854,0.0,0.06981,0.0,0.06981,Sidewalk
622.5,130.8147,3.8823,0.62832,0.0,-0.0,167.1853,0.9824,stand_12,303.833,0.0,-0.0,0.0,-0.0,Sidewalk
623.0,130.8147,3.8823,0.66323,0.0,0.06981,167.1853,0.9824,stand_12,303.854,0.0,0.06981,0.0,0.06981,Sidewalk
623.5,130.8147,3.8823,0.66323,0.0,-0.0,167.1853,0.9824,stand_12,303.833,0.0,-0.0,0.0,-0.0,Sidewalk
624.0,130.8147,3.8823,0.69813,0.0,0.06981,167.1853,0.9824,stand_12,303.854,0.0,0.06981,0.0,0.06981,Sidewalk
624.5,130.8147,3.8823,0.69813,0.0,-0.0,167.1853,0.9824,stand_12,303.833,0.0,-0.0,0.0,-0.0,Sidewalk
625.0,130.8147,3.8823,0.73304,0.0,0.06981,167.1853,0.9824,stand_12,303.8539,0.0,0.06981,0.0,0.06981,Sidewalk
625.5,130.8147,3.8823,0.73304,0.0,-0.0,167.1853,0.9824,stand_12,303.833,0.0,-0.0,0.0,-0.0,Sidewalk
626.0,130.8147,3.8823,0.76794,0.0,0.06981,167.1853,0.9824,stand_12,303.8539,0.0,0.06981,0.0,0.06981,Sidewalk
626.5,130.8147,3.8823,0.76794,0.0,-0.0,167.1853,0.9824,stand_12,303.833,0.0,-0.0,0.0,-0.0,Sidewalk
627.0,130.8147,3.8823,0.80285,0.0,0.06981,167.1853,0.9824,stand_12,303.8539,0.0,0.06981,0.0,0.06981,Sidewalk
627.5,130.8147,3.8823,0.80285,0.0,-0.0,167.1853,0.9824,stand_12,303.833,0.0,-0.0,0.0,-0.0,Sidewalk
628.0,130.8147,3.8823,0.83776,0.0,0.06981,167.1853,0.9824,stand_12,303.8539,0.0,0.06981,0.0,0.06981,Sidewalk
628.5,130.8147,3.8823,0.83776,0.0,-0.0,167.1853,0.9824,stand_12,303.833,0.0,-0.0,0.0,-0.0,Sidewalk
629.0,130.8147,3.8823,0.87266,0.0,0.06981,167.1853,0.9824,stand_12,303.8539,0.0,0.06981,0.0,0.06981,Sidewalk
629.5,130.8147,3.8823,0.87266,0.0,-0.0,167.1853,0.9824,stand_12,303.833,0.0,-0.0,0.0,-0.0,Sidewalk
630.0,130.8147,3.8823,0.90757,0.0,0.06981,167.1853,0.9824,stand_12,303.8539,0.0,0.06981,0.0,0.06981,Sidewalk
630.5,130.8147,3.8823,0.90757,0.0,-0.0,167.1853,0.9824,stand_12,303.833,0.0,-0.0,0.0,-0.0,Sidewalk
631.0,130.8147,3.8823,0.94248,0.0,0.06981,167.1853,0.9824,stand_12,303.8539,0.0,0.06981,0.0,0.06981,Sidewalk
631.5,130.8147,3.8823,0.94248,0.0,-0.0,167.1853,0.9824,stand_12,303.833,0.0,-0.0,0.0,-0.0,Sidewalk
632.0,130.8147,3.8823,0.97738,0.0,0.06981,167.1853,0.9824,stand_12,303.8539,0.0,0.06981,0.0,0.06981,Sidewalk
632.5,130.8147,3.8823,0.97738,0.0,-0.0,167.1853,0.9824,stand_12,303.8329,0.0,-0.0,0.0,-0.0,Sidewalk
633.0,130.8147,3.8823,1.01229,0.0,0.06981,167.1853,0.9824,stand_12,303.8539,0.0,0.06981,0.0,0.06981,Sidewalk
633.5,130.8147,3.8823,1.01229,0.0,-0.0,167.1853,0.9824,stand_12,303.8329,0.0,-0.0,0.0,-0.0,Sidewalk
634.0,130.8147,3.8823,1.0472,0.0,0.06981,167.1853,0.9824,stand_12,303.8539,0.0,0.06981,0.0,0.06981,Sidewalk
634.5,130.8147,3.8823,1.0472,0.0,-0.0,167.1853,0.9824,stand_12,303.8329,0.0,-0.0,0.0,-0.0,Sidewalk
635.0,130.8147,3.8823,1.0821,0.0,0.06981,167.1853,0.9824,stand_12,303.8539,0.0,0.06981,0.0,0.06981,Sidewalk
635.5,130.8147,3.8823,1.0821,0.0,-0.0,167.1853,0.9824,stand_12,303.8329,0.0,-0.0,0.0,-0.0,Sidewalk
636.0,130.8147,3.8823,1.11701,0.0,0.06981,167.1853,0.9824,stand_12,303.8539,0.0,0.06981,0.0,0.06981,Sidewalk
636.5,130.8147,3.8823,1.11701,0.0,-0.0,167.1853,0.9824,stand_12,303.8329,0.0,-0.0,0.0,-0.0,Sidewalk
637.0,130.8147,3.8823,1.15192,0.0,0.06981,167.1853,0.9824,stand_12,303.8539,0.0,0.06981,0.0,0.06981,Sidewalk
637.5,130.8147,3.8823,1.15192,0.0,-0.0,167.1853,0.9824,stand_12,303.8329,0.0,-0.0,0.0,-0.0,Sidewalk
638.0,130.8147,3.8823,1.18682,0.0,0.06981,167.1853,0.9824,stand_12,303.8538,0.0,0.06981,0.0,0.06981,Sidewalk
638.5,130.8147,3.8823,1.18682,0.0,-0.0,167.1853,0.9824,stand_12,303.8329,0.0,-0.0,0.0,-0.0,Sidewalk
639.0,130.8147,3.8823,1.22173,0.0,0.06981,167.1853,0.9824,stand_12,303.8538,0.0,0.06981,0.0,0.06981,Sidewalk
639.5,130.8147,3.8823,1.22173,0.0,-0.0,167.1853,0.9824,stand_12,303.8329,0.0,-0.0,0.0,-0.0,Sidewalk
640.0,130.8147,3.8823,1.25664,0.0,0.06981,167.1853,0.9824,stand_12,303.8538,0.0,0.06981,0.0,0.06981,Sidewalk
640.5,130.8147,3.8823,1.25664,0.0,-0.0,167.1853,0.9824,stand_12,303.8329,0.0,-0.0,0.0,-0.0,Sidewalk
641.0,130.8147,3.8823,1.29154,0.0,0.06981,167.1853,0.9824,stand_12,303.8538,0.0,0.06981,0.0,0.06981,Sidewalk
641.5,130.8147,3.8823,1.29154,0.0,-0.0,167.1853,0.9824,stand_12,303.8329,0.0,-0.0,0.0,-0.0,Sidewalk
642.0,130.8147,3.8823,1.32645,0.0,0.06981,167.1853,0.9824,stand_12,303.8538,0.0,0.06981,0.0,0.06981,Sidewalk
642.5,130.8147,3.8823,1.32645,0.0,-0.0,167.1853,0.9824,stand_12,303.8329,0.0,-0.0,0.0,-0.0,Sidewalk
643.0,130.8147,3.8823,1.36136,0.0,0.06981,167.1853,0.9824,stand_12,303.8538,0.0,0.06981,0.0,0.06981,Sidewalk
643.5,130.8147,3.8823,1.36136,0.0,-0.0,167.1853,0.9824,stand_12,303.8329,0.0,-0.0,0.0,-0.0,Sidewalk
644.0,130.8147,3.8823,1.39626,0.0,0.06981,167.1853,0.9824,stand_12,303.8538,0.0,0.06981,0.0,0.06981,Sidewalk
644.5,130.8147,3.8823,1.39626,0.0,-0.0,167.1853,0.9824,stand_12,303.8329,0.0,-0.0,0.0,-0.0,Sidewalk
645.0,130.8147,3.8823,1.43117,0.0,0.06981,167.1853,0.9824,stand_12,303.8538,0.0,0.06981,0.0,0.06981,Sidewalk
645.5,130.8147,3.8823,1.43117,0.0,-0.0,167.1853,0.9824,stand_12,303.8328,0.0,-0.0,0.0,-0.0,Sidewalk
646.0,130.8147,3.8823,1.46608,0.0,0.06981,167.1853,0.9824,stand_12,303.8538,0.0,0.06981,0.0,0.06981,Sidewalk
646.5,130.8147,3.8823,1.46608,0.0,-0.0,167.1853,0.9824,stand_12,303.8328,0.0,-0.0,0.0,-0.0,Sidewalk
647.0,130.8147,3.8823,1.50098,0.0,0.06981,167.1853,0.9824,stand_12,303.8538,0.0,0.06981,0.0,0.06981,Sidewalk
647.5,130.8147,3.8823,1.50098,0.0,-0.0,167.1853,0.9824,stand_12,303.8328,0.0,-0.0,0.0,-0.0,Sidewalk
648.0,130.8147,3.8823,1.53589,0.0,0.06981,167.1853,0.9824,stand_12,303.8538,0.0,0.06981,0.0,0.06981,Sidewalk
648.5,130.8147,3.8823,1.53589,0.0,-0.0,167.1853,0.9824,stand_12,303.8328,0.0,-0.0,0.0,-0.0,Sidewalk
649.0,130.8147,3.8823,1.5708,0.0,0.06981,167.1853,0.9824,stand_12,303.8538,0.0,0.06981,0.0,0.06981,Sidewalk
649.5,130.8147,3.8823,1.5708,0.0,-0.0,167.1853,0.9824,stand_12,303.8328,0.0,-0.0,0.0,-0.0,Sidewalk
650.0,130.8147,3.8823,1.6057,0.0,0.06981,167.1853,0.9824,stand_12,303.8538,0.0,0.06981,0.0,0.06981,Sidewalk
650.5,130.8147,3.8823,1.6057,0.0,-0.0,167.1853,0.9824,stand_12,303.8328,0.0,-0.0,0.0,-0.0,Sidewalk
651.0,130.8147,3.8823,1.64061,0.0,0.06981,167.1853,0.9824,stand_12,303.8538,0.0,0.06981,0.0,0.06981,Sidewalk
651.5,130.8147,3.8823,1.64061,0.0,-0.0,167.1853,0.9824,stand_12,303.8328,0.0,-0.0,0.0,-0.0,Sidewalk
652.0,130.8147,3.8823,1.67552,0.0,0.06981,167.1853,0.9824,stand_12,303.8537,0.0,0.06981,0.0,0.06981,Sidewalk
652.5,130.8147,3.8823,1.67552,0.0,-0.0,167.1853,0.9824,stand_12,303.8328,0.0,-0.0,0.0,-0.0,Sidewalk
653.0,130.8147,3.8823,1.71042,0.0,0.06981,167.1853,0.9824,stand_12,303.8537,0.0,0.06981,0.0,0.06981,Sidewalk
653.5,130.8147,3.8823,1.71042,0.0,-0.0,167.1853,0.9824,stand_12,303.8328,0.0,-0.0,0.0,-0.0,Sidewalk
654.0,130.8147,3.8823,1.74533,0.0,0.06981,167.1853,0.9824,stand_12,303.8537,0.0,0.06981,0.0,0.06981,Sidewalk
654.5,130.8147,3.8823,1.74533,0.0,-0.0,167.1853,0.9824,stand_12,303.8328,0.0,-0.0,0.0,-0.0,Sidewalk
655.0,130.8147,3.8823,1.78024,0.0,0.06981,167.1853,0.9824,stand_12,303.8537,0.0,0.06981,0.0,0.06981,Sidewalk
655.5,130.8147,3.8823,1.78024,0.0,-0.0,167.1853,0.9824,stand_12,303.8328,0.0,-0.0,0.0,-0.0,Sidewalk
656.0,130.8147,3.8823,1.81514,0.0,0.06981,167.1853,0.9824,stand_12,303.8537,0.0,0.06981,0.0,0.06981,Sidewalk
656.5,130.8147,3.8823,1.81514,0.0,-0.0,167.1853,0.9824,stand_12,303.8328,0.0,-0.0,0.0,-0.0,Sidewalk
657.0,130.8147,3.8823,1.85005,0.0,0.06981,167.1853,0.9824,stand_12,303.8537,0.0,0.06981,0.0,0.06981,Sidewalk
657.5,130.8147,3.8823,1.85005,0.0,-0.0,167.1853,0.9824,stand_12,303.8327,0.0,-0.0,0.0,-0.0,Sidewalk
658.0,130.8147,3.8823,1.88496,0.0,0.06981,167.1853,0.9824,stand_12,303.8537,0.0,0.06981,0.0,0.06981,Sidewalk
658.5,130.8147,3.8823,1.88496,0.0,-0.0,167.1853,0.9824,stand_12,303.8327,0.0,-0.0,0.0,-0.0,Sidewalk
659.0,130.8147,3.8823,1.91986,0.0,0.06981,167.1853,0.9824,stand_12,303.8537,0.0,0.06981,0.0,0.06981,Sidewalk
659.5,130.8147,3.8823,1.91986,0.0,-0.0,167.1853,0.9824,stand_12,303.8327,0.0,-0.0,0.0,-0.0,Sidewalk
660.0,130.8147,3.8823,1.95477,0.0,0.06981,167.1853,0.9824,stand_12,303.8537,0.0,0.06981,0.0,0.06981,Sidewalk
660.5,130.8147,3.8823,1.95477,0.0,-0.0,167.1853,0.9824,stand_12,303.8327,0.0,-0.0,0.0,-0.0,Sidewalk
661.0,130.8147,3.8823,1.98968,0.0,0.06981,167.1853,0.9824,stand_12,303.8537,0.0,0.06981,0.0,0.06981,Sidewalk
661.5,130.8147,3.8823,1.98968,0.0,-0.0,167.1853,0.9824,stand_12,303.8327,0.0,-0.0,0.0,-0.0,Sidewalk
662.0,130.8147,3.8823,2.02458,0.0,0.06981,167.1853,0.9824,stand_12,303.8537,0.0,0.06981,0.0,0.06981,Sidewalk
662.5,130.8147,3.8823,2.02458,0.0,-0.0,167.1853,0.9824,stand_12,303.8327,0.0,-0.0,0.0,-0.0,Sidewalk
663.0,130.8147,3.8823,2.05949,0.0,0.06981,167.1853,0.9824,stand_12,303.8537,0.0,0.06981,0.0,0.06981,Sidewalk
663.5,130.8147,3.8823,2.05949,0.0,-0.0,167.1853,0.9824,stand_12,303.8327,0.0,-0.0,0.0,-0.0,Sidewalk
664.0,130.8147,3.8823,2.0944,0.0,0.06981,167.1853,0.9824,stand_12,303.8537,0.0,0.06981,0.0,0.06981,Sidewalk
664.5,130.8147,3.8823,2.0944,0.0,-0.0,167.1853,0.9824,stand_12,303.8327,0.0,-0.0,0.0,-0.0,Sidewalk
665.0,130.8147,3.8823,2.1293,0.0,0.06981,167.1853,0.9824,stand_12,303.8536,0.0,0.06981,0.0,0.06981,Sidewalk
665.5,130.8147,3.8823,2.1293,0.0,-0.0,167.1853,0.9824,stand_12,303.8327,0.0,-0.0,0.0,-0.0,Sidewalk
666.0,130.8147,3.8823,2.16421,0.0,0.06981,167.1853,0.9824,stand_12,303.8536,0.0,0.06981,0.0,0.06981,Sidewalk
666.5,130.8147,3.8823,2.16421,0.0,-0.0,167.1853,0.9824,stand_12,303.8327,0.0,-0.0,0.0,-0.0,Sidewalk
667.0,130.8147,3.8823,2.19911,0.0,0.06981,167.1853,0.9824,stand_12,303.8536,0.0,0.06981,0.0,0.06981,Sidewalk
667.5,130.8147,3.8823,2.19911,0.0,-0.0,167.1853,0.9824,stand_12,303.8327,0.0,-0.0,0.0,-0.0,Sidewalk
668.0,130.8147,3.8823,2.23402,0.0,0.06981,167.1853,0.9824,stand_12,303.8536,0.0,0.06981,0.0,0.06981,Sidewalk
668.5,130.8147,3.8823,2.23402,0.0,-0.0,167.1853,0.9824,stand_12,303.8327,0.0,-0.0,0.0,-0.0,Sidewalk
669.0,130.8147,3.8823,2.26893,0.0,0.06981,167.1853,0.9824,stand_12,303.8536,0.0,0.06981,0.0,0.06981,Sidewalk
669.5,130.8147,3.8823,2.26893,0.0,-0.0,167.1853,0.9824,stand_12,303.8327,0.0,-0.0,0.0,-0.0,Sidewalk
670.0,130.8147,3.8823,2.30383,0.0,0.06981,167.1853,0.9824,stand_12,303.8536,0.0,0.06981,0.0,0.06981,Sidewalk
670.5,130.8147,3.8823,2.30383,0.0,-0.0,167.1853,0.9824,stand_12,303.8327,0.0,-0.0,0.0,-0.0,Sidewalk
671.0,130.8147,3.8823,2.33874,0.0,0.06981,167.1853,0.9824,stand_12,303.8536,0.0,0.06981,0.0,0.06981,Sidewalk
671.5,130.8147,3.8823,2.33874,0.0,-0.0,167.1853,0.9824,stand_12,303.8327,0.0,-0.0,0.0,-0.0,Sidewalk
672.0,130.8147,3.8823,2.37365,0.0,0.06981,167.1853,0.9824,stand_12,303.8536,0.0,0.06981,0.0,0.06981,Sidewalk
672.5,130.8147,3.8823,2.37365,0.0,-0.0,167.1853,0.9824,stand_12,303.8327,0.0,-0.0,0.0,-0.0,Sidewalk
673.0,130.8147,3.8823,2.40855,0.0,0.06981,167.1853,0.9824,stand_12,303.8536,0.0,0.06981,0.0,0.06981,Sidewalk
673.5,130.8147,3.8823,2.40855,0.0,-0.0,167.1853,0.9824,stand_12,303.8326,0.0,-0.0,0.0,-0.0,Sidewalk
674.0,130.8147,3.8823,2.44346,0.0,0.06981,167.1853,0.9824,stand_12,303.8536,0.0,0.06981,0.0,0.06981,Sidewalk
674.5,130.8147,3.8823,2.44346,0.0,-0.0,167.1853,0.9824,stand_12,303.8326,0.0,-0.0,0.0,-0.0,Sidewalk
675.0,130.8147,3.8823,2.47837,0.0,0.06981,167.1853,0.9824,stand_12,303.8536,0.0,0.06981,0.0,0.06981,Sidewalk
675.5,130.8147,3.8823,2.47837,0.0,-0.0,167.1853,0.9824,stand_12,303.8326,0.0,-0.0,0.0,-0.0,Sidewalk
676.0,130.8147,3.8823,2.51327,0.0,0.06981,167.1853,0.9824,stand_12,303.8536,0.0,0.06981,0.0,0.06981,Sidewalk
676.5,130.8147,3.8823,2.51327,0.0,-0.0,167.1853,0.9824,stand_12,303.8326,0.0,-0.0,0.0,-0.0,Sidewalk
677.0,130.8147,3.8823,2.54818,0.0,0.06981,167.1853,0.9824,stand_12,303.8536,0.0,0.06981,0.0,0.06981,Sidewalk
677.5,130.8147,3.8823,2.54818,0.0,-0.0,167.1853,0.9824,stand_12,303.8326,0.0,-0.0,0.0,-0.0,Sidewalk
678.0,130.8147,3.8823,2.58309,0.0,0.06981,167.1853,0.9824,stand_12,303.8536,0.0,0.06981,0.0,0.06981,Sidewalk
678.5,130.8147,3.8823,2.58309,0.0,-0.0,167.1853,0.9825,stand_12,303.8326,0.0,-0.0,0.0,-0.0,Sidewalk
679.0,130.8147,3.8823,2.61799,0.0,0.06981,167.1853,0.9825,stand_12,303.8536,0.0,0.06981,0.0,0.06981,Sidewalk
679.5,130.8147,3.8823,2.61799,0.0,-0.0,167.1853,0.9825,stand_12,303.8326,0.0,-0.0,0.0,-0.0,Sidewalk
680.0,130.8147,3.8823,2.6529,0.0,0.06981,167.1853,0.9825,stand_12,303.8535,0.0,0.06981,0.0,0.06981,Sidewalk
680.5,130.8147,3.8823,2.6529,0.0,-0.0,167.1853,0.9825,stand_12,303.8326,0.0,-0.0,0.0,-0.0,Sidewalk
681.0,130.8147,3.8823,2.68781,0.0,0.06981,167.1853,0.9825,stand_12,303.8535,0.0,0.06981,0.0,0.06981,Sidewalk
681.5,130.8147,3.8823,2.68781,0.0,-0.0,167.1853,0.9825,stand_12,303.8326,0.0,-0.0,0.0,-0.0,Sidewalk
682.0,130.8147,3.8823,2.72271,0.0,0.06981,167.1853,0.9825,stand_12,303.8535,0.0,0.06981,0.0,0.06981,Sidewalk
682.5,130.8147,3.8823,2.72271,0.0,-0.0,167.1853,0.9825,stand_12,303.8326,0.0,-0.0,0.0,-0.0,Sidewalk
683.0,130.8147,3.8823,2.75762,0.0,0.06981,167.1853,0.9825,stand_12,303.8535,0.0,0.06981,0.0,0.06981,Sidewalk
683.5,130.8147,3.8823,2.75762,0.0,-0.0,167.1853,0.9825,stand_12,303.8326,0.0,-0.0,0.0,-0.0,Sidewalk
684.0,130.8147,3.8823,2.79253,0.0,0.06981,167.1853,0.9825,stand_12,303.8535,0.0,0.06981,0.0,0.06981,Sidewalk
684.5,130.8147,3.8823,2.79253,0.0,-0.0,167.1853,0.9825,stand_12,303.8326,0.0,-0.0,0.0,-0.0,Sidewalk
685.0,130.8147,3.8823,2.82743,0.0,0.06981,167.1853,0.9825,stand_12,303.8535,0.0,0.06981,0.0,0.06981,Sidewalk
685.5,130.8147,3.8823,2.82743,0.0,-0.0,167.1853,0.9825,stand_12,303.8326,0.0,-0.0,0.0,-0.0,Sidewalk
686.0,130.8147,3.8823,2.86234,0.0,0.06981,167.1853,0.9825,stand_12,303.8535,0.0,0.06981,0.0,0.06981,Sidewalk
686.5,130.8147,3.8823,2.86234,0.0,-0.0,167.1853,0.9825,stand_12,303.8325,0.0,-0.0,0.0,-0.0,Sidewalk
687.0,130.8147,3.8823,2.89725,0.0,0.06981,167.1853,0.9825,stand_12,303.8535,0.0,0.06981,0.0,0.06981,Sidewalk
687.5,130.8147,3.8823,2.89725,0.0,-0.0,167.1853,0.9825,stand_12,303.8325,0.0,-0.0,0.0,-0.0,Sidewalk
688.0,130.8147,3.8823,2.93215,0.0,0.06981,167.1853,0.9825,stand_12,303.8535,0.0,0.06981,0.0,0.06981,Sidewalk
688.5,130.8147,3.8823,2.93215,0.0,-0.0,167.1853,0.9825,stand_12,303.8325,0.0,-0.0,0.0,-0.0,Sidewalk
689.0,130.8147,3.8823,2.96706,0.0,0.06981,167.1853,0.9825,stand_12,303.8535,0.0,0.06981,0.0,0.06981,Sidewalk
689.5,130.8147,3.8823,2.96706,0.0,-0.0,167.1853,0.9825,stand_12,303.8325,0.0,-0.0,0.0,-0.0,Sidewalk
690.0,130.8147,3.8823,3.00197,0.0,0.06981,167.1853,0.9825,stand_12,303.8535,0.0,0.06981,0.0,0.06981,Sidewalk
690.5,130.8147,3.8823,3.00197,0.0,-0.0,167.1853,0.9825,stand_12,303.8325,0.0,-0.0,0.0,-0.0,Sidewalk
691.0,130.8147,3.8823,3.03687,0.0,0.06981,167.1853,0.9825,stand_12,303.8535,0.0,0.06981,0.0,0.06981,Sidewalk
691.5,130.8147,3.8823,3.03687,0.0,-0.0,167.1853,0.9825,stand_12,303.8325,0.0,-0.0,0.0,-0.0,Sidewalk
692.0,130.8147,3.8823,3.07178,0.0,0.06981,167.1853,0.9825,stand_12,303.8535,0.0,0.06981,0.0,0.06981,Sidewalk
692.5,130.8147,3.8823,3.07178,0.0,-0.0,167.1853,0.9825,stand_12,303.8325,0.0,-0.0,0.0,-0.0,Sidewalk
693.0,130.8147,3.8823,3.10669,0.0,0.06981,167.1853,0.9825,stand_12,303.8534,0.0,0.06981,0.0,0.06981,Sidewalk
693.5,130.8147,3.8823,3.10669,0.0,-0.0,167.1853,0.9825,stand_12,303.8325,0.0,-0.0,0.0,-0.0,Sidewalk
694.0,130.8147,3.8823,3.14159,0.0,0.06981,167.1853,0.9825,stand_12,303.8534,0.0,0.06981,0.0,0.06981,Sidewalk
694.5,130.8147,3.8823,3.14159,0.0,-0.0,167.1853,0.9825,stand_12,303.8325,0.0,-0.0,0.0,-0.0,Sidewalk
695.0,130.8147,3.8823,-3.10669,0.0,0.06981,167.1853,0.9825,stand_12,303.8534,0.0,0.06981,0.0,0.06981,Sidewalk
695.5,130.8147,3.8823,-3.10669,0.0,-0.0,167.1853,0.9825,stand_12,303.8325,0.0,-0.0,0.0,-0.0,Sidewalk
696.0,130.8147,3.8823,-3.07178,0.0,0.06981,167.1853,0.9825,stand_12,303.8534,0.0,0.06981,0.0,0.06981,Sidewalk
696.5,130.8147,3.8823,-3.07178,0.0,-0.0,167.1853,0.9825,stand_12,303.8325,0.0,-0.0,0.0,-0.0,Sidewalk
697.0,130.8147,3.8823,-3.03687,0.0,0.06981,167.1853,0.9825,stand_12,303.8534,0.0,0.06981,0.0,0.06981,Sidewalk
697.5,130.8147,3.8823,-3.03687,0.0,-0.0,167.1853,0.9825,stand_12,303.8325,0.0,-0.0,0.0,-0.0,Sidewalk
698.0,130.8147,3.8823,-3.00197,0.0,0.06981,167.1853,0.9825,stand_12,303.8534,0.0,0.06981,0.0,0.06981,Sidewalk
698.5,130.8147,3.8823,-3.00197,0.0,-0.0,167.1853,0.9825,stand_12,303.8325,0.0,-0.0,0.0,-0.0,Sidewalk
699.0,130.8147,3.8823,-2.96706,0.0,0.06981,167.1853,0.9825,stand_12,303.8534,0.0,0.06981,0.0,0.06981,Sidewalk
699.5,130.8147,3.8823,-2.96706,0.0,-0.0,167.1853,0.9825,stand_12,303.8324,0.0,-0.0,0.0,-0.0,Sidewalk
700.0,130.8147,3.8823,-2.93215,0.0,0.06981,167.1853,0.9825,stand_12,303.8534,0.0,0.06981,0.0,0.06981,Sidewalk
700.5,130.8147,3.8823,-2.93215,0.0,-0.0,167.1853,0.9825,stand_12,303.8324,0.0,-0.0,0.0,-0.0,Sidewalk
701.0,130.8147,3.8823,-2.89725,0.0,0.06981,167.1853,0.9825,stand_12,303.8534,0.0,0.06981,0.0,0.06981,Sidewalk
701.5,130.8147,3.8823,-2.89725,0.0,-0.0,167.1853,0.9825,stand_12,303.8324,0.0,-0.0,0.0,-0.0,Sidewalk
702.0,130.8147,3.8823,-2.86234,0.0,0.06981,167.1853,0.9825,stand_12,303.8534,0.0,0.06981,0.0,0.06981,Sidewalk
702.5,130.8147,3.8823,-2.86234,0.0,-0.0,167.1853,0.9825,stand_12,303.8324,0.0,-0.0,0.0,-0.0,Sidewalk
703.0,130.8147,3.8823,-2.82743,0.0,0.06981,167.1853,0.9825,stand_12,303.8534,0.0,0.06981,0.0,0.06981,Sidewalk
703.5,130.8147,3.8823,-2.82743,0.0,-0.0,167.1853,0.9825,stand_12,303.8324,0.0,-0.0,0.0,-0.0,Sidewalk
704.0,130.8147,3.8823,-2.79253,0.0,0.06981,167.1853,0.9825,stand_12,303.8534,0.0,0.06981,0.0,0.06981,Sidewalk
704.5,130.8147,3.8823,-2.79253,0.0,-0.0,167.1853,0.9825,stand_12,303.8324,0.0,-0.0,0.0,-0.0,Sidewalk
705.0,130.8147,3.8823,-2.75762,0.0,0.06981,167.1853,0.9825,stand_12,303.8534,0.0,0.06981,0.0,0.06981,Sidewalk
705.5,130.8147,3.8823,-2.75762,0.0,-0.0,167.1853,0.9825,stand_12,303.8324,0.0,-0.0,0.0,-0.0,Sidewalk
706.0,130.8147,3.8823,-2.72271,0.0,0.06981,167.1853,0.9825,stand_12,303.8533,0.0,0.06981,0.0,0.06981,Sidewalk
706.5,130.8147,3.8823,-2.72271,0.0,-0.0,167.1853,0.9825,stand_12,303.8324,0.0,-0.0,0.0,-0.0,Sidewalk
707.0,130.8147,3.8823,-2.68781,0.0,0.06981,167.1853,0.9825,stand_12,303.8533,0.0,0.06981,0.0,0.06981,Sidewalk
707.5,130.8147,3.8823,-2.68781,0.0,-0.0,167.1853,0.9825,stand_12,303.8324,0.0,-0.0,0.0,-0.0,Sidewalk
708.0,130.8147,3.8823,-2.6529,0.0,0.06981,167.1853,0.9825,stand_12,303.8533,0.0,0.06981,0.0,0.06981,Sidewalk
708.5,130.8147,3.8823,-2.6529,0.0,-0.0,167.1853,0.9825,stand_12,303.8324,0.0,-0.0,0.0,-0.0,Sidewalk
709.0,130.8147,3.8823,-2.61799,0.0,0.06981,167.1853,0.9825,stand_12,303.8533,0.0,0.06981,0.0,0.06981,Sidewalk
709.5,130.8147,3.8823,-2.61799,0.0,-0.0,167.1853,0.9825,stand_12,303.8324,0.0,-0.0,0.0,-0.0,Sidewalk
710.0,130.8147,3.8823,-2.58309,0.0,0.06981,167.1853,0.9825,stand_12,303.8533,0.0,0.06981,0.0,0.06981,Sidewalk
710.5,130.8147,3.8823,-2.58309,0.0,-0.0,167.1853,0.9825,stand_12,303.8324,0.0,-0.0,0.0,-0.0,Sidewalk
711.0,130.8147,3.8823,-2.54818,0.0,0.06981,167.1853,0.9825,stand_12,303.8533,0.0,0.06981,0.0,0.06981,Sidewalk
711.5,130.8147,3.8823,-2.54818,0.0,-0.0,167.1853,0.9825,stand_12,303.8324,0.0,-0.0,0.0,-0.0,Sidewalk
712.0,130.8147,3.8823,-2.51327,0.0,0.06981,167.1853,0.9825,stand_12,303.8533,0.0,0.06981,0.0,0.06981,Sidewalk
712.5,130.8147,3.8823,-2.51327,0.0,-0.0,167.1853,0.9825,stand_12,303.8324,0.0,-0.0,0.0,-0.0,Sidewalk
713.0,130.8147,3.8823,-2.47837,0.0,0.06981,167.1853,0.9825,stand_12,303.8533,0.0,0.06981,0.0,0.06981,Sidewalk
713.5,130.8147,3.8823,-2.47837,0.0,-0.0,167.1853,0.9825,stand_12,303.8324,0.0,-0.0,0.0,-0.0,Sidewalk
714.0,130.8147,3.8823,-2.44346,0.0,0.06981,167.1853,0.9825,stand_12,303.8533,0.0,0.06981,0.0,0.06981,Sidewalk
714.5,130.8147,3.8823,-2.44346,0.0,-0.0,167.1853,0.9825,stand_12,303.8323,0.0,-0.0,0.0,-0.0,Sidewalk
715.0,130.8147,3.8823,-2.40855,0.0,0.06981,167.1853,0.9825,stand_12,303.8533,0.0,0.06981,0.0,0.06981,Sidewalk
715.5,130.8147,3.8823,-2.40855,0.0,-0.0,167.1853,0.9825,stand_12,303.8323,0.0,-0.0,0.0,-0.0,Sidewalk
716.0,130.8147,3.8823,-2.37365,0.0,0.06981,167.1853,0.9825,stand_12,303.8533,0.0,0.06981,0.0,0.06981,Sidewalk
716.5,130.8147,3.8823,-2.37365,0.0,-0.0,167.1853,0.9825,stand_12,303.8323,0.0,-0.0,0.0,-0.0,Sidewalk
717.0,130.8147,3.8823,-2.33874,0.0,0.06981,167.1853,0.9825,stand_12,303.8533,0.0,0.06981,0.0,0.06981,Sidewalk
717.5,130.8147,3.8823,-2.33874,0.0,-0.0,167.1853,0.9825,stand_12,303.8323,0.0,-0.0,0.0,-0.0,Sidewalk
718.0,130.8147,3.8823,-2.30383,0.0,0.06981,167.1853,0.9825,stand_12,303.8533,0.0,0.06981,0.0,0.06981,Sidewalk
718.5,130.8147,3.8823,-2.30383,0.0,-0.0,167.1853,0.9825,stand_12,303.8323,0.0,-0.0,0.0,-0.0,Sidewalk
719.0,130.8147,3.8823,-2.26893,0.0,0.06981,167.1853,0.9825,stand_12,303.8533,0.0,0.06981,0.0,0.06981,Sidewalk
719.5,130.8147,3.8823,-2.26893,0.0,-0.0,167.1853,0.9825,stand_12,303.8323,0.0,-0.0,0.0,-0.0,Sidewalk
720.0,130.8147,3.8823,-2.23402,0.0,0.06981,167.1853,0.9825,stand_12,303.8532,0.0,0.06981,0.0,0.06981,Sidewalk
720.5,130.8147,3.8823,-2.23402,0.0,-0.0,167.1853,0.9825,stand_12,303.8323,0.0,-0.0,0.0,-0.0,Sidewalk
721.0,130.8147,3.8823,-2.19911,0.0,0.06981,167.1853,0.9825,stand_12,303.8532,0.0,0.06981,0.0,0.06981,Sidewalk
721.5,130.8147,3.8823,-2.19911,0.0,-0.0,167.1853,0.9825,stand_12,303.8323,0.0,-0.0,0.0,-0.0,Sidewalk
722.0,130.8147,3.8823,-2.16421,0.0,0.06981,167.1853,0.9825,stand_12,303.8532,0.0,0.06981,0.0,0.06981,Sidewalk
722.5,130.8147,3.8823,-2.16421,0.0,-0.0,167.1853,0.9825,stand_12,303.8323,0.0,-0.0,0.0,-0.0,Sidewalk
723.0,130.8147,3.8823,-2.1293,0.0,0.06981,167.1853,0.9825,stand_12,303.8532,0.0,0.06981,0.0,0.06981,Sidewalk
723.5,130.8147,3.8823,-2.1293,0.0,-0.0,167.1853,0.9825,stand_12,303.8323,0.0,-0.0,0.0,-0.0,Sidewalk
724.0,130.8147,3.8823,-2.0944,0.0,0.06981,167.1853,0.9825,stand_12,303.8532,0.0,0.06981,0.0,0.06981,Sidewalk
724.5,130.8147,3.8823,-2.0944,0.0,-0.0,167.1853,0.9825,stand_12,303.8323,0.0,-0.0,0.0,-0.0,Sidewalk
725.0,130.8147,3.8823,-2.05949,0.0,0.06981,167.1853,0.9825,stand_12,303.8532,0.0,0.06981,0.0,0.06981,Sidewalk
725.5,130.8147,3.8823,-2.05949,0.0,-0.0,167.1853,0.9825,stand_12,303.8323,0.0,-0.0,0.0,-0.0,Sidewalk
726.0,130.8147,3.8823,-2.02458,0.0,0.06981,167.1853,0.9825,stand_12,303.8532,0.0,0.06981,0.0,0.06981,Sidewalk
726.5,130.8147,3.8823,-2.02458,0.0,-0.0,167.1853,0.9825,stand_12,303.8323,0.0,-0.0,0.0,-0.0,Sidewalk
727.0,130.8147,3.8823,-1.98968,0.0,0.06981,167.1853,0.9825,stand_12,303.8532,0.0,0.06981,0.0,0.06981,Sidewalk
727.5,130.8147,3.8823,-1.98968,0.0,-0.0,167.1853,0.9825,stand_12,303.8322,0.0,-0.0,0.0,-0.0,Sidewalk
728.0,130.8147,3.8823,-1.95477,0.0,0.06981,167.1853,0.9825,stand_12,303.8532,0.0,0.06981,0.0,0.06981,Sidewalk
728.5,130.8147,3.8823,-1.95477,0.0,-0.0,167.1853,0.9825,stand_12,303.8322,0.0,-0.0,0.0,-0.0,Sidewalk
729.0,130.8147,3.8823,-1.91986,0.0,0.06981,167.1853,0.9825,stand_12,303.8532,0.0,0.06981,0.0,0.06981,Sidewalk
729.5,130.8147,3.8823,-1.91986,0.0,-0.0,167.1853,0.9825,stand_12,303.8322,0.0,-0.0,0.0,-0.0,Sidewalk
730.0,130.8147,3.8823,-1.88496,0.0,0.06981,167.1853,0.9825,stand_12,303.8532,0.0,0.06981,0.0,0.06981,Sidewalk
730.5,130.8147,3.8823,-1.88496,0.0,-0.0,167.1853,0.9825,stand_12,303.8322,0.0,-0.0,0.0,-0.0,Sidewalk
731.0,130.8147,3.8823,-1.85005,0.0,0.06981,167.1853,0.9825,stand_12,303.8532,0.0,0.06981,0.0,0.06981,Sidewalk
731.5,130.8147,3.8823,-1.85005,0.0,-0.0,167.1853,0.9825,stand_12,303.8322,0.0,-0.0,0.0,-0.0,Sidewalk
732.0,130.8147,3.8823,-1.81514,0.0,0.06981,167.1853,0.9825,stand_12,303.8532,0.0,0.06981,0.0,0.06981,Sidewalk
732.5,130.8147,3.8823,-1.81514,0.0,-0.0,167.1853,0.9825,stand_12,303.8322,0.0,-0.0,0.0,-0.0,Sidewalk
733.0,130.8147,3.8823,-1.78024,0.0,0.06981,167.1853,0.9825,stand_12,303.8531,0.0,0.06981,0.0,0.06981,Sidewalk
733.5,130.8147,3.8823,-1.78024,0.0,-0.0,167.1853,0.9826,stand_12,303.8322,0.0,-0.0,0.0,-0.0,Sidewalk
734.0,130.8147,3.8823,-1.74533,0.0,0.06981,167.1853,0.9826,stand_12,303.8531,0.0,0.06981,0.0,0.06981,Sidewalk
734.5,130.8147,3.8823,-1.74533,0.0,-0.0,167.1853,0.9826,stand_12,303.8322,0.0,-0.0,0.0,-0.0,Sidewalk
735.0,130.8147,3.8823,-1.71042,0.0,0.06981,167.1853,0.9826,stand_12,303.8531,0.0,0.06981,0.0,0.06981,Sidewalk
735.5,130.8147,3.8823,-1.71042,0.0,-0.0,167.1853,0.9826,stand_12,303.8322,0.0,-0.0,0.0,-0.0,Sidewalk
736.0,130.8147,3.8823,-1.67552,0.0,0.06981,167.1853,0.9826,stand_12,303.8531,0.0,0.06981,0.0,0.06981,Sidewalk
736.5,130.8147,3.8823,-1.67552,0.0,-0.0,167.1853,0.9826,stand_12,303.8322,0.0,-0.0,0.0,-0.0,Sidewalk
737.0,130.8147,3.8823,-1.64061,0.0,0.06981,167.1853,0.9826,stand_12,303.8531,0.0,0.06981,0.0,0.06981,Sidewalk
737.5,130.8147,3.8823,-1.64061,0.0,-0.0,167.1853,0.9826,stand_12,303.8322,0.0,-0.0,0.0,-0.0,Sidewalk
738.0,130.8147,3.8823,-1.6057,0.0,0.06981,167.1853,0.9826,stand_12,303.8531,0.0,0.06981,0.0,0.06981,Sidewalk
738.5,130.8147,3.8823,-1.6057,0.0,-0.0,167.1853,0.9826,stand_12,303.8322,0.0,-0.0,0.0,-0.0,Sidewalk
739.0,130.8147,3.8823,-1.5708,0.0,0.06981,167.1853,0.9826,stand_12,303.8531,0.0,0.06981,0.0,0.06981,Sidewalk
739.5,130.8147,3.8823,-1.5708,0.0,-0.0,167.1853,0.9826,stand_12,303.8322,0.0,-0.0,0.0,-0.0,Sidewalk
740.0,130.8147,3.8823,-1.53589,0.0,0.06981,167.1853,0.9826,stand_12,303.8531,0.0,0.06981,0.0,0.06981,Sidewalk
740.5,130.8147,3.8823,-1.53589,0.0,-0.0,167.1853,0.9826,stand_12,303.8321,0.0,-0.0,0.0,-0.0,Sidewalk
741.0,130.8147,3.8823,-1.50098,0.0,0.06981,167.1853,0.9826,stand_12,303.8531,0.0,0.06981,0.0,0.06981,Sidewalk
741.5,130.8147,3.8823,-1.50098,0.0,-0.0,167.1853,0.9826,stand_12,303.8321,0.0,-0.0,0.0,-0.0,Sidewalk
742.0,130.8147,3.8823,-1.46608,0.0,0.06981,167.1853,0.9826,stand_12,303.8531,0.0,0.06981,0.0,0.06981,Sidewalk
742.5,130.8147,3.8823,-1.46608,0.0,-0.0,167.1853,0.9826,stand_12,303.8321,0.0,-0.0,0.0,-0.0,Sidewalk
743.0,130.8147,3.8823,-1.43117,0.0,0.06981,167.1853,0.9826,stand_12,303.8531,0.0,0.06981,0.0,0.06981,Sidewalk
743.5,130.8147,3.8823,-1.43117,0.0,-0.0,167.1853,0.9826,stand_12,303.8321,0.0,-0.0,0.0,-0.0,Sidewalk
744.0,130.8147,3.8823,-1.39626,0.0,0.06981,167.1853,0.9826,stand_12,303.8531,0.0,0.06981,0.0,0.06981,Sidewalk
744.5,130.8147,3.8823,-1.39626,0.0,-0.0,167.1853,0.9826,stand_12,303.8321,0.0,-0.0,0.0,-0.0,Sidewalk
745.0,130.8147,3.8823,-1.36136,0.0,0.06981,167.1853,0.9826,stand_12,303.8531,0.0,0.06981,0.0,0.06981,Sidewalk
745.5,130.8147,3.8823,-1.36136,0.0,-0.0,167.1853,0.9826,stand_12,303.8321,0.0,-0.0,0.0,-0.0,Sidewalk
746.0,130.8147,3.8823,-1.32645,0.0,0.06981,167.1853,0.9826,stand_12,303.8531,0.0,0.06981,0.0,0.06981,Sidewalk
746.5,130.8147,3.8823,-1.32645,0.0,-0.0,167.1853,0.9826,stand_12,303.8321,0.0,-0.0,0.0,-0.0,Sidewalk
747.0,130.8147,3.8823,-1.29154,0.0,0.06981,167.1853,0.9826,stand_12,303.8531,0.0,0.06981,0.0,0.06981,Sidewalk
747.5,130.8147,3.8823,-1.29154,0.0,-0.0,167.1853,0.9826,stand_12,303.8321,0.0,-0.0,0.0,-0.0,Sidewalk
748.0,130.8147,3.8823,-1.25664,0.0,0.06981,167.1853,0.9826,stand_12,303.853,0.0,0.06981,0.0,0.06981,Sidewalk
748.5,130.8147,3.8823,-1.25664,0.0,-0.0,167.1853,0.9826,stand_12,303.8321,0.0,-0.0,0.0,-0.0,Sidewalk
749.0,130.8147,3.8823,-1.22173,0.0,0.06981,167.1853,0.9826,stand_12,303.853,0.0,0.06981,0.0,0.06981,Sidewalk
749.5,130.8147,3.8823,-1.22173,0.0,-0.0,167.1853,0.9826,stand_12,303.8321,0.0,-0.0,0.0,-0.0,Sidewalk
750.0,130.8147,3.8823,-1.18682,0.0,0.06981,167.1853,0.9826,stand_12,303.853,0.0,0.06981,0.0,0.06981,Sidewalk
750.5,130.8147,3.8823,-1.18682,0.0,-0.0,167.1853,0.9826,stand_12,303.8321,0.0,-0.0,0.0,-0.0,Sidewalk
751.0,130.8147,3.8823,-1.15192,0.0,0.06981,167.1853,0.9826,stand_12,303.853,0.0,0.06981,0.0,0.06981,Sidewalk
751.5,130.8147,3.8823,-1.15192,0.0,-0.0,167.1853,0.9826,stand_12,303.8321,0.0,-0.0,0.0,-0.0,Sidewalk
752.0,130.8147,3.8823,-1.11701,0.0,0.06981,167.1853,0.9826,stand_12,303.853,0.0,0.06981,0.0,0.06981,Sidewalk
752.5,130.8147,3.8823,-1.11701,0.0,-0.0,167.1853,0.9826,stand_12,303.8321,0.0,-0.0,0.0,-0.0,Sidewalk
753.0,130.8147,3.8823,-1.0821,0.0,0.06981,167.1853,0.9826,stand_12,303.853,0.0,0.06981,0.0,0.06981,Sidewalk
753.5,130.8147,3.8823,-1.0821,0.0,-0.0,167.1853,0.9826,stand_12,303.8321,0.0,-0.0,0.0,-0.0,Sidewalk
754.0,130.8147,3.8823,-1.0472,0.0,0.06981,167.1853,0.9826,stand_12,303.853,0.0,0.06981,0.0,0.06981,Sidewalk
754.5,130.8147,3.8823,-1.0472,0.0,-0.0,167.1853,0.9826,stand_12,303.832,0.0,-0.0,0.0,-0.0,Sidewalk
755.0,130.8147,3.8823,-1.01229,0.0,0.06981,167.1853,0.9826,stand_12,303.853,0.0,0.06981,0.0,0.06981,Sidewalk
755.5,130.8147,3.8823,-1.01229,0.0,-0.0,167.1853,0.9826,stand_12,303.832,0.0,-0.0,0.0,-0.0,Sidewalk
756.0,130.8147,3.8823,-0.97738,0.0,0.06981,167.1853,0.9826,stand_12,303.853,0.0,0.06981,0.0,0.06981,Sidewalk
756.5,130.8147,3.8823,-0.97738,0.0,-0.0,167.1853,0.9826,stand_12,303.832,0.0,-0.0,0.0,-0.0,Sidewalk
757.0,130.8147,3.8823,-0.94248,0.0,0.06981,167.1853,0.9826,stand_12,303.853,0.0,0.06981,0.0,0.06981,Sidewalk
757.5,130.8147,3.8823,-0.94248,0.0,-0.0,167.1853,0.9826,stand_12,303.832,0.0,-0.0,0.0,-0.0,Sidewalk
758.0,130.8147,3.8823,-0.90757,0.0,0.06981,167.1853,0.9826,stand_12,303.853,0.0,0.06981,0.0,0.06981,Sidewalk
758.5,130.8147,3.8823,-0.90757,0.0,-0.0,167.1853,0.9826,stand_12,303.832,0.0,-0.0,0.0,-0.0,Sidewalk
759.0,130.8147,3.8823,-0.87266,0.0,0.06981,167.1853,0.9826,stand_12,303.853,0.0,0.06981,0.0,0.06981,Sidewalk
759.5,130.8147,3.8823,-0.87266,0.0,-0.0,167.1853,0.9826,stand_12,303.832,0.0,-0.0,0.0,-0.0,Sidewalk
760.0,130.8147,3.8823,-0.83776,0.0,0.06981,167.1853,0.9826,stand_12,303.853,0.0,0.06981,0.0,0.06981,Sidewalk
760.5,130.8147,3.8823,-0.83776,0.0,-0.0,167.1853,0.9826,stand_12,303.832,0.0,-0.0,0.0,-0.0,Sidewalk
761.0,130.8147,3.8823,-0.80285,0.0,0.06981,167.1853,0.9826,stand_12,303.8529,0.0,0.06981,0.0,0.06981,Sidewalk
761.5,130.8147,3.8823,-0.80285,0.0,-0.0,167.1853,0.9826,stand_12,303.832,0.0,-0.0,0.0,-0.0,Sidewalk
762.0,130.8147,3.8823,-0.76794,0.0,0.06981,167.1853,0.9826,stand_12,303.8529,0.0,0.06981,0.0,0.06981,Sidewalk
762.5,130.8147,3.8823,-0.76794,0.0,-0.0,167.1853,0.9826,stand_12,303.832,0.0,-0.0,0.0,-0.0,Sidewalk
763.0,130.8147,3.8823,-0.73304,0.0,0.06981,167.1853,0.9826,stand_12,303.8529,0.0,0.06981,0.0,0.06981,Sidewalk
763.5,130.8147,3.8823,-0.73304,0.0,-0.0,167.1853,0.9826,stand_12,303.832,0.0,-0.0,0.0,-0.0,Sidewalk
764.0,130.8147,3.8823,-0.69813,0.0,0.06981,167.1853,0.9826,stand_12,303.8529,0.0,0.06981,0.0,0.06981,Sidewalk
764.5,130.8147,3.8823,-0.69813,0.0,-0.0,167.1853,0.9826,stand_12,303.832,0.0,-0.0,0.0,-0.0,Sidewalk
765.0,130.8147,3.8823,-0.66323,0.0,0.06981,167.1853,0.9826,stand_12,303.8529,0.0,0.06981,0.0,0.06981,Sidewalk
765.5,130.8147,3.8823,-0.66323,0.0,-0.0,167.1853,0.9826,stand_12,303.832,0.0,-0.0,0.0,-0.0,Sidewalk
766.0,130.8147,3.8823,-0.62832,0.0,0.06981,167.1853,0.9826,stand_12,303.8529,0.0,0.06981,0.0,0.06981,Sidewalk
766.5,130.8147,3.8823,-0.62832,0.0,-0.0,167.1853,0.9826,stand_12,303.832,0.0,-0.0,0.0,-0.0,Sidewalk
767.0,130.8147,3.8823,-0.59341,0.0,0.06981,167.1853,0.9826,stand_12,303.8529,0.0,0.06981,0.0,0.06981,Sidewalk
767.5,130.8147,3.8823,-0.59341,0.0,-0.0,167.1853,0.9826,stand_12,303.832,0.0,-0.0,0.0,-0.0,Sidewalk
768.0,130.8147,3.8823,-0.55851,0.0,0.06981,167.1853,0.9826,stand_12,303.8529,0.0,0.06981,0.0,0.06981,Sidewalk
768.5,130.8147,3.8823,-0.55851,0.0,-0.0,167.1853,0.9826,stand_12,303.832,0.0,-0.0,0.0,-0.0,Sidewalk
769.0,130.8147,3.8823,-0.5236,0.0,0.06981,167.1853,0.9826,stand_12,303.8529,0.0,0.06981,0.0,0.06981,Sidewalk
769.5,130.8147,3.8823,-0.5236,0.0,-0.0,167.1853,0.9826,stand_12,303.8319,0.0,-0.0,0.0,-0.0,Sidewalk
770.0,130.8147,3.8823,-0.48869,0.0,0.06981,167.1853,0.9826,stand_12,303.8529,0.0,0.06981,0.0,0.06981,Sidewalk
770.5,130.8147,3.8823,-0.48869,0.0,-0.0,167.1853,0.9826,stand_12,303.8319,0.0,-0.0,0.0,-0.0,Sidewalk
771.0,130.8147,3.8823,-0.45379,0.0,0.06981,167.1853,0.9826,stand_12,303.8529,0.0,0.06981,0.0,0.06981,Sidewalk
771.5,130.8147,3.8823,-0.45379,0.0,-0.0,167.1853,0.9826,stand_12,303.8319,0.0,-0.0,0.0,-0.0,Sidewalk
772.0,130.8147,3.8823,-0.41888,0.0,0.06981,167.1853,0.9826,stand_12,303.8529,0.0,0.06981,0.0,0.06981,Sidewalk
772.5,130.8147,3.8823,-0.41888,0.0,-0.0,167.1853,0.9826,stand_12,303.8319,0.0,-0.0,0.0,-0.0,Sidewalk
773.0,130.8147,3.8823,-0.38397,0.0,0.06981,167.1853,0.9826,stand_12,303.8529,0.0,0.06981,0.0,0.06981,Sidewalk
773.5,130.8147,3.8823,-0.38397,0.0,-0.0,167.1853,0.9826,stand_12,303.8319,0.0,-0.0,0.0,-0.0,Sidewalk
774.0,130.8147,3.8823,-0.34907,0.0,0.06981,167.1853,0.9826,stand_12,303.8529,0.0,0.06981,0.0,0.06981,Sidewalk
774.5,130.8147,3.8823,-0.34907,0.0,-0.0,167.1853,0.9826,stand_12,303.8319,0.0,-0.0,0.0,-0.0,Sidewalk
775.0,130.8147,3.8823,-0.31416,0.0,0.06981,167.1853,0.9826,stand_12,303.8528,0.0,0.06981,0.0,0.06981,Sidewalk
775.5,130.8147,3.8823,-0.31416,0.0,-0.0,167.1853,0.9826,stand_12,303.8319,0.0,-0.0,0.0,-0.0,Sidewalk
776.0,130.8147,3.8823,-0.27925,0.0,0.06981,167.1853,0.9826,stand_12,303.8528,0.0,0.06981,0.0,0.06981,Sidewalk
776.5,130.8147,3.8823,-0.27925,0.0,-0.0,167.1853,0.9826,stand_12,303.8319,0.0,-0.0,0.0,-0.0,Sidewalk
777.0,130.8147,3.8823,-0.24435,0.0,0.06981,167.1853,0.9826,stand_12,303.8528,0.0,0.06981,0.0,0.06981,Sidewalk
777.5,130.8147,3.8823,-0.24435,0.0,-0.0,167.1853,0.9826,stand_12,303.8319,0.0,-0.0,0.0,-0.0,Sidewalk
778.0,130.8147,3.8823,-0.20944,0.0,0.06981,167.1853,0.9826,stand_12,303.8528,0.0,0.06981,0.0,0.06981,Sidewalk
778.5,130.8147,3.8823,-0.20944,0.0,-0.0,167.1853,0.9826,stand_12,303.8319,0.0,-0.0,0.0,-0.0,Sidewalk
779.0,130.8147,3.8823,-0.17453,0.0,0.06981,167.1853,0.9826,stand_12,303.8528,0.0,0.06981,0.0,0.06981,Sidewalk
779.5,130.8147,3.8823,-0.17453,0.0,-0.0,167.1853,0.9826,stand_12,303.8319,0.0,-0.0,0.0,-0.0,Sidewalk
780.0,130.8147,3.8823,-0.13963,0.0,0.06981,167.1853,0.9826,stand_12,303.8528,0.0,0.06981,0.0,0.06981,Sidewalk
780.5,130.8147,3.8823,-0.13963,0.0,-0.0,167.1853,0.9826,stand_12,303.8319,0.0,-0.0,0.0,-0.0,Sidewalk
781.0,130.8147,3.8823,-0.10472,0.0,0.06981,167.1853,0.9826,stand_12,303.8528,0.0,0.06981,0.0,0.06981,Sidewalk
781.5,130.8147,3.8823,-0.10472,0.0,-0.0,167.1853,0.9826,stand_12,303.8319,0.0,-0.0,0.0,-0.0,Sidewalk
782.0,130.8147,3.8823,-0.06981,0.0,0.06981,167.1853,0.9826,stand_12,303.8528,0.0,0.06981,0.0,0.06981,Sidewalk
782.5,130.8147,3.8823,-0.06981,0.0,-0.0,167.1853,0.9826,stand_12,303.8318,0.0,-0.0,0.0,-0.0,Sidewalk
783.0,130.8147,3.8823,-0.03491,0.0,0.06981,167.1853,0.9826,stand_12,303.8528,0.0,0.06981,0.0,0.06981,Sidewalk
783.5,130.8147,3.8823,-0.03491,0.0,-0.0,167.1853,0.9826,stand_12,303.8318,0.0,-0.0,0.0,-0.0,Sidewalk
784.0,130.8147,3.8823,-0.0,0.0,0.06981,167.1853,0.9826,stand_12,303.8528,0.0,0.06981,0.0,0.06981,Sidewalk
784.5,130.8147,3.8823,-0.0,0.0,-0.0,167.1853,0.9826,stand_12,303.8318,0.0,-0.0,0.0,-0.0,Sidewalk
785.0,130.8147,3.8823,0.03491,0.0,0.06981,167.1853,0.9826,stand_12,303.8528,0.0,0.06981,0.0,0.06981,Sidewalk
785.5,130.8147,3.8823,0.03491,0.0,-0.0,167.1853,0.9826,stand_12,303.8318,0.0,-0.0,0.0,-0.0,Sidewalk
786.0,130.8147,3.8823,0.06981,0.0,0.06981,167.1853,0.9826,stand_12,303.8528,0.0,0.06981,0.0,0.06981,Sidewalk
786.5,130.8147,3.8823,0.06981,0.0,-0.0,167.1853,0.9826,stand_12,303.8318,0.0,-0.0,0.0,-0.0,Sidewalk
787.0,130.8147,3.8823,0.10472,0.0,0.06981,167.1853,0.9826,stand_12,303.8528,0.0,0.06981,0.0,0.06981,Sidewalk
787.5,130.8147,3.8823,0.10472,0.0,-0.0,167.1853,0.9826,stand_12,303.8318,0.0,-0.0,0.0,-0.0,Sidewalk
788.0,130.8147,3.8823,0.13963,0.0,0.06981,167.1853,0.9826,stand_12,303.8528,0.0,0.06981,0.0,0.06981,Sidewalk
788.5,130.8147,3.8823,0.13963,0.0,-0.0,167.1853,0.9826,stand_12,303.8318,0.0,-0.0,0.0,-0.0,Sidewalk
789.0,130.8147,3.8823,0.17453,0.0,0.06981,167.1853,0.9826,stand_12,303.8527,0.0,0.06981,0.0,0.06981,Sidewalk
789.5,130.8147,3.8823,0.17453,0.0,-0.0,167.1853,0.9826,stand_12,303.8318,0.0,-0.0,0.0,-0.0,Sidewalk
790.0,130.8147,3.8823,0.20944,0.0,0.06981,167.1853,0.9826,stand_12,303.8527,0.0,0.06981,0.0,0.06981,Sidewalk
790.5,130.8147,3.8823,0.20944,0.0,-0.0,167.1853,0.9827,stand_12,303.8318,0.0,-0.0,0.0,-0.0,Sidewalk
791.0,130.8147,3.8823,0.24435,0.0,0.06981,167.1853,0.9827,stand_12,303.8527,0.0,0.06981,0.0,0.06981,Sidewalk
791.5,130.8147,3.8823,0.24435,0.0,-0.0,167.1853,0.9827,stand_12,303.8318,0.0,-0.0,0.0,-0.0,Sidewalk
792.0,130.8147,3.8823,0.27925,0.0,0.06981,167.1853,0.9827,stand_12,303.8527,0.0,0.06981,0.0,0.06981,Sidewalk
792.5,130.8147,3.8823,0.27925,0.0,-0.0,167.1853,0.9827,stand_12,303.8318,0.0,-0.0,0.0,-0.0,Sidewalk
793.0,130.8147,3.8823,0.31416,0.0,0.06981,167.1853,0.9827,stand_12,303.8527,0.0,0.06981,0.0,0.06981,Sidewalk
793.5,130.8147,3.8823,0.31416,0.0,-0.0,167.1853,0.9827,stand_12,303.8318,0.0,-0.0,0.0,-0.0,Sidewalk
794.0,130.8147,3.8823,0.34907,0.0,0.06981,167.1853,0.9827,stand_12,303.8527,0.0,0.06981,0.0,0.06981,Sidewalk
794.5,130.8147,3.8823,0.34907,0.0,-0.0,167.1853,0.9827,stand_12,303.8318,0.0,-0.0,0.0,-0.0,Sidewalk
795.0,130.8147,3.8823,0.38397,0.0,0.06981,167.1853,0.9827,stand_12,303.8527,0.0,0.06981,0.0,0.06981,Sidewalk
795.5,130.8147,3.8823,0.38397,0.0,-0.0,167.1853,0.9827,stand_12,303.8318,0.0,-0.0,0.0,-0.0,Sidewalk
796.0,130.8147,3.8823,0.41888,0.0,0.06981,167.1853,0.9827,stand_12,303.8527,0.0,0.06981,0.0,0.06981,Sidewalk
796.5,130.8147,3.8823,0.41888,0.0,-0.0,167.1853,0.9827,stand_12,303.8317,0.0,-0.0,0.0,-0.0,Sidewalk
797.0,130.8147,3.8823,0.45379,0.0,0.06981,167.1853,0.9827,stand_12,303.8527,0.0,0.06981,0.0,0.06981,Sidewalk
797.5,130.8147,3.8823,0.45379,0.0,-0.0,167.1853,0.9827,stand_12,303.8317,0.0,-0.0,0.0,-0.0,Sidewalk
798.0,130.8147,3.8823,0.48869,0.0,0.06981,167.1853,0.9827,stand_12,303.8527,0.0,0.06981,0.0,0.06981,Sidewalk
798.5,130.8147,3.8823,0.48869,0.0,-0.0,167.1853,0.9827,stand_12,303.8317,0.0,-0.0,0.0,-0.0,Sidewalk
799.0,130.8147,3.8823,0.5236,0.0,0.06981,167.1853,0.9827,stand_12,303.8527,0.0,0.06981,0.0,0.06981,Sidewalk
799.5,130.8147,3.8823,0.5236,0.0,-0.0,167.1853,0.9827,stand_12,303.8317,0.0,-0.0,0.0,-0.0,Sidewalk
800.0,130.8147,3.8823,0.55851,0.0,0.06981,167.1853,0.9827,stand_12,303.8527,0.0,0.06981,0.0,0.06981,Sidewalk
800.5,130.8147,3.8823,0.55851,0.0,-0.0,167.1853,0.9827,stand_12,303.8317,0.0,-0.0,0.0,-0.0,Sidewalk
801.0,130.8147,3.8823,0.59341,0.0,0.06981,167.1853,0.9827,stand_12,303.8527,0.0,0.06981,0.0,0.06981,Sidewalk
801.5,130.8147,3.8823,0.59341,0.0,-0.0,167.1853,0.9827,stand_12,303.8317,0.0,-0.0,0.0,-0.0,Sidewalk
802.0,130.8147,3.8823,0.62832,0.0,0.06981,167.1853,0.9827,stand_12,303.8526,0.0,0.06981,0.0,0.06981,Sidewalk
802.5,130.8147,3.8823,0.62832,0.0,-0.0,167.1853,0.9827,stand_12,303.8317,0.0,-0.0,0.0,-0.0,Sidewalk
803.0,130.8147,3.8823,0.66323,0.0,0.06981,167.1853,0.9827,stand_12,303.8526,0.0,0.06981,0.0,0.06981,Sidewalk
803.5,130.8147,3.8823,0.66323,0.0,-0.0,167.1853,0.9827,stand_12,303.8317,0.0,-0.0,0.0,-0.0,Sidewalk
804.0,130.8147,3.8823,0.69813,0.0,0.06981,167.1853,0.9827,stand_12,303.8526,0.0,0.06981,0.0,0.06981,Sidewalk
804.5,130.8147,3.8823,0.69813,0.0,-0.0,167.1853,0.9827,stand_12,303.8317,0.0,-0.0,0.0,-0.0,Sidewalk
805.0,130.8147,3.8823,0.73304,0.0,0.06981,167.1853,0.9827,stand_12,303.8526,0.0,0.06981,0.0,0.06981,Sidewalk
805.5,130.8147,3.8823,0.73304,0.0,-0.0,167.1853,0.9827,stand_12,303.8317,0.0,-0.0,0.0,-0.0,Sidewalk
806.0,130.8147,3.8823,0.76794,0.0,0.06981,167.1853,0.9827,stand_12,303.8526,0.0,0.06981,0.0,0.06981,Sidewalk
806.5,130.8147,3.8823,0.76794,0.0,-0.0,167.1853,0.9827,stand_12,303.8317,0.0,-0.0,0.0,-0.0,Sidewalk
807.0,130.8147,3.8823,0.80285,0.0,0.06981,167.1853,0.9827,stand_12,303.8526,0.0,0.06981,0.0,0.06981,Sidewalk
807.5,130.8147,3.8823,0.80285,0.0,-0.0,167.1853,0.9827,stand_12,303.8317,0.0,-0.0,0.0,-0.0,Sidewalk
808.0,130.8147,3.8823,0.83776,0.0,0.06981,167.1853,0.9827,stand_12,303.8526,0.0,0.06981,0.0,0.06981,Sidewalk
808.5,130.8147,3.8823,0.83776,0.0,-0.0,167.1853,0.9827,stand_12,303.8317,0.0,-0.0,0.0,-0.0,Sidewalk
809.0,130.8147,3.8823,0.87266,0.0,0.06981,167.1853,0.9827,stand_12,303.8526,0.0,0.06981,0.0,0.06981,Sidewalk
809.5,130.8147,3.8823,0.87266,0.0,-0.0,167.1853,0.9827,stand_12,303.8316,0.0,-0.0,0.0,-0.0,Sidewalk
810.0,130.8147,3.8823,0.90757,0.0,0.06981,167.1853,0.9827,stand_12,303.8526,0.0,0.06981,0.0,0.06981,Sidewalk
810.5,130.8147,3.8823,0.90757,0.0,-0.0,167.1853,0.9827,stand_12,303.8316,0.0,-0.0,0.0,-0.0,Sidewalk
811.0,130.8147,3.8823,0.94248,0.0,0.06981,167.1853,0.9827,stand_12,303.8526,0.0,0.06981,0.0,0.06981,Sidewalk
811.5,130.8147,3.8823,0.94248,0.0,-0.0,167.1853,0.9827,stand_12,303.8316,0.0,-0.0,0.0,-0.0,Sidewalk
812.0,130.8147,3.8823,0.97738,0.0,0.06981,167.1853,0.9827,stand_12,303.8526,0.0,0.06981,0.0,0.06981,Sidewalk
812.5,130.8147,3.8823,0.97738,0.0,-0.0,167.1853,0.9827,stand_12,303.8316,0.0,-0.0,0.0,-0.0,Sidewalk
813.0,130.8147,3.8823,1.01229,0.0,0.06981,167.1853,0.9827,stand_12,303.8526,0.0,0.06981,0.0,0.06981,Sidewalk
813.5,130.8147,3.8823,1.01229,0.0,-0.0,167.1853,0.9827,stand_12,303.8316,0.0,-0.0,0.0,-0.0,Sidewalk
814.0,130.8147,3.8823,1.0472,0.0,0.06981,167.1853,0.9827,stand_12,303.8526,0.0,0.06981,0.0,0.06981,Sidewalk
814.5,130.8147,3.8823,1.0472,0.0,-0.0,167.1853,0.9827,stand_12,303.8316,0.0,-0.0,0.0,-0.0,Sidewalk
815.0,130.8147,3.8823,1.0821,0.0,0.06981,167.1853,0.9827,stand_12,303.8525,0.0,0.06981,0.0,0.06981,Sidewalk
815.5,130.8147,3.8823,1.0821,0.0,-0.0,167.1853,0.9827,stand_12,303.8316,0.0,-0.0,0.0,-0.0,Sidewalk
816.0,130.8147,3.8823,1.11701,0.0,0.06981,167.1853,0.9827,stand_12,303.8525,0.0,0.06981,0.0,0.06981,Sidewalk
816.5,130.8147,3.8823,1.11701,0.0,-0.0,167.1853,0.9827,stand_12,303.8316,0.0,-0.0,0.0,-0.0,Sidewalk
817.0,130.8147,3.8823,1.15192,0.0,0.06981,167.1853,0.9827,stand_12,303.8525,0.0,0.06981,0.0,0.06981,Sidewalk
817.5,130.8147,3.8823,1.15192,0.0,-0.0,167.1853,0.9827,stand_12,303.8316,0.0,-0.0,0.0,-0.0,Sidewalk
818.0,130.8147,3.8823,1.18682,0.0,0.06981,167.1853,0.9827,stand_12,303.8525,0.0,0.06981,0.0,0.06981,Sidewalk
818.5,130.8147,3.8823,1.18682,0.0,-0.0,167.1853,0.9827,stand_12,303.8316,0.0,-0.0,0.0,-0.0,Sidewalk
819.0,130.8147,3.8823,1.22173,0.0,0.06981,167.1853,0.9827,stand_12,303.8525,0.0,0.06981,0.0,0.06981,Sidewalk
819.5,130.8147,3.8823,1.22173,0.0,-0.0,167.1853,0.9827,stand_12,303.8316,0.0,-0.0,0.0,-0.0,Sidewalk
820.0,130.8147,3.8823,1.25664,0.0,0.06981,167.1853,0.9827,stand_12,303.8525,0.0,0.06981,0.0,0.06981,Sidewalk
820.5,130.8147,3.8823,1.25664,0.0,-0.0,167.1853,0.9827,stand_12,303.8316,0.0,-0.0,0.0,-0.0,Sidewalk
821.0,130.8147,3.8823,1.29154,0.0,0.06981,167.1853,0.9827,stand_12,303.8525,0.0,0.06981,0.0,0.06981,Sidewalk
821.5,130.8147,3.8823,1.29154,0.0,-0.0,167.1853,0.9827,stand_12,303.8316,0.0,-0.0,0.0,-0.0,Sidewalk
822.0,130.8147,3.8823,1.32645,0.0,0.06981,167.1853,0.9827,stand_12,303.8525,0.0,0.06981,0.0,0.06981,Sidewalk
822.5,130.8147,3.8823,1.32645,0.0,-0.0,167.1853,0.9827,stand_12,303.8315,0.0,-0.0,0.0,-0.0,Sidewalk
823.0,130.8147,3.8823,1.36136,0.0,0.06981,167.1853,0.9827,stand_12,303.8525,0.0,0.06981,0.0,0.06981,Sidewalk
823.5,130.8147,3.8823,1.36136,0.0,-0.0,167.1853,0.9827,stand_12,303.8315,0.0,-0.0,0.0,-0.0,Sidewalk
824.0,130.8147,3.8823,1.39626,0.0,0.06981,167.1853,0.9827,stand_12,303.8525,0.0,0.06981,0.0,0.06981,Sidewalk
824.5,130.8147,3.8823,1.39626,0.0,-0.0,167.1853,0.9827,stand_12,303.8315,0.0,-0.0,0.0,-0.0,Sidewalk
825.0,130.8147,3.8823,1.43117,0.0,0.06981,167.1853,0.9827,stand_12,303.8525,0.0,0.06981,0.0,0.06981,Sidewalk
825.5,130.8147,3.8823,1.43117,0.0,-0.0,167.1853,0.9827,stand_12,303.8315,0.0,-0.0,0.0,-0.0,Sidewalk
826.0,130.8147,3.8823,1.46608,0.0,0.06981,167.1853,0.9827,stand_12,303.8525,0.0,0.06981,0.0,0.06981,Sidewalk
826.5,130.8147,3.8823,1.46608,0.0,-0.0,167.1853,0.9827,stand_12,303.8315,0.0,-0.0,0.0,-0.0,Sidewalk
827.0,130.8147,3.8823,1.50098,0.0,0.06981,167.1853,0.9827,stand_12,303.8525,0.0,0.06981,0.0,0.06981,Sidewalk
827.5,130.8147,3.8823,1.50098,0.0,-0.0,167.1853,0.9827,stand_12,303.8315,0.0,-0.0,0.0,-0.0,Sidewalk
828.0,130.8147,3.8823,1.53589,0.0,0.06981,167.1853,0.9827,stand_12,303.8524,0.0,0.06981,0.0,0.06981,Sidewalk
828.5,130.8147,3.8823,1.53589,0.0,-0.0,167.1853,0.9827,stand_12,303.8315,0.0,-0.0,0.0,-0.0,Sidewalk
829.0,130.8147,3.8823,1.5708,0.0,0.06981,167.1853,0.9827,stand_12,303.8524,0.0,0.06981,0.0,0.06981,Sidewalk
829.5,130.8147,3.8823,1.5708,0.0,-0.0,167.1853,0.9827,stand_12,303.8315,0.0,-0.0,0.0,-0.0,Sidewalk
830.0,130.8147,3.8823,1.6057,0.0,0.06981,167.1853,0.9827,stand_12,303.8524,0.0,0.06981,0.0,0.06981,Sidewalk
830.5,130.8147,3.8823,1.6057,0.0,-0.0,167.1853,0.9827,stand_12,303.8315,0.0,-0.0,0.0,-0.0,Sidewalk
831.0,130.8147,3.8823,1.64061,0.0,0.06981,167.1853,0.9827,stand_12,303.8524,0.0,0.06981,0.0,0.06981,Sidewalk
831.5,130.8147,3.8823,1.64061,0.0,-0.0,167.1853,0.9827,stand_12,303.8315,0.0,-0.0,0.0,-0.0,Sidewalk
832.0,130.8147,3.8823,1.67552,0.0,0.06981,167.1853,0.9827,stand_12,303.8524,0.0,0.06981,0.0,0.06981,Sidewalk
832.5,130.8147,3.8823,1.67552,0.0,-0.0,167.1853,0.9827,stand_12,303.8315,0.0,-0.0,0.0,-0.0,Sidewalk
833.0,130.8147,3.8823,1.71042,0.0,0.06981,167.1853,0.9827,stand_12,303.8524,0.0,0.06981,0.0,0.06981,Sidewalk
833.5,130.8147,3.8823,1.71042,0.0,-0.0,167.1853,0.9827,stand_12,303.8315,0.0,-0.0,0.0,-0.0,Sidewalk
834.0,130.8147,3.8823,1.74533,0.0,0.06981,167.1853,0.9827,stand_12,303.8524,0.0,0.06981,0.0,0.06981,Sidewalk
834.5,130.8147,3.8823,1.74533,0.0,-0.0,167.1853,0.9827,stand_12,303.8315,0.0,-0.0,0.0,-0.0,Sidewalk
835.0,130.8147,3.8823,1.78024,0.0,0.06981,167.1853,0.9827,stand_12,303.8524,0.0,0.06981,0.0,0.06981,Sidewalk
835.5,130.8147,3.8823,1.78024,0.0,-0.0,167.1853,0.9827,stand_12,303.8314,0.0,-0.0,0.0,-0.0,Sidewalk
836.0,130.8147,3.8823,1.81514,0.0,0.06981,167.1853,0.9827,stand_12,303.8524,0.0,0.06981,0.0,0.06981,Sidewalk
836.5,130.8147,3.8823,1.81514,0.0,-0.0,167.1853,0.9827,stand_12,303.8314,0.0,-0.0,0.0,-0.0,Sidewalk
837.0,130.8147,3.8823,1.85005,0.0,0.06981,167.1853,0.9827,stand_12,303.8524,0.0,0.06981,0.0,0.06981,Sidewalk
837.5,130.8147,3.8823,1.85005,0.0,-0.0,167.1853,0.9827,stand_12,303.8314,0.0,-0.0,0.0,-0.0,Sidewalk
838.0,130.8147,3.8823,1.88496,0.0,0.06981,167.1853,0.9827,stand_12,303.8524,0.0,0.06981,0.0,0.06981,Sidewalk
838.5,130.8147,3.8823,1.88496,0.0,-0.0,167.1853,0.9827,stand_12,303.8314,0.0,-0.0,0.0,-0.0,Sidewalk
839.0,130.8147,3.8823,1.91986,0.0,0.06981,167.1853,0.9827,stand_12,303.8524,0.0,0.06981,0.0,0.06981,Sidewalk
839.5,130.8147,3.8823,1.91986,0.0,-0.0,167.1853,0.9827,stand_12,303.8314,0.0,-0.0,0.0,-0.0,Sidewalk
840.0,130.8147,3.8823,1.95477,0.0,0.06981,167.1853,0.9827,stand_12,303.8524,0.0,0.06981,0.0,0.06981,Sidewalk
840.5,130.8147,3.8823,1.95477,0.0,-0.0,167.1853,0.9827,stand_12,303.8314,0.0,-0.0,0.0,-0.0,Sidewalk
841.0,130.8147,3.8823,1.98968,0.0,0.06981,167.1853,0.9827,stand_12,303.8524,0.0,0.06981,0.0,0.06981,Sidewalk
841.5,130.8147,3.8823,1.98968,0.0,-0.0,167.1853,0.9827,stand_12,303.8314,0.0,-0.0,0.0,-0.0,Sidewalk
842.0,130.8147,3.8823,2.02458,0.0,0.06981,167.1853,0.9827,stand_12,303.8523,0.0,0.06981,0.0,0.06981,Sidewalk
842.5,130.8147,3.8823,2.02458,0.0,-0.0,167.1853,0.9827,stand_12,303.8314,0.0,-0.0,0.0,-0.0,Sidewalk
843.0,130.8147,3.8823,2.05949,0.0,0.06981,167.1853,0.9827,stand_12,303.8523,0.0,0.06981,0.0,0.06981,Sidewalk
843.5,130.8147,3.8823,2.05949,0.0,-0.0,167.1853,0.9827,stand_12,303.8314,0.0,-0.0,0.0,-0.0,Sidewalk
844.0,130.8147,3.8823,2.0944,0.0,0.06981,167.1853,0.9827,stand_12,303.8523,0.0,0.06981,0.0,0.06981,Sidewalk
844.5,130.8147,3.8823,2.0944,0.0,-0.0,167.1853,0.9827,stand_12,303.8314,0.0,-0.0,0.0,-0.0,Sidewalk
845.0,130.8147,3.8823,2.1293,0.0,0.06981,167.1853,0.9827,stand_12,303.8523,0.0,0.06981,0.0,0.06981,Sidewalk
845.5,130.8147,3.8823,2.1293,0.0,-0.0,167.1853,0.9827,stand_12,303.8314,0.0,-0.0,0.0,-0.0,Sidewalk
846.0,130.8147,3.8823,2.16421,0.0,0.06981,167.1853,0.9827,stand_12,303.8523,0.0,0.06981,0.0,0.06981,Sidewalk
846.5,130.8147,3.8823,2.16421,0.0,-0.0,167.1853,0.9828,stand_12,303.8314,0.0,-0.0,0.0,-0.0,Sidewalk
847.0,130.8147,3.8823,2.19911,0.0,0.06981,167.1853,0.9828,stand_12,303.8523,0.0,0.06981,0.0,0.06981,Sidewalk
847.5,130.8147,3.8823,2.19911,0.0,-0.0,167.1853,0.9828,stand_12,303.8314,0.0,-0.0,0.0,-0.0,Sidewalk
848.0,130.8147,3.8823,2.23402,0.0,0.06981,167.1853,0.9828,stand_12,303.8523,0.0,0.06981,0.0,0.06981,Sidewalk
848.5,130.8147,3.8823,2.23402,0.0,-0.0,167.1853,0.9828,stand_12,303.8314,0.0,-0.0,0.0,-0.0,Sidewalk
849.0,130.8147,3.8823,2.26893,0.0,0.06981,167.1853,0.9828,stand_12,303.8523,0.0,0.06981,0.0,0.06981,Sidewalk
849.5,130.8147,3.8823,2.26893,0.0,-0.0,167.1853,0.9828,stand_12,303.8313,0.0,-0.0,0.0,-0.0,Sidewalk
850.0,130.8147,3.8823,2.30383,0.0,0.06981,167.1853,0.9828,stand_12,303.8523,0.0,0.06981,0.0,0.06981,Sidewalk
850.5,130.8147,3.8823,2.30383,0.0,-0.0,167.1853,0.9828,stand_12,303.8313,0.0,-0.0,0.0,-0.0,Sidewalk
851.0,130.8147,3.8823,2.33874,0.0,0.06981,167.1853,0.9828,stand_12,303.8523,0.0,0.06981,0.0,0.06981,Sidewalk
851.5,130.8147,3.8823,2.33874,0.0,-0.0,167.1853,0.9828,stand_12,303.8313,0.0,-0.0,0.0,-0.0,Sidewalk
852.0,130.8147,3.8823,2.37365,0.0,0.06981,167.1853,0.9828,stand_12,303.8523,0.0,0.06981,0.0,0.06981,Sidewalk
852.5,130.8147,3.8823,2.37365,0.0,-0.0,167.1853,0.9828,stand_12,303.8313,0.0,-0.0,0.0,-0.0,Sidewalk
853.0,130.8147,3.8823,2.40855,0.0,0.06981,167.1853,0.9828,stand_12,303.8523,0.0,0.06981,0.0,0.06981,Sidewalk
853.5,130.8147,3.8823,2.40855,0.0,-0.0,167.1853,0.9828,stand_12,303.8313,0.0,-0.0,0.0,-0.0,Sidewalk
854.0,130.8147,3.8823,2.44346,0.0,0.06981,167.1853,0.9828,stand_12,303.8523,0.0,0.06981,0.0,0.06981,Sidewalk
854.5,130.8147,3.8823,2.44346,0.0,-0.0,167.1853,0.9828,stand_12,303.8313,0.0,-0.0,0.0,-0.0,Sidewalk
855.0,130.8147,3.8823,2.47837,0.0,0.06981,167.1853,0.9828,stand_12,303.8523,0.0,0.06981,0.0,0.06981,Sidewalk
855.5,130.8147,3.8823,2.47837,0.0,-0.0,167.1853,0.9828,stand_12,303.8313,0.0,-0.0,0.0,-0.0,Sidewalk
856.0,130.8147,3.8823,2.51327,0.0,0.06981,167.1853,0.9828,stand_12,303.8523,0.0,0.06981,0.0,0.06981,Sidewalk
856.5,130.8147,3.8823,2.51327,0.0,-0.0,167.1853,0.9828,stand_12,303.8313,0.0,-0.0,0.0,-0.0,Sidewalk
857.0,130.8147,3.8823,2.54818,0.0,0.06981,167.1853,0.9828,stand_12,303.8522,0.0,0.06981,0.0,0.06981,Sidewalk
857.5,130.8147,3.8823,2.54818,0.0,-0.0,167.1853,0.9828,stand_12,303.8313,0.0,-0.0,0.0,-0.0,Sidewalk
858.0,130.8147,3.8823,2.58309,0.0,0.06981,167.1853,0.9828,stand_12,303.8522,0.0,0.06981,0.0,0.06981,Sidewalk
858.5,130.8147,3.8823,2.58309,0.0,-0.0,167.1853,0.9828,stand_12,303.8313,0.0,-0.0,0.0,-0.0,Sidewalk
859.0,130.8147,3.8823,2.61799,0.0,0.06981,167.1853,0.9828,stand_12,303.8522,0.0,0.06981,0.0,0.06981,Sidewalk
859.5,130.8147,3.8823,2.61799,0.0,-0.0,167.1853,0.9828,stand_12,303.8313,0.0,-0.0,0.0,-0.0,Sidewalk
860.0,130.8147,3.8823,2.6529,0.0,0.06981,167.1853,0.9828,stand_12,303.8522,0.0,0.06981,0.0,0.06981,Sidewalk
860.5,130.8147,3.8823,2.6529,0.0,-0.0,167.1853,0.9828,stand_12,303.8313,0.0,-0.0,0.0,-0.0,Sidewalk
861.0,130.8147,3.8823,2.68781,0.0,0.06981,167.1853,0.9828,stand_12,303.8522,0.0,0.06981,0.0,0.06981,Sidewalk
861.5,130.8147,3.8823,2.68781,0.0,-0.0,167.1853,0.9828,stand_12,303.8313,0.0,-0.0,0.0,-0.0,Sidewalk
862.0,130.8147,3.8823,2.72271,0.0,0.06981,167.1853,0.9828,stand_12,303.8522,0.0,0.06981,0.0,0.06981,Sidewalk
862.5,130.8147,3.8823,2.72271,0.0,-0.0,167.1853,0.9828,stand_12,303.8313,0.0,-0.0,0.0,-0.0,Sidewalk
863.0,130.8147,3.8823,2.75762,0.0,0.06981,167.1853,0.9828,stand_12,303.8522,0.0,0.06981,0.0,0.06981,Sidewalk
863.5,130.8147,3.8823,2.75762,0.0,-0.0,167.1853,0.9828,stand_12,303.8313,0.0,-0.0,0.0,-0.0,Sidewalk
864.0,130.8147,3.8823,2.79253,0.0,0.06981,167.1853,0.9828,stand_12,303.8522,0.0,0.06981,0.0,0.06981,Sidewalk
864.5,130.8147,3.8823,2.79253,0.0,-0.0,167.1853,0.9828,stand_12,303.8312,0.0,-0.0,0.0,-0.0,Sidewalk
865.0,130.8147,3.8823,2.82743,0.0,0.06981,167.1853,0.9828,stand_12,303.8522,0.0,0.06981,0.0,0.06981,Sidewalk
865.5,130.8147,3.8823,2.82743,0.0,-0.0,167.1853,0.9828,stand_12,303.8312,0.0,-0.0,0.0,-0.0,Sidewalk
866.0,130.8147,3.8823,2.86234,0.0,0.06981,167.1853,0.9828,stand_12,303.8522,0.0,0.06981,0.0,0.06981,Sidewalk
866.5,130.8147,3.8823,2.86234,0.0,-0.0,167.1853,0.9828,stand_12,303.8312,0.0,-0.0,0.0,-0.0,Sidewalk
867.0,130.8147,3.8823,2.89725,0.0,0.06981,167.1853,0.9828,stand_12,303.8522,0.0,0.06981,0.0,0.06981,Sidewalk
867.5,130.8147,3.8823,2.89725,0.0,-0.0,167.1853,0.9828,stand_12,303.8312,0.0,-0.0,0.0,-0.0,Sidewalk
868.0,130.8147,3.8823,2.93215,0.0,0.06981,167.1853,0.9828,stand_12,303.8522,0.0,0.06981,0.0,0.06981,Sidewalk
868.5,130.8147,3.8823,2.93215,0.0,-0.0,167.1853,0.9828,stand_12,303.8312,0.0,-0.0,0.0,-0.0,Sidewalk
869.0,130.8147,3.8823,2.96706,0.0,0.06981,167.1853,0.9828,stand_12,303.8522,0.0,0.06981,0.0,0.06981,Sidewalk
869.5,130.8147,3.8823,2.96706,0.0,-0.0,167.1853,0.9828,stand_12,303.8312,0.0,-0.0,0.0,-0.0,Sidewalk
870.0,130.8147,3.8823,3.00197,0.0,0.06981,167.1853,0.9828,stand_12,303.8522,0.0,0.06981,0.0,0.06981,Sidewalk
870.5,130.8147,3.8823,3.00197,0.0,-0.0,167.1853,0.9828,stand_12,303.8312,0.0,-0.0,0.0,-0.0,Sidewalk
871.0,130.8147,3.8823,3.03687,0.0,0.06981,167.1853,0.9828,stand_12,303.8521,0.0,0.06981,0.0,0.06981,Sidewalk
871.5,130.8147,3.8823,3.03687,0.0,-0.0,167.1853,0.9828,stand_12,303.8312,0.0,-0.0,0.0,-0.0,Sidewalk
872.0,130.8147,3.8823,3.07178,0.0,0.06981,167.1853,0.9828,stand_12,303.8521,0.0,0.06981,0.0,0.06981,Sidewalk
872.5,130.8147,3.8823,3.07178,0.0,-0.0,167.1853,0.9828,stand_12,303.8312,0.0,-0.0,0.0,-0.0,Sidewalk
873.0,130.8147,3.8823,3.10669,0.0,0.06981,167.1853,0.9828,stand_12,303.8521,0.0,0.06981,0.0,0.06981,Sidewalk
873.5,130.8147,3.8823,3.10669,0.0,-0.0,167.1853,0.9828,stand_12,303.8312,0.0,-0.0,0.0,-0.0,Sidewalk
874.0,130.8147,3.8823,3.14159,0.0,0.06981,167.1853,0.9828,stand_12,303.8521,0.0,0.06981,0.0,0.06981,Sidewalk
874.5,130.8147,3.8823,3.14159,0.0,-0.0,167.1853,0.9828,stand_12,303.8312,0.0,-0.0,0.0,-0.0,Sidewalk
875.0,130.8147,3.8823,-3.10669,0.0,0.06981,167.1853,0.9828,stand_12,303.8521,0.0,0.06981,0.0,0.06981,Sidewalk
875.5,130.8147,3.8823,-3.10669,0.0,-0.0,167.1853,0.9828,stand_12,303.8312,0.0,-0.0,0.0,-0.0,Sidewalk
876.0,130.8147,3.8823,-3.07178,0.0,0.06981,167.1853,0.9828,stand_12,303.8521,0.0,0.06981,0.0,0.06981,Sidewalk
876.5,130.8147,3.8823,-3.07178,0.0,-0.0,167.1853,0.9828,stand_12,303.8312,0.0,-0.0,0.0,-0.0,Sidewalk
877.0,130.8147,3.8823,-3.03687,0.0,0.06981,167.1853,0.9828,stand_12,303.8521,0.0,0.06981,0.0,0.06981,Sidewalk
877.5,130.8147,3.8823,-3.03687,0.0,-0.0,167.1853,0.9828,stand_12,303.8312,0.0,-0.0,0.0,-0.0,Sidewalk
878.0,130.8147,3.8823,-3.00197,0.0,0.06981,167.1853,0.9828,stand_12,303.8521,0.0,0.06981,0.0,0.06981,Sidewalk
878.5,130.8147,3.8823,-3.00197,0.0,-0.0,167.1853,0.9828,stand_12,303.8312,0.0,-0.0,0.0,-0.0,Sidewalk
879.0,130.8147,3.8823,-2.96706,0.0,0.06981,167.1853,0.9828,stand_12,303.8521,0.0,0.06981,0.0,0.06981,Sidewalk
879.5,130.8147,3.8823,-2.96706,0.0,-0.0,167.1853,0.9828,stand_12,303.8312,0.0,-0.0,0.0,-0.0,Sidewalk
880.0,130.8147,3.8823,-2.93215,0.0,0.06981,167.1853,0.9828,stand_12,303.8521,0.0,0.06981,0.0,0.06981,Sidewalk
880.5,130.8147,3.8823,-2.93215,0.0,-0.0,167.1853,0.9828,stand_12,303.8311,0.0,-0.0,0.0,-0.0,Sidewalk
881.0,130.8147,3.8823,-2.89725,0.0,0.06981,167.1853,0.9828,stand_12,303.8521,0.0,0.06981,0.0,0.06981,Sidewalk
881.5,130.8147,3.8823,-2.89725,0.0,-0.0,167.1853,0.9828,stand_12,303.8311,0.0,-0.0,0.0,-0.0,Sidewalk
882.0,130.8147,3.8823,-2.86234,0.0,0.06981,167.1853,0.9828,stand_12,303.8521,0.0,0.06981,0.0,0.06981,Sidewalk
882.5,130.8147,3.8823,-2.86234,0.0,-0.0,167.1853,0.9828,stand_12,303.8311,0.0,-0.0,0.0,-0.0,Sidewalk
883.0,130.8147,3.8823,-2.82743,0.0,0.06981,167.1853,0.9828,stand_12,303.8521,0.0,0.06981,0.0,0.06981,Sidewalk
883.5,130.8147,3.8823,-2.82743,0.0,-0.0,167.1853,0.9828,stand_12,303.8311,0.0,-0.0,0.0,-0.0,Sidewalk
884.0,130.8147,3.8823,-2.79253,0.0,0.06981,167.1853,0.9828,stand_12,303.8521,0.0,0.06981,0.0,0.06981,Sidewalk
884.5,130.8147,3.8823,-2.79253,0.0,-0.0,167.1853,0.9828,stand_12,303.8311,0.0,-0.0,0.0,-0.0,Sidewalk
885.0,130.8147,3.8823,-2.75762,0.0,0.06981,167.1853,0.9828,stand_12,303.8521,0.0,0.06981,0.0,0.06981,Sidewalk
885.5,130.8147,3.8823,-2.75762,0.0,-0.0,167.1853,0.9828,stand_12,303.8311,0.0,-0.0,0.0,-0.0,Sidewalk
886.0,130.8147,3.8823,-2.72271,0.0,0.06981,167.1853,0.9828,stand_12,303.8521,0.0,0.06981,0.0,0.06981,Sidewalk
886.5,130.8147,3.8823,-2.72271,0.0,-0.0,167.1853,0.9828,stand_12,303.8311,0.0,-0.0,0.0,-0.0,Sidewalk
887.0,130.8147,3.8823,-2.68781,0.0,0.06981,167.1853,0.9828,stand_12,303.852,0.0,0.06981,0.0,0.06981,Sidewalk
887.5,130.8147,3.8823,-2.68781,0.0,-0.0,167.1853,0.9828,stand_12,303.8311,0.0,-0.0,0.0,-0.0,Sidewalk
888.0,130.8147,3.8823,-2.6529,0.0,0.06981,167.1853,0.9828,stand_12,303.852,0.0,0.06981,0.0,0.06981,Sidewalk
888.5,130.8147,3.8823,-2.6529,0.0,-0.0,167.1853,0.9828,stand_12,303.8311,0.0,-0.0,0.0,-0.0,Sidewalk
889.0,130.8147,3.8823,-2.61799,0.0,0.06981,167.1853,0.9828,stand_12,303.852,0.0,0.06981,0.0,0.06981,Sidewalk
889.5,130.8147,3.8823,-2.61799,0.0,-0.0,167.1853,0.9828,stand_12,303.8311,0.0,-0.0,0.0,-0.0,Sidewalk
890.0,130.8147,3.8823,-2.58309,0.0,0.06981,167.1853,0.9828,stand_12,303.852,0.0,0.06981,0.0,0.06981,Sidewalk
890.5,130.8147,3.8823,-2.58309,0.0,-0.0,167.1853,0.9828,stand_12,303.8311,0.0,-0.0,0.0,-0.0,Sidewalk
891.0,130.8147,3.8823,-2.54818,0.0,0.06981,167.1853,0.9828,stand_12,303.852,0.0,0.06981,0.0,0.06981,Sidewalk
891.5,130.8147,3.8823,-2.54818,0.0,-0.0,167.1853,0.9828,stand_12,303.8311,0.0,-0.0,0.0,-0.0,Sidewalk
892.0,130.8147,3.8823,-2.51327,0.0,0.06981,167.1853,0.9828,stand_12,303.852,0.0,0.06981,0.0,0.06981,Sidewalk
892.5,130.8147,3.8823,-2.51327,0.0,-0.0,167.1853,0.9828,stand_12,303.8311,0.0,-0.0,0.0,-0.0,Sidewalk
893.0,130.8147,3.8823,-2.47837,0.0,0.06981,167.1853,0.9828,stand_12,303.852,0.0,0.06981,0.0,0.06981,Sidewalk
893.5,130.8147,3.8823,-2.47837,0.0,-0.0,167.1853,0.9828,stand_12,303.8311,0.0,-0.0,0.0,-0.0,Sidewalk
894.0,130.8147,3.8823,-2.44346,0.0,0.06981,167.1853,0.9828,stand_12,303.852,0.0,0.06981,0.0,0.06981,Sidewalk
894.5,130.8147,3.8823,-2.44346,0.0,-0.0,167.1853,0.9828,stand_12,303.831,0.0,-0.0,0.0,-0.0,Sidewalk
895.0,130.8147,3.8823,-2.40855,0.0,0.06981,167.1853,0.9828,stand_12,303.852,0.0,0.06981,0.0,0.06981,Sidewalk
895.5,130.8147,3.8823,-2.40855,0.0,-0.0,167.1853,0.9828,stand_12,303.831,0.0,-0.0,0.0,-0.0,Sidewalk
896.0,130.8147,3.8823,-2.37365,0.0,0.06981,167.1853,0.9828,stand_12,303.852,0.0,0.06981,0.0,0.06981,Sidewalk
896.5,130.8147,3.8823,-2.37365,0.0,-0.0,167.1853,0.9828,stand_12,303.831,0.0,-0.0,0.0,-0.0,Sidewalk
897.0,130.8147,3.8823,-2.33874,0.0,0.06981,167.1853,0.9828,stand_12,303.852,0.0,0.06981,0.0,0.06981,Sidewalk
897.5,130.8147,3.8823,-2.33874,0.0,-0.0,167.1853,0.9828,stand_12,303.831,0.0,-0.0,0.0,-0.0,Sidewalk
898.0,130.8147,3.8823,-2.30383,0.0,0.06981,167.1853,0.9828,stand_12,303.852,0.0,0.06981,0.0,0.06981,Sidewalk
898.5,130.8147,3.8823,-2.30383,0.0,-0.0,167.1853,0.9828,stand_12,303.831,0.0,-0.0,0.0,-0.0,Sidewalk
899.0,130.8147,3.8823,-2.26893,0.0,0.06981,167.1853,0.9828,stand_12,303.852,0.0,0.06981,0.0,0.06981,Sidewalk
899.5,130.8147,3.8823,-2.26893,0.0,-0.0,167.1853,0.9828,stand_12,303.831,0.0,-0.0,0.0,-0.0,Sidewalk
900.0,130.8147,3.8823,-2.23402,0.0,0.06981,167.1853,0.9828,stand_12,303.852,0.0,0.06981,0.0,0.06981,Sidewalk
900.5,130.8147,3.8823,-2.23402,0.0,-0.0,167.1853,0.9828,stand_12,303.831,0.0,-0.0,0.0,-0.0,Sidewalk
