time,x,y,yaw,v,w,goal_distance,min_person_dist,closest_person,total_cost,action_linear_x,action_angular_z,observation_state_linear_x,observation_state_angular_z,observation_state_road_type
0.5,2.1999,3.993,-0.03491,0.4,-0.06981,295.8001,2.8002,walk_east_mid.0,589.9746,0.4,-0.06981,0.4,-0.06981,Sidewalk
1.0,2.5778,3.9533,-0.10472,0.76,-0.13963,295.4222,2.9791,walk_east_mid.0,587.8656,0.76,-0.13963,0.76,-0.13963,Sidewalk
1.5,2.964,3.899,-0.13963,0.78,-0.06981,295.036,3.1005,walk_east_mid.0,586.7591,0.78,-0.06981,0.78,-0.06981,Sidewalk
2.0,3.3601,3.8434,-0.13963,0.8,-0.0,294.6399,3.223,walk_east_mid.0,585.5617,0.8,-0.0,0.8,-0.0,Sidewalk
2.5,3.754,3.7739,-0.17453,0.8,-0.06981,294.2461,3.3013,walk_east_mid.0,584.5696,0.8,-0.06981,0.8,-0.06981,Sidewalk
3.0,4.148,3.7044,-0.17453,0.8,-0.0,293.8522,3.4045,walk_east_mid.0,583.686,0.8,-0.0,0.8,-0.0,Sidewalk
3.5,4.5441,3.6488,-0.13963,0.8,0.06981,293.4561,3.5289,walk_east_mid.0,582.9018,0.8,0.06981,0.8,0.06981,Sidewalk
4.0,4.9402,3.5931,-0.13963,0.8,-0.0,293.0601,3.679,walk_east_mid.0,581.9316,0.8,-0.0,0.8,-0.0,Sidewalk
4.5,5.338,3.5513,-0.10472,0.8,0.06981,292.6624,3.7754,walk_east_mid.0,581.1436,0.8,0.06981,0.8,0.06981,Sidewalk
5.0,5.7358,3.5095,-0.10472,0.8,-0.0,292.2646,3.8822,walk_east_mid.0,580.2496,0.8,-0.0,0.8,-0.0,Sidewalk
5.5,6.1348,3.4816,-0.06981,0.8,0.06981,291.8656,3.9915,walk_east_mid.0,579.4594,0.8,0.06981,0.8,0.06981,Sidewalk
6.0,6.5338,3.4537,-0.06981,0.8,-0.0,291.4667,4.0852,walk_east_mid.0,578.5846,0.8,-0.0,0.8,-0.0,Sidewalk
6.5,6.9336,3.4397,-0.03491,0.8,0.06981,291.0669,4.2,walk_east_mid.0,577.8051,0.8,0.06981,0.8,0.06981,Sidewalk
7.0,7.3334,3.4257,-0.03491,0.8,-0.0,290.6672,4.3662,walk_east_mid.0,576.9146,0.8,-0.0,0.8,-0.0,Sidewalk
7.5,7.7334,3.4257,-0.0,0.8,0.06981,290.2672,4.5366,walk_east_mid.0,576.1417,0.8,0.06981,0.8,0.06981,Sidewalk
8.0,8.1334,3.4257,-0.0,0.8,-0.0,289.8672,4.6993,walk_east_mid.0,575.254,0.8,-0.0,0.8,-0.0,Sidewalk
8.5,8.5331,3.4118,-0.03491,0.8,-0.06981,289.4675,4.8091,walk_east_mid.0,574.5073,0.8,-0.06981,0.8,-0.06981,Sidewalk
9.0,8.9329,3.3978,-0.03491,0.8,-0.0,289.0678,4.9706,walk_east_mid.0,573.6205,0.8,-0.0,0.8,-0.0,Sidewalk
9.5,9.3329,3.3978,-0.0,0.8,0.06981,288.6678,5.1194,walk_east_mid.0,572.8572,0.8,0.06981,0.8,0.06981,Sidewalk
10.0,9.7329,3.3978,-0.0,0.8,-0.0,288.2678,5.2149,walk_east_mid.0,571.9917,0.8,-0.0,0.8,-0.0,Sidewalk
10.5,10.1326,3.4118,0.03491,0.8,0.06981,287.868,5.3297,walk_east_mid.0,571.2576,0.8,0.06981,0.8,0.06981,Sidewalk
11.0,10.5324,3.4257,0.03491,0.8,-0.0,287.4682,5.3985,walk_east_mid.0,570.3774,0.8,-0.0,0.8,-0.0,Sidewalk
11.5,10.9324,3.4257,-0.0,0.8,-0.06981,287.0682,5.4703,walk_east_mid.0,569.6245,0.8,-0.06981,0.8,-0.06981,Sidewalk
12.0,11.3324,3.4257,-0.0,0.8,-0.0,286.6682,5.5578,walk_east_mid.0,568.762,0.8,-0.0,0.8,-0.0,Sidewalk
12.5,11.7321,3.4397,0.03491,0.8,0.06981,286.2684,5.6858,walk_east_mid.0,568.0285,0.8,0.06981,0.8,0.06981,Sidewalk
13.0,12.1319,3.4537,0.03491,0.8,-0.0,285.8686,5.8356,walk_east_mid.0,567.1447,0.8,-0.0,0.8,-0.0,Sidewalk
13.5,12.5319,3.4537,-0.0,0.8,-0.06981,285.4686,5.9749,walk_east_mid.0,566.3922,0.8,-0.06981,0.8,-0.06981,Sidewalk
14.0,12.9319,3.4537,-0.0,0.8,-0.0,285.0686,6.1096,walk_east_mid.0,565.5266,0.8,-0.0,0.8,-0.0,Sidewalk
14.5,13.3316,3.4676,0.03491,0.8,0.06981,284.6689,6.2461,walk_east_mid.0,564.7951,0.8,0.06981,0.8,0.06981,Sidewalk
15.0,13.7314,3.4816,0.03491,0.8,-0.0,284.2691,6.3365,walk_east_mid.0,563.9171,0.8,-0.0,0.8,-0.0,Sidewalk
15.5,14.1314,3.4816,-0.0,0.8,-0.06981,283.8691,6.4035,walk_east_mid.0,563.1712,0.8,-0.06981,0.8,-0.06981,Sidewalk
16.0,14.5314,3.4816,-0.0,0.8,-0.0,283.4691,6.5436,walk_east_mid.0,562.306,0.8,-0.0,0.8,-0.0,Sidewalk
16.5,14.9312,3.4955,0.03491,0.8,0.06981,283.0693,6.6528,walk_east_mid.0,561.5771,0.8,0.06981,0.8,0.06981,Sidewalk
17.0,15.3309,3.5095,0.03491,0.8,-0.0,282.6695,6.7636,walk_east_mid.0,560.699,0.8,-0.0,0.8,-0.0,Sidewalk
17.5,15.7309,3.5095,-0.0,0.8,-0.06981,282.2695,6.9096,walk_east_mid.0,559.9518,0.8,-0.06981,0.8,-0.06981,Sidewalk
18.0,16.1309,3.5095,-0.0,0.8,-0.0,281.8695,6.9831,walk_east_up.0,559.0879,0.8,-0.0,0.8,-0.0,Sidewalk
18.5,16.5307,3.5235,0.03491,0.8,0.06981,281.4697,7.0551,walk_east_up.0,558.3633,0.8,0.06981,0.8,0.06981,Sidewalk
19.0,16.9304,3.5374,0.03491,0.8,-0.0,281.07,7.1432,walk_east_up.0,557.4852,0.8,-0.0,0.8,-0.0,Sidewalk
19.5,17.3304,3.5374,-0.0,0.8,-0.06981,280.67,7.258,walk_east_up.0,556.7386,0.8,-0.06981,0.8,-0.06981,Sidewalk
20.0,17.7304,3.5374,-0.0,0.8,-0.0,280.27,7.3871,walk_east_up.0,555.8759,0.8,-0.0,0.8,-0.0,Sidewalk
20.5,18.1302,3.5514,0.03491,0.8,0.06981,279.8702,7.5032,walk_east_up.0,555.1503,0.8,0.06981,0.8,0.06981,Sidewalk
21.0,18.5299,3.5653,0.03491,0.8,-0.0,279.4704,7.6577,walk_east_up.0,554.2711,0.8,-0.0,0.8,-0.0,Sidewalk
21.5,18.9299,3.5653,-0.0,0.8,-0.06981,279.0704,7.7345,walk_east_up.0,553.5266,0.8,-0.06981,0.8,-0.06981,Sidewalk
22.0,19.3299,3.5653,-0.0,0.8,-0.0,278.6704,7.8215,walk_east_up.0,552.6651,0.8,-0.0,0.8,-0.0,Sidewalk
22.5,19.7297,3.5793,0.03491,0.8,0.06981,278.2706,7.9797,walk_east_up.0,551.9391,0.8,0.06981,0.8,0.06981,Sidewalk
23.0,20.1295,3.5933,0.03491,0.8,-0.0,277.8708,8.0788,walk_east_up.0,551.0617,0.8,-0.0,0.8,-0.0,Sidewalk
23.5,20.5295,3.5933,-0.0,0.8,-0.06981,277.4708,8.1521,walk_east_up.0,550.3178,0.8,-0.06981,0.8,-0.06981,Sidewalk
24.0,20.9295,3.5933,-0.0,0.8,-0.0,277.0708,8.2061,walk_east_mid.1,549.4569,0.8,-0.0,0.8,-0.0,Sidewalk
24.5,21.3292,3.6072,0.03491,0.8,0.06981,276.6711,8.1009,walk_east_mid.1,548.7325,0.8,0.06981,0.8,0.06981,Sidewalk
25.0,21.729,3.6212,0.03491,0.8,-0.0,276.2713,7.936,walk_east_mid.1,547.8547,0.8,-0.0,0.8,-0.0,Sidewalk
25.5,22.129,3.6212,-0.0,0.8,-0.06981,275.8713,7.835,walk_east_mid.1,547.1096,0.8,-0.06981,0.8,-0.06981,Sidewalk
26.0,22.529,3.6212,-0.0,0.8,-0.0,275.4713,7.6996,walk_east_mid.1,546.2485,0.8,-0.0,0.8,-0.0,Sidewalk
26.5,22.9287,3.6351,0.03491,0.8,0.06981,275.0715,7.5233,walk_east_mid.1,545.5238,0.8,0.06981,0.8,0.06981,Sidewalk
27.0,23.3285,3.6491,0.03491,0.8,-0.0,274.6717,7.371,walk_east_mid.1,544.6462,0.8,-0.0,0.8,-0.0,Sidewalk
27.5,23.7285,3.6491,-0.0,0.8,-0.06981,274.2717,7.3004,walk_east_mid.1,543.9021,0.8,-0.06981,0.8,-0.06981,Sidewalk
28.0,24.1285,3.6491,-0.0,0.8,-0.0,273.8717,7.145,walk_east_mid.1,543.0399,0.8,-0.0,0.8,-0.0,Sidewalk
28.5,24.5282,3.6631,0.03491,0.8,0.06981,273.472,7.0662,walk_east_mid.1,542.3165,0.8,0.06981,0.8,0.06981,Sidewalk
29.0,24.928,3.677,0.03491,0.8,-0.0,273.0722,6.9151,walk_east_mid.1,541.4416,0.8,-0.0,0.8,-0.0,Sidewalk
29.5,25.328,3.677,-0.0,0.8,-0.06981,272.6722,6.741,walk_east_mid.1,540.7028,0.8,-0.06981,0.8,-0.06981,Sidewalk
30.0,25.728,3.677,-0.0,0.8,-0.0,272.2722,6.6335,walk_east_mid.1,539.8438,0.8,-0.0,0.8,-0.0,Sidewalk
30.5,26.1277,3.691,0.03491,0.8,0.06981,271.8724,6.5568,walk_east_mid.1,539.1233,0.8,0.06981,0.8,0.06981,Sidewalk
31.0,26.5275,3.7049,0.03491,0.8,-0.0,271.4727,6.4515,walk_east_mid.1,538.2492,0.8,-0.0,0.8,-0.0,Sidewalk
31.5,26.9275,3.7049,-0.0,0.8,-0.06981,271.0727,6.3059,walk_east_mid.1,537.5099,0.8,-0.06981,0.8,-0.06981,Sidewalk
32.0,27.3275,3.7049,-0.0,0.8,-0.0,270.6727,6.1544,walk_east_mid.1,536.6522,0.8,-0.0,0.8,-0.0,Sidewalk
32.5,27.7273,3.7189,0.03491,0.8,0.06981,270.2729,6.0745,walk_east_mid.1,535.9323,0.8,0.06981,0.8,0.06981,Sidewalk
33.0,28.127,3.7329,0.03491,0.8,-0.0,269.8731,5.989,walk_east_mid.1,535.0579,0.8,-0.0,0.8,-0.0,Sidewalk
33.5,28.527,3.7329,-0.0,0.8,-0.06981,269.4731,5.8269,walk_east_mid.1,534.3191,0.8,-0.06981,0.8,-0.06981,Sidewalk
34.0,28.927,3.7329,-0.0,0.8,-0.0,269.0731,5.7394,walk_east_mid.1,533.4608,0.8,-0.0,0.8,-0.0,Sidewalk
34.5,29.3268,3.7468,0.03491,0.8,0.06981,268.6733,5.6674,walk_east_mid.1,532.7413,0.8,0.06981,0.8,0.06981,Sidewalk
35.0,29.7265,3.7608,0.03491,0.8,-0.0,268.2736,5.5388,walk_east_mid.1,531.8679,0.8,-0.0,0.8,-0.0,Sidewalk
35.5,30.1265,3.7608,-0.0,0.8,-0.06981,267.8736,5.4226,walk_east_mid.1,531.1283,0.8,-0.06981,0.8,-0.06981,Sidewalk
36.0,30.5265,3.7608,-0.0,0.8,-0.0,267.4736,5.3447,walk_east_mid.1,530.2702,0.8,-0.0,0.8,-0.0,Sidewalk
36.5,30.9263,3.7747,0.03491,0.8,0.06981,267.0738,5.2198,walk_east_mid.1,529.5527,0.8,0.06981,0.8,0.06981,Sidewalk
37.0,31.326,3.7887,0.03491,0.8,-0.0,266.674,5.0629,walk_east_mid.1,528.6805,0.8,-0.0,0.8,-0.0,Sidewalk
37.5,31.726,3.7887,-0.0,0.8,-0.06981,266.274,4.9358,walk_east_mid.1,527.9414,0.8,-0.06981,0.8,-0.06981,Sidewalk
38.0,32.126,3.7887,-0.0,0.8,-0.0,265.874,4.7681,walk_east_mid.1,527.0868,0.8,-0.0,0.8,-0.0,Sidewalk
38.5,32.5258,3.8027,0.03491,0.8,0.06981,265.4743,4.6875,walk_east_mid.1,526.3691,0.8,0.06981,0.8,0.06981,Sidewalk
39.0,32.9256,3.8166,0.03491,0.8,-0.0,265.0745,4.5944,walk_east_mid.1,525.4955,0.8,-0.0,0.8,-0.0,Sidewalk
39.5,33.3256,3.8166,-0.0,0.8,-0.06981,264.6745,4.5186,walk_east_mid.1,524.7552,0.8,-0.06981,0.8,-0.06981,Sidewalk
40.0,33.7256,3.8166,-0.0,0.8,-0.0,264.2745,4.4354,walk_east_mid.1,523.8987,0.8,-0.0,0.8,-0.0,Sidewalk
40.5,34.1253,3.8306,0.03491,0.8,0.06981,263.8747,4.3146,walk_east_mid.1,523.1834,0.8,0.06981,0.8,0.06981,Sidewalk
41.0,34.5251,3.8445,0.03491,0.8,-0.0,263.475,4.1683,walk_east_mid.1,522.3124,0.8,-0.0,0.8,-0.0,Sidewalk
41.5,34.9251,3.8445,-0.0,0.8,-0.06981,263.075,4.1026,walk_east_mid.1,521.5719,0.8,-0.06981,0.8,-0.06981,Sidewalk
42.0,35.3251,3.8445,-0.0,0.8,-0.0,262.675,3.9402,walk_east_mid.1,520.7202,0.8,-0.0,0.8,-0.0,Sidewalk
42.5,35.7248,3.8585,0.03491,0.8,0.06981,262.2752,3.8355,walk_east_mid.1,520.0058,0.8,0.06981,0.8,0.06981,Sidewalk
43.0,36.1246,3.8725,0.03491,0.8,-0.0,261.8755,3.7407,walk_east_mid.1,519.1336,0.8,-0.0,0.8,-0.0,Sidewalk
43.5,36.5246,3.8725,-0.0,0.8,-0.06981,261.4755,3.6344,walk_east_mid.1,518.3958,0.8,-0.06981,0.8,-0.06981,Sidewalk
44.0,36.9246,3.8725,-0.0,0.8,-0.0,261.0755,3.5643,walk_east_mid.1,517.541,0.8,-0.0,0.8,-0.0,Sidewalk
44.5,37.3243,3.8864,0.03491,0.8,0.06981,260.6757,3.399,walk_east_mid.1,516.8323,0.8,0.06981,0.8,0.06981,Sidewalk
45.0,37.7241,3.9004,0.03491,0.8,-0.0,260.2759,3.3157,walk_east_mid.1,515.9606,0.8,-0.0,0.8,-0.0,Sidewalk
45.5,38.1241,3.9004,-0.0,0.8,-0.06981,259.8759,3.1783,walk_east_mid.1,515.2268,0.8,-0.06981,0.8,-0.06981,Sidewalk
46.0,38.5241,3.9004,-0.0,0.8,-0.0,259.4759,3.0031,walk_east_mid.1,514.3826,0.8,-0.0,0.8,-0.0,Sidewalk
46.5,38.9238,3.9143,0.03491,0.8,0.06981,259.0762,2.9312,walk_east_mid.1,513.6704,0.8,0.06981,0.8,0.06981,Sidewalk
47.0,39.3236,3.9283,0.03491,0.8,-0.0,258.6764,2.7651,walk_east_mid.1,512.8095,0.8,-0.0,0.8,-0.0,Sidewalk
47.5,39.7236,3.9283,-0.0,0.8,-0.06981,258.2764,2.6105,walk_east_mid.1,512.0829,0.8,-0.06981,0.8,-0.06981,Sidewalk
48.0,40.1236,3.9283,-0.0,0.8,-0.0,257.8764,2.473,walk_east_mid.1,511.2424,0.8,-0.0,0.8,-0.0,Sidewalk
48.5,40.5234,3.9423,0.03491,0.8,0.06981,257.4766,2.316,walk_east_mid.1,510.5477,0.8,0.06981,0.8,0.06981,Sidewalk
49.0,40.9231,3.9562,0.03491,0.8,-0.0,257.0769,2.2025,walk_east_mid.1,509.6896,0.8,-0.0,0.8,-0.0,Sidewalk
49.5,41.3231,3.9562,-0.0,0.8,-0.06981,256.6769,2.0965,walk_east_mid.1,508.9657,0.8,-0.06981,0.8,-0.06981,Sidewalk
50.0,41.7231,3.9562,-0.0,0.8,-0.0,256.2769,1.9709,walk_east_mid.1,508.1358,0.8,-0.0,0.8,-0.0,Sidewalk
50.5,42.1229,3.9702,0.03491,0.8,0.06981,255.8771,1.8612,walk_east_mid.1,507.4464,0.8,0.06981,0.8,0.06981,Sidewalk
51.0,42.5226,3.9841,0.03491,0.8,-0.0,255.4774,1.7243,walk_east_mid.1,506.6108,0.8,-0.0,0.8,-0.0,Sidewalk
51.5,42.9226,3.9841,-0.0,0.8,-0.06981,255.0774,1.583,walk_east_mid.1,505.9199,0.8,-0.06981,0.8,-0.06981,Sidewalk
52.0,43.3226,3.9841,-0.0,0.8,-0.0,254.6774,1.5026,walk_east_mid.1,505.0989,0.8,-0.0,0.8,-0.0,Sidewalk
52.5,43.7224,3.9981,0.03491,0.8,0.06981,254.2776,1.3571,walk_east_mid.1,504.4639,0.8,0.06981,0.8,0.06981,Sidewalk
53.0,44.1221,4.0121,0.03491,0.8,-0.0,253.8779,1.4052,walk_east_mid.1,503.5557,0.8,-0.0,0.8,-0.0,Sidewalk
53.5,44.5221,4.0121,-0.0,0.8,-0.06981,253.4779,1.4162,walk_east_mid.1,502.8039,0.8,-0.06981,0.8,-0.06981,Sidewalk
54.0,44.9221,4.0121,-0.0,0.8,-0.0,253.0779,1.35,walk_east_mid.1,501.9873,0.8,-0.0,0.8,-0.0,Sidewalk
54.5,45.3219,3.9981,-0.03491,0.8,-0.06981,252.6781,1.3526,walk_east_mid.1,501.2679,0.8,-0.06981,0.8,-0.06981,Sidewalk
55.0,45.7217,3.9841,-0.03491,0.8,-0.0,252.2783,1.3321,walk_east_mid.1,500.4035,0.8,-0.0,0.8,-0.0,Sidewalk
55.5,46.1217,3.9841,-0.0,0.8,0.06981,251.8783,1.4003,walk_east_mid.1,499.6142,0.8,0.06981,0.8,0.06981,Sidewalk
56.0,46.5217,3.9841,-0.0,0.8,-0.0,251.4783,1.4093,walk_east_mid.1,498.7512,0.8,-0.0,0.8,-0.0,Sidewalk
56.5,46.9214,3.9702,-0.03491,0.8,-0.06981,251.0786,1.3059,walk_east_mid.1,498.1017,0.8,-0.06981,0.8,-0.06981,Sidewalk
57.0,47.3212,3.9562,-0.03491,0.8,-0.0,250.6788,1.3921,walk_east_mid.1,497.1657,0.8,-0.0,0.8,-0.0,Sidewalk
57.5,47.7212,3.9562,-0.0,0.8,0.06981,250.2788,1.3754,walk_east_mid.1,496.4303,0.8,0.06981,0.8,0.06981,Sidewalk
58.0,48.1212,3.9562,-0.0,0.8,-0.0,249.8788,1.3883,walk_east_mid.1,495.5648,0.8,-0.0,0.8,-0.0,Sidewalk
58.5,48.5209,3.9702,0.03491,0.8,0.06981,249.4791,1.3559,walk_east_mid.1,494.8674,0.8,0.06981,0.8,0.06981,Sidewalk
59.0,48.9207,3.9841,0.03491,0.8,-0.0,249.0793,1.3009,walk_east_mid.1,494.0276,0.8,-0.0,0.8,-0.0,Sidewalk
59.5,49.3207,3.9841,-0.0,0.8,-0.06981,248.6793,1.1457,walk_east_mid.1,493.4213,0.8,-0.06981,0.8,-0.06981,Sidewalk
60.0,49.7207,3.9841,-0.0,0.8,-0.0,248.2793,1.0252,walk_east_mid.1,492.7183,0.8,-0.0,0.8,-0.0,Sidewalk
60.5,50.1204,3.9702,-0.03491,0.8,-0.06981,247.8796,0.9413,walk_east_mid.1,492.1497,0.8,-0.06981,0.8,-0.06981,Sidewalk
61.0,50.5202,3.9562,-0.03491,0.8,-0.0,247.4798,0.8204,walk_east_mid.1,491.5899,0.8,-0.0,0.8,-0.0,Sidewalk
61.5,50.9202,3.9562,-0.0,0.8,0.06981,247.0798,0.6778,walk_east_mid.1,491.5771,0.8,0.06981,0.8,0.06981,Sidewalk
62.0,51.3202,3.9562,-0.0,0.8,-0.0,246.6798,0.7367,walk_east_mid.1,490.3417,0.8,-0.0,0.8,-0.0,Sidewalk
62.5,51.7199,3.9423,-0.03491,0.8,-0.06981,246.2801,0.6864,walk_east_mid.1,489.9378,0.8,-0.06981,0.8,-0.06981,Sidewalk
63.0,52.1197,3.9283,-0.03491,0.8,-0.0,245.8803,0.6542,walk_east_mid.1,489.3245,0.8,-0.0,0.8,-0.0,Sidewalk
63.5,52.5197,3.9283,-0.0,0.8,0.06981,245.4803,0.6569,walk_east_mid.1,488.5531,0.8,0.06981,0.8,0.06981,Sidewalk
64.0,52.9197,3.9283,-0.0,0.8,-0.0,245.0803,0.5925,walk_east_mid.1,488.478,0.8,-0.0,0.8,-0.0,Sidewalk
64.5,53.3195,3.9143,-0.03491,0.8,-0.06981,244.6806,0.7322,walk_east_mid.1,486.4503,0.8,-0.06981,0.8,-0.06981,Sidewalk
65.0,53.7192,3.9004,-0.03491,0.8,-0.0,244.2808,0.6212,walk_east_mid.1,486.4781,0.8,-0.0,0.8,-0.0,Sidewalk
65.5,54.1192,3.9004,-0.0,0.8,0.06981,243.8808,0.6507,walk_east_mid.1,485.4118,0.8,0.06981,0.8,0.06981,Sidewalk
66.0,54.5192,3.9004,-0.0,0.8,-0.0,243.4808,0.7145,walk_east_mid.1,484.0697,0.8,-0.0,0.8,-0.0,Sidewalk
66.5,54.919,3.8864,-0.03491,0.8,-0.06981,243.0811,0.7532,walk_east_mid.1,483.1447,0.8,-0.06981,0.8,-0.06981,Sidewalk
67.0,55.3187,3.8725,-0.03491,0.8,-0.0,242.6813,0.6209,walk_east_mid.1,483.2827,0.8,-0.0,0.8,-0.0,Sidewalk
67.5,55.7187,3.8725,-0.0,0.8,0.06981,242.2813,0.7609,walk_east_mid.1,481.4824,0.8,0.06981,0.8,0.06981,Sidewalk
68.0,56.1187,3.8725,-0.0,0.8,-0.0,241.8813,0.7145,walk_east_mid.1,480.871,0.8,-0.0,0.8,-0.0,Sidewalk
68.5,56.5185,3.8585,-0.03491,0.8,-0.06981,241.4816,0.6605,walk_east_mid.1,480.5506,0.8,-0.06981,0.8,-0.06981,Sidewalk
69.0,56.9182,3.8445,-0.03491,0.8,-0.0,241.0818,0.6618,walk_east_mid.1,479.6601,0.8,-0.0,0.8,-0.0,Sidewalk
69.5,57.3182,3.8445,-0.0,0.8,0.06981,240.6818,0.6726,walk_east_mid.1,478.822,0.8,0.06981,0.8,0.06981,Sidewalk
70.0,57.7182,3.8445,-0.0,0.8,-0.0,240.2818,0.7517,walk_east_mid.1,477.4702,0.8,-0.0,0.8,-0.0,Sidewalk
70.5,58.118,3.8306,-0.03491,0.8,-0.06981,239.8821,0.6678,walk_east_mid.1,477.2895,0.8,-0.06981,0.8,-0.06981,Sidewalk
71.0,58.5178,3.8166,-0.03491,0.8,-0.0,239.4823,0.678,walk_east_mid.1,476.3279,0.8,-0.0,0.8,-0.0,Sidewalk
71.5,58.9178,3.8166,-0.0,0.8,0.06981,239.0823,0.7358,walk_east_mid.1,475.2084,0.8,0.06981,0.8,0.06981,Sidewalk
72.0,59.3178,3.8166,-0.0,0.8,-0.0,238.6823,0.7581,walk_east_mid.1,474.2412,0.8,-0.0,0.8,-0.0,Sidewalk
72.5,59.7175,3.8027,-0.03491,0.8,-0.06981,238.2826,0.7079,walk_east_mid.1,473.7992,0.8,-0.06981,0.8,-0.06981,Sidewalk
73.0,60.1173,3.7887,-0.03491,0.8,-0.0,237.8828,0.7727,walk_east_mid.1,472.5806,0.8,-0.0,0.8,-0.0,Sidewalk
73.5,60.5173,3.7887,-0.0,0.8,0.06981,237.4828,0.6907,walk_east_mid.1,472.2869,0.8,0.06981,0.8,0.06981,Sidewalk
74.0,60.9173,3.7887,-0.0,0.8,-0.0,237.0828,0.7961,walk_east_mid.1,470.8818,0.8,-0.0,0.8,-0.0,Sidewalk
74.5,61.317,3.7747,-0.03491,0.8,-0.06981,236.6831,0.779,walk_east_mid.1,470.2355,0.8,-0.06981,0.8,-0.06981,Sidewalk
75.0,61.7168,3.7608,-0.03491,0.8,-0.0,236.2833,0.8489,walk_east_mid.1,469.1089,0.8,-0.0,0.8,-0.0,Sidewalk
75.5,62.1168,3.7608,-0.0,0.8,0.06981,235.8833,0.7607,walk_east_mid.1,468.6876,0.8,0.06981,0.8,0.06981,Sidewalk
76.0,62.5168,3.7608,-0.0,0.8,-0.0,235.4833,0.674,walk_east_mid.1,468.3578,0.8,-0.0,0.8,-0.0,Sidewalk
76.5,62.9165,3.7468,-0.03491,0.8,-0.06981,235.0836,0.7382,walk_east_mid.1,467.2281,0.8,-0.06981,0.8,-0.06981,Sidewalk
77.0,63.3163,3.7329,-0.03491,0.8,-0.0,234.6839,0.7395,walk_east_mid.1,466.3411,0.8,-0.0,0.8,-0.0,Sidewalk
77.5,63.7163,3.7329,-0.0,0.8,0.06981,234.2839,0.7637,walk_east_mid.1,465.475,0.8,0.06981,0.8,0.06981,Sidewalk
78.0,64.1163,3.7329,-0.0,0.8,-0.0,233.8839,0.8463,walk_east_mid.1,464.3142,0.8,-0.0,0.8,-0.0,Sidewalk
78.5,64.516,3.7189,-0.03491,0.8,-0.06981,233.4841,0.7272,walk_east_mid.1,464.0896,0.8,-0.06981,0.8,-0.06981,Sidewalk
79.0,64.9158,3.7049,-0.03491,0.8,-0.0,233.0844,0.7316,walk_east_mid.1,463.1847,0.8,-0.0,0.8,-0.0,Sidewalk
79.5,65.3158,3.7049,-0.0,0.8,0.06981,232.6844,0.7287,walk_east_mid.1,462.4521,0.8,0.06981,0.8,0.06981,Sidewalk
80.0,65.7158,3.7049,-0.0,0.8,-0.0,232.2844,0.7837,walk_east_mid.1,461.3353,0.8,-0.0,0.8,-0.0,Sidewalk
80.5,66.1156,3.691,-0.03491,0.8,-0.06981,231.8846,0.7641,walk_east_mid.1,460.7059,0.8,-0.06981,0.8,-0.06981,Sidewalk
81.0,66.5153,3.677,-0.03491,0.8,-0.0,231.4849,0.8154,walk_east_mid.1,459.6213,0.8,-0.0,0.8,-0.0,Sidewalk
81.5,66.9153,3.677,-0.0,0.8,0.06981,231.0849,0.8549,walk_east_mid.1,458.7469,0.8,0.06981,0.8,0.06981,Sidewalk
82.0,67.3153,3.677,-0.0,0.8,-0.0,230.6849,0.8466,walk_east_mid.1,457.9165,0.8,-0.0,0.8,-0.0,Sidewalk
82.5,67.7151,3.6631,-0.03491,0.8,-0.06981,230.2852,0.7765,walk_east_mid.1,457.4535,0.8,-0.06981,0.8,-0.06981,Sidewalk
83.0,68.1148,3.6491,-0.03491,0.8,-0.0,229.8854,0.7114,walk_east_mid.1,456.9055,0.8,-0.0,0.8,-0.0,Sidewalk
83.5,68.5139,3.6212,-0.06981,0.8,-0.06981,229.4865,0.7388,walk_east_mid.1,456.0658,0.8,-0.06981,0.8,-0.06981,Sidewalk
84.0,68.9129,3.5933,-0.06981,0.8,-0.0,229.0875,0.8857,walk_east_mid.1,454.6301,0.8,-0.0,0.8,-0.0,Sidewalk
84.5,69.3126,3.5793,-0.03491,0.8,0.06981,228.6877,0.8069,walk_east_mid.1,454.0927,0.8,0.06981,0.8,0.06981,Sidewalk
85.0,69.7124,3.5654,-0.03491,0.8,-0.0,228.288,0.8812,walk_east_mid.1,453.0332,0.8,-0.0,0.8,-0.0,Sidewalk
85.5,70.1124,3.5654,-0.0,0.8,0.06981,227.888,0.9037,walk_east_mid.1,452.2267,0.8,0.06981,0.8,0.06981,Sidewalk
86.0,70.5124,3.5654,-0.0,0.8,-0.0,227.488,0.8424,walk_east_mid.1,451.538,0.8,-0.0,0.8,-0.0,Sidewalk
86.5,70.9122,3.5514,-0.03491,0.8,-0.06981,227.0883,0.809,walk_east_mid.1,450.9372,0.8,-0.06981,0.8,-0.06981,Sidewalk
87.0,71.3119,3.5375,-0.03491,0.8,-0.0,226.6886,0.7757,walk_east_mid.1,450.1851,0.8,-0.0,0.8,-0.0,Sidewalk
87.5,71.7119,3.5375,-0.0,0.8,0.06981,226.2886,0.8251,walk_east_mid.1,449.2486,0.8,0.06981,0.8,0.06981,Sidewalk
88.0,72.1119,3.5375,-0.0,0.8,-0.0,225.8886,0.7766,walk_east_mid.1,448.5769,0.8,-0.0,0.8,-0.0,Sidewalk
88.5,72.5117,3.5235,-0.03491,0.8,-0.06981,225.4888,0.9054,walk_east_mid.1,447.4596,0.8,-0.06981,0.8,-0.06981,Sidewalk
89.0,72.9114,3.5095,-0.03491,0.8,-0.0,225.0891,0.8475,walk_east_mid.1,446.7308,0.8,-0.0,0.8,-0.0,Sidewalk
89.5,73.3114,3.5095,-0.0,0.8,0.06981,224.6891,0.8378,walk_east_mid.1,446.0093,0.8,0.06981,0.8,0.06981,Sidewalk
90.0,73.7114,3.5095,-0.0,0.8,-0.0,224.2891,0.7407,walk_east_dn.1,445.5466,0.8,-0.0,0.8,-0.0,Sidewalk
90.5,74.1112,3.5235,0.03491,0.8,0.06981,223.8893,0.5413,walk_east_dn.1,447.3071,0.8,0.06981,0.8,0.06981,Sidewalk
91.0,74.4428,3.7472,0.59341,0.8,1.11701,223.5574,0.5006,walk_east_dn.1,455.6843,0.8,1.11701,0.8,1.11701,Sidewalk
91.5,74.6531,3.9,0.62832,0.52,0.06981,223.3469,0.484,walk_east_mid.1,451.754,0.52,0.06981,0.52,0.06981,Sidewalk
92.0,75.0186,4.0627,0.41888,0.8,-0.41888,222.9815,0.4997,walk_east_mid.1,447.7809,0.8,-0.41888,0.8,-0.41888,Sidewalk
92.5,75.4031,4.173,0.27925,0.8,-0.27925,222.597,0.6676,walk_east_mid.1,442.9251,0.8,-0.27925,0.8,-0.27925,Sidewalk
93.0,75.797,4.2424,0.17453,0.8,-0.20944,222.2031,0.7307,walk_east_mid.1,441.6292,0.8,-0.20944,0.8,-0.20944,Sidewalk
93.5,76.165,4.2811,0.10472,0.74,-0.13963,221.8352,0.7352,walk_east_mid.1,441.2902,0.74,-0.13963,0.74,-0.13963,Sidewalk
94.0,76.565,4.2811,-0.0,0.8,-0.20944,221.4352,1.1175,walk_east_mid.1,440.7196,0.8,-0.20944,0.8,-0.20944,Sidewalk
94.5,76.865,4.2811,-0.0,0.6,-0.0,221.1352,0.9487,walk_east_mid.1,440.0531,0.6,-0.0,0.6,-0.0,Sidewalk
95.0,77.2647,4.2671,-0.03491,0.8,-0.06981,220.7354,1.2647,walk_east_mid.1,438.5793,0.8,-0.06981,0.8,-0.06981,Sidewalk
95.5,77.6145,4.2549,-0.03491,0.7,-0.0,220.3856,1.1176,walk_east_mid.1,437.9733,0.7,-0.0,0.7,-0.0,Sidewalk
96.0,77.9545,4.2549,-0.0,0.68,0.06981,220.0456,1.2631,walk_east_mid.1,437.3274,0.68,0.06981,0.68,0.06981,Sidewalk
96.5,78.3245,4.2549,-0.0,0.74,-0.0,219.6756,1.1535,walk_east_mid.1,436.1838,0.74,-0.0,0.74,-0.0,Sidewalk
97.0,78.7043,4.2682,0.03491,0.76,0.06981,219.2959,1.3348,walk_east_mid.1,435.2992,0.76,0.06981,0.76,0.06981,Sidewalk
97.5,79.104,4.2821,0.03491,0.8,-0.0,218.8962,1.2159,walk_east_mid.1,434.0741,0.8,-0.0,0.8,-0.0,Sidewalk
98.0,79.503,4.31,0.06981,0.8,0.06981,218.4972,1.3596,walk_east_mid.1,433.1953,0.8,0.06981,0.8,0.06981,Sidewalk
98.5,79.9021,4.3379,0.06981,0.8,-0.0,218.0982,1.2195,walk_east_mid.1,432.2072,0.8,-0.0,0.8,-0.0,Sidewalk
99.0,80.3018,4.3519,0.03491,0.8,-0.06981,217.6985,1.3956,walk_east_mid.1,431.241,0.8,-0.06981,0.8,-0.06981,Sidewalk
99.5,80.7016,4.3659,0.03491,0.8,-0.0,217.2987,1.2594,walk_east_mid.1,430.5038,0.8,-0.0,0.8,-0.0,Sidewalk
100.0,81.1016,4.3659,-0.0,0.8,-0.06981,216.8987,1.3856,walk_east_mid.1,429.6646,0.8,-0.06981,0.8,-0.06981,Sidewalk
100.5,81.5016,4.3659,-0.0,0.8,-0.0,216.4987,1.2303,walk_east_mid.1,428.9241,0.8,-0.0,0.8,-0.0,Sidewalk
101.0,81.9013,4.3519,-0.03491,0.8,-0.06981,216.0989,1.4201,walk_east_mid.1,428.0673,0.8,-0.06981,0.8,-0.06981,Sidewalk
101.5,82.3011,4.3379,-0.03491,0.8,-0.0,215.6992,1.2834,walk_east_mid.1,427.2829,0.8,-0.0,0.8,-0.0,Sidewalk
102.0,82.7011,4.3379,-0.0,0.8,0.06981,215.2992,1.3764,walk_east_mid.1,426.4773,0.8,0.06981,0.8,0.06981,Sidewalk
102.5,83.1011,4.3379,-0.0,0.8,-0.0,214.8992,1.2065,walk_east_mid.1,425.7457,0.8,-0.0,0.8,-0.0,Sidewalk
103.0,83.5009,4.324,-0.03491,0.8,-0.06981,214.4994,1.4166,walk_east_mid.1,424.87,0.8,-0.06981,0.8,-0.06981,Sidewalk
103.5,83.9006,4.31,-0.03491,0.8,-0.0,214.0996,1.3494,walk_east_mid.1,424.0361,0.8,-0.0,0.8,-0.0,Sidewalk
104.0,84.3006,4.31,-0.0,0.8,0.06981,213.6996,1.334,walk_east_mid.1,423.3054,0.8,0.06981,0.8,0.06981,Sidewalk
104.5,84.7006,4.31,-0.0,0.8,-0.0,213.2996,1.2038,walk_east_mid.1,422.5486,0.8,-0.0,0.8,-0.0,Sidewalk
105.0,85.1004,4.2961,-0.03491,0.8,-0.06981,212.8998,1.4254,walk_east_mid.1,421.6656,0.8,-0.06981,0.8,-0.06981,Sidewalk
105.5,85.5001,4.2821,-0.03491,0.8,-0.0,212.5001,1.267,walk_east_mid.1,420.8967,0.8,-0.0,0.8,-0.0,Sidewalk
106.0,85.9001,4.2821,-0.0,0.8,0.06981,212.1001,1.4373,walk_east_mid.1,420.0415,0.8,0.06981,0.8,0.06981,Sidewalk
106.5,86.3001,4.2821,-0.0,0.8,-0.0,211.7001,1.2648,walk_east_mid.1,419.2963,0.8,-0.0,0.8,-0.0,Sidewalk
107.0,86.6999,4.2681,-0.03491,0.8,-0.06981,211.3003,1.3712,walk_east_mid.1,418.4991,0.8,-0.06981,0.8,-0.06981,Sidewalk
107.5,87.0996,4.2542,-0.03491,0.8,-0.0,210.9005,1.2221,walk_east_mid.1,417.735,0.8,-0.0,0.8,-0.0,Sidewalk
108.0,87.4996,4.2542,-0.0,0.8,0.06981,210.5005,1.3429,walk_east_mid.1,416.8996,0.8,0.06981,0.8,0.06981,Sidewalk
108.5,87.8996,4.2542,-0.0,0.8,-0.0,210.1005,1.262,walk_east_mid.1,416.099,0.8,-0.0,0.8,-0.0,Sidewalk
109.0,88.2994,4.2402,-0.03491,0.8,-0.06981,209.7007,1.3485,walk_east_mid.1,415.3147,0.8,-0.06981,0.8,-0.06981,Sidewalk
109.5,88.6992,4.2263,-0.03491,0.8,-0.0,209.301,1.1968,walk_east_mid.1,414.5588,0.8,-0.0,0.8,-0.0,Sidewalk
110.0,89.0992,4.2263,-0.0,0.8,0.06981,208.901,1.3443,walk_east_mid.1,413.6989,0.8,0.06981,0.8,0.06981,Sidewalk
110.5,89.4992,4.2263,-0.0,0.8,-0.0,208.501,1.1778,walk_east_mid.1,412.9749,0.8,-0.0,0.8,-0.0,Sidewalk
111.0,89.8989,4.2123,-0.03491,0.8,-0.06981,208.1012,1.387,walk_east_mid.1,412.0909,0.8,-0.06981,0.8,-0.06981,Sidewalk
111.5,90.2987,4.1983,-0.03491,0.8,-0.0,207.7014,1.2372,walk_east_mid.1,411.3231,0.8,-0.0,0.8,-0.0,Sidewalk
112.0,90.6987,4.1983,-0.0,0.8,0.06981,207.3014,1.4079,walk_east_mid.1,410.4591,0.8,0.06981,0.8,0.06981,Sidewalk
112.5,91.0987,4.1983,-0.0,0.8,-0.0,206.9014,1.3278,walk_east_mid.1,409.6507,0.8,-0.0,0.8,-0.0,Sidewalk
113.0,91.4984,4.1844,-0.03491,0.8,-0.06981,206.5017,1.3775,walk_east_mid.1,408.8978,0.8,-0.06981,0.8,-0.06981,Sidewalk
113.5,91.8982,4.1704,-0.03491,0.8,-0.0,206.1019,1.2206,walk_east_mid.1,408.1383,0.8,-0.0,0.8,-0.0,Sidewalk
114.0,92.2982,4.1704,-0.0,0.8,0.06981,205.7019,1.375,walk_east_mid.1,407.2796,0.8,0.06981,0.8,0.06981,Sidewalk
114.5,92.6982,4.1704,-0.0,0.8,-0.0,205.3019,1.2683,walk_east_mid.1,406.4957,0.8,-0.0,0.8,-0.0,Sidewalk
115.0,93.0979,4.1565,-0.03491,0.8,-0.06981,204.9021,1.3519,walk_east_mid.1,405.7152,0.8,-0.06981,0.8,-0.06981,Sidewalk
115.5,93.4977,4.1425,-0.03491,0.8,-0.0,204.5024,1.2844,walk_east_mid.1,404.8863,0.8,-0.0,0.8,-0.0,Sidewalk
116.0,93.8977,4.1425,-0.0,0.8,0.06981,204.1024,1.3264,walk_east_mid.1,404.1123,0.8,0.06981,0.8,0.06981,Sidewalk
116.5,94.2977,4.1425,-0.0,0.8,-0.0,203.7024,1.1548,walk_east_mid.1,403.4002,0.8,-0.0,0.8,-0.0,Sidewalk
117.0,94.6974,4.1285,-0.03491,0.8,-0.06981,203.3026,1.3277,walk_east_mid.1,402.5328,0.8,-0.06981,0.8,-0.06981,Sidewalk
117.5,95.0972,4.1146,-0.03491,0.8,-0.0,202.9028,1.1523,walk_east_mid.1,401.8062,0.8,-0.0,0.8,-0.0,Sidewalk
118.0,95.4972,4.1146,-0.0,0.8,0.06981,202.5028,1.412,walk_east_mid.1,400.8579,0.8,0.06981,0.8,0.06981,Sidewalk
118.5,95.8972,4.1146,-0.0,0.8,-0.0,202.1028,1.2543,walk_east_mid.1,400.1083,0.8,-0.0,0.8,-0.0,Sidewalk
119.0,96.297,4.1006,-0.03491,0.8,-0.06981,201.7031,1.8816,walk_east_mid.2,399.0921,0.8,-0.06981,0.8,-0.06981,Sidewalk
119.5,96.6967,4.0867,-0.03491,0.8,-0.0,201.3033,inf,,397.8096,0.8,-0.0,0.8,-0.0,Sidewalk
120.0,97.0967,4.0867,-0.0,0.8,0.06981,200.9033,inf,,397.0656,0.8,0.06981,0.8,0.06981,Sidewalk
120.5,97.4967,4.0867,-0.0,0.8,-0.0,200.5033,inf,,396.2068,0.8,-0.0,0.8,-0.0,Sidewalk
121.0,97.8965,4.0727,-0.03491,0.8,-0.06981,200.1035,inf,,395.4883,0.8,-0.06981,0.8,-0.06981,Sidewalk
121.5,98.2962,4.0587,-0.03491,0.8,-0.0,199.7038,inf,,394.6105,0.8,-0.0,0.8,-0.0,Sidewalk
122.0,98.6962,4.0587,-0.0,0.8,0.06981,199.3038,inf,,393.8661,0.8,0.06981,0.8,0.06981,Sidewalk
122.5,99.0962,4.0587,-0.0,0.8,-0.0,198.9038,inf,,393.0077,0.8,-0.0,0.8,-0.0,Sidewalk
123.0,99.496,4.0448,-0.03491,0.8,-0.06981,198.504,inf,,392.2895,0.8,-0.06981,0.8,-0.06981,Sidewalk
123.5,99.8957,4.0308,-0.03491,0.8,-0.0,198.1043,12.1541,walk_south.3,391.4625,0.8,-0.0,0.8,-0.0,Sidewalk
124.0,100.2957,4.0308,-0.0,0.8,0.06981,197.7043,11.9403,walk_south.3,390.7188,0.8,0.06981,0.8,0.06981,Sidewalk
124.5,100.6957,4.0308,-0.0,0.8,-0.0,197.3043,11.7364,walk_south.3,389.8615,0.8,-0.0,0.8,-0.0,Sidewalk
125.0,101.0955,4.0169,-0.03491,0.8,-0.06981,196.9045,11.5922,walk_south.3,389.1444,0.8,-0.06981,0.8,-0.06981,Sidewalk
125.5,101.4953,4.0029,-0.03491,0.8,-0.0,196.5047,11.4022,walk_south.3,388.2671,0.8,-0.0,0.8,-0.0,Sidewalk
126.0,101.8953,4.0029,-0.0,0.8,0.06981,196.1047,11.2581,walk_south.3,387.5227,0.8,0.06981,0.8,0.06981,Sidewalk
126.5,102.2953,4.0029,-0.0,0.8,-0.0,195.7047,11.1074,walk_south.3,386.6655,0.8,-0.0,0.8,-0.0,Sidewalk
127.0,102.695,4.0169,0.03491,0.8,0.06981,195.305,10.9182,walk_south.3,385.9493,0.8,0.06981,0.8,0.06981,Sidewalk
127.5,103.0948,4.0308,0.03491,0.8,-0.0,194.9052,10.7847,walk_south.3,385.0714,0.8,-0.0,0.8,-0.0,Sidewalk
128.0,103.4948,4.0308,-0.0,0.8,-0.06981,194.5052,10.6729,walk_south.3,384.3265,0.8,-0.06981,0.8,-0.06981,Sidewalk
128.5,103.8948,4.0308,-0.0,0.8,-0.0,194.1052,10.4825,walk_south.3,383.47,0.8,-0.0,0.8,-0.0,Sidewalk
129.0,104.2945,4.0169,-0.03491,0.8,-0.06981,193.7055,10.2949,walk_south.3,382.7534,0.8,-0.06981,0.8,-0.06981,Sidewalk
129.5,104.6943,4.0029,-0.03491,0.8,-0.0,193.3057,10.1686,walk_south.3,381.8759,0.8,-0.0,0.8,-0.0,Sidewalk
130.0,105.0943,4.0029,-0.0,0.8,0.06981,192.9057,10.027,walk_south.3,381.1317,0.8,0.06981,0.8,0.06981,Sidewalk
130.5,105.4943,4.0029,-0.0,0.8,-0.0,192.5057,9.8657,walk_south.3,380.2748,0.8,-0.0,0.8,-0.0,Sidewalk
131.0,105.894,4.0169,0.03491,0.8,0.06981,192.106,9.7433,walk_south.3,379.5584,0.8,0.06981,0.8,0.06981,Sidewalk
131.5,106.2938,4.0308,0.03491,0.8,-0.0,191.7062,9.659,walk_south.3,378.6804,0.8,-0.0,0.8,-0.0,Sidewalk
132.0,106.6938,4.0308,-0.0,0.8,-0.06981,191.3062,9.5239,walk_south.3,377.9358,0.8,-0.06981,0.8,-0.06981,Sidewalk
132.5,107.0938,4.0308,-0.0,0.8,-0.0,190.9062,9.4111,walk_south.3,377.0837,0.8,-0.0,0.8,-0.0,Sidewalk
133.0,107.4935,4.0169,-0.03491,0.8,-0.06981,190.5065,9.2986,walk_south.3,376.3688,0.8,-0.06981,0.8,-0.06981,Sidewalk
133.5,107.8933,4.0029,-0.03491,0.8,-0.0,190.1067,9.1795,walk_south.3,375.495,0.8,-0.0,0.8,-0.0,Sidewalk
134.0,108.2933,4.0029,-0.0,0.8,0.06981,189.7067,9.104,walk_south.3,374.7544,0.8,0.06981,0.8,0.06981,Sidewalk
134.5,108.6933,4.0029,-0.0,0.8,-0.0,189.3067,9.015,walk_south.3,373.9013,0.8,-0.0,0.8,-0.0,Sidewalk
135.0,109.0931,3.9889,-0.03491,0.8,-0.06981,188.9069,8.9424,walk_south.3,373.1882,0.8,-0.06981,0.8,-0.06981,Sidewalk
135.5,109.4928,3.975,-0.03491,0.8,-0.0,188.5072,8.8258,stand_9,372.3167,0.8,-0.0,0.8,-0.0,Sidewalk
136.0,109.8928,3.975,-0.0,0.8,0.06981,188.1072,8.4271,stand_9,371.5786,0.8,0.06981,0.8,0.06981,Sidewalk
136.5,110.2928,3.975,-0.0,0.8,-0.0,187.7072,8.0286,stand_9,370.7289,0.8,-0.0,0.8,-0.0,Sidewalk
137.0,110.6926,3.961,-0.03491,0.8,-0.06981,187.3074,7.6318,stand_9,370.0188,0.8,-0.06981,0.8,-0.06981,Sidewalk
137.5,111.0923,3.9471,-0.03491,0.8,-0.0,186.9077,7.2354,stand_9,369.1529,0.8,-0.0,0.8,-0.0,Sidewalk
138.0,111.4923,3.9471,-0.0,0.8,0.06981,186.5077,6.8376,stand_9,368.4213,0.8,0.06981,0.8,0.06981,Sidewalk
138.5,111.8923,3.9471,-0.0,0.8,-0.0,186.1077,6.4401,stand_9,367.5791,0.8,-0.0,0.8,-0.0,Sidewalk
139.0,112.2921,3.9331,-0.03491,0.8,-0.06981,185.7079,6.0449,stand_9,366.8753,0.8,-0.06981,0.8,-0.06981,Sidewalk
139.5,112.6918,3.9191,-0.03491,0.8,-0.0,185.3082,5.6503,stand_9,366.026,0.8,-0.0,0.8,-0.0,Sidewalk
140.0,113.0918,3.9191,-0.0,0.8,0.06981,184.9082,5.2543,stand_9,365.3176,0.8,0.06981,0.8,0.06981,Sidewalk
140.5,113.4918,3.9191,-0.0,0.8,-0.0,184.5082,4.8589,stand_9,364.4999,0.8,-0.0,0.8,-0.0,Sidewalk
141.0,113.8916,3.9052,-0.03491,0.8,-0.06981,184.1084,4.467,stand_9,363.8101,0.8,-0.06981,0.8,-0.06981,Sidewalk
141.5,114.2914,3.8912,-0.03491,0.8,-0.0,183.7087,4.0767,stand_9,363.0422,0.8,-0.0,0.8,-0.0,Sidewalk
142.0,114.6904,3.8633,-0.06981,0.8,-0.06981,183.3097,3.6922,stand_9,362.367,0.8,-0.06981,0.8,-0.06981,Sidewalk
142.5,115.0894,3.8354,-0.06981,0.8,-0.0,182.9107,3.3114,stand_9,361.7036,0.8,-0.0,0.8,-0.0,Sidewalk
143.0,115.4872,3.7936,-0.10472,0.8,-0.06981,182.5129,2.9411,stand_9,360.9223,0.8,-0.06981,0.8,-0.06981,Sidewalk
143.5,115.885,3.7518,-0.10472,0.8,-0.0,182.1151,2.5797,stand_9,360.2271,0.8,-0.0,0.8,-0.0,Sidewalk
144.0,116.2811,3.6961,-0.13963,0.8,-0.06981,181.7191,2.2391,stand_9,359.4254,0.8,-0.06981,0.8,-0.06981,Sidewalk
144.5,116.6772,3.6405,-0.13963,0.8,-0.0,181.3231,1.9215,stand_9,358.5952,0.8,-0.0,0.8,-0.0,Sidewalk
145.0,117.075,3.5986,-0.10472,0.8,0.06981,180.9254,1.6298,stand_9,357.9015,0.8,0.06981,0.8,0.06981,Sidewalk
145.5,117.4729,3.5568,-0.10472,0.8,-0.0,180.5277,1.393,stand_9,357.0321,0.8,-0.0,0.8,-0.0,Sidewalk
146.0,117.8719,3.5289,-0.06981,0.8,0.06981,180.1287,1.2294,stand_9,356.2696,0.8,0.06981,0.8,0.06981,Sidewalk
146.5,118.2709,3.501,-0.06981,0.8,-0.0,179.7298,1.1841,stand_9,355.4479,0.8,-0.0,0.8,-0.0,Sidewalk
147.0,118.6707,3.4871,-0.03491,0.8,0.06981,179.3301,1.257,stand_9,354.6047,0.8,0.06981,0.8,0.06981,Sidewalk
147.5,119.0704,3.4731,-0.03491,0.8,-0.0,178.9304,1.4414,stand_9,353.6501,0.8,-0.0,0.8,-0.0,Sidewalk
148.0,119.4704,3.4731,-0.0,0.8,0.06981,178.5304,1.6918,stand_9,352.7862,0.8,0.06981,0.8,0.06981,Sidewalk
148.5,119.8704,3.4731,-0.0,0.8,-0.0,178.1304,1.9916,stand_9,351.8461,0.8,-0.0,0.8,-0.0,Sidewalk
149.0,120.2702,3.4871,0.03491,0.8,0.06981,177.7306,2.3143,stand_9,351.0576,0.8,0.06981,0.8,0.06981,Sidewalk
149.5,120.6699,3.501,0.03491,0.8,-0.0,177.3308,2.6582,stand_9,350.136,0.8,-0.0,0.8,-0.0,Sidewalk
150.0,121.0699,3.501,-0.0,0.8,-0.06981,176.9308,3.0216,stand_9,349.3609,0.8,-0.06981,0.8,-0.06981,Sidewalk
150.5,121.4699,3.501,-0.0,0.8,-0.0,176.5308,3.3932,stand_9,348.4695,0.8,-0.0,0.8,-0.0,Sidewalk
151.0,121.8697,3.515,0.03491,0.8,0.06981,176.131,3.766,stand_9,347.7739,0.8,0.06981,0.8,0.06981,Sidewalk
151.5,122.2694,3.529,0.03491,0.8,-0.0,175.7312,4.144,stand_9,346.9416,0.8,-0.0,0.8,-0.0,Sidewalk
152.0,122.6694,3.529,-0.0,0.8,-0.06981,175.3312,4.5295,stand_9,346.2417,0.8,-0.06981,0.8,-0.06981,Sidewalk
152.5,123.0694,3.529,-0.0,0.8,-0.0,174.9312,4.2087,stand_10,345.4841,0.8,-0.0,0.8,-0.0,Sidewalk
153.0,123.4692,3.515,-0.03491,0.8,-0.06981,174.5315,3.8137,stand_10,344.8337,0.8,-0.06981,0.8,-0.06981,Sidewalk
153.5,123.869,3.501,-0.03491,0.8,-0.0,174.1318,3.4199,stand_10,344.2757,0.8,-0.0,0.8,-0.0,Sidewalk
154.0,124.258,3.4738,-0.06981,0.78,-0.06981,173.7428,3.0405,stand_10,343.6856,0.78,-0.06981,0.78,-0.06981,Sidewalk
154.5,124.657,3.4459,-0.06981,0.8,-0.0,173.3439,2.6547,stand_10,343.5665,0.8,-0.0,0.8,-0.0,Sidewalk
155.0,124.9454,3.4156,-0.10472,0.58,-0.06981,173.0555,2.3812,stand_10,343.6773,0.58,-0.06981,0.58,-0.06981,Sidewalk
155.5,125.3433,3.3738,-0.10472,0.8,-0.0,172.6579,2.0117,stand_10,341.8824,0.8,-0.0,0.8,-0.0,Sidewalk
156.0,125.7423,3.3459,-0.06981,0.8,0.06981,172.259,1.6495,stand_10,342.1798,0.8,0.06981,0.8,0.06981,Sidewalk
156.5,126.1413,3.318,-0.06981,0.8,-0.0,171.8601,1.3096,stand_10,340.5066,0.8,-0.0,0.8,-0.0,Sidewalk
157.0,126.5411,3.304,-0.03491,0.8,0.06981,171.4604,1.004,stand_10,340.1514,0.8,0.06981,0.8,0.06981,Sidewalk
157.5,126.9408,3.2901,-0.03491,0.8,-0.0,171.0607,0.7881,stand_10,339.0841,0.8,-0.0,0.8,-0.0,Sidewalk
158.0,127.3408,3.2901,-0.0,0.8,0.06981,170.6607,0.7306,stand_10,338.4022,0.8,0.06981,0.8,0.06981,Sidewalk
158.5,127.7408,3.2901,-0.0,0.8,-0.0,170.2607,0.8755,stand_10,336.9984,0.8,-0.0,0.8,-0.0,Sidewalk
159.0,128.1406,3.304,0.03491,0.8,0.06981,169.8609,1.1396,stand_10,335.8202,0.8,0.06981,0.8,0.06981,Sidewalk
159.5,128.5403,3.318,0.03491,0.8,-0.0,169.461,1.4665,stand_10,334.6993,0.8,-0.0,0.8,-0.0,Sidewalk
160.0,128.9403,3.318,-0.0,0.8,-0.06981,169.061,1.8284,stand_10,333.8211,0.8,-0.06981,0.8,-0.06981,Sidewalk
160.5,129.3403,3.318,-0.0,0.8,-0.0,168.6611,2.2035,stand_10,332.8688,0.8,-0.0,0.8,-0.0,Sidewalk
161.0,129.7401,3.332,0.03491,0.8,0.06981,168.2612,2.5821,stand_10,332.0838,0.8,0.06981,0.8,0.06981,Sidewalk
161.5,130.1398,3.3459,0.03491,0.8,-0.0,167.8614,2.9663,stand_10,331.1703,0.8,-0.0,0.8,-0.0,Sidewalk
162.0,130.5398,3.3459,-0.0,0.8,-0.06981,167.4614,3.3572,stand_10,330.4033,0.8,-0.06981,0.8,-0.06981,Sidewalk
162.5,130.9398,3.3459,-0.0,0.8,-0.0,167.0614,3.75,stand_10,329.5149,0.8,-0.0,0.8,-0.0,Sidewalk
163.0,131.3396,3.3599,0.03491,0.8,0.06981,166.6616,4.1417,stand_10,328.7693,0.8,0.06981,0.8,0.06981,Sidewalk
163.5,131.7394,3.3738,0.03491,0.8,-0.0,166.2618,4.5349,stand_10,327.8814,0.8,-0.0,0.8,-0.0,Sidewalk
164.0,132.1394,3.3738,-0.0,0.8,-0.06981,165.8618,4.9312,stand_10,327.1323,0.8,-0.06981,0.8,-0.06981,Sidewalk
164.5,132.5394,3.3738,-0.0,0.8,-0.0,165.4618,5.3281,stand_10,326.2572,0.8,-0.0,0.8,-0.0,Sidewalk
165.0,132.9391,3.3878,0.03491,0.8,0.06981,165.062,5.7236,stand_10,325.5217,0.8,0.06981,0.8,0.06981,Sidewalk
165.5,133.3389,3.4018,0.03491,0.8,-0.0,164.6622,6.1196,stand_10,324.641,0.8,-0.0,0.8,-0.0,Sidewalk
166.0,133.7389,3.4018,-0.0,0.8,-0.06981,164.2622,6.5178,stand_10,323.8975,0.8,-0.06981,0.8,-0.06981,Sidewalk
166.5,134.1389,3.4018,-0.0,0.8,-0.0,163.8622,6.9161,stand_10,323.0273,0.8,-0.0,0.8,-0.0,Sidewalk
167.0,134.5386,3.4157,0.03491,0.8,0.06981,163.4624,7.3132,stand_10,322.296,0.8,0.06981,0.8,0.06981,Sidewalk
167.5,134.9384,3.4297,0.03491,0.8,-0.0,163.0626,7.7106,stand_10,321.4181,0.8,-0.0,0.8,-0.0,Sidewalk
168.0,135.3384,3.4297,-0.0,0.8,-0.06981,162.6626,8.1095,stand_10,320.6768,0.8,-0.06981,0.8,-0.06981,Sidewalk
168.5,135.7384,3.4297,-0.0,0.8,-0.0,162.2626,8.5085,stand_10,319.8103,0.8,-0.0,0.8,-0.0,Sidewalk
169.0,136.1381,3.4436,0.03491,0.8,0.06981,161.8628,8.9064,stand_10,319.0881,0.8,0.06981,0.8,0.06981,Sidewalk
169.5,136.5379,3.4576,0.03491,0.8,-0.0,161.463,9.3046,stand_10,318.2196,0.8,-0.0,0.8,-0.0,Sidewalk
170.0,136.9379,3.4576,-0.0,0.8,-0.06981,161.063,9.5728,stand_0,317.4868,0.8,-0.06981,0.8,-0.06981,Sidewalk
170.5,137.3379,3.4576,-0.0,0.8,-0.0,160.663,9.1728,stand_0,316.629,0.8,-0.0,0.8,-0.0,Sidewalk
171.0,137.7376,3.4716,0.03491,0.8,0.06981,160.2632,8.7733,stand_0,315.9092,0.8,0.06981,0.8,0.06981,Sidewalk
171.5,138.1374,3.4855,0.03491,0.8,-0.0,159.8634,8.3738,stand_0,315.0436,0.8,-0.0,0.8,-0.0,Sidewalk
172.0,138.5374,3.4855,-0.0,0.8,-0.06981,159.4634,7.9738,stand_0,314.3136,0.8,-0.06981,0.8,-0.06981,Sidewalk
172.5,138.9374,3.4855,-0.0,0.8,-0.0,159.0634,7.5739,stand_0,313.4605,0.8,-0.0,0.8,-0.0,Sidewalk
173.0,139.3372,3.4995,0.03491,0.8,0.06981,158.6636,7.1745,stand_0,312.7452,0.8,0.06981,0.8,0.06981,Sidewalk
173.5,139.7369,3.5134,0.03491,0.8,-0.0,158.2638,6.7752,stand_0,311.8868,0.8,-0.0,0.8,-0.0,Sidewalk
174.0,140.1369,3.5134,-0.0,0.8,-0.06981,157.8638,6.3753,stand_0,311.1647,0.8,-0.06981,0.8,-0.06981,Sidewalk
174.5,140.5369,3.5134,-0.0,0.8,-0.0,157.4638,5.9755,stand_0,310.3237,0.8,-0.0,0.8,-0.0,Sidewalk
175.0,140.9367,3.5274,0.03491,0.8,0.06981,157.064,5.5763,stand_0,309.6205,0.8,0.06981,0.8,0.06981,Sidewalk
175.5,141.3364,3.5413,0.03491,0.8,-0.0,156.6642,5.1773,stand_0,308.7873,0.8,-0.0,0.8,-0.0,Sidewalk
176.0,141.7364,3.5413,-0.0,0.8,-0.06981,156.2642,4.7776,stand_0,308.098,0.8,-0.06981,0.8,-0.06981,Sidewalk
176.5,142.1364,3.5413,-0.0,0.8,-0.0,155.8642,4.378,stand_0,307.3138,0.8,-0.0,0.8,-0.0,Sidewalk
177.0,142.5362,3.5553,0.03491,0.8,0.06981,155.4645,3.9794,stand_0,306.6685,0.8,0.06981,0.8,0.06981,Sidewalk
177.5,142.9359,3.5693,0.03491,0.8,-0.0,155.0647,3.5811,stand_0,306.0724,0.8,-0.0,0.8,-0.0,Sidewalk
178.0,143.335,3.5972,0.06981,0.8,0.06981,154.6656,3.185,stand_0,305.515,0.8,0.06981,0.8,0.06981,Sidewalk
178.5,143.7311,3.6528,0.13963,0.8,0.13963,154.2693,2.7959,stand_0,304.7948,0.8,0.13963,0.8,0.13963,Sidewalk
179.0,144.125,3.7223,0.17453,0.8,0.06981,153.8753,2.4147,stand_0,304.124,0.8,0.06981,0.8,0.06981,Sidewalk
179.5,144.5131,3.8191,0.24435,0.8,0.13963,153.487,2.0524,stand_0,303.5133,0.8,0.13963,0.8,0.13963,Sidewalk
180.0,144.8976,3.9293,0.27925,0.8,0.06981,153.1024,1.715,stand_0,302.6678,0.8,0.06981,0.8,0.06981,Sidewalk
180.5,145.2821,4.0396,0.27925,0.8,-0.0,152.7179,1.4107,stand_0,301.7925,0.8,-0.0,0.8,-0.0,Sidewalk
181.0,145.6702,4.1363,0.24435,0.8,-0.06981,152.3298,1.1539,stand_0,301.0207,0.8,-0.06981,0.8,-0.06981,Sidewalk
181.5,146.0584,4.2331,0.24435,0.8,-0.0,151.9418,0.9964,stand_0,300.2619,0.8,-0.0,0.8,-0.0,Sidewalk
182.0,146.4496,4.3163,0.20944,0.8,-0.06981,151.5507,0.9732,stand_0,299.3951,0.8,-0.06981,0.8,-0.06981,Sidewalk
182.5,146.8457,4.372,0.13963,0.8,-0.13963,151.1547,1.0804,stand_0,298.479,0.8,-0.13963,0.8,-0.13963,Sidewalk
183.0,147.2455,4.3859,0.03491,0.8,-0.20944,150.755,1.2745,stand_0,297.7803,0.8,-0.20944,0.8,-0.20944,Sidewalk
183.5,147.6452,4.372,-0.03491,0.8,-0.13963,150.3552,1.5308,stand_0,297.1903,0.8,-0.13963,0.8,-0.13963,Sidewalk
184.0,148.0413,4.3163,-0.13963,0.8,-0.20944,149.959,1.8134,stand_0,296.6011,0.8,-0.20944,0.8,-0.20944,Sidewalk
184.5,148.4326,4.2331,-0.20944,0.8,-0.13963,149.5676,1.7758,stand_3,295.816,0.8,-0.13963,0.8,-0.13963,Sidewalk
185.0,148.8207,4.1363,-0.24435,0.8,-0.06981,149.1793,1.4381,stand_3,295.0203,0.8,-0.06981,0.8,-0.06981,Sidewalk
185.5,149.2088,4.0396,-0.24435,0.8,-0.0,148.7912,1.1412,stand_3,294.2485,0.8,-0.0,0.8,-0.0,Sidewalk
186.0,149.6001,3.9564,-0.20944,0.8,0.06981,148.3999,0.9128,stand_3,293.493,0.8,0.06981,0.8,0.06981,Sidewalk
186.5,149.9914,3.8732,-0.20944,0.8,-0.0,148.0087,0.8271,stand_3,292.7347,0.8,-0.0,0.8,-0.0,Sidewalk
187.0,150.3853,3.8038,-0.17453,0.8,0.06981,147.6148,0.9121,stand_3,291.6322,0.8,0.06981,0.8,0.06981,Sidewalk
187.5,150.7831,3.762,-0.10472,0.8,0.13963,147.2171,1.1193,stand_3,290.5746,0.8,0.13963,0.8,0.13963,Sidewalk
188.0,151.1831,3.762,-0.0,0.8,0.20944,146.8171,1.3854,stand_3,289.8759,0.8,0.20944,0.8,0.20944,Sidewalk
188.5,151.5821,3.7899,0.06981,0.8,0.13963,146.418,1.6888,stand_3,289.0657,0.8,0.13963,0.8,0.13963,Sidewalk
189.0,151.9799,3.8317,0.10472,0.8,0.06981,146.0202,2.0191,stand_3,288.4963,0.8,0.06981,0.8,0.06981,Sidewalk
189.5,152.3739,3.9012,0.17453,0.8,0.13963,145.6262,1.909,stand_5,287.7359,0.8,0.13963,0.8,0.13963,Sidewalk
190.0,152.7651,3.9843,0.20944,0.8,0.06981,145.2349,1.5709,stand_5,286.945,0.8,0.06981,0.8,0.06981,Sidewalk
190.5,153.1564,4.0675,0.20944,0.8,-0.0,144.8436,1.2693,stand_5,286.1381,0.8,-0.0,0.8,-0.0,Sidewalk
191.0,153.5503,4.1369,0.17453,0.8,-0.06981,144.4498,1.0243,stand_5,285.3671,0.8,-0.06981,0.8,-0.06981,Sidewalk
191.5,153.9442,4.2064,0.17453,0.8,-0.0,144.0559,0.8986,stand_5,284.5964,0.8,-0.0,0.8,-0.0,Sidewalk
192.0,154.3403,4.2621,0.13963,0.8,-0.06981,143.6599,0.9277,stand_5,283.6818,0.8,-0.06981,0.8,-0.06981,Sidewalk
192.5,154.7364,4.3177,0.13963,0.8,-0.0,143.2639,1.1108,stand_5,282.6284,0.8,-0.0,0.8,-0.0,Sidewalk
193.0,155.1362,4.3317,0.03491,0.8,-0.20944,142.8642,1.3602,stand_5,281.9275,0.8,-0.20944,0.8,-0.20944,Sidewalk
193.5,155.5359,4.3177,-0.03491,0.8,-0.13963,142.4644,1.6526,stand_5,281.1742,0.8,-0.13963,0.8,-0.13963,Sidewalk
194.0,155.9321,4.2621,-0.13963,0.8,-0.20944,142.0682,1.9599,stand_5,280.645,0.8,-0.20944,0.8,-0.20944,Sidewalk
194.5,156.3233,4.1789,-0.20944,0.8,-0.13963,141.6768,2.0889,stand_4,279.8274,0.8,-0.13963,0.8,-0.13963,Sidewalk
195.0,156.7114,4.0821,-0.24435,0.8,-0.06981,141.2886,1.746,stand_4,278.9916,0.8,-0.06981,0.8,-0.06981,Sidewalk
195.5,157.0995,3.9854,-0.24435,0.8,-0.0,140.9005,1.4329,stand_4,278.1606,0.8,-0.0,0.8,-0.0,Sidewalk
196.0,157.4908,3.9022,-0.20944,0.8,0.06981,140.5092,1.1623,stand_4,277.4354,0.8,0.06981,0.8,0.06981,Sidewalk
196.5,157.8821,3.819,-0.20944,0.8,-0.0,140.1181,0.9843,stand_4,276.637,0.8,-0.0,0.8,-0.0,Sidewalk
197.0,158.276,3.7496,-0.17453,0.8,0.06981,139.7242,0.9383,stand_4,275.7949,0.8,0.06981,0.8,0.06981,Sidewalk
197.5,158.6699,3.6801,-0.17453,0.8,-0.0,139.3305,1.0546,stand_4,274.8626,0.8,-0.0,0.8,-0.0,Sidewalk
198.0,159.066,3.6245,-0.13963,0.8,0.06981,138.9345,1.2796,stand_4,273.7788,0.8,0.06981,0.8,0.06981,Sidewalk
198.5,159.4621,3.5688,-0.13963,0.8,-0.0,138.5385,1.5757,stand_4,272.8482,0.8,-0.0,0.8,-0.0,Sidewalk
199.0,159.8599,3.527,-0.10472,0.8,0.06981,138.1409,1.9029,stand_4,271.9097,0.8,0.06981,0.8,0.06981,Sidewalk
199.5,160.2577,3.4852,-0.10472,0.8,-0.0,137.7432,2.2537,stand_4,271.0513,0.8,-0.0,0.8,-0.0,Sidewalk
200.0,160.6568,3.4573,-0.06981,0.8,0.06981,137.3443,2.6131,stand_4,270.1945,0.8,0.06981,0.8,0.06981,Sidewalk
200.5,161.0558,3.4294,-0.06981,0.8,-0.0,136.9454,2.9829,stand_4,269.3494,0.8,-0.0,0.8,-0.0,Sidewalk
201.0,161.4555,3.4154,-0.03491,0.8,0.06981,136.5457,3.355,stand_4,268.5404,0.8,0.06981,0.8,0.06981,Sidewalk
201.5,161.8553,3.4014,-0.03491,0.8,-0.0,136.146,3.7329,stand_4,267.6881,0.8,-0.0,0.8,-0.0,Sidewalk
202.0,162.2553,3.4014,-0.0,0.8,0.06981,135.746,4.1108,stand_4,266.916,0.8,0.06981,0.8,0.06981,Sidewalk
202.5,162.6553,3.4014,-0.0,0.8,-0.0,135.346,4.4926,stand_4,266.0494,0.8,-0.0,0.8,-0.0,Sidewalk
203.0,163.0551,3.4154,0.03491,0.8,0.06981,134.9462,4.8733,stand_4,265.3105,0.8,0.06981,0.8,0.06981,Sidewalk
203.5,163.4548,3.4294,0.03491,0.8,-0.0,134.5464,5.257,stand_4,264.427,0.8,-0.0,0.8,-0.0,Sidewalk
204.0,163.8548,3.4294,-0.0,0.8,-0.06981,134.1464,5.6462,stand_4,263.6814,0.8,-0.06981,0.8,-0.06981,Sidewalk
204.5,164.2548,3.4294,-0.0,0.8,-0.0,133.7464,6.0368,stand_4,262.8256,0.8,-0.0,0.8,-0.0,Sidewalk
205.0,164.6546,3.4433,0.03491,0.8,0.06981,133.3466,6.4257,stand_4,262.1118,0.8,0.06981,0.8,0.06981,Sidewalk
205.5,165.0543,3.4573,0.03491,0.8,-0.0,132.9468,6.8158,stand_4,261.2506,0.8,-0.0,0.8,-0.0,Sidewalk
206.0,165.4543,3.4573,-0.0,0.8,-0.06981,132.5468,6.4437,stand_6,260.5233,0.8,-0.06981,0.8,-0.06981,Sidewalk
206.5,165.8543,3.4573,-0.0,0.8,-0.0,132.1468,6.0515,stand_6,259.6824,0.8,-0.0,0.8,-0.0,Sidewalk
207.0,166.2541,3.4433,-0.03491,0.8,-0.06981,131.7471,5.6637,stand_6,258.9847,0.8,-0.06981,0.8,-0.06981,Sidewalk
207.5,166.6538,3.4294,-0.03491,0.8,-0.0,131.3474,5.2777,stand_6,258.1372,0.8,-0.0,0.8,-0.0,Sidewalk
208.0,167.0538,3.4294,-0.0,0.8,0.06981,130.9474,4.8901,stand_6,257.4369,0.8,0.06981,0.8,0.06981,Sidewalk
208.5,167.4538,3.4294,-0.0,0.8,-0.0,130.5474,4.5047,stand_6,256.6205,0.8,-0.0,0.8,-0.0,Sidewalk
209.0,167.8536,3.4154,-0.03491,0.8,-0.06981,130.1477,4.1266,stand_6,255.9183,0.8,-0.06981,0.8,-0.06981,Sidewalk
209.5,168.2534,3.4014,-0.03491,0.8,-0.0,129.748,3.753,stand_6,255.1493,0.8,-0.0,0.8,-0.0,Sidewalk
210.0,168.6534,3.4014,-0.0,0.8,0.06981,129.348,3.3799,stand_6,254.6704,0.8,0.06981,0.8,0.06981,Sidewalk
210.5,169.0534,3.4014,-0.0,0.8,-0.0,128.948,3.0137,stand_6,253.7559,0.8,-0.0,0.8,-0.0,Sidewalk
211.0,169.4431,3.3878,-0.03491,0.78,-0.06981,128.5583,2.6728,stand_6,253.0412,0.78,-0.06981,0.78,-0.06981,Sidewalk
211.5,169.8429,3.3739,-0.03491,0.8,-0.0,128.1587,2.3391,stand_6,252.1454,0.8,-0.0,0.8,-0.0,Sidewalk
212.0,170.2429,3.3739,-0.0,0.8,0.06981,127.7587,2.0204,stand_6,251.5563,0.8,0.06981,0.8,0.06981,Sidewalk
212.5,170.6429,3.3739,-0.0,0.8,-0.0,127.3587,1.7355,stand_6,250.6251,0.8,-0.0,0.8,-0.0,Sidewalk
213.0,171.0027,3.3613,-0.03491,0.72,-0.06981,126.999,1.5351,stand_6,250.4296,0.72,-0.06981,0.72,-0.06981,Sidewalk
213.5,171.4024,3.3473,-0.03491,0.8,-0.0,126.5993,1.3899,stand_6,249.8445,0.8,-0.0,0.8,-0.0,Sidewalk
214.0,171.7985,3.403,0.13963,0.8,0.34907,126.2029,1.2821,stand_6,250.1392,0.8,0.34907,0.8,0.34907,Sidewalk
214.5,172.1876,3.4302,0.06981,0.78,-0.13963,125.8137,1.3193,stand_6,248.4553,0.78,-0.13963,0.78,-0.13963,Sidewalk
215.0,172.5873,3.4442,0.03491,0.8,-0.06981,125.4139,1.4803,stand_6,248.4185,0.8,-0.06981,0.8,-0.06981,Sidewalk
215.5,172.8372,3.4354,-0.03491,0.5,-0.13963,125.1641,1.4168,stand_8,249.0293,0.5,-0.13963,0.5,-0.13963,Sidewalk
216.0,173.1763,3.4117,-0.06981,0.68,-0.06981,124.825,1.1284,stand_8,247.5208,0.68,-0.06981,0.68,-0.06981,Sidewalk
216.5,173.5754,3.3838,-0.06981,0.8,-0.0,124.4262,0.8402,stand_8,246.2453,0.8,-0.0,0.8,-0.0,Sidewalk
217.0,173.9751,3.3699,-0.03491,0.8,0.06981,124.0265,0.6635,stand_8,245.5775,0.8,0.06981,0.8,0.06981,Sidewalk
217.5,174.3749,3.3559,-0.03491,0.8,-0.0,123.6268,0.7031,stand_8,244.4511,0.8,-0.0,0.8,-0.0,Sidewalk
218.0,174.7749,3.3559,-0.0,0.8,0.06981,123.2268,0.9221,stand_8,242.8661,0.8,0.06981,0.8,0.06981,Sidewalk
218.5,175.1749,3.3559,-0.0,0.8,-0.0,122.8268,1.2354,stand_8,241.5844,0.8,-0.0,0.8,-0.0,Sidewalk
219.0,175.5746,3.3699,0.03491,0.8,0.06981,122.427,1.5821,stand_8,240.6462,0.8,0.06981,0.8,0.06981,Sidewalk
219.5,175.9744,3.3838,0.03491,0.8,-0.0,122.0272,1.9494,stand_8,239.6537,0.8,-0.0,0.8,-0.0,Sidewalk
220.0,176.3744,3.3838,-0.0,0.8,-0.06981,121.6272,2.3314,stand_8,238.8418,0.8,-0.06981,0.8,-0.06981,Sidewalk
220.5,176.7744,3.3838,-0.0,0.8,-0.0,121.2272,2.7187,stand_8,237.9246,0.8,-0.0,0.8,-0.0,Sidewalk
221.0,177.1742,3.3978,0.03491,0.8,0.06981,120.8273,3.1061,stand_8,237.1605,0.8,0.06981,0.8,0.06981,Sidewalk
221.5,177.5739,3.4117,0.03491,0.8,-0.0,120.4275,3.4963,stand_8,236.26,0.8,-0.0,0.8,-0.0,Sidewalk
222.0,177.9739,3.4117,-0.0,0.8,-0.06981,120.0275,3.8909,stand_8,235.5024,0.8,-0.06981,0.8,-0.06981,Sidewalk
222.5,178.3739,3.4117,-0.0,0.8,-0.0,119.6275,4.2866,stand_8,234.6199,0.8,-0.0,0.8,-0.0,Sidewalk
223.0,178.7737,3.4257,0.03491,0.8,0.06981,119.2277,4.6809,stand_8,233.8791,0.8,0.06981,0.8,0.06981,Sidewalk
223.5,179.1734,3.4397,0.03491,0.8,-0.0,118.8279,5.0761,stand_8,232.9944,0.8,-0.0,0.8,-0.0,Sidewalk
224.0,179.5734,3.4397,-0.0,0.8,-0.06981,118.4279,5.4737,stand_8,232.2483,0.8,-0.06981,0.8,-0.06981,Sidewalk
224.5,179.9734,3.4397,-0.0,0.8,-0.0,118.0279,5.8717,stand_8,231.3749,0.8,-0.0,0.8,-0.0,Sidewalk
225.0,180.3732,3.4536,0.03491,0.8,0.06981,117.6281,6.2683,stand_8,230.6414,0.8,0.06981,0.8,0.06981,Sidewalk
225.5,180.7729,3.4676,0.03491,0.8,-0.0,117.2283,6.6654,stand_8,229.7756,0.8,-0.0,0.8,-0.0,Sidewalk
226.0,181.1729,3.4676,-0.0,0.8,-0.06981,116.8283,7.0641,stand_8,229.0463,0.8,-0.06981,0.8,-0.06981,Sidewalk
226.5,181.5729,3.4676,-0.0,0.8,-0.0,116.4283,7.463,stand_8,228.1932,0.8,-0.0,0.8,-0.0,Sidewalk
227.0,181.9727,3.4815,0.03491,0.8,0.06981,116.0285,7.0771,stand_2,227.4791,0.8,0.06981,0.8,0.06981,Sidewalk
227.5,182.3724,3.4955,0.03491,0.8,-0.0,115.6287,6.6775,stand_2,226.6206,0.8,-0.0,0.8,-0.0,Sidewalk
228.0,182.7724,3.4955,-0.0,0.8,-0.06981,115.2287,6.2788,stand_2,225.8976,0.8,-0.06981,0.8,-0.06981,Sidewalk
228.5,183.1724,3.4955,-0.0,0.8,-0.0,114.8287,5.8802,stand_2,225.0588,0.8,-0.0,0.8,-0.0,Sidewalk
229.0,183.5722,3.5095,0.03491,0.8,0.06981,114.4288,5.4809,stand_2,224.3624,0.8,0.06981,0.8,0.06981,Sidewalk
229.5,183.972,3.5234,0.03491,0.8,-0.0,114.029,5.0816,stand_2,223.5281,0.8,-0.0,0.8,-0.0,Sidewalk
230.0,184.372,3.5234,-0.0,0.8,-0.06981,113.629,4.6836,stand_2,222.8273,0.8,-0.06981,0.8,-0.06981,Sidewalk
230.5,184.772,3.5234,-0.0,0.8,-0.0,113.229,4.286,stand_2,222.0592,0.8,-0.0,0.8,-0.0,Sidewalk
231.0,185.1717,3.5095,-0.03491,0.8,-0.06981,112.8294,3.891,stand_2,221.4068,0.8,-0.06981,0.8,-0.06981,Sidewalk
231.5,185.5715,3.4955,-0.03491,0.8,-0.0,112.4297,3.497,stand_2,220.8044,0.8,-0.0,0.8,-0.0,Sidewalk
232.0,185.9605,3.4683,-0.06981,0.78,-0.06981,112.0407,3.1175,stand_2,220.2404,0.78,-0.06981,0.78,-0.06981,Sidewalk
232.5,186.3595,3.4404,-0.06981,0.8,-0.0,111.6419,2.7313,stand_2,220.0418,0.8,-0.0,0.8,-0.0,Sidewalk
233.0,186.7474,3.4812,0.10472,0.78,0.34907,111.2538,2.3439,stand_2,220.3127,0.78,0.34907,0.78,0.34907,Sidewalk
233.5,187.0772,3.4927,0.03491,0.66,-0.13963,110.9239,2.0211,stand_2,219.4332,0.66,-0.13963,0.66,-0.13963,Sidewalk
234.0,187.3672,3.4927,-0.0,0.58,-0.06981,110.634,1.7426,stand_2,219.9168,0.58,-0.06981,0.58,-0.06981,Sidewalk
234.5,187.6066,3.4759,-0.06981,0.48,-0.13963,110.3946,1.5217,stand_2,219.4885,0.48,-0.13963,0.48,-0.13963,Sidewalk
235.0,187.8155,3.454,-0.10472,0.42,-0.06981,110.1859,1.3375,stand_2,219.6854,0.42,-0.06981,0.42,-0.06981,Sidewalk
235.5,187.973,3.4262,-0.17453,0.32,-0.13963,110.0285,1.2096,stand_2,219.7885,0.32,-0.13963,0.32,-0.13963,Sidewalk
236.0,188.1295,3.3929,-0.20944,0.32,-0.06981,109.8721,1.0942,stand_2,219.6574,0.32,-0.06981,0.32,-0.06981,Sidewalk
236.5,188.2567,3.3659,-0.20944,0.26,-0.0,109.7451,1.0093,stand_2,219.8206,0.26,-0.0,0.26,-0.0,Sidewalk
237.0,188.3731,3.3369,-0.24435,0.24,-0.06981,109.6289,0.9439,stand_2,219.7149,0.24,-0.06981,0.24,-0.06981,Sidewalk
237.5,188.4702,3.3127,-0.24435,0.2,-0.0,109.532,0.8979,stand_2,219.8259,0.2,-0.0,0.2,-0.0,Sidewalk
238.0,188.5567,3.2879,-0.27925,0.18,-0.06981,109.4456,0.8674,stand_2,219.761,0.18,-0.06981,0.18,-0.06981,Sidewalk
238.5,188.624,3.2686,-0.27925,0.14,-0.0,109.3785,0.8495,stand_2,219.8108,0.14,-0.0,0.14,-0.0,Sidewalk
239.0,188.6905,3.247,-0.31416,0.14,-0.06981,109.312,0.8396,stand_2,219.8025,0.14,-0.06981,0.14,-0.06981,Sidewalk
239.5,188.7381,3.2315,-0.31416,0.1,-0.0,109.2646,0.836,stand_2,219.8189,0.1,-0.0,0.1,-0.0,Sidewalk
240.0,188.7851,3.2144,-0.34907,0.1,-0.06981,109.2177,0.8371,stand_2,219.811,0.1,-0.06981,0.1,-0.06981,Sidewalk
240.5,188.8216,3.1981,-0.41888,0.08,-0.13963,109.1813,0.8429,stand_2,219.8239,0.08,-0.13963,0.08,-0.13963,Sidewalk
241.0,188.8576,3.1806,-0.45379,0.08,-0.06981,109.1455,0.852,stand_2,219.7995,0.08,-0.06981,0.08,-0.06981,Sidewalk
241.5,188.8836,3.1656,-0.5236,0.06,-0.13963,109.1196,0.8619,stand_2,219.7763,0.06,-0.13963,0.06,-0.13963,Sidewalk
242.0,188.909,3.1497,-0.55851,0.06,-0.06981,109.0943,0.8737,stand_2,219.7854,0.06,-0.06981,0.06,-0.06981,Sidewalk
242.5,188.9252,3.1379,-0.62832,0.04,-0.13963,109.0782,0.8833,stand_2,219.7847,0.04,-0.13963,0.04,-0.13963,Sidewalk
243.0,188.9409,3.1256,-0.66323,0.04,-0.06981,109.0626,0.8938,stand_2,219.7826,0.04,-0.06981,0.04,-0.06981,Sidewalk
243.5,188.9567,3.1133,-0.66323,0.04,-0.0,109.0469,0.8938,stand_1,219.7919,0.04,-0.0,0.04,-0.0,Sidewalk
244.0,188.9644,3.1069,-0.69813,0.02,-0.06981,109.0393,0.8882,stand_1,219.8015,0.02,-0.06981,0.02,-0.06981,Sidewalk
244.5,188.972,3.1005,-0.69813,0.02,-0.0,109.0317,0.8825,stand_1,219.7972,0.02,-0.0,0.02,-0.0,Sidewalk
245.0,188.9795,3.0938,-0.73304,0.02,-0.06981,109.0243,0.8773,stand_1,219.7979,0.02,-0.06981,0.02,-0.06981,Sidewalk
245.5,188.9869,3.0871,-0.73304,0.02,-0.0,109.0169,0.8721,stand_1,219.794,0.02,-0.0,0.02,-0.0,Sidewalk
246.0,188.9941,3.0801,-0.76794,0.02,-0.06981,109.0098,0.8674,stand_1,219.793,0.02,-0.06981,0.02,-0.06981,Sidewalk
246.5,189.0013,3.0732,-0.76794,0.02,-0.0,109.0027,0.8627,stand_1,219.7892,0.02,-0.0,0.02,-0.0,Sidewalk
247.0,189.0087,3.0665,-0.73304,0.02,0.06981,108.9953,0.8578,stand_1,219.8161,0.02,0.06981,0.02,0.06981,Sidewalk
247.5,189.0087,3.0665,-0.73304,0.0,-0.0,108.9953,0.8578,stand_1,219.8074,0.0,-0.0,0.0,-0.0,Sidewalk
248.0,189.0087,3.0665,-0.76794,0.0,-0.06981,108.9953,0.8578,stand_1,219.82,0.0,-0.06981,0.0,-0.06981,Sidewalk
248.5,189.0087,3.0665,-0.76794,0.0,-0.0,108.9953,0.8578,stand_1,219.8074,0.0,-0.0,0.0,-0.0,Sidewalk
249.0,189.0161,3.0598,-0.73304,0.02,0.06981,108.9879,0.853,stand_1,219.8162,0.02,0.06981,0.02,0.06981,Sidewalk
249.5,189.0161,3.0598,-0.73304,0.0,-0.0,108.9879,0.853,stand_1,219.807,0.0,-0.0,0.0,-0.0,Sidewalk
250.0,189.0161,3.0598,-0.76794,0.0,-0.06981,108.9879,0.853,stand_1,219.8196,0.0,-0.06981,0.0,-0.06981,Sidewalk
250.5,189.0161,3.0598,-0.76794,0.0,-0.0,108.9879,0.853,stand_1,219.807,0.0,-0.0,0.0,-0.0,Sidewalk
251.0,189.0161,3.0598,-0.80285,0.0,-0.06981,108.9879,0.853,stand_1,219.8196,0.0,-0.06981,0.0,-0.06981,Sidewalk
251.5,189.0161,3.0598,-0.80285,0.0,-0.0,108.9879,0.853,stand_1,219.807,0.0,-0.0,0.0,-0.0,Sidewalk
252.0,189.0161,3.0598,-0.83776,0.0,-0.06981,108.9879,0.853,stand_1,219.8196,0.0,-0.06981,0.0,-0.06981,Sidewalk
252.5,189.0161,3.0598,-0.83776,0.0,-0.0,108.9879,0.853,stand_1,219.807,0.0,-0.0,0.0,-0.0,Sidewalk
253.0,189.0161,3.0598,-0.87266,0.0,-0.06981,108.9879,0.853,stand_1,219.8196,0.0,-0.06981,0.0,-0.06981,Sidewalk
253.5,189.0161,3.0598,-0.87266,0.0,-0.0,108.9879,0.853,stand_1,219.807,0.0,-0.0,0.0,-0.0,Sidewalk
254.0,189.0161,3.0598,-0.90757,0.0,-0.06981,108.9879,0.853,stand_1,219.8196,0.0,-0.06981,0.0,-0.06981,Sidewalk
254.5,189.0161,3.0598,-0.90757,0.0,-0.0,108.9879,0.853,stand_1,219.807,0.0,-0.0,0.0,-0.0,Sidewalk
255.0,189.0161,3.0598,-0.94248,0.0,-0.06981,108.9879,0.853,stand_1,219.8196,0.0,-0.06981,0.0,-0.06981,Sidewalk
255.5,189.0161,3.0598,-0.94248,0.0,-0.0,108.9879,0.853,stand_1,219.807,0.0,-0.0,0.0,-0.0,Sidewalk
256.0,189.0161,3.0598,-0.97738,0.0,-0.06981,108.9879,0.853,stand_1,219.8196,0.0,-0.06981,0.0,-0.06981,Sidewalk
256.5,189.0161,3.0598,-0.97738,0.0,-0.0,108.9879,0.853,stand_1,219.807,0.0,-0.0,0.0,-0.0,Sidewalk
257.0,189.0161,3.0598,-1.01229,0.0,-0.06981,108.9879,0.853,stand_1,219.8196,0.0,-0.06981,0.0,-0.06981,Sidewalk
257.5,189.0161,3.0598,-1.01229,0.0,-0.0,108.9879,0.853,stand_1,219.807,0.0,-0.0,0.0,-0.0,Sidewalk
258.0,189.0161,3.0598,-1.0472,0.0,-0.06981,108.9879,0.853,stand_1,219.8196,0.0,-0.06981,0.0,-0.06981,Sidewalk
258.5,189.0161,3.0598,-1.0472,0.0,-0.0,108.9879,0.853,stand_1,219.807,0.0,-0.0,0.0,-0.0,Sidewalk
259.0,189.0161,3.0598,-1.0821,0.0,-0.06981,108.9879,0.853,stand_1,219.8196,0.0,-0.06981,0.0,-0.06981,Sidewalk
259.5,189.0161,3.0598,-1.0821,0.0,-0.0,108.9879,0.853,stand_1,219.807,0.0,-0.0,0.0,-0.0,Sidewalk
260.0,189.0161,3.0598,-1.11701,0.0,-0.06981,108.9879,0.853,stand_1,219.8196,0.0,-0.06981,0.0,-0.06981,Sidewalk
260.5,189.0161,3.0598,-1.11701,0.0,-0.0,108.9879,0.853,stand_1,219.807,0.0,-0.0,0.0,-0.0,Sidewalk
261.0,189.0161,3.0598,-1.15192,0.0,-0.06981,108.9879,0.853,stand_1,219.8196,0.0,-0.06981,0.0,-0.06981,Sidewalk
261.5,189.0161,3.0598,-1.15192,0.0,-0.0,108.9879,0.853,stand_1,219.807,0.0,-0.0,0.0,-0.0,Sidewalk
262.0,189.0161,3.0598,-1.18682,0.0,-0.06981,108.9879,0.853,stand_1,219.8196,0.0,-0.06981,0.0,-0.06981,Sidewalk
262.5,189.0161,3.0598,-1.18682,0.0,-0.0,108.9879,0.853,stand_1,219.807,0.0,-0.0,0.0,-0.0,Sidewalk
263.0,189.0161,3.0598,-1.22173,0.0,-0.06981,108.9879,0.853,stand_1,219.8196,0.0,-0.06981,0.0,-0.06981,Sidewalk
263.5,189.0161,3.0598,-1.22173,0.0,-0.0,108.9879,0.853,stand_1,219.807,0.0,-0.0,0.0,-0.0,Sidewalk
264.0,189.0161,3.0598,-1.25664,0.0,-0.06981,108.9879,0.853,stand_1,219.8196,0.0,-0.06981,0.0,-0.06981,Sidewalk
264.5,189.0161,3.0598,-1.25664,0.0,-0.0,108.9879,0.853,stand_1,219.807,0.0,-0.0,0.0,-0.0,Sidewalk
265.0,189.0161,3.0598,-1.29154,0.0,-0.06981,108.9879,0.853,stand_1,219.8196,0.0,-0.06981,0.0,-0.06981,Sidewalk
265.5,189.0161,3.0598,-1.29154,0.0,-0.0,108.9879,0.853,stand_1,219.807,0.0,-0.0,0.0,-0.0,Sidewalk
266.0,189.0161,3.0598,-1.32645,0.0,-0.06981,108.9879,0.853,stand_1,219.8196,0.0,-0.06981,0.0,-0.06981,Sidewalk
266.5,189.0161,3.0598,-1.32645,0.0,-0.0,108.9879,0.853,stand_1,219.807,0.0,-0.0,0.0,-0.0,Sidewalk
267.0,189.0161,3.0598,-1.36136,0.0,-0.06981,108.9879,0.853,stand_1,219.8196,0.0,-0.06981,0.0,-0.06981,Sidewalk
267.5,189.0161,3.0598,-1.36136,0.0,-0.0,108.9879,0.853,stand_1,219.807,0.0,-0.0,0.0,-0.0,Sidewalk
268.0,189.0161,3.0598,-1.39626,0.0,-0.06981,108.9879,0.853,stand_1,219.8196,0.0,-0.06981,0.0,-0.06981,Sidewalk
268.5,189.0161,3.0598,-1.39626,0.0,-0.0,108.9879,0.853,stand_1,219.807,0.0,-0.0,0.0,-0.0,Sidewalk
269.0,189.0161,3.0598,-1.43117,0.0,-0.06981,108.9879,0.853,stand_1,219.8196,0.0,-0.06981,0.0,-0.06981,Sidewalk
269.5,189.0161,3.0598,-1.43117,0.0,-0.0,108.9879,0.853,stand_1,219.807,0.0,-0.0,0.0,-0.0,Sidewalk
270.0,189.0161,3.0598,-1.46608,0.0,-0.06981,108.9879,0.853,stand_1,219.8196,0.0,-0.06981,0.0,-0.06981,Sidewalk
270.5,189.0161,3.0598,-1.46608,0.0,-0.0,108.9879,0.853,stand_1,219.807,0.0,-0.0,0.0,-0.0,Sidewalk
271.0,189.0161,3.0598,-1.50098,0.0,-0.06981,108.9879,0.853,stand_1,219.8196,0.0,-0.06981,0.0,-0.06981,Sidewalk
271.5,189.0161,3.0598,-1.50098,0.0,-0.0,108.9879,0.853,stand_1,219.807,0.0,-0.0,0.0,-0.0,Sidewalk
272.0,189.0161,3.0598,-1.53589,0.0,-0.06981,108.9879,0.853,stand_1,219.8196,0.0,-0.06981,0.0,-0.06981,Sidewalk
272.5,189.0161,3.0598,-1.53589,0.0,-0.0,108.9879,0.853,stand_1,219.807,0.0,-0.0,0.0,-0.0,Sidewalk
273.0,189.0161,3.0598,-1.5708,0.0,-0.06981,108.9879,0.853,stand_1,219.8196,0.0,-0.06981,0.0,-0.06981,Sidewalk
273.5,189.0161,3.0598,-1.5708,0.0,-0.0,108.9879,0.853,stand_1,219.807,0.0,-0.0,0.0,-0.0,Sidewalk
274.0,189.0161,3.0598,-1.6057,0.0,-0.06981,108.9879,0.853,stand_1,219.8196,0.0,-0.06981,0.0,-0.06981,Sidewalk
274.5,189.0161,3.0598,-1.6057,0.0,-0.0,108.9879,0.853,stand_1,219.807,0.0,-0.0,0.0,-0.0,Sidewalk
275.0,189.0161,3.0598,-1.64061,0.0,-0.06981,108.9879,0.853,stand_1,219.8196,0.0,-0.06981,0.0,-0.06981,Sidewalk
275.5,189.0161,3.0598,-1.64061,0.0,-0.0,108.9879,0.853,stand_1,219.807,0.0,-0.0,0.0,-0.0,Sidewalk
276.0,189.0161,3.0598,-1.67552,0.0,-0.06981,108.9879,0.853,stand_1,219.8196,0.0,-0.06981,0.0,-0.06981,Sidewalk
276.5,189.0161,3.0598,-1.67552,0.0,-0.0,108.9879,0.853,stand_1,219.807,0.0,-0.0,0.0,-0.0,Sidewalk
277.0,189.0161,3.0598,-1.71042,0.0,-0.06981,108.9879,0.853,stand_1,219.8196,0.0,-0.06981,0.0,-0.06981,Sidewalk
277.5,189.0161,3.0598,-1.71042,0.0,-0.0,108.9879,0.853,stand_1,219.807,0.0,-0.0,0.0,-0.0,Sidewalk
278.0,189.0161,3.0598,-1.74533,0.0,-0.06981,108.9879,0.853,stand_1,219.8196,0.0,-0.06981,0.0,-0.06981,Sidewalk
278.5,189.0161,3.0598,-1.74533,0.0,-0.0,108.9879,0.853,stand_1,219.807,0.0,-0.0,0.0,-0.0,Sidewalk
279.0,189.0161,3.0598,-1.78024,0.0,-0.06981,108.9879,0.853,stand_1,219.8196,0.0,-0.06981,0.0,-0.06981,Sidewalk
279.5,189.0161,3.0598,-1.78024,0.0,-0.0,108.9879,0.853,stand_1,219.807,0.0,-0.0,0.0,-0.0,Sidewalk
280.0,189.0161,3.0598,-1.81514,0.0,-0.06981,108.9879,0.853,stand_1,219.8196,0.0,-0.06981,0.0,-0.06981,Sidewalk
280.5,189.0161,3.0598,-1.81514,0.0,-0.0,108.9879,0.853,stand_1,219.807,0.0,-0.0,0.0,-0.0,Sidewalk
281.0,189.0161,3.0598,-1.85005,0.0,-0.06981,108.9879,0.853,stand_1,219.8196,0.0,-0.06981,0.0,-0.06981,Sidewalk
281.5,189.0161,3.0598,-1.85005,0.0,-0.0,108.9879,0.853,stand_1,219.807,0.0,-0.0,0.0,-0.0,Sidewalk
282.0,189.0161,3.0598,-1.88496,0.0,-0.06981,108.9879,0.853,stand_1,219.8196,0.0,-0.06981,0.0,-0.06981,Sidewalk
282.5,189.0161,3.0598,-1.88496,0.0,-0.0,108.9879,0.853,stand_1,219.807,0.0,-0.0,0.0,-0.0,Sidewalk
283.0,189.0161,3.0598,-1.91986,0.0,-0.06981,108.9879,0.853,stand_1,219.8196,0.0,-0.06981,0.0,-0.06981,Sidewalk
283.5,189.0161,3.0598,-1.91986,0.0,-0.0,108.9879,0.853,stand_1,219.807,0.0,-0.0,0.0,-0.0,Sidewalk
284.0,189.0161,3.0598,-1.95477,0.0,-0.06981,108.9879,0.853,stand_1,219.8196,0.0,-0.06981,0.0,-0.06981,Sidewalk
284.5,189.0161,3.0598,-1.95477,0.0,-0.0,108.9879,0.853,stand_1,219.807,0.0,-0.0,0.0,-0.0,Sidewalk
285.0,189.0161,3.0598,-1.98968,0.0,-0.06981,108.9879,0.853,stand_1,219.8196,0.0,-0.06981,0.0,-0.06981,Sidewalk
285.5,189.0161,3.0598,-1.98968,0.0,-0.0,108.9879,0.853,stand_1,219.807,0.0,-0.0,0.0,-0.0,Sidewalk
286.0,189.0161,3.0598,-2.02458,0.0,-0.06981,108.9879,0.853,stand_1,219.8196,0.0,-0.06981,0.0,-0.06981,Sidewalk
286.5,189.0161,3.0598,-2.02458,0.0,-0.0,108.9879,0.853,stand_1,219.807,0.0,-0.0,0.0,-0.0,Sidewalk
287.0,189.0161,3.0598,-2.05949,0.0,-0.06981,108.9879,0.853,stand_1,219.8196,0.0,-0.06981,0.0,-0.06981,Sidewalk
287.5,189.0161,3.0598,-2.05949,0.0,-0.0,108.9879,0.853,stand_1,219.807,0.0,-0.0,0.0,-0.0,Sidewalk
288.0,189.0161,3.0598,-2.0944,0.0,-0.06981,108.9879,0.853,stand_1,219.8196,0.0,-0.06981,0.0,-0.06981,Sidewalk
288.5,189.0161,3.0598,-2.0944,0.0,-0.0,108.9879,0.853,stand_1,219.807,0.0,-0.0,0.0,-0.0,Sidewalk
289.0,189.0161,3.0598,-2.05949,0.0,0.06981,108.9879,0.853,stand_1,219.8196,0.0,0.06981,0.0,0.06981,Sidewalk
289.5,189.0161,3.0598,-2.05949,0.0,-0.0,108.9879,0.853,stand_1,219.807,0.0,-0.0,0.0,-0.0,Sidewalk
290.0,189.0161,3.0598,-2.02458,0.0,0.06981,108.9879,0.853,stand_1,219.8196,0.0,0.06981,0.0,0.06981,Sidewalk
290.5,189.0161,3.0598,-2.02458,0.0,-0.0,108.9879,0.853,stand_1,219.807,0.0,-0.0,0.0,-0.0,Sidewalk
291.0,189.0161,3.0598,-1.98968,0.0,0.06981,108.9879,0.853,stand_1,219.8196,0.0,0.06981,0.0,0.06981,Sidewalk
291.5,189.0161,3.0598,-1.98968,0.0,-0.0,108.9879,0.853,stand_1,219.807,0.0,-0.0,0.0,-0.0,Sidewalk
292.0,189.0161,3.0598,-1.95477,0.0,0.06981,108.9879,0.853,stand_1,219.8196,0.0,0.06981,0.0,0.06981,Sidewalk
292.5,189.0161,3.0598,-1.95477,0.0,-0.0,108.9879,0.853,stand_1,219.807,0.0,-0.0,0.0,-0.0,Sidewalk
293.0,189.0161,3.0598,-1.91986,0.0,0.06981,108.9879,0.853,stand_1,219.8196,0.0,0.06981,0.0,0.06981,Sidewalk
293.5,189.0161,3.0598,-1.91986,0.0,-0.0,108.9879,0.853,stand_1,219.807,0.0,-0.0,0.0,-0.0,Sidewalk
294.0,189.0161,3.0598,-1.88496,0.0,0.06981,108.9879,0.853,stand_1,219.8196,0.0,0.06981,0.0,0.06981,Sidewalk
294.5,189.0161,3.0598,-1.88496,0.0,-0.0,108.9879,0.853,stand_1,219.807,0.0,-0.0,0.0,-0.0,Sidewalk
295.0,189.0161,3.0598,-1.85005,0.0,0.06981,108.9879,0.853,stand_1,219.8196,0.0,0.06981,0.0,0.06981,Sidewalk
295.5,189.0161,3.0598,-1.85005,0.0,-0.0,108.9879,0.853,stand_1,219.807,0.0,-0.0,0.0,-0.0,Sidewalk
296.0,189.0161,3.0598,-1.81514,0.0,0.06981,108.9879,0.853,stand_1,219.8196,0.0,0.06981,0.0,0.06981,Sidewalk
296.5,189.0161,3.0598,-1.81514,0.0,-0.0,108.9879,0.853,stand_1,219.807,0.0,-0.0,0.0,-0.0,Sidewalk
297.0,189.0161,3.0598,-1.78024,0.0,0.06981,108.9879,0.853,stand_1,219.8196,0.0,0.06981,0.0,0.06981,Sidewalk
297.5,189.0161,3.0598,-1.78024,0.0,-0.0,108.9879,0.853,stand_1,219.807,0.0,-0.0,0.0,-0.0,Sidewalk
298.0,189.0161,3.0598,-1.74533,0.0,0.06981,108.9879,0.853,stand_1,219.8196,0.0,0.06981,0.0,0.06981,Sidewalk
298.5,189.0161,3.0598,-1.74533,0.0,-0.0,108.9879,0.853,stand_1,219.807,0.0,-0.0,0.0,-0.0,Sidewalk
299.0,189.0161,3.0598,-1.71042,0.0,0.06981,108.9879,0.853,stand_1,219.8196,0.0,0.06981,0.0,0.06981,Sidewalk
299.5,189.0161,3.0598,-1.71042,0.0,-0.0,108.9879,0.853,stand_1,219.807,0.0,-0.0,0.0,-0.0,Sidewalk
300.0,189.0161,3.0598,-1.67552,0.0,0.06981,108.9879,0.853,stand_1,219.8196,0.0,0.06981,0.0,0.06981,Sidewalk
300.5,189.0161,3.0598,-1.67552,0.0,-0.0,108.9879,0.853,stand_1,219.807,0.0,-0.0,0.0,-0.0,Sidewalk
301.0,189.0161,3.0598,-1.64061,0.0,0.06981,108.9879,0.853,stand_1,219.8196,0.0,0.06981,0.0,0.06981,Sidewalk
301.5,189.0161,3.0598,-1.64061,0.0,-0.0,108.9879,0.853,stand_1,219.807,0.0,-0.0,0.0,-0.0,Sidewalk
302.0,189.0161,3.0598,-1.6057,0.0,0.06981,108.9879,0.853,stand_1,219.8196,0.0,0.06981,0.0,0.06981,Sidewalk
302.5,189.0161,3.0598,-1.6057,0.0,-0.0,108.9879,0.853,stand_1,219.807,0.0,-0.0,0.0,-0.0,Sidewalk
303.0,189.0161,3.0598,-1.5708,0.0,0.06981,108.9879,0.853,stand_1,219.8196,0.0,0.06981,0.0,0.06981,Sidewalk
303.5,189.0161,3.0598,-1.5708,0.0,-0.0,108.9879,0.8529,stand_1,219.807,0.0,-0.0,0.0,-0.0,Sidewalk
304.0,189.0161,3.0598,-1.53589,0.0,0.06981,108.9879,0.8529,stand_1,219.8196,0.0,0.06981,0.0,0.06981,Sidewalk
304.5,189.0161,3.0598,-1.53589,0.0,-0.0,108.9879,0.8529,stand_1,219.807,0.0,-0.0,0.0,-0.0,Sidewalk
305.0,189.0161,3.0598,-1.50098,0.0,0.06981,108.9879,0.8529,stand_1,219.8196,0.0,0.06981,0.0,0.06981,Sidewalk
305.5,189.0161,3.0598,-1.50098,0.0,-0.0,108.9879,0.8529,stand_1,219.807,0.0,-0.0,0.0,-0.0,Sidewalk
306.0,189.0161,3.0598,-1.46608,0.0,0.06981,108.9879,0.8529,stand_1,219.8196,0.0,0.06981,0.0,0.06981,Sidewalk
306.5,189.0161,3.0598,-1.46608,0.0,-0.0,108.9879,0.8529,stand_1,219.807,0.0,-0.0,0.0,-0.0,Sidewalk
307.0,189.0161,3.0598,-1.43117,0.0,0.06981,108.9879,0.8529,stand_1,219.8196,0.0,0.06981,0.0,0.06981,Sidewalk
307.5,189.0161,3.0598,-1.43117,0.0,-0.0,108.9879,0.8529,stand_1,219.807,0.0,-0.0,0.0,-0.0,Sidewalk
308.0,189.0161,3.0598,-1.39626,0.0,0.06981,108.9879,0.8529,stand_1,219.8196,0.0,0.06981,0.0,0.06981,Sidewalk
308.5,189.0161,3.0598,-1.39626,0.0,-0.0,108.9879,0.8529,stand_1,219.8071,0.0,-0.0,0.0,-0.0,Sidewalk
309.0,189.0161,3.0598,-1.36136,0.0,0.06981,108.9879,0.8529,stand_1,219.8196,0.0,0.06981,0.0,0.06981,Sidewalk
309.5,189.0161,3.0598,-1.36136,0.0,-0.0,108.9879,0.8529,stand_1,219.8071,0.0,-0.0,0.0,-0.0,Sidewalk
310.0,189.0161,3.0598,-1.32645,0.0,0.06981,108.9879,0.8529,stand_1,219.8196,0.0,0.06981,0.0,0.06981,Sidewalk
310.5,189.0161,3.0598,-1.32645,0.0,-0.0,108.9879,0.8529,stand_1,219.8071,0.0,-0.0,0.0,-0.0,Sidewalk
311.0,189.0161,3.0598,-1.29154,0.0,0.06981,108.9879,0.8529,stand_1,219.8196,0.0,0.06981,0.0,0.06981,Sidewalk
311.5,189.0161,3.0598,-1.29154,0.0,-0.0,108.9879,0.8529,stand_1,219.8071,0.0,-0.0,0.0,-0.0,Sidewalk
312.0,189.0161,3.0598,-1.25664,0.0,0.06981,108.9879,0.8529,stand_1,219.8196,0.0,0.06981,0.0,0.06981,Sidewalk
312.5,189.0161,3.0598,-1.25664,0.0,-0.0,108.9879,0.8529,stand_1,219.8071,0.0,-0.0,0.0,-0.0,Sidewalk
313.0,189.0161,3.0598,-1.22173,0.0,0.06981,108.9879,0.8529,stand_1,219.8197,0.0,0.06981,0.0,0.06981,Sidewalk
313.5,189.0161,3.0598,-1.22173,0.0,-0.0,108.9879,0.8529,stand_1,219.8071,0.0,-0.0,0.0,-0.0,Sidewalk
314.0,189.0161,3.0598,-1.18682,0.0,0.06981,108.9879,0.8529,stand_1,219.8197,0.0,0.06981,0.0,0.06981,Sidewalk
314.5,189.0161,3.0598,-1.18682,0.0,-0.0,108.9879,0.8529,stand_1,219.8071,0.0,-0.0,0.0,-0.0,Sidewalk
315.0,189.0161,3.0598,-1.15192,0.0,0.06981,108.9879,0.8529,stand_1,219.8197,0.0,0.06981,0.0,0.06981,Sidewalk
315.5,189.0161,3.0598,-1.15192,0.0,-0.0,108.9879,0.8529,stand_1,219.8071,0.0,-0.0,0.0,-0.0,Sidewalk
316.0,189.0161,3.0598,-1.11701,0.0,0.06981,108.9879,0.8529,stand_1,219.8197,0.0,0.06981,0.0,0.06981,Sidewalk
316.5,189.0161,3.0598,-1.11701,0.0,-0.0,108.9879,0.8529,stand_1,219.8071,0.0,-0.0,0.0,-0.0,Sidewalk
317.0,189.0161,3.0598,-1.0821,0.0,0.06981,108.9879,0.8529,stand_1,219.8197,0.0,0.06981,0.0,0.06981,Sidewalk
317.5,189.0161,3.0598,-1.0821,0.0,-0.0,108.9879,0.8529,stand_1,219.8071,0.0,-0.0,0.0,-0.0,Sidewalk
318.0,189.0161,3.0598,-1.0472,0.0,0.06981,108.9879,0.8529,stand_1,219.8197,0.0,0.06981,0.0,0.06981,Sidewalk
318.5,189.0161,3.0598,-1.0472,0.0,-0.0,108.9879,0.8529,stand_1,219.8071,0.0,-0.0,0.0,-0.0,Sidewalk
319.0,189.0161,3.0598,-1.01229,0.0,0.06981,108.9879,0.8529,stand_1,219.8197,0.0,0.06981,0.0,0.06981,Sidewalk
319.5,189.0161,3.0598,-1.01229,0.0,-0.0,108.9879,0.8529,stand_1,219.8071,0.0,-0.0,0.0,-0.0,Sidewalk
320.0,189.0161,3.0598,-0.97738,0.0,0.06981,108.9879,0.8529,stand_1,219.8197,0.0,0.06981,0.0,0.06981,Sidewalk
320.5,189.0161,3.0598,-0.97738,0.0,-0.0,108.9879,0.8529,stand_1,219.8071,0.0,-0.0,0.0,-0.0,Sidewalk
321.0,189.0161,3.0598,-0.94248,0.0,0.06981,108.9879,0.8529,stand_1,219.8197,0.0,0.06981,0.0,0.06981,Sidewalk
321.5,189.0161,3.0598,-0.94248,0.0,-0.0,108.9879,0.8529,stand_1,219.8071,0.0,-0.0,0.0,-0.0,Sidewalk
322.0,189.0161,3.0598,-0.90757,0.0,0.06981,108.9879,0.8529,stand_1,219.8197,0.0,0.06981,0.0,0.06981,Sidewalk
322.5,189.0161,3.0598,-0.90757,0.0,-0.0,108.9879,0.8529,stand_1,219.8072,0.0,-0.0,0.0,-0.0,Sidewalk
323.0,189.0161,3.0598,-0.87266,0.0,0.06981,108.9879,0.8529,stand_1,219.8197,0.0,0.06981,0.0,0.06981,Sidewalk
323.5,189.0161,3.0598,-0.87266,0.0,-0.0,108.9879,0.8529,stand_1,219.8072,0.0,-0.0,0.0,-0.0,Sidewalk
324.0,189.0161,3.0598,-0.83776,0.0,0.06981,108.9879,0.8529,stand_1,219.8197,0.0,0.06981,0.0,0.06981,Sidewalk
324.5,189.0161,3.0598,-0.83776,0.0,-0.0,108.9879,0.8529,stand_1,219.8072,0.0,-0.0,0.0,-0.0,Sidewalk
325.0,189.0161,3.0598,-0.80285,0.0,0.06981,108.9879,0.8529,stand_1,219.8197,0.0,0.06981,0.0,0.06981,Sidewalk
325.5,189.0161,3.0598,-0.80285,0.0,-0.0,108.9879,0.8529,stand_1,219.8072,0.0,-0.0,0.0,-0.0,Sidewalk
326.0,189.0161,3.0598,-0.76794,0.0,0.06981,108.9879,0.8529,stand_1,219.8197,0.0,0.06981,0.0,0.06981,Sidewalk
326.5,189.0161,3.0598,-0.76794,0.0,-0.0,108.9879,0.8529,stand_1,219.8072,0.0,-0.0,0.0,-0.0,Sidewalk
327.0,189.0161,3.0598,-0.73304,0.0,0.06981,108.9879,0.8529,stand_1,219.8198,0.0,0.06981,0.0,0.06981,Sidewalk
327.5,189.0161,3.0598,-0.73304,0.0,-0.0,108.9879,0.8529,stand_1,219.8072,0.0,-0.0,0.0,-0.0,Sidewalk
328.0,189.0161,3.0598,-0.69813,0.0,0.06981,108.9879,0.8529,stand_1,219.8198,0.0,0.06981,0.0,0.06981,Sidewalk
328.5,189.0161,3.0598,-0.69813,0.0,-0.0,108.9879,0.8529,stand_1,219.8072,0.0,-0.0,0.0,-0.0,Sidewalk
329.0,189.0161,3.0598,-0.66323,0.0,0.06981,108.9879,0.8529,stand_1,219.8198,0.0,0.06981,0.0,0.06981,Sidewalk
329.5,189.0161,3.0598,-0.66323,0.0,-0.0,108.9879,0.8529,stand_1,219.8072,0.0,-0.0,0.0,-0.0,Sidewalk
330.0,189.0161,3.0598,-0.62832,0.0,0.06981,108.9879,0.8529,stand_1,219.8198,0.0,0.06981,0.0,0.06981,Sidewalk
330.5,189.0161,3.0598,-0.62832,0.0,-0.0,108.9879,0.8529,stand_1,219.8072,0.0,-0.0,0.0,-0.0,Sidewalk
331.0,189.0161,3.0598,-0.59341,0.0,0.06981,108.9879,0.8529,stand_1,219.8198,0.0,0.06981,0.0,0.06981,Sidewalk
331.5,189.0161,3.0598,-0.59341,0.0,-0.0,108.9879,0.8529,stand_1,219.8072,0.0,-0.0,0.0,-0.0,Sidewalk
332.0,189.0161,3.0598,-0.55851,0.0,0.06981,108.9879,0.8529,stand_1,219.8198,0.0,0.06981,0.0,0.06981,Sidewalk
332.5,189.0161,3.0598,-0.55851,0.0,-0.0,108.9879,0.8529,stand_1,219.8072,0.0,-0.0,0.0,-0.0,Sidewalk
333.0,189.0161,3.0598,-0.5236,0.0,0.06981,108.9879,0.8529,stand_1,219.8198,0.0,0.06981,0.0,0.06981,Sidewalk
333.5,189.0161,3.0598,-0.5236,0.0,-0.0,108.9879,0.8529,stand_1,219.8072,0.0,-0.0,0.0,-0.0,Sidewalk
334.0,189.0161,3.0598,-0.48869,0.0,0.06981,108.9879,0.8529,stand_1,219.8198,0.0,0.06981,0.0,0.06981,Sidewalk
334.5,189.0161,3.0598,-0.48869,0.0,-0.0,108.9879,0.8529,stand_1,219.8073,0.0,-0.0,0.0,-0.0,Sidewalk
335.0,189.0161,3.0598,-0.45379,0.0,0.06981,108.9879,0.8529,stand_1,219.8198,0.0,0.06981,0.0,0.06981,Sidewalk
335.5,189.0161,3.0598,-0.45379,0.0,-0.0,108.9879,0.8529,stand_1,219.8073,0.0,-0.0,0.0,-0.0,Sidewalk
336.0,189.0161,3.0598,-0.41888,0.0,0.06981,108.9879,0.8529,stand_1,219.8198,0.0,0.06981,0.0,0.06981,Sidewalk
336.5,189.0161,3.0598,-0.41888,0.0,-0.0,108.9879,0.8529,stand_1,219.8073,0.0,-0.0,0.0,-0.0,Sidewalk
337.0,189.0161,3.0598,-0.38397,0.0,0.06981,108.9879,0.8529,stand_1,219.8198,0.0,0.06981,0.0,0.06981,Sidewalk
337.5,189.0161,3.0598,-0.38397,0.0,-0.0,108.9879,0.8529,stand_1,219.8073,0.0,-0.0,0.0,-0.0,Sidewalk
338.0,189.0161,3.0598,-0.34907,0.0,0.06981,108.9879,0.8529,stand_1,219.8199,0.0,0.06981,0.0,0.06981,Sidewalk
338.5,189.0161,3.0598,-0.34907,0.0,-0.0,108.9879,0.8529,stand_1,219.8073,0.0,-0.0,0.0,-0.0,Sidewalk
339.0,189.0161,3.0598,-0.31416,0.0,0.06981,108.9879,0.8528,stand_1,219.8199,0.0,0.06981,0.0,0.06981,Sidewalk
339.5,189.0161,3.0598,-0.31416,0.0,-0.0,108.9879,0.8528,stand_1,219.8073,0.0,-0.0,0.0,-0.0,Sidewalk
340.0,189.0161,3.0598,-0.27925,0.0,0.06981,108.9879,0.8528,stand_1,219.8199,0.0,0.06981,0.0,0.06981,Sidewalk
340.5,189.0161,3.0598,-0.27925,0.0,-0.0,108.9879,0.8528,stand_1,219.8073,0.0,-0.0,0.0,-0.0,Sidewalk
341.0,189.0161,3.0598,-0.24435,0.0,0.06981,108.9879,0.8528,stand_1,219.8199,0.0,0.06981,0.0,0.06981,Sidewalk
341.5,189.0161,3.0598,-0.24435,0.0,-0.0,108.9879,0.8528,stand_1,219.8073,0.0,-0.0,0.0,-0.0,Sidewalk
342.0,189.0161,3.0598,-0.20944,0.0,0.06981,108.9879,0.8528,stand_1,219.8199,0.0,0.06981,0.0,0.06981,Sidewalk
342.5,189.0161,3.0598,-0.20944,0.0,-0.0,108.9879,0.8528,stand_1,219.8073,0.0,-0.0,0.0,-0.0,Sidewalk
343.0,189.0161,3.0598,-0.17453,0.0,0.06981,108.9879,0.8528,stand_1,219.8199,0.0,0.06981,0.0,0.06981,Sidewalk
343.5,189.0161,3.0598,-0.17453,0.0,-0.0,108.9879,0.8528,stand_1,219.8073,0.0,-0.0,0.0,-0.0,Sidewalk
344.0,189.0161,3.0598,-0.13963,0.0,0.06981,108.9879,0.8528,stand_1,219.8199,0.0,0.06981,0.0,0.06981,Sidewalk
344.5,189.0161,3.0598,-0.13963,0.0,-0.0,108.9879,0.8528,stand_1,219.8073,0.0,-0.0,0.0,-0.0,Sidewalk
345.0,189.0161,3.0598,-0.10472,0.0,0.06981,108.9879,0.8528,stand_1,219.8199,0.0,0.06981,0.0,0.06981,Sidewalk
345.5,189.0161,3.0598,-0.10472,0.0,-0.0,108.9879,0.8528,stand_1,219.8074,0.0,-0.0,0.0,-0.0,Sidewalk
346.0,189.0161,3.0598,-0.06981,0.0,0.06981,108.9879,0.8528,stand_1,219.8199,0.0,0.06981,0.0,0.06981,Sidewalk
346.5,189.0161,3.0598,-0.06981,0.0,-0.0,108.9879,0.8528,stand_1,219.8074,0.0,-0.0,0.0,-0.0,Sidewalk
347.0,189.0161,3.0598,-0.03491,0.0,0.06981,108.9879,0.8528,stand_1,219.8199,0.0,0.06981,0.0,0.06981,Sidewalk
347.5,189.0161,3.0598,-0.03491,0.0,-0.0,108.9879,0.8528,stand_1,219.8074,0.0,-0.0,0.0,-0.0,Sidewalk
348.0,189.0161,3.0598,-0.0,0.0,0.06981,108.9879,0.8528,stand_1,219.8199,0.0,0.06981,0.0,0.06981,Sidewalk
348.5,189.0161,3.0598,-0.0,0.0,-0.0,108.9879,0.8528,stand_1,219.8074,0.0,-0.0,0.0,-0.0,Sidewalk
349.0,189.0161,3.0598,0.03491,0.0,0.06981,108.9879,0.8528,stand_1,219.8199,0.0,0.06981,0.0,0.06981,Sidewalk
349.5,189.0161,3.0598,0.03491,0.0,-0.0,108.9879,0.8528,stand_1,219.8074,0.0,-0.0,0.0,-0.0,Sidewalk
350.0,189.0161,3.0598,0.06981,0.0,0.06981,108.9879,0.8528,stand_1,219.8199,0.0,0.06981,0.0,0.06981,Sidewalk
350.5,189.0161,3.0598,0.06981,0.0,-0.0,108.9879,0.8528,stand_1,219.8074,0.0,-0.0,0.0,-0.0,Sidewalk
351.0,189.0161,3.0598,0.10472,0.0,0.06981,108.9879,0.8528,stand_1,219.82,0.0,0.06981,0.0,0.06981,Sidewalk
351.5,189.0161,3.0598,0.10472,0.0,-0.0,108.9879,0.8528,stand_1,219.8074,0.0,-0.0,0.0,-0.0,Sidewalk
352.0,189.0161,3.0598,0.13963,0.0,0.06981,108.9879,0.8528,stand_1,219.82,0.0,0.06981,0.0,0.06981,Sidewalk
352.5,189.0161,3.0598,0.13963,0.0,-0.0,108.9879,0.8528,stand_1,219.8074,0.0,-0.0,0.0,-0.0,Sidewalk
353.0,189.0161,3.0598,0.17453,0.0,0.06981,108.9879,0.8528,stand_1,219.82,0.0,0.06981,0.0,0.06981,Sidewalk
353.5,189.0161,3.0598,0.17453,0.0,-0.0,108.9879,0.8528,stand_1,219.8074,0.0,-0.0,0.0,-0.0,Sidewalk
354.0,189.0161,3.0598,0.20944,0.0,0.06981,108.9879,0.8528,stand_1,219.82,0.0,0.06981,0.0,0.06981,Sidewalk
354.5,189.0161,3.0598,0.20944,0.0,-0.0,108.9879,0.8528,stand_1,219.8074,0.0,-0.0,0.0,-0.0,Sidewalk
355.0,189.0161,3.0598,0.24435,0.0,0.06981,108.9879,0.8528,stand_1,219.82,0.0,0.06981,0.0,0.06981,Sidewalk
355.5,189.0161,3.0598,0.24435,0.0,-0.0,108.9879,0.8528,stand_1,219.8074,0.0,-0.0,0.0,-0.0,Sidewalk
356.0,189.0161,3.0598,0.27925,0.0,0.06981,108.9879,0.8528,stand_1,219.82,0.0,0.06981,0.0,0.06981,Sidewalk
356.5,189.0161,3.0598,0.27925,0.0,-0.0,108.9879,0.8528,stand_1,219.8074,0.0,-0.0,0.0,-0.0,Sidewalk
357.0,189.0161,3.0598,0.31416,0.0,0.06981,108.9879,0.8528,stand_1,219.82,0.0,0.06981,0.0,0.06981,Sidewalk
357.5,189.0161,3.0598,0.31416,0.0,-0.0,108.9879,0.8528,stand_1,219.8074,0.0,-0.0,0.0,-0.0,Sidewalk
358.0,189.0161,3.0598,0.34907,0.0,0.06981,108.9879,0.8528,stand_1,219.82,0.0,0.06981,0.0,0.06981,Sidewalk
358.5,189.0161,3.0598,0.34907,0.0,-0.0,108.9879,0.8528,stand_1,219.8075,0.0,-0.0,0.0,-0.0,Sidewalk
359.0,189.0161,3.0598,0.38397,0.0,0.06981,108.9879,0.8528,stand_1,219.82,0.0,0.06981,0.0,0.06981,Sidewalk
359.5,189.0161,3.0598,0.38397,0.0,-0.0,108.9879,0.8528,stand_1,219.8075,0.0,-0.0,0.0,-0.0,Sidewalk
360.0,189.0161,3.0598,0.41888,0.0,0.06981,108.9879,0.8528,stand_1,219.82,0.0,0.06981,0.0,0.06981,Sidewalk
360.5,189.0161,3.0598,0.41888,0.0,-0.0,108.9879,0.8528,stand_1,219.8075,0.0,-0.0,0.0,-0.0,Sidewalk
361.0,189.0161,3.0598,0.45379,0.0,0.06981,108.9879,0.8528,stand_1,219.82,0.0,0.06981,0.0,0.06981,Sidewalk
361.5,189.0161,3.0598,0.45379,0.0,-0.0,108.9879,0.8528,stand_1,219.8075,0.0,-0.0,0.0,-0.0,Sidewalk
362.0,189.0161,3.0598,0.48869,0.0,0.06981,108.9879,0.8528,stand_1,219.82,0.0,0.06981,0.0,0.06981,Sidewalk
362.5,189.0161,3.0598,0.48869,0.0,-0.0,108.9879,0.8528,stand_1,219.8075,0.0,-0.0,0.0,-0.0,Sidewalk
363.0,189.0161,3.0598,0.5236,0.0,0.06981,108.9879,0.8528,stand_1,219.8201,0.0,0.06981,0.0,0.06981,Sidewalk
363.5,189.0161,3.0598,0.5236,0.0,-0.0,108.9879,0.8528,stand_1,219.8075,0.0,-0.0,0.0,-0.0,Sidewalk
364.0,189.0161,3.0598,0.55851,0.0,0.06981,108.9879,0.8528,stand_1,219.8201,0.0,0.06981,0.0,0.06981,Sidewalk
364.5,189.0161,3.0598,0.55851,0.0,-0.0,108.9879,0.8528,stand_1,219.8075,0.0,-0.0,0.0,-0.0,Sidewalk
365.0,189.0161,3.0598,0.59341,0.0,0.06981,108.9879,0.8528,stand_1,219.8201,0.0,0.06981,0.0,0.06981,Sidewalk
365.5,189.0161,3.0598,0.59341,0.0,-0.0,108.9879,0.8528,stand_1,219.8075,0.0,-0.0,0.0,-0.0,Sidewalk
366.0,189.0161,3.0598,0.62832,0.0,0.06981,108.9879,0.8528,stand_1,219.8201,0.0,0.06981,0.0,0.06981,Sidewalk
366.5,189.0161,3.0598,0.62832,0.0,-0.0,108.9879,0.8528,stand_1,219.8075,0.0,-0.0,0.0,-0.0,Sidewalk
367.0,189.0161,3.0598,0.66323,0.0,0.06981,108.9879,0.8528,stand_1,219.8201,0.0,0.06981,0.0,0.06981,Sidewalk
367.5,189.0161,3.0598,0.66323,0.0,-0.0,108.9879,0.8528,stand_1,219.8075,0.0,-0.0,0.0,-0.0,Sidewalk
368.0,189.0161,3.0598,0.69813,0.0,0.06981,108.9879,0.8528,stand_1,219.8201,0.0,0.06981,0.0,0.06981,Sidewalk
368.5,189.0161,3.0598,0.69813,0.0,-0.0,108.9879,0.8528,stand_1,219.8075,0.0,-0.0,0.0,-0.0,Sidewalk
369.0,189.0161,3.0598,0.73304,0.0,0.06981,108.9879,0.8528,stand_1,219.8201,0.0,0.06981,0.0,0.06981,Sidewalk
369.5,189.0161,3.0598,0.73304,0.0,-0.0,108.9879,0.8528,stand_1,219.8075,0.0,-0.0,0.0,-0.0,Sidewalk
370.0,189.0161,3.0598,0.76794,0.0,0.06981,108.9879,0.8528,stand_1,219.8201,0.0,0.06981,0.0,0.06981,Sidewalk
370.5,189.0161,3.0598,0.76794,0.0,-0.0,108.9879,0.8528,stand_1,219.8075,0.0,-0.0,0.0,-0.0,Sidewalk
371.0,189.0161,3.0598,0.80285,0.0,0.06981,108.9879,0.8528,stand_1,219.8201,0.0,0.06981,0.0,0.06981,Sidewalk
371.5,189.0161,3.0598,0.80285,0.0,-0.0,108.9879,0.8528,stand_1,219.8076,0.0,-0.0,0.0,-0.0,Sidewalk
372.0,189.0161,3.0598,0.83776,0.0,0.06981,108.9879,0.8528,stand_1,219.8201,0.0,0.06981,0.0,0.06981,Sidewalk
372.5,189.0161,3.0598,0.83776,0.0,-0.0,108.9879,0.8528,stand_1,219.8076,0.0,-0.0,0.0,-0.0,Sidewalk
373.0,189.0161,3.0598,0.87266,0.0,0.06981,108.9879,0.8528,stand_1,219.8201,0.0,0.06981,0.0,0.06981,Sidewalk
373.5,189.0161,3.0598,0.87266,0.0,-0.0,108.9879,0.8528,stand_1,219.8076,0.0,-0.0,0.0,-0.0,Sidewalk
374.0,189.0161,3.0598,0.90757,0.0,0.06981,108.9879,0.8528,stand_1,219.8201,0.0,0.06981,0.0,0.06981,Sidewalk
374.5,189.0161,3.0598,0.90757,0.0,-0.0,108.9879,0.8528,stand_1,219.8076,0.0,-0.0,0.0,-0.0,Sidewalk
375.0,189.0161,3.0598,0.94248,0.0,0.06981,108.9879,0.8528,stand_1,219.8201,0.0,0.06981,0.0,0.06981,Sidewalk
375.5,189.0161,3.0598,0.94248,0.0,-0.0,108.9879,0.8528,stand_1,219.8076,0.0,-0.0,0.0,-0.0,Sidewalk
376.0,189.0161,3.0598,0.97738,0.0,0.06981,108.9879,0.8528,stand_1,219.8202,0.0,0.06981,0.0,0.06981,Sidewalk
376.5,189.0161,3.0598,0.97738,0.0,-0.0,108.9879,0.8528,stand_1,219.8076,0.0,-0.0,0.0,-0.0,Sidewalk
377.0,189.0161,3.0598,1.01229,0.0,0.06981,108.9879,0.8527,stand_1,219.8202,0.0,0.06981,0.0,0.06981,Sidewalk
377.5,189.0161,3.0598,1.01229,0.0,-0.0,108.9879,0.8527,stand_1,219.8076,0.0,-0.0,0.0,-0.0,Sidewalk
378.0,189.0161,3.0598,1.0472,0.0,0.06981,108.9879,0.8527,stand_1,219.8202,0.0,0.06981,0.0,0.06981,Sidewalk
378.5,189.0161,3.0598,1.0472,0.0,-0.0,108.9879,0.8527,stand_1,219.8076,0.0,-0.0,0.0,-0.0,Sidewalk
379.0,189.0161,3.0598,1.0821,0.0,0.06981,108.9879,0.8527,stand_1,219.8202,0.0,0.06981,0.0,0.06981,Sidewalk
379.5,189.0161,3.0598,1.0821,0.0,-0.0,108.9879,0.8527,stand_1,219.8076,0.0,-0.0,0.0,-0.0,Sidewalk
380.0,189.0161,3.0598,1.11701,0.0,0.06981,108.9879,0.8527,stand_1,219.8202,0.0,0.06981,0.0,0.06981,Sidewalk
380.5,189.0161,3.0598,1.11701,0.0,-0.0,108.9879,0.8527,stand_1,219.8076,0.0,-0.0,0.0,-0.0,Sidewalk
381.0,189.0161,3.0598,1.15192,0.0,0.06981,108.9879,0.8527,stand_1,219.8202,0.0,0.06981,0.0,0.06981,Sidewalk
381.5,189.0161,3.0598,1.15192,0.0,-0.0,108.9879,0.8527,stand_1,219.8076,0.0,-0.0,0.0,-0.0,Sidewalk
382.0,189.0161,3.0598,1.18682,0.0,0.06981,108.9879,0.8527,stand_1,219.8202,0.0,0.06981,0.0,0.06981,Sidewalk
382.5,189.0161,3.0598,1.18682,0.0,-0.0,108.9879,0.8527,stand_1,219.8076,0.0,-0.0,0.0,-0.0,Sidewalk
383.0,189.0161,3.0598,1.22173,0.0,0.06981,108.9879,0.8527,stand_1,219.8202,0.0,0.06981,0.0,0.06981,Sidewalk
383.5,189.0161,3.0598,1.22173,0.0,-0.0,108.9879,0.8527,stand_1,219.8077,0.0,-0.0,0.0,-0.0,Sidewalk
384.0,189.0161,3.0598,1.25664,0.0,0.06981,108.9879,0.8527,stand_1,219.8202,0.0,0.06981,0.0,0.06981,Sidewalk
384.5,189.0161,3.0598,1.25664,0.0,-0.0,108.9879,0.8527,stand_1,219.8077,0.0,-0.0,0.0,-0.0,Sidewalk
385.0,189.0161,3.0598,1.29154,0.0,0.06981,108.9879,0.8527,stand_1,219.8202,0.0,0.06981,0.0,0.06981,Sidewalk
385.5,189.0161,3.0598,1.29154,0.0,-0.0,108.9879,0.8527,stand_1,219.8077,0.0,-0.0,0.0,-0.0,Sidewalk
386.0,189.0161,3.0598,1.32645,0.0,0.06981,108.9879,0.8527,stand_1,219.8202,0.0,0.06981,0.0,0.06981,Sidewalk
386.5,189.0161,3.0598,1.32645,0.0,-0.0,108.9879,0.8527,stand_1,219.8077,0.0,-0.0,0.0,-0.0,Sidewalk
387.0,189.0161,3.0598,1.36136,0.0,0.06981,108.9879,0.8527,stand_1,219.8202,0.0,0.06981,0.0,0.06981,Sidewalk
387.5,189.0161,3.0598,1.36136,0.0,-0.0,108.9879,0.8527,stand_1,219.8077,0.0,-0.0,0.0,-0.0,Sidewalk
388.0,189.0161,3.0598,1.39626,0.0,0.06981,108.9879,0.8527,stand_1,219.8203,0.0,0.06981,0.0,0.06981,Sidewalk
388.5,189.0161,3.0598,1.39626,0.0,-0.0,108.9879,0.8527,stand_1,219.8077,0.0,-0.0,0.0,-0.0,Sidewalk
389.0,189.0161,3.0598,1.43117,0.0,0.06981,108.9879,0.8527,stand_1,219.8203,0.0,0.06981,0.0,0.06981,Sidewalk
389.5,189.0161,3.0598,1.43117,0.0,-0.0,108.9879,0.8527,stand_1,219.8077,0.0,-0.0,0.0,-0.0,Sidewalk
390.0,189.0161,3.0598,1.46608,0.0,0.06981,108.9879,0.8527,stand_1,219.8203,0.0,0.06981,0.0,0.06981,Sidewalk
390.5,189.0161,3.0598,1.46608,0.0,-0.0,108.9879,0.8527,stand_1,219.8077,0.0,-0.0,0.0,-0.0,Sidewalk
391.0,189.0161,3.0598,1.50098,0.0,0.06981,108.9879,0.8527,stand_1,219.8203,0.0,0.06981,0.0,0.06981,Sidewalk
391.5,189.0161,3.0598,1.50098,0.0,-0.0,108.9879,0.8527,stand_1,219.8077,0.0,-0.0,0.0,-0.0,Sidewalk
392.0,189.0161,3.0598,1.53589,0.0,0.06981,108.9879,0.8527,stand_1,219.8203,0.0,0.06981,0.0,0.06981,Sidewalk
392.5,189.0161,3.0598,1.53589,0.0,-0.0,108.9879,0.8527,stand_1,219.8077,0.0,-0.0,0.0,-0.0,Sidewalk
393.0,189.0161,3.0598,1.5708,0.0,0.06981,108.9879,0.8527,stand_1,219.8203,0.0,0.06981,0.0,0.06981,Sidewalk
393.5,189.0161,3.0598,1.5708,0.0,-0.0,108.9879,0.8527,stand_1,219.8077,0.0,-0.0,0.0,-0.0,Sidewalk
394.0,189.0161,3.0598,1.6057,0.0,0.06981,108.9879,0.8527,stand_1,219.8203,0.0,0.06981,0.0,0.06981,Sidewalk
394.5,189.0161,3.0598,1.6057,0.0,-0.0,108.9879,0.8527,stand_1,219.8077,0.0,-0.0,0.0,-0.0,Sidewalk
395.0,189.0161,3.0598,1.64061,0.0,0.06981,108.9879,0.8527,stand_1,219.8203,0.0,0.06981,0.0,0.06981,Sidewalk
395.5,189.0161,3.0598,1.64061,0.0,-0.0,108.9879,0.8527,stand_1,219.8077,0.0,-0.0,0.0,-0.0,Sidewalk
396.0,189.0161,3.0598,1.67552,0.0,0.06981,108.9879,0.8527,stand_1,219.8203,0.0,0.06981,0.0,0.06981,Sidewalk
396.5,189.0161,3.0598,1.67552,0.0,-0.0,108.9879,0.8527,stand_1,219.8078,0.0,-0.0,0.0,-0.0,Sidewalk
397.0,189.0161,3.0598,1.71042,0.0,0.06981,108.9879,0.8527,stand_1,219.8203,0.0,0.06981,0.0,0.06981,Sidewalk
397.5,189.0161,3.0598,1.71042,0.0,-0.0,108.9879,0.8527,stand_1,219.8078,0.0,-0.0,0.0,-0.0,Sidewalk
398.0,189.0161,3.0598,1.74533,0.0,0.06981,108.9879,0.8527,stand_1,219.8203,0.0,0.06981,0.0,0.06981,Sidewalk
398.5,189.0161,3.0598,1.74533,0.0,-0.0,108.9879,0.8527,stand_1,219.8078,0.0,-0.0,0.0,-0.0,Sidewalk
399.0,189.0161,3.0598,1.78024,0.0,0.06981,108.9879,0.8527,stand_1,219.8203,0.0,0.06981,0.0,0.06981,Sidewalk
399.5,189.0161,3.0598,1.78024,0.0,-0.0,108.9879,0.8527,stand_1,219.8078,0.0,-0.0,0.0,-0.0,Sidewalk
400.0,189.0161,3.0598,1.81514,0.0,0.06981,108.9879,0.8527,stand_1,219.8203,0.0,0.06981,0.0,0.06981,Sidewalk
400.5,189.0161,3.0598,1.81514,0.0,-0.0,108.9879,0.8527,stand_1,219.8078,0.0,-0.0,0.0,-0.0,Sidewalk
401.0,189.0161,3.0598,1.85005,0.0,0.06981,108.9879,0.8527,stand_1,219.8204,0.0,0.06981,0.0,0.06981,Sidewalk
401.5,189.0161,3.0598,1.85005,0.0,-0.0,108.9879,0.8527,stand_1,219.8078,0.0,-0.0,0.0,-0.0,Sidewalk
402.0,189.0161,3.0598,1.88496,0.0,0.06981,108.9879,0.8527,stand_1,219.8204,0.0,0.06981,0.0,0.06981,Sidewalk
402.5,189.0161,3.0598,1.88496,0.0,-0.0,108.9879,0.8527,stand_1,219.8078,0.0,-0.0,0.0,-0.0,Sidewalk
403.0,189.0161,3.0598,1.91986,0.0,0.06981,108.9879,0.8527,stand_1,219.8204,0.0,0.06981,0.0,0.06981,Sidewalk
403.5,189.0161,3.0598,1.91986,0.0,-0.0,108.9879,0.8527,stand_1,219.8078,0.0,-0.0,0.0,-0.0,Sidewalk
404.0,189.0161,3.0598,1.95477,0.0,0.06981,108.9879,0.8527,stand_1,219.8204,0.0,0.06981,0.0,0.06981,Sidewalk
404.5,189.0161,3.0598,1.95477,0.0,-0.0,108.9879,0.8527,stand_1,219.8078,0.0,-0.0,0.0,-0.0,Sidewalk
405.0,189.0161,3.0598,1.98968,0.0,0.06981,108.9879,0.8527,stand_1,219.8204,0.0,0.06981,0.0,0.06981,Sidewalk
405.5,189.0161,3.0598,1.98968,0.0,-0.0,108.9879,0.8527,stand_1,219.8078,0.0,-0.0,0.0,-0.0,Sidewalk
406.0,189.0161,3.0598,2.02458,0.0,0.06981,108.9879,0.8527,stand_1,219.8204,0.0,0.06981,0.0,0.06981,Sidewalk
406.5,189.0161,3.0598,2.02458,0.0,-0.0,108.9879,0.8527,stand_1,219.8078,0.0,-0.0,0.0,-0.0,Sidewalk
407.0,189.0161,3.0598,2.05949,0.0,0.06981,108.9879,0.8527,stand_1,219.8204,0.0,0.06981,0.0,0.06981,Sidewalk
407.5,189.0161,3.0598,2.05949,0.0,-0.0,108.9879,0.8527,stand_1,219.8078,0.0,-0.0,0.0,-0.0,Sidewalk
408.0,189.0161,3.0598,2.0944,0.0,0.06981,108.9879,0.8527,stand_1,219.8204,0.0,0.06981,0.0,0.06981,Sidewalk
408.5,189.0161,3.0598,2.0944,0.0,-0.0,108.9879,0.8527,stand_1,219.8079,0.0,-0.0,0.0,-0.0,Sidewalk
409.0,189.0161,3.0598,2.1293,0.0,0.06981,108.9879,0.8527,stand_1,219.8204,0.0,0.06981,0.0,0.06981,Sidewalk
409.5,189.0161,3.0598,2.1293,0.0,-0.0,108.9879,0.8527,stand_1,219.8079,0.0,-0.0,0.0,-0.0,Sidewalk
410.0,189.0161,3.0598,2.16421,0.0,0.06981,108.9879,0.8527,stand_1,219.8204,0.0,0.06981,0.0,0.06981,Sidewalk
410.5,189.0161,3.0598,2.16421,0.0,-0.0,108.9879,0.8527,stand_1,219.8079,0.0,-0.0,0.0,-0.0,Sidewalk
411.0,189.0161,3.0598,2.19911,0.0,0.06981,108.9879,0.8527,stand_1,219.8204,0.0,0.06981,0.0,0.06981,Sidewalk
411.5,189.0161,3.0598,2.19911,0.0,-0.0,108.9879,0.8527,stand_1,219.8079,0.0,-0.0,0.0,-0.0,Sidewalk
412.0,189.0161,3.0598,2.23402,0.0,0.06981,108.9879,0.8527,stand_1,219.8205,0.0,0.06981,0.0,0.06981,Sidewalk
412.5,189.0161,3.0598,2.23402,0.0,-0.0,108.9879,0.8526,stand_1,219.8079,0.0,-0.0,0.0,-0.0,Sidewalk
413.0,189.0161,3.0598,2.26893,0.0,0.06981,108.9879,0.8526,stand_1,219.8205,0.0,0.06981,0.0,0.06981,Sidewalk
413.5,189.0161,3.0598,2.26893,0.0,-0.0,108.9879,0.8526,stand_1,219.8079,0.0,-0.0,0.0,-0.0,Sidewalk
414.0,189.0161,3.0598,2.30383,0.0,0.06981,108.9879,0.8526,stand_1,219.8205,0.0,0.06981,0.0,0.06981,Sidewalk
414.5,189.0161,3.0598,2.30383,0.0,-0.0,108.9879,0.8526,stand_1,219.8079,0.0,-0.0,0.0,-0.0,Sidewalk
415.0,189.0161,3.0598,2.33874,0.0,0.06981,108.9879,0.8526,stand_1,219.8205,0.0,0.06981,0.0,0.06981,Sidewalk
415.5,189.0161,3.0598,2.33874,0.0,-0.0,108.9879,0.8526,stand_1,219.8079,0.0,-0.0,0.0,-0.0,Sidewalk
416.0,189.0161,3.0598,2.37365,0.0,0.06981,108.9879,0.8526,stand_1,219.8205,0.0,0.06981,0.0,0.06981,Sidewalk
416.5,189.0161,3.0598,2.37365,0.0,-0.0,108.9879,0.8526,stand_1,219.8079,0.0,-0.0,0.0,-0.0,Sidewalk
417.0,189.0161,3.0598,2.40855,0.0,0.06981,108.9879,0.8526,stand_1,219.8205,0.0,0.06981,0.0,0.06981,Sidewalk
417.5,189.0161,3.0598,2.40855,0.0,-0.0,108.9879,0.8526,stand_1,219.8079,0.0,-0.0,0.0,-0.0,Sidewalk
418.0,189.0161,3.0598,2.44346,0.0,0.06981,108.9879,0.8526,stand_1,219.8205,0.0,0.06981,0.0,0.06981,Sidewalk
418.5,189.0161,3.0598,2.44346,0.0,-0.0,108.9879,0.8526,stand_1,219.8079,0.0,-0.0,0.0,-0.0,Sidewalk
419.0,189.0161,3.0598,2.47837,0.0,0.06981,108.9879,0.8526,stand_1,219.8205,0.0,0.06981,0.0,0.06981,Sidewalk
419.5,189.0161,3.0598,2.47837,0.0,-0.0,108.9879,0.8526,stand_1,219.8079,0.0,-0.0,0.0,-0.0,Sidewalk
420.0,189.0161,3.0598,2.51327,0.0,0.06981,108.9879,0.8526,stand_1,219.8205,0.0,0.06981,0.0,0.06981,Sidewalk
420.5,189.0161,3.0598,2.51327,0.0,-0.0,108.9879,0.8526,stand_1,219.808,0.0,-0.0,0.0,-0.0,Sidewalk
421.0,189.0161,3.0598,2.54818,0.0,0.06981,108.9879,0.8526,stand_1,219.8205,0.0,0.06981,0.0,0.06981,Sidewalk
421.5,189.0161,3.0598,2.54818,0.0,-0.0,108.9879,0.8526,stand_1,219.808,0.0,-0.0,0.0,-0.0,Sidewalk
422.0,189.0161,3.0598,2.58309,0.0,0.06981,108.9879,0.8526,stand_1,219.8205,0.0,0.06981,0.0,0.06981,Sidewalk
422.5,189.0161,3.0598,2.58309,0.0,-0.0,108.9879,0.8526,stand_1,219.808,0.0,-0.0,0.0,-0.0,Sidewalk
423.0,189.0161,3.0598,2.61799,0.0,0.06981,108.9879,0.8526,stand_1,219.8205,0.0,0.06981,0.0,0.06981,Sidewalk
423.5,189.0161,3.0598,2.61799,0.0,-0.0,108.9879,0.8526,stand_1,219.808,0.0,-0.0,0.0,-0.0,Sidewalk
424.0,189.0161,3.0598,2.6529,0.0,0.06981,108.9879,0.8526,stand_1,219.8205,0.0,0.06981,0.0,0.06981,Sidewalk
424.5,189.0161,3.0598,2.6529,0.0,-0.0,108.9879,0.8526,stand_1,219.808,0.0,-0.0,0.0,-0.0,Sidewalk
425.0,189.0161,3.0598,2.68781,0.0,0.06981,108.9879,0.8526,stand_1,219.8206,0.0,0.06981,0.0,0.06981,Sidewalk
425.5,189.0161,3.0598,2.68781,0.0,-0.0,108.9879,0.8526,stand_1,219.808,0.0,-0.0,0.0,-0.0,Sidewalk
426.0,189.0161,3.0598,2.72271,0.0,0.06981,108.9879,0.8526,stand_1,219.8206,0.0,0.06981,0.0,0.06981,Sidewalk
426.5,189.0161,3.0598,2.72271,0.0,-0.0,108.9879,0.8526,stand_1,219.808,0.0,-0.0,0.0,-0.0,Sidewalk
427.0,189.0161,3.0598,2.75762,0.0,0.06981,108.9879,0.8526,stand_1,219.8206,0.0,0.06981,0.0,0.06981,Sidewalk
427.5,189.0161,3.0598,2.75762,0.0,-0.0,108.9879,0.8526,stand_1,219.808,0.0,-0.0,0.0,-0.0,Sidewalk
428.0,189.0161,3.0598,2.79253,0.0,0.06981,108.9879,0.8526,stand_1,219.8206,0.0,0.06981,0.0,0.06981,Sidewalk
428.5,189.0161,3.0598,2.79253,0.0,-0.0,108.9879,0.8526,stand_1,219.808,0.0,-0.0,0.0,-0.0,Sidewalk
429.0,189.0161,3.0598,2.82743,0.0,0.06981,108.9879,0.8526,stand_1,219.8206,0.0,0.06981,0.0,0.06981,Sidewalk
429.5,189.0161,3.0598,2.82743,0.0,-0.0,108.9879,0.8526,stand_1,219.808,0.0,-0.0,0.0,-0.0,Sidewalk
430.0,189.0161,3.0598,2.86234,0.0,0.06981,108.9879,0.8526,stand_1,219.8206,0.0,0.06981,0.0,0.06981,Sidewalk
430.5,189.0161,3.0598,2.86234,0.0,-0.0,108.9879,0.8526,stand_1,219.808,0.0,-0.0,0.0,-0.0,Sidewalk
431.0,189.0161,3.0598,2.89725,0.0,0.06981,108.9879,0.8526,stand_1,219.8206,0.0,0.06981,0.0,0.06981,Sidewalk
431.5,189.0161,3.0598,2.89725,0.0,-0.0,108.9879,0.8526,stand_1,219.808,0.0,-0.0,0.0,-0.0,Sidewalk
432.0,189.0161,3.0598,2.93215,0.0,0.06981,108.9879,0.8526,stand_1,219.8206,0.0,0.06981,0.0,0.06981,Sidewalk
432.5,189.0161,3.0598,2.93215,0.0,-0.0,108.9879,0.8526,stand_1,219.808,0.0,-0.0,0.0,-0.0,Sidewalk
433.0,189.0161,3.0598,2.96706,0.0,0.06981,108.9879,0.8526,stand_1,219.8206,0.0,0.06981,0.0,0.06981,Sidewalk
433.5,189.0161,3.0598,2.96706,0.0,-0.0,108.9879,0.8526,stand_1,219.808,0.0,-0.0,0.0,-0.0,Sidewalk
434.0,189.0161,3.0598,3.00197,0.0,0.06981,108.9879,0.8526,stand_1,219.8206,0.0,0.06981,0.0,0.06981,Sidewalk
434.5,189.0161,3.0598,3.00197,0.0,-0.0,108.9879,0.8526,stand_1,219.8081,0.0,-0.0,0.0,-0.0,Sidewalk
435.0,189.0161,3.0598,3.03687,0.0,0.06981,108.9879,0.8526,stand_1,219.8206,0.0,0.06981,0.0,0.06981,Sidewalk
435.5,189.0161,3.0598,3.03687,0.0,-0.0,108.9879,0.8526,stand_1,219.8081,0.0,-0.0,0.0,-0.0,Sidewalk
436.0,189.0161,3.0598,3.07178,0.0,0.06981,108.9879,0.8526,stand_1,219.8206,0.0,0.06981,0.0,0.06981,Sidewalk
436.5,189.0161,3.0598,3.07178,0.0,-0.0,108.9879,0.8526,stand_1,219.8081,0.0,-0.0,0.0,-0.0,Sidewalk
437.0,189.0161,3.0598,3.10669,0.0,0.06981,108.9879,0.8526,stand_1,219.8206,0.0,0.06981,0.0,0.06981,Sidewalk
437.5,189.0161,3.0598,3.10669,0.0,-0.0,108.9879,0.8526,stand_1,219.8081,0.0,-0.0,0.0,-0.0,Sidewalk
438.0,189.0161,3.0598,3.14159,0.0,0.06981,108.9879,0.8526,stand_1,219.8206,0.0,0.06981,0.0,0.06981,Sidewalk
438.5,189.0161,3.0598,3.14159,0.0,-0.0,108.9879,0.8526,stand_1,219.8081,0.0,-0.0,0.0,-0.0,Sidewalk
439.0,189.0161,3.0598,-3.10669,0.0,0.06981,108.9879,0.8526,stand_1,219.8207,0.0,0.06981,0.0,0.06981,Sidewalk
439.5,189.0161,3.0598,-3.10669,0.0,-0.0,108.9879,0.8526,stand_1,219.8081,0.0,-0.0,0.0,-0.0,Sidewalk
440.0,189.0161,3.0598,-3.07178,0.0,0.06981,108.9879,0.8526,stand_1,219.8207,0.0,0.06981,0.0,0.06981,Sidewalk
440.5,189.0161,3.0598,-3.07178,0.0,-0.0,108.9879,0.8526,stand_1,219.8081,0.0,-0.0,0.0,-0.0,Sidewalk
441.0,189.0161,3.0598,-3.03687,0.0,0.06981,108.9879,0.8526,stand_1,219.8207,0.0,0.06981,0.0,0.06981,Sidewalk
441.5,189.0161,3.0598,-3.03687,0.0,-0.0,108.9879,0.8526,stand_1,219.8081,0.0,-0.0,0.0,-0.0,Sidewalk
442.0,189.0161,3.0598,-3.00197,0.0,0.06981,108.9879,0.8526,stand_1,219.8207,0.0,0.06981,0.0,0.06981,Sidewalk
442.5,189.0161,3.0598,-3.00197,0.0,-0.0,108.9879,0.8526,stand_1,219.8081,0.0,-0.0,0.0,-0.0,Sidewalk
443.0,189.0161,3.0598,-2.96706,0.0,0.06981,108.9879,0.8526,stand_1,219.8207,0.0,0.06981,0.0,0.06981,Sidewalk
443.5,189.0161,3.0598,-2.96706,0.0,-0.0,108.9879,0.8526,stand_1,219.8081,0.0,-0.0,0.0,-0.0,Sidewalk
444.0,189.0161,3.0598,-2.93215,0.0,0.06981,108.9879,0.8526,stand_1,219.8207,0.0,0.06981,0.0,0.06981,Sidewalk
444.5,189.0161,3.0598,-2.93215,0.0,-0.0,108.9879,0.8526,stand_1,219.8081,0.0,-0.0,0.0,-0.0,Sidewalk
445.0,189.0161,3.0598,-2.89725,0.0,0.06981,108.9879,0.8526,stand_1,219.8207,0.0,0.06981,0.0,0.06981,Sidewalk
445.5,189.0161,3.0598,-2.89725,0.0,-0.0,108.9879,0.8526,stand_1,219.8081,0.0,-0.0,0.0,-0.0,Sidewalk
446.0,189.0161,3.0598,-2.86234,0.0,0.06981,108.9879,0.8526,stand_1,219.8207,0.0,0.06981,0.0,0.06981,Sidewalk
446.5,189.0161,3.0598,-2.86234,0.0,-0.0,108.9879,0.8526,stand_1,219.8082,0.0,-0.0,0.0,-0.0,Sidewalk
447.0,189.0161,3.0598,-2.82743,0.0,0.06981,108.9879,0.8526,stand_1,219.8207,0.0,0.06981,0.0,0.06981,Sidewalk
447.5,189.0161,3.0598,-2.82743,0.0,-0.0,108.9879,0.8526,stand_1,219.8082,0.0,-0.0,0.0,-0.0,Sidewalk
448.0,189.0161,3.0598,-2.79253,0.0,0.06981,108.9879,0.8526,stand_1,219.8207,0.0,0.06981,0.0,0.06981,Sidewalk
448.5,189.0161,3.0598,-2.79253,0.0,-0.0,108.9879,0.8526,stand_1,219.8082,0.0,-0.0,0.0,-0.0,Sidewalk
449.0,189.0161,3.0598,-2.75762,0.0,0.06981,108.9879,0.8526,stand_1,219.8207,0.0,0.06981,0.0,0.06981,Sidewalk
449.5,189.0161,3.0598,-2.75762,0.0,-0.0,108.9879,0.8525,stand_1,219.8082,0.0,-0.0,0.0,-0.0,Sidewalk
450.0,189.0161,3.0598,-2.72271,0.0,0.06981,108.9879,0.8525,stand_1,219.8208,0.0,0.06981,0.0,0.06981,Sidewalk
450.5,189.0161,3.0598,-2.72271,0.0,-0.0,108.9879,0.8525,stand_1,219.8082,0.0,-0.0,0.0,-0.0,Sidewalk
451.0,189.0161,3.0598,-2.68781,0.0,0.06981,108.9879,0.8525,stand_1,219.8208,0.0,0.06981,0.0,0.06981,Sidewalk
451.5,189.0161,3.0598,-2.68781,0.0,-0.0,108.9879,0.8525,stand_1,219.8082,0.0,-0.0,0.0,-0.0,Sidewalk
452.0,189.0161,3.0598,-2.6529,0.0,0.06981,108.9879,0.8525,stand_1,219.8208,0.0,0.06981,0.0,0.06981,Sidewalk
452.5,189.0161,3.0598,-2.6529,0.0,-0.0,108.9879,0.8525,stand_1,219.8082,0.0,-0.0,0.0,-0.0,Sidewalk
453.0,189.0161,3.0598,-2.61799,0.0,0.06981,108.9879,0.8525,stand_1,219.8208,0.0,0.06981,0.0,0.06981,Sidewalk
453.5,189.0161,3.0598,-2.61799,0.0,-0.0,108.9879,0.8525,stand_1,219.8082,0.0,-0.0,0.0,-0.0,Sidewalk
454.0,189.0161,3.0598,-2.58309,0.0,0.06981,108.9879,0.8525,stand_1,219.8208,0.0,0.06981,0.0,0.06981,Sidewalk
454.5,189.0161,3.0598,-2.58309,0.0,-0.0,108.9879,0.8525,stand_1,219.8082,0.0,-0.0,0.0,-0.0,Sidewalk
455.0,189.0161,3.0598,-2.54818,0.0,0.06981,108.9879,0.8525,stand_1,219.8208,0.0,0.06981,0.0,0.06981,Sidewalk
455.5,189.0161,3.0598,-2.54818,0.0,-0.0,108.9879,0.8525,stand_1,219.8082,0.0,-0.0,0.0,-0.0,Sidewalk
456.0,189.0161,3.0598,-2.51327,0.0,0.06981,108.9879,0.8525,stand_1,219.8208,0.0,0.06981,0.0,0.06981,Sidewalk
456.5,189.0161,3.0598,-2.51327,0.0,-0.0,108.9879,0.8525,stand_1,219.8082,0.0,-0.0,0.0,-0.0,Sidewalk
457.0,189.0161,3.0598,-2.47837,0.0,0.06981,108.9879,0.8525,stand_1,219.8208,0.0,0.06981,0.0,0.06981,Sidewalk
457.5,189.0161,3.0598,-2.47837,0.0,-0.0,108.9879,0.8525,stand_1,219.8083,0.0,-0.0,0.0,-0.0,Sidewalk
458.0,189.0161,3.0598,-2.44346,0.0,0.06981,108.9879,0.8525,stand_1,219.8208,0.0,0.06981,0.0,0.06981,Sidewalk
458.5,189.0161,3.0598,-2.44346,0.0,-0.0,108.9879,0.8525,stand_1,219.8083,0.0,-0.0,0.0,-0.0,Sidewalk
459.0,189.0161,3.0598,-2.40855,0.0,0.06981,108.9879,0.8525,stand_1,219.8208,0.0,0.06981,0.0,0.06981,Sidewalk
459.5,189.0161,3.0598,-2.40855,0.0,-0.0,108.9879,0.8525,stand_1,219.8083,0.0,-0.0,0.0,-0.0,Sidewalk
460.0,189.0161,3.0598,-2.37365,0.0,0.06981,108.9879,0.8525,stand_1,219.8208,0.0,0.06981,0.0,0.06981,Sidewalk
460.5,189.0161,3.0598,-2.37365,0.0,-0.0,108.9879,0.8525,stand_1,219.8083,0.0,-0.0,0.0,-0.0,Sidewalk
461.0,189.0161,3.0598,-2.33874,0.0,0.06981,108.9879,0.8525,stand_1,219.8208,0.0,0.06981,0.0,0.06981,Sidewalk
461.5,189.0161,3.0598,-2.33874,0.0,-0.0,108.9879,0.8525,stand_1,219.8083,0.0,-0.0,0.0,-0.0,Sidewalk
462.0,189.0161,3.0598,-2.30383,0.0,0.06981,108.9879,0.8525,stand_1,219.8209,0.0,0.06981,0.0,0.06981,Sidewalk
462.5,189.0161,3.0598,-2.30383,0.0,-0.0,108.9879,0.8525,stand_1,219.8083,0.0,-0.0,0.0,-0.0,Sidewalk
463.0,189.0161,3.0598,-2.26893,0.0,0.06981,108.9879,0.8525,stand_1,219.8209,0.0,0.06981,0.0,0.06981,Sidewalk
463.5,189.0161,3.0598,-2.26893,0.0,-0.0,108.9879,0.8525,stand_1,219.8083,0.0,-0.0,0.0,-0.0,Sidewalk
464.0,189.0161,3.0598,-2.23402,0.0,0.06981,108.9879,0.8525,stand_1,219.8209,0.0,0.06981,0.0,0.06981,Sidewalk
464.5,189.0161,3.0598,-2.23402,0.0,-0.0,108.9879,0.8525,stand_1,219.8083,0.0,-0.0,0.0,-0.0,Sidewalk
465.0,189.0161,3.0598,-2.19911,0.0,0.06981,108.9879,0.8525,stand_1,219.8209,0.0,0.06981,0.0,0.06981,Sidewalk
465.5,189.0161,3.0598,-2.19911,0.0,-0.0,108.9879,0.8525,stand_1,219.8083,0.0,-0.0,0.0,-0.0,Sidewalk
466.0,189.0161,3.0598,-2.16421,0.0,0.06981,108.9879,0.8525,stand_1,219.8209,0.0,0.06981,0.0,0.06981,Sidewalk
466.5,189.0161,3.0598,-2.16421,0.0,-0.0,108.9879,0.8525,stand_1,219.8083,0.0,-0.0,0.0,-0.0,Sidewalk
467.0,189.0161,3.0598,-2.1293,0.0,0.06981,108.9879,0.8525,stand_1,219.8209,0.0,0.06981,0.0,0.06981,Sidewalk
467.5,189.0161,3.0598,-2.1293,0.0,-0.0,108.9879,0.8525,stand_1,219.8083,0.0,-0.0,0.0,-0.0,Sidewalk
468.0,189.0161,3.0598,-2.0944,0.0,0.06981,108.9879,0.8525,stand_1,219.8209,0.0,0.06981,0.0,0.06981,Sidewalk
468.5,189.0161,3.0598,-2.0944,0.0,-0.0,108.9879,0.8525,stand_1,219.8083,0.0,-0.0,0.0,-0.0,Sidewalk
469.0,189.0161,3.0598,-2.05949,0.0,0.06981,108.9879,0.8525,stand_1,219.8209,0.0,0.06981,0.0,0.06981,Sidewalk
469.5,189.0161,3.0598,-2.05949,0.0,-0.0,108.9879,0.8525,stand_1,219.8083,0.0,-0.0,0.0,-0.0,Sidewalk
470.0,189.0161,3.0598,-2.02458,0.0,0.06981,108.9879,0.8525,stand_1,219.8209,0.0,0.06981,0.0,0.06981,Sidewalk
470.5,189.0161,3.0598,-2.02458,0.0,-0.0,108.9879,0.8525,stand_1,219.8084,0.0,-0.0,0.0,-0.0,Sidewalk
471.0,189.0161,3.0598,-1.98968,0.0,0.06981,108.9879,0.8525,stand_1,219.8209,0.0,0.06981,0.0,0.06981,Sidewalk
471.5,189.0161,3.0598,-1.98968,0.0,-0.0,108.9879,0.8525,stand_1,219.8084,0.0,-0.0,0.0,-0.0,Sidewalk
472.0,189.0161,3.0598,-1.95477,0.0,0.06981,108.9879,0.8525,stand_1,219.8209,0.0,0.06981,0.0,0.06981,Sidewalk
472.5,189.0161,3.0598,-1.95477,0.0,-0.0,108.9879,0.8525,stand_1,219.8084,0.0,-0.0,0.0,-0.0,Sidewalk
473.0,189.0161,3.0598,-1.91986,0.0,0.06981,108.9879,0.8525,stand_1,219.8209,0.0,0.06981,0.0,0.06981,Sidewalk
473.5,189.0161,3.0598,-1.91986,0.0,-0.0,108.9879,0.8525,stand_1,219.8084,0.0,-0.0,0.0,-0.0,Sidewalk
474.0,189.0161,3.0598,-1.88496,0.0,0.06981,108.9879,0.8525,stand_1,219.821,0.0,0.06981,0.0,0.06981,Sidewalk
474.5,189.0161,3.0598,-1.88496,0.0,-0.0,108.9879,0.8525,stand_1,219.8084,0.0,-0.0,0.0,-0.0,Sidewalk
475.0,189.0161,3.0598,-1.85005,0.0,0.06981,108.9879,0.8525,stand_1,219.821,0.0,0.06981,0.0,0.06981,Sidewalk
475.5,189.0161,3.0598,-1.85005,0.0,-0.0,108.9879,0.8525,stand_1,219.8084,0.0,-0.0,0.0,-0.0,Sidewalk
476.0,189.0161,3.0598,-1.81514,0.0,0.06981,108.9879,0.8525,stand_1,219.821,0.0,0.06981,0.0,0.06981,Sidewalk
476.5,189.0161,3.0598,-1.81514,0.0,-0.0,108.9879,0.8525,stand_1,219.8084,0.0,-0.0,0.0,-0.0,Sidewalk
477.0,189.0161,3.0598,-1.78024,0.0,0.06981,108.9879,0.8525,stand_1,219.821,0.0,0.06981,0.0,0.06981,Sidewalk
477.5,189.0161,3.0598,-1.78024,0.0,-0.0,108.9879,0.8525,stand_1,219.8084,0.0,-0.0,0.0,-0.0,Sidewalk
478.0,189.0161,3.0598,-1.74533,0.0,0.06981,108.9879,0.8525,stand_1,219.821,0.0,0.06981,0.0,0.06981,Sidewalk
478.5,189.0161,3.0598,-1.74533,0.0,-0.0,108.9879,0.8525,stand_1,219.8084,0.0,-0.0,0.0,-0.0,Sidewalk
479.0,189.0161,3.0598,-1.71042,0.0,0.06981,108.9879,0.8525,stand_1,219.821,0.0,0.06981,0.0,0.06981,Sidewalk
479.5,189.0161,3.0598,-1.71042,0.0,-0.0,108.9879,0.8525,stand_1,219.8084,0.0,-0.0,0.0,-0.0,Sidewalk
480.0,189.0161,3.0598,-1.67552,0.0,0.06981,108.9879,0.8525,stand_1,219.821,0.0,0.06981,0.0,0.06981,Sidewalk
480.5,189.0161,3.0598,-1.67552,0.0,-0.0,108.9879,0.8525,stand_1,219.8084,0.0,-0.0,0.0,-0.0,Sidewalk
481.0,189.0161,3.0598,-1.64061,0.0,0.06981,108.9879,0.8525,stand_1,219.821,0.0,0.06981,0.0,0.06981,Sidewalk
481.5,189.0161,3.0598,-1.64061,0.0,-0.0,108.9879,0.8525,stand_1,219.8085,0.0,-0.0,0.0,-0.0,Sidewalk
482.0,189.0161,3.0598,-1.6057,0.0,0.06981,108.9879,0.8525,stand_1,219.821,0.0,0.06981,0.0,0.06981,Sidewalk
482.5,189.0161,3.0598,-1.6057,0.0,-0.0,108.9879,0.8525,stand_1,219.8085,0.0,-0.0,0.0,-0.0,Sidewalk
483.0,189.0161,3.0598,-1.5708,0.0,0.06981,108.9879,0.8524,stand_1,219.821,0.0,0.06981,0.0,0.06981,Sidewalk
483.5,189.0161,3.0598,-1.5708,0.0,-0.0,108.9879,0.8524,stand_1,219.8085,0.0,-0.0,0.0,-0.0,Sidewalk
484.0,189.0161,3.0598,-1.53589,0.0,0.06981,108.9879,0.8524,stand_1,219.821,0.0,0.06981,0.0,0.06981,Sidewalk
484.5,189.0161,3.0598,-1.53589,0.0,-0.0,108.9879,0.8524,stand_1,219.8085,0.0,-0.0,0.0,-0.0,Sidewalk
485.0,189.0161,3.0598,-1.50098,0.0,0.06981,108.9879,0.8524,stand_1,219.8211,0.0,0.06981,0.0,0.06981,Sidewalk
485.5,189.0161,3.0598,-1.50098,0.0,-0.0,108.9879,0.8524,stand_1,219.8085,0.0,-0.0,0.0,-0.0,Sidewalk
486.0,189.0161,3.0598,-1.46608,0.0,0.06981,108.9879,0.8524,stand_1,219.8211,0.0,0.06981,0.0,0.06981,Sidewalk
486.5,189.0161,3.0598,-1.46608,0.0,-0.0,108.9879,0.8524,stand_1,219.8085,0.0,-0.0,0.0,-0.0,Sidewalk
487.0,189.0161,3.0598,-1.43117,0.0,0.06981,108.9879,0.8524,stand_1,219.8211,0.0,0.06981,0.0,0.06981,Sidewalk
487.5,189.0161,3.0598,-1.43117,0.0,-0.0,108.9879,0.8524,stand_1,219.8085,0.0,-0.0,0.0,-0.0,Sidewalk
488.0,189.0161,3.0598,-1.39626,0.0,0.06981,108.9879,0.8524,stand_1,219.8211,0.0,0.06981,0.0,0.06981,Sidewalk
488.5,189.0161,3.0598,-1.39626,0.0,-0.0,108.9879,0.8524,stand_1,219.8085,0.0,-0.0,0.0,-0.0,Sidewalk
489.0,189.0161,3.0598,-1.36136,0.0,0.06981,108.9879,0.8524,stand_1,219.8211,0.0,0.06981,0.0,0.06981,Sidewalk
489.5,189.0161,3.0598,-1.36136,0.0,-0.0,108.9879,0.8524,stand_1,219.8085,0.0,-0.0,0.0,-0.0,Sidewalk
490.0,189.0161,3.0598,-1.32645,0.0,0.06981,108.9879,0.8524,stand_1,219.8211,0.0,0.06981,0.0,0.06981,Sidewalk
490.5,189.0161,3.0598,-1.32645,0.0,-0.0,108.9879,0.8524,stand_1,219.8085,0.0,-0.0,0.0,-0.0,Sidewalk
491.0,189.0161,3.0598,-1.29154,0.0,0.06981,108.9879,0.8524,stand_1,219.8211,0.0,0.06981,0.0,0.06981,Sidewalk
491.5,189.0161,3.0598,-1.29154,0.0,-0.0,108.9879,0.8524,stand_1,219.8085,0.0,-0.0,0.0,-0.0,Sidewalk
492.0,189.0161,3.0598,-1.25664,0.0,0.06981,108.9879,0.8524,stand_1,219.8211,0.0,0.06981,0.0,0.06981,Sidewalk
492.5,189.0161,3.0598,-1.25664,0.0,-0.0,108.9879,0.8524,stand_1,219.8086,0.0,-0.0,0.0,-0.0,Sidewalk
493.0,189.0161,3.0598,-1.22173,0.0,0.06981,108.9879,0.8524,stand_1,219.8211,0.0,0.06981,0.0,0.06981,Sidewalk
493.5,189.0161,3.0598,-1.22173,0.0,-0.0,108.9879,0.8524,stand_1,219.8086,0.0,-0.0,0.0,-0.0,Sidewalk
494.0,189.0161,3.0598,-1.18682,0.0,0.06981,108.9879,0.8524,stand_1,219.8211,0.0,0.06981,0.0,0.06981,Sidewalk
494.5,189.0161,3.0598,-1.18682,0.0,-0.0,108.9879,0.8524,stand_1,219.8086,0.0,-0.0,0.0,-0.0,Sidewalk
495.0,189.0161,3.0598,-1.15192,0.0,0.06981,108.9879,0.8524,stand_1,219.8211,0.0,0.06981,0.0,0.06981,Sidewalk
495.5,189.0161,3.0598,-1.15192,0.0,-0.0,108.9879,0.8524,stand_1,219.8086,0.0,-0.0,0.0,-0.0,Sidewalk
496.0,189.0161,3.0598,-1.11701,0.0,0.06981,108.9879,0.8524,stand_1,219.8212,0.0,0.06981,0.0,0.06981,Sidewalk
496.5,189.0161,3.0598,-1.11701,0.0,-0.0,108.9879,0.8524,stand_1,219.8086,0.0,-0.0,0.0,-0.0,Sidewalk
497.0,189.0161,3.0598,-1.0821,0.0,0.06981,108.9879,0.8524,stand_1,219.8212,0.0,0.06981,0.0,0.06981,Sidewalk
497.5,189.0161,3.0598,-1.0821,0.0,-0.0,108.9879,0.8524,stand_1,219.8086,0.0,-0.0,0.0,-0.0,Sidewalk
498.0,189.0161,3.0598,-1.0472,0.0,0.06981,108.9879,0.8524,stand_1,219.8212,0.0,0.06981,0.0,0.06981,Sidewalk
498.5,189.0161,3.0598,-1.0472,0.0,-0.0,108.9879,0.8524,stand_1,219.8086,0.0,-0.0,0.0,-0.0,Sidewalk
499.0,189.0161,3.0598,-1.01229,0.0,0.06981,108.9879,0.8524,stand_1,219.8212,0.0,0.06981,0.0,0.06981,Sidewalk
499.5,189.0161,3.0598,-1.01229,0.0,-0.0,108.9879,0.8524,stand_1,219.8086,0.0,-0.0,0.0,-0.0,Sidewalk
500.0,189.0161,3.0598,-0.97738,0.0,0.06981,108.9879,0.8524,stand_1,219.8212,0.0,0.06981,0.0,0.06981,Sidewalk
500.5,189.0161,3.0598,-0.97738,0.0,-0.0,108.9879,0.8524,stand_1,219.8086,0.0,-0.0,0.0,-0.0,Sidewalk
501.0,189.0161,3.0598,-0.94248,0.0,0.06981,108.9879,0.8524,stand_1,219.8212,0.0,0.06981,0.0,0.06981,Sidewalk
501.5,189.0161,3.0598,-0.94248,0.0,-0.0,108.9879,0.8524,stand_1,219.8086,0.0,-0.0,0.0,-0.0,Sidewalk
502.0,189.0161,3.0598,-0.90757,0.0,0.06981,108.9879,0.8524,stand_1,219.8212,0.0,0.06981,0.0,0.06981,Sidewalk
502.5,189.0161,3.0598,-0.90757,0.0,-0.0,108.9879,0.8524,stand_1,219.8086,0.0,-0.0,0.0,-0.0,Sidewalk
503.0,189.0161,3.0598,-0.87266,0.0,0.06981,108.9879,0.8524,stand_1,219.8212,0.0,0.06981,0.0,0.06981,Sidewalk
503.5,189.0161,3.0598,-0.87266,0.0,-0.0,108.9879,0.8524,stand_1,219.8086,0.0,-0.0,0.0,-0.0,Sidewalk
504.0,189.0161,3.0598,-0.83776,0.0,0.06981,108.9879,0.8524,stand_1,219.8212,0.0,0.06981,0.0,0.06981,Sidewalk
504.5,189.0161,3.0598,-0.83776,0.0,-0.0,108.9879,0.8524,stand_1,219.8087,0.0,-0.0,0.0,-0.0,Sidewalk
505.0,189.0161,3.0598,-0.80285,0.0,0.06981,108.9879,0.8524,stand_1,219.8212,0.0,0.06981,0.0,0.06981,Sidewalk
505.5,189.0161,3.0598,-0.80285,0.0,-0.0,108.9879,0.8524,stand_1,219.8087,0.0,-0.0,0.0,-0.0,Sidewalk
506.0,189.0161,3.0598,-0.76794,0.0,0.06981,108.9879,0.8524,stand_1,219.8212,0.0,0.06981,0.0,0.06981,Sidewalk
506.5,189.0161,3.0598,-0.76794,0.0,-0.0,108.9879,0.8524,stand_1,219.8087,0.0,-0.0,0.0,-0.0,Sidewalk
507.0,189.0161,3.0598,-0.73304,0.0,0.06981,108.9879,0.8524,stand_1,219.8212,0.0,0.06981,0.0,0.06981,Sidewalk
507.5,189.0161,3.0598,-0.73304,0.0,-0.0,108.9879,0.8524,stand_1,219.8087,0.0,-0.0,0.0,-0.0,Sidewalk
508.0,189.0161,3.0598,-0.69813,0.0,0.06981,108.9879,0.8524,stand_1,219.8213,0.0,0.06981,0.0,0.06981,Sidewalk
508.5,189.0161,3.0598,-0.69813,0.0,-0.0,108.9879,0.8524,stand_1,219.8087,0.0,-0.0,0.0,-0.0,Sidewalk
509.0,189.0161,3.0598,-0.66323,0.0,0.06981,108.9879,0.8524,stand_1,219.8213,0.0,0.06981,0.0,0.06981,Sidewalk
509.5,189.0161,3.0598,-0.66323,0.0,-0.0,108.9879,0.8524,stand_1,219.8087,0.0,-0.0,0.0,-0.0,Sidewalk
510.0,189.0161,3.0598,-0.62832,0.0,0.06981,108.9879,0.8524,stand_1,219.8213,0.0,0.06981,0.0,0.06981,Sidewalk
510.5,189.0161,3.0598,-0.62832,0.0,-0.0,108.9879,0.8524,stand_1,219.8087,0.0,-0.0,0.0,-0.0,Sidewalk
511.0,189.0161,3.0598,-0.59341,0.0,0.06981,108.9879,0.8524,stand_1,219.8213,0.0,0.06981,0.0,0.06981,Sidewalk
511.5,189.0161,3.0598,-0.59341,0.0,-0.0,108.9879,0.8524,stand_1,219.8087,0.0,-0.0,0.0,-0.0,Sidewalk
512.0,189.0161,3.0598,-0.55851,0.0,0.06981,108.9879,0.8524,stand_1,219.8213,0.0,0.06981,0.0,0.06981,Sidewalk
512.5,189.0161,3.0598,-0.55851,0.0,-0.0,108.9879,0.8524,stand_1,219.8087,0.0,-0.0,0.0,-0.0,Sidewalk
513.0,189.0161,3.0598,-0.5236,0.0,0.06981,108.9879,0.8524,stand_1,219.8213,0.0,0.06981,0.0,0.06981,Sidewalk
513.5,189.0161,3.0598,-0.5236,0.0,-0.0,108.9879,0.8524,stand_1,219.8087,0.0,-0.0,0.0,-0.0,Sidewalk
514.0,189.0161,3.0598,-0.48869,0.0,0.06981,108.9879,0.8524,stand_1,219.8213,0.0,0.06981,0.0,0.06981,Sidewalk
514.5,189.0161,3.0598,-0.48869,0.0,-0.0,108.9879,0.8524,stand_1,219.8087,0.0,-0.0,0.0,-0.0,Sidewalk
515.0,189.0161,3.0598,-0.45379,0.0,0.06981,108.9879,0.8524,stand_1,219.8213,0.0,0.06981,0.0,0.06981,Sidewalk
515.5,189.0161,3.0598,-0.45379,0.0,-0.0,108.9879,0.8524,stand_1,219.8087,0.0,-0.0,0.0,-0.0,Sidewalk
516.0,189.0161,3.0598,-0.41888,0.0,0.06981,108.9879,0.8524,stand_1,219.8213,0.0,0.06981,0.0,0.06981,Sidewalk
516.5,189.0161,3.0598,-0.41888,0.0,-0.0,108.9879,0.8524,stand_1,219.8088,0.0,-0.0,0.0,-0.0,Sidewalk
517.0,189.0161,3.0598,-0.38397,0.0,0.06981,108.9879,0.8524,stand_1,219.8213,0.0,0.06981,0.0,0.06981,Sidewalk
517.5,189.0161,3.0598,-0.38397,0.0,-0.0,108.9879,0.8523,stand_1,219.8088,0.0,-0.0,0.0,-0.0,Sidewalk
518.0,189.0161,3.0598,-0.34907,0.0,0.06981,108.9879,0.8523,stand_1,219.8213,0.0,0.06981,0.0,0.06981,Sidewalk
518.5,189.0161,3.0598,-0.34907,0.0,-0.0,108.9879,0.8523,stand_1,219.8088,0.0,-0.0,0.0,-0.0,Sidewalk
519.0,189.0161,3.0598,-0.31416,0.0,0.06981,108.9879,0.8523,stand_1,219.8213,0.0,0.06981,0.0,0.06981,Sidewalk
519.5,189.0161,3.0598,-0.31416,0.0,-0.0,108.9879,0.8523,stand_1,219.8088,0.0,-0.0,0.0,-0.0,Sidewalk
520.0,189.0161,3.0598,-0.27925,0.0,0.06981,108.9879,0.8523,stand_1,219.8214,0.0,0.06981,0.0,0.06981,Sidewalk
520.5,189.0161,3.0598,-0.27925,0.0,-0.0,108.9879,0.8523,stand_1,219.8088,0.0,-0.0,0.0,-0.0,Sidewalk
521.0,189.0161,3.0598,-0.24435,0.0,0.06981,108.9879,0.8523,stand_1,219.8214,0.0,0.06981,0.0,0.06981,Sidewalk
521.5,189.0161,3.0598,-0.24435,0.0,-0.0,108.9879,0.8523,stand_1,219.8088,0.0,-0.0,0.0,-0.0,Sidewalk
522.0,189.0161,3.0598,-0.20944,0.0,0.06981,108.9879,0.8523,stand_1,219.8214,0.0,0.06981,0.0,0.06981,Sidewalk
522.5,189.0161,3.0598,-0.20944,0.0,-0.0,108.9879,0.8523,stand_1,219.8088,0.0,-0.0,0.0,-0.0,Sidewalk
523.0,189.0161,3.0598,-0.17453,0.0,0.06981,108.9879,0.8523,stand_1,219.8214,0.0,0.06981,0.0,0.06981,Sidewalk
523.5,189.0161,3.0598,-0.17453,0.0,-0.0,108.9879,0.8523,stand_1,219.8088,0.0,-0.0,0.0,-0.0,Sidewalk
524.0,189.0161,3.0598,-0.13963,0.0,0.06981,108.9879,0.8523,stand_1,219.8214,0.0,0.06981,0.0,0.06981,Sidewalk
524.5,189.0161,3.0598,-0.13963,0.0,-0.0,108.9879,0.8523,stand_1,219.8088,0.0,-0.0,0.0,-0.0,Sidewalk
525.0,189.0161,3.0598,-0.10472,0.0,0.06981,108.9879,0.8523,stand_1,219.8214,0.0,0.06981,0.0,0.06981,Sidewalk
525.5,189.0161,3.0598,-0.10472,0.0,-0.0,108.9879,0.8523,stand_1,219.8088,0.0,-0.0,0.0,-0.0,Sidewalk
526.0,189.0161,3.0598,-0.06981,0.0,0.06981,108.9879,0.8523,stand_1,219.8214,0.0,0.06981,0.0,0.06981,Sidewalk
526.5,189.0161,3.0598,-0.06981,0.0,-0.0,108.9879,0.8523,stand_1,219.8088,0.0,-0.0,0.0,-0.0,Sidewalk
527.0,189.0161,3.0598,-0.03491,0.0,0.06981,108.9879,0.8523,stand_1,219.8214,0.0,0.06981,0.0,0.06981,Sidewalk
527.5,189.0161,3.0598,-0.03491,0.0,-0.0,108.9879,0.8523,stand_1,219.8089,0.0,-0.0,0.0,-0.0,Sidewalk
528.0,189.0161,3.0598,-0.0,0.0,0.06981,108.9879,0.8523,stand_1,219.8214,0.0,0.06981,0.0,0.06981,Sidewalk
528.5,189.0161,3.0598,-0.0,0.0,-0.0,108.9879,0.8523,stand_1,219.8089,0.0,-0.0,0.0,-0.0,Sidewalk
529.0,189.0161,3.0598,0.03491,0.0,0.06981,108.9879,0.8523,stand_1,219.8214,0.0,0.06981,0.0,0.06981,Sidewalk
529.5,189.0161,3.0598,0.03491,0.0,-0.0,108.9879,0.8523,stand_1,219.8089,0.0,-0.0,0.0,-0.0,Sidewalk
530.0,189.0161,3.0598,0.06981,0.0,0.06981,108.9879,0.8523,stand_1,219.8214,0.0,0.06981,0.0,0.06981,Sidewalk
530.5,189.0161,3.0598,0.06981,0.0,-0.0,108.9879,0.8523,stand_1,219.8089,0.0,-0.0,0.0,-0.0,Sidewalk
531.0,189.0161,3.0598,0.10472,0.0,0.06981,108.9879,0.8523,stand_1,219.8215,0.0,0.06981,0.0,0.06981,Sidewalk
531.5,189.0161,3.0598,0.10472,0.0,-0.0,108.9879,0.8523,stand_1,219.8089,0.0,-0.0,0.0,-0.0,Sidewalk
532.0,189.0161,3.0598,0.13963,0.0,0.06981,108.9879,0.8523,stand_1,219.8215,0.0,0.06981,0.0,0.06981,Sidewalk
532.5,189.0161,3.0598,0.13963,0.0,-0.0,108.9879,0.8523,stand_1,219.8089,0.0,-0.0,0.0,-0.0,Sidewalk
533.0,189.0161,3.0598,0.17453,0.0,0.06981,108.9879,0.8523,stand_1,219.8215,0.0,0.06981,0.0,0.06981,Sidewalk
533.5,189.0161,3.0598,0.17453,0.0,-0.0,108.9879,0.8523,stand_1,219.8089,0.0,-0.0,0.0,-0.0,Sidewalk
534.0,189.0161,3.0598,0.20944,0.0,0.06981,108.9879,0.8523,stand_1,219.8215,0.0,0.06981,0.0,0.06981,Sidewalk
534.5,189.0161,3.0598,0.20944,0.0,-0.0,108.9879,0.8523,stand_1,219.8089,0.0,-0.0,0.0,-0.0,Sidewalk
535.0,189.0161,3.0598,0.24435,0.0,0.06981,108.9879,0.8523,stand_1,219.8215,0.0,0.06981,0.0,0.06981,Sidewalk
535.5,189.0161,3.0598,0.24435,0.0,-0.0,108.9879,0.8523,stand_1,219.8089,0.0,-0.0,0.0,-0.0,Sidewalk
536.0,189.0161,3.0598,0.27925,0.0,0.06981,108.9879,0.8523,stand_1,219.8215,0.0,0.06981,0.0,0.06981,Sidewalk
536.5,189.0161,3.0598,0.27925,0.0,-0.0,108.9879,0.8523,stand_1,219.8089,0.0,-0.0,0.0,-0.0,Sidewalk
537.0,189.0161,3.0598,0.31416,0.0,0.06981,108.9879,0.8523,stand_1,219.8215,0.0,0.06981,0.0,0.06981,Sidewalk
537.5,189.0161,3.0598,0.31416,0.0,-0.0,108.9879,0.8523,stand_1,219.8089,0.0,-0.0,0.0,-0.0,Sidewalk
538.0,189.0161,3.0598,0.34907,0.0,0.06981,108.9879,0.8523,stand_1,219.8215,0.0,0.06981,0.0,0.06981,Sidewalk
538.5,189.0161,3.0598,0.34907,0.0,-0.0,108.9879,0.8523,stand_1,219.809,0.0,-0.0,0.0,-0.0,Sidewalk
539.0,189.0161,3.0598,0.38397,0.0,0.06981,108.9879,0.8523,stand_1,219.8215,0.0,0.06981,0.0,0.06981,Sidewalk
539.5,189.0161,3.0598,0.38397,0.0,-0.0,108.9879,0.8523,stand_1,219.809,0.0,-0.0,0.0,-0.0,Sidewalk
540.0,189.0161,3.0598,0.41888,0.0,0.06981,108.9879,0.8523,stand_1,219.8215,0.0,0.06981,0.0,0.06981,Sidewalk
540.5,189.0161,3.0598,0.41888,0.0,-0.0,108.9879,0.8523,stand_1,219.809,0.0,-0.0,0.0,-0.0,Sidewalk
541.0,189.0161,3.0598,0.45379,0.0,0.06981,108.9879,0.8523,stand_1,219.8215,0.0,0.06981,0.0,0.06981,Sidewalk
541.5,189.0161,3.0598,0.45379,0.0,-0.0,108.9879,0.8523,stand_1,219.809,0.0,-0.0,0.0,-0.0,Sidewalk
542.0,189.0161,3.0598,0.48869,0.0,0.06981,108.9879,0.8523,stand_1,219.8215,0.0,0.06981,0.0,0.06981,Sidewalk
542.5,189.0161,3.0598,0.48869,0.0,-0.0,108.9879,0.8523,stand_1,219.809,0.0,-0.0,0.0,-0.0,Sidewalk
543.0,189.0161,3.0598,0.5236,0.0,0.06981,108.9879,0.8523,stand_1,219.8216,0.0,0.06981,0.0,0.06981,Sidewalk
543.5,189.0161,3.0598,0.5236,0.0,-0.0,108.9879,0.8523,stand_1,219.809,0.0,-0.0,0.0,-0.0,Sidewalk
544.0,189.0161,3.0598,0.55851,0.0,0.06981,108.9879,0.8523,stand_1,219.8216,0.0,0.06981,0.0,0.06981,Sidewalk
544.5,189.0161,3.0598,0.55851,0.0,-0.0,108.9879,0.8523,stand_1,219.809,0.0,-0.0,0.0,-0.0,Sidewalk
545.0,189.0161,3.0598,0.59341,0.0,0.06981,108.9879,0.8523,stand_1,219.8216,0.0,0.06981,0.0,0.06981,Sidewalk
545.5,189.0161,3.0598,0.59341,0.0,-0.0,108.9879,0.8523,stand_1,219.809,0.0,-0.0,0.0,-0.0,Sidewalk
546.0,189.0161,3.0598,0.62832,0.0,0.06981,108.9879,0.8523,stand_1,219.8216,0.0,0.06981,0.0,0.06981,Sidewalk
546.5,189.0161,3.0598,0.62832,0.0,-0.0,108.9879,0.8523,stand_1,219.809,0.0,-0.0,0.0,-0.0,Sidewalk
547.0,189.0161,3.0598,0.66323,0.0,0.06981,108.9879,0.8523,stand_1,219.8216,0.0,0.06981,0.0,0.06981,Sidewalk
547.5,189.0161,3.0598,0.66323,0.0,-0.0,108.9879,0.8523,stand_1,219.809,0.0,-0.0,0.0,-0.0,Sidewalk
548.0,189.0161,3.0598,0.69813,0.0,0.06981,108.9879,0.8523,stand_1,219.8216,0.0,0.06981,0.0,0.06981,Sidewalk
548.5,189.0161,3.0598,0.69813,0.0,-0.0,108.9879,0.8523,stand_1,219.809,0.0,-0.0,0.0,-0.0,Sidewalk
549.0,189.0161,3.0598,0.73304,0.0,0.06981,108.9879,0.8523,stand_1,219.8216,0.0,0.06981,0.0,0.06981,Sidewalk
549.5,189.0161,3.0598,0.73304,0.0,-0.0,108.9879,0.8523,stand_1,219.8091,0.0,-0.0,0.0,-0.0,Sidewalk
550.0,189.0161,3.0598,0.76794,0.0,0.06981,108.9879,0.8523,stand_1,219.8216,0.0,0.06981,0.0,0.06981,Sidewalk
550.5,189.0161,3.0598,0.76794,0.0,-0.0,108.9879,0.8522,stand_1,219.8091,0.0,-0.0,0.0,-0.0,Sidewalk
551.0,189.0161,3.0598,0.80285,0.0,0.06981,108.9879,0.8522,stand_1,219.8216,0.0,0.06981,0.0,0.06981,Sidewalk
551.5,189.0161,3.0598,0.80285,0.0,-0.0,108.9879,0.8522,stand_1,219.8091,0.0,-0.0,0.0,-0.0,Sidewalk
552.0,189.0161,3.0598,0.83776,0.0,0.06981,108.9879,0.8522,stand_1,219.8216,0.0,0.06981,0.0,0.06981,Sidewalk
552.5,189.0161,3.0598,0.83776,0.0,-0.0,108.9879,0.8522,stand_1,219.8091,0.0,-0.0,0.0,-0.0,Sidewalk
553.0,189.0161,3.0598,0.87266,0.0,0.06981,108.9879,0.8522,stand_1,219.8216,0.0,0.06981,0.0,0.06981,Sidewalk
553.5,189.0161,3.0598,0.87266,0.0,-0.0,108.9879,0.8522,stand_1,219.8091,0.0,-0.0,0.0,-0.0,Sidewalk
554.0,189.0161,3.0598,0.90757,0.0,0.06981,108.9879,0.8522,stand_1,219.8217,0.0,0.06981,0.0,0.06981,Sidewalk
554.5,189.0161,3.0598,0.90757,0.0,-0.0,108.9879,0.8522,stand_1,219.8091,0.0,-0.0,0.0,-0.0,Sidewalk
555.0,189.0161,3.0598,0.94248,0.0,0.06981,108.9879,0.8522,stand_1,219.8217,0.0,0.06981,0.0,0.06981,Sidewalk
555.5,189.0161,3.0598,0.94248,0.0,-0.0,108.9879,0.8522,stand_1,219.8091,0.0,-0.0,0.0,-0.0,Sidewalk
556.0,189.0161,3.0598,0.97738,0.0,0.06981,108.9879,0.8522,stand_1,219.8217,0.0,0.06981,0.0,0.06981,Sidewalk
556.5,189.0161,3.0598,0.97738,0.0,-0.0,108.9879,0.8522,stand_1,219.8091,0.0,-0.0,0.0,-0.0,Sidewalk
557.0,189.0161,3.0598,1.01229,0.0,0.06981,108.9879,0.8522,stand_1,219.8217,0.0,0.06981,0.0,0.06981,Sidewalk
557.5,189.0161,3.0598,1.01229,0.0,-0.0,108.9879,0.8522,stand_1,219.8091,0.0,-0.0,0.0,-0.0,Sidewalk
558.0,189.0161,3.0598,1.0472,0.0,0.06981,108.9879,0.8522,stand_1,219.8217,0.0,0.06981,0.0,0.06981,Sidewalk
558.5,189.0161,3.0598,1.0472,0.0,-0.0,108.9879,0.8522,stand_1,219.8091,0.0,-0.0,0.0,-0.0,Sidewalk
559.0,189.0161,3.0598,1.0821,0.0,0.06981,108.9879,0.8522,stand_1,219.8217,0.0,0.06981,0.0,0.06981,Sidewalk
559.5,189.0161,3.0598,1.0821,0.0,-0.0,108.9879,0.8522,stand_1,219.8091,0.0,-0.0,0.0,-0.0,Sidewalk
560.0,189.0161,3.0598,1.11701,0.0,0.06981,108.9879,0.8522,stand_1,219.8217,0.0,0.06981,0.0,0.06981,Sidewalk
560.5,189.0161,3.0598,1.11701,0.0,-0.0,108.9879,0.8522,stand_1,219.8091,0.0,-0.0,0.0,-0.0,Sidewalk
561.0,189.0161,3.0598,1.15192,0.0,0.06981,108.9879,0.8522,stand_1,219.8217,0.0,0.06981,0.0,0.06981,Sidewalk
561.5,189.0161,3.0598,1.15192,0.0,-0.0,108.9879,0.8522,stand_1,219.8092,0.0,-0.0,0.0,-0.0,Sidewalk
562.0,189.0161,3.0598,1.18682,0.0,0.06981,108.9879,0.8522,stand_1,219.8217,0.0,0.06981,0.0,0.06981,Sidewalk
562.5,189.0161,3.0598,1.18682,0.0,-0.0,108.9879,0.8522,stand_1,219.8092,0.0,-0.0,0.0,-0.0,Sidewalk
563.0,189.0161,3.0598,1.22173,0.0,0.06981,108.9879,0.8522,stand_1,219.8217,0.0,0.06981,0.0,0.06981,Sidewalk
563.5,189.0161,3.0598,1.22173,0.0,-0.0,108.9879,0.8522,stand_1,219.8092,0.0,-0.0,0.0,-0.0,Sidewalk
564.0,189.0161,3.0598,1.25664,0.0,0.06981,108.9879,0.8522,stand_1,219.8217,0.0,0.06981,0.0,0.06981,Sidewalk
564.5,189.0161,3.0598,1.25664,0.0,-0.0,108.9879,0.8522,stand_1,219.8092,0.0,-0.0,0.0,-0.0,Sidewalk
565.0,189.0161,3.0598,1.29154,0.0,0.06981,108.9879,0.8522,stand_1,219.8218,0.0,0.06981,0.0,0.06981,Sidewalk
565.5,189.0161,3.0598,1.29154,0.0,-0.0,108.9879,0.8522,stand_1,219.8092,0.0,-0.0,0.0,-0.0,Sidewalk
566.0,189.0161,3.0598,1.32645,0.0,0.06981,108.9879,0.8522,stand_1,219.8218,0.0,0.06981,0.0,0.06981,Sidewalk
566.5,189.0161,3.0598,1.32645,0.0,-0.0,108.9879,0.8522,stand_1,219.8092,0.0,-0.0,0.0,-0.0,Sidewalk
567.0,189.0161,3.0598,1.36136,0.0,0.06981,108.9879,0.8522,stand_1,219.8218,0.0,0.06981,0.0,0.06981,Sidewalk
567.5,189.0161,3.0598,1.36136,0.0,-0.0,108.9879,0.8522,stand_1,219.8092,0.0,-0.0,0.0,-0.0,Sidewalk
568.0,189.0161,3.0598,1.39626,0.0,0.06981,108.9879,0.8522,stand_1,219.8218,0.0,0.06981,0.0,0.06981,Sidewalk
568.5,189.0161,3.0598,1.39626,0.0,-0.0,108.9879,0.8522,stand_1,219.8092,0.0,-0.0,0.0,-0.0,Sidewalk
569.0,189.0161,3.0598,1.43117,0.0,0.06981,108.9879,0.8522,stand_1,219.8218,0.0,0.06981,0.0,0.06981,Sidewalk
569.5,189.0161,3.0598,1.43117,0.0,-0.0,108.9879,0.8522,stand_1,219.8092,0.0,-0.0,0.0,-0.0,Sidewalk
570.0,189.0161,3.0598,1.46608,0.0,0.06981,108.9879,0.8522,stand_1,219.8218,0.0,0.06981,0.0,0.06981,Sidewalk
570.5,189.0161,3.0598,1.46608,0.0,-0.0,108.9879,0.8522,stand_1,219.8092,0.0,-0.0,0.0,-0.0,Sidewalk
571.0,189.0161,3.0598,1.50098,0.0,0.06981,108.9879,0.8522,stand_1,219.8218,0.0,0.06981,0.0,0.06981,Sidewalk
571.5,189.0161,3.0598,1.50098,0.0,-0.0,108.9879,0.8522,stand_1,219.8093,0.0,-0.0,0.0,-0.0,Sidewalk
572.0,189.0161,3.0598,1.53589,0.0,0.06981,108.9879,0.8522,stand_1,219.8218,0.0,0.06981,0.0,0.06981,Sidewalk
572.5,189.0161,3.0598,1.53589,0.0,-0.0,108.9879,0.8522,stand_1,219.8093,0.0,-0.0,0.0,-0.0,Sidewalk
573.0,189.0161,3.0598,1.5708,0.0,0.06981,108.9879,0.8522,stand_1,219.8218,0.0,0.06981,0.0,0.06981,Sidewalk
573.5,189.0161,3.0598,1.5708,0.0,-0.0,108.9879,0.8522,stand_1,219.8093,0.0,-0.0,0.0,-0.0,Sidewalk
574.0,189.0161,3.0598,1.6057,0.0,0.06981,108.9879,0.8522,stand_1,219.8218,0.0,0.06981,0.0,0.06981,Sidewalk
574.5,189.0161,3.0598,1.6057,0.0,-0.0,108.9879,0.8522,stand_1,219.8093,0.0,-0.0,0.0,-0.0,Sidewalk
575.0,189.0161,3.0598,1.64061,0.0,0.06981,108.9879,0.8522,stand_1,219.8218,0.0,0.06981,0.0,0.06981,Sidewalk
575.5,189.0161,3.0598,1.64061,0.0,-0.0,108.9879,0.8522,stand_1,219.8093,0.0,-0.0,0.0,-0.0,Sidewalk
576.0,189.0161,3.0598,1.67552,0.0,0.06981,108.9879,0.8522,stand_1,219.8219,0.0,0.06981,0.0,0.06981,Sidewalk
576.5,189.0161,3.0598,1.67552,0.0,-0.0,108.9879,0.8522,stand_1,219.8093,0.0,-0.0,0.0,-0.0,Sidewalk
577.0,189.0161,3.0598,1.71042,0.0,0.06981,108.9879,0.8522,stand_1,219.8219,0.0,0.06981,0.0,0.06981,Sidewalk
577.5,189.0161,3.0598,1.71042,0.0,-0.0,108.9879,0.8522,stand_1,219.8093,0.0,-0.0,0.0,-0.0,Sidewalk
578.0,189.0161,3.0598,1.74533,0.0,0.06981,108.9879,0.8522,stand_1,219.8219,0.0,0.06981,0.0,0.06981,Sidewalk
578.5,189.0161,3.0598,1.74533,0.0,-0.0,108.9879,0.8522,stand_1,219.8093,0.0,-0.0,0.0,-0.0,Sidewalk
579.0,189.0161,3.0598,1.78024,0.0,0.06981,108.9879,0.8522,stand_1,219.8219,0.0,0.06981,0.0,0.06981,Sidewalk
579.5,189.0161,3.0598,1.78024,0.0,-0.0,108.9879,0.8522,stand_1,219.8093,0.0,-0.0,0.0,-0.0,Sidewalk
580.0,189.0161,3.0598,1.81514,0.0,0.06981,108.9879,0.8522,stand_1,219.8219,0.0,0.06981,0.0,0.06981,Sidewalk
580.5,189.0161,3.0598,1.81514,0.0,-0.0,108.9879,0.8522,stand_1,219.8093,0.0,-0.0,0.0,-0.0,Sidewalk
581.0,189.0161,3.0598,1.85005,0.0,0.06981,108.9879,0.8522,stand_1,219.8219,0.0,0.06981,0.0,0.06981,Sidewalk
581.5,189.0161,3.0598,1.85005,0.0,-0.0,108.9879,0.8522,stand_1,219.8093,0.0,-0.0,0.0,-0.0,Sidewalk
582.0,189.0161,3.0598,1.88496,0.0,0.06981,108.9879,0.8522,stand_1,219.8219,0.0,0.06981,0.0,0.06981,Sidewalk
582.5,189.0161,3.0598,1.88496,0.0,-0.0,108.9879,0.8522,stand_1,219.8093,0.0,-0.0,0.0,-0.0,Sidewalk
583.0,189.0161,3.0598,1.91986,0.0,0.06981,108.9879,0.8521,stand_1,219.8219,0.0,0.06981,0.0,0.06981,Sidewalk
583.5,189.0161,3.0598,1.91986,0.0,-0.0,108.9879,0.8521,stand_1,219.8094,0.0,-0.0,0.0,-0.0,Sidewalk
584.0,189.0161,3.0598,1.95477,0.0,0.06981,108.9879,0.8521,stand_1,219.8219,0.0,0.06981,0.0,0.06981,Sidewalk
584.5,189.0161,3.0598,1.95477,0.0,-0.0,108.9879,0.8521,stand_1,219.8094,0.0,-0.0,0.0,-0.0,Sidewalk
585.0,189.0161,3.0598,1.98968,0.0,0.06981,108.9879,0.8521,stand_1,219.8219,0.0,0.06981,0.0,0.06981,Sidewalk
585.5,189.0161,3.0598,1.98968,0.0,-0.0,108.9879,0.8521,stand_1,219.8094,0.0,-0.0,0.0,-0.0,Sidewalk
586.0,189.0161,3.0598,2.02458,0.0,0.06981,108.9879,0.8521,stand_1,219.822,0.0,0.06981,0.0,0.06981,Sidewalk
586.5,189.0161,3.0598,2.02458,0.0,-0.0,108.9879,0.8521,stand_1,219.8094,0.0,-0.0,0.0,-0.0,Sidewalk
587.0,189.0161,3.0598,2.05949,0.0,0.06981,108.9879,0.8521,stand_1,219.822,0.0,0.06981,0.0,0.06981,Sidewalk
587.5,189.0161,3.0598,2.05949,0.0,-0.0,108.9879,0.8521,stand_1,219.8094,0.0,-0.0,0.0,-0.0,Sidewalk
588.0,189.0161,3.0598,2.0944,0.0,0.06981,108.9879,0.8521,stand_1,219.822,0.0,0.06981,0.0,0.06981,Sidewalk
588.5,189.0161,3.0598,2.0944,0.0,-0.0,108.9879,0.8521,stand_1,219.8094,0.0,-0.0,0.0,-0.0,Sidewalk
589.0,189.0161,3.0598,2.1293,0.0,0.06981,108.9879,0.8521,stand_1,219.822,0.0,0.06981,0.0,0.06981,Sidewalk
589.5,189.0161,3.0598,2.1293,0.0,-0.0,108.9879,0.8521,stand_1,219.8094,0.0,-0.0,0.0,-0.0,Sidewalk
590.0,189.0161,3.0598,2.16421,0.0,0.06981,108.9879,0.8521,stand_1,219.822,0.0,0.06981,0.0,0.06981,Sidewalk
590.5,189.0161,3.0598,2.16421,0.0,-0.0,108.9879,0.8521,stand_1,219.8094,0.0,-0.0,0.0,-0.0,Sidewalk
591.0,189.0161,3.0598,2.19911,0.0,0.06981,108.9879,0.8521,stand_1,219.822,0.0,0.06981,0.0,0.06981,Sidewalk
591.5,189.0161,3.0598,2.19911,0.0,-0.0,108.9879,0.8521,stand_1,219.8094,0.0,-0.0,0.0,-0.0,Sidewalk
592.0,189.0161,3.0598,2.23402,0.0,0.06981,108.9879,0.8521,stand_1,219.822,0.0,0.06981,0.0,0.06981,Sidewalk
592.5,189.0161,3.0598,2.23402,0.0,-0.0,108.9879,0.8521,stand_1,219.8094,0.0,-0.0,0.0,-0.0,Sidewalk
593.0,189.0161,3.0598,2.26893,0.0,0.06981,108.9879,0.8521,stand_1,219.822,0.0,0.06981,0.0,0.06981,Sidewalk
593.5,189.0161,3.0598,2.26893,0.0,-0.0,108.9879,0.8521,stand_1,219.8094,0.0,-0.0,0.0,-0.0,Sidewalk
594.0,189.0161,3.0598,2.30383,0.0,0.06981,108.9879,0.8521,stand_1,219.822,0.0,0.06981,0.0,0.06981,Sidewalk
594.5,189.0161,3.0598,2.30383,0.0,-0.0,108.9879,0.8521,stand_1,219.8095,0.0,-0.0,0.0,-0.0,Sidewalk
595.0,189.0161,3.0598,2.33874,0.0,0.06981,108.9879,0.8521,stand_1,219.822,0.0,0.06981,0.0,0.06981,Sidewalk
595.5,189.0161,3.0598,2.33874,0.0,-0.0,108.9879,0.8521,stand_1,219.8095,0.0,-0.0,0.0,-0.0,Sidewalk
596.0,189.0161,3.0598,2.37365,0.0,0.06981,108.9879,0.8521,stand_1,219.822,0.0,0.06981,0.0,0.06981,Sidewalk
596.5,189.0161,3.0598,2.37365,0.0,-0.0,108.9879,0.8521,stand_1,219.8095,0.0,-0.0,0.0,-0.0,Sidewalk
597.0,189.0161,3.0598,2.40855,0.0,0.06981,108.9879,0.8521,stand_1,219.822,0.0,0.06981,0.0,0.06981,Sidewalk
597.5,189.0161,3.0598,2.40855,0.0,-0.0,108.9879,0.8521,stand_1,219.8095,0.0,-0.0,0.0,-0.0,Sidewalk
598.0,189.0161,3.0598,2.44346,0.0,0.06981,108.9879,0.8521,stand_1,219.822,0.0,0.06981,0.0,0.06981,Sidewalk
598.5,189.0161,3.0598,2.44346,0.0,-0.0,108.9879,0.8521,stand_1,219.8095,0.0,-0.0,0.0,-0.0,Sidewalk
599.0,189.0161,3.0598,2.47837,0.0,0.06981,108.9879,0.8521,stand_1,219.8221,0.0,0.06981,0.0,0.06981,Sidewalk
599.5,189.0161,3.0598,2.47837,0.0,-0.0,108.9879,0.8521,stand_1,219.8095,0.0,-0.0,0.0,-0.0,Sidewalk
600.0,189.0161,3.0598,2.51327,0.0,0.06981,108.9879,0.8521,stand_1,219.8221,0.0,0.06981,0.0,0.06981,Sidewalk
600.5,189.0161,3.0598,2.51327,0.0,-0.0,108.9879,0.8521,stand_1,219.8095,0.0,-0.0,0.0,-0.0,Sidewalk
601.0,189.0161,3.0598,2.54818,0.0,0.06981,108.9879,0.8521,stand_1,219.8221,0.0,0.06981,0.0,0.06981,Sidewalk
601.5,189.0161,3.0598,2.54818,0.0,-0.0,108.9879,0.8521,stand_1,219.8095,0.0,-0.0,0.0,-0.0,Sidewalk
602.0,189.0161,3.0598,2.58309,0.0,0.06981,108.9879,0.8521,stand_1,219.8221,0.0,0.06981,0.0,0.06981,Sidewalk
602.5,189.0161,3.0598,2.58309,0.0,-0.0,108.9879,0.8521,stand_1,219.8095,0.0,-0.0,0.0,-0.0,Sidewalk
603.0,189.0161,3.0598,2.61799,0.0,0.06981,108.9879,0.8521,stand_1,219.8221,0.0,0.06981,0.0,0.06981,Sidewalk
603.5,189.0161,3.0598,2.61799,0.0,-0.0,108.9879,0.8521,stand_1,219.8095,0.0,-0.0,0.0,-0.0,Sidewalk
604.0,189.0161,3.0598,2.6529,0.0,0.06981,108.9879,0.8521,stand_1,219.8221,0.0,0.06981,0.0,0.06981,Sidewalk
604.5,189.0161,3.0598,2.6529,0.0,-0.0,108.9879,0.8521,stand_1,219.8095,0.0,-0.0,0.0,-0.0,Sidewalk
605.0,189.0161,3.0598,2.68781,0.0,0.06981,108.9879,0.8521,stand_1,219.8221,0.0,0.06981,0.0,0.06981,Sidewalk
605.5,189.0161,3.0598,2.68781,0.0,-0.0,108.9879,0.8521,stand_1,219.8095,0.0,-0.0,0.0,-0.0,Sidewalk
606.0,189.0161,3.0598,2.72271,0.0,0.06981,108.9879,0.8521,stand_1,219.8221,0.0,0.06981,0.0,0.06981,Sidewalk
606.5,189.0161,3.0598,2.72271,0.0,-0.0,108.9879,0.8521,stand_1,219.8095,0.0,-0.0,0.0,-0.0,Sidewalk
607.0,189.0161,3.0598,2.75762,0.0,0.06981,108.9879,0.8521,stand_1,219.8221,0.0,0.06981,0.0,0.06981,Sidewalk
607.5,189.0161,3.0598,2.75762,0.0,-0.0,108.9879,0.8521,stand_1,219.8096,0.0,-0.0,0.0,-0.0,Sidewalk
608.0,189.0161,3.0598,2.79253,0.0,0.06981,108.9879,0.8521,stand_1,219.8221,0.0,0.06981,0.0,0.06981,Sidewalk
608.5,189.0161,3.0598,2.79253,0.0,-0.0,108.9879,0.8521,stand_1,219.8096,0.0,-0.0,0.0,-0.0,Sidewalk
609.0,189.0161,3.0598,2.82743,0.0,0.06981,108.9879,0.8521,stand_1,219.8221,0.0,0.06981,0.0,0.06981,Sidewalk
609.5,189.0161,3.0598,2.82743,0.0,-0.0,108.9879,0.8521,stand_1,219.8096,0.0,-0.0,0.0,-0.0,Sidewalk
610.0,189.0161,3.0598,2.86234,0.0,0.06981,108.9879,0.8521,stand_1,219.8221,0.0,0.06981,0.0,0.06981,Sidewalk
610.5,189.0161,3.0598,2.86234,0.0,-0.0,108.9879,0.8521,stand_1,219.8096,0.0,-0.0,0.0,-0.0,Sidewalk
611.0,189.0161,3.0598,2.89725,0.0,0.06981,108.9879,0.8521,stand_1,219.8221,0.0,0.06981,0.0,0.06981,Sidewalk
611.5,189.0161,3.0598,2.89725,0.0,-0.0,108.9879,0.8521,stand_1,219.8096,0.0,-0.0,0.0,-0.0,Sidewalk
612.0,189.0161,3.0598,2.93215,0.0,0.06981,108.9879,0.8521,stand_1,219.8222,0.0,0.06981,0.0,0.06981,Sidewalk
612.5,189.0161,3.0598,2.93215,0.0,-0.0,108.9879,0.8521,stand_1,219.8096,0.0,-0.0,0.0,-0.0,Sidewalk
613.0,189.0161,3.0598,2.96706,0.0,0.06981,108.9879,0.8521,stand_1,219.8222,0.0,0.06981,0.0,0.06981,Sidewalk
613.5,189.0161,3.0598,2.96706,0.0,-0.0,108.9879,0.8521,stand_1,219.8096,0.0,-0.0,0.0,-0.0,Sidewalk
614.0,189.0161,3.0598,3.00197,0.0,0.06981,108.9879,0.8521,stand_1,219.8222,0.0,0.06981,0.0,0.06981,Sidewalk
614.5,189.0161,3.0598,3.00197,0.0,-0.0,108.9879,0.8521,stand_1,219.8096,0.0,-0.0,0.0,-0.0,Sidewalk
615.0,189.0161,3.0598,3.03687,0.0,0.06981,108.9879,0.8521,stand_1,219.8222,0.0,0.06981,0.0,0.06981,Sidewalk
615.5,189.0161,3.0598,3.03687,0.0,-0.0,108.9879,0.8521,stand_1,219.8096,0.0,-0.0,0.0,-0.0,Sidewalk
616.0,189.0161,3.0598,3.07178,0.0,0.06981,108.9879,0.8521,stand_1,219.8222,0.0,0.06981,0.0,0.06981,Sidewalk
616.5,189.0161,3.0598,3.07178,0.0,-0.0,108.9879,0.8521,stand_1,219.8096,0.0,-0.0,0.0,-0.0,Sidewalk
617.0,189.0161,3.0598,3.10669,0.0,0.06981,108.9879,0.8521,stand_1,219.8222,0.0,0.06981,0.0,0.06981,Sidewalk
617.5,189.0161,3.0598,3.10669,0.0,-0.0,108.9879,0.8521,stand_1,219.8096,0.0,-0.0,0.0,-0.0,Sidewalk
618.0,189.0161,3.0598,3.14159,0.0,0.06981,108.9879,0.8521,stand_1,219.8222,0.0,0.06981,0.0,0.06981,Sidewalk
618.5,189.0161,3.0598,3.14159,0.0,-0.0,108.9879,0.8521,stand_1,219.8096,0.0,-0.0,0.0,-0.0,Sidewalk
619.0,189.0161,3.0598,-3.10669,0.0,0.06981,108.9879,0.8521,stand_1,219.8222,0.0,0.06981,0.0,0.06981,Sidewalk
619.5,189.0161,3.0598,-3.10669,0.0,-0.0,108.9879,0.8521,stand_1,219.8096,0.0,-0.0,0.0,-0.0,Sidewalk
620.0,189.0161,3.0598,-3.07178,0.0,0.06981,108.9879,0.8521,stand_1,219.8222,0.0,0.06981,0.0,0.06981,Sidewalk
620.5,189.0161,3.0598,-3.07178,0.0,-0.0,108.9879,0.852,stand_1,219.8096,0.0,-0.0,0.0,-0.0,Sidewalk
621.0,189.0161,3.0598,-3.03687,0.0,0.06981,108.9879,0.852,stand_1,219.8222,0.0,0.06981,0.0,0.06981,Sidewalk
621.5,189.0161,3.0598,-3.03687,0.0,-0.0,108.9879,0.852,stand_1,219.8097,0.0,-0.0,0.0,-0.0,Sidewalk
622.0,189.0161,3.0598,-3.00197,0.0,0.06981,108.9879,0.852,stand_1,219.8222,0.0,0.06981,0.0,0.06981,Sidewalk
622.5,189.0161,3.0598,-3.00197,0.0,-0.0,108.9879,0.852,stand_1,219.8097,0.0,-0.0,0.0,-0.0,Sidewalk
623.0,189.0161,3.0598,-2.96706,0.0,0.06981,108.9879,0.852,stand_1,219.8222,0.0,0.06981,0.0,0.06981,Sidewalk
623.5,189.0161,3.0598,-2.96706,0.0,-0.0,108.9879,0.852,stand_1,219.8097,0.0,-0.0,0.0,-0.0,Sidewalk
624.0,189.0161,3.0598,-2.93215,0.0,0.06981,108.9879,0.852,stand_1,219.8222,0.0,0.06981,0.0,0.06981,Sidewalk
624.5,189.0161,3.0598,-2.93215,0.0,-0.0,108.9879,0.852,stand_1,219.8097,0.0,-0.0,0.0,-0.0,Sidewalk
625.0,189.0161,3.0598,-2.89725,0.0,0.06981,108.9879,0.852,stand_1,219.8223,0.0,0.06981,0.0,0.06981,Sidewalk
625.5,189.0161,3.0598,-2.89725,0.0,-0.0,108.9879,0.852,stand_1,219.8097,0.0,-0.0,0.0,-0.0,Sidewalk
626.0,189.0161,3.0598,-2.86234,0.0,0.06981,108.9879,0.852,stand_1,219.8223,0.0,0.06981,0.0,0.06981,Sidewalk
626.5,189.0161,3.0598,-2.86234,0.0,-0.0,108.9879,0.852,stand_1,219.8097,0.0,-0.0,0.0,-0.0,Sidewalk
627.0,189.0161,3.0598,-2.82743,0.0,0.06981,108.9879,0.852,stand_1,219.8223,0.0,0.06981,0.0,0.06981,Sidewalk
627.5,189.0161,3.0598,-2.82743,0.0,-0.0,108.9879,0.852,stand_1,219.8097,0.0,-0.0,0.0,-0.0,Sidewalk
628.0,189.0161,3.0598,-2.79253,0.0,0.06981,108.9879,0.852,stand_1,219.8223,0.0,0.06981,0.0,0.06981,Sidewalk
628.5,189.0161,3.0598,-2.79253,0.0,-0.0,108.9879,0.852,stand_1,219.8097,0.0,-0.0,0.0,-0.0,Sidewalk
629.0,189.0161,3.0598,-2.75762,0.0,0.06981,108.9879,0.852,stand_1,219.8223,0.0,0.06981,0.0,0.06981,Sidewalk
629.5,189.0161,3.0598,-2.75762,0.0,-0.0,108.9879,0.852,stand_1,219.8097,0.0,-0.0,0.0,-0.0,Sidewalk
630.0,189.0161,3.0598,-2.72271,0.0,0.06981,108.9879,0.852,stand_1,219.8223,0.0,0.06981,0.0,0.06981,Sidewalk
630.5,189.0161,3.0598,-2.72271,0.0,-0.0,108.9879,0.852,stand_1,219.8097,0.0,-0.0,0.0,-0.0,Sidewalk
631.0,189.0161,3.0598,-2.68781,0.0,0.06981,108.9879,0.852,stand_1,219.8223,0.0,0.06981,0.0,0.06981,Sidewalk
631.5,189.0161,3.0598,-2.68781,0.0,-0.0,108.9879,0.852,stand_1,219.8097,0.0,-0.0,0.0,-0.0,Sidewalk
632.0,189.0161,3.0598,-2.6529,0.0,0.06981,108.9879,0.852,stand_1,219.8223,0.0,0.06981,0.0,0.06981,Sidewalk
632.5,189.0161,3.0598,-2.6529,0.0,-0.0,108.9879,0.852,stand_1,219.8097,0.0,-0.0,0.0,-0.0,Sidewalk
633.0,189.0161,3.0598,-2.61799,0.0,0.06981,108.9879,0.852,stand_1,219.8223,0.0,0.06981,0.0,0.06981,Sidewalk
633.5,189.0161,3.0598,-2.61799,0.0,-0.0,108.9879,0.852,stand_1,219.8098,0.0,-0.0,0.0,-0.0,Sidewalk
634.0,189.0161,3.0598,-2.58309,0.0,0.06981,108.9879,0.852,stand_1,219.8223,0.0,0.06981,0.0,0.06981,Sidewalk
634.5,189.0161,3.0598,-2.58309,0.0,-0.0,108.9879,0.852,stand_1,219.8098,0.0,-0.0,0.0,-0.0,Sidewalk
635.0,189.0161,3.0598,-2.54818,0.0,0.06981,108.9879,0.852,stand_1,219.8223,0.0,0.06981,0.0,0.06981,Sidewalk
635.5,189.0161,3.0598,-2.54818,0.0,-0.0,108.9879,0.852,stand_1,219.8098,0.0,-0.0,0.0,-0.0,Sidewalk
636.0,189.0161,3.0598,-2.51327,0.0,0.06981,108.9879,0.852,stand_1,219.8223,0.0,0.06981,0.0,0.06981,Sidewalk
636.5,189.0161,3.0598,-2.51327,0.0,-0.0,108.9879,0.852,stand_1,219.8098,0.0,-0.0,0.0,-0.0,Sidewalk
637.0,189.0161,3.0598,-2.47837,0.0,0.06981,108.9879,0.852,stand_1,219.8223,0.0,0.06981,0.0,0.06981,Sidewalk
637.5,189.0161,3.0598,-2.47837,0.0,-0.0,108.9879,0.852,stand_1,219.8098,0.0,-0.0,0.0,-0.0,Sidewalk
638.0,189.0161,3.0598,-2.44346,0.0,0.06981,108.9879,0.852,stand_1,219.8224,0.0,0.06981,0.0,0.06981,Sidewalk
638.5,189.0161,3.0598,-2.44346,0.0,-0.0,108.9879,0.852,stand_1,219.8098,0.0,-0.0,0.0,-0.0,Sidewalk
639.0,189.0161,3.0598,-2.40855,0.0,0.06981,108.9879,0.852,stand_1,219.8224,0.0,0.06981,0.0,0.06981,Sidewalk
639.5,189.0161,3.0598,-2.40855,0.0,-0.0,108.9879,0.852,stand_1,219.8098,0.0,-0.0,0.0,-0.0,Sidewalk
640.0,189.0161,3.0598,-2.37365,0.0,0.06981,108.9879,0.852,stand_1,219.8224,0.0,0.06981,0.0,0.06981,Sidewalk
640.5,189.0161,3.0598,-2.37365,0.0,-0.0,108.9879,0.852,stand_1,219.8098,0.0,-0.0,0.0,-0.0,Sidewalk
641.0,189.0161,3.0598,-2.33874,0.0,0.06981,108.9879,0.852,stand_1,219.8224,0.0,0.06981,0.0,0.06981,Sidewalk
641.5,189.0161,3.0598,-2.33874,0.0,-0.0,108.9879,0.852,stand_1,219.8098,0.0,-0.0,0.0,-0.0,Sidewalk
642.0,189.0161,3.0598,-2.30383,0.0,0.06981,108.9879,0.852,stand_1,219.8224,0.0,0.06981,0.0,0.06981,Sidewalk
642.5,189.0161,3.0598,-2.30383,0.0,-0.0,108.9879,0.852,stand_1,219.8098,0.0,-0.0,0.0,-0.0,Sidewalk
643.0,189.0161,3.0598,-2.26893,0.0,0.06981,108.9879,0.852,stand_1,219.8224,0.0,0.06981,0.0,0.06981,Sidewalk
643.5,189.0161,3.0598,-2.26893,0.0,-0.0,108.9879,0.852,stand_1,219.8098,0.0,-0.0,0.0,-0.0,Sidewalk
644.0,189.0161,3.0598,-2.23402,0.0,0.06981,108.9879,0.852,stand_1,219.8224,0.0,0.06981,0.0,0.06981,Sidewalk
644.5,189.0161,3.0598,-2.23402,0.0,-0.0,108.9879,0.852,stand_1,219.8098,0.0,-0.0,0.0,-0.0,Sidewalk
645.0,189.0161,3.0598,-2.19911,0.0,0.06981,108.9879,0.852,stand_1,219.8224,0.0,0.06981,0.0,0.06981,Sidewalk
645.5,189.0161,3.0598,-2.19911,0.0,-0.0,108.9879,0.852,stand_1,219.8098,0.0,-0.0,0.0,-0.0,Sidewalk
646.0,189.0161,3.0598,-2.16421,0.0,0.06981,108.9879,0.852,stand_1,219.8224,0.0,0.06981,0.0,0.06981,Sidewalk
646.5,189.0161,3.0598,-2.16421,0.0,-0.0,108.9879,0.852,stand_1,219.8098,0.0,-0.0,0.0,-0.0,Sidewalk
647.0,189.0161,3.0598,-2.1293,0.0,0.06981,108.9879,0.852,stand_1,219.8224,0.0,0.06981,0.0,0.06981,Sidewalk
647.5,189.0161,3.0598,-2.1293,0.0,-0.0,108.9879,0.852,stand_1,219.8099,0.0,-0.0,0.0,-0.0,Sidewalk
648.0,189.0161,3.0598,-2.0944,0.0,0.06981,108.9879,0.852,stand_1,219.8224,0.0,0.06981,0.0,0.06981,Sidewalk
648.5,189.0161,3.0598,-2.0944,0.0,-0.0,108.9879,0.852,stand_1,219.8099,0.0,-0.0,0.0,-0.0,Sidewalk
649.0,189.0161,3.0598,-2.05949,0.0,0.06981,108.9879,0.852,stand_1,219.8224,0.0,0.06981,0.0,0.06981,Sidewalk
649.5,189.0161,3.0598,-2.05949,0.0,-0.0,108.9879,0.852,stand_1,219.8099,0.0,-0.0,0.0,-0.0,Sidewalk
650.0,189.0161,3.0598,-2.02458,0.0,0.06981,108.9879,0.852,stand_1,219.8224,0.0,0.06981,0.0,0.06981,Sidewalk
650.5,189.0161,3.0598,-2.02458,0.0,-0.0,108.9879,0.852,stand_1,219.8099,0.0,-0.0,0.0,-0.0,Sidewalk
651.0,189.0161,3.0598,-1.98968,0.0,0.06981,108.9879,0.852,stand_1,219.8225,0.0,0.06981,0.0,0.06981,Sidewalk
651.5,189.0161,3.0598,-1.98968,0.0,-0.0,108.9879,0.852,stand_1,219.8099,0.0,-0.0,0.0,-0.0,Sidewalk
652.0,189.0161,3.0598,-1.95477,0.0,0.06981,108.9879,0.852,stand_1,219.8225,0.0,0.06981,0.0,0.06981,Sidewalk
652.5,189.0161,3.0598,-1.95477,0.0,-0.0,108.9879,0.852,stand_1,219.8099,0.0,-0.0,0.0,-0.0,Sidewalk
653.0,189.0161,3.0598,-1.91986,0.0,0.06981,108.9879,0.852,stand_1,219.8225,0.0,0.06981,0.0,0.06981,Sidewalk
653.5,189.0161,3.0598,-1.91986,0.0,-0.0,108.9879,0.852,stand_1,219.8099,0.0,-0.0,0.0,-0.0,Sidewalk
654.0,189.0161,3.0598,-1.88496,0.0,0.06981,108.9879,0.852,stand_1,219.8225,0.0,0.06981,0.0,0.06981,Sidewalk
654.5,189.0161,3.0598,-1.88496,0.0,-0.0,108.9879,0.852,stand_1,219.8099,0.0,-0.0,0.0,-0.0,Sidewalk
655.0,189.0161,3.0598,-1.85005,0.0,0.06981,108.9879,0.852,stand_1,219.8225,0.0,0.06981,0.0,0.06981,Sidewalk
655.5,189.0161,3.0598,-1.85005,0.0,-0.0,108.9879,0.852,stand_1,219.8099,0.0,-0.0,0.0,-0.0,Sidewalk
656.0,189.0161,3.0598,-1.81514,0.0,0.06981,108.9879,0.852,stand_1,219.8225,0.0,0.06981,0.0,0.06981,Sidewalk
656.5,189.0161,3.0598,-1.81514,0.0,-0.0,108.9879,0.852,stand_1,219.8099,0.0,-0.0,0.0,-0.0,Sidewalk
657.0,189.0161,3.0598,-1.78024,0.0,0.06981,108.9879,0.8519,stand_1,219.8225,0.0,0.06981,0.0,0.06981,Sidewalk
657.5,189.0161,3.0598,-1.78024,0.0,-0.0,108.9879,0.8519,stand_1,219.8099,0.0,-0.0,0.0,-0.0,Sidewalk
658.0,189.0161,3.0598,-1.74533,0.0,0.06981,108.9879,0.8519,stand_1,219.8225,0.0,0.06981,0.0,0.06981,Sidewalk
658.5,189.0161,3.0598,-1.74533,0.0,-0.0,108.9879,0.8519,stand_1,219.81,0.0,-0.0,0.0,-0.0,Sidewalk
659.0,189.0161,3.0598,-1.71042,0.0,0.06981,108.9879,0.8519,stand_1,219.8225,0.0,0.06981,0.0,0.06981,Sidewalk
659.5,189.0161,3.0598,-1.71042,0.0,-0.0,108.9879,0.8519,stand_1,219.81,0.0,-0.0,0.0,-0.0,Sidewalk
660.0,189.0161,3.0598,-1.67552,0.0,0.06981,108.9879,0.8519,stand_1,219.8225,0.0,0.06981,0.0,0.06981,Sidewalk
660.5,189.0161,3.0598,-1.67552,0.0,-0.0,108.9879,0.8519,stand_1,219.81,0.0,-0.0,0.0,-0.0,Sidewalk
661.0,189.0161,3.0598,-1.64061,0.0,0.06981,108.9879,0.8519,stand_1,219.8225,0.0,0.06981,0.0,0.06981,Sidewalk
661.5,189.0161,3.0598,-1.64061,0.0,-0.0,108.9879,0.8519,stand_1,219.81,0.0,-0.0,0.0,-0.0,Sidewalk
662.0,189.0161,3.0598,-1.6057,0.0,0.06981,108.9879,0.8519,stand_1,219.8226,0.0,0.06981,0.0,0.06981,Sidewalk
662.5,189.0161,3.0598,-1.6057,0.0,-0.0,108.9879,0.8519,stand_1,219.81,0.0,-0.0,0.0,-0.0,Sidewalk
663.0,189.0161,3.0598,-1.5708,0.0,0.06981,108.9879,0.8519,stand_1,219.8226,0.0,0.06981,0.0,0.06981,Sidewalk
663.5,189.0161,3.0598,-1.5708,0.0,-0.0,108.9879,0.8519,stand_1,219.81,0.0,-0.0,0.0,-0.0,Sidewalk
664.0,189.0161,3.0598,-1.53589,0.0,0.06981,108.9879,0.8519,stand_1,219.8226,0.0,0.06981,0.0,0.06981,Sidewalk
664.5,189.0161,3.0598,-1.53589,0.0,-0.0,108.9879,0.8519,stand_1,219.81,0.0,-0.0,0.0,-0.0,Sidewalk
665.0,189.0161,3.0598,-1.50098,0.0,0.06981,108.9879,0.8519,stand_1,219.8226,0.0,0.06981,0.0,0.06981,Sidewalk
665.5,189.0161,3.0598,-1.50098,0.0,-0.0,108.9879,0.8519,stand_1,219.81,0.0,-0.0,0.0,-0.0,Sidewalk
666.0,189.0161,3.0598,-1.46608,0.0,0.06981,108.9879,0.8519,stand_1,219.8226,0.0,0.06981,0.0,0.06981,Sidewalk
666.5,189.0161,3.0598,-1.46608,0.0,-0.0,108.9879,0.8519,stand_1,219.81,0.0,-0.0,0.0,-0.0,Sidewalk
667.0,189.0161,3.0598,-1.43117,0.0,0.06981,108.9879,0.8519,stand_1,219.8226,0.0,0.06981,0.0,0.06981,Sidewalk
667.5,189.0161,3.0598,-1.43117,0.0,-0.0,108.9879,0.8519,stand_1,219.81,0.0,-0.0,0.0,-0.0,Sidewalk
668.0,189.0161,3.0598,-1.39626,0.0,0.06981,108.9879,0.8519,stand_1,219.8226,0.0,0.06981,0.0,0.06981,Sidewalk
668.5,189.0161,3.0598,-1.39626,0.0,-0.0,108.9879,0.8519,stand_1,219.81,0.0,-0.0,0.0,-0.0,Sidewalk
669.0,189.0161,3.0598,-1.36136,0.0,0.06981,108.9879,0.8519,stand_1,219.8226,0.0,0.06981,0.0,0.06981,Sidewalk
669.5,189.0161,3.0598,-1.36136,0.0,-0.0,108.9879,0.8519,stand_1,219.81,0.0,-0.0,0.0,-0.0,Sidewalk
670.0,189.0161,3.0598,-1.32645,0.0,0.06981,108.9879,0.8519,stand_1,219.8226,0.0,0.06981,0.0,0.06981,Sidewalk
670.5,189.0161,3.0598,-1.32645,0.0,-0.0,108.9879,0.8519,stand_1,219.81,0.0,-0.0,0.0,-0.0,Sidewalk
671.0,189.0161,3.0598,-1.29154,0.0,0.06981,108.9879,0.8519,stand_1,219.8226,0.0,0.06981,0.0,0.06981,Sidewalk
671.5,189.0161,3.0598,-1.29154,0.0,-0.0,108.9879,0.8519,stand_1,219.8101,0.0,-0.0,0.0,-0.0,Sidewalk
672.0,189.0161,3.0598,-1.25664,0.0,0.06981,108.9879,0.8519,stand_1,219.8226,0.0,0.06981,0.0,0.06981,Sidewalk
672.5,189.0161,3.0598,-1.25664,0.0,-0.0,108.9879,0.8519,stand_1,219.8101,0.0,-0.0,0.0,-0.0,Sidewalk
673.0,189.0161,3.0598,-1.22173,0.0,0.06981,108.9879,0.8519,stand_1,219.8226,0.0,0.06981,0.0,0.06981,Sidewalk
673.5,189.0161,3.0598,-1.22173,0.0,-0.0,108.9879,0.8519,stand_1,219.8101,0.0,-0.0,0.0,-0.0,Sidewalk
674.0,189.0161,3.0598,-1.18682,0.0,0.06981,108.9879,0.8519,stand_1,219.8227,0.0,0.06981,0.0,0.06981,Sidewalk
674.5,189.0161,3.0598,-1.18682,0.0,-0.0,108.9879,0.8519,stand_1,219.8101,0.0,-0.0,0.0,-0.0,Sidewalk
675.0,189.0161,3.0598,-1.15192,0.0,0.06981,108.9879,0.8519,stand_1,219.8227,0.0,0.06981,0.0,0.06981,Sidewalk
675.5,189.0161,3.0598,-1.15192,0.0,-0.0,108.9879,0.8519,stand_1,219.8101,0.0,-0.0,0.0,-0.0,Sidewalk
676.0,189.0161,3.0598,-1.11701,0.0,0.06981,108.9879,0.8519,stand_1,219.8227,0.0,0.06981,0.0,0.06981,Sidewalk
676.5,189.0161,3.0598,-1.11701,0.0,-0.0,108.9879,0.8519,stand_1,219.8101,0.0,-0.0,0.0,-0.0,Sidewalk
677.0,189.0161,3.0598,-1.0821,0.0,0.06981,108.9879,0.8519,stand_1,219.8227,0.0,0.06981,0.0,0.06981,Sidewalk
677.5,189.0161,3.0598,-1.0821,0.0,-0.0,108.9879,0.8519,stand_1,219.8101,0.0,-0.0,0.0,-0.0,Sidewalk
678.0,189.0161,3.0598,-1.0472,0.0,0.06981,108.9879,0.8519,stand_1,219.8227,0.0,0.06981,0.0,0.06981,Sidewalk
678.5,189.0161,3.0598,-1.0472,0.0,-0.0,108.9879,0.8519,stand_1,219.8101,0.0,-0.0,0.0,-0.0,Sidewalk
679.0,189.0161,3.0598,-1.01229,0.0,0.06981,108.9879,0.8519,stand_1,219.8227,0.0,0.06981,0.0,0.06981,Sidewalk
679.5,189.0161,3.0598,-1.01229,0.0,-0.0,108.9879,0.8519,stand_1,219.8101,0.0,-0.0,0.0,-0.0,Sidewalk
680.0,189.0161,3.0598,-0.97738,0.0,0.06981,108.9879,0.8519,stand_1,219.8227,0.0,0.06981,0.0,0.06981,Sidewalk
680.5,189.0161,3.0598,-0.97738,0.0,-0.0,108.9879,0.8519,stand_1,219.8101,0.0,-0.0,0.0,-0.0,Sidewalk
681.0,189.0161,3.0598,-0.94248,0.0,0.06981,108.9879,0.8519,stand_1,219.8227,0.0,0.06981,0.0,0.06981,Sidewalk
681.5,189.0161,3.0598,-0.94248,0.0,-0.0,108.9879,0.8519,stand_1,219.8101,0.0,-0.0,0.0,-0.0,Sidewalk
682.0,189.0161,3.0598,-0.90757,0.0,0.06981,108.9879,0.8519,stand_1,219.8227,0.0,0.06981,0.0,0.06981,Sidewalk
682.5,189.0161,3.0598,-0.90757,0.0,-0.0,108.9879,0.8519,stand_1,219.8102,0.0,-0.0,0.0,-0.0,Sidewalk
683.0,189.0161,3.0598,-0.87266,0.0,0.06981,108.9879,0.8519,stand_1,219.8227,0.0,0.06981,0.0,0.06981,Sidewalk
683.5,189.0161,3.0598,-0.87266,0.0,-0.0,108.9879,0.8519,stand_1,219.8102,0.0,-0.0,0.0,-0.0,Sidewalk
684.0,189.0161,3.0598,-0.83776,0.0,0.06981,108.9879,0.8519,stand_1,219.8227,0.0,0.06981,0.0,0.06981,Sidewalk
684.5,189.0161,3.0598,-0.83776,0.0,-0.0,108.9879,0.8519,stand_1,219.8102,0.0,-0.0,0.0,-0.0,Sidewalk
685.0,189.0161,3.0598,-0.80285,0.0,0.06981,108.9879,0.8519,stand_1,219.8227,0.0,0.06981,0.0,0.06981,Sidewalk
685.5,189.0161,3.0598,-0.80285,0.0,-0.0,108.9879,0.8519,stand_1,219.8102,0.0,-0.0,0.0,-0.0,Sidewalk
686.0,189.0161,3.0598,-0.76794,0.0,0.06981,108.9879,0.8519,stand_1,219.8228,0.0,0.06981,0.0,0.06981,Sidewalk
686.5,189.0161,3.0598,-0.76794,0.0,-0.0,108.9879,0.8519,stand_1,219.8102,0.0,-0.0,0.0,-0.0,Sidewalk
687.0,189.0161,3.0598,-0.73304,0.0,0.06981,108.9879,0.8519,stand_1,219.8228,0.0,0.06981,0.0,0.06981,Sidewalk
687.5,189.0161,3.0598,-0.73304,0.0,-0.0,108.9879,0.8519,stand_1,219.8102,0.0,-0.0,0.0,-0.0,Sidewalk
688.0,189.0161,3.0598,-0.69813,0.0,0.06981,108.9879,0.8519,stand_1,219.8228,0.0,0.06981,0.0,0.06981,Sidewalk
688.5,189.0161,3.0598,-0.69813,0.0,-0.0,108.9879,0.8519,stand_1,219.8102,0.0,-0.0,0.0,-0.0,Sidewalk
689.0,189.0161,3.0598,-0.66323,0.0,0.06981,108.9879,0.8519,stand_1,219.8228,0.0,0.06981,0.0,0.06981,Sidewalk
689.5,189.0161,3.0598,-0.66323,0.0,-0.0,108.9879,0.8519,stand_1,219.8102,0.0,-0.0,0.0,-0.0,Sidewalk
690.0,189.0161,3.0598,-0.62832,0.0,0.06981,108.9879,0.8519,stand_1,219.8228,0.0,0.06981,0.0,0.06981,Sidewalk
690.5,189.0161,3.0598,-0.62832,0.0,-0.0,108.9879,0.8519,stand_1,219.8102,0.0,-0.0,0.0,-0.0,Sidewalk
691.0,189.0161,3.0598,-0.59341,0.0,0.06981,108.9879,0.8519,stand_1,219.8228,0.0,0.06981,0.0,0.06981,Sidewalk
691.5,189.0161,3.0598,-0.59341,0.0,-0.0,108.9879,0.8519,stand_1,219.8102,0.0,-0.0,0.0,-0.0,Sidewalk
692.0,189.0161,3.0598,-0.55851,0.0,0.06981,108.9879,0.8519,stand_1,219.8228,0.0,0.06981,0.0,0.06981,Sidewalk
692.5,189.0161,3.0598,-0.55851,0.0,-0.0,108.9879,0.8519,stand_1,219.8102,0.0,-0.0,0.0,-0.0,Sidewalk
693.0,189.0161,3.0598,-0.5236,0.0,0.06981,108.9879,0.8518,stand_1,219.8228,0.0,0.06981,0.0,0.06981,Sidewalk
693.5,189.0161,3.0598,-0.5236,0.0,-0.0,108.9879,0.8518,stand_1,219.8102,0.0,-0.0,0.0,-0.0,Sidewalk
694.0,189.0161,3.0598,-0.48869,0.0,0.06981,108.9879,0.8518,stand_1,219.8228,0.0,0.06981,0.0,0.06981,Sidewalk
694.5,189.0161,3.0598,-0.48869,0.0,-0.0,108.9879,0.8518,stand_1,219.8102,0.0,-0.0,0.0,-0.0,Sidewalk
695.0,189.0161,3.0598,-0.45379,0.0,0.06981,108.9879,0.8518,stand_1,219.8228,0.0,0.06981,0.0,0.06981,Sidewalk
695.5,189.0161,3.0598,-0.45379,0.0,-0.0,108.9879,0.8518,stand_1,219.8103,0.0,-0.0,0.0,-0.0,Sidewalk
696.0,189.0161,3.0598,-0.41888,0.0,0.06981,108.9879,0.8518,stand_1,219.8228,0.0,0.06981,0.0,0.06981,Sidewalk
696.5,189.0161,3.0598,-0.41888,0.0,-0.0,108.9879,0.8518,stand_1,219.8103,0.0,-0.0,0.0,-0.0,Sidewalk
697.0,189.0161,3.0598,-0.38397,0.0,0.06981,108.9879,0.8518,stand_1,219.8228,0.0,0.06981,0.0,0.06981,Sidewalk
697.5,189.0161,3.0598,-0.38397,0.0,-0.0,108.9879,0.8518,stand_1,219.8103,0.0,-0.0,0.0,-0.0,Sidewalk
698.0,189.0161,3.0598,-0.34907,0.0,0.06981,108.9879,0.8518,stand_1,219.8228,0.0,0.06981,0.0,0.06981,Sidewalk
698.5,189.0161,3.0598,-0.34907,0.0,-0.0,108.9879,0.8518,stand_1,219.8103,0.0,-0.0,0.0,-0.0,Sidewalk
699.0,189.0161,3.0598,-0.31416,0.0,0.06981,108.9879,0.8518,stand_1,219.8229,0.0,0.06981,0.0,0.06981,Sidewalk
699.5,189.0161,3.0598,-0.31416,0.0,-0.0,108.9879,0.8518,stand_1,219.8103,0.0,-0.0,0.0,-0.0,Sidewalk
700.0,189.0161,3.0598,-0.27925,0.0,0.06981,108.9879,0.8518,stand_1,219.8229,0.0,0.06981,0.0,0.06981,Sidewalk
700.5,189.0161,3.0598,-0.27925,0.0,-0.0,108.9879,0.8518,stand_1,219.8103,0.0,-0.0,0.0,-0.0,Sidewalk
701.0,189.0161,3.0598,-0.24435,0.0,0.06981,108.9879,0.8518,stand_1,219.8229,0.0,0.06981,0.0,0.06981,Sidewalk
701.5,189.0161,3.0598,-0.24435,0.0,-0.0,108.9879,0.8518,stand_1,219.8103,0.0,-0.0,0.0,-0.0,Sidewalk
702.0,189.0161,3.0598,-0.20944,0.0,0.06981,108.9879,0.8518,stand_1,219.8229,0.0,0.06981,0.0,0.06981,Sidewalk
702.5,189.0161,3.0598,-0.20944,0.0,-0.0,108.9879,0.8518,stand_1,219.8103,0.0,-0.0,0.0,-0.0,Sidewalk
703.0,189.0161,3.0598,-0.17453,0.0,0.06981,108.9879,0.8518,stand_1,219.8229,0.0,0.06981,0.0,0.06981,Sidewalk
703.5,189.0161,3.0598,-0.17453,0.0,-0.0,108.9879,0.8518,stand_1,219.8103,0.0,-0.0,0.0,-0.0,Sidewalk
704.0,189.0161,3.0598,-0.13963,0.0,0.06981,108.9879,0.8518,stand_1,219.8229,0.0,0.06981,0.0,0.06981,Sidewalk
704.5,189.0161,3.0598,-0.13963,0.0,-0.0,108.9879,0.8518,stand_1,219.8103,0.0,-0.0,0.0,-0.0,Sidewalk
705.0,189.0161,3.0598,-0.10472,0.0,0.06981,108.9879,0.8518,stand_1,219.8229,0.0,0.06981,0.0,0.06981,Sidewalk
705.5,189.0161,3.0598,-0.10472,0.0,-0.0,108.9879,0.8518,stand_1,219.8103,0.0,-0.0,0.0,-0.0,Sidewalk
706.0,189.0161,3.0598,-0.06981,0.0,0.06981,108.9879,0.8518,stand_1,219.8229,0.0,0.06981,0.0,0.06981,Sidewalk
706.5,189.0161,3.0598,-0.06981,0.0,-0.0,108.9879,0.8518,stand_1,219.8103,0.0,-0.0,0.0,-0.0,Sidewalk
707.0,189.0161,3.0598,-0.03491,0.0,0.06981,108.9879,0.8518,stand_1,219.8229,0.0,0.06981,0.0,0.06981,Sidewalk
707.5,189.0161,3.0598,-0.03491,0.0,-0.0,108.9879,0.8518,stand_1,219.8104,0.0,-0.0,0.0,-0.0,Sidewalk
708.0,189.0161,3.0598,-0.0,0.0,0.06981,108.9879,0.8518,stand_1,219.8229,0.0,0.06981,0.0,0.06981,Sidewalk
708.5,189.0161,3.0598,-0.0,0.0,-0.0,108.9879,0.8518,stand_1,219.8104,0.0,-0.0,0.0,-0.0,Sidewalk
709.0,189.0161,3.0598,0.03491,0.0,0.06981,108.9879,0.8518,stand_1,219.8229,0.0,0.06981,0.0,0.06981,Sidewalk
709.5,189.0161,3.0598,0.03491,0.0,-0.0,108.9879,0.8518,stand_1,219.8104,0.0,-0.0,0.0,-0.0,Sidewalk
710.0,189.0161,3.0598,0.06981,0.0,0.06981,108.9879,0.8518,stand_1,219.8229,0.0,0.06981,0.0,0.06981,Sidewalk
710.5,189.0161,3.0598,0.06981,0.0,-0.0,108.9879,0.8518,stand_1,219.8104,0.0,-0.0,0.0,-0.0,Sidewalk
711.0,189.0161,3.0598,0.10472,0.0,0.06981,108.9879,0.8518,stand_1,219.8229,0.0,0.06981,0.0,0.06981,Sidewalk
711.5,189.0161,3.0598,0.10472,0.0,-0.0,108.9879,0.8518,stand_1,219.8104,0.0,-0.0,0.0,-0.0,Sidewalk
712.0,189.0161,3.0598,0.13963,0.0,0.06981,108.9879,0.8518,stand_1,219.823,0.0,0.06981,0.0,0.06981,Sidewalk
712.5,189.0161,3.0598,0.13963,0.0,-0.0,108.9879,0.8518,stand_1,219.8104,0.0,-0.0,0.0,-0.0,Sidewalk
713.0,189.0161,3.0598,0.17453,0.0,0.06981,108.9879,0.8518,stand_1,219.823,0.0,0.06981,0.0,0.06981,Sidewalk
713.5,189.0161,3.0598,0.17453,0.0,-0.0,108.9879,0.8518,stand_1,219.8104,0.0,-0.0,0.0,-0.0,Sidewalk
714.0,189.0161,3.0598,0.20944,0.0,0.06981,108.9879,0.8518,stand_1,219.823,0.0,0.06981,0.0,0.06981,Sidewalk
714.5,189.0161,3.0598,0.20944,0.0,-0.0,108.9879,0.8518,stand_1,219.8104,0.0,-0.0,0.0,-0.0,Sidewalk
715.0,189.0161,3.0598,0.24435,0.0,0.06981,108.9879,0.8518,stand_1,219.823,0.0,0.06981,0.0,0.06981,Sidewalk
715.5,189.0161,3.0598,0.24435,0.0,-0.0,108.9879,0.8518,stand_1,219.8104,0.0,-0.0,0.0,-0.0,Sidewalk
716.0,189.0161,3.0598,0.27925,0.0,0.06981,108.9879,0.8518,stand_1,219.823,0.0,0.06981,0.0,0.06981,Sidewalk
716.5,189.0161,3.0598,0.27925,0.0,-0.0,108.9879,0.8518,stand_1,219.8104,0.0,-0.0,0.0,-0.0,Sidewalk
717.0,189.0161,3.0598,0.31416,0.0,0.06981,108.9879,0.8518,stand_1,219.823,0.0,0.06981,0.0,0.06981,Sidewalk
717.5,189.0161,3.0598,0.31416,0.0,-0.0,108.9879,0.8518,stand_1,219.8104,0.0,-0.0,0.0,-0.0,Sidewalk
718.0,189.0161,3.0598,0.34907,0.0,0.06981,108.9879,0.8518,stand_1,219.823,0.0,0.06981,0.0,0.06981,Sidewalk
718.5,189.0161,3.0598,0.34907,0.0,-0.0,108.9879,0.8518,stand_1,219.8104,0.0,-0.0,0.0,-0.0,Sidewalk
719.0,189.0161,3.0598,0.38397,0.0,0.06981,108.9879,0.8518,stand_1,219.823,0.0,0.06981,0.0,0.06981,Sidewalk
719.5,189.0161,3.0598,0.38397,0.0,-0.0,108.9879,0.8518,stand_1,219.8104,0.0,-0.0,0.0,-0.0,Sidewalk
720.0,189.0161,3.0598,0.41888,0.0,0.06981,108.9879,0.8518,stand_1,219.823,0.0,0.06981,0.0,0.06981,Sidewalk
720.5,189.0161,3.0598,0.41888,0.0,-0.0,108.9879,0.8518,stand_1,219.8104,0.0,-0.0,0.0,-0.0,Sidewalk
721.0,189.0161,3.0598,0.45379,0.0,0.06981,108.9879,0.8518,stand_1,219.823,0.0,0.06981,0.0,0.06981,Sidewalk
721.5,189.0161,3.0598,0.45379,0.0,-0.0,108.9879,0.8518,stand_1,219.8105,0.0,-0.0,0.0,-0.0,Sidewalk
722.0,189.0161,3.0598,0.48869,0.0,0.06981,108.9879,0.8518,stand_1,219.823,0.0,0.06981,0.0,0.06981,Sidewalk
722.5,189.0161,3.0598,0.48869,0.0,-0.0,108.9879,0.8518,stand_1,219.8105,0.0,-0.0,0.0,-0.0,Sidewalk
723.0,189.0161,3.0598,0.5236,0.0,0.06981,108.9879,0.8518,stand_1,219.823,0.0,0.06981,0.0,0.06981,Sidewalk
723.5,189.0161,3.0598,0.5236,0.0,-0.0,108.9879,0.8518,stand_1,219.8105,0.0,-0.0,0.0,-0.0,Sidewalk
724.0,189.0161,3.0598,0.55851,0.0,0.06981,108.9879,0.8518,stand_1,219.823,0.0,0.06981,0.0,0.06981,Sidewalk
724.5,189.0161,3.0598,0.55851,0.0,-0.0,108.9879,0.8518,stand_1,219.8105,0.0,-0.0,0.0,-0.0,Sidewalk
725.0,189.0161,3.0598,0.59341,0.0,0.06981,108.9879,0.8518,stand_1,219.8231,0.0,0.06981,0.0,0.06981,Sidewalk
725.5,189.0161,3.0598,0.59341,0.0,-0.0,108.9879,0.8518,stand_1,219.8105,0.0,-0.0,0.0,-0.0,Sidewalk
726.0,189.0161,3.0598,0.62832,0.0,0.06981,108.9879,0.8518,stand_1,219.8231,0.0,0.06981,0.0,0.06981,Sidewalk
726.5,189.0161,3.0598,0.62832,0.0,-0.0,108.9879,0.8518,stand_1,219.8105,0.0,-0.0,0.0,-0.0,Sidewalk
727.0,189.0161,3.0598,0.66323,0.0,0.06981,108.9879,0.8518,stand_1,219.8231,0.0,0.06981,0.0,0.06981,Sidewalk
727.5,189.0161,3.0598,0.66323,0.0,-0.0,108.9879,0.8518,stand_1,219.8105,0.0,-0.0,0.0,-0.0,Sidewalk
728.0,189.0161,3.0598,0.69813,0.0,0.06981,108.9879,0.8518,stand_1,219.8231,0.0,0.06981,0.0,0.06981,Sidewalk
728.5,189.0161,3.0598,0.69813,0.0,-0.0,108.9879,0.8518,stand_1,219.8105,0.0,-0.0,0.0,-0.0,Sidewalk
729.0,189.0161,3.0598,0.73304,0.0,0.06981,108.9879,0.8518,stand_1,219.8231,0.0,0.06981,0.0,0.06981,Sidewalk
729.5,189.0161,3.0598,0.73304,0.0,-0.0,108.9879,0.8518,stand_1,219.8105,0.0,-0.0,0.0,-0.0,Sidewalk
730.0,189.0161,3.0598,0.76794,0.0,0.06981,108.9879,0.8518,stand_1,219.8231,0.0,0.06981,0.0,0.06981,Sidewalk
730.5,189.0161,3.0598,0.76794,0.0,-0.0,108.9879,0.8518,stand_1,219.8105,0.0,-0.0,0.0,-0.0,Sidewalk
731.0,189.0161,3.0598,0.80285,0.0,0.06981,108.9879,0.8518,stand_1,219.8231,0.0,0.06981,0.0,0.06981,Sidewalk
731.5,189.0161,3.0598,0.80285,0.0,-0.0,108.9879,0.8517,stand_1,219.8105,0.0,-0.0,0.0,-0.0,Sidewalk
732.0,189.0161,3.0598,0.83776,0.0,0.06981,108.9879,0.8517,stand_1,219.8231,0.0,0.06981,0.0,0.06981,Sidewalk
732.5,189.0161,3.0598,0.83776,0.0,-0.0,108.9879,0.8517,stand_1,219.8105,0.0,-0.0,0.0,-0.0,Sidewalk
733.0,189.0161,3.0598,0.87266,0.0,0.06981,108.9879,0.8517,stand_1,219.8231,0.0,0.06981,0.0,0.06981,Sidewalk
733.5,189.0161,3.0598,0.87266,0.0,-0.0,108.9879,0.8517,stand_1,219.8105,0.0,-0.0,0.0,-0.0,Sidewalk
734.0,189.0161,3.0598,0.90757,0.0,0.06981,108.9879,0.8517,stand_1,219.8231,0.0,0.06981,0.0,0.06981,Sidewalk
734.5,189.0161,3.0598,0.90757,0.0,-0.0,108.9879,0.8517,stand_1,219.8106,0.0,-0.0,0.0,-0.0,Sidewalk
735.0,189.0161,3.0598,0.94248,0.0,0.06981,108.9879,0.8517,stand_1,219.8231,0.0,0.06981,0.0,0.06981,Sidewalk
735.5,189.0161,3.0598,0.94248,0.0,-0.0,108.9879,0.8517,stand_1,219.8106,0.0,-0.0,0.0,-0.0,Sidewalk
736.0,189.0161,3.0598,0.97738,0.0,0.06981,108.9879,0.8517,stand_1,219.8231,0.0,0.06981,0.0,0.06981,Sidewalk
736.5,189.0161,3.0598,0.97738,0.0,-0.0,108.9879,0.8517,stand_1,219.8106,0.0,-0.0,0.0,-0.0,Sidewalk
737.0,189.0161,3.0598,1.01229,0.0,0.06981,108.9879,0.8517,stand_1,219.8231,0.0,0.06981,0.0,0.06981,Sidewalk
737.5,189.0161,3.0598,1.01229,0.0,-0.0,108.9879,0.8517,stand_1,219.8106,0.0,-0.0,0.0,-0.0,Sidewalk
738.0,189.0161,3.0598,1.0472,0.0,0.06981,108.9879,0.8517,stand_1,219.8231,0.0,0.06981,0.0,0.06981,Sidewalk
738.5,189.0161,3.0598,1.0472,0.0,-0.0,108.9879,0.8517,stand_1,219.8106,0.0,-0.0,0.0,-0.0,Sidewalk
739.0,189.0161,3.0598,1.0821,0.0,0.06981,108.9879,0.8517,stand_1,219.8231,0.0,0.06981,0.0,0.06981,Sidewalk
739.5,189.0161,3.0598,1.0821,0.0,-0.0,108.9879,0.8517,stand_1,219.8106,0.0,-0.0,0.0,-0.0,Sidewalk
740.0,189.0161,3.0598,1.11701,0.0,0.06981,108.9879,0.8517,stand_1,219.8232,0.0,0.06981,0.0,0.06981,Sidewalk
740.5,189.0161,3.0598,1.11701,0.0,-0.0,108.9879,0.8517,stand_1,219.8106,0.0,-0.0,0.0,-0.0,Sidewalk
741.0,189.0161,3.0598,1.15192,0.0,0.06981,108.9879,0.8517,stand_1,219.8232,0.0,0.06981,0.0,0.06981,Sidewalk
741.5,189.0161,3.0598,1.15192,0.0,-0.0,108.9879,0.8517,stand_1,219.8106,0.0,-0.0,0.0,-0.0,Sidewalk
742.0,189.0161,3.0598,1.18682,0.0,0.06981,108.9879,0.8517,stand_1,219.8232,0.0,0.06981,0.0,0.06981,Sidewalk
742.5,189.0161,3.0598,1.18682,0.0,-0.0,108.9879,0.8517,stand_1,219.8106,0.0,-0.0,0.0,-0.0,Sidewalk
743.0,189.0161,3.0598,1.22173,0.0,0.06981,108.9879,0.8517,stand_1,219.8232,0.0,0.06981,0.0,0.06981,Sidewalk
743.5,189.0161,3.0598,1.22173,0.0,-0.0,108.9879,0.8517,stand_1,219.8106,0.0,-0.0,0.0,-0.0,Sidewalk
744.0,189.0161,3.0598,1.25664,0.0,0.06981,108.9879,0.8517,stand_1,219.8232,0.0,0.06981,0.0,0.06981,Sidewalk
744.5,189.0161,3.0598,1.25664,0.0,-0.0,108.9879,0.8517,stand_1,219.8106,0.0,-0.0,0.0,-0.0,Sidewalk
745.0,189.0161,3.0598,1.29154,0.0,0.06981,108.9879,0.8517,stand_1,219.8232,0.0,0.06981,0.0,0.06981,Sidewalk
745.5,189.0161,3.0598,1.29154,0.0,-0.0,108.9879,0.8517,stand_1,219.8106,0.0,-0.0,0.0,-0.0,Sidewalk
746.0,189.0161,3.0598,1.32645,0.0,0.06981,108.9879,0.8517,stand_1,219.8232,0.0,0.06981,0.0,0.06981,Sidewalk
746.5,189.0161,3.0598,1.32645,0.0,-0.0,108.9879,0.8517,stand_1,219.8106,0.0,-0.0,0.0,-0.0,Sidewalk
747.0,189.0161,3.0598,1.36136,0.0,0.06981,108.9879,0.8517,stand_1,219.8232,0.0,0.06981,0.0,0.06981,Sidewalk
747.5,189.0161,3.0598,1.36136,0.0,-0.0,108.9879,0.8517,stand_1,219.8107,0.0,-0.0,0.0,-0.0,Sidewalk
748.0,189.0161,3.0598,1.39626,0.0,0.06981,108.9879,0.8517,stand_1,219.8232,0.0,0.06981,0.0,0.06981,Sidewalk
748.5,189.0161,3.0598,1.39626,0.0,-0.0,108.9879,0.8517,stand_1,219.8107,0.0,-0.0,0.0,-0.0,Sidewalk
749.0,189.0161,3.0598,1.43117,0.0,0.06981,108.9879,0.8517,stand_1,219.8232,0.0,0.06981,0.0,0.06981,Sidewalk
749.5,189.0161,3.0598,1.43117,0.0,-0.0,108.9879,0.8517,stand_1,219.8107,0.0,-0.0,0.0,-0.0,Sidewalk
750.0,189.0161,3.0598,1.46608,0.0,0.06981,108.9879,0.8517,stand_1,219.8232,0.0,0.06981,0.0,0.06981,Sidewalk
750.5,189.0161,3.0598,1.46608,0.0,-0.0,108.9879,0.8517,stand_1,219.8107,0.0,-0.0,0.0,-0.0,Sidewalk
751.0,189.0161,3.0598,1.50098,0.0,0.06981,108.9879,0.8517,stand_1,219.8232,0.0,0.06981,0.0,0.06981,Sidewalk
751.5,189.0161,3.0598,1.50098,0.0,-0.0,108.9879,0.8517,stand_1,219.8107,0.0,-0.0,0.0,-0.0,Sidewalk
752.0,189.0161,3.0598,1.53589,0.0,0.06981,108.9879,0.8517,stand_1,219.8233,0.0,0.06981,0.0,0.06981,Sidewalk
752.5,189.0161,3.0598,1.53589,0.0,-0.0,108.9879,0.8517,stand_1,219.8107,0.0,-0.0,0.0,-0.0,Sidewalk
753.0,189.0161,3.0598,1.5708,0.0,0.06981,108.9879,0.8517,stand_1,219.8233,0.0,0.06981,0.0,0.06981,Sidewalk
753.5,189.0161,3.0598,1.5708,0.0,-0.0,108.9879,0.8517,stand_1,219.8107,0.0,-0.0,0.0,-0.0,Sidewalk
754.0,189.0161,3.0598,1.6057,0.0,0.06981,108.9879,0.8517,stand_1,219.8233,0.0,0.06981,0.0,0.06981,Sidewalk
754.5,189.0161,3.0598,1.6057,0.0,-0.0,108.9879,0.8517,stand_1,219.8107,0.0,-0.0,0.0,-0.0,Sidewalk
755.0,189.0161,3.0598,1.64061,0.0,0.06981,108.9879,0.8517,stand_1,219.8233,0.0,0.06981,0.0,0.06981,Sidewalk
755.5,189.0161,3.0598,1.64061,0.0,-0.0,108.9879,0.8517,stand_1,219.8107,0.0,-0.0,0.0,-0.0,Sidewalk
756.0,189.0161,3.0598,1.67552,0.0,0.06981,108.9879,0.8517,stand_1,219.8233,0.0,0.06981,0.0,0.06981,Sidewalk
756.5,189.0161,3.0598,1.67552,0.0,-0.0,108.9879,0.8517,stand_1,219.8107,0.0,-0.0,0.0,-0.0,Sidewalk
757.0,189.0161,3.0598,1.71042,0.0,0.06981,108.9879,0.8517,stand_1,219.8233,0.0,0.06981,0.0,0.06981,Sidewalk
757.5,189.0161,3.0598,1.71042,0.0,-0.0,108.9879,0.8517,stand_1,219.8107,0.0,-0.0,0.0,-0.0,Sidewalk
758.0,189.0161,3.0598,1.74533,0.0,0.06981,108.9879,0.8517,stand_1,219.8233,0.0,0.06981,0.0,0.06981,Sidewalk
758.5,189.0161,3.0598,1.74533,0.0,-0.0,108.9879,0.8517,stand_1,219.8107,0.0,-0.0,0.0,-0.0,Sidewalk
759.0,189.0161,3.0598,1.78024,0.0,0.06981,108.9879,0.8517,stand_1,219.8233,0.0,0.06981,0.0,0.06981,Sidewalk
759.5,189.0161,3.0598,1.78024,0.0,-0.0,108.9879,0.8517,stand_1,219.8107,0.0,-0.0,0.0,-0.0,Sidewalk
760.0,189.0161,3.0598,1.81514,0.0,0.06981,108.9879,0.8517,stand_1,219.8233,0.0,0.06981,0.0,0.06981,Sidewalk
760.5,189.0161,3.0598,1.81514,0.0,-0.0,108.9879,0.8517,stand_1,219.8108,0.0,-0.0,0.0,-0.0,Sidewalk
761.0,189.0161,3.0598,1.85005,0.0,0.06981,108.9879,0.8517,stand_1,219.8233,0.0,0.06981,0.0,0.06981,Sidewalk
761.5,189.0161,3.0598,1.85005,0.0,-0.0,108.9879,0.8517,stand_1,219.8108,0.0,-0.0,0.0,-0.0,Sidewalk
762.0,189.0161,3.0598,1.88496,0.0,0.06981,108.9879,0.8517,stand_1,219.8233,0.0,0.06981,0.0,0.06981,Sidewalk
762.5,189.0161,3.0598,1.88496,0.0,-0.0,108.9879,0.8517,stand_1,219.8108,0.0,-0.0,0.0,-0.0,Sidewalk
763.0,189.0161,3.0598,1.91986,0.0,0.06981,108.9879,0.8517,stand_1,219.8233,0.0,0.06981,0.0,0.06981,Sidewalk
763.5,189.0161,3.0598,1.91986,0.0,-0.0,108.9879,0.8517,stand_1,219.8108,0.0,-0.0,0.0,-0.0,Sidewalk
764.0,189.0161,3.0598,1.95477,0.0,0.06981,108.9879,0.8517,stand_1,219.8233,0.0,0.06981,0.0,0.06981,Sidewalk
764.5,189.0161,3.0598,1.95477,0.0,-0.0,108.9879,0.8517,stand_1,219.8108,0.0,-0.0,0.0,-0.0,Sidewalk
765.0,189.0161,3.0598,1.98968,0.0,0.06981,108.9879,0.8517,stand_1,219.8234,0.0,0.06981,0.0,0.06981,Sidewalk
765.5,189.0161,3.0598,1.98968,0.0,-0.0,108.9879,0.8517,stand_1,219.8108,0.0,-0.0,0.0,-0.0,Sidewalk
766.0,189.0161,3.0598,2.02458,0.0,0.06981,108.9879,0.8517,stand_1,219.8234,0.0,0.06981,0.0,0.06981,Sidewalk
766.5,189.0161,3.0598,2.02458,0.0,-0.0,108.9879,0.8517,stand_1,219.8108,0.0,-0.0,0.0,-0.0,Sidewalk
767.0,189.0161,3.0598,2.05949,0.0,0.06981,108.9879,0.8517,stand_1,219.8234,0.0,0.06981,0.0,0.06981,Sidewalk
767.5,189.0161,3.0598,2.05949,0.0,-0.0,108.9879,0.8517,stand_1,219.8108,0.0,-0.0,0.0,-0.0,Sidewalk
768.0,189.0161,3.0598,2.0944,0.0,0.06981,108.9879,0.8517,stand_1,219.8234,0.0,0.06981,0.0,0.06981,Sidewalk
768.5,189.0161,3.0598,2.0944,0.0,-0.0,108.9879,0.8517,stand_1,219.8108,0.0,-0.0,0.0,-0.0,Sidewalk
769.0,189.0161,3.0598,2.1293,0.0,0.06981,108.9879,0.8517,stand_1,219.8234,0.0,0.06981,0.0,0.06981,Sidewalk
769.5,189.0161,3.0598,2.1293,0.0,-0.0,108.9879,0.8516,stand_1,219.8108,0.0,-0.0,0.0,-0.0,Sidewalk
770.0,189.0161,3.0598,2.16421,0.0,0.06981,108.9879,0.8516,stand_1,219.8234,0.0,0.06981,0.0,0.06981,Sidewalk
770.5,189.0161,3.0598,2.16421,0.0,-0.0,108.9879,0.8516,stand_1,219.8108,0.0,-0.0,0.0,-0.0,Sidewalk
771.0,189.0161,3.0598,2.19911,0.0,0.06981,108.9879,0.8516,stand_1,219.8234,0.0,0.06981,0.0,0.06981,Sidewalk
771.5,189.0161,3.0598,2.19911,0.0,-0.0,108.9879,0.8516,stand_1,219.8108,0.0,-0.0,0.0,-0.0,Sidewalk
772.0,189.0161,3.0598,2.23402,0.0,0.06981,108.9879,0.8516,stand_1,219.8234,0.0,0.06981,0.0,0.06981,Sidewalk
772.5,189.0161,3.0598,2.23402,0.0,-0.0,108.9879,0.8516,stand_1,219.8108,0.0,-0.0,0.0,-0.0,Sidewalk
773.0,189.0161,3.0598,2.26893,0.0,0.06981,108.9879,0.8516,stand_1,219.8234,0.0,0.06981,0.0,0.06981,Sidewalk
773.5,189.0161,3.0598,2.26893,0.0,-0.0,108.9879,0.8516,stand_1,219.8109,0.0,-0.0,0.0,-0.0,Sidewalk
774.0,189.0161,3.0598,2.30383,0.0,0.06981,108.9879,0.8516,stand_1,219.8234,0.0,0.06981,0.0,0.06981,Sidewalk
774.5,189.0161,3.0598,2.30383,0.0,-0.0,108.9879,0.8516,stand_1,219.8109,0.0,-0.0,0.0,-0.0,Sidewalk
775.0,189.0161,3.0598,2.33874,0.0,0.06981,108.9879,0.8516,stand_1,219.8234,0.0,0.06981,0.0,0.06981,Sidewalk
775.5,189.0161,3.0598,2.33874,0.0,-0.0,108.9879,0.8516,stand_1,219.8109,0.0,-0.0,0.0,-0.0,Sidewalk
776.0,189.0161,3.0598,2.37365,0.0,0.06981,108.9879,0.8516,stand_1,219.8234,0.0,0.06981,0.0,0.06981,Sidewalk
776.5,189.0161,3.0598,2.37365,0.0,-0.0,108.9879,0.8516,stand_1,219.8109,0.0,-0.0,0.0,-0.0,Sidewalk
777.0,189.0161,3.0598,2.40855,0.0,0.06981,108.9879,0.8516,stand_1,219.8234,0.0,0.06981,0.0,0.06981,Sidewalk
777.5,189.0161,3.0598,2.40855,0.0,-0.0,108.9879,0.8516,stand_1,219.8109,0.0,-0.0,0.0,-0.0,Sidewalk
778.0,189.0161,3.0598,2.44346,0.0,0.06981,108.9879,0.8516,stand_1,219.8235,0.0,0.06981,0.0,0.06981,Sidewalk
778.5,189.0161,3.0598,2.44346,0.0,-0.0,108.9879,0.8516,stand_1,219.8109,0.0,-0.0,0.0,-0.0,Sidewalk
779.0,189.0161,3.0598,2.47837,0.0,0.06981,108.9879,0.8516,stand_1,219.8235,0.0,0.06981,0.0,0.06981,Sidewalk
779.5,189.0161,3.0598,2.47837,0.0,-0.0,108.9879,0.8516,stand_1,219.8109,0.0,-0.0,0.0,-0.0,Sidewalk
780.0,189.0161,3.0598,2.51327,0.0,0.06981,108.9879,0.8516,stand_1,219.8235,0.0,0.06981,0.0,0.06981,Sidewalk
780.5,189.0161,3.0598,2.51327,0.0,-0.0,108.9879,0.8516,stand_1,219.8109,0.0,-0.0,0.0,-0.0,Sidewalk
781.0,189.0161,3.0598,2.54818,0.0,0.06981,108.9879,0.8516,stand_1,219.8235,0.0,0.06981,0.0,0.06981,Sidewalk
781.5,189.0161,3.0598,2.54818,0.0,-0.0,108.9879,0.8516,stand_1,219.8109,0.0,-0.0,0.0,-0.0,Sidewalk
782.0,189.0161,3.0598,2.58309,0.0,0.06981,108.9879,0.8516,stand_1,219.8235,0.0,0.06981,0.0,0.06981,Sidewalk
782.5,189.0161,3.0598,2.58309,0.0,-0.0,108.9879,0.8516,stand_1,219.8109,0.0,-0.0,0.0,-0.0,Sidewalk
783.0,189.0161,3.0598,2.61799,0.0,0.06981,108.9879,0.8516,stand_1,219.8235,0.0,0.06981,0.0,0.06981,Sidewalk
783.5,189.0161,3.0598,2.61799,0.0,-0.0,108.9879,0.8516,stand_1,219.8109,0.0,-0.0,0.0,-0.0,Sidewalk
784.0,189.0161,3.0598,2.6529,0.0,0.06981,108.9879,0.8516,stand_1,219.8235,0.0,0.06981,0.0,0.06981,Sidewalk
784.5,189.0161,3.0598,2.6529,0.0,-0.0,108.9879,0.8516,stand_1,219.8109,0.0,-0.0,0.0,-0.0,Sidewalk
785.0,189.0161,3.0598,2.68781,0.0,0.06981,108.9879,0.8516,stand_1,219.8235,0.0,0.06981,0.0,0.06981,Sidewalk
785.5,189.0161,3.0598,2.68781,0.0,-0.0,108.9879,0.8516,stand_1,219.8109,0.0,-0.0,0.0,-0.0,Sidewalk
786.0,189.0161,3.0598,2.72271,0.0,0.06981,108.9879,0.8516,stand_1,219.8235,0.0,0.06981,0.0,0.06981,Sidewalk
786.5,189.0161,3.0598,2.72271,0.0,-0.0,108.9879,0.8516,stand_1,219.811,0.0,-0.0,0.0,-0.0,Sidewalk
787.0,189.0161,3.0598,2.75762,0.0,0.06981,108.9879,0.8516,stand_1,219.8235,0.0,0.06981,0.0,0.06981,Sidewalk
787.5,189.0161,3.0598,2.75762,0.0,-0.0,108.9879,0.8516,stand_1,219.811,0.0,-0.0,0.0,-0.0,Sidewalk
788.0,189.0161,3.0598,2.79253,0.0,0.06981,108.9879,0.8516,stand_1,219.8235,0.0,0.06981,0.0,0.06981,Sidewalk
788.5,189.0161,3.0598,2.79253,0.0,-0.0,108.9879,0.8516,stand_1,219.811,0.0,-0.0,0.0,-0.0,Sidewalk
789.0,189.0161,3.0598,2.82743,0.0,0.06981,108.9879,0.8516,stand_1,219.8235,0.0,0.06981,0.0,0.06981,Sidewalk
789.5,189.0161,3.0598,2.82743,0.0,-0.0,108.9879,0.8516,stand_1,219.811,0.0,-0.0,0.0,-0.0,Sidewalk
790.0,189.0161,3.0598,2.86234,0.0,0.06981,108.9879,0.8516,stand_1,219.8235,0.0,0.06981,0.0,0.06981,Sidewalk
790.5,189.0161,3.0598,2.86234,0.0,-0.0,108.9879,0.8516,stand_1,219.811,0.0,-0.0,0.0,-0.0,Sidewalk
791.0,189.0161,3.0598,2.89725,0.0,0.06981,108.9879,0.8516,stand_1,219.8236,0.0,0.06981,0.0,0.06981,Sidewalk
791.5,189.0161,3.0598,2.89725,0.0,-0.0,108.9879,0.8516,stand_1,219.811,0.0,-0.0,0.0,-0.0,Sidewalk
792.0,189.0161,3.0598,2.93215,0.0,0.06981,108.9879,0.8516,stand_1,219.8236,0.0,0.06981,0.0,0.06981,Sidewalk
792.5,189.0161,3.0598,2.93215,0.0,-0.0,108.9879,0.8516,stand_1,219.811,0.0,-0.0,0.0,-0.0,Sidewalk
793.0,189.0161,3.0598,2.96706,0.0,0.06981,108.9879,0.8516,stand_1,219.8236,0.0,0.06981,0.0,0.06981,Sidewalk
793.5,189.0161,3.0598,2.96706,0.0,-0.0,108.9879,0.8516,stand_1,219.811,0.0,-0.0,0.0,-0.0,Sidewalk
794.0,189.0161,3.0598,3.00197,0.0,0.06981,108.9879,0.8516,stand_1,219.8236,0.0,0.06981,0.0,0.06981,Sidewalk
794.5,189.0161,3.0598,3.00197,0.0,-0.0,108.9879,0.8516,stand_1,219.811,0.0,-0.0,0.0,-0.0,Sidewalk
795.0,189.0161,3.0598,3.03687,0.0,0.06981,108.9879,0.8516,stand_1,219.8236,0.0,0.06981,0.0,0.06981,Sidewalk
795.5,189.0161,3.0598,3.03687,0.0,-0.0,108.9879,0.8516,stand_1,219.811,0.0,-0.0,0.0,-0.0,Sidewalk
796.0,189.0161,3.0598,3.07178,0.0,0.06981,108.9879,0.8516,stand_1,219.8236,0.0,0.06981,0.0,0.06981,Sidewalk
796.5,189.0161,3.0598,3.07178,0.0,-0.0,108.9879,0.8516,stand_1,219.811,0.0,-0.0,0.0,-0.0,Sidewalk
797.0,189.0161,3.0598,3.10669,0.0,0.06981,108.9879,0.8516,stand_1,219.8236,0.0,0.06981,0.0,0.06981,Sidewalk
797.5,189.0161,3.0598,3.10669,0.0,-0.0,108.9879,0.8516,stand_1,219.811,0.0,-0.0,0.0,-0.0,Sidewalk
798.0,189.0161,3.0598,3.14159,0.0,0.06981,108.9879,0.8516,stand_1,219.8236,0.0,0.06981,0.0,0.06981,Sidewalk
798.5,189.0161,3.0598,3.14159,0.0,-0.0,108.9879,0.8516,stand_1,219.811,0.0,-0.0,0.0,-0.0,Sidewalk
799.0,189.0161,3.0598,-3.10669,0.0,0.06981,108.9879,0.8516,stand_1,219.8236,0.0,0.06981,0.0,0.06981,Sidewalk
799.5,189.0161,3.0598,-3.10669,0.0,-0.0,108.9879,0.8516,stand_1,219.8111,0.0,-0.0,0.0,-0.0,Sidewalk
800.0,189.0161,3.0598,-3.07178,0.0,0.06981,108.9879,0.8516,stand_1,219.8236,0.0,0.06981,0.0,0.06981,Sidewalk
800.5,189.0161,3.0598,-3.07178,0.0,-0.0,108.9879,0.8516,stand_1,219.8111,0.0,-0.0,0.0,-0.0,Sidewalk
801.0,189.0161,3.0598,-3.03687,0.0,0.06981,108.9879,0.8516,stand_1,219.8236,0.0,0.06981,0.0,0.06981,Sidewalk
801.5,189.0161,3.0598,-3.03687,0.0,-0.0,108.9879,0.8516,stand_1,219.8111,0.0,-0.0,0.0,-0.0,Sidewalk
802.0,189.0161,3.0598,-3.00197,0.0,0.06981,108.9879,0.8516,stand_1,219.8236,0.0,0.06981,0.0,0.06981,Sidewalk
802.5,189.0161,3.0598,-3.00197,0.0,-0.0,108.9879,0.8516,stand_1,219.8111,0.0,-0.0,0.0,-0.0,Sidewalk
803.0,189.0161,3.0598,-2.96706,0.0,0.06981,108.9879,0.8516,stand_1,219.8237,0.0,0.06981,0.0,0.06981,Sidewalk
803.5,189.0161,3.0598,-2.96706,0.0,-0.0,108.9879,0.8516,stand_1,219.8111,0.0,-0.0,0.0,-0.0,Sidewalk
804.0,189.0161,3.0598,-2.93215,0.0,0.06981,108.9879,0.8516,stand_1,219.8237,0.0,0.06981,0.0,0.06981,Sidewalk
804.5,189.0161,3.0598,-2.93215,0.0,-0.0,108.9879,0.8516,stand_1,219.8111,0.0,-0.0,0.0,-0.0,Sidewalk
805.0,189.0161,3.0598,-2.89725,0.0,0.06981,108.9879,0.8516,stand_1,219.8237,0.0,0.06981,0.0,0.06981,Sidewalk
805.5,189.0161,3.0598,-2.89725,0.0,-0.0,108.9879,0.8516,stand_1,219.8111,0.0,-0.0,0.0,-0.0,Sidewalk
806.0,189.0161,3.0598,-2.86234,0.0,0.06981,108.9879,0.8516,stand_1,219.8237,0.0,0.06981,0.0,0.06981,Sidewalk
806.5,189.0161,3.0598,-2.86234,0.0,-0.0,108.9879,0.8516,stand_1,219.8111,0.0,-0.0,0.0,-0.0,Sidewalk
807.0,189.0161,3.0598,-2.82743,0.0,0.06981,108.9879,0.8515,stand_1,219.8237,0.0,0.06981,0.0,0.06981,Sidewalk
807.5,189.0161,3.0598,-2.82743,0.0,-0.0,108.9879,0.8515,stand_1,219.8111,0.0,-0.0,0.0,-0.0,Sidewalk
808.0,189.0161,3.0598,-2.79253,0.0,0.06981,108.9879,0.8515,stand_1,219.8237,0.0,0.06981,0.0,0.06981,Sidewalk
808.5,189.0161,3.0598,-2.79253,0.0,-0.0,108.9879,0.8515,stand_1,219.8111,0.0,-0.0,0.0,-0.0,Sidewalk
809.0,189.0161,3.0598,-2.75762,0.0,0.06981,108.9879,0.8515,stand_1,219.8237,0.0,0.06981,0.0,0.06981,Sidewalk
809.5,189.0161,3.0598,-2.75762,0.0,-0.0,108.9879,0.8515,stand_1,219.8111,0.0,-0.0,0.0,-0.0,Sidewalk
810.0,189.0161,3.0598,-2.72271,0.0,0.06981,108.9879,0.8515,stand_1,219.8237,0.0,0.06981,0.0,0.06981,Sidewalk
810.5,189.0161,3.0598,-2.72271,0.0,-0.0,108.9879,0.8515,stand_1,219.8111,0.0,-0.0,0.0,-0.0,Sidewalk
811.0,189.0161,3.0598,-2.68781,0.0,0.06981,108.9879,0.8515,stand_1,219.8237,0.0,0.06981,0.0,0.06981,Sidewalk
811.5,189.0161,3.0598,-2.68781,0.0,-0.0,108.9879,0.8515,stand_1,219.8112,0.0,-0.0,0.0,-0.0,Sidewalk
812.0,189.0161,3.0598,-2.6529,0.0,0.06981,108.9879,0.8515,stand_1,219.8237,0.0,0.06981,0.0,0.06981,Sidewalk
812.5,189.0161,3.0598,-2.6529,0.0,-0.0,108.9879,0.8515,stand_1,219.8112,0.0,-0.0,0.0,-0.0,Sidewalk
813.0,189.0161,3.0598,-2.61799,0.0,0.06981,108.9879,0.8515,stand_1,219.8237,0.0,0.06981,0.0,0.06981,Sidewalk
813.5,189.0161,3.0598,-2.61799,0.0,-0.0,108.9879,0.8515,stand_1,219.8112,0.0,-0.0,0.0,-0.0,Sidewalk
814.0,189.0161,3.0598,-2.58309,0.0,0.06981,108.9879,0.8515,stand_1,219.8237,0.0,0.06981,0.0,0.06981,Sidewalk
814.5,189.0161,3.0598,-2.58309,0.0,-0.0,108.9879,0.8515,stand_1,219.8112,0.0,-0.0,0.0,-0.0,Sidewalk
815.0,189.0161,3.0598,-2.54818,0.0,0.06981,108.9879,0.8515,stand_1,219.8238,0.0,0.06981,0.0,0.06981,Sidewalk
815.5,189.0161,3.0598,-2.54818,0.0,-0.0,108.9879,0.8515,stand_1,219.8112,0.0,-0.0,0.0,-0.0,Sidewalk
816.0,189.0161,3.0598,-2.51327,0.0,0.06981,108.9879,0.8515,stand_1,219.8238,0.0,0.06981,0.0,0.06981,Sidewalk
816.5,189.0161,3.0598,-2.51327,0.0,-0.0,108.9879,0.8515,stand_1,219.8112,0.0,-0.0,0.0,-0.0,Sidewalk
817.0,189.0161,3.0598,-2.47837,0.0,0.06981,108.9879,0.8515,stand_1,219.8238,0.0,0.06981,0.0,0.06981,Sidewalk
817.5,189.0161,3.0598,-2.47837,0.0,-0.0,108.9879,0.8515,stand_1,219.8112,0.0,-0.0,0.0,-0.0,Sidewalk
818.0,189.0161,3.0598,-2.44346,0.0,0.06981,108.9879,0.8515,stand_1,219.8238,0.0,0.06981,0.0,0.06981,Sidewalk
818.5,189.0161,3.0598,-2.44346,0.0,-0.0,108.9879,0.8515,stand_1,219.8112,0.0,-0.0,0.0,-0.0,Sidewalk
819.0,189.0161,3.0598,-2.40855,0.0,0.06981,108.9879,0.8515,stand_1,219.8238,0.0,0.06981,0.0,0.06981,Sidewalk
819.5,189.0161,3.0598,-2.40855,0.0,-0.0,108.9879,0.8515,stand_1,219.8112,0.0,-0.0,0.0,-0.0,Sidewalk
820.0,189.0161,3.0598,-2.37365,0.0,0.06981,108.9879,0.8515,stand_1,219.8238,0.0,0.06981,0.0,0.06981,Sidewalk
820.5,189.0161,3.0598,-2.37365,0.0,-0.0,108.9879,0.8515,stand_1,219.8112,0.0,-0.0,0.0,-0.0,Sidewalk
821.0,189.0161,3.0598,-2.33874,0.0,0.06981,108.9879,0.8515,stand_1,219.8238,0.0,0.06981,0.0,0.06981,Sidewalk
821.5,189.0161,3.0598,-2.33874,0.0,-0.0,108.9879,0.8515,stand_1,219.8112,0.0,-0.0,0.0,-0.0,Sidewalk
822.0,189.0161,3.0598,-2.30383,0.0,0.06981,108.9879,0.8515,stand_1,219.8238,0.0,0.06981,0.0,0.06981,Sidewalk
822.5,189.0161,3.0598,-2.30383,0.0,-0.0,108.9879,0.8515,stand_1,219.8113,0.0,-0.0,0.0,-0.0,Sidewalk
823.0,189.0161,3.0598,-2.26893,0.0,0.06981,108.9879,0.8515,stand_1,219.8238,0.0,0.06981,0.0,0.06981,Sidewalk
823.5,189.0161,3.0598,-2.26893,0.0,-0.0,108.9879,0.8515,stand_1,219.8113,0.0,-0.0,0.0,-0.0,Sidewalk
824.0,189.0161,3.0598,-2.23402,0.0,0.06981,108.9879,0.8515,stand_1,219.8238,0.0,0.06981,0.0,0.06981,Sidewalk
824.5,189.0161,3.0598,-2.23402,0.0,-0.0,108.9879,0.8515,stand_1,219.8113,0.0,-0.0,0.0,-0.0,Sidewalk
825.0,189.0161,3.0598,-2.19911,0.0,0.06981,108.9879,0.8515,stand_1,219.8238,0.0,0.06981,0.0,0.06981,Sidewalk
825.5,189.0161,3.0598,-2.19911,0.0,-0.0,108.9879,0.8515,stand_1,219.8113,0.0,-0.0,0.0,-0.0,Sidewalk
826.0,189.0161,3.0598,-2.16421,0.0,0.06981,108.9879,0.8515,stand_1,219.8239,0.0,0.06981,0.0,0.06981,Sidewalk
826.5,189.0161,3.0598,-2.16421,0.0,-0.0,108.9879,0.8515,stand_1,219.8113,0.0,-0.0,0.0,-0.0,Sidewalk
827.0,189.0161,3.0598,-2.1293,0.0,0.06981,108.9879,0.8515,stand_1,219.8239,0.0,0.06981,0.0,0.06981,Sidewalk
827.5,189.0161,3.0598,-2.1293,0.0,-0.0,108.9879,0.8515,stand_1,219.8113,0.0,-0.0,0.0,-0.0,Sidewalk
828.0,189.0161,3.0598,-2.0944,0.0,0.06981,108.9879,0.8515,stand_1,219.8239,0.0,0.06981,0.0,0.06981,Sidewalk
828.5,189.0161,3.0598,-2.0944,0.0,-0.0,108.9879,0.8515,stand_1,219.8113,0.0,-0.0,0.0,-0.0,Sidewalk
829.0,189.0161,3.0598,-2.05949,0.0,0.06981,108.9879,0.8515,stand_1,219.8239,0.0,0.06981,0.0,0.06981,Sidewalk
829.5,189.0161,3.0598,-2.05949,0.0,-0.0,108.9879,0.8515,stand_1,219.8113,0.0,-0.0,0.0,-0.0,Sidewalk
830.0,189.0161,3.0598,-2.02458,0.0,0.06981,108.9879,0.8515,stand_1,219.8239,0.0,0.06981,0.0,0.06981,Sidewalk
830.5,189.0161,3.0598,-2.02458,0.0,-0.0,108.9879,0.8515,stand_1,219.8113,0.0,-0.0,0.0,-0.0,Sidewalk
831.0,189.0161,3.0598,-1.98968,0.0,0.06981,108.9879,0.8515,stand_1,219.8239,0.0,0.06981,0.0,0.06981,Sidewalk
831.5,189.0161,3.0598,-1.98968,0.0,-0.0,108.9879,0.8515,stand_1,219.8113,0.0,-0.0,0.0,-0.0,Sidewalk
832.0,189.0161,3.0598,-1.95477,0.0,0.06981,108.9879,0.8515,stand_1,219.8239,0.0,0.06981,0.0,0.06981,Sidewalk
832.5,189.0161,3.0598,-1.95477,0.0,-0.0,108.9879,0.8515,stand_1,219.8113,0.0,-0.0,0.0,-0.0,Sidewalk
833.0,189.0161,3.0598,-1.91986,0.0,0.06981,108.9879,0.8515,stand_1,219.8239,0.0,0.06981,0.0,0.06981,Sidewalk
833.5,189.0161,3.0598,-1.91986,0.0,-0.0,108.9879,0.8515,stand_1,219.8113,0.0,-0.0,0.0,-0.0,Sidewalk
834.0,189.0161,3.0598,-1.88496,0.0,0.06981,108.9879,0.8515,stand_1,219.8239,0.0,0.06981,0.0,0.06981,Sidewalk
834.5,189.0161,3.0598,-1.88496,0.0,-0.0,108.9879,0.8515,stand_1,219.8114,0.0,-0.0,0.0,-0.0,Sidewalk
835.0,189.0161,3.0598,-1.85005,0.0,0.06981,108.9879,0.8515,stand_1,219.8239,0.0,0.06981,0.0,0.06981,Sidewalk
835.5,189.0161,3.0598,-1.85005,0.0,-0.0,108.9879,0.8515,stand_1,219.8114,0.0,-0.0,0.0,-0.0,Sidewalk
836.0,189.0161,3.0598,-1.81514,0.0,0.06981,108.9879,0.8515,stand_1,219.8239,0.0,0.06981,0.0,0.06981,Sidewalk
836.5,189.0161,3.0598,-1.81514,0.0,-0.0,108.9879,0.8515,stand_1,219.8114,0.0,-0.0,0.0,-0.0,Sidewalk
837.0,189.0161,3.0598,-1.78024,0.0,0.06981,108.9879,0.8515,stand_1,219.8239,0.0,0.06981,0.0,0.06981,Sidewalk
837.5,189.0161,3.0598,-1.78024,0.0,-0.0,108.9879,0.8515,stand_1,219.8114,0.0,-0.0,0.0,-0.0,Sidewalk
838.0,189.0161,3.0598,-1.74533,0.0,0.06981,108.9879,0.8515,stand_1,219.824,0.0,0.06981,0.0,0.06981,Sidewalk
838.5,189.0161,3.0598,-1.74533,0.0,-0.0,108.9879,0.8515,stand_1,219.8114,0.0,-0.0,0.0,-0.0,Sidewalk
839.0,189.0161,3.0598,-1.71042,0.0,0.06981,108.9879,0.8515,stand_1,219.824,0.0,0.06981,0.0,0.06981,Sidewalk
839.5,189.0161,3.0598,-1.71042,0.0,-0.0,108.9879,0.8515,stand_1,219.8114,0.0,-0.0,0.0,-0.0,Sidewalk
840.0,189.0161,3.0598,-1.67552,0.0,0.06981,108.9879,0.8515,stand_1,219.824,0.0,0.06981,0.0,0.06981,Sidewalk
840.5,189.0161,3.0598,-1.67552,0.0,-0.0,108.9879,0.8515,stand_1,219.8114,0.0,-0.0,0.0,-0.0,Sidewalk
841.0,189.0161,3.0598,-1.64061,0.0,0.06981,108.9879,0.8514,stand_1,219.824,0.0,0.06981,0.0,0.06981,Sidewalk
841.5,189.0161,3.0598,-1.64061,0.0,-0.0,108.9879,0.8514,stand_1,219.8114,0.0,-0.0,0.0,-0.0,Sidewalk
842.0,189.0161,3.0598,-1.6057,0.0,0.06981,108.9879,0.8514,stand_1,219.824,0.0,0.06981,0.0,0.06981,Sidewalk
842.5,189.0161,3.0598,-1.6057,0.0,-0.0,108.9879,0.8514,stand_1,219.8114,0.0,-0.0,0.0,-0.0,Sidewalk
843.0,189.0161,3.0598,-1.5708,0.0,0.06981,108.9879,0.8514,stand_1,219.824,0.0,0.06981,0.0,0.06981,Sidewalk
843.5,189.0161,3.0598,-1.5708,0.0,-0.0,108.9879,0.8514,stand_1,219.8114,0.0,-0.0,0.0,-0.0,Sidewalk
844.0,189.0161,3.0598,-1.53589,0.0,0.06981,108.9879,0.8514,stand_1,219.824,0.0,0.06981,0.0,0.06981,Sidewalk
844.5,189.0161,3.0598,-1.53589,0.0,-0.0,108.9879,0.8514,stand_1,219.8114,0.0,-0.0,0.0,-0.0,Sidewalk
845.0,189.0161,3.0598,-1.50098,0.0,0.06981,108.9879,0.8514,stand_1,219.824,0.0,0.06981,0.0,0.06981,Sidewalk
845.5,189.0161,3.0598,-1.50098,0.0,-0.0,108.9879,0.8514,stand_1,219.8115,0.0,-0.0,0.0,-0.0,Sidewalk
846.0,189.0161,3.0598,-1.46608,0.0,0.06981,108.9879,0.8514,stand_1,219.824,0.0,0.06981,0.0,0.06981,Sidewalk
846.5,189.0161,3.0598,-1.46608,0.0,-0.0,108.9879,0.8514,stand_1,219.8115,0.0,-0.0,0.0,-0.0,Sidewalk
847.0,189.0161,3.0598,-1.43117,0.0,0.06981,108.9879,0.8514,stand_1,219.824,0.0,0.06981,0.0,0.06981,Sidewalk
847.5,189.0161,3.0598,-1.43117,0.0,-0.0,108.9879,0.8514,stand_1,219.8115,0.0,-0.0,0.0,-0.0,Sidewalk
848.0,189.0161,3.0598,-1.39626,0.0,0.06981,108.9879,0.8514,stand_1,219.824,0.0,0.06981,0.0,0.06981,Sidewalk
848.5,189.0161,3.0598,-1.39626,0.0,-0.0,108.9879,0.8514,stand_1,219.8115,0.0,-0.0,0.0,-0.0,Sidewalk
849.0,189.0161,3.0598,-1.36136,0.0,0.06981,108.9879,0.8514,stand_1,219.824,0.0,0.06981,0.0,0.06981,Sidewalk
849.5,189.0161,3.0598,-1.36136,0.0,-0.0,108.9879,0.8514,stand_1,219.8115,0.0,-0.0,0.0,-0.0,Sidewalk
850.0,189.0161,3.0598,-1.32645,0.0,0.06981,108.9879,0.8514,stand_1,219.8241,0.0,0.06981,0.0,0.06981,Sidewalk
850.5,189.0161,3.0598,-1.32645,0.0,-0.0,108.9879,0.8514,stand_1,219.8115,0.0,-0.0,0.0,-0.0,Sidewalk
851.0,189.0161,3.0598,-1.29154,0.0,0.06981,108.9879,0.8514,stand_1,219.8241,0.0,0.06981,0.0,0.06981,Sidewalk
851.5,189.0161,3.0598,-1.29154,0.0,-0.0,108.9879,0.8514,stand_1,219.8115,0.0,-0.0,0.0,-0.0,Sidewalk
852.0,189.0161,3.0598,-1.25664,0.0,0.06981,108.9879,0.8514,stand_1,219.8241,0.0,0.06981,0.0,0.06981,Sidewalk
852.5,189.0161,3.0598,-1.25664,0.0,-0.0,108.9879,0.8514,stand_1,219.8115,0.0,-0.0,0.0,-0.0,Sidewalk
853.0,189.0161,3.0598,-1.22173,0.0,0.06981,108.9879,0.8514,stand_1,219.8241,0.0,0.06981,0.0,0.06981,Sidewalk
853.5,189.0161,3.0598,-1.22173,0.0,-0.0,108.9879,0.8514,stand_1,219.8115,0.0,-0.0,0.0,-0.0,Sidewalk
854.0,189.0161,3.0598,-1.18682,0.0,0.06981,108.9879,0.8514,stand_1,219.8241,0.0,0.06981,0.0,0.06981,Sidewalk
854.5,189.0161,3.0598,-1.18682,0.0,-0.0,108.9879,0.8514,stand_1,219.8115,0.0,-0.0,0.0,-0.0,Sidewalk
855.0,189.0161,3.0598,-1.15192,0.0,0.06981,108.9879,0.8514,stand_1,219.8241,0.0,0.06981,0.0,0.06981,Sidewalk
855.5,189.0161,3.0598,-1.15192,0.0,-0.0,108.9879,0.8514,stand_1,219.8115,0.0,-0.0,0.0,-0.0,Sidewalk
856.0,189.0161,3.0598,-1.11701,0.0,0.06981,108.9879,0.8514,stand_1,219.8241,0.0,0.06981,0.0,0.06981,Sidewalk
856.5,189.0161,3.0598,-1.11701,0.0,-0.0,108.9879,0.8514,stand_1,219.8115,0.0,-0.0,0.0,-0.0,Sidewalk
857.0,189.0161,3.0598,-1.0821,0.0,0.06981,108.9879,0.8514,stand_1,219.8241,0.0,0.06981,0.0,0.06981,Sidewalk
857.5,189.0161,3.0598,-1.0821,0.0,-0.0,108.9879,0.8514,stand_1,219.8116,0.0,-0.0,0.0,-0.0,Sidewalk
858.0,189.0161,3.0598,-1.0472,0.0,0.06981,108.9879,0.8514,stand_1,219.8241,0.0,0.06981,0.0,0.06981,Sidewalk
858.5,189.0161,3.0598,-1.0472,0.0,-0.0,108.9879,0.8514,stand_1,219.8116,0.0,-0.0,0.0,-0.0,Sidewalk
859.0,189.0161,3.0598,-1.01229,0.0,0.06981,108.9879,0.8514,stand_1,219.8241,0.0,0.06981,0.0,0.06981,Sidewalk
859.5,189.0161,3.0598,-1.01229,0.0,-0.0,108.9879,0.8514,stand_1,219.8116,0.0,-0.0,0.0,-0.0,Sidewalk
860.0,189.0161,3.0598,-0.97738,0.0,0.06981,108.9879,0.8514,stand_1,219.8241,0.0,0.06981,0.0,0.06981,Sidewalk
860.5,189.0161,3.0598,-0.97738,0.0,-0.0,108.9879,0.8514,stand_1,219.8116,0.0,-0.0,0.0,-0.0,Sidewalk
861.0,189.0161,3.0598,-0.94248,0.0,0.06981,108.9879,0.8514,stand_1,219.8241,0.0,0.06981,0.0,0.06981,Sidewalk
861.5,189.0161,3.0598,-0.94248,0.0,-0.0,108.9879,0.8514,stand_1,219.8116,0.0,-0.0,0.0,-0.0,Sidewalk
862.0,189.0161,3.0598,-0.90757,0.0,0.06981,108.9879,0.8514,stand_1,219.8242,0.0,0.06981,0.0,0.06981,Sidewalk
862.5,189.0161,3.0598,-0.90757,0.0,-0.0,108.9879,0.8514,stand_1,219.8116,0.0,-0.0,0.0,-0.0,Sidewalk
863.0,189.0161,3.0598,-0.87266,0.0,0.06981,108.9879,0.8514,stand_1,219.8242,0.0,0.06981,0.0,0.06981,Sidewalk
863.5,189.0161,3.0598,-0.87266,0.0,-0.0,108.9879,0.8514,stand_1,219.8116,0.0,-0.0,0.0,-0.0,Sidewalk
864.0,189.0161,3.0598,-0.83776,0.0,0.06981,108.9879,0.8514,stand_1,219.8242,0.0,0.06981,0.0,0.06981,Sidewalk
864.5,189.0161,3.0598,-0.83776,0.0,-0.0,108.9879,0.8514,stand_1,219.8116,0.0,-0.0,0.0,-0.0,Sidewalk
865.0,189.0161,3.0598,-0.80285,0.0,0.06981,108.9879,0.8514,stand_1,219.8242,0.0,0.06981,0.0,0.06981,Sidewalk
865.5,189.0161,3.0598,-0.80285,0.0,-0.0,108.9879,0.8514,stand_1,219.8116,0.0,-0.0,0.0,-0.0,Sidewalk
866.0,189.0161,3.0598,-0.76794,0.0,0.06981,108.9879,0.8514,stand_1,219.8242,0.0,0.06981,0.0,0.06981,Sidewalk
866.5,189.0161,3.0598,-0.76794,0.0,-0.0,108.9879,0.8514,stand_1,219.8116,0.0,-0.0,0.0,-0.0,Sidewalk
867.0,189.0161,3.0598,-0.73304,0.0,0.06981,108.9879,0.8514,stand_1,219.8242,0.0,0.06981,0.0,0.06981,Sidewalk
867.5,189.0161,3.0598,-0.73304,0.0,-0.0,108.9879,0.8514,stand_1,219.8116,0.0,-0.0,0.0,-0.0,Sidewalk
868.0,189.0161,3.0598,-0.69813,0.0,0.06981,108.9879,0.8514,stand_1,219.8242,0.0,0.06981,0.0,0.06981,Sidewalk
868.5,189.0161,3.0598,-0.69813,0.0,-0.0,108.9879,0.8514,stand_1,219.8116,0.0,-0.0,0.0,-0.0,Sidewalk
869.0,189.0161,3.0598,-0.66323,0.0,0.06981,108.9879,0.8514,stand_1,219.8242,0.0,0.06981,0.0,0.06981,Sidewalk
869.5,189.0161,3.0598,-0.66323,0.0,-0.0,108.9879,0.8514,stand_1,219.8117,0.0,-0.0,0.0,-0.0,Sidewalk
870.0,189.0161,3.0598,-0.62832,0.0,0.06981,108.9879,0.8514,stand_1,219.8242,0.0,0.06981,0.0,0.06981,Sidewalk
870.5,189.0161,3.0598,-0.62832,0.0,-0.0,108.9879,0.8514,stand_1,219.8117,0.0,-0.0,0.0,-0.0,Sidewalk
871.0,189.0161,3.0598,-0.59341,0.0,0.06981,108.9879,0.8514,stand_1,219.8242,0.0,0.06981,0.0,0.06981,Sidewalk
871.5,189.0161,3.0598,-0.59341,0.0,-0.0,108.9879,0.8514,stand_1,219.8117,0.0,-0.0,0.0,-0.0,Sidewalk
872.0,189.0161,3.0598,-0.55851,0.0,0.06981,108.9879,0.8514,stand_1,219.8242,0.0,0.06981,0.0,0.06981,Sidewalk
872.5,189.0161,3.0598,-0.55851,0.0,-0.0,108.9879,0.8514,stand_1,219.8117,0.0,-0.0,0.0,-0.0,Sidewalk
873.0,189.0161,3.0598,-0.5236,0.0,0.06981,108.9879,0.8514,stand_1,219.8243,0.0,0.06981,0.0,0.06981,Sidewalk
873.5,189.0161,3.0598,-0.5236,0.0,-0.0,108.9879,0.8514,stand_1,219.8117,0.0,-0.0,0.0,-0.0,Sidewalk
874.0,189.0161,3.0598,-0.48869,0.0,0.06981,108.9879,0.8514,stand_1,219.8243,0.0,0.06981,0.0,0.06981,Sidewalk
874.5,189.0161,3.0598,-0.48869,0.0,-0.0,108.9879,0.8514,stand_1,219.8117,0.0,-0.0,0.0,-0.0,Sidewalk
875.0,189.0161,3.0598,-0.45379,0.0,0.06981,108.9879,0.8514,stand_1,219.8243,0.0,0.06981,0.0,0.06981,Sidewalk
875.5,189.0161,3.0598,-0.45379,0.0,-0.0,108.9879,0.8513,stand_1,219.8117,0.0,-0.0,0.0,-0.0,Sidewalk
876.0,189.0161,3.0598,-0.41888,0.0,0.06981,108.9879,0.8513,stand_1,219.8243,0.0,0.06981,0.0,0.06981,Sidewalk
876.5,189.0161,3.0598,-0.41888,0.0,-0.0,108.9879,0.8513,stand_1,219.8117,0.0,-0.0,0.0,-0.0,Sidewalk
877.0,189.0161,3.0598,-0.38397,0.0,0.06981,108.9879,0.8513,stand_1,219.8243,0.0,0.06981,0.0,0.06981,Sidewalk
877.5,189.0161,3.0598,-0.38397,0.0,-0.0,108.9879,0.8513,stand_1,219.8117,0.0,-0.0,0.0,-0.0,Sidewalk
878.0,189.0161,3.0598,-0.34907,0.0,0.06981,108.9879,0.8513,stand_1,219.8243,0.0,0.06981,0.0,0.06981,Sidewalk
878.5,189.0161,3.0598,-0.34907,0.0,-0.0,108.9879,0.8513,stand_1,219.8117,0.0,-0.0,0.0,-0.0,Sidewalk
879.0,189.0161,3.0598,-0.31416,0.0,0.06981,108.9879,0.8513,stand_1,219.8243,0.0,0.06981,0.0,0.06981,Sidewalk
879.5,189.0161,3.0598,-0.31416,0.0,-0.0,108.9879,0.8513,stand_1,219.8117,0.0,-0.0,0.0,-0.0,Sidewalk
880.0,189.0161,3.0598,-0.27925,0.0,0.06981,108.9879,0.8513,stand_1,219.8243,0.0,0.06981,0.0,0.06981,Sidewalk
880.5,189.0161,3.0598,-0.27925,0.0,-0.0,108.9879,0.8513,stand_1,219.8117,0.0,-0.0,0.0,-0.0,Sidewalk
881.0,189.0161,3.0598,-0.24435,0.0,0.06981,108.9879,0.8513,stand_1,219.8243,0.0,0.06981,0.0,0.06981,Sidewalk
881.5,189.0161,3.0598,-0.24435,0.0,-0.0,108.9879,0.8513,stand_1,219.8118,0.0,-0.0,0.0,-0.0,Sidewalk
882.0,189.0161,3.0598,-0.20944,0.0,0.06981,108.9879,0.8513,stand_1,219.8243,0.0,0.06981,0.0,0.06981,Sidewalk
882.5,189.0161,3.0598,-0.20944,0.0,-0.0,108.9879,0.8513,stand_1,219.8118,0.0,-0.0,0.0,-0.0,Sidewalk
883.0,189.0161,3.0598,-0.17453,0.0,0.06981,108.9879,0.8513,stand_1,219.8243,0.0,0.06981,0.0,0.06981,Sidewalk
883.5,189.0161,3.0598,-0.17453,0.0,-0.0,108.9879,0.8513,stand_1,219.8118,0.0,-0.0,0.0,-0.0,Sidewalk
884.0,189.0161,3.0598,-0.13963,0.0,0.06981,108.9879,0.8513,stand_1,219.8243,0.0,0.06981,0.0,0.06981,Sidewalk
884.5,189.0161,3.0598,-0.13963,0.0,-0.0,108.9879,0.8513,stand_1,219.8118,0.0,-0.0,0.0,-0.0,Sidewalk
885.0,189.0161,3.0598,-0.10472,0.0,0.06981,108.9879,0.8513,stand_1,219.8243,0.0,0.06981,0.0,0.06981,Sidewalk
885.5,189.0161,3.0598,-0.10472,0.0,-0.0,108.9879,0.8513,stand_1,219.8118,0.0,-0.0,0.0,-0.0,Sidewalk
886.0,189.0161,3.0598,-0.06981,0.0,0.06981,108.9879,0.8513,stand_1,219.8244,0.0,0.06981,0.0,0.06981,Sidewalk
886.5,189.0161,3.0598,-0.06981,0.0,-0.0,108.9879,0.8513,stand_1,219.8118,0.0,-0.0,0.0,-0.0,Sidewalk
887.0,189.0161,3.0598,-0.03491,0.0,0.06981,108.9879,0.8513,stand_1,219.8244,0.0,0.06981,0.0,0.06981,Sidewalk
887.5,189.0161,3.0598,-0.03491,0.0,-0.0,108.9879,0.8513,stand_1,219.8118,0.0,-0.0,0.0,-0.0,Sidewalk
888.0,189.0161,3.0598,-0.0,0.0,0.06981,108.9879,0.8513,stand_1,219.8244,0.0,0.06981,0.0,0.06981,Sidewalk
888.5,189.0161,3.0598,-0.0,0.0,-0.0,108.9879,0.8513,stand_1,219.8118,0.0,-0.0,0.0,-0.0,Sidewalk
889.0,189.0161,3.0598,0.03491,0.0,0.06981,108.9879,0.8513,stand_1,219.8244,0.0,0.06981,0.0,0.06981,Sidewalk
889.5,189.0161,3.0598,0.03491,0.0,-0.0,108.9879,0.8513,stand_1,219.8118,0.0,-0.0,0.0,-0.0,Sidewalk
890.0,189.0161,3.0598,0.06981,0.0,0.06981,108.9879,0.8513,stand_1,219.8244,0.0,0.06981,0.0,0.06981,Sidewalk
890.5,189.0161,3.0598,0.06981,0.0,-0.0,108.9879,0.8513,stand_1,219.8118,0.0,-0.0,0.0,-0.0,Sidewalk
891.0,189.0161,3.0598,0.10472,0.0,0.06981,108.9879,0.8513,stand_1,219.8244,0.0,0.06981,0.0,0.06981,Sidewalk
891.5,189.0161,3.0598,0.10472,0.0,-0.0,108.9879,0.8513,stand_1,219.8118,0.0,-0.0,0.0,-0.0,Sidewalk
892.0,189.0161,3.0598,0.13963,0.0,0.06981,108.9879,0.8513,stand_1,219.8244,0.0,0.06981,0.0,0.06981,Sidewalk
892.5,189.0161,3.0598,0.13963,0.0,-0.0,108.9879,0.8513,stand_1,219.8118,0.0,-0.0,0.0,-0.0,Sidewalk
893.0,189.0161,3.0598,0.17453,0.0,0.06981,108.9879,0.8513,stand_1,219.8244,0.0,0.06981,0.0,0.06981,Sidewalk
893.5,189.0161,3.0598,0.17453,0.0,-0.0,108.9879,0.8513,stand_1,219.8119,0.0,-0.0,0.0,-0.0,Sidewalk
894.0,189.0161,3.0598,0.20944,0.0,0.06981,108.9879,0.8513,stand_1,219.8244,0.0,0.06981,0.0,0.06981,Sidewalk
894.5,189.0161,3.0598,0.20944,0.0,-0.0,108.9879,0.8513,stand_1,219.8119,0.0,-0.0,0.0,-0.0,Sidewalk
895.0,189.0161,3.0598,0.24435,0.0,0.06981,108.9879,0.8513,stand_1,219.8244,0.0,0.06981,0.0,0.06981,Sidewalk
895.5,189.0161,3.0598,0.24435,0.0,-0.0,108.9879,0.8513,stand_1,219.8119,0.0,-0.0,0.0,-0.0,Sidewalk
896.0,189.0161,3.0598,0.27925,0.0,0.06981,108.9879,0.8513,stand_1,219.8244,0.0,0.06981,0.0,0.06981,Sidewalk
896.5,189.0161,3.0598,0.27925,0.0,-0.0,108.9879,0.8513,stand_1,219.8119,0.0,-0.0,0.0,-0.0,Sidewalk
897.0,189.0161,3.0598,0.31416,0.0,0.06981,108.9879,0.8513,stand_1,219.8245,0.0,0.06981,0.0,0.06981,Sidewalk
897.5,189.0161,3.0598,0.31416,0.0,-0.0,108.9879,0.8513,stand_1,219.8119,0.0,-0.0,0.0,-0.0,Sidewalk
898.0,189.0161,3.0598,0.34907,0.0,0.06981,108.9879,0.8513,stand_1,219.8245,0.0,0.06981,0.0,0.06981,Sidewalk
898.5,189.0161,3.0598,0.34907,0.0,-0.0,108.9879,0.8513,stand_1,219.8119,0.0,-0.0,0.0,-0.0,Sidewalk
899.0,189.0161,3.0598,0.38397,0.0,0.06981,108.9879,0.8513,stand_1,219.8245,0.0,0.06981,0.0,0.06981,Sidewalk
899.5,189.0161,3.0598,0.38397,0.0,-0.0,108.9879,0.8513,stand_1,219.8119,0.0,-0.0,0.0,-0.0,Sidewalk
900.0,189.0161,3.0598,0.41888,0.0,0.06981,108.9879,0.8513,stand_1,219.8245,0.0,0.06981,0.0,0.06981,Sidewalk
900.5,189.0161,3.0598,0.41888,0.0,-0.0,108.9879,0.8513,stand_1,219.8119,0.0,-0.0,0.0,-0.0,Sidewalk
