time,x,y,yaw,v,w,goal_distance,min_person_dist,closest_person,total_cost,action_linear_x,action_angular_z,observation_state_linear_x,observation_state_angular_z,observation_state_road_type
0.5,2.08,3.9972,-0.03491,0.16,-0.06981,295.92,2.9201,walk_east_mid.0,532.9157,0.16,-0.06981,0.16,-0.06981,Sidewalk
1.0,2.2399,3.9916,-0.03491,0.32,-0.0,295.7601,3.2071,walk_east_mid.0,531.7178,0.32,-0.0,0.32,-0.0,Sidewalk
1.5,2.4999,3.9916,0.0,0.52,0.06981,295.5001,3.3971,walk_east_mid.0,530.3081,0.52,0.06981,0.52,0.06981,Sidewalk
2.0,2.859,4.0167,0.06981,0.72,0.13963,295.141,3.5451,walk_east_mid.0,528.8527,0.72,0.13963,0.72,0.13963,Sidewalk
2.5,3.3165,4.0648,0.10472,0.92,0.06981,294.6836,3.5586,walk_east_mid.0,527.6121,0.92,0.06981,0.92,0.06981,Sidewalk
3.0,3.7143,4.1066,0.10472,0.8,-0.0,294.2858,3.6028,walk_east_mid.0,527.099,0.8,-0.0,0.8,-0.0,Sidewalk
3.5,4.1698,4.1707,0.13963,0.92,0.06981,293.8303,3.6214,walk_east_mid.0,525.6943,0.92,0.06981,0.92,0.06981,Sidewalk
4.0,4.6055,4.2319,0.13963,0.88,-0.0,293.3946,3.6995,walk_east_mid.0,525.1152,0.88,-0.0,0.88,-0.0,Sidewalk
4.5,5.0232,4.2758,0.10472,0.84,-0.06981,292.9769,3.7929,walk_east_mid.0,524.4657,0.84,-0.06981,0.84,-0.06981,Sidewalk
5.0,5.4608,4.3218,0.10472,0.88,-0.0,292.5394,3.847,walk_east_dn.0,523.2772,0.88,-0.0,0.88,-0.0,Sidewalk
5.5,5.9197,4.3539,0.06981,0.92,-0.06981,292.0805,3.8579,walk_east_dn.0,522.5311,0.92,-0.06981,0.92,-0.06981,Sidewalk
6.0,6.3586,4.3846,0.06981,0.88,-0.0,291.6417,3.9149,walk_east_dn.0,521.5119,0.88,-0.0,0.88,-0.0,Sidewalk
6.5,6.8183,4.4006,0.03491,0.92,-0.06981,291.182,3.9791,walk_east_dn.0,520.6712,0.92,-0.06981,0.92,-0.06981,Sidewalk
7.0,7.2581,4.416,0.03491,0.88,-0.0,290.7422,4.07,walk_east_dn.0,519.7718,0.88,-0.0,0.88,-0.0,Sidewalk
7.5,7.7169,4.4481,0.06981,0.92,0.06981,290.2834,4.1182,walk_east_dn.0,518.6668,0.92,0.06981,0.92,0.06981,Sidewalk
8.0,8.1559,4.4788,0.06981,0.88,-0.0,289.8445,4.1489,walk_east_dn.0,517.9967,0.88,-0.0,0.88,-0.0,Sidewalk
8.5,8.6156,4.4948,0.03491,0.92,-0.06981,289.3848,4.1988,walk_east_dn.0,517.1521,0.92,-0.06981,0.92,-0.06981,Sidewalk
9.0,9.0553,4.5102,0.03491,0.88,-0.0,288.9451,4.2779,walk_east_dn.0,516.3017,0.88,-0.0,0.88,-0.0,Sidewalk
9.5,9.5153,4.5102,-0.0,0.92,-0.06981,288.4851,4.2637,walk_east_dn.0,515.5329,0.92,-0.06981,0.92,-0.06981,Sidewalk
10.0,9.9553,4.5102,-0.0,0.88,-0.0,288.0451,4.2808,walk_east_dn.0,514.6921,0.88,-0.0,0.88,-0.0,Sidewalk
10.5,10.415,4.5262,0.03491,0.92,0.06981,287.5854,4.3517,walk_east_dn.0,513.5961,0.92,0.06981,0.92,0.06981,Sidewalk
11.0,10.8548,4.5416,0.03491,0.88,-0.0,287.1457,4.4457,walk_east_dn.0,512.9642,0.88,-0.0,0.88,-0.0,Sidewalk
11.5,11.3148,4.5416,-0.0,0.92,-0.06981,286.6857,4.4683,walk_east_dn.0,512.1333,0.92,-0.06981,0.92,-0.06981,Sidewalk
12.0,11.7548,4.5416,-0.0,0.88,-0.0,286.2457,4.5281,walk_east_dn.0,511.3331,0.88,-0.0,0.88,-0.0,Sidewalk
12.5,12.2145,4.5255,-0.03491,0.92,-0.06981,285.786,4.5459,walk_east_dn.0,510.5095,0.92,-0.06981,0.92,-0.06981,Sidewalk
13.0,12.6542,4.5102,-0.03491,0.88,-0.0,285.3462,4.5611,walk_east_dn.0,509.7292,0.88,-0.0,0.88,-0.0,Sidewalk
13.5,13.1142,4.5102,-0.0,0.92,0.06981,284.8862,4.5419,walk_east_dn.0,508.6602,0.92,0.06981,0.92,0.06981,Sidewalk
14.0,13.5542,4.5102,-0.0,0.88,-0.0,284.4462,4.5469,walk_east_dn.0,508.0904,0.88,-0.0,0.88,-0.0,Sidewalk
14.5,14.0139,4.5262,0.03491,0.92,0.06981,283.9865,4.627,walk_east_dn.0,507.0117,0.92,0.06981,0.92,0.06981,Sidewalk
15.0,14.4537,4.5416,0.03491,0.88,-0.0,283.5468,4.6936,walk_east_dn.0,506.3954,0.88,-0.0,0.88,-0.0,Sidewalk
15.5,14.9137,4.5416,-0.0,0.92,-0.06981,283.0868,4.6702,walk_east_dn.0,505.5366,0.92,-0.06981,0.92,-0.06981,Sidewalk
16.0,15.3537,4.5416,-0.0,0.88,-0.0,282.6468,4.6816,walk_east_dn.0,504.7956,0.88,-0.0,0.88,-0.0,Sidewalk
16.5,15.8134,4.5255,-0.03491,0.92,-0.06981,282.1871,4.6791,walk_east_dn.0,503.9519,0.92,-0.06981,0.92,-0.06981,Sidewalk
17.0,16.2531,4.5102,-0.03491,0.88,-0.0,281.7473,4.7461,walk_east_dn.0,503.1756,0.88,-0.0,0.88,-0.0,Sidewalk
17.5,16.7131,4.5102,-0.0,0.92,0.06981,281.2873,4.7543,walk_east_dn.0,502.1185,0.92,0.06981,0.92,0.06981,Sidewalk
18.0,17.1531,4.5102,-0.0,0.88,-0.0,280.8473,4.7658,walk_east_dn.0,501.5295,0.88,-0.0,0.88,-0.0,Sidewalk
18.5,17.6128,4.5262,0.03491,0.92,0.06981,280.3877,4.7897,walk_east_dn.0,500.4914,0.92,0.06981,0.92,0.06981,Sidewalk
19.0,18.0526,4.5416,0.03491,0.88,-0.0,279.948,4.8381,walk_east_dn.0,499.8717,0.88,-0.0,0.88,-0.0,Sidewalk
19.5,18.5126,4.5416,-0.0,0.92,-0.06981,279.488,4.8854,walk_east_dn.0,498.9576,0.92,-0.06981,0.92,-0.06981,Sidewalk
20.0,18.9526,4.5416,-0.0,0.88,-0.0,279.048,4.8921,walk_east_dn.0,498.2472,0.88,-0.0,0.88,-0.0,Sidewalk
20.5,19.4123,4.5255,-0.03491,0.92,-0.06981,278.5882,4.9181,walk_east_dn.0,497.358,0.92,-0.06981,0.92,-0.06981,Sidewalk
21.0,19.852,4.5102,-0.03491,0.88,-0.0,278.1484,4.9116,walk_east_dn.0,496.6397,0.88,-0.0,0.88,-0.0,Sidewalk
21.5,20.312,4.5102,-0.0,0.92,0.06981,277.6884,4.9401,walk_east_dn.0,495.5911,0.92,0.06981,0.92,0.06981,Sidewalk
22.0,20.752,4.5102,-0.0,0.88,-0.0,277.2484,4.9514,walk_east_up.1,494.9853,0.88,-0.0,0.88,-0.0,Sidewalk
22.5,21.2117,4.5262,0.03491,0.92,0.06981,276.7888,4.9218,walk_east_up.1,493.9712,0.92,0.06981,0.92,0.06981,Sidewalk
23.0,21.6515,4.5416,0.03491,0.88,-0.0,276.3491,4.8542,walk_east_up.1,493.334,0.88,-0.0,0.88,-0.0,Sidewalk
23.5,22.1115,4.5416,-0.0,0.92,-0.06981,275.8891,4.8164,walk_east_up.1,492.4126,0.92,-0.06981,0.92,-0.06981,Sidewalk
24.0,22.5515,4.5416,-0.0,0.88,-0.0,275.4491,4.74,walk_east_up.1,491.7093,0.88,-0.0,0.88,-0.0,Sidewalk
24.5,23.0112,4.5255,-0.03491,0.92,-0.06981,274.9893,4.6359,walk_east_up.1,490.7962,0.92,-0.06981,0.92,-0.06981,Sidewalk
25.0,23.4509,4.5102,-0.03491,0.88,-0.0,274.5495,4.4856,walk_east_up.1,490.0855,0.88,-0.0,0.88,-0.0,Sidewalk
25.5,23.9109,4.5102,-0.0,0.92,0.06981,274.0895,4.3953,walk_east_up.1,489.0494,0.92,0.06981,0.92,0.06981,Sidewalk
26.0,24.3509,4.5102,-0.0,0.88,-0.0,273.6495,4.2423,walk_east_up.1,488.4278,0.88,-0.0,0.88,-0.0,Sidewalk
26.5,24.8106,4.5262,0.03491,0.92,0.06981,273.1899,4.1326,walk_east_up.1,487.4278,0.92,0.06981,0.92,0.06981,Sidewalk
27.0,25.2504,4.5416,0.03491,0.88,-0.0,272.7502,4.0637,walk_east_up.1,486.7937,0.88,-0.0,0.88,-0.0,Sidewalk
27.5,25.7104,4.5416,-0.0,0.92,-0.06981,272.2902,3.9953,walk_east_up.1,485.8337,0.92,-0.06981,0.92,-0.06981,Sidewalk
28.0,26.1504,4.5416,-0.0,0.88,-0.0,271.8502,3.931,walk_east_up.1,485.1521,0.88,-0.0,0.88,-0.0,Sidewalk
28.5,26.6101,4.5255,-0.03491,0.92,-0.06981,271.3904,3.797,walk_east_up.1,484.2083,0.92,-0.06981,0.92,-0.06981,Sidewalk
29.0,27.0498,4.5102,-0.03491,0.88,-0.0,270.9506,3.7048,walk_east_up.1,483.5128,0.88,-0.0,0.88,-0.0,Sidewalk
29.5,27.5098,4.5102,-0.0,0.92,0.06981,270.4906,3.6586,walk_east_up.1,482.5013,0.92,0.06981,0.92,0.06981,Sidewalk
30.0,27.9498,4.5102,-0.0,0.88,-0.0,270.0506,3.5631,walk_east_up.1,481.8843,0.88,-0.0,0.88,-0.0,Sidewalk
30.5,28.4096,4.5262,0.03491,0.92,0.06981,269.591,3.4528,walk_east_up.1,480.8992,0.92,0.06981,0.92,0.06981,Sidewalk
31.0,28.8493,4.5416,0.03491,0.88,-0.0,269.1513,3.3394,walk_east_up.1,480.2532,0.88,-0.0,0.88,-0.0,Sidewalk
31.5,29.3093,4.5416,-0.0,0.92,-0.06981,268.6913,3.2461,walk_east_up.1,479.2935,0.92,-0.06981,0.92,-0.06981,Sidewalk
32.0,29.7493,4.5416,-0.0,0.88,-0.0,268.2513,3.1594,walk_east_up.1,478.6305,0.88,-0.0,0.88,-0.0,Sidewalk
32.5,30.209,4.5255,-0.03491,0.92,-0.06981,267.7915,3.097,walk_east_up.1,477.6794,0.92,-0.06981,0.92,-0.06981,Sidewalk
33.0,30.6487,4.5102,-0.03491,0.88,-0.0,267.3518,2.9508,walk_east_up.1,477.0501,0.88,-0.0,0.88,-0.0,Sidewalk
33.5,31.1087,4.5102,-0.0,0.92,0.06981,266.8918,2.8828,walk_east_up.1,476.0709,0.92,0.06981,0.92,0.06981,Sidewalk
34.0,31.5487,4.5102,-0.0,0.88,-0.0,266.4518,2.731,walk_east_up.1,475.4806,0.88,-0.0,0.88,-0.0,Sidewalk
34.5,32.0085,4.4941,-0.03491,0.92,-0.06981,265.992,2.6826,walk_east_up.1,474.5136,0.92,-0.06981,0.92,-0.06981,Sidewalk
35.0,32.4482,4.4788,-0.03491,0.88,-0.0,265.5522,2.5447,walk_east_up.1,473.9141,0.88,-0.0,0.88,-0.0,Sidewalk
35.5,32.9082,4.4788,-0.0,0.92,0.06981,265.0922,2.4807,walk_east_up.1,472.9396,0.92,0.06981,0.92,0.06981,Sidewalk
36.0,33.3482,4.4788,-0.0,0.88,-0.0,264.6522,2.3965,walk_east_up.1,472.3411,0.88,-0.0,0.88,-0.0,Sidewalk
36.5,33.8079,4.4627,-0.03491,0.92,-0.06981,264.1925,2.2727,walk_east_up.1,471.4083,0.92,-0.06981,0.92,-0.06981,Sidewalk
37.0,34.2476,4.4473,-0.03491,0.88,-0.0,263.7527,2.2191,walk_east_up.1,470.791,0.88,-0.0,0.88,-0.0,Sidewalk
37.5,34.7076,4.4473,-0.0,0.92,0.06981,263.2927,2.1124,walk_east_up.1,469.844,0.92,0.06981,0.92,0.06981,Sidewalk
38.0,35.1476,4.4473,-0.0,0.88,-0.0,262.8527,2.0677,walk_east_up.1,469.2394,0.88,-0.0,0.88,-0.0,Sidewalk
38.5,35.6074,4.4313,-0.03491,0.92,-0.06981,262.393,2.0004,walk_east_up.1,468.296,0.92,-0.06981,0.92,-0.06981,Sidewalk
39.0,36.0471,4.4159,-0.03491,0.88,-0.0,261.9532,1.9156,walk_east_up.1,467.7054,0.88,-0.0,0.88,-0.0,Sidewalk
39.5,36.5071,4.4159,-0.0,0.92,0.06981,261.4932,1.7927,walk_east_up.1,466.7914,0.92,0.06981,0.92,0.06981,Sidewalk
40.0,36.9471,4.4159,-0.0,0.88,-0.0,261.0532,1.7344,walk_east_up.1,466.2092,0.88,-0.0,0.88,-0.0,Sidewalk
40.5,37.4068,4.3999,-0.03491,0.92,-0.06981,260.5935,1.6381,walk_east_up.1,465.3125,0.92,-0.06981,0.92,-0.06981,Sidewalk
41.0,37.8465,4.3845,-0.03491,0.88,-0.0,260.1537,1.5933,walk_east_up.1,464.7151,0.88,-0.0,0.88,-0.0,Sidewalk
41.5,38.3065,4.3845,-0.0,0.92,0.06981,259.6937,1.4783,walk_east_up.1,463.8444,0.92,0.06981,0.92,0.06981,Sidewalk
42.0,38.7465,4.3845,-0.0,0.88,-0.0,259.2537,1.3341,walk_east_up.1,463.4189,0.88,-0.0,0.88,-0.0,Sidewalk
42.5,39.2063,4.3685,-0.03491,0.92,-0.06981,258.794,1.2158,walk_east_up.1,462.6584,0.92,-0.06981,0.92,-0.06981,Sidewalk
43.0,39.646,4.3531,-0.03491,0.88,-0.0,258.3542,1.1528,walk_east_up.1,462.1618,0.88,-0.0,0.88,-0.0,Sidewalk
43.5,40.106,4.3531,-0.0,0.92,0.06981,257.8942,1.0228,walk_east_up.1,461.554,0.92,0.06981,0.92,0.06981,Sidewalk
44.0,40.546,4.3531,-0.0,0.88,-0.0,257.4542,0.9513,walk_east_up.1,461.2199,0.88,-0.0,0.88,-0.0,Sidewalk
44.5,41.0057,4.3371,-0.03491,0.92,-0.06981,256.9945,0.8789,walk_east_up.1,460.6264,0.92,-0.06981,0.92,-0.06981,Sidewalk
45.0,41.4454,4.3217,-0.03491,0.88,-0.0,256.5548,0.8183,walk_east_up.1,460.4097,0.88,-0.0,0.88,-0.0,Sidewalk
45.5,41.9043,4.2896,-0.06981,0.92,-0.06981,256.0958,0.781,walk_east_up.1,459.7895,0.92,-0.06981,0.92,-0.06981,Sidewalk
46.0,42.3433,4.2589,-0.06981,0.88,-0.0,255.6569,0.6951,walk_east_up.1,460.1971,0.88,-0.0,0.88,-0.0,Sidewalk
46.5,42.8007,4.2108,-0.10472,0.92,-0.06981,255.1994,0.7097,walk_east_up.1,459.0591,0.92,-0.06981,0.92,-0.06981,Sidewalk
47.0,43.2383,4.1648,-0.10472,0.88,-0.0,254.7617,0.7071,walk_east_up.1,458.415,0.88,-0.0,0.88,-0.0,Sidewalk
47.5,43.6938,4.1008,-0.13963,0.92,-0.06981,254.3062,0.6954,walk_east_up.1,457.7154,0.92,-0.06981,0.92,-0.06981,Sidewalk
48.0,44.1296,4.0396,-0.13963,0.88,-0.0,253.8704,0.686,walk_east_up.1,457.169,0.88,-0.0,0.88,-0.0,Sidewalk
48.5,44.5826,3.9597,-0.17453,0.92,-0.06981,253.4174,0.7418,walk_east_up.1,455.524,0.92,-0.06981,0.92,-0.06981,Sidewalk
49.0,45.0159,3.8833,-0.17453,0.88,-0.0,252.9841,0.8049,walk_east_up.1,454.1653,0.88,-0.0,0.88,-0.0,Sidewalk
49.5,45.4714,3.8193,-0.13963,0.92,0.06981,252.5286,0.8659,walk_east_up.1,452.6097,0.92,0.06981,0.92,0.06981,Sidewalk
50.0,45.9071,3.7581,-0.13963,0.88,-0.0,252.093,0.928,walk_east_up.1,451.7313,0.88,-0.0,0.88,-0.0,Sidewalk
50.5,46.3646,3.71,-0.10472,0.92,0.06981,251.6356,0.9861,walk_east_up.1,450.387,0.92,0.06981,0.92,0.06981,Sidewalk
51.0,46.8022,3.664,-0.10472,0.88,-0.0,251.198,1.0632,walk_east_up.1,449.5602,0.88,-0.0,0.88,-0.0,Sidewalk
51.5,47.2611,3.6319,-0.06981,0.92,0.06981,250.7392,1.1299,walk_east_up.1,448.4798,0.92,0.06981,0.92,0.06981,Sidewalk
52.0,47.7,3.6012,-0.06981,0.88,-0.0,250.3003,1.1959,walk_east_up.1,447.7731,0.88,-0.0,0.88,-0.0,Sidewalk
52.5,48.1597,3.5851,-0.03491,0.92,0.06981,249.8406,1.227,walk_east_up.1,446.7771,0.92,0.06981,0.92,0.06981,Sidewalk
53.0,48.5995,3.5698,-0.03491,0.88,-0.0,249.4009,1.2984,walk_east_up.1,446.0505,0.88,-0.0,0.88,-0.0,Sidewalk
53.5,49.0595,3.5698,-0.0,0.92,0.06981,248.9409,1.3365,walk_east_up.1,445.2352,0.92,0.06981,0.92,0.06981,Sidewalk
54.0,49.4995,3.5698,-0.0,0.88,-0.0,248.5009,1.4293,walk_east_up.1,444.5234,0.88,-0.0,0.88,-0.0,Sidewalk
54.5,49.9592,3.5537,-0.03491,0.92,-0.06981,248.0412,1.5204,walk_east_up.1,443.3171,0.92,-0.06981,0.92,-0.06981,Sidewalk
55.0,50.3989,3.5384,-0.03491,0.88,-0.0,247.6015,1.5842,walk_east_up.1,442.7103,0.88,-0.0,0.88,-0.0,Sidewalk
55.5,50.8589,3.5384,-0.0,0.92,0.06981,247.1415,1.625,walk_east_up.1,442.0222,0.92,0.06981,0.92,0.06981,Sidewalk
56.0,51.2989,3.5384,-0.0,0.88,-0.0,246.7015,1.7125,walk_east_up.1,441.2007,0.88,-0.0,0.88,-0.0,Sidewalk
56.5,51.7586,3.5223,-0.03491,0.92,-0.06981,246.2418,1.739,walk_east_up.1,439.9206,0.92,-0.06981,0.92,-0.06981,Sidewalk
57.0,52.1984,3.507,-0.03491,0.88,-0.0,245.8021,1.8433,walk_east_up.1,439.4055,0.88,-0.0,0.88,-0.0,Sidewalk
57.5,52.6584,3.507,-0.0,0.92,0.06981,245.3421,1.886,walk_east_up.1,438.7685,0.92,0.06981,0.92,0.06981,Sidewalk
58.0,53.0984,3.507,-0.0,0.88,-0.0,244.9021,1.9161,walk_east_up.1,437.8546,0.88,-0.0,0.88,-0.0,Sidewalk
58.5,53.5581,3.4909,-0.03491,0.92,-0.06981,244.4424,1.9424,walk_east_up.1,436.6024,0.92,-0.06981,0.92,-0.06981,Sidewalk
59.0,53.9978,3.4756,-0.03491,0.88,-0.0,244.0027,2.0379,walk_east_up.1,436.0745,0.88,-0.0,0.88,-0.0,Sidewalk
59.5,54.4578,3.4756,-0.0,0.92,0.06981,243.5427,2.0796,walk_east_up.1,435.595,0.92,0.06981,0.92,0.06981,Sidewalk
60.0,54.8978,3.4756,-0.0,0.88,-0.0,243.1027,2.1493,walk_east_up.1,434.5815,0.88,-0.0,0.88,-0.0,Sidewalk
60.5,55.3575,3.4595,-0.03491,0.92,-0.06981,242.6431,2.1963,walk_east_up.1,433.2315,0.92,-0.06981,0.92,-0.06981,Sidewalk
61.0,55.7973,3.4441,-0.03491,0.88,-0.0,242.2034,2.3168,walk_east_up.1,432.7657,0.88,-0.0,0.88,-0.0,Sidewalk
61.5,56.2573,3.4441,-0.0,0.92,0.06981,241.7434,2.3403,walk_east_up.1,432.4018,0.92,0.06981,0.92,0.06981,Sidewalk
62.0,56.6973,3.4441,-0.0,0.88,-0.0,241.3034,2.4267,walk_east_up.1,431.2689,0.88,-0.0,0.88,-0.0,Sidewalk
62.5,57.117,3.4295,-0.03491,0.84,-0.06981,240.8837,2.559,walk_east_up.1,430.4034,0.84,-0.06981,0.84,-0.06981,Sidewalk
63.0,57.5567,3.4141,-0.03491,0.88,-0.0,240.444,2.6393,walk_east_up.1,429.5433,0.88,-0.0,0.88,-0.0,Sidewalk
63.5,58.0167,3.4141,-0.0,0.92,0.06981,239.984,2.688,walk_east_up.1,429.3818,0.92,0.06981,0.92,0.06981,Sidewalk
64.0,58.4567,3.4141,-0.0,0.88,-0.0,239.544,2.7882,walk_east_up.1,428.0381,0.88,-0.0,0.88,-0.0,Sidewalk
64.5,58.8365,3.4009,-0.03491,0.76,-0.06981,239.1642,2.9062,walk_east_up.1,427.661,0.76,-0.06981,0.76,-0.06981,Sidewalk
65.0,59.2762,3.3855,-0.03491,0.88,-0.0,238.7245,3.0488,walk_east_up.1,426.3842,0.88,-0.0,0.88,-0.0,Sidewalk
65.5,59.7362,3.3855,-0.0,0.92,0.06981,238.2645,3.0767,walk_east_up.1,426.4471,0.92,0.06981,0.92,0.06981,Sidewalk
66.0,60.1762,3.3855,-0.0,0.88,-0.0,237.8245,3.1141,walk_east_up.1,424.8874,0.88,-0.0,0.88,-0.0,Sidewalk
66.5,60.516,3.3737,-0.03491,0.68,-0.06981,237.4848,3.3286,walk_east_up.1,424.924,0.68,-0.06981,0.68,-0.06981,Sidewalk
67.0,60.9558,3.3583,-0.03491,0.88,-0.0,237.0451,3.4175,walk_east_up.1,423.2212,0.88,-0.0,0.88,-0.0,Sidewalk
67.5,61.4158,3.3583,-0.0,0.92,0.06981,236.5851,3.4595,walk_east_up.1,422.9692,0.92,0.06981,0.92,0.06981,Sidewalk
68.0,61.8558,3.3583,-0.0,0.88,-0.0,236.1451,3.5358,walk_east_up.1,421.6386,0.88,-0.0,0.88,-0.0,Sidewalk
68.5,62.3155,3.3744,0.03491,0.92,0.06981,235.6853,3.612,walk_east_up.1,421.3782,0.92,0.06981,0.92,0.06981,Sidewalk
69.0,62.7552,3.3897,0.03491,0.88,-0.0,235.2456,3.7236,walk_east_up.1,420.0159,0.88,-0.0,0.88,-0.0,Sidewalk
69.5,63.2152,3.3897,-0.0,0.92,-0.06981,234.7856,3.7779,walk_east_up.1,418.7044,0.92,-0.06981,0.92,-0.06981,Sidewalk
70.0,63.6552,3.3897,-0.0,0.88,-0.0,234.3456,3.9157,walk_east_up.1,418.194,0.88,-0.0,0.88,-0.0,Sidewalk
70.5,64.1149,3.4058,0.03491,0.92,0.06981,233.8858,3.9899,walk_east_up.1,417.5752,0.92,0.06981,0.92,0.06981,Sidewalk
71.0,64.5547,3.4211,0.03491,0.88,-0.0,233.446,4.1191,walk_east_up.1,416.5202,0.88,-0.0,0.88,-0.0,Sidewalk
71.5,65.0147,3.4211,-0.0,0.92,-0.06981,232.986,4.1983,walk_east_up.1,415.3327,0.92,-0.06981,0.92,-0.06981,Sidewalk
72.0,65.4547,3.4211,-0.0,0.88,-0.0,232.546,4.2996,walk_east_up.1,414.762,0.88,-0.0,0.88,-0.0,Sidewalk
72.5,65.9144,3.4372,0.03491,0.92,0.06981,232.0863,4.3228,walk_east_up.1,414.0037,0.92,0.06981,0.92,0.06981,Sidewalk
73.0,66.3541,3.4525,0.03491,0.88,-0.0,231.6465,4.4594,walk_east_up.1,413.106,0.88,-0.0,0.88,-0.0,Sidewalk
73.5,66.8141,3.4525,-0.0,0.92,-0.06981,231.1865,4.5648,walk_east_up.1,411.9825,0.92,-0.06981,0.92,-0.06981,Sidewalk
74.0,67.2541,3.4525,-0.0,0.88,-0.0,230.7465,4.6469,walk_east_up.1,411.3831,0.88,-0.0,0.88,-0.0,Sidewalk
74.5,67.7138,3.4686,0.03491,0.92,0.06981,230.2868,4.7065,walk_east_up.1,410.5134,0.92,0.06981,0.92,0.06981,Sidewalk
75.0,68.1536,3.4839,0.03491,0.88,-0.0,229.847,4.8453,walk_east_up.1,409.7161,0.88,-0.0,0.88,-0.0,Sidewalk
75.5,68.6136,3.4839,-0.0,0.92,-0.06981,229.387,4.8728,walk_east_up.1,408.6617,0.92,-0.06981,0.92,-0.06981,Sidewalk
76.0,69.0536,3.4839,-0.0,0.88,-0.0,228.947,4.9841,walk_east_up.1,408.037,0.88,-0.0,0.88,-0.0,Sidewalk
76.5,69.5133,3.4679,-0.03491,0.92,-0.06981,228.4873,5.0681,walk_east_up.1,407.0036,0.92,-0.06981,0.92,-0.06981,Sidewalk
77.0,69.953,3.4525,-0.03491,0.88,-0.0,228.0476,5.2249,walk_east_up.1,406.348,0.88,-0.0,0.88,-0.0,Sidewalk
77.5,70.413,3.4525,-0.0,0.92,0.06981,227.5876,5.3411,walk_east_up.1,405.3806,0.92,0.06981,0.92,0.06981,Sidewalk
78.0,70.853,3.4525,-0.0,0.88,-0.0,227.1476,5.474,walk_east_up.1,404.6802,0.88,-0.0,0.88,-0.0,Sidewalk
78.5,71.3127,3.4686,0.03491,0.92,0.06981,226.6879,5.5454,walk_east_up.1,403.7363,0.92,0.06981,0.92,0.06981,Sidewalk
79.0,71.7525,3.4839,0.03491,0.88,-0.0,226.2481,5.6461,walk_east_up.1,403.0363,0.88,-0.0,0.88,-0.0,Sidewalk
79.5,72.2125,3.4839,-0.0,0.92,-0.06981,225.7881,5.6732,walk_east_up.1,402.0205,0.92,-0.06981,0.92,-0.06981,Sidewalk
80.0,72.6525,3.4839,-0.0,0.88,-0.0,225.3481,5.7488,walk_east_up.1,401.391,0.88,-0.0,0.88,-0.0,Sidewalk
80.5,73.1122,3.4679,-0.03491,0.92,-0.06981,224.8884,5.7768,walk_east_up.1,400.4026,0.92,-0.06981,0.92,-0.06981,Sidewalk
81.0,73.5519,3.4525,-0.03491,0.88,-0.0,224.4487,5.7197,walk_east_mid.1,399.7506,0.88,-0.0,0.88,-0.0,Sidewalk
81.5,74.0119,3.4525,-0.0,0.92,0.06981,223.9887,5.7059,walk_east_up.2,398.7719,0.92,0.06981,0.92,0.06981,Sidewalk
82.0,74.4519,3.4525,-0.0,0.88,-0.0,223.5487,5.5634,walk_east_up.2,398.1064,0.88,-0.0,0.88,-0.0,Sidewalk
82.5,74.9117,3.4686,0.03491,0.92,0.06981,223.089,5.4922,walk_east_up.2,397.1544,0.92,0.06981,0.92,0.06981,Sidewalk
83.0,75.3514,3.4839,0.03491,0.88,-0.0,222.6492,5.3779,walk_east_up.2,396.4833,0.88,-0.0,0.88,-0.0,Sidewalk
83.5,75.8114,3.4839,-0.0,0.92,-0.06981,222.1892,5.34,walk_east_up.2,395.474,0.92,-0.06981,0.92,-0.06981,Sidewalk
84.0,76.2514,3.4839,-0.0,0.88,-0.0,221.7492,5.243,walk_east_up.2,394.8412,0.88,-0.0,0.88,-0.0,Sidewalk
84.5,76.7111,3.4679,-0.03491,0.92,-0.06981,221.2895,5.1483,walk_east_up.2,393.8527,0.92,-0.06981,0.92,-0.06981,Sidewalk
85.0,77.1508,3.4525,-0.03491,0.88,-0.0,220.8498,5.082,walk_east_up.2,393.2042,0.88,-0.0,0.88,-0.0,Sidewalk
85.5,77.6108,3.4525,-0.0,0.92,0.06981,220.3898,5.0382,walk_east_up.2,392.2122,0.92,0.06981,0.92,0.06981,Sidewalk
86.0,78.0508,3.4525,-0.0,0.88,-0.0,219.9498,4.9344,walk_east_up.2,391.5623,0.88,-0.0,0.88,-0.0,Sidewalk
86.5,78.5106,3.4686,0.03491,0.92,0.06981,219.4901,4.8952,walk_east_up.2,390.5908,0.92,0.06981,0.92,0.06981,Sidewalk
87.0,78.9503,3.4839,0.03491,0.88,-0.0,219.0503,4.8395,walk_east_up.2,389.9311,0.88,-0.0,0.88,-0.0,Sidewalk
87.5,79.4103,3.4839,-0.0,0.92,-0.06981,218.5903,4.7249,walk_east_up.2,388.9214,0.92,-0.06981,0.92,-0.06981,Sidewalk
88.0,79.8503,3.4839,-0.0,0.88,-0.0,218.1503,4.6706,walk_east_up.2,388.2884,0.88,-0.0,0.88,-0.0,Sidewalk
88.5,80.31,3.4679,-0.03491,0.92,-0.06981,217.6906,4.6046,walk_east_up.2,387.316,0.92,-0.06981,0.92,-0.06981,Sidewalk
89.0,80.7497,3.4525,-0.03491,0.88,-0.0,217.251,4.5472,walk_east_up.2,386.6623,0.88,-0.0,0.88,-0.0,Sidewalk
89.5,81.2097,3.4525,-0.0,0.92,0.06981,216.791,4.4954,walk_east_up.2,385.6686,0.92,0.06981,0.92,0.06981,Sidewalk
90.0,81.6497,3.4525,-0.0,0.88,-0.0,216.351,4.4133,walk_east_up.2,385.0486,0.88,-0.0,0.88,-0.0,Sidewalk
90.5,82.1095,3.4686,0.03491,0.92,0.06981,215.8912,4.3863,walk_east_up.2,384.0705,0.92,0.06981,0.92,0.06981,Sidewalk
91.0,82.5492,3.4839,0.03491,0.88,-0.0,215.4514,4.2913,walk_east_up.2,383.4405,0.88,-0.0,0.88,-0.0,Sidewalk
91.5,83.0092,3.4839,-0.0,0.92,-0.06981,214.9914,4.1891,walk_east_up.2,382.4566,0.92,-0.06981,0.92,-0.06981,Sidewalk
92.0,83.4492,3.4839,-0.0,0.88,-0.0,214.5514,4.1242,walk_east_up.2,381.8355,0.88,-0.0,0.88,-0.0,Sidewalk
92.5,83.9089,3.5,0.03491,0.92,0.06981,214.0917,4.0495,walk_east_up.2,380.8632,0.92,0.06981,0.92,0.06981,Sidewalk
93.0,84.3486,3.5153,0.03491,0.88,-0.0,213.6519,3.9786,walk_east_up.2,380.232,0.88,-0.0,0.88,-0.0,Sidewalk
93.5,84.8086,3.5153,-0.0,0.92,-0.06981,213.1919,3.9586,walk_east_up.2,379.2401,0.92,-0.06981,0.92,-0.06981,Sidewalk
94.0,85.2486,3.5153,-0.0,0.88,-0.0,212.7519,3.8771,walk_east_up.2,378.6221,0.88,-0.0,0.88,-0.0,Sidewalk
94.5,85.7084,3.5314,0.03491,0.92,0.06981,212.2922,3.8185,walk_east_up.2,377.6495,0.92,0.06981,0.92,0.06981,Sidewalk
95.0,86.1481,3.5468,0.03491,0.88,-0.0,211.8524,3.7185,walk_east_up.2,377.0228,0.88,-0.0,0.88,-0.0,Sidewalk
95.5,86.6081,3.5468,-0.0,0.92,-0.06981,211.3924,3.6936,walk_east_up.2,376.0315,0.92,-0.06981,0.92,-0.06981,Sidewalk
96.0,87.0481,3.5468,-0.0,0.88,-0.0,210.9524,3.6421,walk_east_up.2,375.4113,0.88,-0.0,0.88,-0.0,Sidewalk
96.5,87.5078,3.5628,0.03491,0.92,0.06981,210.4926,3.51,walk_east_up.2,374.4506,0.92,0.06981,0.92,0.06981,Sidewalk
97.0,87.9475,3.5782,0.03491,0.88,-0.0,210.0529,3.4527,walk_east_up.2,373.8197,0.88,-0.0,0.88,-0.0,Sidewalk
97.5,88.4075,3.5782,-0.0,0.92,-0.06981,209.5929,3.4217,walk_east_up.2,372.8294,0.92,-0.06981,0.92,-0.06981,Sidewalk
98.0,88.8475,3.5782,-0.0,0.88,-0.0,209.1529,3.3391,walk_east_up.2,372.2159,0.88,-0.0,0.88,-0.0,Sidewalk
98.5,89.3073,3.5942,0.03491,0.92,0.06981,208.6931,3.2304,walk_east_up.2,371.2556,0.92,0.06981,0.92,0.06981,Sidewalk
99.0,89.747,3.6096,0.03491,0.88,-0.0,208.2534,3.1527,walk_east_up.2,370.6299,0.88,-0.0,0.88,-0.0,Sidewalk
99.5,90.207,3.6096,-0.0,0.92,-0.06981,207.7934,3.063,walk_east_up.2,369.6516,0.92,-0.06981,0.92,-0.06981,Sidewalk
100.0,90.647,3.6096,-0.0,0.88,-0.0,207.3534,2.9807,walk_east_up.2,369.0421,0.88,-0.0,0.88,-0.0,Sidewalk
100.5,91.1067,3.6256,0.03491,0.92,0.06981,206.8936,2.9383,walk_east_up.2,368.0731,0.92,0.06981,0.92,0.06981,Sidewalk
101.0,91.5464,3.641,0.03491,0.88,-0.0,206.4539,2.8776,walk_east_up.2,367.4466,0.88,-0.0,0.88,-0.0,Sidewalk
101.5,92.0064,3.641,-0.0,0.92,-0.06981,205.9939,2.8412,walk_east_up.2,366.4593,0.92,-0.06981,0.92,-0.06981,Sidewalk
102.0,92.4464,3.641,-0.0,0.88,-0.0,205.5539,2.8017,walk_east_up.2,365.8428,0.88,-0.0,0.88,-0.0,Sidewalk
102.5,92.9062,3.657,0.03491,0.92,0.06981,205.0941,2.7323,walk_east_up.2,364.8825,0.92,0.06981,0.92,0.06981,Sidewalk
103.0,93.3459,3.6724,0.03491,0.88,-0.0,204.6544,2.6352,walk_east_up.2,364.2683,0.88,-0.0,0.88,-0.0,Sidewalk
103.5,93.8059,3.6724,-0.0,0.92,-0.06981,204.1944,2.6181,walk_east_up.2,363.2769,0.92,-0.06981,0.92,-0.06981,Sidewalk
104.0,94.2459,3.6724,-0.0,0.88,-0.0,203.7544,2.4787,walk_east_up.2,362.6936,0.88,-0.0,0.88,-0.0,Sidewalk
104.5,94.7056,3.6884,0.03491,0.92,0.06981,203.2946,2.3809,walk_east_up.2,361.7497,0.92,0.06981,0.92,0.06981,Sidewalk
105.0,95.1454,3.7038,0.03491,0.88,-0.0,202.8549,2.2783,walk_east_up.2,361.1477,0.88,-0.0,0.88,-0.0,Sidewalk
105.5,95.6054,3.7038,-0.0,0.92,-0.06981,202.3949,2.192,walk_east_up.2,360.1869,0.92,-0.06981,0.92,-0.06981,Sidewalk
106.0,96.0454,3.7038,-0.0,0.88,-0.0,201.9549,2.0703,walk_east_up.2,359.6186,0.88,-0.0,0.88,-0.0,Sidewalk
106.5,96.5051,3.6877,-0.03491,0.92,-0.06981,201.4952,1.9627,walk_east_up.2,358.7089,0.92,-0.06981,0.92,-0.06981,Sidewalk
107.0,96.9448,3.6724,-0.03491,0.88,-0.0,201.0555,3.7771,walk_east_mid.1,357.5808,0.88,-0.0,0.88,-0.0,Sidewalk
107.5,97.4048,3.6724,-0.0,0.92,0.06981,200.5955,3.7971,walk_east_mid.1,356.5728,0.92,0.06981,0.92,0.06981,Sidewalk
108.0,97.8448,3.6724,-0.0,0.88,-0.0,200.1555,3.776,walk_east_mid.1,355.9568,0.88,-0.0,0.88,-0.0,Sidewalk
108.5,98.3045,3.6884,0.03491,0.92,0.06981,199.6957,3.7248,walk_east_mid.1,354.986,0.92,0.06981,0.92,0.06981,Sidewalk
109.0,98.7443,3.7038,0.03491,0.88,-0.0,199.256,12.3299,walk_east_up.3,354.0417,0.88,-0.0,0.88,-0.0,Sidewalk
109.5,99.2043,3.7038,-0.0,0.92,-0.06981,198.796,12.2226,walk_east_up.3,353.0461,0.92,-0.06981,0.92,-0.06981,Sidewalk
110.0,99.6443,3.7038,-0.0,0.88,-0.0,198.356,12.0853,walk_east_up.3,352.4222,0.88,-0.0,0.88,-0.0,Sidewalk
110.5,100.104,3.7199,0.03491,0.92,0.06981,197.8962,12.063,walk_east_up.3,351.4458,0.92,0.06981,0.92,0.06981,Sidewalk
111.0,100.5437,3.7352,0.03491,0.88,-0.0,197.4565,11.9551,walk_east_up.3,350.806,0.88,-0.0,0.88,-0.0,Sidewalk
111.5,101.0037,3.7352,-0.0,0.92,-0.06981,196.9965,11.9047,walk_east_up.3,349.8094,0.92,-0.06981,0.92,-0.06981,Sidewalk
112.0,101.4437,3.7352,-0.0,0.88,-0.0,196.5565,11.7992,walk_east_up.3,349.1856,0.88,-0.0,0.88,-0.0,Sidewalk
112.5,101.9034,3.7513,0.03491,0.92,0.06981,196.0967,11.5145,stand_5,348.2539,0.92,0.06981,0.92,0.06981,Sidewalk
113.0,102.3432,3.7666,0.03491,0.88,-0.0,195.657,11.075,stand_5,347.6195,0.88,-0.0,0.88,-0.0,Sidewalk
113.5,102.8032,3.7666,-0.0,0.92,-0.06981,195.197,10.6166,stand_5,346.6335,0.92,-0.06981,0.92,-0.06981,Sidewalk
114.0,103.2432,3.7666,-0.0,0.88,-0.0,194.757,10.1784,stand_5,346.0189,0.88,-0.0,0.88,-0.0,Sidewalk
114.5,103.7029,3.7827,0.03491,0.92,0.06981,194.2972,9.7191,stand_5,345.0606,0.92,0.06981,0.92,0.06981,Sidewalk
115.0,104.1426,3.798,0.03491,0.88,-0.0,193.8575,9.2799,stand_5,344.4301,0.88,-0.0,0.88,-0.0,Sidewalk
115.5,104.6026,3.798,-0.0,0.92,-0.06981,193.3975,8.8221,stand_5,343.4509,0.92,-0.06981,0.92,-0.06981,Sidewalk
116.0,105.0426,3.798,-0.0,0.88,-0.0,192.9575,8.3844,stand_5,342.8446,0.88,-0.0,0.88,-0.0,Sidewalk
116.5,105.5023,3.782,-0.03491,0.92,-0.06981,192.4978,7.9293,stand_5,341.8991,0.92,-0.06981,0.92,-0.06981,Sidewalk
117.0,105.9421,3.7666,-0.03491,0.88,-0.0,192.0581,7.4944,stand_5,341.2798,0.88,-0.0,0.88,-0.0,Sidewalk
117.5,106.4021,3.7666,-0.0,0.92,0.06981,191.5981,7.0381,stand_5,340.3253,0.92,0.06981,0.92,0.06981,Sidewalk
118.0,106.8421,3.7666,-0.0,0.88,-0.0,191.1581,6.6021,stand_5,339.7336,0.88,-0.0,0.88,-0.0,Sidewalk
118.5,107.3018,3.7506,-0.03491,0.92,-0.06981,190.6984,6.1496,stand_5,338.8111,0.92,-0.06981,0.92,-0.06981,Sidewalk
119.0,107.7415,3.7352,-0.03491,0.88,-0.0,190.2587,5.7179,stand_5,338.2351,0.88,-0.0,0.88,-0.0,Sidewalk
119.5,108.2004,3.7031,-0.06981,0.92,-0.06981,189.7998,5.2718,stand_5,337.3539,0.92,-0.06981,0.92,-0.06981,Sidewalk
120.0,108.6393,3.6724,-0.06981,0.88,-0.0,189.361,4.8476,stand_5,336.8184,0.88,-0.0,0.88,-0.0,Sidewalk
120.5,109.099,3.6564,-0.03491,0.92,0.06981,188.9013,4.4028,stand_5,336.1488,0.92,0.06981,0.92,0.06981,Sidewalk
121.0,109.5388,3.641,-0.03491,0.88,-0.0,188.4616,3.9806,stand_5,335.614,0.88,-0.0,0.88,-0.0,Sidewalk
121.5,109.9977,3.6089,-0.06981,0.92,-0.06981,188.0028,3.5494,stand_5,335.199,0.92,-0.06981,0.92,-0.06981,Sidewalk
122.0,110.3967,3.581,-0.06981,0.8,-0.0,187.6038,3.181,stand_5,335.3296,0.8,-0.0,0.8,-0.0,Sidewalk
122.5,110.7348,3.5455,-0.10472,0.68,-0.06981,187.2657,2.8802,stand_5,335.3358,0.68,-0.06981,0.68,-0.06981,Sidewalk
123.0,111.0133,3.5162,-0.10472,0.56,-0.0,186.9873,2.6396,stand_5,335.4227,0.56,-0.0,0.56,-0.0,Sidewalk
123.5,111.2708,3.48,-0.13963,0.52,-0.06981,186.73,2.4292,stand_5,335.4362,0.52,-0.06981,0.52,-0.06981,Sidewalk
124.0,111.5102,3.4633,-0.06981,0.48,0.13963,186.4906,2.2336,stand_5,335.4975,0.48,0.13963,0.48,0.13963,Sidewalk
124.5,111.6901,3.457,-0.03491,0.36,0.06981,186.3107,2.089,stand_5,335.5372,0.36,0.06981,0.36,0.06981,Sidewalk
125.0,111.8492,3.4403,-0.10472,0.32,-0.13963,186.1517,1.973,stand_5,335.5729,0.32,-0.13963,0.32,-0.13963,Sidewalk
125.5,111.9878,3.4208,-0.13963,0.28,-0.06981,186.0131,1.8805,stand_5,335.6322,0.28,-0.06981,0.28,-0.06981,Sidewalk
126.0,112.1052,3.3959,-0.20944,0.24,-0.13963,185.8958,1.813,stand_5,335.606,0.24,-0.13963,0.24,-0.13963,Sidewalk
126.5,112.2022,3.3717,-0.24435,0.2,-0.06981,185.7988,1.728,stand_1,335.6415,0.2,-0.06981,0.2,-0.06981,Sidewalk
127.0,112.2783,3.3469,-0.31416,0.16,-0.13963,185.7228,1.6517,stand_1,335.647,0.16,-0.13963,0.16,-0.13963,Sidewalk
127.5,112.3535,3.3196,-0.34907,0.16,-0.06981,185.6478,1.5767,stand_1,335.6522,0.16,-0.06981,0.16,-0.06981,Sidewalk
128.0,112.3911,3.3059,-0.34907,0.08,-0.0,185.6102,1.5394,stand_1,335.6837,0.08,-0.0,0.08,-0.0,Sidewalk
128.5,112.4282,3.2909,-0.38397,0.08,-0.06981,185.5732,1.5028,stand_1,335.6945,0.08,-0.06981,0.08,-0.06981,Sidewalk
129.0,112.4652,3.2759,-0.38397,0.08,-0.0,185.5362,1.4664,stand_1,335.6765,0.08,-0.0,0.08,-0.0,Sidewalk
129.5,112.5018,3.2597,-0.41888,0.08,-0.06981,185.4997,1.4308,stand_1,335.6875,0.08,-0.06981,0.08,-0.06981,Sidewalk
130.0,112.5383,3.2434,-0.41888,0.08,-0.0,185.4632,1.3954,stand_1,335.6843,0.08,-0.0,0.08,-0.0,Sidewalk
130.5,112.5743,3.2259,-0.45379,0.08,-0.06981,185.4273,1.3609,stand_1,335.6931,0.08,-0.06981,0.08,-0.06981,Sidewalk
131.0,112.6089,3.2059,-0.5236,0.08,-0.13963,185.3928,1.3284,stand_1,335.6893,0.08,-0.13963,0.08,-0.13963,Sidewalk
131.5,112.6428,3.1847,-0.55851,0.08,-0.06981,185.3589,1.2971,stand_1,335.6895,0.08,-0.06981,0.08,-0.06981,Sidewalk
132.0,112.6768,3.1635,-0.55851,0.08,-0.0,185.3251,1.2663,stand_1,335.7122,0.08,-0.0,0.08,-0.0,Sidewalk
132.5,112.6768,3.1635,-0.59341,0.0,-0.06981,185.3251,1.2663,stand_1,335.7382,0.0,-0.06981,0.0,-0.06981,Sidewalk
133.0,112.6768,3.1635,-0.59341,0.0,-0.0,185.3251,1.2663,stand_1,335.7173,0.0,-0.0,0.0,-0.0,Sidewalk
133.5,112.6768,3.1635,-0.62832,0.0,-0.06981,185.3251,1.2663,stand_1,335.7382,0.0,-0.06981,0.0,-0.06981,Sidewalk
134.0,112.6768,3.1635,-0.62832,0.0,-0.0,185.3251,1.2663,stand_1,335.7173,0.0,-0.0,0.0,-0.0,Sidewalk
134.5,112.6768,3.1635,-0.66323,0.0,-0.06981,185.3251,1.2663,stand_1,335.7382,0.0,-0.06981,0.0,-0.06981,Sidewalk
135.0,112.6768,3.1635,-0.66323,0.0,-0.0,185.3251,1.2663,stand_1,335.7173,0.0,-0.0,0.0,-0.0,Sidewalk
135.5,112.6768,3.1635,-0.69813,0.0,-0.06981,185.3251,1.2663,stand_1,335.7382,0.0,-0.06981,0.0,-0.06981,Sidewalk
136.0,112.6768,3.1635,-0.69813,0.0,-0.0,185.3251,1.2663,stand_1,335.7173,0.0,-0.0,0.0,-0.0,Sidewalk
136.5,112.6768,3.1635,-0.73304,0.0,-0.06981,185.3251,1.2663,stand_1,335.7382,0.0,-0.06981,0.0,-0.06981,Sidewalk
137.0,112.6768,3.1635,-0.73304,0.0,-0.0,185.3251,1.2663,stand_1,335.7173,0.0,-0.0,0.0,-0.0,Sidewalk
137.5,112.6768,3.1635,-0.76794,0.0,-0.06981,185.3251,1.2663,stand_1,335.7382,0.0,-0.06981,0.0,-0.06981,Sidewalk
138.0,112.6768,3.1635,-0.76794,0.0,-0.0,185.3251,1.2663,stand_1,335.7173,0.0,-0.0,0.0,-0.0,Sidewalk
138.5,112.6768,3.1635,-0.80285,0.0,-0.06981,185.3251,1.2663,stand_1,335.7382,0.0,-0.06981,0.0,-0.06981,Sidewalk
139.0,112.6768,3.1635,-0.80285,0.0,-0.0,185.3251,1.2663,stand_1,335.7173,0.0,-0.0,0.0,-0.0,Sidewalk
139.5,112.6768,3.1635,-0.83776,0.0,-0.06981,185.3251,1.2663,stand_1,335.7382,0.0,-0.06981,0.0,-0.06981,Sidewalk
140.0,112.6768,3.1635,-0.83776,0.0,-0.0,185.3251,1.2663,stand_1,335.7173,0.0,-0.0,0.0,-0.0,Sidewalk
140.5,112.6768,3.1635,-0.87266,0.0,-0.06981,185.3251,1.2663,stand_1,335.7382,0.0,-0.06981,0.0,-0.06981,Sidewalk
141.0,112.6768,3.1635,-0.87266,0.0,-0.0,185.3251,1.2663,stand_1,335.7173,0.0,-0.0,0.0,-0.0,Sidewalk
141.5,112.6768,3.1635,-0.90757,0.0,-0.06981,185.3251,1.2663,stand_1,335.7382,0.0,-0.06981,0.0,-0.06981,Sidewalk
142.0,112.6768,3.1635,-0.90757,0.0,-0.0,185.3251,1.2663,stand_1,335.7173,0.0,-0.0,0.0,-0.0,Sidewalk
142.5,112.6768,3.1635,-0.94248,0.0,-0.06981,185.3251,1.2663,stand_1,335.7382,0.0,-0.06981,0.0,-0.06981,Sidewalk
143.0,112.6768,3.1635,-0.94248,0.0,-0.0,185.3251,1.2663,stand_1,335.7173,0.0,-0.0,0.0,-0.0,Sidewalk
143.5,112.6768,3.1635,-0.97738,0.0,-0.06981,185.3251,1.2663,stand_1,335.7382,0.0,-0.06981,0.0,-0.06981,Sidewalk
144.0,112.6768,3.1635,-0.97738,0.0,-0.0,185.3251,1.2663,stand_1,335.7173,0.0,-0.0,0.0,-0.0,Sidewalk
144.5,112.6768,3.1635,-1.01229,0.0,-0.06981,185.3251,1.2663,stand_1,335.7382,0.0,-0.06981,0.0,-0.06981,Sidewalk
145.0,112.6768,3.1635,-1.01229,0.0,-0.0,185.3251,1.2663,stand_1,335.7173,0.0,-0.0,0.0,-0.0,Sidewalk
145.5,112.6768,3.1635,-1.0472,0.0,-0.06981,185.3251,1.2663,stand_1,335.7382,0.0,-0.06981,0.0,-0.06981,Sidewalk
146.0,112.6768,3.1635,-1.0472,0.0,-0.0,185.3251,1.2663,stand_1,335.7173,0.0,-0.0,0.0,-0.0,Sidewalk
146.5,112.6768,3.1635,-1.0821,0.0,-0.06981,185.3251,1.2663,stand_1,335.7382,0.0,-0.06981,0.0,-0.06981,Sidewalk
147.0,112.6768,3.1635,-1.0821,0.0,-0.0,185.3251,1.2663,stand_1,335.7173,0.0,-0.0,0.0,-0.0,Sidewalk
147.5,112.6768,3.1635,-1.11701,0.0,-0.06981,185.3251,1.2663,stand_1,335.7382,0.0,-0.06981,0.0,-0.06981,Sidewalk
148.0,112.6768,3.1635,-1.11701,0.0,-0.0,185.3251,1.2663,stand_1,335.7173,0.0,-0.0,0.0,-0.0,Sidewalk
148.5,112.6768,3.1635,-1.15192,0.0,-0.06981,185.3251,1.2663,stand_1,335.7382,0.0,-0.06981,0.0,-0.06981,Sidewalk
149.0,112.6768,3.1635,-1.15192,0.0,-0.0,185.3251,1.2663,stand_1,335.7173,0.0,-0.0,0.0,-0.0,Sidewalk
149.5,112.6768,3.1635,-1.18682,0.0,-0.06981,185.3251,1.2663,stand_1,335.7382,0.0,-0.06981,0.0,-0.06981,Sidewalk
150.0,112.6768,3.1635,-1.18682,0.0,-0.0,185.3251,1.2663,stand_1,335.7173,0.0,-0.0,0.0,-0.0,Sidewalk
150.5,112.6768,3.1635,-1.22173,0.0,-0.06981,185.3251,1.2663,stand_1,335.7382,0.0,-0.06981,0.0,-0.06981,Sidewalk
151.0,112.6768,3.1635,-1.22173,0.0,-0.0,185.3251,1.2663,stand_1,335.7173,0.0,-0.0,0.0,-0.0,Sidewalk
151.5,112.6768,3.1635,-1.25664,0.0,-0.06981,185.3251,1.2663,stand_1,335.7382,0.0,-0.06981,0.0,-0.06981,Sidewalk
152.0,112.6768,3.1635,-1.25664,0.0,-0.0,185.3251,1.2663,stand_1,335.7173,0.0,-0.0,0.0,-0.0,Sidewalk
152.5,112.6768,3.1635,-1.29154,0.0,-0.06981,185.3251,1.2663,stand_1,335.7382,0.0,-0.06981,0.0,-0.06981,Sidewalk
153.0,112.6768,3.1635,-1.29154,0.0,-0.0,185.3251,1.2663,stand_1,335.7173,0.0,-0.0,0.0,-0.0,Sidewalk
153.5,112.6768,3.1635,-1.32645,0.0,-0.06981,185.3251,1.2663,stand_1,335.7382,0.0,-0.06981,0.0,-0.06981,Sidewalk
154.0,112.6768,3.1635,-1.32645,0.0,-0.0,185.3251,1.2663,stand_1,335.7173,0.0,-0.0,0.0,-0.0,Sidewalk
154.5,112.6768,3.1635,-1.36136,0.0,-0.06981,185.3251,1.2663,stand_1,335.7382,0.0,-0.06981,0.0,-0.06981,Sidewalk
155.0,112.6768,3.1635,-1.36136,0.0,-0.0,185.3251,1.2663,stand_1,335.7173,0.0,-0.0,0.0,-0.0,Sidewalk
155.5,112.6768,3.1635,-1.39626,0.0,-0.06981,185.3251,1.2663,stand_1,335.7382,0.0,-0.06981,0.0,-0.06981,Sidewalk
156.0,112.6768,3.1635,-1.39626,0.0,-0.0,185.3251,1.2663,stand_1,335.7173,0.0,-0.0,0.0,-0.0,Sidewalk
156.5,112.6768,3.1635,-1.43117,0.0,-0.06981,185.3251,1.2663,stand_1,335.7382,0.0,-0.06981,0.0,-0.06981,Sidewalk
157.0,112.6768,3.1635,-1.43117,0.0,-0.0,185.3251,1.2663,stand_1,335.7173,0.0,-0.0,0.0,-0.0,Sidewalk
157.5,112.6768,3.1635,-1.46608,0.0,-0.06981,185.3251,1.2663,stand_1,335.7382,0.0,-0.06981,0.0,-0.06981,Sidewalk
158.0,112.6768,3.1635,-1.46608,0.0,-0.0,185.3251,1.2663,stand_1,335.7173,0.0,-0.0,0.0,-0.0,Sidewalk
158.5,112.6768,3.1635,-1.50098,0.0,-0.06981,185.3251,1.2663,stand_1,335.7382,0.0,-0.06981,0.0,-0.06981,Sidewalk
159.0,112.6768,3.1635,-1.50098,0.0,-0.0,185.3251,1.2663,stand_1,335.7173,0.0,-0.0,0.0,-0.0,Sidewalk
159.5,112.6768,3.1635,-1.53589,0.0,-0.06981,185.3251,1.2663,stand_1,335.7382,0.0,-0.06981,0.0,-0.06981,Sidewalk
160.0,112.6768,3.1635,-1.53589,0.0,-0.0,185.3251,1.2663,stand_1,335.7173,0.0,-0.0,0.0,-0.0,Sidewalk
160.5,112.6768,3.1635,-1.5708,0.0,-0.06981,185.3251,1.2663,stand_1,335.7382,0.0,-0.06981,0.0,-0.06981,Sidewalk
161.0,112.6768,3.1635,-1.5708,0.0,-0.0,185.3251,1.2663,stand_1,335.7173,0.0,-0.0,0.0,-0.0,Sidewalk
161.5,112.6768,3.1635,-1.6057,0.0,-0.06981,185.3251,1.2663,stand_1,335.7382,0.0,-0.06981,0.0,-0.06981,Sidewalk
162.0,112.6768,3.1635,-1.6057,0.0,-0.0,185.3251,1.2663,stand_1,335.7173,0.0,-0.0,0.0,-0.0,Sidewalk
162.5,112.6768,3.1635,-1.64061,0.0,-0.06981,185.3251,1.2663,stand_1,335.7382,0.0,-0.06981,0.0,-0.06981,Sidewalk
163.0,112.6768,3.1635,-1.64061,0.0,-0.0,185.3251,1.2663,stand_1,335.7173,0.0,-0.0,0.0,-0.0,Sidewalk
163.5,112.6768,3.1635,-1.67552,0.0,-0.06981,185.3251,1.2663,stand_1,335.7382,0.0,-0.06981,0.0,-0.06981,Sidewalk
164.0,112.6768,3.1635,-1.67552,0.0,-0.0,185.3251,1.2663,stand_1,335.7173,0.0,-0.0,0.0,-0.0,Sidewalk
164.5,112.6768,3.1635,-1.71042,0.0,-0.06981,185.3251,1.2663,stand_1,335.7382,0.0,-0.06981,0.0,-0.06981,Sidewalk
165.0,112.6768,3.1635,-1.71042,0.0,-0.0,185.3251,1.2663,stand_1,335.7173,0.0,-0.0,0.0,-0.0,Sidewalk
165.5,112.6768,3.1635,-1.74533,0.0,-0.06981,185.3251,1.2663,stand_1,335.7382,0.0,-0.06981,0.0,-0.06981,Sidewalk
166.0,112.6768,3.1635,-1.74533,0.0,-0.0,185.3251,1.2663,stand_1,335.7173,0.0,-0.0,0.0,-0.0,Sidewalk
166.5,112.6768,3.1635,-1.78024,0.0,-0.06981,185.3251,1.2663,stand_1,335.7382,0.0,-0.06981,0.0,-0.06981,Sidewalk
167.0,112.6768,3.1635,-1.78024,0.0,-0.0,185.3251,1.2663,stand_1,335.7173,0.0,-0.0,0.0,-0.0,Sidewalk
167.5,112.6768,3.1635,-1.81514,0.0,-0.06981,185.3251,1.2663,stand_1,335.7382,0.0,-0.06981,0.0,-0.06981,Sidewalk
168.0,112.6768,3.1635,-1.81514,0.0,-0.0,185.3251,1.2663,stand_1,335.7173,0.0,-0.0,0.0,-0.0,Sidewalk
168.5,112.6768,3.1635,-1.85005,0.0,-0.06981,185.3251,1.2663,stand_1,335.7382,0.0,-0.06981,0.0,-0.06981,Sidewalk
169.0,112.6768,3.1635,-1.85005,0.0,-0.0,185.3251,1.2663,stand_1,335.7173,0.0,-0.0,0.0,-0.0,Sidewalk
169.5,112.6768,3.1635,-1.88496,0.0,-0.06981,185.3251,1.2663,stand_1,335.7382,0.0,-0.06981,0.0,-0.06981,Sidewalk
170.0,112.6768,3.1635,-1.88496,0.0,-0.0,185.3251,1.2663,stand_1,335.7173,0.0,-0.0,0.0,-0.0,Sidewalk
170.5,112.6768,3.1635,-1.91986,0.0,-0.06981,185.3251,1.2663,stand_1,335.7382,0.0,-0.06981,0.0,-0.06981,Sidewalk
171.0,112.6768,3.1635,-1.91986,0.0,-0.0,185.3251,1.2663,stand_1,335.7173,0.0,-0.0,0.0,-0.0,Sidewalk
171.5,112.6768,3.1635,-1.95477,0.0,-0.06981,185.3251,1.2663,stand_1,335.7382,0.0,-0.06981,0.0,-0.06981,Sidewalk
172.0,112.6768,3.1635,-1.95477,0.0,-0.0,185.3251,1.2663,stand_1,335.7173,0.0,-0.0,0.0,-0.0,Sidewalk
172.5,112.6768,3.1635,-1.98968,0.0,-0.06981,185.3251,1.2663,stand_1,335.7382,0.0,-0.06981,0.0,-0.06981,Sidewalk
173.0,112.6768,3.1635,-1.98968,0.0,-0.0,185.3251,1.2663,stand_1,335.7173,0.0,-0.0,0.0,-0.0,Sidewalk
173.5,112.6768,3.1635,-2.02458,0.0,-0.06981,185.3251,1.2663,stand_1,335.7382,0.0,-0.06981,0.0,-0.06981,Sidewalk
174.0,112.6768,3.1635,-2.02458,0.0,-0.0,185.3251,1.2663,stand_1,335.7173,0.0,-0.0,0.0,-0.0,Sidewalk
174.5,112.6768,3.1635,-2.05949,0.0,-0.06981,185.3251,1.2663,stand_1,335.7382,0.0,-0.06981,0.0,-0.06981,Sidewalk
175.0,112.6768,3.1635,-2.05949,0.0,-0.0,185.3251,1.2663,stand_1,335.7173,0.0,-0.0,0.0,-0.0,Sidewalk
175.5,112.6768,3.1635,-2.0944,0.0,-0.06981,185.3251,1.2663,stand_1,335.7382,0.0,-0.06981,0.0,-0.06981,Sidewalk
176.0,112.6768,3.1635,-2.0944,0.0,-0.0,185.3251,1.2663,stand_1,335.7173,0.0,-0.0,0.0,-0.0,Sidewalk
176.5,112.6768,3.1635,-2.1293,0.0,-0.06981,185.3251,1.2663,stand_1,335.7382,0.0,-0.06981,0.0,-0.06981,Sidewalk
177.0,112.6768,3.1635,-2.1293,0.0,-0.0,185.3251,1.2663,stand_1,335.7173,0.0,-0.0,0.0,-0.0,Sidewalk
177.5,112.6768,3.1635,-2.16421,0.0,-0.06981,185.3251,1.2663,stand_1,335.7382,0.0,-0.06981,0.0,-0.06981,Sidewalk
178.0,112.6768,3.1635,-2.16421,0.0,-0.0,185.3251,1.2663,stand_1,335.7173,0.0,-0.0,0.0,-0.0,Sidewalk
178.5,112.6768,3.1635,-2.19911,0.0,-0.06981,185.3251,1.2663,stand_1,335.7382,0.0,-0.06981,0.0,-0.06981,Sidewalk
179.0,112.6768,3.1635,-2.19911,0.0,-0.0,185.3251,1.2663,stand_1,335.7173,0.0,-0.0,0.0,-0.0,Sidewalk
179.5,112.6768,3.1635,-2.23402,0.0,-0.06981,185.3251,1.2663,stand_1,335.7382,0.0,-0.06981,0.0,-0.06981,Sidewalk
180.0,112.6768,3.1635,-2.23402,0.0,-0.0,185.3251,1.2663,stand_1,335.7173,0.0,-0.0,0.0,-0.0,Sidewalk
180.5,112.6768,3.1635,-2.26893,0.0,-0.06981,185.3251,1.2663,stand_1,335.7382,0.0,-0.06981,0.0,-0.06981,Sidewalk
181.0,112.6768,3.1635,-2.26893,0.0,-0.0,185.3251,1.2663,stand_1,335.7173,0.0,-0.0,0.0,-0.0,Sidewalk
181.5,112.6768,3.1635,-2.30383,0.0,-0.06981,185.3251,1.2663,stand_1,335.7382,0.0,-0.06981,0.0,-0.06981,Sidewalk
182.0,112.6768,3.1635,-2.30383,0.0,-0.0,185.3251,1.2663,stand_1,335.7173,0.0,-0.0,0.0,-0.0,Sidewalk
182.5,112.6768,3.1635,-2.33874,0.0,-0.06981,185.3251,1.2663,stand_1,335.7382,0.0,-0.06981,0.0,-0.06981,Sidewalk
183.0,112.6768,3.1635,-2.33874,0.0,-0.0,185.3251,1.2663,stand_1,335.7173,0.0,-0.0,0.0,-0.0,Sidewalk
183.5,112.6768,3.1635,-2.37365,0.0,-0.06981,185.3251,1.2663,stand_1,335.7382,0.0,-0.06981,0.0,-0.06981,Sidewalk
184.0,112.6768,3.1635,-2.37365,0.0,-0.0,185.3251,1.2663,stand_1,335.7173,0.0,-0.0,0.0,-0.0,Sidewalk
184.5,112.6768,3.1635,-2.40855,0.0,-0.06981,185.3251,1.2663,stand_1,335.7382,0.0,-0.06981,0.0,-0.06981,Sidewalk
185.0,112.6768,3.1635,-2.40855,0.0,-0.0,185.3251,1.2663,stand_1,335.7173,0.0,-0.0,0.0,-0.0,Sidewalk
185.5,112.6768,3.1635,-2.44346,0.0,-0.06981,185.3251,1.2663,stand_1,335.7382,0.0,-0.06981,0.0,-0.06981,Sidewalk
186.0,112.6768,3.1635,-2.44346,0.0,-0.0,185.3251,1.2663,stand_1,335.7173,0.0,-0.0,0.0,-0.0,Sidewalk
186.5,112.6768,3.1635,-2.47837,0.0,-0.06981,185.3251,1.2663,stand_1,335.7382,0.0,-0.06981,0.0,-0.06981,Sidewalk
187.0,112.6768,3.1635,-2.47837,0.0,-0.0,185.3251,1.2663,stand_1,335.7173,0.0,-0.0,0.0,-0.0,Sidewalk
187.5,112.6768,3.1635,-2.51327,0.0,-0.06981,185.3251,1.2663,stand_1,335.7382,0.0,-0.06981,0.0,-0.06981,Sidewalk
188.0,112.6768,3.1635,-2.51327,0.0,-0.0,185.3251,1.2663,stand_1,335.7173,0.0,-0.0,0.0,-0.0,Sidewalk
188.5,112.6768,3.1635,-2.54818,0.0,-0.06981,185.3251,1.2663,stand_1,335.7382,0.0,-0.06981,0.0,-0.06981,Sidewalk
189.0,112.6768,3.1635,-2.54818,0.0,-0.0,185.3251,1.2663,stand_1,335.7173,0.0,-0.0,0.0,-0.0,Sidewalk
189.5,112.6768,3.1635,-2.58309,0.0,-0.06981,185.3251,1.2663,stand_1,335.7382,0.0,-0.06981,0.0,-0.06981,Sidewalk
190.0,112.6768,3.1635,-2.58309,0.0,-0.0,185.3251,1.2663,stand_1,335.7173,0.0,-0.0,0.0,-0.0,Sidewalk
190.5,112.6768,3.1635,-2.61799,0.0,-0.06981,185.3251,1.2663,stand_1,335.7382,0.0,-0.06981,0.0,-0.06981,Sidewalk
191.0,112.6768,3.1635,-2.61799,0.0,-0.0,185.3251,1.2663,stand_1,335.7173,0.0,-0.0,0.0,-0.0,Sidewalk
191.5,112.6768,3.1635,-2.6529,0.0,-0.06981,185.3251,1.2663,stand_1,335.7382,0.0,-0.06981,0.0,-0.06981,Sidewalk
192.0,112.6768,3.1635,-2.6529,0.0,-0.0,185.3251,1.2663,stand_1,335.7173,0.0,-0.0,0.0,-0.0,Sidewalk
192.5,112.6768,3.1635,-2.68781,0.0,-0.06981,185.3251,1.2663,stand_1,335.7382,0.0,-0.06981,0.0,-0.06981,Sidewalk
193.0,112.6768,3.1635,-2.68781,0.0,-0.0,185.3251,1.2663,stand_1,335.7173,0.0,-0.0,0.0,-0.0,Sidewalk
193.5,112.6768,3.1635,-2.72271,0.0,-0.06981,185.3251,1.2663,stand_1,335.7382,0.0,-0.06981,0.0,-0.06981,Sidewalk
194.0,112.6768,3.1635,-2.72271,0.0,-0.0,185.3251,1.2663,stand_1,335.7173,0.0,-0.0,0.0,-0.0,Sidewalk
194.5,112.6768,3.1635,-2.75762,0.0,-0.06981,185.3251,1.2663,stand_1,335.7382,0.0,-0.06981,0.0,-0.06981,Sidewalk
195.0,112.6768,3.1635,-2.75762,0.0,-0.0,185.3251,1.2663,stand_1,335.7173,0.0,-0.0,0.0,-0.0,Sidewalk
195.5,112.6768,3.1635,-2.79253,0.0,-0.06981,185.3251,1.2663,stand_1,335.7382,0.0,-0.06981,0.0,-0.06981,Sidewalk
196.0,112.6768,3.1635,-2.79253,0.0,-0.0,185.3251,1.2663,stand_1,335.7173,0.0,-0.0,0.0,-0.0,Sidewalk
196.5,112.6768,3.1635,-2.82743,0.0,-0.06981,185.3251,1.2663,stand_1,335.7382,0.0,-0.06981,0.0,-0.06981,Sidewalk
197.0,112.6768,3.1635,-2.82743,0.0,-0.0,185.3251,1.2663,stand_1,335.7173,0.0,-0.0,0.0,-0.0,Sidewalk
197.5,112.6768,3.1635,-2.86234,0.0,-0.06981,185.3251,1.2663,stand_1,335.7382,0.0,-0.06981,0.0,-0.06981,Sidewalk
198.0,112.6768,3.1635,-2.86234,0.0,-0.0,185.3251,1.2663,stand_1,335.7173,0.0,-0.0,0.0,-0.0,Sidewalk
198.5,112.6768,3.1635,-2.89725,0.0,-0.06981,185.3251,1.2663,stand_1,335.7382,0.0,-0.06981,0.0,-0.06981,Sidewalk
199.0,112.6768,3.1635,-2.89725,0.0,-0.0,185.3251,1.2663,stand_1,335.7173,0.0,-0.0,0.0,-0.0,Sidewalk
199.5,112.6768,3.1635,-2.93215,0.0,-0.06981,185.3251,1.2663,stand_1,335.7382,0.0,-0.06981,0.0,-0.06981,Sidewalk
200.0,112.6768,3.1635,-2.93215,0.0,-0.0,185.3251,1.2663,stand_1,335.7173,0.0,-0.0,0.0,-0.0,Sidewalk
200.5,112.6768,3.1635,-2.96706,0.0,-0.06981,185.3251,1.2663,stand_1,335.7382,0.0,-0.06981,0.0,-0.06981,Sidewalk
201.0,112.6768,3.1635,-2.96706,0.0,-0.0,185.3251,1.2663,stand_1,335.7173,0.0,-0.0,0.0,-0.0,Sidewalk
201.5,112.6768,3.1635,-3.00197,0.0,-0.06981,185.3251,1.2663,stand_1,335.7382,0.0,-0.06981,0.0,-0.06981,Sidewalk
202.0,112.6768,3.1635,-3.00197,0.0,-0.0,185.3251,1.2663,stand_1,335.7173,0.0,-0.0,0.0,-0.0,Sidewalk
202.5,112.6768,3.1635,-3.03687,0.0,-0.06981,185.3251,1.2663,stand_1,335.7382,0.0,-0.06981,0.0,-0.06981,Sidewalk
203.0,112.6768,3.1635,-3.03687,0.0,-0.0,185.3251,1.2663,stand_1,335.7173,0.0,-0.0,0.0,-0.0,Sidewalk
203.5,112.6768,3.1635,-3.07178,0.0,-0.06981,185.3251,1.2663,stand_1,335.7382,0.0,-0.06981,0.0,-0.06981,Sidewalk
204.0,112.6768,3.1635,-3.07178,0.0,-0.0,185.3251,1.2663,stand_1,335.7173,0.0,-0.0,0.0,-0.0,Sidewalk
204.5,112.6768,3.1635,-3.10669,0.0,-0.06981,185.3251,1.2663,stand_1,335.7382,0.0,-0.06981,0.0,-0.06981,Sidewalk
205.0,112.6768,3.1635,-3.10669,0.0,-0.0,185.3251,1.2663,stand_1,335.7173,0.0,-0.0,0.0,-0.0,Sidewalk
205.5,112.6768,3.1635,3.14159,0.0,-0.06981,185.3251,1.2663,stand_1,335.7382,0.0,-0.06981,0.0,-0.06981,Sidewalk
206.0,112.6768,3.1635,3.14159,0.0,-0.0,185.3251,1.2663,stand_1,335.7173,0.0,-0.0,0.0,-0.0,Sidewalk
206.5,112.6768,3.1635,3.10669,0.0,-0.06981,185.3251,1.2663,stand_1,335.7382,0.0,-0.06981,0.0,-0.06981,Sidewalk
207.0,112.6768,3.1635,3.10669,0.0,-0.0,185.3251,1.2663,stand_1,335.7173,0.0,-0.0,0.0,-0.0,Sidewalk
207.5,112.6768,3.1635,3.07178,0.0,-0.06981,185.3251,1.2663,stand_1,335.7382,0.0,-0.06981,0.0,-0.06981,Sidewalk
208.0,112.6768,3.1635,3.07178,0.0,-0.0,185.3251,1.2663,stand_1,335.7173,0.0,-0.0,0.0,-0.0,Sidewalk
208.5,112.6768,3.1635,3.03687,0.0,-0.06981,185.3251,1.2663,stand_1,335.7382,0.0,-0.06981,0.0,-0.06981,Sidewalk
209.0,112.6768,3.1635,3.03687,0.0,-0.0,185.3251,1.2663,stand_1,335.7173,0.0,-0.0,0.0,-0.0,Sidewalk
209.5,112.6768,3.1635,3.00197,0.0,-0.06981,185.3251,1.2663,stand_1,335.7382,0.0,-0.06981,0.0,-0.06981,Sidewalk
210.0,112.6768,3.1635,3.00197,0.0,-0.0,185.3251,1.2663,stand_1,335.7173,0.0,-0.0,0.0,-0.0,Sidewalk
210.5,112.6768,3.1635,2.96706,0.0,-0.06981,185.3251,1.2663,stand_1,335.7382,0.0,-0.06981,0.0,-0.06981,Sidewalk
211.0,112.6768,3.1635,2.96706,0.0,-0.0,185.3251,1.2663,stand_1,335.7173,0.0,-0.0,0.0,-0.0,Sidewalk
211.5,112.6768,3.1635,2.93215,0.0,-0.06981,185.3251,1.2663,stand_1,335.7382,0.0,-0.06981,0.0,-0.06981,Sidewalk
212.0,112.6768,3.1635,2.93215,0.0,-0.0,185.3251,1.2663,stand_1,335.7173,0.0,-0.0,0.0,-0.0,Sidewalk
212.5,112.6768,3.1635,2.89725,0.0,-0.06981,185.3251,1.2663,stand_1,335.7382,0.0,-0.06981,0.0,-0.06981,Sidewalk
213.0,112.6768,3.1635,2.89725,0.0,-0.0,185.3251,1.2663,stand_1,335.7173,0.0,-0.0,0.0,-0.0,Sidewalk
213.5,112.6768,3.1635,2.86234,0.0,-0.06981,185.3251,1.2663,stand_1,335.7382,0.0,-0.06981,0.0,-0.06981,Sidewalk
214.0,112.6768,3.1635,2.86234,0.0,-0.0,185.3251,1.2663,stand_1,335.7173,0.0,-0.0,0.0,-0.0,Sidewalk
214.5,112.6768,3.1635,2.82743,0.0,-0.06981,185.3251,1.2663,stand_1,335.7382,0.0,-0.06981,0.0,-0.06981,Sidewalk
215.0,112.6768,3.1635,2.82743,0.0,-0.0,185.3251,1.2663,stand_1,335.7173,0.0,-0.0,0.0,-0.0,Sidewalk
215.5,112.6768,3.1635,2.79253,0.0,-0.06981,185.3251,1.2663,stand_1,335.7382,0.0,-0.06981,0.0,-0.06981,Sidewalk
216.0,112.6768,3.1635,2.79253,0.0,-0.0,185.3251,1.2663,stand_1,335.7173,0.0,-0.0,0.0,-0.0,Sidewalk
216.5,112.6768,3.1635,2.75762,0.0,-0.06981,185.3251,1.2663,stand_1,335.7382,0.0,-0.06981,0.0,-0.06981,Sidewalk
217.0,112.6768,3.1635,2.75762,0.0,-0.0,185.3251,1.2663,stand_1,335.7173,0.0,-0.0,0.0,-0.0,Sidewalk
217.5,112.6768,3.1635,2.72271,0.0,-0.06981,185.3251,1.2663,stand_1,335.7382,0.0,-0.06981,0.0,-0.06981,Sidewalk
218.0,112.6768,3.1635,2.72271,0.0,-0.0,185.3251,1.2663,stand_1,335.7173,0.0,-0.0,0.0,-0.0,Sidewalk
218.5,112.6768,3.1635,2.68781,0.0,-0.06981,185.3251,1.2663,stand_1,335.7382,0.0,-0.06981,0.0,-0.06981,Sidewalk
219.0,112.6768,3.1635,2.68781,0.0,-0.0,185.3251,1.2663,stand_1,335.7173,0.0,-0.0,0.0,-0.0,Sidewalk
219.5,112.6768,3.1635,2.6529,0.0,-0.06981,185.3251,1.2663,stand_1,335.7382,0.0,-0.06981,0.0,-0.06981,Sidewalk
220.0,112.6768,3.1635,2.6529,0.0,-0.0,185.3251,1.2663,stand_1,335.7173,0.0,-0.0,0.0,-0.0,Sidewalk
220.5,112.6768,3.1635,2.61799,0.0,-0.06981,185.3251,1.2663,stand_1,335.7382,0.0,-0.06981,0.0,-0.06981,Sidewalk
221.0,112.6768,3.1635,2.61799,0.0,-0.0,185.3251,1.2663,stand_1,335.7173,0.0,-0.0,0.0,-0.0,Sidewalk
221.5,112.6768,3.1635,2.58309,0.0,-0.06981,185.3251,1.2663,stand_1,335.7382,0.0,-0.06981,0.0,-0.06981,Sidewalk
222.0,112.6768,3.1635,2.58309,0.0,-0.0,185.3251,1.2663,stand_1,335.7173,0.0,-0.0,0.0,-0.0,Sidewalk
222.5,112.6768,3.1635,2.54818,0.0,-0.06981,185.3251,1.2663,stand_1,335.7382,0.0,-0.06981,0.0,-0.06981,Sidewalk
223.0,112.6768,3.1635,2.54818,0.0,-0.0,185.3251,1.2663,stand_1,335.7173,0.0,-0.0,0.0,-0.0,Sidewalk
223.5,112.6768,3.1635,2.51327,0.0,-0.06981,185.3251,1.2663,stand_1,335.7382,0.0,-0.06981,0.0,-0.06981,Sidewalk
224.0,112.6768,3.1635,2.51327,0.0,-0.0,185.3251,1.2663,stand_1,335.7173,0.0,-0.0,0.0,-0.0,Sidewalk
224.5,112.6768,3.1635,2.47837,0.0,-0.06981,185.3251,1.2663,stand_1,335.7382,0.0,-0.06981,0.0,-0.06981,Sidewalk
225.0,112.6768,3.1635,2.47837,0.0,-0.0,185.3251,1.2663,stand_1,335.7173,0.0,-0.0,0.0,-0.0,Sidewalk
225.5,112.6768,3.1635,2.44346,0.0,-0.06981,185.3251,1.2663,stand_1,335.7382,0.0,-0.06981,0.0,-0.06981,Sidewalk
226.0,112.6768,3.1635,2.44346,0.0,-0.0,185.3251,1.2663,stand_1,335.7173,0.0,-0.0,0.0,-0.0,Sidewalk
226.5,112.6768,3.1635,2.40855,0.0,-0.06981,185.3251,1.2663,stand_1,335.7382,0.0,-0.06981,0.0,-0.06981,Sidewalk
227.0,112.6768,3.1635,2.40855,0.0,-0.0,185.3251,1.2663,stand_1,335.7173,0.0,-0.0,0.0,-0.0,Sidewalk
227.5,112.6768,3.1635,2.37365,0.0,-0.06981,185.3251,1.2663,stand_1,335.7382,0.0,-0.06981,0.0,-0.06981,Sidewalk
228.0,112.6768,3.1635,2.37365,0.0,-0.0,185.3251,1.2663,stand_1,335.7173,0.0,-0.0,0.0,-0.0,Sidewalk
228.5,112.6344,3.2313,2.1293,0.16,-0.48869,185.3672,1.3006,stand_1,335.7322,0.16,-0.48869,0.16,-0.48869,Sidewalk
229.0,112.6344,3.2313,2.1293,0.0,-0.0,185.3672,1.3006,stand_1,335.7282,0.0,-0.0,0.0,-0.0,Sidewalk
229.5,112.6344,3.2313,2.0944,0.0,-0.06981,185.3672,1.3006,stand_1,335.7492,0.0,-0.06981,0.0,-0.06981,Sidewalk
230.0,112.6344,3.2313,2.0944,0.0,-0.0,185.3672,1.3006,stand_1,335.7282,0.0,-0.0,0.0,-0.0,Sidewalk
230.5,112.6344,3.2313,2.05949,0.0,-0.06981,185.3672,1.3006,stand_1,335.7492,0.0,-0.06981,0.0,-0.06981,Sidewalk
231.0,112.6344,3.2313,2.05949,0.0,-0.0,185.3672,1.3006,stand_1,335.7282,0.0,-0.0,0.0,-0.0,Sidewalk
231.5,112.6344,3.2313,2.02458,0.0,-0.06981,185.3672,1.3006,stand_1,335.7492,0.0,-0.06981,0.0,-0.06981,Sidewalk
232.0,112.6344,3.2313,2.02458,0.0,-0.0,185.3672,1.3006,stand_1,335.7282,0.0,-0.0,0.0,-0.0,Sidewalk
232.5,112.6207,3.2689,1.91986,0.08,-0.20944,185.3807,1.3115,stand_1,335.7377,0.08,-0.20944,0.08,-0.20944,Sidewalk
233.0,112.6207,3.2689,1.91986,0.0,-0.0,185.3807,1.3115,stand_1,335.7323,0.0,-0.0,0.0,-0.0,Sidewalk
233.5,112.611,3.3077,1.81514,0.08,-0.20944,185.3903,1.3195,stand_1,335.7199,0.08,-0.20944,0.08,-0.20944,Sidewalk
234.0,112.6041,3.3471,1.74533,0.08,-0.13963,185.3971,1.3259,stand_1,335.6972,0.08,-0.13963,0.08,-0.13963,Sidewalk
234.5,112.6013,3.387,1.64061,0.08,-0.20944,185.3997,1.3294,stand_1,335.6962,0.08,-0.20944,0.08,-0.20944,Sidewalk
235.0,112.6041,3.4269,1.50098,0.08,-0.27925,185.3968,1.3285,stand_1,335.7101,0.08,-0.27925,0.08,-0.27925,Sidewalk
235.5,112.611,3.4663,1.39626,0.08,-0.20944,185.3897,1.3245,stand_1,335.7405,0.08,-0.20944,0.08,-0.20944,Sidewalk
236.0,112.6234,3.5043,1.25664,0.08,-0.27925,185.3773,1.3163,stand_1,335.719,0.08,-0.27925,0.08,-0.27925,Sidewalk
236.5,112.6234,3.5043,1.22173,0.0,-0.06981,185.3773,1.3163,stand_1,335.7303,0.0,-0.06981,0.0,-0.06981,Sidewalk
237.0,112.6234,3.5043,1.22173,0.0,-0.0,185.3773,1.3163,stand_1,335.7094,0.0,-0.0,0.0,-0.0,Sidewalk
237.5,112.6234,3.5043,1.18682,0.0,-0.06981,185.3773,1.3163,stand_1,335.7303,0.0,-0.06981,0.0,-0.06981,Sidewalk
238.0,112.6234,3.5043,1.18682,0.0,-0.0,185.3773,1.3163,stand_1,335.7094,0.0,-0.0,0.0,-0.0,Sidewalk
238.5,112.6234,3.5043,1.15192,0.0,-0.06981,185.3773,1.3163,stand_1,335.7303,0.0,-0.06981,0.0,-0.06981,Sidewalk
239.0,112.6234,3.5043,1.15192,0.0,-0.0,185.3773,1.3163,stand_1,335.7094,0.0,-0.0,0.0,-0.0,Sidewalk
239.5,112.6434,3.539,1.0472,0.08,-0.20944,185.3572,1.3012,stand_1,335.7209,0.08,-0.20944,0.08,-0.20944,Sidewalk
240.0,112.6434,3.539,1.0472,0.0,-0.0,185.3572,1.3012,stand_1,335.6979,0.0,-0.0,0.0,-0.0,Sidewalk
240.5,112.6434,3.539,1.01229,0.0,-0.06981,185.3572,1.3012,stand_1,335.7188,0.0,-0.06981,0.0,-0.06981,Sidewalk
241.0,112.6434,3.539,1.01229,0.0,-0.0,185.3572,1.3012,stand_1,335.6979,0.0,-0.0,0.0,-0.0,Sidewalk
241.5,112.668,3.5705,0.90757,0.08,-0.20944,185.3325,1.282,stand_1,335.7095,0.08,-0.20944,0.08,-0.20944,Sidewalk
242.0,112.668,3.5705,0.90757,0.0,-0.0,185.3325,1.282,stand_1,335.6864,0.0,-0.0,0.0,-0.0,Sidewalk
242.5,112.668,3.5705,0.87266,0.0,-0.06981,185.3325,1.282,stand_1,335.7073,0.0,-0.06981,0.0,-0.06981,Sidewalk
243.0,112.668,3.5705,0.87266,0.0,-0.0,185.3325,1.282,stand_1,335.6864,0.0,-0.0,0.0,-0.0,Sidewalk
243.5,112.668,3.5705,0.83776,0.0,-0.06981,185.3325,1.282,stand_1,335.7073,0.0,-0.06981,0.0,-0.06981,Sidewalk
244.0,112.668,3.5705,0.83776,0.0,-0.0,185.3325,1.282,stand_1,335.6864,0.0,-0.0,0.0,-0.0,Sidewalk
244.5,112.668,3.5705,0.80285,0.0,-0.06981,185.3325,1.282,stand_1,335.7073,0.0,-0.06981,0.0,-0.06981,Sidewalk
245.0,112.668,3.5705,0.80285,0.0,-0.0,185.3325,1.282,stand_1,335.6864,0.0,-0.0,0.0,-0.0,Sidewalk
245.5,112.668,3.5705,0.76794,0.0,-0.06981,185.3325,1.282,stand_1,335.7073,0.0,-0.06981,0.0,-0.06981,Sidewalk
246.0,112.668,3.5705,0.76794,0.0,-0.0,185.3325,1.282,stand_1,335.6864,0.0,-0.0,0.0,-0.0,Sidewalk
246.5,112.668,3.5705,0.73304,0.0,-0.06981,185.3325,1.282,stand_1,335.7073,0.0,-0.06981,0.0,-0.06981,Sidewalk
247.0,112.668,3.5705,0.73304,0.0,-0.0,185.3325,1.282,stand_1,335.6864,0.0,-0.0,0.0,-0.0,Sidewalk
247.5,112.668,3.5705,0.69813,0.0,-0.06981,185.3325,1.282,stand_1,335.7073,0.0,-0.06981,0.0,-0.06981,Sidewalk
248.0,112.668,3.5705,0.69813,0.0,-0.0,185.3325,1.282,stand_1,335.6864,0.0,-0.0,0.0,-0.0,Sidewalk
248.5,112.668,3.5705,0.66323,0.0,-0.06981,185.3325,1.282,stand_1,335.7073,0.0,-0.06981,0.0,-0.06981,Sidewalk
249.0,112.668,3.5705,0.66323,0.0,-0.0,185.3325,1.282,stand_1,335.6864,0.0,-0.0,0.0,-0.0,Sidewalk
249.5,112.7004,3.594,0.62832,0.08,-0.06981,185.3001,1.2546,stand_1,335.6901,0.08,-0.06981,0.08,-0.06981,Sidewalk
250.0,112.7004,3.594,0.62832,0.0,-0.0,185.3001,1.2546,stand_1,335.6783,0.0,-0.0,0.0,-0.0,Sidewalk
250.5,112.7004,3.594,0.59341,0.0,-0.06981,185.3001,1.2546,stand_1,335.6992,0.0,-0.06981,0.0,-0.06981,Sidewalk
251.0,112.7004,3.594,0.59341,0.0,-0.0,185.3001,1.2546,stand_1,335.6783,0.0,-0.0,0.0,-0.0,Sidewalk
251.5,112.7004,3.594,0.55851,0.0,-0.06981,185.3001,1.2546,stand_1,335.6992,0.0,-0.06981,0.0,-0.06981,Sidewalk
252.0,112.7004,3.594,0.55851,0.0,-0.0,185.3001,1.2546,stand_1,335.6783,0.0,-0.0,0.0,-0.0,Sidewalk
252.5,112.7004,3.594,0.5236,0.0,-0.06981,185.3001,1.2546,stand_1,335.6992,0.0,-0.06981,0.0,-0.06981,Sidewalk
253.0,112.7004,3.594,0.5236,0.0,-0.0,185.3001,1.2546,stand_1,335.6783,0.0,-0.0,0.0,-0.0,Sidewalk
253.5,112.7004,3.594,0.48869,0.0,-0.06981,185.3001,1.2546,stand_1,335.6992,0.0,-0.06981,0.0,-0.06981,Sidewalk
254.0,112.7004,3.594,0.48869,0.0,-0.0,185.3001,1.2546,stand_1,335.6783,0.0,-0.0,0.0,-0.0,Sidewalk
254.5,112.7004,3.594,0.45379,0.0,-0.06981,185.3001,1.2546,stand_1,335.6992,0.0,-0.06981,0.0,-0.06981,Sidewalk
255.0,112.7004,3.594,0.45379,0.0,-0.0,185.3001,1.2546,stand_1,335.6783,0.0,-0.0,0.0,-0.0,Sidewalk
255.5,112.7004,3.594,0.41888,0.0,-0.06981,185.3001,1.2546,stand_1,335.6992,0.0,-0.06981,0.0,-0.06981,Sidewalk
256.0,112.7004,3.594,0.41888,0.0,-0.0,185.3001,1.2546,stand_1,335.6783,0.0,-0.0,0.0,-0.0,Sidewalk
256.5,112.7004,3.594,0.38397,0.0,-0.06981,185.3001,1.2546,stand_1,335.6992,0.0,-0.06981,0.0,-0.06981,Sidewalk
257.0,112.7004,3.594,0.38397,0.0,-0.0,185.3001,1.2546,stand_1,335.6783,0.0,-0.0,0.0,-0.0,Sidewalk
257.5,112.7004,3.594,0.34907,0.0,-0.06981,185.3001,1.2546,stand_1,335.6992,0.0,-0.06981,0.0,-0.06981,Sidewalk
258.0,112.7004,3.594,0.34907,0.0,-0.0,185.3001,1.2546,stand_1,335.6783,0.0,-0.0,0.0,-0.0,Sidewalk
258.5,112.7004,3.594,0.31416,0.0,-0.06981,185.3001,1.2546,stand_1,335.6992,0.0,-0.06981,0.0,-0.06981,Sidewalk
259.0,112.7004,3.594,0.31416,0.0,-0.0,185.3001,1.2546,stand_1,335.6783,0.0,-0.0,0.0,-0.0,Sidewalk
259.5,112.7004,3.594,0.27925,0.0,-0.06981,185.3001,1.2546,stand_1,335.6992,0.0,-0.06981,0.0,-0.06981,Sidewalk
260.0,112.7004,3.594,0.27925,0.0,-0.0,185.3001,1.2546,stand_1,335.6783,0.0,-0.0,0.0,-0.0,Sidewalk
260.5,112.7004,3.594,0.24435,0.0,-0.06981,185.3001,1.2546,stand_1,335.6992,0.0,-0.06981,0.0,-0.06981,Sidewalk
261.0,112.7004,3.594,0.24435,0.0,-0.0,185.3001,1.2546,stand_1,335.6783,0.0,-0.0,0.0,-0.0,Sidewalk
261.5,112.7004,3.594,0.20944,0.0,-0.06981,185.3001,1.2546,stand_1,335.6992,0.0,-0.06981,0.0,-0.06981,Sidewalk
262.0,112.7004,3.594,0.20944,0.0,-0.0,185.3001,1.2546,stand_1,335.6783,0.0,-0.0,0.0,-0.0,Sidewalk
262.5,112.7004,3.594,0.17453,0.0,-0.06981,185.3001,1.2546,stand_1,335.6992,0.0,-0.06981,0.0,-0.06981,Sidewalk
263.0,112.7004,3.594,0.17453,0.0,-0.0,185.3001,1.2546,stand_1,335.6783,0.0,-0.0,0.0,-0.0,Sidewalk
263.5,112.7004,3.594,0.13963,0.0,-0.06981,185.3001,1.2546,stand_1,335.6992,0.0,-0.06981,0.0,-0.06981,Sidewalk
264.0,112.7004,3.594,0.13963,0.0,-0.0,185.3001,1.2546,stand_1,335.6783,0.0,-0.0,0.0,-0.0,Sidewalk
264.5,112.7004,3.594,0.10472,0.0,-0.06981,185.3001,1.2546,stand_1,335.6992,0.0,-0.06981,0.0,-0.06981,Sidewalk
265.0,112.7004,3.594,0.10472,0.0,-0.0,185.3001,1.2546,stand_1,335.6783,0.0,-0.0,0.0,-0.0,Sidewalk
265.5,112.7004,3.594,0.06981,0.0,-0.06981,185.3001,1.2546,stand_1,335.6992,0.0,-0.06981,0.0,-0.06981,Sidewalk
266.0,112.7004,3.594,0.06981,0.0,-0.0,185.3001,1.2546,stand_1,335.6783,0.0,-0.0,0.0,-0.0,Sidewalk
266.5,112.7004,3.594,0.03491,0.0,-0.06981,185.3001,1.2546,stand_1,335.6992,0.0,-0.06981,0.0,-0.06981,Sidewalk
267.0,112.7004,3.594,0.03491,0.0,-0.0,185.3001,1.2546,stand_1,335.6783,0.0,-0.0,0.0,-0.0,Sidewalk
267.5,112.7004,3.594,-0.0,0.0,-0.06981,185.3001,1.2546,stand_1,335.6992,0.0,-0.06981,0.0,-0.06981,Sidewalk
268.0,112.7004,3.594,-0.0,0.0,-0.0,185.3001,1.2546,stand_1,335.6783,0.0,-0.0,0.0,-0.0,Sidewalk
268.5,112.7004,3.594,-0.03491,0.0,-0.06981,185.3001,1.2546,stand_1,335.6992,0.0,-0.06981,0.0,-0.06981,Sidewalk
269.0,112.7004,3.594,-0.03491,0.0,-0.0,185.3001,1.2546,stand_1,335.6783,0.0,-0.0,0.0,-0.0,Sidewalk
269.5,112.7004,3.594,-0.06981,0.0,-0.06981,185.3001,1.2546,stand_1,335.6992,0.0,-0.06981,0.0,-0.06981,Sidewalk
270.0,112.7004,3.594,-0.06981,0.0,-0.0,185.3001,1.2546,stand_1,335.6783,0.0,-0.0,0.0,-0.0,Sidewalk
270.5,112.7004,3.594,-0.10472,0.0,-0.06981,185.3001,1.2546,stand_1,335.6992,0.0,-0.06981,0.0,-0.06981,Sidewalk
271.0,112.7004,3.594,-0.10472,0.0,-0.0,185.3001,1.2546,stand_1,335.6783,0.0,-0.0,0.0,-0.0,Sidewalk
271.5,112.7004,3.594,-0.13963,0.0,-0.06981,185.3001,1.2546,stand_1,335.6992,0.0,-0.06981,0.0,-0.06981,Sidewalk
272.0,112.7004,3.594,-0.13963,0.0,-0.0,185.3001,1.2546,stand_1,335.6783,0.0,-0.0,0.0,-0.0,Sidewalk
272.5,112.7004,3.594,-0.17453,0.0,-0.06981,185.3001,1.2546,stand_1,335.6992,0.0,-0.06981,0.0,-0.06981,Sidewalk
273.0,112.7004,3.594,-0.17453,0.0,-0.0,185.3001,1.2546,stand_1,335.6783,0.0,-0.0,0.0,-0.0,Sidewalk
273.5,112.7004,3.594,-0.20944,0.0,-0.06981,185.3001,1.2546,stand_1,335.6992,0.0,-0.06981,0.0,-0.06981,Sidewalk
274.0,112.7004,3.594,-0.20944,0.0,-0.0,185.3001,1.2546,stand_1,335.6783,0.0,-0.0,0.0,-0.0,Sidewalk
274.5,112.7004,3.594,-0.24435,0.0,-0.06981,185.3001,1.2546,stand_1,335.6992,0.0,-0.06981,0.0,-0.06981,Sidewalk
275.0,112.7004,3.594,-0.24435,0.0,-0.0,185.3001,1.2546,stand_1,335.6783,0.0,-0.0,0.0,-0.0,Sidewalk
275.5,112.7004,3.594,-0.27925,0.0,-0.06981,185.3001,1.2546,stand_1,335.6992,0.0,-0.06981,0.0,-0.06981,Sidewalk
276.0,112.7004,3.594,-0.27925,0.0,-0.0,185.3001,1.2546,stand_1,335.6783,0.0,-0.0,0.0,-0.0,Sidewalk
276.5,112.7004,3.594,-0.31416,0.0,-0.06981,185.3001,1.2546,stand_1,335.6992,0.0,-0.06981,0.0,-0.06981,Sidewalk
277.0,112.7004,3.594,-0.31416,0.0,-0.0,185.3001,1.2546,stand_1,335.6783,0.0,-0.0,0.0,-0.0,Sidewalk
277.5,112.7004,3.594,-0.34907,0.0,-0.06981,185.3001,1.2546,stand_1,335.6992,0.0,-0.06981,0.0,-0.06981,Sidewalk
278.0,112.7004,3.594,-0.34907,0.0,-0.0,185.3001,1.2546,stand_1,335.6783,0.0,-0.0,0.0,-0.0,Sidewalk
278.5,112.7004,3.594,-0.38397,0.0,-0.06981,185.3001,1.2546,stand_1,335.6992,0.0,-0.06981,0.0,-0.06981,Sidewalk
279.0,112.7004,3.594,-0.38397,0.0,-0.0,185.3001,1.2546,stand_1,335.6783,0.0,-0.0,0.0,-0.0,Sidewalk
279.5,112.7004,3.594,-0.41888,0.0,-0.06981,185.3001,1.2546,stand_1,335.6992,0.0,-0.06981,0.0,-0.06981,Sidewalk
280.0,112.7004,3.594,-0.41888,0.0,-0.0,185.3001,1.2546,stand_1,335.6783,0.0,-0.0,0.0,-0.0,Sidewalk
280.5,112.7004,3.594,-0.45379,0.0,-0.06981,185.3001,1.2546,stand_1,335.6992,0.0,-0.06981,0.0,-0.06981,Sidewalk
281.0,112.7004,3.594,-0.45379,0.0,-0.0,185.3001,1.2546,stand_1,335.6783,0.0,-0.0,0.0,-0.0,Sidewalk
281.5,112.7004,3.594,-0.48869,0.0,-0.06981,185.3001,1.2546,stand_1,335.6992,0.0,-0.06981,0.0,-0.06981,Sidewalk
282.0,112.7004,3.594,-0.48869,0.0,-0.0,185.3001,1.2546,stand_1,335.6783,0.0,-0.0,0.0,-0.0,Sidewalk
282.5,112.7004,3.594,-0.5236,0.0,-0.06981,185.3001,1.2546,stand_1,335.6992,0.0,-0.06981,0.0,-0.06981,Sidewalk
283.0,112.7004,3.594,-0.5236,0.0,-0.0,185.3001,1.2546,stand_1,335.6783,0.0,-0.0,0.0,-0.0,Sidewalk
283.5,112.7004,3.594,-0.55851,0.0,-0.06981,185.3001,1.2546,stand_1,335.6992,0.0,-0.06981,0.0,-0.06981,Sidewalk
284.0,112.7004,3.594,-0.55851,0.0,-0.0,185.3001,1.2546,stand_1,335.6783,0.0,-0.0,0.0,-0.0,Sidewalk
284.5,112.7004,3.594,-0.59341,0.0,-0.06981,185.3001,1.2546,stand_1,335.6992,0.0,-0.06981,0.0,-0.06981,Sidewalk
285.0,112.7004,3.594,-0.59341,0.0,-0.0,185.3001,1.2546,stand_1,335.6783,0.0,-0.0,0.0,-0.0,Sidewalk
285.5,112.7004,3.594,-0.62832,0.0,-0.06981,185.3001,1.2546,stand_1,335.6992,0.0,-0.06981,0.0,-0.06981,Sidewalk
286.0,112.7004,3.594,-0.62832,0.0,-0.0,185.3001,1.2546,stand_1,335.6783,0.0,-0.0,0.0,-0.0,Sidewalk
286.5,112.7004,3.594,-0.66323,0.0,-0.06981,185.3001,1.2546,stand_1,335.6992,0.0,-0.06981,0.0,-0.06981,Sidewalk
287.0,112.7004,3.594,-0.66323,0.0,-0.0,185.3001,1.2546,stand_1,335.6783,0.0,-0.0,0.0,-0.0,Sidewalk
287.5,112.7004,3.594,-0.69813,0.0,-0.06981,185.3001,1.2546,stand_1,335.6992,0.0,-0.06981,0.0,-0.06981,Sidewalk
288.0,112.7004,3.594,-0.69813,0.0,-0.0,185.3001,1.2546,stand_1,335.6783,0.0,-0.0,0.0,-0.0,Sidewalk
288.5,112.7004,3.594,-0.73304,0.0,-0.06981,185.3001,1.2546,stand_1,335.6992,0.0,-0.06981,0.0,-0.06981,Sidewalk
289.0,112.7004,3.594,-0.73304,0.0,-0.0,185.3001,1.2546,stand_1,335.6783,0.0,-0.0,0.0,-0.0,Sidewalk
289.5,112.7004,3.594,-0.76794,0.0,-0.06981,185.3001,1.2546,stand_1,335.6992,0.0,-0.06981,0.0,-0.06981,Sidewalk
290.0,112.7004,3.594,-0.76794,0.0,-0.0,185.3001,1.2546,stand_1,335.6783,0.0,-0.0,0.0,-0.0,Sidewalk
290.5,112.7004,3.594,-0.80285,0.0,-0.06981,185.3001,1.2546,stand_1,335.6992,0.0,-0.06981,0.0,-0.06981,Sidewalk
291.0,112.7004,3.594,-0.80285,0.0,-0.0,185.3001,1.2546,stand_1,335.6783,0.0,-0.0,0.0,-0.0,Sidewalk
291.5,112.7004,3.594,-0.83776,0.0,-0.06981,185.3001,1.2546,stand_1,335.6992,0.0,-0.06981,0.0,-0.06981,Sidewalk
292.0,112.7004,3.594,-0.83776,0.0,-0.0,185.3001,1.2546,stand_1,335.6783,0.0,-0.0,0.0,-0.0,Sidewalk
292.5,112.7004,3.594,-0.87266,0.0,-0.06981,185.3001,1.2546,stand_1,335.6992,0.0,-0.06981,0.0,-0.06981,Sidewalk
293.0,112.7004,3.594,-0.87266,0.0,-0.0,185.3001,1.2546,stand_1,335.6783,0.0,-0.0,0.0,-0.0,Sidewalk
293.5,112.7004,3.594,-0.90757,0.0,-0.06981,185.3001,1.2546,stand_1,335.6992,0.0,-0.06981,0.0,-0.06981,Sidewalk
294.0,112.7004,3.594,-0.90757,0.0,-0.0,185.3001,1.2546,stand_1,335.6783,0.0,-0.0,0.0,-0.0,Sidewalk
294.5,112.7004,3.594,-0.94248,0.0,-0.06981,185.3001,1.2546,stand_1,335.6992,0.0,-0.06981,0.0,-0.06981,Sidewalk
295.0,112.7004,3.594,-0.94248,0.0,-0.0,185.3001,1.2546,stand_1,335.6783,0.0,-0.0,0.0,-0.0,Sidewalk
295.5,112.7004,3.594,-0.97738,0.0,-0.06981,185.3001,1.2546,stand_1,335.6992,0.0,-0.06981,0.0,-0.06981,Sidewalk
296.0,112.7004,3.594,-0.97738,0.0,-0.0,185.3001,1.2546,stand_1,335.6783,0.0,-0.0,0.0,-0.0,Sidewalk
296.5,112.7004,3.594,-1.01229,0.0,-0.06981,185.3001,1.2546,stand_1,335.6992,0.0,-0.06981,0.0,-0.06981,Sidewalk
297.0,112.7004,3.594,-1.01229,0.0,-0.0,185.3001,1.2546,stand_1,335.6783,0.0,-0.0,0.0,-0.0,Sidewalk
297.5,112.7004,3.594,-1.0472,0.0,-0.06981,185.3001,1.2546,stand_1,335.6992,0.0,-0.06981,0.0,-0.06981,Sidewalk
298.0,112.7004,3.594,-1.0472,0.0,-0.0,185.3001,1.2546,stand_1,335.6783,0.0,-0.0,0.0,-0.0,Sidewalk
298.5,112.7004,3.594,-1.0821,0.0,-0.06981,185.3001,1.2546,stand_1,335.6992,0.0,-0.06981,0.0,-0.06981,Sidewalk
299.0,112.7004,3.594,-1.0821,0.0,-0.0,185.3001,1.2546,stand_1,335.6783,0.0,-0.0,0.0,-0.0,Sidewalk
299.5,112.7004,3.594,-1.11701,0.0,-0.06981,185.3001,1.2546,stand_1,335.6992,0.0,-0.06981,0.0,-0.06981,Sidewalk
300.0,112.7004,3.594,-1.11701,0.0,-0.0,185.3001,1.2546,stand_1,335.6783,0.0,-0.0,0.0,-0.0,Sidewalk
300.5,112.7329,3.5209,-1.15192,0.16,-0.06981,185.2677,1.21,stand_1,335.6971,0.16,-0.06981,0.16,-0.06981,Sidewalk
301.0,112.7329,3.5209,-1.15192,0.0,-0.0,185.2677,1.21,stand_1,335.7123,0.0,-0.0,0.0,-0.0,Sidewalk
301.5,112.7329,3.5209,-1.18682,0.0,-0.06981,185.2677,1.21,stand_1,335.7332,0.0,-0.06981,0.0,-0.06981,Sidewalk
302.0,112.7329,3.5209,-1.18682,0.0,-0.0,185.2677,1.21,stand_1,335.7123,0.0,-0.0,0.0,-0.0,Sidewalk
302.5,112.7329,3.5209,-1.22173,0.0,-0.06981,185.2677,1.2099,stand_1,335.7332,0.0,-0.06981,0.0,-0.06981,Sidewalk
303.0,112.7329,3.5209,-1.22173,0.0,-0.0,185.2677,1.2099,stand_1,335.7123,0.0,-0.0,0.0,-0.0,Sidewalk
303.5,112.7329,3.5209,-1.25664,0.0,-0.06981,185.2677,1.2099,stand_1,335.7332,0.0,-0.06981,0.0,-0.06981,Sidewalk
304.0,112.7329,3.5209,-1.25664,0.0,-0.0,185.2677,1.2099,stand_1,335.7123,0.0,-0.0,0.0,-0.0,Sidewalk
304.5,112.7329,3.5209,-1.29154,0.0,-0.06981,185.2677,1.2099,stand_1,335.7332,0.0,-0.06981,0.0,-0.06981,Sidewalk
305.0,112.7329,3.5209,-1.29154,0.0,-0.0,185.2677,1.2099,stand_1,335.7123,0.0,-0.0,0.0,-0.0,Sidewalk
305.5,112.7329,3.5209,-1.32645,0.0,-0.06981,185.2677,1.2099,stand_1,335.7332,0.0,-0.06981,0.0,-0.06981,Sidewalk
306.0,112.7329,3.5209,-1.32645,0.0,-0.0,185.2677,1.2099,stand_1,335.7123,0.0,-0.0,0.0,-0.0,Sidewalk
306.5,112.7329,3.5209,-1.36136,0.0,-0.06981,185.2677,1.2099,stand_1,335.7332,0.0,-0.06981,0.0,-0.06981,Sidewalk
307.0,112.7329,3.5209,-1.36136,0.0,-0.0,185.2677,1.2099,stand_1,335.7123,0.0,-0.0,0.0,-0.0,Sidewalk
307.5,112.7329,3.5209,-1.39626,0.0,-0.06981,185.2677,1.2099,stand_1,335.7332,0.0,-0.06981,0.0,-0.06981,Sidewalk
308.0,112.7329,3.5209,-1.39626,0.0,-0.0,185.2677,1.2099,stand_1,335.7123,0.0,-0.0,0.0,-0.0,Sidewalk
308.5,112.7329,3.5209,-1.43117,0.0,-0.06981,185.2677,1.2099,stand_1,335.7333,0.0,-0.06981,0.0,-0.06981,Sidewalk
309.0,112.7329,3.5209,-1.43117,0.0,-0.0,185.2677,1.2099,stand_1,335.7123,0.0,-0.0,0.0,-0.0,Sidewalk
309.5,112.7329,3.5209,-1.46608,0.0,-0.06981,185.2677,1.2099,stand_1,335.7333,0.0,-0.06981,0.0,-0.06981,Sidewalk
310.0,112.7371,3.4811,-1.46608,0.08,-0.0,185.2636,1.2006,stand_1,335.7071,0.08,-0.0,0.08,-0.0,Sidewalk
310.5,112.7371,3.4811,-1.50098,0.0,-0.06981,185.2636,1.2006,stand_1,335.7472,0.0,-0.06981,0.0,-0.06981,Sidewalk
311.0,112.7399,3.4412,-1.50098,0.08,-0.0,185.261,1.194,stand_1,335.6996,0.08,-0.0,0.08,-0.0,Sidewalk
311.5,112.7441,3.4015,-1.46608,0.08,0.06981,185.2569,1.1873,stand_1,335.7318,0.08,0.06981,0.08,0.06981,Sidewalk
312.0,112.7482,3.3617,-1.46608,0.08,-0.0,185.2529,1.1818,stand_1,335.6897,0.08,-0.0,0.08,-0.0,Sidewalk
312.5,112.7538,3.3221,-1.43117,0.08,0.06981,185.2474,1.1764,stand_1,335.7113,0.08,0.06981,0.08,0.06981,Sidewalk
313.0,112.7594,3.2825,-1.43117,0.08,-0.0,185.242,1.1723,stand_1,335.6724,0.08,-0.0,0.08,-0.0,Sidewalk
313.5,112.7594,3.2825,-1.46608,0.0,-0.06981,185.242,1.1723,stand_1,335.7799,0.0,-0.06981,0.0,-0.06981,Sidewalk
314.0,112.7663,3.2431,-1.39626,0.08,0.13963,185.2352,1.1681,stand_1,335.7284,0.08,0.13963,0.08,0.13963,Sidewalk
314.5,112.7663,3.2431,-1.43117,0.0,-0.06981,185.2352,1.1681,stand_1,335.7792,0.0,-0.06981,0.0,-0.06981,Sidewalk
315.0,112.7663,3.2431,-1.43117,0.0,-0.0,185.2352,1.1681,stand_1,335.7583,0.0,-0.0,0.0,-0.0,Sidewalk
315.5,112.7663,3.2431,-1.46608,0.0,-0.06981,185.2352,1.1681,stand_1,335.7792,0.0,-0.06981,0.0,-0.06981,Sidewalk
316.0,112.7663,3.2431,-1.46608,0.0,-0.0,185.2352,1.1681,stand_1,335.7583,0.0,-0.0,0.0,-0.0,Sidewalk
316.5,112.7663,3.2431,-1.50098,0.0,-0.06981,185.2352,1.1681,stand_1,335.7792,0.0,-0.06981,0.0,-0.06981,Sidewalk
317.0,112.7663,3.2431,-1.50098,0.0,-0.0,185.2352,1.1681,stand_1,335.7583,0.0,-0.0,0.0,-0.0,Sidewalk
317.5,112.7663,3.2431,-1.53589,0.0,-0.06981,185.2352,1.1681,stand_1,335.7792,0.0,-0.06981,0.0,-0.06981,Sidewalk
318.0,112.7663,3.2431,-1.53589,0.0,-0.0,185.2352,1.1681,stand_1,335.7583,0.0,-0.0,0.0,-0.0,Sidewalk
318.5,112.7663,3.2431,-1.5708,0.0,-0.06981,185.2352,1.1681,stand_1,335.7793,0.0,-0.06981,0.0,-0.06981,Sidewalk
319.0,112.7663,3.2431,-1.5708,0.0,-0.0,185.2352,1.1681,stand_1,335.7583,0.0,-0.0,0.0,-0.0,Sidewalk
319.5,112.7663,3.2431,-1.6057,0.0,-0.06981,185.2352,1.1681,stand_1,335.7793,0.0,-0.06981,0.0,-0.06981,Sidewalk
320.0,112.7663,3.2431,-1.6057,0.0,-0.0,185.2352,1.1681,stand_1,335.7583,0.0,-0.0,0.0,-0.0,Sidewalk
320.5,112.7663,3.2431,-1.64061,0.0,-0.06981,185.2352,1.1681,stand_1,335.7793,0.0,-0.06981,0.0,-0.06981,Sidewalk
321.0,112.7663,3.2431,-1.64061,0.0,-0.0,185.2352,1.1681,stand_1,335.7583,0.0,-0.0,0.0,-0.0,Sidewalk
321.5,112.7663,3.2431,-1.67552,0.0,-0.06981,185.2352,1.1681,stand_1,335.7793,0.0,-0.06981,0.0,-0.06981,Sidewalk
322.0,112.7663,3.2431,-1.67552,0.0,-0.0,185.2352,1.1681,stand_1,335.7583,0.0,-0.0,0.0,-0.0,Sidewalk
322.5,112.7663,3.2431,-1.71042,0.0,-0.06981,185.2352,1.1681,stand_1,335.7793,0.0,-0.06981,0.0,-0.06981,Sidewalk
323.0,112.7663,3.2431,-1.71042,0.0,-0.0,185.2352,1.1681,stand_1,335.7583,0.0,-0.0,0.0,-0.0,Sidewalk
323.5,112.7663,3.2431,-1.74533,0.0,-0.06981,185.2352,1.1681,stand_1,335.7793,0.0,-0.06981,0.0,-0.06981,Sidewalk
324.0,112.7663,3.2431,-1.74533,0.0,-0.0,185.2352,1.1681,stand_1,335.7583,0.0,-0.0,0.0,-0.0,Sidewalk
324.5,112.7663,3.2431,-1.78024,0.0,-0.06981,185.2352,1.1681,stand_1,335.7793,0.0,-0.06981,0.0,-0.06981,Sidewalk
325.0,112.7663,3.2431,-1.78024,0.0,-0.0,185.2352,1.1681,stand_1,335.7584,0.0,-0.0,0.0,-0.0,Sidewalk
325.5,112.7663,3.2431,-1.81514,0.0,-0.06981,185.2352,1.1681,stand_1,335.7793,0.0,-0.06981,0.0,-0.06981,Sidewalk
326.0,112.7663,3.2431,-1.81514,0.0,-0.0,185.2352,1.1681,stand_1,335.7584,0.0,-0.0,0.0,-0.0,Sidewalk
326.5,112.7663,3.2431,-1.85005,0.0,-0.06981,185.2352,1.1681,stand_1,335.7793,0.0,-0.06981,0.0,-0.06981,Sidewalk
327.0,112.7663,3.2431,-1.85005,0.0,-0.0,185.2352,1.1681,stand_1,335.7584,0.0,-0.0,0.0,-0.0,Sidewalk
327.5,112.7663,3.2431,-1.88496,0.0,-0.06981,185.2352,1.1681,stand_1,335.7793,0.0,-0.06981,0.0,-0.06981,Sidewalk
328.0,112.7663,3.2431,-1.88496,0.0,-0.0,185.2352,1.1681,stand_1,335.7584,0.0,-0.0,0.0,-0.0,Sidewalk
328.5,112.7663,3.2431,-1.91986,0.0,-0.06981,185.2352,1.1681,stand_1,335.7793,0.0,-0.06981,0.0,-0.06981,Sidewalk
329.0,112.7663,3.2431,-1.91986,0.0,-0.0,185.2352,1.1681,stand_1,335.7584,0.0,-0.0,0.0,-0.0,Sidewalk
329.5,112.7663,3.2431,-1.95477,0.0,-0.06981,185.2352,1.1681,stand_1,335.7793,0.0,-0.06981,0.0,-0.06981,Sidewalk
330.0,112.7663,3.2431,-1.95477,0.0,-0.0,185.2352,1.1681,stand_1,335.7584,0.0,-0.0,0.0,-0.0,Sidewalk
330.5,112.7663,3.2431,-1.98968,0.0,-0.06981,185.2352,1.1681,stand_1,335.7793,0.0,-0.06981,0.0,-0.06981,Sidewalk
331.0,112.7663,3.2431,-1.98968,0.0,-0.0,185.2352,1.1681,stand_1,335.7584,0.0,-0.0,0.0,-0.0,Sidewalk
331.5,112.7663,3.2431,-2.02458,0.0,-0.06981,185.2352,1.1681,stand_1,335.7793,0.0,-0.06981,0.0,-0.06981,Sidewalk
332.0,112.7663,3.2431,-2.02458,0.0,-0.0,185.2352,1.168,stand_1,335.7584,0.0,-0.0,0.0,-0.0,Sidewalk
332.5,112.7663,3.2431,-2.05949,0.0,-0.06981,185.2352,1.168,stand_1,335.7793,0.0,-0.06981,0.0,-0.06981,Sidewalk
333.0,112.7663,3.2431,-2.05949,0.0,-0.0,185.2352,1.168,stand_1,335.7584,0.0,-0.0,0.0,-0.0,Sidewalk
333.5,112.7663,3.2431,-2.0944,0.0,-0.06981,185.2352,1.168,stand_1,335.7794,0.0,-0.06981,0.0,-0.06981,Sidewalk
334.0,112.7663,3.2431,-2.0944,0.0,-0.0,185.2352,1.168,stand_1,335.7584,0.0,-0.0,0.0,-0.0,Sidewalk
334.5,112.7663,3.2431,-2.1293,0.0,-0.06981,185.2352,1.168,stand_1,335.7794,0.0,-0.06981,0.0,-0.06981,Sidewalk
335.0,112.7663,3.2431,-2.1293,0.0,-0.0,185.2352,1.168,stand_1,335.7584,0.0,-0.0,0.0,-0.0,Sidewalk
335.5,112.7663,3.2431,-2.16421,0.0,-0.06981,185.2352,1.168,stand_1,335.7794,0.0,-0.06981,0.0,-0.06981,Sidewalk
336.0,112.7663,3.2431,-2.16421,0.0,-0.0,185.2352,1.168,stand_1,335.7584,0.0,-0.0,0.0,-0.0,Sidewalk
336.5,112.7663,3.2431,-2.19911,0.0,-0.06981,185.2352,1.168,stand_1,335.7794,0.0,-0.06981,0.0,-0.06981,Sidewalk
337.0,112.7663,3.2431,-2.19911,0.0,-0.0,185.2352,1.168,stand_1,335.7584,0.0,-0.0,0.0,-0.0,Sidewalk
337.5,112.7663,3.2431,-2.23402,0.0,-0.06981,185.2352,1.168,stand_1,335.7794,0.0,-0.06981,0.0,-0.06981,Sidewalk
338.0,112.7663,3.2431,-2.23402,0.0,-0.0,185.2352,1.168,stand_1,335.7584,0.0,-0.0,0.0,-0.0,Sidewalk
338.5,112.7663,3.2431,-2.26893,0.0,-0.06981,185.2352,1.168,stand_1,335.7794,0.0,-0.06981,0.0,-0.06981,Sidewalk
339.0,112.7663,3.2431,-2.26893,0.0,-0.0,185.2352,1.168,stand_1,335.7585,0.0,-0.0,0.0,-0.0,Sidewalk
339.5,112.7663,3.2431,-2.30383,0.0,-0.06981,185.2352,1.168,stand_1,335.7794,0.0,-0.06981,0.0,-0.06981,Sidewalk
340.0,112.7663,3.2431,-2.30383,0.0,-0.0,185.2352,1.168,stand_1,335.7585,0.0,-0.0,0.0,-0.0,Sidewalk
340.5,112.7663,3.2431,-2.33874,0.0,-0.06981,185.2352,1.168,stand_1,335.7794,0.0,-0.06981,0.0,-0.06981,Sidewalk
341.0,112.7663,3.2431,-2.33874,0.0,-0.0,185.2352,1.168,stand_1,335.7585,0.0,-0.0,0.0,-0.0,Sidewalk
341.5,112.7663,3.2431,-2.37365,0.0,-0.06981,185.2352,1.168,stand_1,335.7794,0.0,-0.06981,0.0,-0.06981,Sidewalk
342.0,112.7663,3.2431,-2.37365,0.0,-0.0,185.2352,1.168,stand_1,335.7585,0.0,-0.0,0.0,-0.0,Sidewalk
342.5,112.7663,3.2431,-2.40855,0.0,-0.06981,185.2352,1.168,stand_1,335.7794,0.0,-0.06981,0.0,-0.06981,Sidewalk
343.0,112.7663,3.2431,-2.40855,0.0,-0.0,185.2352,1.168,stand_1,335.7585,0.0,-0.0,0.0,-0.0,Sidewalk
343.5,112.7663,3.2431,-2.44346,0.0,-0.06981,185.2352,1.168,stand_1,335.7794,0.0,-0.06981,0.0,-0.06981,Sidewalk
344.0,112.7663,3.2431,-2.44346,0.0,-0.0,185.2352,1.168,stand_1,335.7585,0.0,-0.0,0.0,-0.0,Sidewalk
344.5,112.7663,3.2431,-2.47837,0.0,-0.06981,185.2352,1.168,stand_1,335.7794,0.0,-0.06981,0.0,-0.06981,Sidewalk
345.0,112.7663,3.2431,-2.47837,0.0,-0.0,185.2352,1.168,stand_1,335.7585,0.0,-0.0,0.0,-0.0,Sidewalk
345.5,112.7663,3.2431,-2.51327,0.0,-0.06981,185.2352,1.168,stand_1,335.7794,0.0,-0.06981,0.0,-0.06981,Sidewalk
346.0,112.7663,3.2431,-2.51327,0.0,-0.0,185.2352,1.168,stand_1,335.7585,0.0,-0.0,0.0,-0.0,Sidewalk
346.5,112.7663,3.2431,-2.54818,0.0,-0.06981,185.2352,1.168,stand_1,335.7794,0.0,-0.06981,0.0,-0.06981,Sidewalk
347.0,112.7663,3.2431,-2.54818,0.0,-0.0,185.2352,1.168,stand_1,335.7585,0.0,-0.0,0.0,-0.0,Sidewalk
347.5,112.7663,3.2431,-2.58309,0.0,-0.06981,185.2352,1.168,stand_1,335.7795,0.0,-0.06981,0.0,-0.06981,Sidewalk
348.0,112.7663,3.2431,-2.58309,0.0,-0.0,185.2352,1.168,stand_1,335.7585,0.0,-0.0,0.0,-0.0,Sidewalk
348.5,112.7663,3.2431,-2.61799,0.0,-0.06981,185.2352,1.168,stand_1,335.7795,0.0,-0.06981,0.0,-0.06981,Sidewalk
349.0,112.7663,3.2431,-2.61799,0.0,-0.0,185.2352,1.168,stand_1,335.7585,0.0,-0.0,0.0,-0.0,Sidewalk
349.5,112.7663,3.2431,-2.6529,0.0,-0.06981,185.2352,1.168,stand_1,335.7795,0.0,-0.06981,0.0,-0.06981,Sidewalk
350.0,112.7663,3.2431,-2.6529,0.0,-0.0,185.2352,1.168,stand_1,335.7585,0.0,-0.0,0.0,-0.0,Sidewalk
350.5,112.7663,3.2431,-2.68781,0.0,-0.06981,185.2352,1.168,stand_1,335.7795,0.0,-0.06981,0.0,-0.06981,Sidewalk
351.0,112.7663,3.2431,-2.68781,0.0,-0.0,185.2352,1.168,stand_1,335.7585,0.0,-0.0,0.0,-0.0,Sidewalk
351.5,112.7663,3.2431,-2.72271,0.0,-0.06981,185.2352,1.168,stand_1,335.7795,0.0,-0.06981,0.0,-0.06981,Sidewalk
352.0,112.7663,3.2431,-2.72271,0.0,-0.0,185.2352,1.168,stand_1,335.7585,0.0,-0.0,0.0,-0.0,Sidewalk
352.5,112.7663,3.2431,-2.75762,0.0,-0.06981,185.2352,1.168,stand_1,335.7795,0.0,-0.06981,0.0,-0.06981,Sidewalk
353.0,112.7663,3.2431,-2.75762,0.0,-0.0,185.2352,1.168,stand_1,335.7586,0.0,-0.0,0.0,-0.0,Sidewalk
353.5,112.7663,3.2431,-2.79253,0.0,-0.06981,185.2352,1.168,stand_1,335.7795,0.0,-0.06981,0.0,-0.06981,Sidewalk
354.0,112.7663,3.2431,-2.79253,0.0,-0.0,185.2352,1.168,stand_1,335.7586,0.0,-0.0,0.0,-0.0,Sidewalk
354.5,112.7663,3.2431,-2.82743,0.0,-0.06981,185.2352,1.168,stand_1,335.7795,0.0,-0.06981,0.0,-0.06981,Sidewalk
355.0,112.7663,3.2431,-2.82743,0.0,-0.0,185.2352,1.168,stand_1,335.7586,0.0,-0.0,0.0,-0.0,Sidewalk
355.5,112.7663,3.2431,-2.86234,0.0,-0.06981,185.2352,1.168,stand_1,335.7795,0.0,-0.06981,0.0,-0.06981,Sidewalk
356.0,112.7663,3.2431,-2.86234,0.0,-0.0,185.2352,1.168,stand_1,335.7586,0.0,-0.0,0.0,-0.0,Sidewalk
356.5,112.7663,3.2431,-2.89725,0.0,-0.06981,185.2352,1.168,stand_1,335.7795,0.0,-0.06981,0.0,-0.06981,Sidewalk
357.0,112.7663,3.2431,-2.89725,0.0,-0.0,185.2352,1.168,stand_1,335.7586,0.0,-0.0,0.0,-0.0,Sidewalk
357.5,112.7663,3.2431,-2.93215,0.0,-0.06981,185.2352,1.168,stand_1,335.7795,0.0,-0.06981,0.0,-0.06981,Sidewalk
358.0,112.7663,3.2431,-2.93215,0.0,-0.0,185.2352,1.168,stand_1,335.7586,0.0,-0.0,0.0,-0.0,Sidewalk
358.5,112.7663,3.2431,-2.96706,0.0,-0.06981,185.2352,1.168,stand_1,335.7795,0.0,-0.06981,0.0,-0.06981,Sidewalk
359.0,112.7663,3.2431,-2.96706,0.0,-0.0,185.2352,1.168,stand_1,335.7586,0.0,-0.0,0.0,-0.0,Sidewalk
359.5,112.7663,3.2431,-3.00197,0.0,-0.06981,185.2352,1.168,stand_1,335.7795,0.0,-0.06981,0.0,-0.06981,Sidewalk
360.0,112.7663,3.2431,-3.00197,0.0,-0.0,185.2352,1.168,stand_1,335.7586,0.0,-0.0,0.0,-0.0,Sidewalk
360.5,112.7663,3.2431,-3.03687,0.0,-0.06981,185.2352,1.168,stand_1,335.7796,0.0,-0.06981,0.0,-0.06981,Sidewalk
361.0,112.7663,3.2431,-3.03687,0.0,-0.0,185.2352,1.168,stand_1,335.7586,0.0,-0.0,0.0,-0.0,Sidewalk
361.5,112.7663,3.2431,-3.07178,0.0,-0.06981,185.2352,1.168,stand_1,335.7796,0.0,-0.06981,0.0,-0.06981,Sidewalk
362.0,112.7663,3.2431,-3.07178,0.0,-0.0,185.2352,1.168,stand_1,335.7586,0.0,-0.0,0.0,-0.0,Sidewalk
362.5,112.7663,3.2431,-3.10669,0.0,-0.06981,185.2352,1.168,stand_1,335.7796,0.0,-0.06981,0.0,-0.06981,Sidewalk
363.0,112.7663,3.2431,-3.10669,0.0,-0.0,185.2352,1.168,stand_1,335.7586,0.0,-0.0,0.0,-0.0,Sidewalk
363.5,112.7663,3.2431,3.14159,0.0,-0.06981,185.2352,1.168,stand_1,335.7796,0.0,-0.06981,0.0,-0.06981,Sidewalk
364.0,112.7663,3.2431,3.14159,0.0,-0.0,185.2352,1.168,stand_1,335.7586,0.0,-0.0,0.0,-0.0,Sidewalk
364.5,112.7663,3.2431,3.10669,0.0,-0.06981,185.2352,1.1679,stand_1,335.7796,0.0,-0.06981,0.0,-0.06981,Sidewalk
365.0,112.7663,3.2431,3.10669,0.0,-0.0,185.2352,1.1679,stand_1,335.7586,0.0,-0.0,0.0,-0.0,Sidewalk
365.5,112.7663,3.2431,3.07178,0.0,-0.06981,185.2352,1.1679,stand_1,335.7796,0.0,-0.06981,0.0,-0.06981,Sidewalk
366.0,112.7663,3.2431,3.07178,0.0,-0.0,185.2352,1.1679,stand_1,335.7586,0.0,-0.0,0.0,-0.0,Sidewalk
366.5,112.7663,3.2431,3.03687,0.0,-0.06981,185.2352,1.1679,stand_1,335.7796,0.0,-0.06981,0.0,-0.06981,Sidewalk
367.0,112.7663,3.2431,3.03687,0.0,-0.0,185.2352,1.1679,stand_1,335.7587,0.0,-0.0,0.0,-0.0,Sidewalk
367.5,112.7663,3.2431,3.00197,0.0,-0.06981,185.2352,1.1679,stand_1,335.7796,0.0,-0.06981,0.0,-0.06981,Sidewalk
368.0,112.7663,3.2431,3.00197,0.0,-0.0,185.2352,1.1679,stand_1,335.7587,0.0,-0.0,0.0,-0.0,Sidewalk
368.5,112.7663,3.2431,2.96706,0.0,-0.06981,185.2352,1.1679,stand_1,335.7796,0.0,-0.06981,0.0,-0.06981,Sidewalk
369.0,112.7663,3.2431,2.96706,0.0,-0.0,185.2352,1.1679,stand_1,335.7587,0.0,-0.0,0.0,-0.0,Sidewalk
369.5,112.7663,3.2431,2.93215,0.0,-0.06981,185.2352,1.1679,stand_1,335.7796,0.0,-0.06981,0.0,-0.06981,Sidewalk
370.0,112.7663,3.2431,2.93215,0.0,-0.0,185.2352,1.1679,stand_1,335.7587,0.0,-0.0,0.0,-0.0,Sidewalk
370.5,112.7663,3.2431,2.89725,0.0,-0.06981,185.2352,1.1679,stand_1,335.7796,0.0,-0.06981,0.0,-0.06981,Sidewalk
371.0,112.7663,3.2431,2.89725,0.0,-0.0,185.2352,1.1679,stand_1,335.7587,0.0,-0.0,0.0,-0.0,Sidewalk
371.5,112.7663,3.2431,2.86234,0.0,-0.06981,185.2352,1.1679,stand_1,335.7796,0.0,-0.06981,0.0,-0.06981,Sidewalk
372.0,112.7663,3.2431,2.86234,0.0,-0.0,185.2352,1.1679,stand_1,335.7587,0.0,-0.0,0.0,-0.0,Sidewalk
372.5,112.7663,3.2431,2.82743,0.0,-0.06981,185.2352,1.1679,stand_1,335.7796,0.0,-0.06981,0.0,-0.06981,Sidewalk
373.0,112.7663,3.2431,2.82743,0.0,-0.0,185.2352,1.1679,stand_1,335.7587,0.0,-0.0,0.0,-0.0,Sidewalk
373.5,112.7663,3.2431,2.79253,0.0,-0.06981,185.2352,1.1679,stand_1,335.7796,0.0,-0.06981,0.0,-0.06981,Sidewalk
374.0,112.7663,3.2431,2.79253,0.0,-0.0,185.2352,1.1679,stand_1,335.7587,0.0,-0.0,0.0,-0.0,Sidewalk
374.5,112.7663,3.2431,2.75762,0.0,-0.06981,185.2352,1.1679,stand_1,335.7797,0.0,-0.06981,0.0,-0.06981,Sidewalk
375.0,112.7663,3.2431,2.75762,0.0,-0.0,185.2352,1.1679,stand_1,335.7587,0.0,-0.0,0.0,-0.0,Sidewalk
375.5,112.7663,3.2431,2.72271,0.0,-0.06981,185.2352,1.1679,stand_1,335.7797,0.0,-0.06981,0.0,-0.06981,Sidewalk
376.0,112.7663,3.2431,2.72271,0.0,-0.0,185.2352,1.1679,stand_1,335.7587,0.0,-0.0,0.0,-0.0,Sidewalk
376.5,112.7663,3.2431,2.68781,0.0,-0.06981,185.2352,1.1679,stand_1,335.7797,0.0,-0.06981,0.0,-0.06981,Sidewalk
377.0,112.7663,3.2431,2.68781,0.0,-0.0,185.2352,1.1679,stand_1,335.7587,0.0,-0.0,0.0,-0.0,Sidewalk
377.5,112.7663,3.2431,2.6529,0.0,-0.06981,185.2352,1.1679,stand_1,335.7797,0.0,-0.06981,0.0,-0.06981,Sidewalk
378.0,112.7663,3.2431,2.6529,0.0,-0.0,185.2352,1.1679,stand_1,335.7587,0.0,-0.0,0.0,-0.0,Sidewalk
378.5,112.7663,3.2431,2.61799,0.0,-0.06981,185.2352,1.1679,stand_1,335.7797,0.0,-0.06981,0.0,-0.06981,Sidewalk
379.0,112.7663,3.2431,2.61799,0.0,-0.0,185.2352,1.1679,stand_1,335.7587,0.0,-0.0,0.0,-0.0,Sidewalk
379.5,112.7663,3.2431,2.58309,0.0,-0.06981,185.2352,1.1679,stand_1,335.7797,0.0,-0.06981,0.0,-0.06981,Sidewalk
380.0,112.7663,3.2431,2.58309,0.0,-0.0,185.2352,1.1679,stand_1,335.7587,0.0,-0.0,0.0,-0.0,Sidewalk
380.5,112.7663,3.2431,2.54818,0.0,-0.06981,185.2352,1.1679,stand_1,335.7797,0.0,-0.06981,0.0,-0.06981,Sidewalk
381.0,112.7663,3.2431,2.54818,0.0,-0.0,185.2352,1.1679,stand_1,335.7588,0.0,-0.0,0.0,-0.0,Sidewalk
381.5,112.7663,3.2431,2.51327,0.0,-0.06981,185.2352,1.1679,stand_1,335.7797,0.0,-0.06981,0.0,-0.06981,Sidewalk
382.0,112.7663,3.2431,2.51327,0.0,-0.0,185.2352,1.1679,stand_1,335.7588,0.0,-0.0,0.0,-0.0,Sidewalk
382.5,112.7663,3.2431,2.47837,0.0,-0.06981,185.2352,1.1679,stand_1,335.7797,0.0,-0.06981,0.0,-0.06981,Sidewalk
383.0,112.7663,3.2431,2.47837,0.0,-0.0,185.2352,1.1679,stand_1,335.7588,0.0,-0.0,0.0,-0.0,Sidewalk
383.5,112.7663,3.2431,2.44346,0.0,-0.06981,185.2352,1.1679,stand_1,335.7797,0.0,-0.06981,0.0,-0.06981,Sidewalk
384.0,112.7663,3.2431,2.44346,0.0,-0.0,185.2352,1.1679,stand_1,335.7588,0.0,-0.0,0.0,-0.0,Sidewalk
384.5,112.7663,3.2431,2.40855,0.0,-0.06981,185.2352,1.1679,stand_1,335.7797,0.0,-0.06981,0.0,-0.06981,Sidewalk
385.0,112.7663,3.2431,2.40855,0.0,-0.0,185.2352,1.1679,stand_1,335.7588,0.0,-0.0,0.0,-0.0,Sidewalk
385.5,112.7663,3.2431,2.37365,0.0,-0.06981,185.2352,1.1679,stand_1,335.7797,0.0,-0.06981,0.0,-0.06981,Sidewalk
386.0,112.7663,3.2431,2.37365,0.0,-0.0,185.2352,1.1679,stand_1,335.7588,0.0,-0.0,0.0,-0.0,Sidewalk
386.5,112.7663,3.2431,2.33874,0.0,-0.06981,185.2352,1.1679,stand_1,335.7797,0.0,-0.06981,0.0,-0.06981,Sidewalk
387.0,112.7663,3.2431,2.33874,0.0,-0.0,185.2352,1.1679,stand_1,335.7588,0.0,-0.0,0.0,-0.0,Sidewalk
387.5,112.7663,3.2431,2.30383,0.0,-0.06981,185.2352,1.1679,stand_1,335.7798,0.0,-0.06981,0.0,-0.06981,Sidewalk
388.0,112.7663,3.2431,2.30383,0.0,-0.0,185.2352,1.1679,stand_1,335.7588,0.0,-0.0,0.0,-0.0,Sidewalk
388.5,112.7663,3.2431,2.26893,0.0,-0.06981,185.2352,1.1679,stand_1,335.7798,0.0,-0.06981,0.0,-0.06981,Sidewalk
389.0,112.7663,3.2431,2.26893,0.0,-0.0,185.2352,1.1679,stand_1,335.7588,0.0,-0.0,0.0,-0.0,Sidewalk
389.5,112.7663,3.2431,2.23402,0.0,-0.06981,185.2352,1.1679,stand_1,335.7798,0.0,-0.06981,0.0,-0.06981,Sidewalk
390.0,112.7663,3.2431,2.23402,0.0,-0.0,185.2352,1.1679,stand_1,335.7588,0.0,-0.0,0.0,-0.0,Sidewalk
390.5,112.7663,3.2431,2.19911,0.0,-0.06981,185.2352,1.1679,stand_1,335.7798,0.0,-0.06981,0.0,-0.06981,Sidewalk
391.0,112.7663,3.2431,2.19911,0.0,-0.0,185.2352,1.1679,stand_1,335.7588,0.0,-0.0,0.0,-0.0,Sidewalk
391.5,112.7663,3.2431,2.16421,0.0,-0.06981,185.2352,1.1679,stand_1,335.7798,0.0,-0.06981,0.0,-0.06981,Sidewalk
392.0,112.7663,3.2431,2.16421,0.0,-0.0,185.2352,1.1679,stand_1,335.7588,0.0,-0.0,0.0,-0.0,Sidewalk
392.5,112.7663,3.2431,2.1293,0.0,-0.06981,185.2352,1.1679,stand_1,335.7798,0.0,-0.06981,0.0,-0.06981,Sidewalk
393.0,112.7663,3.2431,2.1293,0.0,-0.0,185.2352,1.1679,stand_1,335.7588,0.0,-0.0,0.0,-0.0,Sidewalk
393.5,112.7663,3.2431,2.0944,0.0,-0.06981,185.2352,1.1679,stand_1,335.7798,0.0,-0.06981,0.0,-0.06981,Sidewalk
394.0,112.7663,3.2431,2.0944,0.0,-0.0,185.2352,1.1679,stand_1,335.7589,0.0,-0.0,0.0,-0.0,Sidewalk
394.5,112.7663,3.2431,2.05949,0.0,-0.06981,185.2352,1.1679,stand_1,335.7798,0.0,-0.06981,0.0,-0.06981,Sidewalk
395.0,112.7663,3.2431,2.05949,0.0,-0.0,185.2352,1.1679,stand_1,335.7589,0.0,-0.0,0.0,-0.0,Sidewalk
395.5,112.7513,3.2802,1.95477,0.08,-0.20944,185.2501,1.1802,stand_1,335.7755,0.08,-0.20944,0.08,-0.20944,Sidewalk
396.0,112.7513,3.2802,1.95477,0.0,-0.0,185.2501,1.1802,stand_1,335.7552,0.0,-0.0,0.0,-0.0,Sidewalk
396.5,112.7403,3.3186,1.85005,0.08,-0.20944,185.2609,1.1897,stand_1,335.733,0.08,-0.20944,0.08,-0.20944,Sidewalk
397.0,112.732,3.3577,1.78024,0.08,-0.13963,185.2691,1.1978,stand_1,335.7244,0.08,-0.13963,0.08,-0.13963,Sidewalk
397.5,112.7278,3.3975,1.67552,0.08,-0.20944,185.2732,1.203,stand_1,335.7086,0.08,-0.20944,0.08,-0.20944,Sidewalk
398.0,112.7264,3.4375,1.6057,0.08,-0.13963,185.2744,1.2068,stand_1,335.6965,0.08,-0.13963,0.08,-0.13963,Sidewalk
398.5,112.7292,3.4774,1.50098,0.08,-0.20944,185.2715,1.2078,stand_1,335.7296,0.08,-0.20944,0.08,-0.20944,Sidewalk
399.0,112.7292,3.4774,1.50098,0.0,-0.0,185.2715,1.2078,stand_1,335.7251,0.0,-0.0,0.0,-0.0,Sidewalk
399.5,112.7292,3.4774,1.46608,0.0,-0.06981,185.2715,1.2078,stand_1,335.7461,0.0,-0.06981,0.0,-0.06981,Sidewalk
400.0,112.7292,3.4774,1.46608,0.0,-0.0,185.2715,1.2078,stand_1,335.7251,0.0,-0.0,0.0,-0.0,Sidewalk
400.5,112.7292,3.4774,1.43117,0.0,-0.06981,185.2715,1.2078,stand_1,335.7461,0.0,-0.06981,0.0,-0.06981,Sidewalk
401.0,112.7292,3.4774,1.43117,0.0,-0.0,185.2715,1.2078,stand_1,335.7251,0.0,-0.0,0.0,-0.0,Sidewalk
401.5,112.7292,3.4774,1.39626,0.0,-0.06981,185.2715,1.2078,stand_1,335.7461,0.0,-0.06981,0.0,-0.06981,Sidewalk
402.0,112.7292,3.4774,1.39626,0.0,-0.0,185.2715,1.2078,stand_1,335.7251,0.0,-0.0,0.0,-0.0,Sidewalk
402.5,112.7402,3.5158,1.29154,0.08,-0.20944,185.2604,1.2017,stand_1,335.7321,0.08,-0.20944,0.08,-0.20944,Sidewalk
403.0,112.7402,3.5158,1.29154,0.0,-0.0,185.2604,1.2017,stand_1,335.7171,0.0,-0.0,0.0,-0.0,Sidewalk
403.5,112.7402,3.5158,1.25664,0.0,-0.06981,185.2604,1.2017,stand_1,335.7381,0.0,-0.06981,0.0,-0.06981,Sidewalk
404.0,112.7402,3.5158,1.25664,0.0,-0.0,185.2604,1.2017,stand_1,335.7171,0.0,-0.0,0.0,-0.0,Sidewalk
404.5,112.7402,3.5158,1.22173,0.0,-0.06981,185.2604,1.2017,stand_1,335.7381,0.0,-0.06981,0.0,-0.06981,Sidewalk
405.0,112.7402,3.5158,1.22173,0.0,-0.0,185.2604,1.2017,stand_1,335.7171,0.0,-0.0,0.0,-0.0,Sidewalk
405.5,112.7402,3.5158,1.18682,0.0,-0.06981,185.2604,1.2017,stand_1,335.7381,0.0,-0.06981,0.0,-0.06981,Sidewalk
406.0,112.7402,3.5158,1.18682,0.0,-0.0,185.2604,1.2017,stand_1,335.7171,0.0,-0.0,0.0,-0.0,Sidewalk
406.5,112.7402,3.5158,1.15192,0.0,-0.06981,185.2604,1.2017,stand_1,335.7381,0.0,-0.06981,0.0,-0.06981,Sidewalk
407.0,112.7402,3.5158,1.15192,0.0,-0.0,185.2604,1.2017,stand_1,335.7171,0.0,-0.0,0.0,-0.0,Sidewalk
407.5,112.7402,3.5158,1.11701,0.0,-0.06981,185.2604,1.2017,stand_1,335.7381,0.0,-0.06981,0.0,-0.06981,Sidewalk
408.0,112.7402,3.5158,1.11701,0.0,-0.0,185.2604,1.2017,stand_1,335.7171,0.0,-0.0,0.0,-0.0,Sidewalk
408.5,112.7402,3.5158,1.0821,0.0,-0.06981,185.2604,1.2017,stand_1,335.7381,0.0,-0.06981,0.0,-0.06981,Sidewalk
409.0,112.7402,3.5158,1.0821,0.0,-0.0,185.2604,1.2017,stand_1,335.7171,0.0,-0.0,0.0,-0.0,Sidewalk
409.5,112.7402,3.5158,1.0472,0.0,-0.06981,185.2604,1.2017,stand_1,335.7381,0.0,-0.06981,0.0,-0.06981,Sidewalk
410.0,112.7402,3.5158,1.0472,0.0,-0.0,185.2604,1.2016,stand_1,335.7172,0.0,-0.0,0.0,-0.0,Sidewalk
410.5,112.7402,3.5158,1.01229,0.0,-0.06981,185.2604,1.2016,stand_1,335.7381,0.0,-0.06981,0.0,-0.06981,Sidewalk
411.0,112.7402,3.5158,1.01229,0.0,-0.0,185.2604,1.2016,stand_1,335.7172,0.0,-0.0,0.0,-0.0,Sidewalk
411.5,112.7402,3.5158,0.97738,0.0,-0.06981,185.2604,1.2016,stand_1,335.7381,0.0,-0.06981,0.0,-0.06981,Sidewalk
412.0,112.7402,3.5158,0.97738,0.0,-0.0,185.2604,1.2016,stand_1,335.7172,0.0,-0.0,0.0,-0.0,Sidewalk
412.5,112.7637,3.5482,0.94248,0.08,-0.06981,185.2368,1.1835,stand_1,335.7199,0.08,-0.06981,0.08,-0.06981,Sidewalk
413.0,112.7637,3.5482,0.94248,0.0,-0.0,185.2368,1.1835,stand_1,335.7142,0.0,-0.0,0.0,-0.0,Sidewalk
413.5,112.7637,3.5482,0.90757,0.0,-0.06981,185.2368,1.1835,stand_1,335.7352,0.0,-0.06981,0.0,-0.06981,Sidewalk
414.0,112.7637,3.5482,0.90757,0.0,-0.0,185.2368,1.1835,stand_1,335.7142,0.0,-0.0,0.0,-0.0,Sidewalk
414.5,112.7637,3.5482,0.87266,0.0,-0.06981,185.2368,1.1835,stand_1,335.7352,0.0,-0.06981,0.0,-0.06981,Sidewalk
415.0,112.7637,3.5482,0.87266,0.0,-0.0,185.2368,1.1835,stand_1,335.7143,0.0,-0.0,0.0,-0.0,Sidewalk
415.5,112.7637,3.5482,0.83776,0.0,-0.06981,185.2368,1.1835,stand_1,335.7352,0.0,-0.06981,0.0,-0.06981,Sidewalk
416.0,112.7637,3.5482,0.83776,0.0,-0.0,185.2368,1.1835,stand_1,335.7143,0.0,-0.0,0.0,-0.0,Sidewalk
416.5,112.7637,3.5482,0.80285,0.0,-0.06981,185.2368,1.1835,stand_1,335.7352,0.0,-0.06981,0.0,-0.06981,Sidewalk
417.0,112.7637,3.5482,0.80285,0.0,-0.0,185.2368,1.1835,stand_1,335.7143,0.0,-0.0,0.0,-0.0,Sidewalk
417.5,112.7637,3.5482,0.76794,0.0,-0.06981,185.2368,1.1835,stand_1,335.7352,0.0,-0.06981,0.0,-0.06981,Sidewalk
418.0,112.7637,3.5482,0.76794,0.0,-0.0,185.2368,1.1835,stand_1,335.7143,0.0,-0.0,0.0,-0.0,Sidewalk
418.5,112.7637,3.5482,0.73304,0.0,-0.06981,185.2368,1.1835,stand_1,335.7352,0.0,-0.06981,0.0,-0.06981,Sidewalk
419.0,112.7637,3.5482,0.73304,0.0,-0.0,185.2368,1.1835,stand_1,335.7143,0.0,-0.0,0.0,-0.0,Sidewalk
419.5,112.7637,3.5482,0.69813,0.0,-0.06981,185.2368,1.1835,stand_1,335.7352,0.0,-0.06981,0.0,-0.06981,Sidewalk
420.0,112.7637,3.5482,0.69813,0.0,-0.0,185.2368,1.1835,stand_1,335.7143,0.0,-0.0,0.0,-0.0,Sidewalk
420.5,112.7637,3.5482,0.66323,0.0,-0.06981,185.2368,1.1835,stand_1,335.7352,0.0,-0.06981,0.0,-0.06981,Sidewalk
421.0,112.7637,3.5482,0.66323,0.0,-0.0,185.2368,1.1835,stand_1,335.7143,0.0,-0.0,0.0,-0.0,Sidewalk
421.5,112.7637,3.5482,0.62832,0.0,-0.06981,185.2368,1.1835,stand_1,335.7352,0.0,-0.06981,0.0,-0.06981,Sidewalk
422.0,112.7637,3.5482,0.62832,0.0,-0.0,185.2368,1.1835,stand_1,335.7143,0.0,-0.0,0.0,-0.0,Sidewalk
422.5,112.7637,3.5482,0.59341,0.0,-0.06981,185.2368,1.1835,stand_1,335.7352,0.0,-0.06981,0.0,-0.06981,Sidewalk
423.0,112.7637,3.5482,0.59341,0.0,-0.0,185.2368,1.1835,stand_1,335.7143,0.0,-0.0,0.0,-0.0,Sidewalk
423.5,112.7637,3.5482,0.55851,0.0,-0.06981,185.2368,1.1835,stand_1,335.7352,0.0,-0.06981,0.0,-0.06981,Sidewalk
424.0,112.7637,3.5482,0.55851,0.0,-0.0,185.2368,1.1835,stand_1,335.7143,0.0,-0.0,0.0,-0.0,Sidewalk
424.5,112.7637,3.5482,0.5236,0.0,-0.06981,185.2368,1.1835,stand_1,335.7353,0.0,-0.06981,0.0,-0.06981,Sidewalk
425.0,112.7637,3.5482,0.5236,0.0,-0.0,185.2368,1.1835,stand_1,335.7143,0.0,-0.0,0.0,-0.0,Sidewalk
425.5,112.7637,3.5482,0.48869,0.0,-0.06981,185.2368,1.1835,stand_1,335.7353,0.0,-0.06981,0.0,-0.06981,Sidewalk
426.0,112.7637,3.5482,0.48869,0.0,-0.0,185.2368,1.1835,stand_1,335.7143,0.0,-0.0,0.0,-0.0,Sidewalk
426.5,112.7637,3.5482,0.45379,0.0,-0.06981,185.2368,1.1835,stand_1,335.7353,0.0,-0.06981,0.0,-0.06981,Sidewalk
427.0,112.7637,3.5482,0.45379,0.0,-0.0,185.2368,1.1835,stand_1,335.7143,0.0,-0.0,0.0,-0.0,Sidewalk
427.5,112.7637,3.5482,0.41888,0.0,-0.06981,185.2368,1.1835,stand_1,335.7353,0.0,-0.06981,0.0,-0.06981,Sidewalk
428.0,112.7637,3.5482,0.41888,0.0,-0.0,185.2368,1.1835,stand_1,335.7143,0.0,-0.0,0.0,-0.0,Sidewalk
428.5,112.7637,3.5482,0.38397,0.0,-0.06981,185.2368,1.1835,stand_1,335.7353,0.0,-0.06981,0.0,-0.06981,Sidewalk
429.0,112.7637,3.5482,0.38397,0.0,-0.0,185.2368,1.1835,stand_1,335.7143,0.0,-0.0,0.0,-0.0,Sidewalk
429.5,112.7637,3.5482,0.34907,0.0,-0.06981,185.2368,1.1835,stand_1,335.7353,0.0,-0.06981,0.0,-0.06981,Sidewalk
430.0,112.7637,3.5482,0.34907,0.0,-0.0,185.2368,1.1835,stand_1,335.7143,0.0,-0.0,0.0,-0.0,Sidewalk
430.5,112.7637,3.5482,0.31416,0.0,-0.06981,185.2368,1.1834,stand_1,335.7353,0.0,-0.06981,0.0,-0.06981,Sidewalk
431.0,112.7637,3.5482,0.31416,0.0,-0.0,185.2368,1.1834,stand_1,335.7143,0.0,-0.0,0.0,-0.0,Sidewalk
431.5,112.7637,3.5482,0.27925,0.0,-0.06981,185.2368,1.1834,stand_1,335.7353,0.0,-0.06981,0.0,-0.06981,Sidewalk
432.0,112.7637,3.5482,0.27925,0.0,-0.0,185.2368,1.1834,stand_1,335.7144,0.0,-0.0,0.0,-0.0,Sidewalk
432.5,112.7637,3.5482,0.24435,0.0,-0.06981,185.2368,1.1834,stand_1,335.7353,0.0,-0.06981,0.0,-0.06981,Sidewalk
433.0,112.7637,3.5482,0.24435,0.0,-0.0,185.2368,1.1834,stand_1,335.7144,0.0,-0.0,0.0,-0.0,Sidewalk
433.5,112.7637,3.5482,0.20944,0.0,-0.06981,185.2368,1.1834,stand_1,335.7353,0.0,-0.06981,0.0,-0.06981,Sidewalk
434.0,112.7637,3.5482,0.20944,0.0,-0.0,185.2368,1.1834,stand_1,335.7144,0.0,-0.0,0.0,-0.0,Sidewalk
434.5,112.7637,3.5482,0.17453,0.0,-0.06981,185.2368,1.1834,stand_1,335.7353,0.0,-0.06981,0.0,-0.06981,Sidewalk
435.0,112.7637,3.5482,0.17453,0.0,-0.0,185.2368,1.1834,stand_1,335.7144,0.0,-0.0,0.0,-0.0,Sidewalk
435.5,112.7637,3.5482,0.13963,0.0,-0.06981,185.2368,1.1834,stand_1,335.7353,0.0,-0.06981,0.0,-0.06981,Sidewalk
436.0,112.7637,3.5482,0.13963,0.0,-0.0,185.2368,1.1834,stand_1,335.7144,0.0,-0.0,0.0,-0.0,Sidewalk
436.5,112.7637,3.5482,0.10472,0.0,-0.06981,185.2368,1.1834,stand_1,335.7353,0.0,-0.06981,0.0,-0.06981,Sidewalk
437.0,112.7637,3.5482,0.10472,0.0,-0.0,185.2368,1.1834,stand_1,335.7144,0.0,-0.0,0.0,-0.0,Sidewalk
437.5,112.7637,3.5482,0.06981,0.0,-0.06981,185.2368,1.1834,stand_1,335.7353,0.0,-0.06981,0.0,-0.06981,Sidewalk
438.0,112.7637,3.5482,0.06981,0.0,-0.0,185.2368,1.1834,stand_1,335.7144,0.0,-0.0,0.0,-0.0,Sidewalk
438.5,112.7637,3.5482,0.03491,0.0,-0.06981,185.2368,1.1834,stand_1,335.7353,0.0,-0.06981,0.0,-0.06981,Sidewalk
439.0,112.7637,3.5482,0.03491,0.0,-0.0,185.2368,1.1834,stand_1,335.7144,0.0,-0.0,0.0,-0.0,Sidewalk
439.5,112.7637,3.5482,-0.0,0.0,-0.06981,185.2368,1.1834,stand_1,335.7354,0.0,-0.06981,0.0,-0.06981,Sidewalk
440.0,112.7637,3.5482,-0.0,0.0,-0.0,185.2368,1.1834,stand_1,335.7144,0.0,-0.0,0.0,-0.0,Sidewalk
440.5,112.7637,3.5482,-0.03491,0.0,-0.06981,185.2368,1.1834,stand_1,335.7354,0.0,-0.06981,0.0,-0.06981,Sidewalk
441.0,112.7637,3.5482,-0.03491,0.0,-0.0,185.2368,1.1834,stand_1,335.7144,0.0,-0.0,0.0,-0.0,Sidewalk
441.5,112.7637,3.5482,-0.06981,0.0,-0.06981,185.2368,1.1834,stand_1,335.7354,0.0,-0.06981,0.0,-0.06981,Sidewalk
442.0,112.7637,3.5482,-0.06981,0.0,-0.0,185.2368,1.1834,stand_1,335.7144,0.0,-0.0,0.0,-0.0,Sidewalk
442.5,112.7637,3.5482,-0.10472,0.0,-0.06981,185.2368,1.1834,stand_1,335.7354,0.0,-0.06981,0.0,-0.06981,Sidewalk
443.0,112.7637,3.5482,-0.10472,0.0,-0.0,185.2368,1.1834,stand_1,335.7144,0.0,-0.0,0.0,-0.0,Sidewalk
443.5,112.7637,3.5482,-0.13963,0.0,-0.06981,185.2368,1.1834,stand_1,335.7354,0.0,-0.06981,0.0,-0.06981,Sidewalk
444.0,112.7637,3.5482,-0.13963,0.0,-0.0,185.2368,1.1834,stand_1,335.7144,0.0,-0.0,0.0,-0.0,Sidewalk
444.5,112.7637,3.5482,-0.17453,0.0,-0.06981,185.2368,1.1834,stand_1,335.7354,0.0,-0.06981,0.0,-0.06981,Sidewalk
445.0,112.7637,3.5482,-0.17453,0.0,-0.0,185.2368,1.1834,stand_1,335.7144,0.0,-0.0,0.0,-0.0,Sidewalk
445.5,112.7637,3.5482,-0.20944,0.0,-0.06981,185.2368,1.1834,stand_1,335.7354,0.0,-0.06981,0.0,-0.06981,Sidewalk
446.0,112.7637,3.5482,-0.20944,0.0,-0.0,185.2368,1.1834,stand_1,335.7145,0.0,-0.0,0.0,-0.0,Sidewalk
446.5,112.7637,3.5482,-0.24435,0.0,-0.06981,185.2368,1.1834,stand_1,335.7354,0.0,-0.06981,0.0,-0.06981,Sidewalk
447.0,112.7637,3.5482,-0.24435,0.0,-0.0,185.2368,1.1834,stand_1,335.7145,0.0,-0.0,0.0,-0.0,Sidewalk
447.5,112.7637,3.5482,-0.27925,0.0,-0.06981,185.2368,1.1834,stand_1,335.7354,0.0,-0.06981,0.0,-0.06981,Sidewalk
448.0,112.7637,3.5482,-0.27925,0.0,-0.0,185.2368,1.1834,stand_1,335.7145,0.0,-0.0,0.0,-0.0,Sidewalk
448.5,112.7637,3.5482,-0.31416,0.0,-0.06981,185.2368,1.1834,stand_1,335.7354,0.0,-0.06981,0.0,-0.06981,Sidewalk
449.0,112.7637,3.5482,-0.31416,0.0,-0.0,185.2368,1.1834,stand_1,335.7145,0.0,-0.0,0.0,-0.0,Sidewalk
449.5,112.7637,3.5482,-0.34907,0.0,-0.06981,185.2368,1.1834,stand_1,335.7354,0.0,-0.06981,0.0,-0.06981,Sidewalk
450.0,112.7637,3.5482,-0.34907,0.0,-0.0,185.2368,1.1834,stand_1,335.7145,0.0,-0.0,0.0,-0.0,Sidewalk
450.5,112.7637,3.5482,-0.38397,0.0,-0.06981,185.2368,1.1834,stand_1,335.7354,0.0,-0.06981,0.0,-0.06981,Sidewalk
451.0,112.7637,3.5482,-0.38397,0.0,-0.0,185.2368,1.1834,stand_1,335.7145,0.0,-0.0,0.0,-0.0,Sidewalk
451.5,112.7637,3.5482,-0.41888,0.0,-0.06981,185.2368,1.1834,stand_1,335.7354,0.0,-0.06981,0.0,-0.06981,Sidewalk
452.0,112.7637,3.5482,-0.41888,0.0,-0.0,185.2368,1.1834,stand_1,335.7145,0.0,-0.0,0.0,-0.0,Sidewalk
452.5,112.7637,3.5482,-0.45379,0.0,-0.06981,185.2368,1.1834,stand_1,335.7354,0.0,-0.06981,0.0,-0.06981,Sidewalk
453.0,112.7637,3.5482,-0.45379,0.0,-0.0,185.2368,1.1834,stand_1,335.7145,0.0,-0.0,0.0,-0.0,Sidewalk
453.5,112.7637,3.5482,-0.48869,0.0,-0.06981,185.2368,1.1834,stand_1,335.7354,0.0,-0.06981,0.0,-0.06981,Sidewalk
454.0,112.7637,3.5482,-0.48869,0.0,-0.0,185.2368,1.1834,stand_1,335.7145,0.0,-0.0,0.0,-0.0,Sidewalk
454.5,112.7637,3.5482,-0.5236,0.0,-0.06981,185.2368,1.1834,stand_1,335.7355,0.0,-0.06981,0.0,-0.06981,Sidewalk
455.0,112.7637,3.5482,-0.5236,0.0,-0.0,185.2368,1.1834,stand_1,335.7145,0.0,-0.0,0.0,-0.0,Sidewalk
455.5,112.7637,3.5482,-0.55851,0.0,-0.06981,185.2368,1.1834,stand_1,335.7355,0.0,-0.06981,0.0,-0.06981,Sidewalk
456.0,112.7637,3.5482,-0.55851,0.0,-0.0,185.2368,1.1834,stand_1,335.7145,0.0,-0.0,0.0,-0.0,Sidewalk
456.5,112.7637,3.5482,-0.59341,0.0,-0.06981,185.2368,1.1834,stand_1,335.7355,0.0,-0.06981,0.0,-0.06981,Sidewalk
457.0,112.7637,3.5482,-0.59341,0.0,-0.0,185.2368,1.1834,stand_1,335.7145,0.0,-0.0,0.0,-0.0,Sidewalk
457.5,112.7637,3.5482,-0.62832,0.0,-0.06981,185.2368,1.1834,stand_1,335.7355,0.0,-0.06981,0.0,-0.06981,Sidewalk
458.0,112.7637,3.5482,-0.62832,0.0,-0.0,185.2368,1.1834,stand_1,335.7145,0.0,-0.0,0.0,-0.0,Sidewalk
458.5,112.7637,3.5482,-0.66323,0.0,-0.06981,185.2368,1.1834,stand_1,335.7355,0.0,-0.06981,0.0,-0.06981,Sidewalk
459.0,112.7637,3.5482,-0.66323,0.0,-0.0,185.2368,1.1834,stand_1,335.7145,0.0,-0.0,0.0,-0.0,Sidewalk
459.5,112.7637,3.5482,-0.69813,0.0,-0.06981,185.2368,1.1834,stand_1,335.7355,0.0,-0.06981,0.0,-0.06981,Sidewalk
460.0,112.7637,3.5482,-0.69813,0.0,-0.0,185.2368,1.1834,stand_1,335.7146,0.0,-0.0,0.0,-0.0,Sidewalk
460.5,112.7637,3.5482,-0.73304,0.0,-0.06981,185.2368,1.1834,stand_1,335.7355,0.0,-0.06981,0.0,-0.06981,Sidewalk
461.0,112.7637,3.5482,-0.73304,0.0,-0.0,185.2368,1.1834,stand_1,335.7146,0.0,-0.0,0.0,-0.0,Sidewalk
461.5,112.7637,3.5482,-0.76794,0.0,-0.06981,185.2368,1.1834,stand_1,335.7355,0.0,-0.06981,0.0,-0.06981,Sidewalk
462.0,112.7637,3.5482,-0.76794,0.0,-0.0,185.2368,1.1834,stand_1,335.7146,0.0,-0.0,0.0,-0.0,Sidewalk
462.5,112.7637,3.5482,-0.80285,0.0,-0.06981,185.2368,1.1834,stand_1,335.7355,0.0,-0.06981,0.0,-0.06981,Sidewalk
463.0,112.7637,3.5482,-0.80285,0.0,-0.0,185.2368,1.1834,stand_1,335.7146,0.0,-0.0,0.0,-0.0,Sidewalk
463.5,112.7637,3.5482,-0.83776,0.0,-0.06981,185.2368,1.1833,stand_1,335.7355,0.0,-0.06981,0.0,-0.06981,Sidewalk
464.0,112.7637,3.5482,-0.83776,0.0,-0.0,185.2368,1.1833,stand_1,335.7146,0.0,-0.0,0.0,-0.0,Sidewalk
464.5,112.7637,3.5482,-0.87266,0.0,-0.06981,185.2368,1.1833,stand_1,335.7355,0.0,-0.06981,0.0,-0.06981,Sidewalk
465.0,112.7637,3.5482,-0.87266,0.0,-0.0,185.2368,1.1833,stand_1,335.7146,0.0,-0.0,0.0,-0.0,Sidewalk
465.5,112.7637,3.5482,-0.90757,0.0,-0.06981,185.2368,1.1833,stand_1,335.7355,0.0,-0.06981,0.0,-0.06981,Sidewalk
466.0,112.7637,3.5482,-0.90757,0.0,-0.0,185.2368,1.1833,stand_1,335.7146,0.0,-0.0,0.0,-0.0,Sidewalk
466.5,112.7637,3.5482,-0.94248,0.0,-0.06981,185.2368,1.1833,stand_1,335.7355,0.0,-0.06981,0.0,-0.06981,Sidewalk
467.0,112.7637,3.5482,-0.94248,0.0,-0.0,185.2368,1.1833,stand_1,335.7146,0.0,-0.0,0.0,-0.0,Sidewalk
467.5,112.7637,3.5482,-0.97738,0.0,-0.06981,185.2368,1.1833,stand_1,335.7355,0.0,-0.06981,0.0,-0.06981,Sidewalk
468.0,112.7637,3.5482,-0.97738,0.0,-0.0,185.2368,1.1833,stand_1,335.7146,0.0,-0.0,0.0,-0.0,Sidewalk
468.5,112.7637,3.5482,-1.01229,0.0,-0.06981,185.2368,1.1833,stand_1,335.7355,0.0,-0.06981,0.0,-0.06981,Sidewalk
469.0,112.7637,3.5482,-1.01229,0.0,-0.0,185.2368,1.1833,stand_1,335.7146,0.0,-0.0,0.0,-0.0,Sidewalk
469.5,112.7637,3.5482,-1.0472,0.0,-0.06981,185.2368,1.1833,stand_1,335.7356,0.0,-0.06981,0.0,-0.06981,Sidewalk
470.0,112.7637,3.5482,-1.0472,0.0,-0.0,185.2368,1.1833,stand_1,335.7146,0.0,-0.0,0.0,-0.0,Sidewalk
470.5,112.7637,3.5482,-1.0821,0.0,-0.06981,185.2368,1.1833,stand_1,335.7356,0.0,-0.06981,0.0,-0.06981,Sidewalk
471.0,112.7637,3.5482,-1.0821,0.0,-0.0,185.2368,1.1833,stand_1,335.7146,0.0,-0.0,0.0,-0.0,Sidewalk
471.5,112.7637,3.5482,-1.11701,0.0,-0.06981,185.2368,1.1833,stand_1,335.7356,0.0,-0.06981,0.0,-0.06981,Sidewalk
472.0,112.7637,3.5482,-1.11701,0.0,-0.0,185.2368,1.1833,stand_1,335.7146,0.0,-0.0,0.0,-0.0,Sidewalk
472.5,112.7637,3.5482,-1.15192,0.0,-0.06981,185.2368,1.1833,stand_1,335.7356,0.0,-0.06981,0.0,-0.06981,Sidewalk
473.0,112.7637,3.5482,-1.15192,0.0,-0.0,185.2368,1.1833,stand_1,335.7146,0.0,-0.0,0.0,-0.0,Sidewalk
473.5,112.7637,3.5482,-1.18682,0.0,-0.06981,185.2368,1.1833,stand_1,335.7356,0.0,-0.06981,0.0,-0.06981,Sidewalk
474.0,112.7637,3.5482,-1.18682,0.0,-0.0,185.2368,1.1833,stand_1,335.7146,0.0,-0.0,0.0,-0.0,Sidewalk
474.5,112.7637,3.5482,-1.22173,0.0,-0.06981,185.2368,1.1833,stand_1,335.7356,0.0,-0.06981,0.0,-0.06981,Sidewalk
475.0,112.7637,3.5482,-1.22173,0.0,-0.0,185.2368,1.1833,stand_1,335.7147,0.0,-0.0,0.0,-0.0,Sidewalk
475.5,112.7637,3.5482,-1.25664,0.0,-0.06981,185.2368,1.1833,stand_1,335.7356,0.0,-0.06981,0.0,-0.06981,Sidewalk
476.0,112.7637,3.5482,-1.25664,0.0,-0.0,185.2368,1.1833,stand_1,335.7147,0.0,-0.0,0.0,-0.0,Sidewalk
476.5,112.7637,3.5482,-1.29154,0.0,-0.06981,185.2368,1.1833,stand_1,335.7356,0.0,-0.06981,0.0,-0.06981,Sidewalk
477.0,112.7637,3.5482,-1.29154,0.0,-0.0,185.2368,1.1833,stand_1,335.7147,0.0,-0.0,0.0,-0.0,Sidewalk
477.5,112.7637,3.5482,-1.32645,0.0,-0.06981,185.2368,1.1833,stand_1,335.7356,0.0,-0.06981,0.0,-0.06981,Sidewalk
478.0,112.7637,3.5482,-1.32645,0.0,-0.0,185.2368,1.1833,stand_1,335.7147,0.0,-0.0,0.0,-0.0,Sidewalk
478.5,112.7637,3.5482,-1.36136,0.0,-0.06981,185.2368,1.1833,stand_1,335.7356,0.0,-0.06981,0.0,-0.06981,Sidewalk
479.0,112.7637,3.5482,-1.36136,0.0,-0.0,185.2368,1.1833,stand_1,335.7147,0.0,-0.0,0.0,-0.0,Sidewalk
479.5,112.7637,3.5482,-1.39626,0.0,-0.06981,185.2368,1.1833,stand_1,335.7356,0.0,-0.06981,0.0,-0.06981,Sidewalk
480.0,112.7637,3.5482,-1.39626,0.0,-0.0,185.2368,1.1833,stand_1,335.7147,0.0,-0.0,0.0,-0.0,Sidewalk
480.5,112.7637,3.5482,-1.43117,0.0,-0.06981,185.2368,1.1833,stand_1,335.7356,0.0,-0.06981,0.0,-0.06981,Sidewalk
481.0,112.7637,3.5482,-1.43117,0.0,-0.0,185.2368,1.1833,stand_1,335.7147,0.0,-0.0,0.0,-0.0,Sidewalk
481.5,112.7637,3.5482,-1.46608,0.0,-0.06981,185.2368,1.1833,stand_1,335.7356,0.0,-0.06981,0.0,-0.06981,Sidewalk
482.0,112.7637,3.5482,-1.46608,0.0,-0.0,185.2368,1.1833,stand_1,335.7147,0.0,-0.0,0.0,-0.0,Sidewalk
482.5,112.7637,3.5482,-1.50098,0.0,-0.06981,185.2368,1.1833,stand_1,335.7357,0.0,-0.06981,0.0,-0.06981,Sidewalk
483.0,112.7637,3.5482,-1.50098,0.0,-0.0,185.2368,1.1833,stand_1,335.7147,0.0,-0.0,0.0,-0.0,Sidewalk
483.5,112.7637,3.5482,-1.53589,0.0,-0.06981,185.2368,1.1833,stand_1,335.7357,0.0,-0.06981,0.0,-0.06981,Sidewalk
484.0,112.7637,3.5482,-1.53589,0.0,-0.0,185.2368,1.1833,stand_1,335.7147,0.0,-0.0,0.0,-0.0,Sidewalk
484.5,112.7637,3.5482,-1.5708,0.0,-0.06981,185.2368,1.1833,stand_1,335.7357,0.0,-0.06981,0.0,-0.06981,Sidewalk
485.0,112.7637,3.5482,-1.5708,0.0,-0.0,185.2368,1.1833,stand_1,335.7147,0.0,-0.0,0.0,-0.0,Sidewalk
485.5,112.7637,3.5482,-1.6057,0.0,-0.06981,185.2368,1.1833,stand_1,335.7357,0.0,-0.06981,0.0,-0.06981,Sidewalk
486.0,112.7637,3.5482,-1.6057,0.0,-0.0,185.2368,1.1833,stand_1,335.7147,0.0,-0.0,0.0,-0.0,Sidewalk
486.5,112.7637,3.5482,-1.64061,0.0,-0.06981,185.2368,1.1833,stand_1,335.7357,0.0,-0.06981,0.0,-0.06981,Sidewalk
487.0,112.7637,3.5482,-1.64061,0.0,-0.0,185.2368,1.1833,stand_1,335.7147,0.0,-0.0,0.0,-0.0,Sidewalk
487.5,112.7637,3.5482,-1.67552,0.0,-0.06981,185.2368,1.1833,stand_1,335.7357,0.0,-0.06981,0.0,-0.06981,Sidewalk
488.0,112.7637,3.5482,-1.67552,0.0,-0.0,185.2368,1.1833,stand_1,335.7148,0.0,-0.0,0.0,-0.0,Sidewalk
488.5,112.7637,3.5482,-1.71042,0.0,-0.06981,185.2368,1.1833,stand_1,335.7357,0.0,-0.06981,0.0,-0.06981,Sidewalk
489.0,112.7637,3.5482,-1.71042,0.0,-0.0,185.2368,1.1833,stand_1,335.7148,0.0,-0.0,0.0,-0.0,Sidewalk
489.5,112.7596,3.5084,-1.67552,0.08,0.06981,185.2411,1.1812,stand_1,335.7337,0.08,0.06981,0.08,0.06981,Sidewalk
490.0,112.7596,3.5084,-1.67552,0.0,-0.0,185.2411,1.1812,stand_1,335.7283,0.0,-0.0,0.0,-0.0,Sidewalk
490.5,112.7568,3.4685,-1.64061,0.08,0.06981,185.244,1.1791,stand_1,335.731,0.08,0.06981,0.08,0.06981,Sidewalk
491.0,112.7568,3.4685,-1.64061,0.0,-0.0,185.244,1.1791,stand_1,335.7395,0.0,-0.0,0.0,-0.0,Sidewalk
491.5,112.7554,3.4285,-1.6057,0.08,0.06981,185.2455,1.177,stand_1,335.7259,0.08,0.06981,0.08,0.06981,Sidewalk
492.0,112.754,3.3886,-1.6057,0.08,-0.0,185.247,1.1763,stand_1,335.7322,0.08,-0.0,0.08,-0.0,Sidewalk
492.5,112.754,3.3486,-1.5708,0.08,0.06981,185.2472,1.1755,stand_1,335.7024,0.08,0.06981,0.08,0.06981,Sidewalk
493.0,112.754,3.3086,-1.5708,0.08,-0.0,185.2473,1.176,stand_1,335.7221,0.08,-0.0,0.08,-0.0,Sidewalk
493.5,112.7554,3.2686,-1.53589,0.08,0.06981,185.2461,1.1765,stand_1,335.6741,0.08,0.06981,0.08,0.06981,Sidewalk
494.0,112.7554,3.2686,-1.53589,0.0,-0.0,185.2461,1.1765,stand_1,335.7569,0.0,-0.0,0.0,-0.0,Sidewalk
494.5,112.7609,3.229,-1.43117,0.08,0.20944,185.2407,1.1742,stand_1,335.7597,0.08,0.20944,0.08,0.20944,Sidewalk
495.0,112.7609,3.229,-1.43117,0.0,-0.0,185.2407,1.1742,stand_1,335.7543,0.0,-0.0,0.0,-0.0,Sidewalk
495.5,112.7609,3.229,-1.46608,0.0,-0.06981,185.2407,1.1742,stand_1,335.7752,0.0,-0.06981,0.0,-0.06981,Sidewalk
496.0,112.7609,3.229,-1.46608,0.0,-0.0,185.2407,1.1742,stand_1,335.7543,0.0,-0.0,0.0,-0.0,Sidewalk
496.5,112.7609,3.229,-1.50098,0.0,-0.06981,185.2407,1.1742,stand_1,335.7753,0.0,-0.06981,0.0,-0.06981,Sidewalk
497.0,112.7609,3.229,-1.50098,0.0,-0.0,185.2407,1.1742,stand_1,335.7543,0.0,-0.0,0.0,-0.0,Sidewalk
497.5,112.7609,3.229,-1.53589,0.0,-0.06981,185.2407,1.1742,stand_1,335.7753,0.0,-0.06981,0.0,-0.06981,Sidewalk
498.0,112.7609,3.229,-1.53589,0.0,-0.0,185.2407,1.1742,stand_1,335.7543,0.0,-0.0,0.0,-0.0,Sidewalk
498.5,112.7609,3.229,-1.5708,0.0,-0.06981,185.2407,1.1742,stand_1,335.7753,0.0,-0.06981,0.0,-0.06981,Sidewalk
499.0,112.7609,3.229,-1.5708,0.0,-0.0,185.2407,1.1742,stand_1,335.7543,0.0,-0.0,0.0,-0.0,Sidewalk
499.5,112.7609,3.229,-1.6057,0.0,-0.06981,185.2407,1.1742,stand_1,335.7753,0.0,-0.06981,0.0,-0.06981,Sidewalk
500.0,112.7609,3.229,-1.6057,0.0,-0.0,185.2407,1.1742,stand_1,335.7543,0.0,-0.0,0.0,-0.0,Sidewalk
500.5,112.7609,3.229,-1.64061,0.0,-0.06981,185.2407,1.1742,stand_1,335.7753,0.0,-0.06981,0.0,-0.06981,Sidewalk
501.0,112.7609,3.229,-1.64061,0.0,-0.0,185.2407,1.1742,stand_1,335.7543,0.0,-0.0,0.0,-0.0,Sidewalk
501.5,112.7609,3.229,-1.67552,0.0,-0.06981,185.2407,1.1742,stand_1,335.7753,0.0,-0.06981,0.0,-0.06981,Sidewalk
502.0,112.7609,3.229,-1.67552,0.0,-0.0,185.2407,1.1742,stand_1,335.7543,0.0,-0.0,0.0,-0.0,Sidewalk
502.5,112.7609,3.229,-1.71042,0.0,-0.06981,185.2407,1.1742,stand_1,335.7753,0.0,-0.06981,0.0,-0.06981,Sidewalk
503.0,112.7609,3.229,-1.71042,0.0,-0.0,185.2407,1.1742,stand_1,335.7544,0.0,-0.0,0.0,-0.0,Sidewalk
503.5,112.7609,3.229,-1.74533,0.0,-0.06981,185.2407,1.1742,stand_1,335.7753,0.0,-0.06981,0.0,-0.06981,Sidewalk
504.0,112.7609,3.229,-1.74533,0.0,-0.0,185.2407,1.1742,stand_1,335.7544,0.0,-0.0,0.0,-0.0,Sidewalk
504.5,112.7609,3.229,-1.78024,0.0,-0.06981,185.2407,1.1742,stand_1,335.7753,0.0,-0.06981,0.0,-0.06981,Sidewalk
505.0,112.7609,3.229,-1.78024,0.0,-0.0,185.2407,1.1742,stand_1,335.7544,0.0,-0.0,0.0,-0.0,Sidewalk
505.5,112.7609,3.229,-1.81514,0.0,-0.06981,185.2407,1.1742,stand_1,335.7753,0.0,-0.06981,0.0,-0.06981,Sidewalk
506.0,112.7609,3.229,-1.81514,0.0,-0.0,185.2407,1.1742,stand_1,335.7544,0.0,-0.0,0.0,-0.0,Sidewalk
506.5,112.7609,3.229,-1.85005,0.0,-0.06981,185.2407,1.1742,stand_1,335.7753,0.0,-0.06981,0.0,-0.06981,Sidewalk
507.0,112.7609,3.229,-1.85005,0.0,-0.0,185.2407,1.1742,stand_1,335.7544,0.0,-0.0,0.0,-0.0,Sidewalk
507.5,112.7609,3.229,-1.88496,0.0,-0.06981,185.2407,1.1742,stand_1,335.7753,0.0,-0.06981,0.0,-0.06981,Sidewalk
508.0,112.7609,3.229,-1.88496,0.0,-0.0,185.2407,1.1742,stand_1,335.7544,0.0,-0.0,0.0,-0.0,Sidewalk
508.5,112.7609,3.229,-1.91986,0.0,-0.06981,185.2407,1.1742,stand_1,335.7753,0.0,-0.06981,0.0,-0.06981,Sidewalk
509.0,112.7609,3.229,-1.91986,0.0,-0.0,185.2407,1.1742,stand_1,335.7544,0.0,-0.0,0.0,-0.0,Sidewalk
509.5,112.7609,3.229,-1.95477,0.0,-0.06981,185.2407,1.1742,stand_1,335.7753,0.0,-0.06981,0.0,-0.06981,Sidewalk
510.0,112.7609,3.229,-1.95477,0.0,-0.0,185.2407,1.1742,stand_1,335.7544,0.0,-0.0,0.0,-0.0,Sidewalk
510.5,112.7609,3.229,-1.98968,0.0,-0.06981,185.2407,1.1742,stand_1,335.7753,0.0,-0.06981,0.0,-0.06981,Sidewalk
511.0,112.7609,3.229,-1.98968,0.0,-0.0,185.2407,1.1742,stand_1,335.7544,0.0,-0.0,0.0,-0.0,Sidewalk
511.5,112.7609,3.229,-2.02458,0.0,-0.06981,185.2407,1.1742,stand_1,335.7753,0.0,-0.06981,0.0,-0.06981,Sidewalk
512.0,112.7609,3.229,-2.02458,0.0,-0.0,185.2407,1.1742,stand_1,335.7544,0.0,-0.0,0.0,-0.0,Sidewalk
512.5,112.7609,3.229,-2.05949,0.0,-0.06981,185.2407,1.1742,stand_1,335.7754,0.0,-0.06981,0.0,-0.06981,Sidewalk
513.0,112.7609,3.229,-2.05949,0.0,-0.0,185.2407,1.1742,stand_1,335.7544,0.0,-0.0,0.0,-0.0,Sidewalk
513.5,112.7609,3.229,-2.0944,0.0,-0.06981,185.2407,1.1742,stand_1,335.7754,0.0,-0.06981,0.0,-0.06981,Sidewalk
514.0,112.7609,3.229,-2.0944,0.0,-0.0,185.2407,1.1742,stand_1,335.7544,0.0,-0.0,0.0,-0.0,Sidewalk
514.5,112.7609,3.229,-2.1293,0.0,-0.06981,185.2407,1.1742,stand_1,335.7754,0.0,-0.06981,0.0,-0.06981,Sidewalk
515.0,112.7609,3.229,-2.1293,0.0,-0.0,185.2407,1.1742,stand_1,335.7544,0.0,-0.0,0.0,-0.0,Sidewalk
515.5,112.7609,3.229,-2.16421,0.0,-0.06981,185.2407,1.1742,stand_1,335.7754,0.0,-0.06981,0.0,-0.06981,Sidewalk
516.0,112.7609,3.229,-2.16421,0.0,-0.0,185.2407,1.1742,stand_1,335.7544,0.0,-0.0,0.0,-0.0,Sidewalk
516.5,112.7609,3.229,-2.19911,0.0,-0.06981,185.2407,1.1742,stand_1,335.7754,0.0,-0.06981,0.0,-0.06981,Sidewalk
517.0,112.7609,3.229,-2.19911,0.0,-0.0,185.2407,1.1742,stand_1,335.7544,0.0,-0.0,0.0,-0.0,Sidewalk
517.5,112.7609,3.229,-2.23402,0.0,-0.06981,185.2407,1.1742,stand_1,335.7754,0.0,-0.06981,0.0,-0.06981,Sidewalk
518.0,112.7609,3.229,-2.23402,0.0,-0.0,185.2407,1.1742,stand_1,335.7545,0.0,-0.0,0.0,-0.0,Sidewalk
518.5,112.7609,3.229,-2.26893,0.0,-0.06981,185.2407,1.1742,stand_1,335.7754,0.0,-0.06981,0.0,-0.06981,Sidewalk
519.0,112.7609,3.229,-2.26893,0.0,-0.0,185.2407,1.1742,stand_1,335.7545,0.0,-0.0,0.0,-0.0,Sidewalk
519.5,112.7609,3.229,-2.30383,0.0,-0.06981,185.2407,1.1742,stand_1,335.7754,0.0,-0.06981,0.0,-0.06981,Sidewalk
520.0,112.7609,3.229,-2.30383,0.0,-0.0,185.2407,1.1741,stand_1,335.7545,0.0,-0.0,0.0,-0.0,Sidewalk
520.5,112.7609,3.229,-2.33874,0.0,-0.06981,185.2407,1.1741,stand_1,335.7754,0.0,-0.06981,0.0,-0.06981,Sidewalk
521.0,112.7609,3.229,-2.33874,0.0,-0.0,185.2407,1.1741,stand_1,335.7545,0.0,-0.0,0.0,-0.0,Sidewalk
521.5,112.7609,3.229,-2.37365,0.0,-0.06981,185.2407,1.1741,stand_1,335.7754,0.0,-0.06981,0.0,-0.06981,Sidewalk
522.0,112.7609,3.229,-2.37365,0.0,-0.0,185.2407,1.1741,stand_1,335.7545,0.0,-0.0,0.0,-0.0,Sidewalk
522.5,112.7609,3.229,-2.40855,0.0,-0.06981,185.2407,1.1741,stand_1,335.7754,0.0,-0.06981,0.0,-0.06981,Sidewalk
523.0,112.7609,3.229,-2.40855,0.0,-0.0,185.2407,1.1741,stand_1,335.7545,0.0,-0.0,0.0,-0.0,Sidewalk
523.5,112.7609,3.229,-2.44346,0.0,-0.06981,185.2407,1.1741,stand_1,335.7754,0.0,-0.06981,0.0,-0.06981,Sidewalk
524.0,112.7609,3.229,-2.44346,0.0,-0.0,185.2407,1.1741,stand_1,335.7545,0.0,-0.0,0.0,-0.0,Sidewalk
524.5,112.7609,3.229,-2.47837,0.0,-0.06981,185.2407,1.1741,stand_1,335.7754,0.0,-0.06981,0.0,-0.06981,Sidewalk
525.0,112.7609,3.229,-2.47837,0.0,-0.0,185.2407,1.1741,stand_1,335.7545,0.0,-0.0,0.0,-0.0,Sidewalk
525.5,112.7609,3.229,-2.51327,0.0,-0.06981,185.2407,1.1741,stand_1,335.7754,0.0,-0.06981,0.0,-0.06981,Sidewalk
526.0,112.7609,3.229,-2.51327,0.0,-0.0,185.2407,1.1741,stand_1,335.7545,0.0,-0.0,0.0,-0.0,Sidewalk
526.5,112.7609,3.229,-2.54818,0.0,-0.06981,185.2407,1.1741,stand_1,335.7755,0.0,-0.06981,0.0,-0.06981,Sidewalk
527.0,112.7609,3.229,-2.54818,0.0,-0.0,185.2407,1.1741,stand_1,335.7545,0.0,-0.0,0.0,-0.0,Sidewalk
527.5,112.7609,3.229,-2.58309,0.0,-0.06981,185.2407,1.1741,stand_1,335.7755,0.0,-0.06981,0.0,-0.06981,Sidewalk
528.0,112.7609,3.229,-2.58309,0.0,-0.0,185.2407,1.1741,stand_1,335.7545,0.0,-0.0,0.0,-0.0,Sidewalk
528.5,112.7609,3.229,-2.61799,0.0,-0.06981,185.2407,1.1741,stand_1,335.7755,0.0,-0.06981,0.0,-0.06981,Sidewalk
529.0,112.7609,3.229,-2.61799,0.0,-0.0,185.2407,1.1741,stand_1,335.7545,0.0,-0.0,0.0,-0.0,Sidewalk
529.5,112.7609,3.229,-2.58309,0.0,0.06981,185.2407,1.1741,stand_1,335.7755,0.0,0.06981,0.0,0.06981,Sidewalk
530.0,112.7609,3.229,-2.58309,0.0,-0.0,185.2407,1.1741,stand_1,335.7545,0.0,-0.0,0.0,-0.0,Sidewalk
530.5,112.7609,3.229,-2.54818,0.0,0.06981,185.2407,1.1741,stand_1,335.7755,0.0,0.06981,0.0,0.06981,Sidewalk
531.0,112.7609,3.229,-2.54818,0.0,-0.0,185.2407,1.1741,stand_1,335.7545,0.0,-0.0,0.0,-0.0,Sidewalk
531.5,112.7609,3.229,-2.51327,0.0,0.06981,185.2407,1.1741,stand_1,335.7755,0.0,0.06981,0.0,0.06981,Sidewalk
532.0,112.7609,3.229,-2.51327,0.0,-0.0,185.2407,1.1741,stand_1,335.7545,0.0,-0.0,0.0,-0.0,Sidewalk
532.5,112.7609,3.229,-2.47837,0.0,0.06981,185.2407,1.1741,stand_1,335.7755,0.0,0.06981,0.0,0.06981,Sidewalk
533.0,112.7609,3.229,-2.47837,0.0,-0.0,185.2407,1.1741,stand_1,335.7546,0.0,-0.0,0.0,-0.0,Sidewalk
533.5,112.7609,3.229,-2.44346,0.0,0.06981,185.2407,1.1741,stand_1,335.7755,0.0,0.06981,0.0,0.06981,Sidewalk
534.0,112.7609,3.229,-2.44346,0.0,-0.0,185.2407,1.1741,stand_1,335.7546,0.0,-0.0,0.0,-0.0,Sidewalk
534.5,112.7609,3.229,-2.40855,0.0,0.06981,185.2407,1.1741,stand_1,335.7755,0.0,0.06981,0.0,0.06981,Sidewalk
535.0,112.7609,3.229,-2.40855,0.0,-0.0,185.2407,1.1741,stand_1,335.7546,0.0,-0.0,0.0,-0.0,Sidewalk
535.5,112.7609,3.229,-2.37365,0.0,0.06981,185.2407,1.1741,stand_1,335.7755,0.0,0.06981,0.0,0.06981,Sidewalk
536.0,112.7609,3.229,-2.37365,0.0,-0.0,185.2407,1.1741,stand_1,335.7546,0.0,-0.0,0.0,-0.0,Sidewalk
536.5,112.7609,3.229,-2.33874,0.0,0.06981,185.2407,1.1741,stand_1,335.7755,0.0,0.06981,0.0,0.06981,Sidewalk
537.0,112.7609,3.229,-2.33874,0.0,-0.0,185.2407,1.1741,stand_1,335.7546,0.0,-0.0,0.0,-0.0,Sidewalk
537.5,112.7609,3.229,-2.30383,0.0,0.06981,185.2407,1.1741,stand_1,335.7755,0.0,0.06981,0.0,0.06981,Sidewalk
538.0,112.7609,3.229,-2.30383,0.0,-0.0,185.2407,1.1741,stand_1,335.7546,0.0,-0.0,0.0,-0.0,Sidewalk
538.5,112.7609,3.229,-2.26893,0.0,0.06981,185.2407,1.1741,stand_1,335.7755,0.0,0.06981,0.0,0.06981,Sidewalk
539.0,112.7609,3.229,-2.26893,0.0,-0.0,185.2407,1.1741,stand_1,335.7546,0.0,-0.0,0.0,-0.0,Sidewalk
539.5,112.7609,3.229,-2.23402,0.0,0.06981,185.2407,1.1741,stand_1,335.7755,0.0,0.06981,0.0,0.06981,Sidewalk
540.0,112.7609,3.229,-2.23402,0.0,-0.0,185.2407,1.1741,stand_1,335.7546,0.0,-0.0,0.0,-0.0,Sidewalk
540.5,112.7609,3.229,-2.19911,0.0,0.06981,185.2407,1.1741,stand_1,335.7756,0.0,0.06981,0.0,0.06981,Sidewalk
541.0,112.7609,3.229,-2.19911,0.0,-0.0,185.2407,1.1741,stand_1,335.7546,0.0,-0.0,0.0,-0.0,Sidewalk
541.5,112.7609,3.229,-2.16421,0.0,0.06981,185.2407,1.1741,stand_1,335.7756,0.0,0.06981,0.0,0.06981,Sidewalk
542.0,112.7609,3.229,-2.16421,0.0,-0.0,185.2407,1.1741,stand_1,335.7546,0.0,-0.0,0.0,-0.0,Sidewalk
542.5,112.7609,3.229,-2.1293,0.0,0.06981,185.2407,1.1741,stand_1,335.7756,0.0,0.06981,0.0,0.06981,Sidewalk
543.0,112.7609,3.229,-2.1293,0.0,-0.0,185.2407,1.1741,stand_1,335.7546,0.0,-0.0,0.0,-0.0,Sidewalk
543.5,112.7609,3.229,-2.0944,0.0,0.06981,185.2407,1.1741,stand_1,335.7756,0.0,0.06981,0.0,0.06981,Sidewalk
544.0,112.7609,3.229,-2.0944,0.0,-0.0,185.2407,1.1741,stand_1,335.7546,0.0,-0.0,0.0,-0.0,Sidewalk
544.5,112.7609,3.229,-2.05949,0.0,0.06981,185.2407,1.1741,stand_1,335.7756,0.0,0.06981,0.0,0.06981,Sidewalk
545.0,112.7609,3.229,-2.05949,0.0,-0.0,185.2407,1.1741,stand_1,335.7546,0.0,-0.0,0.0,-0.0,Sidewalk
545.5,112.7609,3.229,-2.02458,0.0,0.06981,185.2407,1.1741,stand_1,335.7756,0.0,0.06981,0.0,0.06981,Sidewalk
546.0,112.7609,3.229,-2.02458,0.0,-0.0,185.2407,1.1741,stand_1,335.7547,0.0,-0.0,0.0,-0.0,Sidewalk
546.5,112.7609,3.229,-1.98968,0.0,0.06981,185.2407,1.1741,stand_1,335.7756,0.0,0.06981,0.0,0.06981,Sidewalk
547.0,112.7609,3.229,-1.98968,0.0,-0.0,185.2407,1.1741,stand_1,335.7547,0.0,-0.0,0.0,-0.0,Sidewalk
547.5,112.7609,3.229,-1.95477,0.0,0.06981,185.2407,1.1741,stand_1,335.7756,0.0,0.06981,0.0,0.06981,Sidewalk
548.0,112.7609,3.229,-1.95477,0.0,-0.0,185.2407,1.1741,stand_1,335.7547,0.0,-0.0,0.0,-0.0,Sidewalk
548.5,112.7609,3.229,-1.91986,0.0,0.06981,185.2407,1.1741,stand_1,335.7756,0.0,0.06981,0.0,0.06981,Sidewalk
549.0,112.7609,3.229,-1.91986,0.0,-0.0,185.2407,1.1741,stand_1,335.7547,0.0,-0.0,0.0,-0.0,Sidewalk
549.5,112.7609,3.229,-1.88496,0.0,0.06981,185.2407,1.1741,stand_1,335.7756,0.0,0.06981,0.0,0.06981,Sidewalk
550.0,112.7609,3.229,-1.88496,0.0,-0.0,185.2407,1.1741,stand_1,335.7547,0.0,-0.0,0.0,-0.0,Sidewalk
550.5,112.7609,3.229,-1.85005,0.0,0.06981,185.2407,1.1741,stand_1,335.7756,0.0,0.06981,0.0,0.06981,Sidewalk
551.0,112.7609,3.229,-1.85005,0.0,-0.0,185.2407,1.1741,stand_1,335.7547,0.0,-0.0,0.0,-0.0,Sidewalk
551.5,112.7609,3.229,-1.81514,0.0,0.06981,185.2407,1.1741,stand_1,335.7756,0.0,0.06981,0.0,0.06981,Sidewalk
552.0,112.7609,3.229,-1.81514,0.0,-0.0,185.2407,1.1741,stand_1,335.7547,0.0,-0.0,0.0,-0.0,Sidewalk
552.5,112.7609,3.229,-1.78024,0.0,0.06981,185.2407,1.174,stand_1,335.7756,0.0,0.06981,0.0,0.06981,Sidewalk
553.0,112.7609,3.229,-1.78024,0.0,-0.0,185.2407,1.174,stand_1,335.7547,0.0,-0.0,0.0,-0.0,Sidewalk
553.5,112.7609,3.229,-1.74533,0.0,0.06981,185.2407,1.174,stand_1,335.7756,0.0,0.06981,0.0,0.06981,Sidewalk
554.0,112.7609,3.229,-1.74533,0.0,-0.0,185.2407,1.174,stand_1,335.7547,0.0,-0.0,0.0,-0.0,Sidewalk
554.5,112.7609,3.229,-1.71042,0.0,0.06981,185.2407,1.174,stand_1,335.7757,0.0,0.06981,0.0,0.06981,Sidewalk
555.0,112.7609,3.229,-1.71042,0.0,-0.0,185.2407,1.174,stand_1,335.7547,0.0,-0.0,0.0,-0.0,Sidewalk
555.5,112.7609,3.229,-1.67552,0.0,0.06981,185.2407,1.174,stand_1,335.7757,0.0,0.06981,0.0,0.06981,Sidewalk
556.0,112.7609,3.229,-1.67552,0.0,-0.0,185.2407,1.174,stand_1,335.7547,0.0,-0.0,0.0,-0.0,Sidewalk
556.5,112.7609,3.229,-1.64061,0.0,0.06981,185.2407,1.174,stand_1,335.7757,0.0,0.06981,0.0,0.06981,Sidewalk
557.0,112.7609,3.229,-1.64061,0.0,-0.0,185.2407,1.174,stand_1,335.7547,0.0,-0.0,0.0,-0.0,Sidewalk
557.5,112.7609,3.229,-1.6057,0.0,0.06981,185.2407,1.174,stand_1,335.7757,0.0,0.06981,0.0,0.06981,Sidewalk
558.0,112.7609,3.229,-1.6057,0.0,-0.0,185.2407,1.174,stand_1,335.7547,0.0,-0.0,0.0,-0.0,Sidewalk
558.5,112.7609,3.229,-1.5708,0.0,0.06981,185.2407,1.174,stand_1,335.7757,0.0,0.06981,0.0,0.06981,Sidewalk
559.0,112.7609,3.229,-1.5708,0.0,-0.0,185.2407,1.174,stand_1,335.7547,0.0,-0.0,0.0,-0.0,Sidewalk
559.5,112.7609,3.229,-1.53589,0.0,0.06981,185.2407,1.174,stand_1,335.7757,0.0,0.06981,0.0,0.06981,Sidewalk
560.0,112.7609,3.229,-1.53589,0.0,-0.0,185.2407,1.174,stand_1,335.7548,0.0,-0.0,0.0,-0.0,Sidewalk
560.5,112.7609,3.229,-1.50098,0.0,0.06981,185.2407,1.174,stand_1,335.7757,0.0,0.06981,0.0,0.06981,Sidewalk
561.0,112.7609,3.229,-1.50098,0.0,-0.0,185.2407,1.174,stand_1,335.7548,0.0,-0.0,0.0,-0.0,Sidewalk
561.5,112.7609,3.229,-1.46608,0.0,0.06981,185.2407,1.174,stand_1,335.7757,0.0,0.06981,0.0,0.06981,Sidewalk
562.0,112.7609,3.229,-1.46608,0.0,-0.0,185.2407,1.174,stand_1,335.7548,0.0,-0.0,0.0,-0.0,Sidewalk
562.5,112.7609,3.229,-1.43117,0.0,0.06981,185.2407,1.174,stand_1,335.7757,0.0,0.06981,0.0,0.06981,Sidewalk
563.0,112.7609,3.229,-1.43117,0.0,-0.0,185.2407,1.174,stand_1,335.7548,0.0,-0.0,0.0,-0.0,Sidewalk
563.5,112.7609,3.229,-1.39626,0.0,0.06981,185.2407,1.174,stand_1,335.7757,0.0,0.06981,0.0,0.06981,Sidewalk
564.0,112.7609,3.229,-1.39626,0.0,-0.0,185.2407,1.174,stand_1,335.7548,0.0,-0.0,0.0,-0.0,Sidewalk
564.5,112.7609,3.229,-1.36136,0.0,0.06981,185.2407,1.174,stand_1,335.7757,0.0,0.06981,0.0,0.06981,Sidewalk
565.0,112.7609,3.229,-1.36136,0.0,-0.0,185.2407,1.174,stand_1,335.7548,0.0,-0.0,0.0,-0.0,Sidewalk
565.5,112.7609,3.229,-1.32645,0.0,0.06981,185.2407,1.174,stand_1,335.7757,0.0,0.06981,0.0,0.06981,Sidewalk
566.0,112.7609,3.229,-1.32645,0.0,-0.0,185.2407,1.174,stand_1,335.7548,0.0,-0.0,0.0,-0.0,Sidewalk
566.5,112.7609,3.229,-1.29154,0.0,0.06981,185.2407,1.174,stand_1,335.7757,0.0,0.06981,0.0,0.06981,Sidewalk
567.0,112.7609,3.229,-1.29154,0.0,-0.0,185.2407,1.174,stand_1,335.7548,0.0,-0.0,0.0,-0.0,Sidewalk
567.5,112.7609,3.229,-1.25664,0.0,0.06981,185.2407,1.174,stand_1,335.7758,0.0,0.06981,0.0,0.06981,Sidewalk
568.0,112.7609,3.229,-1.25664,0.0,-0.0,185.2407,1.174,stand_1,335.7548,0.0,-0.0,0.0,-0.0,Sidewalk
568.5,112.7609,3.229,-1.22173,0.0,0.06981,185.2407,1.174,stand_1,335.7758,0.0,0.06981,0.0,0.06981,Sidewalk
569.0,112.7609,3.229,-1.22173,0.0,-0.0,185.2407,1.174,stand_1,335.7548,0.0,-0.0,0.0,-0.0,Sidewalk
569.5,112.7609,3.229,-1.18682,0.0,0.06981,185.2407,1.174,stand_1,335.7758,0.0,0.06981,0.0,0.06981,Sidewalk
570.0,112.7609,3.229,-1.18682,0.0,-0.0,185.2407,1.174,stand_1,335.7548,0.0,-0.0,0.0,-0.0,Sidewalk
570.5,112.7609,3.229,-1.15192,0.0,0.06981,185.2407,1.174,stand_1,335.7758,0.0,0.06981,0.0,0.06981,Sidewalk
571.0,112.7609,3.229,-1.15192,0.0,-0.0,185.2407,1.174,stand_1,335.7548,0.0,-0.0,0.0,-0.0,Sidewalk
571.5,112.7609,3.229,-1.11701,0.0,0.06981,185.2407,1.174,stand_1,335.7758,0.0,0.06981,0.0,0.06981,Sidewalk
572.0,112.7609,3.229,-1.11701,0.0,-0.0,185.2407,1.174,stand_1,335.7548,0.0,-0.0,0.0,-0.0,Sidewalk
572.5,112.7609,3.229,-1.0821,0.0,0.06981,185.2407,1.174,stand_1,335.7758,0.0,0.06981,0.0,0.06981,Sidewalk
573.0,112.7609,3.229,-1.0821,0.0,-0.0,185.2407,1.174,stand_1,335.7548,0.0,-0.0,0.0,-0.0,Sidewalk
573.5,112.7609,3.229,-1.0472,0.0,0.06981,185.2407,1.174,stand_1,335.7758,0.0,0.06981,0.0,0.06981,Sidewalk
574.0,112.7609,3.229,-1.0472,0.0,-0.0,185.2407,1.174,stand_1,335.7549,0.0,-0.0,0.0,-0.0,Sidewalk
574.5,112.7609,3.229,-1.01229,0.0,0.06981,185.2407,1.174,stand_1,335.7758,0.0,0.06981,0.0,0.06981,Sidewalk
575.0,112.7609,3.229,-1.01229,0.0,-0.0,185.2407,1.174,stand_1,335.7549,0.0,-0.0,0.0,-0.0,Sidewalk
575.5,112.7609,3.229,-0.97738,0.0,0.06981,185.2407,1.174,stand_1,335.7758,0.0,0.06981,0.0,0.06981,Sidewalk
576.0,112.7609,3.229,-0.97738,0.0,-0.0,185.2407,1.174,stand_1,335.7549,0.0,-0.0,0.0,-0.0,Sidewalk
576.5,112.7609,3.229,-0.94248,0.0,0.06981,185.2407,1.174,stand_1,335.7758,0.0,0.06981,0.0,0.06981,Sidewalk
577.0,112.7609,3.229,-0.94248,0.0,-0.0,185.2407,1.174,stand_1,335.7549,0.0,-0.0,0.0,-0.0,Sidewalk
577.5,112.7609,3.229,-0.90757,0.0,0.06981,185.2407,1.174,stand_1,335.7758,0.0,0.06981,0.0,0.06981,Sidewalk
578.0,112.7609,3.229,-0.90757,0.0,-0.0,185.2407,1.174,stand_1,335.7549,0.0,-0.0,0.0,-0.0,Sidewalk
578.5,112.7609,3.229,-0.87266,0.0,0.06981,185.2407,1.174,stand_1,335.7758,0.0,0.06981,0.0,0.06981,Sidewalk
579.0,112.7609,3.229,-0.87266,0.0,-0.0,185.2407,1.174,stand_1,335.7549,0.0,-0.0,0.0,-0.0,Sidewalk
579.5,112.7609,3.229,-0.83776,0.0,0.06981,185.2407,1.174,stand_1,335.7758,0.0,0.06981,0.0,0.06981,Sidewalk
580.0,112.7609,3.229,-0.83776,0.0,-0.0,185.2407,1.174,stand_1,335.7549,0.0,-0.0,0.0,-0.0,Sidewalk
580.5,112.7609,3.229,-0.80285,0.0,0.06981,185.2407,1.174,stand_1,335.7758,0.0,0.06981,0.0,0.06981,Sidewalk
581.0,112.7609,3.229,-0.80285,0.0,-0.0,185.2407,1.174,stand_1,335.7549,0.0,-0.0,0.0,-0.0,Sidewalk
581.5,112.7609,3.229,-0.76794,0.0,0.06981,185.2407,1.174,stand_1,335.7758,0.0,0.06981,0.0,0.06981,Sidewalk
582.0,112.7609,3.229,-0.76794,0.0,-0.0,185.2407,1.174,stand_1,335.7549,0.0,-0.0,0.0,-0.0,Sidewalk
582.5,112.7609,3.229,-0.73304,0.0,0.06981,185.2407,1.174,stand_1,335.7759,0.0,0.06981,0.0,0.06981,Sidewalk
583.0,112.7609,3.229,-0.73304,0.0,-0.0,185.2407,1.174,stand_1,335.7549,0.0,-0.0,0.0,-0.0,Sidewalk
583.5,112.7609,3.229,-0.69813,0.0,0.06981,185.2407,1.174,stand_1,335.7759,0.0,0.06981,0.0,0.06981,Sidewalk
584.0,112.7609,3.229,-0.69813,0.0,-0.0,185.2407,1.174,stand_1,335.7549,0.0,-0.0,0.0,-0.0,Sidewalk
584.5,112.7609,3.229,-0.66323,0.0,0.06981,185.2407,1.174,stand_1,335.7759,0.0,0.06981,0.0,0.06981,Sidewalk
585.0,112.7609,3.229,-0.66323,0.0,-0.0,185.2407,1.174,stand_1,335.7549,0.0,-0.0,0.0,-0.0,Sidewalk
585.5,112.7609,3.229,-0.62832,0.0,0.06981,185.2407,1.1739,stand_1,335.7759,0.0,0.06981,0.0,0.06981,Sidewalk
586.0,112.7609,3.229,-0.62832,0.0,-0.0,185.2407,1.1739,stand_1,335.7549,0.0,-0.0,0.0,-0.0,Sidewalk
586.5,112.7609,3.229,-0.59341,0.0,0.06981,185.2407,1.1739,stand_1,335.7759,0.0,0.06981,0.0,0.06981,Sidewalk
587.0,112.7609,3.229,-0.59341,0.0,-0.0,185.2407,1.1739,stand_1,335.7549,0.0,-0.0,0.0,-0.0,Sidewalk
587.5,112.7609,3.229,-0.55851,0.0,0.06981,185.2407,1.1739,stand_1,335.7759,0.0,0.06981,0.0,0.06981,Sidewalk
588.0,112.7609,3.229,-0.55851,0.0,-0.0,185.2407,1.1739,stand_1,335.7549,0.0,-0.0,0.0,-0.0,Sidewalk
588.5,112.7609,3.229,-0.5236,0.0,0.06981,185.2407,1.1739,stand_1,335.7759,0.0,0.06981,0.0,0.06981,Sidewalk
589.0,112.7609,3.229,-0.5236,0.0,-0.0,185.2407,1.1739,stand_1,335.7549,0.0,-0.0,0.0,-0.0,Sidewalk
589.5,112.7609,3.229,-0.48869,0.0,0.06981,185.2407,1.1739,stand_1,335.7759,0.0,0.06981,0.0,0.06981,Sidewalk
590.0,112.7609,3.229,-0.48869,0.0,-0.0,185.2407,1.1739,stand_1,335.755,0.0,-0.0,0.0,-0.0,Sidewalk
590.5,112.7609,3.229,-0.45379,0.0,0.06981,185.2407,1.1739,stand_1,335.7759,0.0,0.06981,0.0,0.06981,Sidewalk
591.0,112.7609,3.229,-0.45379,0.0,-0.0,185.2407,1.1739,stand_1,335.755,0.0,-0.0,0.0,-0.0,Sidewalk
591.5,112.7609,3.229,-0.41888,0.0,0.06981,185.2407,1.1739,stand_1,335.7759,0.0,0.06981,0.0,0.06981,Sidewalk
592.0,112.7609,3.229,-0.41888,0.0,-0.0,185.2407,1.1739,stand_1,335.755,0.0,-0.0,0.0,-0.0,Sidewalk
592.5,112.7609,3.229,-0.38397,0.0,0.06981,185.2407,1.1739,stand_1,335.7759,0.0,0.06981,0.0,0.06981,Sidewalk
593.0,112.7609,3.229,-0.38397,0.0,-0.0,185.2407,1.1739,stand_1,335.755,0.0,-0.0,0.0,-0.0,Sidewalk
593.5,112.7609,3.229,-0.34907,0.0,0.06981,185.2407,1.1739,stand_1,335.7759,0.0,0.06981,0.0,0.06981,Sidewalk
594.0,112.7609,3.229,-0.34907,0.0,-0.0,185.2407,1.1739,stand_1,335.755,0.0,-0.0,0.0,-0.0,Sidewalk
594.5,112.7609,3.229,-0.31416,0.0,0.06981,185.2407,1.1739,stand_1,335.7759,0.0,0.06981,0.0,0.06981,Sidewalk
595.0,112.7609,3.229,-0.31416,0.0,-0.0,185.2407,1.1739,stand_1,335.755,0.0,-0.0,0.0,-0.0,Sidewalk
595.5,112.7609,3.229,-0.27925,0.0,0.06981,185.2407,1.1739,stand_1,335.7759,0.0,0.06981,0.0,0.06981,Sidewalk
596.0,112.7609,3.229,-0.27925,0.0,-0.0,185.2407,1.1739,stand_1,335.755,0.0,-0.0,0.0,-0.0,Sidewalk
596.5,112.7609,3.229,-0.24435,0.0,0.06981,185.2407,1.1739,stand_1,335.7759,0.0,0.06981,0.0,0.06981,Sidewalk
597.0,112.7609,3.229,-0.24435,0.0,-0.0,185.2407,1.1739,stand_1,335.755,0.0,-0.0,0.0,-0.0,Sidewalk
597.5,112.7609,3.229,-0.20944,0.0,0.06981,185.2407,1.1739,stand_1,335.7759,0.0,0.06981,0.0,0.06981,Sidewalk
598.0,112.7609,3.229,-0.20944,0.0,-0.0,185.2407,1.1739,stand_1,335.755,0.0,-0.0,0.0,-0.0,Sidewalk
598.5,112.7609,3.229,-0.17453,0.0,0.06981,185.2407,1.1739,stand_1,335.776,0.0,0.06981,0.0,0.06981,Sidewalk
599.0,112.7609,3.229,-0.17453,0.0,-0.0,185.2407,1.1739,stand_1,335.755,0.0,-0.0,0.0,-0.0,Sidewalk
599.5,112.7609,3.229,-0.13963,0.0,0.06981,185.2407,1.1739,stand_1,335.776,0.0,0.06981,0.0,0.06981,Sidewalk
600.0,112.7609,3.229,-0.13963,0.0,-0.0,185.2407,1.1739,stand_1,335.755,0.0,-0.0,0.0,-0.0,Sidewalk
600.5,112.7609,3.229,-0.10472,0.0,0.06981,185.2407,1.1739,stand_1,335.776,0.0,0.06981,0.0,0.06981,Sidewalk
601.0,112.7609,3.229,-0.10472,0.0,-0.0,185.2407,1.1739,stand_1,335.755,0.0,-0.0,0.0,-0.0,Sidewalk
601.5,112.7609,3.229,-0.06981,0.0,0.06981,185.2407,1.1739,stand_1,335.776,0.0,0.06981,0.0,0.06981,Sidewalk
602.0,112.7609,3.229,-0.06981,0.0,-0.0,185.2407,1.1739,stand_1,335.755,0.0,-0.0,0.0,-0.0,Sidewalk
602.5,112.7609,3.229,-0.03491,0.0,0.06981,185.2407,1.1739,stand_1,335.776,0.0,0.06981,0.0,0.06981,Sidewalk
603.0,112.7609,3.229,-0.03491,0.0,-0.0,185.2407,1.1739,stand_1,335.755,0.0,-0.0,0.0,-0.0,Sidewalk
603.5,112.7609,3.229,-0.0,0.0,0.06981,185.2407,1.1739,stand_1,335.776,0.0,0.06981,0.0,0.06981,Sidewalk
604.0,112.7609,3.229,-0.0,0.0,-0.0,185.2407,1.1739,stand_1,335.755,0.0,-0.0,0.0,-0.0,Sidewalk
604.5,112.7609,3.229,0.03491,0.0,0.06981,185.2407,1.1739,stand_1,335.776,0.0,0.06981,0.0,0.06981,Sidewalk
605.0,112.7609,3.229,0.03491,0.0,-0.0,185.2407,1.1739,stand_1,335.7551,0.0,-0.0,0.0,-0.0,Sidewalk
605.5,112.7609,3.229,0.06981,0.0,0.06981,185.2407,1.1739,stand_1,335.776,0.0,0.06981,0.0,0.06981,Sidewalk
606.0,112.7609,3.229,0.06981,0.0,-0.0,185.2407,1.1739,stand_1,335.7551,0.0,-0.0,0.0,-0.0,Sidewalk
606.5,112.7609,3.229,0.10472,0.0,0.06981,185.2407,1.1739,stand_1,335.776,0.0,0.06981,0.0,0.06981,Sidewalk
607.0,112.7609,3.229,0.10472,0.0,-0.0,185.2407,1.1739,stand_1,335.7551,0.0,-0.0,0.0,-0.0,Sidewalk
607.5,112.7609,3.229,0.13963,0.0,0.06981,185.2407,1.1739,stand_1,335.776,0.0,0.06981,0.0,0.06981,Sidewalk
608.0,112.7609,3.229,0.13963,0.0,-0.0,185.2407,1.1739,stand_1,335.7551,0.0,-0.0,0.0,-0.0,Sidewalk
608.5,112.7609,3.229,0.17453,0.0,0.06981,185.2407,1.1739,stand_1,335.776,0.0,0.06981,0.0,0.06981,Sidewalk
609.0,112.7609,3.229,0.17453,0.0,-0.0,185.2407,1.1739,stand_1,335.7551,0.0,-0.0,0.0,-0.0,Sidewalk
609.5,112.7609,3.229,0.20944,0.0,0.06981,185.2407,1.1739,stand_1,335.776,0.0,0.06981,0.0,0.06981,Sidewalk
610.0,112.7609,3.229,0.20944,0.0,-0.0,185.2407,1.1739,stand_1,335.7551,0.0,-0.0,0.0,-0.0,Sidewalk
610.5,112.7609,3.229,0.24435,0.0,0.06981,185.2407,1.1739,stand_1,335.776,0.0,0.06981,0.0,0.06981,Sidewalk
611.0,112.7609,3.229,0.24435,0.0,-0.0,185.2407,1.1739,stand_1,335.7551,0.0,-0.0,0.0,-0.0,Sidewalk
611.5,112.7609,3.229,0.27925,0.0,0.06981,185.2407,1.1739,stand_1,335.776,0.0,0.06981,0.0,0.06981,Sidewalk
612.0,112.7609,3.229,0.27925,0.0,-0.0,185.2407,1.1739,stand_1,335.7551,0.0,-0.0,0.0,-0.0,Sidewalk
612.5,112.7609,3.229,0.31416,0.0,0.06981,185.2407,1.1739,stand_1,335.7761,0.0,0.06981,0.0,0.06981,Sidewalk
613.0,112.7609,3.229,0.31416,0.0,-0.0,185.2407,1.1739,stand_1,335.7551,0.0,-0.0,0.0,-0.0,Sidewalk
613.5,112.7609,3.229,0.34907,0.0,0.06981,185.2407,1.1739,stand_1,335.7761,0.0,0.06981,0.0,0.06981,Sidewalk
614.0,112.7609,3.229,0.34907,0.0,-0.0,185.2407,1.1739,stand_1,335.7551,0.0,-0.0,0.0,-0.0,Sidewalk
614.5,112.7609,3.229,0.38397,0.0,0.06981,185.2407,1.1739,stand_1,335.7761,0.0,0.06981,0.0,0.06981,Sidewalk
615.0,112.7609,3.229,0.38397,0.0,-0.0,185.2407,1.1739,stand_1,335.7551,0.0,-0.0,0.0,-0.0,Sidewalk
615.5,112.7609,3.229,0.41888,0.0,0.06981,185.2407,1.1739,stand_1,335.7761,0.0,0.06981,0.0,0.06981,Sidewalk
616.0,112.7609,3.229,0.41888,0.0,-0.0,185.2407,1.1739,stand_1,335.7551,0.0,-0.0,0.0,-0.0,Sidewalk
616.5,112.7609,3.229,0.45379,0.0,0.06981,185.2407,1.1739,stand_1,335.7761,0.0,0.06981,0.0,0.06981,Sidewalk
617.0,112.7609,3.229,0.45379,0.0,-0.0,185.2407,1.1739,stand_1,335.7551,0.0,-0.0,0.0,-0.0,Sidewalk
617.5,112.7609,3.229,0.48869,0.0,0.06981,185.2407,1.1739,stand_1,335.7761,0.0,0.06981,0.0,0.06981,Sidewalk
618.0,112.7609,3.229,0.48869,0.0,-0.0,185.2407,1.1739,stand_1,335.7551,0.0,-0.0,0.0,-0.0,Sidewalk
618.5,112.7609,3.229,0.5236,0.0,0.06981,185.2407,1.1739,stand_1,335.7761,0.0,0.06981,0.0,0.06981,Sidewalk
619.0,112.7609,3.229,0.5236,0.0,-0.0,185.2407,1.1739,stand_1,335.7552,0.0,-0.0,0.0,-0.0,Sidewalk
619.5,112.7609,3.229,0.55851,0.0,0.06981,185.2407,1.1739,stand_1,335.7761,0.0,0.06981,0.0,0.06981,Sidewalk
620.0,112.7609,3.229,0.55851,0.0,-0.0,185.2407,1.1739,stand_1,335.7552,0.0,-0.0,0.0,-0.0,Sidewalk
620.5,112.7609,3.229,0.59341,0.0,0.06981,185.2407,1.1738,stand_1,335.7761,0.0,0.06981,0.0,0.06981,Sidewalk
621.0,112.7609,3.229,0.59341,0.0,-0.0,185.2407,1.1738,stand_1,335.7552,0.0,-0.0,0.0,-0.0,Sidewalk
621.5,112.7609,3.229,0.62832,0.0,0.06981,185.2407,1.1738,stand_1,335.7761,0.0,0.06981,0.0,0.06981,Sidewalk
622.0,112.7609,3.229,0.62832,0.0,-0.0,185.2407,1.1738,stand_1,335.7552,0.0,-0.0,0.0,-0.0,Sidewalk
622.5,112.7609,3.229,0.66323,0.0,0.06981,185.2407,1.1738,stand_1,335.7761,0.0,0.06981,0.0,0.06981,Sidewalk
623.0,112.7609,3.229,0.66323,0.0,-0.0,185.2407,1.1738,stand_1,335.7552,0.0,-0.0,0.0,-0.0,Sidewalk
623.5,112.7609,3.229,0.69813,0.0,0.06981,185.2407,1.1738,stand_1,335.7761,0.0,0.06981,0.0,0.06981,Sidewalk
624.0,112.7609,3.229,0.69813,0.0,-0.0,185.2407,1.1738,stand_1,335.7552,0.0,-0.0,0.0,-0.0,Sidewalk
624.5,112.7609,3.229,0.73304,0.0,0.06981,185.2407,1.1738,stand_1,335.7761,0.0,0.06981,0.0,0.06981,Sidewalk
625.0,112.7609,3.229,0.73304,0.0,-0.0,185.2407,1.1738,stand_1,335.7552,0.0,-0.0,0.0,-0.0,Sidewalk
625.5,112.7609,3.229,0.76794,0.0,0.06981,185.2407,1.1738,stand_1,335.7761,0.0,0.06981,0.0,0.06981,Sidewalk
626.0,112.7609,3.229,0.76794,0.0,-0.0,185.2407,1.1738,stand_1,335.7552,0.0,-0.0,0.0,-0.0,Sidewalk
626.5,112.7609,3.229,0.80285,0.0,0.06981,185.2407,1.1738,stand_1,335.7761,0.0,0.06981,0.0,0.06981,Sidewalk
627.0,112.7609,3.229,0.80285,0.0,-0.0,185.2407,1.1738,stand_1,335.7552,0.0,-0.0,0.0,-0.0,Sidewalk
627.5,112.7609,3.229,0.83776,0.0,0.06981,185.2407,1.1738,stand_1,335.7761,0.0,0.06981,0.0,0.06981,Sidewalk
628.0,112.7609,3.229,0.83776,0.0,-0.0,185.2407,1.1738,stand_1,335.7552,0.0,-0.0,0.0,-0.0,Sidewalk
628.5,112.7609,3.229,0.87266,0.0,0.06981,185.2407,1.1738,stand_1,335.7762,0.0,0.06981,0.0,0.06981,Sidewalk
629.0,112.7609,3.229,0.87266,0.0,-0.0,185.2407,1.1738,stand_1,335.7552,0.0,-0.0,0.0,-0.0,Sidewalk
629.5,112.7609,3.229,0.90757,0.0,0.06981,185.2407,1.1738,stand_1,335.7762,0.0,0.06981,0.0,0.06981,Sidewalk
630.0,112.7609,3.229,0.90757,0.0,-0.0,185.2407,1.1738,stand_1,335.7552,0.0,-0.0,0.0,-0.0,Sidewalk
630.5,112.7609,3.229,0.94248,0.0,0.06981,185.2407,1.1738,stand_1,335.7762,0.0,0.06981,0.0,0.06981,Sidewalk
631.0,112.7609,3.229,0.94248,0.0,-0.0,185.2407,1.1738,stand_1,335.7552,0.0,-0.0,0.0,-0.0,Sidewalk
631.5,112.7609,3.229,0.97738,0.0,0.06981,185.2407,1.1738,stand_1,335.7762,0.0,0.06981,0.0,0.06981,Sidewalk
632.0,112.7609,3.229,0.97738,0.0,-0.0,185.2407,1.1738,stand_1,335.7552,0.0,-0.0,0.0,-0.0,Sidewalk
632.5,112.8033,3.2968,1.01229,0.16,0.06981,185.198,1.1267,stand_1,335.7586,0.16,0.06981,0.16,0.06981,Sidewalk
633.0,112.8033,3.2968,1.01229,0.0,-0.0,185.198,1.1267,stand_1,335.7927,0.0,-0.0,0.0,-0.0,Sidewalk
633.5,112.8033,3.2968,1.0472,0.0,0.06981,185.198,1.1267,stand_1,335.8137,0.0,0.06981,0.0,0.06981,Sidewalk
634.0,112.8033,3.2968,1.0472,0.0,-0.0,185.198,1.1267,stand_1,335.7927,0.0,-0.0,0.0,-0.0,Sidewalk
634.5,112.8033,3.2968,1.0821,0.0,0.06981,185.198,1.1267,stand_1,335.8137,0.0,0.06981,0.0,0.06981,Sidewalk
635.0,112.8033,3.2968,1.0821,0.0,-0.0,185.198,1.1267,stand_1,335.7927,0.0,-0.0,0.0,-0.0,Sidewalk
635.5,112.8209,3.3328,1.11701,0.08,0.06981,185.1803,1.1082,stand_1,335.8109,0.08,0.06981,0.08,0.06981,Sidewalk
636.0,112.8209,3.3328,1.11701,0.0,-0.0,185.1803,1.1082,stand_1,335.8098,0.0,-0.0,0.0,-0.0,Sidewalk
636.5,112.8371,3.3693,1.15192,0.08,0.06981,185.1639,1.0921,stand_1,335.7946,0.08,0.06981,0.08,0.06981,Sidewalk
637.0,112.8534,3.4059,1.15192,0.08,-0.0,185.1475,1.0773,stand_1,335.815,0.08,-0.0,0.08,-0.0,Sidewalk
637.5,112.8684,3.4429,1.18682,0.08,0.06981,185.1324,1.0651,stand_1,335.7762,0.08,0.06981,0.08,0.06981,Sidewalk
638.0,112.8834,3.48,1.18682,0.08,-0.0,185.1174,1.0543,stand_1,335.7612,0.08,-0.0,0.08,-0.0,Sidewalk
638.5,112.8971,3.5176,1.22173,0.08,0.06981,185.1036,1.0463,stand_1,335.7963,0.08,0.06981,0.08,0.06981,Sidewalk
639.0,112.8971,3.5176,1.22173,0.0,-0.0,185.1036,1.0463,stand_1,335.8547,0.0,-0.0,0.0,-0.0,Sidewalk
639.5,112.912,3.5547,1.18682,0.08,-0.06981,185.0885,1.0384,stand_1,335.8169,0.08,-0.06981,0.08,-0.06981,Sidewalk
640.0,112.912,3.5547,1.18682,0.0,-0.0,185.0885,1.0384,stand_1,335.8534,0.0,-0.0,0.0,-0.0,Sidewalk
640.5,112.912,3.5547,1.22173,0.0,0.06981,185.0885,1.0383,stand_1,335.8743,0.0,0.06981,0.0,0.06981,Sidewalk
641.0,112.912,3.5547,1.22173,0.0,-0.0,185.0885,1.0383,stand_1,335.8534,0.0,-0.0,0.0,-0.0,Sidewalk
641.5,112.912,3.5547,1.25664,0.0,0.06981,185.0885,1.0383,stand_1,335.8743,0.0,0.06981,0.0,0.06981,Sidewalk
642.0,112.912,3.5547,1.25664,0.0,-0.0,185.0885,1.0383,stand_1,335.8534,0.0,-0.0,0.0,-0.0,Sidewalk
642.5,112.912,3.5547,1.29154,0.0,0.06981,185.0885,1.0383,stand_1,335.8744,0.0,0.06981,0.0,0.06981,Sidewalk
643.0,112.912,3.5547,1.29154,0.0,-0.0,185.0885,1.0383,stand_1,335.8534,0.0,-0.0,0.0,-0.0,Sidewalk
643.5,112.912,3.5547,1.32645,0.0,0.06981,185.0885,1.0383,stand_1,335.8744,0.0,0.06981,0.0,0.06981,Sidewalk
644.0,112.912,3.5547,1.32645,0.0,-0.0,185.0885,1.0383,stand_1,335.8534,0.0,-0.0,0.0,-0.0,Sidewalk
644.5,112.912,3.5547,1.36136,0.0,0.06981,185.0885,1.0383,stand_1,335.8744,0.0,0.06981,0.0,0.06981,Sidewalk
645.0,112.912,3.5547,1.36136,0.0,-0.0,185.0885,1.0383,stand_1,335.8534,0.0,-0.0,0.0,-0.0,Sidewalk
645.5,112.912,3.5547,1.39626,0.0,0.06981,185.0885,1.0383,stand_1,335.8744,0.0,0.06981,0.0,0.06981,Sidewalk
646.0,112.912,3.5547,1.39626,0.0,-0.0,185.0885,1.0383,stand_1,335.8534,0.0,-0.0,0.0,-0.0,Sidewalk
646.5,112.912,3.5547,1.43117,0.0,0.06981,185.0885,1.0383,stand_1,335.8744,0.0,0.06981,0.0,0.06981,Sidewalk
647.0,112.912,3.5547,1.43117,0.0,-0.0,185.0885,1.0383,stand_1,335.8535,0.0,-0.0,0.0,-0.0,Sidewalk
647.5,112.912,3.5547,1.46608,0.0,0.06981,185.0885,1.0383,stand_1,335.8744,0.0,0.06981,0.0,0.06981,Sidewalk
648.0,112.912,3.5547,1.46608,0.0,-0.0,185.0885,1.0383,stand_1,335.8535,0.0,-0.0,0.0,-0.0,Sidewalk
648.5,112.912,3.5547,1.50098,0.0,0.06981,185.0885,1.0383,stand_1,335.8744,0.0,0.06981,0.0,0.06981,Sidewalk
649.0,112.912,3.5547,1.50098,0.0,-0.0,185.0885,1.0383,stand_1,335.8535,0.0,-0.0,0.0,-0.0,Sidewalk
649.5,112.912,3.5547,1.53589,0.0,0.06981,185.0885,1.0383,stand_1,335.8744,0.0,0.06981,0.0,0.06981,Sidewalk
650.0,112.912,3.5547,1.53589,0.0,-0.0,185.0885,1.0383,stand_1,335.8535,0.0,-0.0,0.0,-0.0,Sidewalk
650.5,112.912,3.5547,1.5708,0.0,0.06981,185.0885,1.0383,stand_1,335.8744,0.0,0.06981,0.0,0.06981,Sidewalk
651.0,112.912,3.5547,1.5708,0.0,-0.0,185.0885,1.0383,stand_1,335.8535,0.0,-0.0,0.0,-0.0,Sidewalk
651.5,112.912,3.5547,1.6057,0.0,0.06981,185.0885,1.0383,stand_1,335.8744,0.0,0.06981,0.0,0.06981,Sidewalk
652.0,112.912,3.5547,1.6057,0.0,-0.0,185.0885,1.0383,stand_1,335.8535,0.0,-0.0,0.0,-0.0,Sidewalk
652.5,112.912,3.5547,1.64061,0.0,0.06981,185.0885,1.0383,stand_1,335.8744,0.0,0.06981,0.0,0.06981,Sidewalk
653.0,112.912,3.5547,1.64061,0.0,-0.0,185.0885,1.0383,stand_1,335.8535,0.0,-0.0,0.0,-0.0,Sidewalk
653.5,112.912,3.5547,1.67552,0.0,0.06981,185.0885,1.0383,stand_1,335.8745,0.0,0.06981,0.0,0.06981,Sidewalk
654.0,112.912,3.5547,1.67552,0.0,-0.0,185.0885,1.0383,stand_1,335.8535,0.0,-0.0,0.0,-0.0,Sidewalk
654.5,112.912,3.5547,1.71042,0.0,0.06981,185.0885,1.0383,stand_1,335.8745,0.0,0.06981,0.0,0.06981,Sidewalk
655.0,112.912,3.5547,1.71042,0.0,-0.0,185.0885,1.0383,stand_1,335.8535,0.0,-0.0,0.0,-0.0,Sidewalk
655.5,112.912,3.5547,1.74533,0.0,0.06981,185.0885,1.0383,stand_1,335.8745,0.0,0.06981,0.0,0.06981,Sidewalk
656.0,112.912,3.5547,1.74533,0.0,-0.0,185.0885,1.0383,stand_1,335.8535,0.0,-0.0,0.0,-0.0,Sidewalk
656.5,112.912,3.5547,1.78024,0.0,0.06981,185.0885,1.0383,stand_1,335.8745,0.0,0.06981,0.0,0.06981,Sidewalk
657.0,112.912,3.5547,1.78024,0.0,-0.0,185.0885,1.0383,stand_1,335.8536,0.0,-0.0,0.0,-0.0,Sidewalk
657.5,112.912,3.5547,1.81514,0.0,0.06981,185.0885,1.0383,stand_1,335.8745,0.0,0.06981,0.0,0.06981,Sidewalk
658.0,112.912,3.5547,1.81514,0.0,-0.0,185.0885,1.0383,stand_1,335.8536,0.0,-0.0,0.0,-0.0,Sidewalk
658.5,112.912,3.5547,1.85005,0.0,0.06981,185.0885,1.0383,stand_1,335.8745,0.0,0.06981,0.0,0.06981,Sidewalk
659.0,112.912,3.5547,1.85005,0.0,-0.0,185.0885,1.0383,stand_1,335.8536,0.0,-0.0,0.0,-0.0,Sidewalk
659.5,112.912,3.5547,1.88496,0.0,0.06981,185.0885,1.0383,stand_1,335.8745,0.0,0.06981,0.0,0.06981,Sidewalk
660.0,112.912,3.5547,1.88496,0.0,-0.0,185.0885,1.0383,stand_1,335.8536,0.0,-0.0,0.0,-0.0,Sidewalk
660.5,112.912,3.5547,1.91986,0.0,0.06981,185.0885,1.0383,stand_1,335.8745,0.0,0.06981,0.0,0.06981,Sidewalk
661.0,112.912,3.5547,1.91986,0.0,-0.0,185.0885,1.0383,stand_1,335.8536,0.0,-0.0,0.0,-0.0,Sidewalk
661.5,112.912,3.5547,1.95477,0.0,0.06981,185.0885,1.0383,stand_1,335.8745,0.0,0.06981,0.0,0.06981,Sidewalk
662.0,112.912,3.5547,1.95477,0.0,-0.0,185.0885,1.0383,stand_1,335.8536,0.0,-0.0,0.0,-0.0,Sidewalk
662.5,112.912,3.5547,1.98968,0.0,0.06981,185.0885,1.0383,stand_1,335.8746,0.0,0.06981,0.0,0.06981,Sidewalk
663.0,112.912,3.5547,1.98968,0.0,-0.0,185.0885,1.0383,stand_1,335.8536,0.0,-0.0,0.0,-0.0,Sidewalk
663.5,112.912,3.5547,2.02458,0.0,0.06981,185.0885,1.0383,stand_1,335.8746,0.0,0.06981,0.0,0.06981,Sidewalk
664.0,112.912,3.5547,2.02458,0.0,-0.0,185.0885,1.0383,stand_1,335.8536,0.0,-0.0,0.0,-0.0,Sidewalk
664.5,112.912,3.5547,2.05949,0.0,0.06981,185.0885,1.0383,stand_1,335.8746,0.0,0.06981,0.0,0.06981,Sidewalk
665.0,112.912,3.5547,2.05949,0.0,-0.0,185.0885,1.0383,stand_1,335.8536,0.0,-0.0,0.0,-0.0,Sidewalk
665.5,112.912,3.5547,2.0944,0.0,0.06981,185.0885,1.0383,stand_1,335.8746,0.0,0.06981,0.0,0.06981,Sidewalk
666.0,112.912,3.5547,2.0944,0.0,-0.0,185.0885,1.0383,stand_1,335.8536,0.0,-0.0,0.0,-0.0,Sidewalk
666.5,112.912,3.5547,2.1293,0.0,0.06981,185.0885,1.0383,stand_1,335.8746,0.0,0.06981,0.0,0.06981,Sidewalk
667.0,112.912,3.5547,2.1293,0.0,-0.0,185.0885,1.0383,stand_1,335.8537,0.0,-0.0,0.0,-0.0,Sidewalk
667.5,112.912,3.5547,2.16421,0.0,0.06981,185.0885,1.0383,stand_1,335.8746,0.0,0.06981,0.0,0.06981,Sidewalk
668.0,112.912,3.5547,2.16421,0.0,-0.0,185.0885,1.0383,stand_1,335.8537,0.0,-0.0,0.0,-0.0,Sidewalk
668.5,112.912,3.5547,2.19911,0.0,0.06981,185.0885,1.0383,stand_1,335.8746,0.0,0.06981,0.0,0.06981,Sidewalk
669.0,112.912,3.5547,2.19911,0.0,-0.0,185.0885,1.0383,stand_1,335.8537,0.0,-0.0,0.0,-0.0,Sidewalk
669.5,112.912,3.5547,2.23402,0.0,0.06981,185.0885,1.0383,stand_1,335.8746,0.0,0.06981,0.0,0.06981,Sidewalk
670.0,112.912,3.5547,2.23402,0.0,-0.0,185.0885,1.0383,stand_1,335.8537,0.0,-0.0,0.0,-0.0,Sidewalk
670.5,112.912,3.5547,2.26893,0.0,0.06981,185.0885,1.0383,stand_1,335.8746,0.0,0.06981,0.0,0.06981,Sidewalk
671.0,112.912,3.5547,2.26893,0.0,-0.0,185.0885,1.0383,stand_1,335.8537,0.0,-0.0,0.0,-0.0,Sidewalk
671.5,112.912,3.5547,2.30383,0.0,0.06981,185.0885,1.0383,stand_1,335.8746,0.0,0.06981,0.0,0.06981,Sidewalk
672.0,112.912,3.5547,2.30383,0.0,-0.0,185.0885,1.0383,stand_1,335.8537,0.0,-0.0,0.0,-0.0,Sidewalk
672.5,112.912,3.5547,2.33874,0.0,0.06981,185.0885,1.0383,stand_1,335.8746,0.0,0.06981,0.0,0.06981,Sidewalk
673.0,112.912,3.5547,2.33874,0.0,-0.0,185.0885,1.0383,stand_1,335.8537,0.0,-0.0,0.0,-0.0,Sidewalk
673.5,112.912,3.5547,2.37365,0.0,0.06981,185.0885,1.0383,stand_1,335.8747,0.0,0.06981,0.0,0.06981,Sidewalk
674.0,112.912,3.5547,2.37365,0.0,-0.0,185.0885,1.0383,stand_1,335.8537,0.0,-0.0,0.0,-0.0,Sidewalk
674.5,112.912,3.5547,2.40855,0.0,0.06981,185.0885,1.0383,stand_1,335.8747,0.0,0.06981,0.0,0.06981,Sidewalk
675.0,112.912,3.5547,2.40855,0.0,-0.0,185.0885,1.0383,stand_1,335.8537,0.0,-0.0,0.0,-0.0,Sidewalk
675.5,112.912,3.5547,2.44346,0.0,0.06981,185.0885,1.0383,stand_1,335.8747,0.0,0.06981,0.0,0.06981,Sidewalk
676.0,112.912,3.5547,2.44346,0.0,-0.0,185.0885,1.0382,stand_1,335.8537,0.0,-0.0,0.0,-0.0,Sidewalk
676.5,112.912,3.5547,2.47837,0.0,0.06981,185.0885,1.0382,stand_1,335.8747,0.0,0.06981,0.0,0.06981,Sidewalk
677.0,112.912,3.5547,2.47837,0.0,-0.0,185.0885,1.0382,stand_1,335.8538,0.0,-0.0,0.0,-0.0,Sidewalk
677.5,112.912,3.5547,2.51327,0.0,0.06981,185.0885,1.0382,stand_1,335.8747,0.0,0.06981,0.0,0.06981,Sidewalk
678.0,112.912,3.5547,2.51327,0.0,-0.0,185.0885,1.0382,stand_1,335.8538,0.0,-0.0,0.0,-0.0,Sidewalk
678.5,112.912,3.5547,2.54818,0.0,0.06981,185.0885,1.0382,stand_1,335.8747,0.0,0.06981,0.0,0.06981,Sidewalk
679.0,112.912,3.5547,2.54818,0.0,-0.0,185.0885,1.0382,stand_1,335.8538,0.0,-0.0,0.0,-0.0,Sidewalk
679.5,112.912,3.5547,2.58309,0.0,0.06981,185.0885,1.0382,stand_1,335.8747,0.0,0.06981,0.0,0.06981,Sidewalk
680.0,112.912,3.5547,2.58309,0.0,-0.0,185.0885,1.0382,stand_1,335.8538,0.0,-0.0,0.0,-0.0,Sidewalk
680.5,112.912,3.5547,2.61799,0.0,0.06981,185.0885,1.0382,stand_1,335.8747,0.0,0.06981,0.0,0.06981,Sidewalk
681.0,112.912,3.5547,2.61799,0.0,-0.0,185.0885,1.0382,stand_1,335.8538,0.0,-0.0,0.0,-0.0,Sidewalk
681.5,112.912,3.5547,2.6529,0.0,0.06981,185.0885,1.0382,stand_1,335.8747,0.0,0.06981,0.0,0.06981,Sidewalk
682.0,112.912,3.5547,2.6529,0.0,-0.0,185.0885,1.0382,stand_1,335.8538,0.0,-0.0,0.0,-0.0,Sidewalk
682.5,112.912,3.5547,2.68781,0.0,0.06981,185.0885,1.0382,stand_1,335.8747,0.0,0.06981,0.0,0.06981,Sidewalk
683.0,112.912,3.5547,2.68781,0.0,-0.0,185.0885,1.0382,stand_1,335.8538,0.0,-0.0,0.0,-0.0,Sidewalk
683.5,112.912,3.5547,2.72271,0.0,0.06981,185.0885,1.0382,stand_1,335.8748,0.0,0.06981,0.0,0.06981,Sidewalk
684.0,112.912,3.5547,2.72271,0.0,-0.0,185.0885,1.0382,stand_1,335.8538,0.0,-0.0,0.0,-0.0,Sidewalk
684.5,112.912,3.5547,2.75762,0.0,0.06981,185.0885,1.0382,stand_1,335.8748,0.0,0.06981,0.0,0.06981,Sidewalk
685.0,112.912,3.5547,2.75762,0.0,-0.0,185.0885,1.0382,stand_1,335.8538,0.0,-0.0,0.0,-0.0,Sidewalk
685.5,112.912,3.5547,2.79253,0.0,0.06981,185.0885,1.0382,stand_1,335.8748,0.0,0.06981,0.0,0.06981,Sidewalk
686.0,112.912,3.5547,2.79253,0.0,-0.0,185.0885,1.0382,stand_1,335.8538,0.0,-0.0,0.0,-0.0,Sidewalk
686.5,112.912,3.5547,2.82743,0.0,0.06981,185.0885,1.0382,stand_1,335.8748,0.0,0.06981,0.0,0.06981,Sidewalk
687.0,112.912,3.5547,2.82743,0.0,-0.0,185.0885,1.0382,stand_1,335.8539,0.0,-0.0,0.0,-0.0,Sidewalk
687.5,112.912,3.5547,2.86234,0.0,0.06981,185.0885,1.0382,stand_1,335.8748,0.0,0.06981,0.0,0.06981,Sidewalk
688.0,112.912,3.5547,2.86234,0.0,-0.0,185.0885,1.0382,stand_1,335.8539,0.0,-0.0,0.0,-0.0,Sidewalk
688.5,112.912,3.5547,2.89725,0.0,0.06981,185.0885,1.0382,stand_1,335.8748,0.0,0.06981,0.0,0.06981,Sidewalk
689.0,112.912,3.5547,2.89725,0.0,-0.0,185.0885,1.0382,stand_1,335.8539,0.0,-0.0,0.0,-0.0,Sidewalk
689.5,112.912,3.5547,2.93215,0.0,0.06981,185.0885,1.0382,stand_1,335.8748,0.0,0.06981,0.0,0.06981,Sidewalk
690.0,112.912,3.5547,2.93215,0.0,-0.0,185.0885,1.0382,stand_1,335.8539,0.0,-0.0,0.0,-0.0,Sidewalk
690.5,112.912,3.5547,2.96706,0.0,0.06981,185.0885,1.0382,stand_1,335.8748,0.0,0.06981,0.0,0.06981,Sidewalk
691.0,112.912,3.5547,2.96706,0.0,-0.0,185.0885,1.0382,stand_1,335.8539,0.0,-0.0,0.0,-0.0,Sidewalk
691.5,112.912,3.5547,3.00197,0.0,0.06981,185.0885,1.0382,stand_1,335.8748,0.0,0.06981,0.0,0.06981,Sidewalk
692.0,112.912,3.5547,3.00197,0.0,-0.0,185.0885,1.0382,stand_1,335.8539,0.0,-0.0,0.0,-0.0,Sidewalk
692.5,112.912,3.5547,3.03687,0.0,0.06981,185.0885,1.0382,stand_1,335.8749,0.0,0.06981,0.0,0.06981,Sidewalk
693.0,112.912,3.5547,3.03687,0.0,-0.0,185.0885,1.0382,stand_1,335.8539,0.0,-0.0,0.0,-0.0,Sidewalk
693.5,112.912,3.5547,3.07178,0.0,0.06981,185.0885,1.0382,stand_1,335.8749,0.0,0.06981,0.0,0.06981,Sidewalk
694.0,112.912,3.5547,3.07178,0.0,-0.0,185.0885,1.0382,stand_1,335.8539,0.0,-0.0,0.0,-0.0,Sidewalk
694.5,112.912,3.5547,3.10669,0.0,0.06981,185.0885,1.0382,stand_1,335.8749,0.0,0.06981,0.0,0.06981,Sidewalk
695.0,112.912,3.5547,3.10669,0.0,-0.0,185.0885,1.0382,stand_1,335.8539,0.0,-0.0,0.0,-0.0,Sidewalk
695.5,112.912,3.5547,3.14159,0.0,0.06981,185.0885,1.0382,stand_1,335.8749,0.0,0.06981,0.0,0.06981,Sidewalk
696.0,112.912,3.5547,3.14159,0.0,-0.0,185.0885,1.0382,stand_1,335.854,0.0,-0.0,0.0,-0.0,Sidewalk
696.5,112.912,3.5547,-3.10669,0.0,0.06981,185.0885,1.0382,stand_1,335.8749,0.0,0.06981,0.0,0.06981,Sidewalk
697.0,112.912,3.5547,-3.10669,0.0,-0.0,185.0885,1.0382,stand_1,335.854,0.0,-0.0,0.0,-0.0,Sidewalk
697.5,112.912,3.5547,-3.07178,0.0,0.06981,185.0885,1.0382,stand_1,335.8749,0.0,0.06981,0.0,0.06981,Sidewalk
698.0,112.912,3.5547,-3.07178,0.0,-0.0,185.0885,1.0382,stand_1,335.854,0.0,-0.0,0.0,-0.0,Sidewalk
698.5,112.912,3.5547,-3.03687,0.0,0.06981,185.0885,1.0382,stand_1,335.8749,0.0,0.06981,0.0,0.06981,Sidewalk
699.0,112.912,3.5547,-3.03687,0.0,-0.0,185.0885,1.0382,stand_1,335.854,0.0,-0.0,0.0,-0.0,Sidewalk
699.5,112.912,3.5547,-3.00197,0.0,0.06981,185.0885,1.0382,stand_1,335.8749,0.0,0.06981,0.0,0.06981,Sidewalk
700.0,112.912,3.5547,-3.00197,0.0,-0.0,185.0885,1.0382,stand_1,335.854,0.0,-0.0,0.0,-0.0,Sidewalk
700.5,112.912,3.5547,-2.96706,0.0,0.06981,185.0885,1.0382,stand_1,335.8749,0.0,0.06981,0.0,0.06981,Sidewalk
701.0,112.912,3.5547,-2.96706,0.0,-0.0,185.0885,1.0382,stand_1,335.854,0.0,-0.0,0.0,-0.0,Sidewalk
701.5,112.912,3.5547,-2.93215,0.0,0.06981,185.0885,1.0382,stand_1,335.875,0.0,0.06981,0.0,0.06981,Sidewalk
702.0,112.912,3.5547,-2.93215,0.0,-0.0,185.0885,1.0382,stand_1,335.854,0.0,-0.0,0.0,-0.0,Sidewalk
702.5,112.912,3.5547,-2.89725,0.0,0.06981,185.0885,1.0382,stand_1,335.875,0.0,0.06981,0.0,0.06981,Sidewalk
703.0,112.912,3.5547,-2.89725,0.0,-0.0,185.0885,1.0382,stand_1,335.854,0.0,-0.0,0.0,-0.0,Sidewalk
703.5,112.912,3.5547,-2.86234,0.0,0.06981,185.0885,1.0382,stand_1,335.875,0.0,0.06981,0.0,0.06981,Sidewalk
704.0,112.912,3.5547,-2.86234,0.0,-0.0,185.0885,1.0382,stand_1,335.854,0.0,-0.0,0.0,-0.0,Sidewalk
704.5,112.912,3.5547,-2.82743,0.0,0.06981,185.0885,1.0382,stand_1,335.875,0.0,0.06981,0.0,0.06981,Sidewalk
705.0,112.912,3.5547,-2.82743,0.0,-0.0,185.0885,1.0382,stand_1,335.854,0.0,-0.0,0.0,-0.0,Sidewalk
705.5,112.912,3.5547,-2.79253,0.0,0.06981,185.0885,1.0382,stand_1,335.875,0.0,0.06981,0.0,0.06981,Sidewalk
706.0,112.912,3.5547,-2.79253,0.0,-0.0,185.0885,1.0382,stand_1,335.854,0.0,-0.0,0.0,-0.0,Sidewalk
706.5,112.912,3.5547,-2.75762,0.0,0.06981,185.0885,1.0382,stand_1,335.875,0.0,0.06981,0.0,0.06981,Sidewalk
707.0,112.912,3.5547,-2.75762,0.0,-0.0,185.0885,1.0382,stand_1,335.8541,0.0,-0.0,0.0,-0.0,Sidewalk
707.5,112.912,3.5547,-2.72271,0.0,0.06981,185.0885,1.0382,stand_1,335.875,0.0,0.06981,0.0,0.06981,Sidewalk
708.0,112.912,3.5547,-2.72271,0.0,-0.0,185.0885,1.0382,stand_1,335.8541,0.0,-0.0,0.0,-0.0,Sidewalk
708.5,112.912,3.5547,-2.68781,0.0,0.06981,185.0885,1.0381,stand_1,335.875,0.0,0.06981,0.0,0.06981,Sidewalk
709.0,112.912,3.5547,-2.68781,0.0,-0.0,185.0885,1.0381,stand_1,335.8541,0.0,-0.0,0.0,-0.0,Sidewalk
709.5,112.912,3.5547,-2.6529,0.0,0.06981,185.0885,1.0381,stand_1,335.875,0.0,0.06981,0.0,0.06981,Sidewalk
710.0,112.912,3.5547,-2.6529,0.0,-0.0,185.0885,1.0381,stand_1,335.8541,0.0,-0.0,0.0,-0.0,Sidewalk
710.5,112.8526,3.5012,-2.40855,0.16,0.48869,185.1481,1.0875,stand_1,335.8621,0.16,0.48869,0.16,0.48869,Sidewalk
711.0,112.8526,3.5012,-2.40855,0.0,-0.0,185.1481,1.0875,stand_1,335.8055,0.0,-0.0,0.0,-0.0,Sidewalk
711.5,112.8526,3.5012,-2.37365,0.0,0.06981,185.1481,1.0875,stand_1,335.8264,0.0,0.06981,0.0,0.06981,Sidewalk
712.0,112.8526,3.5012,-2.37365,0.0,-0.0,185.1481,1.0875,stand_1,335.8055,0.0,-0.0,0.0,-0.0,Sidewalk
712.5,112.8526,3.5012,-2.33874,0.0,0.06981,185.1481,1.0875,stand_1,335.8264,0.0,0.06981,0.0,0.06981,Sidewalk
713.0,112.8526,3.5012,-2.33874,0.0,-0.0,185.1481,1.0875,stand_1,335.8055,0.0,-0.0,0.0,-0.0,Sidewalk
713.5,112.8526,3.5012,-2.30383,0.0,0.06981,185.1481,1.0875,stand_1,335.8264,0.0,0.06981,0.0,0.06981,Sidewalk
714.0,112.8526,3.5012,-2.30383,0.0,-0.0,185.1481,1.0875,stand_1,335.8055,0.0,-0.0,0.0,-0.0,Sidewalk
714.5,112.8526,3.5012,-2.26893,0.0,0.06981,185.1481,1.0875,stand_1,335.8265,0.0,0.06981,0.0,0.06981,Sidewalk
715.0,112.8526,3.5012,-2.26893,0.0,-0.0,185.1481,1.0875,stand_1,335.8055,0.0,-0.0,0.0,-0.0,Sidewalk
715.5,112.8526,3.5012,-2.23402,0.0,0.06981,185.1481,1.0874,stand_1,335.8265,0.0,0.06981,0.0,0.06981,Sidewalk
716.0,112.8526,3.5012,-2.23402,0.0,-0.0,185.1481,1.0874,stand_1,335.8055,0.0,-0.0,0.0,-0.0,Sidewalk
716.5,112.8526,3.5012,-2.19911,0.0,0.06981,185.1481,1.0874,stand_1,335.8265,0.0,0.06981,0.0,0.06981,Sidewalk
717.0,112.8526,3.5012,-2.19911,0.0,-0.0,185.1481,1.0874,stand_1,335.8055,0.0,-0.0,0.0,-0.0,Sidewalk
717.5,112.8526,3.5012,-2.16421,0.0,0.06981,185.1481,1.0874,stand_1,335.8265,0.0,0.06981,0.0,0.06981,Sidewalk
718.0,112.8526,3.5012,-2.16421,0.0,-0.0,185.1481,1.0874,stand_1,335.8055,0.0,-0.0,0.0,-0.0,Sidewalk
718.5,112.8526,3.5012,-2.1293,0.0,0.06981,185.1481,1.0874,stand_1,335.8265,0.0,0.06981,0.0,0.06981,Sidewalk
719.0,112.8526,3.5012,-2.1293,0.0,-0.0,185.1481,1.0874,stand_1,335.8056,0.0,-0.0,0.0,-0.0,Sidewalk
719.5,112.8526,3.5012,-2.0944,0.0,0.06981,185.1481,1.0874,stand_1,335.8265,0.0,0.06981,0.0,0.06981,Sidewalk
720.0,112.8526,3.5012,-2.0944,0.0,-0.0,185.1481,1.0874,stand_1,335.8056,0.0,-0.0,0.0,-0.0,Sidewalk
720.5,112.8526,3.5012,-2.05949,0.0,0.06981,185.1481,1.0874,stand_1,335.8265,0.0,0.06981,0.0,0.06981,Sidewalk
721.0,112.8526,3.5012,-2.05949,0.0,-0.0,185.1481,1.0874,stand_1,335.8056,0.0,-0.0,0.0,-0.0,Sidewalk
721.5,112.8526,3.5012,-2.02458,0.0,0.06981,185.1481,1.0874,stand_1,335.8265,0.0,0.06981,0.0,0.06981,Sidewalk
722.0,112.8526,3.5012,-2.02458,0.0,-0.0,185.1481,1.0874,stand_1,335.8056,0.0,-0.0,0.0,-0.0,Sidewalk
722.5,112.8526,3.5012,-1.98968,0.0,0.06981,185.1481,1.0874,stand_1,335.8265,0.0,0.06981,0.0,0.06981,Sidewalk
723.0,112.8526,3.5012,-1.98968,0.0,-0.0,185.1481,1.0874,stand_1,335.8056,0.0,-0.0,0.0,-0.0,Sidewalk
723.5,112.8526,3.5012,-1.95477,0.0,0.06981,185.1481,1.0874,stand_1,335.8265,0.0,0.06981,0.0,0.06981,Sidewalk
724.0,112.8526,3.5012,-1.95477,0.0,-0.0,185.1481,1.0874,stand_1,335.8056,0.0,-0.0,0.0,-0.0,Sidewalk
724.5,112.8526,3.5012,-1.91986,0.0,0.06981,185.1481,1.0874,stand_1,335.8265,0.0,0.06981,0.0,0.06981,Sidewalk
725.0,112.8526,3.5012,-1.91986,0.0,-0.0,185.1481,1.0874,stand_1,335.8056,0.0,-0.0,0.0,-0.0,Sidewalk
725.5,112.8526,3.5012,-1.88496,0.0,0.06981,185.1481,1.0874,stand_1,335.8266,0.0,0.06981,0.0,0.06981,Sidewalk
726.0,112.8526,3.5012,-1.88496,0.0,-0.0,185.1481,1.0874,stand_1,335.8056,0.0,-0.0,0.0,-0.0,Sidewalk
726.5,112.8526,3.5012,-1.85005,0.0,0.06981,185.1481,1.0874,stand_1,335.8266,0.0,0.06981,0.0,0.06981,Sidewalk
727.0,112.8526,3.5012,-1.85005,0.0,-0.0,185.1481,1.0874,stand_1,335.8056,0.0,-0.0,0.0,-0.0,Sidewalk
727.5,112.8526,3.5012,-1.81514,0.0,0.06981,185.1481,1.0874,stand_1,335.8266,0.0,0.06981,0.0,0.06981,Sidewalk
728.0,112.8526,3.5012,-1.81514,0.0,-0.0,185.1481,1.0874,stand_1,335.8056,0.0,-0.0,0.0,-0.0,Sidewalk
728.5,112.8526,3.5012,-1.78024,0.0,0.06981,185.1481,1.0874,stand_1,335.8266,0.0,0.06981,0.0,0.06981,Sidewalk
729.0,112.8526,3.5012,-1.78024,0.0,-0.0,185.1481,1.0874,stand_1,335.8056,0.0,-0.0,0.0,-0.0,Sidewalk
729.5,112.8456,3.4618,-1.74533,0.08,0.06981,185.1551,1.0894,stand_1,335.8193,0.08,0.06981,0.08,0.06981,Sidewalk
730.0,112.8456,3.4618,-1.74533,0.0,-0.0,185.1551,1.0894,stand_1,335.8138,0.0,-0.0,0.0,-0.0,Sidewalk
730.5,112.8401,3.4222,-1.71042,0.08,0.06981,185.1608,1.0914,stand_1,335.8103,0.08,0.06981,0.08,0.06981,Sidewalk
731.0,112.8401,3.4222,-1.71042,0.0,-0.0,185.1608,1.0914,stand_1,335.8195,0.0,-0.0,0.0,-0.0,Sidewalk
731.5,112.8359,3.3824,-1.67552,0.08,0.06981,185.1651,1.0935,stand_1,335.7987,0.08,0.06981,0.08,0.06981,Sidewalk
732.0,112.8345,3.3424,-1.6057,0.08,0.13963,185.1667,1.0942,stand_1,335.8104,0.08,0.13963,0.08,0.13963,Sidewalk
732.5,112.8345,3.3024,-1.5708,0.08,0.06981,185.1668,1.095,stand_1,335.756,0.08,0.06981,0.08,0.06981,Sidewalk
733.0,112.8345,3.2624,-1.5708,0.08,-0.0,185.167,1.0973,stand_1,335.7835,0.08,-0.0,0.08,-0.0,Sidewalk
733.5,112.8345,3.2624,-1.53589,0.0,0.06981,185.167,1.0973,stand_1,335.8405,0.0,0.06981,0.0,0.06981,Sidewalk
734.0,112.8345,3.2624,-1.53589,0.0,-0.0,185.167,1.0973,stand_1,335.8195,0.0,-0.0,0.0,-0.0,Sidewalk
734.5,112.8345,3.2624,-1.50098,0.0,0.06981,185.167,1.0973,stand_1,335.8405,0.0,0.06981,0.0,0.06981,Sidewalk
735.0,112.8345,3.2624,-1.50098,0.0,-0.0,185.167,1.0973,stand_1,335.8196,0.0,-0.0,0.0,-0.0,Sidewalk
735.5,112.8345,3.2624,-1.46608,0.0,0.06981,185.167,1.0973,stand_1,335.8405,0.0,0.06981,0.0,0.06981,Sidewalk
736.0,112.8345,3.2624,-1.46608,0.0,-0.0,185.167,1.0973,stand_1,335.8196,0.0,-0.0,0.0,-0.0,Sidewalk
736.5,112.8345,3.2624,-1.43117,0.0,0.06981,185.167,1.0973,stand_1,335.8405,0.0,0.06981,0.0,0.06981,Sidewalk
737.0,112.8345,3.2624,-1.43117,0.0,-0.0,185.167,1.0973,stand_1,335.8196,0.0,-0.0,0.0,-0.0,Sidewalk
737.5,112.8345,3.2624,-1.39626,0.0,0.06981,185.167,1.0973,stand_1,335.8405,0.0,0.06981,0.0,0.06981,Sidewalk
738.0,112.8345,3.2624,-1.39626,0.0,-0.0,185.167,1.0973,stand_1,335.8196,0.0,-0.0,0.0,-0.0,Sidewalk
738.5,112.8345,3.2624,-1.36136,0.0,0.06981,185.167,1.0973,stand_1,335.8405,0.0,0.06981,0.0,0.06981,Sidewalk
739.0,112.8345,3.2624,-1.36136,0.0,-0.0,185.167,1.0973,stand_1,335.8196,0.0,-0.0,0.0,-0.0,Sidewalk
739.5,112.8345,3.2624,-1.32645,0.0,0.06981,185.167,1.0973,stand_1,335.8405,0.0,0.06981,0.0,0.06981,Sidewalk
740.0,112.8345,3.2624,-1.32645,0.0,-0.0,185.167,1.0973,stand_1,335.8196,0.0,-0.0,0.0,-0.0,Sidewalk
740.5,112.8345,3.2624,-1.29154,0.0,0.06981,185.167,1.0973,stand_1,335.8405,0.0,0.06981,0.0,0.06981,Sidewalk
741.0,112.8345,3.2624,-1.29154,0.0,-0.0,185.167,1.0973,stand_1,335.8196,0.0,-0.0,0.0,-0.0,Sidewalk
741.5,112.8345,3.2624,-1.25664,0.0,0.06981,185.167,1.0973,stand_1,335.8406,0.0,0.06981,0.0,0.06981,Sidewalk
742.0,112.8345,3.2624,-1.25664,0.0,-0.0,185.167,1.0973,stand_1,335.8196,0.0,-0.0,0.0,-0.0,Sidewalk
742.5,112.8345,3.2624,-1.22173,0.0,0.06981,185.167,1.0973,stand_1,335.8406,0.0,0.06981,0.0,0.06981,Sidewalk
743.0,112.8345,3.2624,-1.22173,0.0,-0.0,185.167,1.0973,stand_1,335.8196,0.0,-0.0,0.0,-0.0,Sidewalk
743.5,112.8345,3.2624,-1.18682,0.0,0.06981,185.167,1.0973,stand_1,335.8406,0.0,0.06981,0.0,0.06981,Sidewalk
744.0,112.8345,3.2624,-1.18682,0.0,-0.0,185.167,1.0973,stand_1,335.8196,0.0,-0.0,0.0,-0.0,Sidewalk
744.5,112.8345,3.2624,-1.15192,0.0,0.06981,185.167,1.0973,stand_1,335.8406,0.0,0.06981,0.0,0.06981,Sidewalk
745.0,112.8345,3.2624,-1.15192,0.0,-0.0,185.167,1.0973,stand_1,335.8196,0.0,-0.0,0.0,-0.0,Sidewalk
745.5,112.8345,3.2624,-1.11701,0.0,0.06981,185.167,1.0973,stand_1,335.8406,0.0,0.06981,0.0,0.06981,Sidewalk
746.0,112.8345,3.2624,-1.11701,0.0,-0.0,185.167,1.0973,stand_1,335.8197,0.0,-0.0,0.0,-0.0,Sidewalk
746.5,112.8345,3.2624,-1.0821,0.0,0.06981,185.167,1.0973,stand_1,335.8406,0.0,0.06981,0.0,0.06981,Sidewalk
747.0,112.8345,3.2624,-1.0821,0.0,-0.0,185.167,1.0973,stand_1,335.8197,0.0,-0.0,0.0,-0.0,Sidewalk
747.5,112.8345,3.2624,-1.0472,0.0,0.06981,185.167,1.0973,stand_1,335.8406,0.0,0.06981,0.0,0.06981,Sidewalk
748.0,112.8345,3.2624,-1.0472,0.0,-0.0,185.167,1.0973,stand_1,335.8197,0.0,-0.0,0.0,-0.0,Sidewalk
748.5,112.8345,3.2624,-1.01229,0.0,0.06981,185.167,1.0973,stand_1,335.8406,0.0,0.06981,0.0,0.06981,Sidewalk
749.0,112.8345,3.2624,-1.01229,0.0,-0.0,185.167,1.0973,stand_1,335.8197,0.0,-0.0,0.0,-0.0,Sidewalk
749.5,112.8345,3.2624,-0.97738,0.0,0.06981,185.167,1.0973,stand_1,335.8406,0.0,0.06981,0.0,0.06981,Sidewalk
750.0,112.8345,3.2624,-0.97738,0.0,-0.0,185.167,1.0973,stand_1,335.8197,0.0,-0.0,0.0,-0.0,Sidewalk
750.5,112.8345,3.2624,-0.94248,0.0,0.06981,185.167,1.0973,stand_1,335.8406,0.0,0.06981,0.0,0.06981,Sidewalk
751.0,112.8345,3.2624,-0.94248,0.0,-0.0,185.167,1.0973,stand_1,335.8197,0.0,-0.0,0.0,-0.0,Sidewalk
751.5,112.8345,3.2624,-0.90757,0.0,0.06981,185.167,1.0973,stand_1,335.8407,0.0,0.06981,0.0,0.06981,Sidewalk
752.0,112.8345,3.2624,-0.90757,0.0,-0.0,185.167,1.0973,stand_1,335.8197,0.0,-0.0,0.0,-0.0,Sidewalk
752.5,112.8345,3.2624,-0.87266,0.0,0.06981,185.167,1.0973,stand_1,335.8407,0.0,0.06981,0.0,0.06981,Sidewalk
753.0,112.8345,3.2624,-0.87266,0.0,-0.0,185.167,1.0973,stand_1,335.8197,0.0,-0.0,0.0,-0.0,Sidewalk
753.5,112.8345,3.2624,-0.83776,0.0,0.06981,185.167,1.0973,stand_1,335.8407,0.0,0.06981,0.0,0.06981,Sidewalk
754.0,112.8345,3.2624,-0.83776,0.0,-0.0,185.167,1.0973,stand_1,335.8197,0.0,-0.0,0.0,-0.0,Sidewalk
754.5,112.8345,3.2624,-0.80285,0.0,0.06981,185.167,1.0973,stand_1,335.8407,0.0,0.06981,0.0,0.06981,Sidewalk
755.0,112.8345,3.2624,-0.80285,0.0,-0.0,185.167,1.0973,stand_1,335.8197,0.0,-0.0,0.0,-0.0,Sidewalk
755.5,112.8345,3.2624,-0.76794,0.0,0.06981,185.167,1.0973,stand_1,335.8407,0.0,0.06981,0.0,0.06981,Sidewalk
756.0,112.8345,3.2624,-0.76794,0.0,-0.0,185.167,1.0973,stand_1,335.8197,0.0,-0.0,0.0,-0.0,Sidewalk
756.5,112.8345,3.2624,-0.73304,0.0,0.06981,185.167,1.0973,stand_1,335.8407,0.0,0.06981,0.0,0.06981,Sidewalk
757.0,112.8345,3.2624,-0.73304,0.0,-0.0,185.167,1.0972,stand_1,335.8198,0.0,-0.0,0.0,-0.0,Sidewalk
757.5,112.8345,3.2624,-0.69813,0.0,0.06981,185.167,1.0972,stand_1,335.8407,0.0,0.06981,0.0,0.06981,Sidewalk
758.0,112.8345,3.2624,-0.69813,0.0,-0.0,185.167,1.0972,stand_1,335.8198,0.0,-0.0,0.0,-0.0,Sidewalk
758.5,112.8345,3.2624,-0.66323,0.0,0.06981,185.167,1.0972,stand_1,335.8407,0.0,0.06981,0.0,0.06981,Sidewalk
759.0,112.8345,3.2624,-0.66323,0.0,-0.0,185.167,1.0972,stand_1,335.8198,0.0,-0.0,0.0,-0.0,Sidewalk
759.5,112.8345,3.2624,-0.62832,0.0,0.06981,185.167,1.0972,stand_1,335.8407,0.0,0.06981,0.0,0.06981,Sidewalk
760.0,112.8345,3.2624,-0.62832,0.0,-0.0,185.167,1.0972,stand_1,335.8198,0.0,-0.0,0.0,-0.0,Sidewalk
760.5,112.8345,3.2624,-0.59341,0.0,0.06981,185.167,1.0972,stand_1,335.8407,0.0,0.06981,0.0,0.06981,Sidewalk
761.0,112.8345,3.2624,-0.59341,0.0,-0.0,185.167,1.0972,stand_1,335.8198,0.0,-0.0,0.0,-0.0,Sidewalk
761.5,112.8345,3.2624,-0.55851,0.0,0.06981,185.167,1.0972,stand_1,335.8407,0.0,0.06981,0.0,0.06981,Sidewalk
762.0,112.8345,3.2624,-0.55851,0.0,-0.0,185.167,1.0972,stand_1,335.8198,0.0,-0.0,0.0,-0.0,Sidewalk
762.5,112.8345,3.2624,-0.5236,0.0,0.06981,185.167,1.0972,stand_1,335.8407,0.0,0.06981,0.0,0.06981,Sidewalk
763.0,112.8345,3.2624,-0.5236,0.0,-0.0,185.167,1.0972,stand_1,335.8198,0.0,-0.0,0.0,-0.0,Sidewalk
763.5,112.8345,3.2624,-0.48869,0.0,0.06981,185.167,1.0972,stand_1,335.8408,0.0,0.06981,0.0,0.06981,Sidewalk
764.0,112.8345,3.2624,-0.48869,0.0,-0.0,185.167,1.0972,stand_1,335.8198,0.0,-0.0,0.0,-0.0,Sidewalk
764.5,112.8345,3.2624,-0.45379,0.0,0.06981,185.167,1.0972,stand_1,335.8408,0.0,0.06981,0.0,0.06981,Sidewalk
765.0,112.8345,3.2624,-0.45379,0.0,-0.0,185.167,1.0972,stand_1,335.8198,0.0,-0.0,0.0,-0.0,Sidewalk
765.5,112.8345,3.2624,-0.41888,0.0,0.06981,185.167,1.0972,stand_1,335.8408,0.0,0.06981,0.0,0.06981,Sidewalk
766.0,112.8345,3.2624,-0.41888,0.0,-0.0,185.167,1.0972,stand_1,335.8198,0.0,-0.0,0.0,-0.0,Sidewalk
766.5,112.8345,3.2624,-0.38397,0.0,0.06981,185.167,1.0972,stand_1,335.8408,0.0,0.06981,0.0,0.06981,Sidewalk
767.0,112.8345,3.2624,-0.38397,0.0,-0.0,185.167,1.0972,stand_1,335.8198,0.0,-0.0,0.0,-0.0,Sidewalk
767.5,112.8345,3.2624,-0.34907,0.0,0.06981,185.167,1.0972,stand_1,335.8408,0.0,0.06981,0.0,0.06981,Sidewalk
768.0,112.8345,3.2624,-0.34907,0.0,-0.0,185.167,1.0972,stand_1,335.8199,0.0,-0.0,0.0,-0.0,Sidewalk
768.5,112.8345,3.2624,-0.31416,0.0,0.06981,185.167,1.0972,stand_1,335.8408,0.0,0.06981,0.0,0.06981,Sidewalk
769.0,112.8345,3.2624,-0.31416,0.0,-0.0,185.167,1.0972,stand_1,335.8199,0.0,-0.0,0.0,-0.0,Sidewalk
769.5,112.8345,3.2624,-0.27925,0.0,0.06981,185.167,1.0972,stand_1,335.8408,0.0,0.06981,0.0,0.06981,Sidewalk
770.0,112.8345,3.2624,-0.27925,0.0,-0.0,185.167,1.0972,stand_1,335.8199,0.0,-0.0,0.0,-0.0,Sidewalk
770.5,112.8345,3.2624,-0.24435,0.0,0.06981,185.167,1.0972,stand_1,335.8408,0.0,0.06981,0.0,0.06981,Sidewalk
771.0,112.8345,3.2624,-0.24435,0.0,-0.0,185.167,1.0972,stand_1,335.8199,0.0,-0.0,0.0,-0.0,Sidewalk
771.5,112.8345,3.2624,-0.20944,0.0,0.06981,185.167,1.0972,stand_1,335.8408,0.0,0.06981,0.0,0.06981,Sidewalk
772.0,112.8345,3.2624,-0.20944,0.0,-0.0,185.167,1.0972,stand_1,335.8199,0.0,-0.0,0.0,-0.0,Sidewalk
772.5,112.8345,3.2624,-0.17453,0.0,0.06981,185.167,1.0972,stand_1,335.8408,0.0,0.06981,0.0,0.06981,Sidewalk
773.0,112.8345,3.2624,-0.17453,0.0,-0.0,185.167,1.0972,stand_1,335.8199,0.0,-0.0,0.0,-0.0,Sidewalk
773.5,112.8345,3.2624,-0.13963,0.0,0.06981,185.167,1.0972,stand_1,335.8408,0.0,0.06981,0.0,0.06981,Sidewalk
774.0,112.8345,3.2624,-0.13963,0.0,-0.0,185.167,1.0972,stand_1,335.8199,0.0,-0.0,0.0,-0.0,Sidewalk
774.5,112.8345,3.2624,-0.10472,0.0,0.06981,185.167,1.0972,stand_1,335.8409,0.0,0.06981,0.0,0.06981,Sidewalk
775.0,112.8345,3.2624,-0.10472,0.0,-0.0,185.167,1.0972,stand_1,335.8199,0.0,-0.0,0.0,-0.0,Sidewalk
775.5,112.8345,3.2624,-0.06981,0.0,0.06981,185.167,1.0972,stand_1,335.8409,0.0,0.06981,0.0,0.06981,Sidewalk
776.0,112.8345,3.2624,-0.06981,0.0,-0.0,185.167,1.0972,stand_1,335.8199,0.0,-0.0,0.0,-0.0,Sidewalk
776.5,112.8345,3.2624,-0.03491,0.0,0.06981,185.167,1.0972,stand_1,335.8409,0.0,0.06981,0.0,0.06981,Sidewalk
777.0,112.8345,3.2624,-0.03491,0.0,-0.0,185.167,1.0972,stand_1,335.8199,0.0,-0.0,0.0,-0.0,Sidewalk
777.5,112.8345,3.2624,-0.0,0.0,0.06981,185.167,1.0972,stand_1,335.8409,0.0,0.06981,0.0,0.06981,Sidewalk
778.0,112.8345,3.2624,-0.0,0.0,-0.0,185.167,1.0972,stand_1,335.8199,0.0,-0.0,0.0,-0.0,Sidewalk
778.5,112.8345,3.2624,0.03491,0.0,0.06981,185.167,1.0972,stand_1,335.8409,0.0,0.06981,0.0,0.06981,Sidewalk
779.0,112.8345,3.2624,0.03491,0.0,-0.0,185.167,1.0972,stand_1,335.82,0.0,-0.0,0.0,-0.0,Sidewalk
779.5,112.8345,3.2624,0.06981,0.0,0.06981,185.167,1.0972,stand_1,335.8409,0.0,0.06981,0.0,0.06981,Sidewalk
780.0,112.8345,3.2624,0.06981,0.0,-0.0,185.167,1.0972,stand_1,335.82,0.0,-0.0,0.0,-0.0,Sidewalk
780.5,112.8345,3.2624,0.10472,0.0,0.06981,185.167,1.0972,stand_1,335.8409,0.0,0.06981,0.0,0.06981,Sidewalk
781.0,112.8345,3.2624,0.10472,0.0,-0.0,185.167,1.0972,stand_1,335.82,0.0,-0.0,0.0,-0.0,Sidewalk
781.5,112.8345,3.2624,0.13963,0.0,0.06981,185.167,1.0972,stand_1,335.8409,0.0,0.06981,0.0,0.06981,Sidewalk
782.0,112.8345,3.2624,0.13963,0.0,-0.0,185.167,1.0972,stand_1,335.82,0.0,-0.0,0.0,-0.0,Sidewalk
782.5,112.8345,3.2624,0.17453,0.0,0.06981,185.167,1.0972,stand_1,335.8409,0.0,0.06981,0.0,0.06981,Sidewalk
783.0,112.8345,3.2624,0.17453,0.0,-0.0,185.167,1.0972,stand_1,335.82,0.0,-0.0,0.0,-0.0,Sidewalk
783.5,112.8345,3.2624,0.20944,0.0,0.06981,185.167,1.0972,stand_1,335.8409,0.0,0.06981,0.0,0.06981,Sidewalk
784.0,112.8345,3.2624,0.20944,0.0,-0.0,185.167,1.0972,stand_1,335.82,0.0,-0.0,0.0,-0.0,Sidewalk
784.5,112.8345,3.2624,0.24435,0.0,0.06981,185.167,1.0972,stand_1,335.8409,0.0,0.06981,0.0,0.06981,Sidewalk
785.0,112.8345,3.2624,0.24435,0.0,-0.0,185.167,1.0972,stand_1,335.82,0.0,-0.0,0.0,-0.0,Sidewalk
785.5,112.8345,3.2624,0.27925,0.0,0.06981,185.167,1.0972,stand_1,335.841,0.0,0.06981,0.0,0.06981,Sidewalk
786.0,112.8345,3.2624,0.27925,0.0,-0.0,185.167,1.0972,stand_1,335.82,0.0,-0.0,0.0,-0.0,Sidewalk
786.5,112.8345,3.2624,0.31416,0.0,0.06981,185.167,1.0972,stand_1,335.841,0.0,0.06981,0.0,0.06981,Sidewalk
787.0,112.8345,3.2624,0.31416,0.0,-0.0,185.167,1.0972,stand_1,335.82,0.0,-0.0,0.0,-0.0,Sidewalk
787.5,112.8345,3.2624,0.34907,0.0,0.06981,185.167,1.0972,stand_1,335.841,0.0,0.06981,0.0,0.06981,Sidewalk
788.0,112.8345,3.2624,0.34907,0.0,-0.0,185.167,1.0972,stand_1,335.82,0.0,-0.0,0.0,-0.0,Sidewalk
788.5,112.8345,3.2624,0.38397,0.0,0.06981,185.167,1.0972,stand_1,335.841,0.0,0.06981,0.0,0.06981,Sidewalk
789.0,112.8345,3.2624,0.38397,0.0,-0.0,185.167,1.0971,stand_1,335.82,0.0,-0.0,0.0,-0.0,Sidewalk
789.5,112.8345,3.2624,0.41888,0.0,0.06981,185.167,1.0971,stand_1,335.841,0.0,0.06981,0.0,0.06981,Sidewalk
790.0,112.8345,3.2624,0.41888,0.0,-0.0,185.167,1.0971,stand_1,335.82,0.0,-0.0,0.0,-0.0,Sidewalk
790.5,112.8345,3.2624,0.45379,0.0,0.06981,185.167,1.0971,stand_1,335.841,0.0,0.06981,0.0,0.06981,Sidewalk
791.0,112.8345,3.2624,0.45379,0.0,-0.0,185.167,1.0971,stand_1,335.82,0.0,-0.0,0.0,-0.0,Sidewalk
791.5,112.8345,3.2624,0.48869,0.0,0.06981,185.167,1.0971,stand_1,335.841,0.0,0.06981,0.0,0.06981,Sidewalk
792.0,112.8345,3.2624,0.48869,0.0,-0.0,185.167,1.0971,stand_1,335.8201,0.0,-0.0,0.0,-0.0,Sidewalk
792.5,112.8345,3.2624,0.5236,0.0,0.06981,185.167,1.0971,stand_1,335.841,0.0,0.06981,0.0,0.06981,Sidewalk
793.0,112.8345,3.2624,0.5236,0.0,-0.0,185.167,1.0971,stand_1,335.8201,0.0,-0.0,0.0,-0.0,Sidewalk
793.5,112.8345,3.2624,0.55851,0.0,0.06981,185.167,1.0971,stand_1,335.841,0.0,0.06981,0.0,0.06981,Sidewalk
794.0,112.8345,3.2624,0.55851,0.0,-0.0,185.167,1.0971,stand_1,335.8201,0.0,-0.0,0.0,-0.0,Sidewalk
794.5,112.8345,3.2624,0.59341,0.0,0.06981,185.167,1.0971,stand_1,335.841,0.0,0.06981,0.0,0.06981,Sidewalk
795.0,112.8345,3.2624,0.59341,0.0,-0.0,185.167,1.0971,stand_1,335.8201,0.0,-0.0,0.0,-0.0,Sidewalk
795.5,112.8345,3.2624,0.62832,0.0,0.06981,185.167,1.0971,stand_1,335.841,0.0,0.06981,0.0,0.06981,Sidewalk
796.0,112.8345,3.2624,0.62832,0.0,-0.0,185.167,1.0971,stand_1,335.8201,0.0,-0.0,0.0,-0.0,Sidewalk
796.5,112.8345,3.2624,0.66323,0.0,0.06981,185.167,1.0971,stand_1,335.841,0.0,0.06981,0.0,0.06981,Sidewalk
797.0,112.8345,3.2624,0.66323,0.0,-0.0,185.167,1.0971,stand_1,335.8201,0.0,-0.0,0.0,-0.0,Sidewalk
797.5,112.8345,3.2624,0.69813,0.0,0.06981,185.167,1.0971,stand_1,335.841,0.0,0.06981,0.0,0.06981,Sidewalk
798.0,112.8345,3.2624,0.69813,0.0,-0.0,185.167,1.0971,stand_1,335.8201,0.0,-0.0,0.0,-0.0,Sidewalk
798.5,112.8345,3.2624,0.73304,0.0,0.06981,185.167,1.0971,stand_1,335.8411,0.0,0.06981,0.0,0.06981,Sidewalk
799.0,112.8345,3.2624,0.73304,0.0,-0.0,185.167,1.0971,stand_1,335.8201,0.0,-0.0,0.0,-0.0,Sidewalk
799.5,112.8345,3.2624,0.76794,0.0,0.06981,185.167,1.0971,stand_1,335.8411,0.0,0.06981,0.0,0.06981,Sidewalk
800.0,112.8345,3.2624,0.76794,0.0,-0.0,185.167,1.0971,stand_1,335.8201,0.0,-0.0,0.0,-0.0,Sidewalk
800.5,112.8345,3.2624,0.80285,0.0,0.06981,185.167,1.0971,stand_1,335.8411,0.0,0.06981,0.0,0.06981,Sidewalk
801.0,112.8345,3.2624,0.80285,0.0,-0.0,185.167,1.0971,stand_1,335.8201,0.0,-0.0,0.0,-0.0,Sidewalk
801.5,112.8345,3.2624,0.83776,0.0,0.06981,185.167,1.0971,stand_1,335.8411,0.0,0.06981,0.0,0.06981,Sidewalk
802.0,112.8345,3.2624,0.83776,0.0,-0.0,185.167,1.0971,stand_1,335.8201,0.0,-0.0,0.0,-0.0,Sidewalk
802.5,112.8345,3.2624,0.87266,0.0,0.06981,185.167,1.0971,stand_1,335.8411,0.0,0.06981,0.0,0.06981,Sidewalk
803.0,112.8345,3.2624,0.87266,0.0,-0.0,185.167,1.0971,stand_1,335.8201,0.0,-0.0,0.0,-0.0,Sidewalk
803.5,112.8345,3.2624,0.90757,0.0,0.06981,185.167,1.0971,stand_1,335.8411,0.0,0.06981,0.0,0.06981,Sidewalk
804.0,112.8345,3.2624,0.90757,0.0,-0.0,185.167,1.0971,stand_1,335.8202,0.0,-0.0,0.0,-0.0,Sidewalk
804.5,112.8345,3.2624,0.94248,0.0,0.06981,185.167,1.0971,stand_1,335.8411,0.0,0.06981,0.0,0.06981,Sidewalk
805.0,112.8345,3.2624,0.94248,0.0,-0.0,185.167,1.0971,stand_1,335.8202,0.0,-0.0,0.0,-0.0,Sidewalk
805.5,112.8345,3.2624,0.97738,0.0,0.06981,185.167,1.0971,stand_1,335.8411,0.0,0.06981,0.0,0.06981,Sidewalk
806.0,112.8345,3.2624,0.97738,0.0,-0.0,185.167,1.0971,stand_1,335.8202,0.0,-0.0,0.0,-0.0,Sidewalk
806.5,112.8345,3.2624,1.01229,0.0,0.06981,185.167,1.0971,stand_1,335.8411,0.0,0.06981,0.0,0.06981,Sidewalk
807.0,112.8345,3.2624,1.01229,0.0,-0.0,185.167,1.0971,stand_1,335.8202,0.0,-0.0,0.0,-0.0,Sidewalk
807.5,112.8745,3.3317,1.0472,0.16,0.06981,185.1267,1.0541,stand_1,335.8312,0.16,0.06981,0.16,0.06981,Sidewalk
808.0,112.8745,3.3317,1.0472,0.0,-0.0,185.1267,1.0541,stand_1,335.8769,0.0,-0.0,0.0,-0.0,Sidewalk
808.5,112.8745,3.3317,1.0821,0.0,0.06981,185.1267,1.0541,stand_1,335.8979,0.0,0.06981,0.0,0.06981,Sidewalk
809.0,112.8745,3.3317,1.0821,0.0,-0.0,185.1267,1.0541,stand_1,335.8769,0.0,-0.0,0.0,-0.0,Sidewalk
809.5,112.8745,3.3317,1.11701,0.0,0.06981,185.1267,1.0541,stand_1,335.8979,0.0,0.06981,0.0,0.06981,Sidewalk
810.0,112.8745,3.3317,1.11701,0.0,-0.0,185.1267,1.0541,stand_1,335.8769,0.0,-0.0,0.0,-0.0,Sidewalk
810.5,112.8908,3.3682,1.15192,0.08,0.06981,185.1103,1.038,stand_1,335.8887,0.08,0.06981,0.08,0.06981,Sidewalk
811.0,112.8908,3.3682,1.15192,0.0,-0.0,185.1103,1.038,stand_1,335.9,0.0,-0.0,0.0,-0.0,Sidewalk
811.5,112.9058,3.4053,1.18682,0.08,0.06981,185.0952,1.0245,stand_1,335.8749,0.08,0.06981,0.08,0.06981,Sidewalk
812.0,112.9207,3.4424,1.18682,0.08,-0.0,185.0801,1.0124,stand_1,335.8861,0.08,-0.0,0.08,-0.0,Sidewalk
812.5,112.9344,3.48,1.22173,0.08,0.06981,185.0663,1.0032,stand_1,335.8591,0.08,0.06981,0.08,0.06981,Sidewalk
813.0,112.9481,3.5176,1.22173,0.08,-0.0,185.0525,0.9954,stand_1,335.8135,0.08,-0.0,0.08,-0.0,Sidewalk
813.5,112.9631,3.5547,1.18682,0.08,-0.06981,185.0375,0.9879,stand_1,335.8923,0.08,-0.06981,0.08,-0.06981,Sidewalk
814.0,112.9631,3.5547,1.18682,0.0,-0.0,185.0375,0.9879,stand_1,335.9498,0.0,-0.0,0.0,-0.0,Sidewalk
814.5,112.9794,3.5912,1.15192,0.08,-0.06981,185.0211,0.9805,stand_1,335.9306,0.08,-0.06981,0.08,-0.06981,Sidewalk
815.0,112.9794,3.5912,1.15192,0.0,-0.0,185.0211,0.9805,stand_1,335.9496,0.0,-0.0,0.0,-0.0,Sidewalk
815.5,112.9794,3.5912,1.18682,0.0,0.06981,185.0211,0.9805,stand_1,335.9705,0.0,0.06981,0.0,0.06981,Sidewalk
816.0,112.9794,3.5912,1.18682,0.0,-0.0,185.0211,0.9805,stand_1,335.9496,0.0,-0.0,0.0,-0.0,Sidewalk
816.5,112.9794,3.5912,1.22173,0.0,0.06981,185.0211,0.9805,stand_1,335.9705,0.0,0.06981,0.0,0.06981,Sidewalk
817.0,112.9794,3.5912,1.22173,0.0,-0.0,185.0211,0.9805,stand_1,335.9496,0.0,-0.0,0.0,-0.0,Sidewalk
817.5,112.9794,3.5912,1.25664,0.0,0.06981,185.0211,0.9805,stand_1,335.9706,0.0,0.06981,0.0,0.06981,Sidewalk
818.0,112.9794,3.5912,1.25664,0.0,-0.0,185.0211,0.9805,stand_1,335.9496,0.0,-0.0,0.0,-0.0,Sidewalk
818.5,112.9794,3.5912,1.29154,0.0,0.06981,185.0211,0.9805,stand_1,335.9706,0.0,0.06981,0.0,0.06981,Sidewalk
819.0,112.9794,3.5912,1.29154,0.0,-0.0,185.0211,0.9805,stand_1,335.9496,0.0,-0.0,0.0,-0.0,Sidewalk
819.5,112.9794,3.5912,1.32645,0.0,0.06981,185.0211,0.9805,stand_1,335.9706,0.0,0.06981,0.0,0.06981,Sidewalk
820.0,112.9794,3.5912,1.32645,0.0,-0.0,185.0211,0.9805,stand_1,335.9496,0.0,-0.0,0.0,-0.0,Sidewalk
820.5,112.9794,3.5912,1.36136,0.0,0.06981,185.0211,0.9805,stand_1,335.9706,0.0,0.06981,0.0,0.06981,Sidewalk
821.0,112.9794,3.5912,1.36136,0.0,-0.0,185.0211,0.9805,stand_1,335.9497,0.0,-0.0,0.0,-0.0,Sidewalk
821.5,112.9794,3.5912,1.39626,0.0,0.06981,185.0211,0.9805,stand_1,335.9706,0.0,0.06981,0.0,0.06981,Sidewalk
822.0,112.9794,3.5912,1.39626,0.0,-0.0,185.0211,0.9805,stand_1,335.9497,0.0,-0.0,0.0,-0.0,Sidewalk
822.5,112.9794,3.5912,1.43117,0.0,0.06981,185.0211,0.9805,stand_1,335.9706,0.0,0.06981,0.0,0.06981,Sidewalk
823.0,112.9794,3.5912,1.43117,0.0,-0.0,185.0211,0.9805,stand_1,335.9497,0.0,-0.0,0.0,-0.0,Sidewalk
823.5,112.9794,3.5912,1.46608,0.0,0.06981,185.0211,0.9805,stand_1,335.9706,0.0,0.06981,0.0,0.06981,Sidewalk
824.0,112.9794,3.5912,1.46608,0.0,-0.0,185.0211,0.9805,stand_1,335.9497,0.0,-0.0,0.0,-0.0,Sidewalk
824.5,112.9794,3.5912,1.50098,0.0,0.06981,185.0211,0.9805,stand_1,335.9706,0.0,0.06981,0.0,0.06981,Sidewalk
825.0,112.9794,3.5912,1.50098,0.0,-0.0,185.0211,0.9805,stand_1,335.9497,0.0,-0.0,0.0,-0.0,Sidewalk
825.5,112.9794,3.5912,1.53589,0.0,0.06981,185.0211,0.9805,stand_1,335.9706,0.0,0.06981,0.0,0.06981,Sidewalk
826.0,112.9794,3.5912,1.53589,0.0,-0.0,185.0211,0.9805,stand_1,335.9497,0.0,-0.0,0.0,-0.0,Sidewalk
826.5,112.9794,3.5912,1.5708,0.0,0.06981,185.0211,0.9805,stand_1,335.9707,0.0,0.06981,0.0,0.06981,Sidewalk
827.0,112.9794,3.5912,1.5708,0.0,-0.0,185.0211,0.9805,stand_1,335.9497,0.0,-0.0,0.0,-0.0,Sidewalk
827.5,112.9794,3.5912,1.6057,0.0,0.06981,185.0211,0.9805,stand_1,335.9707,0.0,0.06981,0.0,0.06981,Sidewalk
828.0,112.9794,3.5912,1.6057,0.0,-0.0,185.0211,0.9805,stand_1,335.9497,0.0,-0.0,0.0,-0.0,Sidewalk
828.5,112.9794,3.5912,1.64061,0.0,0.06981,185.0211,0.9805,stand_1,335.9707,0.0,0.06981,0.0,0.06981,Sidewalk
829.0,112.9794,3.5912,1.64061,0.0,-0.0,185.0211,0.9805,stand_1,335.9497,0.0,-0.0,0.0,-0.0,Sidewalk
829.5,112.9794,3.5912,1.67552,0.0,0.06981,185.0211,0.9805,stand_1,335.9707,0.0,0.06981,0.0,0.06981,Sidewalk
830.0,112.9794,3.5912,1.67552,0.0,-0.0,185.0211,0.9805,stand_1,335.9498,0.0,-0.0,0.0,-0.0,Sidewalk
830.5,112.9794,3.5912,1.71042,0.0,0.06981,185.0211,0.9805,stand_1,335.9707,0.0,0.06981,0.0,0.06981,Sidewalk
831.0,112.9794,3.5912,1.71042,0.0,-0.0,185.0211,0.9805,stand_1,335.9498,0.0,-0.0,0.0,-0.0,Sidewalk
831.5,112.9794,3.5912,1.74533,0.0,0.06981,185.0211,0.9805,stand_1,335.9707,0.0,0.06981,0.0,0.06981,Sidewalk
832.0,112.9794,3.5912,1.74533,0.0,-0.0,185.0211,0.9805,stand_1,335.9498,0.0,-0.0,0.0,-0.0,Sidewalk
832.5,112.9794,3.5912,1.78024,0.0,0.06981,185.0211,0.9805,stand_1,335.9707,0.0,0.06981,0.0,0.06981,Sidewalk
833.0,112.9794,3.5912,1.78024,0.0,-0.0,185.0211,0.9805,stand_1,335.9498,0.0,-0.0,0.0,-0.0,Sidewalk
833.5,112.9794,3.5912,1.81514,0.0,0.06981,185.0211,0.9805,stand_1,335.9707,0.0,0.06981,0.0,0.06981,Sidewalk
834.0,112.9794,3.5912,1.81514,0.0,-0.0,185.0211,0.9805,stand_1,335.9498,0.0,-0.0,0.0,-0.0,Sidewalk
834.5,112.9794,3.5912,1.85005,0.0,0.06981,185.0211,0.9805,stand_1,335.9708,0.0,0.06981,0.0,0.06981,Sidewalk
835.0,112.9794,3.5912,1.85005,0.0,-0.0,185.0211,0.9805,stand_1,335.9498,0.0,-0.0,0.0,-0.0,Sidewalk
835.5,112.9794,3.5912,1.88496,0.0,0.06981,185.0211,0.9805,stand_1,335.9708,0.0,0.06981,0.0,0.06981,Sidewalk
836.0,112.9794,3.5912,1.88496,0.0,-0.0,185.0211,0.9805,stand_1,335.9498,0.0,-0.0,0.0,-0.0,Sidewalk
836.5,112.9794,3.5912,1.91986,0.0,0.06981,185.0211,0.9805,stand_1,335.9708,0.0,0.06981,0.0,0.06981,Sidewalk
837.0,112.9794,3.5912,1.91986,0.0,-0.0,185.0211,0.9805,stand_1,335.9498,0.0,-0.0,0.0,-0.0,Sidewalk
837.5,112.9794,3.5912,1.95477,0.0,0.06981,185.0211,0.9805,stand_1,335.9708,0.0,0.06981,0.0,0.06981,Sidewalk
838.0,112.9794,3.5912,1.95477,0.0,-0.0,185.0211,0.9805,stand_1,335.9498,0.0,-0.0,0.0,-0.0,Sidewalk
838.5,112.9794,3.5912,1.98968,0.0,0.06981,185.0211,0.9805,stand_1,335.9708,0.0,0.06981,0.0,0.06981,Sidewalk
839.0,112.9794,3.5912,1.98968,0.0,-0.0,185.0211,0.9805,stand_1,335.9499,0.0,-0.0,0.0,-0.0,Sidewalk
839.5,112.9794,3.5912,2.02458,0.0,0.06981,185.0211,0.9805,stand_1,335.9708,0.0,0.06981,0.0,0.06981,Sidewalk
840.0,112.9794,3.5912,2.02458,0.0,-0.0,185.0211,0.9805,stand_1,335.9499,0.0,-0.0,0.0,-0.0,Sidewalk
840.5,112.9794,3.5912,2.05949,0.0,0.06981,185.0211,0.9805,stand_1,335.9708,0.0,0.06981,0.0,0.06981,Sidewalk
841.0,112.9794,3.5912,2.05949,0.0,-0.0,185.0211,0.9805,stand_1,335.9499,0.0,-0.0,0.0,-0.0,Sidewalk
841.5,112.9794,3.5912,2.0944,0.0,0.06981,185.0211,0.9805,stand_1,335.9708,0.0,0.06981,0.0,0.06981,Sidewalk
842.0,112.9794,3.5912,2.0944,0.0,-0.0,185.0211,0.9805,stand_1,335.9499,0.0,-0.0,0.0,-0.0,Sidewalk
842.5,112.9794,3.5912,2.1293,0.0,0.06981,185.0211,0.9805,stand_1,335.9708,0.0,0.06981,0.0,0.06981,Sidewalk
843.0,112.9794,3.5912,2.1293,0.0,-0.0,185.0211,0.9805,stand_1,335.9499,0.0,-0.0,0.0,-0.0,Sidewalk
843.5,112.9794,3.5912,2.16421,0.0,0.06981,185.0211,0.9805,stand_1,335.9708,0.0,0.06981,0.0,0.06981,Sidewalk
844.0,112.9794,3.5912,2.16421,0.0,-0.0,185.0211,0.9805,stand_1,335.9499,0.0,-0.0,0.0,-0.0,Sidewalk
844.5,112.9794,3.5912,2.19911,0.0,0.06981,185.0211,0.9804,stand_1,335.9709,0.0,0.06981,0.0,0.06981,Sidewalk
845.0,112.9794,3.5912,2.19911,0.0,-0.0,185.0211,0.9804,stand_1,335.9499,0.0,-0.0,0.0,-0.0,Sidewalk
845.5,112.9794,3.5912,2.23402,0.0,0.06981,185.0211,0.9804,stand_1,335.9709,0.0,0.06981,0.0,0.06981,Sidewalk
846.0,112.9794,3.5912,2.23402,0.0,-0.0,185.0211,0.9804,stand_1,335.9499,0.0,-0.0,0.0,-0.0,Sidewalk
846.5,112.9794,3.5912,2.26893,0.0,0.06981,185.0211,0.9804,stand_1,335.9709,0.0,0.06981,0.0,0.06981,Sidewalk
847.0,112.9794,3.5912,2.26893,0.0,-0.0,185.0211,0.9804,stand_1,335.9499,0.0,-0.0,0.0,-0.0,Sidewalk
847.5,112.9794,3.5912,2.30383,0.0,0.06981,185.0211,0.9804,stand_1,335.9709,0.0,0.06981,0.0,0.06981,Sidewalk
848.0,112.9794,3.5912,2.30383,0.0,-0.0,185.0211,0.9804,stand_1,335.9499,0.0,-0.0,0.0,-0.0,Sidewalk
848.5,112.9794,3.5912,2.33874,0.0,0.06981,185.0211,0.9804,stand_1,335.9709,0.0,0.06981,0.0,0.06981,Sidewalk
849.0,112.9794,3.5912,2.33874,0.0,-0.0,185.0211,0.9804,stand_1,335.95,0.0,-0.0,0.0,-0.0,Sidewalk
849.5,112.9794,3.5912,2.37365,0.0,0.06981,185.0211,0.9804,stand_1,335.9709,0.0,0.06981,0.0,0.06981,Sidewalk
850.0,112.9794,3.5912,2.37365,0.0,-0.0,185.0211,0.9804,stand_1,335.95,0.0,-0.0,0.0,-0.0,Sidewalk
850.5,112.9794,3.5912,2.40855,0.0,0.06981,185.0211,0.9804,stand_1,335.9709,0.0,0.06981,0.0,0.06981,Sidewalk
851.0,112.9794,3.5912,2.40855,0.0,-0.0,185.0211,0.9804,stand_1,335.95,0.0,-0.0,0.0,-0.0,Sidewalk
851.5,112.9794,3.5912,2.44346,0.0,0.06981,185.0211,0.9804,stand_1,335.9709,0.0,0.06981,0.0,0.06981,Sidewalk
852.0,112.9794,3.5912,2.44346,0.0,-0.0,185.0211,0.9804,stand_1,335.95,0.0,-0.0,0.0,-0.0,Sidewalk
852.5,112.9794,3.5912,2.47837,0.0,0.06981,185.0211,0.9804,stand_1,335.9709,0.0,0.06981,0.0,0.06981,Sidewalk
853.0,112.9794,3.5912,2.47837,0.0,-0.0,185.0211,0.9804,stand_1,335.95,0.0,-0.0,0.0,-0.0,Sidewalk
853.5,112.9794,3.5912,2.51327,0.0,0.06981,185.0211,0.9804,stand_1,335.971,0.0,0.06981,0.0,0.06981,Sidewalk
854.0,112.9794,3.5912,2.51327,0.0,-0.0,185.0211,0.9804,stand_1,335.95,0.0,-0.0,0.0,-0.0,Sidewalk
854.5,112.9794,3.5912,2.54818,0.0,0.06981,185.0211,0.9804,stand_1,335.971,0.0,0.06981,0.0,0.06981,Sidewalk
855.0,112.9794,3.5912,2.54818,0.0,-0.0,185.0211,0.9804,stand_1,335.95,0.0,-0.0,0.0,-0.0,Sidewalk
855.5,112.9794,3.5912,2.58309,0.0,0.06981,185.0211,0.9804,stand_1,335.971,0.0,0.06981,0.0,0.06981,Sidewalk
856.0,112.9794,3.5912,2.58309,0.0,-0.0,185.0211,0.9804,stand_1,335.95,0.0,-0.0,0.0,-0.0,Sidewalk
856.5,112.9794,3.5912,2.61799,0.0,0.06981,185.0211,0.9804,stand_1,335.971,0.0,0.06981,0.0,0.06981,Sidewalk
857.0,112.9794,3.5912,2.61799,0.0,-0.0,185.0211,0.9804,stand_1,335.9501,0.0,-0.0,0.0,-0.0,Sidewalk
857.5,112.9794,3.5912,2.6529,0.0,0.06981,185.0211,0.9804,stand_1,335.971,0.0,0.06981,0.0,0.06981,Sidewalk
858.0,112.9794,3.5912,2.6529,0.0,-0.0,185.0211,0.9804,stand_1,335.9501,0.0,-0.0,0.0,-0.0,Sidewalk
858.5,112.9794,3.5912,2.68781,0.0,0.06981,185.0211,0.9804,stand_1,335.971,0.0,0.06981,0.0,0.06981,Sidewalk
859.0,112.9794,3.5912,2.68781,0.0,-0.0,185.0211,0.9804,stand_1,335.9501,0.0,-0.0,0.0,-0.0,Sidewalk
859.5,112.9794,3.5912,2.72271,0.0,0.06981,185.0211,0.9804,stand_1,335.971,0.0,0.06981,0.0,0.06981,Sidewalk
860.0,112.9794,3.5912,2.72271,0.0,-0.0,185.0211,0.9804,stand_1,335.9501,0.0,-0.0,0.0,-0.0,Sidewalk
860.5,112.9794,3.5912,2.75762,0.0,0.06981,185.0211,0.9804,stand_1,335.971,0.0,0.06981,0.0,0.06981,Sidewalk
861.0,112.9794,3.5912,2.75762,0.0,-0.0,185.0211,0.9804,stand_1,335.9501,0.0,-0.0,0.0,-0.0,Sidewalk
861.5,112.9794,3.5912,2.79253,0.0,0.06981,185.0211,0.9804,stand_1,335.9711,0.0,0.06981,0.0,0.06981,Sidewalk
862.0,112.9794,3.5912,2.79253,0.0,-0.0,185.0211,0.9804,stand_1,335.9501,0.0,-0.0,0.0,-0.0,Sidewalk
862.5,112.9794,3.5912,2.82743,0.0,0.06981,185.0211,0.9804,stand_1,335.9711,0.0,0.06981,0.0,0.06981,Sidewalk
863.0,112.9794,3.5912,2.82743,0.0,-0.0,185.0211,0.9804,stand_1,335.9501,0.0,-0.0,0.0,-0.0,Sidewalk
863.5,112.9794,3.5912,2.86234,0.0,0.06981,185.0211,0.9804,stand_1,335.9711,0.0,0.06981,0.0,0.06981,Sidewalk
864.0,112.9794,3.5912,2.86234,0.0,-0.0,185.0211,0.9804,stand_1,335.9501,0.0,-0.0,0.0,-0.0,Sidewalk
864.5,112.9794,3.5912,2.89725,0.0,0.06981,185.0211,0.9804,stand_1,335.9711,0.0,0.06981,0.0,0.06981,Sidewalk
865.0,112.9794,3.5912,2.89725,0.0,-0.0,185.0211,0.9804,stand_1,335.9501,0.0,-0.0,0.0,-0.0,Sidewalk
865.5,112.9794,3.5912,2.93215,0.0,0.06981,185.0211,0.9804,stand_1,335.9711,0.0,0.06981,0.0,0.06981,Sidewalk
866.0,112.9794,3.5912,2.93215,0.0,-0.0,185.0211,0.9804,stand_1,335.9502,0.0,-0.0,0.0,-0.0,Sidewalk
866.5,112.9794,3.5912,2.96706,0.0,0.06981,185.0211,0.9804,stand_1,335.9711,0.0,0.06981,0.0,0.06981,Sidewalk
867.0,112.9794,3.5912,2.96706,0.0,-0.0,185.0211,0.9804,stand_1,335.9502,0.0,-0.0,0.0,-0.0,Sidewalk
867.5,112.9794,3.5912,3.00197,0.0,0.06981,185.0211,0.9804,stand_1,335.9711,0.0,0.06981,0.0,0.06981,Sidewalk
868.0,112.9794,3.5912,3.00197,0.0,-0.0,185.0211,0.9804,stand_1,335.9502,0.0,-0.0,0.0,-0.0,Sidewalk
868.5,112.9794,3.5912,3.03687,0.0,0.06981,185.0211,0.9804,stand_1,335.9711,0.0,0.06981,0.0,0.06981,Sidewalk
869.0,112.9794,3.5912,3.03687,0.0,-0.0,185.0211,0.9804,stand_1,335.9502,0.0,-0.0,0.0,-0.0,Sidewalk
869.5,112.9794,3.5912,3.07178,0.0,0.06981,185.0211,0.9804,stand_1,335.9711,0.0,0.06981,0.0,0.06981,Sidewalk
870.0,112.9794,3.5912,3.07178,0.0,-0.0,185.0211,0.9804,stand_1,335.9502,0.0,-0.0,0.0,-0.0,Sidewalk
870.5,112.9794,3.5912,3.10669,0.0,0.06981,185.0211,0.9804,stand_1,335.9712,0.0,0.06981,0.0,0.06981,Sidewalk
871.0,112.9794,3.5912,3.10669,0.0,-0.0,185.0211,0.9804,stand_1,335.9502,0.0,-0.0,0.0,-0.0,Sidewalk
871.5,112.9794,3.5912,3.14159,0.0,0.06981,185.0211,0.9804,stand_1,335.9712,0.0,0.06981,0.0,0.06981,Sidewalk
872.0,112.9794,3.5912,3.14159,0.0,-0.0,185.0211,0.9804,stand_1,335.9502,0.0,-0.0,0.0,-0.0,Sidewalk
872.5,112.9794,3.5912,-3.10669,0.0,0.06981,185.0211,0.9804,stand_1,335.9712,0.0,0.06981,0.0,0.06981,Sidewalk
873.0,112.9794,3.5912,-3.10669,0.0,-0.0,185.0211,0.9804,stand_1,335.9502,0.0,-0.0,0.0,-0.0,Sidewalk
873.5,112.9794,3.5912,-3.07178,0.0,0.06981,185.0211,0.9804,stand_1,335.9712,0.0,0.06981,0.0,0.06981,Sidewalk
874.0,112.9794,3.5912,-3.07178,0.0,-0.0,185.0211,0.9804,stand_1,335.9502,0.0,-0.0,0.0,-0.0,Sidewalk
874.5,112.9794,3.5912,-3.03687,0.0,0.06981,185.0211,0.9804,stand_1,335.9712,0.0,0.06981,0.0,0.06981,Sidewalk
875.0,112.9794,3.5912,-3.03687,0.0,-0.0,185.0211,0.9804,stand_1,335.9503,0.0,-0.0,0.0,-0.0,Sidewalk
875.5,112.9794,3.5912,-3.00197,0.0,0.06981,185.0211,0.9804,stand_1,335.9712,0.0,0.06981,0.0,0.06981,Sidewalk
876.0,112.9794,3.5912,-3.00197,0.0,-0.0,185.0211,0.9804,stand_1,335.9503,0.0,-0.0,0.0,-0.0,Sidewalk
876.5,112.9075,3.5562,-2.68781,0.16,0.62832,185.0931,1.0425,stand_1,335.9711,0.16,0.62832,0.16,0.62832,Sidewalk
877.0,112.9075,3.5562,-2.68781,0.0,-0.0,185.0931,1.0424,stand_1,335.8476,0.0,-0.0,0.0,-0.0,Sidewalk
877.5,112.9075,3.5562,-2.6529,0.0,0.06981,185.0931,1.0424,stand_1,335.8686,0.0,0.06981,0.0,0.06981,Sidewalk
878.0,112.9075,3.5562,-2.6529,0.0,-0.0,185.0931,1.0424,stand_1,335.8476,0.0,-0.0,0.0,-0.0,Sidewalk
878.5,112.848,3.5026,-2.40855,0.16,0.48869,185.1527,1.0917,stand_1,335.8577,0.16,0.48869,0.16,0.48869,Sidewalk
879.0,112.848,3.5026,-2.40855,0.0,-0.0,185.1527,1.0917,stand_1,335.8012,0.0,-0.0,0.0,-0.0,Sidewalk
879.5,112.848,3.5026,-2.37365,0.0,0.06981,185.1527,1.0917,stand_1,335.8221,0.0,0.06981,0.0,0.06981,Sidewalk
880.0,112.848,3.5026,-2.37365,0.0,-0.0,185.1527,1.0917,stand_1,335.8012,0.0,-0.0,0.0,-0.0,Sidewalk
880.5,112.848,3.5026,-2.33874,0.0,0.06981,185.1527,1.0917,stand_1,335.8221,0.0,0.06981,0.0,0.06981,Sidewalk
881.0,112.848,3.5026,-2.33874,0.0,-0.0,185.1527,1.0917,stand_1,335.8012,0.0,-0.0,0.0,-0.0,Sidewalk
881.5,112.848,3.5026,-2.30383,0.0,0.06981,185.1527,1.0917,stand_1,335.8221,0.0,0.06981,0.0,0.06981,Sidewalk
882.0,112.848,3.5026,-2.30383,0.0,-0.0,185.1527,1.0917,stand_1,335.8012,0.0,-0.0,0.0,-0.0,Sidewalk
882.5,112.848,3.5026,-2.26893,0.0,0.06981,185.1527,1.0917,stand_1,335.8221,0.0,0.06981,0.0,0.06981,Sidewalk
883.0,112.848,3.5026,-2.26893,0.0,-0.0,185.1527,1.0917,stand_1,335.8012,0.0,-0.0,0.0,-0.0,Sidewalk
883.5,112.848,3.5026,-2.23402,0.0,0.06981,185.1527,1.0917,stand_1,335.8221,0.0,0.06981,0.0,0.06981,Sidewalk
884.0,112.848,3.5026,-2.23402,0.0,-0.0,185.1527,1.0917,stand_1,335.8012,0.0,-0.0,0.0,-0.0,Sidewalk
884.5,112.848,3.5026,-2.19911,0.0,0.06981,185.1527,1.0917,stand_1,335.8221,0.0,0.06981,0.0,0.06981,Sidewalk
885.0,112.848,3.5026,-2.19911,0.0,-0.0,185.1527,1.0917,stand_1,335.8012,0.0,-0.0,0.0,-0.0,Sidewalk
885.5,112.848,3.5026,-2.16421,0.0,0.06981,185.1527,1.0917,stand_1,335.8222,0.0,0.06981,0.0,0.06981,Sidewalk
886.0,112.848,3.5026,-2.16421,0.0,-0.0,185.1527,1.0917,stand_1,335.8012,0.0,-0.0,0.0,-0.0,Sidewalk
886.5,112.848,3.5026,-2.1293,0.0,0.06981,185.1527,1.0917,stand_1,335.8222,0.0,0.06981,0.0,0.06981,Sidewalk
887.0,112.848,3.5026,-2.1293,0.0,-0.0,185.1527,1.0917,stand_1,335.8012,0.0,-0.0,0.0,-0.0,Sidewalk
887.5,112.848,3.5026,-2.0944,0.0,0.06981,185.1527,1.0917,stand_1,335.8222,0.0,0.06981,0.0,0.06981,Sidewalk
888.0,112.848,3.5026,-2.0944,0.0,-0.0,185.1527,1.0917,stand_1,335.8012,0.0,-0.0,0.0,-0.0,Sidewalk
888.5,112.848,3.5026,-2.05949,0.0,0.06981,185.1527,1.0917,stand_1,335.8222,0.0,0.06981,0.0,0.06981,Sidewalk
889.0,112.848,3.5026,-2.05949,0.0,-0.0,185.1527,1.0917,stand_1,335.8013,0.0,-0.0,0.0,-0.0,Sidewalk
889.5,112.848,3.5026,-2.02458,0.0,0.06981,185.1527,1.0917,stand_1,335.8222,0.0,0.06981,0.0,0.06981,Sidewalk
890.0,112.848,3.5026,-2.02458,0.0,-0.0,185.1527,1.0917,stand_1,335.8013,0.0,-0.0,0.0,-0.0,Sidewalk
890.5,112.848,3.5026,-1.98968,0.0,0.06981,185.1527,1.0917,stand_1,335.8222,0.0,0.06981,0.0,0.06981,Sidewalk
891.0,112.848,3.5026,-1.98968,0.0,-0.0,185.1527,1.0917,stand_1,335.8013,0.0,-0.0,0.0,-0.0,Sidewalk
891.5,112.848,3.5026,-1.95477,0.0,0.06981,185.1527,1.0917,stand_1,335.8222,0.0,0.06981,0.0,0.06981,Sidewalk
892.0,112.848,3.5026,-1.95477,0.0,-0.0,185.1527,1.0917,stand_1,335.8013,0.0,-0.0,0.0,-0.0,Sidewalk
892.5,112.848,3.5026,-1.91986,0.0,0.06981,185.1527,1.0917,stand_1,335.8222,0.0,0.06981,0.0,0.06981,Sidewalk
893.0,112.848,3.5026,-1.91986,0.0,-0.0,185.1527,1.0917,stand_1,335.8013,0.0,-0.0,0.0,-0.0,Sidewalk
893.5,112.848,3.5026,-1.88496,0.0,0.06981,185.1527,1.0917,stand_1,335.8222,0.0,0.06981,0.0,0.06981,Sidewalk
894.0,112.848,3.5026,-1.88496,0.0,-0.0,185.1527,1.0917,stand_1,335.8013,0.0,-0.0,0.0,-0.0,Sidewalk
894.5,112.848,3.5026,-1.85005,0.0,0.06981,185.1527,1.0917,stand_1,335.8223,0.0,0.06981,0.0,0.06981,Sidewalk
895.0,112.848,3.5026,-1.85005,0.0,-0.0,185.1527,1.0917,stand_1,335.8013,0.0,-0.0,0.0,-0.0,Sidewalk
895.5,112.848,3.5026,-1.81514,0.0,0.06981,185.1527,1.0917,stand_1,335.8223,0.0,0.06981,0.0,0.06981,Sidewalk
896.0,112.848,3.5026,-1.81514,0.0,-0.0,185.1527,1.0917,stand_1,335.8013,0.0,-0.0,0.0,-0.0,Sidewalk
896.5,112.848,3.5026,-1.78024,0.0,0.06981,185.1527,1.0917,stand_1,335.8223,0.0,0.06981,0.0,0.06981,Sidewalk
897.0,112.848,3.5026,-1.78024,0.0,-0.0,185.1527,1.0917,stand_1,335.8013,0.0,-0.0,0.0,-0.0,Sidewalk
897.5,112.8411,3.4632,-1.74533,0.08,0.06981,185.1597,1.0936,stand_1,335.8152,0.08,0.06981,0.08,0.06981,Sidewalk
898.0,112.8411,3.4632,-1.74533,0.0,-0.0,185.1597,1.0936,stand_1,335.8097,0.0,-0.0,0.0,-0.0,Sidewalk
898.5,112.8355,3.4236,-1.71042,0.08,0.06981,185.1654,1.0956,stand_1,335.8063,0.08,0.06981,0.08,0.06981,Sidewalk
899.0,112.8355,3.4236,-1.71042,0.0,-0.0,185.1654,1.0956,stand_1,335.8155,0.0,-0.0,0.0,-0.0,Sidewalk
899.5,112.8313,3.3838,-1.67552,0.08,0.06981,185.1697,1.0976,stand_1,335.795,0.08,0.06981,0.08,0.06981,Sidewalk
900.0,112.8299,3.3439,-1.6057,0.08,0.13963,185.1713,1.0983,stand_1,335.8072,0.08,0.13963,0.08,0.13963,Sidewalk
900.5,112.8299,3.3039,-1.5708,0.08,0.06981,185.1714,1.0991,stand_1,335.7526,0.08,0.06981,0.08,0.06981,Sidewalk
