time,x,y,yaw,v,w,goal_distance,min_person_dist,closest_person,total_cost,action_linear_x,action_angular_z,observation_state_linear_x,observation_state_angular_z,observation_state_road_type
0.5,2.08,3.9972,-0.03491,0.16,-0.06981,295.92,2.9201,walk_east_mid.0,355.8633,0.16,-0.06981,0.16,-0.06981,Sidewalk
1.0,2.2399,4.0028,0.03491,0.32,0.13963,295.7601,3.1026,walk_east_mid.0,355.2537,0.32,0.13963,0.32,0.13963,Sidewalk
1.5,2.4593,3.9874,-0.06981,0.44,-0.20944,295.5407,3.2156,walk_east_mid.0,354.7345,0.44,-0.20944,0.44,-0.20944,Sidewalk
2.0,2.697,3.954,-0.13963,0.48,-0.13963,295.303,3.3138,walk_east_mid.0,354.2131,0.48,-0.13963,0.48,-0.13963,Sidewalk
2.5,2.9968,3.9436,-0.03491,0.6,0.20944,295.0032,3.3411,walk_east_mid.0,353.7922,0.6,0.20944,0.6,0.20944,Sidewalk
3.0,3.2355,3.9185,-0.10472,0.48,-0.13963,294.7645,3.5008,walk_east_mid.0,353.3669,0.48,-0.13963,0.48,-0.13963,Sidewalk
3.5,3.5355,3.9185,-0.0,0.6,0.20944,294.4645,3.5934,walk_east_mid.0,352.7709,0.6,0.20944,0.6,0.20944,Sidewalk
4.0,3.8148,3.899,-0.06981,0.56,-0.13963,294.1852,3.6476,walk_east_mid.0,352.3977,0.56,-0.13963,0.56,-0.13963,Sidewalk
4.5,4.1132,3.8676,-0.10472,0.6,-0.06981,293.8869,3.691,walk_east_mid.0,352.1111,0.6,-0.06981,0.6,-0.06981,Sidewalk
5.0,4.393,3.8578,-0.03491,0.56,0.13963,293.607,3.7992,walk_east_mid.0,351.7612,0.56,0.13963,0.56,0.13963,Sidewalk
5.5,4.6923,3.8369,-0.06981,0.6,-0.06981,293.3078,3.8771,walk_east_mid.0,351.1881,0.6,-0.06981,0.6,-0.06981,Sidewalk
6.0,5.0123,3.8369,-0.0,0.64,0.13963,292.9878,3.9281,walk_east_mid.0,350.811,0.64,0.13963,0.64,0.13963,Sidewalk
6.5,5.3121,3.8264,-0.03491,0.6,-0.06981,292.688,4.0046,walk_east_mid.0,350.3196,0.6,-0.06981,0.6,-0.06981,Sidewalk
7.0,5.6719,3.839,0.03491,0.72,0.13963,292.3282,4.007,walk_east_mid.0,349.8295,0.72,0.13963,0.72,0.13963,Sidewalk
7.5,5.9719,3.839,-0.0,0.6,-0.06981,292.0282,4.0654,walk_east_mid.0,349.4919,0.6,-0.06981,0.6,-0.06981,Sidewalk
8.0,6.331,3.8641,0.06981,0.72,0.13963,291.6691,4.0542,walk_east_mid.0,348.8591,0.72,0.13963,0.72,0.13963,Sidewalk
8.5,6.6293,3.8955,0.10472,0.6,0.06981,291.3707,4.0949,walk_east_mid.0,348.6819,0.6,0.06981,0.6,0.06981,Sidewalk
9.0,6.9891,3.908,0.03491,0.72,-0.13963,291.0109,4.09,walk_east_mid.0,348.053,0.72,-0.13963,0.72,-0.13963,Sidewalk
9.5,7.2891,3.908,-0.0,0.6,-0.06981,290.7109,4.1616,walk_east_mid.0,347.8164,0.6,-0.06981,0.6,-0.06981,Sidewalk
10.0,7.6083,3.9303,0.06981,0.64,0.13963,290.3917,4.214,walk_east_mid.0,347.2579,0.64,0.13963,0.64,0.13963,Sidewalk
10.5,7.9465,3.9659,0.10472,0.68,0.06981,290.0535,4.203,walk_east_mid.0,346.896,0.68,0.06981,0.68,0.06981,Sidewalk
11.0,8.3063,3.9785,0.03491,0.72,-0.13963,289.6937,4.1845,walk_east_mid.0,346.3971,0.72,-0.13963,0.72,-0.13963,Sidewalk
11.5,8.6454,4.0022,0.06981,0.68,0.06981,289.3546,3.7088,walk_east_up.1,346.0751,0.68,0.06981,0.68,0.06981,Sidewalk
12.0,9.0454,4.0022,-0.0,0.8,-0.13963,288.9546,3.4912,walk_east_up.1,345.4395,0.8,-0.13963,0.8,-0.13963,Sidewalk
12.5,9.3852,3.9903,-0.03491,0.68,-0.06981,288.6148,3.2036,walk_east_up.1,345.2164,0.68,-0.06981,0.68,-0.06981,Sidewalk
13.0,9.745,4.0029,0.03491,0.72,0.13963,288.255,2.9552,walk_east_up.1,344.5387,0.72,0.13963,0.72,0.13963,Sidewalk
13.5,10.0842,4.0266,0.06981,0.68,0.06981,287.9158,2.5681,walk_east_up.1,344.325,0.68,0.06981,0.68,0.06981,Sidewalk
14.0,10.4842,4.0266,-0.0,0.8,-0.13963,287.5158,2.3552,walk_east_up.1,343.6674,0.8,-0.13963,0.8,-0.13963,Sidewalk
14.5,10.824,4.0385,0.03491,0.68,0.06981,287.176,2.0506,walk_east_up.1,343.5254,0.68,0.06981,0.68,0.06981,Sidewalk
15.0,11.1837,4.0259,-0.03491,0.72,-0.13963,286.8163,1.7959,walk_east_up.1,342.8392,0.72,-0.13963,0.72,-0.13963,Sidewalk
15.5,11.5628,3.9994,-0.06981,0.76,-0.06981,286.4372,1.5802,walk_east_up.1,342.6423,0.76,-0.06981,0.76,-0.06981,Sidewalk
16.0,11.9628,3.9994,-0.0,0.8,0.13963,286.0372,1.3279,walk_east_up.1,342.389,0.8,0.13963,0.8,0.13963,Sidewalk
16.5,12.3826,3.9847,-0.03491,0.84,-0.06981,285.6174,1.1939,walk_east_up.1,342.3421,0.84,-0.06981,0.84,-0.06981,Sidewalk
17.0,12.7423,3.9722,-0.03491,0.72,-0.0,285.2577,0.9835,walk_east_up.1,343.1851,0.72,-0.0,0.72,-0.0,Sidewalk
17.5,13.2012,3.9401,-0.06981,0.92,-0.06981,284.7988,0.8593,walk_east_up.1,342.929,0.92,-0.06981,0.92,-0.06981,Sidewalk
18.0,13.6002,3.9122,-0.06981,0.8,-0.0,284.3998,0.8025,walk_east_up.1,343.6879,0.8,-0.0,0.8,-0.0,Sidewalk
18.5,13.9782,3.8724,-0.10472,0.76,-0.06981,284.0219,0.8144,walk_east_up.1,343.4049,0.76,-0.06981,0.76,-0.06981,Sidewalk
19.0,14.376,3.8306,-0.10472,0.8,-0.0,283.6241,0.9038,walk_east_up.1,341.5409,0.8,-0.0,0.8,-0.0,Sidewalk
19.5,14.7551,3.8041,-0.06981,0.76,0.06981,283.245,1.0276,walk_east_up.1,341.2517,0.76,0.06981,0.76,0.06981,Sidewalk
20.0,15.1142,3.779,-0.06981,0.72,-0.0,282.8859,1.231,walk_east_up.1,340.5058,0.72,-0.0,0.72,-0.0,Sidewalk
20.5,15.4523,3.7435,-0.10472,0.68,-0.06981,282.5478,1.5246,walk_east_up.1,339.3971,0.68,-0.06981,0.68,-0.06981,Sidewalk
21.0,15.8501,3.7017,-0.10472,0.8,-0.0,282.15,1.8197,walk_east_up.1,338.6228,0.8,-0.0,0.8,-0.0,Sidewalk
21.5,16.2292,3.6752,-0.06981,0.76,0.06981,281.771,2.1075,walk_east_up.1,339.1386,0.76,0.06981,0.76,0.06981,Sidewalk
22.0,16.5883,3.65,-0.06981,0.72,-0.0,281.4119,2.3945,walk_east_up.1,337.4846,0.72,-0.0,0.72,-0.0,Sidewalk
22.5,16.8469,3.6229,-0.10472,0.52,-0.06981,281.1534,2.7576,walk_east_up.1,337.0462,0.52,-0.06981,0.52,-0.06981,Sidewalk
23.0,17.2049,3.5852,-0.10472,0.72,-0.0,280.7954,3.095,walk_east_up.1,336.0768,0.72,-0.0,0.72,-0.0,Sidewalk
23.5,17.4643,3.5671,-0.06981,0.52,0.06981,280.536,3.482,walk_east_up.1,336.4529,0.52,0.06981,0.52,0.06981,Sidewalk
24.0,17.8234,3.542,-0.06981,0.72,-0.0,280.177,3.8247,walk_east_up.1,335.1397,0.72,-0.0,0.72,-0.0,Sidewalk
24.5,18.1232,3.5315,-0.03491,0.6,0.06981,279.8772,4.1315,walk_east_up.1,334.8654,0.6,0.06981,0.6,0.06981,Sidewalk
25.0,18.443,3.5203,-0.03491,0.64,-0.0,279.5574,4.3718,walk_east_mid.0,334.1688,0.64,-0.0,0.64,-0.0,Sidewalk
25.5,18.7822,3.5441,0.06981,0.68,0.20944,279.2182,4.3792,walk_east_mid.0,333.7724,0.68,0.20944,0.68,0.20944,Sidewalk
26.0,19.1387,3.5942,0.13963,0.72,0.13963,278.8616,4.4114,walk_east_mid.0,333.1892,0.72,0.13963,0.72,0.13963,Sidewalk
26.5,19.5129,3.6602,0.17453,0.76,0.06981,278.4873,4.439,walk_east_mid.0,332.7451,0.76,0.06981,0.76,0.06981,Sidewalk
27.0,19.9107,3.702,0.10472,0.8,-0.13963,278.0894,4.3699,walk_east_mid.0,332.1466,0.8,-0.13963,0.8,-0.13963,Sidewalk
27.5,20.2474,3.7493,0.13963,0.68,0.06981,277.7527,4.3616,walk_east_mid.0,331.9982,0.68,0.06981,0.68,0.06981,Sidewalk
28.0,20.6066,3.7744,0.06981,0.72,-0.13963,277.3935,4.3928,walk_east_mid.0,331.3348,0.72,-0.13963,0.72,-0.13963,Sidewalk
28.5,20.9463,3.7863,0.03491,0.68,-0.06981,277.0537,4.404,walk_east_mid.0,331.0955,0.68,-0.06981,0.68,-0.06981,Sidewalk
29.0,21.2646,3.8197,0.10472,0.64,0.13963,276.7355,4.4244,walk_east_mid.0,330.741,0.64,0.13963,0.64,0.13963,Sidewalk
29.5,21.6409,3.8726,0.13963,0.76,0.06981,276.3591,4.4141,walk_east_mid.0,330.1485,0.76,0.06981,0.76,0.06981,Sidewalk
30.0,22.0399,3.9005,0.06981,0.8,-0.13963,275.9601,4.36,walk_east_mid.0,329.6755,0.8,-0.13963,0.8,-0.13963,Sidewalk
30.5,22.4178,3.9402,0.10472,0.76,0.06981,275.5822,4.3645,walk_east_mid.0,329.3167,0.76,0.06981,0.76,0.06981,Sidewalk
31.0,22.8176,3.9542,0.03491,0.8,-0.13963,275.1824,4.3053,walk_east_mid.0,328.7593,0.8,-0.13963,0.8,-0.13963,Sidewalk
31.5,23.1568,3.9779,0.06981,0.68,0.06981,274.8432,4.3097,walk_east_mid.0,328.5441,0.68,0.06981,0.68,0.06981,Sidewalk
32.0,23.5168,3.9779,-0.0,0.72,-0.13963,274.4832,4.3337,walk_east_mid.0,327.9107,0.72,-0.13963,0.72,-0.13963,Sidewalk
32.5,23.8566,3.966,-0.03491,0.68,-0.06981,274.1434,4.3446,walk_east_mid.0,327.6642,0.68,-0.06981,0.68,-0.06981,Sidewalk
33.0,24.2163,3.9786,0.03491,0.72,0.13963,273.7837,4.3207,walk_east_mid.0,327.0807,0.72,0.13963,0.72,0.13963,Sidewalk
33.5,24.5555,4.0023,0.06981,0.68,0.06981,273.4445,4.2923,walk_east_up.2,326.8448,0.68,0.06981,0.68,0.06981,Sidewalk
34.0,24.9555,4.0023,-0.0,0.8,-0.13963,273.0445,4.0417,walk_east_up.2,326.1372,0.8,-0.13963,0.8,-0.13963,Sidewalk
34.5,25.2953,3.9904,-0.03491,0.68,-0.06981,272.7047,3.671,walk_east_up.2,325.9325,0.68,-0.06981,0.68,-0.06981,Sidewalk
35.0,25.6551,4.003,0.03491,0.72,0.13963,272.3449,3.3769,walk_east_up.2,325.2772,0.72,0.13963,0.72,0.13963,Sidewalk
35.5,26.0342,4.0295,0.06981,0.76,0.06981,271.9658,3.0877,walk_east_up.2,325.0145,0.76,0.06981,0.76,0.06981,Sidewalk
36.0,26.4342,4.0295,-0.0,0.8,-0.13963,271.5658,2.8751,walk_east_up.2,324.3544,0.8,-0.13963,0.8,-0.13963,Sidewalk
36.5,26.774,4.0414,0.03491,0.68,0.06981,271.2261,2.5688,walk_east_up.2,324.1955,0.68,0.06981,0.68,0.06981,Sidewalk
37.0,27.1337,4.0288,-0.03491,0.72,-0.13963,270.8663,2.3505,walk_east_up.2,323.5709,0.72,-0.13963,0.72,-0.13963,Sidewalk
37.5,27.4729,4.0051,-0.06981,0.68,-0.06981,270.5271,2.091,walk_east_up.2,323.3348,0.68,-0.06981,0.68,-0.06981,Sidewalk
38.0,27.8329,4.0051,-0.0,0.72,0.13963,270.1671,1.7514,walk_east_up.2,322.8788,0.72,0.13963,0.72,0.13963,Sidewalk
38.5,28.2127,3.9918,-0.03491,0.76,-0.06981,269.7873,1.5511,walk_east_up.2,322.5031,0.76,-0.06981,0.76,-0.06981,Sidewalk
39.0,28.5725,3.9793,-0.03491,0.72,-0.0,269.4275,1.2375,walk_east_up.2,322.8897,0.72,-0.0,0.72,-0.0,Sidewalk
39.5,29.0313,3.9472,-0.06981,0.92,-0.06981,268.9687,1.1188,walk_east_up.2,321.9678,0.92,-0.06981,0.92,-0.06981,Sidewalk
40.0,29.4304,3.9193,-0.06981,0.8,-0.0,268.5697,0.9657,walk_east_up.2,322.8994,0.8,-0.0,0.8,-0.0,Sidewalk
40.5,29.8501,3.9046,-0.03491,0.84,0.06981,268.1499,0.8612,walk_east_up.2,323.2365,0.84,0.06981,0.84,0.06981,Sidewalk
41.0,30.2499,3.8907,-0.03491,0.8,-0.0,267.7502,0.8106,walk_east_up.2,323.5774,0.8,-0.0,0.8,-0.0,Sidewalk
41.5,30.7087,3.8586,-0.06981,0.92,-0.06981,267.2913,0.833,walk_east_up.2,322.2544,0.92,-0.06981,0.92,-0.06981,Sidewalk
42.0,31.1078,3.8307,-0.06981,0.8,-0.0,266.8923,0.9604,walk_east_up.2,321.7921,0.8,-0.0,0.8,-0.0,Sidewalk
42.5,31.4459,3.7951,-0.10472,0.68,-0.06981,266.5542,1.1832,walk_east_up.2,320.9549,0.68,-0.06981,0.68,-0.06981,Sidewalk
43.0,31.8437,3.7533,-0.10472,0.8,-0.0,266.1564,1.3862,walk_east_up.2,319.8156,0.8,-0.0,0.8,-0.0,Sidewalk
43.5,32.2228,3.7268,-0.06981,0.76,0.06981,265.7774,1.6577,walk_east_up.2,319.9414,0.76,0.06981,0.76,0.06981,Sidewalk
44.0,32.5819,3.7017,-0.06981,0.72,-0.0,265.4183,1.934,walk_east_up.2,318.6407,0.72,-0.0,0.72,-0.0,Sidewalk
44.5,32.8803,3.6704,-0.10472,0.6,-0.06981,265.1199,2.2535,walk_east_up.2,317.8926,0.6,-0.06981,0.6,-0.06981,Sidewalk
45.0,33.2383,3.6327,-0.10472,0.72,-0.0,264.762,2.5929,walk_east_up.2,317.1235,0.72,-0.0,0.72,-0.0,Sidewalk
45.5,33.4977,3.6146,-0.06981,0.52,0.06981,264.5026,2.9094,walk_east_up.2,318.6262,0.52,0.06981,0.52,0.06981,Sidewalk
46.0,33.8568,3.5895,-0.06981,0.72,-0.0,264.1435,3.1374,walk_east_up.2,316.3669,0.72,-0.0,0.72,-0.0,Sidewalk
46.5,34.1154,3.5623,-0.10472,0.52,-0.06981,263.885,3.4638,walk_east_up.2,315.865,0.52,-0.06981,0.52,-0.06981,Sidewalk
47.0,34.4734,3.5247,-0.10472,0.72,-0.0,263.527,3.7779,walk_east_up.2,314.8872,0.72,-0.0,0.72,-0.0,Sidewalk
47.5,34.8126,3.5009,-0.06981,0.68,0.06981,263.1879,4.1281,walk_east_up.2,314.7911,0.68,0.06981,0.68,0.06981,Sidewalk
48.0,35.1717,3.4758,-0.06981,0.72,-0.0,262.8288,4.3709,walk_east_up.2,313.9445,0.72,-0.0,0.72,-0.0,Sidewalk
48.5,35.5514,3.4891,0.03491,0.76,0.20944,262.449,4.3982,walk_east_mid.0,313.6349,0.76,0.20944,0.76,0.20944,Sidewalk
49.0,35.989,3.5351,0.10472,0.88,0.13963,262.0114,4.3179,walk_east_mid.0,313.0076,0.88,0.13963,0.88,0.13963,Sidewalk
49.5,36.3282,3.5588,0.06981,0.68,-0.06981,261.6722,4.3039,walk_east_mid.0,312.7309,0.68,-0.06981,0.68,-0.06981,Sidewalk
50.0,36.6847,3.6089,0.13963,0.72,0.13963,261.3156,4.3412,walk_east_mid.0,312.1907,0.72,0.13963,0.72,0.13963,Sidewalk
50.5,37.0589,3.6749,0.17453,0.76,0.06981,260.9413,4.2892,walk_east_mid.0,311.912,0.76,0.06981,0.76,0.06981,Sidewalk
51.0,37.4567,3.7167,0.10472,0.8,-0.13963,260.5434,4.2843,walk_east_mid.0,311.232,0.8,-0.13963,0.8,-0.13963,Sidewalk
51.5,37.7934,3.764,0.13963,0.68,0.06981,260.2067,4.3344,walk_east_mid.0,310.9689,0.68,0.06981,0.68,0.06981,Sidewalk
52.0,38.1925,3.7919,0.06981,0.8,-0.13963,259.8076,4.2904,walk_east_mid.0,310.2875,0.8,-0.13963,0.8,-0.13963,Sidewalk
52.5,38.5306,3.8275,0.10472,0.68,0.06981,259.4695,4.296,walk_east_mid.0,310.1395,0.68,0.06981,0.68,0.06981,Sidewalk
53.0,38.8904,3.84,0.03491,0.72,-0.13963,259.1097,4.2792,walk_east_mid.0,309.4942,0.72,-0.13963,0.72,-0.13963,Sidewalk
53.5,39.2304,3.84,-0.0,0.68,-0.06981,258.7697,4.3141,walk_east_mid.0,309.2472,0.68,-0.06981,0.68,-0.06981,Sidewalk
54.0,39.5895,3.8651,0.06981,0.72,0.13963,258.4105,4.3144,walk_east_mid.0,308.6598,0.72,0.13963,0.72,0.13963,Sidewalk
54.5,39.9276,3.9007,0.10472,0.68,0.06981,258.0724,4.3126,walk_east_mid.0,308.4099,0.68,0.06981,0.68,0.06981,Sidewalk
55.0,40.3274,3.9146,0.03491,0.8,-0.13963,257.6726,4.2692,walk_east_mid.0,307.7592,0.8,-0.13963,0.8,-0.13963,Sidewalk
55.5,40.6666,3.9384,0.06981,0.68,0.06981,257.3334,4.2968,walk_east_mid.0,307.5661,0.68,0.06981,0.68,0.06981,Sidewalk
56.0,41.0266,3.9384,-0.0,0.72,-0.13963,256.9734,4.3434,walk_east_mid.0,306.8692,0.72,-0.13963,0.72,-0.13963,Sidewalk
56.5,41.3664,3.9265,-0.03491,0.68,-0.06981,256.6337,4.3699,walk_east_mid.0,306.6069,0.68,-0.06981,0.68,-0.06981,Sidewalk
57.0,41.7261,3.9391,0.03491,0.72,0.13963,256.2739,4.4103,walk_east_mid.0,306.0036,0.72,0.13963,0.72,0.13963,Sidewalk
57.5,42.0653,3.9628,0.06981,0.68,0.06981,255.9347,4.2768,walk_east_up.3,305.7251,0.68,0.06981,0.68,0.06981,Sidewalk
58.0,42.4253,3.9628,-0.0,0.72,-0.13963,255.5747,4.0102,walk_east_up.3,305.1237,0.72,-0.13963,0.72,-0.13963,Sidewalk
58.5,42.7651,3.9509,-0.03491,0.68,-0.06981,255.2349,3.7589,walk_east_up.3,304.8607,0.68,-0.06981,0.68,-0.06981,Sidewalk
59.0,43.1249,3.9635,0.03491,0.72,0.13963,254.8751,3.4739,walk_east_up.3,304.2958,0.72,0.13963,0.72,0.13963,Sidewalk
59.5,43.504,3.99,0.06981,0.76,0.06981,254.496,3.1772,walk_east_up.3,303.9691,0.76,0.06981,0.76,0.06981,Sidewalk
60.0,43.864,3.99,-0.0,0.72,-0.13963,254.136,2.9483,walk_east_up.3,303.3757,0.72,-0.13963,0.72,-0.13963,Sidewalk
60.5,44.2038,3.9781,-0.03491,0.68,-0.06981,253.7962,2.66,walk_east_up.3,303.1188,0.68,-0.06981,0.68,-0.06981,Sidewalk
61.0,44.5635,3.9907,0.03491,0.72,0.13963,253.4365,2.3023,walk_east_up.3,302.5476,0.72,0.13963,0.72,0.13963,Sidewalk
61.5,44.9426,4.0172,0.06981,0.76,0.06981,253.0574,2.0386,walk_east_up.3,302.1706,0.76,0.06981,0.76,0.06981,Sidewalk
62.0,45.3426,4.0172,-0.0,0.8,-0.13963,252.6574,1.8329,walk_east_up.3,301.5216,0.8,-0.13963,0.8,-0.13963,Sidewalk
62.5,45.7224,4.0039,-0.03491,0.76,-0.06981,252.2776,1.5596,walk_east_up.3,301.3681,0.76,-0.06981,0.76,-0.06981,Sidewalk
63.0,46.1221,3.99,-0.03491,0.8,-0.0,251.8779,1.3791,walk_east_up.3,301.3417,0.8,-0.0,0.8,-0.0,Sidewalk
63.5,46.581,3.9579,-0.06981,0.92,-0.06981,251.419,1.2102,walk_east_up.3,300.7153,0.92,-0.06981,0.92,-0.06981,Sidewalk
64.0,46.98,3.93,-0.06981,0.8,-0.0,251.02,1.0214,walk_east_up.3,301.4435,0.8,-0.0,0.8,-0.0,Sidewalk
64.5,47.3998,3.9153,-0.03491,0.84,0.06981,250.6002,0.8577,walk_east_up.3,302.2178,0.84,0.06981,0.84,0.06981,Sidewalk
65.0,47.7995,3.9014,-0.03491,0.8,-0.0,250.2005,0.791,walk_east_up.3,302.8224,0.8,-0.0,0.8,-0.0,Sidewalk
65.5,48.2584,3.8693,-0.06981,0.92,-0.06981,249.7416,0.8171,walk_east_up.3,301.4153,0.92,-0.06981,0.92,-0.06981,Sidewalk
66.0,48.6574,3.8414,-0.06981,0.8,-0.0,249.3426,0.9014,walk_east_up.3,300.6692,0.8,-0.0,0.8,-0.0,Sidewalk
66.5,48.9956,3.8058,-0.10472,0.68,-0.06981,249.0045,1.0595,walk_east_up.3,300.2003,0.68,-0.06981,0.68,-0.06981,Sidewalk
67.0,49.3934,3.764,-0.10472,0.8,-0.0,248.6067,1.2909,walk_east_up.3,298.845,0.8,-0.0,0.8,-0.0,Sidewalk
67.5,49.6905,3.7223,-0.13963,0.6,-0.06981,248.3097,1.62,walk_east_up.3,298.3612,0.6,-0.06981,0.6,-0.06981,Sidewalk
68.0,50.0866,3.6666,-0.13963,0.8,-0.0,247.9136,1.8526,walk_east_up.3,297.0765,0.8,-0.0,0.8,-0.0,Sidewalk
68.5,50.4645,3.6269,-0.10472,0.76,0.06981,247.5358,2.1248,walk_east_up.3,297.4403,0.76,0.06981,0.76,0.06981,Sidewalk
69.0,50.8225,3.5892,-0.10472,0.72,-0.0,247.1778,2.429,walk_east_up.3,295.9508,0.72,-0.0,0.72,-0.0,Sidewalk
69.5,51.2016,3.5627,-0.06981,0.76,0.06981,246.7988,2.702,walk_east_up.3,297.0821,0.76,0.06981,0.76,0.06981,Sidewalk
70.0,51.5607,3.5376,-0.06981,0.72,-0.0,246.4397,2.9796,walk_east_up.3,294.9899,0.72,-0.0,0.72,-0.0,Sidewalk
70.5,51.8206,3.5285,-0.03491,0.52,0.06981,246.1799,3.4215,walk_east_up.3,295.3888,0.52,0.06981,0.52,0.06981,Sidewalk
71.0,52.1803,3.516,-0.03491,0.72,-0.0,245.8201,3.6864,walk_east_up.3,294.0605,0.72,-0.0,0.72,-0.0,Sidewalk
71.5,52.4397,3.4978,-0.06981,0.52,-0.06981,245.5608,4.1131,walk_east_up.3,293.6115,0.52,-0.06981,0.52,-0.06981,Sidewalk
72.0,52.7589,3.4755,-0.06981,0.64,-0.0,245.2416,4.3193,walk_east_mid.0,293.0053,0.64,-0.0,0.64,-0.0,Sidewalk
72.5,53.1387,3.4888,0.03491,0.76,0.20944,244.8618,4.2927,walk_east_mid.0,292.4675,0.76,0.20944,0.76,0.20944,Sidewalk
73.0,53.5763,3.5348,0.10472,0.88,0.13963,244.4242,4.2255,walk_east_mid.0,292.0721,0.88,0.13963,0.88,0.13963,Sidewalk
73.5,53.9155,3.5585,0.06981,0.68,-0.06981,244.0849,4.2744,walk_east_mid.0,291.6657,0.68,-0.06981,0.68,-0.06981,Sidewalk
74.0,54.272,3.6086,0.13963,0.72,0.13963,243.7284,4.3048,walk_east_mid.0,291.121,0.72,0.13963,0.72,0.13963,Sidewalk
74.5,54.6462,3.6746,0.17453,0.76,0.06981,243.354,4.2998,walk_east_mid.0,290.7896,0.76,0.06981,0.76,0.06981,Sidewalk
75.0,55.044,3.7164,0.10472,0.8,-0.13963,242.9562,4.2697,walk_east_mid.0,290.1499,0.8,-0.13963,0.8,-0.13963,Sidewalk
75.5,55.3807,3.7637,0.13963,0.68,0.06981,242.6194,4.2708,walk_east_mid.0,289.9433,0.68,0.06981,0.68,0.06981,Sidewalk
76.0,55.7797,3.7916,0.06981,0.8,-0.13963,242.2204,4.2552,walk_east_mid.0,289.2337,0.8,-0.13963,0.8,-0.13963,Sidewalk
76.5,56.1195,3.8035,0.03491,0.68,-0.06981,241.8806,4.319,walk_east_mid.0,289.0039,0.68,-0.06981,0.68,-0.06981,Sidewalk
77.0,56.4377,3.8369,0.10472,0.64,0.13963,241.5623,4.3437,walk_east_mid.0,288.5842,0.64,0.13963,0.64,0.13963,Sidewalk
77.5,56.814,3.8898,0.13963,0.76,0.06981,241.186,4.374,walk_east_mid.0,287.9841,0.76,0.06981,0.76,0.06981,Sidewalk
78.0,57.2131,3.9177,0.06981,0.8,-0.13963,240.7869,4.3363,walk_east_mid.0,287.5221,0.8,-0.13963,0.8,-0.13963,Sidewalk
78.5,57.591,3.9574,0.10472,0.76,0.06981,240.409,4.351,walk_east_mid.0,287.1167,0.76,0.06981,0.76,0.06981,Sidewalk
79.0,57.9908,3.9714,0.03491,0.8,-0.13963,240.0093,4.3288,walk_east_mid.0,286.5346,0.8,-0.13963,0.8,-0.13963,Sidewalk
79.5,58.3299,3.9951,0.06981,0.68,0.06981,239.6701,4.3947,walk_east_mid.0,286.228,0.68,0.06981,0.68,0.06981,Sidewalk
80.0,58.6899,3.9951,-0.0,0.72,-0.13963,239.3101,4.4401,walk_east_mid.0,285.6088,0.72,-0.13963,0.72,-0.13963,Sidewalk
80.5,59.0297,3.9833,-0.03491,0.68,-0.06981,238.9703,4.4407,walk_east_up.4,285.3477,0.68,-0.06981,0.68,-0.06981,Sidewalk
81.0,59.3895,3.9958,0.03491,0.72,0.13963,238.6105,4.2108,walk_east_up.4,284.7239,0.72,0.13963,0.72,0.13963,Sidewalk
81.5,59.7686,4.0223,0.06981,0.76,0.06981,238.2314,3.9103,walk_east_up.4,284.3566,0.76,0.06981,0.76,0.06981,Sidewalk
82.0,60.1686,4.0223,-0.0,0.8,-0.13963,237.8314,3.684,walk_east_up.4,283.6921,0.8,-0.13963,0.8,-0.13963,Sidewalk
82.5,60.5084,4.0342,0.03491,0.68,0.06981,237.4916,3.3801,walk_east_up.4,283.5395,0.68,0.06981,0.68,0.06981,Sidewalk
83.0,60.8681,4.0216,-0.03491,0.72,-0.13963,237.1319,3.0787,walk_east_up.4,282.9104,0.72,-0.13963,0.72,-0.13963,Sidewalk
83.5,61.2472,3.9951,-0.06981,0.76,-0.06981,236.7528,2.7474,walk_east_up.4,282.5029,0.76,-0.06981,0.76,-0.06981,Sidewalk
84.0,61.6472,3.9951,-0.0,0.8,0.13963,236.3528,2.4445,walk_east_up.4,281.916,0.8,0.13963,0.8,0.13963,Sidewalk
84.5,62.027,3.9819,-0.03491,0.76,-0.06981,235.973,2.1689,walk_east_up.4,281.7662,0.76,-0.06981,0.76,-0.06981,Sidewalk
85.0,62.3868,3.9944,0.03491,0.72,0.13963,235.6132,1.8927,walk_east_up.4,281.2808,0.72,0.13963,0.72,0.13963,Sidewalk
85.5,62.7658,4.0209,0.06981,0.76,0.06981,235.2342,1.6523,walk_east_up.4,280.8321,0.76,0.06981,0.76,0.06981,Sidewalk
86.0,63.1658,4.0209,-0.0,0.8,-0.13963,234.8342,1.4024,walk_east_up.4,280.7447,0.8,-0.13963,0.8,-0.13963,Sidewalk
86.5,63.5856,4.0063,-0.03491,0.84,-0.06981,234.4144,1.188,walk_east_up.4,280.5543,0.84,-0.06981,0.84,-0.06981,Sidewalk
87.0,63.9853,3.9923,-0.03491,0.8,-0.0,234.0147,1.0023,walk_east_up.4,281.1557,0.8,-0.0,0.8,-0.0,Sidewalk
87.5,64.4442,3.9602,-0.06981,0.92,-0.06981,233.5558,0.8835,walk_east_up.4,281.1648,0.92,-0.06981,0.92,-0.06981,Sidewalk
88.0,64.8831,3.9295,-0.06981,0.88,-0.0,233.1169,0.7944,walk_east_up.4,282.0389,0.88,-0.0,0.88,-0.0,Sidewalk
88.5,65.3029,3.9149,-0.03491,0.84,0.06981,232.6971,0.7724,walk_east_up.4,281.9856,0.84,0.06981,0.84,0.06981,Sidewalk
89.0,65.7027,3.9009,-0.03491,0.8,-0.0,232.2974,0.8197,walk_east_up.4,280.9826,0.8,-0.0,0.8,-0.0,Sidewalk
89.5,66.1615,3.8688,-0.06981,0.92,-0.06981,231.8385,0.9048,walk_east_up.4,279.2928,0.92,-0.06981,0.92,-0.06981,Sidewalk
90.0,66.5606,3.8409,-0.06981,0.8,-0.0,231.4395,1.0244,walk_east_up.4,279.0212,0.8,-0.0,0.8,-0.0,Sidewalk
90.5,66.8987,3.8054,-0.10472,0.68,-0.06981,231.1014,1.2222,walk_east_up.4,278.4137,0.68,-0.06981,0.68,-0.06981,Sidewalk
91.0,67.2965,3.7636,-0.10472,0.8,-0.0,230.7036,1.406,walk_east_up.4,276.9677,0.8,-0.0,0.8,-0.0,Sidewalk
91.5,67.5936,3.7218,-0.13963,0.6,-0.06981,230.4066,1.7278,walk_east_up.4,276.7503,0.6,-0.06981,0.6,-0.06981,Sidewalk
92.0,67.9897,3.6662,-0.13963,0.8,-0.0,230.0106,1.9309,walk_east_up.4,275.2785,0.8,-0.0,0.8,-0.0,Sidewalk
92.5,68.3676,3.6264,-0.10472,0.76,0.06981,229.6327,2.1632,walk_east_up.4,275.7733,0.76,0.06981,0.76,0.06981,Sidewalk
93.0,68.7256,3.5888,-0.10472,0.72,-0.0,229.2747,2.3932,walk_east_up.4,274.4658,0.72,-0.0,0.72,-0.0,Sidewalk
93.5,69.1047,3.5623,-0.06981,0.76,0.06981,228.8957,2.6245,walk_east_up.4,275.4348,0.76,0.06981,0.76,0.06981,Sidewalk
94.0,69.4638,3.5372,-0.06981,0.72,-0.0,228.5366,2.9415,walk_east_up.4,273.5238,0.72,-0.0,0.72,-0.0,Sidewalk
94.5,69.7237,3.5281,-0.03491,0.52,0.06981,228.2768,3.3689,walk_east_up.4,274.0038,0.52,0.06981,0.52,0.06981,Sidewalk
95.0,70.0435,3.5169,-0.03491,0.64,-0.0,227.957,3.7121,walk_east_up.4,272.6671,0.64,-0.0,0.64,-0.0,Sidewalk
95.5,70.3028,3.4988,-0.06981,0.52,-0.06981,227.6977,4.1321,walk_east_up.4,272.1477,0.52,-0.06981,0.52,-0.06981,Sidewalk
96.0,70.662,3.4737,-0.06981,0.72,-0.0,227.3386,4.2956,walk_east_mid.0,271.5532,0.72,-0.0,0.72,-0.0,Sidewalk
96.5,71.0417,3.487,0.03491,0.76,0.20944,226.9588,4.2516,walk_east_mid.0,271.0263,0.76,0.20944,0.76,0.20944,Sidewalk
97.0,71.4395,3.5288,0.10472,0.8,0.13963,226.5609,4.2358,walk_east_mid.0,270.6465,0.8,0.13963,0.8,0.13963,Sidewalk
97.5,71.7787,3.5525,0.06981,0.68,-0.06981,226.2217,4.2694,walk_east_mid.0,270.2342,0.68,-0.06981,0.68,-0.06981,Sidewalk
98.0,72.1352,3.6026,0.13963,0.72,0.13963,225.8651,4.2988,walk_east_mid.0,269.6945,0.72,0.13963,0.72,0.13963,Sidewalk
98.5,72.5094,3.6686,0.17453,0.76,0.06981,225.4908,4.3188,walk_east_mid.0,269.3272,0.76,0.06981,0.76,0.06981,Sidewalk
99.0,72.9073,3.7104,0.10472,0.8,-0.13963,225.0929,4.2979,walk_east_mid.0,268.6641,0.8,-0.13963,0.8,-0.13963,Sidewalk
99.5,73.2439,3.7577,0.13963,0.68,0.06981,224.7562,4.3017,walk_east_mid.0,268.4711,0.68,0.06981,0.68,0.06981,Sidewalk
100.0,73.643,3.7856,0.06981,0.8,-0.13963,224.3571,4.292,walk_east_mid.0,267.7386,0.8,-0.13963,0.8,-0.13963,Sidewalk
100.5,73.9828,3.7975,0.03491,0.68,-0.06981,224.0173,4.2887,walk_east_mid.0,267.6084,0.68,-0.06981,0.68,-0.06981,Sidewalk
101.0,74.301,3.8309,0.10472,0.64,0.13963,223.6991,4.3765,walk_east_mid.0,267.1272,0.64,0.13963,0.64,0.13963,Sidewalk
101.5,74.6773,3.8838,0.13963,0.76,0.06981,223.3227,4.3365,walk_east_mid.0,266.6069,0.76,0.06981,0.76,0.06981,Sidewalk
102.0,75.0763,3.9117,0.06981,0.8,-0.13963,222.9237,4.295,walk_east_mid.0,266.1478,0.8,-0.13963,0.8,-0.13963,Sidewalk
102.5,75.4145,3.9472,0.10472,0.68,0.06981,222.5855,4.3081,walk_east_mid.0,265.8111,0.68,0.06981,0.68,0.06981,Sidewalk
103.0,75.8142,3.9612,0.03491,0.8,-0.13963,222.1858,4.2403,walk_east_mid.0,265.2706,0.8,-0.13963,0.8,-0.13963,Sidewalk
103.5,76.1534,3.9849,0.06981,0.68,0.06981,221.8466,4.292,walk_east_mid.0,264.9682,0.68,0.06981,0.68,0.06981,Sidewalk
104.0,76.5134,3.9849,-0.0,0.72,-0.13963,221.4866,4.3303,walk_east_mid.0,264.3222,0.72,-0.13963,0.72,-0.13963,Sidewalk
104.5,76.8532,3.9731,-0.03491,0.68,-0.06981,221.1468,4.3258,walk_east_mid.0,264.0949,0.68,-0.06981,0.68,-0.06981,Sidewalk
105.0,77.213,3.9856,0.03491,0.72,0.13963,220.787,4.3377,walk_east_mid.0,263.4653,0.72,0.13963,0.72,0.13963,Sidewalk
105.5,77.5521,4.0093,0.06981,0.68,0.06981,220.4479,4.3557,walk_east_up.5,263.1923,0.68,0.06981,0.68,0.06981,Sidewalk
106.0,77.9521,4.0093,-0.0,0.8,-0.13963,220.0479,4.1483,walk_east_up.5,262.4893,0.8,-0.13963,0.8,-0.13963,Sidewalk
106.5,78.2919,3.9975,-0.03491,0.68,-0.06981,219.7081,3.7828,walk_east_up.5,262.2715,0.68,-0.06981,0.68,-0.06981,Sidewalk
107.0,78.6117,4.0086,0.03491,0.64,0.13963,219.3883,3.4629,walk_east_up.5,261.8433,0.64,0.13963,0.64,0.13963,Sidewalk
107.5,78.9908,4.0351,0.06981,0.76,0.06981,219.0092,3.1178,walk_east_up.5,261.2641,0.76,0.06981,0.76,0.06981,Sidewalk
108.0,79.3908,4.0351,-0.0,0.8,-0.13963,218.6092,2.8377,walk_east_up.5,260.6686,0.8,-0.13963,0.8,-0.13963,Sidewalk
108.5,79.7306,4.047,0.03491,0.68,0.06981,218.2694,2.4748,walk_east_up.5,260.4757,0.68,0.06981,0.68,0.06981,Sidewalk
109.0,80.0904,4.0344,-0.03491,0.72,-0.13963,217.9096,2.2318,walk_east_up.5,259.8663,0.72,-0.13963,0.72,-0.13963,Sidewalk
109.5,80.4695,4.0079,-0.06981,0.76,-0.06981,217.5305,2.0273,walk_east_up.5,259.5426,0.76,-0.06981,0.76,-0.06981,Sidewalk
110.0,80.8286,3.9828,-0.06981,0.72,-0.0,217.1714,1.7906,walk_east_up.5,259.2179,0.72,-0.0,0.72,-0.0,Sidewalk
110.5,81.2463,3.9389,-0.10472,0.84,-0.06981,216.7537,1.593,walk_east_up.5,258.4459,0.84,-0.06981,0.84,-0.06981,Sidewalk
111.0,81.686,3.9236,-0.03491,0.88,0.13963,216.314,1.3651,walk_east_up.5,258.2416,0.88,0.13963,0.88,0.13963,Sidewalk
111.5,82.1449,3.8915,-0.06981,0.92,-0.06981,215.8551,1.2262,walk_east_up.5,257.9964,0.92,-0.06981,0.92,-0.06981,Sidewalk
112.0,82.5849,3.8915,-0.0,0.88,0.13963,215.4151,1.0305,walk_east_up.5,258.5322,0.88,0.13963,0.88,0.13963,Sidewalk
112.5,83.0446,3.8754,-0.03491,0.92,-0.06981,214.9554,0.9425,walk_east_up.5,258.2495,0.92,-0.06981,0.92,-0.06981,Sidewalk
113.0,83.4444,3.8615,-0.03491,0.8,-0.0,214.5557,0.8736,walk_east_up.5,258.9354,0.8,-0.0,0.8,-0.0,Sidewalk
113.5,83.8634,3.8322,-0.06981,0.84,-0.06981,214.1367,0.8596,walk_east_up.5,258.5272,0.84,-0.06981,0.84,-0.06981,Sidewalk
114.0,84.2624,3.8043,-0.06981,0.8,-0.0,213.7377,0.9041,walk_east_up.5,257.6438,0.8,-0.0,0.8,-0.0,Sidewalk
114.5,84.6005,3.7687,-0.10472,0.68,-0.06981,213.3996,1.0917,walk_east_up.5,257.2051,0.68,-0.06981,0.68,-0.06981,Sidewalk
115.0,84.9983,3.7269,-0.10472,0.8,-0.0,213.0019,1.3243,walk_east_up.5,255.6748,0.8,-0.0,0.8,-0.0,Sidewalk
115.5,85.3774,3.7004,-0.06981,0.76,0.06981,212.6228,1.5004,walk_east_up.5,255.8474,0.76,0.06981,0.76,0.06981,Sidewalk
116.0,85.7365,3.6753,-0.06981,0.72,-0.0,212.2637,1.7216,walk_east_up.5,254.8401,0.72,-0.0,0.72,-0.0,Sidewalk
116.5,86.0349,3.6439,-0.10472,0.6,-0.06981,211.9654,2.0178,walk_east_up.5,254.249,0.6,-0.06981,0.6,-0.06981,Sidewalk
117.0,86.4327,3.6021,-0.10472,0.8,-0.0,211.5677,2.2287,walk_east_up.5,253.1441,0.8,-0.0,0.8,-0.0,Sidewalk
117.5,86.8118,3.5756,-0.06981,0.76,0.06981,211.1887,2.4508,walk_east_up.5,254.0614,0.76,0.06981,0.76,0.06981,Sidewalk
118.0,87.1709,3.5505,-0.06981,0.72,-0.0,210.8296,2.7528,walk_east_up.5,252.3553,0.72,-0.0,0.72,-0.0,Sidewalk
118.5,87.4307,3.5414,-0.03491,0.52,0.06981,210.5698,3.063,walk_east_up.5,253.5032,0.52,0.06981,0.52,0.06981,Sidewalk
119.0,87.7905,3.5289,-0.03491,0.72,-0.0,210.21,3.3443,walk_east_up.5,251.6876,0.72,-0.0,0.72,-0.0,Sidewalk
119.5,88.0499,3.5107,-0.06981,0.52,-0.06981,209.9507,3.7992,walk_east_up.5,250.9713,0.52,-0.06981,0.52,-0.06981,Sidewalk
120.0,88.409,3.4856,-0.06981,0.72,-0.0,209.5916,4.1121,walk_east_up.5,250.1617,0.72,-0.0,0.72,-0.0,Sidewalk
120.5,88.7088,3.4752,-0.03491,0.6,0.06981,209.2918,4.3967,walk_east_mid.0,249.9514,0.6,0.06981,0.6,0.06981,Sidewalk
121.0,89.0286,3.464,-0.03491,0.64,-0.0,208.9721,4.4056,walk_east_mid.0,249.4207,0.64,-0.0,0.64,-0.0,Sidewalk
121.5,89.3678,3.4877,0.06981,0.68,0.20944,208.6328,4.3928,walk_east_mid.0,249.0803,0.68,0.20944,0.68,0.20944,Sidewalk
122.0,89.7639,3.5434,0.13963,0.8,0.13963,208.2366,4.3867,walk_east_mid.0,248.3497,0.8,0.13963,0.8,0.13963,Sidewalk
122.5,90.102,3.5789,0.10472,0.68,-0.06981,207.8984,4.3981,walk_east_mid.0,248.1325,0.68,-0.06981,0.68,-0.06981,Sidewalk
123.0,90.4566,3.6414,0.17453,0.72,0.13963,207.5437,4.4109,walk_east_mid.0,247.573,0.72,0.13963,0.72,0.13963,Sidewalk
123.5,90.9121,3.7054,0.13963,0.92,-0.06981,207.0881,6.8213,walk_east_dn.1,244.5007,0.92,-0.06981,0.92,-0.06981,Sidewalk
124.0,91.3478,3.7667,0.13963,0.88,-0.0,206.6523,6.8219,walk_east_up.6,244.1955,0.88,-0.0,0.88,-0.0,Sidewalk
124.5,91.8053,3.8148,0.10472,0.92,-0.06981,206.1948,6.5594,walk_east_up.6,243.4499,0.92,-0.06981,0.92,-0.06981,Sidewalk
125.0,92.2429,3.8608,0.10472,0.88,-0.0,205.7572,6.3645,walk_east_up.6,243.1328,0.88,-0.0,0.88,-0.0,Sidewalk
125.5,92.7018,3.8928,0.06981,0.92,-0.06981,205.2983,6.2211,walk_east_up.6,242.4086,0.92,-0.06981,0.92,-0.06981,Sidewalk
126.0,93.1407,3.9235,0.06981,0.88,-0.0,204.8593,6.0532,walk_east_up.6,242.0652,0.88,-0.0,0.88,-0.0,Sidewalk
126.5,93.6004,3.9396,0.03491,0.92,-0.06981,204.3996,5.8764,walk_east_up.6,241.3744,0.92,-0.06981,0.92,-0.06981,Sidewalk
127.0,94.0401,3.9549,0.03491,0.88,-0.0,203.9599,5.63,walk_east_up.6,241.0135,0.88,-0.0,0.88,-0.0,Sidewalk
127.5,94.5001,3.9549,-0.0,0.92,-0.06981,203.4999,5.3851,walk_east_up.6,240.3633,0.92,-0.06981,0.92,-0.06981,Sidewalk
128.0,94.9401,3.9549,-0.0,0.88,-0.0,203.0599,5.1324,walk_east_up.6,239.9812,0.88,-0.0,0.88,-0.0,Sidewalk
128.5,95.3999,3.971,0.03491,0.92,0.06981,202.6001,4.8837,walk_east_up.6,239.3672,0.92,0.06981,0.92,0.06981,Sidewalk
129.0,95.8396,3.9864,0.03491,0.88,-0.0,202.1604,4.6108,walk_east_up.6,238.97,0.88,-0.0,0.88,-0.0,Sidewalk
129.5,96.2996,3.9864,-0.0,0.92,-0.06981,201.7004,4.4085,walk_east_up.6,238.3253,0.92,-0.06981,0.92,-0.06981,Sidewalk
130.0,96.7396,3.9864,-0.0,0.88,-0.0,201.2604,4.1546,walk_east_up.6,237.9593,0.88,-0.0,0.88,-0.0,Sidewalk
130.5,97.1993,3.9703,-0.03491,0.92,-0.06981,200.8007,4.0125,walk_east_up.6,237.3442,0.92,-0.06981,0.92,-0.06981,Sidewalk
131.0,97.639,3.9549,-0.03491,0.88,-0.0,200.361,3.82,walk_east_up.6,236.9485,0.88,-0.0,0.88,-0.0,Sidewalk
131.5,98.099,3.9549,-0.0,0.92,0.06981,199.901,3.5878,walk_east_up.6,236.3252,0.92,0.06981,0.92,0.06981,Sidewalk
132.0,98.539,3.9549,-0.0,0.88,-0.0,199.461,7.7264,walk_east_dn.1,235.4755,0.88,-0.0,0.88,-0.0,Sidewalk
132.5,98.9988,3.971,0.03491,0.92,0.06981,199.0012,7.8015,walk_east_dn.1,234.8287,0.92,0.06981,0.92,0.06981,Sidewalk
133.0,99.4385,3.9864,0.03491,0.88,-0.0,198.5615,7.8396,walk_east_dn.1,234.3937,0.88,-0.0,0.88,-0.0,Sidewalk
133.5,99.8985,3.9864,-0.0,0.92,-0.06981,198.1015,7.8893,walk_east_dn.1,233.7168,0.92,-0.06981,0.92,-0.06981,Sidewalk
134.0,100.3385,3.9864,-0.0,0.88,-0.0,197.6615,7.9848,walk_east_dn.1,233.3044,0.88,-0.0,0.88,-0.0,Sidewalk
134.5,100.7982,4.0024,0.03491,0.92,0.06981,197.2018,8.0244,walk_east_dn.1,232.6686,0.92,0.06981,0.92,0.06981,Sidewalk
135.0,101.2379,4.0178,0.03491,0.88,-0.0,196.7621,8.0754,walk_east_dn.1,232.2553,0.88,-0.0,0.88,-0.0,Sidewalk
135.5,101.6979,4.0178,-0.0,0.92,-0.06981,196.3021,8.1569,walk_east_dn.1,231.6135,0.92,-0.06981,0.92,-0.06981,Sidewalk
136.0,102.1379,4.0178,-0.0,0.88,-0.0,195.8621,8.2155,walk_east_dn.1,231.2255,0.88,-0.0,0.88,-0.0,Sidewalk
136.5,102.5977,4.0338,0.03491,0.92,0.06981,195.4023,8.3327,walk_east_dn.1,230.6143,0.92,0.06981,0.92,0.06981,Sidewalk
137.0,103.0374,4.0492,0.03491,0.88,-0.0,194.9626,8.3551,walk_east_dn.1,230.2179,0.88,-0.0,0.88,-0.0,Sidewalk
137.5,103.4974,4.0492,-0.0,0.92,-0.06981,194.5026,8.6513,stand_5,229.6062,0.92,-0.06981,0.92,-0.06981,Sidewalk
138.0,103.9374,4.0492,-0.0,0.88,-0.0,194.0626,8.2128,stand_5,229.2356,0.88,-0.0,0.88,-0.0,Sidewalk
138.5,104.3971,4.0652,0.03491,0.92,0.06981,193.6029,7.7564,stand_5,228.6475,0.92,0.06981,0.92,0.06981,Sidewalk
139.0,104.8368,4.0806,0.03491,0.88,-0.0,193.1632,7.3202,stand_5,228.3027,0.88,-0.0,0.88,-0.0,Sidewalk
139.5,105.2957,4.1127,0.06981,0.92,0.06981,192.7043,6.8673,stand_5,227.7527,0.92,0.06981,0.92,0.06981,Sidewalk
140.0,105.7347,4.1434,0.06981,0.88,-0.0,192.2654,6.4351,stand_5,227.4547,0.88,-0.0,0.88,-0.0,Sidewalk
140.5,106.1944,4.1594,0.03491,0.92,-0.06981,191.8057,5.9813,stand_5,227.1086,0.92,-0.06981,0.92,-0.06981,Sidewalk
141.0,106.6341,4.1748,0.03491,0.88,-0.0,191.366,5.5483,stand_5,226.8252,0.88,-0.0,0.88,-0.0,Sidewalk
141.5,107.0531,4.2041,0.06981,0.84,0.06981,190.947,5.1392,stand_5,226.5009,0.84,0.06981,0.84,0.06981,Sidewalk
142.0,107.492,4.2348,0.06981,0.88,-0.0,190.5081,4.7127,stand_5,226.505,0.88,-0.0,0.88,-0.0,Sidewalk
142.5,107.8301,4.2703,0.10472,0.68,0.06981,190.17,4.3885,stand_5,226.4401,0.68,0.06981,0.68,0.06981,Sidewalk
143.0,108.2677,4.3163,0.10472,0.88,-0.0,189.7325,3.9728,stand_5,226.0367,0.88,-0.0,0.88,-0.0,Sidewalk
143.5,108.6069,4.34,0.06981,0.68,-0.06981,189.3934,3.6513,stand_5,227.6125,0.68,-0.06981,0.68,-0.06981,Sidewalk
144.0,109.0458,4.3707,0.06981,0.88,-0.0,188.9545,3.2408,stand_5,225.5242,0.88,-0.0,0.88,-0.0,Sidewalk
144.5,109.5056,4.3868,0.03491,0.92,-0.06981,188.4948,2.8144,stand_5,227.8975,0.92,-0.06981,0.92,-0.06981,Sidewalk
145.0,109.9453,4.4021,0.03491,0.88,-0.0,188.0551,2.418,stand_5,224.8663,0.88,-0.0,0.88,-0.0,Sidewalk
145.5,110.4053,4.4021,-0.0,0.92,-0.06981,187.5951,2.0144,stand_5,225.7289,0.92,-0.06981,0.92,-0.06981,Sidewalk
146.0,110.8453,4.4021,-0.0,0.88,-0.0,187.1551,1.656,stand_5,224.1742,0.88,-0.0,0.88,-0.0,Sidewalk
146.5,111.305,4.3861,-0.03491,0.92,-0.06981,186.6954,1.3221,stand_5,224.1352,0.92,-0.06981,0.92,-0.06981,Sidewalk
147.0,111.7447,4.3707,-0.03491,0.88,-0.0,186.2556,1.0922,stand_5,223.3772,0.88,-0.0,0.88,-0.0,Sidewalk
147.5,112.2047,4.3707,-0.0,0.92,0.06981,185.7956,1.0292,stand_5,222.6051,0.92,0.06981,0.92,0.06981,Sidewalk
148.0,112.6447,4.3707,-0.0,0.88,-0.0,185.3556,1.1521,stand_5,221.5385,0.88,-0.0,0.88,-0.0,Sidewalk
148.5,113.0245,4.384,0.03491,0.76,0.06981,184.9759,1.3775,stand_5,221.0255,0.76,0.06981,0.76,0.06981,Sidewalk
149.0,113.3843,4.3714,-0.03491,0.72,-0.13963,184.6161,1.6285,stand_5,220.4727,0.72,-0.13963,0.72,-0.13963,Sidewalk
149.5,113.6843,4.3714,-0.0,0.6,0.06981,184.3161,1.871,stand_5,220.4234,0.6,0.06981,0.6,0.06981,Sidewalk
150.0,113.9636,4.3519,-0.06981,0.56,-0.13963,184.0367,2.1006,stand_5,220.5673,0.56,-0.13963,0.56,-0.13963,Sidewalk
150.5,114.2197,4.3067,-0.17453,0.52,-0.20944,183.7806,2.3094,stand_5,220.3554,0.52,-0.20944,0.52,-0.20944,Sidewalk
151.0,114.4913,4.239,-0.24435,0.56,-0.13963,183.5088,2.5343,stand_5,220.3312,0.56,-0.13963,0.56,-0.13963,Sidewalk
151.5,114.6605,4.1774,-0.34907,0.36,-0.20944,183.3396,2.6734,stand_5,220.4973,0.36,-0.20944,0.36,-0.20944,Sidewalk
152.0,114.8432,4.0961,-0.41888,0.4,-0.13963,183.1568,2.698,stand_2,220.3122,0.4,-0.13963,0.4,-0.13963,Sidewalk
152.5,115.005,4.0172,-0.45379,0.36,-0.06981,182.995,2.535,stand_2,220.4435,0.36,-0.06981,0.36,-0.06981,Sidewalk
153.0,115.1089,3.9572,-0.5236,0.24,-0.13963,182.8911,2.4317,stand_2,220.5123,0.24,-0.13963,0.24,-0.13963,Sidewalk
153.5,115.2276,3.883,-0.55851,0.28,-0.06981,182.7724,2.3161,stand_2,220.4107,0.28,-0.06981,0.28,-0.06981,Sidewalk
154.0,115.3247,3.8124,-0.62832,0.24,-0.13963,182.6754,2.2245,stand_2,220.4036,0.24,-0.13963,0.24,-0.13963,Sidewalk
154.5,115.4035,3.7509,-0.66323,0.2,-0.06981,182.5967,2.1527,stand_2,220.4453,0.2,-0.06981,0.2,-0.06981,Sidewalk
155.0,115.4981,3.677,-0.66323,0.24,-0.0,182.5022,2.0697,stand_2,220.3912,0.24,-0.0,0.24,-0.0,Sidewalk
155.5,115.544,3.6384,-0.69813,0.12,-0.06981,182.4563,2.0311,stand_2,220.5308,0.12,-0.06981,0.12,-0.06981,Sidewalk
156.0,115.6016,3.5829,-0.76794,0.16,-0.13963,182.3989,1.9859,stand_2,220.4442,0.16,-0.13963,0.16,-0.13963,Sidewalk
156.5,115.661,3.5293,-0.73304,0.16,0.06981,182.3396,1.9407,stand_2,220.499,0.16,0.06981,0.16,0.06981,Sidewalk
157.0,115.7205,3.4758,-0.73304,0.16,-0.0,182.2803,1.8977,stand_2,220.3716,0.16,-0.0,0.16,-0.0,Sidewalk
157.5,115.7818,3.4244,-0.69813,0.16,0.06981,182.2191,1.8547,stand_2,220.4615,0.16,0.06981,0.16,0.06981,Sidewalk
158.0,115.8105,3.3966,-0.76794,0.08,-0.13963,182.1905,1.8366,stand_2,220.4898,0.08,-0.13963,0.08,-0.13963,Sidewalk
158.5,115.8383,3.3678,-0.80285,0.08,-0.06981,182.1628,1.8205,stand_2,220.447,0.08,-0.06981,0.08,-0.06981,Sidewalk
159.0,115.8661,3.339,-0.80285,0.08,-0.0,182.1351,1.8052,stand_2,220.4387,0.08,-0.0,0.08,-0.0,Sidewalk
159.5,115.8929,3.3093,-0.83776,0.08,-0.06981,182.1084,1.7919,stand_2,220.4109,0.08,-0.06981,0.08,-0.06981,Sidewalk
160.0,115.9196,3.2796,-0.83776,0.08,-0.0,182.0818,1.7794,stand_2,220.3913,0.08,-0.0,0.08,-0.0,Sidewalk
160.5,115.9474,3.2508,-0.80285,0.08,0.06981,182.0541,1.7664,stand_2,220.4192,0.08,0.06981,0.08,0.06981,Sidewalk
161.0,115.9772,3.2241,-0.73304,0.08,0.13963,182.0245,1.7515,stand_2,220.4764,0.08,0.13963,0.08,0.13963,Sidewalk
161.5,116.0078,3.1983,-0.69813,0.08,0.06981,181.994,1.7362,stand_2,220.4093,0.08,0.06981,0.08,0.06981,Sidewalk
162.0,116.0402,3.1748,-0.62832,0.08,0.13963,181.9617,1.7191,stand_2,220.4825,0.08,0.13963,0.08,0.13963,Sidewalk
162.5,116.0402,3.1748,-0.59341,0.0,0.06981,181.9617,1.7191,stand_2,220.5168,0.0,0.06981,0.0,0.06981,Sidewalk
163.0,116.0402,3.1748,-0.59341,0.0,-0.0,181.9617,1.7191,stand_2,220.5084,0.0,-0.0,0.0,-0.0,Sidewalk
163.5,116.0741,3.1536,-0.55851,0.08,0.06981,181.9279,1.7002,stand_2,220.4261,0.08,0.06981,0.08,0.06981,Sidewalk
164.0,116.0741,3.1536,-0.55851,0.0,-0.0,181.9279,1.7002,stand_2,220.4971,0.0,-0.0,0.0,-0.0,Sidewalk
164.5,116.0741,3.1536,-0.5236,0.0,0.06981,181.9279,1.7002,stand_2,220.5055,0.0,0.06981,0.0,0.06981,Sidewalk
165.0,116.0741,3.1536,-0.5236,0.0,-0.0,181.9279,1.7002,stand_2,220.4971,0.0,-0.0,0.0,-0.0,Sidewalk
165.5,116.1094,3.1349,-0.48869,0.08,0.06981,181.8927,1.6796,stand_2,220.4437,0.08,0.06981,0.08,0.06981,Sidewalk
166.0,116.1094,3.1349,-0.48869,0.0,-0.0,181.8927,1.6796,stand_2,220.4874,0.0,-0.0,0.0,-0.0,Sidewalk
166.5,116.1454,3.1173,-0.45379,0.08,0.06981,181.8568,1.6585,stand_2,220.4503,0.08,0.06981,0.08,0.06981,Sidewalk
167.0,116.1454,3.1173,-0.45379,0.0,-0.0,181.8568,1.6585,stand_2,220.4786,0.0,-0.0,0.0,-0.0,Sidewalk
167.5,116.1454,3.1173,-0.41888,0.0,0.06981,181.8568,1.6585,stand_2,220.487,0.0,0.06981,0.0,0.06981,Sidewalk
168.0,116.1454,3.1173,-0.41888,0.0,-0.0,181.8568,1.6585,stand_2,220.4786,0.0,-0.0,0.0,-0.0,Sidewalk
168.5,116.1824,3.1023,-0.38397,0.08,0.06981,181.8198,1.6357,stand_2,220.4799,0.08,0.06981,0.08,0.06981,Sidewalk
169.0,116.1824,3.1023,-0.38397,0.0,-0.0,181.8198,1.6357,stand_2,220.4721,0.0,-0.0,0.0,-0.0,Sidewalk
169.5,116.1824,3.1023,-0.34907,0.0,0.06981,181.8198,1.6357,stand_2,220.4805,0.0,0.06981,0.0,0.06981,Sidewalk
170.0,116.1824,3.1023,-0.34907,0.0,-0.0,181.8198,1.6357,stand_2,220.4721,0.0,-0.0,0.0,-0.0,Sidewalk
170.5,116.1824,3.1023,-0.31416,0.0,0.06981,181.8198,1.6357,stand_2,220.4805,0.0,0.06981,0.0,0.06981,Sidewalk
171.0,116.1824,3.1023,-0.31416,0.0,-0.0,181.8198,1.6357,stand_2,220.4721,0.0,-0.0,0.0,-0.0,Sidewalk
171.5,116.1824,3.1023,-0.27925,0.0,0.06981,181.8198,1.6357,stand_2,220.4805,0.0,0.06981,0.0,0.06981,Sidewalk
172.0,116.1824,3.1023,-0.27925,0.0,-0.0,181.8198,1.6357,stand_2,220.4721,0.0,-0.0,0.0,-0.0,Sidewalk
172.5,116.1824,3.1023,-0.24435,0.0,0.06981,181.8198,1.6357,stand_2,220.4805,0.0,0.06981,0.0,0.06981,Sidewalk
173.0,116.1824,3.1023,-0.24435,0.0,-0.0,181.8198,1.6357,stand_2,220.4721,0.0,-0.0,0.0,-0.0,Sidewalk
173.5,116.1824,3.1023,-0.20944,0.0,0.06981,181.8198,1.6357,stand_2,220.4805,0.0,0.06981,0.0,0.06981,Sidewalk
174.0,116.1824,3.1023,-0.20944,0.0,-0.0,181.8198,1.6357,stand_2,220.4721,0.0,-0.0,0.0,-0.0,Sidewalk
174.5,116.1824,3.1023,-0.17453,0.0,0.06981,181.8198,1.6357,stand_2,220.4805,0.0,0.06981,0.0,0.06981,Sidewalk
175.0,116.1824,3.1023,-0.17453,0.0,-0.0,181.8198,1.6357,stand_2,220.4721,0.0,-0.0,0.0,-0.0,Sidewalk
175.5,116.1824,3.1023,-0.13963,0.0,0.06981,181.8198,1.6357,stand_2,220.4805,0.0,0.06981,0.0,0.06981,Sidewalk
176.0,116.1824,3.1023,-0.13963,0.0,-0.0,181.8198,1.6357,stand_2,220.4721,0.0,-0.0,0.0,-0.0,Sidewalk
176.5,116.1824,3.1023,-0.10472,0.0,0.06981,181.8198,1.6357,stand_2,220.4805,0.0,0.06981,0.0,0.06981,Sidewalk
177.0,116.1824,3.1023,-0.10472,0.0,-0.0,181.8198,1.6357,stand_2,220.4721,0.0,-0.0,0.0,-0.0,Sidewalk
177.5,116.1824,3.1023,-0.06981,0.0,0.06981,181.8198,1.6357,stand_2,220.4805,0.0,0.06981,0.0,0.06981,Sidewalk
178.0,116.1824,3.1023,-0.06981,0.0,-0.0,181.8198,1.6357,stand_2,220.4721,0.0,-0.0,0.0,-0.0,Sidewalk
178.5,116.1824,3.1023,-0.03491,0.0,0.06981,181.8198,1.6357,stand_2,220.4805,0.0,0.06981,0.0,0.06981,Sidewalk
179.0,116.1824,3.1023,-0.03491,0.0,-0.0,181.8198,1.6357,stand_2,220.4721,0.0,-0.0,0.0,-0.0,Sidewalk
179.5,116.1824,3.1023,-0.0,0.0,0.06981,181.8198,1.6357,stand_2,220.4805,0.0,0.06981,0.0,0.06981,Sidewalk
180.0,116.1824,3.1023,-0.0,0.0,-0.0,181.8198,1.6357,stand_2,220.4721,0.0,-0.0,0.0,-0.0,Sidewalk
180.5,116.1824,3.1023,0.03491,0.0,0.06981,181.8198,1.6357,stand_2,220.4805,0.0,0.06981,0.0,0.06981,Sidewalk
181.0,116.1824,3.1023,0.03491,0.0,-0.0,181.8198,1.6357,stand_2,220.4722,0.0,-0.0,0.0,-0.0,Sidewalk
181.5,116.1824,3.1023,0.06981,0.0,0.06981,181.8198,1.6357,stand_2,220.4805,0.0,0.06981,0.0,0.06981,Sidewalk
182.0,116.1824,3.1023,0.06981,0.0,-0.0,181.8198,1.6357,stand_2,220.4722,0.0,-0.0,0.0,-0.0,Sidewalk
182.5,116.1824,3.1023,0.10472,0.0,0.06981,181.8198,1.6357,stand_2,220.4805,0.0,0.06981,0.0,0.06981,Sidewalk
183.0,116.1824,3.1023,0.10472,0.0,-0.0,181.8198,1.6357,stand_2,220.4722,0.0,-0.0,0.0,-0.0,Sidewalk
183.5,116.1824,3.1023,0.13963,0.0,0.06981,181.8198,1.6357,stand_2,220.4805,0.0,0.06981,0.0,0.06981,Sidewalk
184.0,116.1824,3.1023,0.13963,0.0,-0.0,181.8198,1.6357,stand_2,220.4722,0.0,-0.0,0.0,-0.0,Sidewalk
184.5,116.1824,3.1023,0.17453,0.0,0.06981,181.8198,1.6357,stand_2,220.4805,0.0,0.06981,0.0,0.06981,Sidewalk
185.0,116.1824,3.1023,0.17453,0.0,-0.0,181.8198,1.6357,stand_2,220.4722,0.0,-0.0,0.0,-0.0,Sidewalk
185.5,116.1824,3.1023,0.20944,0.0,0.06981,181.8198,1.6357,stand_2,220.4805,0.0,0.06981,0.0,0.06981,Sidewalk
186.0,116.1824,3.1023,0.20944,0.0,-0.0,181.8198,1.6357,stand_2,220.4722,0.0,-0.0,0.0,-0.0,Sidewalk
186.5,116.1824,3.1023,0.24435,0.0,0.06981,181.8198,1.6357,stand_2,220.4806,0.0,0.06981,0.0,0.06981,Sidewalk
187.0,116.1824,3.1023,0.24435,0.0,-0.0,181.8198,1.6357,stand_2,220.4722,0.0,-0.0,0.0,-0.0,Sidewalk
187.5,116.1824,3.1023,0.27925,0.0,0.06981,181.8198,1.6357,stand_2,220.4806,0.0,0.06981,0.0,0.06981,Sidewalk
188.0,116.1824,3.1023,0.27925,0.0,-0.0,181.8198,1.6357,stand_2,220.4722,0.0,-0.0,0.0,-0.0,Sidewalk
188.5,116.1824,3.1023,0.31416,0.0,0.06981,181.8198,1.6357,stand_2,220.4806,0.0,0.06981,0.0,0.06981,Sidewalk
189.0,116.1824,3.1023,0.31416,0.0,-0.0,181.8198,1.6357,stand_2,220.4722,0.0,-0.0,0.0,-0.0,Sidewalk
189.5,116.1824,3.1023,0.34907,0.0,0.06981,181.8198,1.6357,stand_2,220.4806,0.0,0.06981,0.0,0.06981,Sidewalk
190.0,116.1824,3.1023,0.34907,0.0,-0.0,181.8198,1.6357,stand_2,220.4722,0.0,-0.0,0.0,-0.0,Sidewalk
190.5,116.1824,3.1023,0.38397,0.0,0.06981,181.8198,1.6357,stand_2,220.4806,0.0,0.06981,0.0,0.06981,Sidewalk
191.0,116.1824,3.1023,0.38397,0.0,-0.0,181.8198,1.6357,stand_2,220.4722,0.0,-0.0,0.0,-0.0,Sidewalk
191.5,116.1824,3.1023,0.41888,0.0,0.06981,181.8198,1.6357,stand_2,220.4806,0.0,0.06981,0.0,0.06981,Sidewalk
192.0,116.1824,3.1023,0.41888,0.0,-0.0,181.8198,1.6357,stand_2,220.4722,0.0,-0.0,0.0,-0.0,Sidewalk
192.5,116.1824,3.1023,0.45379,0.0,0.06981,181.8198,1.6357,stand_2,220.4806,0.0,0.06981,0.0,0.06981,Sidewalk
193.0,116.1824,3.1023,0.45379,0.0,-0.0,181.8198,1.6357,stand_2,220.4722,0.0,-0.0,0.0,-0.0,Sidewalk
193.5,116.1824,3.1023,0.48869,0.0,0.06981,181.8198,1.6357,stand_2,220.4806,0.0,0.06981,0.0,0.06981,Sidewalk
194.0,116.1824,3.1023,0.48869,0.0,-0.0,181.8198,1.6357,stand_2,220.4722,0.0,-0.0,0.0,-0.0,Sidewalk
194.5,116.1824,3.1023,0.5236,0.0,0.06981,181.8198,1.6357,stand_2,220.4806,0.0,0.06981,0.0,0.06981,Sidewalk
195.0,116.1824,3.1023,0.5236,0.0,-0.0,181.8198,1.6357,stand_2,220.4722,0.0,-0.0,0.0,-0.0,Sidewalk
195.5,116.1824,3.1023,0.55851,0.0,0.06981,181.8198,1.6357,stand_2,220.4806,0.0,0.06981,0.0,0.06981,Sidewalk
196.0,116.1824,3.1023,0.55851,0.0,-0.0,181.8198,1.6357,stand_2,220.4722,0.0,-0.0,0.0,-0.0,Sidewalk
196.5,116.1824,3.1023,0.59341,0.0,0.06981,181.8198,1.6357,stand_2,220.4806,0.0,0.06981,0.0,0.06981,Sidewalk
197.0,116.1824,3.1023,0.59341,0.0,-0.0,181.8198,1.6357,stand_2,220.4722,0.0,-0.0,0.0,-0.0,Sidewalk
197.5,116.1824,3.1023,0.62832,0.0,0.06981,181.8198,1.6357,stand_2,220.4806,0.0,0.06981,0.0,0.06981,Sidewalk
198.0,116.1824,3.1023,0.62832,0.0,-0.0,181.8198,1.6357,stand_2,220.4722,0.0,-0.0,0.0,-0.0,Sidewalk
198.5,116.1824,3.1023,0.66323,0.0,0.06981,181.8198,1.6357,stand_2,220.4806,0.0,0.06981,0.0,0.06981,Sidewalk
199.0,116.1824,3.1023,0.66323,0.0,-0.0,181.8198,1.6357,stand_2,220.4722,0.0,-0.0,0.0,-0.0,Sidewalk
199.5,116.1824,3.1023,0.69813,0.0,0.06981,181.8198,1.6357,stand_2,220.4806,0.0,0.06981,0.0,0.06981,Sidewalk
200.0,116.1824,3.1023,0.69813,0.0,-0.0,181.8198,1.6357,stand_2,220.4722,0.0,-0.0,0.0,-0.0,Sidewalk
200.5,116.1824,3.1023,0.73304,0.0,0.06981,181.8198,1.6357,stand_2,220.4806,0.0,0.06981,0.0,0.06981,Sidewalk
201.0,116.1824,3.1023,0.73304,0.0,-0.0,181.8198,1.6357,stand_2,220.4722,0.0,-0.0,0.0,-0.0,Sidewalk
201.5,116.1824,3.1023,0.76794,0.0,0.06981,181.8198,1.6357,stand_2,220.4806,0.0,0.06981,0.0,0.06981,Sidewalk
202.0,116.1824,3.1023,0.76794,0.0,-0.0,181.8198,1.6357,stand_2,220.4722,0.0,-0.0,0.0,-0.0,Sidewalk
202.5,116.1824,3.1023,0.80285,0.0,0.06981,181.8198,1.6357,stand_2,220.4806,0.0,0.06981,0.0,0.06981,Sidewalk
203.0,116.1824,3.1023,0.80285,0.0,-0.0,181.8198,1.6357,stand_2,220.4722,0.0,-0.0,0.0,-0.0,Sidewalk
203.5,116.1824,3.1023,0.83776,0.0,0.06981,181.8198,1.6357,stand_2,220.4806,0.0,0.06981,0.0,0.06981,Sidewalk
204.0,116.1824,3.1023,0.83776,0.0,-0.0,181.8198,1.6356,stand_2,220.4722,0.0,-0.0,0.0,-0.0,Sidewalk
204.5,116.1824,3.1023,0.87266,0.0,0.06981,181.8198,1.6356,stand_2,220.4806,0.0,0.06981,0.0,0.06981,Sidewalk
205.0,116.1824,3.1023,0.87266,0.0,-0.0,181.8198,1.6356,stand_2,220.4723,0.0,-0.0,0.0,-0.0,Sidewalk
205.5,116.1824,3.1023,0.90757,0.0,0.06981,181.8198,1.6356,stand_2,220.4806,0.0,0.06981,0.0,0.06981,Sidewalk
206.0,116.1824,3.1023,0.90757,0.0,-0.0,181.8198,1.6356,stand_2,220.4723,0.0,-0.0,0.0,-0.0,Sidewalk
206.5,116.1824,3.1023,0.94248,0.0,0.06981,181.8198,1.6356,stand_2,220.4806,0.0,0.06981,0.0,0.06981,Sidewalk
207.0,116.1824,3.1023,0.94248,0.0,-0.0,181.8198,1.6356,stand_2,220.4723,0.0,-0.0,0.0,-0.0,Sidewalk
207.5,116.1824,3.1023,0.97738,0.0,0.06981,181.8198,1.6356,stand_2,220.4806,0.0,0.06981,0.0,0.06981,Sidewalk
208.0,116.1824,3.1023,0.97738,0.0,-0.0,181.8198,1.6356,stand_2,220.4723,0.0,-0.0,0.0,-0.0,Sidewalk
208.5,116.1824,3.1023,1.01229,0.0,0.06981,181.8198,1.6356,stand_2,220.4806,0.0,0.06981,0.0,0.06981,Sidewalk
209.0,116.1824,3.1023,1.01229,0.0,-0.0,181.8198,1.6356,stand_2,220.4723,0.0,-0.0,0.0,-0.0,Sidewalk
209.5,116.1824,3.1023,1.0472,0.0,0.06981,181.8198,1.6356,stand_2,220.4806,0.0,0.06981,0.0,0.06981,Sidewalk
210.0,116.1824,3.1023,1.0472,0.0,-0.0,181.8198,1.6356,stand_2,220.4723,0.0,-0.0,0.0,-0.0,Sidewalk
210.5,116.1824,3.1023,1.0821,0.0,0.06981,181.8198,1.6356,stand_2,220.4807,0.0,0.06981,0.0,0.06981,Sidewalk
211.0,116.1824,3.1023,1.0821,0.0,-0.0,181.8198,1.6356,stand_2,220.4723,0.0,-0.0,0.0,-0.0,Sidewalk
211.5,116.1824,3.1023,1.11701,0.0,0.06981,181.8198,1.6356,stand_2,220.4807,0.0,0.06981,0.0,0.06981,Sidewalk
212.0,116.1824,3.1023,1.11701,0.0,-0.0,181.8198,1.6356,stand_2,220.4723,0.0,-0.0,0.0,-0.0,Sidewalk
212.5,116.1824,3.1023,1.15192,0.0,0.06981,181.8198,1.6356,stand_2,220.4807,0.0,0.06981,0.0,0.06981,Sidewalk
213.0,116.1824,3.1023,1.15192,0.0,-0.0,181.8198,1.6356,stand_2,220.4723,0.0,-0.0,0.0,-0.0,Sidewalk
213.5,116.1824,3.1023,1.18682,0.0,0.06981,181.8198,1.6356,stand_2,220.4807,0.0,0.06981,0.0,0.06981,Sidewalk
214.0,116.1824,3.1023,1.18682,0.0,-0.0,181.8198,1.6356,stand_2,220.4723,0.0,-0.0,0.0,-0.0,Sidewalk
214.5,116.1824,3.1023,1.22173,0.0,0.06981,181.8198,1.6356,stand_2,220.4807,0.0,0.06981,0.0,0.06981,Sidewalk
215.0,116.1824,3.1023,1.22173,0.0,-0.0,181.8198,1.6356,stand_2,220.4723,0.0,-0.0,0.0,-0.0,Sidewalk
215.5,116.1824,3.1023,1.25664,0.0,0.06981,181.8198,1.6356,stand_2,220.4807,0.0,0.06981,0.0,0.06981,Sidewalk
216.0,116.1824,3.1023,1.25664,0.0,-0.0,181.8198,1.6356,stand_2,220.4723,0.0,-0.0,0.0,-0.0,Sidewalk
216.5,116.1824,3.1023,1.29154,0.0,0.06981,181.8198,1.6356,stand_2,220.4807,0.0,0.06981,0.0,0.06981,Sidewalk
217.0,116.1824,3.1023,1.29154,0.0,-0.0,181.8198,1.6356,stand_2,220.4723,0.0,-0.0,0.0,-0.0,Sidewalk
217.5,116.1824,3.1023,1.32645,0.0,0.06981,181.8198,1.6356,stand_2,220.4807,0.0,0.06981,0.0,0.06981,Sidewalk
218.0,116.1824,3.1023,1.32645,0.0,-0.0,181.8198,1.6356,stand_2,220.4723,0.0,-0.0,0.0,-0.0,Sidewalk
218.5,116.1824,3.1023,1.36136,0.0,0.06981,181.8198,1.6356,stand_2,220.4807,0.0,0.06981,0.0,0.06981,Sidewalk
219.0,116.1824,3.1023,1.36136,0.0,-0.0,181.8198,1.6356,stand_2,220.4723,0.0,-0.0,0.0,-0.0,Sidewalk
219.5,116.1824,3.1023,1.39626,0.0,0.06981,181.8198,1.6356,stand_2,220.4807,0.0,0.06981,0.0,0.06981,Sidewalk
220.0,116.1824,3.1023,1.39626,0.0,-0.0,181.8198,1.6356,stand_2,220.4723,0.0,-0.0,0.0,-0.0,Sidewalk
220.5,116.1824,3.1023,1.43117,0.0,0.06981,181.8198,1.6356,stand_2,220.4807,0.0,0.06981,0.0,0.06981,Sidewalk
221.0,116.1824,3.1023,1.43117,0.0,-0.0,181.8198,1.6356,stand_2,220.4723,0.0,-0.0,0.0,-0.0,Sidewalk
221.5,116.1824,3.1023,1.46608,0.0,0.06981,181.8198,1.6356,stand_2,220.4807,0.0,0.06981,0.0,0.06981,Sidewalk
222.0,116.1824,3.1023,1.46608,0.0,-0.0,181.8198,1.6356,stand_2,220.4723,0.0,-0.0,0.0,-0.0,Sidewalk
222.5,116.1824,3.1023,1.50098,0.0,0.06981,181.8198,1.6356,stand_2,220.4807,0.0,0.06981,0.0,0.06981,Sidewalk
223.0,116.1824,3.1023,1.50098,0.0,-0.0,181.8198,1.6356,stand_2,220.4723,0.0,-0.0,0.0,-0.0,Sidewalk
223.5,116.1824,3.1023,1.53589,0.0,0.06981,181.8198,1.6356,stand_2,220.4807,0.0,0.06981,0.0,0.06981,Sidewalk
224.0,116.1824,3.1023,1.53589,0.0,-0.0,181.8198,1.6356,stand_2,220.4723,0.0,-0.0,0.0,-0.0,Sidewalk
224.5,116.1824,3.1023,1.5708,0.0,0.06981,181.8198,1.6356,stand_2,220.4807,0.0,0.06981,0.0,0.06981,Sidewalk
225.0,116.1824,3.1023,1.5708,0.0,-0.0,181.8198,1.6356,stand_2,220.4723,0.0,-0.0,0.0,-0.0,Sidewalk
225.5,116.1824,3.1023,1.6057,0.0,0.06981,181.8198,1.6356,stand_2,220.4807,0.0,0.06981,0.0,0.06981,Sidewalk
226.0,116.1824,3.1023,1.6057,0.0,-0.0,181.8198,1.6356,stand_2,220.4723,0.0,-0.0,0.0,-0.0,Sidewalk
226.5,116.1824,3.1023,1.64061,0.0,0.06981,181.8198,1.6356,stand_2,220.4807,0.0,0.06981,0.0,0.06981,Sidewalk
227.0,116.1824,3.1023,1.64061,0.0,-0.0,181.8198,1.6356,stand_2,220.4723,0.0,-0.0,0.0,-0.0,Sidewalk
227.5,116.1824,3.1023,1.67552,0.0,0.06981,181.8198,1.6356,stand_2,220.4807,0.0,0.06981,0.0,0.06981,Sidewalk
228.0,116.1824,3.1023,1.67552,0.0,-0.0,181.8198,1.6356,stand_2,220.4724,0.0,-0.0,0.0,-0.0,Sidewalk
228.5,116.1824,3.1023,1.71042,0.0,0.06981,181.8198,1.6356,stand_2,220.4807,0.0,0.06981,0.0,0.06981,Sidewalk
229.0,116.1824,3.1023,1.71042,0.0,-0.0,181.8198,1.6356,stand_2,220.4724,0.0,-0.0,0.0,-0.0,Sidewalk
229.5,116.1824,3.1023,1.74533,0.0,0.06981,181.8198,1.6356,stand_2,220.4807,0.0,0.06981,0.0,0.06981,Sidewalk
230.0,116.1824,3.1023,1.74533,0.0,-0.0,181.8198,1.6356,stand_2,220.4724,0.0,-0.0,0.0,-0.0,Sidewalk
230.5,116.1824,3.1023,1.78024,0.0,0.06981,181.8198,1.6356,stand_2,220.4807,0.0,0.06981,0.0,0.06981,Sidewalk
231.0,116.1824,3.1023,1.78024,0.0,-0.0,181.8198,1.6356,stand_2,220.4724,0.0,-0.0,0.0,-0.0,Sidewalk
231.5,116.1824,3.1023,1.81514,0.0,0.06981,181.8198,1.6356,stand_2,220.4807,0.0,0.06981,0.0,0.06981,Sidewalk
232.0,116.1824,3.1023,1.81514,0.0,-0.0,181.8198,1.6356,stand_2,220.4724,0.0,-0.0,0.0,-0.0,Sidewalk
232.5,116.1824,3.1023,1.85005,0.0,0.06981,181.8198,1.6356,stand_2,220.4807,0.0,0.06981,0.0,0.06981,Sidewalk
233.0,116.1824,3.1023,1.85005,0.0,-0.0,181.8198,1.6356,stand_2,220.4724,0.0,-0.0,0.0,-0.0,Sidewalk
233.5,116.1824,3.1023,1.88496,0.0,0.06981,181.8198,1.6356,stand_2,220.4807,0.0,0.06981,0.0,0.06981,Sidewalk
234.0,116.1824,3.1023,1.88496,0.0,-0.0,181.8198,1.6356,stand_2,220.4724,0.0,-0.0,0.0,-0.0,Sidewalk
234.5,116.1824,3.1023,1.91986,0.0,0.06981,181.8198,1.6356,stand_2,220.4808,0.0,0.06981,0.0,0.06981,Sidewalk
235.0,116.1824,3.1023,1.91986,0.0,-0.0,181.8198,1.6356,stand_2,220.4724,0.0,-0.0,0.0,-0.0,Sidewalk
235.5,116.1824,3.1023,1.95477,0.0,0.06981,181.8198,1.6356,stand_2,220.4808,0.0,0.06981,0.0,0.06981,Sidewalk
236.0,116.1824,3.1023,1.95477,0.0,-0.0,181.8198,1.6356,stand_2,220.4724,0.0,-0.0,0.0,-0.0,Sidewalk
236.5,116.1824,3.1023,1.98968,0.0,0.06981,181.8198,1.6356,stand_2,220.4808,0.0,0.06981,0.0,0.06981,Sidewalk
237.0,116.1824,3.1023,1.98968,0.0,-0.0,181.8198,1.6356,stand_2,220.4724,0.0,-0.0,0.0,-0.0,Sidewalk
237.5,116.1824,3.1023,2.02458,0.0,0.06981,181.8198,1.6356,stand_2,220.4808,0.0,0.06981,0.0,0.06981,Sidewalk
238.0,116.1824,3.1023,2.02458,0.0,-0.0,181.8198,1.6356,stand_2,220.4724,0.0,-0.0,0.0,-0.0,Sidewalk
238.5,116.1824,3.1023,2.05949,0.0,0.06981,181.8198,1.6356,stand_2,220.4808,0.0,0.06981,0.0,0.06981,Sidewalk
239.0,116.1824,3.1023,2.05949,0.0,-0.0,181.8198,1.6356,stand_2,220.4724,0.0,-0.0,0.0,-0.0,Sidewalk
239.5,116.1824,3.1023,2.0944,0.0,0.06981,181.8198,1.6356,stand_2,220.4808,0.0,0.06981,0.0,0.06981,Sidewalk
240.0,116.1824,3.1023,2.0944,0.0,-0.0,181.8198,1.6356,stand_2,220.4724,0.0,-0.0,0.0,-0.0,Sidewalk
240.5,116.1824,3.1023,2.1293,0.0,0.06981,181.8198,1.6356,stand_2,220.4808,0.0,0.06981,0.0,0.06981,Sidewalk
241.0,116.1824,3.1023,2.1293,0.0,-0.0,181.8198,1.6356,stand_2,220.4724,0.0,-0.0,0.0,-0.0,Sidewalk
241.5,116.1824,3.1023,2.16421,0.0,0.06981,181.8198,1.6356,stand_2,220.4808,0.0,0.06981,0.0,0.06981,Sidewalk
242.0,116.1824,3.1023,2.16421,0.0,-0.0,181.8198,1.6356,stand_2,220.4724,0.0,-0.0,0.0,-0.0,Sidewalk
242.5,116.1824,3.1023,2.19911,0.0,0.06981,181.8198,1.6356,stand_2,220.4808,0.0,0.06981,0.0,0.06981,Sidewalk
243.0,116.1824,3.1023,2.19911,0.0,-0.0,181.8198,1.6355,stand_2,220.4724,0.0,-0.0,0.0,-0.0,Sidewalk
243.5,116.1824,3.1023,2.23402,0.0,0.06981,181.8198,1.6355,stand_2,220.4808,0.0,0.06981,0.0,0.06981,Sidewalk
244.0,116.1824,3.1023,2.23402,0.0,-0.0,181.8198,1.6355,stand_2,220.4724,0.0,-0.0,0.0,-0.0,Sidewalk
244.5,116.1824,3.1023,2.26893,0.0,0.06981,181.8198,1.6355,stand_2,220.4808,0.0,0.06981,0.0,0.06981,Sidewalk
245.0,116.1824,3.1023,2.26893,0.0,-0.0,181.8198,1.6355,stand_2,220.4724,0.0,-0.0,0.0,-0.0,Sidewalk
245.5,116.1824,3.1023,2.30383,0.0,0.06981,181.8198,1.6355,stand_2,220.4808,0.0,0.06981,0.0,0.06981,Sidewalk
246.0,116.1824,3.1023,2.30383,0.0,-0.0,181.8198,1.6355,stand_2,220.4724,0.0,-0.0,0.0,-0.0,Sidewalk
246.5,116.1824,3.1023,2.33874,0.0,0.06981,181.8198,1.6355,stand_2,220.4808,0.0,0.06981,0.0,0.06981,Sidewalk
247.0,116.1824,3.1023,2.33874,0.0,-0.0,181.8198,1.6355,stand_2,220.4724,0.0,-0.0,0.0,-0.0,Sidewalk
247.5,116.1824,3.1023,2.37365,0.0,0.06981,181.8198,1.6355,stand_2,220.4808,0.0,0.06981,0.0,0.06981,Sidewalk
248.0,116.1824,3.1023,2.37365,0.0,-0.0,181.8198,1.6355,stand_2,220.4724,0.0,-0.0,0.0,-0.0,Sidewalk
248.5,116.1824,3.1023,2.40855,0.0,0.06981,181.8198,1.6355,stand_2,220.4808,0.0,0.06981,0.0,0.06981,Sidewalk
249.0,116.1824,3.1023,2.40855,0.0,-0.0,181.8198,1.6355,stand_2,220.4724,0.0,-0.0,0.0,-0.0,Sidewalk
249.5,116.1824,3.1023,2.44346,0.0,0.06981,181.8198,1.6355,stand_2,220.4808,0.0,0.06981,0.0,0.06981,Sidewalk
250.0,116.1824,3.1023,2.44346,0.0,-0.0,181.8198,1.6355,stand_2,220.4724,0.0,-0.0,0.0,-0.0,Sidewalk
250.5,116.1824,3.1023,2.47837,0.0,0.06981,181.8198,1.6355,stand_2,220.4808,0.0,0.06981,0.0,0.06981,Sidewalk
251.0,116.1824,3.1023,2.47837,0.0,-0.0,181.8198,1.6355,stand_2,220.4724,0.0,-0.0,0.0,-0.0,Sidewalk
251.5,116.1824,3.1023,2.51327,0.0,0.06981,181.8198,1.6355,stand_2,220.4808,0.0,0.06981,0.0,0.06981,Sidewalk
252.0,116.1824,3.1023,2.51327,0.0,-0.0,181.8198,1.6355,stand_2,220.4724,0.0,-0.0,0.0,-0.0,Sidewalk
252.5,116.1824,3.1023,2.54818,0.0,0.06981,181.8198,1.6355,stand_2,220.4808,0.0,0.06981,0.0,0.06981,Sidewalk
253.0,116.1824,3.1023,2.54818,0.0,-0.0,181.8198,1.6355,stand_2,220.4724,0.0,-0.0,0.0,-0.0,Sidewalk
253.5,116.1824,3.1023,2.58309,0.0,0.06981,181.8198,1.6355,stand_2,220.4808,0.0,0.06981,0.0,0.06981,Sidewalk
254.0,116.1824,3.1023,2.58309,0.0,-0.0,181.8198,1.6355,stand_2,220.4725,0.0,-0.0,0.0,-0.0,Sidewalk
254.5,116.1824,3.1023,2.61799,0.0,0.06981,181.8198,1.6355,stand_2,220.4808,0.0,0.06981,0.0,0.06981,Sidewalk
255.0,116.1824,3.1023,2.61799,0.0,-0.0,181.8198,1.6355,stand_2,220.4725,0.0,-0.0,0.0,-0.0,Sidewalk
255.5,116.1824,3.1023,2.6529,0.0,0.06981,181.8198,1.6355,stand_2,220.4808,0.0,0.06981,0.0,0.06981,Sidewalk
256.0,116.1824,3.1023,2.6529,0.0,-0.0,181.8198,1.6355,stand_2,220.4725,0.0,-0.0,0.0,-0.0,Sidewalk
256.5,116.1824,3.1023,2.68781,0.0,0.06981,181.8198,1.6355,stand_2,220.4808,0.0,0.06981,0.0,0.06981,Sidewalk
257.0,116.1824,3.1023,2.68781,0.0,-0.0,181.8198,1.6355,stand_2,220.4725,0.0,-0.0,0.0,-0.0,Sidewalk
257.5,116.1824,3.1023,2.72271,0.0,0.06981,181.8198,1.6355,stand_2,220.4808,0.0,0.06981,0.0,0.06981,Sidewalk
258.0,116.1824,3.1023,2.72271,0.0,-0.0,181.8198,1.6355,stand_2,220.4725,0.0,-0.0,0.0,-0.0,Sidewalk
258.5,116.1824,3.1023,2.75762,0.0,0.06981,181.8198,1.6355,stand_2,220.4808,0.0,0.06981,0.0,0.06981,Sidewalk
259.0,116.1824,3.1023,2.75762,0.0,-0.0,181.8198,1.6355,stand_2,220.4725,0.0,-0.0,0.0,-0.0,Sidewalk
259.5,116.1824,3.1023,2.79253,0.0,0.06981,181.8198,1.6355,stand_2,220.4809,0.0,0.06981,0.0,0.06981,Sidewalk
260.0,116.1824,3.1023,2.79253,0.0,-0.0,181.8198,1.6355,stand_2,220.4725,0.0,-0.0,0.0,-0.0,Sidewalk
260.5,116.1824,3.1023,2.82743,0.0,0.06981,181.8198,1.6355,stand_2,220.4809,0.0,0.06981,0.0,0.06981,Sidewalk
261.0,116.1824,3.1023,2.82743,0.0,-0.0,181.8198,1.6355,stand_2,220.4725,0.0,-0.0,0.0,-0.0,Sidewalk
261.5,116.1824,3.1023,2.86234,0.0,0.06981,181.8198,1.6355,stand_2,220.4809,0.0,0.06981,0.0,0.06981,Sidewalk
262.0,116.1824,3.1023,2.86234,0.0,-0.0,181.8198,1.6355,stand_2,220.4725,0.0,-0.0,0.0,-0.0,Sidewalk
262.5,116.1824,3.1023,2.89725,0.0,0.06981,181.8198,1.6355,stand_2,220.4809,0.0,0.06981,0.0,0.06981,Sidewalk
263.0,116.1824,3.1023,2.89725,0.0,-0.0,181.8198,1.6355,stand_2,220.4725,0.0,-0.0,0.0,-0.0,Sidewalk
263.5,116.1824,3.1023,2.93215,0.0,0.06981,181.8198,1.6355,stand_2,220.4809,0.0,0.06981,0.0,0.06981,Sidewalk
264.0,116.1824,3.1023,2.93215,0.0,-0.0,181.8198,1.6355,stand_2,220.4725,0.0,-0.0,0.0,-0.0,Sidewalk
264.5,116.1824,3.1023,2.96706,0.0,0.06981,181.8198,1.6355,stand_2,220.4809,0.0,0.06981,0.0,0.06981,Sidewalk
265.0,116.1824,3.1023,2.96706,0.0,-0.0,181.8198,1.6355,stand_2,220.4725,0.0,-0.0,0.0,-0.0,Sidewalk
265.5,116.1824,3.1023,3.00197,0.0,0.06981,181.8198,1.6355,stand_2,220.4809,0.0,0.06981,0.0,0.06981,Sidewalk
266.0,116.1824,3.1023,3.00197,0.0,-0.0,181.8198,1.6355,stand_2,220.4725,0.0,-0.0,0.0,-0.0,Sidewalk
266.5,116.1824,3.1023,3.03687,0.0,0.06981,181.8198,1.6355,stand_2,220.4809,0.0,0.06981,0.0,0.06981,Sidewalk
267.0,116.1824,3.1023,3.03687,0.0,-0.0,181.8198,1.6355,stand_2,220.4725,0.0,-0.0,0.0,-0.0,Sidewalk
267.5,116.1824,3.1023,3.07178,0.0,0.06981,181.8198,1.6355,stand_2,220.4809,0.0,0.06981,0.0,0.06981,Sidewalk
268.0,116.1824,3.1023,3.07178,0.0,-0.0,181.8198,1.6355,stand_2,220.4725,0.0,-0.0,0.0,-0.0,Sidewalk
268.5,116.1824,3.1023,3.10669,0.0,0.06981,181.8198,1.6355,stand_2,220.4809,0.0,0.06981,0.0,0.06981,Sidewalk
269.0,116.1824,3.1023,3.10669,0.0,-0.0,181.8198,1.6355,stand_2,220.4725,0.0,-0.0,0.0,-0.0,Sidewalk
269.5,116.1824,3.1023,3.14159,0.0,0.06981,181.8198,1.6355,stand_2,220.4809,0.0,0.06981,0.0,0.06981,Sidewalk
270.0,116.1824,3.1023,3.14159,0.0,-0.0,181.8198,1.6355,stand_2,220.4725,0.0,-0.0,0.0,-0.0,Sidewalk
270.5,116.1824,3.1023,-3.10669,0.0,0.06981,181.8198,1.6355,stand_2,220.4809,0.0,0.06981,0.0,0.06981,Sidewalk
271.0,116.1824,3.1023,-3.10669,0.0,-0.0,181.8198,1.6355,stand_2,220.4725,0.0,-0.0,0.0,-0.0,Sidewalk
271.5,116.1824,3.1023,-3.07178,0.0,0.06981,181.8198,1.6355,stand_2,220.4809,0.0,0.06981,0.0,0.06981,Sidewalk
272.0,116.1824,3.1023,-3.07178,0.0,-0.0,181.8198,1.6355,stand_2,220.4725,0.0,-0.0,0.0,-0.0,Sidewalk
272.5,116.1824,3.1023,-3.03687,0.0,0.06981,181.8198,1.6355,stand_2,220.4809,0.0,0.06981,0.0,0.06981,Sidewalk
273.0,116.1824,3.1023,-3.03687,0.0,-0.0,181.8198,1.6355,stand_2,220.4725,0.0,-0.0,0.0,-0.0,Sidewalk
273.5,116.1824,3.1023,-3.00197,0.0,0.06981,181.8198,1.6355,stand_2,220.4809,0.0,0.06981,0.0,0.06981,Sidewalk
274.0,116.1824,3.1023,-3.00197,0.0,-0.0,181.8198,1.6355,stand_2,220.4725,0.0,-0.0,0.0,-0.0,Sidewalk
274.5,116.1824,3.1023,-2.96706,0.0,0.06981,181.8198,1.6355,stand_2,220.4809,0.0,0.06981,0.0,0.06981,Sidewalk
275.0,116.1824,3.1023,-2.96706,0.0,-0.0,181.8198,1.6355,stand_2,220.4725,0.0,-0.0,0.0,-0.0,Sidewalk
275.5,116.1824,3.1023,-2.93215,0.0,0.06981,181.8198,1.6355,stand_2,220.4809,0.0,0.06981,0.0,0.06981,Sidewalk
276.0,116.1824,3.1023,-2.93215,0.0,-0.0,181.8198,1.6355,stand_2,220.4726,0.0,-0.0,0.0,-0.0,Sidewalk
276.5,116.1824,3.1023,-2.89725,0.0,0.06981,181.8198,1.6355,stand_2,220.4809,0.0,0.06981,0.0,0.06981,Sidewalk
277.0,116.1824,3.1023,-2.89725,0.0,-0.0,181.8198,1.6355,stand_2,220.4726,0.0,-0.0,0.0,-0.0,Sidewalk
277.5,116.1824,3.1023,-2.86234,0.0,0.06981,181.8198,1.6355,stand_2,220.4809,0.0,0.06981,0.0,0.06981,Sidewalk
278.0,116.1824,3.1023,-2.86234,0.0,-0.0,181.8198,1.6355,stand_2,220.4726,0.0,-0.0,0.0,-0.0,Sidewalk
278.5,116.1824,3.1023,-2.82743,0.0,0.06981,181.8198,1.6355,stand_2,220.4809,0.0,0.06981,0.0,0.06981,Sidewalk
279.0,116.1824,3.1023,-2.82743,0.0,-0.0,181.8198,1.6355,stand_2,220.4726,0.0,-0.0,0.0,-0.0,Sidewalk
279.5,116.1824,3.1023,-2.79253,0.0,0.06981,181.8198,1.6355,stand_2,220.4809,0.0,0.06981,0.0,0.06981,Sidewalk
280.0,116.1824,3.1023,-2.79253,0.0,-0.0,181.8198,1.6355,stand_2,220.4726,0.0,-0.0,0.0,-0.0,Sidewalk
280.5,116.1824,3.1023,-2.75762,0.0,0.06981,181.8198,1.6355,stand_2,220.4809,0.0,0.06981,0.0,0.06981,Sidewalk
281.0,116.1824,3.1023,-2.75762,0.0,-0.0,181.8198,1.6355,stand_2,220.4726,0.0,-0.0,0.0,-0.0,Sidewalk
281.5,116.1824,3.1023,-2.72271,0.0,0.06981,181.8198,1.6355,stand_2,220.4809,0.0,0.06981,0.0,0.06981,Sidewalk
282.0,116.1824,3.1023,-2.72271,0.0,-0.0,181.8198,1.6355,stand_2,220.4726,0.0,-0.0,0.0,-0.0,Sidewalk
282.5,116.1824,3.1023,-2.68781,0.0,0.06981,181.8198,1.6355,stand_2,220.481,0.0,0.06981,0.0,0.06981,Sidewalk
283.0,116.1824,3.1023,-2.68781,0.0,-0.0,181.8198,1.6354,stand_2,220.4726,0.0,-0.0,0.0,-0.0,Sidewalk
283.5,116.1824,3.1023,-2.6529,0.0,0.06981,181.8198,1.6354,stand_2,220.481,0.0,0.06981,0.0,0.06981,Sidewalk
284.0,116.1824,3.1023,-2.6529,0.0,-0.0,181.8198,1.6354,stand_2,220.4726,0.0,-0.0,0.0,-0.0,Sidewalk
284.5,116.1824,3.1023,-2.61799,0.0,0.06981,181.8198,1.6354,stand_2,220.481,0.0,0.06981,0.0,0.06981,Sidewalk
285.0,116.1824,3.1023,-2.61799,0.0,-0.0,181.8198,1.6354,stand_2,220.4726,0.0,-0.0,0.0,-0.0,Sidewalk
285.5,116.1824,3.1023,-2.58309,0.0,0.06981,181.8198,1.6354,stand_2,220.481,0.0,0.06981,0.0,0.06981,Sidewalk
286.0,116.1824,3.1023,-2.58309,0.0,-0.0,181.8198,1.6354,stand_2,220.4726,0.0,-0.0,0.0,-0.0,Sidewalk
286.5,116.1824,3.1023,-2.54818,0.0,0.06981,181.8198,1.6354,stand_2,220.481,0.0,0.06981,0.0,0.06981,Sidewalk
287.0,116.1824,3.1023,-2.54818,0.0,-0.0,181.8198,1.6354,stand_2,220.4726,0.0,-0.0,0.0,-0.0,Sidewalk
287.5,116.1824,3.1023,-2.51327,0.0,0.06981,181.8198,1.6354,stand_2,220.481,0.0,0.06981,0.0,0.06981,Sidewalk
288.0,116.1824,3.1023,-2.51327,0.0,-0.0,181.8198,1.6354,stand_2,220.4726,0.0,-0.0,0.0,-0.0,Sidewalk
288.5,116.1824,3.1023,-2.47837,0.0,0.06981,181.8198,1.6354,stand_2,220.481,0.0,0.06981,0.0,0.06981,Sidewalk
289.0,116.1824,3.1023,-2.47837,0.0,-0.0,181.8198,1.6354,stand_2,220.4726,0.0,-0.0,0.0,-0.0,Sidewalk
289.5,116.1824,3.1023,-2.44346,0.0,0.06981,181.8198,1.6354,stand_2,220.481,0.0,0.06981,0.0,0.06981,Sidewalk
290.0,116.1824,3.1023,-2.44346,0.0,-0.0,181.8198,1.6354,stand_2,220.4726,0.0,-0.0,0.0,-0.0,Sidewalk
290.5,116.1824,3.1023,-2.40855,0.0,0.06981,181.8198,1.6354,stand_2,220.481,0.0,0.06981,0.0,0.06981,Sidewalk
291.0,116.1824,3.1023,-2.40855,0.0,-0.0,181.8198,1.6354,stand_2,220.4726,0.0,-0.0,0.0,-0.0,Sidewalk
291.5,116.1824,3.1023,-2.37365,0.0,0.06981,181.8198,1.6354,stand_2,220.481,0.0,0.06981,0.0,0.06981,Sidewalk
292.0,116.1824,3.1023,-2.37365,0.0,-0.0,181.8198,1.6354,stand_2,220.4726,0.0,-0.0,0.0,-0.0,Sidewalk
292.5,116.1824,3.1023,-2.33874,0.0,0.06981,181.8198,1.6354,stand_2,220.481,0.0,0.06981,0.0,0.06981,Sidewalk
293.0,116.1824,3.1023,-2.33874,0.0,-0.0,181.8198,1.6354,stand_2,220.4726,0.0,-0.0,0.0,-0.0,Sidewalk
293.5,116.1824,3.1023,-2.30383,0.0,0.06981,181.8198,1.6354,stand_2,220.481,0.0,0.06981,0.0,0.06981,Sidewalk
294.0,116.1824,3.1023,-2.30383,0.0,-0.0,181.8198,1.6354,stand_2,220.4726,0.0,-0.0,0.0,-0.0,Sidewalk
294.5,116.1824,3.1023,-2.26893,0.0,0.06981,181.8198,1.6354,stand_2,220.481,0.0,0.06981,0.0,0.06981,Sidewalk
295.0,116.1824,3.1023,-2.26893,0.0,-0.0,181.8198,1.6354,stand_2,220.4726,0.0,-0.0,0.0,-0.0,Sidewalk
295.5,116.1824,3.1023,-2.23402,0.0,0.06981,181.8198,1.6354,stand_2,220.481,0.0,0.06981,0.0,0.06981,Sidewalk
296.0,116.1824,3.1023,-2.23402,0.0,-0.0,181.8198,1.6354,stand_2,220.4726,0.0,-0.0,0.0,-0.0,Sidewalk
296.5,116.1824,3.1023,-2.19911,0.0,0.06981,181.8198,1.6354,stand_2,220.481,0.0,0.06981,0.0,0.06981,Sidewalk
297.0,116.1824,3.1023,-2.19911,0.0,-0.0,181.8198,1.6354,stand_2,220.4726,0.0,-0.0,0.0,-0.0,Sidewalk
297.5,116.1824,3.1023,-2.16421,0.0,0.06981,181.8198,1.6354,stand_2,220.481,0.0,0.06981,0.0,0.06981,Sidewalk
298.0,116.1824,3.1023,-2.16421,0.0,-0.0,181.8198,1.6354,stand_2,220.4726,0.0,-0.0,0.0,-0.0,Sidewalk
298.5,116.1824,3.1023,-2.1293,0.0,0.06981,181.8198,1.6354,stand_2,220.481,0.0,0.06981,0.0,0.06981,Sidewalk
299.0,116.1824,3.1023,-2.1293,0.0,-0.0,181.8198,1.6354,stand_2,220.4726,0.0,-0.0,0.0,-0.0,Sidewalk
299.5,116.1824,3.1023,-2.0944,0.0,0.06981,181.8198,1.6354,stand_2,220.481,0.0,0.06981,0.0,0.06981,Sidewalk
300.0,116.1824,3.1023,-2.0944,0.0,-0.0,181.8198,1.6354,stand_2,220.4726,0.0,-0.0,0.0,-0.0,Sidewalk
300.5,116.1824,3.1023,-2.05949,0.0,0.06981,181.8198,1.6354,stand_2,220.481,0.0,0.06981,0.0,0.06981,Sidewalk
301.0,116.1824,3.1023,-2.05949,0.0,-0.0,181.8198,1.6354,stand_2,220.4726,0.0,-0.0,0.0,-0.0,Sidewalk
301.5,116.1824,3.1023,-2.02458,0.0,0.06981,181.8198,1.6354,stand_2,220.481,0.0,0.06981,0.0,0.06981,Sidewalk
302.0,116.1824,3.1023,-2.02458,0.0,-0.0,181.8198,1.6354,stand_2,220.4727,0.0,-0.0,0.0,-0.0,Sidewalk
302.5,116.1824,3.1023,-1.98968,0.0,0.06981,181.8198,1.6354,stand_2,220.481,0.0,0.06981,0.0,0.06981,Sidewalk
303.0,116.1824,3.1023,-1.98968,0.0,-0.0,181.8198,1.6354,stand_2,220.4727,0.0,-0.0,0.0,-0.0,Sidewalk
303.5,116.1824,3.1023,-1.95477,0.0,0.06981,181.8198,1.6354,stand_2,220.481,0.0,0.06981,0.0,0.06981,Sidewalk
304.0,116.1824,3.1023,-1.95477,0.0,-0.0,181.8198,1.6354,stand_2,220.4727,0.0,-0.0,0.0,-0.0,Sidewalk
304.5,116.1824,3.1023,-1.91986,0.0,0.06981,181.8198,1.6354,stand_2,220.481,0.0,0.06981,0.0,0.06981,Sidewalk
305.0,116.1824,3.1023,-1.91986,0.0,-0.0,181.8198,1.6354,stand_2,220.4727,0.0,-0.0,0.0,-0.0,Sidewalk
305.5,116.1824,3.1023,-1.88496,0.0,0.06981,181.8198,1.6354,stand_2,220.481,0.0,0.06981,0.0,0.06981,Sidewalk
306.0,116.1824,3.1023,-1.88496,0.0,-0.0,181.8198,1.6354,stand_2,220.4727,0.0,-0.0,0.0,-0.0,Sidewalk
306.5,116.1824,3.1023,-1.85005,0.0,0.06981,181.8198,1.6354,stand_2,220.481,0.0,0.06981,0.0,0.06981,Sidewalk
307.0,116.1824,3.1023,-1.85005,0.0,-0.0,181.8198,1.6354,stand_2,220.4727,0.0,-0.0,0.0,-0.0,Sidewalk
307.5,116.1824,3.1023,-1.81514,0.0,0.06981,181.8198,1.6354,stand_2,220.4811,0.0,0.06981,0.0,0.06981,Sidewalk
308.0,116.1824,3.1023,-1.81514,0.0,-0.0,181.8198,1.6354,stand_2,220.4727,0.0,-0.0,0.0,-0.0,Sidewalk
308.5,116.1824,3.1023,-1.78024,0.0,0.06981,181.8198,1.6354,stand_2,220.4811,0.0,0.06981,0.0,0.06981,Sidewalk
309.0,116.1824,3.1023,-1.78024,0.0,-0.0,181.8198,1.6354,stand_2,220.4727,0.0,-0.0,0.0,-0.0,Sidewalk
309.5,116.1824,3.1023,-1.74533,0.0,0.06981,181.8198,1.6354,stand_2,220.4811,0.0,0.06981,0.0,0.06981,Sidewalk
310.0,116.1824,3.1023,-1.74533,0.0,-0.0,181.8198,1.6354,stand_2,220.4727,0.0,-0.0,0.0,-0.0,Sidewalk
310.5,116.1824,3.1023,-1.71042,0.0,0.06981,181.8198,1.6354,stand_2,220.4811,0.0,0.06981,0.0,0.06981,Sidewalk
311.0,116.1824,3.1023,-1.71042,0.0,-0.0,181.8198,1.6354,stand_2,220.4727,0.0,-0.0,0.0,-0.0,Sidewalk
311.5,116.1824,3.1023,-1.67552,0.0,0.06981,181.8198,1.6354,stand_2,220.4811,0.0,0.06981,0.0,0.06981,Sidewalk
312.0,116.1824,3.1023,-1.67552,0.0,-0.0,181.8198,1.6354,stand_2,220.4727,0.0,-0.0,0.0,-0.0,Sidewalk
312.5,116.1824,3.1023,-1.64061,0.0,0.06981,181.8198,1.6354,stand_2,220.4811,0.0,0.06981,0.0,0.06981,Sidewalk
313.0,116.1824,3.1023,-1.64061,0.0,-0.0,181.8198,1.6354,stand_2,220.4727,0.0,-0.0,0.0,-0.0,Sidewalk
313.5,116.1824,3.1023,-1.6057,0.0,0.06981,181.8198,1.6354,stand_2,220.4811,0.0,0.06981,0.0,0.06981,Sidewalk
314.0,116.1824,3.1023,-1.6057,0.0,-0.0,181.8198,1.6354,stand_2,220.4727,0.0,-0.0,0.0,-0.0,Sidewalk
314.5,116.1824,3.1023,-1.5708,0.0,0.06981,181.8198,1.6354,stand_2,220.4811,0.0,0.06981,0.0,0.06981,Sidewalk
315.0,116.1824,3.1023,-1.5708,0.0,-0.0,181.8198,1.6354,stand_2,220.4727,0.0,-0.0,0.0,-0.0,Sidewalk
315.5,116.1824,3.1023,-1.53589,0.0,0.06981,181.8198,1.6354,stand_2,220.4811,0.0,0.06981,0.0,0.06981,Sidewalk
316.0,116.1824,3.1023,-1.53589,0.0,-0.0,181.8198,1.6354,stand_2,220.4727,0.0,-0.0,0.0,-0.0,Sidewalk
316.5,116.1824,3.1023,-1.50098,0.0,0.06981,181.8198,1.6354,stand_2,220.4811,0.0,0.06981,0.0,0.06981,Sidewalk
317.0,116.1824,3.1023,-1.50098,0.0,-0.0,181.8198,1.6354,stand_2,220.4727,0.0,-0.0,0.0,-0.0,Sidewalk
317.5,116.1824,3.1023,-1.46608,0.0,0.06981,181.8198,1.6354,stand_2,220.4811,0.0,0.06981,0.0,0.06981,Sidewalk
318.0,116.1824,3.1023,-1.46608,0.0,-0.0,181.8198,1.6354,stand_2,220.4727,0.0,-0.0,0.0,-0.0,Sidewalk
318.5,116.1824,3.1023,-1.43117,0.0,0.06981,181.8198,1.6354,stand_2,220.4811,0.0,0.06981,0.0,0.06981,Sidewalk
319.0,116.1824,3.1023,-1.43117,0.0,-0.0,181.8198,1.6354,stand_2,220.4727,0.0,-0.0,0.0,-0.0,Sidewalk
319.5,116.1824,3.1023,-1.39626,0.0,0.06981,181.8198,1.6354,stand_2,220.4811,0.0,0.06981,0.0,0.06981,Sidewalk
320.0,116.1824,3.1023,-1.39626,0.0,-0.0,181.8198,1.6354,stand_2,220.4727,0.0,-0.0,0.0,-0.0,Sidewalk
320.5,116.1824,3.1023,-1.36136,0.0,0.06981,181.8198,1.6354,stand_2,220.4811,0.0,0.06981,0.0,0.06981,Sidewalk
321.0,116.1824,3.1023,-1.36136,0.0,-0.0,181.8198,1.6354,stand_2,220.4727,0.0,-0.0,0.0,-0.0,Sidewalk
321.5,116.1824,3.1023,-1.32645,0.0,0.06981,181.8198,1.6354,stand_2,220.4811,0.0,0.06981,0.0,0.06981,Sidewalk
322.0,116.1824,3.1023,-1.32645,0.0,-0.0,181.8198,1.6354,stand_2,220.4727,0.0,-0.0,0.0,-0.0,Sidewalk
322.5,116.1824,3.1023,-1.29154,0.0,0.06981,181.8198,1.6354,stand_2,220.4811,0.0,0.06981,0.0,0.06981,Sidewalk
323.0,116.1824,3.1023,-1.29154,0.0,-0.0,181.8198,1.6353,stand_2,220.4727,0.0,-0.0,0.0,-0.0,Sidewalk
323.5,116.1824,3.1023,-1.25664,0.0,0.06981,181.8198,1.6353,stand_2,220.4811,0.0,0.06981,0.0,0.06981,Sidewalk
324.0,116.1824,3.1023,-1.25664,0.0,-0.0,181.8198,1.6353,stand_2,220.4727,0.0,-0.0,0.0,-0.0,Sidewalk
324.5,116.1824,3.1023,-1.22173,0.0,0.06981,181.8198,1.6353,stand_2,220.4811,0.0,0.06981,0.0,0.06981,Sidewalk
325.0,116.1824,3.1023,-1.22173,0.0,-0.0,181.8198,1.6353,stand_2,220.4727,0.0,-0.0,0.0,-0.0,Sidewalk
325.5,116.1824,3.1023,-1.18682,0.0,0.06981,181.8198,1.6353,stand_2,220.4811,0.0,0.06981,0.0,0.06981,Sidewalk
326.0,116.1824,3.1023,-1.18682,0.0,-0.0,181.8198,1.6353,stand_2,220.4728,0.0,-0.0,0.0,-0.0,Sidewalk
326.5,116.1824,3.1023,-1.15192,0.0,0.06981,181.8198,1.6353,stand_2,220.4811,0.0,0.06981,0.0,0.06981,Sidewalk
327.0,116.1824,3.1023,-1.15192,0.0,-0.0,181.8198,1.6353,stand_2,220.4728,0.0,-0.0,0.0,-0.0,Sidewalk
327.5,116.1824,3.1023,-1.11701,0.0,0.06981,181.8198,1.6353,stand_2,220.4811,0.0,0.06981,0.0,0.06981,Sidewalk
328.0,116.1824,3.1023,-1.11701,0.0,-0.0,181.8198,1.6353,stand_2,220.4728,0.0,-0.0,0.0,-0.0,Sidewalk
328.5,116.1824,3.1023,-1.0821,0.0,0.06981,181.8198,1.6353,stand_2,220.4811,0.0,0.06981,0.0,0.06981,Sidewalk
329.0,116.1824,3.1023,-1.0821,0.0,-0.0,181.8198,1.6353,stand_2,220.4728,0.0,-0.0,0.0,-0.0,Sidewalk
329.5,116.1824,3.1023,-1.0472,0.0,0.06981,181.8198,1.6353,stand_2,220.4811,0.0,0.06981,0.0,0.06981,Sidewalk
330.0,116.1824,3.1023,-1.0472,0.0,-0.0,181.8198,1.6353,stand_2,220.4728,0.0,-0.0,0.0,-0.0,Sidewalk
330.5,116.1824,3.1023,-1.01229,0.0,0.06981,181.8198,1.6353,stand_2,220.4811,0.0,0.06981,0.0,0.06981,Sidewalk
331.0,116.1824,3.1023,-1.01229,0.0,-0.0,181.8198,1.6353,stand_2,220.4728,0.0,-0.0,0.0,-0.0,Sidewalk
331.5,116.1824,3.1023,-0.97738,0.0,0.06981,181.8198,1.6353,stand_2,220.4812,0.0,0.06981,0.0,0.06981,Sidewalk
332.0,116.1824,3.1023,-0.97738,0.0,-0.0,181.8198,1.6353,stand_2,220.4728,0.0,-0.0,0.0,-0.0,Sidewalk
332.5,116.1824,3.1023,-0.94248,0.0,0.06981,181.8198,1.6353,stand_2,220.4812,0.0,0.06981,0.0,0.06981,Sidewalk
333.0,116.1824,3.1023,-0.94248,0.0,-0.0,181.8198,1.6353,stand_2,220.4728,0.0,-0.0,0.0,-0.0,Sidewalk
333.5,116.1824,3.1023,-0.90757,0.0,0.06981,181.8198,1.6353,stand_2,220.4812,0.0,0.06981,0.0,0.06981,Sidewalk
334.0,116.1824,3.1023,-0.90757,0.0,-0.0,181.8198,1.6353,stand_2,220.4728,0.0,-0.0,0.0,-0.0,Sidewalk
334.5,116.1824,3.1023,-0.87266,0.0,0.06981,181.8198,1.6353,stand_2,220.4812,0.0,0.06981,0.0,0.06981,Sidewalk
335.0,116.1824,3.1023,-0.87266,0.0,-0.0,181.8198,1.6353,stand_2,220.4728,0.0,-0.0,0.0,-0.0,Sidewalk
335.5,116.1824,3.1023,-0.83776,0.0,0.06981,181.8198,1.6353,stand_2,220.4812,0.0,0.06981,0.0,0.06981,Sidewalk
336.0,116.1824,3.1023,-0.83776,0.0,-0.0,181.8198,1.6353,stand_2,220.4728,0.0,-0.0,0.0,-0.0,Sidewalk
336.5,116.1824,3.1023,-0.80285,0.0,0.06981,181.8198,1.6353,stand_2,220.4812,0.0,0.06981,0.0,0.06981,Sidewalk
337.0,116.1824,3.1023,-0.80285,0.0,-0.0,181.8198,1.6353,stand_2,220.4728,0.0,-0.0,0.0,-0.0,Sidewalk
337.5,116.1824,3.1023,-0.76794,0.0,0.06981,181.8198,1.6353,stand_2,220.4812,0.0,0.06981,0.0,0.06981,Sidewalk
338.0,116.1824,3.1023,-0.76794,0.0,-0.0,181.8198,1.6353,stand_2,220.4728,0.0,-0.0,0.0,-0.0,Sidewalk
338.5,116.1824,3.1023,-0.73304,0.0,0.06981,181.8198,1.6353,stand_2,220.4812,0.0,0.06981,0.0,0.06981,Sidewalk
339.0,116.1824,3.1023,-0.73304,0.0,-0.0,181.8198,1.6353,stand_2,220.4728,0.0,-0.0,0.0,-0.0,Sidewalk
339.5,116.1824,3.1023,-0.69813,0.0,0.06981,181.8198,1.6353,stand_2,220.4812,0.0,0.06981,0.0,0.06981,Sidewalk
340.0,116.1824,3.1023,-0.69813,0.0,-0.0,181.8198,1.6353,stand_2,220.4728,0.0,-0.0,0.0,-0.0,Sidewalk
340.5,116.1824,3.1023,-0.66323,0.0,0.06981,181.8198,1.6353,stand_2,220.4812,0.0,0.06981,0.0,0.06981,Sidewalk
341.0,116.1824,3.1023,-0.66323,0.0,-0.0,181.8198,1.6353,stand_2,220.4728,0.0,-0.0,0.0,-0.0,Sidewalk
341.5,116.1824,3.1023,-0.62832,0.0,0.06981,181.8198,1.6353,stand_2,220.4812,0.0,0.06981,0.0,0.06981,Sidewalk
342.0,116.1824,3.1023,-0.62832,0.0,-0.0,181.8198,1.6353,stand_2,220.4728,0.0,-0.0,0.0,-0.0,Sidewalk
342.5,116.1824,3.1023,-0.59341,0.0,0.06981,181.8198,1.6353,stand_2,220.4812,0.0,0.06981,0.0,0.06981,Sidewalk
343.0,116.1824,3.1023,-0.59341,0.0,-0.0,181.8198,1.6353,stand_2,220.4728,0.0,-0.0,0.0,-0.0,Sidewalk
343.5,116.1824,3.1023,-0.55851,0.0,0.06981,181.8198,1.6353,stand_2,220.4812,0.0,0.06981,0.0,0.06981,Sidewalk
344.0,116.1824,3.1023,-0.55851,0.0,-0.0,181.8198,1.6353,stand_2,220.4728,0.0,-0.0,0.0,-0.0,Sidewalk
344.5,116.1824,3.1023,-0.5236,0.0,0.06981,181.8198,1.6353,stand_2,220.4812,0.0,0.06981,0.0,0.06981,Sidewalk
345.0,116.1824,3.1023,-0.5236,0.0,-0.0,181.8198,1.6353,stand_2,220.4728,0.0,-0.0,0.0,-0.0,Sidewalk
345.5,116.1824,3.1023,-0.48869,0.0,0.06981,181.8198,1.6353,stand_2,220.4812,0.0,0.06981,0.0,0.06981,Sidewalk
346.0,116.1824,3.1023,-0.48869,0.0,-0.0,181.8198,1.6353,stand_2,220.4728,0.0,-0.0,0.0,-0.0,Sidewalk
346.5,116.1824,3.1023,-0.45379,0.0,0.06981,181.8198,1.6353,stand_2,220.4812,0.0,0.06981,0.0,0.06981,Sidewalk
347.0,116.1824,3.1023,-0.45379,0.0,-0.0,181.8198,1.6353,stand_2,220.4728,0.0,-0.0,0.0,-0.0,Sidewalk
347.5,116.1824,3.1023,-0.41888,0.0,0.06981,181.8198,1.6353,stand_2,220.4812,0.0,0.06981,0.0,0.06981,Sidewalk
348.0,116.1824,3.1023,-0.41888,0.0,-0.0,181.8198,1.6353,stand_2,220.4728,0.0,-0.0,0.0,-0.0,Sidewalk
348.5,116.1824,3.1023,-0.38397,0.0,0.06981,181.8198,1.6353,stand_2,220.4812,0.0,0.06981,0.0,0.06981,Sidewalk
349.0,116.1824,3.1023,-0.38397,0.0,-0.0,181.8198,1.6353,stand_2,220.4728,0.0,-0.0,0.0,-0.0,Sidewalk
349.5,116.1824,3.1023,-0.34907,0.0,0.06981,181.8198,1.6353,stand_2,220.4812,0.0,0.06981,0.0,0.06981,Sidewalk
350.0,116.1824,3.1023,-0.34907,0.0,-0.0,181.8198,1.6353,stand_2,220.4728,0.0,-0.0,0.0,-0.0,Sidewalk
350.5,116.1824,3.1023,-0.31416,0.0,0.06981,181.8198,1.6353,stand_2,220.4812,0.0,0.06981,0.0,0.06981,Sidewalk
351.0,116.1824,3.1023,-0.31416,0.0,-0.0,181.8198,1.6353,stand_2,220.4728,0.0,-0.0,0.0,-0.0,Sidewalk
351.5,116.1824,3.1023,-0.27925,0.0,0.06981,181.8198,1.6353,stand_2,220.4812,0.0,0.06981,0.0,0.06981,Sidewalk
352.0,116.1824,3.1023,-0.27925,0.0,-0.0,181.8198,1.6353,stand_2,220.4729,0.0,-0.0,0.0,-0.0,Sidewalk
352.5,116.1824,3.1023,-0.24435,0.0,0.06981,181.8198,1.6353,stand_2,220.4812,0.0,0.06981,0.0,0.06981,Sidewalk
353.0,116.1824,3.1023,-0.24435,0.0,-0.0,181.8198,1.6353,stand_2,220.4729,0.0,-0.0,0.0,-0.0,Sidewalk
353.5,116.1824,3.1023,-0.20944,0.0,0.06981,181.8198,1.6353,stand_2,220.4812,0.0,0.06981,0.0,0.06981,Sidewalk
354.0,116.1824,3.1023,-0.20944,0.0,-0.0,181.8198,1.6353,stand_2,220.4729,0.0,-0.0,0.0,-0.0,Sidewalk
354.5,116.1824,3.1023,-0.17453,0.0,0.06981,181.8198,1.6353,stand_2,220.4812,0.0,0.06981,0.0,0.06981,Sidewalk
355.0,116.1824,3.1023,-0.17453,0.0,-0.0,181.8198,1.6353,stand_2,220.4729,0.0,-0.0,0.0,-0.0,Sidewalk
355.5,116.1824,3.1023,-0.13963,0.0,0.06981,181.8198,1.6353,stand_2,220.4812,0.0,0.06981,0.0,0.06981,Sidewalk
356.0,116.1824,3.1023,-0.13963,0.0,-0.0,181.8198,1.6353,stand_2,220.4729,0.0,-0.0,0.0,-0.0,Sidewalk
356.5,116.1824,3.1023,-0.10472,0.0,0.06981,181.8198,1.6353,stand_2,220.4812,0.0,0.06981,0.0,0.06981,Sidewalk
357.0,116.1824,3.1023,-0.10472,0.0,-0.0,181.8198,1.6353,stand_2,220.4729,0.0,-0.0,0.0,-0.0,Sidewalk
357.5,116.1824,3.1023,-0.06981,0.0,0.06981,181.8198,1.6353,stand_2,220.4813,0.0,0.06981,0.0,0.06981,Sidewalk
358.0,116.1824,3.1023,-0.06981,0.0,-0.0,181.8198,1.6353,stand_2,220.4729,0.0,-0.0,0.0,-0.0,Sidewalk
358.5,116.1824,3.1023,-0.03491,0.0,0.06981,181.8198,1.6353,stand_2,220.4813,0.0,0.06981,0.0,0.06981,Sidewalk
359.0,116.1824,3.1023,-0.03491,0.0,-0.0,181.8198,1.6353,stand_2,220.4729,0.0,-0.0,0.0,-0.0,Sidewalk
359.5,116.1824,3.1023,-0.0,0.0,0.06981,181.8198,1.6353,stand_2,220.4813,0.0,0.06981,0.0,0.06981,Sidewalk
360.0,116.1824,3.1023,-0.0,0.0,-0.0,181.8198,1.6353,stand_2,220.4729,0.0,-0.0,0.0,-0.0,Sidewalk
360.5,116.1824,3.1023,0.03491,0.0,0.06981,181.8198,1.6353,stand_2,220.4813,0.0,0.06981,0.0,0.06981,Sidewalk
361.0,116.1824,3.1023,0.03491,0.0,-0.0,181.8198,1.6353,stand_2,220.4729,0.0,-0.0,0.0,-0.0,Sidewalk
361.5,116.1824,3.1023,0.06981,0.0,0.06981,181.8198,1.6353,stand_2,220.4813,0.0,0.06981,0.0,0.06981,Sidewalk
362.0,116.1824,3.1023,0.06981,0.0,-0.0,181.8198,1.6353,stand_2,220.4729,0.0,-0.0,0.0,-0.0,Sidewalk
362.5,116.1824,3.1023,0.10472,0.0,0.06981,181.8198,1.6353,stand_2,220.4813,0.0,0.06981,0.0,0.06981,Sidewalk
363.0,116.1824,3.1023,0.10472,0.0,-0.0,181.8198,1.6353,stand_2,220.4729,0.0,-0.0,0.0,-0.0,Sidewalk
363.5,116.1824,3.1023,0.13963,0.0,0.06981,181.8198,1.6353,stand_2,220.4813,0.0,0.06981,0.0,0.06981,Sidewalk
364.0,116.1824,3.1023,0.13963,0.0,-0.0,181.8198,1.6352,stand_2,220.4729,0.0,-0.0,0.0,-0.0,Sidewalk
364.5,116.1824,3.1023,0.17453,0.0,0.06981,181.8198,1.6352,stand_2,220.4813,0.0,0.06981,0.0,0.06981,Sidewalk
365.0,116.1824,3.1023,0.17453,0.0,-0.0,181.8198,1.6352,stand_2,220.4729,0.0,-0.0,0.0,-0.0,Sidewalk
365.5,116.1824,3.1023,0.20944,0.0,0.06981,181.8198,1.6352,stand_2,220.4813,0.0,0.06981,0.0,0.06981,Sidewalk
366.0,116.1824,3.1023,0.20944,0.0,-0.0,181.8198,1.6352,stand_2,220.4729,0.0,-0.0,0.0,-0.0,Sidewalk
366.5,116.1824,3.1023,0.24435,0.0,0.06981,181.8198,1.6352,stand_2,220.4813,0.0,0.06981,0.0,0.06981,Sidewalk
367.0,116.1824,3.1023,0.24435,0.0,-0.0,181.8198,1.6352,stand_2,220.4729,0.0,-0.0,0.0,-0.0,Sidewalk
367.5,116.1824,3.1023,0.27925,0.0,0.06981,181.8198,1.6352,stand_2,220.4813,0.0,0.06981,0.0,0.06981,Sidewalk
368.0,116.1824,3.1023,0.27925,0.0,-0.0,181.8198,1.6352,stand_2,220.4729,0.0,-0.0,0.0,-0.0,Sidewalk
368.5,116.1824,3.1023,0.31416,0.0,0.06981,181.8198,1.6352,stand_2,220.4813,0.0,0.06981,0.0,0.06981,Sidewalk
369.0,116.1824,3.1023,0.31416,0.0,-0.0,181.8198,1.6352,stand_2,220.4729,0.0,-0.0,0.0,-0.0,Sidewalk
369.5,116.1824,3.1023,0.34907,0.0,0.06981,181.8198,1.6352,stand_2,220.4813,0.0,0.06981,0.0,0.06981,Sidewalk
370.0,116.1824,3.1023,0.34907,0.0,-0.0,181.8198,1.6352,stand_2,220.4729,0.0,-0.0,0.0,-0.0,Sidewalk
370.5,116.1824,3.1023,0.38397,0.0,0.06981,181.8198,1.6352,stand_2,220.4813,0.0,0.06981,0.0,0.06981,Sidewalk
371.0,116.1824,3.1023,0.38397,0.0,-0.0,181.8198,1.6352,stand_2,220.4729,0.0,-0.0,0.0,-0.0,Sidewalk
371.5,116.1824,3.1023,0.41888,0.0,0.06981,181.8198,1.6352,stand_2,220.4813,0.0,0.06981,0.0,0.06981,Sidewalk
372.0,116.1824,3.1023,0.41888,0.0,-0.0,181.8198,1.6352,stand_2,220.4729,0.0,-0.0,0.0,-0.0,Sidewalk
372.5,116.1824,3.1023,0.45379,0.0,0.06981,181.8198,1.6352,stand_2,220.4813,0.0,0.06981,0.0,0.06981,Sidewalk
373.0,116.1824,3.1023,0.45379,0.0,-0.0,181.8198,1.6352,stand_2,220.4729,0.0,-0.0,0.0,-0.0,Sidewalk
373.5,116.1824,3.1023,0.48869,0.0,0.06981,181.8198,1.6352,stand_2,220.4813,0.0,0.06981,0.0,0.06981,Sidewalk
374.0,116.1824,3.1023,0.48869,0.0,-0.0,181.8198,1.6352,stand_2,220.4729,0.0,-0.0,0.0,-0.0,Sidewalk
374.5,116.1824,3.1023,0.5236,0.0,0.06981,181.8198,1.6352,stand_2,220.4813,0.0,0.06981,0.0,0.06981,Sidewalk
375.0,116.1824,3.1023,0.5236,0.0,-0.0,181.8198,1.6352,stand_2,220.4729,0.0,-0.0,0.0,-0.0,Sidewalk
375.5,116.1824,3.1023,0.55851,0.0,0.06981,181.8198,1.6352,stand_2,220.4813,0.0,0.06981,0.0,0.06981,Sidewalk
376.0,116.1824,3.1023,0.55851,0.0,-0.0,181.8198,1.6352,stand_2,220.473,0.0,-0.0,0.0,-0.0,Sidewalk
376.5,116.1824,3.1023,0.59341,0.0,0.06981,181.8198,1.6352,stand_2,220.4813,0.0,0.06981,0.0,0.06981,Sidewalk
377.0,116.1824,3.1023,0.59341,0.0,-0.0,181.8198,1.6352,stand_2,220.473,0.0,-0.0,0.0,-0.0,Sidewalk
377.5,116.1824,3.1023,0.62832,0.0,0.06981,181.8198,1.6352,stand_2,220.4813,0.0,0.06981,0.0,0.06981,Sidewalk
378.0,116.1824,3.1023,0.62832,0.0,-0.0,181.8198,1.6352,stand_2,220.473,0.0,-0.0,0.0,-0.0,Sidewalk
378.5,116.1824,3.1023,0.66323,0.0,0.06981,181.8198,1.6352,stand_2,220.4813,0.0,0.06981,0.0,0.06981,Sidewalk
379.0,116.1824,3.1023,0.66323,0.0,-0.0,181.8198,1.6352,stand_2,220.473,0.0,-0.0,0.0,-0.0,Sidewalk
379.5,116.1824,3.1023,0.69813,0.0,0.06981,181.8198,1.6352,stand_2,220.4813,0.0,0.06981,0.0,0.06981,Sidewalk
380.0,116.1824,3.1023,0.69813,0.0,-0.0,181.8198,1.6352,stand_2,220.473,0.0,-0.0,0.0,-0.0,Sidewalk
380.5,116.1824,3.1023,0.73304,0.0,0.06981,181.8198,1.6352,stand_2,220.4814,0.0,0.06981,0.0,0.06981,Sidewalk
381.0,116.1824,3.1023,0.73304,0.0,-0.0,181.8198,1.6352,stand_2,220.473,0.0,-0.0,0.0,-0.0,Sidewalk
381.5,116.1824,3.1023,0.76794,0.0,0.06981,181.8198,1.6352,stand_2,220.4814,0.0,0.06981,0.0,0.06981,Sidewalk
382.0,116.1824,3.1023,0.76794,0.0,-0.0,181.8198,1.6352,stand_2,220.473,0.0,-0.0,0.0,-0.0,Sidewalk
382.5,116.1824,3.1023,0.80285,0.0,0.06981,181.8198,1.6352,stand_2,220.4814,0.0,0.06981,0.0,0.06981,Sidewalk
383.0,116.1824,3.1023,0.80285,0.0,-0.0,181.8198,1.6352,stand_2,220.473,0.0,-0.0,0.0,-0.0,Sidewalk
383.5,116.1824,3.1023,0.83776,0.0,0.06981,181.8198,1.6352,stand_2,220.4814,0.0,0.06981,0.0,0.06981,Sidewalk
384.0,116.1824,3.1023,0.83776,0.0,-0.0,181.8198,1.6352,stand_2,220.473,0.0,-0.0,0.0,-0.0,Sidewalk
384.5,116.1824,3.1023,0.87266,0.0,0.06981,181.8198,1.6352,stand_2,220.4814,0.0,0.06981,0.0,0.06981,Sidewalk
385.0,116.1824,3.1023,0.87266,0.0,-0.0,181.8198,1.6352,stand_2,220.473,0.0,-0.0,0.0,-0.0,Sidewalk
385.5,116.1824,3.1023,0.90757,0.0,0.06981,181.8198,1.6352,stand_2,220.4814,0.0,0.06981,0.0,0.06981,Sidewalk
386.0,116.1824,3.1023,0.90757,0.0,-0.0,181.8198,1.6352,stand_2,220.473,0.0,-0.0,0.0,-0.0,Sidewalk
386.5,116.1824,3.1023,0.94248,0.0,0.06981,181.8198,1.6352,stand_2,220.4814,0.0,0.06981,0.0,0.06981,Sidewalk
387.0,116.1824,3.1023,0.94248,0.0,-0.0,181.8198,1.6352,stand_2,220.473,0.0,-0.0,0.0,-0.0,Sidewalk
387.5,116.1824,3.1023,0.97738,0.0,0.06981,181.8198,1.6352,stand_2,220.4814,0.0,0.06981,0.0,0.06981,Sidewalk
388.0,116.1824,3.1023,0.97738,0.0,-0.0,181.8198,1.6352,stand_2,220.473,0.0,-0.0,0.0,-0.0,Sidewalk
388.5,116.1824,3.1023,1.01229,0.0,0.06981,181.8198,1.6352,stand_2,220.4814,0.0,0.06981,0.0,0.06981,Sidewalk
389.0,116.1824,3.1023,1.01229,0.0,-0.0,181.8198,1.6352,stand_2,220.473,0.0,-0.0,0.0,-0.0,Sidewalk
389.5,116.1824,3.1023,1.0472,0.0,0.06981,181.8198,1.6352,stand_2,220.4814,0.0,0.06981,0.0,0.06981,Sidewalk
390.0,116.1824,3.1023,1.0472,0.0,-0.0,181.8198,1.6352,stand_2,220.473,0.0,-0.0,0.0,-0.0,Sidewalk
390.5,116.1824,3.1023,1.0821,0.0,0.06981,181.8198,1.6352,stand_2,220.4814,0.0,0.06981,0.0,0.06981,Sidewalk
391.0,116.1824,3.1023,1.0821,0.0,-0.0,181.8198,1.6352,stand_2,220.473,0.0,-0.0,0.0,-0.0,Sidewalk
391.5,116.1824,3.1023,1.11701,0.0,0.06981,181.8198,1.6352,stand_2,220.4814,0.0,0.06981,0.0,0.06981,Sidewalk
392.0,116.1824,3.1023,1.11701,0.0,-0.0,181.8198,1.6352,stand_2,220.473,0.0,-0.0,0.0,-0.0,Sidewalk
392.5,116.1824,3.1023,1.15192,0.0,0.06981,181.8198,1.6352,stand_2,220.4814,0.0,0.06981,0.0,0.06981,Sidewalk
393.0,116.1824,3.1023,1.15192,0.0,-0.0,181.8198,1.6352,stand_2,220.473,0.0,-0.0,0.0,-0.0,Sidewalk
393.5,116.1824,3.1023,1.18682,0.0,0.06981,181.8198,1.6352,stand_2,220.4814,0.0,0.06981,0.0,0.06981,Sidewalk
394.0,116.1824,3.1023,1.18682,0.0,-0.0,181.8198,1.6352,stand_2,220.473,0.0,-0.0,0.0,-0.0,Sidewalk
394.5,116.1824,3.1023,1.22173,0.0,0.06981,181.8198,1.6352,stand_2,220.4814,0.0,0.06981,0.0,0.06981,Sidewalk
395.0,116.1824,3.1023,1.22173,0.0,-0.0,181.8198,1.6352,stand_2,220.473,0.0,-0.0,0.0,-0.0,Sidewalk
395.5,116.1824,3.1023,1.25664,0.0,0.06981,181.8198,1.6352,stand_2,220.4814,0.0,0.06981,0.0,0.06981,Sidewalk
396.0,116.1824,3.1023,1.25664,0.0,-0.0,181.8198,1.6352,stand_2,220.473,0.0,-0.0,0.0,-0.0,Sidewalk
396.5,116.1824,3.1023,1.29154,0.0,0.06981,181.8198,1.6352,stand_2,220.4814,0.0,0.06981,0.0,0.06981,Sidewalk
397.0,116.1824,3.1023,1.29154,0.0,-0.0,181.8198,1.6352,stand_2,220.473,0.0,-0.0,0.0,-0.0,Sidewalk
397.5,116.1824,3.1023,1.32645,0.0,0.06981,181.8198,1.6352,stand_2,220.4814,0.0,0.06981,0.0,0.06981,Sidewalk
398.0,116.1824,3.1023,1.32645,0.0,-0.0,181.8198,1.6352,stand_2,220.473,0.0,-0.0,0.0,-0.0,Sidewalk
398.5,116.1824,3.1023,1.36136,0.0,0.06981,181.8198,1.6352,stand_2,220.4814,0.0,0.06981,0.0,0.06981,Sidewalk
399.0,116.1824,3.1023,1.36136,0.0,-0.0,181.8198,1.6352,stand_2,220.4731,0.0,-0.0,0.0,-0.0,Sidewalk
399.5,116.1824,3.1023,1.39626,0.0,0.06981,181.8198,1.6352,stand_2,220.4814,0.0,0.06981,0.0,0.06981,Sidewalk
400.0,116.1824,3.1023,1.39626,0.0,-0.0,181.8198,1.6352,stand_2,220.4731,0.0,-0.0,0.0,-0.0,Sidewalk
400.5,116.1824,3.1023,1.43117,0.0,0.06981,181.8198,1.6352,stand_2,220.4814,0.0,0.06981,0.0,0.06981,Sidewalk
401.0,116.1824,3.1023,1.43117,0.0,-0.0,181.8198,1.6352,stand_2,220.4731,0.0,-0.0,0.0,-0.0,Sidewalk
401.5,116.1824,3.1023,1.46608,0.0,0.06981,181.8198,1.6352,stand_2,220.4814,0.0,0.06981,0.0,0.06981,Sidewalk
402.0,116.1824,3.1023,1.46608,0.0,-0.0,181.8198,1.6352,stand_2,220.4731,0.0,-0.0,0.0,-0.0,Sidewalk
402.5,116.1824,3.1023,1.50098,0.0,0.06981,181.8198,1.6352,stand_2,220.4814,0.0,0.06981,0.0,0.06981,Sidewalk
403.0,116.1824,3.1023,1.50098,0.0,-0.0,181.8198,1.6352,stand_2,220.4731,0.0,-0.0,0.0,-0.0,Sidewalk
403.5,116.1824,3.1023,1.53589,0.0,0.06981,181.8198,1.6352,stand_2,220.4814,0.0,0.06981,0.0,0.06981,Sidewalk
404.0,116.1824,3.1023,1.53589,0.0,-0.0,181.8198,1.6351,stand_2,220.4731,0.0,-0.0,0.0,-0.0,Sidewalk
404.5,116.1824,3.1023,1.5708,0.0,0.06981,181.8198,1.6351,stand_2,220.4814,0.0,0.06981,0.0,0.06981,Sidewalk
405.0,116.1824,3.1023,1.5708,0.0,-0.0,181.8198,1.6351,stand_2,220.4731,0.0,-0.0,0.0,-0.0,Sidewalk
405.5,116.1824,3.1023,1.6057,0.0,0.06981,181.8198,1.6351,stand_2,220.4814,0.0,0.06981,0.0,0.06981,Sidewalk
406.0,116.1824,3.1023,1.6057,0.0,-0.0,181.8198,1.6351,stand_2,220.4731,0.0,-0.0,0.0,-0.0,Sidewalk
406.5,116.1824,3.1023,1.64061,0.0,0.06981,181.8198,1.6351,stand_2,220.4815,0.0,0.06981,0.0,0.06981,Sidewalk
407.0,116.1824,3.1023,1.64061,0.0,-0.0,181.8198,1.6351,stand_2,220.4731,0.0,-0.0,0.0,-0.0,Sidewalk
407.5,116.1824,3.1023,1.67552,0.0,0.06981,181.8198,1.6351,stand_2,220.4815,0.0,0.06981,0.0,0.06981,Sidewalk
408.0,116.1824,3.1023,1.67552,0.0,-0.0,181.8198,1.6351,stand_2,220.4731,0.0,-0.0,0.0,-0.0,Sidewalk
408.5,116.1824,3.1023,1.71042,0.0,0.06981,181.8198,1.6351,stand_2,220.4815,0.0,0.06981,0.0,0.06981,Sidewalk
409.0,116.1824,3.1023,1.71042,0.0,-0.0,181.8198,1.6351,stand_2,220.4731,0.0,-0.0,0.0,-0.0,Sidewalk
409.5,116.1824,3.1023,1.74533,0.0,0.06981,181.8198,1.6351,stand_2,220.4815,0.0,0.06981,0.0,0.06981,Sidewalk
410.0,116.1824,3.1023,1.74533,0.0,-0.0,181.8198,1.6351,stand_2,220.4731,0.0,-0.0,0.0,-0.0,Sidewalk
410.5,116.1824,3.1023,1.78024,0.0,0.06981,181.8198,1.6351,stand_2,220.4815,0.0,0.06981,0.0,0.06981,Sidewalk
411.0,116.1824,3.1023,1.78024,0.0,-0.0,181.8198,1.6351,stand_2,220.4731,0.0,-0.0,0.0,-0.0,Sidewalk
411.5,116.1824,3.1023,1.81514,0.0,0.06981,181.8198,1.6351,stand_2,220.4815,0.0,0.06981,0.0,0.06981,Sidewalk
412.0,116.1824,3.1023,1.81514,0.0,-0.0,181.8198,1.6351,stand_2,220.4731,0.0,-0.0,0.0,-0.0,Sidewalk
412.5,116.1824,3.1023,1.85005,0.0,0.06981,181.8198,1.6351,stand_2,220.4815,0.0,0.06981,0.0,0.06981,Sidewalk
413.0,116.1824,3.1023,1.85005,0.0,-0.0,181.8198,1.6351,stand_2,220.4731,0.0,-0.0,0.0,-0.0,Sidewalk
413.5,116.1824,3.1023,1.88496,0.0,0.06981,181.8198,1.6351,stand_2,220.4815,0.0,0.06981,0.0,0.06981,Sidewalk
414.0,116.1824,3.1023,1.88496,0.0,-0.0,181.8198,1.6351,stand_2,220.4731,0.0,-0.0,0.0,-0.0,Sidewalk
414.5,116.1824,3.1023,1.91986,0.0,0.06981,181.8198,1.6351,stand_2,220.4815,0.0,0.06981,0.0,0.06981,Sidewalk
415.0,116.1824,3.1023,1.91986,0.0,-0.0,181.8198,1.6351,stand_2,220.4731,0.0,-0.0,0.0,-0.0,Sidewalk
415.5,116.1824,3.1023,1.95477,0.0,0.06981,181.8198,1.6351,stand_2,220.4815,0.0,0.06981,0.0,0.06981,Sidewalk
416.0,116.1824,3.1023,1.95477,0.0,-0.0,181.8198,1.6351,stand_2,220.4731,0.0,-0.0,0.0,-0.0,Sidewalk
416.5,116.1824,3.1023,1.98968,0.0,0.06981,181.8198,1.6351,stand_2,220.4815,0.0,0.06981,0.0,0.06981,Sidewalk
417.0,116.1824,3.1023,1.98968,0.0,-0.0,181.8198,1.6351,stand_2,220.4731,0.0,-0.0,0.0,-0.0,Sidewalk
417.5,116.1824,3.1023,2.02458,0.0,0.06981,181.8198,1.6351,stand_2,220.4815,0.0,0.06981,0.0,0.06981,Sidewalk
418.0,116.1824,3.1023,2.02458,0.0,-0.0,181.8198,1.6351,stand_2,220.4731,0.0,-0.0,0.0,-0.0,Sidewalk
418.5,116.1824,3.1023,2.05949,0.0,0.06981,181.8198,1.6351,stand_2,220.4815,0.0,0.06981,0.0,0.06981,Sidewalk
419.0,116.1824,3.1023,2.05949,0.0,-0.0,181.8198,1.6351,stand_2,220.4731,0.0,-0.0,0.0,-0.0,Sidewalk
419.5,116.1824,3.1023,2.0944,0.0,0.06981,181.8198,1.6351,stand_2,220.4815,0.0,0.06981,0.0,0.06981,Sidewalk
420.0,116.1824,3.1023,2.0944,0.0,-0.0,181.8198,1.6351,stand_2,220.4731,0.0,-0.0,0.0,-0.0,Sidewalk
420.5,116.1824,3.1023,2.1293,0.0,0.06981,181.8198,1.6351,stand_2,220.4815,0.0,0.06981,0.0,0.06981,Sidewalk
421.0,116.1824,3.1023,2.1293,0.0,-0.0,181.8198,1.6351,stand_2,220.4731,0.0,-0.0,0.0,-0.0,Sidewalk
421.5,116.1824,3.1023,2.16421,0.0,0.06981,181.8198,1.6351,stand_2,220.4815,0.0,0.06981,0.0,0.06981,Sidewalk
422.0,116.1824,3.1023,2.16421,0.0,-0.0,181.8198,1.6351,stand_2,220.4731,0.0,-0.0,0.0,-0.0,Sidewalk
422.5,116.1824,3.1023,2.19911,0.0,0.06981,181.8198,1.6351,stand_2,220.4815,0.0,0.06981,0.0,0.06981,Sidewalk
423.0,116.1824,3.1023,2.19911,0.0,-0.0,181.8198,1.6351,stand_2,220.4731,0.0,-0.0,0.0,-0.0,Sidewalk
423.5,116.1824,3.1023,2.23402,0.0,0.06981,181.8198,1.6351,stand_2,220.4815,0.0,0.06981,0.0,0.06981,Sidewalk
424.0,116.1824,3.1023,2.23402,0.0,-0.0,181.8198,1.6351,stand_2,220.4732,0.0,-0.0,0.0,-0.0,Sidewalk
424.5,116.1824,3.1023,2.26893,0.0,0.06981,181.8198,1.6351,stand_2,220.4815,0.0,0.06981,0.0,0.06981,Sidewalk
425.0,116.1824,3.1023,2.26893,0.0,-0.0,181.8198,1.6351,stand_2,220.4732,0.0,-0.0,0.0,-0.0,Sidewalk
425.5,116.1824,3.1023,2.30383,0.0,0.06981,181.8198,1.6351,stand_2,220.4815,0.0,0.06981,0.0,0.06981,Sidewalk
426.0,116.1824,3.1023,2.30383,0.0,-0.0,181.8198,1.6351,stand_2,220.4732,0.0,-0.0,0.0,-0.0,Sidewalk
426.5,116.1824,3.1023,2.33874,0.0,0.06981,181.8198,1.6351,stand_2,220.4815,0.0,0.06981,0.0,0.06981,Sidewalk
427.0,116.1824,3.1023,2.33874,0.0,-0.0,181.8198,1.6351,stand_2,220.4732,0.0,-0.0,0.0,-0.0,Sidewalk
427.5,116.1824,3.1023,2.37365,0.0,0.06981,181.8198,1.6351,stand_2,220.4815,0.0,0.06981,0.0,0.06981,Sidewalk
428.0,116.1824,3.1023,2.37365,0.0,-0.0,181.8198,1.6351,stand_2,220.4732,0.0,-0.0,0.0,-0.0,Sidewalk
428.5,116.1824,3.1023,2.40855,0.0,0.06981,181.8198,1.6351,stand_2,220.4816,0.0,0.06981,0.0,0.06981,Sidewalk
429.0,116.1824,3.1023,2.40855,0.0,-0.0,181.8198,1.6351,stand_2,220.4732,0.0,-0.0,0.0,-0.0,Sidewalk
429.5,116.1824,3.1023,2.44346,0.0,0.06981,181.8198,1.6351,stand_2,220.4816,0.0,0.06981,0.0,0.06981,Sidewalk
430.0,116.1824,3.1023,2.44346,0.0,-0.0,181.8198,1.6351,stand_2,220.4732,0.0,-0.0,0.0,-0.0,Sidewalk
430.5,116.1824,3.1023,2.47837,0.0,0.06981,181.8198,1.6351,stand_2,220.4816,0.0,0.06981,0.0,0.06981,Sidewalk
431.0,116.1824,3.1023,2.47837,0.0,-0.0,181.8198,1.6351,stand_2,220.4732,0.0,-0.0,0.0,-0.0,Sidewalk
431.5,116.1824,3.1023,2.51327,0.0,0.06981,181.8198,1.6351,stand_2,220.4816,0.0,0.06981,0.0,0.06981,Sidewalk
432.0,116.1824,3.1023,2.51327,0.0,-0.0,181.8198,1.6351,stand_2,220.4732,0.0,-0.0,0.0,-0.0,Sidewalk
432.5,116.1824,3.1023,2.54818,0.0,0.06981,181.8198,1.6351,stand_2,220.4816,0.0,0.06981,0.0,0.06981,Sidewalk
433.0,116.1824,3.1023,2.54818,0.0,-0.0,181.8198,1.6351,stand_2,220.4732,0.0,-0.0,0.0,-0.0,Sidewalk
433.5,116.1824,3.1023,2.58309,0.0,0.06981,181.8198,1.6351,stand_2,220.4816,0.0,0.06981,0.0,0.06981,Sidewalk
434.0,116.1824,3.1023,2.58309,0.0,-0.0,181.8198,1.6351,stand_2,220.4732,0.0,-0.0,0.0,-0.0,Sidewalk
434.5,116.1824,3.1023,2.61799,0.0,0.06981,181.8198,1.6351,stand_2,220.4816,0.0,0.06981,0.0,0.06981,Sidewalk
435.0,116.1824,3.1023,2.61799,0.0,-0.0,181.8198,1.6351,stand_2,220.4732,0.0,-0.0,0.0,-0.0,Sidewalk
435.5,116.1824,3.1023,2.6529,0.0,0.06981,181.8198,1.6351,stand_2,220.4816,0.0,0.06981,0.0,0.06981,Sidewalk
436.0,116.1824,3.1023,2.6529,0.0,-0.0,181.8198,1.6351,stand_2,220.4732,0.0,-0.0,0.0,-0.0,Sidewalk
436.5,116.1824,3.1023,2.68781,0.0,0.06981,181.8198,1.6351,stand_2,220.4816,0.0,0.06981,0.0,0.06981,Sidewalk
437.0,116.1824,3.1023,2.68781,0.0,-0.0,181.8198,1.6351,stand_2,220.4732,0.0,-0.0,0.0,-0.0,Sidewalk
437.5,116.1824,3.1023,2.72271,0.0,0.06981,181.8198,1.6351,stand_2,220.4816,0.0,0.06981,0.0,0.06981,Sidewalk
438.0,116.1824,3.1023,2.72271,0.0,-0.0,181.8198,1.6351,stand_2,220.4732,0.0,-0.0,0.0,-0.0,Sidewalk
438.5,116.1824,3.1023,2.75762,0.0,0.06981,181.8198,1.6351,stand_2,220.4816,0.0,0.06981,0.0,0.06981,Sidewalk
439.0,116.1824,3.1023,2.75762,0.0,-0.0,181.8198,1.6351,stand_2,220.4732,0.0,-0.0,0.0,-0.0,Sidewalk
439.5,116.1824,3.1023,2.79253,0.0,0.06981,181.8198,1.6351,stand_2,220.4816,0.0,0.06981,0.0,0.06981,Sidewalk
440.0,116.1824,3.1023,2.79253,0.0,-0.0,181.8198,1.6351,stand_2,220.4732,0.0,-0.0,0.0,-0.0,Sidewalk
440.5,116.1824,3.1023,2.82743,0.0,0.06981,181.8198,1.6351,stand_2,220.4816,0.0,0.06981,0.0,0.06981,Sidewalk
441.0,116.1824,3.1023,2.82743,0.0,-0.0,181.8198,1.635,stand_2,220.4732,0.0,-0.0,0.0,-0.0,Sidewalk
441.5,116.1824,3.1023,2.86234,0.0,0.06981,181.8198,1.635,stand_2,220.4816,0.0,0.06981,0.0,0.06981,Sidewalk
442.0,116.1824,3.1023,2.86234,0.0,-0.0,181.8198,1.635,stand_2,220.4732,0.0,-0.0,0.0,-0.0,Sidewalk
442.5,116.1824,3.1023,2.89725,0.0,0.06981,181.8198,1.635,stand_2,220.4816,0.0,0.06981,0.0,0.06981,Sidewalk
443.0,116.1824,3.1023,2.89725,0.0,-0.0,181.8198,1.635,stand_2,220.4732,0.0,-0.0,0.0,-0.0,Sidewalk
443.5,116.1824,3.1023,2.93215,0.0,0.06981,181.8198,1.635,stand_2,220.4816,0.0,0.06981,0.0,0.06981,Sidewalk
444.0,116.1824,3.1023,2.93215,0.0,-0.0,181.8198,1.635,stand_2,220.4732,0.0,-0.0,0.0,-0.0,Sidewalk
444.5,116.1824,3.1023,2.96706,0.0,0.06981,181.8198,1.635,stand_2,220.4816,0.0,0.06981,0.0,0.06981,Sidewalk
445.0,116.1824,3.1023,2.96706,0.0,-0.0,181.8198,1.635,stand_2,220.4733,0.0,-0.0,0.0,-0.0,Sidewalk
445.5,116.1824,3.1023,3.00197,0.0,0.06981,181.8198,1.635,stand_2,220.4816,0.0,0.06981,0.0,0.06981,Sidewalk
446.0,116.1824,3.1023,3.00197,0.0,-0.0,181.8198,1.635,stand_2,220.4733,0.0,-0.0,0.0,-0.0,Sidewalk
446.5,116.1824,3.1023,3.03687,0.0,0.06981,181.8198,1.635,stand_2,220.4816,0.0,0.06981,0.0,0.06981,Sidewalk
447.0,116.1824,3.1023,3.03687,0.0,-0.0,181.8198,1.635,stand_2,220.4733,0.0,-0.0,0.0,-0.0,Sidewalk
447.5,116.1824,3.1023,3.07178,0.0,0.06981,181.8198,1.635,stand_2,220.4816,0.0,0.06981,0.0,0.06981,Sidewalk
448.0,116.1824,3.1023,3.07178,0.0,-0.0,181.8198,1.635,stand_2,220.4733,0.0,-0.0,0.0,-0.0,Sidewalk
448.5,116.1824,3.1023,3.10669,0.0,0.06981,181.8198,1.635,stand_2,220.4816,0.0,0.06981,0.0,0.06981,Sidewalk
449.0,116.1824,3.1023,3.10669,0.0,-0.0,181.8198,1.635,stand_2,220.4733,0.0,-0.0,0.0,-0.0,Sidewalk
449.5,116.1824,3.1023,3.14159,0.0,0.06981,181.8198,1.635,stand_2,220.4816,0.0,0.06981,0.0,0.06981,Sidewalk
450.0,116.1824,3.1023,3.14159,0.0,-0.0,181.8198,1.635,stand_2,220.4733,0.0,-0.0,0.0,-0.0,Sidewalk
450.5,116.1824,3.1023,-3.10669,0.0,0.06981,181.8198,1.635,stand_2,220.4817,0.0,0.06981,0.0,0.06981,Sidewalk
451.0,116.1824,3.1023,-3.10669,0.0,-0.0,181.8198,1.635,stand_2,220.4733,0.0,-0.0,0.0,-0.0,Sidewalk
451.5,116.1824,3.1023,-3.07178,0.0,0.06981,181.8198,1.635,stand_2,220.4817,0.0,0.06981,0.0,0.06981,Sidewalk
452.0,116.1824,3.1023,-3.07178,0.0,-0.0,181.8198,1.635,stand_2,220.4733,0.0,-0.0,0.0,-0.0,Sidewalk
452.5,116.1824,3.1023,-3.03687,0.0,0.06981,181.8198,1.635,stand_2,220.4817,0.0,0.06981,0.0,0.06981,Sidewalk
453.0,116.1824,3.1023,-3.03687,0.0,-0.0,181.8198,1.635,stand_2,220.4733,0.0,-0.0,0.0,-0.0,Sidewalk
453.5,116.1824,3.1023,-3.00197,0.0,0.06981,181.8198,1.635,stand_2,220.4817,0.0,0.06981,0.0,0.06981,Sidewalk
454.0,116.1824,3.1023,-3.00197,0.0,-0.0,181.8198,1.635,stand_2,220.4733,0.0,-0.0,0.0,-0.0,Sidewalk
454.5,116.1824,3.1023,-2.96706,0.0,0.06981,181.8198,1.635,stand_2,220.4817,0.0,0.06981,0.0,0.06981,Sidewalk
455.0,116.1824,3.1023,-2.96706,0.0,-0.0,181.8198,1.635,stand_2,220.4733,0.0,-0.0,0.0,-0.0,Sidewalk
455.5,116.1824,3.1023,-2.93215,0.0,0.06981,181.8198,1.635,stand_2,220.4817,0.0,0.06981,0.0,0.06981,Sidewalk
456.0,116.1824,3.1023,-2.93215,0.0,-0.0,181.8198,1.635,stand_2,220.4733,0.0,-0.0,0.0,-0.0,Sidewalk
456.5,116.1824,3.1023,-2.89725,0.0,0.06981,181.8198,1.635,stand_2,220.4817,0.0,0.06981,0.0,0.06981,Sidewalk
457.0,116.1824,3.1023,-2.89725,0.0,-0.0,181.8198,1.635,stand_2,220.4733,0.0,-0.0,0.0,-0.0,Sidewalk
457.5,116.1824,3.1023,-2.86234,0.0,0.06981,181.8198,1.635,stand_2,220.4817,0.0,0.06981,0.0,0.06981,Sidewalk
458.0,116.1824,3.1023,-2.86234,0.0,-0.0,181.8198,1.635,stand_2,220.4733,0.0,-0.0,0.0,-0.0,Sidewalk
458.5,116.1824,3.1023,-2.82743,0.0,0.06981,181.8198,1.635,stand_2,220.4817,0.0,0.06981,0.0,0.06981,Sidewalk
459.0,116.1824,3.1023,-2.82743,0.0,-0.0,181.8198,1.635,stand_2,220.4733,0.0,-0.0,0.0,-0.0,Sidewalk
459.5,116.1824,3.1023,-2.79253,0.0,0.06981,181.8198,1.635,stand_2,220.4817,0.0,0.06981,0.0,0.06981,Sidewalk
460.0,116.1824,3.1023,-2.79253,0.0,-0.0,181.8198,1.635,stand_2,220.4733,0.0,-0.0,0.0,-0.0,Sidewalk
460.5,116.1824,3.1023,-2.75762,0.0,0.06981,181.8198,1.635,stand_2,220.4817,0.0,0.06981,0.0,0.06981,Sidewalk
461.0,116.1824,3.1023,-2.75762,0.0,-0.0,181.8198,1.635,stand_2,220.4733,0.0,-0.0,0.0,-0.0,Sidewalk
461.5,116.1824,3.1023,-2.72271,0.0,0.06981,181.8198,1.635,stand_2,220.4817,0.0,0.06981,0.0,0.06981,Sidewalk
462.0,116.1824,3.1023,-2.72271,0.0,-0.0,181.8198,1.635,stand_2,220.4733,0.0,-0.0,0.0,-0.0,Sidewalk
462.5,116.1824,3.1023,-2.68781,0.0,0.06981,181.8198,1.635,stand_2,220.4817,0.0,0.06981,0.0,0.06981,Sidewalk
463.0,116.1824,3.1023,-2.68781,0.0,-0.0,181.8198,1.635,stand_2,220.4733,0.0,-0.0,0.0,-0.0,Sidewalk
463.5,116.1824,3.1023,-2.6529,0.0,0.06981,181.8198,1.635,stand_2,220.4817,0.0,0.06981,0.0,0.06981,Sidewalk
464.0,116.1824,3.1023,-2.6529,0.0,-0.0,181.8198,1.635,stand_2,220.4733,0.0,-0.0,0.0,-0.0,Sidewalk
464.5,116.1824,3.1023,-2.61799,0.0,0.06981,181.8198,1.635,stand_2,220.4817,0.0,0.06981,0.0,0.06981,Sidewalk
465.0,116.1824,3.1023,-2.61799,0.0,-0.0,181.8198,1.635,stand_2,220.4733,0.0,-0.0,0.0,-0.0,Sidewalk
465.5,116.1824,3.1023,-2.58309,0.0,0.06981,181.8198,1.635,stand_2,220.4817,0.0,0.06981,0.0,0.06981,Sidewalk
466.0,116.1824,3.1023,-2.58309,0.0,-0.0,181.8198,1.635,stand_2,220.4733,0.0,-0.0,0.0,-0.0,Sidewalk
466.5,116.1824,3.1023,-2.54818,0.0,0.06981,181.8198,1.635,stand_2,220.4817,0.0,0.06981,0.0,0.06981,Sidewalk
467.0,116.1824,3.1023,-2.54818,0.0,-0.0,181.8198,1.635,stand_2,220.4733,0.0,-0.0,0.0,-0.0,Sidewalk
467.5,116.1824,3.1023,-2.51327,0.0,0.06981,181.8198,1.635,stand_2,220.4817,0.0,0.06981,0.0,0.06981,Sidewalk
468.0,116.1824,3.1023,-2.51327,0.0,-0.0,181.8198,1.635,stand_2,220.4733,0.0,-0.0,0.0,-0.0,Sidewalk
468.5,116.1824,3.1023,-2.47837,0.0,0.06981,181.8198,1.635,stand_2,220.4817,0.0,0.06981,0.0,0.06981,Sidewalk
469.0,116.1824,3.1023,-2.47837,0.0,-0.0,181.8198,1.635,stand_2,220.4733,0.0,-0.0,0.0,-0.0,Sidewalk
469.5,116.1824,3.1023,-2.44346,0.0,0.06981,181.8198,1.635,stand_2,220.4817,0.0,0.06981,0.0,0.06981,Sidewalk
470.0,116.1824,3.1023,-2.44346,0.0,-0.0,181.8198,1.635,stand_2,220.4734,0.0,-0.0,0.0,-0.0,Sidewalk
470.5,116.1824,3.1023,-2.40855,0.0,0.06981,181.8198,1.635,stand_2,220.4817,0.0,0.06981,0.0,0.06981,Sidewalk
471.0,116.1824,3.1023,-2.40855,0.0,-0.0,181.8198,1.635,stand_2,220.4734,0.0,-0.0,0.0,-0.0,Sidewalk
471.5,116.1824,3.1023,-2.37365,0.0,0.06981,181.8198,1.635,stand_2,220.4817,0.0,0.06981,0.0,0.06981,Sidewalk
472.0,116.1824,3.1023,-2.37365,0.0,-0.0,181.8198,1.635,stand_2,220.4734,0.0,-0.0,0.0,-0.0,Sidewalk
472.5,116.1824,3.1023,-2.33874,0.0,0.06981,181.8198,1.635,stand_2,220.4817,0.0,0.06981,0.0,0.06981,Sidewalk
473.0,116.1824,3.1023,-2.33874,0.0,-0.0,181.8198,1.635,stand_2,220.4734,0.0,-0.0,0.0,-0.0,Sidewalk
473.5,116.1824,3.1023,-2.30383,0.0,0.06981,181.8198,1.635,stand_2,220.4817,0.0,0.06981,0.0,0.06981,Sidewalk
474.0,116.1824,3.1023,-2.30383,0.0,-0.0,181.8198,1.635,stand_2,220.4734,0.0,-0.0,0.0,-0.0,Sidewalk
474.5,116.1824,3.1023,-2.26893,0.0,0.06981,181.8198,1.635,stand_2,220.4817,0.0,0.06981,0.0,0.06981,Sidewalk
475.0,116.1824,3.1023,-2.26893,0.0,-0.0,181.8198,1.635,stand_2,220.4734,0.0,-0.0,0.0,-0.0,Sidewalk
475.5,116.1824,3.1023,-2.23402,0.0,0.06981,181.8198,1.635,stand_2,220.4818,0.0,0.06981,0.0,0.06981,Sidewalk
476.0,116.1824,3.1023,-2.23402,0.0,-0.0,181.8198,1.635,stand_2,220.4734,0.0,-0.0,0.0,-0.0,Sidewalk
476.5,116.1824,3.1023,-2.19911,0.0,0.06981,181.8198,1.635,stand_2,220.4818,0.0,0.06981,0.0,0.06981,Sidewalk
477.0,116.1824,3.1023,-2.19911,0.0,-0.0,181.8198,1.635,stand_2,220.4734,0.0,-0.0,0.0,-0.0,Sidewalk
477.5,116.1824,3.1023,-2.16421,0.0,0.06981,181.8198,1.635,stand_2,220.4818,0.0,0.06981,0.0,0.06981,Sidewalk
478.0,116.1824,3.1023,-2.16421,0.0,-0.0,181.8198,1.635,stand_2,220.4734,0.0,-0.0,0.0,-0.0,Sidewalk
478.5,116.1824,3.1023,-2.1293,0.0,0.06981,181.8198,1.635,stand_2,220.4818,0.0,0.06981,0.0,0.06981,Sidewalk
479.0,116.1824,3.1023,-2.1293,0.0,-0.0,181.8198,1.635,stand_2,220.4734,0.0,-0.0,0.0,-0.0,Sidewalk
479.5,116.1824,3.1023,-2.0944,0.0,0.06981,181.8198,1.635,stand_2,220.4818,0.0,0.06981,0.0,0.06981,Sidewalk
480.0,116.1824,3.1023,-2.0944,0.0,-0.0,181.8198,1.635,stand_2,220.4734,0.0,-0.0,0.0,-0.0,Sidewalk
480.5,116.1824,3.1023,-2.05949,0.0,0.06981,181.8198,1.6349,stand_2,220.4818,0.0,0.06981,0.0,0.06981,Sidewalk
481.0,116.1824,3.1023,-2.05949,0.0,-0.0,181.8198,1.6349,stand_2,220.4734,0.0,-0.0,0.0,-0.0,Sidewalk
481.5,116.1824,3.1023,-2.02458,0.0,0.06981,181.8198,1.6349,stand_2,220.4818,0.0,0.06981,0.0,0.06981,Sidewalk
482.0,116.1824,3.1023,-2.02458,0.0,-0.0,181.8198,1.6349,stand_2,220.4734,0.0,-0.0,0.0,-0.0,Sidewalk
482.5,116.1824,3.1023,-1.98968,0.0,0.06981,181.8198,1.6349,stand_2,220.4818,0.0,0.06981,0.0,0.06981,Sidewalk
483.0,116.1824,3.1023,-1.98968,0.0,-0.0,181.8198,1.6349,stand_2,220.4734,0.0,-0.0,0.0,-0.0,Sidewalk
483.5,116.1824,3.1023,-1.95477,0.0,0.06981,181.8198,1.6349,stand_2,220.4818,0.0,0.06981,0.0,0.06981,Sidewalk
484.0,116.1824,3.1023,-1.95477,0.0,-0.0,181.8198,1.6349,stand_2,220.4734,0.0,-0.0,0.0,-0.0,Sidewalk
484.5,116.1824,3.1023,-1.91986,0.0,0.06981,181.8198,1.6349,stand_2,220.4818,0.0,0.06981,0.0,0.06981,Sidewalk
485.0,116.1824,3.1023,-1.91986,0.0,-0.0,181.8198,1.6349,stand_2,220.4734,0.0,-0.0,0.0,-0.0,Sidewalk
485.5,116.1824,3.1023,-1.88496,0.0,0.06981,181.8198,1.6349,stand_2,220.4818,0.0,0.06981,0.0,0.06981,Sidewalk
486.0,116.1824,3.1023,-1.88496,0.0,-0.0,181.8198,1.6349,stand_2,220.4734,0.0,-0.0,0.0,-0.0,Sidewalk
486.5,116.1824,3.1023,-1.85005,0.0,0.06981,181.8198,1.6349,stand_2,220.4818,0.0,0.06981,0.0,0.06981,Sidewalk
487.0,116.1824,3.1023,-1.85005,0.0,-0.0,181.8198,1.6349,stand_2,220.4734,0.0,-0.0,0.0,-0.0,Sidewalk
487.5,116.1824,3.1023,-1.81514,0.0,0.06981,181.8198,1.6349,stand_2,220.4818,0.0,0.06981,0.0,0.06981,Sidewalk
488.0,116.1824,3.1023,-1.81514,0.0,-0.0,181.8198,1.6349,stand_2,220.4734,0.0,-0.0,0.0,-0.0,Sidewalk
488.5,116.1824,3.1023,-1.78024,0.0,0.06981,181.8198,1.6349,stand_2,220.4818,0.0,0.06981,0.0,0.06981,Sidewalk
489.0,116.1824,3.1023,-1.78024,0.0,-0.0,181.8198,1.6349,stand_2,220.4734,0.0,-0.0,0.0,-0.0,Sidewalk
489.5,116.1824,3.1023,-1.74533,0.0,0.06981,181.8198,1.6349,stand_2,220.4818,0.0,0.06981,0.0,0.06981,Sidewalk
490.0,116.1824,3.1023,-1.74533,0.0,-0.0,181.8198,1.6349,stand_2,220.4734,0.0,-0.0,0.0,-0.0,Sidewalk
490.5,116.1824,3.1023,-1.71042,0.0,0.06981,181.8198,1.6349,stand_2,220.4818,0.0,0.06981,0.0,0.06981,Sidewalk
491.0,116.1824,3.1023,-1.71042,0.0,-0.0,181.8198,1.6349,stand_2,220.4734,0.0,-0.0,0.0,-0.0,Sidewalk
491.5,116.1824,3.1023,-1.67552,0.0,0.06981,181.8198,1.6349,stand_2,220.4818,0.0,0.06981,0.0,0.06981,Sidewalk
492.0,116.1824,3.1023,-1.67552,0.0,-0.0,181.8198,1.6349,stand_2,220.4734,0.0,-0.0,0.0,-0.0,Sidewalk
492.5,116.1824,3.1023,-1.64061,0.0,0.06981,181.8198,1.6349,stand_2,220.4818,0.0,0.06981,0.0,0.06981,Sidewalk
493.0,116.1824,3.1023,-1.64061,0.0,-0.0,181.8198,1.6349,stand_2,220.4734,0.0,-0.0,0.0,-0.0,Sidewalk
493.5,116.1824,3.1023,-1.6057,0.0,0.06981,181.8198,1.6349,stand_2,220.4818,0.0,0.06981,0.0,0.06981,Sidewalk
494.0,116.1824,3.1023,-1.6057,0.0,-0.0,181.8198,1.6349,stand_2,220.4734,0.0,-0.0,0.0,-0.0,Sidewalk
494.5,116.1824,3.1023,-1.5708,0.0,0.06981,181.8198,1.6349,stand_2,220.4818,0.0,0.06981,0.0,0.06981,Sidewalk
495.0,116.1824,3.1023,-1.5708,0.0,-0.0,181.8198,1.6349,stand_2,220.4735,0.0,-0.0,0.0,-0.0,Sidewalk
495.5,116.1824,3.1023,-1.53589,0.0,0.06981,181.8198,1.6349,stand_2,220.4818,0.0,0.06981,0.0,0.06981,Sidewalk
496.0,116.1824,3.1023,-1.53589,0.0,-0.0,181.8198,1.6349,stand_2,220.4735,0.0,-0.0,0.0,-0.0,Sidewalk
496.5,116.1824,3.1023,-1.50098,0.0,0.06981,181.8198,1.6349,stand_2,220.4818,0.0,0.06981,0.0,0.06981,Sidewalk
497.0,116.1824,3.1023,-1.50098,0.0,-0.0,181.8198,1.6349,stand_2,220.4735,0.0,-0.0,0.0,-0.0,Sidewalk
497.5,116.1824,3.1023,-1.46608,0.0,0.06981,181.8198,1.6349,stand_2,220.4818,0.0,0.06981,0.0,0.06981,Sidewalk
498.0,116.1824,3.1023,-1.46608,0.0,-0.0,181.8198,1.6349,stand_2,220.4735,0.0,-0.0,0.0,-0.0,Sidewalk
498.5,116.1824,3.1023,-1.43117,0.0,0.06981,181.8198,1.6349,stand_2,220.4818,0.0,0.06981,0.0,0.06981,Sidewalk
499.0,116.1824,3.1023,-1.43117,0.0,-0.0,181.8198,1.6349,stand_2,220.4735,0.0,-0.0,0.0,-0.0,Sidewalk
499.5,116.1824,3.1023,-1.39626,0.0,0.06981,181.8198,1.6349,stand_2,220.4818,0.0,0.06981,0.0,0.06981,Sidewalk
500.0,116.1824,3.1023,-1.39626,0.0,-0.0,181.8198,1.6349,stand_2,220.4735,0.0,-0.0,0.0,-0.0,Sidewalk
500.5,116.1824,3.1023,-1.36136,0.0,0.06981,181.8198,1.6349,stand_2,220.4819,0.0,0.06981,0.0,0.06981,Sidewalk
501.0,116.1824,3.1023,-1.36136,0.0,-0.0,181.8198,1.6349,stand_2,220.4735,0.0,-0.0,0.0,-0.0,Sidewalk
501.5,116.1824,3.1023,-1.32645,0.0,0.06981,181.8198,1.6349,stand_2,220.4819,0.0,0.06981,0.0,0.06981,Sidewalk
502.0,116.1824,3.1023,-1.32645,0.0,-0.0,181.8198,1.6349,stand_2,220.4735,0.0,-0.0,0.0,-0.0,Sidewalk
502.5,116.1824,3.1023,-1.29154,0.0,0.06981,181.8198,1.6349,stand_2,220.4819,0.0,0.06981,0.0,0.06981,Sidewalk
503.0,116.1824,3.1023,-1.29154,0.0,-0.0,181.8198,1.6349,stand_2,220.4735,0.0,-0.0,0.0,-0.0,Sidewalk
503.5,116.1824,3.1023,-1.25664,0.0,0.06981,181.8198,1.6349,stand_2,220.4819,0.0,0.06981,0.0,0.06981,Sidewalk
504.0,116.1824,3.1023,-1.25664,0.0,-0.0,181.8198,1.6349,stand_2,220.4735,0.0,-0.0,0.0,-0.0,Sidewalk
504.5,116.1824,3.1023,-1.22173,0.0,0.06981,181.8198,1.6349,stand_2,220.4819,0.0,0.06981,0.0,0.06981,Sidewalk
505.0,116.1824,3.1023,-1.22173,0.0,-0.0,181.8198,1.6349,stand_2,220.4735,0.0,-0.0,0.0,-0.0,Sidewalk
505.5,116.1824,3.1023,-1.18682,0.0,0.06981,181.8198,1.6349,stand_2,220.4819,0.0,0.06981,0.0,0.06981,Sidewalk
506.0,116.1824,3.1023,-1.18682,0.0,-0.0,181.8198,1.6349,stand_2,220.4735,0.0,-0.0,0.0,-0.0,Sidewalk
506.5,116.1824,3.1023,-1.15192,0.0,0.06981,181.8198,1.6349,stand_2,220.4819,0.0,0.06981,0.0,0.06981,Sidewalk
507.0,116.1824,3.1023,-1.15192,0.0,-0.0,181.8198,1.6349,stand_2,220.4735,0.0,-0.0,0.0,-0.0,Sidewalk
507.5,116.1824,3.1023,-1.11701,0.0,0.06981,181.8198,1.6349,stand_2,220.4819,0.0,0.06981,0.0,0.06981,Sidewalk
508.0,116.1824,3.1023,-1.11701,0.0,-0.0,181.8198,1.6349,stand_2,220.4735,0.0,-0.0,0.0,-0.0,Sidewalk
508.5,116.1824,3.1023,-1.0821,0.0,0.06981,181.8198,1.6349,stand_2,220.4819,0.0,0.06981,0.0,0.06981,Sidewalk
509.0,116.1824,3.1023,-1.0821,0.0,-0.0,181.8198,1.6349,stand_2,220.4735,0.0,-0.0,0.0,-0.0,Sidewalk
509.5,116.1824,3.1023,-1.0472,0.0,0.06981,181.8198,1.6349,stand_2,220.4819,0.0,0.06981,0.0,0.06981,Sidewalk
510.0,116.1824,3.1023,-1.0472,0.0,-0.0,181.8198,1.6349,stand_2,220.4735,0.0,-0.0,0.0,-0.0,Sidewalk
510.5,116.1824,3.1023,-1.01229,0.0,0.06981,181.8198,1.6349,stand_2,220.4819,0.0,0.06981,0.0,0.06981,Sidewalk
511.0,116.1824,3.1023,-1.01229,0.0,-0.0,181.8198,1.6349,stand_2,220.4735,0.0,-0.0,0.0,-0.0,Sidewalk
511.5,116.1824,3.1023,-0.97738,0.0,0.06981,181.8198,1.6349,stand_2,220.4819,0.0,0.06981,0.0,0.06981,Sidewalk
512.0,116.1824,3.1023,-0.97738,0.0,-0.0,181.8198,1.6349,stand_2,220.4735,0.0,-0.0,0.0,-0.0,Sidewalk
512.5,116.1824,3.1023,-0.94248,0.0,0.06981,181.8198,1.6349,stand_2,220.4819,0.0,0.06981,0.0,0.06981,Sidewalk
513.0,116.1824,3.1023,-0.94248,0.0,-0.0,181.8198,1.6349,stand_2,220.4735,0.0,-0.0,0.0,-0.0,Sidewalk
513.5,116.1824,3.1023,-0.90757,0.0,0.06981,181.8198,1.6349,stand_2,220.4819,0.0,0.06981,0.0,0.06981,Sidewalk
514.0,116.1824,3.1023,-0.90757,0.0,-0.0,181.8198,1.6349,stand_2,220.4735,0.0,-0.0,0.0,-0.0,Sidewalk
514.5,116.1824,3.1023,-0.87266,0.0,0.06981,181.8198,1.6349,stand_2,220.4819,0.0,0.06981,0.0,0.06981,Sidewalk
515.0,116.1824,3.1023,-0.87266,0.0,-0.0,181.8198,1.6349,stand_2,220.4735,0.0,-0.0,0.0,-0.0,Sidewalk
515.5,116.1824,3.1023,-0.83776,0.0,0.06981,181.8198,1.6349,stand_2,220.4819,0.0,0.06981,0.0,0.06981,Sidewalk
516.0,116.1824,3.1023,-0.83776,0.0,-0.0,181.8198,1.6349,stand_2,220.4735,0.0,-0.0,0.0,-0.0,Sidewalk
516.5,116.1824,3.1023,-0.80285,0.0,0.06981,181.8198,1.6349,stand_2,220.4819,0.0,0.06981,0.0,0.06981,Sidewalk
517.0,116.1824,3.1023,-0.80285,0.0,-0.0,181.8198,1.6349,stand_2,220.4735,0.0,-0.0,0.0,-0.0,Sidewalk
517.5,116.1824,3.1023,-0.76794,0.0,0.06981,181.8198,1.6349,stand_2,220.4819,0.0,0.06981,0.0,0.06981,Sidewalk
518.0,116.1824,3.1023,-0.76794,0.0,-0.0,181.8198,1.6349,stand_2,220.4735,0.0,-0.0,0.0,-0.0,Sidewalk
518.5,116.1824,3.1023,-0.73304,0.0,0.06981,181.8198,1.6349,stand_2,220.4819,0.0,0.06981,0.0,0.06981,Sidewalk
519.0,116.1824,3.1023,-0.73304,0.0,-0.0,181.8198,1.6349,stand_2,220.4736,0.0,-0.0,0.0,-0.0,Sidewalk
519.5,116.1824,3.1023,-0.69813,0.0,0.06981,181.8198,1.6349,stand_2,220.4819,0.0,0.06981,0.0,0.06981,Sidewalk
520.0,116.1824,3.1023,-0.69813,0.0,-0.0,181.8198,1.6349,stand_2,220.4736,0.0,-0.0,0.0,-0.0,Sidewalk
520.5,116.1824,3.1023,-0.66323,0.0,0.06981,181.8198,1.6349,stand_2,220.4819,0.0,0.06981,0.0,0.06981,Sidewalk
521.0,116.1824,3.1023,-0.66323,0.0,-0.0,181.8198,1.6349,stand_2,220.4736,0.0,-0.0,0.0,-0.0,Sidewalk
521.5,116.1824,3.1023,-0.62832,0.0,0.06981,181.8198,1.6349,stand_2,220.4819,0.0,0.06981,0.0,0.06981,Sidewalk
522.0,116.1824,3.1023,-0.62832,0.0,-0.0,181.8198,1.6349,stand_2,220.4736,0.0,-0.0,0.0,-0.0,Sidewalk
522.5,116.1824,3.1023,-0.59341,0.0,0.06981,181.8198,1.6349,stand_2,220.4819,0.0,0.06981,0.0,0.06981,Sidewalk
523.0,116.1824,3.1023,-0.59341,0.0,-0.0,181.8198,1.6348,stand_2,220.4736,0.0,-0.0,0.0,-0.0,Sidewalk
523.5,116.1824,3.1023,-0.55851,0.0,0.06981,181.8198,1.6348,stand_2,220.4819,0.0,0.06981,0.0,0.06981,Sidewalk
524.0,116.1824,3.1023,-0.55851,0.0,-0.0,181.8198,1.6348,stand_2,220.4736,0.0,-0.0,0.0,-0.0,Sidewalk
524.5,116.1824,3.1023,-0.5236,0.0,0.06981,181.8198,1.6348,stand_2,220.4819,0.0,0.06981,0.0,0.06981,Sidewalk
525.0,116.1824,3.1023,-0.5236,0.0,-0.0,181.8198,1.6348,stand_2,220.4736,0.0,-0.0,0.0,-0.0,Sidewalk
525.5,116.1824,3.1023,-0.48869,0.0,0.06981,181.8198,1.6348,stand_2,220.4819,0.0,0.06981,0.0,0.06981,Sidewalk
526.0,116.1824,3.1023,-0.48869,0.0,-0.0,181.8198,1.6348,stand_2,220.4736,0.0,-0.0,0.0,-0.0,Sidewalk
526.5,116.1824,3.1023,-0.45379,0.0,0.06981,181.8198,1.6348,stand_2,220.482,0.0,0.06981,0.0,0.06981,Sidewalk
527.0,116.1824,3.1023,-0.45379,0.0,-0.0,181.8198,1.6348,stand_2,220.4736,0.0,-0.0,0.0,-0.0,Sidewalk
527.5,116.1824,3.1023,-0.41888,0.0,0.06981,181.8198,1.6348,stand_2,220.482,0.0,0.06981,0.0,0.06981,Sidewalk
528.0,116.1824,3.1023,-0.41888,0.0,-0.0,181.8198,1.6348,stand_2,220.4736,0.0,-0.0,0.0,-0.0,Sidewalk
528.5,116.1824,3.1023,-0.38397,0.0,0.06981,181.8198,1.6348,stand_2,220.482,0.0,0.06981,0.0,0.06981,Sidewalk
529.0,116.1824,3.1023,-0.38397,0.0,-0.0,181.8198,1.6348,stand_2,220.4736,0.0,-0.0,0.0,-0.0,Sidewalk
529.5,116.1824,3.1023,-0.34907,0.0,0.06981,181.8198,1.6348,stand_2,220.482,0.0,0.06981,0.0,0.06981,Sidewalk
530.0,116.1824,3.1023,-0.34907,0.0,-0.0,181.8198,1.6348,stand_2,220.4736,0.0,-0.0,0.0,-0.0,Sidewalk
530.5,116.1824,3.1023,-0.31416,0.0,0.06981,181.8198,1.6348,stand_2,220.482,0.0,0.06981,0.0,0.06981,Sidewalk
531.0,116.1824,3.1023,-0.31416,0.0,-0.0,181.8198,1.6348,stand_2,220.4736,0.0,-0.0,0.0,-0.0,Sidewalk
531.5,116.1824,3.1023,-0.27925,0.0,0.06981,181.8198,1.6348,stand_2,220.482,0.0,0.06981,0.0,0.06981,Sidewalk
532.0,116.1824,3.1023,-0.27925,0.0,-0.0,181.8198,1.6348,stand_2,220.4736,0.0,-0.0,0.0,-0.0,Sidewalk
532.5,116.1824,3.1023,-0.24435,0.0,0.06981,181.8198,1.6348,stand_2,220.482,0.0,0.06981,0.0,0.06981,Sidewalk
533.0,116.1824,3.1023,-0.24435,0.0,-0.0,181.8198,1.6348,stand_2,220.4736,0.0,-0.0,0.0,-0.0,Sidewalk
533.5,116.1824,3.1023,-0.20944,0.0,0.06981,181.8198,1.6348,stand_2,220.482,0.0,0.06981,0.0,0.06981,Sidewalk
534.0,116.1824,3.1023,-0.20944,0.0,-0.0,181.8198,1.6348,stand_2,220.4736,0.0,-0.0,0.0,-0.0,Sidewalk
534.5,116.1824,3.1023,-0.17453,0.0,0.06981,181.8198,1.6348,stand_2,220.482,0.0,0.06981,0.0,0.06981,Sidewalk
535.0,116.1824,3.1023,-0.17453,0.0,-0.0,181.8198,1.6348,stand_2,220.4736,0.0,-0.0,0.0,-0.0,Sidewalk
535.5,116.1824,3.1023,-0.13963,0.0,0.06981,181.8198,1.6348,stand_2,220.482,0.0,0.06981,0.0,0.06981,Sidewalk
536.0,116.1824,3.1023,-0.13963,0.0,-0.0,181.8198,1.6348,stand_2,220.4736,0.0,-0.0,0.0,-0.0,Sidewalk
536.5,116.1824,3.1023,-0.10472,0.0,0.06981,181.8198,1.6348,stand_2,220.482,0.0,0.06981,0.0,0.06981,Sidewalk
537.0,116.1824,3.1023,-0.10472,0.0,-0.0,181.8198,1.6348,stand_2,220.4736,0.0,-0.0,0.0,-0.0,Sidewalk
537.5,116.1824,3.1023,-0.06981,0.0,0.06981,181.8198,1.6348,stand_2,220.482,0.0,0.06981,0.0,0.06981,Sidewalk
538.0,116.1824,3.1023,-0.06981,0.0,-0.0,181.8198,1.6348,stand_2,220.4736,0.0,-0.0,0.0,-0.0,Sidewalk
538.5,116.1824,3.1023,-0.03491,0.0,0.06981,181.8198,1.6348,stand_2,220.482,0.0,0.06981,0.0,0.06981,Sidewalk
539.0,116.1824,3.1023,-0.03491,0.0,-0.0,181.8198,1.6348,stand_2,220.4736,0.0,-0.0,0.0,-0.0,Sidewalk
539.5,116.1824,3.1023,-0.0,0.0,0.06981,181.8198,1.6348,stand_2,220.482,0.0,0.06981,0.0,0.06981,Sidewalk
540.0,116.1824,3.1023,-0.0,0.0,-0.0,181.8198,1.6348,stand_2,220.4736,0.0,-0.0,0.0,-0.0,Sidewalk
540.5,116.1824,3.1023,0.03491,0.0,0.06981,181.8198,1.6348,stand_2,220.482,0.0,0.06981,0.0,0.06981,Sidewalk
541.0,116.1824,3.1023,0.03491,0.0,-0.0,181.8198,1.6348,stand_2,220.4736,0.0,-0.0,0.0,-0.0,Sidewalk
541.5,116.1824,3.1023,0.06981,0.0,0.06981,181.8198,1.6348,stand_2,220.482,0.0,0.06981,0.0,0.06981,Sidewalk
542.0,116.1824,3.1023,0.06981,0.0,-0.0,181.8198,1.6348,stand_2,220.4736,0.0,-0.0,0.0,-0.0,Sidewalk
542.5,116.1824,3.1023,0.10472,0.0,0.06981,181.8198,1.6348,stand_2,220.482,0.0,0.06981,0.0,0.06981,Sidewalk
543.0,116.1824,3.1023,0.10472,0.0,-0.0,181.8198,1.6348,stand_2,220.4736,0.0,-0.0,0.0,-0.0,Sidewalk
543.5,116.1824,3.1023,0.13963,0.0,0.06981,181.8198,1.6348,stand_2,220.482,0.0,0.06981,0.0,0.06981,Sidewalk
544.0,116.1824,3.1023,0.13963,0.0,-0.0,181.8198,1.6348,stand_2,220.4736,0.0,-0.0,0.0,-0.0,Sidewalk
544.5,116.1824,3.1023,0.17453,0.0,0.06981,181.8198,1.6348,stand_2,220.482,0.0,0.06981,0.0,0.06981,Sidewalk
545.0,116.1824,3.1023,0.17453,0.0,-0.0,181.8198,1.6348,stand_2,220.4736,0.0,-0.0,0.0,-0.0,Sidewalk
545.5,116.1824,3.1023,0.20944,0.0,0.06981,181.8198,1.6348,stand_2,220.482,0.0,0.06981,0.0,0.06981,Sidewalk
546.0,116.1824,3.1023,0.20944,0.0,-0.0,181.8198,1.6348,stand_2,220.4736,0.0,-0.0,0.0,-0.0,Sidewalk
546.5,116.1824,3.1023,0.24435,0.0,0.06981,181.8198,1.6348,stand_2,220.482,0.0,0.06981,0.0,0.06981,Sidewalk
547.0,116.1824,3.1023,0.24435,0.0,-0.0,181.8198,1.6348,stand_2,220.4737,0.0,-0.0,0.0,-0.0,Sidewalk
547.5,116.1824,3.1023,0.27925,0.0,0.06981,181.8198,1.6348,stand_2,220.482,0.0,0.06981,0.0,0.06981,Sidewalk
548.0,116.1824,3.1023,0.27925,0.0,-0.0,181.8198,1.6348,stand_2,220.4737,0.0,-0.0,0.0,-0.0,Sidewalk
548.5,116.1824,3.1023,0.31416,0.0,0.06981,181.8198,1.6348,stand_2,220.482,0.0,0.06981,0.0,0.06981,Sidewalk
549.0,116.1824,3.1023,0.31416,0.0,-0.0,181.8198,1.6348,stand_2,220.4737,0.0,-0.0,0.0,-0.0,Sidewalk
549.5,116.1824,3.1023,0.34907,0.0,0.06981,181.8198,1.6348,stand_2,220.482,0.0,0.06981,0.0,0.06981,Sidewalk
550.0,116.1824,3.1023,0.34907,0.0,-0.0,181.8198,1.6348,stand_2,220.4737,0.0,-0.0,0.0,-0.0,Sidewalk
550.5,116.1824,3.1023,0.38397,0.0,0.06981,181.8198,1.6348,stand_2,220.482,0.0,0.06981,0.0,0.06981,Sidewalk
551.0,116.1824,3.1023,0.38397,0.0,-0.0,181.8198,1.6348,stand_2,220.4737,0.0,-0.0,0.0,-0.0,Sidewalk
551.5,116.1824,3.1023,0.41888,0.0,0.06981,181.8198,1.6348,stand_2,220.482,0.0,0.06981,0.0,0.06981,Sidewalk
552.0,116.1824,3.1023,0.41888,0.0,-0.0,181.8198,1.6348,stand_2,220.4737,0.0,-0.0,0.0,-0.0,Sidewalk
552.5,116.1824,3.1023,0.45379,0.0,0.06981,181.8198,1.6348,stand_2,220.4821,0.0,0.06981,0.0,0.06981,Sidewalk
553.0,116.1824,3.1023,0.45379,0.0,-0.0,181.8198,1.6348,stand_2,220.4737,0.0,-0.0,0.0,-0.0,Sidewalk
553.5,116.1824,3.1023,0.48869,0.0,0.06981,181.8198,1.6348,stand_2,220.4821,0.0,0.06981,0.0,0.06981,Sidewalk
554.0,116.1824,3.1023,0.48869,0.0,-0.0,181.8198,1.6348,stand_2,220.4737,0.0,-0.0,0.0,-0.0,Sidewalk
554.5,116.1824,3.1023,0.5236,0.0,0.06981,181.8198,1.6348,stand_2,220.4821,0.0,0.06981,0.0,0.06981,Sidewalk
555.0,116.1824,3.1023,0.5236,0.0,-0.0,181.8198,1.6348,stand_2,220.4737,0.0,-0.0,0.0,-0.0,Sidewalk
555.5,116.1824,3.1023,0.55851,0.0,0.06981,181.8198,1.6348,stand_2,220.4821,0.0,0.06981,0.0,0.06981,Sidewalk
556.0,116.1824,3.1023,0.55851,0.0,-0.0,181.8198,1.6348,stand_2,220.4737,0.0,-0.0,0.0,-0.0,Sidewalk
556.5,116.1824,3.1023,0.59341,0.0,0.06981,181.8198,1.6348,stand_2,220.4821,0.0,0.06981,0.0,0.06981,Sidewalk
557.0,116.1824,3.1023,0.59341,0.0,-0.0,181.8198,1.6348,stand_2,220.4737,0.0,-0.0,0.0,-0.0,Sidewalk
557.5,116.1824,3.1023,0.62832,0.0,0.06981,181.8198,1.6348,stand_2,220.4821,0.0,0.06981,0.0,0.06981,Sidewalk
558.0,116.1824,3.1023,0.62832,0.0,-0.0,181.8198,1.6348,stand_2,220.4737,0.0,-0.0,0.0,-0.0,Sidewalk
558.5,116.1824,3.1023,0.66323,0.0,0.06981,181.8198,1.6348,stand_2,220.4821,0.0,0.06981,0.0,0.06981,Sidewalk
559.0,116.1824,3.1023,0.66323,0.0,-0.0,181.8198,1.6348,stand_2,220.4737,0.0,-0.0,0.0,-0.0,Sidewalk
559.5,116.1824,3.1023,0.69813,0.0,0.06981,181.8198,1.6348,stand_2,220.4821,0.0,0.06981,0.0,0.06981,Sidewalk
560.0,116.1824,3.1023,0.69813,0.0,-0.0,181.8198,1.6348,stand_2,220.4737,0.0,-0.0,0.0,-0.0,Sidewalk
560.5,116.1824,3.1023,0.73304,0.0,0.06981,181.8198,1.6348,stand_2,220.4821,0.0,0.06981,0.0,0.06981,Sidewalk
561.0,116.1824,3.1023,0.73304,0.0,-0.0,181.8198,1.6348,stand_2,220.4737,0.0,-0.0,0.0,-0.0,Sidewalk
561.5,116.1824,3.1023,0.76794,0.0,0.06981,181.8198,1.6348,stand_2,220.4821,0.0,0.06981,0.0,0.06981,Sidewalk
562.0,116.1824,3.1023,0.76794,0.0,-0.0,181.8198,1.6348,stand_2,220.4737,0.0,-0.0,0.0,-0.0,Sidewalk
562.5,116.1824,3.1023,0.80285,0.0,0.06981,181.8198,1.6348,stand_2,220.4821,0.0,0.06981,0.0,0.06981,Sidewalk
563.0,116.1824,3.1023,0.80285,0.0,-0.0,181.8198,1.6348,stand_2,220.4737,0.0,-0.0,0.0,-0.0,Sidewalk
563.5,116.1824,3.1023,0.83776,0.0,0.06981,181.8198,1.6348,stand_2,220.4821,0.0,0.06981,0.0,0.06981,Sidewalk
564.0,116.1824,3.1023,0.83776,0.0,-0.0,181.8198,1.6348,stand_2,220.4737,0.0,-0.0,0.0,-0.0,Sidewalk
564.5,116.1824,3.1023,0.87266,0.0,0.06981,181.8198,1.6348,stand_2,220.4821,0.0,0.06981,0.0,0.06981,Sidewalk
565.0,116.1824,3.1023,0.87266,0.0,-0.0,181.8198,1.6348,stand_2,220.4737,0.0,-0.0,0.0,-0.0,Sidewalk
565.5,116.1824,3.1023,0.90757,0.0,0.06981,181.8198,1.6347,stand_2,220.4821,0.0,0.06981,0.0,0.06981,Sidewalk
566.0,116.1824,3.1023,0.90757,0.0,-0.0,181.8198,1.6347,stand_2,220.4737,0.0,-0.0,0.0,-0.0,Sidewalk
566.5,116.1824,3.1023,0.94248,0.0,0.06981,181.8198,1.6347,stand_2,220.4821,0.0,0.06981,0.0,0.06981,Sidewalk
567.0,116.1824,3.1023,0.94248,0.0,-0.0,181.8198,1.6347,stand_2,220.4737,0.0,-0.0,0.0,-0.0,Sidewalk
567.5,116.1824,3.1023,0.97738,0.0,0.06981,181.8198,1.6347,stand_2,220.4821,0.0,0.06981,0.0,0.06981,Sidewalk
568.0,116.1824,3.1023,0.97738,0.0,-0.0,181.8198,1.6347,stand_2,220.4737,0.0,-0.0,0.0,-0.0,Sidewalk
568.5,116.1824,3.1023,1.01229,0.0,0.06981,181.8198,1.6347,stand_2,220.4821,0.0,0.06981,0.0,0.06981,Sidewalk
569.0,116.1824,3.1023,1.01229,0.0,-0.0,181.8198,1.6347,stand_2,220.4737,0.0,-0.0,0.0,-0.0,Sidewalk
569.5,116.1824,3.1023,1.0472,0.0,0.06981,181.8198,1.6347,stand_2,220.4821,0.0,0.06981,0.0,0.06981,Sidewalk
570.0,116.1824,3.1023,1.0472,0.0,-0.0,181.8198,1.6347,stand_2,220.4737,0.0,-0.0,0.0,-0.0,Sidewalk
570.5,116.1824,3.1023,1.0821,0.0,0.06981,181.8198,1.6347,stand_2,220.4821,0.0,0.06981,0.0,0.06981,Sidewalk
571.0,116.1824,3.1023,1.0821,0.0,-0.0,181.8198,1.6347,stand_2,220.4737,0.0,-0.0,0.0,-0.0,Sidewalk
571.5,116.1824,3.1023,1.11701,0.0,0.06981,181.8198,1.6347,stand_2,220.4821,0.0,0.06981,0.0,0.06981,Sidewalk
572.0,116.1824,3.1023,1.11701,0.0,-0.0,181.8198,1.6347,stand_2,220.4738,0.0,-0.0,0.0,-0.0,Sidewalk
572.5,116.1824,3.1023,1.15192,0.0,0.06981,181.8198,1.6347,stand_2,220.4821,0.0,0.06981,0.0,0.06981,Sidewalk
573.0,116.1824,3.1023,1.15192,0.0,-0.0,181.8198,1.6347,stand_2,220.4738,0.0,-0.0,0.0,-0.0,Sidewalk
573.5,116.1824,3.1023,1.18682,0.0,0.06981,181.8198,1.6347,stand_2,220.4821,0.0,0.06981,0.0,0.06981,Sidewalk
574.0,116.1824,3.1023,1.18682,0.0,-0.0,181.8198,1.6347,stand_2,220.4738,0.0,-0.0,0.0,-0.0,Sidewalk
574.5,116.1824,3.1023,1.22173,0.0,0.06981,181.8198,1.6347,stand_2,220.4821,0.0,0.06981,0.0,0.06981,Sidewalk
575.0,116.1824,3.1023,1.22173,0.0,-0.0,181.8198,1.6347,stand_2,220.4738,0.0,-0.0,0.0,-0.0,Sidewalk
575.5,116.1824,3.1023,1.25664,0.0,0.06981,181.8198,1.6347,stand_2,220.4821,0.0,0.06981,0.0,0.06981,Sidewalk
576.0,116.1824,3.1023,1.25664,0.0,-0.0,181.8198,1.6347,stand_2,220.4738,0.0,-0.0,0.0,-0.0,Sidewalk
576.5,116.1824,3.1023,1.29154,0.0,0.06981,181.8198,1.6347,stand_2,220.4821,0.0,0.06981,0.0,0.06981,Sidewalk
577.0,116.1824,3.1023,1.29154,0.0,-0.0,181.8198,1.6347,stand_2,220.4738,0.0,-0.0,0.0,-0.0,Sidewalk
577.5,116.1824,3.1023,1.32645,0.0,0.06981,181.8198,1.6347,stand_2,220.4822,0.0,0.06981,0.0,0.06981,Sidewalk
578.0,116.1824,3.1023,1.32645,0.0,-0.0,181.8198,1.6347,stand_2,220.4738,0.0,-0.0,0.0,-0.0,Sidewalk
578.5,116.1824,3.1023,1.36136,0.0,0.06981,181.8198,1.6347,stand_2,220.4822,0.0,0.06981,0.0,0.06981,Sidewalk
579.0,116.1824,3.1023,1.36136,0.0,-0.0,181.8198,1.6347,stand_2,220.4738,0.0,-0.0,0.0,-0.0,Sidewalk
579.5,116.1824,3.1023,1.39626,0.0,0.06981,181.8198,1.6347,stand_2,220.4822,0.0,0.06981,0.0,0.06981,Sidewalk
580.0,116.1824,3.1023,1.39626,0.0,-0.0,181.8198,1.6347,stand_2,220.4738,0.0,-0.0,0.0,-0.0,Sidewalk
580.5,116.1824,3.1023,1.43117,0.0,0.06981,181.8198,1.6347,stand_2,220.4822,0.0,0.06981,0.0,0.06981,Sidewalk
581.0,116.1824,3.1023,1.43117,0.0,-0.0,181.8198,1.6347,stand_2,220.4738,0.0,-0.0,0.0,-0.0,Sidewalk
581.5,116.1824,3.1023,1.46608,0.0,0.06981,181.8198,1.6347,stand_2,220.4822,0.0,0.06981,0.0,0.06981,Sidewalk
582.0,116.1824,3.1023,1.46608,0.0,-0.0,181.8198,1.6347,stand_2,220.4738,0.0,-0.0,0.0,-0.0,Sidewalk
582.5,116.1824,3.1023,1.50098,0.0,0.06981,181.8198,1.6347,stand_2,220.4822,0.0,0.06981,0.0,0.06981,Sidewalk
583.0,116.1824,3.1023,1.50098,0.0,-0.0,181.8198,1.6347,stand_2,220.4738,0.0,-0.0,0.0,-0.0,Sidewalk
583.5,116.1824,3.1023,1.53589,0.0,0.06981,181.8198,1.6347,stand_2,220.4822,0.0,0.06981,0.0,0.06981,Sidewalk
584.0,116.1824,3.1023,1.53589,0.0,-0.0,181.8198,1.6347,stand_2,220.4738,0.0,-0.0,0.0,-0.0,Sidewalk
584.5,116.1824,3.1023,1.5708,0.0,0.06981,181.8198,1.6347,stand_2,220.4822,0.0,0.06981,0.0,0.06981,Sidewalk
585.0,116.1824,3.1023,1.5708,0.0,-0.0,181.8198,1.6347,stand_2,220.4738,0.0,-0.0,0.0,-0.0,Sidewalk
585.5,116.1824,3.1023,1.6057,0.0,0.06981,181.8198,1.6347,stand_2,220.4822,0.0,0.06981,0.0,0.06981,Sidewalk
586.0,116.1824,3.1023,1.6057,0.0,-0.0,181.8198,1.6347,stand_2,220.4738,0.0,-0.0,0.0,-0.0,Sidewalk
586.5,116.1824,3.1023,1.64061,0.0,0.06981,181.8198,1.6347,stand_2,220.4822,0.0,0.06981,0.0,0.06981,Sidewalk
587.0,116.1824,3.1023,1.64061,0.0,-0.0,181.8198,1.6347,stand_2,220.4738,0.0,-0.0,0.0,-0.0,Sidewalk
587.5,116.1824,3.1023,1.67552,0.0,0.06981,181.8198,1.6347,stand_2,220.4822,0.0,0.06981,0.0,0.06981,Sidewalk
588.0,116.1824,3.1023,1.67552,0.0,-0.0,181.8198,1.6347,stand_2,220.4738,0.0,-0.0,0.0,-0.0,Sidewalk
588.5,116.1824,3.1023,1.71042,0.0,0.06981,181.8198,1.6347,stand_2,220.4822,0.0,0.06981,0.0,0.06981,Sidewalk
589.0,116.1824,3.1023,1.71042,0.0,-0.0,181.8198,1.6347,stand_2,220.4738,0.0,-0.0,0.0,-0.0,Sidewalk
589.5,116.1824,3.1023,1.74533,0.0,0.06981,181.8198,1.6347,stand_2,220.4822,0.0,0.06981,0.0,0.06981,Sidewalk
590.0,116.1824,3.1023,1.74533,0.0,-0.0,181.8198,1.6347,stand_2,220.4738,0.0,-0.0,0.0,-0.0,Sidewalk
590.5,116.1824,3.1023,1.78024,0.0,0.06981,181.8198,1.6347,stand_2,220.4822,0.0,0.06981,0.0,0.06981,Sidewalk
591.0,116.1824,3.1023,1.78024,0.0,-0.0,181.8198,1.6347,stand_2,220.4738,0.0,-0.0,0.0,-0.0,Sidewalk
591.5,116.1824,3.1023,1.81514,0.0,0.06981,181.8198,1.6347,stand_2,220.4822,0.0,0.06981,0.0,0.06981,Sidewalk
592.0,116.1824,3.1023,1.81514,0.0,-0.0,181.8198,1.6347,stand_2,220.4738,0.0,-0.0,0.0,-0.0,Sidewalk
592.5,116.1824,3.1023,1.85005,0.0,0.06981,181.8198,1.6347,stand_2,220.4822,0.0,0.06981,0.0,0.06981,Sidewalk
593.0,116.1824,3.1023,1.85005,0.0,-0.0,181.8198,1.6347,stand_2,220.4738,0.0,-0.0,0.0,-0.0,Sidewalk
593.5,116.1824,3.1023,1.88496,0.0,0.06981,181.8198,1.6347,stand_2,220.4822,0.0,0.06981,0.0,0.06981,Sidewalk
594.0,116.1824,3.1023,1.88496,0.0,-0.0,181.8198,1.6347,stand_2,220.4738,0.0,-0.0,0.0,-0.0,Sidewalk
594.5,116.1824,3.1023,1.91986,0.0,0.06981,181.8198,1.6347,stand_2,220.4822,0.0,0.06981,0.0,0.06981,Sidewalk
595.0,116.1824,3.1023,1.91986,0.0,-0.0,181.8198,1.6347,stand_2,220.4738,0.0,-0.0,0.0,-0.0,Sidewalk
595.5,116.1824,3.1023,1.95477,0.0,0.06981,181.8198,1.6347,stand_2,220.4822,0.0,0.06981,0.0,0.06981,Sidewalk
596.0,116.1824,3.1023,1.95477,0.0,-0.0,181.8198,1.6347,stand_2,220.4739,0.0,-0.0,0.0,-0.0,Sidewalk
596.5,116.1824,3.1023,1.98968,0.0,0.06981,181.8198,1.6347,stand_2,220.4822,0.0,0.06981,0.0,0.06981,Sidewalk
597.0,116.1824,3.1023,1.98968,0.0,-0.0,181.8198,1.6347,stand_2,220.4739,0.0,-0.0,0.0,-0.0,Sidewalk
597.5,116.1824,3.1023,2.02458,0.0,0.06981,181.8198,1.6347,stand_2,220.4822,0.0,0.06981,0.0,0.06981,Sidewalk
598.0,116.1824,3.1023,2.02458,0.0,-0.0,181.8198,1.6347,stand_2,220.4739,0.0,-0.0,0.0,-0.0,Sidewalk
598.5,116.1824,3.1023,2.05949,0.0,0.06981,181.8198,1.6347,stand_2,220.4822,0.0,0.06981,0.0,0.06981,Sidewalk
599.0,116.1824,3.1023,2.05949,0.0,-0.0,181.8198,1.6347,stand_2,220.4739,0.0,-0.0,0.0,-0.0,Sidewalk
599.5,116.1824,3.1023,2.0944,0.0,0.06981,181.8198,1.6347,stand_2,220.4822,0.0,0.06981,0.0,0.06981,Sidewalk
600.0,116.1824,3.1023,2.0944,0.0,-0.0,181.8198,1.6347,stand_2,220.4739,0.0,-0.0,0.0,-0.0,Sidewalk
600.5,116.1824,3.1023,2.1293,0.0,0.06981,181.8198,1.6347,stand_2,220.4822,0.0,0.06981,0.0,0.06981,Sidewalk
601.0,116.1824,3.1023,2.1293,0.0,-0.0,181.8198,1.6347,stand_2,220.4739,0.0,-0.0,0.0,-0.0,Sidewalk
601.5,116.1824,3.1023,2.16421,0.0,0.06981,181.8198,1.6347,stand_2,220.4823,0.0,0.06981,0.0,0.06981,Sidewalk
602.0,116.1824,3.1023,2.16421,0.0,-0.0,181.8198,1.6347,stand_2,220.4739,0.0,-0.0,0.0,-0.0,Sidewalk
602.5,116.1824,3.1023,2.19911,0.0,0.06981,181.8198,1.6347,stand_2,220.4823,0.0,0.06981,0.0,0.06981,Sidewalk
603.0,116.1824,3.1023,2.19911,0.0,-0.0,181.8198,1.6347,stand_2,220.4739,0.0,-0.0,0.0,-0.0,Sidewalk
603.5,116.1824,3.1023,2.23402,0.0,0.06981,181.8198,1.6347,stand_2,220.4823,0.0,0.06981,0.0,0.06981,Sidewalk
604.0,116.1824,3.1023,2.23402,0.0,-0.0,181.8198,1.6346,stand_2,220.4739,0.0,-0.0,0.0,-0.0,Sidewalk
604.5,116.1824,3.1023,2.26893,0.0,0.06981,181.8198,1.6346,stand_2,220.4823,0.0,0.06981,0.0,0.06981,Sidewalk
605.0,116.1824,3.1023,2.26893,0.0,-0.0,181.8198,1.6346,stand_2,220.4739,0.0,-0.0,0.0,-0.0,Sidewalk
605.5,116.1824,3.1023,2.30383,0.0,0.06981,181.8198,1.6346,stand_2,220.4823,0.0,0.06981,0.0,0.06981,Sidewalk
606.0,116.1824,3.1023,2.30383,0.0,-0.0,181.8198,1.6346,stand_2,220.4739,0.0,-0.0,0.0,-0.0,Sidewalk
606.5,116.1824,3.1023,2.33874,0.0,0.06981,181.8198,1.6346,stand_2,220.4823,0.0,0.06981,0.0,0.06981,Sidewalk
607.0,116.1824,3.1023,2.33874,0.0,-0.0,181.8198,1.6346,stand_2,220.4739,0.0,-0.0,0.0,-0.0,Sidewalk
607.5,116.1824,3.1023,2.37365,0.0,0.06981,181.8198,1.6346,stand_2,220.4823,0.0,0.06981,0.0,0.06981,Sidewalk
608.0,116.1824,3.1023,2.37365,0.0,-0.0,181.8198,1.6346,stand_2,220.4739,0.0,-0.0,0.0,-0.0,Sidewalk
608.5,116.1824,3.1023,2.40855,0.0,0.06981,181.8198,1.6346,stand_2,220.4823,0.0,0.06981,0.0,0.06981,Sidewalk
609.0,116.1824,3.1023,2.40855,0.0,-0.0,181.8198,1.6346,stand_2,220.4739,0.0,-0.0,0.0,-0.0,Sidewalk
609.5,116.1824,3.1023,2.44346,0.0,0.06981,181.8198,1.6346,stand_2,220.4823,0.0,0.06981,0.0,0.06981,Sidewalk
610.0,116.1824,3.1023,2.44346,0.0,-0.0,181.8198,1.6346,stand_2,220.4739,0.0,-0.0,0.0,-0.0,Sidewalk
610.5,116.1824,3.1023,2.47837,0.0,0.06981,181.8198,1.6346,stand_2,220.4823,0.0,0.06981,0.0,0.06981,Sidewalk
611.0,116.1824,3.1023,2.47837,0.0,-0.0,181.8198,1.6346,stand_2,220.4739,0.0,-0.0,0.0,-0.0,Sidewalk
611.5,116.1824,3.1023,2.51327,0.0,0.06981,181.8198,1.6346,stand_2,220.4823,0.0,0.06981,0.0,0.06981,Sidewalk
612.0,116.1824,3.1023,2.51327,0.0,-0.0,181.8198,1.6346,stand_2,220.4739,0.0,-0.0,0.0,-0.0,Sidewalk
612.5,116.1824,3.1023,2.54818,0.0,0.06981,181.8198,1.6346,stand_2,220.4823,0.0,0.06981,0.0,0.06981,Sidewalk
613.0,116.1824,3.1023,2.54818,0.0,-0.0,181.8198,1.6346,stand_2,220.4739,0.0,-0.0,0.0,-0.0,Sidewalk
613.5,116.1824,3.1023,2.58309,0.0,0.06981,181.8198,1.6346,stand_2,220.4823,0.0,0.06981,0.0,0.06981,Sidewalk
614.0,116.1824,3.1023,2.58309,0.0,-0.0,181.8198,1.6346,stand_2,220.4739,0.0,-0.0,0.0,-0.0,Sidewalk
614.5,116.1824,3.1023,2.61799,0.0,0.06981,181.8198,1.6346,stand_2,220.4823,0.0,0.06981,0.0,0.06981,Sidewalk
615.0,116.1824,3.1023,2.61799,0.0,-0.0,181.8198,1.6346,stand_2,220.4739,0.0,-0.0,0.0,-0.0,Sidewalk
615.5,116.1824,3.1023,2.6529,0.0,0.06981,181.8198,1.6346,stand_2,220.4823,0.0,0.06981,0.0,0.06981,Sidewalk
616.0,116.1824,3.1023,2.6529,0.0,-0.0,181.8198,1.6346,stand_2,220.4739,0.0,-0.0,0.0,-0.0,Sidewalk
616.5,116.1824,3.1023,2.68781,0.0,0.06981,181.8198,1.6346,stand_2,220.4823,0.0,0.06981,0.0,0.06981,Sidewalk
617.0,116.1824,3.1023,2.68781,0.0,-0.0,181.8198,1.6346,stand_2,220.4739,0.0,-0.0,0.0,-0.0,Sidewalk
617.5,116.1824,3.1023,2.72271,0.0,0.06981,181.8198,1.6346,stand_2,220.4823,0.0,0.06981,0.0,0.06981,Sidewalk
618.0,116.1824,3.1023,2.72271,0.0,-0.0,181.8198,1.6346,stand_2,220.4739,0.0,-0.0,0.0,-0.0,Sidewalk
618.5,116.1824,3.1023,2.75762,0.0,0.06981,181.8198,1.6346,stand_2,220.4823,0.0,0.06981,0.0,0.06981,Sidewalk
619.0,116.1824,3.1023,2.75762,0.0,-0.0,181.8198,1.6346,stand_2,220.4739,0.0,-0.0,0.0,-0.0,Sidewalk
619.5,116.1824,3.1023,2.79253,0.0,0.06981,181.8198,1.6346,stand_2,220.4823,0.0,0.06981,0.0,0.06981,Sidewalk
620.0,116.1824,3.1023,2.79253,0.0,-0.0,181.8198,1.6346,stand_2,220.474,0.0,-0.0,0.0,-0.0,Sidewalk
620.5,116.1824,3.1023,2.82743,0.0,0.06981,181.8198,1.6346,stand_2,220.4823,0.0,0.06981,0.0,0.06981,Sidewalk
621.0,116.1824,3.1023,2.82743,0.0,-0.0,181.8198,1.6346,stand_2,220.474,0.0,-0.0,0.0,-0.0,Sidewalk
621.5,116.1824,3.1023,2.86234,0.0,0.06981,181.8198,1.6346,stand_2,220.4823,0.0,0.06981,0.0,0.06981,Sidewalk
622.0,116.1824,3.1023,2.86234,0.0,-0.0,181.8198,1.6346,stand_2,220.474,0.0,-0.0,0.0,-0.0,Sidewalk
622.5,116.1824,3.1023,2.89725,0.0,0.06981,181.8198,1.6346,stand_2,220.4823,0.0,0.06981,0.0,0.06981,Sidewalk
623.0,116.1824,3.1023,2.89725,0.0,-0.0,181.8198,1.6346,stand_2,220.474,0.0,-0.0,0.0,-0.0,Sidewalk
623.5,116.1824,3.1023,2.93215,0.0,0.06981,181.8198,1.6346,stand_2,220.4823,0.0,0.06981,0.0,0.06981,Sidewalk
624.0,116.1824,3.1023,2.93215,0.0,-0.0,181.8198,1.6346,stand_2,220.474,0.0,-0.0,0.0,-0.0,Sidewalk
624.5,116.1824,3.1023,2.96706,0.0,0.06981,181.8198,1.6346,stand_2,220.4823,0.0,0.06981,0.0,0.06981,Sidewalk
625.0,116.1824,3.1023,2.96706,0.0,-0.0,181.8198,1.6346,stand_2,220.474,0.0,-0.0,0.0,-0.0,Sidewalk
625.5,116.1824,3.1023,3.00197,0.0,0.06981,181.8198,1.6346,stand_2,220.4823,0.0,0.06981,0.0,0.06981,Sidewalk
626.0,116.1824,3.1023,3.00197,0.0,-0.0,181.8198,1.6346,stand_2,220.474,0.0,-0.0,0.0,-0.0,Sidewalk
626.5,116.1824,3.1023,3.03687,0.0,0.06981,181.8198,1.6346,stand_2,220.4824,0.0,0.06981,0.0,0.06981,Sidewalk
627.0,116.1824,3.1023,3.03687,0.0,-0.0,181.8198,1.6346,stand_2,220.474,0.0,-0.0,0.0,-0.0,Sidewalk
627.5,116.1824,3.1023,3.07178,0.0,0.06981,181.8198,1.6346,stand_2,220.4824,0.0,0.06981,0.0,0.06981,Sidewalk
628.0,116.1824,3.1023,3.07178,0.0,-0.0,181.8198,1.6346,stand_2,220.474,0.0,-0.0,0.0,-0.0,Sidewalk
628.5,116.1824,3.1023,3.10669,0.0,0.06981,181.8198,1.6346,stand_2,220.4824,0.0,0.06981,0.0,0.06981,Sidewalk
629.0,116.1824,3.1023,3.10669,0.0,-0.0,181.8198,1.6346,stand_2,220.474,0.0,-0.0,0.0,-0.0,Sidewalk
629.5,116.1824,3.1023,3.14159,0.0,0.06981,181.8198,1.6346,stand_2,220.4824,0.0,0.06981,0.0,0.06981,Sidewalk
630.0,116.1824,3.1023,3.14159,0.0,-0.0,181.8198,1.6346,stand_2,220.474,0.0,-0.0,0.0,-0.0,Sidewalk
630.5,116.1824,3.1023,-3.10669,0.0,0.06981,181.8198,1.6346,stand_2,220.4824,0.0,0.06981,0.0,0.06981,Sidewalk
631.0,116.1824,3.1023,-3.10669,0.0,-0.0,181.8198,1.6346,stand_2,220.474,0.0,-0.0,0.0,-0.0,Sidewalk
631.5,116.1824,3.1023,-3.07178,0.0,0.06981,181.8198,1.6346,stand_2,220.4824,0.0,0.06981,0.0,0.06981,Sidewalk
632.0,116.1824,3.1023,-3.07178,0.0,-0.0,181.8198,1.6346,stand_2,220.474,0.0,-0.0,0.0,-0.0,Sidewalk
632.5,116.1824,3.1023,-3.03687,0.0,0.06981,181.8198,1.6346,stand_2,220.4824,0.0,0.06981,0.0,0.06981,Sidewalk
633.0,116.1824,3.1023,-3.03687,0.0,-0.0,181.8198,1.6346,stand_2,220.474,0.0,-0.0,0.0,-0.0,Sidewalk
633.5,116.1824,3.1023,-3.00197,0.0,0.06981,181.8198,1.6346,stand_2,220.4824,0.0,0.06981,0.0,0.06981,Sidewalk
634.0,116.1824,3.1023,-3.00197,0.0,-0.0,181.8198,1.6346,stand_2,220.474,0.0,-0.0,0.0,-0.0,Sidewalk
634.5,116.1824,3.1023,-2.96706,0.0,0.06981,181.8198,1.6346,stand_2,220.4824,0.0,0.06981,0.0,0.06981,Sidewalk
635.0,116.1824,3.1023,-2.96706,0.0,-0.0,181.8198,1.6346,stand_2,220.474,0.0,-0.0,0.0,-0.0,Sidewalk
635.5,116.1824,3.1023,-2.93215,0.0,0.06981,181.8198,1.6346,stand_2,220.4824,0.0,0.06981,0.0,0.06981,Sidewalk
636.0,116.1824,3.1023,-2.93215,0.0,-0.0,181.8198,1.6346,stand_2,220.474,0.0,-0.0,0.0,-0.0,Sidewalk
636.5,116.1824,3.1023,-2.89725,0.0,0.06981,181.8198,1.6346,stand_2,220.4824,0.0,0.06981,0.0,0.06981,Sidewalk
637.0,116.1824,3.1023,-2.89725,0.0,-0.0,181.8198,1.6346,stand_2,220.474,0.0,-0.0,0.0,-0.0,Sidewalk
637.5,116.1824,3.1023,-2.86234,0.0,0.06981,181.8198,1.6346,stand_2,220.4824,0.0,0.06981,0.0,0.06981,Sidewalk
638.0,116.1824,3.1023,-2.86234,0.0,-0.0,181.8198,1.6346,stand_2,220.474,0.0,-0.0,0.0,-0.0,Sidewalk
638.5,116.1824,3.1023,-2.82743,0.0,0.06981,181.8198,1.6346,stand_2,220.4824,0.0,0.06981,0.0,0.06981,Sidewalk
639.0,116.1824,3.1023,-2.82743,0.0,-0.0,181.8198,1.6346,stand_2,220.474,0.0,-0.0,0.0,-0.0,Sidewalk
639.5,116.1824,3.1023,-2.79253,0.0,0.06981,181.8198,1.6346,stand_2,220.4824,0.0,0.06981,0.0,0.06981,Sidewalk
640.0,116.1824,3.1023,-2.79253,0.0,-0.0,181.8198,1.6346,stand_2,220.474,0.0,-0.0,0.0,-0.0,Sidewalk
640.5,116.1824,3.1023,-2.75762,0.0,0.06981,181.8198,1.6346,stand_2,220.4824,0.0,0.06981,0.0,0.06981,Sidewalk
641.0,116.1824,3.1023,-2.75762,0.0,-0.0,181.8198,1.6346,stand_2,220.474,0.0,-0.0,0.0,-0.0,Sidewalk
641.5,116.1824,3.1023,-2.72271,0.0,0.06981,181.8198,1.6346,stand_2,220.4824,0.0,0.06981,0.0,0.06981,Sidewalk
642.0,116.1824,3.1023,-2.72271,0.0,-0.0,181.8198,1.6346,stand_2,220.474,0.0,-0.0,0.0,-0.0,Sidewalk
642.5,116.1824,3.1023,-2.68781,0.0,0.06981,181.8198,1.6346,stand_2,220.4824,0.0,0.06981,0.0,0.06981,Sidewalk
643.0,116.1824,3.1023,-2.68781,0.0,-0.0,181.8198,1.6346,stand_2,220.474,0.0,-0.0,0.0,-0.0,Sidewalk
643.5,116.1824,3.1023,-2.6529,0.0,0.06981,181.8198,1.6346,stand_2,220.4824,0.0,0.06981,0.0,0.06981,Sidewalk
644.0,116.1824,3.1023,-2.6529,0.0,-0.0,181.8198,1.6346,stand_2,220.474,0.0,-0.0,0.0,-0.0,Sidewalk
644.5,116.1824,3.1023,-2.61799,0.0,0.06981,181.8198,1.6346,stand_2,220.4824,0.0,0.06981,0.0,0.06981,Sidewalk
645.0,116.1824,3.1023,-2.61799,0.0,-0.0,181.8198,1.6346,stand_2,220.474,0.0,-0.0,0.0,-0.0,Sidewalk
645.5,116.1824,3.1023,-2.58309,0.0,0.06981,181.8198,1.6346,stand_2,220.4824,0.0,0.06981,0.0,0.06981,Sidewalk
646.0,116.1824,3.1023,-2.58309,0.0,-0.0,181.8198,1.6345,stand_2,220.4741,0.0,-0.0,0.0,-0.0,Sidewalk
646.5,116.1824,3.1023,-2.54818,0.0,0.06981,181.8198,1.6345,stand_2,220.4824,0.0,0.06981,0.0,0.06981,Sidewalk
647.0,116.1824,3.1023,-2.54818,0.0,-0.0,181.8198,1.6345,stand_2,220.4741,0.0,-0.0,0.0,-0.0,Sidewalk
647.5,116.1824,3.1023,-2.51327,0.0,0.06981,181.8198,1.6345,stand_2,220.4824,0.0,0.06981,0.0,0.06981,Sidewalk
648.0,116.1824,3.1023,-2.51327,0.0,-0.0,181.8198,1.6345,stand_2,220.4741,0.0,-0.0,0.0,-0.0,Sidewalk
648.5,116.1824,3.1023,-2.47837,0.0,0.06981,181.8198,1.6345,stand_2,220.4824,0.0,0.06981,0.0,0.06981,Sidewalk
649.0,116.1824,3.1023,-2.47837,0.0,-0.0,181.8198,1.6345,stand_2,220.4741,0.0,-0.0,0.0,-0.0,Sidewalk
649.5,116.1824,3.1023,-2.44346,0.0,0.06981,181.8198,1.6345,stand_2,220.4824,0.0,0.06981,0.0,0.06981,Sidewalk
650.0,116.1824,3.1023,-2.44346,0.0,-0.0,181.8198,1.6345,stand_2,220.4741,0.0,-0.0,0.0,-0.0,Sidewalk
650.5,116.1824,3.1023,-2.40855,0.0,0.06981,181.8198,1.6345,stand_2,220.4825,0.0,0.06981,0.0,0.06981,Sidewalk
651.0,116.1824,3.1023,-2.40855,0.0,-0.0,181.8198,1.6345,stand_2,220.4741,0.0,-0.0,0.0,-0.0,Sidewalk
651.5,116.1824,3.1023,-2.37365,0.0,0.06981,181.8198,1.6345,stand_2,220.4825,0.0,0.06981,0.0,0.06981,Sidewalk
652.0,116.1824,3.1023,-2.37365,0.0,-0.0,181.8198,1.6345,stand_2,220.4741,0.0,-0.0,0.0,-0.0,Sidewalk
652.5,116.1824,3.1023,-2.33874,0.0,0.06981,181.8198,1.6345,stand_2,220.4825,0.0,0.06981,0.0,0.06981,Sidewalk
653.0,116.1824,3.1023,-2.33874,0.0,-0.0,181.8198,1.6345,stand_2,220.4741,0.0,-0.0,0.0,-0.0,Sidewalk
653.5,116.1824,3.1023,-2.30383,0.0,0.06981,181.8198,1.6345,stand_2,220.4825,0.0,0.06981,0.0,0.06981,Sidewalk
654.0,116.1824,3.1023,-2.30383,0.0,-0.0,181.8198,1.6345,stand_2,220.4741,0.0,-0.0,0.0,-0.0,Sidewalk
654.5,116.1824,3.1023,-2.26893,0.0,0.06981,181.8198,1.6345,stand_2,220.4825,0.0,0.06981,0.0,0.06981,Sidewalk
655.0,116.1824,3.1023,-2.26893,0.0,-0.0,181.8198,1.6345,stand_2,220.4741,0.0,-0.0,0.0,-0.0,Sidewalk
655.5,116.1824,3.1023,-2.23402,0.0,0.06981,181.8198,1.6345,stand_2,220.4825,0.0,0.06981,0.0,0.06981,Sidewalk
656.0,116.1824,3.1023,-2.23402,0.0,-0.0,181.8198,1.6345,stand_2,220.4741,0.0,-0.0,0.0,-0.0,Sidewalk
656.5,116.1824,3.1023,-2.19911,0.0,0.06981,181.8198,1.6345,stand_2,220.4825,0.0,0.06981,0.0,0.06981,Sidewalk
657.0,116.1824,3.1023,-2.19911,0.0,-0.0,181.8198,1.6345,stand_2,220.4741,0.0,-0.0,0.0,-0.0,Sidewalk
657.5,116.1824,3.1023,-2.16421,0.0,0.06981,181.8198,1.6345,stand_2,220.4825,0.0,0.06981,0.0,0.06981,Sidewalk
658.0,116.1824,3.1023,-2.16421,0.0,-0.0,181.8198,1.6345,stand_2,220.4741,0.0,-0.0,0.0,-0.0,Sidewalk
658.5,116.1824,3.1023,-2.1293,0.0,0.06981,181.8198,1.6345,stand_2,220.4825,0.0,0.06981,0.0,0.06981,Sidewalk
659.0,116.1824,3.1023,-2.1293,0.0,-0.0,181.8198,1.6345,stand_2,220.4741,0.0,-0.0,0.0,-0.0,Sidewalk
659.5,116.1824,3.1023,-2.0944,0.0,0.06981,181.8198,1.6345,stand_2,220.4825,0.0,0.06981,0.0,0.06981,Sidewalk
660.0,116.1824,3.1023,-2.0944,0.0,-0.0,181.8198,1.6345,stand_2,220.4741,0.0,-0.0,0.0,-0.0,Sidewalk
660.5,116.1824,3.1023,-2.05949,0.0,0.06981,181.8198,1.6345,stand_2,220.4825,0.0,0.06981,0.0,0.06981,Sidewalk
661.0,116.1824,3.1023,-2.05949,0.0,-0.0,181.8198,1.6345,stand_2,220.4741,0.0,-0.0,0.0,-0.0,Sidewalk
661.5,116.1824,3.1023,-2.02458,0.0,0.06981,181.8198,1.6345,stand_2,220.4825,0.0,0.06981,0.0,0.06981,Sidewalk
662.0,116.1824,3.1023,-2.02458,0.0,-0.0,181.8198,1.6345,stand_2,220.4741,0.0,-0.0,0.0,-0.0,Sidewalk
662.5,116.1824,3.1023,-1.98968,0.0,0.06981,181.8198,1.6345,stand_2,220.4825,0.0,0.06981,0.0,0.06981,Sidewalk
663.0,116.1824,3.1023,-1.98968,0.0,-0.0,181.8198,1.6345,stand_2,220.4741,0.0,-0.0,0.0,-0.0,Sidewalk
663.5,116.1824,3.1023,-1.95477,0.0,0.06981,181.8198,1.6345,stand_2,220.4825,0.0,0.06981,0.0,0.06981,Sidewalk
664.0,116.1824,3.1023,-1.95477,0.0,-0.0,181.8198,1.6345,stand_2,220.4741,0.0,-0.0,0.0,-0.0,Sidewalk
664.5,116.1824,3.1023,-1.91986,0.0,0.06981,181.8198,1.6345,stand_2,220.4825,0.0,0.06981,0.0,0.06981,Sidewalk
665.0,116.1824,3.1023,-1.91986,0.0,-0.0,181.8198,1.6345,stand_2,220.4741,0.0,-0.0,0.0,-0.0,Sidewalk
665.5,116.1824,3.1023,-1.88496,0.0,0.06981,181.8198,1.6345,stand_2,220.4825,0.0,0.06981,0.0,0.06981,Sidewalk
666.0,116.1824,3.1023,-1.88496,0.0,-0.0,181.8198,1.6345,stand_2,220.4741,0.0,-0.0,0.0,-0.0,Sidewalk
666.5,116.1824,3.1023,-1.85005,0.0,0.06981,181.8198,1.6345,stand_2,220.4825,0.0,0.06981,0.0,0.06981,Sidewalk
667.0,116.1824,3.1023,-1.85005,0.0,-0.0,181.8198,1.6345,stand_2,220.4741,0.0,-0.0,0.0,-0.0,Sidewalk
667.5,116.1824,3.1023,-1.81514,0.0,0.06981,181.8198,1.6345,stand_2,220.4825,0.0,0.06981,0.0,0.06981,Sidewalk
668.0,116.1824,3.1023,-1.81514,0.0,-0.0,181.8198,1.6345,stand_2,220.4741,0.0,-0.0,0.0,-0.0,Sidewalk
668.5,116.1824,3.1023,-1.78024,0.0,0.06981,181.8198,1.6345,stand_2,220.4825,0.0,0.06981,0.0,0.06981,Sidewalk
669.0,116.1824,3.1023,-1.78024,0.0,-0.0,181.8198,1.6345,stand_2,220.4741,0.0,-0.0,0.0,-0.0,Sidewalk
669.5,116.1824,3.1023,-1.74533,0.0,0.06981,181.8198,1.6345,stand_2,220.4825,0.0,0.06981,0.0,0.06981,Sidewalk
670.0,116.1824,3.1023,-1.74533,0.0,-0.0,181.8198,1.6345,stand_2,220.4741,0.0,-0.0,0.0,-0.0,Sidewalk
670.5,116.1824,3.1023,-1.71042,0.0,0.06981,181.8198,1.6345,stand_2,220.4825,0.0,0.06981,0.0,0.06981,Sidewalk
671.0,116.1824,3.1023,-1.71042,0.0,-0.0,181.8198,1.6345,stand_2,220.4741,0.0,-0.0,0.0,-0.0,Sidewalk
671.5,116.1824,3.1023,-1.67552,0.0,0.06981,181.8198,1.6345,stand_2,220.4825,0.0,0.06981,0.0,0.06981,Sidewalk
672.0,116.1824,3.1023,-1.67552,0.0,-0.0,181.8198,1.6345,stand_2,220.4741,0.0,-0.0,0.0,-0.0,Sidewalk
672.5,116.1824,3.1023,-1.64061,0.0,0.06981,181.8198,1.6345,stand_2,220.4825,0.0,0.06981,0.0,0.06981,Sidewalk
673.0,116.1824,3.1023,-1.64061,0.0,-0.0,181.8198,1.6345,stand_2,220.4741,0.0,-0.0,0.0,-0.0,Sidewalk
673.5,116.1824,3.1023,-1.6057,0.0,0.06981,181.8198,1.6345,stand_2,220.4825,0.0,0.06981,0.0,0.06981,Sidewalk
674.0,116.1824,3.1023,-1.6057,0.0,-0.0,181.8198,1.6345,stand_2,220.4742,0.0,-0.0,0.0,-0.0,Sidewalk
674.5,116.1824,3.1023,-1.5708,0.0,0.06981,181.8198,1.6345,stand_2,220.4825,0.0,0.06981,0.0,0.06981,Sidewalk
675.0,116.1824,3.1023,-1.5708,0.0,-0.0,181.8198,1.6345,stand_2,220.4742,0.0,-0.0,0.0,-0.0,Sidewalk
675.5,116.1824,3.1023,-1.53589,0.0,0.06981,181.8198,1.6345,stand_2,220.4825,0.0,0.06981,0.0,0.06981,Sidewalk
676.0,116.1824,3.1023,-1.53589,0.0,-0.0,181.8198,1.6345,stand_2,220.4742,0.0,-0.0,0.0,-0.0,Sidewalk
676.5,116.1824,3.1023,-1.50098,0.0,0.06981,181.8198,1.6345,stand_2,220.4825,0.0,0.06981,0.0,0.06981,Sidewalk
677.0,116.1824,3.1023,-1.50098,0.0,-0.0,181.8198,1.6345,stand_2,220.4742,0.0,-0.0,0.0,-0.0,Sidewalk
677.5,116.1824,3.1023,-1.46608,0.0,0.06981,181.8198,1.6345,stand_2,220.4825,0.0,0.06981,0.0,0.06981,Sidewalk
678.0,116.1824,3.1023,-1.46608,0.0,-0.0,181.8198,1.6345,stand_2,220.4742,0.0,-0.0,0.0,-0.0,Sidewalk
678.5,116.1824,3.1023,-1.43117,0.0,0.06981,181.8198,1.6345,stand_2,220.4826,0.0,0.06981,0.0,0.06981,Sidewalk
679.0,116.1824,3.1023,-1.43117,0.0,-0.0,181.8198,1.6345,stand_2,220.4742,0.0,-0.0,0.0,-0.0,Sidewalk
679.5,116.1824,3.1023,-1.39626,0.0,0.06981,181.8198,1.6345,stand_2,220.4826,0.0,0.06981,0.0,0.06981,Sidewalk
680.0,116.1824,3.1023,-1.39626,0.0,-0.0,181.8198,1.6345,stand_2,220.4742,0.0,-0.0,0.0,-0.0,Sidewalk
680.5,116.1824,3.1023,-1.36136,0.0,0.06981,181.8198,1.6345,stand_2,220.4826,0.0,0.06981,0.0,0.06981,Sidewalk
681.0,116.1824,3.1023,-1.36136,0.0,-0.0,181.8198,1.6345,stand_2,220.4742,0.0,-0.0,0.0,-0.0,Sidewalk
681.5,116.1824,3.1023,-1.32645,0.0,0.06981,181.8198,1.6345,stand_2,220.4826,0.0,0.06981,0.0,0.06981,Sidewalk
682.0,116.1824,3.1023,-1.32645,0.0,-0.0,181.8198,1.6345,stand_2,220.4742,0.0,-0.0,0.0,-0.0,Sidewalk
682.5,116.1824,3.1023,-1.29154,0.0,0.06981,181.8198,1.6345,stand_2,220.4826,0.0,0.06981,0.0,0.06981,Sidewalk
683.0,116.1824,3.1023,-1.29154,0.0,-0.0,181.8198,1.6345,stand_2,220.4742,0.0,-0.0,0.0,-0.0,Sidewalk
683.5,116.1824,3.1023,-1.25664,0.0,0.06981,181.8198,1.6345,stand_2,220.4826,0.0,0.06981,0.0,0.06981,Sidewalk
684.0,116.1824,3.1023,-1.25664,0.0,-0.0,181.8198,1.6345,stand_2,220.4742,0.0,-0.0,0.0,-0.0,Sidewalk
684.5,116.1824,3.1023,-1.22173,0.0,0.06981,181.8198,1.6345,stand_2,220.4826,0.0,0.06981,0.0,0.06981,Sidewalk
685.0,116.1824,3.1023,-1.22173,0.0,-0.0,181.8198,1.6345,stand_2,220.4742,0.0,-0.0,0.0,-0.0,Sidewalk
685.5,116.1824,3.1023,-1.18682,0.0,0.06981,181.8198,1.6345,stand_2,220.4826,0.0,0.06981,0.0,0.06981,Sidewalk
686.0,116.1824,3.1023,-1.18682,0.0,-0.0,181.8198,1.6345,stand_2,220.4742,0.0,-0.0,0.0,-0.0,Sidewalk
686.5,116.1824,3.1023,-1.15192,0.0,0.06981,181.8198,1.6345,stand_2,220.4826,0.0,0.06981,0.0,0.06981,Sidewalk
687.0,116.1824,3.1023,-1.15192,0.0,-0.0,181.8198,1.6345,stand_2,220.4742,0.0,-0.0,0.0,-0.0,Sidewalk
687.5,116.1824,3.1023,-1.11701,0.0,0.06981,181.8198,1.6345,stand_2,220.4826,0.0,0.06981,0.0,0.06981,Sidewalk
688.0,116.1824,3.1023,-1.11701,0.0,-0.0,181.8198,1.6345,stand_2,220.4742,0.0,-0.0,0.0,-0.0,Sidewalk
688.5,116.1824,3.1023,-1.0821,0.0,0.06981,181.8198,1.6345,stand_2,220.4826,0.0,0.06981,0.0,0.06981,Sidewalk
689.0,116.1824,3.1023,-1.0821,0.0,-0.0,181.8198,1.6345,stand_2,220.4742,0.0,-0.0,0.0,-0.0,Sidewalk
689.5,116.1824,3.1023,-1.0472,0.0,0.06981,181.8198,1.6344,stand_2,220.4826,0.0,0.06981,0.0,0.06981,Sidewalk
690.0,116.1824,3.1023,-1.0472,0.0,-0.0,181.8198,1.6344,stand_2,220.4742,0.0,-0.0,0.0,-0.0,Sidewalk
690.5,116.1824,3.1023,-1.01229,0.0,0.06981,181.8198,1.6344,stand_2,220.4826,0.0,0.06981,0.0,0.06981,Sidewalk
691.0,116.1824,3.1023,-1.01229,0.0,-0.0,181.8198,1.6344,stand_2,220.4742,0.0,-0.0,0.0,-0.0,Sidewalk
691.5,116.1824,3.1023,-0.97738,0.0,0.06981,181.8198,1.6344,stand_2,220.4826,0.0,0.06981,0.0,0.06981,Sidewalk
692.0,116.1824,3.1023,-0.97738,0.0,-0.0,181.8198,1.6344,stand_2,220.4742,0.0,-0.0,0.0,-0.0,Sidewalk
692.5,116.1824,3.1023,-0.94248,0.0,0.06981,181.8198,1.6344,stand_2,220.4826,0.0,0.06981,0.0,0.06981,Sidewalk
693.0,116.1824,3.1023,-0.94248,0.0,-0.0,181.8198,1.6344,stand_2,220.4742,0.0,-0.0,0.0,-0.0,Sidewalk
693.5,116.1824,3.1023,-0.90757,0.0,0.06981,181.8198,1.6344,stand_2,220.4826,0.0,0.06981,0.0,0.06981,Sidewalk
694.0,116.1824,3.1023,-0.90757,0.0,-0.0,181.8198,1.6344,stand_2,220.4742,0.0,-0.0,0.0,-0.0,Sidewalk
694.5,116.1824,3.1023,-0.87266,0.0,0.06981,181.8198,1.6344,stand_2,220.4826,0.0,0.06981,0.0,0.06981,Sidewalk
695.0,116.1824,3.1023,-0.87266,0.0,-0.0,181.8198,1.6344,stand_2,220.4742,0.0,-0.0,0.0,-0.0,Sidewalk
695.5,116.1824,3.1023,-0.83776,0.0,0.06981,181.8198,1.6344,stand_2,220.4826,0.0,0.06981,0.0,0.06981,Sidewalk
696.0,116.1824,3.1023,-0.83776,0.0,-0.0,181.8198,1.6344,stand_2,220.4742,0.0,-0.0,0.0,-0.0,Sidewalk
696.5,116.1824,3.1023,-0.80285,0.0,0.06981,181.8198,1.6344,stand_2,220.4826,0.0,0.06981,0.0,0.06981,Sidewalk
697.0,116.1824,3.1023,-0.80285,0.0,-0.0,181.8198,1.6344,stand_2,220.4742,0.0,-0.0,0.0,-0.0,Sidewalk
697.5,116.1824,3.1023,-0.76794,0.0,0.06981,181.8198,1.6344,stand_2,220.4826,0.0,0.06981,0.0,0.06981,Sidewalk
698.0,116.1824,3.1023,-0.76794,0.0,-0.0,181.8198,1.6344,stand_2,220.4742,0.0,-0.0,0.0,-0.0,Sidewalk
698.5,116.1824,3.1023,-0.73304,0.0,0.06981,181.8198,1.6344,stand_2,220.4826,0.0,0.06981,0.0,0.06981,Sidewalk
699.0,116.1824,3.1023,-0.73304,0.0,-0.0,181.8198,1.6344,stand_2,220.4743,0.0,-0.0,0.0,-0.0,Sidewalk
699.5,116.1824,3.1023,-0.69813,0.0,0.06981,181.8198,1.6344,stand_2,220.4826,0.0,0.06981,0.0,0.06981,Sidewalk
700.0,116.1824,3.1023,-0.69813,0.0,-0.0,181.8198,1.6344,stand_2,220.4743,0.0,-0.0,0.0,-0.0,Sidewalk
700.5,116.1824,3.1023,-0.66323,0.0,0.06981,181.8198,1.6344,stand_2,220.4826,0.0,0.06981,0.0,0.06981,Sidewalk
701.0,116.1824,3.1023,-0.66323,0.0,-0.0,181.8198,1.6344,stand_2,220.4743,0.0,-0.0,0.0,-0.0,Sidewalk
701.5,116.1824,3.1023,-0.62832,0.0,0.06981,181.8198,1.6344,stand_2,220.4826,0.0,0.06981,0.0,0.06981,Sidewalk
702.0,116.1824,3.1023,-0.62832,0.0,-0.0,181.8198,1.6344,stand_2,220.4743,0.0,-0.0,0.0,-0.0,Sidewalk
702.5,116.1824,3.1023,-0.59341,0.0,0.06981,181.8198,1.6344,stand_2,220.4826,0.0,0.06981,0.0,0.06981,Sidewalk
703.0,116.1824,3.1023,-0.59341,0.0,-0.0,181.8198,1.6344,stand_2,220.4743,0.0,-0.0,0.0,-0.0,Sidewalk
703.5,116.1824,3.1023,-0.55851,0.0,0.06981,181.8198,1.6344,stand_2,220.4826,0.0,0.06981,0.0,0.06981,Sidewalk
704.0,116.1824,3.1023,-0.55851,0.0,-0.0,181.8198,1.6344,stand_2,220.4743,0.0,-0.0,0.0,-0.0,Sidewalk
704.5,116.1824,3.1023,-0.5236,0.0,0.06981,181.8198,1.6344,stand_2,220.4826,0.0,0.06981,0.0,0.06981,Sidewalk
705.0,116.1824,3.1023,-0.5236,0.0,-0.0,181.8198,1.6344,stand_2,220.4743,0.0,-0.0,0.0,-0.0,Sidewalk
705.5,116.1824,3.1023,-0.48869,0.0,0.06981,181.8198,1.6344,stand_2,220.4827,0.0,0.06981,0.0,0.06981,Sidewalk
706.0,116.1824,3.1023,-0.48869,0.0,-0.0,181.8198,1.6344,stand_2,220.4743,0.0,-0.0,0.0,-0.0,Sidewalk
706.5,116.1824,3.1023,-0.45379,0.0,0.06981,181.8198,1.6344,stand_2,220.4827,0.0,0.06981,0.0,0.06981,Sidewalk
707.0,116.1824,3.1023,-0.45379,0.0,-0.0,181.8198,1.6344,stand_2,220.4743,0.0,-0.0,0.0,-0.0,Sidewalk
707.5,116.1824,3.1023,-0.41888,0.0,0.06981,181.8198,1.6344,stand_2,220.4827,0.0,0.06981,0.0,0.06981,Sidewalk
708.0,116.1824,3.1023,-0.41888,0.0,-0.0,181.8198,1.6344,stand_2,220.4743,0.0,-0.0,0.0,-0.0,Sidewalk
708.5,116.1824,3.1023,-0.38397,0.0,0.06981,181.8198,1.6344,stand_2,220.4827,0.0,0.06981,0.0,0.06981,Sidewalk
709.0,116.1824,3.1023,-0.38397,0.0,-0.0,181.8198,1.6344,stand_2,220.4743,0.0,-0.0,0.0,-0.0,Sidewalk
709.5,116.1824,3.1023,-0.34907,0.0,0.06981,181.8198,1.6344,stand_2,220.4827,0.0,0.06981,0.0,0.06981,Sidewalk
710.0,116.1824,3.1023,-0.34907,0.0,-0.0,181.8198,1.6344,stand_2,220.4743,0.0,-0.0,0.0,-0.0,Sidewalk
710.5,116.1824,3.1023,-0.31416,0.0,0.06981,181.8198,1.6344,stand_2,220.4827,0.0,0.06981,0.0,0.06981,Sidewalk
711.0,116.1824,3.1023,-0.31416,0.0,-0.0,181.8198,1.6344,stand_2,220.4743,0.0,-0.0,0.0,-0.0,Sidewalk
711.5,116.1824,3.1023,-0.27925,0.0,0.06981,181.8198,1.6344,stand_2,220.4827,0.0,0.06981,0.0,0.06981,Sidewalk
712.0,116.1824,3.1023,-0.27925,0.0,-0.0,181.8198,1.6344,stand_2,220.4743,0.0,-0.0,0.0,-0.0,Sidewalk
712.5,116.1824,3.1023,-0.24435,0.0,0.06981,181.8198,1.6344,stand_2,220.4827,0.0,0.06981,0.0,0.06981,Sidewalk
713.0,116.1824,3.1023,-0.24435,0.0,-0.0,181.8198,1.6344,stand_2,220.4743,0.0,-0.0,0.0,-0.0,Sidewalk
713.5,116.1824,3.1023,-0.20944,0.0,0.06981,181.8198,1.6344,stand_2,220.4827,0.0,0.06981,0.0,0.06981,Sidewalk
714.0,116.1824,3.1023,-0.20944,0.0,-0.0,181.8198,1.6344,stand_2,220.4743,0.0,-0.0,0.0,-0.0,Sidewalk
714.5,116.1824,3.1023,-0.17453,0.0,0.06981,181.8198,1.6344,stand_2,220.4827,0.0,0.06981,0.0,0.06981,Sidewalk
715.0,116.1824,3.1023,-0.17453,0.0,-0.0,181.8198,1.6344,stand_2,220.4743,0.0,-0.0,0.0,-0.0,Sidewalk
715.5,116.1824,3.1023,-0.13963,0.0,0.06981,181.8198,1.6344,stand_2,220.4827,0.0,0.06981,0.0,0.06981,Sidewalk
716.0,116.1824,3.1023,-0.13963,0.0,-0.0,181.8198,1.6344,stand_2,220.4743,0.0,-0.0,0.0,-0.0,Sidewalk
716.5,116.1824,3.1023,-0.10472,0.0,0.06981,181.8198,1.6344,stand_2,220.4827,0.0,0.06981,0.0,0.06981,Sidewalk
717.0,116.1824,3.1023,-0.10472,0.0,-0.0,181.8198,1.6344,stand_2,220.4743,0.0,-0.0,0.0,-0.0,Sidewalk
717.5,116.1824,3.1023,-0.06981,0.0,0.06981,181.8198,1.6344,stand_2,220.4827,0.0,0.06981,0.0,0.06981,Sidewalk
718.0,116.1824,3.1023,-0.06981,0.0,-0.0,181.8198,1.6344,stand_2,220.4743,0.0,-0.0,0.0,-0.0,Sidewalk
718.5,116.1824,3.1023,-0.03491,0.0,0.06981,181.8198,1.6344,stand_2,220.4827,0.0,0.06981,0.0,0.06981,Sidewalk
719.0,116.1824,3.1023,-0.03491,0.0,-0.0,181.8198,1.6344,stand_2,220.4743,0.0,-0.0,0.0,-0.0,Sidewalk
719.5,116.1824,3.1023,-0.0,0.0,0.06981,181.8198,1.6344,stand_2,220.4827,0.0,0.06981,0.0,0.06981,Sidewalk
720.0,116.1824,3.1023,-0.0,0.0,-0.0,181.8198,1.6344,stand_2,220.4743,0.0,-0.0,0.0,-0.0,Sidewalk
720.5,116.1824,3.1023,0.03491,0.0,0.06981,181.8198,1.6344,stand_2,220.4827,0.0,0.06981,0.0,0.06981,Sidewalk
721.0,116.1824,3.1023,0.03491,0.0,-0.0,181.8198,1.6344,stand_2,220.4743,0.0,-0.0,0.0,-0.0,Sidewalk
721.5,116.1824,3.1023,0.06981,0.0,0.06981,181.8198,1.6344,stand_2,220.4827,0.0,0.06981,0.0,0.06981,Sidewalk
722.0,116.1824,3.1023,0.06981,0.0,-0.0,181.8198,1.6344,stand_2,220.4743,0.0,-0.0,0.0,-0.0,Sidewalk
722.5,116.1824,3.1023,0.10472,0.0,0.06981,181.8198,1.6344,stand_2,220.4827,0.0,0.06981,0.0,0.06981,Sidewalk
723.0,116.1824,3.1023,0.10472,0.0,-0.0,181.8198,1.6344,stand_2,220.4743,0.0,-0.0,0.0,-0.0,Sidewalk
723.5,116.1824,3.1023,0.13963,0.0,0.06981,181.8198,1.6344,stand_2,220.4827,0.0,0.06981,0.0,0.06981,Sidewalk
724.0,116.1824,3.1023,0.13963,0.0,-0.0,181.8198,1.6344,stand_2,220.4743,0.0,-0.0,0.0,-0.0,Sidewalk
724.5,116.1824,3.1023,0.17453,0.0,0.06981,181.8198,1.6344,stand_2,220.4827,0.0,0.06981,0.0,0.06981,Sidewalk
725.0,116.1824,3.1023,0.17453,0.0,-0.0,181.8198,1.6344,stand_2,220.4744,0.0,-0.0,0.0,-0.0,Sidewalk
725.5,116.1824,3.1023,0.20944,0.0,0.06981,181.8198,1.6344,stand_2,220.4827,0.0,0.06981,0.0,0.06981,Sidewalk
726.0,116.1824,3.1023,0.20944,0.0,-0.0,181.8198,1.6344,stand_2,220.4744,0.0,-0.0,0.0,-0.0,Sidewalk
726.5,116.1824,3.1023,0.24435,0.0,0.06981,181.8198,1.6344,stand_2,220.4827,0.0,0.06981,0.0,0.06981,Sidewalk
727.0,116.1824,3.1023,0.24435,0.0,-0.0,181.8198,1.6344,stand_2,220.4744,0.0,-0.0,0.0,-0.0,Sidewalk
727.5,116.1824,3.1023,0.27925,0.0,0.06981,181.8198,1.6344,stand_2,220.4827,0.0,0.06981,0.0,0.06981,Sidewalk
728.0,116.1824,3.1023,0.27925,0.0,-0.0,181.8198,1.6344,stand_2,220.4744,0.0,-0.0,0.0,-0.0,Sidewalk
728.5,116.1824,3.1023,0.31416,0.0,0.06981,181.8198,1.6344,stand_2,220.4827,0.0,0.06981,0.0,0.06981,Sidewalk
729.0,116.1824,3.1023,0.31416,0.0,-0.0,181.8198,1.6344,stand_2,220.4744,0.0,-0.0,0.0,-0.0,Sidewalk
729.5,116.1824,3.1023,0.34907,0.0,0.06981,181.8198,1.6344,stand_2,220.4827,0.0,0.06981,0.0,0.06981,Sidewalk
730.0,116.1824,3.1023,0.34907,0.0,-0.0,181.8198,1.6344,stand_2,220.4744,0.0,-0.0,0.0,-0.0,Sidewalk
730.5,116.1824,3.1023,0.38397,0.0,0.06981,181.8198,1.6344,stand_2,220.4828,0.0,0.06981,0.0,0.06981,Sidewalk
731.0,116.1824,3.1023,0.38397,0.0,-0.0,181.8198,1.6343,stand_2,220.4744,0.0,-0.0,0.0,-0.0,Sidewalk
731.5,116.1824,3.1023,0.41888,0.0,0.06981,181.8198,1.6343,stand_2,220.4828,0.0,0.06981,0.0,0.06981,Sidewalk
732.0,116.1824,3.1023,0.41888,0.0,-0.0,181.8198,1.6343,stand_2,220.4744,0.0,-0.0,0.0,-0.0,Sidewalk
732.5,116.1824,3.1023,0.45379,0.0,0.06981,181.8198,1.6343,stand_2,220.4828,0.0,0.06981,0.0,0.06981,Sidewalk
733.0,116.1824,3.1023,0.45379,0.0,-0.0,181.8198,1.6343,stand_2,220.4744,0.0,-0.0,0.0,-0.0,Sidewalk
733.5,116.1824,3.1023,0.48869,0.0,0.06981,181.8198,1.6343,stand_2,220.4828,0.0,0.06981,0.0,0.06981,Sidewalk
734.0,116.1824,3.1023,0.48869,0.0,-0.0,181.8198,1.6343,stand_2,220.4744,0.0,-0.0,0.0,-0.0,Sidewalk
734.5,116.1824,3.1023,0.5236,0.0,0.06981,181.8198,1.6343,stand_2,220.4828,0.0,0.06981,0.0,0.06981,Sidewalk
735.0,116.1824,3.1023,0.5236,0.0,-0.0,181.8198,1.6343,stand_2,220.4744,0.0,-0.0,0.0,-0.0,Sidewalk
735.5,116.1824,3.1023,0.55851,0.0,0.06981,181.8198,1.6343,stand_2,220.4828,0.0,0.06981,0.0,0.06981,Sidewalk
736.0,116.1824,3.1023,0.55851,0.0,-0.0,181.8198,1.6343,stand_2,220.4744,0.0,-0.0,0.0,-0.0,Sidewalk
736.5,116.1824,3.1023,0.59341,0.0,0.06981,181.8198,1.6343,stand_2,220.4828,0.0,0.06981,0.0,0.06981,Sidewalk
737.0,116.1824,3.1023,0.59341,0.0,-0.0,181.8198,1.6343,stand_2,220.4744,0.0,-0.0,0.0,-0.0,Sidewalk
737.5,116.1824,3.1023,0.62832,0.0,0.06981,181.8198,1.6343,stand_2,220.4828,0.0,0.06981,0.0,0.06981,Sidewalk
738.0,116.1824,3.1023,0.62832,0.0,-0.0,181.8198,1.6343,stand_2,220.4744,0.0,-0.0,0.0,-0.0,Sidewalk
738.5,116.1824,3.1023,0.66323,0.0,0.06981,181.8198,1.6343,stand_2,220.4828,0.0,0.06981,0.0,0.06981,Sidewalk
739.0,116.1824,3.1023,0.66323,0.0,-0.0,181.8198,1.6343,stand_2,220.4744,0.0,-0.0,0.0,-0.0,Sidewalk
739.5,116.1824,3.1023,0.69813,0.0,0.06981,181.8198,1.6343,stand_2,220.4828,0.0,0.06981,0.0,0.06981,Sidewalk
740.0,116.1824,3.1023,0.69813,0.0,-0.0,181.8198,1.6343,stand_2,220.4744,0.0,-0.0,0.0,-0.0,Sidewalk
740.5,116.1824,3.1023,0.73304,0.0,0.06981,181.8198,1.6343,stand_2,220.4828,0.0,0.06981,0.0,0.06981,Sidewalk
741.0,116.1824,3.1023,0.73304,0.0,-0.0,181.8198,1.6343,stand_2,220.4744,0.0,-0.0,0.0,-0.0,Sidewalk
741.5,116.1824,3.1023,0.76794,0.0,0.06981,181.8198,1.6343,stand_2,220.4828,0.0,0.06981,0.0,0.06981,Sidewalk
742.0,116.1824,3.1023,0.76794,0.0,-0.0,181.8198,1.6343,stand_2,220.4744,0.0,-0.0,0.0,-0.0,Sidewalk
742.5,116.1824,3.1023,0.80285,0.0,0.06981,181.8198,1.6343,stand_2,220.4828,0.0,0.06981,0.0,0.06981,Sidewalk
743.0,116.1824,3.1023,0.80285,0.0,-0.0,181.8198,1.6343,stand_2,220.4744,0.0,-0.0,0.0,-0.0,Sidewalk
743.5,116.1824,3.1023,0.83776,0.0,0.06981,181.8198,1.6343,stand_2,220.4828,0.0,0.06981,0.0,0.06981,Sidewalk
744.0,116.1824,3.1023,0.83776,0.0,-0.0,181.8198,1.6343,stand_2,220.4744,0.0,-0.0,0.0,-0.0,Sidewalk
744.5,116.1824,3.1023,0.87266,0.0,0.06981,181.8198,1.6343,stand_2,220.4828,0.0,0.06981,0.0,0.06981,Sidewalk
745.0,116.1824,3.1023,0.87266,0.0,-0.0,181.8198,1.6343,stand_2,220.4744,0.0,-0.0,0.0,-0.0,Sidewalk
745.5,116.1824,3.1023,0.90757,0.0,0.06981,181.8198,1.6343,stand_2,220.4828,0.0,0.06981,0.0,0.06981,Sidewalk
746.0,116.1824,3.1023,0.90757,0.0,-0.0,181.8198,1.6343,stand_2,220.4744,0.0,-0.0,0.0,-0.0,Sidewalk
746.5,116.1824,3.1023,0.94248,0.0,0.06981,181.8198,1.6343,stand_2,220.4828,0.0,0.06981,0.0,0.06981,Sidewalk
747.0,116.1824,3.1023,0.94248,0.0,-0.0,181.8198,1.6343,stand_2,220.4744,0.0,-0.0,0.0,-0.0,Sidewalk
747.5,116.1824,3.1023,0.97738,0.0,0.06981,181.8198,1.6343,stand_2,220.4828,0.0,0.06981,0.0,0.06981,Sidewalk
748.0,116.1824,3.1023,0.97738,0.0,-0.0,181.8198,1.6343,stand_2,220.4744,0.0,-0.0,0.0,-0.0,Sidewalk
748.5,116.1824,3.1023,1.01229,0.0,0.06981,181.8198,1.6343,stand_2,220.4828,0.0,0.06981,0.0,0.06981,Sidewalk
749.0,116.1824,3.1023,1.01229,0.0,-0.0,181.8198,1.6343,stand_2,220.4745,0.0,-0.0,0.0,-0.0,Sidewalk
749.5,116.1824,3.1023,1.0472,0.0,0.06981,181.8198,1.6343,stand_2,220.4828,0.0,0.06981,0.0,0.06981,Sidewalk
750.0,116.1824,3.1023,1.0472,0.0,-0.0,181.8198,1.6343,stand_2,220.4745,0.0,-0.0,0.0,-0.0,Sidewalk
750.5,116.1824,3.1023,1.0821,0.0,0.06981,181.8198,1.6343,stand_2,220.4828,0.0,0.06981,0.0,0.06981,Sidewalk
751.0,116.1824,3.1023,1.0821,0.0,-0.0,181.8198,1.6343,stand_2,220.4745,0.0,-0.0,0.0,-0.0,Sidewalk
751.5,116.1824,3.1023,1.11701,0.0,0.06981,181.8198,1.6343,stand_2,220.4828,0.0,0.06981,0.0,0.06981,Sidewalk
752.0,116.1824,3.1023,1.11701,0.0,-0.0,181.8198,1.6343,stand_2,220.4745,0.0,-0.0,0.0,-0.0,Sidewalk
752.5,116.1824,3.1023,1.15192,0.0,0.06981,181.8198,1.6343,stand_2,220.4828,0.0,0.06981,0.0,0.06981,Sidewalk
753.0,116.1824,3.1023,1.15192,0.0,-0.0,181.8198,1.6343,stand_2,220.4745,0.0,-0.0,0.0,-0.0,Sidewalk
753.5,116.1824,3.1023,1.18682,0.0,0.06981,181.8198,1.6343,stand_2,220.4828,0.0,0.06981,0.0,0.06981,Sidewalk
754.0,116.1824,3.1023,1.18682,0.0,-0.0,181.8198,1.6343,stand_2,220.4745,0.0,-0.0,0.0,-0.0,Sidewalk
754.5,116.1824,3.1023,1.22173,0.0,0.06981,181.8198,1.6343,stand_2,220.4828,0.0,0.06981,0.0,0.06981,Sidewalk
755.0,116.1824,3.1023,1.22173,0.0,-0.0,181.8198,1.6343,stand_2,220.4745,0.0,-0.0,0.0,-0.0,Sidewalk
755.5,116.1824,3.1023,1.25664,0.0,0.06981,181.8198,1.6343,stand_2,220.4829,0.0,0.06981,0.0,0.06981,Sidewalk
756.0,116.1824,3.1023,1.25664,0.0,-0.0,181.8198,1.6343,stand_2,220.4745,0.0,-0.0,0.0,-0.0,Sidewalk
756.5,116.1824,3.1023,1.29154,0.0,0.06981,181.8198,1.6343,stand_2,220.4829,0.0,0.06981,0.0,0.06981,Sidewalk
757.0,116.1824,3.1023,1.29154,0.0,-0.0,181.8198,1.6343,stand_2,220.4745,0.0,-0.0,0.0,-0.0,Sidewalk
757.5,116.1824,3.1023,1.32645,0.0,0.06981,181.8198,1.6343,stand_2,220.4829,0.0,0.06981,0.0,0.06981,Sidewalk
758.0,116.1824,3.1023,1.32645,0.0,-0.0,181.8198,1.6343,stand_2,220.4745,0.0,-0.0,0.0,-0.0,Sidewalk
758.5,116.1824,3.1023,1.36136,0.0,0.06981,181.8198,1.6343,stand_2,220.4829,0.0,0.06981,0.0,0.06981,Sidewalk
759.0,116.1824,3.1023,1.36136,0.0,-0.0,181.8198,1.6343,stand_2,220.4745,0.0,-0.0,0.0,-0.0,Sidewalk
759.5,116.1824,3.1023,1.39626,0.0,0.06981,181.8198,1.6343,stand_2,220.4829,0.0,0.06981,0.0,0.06981,Sidewalk
760.0,116.1824,3.1023,1.39626,0.0,-0.0,181.8198,1.6343,stand_2,220.4745,0.0,-0.0,0.0,-0.0,Sidewalk
760.5,116.1824,3.1023,1.43117,0.0,0.06981,181.8198,1.6343,stand_2,220.4829,0.0,0.06981,0.0,0.06981,Sidewalk
761.0,116.1824,3.1023,1.43117,0.0,-0.0,181.8198,1.6343,stand_2,220.4745,0.0,-0.0,0.0,-0.0,Sidewalk
761.5,116.1824,3.1023,1.46608,0.0,0.06981,181.8198,1.6343,stand_2,220.4829,0.0,0.06981,0.0,0.06981,Sidewalk
762.0,116.1824,3.1023,1.46608,0.0,-0.0,181.8198,1.6343,stand_2,220.4745,0.0,-0.0,0.0,-0.0,Sidewalk
762.5,116.1824,3.1023,1.50098,0.0,0.06981,181.8198,1.6343,stand_2,220.4829,0.0,0.06981,0.0,0.06981,Sidewalk
763.0,116.1824,3.1023,1.50098,0.0,-0.0,181.8198,1.6343,stand_2,220.4745,0.0,-0.0,0.0,-0.0,Sidewalk
763.5,116.1824,3.1023,1.53589,0.0,0.06981,181.8198,1.6343,stand_2,220.4829,0.0,0.06981,0.0,0.06981,Sidewalk
764.0,116.1824,3.1023,1.53589,0.0,-0.0,181.8198,1.6343,stand_2,220.4745,0.0,-0.0,0.0,-0.0,Sidewalk
764.5,116.1824,3.1023,1.5708,0.0,0.06981,181.8198,1.6343,stand_2,220.4829,0.0,0.06981,0.0,0.06981,Sidewalk
765.0,116.1824,3.1023,1.5708,0.0,-0.0,181.8198,1.6343,stand_2,220.4745,0.0,-0.0,0.0,-0.0,Sidewalk
765.5,116.1824,3.1023,1.6057,0.0,0.06981,181.8198,1.6343,stand_2,220.4829,0.0,0.06981,0.0,0.06981,Sidewalk
766.0,116.1824,3.1023,1.6057,0.0,-0.0,181.8198,1.6343,stand_2,220.4745,0.0,-0.0,0.0,-0.0,Sidewalk
766.5,116.1824,3.1023,1.64061,0.0,0.06981,181.8198,1.6343,stand_2,220.4829,0.0,0.06981,0.0,0.06981,Sidewalk
767.0,116.1824,3.1023,1.64061,0.0,-0.0,181.8198,1.6343,stand_2,220.4745,0.0,-0.0,0.0,-0.0,Sidewalk
767.5,116.1824,3.1023,1.67552,0.0,0.06981,181.8198,1.6343,stand_2,220.4829,0.0,0.06981,0.0,0.06981,Sidewalk
768.0,116.1824,3.1023,1.67552,0.0,-0.0,181.8198,1.6343,stand_2,220.4745,0.0,-0.0,0.0,-0.0,Sidewalk
768.5,116.1824,3.1023,1.71042,0.0,0.06981,181.8198,1.6343,stand_2,220.4829,0.0,0.06981,0.0,0.06981,Sidewalk
769.0,116.1824,3.1023,1.71042,0.0,-0.0,181.8198,1.6343,stand_2,220.4745,0.0,-0.0,0.0,-0.0,Sidewalk
769.5,116.1824,3.1023,1.74533,0.0,0.06981,181.8198,1.6343,stand_2,220.4829,0.0,0.06981,0.0,0.06981,Sidewalk
770.0,116.1824,3.1023,1.74533,0.0,-0.0,181.8198,1.6343,stand_2,220.4745,0.0,-0.0,0.0,-0.0,Sidewalk
770.5,116.1824,3.1023,1.78024,0.0,0.06981,181.8198,1.6343,stand_2,220.4829,0.0,0.06981,0.0,0.06981,Sidewalk
771.0,116.1824,3.1023,1.78024,0.0,-0.0,181.8198,1.6343,stand_2,220.4745,0.0,-0.0,0.0,-0.0,Sidewalk
771.5,116.1824,3.1023,1.81514,0.0,0.06981,181.8198,1.6343,stand_2,220.4829,0.0,0.06981,0.0,0.06981,Sidewalk
772.0,116.1824,3.1023,1.81514,0.0,-0.0,181.8198,1.6343,stand_2,220.4745,0.0,-0.0,0.0,-0.0,Sidewalk
772.5,116.1824,3.1023,1.85005,0.0,0.06981,181.8198,1.6342,stand_2,220.4829,0.0,0.06981,0.0,0.06981,Sidewalk
773.0,116.1824,3.1023,1.85005,0.0,-0.0,181.8198,1.6342,stand_2,220.4745,0.0,-0.0,0.0,-0.0,Sidewalk
773.5,116.1824,3.1023,1.88496,0.0,0.06981,181.8198,1.6342,stand_2,220.4829,0.0,0.06981,0.0,0.06981,Sidewalk
774.0,116.1824,3.1023,1.88496,0.0,-0.0,181.8198,1.6342,stand_2,220.4746,0.0,-0.0,0.0,-0.0,Sidewalk
774.5,116.1824,3.1023,1.91986,0.0,0.06981,181.8198,1.6342,stand_2,220.4829,0.0,0.06981,0.0,0.06981,Sidewalk
775.0,116.1824,3.1023,1.91986,0.0,-0.0,181.8198,1.6342,stand_2,220.4746,0.0,-0.0,0.0,-0.0,Sidewalk
775.5,116.1824,3.1023,1.95477,0.0,0.06981,181.8198,1.6342,stand_2,220.4829,0.0,0.06981,0.0,0.06981,Sidewalk
776.0,116.1824,3.1023,1.95477,0.0,-0.0,181.8198,1.6342,stand_2,220.4746,0.0,-0.0,0.0,-0.0,Sidewalk
776.5,116.1824,3.1023,1.98968,0.0,0.06981,181.8198,1.6342,stand_2,220.4829,0.0,0.06981,0.0,0.06981,Sidewalk
777.0,116.1824,3.1023,1.98968,0.0,-0.0,181.8198,1.6342,stand_2,220.4746,0.0,-0.0,0.0,-0.0,Sidewalk
777.5,116.1824,3.1023,2.02458,0.0,0.06981,181.8198,1.6342,stand_2,220.4829,0.0,0.06981,0.0,0.06981,Sidewalk
778.0,116.1824,3.1023,2.02458,0.0,-0.0,181.8198,1.6342,stand_2,220.4746,0.0,-0.0,0.0,-0.0,Sidewalk
778.5,116.1824,3.1023,2.05949,0.0,0.06981,181.8198,1.6342,stand_2,220.4829,0.0,0.06981,0.0,0.06981,Sidewalk
779.0,116.1824,3.1023,2.05949,0.0,-0.0,181.8198,1.6342,stand_2,220.4746,0.0,-0.0,0.0,-0.0,Sidewalk
779.5,116.1824,3.1023,2.0944,0.0,0.06981,181.8198,1.6342,stand_2,220.483,0.0,0.06981,0.0,0.06981,Sidewalk
780.0,116.1824,3.1023,2.0944,0.0,-0.0,181.8198,1.6342,stand_2,220.4746,0.0,-0.0,0.0,-0.0,Sidewalk
780.5,116.1824,3.1023,2.1293,0.0,0.06981,181.8198,1.6342,stand_2,220.483,0.0,0.06981,0.0,0.06981,Sidewalk
781.0,116.1824,3.1023,2.1293,0.0,-0.0,181.8198,1.6342,stand_2,220.4746,0.0,-0.0,0.0,-0.0,Sidewalk
781.5,116.1824,3.1023,2.16421,0.0,0.06981,181.8198,1.6342,stand_2,220.483,0.0,0.06981,0.0,0.06981,Sidewalk
782.0,116.1824,3.1023,2.16421,0.0,-0.0,181.8198,1.6342,stand_2,220.4746,0.0,-0.0,0.0,-0.0,Sidewalk
782.5,116.1824,3.1023,2.19911,0.0,0.06981,181.8198,1.6342,stand_2,220.483,0.0,0.06981,0.0,0.06981,Sidewalk
783.0,116.1824,3.1023,2.19911,0.0,-0.0,181.8198,1.6342,stand_2,220.4746,0.0,-0.0,0.0,-0.0,Sidewalk
783.5,116.1824,3.1023,2.23402,0.0,0.06981,181.8198,1.6342,stand_2,220.483,0.0,0.06981,0.0,0.06981,Sidewalk
784.0,116.1824,3.1023,2.23402,0.0,-0.0,181.8198,1.6342,stand_2,220.4746,0.0,-0.0,0.0,-0.0,Sidewalk
784.5,116.1824,3.1023,2.26893,0.0,0.06981,181.8198,1.6342,stand_2,220.483,0.0,0.06981,0.0,0.06981,Sidewalk
785.0,116.1824,3.1023,2.26893,0.0,-0.0,181.8198,1.6342,stand_2,220.4746,0.0,-0.0,0.0,-0.0,Sidewalk
785.5,116.1824,3.1023,2.30383,0.0,0.06981,181.8198,1.6342,stand_2,220.483,0.0,0.06981,0.0,0.06981,Sidewalk
786.0,116.1824,3.1023,2.30383,0.0,-0.0,181.8198,1.6342,stand_2,220.4746,0.0,-0.0,0.0,-0.0,Sidewalk
786.5,116.1824,3.1023,2.33874,0.0,0.06981,181.8198,1.6342,stand_2,220.483,0.0,0.06981,0.0,0.06981,Sidewalk
787.0,116.1824,3.1023,2.33874,0.0,-0.0,181.8198,1.6342,stand_2,220.4746,0.0,-0.0,0.0,-0.0,Sidewalk
787.5,116.1824,3.1023,2.37365,0.0,0.06981,181.8198,1.6342,stand_2,220.483,0.0,0.06981,0.0,0.06981,Sidewalk
788.0,116.1824,3.1023,2.37365,0.0,-0.0,181.8198,1.6342,stand_2,220.4746,0.0,-0.0,0.0,-0.0,Sidewalk
788.5,116.1824,3.1023,2.40855,0.0,0.06981,181.8198,1.6342,stand_2,220.483,0.0,0.06981,0.0,0.06981,Sidewalk
789.0,116.1824,3.1023,2.40855,0.0,-0.0,181.8198,1.6342,stand_2,220.4746,0.0,-0.0,0.0,-0.0,Sidewalk
789.5,116.1824,3.1023,2.44346,0.0,0.06981,181.8198,1.6342,stand_2,220.483,0.0,0.06981,0.0,0.06981,Sidewalk
790.0,116.1824,3.1023,2.44346,0.0,-0.0,181.8198,1.6342,stand_2,220.4746,0.0,-0.0,0.0,-0.0,Sidewalk
790.5,116.1824,3.1023,2.47837,0.0,0.06981,181.8198,1.6342,stand_2,220.483,0.0,0.06981,0.0,0.06981,Sidewalk
791.0,116.1824,3.1023,2.47837,0.0,-0.0,181.8198,1.6342,stand_2,220.4746,0.0,-0.0,0.0,-0.0,Sidewalk
791.5,116.1824,3.1023,2.51327,0.0,0.06981,181.8198,1.6342,stand_2,220.483,0.0,0.06981,0.0,0.06981,Sidewalk
792.0,116.1824,3.1023,2.51327,0.0,-0.0,181.8198,1.6342,stand_2,220.4746,0.0,-0.0,0.0,-0.0,Sidewalk
792.5,116.1824,3.1023,2.54818,0.0,0.06981,181.8198,1.6342,stand_2,220.483,0.0,0.06981,0.0,0.06981,Sidewalk
793.0,116.1824,3.1023,2.54818,0.0,-0.0,181.8198,1.6342,stand_2,220.4746,0.0,-0.0,0.0,-0.0,Sidewalk
793.5,116.1824,3.1023,2.58309,0.0,0.06981,181.8198,1.6342,stand_2,220.483,0.0,0.06981,0.0,0.06981,Sidewalk
794.0,116.1824,3.1023,2.58309,0.0,-0.0,181.8198,1.6342,stand_2,220.4746,0.0,-0.0,0.0,-0.0,Sidewalk
794.5,116.1824,3.1023,2.61799,0.0,0.06981,181.8198,1.6342,stand_2,220.483,0.0,0.06981,0.0,0.06981,Sidewalk
795.0,116.1824,3.1023,2.61799,0.0,-0.0,181.8198,1.6342,stand_2,220.4746,0.0,-0.0,0.0,-0.0,Sidewalk
795.5,116.1824,3.1023,2.6529,0.0,0.06981,181.8198,1.6342,stand_2,220.483,0.0,0.06981,0.0,0.06981,Sidewalk
796.0,116.1824,3.1023,2.6529,0.0,-0.0,181.8198,1.6342,stand_2,220.4746,0.0,-0.0,0.0,-0.0,Sidewalk
796.5,116.1824,3.1023,2.68781,0.0,0.06981,181.8198,1.6342,stand_2,220.483,0.0,0.06981,0.0,0.06981,Sidewalk
797.0,116.1824,3.1023,2.68781,0.0,-0.0,181.8198,1.6342,stand_2,220.4746,0.0,-0.0,0.0,-0.0,Sidewalk
797.5,116.1824,3.1023,2.72271,0.0,0.06981,181.8198,1.6342,stand_2,220.483,0.0,0.06981,0.0,0.06981,Sidewalk
798.0,116.1824,3.1023,2.72271,0.0,-0.0,181.8198,1.6342,stand_2,220.4746,0.0,-0.0,0.0,-0.0,Sidewalk
798.5,116.1824,3.1023,2.75762,0.0,0.06981,181.8198,1.6342,stand_2,220.483,0.0,0.06981,0.0,0.06981,Sidewalk
799.0,116.1824,3.1023,2.75762,0.0,-0.0,181.8198,1.6342,stand_2,220.4746,0.0,-0.0,0.0,-0.0,Sidewalk
799.5,116.1824,3.1023,2.79253,0.0,0.06981,181.8198,1.6342,stand_2,220.483,0.0,0.06981,0.0,0.06981,Sidewalk
800.0,116.1824,3.1023,2.79253,0.0,-0.0,181.8198,1.6342,stand_2,220.4747,0.0,-0.0,0.0,-0.0,Sidewalk
800.5,116.1824,3.1023,2.82743,0.0,0.06981,181.8198,1.6342,stand_2,220.483,0.0,0.06981,0.0,0.06981,Sidewalk
801.0,116.1824,3.1023,2.82743,0.0,-0.0,181.8198,1.6342,stand_2,220.4747,0.0,-0.0,0.0,-0.0,Sidewalk
801.5,116.1824,3.1023,2.86234,0.0,0.06981,181.8198,1.6342,stand_2,220.483,0.0,0.06981,0.0,0.06981,Sidewalk
802.0,116.1824,3.1023,2.86234,0.0,-0.0,181.8198,1.6342,stand_2,220.4747,0.0,-0.0,0.0,-0.0,Sidewalk
802.5,116.1824,3.1023,2.89725,0.0,0.06981,181.8198,1.6342,stand_2,220.483,0.0,0.06981,0.0,0.06981,Sidewalk
803.0,116.1824,3.1023,2.89725,0.0,-0.0,181.8198,1.6342,stand_2,220.4747,0.0,-0.0,0.0,-0.0,Sidewalk
803.5,116.1824,3.1023,2.93215,0.0,0.06981,181.8198,1.6342,stand_2,220.483,0.0,0.06981,0.0,0.06981,Sidewalk
804.0,116.1824,3.1023,2.93215,0.0,-0.0,181.8198,1.6342,stand_2,220.4747,0.0,-0.0,0.0,-0.0,Sidewalk
804.5,116.1824,3.1023,2.96706,0.0,0.06981,181.8198,1.6342,stand_2,220.4831,0.0,0.06981,0.0,0.06981,Sidewalk
805.0,116.1824,3.1023,2.96706,0.0,-0.0,181.8198,1.6342,stand_2,220.4747,0.0,-0.0,0.0,-0.0,Sidewalk
805.5,116.1824,3.1023,3.00197,0.0,0.06981,181.8198,1.6342,stand_2,220.4831,0.0,0.06981,0.0,0.06981,Sidewalk
806.0,116.1824,3.1023,3.00197,0.0,-0.0,181.8198,1.6342,stand_2,220.4747,0.0,-0.0,0.0,-0.0,Sidewalk
806.5,116.1824,3.1023,3.03687,0.0,0.06981,181.8198,1.6342,stand_2,220.4831,0.0,0.06981,0.0,0.06981,Sidewalk
807.0,116.1824,3.1023,3.03687,0.0,-0.0,181.8198,1.6342,stand_2,220.4747,0.0,-0.0,0.0,-0.0,Sidewalk
807.5,116.1824,3.1023,3.07178,0.0,0.06981,181.8198,1.6342,stand_2,220.4831,0.0,0.06981,0.0,0.06981,Sidewalk
808.0,116.1824,3.1023,3.07178,0.0,-0.0,181.8198,1.6342,stand_2,220.4747,0.0,-0.0,0.0,-0.0,Sidewalk
808.5,116.1824,3.1023,3.10669,0.0,0.06981,181.8198,1.6342,stand_2,220.4831,0.0,0.06981,0.0,0.06981,Sidewalk
809.0,116.1824,3.1023,3.10669,0.0,-0.0,181.8198,1.6342,stand_2,220.4747,0.0,-0.0,0.0,-0.0,Sidewalk
809.5,116.1824,3.1023,3.14159,0.0,0.06981,181.8198,1.6342,stand_2,220.4831,0.0,0.06981,0.0,0.06981,Sidewalk
810.0,116.1824,3.1023,3.14159,0.0,-0.0,181.8198,1.6342,stand_2,220.4747,0.0,-0.0,0.0,-0.0,Sidewalk
810.5,116.1824,3.1023,-3.10669,0.0,0.06981,181.8198,1.6342,stand_2,220.4831,0.0,0.06981,0.0,0.06981,Sidewalk
811.0,116.1824,3.1023,-3.10669,0.0,-0.0,181.8198,1.6342,stand_2,220.4747,0.0,-0.0,0.0,-0.0,Sidewalk
811.5,116.1824,3.1023,-3.07178,0.0,0.06981,181.8198,1.6342,stand_2,220.4831,0.0,0.06981,0.0,0.06981,Sidewalk
812.0,116.1824,3.1023,-3.07178,0.0,-0.0,181.8198,1.6342,stand_2,220.4747,0.0,-0.0,0.0,-0.0,Sidewalk
812.5,116.1824,3.1023,-3.03687,0.0,0.06981,181.8198,1.6342,stand_2,220.4831,0.0,0.06981,0.0,0.06981,Sidewalk
813.0,116.1824,3.1023,-3.03687,0.0,-0.0,181.8198,1.6342,stand_2,220.4747,0.0,-0.0,0.0,-0.0,Sidewalk
813.5,116.1824,3.1023,-3.00197,0.0,0.06981,181.8198,1.6342,stand_2,220.4831,0.0,0.06981,0.0,0.06981,Sidewalk
814.0,116.1824,3.1023,-3.00197,0.0,-0.0,181.8198,1.6342,stand_2,220.4747,0.0,-0.0,0.0,-0.0,Sidewalk
814.5,116.1824,3.1023,-2.96706,0.0,0.06981,181.8198,1.6341,stand_2,220.4831,0.0,0.06981,0.0,0.06981,Sidewalk
815.0,116.1824,3.1023,-2.96706,0.0,-0.0,181.8198,1.6341,stand_2,220.4747,0.0,-0.0,0.0,-0.0,Sidewalk
815.5,116.1824,3.1023,-2.93215,0.0,0.06981,181.8198,1.6341,stand_2,220.4831,0.0,0.06981,0.0,0.06981,Sidewalk
816.0,116.1824,3.1023,-2.93215,0.0,-0.0,181.8198,1.6341,stand_2,220.4747,0.0,-0.0,0.0,-0.0,Sidewalk
816.5,116.1824,3.1023,-2.89725,0.0,0.06981,181.8198,1.6341,stand_2,220.4831,0.0,0.06981,0.0,0.06981,Sidewalk
817.0,116.1824,3.1023,-2.89725,0.0,-0.0,181.8198,1.6341,stand_2,220.4747,0.0,-0.0,0.0,-0.0,Sidewalk
817.5,116.1824,3.1023,-2.86234,0.0,0.06981,181.8198,1.6341,stand_2,220.4831,0.0,0.06981,0.0,0.06981,Sidewalk
818.0,116.1824,3.1023,-2.86234,0.0,-0.0,181.8198,1.6341,stand_2,220.4747,0.0,-0.0,0.0,-0.0,Sidewalk
818.5,116.1824,3.1023,-2.82743,0.0,0.06981,181.8198,1.6341,stand_2,220.4831,0.0,0.06981,0.0,0.06981,Sidewalk
819.0,116.1824,3.1023,-2.82743,0.0,-0.0,181.8198,1.6341,stand_2,220.4747,0.0,-0.0,0.0,-0.0,Sidewalk
819.5,116.1824,3.1023,-2.79253,0.0,0.06981,181.8198,1.6341,stand_2,220.4831,0.0,0.06981,0.0,0.06981,Sidewalk
820.0,116.1824,3.1023,-2.79253,0.0,-0.0,181.8198,1.6341,stand_2,220.4747,0.0,-0.0,0.0,-0.0,Sidewalk
820.5,116.1824,3.1023,-2.75762,0.0,0.06981,181.8198,1.6341,stand_2,220.4831,0.0,0.06981,0.0,0.06981,Sidewalk
821.0,116.1824,3.1023,-2.75762,0.0,-0.0,181.8198,1.6341,stand_2,220.4747,0.0,-0.0,0.0,-0.0,Sidewalk
821.5,116.1824,3.1023,-2.72271,0.0,0.06981,181.8198,1.6341,stand_2,220.4831,0.0,0.06981,0.0,0.06981,Sidewalk
822.0,116.1824,3.1023,-2.72271,0.0,-0.0,181.8198,1.6341,stand_2,220.4747,0.0,-0.0,0.0,-0.0,Sidewalk
822.5,116.1824,3.1023,-2.68781,0.0,0.06981,181.8198,1.6341,stand_2,220.4831,0.0,0.06981,0.0,0.06981,Sidewalk
823.0,116.1824,3.1023,-2.68781,0.0,-0.0,181.8198,1.6341,stand_2,220.4748,0.0,-0.0,0.0,-0.0,Sidewalk
823.5,116.1824,3.1023,-2.6529,0.0,0.06981,181.8198,1.6341,stand_2,220.4831,0.0,0.06981,0.0,0.06981,Sidewalk
824.0,116.1824,3.1023,-2.6529,0.0,-0.0,181.8198,1.6341,stand_2,220.4748,0.0,-0.0,0.0,-0.0,Sidewalk
824.5,116.1824,3.1023,-2.61799,0.0,0.06981,181.8198,1.6341,stand_2,220.4831,0.0,0.06981,0.0,0.06981,Sidewalk
825.0,116.1824,3.1023,-2.61799,0.0,-0.0,181.8198,1.6341,stand_2,220.4748,0.0,-0.0,0.0,-0.0,Sidewalk
825.5,116.1824,3.1023,-2.58309,0.0,0.06981,181.8198,1.6341,stand_2,220.4831,0.0,0.06981,0.0,0.06981,Sidewalk
826.0,116.1824,3.1023,-2.58309,0.0,-0.0,181.8198,1.6341,stand_2,220.4748,0.0,-0.0,0.0,-0.0,Sidewalk
826.5,116.1824,3.1023,-2.54818,0.0,0.06981,181.8198,1.6341,stand_2,220.4831,0.0,0.06981,0.0,0.06981,Sidewalk
827.0,116.1824,3.1023,-2.54818,0.0,-0.0,181.8198,1.6341,stand_2,220.4748,0.0,-0.0,0.0,-0.0,Sidewalk
827.5,116.1824,3.1023,-2.51327,0.0,0.06981,181.8198,1.6341,stand_2,220.4831,0.0,0.06981,0.0,0.06981,Sidewalk
828.0,116.1824,3.1023,-2.51327,0.0,-0.0,181.8198,1.6341,stand_2,220.4748,0.0,-0.0,0.0,-0.0,Sidewalk
828.5,116.1824,3.1023,-2.47837,0.0,0.06981,181.8198,1.6341,stand_2,220.4832,0.0,0.06981,0.0,0.06981,Sidewalk
829.0,116.1824,3.1023,-2.47837,0.0,-0.0,181.8198,1.6341,stand_2,220.4748,0.0,-0.0,0.0,-0.0,Sidewalk
829.5,116.1824,3.1023,-2.44346,0.0,0.06981,181.8198,1.6341,stand_2,220.4832,0.0,0.06981,0.0,0.06981,Sidewalk
830.0,116.1824,3.1023,-2.44346,0.0,-0.0,181.8198,1.6341,stand_2,220.4748,0.0,-0.0,0.0,-0.0,Sidewalk
830.5,116.1824,3.1023,-2.40855,0.0,0.06981,181.8198,1.6341,stand_2,220.4832,0.0,0.06981,0.0,0.06981,Sidewalk
831.0,116.1824,3.1023,-2.40855,0.0,-0.0,181.8198,1.6341,stand_2,220.4748,0.0,-0.0,0.0,-0.0,Sidewalk
831.5,116.1824,3.1023,-2.37365,0.0,0.06981,181.8198,1.6341,stand_2,220.4832,0.0,0.06981,0.0,0.06981,Sidewalk
832.0,116.1824,3.1023,-2.37365,0.0,-0.0,181.8198,1.6341,stand_2,220.4748,0.0,-0.0,0.0,-0.0,Sidewalk
832.5,116.1824,3.1023,-2.33874,0.0,0.06981,181.8198,1.6341,stand_2,220.4832,0.0,0.06981,0.0,0.06981,Sidewalk
833.0,116.1824,3.1023,-2.33874,0.0,-0.0,181.8198,1.6341,stand_2,220.4748,0.0,-0.0,0.0,-0.0,Sidewalk
833.5,116.1824,3.1023,-2.30383,0.0,0.06981,181.8198,1.6341,stand_2,220.4832,0.0,0.06981,0.0,0.06981,Sidewalk
834.0,116.1824,3.1023,-2.30383,0.0,-0.0,181.8198,1.6341,stand_2,220.4748,0.0,-0.0,0.0,-0.0,Sidewalk
834.5,116.1824,3.1023,-2.26893,0.0,0.06981,181.8198,1.6341,stand_2,220.4832,0.0,0.06981,0.0,0.06981,Sidewalk
835.0,116.1824,3.1023,-2.26893,0.0,-0.0,181.8198,1.6341,stand_2,220.4748,0.0,-0.0,0.0,-0.0,Sidewalk
835.5,116.1824,3.1023,-2.23402,0.0,0.06981,181.8198,1.6341,stand_2,220.4832,0.0,0.06981,0.0,0.06981,Sidewalk
836.0,116.1824,3.1023,-2.23402,0.0,-0.0,181.8198,1.6341,stand_2,220.4748,0.0,-0.0,0.0,-0.0,Sidewalk
836.5,116.1824,3.1023,-2.19911,0.0,0.06981,181.8198,1.6341,stand_2,220.4832,0.0,0.06981,0.0,0.06981,Sidewalk
837.0,116.1824,3.1023,-2.19911,0.0,-0.0,181.8198,1.6341,stand_2,220.4748,0.0,-0.0,0.0,-0.0,Sidewalk
837.5,116.1824,3.1023,-2.16421,0.0,0.06981,181.8198,1.6341,stand_2,220.4832,0.0,0.06981,0.0,0.06981,Sidewalk
838.0,116.1824,3.1023,-2.16421,0.0,-0.0,181.8198,1.6341,stand_2,220.4748,0.0,-0.0,0.0,-0.0,Sidewalk
838.5,116.1824,3.1023,-2.1293,0.0,0.06981,181.8198,1.6341,stand_2,220.4832,0.0,0.06981,0.0,0.06981,Sidewalk
839.0,116.1824,3.1023,-2.1293,0.0,-0.0,181.8198,1.6341,stand_2,220.4748,0.0,-0.0,0.0,-0.0,Sidewalk
839.5,116.1824,3.1023,-2.0944,0.0,0.06981,181.8198,1.6341,stand_2,220.4832,0.0,0.06981,0.0,0.06981,Sidewalk
840.0,116.1824,3.1023,-2.0944,0.0,-0.0,181.8198,1.6341,stand_2,220.4748,0.0,-0.0,0.0,-0.0,Sidewalk
840.5,116.1824,3.1023,-2.05949,0.0,0.06981,181.8198,1.6341,stand_2,220.4832,0.0,0.06981,0.0,0.06981,Sidewalk
841.0,116.1824,3.1023,-2.05949,0.0,-0.0,181.8198,1.6341,stand_2,220.4748,0.0,-0.0,0.0,-0.0,Sidewalk
841.5,116.1824,3.1023,-2.02458,0.0,0.06981,181.8198,1.6341,stand_2,220.4832,0.0,0.06981,0.0,0.06981,Sidewalk
842.0,116.1824,3.1023,-2.02458,0.0,-0.0,181.8198,1.6341,stand_2,220.4748,0.0,-0.0,0.0,-0.0,Sidewalk
842.5,116.1824,3.1023,-1.98968,0.0,0.06981,181.8198,1.6341,stand_2,220.4832,0.0,0.06981,0.0,0.06981,Sidewalk
843.0,116.1824,3.1023,-1.98968,0.0,-0.0,181.8198,1.6341,stand_2,220.4748,0.0,-0.0,0.0,-0.0,Sidewalk
843.5,116.1824,3.1023,-1.95477,0.0,0.06981,181.8198,1.6341,stand_2,220.4832,0.0,0.06981,0.0,0.06981,Sidewalk
844.0,116.1824,3.1023,-1.95477,0.0,-0.0,181.8198,1.6341,stand_2,220.4748,0.0,-0.0,0.0,-0.0,Sidewalk
844.5,116.1824,3.1023,-1.91986,0.0,0.06981,181.8198,1.6341,stand_2,220.4832,0.0,0.06981,0.0,0.06981,Sidewalk
845.0,116.1824,3.1023,-1.91986,0.0,-0.0,181.8198,1.6341,stand_2,220.4748,0.0,-0.0,0.0,-0.0,Sidewalk
845.5,116.1824,3.1023,-1.88496,0.0,0.06981,181.8198,1.6341,stand_2,220.4832,0.0,0.06981,0.0,0.06981,Sidewalk
846.0,116.1824,3.1023,-1.88496,0.0,-0.0,181.8198,1.6341,stand_2,220.4748,0.0,-0.0,0.0,-0.0,Sidewalk
846.5,116.1824,3.1023,-1.85005,0.0,0.06981,181.8198,1.6341,stand_2,220.4832,0.0,0.06981,0.0,0.06981,Sidewalk
847.0,116.1824,3.1023,-1.85005,0.0,-0.0,181.8198,1.6341,stand_2,220.4748,0.0,-0.0,0.0,-0.0,Sidewalk
847.5,116.1824,3.1023,-1.81514,0.0,0.06981,181.8198,1.6341,stand_2,220.4832,0.0,0.06981,0.0,0.06981,Sidewalk
848.0,116.1824,3.1023,-1.81514,0.0,-0.0,181.8198,1.6341,stand_2,220.4749,0.0,-0.0,0.0,-0.0,Sidewalk
848.5,116.1824,3.1023,-1.78024,0.0,0.06981,181.8198,1.6341,stand_2,220.4832,0.0,0.06981,0.0,0.06981,Sidewalk
849.0,116.1824,3.1023,-1.78024,0.0,-0.0,181.8198,1.6341,stand_2,220.4749,0.0,-0.0,0.0,-0.0,Sidewalk
849.5,116.1824,3.1023,-1.74533,0.0,0.06981,181.8198,1.6341,stand_2,220.4832,0.0,0.06981,0.0,0.06981,Sidewalk
850.0,116.1824,3.1023,-1.74533,0.0,-0.0,181.8198,1.6341,stand_2,220.4749,0.0,-0.0,0.0,-0.0,Sidewalk
850.5,116.1824,3.1023,-1.71042,0.0,0.06981,181.8198,1.6341,stand_2,220.4832,0.0,0.06981,0.0,0.06981,Sidewalk
851.0,116.1824,3.1023,-1.71042,0.0,-0.0,181.8198,1.6341,stand_2,220.4749,0.0,-0.0,0.0,-0.0,Sidewalk
851.5,116.1824,3.1023,-1.67552,0.0,0.06981,181.8198,1.6341,stand_2,220.4832,0.0,0.06981,0.0,0.06981,Sidewalk
852.0,116.1824,3.1023,-1.67552,0.0,-0.0,181.8198,1.634,stand_2,220.4749,0.0,-0.0,0.0,-0.0,Sidewalk
852.5,116.1824,3.1023,-1.64061,0.0,0.06981,181.8198,1.634,stand_2,220.4833,0.0,0.06981,0.0,0.06981,Sidewalk
853.0,116.1824,3.1023,-1.64061,0.0,-0.0,181.8198,1.634,stand_2,220.4749,0.0,-0.0,0.0,-0.0,Sidewalk
853.5,116.1824,3.1023,-1.6057,0.0,0.06981,181.8198,1.634,stand_2,220.4833,0.0,0.06981,0.0,0.06981,Sidewalk
854.0,116.1824,3.1023,-1.6057,0.0,-0.0,181.8198,1.634,stand_2,220.4749,0.0,-0.0,0.0,-0.0,Sidewalk
854.5,116.1824,3.1023,-1.5708,0.0,0.06981,181.8198,1.634,stand_2,220.4833,0.0,0.06981,0.0,0.06981,Sidewalk
855.0,116.1824,3.1023,-1.5708,0.0,-0.0,181.8198,1.634,stand_2,220.4749,0.0,-0.0,0.0,-0.0,Sidewalk
855.5,116.1824,3.1023,-1.53589,0.0,0.06981,181.8198,1.634,stand_2,220.4833,0.0,0.06981,0.0,0.06981,Sidewalk
856.0,116.1824,3.1023,-1.53589,0.0,-0.0,181.8198,1.634,stand_2,220.4749,0.0,-0.0,0.0,-0.0,Sidewalk
856.5,116.1824,3.1023,-1.50098,0.0,0.06981,181.8198,1.634,stand_2,220.4833,0.0,0.06981,0.0,0.06981,Sidewalk
857.0,116.1824,3.1023,-1.50098,0.0,-0.0,181.8198,1.634,stand_2,220.4749,0.0,-0.0,0.0,-0.0,Sidewalk
857.5,116.1824,3.1023,-1.46608,0.0,0.06981,181.8198,1.634,stand_2,220.4833,0.0,0.06981,0.0,0.06981,Sidewalk
858.0,116.1824,3.1023,-1.46608,0.0,-0.0,181.8198,1.634,stand_2,220.4749,0.0,-0.0,0.0,-0.0,Sidewalk
858.5,116.1824,3.1023,-1.43117,0.0,0.06981,181.8198,1.634,stand_2,220.4833,0.0,0.06981,0.0,0.06981,Sidewalk
859.0,116.1824,3.1023,-1.43117,0.0,-0.0,181.8198,1.634,stand_2,220.4749,0.0,-0.0,0.0,-0.0,Sidewalk
859.5,116.1824,3.1023,-1.39626,0.0,0.06981,181.8198,1.634,stand_2,220.4833,0.0,0.06981,0.0,0.06981,Sidewalk
860.0,116.1824,3.1023,-1.39626,0.0,-0.0,181.8198,1.634,stand_2,220.4749,0.0,-0.0,0.0,-0.0,Sidewalk
860.5,116.1824,3.1023,-1.36136,0.0,0.06981,181.8198,1.634,stand_2,220.4833,0.0,0.06981,0.0,0.06981,Sidewalk
861.0,116.1824,3.1023,-1.36136,0.0,-0.0,181.8198,1.634,stand_2,220.4749,0.0,-0.0,0.0,-0.0,Sidewalk
861.5,116.1824,3.1023,-1.32645,0.0,0.06981,181.8198,1.634,stand_2,220.4833,0.0,0.06981,0.0,0.06981,Sidewalk
862.0,116.1824,3.1023,-1.32645,0.0,-0.0,181.8198,1.634,stand_2,220.4749,0.0,-0.0,0.0,-0.0,Sidewalk
862.5,116.1824,3.1023,-1.29154,0.0,0.06981,181.8198,1.634,stand_2,220.4833,0.0,0.06981,0.0,0.06981,Sidewalk
863.0,116.1824,3.1023,-1.29154,0.0,-0.0,181.8198,1.634,stand_2,220.4749,0.0,-0.0,0.0,-0.0,Sidewalk
863.5,116.1824,3.1023,-1.25664,0.0,0.06981,181.8198,1.634,stand_2,220.4833,0.0,0.06981,0.0,0.06981,Sidewalk
864.0,116.1824,3.1023,-1.25664,0.0,-0.0,181.8198,1.634,stand_2,220.4749,0.0,-0.0,0.0,-0.0,Sidewalk
864.5,116.1824,3.1023,-1.22173,0.0,0.06981,181.8198,1.634,stand_2,220.4833,0.0,0.06981,0.0,0.06981,Sidewalk
865.0,116.1824,3.1023,-1.22173,0.0,-0.0,181.8198,1.634,stand_2,220.4749,0.0,-0.0,0.0,-0.0,Sidewalk
865.5,116.1824,3.1023,-1.18682,0.0,0.06981,181.8198,1.634,stand_2,220.4833,0.0,0.06981,0.0,0.06981,Sidewalk
866.0,116.1824,3.1023,-1.18682,0.0,-0.0,181.8198,1.634,stand_2,220.4749,0.0,-0.0,0.0,-0.0,Sidewalk
866.5,116.1824,3.1023,-1.15192,0.0,0.06981,181.8198,1.634,stand_2,220.4833,0.0,0.06981,0.0,0.06981,Sidewalk
867.0,116.1824,3.1023,-1.15192,0.0,-0.0,181.8198,1.634,stand_2,220.4749,0.0,-0.0,0.0,-0.0,Sidewalk
867.5,116.1824,3.1023,-1.11701,0.0,0.06981,181.8198,1.634,stand_2,220.4833,0.0,0.06981,0.0,0.06981,Sidewalk
868.0,116.1824,3.1023,-1.11701,0.0,-0.0,181.8198,1.634,stand_2,220.4749,0.0,-0.0,0.0,-0.0,Sidewalk
868.5,116.1824,3.1023,-1.0821,0.0,0.06981,181.8198,1.634,stand_2,220.4833,0.0,0.06981,0.0,0.06981,Sidewalk
869.0,116.1824,3.1023,-1.0821,0.0,-0.0,181.8198,1.634,stand_2,220.4749,0.0,-0.0,0.0,-0.0,Sidewalk
869.5,116.1824,3.1023,-1.0472,0.0,0.06981,181.8198,1.634,stand_2,220.4833,0.0,0.06981,0.0,0.06981,Sidewalk
870.0,116.1824,3.1023,-1.0472,0.0,-0.0,181.8198,1.634,stand_2,220.4749,0.0,-0.0,0.0,-0.0,Sidewalk
870.5,116.1824,3.1023,-1.01229,0.0,0.06981,181.8198,1.634,stand_2,220.4833,0.0,0.06981,0.0,0.06981,Sidewalk
871.0,116.1824,3.1023,-1.01229,0.0,-0.0,181.8198,1.634,stand_2,220.4749,0.0,-0.0,0.0,-0.0,Sidewalk
871.5,116.1824,3.1023,-0.97738,0.0,0.06981,181.8198,1.634,stand_2,220.4833,0.0,0.06981,0.0,0.06981,Sidewalk
872.0,116.1824,3.1023,-0.97738,0.0,-0.0,181.8198,1.634,stand_2,220.475,0.0,-0.0,0.0,-0.0,Sidewalk
872.5,116.1824,3.1023,-0.94248,0.0,0.06981,181.8198,1.634,stand_2,220.4833,0.0,0.06981,0.0,0.06981,Sidewalk
873.0,116.1824,3.1023,-0.94248,0.0,-0.0,181.8198,1.634,stand_2,220.475,0.0,-0.0,0.0,-0.0,Sidewalk
873.5,116.1824,3.1023,-0.90757,0.0,0.06981,181.8198,1.634,stand_2,220.4833,0.0,0.06981,0.0,0.06981,Sidewalk
874.0,116.1824,3.1023,-0.90757,0.0,-0.0,181.8198,1.634,stand_2,220.475,0.0,-0.0,0.0,-0.0,Sidewalk
874.5,116.1824,3.1023,-0.87266,0.0,0.06981,181.8198,1.634,stand_2,220.4833,0.0,0.06981,0.0,0.06981,Sidewalk
875.0,116.1824,3.1023,-0.87266,0.0,-0.0,181.8198,1.634,stand_2,220.475,0.0,-0.0,0.0,-0.0,Sidewalk
875.5,116.1824,3.1023,-0.83776,0.0,0.06981,181.8198,1.634,stand_2,220.4833,0.0,0.06981,0.0,0.06981,Sidewalk
876.0,116.1824,3.1023,-0.83776,0.0,-0.0,181.8198,1.634,stand_2,220.475,0.0,-0.0,0.0,-0.0,Sidewalk
876.5,116.1824,3.1023,-0.80285,0.0,0.06981,181.8198,1.634,stand_2,220.4833,0.0,0.06981,0.0,0.06981,Sidewalk
877.0,116.1824,3.1023,-0.80285,0.0,-0.0,181.8198,1.634,stand_2,220.475,0.0,-0.0,0.0,-0.0,Sidewalk
877.5,116.1824,3.1023,-0.76794,0.0,0.06981,181.8198,1.634,stand_2,220.4834,0.0,0.06981,0.0,0.06981,Sidewalk
878.0,116.1824,3.1023,-0.76794,0.0,-0.0,181.8198,1.634,stand_2,220.475,0.0,-0.0,0.0,-0.0,Sidewalk
878.5,116.1824,3.1023,-0.73304,0.0,0.06981,181.8198,1.634,stand_2,220.4834,0.0,0.06981,0.0,0.06981,Sidewalk
879.0,116.1824,3.1023,-0.73304,0.0,-0.0,181.8198,1.634,stand_2,220.475,0.0,-0.0,0.0,-0.0,Sidewalk
879.5,116.1824,3.1023,-0.69813,0.0,0.06981,181.8198,1.634,stand_2,220.4834,0.0,0.06981,0.0,0.06981,Sidewalk
880.0,116.1824,3.1023,-0.69813,0.0,-0.0,181.8198,1.634,stand_2,220.475,0.0,-0.0,0.0,-0.0,Sidewalk
880.5,116.1824,3.1023,-0.66323,0.0,0.06981,181.8198,1.634,stand_2,220.4834,0.0,0.06981,0.0,0.06981,Sidewalk
881.0,116.1824,3.1023,-0.66323,0.0,-0.0,181.8198,1.634,stand_2,220.475,0.0,-0.0,0.0,-0.0,Sidewalk
881.5,116.1824,3.1023,-0.62832,0.0,0.06981,181.8198,1.634,stand_2,220.4834,0.0,0.06981,0.0,0.06981,Sidewalk
882.0,116.1824,3.1023,-0.62832,0.0,-0.0,181.8198,1.634,stand_2,220.475,0.0,-0.0,0.0,-0.0,Sidewalk
882.5,116.1824,3.1023,-0.59341,0.0,0.06981,181.8198,1.634,stand_2,220.4834,0.0,0.06981,0.0,0.06981,Sidewalk
883.0,116.1824,3.1023,-0.59341,0.0,-0.0,181.8198,1.634,stand_2,220.475,0.0,-0.0,0.0,-0.0,Sidewalk
883.5,116.1824,3.1023,-0.55851,0.0,0.06981,181.8198,1.634,stand_2,220.4834,0.0,0.06981,0.0,0.06981,Sidewalk
884.0,116.1824,3.1023,-0.55851,0.0,-0.0,181.8198,1.634,stand_2,220.475,0.0,-0.0,0.0,-0.0,Sidewalk
884.5,116.1824,3.1023,-0.5236,0.0,0.06981,181.8198,1.634,stand_2,220.4834,0.0,0.06981,0.0,0.06981,Sidewalk
885.0,116.1824,3.1023,-0.5236,0.0,-0.0,181.8198,1.634,stand_2,220.475,0.0,-0.0,0.0,-0.0,Sidewalk
885.5,116.1824,3.1023,-0.48869,0.0,0.06981,181.8198,1.634,stand_2,220.4834,0.0,0.06981,0.0,0.06981,Sidewalk
886.0,116.1824,3.1023,-0.48869,0.0,-0.0,181.8198,1.634,stand_2,220.475,0.0,-0.0,0.0,-0.0,Sidewalk
886.5,116.1824,3.1023,-0.45379,0.0,0.06981,181.8198,1.634,stand_2,220.4834,0.0,0.06981,0.0,0.06981,Sidewalk
887.0,116.1824,3.1023,-0.45379,0.0,-0.0,181.8198,1.634,stand_2,220.475,0.0,-0.0,0.0,-0.0,Sidewalk
887.5,116.1824,3.1023,-0.41888,0.0,0.06981,181.8198,1.634,stand_2,220.4834,0.0,0.06981,0.0,0.06981,Sidewalk
888.0,116.1824,3.1023,-0.41888,0.0,-0.0,181.8198,1.634,stand_2,220.475,0.0,-0.0,0.0,-0.0,Sidewalk
888.5,116.1824,3.1023,-0.38397,0.0,0.06981,181.8198,1.634,stand_2,220.4834,0.0,0.06981,0.0,0.06981,Sidewalk
889.0,116.1824,3.1023,-0.38397,0.0,-0.0,181.8198,1.634,stand_2,220.475,0.0,-0.0,0.0,-0.0,Sidewalk
889.5,116.1824,3.1023,-0.34907,0.0,0.06981,181.8198,1.634,stand_2,220.4834,0.0,0.06981,0.0,0.06981,Sidewalk
890.0,116.1824,3.1023,-0.34907,0.0,-0.0,181.8198,1.634,stand_2,220.475,0.0,-0.0,0.0,-0.0,Sidewalk
890.5,116.1824,3.1023,-0.31416,0.0,0.06981,181.8198,1.634,stand_2,220.4834,0.0,0.06981,0.0,0.06981,Sidewalk
891.0,116.1824,3.1023,-0.31416,0.0,-0.0,181.8198,1.634,stand_2,220.475,0.0,-0.0,0.0,-0.0,Sidewalk
891.5,116.1824,3.1023,-0.27925,0.0,0.06981,181.8198,1.634,stand_2,220.4834,0.0,0.06981,0.0,0.06981,Sidewalk
892.0,116.1824,3.1023,-0.27925,0.0,-0.0,181.8198,1.634,stand_2,220.475,0.0,-0.0,0.0,-0.0,Sidewalk
892.5,116.1824,3.1023,-0.24435,0.0,0.06981,181.8198,1.634,stand_2,220.4834,0.0,0.06981,0.0,0.06981,Sidewalk
893.0,116.1824,3.1023,-0.24435,0.0,-0.0,181.8198,1.634,stand_2,220.475,0.0,-0.0,0.0,-0.0,Sidewalk
893.5,116.1824,3.1023,-0.20944,0.0,0.06981,181.8198,1.634,stand_2,220.4834,0.0,0.06981,0.0,0.06981,Sidewalk
894.0,116.1824,3.1023,-0.20944,0.0,-0.0,181.8198,1.6339,stand_2,220.475,0.0,-0.0,0.0,-0.0,Sidewalk
894.5,116.1824,3.1023,-0.17453,0.0,0.06981,181.8198,1.6339,stand_2,220.4834,0.0,0.06981,0.0,0.06981,Sidewalk
895.0,116.1824,3.1023,-0.17453,0.0,-0.0,181.8198,1.6339,stand_2,220.475,0.0,-0.0,0.0,-0.0,Sidewalk
895.5,116.1824,3.1023,-0.13963,0.0,0.06981,181.8198,1.6339,stand_2,220.4834,0.0,0.06981,0.0,0.06981,Sidewalk
896.0,116.1824,3.1023,-0.13963,0.0,-0.0,181.8198,1.6339,stand_2,220.475,0.0,-0.0,0.0,-0.0,Sidewalk
896.5,116.1824,3.1023,-0.10472,0.0,0.06981,181.8198,1.6339,stand_2,220.4834,0.0,0.06981,0.0,0.06981,Sidewalk
897.0,116.1824,3.1023,-0.10472,0.0,-0.0,181.8198,1.6339,stand_2,220.4751,0.0,-0.0,0.0,-0.0,Sidewalk
897.5,116.1824,3.1023,-0.06981,0.0,0.06981,181.8198,1.6339,stand_2,220.4834,0.0,0.06981,0.0,0.06981,Sidewalk
898.0,116.1824,3.1023,-0.06981,0.0,-0.0,181.8198,1.6339,stand_2,220.4751,0.0,-0.0,0.0,-0.0,Sidewalk
898.5,116.1824,3.1023,-0.03491,0.0,0.06981,181.8198,1.6339,stand_2,220.4834,0.0,0.06981,0.0,0.06981,Sidewalk
899.0,116.1824,3.1023,-0.03491,0.0,-0.0,181.8198,1.6339,stand_2,220.4751,0.0,-0.0,0.0,-0.0,Sidewalk
899.5,116.1824,3.1023,-0.0,0.0,0.06981,181.8198,1.6339,stand_2,220.4834,0.0,0.06981,0.0,0.06981,Sidewalk
900.0,116.1824,3.1023,-0.0,0.0,-0.0,181.8198,1.6339,stand_2,220.4751,0.0,-0.0,0.0,-0.0,Sidewalk
900.5,116.1824,3.1023,0.03491,0.0,0.06981,181.8198,1.6339,stand_2,220.4834,0.0,0.06981,0.0,0.06981,Sidewalk
