time,x,y,yaw,v,w,goal_distance,min_person_dist,closest_person,total_cost,action_linear_x,action_angular_z,observation_state_linear_x,observation_state_angular_z,observation_state_road_type
0.5,2.08,3.9972,-0.03491,0.16,-0.06981,295.92,2.9201,walk_east_mid.0,355.8633,0.16,-0.06981,0.16,-0.06981,Sidewalk
1.0,2.2399,4.0028,0.03491,0.32,0.13963,295.7601,3.1867,walk_east_dn.0,355.0716,0.32,0.13963,0.32,0.13963,Sidewalk
1.5,2.4593,4.0181,0.06981,0.44,0.06981,295.5407,3.3645,walk_east_dn.0,354.3762,0.44,0.06981,0.44,0.06981,Sidewalk
2.0,2.697,4.0515,0.13963,0.48,0.13963,295.303,3.4806,walk_east_dn.0,353.8193,0.48,0.13963,0.48,0.13963,Sidewalk
2.5,2.9924,4.1036,0.17453,0.6,0.06981,295.0076,3.5684,walk_east_dn.0,353.0014,0.6,0.06981,0.6,0.06981,Sidewalk
3.0,3.347,4.1661,0.17453,0.72,-0.0,294.6531,3.6384,walk_east_dn.0,352.5106,0.72,-0.0,0.72,-0.0,Sidewalk
3.5,3.6013,4.2202,0.20944,0.52,0.06981,294.3988,3.7725,walk_east_dn.0,352.347,0.52,0.06981,0.52,0.06981,Sidewalk
4.0,3.9534,4.2951,0.20944,0.72,-0.0,294.0467,3.8422,walk_east_dn.0,351.3347,0.72,-0.0,0.72,-0.0,Sidewalk
4.5,4.4064,4.3749,0.17453,0.92,-0.06981,293.5938,3.7781,walk_east_dn.0,351.5266,0.92,-0.06981,0.92,-0.06981,Sidewalk
5.0,4.7609,4.4374,0.17453,0.72,-0.0,293.2394,3.85,walk_east_dn.0,350.3309,0.72,-0.0,0.72,-0.0,Sidewalk
5.5,5.0976,4.4848,0.13963,0.68,-0.06981,292.9028,3.9428,walk_east_dn.0,350.5298,0.68,-0.06981,0.68,-0.06981,Sidewalk
6.0,5.4541,4.5349,0.13963,0.72,-0.0,292.5464,3.9563,walk_east_dn.0,349.4457,0.72,-0.0,0.72,-0.0,Sidewalk
6.5,5.7923,4.5704,0.10472,0.68,-0.06981,292.2083,4.0553,walk_east_dn.0,349.5875,0.68,-0.06981,0.68,-0.06981,Sidewalk
7.0,6.1901,4.6122,0.10472,0.8,-0.0,291.8106,4.0658,walk_east_dn.0,348.2759,0.8,-0.0,0.8,-0.0,Sidewalk
7.5,6.5293,4.6359,0.06981,0.68,-0.06981,291.4714,4.1599,walk_east_dn.0,348.6233,0.68,-0.06981,0.68,-0.06981,Sidewalk
8.0,6.9682,4.6666,0.06981,0.88,-0.0,291.0326,4.1521,walk_east_dn.0,347.1057,0.88,-0.0,0.88,-0.0,Sidewalk
8.5,7.308,4.6785,0.03491,0.68,-0.06981,290.6928,4.1722,walk_east_dn.0,347.7437,0.68,-0.06981,0.68,-0.06981,Sidewalk
9.0,7.7477,4.6938,0.03491,0.88,-0.0,290.2531,4.1162,walk_east_dn.0,346.3529,0.88,-0.0,0.88,-0.0,Sidewalk
9.5,8.0877,4.6938,-0.0,0.68,-0.06981,289.9131,4.1364,walk_east_dn.0,346.9518,0.68,-0.06981,0.68,-0.06981,Sidewalk
10.0,8.5277,4.6938,-0.0,0.88,-0.0,289.4731,4.1,walk_east_dn.0,345.688,0.88,-0.0,0.88,-0.0,Sidewalk
10.5,8.8675,4.682,-0.03491,0.68,-0.06981,289.1333,4.1344,walk_east_dn.0,346.1238,0.68,-0.06981,0.68,-0.06981,Sidewalk
11.0,9.3072,4.6666,-0.03491,0.88,-0.0,288.6935,4.053,walk_east_dn.0,345.2132,0.88,-0.0,0.88,-0.0,Sidewalk
11.5,9.6464,4.6429,-0.06981,0.68,-0.06981,288.3543,4.0988,walk_east_dn.0,345.3702,0.68,-0.06981,0.68,-0.06981,Sidewalk
12.0,9.9656,4.6206,-0.06981,0.64,-0.0,288.035,4.187,walk_east_dn.0,344.435,0.64,-0.0,0.64,-0.0,Sidewalk
12.5,10.3454,4.6073,-0.03491,0.76,0.06981,287.6552,4.1342,walk_east_mid.1,343.3071,0.76,0.06981,0.76,0.06981,Sidewalk
13.0,10.7052,4.5948,-0.03491,0.72,-0.0,287.2954,3.8933,walk_east_mid.1,343.4207,0.72,-0.0,0.72,-0.0,Sidewalk
13.5,11.0052,4.5948,-0.0,0.6,0.06981,286.9954,3.5833,walk_east_mid.1,342.9159,0.6,0.06981,0.6,0.06981,Sidewalk
14.0,11.4052,4.5948,-0.0,0.8,-0.0,286.5954,3.3744,walk_east_mid.1,342.3181,0.8,-0.0,0.8,-0.0,Sidewalk
14.5,11.745,4.5829,-0.03491,0.68,-0.06981,286.2556,3.0998,walk_east_mid.1,342.3968,0.68,-0.06981,0.68,-0.06981,Sidewalk
15.0,12.1047,4.5703,-0.03491,0.72,-0.0,285.8958,2.902,walk_east_mid.1,341.5669,0.72,-0.0,0.72,-0.0,Sidewalk
15.5,12.4047,4.5703,-0.0,0.6,0.06981,285.5958,2.5877,walk_east_mid.1,341.1839,0.6,0.06981,0.6,0.06981,Sidewalk
16.0,12.8047,4.5703,-0.0,0.8,-0.0,285.1958,2.3291,walk_east_mid.1,340.4376,0.8,-0.0,0.8,-0.0,Sidewalk
16.5,13.1445,4.5585,-0.03491,0.68,-0.06981,284.856,2.0237,walk_east_mid.1,340.4091,0.68,-0.06981,0.68,-0.06981,Sidewalk
17.0,13.5443,4.5445,-0.03491,0.8,-0.0,284.4562,1.7442,walk_east_mid.1,339.5901,0.8,-0.0,0.8,-0.0,Sidewalk
17.5,13.9234,4.518,-0.06981,0.76,-0.06981,284.0771,1.5043,walk_east_mid.1,339.6615,0.76,-0.06981,0.76,-0.06981,Sidewalk
18.0,14.3623,4.4873,-0.06981,0.88,-0.0,283.6381,1.2734,walk_east_mid.1,339.1622,0.88,-0.0,0.88,-0.0,Sidewalk
18.5,14.822,4.4713,-0.03491,0.92,0.06981,283.1784,1.5421,walk_east_mid.1,337.659,0.92,0.06981,0.92,0.06981,Sidewalk
19.0,15.2618,4.4559,-0.03491,0.88,-0.0,282.7386,1.3335,walk_east_mid.1,338.1878,0.88,-0.0,0.88,-0.0,Sidewalk
19.5,15.6818,4.4559,-0.0,0.84,0.06981,282.3186,1.5313,walk_east_mid.1,337.0702,0.84,0.06981,0.84,0.06981,Sidewalk
20.0,16.1218,4.4559,-0.0,0.88,-0.0,281.8786,1.3121,walk_east_mid.1,336.8908,0.88,-0.0,0.88,-0.0,Sidewalk
20.5,16.5015,4.4426,-0.03491,0.76,-0.06981,281.4988,1.4489,walk_east_mid.1,337.0644,0.76,-0.06981,0.76,-0.06981,Sidewalk
21.0,16.9413,4.4273,-0.03491,0.88,-0.0,281.0591,1.2649,walk_east_mid.1,336.483,0.88,-0.0,0.88,-0.0,Sidewalk
21.5,17.3613,4.4273,-0.0,0.84,0.06981,280.6391,1.5204,walk_east_mid.1,335.0744,0.84,0.06981,0.84,0.06981,Sidewalk
22.0,17.8013,4.4273,-0.0,0.88,-0.0,280.1991,1.3301,walk_east_mid.1,335.1589,0.88,-0.0,0.88,-0.0,Sidewalk
22.5,18.141,4.4154,-0.03491,0.68,-0.06981,279.8593,1.4632,walk_east_mid.1,335.0554,0.68,-0.06981,0.68,-0.06981,Sidewalk
23.0,18.5408,4.4015,-0.03491,0.8,-0.0,279.4595,1.3053,walk_east_mid.1,334.306,0.8,-0.0,0.8,-0.0,Sidewalk
23.5,19.0008,4.4015,-0.0,0.92,0.06981,278.9995,1.4429,walk_east_mid.1,332.8747,0.92,0.06981,0.92,0.06981,Sidewalk
24.0,19.4408,4.4015,-0.0,0.88,-0.0,278.5595,1.3048,walk_east_mid.1,333.3918,0.88,-0.0,0.88,-0.0,Sidewalk
24.5,19.7806,4.3896,-0.03491,0.68,-0.06981,278.2197,1.4418,walk_east_mid.1,333.1358,0.68,-0.06981,0.68,-0.06981,Sidewalk
25.0,20.1804,4.3756,-0.03491,0.8,-0.0,277.8199,1.1868,walk_east_mid.1,332.7536,0.8,-0.0,0.8,-0.0,Sidewalk
25.5,20.6404,4.3756,-0.0,0.92,0.06981,277.3599,1.417,walk_east_mid.1,330.9666,0.92,0.06981,0.92,0.06981,Sidewalk
26.0,21.0804,4.3756,-0.0,0.88,-0.0,276.9199,1.1797,walk_east_mid.1,331.6306,0.88,-0.0,0.88,-0.0,Sidewalk
26.5,21.4601,4.3889,0.03491,0.76,0.06981,276.5402,1.4123,walk_east_mid.1,330.8144,0.76,0.06981,0.76,0.06981,Sidewalk
27.0,21.8999,4.4042,0.03491,0.88,-0.0,276.1004,1.2351,walk_east_mid.1,330.1369,0.88,-0.0,0.88,-0.0,Sidewalk
27.5,22.2399,4.4042,-0.0,0.68,-0.06981,275.7604,1.4392,walk_east_mid.1,330.2768,0.68,-0.06981,0.68,-0.06981,Sidewalk
28.0,22.6399,4.4042,-0.0,0.8,-0.0,275.3604,1.2469,walk_east_mid.1,329.5778,0.8,-0.0,0.8,-0.0,Sidewalk
28.5,22.9796,4.3924,-0.03491,0.68,-0.06981,275.0206,1.3485,walk_east_mid.1,329.5331,0.68,-0.06981,0.68,-0.06981,Sidewalk
29.0,23.3794,4.3784,-0.03491,0.8,-0.0,274.6209,1.1545,walk_east_mid.1,329.0511,0.8,-0.0,0.8,-0.0,Sidewalk
29.5,23.8394,4.3784,-0.0,0.92,0.06981,274.1609,1.4547,walk_east_mid.1,327.0401,0.92,0.06981,0.92,0.06981,Sidewalk
30.0,24.2394,4.3784,-0.0,0.8,-0.0,273.7609,1.2342,walk_east_mid.1,327.702,0.8,-0.0,0.8,-0.0,Sidewalk
30.5,24.6192,4.3917,0.03491,0.76,0.06981,273.3811,1.4579,walk_east_mid.1,326.9171,0.76,0.06981,0.76,0.06981,Sidewalk
31.0,25.0589,4.407,0.03491,0.88,-0.0,272.9414,1.2676,walk_east_mid.1,326.2331,0.88,-0.0,0.88,-0.0,Sidewalk
31.5,25.3989,4.407,-0.0,0.68,-0.06981,272.6014,1.3849,walk_east_mid.1,326.5135,0.68,-0.06981,0.68,-0.06981,Sidewalk
32.0,25.8389,4.407,-0.0,0.88,-0.0,272.1614,1.2287,walk_east_mid.1,325.7094,0.88,-0.0,0.88,-0.0,Sidewalk
32.5,26.1787,4.4189,0.03491,0.68,0.06981,271.8216,1.4647,walk_east_mid.1,325.4262,0.68,0.06981,0.68,0.06981,Sidewalk
33.0,26.6184,4.4343,0.03491,0.88,-0.0,271.3819,1.3357,walk_east_mid.1,324.2757,0.88,-0.0,0.88,-0.0,Sidewalk
33.5,26.9584,4.4343,-0.0,0.68,-0.06981,271.0419,1.4461,walk_east_mid.1,324.4945,0.68,-0.06981,0.68,-0.06981,Sidewalk
34.0,27.3984,4.4343,-0.0,0.88,-0.0,270.6019,1.2457,walk_east_mid.1,323.7641,0.88,-0.0,0.88,-0.0,Sidewalk
34.5,27.7382,4.4461,0.03491,0.68,0.06981,270.2622,1.4339,walk_east_mid.1,323.6264,0.68,0.06981,0.68,0.06981,Sidewalk
35.0,28.178,4.4615,0.03491,0.88,-0.0,269.8224,1.263,walk_east_mid.1,322.4813,0.88,-0.0,0.88,-0.0,Sidewalk
35.5,28.518,4.4615,-0.0,0.68,-0.06981,269.4824,1.427,walk_east_mid.1,322.6683,0.68,-0.06981,0.68,-0.06981,Sidewalk
36.0,28.958,4.4615,-0.0,0.88,-0.0,269.0424,1.2556,walk_east_mid.1,321.8645,0.88,-0.0,0.88,-0.0,Sidewalk
36.5,29.2977,4.4496,-0.03491,0.68,-0.06981,268.7026,1.4586,walk_east_mid.1,321.7844,0.68,-0.06981,0.68,-0.06981,Sidewalk
37.0,29.6975,4.4357,-0.03491,0.8,-0.0,268.3029,1.2531,walk_east_mid.1,321.2023,0.8,-0.0,0.8,-0.0,Sidewalk
37.5,30.1175,4.4357,-0.0,0.84,0.06981,267.8829,1.4883,walk_east_mid.1,319.8334,0.84,0.06981,0.84,0.06981,Sidewalk
38.0,30.5175,4.4357,-0.0,0.8,-0.0,267.4829,1.283,walk_east_mid.1,320.0339,0.8,-0.0,0.8,-0.0,Sidewalk
38.5,30.8573,4.4475,0.03491,0.68,0.06981,267.1431,1.3261,walk_east_mid.1,320.1651,0.68,0.06981,0.68,0.06981,Sidewalk
39.0,31.297,4.4629,0.03491,0.88,-0.0,266.7034,1.194,walk_east_mid.1,318.9902,0.88,-0.0,0.88,-0.0,Sidewalk
39.5,31.637,4.4629,-0.0,0.68,-0.06981,266.3634,1.3899,walk_east_mid.1,319.0166,0.68,-0.06981,0.68,-0.06981,Sidewalk
40.0,32.077,4.4629,-0.0,0.88,-0.0,265.9234,1.2777,walk_east_mid.1,318.02,0.88,-0.0,0.88,-0.0,Sidewalk
40.5,32.4168,4.451,-0.03491,0.68,-0.06981,265.5836,1.3635,walk_east_mid.1,318.1685,0.68,-0.06981,0.68,-0.06981,Sidewalk
41.0,32.8166,4.4371,-0.03491,0.8,-0.0,265.1838,1.1992,walk_east_mid.1,317.5432,0.8,-0.0,0.8,-0.0,Sidewalk
41.5,33.2366,4.4371,-0.0,0.84,0.06981,264.7638,1.3905,walk_east_mid.1,316.3174,0.84,0.06981,0.84,0.06981,Sidewalk
42.0,33.6766,4.4371,-0.0,0.88,-0.0,264.3238,1.232,walk_east_mid.1,316.2034,0.88,-0.0,0.88,-0.0,Sidewalk
42.5,34.0164,4.4252,-0.03491,0.68,-0.06981,263.984,1.3964,walk_east_mid.1,316.1629,0.68,-0.06981,0.68,-0.06981,Sidewalk
43.0,34.4161,4.4112,-0.03491,0.8,-0.0,263.5842,1.1901,walk_east_mid.1,315.6586,0.8,-0.0,0.8,-0.0,Sidewalk
43.5,34.8361,4.4112,-0.0,0.84,0.06981,263.1642,1.4172,walk_east_mid.1,314.33,0.84,0.06981,0.84,0.06981,Sidewalk
44.0,35.2761,4.4112,-0.0,0.88,-0.0,262.7242,1.2369,walk_east_mid.1,314.2536,0.88,-0.0,0.88,-0.0,Sidewalk
44.5,35.6159,4.3994,-0.03491,0.68,-0.06981,262.3844,1.3904,walk_east_mid.1,314.258,0.68,-0.06981,0.68,-0.06981,Sidewalk
45.0,36.0157,4.3854,-0.03491,0.8,-0.0,261.9846,1.1795,walk_east_mid.1,313.7812,0.8,-0.0,0.8,-0.0,Sidewalk
45.5,36.4757,4.3854,-0.0,0.92,0.06981,261.5246,1.4458,walk_east_mid.1,311.8973,0.92,0.06981,0.92,0.06981,Sidewalk
46.0,36.8757,4.3854,-0.0,0.8,-0.0,261.1246,1.2991,walk_east_mid.1,312.3226,0.8,-0.0,0.8,-0.0,Sidewalk
46.5,37.2554,4.3987,0.03491,0.76,0.06981,260.7449,1.4078,walk_east_mid.1,311.8716,0.76,0.06981,0.76,0.06981,Sidewalk
47.0,37.6952,4.414,0.03491,0.88,-0.0,260.3052,1.2098,walk_east_mid.1,311.2484,0.88,-0.0,0.88,-0.0,Sidewalk
47.5,38.0352,4.414,-0.0,0.68,-0.06981,259.9652,1.4311,walk_east_mid.1,311.2366,0.68,-0.06981,0.68,-0.06981,Sidewalk
48.0,38.4752,4.414,-0.0,0.88,-0.0,259.5252,1.3064,walk_east_mid.1,310.4112,0.88,-0.0,0.88,-0.0,Sidewalk
48.5,38.815,4.4022,-0.03491,0.68,-0.06981,259.1853,1.4315,walk_east_mid.1,310.3188,0.68,-0.06981,0.68,-0.06981,Sidewalk
49.0,39.2147,4.3882,-0.03491,0.8,-0.0,258.7856,1.1993,walk_east_mid.1,309.863,0.8,-0.0,0.8,-0.0,Sidewalk
49.5,39.6747,4.3882,-0.0,0.92,0.06981,258.3256,1.4953,walk_east_mid.1,307.9505,0.92,0.06981,0.92,0.06981,Sidewalk
50.0,40.0747,4.3882,-0.0,0.8,-0.0,257.9256,1.2885,walk_east_mid.1,308.5171,0.8,-0.0,0.8,-0.0,Sidewalk
50.5,40.4545,4.4015,0.03491,0.76,0.06981,257.5458,1.4577,walk_east_mid.1,307.916,0.76,0.06981,0.76,0.06981,Sidewalk
51.0,40.8942,4.4168,0.03491,0.88,-0.0,257.1061,1.3091,walk_east_mid.1,307.1569,0.88,-0.0,0.88,-0.0,Sidewalk
51.5,41.2342,4.4168,-0.0,0.68,-0.06981,256.7661,1.3453,walk_east_mid.1,307.6178,0.68,-0.06981,0.68,-0.06981,Sidewalk
52.0,41.6742,4.4168,-0.0,0.88,-0.0,256.3261,1.2257,walk_east_mid.1,306.6976,0.88,-0.0,0.88,-0.0,Sidewalk
52.5,42.014,4.4049,-0.03491,0.68,-0.06981,255.9863,1.4473,walk_east_mid.1,306.4434,0.68,-0.06981,0.68,-0.06981,Sidewalk
53.0,42.4138,4.391,-0.03491,0.8,-0.0,255.5865,1.2138,walk_east_mid.1,305.9686,0.8,-0.0,0.8,-0.0,Sidewalk
53.5,42.8738,4.391,-0.0,0.92,0.06981,255.1265,1.3139,walk_east_up.1,304.565,0.92,0.06981,0.92,0.06981,Sidewalk
54.0,43.2738,4.391,-0.0,0.8,-0.0,254.7265,1.2463,walk_east_up.1,304.9073,0.8,-0.0,0.8,-0.0,Sidewalk
54.5,43.6136,4.3791,-0.03491,0.68,-0.06981,254.3867,1.1267,walk_east_up.1,305.5763,0.68,-0.06981,0.68,-0.06981,Sidewalk
55.0,44.0533,4.3638,-0.03491,0.88,-0.0,253.947,1.0122,walk_east_up.1,305.051,0.88,-0.0,0.88,-0.0,Sidewalk
55.5,44.5133,4.3638,-0.0,0.92,0.06981,253.487,0.9701,walk_east_up.1,304.2454,0.92,0.06981,0.92,0.06981,Sidewalk
56.0,44.9533,4.3638,-0.0,0.88,-0.0,253.047,0.8593,walk_east_up.1,304.8865,0.88,-0.0,0.88,-0.0,Sidewalk
56.5,45.3331,4.3505,-0.03491,0.76,-0.06981,252.6672,0.7712,walk_east_up.1,306.4116,0.76,-0.06981,0.76,-0.06981,Sidewalk
57.0,45.7728,4.3351,-0.03491,0.88,-0.0,252.2274,0.6649,walk_east_up.1,307.899,0.88,-0.0,0.88,-0.0,Sidewalk
57.5,46.2328,4.3351,-0.0,0.92,0.06981,251.7674,0.638,walk_east_up.1,308.2982,0.92,0.06981,0.92,0.06981,Sidewalk
58.0,46.6728,4.3351,-0.0,0.88,-0.0,251.3274,0.5842,walk_east_up.1,310.9528,0.88,-0.0,0.88,-0.0,Sidewalk
58.5,47.0526,4.3219,-0.03491,0.76,-0.06981,250.9476,0.5034,walk_east_up.1,321.8008,0.76,-0.06981,0.76,-0.06981,Sidewalk
59.0,47.4923,4.3065,-0.03491,0.88,-0.0,250.5079,0.4553,walk_east_up.1,341.6023,0.88,-0.0,0.88,-0.0,Sidewalk
59.5,47.9523,4.3065,-0.0,0.92,0.06981,250.0479,0.4207,walk_east_up.1,416.3443,0.92,0.06981,0.92,0.06981,Sidewalk
60.0,48.3513,4.2786,-0.06981,0.8,-0.13963,249.6488,0.4197,walk_east_up.1,423.2081,0.8,-0.13963,0.8,-0.13963,Sidewalk
60.5,48.6497,4.2473,-0.10472,0.6,-0.06981,249.3504,0.468,walk_east_up.1,333.2998,0.6,-0.06981,0.6,-0.06981,Sidewalk
61.0,48.8294,4.1596,-0.45379,0.4,-0.69813,249.1706,0.7367,walk_east_up.1,307.2551,0.4,-0.69813,0.4,-0.69813,Sidewalk
61.5,49.0631,4.0456,-0.45379,0.52,-0.0,248.9369,0.9235,walk_east_mid.1,301.3662,0.52,-0.0,0.52,-0.0,Sidewalk
62.0,49.4014,3.9225,-0.34907,0.72,0.20944,248.5986,0.6412,walk_east_mid.1,305.4237,0.72,0.20944,0.72,0.20944,Sidewalk
62.5,49.8051,3.8067,-0.27925,0.84,0.13963,248.1949,1.0589,walk_east_mid.1,298.0183,0.84,0.13963,0.84,0.13963,Sidewalk
63.0,50.1545,3.7196,-0.24435,0.72,0.06981,247.8457,1.4186,walk_east_mid.1,297.3528,0.72,0.06981,0.72,0.06981,Sidewalk
63.5,50.5681,3.6467,-0.17453,0.84,0.13963,247.4322,1.4287,walk_east_mid.1,296.6775,0.84,0.13963,0.84,0.13963,Sidewalk
64.0,50.9246,3.5966,-0.13963,0.72,0.06981,247.0758,1.3894,walk_east_mid.1,296.3828,0.72,0.06981,0.72,0.06981,Sidewalk
64.5,51.3009,3.5437,-0.13963,0.76,-0.0,246.6996,1.4477,walk_east_mid.1,295.4518,0.76,-0.0,0.76,-0.0,Sidewalk
65.0,51.6589,3.5061,-0.10472,0.72,0.06981,246.3416,1.3447,walk_east_mid.1,295.4246,0.72,0.06981,0.72,0.06981,Sidewalk
65.5,52.0368,3.4664,-0.10472,0.76,-0.0,245.9638,1.3568,walk_east_mid.1,294.4677,0.76,-0.0,0.76,-0.0,Sidewalk
66.0,52.4358,3.4385,-0.06981,0.8,0.06981,245.5648,1.502,walk_east_mid.1,294.415,0.8,0.06981,0.8,0.06981,Sidewalk
66.5,52.775,3.4147,-0.06981,0.68,-0.0,245.2257,1.4858,walk_east_mid.1,293.561,0.68,-0.0,0.68,-0.0,Sidewalk
67.0,53.1748,3.4008,-0.03491,0.8,0.06981,244.826,1.3962,walk_east_mid.1,293.6378,0.8,0.06981,0.8,0.06981,Sidewalk
67.5,53.5545,3.3875,-0.03491,0.76,-0.0,244.4462,1.5119,walk_east_mid.1,292.6536,0.76,-0.0,0.76,-0.0,Sidewalk
68.0,53.9945,3.3875,-0.0,0.88,0.06981,244.0062,1.5674,walk_east_mid.1,292.8963,0.88,0.06981,0.88,0.06981,Sidewalk
68.5,54.3745,3.3875,-0.0,0.76,-0.0,243.6262,1.5566,walk_east_mid.1,291.626,0.76,-0.0,0.76,-0.0,Sidewalk
69.0,54.8143,3.4029,0.03491,0.88,0.06981,243.1865,1.5401,walk_east_mid.1,293.2739,0.88,0.06981,0.88,0.06981,Sidewalk
69.5,55.194,3.4161,0.03491,0.76,-0.0,242.8067,1.5329,walk_east_mid.1,290.9632,0.76,-0.0,0.76,-0.0,Sidewalk
70.0,55.474,3.4161,-0.0,0.56,-0.06981,242.5267,1.3228,walk_east_mid.1,291.2156,0.56,-0.06981,0.56,-0.06981,Sidewalk
70.5,55.854,3.4161,-0.0,0.76,-0.0,242.1467,1.3423,walk_east_mid.1,289.8161,0.76,-0.0,0.76,-0.0,Sidewalk
71.0,56.1339,3.4259,0.03491,0.56,0.06981,241.8668,1.3474,walk_east_mid.1,290.3508,0.56,0.06981,0.56,0.06981,Sidewalk
71.5,56.5136,3.4392,0.03491,0.76,-0.0,241.487,1.4036,walk_east_mid.1,288.97,0.76,-0.0,0.76,-0.0,Sidewalk
72.0,56.8336,3.4392,-0.0,0.64,-0.06981,241.167,1.3871,walk_east_mid.1,289.0096,0.64,-0.06981,0.64,-0.06981,Sidewalk
72.5,57.2136,3.4392,-0.0,0.76,-0.0,240.787,1.4252,walk_east_mid.1,287.7856,0.76,-0.0,0.76,-0.0,Sidewalk
73.0,57.5734,3.4517,0.03491,0.72,0.06981,240.4272,1.4572,walk_east_mid.1,287.5554,0.72,0.06981,0.72,0.06981,Sidewalk
73.5,57.9532,3.465,0.03491,0.76,-0.0,240.0474,1.4408,walk_east_mid.1,286.8595,0.76,-0.0,0.76,-0.0,Sidewalk
74.0,58.3522,3.4929,0.06981,0.8,0.06981,239.6483,1.3947,walk_east_mid.1,286.3996,0.8,0.06981,0.8,0.06981,Sidewalk
74.5,58.7712,3.5222,0.06981,0.84,-0.0,239.2293,1.4676,walk_east_mid.1,285.8719,0.84,-0.0,0.84,-0.0,Sidewalk
75.0,59.1709,3.5362,0.03491,0.8,-0.06981,238.8295,1.4554,walk_east_mid.1,285.2196,0.8,-0.06981,0.8,-0.06981,Sidewalk
75.5,59.5886,3.5801,0.10472,0.84,0.13963,238.4117,1.438,walk_east_mid.1,284.9102,0.84,0.13963,0.84,0.13963,Sidewalk
76.0,60.0244,3.6413,0.13963,0.88,0.06981,237.9759,1.5025,walk_east_mid.1,283.8322,0.88,0.06981,0.88,0.06981,Sidewalk
76.5,60.4403,3.6997,0.13963,0.84,-0.0,237.5599,1.4081,walk_east_mid.1,283.5754,0.84,-0.0,0.84,-0.0,Sidewalk
77.0,60.8736,3.7761,0.17453,0.88,0.06981,237.1265,1.4957,walk_east_mid.1,282.8785,0.88,0.06981,0.88,0.06981,Sidewalk
77.5,61.3266,3.856,0.17453,0.92,-0.0,236.6734,1.4086,walk_east_mid.1,282.1638,0.92,-0.0,0.92,-0.0,Sidewalk
78.0,61.7227,3.9117,0.13963,0.8,-0.06981,236.2773,1.3653,walk_east_mid.1,282.5547,0.8,-0.06981,0.8,-0.06981,Sidewalk
78.5,62.1782,3.9757,0.13963,0.92,-0.0,235.8218,1.354,walk_east_mid.1,281.2883,0.92,-0.0,0.92,-0.0,Sidewalk
79.0,62.576,4.0175,0.10472,0.8,-0.06981,235.424,1.432,walk_east_mid.1,281.6018,0.8,-0.06981,0.8,-0.06981,Sidewalk
79.5,62.9937,4.0614,0.10472,0.84,-0.0,235.0063,1.4287,walk_east_mid.1,280.4598,0.84,-0.0,0.84,-0.0,Sidewalk
80.0,63.3529,4.0865,0.06981,0.72,-0.06981,234.6472,1.3462,walk_east_mid.1,280.8407,0.72,-0.06981,0.72,-0.06981,Sidewalk
80.5,63.8117,4.1186,0.06981,0.92,-0.0,234.1883,1.1396,walk_east_mid.1,279.9998,0.92,-0.0,0.92,-0.0,Sidewalk
81.0,64.1715,4.1312,0.03491,0.72,-0.06981,233.8285,1.3283,walk_east_mid.1,279.9221,0.72,-0.06981,0.72,-0.06981,Sidewalk
81.5,64.5913,4.1459,0.03491,0.84,-0.0,233.4088,1.1961,walk_east_mid.1,279.2186,0.84,-0.0,0.84,-0.0,Sidewalk
82.0,65.0302,4.1765,0.06981,0.88,0.06981,232.9699,1.4963,walk_east_mid.1,277.7733,0.88,0.06981,0.88,0.06981,Sidewalk
82.5,65.4891,4.2086,0.06981,0.92,-0.0,232.511,1.3318,walk_east_mid.1,277.6585,0.92,-0.0,0.92,-0.0,Sidewalk
83.0,65.8489,4.2212,0.03491,0.72,-0.06981,232.1513,1.4323,walk_east_mid.1,277.6385,0.72,-0.06981,0.72,-0.06981,Sidewalk
83.5,66.2686,4.2359,0.03491,0.84,-0.0,231.7315,1.2421,walk_east_mid.1,277.0368,0.84,-0.0,0.84,-0.0,Sidewalk
84.0,66.6286,4.2359,-0.0,0.72,-0.06981,231.3715,1.3268,walk_east_mid.1,276.9954,0.72,-0.06981,0.72,-0.06981,Sidewalk
84.5,67.0886,4.2359,-0.0,0.92,-0.0,230.9115,1.1044,walk_east_mid.1,276.6456,0.92,-0.0,0.92,-0.0,Sidewalk
85.0,67.5283,4.2512,0.03491,0.88,0.06981,230.4718,1.54,walk_east_mid.1,274.6572,0.88,0.06981,0.88,0.06981,Sidewalk
85.5,67.9481,4.2659,0.03491,0.84,-0.0,230.0521,1.3218,walk_east_mid.1,274.8427,0.84,-0.0,0.84,-0.0,Sidewalk
86.0,68.3081,4.2659,-0.0,0.72,-0.06981,229.6921,1.3151,walk_east_mid.1,275.0148,0.72,-0.06981,0.72,-0.06981,Sidewalk
86.5,68.7281,4.2659,-0.0,0.84,-0.0,229.2721,1.1769,walk_east_mid.1,274.375,0.84,-0.0,0.84,-0.0,Sidewalk
87.0,69.1678,4.2812,0.03491,0.88,0.06981,228.8324,1.434,walk_east_mid.1,272.9165,0.88,0.06981,0.88,0.06981,Sidewalk
87.5,69.6275,4.2973,0.03491,0.92,-0.0,228.3727,1.224,walk_east_mid.1,273.0955,0.92,-0.0,0.92,-0.0,Sidewalk
88.0,69.9866,4.3224,0.06981,0.72,0.06981,228.0136,1.4126,walk_east_mid.1,272.8036,0.72,0.06981,0.72,0.06981,Sidewalk
88.5,70.4455,4.3545,0.06981,0.92,-0.0,227.5547,1.3106,walk_east_mid.1,271.4311,0.92,-0.0,0.92,-0.0,Sidewalk
89.0,70.8053,4.367,0.03491,0.72,-0.06981,227.195,1.4858,walk_east_mid.1,271.9854,0.72,-0.06981,0.72,-0.06981,Sidewalk
89.5,71.265,4.3831,0.03491,0.92,-0.0,226.7353,1.3368,walk_east_mid.1,270.8617,0.92,-0.0,0.92,-0.0,Sidewalk
90.0,71.625,4.3831,-0.0,0.72,-0.06981,226.3753,1.4981,walk_east_mid.1,271.3037,0.72,-0.06981,0.72,-0.06981,Sidewalk
90.5,72.005,4.3831,-0.0,0.76,-0.0,225.9953,1.3116,walk_east_mid.1,270.3311,0.76,-0.0,0.76,-0.0,Sidewalk
91.0,72.3648,4.3957,0.03491,0.72,0.06981,225.6355,1.3666,walk_east_mid.1,270.0432,0.72,0.06981,0.72,0.06981,Sidewalk
91.5,72.8245,4.4117,0.03491,0.92,-0.0,225.1758,1.253,walk_east_mid.1,268.8817,0.92,-0.0,0.92,-0.0,Sidewalk
92.0,73.1845,4.4117,-0.0,0.72,-0.06981,224.8158,1.4098,walk_east_mid.1,269.491,0.72,-0.06981,0.72,-0.06981,Sidewalk
92.5,73.6045,4.4117,-0.0,0.84,-0.0,224.3958,1.2397,walk_east_mid.1,268.409,0.84,-0.0,0.84,-0.0,Sidewalk
93.0,73.9643,4.4243,0.03491,0.72,0.06981,224.0361,1.4574,walk_east_mid.1,267.9035,0.72,0.06981,0.72,0.06981,Sidewalk
93.5,74.424,4.4403,0.03491,0.92,-0.0,223.5764,1.2803,walk_east_mid.1,266.8815,0.92,-0.0,0.92,-0.0,Sidewalk
94.0,74.784,4.4403,-0.0,0.72,-0.06981,223.2164,1.4334,walk_east_mid.1,267.5155,0.72,-0.06981,0.72,-0.06981,Sidewalk
94.5,75.244,4.4403,-0.0,0.92,-0.0,222.7564,1.251,walk_east_mid.1,266.4412,0.92,-0.0,0.92,-0.0,Sidewalk
95.0,75.6038,4.4278,-0.03491,0.72,-0.06981,222.3966,1.5109,walk_east_mid.1,266.8133,0.72,-0.06981,0.72,-0.06981,Sidewalk
95.5,75.9836,4.4145,-0.03491,0.76,-0.0,222.0168,1.3292,walk_east_mid.1,265.6931,0.76,-0.0,0.76,-0.0,Sidewalk
96.0,76.4236,4.4145,-0.0,0.88,0.06981,221.5768,1.4539,walk_east_mid.1,264.1418,0.88,0.06981,0.88,0.06981,Sidewalk
96.5,76.8836,4.4145,-0.0,0.92,-0.0,221.1168,1.3113,walk_east_mid.1,264.6548,0.92,-0.0,0.92,-0.0,Sidewalk
97.0,77.2434,4.4271,0.03491,0.72,0.06981,220.7571,1.4632,walk_east_mid.1,263.9561,0.72,0.06981,0.72,0.06981,Sidewalk
97.5,77.7031,4.4431,0.03491,0.92,-0.0,220.2974,1.36,walk_east_mid.1,262.9747,0.92,-0.0,0.92,-0.0,Sidewalk
98.0,78.0631,4.4431,-0.0,0.72,-0.06981,219.9374,1.4324,walk_east_mid.1,264.2538,0.72,-0.06981,0.72,-0.06981,Sidewalk
98.5,78.5231,4.4431,-0.0,0.92,-0.0,219.4774,1.2297,walk_east_mid.1,262.5413,0.92,-0.0,0.92,-0.0,Sidewalk
99.0,78.8829,4.4306,-0.03491,0.72,-0.06981,219.1176,1.4183,walk_east_mid.1,263.5246,0.72,-0.06981,0.72,-0.06981,Sidewalk
99.5,79.2626,4.4173,-0.03491,0.76,-0.0,218.7378,1.2221,walk_east_mid.1,262.1206,0.76,-0.0,0.76,-0.0,Sidewalk
100.0,79.7026,4.4173,-0.0,0.88,0.06981,218.2978,1.4063,walk_east_mid.1,260.3195,0.88,0.06981,0.88,0.06981,Sidewalk
100.5,80.1626,4.4173,-0.0,0.92,-0.0,217.8378,1.2614,walk_east_mid.1,260.697,0.92,-0.0,0.92,-0.0,Sidewalk
101.0,80.5224,4.4299,0.03491,0.72,0.06981,217.478,1.4061,walk_east_mid.1,260.1547,0.72,0.06981,0.72,0.06981,Sidewalk
101.5,80.9821,4.4459,0.03491,0.92,-0.0,217.0183,1.202,walk_east_mid.1,259.1342,0.92,-0.0,0.92,-0.0,Sidewalk
102.0,81.3421,4.4459,-0.0,0.72,-0.06981,216.6583,1.4691,walk_east_mid.1,260.6378,0.72,-0.06981,0.72,-0.06981,Sidewalk
102.5,81.8021,4.4459,-0.0,0.92,-0.0,216.1983,1.3567,walk_east_mid.1,258.559,0.92,-0.0,0.92,-0.0,Sidewalk
103.0,82.1619,4.4333,-0.03491,0.72,-0.06981,215.8385,1.4212,walk_east_mid.1,260.2946,0.72,-0.06981,0.72,-0.06981,Sidewalk
103.5,82.5417,4.4201,-0.03491,0.76,-0.0,215.4587,1.198,walk_east_mid.1,258.4054,0.76,-0.0,0.76,-0.0,Sidewalk
104.0,82.9817,4.4201,-0.0,0.88,0.06981,215.0187,1.4837,walk_east_mid.1,256.2074,0.88,0.06981,0.88,0.06981,Sidewalk
104.5,83.4417,4.4201,-0.0,0.92,-0.0,214.5587,1.3091,walk_east_mid.1,256.6709,0.92,-0.0,0.92,-0.0,Sidewalk
105.0,83.8015,4.4075,-0.03491,0.72,-0.06981,214.1989,1.4687,walk_east_mid.1,259.2242,0.72,-0.06981,0.72,-0.06981,Sidewalk
105.5,84.2612,4.3915,-0.03491,0.92,-0.0,213.7392,1.2738,walk_east_mid.1,256.6409,0.92,-0.0,0.92,-0.0,Sidewalk
106.0,84.7012,4.3915,-0.0,0.88,0.06981,213.2992,1.5368,walk_east_mid.1,254.072,0.88,0.06981,0.88,0.06981,Sidewalk
106.5,85.1612,4.3915,-0.0,0.92,-0.0,212.8392,1.3449,walk_east_mid.1,254.794,0.92,-0.0,0.92,-0.0,Sidewalk
107.0,85.521,4.404,0.03491,0.72,0.06981,212.4794,1.442,walk_east_mid.1,254.0694,0.72,0.06981,0.72,0.06981,Sidewalk
107.5,85.9807,4.4201,0.03491,0.92,-0.0,212.0197,1.3129,walk_east_mid.1,253.1682,0.92,-0.0,0.92,-0.0,Sidewalk
108.0,86.3407,4.4201,-0.0,0.72,-0.06981,211.6597,1.4722,walk_east_mid.1,256.6426,0.72,-0.06981,0.72,-0.06981,Sidewalk
108.5,86.8007,4.4201,-0.0,0.92,-0.0,211.1997,1.2592,walk_east_mid.1,252.7056,0.92,-0.0,0.92,-0.0,Sidewalk
109.0,87.1605,4.4075,-0.03491,0.72,-0.06981,210.8399,1.487,walk_east_mid.1,257.1234,0.72,-0.06981,0.72,-0.06981,Sidewalk
109.5,87.5003,4.3957,-0.03491,0.68,-0.0,210.5001,1.2749,walk_east_mid.1,252.5427,0.68,-0.0,0.68,-0.0,Sidewalk
110.0,87.9403,4.3957,-0.0,0.88,0.06981,210.0601,1.4597,walk_east_mid.1,250.3078,0.88,0.06981,0.88,0.06981,Sidewalk
110.5,88.4003,4.3957,-0.0,0.92,-0.0,209.6001,1.242,walk_east_mid.1,250.9462,0.92,-0.0,0.92,-0.0,Sidewalk
111.0,88.76,4.4082,0.03491,0.72,0.06981,209.2404,1.4692,walk_east_mid.1,250.1217,0.72,0.06981,0.72,0.06981,Sidewalk
111.5,89.2198,4.4243,0.03491,0.92,-0.0,208.7807,1.314,walk_east_mid.1,249.2813,0.92,-0.0,0.92,-0.0,Sidewalk
112.0,89.5798,4.4243,-0.0,0.72,-0.06981,208.4207,1.3984,walk_east_mid.1,253.0993,0.72,-0.06981,0.72,-0.06981,Sidewalk
112.5,90.0398,4.4243,-0.0,0.92,-0.0,207.9607,1.2439,walk_east_mid.1,248.821,0.92,-0.0,0.92,-0.0,Sidewalk
113.0,90.3995,4.4117,-0.03491,0.72,-0.06981,207.6009,1.4452,walk_east_mid.1,253.8928,0.72,-0.06981,0.72,-0.06981,Sidewalk
113.5,90.7393,4.3998,-0.03491,0.68,-0.0,207.2611,1.1666,walk_east_mid.1,248.7761,0.68,-0.0,0.68,-0.0,Sidewalk
114.0,91.1793,4.3998,-0.0,0.88,0.06981,206.8211,1.409,walk_east_mid.1,246.5398,0.88,0.06981,0.88,0.06981,Sidewalk
114.5,91.6393,4.3998,-0.0,0.92,-0.0,206.3611,1.2607,walk_east_mid.1,246.1248,0.92,-0.0,0.92,-0.0,Sidewalk
115.0,92.0791,4.3845,-0.03491,0.88,-0.06981,205.9213,1.568,walk_east_mid.1,245.1291,0.88,-0.06981,0.88,-0.06981,Sidewalk
115.5,92.5388,4.3684,-0.03491,0.92,-0.0,205.4616,1.4594,walk_east_mid.1,244.4999,0.92,-0.0,0.92,-0.0,Sidewalk
116.0,92.9788,4.3684,-0.0,0.88,0.06981,205.0216,1.508,walk_east_mid.1,244.1571,0.88,0.06981,0.88,0.06981,Sidewalk
116.5,93.4388,4.3684,-0.0,0.92,-0.0,204.5616,1.3357,walk_east_mid.1,243.7315,0.92,-0.0,0.92,-0.0,Sidewalk
117.0,93.8785,4.3531,-0.03491,0.88,-0.06981,204.1218,1.554,walk_east_mid.1,242.9955,0.88,-0.06981,0.88,-0.06981,Sidewalk
117.5,94.3382,4.337,-0.03491,0.92,-0.0,203.662,1.361,walk_east_mid.1,242.5812,0.92,-0.0,0.92,-0.0,Sidewalk
118.0,94.7782,4.337,-0.0,0.88,0.06981,203.222,1.4411,walk_east_mid.1,242.1407,0.88,0.06981,0.88,0.06981,Sidewalk
118.5,95.2382,4.337,-0.0,0.92,-0.0,202.762,1.3421,walk_east_mid.1,241.5527,0.92,-0.0,0.92,-0.0,Sidewalk
119.0,95.678,4.3217,-0.03491,0.88,-0.06981,202.3223,1.4389,walk_east_mid.1,241.0761,0.88,-0.06981,0.88,-0.06981,Sidewalk
119.5,96.1377,4.3056,-0.03491,0.92,-0.0,201.8625,1.3248,walk_east_mid.1,240.523,0.92,-0.0,0.92,-0.0,Sidewalk
120.0,96.5777,4.3056,-0.0,0.88,0.06981,201.4225,2.0778,walk_east_mid.2,239.0684,0.88,0.06981,0.88,0.06981,Sidewalk
120.5,97.0377,4.3056,-0.0,0.92,-0.0,200.9626,2.5406,walk_east_mid.3,237.9066,0.92,-0.0,0.92,-0.0,Sidewalk
121.0,97.4774,4.2903,-0.03491,0.88,-0.06981,200.5228,2.9442,walk_east_mid.4,237.4929,0.88,-0.06981,0.88,-0.06981,Sidewalk
121.5,97.9371,4.2742,-0.03491,0.92,-0.0,200.0631,3.385,walk_east_up.2,236.497,0.92,-0.0,0.92,-0.0,Sidewalk
122.0,98.3771,4.2742,-0.0,0.88,0.06981,199.6231,7.5996,walk_east_dn.1,235.7646,0.88,0.06981,0.88,0.06981,Sidewalk
122.5,98.8371,4.2742,-0.0,0.92,-0.0,199.1631,7.6857,walk_east_dn.1,234.9216,0.92,-0.0,0.92,-0.0,Sidewalk
123.0,99.2769,4.2589,-0.03491,0.88,-0.06981,198.7233,7.7344,walk_east_dn.1,234.6918,0.88,-0.06981,0.88,-0.06981,Sidewalk
123.5,99.7366,4.2428,-0.03491,0.92,-0.0,198.2636,7.7986,walk_east_dn.1,233.8374,0.92,-0.0,0.92,-0.0,Sidewalk
124.0,100.1766,4.2428,-0.0,0.88,0.06981,197.8236,7.8402,walk_east_dn.1,233.5924,0.88,0.06981,0.88,0.06981,Sidewalk
124.5,100.6366,4.2428,-0.0,0.92,-0.0,197.3636,7.9373,walk_east_dn.1,232.7499,0.92,-0.0,0.92,-0.0,Sidewalk
125.0,101.0763,4.2274,-0.03491,0.88,-0.06981,196.9238,8.0183,walk_east_dn.1,232.5199,0.88,-0.06981,0.88,-0.06981,Sidewalk
125.5,101.536,4.2114,-0.03491,0.92,-0.0,196.4641,7.8919,walk_east_mid.5,231.6733,0.92,-0.0,0.92,-0.0,Sidewalk
126.0,101.976,4.2114,-0.0,0.88,0.06981,196.0241,7.6441,walk_east_mid.5,231.4407,0.88,0.06981,0.88,0.06981,Sidewalk
126.5,102.436,4.2114,-0.0,0.92,-0.0,195.5641,8.2109,walk_east_dn.1,230.5782,0.92,-0.0,0.92,-0.0,Sidewalk
127.0,102.8758,4.196,-0.03491,0.88,-0.06981,195.1243,8.2454,walk_east_dn.1,230.3513,0.88,-0.06981,0.88,-0.06981,Sidewalk
127.5,103.3355,4.18,-0.03491,0.92,-0.0,194.6646,14.1668,walk_south.3,229.3615,0.92,-0.0,0.92,-0.0,Sidewalk
128.0,103.7755,4.18,-0.0,0.88,0.06981,194.2246,14.0184,walk_south.3,229.1184,0.88,0.06981,0.88,0.06981,Sidewalk
128.5,104.2355,4.18,-0.0,0.92,-0.0,193.7646,13.9185,walk_south.3,228.2831,0.92,-0.0,0.92,-0.0,Sidewalk
129.0,104.6752,4.1646,-0.03491,0.88,-0.06981,193.3248,13.716,walk_south.3,228.0615,0.88,-0.06981,0.88,-0.06981,Sidewalk
129.5,105.1349,4.1486,-0.03491,0.92,-0.0,192.8651,13.5413,walk_south.3,227.2104,0.92,-0.0,0.92,-0.0,Sidewalk
130.0,105.5749,4.1486,-0.0,0.88,0.06981,192.4251,13.3744,walk_south.3,226.9669,0.88,0.06981,0.88,0.06981,Sidewalk
130.5,106.0349,4.1486,-0.0,0.92,-0.0,191.9651,13.219,walk_south.3,226.1333,0.92,-0.0,0.92,-0.0,Sidewalk
131.0,106.4747,4.1332,-0.03491,0.88,-0.06981,191.5254,13.0634,walk_south.3,225.9123,0.88,-0.06981,0.88,-0.06981,Sidewalk
131.5,106.9344,4.1172,-0.03491,0.92,-0.0,191.0656,12.9393,walk_south.3,225.06,0.92,-0.0,0.92,-0.0,Sidewalk
132.0,107.3744,4.1172,-0.0,0.88,0.06981,190.6256,12.83,walk_south.3,224.8148,0.88,0.06981,0.88,0.06981,Sidewalk
132.5,107.8344,4.1172,-0.0,0.92,-0.0,190.1656,12.7034,walk_south.3,223.9817,0.92,-0.0,0.92,-0.0,Sidewalk
133.0,108.2741,4.1018,-0.03491,0.88,-0.06981,189.7259,12.5783,walk_south.3,223.7614,0.88,-0.06981,0.88,-0.06981,Sidewalk
133.5,108.7338,4.0858,-0.03491,0.92,-0.0,189.2662,12.4073,walk_south.3,222.9094,0.92,-0.0,0.92,-0.0,Sidewalk
134.0,109.1738,4.0858,-0.0,0.88,0.06981,188.8262,12.2781,walk_south.3,222.6637,0.88,0.06981,0.88,0.06981,Sidewalk
134.5,109.6338,4.0858,-0.0,0.92,-0.0,188.3662,12.1989,walk_south.3,221.8307,0.92,-0.0,0.92,-0.0,Sidewalk
135.0,110.0736,4.0704,-0.03491,0.88,-0.06981,187.9264,12.0922,walk_south.3,221.6112,0.88,-0.06981,0.88,-0.06981,Sidewalk
135.5,110.5333,4.0543,-0.03491,0.92,-0.0,187.4667,11.9463,walk_south.3,220.7584,0.92,-0.0,0.92,-0.0,Sidewalk
136.0,110.9733,4.0543,-0.0,0.88,0.06981,187.0267,11.7776,walk_south.3,220.5127,0.88,0.06981,0.88,0.06981,Sidewalk
136.5,111.4333,4.0543,-0.0,0.92,-0.0,186.5667,11.6615,walk_south.3,219.6812,0.92,-0.0,0.92,-0.0,Sidewalk
137.0,111.873,4.039,-0.03491,0.88,-0.06981,186.127,11.4771,walk_south.3,219.4646,0.88,-0.06981,0.88,-0.06981,Sidewalk
137.5,112.3327,4.0229,-0.03491,0.92,-0.0,185.6673,11.3307,walk_south.3,218.6113,0.92,-0.0,0.92,-0.0,Sidewalk
138.0,112.7727,4.0229,-0.0,0.88,0.06981,185.2273,11.1691,walk_south.3,218.3649,0.88,0.06981,0.88,0.06981,Sidewalk
138.5,113.2327,4.0229,-0.0,0.92,-0.0,184.7673,11.0922,walk_south.3,217.5335,0.92,-0.0,0.92,-0.0,Sidewalk
139.0,113.6725,4.0076,-0.03491,0.88,-0.06981,184.3275,10.9276,walk_south.3,217.3179,0.88,-0.06981,0.88,-0.06981,Sidewalk
139.5,114.1322,3.9915,-0.03491,0.92,-0.0,183.8678,10.7876,walk_south.3,216.4641,0.92,-0.0,0.92,-0.0,Sidewalk
140.0,114.5722,3.9915,-0.0,0.88,0.06981,183.4278,10.6801,walk_south.3,216.2158,0.88,0.06981,0.88,0.06981,Sidewalk
140.5,115.0322,3.9915,-0.0,0.92,-0.0,182.9678,10.5408,walk_south.3,215.3869,0.92,-0.0,0.92,-0.0,Sidewalk
141.0,115.4719,4.0069,0.03491,0.88,0.06981,182.5281,10.4555,walk_south.3,215.1702,0.88,0.06981,0.88,0.06981,Sidewalk
141.5,115.9317,4.0229,0.03491,0.92,-0.0,182.0684,10.3639,walk_south.3,214.3257,0.92,-0.0,0.92,-0.0,Sidewalk
142.0,116.3717,4.0229,-0.0,0.88,-0.06981,181.6284,10.2705,walk_south.3,214.0817,0.88,-0.06981,0.88,-0.06981,Sidewalk
142.5,116.8317,4.0229,-0.0,0.92,-0.0,181.1684,10.1517,walk_south.3,213.2699,0.92,-0.0,0.92,-0.0,Sidewalk
143.0,117.2714,4.0383,0.03491,0.88,0.06981,180.7286,10.0979,walk_south.3,213.0564,0.88,0.06981,0.88,0.06981,Sidewalk
143.5,117.7311,4.0543,0.03491,0.92,-0.0,180.2689,10.0095,walk_south.3,212.2268,0.92,-0.0,0.92,-0.0,Sidewalk
144.0,118.1711,4.0543,-0.0,0.88,-0.06981,179.8289,9.8948,walk_south.3,211.9861,0.88,-0.06981,0.88,-0.06981,Sidewalk
144.5,118.6311,4.0543,-0.0,0.92,-0.0,179.3689,9.8075,walk_south.3,211.1861,0.92,-0.0,0.92,-0.0,Sidewalk
145.0,119.0708,4.0697,0.03491,0.88,0.06981,178.9292,9.7391,walk_south.3,210.9748,0.88,0.06981,0.88,0.06981,Sidewalk
145.5,119.5306,4.0858,0.03491,0.92,-0.0,178.4695,9.6795,walk_south.3,210.1637,0.92,-0.0,0.92,-0.0,Sidewalk
146.0,119.9706,4.0858,-0.0,0.88,-0.06981,178.0295,9.5981,stand_0,209.9312,0.88,-0.06981,0.88,-0.06981,Sidewalk
146.5,120.4306,4.0858,-0.0,0.92,-0.0,177.5695,9.1395,stand_0,209.1549,0.92,-0.0,0.92,-0.0,Sidewalk
147.0,120.8703,4.1011,0.03491,0.88,0.06981,177.1297,8.7026,stand_0,208.9465,0.88,0.06981,0.88,0.06981,Sidewalk
147.5,121.33,4.1172,0.03491,0.92,-0.0,176.67,8.2462,stand_0,208.1799,0.92,-0.0,0.92,-0.0,Sidewalk
148.0,121.77,4.1172,-0.0,0.88,-0.06981,176.23,7.8083,stand_0,207.9727,0.88,-0.06981,0.88,-0.06981,Sidewalk
148.5,122.23,4.1172,-0.0,0.92,-0.0,175.77,7.3507,stand_0,207.2587,0.92,-0.0,0.92,-0.0,Sidewalk
149.0,122.6697,4.1325,0.03491,0.88,0.06981,175.3303,6.9152,stand_0,207.0684,0.88,0.06981,0.88,0.06981,Sidewalk
149.5,123.1295,4.1486,0.03491,0.92,-0.0,174.8706,6.4607,stand_0,206.434,0.92,-0.0,0.92,-0.0,Sidewalk
150.0,123.5684,4.1793,0.06981,0.88,0.06981,174.4317,6.0296,stand_0,206.3131,0.88,0.06981,0.88,0.06981,Sidewalk
150.5,124.0273,4.2114,0.06981,0.92,-0.0,173.9729,5.5804,stand_0,205.8946,0.92,-0.0,0.92,-0.0,Sidewalk
151.0,124.467,4.2267,0.03491,0.88,-0.06981,173.5332,5.1491,stand_0,206.0691,0.88,-0.06981,0.88,-0.06981,Sidewalk
151.5,124.8468,4.24,0.03491,0.76,-0.0,173.1534,4.7778,stand_0,205.8831,0.76,-0.0,0.76,-0.0,Sidewalk
152.0,125.2059,4.2651,0.06981,0.72,0.06981,172.7943,4.4307,stand_0,205.9462,0.72,0.06981,0.72,0.06981,Sidewalk
152.5,125.5052,4.286,0.06981,0.6,-0.0,172.4951,4.1431,stand_0,205.9453,0.6,-0.0,0.6,-0.0,Sidewalk
153.0,125.7836,4.3153,0.10472,0.56,0.06981,172.2167,3.8797,stand_0,205.9815,0.56,0.06981,0.56,0.06981,Sidewalk
153.5,126.0024,4.3383,0.10472,0.44,-0.0,171.9979,3.6744,stand_0,206.0104,0.44,-0.0,0.44,-0.0,Sidewalk
154.0,126.2418,4.355,0.06981,0.48,-0.06981,171.7585,3.4494,stand_0,205.9777,0.48,-0.06981,0.48,-0.06981,Sidewalk
154.5,126.4214,4.3676,0.06981,0.36,-0.0,171.579,3.282,stand_0,206.0103,0.36,-0.0,0.36,-0.0,Sidewalk
155.0,126.5813,4.3732,0.03491,0.32,-0.06981,171.4191,3.1323,stand_0,206.0038,0.32,-0.06981,0.32,-0.06981,Sidewalk
155.5,126.7212,4.378,0.03491,0.28,-0.0,171.2792,3.0021,stand_0,206.0233,0.28,-0.0,0.28,-0.0,Sidewalk
156.0,126.8812,4.378,-0.0,0.32,-0.06981,171.1192,2.8524,stand_0,206.0243,0.32,-0.06981,0.32,-0.06981,Sidewalk
156.5,126.9812,4.378,-0.0,0.2,-0.0,171.0192,2.7559,stand_6,206.0447,0.2,-0.0,0.2,-0.0,Sidewalk
157.0,127.1011,4.3739,-0.03491,0.24,-0.06981,170.8993,2.6373,stand_6,206.021,0.24,-0.06981,0.24,-0.06981,Sidewalk
157.5,127.2011,4.3704,-0.03491,0.2,-0.0,170.7993,2.5385,stand_6,206.0285,0.2,-0.0,0.2,-0.0,Sidewalk
158.0,127.2809,4.3648,-0.06981,0.16,-0.06981,170.7195,2.46,stand_6,206.0309,0.16,-0.06981,0.16,-0.06981,Sidewalk
158.5,127.3607,4.3592,-0.06981,0.16,-0.0,170.6397,2.3817,stand_6,206.0299,0.16,-0.0,0.16,-0.0,Sidewalk
159.0,127.4403,4.3508,-0.10472,0.16,-0.06981,170.5601,2.3041,stand_6,206.0453,0.16,-0.06981,0.16,-0.06981,Sidewalk
159.5,127.5198,4.3425,-0.10472,0.16,-0.0,170.4805,2.2267,stand_6,206.0577,0.16,-0.0,0.16,-0.0,Sidewalk
160.0,127.5594,4.3369,-0.13963,0.08,-0.06981,170.4409,2.1884,stand_6,206.0459,0.08,-0.06981,0.08,-0.06981,Sidewalk
160.5,127.599,4.3313,-0.13963,0.08,-0.0,170.4013,2.1502,stand_6,206.0381,0.08,-0.0,0.08,-0.0,Sidewalk
161.0,127.6384,4.3244,-0.17453,0.08,-0.06981,170.3619,2.1126,stand_6,206.0452,0.08,-0.06981,0.08,-0.06981,Sidewalk
161.5,127.6778,4.3174,-0.17453,0.08,-0.0,170.3225,2.075,stand_6,206.032,0.08,-0.0,0.08,-0.0,Sidewalk
162.0,127.7169,4.3091,-0.20944,0.08,-0.06981,170.2833,2.038,stand_6,206.0565,0.08,-0.06981,0.08,-0.06981,Sidewalk
162.5,127.7561,4.3008,-0.20944,0.08,-0.0,170.2442,2.0012,stand_6,206.0323,0.08,-0.0,0.08,-0.0,Sidewalk
163.0,127.7955,4.2939,-0.17453,0.08,0.06981,170.2048,1.9639,stand_6,206.0743,0.08,0.06981,0.08,0.06981,Sidewalk
163.5,127.8349,4.2869,-0.17453,0.08,-0.0,170.1654,1.9267,stand_6,206.0541,0.08,-0.0,0.08,-0.0,Sidewalk
164.0,127.8349,4.2869,-0.13963,0.0,0.06981,170.1654,1.9267,stand_6,206.0735,0.0,0.06981,0.0,0.06981,Sidewalk
164.5,127.8349,4.2869,-0.13963,0.0,-0.0,170.1654,1.9267,stand_6,206.0651,0.0,-0.0,0.0,-0.0,Sidewalk
165.0,127.8349,4.2869,-0.10472,0.0,0.06981,170.1654,1.9267,stand_6,206.0735,0.0,0.06981,0.0,0.06981,Sidewalk
165.5,127.8349,4.2869,-0.10472,0.0,-0.0,170.1654,1.9267,stand_6,206.0651,0.0,-0.0,0.0,-0.0,Sidewalk
166.0,127.8349,4.2869,-0.06981,0.0,0.06981,170.1654,1.9267,stand_6,206.0735,0.0,0.06981,0.0,0.06981,Sidewalk
166.5,127.8349,4.2869,-0.06981,0.0,-0.0,170.1654,1.9267,stand_6,206.0651,0.0,-0.0,0.0,-0.0,Sidewalk
167.0,127.8746,4.2827,-0.10472,0.08,-0.06981,170.1256,1.8887,stand_6,206.0734,0.08,-0.06981,0.08,-0.06981,Sidewalk
167.5,127.8746,4.2827,-0.10472,0.0,-0.0,170.1256,1.8887,stand_6,206.059,0.0,-0.0,0.0,-0.0,Sidewalk
168.0,127.8746,4.2827,-0.06981,0.0,0.06981,170.1256,1.8887,stand_6,206.0674,0.0,0.06981,0.0,0.06981,Sidewalk
168.5,127.8746,4.2827,-0.06981,0.0,-0.0,170.1256,1.8887,stand_6,206.059,0.0,-0.0,0.0,-0.0,Sidewalk
169.0,127.8746,4.2827,-0.03491,0.0,0.06981,170.1256,1.8887,stand_6,206.0674,0.0,0.06981,0.0,0.06981,Sidewalk
169.5,127.8746,4.2827,-0.03491,0.0,-0.0,170.1256,1.8887,stand_6,206.059,0.0,-0.0,0.0,-0.0,Sidewalk
170.0,127.8746,4.2827,-0.0,0.0,0.06981,170.1256,1.8887,stand_6,206.0674,0.0,0.06981,0.0,0.06981,Sidewalk
170.5,127.8746,4.2827,-0.0,0.0,-0.0,170.1256,1.8887,stand_6,206.059,0.0,-0.0,0.0,-0.0,Sidewalk
171.0,127.8746,4.2827,0.03491,0.0,0.06981,170.1256,1.8887,stand_6,206.0674,0.0,0.06981,0.0,0.06981,Sidewalk
171.5,127.8746,4.2827,0.03491,0.0,-0.0,170.1256,1.8887,stand_6,206.059,0.0,-0.0,0.0,-0.0,Sidewalk
172.0,127.8746,4.2827,0.06981,0.0,0.06981,170.1256,1.8887,stand_6,206.0674,0.0,0.06981,0.0,0.06981,Sidewalk
172.5,127.8746,4.2827,0.06981,0.0,-0.0,170.1256,1.8887,stand_6,206.059,0.0,-0.0,0.0,-0.0,Sidewalk
173.0,127.8746,4.2827,0.10472,0.0,0.06981,170.1256,1.8887,stand_6,206.0674,0.0,0.06981,0.0,0.06981,Sidewalk
173.5,127.8746,4.2827,0.10472,0.0,-0.0,170.1256,1.8887,stand_6,206.059,0.0,-0.0,0.0,-0.0,Sidewalk
174.0,127.8746,4.2827,0.13963,0.0,0.06981,170.1256,1.8887,stand_6,206.0674,0.0,0.06981,0.0,0.06981,Sidewalk
174.5,127.8746,4.2827,0.13963,0.0,-0.0,170.1256,1.8887,stand_6,206.059,0.0,-0.0,0.0,-0.0,Sidewalk
175.0,127.8746,4.2827,0.17453,0.0,0.06981,170.1256,1.8887,stand_6,206.0674,0.0,0.06981,0.0,0.06981,Sidewalk
175.5,127.8746,4.2827,0.17453,0.0,-0.0,170.1256,1.8887,stand_6,206.059,0.0,-0.0,0.0,-0.0,Sidewalk
176.0,127.8746,4.2827,0.20944,0.0,0.06981,170.1256,1.8887,stand_6,206.0674,0.0,0.06981,0.0,0.06981,Sidewalk
176.5,127.8746,4.2827,0.20944,0.0,-0.0,170.1256,1.8887,stand_6,206.059,0.0,-0.0,0.0,-0.0,Sidewalk
177.0,127.8746,4.2827,0.24435,0.0,0.06981,170.1256,1.8887,stand_6,206.0674,0.0,0.06981,0.0,0.06981,Sidewalk
177.5,127.8746,4.2827,0.24435,0.0,-0.0,170.1256,1.8887,stand_6,206.059,0.0,-0.0,0.0,-0.0,Sidewalk
178.0,127.8746,4.2827,0.27925,0.0,0.06981,170.1256,1.8887,stand_6,206.0674,0.0,0.06981,0.0,0.06981,Sidewalk
178.5,127.8746,4.2827,0.27925,0.0,-0.0,170.1256,1.8887,stand_6,206.059,0.0,-0.0,0.0,-0.0,Sidewalk
179.0,127.8746,4.2827,0.31416,0.0,0.06981,170.1256,1.8887,stand_6,206.0674,0.0,0.06981,0.0,0.06981,Sidewalk
179.5,127.8746,4.2827,0.31416,0.0,-0.0,170.1256,1.8887,stand_6,206.059,0.0,-0.0,0.0,-0.0,Sidewalk
180.0,127.8746,4.2827,0.34907,0.0,0.06981,170.1256,1.8887,stand_6,206.0674,0.0,0.06981,0.0,0.06981,Sidewalk
180.5,127.8746,4.2827,0.34907,0.0,-0.0,170.1256,1.8887,stand_6,206.059,0.0,-0.0,0.0,-0.0,Sidewalk
181.0,127.8746,4.2827,0.38397,0.0,0.06981,170.1256,1.8887,stand_6,206.0674,0.0,0.06981,0.0,0.06981,Sidewalk
181.5,127.8746,4.2827,0.38397,0.0,-0.0,170.1256,1.8887,stand_6,206.059,0.0,-0.0,0.0,-0.0,Sidewalk
182.0,127.8746,4.2827,0.41888,0.0,0.06981,170.1256,1.8887,stand_6,206.0674,0.0,0.06981,0.0,0.06981,Sidewalk
182.5,127.8746,4.2827,0.41888,0.0,-0.0,170.1256,1.8887,stand_6,206.059,0.0,-0.0,0.0,-0.0,Sidewalk
183.0,127.8746,4.2827,0.45379,0.0,0.06981,170.1256,1.8887,stand_6,206.0674,0.0,0.06981,0.0,0.06981,Sidewalk
183.5,127.8746,4.2827,0.45379,0.0,-0.0,170.1256,1.8887,stand_6,206.059,0.0,-0.0,0.0,-0.0,Sidewalk
184.0,127.8746,4.2827,0.48869,0.0,0.06981,170.1256,1.8887,stand_6,206.0674,0.0,0.06981,0.0,0.06981,Sidewalk
184.5,127.8746,4.2827,0.48869,0.0,-0.0,170.1256,1.8887,stand_6,206.059,0.0,-0.0,0.0,-0.0,Sidewalk
185.0,127.8746,4.2827,0.5236,0.0,0.06981,170.1256,1.8887,stand_6,206.0674,0.0,0.06981,0.0,0.06981,Sidewalk
185.5,127.8746,4.2827,0.5236,0.0,-0.0,170.1256,1.8887,stand_6,206.059,0.0,-0.0,0.0,-0.0,Sidewalk
186.0,127.8746,4.2827,0.55851,0.0,0.06981,170.1256,1.8887,stand_6,206.0674,0.0,0.06981,0.0,0.06981,Sidewalk
186.5,127.8746,4.2827,0.55851,0.0,-0.0,170.1256,1.8887,stand_6,206.059,0.0,-0.0,0.0,-0.0,Sidewalk
187.0,127.8746,4.2827,0.59341,0.0,0.06981,170.1256,1.8887,stand_6,206.0674,0.0,0.06981,0.0,0.06981,Sidewalk
187.5,127.8746,4.2827,0.59341,0.0,-0.0,170.1256,1.8887,stand_6,206.059,0.0,-0.0,0.0,-0.0,Sidewalk
188.0,127.8746,4.2827,0.62832,0.0,0.06981,170.1256,1.8887,stand_6,206.0674,0.0,0.06981,0.0,0.06981,Sidewalk
188.5,127.8746,4.2827,0.62832,0.0,-0.0,170.1256,1.8887,stand_6,206.059,0.0,-0.0,0.0,-0.0,Sidewalk
189.0,127.8746,4.2827,0.66323,0.0,0.06981,170.1256,1.8887,stand_6,206.0674,0.0,0.06981,0.0,0.06981,Sidewalk
189.5,127.8746,4.2827,0.66323,0.0,-0.0,170.1256,1.8887,stand_6,206.059,0.0,-0.0,0.0,-0.0,Sidewalk
190.0,127.8746,4.2827,0.69813,0.0,0.06981,170.1256,1.8887,stand_6,206.0674,0.0,0.06981,0.0,0.06981,Sidewalk
190.5,127.8746,4.2827,0.69813,0.0,-0.0,170.1256,1.8887,stand_6,206.059,0.0,-0.0,0.0,-0.0,Sidewalk
191.0,127.8746,4.2827,0.73304,0.0,0.06981,170.1256,1.8887,stand_6,206.0674,0.0,0.06981,0.0,0.06981,Sidewalk
191.5,127.8746,4.2827,0.73304,0.0,-0.0,170.1256,1.8887,stand_6,206.059,0.0,-0.0,0.0,-0.0,Sidewalk
192.0,127.8746,4.2827,0.76794,0.0,0.06981,170.1256,1.8887,stand_6,206.0674,0.0,0.06981,0.0,0.06981,Sidewalk
192.5,127.8746,4.2827,0.76794,0.0,-0.0,170.1256,1.8887,stand_6,206.059,0.0,-0.0,0.0,-0.0,Sidewalk
193.0,127.8746,4.2827,0.80285,0.0,0.06981,170.1256,1.8887,stand_6,206.0674,0.0,0.06981,0.0,0.06981,Sidewalk
193.5,127.8746,4.2827,0.80285,0.0,-0.0,170.1256,1.8887,stand_6,206.059,0.0,-0.0,0.0,-0.0,Sidewalk
194.0,127.8746,4.2827,0.83776,0.0,0.06981,170.1256,1.8887,stand_6,206.0674,0.0,0.06981,0.0,0.06981,Sidewalk
194.5,127.8746,4.2827,0.83776,0.0,-0.0,170.1256,1.8887,stand_6,206.059,0.0,-0.0,0.0,-0.0,Sidewalk
195.0,127.8746,4.2827,0.87266,0.0,0.06981,170.1256,1.8887,stand_6,206.0674,0.0,0.06981,0.0,0.06981,Sidewalk
195.5,127.8746,4.2827,0.87266,0.0,-0.0,170.1256,1.8887,stand_6,206.059,0.0,-0.0,0.0,-0.0,Sidewalk
196.0,127.8746,4.2827,0.90757,0.0,0.06981,170.1256,1.8887,stand_6,206.0674,0.0,0.06981,0.0,0.06981,Sidewalk
196.5,127.8746,4.2827,0.90757,0.0,-0.0,170.1256,1.8887,stand_6,206.059,0.0,-0.0,0.0,-0.0,Sidewalk
197.0,127.8746,4.2827,0.94248,0.0,0.06981,170.1256,1.8887,stand_6,206.0674,0.0,0.06981,0.0,0.06981,Sidewalk
197.5,127.8746,4.2827,0.94248,0.0,-0.0,170.1256,1.8887,stand_6,206.059,0.0,-0.0,0.0,-0.0,Sidewalk
198.0,127.8746,4.2827,0.97738,0.0,0.06981,170.1256,1.8887,stand_6,206.0674,0.0,0.06981,0.0,0.06981,Sidewalk
198.5,127.8746,4.2827,0.97738,0.0,-0.0,170.1256,1.8887,stand_6,206.059,0.0,-0.0,0.0,-0.0,Sidewalk
199.0,127.8746,4.2827,1.01229,0.0,0.06981,170.1256,1.8887,stand_6,206.0674,0.0,0.06981,0.0,0.06981,Sidewalk
199.5,127.8746,4.2827,1.01229,0.0,-0.0,170.1256,1.8887,stand_6,206.059,0.0,-0.0,0.0,-0.0,Sidewalk
200.0,127.8746,4.2827,1.0472,0.0,0.06981,170.1256,1.8887,stand_6,206.0674,0.0,0.06981,0.0,0.06981,Sidewalk
200.5,127.8746,4.2827,1.0472,0.0,-0.0,170.1256,1.8887,stand_6,206.059,0.0,-0.0,0.0,-0.0,Sidewalk
201.0,127.8746,4.2827,1.0821,0.0,0.06981,170.1256,1.8887,stand_6,206.0674,0.0,0.06981,0.0,0.06981,Sidewalk
201.5,127.8746,4.2827,1.0821,0.0,-0.0,170.1256,1.8887,stand_6,206.059,0.0,-0.0,0.0,-0.0,Sidewalk
202.0,127.8746,4.2827,1.11701,0.0,0.06981,170.1256,1.8887,stand_6,206.0674,0.0,0.06981,0.0,0.06981,Sidewalk
202.5,127.8746,4.2827,1.11701,0.0,-0.0,170.1256,1.8887,stand_6,206.059,0.0,-0.0,0.0,-0.0,Sidewalk
203.0,127.8746,4.2827,1.15192,0.0,0.06981,170.1256,1.8887,stand_6,206.0674,0.0,0.06981,0.0,0.06981,Sidewalk
203.5,127.8746,4.2827,1.15192,0.0,-0.0,170.1256,1.8887,stand_6,206.059,0.0,-0.0,0.0,-0.0,Sidewalk
204.0,127.8746,4.2827,1.18682,0.0,0.06981,170.1256,1.8887,stand_6,206.0674,0.0,0.06981,0.0,0.06981,Sidewalk
204.5,127.8746,4.2827,1.18682,0.0,-0.0,170.1256,1.8887,stand_6,206.059,0.0,-0.0,0.0,-0.0,Sidewalk
205.0,127.8746,4.2827,1.22173,0.0,0.06981,170.1256,1.8887,stand_6,206.0674,0.0,0.06981,0.0,0.06981,Sidewalk
205.5,127.8746,4.2827,1.22173,0.0,-0.0,170.1256,1.8887,stand_6,206.059,0.0,-0.0,0.0,-0.0,Sidewalk
206.0,127.8746,4.2827,1.25664,0.0,0.06981,170.1256,1.8887,stand_6,206.0674,0.0,0.06981,0.0,0.06981,Sidewalk
206.5,127.8746,4.2827,1.25664,0.0,-0.0,170.1256,1.8887,stand_6,206.059,0.0,-0.0,0.0,-0.0,Sidewalk
207.0,127.8746,4.2827,1.29154,0.0,0.06981,170.1256,1.8887,stand_6,206.0674,0.0,0.06981,0.0,0.06981,Sidewalk
207.5,127.8746,4.2827,1.29154,0.0,-0.0,170.1256,1.8887,stand_6,206.059,0.0,-0.0,0.0,-0.0,Sidewalk
208.0,127.8746,4.2827,1.32645,0.0,0.06981,170.1256,1.8887,stand_6,206.0674,0.0,0.06981,0.0,0.06981,Sidewalk
208.5,127.8746,4.2827,1.32645,0.0,-0.0,170.1256,1.8887,stand_6,206.059,0.0,-0.0,0.0,-0.0,Sidewalk
209.0,127.8746,4.2827,1.36136,0.0,0.06981,170.1256,1.8887,stand_6,206.0674,0.0,0.06981,0.0,0.06981,Sidewalk
209.5,127.8746,4.2827,1.36136,0.0,-0.0,170.1256,1.8887,stand_6,206.059,0.0,-0.0,0.0,-0.0,Sidewalk
210.0,127.8746,4.2827,1.39626,0.0,0.06981,170.1256,1.8887,stand_6,206.0674,0.0,0.06981,0.0,0.06981,Sidewalk
210.5,127.8746,4.2827,1.39626,0.0,-0.0,170.1256,1.8887,stand_6,206.059,0.0,-0.0,0.0,-0.0,Sidewalk
211.0,127.8746,4.2827,1.43117,0.0,0.06981,170.1256,1.8887,stand_6,206.0674,0.0,0.06981,0.0,0.06981,Sidewalk
211.5,127.8746,4.2827,1.43117,0.0,-0.0,170.1256,1.8887,stand_6,206.059,0.0,-0.0,0.0,-0.0,Sidewalk
212.0,127.8746,4.2827,1.46608,0.0,0.06981,170.1256,1.8887,stand_6,206.0674,0.0,0.06981,0.0,0.06981,Sidewalk
212.5,127.8746,4.2827,1.46608,0.0,-0.0,170.1256,1.8887,stand_6,206.059,0.0,-0.0,0.0,-0.0,Sidewalk
213.0,127.8746,4.2827,1.50098,0.0,0.06981,170.1256,1.8887,stand_6,206.0674,0.0,0.06981,0.0,0.06981,Sidewalk
213.5,127.8746,4.2827,1.50098,0.0,-0.0,170.1256,1.8887,stand_6,206.059,0.0,-0.0,0.0,-0.0,Sidewalk
214.0,127.8746,4.2827,1.53589,0.0,0.06981,170.1256,1.8887,stand_6,206.0674,0.0,0.06981,0.0,0.06981,Sidewalk
214.5,127.8746,4.2827,1.53589,0.0,-0.0,170.1256,1.8887,stand_6,206.059,0.0,-0.0,0.0,-0.0,Sidewalk
215.0,127.8746,4.2827,1.5708,0.0,0.06981,170.1256,1.8887,stand_6,206.0674,0.0,0.06981,0.0,0.06981,Sidewalk
215.5,127.8746,4.2827,1.5708,0.0,-0.0,170.1256,1.8887,stand_6,206.059,0.0,-0.0,0.0,-0.0,Sidewalk
216.0,127.8746,4.2827,1.6057,0.0,0.06981,170.1256,1.8887,stand_6,206.0674,0.0,0.06981,0.0,0.06981,Sidewalk
216.5,127.8746,4.2827,1.6057,0.0,-0.0,170.1256,1.8887,stand_6,206.059,0.0,-0.0,0.0,-0.0,Sidewalk
217.0,127.8746,4.2827,1.64061,0.0,0.06981,170.1256,1.8887,stand_6,206.0674,0.0,0.06981,0.0,0.06981,Sidewalk
217.5,127.8746,4.2827,1.64061,0.0,-0.0,170.1256,1.8887,stand_6,206.059,0.0,-0.0,0.0,-0.0,Sidewalk
218.0,127.8746,4.2827,1.67552,0.0,0.06981,170.1256,1.8887,stand_6,206.0674,0.0,0.06981,0.0,0.06981,Sidewalk
218.5,127.8746,4.2827,1.67552,0.0,-0.0,170.1256,1.8887,stand_6,206.059,0.0,-0.0,0.0,-0.0,Sidewalk
219.0,127.8746,4.2827,1.71042,0.0,0.06981,170.1256,1.8887,stand_6,206.0674,0.0,0.06981,0.0,0.06981,Sidewalk
219.5,127.8746,4.2827,1.71042,0.0,-0.0,170.1256,1.8887,stand_6,206.059,0.0,-0.0,0.0,-0.0,Sidewalk
220.0,127.8746,4.2827,1.74533,0.0,0.06981,170.1256,1.8887,stand_6,206.0674,0.0,0.06981,0.0,0.06981,Sidewalk
220.5,127.8746,4.2827,1.74533,0.0,-0.0,170.1256,1.8887,stand_6,206.059,0.0,-0.0,0.0,-0.0,Sidewalk
221.0,127.8746,4.2827,1.78024,0.0,0.06981,170.1256,1.8887,stand_6,206.0674,0.0,0.06981,0.0,0.06981,Sidewalk
221.5,127.8746,4.2827,1.78024,0.0,-0.0,170.1256,1.8887,stand_6,206.059,0.0,-0.0,0.0,-0.0,Sidewalk
222.0,127.8746,4.2827,1.81514,0.0,0.06981,170.1256,1.8887,stand_6,206.0674,0.0,0.06981,0.0,0.06981,Sidewalk
222.5,127.8746,4.2827,1.81514,0.0,-0.0,170.1256,1.8887,stand_6,206.059,0.0,-0.0,0.0,-0.0,Sidewalk
223.0,127.8746,4.2827,1.85005,0.0,0.06981,170.1256,1.8887,stand_6,206.0674,0.0,0.06981,0.0,0.06981,Sidewalk
223.5,127.8746,4.2827,1.85005,0.0,-0.0,170.1256,1.8887,stand_6,206.059,0.0,-0.0,0.0,-0.0,Sidewalk
224.0,127.8746,4.2827,1.88496,0.0,0.06981,170.1256,1.8887,stand_6,206.0674,0.0,0.06981,0.0,0.06981,Sidewalk
224.5,127.8746,4.2827,1.88496,0.0,-0.0,170.1256,1.8887,stand_6,206.059,0.0,-0.0,0.0,-0.0,Sidewalk
225.0,127.8746,4.2827,1.91986,0.0,0.06981,170.1256,1.8887,stand_6,206.0674,0.0,0.06981,0.0,0.06981,Sidewalk
225.5,127.8746,4.2827,1.91986,0.0,-0.0,170.1256,1.8887,stand_6,206.059,0.0,-0.0,0.0,-0.0,Sidewalk
226.0,127.8746,4.2827,1.95477,0.0,0.06981,170.1256,1.8887,stand_6,206.0674,0.0,0.06981,0.0,0.06981,Sidewalk
226.5,127.8746,4.2827,1.95477,0.0,-0.0,170.1256,1.8887,stand_6,206.059,0.0,-0.0,0.0,-0.0,Sidewalk
227.0,127.8746,4.2827,1.98968,0.0,0.06981,170.1256,1.8887,stand_6,206.0674,0.0,0.06981,0.0,0.06981,Sidewalk
227.5,127.8746,4.2827,1.98968,0.0,-0.0,170.1256,1.8887,stand_6,206.059,0.0,-0.0,0.0,-0.0,Sidewalk
228.0,127.8746,4.2827,2.02458,0.0,0.06981,170.1256,1.8887,stand_6,206.0674,0.0,0.06981,0.0,0.06981,Sidewalk
228.5,127.8746,4.2827,2.02458,0.0,-0.0,170.1256,1.8887,stand_6,206.059,0.0,-0.0,0.0,-0.0,Sidewalk
229.0,127.8746,4.2827,2.05949,0.0,0.06981,170.1256,1.8887,stand_6,206.0674,0.0,0.06981,0.0,0.06981,Sidewalk
229.5,127.8746,4.2827,2.05949,0.0,-0.0,170.1256,1.8887,stand_6,206.059,0.0,-0.0,0.0,-0.0,Sidewalk
230.0,127.8746,4.2827,2.0944,0.0,0.06981,170.1256,1.8887,stand_6,206.0674,0.0,0.06981,0.0,0.06981,Sidewalk
230.5,127.8746,4.2827,2.0944,0.0,-0.0,170.1256,1.8887,stand_6,206.059,0.0,-0.0,0.0,-0.0,Sidewalk
231.0,127.8746,4.2827,2.1293,0.0,0.06981,170.1256,1.8887,stand_6,206.0674,0.0,0.06981,0.0,0.06981,Sidewalk
231.5,127.8746,4.2827,2.1293,0.0,-0.0,170.1256,1.8887,stand_6,206.059,0.0,-0.0,0.0,-0.0,Sidewalk
232.0,127.8746,4.2827,2.16421,0.0,0.06981,170.1256,1.8887,stand_6,206.0674,0.0,0.06981,0.0,0.06981,Sidewalk
232.5,127.8746,4.2827,2.16421,0.0,-0.0,170.1256,1.8887,stand_6,206.059,0.0,-0.0,0.0,-0.0,Sidewalk
233.0,127.8746,4.2827,2.19911,0.0,0.06981,170.1256,1.8887,stand_6,206.0674,0.0,0.06981,0.0,0.06981,Sidewalk
233.5,127.8746,4.2827,2.19911,0.0,-0.0,170.1256,1.8887,stand_6,206.059,0.0,-0.0,0.0,-0.0,Sidewalk
234.0,127.8746,4.2827,2.23402,0.0,0.06981,170.1256,1.8887,stand_6,206.0674,0.0,0.06981,0.0,0.06981,Sidewalk
234.5,127.8746,4.2827,2.23402,0.0,-0.0,170.1256,1.8887,stand_6,206.059,0.0,-0.0,0.0,-0.0,Sidewalk
235.0,127.8746,4.2827,2.26893,0.0,0.06981,170.1256,1.8887,stand_6,206.0674,0.0,0.06981,0.0,0.06981,Sidewalk
235.5,127.8746,4.2827,2.26893,0.0,-0.0,170.1256,1.8887,stand_6,206.059,0.0,-0.0,0.0,-0.0,Sidewalk
236.0,127.8746,4.2827,2.30383,0.0,0.06981,170.1256,1.8887,stand_6,206.0674,0.0,0.06981,0.0,0.06981,Sidewalk
236.5,127.8746,4.2827,2.30383,0.0,-0.0,170.1256,1.8887,stand_6,206.059,0.0,-0.0,0.0,-0.0,Sidewalk
237.0,127.8746,4.2827,2.33874,0.0,0.06981,170.1256,1.8887,stand_6,206.0674,0.0,0.06981,0.0,0.06981,Sidewalk
237.5,127.8746,4.2827,2.33874,0.0,-0.0,170.1256,1.8887,stand_6,206.059,0.0,-0.0,0.0,-0.0,Sidewalk
238.0,127.8746,4.2827,2.37365,0.0,0.06981,170.1256,1.8887,stand_6,206.0674,0.0,0.06981,0.0,0.06981,Sidewalk
238.5,127.8746,4.2827,2.37365,0.0,-0.0,170.1256,1.8887,stand_6,206.059,0.0,-0.0,0.0,-0.0,Sidewalk
239.0,127.8746,4.2827,2.40855,0.0,0.06981,170.1256,1.8887,stand_6,206.0674,0.0,0.06981,0.0,0.06981,Sidewalk
239.5,127.8746,4.2827,2.40855,0.0,-0.0,170.1256,1.8887,stand_6,206.059,0.0,-0.0,0.0,-0.0,Sidewalk
240.0,127.8746,4.2827,2.44346,0.0,0.06981,170.1256,1.8887,stand_6,206.0674,0.0,0.06981,0.0,0.06981,Sidewalk
240.5,127.8746,4.2827,2.44346,0.0,-0.0,170.1256,1.8887,stand_6,206.059,0.0,-0.0,0.0,-0.0,Sidewalk
241.0,127.8746,4.2827,2.47837,0.0,0.06981,170.1256,1.8887,stand_6,206.0674,0.0,0.06981,0.0,0.06981,Sidewalk
241.5,127.8746,4.2827,2.47837,0.0,-0.0,170.1256,1.8887,stand_6,206.059,0.0,-0.0,0.0,-0.0,Sidewalk
242.0,127.8746,4.2827,2.51327,0.0,0.06981,170.1256,1.8887,stand_6,206.0674,0.0,0.06981,0.0,0.06981,Sidewalk
242.5,127.8746,4.2827,2.51327,0.0,-0.0,170.1256,1.8887,stand_6,206.059,0.0,-0.0,0.0,-0.0,Sidewalk
243.0,127.8746,4.2827,2.54818,0.0,0.06981,170.1256,1.8887,stand_6,206.0674,0.0,0.06981,0.0,0.06981,Sidewalk
243.5,127.8746,4.2827,2.54818,0.0,-0.0,170.1256,1.8887,stand_6,206.059,0.0,-0.0,0.0,-0.0,Sidewalk
244.0,127.8746,4.2827,2.58309,0.0,0.06981,170.1256,1.8887,stand_6,206.0674,0.0,0.06981,0.0,0.06981,Sidewalk
244.5,127.8746,4.2827,2.58309,0.0,-0.0,170.1256,1.8887,stand_6,206.059,0.0,-0.0,0.0,-0.0,Sidewalk
245.0,127.8746,4.2827,2.61799,0.0,0.06981,170.1256,1.8887,stand_6,206.0674,0.0,0.06981,0.0,0.06981,Sidewalk
245.5,127.8746,4.2827,2.61799,0.0,-0.0,170.1256,1.8887,stand_6,206.059,0.0,-0.0,0.0,-0.0,Sidewalk
246.0,127.8746,4.2827,2.6529,0.0,0.06981,170.1256,1.8887,stand_6,206.0674,0.0,0.06981,0.0,0.06981,Sidewalk
246.5,127.8746,4.2827,2.6529,0.0,-0.0,170.1256,1.8887,stand_6,206.059,0.0,-0.0,0.0,-0.0,Sidewalk
247.0,127.8746,4.2827,2.68781,0.0,0.06981,170.1256,1.8887,stand_6,206.0674,0.0,0.06981,0.0,0.06981,Sidewalk
247.5,127.8746,4.2827,2.68781,0.0,-0.0,170.1256,1.8887,stand_6,206.059,0.0,-0.0,0.0,-0.0,Sidewalk
248.0,127.8746,4.2827,2.72271,0.0,0.06981,170.1256,1.8887,stand_6,206.0674,0.0,0.06981,0.0,0.06981,Sidewalk
248.5,127.8746,4.2827,2.72271,0.0,-0.0,170.1256,1.8887,stand_6,206.059,0.0,-0.0,0.0,-0.0,Sidewalk
249.0,127.8746,4.2827,2.75762,0.0,0.06981,170.1256,1.8887,stand_6,206.0674,0.0,0.06981,0.0,0.06981,Sidewalk
249.5,127.8746,4.2827,2.75762,0.0,-0.0,170.1256,1.8887,stand_6,206.059,0.0,-0.0,0.0,-0.0,Sidewalk
250.0,127.8746,4.2827,2.79253,0.0,0.06981,170.1256,1.8887,stand_6,206.0674,0.0,0.06981,0.0,0.06981,Sidewalk
250.5,127.8746,4.2827,2.79253,0.0,-0.0,170.1256,1.8887,stand_6,206.059,0.0,-0.0,0.0,-0.0,Sidewalk
251.0,127.8746,4.2827,2.82743,0.0,0.06981,170.1256,1.8887,stand_6,206.0674,0.0,0.06981,0.0,0.06981,Sidewalk
251.5,127.8746,4.2827,2.82743,0.0,-0.0,170.1256,1.8887,stand_6,206.059,0.0,-0.0,0.0,-0.0,Sidewalk
252.0,127.8746,4.2827,2.86234,0.0,0.06981,170.1256,1.8887,stand_6,206.0674,0.0,0.06981,0.0,0.06981,Sidewalk
252.5,127.8746,4.2827,2.86234,0.0,-0.0,170.1256,1.8887,stand_6,206.059,0.0,-0.0,0.0,-0.0,Sidewalk
253.0,127.8746,4.2827,2.89725,0.0,0.06981,170.1256,1.8887,stand_6,206.0674,0.0,0.06981,0.0,0.06981,Sidewalk
253.5,127.8746,4.2827,2.89725,0.0,-0.0,170.1256,1.8887,stand_6,206.059,0.0,-0.0,0.0,-0.0,Sidewalk
254.0,127.8746,4.2827,2.93215,0.0,0.06981,170.1256,1.8887,stand_6,206.0674,0.0,0.06981,0.0,0.06981,Sidewalk
254.5,127.8746,4.2827,2.93215,0.0,-0.0,170.1256,1.8887,stand_6,206.059,0.0,-0.0,0.0,-0.0,Sidewalk
255.0,127.8746,4.2827,2.96706,0.0,0.06981,170.1256,1.8887,stand_6,206.0674,0.0,0.06981,0.0,0.06981,Sidewalk
255.5,127.8746,4.2827,2.96706,0.0,-0.0,170.1256,1.8887,stand_6,206.059,0.0,-0.0,0.0,-0.0,Sidewalk
256.0,127.8746,4.2827,3.00197,0.0,0.06981,170.1256,1.8887,stand_6,206.0674,0.0,0.06981,0.0,0.06981,Sidewalk
256.5,127.8746,4.2827,3.00197,0.0,-0.0,170.1256,1.8887,stand_6,206.059,0.0,-0.0,0.0,-0.0,Sidewalk
257.0,127.8746,4.2827,3.03687,0.0,0.06981,170.1256,1.8887,stand_6,206.0674,0.0,0.06981,0.0,0.06981,Sidewalk
257.5,127.8746,4.2827,3.03687,0.0,-0.0,170.1256,1.8887,stand_6,206.059,0.0,-0.0,0.0,-0.0,Sidewalk
258.0,127.8746,4.2827,3.07178,0.0,0.06981,170.1256,1.8887,stand_6,206.0674,0.0,0.06981,0.0,0.06981,Sidewalk
258.5,127.8746,4.2827,3.07178,0.0,-0.0,170.1256,1.8887,stand_6,206.059,0.0,-0.0,0.0,-0.0,Sidewalk
259.0,127.8746,4.2827,3.10669,0.0,0.06981,170.1256,1.8887,stand_6,206.0674,0.0,0.06981,0.0,0.06981,Sidewalk
259.5,127.8746,4.2827,3.10669,0.0,-0.0,170.1256,1.8887,stand_6,206.059,0.0,-0.0,0.0,-0.0,Sidewalk
260.0,127.8746,4.2827,3.14159,0.0,0.06981,170.1256,1.8887,stand_6,206.0674,0.0,0.06981,0.0,0.06981,Sidewalk
260.5,127.8746,4.2827,3.14159,0.0,-0.0,170.1256,1.8887,stand_6,206.059,0.0,-0.0,0.0,-0.0,Sidewalk
261.0,127.8746,4.2827,-3.10669,0.0,0.06981,170.1256,1.8887,stand_6,206.0674,0.0,0.06981,0.0,0.06981,Sidewalk
261.5,127.8746,4.2827,-3.10669,0.0,-0.0,170.1256,1.8887,stand_6,206.059,0.0,-0.0,0.0,-0.0,Sidewalk
262.0,127.8746,4.2827,-3.07178,0.0,0.06981,170.1256,1.8887,stand_6,206.0674,0.0,0.06981,0.0,0.06981,Sidewalk
262.5,127.8746,4.2827,-3.07178,0.0,-0.0,170.1256,1.8887,stand_6,206.059,0.0,-0.0,0.0,-0.0,Sidewalk
263.0,127.8746,4.2827,-3.03687,0.0,0.06981,170.1256,1.8887,stand_6,206.0674,0.0,0.06981,0.0,0.06981,Sidewalk
263.5,127.8746,4.2827,-3.03687,0.0,-0.0,170.1256,1.8887,stand_6,206.059,0.0,-0.0,0.0,-0.0,Sidewalk
264.0,127.8746,4.2827,-3.00197,0.0,0.06981,170.1256,1.8887,stand_6,206.0674,0.0,0.06981,0.0,0.06981,Sidewalk
264.5,127.8746,4.2827,-3.00197,0.0,-0.0,170.1256,1.8887,stand_6,206.059,0.0,-0.0,0.0,-0.0,Sidewalk
265.0,127.8746,4.2827,-2.96706,0.0,0.06981,170.1256,1.8887,stand_6,206.0674,0.0,0.06981,0.0,0.06981,Sidewalk
265.5,127.8746,4.2827,-2.96706,0.0,-0.0,170.1256,1.8887,stand_6,206.059,0.0,-0.0,0.0,-0.0,Sidewalk
266.0,127.8746,4.2827,-2.93215,0.0,0.06981,170.1256,1.8887,stand_6,206.0674,0.0,0.06981,0.0,0.06981,Sidewalk
266.5,127.8746,4.2827,-2.93215,0.0,-0.0,170.1256,1.8887,stand_6,206.059,0.0,-0.0,0.0,-0.0,Sidewalk
267.0,127.8746,4.2827,-2.89725,0.0,0.06981,170.1256,1.8887,stand_6,206.0674,0.0,0.06981,0.0,0.06981,Sidewalk
267.5,127.8746,4.2827,-2.89725,0.0,-0.0,170.1256,1.8887,stand_6,206.059,0.0,-0.0,0.0,-0.0,Sidewalk
268.0,127.8746,4.2827,-2.86234,0.0,0.06981,170.1256,1.8887,stand_6,206.0674,0.0,0.06981,0.0,0.06981,Sidewalk
268.5,127.8746,4.2827,-2.86234,0.0,-0.0,170.1256,1.8887,stand_6,206.059,0.0,-0.0,0.0,-0.0,Sidewalk
269.0,127.8746,4.2827,-2.82743,0.0,0.06981,170.1256,1.8887,stand_6,206.0674,0.0,0.06981,0.0,0.06981,Sidewalk
269.5,127.8746,4.2827,-2.82743,0.0,-0.0,170.1256,1.8887,stand_6,206.059,0.0,-0.0,0.0,-0.0,Sidewalk
270.0,127.8746,4.2827,-2.79253,0.0,0.06981,170.1256,1.8887,stand_6,206.0674,0.0,0.06981,0.0,0.06981,Sidewalk
270.5,127.8746,4.2827,-2.79253,0.0,-0.0,170.1256,1.8887,stand_6,206.059,0.0,-0.0,0.0,-0.0,Sidewalk
271.0,127.8746,4.2827,-2.75762,0.0,0.06981,170.1256,1.8887,stand_6,206.0674,0.0,0.06981,0.0,0.06981,Sidewalk
271.5,127.8746,4.2827,-2.75762,0.0,-0.0,170.1256,1.8887,stand_6,206.059,0.0,-0.0,0.0,-0.0,Sidewalk
272.0,127.8746,4.2827,-2.72271,0.0,0.06981,170.1256,1.8887,stand_6,206.0674,0.0,0.06981,0.0,0.06981,Sidewalk
272.5,127.8746,4.2827,-2.72271,0.0,-0.0,170.1256,1.8887,stand_6,206.059,0.0,-0.0,0.0,-0.0,Sidewalk
273.0,127.8746,4.2827,-2.68781,0.0,0.06981,170.1256,1.8887,stand_6,206.0674,0.0,0.06981,0.0,0.06981,Sidewalk
273.5,127.8746,4.2827,-2.68781,0.0,-0.0,170.1256,1.8887,stand_6,206.059,0.0,-0.0,0.0,-0.0,Sidewalk
274.0,127.8746,4.2827,-2.6529,0.0,0.06981,170.1256,1.8887,stand_6,206.0674,0.0,0.06981,0.0,0.06981,Sidewalk
274.5,127.8746,4.2827,-2.6529,0.0,-0.0,170.1256,1.8887,stand_6,206.059,0.0,-0.0,0.0,-0.0,Sidewalk
275.0,127.8746,4.2827,-2.61799,0.0,0.06981,170.1256,1.8887,stand_6,206.0674,0.0,0.06981,0.0,0.06981,Sidewalk
275.5,127.8746,4.2827,-2.61799,0.0,-0.0,170.1256,1.8887,stand_6,206.059,0.0,-0.0,0.0,-0.0,Sidewalk
276.0,127.8746,4.2827,-2.58309,0.0,0.06981,170.1256,1.8887,stand_6,206.0674,0.0,0.06981,0.0,0.06981,Sidewalk
276.5,127.8746,4.2827,-2.58309,0.0,-0.0,170.1256,1.8887,stand_6,206.059,0.0,-0.0,0.0,-0.0,Sidewalk
277.0,127.8746,4.2827,-2.54818,0.0,0.06981,170.1256,1.8887,stand_6,206.0674,0.0,0.06981,0.0,0.06981,Sidewalk
277.5,127.8746,4.2827,-2.54818,0.0,-0.0,170.1256,1.8887,stand_6,206.059,0.0,-0.0,0.0,-0.0,Sidewalk
278.0,127.8746,4.2827,-2.51327,0.0,0.06981,170.1256,1.8887,stand_6,206.0674,0.0,0.06981,0.0,0.06981,Sidewalk
278.5,127.8746,4.2827,-2.51327,0.0,-0.0,170.1256,1.8887,stand_6,206.059,0.0,-0.0,0.0,-0.0,Sidewalk
279.0,127.8746,4.2827,-2.47837,0.0,0.06981,170.1256,1.8887,stand_6,206.0674,0.0,0.06981,0.0,0.06981,Sidewalk
279.5,127.8746,4.2827,-2.47837,0.0,-0.0,170.1256,1.8887,stand_6,206.059,0.0,-0.0,0.0,-0.0,Sidewalk
280.0,127.8746,4.2827,-2.44346,0.0,0.06981,170.1256,1.8887,stand_6,206.0674,0.0,0.06981,0.0,0.06981,Sidewalk
280.5,127.8746,4.2827,-2.44346,0.0,-0.0,170.1256,1.8887,stand_6,206.059,0.0,-0.0,0.0,-0.0,Sidewalk
281.0,127.8746,4.2827,-2.40855,0.0,0.06981,170.1256,1.8887,stand_6,206.0674,0.0,0.06981,0.0,0.06981,Sidewalk
281.5,127.8746,4.2827,-2.40855,0.0,-0.0,170.1256,1.8887,stand_6,206.059,0.0,-0.0,0.0,-0.0,Sidewalk
282.0,127.8746,4.2827,-2.37365,0.0,0.06981,170.1256,1.8887,stand_6,206.0674,0.0,0.06981,0.0,0.06981,Sidewalk
282.5,127.8746,4.2827,-2.37365,0.0,-0.0,170.1256,1.8887,stand_6,206.059,0.0,-0.0,0.0,-0.0,Sidewalk
283.0,127.8746,4.2827,-2.33874,0.0,0.06981,170.1256,1.8887,stand_6,206.0674,0.0,0.06981,0.0,0.06981,Sidewalk
283.5,127.8746,4.2827,-2.33874,0.0,-0.0,170.1256,1.8887,stand_6,206.059,0.0,-0.0,0.0,-0.0,Sidewalk
284.0,127.8746,4.2827,-2.30383,0.0,0.06981,170.1256,1.8887,stand_6,206.0674,0.0,0.06981,0.0,0.06981,Sidewalk
284.5,127.8746,4.2827,-2.30383,0.0,-0.0,170.1256,1.8887,stand_6,206.059,0.0,-0.0,0.0,-0.0,Sidewalk
285.0,127.8746,4.2827,-2.26893,0.0,0.06981,170.1256,1.8887,stand_6,206.0674,0.0,0.06981,0.0,0.06981,Sidewalk
285.5,127.8746,4.2827,-2.26893,0.0,-0.0,170.1256,1.8887,stand_6,206.059,0.0,-0.0,0.0,-0.0,Sidewalk
286.0,127.8746,4.2827,-2.23402,0.0,0.06981,170.1256,1.8887,stand_6,206.0674,0.0,0.06981,0.0,0.06981,Sidewalk
286.5,127.8746,4.2827,-2.23402,0.0,-0.0,170.1256,1.8887,stand_6,206.059,0.0,-0.0,0.0,-0.0,Sidewalk
287.0,127.8746,4.2827,-2.19911,0.0,0.06981,170.1256,1.8887,stand_6,206.0674,0.0,0.06981,0.0,0.06981,Sidewalk
287.5,127.8746,4.2827,-2.19911,0.0,-0.0,170.1256,1.8887,stand_6,206.059,0.0,-0.0,0.0,-0.0,Sidewalk
288.0,127.8746,4.2827,-2.16421,0.0,0.06981,170.1256,1.8887,stand_6,206.0674,0.0,0.06981,0.0,0.06981,Sidewalk
288.5,127.8746,4.2827,-2.16421,0.0,-0.0,170.1256,1.8887,stand_6,206.059,0.0,-0.0,0.0,-0.0,Sidewalk
289.0,127.8746,4.2827,-2.1293,0.0,0.06981,170.1256,1.8887,stand_6,206.0674,0.0,0.06981,0.0,0.06981,Sidewalk
289.5,127.8746,4.2827,-2.1293,0.0,-0.0,170.1256,1.8887,stand_6,206.059,0.0,-0.0,0.0,-0.0,Sidewalk
290.0,127.8746,4.2827,-2.0944,0.0,0.06981,170.1256,1.8887,stand_6,206.0674,0.0,0.06981,0.0,0.06981,Sidewalk
290.5,127.8746,4.2827,-2.0944,0.0,-0.0,170.1256,1.8887,stand_6,206.059,0.0,-0.0,0.0,-0.0,Sidewalk
291.0,127.8746,4.2827,-2.05949,0.0,0.06981,170.1256,1.8887,stand_6,206.0674,0.0,0.06981,0.0,0.06981,Sidewalk
291.5,127.8746,4.2827,-2.05949,0.0,-0.0,170.1256,1.8887,stand_6,206.059,0.0,-0.0,0.0,-0.0,Sidewalk
292.0,127.8746,4.2827,-2.02458,0.0,0.06981,170.1256,1.8887,stand_6,206.0674,0.0,0.06981,0.0,0.06981,Sidewalk
292.5,127.8746,4.2827,-2.02458,0.0,-0.0,170.1256,1.8887,stand_6,206.059,0.0,-0.0,0.0,-0.0,Sidewalk
293.0,127.8746,4.2827,-1.98968,0.0,0.06981,170.1256,1.8887,stand_6,206.0674,0.0,0.06981,0.0,0.06981,Sidewalk
293.5,127.8746,4.2827,-1.98968,0.0,-0.0,170.1256,1.8887,stand_6,206.059,0.0,-0.0,0.0,-0.0,Sidewalk
294.0,127.8746,4.2827,-1.95477,0.0,0.06981,170.1256,1.8887,stand_6,206.0674,0.0,0.06981,0.0,0.06981,Sidewalk
294.5,127.8746,4.2827,-1.95477,0.0,-0.0,170.1256,1.8887,stand_6,206.059,0.0,-0.0,0.0,-0.0,Sidewalk
295.0,127.8746,4.2827,-1.91986,0.0,0.06981,170.1256,1.8887,stand_6,206.0674,0.0,0.06981,0.0,0.06981,Sidewalk
295.5,127.8746,4.2827,-1.91986,0.0,-0.0,170.1256,1.8887,stand_6,206.059,0.0,-0.0,0.0,-0.0,Sidewalk
296.0,127.8746,4.2827,-1.88496,0.0,0.06981,170.1256,1.8887,stand_6,206.0674,0.0,0.06981,0.0,0.06981,Sidewalk
296.5,127.8746,4.2827,-1.88496,0.0,-0.0,170.1256,1.8887,stand_6,206.059,0.0,-0.0,0.0,-0.0,Sidewalk
297.0,127.8746,4.2827,-1.85005,0.0,0.06981,170.1256,1.8887,stand_6,206.0674,0.0,0.06981,0.0,0.06981,Sidewalk
297.5,127.8746,4.2827,-1.85005,0.0,-0.0,170.1256,1.8887,stand_6,206.059,0.0,-0.0,0.0,-0.0,Sidewalk
298.0,127.8746,4.2827,-1.81514,0.0,0.06981,170.1256,1.8887,stand_6,206.0674,0.0,0.06981,0.0,0.06981,Sidewalk
298.5,127.8746,4.2827,-1.81514,0.0,-0.0,170.1256,1.8887,stand_6,206.059,0.0,-0.0,0.0,-0.0,Sidewalk
299.0,127.8746,4.2827,-1.78024,0.0,0.06981,170.1256,1.8887,stand_6,206.0674,0.0,0.06981,0.0,0.06981,Sidewalk
299.5,127.8746,4.2827,-1.78024,0.0,-0.0,170.1256,1.8887,stand_6,206.059,0.0,-0.0,0.0,-0.0,Sidewalk
300.0,127.8746,4.2827,-1.74533,0.0,0.06981,170.1256,1.8887,stand_6,206.0674,0.0,0.06981,0.0,0.06981,Sidewalk
300.5,127.8746,4.2827,-1.74533,0.0,-0.0,170.1256,1.8887,stand_6,206.059,0.0,-0.0,0.0,-0.0,Sidewalk
301.0,127.8746,4.2827,-1.71042,0.0,0.06981,170.1256,1.8887,stand_6,206.0674,0.0,0.06981,0.0,0.06981,Sidewalk
301.5,127.8746,4.2827,-1.71042,0.0,-0.0,170.1256,1.8887,stand_6,206.059,0.0,-0.0,0.0,-0.0,Sidewalk
302.0,127.8746,4.2827,-1.67552,0.0,0.06981,170.1256,1.8887,stand_6,206.0674,0.0,0.06981,0.0,0.06981,Sidewalk
302.5,127.8746,4.2827,-1.67552,0.0,-0.0,170.1256,1.8887,stand_6,206.059,0.0,-0.0,0.0,-0.0,Sidewalk
303.0,127.8746,4.2827,-1.64061,0.0,0.06981,170.1256,1.8887,stand_6,206.0674,0.0,0.06981,0.0,0.06981,Sidewalk
303.5,127.8746,4.2827,-1.64061,0.0,-0.0,170.1256,1.8887,stand_6,206.059,0.0,-0.0,0.0,-0.0,Sidewalk
304.0,127.8746,4.2827,-1.6057,0.0,0.06981,170.1256,1.8887,stand_6,206.0674,0.0,0.06981,0.0,0.06981,Sidewalk
304.5,127.8746,4.2827,-1.6057,0.0,-0.0,170.1256,1.8887,stand_6,206.059,0.0,-0.0,0.0,-0.0,Sidewalk
305.0,127.8746,4.2827,-1.5708,0.0,0.06981,170.1256,1.8887,stand_6,206.0674,0.0,0.06981,0.0,0.06981,Sidewalk
305.5,127.8746,4.2827,-1.5708,0.0,-0.0,170.1256,1.8887,stand_6,206.059,0.0,-0.0,0.0,-0.0,Sidewalk
306.0,127.8746,4.2827,-1.53589,0.0,0.06981,170.1256,1.8887,stand_6,206.0674,0.0,0.06981,0.0,0.06981,Sidewalk
306.5,127.8746,4.2827,-1.53589,0.0,-0.0,170.1256,1.8887,stand_6,206.059,0.0,-0.0,0.0,-0.0,Sidewalk
307.0,127.8746,4.2827,-1.50098,0.0,0.06981,170.1256,1.8887,stand_6,206.0674,0.0,0.06981,0.0,0.06981,Sidewalk
307.5,127.8746,4.2827,-1.50098,0.0,-0.0,170.1256,1.8887,stand_6,206.059,0.0,-0.0,0.0,-0.0,Sidewalk
308.0,127.8746,4.2827,-1.46608,0.0,0.06981,170.1256,1.8887,stand_6,206.0674,0.0,0.06981,0.0,0.06981,Sidewalk
308.5,127.8746,4.2827,-1.46608,0.0,-0.0,170.1256,1.8887,stand_6,206.059,0.0,-0.0,0.0,-0.0,Sidewalk
309.0,127.8746,4.2827,-1.43117,0.0,0.06981,170.1256,1.8887,stand_6,206.0674,0.0,0.06981,0.0,0.06981,Sidewalk
309.5,127.8746,4.2827,-1.43117,0.0,-0.0,170.1256,1.8887,stand_6,206.059,0.0,-0.0,0.0,-0.0,Sidewalk
310.0,127.8746,4.2827,-1.39626,0.0,0.06981,170.1256,1.8887,stand_6,206.0674,0.0,0.06981,0.0,0.06981,Sidewalk
310.5,127.8746,4.2827,-1.39626,0.0,-0.0,170.1256,1.8887,stand_6,206.059,0.0,-0.0,0.0,-0.0,Sidewalk
311.0,127.8746,4.2827,-1.36136,0.0,0.06981,170.1256,1.8887,stand_6,206.0674,0.0,0.06981,0.0,0.06981,Sidewalk
311.5,127.8746,4.2827,-1.36136,0.0,-0.0,170.1256,1.8887,stand_6,206.059,0.0,-0.0,0.0,-0.0,Sidewalk
312.0,127.8746,4.2827,-1.32645,0.0,0.06981,170.1256,1.8887,stand_6,206.0674,0.0,0.06981,0.0,0.06981,Sidewalk
312.5,127.8746,4.2827,-1.32645,0.0,-0.0,170.1256,1.8887,stand_6,206.059,0.0,-0.0,0.0,-0.0,Sidewalk
313.0,127.8746,4.2827,-1.29154,0.0,0.06981,170.1256,1.8887,stand_6,206.0674,0.0,0.06981,0.0,0.06981,Sidewalk
313.5,127.8746,4.2827,-1.29154,0.0,-0.0,170.1256,1.8887,stand_6,206.059,0.0,-0.0,0.0,-0.0,Sidewalk
314.0,127.8746,4.2827,-1.25664,0.0,0.06981,170.1256,1.8887,stand_6,206.0674,0.0,0.06981,0.0,0.06981,Sidewalk
314.5,127.8746,4.2827,-1.25664,0.0,-0.0,170.1256,1.8887,stand_6,206.059,0.0,-0.0,0.0,-0.0,Sidewalk
315.0,127.8746,4.2827,-1.22173,0.0,0.06981,170.1256,1.8887,stand_6,206.0674,0.0,0.06981,0.0,0.06981,Sidewalk
315.5,127.8746,4.2827,-1.22173,0.0,-0.0,170.1256,1.8887,stand_6,206.059,0.0,-0.0,0.0,-0.0,Sidewalk
316.0,127.8746,4.2827,-1.18682,0.0,0.06981,170.1256,1.8887,stand_6,206.0674,0.0,0.06981,0.0,0.06981,Sidewalk
316.5,127.8746,4.2827,-1.18682,0.0,-0.0,170.1256,1.8887,stand_6,206.059,0.0,-0.0,0.0,-0.0,Sidewalk
317.0,127.8746,4.2827,-1.15192,0.0,0.06981,170.1256,1.8887,stand_6,206.0674,0.0,0.06981,0.0,0.06981,Sidewalk
317.5,127.8746,4.2827,-1.15192,0.0,-0.0,170.1256,1.8887,stand_6,206.059,0.0,-0.0,0.0,-0.0,Sidewalk
318.0,127.8746,4.2827,-1.11701,0.0,0.06981,170.1256,1.8887,stand_6,206.0674,0.0,0.06981,0.0,0.06981,Sidewalk
318.5,127.8746,4.2827,-1.11701,0.0,-0.0,170.1256,1.8887,stand_6,206.059,0.0,-0.0,0.0,-0.0,Sidewalk
319.0,127.8746,4.2827,-1.0821,0.0,0.06981,170.1256,1.8887,stand_6,206.0674,0.0,0.06981,0.0,0.06981,Sidewalk
319.5,127.8746,4.2827,-1.0821,0.0,-0.0,170.1256,1.8887,stand_6,206.059,0.0,-0.0,0.0,-0.0,Sidewalk
320.0,127.8746,4.2827,-1.0472,0.0,0.06981,170.1256,1.8887,stand_6,206.0674,0.0,0.06981,0.0,0.06981,Sidewalk
320.5,127.8746,4.2827,-1.0472,0.0,-0.0,170.1256,1.8887,stand_6,206.059,0.0,-0.0,0.0,-0.0,Sidewalk
321.0,127.8746,4.2827,-1.01229,0.0,0.06981,170.1256,1.8887,stand_6,206.0674,0.0,0.06981,0.0,0.06981,Sidewalk
321.5,127.8746,4.2827,-1.01229,0.0,-0.0,170.1256,1.8887,stand_6,206.059,0.0,-0.0,0.0,-0.0,Sidewalk
322.0,127.8746,4.2827,-0.97738,0.0,0.06981,170.1256,1.8888,stand_6,206.0674,0.0,0.06981,0.0,0.06981,Sidewalk
322.5,127.8746,4.2827,-0.97738,0.0,-0.0,170.1256,1.8888,stand_6,206.059,0.0,-0.0,0.0,-0.0,Sidewalk
323.0,127.8746,4.2827,-0.94248,0.0,0.06981,170.1256,1.8888,stand_6,206.0674,0.0,0.06981,0.0,0.06981,Sidewalk
323.5,127.8746,4.2827,-0.94248,0.0,-0.0,170.1256,1.8888,stand_6,206.059,0.0,-0.0,0.0,-0.0,Sidewalk
324.0,127.8746,4.2827,-0.90757,0.0,0.06981,170.1256,1.8888,stand_6,206.0673,0.0,0.06981,0.0,0.06981,Sidewalk
324.5,127.8746,4.2827,-0.90757,0.0,-0.0,170.1256,1.8888,stand_6,206.059,0.0,-0.0,0.0,-0.0,Sidewalk
325.0,127.8746,4.2827,-0.87266,0.0,0.06981,170.1256,1.8888,stand_6,206.0673,0.0,0.06981,0.0,0.06981,Sidewalk
325.5,127.8746,4.2827,-0.87266,0.0,-0.0,170.1256,1.8888,stand_6,206.059,0.0,-0.0,0.0,-0.0,Sidewalk
326.0,127.8746,4.2827,-0.83776,0.0,0.06981,170.1256,1.8888,stand_6,206.0673,0.0,0.06981,0.0,0.06981,Sidewalk
326.5,127.8746,4.2827,-0.83776,0.0,-0.0,170.1256,1.8888,stand_6,206.059,0.0,-0.0,0.0,-0.0,Sidewalk
327.0,127.8746,4.2827,-0.80285,0.0,0.06981,170.1256,1.8888,stand_6,206.0673,0.0,0.06981,0.0,0.06981,Sidewalk
327.5,127.8746,4.2827,-0.80285,0.0,-0.0,170.1256,1.8888,stand_6,206.059,0.0,-0.0,0.0,-0.0,Sidewalk
328.0,127.8746,4.2827,-0.76794,0.0,0.06981,170.1256,1.8888,stand_6,206.0673,0.0,0.06981,0.0,0.06981,Sidewalk
328.5,127.8746,4.2827,-0.76794,0.0,-0.0,170.1256,1.8888,stand_6,206.059,0.0,-0.0,0.0,-0.0,Sidewalk
329.0,127.8746,4.2827,-0.73304,0.0,0.06981,170.1256,1.8888,stand_6,206.0673,0.0,0.06981,0.0,0.06981,Sidewalk
329.5,127.8746,4.2827,-0.73304,0.0,-0.0,170.1256,1.8888,stand_6,206.059,0.0,-0.0,0.0,-0.0,Sidewalk
330.0,127.8746,4.2827,-0.69813,0.0,0.06981,170.1256,1.8888,stand_6,206.0673,0.0,0.06981,0.0,0.06981,Sidewalk
330.5,127.8746,4.2827,-0.69813,0.0,-0.0,170.1256,1.8888,stand_6,206.0589,0.0,-0.0,0.0,-0.0,Sidewalk
331.0,127.8746,4.2827,-0.66323,0.0,0.06981,170.1256,1.8888,stand_6,206.0673,0.0,0.06981,0.0,0.06981,Sidewalk
331.5,127.8746,4.2827,-0.66323,0.0,-0.0,170.1256,1.8888,stand_6,206.0589,0.0,-0.0,0.0,-0.0,Sidewalk
332.0,127.8746,4.2827,-0.62832,0.0,0.06981,170.1256,1.8888,stand_6,206.0673,0.0,0.06981,0.0,0.06981,Sidewalk
332.5,127.8746,4.2827,-0.62832,0.0,-0.0,170.1256,1.8888,stand_6,206.0589,0.0,-0.0,0.0,-0.0,Sidewalk
333.0,127.8746,4.2827,-0.59341,0.0,0.06981,170.1256,1.8888,stand_6,206.0673,0.0,0.06981,0.0,0.06981,Sidewalk
333.5,127.8746,4.2827,-0.59341,0.0,-0.0,170.1256,1.8888,stand_6,206.0589,0.0,-0.0,0.0,-0.0,Sidewalk
334.0,127.8746,4.2827,-0.55851,0.0,0.06981,170.1256,1.8888,stand_6,206.0673,0.0,0.06981,0.0,0.06981,Sidewalk
334.5,127.8746,4.2827,-0.55851,0.0,-0.0,170.1256,1.8888,stand_6,206.0589,0.0,-0.0,0.0,-0.0,Sidewalk
335.0,127.8746,4.2827,-0.5236,0.0,0.06981,170.1256,1.8888,stand_6,206.0673,0.0,0.06981,0.0,0.06981,Sidewalk
335.5,127.8746,4.2827,-0.5236,0.0,-0.0,170.1256,1.8888,stand_6,206.0589,0.0,-0.0,0.0,-0.0,Sidewalk
336.0,127.8746,4.2827,-0.48869,0.0,0.06981,170.1256,1.8888,stand_6,206.0673,0.0,0.06981,0.0,0.06981,Sidewalk
336.5,127.8746,4.2827,-0.48869,0.0,-0.0,170.1256,1.8888,stand_6,206.0589,0.0,-0.0,0.0,-0.0,Sidewalk
337.0,127.8746,4.2827,-0.45379,0.0,0.06981,170.1256,1.8888,stand_6,206.0673,0.0,0.06981,0.0,0.06981,Sidewalk
337.5,127.8746,4.2827,-0.45379,0.0,-0.0,170.1256,1.8888,stand_6,206.0589,0.0,-0.0,0.0,-0.0,Sidewalk
338.0,127.8746,4.2827,-0.41888,0.0,0.06981,170.1256,1.8888,stand_6,206.0673,0.0,0.06981,0.0,0.06981,Sidewalk
338.5,127.8746,4.2827,-0.41888,0.0,-0.0,170.1256,1.8888,stand_6,206.0589,0.0,-0.0,0.0,-0.0,Sidewalk
339.0,127.8746,4.2827,-0.38397,0.0,0.06981,170.1256,1.8888,stand_6,206.0673,0.0,0.06981,0.0,0.06981,Sidewalk
339.5,127.8746,4.2827,-0.38397,0.0,-0.0,170.1256,1.8888,stand_6,206.0589,0.0,-0.0,0.0,-0.0,Sidewalk
340.0,127.8746,4.2827,-0.34907,0.0,0.06981,170.1256,1.8888,stand_6,206.0673,0.0,0.06981,0.0,0.06981,Sidewalk
340.5,127.8746,4.2827,-0.34907,0.0,-0.0,170.1256,1.8888,stand_6,206.0589,0.0,-0.0,0.0,-0.0,Sidewalk
341.0,127.8746,4.2827,-0.31416,0.0,0.06981,170.1256,1.8888,stand_6,206.0673,0.0,0.06981,0.0,0.06981,Sidewalk
341.5,127.8746,4.2827,-0.31416,0.0,-0.0,170.1256,1.8888,stand_6,206.0589,0.0,-0.0,0.0,-0.0,Sidewalk
342.0,127.8746,4.2827,-0.27925,0.0,0.06981,170.1256,1.8888,stand_6,206.0673,0.0,0.06981,0.0,0.06981,Sidewalk
342.5,127.8746,4.2827,-0.27925,0.0,-0.0,170.1256,1.8888,stand_6,206.0589,0.0,-0.0,0.0,-0.0,Sidewalk
343.0,127.8746,4.2827,-0.24435,0.0,0.06981,170.1256,1.8888,stand_6,206.0673,0.0,0.06981,0.0,0.06981,Sidewalk
343.5,127.8746,4.2827,-0.24435,0.0,-0.0,170.1256,1.8888,stand_6,206.0589,0.0,-0.0,0.0,-0.0,Sidewalk
344.0,127.8746,4.2827,-0.20944,0.0,0.06981,170.1256,1.8888,stand_6,206.0673,0.0,0.06981,0.0,0.06981,Sidewalk
344.5,127.8746,4.2827,-0.20944,0.0,-0.0,170.1256,1.8888,stand_6,206.0589,0.0,-0.0,0.0,-0.0,Sidewalk
345.0,127.8746,4.2827,-0.17453,0.0,0.06981,170.1256,1.8888,stand_6,206.0673,0.0,0.06981,0.0,0.06981,Sidewalk
345.5,127.8746,4.2827,-0.17453,0.0,-0.0,170.1256,1.8888,stand_6,206.0589,0.0,-0.0,0.0,-0.0,Sidewalk
346.0,127.8746,4.2827,-0.13963,0.0,0.06981,170.1256,1.8888,stand_6,206.0673,0.0,0.06981,0.0,0.06981,Sidewalk
346.5,127.8746,4.2827,-0.13963,0.0,-0.0,170.1256,1.8888,stand_6,206.0589,0.0,-0.0,0.0,-0.0,Sidewalk
347.0,127.8746,4.2827,-0.10472,0.0,0.06981,170.1256,1.8888,stand_6,206.0673,0.0,0.06981,0.0,0.06981,Sidewalk
347.5,127.8746,4.2827,-0.10472,0.0,-0.0,170.1256,1.8888,stand_6,206.0589,0.0,-0.0,0.0,-0.0,Sidewalk
348.0,127.8746,4.2827,-0.06981,0.0,0.06981,170.1256,1.8888,stand_6,206.0673,0.0,0.06981,0.0,0.06981,Sidewalk
348.5,127.8746,4.2827,-0.06981,0.0,-0.0,170.1256,1.8888,stand_6,206.0589,0.0,-0.0,0.0,-0.0,Sidewalk
349.0,127.8746,4.2827,-0.03491,0.0,0.06981,170.1256,1.8888,stand_6,206.0673,0.0,0.06981,0.0,0.06981,Sidewalk
349.5,127.8746,4.2827,-0.03491,0.0,-0.0,170.1256,1.8888,stand_6,206.0589,0.0,-0.0,0.0,-0.0,Sidewalk
350.0,127.8746,4.2827,-0.0,0.0,0.06981,170.1256,1.8888,stand_6,206.0673,0.0,0.06981,0.0,0.06981,Sidewalk
350.5,127.8746,4.2827,-0.0,0.0,-0.0,170.1256,1.8888,stand_6,206.0589,0.0,-0.0,0.0,-0.0,Sidewalk
351.0,127.8746,4.2827,0.03491,0.0,0.06981,170.1256,1.8888,stand_6,206.0673,0.0,0.06981,0.0,0.06981,Sidewalk
351.5,127.8746,4.2827,0.03491,0.0,-0.0,170.1256,1.8888,stand_6,206.0589,0.0,-0.0,0.0,-0.0,Sidewalk
352.0,127.8746,4.2827,0.06981,0.0,0.06981,170.1256,1.8888,stand_6,206.0673,0.0,0.06981,0.0,0.06981,Sidewalk
352.5,127.8746,4.2827,0.06981,0.0,-0.0,170.1256,1.8888,stand_6,206.0589,0.0,-0.0,0.0,-0.0,Sidewalk
353.0,127.8746,4.2827,0.10472,0.0,0.06981,170.1256,1.8888,stand_6,206.0673,0.0,0.06981,0.0,0.06981,Sidewalk
353.5,127.8746,4.2827,0.10472,0.0,-0.0,170.1256,1.8888,stand_6,206.0589,0.0,-0.0,0.0,-0.0,Sidewalk
354.0,127.8746,4.2827,0.13963,0.0,0.06981,170.1256,1.8888,stand_6,206.0673,0.0,0.06981,0.0,0.06981,Sidewalk
354.5,127.8746,4.2827,0.13963,0.0,-0.0,170.1256,1.8888,stand_6,206.0589,0.0,-0.0,0.0,-0.0,Sidewalk
355.0,127.8746,4.2827,0.17453,0.0,0.06981,170.1256,1.8888,stand_6,206.0672,0.0,0.06981,0.0,0.06981,Sidewalk
355.5,127.8746,4.2827,0.17453,0.0,-0.0,170.1256,1.8888,stand_6,206.0589,0.0,-0.0,0.0,-0.0,Sidewalk
356.0,127.8746,4.2827,0.20944,0.0,0.06981,170.1256,1.8888,stand_6,206.0672,0.0,0.06981,0.0,0.06981,Sidewalk
356.5,127.8746,4.2827,0.20944,0.0,-0.0,170.1256,1.8888,stand_6,206.0589,0.0,-0.0,0.0,-0.0,Sidewalk
357.0,127.8746,4.2827,0.24435,0.0,0.06981,170.1256,1.8888,stand_6,206.0672,0.0,0.06981,0.0,0.06981,Sidewalk
357.5,127.8746,4.2827,0.24435,0.0,-0.0,170.1256,1.8889,stand_6,206.0589,0.0,-0.0,0.0,-0.0,Sidewalk
358.0,127.8746,4.2827,0.27925,0.0,0.06981,170.1256,1.8889,stand_6,206.0672,0.0,0.06981,0.0,0.06981,Sidewalk
358.5,127.8746,4.2827,0.27925,0.0,-0.0,170.1256,1.8889,stand_6,206.0589,0.0,-0.0,0.0,-0.0,Sidewalk
359.0,127.8746,4.2827,0.31416,0.0,0.06981,170.1256,1.8889,stand_6,206.0672,0.0,0.06981,0.0,0.06981,Sidewalk
359.5,127.8746,4.2827,0.31416,0.0,-0.0,170.1256,1.8889,stand_6,206.0589,0.0,-0.0,0.0,-0.0,Sidewalk
360.0,127.8746,4.2827,0.34907,0.0,0.06981,170.1256,1.8889,stand_6,206.0672,0.0,0.06981,0.0,0.06981,Sidewalk
360.5,127.8746,4.2827,0.34907,0.0,-0.0,170.1256,1.8889,stand_6,206.0589,0.0,-0.0,0.0,-0.0,Sidewalk
361.0,127.8746,4.2827,0.38397,0.0,0.06981,170.1256,1.8889,stand_6,206.0672,0.0,0.06981,0.0,0.06981,Sidewalk
361.5,127.8746,4.2827,0.38397,0.0,-0.0,170.1256,1.8889,stand_6,206.0589,0.0,-0.0,0.0,-0.0,Sidewalk
362.0,127.8746,4.2827,0.41888,0.0,0.06981,170.1256,1.8889,stand_6,206.0672,0.0,0.06981,0.0,0.06981,Sidewalk
362.5,127.8746,4.2827,0.41888,0.0,-0.0,170.1256,1.8889,stand_6,206.0588,0.0,-0.0,0.0,-0.0,Sidewalk
363.0,127.8746,4.2827,0.45379,0.0,0.06981,170.1256,1.8889,stand_6,206.0672,0.0,0.06981,0.0,0.06981,Sidewalk
363.5,127.8746,4.2827,0.45379,0.0,-0.0,170.1256,1.8889,stand_6,206.0588,0.0,-0.0,0.0,-0.0,Sidewalk
364.0,127.8746,4.2827,0.48869,0.0,0.06981,170.1256,1.8889,stand_6,206.0672,0.0,0.06981,0.0,0.06981,Sidewalk
364.5,127.8746,4.2827,0.48869,0.0,-0.0,170.1256,1.8889,stand_6,206.0588,0.0,-0.0,0.0,-0.0,Sidewalk
365.0,127.8746,4.2827,0.5236,0.0,0.06981,170.1256,1.8889,stand_6,206.0672,0.0,0.06981,0.0,0.06981,Sidewalk
365.5,127.8746,4.2827,0.5236,0.0,-0.0,170.1256,1.8889,stand_6,206.0588,0.0,-0.0,0.0,-0.0,Sidewalk
366.0,127.8746,4.2827,0.55851,0.0,0.06981,170.1256,1.8889,stand_6,206.0672,0.0,0.06981,0.0,0.06981,Sidewalk
366.5,127.8746,4.2827,0.55851,0.0,-0.0,170.1256,1.8889,stand_6,206.0588,0.0,-0.0,0.0,-0.0,Sidewalk
367.0,127.8746,4.2827,0.59341,0.0,0.06981,170.1256,1.8889,stand_6,206.0672,0.0,0.06981,0.0,0.06981,Sidewalk
367.5,127.8746,4.2827,0.59341,0.0,-0.0,170.1256,1.8889,stand_6,206.0588,0.0,-0.0,0.0,-0.0,Sidewalk
368.0,127.8746,4.2827,0.62832,0.0,0.06981,170.1256,1.8889,stand_6,206.0672,0.0,0.06981,0.0,0.06981,Sidewalk
368.5,127.8746,4.2827,0.62832,0.0,-0.0,170.1256,1.8889,stand_6,206.0588,0.0,-0.0,0.0,-0.0,Sidewalk
369.0,127.8746,4.2827,0.66323,0.0,0.06981,170.1256,1.8889,stand_6,206.0672,0.0,0.06981,0.0,0.06981,Sidewalk
369.5,127.8746,4.2827,0.66323,0.0,-0.0,170.1256,1.8889,stand_6,206.0588,0.0,-0.0,0.0,-0.0,Sidewalk
370.0,127.8746,4.2827,0.69813,0.0,0.06981,170.1256,1.8889,stand_6,206.0672,0.0,0.06981,0.0,0.06981,Sidewalk
370.5,127.8746,4.2827,0.69813,0.0,-0.0,170.1256,1.8889,stand_6,206.0588,0.0,-0.0,0.0,-0.0,Sidewalk
371.0,127.8746,4.2827,0.73304,0.0,0.06981,170.1256,1.8889,stand_6,206.0672,0.0,0.06981,0.0,0.06981,Sidewalk
371.5,127.8746,4.2827,0.73304,0.0,-0.0,170.1256,1.8889,stand_6,206.0588,0.0,-0.0,0.0,-0.0,Sidewalk
372.0,127.8746,4.2827,0.76794,0.0,0.06981,170.1256,1.8889,stand_6,206.0672,0.0,0.06981,0.0,0.06981,Sidewalk
372.5,127.8746,4.2827,0.76794,0.0,-0.0,170.1256,1.8889,stand_6,206.0588,0.0,-0.0,0.0,-0.0,Sidewalk
373.0,127.8746,4.2827,0.80285,0.0,0.06981,170.1256,1.8889,stand_6,206.0672,0.0,0.06981,0.0,0.06981,Sidewalk
373.5,127.8746,4.2827,0.80285,0.0,-0.0,170.1256,1.8889,stand_6,206.0588,0.0,-0.0,0.0,-0.0,Sidewalk
374.0,127.8746,4.2827,0.83776,0.0,0.06981,170.1256,1.8889,stand_6,206.0672,0.0,0.06981,0.0,0.06981,Sidewalk
374.5,127.8746,4.2827,0.83776,0.0,-0.0,170.1256,1.8889,stand_6,206.0588,0.0,-0.0,0.0,-0.0,Sidewalk
375.0,127.8746,4.2827,0.87266,0.0,0.06981,170.1256,1.8889,stand_6,206.0672,0.0,0.06981,0.0,0.06981,Sidewalk
375.5,127.8746,4.2827,0.87266,0.0,-0.0,170.1256,1.8889,stand_6,206.0588,0.0,-0.0,0.0,-0.0,Sidewalk
376.0,127.8746,4.2827,0.90757,0.0,0.06981,170.1256,1.8889,stand_6,206.0672,0.0,0.06981,0.0,0.06981,Sidewalk
376.5,127.8746,4.2827,0.90757,0.0,-0.0,170.1256,1.8889,stand_6,206.0588,0.0,-0.0,0.0,-0.0,Sidewalk
377.0,127.8746,4.2827,0.94248,0.0,0.06981,170.1256,1.8889,stand_6,206.0672,0.0,0.06981,0.0,0.06981,Sidewalk
377.5,127.8746,4.2827,0.94248,0.0,-0.0,170.1256,1.8889,stand_6,206.0588,0.0,-0.0,0.0,-0.0,Sidewalk
378.0,127.8746,4.2827,0.97738,0.0,0.06981,170.1256,1.8889,stand_6,206.0672,0.0,0.06981,0.0,0.06981,Sidewalk
378.5,127.8746,4.2827,0.97738,0.0,-0.0,170.1256,1.8889,stand_6,206.0588,0.0,-0.0,0.0,-0.0,Sidewalk
379.0,127.8746,4.2827,1.01229,0.0,0.06981,170.1256,1.8889,stand_6,206.0672,0.0,0.06981,0.0,0.06981,Sidewalk
379.5,127.8746,4.2827,1.01229,0.0,-0.0,170.1256,1.8889,stand_6,206.0588,0.0,-0.0,0.0,-0.0,Sidewalk
380.0,127.8746,4.2827,1.0472,0.0,0.06981,170.1256,1.8889,stand_6,206.0672,0.0,0.06981,0.0,0.06981,Sidewalk
380.5,127.8746,4.2827,1.0472,0.0,-0.0,170.1256,1.8889,stand_6,206.0588,0.0,-0.0,0.0,-0.0,Sidewalk
381.0,127.8746,4.2827,1.0821,0.0,0.06981,170.1256,1.8889,stand_6,206.0672,0.0,0.06981,0.0,0.06981,Sidewalk
381.5,127.8746,4.2827,1.0821,0.0,-0.0,170.1256,1.8889,stand_6,206.0588,0.0,-0.0,0.0,-0.0,Sidewalk
382.0,127.8746,4.2827,1.11701,0.0,0.06981,170.1256,1.8889,stand_6,206.0672,0.0,0.06981,0.0,0.06981,Sidewalk
382.5,127.8746,4.2827,1.11701,0.0,-0.0,170.1256,1.8889,stand_6,206.0588,0.0,-0.0,0.0,-0.0,Sidewalk
383.0,127.8746,4.2827,1.15192,0.0,0.06981,170.1256,1.8889,stand_6,206.0672,0.0,0.06981,0.0,0.06981,Sidewalk
383.5,127.8746,4.2827,1.15192,0.0,-0.0,170.1256,1.8889,stand_6,206.0588,0.0,-0.0,0.0,-0.0,Sidewalk
384.0,127.8746,4.2827,1.18682,0.0,0.06981,170.1256,1.8889,stand_6,206.0672,0.0,0.06981,0.0,0.06981,Sidewalk
384.5,127.8746,4.2827,1.18682,0.0,-0.0,170.1256,1.8889,stand_6,206.0588,0.0,-0.0,0.0,-0.0,Sidewalk
385.0,127.8746,4.2827,1.22173,0.0,0.06981,170.1256,1.8889,stand_6,206.0672,0.0,0.06981,0.0,0.06981,Sidewalk
385.5,127.8746,4.2827,1.22173,0.0,-0.0,170.1256,1.8889,stand_6,206.0588,0.0,-0.0,0.0,-0.0,Sidewalk
386.0,127.8746,4.2827,1.25664,0.0,0.06981,170.1256,1.8889,stand_6,206.0671,0.0,0.06981,0.0,0.06981,Sidewalk
386.5,127.8746,4.2827,1.25664,0.0,-0.0,170.1256,1.8889,stand_6,206.0588,0.0,-0.0,0.0,-0.0,Sidewalk
387.0,127.8746,4.2827,1.29154,0.0,0.06981,170.1256,1.8889,stand_6,206.0671,0.0,0.06981,0.0,0.06981,Sidewalk
387.5,127.8746,4.2827,1.29154,0.0,-0.0,170.1256,1.8889,stand_6,206.0588,0.0,-0.0,0.0,-0.0,Sidewalk
388.0,127.8746,4.2827,1.32645,0.0,0.06981,170.1256,1.8889,stand_6,206.0671,0.0,0.06981,0.0,0.06981,Sidewalk
388.5,127.8746,4.2827,1.32645,0.0,-0.0,170.1256,1.8889,stand_6,206.0588,0.0,-0.0,0.0,-0.0,Sidewalk
389.0,127.8746,4.2827,1.36136,0.0,0.06981,170.1256,1.8889,stand_6,206.0671,0.0,0.06981,0.0,0.06981,Sidewalk
389.5,127.8746,4.2827,1.36136,0.0,-0.0,170.1256,1.8889,stand_6,206.0588,0.0,-0.0,0.0,-0.0,Sidewalk
390.0,127.8746,4.2827,1.39626,0.0,0.06981,170.1256,1.8889,stand_6,206.0671,0.0,0.06981,0.0,0.06981,Sidewalk
390.5,127.8746,4.2827,1.39626,0.0,-0.0,170.1256,1.8889,stand_6,206.0588,0.0,-0.0,0.0,-0.0,Sidewalk
391.0,127.8746,4.2827,1.43117,0.0,0.06981,170.1256,1.8889,stand_6,206.0671,0.0,0.06981,0.0,0.06981,Sidewalk
391.5,127.8746,4.2827,1.43117,0.0,-0.0,170.1256,1.889,stand_6,206.0588,0.0,-0.0,0.0,-0.0,Sidewalk
392.0,127.8746,4.2827,1.46608,0.0,0.06981,170.1256,1.889,stand_6,206.0671,0.0,0.06981,0.0,0.06981,Sidewalk
392.5,127.8746,4.2827,1.46608,0.0,-0.0,170.1256,1.889,stand_6,206.0587,0.0,-0.0,0.0,-0.0,Sidewalk
393.0,127.8746,4.2827,1.50098,0.0,0.06981,170.1256,1.889,stand_6,206.0671,0.0,0.06981,0.0,0.06981,Sidewalk
393.5,127.8746,4.2827,1.50098,0.0,-0.0,170.1256,1.889,stand_6,206.0587,0.0,-0.0,0.0,-0.0,Sidewalk
394.0,127.8746,4.2827,1.53589,0.0,0.06981,170.1256,1.889,stand_6,206.0671,0.0,0.06981,0.0,0.06981,Sidewalk
394.5,127.8746,4.2827,1.53589,0.0,-0.0,170.1256,1.889,stand_6,206.0587,0.0,-0.0,0.0,-0.0,Sidewalk
395.0,127.8746,4.2827,1.5708,0.0,0.06981,170.1256,1.889,stand_6,206.0671,0.0,0.06981,0.0,0.06981,Sidewalk
395.5,127.8746,4.2827,1.5708,0.0,-0.0,170.1256,1.889,stand_6,206.0587,0.0,-0.0,0.0,-0.0,Sidewalk
396.0,127.8746,4.2827,1.6057,0.0,0.06981,170.1256,1.889,stand_6,206.0671,0.0,0.06981,0.0,0.06981,Sidewalk
396.5,127.8746,4.2827,1.6057,0.0,-0.0,170.1256,1.889,stand_6,206.0587,0.0,-0.0,0.0,-0.0,Sidewalk
397.0,127.8746,4.2827,1.64061,0.0,0.06981,170.1256,1.889,stand_6,206.0671,0.0,0.06981,0.0,0.06981,Sidewalk
397.5,127.8746,4.2827,1.64061,0.0,-0.0,170.1256,1.889,stand_6,206.0587,0.0,-0.0,0.0,-0.0,Sidewalk
398.0,127.8746,4.2827,1.67552,0.0,0.06981,170.1256,1.889,stand_6,206.0671,0.0,0.06981,0.0,0.06981,Sidewalk
398.5,127.8746,4.2827,1.67552,0.0,-0.0,170.1256,1.889,stand_6,206.0587,0.0,-0.0,0.0,-0.0,Sidewalk
399.0,127.8746,4.2827,1.71042,0.0,0.06981,170.1256,1.889,stand_6,206.0671,0.0,0.06981,0.0,0.06981,Sidewalk
399.5,127.8746,4.2827,1.71042,0.0,-0.0,170.1256,1.889,stand_6,206.0587,0.0,-0.0,0.0,-0.0,Sidewalk
400.0,127.8746,4.2827,1.74533,0.0,0.06981,170.1256,1.889,stand_6,206.0671,0.0,0.06981,0.0,0.06981,Sidewalk
400.5,127.8746,4.2827,1.74533,0.0,-0.0,170.1256,1.889,stand_6,206.0587,0.0,-0.0,0.0,-0.0,Sidewalk
401.0,127.8746,4.2827,1.78024,0.0,0.06981,170.1256,1.889,stand_6,206.0671,0.0,0.06981,0.0,0.06981,Sidewalk
401.5,127.8746,4.2827,1.78024,0.0,-0.0,170.1256,1.889,stand_6,206.0587,0.0,-0.0,0.0,-0.0,Sidewalk
402.0,127.8746,4.2827,1.81514,0.0,0.06981,170.1256,1.889,stand_6,206.0671,0.0,0.06981,0.0,0.06981,Sidewalk
402.5,127.8746,4.2827,1.81514,0.0,-0.0,170.1256,1.889,stand_6,206.0587,0.0,-0.0,0.0,-0.0,Sidewalk
403.0,127.8746,4.2827,1.85005,0.0,0.06981,170.1256,1.889,stand_6,206.0671,0.0,0.06981,0.0,0.06981,Sidewalk
403.5,127.8746,4.2827,1.85005,0.0,-0.0,170.1256,1.889,stand_6,206.0587,0.0,-0.0,0.0,-0.0,Sidewalk
404.0,127.8746,4.2827,1.88496,0.0,0.06981,170.1256,1.889,stand_6,206.0671,0.0,0.06981,0.0,0.06981,Sidewalk
404.5,127.8746,4.2827,1.88496,0.0,-0.0,170.1256,1.889,stand_6,206.0587,0.0,-0.0,0.0,-0.0,Sidewalk
405.0,127.8746,4.2827,1.91986,0.0,0.06981,170.1256,1.889,stand_6,206.0671,0.0,0.06981,0.0,0.06981,Sidewalk
405.5,127.8746,4.2827,1.91986,0.0,-0.0,170.1256,1.889,stand_6,206.0587,0.0,-0.0,0.0,-0.0,Sidewalk
406.0,127.8746,4.2827,1.95477,0.0,0.06981,170.1256,1.889,stand_6,206.0671,0.0,0.06981,0.0,0.06981,Sidewalk
406.5,127.8746,4.2827,1.95477,0.0,-0.0,170.1256,1.889,stand_6,206.0587,0.0,-0.0,0.0,-0.0,Sidewalk
407.0,127.8746,4.2827,1.98968,0.0,0.06981,170.1256,1.889,stand_6,206.0671,0.0,0.06981,0.0,0.06981,Sidewalk
407.5,127.8746,4.2827,1.98968,0.0,-0.0,170.1256,1.889,stand_6,206.0587,0.0,-0.0,0.0,-0.0,Sidewalk
408.0,127.8746,4.2827,2.02458,0.0,0.06981,170.1256,1.889,stand_6,206.0671,0.0,0.06981,0.0,0.06981,Sidewalk
408.5,127.8746,4.2827,2.02458,0.0,-0.0,170.1256,1.889,stand_6,206.0587,0.0,-0.0,0.0,-0.0,Sidewalk
409.0,127.8746,4.2827,2.05949,0.0,0.06981,170.1256,1.889,stand_6,206.0671,0.0,0.06981,0.0,0.06981,Sidewalk
409.5,127.8746,4.2827,2.05949,0.0,-0.0,170.1256,1.889,stand_6,206.0587,0.0,-0.0,0.0,-0.0,Sidewalk
410.0,127.8746,4.2827,2.0944,0.0,0.06981,170.1256,1.889,stand_6,206.0671,0.0,0.06981,0.0,0.06981,Sidewalk
410.5,127.8746,4.2827,2.0944,0.0,-0.0,170.1256,1.889,stand_6,206.0587,0.0,-0.0,0.0,-0.0,Sidewalk
411.0,127.8746,4.2827,2.1293,0.0,0.06981,170.1256,1.889,stand_6,206.0671,0.0,0.06981,0.0,0.06981,Sidewalk
411.5,127.8746,4.2827,2.1293,0.0,-0.0,170.1256,1.889,stand_6,206.0587,0.0,-0.0,0.0,-0.0,Sidewalk
412.0,127.8746,4.2827,2.16421,0.0,0.06981,170.1256,1.889,stand_6,206.0671,0.0,0.06981,0.0,0.06981,Sidewalk
412.5,127.8746,4.2827,2.16421,0.0,-0.0,170.1256,1.889,stand_6,206.0587,0.0,-0.0,0.0,-0.0,Sidewalk
413.0,127.8746,4.2827,2.19911,0.0,0.06981,170.1256,1.889,stand_6,206.0671,0.0,0.06981,0.0,0.06981,Sidewalk
413.5,127.8746,4.2827,2.19911,0.0,-0.0,170.1256,1.889,stand_6,206.0587,0.0,-0.0,0.0,-0.0,Sidewalk
414.0,127.8746,4.2827,2.23402,0.0,0.06981,170.1256,1.889,stand_6,206.0671,0.0,0.06981,0.0,0.06981,Sidewalk
414.5,127.8746,4.2827,2.23402,0.0,-0.0,170.1256,1.889,stand_6,206.0587,0.0,-0.0,0.0,-0.0,Sidewalk
415.0,127.8746,4.2827,2.26893,0.0,0.06981,170.1256,1.889,stand_6,206.0671,0.0,0.06981,0.0,0.06981,Sidewalk
415.5,127.8746,4.2827,2.26893,0.0,-0.0,170.1256,1.889,stand_6,206.0587,0.0,-0.0,0.0,-0.0,Sidewalk
416.0,127.8746,4.2827,2.30383,0.0,0.06981,170.1256,1.889,stand_6,206.0671,0.0,0.06981,0.0,0.06981,Sidewalk
416.5,127.8746,4.2827,2.30383,0.0,-0.0,170.1256,1.889,stand_6,206.0587,0.0,-0.0,0.0,-0.0,Sidewalk
417.0,127.8746,4.2827,2.33874,0.0,0.06981,170.1256,1.889,stand_6,206.067,0.0,0.06981,0.0,0.06981,Sidewalk
417.5,127.8746,4.2827,2.33874,0.0,-0.0,170.1256,1.889,stand_6,206.0587,0.0,-0.0,0.0,-0.0,Sidewalk
418.0,127.8746,4.2827,2.37365,0.0,0.06981,170.1256,1.889,stand_6,206.067,0.0,0.06981,0.0,0.06981,Sidewalk
418.5,127.8746,4.2827,2.37365,0.0,-0.0,170.1256,1.889,stand_6,206.0587,0.0,-0.0,0.0,-0.0,Sidewalk
419.0,127.8746,4.2827,2.40855,0.0,0.06981,170.1256,1.889,stand_6,206.067,0.0,0.06981,0.0,0.06981,Sidewalk
419.5,127.8746,4.2827,2.40855,0.0,-0.0,170.1256,1.889,stand_6,206.0587,0.0,-0.0,0.0,-0.0,Sidewalk
420.0,127.8746,4.2827,2.44346,0.0,0.06981,170.1256,1.889,stand_6,206.067,0.0,0.06981,0.0,0.06981,Sidewalk
420.5,127.8746,4.2827,2.44346,0.0,-0.0,170.1256,1.889,stand_6,206.0587,0.0,-0.0,0.0,-0.0,Sidewalk
421.0,127.8746,4.2827,2.47837,0.0,0.06981,170.1256,1.889,stand_6,206.067,0.0,0.06981,0.0,0.06981,Sidewalk
421.5,127.8746,4.2827,2.47837,0.0,-0.0,170.1256,1.889,stand_6,206.0587,0.0,-0.0,0.0,-0.0,Sidewalk
422.0,127.8746,4.2827,2.51327,0.0,0.06981,170.1256,1.889,stand_6,206.067,0.0,0.06981,0.0,0.06981,Sidewalk
422.5,127.8746,4.2827,2.51327,0.0,-0.0,170.1256,1.889,stand_6,206.0586,0.0,-0.0,0.0,-0.0,Sidewalk
423.0,127.8746,4.2827,2.54818,0.0,0.06981,170.1256,1.889,stand_6,206.067,0.0,0.06981,0.0,0.06981,Sidewalk
423.5,127.8746,4.2827,2.54818,0.0,-0.0,170.1256,1.889,stand_6,206.0586,0.0,-0.0,0.0,-0.0,Sidewalk
424.0,127.8746,4.2827,2.58309,0.0,0.06981,170.1256,1.889,stand_6,206.067,0.0,0.06981,0.0,0.06981,Sidewalk
424.5,127.8746,4.2827,2.58309,0.0,-0.0,170.1256,1.889,stand_6,206.0586,0.0,-0.0,0.0,-0.0,Sidewalk
425.0,127.8746,4.2827,2.61799,0.0,0.06981,170.1256,1.889,stand_6,206.067,0.0,0.06981,0.0,0.06981,Sidewalk
425.5,127.8746,4.2827,2.61799,0.0,-0.0,170.1256,1.889,stand_6,206.0586,0.0,-0.0,0.0,-0.0,Sidewalk
426.0,127.8746,4.2827,2.6529,0.0,0.06981,170.1256,1.8891,stand_6,206.067,0.0,0.06981,0.0,0.06981,Sidewalk
426.5,127.8746,4.2827,2.6529,0.0,-0.0,170.1256,1.8891,stand_6,206.0586,0.0,-0.0,0.0,-0.0,Sidewalk
427.0,127.8746,4.2827,2.68781,0.0,0.06981,170.1256,1.8891,stand_6,206.067,0.0,0.06981,0.0,0.06981,Sidewalk
427.5,127.8746,4.2827,2.68781,0.0,-0.0,170.1256,1.8891,stand_6,206.0586,0.0,-0.0,0.0,-0.0,Sidewalk
428.0,127.8746,4.2827,2.72271,0.0,0.06981,170.1256,1.8891,stand_6,206.067,0.0,0.06981,0.0,0.06981,Sidewalk
428.5,127.8746,4.2827,2.72271,0.0,-0.0,170.1256,1.8891,stand_6,206.0586,0.0,-0.0,0.0,-0.0,Sidewalk
429.0,127.8746,4.2827,2.75762,0.0,0.06981,170.1256,1.8891,stand_6,206.067,0.0,0.06981,0.0,0.06981,Sidewalk
429.5,127.8746,4.2827,2.75762,0.0,-0.0,170.1256,1.8891,stand_6,206.0586,0.0,-0.0,0.0,-0.0,Sidewalk
430.0,127.8746,4.2827,2.79253,0.0,0.06981,170.1256,1.8891,stand_6,206.067,0.0,0.06981,0.0,0.06981,Sidewalk
430.5,127.8746,4.2827,2.79253,0.0,-0.0,170.1256,1.8891,stand_6,206.0586,0.0,-0.0,0.0,-0.0,Sidewalk
431.0,127.8746,4.2827,2.82743,0.0,0.06981,170.1256,1.8891,stand_6,206.067,0.0,0.06981,0.0,0.06981,Sidewalk
431.5,127.8746,4.2827,2.82743,0.0,-0.0,170.1256,1.8891,stand_6,206.0586,0.0,-0.0,0.0,-0.0,Sidewalk
432.0,127.8746,4.2827,2.86234,0.0,0.06981,170.1256,1.8891,stand_6,206.067,0.0,0.06981,0.0,0.06981,Sidewalk
432.5,127.8746,4.2827,2.86234,0.0,-0.0,170.1256,1.8891,stand_6,206.0586,0.0,-0.0,0.0,-0.0,Sidewalk
433.0,127.8746,4.2827,2.89725,0.0,0.06981,170.1256,1.8891,stand_6,206.067,0.0,0.06981,0.0,0.06981,Sidewalk
433.5,127.8746,4.2827,2.89725,0.0,-0.0,170.1256,1.8891,stand_6,206.0586,0.0,-0.0,0.0,-0.0,Sidewalk
434.0,127.8746,4.2827,2.93215,0.0,0.06981,170.1256,1.8891,stand_6,206.067,0.0,0.06981,0.0,0.06981,Sidewalk
434.5,127.8746,4.2827,2.93215,0.0,-0.0,170.1256,1.8891,stand_6,206.0586,0.0,-0.0,0.0,-0.0,Sidewalk
435.0,127.8746,4.2827,2.96706,0.0,0.06981,170.1256,1.8891,stand_6,206.067,0.0,0.06981,0.0,0.06981,Sidewalk
435.5,127.8746,4.2827,2.96706,0.0,-0.0,170.1256,1.8891,stand_6,206.0586,0.0,-0.0,0.0,-0.0,Sidewalk
436.0,127.8746,4.2827,3.00197,0.0,0.06981,170.1256,1.8891,stand_6,206.067,0.0,0.06981,0.0,0.06981,Sidewalk
436.5,127.8746,4.2827,3.00197,0.0,-0.0,170.1256,1.8891,stand_6,206.0586,0.0,-0.0,0.0,-0.0,Sidewalk
437.0,127.8746,4.2827,3.03687,0.0,0.06981,170.1256,1.8891,stand_6,206.067,0.0,0.06981,0.0,0.06981,Sidewalk
437.5,127.8746,4.2827,3.03687,0.0,-0.0,170.1256,1.8891,stand_6,206.0586,0.0,-0.0,0.0,-0.0,Sidewalk
438.0,127.8746,4.2827,3.07178,0.0,0.06981,170.1256,1.8891,stand_6,206.067,0.0,0.06981,0.0,0.06981,Sidewalk
438.5,127.8746,4.2827,3.07178,0.0,-0.0,170.1256,1.8891,stand_6,206.0586,0.0,-0.0,0.0,-0.0,Sidewalk
439.0,127.8746,4.2827,3.10669,0.0,0.06981,170.1256,1.8891,stand_6,206.067,0.0,0.06981,0.0,0.06981,Sidewalk
439.5,127.8746,4.2827,3.10669,0.0,-0.0,170.1256,1.8891,stand_6,206.0586,0.0,-0.0,0.0,-0.0,Sidewalk
440.0,127.8746,4.2827,3.14159,0.0,0.06981,170.1256,1.8891,stand_6,206.067,0.0,0.06981,0.0,0.06981,Sidewalk
440.5,127.8746,4.2827,3.14159,0.0,-0.0,170.1256,1.8891,stand_6,206.0586,0.0,-0.0,0.0,-0.0,Sidewalk
441.0,127.8746,4.2827,-3.10669,0.0,0.06981,170.1256,1.8891,stand_6,206.067,0.0,0.06981,0.0,0.06981,Sidewalk
441.5,127.8746,4.2827,-3.10669,0.0,-0.0,170.1256,1.8891,stand_6,206.0586,0.0,-0.0,0.0,-0.0,Sidewalk
442.0,127.8746,4.2827,-3.07178,0.0,0.06981,170.1256,1.8891,stand_6,206.067,0.0,0.06981,0.0,0.06981,Sidewalk
442.5,127.8746,4.2827,-3.07178,0.0,-0.0,170.1256,1.8891,stand_6,206.0586,0.0,-0.0,0.0,-0.0,Sidewalk
443.0,127.8746,4.2827,-3.03687,0.0,0.06981,170.1256,1.8891,stand_6,206.067,0.0,0.06981,0.0,0.06981,Sidewalk
443.5,127.8746,4.2827,-3.03687,0.0,-0.0,170.1256,1.8891,stand_6,206.0586,0.0,-0.0,0.0,-0.0,Sidewalk
444.0,127.8746,4.2827,-3.00197,0.0,0.06981,170.1256,1.8891,stand_6,206.067,0.0,0.06981,0.0,0.06981,Sidewalk
444.5,127.8746,4.2827,-3.00197,0.0,-0.0,170.1256,1.8891,stand_6,206.0586,0.0,-0.0,0.0,-0.0,Sidewalk
445.0,127.8746,4.2827,-2.96706,0.0,0.06981,170.1256,1.8891,stand_6,206.067,0.0,0.06981,0.0,0.06981,Sidewalk
445.5,127.8746,4.2827,-2.96706,0.0,-0.0,170.1256,1.8891,stand_6,206.0586,0.0,-0.0,0.0,-0.0,Sidewalk
446.0,127.8746,4.2827,-2.93215,0.0,0.06981,170.1256,1.8891,stand_6,206.067,0.0,0.06981,0.0,0.06981,Sidewalk
446.5,127.8746,4.2827,-2.93215,0.0,-0.0,170.1256,1.8891,stand_6,206.0586,0.0,-0.0,0.0,-0.0,Sidewalk
447.0,127.8746,4.2827,-2.89725,0.0,0.06981,170.1256,1.8891,stand_6,206.0669,0.0,0.06981,0.0,0.06981,Sidewalk
447.5,127.8746,4.2827,-2.89725,0.0,-0.0,170.1256,1.8891,stand_6,206.0586,0.0,-0.0,0.0,-0.0,Sidewalk
448.0,127.8746,4.2827,-2.86234,0.0,0.06981,170.1256,1.8891,stand_6,206.0669,0.0,0.06981,0.0,0.06981,Sidewalk
448.5,127.8746,4.2827,-2.86234,0.0,-0.0,170.1256,1.8891,stand_6,206.0586,0.0,-0.0,0.0,-0.0,Sidewalk
449.0,127.8746,4.2827,-2.82743,0.0,0.06981,170.1256,1.8891,stand_6,206.0669,0.0,0.06981,0.0,0.06981,Sidewalk
449.5,127.8746,4.2827,-2.82743,0.0,-0.0,170.1256,1.8891,stand_6,206.0586,0.0,-0.0,0.0,-0.0,Sidewalk
450.0,127.8746,4.2827,-2.79253,0.0,0.06981,170.1256,1.8891,stand_6,206.0669,0.0,0.06981,0.0,0.06981,Sidewalk
450.5,127.8746,4.2827,-2.79253,0.0,-0.0,170.1256,1.8891,stand_6,206.0586,0.0,-0.0,0.0,-0.0,Sidewalk
451.0,127.8746,4.2827,-2.75762,0.0,0.06981,170.1256,1.8891,stand_6,206.0669,0.0,0.06981,0.0,0.06981,Sidewalk
451.5,127.8746,4.2827,-2.75762,0.0,-0.0,170.1256,1.8891,stand_6,206.0586,0.0,-0.0,0.0,-0.0,Sidewalk
452.0,127.8746,4.2827,-2.72271,0.0,0.06981,170.1256,1.8891,stand_6,206.0669,0.0,0.06981,0.0,0.06981,Sidewalk
452.5,127.8746,4.2827,-2.72271,0.0,-0.0,170.1256,1.8891,stand_6,206.0586,0.0,-0.0,0.0,-0.0,Sidewalk
453.0,127.8746,4.2827,-2.68781,0.0,0.06981,170.1256,1.8891,stand_6,206.0669,0.0,0.06981,0.0,0.06981,Sidewalk
453.5,127.8746,4.2827,-2.68781,0.0,-0.0,170.1256,1.8891,stand_6,206.0586,0.0,-0.0,0.0,-0.0,Sidewalk
454.0,127.8746,4.2827,-2.6529,0.0,0.06981,170.1256,1.8891,stand_6,206.0669,0.0,0.06981,0.0,0.06981,Sidewalk
454.5,127.8746,4.2827,-2.6529,0.0,-0.0,170.1256,1.8891,stand_6,206.0585,0.0,-0.0,0.0,-0.0,Sidewalk
455.0,127.8746,4.2827,-2.61799,0.0,0.06981,170.1256,1.8891,stand_6,206.0669,0.0,0.06981,0.0,0.06981,Sidewalk
455.5,127.8746,4.2827,-2.61799,0.0,-0.0,170.1256,1.8891,stand_6,206.0585,0.0,-0.0,0.0,-0.0,Sidewalk
456.0,127.8746,4.2827,-2.58309,0.0,0.06981,170.1256,1.8891,stand_6,206.0669,0.0,0.06981,0.0,0.06981,Sidewalk
456.5,127.8746,4.2827,-2.58309,0.0,-0.0,170.1256,1.8891,stand_6,206.0585,0.0,-0.0,0.0,-0.0,Sidewalk
457.0,127.8746,4.2827,-2.54818,0.0,0.06981,170.1256,1.8891,stand_6,206.0669,0.0,0.06981,0.0,0.06981,Sidewalk
457.5,127.8746,4.2827,-2.54818,0.0,-0.0,170.1256,1.8891,stand_6,206.0585,0.0,-0.0,0.0,-0.0,Sidewalk
458.0,127.8746,4.2827,-2.51327,0.0,0.06981,170.1256,1.8891,stand_6,206.0669,0.0,0.06981,0.0,0.06981,Sidewalk
458.5,127.8746,4.2827,-2.51327,0.0,-0.0,170.1256,1.8891,stand_6,206.0585,0.0,-0.0,0.0,-0.0,Sidewalk
459.0,127.8746,4.2827,-2.47837,0.0,0.06981,170.1256,1.8891,stand_6,206.0669,0.0,0.06981,0.0,0.06981,Sidewalk
459.5,127.8746,4.2827,-2.47837,0.0,-0.0,170.1256,1.8891,stand_6,206.0585,0.0,-0.0,0.0,-0.0,Sidewalk
460.0,127.8746,4.2827,-2.44346,0.0,0.06981,170.1256,1.8891,stand_6,206.0669,0.0,0.06981,0.0,0.06981,Sidewalk
460.5,127.8746,4.2827,-2.44346,0.0,-0.0,170.1256,1.8891,stand_6,206.0585,0.0,-0.0,0.0,-0.0,Sidewalk
461.0,127.8746,4.2827,-2.40855,0.0,0.06981,170.1256,1.8891,stand_6,206.0669,0.0,0.06981,0.0,0.06981,Sidewalk
461.5,127.8746,4.2827,-2.40855,0.0,-0.0,170.1256,1.8891,stand_6,206.0585,0.0,-0.0,0.0,-0.0,Sidewalk
462.0,127.8746,4.2827,-2.37365,0.0,0.06981,170.1256,1.8891,stand_6,206.0669,0.0,0.06981,0.0,0.06981,Sidewalk
462.5,127.8746,4.2827,-2.37365,0.0,-0.0,170.1256,1.8891,stand_6,206.0585,0.0,-0.0,0.0,-0.0,Sidewalk
463.0,127.8746,4.2827,-2.33874,0.0,0.06981,170.1256,1.8891,stand_6,206.0669,0.0,0.06981,0.0,0.06981,Sidewalk
463.5,127.8746,4.2827,-2.33874,0.0,-0.0,170.1256,1.8891,stand_6,206.0585,0.0,-0.0,0.0,-0.0,Sidewalk
464.0,127.8746,4.2827,-2.30383,0.0,0.06981,170.1256,1.8892,stand_6,206.0669,0.0,0.06981,0.0,0.06981,Sidewalk
464.5,127.8746,4.2827,-2.30383,0.0,-0.0,170.1256,1.8892,stand_6,206.0585,0.0,-0.0,0.0,-0.0,Sidewalk
465.0,127.8746,4.2827,-2.26893,0.0,0.06981,170.1256,1.8892,stand_6,206.0669,0.0,0.06981,0.0,0.06981,Sidewalk
465.5,127.8746,4.2827,-2.26893,0.0,-0.0,170.1256,1.8892,stand_6,206.0585,0.0,-0.0,0.0,-0.0,Sidewalk
466.0,127.8746,4.2827,-2.23402,0.0,0.06981,170.1256,1.8892,stand_6,206.0669,0.0,0.06981,0.0,0.06981,Sidewalk
466.5,127.8746,4.2827,-2.23402,0.0,-0.0,170.1256,1.8892,stand_6,206.0585,0.0,-0.0,0.0,-0.0,Sidewalk
467.0,127.8746,4.2827,-2.19911,0.0,0.06981,170.1256,1.8892,stand_6,206.0669,0.0,0.06981,0.0,0.06981,Sidewalk
467.5,127.8746,4.2827,-2.19911,0.0,-0.0,170.1256,1.8892,stand_6,206.0585,0.0,-0.0,0.0,-0.0,Sidewalk
468.0,127.8746,4.2827,-2.16421,0.0,0.06981,170.1256,1.8892,stand_6,206.0669,0.0,0.06981,0.0,0.06981,Sidewalk
468.5,127.8746,4.2827,-2.16421,0.0,-0.0,170.1256,1.8892,stand_6,206.0585,0.0,-0.0,0.0,-0.0,Sidewalk
469.0,127.8746,4.2827,-2.1293,0.0,0.06981,170.1256,1.8892,stand_6,206.0669,0.0,0.06981,0.0,0.06981,Sidewalk
469.5,127.8746,4.2827,-2.1293,0.0,-0.0,170.1256,1.8892,stand_6,206.0585,0.0,-0.0,0.0,-0.0,Sidewalk
470.0,127.8746,4.2827,-2.0944,0.0,0.06981,170.1256,1.8892,stand_6,206.0669,0.0,0.06981,0.0,0.06981,Sidewalk
470.5,127.8746,4.2827,-2.0944,0.0,-0.0,170.1256,1.8892,stand_6,206.0585,0.0,-0.0,0.0,-0.0,Sidewalk
471.0,127.8746,4.2827,-2.05949,0.0,0.06981,170.1256,1.8892,stand_6,206.0669,0.0,0.06981,0.0,0.06981,Sidewalk
471.5,127.8746,4.2827,-2.05949,0.0,-0.0,170.1256,1.8892,stand_6,206.0585,0.0,-0.0,0.0,-0.0,Sidewalk
472.0,127.8746,4.2827,-2.02458,0.0,0.06981,170.1256,1.8892,stand_6,206.0669,0.0,0.06981,0.0,0.06981,Sidewalk
472.5,127.8746,4.2827,-2.02458,0.0,-0.0,170.1256,1.8892,stand_6,206.0585,0.0,-0.0,0.0,-0.0,Sidewalk
473.0,127.8746,4.2827,-1.98968,0.0,0.06981,170.1256,1.8892,stand_6,206.0669,0.0,0.06981,0.0,0.06981,Sidewalk
473.5,127.8746,4.2827,-1.98968,0.0,-0.0,170.1256,1.8892,stand_6,206.0585,0.0,-0.0,0.0,-0.0,Sidewalk
474.0,127.8746,4.2827,-1.95477,0.0,0.06981,170.1256,1.8892,stand_6,206.0669,0.0,0.06981,0.0,0.06981,Sidewalk
474.5,127.8746,4.2827,-1.95477,0.0,-0.0,170.1256,1.8892,stand_6,206.0585,0.0,-0.0,0.0,-0.0,Sidewalk
475.0,127.8746,4.2827,-1.91986,0.0,0.06981,170.1256,1.8892,stand_6,206.0669,0.0,0.06981,0.0,0.06981,Sidewalk
475.5,127.8746,4.2827,-1.91986,0.0,-0.0,170.1256,1.8892,stand_6,206.0585,0.0,-0.0,0.0,-0.0,Sidewalk
476.0,127.8746,4.2827,-1.88496,0.0,0.06981,170.1256,1.8892,stand_6,206.0669,0.0,0.06981,0.0,0.06981,Sidewalk
476.5,127.8746,4.2827,-1.88496,0.0,-0.0,170.1256,1.8892,stand_6,206.0585,0.0,-0.0,0.0,-0.0,Sidewalk
477.0,127.8746,4.2827,-1.85005,0.0,0.06981,170.1256,1.8892,stand_6,206.0669,0.0,0.06981,0.0,0.06981,Sidewalk
477.5,127.8746,4.2827,-1.85005,0.0,-0.0,170.1256,1.8892,stand_6,206.0585,0.0,-0.0,0.0,-0.0,Sidewalk
478.0,127.8746,4.2827,-1.81514,0.0,0.06981,170.1256,1.8892,stand_6,206.0669,0.0,0.06981,0.0,0.06981,Sidewalk
478.5,127.8746,4.2827,-1.81514,0.0,-0.0,170.1256,1.8892,stand_6,206.0585,0.0,-0.0,0.0,-0.0,Sidewalk
479.0,127.8746,4.2827,-1.78024,0.0,0.06981,170.1256,1.8892,stand_6,206.0669,0.0,0.06981,0.0,0.06981,Sidewalk
479.5,127.8746,4.2827,-1.78024,0.0,-0.0,170.1256,1.8892,stand_6,206.0585,0.0,-0.0,0.0,-0.0,Sidewalk
480.0,127.8746,4.2827,-1.74533,0.0,0.06981,170.1256,1.8892,stand_6,206.0668,0.0,0.06981,0.0,0.06981,Sidewalk
480.5,127.8746,4.2827,-1.74533,0.0,-0.0,170.1256,1.8892,stand_6,206.0585,0.0,-0.0,0.0,-0.0,Sidewalk
481.0,127.8746,4.2827,-1.71042,0.0,0.06981,170.1256,1.8892,stand_6,206.0668,0.0,0.06981,0.0,0.06981,Sidewalk
481.5,127.8746,4.2827,-1.71042,0.0,-0.0,170.1256,1.8892,stand_6,206.0585,0.0,-0.0,0.0,-0.0,Sidewalk
482.0,127.8746,4.2827,-1.67552,0.0,0.06981,170.1256,1.8892,stand_6,206.0668,0.0,0.06981,0.0,0.06981,Sidewalk
482.5,127.8746,4.2827,-1.67552,0.0,-0.0,170.1256,1.8892,stand_6,206.0585,0.0,-0.0,0.0,-0.0,Sidewalk
483.0,127.8746,4.2827,-1.64061,0.0,0.06981,170.1256,1.8892,stand_6,206.0668,0.0,0.06981,0.0,0.06981,Sidewalk
483.5,127.8746,4.2827,-1.64061,0.0,-0.0,170.1256,1.8892,stand_6,206.0585,0.0,-0.0,0.0,-0.0,Sidewalk
484.0,127.8746,4.2827,-1.6057,0.0,0.06981,170.1256,1.8892,stand_6,206.0668,0.0,0.06981,0.0,0.06981,Sidewalk
484.5,127.8746,4.2827,-1.6057,0.0,-0.0,170.1256,1.8892,stand_6,206.0585,0.0,-0.0,0.0,-0.0,Sidewalk
485.0,127.8746,4.2827,-1.5708,0.0,0.06981,170.1256,1.8892,stand_6,206.0668,0.0,0.06981,0.0,0.06981,Sidewalk
485.5,127.8746,4.2827,-1.5708,0.0,-0.0,170.1256,1.8892,stand_6,206.0585,0.0,-0.0,0.0,-0.0,Sidewalk
486.0,127.8746,4.2827,-1.53589,0.0,0.06981,170.1256,1.8892,stand_6,206.0668,0.0,0.06981,0.0,0.06981,Sidewalk
486.5,127.8746,4.2827,-1.53589,0.0,-0.0,170.1256,1.8892,stand_6,206.0585,0.0,-0.0,0.0,-0.0,Sidewalk
487.0,127.8746,4.2827,-1.50098,0.0,0.06981,170.1256,1.8892,stand_6,206.0668,0.0,0.06981,0.0,0.06981,Sidewalk
487.5,127.8746,4.2827,-1.50098,0.0,-0.0,170.1256,1.8892,stand_6,206.0584,0.0,-0.0,0.0,-0.0,Sidewalk
488.0,127.8746,4.2827,-1.46608,0.0,0.06981,170.1256,1.8892,stand_6,206.0668,0.0,0.06981,0.0,0.06981,Sidewalk
488.5,127.8746,4.2827,-1.46608,0.0,-0.0,170.1256,1.8892,stand_6,206.0584,0.0,-0.0,0.0,-0.0,Sidewalk
489.0,127.8746,4.2827,-1.43117,0.0,0.06981,170.1256,1.8892,stand_6,206.0668,0.0,0.06981,0.0,0.06981,Sidewalk
489.5,127.8746,4.2827,-1.43117,0.0,-0.0,170.1256,1.8892,stand_6,206.0584,0.0,-0.0,0.0,-0.0,Sidewalk
490.0,127.8746,4.2827,-1.39626,0.0,0.06981,170.1256,1.8892,stand_6,206.0668,0.0,0.06981,0.0,0.06981,Sidewalk
490.5,127.8746,4.2827,-1.39626,0.0,-0.0,170.1256,1.8892,stand_6,206.0584,0.0,-0.0,0.0,-0.0,Sidewalk
491.0,127.8746,4.2827,-1.36136,0.0,0.06981,170.1256,1.8892,stand_6,206.0668,0.0,0.06981,0.0,0.06981,Sidewalk
491.5,127.8746,4.2827,-1.36136,0.0,-0.0,170.1256,1.8892,stand_6,206.0584,0.0,-0.0,0.0,-0.0,Sidewalk
492.0,127.8746,4.2827,-1.32645,0.0,0.06981,170.1256,1.8892,stand_6,206.0668,0.0,0.06981,0.0,0.06981,Sidewalk
492.5,127.8746,4.2827,-1.32645,0.0,-0.0,170.1256,1.8892,stand_6,206.0584,0.0,-0.0,0.0,-0.0,Sidewalk
493.0,127.8746,4.2827,-1.29154,0.0,0.06981,170.1256,1.8892,stand_6,206.0668,0.0,0.06981,0.0,0.06981,Sidewalk
493.5,127.8746,4.2827,-1.29154,0.0,-0.0,170.1256,1.8892,stand_6,206.0584,0.0,-0.0,0.0,-0.0,Sidewalk
494.0,127.8746,4.2827,-1.25664,0.0,0.06981,170.1256,1.8892,stand_6,206.0668,0.0,0.06981,0.0,0.06981,Sidewalk
494.5,127.8746,4.2827,-1.25664,0.0,-0.0,170.1256,1.8892,stand_6,206.0584,0.0,-0.0,0.0,-0.0,Sidewalk
495.0,127.8746,4.2827,-1.22173,0.0,0.06981,170.1256,1.8892,stand_6,206.0668,0.0,0.06981,0.0,0.06981,Sidewalk
495.5,127.8746,4.2827,-1.22173,0.0,-0.0,170.1256,1.8892,stand_6,206.0584,0.0,-0.0,0.0,-0.0,Sidewalk
496.0,127.8746,4.2827,-1.18682,0.0,0.06981,170.1256,1.8892,stand_6,206.0668,0.0,0.06981,0.0,0.06981,Sidewalk
496.5,127.8746,4.2827,-1.18682,0.0,-0.0,170.1256,1.8892,stand_6,206.0584,0.0,-0.0,0.0,-0.0,Sidewalk
497.0,127.8746,4.2827,-1.15192,0.0,0.06981,170.1256,1.8892,stand_6,206.0668,0.0,0.06981,0.0,0.06981,Sidewalk
497.5,127.8746,4.2827,-1.15192,0.0,-0.0,170.1256,1.8892,stand_6,206.0584,0.0,-0.0,0.0,-0.0,Sidewalk
498.0,127.8746,4.2827,-1.11701,0.0,0.06981,170.1256,1.8892,stand_6,206.0668,0.0,0.06981,0.0,0.06981,Sidewalk
498.5,127.8746,4.2827,-1.11701,0.0,-0.0,170.1256,1.8892,stand_6,206.0584,0.0,-0.0,0.0,-0.0,Sidewalk
499.0,127.8746,4.2827,-1.0821,0.0,0.06981,170.1256,1.8892,stand_6,206.0668,0.0,0.06981,0.0,0.06981,Sidewalk
499.5,127.8746,4.2827,-1.0821,0.0,-0.0,170.1256,1.8893,stand_6,206.0584,0.0,-0.0,0.0,-0.0,Sidewalk
500.0,127.8746,4.2827,-1.0472,0.0,0.06981,170.1256,1.8893,stand_6,206.0668,0.0,0.06981,0.0,0.06981,Sidewalk
500.5,127.8746,4.2827,-1.0472,0.0,-0.0,170.1256,1.8893,stand_6,206.0584,0.0,-0.0,0.0,-0.0,Sidewalk
501.0,127.8746,4.2827,-1.01229,0.0,0.06981,170.1256,1.8893,stand_6,206.0668,0.0,0.06981,0.0,0.06981,Sidewalk
501.5,127.8746,4.2827,-1.01229,0.0,-0.0,170.1256,1.8893,stand_6,206.0584,0.0,-0.0,0.0,-0.0,Sidewalk
502.0,127.8746,4.2827,-0.97738,0.0,0.06981,170.1256,1.8893,stand_6,206.0668,0.0,0.06981,0.0,0.06981,Sidewalk
502.5,127.8746,4.2827,-0.97738,0.0,-0.0,170.1256,1.8893,stand_6,206.0584,0.0,-0.0,0.0,-0.0,Sidewalk
503.0,127.8746,4.2827,-0.94248,0.0,0.06981,170.1256,1.8893,stand_6,206.0668,0.0,0.06981,0.0,0.06981,Sidewalk
503.5,127.8746,4.2827,-0.94248,0.0,-0.0,170.1256,1.8893,stand_6,206.0584,0.0,-0.0,0.0,-0.0,Sidewalk
504.0,127.8746,4.2827,-0.90757,0.0,0.06981,170.1256,1.8893,stand_6,206.0668,0.0,0.06981,0.0,0.06981,Sidewalk
504.5,127.8746,4.2827,-0.90757,0.0,-0.0,170.1256,1.8893,stand_6,206.0584,0.0,-0.0,0.0,-0.0,Sidewalk
505.0,127.8746,4.2827,-0.87266,0.0,0.06981,170.1256,1.8893,stand_6,206.0668,0.0,0.06981,0.0,0.06981,Sidewalk
505.5,127.8746,4.2827,-0.87266,0.0,-0.0,170.1256,1.8893,stand_6,206.0584,0.0,-0.0,0.0,-0.0,Sidewalk
506.0,127.8746,4.2827,-0.83776,0.0,0.06981,170.1256,1.8893,stand_6,206.0668,0.0,0.06981,0.0,0.06981,Sidewalk
506.5,127.8746,4.2827,-0.83776,0.0,-0.0,170.1256,1.8893,stand_6,206.0584,0.0,-0.0,0.0,-0.0,Sidewalk
507.0,127.8746,4.2827,-0.80285,0.0,0.06981,170.1256,1.8893,stand_6,206.0668,0.0,0.06981,0.0,0.06981,Sidewalk
507.5,127.8746,4.2827,-0.80285,0.0,-0.0,170.1256,1.8893,stand_6,206.0584,0.0,-0.0,0.0,-0.0,Sidewalk
508.0,127.8746,4.2827,-0.76794,0.0,0.06981,170.1256,1.8893,stand_6,206.0668,0.0,0.06981,0.0,0.06981,Sidewalk
508.5,127.8746,4.2827,-0.76794,0.0,-0.0,170.1256,1.8893,stand_6,206.0584,0.0,-0.0,0.0,-0.0,Sidewalk
509.0,127.8746,4.2827,-0.73304,0.0,0.06981,170.1256,1.8893,stand_6,206.0668,0.0,0.06981,0.0,0.06981,Sidewalk
509.5,127.8746,4.2827,-0.73304,0.0,-0.0,170.1256,1.8893,stand_6,206.0584,0.0,-0.0,0.0,-0.0,Sidewalk
510.0,127.8746,4.2827,-0.69813,0.0,0.06981,170.1256,1.8893,stand_6,206.0668,0.0,0.06981,0.0,0.06981,Sidewalk
510.5,127.8746,4.2827,-0.69813,0.0,-0.0,170.1256,1.8893,stand_6,206.0584,0.0,-0.0,0.0,-0.0,Sidewalk
511.0,127.8746,4.2827,-0.66323,0.0,0.06981,170.1256,1.8893,stand_6,206.0668,0.0,0.06981,0.0,0.06981,Sidewalk
511.5,127.8746,4.2827,-0.66323,0.0,-0.0,170.1256,1.8893,stand_6,206.0584,0.0,-0.0,0.0,-0.0,Sidewalk
512.0,127.8746,4.2827,-0.62832,0.0,0.06981,170.1256,1.8893,stand_6,206.0668,0.0,0.06981,0.0,0.06981,Sidewalk
512.5,127.8746,4.2827,-0.62832,0.0,-0.0,170.1256,1.8893,stand_6,206.0584,0.0,-0.0,0.0,-0.0,Sidewalk
513.0,127.8746,4.2827,-0.59341,0.0,0.06981,170.1256,1.8893,stand_6,206.0667,0.0,0.06981,0.0,0.06981,Sidewalk
513.5,127.8746,4.2827,-0.59341,0.0,-0.0,170.1256,1.8893,stand_6,206.0584,0.0,-0.0,0.0,-0.0,Sidewalk
514.0,127.8746,4.2827,-0.55851,0.0,0.06981,170.1256,1.8893,stand_6,206.0667,0.0,0.06981,0.0,0.06981,Sidewalk
514.5,127.8746,4.2827,-0.55851,0.0,-0.0,170.1256,1.8893,stand_6,206.0584,0.0,-0.0,0.0,-0.0,Sidewalk
515.0,127.8746,4.2827,-0.5236,0.0,0.06981,170.1256,1.8893,stand_6,206.0667,0.0,0.06981,0.0,0.06981,Sidewalk
515.5,127.8746,4.2827,-0.5236,0.0,-0.0,170.1256,1.8893,stand_6,206.0584,0.0,-0.0,0.0,-0.0,Sidewalk
516.0,127.8746,4.2827,-0.48869,0.0,0.06981,170.1256,1.8893,stand_6,206.0667,0.0,0.06981,0.0,0.06981,Sidewalk
516.5,127.8746,4.2827,-0.48869,0.0,-0.0,170.1256,1.8893,stand_6,206.0584,0.0,-0.0,0.0,-0.0,Sidewalk
517.0,127.8746,4.2827,-0.45379,0.0,0.06981,170.1256,1.8893,stand_6,206.0667,0.0,0.06981,0.0,0.06981,Sidewalk
517.5,127.8746,4.2827,-0.45379,0.0,-0.0,170.1256,1.8893,stand_6,206.0584,0.0,-0.0,0.0,-0.0,Sidewalk
518.0,127.8746,4.2827,-0.41888,0.0,0.06981,170.1256,1.8893,stand_6,206.0667,0.0,0.06981,0.0,0.06981,Sidewalk
518.5,127.8746,4.2827,-0.41888,0.0,-0.0,170.1256,1.8893,stand_6,206.0583,0.0,-0.0,0.0,-0.0,Sidewalk
519.0,127.8746,4.2827,-0.38397,0.0,0.06981,170.1256,1.8893,stand_6,206.0667,0.0,0.06981,0.0,0.06981,Sidewalk
519.5,127.8746,4.2827,-0.38397,0.0,-0.0,170.1256,1.8893,stand_6,206.0583,0.0,-0.0,0.0,-0.0,Sidewalk
520.0,127.8746,4.2827,-0.34907,0.0,0.06981,170.1256,1.8893,stand_6,206.0667,0.0,0.06981,0.0,0.06981,Sidewalk
520.5,127.8746,4.2827,-0.34907,0.0,-0.0,170.1256,1.8893,stand_6,206.0583,0.0,-0.0,0.0,-0.0,Sidewalk
521.0,127.8746,4.2827,-0.31416,0.0,0.06981,170.1256,1.8893,stand_6,206.0667,0.0,0.06981,0.0,0.06981,Sidewalk
521.5,127.8746,4.2827,-0.31416,0.0,-0.0,170.1256,1.8893,stand_6,206.0583,0.0,-0.0,0.0,-0.0,Sidewalk
522.0,127.8746,4.2827,-0.27925,0.0,0.06981,170.1256,1.8893,stand_6,206.0667,0.0,0.06981,0.0,0.06981,Sidewalk
522.5,127.8746,4.2827,-0.27925,0.0,-0.0,170.1256,1.8893,stand_6,206.0583,0.0,-0.0,0.0,-0.0,Sidewalk
523.0,127.8746,4.2827,-0.24435,0.0,0.06981,170.1256,1.8893,stand_6,206.0667,0.0,0.06981,0.0,0.06981,Sidewalk
523.5,127.8746,4.2827,-0.24435,0.0,-0.0,170.1256,1.8893,stand_6,206.0583,0.0,-0.0,0.0,-0.0,Sidewalk
524.0,127.8746,4.2827,-0.20944,0.0,0.06981,170.1256,1.8893,stand_6,206.0667,0.0,0.06981,0.0,0.06981,Sidewalk
524.5,127.8746,4.2827,-0.20944,0.0,-0.0,170.1256,1.8893,stand_6,206.0583,0.0,-0.0,0.0,-0.0,Sidewalk
525.0,127.8746,4.2827,-0.17453,0.0,0.06981,170.1256,1.8893,stand_6,206.0667,0.0,0.06981,0.0,0.06981,Sidewalk
525.5,127.8746,4.2827,-0.17453,0.0,-0.0,170.1256,1.8893,stand_6,206.0583,0.0,-0.0,0.0,-0.0,Sidewalk
526.0,127.8746,4.2827,-0.13963,0.0,0.06981,170.1256,1.8893,stand_6,206.0667,0.0,0.06981,0.0,0.06981,Sidewalk
526.5,127.8746,4.2827,-0.13963,0.0,-0.0,170.1256,1.8893,stand_6,206.0583,0.0,-0.0,0.0,-0.0,Sidewalk
527.0,127.8746,4.2827,-0.10472,0.0,0.06981,170.1256,1.8893,stand_6,206.0667,0.0,0.06981,0.0,0.06981,Sidewalk
527.5,127.8746,4.2827,-0.10472,0.0,-0.0,170.1256,1.8893,stand_6,206.0583,0.0,-0.0,0.0,-0.0,Sidewalk
528.0,127.8746,4.2827,-0.06981,0.0,0.06981,170.1256,1.8893,stand_6,206.0667,0.0,0.06981,0.0,0.06981,Sidewalk
528.5,127.8746,4.2827,-0.06981,0.0,-0.0,170.1256,1.8893,stand_6,206.0583,0.0,-0.0,0.0,-0.0,Sidewalk
529.0,127.8746,4.2827,-0.03491,0.0,0.06981,170.1256,1.8893,stand_6,206.0667,0.0,0.06981,0.0,0.06981,Sidewalk
529.5,127.8746,4.2827,-0.03491,0.0,-0.0,170.1256,1.8893,stand_6,206.0583,0.0,-0.0,0.0,-0.0,Sidewalk
530.0,127.8746,4.2827,-0.0,0.0,0.06981,170.1256,1.8893,stand_6,206.0667,0.0,0.06981,0.0,0.06981,Sidewalk
530.5,127.8746,4.2827,-0.0,0.0,-0.0,170.1256,1.8893,stand_6,206.0583,0.0,-0.0,0.0,-0.0,Sidewalk
531.0,127.8746,4.2827,0.03491,0.0,0.06981,170.1256,1.8893,stand_6,206.0667,0.0,0.06981,0.0,0.06981,Sidewalk
531.5,127.8746,4.2827,0.03491,0.0,-0.0,170.1256,1.8893,stand_6,206.0583,0.0,-0.0,0.0,-0.0,Sidewalk
532.0,127.8746,4.2827,0.06981,0.0,0.06981,170.1256,1.8893,stand_6,206.0667,0.0,0.06981,0.0,0.06981,Sidewalk
532.5,127.8746,4.2827,0.06981,0.0,-0.0,170.1256,1.8893,stand_6,206.0583,0.0,-0.0,0.0,-0.0,Sidewalk
533.0,127.8746,4.2827,0.10472,0.0,0.06981,170.1256,1.8893,stand_6,206.0667,0.0,0.06981,0.0,0.06981,Sidewalk
533.5,127.8746,4.2827,0.10472,0.0,-0.0,170.1256,1.8894,stand_6,206.0583,0.0,-0.0,0.0,-0.0,Sidewalk
534.0,127.8746,4.2827,0.13963,0.0,0.06981,170.1256,1.8894,stand_6,206.0667,0.0,0.06981,0.0,0.06981,Sidewalk
534.5,127.8746,4.2827,0.13963,0.0,-0.0,170.1256,1.8894,stand_6,206.0583,0.0,-0.0,0.0,-0.0,Sidewalk
535.0,127.8746,4.2827,0.17453,0.0,0.06981,170.1256,1.8894,stand_6,206.0667,0.0,0.06981,0.0,0.06981,Sidewalk
535.5,127.8746,4.2827,0.17453,0.0,-0.0,170.1256,1.8894,stand_6,206.0583,0.0,-0.0,0.0,-0.0,Sidewalk
536.0,127.8746,4.2827,0.20944,0.0,0.06981,170.1256,1.8894,stand_6,206.0667,0.0,0.06981,0.0,0.06981,Sidewalk
536.5,127.8746,4.2827,0.20944,0.0,-0.0,170.1256,1.8894,stand_6,206.0583,0.0,-0.0,0.0,-0.0,Sidewalk
537.0,127.8746,4.2827,0.24435,0.0,0.06981,170.1256,1.8894,stand_6,206.0667,0.0,0.06981,0.0,0.06981,Sidewalk
537.5,127.8746,4.2827,0.24435,0.0,-0.0,170.1256,1.8894,stand_6,206.0583,0.0,-0.0,0.0,-0.0,Sidewalk
538.0,127.8746,4.2827,0.27925,0.0,0.06981,170.1256,1.8894,stand_6,206.0667,0.0,0.06981,0.0,0.06981,Sidewalk
538.5,127.8746,4.2827,0.27925,0.0,-0.0,170.1256,1.8894,stand_6,206.0583,0.0,-0.0,0.0,-0.0,Sidewalk
539.0,127.8746,4.2827,0.31416,0.0,0.06981,170.1256,1.8894,stand_6,206.0667,0.0,0.06981,0.0,0.06981,Sidewalk
539.5,127.8746,4.2827,0.31416,0.0,-0.0,170.1256,1.8894,stand_6,206.0583,0.0,-0.0,0.0,-0.0,Sidewalk
540.0,127.8746,4.2827,0.34907,0.0,0.06981,170.1256,1.8894,stand_6,206.0667,0.0,0.06981,0.0,0.06981,Sidewalk
540.5,127.8746,4.2827,0.34907,0.0,-0.0,170.1256,1.8894,stand_6,206.0583,0.0,-0.0,0.0,-0.0,Sidewalk
541.0,127.8746,4.2827,0.38397,0.0,0.06981,170.1256,1.8894,stand_6,206.0667,0.0,0.06981,0.0,0.06981,Sidewalk
541.5,127.8746,4.2827,0.38397,0.0,-0.0,170.1256,1.8894,stand_6,206.0583,0.0,-0.0,0.0,-0.0,Sidewalk
542.0,127.8746,4.2827,0.41888,0.0,0.06981,170.1256,1.8894,stand_6,206.0666,0.0,0.06981,0.0,0.06981,Sidewalk
542.5,127.8746,4.2827,0.41888,0.0,-0.0,170.1256,1.8894,stand_6,206.0583,0.0,-0.0,0.0,-0.0,Sidewalk
543.0,127.8746,4.2827,0.45379,0.0,0.06981,170.1256,1.8894,stand_6,206.0666,0.0,0.06981,0.0,0.06981,Sidewalk
543.5,127.8746,4.2827,0.45379,0.0,-0.0,170.1256,1.8894,stand_6,206.0583,0.0,-0.0,0.0,-0.0,Sidewalk
544.0,127.8746,4.2827,0.48869,0.0,0.06981,170.1256,1.8894,stand_6,206.0666,0.0,0.06981,0.0,0.06981,Sidewalk
544.5,127.8746,4.2827,0.48869,0.0,-0.0,170.1256,1.8894,stand_6,206.0583,0.0,-0.0,0.0,-0.0,Sidewalk
545.0,127.8746,4.2827,0.5236,0.0,0.06981,170.1256,1.8894,stand_6,206.0666,0.0,0.06981,0.0,0.06981,Sidewalk
545.5,127.8746,4.2827,0.5236,0.0,-0.0,170.1256,1.8894,stand_6,206.0583,0.0,-0.0,0.0,-0.0,Sidewalk
546.0,127.8746,4.2827,0.55851,0.0,0.06981,170.1256,1.8894,stand_6,206.0666,0.0,0.06981,0.0,0.06981,Sidewalk
546.5,127.8746,4.2827,0.55851,0.0,-0.0,170.1256,1.8894,stand_6,206.0583,0.0,-0.0,0.0,-0.0,Sidewalk
547.0,127.8746,4.2827,0.59341,0.0,0.06981,170.1256,1.8894,stand_6,206.0666,0.0,0.06981,0.0,0.06981,Sidewalk
547.5,127.8746,4.2827,0.59341,0.0,-0.0,170.1256,1.8894,stand_6,206.0583,0.0,-0.0,0.0,-0.0,Sidewalk
548.0,127.8746,4.2827,0.62832,0.0,0.06981,170.1256,1.8894,stand_6,206.0666,0.0,0.06981,0.0,0.06981,Sidewalk
548.5,127.8746,4.2827,0.62832,0.0,-0.0,170.1256,1.8894,stand_6,206.0582,0.0,-0.0,0.0,-0.0,Sidewalk
549.0,127.8746,4.2827,0.66323,0.0,0.06981,170.1256,1.8894,stand_6,206.0666,0.0,0.06981,0.0,0.06981,Sidewalk
549.5,127.8746,4.2827,0.66323,0.0,-0.0,170.1256,1.8894,stand_6,206.0582,0.0,-0.0,0.0,-0.0,Sidewalk
550.0,127.8746,4.2827,0.69813,0.0,0.06981,170.1256,1.8894,stand_6,206.0666,0.0,0.06981,0.0,0.06981,Sidewalk
550.5,127.8746,4.2827,0.69813,0.0,-0.0,170.1256,1.8894,stand_6,206.0582,0.0,-0.0,0.0,-0.0,Sidewalk
551.0,127.8746,4.2827,0.73304,0.0,0.06981,170.1256,1.8894,stand_6,206.0666,0.0,0.06981,0.0,0.06981,Sidewalk
551.5,127.8746,4.2827,0.73304,0.0,-0.0,170.1256,1.8894,stand_6,206.0582,0.0,-0.0,0.0,-0.0,Sidewalk
552.0,127.8746,4.2827,0.76794,0.0,0.06981,170.1256,1.8894,stand_6,206.0666,0.0,0.06981,0.0,0.06981,Sidewalk
552.5,127.8746,4.2827,0.76794,0.0,-0.0,170.1256,1.8894,stand_6,206.0582,0.0,-0.0,0.0,-0.0,Sidewalk
553.0,127.8746,4.2827,0.80285,0.0,0.06981,170.1256,1.8894,stand_6,206.0666,0.0,0.06981,0.0,0.06981,Sidewalk
553.5,127.8746,4.2827,0.80285,0.0,-0.0,170.1256,1.8894,stand_6,206.0582,0.0,-0.0,0.0,-0.0,Sidewalk
554.0,127.8746,4.2827,0.83776,0.0,0.06981,170.1256,1.8894,stand_6,206.0666,0.0,0.06981,0.0,0.06981,Sidewalk
554.5,127.8746,4.2827,0.83776,0.0,-0.0,170.1256,1.8894,stand_6,206.0582,0.0,-0.0,0.0,-0.0,Sidewalk
555.0,127.8746,4.2827,0.87266,0.0,0.06981,170.1256,1.8894,stand_6,206.0666,0.0,0.06981,0.0,0.06981,Sidewalk
555.5,127.8746,4.2827,0.87266,0.0,-0.0,170.1256,1.8894,stand_6,206.0582,0.0,-0.0,0.0,-0.0,Sidewalk
556.0,127.8746,4.2827,0.90757,0.0,0.06981,170.1256,1.8894,stand_6,206.0666,0.0,0.06981,0.0,0.06981,Sidewalk
556.5,127.8746,4.2827,0.90757,0.0,-0.0,170.1256,1.8894,stand_6,206.0582,0.0,-0.0,0.0,-0.0,Sidewalk
557.0,127.8746,4.2827,0.94248,0.0,0.06981,170.1256,1.8894,stand_6,206.0666,0.0,0.06981,0.0,0.06981,Sidewalk
557.5,127.8746,4.2827,0.94248,0.0,-0.0,170.1256,1.8894,stand_6,206.0582,0.0,-0.0,0.0,-0.0,Sidewalk
558.0,127.8746,4.2827,0.97738,0.0,0.06981,170.1256,1.8894,stand_6,206.0666,0.0,0.06981,0.0,0.06981,Sidewalk
558.5,127.8746,4.2827,0.97738,0.0,-0.0,170.1256,1.8894,stand_6,206.0582,0.0,-0.0,0.0,-0.0,Sidewalk
559.0,127.8746,4.2827,1.01229,0.0,0.06981,170.1256,1.8894,stand_6,206.0666,0.0,0.06981,0.0,0.06981,Sidewalk
559.5,127.8746,4.2827,1.01229,0.0,-0.0,170.1256,1.8894,stand_6,206.0582,0.0,-0.0,0.0,-0.0,Sidewalk
560.0,127.8746,4.2827,1.0472,0.0,0.06981,170.1256,1.8894,stand_6,206.0666,0.0,0.06981,0.0,0.06981,Sidewalk
560.5,127.8746,4.2827,1.0472,0.0,-0.0,170.1256,1.8894,stand_6,206.0582,0.0,-0.0,0.0,-0.0,Sidewalk
561.0,127.8746,4.2827,1.0821,0.0,0.06981,170.1256,1.8894,stand_6,206.0666,0.0,0.06981,0.0,0.06981,Sidewalk
561.5,127.8746,4.2827,1.0821,0.0,-0.0,170.1256,1.8894,stand_6,206.0582,0.0,-0.0,0.0,-0.0,Sidewalk
562.0,127.8746,4.2827,1.11701,0.0,0.06981,170.1256,1.8894,stand_6,206.0666,0.0,0.06981,0.0,0.06981,Sidewalk
562.5,127.8746,4.2827,1.11701,0.0,-0.0,170.1256,1.8894,stand_6,206.0582,0.0,-0.0,0.0,-0.0,Sidewalk
563.0,127.8746,4.2827,1.15192,0.0,0.06981,170.1256,1.8894,stand_6,206.0666,0.0,0.06981,0.0,0.06981,Sidewalk
563.5,127.8746,4.2827,1.15192,0.0,-0.0,170.1256,1.8894,stand_6,206.0582,0.0,-0.0,0.0,-0.0,Sidewalk
564.0,127.8746,4.2827,1.18682,0.0,0.06981,170.1256,1.8894,stand_6,206.0666,0.0,0.06981,0.0,0.06981,Sidewalk
564.5,127.8746,4.2827,1.18682,0.0,-0.0,170.1256,1.8894,stand_6,206.0582,0.0,-0.0,0.0,-0.0,Sidewalk
565.0,127.8746,4.2827,1.22173,0.0,0.06981,170.1256,1.8894,stand_6,206.0666,0.0,0.06981,0.0,0.06981,Sidewalk
565.5,127.8746,4.2827,1.22173,0.0,-0.0,170.1256,1.8894,stand_6,206.0582,0.0,-0.0,0.0,-0.0,Sidewalk
566.0,127.8746,4.2827,1.25664,0.0,0.06981,170.1256,1.8894,stand_6,206.0666,0.0,0.06981,0.0,0.06981,Sidewalk
566.5,127.8746,4.2827,1.25664,0.0,-0.0,170.1256,1.8894,stand_6,206.0582,0.0,-0.0,0.0,-0.0,Sidewalk
567.0,127.8746,4.2827,1.29154,0.0,0.06981,170.1256,1.8894,stand_6,206.0666,0.0,0.06981,0.0,0.06981,Sidewalk
567.5,127.8746,4.2827,1.29154,0.0,-0.0,170.1256,1.8894,stand_6,206.0582,0.0,-0.0,0.0,-0.0,Sidewalk
568.0,127.8746,4.2827,1.32645,0.0,0.06981,170.1256,1.8895,stand_6,206.0666,0.0,0.06981,0.0,0.06981,Sidewalk
568.5,127.8746,4.2827,1.32645,0.0,-0.0,170.1256,1.8895,stand_6,206.0582,0.0,-0.0,0.0,-0.0,Sidewalk
569.0,127.8746,4.2827,1.36136,0.0,0.06981,170.1256,1.8895,stand_6,206.0666,0.0,0.06981,0.0,0.06981,Sidewalk
569.5,127.8746,4.2827,1.36136,0.0,-0.0,170.1256,1.8895,stand_6,206.0582,0.0,-0.0,0.0,-0.0,Sidewalk
570.0,127.8746,4.2827,1.39626,0.0,0.06981,170.1256,1.8895,stand_6,206.0666,0.0,0.06981,0.0,0.06981,Sidewalk
570.5,127.8746,4.2827,1.39626,0.0,-0.0,170.1256,1.8895,stand_6,206.0582,0.0,-0.0,0.0,-0.0,Sidewalk
571.0,127.8746,4.2827,1.43117,0.0,0.06981,170.1256,1.8895,stand_6,206.0666,0.0,0.06981,0.0,0.06981,Sidewalk
571.5,127.8746,4.2827,1.43117,0.0,-0.0,170.1256,1.8895,stand_6,206.0582,0.0,-0.0,0.0,-0.0,Sidewalk
572.0,127.8746,4.2827,1.46608,0.0,0.06981,170.1256,1.8895,stand_6,206.0665,0.0,0.06981,0.0,0.06981,Sidewalk
572.5,127.8746,4.2827,1.46608,0.0,-0.0,170.1256,1.8895,stand_6,206.0582,0.0,-0.0,0.0,-0.0,Sidewalk
573.0,127.8746,4.2827,1.50098,0.0,0.06981,170.1256,1.8895,stand_6,206.0665,0.0,0.06981,0.0,0.06981,Sidewalk
573.5,127.8746,4.2827,1.50098,0.0,-0.0,170.1256,1.8895,stand_6,206.0582,0.0,-0.0,0.0,-0.0,Sidewalk
574.0,127.8746,4.2827,1.53589,0.0,0.06981,170.1256,1.8895,stand_6,206.0665,0.0,0.06981,0.0,0.06981,Sidewalk
574.5,127.8746,4.2827,1.53589,0.0,-0.0,170.1256,1.8895,stand_6,206.0582,0.0,-0.0,0.0,-0.0,Sidewalk
575.0,127.8746,4.2827,1.5708,0.0,0.06981,170.1256,1.8895,stand_6,206.0665,0.0,0.06981,0.0,0.06981,Sidewalk
575.5,127.8746,4.2827,1.5708,0.0,-0.0,170.1256,1.8895,stand_6,206.0582,0.0,-0.0,0.0,-0.0,Sidewalk
576.0,127.8746,4.2827,1.6057,0.0,0.06981,170.1256,1.8895,stand_6,206.0665,0.0,0.06981,0.0,0.06981,Sidewalk
576.5,127.8746,4.2827,1.6057,0.0,-0.0,170.1256,1.8895,stand_6,206.0582,0.0,-0.0,0.0,-0.0,Sidewalk
577.0,127.8746,4.2827,1.64061,0.0,0.06981,170.1256,1.8895,stand_6,206.0665,0.0,0.06981,0.0,0.06981,Sidewalk
577.5,127.8746,4.2827,1.64061,0.0,-0.0,170.1256,1.8895,stand_6,206.0582,0.0,-0.0,0.0,-0.0,Sidewalk
578.0,127.8746,4.2827,1.67552,0.0,0.06981,170.1256,1.8895,stand_6,206.0665,0.0,0.06981,0.0,0.06981,Sidewalk
578.5,127.8746,4.2827,1.67552,0.0,-0.0,170.1256,1.8895,stand_6,206.0582,0.0,-0.0,0.0,-0.0,Sidewalk
579.0,127.8746,4.2827,1.71042,0.0,0.06981,170.1256,1.8895,stand_6,206.0665,0.0,0.06981,0.0,0.06981,Sidewalk
579.5,127.8746,4.2827,1.71042,0.0,-0.0,170.1256,1.8895,stand_6,206.0581,0.0,-0.0,0.0,-0.0,Sidewalk
580.0,127.8746,4.2827,1.74533,0.0,0.06981,170.1256,1.8895,stand_6,206.0665,0.0,0.06981,0.0,0.06981,Sidewalk
580.5,127.8746,4.2827,1.74533,0.0,-0.0,170.1256,1.8895,stand_6,206.0581,0.0,-0.0,0.0,-0.0,Sidewalk
581.0,127.8746,4.2827,1.78024,0.0,0.06981,170.1256,1.8895,stand_6,206.0665,0.0,0.06981,0.0,0.06981,Sidewalk
581.5,127.8746,4.2827,1.78024,0.0,-0.0,170.1256,1.8895,stand_6,206.0581,0.0,-0.0,0.0,-0.0,Sidewalk
582.0,127.8746,4.2827,1.81514,0.0,0.06981,170.1256,1.8895,stand_6,206.0665,0.0,0.06981,0.0,0.06981,Sidewalk
582.5,127.8746,4.2827,1.81514,0.0,-0.0,170.1256,1.8895,stand_6,206.0581,0.0,-0.0,0.0,-0.0,Sidewalk
583.0,127.8746,4.2827,1.85005,0.0,0.06981,170.1256,1.8895,stand_6,206.0665,0.0,0.06981,0.0,0.06981,Sidewalk
583.5,127.8746,4.2827,1.85005,0.0,-0.0,170.1256,1.8895,stand_6,206.0581,0.0,-0.0,0.0,-0.0,Sidewalk
584.0,127.8746,4.2827,1.88496,0.0,0.06981,170.1256,1.8895,stand_6,206.0665,0.0,0.06981,0.0,0.06981,Sidewalk
584.5,127.8746,4.2827,1.88496,0.0,-0.0,170.1256,1.8895,stand_6,206.0581,0.0,-0.0,0.0,-0.0,Sidewalk
585.0,127.8746,4.2827,1.91986,0.0,0.06981,170.1256,1.8895,stand_6,206.0665,0.0,0.06981,0.0,0.06981,Sidewalk
585.5,127.8746,4.2827,1.91986,0.0,-0.0,170.1256,1.8895,stand_6,206.0581,0.0,-0.0,0.0,-0.0,Sidewalk
586.0,127.8746,4.2827,1.95477,0.0,0.06981,170.1256,1.8895,stand_6,206.0665,0.0,0.06981,0.0,0.06981,Sidewalk
586.5,127.8746,4.2827,1.95477,0.0,-0.0,170.1256,1.8895,stand_6,206.0581,0.0,-0.0,0.0,-0.0,Sidewalk
587.0,127.8746,4.2827,1.98968,0.0,0.06981,170.1256,1.8895,stand_6,206.0665,0.0,0.06981,0.0,0.06981,Sidewalk
587.5,127.8746,4.2827,1.98968,0.0,-0.0,170.1256,1.8895,stand_6,206.0581,0.0,-0.0,0.0,-0.0,Sidewalk
588.0,127.8746,4.2827,2.02458,0.0,0.06981,170.1256,1.8895,stand_6,206.0665,0.0,0.06981,0.0,0.06981,Sidewalk
588.5,127.8746,4.2827,2.02458,0.0,-0.0,170.1256,1.8895,stand_6,206.0581,0.0,-0.0,0.0,-0.0,Sidewalk
589.0,127.8746,4.2827,2.05949,0.0,0.06981,170.1256,1.8895,stand_6,206.0665,0.0,0.06981,0.0,0.06981,Sidewalk
589.5,127.8746,4.2827,2.05949,0.0,-0.0,170.1256,1.8895,stand_6,206.0581,0.0,-0.0,0.0,-0.0,Sidewalk
590.0,127.8746,4.2827,2.0944,0.0,0.06981,170.1256,1.8895,stand_6,206.0665,0.0,0.06981,0.0,0.06981,Sidewalk
590.5,127.8746,4.2827,2.0944,0.0,-0.0,170.1256,1.8895,stand_6,206.0581,0.0,-0.0,0.0,-0.0,Sidewalk
591.0,127.8746,4.2827,2.1293,0.0,0.06981,170.1256,1.8895,stand_6,206.0665,0.0,0.06981,0.0,0.06981,Sidewalk
591.5,127.8746,4.2827,2.1293,0.0,-0.0,170.1256,1.8895,stand_6,206.0581,0.0,-0.0,0.0,-0.0,Sidewalk
592.0,127.8746,4.2827,2.16421,0.0,0.06981,170.1256,1.8895,stand_6,206.0665,0.0,0.06981,0.0,0.06981,Sidewalk
592.5,127.8746,4.2827,2.16421,0.0,-0.0,170.1256,1.8895,stand_6,206.0581,0.0,-0.0,0.0,-0.0,Sidewalk
593.0,127.8746,4.2827,2.19911,0.0,0.06981,170.1256,1.8895,stand_6,206.0665,0.0,0.06981,0.0,0.06981,Sidewalk
593.5,127.8746,4.2827,2.19911,0.0,-0.0,170.1256,1.8895,stand_6,206.0581,0.0,-0.0,0.0,-0.0,Sidewalk
594.0,127.8746,4.2827,2.23402,0.0,0.06981,170.1256,1.8895,stand_6,206.0665,0.0,0.06981,0.0,0.06981,Sidewalk
594.5,127.8746,4.2827,2.23402,0.0,-0.0,170.1256,1.8895,stand_6,206.0581,0.0,-0.0,0.0,-0.0,Sidewalk
595.0,127.8746,4.2827,2.26893,0.0,0.06981,170.1256,1.8895,stand_6,206.0665,0.0,0.06981,0.0,0.06981,Sidewalk
595.5,127.8746,4.2827,2.26893,0.0,-0.0,170.1256,1.8895,stand_6,206.0581,0.0,-0.0,0.0,-0.0,Sidewalk
596.0,127.8746,4.2827,2.30383,0.0,0.06981,170.1256,1.8895,stand_6,206.0665,0.0,0.06981,0.0,0.06981,Sidewalk
596.5,127.8746,4.2827,2.30383,0.0,-0.0,170.1256,1.8895,stand_6,206.0581,0.0,-0.0,0.0,-0.0,Sidewalk
597.0,127.8746,4.2827,2.33874,0.0,0.06981,170.1256,1.8895,stand_6,206.0665,0.0,0.06981,0.0,0.06981,Sidewalk
597.5,127.8746,4.2827,2.33874,0.0,-0.0,170.1256,1.8895,stand_6,206.0581,0.0,-0.0,0.0,-0.0,Sidewalk
598.0,127.8746,4.2827,2.37365,0.0,0.06981,170.1256,1.8895,stand_6,206.0665,0.0,0.06981,0.0,0.06981,Sidewalk
598.5,127.8746,4.2827,2.37365,0.0,-0.0,170.1256,1.8895,stand_6,206.0581,0.0,-0.0,0.0,-0.0,Sidewalk
599.0,127.8746,4.2827,2.40855,0.0,0.06981,170.1256,1.8895,stand_6,206.0665,0.0,0.06981,0.0,0.06981,Sidewalk
599.5,127.8746,4.2827,2.40855,0.0,-0.0,170.1256,1.8895,stand_6,206.0581,0.0,-0.0,0.0,-0.0,Sidewalk
600.0,127.8746,4.2827,2.44346,0.0,0.06981,170.1256,1.8895,stand_6,206.0665,0.0,0.06981,0.0,0.06981,Sidewalk
600.5,127.8746,4.2827,2.44346,0.0,-0.0,170.1256,1.8895,stand_6,206.0581,0.0,-0.0,0.0,-0.0,Sidewalk
601.0,127.8746,4.2827,2.47837,0.0,0.06981,170.1256,1.8895,stand_6,206.0665,0.0,0.06981,0.0,0.06981,Sidewalk
601.5,127.8746,4.2827,2.47837,0.0,-0.0,170.1256,1.8895,stand_6,206.0581,0.0,-0.0,0.0,-0.0,Sidewalk
602.0,127.8746,4.2827,2.51327,0.0,0.06981,170.1256,1.8896,stand_6,206.0665,0.0,0.06981,0.0,0.06981,Sidewalk
602.5,127.8746,4.2827,2.51327,0.0,-0.0,170.1256,1.8896,stand_6,206.0581,0.0,-0.0,0.0,-0.0,Sidewalk
603.0,127.8746,4.2827,2.54818,0.0,0.06981,170.1256,1.8896,stand_6,206.0664,0.0,0.06981,0.0,0.06981,Sidewalk
603.5,127.8746,4.2827,2.54818,0.0,-0.0,170.1256,1.8896,stand_6,206.0581,0.0,-0.0,0.0,-0.0,Sidewalk
604.0,127.8746,4.2827,2.58309,0.0,0.06981,170.1256,1.8896,stand_6,206.0664,0.0,0.06981,0.0,0.06981,Sidewalk
604.5,127.8746,4.2827,2.58309,0.0,-0.0,170.1256,1.8896,stand_6,206.0581,0.0,-0.0,0.0,-0.0,Sidewalk
605.0,127.8746,4.2827,2.61799,0.0,0.06981,170.1256,1.8896,stand_6,206.0664,0.0,0.06981,0.0,0.06981,Sidewalk
605.5,127.8746,4.2827,2.61799,0.0,-0.0,170.1256,1.8896,stand_6,206.0581,0.0,-0.0,0.0,-0.0,Sidewalk
606.0,127.8746,4.2827,2.6529,0.0,0.06981,170.1256,1.8896,stand_6,206.0664,0.0,0.06981,0.0,0.06981,Sidewalk
606.5,127.8746,4.2827,2.6529,0.0,-0.0,170.1256,1.8896,stand_6,206.0581,0.0,-0.0,0.0,-0.0,Sidewalk
607.0,127.8746,4.2827,2.68781,0.0,0.06981,170.1256,1.8896,stand_6,206.0664,0.0,0.06981,0.0,0.06981,Sidewalk
607.5,127.8746,4.2827,2.68781,0.0,-0.0,170.1256,1.8896,stand_6,206.0581,0.0,-0.0,0.0,-0.0,Sidewalk
608.0,127.8746,4.2827,2.72271,0.0,0.06981,170.1256,1.8896,stand_6,206.0664,0.0,0.06981,0.0,0.06981,Sidewalk
608.5,127.8746,4.2827,2.72271,0.0,-0.0,170.1256,1.8896,stand_6,206.058,0.0,-0.0,0.0,-0.0,Sidewalk
609.0,127.8746,4.2827,2.75762,0.0,0.06981,170.1256,1.8896,stand_6,206.0664,0.0,0.06981,0.0,0.06981,Sidewalk
609.5,127.8746,4.2827,2.75762,0.0,-0.0,170.1256,1.8896,stand_6,206.058,0.0,-0.0,0.0,-0.0,Sidewalk
610.0,127.8746,4.2827,2.79253,0.0,0.06981,170.1256,1.8896,stand_6,206.0664,0.0,0.06981,0.0,0.06981,Sidewalk
610.5,127.8746,4.2827,2.79253,0.0,-0.0,170.1256,1.8896,stand_6,206.058,0.0,-0.0,0.0,-0.0,Sidewalk
611.0,127.8746,4.2827,2.82743,0.0,0.06981,170.1256,1.8896,stand_6,206.0664,0.0,0.06981,0.0,0.06981,Sidewalk
611.5,127.8746,4.2827,2.82743,0.0,-0.0,170.1256,1.8896,stand_6,206.058,0.0,-0.0,0.0,-0.0,Sidewalk
612.0,127.8746,4.2827,2.86234,0.0,0.06981,170.1256,1.8896,stand_6,206.0664,0.0,0.06981,0.0,0.06981,Sidewalk
612.5,127.8746,4.2827,2.86234,0.0,-0.0,170.1256,1.8896,stand_6,206.058,0.0,-0.0,0.0,-0.0,Sidewalk
613.0,127.8746,4.2827,2.89725,0.0,0.06981,170.1256,1.8896,stand_6,206.0664,0.0,0.06981,0.0,0.06981,Sidewalk
613.5,127.8746,4.2827,2.89725,0.0,-0.0,170.1256,1.8896,stand_6,206.058,0.0,-0.0,0.0,-0.0,Sidewalk
614.0,127.8746,4.2827,2.93215,0.0,0.06981,170.1256,1.8896,stand_6,206.0664,0.0,0.06981,0.0,0.06981,Sidewalk
614.5,127.8746,4.2827,2.93215,0.0,-0.0,170.1256,1.8896,stand_6,206.058,0.0,-0.0,0.0,-0.0,Sidewalk
615.0,127.8746,4.2827,2.96706,0.0,0.06981,170.1256,1.8896,stand_6,206.0664,0.0,0.06981,0.0,0.06981,Sidewalk
615.5,127.8746,4.2827,2.96706,0.0,-0.0,170.1256,1.8896,stand_6,206.058,0.0,-0.0,0.0,-0.0,Sidewalk
616.0,127.8746,4.2827,3.00197,0.0,0.06981,170.1256,1.8896,stand_6,206.0664,0.0,0.06981,0.0,0.06981,Sidewalk
616.5,127.8746,4.2827,3.00197,0.0,-0.0,170.1256,1.8896,stand_6,206.058,0.0,-0.0,0.0,-0.0,Sidewalk
617.0,127.8746,4.2827,3.03687,0.0,0.06981,170.1256,1.8896,stand_6,206.0664,0.0,0.06981,0.0,0.06981,Sidewalk
617.5,127.8746,4.2827,3.03687,0.0,-0.0,170.1256,1.8896,stand_6,206.058,0.0,-0.0,0.0,-0.0,Sidewalk
618.0,127.8746,4.2827,3.07178,0.0,0.06981,170.1256,1.8896,stand_6,206.0664,0.0,0.06981,0.0,0.06981,Sidewalk
618.5,127.8746,4.2827,3.07178,0.0,-0.0,170.1256,1.8896,stand_6,206.058,0.0,-0.0,0.0,-0.0,Sidewalk
619.0,127.8746,4.2827,3.10669,0.0,0.06981,170.1256,1.8896,stand_6,206.0664,0.0,0.06981,0.0,0.06981,Sidewalk
619.5,127.8746,4.2827,3.10669,0.0,-0.0,170.1256,1.8896,stand_6,206.058,0.0,-0.0,0.0,-0.0,Sidewalk
620.0,127.8746,4.2827,3.14159,0.0,0.06981,170.1256,1.8896,stand_6,206.0664,0.0,0.06981,0.0,0.06981,Sidewalk
620.5,127.8746,4.2827,3.14159,0.0,-0.0,170.1256,1.8896,stand_6,206.058,0.0,-0.0,0.0,-0.0,Sidewalk
621.0,127.8746,4.2827,-3.10669,0.0,0.06981,170.1256,1.8896,stand_6,206.0664,0.0,0.06981,0.0,0.06981,Sidewalk
621.5,127.8746,4.2827,-3.10669,0.0,-0.0,170.1256,1.8896,stand_6,206.058,0.0,-0.0,0.0,-0.0,Sidewalk
622.0,127.8746,4.2827,-3.07178,0.0,0.06981,170.1256,1.8896,stand_6,206.0664,0.0,0.06981,0.0,0.06981,Sidewalk
622.5,127.8746,4.2827,-3.07178,0.0,-0.0,170.1256,1.8896,stand_6,206.058,0.0,-0.0,0.0,-0.0,Sidewalk
623.0,127.8746,4.2827,-3.03687,0.0,0.06981,170.1256,1.8896,stand_6,206.0664,0.0,0.06981,0.0,0.06981,Sidewalk
623.5,127.8746,4.2827,-3.03687,0.0,-0.0,170.1256,1.8896,stand_6,206.058,0.0,-0.0,0.0,-0.0,Sidewalk
624.0,127.8746,4.2827,-3.00197,0.0,0.06981,170.1256,1.8896,stand_6,206.0664,0.0,0.06981,0.0,0.06981,Sidewalk
624.5,127.8746,4.2827,-3.00197,0.0,-0.0,170.1256,1.8896,stand_6,206.058,0.0,-0.0,0.0,-0.0,Sidewalk
625.0,127.8746,4.2827,-2.96706,0.0,0.06981,170.1256,1.8896,stand_6,206.0664,0.0,0.06981,0.0,0.06981,Sidewalk
625.5,127.8746,4.2827,-2.96706,0.0,-0.0,170.1256,1.8896,stand_6,206.058,0.0,-0.0,0.0,-0.0,Sidewalk
626.0,127.8746,4.2827,-2.93215,0.0,0.06981,170.1256,1.8896,stand_6,206.0664,0.0,0.06981,0.0,0.06981,Sidewalk
626.5,127.8746,4.2827,-2.93215,0.0,-0.0,170.1256,1.8896,stand_6,206.058,0.0,-0.0,0.0,-0.0,Sidewalk
627.0,127.8746,4.2827,-2.89725,0.0,0.06981,170.1256,1.8896,stand_6,206.0664,0.0,0.06981,0.0,0.06981,Sidewalk
627.5,127.8746,4.2827,-2.89725,0.0,-0.0,170.1256,1.8896,stand_6,206.058,0.0,-0.0,0.0,-0.0,Sidewalk
628.0,127.8746,4.2827,-2.86234,0.0,0.06981,170.1256,1.8896,stand_6,206.0664,0.0,0.06981,0.0,0.06981,Sidewalk
628.5,127.8746,4.2827,-2.86234,0.0,-0.0,170.1256,1.8896,stand_6,206.058,0.0,-0.0,0.0,-0.0,Sidewalk
629.0,127.8746,4.2827,-2.82743,0.0,0.06981,170.1256,1.8896,stand_6,206.0664,0.0,0.06981,0.0,0.06981,Sidewalk
629.5,127.8746,4.2827,-2.82743,0.0,-0.0,170.1256,1.8896,stand_6,206.058,0.0,-0.0,0.0,-0.0,Sidewalk
630.0,127.8746,4.2827,-2.79253,0.0,0.06981,170.1256,1.8896,stand_6,206.0664,0.0,0.06981,0.0,0.06981,Sidewalk
630.5,127.8746,4.2827,-2.79253,0.0,-0.0,170.1256,1.8896,stand_6,206.058,0.0,-0.0,0.0,-0.0,Sidewalk
631.0,127.8746,4.2827,-2.75762,0.0,0.06981,170.1256,1.8896,stand_6,206.0664,0.0,0.06981,0.0,0.06981,Sidewalk
631.5,127.8746,4.2827,-2.75762,0.0,-0.0,170.1256,1.8896,stand_6,206.058,0.0,-0.0,0.0,-0.0,Sidewalk
632.0,127.8746,4.2827,-2.72271,0.0,0.06981,170.1256,1.8896,stand_6,206.0663,0.0,0.06981,0.0,0.06981,Sidewalk
632.5,127.8746,4.2827,-2.72271,0.0,-0.0,170.1256,1.8896,stand_6,206.058,0.0,-0.0,0.0,-0.0,Sidewalk
633.0,127.8746,4.2827,-2.68781,0.0,0.06981,170.1256,1.8896,stand_6,206.0663,0.0,0.06981,0.0,0.06981,Sidewalk
633.5,127.8746,4.2827,-2.68781,0.0,-0.0,170.1256,1.8896,stand_6,206.058,0.0,-0.0,0.0,-0.0,Sidewalk
634.0,127.8746,4.2827,-2.6529,0.0,0.06981,170.1256,1.8896,stand_6,206.0663,0.0,0.06981,0.0,0.06981,Sidewalk
634.5,127.8746,4.2827,-2.6529,0.0,-0.0,170.1256,1.8896,stand_6,206.058,0.0,-0.0,0.0,-0.0,Sidewalk
635.0,127.8746,4.2827,-2.61799,0.0,0.06981,170.1256,1.8896,stand_6,206.0663,0.0,0.06981,0.0,0.06981,Sidewalk
635.5,127.8746,4.2827,-2.61799,0.0,-0.0,170.1256,1.8897,stand_6,206.058,0.0,-0.0,0.0,-0.0,Sidewalk
636.0,127.8746,4.2827,-2.58309,0.0,0.06981,170.1256,1.8897,stand_6,206.0663,0.0,0.06981,0.0,0.06981,Sidewalk
636.5,127.8746,4.2827,-2.58309,0.0,-0.0,170.1256,1.8897,stand_6,206.058,0.0,-0.0,0.0,-0.0,Sidewalk
637.0,127.8746,4.2827,-2.54818,0.0,0.06981,170.1256,1.8897,stand_6,206.0663,0.0,0.06981,0.0,0.06981,Sidewalk
637.5,127.8746,4.2827,-2.54818,0.0,-0.0,170.1256,1.8897,stand_6,206.058,0.0,-0.0,0.0,-0.0,Sidewalk
638.0,127.8746,4.2827,-2.51327,0.0,0.06981,170.1256,1.8897,stand_6,206.0663,0.0,0.06981,0.0,0.06981,Sidewalk
638.5,127.8746,4.2827,-2.51327,0.0,-0.0,170.1256,1.8897,stand_6,206.058,0.0,-0.0,0.0,-0.0,Sidewalk
639.0,127.8746,4.2827,-2.47837,0.0,0.06981,170.1256,1.8897,stand_6,206.0663,0.0,0.06981,0.0,0.06981,Sidewalk
639.5,127.8746,4.2827,-2.47837,0.0,-0.0,170.1256,1.8897,stand_6,206.0579,0.0,-0.0,0.0,-0.0,Sidewalk
640.0,127.8746,4.2827,-2.44346,0.0,0.06981,170.1256,1.8897,stand_6,206.0663,0.0,0.06981,0.0,0.06981,Sidewalk
640.5,127.8746,4.2827,-2.44346,0.0,-0.0,170.1256,1.8897,stand_6,206.0579,0.0,-0.0,0.0,-0.0,Sidewalk
641.0,127.8746,4.2827,-2.40855,0.0,0.06981,170.1256,1.8897,stand_6,206.0663,0.0,0.06981,0.0,0.06981,Sidewalk
641.5,127.8746,4.2827,-2.40855,0.0,-0.0,170.1256,1.8897,stand_6,206.0579,0.0,-0.0,0.0,-0.0,Sidewalk
642.0,127.8746,4.2827,-2.37365,0.0,0.06981,170.1256,1.8897,stand_6,206.0663,0.0,0.06981,0.0,0.06981,Sidewalk
642.5,127.8746,4.2827,-2.37365,0.0,-0.0,170.1256,1.8897,stand_6,206.0579,0.0,-0.0,0.0,-0.0,Sidewalk
643.0,127.8746,4.2827,-2.33874,0.0,0.06981,170.1256,1.8897,stand_6,206.0663,0.0,0.06981,0.0,0.06981,Sidewalk
643.5,127.8746,4.2827,-2.33874,0.0,-0.0,170.1256,1.8897,stand_6,206.0579,0.0,-0.0,0.0,-0.0,Sidewalk
644.0,127.8746,4.2827,-2.30383,0.0,0.06981,170.1256,1.8897,stand_6,206.0663,0.0,0.06981,0.0,0.06981,Sidewalk
644.5,127.8746,4.2827,-2.30383,0.0,-0.0,170.1256,1.8897,stand_6,206.0579,0.0,-0.0,0.0,-0.0,Sidewalk
645.0,127.8746,4.2827,-2.26893,0.0,0.06981,170.1256,1.8897,stand_6,206.0663,0.0,0.06981,0.0,0.06981,Sidewalk
645.5,127.8746,4.2827,-2.26893,0.0,-0.0,170.1256,1.8897,stand_6,206.0579,0.0,-0.0,0.0,-0.0,Sidewalk
646.0,127.8746,4.2827,-2.23402,0.0,0.06981,170.1256,1.8897,stand_6,206.0663,0.0,0.06981,0.0,0.06981,Sidewalk
646.5,127.8746,4.2827,-2.23402,0.0,-0.0,170.1256,1.8897,stand_6,206.0579,0.0,-0.0,0.0,-0.0,Sidewalk
647.0,127.8746,4.2827,-2.19911,0.0,0.06981,170.1256,1.8897,stand_6,206.0663,0.0,0.06981,0.0,0.06981,Sidewalk
647.5,127.8746,4.2827,-2.19911,0.0,-0.0,170.1256,1.8897,stand_6,206.0579,0.0,-0.0,0.0,-0.0,Sidewalk
648.0,127.8746,4.2827,-2.16421,0.0,0.06981,170.1256,1.8897,stand_6,206.0663,0.0,0.06981,0.0,0.06981,Sidewalk
648.5,127.8746,4.2827,-2.16421,0.0,-0.0,170.1256,1.8897,stand_6,206.0579,0.0,-0.0,0.0,-0.0,Sidewalk
649.0,127.8746,4.2827,-2.1293,0.0,0.06981,170.1256,1.8897,stand_6,206.0663,0.0,0.06981,0.0,0.06981,Sidewalk
649.5,127.8746,4.2827,-2.1293,0.0,-0.0,170.1256,1.8897,stand_6,206.0579,0.0,-0.0,0.0,-0.0,Sidewalk
650.0,127.8746,4.2827,-2.0944,0.0,0.06981,170.1256,1.8897,stand_6,206.0663,0.0,0.06981,0.0,0.06981,Sidewalk
650.5,127.8746,4.2827,-2.0944,0.0,-0.0,170.1256,1.8897,stand_6,206.0579,0.0,-0.0,0.0,-0.0,Sidewalk
651.0,127.8746,4.2827,-2.05949,0.0,0.06981,170.1256,1.8897,stand_6,206.0663,0.0,0.06981,0.0,0.06981,Sidewalk
651.5,127.8746,4.2827,-2.05949,0.0,-0.0,170.1256,1.8897,stand_6,206.0579,0.0,-0.0,0.0,-0.0,Sidewalk
652.0,127.8746,4.2827,-2.02458,0.0,0.06981,170.1256,1.8897,stand_6,206.0663,0.0,0.06981,0.0,0.06981,Sidewalk
652.5,127.8746,4.2827,-2.02458,0.0,-0.0,170.1256,1.8897,stand_6,206.0579,0.0,-0.0,0.0,-0.0,Sidewalk
653.0,127.8746,4.2827,-1.98968,0.0,0.06981,170.1256,1.8897,stand_6,206.0663,0.0,0.06981,0.0,0.06981,Sidewalk
653.5,127.8746,4.2827,-1.98968,0.0,-0.0,170.1256,1.8897,stand_6,206.0579,0.0,-0.0,0.0,-0.0,Sidewalk
654.0,127.8746,4.2827,-1.95477,0.0,0.06981,170.1256,1.8897,stand_6,206.0663,0.0,0.06981,0.0,0.06981,Sidewalk
654.5,127.8746,4.2827,-1.95477,0.0,-0.0,170.1256,1.8897,stand_6,206.0579,0.0,-0.0,0.0,-0.0,Sidewalk
655.0,127.8746,4.2827,-1.91986,0.0,0.06981,170.1256,1.8897,stand_6,206.0663,0.0,0.06981,0.0,0.06981,Sidewalk
655.5,127.8746,4.2827,-1.91986,0.0,-0.0,170.1256,1.8897,stand_6,206.0579,0.0,-0.0,0.0,-0.0,Sidewalk
656.0,127.8746,4.2827,-1.88496,0.0,0.06981,170.1256,1.8897,stand_6,206.0663,0.0,0.06981,0.0,0.06981,Sidewalk
656.5,127.8746,4.2827,-1.88496,0.0,-0.0,170.1256,1.8897,stand_6,206.0579,0.0,-0.0,0.0,-0.0,Sidewalk
657.0,127.8746,4.2827,-1.85005,0.0,0.06981,170.1256,1.8897,stand_6,206.0663,0.0,0.06981,0.0,0.06981,Sidewalk
657.5,127.8746,4.2827,-1.85005,0.0,-0.0,170.1256,1.8897,stand_6,206.0579,0.0,-0.0,0.0,-0.0,Sidewalk
658.0,127.8746,4.2827,-1.81514,0.0,0.06981,170.1256,1.8897,stand_6,206.0663,0.0,0.06981,0.0,0.06981,Sidewalk
658.5,127.8746,4.2827,-1.81514,0.0,-0.0,170.1256,1.8897,stand_6,206.0579,0.0,-0.0,0.0,-0.0,Sidewalk
659.0,127.8746,4.2827,-1.78024,0.0,0.06981,170.1256,1.8897,stand_6,206.0663,0.0,0.06981,0.0,0.06981,Sidewalk
659.5,127.8746,4.2827,-1.78024,0.0,-0.0,170.1256,1.8897,stand_6,206.0579,0.0,-0.0,0.0,-0.0,Sidewalk
660.0,127.8746,4.2827,-1.74533,0.0,0.06981,170.1256,1.8897,stand_6,206.0663,0.0,0.06981,0.0,0.06981,Sidewalk
660.5,127.8746,4.2827,-1.74533,0.0,-0.0,170.1256,1.8897,stand_6,206.0579,0.0,-0.0,0.0,-0.0,Sidewalk
661.0,127.8746,4.2827,-1.71042,0.0,0.06981,170.1256,1.8897,stand_6,206.0663,0.0,0.06981,0.0,0.06981,Sidewalk
661.5,127.8746,4.2827,-1.71042,0.0,-0.0,170.1256,1.8897,stand_6,206.0579,0.0,-0.0,0.0,-0.0,Sidewalk
662.0,127.8746,4.2827,-1.67552,0.0,0.06981,170.1256,1.8897,stand_6,206.0662,0.0,0.06981,0.0,0.06981,Sidewalk
662.5,127.8746,4.2827,-1.67552,0.0,-0.0,170.1256,1.8897,stand_6,206.0579,0.0,-0.0,0.0,-0.0,Sidewalk
663.0,127.8746,4.2827,-1.64061,0.0,0.06981,170.1256,1.8897,stand_6,206.0662,0.0,0.06981,0.0,0.06981,Sidewalk
663.5,127.8746,4.2827,-1.64061,0.0,-0.0,170.1256,1.8897,stand_6,206.0579,0.0,-0.0,0.0,-0.0,Sidewalk
664.0,127.8746,4.2827,-1.6057,0.0,0.06981,170.1256,1.8897,stand_6,206.0662,0.0,0.06981,0.0,0.06981,Sidewalk
664.5,127.8746,4.2827,-1.6057,0.0,-0.0,170.1256,1.8897,stand_6,206.0579,0.0,-0.0,0.0,-0.0,Sidewalk
665.0,127.8746,4.2827,-1.5708,0.0,0.06981,170.1256,1.8897,stand_6,206.0662,0.0,0.06981,0.0,0.06981,Sidewalk
665.5,127.8746,4.2827,-1.5708,0.0,-0.0,170.1256,1.8897,stand_6,206.0579,0.0,-0.0,0.0,-0.0,Sidewalk
666.0,127.8746,4.2827,-1.53589,0.0,0.06981,170.1256,1.8897,stand_6,206.0662,0.0,0.06981,0.0,0.06981,Sidewalk
666.5,127.8746,4.2827,-1.53589,0.0,-0.0,170.1256,1.8897,stand_6,206.0579,0.0,-0.0,0.0,-0.0,Sidewalk
667.0,127.8746,4.2827,-1.50098,0.0,0.06981,170.1256,1.8897,stand_6,206.0662,0.0,0.06981,0.0,0.06981,Sidewalk
667.5,127.8746,4.2827,-1.50098,0.0,-0.0,170.1256,1.8897,stand_6,206.0579,0.0,-0.0,0.0,-0.0,Sidewalk
668.0,127.8746,4.2827,-1.46608,0.0,0.06981,170.1256,1.8897,stand_6,206.0662,0.0,0.06981,0.0,0.06981,Sidewalk
668.5,127.8746,4.2827,-1.46608,0.0,-0.0,170.1256,1.8897,stand_6,206.0579,0.0,-0.0,0.0,-0.0,Sidewalk
669.0,127.8746,4.2827,-1.43117,0.0,0.06981,170.1256,1.8897,stand_6,206.0662,0.0,0.06981,0.0,0.06981,Sidewalk
669.5,127.8746,4.2827,-1.43117,0.0,-0.0,170.1256,1.8897,stand_6,206.0578,0.0,-0.0,0.0,-0.0,Sidewalk
670.0,127.8746,4.2827,-1.39626,0.0,0.06981,170.1256,1.8898,stand_6,206.0662,0.0,0.06981,0.0,0.06981,Sidewalk
670.5,127.8746,4.2827,-1.39626,0.0,-0.0,170.1256,1.8898,stand_6,206.0578,0.0,-0.0,0.0,-0.0,Sidewalk
671.0,127.8746,4.2827,-1.36136,0.0,0.06981,170.1256,1.8898,stand_6,206.0662,0.0,0.06981,0.0,0.06981,Sidewalk
671.5,127.8746,4.2827,-1.36136,0.0,-0.0,170.1256,1.8898,stand_6,206.0578,0.0,-0.0,0.0,-0.0,Sidewalk
672.0,127.8746,4.2827,-1.32645,0.0,0.06981,170.1256,1.8898,stand_6,206.0662,0.0,0.06981,0.0,0.06981,Sidewalk
672.5,127.8746,4.2827,-1.32645,0.0,-0.0,170.1256,1.8898,stand_6,206.0578,0.0,-0.0,0.0,-0.0,Sidewalk
673.0,127.8746,4.2827,-1.29154,0.0,0.06981,170.1256,1.8898,stand_6,206.0662,0.0,0.06981,0.0,0.06981,Sidewalk
673.5,127.8746,4.2827,-1.29154,0.0,-0.0,170.1256,1.8898,stand_6,206.0578,0.0,-0.0,0.0,-0.0,Sidewalk
674.0,127.8746,4.2827,-1.25664,0.0,0.06981,170.1256,1.8898,stand_6,206.0662,0.0,0.06981,0.0,0.06981,Sidewalk
674.5,127.8746,4.2827,-1.25664,0.0,-0.0,170.1256,1.8898,stand_6,206.0578,0.0,-0.0,0.0,-0.0,Sidewalk
675.0,127.8746,4.2827,-1.22173,0.0,0.06981,170.1256,1.8898,stand_6,206.0662,0.0,0.06981,0.0,0.06981,Sidewalk
675.5,127.8746,4.2827,-1.22173,0.0,-0.0,170.1256,1.8898,stand_6,206.0578,0.0,-0.0,0.0,-0.0,Sidewalk
676.0,127.8746,4.2827,-1.18682,0.0,0.06981,170.1256,1.8898,stand_6,206.0662,0.0,0.06981,0.0,0.06981,Sidewalk
676.5,127.8746,4.2827,-1.18682,0.0,-0.0,170.1256,1.8898,stand_6,206.0578,0.0,-0.0,0.0,-0.0,Sidewalk
677.0,127.8746,4.2827,-1.15192,0.0,0.06981,170.1256,1.8898,stand_6,206.0662,0.0,0.06981,0.0,0.06981,Sidewalk
677.5,127.8746,4.2827,-1.15192,0.0,-0.0,170.1256,1.8898,stand_6,206.0578,0.0,-0.0,0.0,-0.0,Sidewalk
678.0,127.8746,4.2827,-1.11701,0.0,0.06981,170.1256,1.8898,stand_6,206.0662,0.0,0.06981,0.0,0.06981,Sidewalk
678.5,127.8746,4.2827,-1.11701,0.0,-0.0,170.1256,1.8898,stand_6,206.0578,0.0,-0.0,0.0,-0.0,Sidewalk
679.0,127.8746,4.2827,-1.0821,0.0,0.06981,170.1256,1.8898,stand_6,206.0662,0.0,0.06981,0.0,0.06981,Sidewalk
679.5,127.8746,4.2827,-1.0821,0.0,-0.0,170.1256,1.8898,stand_6,206.0578,0.0,-0.0,0.0,-0.0,Sidewalk
680.0,127.8746,4.2827,-1.0472,0.0,0.06981,170.1256,1.8898,stand_6,206.0662,0.0,0.06981,0.0,0.06981,Sidewalk
680.5,127.8746,4.2827,-1.0472,0.0,-0.0,170.1256,1.8898,stand_6,206.0578,0.0,-0.0,0.0,-0.0,Sidewalk
681.0,127.8746,4.2827,-1.01229,0.0,0.06981,170.1256,1.8898,stand_6,206.0662,0.0,0.06981,0.0,0.06981,Sidewalk
681.5,127.8746,4.2827,-1.01229,0.0,-0.0,170.1256,1.8898,stand_6,206.0578,0.0,-0.0,0.0,-0.0,Sidewalk
682.0,127.8746,4.2827,-0.97738,0.0,0.06981,170.1256,1.8898,stand_6,206.0662,0.0,0.06981,0.0,0.06981,Sidewalk
682.5,127.8746,4.2827,-0.97738,0.0,-0.0,170.1256,1.8898,stand_6,206.0578,0.0,-0.0,0.0,-0.0,Sidewalk
683.0,127.8746,4.2827,-0.94248,0.0,0.06981,170.1256,1.8898,stand_6,206.0662,0.0,0.06981,0.0,0.06981,Sidewalk
683.5,127.8746,4.2827,-0.94248,0.0,-0.0,170.1256,1.8898,stand_6,206.0578,0.0,-0.0,0.0,-0.0,Sidewalk
684.0,127.8746,4.2827,-0.90757,0.0,0.06981,170.1256,1.8898,stand_6,206.0662,0.0,0.06981,0.0,0.06981,Sidewalk
684.5,127.8746,4.2827,-0.90757,0.0,-0.0,170.1256,1.8898,stand_6,206.0578,0.0,-0.0,0.0,-0.0,Sidewalk
685.0,127.8746,4.2827,-0.87266,0.0,0.06981,170.1256,1.8898,stand_6,206.0662,0.0,0.06981,0.0,0.06981,Sidewalk
685.5,127.8746,4.2827,-0.87266,0.0,-0.0,170.1256,1.8898,stand_6,206.0578,0.0,-0.0,0.0,-0.0,Sidewalk
686.0,127.8746,4.2827,-0.83776,0.0,0.06981,170.1256,1.8898,stand_6,206.0662,0.0,0.06981,0.0,0.06981,Sidewalk
686.5,127.8746,4.2827,-0.83776,0.0,-0.0,170.1256,1.8898,stand_6,206.0578,0.0,-0.0,0.0,-0.0,Sidewalk
687.0,127.8746,4.2827,-0.80285,0.0,0.06981,170.1256,1.8898,stand_6,206.0662,0.0,0.06981,0.0,0.06981,Sidewalk
687.5,127.8746,4.2827,-0.80285,0.0,-0.0,170.1256,1.8898,stand_6,206.0578,0.0,-0.0,0.0,-0.0,Sidewalk
688.0,127.8746,4.2827,-0.76794,0.0,0.06981,170.1256,1.8898,stand_6,206.0662,0.0,0.06981,0.0,0.06981,Sidewalk
688.5,127.8746,4.2827,-0.76794,0.0,-0.0,170.1256,1.8898,stand_6,206.0578,0.0,-0.0,0.0,-0.0,Sidewalk
689.0,127.8746,4.2827,-0.73304,0.0,0.06981,170.1256,1.8898,stand_6,206.0662,0.0,0.06981,0.0,0.06981,Sidewalk
689.5,127.8746,4.2827,-0.73304,0.0,-0.0,170.1256,1.8898,stand_6,206.0578,0.0,-0.0,0.0,-0.0,Sidewalk
690.0,127.8746,4.2827,-0.69813,0.0,0.06981,170.1256,1.8898,stand_6,206.0662,0.0,0.06981,0.0,0.06981,Sidewalk
690.5,127.8746,4.2827,-0.69813,0.0,-0.0,170.1256,1.8898,stand_6,206.0578,0.0,-0.0,0.0,-0.0,Sidewalk
691.0,127.8746,4.2827,-0.66323,0.0,0.06981,170.1256,1.8898,stand_6,206.0662,0.0,0.06981,0.0,0.06981,Sidewalk
691.5,127.8746,4.2827,-0.66323,0.0,-0.0,170.1256,1.8898,stand_6,206.0578,0.0,-0.0,0.0,-0.0,Sidewalk
692.0,127.8746,4.2827,-0.62832,0.0,0.06981,170.1256,1.8898,stand_6,206.0662,0.0,0.06981,0.0,0.06981,Sidewalk
692.5,127.8746,4.2827,-0.62832,0.0,-0.0,170.1256,1.8898,stand_6,206.0578,0.0,-0.0,0.0,-0.0,Sidewalk
693.0,127.8746,4.2827,-0.59341,0.0,0.06981,170.1256,1.8898,stand_6,206.0662,0.0,0.06981,0.0,0.06981,Sidewalk
693.5,127.8746,4.2827,-0.59341,0.0,-0.0,170.1256,1.8898,stand_6,206.0578,0.0,-0.0,0.0,-0.0,Sidewalk
694.0,127.8746,4.2827,-0.55851,0.0,0.06981,170.1256,1.8898,stand_6,206.0662,0.0,0.06981,0.0,0.06981,Sidewalk
694.5,127.8746,4.2827,-0.55851,0.0,-0.0,170.1256,1.8898,stand_6,206.0578,0.0,-0.0,0.0,-0.0,Sidewalk
695.0,127.8746,4.2827,-0.5236,0.0,0.06981,170.1256,1.8898,stand_6,206.0662,0.0,0.06981,0.0,0.06981,Sidewalk
695.5,127.8746,4.2827,-0.5236,0.0,-0.0,170.1256,1.8898,stand_6,206.0578,0.0,-0.0,0.0,-0.0,Sidewalk
696.0,127.8746,4.2827,-0.48869,0.0,0.06981,170.1256,1.8898,stand_6,206.0661,0.0,0.06981,0.0,0.06981,Sidewalk
696.5,127.8746,4.2827,-0.48869,0.0,-0.0,170.1256,1.8898,stand_6,206.0578,0.0,-0.0,0.0,-0.0,Sidewalk
697.0,127.8746,4.2827,-0.45379,0.0,0.06981,170.1256,1.8898,stand_6,206.0661,0.0,0.06981,0.0,0.06981,Sidewalk
697.5,127.8746,4.2827,-0.45379,0.0,-0.0,170.1256,1.8898,stand_6,206.0578,0.0,-0.0,0.0,-0.0,Sidewalk
698.0,127.8746,4.2827,-0.41888,0.0,0.06981,170.1256,1.8898,stand_6,206.0661,0.0,0.06981,0.0,0.06981,Sidewalk
698.5,127.8746,4.2827,-0.41888,0.0,-0.0,170.1256,1.8898,stand_6,206.0578,0.0,-0.0,0.0,-0.0,Sidewalk
699.0,127.8746,4.2827,-0.38397,0.0,0.06981,170.1256,1.8898,stand_6,206.0661,0.0,0.06981,0.0,0.06981,Sidewalk
699.5,127.8746,4.2827,-0.38397,0.0,-0.0,170.1256,1.8898,stand_6,206.0578,0.0,-0.0,0.0,-0.0,Sidewalk
700.0,127.8746,4.2827,-0.34907,0.0,0.06981,170.1256,1.8898,stand_6,206.0661,0.0,0.06981,0.0,0.06981,Sidewalk
700.5,127.8746,4.2827,-0.34907,0.0,-0.0,170.1256,1.8898,stand_6,206.0578,0.0,-0.0,0.0,-0.0,Sidewalk
701.0,127.8746,4.2827,-0.31416,0.0,0.06981,170.1256,1.8898,stand_6,206.0661,0.0,0.06981,0.0,0.06981,Sidewalk
701.5,127.8746,4.2827,-0.31416,0.0,-0.0,170.1256,1.8898,stand_6,206.0578,0.0,-0.0,0.0,-0.0,Sidewalk
702.0,127.8746,4.2827,-0.27925,0.0,0.06981,170.1256,1.8898,stand_6,206.0661,0.0,0.06981,0.0,0.06981,Sidewalk
702.5,127.8746,4.2827,-0.27925,0.0,-0.0,170.1256,1.8898,stand_6,206.0577,0.0,-0.0,0.0,-0.0,Sidewalk
703.0,127.8746,4.2827,-0.24435,0.0,0.06981,170.1256,1.8898,stand_6,206.0661,0.0,0.06981,0.0,0.06981,Sidewalk
703.5,127.8746,4.2827,-0.24435,0.0,-0.0,170.1256,1.8898,stand_6,206.0577,0.0,-0.0,0.0,-0.0,Sidewalk
704.0,127.8746,4.2827,-0.20944,0.0,0.06981,170.1256,1.8898,stand_6,206.0661,0.0,0.06981,0.0,0.06981,Sidewalk
704.5,127.8746,4.2827,-0.20944,0.0,-0.0,170.1256,1.8898,stand_6,206.0577,0.0,-0.0,0.0,-0.0,Sidewalk
705.0,127.8746,4.2827,-0.17453,0.0,0.06981,170.1256,1.8898,stand_6,206.0661,0.0,0.06981,0.0,0.06981,Sidewalk
705.5,127.8746,4.2827,-0.17453,0.0,-0.0,170.1256,1.8898,stand_6,206.0577,0.0,-0.0,0.0,-0.0,Sidewalk
706.0,127.8746,4.2827,-0.13963,0.0,0.06981,170.1256,1.8898,stand_6,206.0661,0.0,0.06981,0.0,0.06981,Sidewalk
706.5,127.8746,4.2827,-0.13963,0.0,-0.0,170.1256,1.8898,stand_6,206.0577,0.0,-0.0,0.0,-0.0,Sidewalk
707.0,127.8746,4.2827,-0.10472,0.0,0.06981,170.1256,1.8899,stand_6,206.0661,0.0,0.06981,0.0,0.06981,Sidewalk
707.5,127.8746,4.2827,-0.10472,0.0,-0.0,170.1256,1.8899,stand_6,206.0577,0.0,-0.0,0.0,-0.0,Sidewalk
708.0,127.8746,4.2827,-0.06981,0.0,0.06981,170.1256,1.8899,stand_6,206.0661,0.0,0.06981,0.0,0.06981,Sidewalk
708.5,127.8746,4.2827,-0.06981,0.0,-0.0,170.1256,1.8899,stand_6,206.0577,0.0,-0.0,0.0,-0.0,Sidewalk
709.0,127.8746,4.2827,-0.03491,0.0,0.06981,170.1256,1.8899,stand_6,206.0661,0.0,0.06981,0.0,0.06981,Sidewalk
709.5,127.8746,4.2827,-0.03491,0.0,-0.0,170.1256,1.8899,stand_6,206.0577,0.0,-0.0,0.0,-0.0,Sidewalk
710.0,127.8746,4.2827,-0.0,0.0,0.06981,170.1256,1.8899,stand_6,206.0661,0.0,0.06981,0.0,0.06981,Sidewalk
710.5,127.8746,4.2827,-0.0,0.0,-0.0,170.1256,1.8899,stand_6,206.0577,0.0,-0.0,0.0,-0.0,Sidewalk
711.0,127.8746,4.2827,0.03491,0.0,0.06981,170.1256,1.8899,stand_6,206.0661,0.0,0.06981,0.0,0.06981,Sidewalk
711.5,127.8746,4.2827,0.03491,0.0,-0.0,170.1256,1.8899,stand_6,206.0577,0.0,-0.0,0.0,-0.0,Sidewalk
712.0,127.8746,4.2827,0.06981,0.0,0.06981,170.1256,1.8899,stand_6,206.0661,0.0,0.06981,0.0,0.06981,Sidewalk
712.5,127.8746,4.2827,0.06981,0.0,-0.0,170.1256,1.8899,stand_6,206.0577,0.0,-0.0,0.0,-0.0,Sidewalk
713.0,127.8746,4.2827,0.10472,0.0,0.06981,170.1256,1.8899,stand_6,206.0661,0.0,0.06981,0.0,0.06981,Sidewalk
713.5,127.8746,4.2827,0.10472,0.0,-0.0,170.1256,1.8899,stand_6,206.0577,0.0,-0.0,0.0,-0.0,Sidewalk
714.0,127.8746,4.2827,0.13963,0.0,0.06981,170.1256,1.8899,stand_6,206.0661,0.0,0.06981,0.0,0.06981,Sidewalk
714.5,127.8746,4.2827,0.13963,0.0,-0.0,170.1256,1.8899,stand_6,206.0577,0.0,-0.0,0.0,-0.0,Sidewalk
715.0,127.8746,4.2827,0.17453,0.0,0.06981,170.1256,1.8899,stand_6,206.0661,0.0,0.06981,0.0,0.06981,Sidewalk
715.5,127.8746,4.2827,0.17453,0.0,-0.0,170.1256,1.8899,stand_6,206.0577,0.0,-0.0,0.0,-0.0,Sidewalk
716.0,127.8746,4.2827,0.20944,0.0,0.06981,170.1256,1.8899,stand_6,206.0661,0.0,0.06981,0.0,0.06981,Sidewalk
716.5,127.8746,4.2827,0.20944,0.0,-0.0,170.1256,1.8899,stand_6,206.0577,0.0,-0.0,0.0,-0.0,Sidewalk
717.0,127.8746,4.2827,0.24435,0.0,0.06981,170.1256,1.8899,stand_6,206.0661,0.0,0.06981,0.0,0.06981,Sidewalk
717.5,127.8746,4.2827,0.24435,0.0,-0.0,170.1256,1.8899,stand_6,206.0577,0.0,-0.0,0.0,-0.0,Sidewalk
718.0,127.8746,4.2827,0.27925,0.0,0.06981,170.1256,1.8899,stand_6,206.0661,0.0,0.06981,0.0,0.06981,Sidewalk
718.5,127.8746,4.2827,0.27925,0.0,-0.0,170.1256,1.8899,stand_6,206.0577,0.0,-0.0,0.0,-0.0,Sidewalk
719.0,127.8746,4.2827,0.31416,0.0,0.06981,170.1256,1.8899,stand_6,206.0661,0.0,0.06981,0.0,0.06981,Sidewalk
719.5,127.8746,4.2827,0.31416,0.0,-0.0,170.1256,1.8899,stand_6,206.0577,0.0,-0.0,0.0,-0.0,Sidewalk
720.0,127.8746,4.2827,0.34907,0.0,0.06981,170.1256,1.8899,stand_6,206.0661,0.0,0.06981,0.0,0.06981,Sidewalk
720.5,127.8746,4.2827,0.34907,0.0,-0.0,170.1256,1.8899,stand_6,206.0577,0.0,-0.0,0.0,-0.0,Sidewalk
721.0,127.8746,4.2827,0.38397,0.0,0.06981,170.1256,1.8899,stand_6,206.0661,0.0,0.06981,0.0,0.06981,Sidewalk
721.5,127.8746,4.2827,0.38397,0.0,-0.0,170.1256,1.8899,stand_6,206.0577,0.0,-0.0,0.0,-0.0,Sidewalk
722.0,127.8746,4.2827,0.41888,0.0,0.06981,170.1256,1.8899,stand_6,206.0661,0.0,0.06981,0.0,0.06981,Sidewalk
722.5,127.8746,4.2827,0.41888,0.0,-0.0,170.1256,1.8899,stand_6,206.0577,0.0,-0.0,0.0,-0.0,Sidewalk
723.0,127.8746,4.2827,0.45379,0.0,0.06981,170.1256,1.8899,stand_6,206.0661,0.0,0.06981,0.0,0.06981,Sidewalk
723.5,127.8746,4.2827,0.45379,0.0,-0.0,170.1256,1.8899,stand_6,206.0577,0.0,-0.0,0.0,-0.0,Sidewalk
724.0,127.8746,4.2827,0.48869,0.0,0.06981,170.1256,1.8899,stand_6,206.0661,0.0,0.06981,0.0,0.06981,Sidewalk
724.5,127.8746,4.2827,0.48869,0.0,-0.0,170.1256,1.8899,stand_6,206.0577,0.0,-0.0,0.0,-0.0,Sidewalk
725.0,127.8746,4.2827,0.5236,0.0,0.06981,170.1256,1.8899,stand_6,206.0661,0.0,0.06981,0.0,0.06981,Sidewalk
725.5,127.8746,4.2827,0.5236,0.0,-0.0,170.1256,1.8899,stand_6,206.0577,0.0,-0.0,0.0,-0.0,Sidewalk
726.0,127.8746,4.2827,0.55851,0.0,0.06981,170.1256,1.8899,stand_6,206.066,0.0,0.06981,0.0,0.06981,Sidewalk
726.5,127.8746,4.2827,0.55851,0.0,-0.0,170.1256,1.8899,stand_6,206.0577,0.0,-0.0,0.0,-0.0,Sidewalk
727.0,127.8746,4.2827,0.59341,0.0,0.06981,170.1256,1.8899,stand_6,206.066,0.0,0.06981,0.0,0.06981,Sidewalk
727.5,127.8746,4.2827,0.59341,0.0,-0.0,170.1256,1.8899,stand_6,206.0577,0.0,-0.0,0.0,-0.0,Sidewalk
728.0,127.8746,4.2827,0.62832,0.0,0.06981,170.1256,1.8899,stand_6,206.066,0.0,0.06981,0.0,0.06981,Sidewalk
728.5,127.8746,4.2827,0.62832,0.0,-0.0,170.1256,1.8899,stand_6,206.0577,0.0,-0.0,0.0,-0.0,Sidewalk
729.0,127.8746,4.2827,0.66323,0.0,0.06981,170.1256,1.8899,stand_6,206.066,0.0,0.06981,0.0,0.06981,Sidewalk
729.5,127.8746,4.2827,0.66323,0.0,-0.0,170.1256,1.8899,stand_6,206.0577,0.0,-0.0,0.0,-0.0,Sidewalk
730.0,127.8746,4.2827,0.69813,0.0,0.06981,170.1256,1.8899,stand_6,206.066,0.0,0.06981,0.0,0.06981,Sidewalk
730.5,127.8746,4.2827,0.69813,0.0,-0.0,170.1256,1.8899,stand_6,206.0577,0.0,-0.0,0.0,-0.0,Sidewalk
731.0,127.8746,4.2827,0.73304,0.0,0.06981,170.1256,1.8899,stand_6,206.066,0.0,0.06981,0.0,0.06981,Sidewalk
731.5,127.8746,4.2827,0.73304,0.0,-0.0,170.1256,1.8899,stand_6,206.0576,0.0,-0.0,0.0,-0.0,Sidewalk
732.0,127.8746,4.2827,0.76794,0.0,0.06981,170.1256,1.8899,stand_6,206.066,0.0,0.06981,0.0,0.06981,Sidewalk
732.5,127.8746,4.2827,0.76794,0.0,-0.0,170.1256,1.8899,stand_6,206.0576,0.0,-0.0,0.0,-0.0,Sidewalk
733.0,127.8746,4.2827,0.80285,0.0,0.06981,170.1256,1.8899,stand_6,206.066,0.0,0.06981,0.0,0.06981,Sidewalk
733.5,127.8746,4.2827,0.80285,0.0,-0.0,170.1256,1.8899,stand_6,206.0576,0.0,-0.0,0.0,-0.0,Sidewalk
734.0,127.8746,4.2827,0.83776,0.0,0.06981,170.1256,1.8899,stand_6,206.066,0.0,0.06981,0.0,0.06981,Sidewalk
734.5,127.8746,4.2827,0.83776,0.0,-0.0,170.1256,1.8899,stand_6,206.0576,0.0,-0.0,0.0,-0.0,Sidewalk
735.0,127.8746,4.2827,0.87266,0.0,0.06981,170.1256,1.8899,stand_6,206.066,0.0,0.06981,0.0,0.06981,Sidewalk
735.5,127.8746,4.2827,0.87266,0.0,-0.0,170.1256,1.8899,stand_6,206.0576,0.0,-0.0,0.0,-0.0,Sidewalk
736.0,127.8746,4.2827,0.90757,0.0,0.06981,170.1256,1.8899,stand_6,206.066,0.0,0.06981,0.0,0.06981,Sidewalk
736.5,127.8746,4.2827,0.90757,0.0,-0.0,170.1256,1.8899,stand_6,206.0576,0.0,-0.0,0.0,-0.0,Sidewalk
737.0,127.8746,4.2827,0.94248,0.0,0.06981,170.1256,1.8899,stand_6,206.066,0.0,0.06981,0.0,0.06981,Sidewalk
737.5,127.8746,4.2827,0.94248,0.0,-0.0,170.1256,1.8899,stand_6,206.0576,0.0,-0.0,0.0,-0.0,Sidewalk
738.0,127.8746,4.2827,0.97738,0.0,0.06981,170.1256,1.8899,stand_6,206.066,0.0,0.06981,0.0,0.06981,Sidewalk
738.5,127.8746,4.2827,0.97738,0.0,-0.0,170.1256,1.8899,stand_6,206.0576,0.0,-0.0,0.0,-0.0,Sidewalk
739.0,127.8746,4.2827,1.01229,0.0,0.06981,170.1256,1.8899,stand_6,206.066,0.0,0.06981,0.0,0.06981,Sidewalk
739.5,127.8746,4.2827,1.01229,0.0,-0.0,170.1256,1.8899,stand_6,206.0576,0.0,-0.0,0.0,-0.0,Sidewalk
740.0,127.8746,4.2827,1.0472,0.0,0.06981,170.1256,1.8899,stand_6,206.066,0.0,0.06981,0.0,0.06981,Sidewalk
740.5,127.8746,4.2827,1.0472,0.0,-0.0,170.1256,1.8899,stand_6,206.0576,0.0,-0.0,0.0,-0.0,Sidewalk
741.0,127.8746,4.2827,1.0821,0.0,0.06981,170.1256,1.8899,stand_6,206.066,0.0,0.06981,0.0,0.06981,Sidewalk
741.5,127.8746,4.2827,1.0821,0.0,-0.0,170.1256,1.89,stand_6,206.0576,0.0,-0.0,0.0,-0.0,Sidewalk
742.0,127.8746,4.2827,1.11701,0.0,0.06981,170.1256,1.89,stand_6,206.066,0.0,0.06981,0.0,0.06981,Sidewalk
742.5,127.8746,4.2827,1.11701,0.0,-0.0,170.1256,1.89,stand_6,206.0576,0.0,-0.0,0.0,-0.0,Sidewalk
743.0,127.8746,4.2827,1.15192,0.0,0.06981,170.1256,1.89,stand_6,206.066,0.0,0.06981,0.0,0.06981,Sidewalk
743.5,127.8746,4.2827,1.15192,0.0,-0.0,170.1256,1.89,stand_6,206.0576,0.0,-0.0,0.0,-0.0,Sidewalk
744.0,127.8746,4.2827,1.18682,0.0,0.06981,170.1256,1.89,stand_6,206.066,0.0,0.06981,0.0,0.06981,Sidewalk
744.5,127.8746,4.2827,1.18682,0.0,-0.0,170.1256,1.89,stand_6,206.0576,0.0,-0.0,0.0,-0.0,Sidewalk
745.0,127.8746,4.2827,1.22173,0.0,0.06981,170.1256,1.89,stand_6,206.066,0.0,0.06981,0.0,0.06981,Sidewalk
745.5,127.8746,4.2827,1.22173,0.0,-0.0,170.1256,1.89,stand_6,206.0576,0.0,-0.0,0.0,-0.0,Sidewalk
746.0,127.8746,4.2827,1.25664,0.0,0.06981,170.1256,1.89,stand_6,206.066,0.0,0.06981,0.0,0.06981,Sidewalk
746.5,127.8746,4.2827,1.25664,0.0,-0.0,170.1256,1.89,stand_6,206.0576,0.0,-0.0,0.0,-0.0,Sidewalk
747.0,127.8746,4.2827,1.29154,0.0,0.06981,170.1256,1.89,stand_6,206.066,0.0,0.06981,0.0,0.06981,Sidewalk
747.5,127.8746,4.2827,1.29154,0.0,-0.0,170.1256,1.89,stand_6,206.0576,0.0,-0.0,0.0,-0.0,Sidewalk
748.0,127.8746,4.2827,1.32645,0.0,0.06981,170.1256,1.89,stand_6,206.066,0.0,0.06981,0.0,0.06981,Sidewalk
748.5,127.8746,4.2827,1.32645,0.0,-0.0,170.1256,1.89,stand_6,206.0576,0.0,-0.0,0.0,-0.0,Sidewalk
749.0,127.8746,4.2827,1.36136,0.0,0.06981,170.1256,1.89,stand_6,206.066,0.0,0.06981,0.0,0.06981,Sidewalk
749.5,127.8746,4.2827,1.36136,0.0,-0.0,170.1256,1.89,stand_6,206.0576,0.0,-0.0,0.0,-0.0,Sidewalk
750.0,127.8746,4.2827,1.39626,0.0,0.06981,170.1256,1.89,stand_6,206.066,0.0,0.06981,0.0,0.06981,Sidewalk
750.5,127.8746,4.2827,1.39626,0.0,-0.0,170.1256,1.89,stand_6,206.0576,0.0,-0.0,0.0,-0.0,Sidewalk
751.0,127.8746,4.2827,1.43117,0.0,0.06981,170.1256,1.89,stand_6,206.066,0.0,0.06981,0.0,0.06981,Sidewalk
751.5,127.8746,4.2827,1.43117,0.0,-0.0,170.1256,1.89,stand_6,206.0576,0.0,-0.0,0.0,-0.0,Sidewalk
752.0,127.8746,4.2827,1.46608,0.0,0.06981,170.1256,1.89,stand_6,206.066,0.0,0.06981,0.0,0.06981,Sidewalk
752.5,127.8746,4.2827,1.46608,0.0,-0.0,170.1256,1.89,stand_6,206.0576,0.0,-0.0,0.0,-0.0,Sidewalk
753.0,127.8746,4.2827,1.50098,0.0,0.06981,170.1256,1.89,stand_6,206.066,0.0,0.06981,0.0,0.06981,Sidewalk
753.5,127.8746,4.2827,1.50098,0.0,-0.0,170.1256,1.89,stand_6,206.0576,0.0,-0.0,0.0,-0.0,Sidewalk
754.0,127.8746,4.2827,1.53589,0.0,0.06981,170.1256,1.89,stand_6,206.066,0.0,0.06981,0.0,0.06981,Sidewalk
754.5,127.8746,4.2827,1.53589,0.0,-0.0,170.1256,1.89,stand_6,206.0576,0.0,-0.0,0.0,-0.0,Sidewalk
755.0,127.8746,4.2827,1.5708,0.0,0.06981,170.1256,1.89,stand_6,206.066,0.0,0.06981,0.0,0.06981,Sidewalk
755.5,127.8746,4.2827,1.5708,0.0,-0.0,170.1256,1.89,stand_6,206.0576,0.0,-0.0,0.0,-0.0,Sidewalk
756.0,127.8746,4.2827,1.6057,0.0,0.06981,170.1256,1.89,stand_6,206.066,0.0,0.06981,0.0,0.06981,Sidewalk
756.5,127.8746,4.2827,1.6057,0.0,-0.0,170.1256,1.89,stand_6,206.0576,0.0,-0.0,0.0,-0.0,Sidewalk
757.0,127.8746,4.2827,1.64061,0.0,0.06981,170.1256,1.89,stand_6,206.066,0.0,0.06981,0.0,0.06981,Sidewalk
757.5,127.8746,4.2827,1.64061,0.0,-0.0,170.1256,1.89,stand_6,206.0576,0.0,-0.0,0.0,-0.0,Sidewalk
758.0,127.8746,4.2827,1.67552,0.0,0.06981,170.1256,1.89,stand_6,206.066,0.0,0.06981,0.0,0.06981,Sidewalk
758.5,127.8746,4.2827,1.67552,0.0,-0.0,170.1256,1.89,stand_6,206.0576,0.0,-0.0,0.0,-0.0,Sidewalk
759.0,127.8746,4.2827,1.71042,0.0,0.06981,170.1256,1.89,stand_6,206.0659,0.0,0.06981,0.0,0.06981,Sidewalk
759.5,127.8746,4.2827,1.71042,0.0,-0.0,170.1256,1.89,stand_6,206.0576,0.0,-0.0,0.0,-0.0,Sidewalk
760.0,127.8746,4.2827,1.74533,0.0,0.06981,170.1256,1.89,stand_6,206.0659,0.0,0.06981,0.0,0.06981,Sidewalk
760.5,127.8746,4.2827,1.74533,0.0,-0.0,170.1256,1.89,stand_6,206.0576,0.0,-0.0,0.0,-0.0,Sidewalk
761.0,127.8746,4.2827,1.78024,0.0,0.06981,170.1256,1.89,stand_6,206.0659,0.0,0.06981,0.0,0.06981,Sidewalk
761.5,127.8746,4.2827,1.78024,0.0,-0.0,170.1256,1.89,stand_6,206.0576,0.0,-0.0,0.0,-0.0,Sidewalk
762.0,127.8746,4.2827,1.81514,0.0,0.06981,170.1256,1.89,stand_6,206.0659,0.0,0.06981,0.0,0.06981,Sidewalk
762.5,127.8746,4.2827,1.81514,0.0,-0.0,170.1256,1.89,stand_6,206.0576,0.0,-0.0,0.0,-0.0,Sidewalk
763.0,127.8746,4.2827,1.85005,0.0,0.06981,170.1256,1.89,stand_6,206.0659,0.0,0.06981,0.0,0.06981,Sidewalk
763.5,127.8746,4.2827,1.85005,0.0,-0.0,170.1256,1.89,stand_6,206.0576,0.0,-0.0,0.0,-0.0,Sidewalk
764.0,127.8746,4.2827,1.88496,0.0,0.06981,170.1256,1.89,stand_6,206.0659,0.0,0.06981,0.0,0.06981,Sidewalk
764.5,127.8746,4.2827,1.88496,0.0,-0.0,170.1256,1.89,stand_6,206.0576,0.0,-0.0,0.0,-0.0,Sidewalk
765.0,127.8746,4.2827,1.91986,0.0,0.06981,170.1256,1.89,stand_6,206.0659,0.0,0.06981,0.0,0.06981,Sidewalk
765.5,127.8746,4.2827,1.91986,0.0,-0.0,170.1256,1.89,stand_6,206.0575,0.0,-0.0,0.0,-0.0,Sidewalk
766.0,127.8746,4.2827,1.95477,0.0,0.06981,170.1256,1.89,stand_6,206.0659,0.0,0.06981,0.0,0.06981,Sidewalk
766.5,127.8746,4.2827,1.95477,0.0,-0.0,170.1256,1.89,stand_6,206.0575,0.0,-0.0,0.0,-0.0,Sidewalk
767.0,127.8746,4.2827,1.98968,0.0,0.06981,170.1256,1.89,stand_6,206.0659,0.0,0.06981,0.0,0.06981,Sidewalk
767.5,127.8746,4.2827,1.98968,0.0,-0.0,170.1256,1.89,stand_6,206.0575,0.0,-0.0,0.0,-0.0,Sidewalk
768.0,127.8746,4.2827,2.02458,0.0,0.06981,170.1256,1.89,stand_6,206.0659,0.0,0.06981,0.0,0.06981,Sidewalk
768.5,127.8746,4.2827,2.02458,0.0,-0.0,170.1256,1.89,stand_6,206.0575,0.0,-0.0,0.0,-0.0,Sidewalk
769.0,127.8746,4.2827,2.05949,0.0,0.06981,170.1256,1.89,stand_6,206.0659,0.0,0.06981,0.0,0.06981,Sidewalk
769.5,127.8746,4.2827,2.05949,0.0,-0.0,170.1256,1.89,stand_6,206.0575,0.0,-0.0,0.0,-0.0,Sidewalk
770.0,127.8746,4.2827,2.0944,0.0,0.06981,170.1256,1.89,stand_6,206.0659,0.0,0.06981,0.0,0.06981,Sidewalk
770.5,127.8746,4.2827,2.0944,0.0,-0.0,170.1256,1.89,stand_6,206.0575,0.0,-0.0,0.0,-0.0,Sidewalk
771.0,127.8746,4.2827,2.1293,0.0,0.06981,170.1256,1.89,stand_6,206.0659,0.0,0.06981,0.0,0.06981,Sidewalk
771.5,127.8746,4.2827,2.1293,0.0,-0.0,170.1256,1.89,stand_6,206.0575,0.0,-0.0,0.0,-0.0,Sidewalk
772.0,127.8746,4.2827,2.16421,0.0,0.06981,170.1256,1.89,stand_6,206.0659,0.0,0.06981,0.0,0.06981,Sidewalk
772.5,127.8746,4.2827,2.16421,0.0,-0.0,170.1256,1.89,stand_6,206.0575,0.0,-0.0,0.0,-0.0,Sidewalk
773.0,127.8746,4.2827,2.19911,0.0,0.06981,170.1256,1.89,stand_6,206.0659,0.0,0.06981,0.0,0.06981,Sidewalk
773.5,127.8746,4.2827,2.19911,0.0,-0.0,170.1256,1.89,stand_6,206.0575,0.0,-0.0,0.0,-0.0,Sidewalk
774.0,127.8746,4.2827,2.23402,0.0,0.06981,170.1256,1.89,stand_6,206.0659,0.0,0.06981,0.0,0.06981,Sidewalk
774.5,127.8746,4.2827,2.23402,0.0,-0.0,170.1256,1.89,stand_6,206.0575,0.0,-0.0,0.0,-0.0,Sidewalk
775.0,127.8746,4.2827,2.26893,0.0,0.06981,170.1256,1.89,stand_6,206.0659,0.0,0.06981,0.0,0.06981,Sidewalk
775.5,127.8746,4.2827,2.26893,0.0,-0.0,170.1256,1.89,stand_6,206.0575,0.0,-0.0,0.0,-0.0,Sidewalk
776.0,127.8746,4.2827,2.30383,0.0,0.06981,170.1256,1.89,stand_6,206.0659,0.0,0.06981,0.0,0.06981,Sidewalk
776.5,127.8746,4.2827,2.30383,0.0,-0.0,170.1256,1.89,stand_6,206.0575,0.0,-0.0,0.0,-0.0,Sidewalk
777.0,127.8746,4.2827,2.33874,0.0,0.06981,170.1256,1.89,stand_6,206.0659,0.0,0.06981,0.0,0.06981,Sidewalk
777.5,127.8746,4.2827,2.33874,0.0,-0.0,170.1256,1.89,stand_6,206.0575,0.0,-0.0,0.0,-0.0,Sidewalk
778.0,127.8746,4.2827,2.37365,0.0,0.06981,170.1256,1.89,stand_6,206.0659,0.0,0.06981,0.0,0.06981,Sidewalk
778.5,127.8746,4.2827,2.37365,0.0,-0.0,170.1256,1.8901,stand_6,206.0575,0.0,-0.0,0.0,-0.0,Sidewalk
779.0,127.8746,4.2827,2.40855,0.0,0.06981,170.1256,1.8901,stand_6,206.0659,0.0,0.06981,0.0,0.06981,Sidewalk
779.5,127.8746,4.2827,2.40855,0.0,-0.0,170.1256,1.8901,stand_6,206.0575,0.0,-0.0,0.0,-0.0,Sidewalk
780.0,127.8746,4.2827,2.44346,0.0,0.06981,170.1256,1.8901,stand_6,206.0659,0.0,0.06981,0.0,0.06981,Sidewalk
780.5,127.8746,4.2827,2.44346,0.0,-0.0,170.1256,1.8901,stand_6,206.0575,0.0,-0.0,0.0,-0.0,Sidewalk
781.0,127.8746,4.2827,2.47837,0.0,0.06981,170.1256,1.8901,stand_6,206.0659,0.0,0.06981,0.0,0.06981,Sidewalk
781.5,127.8746,4.2827,2.47837,0.0,-0.0,170.1256,1.8901,stand_6,206.0575,0.0,-0.0,0.0,-0.0,Sidewalk
782.0,127.8746,4.2827,2.51327,0.0,0.06981,170.1256,1.8901,stand_6,206.0659,0.0,0.06981,0.0,0.06981,Sidewalk
782.5,127.8746,4.2827,2.51327,0.0,-0.0,170.1256,1.8901,stand_6,206.0575,0.0,-0.0,0.0,-0.0,Sidewalk
783.0,127.8746,4.2827,2.54818,0.0,0.06981,170.1256,1.8901,stand_6,206.0659,0.0,0.06981,0.0,0.06981,Sidewalk
783.5,127.8746,4.2827,2.54818,0.0,-0.0,170.1256,1.8901,stand_6,206.0575,0.0,-0.0,0.0,-0.0,Sidewalk
784.0,127.8746,4.2827,2.58309,0.0,0.06981,170.1256,1.8901,stand_6,206.0659,0.0,0.06981,0.0,0.06981,Sidewalk
784.5,127.8746,4.2827,2.58309,0.0,-0.0,170.1256,1.8901,stand_6,206.0575,0.0,-0.0,0.0,-0.0,Sidewalk
785.0,127.8746,4.2827,2.61799,0.0,0.06981,170.1256,1.8901,stand_6,206.0659,0.0,0.06981,0.0,0.06981,Sidewalk
785.5,127.8746,4.2827,2.61799,0.0,-0.0,170.1256,1.8901,stand_6,206.0575,0.0,-0.0,0.0,-0.0,Sidewalk
786.0,127.8746,4.2827,2.6529,0.0,0.06981,170.1256,1.8901,stand_6,206.0659,0.0,0.06981,0.0,0.06981,Sidewalk
786.5,127.8746,4.2827,2.6529,0.0,-0.0,170.1256,1.8901,stand_6,206.0575,0.0,-0.0,0.0,-0.0,Sidewalk
787.0,127.8746,4.2827,2.68781,0.0,0.06981,170.1256,1.8901,stand_6,206.0659,0.0,0.06981,0.0,0.06981,Sidewalk
787.5,127.8746,4.2827,2.68781,0.0,-0.0,170.1256,1.8901,stand_6,206.0575,0.0,-0.0,0.0,-0.0,Sidewalk
788.0,127.8746,4.2827,2.72271,0.0,0.06981,170.1256,1.8901,stand_6,206.0659,0.0,0.06981,0.0,0.06981,Sidewalk
788.5,127.8746,4.2827,2.72271,0.0,-0.0,170.1256,1.8901,stand_6,206.0575,0.0,-0.0,0.0,-0.0,Sidewalk
789.0,127.8746,4.2827,2.75762,0.0,0.06981,170.1256,1.8901,stand_6,206.0659,0.0,0.06981,0.0,0.06981,Sidewalk
789.5,127.8746,4.2827,2.75762,0.0,-0.0,170.1256,1.8901,stand_6,206.0575,0.0,-0.0,0.0,-0.0,Sidewalk
790.0,127.8746,4.2827,2.79253,0.0,0.06981,170.1256,1.8901,stand_6,206.0658,0.0,0.06981,0.0,0.06981,Sidewalk
790.5,127.8746,4.2827,2.79253,0.0,-0.0,170.1256,1.8901,stand_6,206.0575,0.0,-0.0,0.0,-0.0,Sidewalk
791.0,127.8746,4.2827,2.82743,0.0,0.06981,170.1256,1.8901,stand_6,206.0658,0.0,0.06981,0.0,0.06981,Sidewalk
791.5,127.8746,4.2827,2.82743,0.0,-0.0,170.1256,1.8901,stand_6,206.0575,0.0,-0.0,0.0,-0.0,Sidewalk
792.0,127.8746,4.2827,2.86234,0.0,0.06981,170.1256,1.8901,stand_6,206.0658,0.0,0.06981,0.0,0.06981,Sidewalk
792.5,127.8746,4.2827,2.86234,0.0,-0.0,170.1256,1.8901,stand_6,206.0575,0.0,-0.0,0.0,-0.0,Sidewalk
793.0,127.8746,4.2827,2.89725,0.0,0.06981,170.1256,1.8901,stand_6,206.0658,0.0,0.06981,0.0,0.06981,Sidewalk
793.5,127.8746,4.2827,2.89725,0.0,-0.0,170.1256,1.8901,stand_6,206.0575,0.0,-0.0,0.0,-0.0,Sidewalk
794.0,127.8746,4.2827,2.93215,0.0,0.06981,170.1256,1.8901,stand_6,206.0658,0.0,0.06981,0.0,0.06981,Sidewalk
794.5,127.8746,4.2827,2.93215,0.0,-0.0,170.1256,1.8901,stand_6,206.0575,0.0,-0.0,0.0,-0.0,Sidewalk
795.0,127.8746,4.2827,2.96706,0.0,0.06981,170.1256,1.8901,stand_6,206.0658,0.0,0.06981,0.0,0.06981,Sidewalk
795.5,127.8746,4.2827,2.96706,0.0,-0.0,170.1256,1.8901,stand_6,206.0575,0.0,-0.0,0.0,-0.0,Sidewalk
796.0,127.8746,4.2827,3.00197,0.0,0.06981,170.1256,1.8901,stand_6,206.0658,0.0,0.06981,0.0,0.06981,Sidewalk
796.5,127.8746,4.2827,3.00197,0.0,-0.0,170.1256,1.8901,stand_6,206.0574,0.0,-0.0,0.0,-0.0,Sidewalk
797.0,127.8746,4.2827,3.03687,0.0,0.06981,170.1256,1.8901,stand_6,206.0658,0.0,0.06981,0.0,0.06981,Sidewalk
797.5,127.8746,4.2827,3.03687,0.0,-0.0,170.1256,1.8901,stand_6,206.0574,0.0,-0.0,0.0,-0.0,Sidewalk
798.0,127.8746,4.2827,3.07178,0.0,0.06981,170.1256,1.8901,stand_6,206.0658,0.0,0.06981,0.0,0.06981,Sidewalk
798.5,127.8746,4.2827,3.07178,0.0,-0.0,170.1256,1.8901,stand_6,206.0574,0.0,-0.0,0.0,-0.0,Sidewalk
799.0,127.8746,4.2827,3.10669,0.0,0.06981,170.1256,1.8901,stand_6,206.0658,0.0,0.06981,0.0,0.06981,Sidewalk
799.5,127.8746,4.2827,3.10669,0.0,-0.0,170.1256,1.8901,stand_6,206.0574,0.0,-0.0,0.0,-0.0,Sidewalk
800.0,127.8746,4.2827,3.14159,0.0,0.06981,170.1256,1.8901,stand_6,206.0658,0.0,0.06981,0.0,0.06981,Sidewalk
800.5,127.8746,4.2827,3.14159,0.0,-0.0,170.1256,1.8901,stand_6,206.0574,0.0,-0.0,0.0,-0.0,Sidewalk
801.0,127.8746,4.2827,-3.10669,0.0,0.06981,170.1256,1.8901,stand_6,206.0658,0.0,0.06981,0.0,0.06981,Sidewalk
801.5,127.8746,4.2827,-3.10669,0.0,-0.0,170.1256,1.8901,stand_6,206.0574,0.0,-0.0,0.0,-0.0,Sidewalk
802.0,127.8746,4.2827,-3.07178,0.0,0.06981,170.1256,1.8901,stand_6,206.0658,0.0,0.06981,0.0,0.06981,Sidewalk
802.5,127.8746,4.2827,-3.07178,0.0,-0.0,170.1256,1.8901,stand_6,206.0574,0.0,-0.0,0.0,-0.0,Sidewalk
803.0,127.8746,4.2827,-3.03687,0.0,0.06981,170.1256,1.8901,stand_6,206.0658,0.0,0.06981,0.0,0.06981,Sidewalk
803.5,127.8746,4.2827,-3.03687,0.0,-0.0,170.1256,1.8901,stand_6,206.0574,0.0,-0.0,0.0,-0.0,Sidewalk
804.0,127.8746,4.2827,-3.00197,0.0,0.06981,170.1256,1.8901,stand_6,206.0658,0.0,0.06981,0.0,0.06981,Sidewalk
804.5,127.8746,4.2827,-3.00197,0.0,-0.0,170.1256,1.8901,stand_6,206.0574,0.0,-0.0,0.0,-0.0,Sidewalk
805.0,127.8746,4.2827,-2.96706,0.0,0.06981,170.1256,1.8901,stand_6,206.0658,0.0,0.06981,0.0,0.06981,Sidewalk
805.5,127.8746,4.2827,-2.96706,0.0,-0.0,170.1256,1.8901,stand_6,206.0574,0.0,-0.0,0.0,-0.0,Sidewalk
806.0,127.8746,4.2827,-2.93215,0.0,0.06981,170.1256,1.8901,stand_6,206.0658,0.0,0.06981,0.0,0.06981,Sidewalk
806.5,127.8746,4.2827,-2.93215,0.0,-0.0,170.1256,1.8901,stand_6,206.0574,0.0,-0.0,0.0,-0.0,Sidewalk
807.0,127.8746,4.2827,-2.89725,0.0,0.06981,170.1256,1.8901,stand_6,206.0658,0.0,0.06981,0.0,0.06981,Sidewalk
807.5,127.8746,4.2827,-2.89725,0.0,-0.0,170.1256,1.8901,stand_6,206.0574,0.0,-0.0,0.0,-0.0,Sidewalk
808.0,127.8746,4.2827,-2.86234,0.0,0.06981,170.1256,1.8901,stand_6,206.0658,0.0,0.06981,0.0,0.06981,Sidewalk
808.5,127.8746,4.2827,-2.86234,0.0,-0.0,170.1256,1.8901,stand_6,206.0574,0.0,-0.0,0.0,-0.0,Sidewalk
809.0,127.8746,4.2827,-2.82743,0.0,0.06981,170.1256,1.8901,stand_6,206.0658,0.0,0.06981,0.0,0.06981,Sidewalk
809.5,127.8746,4.2827,-2.82743,0.0,-0.0,170.1256,1.8901,stand_6,206.0574,0.0,-0.0,0.0,-0.0,Sidewalk
810.0,127.8746,4.2827,-2.79253,0.0,0.06981,170.1256,1.8901,stand_6,206.0658,0.0,0.06981,0.0,0.06981,Sidewalk
810.5,127.8746,4.2827,-2.79253,0.0,-0.0,170.1256,1.8901,stand_6,206.0574,0.0,-0.0,0.0,-0.0,Sidewalk
811.0,127.8746,4.2827,-2.75762,0.0,0.06981,170.1256,1.8901,stand_6,206.0658,0.0,0.06981,0.0,0.06981,Sidewalk
811.5,127.8746,4.2827,-2.75762,0.0,-0.0,170.1256,1.8901,stand_6,206.0574,0.0,-0.0,0.0,-0.0,Sidewalk
812.0,127.8746,4.2827,-2.72271,0.0,0.06981,170.1256,1.8902,stand_6,206.0658,0.0,0.06981,0.0,0.06981,Sidewalk
812.5,127.8746,4.2827,-2.72271,0.0,-0.0,170.1256,1.8902,stand_6,206.0574,0.0,-0.0,0.0,-0.0,Sidewalk
813.0,127.8746,4.2827,-2.68781,0.0,0.06981,170.1256,1.8902,stand_6,206.0658,0.0,0.06981,0.0,0.06981,Sidewalk
813.5,127.8746,4.2827,-2.68781,0.0,-0.0,170.1256,1.8902,stand_6,206.0574,0.0,-0.0,0.0,-0.0,Sidewalk
814.0,127.8746,4.2827,-2.6529,0.0,0.06981,170.1256,1.8902,stand_6,206.0658,0.0,0.06981,0.0,0.06981,Sidewalk
814.5,127.8746,4.2827,-2.6529,0.0,-0.0,170.1256,1.8902,stand_6,206.0574,0.0,-0.0,0.0,-0.0,Sidewalk
815.0,127.8746,4.2827,-2.61799,0.0,0.06981,170.1256,1.8902,stand_6,206.0658,0.0,0.06981,0.0,0.06981,Sidewalk
815.5,127.8746,4.2827,-2.61799,0.0,-0.0,170.1256,1.8902,stand_6,206.0574,0.0,-0.0,0.0,-0.0,Sidewalk
816.0,127.8746,4.2827,-2.58309,0.0,0.06981,170.1256,1.8902,stand_6,206.0658,0.0,0.06981,0.0,0.06981,Sidewalk
816.5,127.8746,4.2827,-2.58309,0.0,-0.0,170.1256,1.8902,stand_6,206.0574,0.0,-0.0,0.0,-0.0,Sidewalk
817.0,127.8746,4.2827,-2.54818,0.0,0.06981,170.1256,1.8902,stand_6,206.0658,0.0,0.06981,0.0,0.06981,Sidewalk
817.5,127.8746,4.2827,-2.54818,0.0,-0.0,170.1256,1.8902,stand_6,206.0574,0.0,-0.0,0.0,-0.0,Sidewalk
818.0,127.8746,4.2827,-2.51327,0.0,0.06981,170.1256,1.8902,stand_6,206.0658,0.0,0.06981,0.0,0.06981,Sidewalk
818.5,127.8746,4.2827,-2.51327,0.0,-0.0,170.1256,1.8902,stand_6,206.0574,0.0,-0.0,0.0,-0.0,Sidewalk
819.0,127.8746,4.2827,-2.47837,0.0,0.06981,170.1256,1.8902,stand_6,206.0658,0.0,0.06981,0.0,0.06981,Sidewalk
819.5,127.8746,4.2827,-2.47837,0.0,-0.0,170.1256,1.8902,stand_6,206.0574,0.0,-0.0,0.0,-0.0,Sidewalk
820.0,127.8746,4.2827,-2.44346,0.0,0.06981,170.1256,1.8902,stand_6,206.0657,0.0,0.06981,0.0,0.06981,Sidewalk
820.5,127.8746,4.2827,-2.44346,0.0,-0.0,170.1256,1.8902,stand_6,206.0574,0.0,-0.0,0.0,-0.0,Sidewalk
821.0,127.8746,4.2827,-2.40855,0.0,0.06981,170.1256,1.8902,stand_6,206.0657,0.0,0.06981,0.0,0.06981,Sidewalk
821.5,127.8746,4.2827,-2.40855,0.0,-0.0,170.1256,1.8902,stand_6,206.0574,0.0,-0.0,0.0,-0.0,Sidewalk
822.0,127.8746,4.2827,-2.37365,0.0,0.06981,170.1256,1.8902,stand_6,206.0657,0.0,0.06981,0.0,0.06981,Sidewalk
822.5,127.8746,4.2827,-2.37365,0.0,-0.0,170.1256,1.8902,stand_6,206.0574,0.0,-0.0,0.0,-0.0,Sidewalk
823.0,127.8746,4.2827,-2.33874,0.0,0.06981,170.1256,1.8902,stand_6,206.0657,0.0,0.06981,0.0,0.06981,Sidewalk
823.5,127.8746,4.2827,-2.33874,0.0,-0.0,170.1256,1.8902,stand_6,206.0574,0.0,-0.0,0.0,-0.0,Sidewalk
824.0,127.8746,4.2827,-2.30383,0.0,0.06981,170.1256,1.8902,stand_6,206.0657,0.0,0.06981,0.0,0.06981,Sidewalk
824.5,127.8746,4.2827,-2.30383,0.0,-0.0,170.1256,1.8902,stand_6,206.0574,0.0,-0.0,0.0,-0.0,Sidewalk
825.0,127.8746,4.2827,-2.26893,0.0,0.06981,170.1256,1.8902,stand_6,206.0657,0.0,0.06981,0.0,0.06981,Sidewalk
825.5,127.8746,4.2827,-2.26893,0.0,-0.0,170.1256,1.8902,stand_6,206.0574,0.0,-0.0,0.0,-0.0,Sidewalk
826.0,127.8746,4.2827,-2.23402,0.0,0.06981,170.1256,1.8902,stand_6,206.0657,0.0,0.06981,0.0,0.06981,Sidewalk
826.5,127.8746,4.2827,-2.23402,0.0,-0.0,170.1256,1.8902,stand_6,206.0574,0.0,-0.0,0.0,-0.0,Sidewalk
827.0,127.8746,4.2827,-2.19911,0.0,0.06981,170.1256,1.8902,stand_6,206.0657,0.0,0.06981,0.0,0.06981,Sidewalk
827.5,127.8746,4.2827,-2.19911,0.0,-0.0,170.1256,1.8902,stand_6,206.0574,0.0,-0.0,0.0,-0.0,Sidewalk
828.0,127.8746,4.2827,-2.16421,0.0,0.06981,170.1256,1.8902,stand_6,206.0657,0.0,0.06981,0.0,0.06981,Sidewalk
828.5,127.8746,4.2827,-2.16421,0.0,-0.0,170.1256,1.8902,stand_6,206.0573,0.0,-0.0,0.0,-0.0,Sidewalk
829.0,127.8746,4.2827,-2.1293,0.0,0.06981,170.1256,1.8902,stand_6,206.0657,0.0,0.06981,0.0,0.06981,Sidewalk
829.5,127.8746,4.2827,-2.1293,0.0,-0.0,170.1256,1.8902,stand_6,206.0573,0.0,-0.0,0.0,-0.0,Sidewalk
830.0,127.8746,4.2827,-2.0944,0.0,0.06981,170.1256,1.8902,stand_6,206.0657,0.0,0.06981,0.0,0.06981,Sidewalk
830.5,127.8746,4.2827,-2.0944,0.0,-0.0,170.1256,1.8902,stand_6,206.0573,0.0,-0.0,0.0,-0.0,Sidewalk
831.0,127.8746,4.2827,-2.05949,0.0,0.06981,170.1256,1.8902,stand_6,206.0657,0.0,0.06981,0.0,0.06981,Sidewalk
831.5,127.8746,4.2827,-2.05949,0.0,-0.0,170.1256,1.8902,stand_6,206.0573,0.0,-0.0,0.0,-0.0,Sidewalk
832.0,127.8746,4.2827,-2.02458,0.0,0.06981,170.1256,1.8902,stand_6,206.0657,0.0,0.06981,0.0,0.06981,Sidewalk
832.5,127.8746,4.2827,-2.02458,0.0,-0.0,170.1256,1.8902,stand_6,206.0573,0.0,-0.0,0.0,-0.0,Sidewalk
833.0,127.8746,4.2827,-1.98968,0.0,0.06981,170.1256,1.8902,stand_6,206.0657,0.0,0.06981,0.0,0.06981,Sidewalk
833.5,127.8746,4.2827,-1.98968,0.0,-0.0,170.1256,1.8902,stand_6,206.0573,0.0,-0.0,0.0,-0.0,Sidewalk
834.0,127.8746,4.2827,-1.95477,0.0,0.06981,170.1256,1.8902,stand_6,206.0657,0.0,0.06981,0.0,0.06981,Sidewalk
834.5,127.8746,4.2827,-1.95477,0.0,-0.0,170.1256,1.8902,stand_6,206.0573,0.0,-0.0,0.0,-0.0,Sidewalk
835.0,127.8746,4.2827,-1.91986,0.0,0.06981,170.1256,1.8902,stand_6,206.0657,0.0,0.06981,0.0,0.06981,Sidewalk
835.5,127.8746,4.2827,-1.91986,0.0,-0.0,170.1256,1.8902,stand_6,206.0573,0.0,-0.0,0.0,-0.0,Sidewalk
836.0,127.8746,4.2827,-1.88496,0.0,0.06981,170.1256,1.8902,stand_6,206.0657,0.0,0.06981,0.0,0.06981,Sidewalk
836.5,127.8746,4.2827,-1.88496,0.0,-0.0,170.1256,1.8902,stand_6,206.0573,0.0,-0.0,0.0,-0.0,Sidewalk
837.0,127.8746,4.2827,-1.85005,0.0,0.06981,170.1256,1.8902,stand_6,206.0657,0.0,0.06981,0.0,0.06981,Sidewalk
837.5,127.8746,4.2827,-1.85005,0.0,-0.0,170.1256,1.8902,stand_6,206.0573,0.0,-0.0,0.0,-0.0,Sidewalk
838.0,127.8746,4.2827,-1.81514,0.0,0.06981,170.1256,1.8902,stand_6,206.0657,0.0,0.06981,0.0,0.06981,Sidewalk
838.5,127.8746,4.2827,-1.81514,0.0,-0.0,170.1256,1.8902,stand_6,206.0573,0.0,-0.0,0.0,-0.0,Sidewalk
839.0,127.8746,4.2827,-1.78024,0.0,0.06981,170.1256,1.8902,stand_6,206.0657,0.0,0.06981,0.0,0.06981,Sidewalk
839.5,127.8746,4.2827,-1.78024,0.0,-0.0,170.1256,1.8902,stand_6,206.0573,0.0,-0.0,0.0,-0.0,Sidewalk
840.0,127.8746,4.2827,-1.74533,0.0,0.06981,170.1256,1.8902,stand_6,206.0657,0.0,0.06981,0.0,0.06981,Sidewalk
840.5,127.8746,4.2827,-1.74533,0.0,-0.0,170.1256,1.8902,stand_6,206.0573,0.0,-0.0,0.0,-0.0,Sidewalk
841.0,127.8746,4.2827,-1.71042,0.0,0.06981,170.1256,1.8902,stand_6,206.0657,0.0,0.06981,0.0,0.06981,Sidewalk
841.5,127.8746,4.2827,-1.71042,0.0,-0.0,170.1256,1.8902,stand_6,206.0573,0.0,-0.0,0.0,-0.0,Sidewalk
842.0,127.8746,4.2827,-1.67552,0.0,0.06981,170.1256,1.8902,stand_6,206.0657,0.0,0.06981,0.0,0.06981,Sidewalk
842.5,127.8746,4.2827,-1.67552,0.0,-0.0,170.1256,1.8902,stand_6,206.0573,0.0,-0.0,0.0,-0.0,Sidewalk
843.0,127.8746,4.2827,-1.64061,0.0,0.06981,170.1256,1.8902,stand_6,206.0657,0.0,0.06981,0.0,0.06981,Sidewalk
843.5,127.8746,4.2827,-1.64061,0.0,-0.0,170.1256,1.8902,stand_6,206.0573,0.0,-0.0,0.0,-0.0,Sidewalk
844.0,127.8746,4.2827,-1.6057,0.0,0.06981,170.1256,1.8902,stand_6,206.0657,0.0,0.06981,0.0,0.06981,Sidewalk
844.5,127.8746,4.2827,-1.6057,0.0,-0.0,170.1256,1.8902,stand_6,206.0573,0.0,-0.0,0.0,-0.0,Sidewalk
845.0,127.8746,4.2827,-1.5708,0.0,0.06981,170.1256,1.8902,stand_6,206.0657,0.0,0.06981,0.0,0.06981,Sidewalk
845.5,127.8746,4.2827,-1.5708,0.0,-0.0,170.1256,1.8902,stand_6,206.0573,0.0,-0.0,0.0,-0.0,Sidewalk
846.0,127.8746,4.2827,-1.53589,0.0,0.06981,170.1256,1.8902,stand_6,206.0657,0.0,0.06981,0.0,0.06981,Sidewalk
846.5,127.8746,4.2827,-1.53589,0.0,-0.0,170.1256,1.8902,stand_6,206.0573,0.0,-0.0,0.0,-0.0,Sidewalk
847.0,127.8746,4.2827,-1.50098,0.0,0.06981,170.1256,1.8902,stand_6,206.0657,0.0,0.06981,0.0,0.06981,Sidewalk
847.5,127.8746,4.2827,-1.50098,0.0,-0.0,170.1256,1.8903,stand_6,206.0573,0.0,-0.0,0.0,-0.0,Sidewalk
848.0,127.8746,4.2827,-1.46608,0.0,0.06981,170.1256,1.8903,stand_6,206.0657,0.0,0.06981,0.0,0.06981,Sidewalk
848.5,127.8746,4.2827,-1.46608,0.0,-0.0,170.1256,1.8903,stand_6,206.0573,0.0,-0.0,0.0,-0.0,Sidewalk
849.0,127.8746,4.2827,-1.43117,0.0,0.06981,170.1256,1.8903,stand_6,206.0657,0.0,0.06981,0.0,0.06981,Sidewalk
849.5,127.8746,4.2827,-1.43117,0.0,-0.0,170.1256,1.8903,stand_6,206.0573,0.0,-0.0,0.0,-0.0,Sidewalk
850.0,127.8746,4.2827,-1.39626,0.0,0.06981,170.1256,1.8903,stand_6,206.0657,0.0,0.06981,0.0,0.06981,Sidewalk
850.5,127.8746,4.2827,-1.39626,0.0,-0.0,170.1256,1.8903,stand_6,206.0573,0.0,-0.0,0.0,-0.0,Sidewalk
851.0,127.8746,4.2827,-1.36136,0.0,0.06981,170.1256,1.8903,stand_6,206.0657,0.0,0.06981,0.0,0.06981,Sidewalk
851.5,127.8746,4.2827,-1.36136,0.0,-0.0,170.1256,1.8903,stand_6,206.0573,0.0,-0.0,0.0,-0.0,Sidewalk
852.0,127.8746,4.2827,-1.32645,0.0,0.06981,170.1256,1.8903,stand_6,206.0656,0.0,0.06981,0.0,0.06981,Sidewalk
852.5,127.8746,4.2827,-1.32645,0.0,-0.0,170.1256,1.8903,stand_6,206.0573,0.0,-0.0,0.0,-0.0,Sidewalk
853.0,127.8746,4.2827,-1.29154,0.0,0.06981,170.1256,1.8903,stand_6,206.0656,0.0,0.06981,0.0,0.06981,Sidewalk
853.5,127.8746,4.2827,-1.29154,0.0,-0.0,170.1256,1.8903,stand_6,206.0573,0.0,-0.0,0.0,-0.0,Sidewalk
854.0,127.8746,4.2827,-1.25664,0.0,0.06981,170.1256,1.8903,stand_6,206.0656,0.0,0.06981,0.0,0.06981,Sidewalk
854.5,127.8746,4.2827,-1.25664,0.0,-0.0,170.1256,1.8903,stand_6,206.0573,0.0,-0.0,0.0,-0.0,Sidewalk
855.0,127.8746,4.2827,-1.22173,0.0,0.06981,170.1256,1.8903,stand_6,206.0656,0.0,0.06981,0.0,0.06981,Sidewalk
855.5,127.8746,4.2827,-1.22173,0.0,-0.0,170.1256,1.8903,stand_6,206.0573,0.0,-0.0,0.0,-0.0,Sidewalk
856.0,127.8746,4.2827,-1.18682,0.0,0.06981,170.1256,1.8903,stand_6,206.0656,0.0,0.06981,0.0,0.06981,Sidewalk
856.5,127.8746,4.2827,-1.18682,0.0,-0.0,170.1256,1.8903,stand_6,206.0573,0.0,-0.0,0.0,-0.0,Sidewalk
857.0,127.8746,4.2827,-1.15192,0.0,0.06981,170.1256,1.8903,stand_6,206.0656,0.0,0.06981,0.0,0.06981,Sidewalk
857.5,127.8746,4.2827,-1.15192,0.0,-0.0,170.1256,1.8903,stand_6,206.0573,0.0,-0.0,0.0,-0.0,Sidewalk
858.0,127.8746,4.2827,-1.11701,0.0,0.06981,170.1256,1.8903,stand_6,206.0656,0.0,0.06981,0.0,0.06981,Sidewalk
858.5,127.8746,4.2827,-1.11701,0.0,-0.0,170.1256,1.8903,stand_6,206.0573,0.0,-0.0,0.0,-0.0,Sidewalk
859.0,127.8746,4.2827,-1.0821,0.0,0.06981,170.1256,1.8903,stand_6,206.0656,0.0,0.06981,0.0,0.06981,Sidewalk
859.5,127.8746,4.2827,-1.0821,0.0,-0.0,170.1256,1.8903,stand_6,206.0572,0.0,-0.0,0.0,-0.0,Sidewalk
860.0,127.8746,4.2827,-1.0472,0.0,0.06981,170.1256,1.8903,stand_6,206.0656,0.0,0.06981,0.0,0.06981,Sidewalk
860.5,127.8746,4.2827,-1.0472,0.0,-0.0,170.1256,1.8903,stand_6,206.0572,0.0,-0.0,0.0,-0.0,Sidewalk
861.0,127.8746,4.2827,-1.01229,0.0,0.06981,170.1256,1.8903,stand_6,206.0656,0.0,0.06981,0.0,0.06981,Sidewalk
861.5,127.8746,4.2827,-1.01229,0.0,-0.0,170.1256,1.8903,stand_6,206.0572,0.0,-0.0,0.0,-0.0,Sidewalk
862.0,127.8746,4.2827,-0.97738,0.0,0.06981,170.1256,1.8903,stand_6,206.0656,0.0,0.06981,0.0,0.06981,Sidewalk
862.5,127.8746,4.2827,-0.97738,0.0,-0.0,170.1256,1.8903,stand_6,206.0572,0.0,-0.0,0.0,-0.0,Sidewalk
863.0,127.8746,4.2827,-0.94248,0.0,0.06981,170.1256,1.8903,stand_6,206.0656,0.0,0.06981,0.0,0.06981,Sidewalk
863.5,127.8746,4.2827,-0.94248,0.0,-0.0,170.1256,1.8903,stand_6,206.0572,0.0,-0.0,0.0,-0.0,Sidewalk
864.0,127.8746,4.2827,-0.90757,0.0,0.06981,170.1256,1.8903,stand_6,206.0656,0.0,0.06981,0.0,0.06981,Sidewalk
864.5,127.8746,4.2827,-0.90757,0.0,-0.0,170.1256,1.8903,stand_6,206.0572,0.0,-0.0,0.0,-0.0,Sidewalk
865.0,127.8746,4.2827,-0.87266,0.0,0.06981,170.1256,1.8903,stand_6,206.0656,0.0,0.06981,0.0,0.06981,Sidewalk
865.5,127.8746,4.2827,-0.87266,0.0,-0.0,170.1256,1.8903,stand_6,206.0572,0.0,-0.0,0.0,-0.0,Sidewalk
866.0,127.8746,4.2827,-0.83776,0.0,0.06981,170.1256,1.8903,stand_6,206.0656,0.0,0.06981,0.0,0.06981,Sidewalk
866.5,127.8746,4.2827,-0.83776,0.0,-0.0,170.1256,1.8903,stand_6,206.0572,0.0,-0.0,0.0,-0.0,Sidewalk
867.0,127.8746,4.2827,-0.80285,0.0,0.06981,170.1256,1.8903,stand_6,206.0656,0.0,0.06981,0.0,0.06981,Sidewalk
867.5,127.8746,4.2827,-0.80285,0.0,-0.0,170.1256,1.8903,stand_6,206.0572,0.0,-0.0,0.0,-0.0,Sidewalk
868.0,127.8746,4.2827,-0.76794,0.0,0.06981,170.1256,1.8903,stand_6,206.0656,0.0,0.06981,0.0,0.06981,Sidewalk
868.5,127.8746,4.2827,-0.76794,0.0,-0.0,170.1256,1.8903,stand_6,206.0572,0.0,-0.0,0.0,-0.0,Sidewalk
869.0,127.8746,4.2827,-0.73304,0.0,0.06981,170.1256,1.8903,stand_6,206.0656,0.0,0.06981,0.0,0.06981,Sidewalk
869.5,127.8746,4.2827,-0.73304,0.0,-0.0,170.1256,1.8903,stand_6,206.0572,0.0,-0.0,0.0,-0.0,Sidewalk
870.0,127.8746,4.2827,-0.69813,0.0,0.06981,170.1256,1.8903,stand_6,206.0656,0.0,0.06981,0.0,0.06981,Sidewalk
870.5,127.8746,4.2827,-0.69813,0.0,-0.0,170.1256,1.8903,stand_6,206.0572,0.0,-0.0,0.0,-0.0,Sidewalk
871.0,127.8746,4.2827,-0.66323,0.0,0.06981,170.1256,1.8903,stand_6,206.0656,0.0,0.06981,0.0,0.06981,Sidewalk
871.5,127.8746,4.2827,-0.66323,0.0,-0.0,170.1256,1.8903,stand_6,206.0572,0.0,-0.0,0.0,-0.0,Sidewalk
872.0,127.8746,4.2827,-0.62832,0.0,0.06981,170.1256,1.8903,stand_6,206.0656,0.0,0.06981,0.0,0.06981,Sidewalk
872.5,127.8746,4.2827,-0.62832,0.0,-0.0,170.1256,1.8903,stand_6,206.0572,0.0,-0.0,0.0,-0.0,Sidewalk
873.0,127.8746,4.2827,-0.59341,0.0,0.06981,170.1256,1.8903,stand_6,206.0656,0.0,0.06981,0.0,0.06981,Sidewalk
873.5,127.8746,4.2827,-0.59341,0.0,-0.0,170.1256,1.8903,stand_6,206.0572,0.0,-0.0,0.0,-0.0,Sidewalk
874.0,127.8746,4.2827,-0.55851,0.0,0.06981,170.1256,1.8903,stand_6,206.0656,0.0,0.06981,0.0,0.06981,Sidewalk
874.5,127.8746,4.2827,-0.55851,0.0,-0.0,170.1256,1.8903,stand_6,206.0572,0.0,-0.0,0.0,-0.0,Sidewalk
875.0,127.8746,4.2827,-0.5236,0.0,0.06981,170.1256,1.8903,stand_6,206.0656,0.0,0.06981,0.0,0.06981,Sidewalk
875.5,127.8746,4.2827,-0.5236,0.0,-0.0,170.1256,1.8903,stand_6,206.0572,0.0,-0.0,0.0,-0.0,Sidewalk
876.0,127.8746,4.2827,-0.48869,0.0,0.06981,170.1256,1.8903,stand_6,206.0656,0.0,0.06981,0.0,0.06981,Sidewalk
876.5,127.8746,4.2827,-0.48869,0.0,-0.0,170.1256,1.8903,stand_6,206.0572,0.0,-0.0,0.0,-0.0,Sidewalk
877.0,127.8746,4.2827,-0.45379,0.0,0.06981,170.1256,1.8903,stand_6,206.0656,0.0,0.06981,0.0,0.06981,Sidewalk
877.5,127.8746,4.2827,-0.45379,0.0,-0.0,170.1256,1.8903,stand_6,206.0572,0.0,-0.0,0.0,-0.0,Sidewalk
878.0,127.8746,4.2827,-0.41888,0.0,0.06981,170.1256,1.8903,stand_6,206.0656,0.0,0.06981,0.0,0.06981,Sidewalk
878.5,127.8746,4.2827,-0.41888,0.0,-0.0,170.1256,1.8903,stand_6,206.0572,0.0,-0.0,0.0,-0.0,Sidewalk
879.0,127.8746,4.2827,-0.38397,0.0,0.06981,170.1256,1.8903,stand_6,206.0656,0.0,0.06981,0.0,0.06981,Sidewalk
879.5,127.8746,4.2827,-0.38397,0.0,-0.0,170.1256,1.8903,stand_6,206.0572,0.0,-0.0,0.0,-0.0,Sidewalk
880.0,127.8746,4.2827,-0.34907,0.0,0.06981,170.1256,1.8903,stand_6,206.0656,0.0,0.06981,0.0,0.06981,Sidewalk
880.5,127.8746,4.2827,-0.34907,0.0,-0.0,170.1256,1.8903,stand_6,206.0572,0.0,-0.0,0.0,-0.0,Sidewalk
881.0,127.8746,4.2827,-0.31416,0.0,0.06981,170.1256,1.8903,stand_6,206.0656,0.0,0.06981,0.0,0.06981,Sidewalk
881.5,127.8746,4.2827,-0.31416,0.0,-0.0,170.1256,1.8903,stand_6,206.0572,0.0,-0.0,0.0,-0.0,Sidewalk
882.0,127.8746,4.2827,-0.27925,0.0,0.06981,170.1256,1.8904,stand_6,206.0656,0.0,0.06981,0.0,0.06981,Sidewalk
882.5,127.8746,4.2827,-0.27925,0.0,-0.0,170.1256,1.8904,stand_6,206.0572,0.0,-0.0,0.0,-0.0,Sidewalk
883.0,127.8746,4.2827,-0.24435,0.0,0.06981,170.1256,1.8904,stand_6,206.0655,0.0,0.06981,0.0,0.06981,Sidewalk
883.5,127.8746,4.2827,-0.24435,0.0,-0.0,170.1256,1.8904,stand_6,206.0572,0.0,-0.0,0.0,-0.0,Sidewalk
884.0,127.8746,4.2827,-0.20944,0.0,0.06981,170.1256,1.8904,stand_6,206.0655,0.0,0.06981,0.0,0.06981,Sidewalk
884.5,127.8746,4.2827,-0.20944,0.0,-0.0,170.1256,1.8904,stand_6,206.0572,0.0,-0.0,0.0,-0.0,Sidewalk
885.0,127.8746,4.2827,-0.17453,0.0,0.06981,170.1256,1.8904,stand_6,206.0655,0.0,0.06981,0.0,0.06981,Sidewalk
885.5,127.8746,4.2827,-0.17453,0.0,-0.0,170.1256,1.8904,stand_6,206.0572,0.0,-0.0,0.0,-0.0,Sidewalk
886.0,127.8746,4.2827,-0.13963,0.0,0.06981,170.1256,1.8904,stand_6,206.0655,0.0,0.06981,0.0,0.06981,Sidewalk
886.5,127.8746,4.2827,-0.13963,0.0,-0.0,170.1256,1.8904,stand_6,206.0572,0.0,-0.0,0.0,-0.0,Sidewalk
887.0,127.8746,4.2827,-0.10472,0.0,0.06981,170.1256,1.8904,stand_6,206.0655,0.0,0.06981,0.0,0.06981,Sidewalk
887.5,127.8746,4.2827,-0.10472,0.0,-0.0,170.1256,1.8904,stand_6,206.0572,0.0,-0.0,0.0,-0.0,Sidewalk
888.0,127.8746,4.2827,-0.06981,0.0,0.06981,170.1256,1.8904,stand_6,206.0655,0.0,0.06981,0.0,0.06981,Sidewalk
888.5,127.8746,4.2827,-0.06981,0.0,-0.0,170.1256,1.8904,stand_6,206.0572,0.0,-0.0,0.0,-0.0,Sidewalk
889.0,127.8746,4.2827,-0.03491,0.0,0.06981,170.1256,1.8904,stand_6,206.0655,0.0,0.06981,0.0,0.06981,Sidewalk
889.5,127.8746,4.2827,-0.03491,0.0,-0.0,170.1256,1.8904,stand_6,206.0571,0.0,-0.0,0.0,-0.0,Sidewalk
890.0,127.8746,4.2827,-0.0,0.0,0.06981,170.1256,1.8904,stand_6,206.0655,0.0,0.06981,0.0,0.06981,Sidewalk
890.5,127.8746,4.2827,-0.0,0.0,-0.0,170.1256,1.8904,stand_6,206.0571,0.0,-0.0,0.0,-0.0,Sidewalk
891.0,127.8746,4.2827,0.03491,0.0,0.06981,170.1256,1.8904,stand_6,206.0655,0.0,0.06981,0.0,0.06981,Sidewalk
891.5,127.8746,4.2827,0.03491,0.0,-0.0,170.1256,1.8904,stand_6,206.0571,0.0,-0.0,0.0,-0.0,Sidewalk
892.0,127.8746,4.2827,0.06981,0.0,0.06981,170.1256,1.8904,stand_6,206.0655,0.0,0.06981,0.0,0.06981,Sidewalk
892.5,127.8746,4.2827,0.06981,0.0,-0.0,170.1256,1.8904,stand_6,206.0571,0.0,-0.0,0.0,-0.0,Sidewalk
893.0,127.8746,4.2827,0.10472,0.0,0.06981,170.1256,1.8904,stand_6,206.0655,0.0,0.06981,0.0,0.06981,Sidewalk
893.5,127.8746,4.2827,0.10472,0.0,-0.0,170.1256,1.8904,stand_6,206.0571,0.0,-0.0,0.0,-0.0,Sidewalk
894.0,127.8746,4.2827,0.13963,0.0,0.06981,170.1256,1.8904,stand_6,206.0655,0.0,0.06981,0.0,0.06981,Sidewalk
894.5,127.8746,4.2827,0.13963,0.0,-0.0,170.1256,1.8904,stand_6,206.0571,0.0,-0.0,0.0,-0.0,Sidewalk
895.0,127.8746,4.2827,0.17453,0.0,0.06981,170.1256,1.8904,stand_6,206.0655,0.0,0.06981,0.0,0.06981,Sidewalk
895.5,127.8746,4.2827,0.17453,0.0,-0.0,170.1256,1.8904,stand_6,206.0571,0.0,-0.0,0.0,-0.0,Sidewalk
896.0,127.8746,4.2827,0.20944,0.0,0.06981,170.1256,1.8904,stand_6,206.0655,0.0,0.06981,0.0,0.06981,Sidewalk
896.5,127.8746,4.2827,0.20944,0.0,-0.0,170.1256,1.8904,stand_6,206.0571,0.0,-0.0,0.0,-0.0,Sidewalk
897.0,127.8746,4.2827,0.24435,0.0,0.06981,170.1256,1.8904,stand_6,206.0655,0.0,0.06981,0.0,0.06981,Sidewalk
897.5,127.8746,4.2827,0.24435,0.0,-0.0,170.1256,1.8904,stand_6,206.0571,0.0,-0.0,0.0,-0.0,Sidewalk
898.0,127.8746,4.2827,0.27925,0.0,0.06981,170.1256,1.8904,stand_6,206.0655,0.0,0.06981,0.0,0.06981,Sidewalk
898.5,127.8746,4.2827,0.27925,0.0,-0.0,170.1256,1.8904,stand_6,206.0571,0.0,-0.0,0.0,-0.0,Sidewalk
899.0,127.8746,4.2827,0.31416,0.0,0.06981,170.1256,1.8904,stand_6,206.0655,0.0,0.06981,0.0,0.06981,Sidewalk
899.5,127.8746,4.2827,0.31416,0.0,-0.0,170.1256,1.8904,stand_6,206.0571,0.0,-0.0,0.0,-0.0,Sidewalk
900.0,127.8746,4.2827,0.34907,0.0,0.06981,170.1256,1.8904,stand_6,206.0655,0.0,0.06981,0.0,0.06981,Sidewalk
900.5,127.8746,4.2827,0.34907,0.0,-0.0,170.1256,1.8904,stand_6,206.0571,0.0,-0.0,0.0,-0.0,Sidewalk
