time,x,y,yaw,v,w,goal_distance,min_person_dist,closest_person,total_cost,action_linear_x,action_angular_z,observation_state_linear_x,observation_state_angular_z,observation_state_road_type
0.5,2.1499,3.9948,-0.03491,0.3,-0.06981,295.8501,2.8502,walk_east_mid.0,590.7342,0.3,-0.06981,0.3,-0.06981,Sidewalk
1.0,2.4492,3.9738,-0.06981,0.6,-0.06981,295.5508,3.0622,walk_east_up.0,588.4411,0.6,-0.06981,0.6,-0.06981,Sidewalk
1.5,2.847,3.932,-0.10472,0.8,-0.06981,295.153,3.1362,walk_east_up.0,586.9765,0.8,-0.06981,0.8,-0.06981,Sidewalk
2.0,3.2759,3.902,-0.06981,0.86,0.06981,294.7241,3.1501,walk_east_up.0,585.872,0.86,0.06981,0.86,0.06981,Sidewalk
2.5,3.7049,3.872,-0.06981,0.86,-0.0,294.2951,3.2143,walk_east_up.0,584.7604,0.86,-0.0,0.86,-0.0,Sidewalk
3.0,4.1325,3.8271,-0.10472,0.86,-0.06981,293.8675,3.2229,walk_east_up.0,583.9255,0.86,-0.06981,0.86,-0.06981,Sidewalk
3.5,4.6313,3.7922,-0.06981,1.0,0.06981,293.3688,3.1754,walk_east_up.0,582.5397,1.0,0.06981,1.0,0.06981,Sidewalk
4.0,5.0702,3.7615,-0.06981,0.88,-0.0,292.9299,3.1908,walk_east_up.0,581.7639,0.88,-0.0,0.88,-0.0,Sidewalk
4.5,5.5377,3.7124,-0.10472,0.94,-0.06981,292.4625,3.2357,walk_east_up.0,580.6738,0.94,-0.06981,0.94,-0.06981,Sidewalk
5.0,6.0265,3.6782,-0.06981,0.98,0.06981,291.9737,3.1838,walk_east_up.0,579.4833,0.98,0.06981,0.98,0.06981,Sidewalk
5.5,6.4754,3.6468,-0.06981,0.9,-0.0,291.5248,3.2319,walk_east_up.0,578.8243,0.9,-0.0,0.9,-0.0,Sidewalk
6.0,6.9751,3.6294,-0.03491,1.0,0.06981,291.0252,3.2155,walk_east_up.0,577.613,1.0,0.06981,1.0,0.06981,Sidewalk
6.5,7.4548,3.6126,-0.03491,0.96,-0.0,290.5455,3.1776,walk_east_up.0,576.5441,0.96,-0.0,0.96,-0.0,Sidewalk
7.0,7.9336,3.5791,-0.06981,0.96,-0.06981,290.0667,3.2057,walk_east_up.0,575.4375,0.96,-0.06981,0.96,-0.06981,Sidewalk
7.5,8.4333,3.5617,-0.03491,1.0,0.06981,289.567,3.1387,walk_east_up.0,574.4817,1.0,0.06981,1.0,0.06981,Sidewalk
8.0,8.933,3.5442,-0.03491,1.0,-0.0,289.0674,3.1319,walk_east_up.0,573.2393,1.0,-0.0,1.0,-0.0,Sidewalk
8.5,9.433,3.5442,0.0,1.0,0.06981,288.5674,3.0443,walk_east_up.0,572.7467,1.0,0.06981,1.0,0.06981,Sidewalk
9.0,9.933,3.5442,0.0,1.0,-0.0,288.0674,2.9872,walk_east_up.0,571.1183,1.0,-0.0,1.0,-0.0,Sidewalk
9.5,10.4327,3.5268,-0.03491,1.0,-0.06981,287.5677,2.9747,walk_east_up.0,570.1421,1.0,-0.06981,1.0,-0.06981,Sidewalk
10.0,10.9327,3.5268,0.0,1.0,0.06981,287.0677,2.8983,walk_east_up.0,569.5333,1.0,0.06981,1.0,0.06981,Sidewalk
10.5,11.4327,3.5268,0.0,1.0,-0.0,286.5677,2.8671,walk_east_up.0,568.0366,1.0,-0.0,1.0,-0.0,Sidewalk
11.0,11.9324,3.5093,-0.03491,1.0,-0.06981,286.068,2.8396,walk_east_up.0,567.0575,1.0,-0.06981,1.0,-0.06981,Sidewalk
11.5,12.4324,3.5093,0.0,1.0,0.06981,285.568,2.8396,walk_east_up.0,566.4163,1.0,0.06981,1.0,0.06981,Sidewalk
12.0,12.9324,3.5093,0.0,1.0,-0.0,285.068,2.8207,walk_east_up.0,564.9367,1.0,-0.0,1.0,-0.0,Sidewalk
12.5,13.4321,3.4919,-0.03491,1.0,-0.06981,284.5684,2.763,walk_east_up.0,563.9852,1.0,-0.06981,1.0,-0.06981,Sidewalk
13.0,13.9321,3.4919,0.0,1.0,0.06981,284.0684,2.7195,walk_east_up.0,563.3408,1.0,0.06981,1.0,0.06981,Sidewalk
13.5,14.4321,3.4919,0.0,1.0,-0.0,283.5684,2.6939,walk_east_up.0,561.9214,1.0,-0.0,1.0,-0.0,Sidewalk
14.0,14.9118,3.4751,-0.03491,0.96,-0.06981,283.0887,2.7003,walk_east_up.0,561.1239,0.96,-0.06981,0.96,-0.06981,Sidewalk
14.5,15.4118,3.4751,0.0,1.0,0.06981,282.5887,2.6164,walk_east_up.0,560.3231,1.0,0.06981,1.0,0.06981,Sidewalk
15.0,15.9118,3.4751,0.0,1.0,-0.0,282.0887,2.5695,walk_east_up.0,558.9315,1.0,-0.0,1.0,-0.0,Sidewalk
15.5,16.3715,3.4591,-0.03491,0.92,-0.06981,281.629,2.5549,walk_east_up.0,558.477,0.92,-0.06981,0.92,-0.06981,Sidewalk
16.0,16.8715,3.4591,0.0,1.0,0.06981,281.129,2.5182,walk_east_up.0,557.3297,1.0,0.06981,1.0,0.06981,Sidewalk
16.5,17.3715,3.4591,0.0,1.0,-0.0,280.629,2.4575,walk_east_up.0,556.0136,1.0,-0.0,1.0,-0.0,Sidewalk
17.0,17.8712,3.4765,0.03491,1.0,0.06981,280.1293,2.3727,walk_east_up.0,555.4301,1.0,0.06981,1.0,0.06981,Sidewalk
17.5,18.3709,3.494,0.03491,1.0,-0.0,279.6295,2.3149,walk_east_up.0,554.1191,1.0,-0.0,1.0,-0.0,Sidewalk
18.0,18.8709,3.494,0.0,1.0,-0.06981,279.1295,2.293,walk_east_up.0,552.9951,1.0,-0.06981,1.0,-0.06981,Sidewalk
18.5,19.3506,3.4772,-0.03491,0.96,-0.06981,278.6499,2.2392,walk_east_up.0,552.2968,0.96,-0.06981,0.96,-0.06981,Sidewalk
19.0,19.8506,3.4772,0.0,1.0,0.06981,278.1499,2.1987,walk_east_up.0,551.3096,1.0,0.06981,1.0,0.06981,Sidewalk
19.5,20.3506,3.4772,0.0,1.0,-0.0,277.6499,2.2,walk_east_up.0,550.0656,1.0,-0.0,1.0,-0.0,Sidewalk
20.0,20.8503,3.4947,0.03491,1.0,0.06981,277.1501,2.1703,walk_east_up.0,549.4724,1.0,0.06981,1.0,0.06981,Sidewalk
20.5,21.35,3.5121,0.03491,1.0,-0.0,276.6504,2.1346,walk_east_up.0,548.1559,1.0,-0.0,1.0,-0.0,Sidewalk
21.0,21.85,3.5121,0.0,1.0,-0.06981,276.1504,2.1103,walk_east_up.0,547.0768,1.0,-0.06981,1.0,-0.06981,Sidewalk
21.5,22.3497,3.4947,-0.03491,1.0,-0.06981,275.6508,2.1123,walk_east_up.0,546.0734,1.0,-0.06981,1.0,-0.06981,Sidewalk
22.0,22.8497,3.4947,0.0,1.0,0.06981,275.1508,2.0804,walk_east_up.0,545.2952,1.0,0.06981,1.0,0.06981,Sidewalk
22.5,23.3497,3.4947,0.0,1.0,-0.0,274.6508,2.0784,walk_east_up.0,544.0751,1.0,-0.0,1.0,-0.0,Sidewalk
23.0,23.8294,3.4779,-0.03491,0.96,-0.06981,274.1711,2.0401,walk_east_up.0,543.3737,0.96,-0.06981,0.96,-0.06981,Sidewalk
23.5,24.3294,3.4779,0.0,1.0,0.06981,273.6711,1.9721,walk_east_up.0,542.2735,1.0,0.06981,1.0,0.06981,Sidewalk
24.0,24.8294,3.4779,0.0,1.0,-0.0,273.1711,1.9732,walk_east_up.0,541.1169,1.0,-0.0,1.0,-0.0,Sidewalk
24.5,25.3291,3.4954,0.03491,1.0,0.06981,272.6714,1.9043,walk_east_up.0,540.3946,1.0,0.06981,1.0,0.06981,Sidewalk
25.0,25.8288,3.5128,0.03491,1.0,-0.0,272.1716,1.8585,walk_east_up.0,539.2013,1.0,-0.0,1.0,-0.0,Sidewalk
25.5,26.3288,3.5128,0.0,1.0,-0.06981,271.6716,1.8301,walk_east_up.0,538.1368,1.0,-0.06981,1.0,-0.06981,Sidewalk
26.0,26.8285,3.4954,-0.03491,1.0,-0.06981,271.172,1.8198,walk_east_up.0,537.1411,1.0,-0.06981,1.0,-0.06981,Sidewalk
26.5,27.3285,3.4954,0.0,1.0,0.06981,270.672,1.7577,walk_east_up.0,536.2746,1.0,0.06981,1.0,0.06981,Sidewalk
27.0,27.8285,3.4954,0.0,1.0,-0.0,270.172,1.7365,walk_east_up.0,535.1129,1.0,-0.0,1.0,-0.0,Sidewalk
27.5,28.3282,3.5128,0.03491,1.0,0.06981,269.6722,1.7252,walk_east_up.0,534.3844,1.0,0.06981,1.0,0.06981,Sidewalk
28.0,28.8279,3.5303,0.03491,1.0,-0.0,269.1725,1.6961,walk_east_up.0,533.1892,1.0,-0.0,1.0,-0.0,Sidewalk
28.5,29.3279,3.5303,0.0,1.0,-0.06981,268.6725,1.6699,walk_east_up.0,532.1815,1.0,-0.06981,1.0,-0.06981,Sidewalk
29.0,29.8276,3.5128,-0.03491,1.0,-0.06981,268.1729,1.6451,walk_east_up.0,531.1868,1.0,-0.06981,1.0,-0.06981,Sidewalk
29.5,30.3276,3.5128,0.0,1.0,0.06981,267.6729,1.6102,walk_east_up.0,530.25,1.0,0.06981,1.0,0.06981,Sidewalk
30.0,30.8276,3.5128,0.0,1.0,-0.0,267.1729,1.5989,walk_east_up.0,529.148,1.0,-0.0,1.0,-0.0,Sidewalk
30.5,31.3273,3.4954,-0.03491,1.0,-0.06981,266.6732,1.6093,walk_east_up.0,528.1821,1.0,-0.06981,1.0,-0.06981,Sidewalk
31.0,31.8273,3.4954,0.0,1.0,0.06981,266.1732,1.576,walk_east_up.0,527.2375,1.0,0.06981,1.0,0.06981,Sidewalk
31.5,32.3273,3.4954,0.0,1.0,-0.0,265.6732,1.5672,walk_east_up.0,526.1367,1.0,-0.0,1.0,-0.0,Sidewalk
32.0,32.827,3.5128,0.03491,1.0,0.06981,265.1735,1.5452,walk_east_up.0,525.3254,1.0,0.06981,1.0,0.06981,Sidewalk
32.5,33.3267,3.5303,0.03491,1.0,-0.0,264.6737,1.4892,walk_east_up.0,524.2036,1.0,-0.0,1.0,-0.0,Sidewalk
33.0,33.8267,3.5303,0.0,1.0,-0.06981,264.1737,1.4602,walk_east_up.0,523.1959,1.0,-0.06981,1.0,-0.06981,Sidewalk
33.5,34.3264,3.5128,-0.03491,1.0,-0.06981,263.6741,1.4245,walk_east_up.0,522.2079,1.0,-0.06981,1.0,-0.06981,Sidewalk
34.0,34.8264,3.5128,0.0,1.0,0.06981,263.1741,1.4067,walk_east_up.0,521.2339,1.0,0.06981,1.0,0.06981,Sidewalk
34.5,35.3264,3.5128,0.0,1.0,-0.0,262.6741,1.3995,walk_east_up.0,520.1308,1.0,-0.0,1.0,-0.0,Sidewalk
35.0,35.8261,3.4954,-0.03491,1.0,-0.06981,262.1744,1.3693,walk_east_up.0,519.219,1.0,-0.06981,1.0,-0.06981,Sidewalk
35.5,36.3261,3.4954,0.0,1.0,0.06981,261.6744,1.3575,walk_east_up.0,518.1937,1.0,0.06981,1.0,0.06981,Sidewalk
36.0,36.8261,3.4954,0.0,1.0,-0.0,261.1744,1.3272,walk_east_up.0,517.1361,1.0,-0.0,1.0,-0.0,Sidewalk
36.5,37.3258,3.5128,0.03491,1.0,0.06981,260.6747,1.285,walk_east_up.0,516.2654,1.0,0.06981,1.0,0.06981,Sidewalk
37.0,37.8255,3.5303,0.03491,1.0,-0.0,260.175,1.2387,walk_east_up.0,515.1869,1.0,-0.0,1.0,-0.0,Sidewalk
37.5,38.3255,3.5303,0.0,1.0,-0.06981,259.675,1.2154,walk_east_up.0,514.23,1.0,-0.06981,1.0,-0.06981,Sidewalk
38.0,38.8251,3.5128,-0.03491,1.0,-0.06981,259.1753,1.2147,walk_east_up.0,513.238,1.0,-0.06981,1.0,-0.06981,Sidewalk
38.5,39.3251,3.5128,0.0,1.0,0.06981,258.6753,1.21,walk_east_up.0,512.2044,1.0,0.06981,1.0,0.06981,Sidewalk
39.0,39.8251,3.5128,0.0,1.0,-0.0,258.1753,1.196,walk_east_up.0,511.1329,1.0,-0.0,1.0,-0.0,Sidewalk
39.5,40.3248,3.4954,-0.03491,1.0,-0.06981,257.6757,1.2102,walk_east_up.0,510.2457,1.0,-0.06981,1.0,-0.06981,Sidewalk
40.0,40.8248,3.4954,0.0,1.0,0.06981,257.1757,1.2039,walk_east_up.0,509.1755,1.0,0.06981,1.0,0.06981,Sidewalk
40.5,41.3248,3.4954,0.0,1.0,-0.0,256.6757,1.1983,walk_east_up.0,508.1335,1.0,-0.0,1.0,-0.0,Sidewalk
41.0,41.8245,3.5128,0.03491,1.0,0.06981,256.1759,1.1781,walk_east_up.0,507.2256,1.0,0.06981,1.0,0.06981,Sidewalk
41.5,42.3242,3.5303,0.03491,1.0,-0.0,255.6762,1.1555,walk_east_up.0,506.1709,1.0,-0.0,1.0,-0.0,Sidewalk
42.0,42.8242,3.5303,0.0,1.0,-0.06981,255.1762,1.1549,walk_east_up.0,505.2564,1.0,-0.06981,1.0,-0.06981,Sidewalk
42.5,43.3239,3.5477,0.03491,1.0,0.06981,254.6765,1.1393,walk_east_up.0,504.2649,1.0,0.06981,1.0,0.06981,Sidewalk
43.0,43.8236,3.5652,0.03491,1.0,-0.0,254.1767,1.1225,walk_east_up.0,503.205,1.0,-0.0,1.0,-0.0,Sidewalk
43.5,44.3236,3.5652,0.0,1.0,-0.06981,253.6767,1.1259,walk_east_up.0,502.2842,1.0,-0.06981,1.0,-0.06981,Sidewalk
44.0,44.8233,3.5826,0.03491,1.0,0.06981,253.177,1.1144,walk_east_up.0,501.2924,1.0,0.06981,1.0,0.06981,Sidewalk
44.5,45.323,3.6001,0.03491,1.0,-0.0,252.6773,1.1087,walk_east_up.0,500.2192,1.0,-0.0,1.0,-0.0,Sidewalk
45.0,45.823,3.6001,0.0,1.0,-0.06981,252.1773,1.1192,walk_east_up.0,499.2882,1.0,-0.06981,1.0,-0.06981,Sidewalk
45.5,46.3227,3.6175,0.03491,1.0,0.06981,251.6776,1.1055,walk_east_up.0,498.3025,1.0,0.06981,1.0,0.06981,Sidewalk
46.0,46.8224,3.635,0.03491,1.0,-0.0,251.1779,1.1024,walk_east_up.0,497.2252,1.0,-0.0,1.0,-0.0,Sidewalk
46.5,47.3224,3.635,0.0,1.0,-0.06981,250.6779,1.1302,walk_east_up.0,496.2723,1.0,-0.06981,1.0,-0.06981,Sidewalk
47.0,47.8221,3.6524,0.03491,1.0,0.06981,250.1781,1.128,walk_east_up.0,495.276,1.0,0.06981,1.0,0.06981,Sidewalk
47.5,48.3218,3.6699,0.03491,1.0,-0.0,249.6784,1.142,walk_east_up.0,494.1783,1.0,-0.0,1.0,-0.0,Sidewalk
48.0,48.8218,3.6699,0.0,1.0,-0.06981,249.1784,1.1524,walk_east_up.0,493.245,1.0,-0.06981,1.0,-0.06981,Sidewalk
48.5,49.3215,3.6873,0.03491,1.0,0.06981,248.6787,1.1459,walk_east_up.0,492.2563,1.0,0.06981,1.0,0.06981,Sidewalk
49.0,49.8212,3.7048,0.03491,1.0,-0.0,248.179,1.1796,walk_east_up.0,491.1383,1.0,-0.0,1.0,-0.0,Sidewalk
49.5,50.3212,3.7048,0.0,1.0,-0.06981,247.679,1.2344,walk_east_up.0,490.1639,1.0,-0.06981,1.0,-0.06981,Sidewalk
50.0,50.8209,3.7222,0.03491,1.0,0.06981,247.1793,1.236,walk_east_up.0,489.17,1.0,0.06981,1.0,0.06981,Sidewalk
50.5,51.3206,3.7397,0.03491,1.0,-0.0,246.6796,1.2672,walk_east_up.0,488.0598,1.0,-0.0,1.0,-0.0,Sidewalk
51.0,51.8206,3.7397,0.0,1.0,-0.06981,246.1796,1.3347,walk_east_up.0,487.0843,1.0,-0.06981,1.0,-0.06981,Sidewalk
51.5,52.3203,3.7571,0.03491,1.0,0.06981,245.6798,1.3911,walk_east_up.0,486.0584,1.0,0.06981,1.0,0.06981,Sidewalk
52.0,52.82,3.7746,0.03491,1.0,-0.0,245.1801,1.4317,walk_east_up.0,484.9491,1.0,-0.0,1.0,-0.0,Sidewalk
52.5,53.32,3.7746,0.0,1.0,-0.06981,244.6801,1.4317,walk_east_up.0,484.0218,1.0,-0.06981,1.0,-0.06981,Sidewalk
53.0,53.8197,3.792,0.03491,1.0,0.06981,244.1804,1.4474,walk_east_up.0,483.0269,1.0,0.06981,1.0,0.06981,Sidewalk
53.5,54.3194,3.8095,0.03491,1.0,-0.0,243.6807,1.4385,walk_east_up.0,481.9451,1.0,-0.0,1.0,-0.0,Sidewalk
54.0,54.8194,3.8095,0.0,1.0,-0.06981,243.1807,1.5006,walk_east_up.0,480.9835,1.0,-0.06981,1.0,-0.06981,Sidewalk
54.5,55.3191,3.8269,0.03491,1.0,0.06981,242.681,1.5464,walk_east_up.0,479.9787,1.0,0.06981,1.0,0.06981,Sidewalk
55.0,55.8188,3.8444,0.03491,1.0,-0.0,242.1813,1.5448,walk_east_up.0,478.8917,1.0,-0.0,1.0,-0.0,Sidewalk
55.5,56.3188,3.8444,0.0,1.0,-0.06981,241.6813,1.5835,walk_east_up.0,477.9438,1.0,-0.06981,1.0,-0.06981,Sidewalk
56.0,56.8184,3.8618,0.03491,1.0,0.06981,241.1816,1.5843,walk_east_up.0,476.9635,1.0,0.06981,1.0,0.06981,Sidewalk
56.5,57.3181,3.8793,0.03491,1.0,-0.0,240.6819,1.5886,walk_east_up.0,475.8729,1.0,-0.0,1.0,-0.0,Sidewalk
57.0,57.8181,3.8793,0.0,1.0,-0.06981,240.1819,1.6012,walk_east_up.0,474.9351,1.0,-0.06981,1.0,-0.06981,Sidewalk
57.5,58.3178,3.8967,0.03491,1.0,0.06981,239.6822,1.6333,walk_east_up.0,473.9453,1.0,0.06981,1.0,0.06981,Sidewalk
58.0,58.8175,3.9142,0.03491,1.0,-0.0,239.1825,1.6615,walk_east_up.0,472.8445,1.0,-0.0,1.0,-0.0,Sidewalk
58.5,59.3175,3.9142,0.0,1.0,-0.06981,238.6825,1.7016,walk_east_up.0,471.8956,1.0,-0.06981,1.0,-0.06981,Sidewalk
59.0,59.8172,3.9316,0.03491,1.0,0.06981,238.1828,1.7127,walk_east_up.0,470.9181,1.0,0.06981,1.0,0.06981,Sidewalk
59.5,60.3169,3.9491,0.03491,1.0,-0.0,237.6831,1.7706,walk_east_up.0,469.8077,1.0,-0.0,1.0,-0.0,Sidewalk
60.0,60.8169,3.9491,0.0,1.0,-0.06981,237.1831,1.8383,walk_east_up.0,468.8512,1.0,-0.06981,1.0,-0.06981,Sidewalk
60.5,61.3166,3.9665,0.03491,1.0,0.06981,236.6834,1.889,walk_east_up.0,467.8665,1.0,0.06981,1.0,0.06981,Sidewalk
61.0,61.8163,3.984,0.03491,1.0,-0.0,236.1837,1.9067,walk_east_up.0,466.7696,1.0,-0.0,1.0,-0.0,Sidewalk
61.5,62.3163,3.984,0.0,1.0,-0.06981,235.6837,1.9844,walk_east_up.0,465.8123,1.0,-0.06981,1.0,-0.06981,Sidewalk
62.0,62.816,3.9665,-0.03491,1.0,-0.06981,235.184,2.0096,walk_east_up.0,464.8409,1.0,-0.06981,1.0,-0.06981,Sidewalk
62.5,63.316,3.9665,0.0,1.0,0.06981,234.684,2.06,walk_east_up.0,463.794,1.0,0.06981,1.0,0.06981,Sidewalk
63.0,63.816,3.9665,0.0,1.0,-0.0,234.184,2.0938,walk_east_up.0,462.7224,1.0,-0.0,1.0,-0.0,Sidewalk
63.5,64.3157,3.984,0.03491,1.0,0.06981,233.6843,2.1164,walk_east_up.0,461.8158,1.0,0.06981,1.0,0.06981,Sidewalk
64.0,64.8154,4.0014,0.03491,1.0,-0.0,233.1846,2.1172,walk_east_up.0,460.7228,1.0,-0.0,1.0,-0.0,Sidewalk
64.5,65.3154,4.0014,0.0,1.0,-0.06981,232.6846,2.1806,walk_east_mid.1,459.7718,1.0,-0.06981,1.0,-0.06981,Sidewalk
65.0,65.8151,3.984,-0.03491,1.0,-0.06981,232.1849,2.1521,walk_east_mid.1,458.8114,1.0,-0.06981,1.0,-0.06981,Sidewalk
65.5,66.3151,3.984,0.0,1.0,0.06981,231.6849,2.0766,walk_east_mid.1,457.7928,1.0,0.06981,1.0,0.06981,Sidewalk
66.0,66.8151,3.984,0.0,1.0,-0.0,231.1849,2.0717,walk_east_mid.1,456.7288,1.0,-0.0,1.0,-0.0,Sidewalk
66.5,67.3148,4.0014,0.03491,1.0,0.06981,230.6852,2.0501,walk_east_mid.1,455.8325,1.0,0.06981,1.0,0.06981,Sidewalk
67.0,67.8145,4.0189,0.03491,1.0,-0.0,230.1855,1.9671,walk_east_mid.1,454.7584,1.0,-0.0,1.0,-0.0,Sidewalk
67.5,68.3145,4.0189,0.0,1.0,-0.06981,229.6855,1.9124,walk_east_mid.1,453.8328,1.0,-0.06981,1.0,-0.06981,Sidewalk
68.0,68.8142,4.0014,-0.03491,1.0,-0.06981,229.1858,1.7893,walk_east_mid.1,452.9018,1.0,-0.06981,1.0,-0.06981,Sidewalk
68.5,69.3142,4.0014,0.0,1.0,0.06981,228.6858,1.708,walk_east_mid.1,451.8961,1.0,0.06981,1.0,0.06981,Sidewalk
69.0,69.8142,4.0014,0.0,1.0,-0.0,228.1858,1.6961,walk_east_mid.1,450.8346,1.0,-0.0,1.0,-0.0,Sidewalk
69.5,70.3139,3.984,-0.03491,1.0,-0.06981,227.6861,1.6943,walk_east_mid.1,449.935,1.0,-0.06981,1.0,-0.06981,Sidewalk
70.0,70.8139,3.984,0.0,1.0,0.06981,227.1861,1.5927,walk_east_mid.1,448.9405,1.0,0.06981,1.0,0.06981,Sidewalk
70.5,71.3139,3.984,0.0,1.0,-0.0,226.6861,1.5035,walk_east_mid.1,447.916,1.0,-0.0,1.0,-0.0,Sidewalk
71.0,71.8136,4.0014,0.03491,1.0,0.06981,226.1864,1.5538,walk_east_mid.1,446.9913,1.0,0.06981,1.0,0.06981,Sidewalk
71.5,72.3133,4.0189,0.03491,1.0,-0.0,225.6867,1.5281,walk_east_mid.1,445.9098,1.0,-0.0,1.0,-0.0,Sidewalk
72.0,72.8133,4.0189,0.0,1.0,-0.06981,225.1867,1.6221,walk_east_mid.1,444.9295,1.0,-0.06981,1.0,-0.06981,Sidewalk
72.5,73.313,4.0014,-0.03491,1.0,-0.06981,224.687,1.6014,walk_east_mid.1,443.9718,1.0,-0.06981,1.0,-0.06981,Sidewalk
73.0,73.813,4.0014,0.0,1.0,0.06981,224.187,1.5062,walk_east_mid.1,442.9822,1.0,0.06981,1.0,0.06981,Sidewalk
73.5,74.313,4.0014,0.0,1.0,-0.0,223.687,1.5955,walk_east_mid.1,441.876,1.0,-0.0,1.0,-0.0,Sidewalk
74.0,74.8127,3.984,-0.03491,1.0,-0.06981,223.1873,1.5378,walk_east_mid.1,441.0012,1.0,-0.06981,1.0,-0.06981,Sidewalk
74.5,75.3127,3.984,0.0,1.0,0.06981,222.6873,1.5558,walk_east_mid.1,439.9589,1.0,0.06981,1.0,0.06981,Sidewalk
75.0,75.8127,3.984,0.0,1.0,-0.0,222.1873,1.612,walk_east_mid.1,438.8698,1.0,-0.0,1.0,-0.0,Sidewalk
75.5,76.3124,4.0014,0.03491,1.0,0.06981,221.6876,1.5009,walk_east_mid.1,438.0188,1.0,0.06981,1.0,0.06981,Sidewalk
76.0,76.8121,4.0189,0.03491,1.0,-0.0,221.1879,1.5242,walk_east_mid.1,436.9141,1.0,-0.0,1.0,-0.0,Sidewalk
76.5,77.3121,4.0189,0.0,1.0,-0.06981,220.6879,1.5128,walk_east_mid.1,435.9801,1.0,-0.06981,1.0,-0.06981,Sidewalk
77.0,77.8117,4.0014,-0.03491,1.0,-0.06981,220.1883,1.5027,walk_east_mid.1,435.019,1.0,-0.06981,1.0,-0.06981,Sidewalk
77.5,78.3117,4.0014,0.0,1.0,0.06981,219.6883,1.4201,walk_east_mid.1,434.0304,1.0,0.06981,1.0,0.06981,Sidewalk
78.0,78.8117,4.0014,0.0,1.0,-0.0,219.1883,1.6162,walk_east_mid.1,432.8698,1.0,-0.0,1.0,-0.0,Sidewalk
78.5,79.3114,3.984,-0.03491,1.0,-0.06981,218.6886,1.6025,walk_east_mid.1,431.9753,1.0,-0.06981,1.0,-0.06981,Sidewalk
79.0,79.8114,3.984,0.0,1.0,0.06981,218.1886,1.6229,walk_east_mid.1,430.9329,1.0,0.06981,1.0,0.06981,Sidewalk
79.5,80.3114,3.984,0.0,1.0,-0.0,217.6886,1.5847,walk_east_mid.1,429.8836,1.0,-0.0,1.0,-0.0,Sidewalk
80.0,80.8111,4.0014,0.03491,1.0,0.06981,217.1889,1.5229,walk_east_mid.1,429.0105,1.0,0.06981,1.0,0.06981,Sidewalk
80.5,81.3108,4.0189,0.03491,1.0,-0.0,216.6892,1.5044,walk_east_mid.1,427.9261,1.0,-0.0,1.0,-0.0,Sidewalk
81.0,81.8108,4.0189,0.0,1.0,-0.06981,216.1892,1.6217,walk_east_mid.1,426.9345,1.0,-0.06981,1.0,-0.06981,Sidewalk
81.5,82.3105,4.0014,-0.03491,1.0,-0.06981,215.6895,1.6059,walk_east_mid.1,425.9749,1.0,-0.06981,1.0,-0.06981,Sidewalk
82.0,82.8105,4.0014,0.0,1.0,0.06981,215.1895,1.4923,walk_east_mid.1,424.994,1.0,0.06981,1.0,0.06981,Sidewalk
82.5,83.3105,4.0014,0.0,1.0,-0.0,214.6895,1.5777,walk_east_mid.1,423.8884,1.0,-0.0,1.0,-0.0,Sidewalk
83.0,83.8102,3.984,-0.03491,1.0,-0.06981,214.1898,1.5859,walk_east_mid.1,422.9848,1.0,-0.06981,1.0,-0.06981,Sidewalk
83.5,84.3102,3.984,0.0,1.0,0.06981,213.6898,1.6216,walk_east_mid.1,421.9359,1.0,0.06981,1.0,0.06981,Sidewalk
84.0,84.8102,3.984,0.0,1.0,-0.0,213.1898,1.5036,walk_east_mid.1,420.9232,1.0,-0.0,1.0,-0.0,Sidewalk
84.5,85.3099,4.0014,0.03491,1.0,0.06981,212.6901,1.5213,walk_east_mid.1,420.0138,1.0,0.06981,1.0,0.06981,Sidewalk
85.0,85.8096,4.0189,0.03491,1.0,-0.0,212.1904,1.5223,walk_east_mid.1,418.9199,1.0,-0.0,1.0,-0.0,Sidewalk
85.5,86.3096,4.0189,0.0,1.0,-0.06981,211.6904,1.5066,walk_east_mid.1,417.988,1.0,-0.06981,1.0,-0.06981,Sidewalk
86.0,86.8093,4.0014,-0.03491,1.0,-0.06981,211.1907,1.5508,walk_east_mid.1,417.0011,1.0,-0.06981,1.0,-0.06981,Sidewalk
86.5,87.3093,4.0014,0.0,1.0,0.06981,210.6907,1.4731,walk_east_mid.1,416.0063,1.0,0.06981,1.0,0.06981,Sidewalk
87.0,87.8093,4.0014,0.0,1.0,-0.0,210.1907,1.6104,walk_east_mid.1,414.8771,1.0,-0.0,1.0,-0.0,Sidewalk
87.5,88.309,3.984,-0.03491,1.0,-0.06981,209.691,1.5243,walk_east_mid.1,414.0149,1.0,-0.06981,1.0,-0.06981,Sidewalk
88.0,88.809,3.984,0.0,1.0,0.06981,209.191,1.5382,walk_east_mid.1,412.9743,1.0,0.06981,1.0,0.06981,Sidewalk
88.5,89.309,3.984,0.0,1.0,-0.0,208.691,1.5172,walk_east_mid.1,411.9191,1.0,-0.0,1.0,-0.0,Sidewalk
89.0,89.8087,4.0014,0.03491,1.0,0.06981,208.1913,1.5763,walk_east_mid.1,410.9912,1.0,0.06981,1.0,0.06981,Sidewalk
89.5,90.3084,4.0189,0.03491,1.0,-0.0,207.6916,1.5137,walk_east_mid.1,409.9264,1.0,-0.0,1.0,-0.0,Sidewalk
90.0,90.8084,4.0189,0.0,1.0,-0.06981,207.1916,1.5351,walk_east_mid.1,408.9769,1.0,-0.06981,1.0,-0.06981,Sidewalk
90.5,91.3081,4.0014,-0.03491,1.0,-0.06981,206.6919,1.5647,walk_east_mid.1,407.9974,1.0,-0.06981,1.0,-0.06981,Sidewalk
91.0,91.8081,4.0014,0.0,1.0,0.06981,206.1919,1.4935,walk_east_mid.1,406.9983,1.0,0.06981,1.0,0.06981,Sidewalk
91.5,92.3081,4.0014,0.0,1.0,-0.0,205.6919,1.6028,walk_east_mid.1,405.8826,1.0,-0.0,1.0,-0.0,Sidewalk
92.0,92.8078,3.984,-0.03491,1.0,-0.06981,205.1922,1.6019,walk_east_mid.1,404.983,1.0,-0.06981,1.0,-0.06981,Sidewalk
92.5,93.3078,3.984,0.0,1.0,0.06981,204.6922,1.5267,walk_east_mid.1,403.9821,1.0,0.06981,1.0,0.06981,Sidewalk
93.0,93.8078,3.984,0.0,1.0,-0.0,204.1922,1.6004,walk_east_mid.1,402.8843,1.0,-0.0,1.0,-0.0,Sidewalk
93.5,94.3075,4.0014,0.03491,1.0,0.06981,203.6925,1.5962,walk_east_mid.1,401.9852,1.0,0.06981,1.0,0.06981,Sidewalk
94.0,94.8072,4.0189,0.03491,1.0,-0.0,203.1928,1.5753,walk_east_mid.1,400.9006,1.0,-0.0,1.0,-0.0,Sidewalk
94.5,95.3072,4.0189,0.0,1.0,-0.06981,202.6928,1.5762,walk_east_mid.1,399.9609,1.0,-0.06981,1.0,-0.06981,Sidewalk
95.0,95.8069,4.0014,-0.03491,1.0,-0.06981,202.1931,1.5345,walk_east_mid.1,399.0136,1.0,-0.06981,1.0,-0.06981,Sidewalk
95.5,96.3069,4.0014,0.0,1.0,0.06981,201.6931,1.4671,walk_east_mid.1,398.0143,1.0,0.06981,1.0,0.06981,Sidewalk
96.0,96.8069,4.0014,0.0,1.0,-0.0,201.1931,4.7792,walk_east_dn.1,396.5233,1.0,-0.0,1.0,-0.0,Sidewalk
96.5,97.3066,4.0189,0.03491,1.0,0.06981,200.6934,4.7016,walk_east_dn.1,395.6259,1.0,0.06981,1.0,0.06981,Sidewalk
97.0,97.8063,4.0363,0.03491,1.0,-0.0,200.1937,4.7295,walk_east_dn.1,394.5309,1.0,-0.0,1.0,-0.0,Sidewalk
97.5,98.3063,4.0363,0.0,1.0,-0.06981,199.6937,4.6724,walk_east_dn.1,393.5925,1.0,-0.06981,1.0,-0.06981,Sidewalk
98.0,98.806,4.0189,-0.03491,1.0,-0.06981,199.194,4.6052,walk_east_dn.1,392.6284,1.0,-0.06981,1.0,-0.06981,Sidewalk
98.5,99.306,4.0189,0.0,1.0,0.06981,198.694,4.527,walk_east_dn.1,391.6,1.0,0.06981,1.0,0.06981,Sidewalk
99.0,99.806,4.0189,0.0,1.0,-0.0,198.194,5.587,walk_east_up.0,390.5038,1.0,-0.0,1.0,-0.0,Sidewalk
99.5,100.3057,4.0014,-0.03491,1.0,-0.06981,197.6943,5.6395,walk_east_up.0,389.6017,1.0,-0.06981,1.0,-0.06981,Sidewalk
100.0,100.8057,4.0014,0.0,1.0,0.06981,197.1943,9.5785,walk_south.1,388.5199,1.0,0.06981,1.0,0.06981,Sidewalk
100.5,101.3057,4.0014,0.0,1.0,-0.0,196.6943,9.5166,walk_south.1,387.4545,1.0,-0.0,1.0,-0.0,Sidewalk
101.0,101.8053,4.0189,0.03491,1.0,0.06981,196.1947,9.4944,walk_south.1,386.5548,1.0,0.06981,1.0,0.06981,Sidewalk
101.5,102.305,4.0363,0.03491,1.0,-0.0,195.695,9.4586,walk_south.1,385.461,1.0,-0.0,1.0,-0.0,Sidewalk
102.0,102.805,4.0363,0.0,1.0,-0.06981,195.195,9.3998,walk_south.1,384.5212,1.0,-0.06981,1.0,-0.06981,Sidewalk
102.5,103.3047,4.0189,-0.03491,1.0,-0.06981,194.6953,9.343,walk_south.1,383.5552,1.0,-0.06981,1.0,-0.06981,Sidewalk
103.0,103.8047,4.0189,0.0,1.0,0.06981,194.1953,9.3114,walk_south.1,382.5244,1.0,0.06981,1.0,0.06981,Sidewalk
103.5,104.3047,4.0189,0.0,1.0,-0.0,193.6953,9.2566,walk_south.1,381.4583,1.0,-0.0,1.0,-0.0,Sidewalk
104.0,104.8044,4.0014,-0.03491,1.0,-0.06981,193.1956,9.2303,walk_south.1,380.5576,1.0,-0.06981,1.0,-0.06981,Sidewalk
104.5,105.3044,4.0014,0.0,1.0,0.06981,192.6956,9.187,walk_south.1,379.5253,1.0,0.06981,1.0,0.06981,Sidewalk
105.0,105.8044,4.0014,0.0,1.0,-0.0,192.1956,9.1727,walk_south.1,378.4595,1.0,-0.0,1.0,-0.0,Sidewalk
105.5,106.3041,4.0189,0.03491,1.0,0.06981,191.6959,9.1557,walk_south.1,377.5598,1.0,0.06981,1.0,0.06981,Sidewalk
106.0,106.8038,4.0363,0.03491,1.0,-0.0,191.1962,9.1318,walk_south.1,376.4659,1.0,-0.0,1.0,-0.0,Sidewalk
106.5,107.3038,4.0363,0.0,1.0,-0.06981,190.6962,9.0096,stand_4,375.5623,1.0,-0.06981,1.0,-0.06981,Sidewalk
107.0,107.8035,4.0189,-0.03491,1.0,-0.06981,190.1965,8.5126,stand_4,374.605,1.0,-0.06981,1.0,-0.06981,Sidewalk
107.5,108.3035,4.0189,0.0,1.0,0.06981,189.6965,8.0142,stand_4,373.5893,1.0,0.06981,1.0,0.06981,Sidewalk
108.0,108.8035,4.0189,0.0,1.0,-0.0,189.1965,7.5161,stand_4,372.5381,1.0,-0.0,1.0,-0.0,Sidewalk
108.5,109.3032,4.0014,-0.03491,1.0,-0.06981,188.6968,7.0201,stand_4,371.6504,1.0,-0.06981,1.0,-0.06981,Sidewalk
109.0,109.8032,4.0014,0.0,1.0,0.06981,188.1968,6.5227,stand_4,370.6512,1.0,0.06981,1.0,0.06981,Sidewalk
109.5,110.3032,4.0014,0.0,1.0,-0.0,187.6968,6.0257,stand_4,369.6188,1.0,-0.0,1.0,-0.0,Sidewalk
110.0,110.8029,3.984,-0.03491,1.0,-0.06981,187.1971,5.5317,stand_4,368.745,1.0,-0.06981,1.0,-0.06981,Sidewalk
110.5,111.3029,3.984,0.0,1.0,0.06981,186.6971,5.0361,stand_4,367.8247,1.0,0.06981,1.0,0.06981,Sidewalk
111.0,111.8029,3.984,0.0,1.0,-0.0,186.1971,4.5415,stand_4,366.8765,1.0,-0.0,1.0,-0.0,Sidewalk
111.5,112.3026,3.9665,-0.03491,1.0,-0.06981,185.6974,4.0516,stand_4,366.0075,1.0,-0.06981,1.0,-0.06981,Sidewalk
112.0,112.8014,3.9316,-0.06981,1.0,-0.06981,185.1986,3.569,stand_4,365.1221,1.0,-0.06981,1.0,-0.06981,Sidewalk
112.5,113.2987,3.8794,-0.10472,1.0,-0.06981,184.7014,3.0979,stand_4,364.183,1.0,-0.06981,1.0,-0.06981,Sidewalk
113.0,113.7938,3.8098,-0.13963,1.0,-0.06981,184.2063,2.6452,stand_4,363.2607,1.0,-0.06981,1.0,-0.06981,Sidewalk
113.5,114.291,3.7575,-0.10472,1.0,0.06981,183.7091,2.2036,stand_4,362.5105,1.0,0.06981,1.0,0.06981,Sidewalk
114.0,114.7883,3.7053,-0.10472,1.0,-0.0,183.2119,1.793,stand_4,361.2987,1.0,-0.0,1.0,-0.0,Sidewalk
114.5,115.2871,3.6704,-0.06981,1.0,0.06981,182.7132,1.4266,stand_4,360.4106,1.0,0.06981,1.0,0.06981,Sidewalk
115.0,115.7859,3.6355,-0.06981,1.0,-0.0,182.2145,1.1643,stand_4,359.3484,1.0,-0.0,1.0,-0.0,Sidewalk
115.5,116.2856,3.6181,-0.03491,1.0,0.06981,181.7148,1.067,stand_4,358.379,1.0,0.06981,1.0,0.06981,Sidewalk
116.0,116.7853,3.6006,-0.03491,1.0,-0.0,181.2152,1.1921,stand_4,357.2166,1.0,-0.0,1.0,-0.0,Sidewalk
116.5,117.2853,3.6006,0.0,1.0,0.06981,180.7152,1.4719,stand_4,356.0601,1.0,0.06981,1.0,0.06981,Sidewalk
117.0,117.7853,3.6006,0.0,1.0,-0.0,180.2152,1.8471,stand_4,354.8641,1.0,-0.0,1.0,-0.0,Sidewalk
117.5,118.285,3.6181,0.03491,1.0,0.06981,179.7154,2.2624,stand_4,353.8497,1.0,0.06981,1.0,0.06981,Sidewalk
118.0,118.7847,3.6355,0.03491,1.0,-0.0,179.2157,2.7064,stand_4,352.7067,1.0,-0.0,1.0,-0.0,Sidewalk
118.5,119.2847,3.6355,0.0,1.0,-0.06981,178.7157,3.1732,stand_4,351.7433,1.0,-0.06981,1.0,-0.06981,Sidewalk
119.0,119.7843,3.653,0.03491,1.0,0.06981,178.216,3.6436,stand_4,350.7123,1.0,0.06981,1.0,0.06981,Sidewalk
119.5,120.284,3.6704,0.03491,1.0,-0.0,177.7163,4.1209,stand_4,349.6136,1.0,-0.0,1.0,-0.0,Sidewalk
120.0,120.784,3.6704,0.0,1.0,-0.06981,177.2163,4.6072,stand_4,348.7082,1.0,-0.06981,1.0,-0.06981,Sidewalk
120.5,121.2837,3.6879,0.03491,1.0,0.06981,176.7165,5.0923,stand_4,347.7631,1.0,0.06981,1.0,0.06981,Sidewalk
121.0,121.7834,3.7053,0.03491,1.0,-0.0,176.2168,5.4454,stand_7,346.7278,1.0,-0.0,1.0,-0.0,Sidewalk
121.5,122.2834,3.7053,0.0,1.0,-0.06981,175.7168,4.9544,stand_7,345.8344,1.0,-0.06981,1.0,-0.06981,Sidewalk
122.0,122.7831,3.6879,-0.03491,1.0,-0.06981,175.2171,4.4695,stand_7,344.9297,1.0,-0.06981,1.0,-0.06981,Sidewalk
122.5,123.2819,3.653,-0.06981,1.0,-0.06981,174.7184,3.9937,stand_7,344.028,1.0,-0.06981,1.0,-0.06981,Sidewalk
123.0,123.7816,3.6355,-0.03491,1.0,0.06981,174.2188,3.5186,stand_7,343.7542,1.0,0.06981,1.0,0.06981,Sidewalk
123.5,124.2813,3.6181,-0.03491,1.0,-0.0,173.7191,3.0513,stand_7,342.2345,1.0,-0.0,1.0,-0.0,Sidewalk
124.0,124.7701,3.5839,-0.06981,0.98,-0.06981,173.2304,2.6132,stand_7,341.3359,0.98,-0.06981,0.98,-0.06981,Sidewalk
124.5,125.2698,3.5664,-0.03491,1.0,0.06981,172.7307,2.1792,stand_7,340.4801,1.0,0.06981,1.0,0.06981,Sidewalk
125.0,125.7695,3.549,-0.03491,1.0,-0.0,172.2311,1.7801,stand_7,339.2515,1.0,-0.0,1.0,-0.0,Sidewalk
125.5,126.2695,3.549,0.0,1.0,0.06981,171.7311,1.4312,stand_7,338.4035,1.0,0.06981,1.0,0.06981,Sidewalk
126.0,126.7695,3.549,0.0,1.0,-0.0,171.2311,1.1949,stand_7,337.2938,1.0,-0.0,1.0,-0.0,Sidewalk
126.5,127.2692,3.5664,0.03491,1.0,0.06981,170.7314,1.126,stand_7,336.3881,1.0,0.06981,1.0,0.06981,Sidewalk
127.0,127.7689,3.5839,0.03491,1.0,-0.0,170.2316,1.268,stand_7,335.1737,1.0,-0.0,1.0,-0.0,Sidewalk
127.5,128.2689,3.5839,0.0,1.0,-0.06981,169.7316,1.577,stand_7,334.0754,1.0,-0.06981,1.0,-0.06981,Sidewalk
128.0,128.7686,3.6013,0.03491,1.0,0.06981,169.2319,1.9562,stand_7,332.9466,1.0,0.06981,1.0,0.06981,Sidewalk
128.5,129.2683,3.6188,0.03491,1.0,-0.0,168.7321,2.3804,stand_7,331.9932,1.0,-0.0,1.0,-0.0,Sidewalk
129.0,129.7683,3.6188,0.0,1.0,-0.06981,168.2321,2.8363,stand_7,331.2196,1.0,-0.06981,1.0,-0.06981,Sidewalk
129.5,130.268,3.6013,-0.03491,1.0,-0.06981,167.7325,3.3104,stand_7,330.5152,1.0,-0.06981,1.0,-0.06981,Sidewalk
130.0,130.7368,3.5686,-0.06981,0.94,-0.06981,167.2637,3.1053,stand_2,330.0538,0.94,-0.06981,0.94,-0.06981,Sidewalk
130.5,131.1048,3.5299,-0.10472,0.74,-0.06981,166.8959,2.7483,stand_2,330.527,0.74,-0.06981,0.74,-0.06981,Sidewalk
131.0,131.4019,3.4881,-0.13963,0.6,-0.06981,166.5989,2.465,stand_2,330.793,0.6,-0.06981,0.6,-0.06981,Sidewalk
131.5,131.6382,3.4465,-0.17453,0.48,-0.06981,166.3627,2.2449,stand_2,331.056,0.48,-0.06981,0.48,-0.06981,Sidewalk
132.0,131.9848,3.3977,-0.13963,0.7,0.06981,166.0163,1.9266,stand_2,330.1994,0.7,0.06981,0.7,0.06981,Sidewalk
132.5,132.272,3.3574,-0.13963,0.58,-0.0,165.7292,1.6726,stand_2,329.7101,0.58,-0.0,0.58,-0.0,Sidewalk
133.0,132.5306,3.3302,-0.10472,0.52,0.06981,165.4708,1.4511,stand_2,330.2811,0.52,0.06981,0.52,0.06981,Sidewalk
133.5,132.7394,3.3083,-0.10472,0.42,-0.0,165.262,1.2827,stand_2,329.8753,0.42,-0.0,0.42,-0.0,Sidewalk
134.0,132.9078,3.2846,-0.13963,0.34,-0.06981,165.0938,1.1607,stand_2,329.8734,0.34,-0.06981,0.34,-0.06981,Sidewalk
134.5,133.0358,3.262,-0.17453,0.26,-0.06981,164.9658,1.0799,stand_2,330.1158,0.26,-0.06981,0.26,-0.06981,Sidewalk
135.0,133.1744,3.2425,-0.13963,0.28,0.06981,164.8273,1.0002,stand_2,330.0038,0.28,0.06981,0.28,0.06981,Sidewalk
135.5,133.2933,3.2258,-0.13963,0.24,-0.0,164.7085,0.9432,stand_2,329.9466,0.24,-0.0,0.24,-0.0,Sidewalk
136.0,133.3918,3.2085,-0.17453,0.2,-0.06981,164.6101,0.9085,stand_2,329.9029,0.2,-0.06981,0.2,-0.06981,Sidewalk
136.5,133.47,3.1918,-0.20944,0.16,-0.06981,164.532,0.8906,stand_2,330.0061,0.16,-0.06981,0.16,-0.06981,Sidewalk
137.0,133.5389,3.1797,-0.17453,0.14,0.06981,164.4631,0.8782,stand_2,330.0006,0.14,0.06981,0.14,0.06981,Sidewalk
137.5,133.598,3.1693,-0.17453,0.12,-0.0,164.4041,0.8719,stand_2,329.9944,0.12,-0.0,0.12,-0.0,Sidewalk
138.0,133.6567,3.1568,-0.20944,0.12,-0.06981,164.3454,0.8718,stand_2,329.9486,0.12,-0.06981,0.12,-0.06981,Sidewalk
138.5,133.7052,3.1447,-0.24435,0.1,-0.06981,164.297,0.8766,stand_2,329.9531,0.1,-0.06981,0.1,-0.06981,Sidewalk
139.0,133.7437,3.1337,-0.27925,0.08,-0.06981,164.2586,0.8838,stand_2,329.9744,0.08,-0.06981,0.08,-0.06981,Sidewalk
139.5,133.7817,3.1213,-0.31416,0.08,-0.06981,164.2206,0.8941,stand_2,329.9604,0.08,-0.06981,0.08,-0.06981,Sidewalk
140.0,133.8099,3.111,-0.34907,0.06,-0.06981,164.1925,0.904,stand_2,329.9683,0.06,-0.06981,0.06,-0.06981,Sidewalk
140.5,133.8285,3.1036,-0.38397,0.04,-0.06981,164.174,0.9116,stand_2,329.9959,0.04,-0.06981,0.04,-0.06981,Sidewalk
141.0,133.8467,3.0954,-0.41888,0.04,-0.06981,164.1558,0.9203,stand_2,329.9795,0.04,-0.06981,0.04,-0.06981,Sidewalk
141.5,133.8647,3.0867,-0.45379,0.04,-0.06981,164.1378,0.93,stand_2,329.9755,0.04,-0.06981,0.04,-0.06981,Sidewalk
142.0,133.8735,3.082,-0.48869,0.02,-0.06981,164.129,0.9352,stand_2,329.9985,0.02,-0.06981,0.02,-0.06981,Sidewalk
142.5,133.8822,3.077,-0.5236,0.02,-0.06981,164.1204,0.9408,stand_2,329.9956,0.02,-0.06981,0.02,-0.06981,Sidewalk
143.0,133.8907,3.0717,-0.55851,0.02,-0.06981,164.1119,0.9468,stand_2,329.9926,0.02,-0.06981,0.02,-0.06981,Sidewalk
143.5,133.899,3.0661,-0.59341,0.02,-0.06981,164.1037,0.9432,stand_8,329.9894,0.02,-0.06981,0.02,-0.06981,Sidewalk
144.0,133.9075,3.0608,-0.55851,0.02,0.06981,164.0952,0.9367,stand_8,330.0003,0.02,0.06981,0.02,0.06981,Sidewalk
144.5,133.9159,3.0555,-0.55851,0.02,-0.0,164.0868,0.9303,stand_8,329.9879,0.02,-0.0,0.02,-0.0,Sidewalk
145.0,133.9246,3.0505,-0.5236,0.02,0.06981,164.0782,0.9236,stand_8,330.0017,0.02,0.06981,0.02,0.06981,Sidewalk
145.5,133.9246,3.0505,-0.5236,0.0,-0.0,164.0782,0.9236,stand_8,330.0104,0.0,-0.0,0.0,-0.0,Sidewalk
146.0,133.9334,3.0458,-0.48869,0.02,0.06981,164.0694,0.9168,stand_8,330.0044,0.02,0.06981,0.02,0.06981,Sidewalk
146.5,133.9334,3.0458,-0.48869,0.0,-0.0,164.0694,0.9168,stand_8,330.009,0.0,-0.0,0.0,-0.0,Sidewalk
147.0,133.9424,3.0414,-0.45379,0.02,0.06981,164.0604,0.9097,stand_8,330.0081,0.02,0.06981,0.02,0.06981,Sidewalk
147.5,133.9424,3.0414,-0.45379,0.0,-0.0,164.0604,0.9097,stand_8,330.0081,0.0,-0.0,0.0,-0.0,Sidewalk
148.0,133.9424,3.0414,-0.48869,0.0,-0.06981,164.0604,0.9097,stand_8,330.0137,0.0,-0.06981,0.0,-0.06981,Sidewalk
148.5,133.9424,3.0414,-0.5236,0.0,-0.06981,164.0604,0.9097,stand_8,330.0137,0.0,-0.06981,0.0,-0.06981,Sidewalk
149.0,133.9424,3.0414,-0.55851,0.0,-0.06981,164.0604,0.9097,stand_8,330.0137,0.0,-0.06981,0.0,-0.06981,Sidewalk
149.5,133.9424,3.0414,-0.59341,0.0,-0.06981,164.0604,0.9097,stand_8,330.0137,0.0,-0.06981,0.0,-0.06981,Sidewalk
150.0,133.9424,3.0414,-0.62832,0.0,-0.06981,164.0604,0.9097,stand_8,330.0137,0.0,-0.06981,0.0,-0.06981,Sidewalk
150.5,133.9424,3.0414,-0.66323,0.0,-0.06981,164.0604,0.9097,stand_8,330.0137,0.0,-0.06981,0.0,-0.06981,Sidewalk
151.0,133.9424,3.0414,-0.69813,0.0,-0.06981,164.0604,0.9097,stand_8,330.0137,0.0,-0.06981,0.0,-0.06981,Sidewalk
151.5,133.9424,3.0414,-0.73304,0.0,-0.06981,164.0604,0.9097,stand_8,330.0137,0.0,-0.06981,0.0,-0.06981,Sidewalk
152.0,133.9424,3.0414,-0.76794,0.0,-0.06981,164.0604,0.9097,stand_8,330.0137,0.0,-0.06981,0.0,-0.06981,Sidewalk
152.5,133.9424,3.0414,-0.80285,0.0,-0.06981,164.0604,0.9097,stand_8,330.0137,0.0,-0.06981,0.0,-0.06981,Sidewalk
153.0,133.9424,3.0414,-0.83776,0.0,-0.06981,164.0604,0.9097,stand_8,330.0137,0.0,-0.06981,0.0,-0.06981,Sidewalk
153.5,133.9424,3.0414,-0.87266,0.0,-0.06981,164.0604,0.9097,stand_8,330.0137,0.0,-0.06981,0.0,-0.06981,Sidewalk
154.0,133.9424,3.0414,-0.90757,0.0,-0.06981,164.0604,0.9097,stand_8,330.0137,0.0,-0.06981,0.0,-0.06981,Sidewalk
154.5,133.9424,3.0414,-0.94248,0.0,-0.06981,164.0604,0.9097,stand_8,330.0137,0.0,-0.06981,0.0,-0.06981,Sidewalk
155.0,133.9424,3.0414,-0.97738,0.0,-0.06981,164.0604,0.9097,stand_8,330.0137,0.0,-0.06981,0.0,-0.06981,Sidewalk
155.5,133.9424,3.0414,-1.01229,0.0,-0.06981,164.0604,0.9097,stand_8,330.0137,0.0,-0.06981,0.0,-0.06981,Sidewalk
156.0,133.9424,3.0414,-1.0472,0.0,-0.06981,164.0604,0.9097,stand_8,330.0137,0.0,-0.06981,0.0,-0.06981,Sidewalk
156.5,133.9424,3.0414,-1.0821,0.0,-0.06981,164.0604,0.9097,stand_8,330.0137,0.0,-0.06981,0.0,-0.06981,Sidewalk
157.0,133.9424,3.0414,-1.11701,0.0,-0.06981,164.0604,0.9097,stand_8,330.0137,0.0,-0.06981,0.0,-0.06981,Sidewalk
157.5,133.9424,3.0414,-1.15192,0.0,-0.06981,164.0604,0.9097,stand_8,330.0137,0.0,-0.06981,0.0,-0.06981,Sidewalk
158.0,133.9424,3.0414,-1.18682,0.0,-0.06981,164.0604,0.9097,stand_8,330.0137,0.0,-0.06981,0.0,-0.06981,Sidewalk
158.5,133.9424,3.0414,-1.22173,0.0,-0.06981,164.0604,0.9097,stand_8,330.0137,0.0,-0.06981,0.0,-0.06981,Sidewalk
159.0,133.9424,3.0414,-1.25664,0.0,-0.06981,164.0604,0.9097,stand_8,330.0137,0.0,-0.06981,0.0,-0.06981,Sidewalk
159.5,133.9424,3.0414,-1.29154,0.0,-0.06981,164.0604,0.9097,stand_8,330.0137,0.0,-0.06981,0.0,-0.06981,Sidewalk
160.0,133.9424,3.0414,-1.32645,0.0,-0.06981,164.0604,0.9097,stand_8,330.0137,0.0,-0.06981,0.0,-0.06981,Sidewalk
160.5,133.9424,3.0414,-1.36136,0.0,-0.06981,164.0604,0.9097,stand_8,330.0137,0.0,-0.06981,0.0,-0.06981,Sidewalk
161.0,133.9424,3.0414,-1.39626,0.0,-0.06981,164.0604,0.9097,stand_8,330.0137,0.0,-0.06981,0.0,-0.06981,Sidewalk
161.5,133.9424,3.0414,-1.43117,0.0,-0.06981,164.0604,0.9097,stand_8,330.0137,0.0,-0.06981,0.0,-0.06981,Sidewalk
162.0,133.9424,3.0414,-1.46608,0.0,-0.06981,164.0604,0.9097,stand_8,330.0137,0.0,-0.06981,0.0,-0.06981,Sidewalk
162.5,133.9424,3.0414,-1.50098,0.0,-0.06981,164.0604,0.9097,stand_8,330.0137,0.0,-0.06981,0.0,-0.06981,Sidewalk
163.0,133.9424,3.0414,-1.53589,0.0,-0.06981,164.0604,0.9097,stand_8,330.0137,0.0,-0.06981,0.0,-0.06981,Sidewalk
163.5,133.9424,3.0414,-1.5708,0.0,-0.06981,164.0604,0.9097,stand_8,330.0137,0.0,-0.06981,0.0,-0.06981,Sidewalk
164.0,133.9424,3.0414,-1.6057,0.0,-0.06981,164.0604,0.9097,stand_8,330.0137,0.0,-0.06981,0.0,-0.06981,Sidewalk
164.5,133.9424,3.0414,-1.64061,0.0,-0.06981,164.0604,0.9097,stand_8,330.0137,0.0,-0.06981,0.0,-0.06981,Sidewalk
165.0,133.9424,3.0414,-1.67552,0.0,-0.06981,164.0604,0.9097,stand_8,330.0137,0.0,-0.06981,0.0,-0.06981,Sidewalk
165.5,133.9424,3.0414,-1.71042,0.0,-0.06981,164.0604,0.9097,stand_8,330.0137,0.0,-0.06981,0.0,-0.06981,Sidewalk
166.0,133.9424,3.0414,-1.74533,0.0,-0.06981,164.0604,0.9097,stand_8,330.0137,0.0,-0.06981,0.0,-0.06981,Sidewalk
166.5,133.9424,3.0414,-1.78024,0.0,-0.06981,164.0604,0.9097,stand_8,330.0137,0.0,-0.06981,0.0,-0.06981,Sidewalk
167.0,133.9424,3.0414,-1.81514,0.0,-0.06981,164.0604,0.9097,stand_8,330.0137,0.0,-0.06981,0.0,-0.06981,Sidewalk
167.5,133.9424,3.0414,-1.85005,0.0,-0.06981,164.0604,0.9097,stand_8,330.0137,0.0,-0.06981,0.0,-0.06981,Sidewalk
168.0,133.9424,3.0414,-1.88496,0.0,-0.06981,164.0604,0.9097,stand_8,330.0137,0.0,-0.06981,0.0,-0.06981,Sidewalk
168.5,133.9424,3.0414,-1.91986,0.0,-0.06981,164.0604,0.9097,stand_8,330.0137,0.0,-0.06981,0.0,-0.06981,Sidewalk
169.0,133.9424,3.0414,-1.95477,0.0,-0.06981,164.0604,0.9097,stand_8,330.0137,0.0,-0.06981,0.0,-0.06981,Sidewalk
169.5,133.9424,3.0414,-1.98968,0.0,-0.06981,164.0604,0.9097,stand_8,330.0137,0.0,-0.06981,0.0,-0.06981,Sidewalk
170.0,133.9424,3.0414,-2.02458,0.0,-0.06981,164.0604,0.9097,stand_8,330.0137,0.0,-0.06981,0.0,-0.06981,Sidewalk
170.5,133.9424,3.0414,-2.05949,0.0,-0.06981,164.0604,0.9097,stand_8,330.0137,0.0,-0.06981,0.0,-0.06981,Sidewalk
171.0,133.9424,3.0414,-2.0944,0.0,-0.06981,164.0604,0.9097,stand_8,330.0137,0.0,-0.06981,0.0,-0.06981,Sidewalk
171.5,133.9424,3.0414,-2.1293,0.0,-0.06981,164.0604,0.9097,stand_8,330.0137,0.0,-0.06981,0.0,-0.06981,Sidewalk
172.0,133.9424,3.0414,-2.16421,0.0,-0.06981,164.0604,0.9097,stand_8,330.0137,0.0,-0.06981,0.0,-0.06981,Sidewalk
172.5,133.9424,3.0414,-2.19911,0.0,-0.06981,164.0604,0.9097,stand_8,330.0137,0.0,-0.06981,0.0,-0.06981,Sidewalk
173.0,133.9424,3.0414,-2.23402,0.0,-0.06981,164.0604,0.9097,stand_8,330.0137,0.0,-0.06981,0.0,-0.06981,Sidewalk
173.5,133.9424,3.0414,-2.26893,0.0,-0.06981,164.0604,0.9097,stand_8,330.0137,0.0,-0.06981,0.0,-0.06981,Sidewalk
174.0,133.9424,3.0414,-2.30383,0.0,-0.06981,164.0604,0.9097,stand_8,330.0137,0.0,-0.06981,0.0,-0.06981,Sidewalk
174.5,133.9424,3.0414,-2.33874,0.0,-0.06981,164.0604,0.9097,stand_8,330.0137,0.0,-0.06981,0.0,-0.06981,Sidewalk
175.0,133.9424,3.0414,-2.37365,0.0,-0.06981,164.0604,0.9097,stand_8,330.0137,0.0,-0.06981,0.0,-0.06981,Sidewalk
175.5,133.9424,3.0414,-2.40855,0.0,-0.06981,164.0604,0.9097,stand_8,330.0137,0.0,-0.06981,0.0,-0.06981,Sidewalk
176.0,133.9424,3.0414,-2.44346,0.0,-0.06981,164.0604,0.9097,stand_8,330.0137,0.0,-0.06981,0.0,-0.06981,Sidewalk
176.5,133.9424,3.0414,-2.47837,0.0,-0.06981,164.0604,0.9097,stand_8,330.0137,0.0,-0.06981,0.0,-0.06981,Sidewalk
177.0,133.9424,3.0414,-2.51327,0.0,-0.06981,164.0604,0.9097,stand_8,330.0137,0.0,-0.06981,0.0,-0.06981,Sidewalk
177.5,133.9424,3.0414,-2.54818,0.0,-0.06981,164.0604,0.9097,stand_8,330.0137,0.0,-0.06981,0.0,-0.06981,Sidewalk
178.0,133.9424,3.0414,-2.58309,0.0,-0.06981,164.0604,0.9097,stand_8,330.0137,0.0,-0.06981,0.0,-0.06981,Sidewalk
178.5,133.9424,3.0414,-2.61799,0.0,-0.06981,164.0604,0.9097,stand_8,330.0137,0.0,-0.06981,0.0,-0.06981,Sidewalk
179.0,133.9424,3.0414,-2.6529,0.0,-0.06981,164.0604,0.9097,stand_8,330.0137,0.0,-0.06981,0.0,-0.06981,Sidewalk
179.5,133.9424,3.0414,-2.68781,0.0,-0.06981,164.0604,0.9097,stand_8,330.0137,0.0,-0.06981,0.0,-0.06981,Sidewalk
180.0,133.9424,3.0414,-2.72271,0.0,-0.06981,164.0604,0.9097,stand_8,330.0137,0.0,-0.06981,0.0,-0.06981,Sidewalk
180.5,133.9424,3.0414,-2.75762,0.0,-0.06981,164.0604,0.9097,stand_8,330.0137,0.0,-0.06981,0.0,-0.06981,Sidewalk
181.0,133.9424,3.0414,-2.79253,0.0,-0.06981,164.0604,0.9097,stand_8,330.0137,0.0,-0.06981,0.0,-0.06981,Sidewalk
181.5,133.9424,3.0414,-2.82743,0.0,-0.06981,164.0604,0.9097,stand_8,330.0137,0.0,-0.06981,0.0,-0.06981,Sidewalk
182.0,133.9424,3.0414,-2.86234,0.0,-0.06981,164.0604,0.9097,stand_8,330.0137,0.0,-0.06981,0.0,-0.06981,Sidewalk
182.5,133.9424,3.0414,-2.89725,0.0,-0.06981,164.0604,0.9097,stand_8,330.0137,0.0,-0.06981,0.0,-0.06981,Sidewalk
183.0,133.9424,3.0414,-2.93215,0.0,-0.06981,164.0604,0.9097,stand_8,330.0137,0.0,-0.06981,0.0,-0.06981,Sidewalk
183.5,133.9424,3.0414,-2.96706,0.0,-0.06981,164.0604,0.9097,stand_8,330.0137,0.0,-0.06981,0.0,-0.06981,Sidewalk
184.0,133.9424,3.0414,-3.00197,0.0,-0.06981,164.0604,0.9097,stand_8,330.0137,0.0,-0.06981,0.0,-0.06981,Sidewalk
184.5,133.9424,3.0414,-3.03687,0.0,-0.06981,164.0604,0.9097,stand_8,330.0137,0.0,-0.06981,0.0,-0.06981,Sidewalk
185.0,133.9424,3.0414,-3.07178,0.0,-0.06981,164.0604,0.9097,stand_8,330.0137,0.0,-0.06981,0.0,-0.06981,Sidewalk
185.5,133.9424,3.0414,-3.10669,0.0,-0.06981,164.0604,0.9097,stand_8,330.0137,0.0,-0.06981,0.0,-0.06981,Sidewalk
186.0,133.9424,3.0414,3.14159,0.0,-0.06981,164.0604,0.9097,stand_8,330.0137,0.0,-0.06981,0.0,-0.06981,Sidewalk
186.5,133.9424,3.0414,3.10669,0.0,-0.06981,164.0604,0.9097,stand_8,330.0137,0.0,-0.06981,0.0,-0.06981,Sidewalk
187.0,133.9424,3.0414,3.07178,0.0,-0.06981,164.0604,0.9097,stand_8,330.0137,0.0,-0.06981,0.0,-0.06981,Sidewalk
187.5,133.9424,3.0414,3.03687,0.0,-0.06981,164.0604,0.9097,stand_8,330.0137,0.0,-0.06981,0.0,-0.06981,Sidewalk
188.0,133.9424,3.0414,3.00197,0.0,-0.06981,164.0604,0.9097,stand_8,330.0137,0.0,-0.06981,0.0,-0.06981,Sidewalk
188.5,133.9424,3.0414,2.96706,0.0,-0.06981,164.0604,0.9097,stand_8,330.0137,0.0,-0.06981,0.0,-0.06981,Sidewalk
189.0,133.9424,3.0414,2.93215,0.0,-0.06981,164.0604,0.9097,stand_8,330.0137,0.0,-0.06981,0.0,-0.06981,Sidewalk
189.5,133.9424,3.0414,2.89725,0.0,-0.06981,164.0604,0.9097,stand_8,330.0137,0.0,-0.06981,0.0,-0.06981,Sidewalk
190.0,133.9424,3.0414,2.86234,0.0,-0.06981,164.0604,0.9097,stand_8,330.0137,0.0,-0.06981,0.0,-0.06981,Sidewalk
190.5,133.9424,3.0414,2.82743,0.0,-0.06981,164.0604,0.9097,stand_8,330.0137,0.0,-0.06981,0.0,-0.06981,Sidewalk
191.0,133.9424,3.0414,2.79253,0.0,-0.06981,164.0604,0.9097,stand_8,330.0137,0.0,-0.06981,0.0,-0.06981,Sidewalk
191.5,133.9424,3.0414,2.75762,0.0,-0.06981,164.0604,0.9097,stand_8,330.0137,0.0,-0.06981,0.0,-0.06981,Sidewalk
192.0,133.9424,3.0414,2.72271,0.0,-0.06981,164.0604,0.9097,stand_8,330.0137,0.0,-0.06981,0.0,-0.06981,Sidewalk
192.5,133.9424,3.0414,2.68781,0.0,-0.06981,164.0604,0.9097,stand_8,330.0137,0.0,-0.06981,0.0,-0.06981,Sidewalk
193.0,133.9424,3.0414,2.6529,0.0,-0.06981,164.0604,0.9097,stand_8,330.0137,0.0,-0.06981,0.0,-0.06981,Sidewalk
193.5,133.9424,3.0414,2.61799,0.0,-0.06981,164.0604,0.9097,stand_8,330.0137,0.0,-0.06981,0.0,-0.06981,Sidewalk
194.0,133.9424,3.0414,2.58309,0.0,-0.06981,164.0604,0.9097,stand_8,330.0137,0.0,-0.06981,0.0,-0.06981,Sidewalk
194.5,133.9424,3.0414,2.54818,0.0,-0.06981,164.0604,0.9097,stand_8,330.0137,0.0,-0.06981,0.0,-0.06981,Sidewalk
195.0,133.9424,3.0414,2.51327,0.0,-0.06981,164.0604,0.9097,stand_8,330.0137,0.0,-0.06981,0.0,-0.06981,Sidewalk
195.5,133.9424,3.0414,2.47837,0.0,-0.06981,164.0604,0.9097,stand_8,330.0137,0.0,-0.06981,0.0,-0.06981,Sidewalk
196.0,133.9424,3.0414,2.44346,0.0,-0.06981,164.0604,0.9097,stand_8,330.0137,0.0,-0.06981,0.0,-0.06981,Sidewalk
196.5,133.9424,3.0414,2.40855,0.0,-0.06981,164.0604,0.9097,stand_8,330.0137,0.0,-0.06981,0.0,-0.06981,Sidewalk
197.0,133.9424,3.0414,2.37365,0.0,-0.06981,164.0604,0.9097,stand_8,330.0137,0.0,-0.06981,0.0,-0.06981,Sidewalk
197.5,133.9424,3.0414,2.33874,0.0,-0.06981,164.0604,0.9097,stand_8,330.0137,0.0,-0.06981,0.0,-0.06981,Sidewalk
198.0,133.9424,3.0414,2.30383,0.0,-0.06981,164.0604,0.9097,stand_8,330.0137,0.0,-0.06981,0.0,-0.06981,Sidewalk
198.5,133.9424,3.0414,2.26893,0.0,-0.06981,164.0604,0.9097,stand_8,330.0137,0.0,-0.06981,0.0,-0.06981,Sidewalk
199.0,133.9424,3.0414,2.23402,0.0,-0.06981,164.0604,0.9097,stand_8,330.0137,0.0,-0.06981,0.0,-0.06981,Sidewalk
199.5,133.9424,3.0414,2.19911,0.0,-0.06981,164.0604,0.9097,stand_8,330.0137,0.0,-0.06981,0.0,-0.06981,Sidewalk
200.0,133.9424,3.0414,2.16421,0.0,-0.06981,164.0604,0.9097,stand_8,330.0137,0.0,-0.06981,0.0,-0.06981,Sidewalk
200.5,133.9424,3.0414,2.1293,0.0,-0.06981,164.0604,0.9097,stand_8,330.0137,0.0,-0.06981,0.0,-0.06981,Sidewalk
201.0,133.9424,3.0414,2.0944,0.0,-0.06981,164.0604,0.9097,stand_8,330.0137,0.0,-0.06981,0.0,-0.06981,Sidewalk
201.5,133.9424,3.0414,2.05949,0.0,-0.06981,164.0604,0.9097,stand_8,330.0137,0.0,-0.06981,0.0,-0.06981,Sidewalk
202.0,133.9424,3.0414,2.02458,0.0,-0.06981,164.0604,0.9097,stand_8,330.0137,0.0,-0.06981,0.0,-0.06981,Sidewalk
202.5,133.9424,3.0414,1.98968,0.0,-0.06981,164.0604,0.9097,stand_8,330.0137,0.0,-0.06981,0.0,-0.06981,Sidewalk
203.0,133.9424,3.0414,1.95477,0.0,-0.06981,164.0604,0.9097,stand_8,330.0137,0.0,-0.06981,0.0,-0.06981,Sidewalk
203.5,133.9424,3.0414,1.91986,0.0,-0.06981,164.0604,0.9097,stand_8,330.0137,0.0,-0.06981,0.0,-0.06981,Sidewalk
204.0,133.9424,3.0414,1.88496,0.0,-0.06981,164.0604,0.9097,stand_8,330.0137,0.0,-0.06981,0.0,-0.06981,Sidewalk
204.5,133.9424,3.0414,1.85005,0.0,-0.06981,164.0604,0.9097,stand_8,330.0137,0.0,-0.06981,0.0,-0.06981,Sidewalk
205.0,133.9424,3.0414,1.81514,0.0,-0.06981,164.0604,0.9097,stand_8,330.0137,0.0,-0.06981,0.0,-0.06981,Sidewalk
205.5,133.9424,3.0414,1.78024,0.0,-0.06981,164.0604,0.9097,stand_8,330.0137,0.0,-0.06981,0.0,-0.06981,Sidewalk
206.0,133.9424,3.0414,1.74533,0.0,-0.06981,164.0604,0.9097,stand_8,330.0137,0.0,-0.06981,0.0,-0.06981,Sidewalk
206.5,133.9424,3.0414,1.71042,0.0,-0.06981,164.0604,0.9097,stand_8,330.0137,0.0,-0.06981,0.0,-0.06981,Sidewalk
207.0,133.9424,3.0414,1.67552,0.0,-0.06981,164.0604,0.9097,stand_8,330.0137,0.0,-0.06981,0.0,-0.06981,Sidewalk
207.5,133.9424,3.0414,1.64061,0.0,-0.06981,164.0604,0.9097,stand_8,330.0137,0.0,-0.06981,0.0,-0.06981,Sidewalk
208.0,133.9424,3.0414,1.6057,0.0,-0.06981,164.0604,0.9097,stand_8,330.0137,0.0,-0.06981,0.0,-0.06981,Sidewalk
208.5,133.9424,3.0414,1.5708,0.0,-0.06981,164.0604,0.9097,stand_8,330.0137,0.0,-0.06981,0.0,-0.06981,Sidewalk
209.0,133.9424,3.0414,1.53589,0.0,-0.06981,164.0604,0.9097,stand_8,330.0137,0.0,-0.06981,0.0,-0.06981,Sidewalk
209.5,133.9424,3.0414,1.50098,0.0,-0.06981,164.0604,0.9097,stand_8,330.0137,0.0,-0.06981,0.0,-0.06981,Sidewalk
210.0,133.9424,3.0414,1.46608,0.0,-0.06981,164.0604,0.9097,stand_8,330.0137,0.0,-0.06981,0.0,-0.06981,Sidewalk
210.5,133.9424,3.0414,1.43117,0.0,-0.06981,164.0604,0.9097,stand_8,330.0137,0.0,-0.06981,0.0,-0.06981,Sidewalk
211.0,133.9424,3.0414,1.39626,0.0,-0.06981,164.0604,0.9097,stand_8,330.0137,0.0,-0.06981,0.0,-0.06981,Sidewalk
211.5,133.9424,3.0414,1.36136,0.0,-0.06981,164.0604,0.9097,stand_8,330.0137,0.0,-0.06981,0.0,-0.06981,Sidewalk
212.0,133.9424,3.0414,1.32645,0.0,-0.06981,164.0604,0.9097,stand_8,330.0137,0.0,-0.06981,0.0,-0.06981,Sidewalk
212.5,133.9424,3.0414,1.29154,0.0,-0.06981,164.0604,0.9097,stand_8,330.0137,0.0,-0.06981,0.0,-0.06981,Sidewalk
213.0,133.9424,3.0414,1.25664,0.0,-0.06981,164.0604,0.9097,stand_8,330.0137,0.0,-0.06981,0.0,-0.06981,Sidewalk
213.5,133.9424,3.0414,1.22173,0.0,-0.06981,164.0604,0.9097,stand_8,330.0137,0.0,-0.06981,0.0,-0.06981,Sidewalk
214.0,133.9424,3.0414,1.18682,0.0,-0.06981,164.0604,0.9097,stand_8,330.0137,0.0,-0.06981,0.0,-0.06981,Sidewalk
214.5,133.9424,3.0414,1.15192,0.0,-0.06981,164.0604,0.9097,stand_8,330.0137,0.0,-0.06981,0.0,-0.06981,Sidewalk
215.0,133.9424,3.0414,1.11701,0.0,-0.06981,164.0604,0.9097,stand_8,330.0137,0.0,-0.06981,0.0,-0.06981,Sidewalk
215.5,133.9424,3.0414,1.0821,0.0,-0.06981,164.0604,0.9097,stand_8,330.0137,0.0,-0.06981,0.0,-0.06981,Sidewalk
216.0,133.9424,3.0414,1.0472,0.0,-0.06981,164.0604,0.9097,stand_8,330.0137,0.0,-0.06981,0.0,-0.06981,Sidewalk
216.5,133.9424,3.0414,1.01229,0.0,-0.06981,164.0604,0.9097,stand_8,330.0137,0.0,-0.06981,0.0,-0.06981,Sidewalk
217.0,133.9424,3.0414,0.97738,0.0,-0.06981,164.0604,0.9097,stand_8,330.0137,0.0,-0.06981,0.0,-0.06981,Sidewalk
217.5,133.9424,3.0414,0.94248,0.0,-0.06981,164.0604,0.9097,stand_8,330.0137,0.0,-0.06981,0.0,-0.06981,Sidewalk
218.0,133.9424,3.0414,0.90757,0.0,-0.06981,164.0604,0.9097,stand_8,330.0137,0.0,-0.06981,0.0,-0.06981,Sidewalk
218.5,133.9424,3.0414,0.87266,0.0,-0.06981,164.0604,0.9097,stand_8,330.0137,0.0,-0.06981,0.0,-0.06981,Sidewalk
219.0,133.9424,3.0414,0.83776,0.0,-0.06981,164.0604,0.9097,stand_8,330.0137,0.0,-0.06981,0.0,-0.06981,Sidewalk
219.5,133.9424,3.0414,0.80285,0.0,-0.06981,164.0604,0.9097,stand_8,330.0137,0.0,-0.06981,0.0,-0.06981,Sidewalk
220.0,133.9424,3.0414,0.76794,0.0,-0.06981,164.0604,0.9097,stand_8,330.0137,0.0,-0.06981,0.0,-0.06981,Sidewalk
220.5,133.9424,3.0414,0.73304,0.0,-0.06981,164.0604,0.9097,stand_8,330.0137,0.0,-0.06981,0.0,-0.06981,Sidewalk
221.0,133.9424,3.0414,0.69813,0.0,-0.06981,164.0604,0.9097,stand_8,330.0137,0.0,-0.06981,0.0,-0.06981,Sidewalk
221.5,133.9424,3.0414,0.66323,0.0,-0.06981,164.0604,0.9097,stand_8,330.0137,0.0,-0.06981,0.0,-0.06981,Sidewalk
222.0,133.9424,3.0414,0.62832,0.0,-0.06981,164.0604,0.9097,stand_8,330.0137,0.0,-0.06981,0.0,-0.06981,Sidewalk
222.5,133.9424,3.0414,0.59341,0.0,-0.06981,164.0604,0.9097,stand_8,330.0137,0.0,-0.06981,0.0,-0.06981,Sidewalk
223.0,133.9424,3.0414,0.55851,0.0,-0.06981,164.0604,0.9097,stand_8,330.0137,0.0,-0.06981,0.0,-0.06981,Sidewalk
223.5,133.9424,3.0414,0.5236,0.0,-0.06981,164.0604,0.9097,stand_8,330.0137,0.0,-0.06981,0.0,-0.06981,Sidewalk
224.0,133.9424,3.0414,0.48869,0.0,-0.06981,164.0604,0.9097,stand_8,330.0137,0.0,-0.06981,0.0,-0.06981,Sidewalk
224.5,133.9424,3.0414,0.45379,0.0,-0.06981,164.0604,0.9097,stand_8,330.0137,0.0,-0.06981,0.0,-0.06981,Sidewalk
225.0,133.9424,3.0414,0.41888,0.0,-0.06981,164.0604,0.9097,stand_8,330.0137,0.0,-0.06981,0.0,-0.06981,Sidewalk
225.5,133.9424,3.0414,0.38397,0.0,-0.06981,164.0604,0.9097,stand_8,330.0137,0.0,-0.06981,0.0,-0.06981,Sidewalk
226.0,133.9424,3.0414,0.34907,0.0,-0.06981,164.0604,0.9097,stand_8,330.0137,0.0,-0.06981,0.0,-0.06981,Sidewalk
226.5,133.9424,3.0414,0.31416,0.0,-0.06981,164.0604,0.9097,stand_8,330.0137,0.0,-0.06981,0.0,-0.06981,Sidewalk
227.0,133.9424,3.0414,0.27925,0.0,-0.06981,164.0604,0.9097,stand_8,330.0137,0.0,-0.06981,0.0,-0.06981,Sidewalk
227.5,133.9424,3.0414,0.24435,0.0,-0.06981,164.0604,0.9097,stand_8,330.0137,0.0,-0.06981,0.0,-0.06981,Sidewalk
228.0,133.9424,3.0414,0.20944,0.0,-0.06981,164.0604,0.9097,stand_8,330.0137,0.0,-0.06981,0.0,-0.06981,Sidewalk
228.5,133.9424,3.0414,0.17453,0.0,-0.06981,164.0604,0.9097,stand_8,330.0137,0.0,-0.06981,0.0,-0.06981,Sidewalk
229.0,133.9424,3.0414,0.13963,0.0,-0.06981,164.0604,0.9097,stand_8,330.0137,0.0,-0.06981,0.0,-0.06981,Sidewalk
229.5,133.9424,3.0414,0.10472,0.0,-0.06981,164.0604,0.9097,stand_8,330.0137,0.0,-0.06981,0.0,-0.06981,Sidewalk
230.0,133.9424,3.0414,0.06981,0.0,-0.06981,164.0604,0.9097,stand_8,330.0137,0.0,-0.06981,0.0,-0.06981,Sidewalk
230.5,133.9424,3.0414,0.03491,0.0,-0.06981,164.0604,0.9097,stand_8,330.0137,0.0,-0.06981,0.0,-0.06981,Sidewalk
231.0,133.9424,3.0414,0.0,0.0,-0.06981,164.0604,0.9097,stand_8,330.0137,0.0,-0.06981,0.0,-0.06981,Sidewalk
231.5,133.9424,3.0414,-0.03491,0.0,-0.06981,164.0604,0.9097,stand_8,330.0137,0.0,-0.06981,0.0,-0.06981,Sidewalk
232.0,133.9424,3.0414,-0.06981,0.0,-0.06981,164.0604,0.9097,stand_8,330.0137,0.0,-0.06981,0.0,-0.06981,Sidewalk
232.5,133.9424,3.0414,-0.10472,0.0,-0.06981,164.0604,0.9097,stand_8,330.0137,0.0,-0.06981,0.0,-0.06981,Sidewalk
233.0,133.9424,3.0414,-0.13963,0.0,-0.06981,164.0604,0.9097,stand_8,330.0137,0.0,-0.06981,0.0,-0.06981,Sidewalk
233.5,133.9424,3.0414,-0.17453,0.0,-0.06981,164.0604,0.9097,stand_8,330.0137,0.0,-0.06981,0.0,-0.06981,Sidewalk
234.0,133.9424,3.0414,-0.20944,0.0,-0.06981,164.0604,0.9097,stand_8,330.0137,0.0,-0.06981,0.0,-0.06981,Sidewalk
234.5,133.9424,3.0414,-0.24435,0.0,-0.06981,164.0604,0.9097,stand_8,330.0137,0.0,-0.06981,0.0,-0.06981,Sidewalk
235.0,133.9424,3.0414,-0.27925,0.0,-0.06981,164.0604,0.9097,stand_8,330.0137,0.0,-0.06981,0.0,-0.06981,Sidewalk
235.5,133.9424,3.0414,-0.31416,0.0,-0.06981,164.0604,0.9097,stand_8,330.0137,0.0,-0.06981,0.0,-0.06981,Sidewalk
236.0,133.9424,3.0414,-0.34907,0.0,-0.06981,164.0604,0.9097,stand_8,330.0137,0.0,-0.06981,0.0,-0.06981,Sidewalk
236.5,133.9424,3.0414,-0.38397,0.0,-0.06981,164.0604,0.9097,stand_8,330.0137,0.0,-0.06981,0.0,-0.06981,Sidewalk
237.0,133.9424,3.0414,-0.41888,0.0,-0.06981,164.0604,0.9097,stand_8,330.0137,0.0,-0.06981,0.0,-0.06981,Sidewalk
237.5,133.9424,3.0414,-0.45379,0.0,-0.06981,164.0604,0.9097,stand_8,330.0137,0.0,-0.06981,0.0,-0.06981,Sidewalk
238.0,133.9424,3.0414,-0.48869,0.0,-0.06981,164.0604,0.9097,stand_8,330.0137,0.0,-0.06981,0.0,-0.06981,Sidewalk
238.5,133.9424,3.0414,-0.5236,0.0,-0.06981,164.0604,0.9097,stand_8,330.0137,0.0,-0.06981,0.0,-0.06981,Sidewalk
239.0,133.9424,3.0414,-0.55851,0.0,-0.06981,164.0604,0.9097,stand_8,330.0137,0.0,-0.06981,0.0,-0.06981,Sidewalk
239.5,133.9424,3.0414,-0.59341,0.0,-0.06981,164.0604,0.9097,stand_8,330.0137,0.0,-0.06981,0.0,-0.06981,Sidewalk
240.0,133.9424,3.0414,-0.62832,0.0,-0.06981,164.0604,0.9097,stand_8,330.0137,0.0,-0.06981,0.0,-0.06981,Sidewalk
240.5,133.9424,3.0414,-0.66323,0.0,-0.06981,164.0604,0.9097,stand_8,330.0137,0.0,-0.06981,0.0,-0.06981,Sidewalk
241.0,133.9424,3.0414,-0.69813,0.0,-0.06981,164.0604,0.9097,stand_8,330.0137,0.0,-0.06981,0.0,-0.06981,Sidewalk
241.5,133.9424,3.0414,-0.73304,0.0,-0.06981,164.0604,0.9097,stand_8,330.0137,0.0,-0.06981,0.0,-0.06981,Sidewalk
242.0,133.9424,3.0414,-0.76794,0.0,-0.06981,164.0604,0.9097,stand_8,330.0137,0.0,-0.06981,0.0,-0.06981,Sidewalk
242.5,133.9424,3.0414,-0.80285,0.0,-0.06981,164.0604,0.9097,stand_8,330.0137,0.0,-0.06981,0.0,-0.06981,Sidewalk
243.0,133.9424,3.0414,-0.83776,0.0,-0.06981,164.0604,0.9097,stand_8,330.0137,0.0,-0.06981,0.0,-0.06981,Sidewalk
243.5,133.9424,3.0414,-0.87266,0.0,-0.06981,164.0604,0.9097,stand_8,330.0137,0.0,-0.06981,0.0,-0.06981,Sidewalk
244.0,133.9424,3.0414,-0.90757,0.0,-0.06981,164.0604,0.9097,stand_8,330.0137,0.0,-0.06981,0.0,-0.06981,Sidewalk
244.5,133.9424,3.0414,-0.94248,0.0,-0.06981,164.0604,0.9097,stand_8,330.0137,0.0,-0.06981,0.0,-0.06981,Sidewalk
245.0,133.9424,3.0414,-0.97738,0.0,-0.06981,164.0604,0.9097,stand_8,330.0137,0.0,-0.06981,0.0,-0.06981,Sidewalk
245.5,133.9424,3.0414,-1.01229,0.0,-0.06981,164.0604,0.9097,stand_8,330.0137,0.0,-0.06981,0.0,-0.06981,Sidewalk
246.0,133.9424,3.0414,-1.0472,0.0,-0.06981,164.0604,0.9097,stand_8,330.0137,0.0,-0.06981,0.0,-0.06981,Sidewalk
246.5,133.9424,3.0414,-1.0821,0.0,-0.06981,164.0604,0.9097,stand_8,330.0137,0.0,-0.06981,0.0,-0.06981,Sidewalk
247.0,133.9424,3.0414,-1.11701,0.0,-0.06981,164.0604,0.9097,stand_8,330.0137,0.0,-0.06981,0.0,-0.06981,Sidewalk
247.5,133.9424,3.0414,-1.15192,0.0,-0.06981,164.0604,0.9097,stand_8,330.0137,0.0,-0.06981,0.0,-0.06981,Sidewalk
248.0,133.9424,3.0414,-1.18682,0.0,-0.06981,164.0604,0.9097,stand_8,330.0137,0.0,-0.06981,0.0,-0.06981,Sidewalk
248.5,133.9424,3.0414,-1.22173,0.0,-0.06981,164.0604,0.9097,stand_8,330.0137,0.0,-0.06981,0.0,-0.06981,Sidewalk
249.0,133.9424,3.0414,-1.25664,0.0,-0.06981,164.0604,0.9097,stand_8,330.0137,0.0,-0.06981,0.0,-0.06981,Sidewalk
249.5,133.9424,3.0414,-1.29154,0.0,-0.06981,164.0604,0.9097,stand_8,330.0137,0.0,-0.06981,0.0,-0.06981,Sidewalk
250.0,133.9424,3.0414,-1.32645,0.0,-0.06981,164.0604,0.9097,stand_8,330.0137,0.0,-0.06981,0.0,-0.06981,Sidewalk
250.5,133.9424,3.0414,-1.36136,0.0,-0.06981,164.0604,0.9097,stand_8,330.0137,0.0,-0.06981,0.0,-0.06981,Sidewalk
251.0,133.9424,3.0414,-1.39626,0.0,-0.06981,164.0604,0.9097,stand_8,330.0137,0.0,-0.06981,0.0,-0.06981,Sidewalk
251.5,133.9424,3.0414,-1.43117,0.0,-0.06981,164.0604,0.9097,stand_8,330.0137,0.0,-0.06981,0.0,-0.06981,Sidewalk
252.0,133.9424,3.0414,-1.46608,0.0,-0.06981,164.0604,0.9097,stand_8,330.0137,0.0,-0.06981,0.0,-0.06981,Sidewalk
252.5,133.9424,3.0414,-1.50098,0.0,-0.06981,164.0604,0.9097,stand_8,330.0137,0.0,-0.06981,0.0,-0.06981,Sidewalk
253.0,133.9424,3.0414,-1.53589,0.0,-0.06981,164.0604,0.9097,stand_8,330.0137,0.0,-0.06981,0.0,-0.06981,Sidewalk
253.5,133.9424,3.0414,-1.5708,0.0,-0.06981,164.0604,0.9097,stand_8,330.0137,0.0,-0.06981,0.0,-0.06981,Sidewalk
254.0,133.9424,3.0414,-1.6057,0.0,-0.06981,164.0604,0.9097,stand_8,330.0137,0.0,-0.06981,0.0,-0.06981,Sidewalk
254.5,133.9424,3.0414,-1.64061,0.0,-0.06981,164.0604,0.9097,stand_8,330.0137,0.0,-0.06981,0.0,-0.06981,Sidewalk
255.0,133.9424,3.0414,-1.67552,0.0,-0.06981,164.0604,0.9097,stand_8,330.0137,0.0,-0.06981,0.0,-0.06981,Sidewalk
255.5,133.9424,3.0414,-1.71042,0.0,-0.06981,164.0604,0.9097,stand_8,330.0137,0.0,-0.06981,0.0,-0.06981,Sidewalk
256.0,133.9424,3.0414,-1.74533,0.0,-0.06981,164.0604,0.9097,stand_8,330.0137,0.0,-0.06981,0.0,-0.06981,Sidewalk
256.5,133.9424,3.0414,-1.78024,0.0,-0.06981,164.0604,0.9097,stand_8,330.0137,0.0,-0.06981,0.0,-0.06981,Sidewalk
257.0,133.9424,3.0414,-1.81514,0.0,-0.06981,164.0604,0.9097,stand_8,330.0137,0.0,-0.06981,0.0,-0.06981,Sidewalk
257.5,133.9424,3.0414,-1.85005,0.0,-0.06981,164.0604,0.9097,stand_8,330.0137,0.0,-0.06981,0.0,-0.06981,Sidewalk
258.0,133.9424,3.0414,-1.88496,0.0,-0.06981,164.0604,0.9097,stand_8,330.0137,0.0,-0.06981,0.0,-0.06981,Sidewalk
258.5,133.9424,3.0414,-1.91986,0.0,-0.06981,164.0604,0.9097,stand_8,330.0137,0.0,-0.06981,0.0,-0.06981,Sidewalk
259.0,133.9424,3.0414,-1.95477,0.0,-0.06981,164.0604,0.9097,stand_8,330.0137,0.0,-0.06981,0.0,-0.06981,Sidewalk
259.5,133.9424,3.0414,-1.98968,0.0,-0.06981,164.0604,0.9097,stand_8,330.0137,0.0,-0.06981,0.0,-0.06981,Sidewalk
260.0,133.9424,3.0414,-2.02458,0.0,-0.06981,164.0604,0.9097,stand_8,330.0137,0.0,-0.06981,0.0,-0.06981,Sidewalk
260.5,133.9424,3.0414,-2.05949,0.0,-0.06981,164.0604,0.9097,stand_8,330.0137,0.0,-0.06981,0.0,-0.06981,Sidewalk
261.0,133.9424,3.0414,-2.0944,0.0,-0.06981,164.0604,0.9097,stand_8,330.0137,0.0,-0.06981,0.0,-0.06981,Sidewalk
261.5,133.9424,3.0414,-2.1293,0.0,-0.06981,164.0604,0.9097,stand_8,330.0137,0.0,-0.06981,0.0,-0.06981,Sidewalk
262.0,133.9424,3.0414,-2.16421,0.0,-0.06981,164.0604,0.9097,stand_8,330.0137,0.0,-0.06981,0.0,-0.06981,Sidewalk
262.5,133.9424,3.0414,-2.19911,0.0,-0.06981,164.0604,0.9097,stand_8,330.0137,0.0,-0.06981,0.0,-0.06981,Sidewalk
263.0,133.9424,3.0414,-2.23402,0.0,-0.06981,164.0604,0.9097,stand_8,330.0137,0.0,-0.06981,0.0,-0.06981,Sidewalk
263.5,133.9424,3.0414,-2.26893,0.0,-0.06981,164.0604,0.9097,stand_8,330.0137,0.0,-0.06981,0.0,-0.06981,Sidewalk
264.0,133.9424,3.0414,-2.30383,0.0,-0.06981,164.0604,0.9097,stand_8,330.0137,0.0,-0.06981,0.0,-0.06981,Sidewalk
264.5,133.9424,3.0414,-2.33874,0.0,-0.06981,164.0604,0.9097,stand_8,330.0137,0.0,-0.06981,0.0,-0.06981,Sidewalk
265.0,133.9424,3.0414,-2.37365,0.0,-0.06981,164.0604,0.9097,stand_8,330.0137,0.0,-0.06981,0.0,-0.06981,Sidewalk
265.5,133.9424,3.0414,-2.40855,0.0,-0.06981,164.0604,0.9097,stand_8,330.0137,0.0,-0.06981,0.0,-0.06981,Sidewalk
266.0,133.9424,3.0414,-2.44346,0.0,-0.06981,164.0604,0.9097,stand_8,330.0137,0.0,-0.06981,0.0,-0.06981,Sidewalk
266.5,133.9424,3.0414,-2.47837,0.0,-0.06981,164.0604,0.9097,stand_8,330.0137,0.0,-0.06981,0.0,-0.06981,Sidewalk
267.0,133.9424,3.0414,-2.51327,0.0,-0.06981,164.0604,0.9097,stand_8,330.0137,0.0,-0.06981,0.0,-0.06981,Sidewalk
267.5,133.9424,3.0414,-2.54818,0.0,-0.06981,164.0604,0.9097,stand_8,330.0137,0.0,-0.06981,0.0,-0.06981,Sidewalk
268.0,133.9424,3.0414,-2.58309,0.0,-0.06981,164.0604,0.9097,stand_8,330.0137,0.0,-0.06981,0.0,-0.06981,Sidewalk
268.5,133.9424,3.0414,-2.61799,0.0,-0.06981,164.0604,0.9097,stand_8,330.0137,0.0,-0.06981,0.0,-0.06981,Sidewalk
269.0,133.9424,3.0414,-2.6529,0.0,-0.06981,164.0604,0.9097,stand_8,330.0137,0.0,-0.06981,0.0,-0.06981,Sidewalk
269.5,133.9424,3.0414,-2.68781,0.0,-0.06981,164.0604,0.9097,stand_8,330.0137,0.0,-0.06981,0.0,-0.06981,Sidewalk
270.0,133.9424,3.0414,-2.72271,0.0,-0.06981,164.0604,0.9097,stand_8,330.0137,0.0,-0.06981,0.0,-0.06981,Sidewalk
270.5,133.9424,3.0414,-2.75762,0.0,-0.06981,164.0604,0.9097,stand_8,330.0137,0.0,-0.06981,0.0,-0.06981,Sidewalk
271.0,133.9424,3.0414,-2.79253,0.0,-0.06981,164.0604,0.9097,stand_8,330.0137,0.0,-0.06981,0.0,-0.06981,Sidewalk
271.5,133.9424,3.0414,-2.82743,0.0,-0.06981,164.0604,0.9097,stand_8,330.0137,0.0,-0.06981,0.0,-0.06981,Sidewalk
272.0,133.9424,3.0414,-2.86234,0.0,-0.06981,164.0604,0.9097,stand_8,330.0137,0.0,-0.06981,0.0,-0.06981,Sidewalk
272.5,133.9424,3.0414,-2.89725,0.0,-0.06981,164.0604,0.9097,stand_8,330.0137,0.0,-0.06981,0.0,-0.06981,Sidewalk
273.0,133.9424,3.0414,-2.93215,0.0,-0.06981,164.0604,0.9097,stand_8,330.0137,0.0,-0.06981,0.0,-0.06981,Sidewalk
273.5,133.9424,3.0414,-2.96706,0.0,-0.06981,164.0604,0.9097,stand_8,330.0137,0.0,-0.06981,0.0,-0.06981,Sidewalk
274.0,133.9424,3.0414,-3.00197,0.0,-0.06981,164.0604,0.9097,stand_8,330.0137,0.0,-0.06981,0.0,-0.06981,Sidewalk
274.5,133.9424,3.0414,-3.03687,0.0,-0.06981,164.0604,0.9097,stand_8,330.0137,0.0,-0.06981,0.0,-0.06981,Sidewalk
275.0,133.9424,3.0414,-3.07178,0.0,-0.06981,164.0604,0.9097,stand_8,330.0137,0.0,-0.06981,0.0,-0.06981,Sidewalk
275.5,133.9424,3.0414,-3.10669,0.0,-0.06981,164.0604,0.9097,stand_8,330.0137,0.0,-0.06981,0.0,-0.06981,Sidewalk
276.0,133.9424,3.0414,-3.14159,0.0,-0.06981,164.0604,0.9097,stand_8,330.0137,0.0,-0.06981,0.0,-0.06981,Sidewalk
276.5,133.9424,3.0414,3.10669,0.0,-0.06981,164.0604,0.9097,stand_8,330.0137,0.0,-0.06981,0.0,-0.06981,Sidewalk
277.0,133.9424,3.0414,3.07178,0.0,-0.06981,164.0604,0.9097,stand_8,330.0137,0.0,-0.06981,0.0,-0.06981,Sidewalk
277.5,133.9424,3.0414,3.03687,0.0,-0.06981,164.0604,0.9097,stand_8,330.0137,0.0,-0.06981,0.0,-0.06981,Sidewalk
278.0,133.9424,3.0414,3.00197,0.0,-0.06981,164.0604,0.9097,stand_8,330.0137,0.0,-0.06981,0.0,-0.06981,Sidewalk
278.5,133.9424,3.0414,2.96706,0.0,-0.06981,164.0604,0.9097,stand_8,330.0137,0.0,-0.06981,0.0,-0.06981,Sidewalk
279.0,133.9424,3.0414,2.93215,0.0,-0.06981,164.0604,0.9097,stand_8,330.0137,0.0,-0.06981,0.0,-0.06981,Sidewalk
279.5,133.9424,3.0414,2.89725,0.0,-0.06981,164.0604,0.9097,stand_8,330.0137,0.0,-0.06981,0.0,-0.06981,Sidewalk
280.0,133.9424,3.0414,2.86234,0.0,-0.06981,164.0604,0.9097,stand_8,330.0137,0.0,-0.06981,0.0,-0.06981,Sidewalk
280.5,133.9424,3.0414,2.82743,0.0,-0.06981,164.0604,0.9097,stand_8,330.0137,0.0,-0.06981,0.0,-0.06981,Sidewalk
281.0,133.9424,3.0414,2.79253,0.0,-0.06981,164.0604,0.9097,stand_8,330.0137,0.0,-0.06981,0.0,-0.06981,Sidewalk
281.5,133.9424,3.0414,2.75762,0.0,-0.06981,164.0604,0.9097,stand_8,330.0137,0.0,-0.06981,0.0,-0.06981,Sidewalk
282.0,133.9424,3.0414,2.72271,0.0,-0.06981,164.0604,0.9097,stand_8,330.0137,0.0,-0.06981,0.0,-0.06981,Sidewalk
282.5,133.9424,3.0414,2.68781,0.0,-0.06981,164.0604,0.9097,stand_8,330.0137,0.0,-0.06981,0.0,-0.06981,Sidewalk
283.0,133.9424,3.0414,2.6529,0.0,-0.06981,164.0604,0.9097,stand_8,330.0137,0.0,-0.06981,0.0,-0.06981,Sidewalk
283.5,133.9424,3.0414,2.61799,0.0,-0.06981,164.0604,0.9097,stand_8,330.0137,0.0,-0.06981,0.0,-0.06981,Sidewalk
284.0,133.9424,3.0414,2.58309,0.0,-0.06981,164.0604,0.9097,stand_8,330.0137,0.0,-0.06981,0.0,-0.06981,Sidewalk
284.5,133.9424,3.0414,2.54818,0.0,-0.06981,164.0604,0.9097,stand_8,330.0137,0.0,-0.06981,0.0,-0.06981,Sidewalk
285.0,133.9424,3.0414,2.51327,0.0,-0.06981,164.0604,0.9097,stand_8,330.0137,0.0,-0.06981,0.0,-0.06981,Sidewalk
285.5,133.9424,3.0414,2.47837,0.0,-0.06981,164.0604,0.9097,stand_8,330.0137,0.0,-0.06981,0.0,-0.06981,Sidewalk
286.0,133.9424,3.0414,2.44346,0.0,-0.06981,164.0604,0.9097,stand_8,330.0137,0.0,-0.06981,0.0,-0.06981,Sidewalk
286.5,133.9424,3.0414,2.40855,0.0,-0.06981,164.0604,0.9097,stand_8,330.0137,0.0,-0.06981,0.0,-0.06981,Sidewalk
287.0,133.9424,3.0414,2.37365,0.0,-0.06981,164.0604,0.9097,stand_8,330.0137,0.0,-0.06981,0.0,-0.06981,Sidewalk
287.5,133.9424,3.0414,2.33874,0.0,-0.06981,164.0604,0.9097,stand_8,330.0137,0.0,-0.06981,0.0,-0.06981,Sidewalk
288.0,133.9424,3.0414,2.30383,0.0,-0.06981,164.0604,0.9097,stand_8,330.0137,0.0,-0.06981,0.0,-0.06981,Sidewalk
288.5,133.9424,3.0414,2.26893,0.0,-0.06981,164.0604,0.9097,stand_8,330.0137,0.0,-0.06981,0.0,-0.06981,Sidewalk
289.0,133.9424,3.0414,2.23402,0.0,-0.06981,164.0604,0.9097,stand_8,330.0137,0.0,-0.06981,0.0,-0.06981,Sidewalk
289.5,133.9424,3.0414,2.19911,0.0,-0.06981,164.0604,0.9097,stand_8,330.0137,0.0,-0.06981,0.0,-0.06981,Sidewalk
290.0,133.9424,3.0414,2.16421,0.0,-0.06981,164.0604,0.9097,stand_8,330.0137,0.0,-0.06981,0.0,-0.06981,Sidewalk
290.5,133.9424,3.0414,2.1293,0.0,-0.06981,164.0604,0.9097,stand_8,330.0137,0.0,-0.06981,0.0,-0.06981,Sidewalk
291.0,133.9424,3.0414,2.0944,0.0,-0.06981,164.0604,0.9097,stand_8,330.0137,0.0,-0.06981,0.0,-0.06981,Sidewalk
291.5,133.9424,3.0414,2.05949,0.0,-0.06981,164.0604,0.9097,stand_8,330.0137,0.0,-0.06981,0.0,-0.06981,Sidewalk
292.0,133.9424,3.0414,2.02458,0.0,-0.06981,164.0604,0.9097,stand_8,330.0137,0.0,-0.06981,0.0,-0.06981,Sidewalk
292.5,133.9424,3.0414,1.98968,0.0,-0.06981,164.0604,0.9097,stand_8,330.0137,0.0,-0.06981,0.0,-0.06981,Sidewalk
293.0,133.9424,3.0414,1.95477,0.0,-0.06981,164.0604,0.9097,stand_8,330.0137,0.0,-0.06981,0.0,-0.06981,Sidewalk
293.5,133.9424,3.0414,1.91986,0.0,-0.06981,164.0604,0.9097,stand_8,330.0137,0.0,-0.06981,0.0,-0.06981,Sidewalk
294.0,133.9424,3.0414,1.88496,0.0,-0.06981,164.0604,0.9097,stand_8,330.0137,0.0,-0.06981,0.0,-0.06981,Sidewalk
294.5,133.9424,3.0414,1.85005,0.0,-0.06981,164.0604,0.9097,stand_8,330.0137,0.0,-0.06981,0.0,-0.06981,Sidewalk
295.0,133.9424,3.0414,1.81514,0.0,-0.06981,164.0604,0.9097,stand_8,330.0137,0.0,-0.06981,0.0,-0.06981,Sidewalk
295.5,133.9424,3.0414,1.78024,0.0,-0.06981,164.0604,0.9097,stand_8,330.0137,0.0,-0.06981,0.0,-0.06981,Sidewalk
296.0,133.9424,3.0414,1.74533,0.0,-0.06981,164.0604,0.9097,stand_8,330.0137,0.0,-0.06981,0.0,-0.06981,Sidewalk
296.5,133.9424,3.0414,1.71042,0.0,-0.06981,164.0604,0.9097,stand_8,330.0137,0.0,-0.06981,0.0,-0.06981,Sidewalk
297.0,133.9424,3.0414,1.67552,0.0,-0.06981,164.0604,0.9097,stand_8,330.0137,0.0,-0.06981,0.0,-0.06981,Sidewalk
297.5,133.9424,3.0414,1.64061,0.0,-0.06981,164.0604,0.9097,stand_8,330.0137,0.0,-0.06981,0.0,-0.06981,Sidewalk
298.0,133.9424,3.0414,1.6057,0.0,-0.06981,164.0604,0.9097,stand_8,330.0137,0.0,-0.06981,0.0,-0.06981,Sidewalk
298.5,133.9424,3.0414,1.5708,0.0,-0.06981,164.0604,0.9097,stand_8,330.0137,0.0,-0.06981,0.0,-0.06981,Sidewalk
299.0,133.9424,3.0414,1.53589,0.0,-0.06981,164.0604,0.9097,stand_8,330.0137,0.0,-0.06981,0.0,-0.06981,Sidewalk
299.5,133.9424,3.0414,1.50098,0.0,-0.06981,164.0604,0.9097,stand_8,330.0137,0.0,-0.06981,0.0,-0.06981,Sidewalk
300.0,133.9424,3.0414,1.46608,0.0,-0.06981,164.0604,0.9097,stand_8,330.0137,0.0,-0.06981,0.0,-0.06981,Sidewalk
300.5,133.9424,3.0414,1.43117,0.0,-0.06981,164.0604,0.9097,stand_8,330.0137,0.0,-0.06981,0.0,-0.06981,Sidewalk
301.0,133.9424,3.0414,1.39626,0.0,-0.06981,164.0604,0.9097,stand_8,330.0137,0.0,-0.06981,0.0,-0.06981,Sidewalk
301.5,133.9424,3.0414,1.36136,0.0,-0.06981,164.0604,0.9097,stand_8,330.0137,0.0,-0.06981,0.0,-0.06981,Sidewalk
302.0,133.9424,3.0414,1.32645,0.0,-0.06981,164.0604,0.9097,stand_8,330.0137,0.0,-0.06981,0.0,-0.06981,Sidewalk
302.5,133.9424,3.0414,1.29154,0.0,-0.06981,164.0604,0.9097,stand_8,330.0137,0.0,-0.06981,0.0,-0.06981,Sidewalk
303.0,133.9424,3.0414,1.25664,0.0,-0.06981,164.0604,0.9097,stand_8,330.0137,0.0,-0.06981,0.0,-0.06981,Sidewalk
303.5,133.9424,3.0414,1.22173,0.0,-0.06981,164.0604,0.9097,stand_8,330.0137,0.0,-0.06981,0.0,-0.06981,Sidewalk
304.0,133.9424,3.0414,1.18682,0.0,-0.06981,164.0604,0.9097,stand_8,330.0137,0.0,-0.06981,0.0,-0.06981,Sidewalk
304.5,133.9424,3.0414,1.15192,0.0,-0.06981,164.0604,0.9097,stand_8,330.0137,0.0,-0.06981,0.0,-0.06981,Sidewalk
305.0,133.9424,3.0414,1.11701,0.0,-0.06981,164.0604,0.9097,stand_8,330.0137,0.0,-0.06981,0.0,-0.06981,Sidewalk
305.5,133.9424,3.0414,1.0821,0.0,-0.06981,164.0604,0.9097,stand_8,330.0137,0.0,-0.06981,0.0,-0.06981,Sidewalk
306.0,133.9424,3.0414,1.0472,0.0,-0.06981,164.0604,0.9097,stand_8,330.0137,0.0,-0.06981,0.0,-0.06981,Sidewalk
306.5,133.9424,3.0414,1.01229,0.0,-0.06981,164.0604,0.9097,stand_8,330.0137,0.0,-0.06981,0.0,-0.06981,Sidewalk
307.0,133.9424,3.0414,0.97738,0.0,-0.06981,164.0604,0.9097,stand_8,330.0137,0.0,-0.06981,0.0,-0.06981,Sidewalk
307.5,133.9424,3.0414,0.94248,0.0,-0.06981,164.0604,0.9097,stand_8,330.0137,0.0,-0.06981,0.0,-0.06981,Sidewalk
308.0,133.9424,3.0414,0.90757,0.0,-0.06981,164.0604,0.9097,stand_8,330.0137,0.0,-0.06981,0.0,-0.06981,Sidewalk
308.5,133.9424,3.0414,0.87266,0.0,-0.06981,164.0604,0.9097,stand_8,330.0137,0.0,-0.06981,0.0,-0.06981,Sidewalk
309.0,133.9424,3.0414,0.83776,0.0,-0.06981,164.0604,0.9097,stand_8,330.0137,0.0,-0.06981,0.0,-0.06981,Sidewalk
309.5,133.9424,3.0414,0.80285,0.0,-0.06981,164.0604,0.9097,stand_8,330.0138,0.0,-0.06981,0.0,-0.06981,Sidewalk
310.0,133.9424,3.0414,0.76794,0.0,-0.06981,164.0604,0.9097,stand_8,330.0138,0.0,-0.06981,0.0,-0.06981,Sidewalk
310.5,133.9424,3.0414,0.73304,0.0,-0.06981,164.0604,0.9097,stand_8,330.0138,0.0,-0.06981,0.0,-0.06981,Sidewalk
311.0,133.9424,3.0414,0.69813,0.0,-0.06981,164.0604,0.9097,stand_8,330.0138,0.0,-0.06981,0.0,-0.06981,Sidewalk
311.5,133.9424,3.0414,0.66323,0.0,-0.06981,164.0604,0.9097,stand_8,330.0138,0.0,-0.06981,0.0,-0.06981,Sidewalk
312.0,133.9424,3.0414,0.62832,0.0,-0.06981,164.0604,0.9097,stand_8,330.0138,0.0,-0.06981,0.0,-0.06981,Sidewalk
312.5,133.9424,3.0414,0.59341,0.0,-0.06981,164.0604,0.9097,stand_8,330.0138,0.0,-0.06981,0.0,-0.06981,Sidewalk
313.0,133.9424,3.0414,0.55851,0.0,-0.06981,164.0604,0.9097,stand_8,330.0138,0.0,-0.06981,0.0,-0.06981,Sidewalk
313.5,133.9424,3.0414,0.5236,0.0,-0.06981,164.0604,0.9097,stand_8,330.0138,0.0,-0.06981,0.0,-0.06981,Sidewalk
314.0,133.9424,3.0414,0.48869,0.0,-0.06981,164.0604,0.9097,stand_8,330.0138,0.0,-0.06981,0.0,-0.06981,Sidewalk
314.5,133.9424,3.0414,0.45379,0.0,-0.06981,164.0604,0.9097,stand_8,330.0138,0.0,-0.06981,0.0,-0.06981,Sidewalk
315.0,133.9424,3.0414,0.41888,0.0,-0.06981,164.0604,0.9097,stand_8,330.0138,0.0,-0.06981,0.0,-0.06981,Sidewalk
315.5,133.9424,3.0414,0.38397,0.0,-0.06981,164.0604,0.9097,stand_8,330.0138,0.0,-0.06981,0.0,-0.06981,Sidewalk
316.0,133.9424,3.0414,0.34907,0.0,-0.06981,164.0604,0.9097,stand_8,330.0138,0.0,-0.06981,0.0,-0.06981,Sidewalk
316.5,133.9424,3.0414,0.31416,0.0,-0.06981,164.0604,0.9097,stand_8,330.0138,0.0,-0.06981,0.0,-0.06981,Sidewalk
317.0,133.9424,3.0414,0.27925,0.0,-0.06981,164.0604,0.9097,stand_8,330.0138,0.0,-0.06981,0.0,-0.06981,Sidewalk
317.5,133.9424,3.0414,0.24435,0.0,-0.06981,164.0604,0.9097,stand_8,330.0138,0.0,-0.06981,0.0,-0.06981,Sidewalk
318.0,133.9424,3.0414,0.20944,0.0,-0.06981,164.0604,0.9097,stand_8,330.0138,0.0,-0.06981,0.0,-0.06981,Sidewalk
318.5,133.9424,3.0414,0.17453,0.0,-0.06981,164.0604,0.9097,stand_8,330.0138,0.0,-0.06981,0.0,-0.06981,Sidewalk
319.0,133.9424,3.0414,0.13963,0.0,-0.06981,164.0604,0.9097,stand_8,330.0138,0.0,-0.06981,0.0,-0.06981,Sidewalk
319.5,133.9424,3.0414,0.10472,0.0,-0.06981,164.0604,0.9097,stand_8,330.0138,0.0,-0.06981,0.0,-0.06981,Sidewalk
320.0,133.9424,3.0414,0.06981,0.0,-0.06981,164.0604,0.9097,stand_8,330.0138,0.0,-0.06981,0.0,-0.06981,Sidewalk
320.5,133.9424,3.0414,0.03491,0.0,-0.06981,164.0604,0.9097,stand_8,330.0138,0.0,-0.06981,0.0,-0.06981,Sidewalk
321.0,133.9424,3.0414,0.0,0.0,-0.06981,164.0604,0.9097,stand_8,330.0138,0.0,-0.06981,0.0,-0.06981,Sidewalk
321.5,133.9424,3.0414,-0.03491,0.0,-0.06981,164.0604,0.9097,stand_8,330.0138,0.0,-0.06981,0.0,-0.06981,Sidewalk
322.0,133.9424,3.0414,-0.06981,0.0,-0.06981,164.0604,0.9097,stand_8,330.0138,0.0,-0.06981,0.0,-0.06981,Sidewalk
322.5,133.9424,3.0414,-0.10472,0.0,-0.06981,164.0604,0.9097,stand_8,330.0138,0.0,-0.06981,0.0,-0.06981,Sidewalk
323.0,133.9424,3.0414,-0.13963,0.0,-0.06981,164.0604,0.9097,stand_8,330.0138,0.0,-0.06981,0.0,-0.06981,Sidewalk
323.5,133.9424,3.0414,-0.17453,0.0,-0.06981,164.0604,0.9097,stand_8,330.0138,0.0,-0.06981,0.0,-0.06981,Sidewalk
324.0,133.9424,3.0414,-0.20944,0.0,-0.06981,164.0604,0.9097,stand_8,330.0138,0.0,-0.06981,0.0,-0.06981,Sidewalk
324.5,133.9424,3.0414,-0.24435,0.0,-0.06981,164.0604,0.9097,stand_8,330.0138,0.0,-0.06981,0.0,-0.06981,Sidewalk
325.0,133.9424,3.0414,-0.27925,0.0,-0.06981,164.0604,0.9097,stand_8,330.0138,0.0,-0.06981,0.0,-0.06981,Sidewalk
325.5,133.9424,3.0414,-0.31416,0.0,-0.06981,164.0604,0.9097,stand_8,330.0138,0.0,-0.06981,0.0,-0.06981,Sidewalk
326.0,133.9424,3.0414,-0.34907,0.0,-0.06981,164.0604,0.9097,stand_8,330.0139,0.0,-0.06981,0.0,-0.06981,Sidewalk
326.5,133.9424,3.0414,-0.38397,0.0,-0.06981,164.0604,0.9097,stand_8,330.0139,0.0,-0.06981,0.0,-0.06981,Sidewalk
327.0,133.9424,3.0414,-0.41888,0.0,-0.06981,164.0604,0.9097,stand_8,330.0139,0.0,-0.06981,0.0,-0.06981,Sidewalk
327.5,133.9424,3.0414,-0.45379,0.0,-0.06981,164.0604,0.9097,stand_8,330.0139,0.0,-0.06981,0.0,-0.06981,Sidewalk
328.0,133.9424,3.0414,-0.48869,0.0,-0.06981,164.0604,0.9097,stand_8,330.0139,0.0,-0.06981,0.0,-0.06981,Sidewalk
328.5,133.9424,3.0414,-0.5236,0.0,-0.06981,164.0604,0.9097,stand_8,330.0139,0.0,-0.06981,0.0,-0.06981,Sidewalk
329.0,133.9424,3.0414,-0.55851,0.0,-0.06981,164.0604,0.9097,stand_8,330.0139,0.0,-0.06981,0.0,-0.06981,Sidewalk
329.5,133.9424,3.0414,-0.59341,0.0,-0.06981,164.0604,0.9097,stand_8,330.0139,0.0,-0.06981,0.0,-0.06981,Sidewalk
330.0,133.9424,3.0414,-0.62832,0.0,-0.06981,164.0604,0.9097,stand_8,330.0139,0.0,-0.06981,0.0,-0.06981,Sidewalk
330.5,133.9424,3.0414,-0.66323,0.0,-0.06981,164.0604,0.9097,stand_8,330.0139,0.0,-0.06981,0.0,-0.06981,Sidewalk
331.0,133.9424,3.0414,-0.69813,0.0,-0.06981,164.0604,0.9097,stand_8,330.0139,0.0,-0.06981,0.0,-0.06981,Sidewalk
331.5,133.9424,3.0414,-0.73304,0.0,-0.06981,164.0604,0.9097,stand_8,330.0139,0.0,-0.06981,0.0,-0.06981,Sidewalk
332.0,133.9424,3.0414,-0.76794,0.0,-0.06981,164.0604,0.9097,stand_8,330.0139,0.0,-0.06981,0.0,-0.06981,Sidewalk
332.5,133.9424,3.0414,-0.80285,0.0,-0.06981,164.0604,0.9097,stand_8,330.0139,0.0,-0.06981,0.0,-0.06981,Sidewalk
333.0,133.9424,3.0414,-0.83776,0.0,-0.06981,164.0604,0.9097,stand_8,330.0139,0.0,-0.06981,0.0,-0.06981,Sidewalk
333.5,133.9424,3.0414,-0.87266,0.0,-0.06981,164.0604,0.9097,stand_8,330.0139,0.0,-0.06981,0.0,-0.06981,Sidewalk
334.0,133.9424,3.0414,-0.90757,0.0,-0.06981,164.0604,0.9096,stand_8,330.0139,0.0,-0.06981,0.0,-0.06981,Sidewalk
334.5,133.9424,3.0414,-0.94248,0.0,-0.06981,164.0604,0.9096,stand_8,330.0139,0.0,-0.06981,0.0,-0.06981,Sidewalk
335.0,133.9424,3.0414,-0.97738,0.0,-0.06981,164.0604,0.9096,stand_8,330.0139,0.0,-0.06981,0.0,-0.06981,Sidewalk
335.5,133.9424,3.0414,-1.01229,0.0,-0.06981,164.0604,0.9096,stand_8,330.0139,0.0,-0.06981,0.0,-0.06981,Sidewalk
336.0,133.9424,3.0414,-1.0472,0.0,-0.06981,164.0604,0.9096,stand_8,330.0139,0.0,-0.06981,0.0,-0.06981,Sidewalk
336.5,133.9424,3.0414,-1.0821,0.0,-0.06981,164.0604,0.9096,stand_8,330.0139,0.0,-0.06981,0.0,-0.06981,Sidewalk
337.0,133.9424,3.0414,-1.11701,0.0,-0.06981,164.0604,0.9096,stand_8,330.0139,0.0,-0.06981,0.0,-0.06981,Sidewalk
337.5,133.9424,3.0414,-1.15192,0.0,-0.06981,164.0604,0.9096,stand_8,330.0139,0.0,-0.06981,0.0,-0.06981,Sidewalk
338.0,133.9424,3.0414,-1.18682,0.0,-0.06981,164.0604,0.9096,stand_8,330.0139,0.0,-0.06981,0.0,-0.06981,Sidewalk
338.5,133.9424,3.0414,-1.22173,0.0,-0.06981,164.0604,0.9096,stand_8,330.0139,0.0,-0.06981,0.0,-0.06981,Sidewalk
339.0,133.9424,3.0414,-1.25664,0.0,-0.06981,164.0604,0.9096,stand_8,330.0139,0.0,-0.06981,0.0,-0.06981,Sidewalk
339.5,133.9424,3.0414,-1.29154,0.0,-0.06981,164.0604,0.9096,stand_8,330.0139,0.0,-0.06981,0.0,-0.06981,Sidewalk
340.0,133.9424,3.0414,-1.32645,0.0,-0.06981,164.0604,0.9096,stand_8,330.014,0.0,-0.06981,0.0,-0.06981,Sidewalk
340.5,133.9424,3.0414,-1.36136,0.0,-0.06981,164.0604,0.9096,stand_8,330.014,0.0,-0.06981,0.0,-0.06981,Sidewalk
341.0,133.9424,3.0414,-1.39626,0.0,-0.06981,164.0604,0.9096,stand_8,330.014,0.0,-0.06981,0.0,-0.06981,Sidewalk
341.5,133.9424,3.0414,-1.43117,0.0,-0.06981,164.0604,0.9096,stand_8,330.014,0.0,-0.06981,0.0,-0.06981,Sidewalk
342.0,133.9424,3.0414,-1.46608,0.0,-0.06981,164.0604,0.9096,stand_8,330.014,0.0,-0.06981,0.0,-0.06981,Sidewalk
342.5,133.9424,3.0414,-1.50098,0.0,-0.06981,164.0604,0.9096,stand_8,330.014,0.0,-0.06981,0.0,-0.06981,Sidewalk
343.0,133.9424,3.0414,-1.53589,0.0,-0.06981,164.0604,0.9096,stand_8,330.014,0.0,-0.06981,0.0,-0.06981,Sidewalk
343.5,133.9424,3.0414,-1.5708,0.0,-0.06981,164.0604,0.9096,stand_8,330.014,0.0,-0.06981,0.0,-0.06981,Sidewalk
344.0,133.9424,3.0414,-1.6057,0.0,-0.06981,164.0604,0.9096,stand_8,330.014,0.0,-0.06981,0.0,-0.06981,Sidewalk
344.5,133.9424,3.0414,-1.64061,0.0,-0.06981,164.0604,0.9096,stand_8,330.014,0.0,-0.06981,0.0,-0.06981,Sidewalk
345.0,133.9424,3.0414,-1.67552,0.0,-0.06981,164.0604,0.9096,stand_8,330.014,0.0,-0.06981,0.0,-0.06981,Sidewalk
345.5,133.9424,3.0414,-1.71042,0.0,-0.06981,164.0604,0.9096,stand_8,330.014,0.0,-0.06981,0.0,-0.06981,Sidewalk
346.0,133.9424,3.0414,-1.74533,0.0,-0.06981,164.0604,0.9096,stand_8,330.014,0.0,-0.06981,0.0,-0.06981,Sidewalk
346.5,133.9424,3.0414,-1.78024,0.0,-0.06981,164.0604,0.9096,stand_8,330.014,0.0,-0.06981,0.0,-0.06981,Sidewalk
347.0,133.9424,3.0414,-1.81514,0.0,-0.06981,164.0604,0.9096,stand_8,330.014,0.0,-0.06981,0.0,-0.06981,Sidewalk
347.5,133.9424,3.0414,-1.85005,0.0,-0.06981,164.0604,0.9096,stand_8,330.014,0.0,-0.06981,0.0,-0.06981,Sidewalk
348.0,133.9424,3.0414,-1.88496,0.0,-0.06981,164.0604,0.9096,stand_8,330.014,0.0,-0.06981,0.0,-0.06981,Sidewalk
348.5,133.9424,3.0414,-1.91986,0.0,-0.06981,164.0604,0.9096,stand_8,330.014,0.0,-0.06981,0.0,-0.06981,Sidewalk
349.0,133.9424,3.0414,-1.95477,0.0,-0.06981,164.0604,0.9096,stand_8,330.014,0.0,-0.06981,0.0,-0.06981,Sidewalk
349.5,133.9424,3.0414,-1.98968,0.0,-0.06981,164.0604,0.9096,stand_8,330.014,0.0,-0.06981,0.0,-0.06981,Sidewalk
350.0,133.9424,3.0414,-2.02458,0.0,-0.06981,164.0604,0.9096,stand_8,330.014,0.0,-0.06981,0.0,-0.06981,Sidewalk
350.5,133.9424,3.0414,-2.05949,0.0,-0.06981,164.0604,0.9096,stand_8,330.014,0.0,-0.06981,0.0,-0.06981,Sidewalk
351.0,133.9424,3.0414,-2.0944,0.0,-0.06981,164.0604,0.9096,stand_8,330.014,0.0,-0.06981,0.0,-0.06981,Sidewalk
351.5,133.9424,3.0414,-2.1293,0.0,-0.06981,164.0604,0.9096,stand_8,330.014,0.0,-0.06981,0.0,-0.06981,Sidewalk
352.0,133.9424,3.0414,-2.16421,0.0,-0.06981,164.0604,0.9096,stand_8,330.014,0.0,-0.06981,0.0,-0.06981,Sidewalk
352.5,133.9424,3.0414,-2.19911,0.0,-0.06981,164.0604,0.9096,stand_8,330.014,0.0,-0.06981,0.0,-0.06981,Sidewalk
353.0,133.9424,3.0414,-2.23402,0.0,-0.06981,164.0604,0.9096,stand_8,330.014,0.0,-0.06981,0.0,-0.06981,Sidewalk
353.5,133.9424,3.0414,-2.26893,0.0,-0.06981,164.0604,0.9096,stand_8,330.014,0.0,-0.06981,0.0,-0.06981,Sidewalk
354.0,133.9424,3.0414,-2.30383,0.0,-0.06981,164.0604,0.9096,stand_8,330.014,0.0,-0.06981,0.0,-0.06981,Sidewalk
354.5,133.9424,3.0414,-2.33874,0.0,-0.06981,164.0604,0.9096,stand_8,330.0141,0.0,-0.06981,0.0,-0.06981,Sidewalk
355.0,133.9424,3.0414,-2.37365,0.0,-0.06981,164.0604,0.9096,stand_8,330.0141,0.0,-0.06981,0.0,-0.06981,Sidewalk
355.5,133.9424,3.0414,-2.40855,0.0,-0.06981,164.0604,0.9096,stand_8,330.0141,0.0,-0.06981,0.0,-0.06981,Sidewalk
356.0,133.9424,3.0414,-2.44346,0.0,-0.06981,164.0604,0.9096,stand_8,330.0141,0.0,-0.06981,0.0,-0.06981,Sidewalk
356.5,133.9424,3.0414,-2.47837,0.0,-0.06981,164.0604,0.9096,stand_8,330.0141,0.0,-0.06981,0.0,-0.06981,Sidewalk
357.0,133.9424,3.0414,-2.51327,0.0,-0.06981,164.0604,0.9096,stand_8,330.0141,0.0,-0.06981,0.0,-0.06981,Sidewalk
357.5,133.9424,3.0414,-2.54818,0.0,-0.06981,164.0604,0.9096,stand_8,330.0141,0.0,-0.06981,0.0,-0.06981,Sidewalk
358.0,133.9424,3.0414,-2.58309,0.0,-0.06981,164.0604,0.9096,stand_8,330.0141,0.0,-0.06981,0.0,-0.06981,Sidewalk
358.5,133.9424,3.0414,-2.61799,0.0,-0.06981,164.0604,0.9096,stand_8,330.0141,0.0,-0.06981,0.0,-0.06981,Sidewalk
359.0,133.9424,3.0414,-2.6529,0.0,-0.06981,164.0604,0.9096,stand_8,330.0141,0.0,-0.06981,0.0,-0.06981,Sidewalk
359.5,133.9424,3.0414,-2.68781,0.0,-0.06981,164.0604,0.9096,stand_8,330.0141,0.0,-0.06981,0.0,-0.06981,Sidewalk
360.0,133.9424,3.0414,-2.72271,0.0,-0.06981,164.0604,0.9096,stand_8,330.0141,0.0,-0.06981,0.0,-0.06981,Sidewalk
360.5,133.9424,3.0414,-2.75762,0.0,-0.06981,164.0604,0.9096,stand_8,330.0141,0.0,-0.06981,0.0,-0.06981,Sidewalk
361.0,133.9424,3.0414,-2.79253,0.0,-0.06981,164.0604,0.9096,stand_8,330.0141,0.0,-0.06981,0.0,-0.06981,Sidewalk
361.5,133.9424,3.0414,-2.82743,0.0,-0.06981,164.0604,0.9096,stand_8,330.0141,0.0,-0.06981,0.0,-0.06981,Sidewalk
362.0,133.9424,3.0414,-2.86234,0.0,-0.06981,164.0604,0.9096,stand_8,330.0141,0.0,-0.06981,0.0,-0.06981,Sidewalk
362.5,133.9424,3.0414,-2.89725,0.0,-0.06981,164.0604,0.9096,stand_8,330.0141,0.0,-0.06981,0.0,-0.06981,Sidewalk
363.0,133.9424,3.0414,-2.93215,0.0,-0.06981,164.0604,0.9096,stand_8,330.0141,0.0,-0.06981,0.0,-0.06981,Sidewalk
363.5,133.9424,3.0414,-2.96706,0.0,-0.06981,164.0604,0.9096,stand_8,330.0141,0.0,-0.06981,0.0,-0.06981,Sidewalk
364.0,133.9424,3.0414,-3.00197,0.0,-0.06981,164.0604,0.9096,stand_8,330.0141,0.0,-0.06981,0.0,-0.06981,Sidewalk
364.5,133.9424,3.0414,-3.03687,0.0,-0.06981,164.0604,0.9096,stand_8,330.0141,0.0,-0.06981,0.0,-0.06981,Sidewalk
365.0,133.9424,3.0414,-3.07178,0.0,-0.06981,164.0604,0.9096,stand_8,330.0141,0.0,-0.06981,0.0,-0.06981,Sidewalk
365.5,133.9424,3.0414,-3.10669,0.0,-0.06981,164.0604,0.9096,stand_8,330.0141,0.0,-0.06981,0.0,-0.06981,Sidewalk
366.0,133.9424,3.0414,-3.14159,0.0,-0.06981,164.0604,0.9096,stand_8,330.0141,0.0,-0.06981,0.0,-0.06981,Sidewalk
366.5,133.9424,3.0414,3.10669,0.0,-0.06981,164.0604,0.9096,stand_8,330.0141,0.0,-0.06981,0.0,-0.06981,Sidewalk
367.0,133.9424,3.0414,3.07178,0.0,-0.06981,164.0604,0.9096,stand_8,330.0141,0.0,-0.06981,0.0,-0.06981,Sidewalk
367.5,133.9424,3.0414,3.03687,0.0,-0.06981,164.0604,0.9096,stand_8,330.0141,0.0,-0.06981,0.0,-0.06981,Sidewalk
368.0,133.9424,3.0414,3.00197,0.0,-0.06981,164.0604,0.9096,stand_8,330.0141,0.0,-0.06981,0.0,-0.06981,Sidewalk
368.5,133.9424,3.0414,2.96706,0.0,-0.06981,164.0604,0.9096,stand_8,330.0141,0.0,-0.06981,0.0,-0.06981,Sidewalk
369.0,133.9424,3.0414,2.93215,0.0,-0.06981,164.0604,0.9096,stand_8,330.0141,0.0,-0.06981,0.0,-0.06981,Sidewalk
369.5,133.9424,3.0414,2.89725,0.0,-0.06981,164.0604,0.9095,stand_8,330.0141,0.0,-0.06981,0.0,-0.06981,Sidewalk
370.0,133.9424,3.0414,2.86234,0.0,-0.06981,164.0604,0.9095,stand_8,330.0141,0.0,-0.06981,0.0,-0.06981,Sidewalk
370.5,133.9424,3.0414,2.82743,0.0,-0.06981,164.0604,0.9095,stand_8,330.0142,0.0,-0.06981,0.0,-0.06981,Sidewalk
371.0,133.9424,3.0414,2.79253,0.0,-0.06981,164.0604,0.9095,stand_8,330.0142,0.0,-0.06981,0.0,-0.06981,Sidewalk
371.5,133.9424,3.0414,2.75762,0.0,-0.06981,164.0604,0.9095,stand_8,330.0142,0.0,-0.06981,0.0,-0.06981,Sidewalk
372.0,133.9424,3.0414,2.72271,0.0,-0.06981,164.0604,0.9095,stand_8,330.0142,0.0,-0.06981,0.0,-0.06981,Sidewalk
372.5,133.9424,3.0414,2.68781,0.0,-0.06981,164.0604,0.9095,stand_8,330.0142,0.0,-0.06981,0.0,-0.06981,Sidewalk
373.0,133.9424,3.0414,2.6529,0.0,-0.06981,164.0604,0.9095,stand_8,330.0142,0.0,-0.06981,0.0,-0.06981,Sidewalk
373.5,133.9424,3.0414,2.61799,0.0,-0.06981,164.0604,0.9095,stand_8,330.0142,0.0,-0.06981,0.0,-0.06981,Sidewalk
374.0,133.9424,3.0414,2.58309,0.0,-0.06981,164.0604,0.9095,stand_8,330.0142,0.0,-0.06981,0.0,-0.06981,Sidewalk
374.5,133.9424,3.0414,2.54818,0.0,-0.06981,164.0604,0.9095,stand_8,330.0142,0.0,-0.06981,0.0,-0.06981,Sidewalk
375.0,133.9424,3.0414,2.51327,0.0,-0.06981,164.0604,0.9095,stand_8,330.0142,0.0,-0.06981,0.0,-0.06981,Sidewalk
375.5,133.9424,3.0414,2.47837,0.0,-0.06981,164.0604,0.9095,stand_8,330.0142,0.0,-0.06981,0.0,-0.06981,Sidewalk
376.0,133.9424,3.0414,2.44346,0.0,-0.06981,164.0604,0.9095,stand_8,330.0142,0.0,-0.06981,0.0,-0.06981,Sidewalk
376.5,133.9424,3.0414,2.40855,0.0,-0.06981,164.0604,0.9095,stand_8,330.0142,0.0,-0.06981,0.0,-0.06981,Sidewalk
377.0,133.9424,3.0414,2.37365,0.0,-0.06981,164.0604,0.9095,stand_8,330.0142,0.0,-0.06981,0.0,-0.06981,Sidewalk
377.5,133.9424,3.0414,2.33874,0.0,-0.06981,164.0604,0.9095,stand_8,330.0142,0.0,-0.06981,0.0,-0.06981,Sidewalk
378.0,133.9424,3.0414,2.30383,0.0,-0.06981,164.0604,0.9095,stand_8,330.0142,0.0,-0.06981,0.0,-0.06981,Sidewalk
378.5,133.9424,3.0414,2.26893,0.0,-0.06981,164.0604,0.9095,stand_8,330.0142,0.0,-0.06981,0.0,-0.06981,Sidewalk
379.0,133.9424,3.0414,2.23402,0.0,-0.06981,164.0604,0.9095,stand_8,330.0142,0.0,-0.06981,0.0,-0.06981,Sidewalk
379.5,133.9424,3.0414,2.19911,0.0,-0.06981,164.0604,0.9095,stand_8,330.0142,0.0,-0.06981,0.0,-0.06981,Sidewalk
380.0,133.9424,3.0414,2.16421,0.0,-0.06981,164.0604,0.9095,stand_8,330.0142,0.0,-0.06981,0.0,-0.06981,Sidewalk
380.5,133.9424,3.0414,2.1293,0.0,-0.06981,164.0604,0.9095,stand_8,330.0142,0.0,-0.06981,0.0,-0.06981,Sidewalk
381.0,133.9424,3.0414,2.0944,0.0,-0.06981,164.0604,0.9095,stand_8,330.0142,0.0,-0.06981,0.0,-0.06981,Sidewalk
381.5,133.9424,3.0414,2.05949,0.0,-0.06981,164.0604,0.9095,stand_8,330.0142,0.0,-0.06981,0.0,-0.06981,Sidewalk
382.0,133.9424,3.0414,2.02458,0.0,-0.06981,164.0604,0.9095,stand_8,330.0142,0.0,-0.06981,0.0,-0.06981,Sidewalk
382.5,133.9424,3.0414,1.98968,0.0,-0.06981,164.0604,0.9095,stand_8,330.0142,0.0,-0.06981,0.0,-0.06981,Sidewalk
383.0,133.9424,3.0414,1.95477,0.0,-0.06981,164.0604,0.9095,stand_8,330.0142,0.0,-0.06981,0.0,-0.06981,Sidewalk
383.5,133.9424,3.0414,1.91986,0.0,-0.06981,164.0604,0.9095,stand_8,330.0142,0.0,-0.06981,0.0,-0.06981,Sidewalk
384.0,133.9424,3.0414,1.88496,0.0,-0.06981,164.0604,0.9095,stand_8,330.0142,0.0,-0.06981,0.0,-0.06981,Sidewalk
384.5,133.9424,3.0414,1.85005,0.0,-0.06981,164.0604,0.9095,stand_8,330.0142,0.0,-0.06981,0.0,-0.06981,Sidewalk
385.0,133.9424,3.0414,1.81514,0.0,-0.06981,164.0604,0.9095,stand_8,330.0142,0.0,-0.06981,0.0,-0.06981,Sidewalk
385.5,133.9424,3.0414,1.78024,0.0,-0.06981,164.0604,0.9095,stand_8,330.0142,0.0,-0.06981,0.0,-0.06981,Sidewalk
386.0,133.9424,3.0414,1.74533,0.0,-0.06981,164.0604,0.9095,stand_8,330.0142,0.0,-0.06981,0.0,-0.06981,Sidewalk
386.5,133.9424,3.0414,1.71042,0.0,-0.06981,164.0604,0.9095,stand_8,330.0143,0.0,-0.06981,0.0,-0.06981,Sidewalk
387.0,133.9424,3.0414,1.67552,0.0,-0.06981,164.0604,0.9095,stand_8,330.0143,0.0,-0.06981,0.0,-0.06981,Sidewalk
387.5,133.9424,3.0414,1.64061,0.0,-0.06981,164.0604,0.9095,stand_8,330.0143,0.0,-0.06981,0.0,-0.06981,Sidewalk
388.0,133.9424,3.0414,1.6057,0.0,-0.06981,164.0604,0.9095,stand_8,330.0143,0.0,-0.06981,0.0,-0.06981,Sidewalk
388.5,133.9424,3.0414,1.5708,0.0,-0.06981,164.0604,0.9095,stand_8,330.0143,0.0,-0.06981,0.0,-0.06981,Sidewalk
389.0,133.9424,3.0414,1.53589,0.0,-0.06981,164.0604,0.9095,stand_8,330.0143,0.0,-0.06981,0.0,-0.06981,Sidewalk
389.5,133.9424,3.0414,1.50098,0.0,-0.06981,164.0604,0.9095,stand_8,330.0143,0.0,-0.06981,0.0,-0.06981,Sidewalk
390.0,133.9424,3.0414,1.46608,0.0,-0.06981,164.0604,0.9095,stand_8,330.0143,0.0,-0.06981,0.0,-0.06981,Sidewalk
390.5,133.9424,3.0414,1.43117,0.0,-0.06981,164.0604,0.9095,stand_8,330.0143,0.0,-0.06981,0.0,-0.06981,Sidewalk
391.0,133.9424,3.0414,1.39626,0.0,-0.06981,164.0604,0.9095,stand_8,330.0143,0.0,-0.06981,0.0,-0.06981,Sidewalk
391.5,133.9424,3.0414,1.36136,0.0,-0.06981,164.0604,0.9095,stand_8,330.0143,0.0,-0.06981,0.0,-0.06981,Sidewalk
392.0,133.9424,3.0414,1.32645,0.0,-0.06981,164.0604,0.9095,stand_8,330.0143,0.0,-0.06981,0.0,-0.06981,Sidewalk
392.5,133.9424,3.0414,1.29154,0.0,-0.06981,164.0604,0.9095,stand_8,330.0143,0.0,-0.06981,0.0,-0.06981,Sidewalk
393.0,133.9424,3.0414,1.25664,0.0,-0.06981,164.0604,0.9095,stand_8,330.0143,0.0,-0.06981,0.0,-0.06981,Sidewalk
393.5,133.9424,3.0414,1.22173,0.0,-0.06981,164.0604,0.9095,stand_8,330.0143,0.0,-0.06981,0.0,-0.06981,Sidewalk
394.0,133.9424,3.0414,1.18682,0.0,-0.06981,164.0604,0.9095,stand_8,330.0143,0.0,-0.06981,0.0,-0.06981,Sidewalk
394.5,133.9424,3.0414,1.15192,0.0,-0.06981,164.0604,0.9095,stand_8,330.0143,0.0,-0.06981,0.0,-0.06981,Sidewalk
395.0,133.9424,3.0414,1.11701,0.0,-0.06981,164.0604,0.9095,stand_8,330.0143,0.0,-0.06981,0.0,-0.06981,Sidewalk
395.5,133.9424,3.0414,1.0821,0.0,-0.06981,164.0604,0.9095,stand_8,330.0143,0.0,-0.06981,0.0,-0.06981,Sidewalk
396.0,133.9424,3.0414,1.0472,0.0,-0.06981,164.0604,0.9095,stand_8,330.0143,0.0,-0.06981,0.0,-0.06981,Sidewalk
396.5,133.9424,3.0414,1.01229,0.0,-0.06981,164.0604,0.9095,stand_8,330.0143,0.0,-0.06981,0.0,-0.06981,Sidewalk
397.0,133.9424,3.0414,0.97738,0.0,-0.06981,164.0604,0.9095,stand_8,330.0143,0.0,-0.06981,0.0,-0.06981,Sidewalk
397.5,133.9424,3.0414,0.94248,0.0,-0.06981,164.0604,0.9095,stand_8,330.0143,0.0,-0.06981,0.0,-0.06981,Sidewalk
398.0,133.9424,3.0414,0.90757,0.0,-0.06981,164.0604,0.9095,stand_8,330.0143,0.0,-0.06981,0.0,-0.06981,Sidewalk
398.5,133.9424,3.0414,0.87266,0.0,-0.06981,164.0604,0.9095,stand_8,330.0143,0.0,-0.06981,0.0,-0.06981,Sidewalk
399.0,133.9424,3.0414,0.83776,0.0,-0.06981,164.0604,0.9095,stand_8,330.0143,0.0,-0.06981,0.0,-0.06981,Sidewalk
399.5,133.9424,3.0414,0.80285,0.0,-0.06981,164.0604,0.9095,stand_8,330.0143,0.0,-0.06981,0.0,-0.06981,Sidewalk
400.0,133.9424,3.0414,0.76794,0.0,-0.06981,164.0604,0.9095,stand_8,330.0143,0.0,-0.06981,0.0,-0.06981,Sidewalk
400.5,133.9424,3.0414,0.73304,0.0,-0.06981,164.0604,0.9095,stand_8,330.0143,0.0,-0.06981,0.0,-0.06981,Sidewalk
401.0,133.9424,3.0414,0.69813,0.0,-0.06981,164.0604,0.9095,stand_8,330.0143,0.0,-0.06981,0.0,-0.06981,Sidewalk
401.5,133.9424,3.0414,0.66323,0.0,-0.06981,164.0604,0.9095,stand_8,330.0143,0.0,-0.06981,0.0,-0.06981,Sidewalk
402.0,133.9424,3.0414,0.62832,0.0,-0.06981,164.0604,0.9095,stand_8,330.0144,0.0,-0.06981,0.0,-0.06981,Sidewalk
402.5,133.9424,3.0414,0.59341,0.0,-0.06981,164.0604,0.9095,stand_8,330.0144,0.0,-0.06981,0.0,-0.06981,Sidewalk
403.0,133.9424,3.0414,0.55851,0.0,-0.06981,164.0604,0.9095,stand_8,330.0144,0.0,-0.06981,0.0,-0.06981,Sidewalk
403.5,133.9424,3.0414,0.5236,0.0,-0.06981,164.0604,0.9095,stand_8,330.0144,0.0,-0.06981,0.0,-0.06981,Sidewalk
404.0,133.9424,3.0414,0.48869,0.0,-0.06981,164.0604,0.9095,stand_8,330.0144,0.0,-0.06981,0.0,-0.06981,Sidewalk
404.5,133.9424,3.0414,0.45379,0.0,-0.06981,164.0604,0.9095,stand_8,330.0144,0.0,-0.06981,0.0,-0.06981,Sidewalk
405.0,133.9424,3.0414,0.41888,0.0,-0.06981,164.0604,0.9094,stand_8,330.0144,0.0,-0.06981,0.0,-0.06981,Sidewalk
405.5,133.9424,3.0414,0.38397,0.0,-0.06981,164.0604,0.9094,stand_8,330.0144,0.0,-0.06981,0.0,-0.06981,Sidewalk
406.0,133.9424,3.0414,0.34907,0.0,-0.06981,164.0604,0.9094,stand_8,330.0144,0.0,-0.06981,0.0,-0.06981,Sidewalk
406.5,133.9424,3.0414,0.31416,0.0,-0.06981,164.0604,0.9094,stand_8,330.0144,0.0,-0.06981,0.0,-0.06981,Sidewalk
407.0,133.9424,3.0414,0.27925,0.0,-0.06981,164.0604,0.9094,stand_8,330.0144,0.0,-0.06981,0.0,-0.06981,Sidewalk
407.5,133.9424,3.0414,0.24435,0.0,-0.06981,164.0604,0.9094,stand_8,330.0144,0.0,-0.06981,0.0,-0.06981,Sidewalk
408.0,133.9424,3.0414,0.20944,0.0,-0.06981,164.0604,0.9094,stand_8,330.0144,0.0,-0.06981,0.0,-0.06981,Sidewalk
408.5,133.9424,3.0414,0.17453,0.0,-0.06981,164.0604,0.9094,stand_8,330.0144,0.0,-0.06981,0.0,-0.06981,Sidewalk
409.0,133.9424,3.0414,0.13963,0.0,-0.06981,164.0604,0.9094,stand_8,330.0144,0.0,-0.06981,0.0,-0.06981,Sidewalk
409.5,133.9424,3.0414,0.10472,0.0,-0.06981,164.0604,0.9094,stand_8,330.0144,0.0,-0.06981,0.0,-0.06981,Sidewalk
410.0,133.9424,3.0414,0.06981,0.0,-0.06981,164.0604,0.9094,stand_8,330.0144,0.0,-0.06981,0.0,-0.06981,Sidewalk
410.5,133.9424,3.0414,0.03491,0.0,-0.06981,164.0604,0.9094,stand_8,330.0144,0.0,-0.06981,0.0,-0.06981,Sidewalk
411.0,133.9424,3.0414,0.0,0.0,-0.06981,164.0604,0.9094,stand_8,330.0144,0.0,-0.06981,0.0,-0.06981,Sidewalk
411.5,133.9424,3.0414,-0.03491,0.0,-0.06981,164.0604,0.9094,stand_8,330.0144,0.0,-0.06981,0.0,-0.06981,Sidewalk
412.0,133.9424,3.0414,-0.06981,0.0,-0.06981,164.0604,0.9094,stand_8,330.0144,0.0,-0.06981,0.0,-0.06981,Sidewalk
412.5,133.9424,3.0414,-0.10472,0.0,-0.06981,164.0604,0.9094,stand_8,330.0144,0.0,-0.06981,0.0,-0.06981,Sidewalk
413.0,133.9424,3.0414,-0.13963,0.0,-0.06981,164.0604,0.9094,stand_8,330.0144,0.0,-0.06981,0.0,-0.06981,Sidewalk
413.5,133.9424,3.0414,-0.17453,0.0,-0.06981,164.0604,0.9094,stand_8,330.0144,0.0,-0.06981,0.0,-0.06981,Sidewalk
414.0,133.9424,3.0414,-0.20944,0.0,-0.06981,164.0604,0.9094,stand_8,330.0144,0.0,-0.06981,0.0,-0.06981,Sidewalk
414.5,133.9424,3.0414,-0.24435,0.0,-0.06981,164.0604,0.9094,stand_8,330.0144,0.0,-0.06981,0.0,-0.06981,Sidewalk
415.0,133.9424,3.0414,-0.27925,0.0,-0.06981,164.0604,0.9094,stand_8,330.0144,0.0,-0.06981,0.0,-0.06981,Sidewalk
415.5,133.9424,3.0414,-0.31416,0.0,-0.06981,164.0604,0.9094,stand_8,330.0144,0.0,-0.06981,0.0,-0.06981,Sidewalk
416.0,133.9424,3.0414,-0.34907,0.0,-0.06981,164.0604,0.9094,stand_8,330.0144,0.0,-0.06981,0.0,-0.06981,Sidewalk
416.5,133.9424,3.0414,-0.38397,0.0,-0.06981,164.0604,0.9094,stand_8,330.0145,0.0,-0.06981,0.0,-0.06981,Sidewalk
417.0,133.9424,3.0414,-0.41888,0.0,-0.06981,164.0604,0.9094,stand_8,330.0145,0.0,-0.06981,0.0,-0.06981,Sidewalk
417.5,133.9424,3.0414,-0.45379,0.0,-0.06981,164.0604,0.9094,stand_8,330.0145,0.0,-0.06981,0.0,-0.06981,Sidewalk
418.0,133.9424,3.0414,-0.48869,0.0,-0.06981,164.0604,0.9094,stand_8,330.0145,0.0,-0.06981,0.0,-0.06981,Sidewalk
418.5,133.9424,3.0414,-0.5236,0.0,-0.06981,164.0604,0.9094,stand_8,330.0145,0.0,-0.06981,0.0,-0.06981,Sidewalk
419.0,133.9424,3.0414,-0.55851,0.0,-0.06981,164.0604,0.9094,stand_8,330.0145,0.0,-0.06981,0.0,-0.06981,Sidewalk
419.5,133.9424,3.0414,-0.59341,0.0,-0.06981,164.0604,0.9094,stand_8,330.0145,0.0,-0.06981,0.0,-0.06981,Sidewalk
420.0,133.9424,3.0414,-0.62832,0.0,-0.06981,164.0604,0.9094,stand_8,330.0145,0.0,-0.06981,0.0,-0.06981,Sidewalk
420.5,133.9424,3.0414,-0.66323,0.0,-0.06981,164.0604,0.9094,stand_8,330.0145,0.0,-0.06981,0.0,-0.06981,Sidewalk
421.0,133.9424,3.0414,-0.69813,0.0,-0.06981,164.0604,0.9094,stand_8,330.0145,0.0,-0.06981,0.0,-0.06981,Sidewalk
421.5,133.9424,3.0414,-0.73304,0.0,-0.06981,164.0604,0.9094,stand_8,330.0145,0.0,-0.06981,0.0,-0.06981,Sidewalk
422.0,133.9424,3.0414,-0.76794,0.0,-0.06981,164.0604,0.9094,stand_8,330.0145,0.0,-0.06981,0.0,-0.06981,Sidewalk
422.5,133.9424,3.0414,-0.80285,0.0,-0.06981,164.0604,0.9094,stand_8,330.0145,0.0,-0.06981,0.0,-0.06981,Sidewalk
423.0,133.9424,3.0414,-0.83776,0.0,-0.06981,164.0604,0.9094,stand_8,330.0145,0.0,-0.06981,0.0,-0.06981,Sidewalk
423.5,133.9424,3.0414,-0.87266,0.0,-0.06981,164.0604,0.9094,stand_8,330.0145,0.0,-0.06981,0.0,-0.06981,Sidewalk
424.0,133.9424,3.0414,-0.90757,0.0,-0.06981,164.0604,0.9094,stand_8,330.0145,0.0,-0.06981,0.0,-0.06981,Sidewalk
424.5,133.9424,3.0414,-0.94248,0.0,-0.06981,164.0604,0.9094,stand_8,330.0145,0.0,-0.06981,0.0,-0.06981,Sidewalk
425.0,133.9424,3.0414,-0.97738,0.0,-0.06981,164.0604,0.9094,stand_8,330.0145,0.0,-0.06981,0.0,-0.06981,Sidewalk
425.5,133.9424,3.0414,-1.01229,0.0,-0.06981,164.0604,0.9094,stand_8,330.0145,0.0,-0.06981,0.0,-0.06981,Sidewalk
426.0,133.9424,3.0414,-1.0472,0.0,-0.06981,164.0604,0.9094,stand_8,330.0145,0.0,-0.06981,0.0,-0.06981,Sidewalk
426.5,133.9424,3.0414,-1.0821,0.0,-0.06981,164.0604,0.9094,stand_8,330.0145,0.0,-0.06981,0.0,-0.06981,Sidewalk
427.0,133.9424,3.0414,-1.11701,0.0,-0.06981,164.0604,0.9094,stand_8,330.0145,0.0,-0.06981,0.0,-0.06981,Sidewalk
427.5,133.9424,3.0414,-1.15192,0.0,-0.06981,164.0604,0.9094,stand_8,330.0145,0.0,-0.06981,0.0,-0.06981,Sidewalk
428.0,133.9424,3.0414,-1.18682,0.0,-0.06981,164.0604,0.9094,stand_8,330.0145,0.0,-0.06981,0.0,-0.06981,Sidewalk
428.5,133.9424,3.0414,-1.22173,0.0,-0.06981,164.0604,0.9094,stand_8,330.0145,0.0,-0.06981,0.0,-0.06981,Sidewalk
429.0,133.9424,3.0414,-1.25664,0.0,-0.06981,164.0604,0.9094,stand_8,330.0145,0.0,-0.06981,0.0,-0.06981,Sidewalk
429.5,133.9424,3.0414,-1.29154,0.0,-0.06981,164.0604,0.9094,stand_8,330.0145,0.0,-0.06981,0.0,-0.06981,Sidewalk
430.0,133.9424,3.0414,-1.32645,0.0,-0.06981,164.0604,0.9094,stand_8,330.0145,0.0,-0.06981,0.0,-0.06981,Sidewalk
430.5,133.9424,3.0414,-1.36136,0.0,-0.06981,164.0604,0.9094,stand_8,330.0145,0.0,-0.06981,0.0,-0.06981,Sidewalk
431.0,133.9424,3.0414,-1.39626,0.0,-0.06981,164.0604,0.9094,stand_8,330.0145,0.0,-0.06981,0.0,-0.06981,Sidewalk
431.5,133.9424,3.0414,-1.43117,0.0,-0.06981,164.0604,0.9094,stand_8,330.0145,0.0,-0.06981,0.0,-0.06981,Sidewalk
432.0,133.9424,3.0414,-1.46608,0.0,-0.06981,164.0604,0.9094,stand_8,330.0146,0.0,-0.06981,0.0,-0.06981,Sidewalk
432.5,133.9424,3.0414,-1.50098,0.0,-0.06981,164.0604,0.9094,stand_8,330.0146,0.0,-0.06981,0.0,-0.06981,Sidewalk
433.0,133.9424,3.0414,-1.53589,0.0,-0.06981,164.0604,0.9094,stand_8,330.0146,0.0,-0.06981,0.0,-0.06981,Sidewalk
433.5,133.9424,3.0414,-1.5708,0.0,-0.06981,164.0604,0.9094,stand_8,330.0146,0.0,-0.06981,0.0,-0.06981,Sidewalk
434.0,133.9424,3.0414,-1.6057,0.0,-0.06981,164.0604,0.9094,stand_8,330.0146,0.0,-0.06981,0.0,-0.06981,Sidewalk
434.5,133.9424,3.0414,-1.64061,0.0,-0.06981,164.0604,0.9094,stand_8,330.0146,0.0,-0.06981,0.0,-0.06981,Sidewalk
435.0,133.9424,3.0414,-1.67552,0.0,-0.06981,164.0604,0.9094,stand_8,330.0146,0.0,-0.06981,0.0,-0.06981,Sidewalk
435.5,133.9424,3.0414,-1.71042,0.0,-0.06981,164.0604,0.9094,stand_8,330.0146,0.0,-0.06981,0.0,-0.06981,Sidewalk
436.0,133.9424,3.0414,-1.74533,0.0,-0.06981,164.0604,0.9094,stand_8,330.0146,0.0,-0.06981,0.0,-0.06981,Sidewalk
436.5,133.9424,3.0414,-1.78024,0.0,-0.06981,164.0604,0.9094,stand_8,330.0146,0.0,-0.06981,0.0,-0.06981,Sidewalk
437.0,133.9424,3.0414,-1.81514,0.0,-0.06981,164.0604,0.9094,stand_8,330.0146,0.0,-0.06981,0.0,-0.06981,Sidewalk
437.5,133.9424,3.0414,-1.85005,0.0,-0.06981,164.0604,0.9094,stand_8,330.0146,0.0,-0.06981,0.0,-0.06981,Sidewalk
438.0,133.9424,3.0414,-1.88496,0.0,-0.06981,164.0604,0.9094,stand_8,330.0146,0.0,-0.06981,0.0,-0.06981,Sidewalk
438.5,133.9424,3.0414,-1.91986,0.0,-0.06981,164.0604,0.9094,stand_8,330.0146,0.0,-0.06981,0.0,-0.06981,Sidewalk
439.0,133.9424,3.0414,-1.95477,0.0,-0.06981,164.0604,0.9094,stand_8,330.0146,0.0,-0.06981,0.0,-0.06981,Sidewalk
439.5,133.9424,3.0414,-1.98968,0.0,-0.06981,164.0604,0.9094,stand_8,330.0146,0.0,-0.06981,0.0,-0.06981,Sidewalk
440.0,133.9424,3.0414,-2.02458,0.0,-0.06981,164.0604,0.9093,stand_8,330.0146,0.0,-0.06981,0.0,-0.06981,Sidewalk
440.5,133.9424,3.0414,-2.05949,0.0,-0.06981,164.0604,0.9093,stand_8,330.0146,0.0,-0.06981,0.0,-0.06981,Sidewalk
441.0,133.9424,3.0414,-2.0944,0.0,-0.06981,164.0604,0.9093,stand_8,330.0146,0.0,-0.06981,0.0,-0.06981,Sidewalk
441.5,133.9424,3.0414,-2.1293,0.0,-0.06981,164.0604,0.9093,stand_8,330.0146,0.0,-0.06981,0.0,-0.06981,Sidewalk
442.0,133.9424,3.0414,-2.16421,0.0,-0.06981,164.0604,0.9093,stand_8,330.0146,0.0,-0.06981,0.0,-0.06981,Sidewalk
442.5,133.9424,3.0414,-2.19911,0.0,-0.06981,164.0604,0.9093,stand_8,330.0146,0.0,-0.06981,0.0,-0.06981,Sidewalk
443.0,133.9424,3.0414,-2.23402,0.0,-0.06981,164.0604,0.9093,stand_8,330.0146,0.0,-0.06981,0.0,-0.06981,Sidewalk
443.5,133.9424,3.0414,-2.26893,0.0,-0.06981,164.0604,0.9093,stand_8,330.0146,0.0,-0.06981,0.0,-0.06981,Sidewalk
444.0,133.9424,3.0414,-2.30383,0.0,-0.06981,164.0604,0.9093,stand_8,330.0146,0.0,-0.06981,0.0,-0.06981,Sidewalk
444.5,133.9424,3.0414,-2.33874,0.0,-0.06981,164.0604,0.9093,stand_8,330.0146,0.0,-0.06981,0.0,-0.06981,Sidewalk
445.0,133.9424,3.0414,-2.37365,0.0,-0.06981,164.0604,0.9093,stand_8,330.0146,0.0,-0.06981,0.0,-0.06981,Sidewalk
445.5,133.9424,3.0414,-2.40855,0.0,-0.06981,164.0604,0.9093,stand_8,330.0146,0.0,-0.06981,0.0,-0.06981,Sidewalk
446.0,133.9424,3.0414,-2.44346,0.0,-0.06981,164.0604,0.9093,stand_8,330.0146,0.0,-0.06981,0.0,-0.06981,Sidewalk
446.5,133.9424,3.0414,-2.47837,0.0,-0.06981,164.0604,0.9093,stand_8,330.0146,0.0,-0.06981,0.0,-0.06981,Sidewalk
447.0,133.9424,3.0414,-2.51327,0.0,-0.06981,164.0604,0.9093,stand_8,330.0146,0.0,-0.06981,0.0,-0.06981,Sidewalk
447.5,133.9424,3.0414,-2.54818,0.0,-0.06981,164.0604,0.9093,stand_8,330.0147,0.0,-0.06981,0.0,-0.06981,Sidewalk
448.0,133.9424,3.0414,-2.58309,0.0,-0.06981,164.0604,0.9093,stand_8,330.0147,0.0,-0.06981,0.0,-0.06981,Sidewalk
448.5,133.9424,3.0414,-2.61799,0.0,-0.06981,164.0604,0.9093,stand_8,330.0147,0.0,-0.06981,0.0,-0.06981,Sidewalk
449.0,133.9424,3.0414,-2.6529,0.0,-0.06981,164.0604,0.9093,stand_8,330.0147,0.0,-0.06981,0.0,-0.06981,Sidewalk
449.5,133.9424,3.0414,-2.68781,0.0,-0.06981,164.0604,0.9093,stand_8,330.0147,0.0,-0.06981,0.0,-0.06981,Sidewalk
450.0,133.9424,3.0414,-2.72271,0.0,-0.06981,164.0604,0.9093,stand_8,330.0147,0.0,-0.06981,0.0,-0.06981,Sidewalk
450.5,133.9424,3.0414,-2.75762,0.0,-0.06981,164.0604,0.9093,stand_8,330.0147,0.0,-0.06981,0.0,-0.06981,Sidewalk
451.0,133.9424,3.0414,-2.79253,0.0,-0.06981,164.0604,0.9093,stand_8,330.0147,0.0,-0.06981,0.0,-0.06981,Sidewalk
451.5,133.9424,3.0414,-2.82743,0.0,-0.06981,164.0604,0.9093,stand_8,330.0147,0.0,-0.06981,0.0,-0.06981,Sidewalk
452.0,133.9424,3.0414,-2.86234,0.0,-0.06981,164.0604,0.9093,stand_8,330.0147,0.0,-0.06981,0.0,-0.06981,Sidewalk
452.5,133.9424,3.0414,-2.89725,0.0,-0.06981,164.0604,0.9093,stand_8,330.0147,0.0,-0.06981,0.0,-0.06981,Sidewalk
453.0,133.9424,3.0414,-2.93215,0.0,-0.06981,164.0604,0.9093,stand_8,330.0147,0.0,-0.06981,0.0,-0.06981,Sidewalk
453.5,133.9424,3.0414,-2.96706,0.0,-0.06981,164.0604,0.9093,stand_8,330.0147,0.0,-0.06981,0.0,-0.06981,Sidewalk
454.0,133.9424,3.0414,-3.00197,0.0,-0.06981,164.0604,0.9093,stand_8,330.0147,0.0,-0.06981,0.0,-0.06981,Sidewalk
454.5,133.9424,3.0414,-3.03687,0.0,-0.06981,164.0604,0.9093,stand_8,330.0147,0.0,-0.06981,0.0,-0.06981,Sidewalk
455.0,133.9424,3.0414,-3.07178,0.0,-0.06981,164.0604,0.9093,stand_8,330.0147,0.0,-0.06981,0.0,-0.06981,Sidewalk
455.5,133.9424,3.0414,-3.10669,0.0,-0.06981,164.0604,0.9093,stand_8,330.0147,0.0,-0.06981,0.0,-0.06981,Sidewalk
456.0,133.9424,3.0414,-3.14159,0.0,-0.06981,164.0604,0.9093,stand_8,330.0147,0.0,-0.06981,0.0,-0.06981,Sidewalk
456.5,133.9424,3.0414,3.10669,0.0,-0.06981,164.0604,0.9093,stand_8,330.0147,0.0,-0.06981,0.0,-0.06981,Sidewalk
457.0,133.9424,3.0414,3.07178,0.0,-0.06981,164.0604,0.9093,stand_8,330.0147,0.0,-0.06981,0.0,-0.06981,Sidewalk
457.5,133.9424,3.0414,3.03687,0.0,-0.06981,164.0604,0.9093,stand_8,330.0147,0.0,-0.06981,0.0,-0.06981,Sidewalk
458.0,133.9424,3.0414,3.00197,0.0,-0.06981,164.0604,0.9093,stand_8,330.0147,0.0,-0.06981,0.0,-0.06981,Sidewalk
458.5,133.9424,3.0414,2.96706,0.0,-0.06981,164.0604,0.9093,stand_8,330.0147,0.0,-0.06981,0.0,-0.06981,Sidewalk
459.0,133.9424,3.0414,2.93215,0.0,-0.06981,164.0604,0.9093,stand_8,330.0147,0.0,-0.06981,0.0,-0.06981,Sidewalk
459.5,133.9424,3.0414,2.89725,0.0,-0.06981,164.0604,0.9093,stand_8,330.0147,0.0,-0.06981,0.0,-0.06981,Sidewalk
460.0,133.9424,3.0414,2.86234,0.0,-0.06981,164.0604,0.9093,stand_8,330.0147,0.0,-0.06981,0.0,-0.06981,Sidewalk
460.5,133.9424,3.0414,2.82743,0.0,-0.06981,164.0604,0.9093,stand_8,330.0147,0.0,-0.06981,0.0,-0.06981,Sidewalk
461.0,133.9424,3.0414,2.79253,0.0,-0.06981,164.0604,0.9093,stand_8,330.0147,0.0,-0.06981,0.0,-0.06981,Sidewalk
461.5,133.9424,3.0414,2.75762,0.0,-0.06981,164.0604,0.9093,stand_8,330.0147,0.0,-0.06981,0.0,-0.06981,Sidewalk
462.0,133.9424,3.0414,2.72271,0.0,-0.06981,164.0604,0.9093,stand_8,330.0147,0.0,-0.06981,0.0,-0.06981,Sidewalk
462.5,133.9424,3.0414,2.68781,0.0,-0.06981,164.0604,0.9093,stand_8,330.0148,0.0,-0.06981,0.0,-0.06981,Sidewalk
463.0,133.9424,3.0414,2.6529,0.0,-0.06981,164.0604,0.9093,stand_8,330.0148,0.0,-0.06981,0.0,-0.06981,Sidewalk
463.5,133.9424,3.0414,2.61799,0.0,-0.06981,164.0604,0.9093,stand_8,330.0148,0.0,-0.06981,0.0,-0.06981,Sidewalk
464.0,133.9424,3.0414,2.58309,0.0,-0.06981,164.0604,0.9093,stand_8,330.0148,0.0,-0.06981,0.0,-0.06981,Sidewalk
464.5,133.9424,3.0414,2.54818,0.0,-0.06981,164.0604,0.9093,stand_8,330.0148,0.0,-0.06981,0.0,-0.06981,Sidewalk
465.0,133.9424,3.0414,2.51327,0.0,-0.06981,164.0604,0.9093,stand_8,330.0148,0.0,-0.06981,0.0,-0.06981,Sidewalk
465.5,133.9424,3.0414,2.47837,0.0,-0.06981,164.0604,0.9093,stand_8,330.0148,0.0,-0.06981,0.0,-0.06981,Sidewalk
466.0,133.9424,3.0414,2.44346,0.0,-0.06981,164.0604,0.9093,stand_8,330.0148,0.0,-0.06981,0.0,-0.06981,Sidewalk
466.5,133.9424,3.0414,2.40855,0.0,-0.06981,164.0604,0.9093,stand_8,330.0148,0.0,-0.06981,0.0,-0.06981,Sidewalk
467.0,133.9424,3.0414,2.37365,0.0,-0.06981,164.0604,0.9093,stand_8,330.0148,0.0,-0.06981,0.0,-0.06981,Sidewalk
467.5,133.9424,3.0414,2.33874,0.0,-0.06981,164.0604,0.9093,stand_8,330.0148,0.0,-0.06981,0.0,-0.06981,Sidewalk
468.0,133.9424,3.0414,2.30383,0.0,-0.06981,164.0604,0.9093,stand_8,330.0148,0.0,-0.06981,0.0,-0.06981,Sidewalk
468.5,133.9424,3.0414,2.26893,0.0,-0.06981,164.0604,0.9093,stand_8,330.0148,0.0,-0.06981,0.0,-0.06981,Sidewalk
469.0,133.9424,3.0414,2.23402,0.0,-0.06981,164.0604,0.9093,stand_8,330.0148,0.0,-0.06981,0.0,-0.06981,Sidewalk
469.5,133.9424,3.0414,2.19911,0.0,-0.06981,164.0604,0.9093,stand_8,330.0148,0.0,-0.06981,0.0,-0.06981,Sidewalk
470.0,133.9424,3.0414,2.16421,0.0,-0.06981,164.0604,0.9093,stand_8,330.0148,0.0,-0.06981,0.0,-0.06981,Sidewalk
470.5,133.9424,3.0414,2.1293,0.0,-0.06981,164.0604,0.9093,stand_8,330.0148,0.0,-0.06981,0.0,-0.06981,Sidewalk
471.0,133.9424,3.0414,2.0944,0.0,-0.06981,164.0604,0.9093,stand_8,330.0148,0.0,-0.06981,0.0,-0.06981,Sidewalk
471.5,133.9424,3.0414,2.05949,0.0,-0.06981,164.0604,0.9093,stand_8,330.0148,0.0,-0.06981,0.0,-0.06981,Sidewalk
472.0,133.9424,3.0414,2.02458,0.0,-0.06981,164.0604,0.9093,stand_8,330.0148,0.0,-0.06981,0.0,-0.06981,Sidewalk
472.5,133.9424,3.0414,1.98968,0.0,-0.06981,164.0604,0.9093,stand_8,330.0148,0.0,-0.06981,0.0,-0.06981,Sidewalk
473.0,133.9424,3.0414,1.95477,0.0,-0.06981,164.0604,0.9093,stand_8,330.0148,0.0,-0.06981,0.0,-0.06981,Sidewalk
473.5,133.9424,3.0414,1.91986,0.0,-0.06981,164.0604,0.9093,stand_8,330.0148,0.0,-0.06981,0.0,-0.06981,Sidewalk
474.0,133.9424,3.0414,1.88496,0.0,-0.06981,164.0604,0.9093,stand_8,330.0148,0.0,-0.06981,0.0,-0.06981,Sidewalk
474.5,133.9424,3.0414,1.85005,0.0,-0.06981,164.0604,0.9093,stand_8,330.0148,0.0,-0.06981,0.0,-0.06981,Sidewalk
475.0,133.9424,3.0414,1.81514,0.0,-0.06981,164.0604,0.9093,stand_8,330.0148,0.0,-0.06981,0.0,-0.06981,Sidewalk
475.5,133.9424,3.0414,1.78024,0.0,-0.06981,164.0604,0.9093,stand_8,330.0148,0.0,-0.06981,0.0,-0.06981,Sidewalk
476.0,133.9424,3.0414,1.74533,0.0,-0.06981,164.0604,0.9092,stand_8,330.0148,0.0,-0.06981,0.0,-0.06981,Sidewalk
476.5,133.9424,3.0414,1.71042,0.0,-0.06981,164.0604,0.9092,stand_8,330.0148,0.0,-0.06981,0.0,-0.06981,Sidewalk
477.0,133.9424,3.0414,1.67552,0.0,-0.06981,164.0604,0.9092,stand_8,330.0148,0.0,-0.06981,0.0,-0.06981,Sidewalk
477.5,133.9424,3.0414,1.64061,0.0,-0.06981,164.0604,0.9092,stand_8,330.0148,0.0,-0.06981,0.0,-0.06981,Sidewalk
478.0,133.9424,3.0414,1.6057,0.0,-0.06981,164.0604,0.9092,stand_8,330.0149,0.0,-0.06981,0.0,-0.06981,Sidewalk
478.5,133.9424,3.0414,1.5708,0.0,-0.06981,164.0604,0.9092,stand_8,330.0149,0.0,-0.06981,0.0,-0.06981,Sidewalk
479.0,133.9424,3.0414,1.53589,0.0,-0.06981,164.0604,0.9092,stand_8,330.0149,0.0,-0.06981,0.0,-0.06981,Sidewalk
479.5,133.9424,3.0414,1.50098,0.0,-0.06981,164.0604,0.9092,stand_8,330.0149,0.0,-0.06981,0.0,-0.06981,Sidewalk
480.0,133.9424,3.0414,1.46608,0.0,-0.06981,164.0604,0.9092,stand_8,330.0149,0.0,-0.06981,0.0,-0.06981,Sidewalk
480.5,133.9424,3.0414,1.43117,0.0,-0.06981,164.0604,0.9092,stand_8,330.0149,0.0,-0.06981,0.0,-0.06981,Sidewalk
481.0,133.9424,3.0414,1.39626,0.0,-0.06981,164.0604,0.9092,stand_8,330.0149,0.0,-0.06981,0.0,-0.06981,Sidewalk
481.5,133.9424,3.0414,1.36136,0.0,-0.06981,164.0604,0.9092,stand_8,330.0149,0.0,-0.06981,0.0,-0.06981,Sidewalk
482.0,133.9424,3.0414,1.32645,0.0,-0.06981,164.0604,0.9092,stand_8,330.0149,0.0,-0.06981,0.0,-0.06981,Sidewalk
482.5,133.9424,3.0414,1.29154,0.0,-0.06981,164.0604,0.9092,stand_8,330.0149,0.0,-0.06981,0.0,-0.06981,Sidewalk
483.0,133.9424,3.0414,1.25664,0.0,-0.06981,164.0604,0.9092,stand_8,330.0149,0.0,-0.06981,0.0,-0.06981,Sidewalk
483.5,133.9424,3.0414,1.22173,0.0,-0.06981,164.0604,0.9092,stand_8,330.0149,0.0,-0.06981,0.0,-0.06981,Sidewalk
484.0,133.9424,3.0414,1.18682,0.0,-0.06981,164.0604,0.9092,stand_8,330.0149,0.0,-0.06981,0.0,-0.06981,Sidewalk
484.5,133.9424,3.0414,1.15192,0.0,-0.06981,164.0604,0.9092,stand_8,330.0149,0.0,-0.06981,0.0,-0.06981,Sidewalk
485.0,133.9424,3.0414,1.11701,0.0,-0.06981,164.0604,0.9092,stand_8,330.0149,0.0,-0.06981,0.0,-0.06981,Sidewalk
485.5,133.9424,3.0414,1.0821,0.0,-0.06981,164.0604,0.9092,stand_8,330.0149,0.0,-0.06981,0.0,-0.06981,Sidewalk
486.0,133.9424,3.0414,1.0472,0.0,-0.06981,164.0604,0.9092,stand_8,330.0149,0.0,-0.06981,0.0,-0.06981,Sidewalk
486.5,133.9424,3.0414,1.01229,0.0,-0.06981,164.0604,0.9092,stand_8,330.0149,0.0,-0.06981,0.0,-0.06981,Sidewalk
487.0,133.9424,3.0414,0.97738,0.0,-0.06981,164.0604,0.9092,stand_8,330.0149,0.0,-0.06981,0.0,-0.06981,Sidewalk
487.5,133.9424,3.0414,0.94248,0.0,-0.06981,164.0604,0.9092,stand_8,330.0149,0.0,-0.06981,0.0,-0.06981,Sidewalk
488.0,133.9424,3.0414,0.90757,0.0,-0.06981,164.0604,0.9092,stand_8,330.0149,0.0,-0.06981,0.0,-0.06981,Sidewalk
488.5,133.9424,3.0414,0.87266,0.0,-0.06981,164.0604,0.9092,stand_8,330.0149,0.0,-0.06981,0.0,-0.06981,Sidewalk
489.0,133.9424,3.0414,0.83776,0.0,-0.06981,164.0604,0.9092,stand_8,330.0149,0.0,-0.06981,0.0,-0.06981,Sidewalk
489.5,133.9424,3.0414,0.80285,0.0,-0.06981,164.0604,0.9092,stand_8,330.0149,0.0,-0.06981,0.0,-0.06981,Sidewalk
490.0,133.9424,3.0414,0.76794,0.0,-0.06981,164.0604,0.9092,stand_8,330.0149,0.0,-0.06981,0.0,-0.06981,Sidewalk
490.5,133.9424,3.0414,0.73304,0.0,-0.06981,164.0604,0.9092,stand_8,330.0149,0.0,-0.06981,0.0,-0.06981,Sidewalk
491.0,133.9424,3.0414,0.69813,0.0,-0.06981,164.0604,0.9092,stand_8,330.0149,0.0,-0.06981,0.0,-0.06981,Sidewalk
491.5,133.9424,3.0414,0.66323,0.0,-0.06981,164.0604,0.9092,stand_8,330.0149,0.0,-0.06981,0.0,-0.06981,Sidewalk
492.0,133.9424,3.0414,0.62832,0.0,-0.06981,164.0604,0.9092,stand_8,330.0149,0.0,-0.06981,0.0,-0.06981,Sidewalk
492.5,133.9424,3.0414,0.59341,0.0,-0.06981,164.0604,0.9092,stand_8,330.0149,0.0,-0.06981,0.0,-0.06981,Sidewalk
493.0,133.9424,3.0414,0.55851,0.0,-0.06981,164.0604,0.9092,stand_8,330.0149,0.0,-0.06981,0.0,-0.06981,Sidewalk
493.5,133.9424,3.0414,0.5236,0.0,-0.06981,164.0604,0.9092,stand_8,330.015,0.0,-0.06981,0.0,-0.06981,Sidewalk
494.0,133.9424,3.0414,0.48869,0.0,-0.06981,164.0604,0.9092,stand_8,330.015,0.0,-0.06981,0.0,-0.06981,Sidewalk
494.5,133.9424,3.0414,0.45379,0.0,-0.06981,164.0604,0.9092,stand_8,330.015,0.0,-0.06981,0.0,-0.06981,Sidewalk
495.0,133.9424,3.0414,0.41888,0.0,-0.06981,164.0604,0.9092,stand_8,330.015,0.0,-0.06981,0.0,-0.06981,Sidewalk
495.5,133.9424,3.0414,0.38397,0.0,-0.06981,164.0604,0.9092,stand_8,330.015,0.0,-0.06981,0.0,-0.06981,Sidewalk
496.0,133.9424,3.0414,0.34907,0.0,-0.06981,164.0604,0.9092,stand_8,330.015,0.0,-0.06981,0.0,-0.06981,Sidewalk
496.5,133.9424,3.0414,0.31416,0.0,-0.06981,164.0604,0.9092,stand_8,330.015,0.0,-0.06981,0.0,-0.06981,Sidewalk
497.0,133.9424,3.0414,0.27925,0.0,-0.06981,164.0604,0.9092,stand_8,330.015,0.0,-0.06981,0.0,-0.06981,Sidewalk
497.5,133.9424,3.0414,0.24435,0.0,-0.06981,164.0604,0.9092,stand_8,330.015,0.0,-0.06981,0.0,-0.06981,Sidewalk
498.0,133.9424,3.0414,0.20944,0.0,-0.06981,164.0604,0.9092,stand_8,330.015,0.0,-0.06981,0.0,-0.06981,Sidewalk
498.5,133.9424,3.0414,0.17453,0.0,-0.06981,164.0604,0.9092,stand_8,330.015,0.0,-0.06981,0.0,-0.06981,Sidewalk
499.0,133.9424,3.0414,0.13963,0.0,-0.06981,164.0604,0.9092,stand_8,330.015,0.0,-0.06981,0.0,-0.06981,Sidewalk
499.5,133.9424,3.0414,0.10472,0.0,-0.06981,164.0604,0.9092,stand_8,330.015,0.0,-0.06981,0.0,-0.06981,Sidewalk
500.0,133.9424,3.0414,0.06981,0.0,-0.06981,164.0604,0.9092,stand_8,330.015,0.0,-0.06981,0.0,-0.06981,Sidewalk
500.5,133.9424,3.0414,0.03491,0.0,-0.06981,164.0604,0.9092,stand_8,330.015,0.0,-0.06981,0.0,-0.06981,Sidewalk
501.0,133.9424,3.0414,0.0,0.0,-0.06981,164.0604,0.9092,stand_8,330.015,0.0,-0.06981,0.0,-0.06981,Sidewalk
501.5,133.9424,3.0414,-0.03491,0.0,-0.06981,164.0604,0.9092,stand_8,330.015,0.0,-0.06981,0.0,-0.06981,Sidewalk
502.0,133.9424,3.0414,-0.06981,0.0,-0.06981,164.0604,0.9092,stand_8,330.015,0.0,-0.06981,0.0,-0.06981,Sidewalk
502.5,133.9424,3.0414,-0.10472,0.0,-0.06981,164.0604,0.9092,stand_8,330.015,0.0,-0.06981,0.0,-0.06981,Sidewalk
503.0,133.9424,3.0414,-0.13963,0.0,-0.06981,164.0604,0.9092,stand_8,330.015,0.0,-0.06981,0.0,-0.06981,Sidewalk
503.5,133.9424,3.0414,-0.17453,0.0,-0.06981,164.0604,0.9092,stand_8,330.015,0.0,-0.06981,0.0,-0.06981,Sidewalk
504.0,133.9424,3.0414,-0.20944,0.0,-0.06981,164.0604,0.9092,stand_8,330.015,0.0,-0.06981,0.0,-0.06981,Sidewalk
504.5,133.9424,3.0414,-0.24435,0.0,-0.06981,164.0604,0.9092,stand_8,330.015,0.0,-0.06981,0.0,-0.06981,Sidewalk
505.0,133.9424,3.0414,-0.27925,0.0,-0.06981,164.0604,0.9092,stand_8,330.015,0.0,-0.06981,0.0,-0.06981,Sidewalk
505.5,133.9424,3.0414,-0.31416,0.0,-0.06981,164.0604,0.9092,stand_8,330.015,0.0,-0.06981,0.0,-0.06981,Sidewalk
506.0,133.9424,3.0414,-0.34907,0.0,-0.06981,164.0604,0.9092,stand_8,330.015,0.0,-0.06981,0.0,-0.06981,Sidewalk
506.5,133.9424,3.0414,-0.38397,0.0,-0.06981,164.0604,0.9092,stand_8,330.015,0.0,-0.06981,0.0,-0.06981,Sidewalk
507.0,133.9424,3.0414,-0.41888,0.0,-0.06981,164.0604,0.9092,stand_8,330.015,0.0,-0.06981,0.0,-0.06981,Sidewalk
507.5,133.9424,3.0414,-0.45379,0.0,-0.06981,164.0604,0.9092,stand_8,330.015,0.0,-0.06981,0.0,-0.06981,Sidewalk
508.0,133.9424,3.0414,-0.48869,0.0,-0.06981,164.0604,0.9092,stand_8,330.015,0.0,-0.06981,0.0,-0.06981,Sidewalk
508.5,133.9424,3.0414,-0.5236,0.0,-0.06981,164.0604,0.9092,stand_8,330.015,0.0,-0.06981,0.0,-0.06981,Sidewalk
509.0,133.9424,3.0414,-0.55851,0.0,-0.06981,164.0604,0.9092,stand_8,330.0151,0.0,-0.06981,0.0,-0.06981,Sidewalk
509.5,133.9424,3.0414,-0.59341,0.0,-0.06981,164.0604,0.9092,stand_8,330.0151,0.0,-0.06981,0.0,-0.06981,Sidewalk
510.0,133.9424,3.0414,-0.62832,0.0,-0.06981,164.0604,0.9092,stand_8,330.0151,0.0,-0.06981,0.0,-0.06981,Sidewalk
510.5,133.9424,3.0414,-0.66323,0.0,-0.06981,164.0604,0.9092,stand_8,330.0151,0.0,-0.06981,0.0,-0.06981,Sidewalk
511.0,133.9424,3.0414,-0.69813,0.0,-0.06981,164.0604,0.9092,stand_8,330.0151,0.0,-0.06981,0.0,-0.06981,Sidewalk
511.5,133.9424,3.0414,-0.73304,0.0,-0.06981,164.0604,0.9092,stand_8,330.0151,0.0,-0.06981,0.0,-0.06981,Sidewalk
512.0,133.9424,3.0414,-0.76794,0.0,-0.06981,164.0604,0.9092,stand_8,330.0151,0.0,-0.06981,0.0,-0.06981,Sidewalk
512.5,133.9424,3.0414,-0.80285,0.0,-0.06981,164.0604,0.9091,stand_8,330.0151,0.0,-0.06981,0.0,-0.06981,Sidewalk
513.0,133.9424,3.0414,-0.83776,0.0,-0.06981,164.0604,0.9091,stand_8,330.0151,0.0,-0.06981,0.0,-0.06981,Sidewalk
513.5,133.9424,3.0414,-0.87266,0.0,-0.06981,164.0604,0.9091,stand_8,330.0151,0.0,-0.06981,0.0,-0.06981,Sidewalk
514.0,133.9424,3.0414,-0.90757,0.0,-0.06981,164.0604,0.9091,stand_8,330.0151,0.0,-0.06981,0.0,-0.06981,Sidewalk
514.5,133.9424,3.0414,-0.94248,0.0,-0.06981,164.0604,0.9091,stand_8,330.0151,0.0,-0.06981,0.0,-0.06981,Sidewalk
515.0,133.9424,3.0414,-0.97738,0.0,-0.06981,164.0604,0.9091,stand_8,330.0151,0.0,-0.06981,0.0,-0.06981,Sidewalk
515.5,133.9424,3.0414,-1.01229,0.0,-0.06981,164.0604,0.9091,stand_8,330.0151,0.0,-0.06981,0.0,-0.06981,Sidewalk
516.0,133.9424,3.0414,-1.0472,0.0,-0.06981,164.0604,0.9091,stand_8,330.0151,0.0,-0.06981,0.0,-0.06981,Sidewalk
516.5,133.9424,3.0414,-1.0821,0.0,-0.06981,164.0604,0.9091,stand_8,330.0151,0.0,-0.06981,0.0,-0.06981,Sidewalk
517.0,133.9424,3.0414,-1.11701,0.0,-0.06981,164.0604,0.9091,stand_8,330.0151,0.0,-0.06981,0.0,-0.06981,Sidewalk
517.5,133.9424,3.0414,-1.15192,0.0,-0.06981,164.0604,0.9091,stand_8,330.0151,0.0,-0.06981,0.0,-0.06981,Sidewalk
518.0,133.9424,3.0414,-1.18682,0.0,-0.06981,164.0604,0.9091,stand_8,330.0151,0.0,-0.06981,0.0,-0.06981,Sidewalk
518.5,133.9424,3.0414,-1.22173,0.0,-0.06981,164.0604,0.9091,stand_8,330.0151,0.0,-0.06981,0.0,-0.06981,Sidewalk
519.0,133.9424,3.0414,-1.25664,0.0,-0.06981,164.0604,0.9091,stand_8,330.0151,0.0,-0.06981,0.0,-0.06981,Sidewalk
519.5,133.9424,3.0414,-1.29154,0.0,-0.06981,164.0604,0.9091,stand_8,330.0151,0.0,-0.06981,0.0,-0.06981,Sidewalk
520.0,133.9424,3.0414,-1.32645,0.0,-0.06981,164.0604,0.9091,stand_8,330.0151,0.0,-0.06981,0.0,-0.06981,Sidewalk
520.5,133.9424,3.0414,-1.36136,0.0,-0.06981,164.0604,0.9091,stand_8,330.0151,0.0,-0.06981,0.0,-0.06981,Sidewalk
521.0,133.9424,3.0414,-1.39626,0.0,-0.06981,164.0604,0.9091,stand_8,330.0151,0.0,-0.06981,0.0,-0.06981,Sidewalk
521.5,133.9424,3.0414,-1.43117,0.0,-0.06981,164.0604,0.9091,stand_8,330.0151,0.0,-0.06981,0.0,-0.06981,Sidewalk
522.0,133.9424,3.0414,-1.46608,0.0,-0.06981,164.0604,0.9091,stand_8,330.0151,0.0,-0.06981,0.0,-0.06981,Sidewalk
522.5,133.9424,3.0414,-1.50098,0.0,-0.06981,164.0604,0.9091,stand_8,330.0151,0.0,-0.06981,0.0,-0.06981,Sidewalk
523.0,133.9424,3.0414,-1.53589,0.0,-0.06981,164.0604,0.9091,stand_8,330.0151,0.0,-0.06981,0.0,-0.06981,Sidewalk
523.5,133.9424,3.0414,-1.5708,0.0,-0.06981,164.0604,0.9091,stand_8,330.0151,0.0,-0.06981,0.0,-0.06981,Sidewalk
524.0,133.9424,3.0414,-1.6057,0.0,-0.06981,164.0604,0.9091,stand_8,330.0151,0.0,-0.06981,0.0,-0.06981,Sidewalk
524.5,133.9424,3.0414,-1.64061,0.0,-0.06981,164.0604,0.9091,stand_8,330.0151,0.0,-0.06981,0.0,-0.06981,Sidewalk
525.0,133.9424,3.0414,-1.67552,0.0,-0.06981,164.0604,0.9091,stand_8,330.0152,0.0,-0.06981,0.0,-0.06981,Sidewalk
525.5,133.9424,3.0414,-1.71042,0.0,-0.06981,164.0604,0.9091,stand_8,330.0152,0.0,-0.06981,0.0,-0.06981,Sidewalk
526.0,133.9424,3.0414,-1.74533,0.0,-0.06981,164.0604,0.9091,stand_8,330.0152,0.0,-0.06981,0.0,-0.06981,Sidewalk
526.5,133.9424,3.0414,-1.78024,0.0,-0.06981,164.0604,0.9091,stand_8,330.0152,0.0,-0.06981,0.0,-0.06981,Sidewalk
527.0,133.9424,3.0414,-1.81514,0.0,-0.06981,164.0604,0.9091,stand_8,330.0152,0.0,-0.06981,0.0,-0.06981,Sidewalk
527.5,133.9424,3.0414,-1.85005,0.0,-0.06981,164.0604,0.9091,stand_8,330.0152,0.0,-0.06981,0.0,-0.06981,Sidewalk
528.0,133.9424,3.0414,-1.88496,0.0,-0.06981,164.0604,0.9091,stand_8,330.0152,0.0,-0.06981,0.0,-0.06981,Sidewalk
528.5,133.9424,3.0414,-1.91986,0.0,-0.06981,164.0604,0.9091,stand_8,330.0152,0.0,-0.06981,0.0,-0.06981,Sidewalk
529.0,133.9424,3.0414,-1.95477,0.0,-0.06981,164.0604,0.9091,stand_8,330.0152,0.0,-0.06981,0.0,-0.06981,Sidewalk
529.5,133.9424,3.0414,-1.98968,0.0,-0.06981,164.0604,0.9091,stand_8,330.0152,0.0,-0.06981,0.0,-0.06981,Sidewalk
530.0,133.9424,3.0414,-2.02458,0.0,-0.06981,164.0604,0.9091,stand_8,330.0152,0.0,-0.06981,0.0,-0.06981,Sidewalk
530.5,133.9424,3.0414,-2.05949,0.0,-0.06981,164.0604,0.9091,stand_8,330.0152,0.0,-0.06981,0.0,-0.06981,Sidewalk
531.0,133.9424,3.0414,-2.0944,0.0,-0.06981,164.0604,0.9091,stand_8,330.0152,0.0,-0.06981,0.0,-0.06981,Sidewalk
531.5,133.9424,3.0414,-2.1293,0.0,-0.06981,164.0604,0.9091,stand_8,330.0152,0.0,-0.06981,0.0,-0.06981,Sidewalk
532.0,133.9424,3.0414,-2.16421,0.0,-0.06981,164.0604,0.9091,stand_8,330.0152,0.0,-0.06981,0.0,-0.06981,Sidewalk
532.5,133.9424,3.0414,-2.19911,0.0,-0.06981,164.0604,0.9091,stand_8,330.0152,0.0,-0.06981,0.0,-0.06981,Sidewalk
533.0,133.9424,3.0414,-2.23402,0.0,-0.06981,164.0604,0.9091,stand_8,330.0152,0.0,-0.06981,0.0,-0.06981,Sidewalk
533.5,133.9424,3.0414,-2.26893,0.0,-0.06981,164.0604,0.9091,stand_8,330.0152,0.0,-0.06981,0.0,-0.06981,Sidewalk
534.0,133.9424,3.0414,-2.30383,0.0,-0.06981,164.0604,0.9091,stand_8,330.0152,0.0,-0.06981,0.0,-0.06981,Sidewalk
534.5,133.9424,3.0414,-2.33874,0.0,-0.06981,164.0604,0.9091,stand_8,330.0152,0.0,-0.06981,0.0,-0.06981,Sidewalk
535.0,133.9424,3.0414,-2.37365,0.0,-0.06981,164.0604,0.9091,stand_8,330.0152,0.0,-0.06981,0.0,-0.06981,Sidewalk
535.5,133.9424,3.0414,-2.40855,0.0,-0.06981,164.0604,0.9091,stand_8,330.0152,0.0,-0.06981,0.0,-0.06981,Sidewalk
536.0,133.9424,3.0414,-2.44346,0.0,-0.06981,164.0604,0.9091,stand_8,330.0152,0.0,-0.06981,0.0,-0.06981,Sidewalk
536.5,133.9424,3.0414,-2.47837,0.0,-0.06981,164.0604,0.9091,stand_8,330.0152,0.0,-0.06981,0.0,-0.06981,Sidewalk
537.0,133.9424,3.0414,-2.51327,0.0,-0.06981,164.0604,0.9091,stand_8,330.0152,0.0,-0.06981,0.0,-0.06981,Sidewalk
537.5,133.9424,3.0414,-2.54818,0.0,-0.06981,164.0604,0.9091,stand_8,330.0152,0.0,-0.06981,0.0,-0.06981,Sidewalk
538.0,133.9424,3.0414,-2.58309,0.0,-0.06981,164.0604,0.9091,stand_8,330.0152,0.0,-0.06981,0.0,-0.06981,Sidewalk
538.5,133.9424,3.0414,-2.61799,0.0,-0.06981,164.0604,0.9091,stand_8,330.0152,0.0,-0.06981,0.0,-0.06981,Sidewalk
539.0,133.9424,3.0414,-2.6529,0.0,-0.06981,164.0604,0.9091,stand_8,330.0152,0.0,-0.06981,0.0,-0.06981,Sidewalk
539.5,133.9424,3.0414,-2.68781,0.0,-0.06981,164.0604,0.9091,stand_8,330.0153,0.0,-0.06981,0.0,-0.06981,Sidewalk
540.0,133.9424,3.0414,-2.72271,0.0,-0.06981,164.0604,0.9091,stand_8,330.0153,0.0,-0.06981,0.0,-0.06981,Sidewalk
540.5,133.9424,3.0414,-2.75762,0.0,-0.06981,164.0604,0.9091,stand_8,330.0153,0.0,-0.06981,0.0,-0.06981,Sidewalk
541.0,133.9424,3.0414,-2.79253,0.0,-0.06981,164.0604,0.9091,stand_8,330.0153,0.0,-0.06981,0.0,-0.06981,Sidewalk
541.5,133.9424,3.0414,-2.82743,0.0,-0.06981,164.0604,0.9091,stand_8,330.0153,0.0,-0.06981,0.0,-0.06981,Sidewalk
542.0,133.9424,3.0414,-2.86234,0.0,-0.06981,164.0604,0.9091,stand_8,330.0153,0.0,-0.06981,0.0,-0.06981,Sidewalk
542.5,133.9424,3.0414,-2.89725,0.0,-0.06981,164.0604,0.9091,stand_8,330.0153,0.0,-0.06981,0.0,-0.06981,Sidewalk
543.0,133.9424,3.0414,-2.93215,0.0,-0.06981,164.0604,0.9091,stand_8,330.0153,0.0,-0.06981,0.0,-0.06981,Sidewalk
543.5,133.9424,3.0414,-2.96706,0.0,-0.06981,164.0604,0.9091,stand_8,330.0153,0.0,-0.06981,0.0,-0.06981,Sidewalk
544.0,133.9424,3.0414,-3.00197,0.0,-0.06981,164.0604,0.9091,stand_8,330.0153,0.0,-0.06981,0.0,-0.06981,Sidewalk
544.5,133.9424,3.0414,-3.03687,0.0,-0.06981,164.0604,0.9091,stand_8,330.0153,0.0,-0.06981,0.0,-0.06981,Sidewalk
545.0,133.9424,3.0414,-3.07178,0.0,-0.06981,164.0604,0.9091,stand_8,330.0153,0.0,-0.06981,0.0,-0.06981,Sidewalk
545.5,133.9424,3.0414,-3.10669,0.0,-0.06981,164.0604,0.9091,stand_8,330.0153,0.0,-0.06981,0.0,-0.06981,Sidewalk
546.0,133.9424,3.0414,-3.14159,0.0,-0.06981,164.0604,0.9091,stand_8,330.0153,0.0,-0.06981,0.0,-0.06981,Sidewalk
546.5,133.9424,3.0414,3.10669,0.0,-0.06981,164.0604,0.909,stand_8,330.0153,0.0,-0.06981,0.0,-0.06981,Sidewalk
547.0,133.9424,3.0414,3.07178,0.0,-0.06981,164.0604,0.909,stand_8,330.0153,0.0,-0.06981,0.0,-0.06981,Sidewalk
547.5,133.9424,3.0414,3.03687,0.0,-0.06981,164.0604,0.909,stand_8,330.0153,0.0,-0.06981,0.0,-0.06981,Sidewalk
548.0,133.9424,3.0414,3.00197,0.0,-0.06981,164.0604,0.909,stand_8,330.0153,0.0,-0.06981,0.0,-0.06981,Sidewalk
548.5,133.9424,3.0414,2.96706,0.0,-0.06981,164.0604,0.909,stand_8,330.0153,0.0,-0.06981,0.0,-0.06981,Sidewalk
549.0,133.9424,3.0414,2.93215,0.0,-0.06981,164.0604,0.909,stand_8,330.0153,0.0,-0.06981,0.0,-0.06981,Sidewalk
549.5,133.9424,3.0414,2.89725,0.0,-0.06981,164.0604,0.909,stand_8,330.0153,0.0,-0.06981,0.0,-0.06981,Sidewalk
550.0,133.9424,3.0414,2.86234,0.0,-0.06981,164.0604,0.909,stand_8,330.0153,0.0,-0.06981,0.0,-0.06981,Sidewalk
550.5,133.9424,3.0414,2.82743,0.0,-0.06981,164.0604,0.909,stand_8,330.0153,0.0,-0.06981,0.0,-0.06981,Sidewalk
551.0,133.9424,3.0414,2.79253,0.0,-0.06981,164.0604,0.909,stand_8,330.0153,0.0,-0.06981,0.0,-0.06981,Sidewalk
551.5,133.9424,3.0414,2.75762,0.0,-0.06981,164.0604,0.909,stand_8,330.0153,0.0,-0.06981,0.0,-0.06981,Sidewalk
552.0,133.9424,3.0414,2.72271,0.0,-0.06981,164.0604,0.909,stand_8,330.0153,0.0,-0.06981,0.0,-0.06981,Sidewalk
552.5,133.9424,3.0414,2.68781,0.0,-0.06981,164.0604,0.909,stand_8,330.0153,0.0,-0.06981,0.0,-0.06981,Sidewalk
553.0,133.9424,3.0414,2.6529,0.0,-0.06981,164.0604,0.909,stand_8,330.0153,0.0,-0.06981,0.0,-0.06981,Sidewalk
553.5,133.9424,3.0414,2.61799,0.0,-0.06981,164.0604,0.909,stand_8,330.0154,0.0,-0.06981,0.0,-0.06981,Sidewalk
554.0,133.9424,3.0414,2.58309,0.0,-0.06981,164.0604,0.909,stand_8,330.0154,0.0,-0.06981,0.0,-0.06981,Sidewalk
554.5,133.9424,3.0414,2.54818,0.0,-0.06981,164.0604,0.909,stand_8,330.0154,0.0,-0.06981,0.0,-0.06981,Sidewalk
555.0,133.9424,3.0414,2.51327,0.0,-0.06981,164.0604,0.909,stand_8,330.0154,0.0,-0.06981,0.0,-0.06981,Sidewalk
555.5,133.9424,3.0414,2.47837,0.0,-0.06981,164.0604,0.909,stand_8,330.0154,0.0,-0.06981,0.0,-0.06981,Sidewalk
556.0,133.9424,3.0414,2.44346,0.0,-0.06981,164.0604,0.909,stand_8,330.0154,0.0,-0.06981,0.0,-0.06981,Sidewalk
556.5,133.9424,3.0414,2.40855,0.0,-0.06981,164.0604,0.909,stand_8,330.0154,0.0,-0.06981,0.0,-0.06981,Sidewalk
557.0,133.9424,3.0414,2.37365,0.0,-0.06981,164.0604,0.909,stand_8,330.0154,0.0,-0.06981,0.0,-0.06981,Sidewalk
557.5,133.9424,3.0414,2.33874,0.0,-0.06981,164.0604,0.909,stand_8,330.0154,0.0,-0.06981,0.0,-0.06981,Sidewalk
558.0,133.9424,3.0414,2.30383,0.0,-0.06981,164.0604,0.909,stand_8,330.0154,0.0,-0.06981,0.0,-0.06981,Sidewalk
558.5,133.9424,3.0414,2.26893,0.0,-0.06981,164.0604,0.909,stand_8,330.0154,0.0,-0.06981,0.0,-0.06981,Sidewalk
559.0,133.9424,3.0414,2.23402,0.0,-0.06981,164.0604,0.909,stand_8,330.0154,0.0,-0.06981,0.0,-0.06981,Sidewalk
559.5,133.9424,3.0414,2.19911,0.0,-0.06981,164.0604,0.909,stand_8,330.0154,0.0,-0.06981,0.0,-0.06981,Sidewalk
560.0,133.9424,3.0414,2.16421,0.0,-0.06981,164.0604,0.909,stand_8,330.0154,0.0,-0.06981,0.0,-0.06981,Sidewalk
560.5,133.9424,3.0414,2.1293,0.0,-0.06981,164.0604,0.909,stand_8,330.0154,0.0,-0.06981,0.0,-0.06981,Sidewalk
561.0,133.9424,3.0414,2.0944,0.0,-0.06981,164.0604,0.909,stand_8,330.0154,0.0,-0.06981,0.0,-0.06981,Sidewalk
561.5,133.9424,3.0414,2.05949,0.0,-0.06981,164.0604,0.909,stand_8,330.0154,0.0,-0.06981,0.0,-0.06981,Sidewalk
562.0,133.9424,3.0414,2.02458,0.0,-0.06981,164.0604,0.909,stand_8,330.0154,0.0,-0.06981,0.0,-0.06981,Sidewalk
562.5,133.9424,3.0414,1.98968,0.0,-0.06981,164.0604,0.909,stand_8,330.0154,0.0,-0.06981,0.0,-0.06981,Sidewalk
563.0,133.9424,3.0414,1.95477,0.0,-0.06981,164.0604,0.909,stand_8,330.0154,0.0,-0.06981,0.0,-0.06981,Sidewalk
563.5,133.9424,3.0414,1.91986,0.0,-0.06981,164.0604,0.909,stand_8,330.0154,0.0,-0.06981,0.0,-0.06981,Sidewalk
564.0,133.9424,3.0414,1.88496,0.0,-0.06981,164.0604,0.909,stand_8,330.0154,0.0,-0.06981,0.0,-0.06981,Sidewalk
564.5,133.9424,3.0414,1.85005,0.0,-0.06981,164.0604,0.909,stand_8,330.0154,0.0,-0.06981,0.0,-0.06981,Sidewalk
565.0,133.9424,3.0414,1.81514,0.0,-0.06981,164.0604,0.909,stand_8,330.0154,0.0,-0.06981,0.0,-0.06981,Sidewalk
565.5,133.9424,3.0414,1.78024,0.0,-0.06981,164.0604,0.909,stand_8,330.0154,0.0,-0.06981,0.0,-0.06981,Sidewalk
566.0,133.9424,3.0414,1.74533,0.0,-0.06981,164.0604,0.909,stand_8,330.0154,0.0,-0.06981,0.0,-0.06981,Sidewalk
566.5,133.9424,3.0414,1.71042,0.0,-0.06981,164.0604,0.909,stand_8,330.0154,0.0,-0.06981,0.0,-0.06981,Sidewalk
567.0,133.9424,3.0414,1.67552,0.0,-0.06981,164.0604,0.909,stand_8,330.0154,0.0,-0.06981,0.0,-0.06981,Sidewalk
567.5,133.9424,3.0414,1.64061,0.0,-0.06981,164.0604,0.909,stand_8,330.0154,0.0,-0.06981,0.0,-0.06981,Sidewalk
568.0,133.9424,3.0414,1.6057,0.0,-0.06981,164.0604,0.909,stand_8,330.0154,0.0,-0.06981,0.0,-0.06981,Sidewalk
568.5,133.9424,3.0414,1.5708,0.0,-0.06981,164.0604,0.909,stand_8,330.0155,0.0,-0.06981,0.0,-0.06981,Sidewalk
569.0,133.9424,3.0414,1.53589,0.0,-0.06981,164.0604,0.909,stand_8,330.0155,0.0,-0.06981,0.0,-0.06981,Sidewalk
569.5,133.9424,3.0414,1.50098,0.0,-0.06981,164.0604,0.909,stand_8,330.0155,0.0,-0.06981,0.0,-0.06981,Sidewalk
570.0,133.9424,3.0414,1.46608,0.0,-0.06981,164.0604,0.909,stand_8,330.0155,0.0,-0.06981,0.0,-0.06981,Sidewalk
570.5,133.9424,3.0414,1.43117,0.0,-0.06981,164.0604,0.909,stand_8,330.0155,0.0,-0.06981,0.0,-0.06981,Sidewalk
571.0,133.9424,3.0414,1.39626,0.0,-0.06981,164.0604,0.909,stand_8,330.0155,0.0,-0.06981,0.0,-0.06981,Sidewalk
571.5,133.9424,3.0414,1.36136,0.0,-0.06981,164.0604,0.909,stand_8,330.0155,0.0,-0.06981,0.0,-0.06981,Sidewalk
572.0,133.9424,3.0414,1.32645,0.0,-0.06981,164.0604,0.909,stand_8,330.0155,0.0,-0.06981,0.0,-0.06981,Sidewalk
572.5,133.9424,3.0414,1.29154,0.0,-0.06981,164.0604,0.909,stand_8,330.0155,0.0,-0.06981,0.0,-0.06981,Sidewalk
573.0,133.9424,3.0414,1.25664,0.0,-0.06981,164.0604,0.909,stand_8,330.0155,0.0,-0.06981,0.0,-0.06981,Sidewalk
573.5,133.9424,3.0414,1.22173,0.0,-0.06981,164.0604,0.909,stand_8,330.0155,0.0,-0.06981,0.0,-0.06981,Sidewalk
574.0,133.9424,3.0414,1.18682,0.0,-0.06981,164.0604,0.909,stand_8,330.0155,0.0,-0.06981,0.0,-0.06981,Sidewalk
574.5,133.9424,3.0414,1.15192,0.0,-0.06981,164.0604,0.909,stand_8,330.0155,0.0,-0.06981,0.0,-0.06981,Sidewalk
575.0,133.9424,3.0414,1.11701,0.0,-0.06981,164.0604,0.909,stand_8,330.0155,0.0,-0.06981,0.0,-0.06981,Sidewalk
575.5,133.9424,3.0414,1.0821,0.0,-0.06981,164.0604,0.909,stand_8,330.0155,0.0,-0.06981,0.0,-0.06981,Sidewalk
576.0,133.9424,3.0414,1.0472,0.0,-0.06981,164.0604,0.909,stand_8,330.0155,0.0,-0.06981,0.0,-0.06981,Sidewalk
576.5,133.9424,3.0414,1.01229,0.0,-0.06981,164.0604,0.909,stand_8,330.0155,0.0,-0.06981,0.0,-0.06981,Sidewalk
577.0,133.9424,3.0414,0.97738,0.0,-0.06981,164.0604,0.909,stand_8,330.0155,0.0,-0.06981,0.0,-0.06981,Sidewalk
577.5,133.9424,3.0414,0.94248,0.0,-0.06981,164.0604,0.909,stand_8,330.0155,0.0,-0.06981,0.0,-0.06981,Sidewalk
578.0,133.9424,3.0414,0.90757,0.0,-0.06981,164.0604,0.909,stand_8,330.0155,0.0,-0.06981,0.0,-0.06981,Sidewalk
578.5,133.9424,3.0414,0.87266,0.0,-0.06981,164.0604,0.909,stand_8,330.0155,0.0,-0.06981,0.0,-0.06981,Sidewalk
579.0,133.9424,3.0414,0.83776,0.0,-0.06981,164.0604,0.909,stand_8,330.0155,0.0,-0.06981,0.0,-0.06981,Sidewalk
579.5,133.9424,3.0414,0.80285,0.0,-0.06981,164.0604,0.909,stand_8,330.0155,0.0,-0.06981,0.0,-0.06981,Sidewalk
580.0,133.9424,3.0414,0.76794,0.0,-0.06981,164.0604,0.909,stand_8,330.0155,0.0,-0.06981,0.0,-0.06981,Sidewalk
580.5,133.9424,3.0414,0.73304,0.0,-0.06981,164.0604,0.9089,stand_8,330.0155,0.0,-0.06981,0.0,-0.06981,Sidewalk
581.0,133.9424,3.0414,0.69813,0.0,-0.06981,164.0604,0.9089,stand_8,330.0155,0.0,-0.06981,0.0,-0.06981,Sidewalk
581.5,133.9424,3.0414,0.66323,0.0,-0.06981,164.0604,0.9089,stand_8,330.0155,0.0,-0.06981,0.0,-0.06981,Sidewalk
582.0,133.9424,3.0414,0.62832,0.0,-0.06981,164.0604,0.9089,stand_8,330.0155,0.0,-0.06981,0.0,-0.06981,Sidewalk
582.5,133.9424,3.0414,0.59341,0.0,-0.06981,164.0604,0.9089,stand_8,330.0156,0.0,-0.06981,0.0,-0.06981,Sidewalk
583.0,133.9424,3.0414,0.55851,0.0,-0.06981,164.0604,0.9089,stand_8,330.0156,0.0,-0.06981,0.0,-0.06981,Sidewalk
583.5,133.9424,3.0414,0.5236,0.0,-0.06981,164.0604,0.9089,stand_8,330.0156,0.0,-0.06981,0.0,-0.06981,Sidewalk
584.0,133.9424,3.0414,0.48869,0.0,-0.06981,164.0604,0.9089,stand_8,330.0156,0.0,-0.06981,0.0,-0.06981,Sidewalk
584.5,133.9424,3.0414,0.45379,0.0,-0.06981,164.0604,0.9089,stand_8,330.0156,0.0,-0.06981,0.0,-0.06981,Sidewalk
585.0,133.9424,3.0414,0.41888,0.0,-0.06981,164.0604,0.9089,stand_8,330.0156,0.0,-0.06981,0.0,-0.06981,Sidewalk
585.5,133.9424,3.0414,0.38397,0.0,-0.06981,164.0604,0.9089,stand_8,330.0156,0.0,-0.06981,0.0,-0.06981,Sidewalk
586.0,133.9424,3.0414,0.34907,0.0,-0.06981,164.0604,0.9089,stand_8,330.0156,0.0,-0.06981,0.0,-0.06981,Sidewalk
586.5,133.9424,3.0414,0.31416,0.0,-0.06981,164.0604,0.9089,stand_8,330.0156,0.0,-0.06981,0.0,-0.06981,Sidewalk
587.0,133.9424,3.0414,0.27925,0.0,-0.06981,164.0604,0.9089,stand_8,330.0156,0.0,-0.06981,0.0,-0.06981,Sidewalk
587.5,133.9424,3.0414,0.24435,0.0,-0.06981,164.0604,0.9089,stand_8,330.0156,0.0,-0.06981,0.0,-0.06981,Sidewalk
588.0,133.9424,3.0414,0.20944,0.0,-0.06981,164.0604,0.9089,stand_8,330.0156,0.0,-0.06981,0.0,-0.06981,Sidewalk
588.5,133.9424,3.0414,0.17453,0.0,-0.06981,164.0604,0.9089,stand_8,330.0156,0.0,-0.06981,0.0,-0.06981,Sidewalk
589.0,133.9424,3.0414,0.13963,0.0,-0.06981,164.0604,0.9089,stand_8,330.0156,0.0,-0.06981,0.0,-0.06981,Sidewalk
589.5,133.9424,3.0414,0.10472,0.0,-0.06981,164.0604,0.9089,stand_8,330.0156,0.0,-0.06981,0.0,-0.06981,Sidewalk
590.0,133.9424,3.0414,0.06981,0.0,-0.06981,164.0604,0.9089,stand_8,330.0156,0.0,-0.06981,0.0,-0.06981,Sidewalk
590.5,133.9424,3.0414,0.03491,0.0,-0.06981,164.0604,0.9089,stand_8,330.0156,0.0,-0.06981,0.0,-0.06981,Sidewalk
591.0,133.9424,3.0414,0.0,0.0,-0.06981,164.0604,0.9089,stand_8,330.0156,0.0,-0.06981,0.0,-0.06981,Sidewalk
591.5,133.9424,3.0414,-0.03491,0.0,-0.06981,164.0604,0.9089,stand_8,330.0156,0.0,-0.06981,0.0,-0.06981,Sidewalk
592.0,133.9424,3.0414,-0.06981,0.0,-0.06981,164.0604,0.9089,stand_8,330.0156,0.0,-0.06981,0.0,-0.06981,Sidewalk
592.5,133.9424,3.0414,-0.10472,0.0,-0.06981,164.0604,0.9089,stand_8,330.0156,0.0,-0.06981,0.0,-0.06981,Sidewalk
593.0,133.9424,3.0414,-0.13963,0.0,-0.06981,164.0604,0.9089,stand_8,330.0156,0.0,-0.06981,0.0,-0.06981,Sidewalk
593.5,133.9424,3.0414,-0.17453,0.0,-0.06981,164.0604,0.9089,stand_8,330.0156,0.0,-0.06981,0.0,-0.06981,Sidewalk
594.0,133.9424,3.0414,-0.20944,0.0,-0.06981,164.0604,0.9089,stand_8,330.0156,0.0,-0.06981,0.0,-0.06981,Sidewalk
594.5,133.9424,3.0414,-0.24435,0.0,-0.06981,164.0604,0.9089,stand_8,330.0156,0.0,-0.06981,0.0,-0.06981,Sidewalk
595.0,133.9424,3.0414,-0.27925,0.0,-0.06981,164.0604,0.9089,stand_8,330.0156,0.0,-0.06981,0.0,-0.06981,Sidewalk
595.5,133.9424,3.0414,-0.31416,0.0,-0.06981,164.0604,0.9089,stand_8,330.0156,0.0,-0.06981,0.0,-0.06981,Sidewalk
596.0,133.9424,3.0414,-0.34907,0.0,-0.06981,164.0604,0.9089,stand_8,330.0156,0.0,-0.06981,0.0,-0.06981,Sidewalk
596.5,133.9424,3.0414,-0.38397,0.0,-0.06981,164.0604,0.9089,stand_8,330.0156,0.0,-0.06981,0.0,-0.06981,Sidewalk
597.0,133.9424,3.0414,-0.41888,0.0,-0.06981,164.0604,0.9089,stand_8,330.0157,0.0,-0.06981,0.0,-0.06981,Sidewalk
597.5,133.9424,3.0414,-0.45379,0.0,-0.06981,164.0604,0.9089,stand_8,330.0157,0.0,-0.06981,0.0,-0.06981,Sidewalk
598.0,133.9424,3.0414,-0.48869,0.0,-0.06981,164.0604,0.9089,stand_8,330.0157,0.0,-0.06981,0.0,-0.06981,Sidewalk
598.5,133.9424,3.0414,-0.5236,0.0,-0.06981,164.0604,0.9089,stand_8,330.0157,0.0,-0.06981,0.0,-0.06981,Sidewalk
599.0,133.9424,3.0414,-0.55851,0.0,-0.06981,164.0604,0.9089,stand_8,330.0157,0.0,-0.06981,0.0,-0.06981,Sidewalk
599.5,133.9424,3.0414,-0.59341,0.0,-0.06981,164.0604,0.9089,stand_8,330.0157,0.0,-0.06981,0.0,-0.06981,Sidewalk
600.0,133.9424,3.0414,-0.62832,0.0,-0.06981,164.0604,0.9089,stand_8,330.0157,0.0,-0.06981,0.0,-0.06981,Sidewalk
600.5,133.9424,3.0414,-0.66323,0.0,-0.06981,164.0604,0.9089,stand_8,330.0157,0.0,-0.06981,0.0,-0.06981,Sidewalk
601.0,133.9424,3.0414,-0.69813,0.0,-0.06981,164.0604,0.9089,stand_8,330.0157,0.0,-0.06981,0.0,-0.06981,Sidewalk
601.5,133.9424,3.0414,-0.73304,0.0,-0.06981,164.0604,0.9089,stand_8,330.0157,0.0,-0.06981,0.0,-0.06981,Sidewalk
602.0,133.9424,3.0414,-0.76794,0.0,-0.06981,164.0604,0.9089,stand_8,330.0157,0.0,-0.06981,0.0,-0.06981,Sidewalk
602.5,133.9424,3.0414,-0.80285,0.0,-0.06981,164.0604,0.9089,stand_8,330.0157,0.0,-0.06981,0.0,-0.06981,Sidewalk
603.0,133.9424,3.0414,-0.83776,0.0,-0.06981,164.0604,0.9089,stand_8,330.0157,0.0,-0.06981,0.0,-0.06981,Sidewalk
603.5,133.9424,3.0414,-0.87266,0.0,-0.06981,164.0604,0.9089,stand_8,330.0157,0.0,-0.06981,0.0,-0.06981,Sidewalk
604.0,133.9424,3.0414,-0.90757,0.0,-0.06981,164.0604,0.9089,stand_8,330.0157,0.0,-0.06981,0.0,-0.06981,Sidewalk
604.5,133.9424,3.0414,-0.94248,0.0,-0.06981,164.0604,0.9089,stand_8,330.0157,0.0,-0.06981,0.0,-0.06981,Sidewalk
605.0,133.9424,3.0414,-0.97738,0.0,-0.06981,164.0604,0.9089,stand_8,330.0157,0.0,-0.06981,0.0,-0.06981,Sidewalk
605.5,133.9424,3.0414,-1.01229,0.0,-0.06981,164.0604,0.9089,stand_8,330.0157,0.0,-0.06981,0.0,-0.06981,Sidewalk
606.0,133.9424,3.0414,-1.0472,0.0,-0.06981,164.0604,0.9089,stand_8,330.0157,0.0,-0.06981,0.0,-0.06981,Sidewalk
606.5,133.9424,3.0414,-1.0821,0.0,-0.06981,164.0604,0.9089,stand_8,330.0157,0.0,-0.06981,0.0,-0.06981,Sidewalk
607.0,133.9424,3.0414,-1.11701,0.0,-0.06981,164.0604,0.9089,stand_8,330.0157,0.0,-0.06981,0.0,-0.06981,Sidewalk
607.5,133.9424,3.0414,-1.15192,0.0,-0.06981,164.0604,0.9089,stand_8,330.0157,0.0,-0.06981,0.0,-0.06981,Sidewalk
608.0,133.9424,3.0414,-1.18682,0.0,-0.06981,164.0604,0.9089,stand_8,330.0157,0.0,-0.06981,0.0,-0.06981,Sidewalk
608.5,133.9424,3.0414,-1.22173,0.0,-0.06981,164.0604,0.9089,stand_8,330.0157,0.0,-0.06981,0.0,-0.06981,Sidewalk
609.0,133.9424,3.0414,-1.25664,0.0,-0.06981,164.0604,0.9089,stand_8,330.0157,0.0,-0.06981,0.0,-0.06981,Sidewalk
609.5,133.9424,3.0414,-1.29154,0.0,-0.06981,164.0604,0.9089,stand_8,330.0157,0.0,-0.06981,0.0,-0.06981,Sidewalk
610.0,133.9424,3.0414,-1.32645,0.0,-0.06981,164.0604,0.9089,stand_8,330.0157,0.0,-0.06981,0.0,-0.06981,Sidewalk
610.5,133.9424,3.0414,-1.36136,0.0,-0.06981,164.0604,0.9089,stand_8,330.0157,0.0,-0.06981,0.0,-0.06981,Sidewalk
611.0,133.9424,3.0414,-1.39626,0.0,-0.06981,164.0604,0.9089,stand_8,330.0157,0.0,-0.06981,0.0,-0.06981,Sidewalk
611.5,133.9424,3.0414,-1.43117,0.0,-0.06981,164.0604,0.9089,stand_8,330.0158,0.0,-0.06981,0.0,-0.06981,Sidewalk
612.0,133.9424,3.0414,-1.46608,0.0,-0.06981,164.0604,0.9089,stand_8,330.0158,0.0,-0.06981,0.0,-0.06981,Sidewalk
612.5,133.9424,3.0414,-1.50098,0.0,-0.06981,164.0604,0.9089,stand_8,330.0158,0.0,-0.06981,0.0,-0.06981,Sidewalk
613.0,133.9424,3.0414,-1.53589,0.0,-0.06981,164.0604,0.9088,stand_8,330.0158,0.0,-0.06981,0.0,-0.06981,Sidewalk
613.5,133.9424,3.0414,-1.5708,0.0,-0.06981,164.0604,0.9088,stand_8,330.0158,0.0,-0.06981,0.0,-0.06981,Sidewalk
614.0,133.9424,3.0414,-1.6057,0.0,-0.06981,164.0604,0.9088,stand_8,330.0158,0.0,-0.06981,0.0,-0.06981,Sidewalk
614.5,133.9424,3.0414,-1.64061,0.0,-0.06981,164.0604,0.9088,stand_8,330.0158,0.0,-0.06981,0.0,-0.06981,Sidewalk
615.0,133.9424,3.0414,-1.67552,0.0,-0.06981,164.0604,0.9088,stand_8,330.0158,0.0,-0.06981,0.0,-0.06981,Sidewalk
615.5,133.9424,3.0414,-1.71042,0.0,-0.06981,164.0604,0.9088,stand_8,330.0158,0.0,-0.06981,0.0,-0.06981,Sidewalk
616.0,133.9424,3.0414,-1.74533,0.0,-0.06981,164.0604,0.9088,stand_8,330.0158,0.0,-0.06981,0.0,-0.06981,Sidewalk
616.5,133.9424,3.0414,-1.78024,0.0,-0.06981,164.0604,0.9088,stand_8,330.0158,0.0,-0.06981,0.0,-0.06981,Sidewalk
617.0,133.9424,3.0414,-1.81514,0.0,-0.06981,164.0604,0.9088,stand_8,330.0158,0.0,-0.06981,0.0,-0.06981,Sidewalk
617.5,133.9424,3.0414,-1.85005,0.0,-0.06981,164.0604,0.9088,stand_8,330.0158,0.0,-0.06981,0.0,-0.06981,Sidewalk
618.0,133.9424,3.0414,-1.88496,0.0,-0.06981,164.0604,0.9088,stand_8,330.0158,0.0,-0.06981,0.0,-0.06981,Sidewalk
618.5,133.9424,3.0414,-1.91986,0.0,-0.06981,164.0604,0.9088,stand_8,330.0158,0.0,-0.06981,0.0,-0.06981,Sidewalk
619.0,133.9424,3.0414,-1.95477,0.0,-0.06981,164.0604,0.9088,stand_8,330.0158,0.0,-0.06981,0.0,-0.06981,Sidewalk
619.5,133.9424,3.0414,-1.98968,0.0,-0.06981,164.0604,0.9088,stand_8,330.0158,0.0,-0.06981,0.0,-0.06981,Sidewalk
620.0,133.9424,3.0414,-2.02458,0.0,-0.06981,164.0604,0.9088,stand_8,330.0158,0.0,-0.06981,0.0,-0.06981,Sidewalk
620.5,133.9424,3.0414,-2.05949,0.0,-0.06981,164.0604,0.9088,stand_8,330.0158,0.0,-0.06981,0.0,-0.06981,Sidewalk
621.0,133.9424,3.0414,-2.0944,0.0,-0.06981,164.0604,0.9088,stand_8,330.0158,0.0,-0.06981,0.0,-0.06981,Sidewalk
621.5,133.9424,3.0414,-2.1293,0.0,-0.06981,164.0604,0.9088,stand_8,330.0158,0.0,-0.06981,0.0,-0.06981,Sidewalk
622.0,133.9424,3.0414,-2.16421,0.0,-0.06981,164.0604,0.9088,stand_8,330.0158,0.0,-0.06981,0.0,-0.06981,Sidewalk
622.5,133.9424,3.0414,-2.19911,0.0,-0.06981,164.0604,0.9088,stand_8,330.0158,0.0,-0.06981,0.0,-0.06981,Sidewalk
623.0,133.9424,3.0414,-2.23402,0.0,-0.06981,164.0604,0.9088,stand_8,330.0158,0.0,-0.06981,0.0,-0.06981,Sidewalk
623.5,133.9424,3.0414,-2.26893,0.0,-0.06981,164.0604,0.9088,stand_8,330.0158,0.0,-0.06981,0.0,-0.06981,Sidewalk
624.0,133.9424,3.0414,-2.30383,0.0,-0.06981,164.0604,0.9088,stand_8,330.0158,0.0,-0.06981,0.0,-0.06981,Sidewalk
624.5,133.9424,3.0414,-2.33874,0.0,-0.06981,164.0604,0.9088,stand_8,330.0158,0.0,-0.06981,0.0,-0.06981,Sidewalk
625.0,133.9424,3.0414,-2.37365,0.0,-0.06981,164.0604,0.9088,stand_8,330.0158,0.0,-0.06981,0.0,-0.06981,Sidewalk
625.5,133.9424,3.0414,-2.40855,0.0,-0.06981,164.0604,0.9088,stand_8,330.0158,0.0,-0.06981,0.0,-0.06981,Sidewalk
626.0,133.9424,3.0414,-2.44346,0.0,-0.06981,164.0604,0.9088,stand_8,330.0158,0.0,-0.06981,0.0,-0.06981,Sidewalk
626.5,133.9424,3.0414,-2.47837,0.0,-0.06981,164.0604,0.9088,stand_8,330.0158,0.0,-0.06981,0.0,-0.06981,Sidewalk
627.0,133.9424,3.0414,-2.51327,0.0,-0.06981,164.0604,0.9088,stand_8,330.0158,0.0,-0.06981,0.0,-0.06981,Sidewalk
627.5,133.9424,3.0414,-2.54818,0.0,-0.06981,164.0604,0.9088,stand_8,330.0158,0.0,-0.06981,0.0,-0.06981,Sidewalk
628.0,133.9424,3.0414,-2.58309,0.0,-0.06981,164.0604,0.9088,stand_8,330.0159,0.0,-0.06981,0.0,-0.06981,Sidewalk
628.5,133.9424,3.0414,-2.61799,0.0,-0.06981,164.0604,0.9088,stand_8,330.0159,0.0,-0.06981,0.0,-0.06981,Sidewalk
629.0,133.9424,3.0414,-2.6529,0.0,-0.06981,164.0604,0.9088,stand_8,330.0159,0.0,-0.06981,0.0,-0.06981,Sidewalk
629.5,133.9424,3.0414,-2.68781,0.0,-0.06981,164.0604,0.9088,stand_8,330.0159,0.0,-0.06981,0.0,-0.06981,Sidewalk
630.0,133.9424,3.0414,-2.72271,0.0,-0.06981,164.0604,0.9088,stand_8,330.0159,0.0,-0.06981,0.0,-0.06981,Sidewalk
630.5,133.9424,3.0414,-2.75762,0.0,-0.06981,164.0604,0.9088,stand_8,330.0159,0.0,-0.06981,0.0,-0.06981,Sidewalk
631.0,133.9424,3.0414,-2.79253,0.0,-0.06981,164.0604,0.9088,stand_8,330.0159,0.0,-0.06981,0.0,-0.06981,Sidewalk
631.5,133.9424,3.0414,-2.82743,0.0,-0.06981,164.0604,0.9088,stand_8,330.0159,0.0,-0.06981,0.0,-0.06981,Sidewalk
632.0,133.9424,3.0414,-2.86234,0.0,-0.06981,164.0604,0.9088,stand_8,330.0159,0.0,-0.06981,0.0,-0.06981,Sidewalk
632.5,133.9424,3.0414,-2.89725,0.0,-0.06981,164.0604,0.9088,stand_8,330.0159,0.0,-0.06981,0.0,-0.06981,Sidewalk
633.0,133.9424,3.0414,-2.93215,0.0,-0.06981,164.0604,0.9088,stand_8,330.0159,0.0,-0.06981,0.0,-0.06981,Sidewalk
633.5,133.9424,3.0414,-2.96706,0.0,-0.06981,164.0604,0.9088,stand_8,330.0159,0.0,-0.06981,0.0,-0.06981,Sidewalk
634.0,133.9424,3.0414,-3.00197,0.0,-0.06981,164.0604,0.9088,stand_8,330.0159,0.0,-0.06981,0.0,-0.06981,Sidewalk
634.5,133.9424,3.0414,-3.03687,0.0,-0.06981,164.0604,0.9088,stand_8,330.0159,0.0,-0.06981,0.0,-0.06981,Sidewalk
635.0,133.9424,3.0414,-3.07178,0.0,-0.06981,164.0604,0.9088,stand_8,330.0159,0.0,-0.06981,0.0,-0.06981,Sidewalk
635.5,133.9424,3.0414,-3.10669,0.0,-0.06981,164.0604,0.9088,stand_8,330.0159,0.0,-0.06981,0.0,-0.06981,Sidewalk
636.0,133.9424,3.0414,-3.14159,0.0,-0.06981,164.0604,0.9088,stand_8,330.0159,0.0,-0.06981,0.0,-0.06981,Sidewalk
636.5,133.9424,3.0414,3.10669,0.0,-0.06981,164.0604,0.9088,stand_8,330.0159,0.0,-0.06981,0.0,-0.06981,Sidewalk
637.0,133.9424,3.0414,3.07178,0.0,-0.06981,164.0604,0.9088,stand_8,330.0159,0.0,-0.06981,0.0,-0.06981,Sidewalk
637.5,133.9424,3.0414,3.03687,0.0,-0.06981,164.0604,0.9088,stand_8,330.0159,0.0,-0.06981,0.0,-0.06981,Sidewalk
638.0,133.9424,3.0414,3.00197,0.0,-0.06981,164.0604,0.9088,stand_8,330.0159,0.0,-0.06981,0.0,-0.06981,Sidewalk
638.5,133.9424,3.0414,2.96706,0.0,-0.06981,164.0604,0.9088,stand_8,330.0159,0.0,-0.06981,0.0,-0.06981,Sidewalk
639.0,133.9424,3.0414,2.93215,0.0,-0.06981,164.0604,0.9088,stand_8,330.0159,0.0,-0.06981,0.0,-0.06981,Sidewalk
639.5,133.9424,3.0414,2.89725,0.0,-0.06981,164.0604,0.9088,stand_8,330.0159,0.0,-0.06981,0.0,-0.06981,Sidewalk
640.0,133.9424,3.0414,2.86234,0.0,-0.06981,164.0604,0.9088,stand_8,330.0159,0.0,-0.06981,0.0,-0.06981,Sidewalk
640.5,133.9424,3.0414,2.82743,0.0,-0.06981,164.0604,0.9088,stand_8,330.0159,0.0,-0.06981,0.0,-0.06981,Sidewalk
641.0,133.9424,3.0414,2.79253,0.0,-0.06981,164.0604,0.9088,stand_8,330.0159,0.0,-0.06981,0.0,-0.06981,Sidewalk
641.5,133.9424,3.0414,2.75762,0.0,-0.06981,164.0604,0.9088,stand_8,330.0159,0.0,-0.06981,0.0,-0.06981,Sidewalk
642.0,133.9424,3.0414,2.72271,0.0,-0.06981,164.0604,0.9088,stand_8,330.0159,0.0,-0.06981,0.0,-0.06981,Sidewalk
642.5,133.9424,3.0414,2.68781,0.0,-0.06981,164.0604,0.9088,stand_8,330.016,0.0,-0.06981,0.0,-0.06981,Sidewalk
643.0,133.9424,3.0414,2.6529,0.0,-0.06981,164.0604,0.9088,stand_8,330.016,0.0,-0.06981,0.0,-0.06981,Sidewalk
643.5,133.9424,3.0414,2.61799,0.0,-0.06981,164.0604,0.9088,stand_8,330.016,0.0,-0.06981,0.0,-0.06981,Sidewalk
644.0,133.9424,3.0414,2.58309,0.0,-0.06981,164.0604,0.9088,stand_8,330.016,0.0,-0.06981,0.0,-0.06981,Sidewalk
644.5,133.9424,3.0414,2.54818,0.0,-0.06981,164.0604,0.9088,stand_8,330.016,0.0,-0.06981,0.0,-0.06981,Sidewalk
645.0,133.9424,3.0414,2.51327,0.0,-0.06981,164.0604,0.9088,stand_8,330.016,0.0,-0.06981,0.0,-0.06981,Sidewalk
645.5,133.9424,3.0414,2.47837,0.0,-0.06981,164.0604,0.9088,stand_8,330.016,0.0,-0.06981,0.0,-0.06981,Sidewalk
646.0,133.9424,3.0414,2.44346,0.0,-0.06981,164.0604,0.9088,stand_8,330.016,0.0,-0.06981,0.0,-0.06981,Sidewalk
646.5,133.9424,3.0414,2.40855,0.0,-0.06981,164.0604,0.9088,stand_8,330.016,0.0,-0.06981,0.0,-0.06981,Sidewalk
647.0,133.9424,3.0414,2.37365,0.0,-0.06981,164.0604,0.9088,stand_8,330.016,0.0,-0.06981,0.0,-0.06981,Sidewalk
647.5,133.9424,3.0414,2.33874,0.0,-0.06981,164.0604,0.9088,stand_8,330.016,0.0,-0.06981,0.0,-0.06981,Sidewalk
648.0,133.9424,3.0414,2.30383,0.0,-0.06981,164.0604,0.9088,stand_8,330.016,0.0,-0.06981,0.0,-0.06981,Sidewalk
648.5,133.9424,3.0414,2.26893,0.0,-0.06981,164.0604,0.9088,stand_8,330.016,0.0,-0.06981,0.0,-0.06981,Sidewalk
649.0,133.9424,3.0414,2.23402,0.0,-0.06981,164.0604,0.9088,stand_8,330.016,0.0,-0.06981,0.0,-0.06981,Sidewalk
649.5,133.9424,3.0414,2.19911,0.0,-0.06981,164.0604,0.9088,stand_8,330.016,0.0,-0.06981,0.0,-0.06981,Sidewalk
650.0,133.9424,3.0414,2.16421,0.0,-0.06981,164.0604,0.9088,stand_8,330.016,0.0,-0.06981,0.0,-0.06981,Sidewalk
650.5,133.9424,3.0414,2.1293,0.0,-0.06981,164.0604,0.9088,stand_8,330.016,0.0,-0.06981,0.0,-0.06981,Sidewalk
651.0,133.9424,3.0414,2.0944,0.0,-0.06981,164.0604,0.9087,stand_8,330.016,0.0,-0.06981,0.0,-0.06981,Sidewalk
651.5,133.9424,3.0414,2.05949,0.0,-0.06981,164.0604,0.9087,stand_8,330.016,0.0,-0.06981,0.0,-0.06981,Sidewalk
652.0,133.9424,3.0414,2.02458,0.0,-0.06981,164.0604,0.9087,stand_8,330.016,0.0,-0.06981,0.0,-0.06981,Sidewalk
652.5,133.9424,3.0414,1.98968,0.0,-0.06981,164.0604,0.9087,stand_8,330.016,0.0,-0.06981,0.0,-0.06981,Sidewalk
653.0,133.9424,3.0414,1.95477,0.0,-0.06981,164.0604,0.9087,stand_8,330.016,0.0,-0.06981,0.0,-0.06981,Sidewalk
653.5,133.9424,3.0414,1.91986,0.0,-0.06981,164.0604,0.9087,stand_8,330.016,0.0,-0.06981,0.0,-0.06981,Sidewalk
654.0,133.9424,3.0414,1.88496,0.0,-0.06981,164.0604,0.9087,stand_8,330.016,0.0,-0.06981,0.0,-0.06981,Sidewalk
654.5,133.9424,3.0414,1.85005,0.0,-0.06981,164.0604,0.9087,stand_8,330.016,0.0,-0.06981,0.0,-0.06981,Sidewalk
655.0,133.9424,3.0414,1.81514,0.0,-0.06981,164.0604,0.9087,stand_8,330.016,0.0,-0.06981,0.0,-0.06981,Sidewalk
655.5,133.9424,3.0414,1.78024,0.0,-0.06981,164.0604,0.9087,stand_8,330.016,0.0,-0.06981,0.0,-0.06981,Sidewalk
656.0,133.9424,3.0414,1.74533,0.0,-0.06981,164.0604,0.9087,stand_8,330.016,0.0,-0.06981,0.0,-0.06981,Sidewalk
656.5,133.9424,3.0414,1.71042,0.0,-0.06981,164.0604,0.9087,stand_8,330.016,0.0,-0.06981,0.0,-0.06981,Sidewalk
657.0,133.9424,3.0414,1.67552,0.0,-0.06981,164.0604,0.9087,stand_8,330.016,0.0,-0.06981,0.0,-0.06981,Sidewalk
657.5,133.9424,3.0414,1.64061,0.0,-0.06981,164.0604,0.9087,stand_8,330.016,0.0,-0.06981,0.0,-0.06981,Sidewalk
658.0,133.9424,3.0414,1.6057,0.0,-0.06981,164.0604,0.9087,stand_8,330.016,0.0,-0.06981,0.0,-0.06981,Sidewalk
658.5,133.9424,3.0414,1.5708,0.0,-0.06981,164.0604,0.9087,stand_8,330.016,0.0,-0.06981,0.0,-0.06981,Sidewalk
659.0,133.9424,3.0414,1.53589,0.0,-0.06981,164.0604,0.9087,stand_8,330.016,0.0,-0.06981,0.0,-0.06981,Sidewalk
659.5,133.9424,3.0414,1.50098,0.0,-0.06981,164.0604,0.9087,stand_8,330.0161,0.0,-0.06981,0.0,-0.06981,Sidewalk
660.0,133.9424,3.0414,1.46608,0.0,-0.06981,164.0604,0.9087,stand_8,330.0161,0.0,-0.06981,0.0,-0.06981,Sidewalk
660.5,133.9424,3.0414,1.43117,0.0,-0.06981,164.0604,0.9087,stand_8,330.0161,0.0,-0.06981,0.0,-0.06981,Sidewalk
661.0,133.9424,3.0414,1.39626,0.0,-0.06981,164.0604,0.9087,stand_8,330.0161,0.0,-0.06981,0.0,-0.06981,Sidewalk
661.5,133.9424,3.0414,1.36136,0.0,-0.06981,164.0604,0.9087,stand_8,330.0161,0.0,-0.06981,0.0,-0.06981,Sidewalk
662.0,133.9424,3.0414,1.32645,0.0,-0.06981,164.0604,0.9087,stand_8,330.0161,0.0,-0.06981,0.0,-0.06981,Sidewalk
662.5,133.9424,3.0414,1.29154,0.0,-0.06981,164.0604,0.9087,stand_8,330.0161,0.0,-0.06981,0.0,-0.06981,Sidewalk
663.0,133.9424,3.0414,1.25664,0.0,-0.06981,164.0604,0.9087,stand_8,330.0161,0.0,-0.06981,0.0,-0.06981,Sidewalk
663.5,133.9424,3.0414,1.22173,0.0,-0.06981,164.0604,0.9087,stand_8,330.0161,0.0,-0.06981,0.0,-0.06981,Sidewalk
664.0,133.9424,3.0414,1.18682,0.0,-0.06981,164.0604,0.9087,stand_8,330.0161,0.0,-0.06981,0.0,-0.06981,Sidewalk
664.5,133.9424,3.0414,1.15192,0.0,-0.06981,164.0604,0.9087,stand_8,330.0161,0.0,-0.06981,0.0,-0.06981,Sidewalk
665.0,133.9424,3.0414,1.11701,0.0,-0.06981,164.0604,0.9087,stand_8,330.0161,0.0,-0.06981,0.0,-0.06981,Sidewalk
665.5,133.9424,3.0414,1.0821,0.0,-0.06981,164.0604,0.9087,stand_8,330.0161,0.0,-0.06981,0.0,-0.06981,Sidewalk
666.0,133.9424,3.0414,1.0472,0.0,-0.06981,164.0604,0.9087,stand_8,330.0161,0.0,-0.06981,0.0,-0.06981,Sidewalk
666.5,133.9424,3.0414,1.01229,0.0,-0.06981,164.0604,0.9087,stand_8,330.0161,0.0,-0.06981,0.0,-0.06981,Sidewalk
667.0,133.9424,3.0414,0.97738,0.0,-0.06981,164.0604,0.9087,stand_8,330.0161,0.0,-0.06981,0.0,-0.06981,Sidewalk
667.5,133.9424,3.0414,0.94248,0.0,-0.06981,164.0604,0.9087,stand_8,330.0161,0.0,-0.06981,0.0,-0.06981,Sidewalk
668.0,133.9424,3.0414,0.90757,0.0,-0.06981,164.0604,0.9087,stand_8,330.0161,0.0,-0.06981,0.0,-0.06981,Sidewalk
668.5,133.9424,3.0414,0.87266,0.0,-0.06981,164.0604,0.9087,stand_8,330.0161,0.0,-0.06981,0.0,-0.06981,Sidewalk
669.0,133.9424,3.0414,0.83776,0.0,-0.06981,164.0604,0.9087,stand_8,330.0161,0.0,-0.06981,0.0,-0.06981,Sidewalk
669.5,133.9424,3.0414,0.80285,0.0,-0.06981,164.0604,0.9087,stand_8,330.0161,0.0,-0.06981,0.0,-0.06981,Sidewalk
670.0,133.9424,3.0414,0.76794,0.0,-0.06981,164.0604,0.9087,stand_8,330.0161,0.0,-0.06981,0.0,-0.06981,Sidewalk
670.5,133.9424,3.0414,0.73304,0.0,-0.06981,164.0604,0.9087,stand_8,330.0161,0.0,-0.06981,0.0,-0.06981,Sidewalk
671.0,133.9424,3.0414,0.69813,0.0,-0.06981,164.0604,0.9087,stand_8,330.0161,0.0,-0.06981,0.0,-0.06981,Sidewalk
671.5,133.9424,3.0414,0.66323,0.0,-0.06981,164.0604,0.9087,stand_8,330.0161,0.0,-0.06981,0.0,-0.06981,Sidewalk
672.0,133.9424,3.0414,0.62832,0.0,-0.06981,164.0604,0.9087,stand_8,330.0161,0.0,-0.06981,0.0,-0.06981,Sidewalk
672.5,133.9424,3.0414,0.59341,0.0,-0.06981,164.0604,0.9087,stand_8,330.0161,0.0,-0.06981,0.0,-0.06981,Sidewalk
673.0,133.9424,3.0414,0.55851,0.0,-0.06981,164.0604,0.9087,stand_8,330.0161,0.0,-0.06981,0.0,-0.06981,Sidewalk
673.5,133.9424,3.0414,0.5236,0.0,-0.06981,164.0604,0.9087,stand_8,330.0161,0.0,-0.06981,0.0,-0.06981,Sidewalk
674.0,133.9424,3.0414,0.48869,0.0,-0.06981,164.0604,0.9087,stand_8,330.0162,0.0,-0.06981,0.0,-0.06981,Sidewalk
674.5,133.9424,3.0414,0.45379,0.0,-0.06981,164.0604,0.9087,stand_8,330.0162,0.0,-0.06981,0.0,-0.06981,Sidewalk
675.0,133.9424,3.0414,0.41888,0.0,-0.06981,164.0604,0.9087,stand_8,330.0162,0.0,-0.06981,0.0,-0.06981,Sidewalk
675.5,133.9424,3.0414,0.38397,0.0,-0.06981,164.0604,0.9087,stand_8,330.0162,0.0,-0.06981,0.0,-0.06981,Sidewalk
676.0,133.9424,3.0414,0.34907,0.0,-0.06981,164.0604,0.9087,stand_8,330.0162,0.0,-0.06981,0.0,-0.06981,Sidewalk
676.5,133.9424,3.0414,0.31416,0.0,-0.06981,164.0604,0.9087,stand_8,330.0162,0.0,-0.06981,0.0,-0.06981,Sidewalk
677.0,133.9424,3.0414,0.27925,0.0,-0.06981,164.0604,0.9087,stand_8,330.0162,0.0,-0.06981,0.0,-0.06981,Sidewalk
677.5,133.9424,3.0414,0.24435,0.0,-0.06981,164.0604,0.9087,stand_8,330.0162,0.0,-0.06981,0.0,-0.06981,Sidewalk
678.0,133.9424,3.0414,0.20944,0.0,-0.06981,164.0604,0.9087,stand_8,330.0162,0.0,-0.06981,0.0,-0.06981,Sidewalk
678.5,133.9424,3.0414,0.17453,0.0,-0.06981,164.0604,0.9087,stand_8,330.0162,0.0,-0.06981,0.0,-0.06981,Sidewalk
679.0,133.9424,3.0414,0.13963,0.0,-0.06981,164.0604,0.9087,stand_8,330.0162,0.0,-0.06981,0.0,-0.06981,Sidewalk
679.5,133.9424,3.0414,0.10472,0.0,-0.06981,164.0604,0.9087,stand_8,330.0162,0.0,-0.06981,0.0,-0.06981,Sidewalk
680.0,133.9424,3.0414,0.06981,0.0,-0.06981,164.0604,0.9087,stand_8,330.0162,0.0,-0.06981,0.0,-0.06981,Sidewalk
680.5,133.9424,3.0414,0.03491,0.0,-0.06981,164.0604,0.9087,stand_8,330.0162,0.0,-0.06981,0.0,-0.06981,Sidewalk
681.0,133.9424,3.0414,0.0,0.0,-0.06981,164.0604,0.9087,stand_8,330.0162,0.0,-0.06981,0.0,-0.06981,Sidewalk
681.5,133.9424,3.0414,-0.03491,0.0,-0.06981,164.0604,0.9087,stand_8,330.0162,0.0,-0.06981,0.0,-0.06981,Sidewalk
682.0,133.9424,3.0414,-0.06981,0.0,-0.06981,164.0604,0.9087,stand_8,330.0162,0.0,-0.06981,0.0,-0.06981,Sidewalk
682.5,133.9424,3.0414,-0.10472,0.0,-0.06981,164.0604,0.9087,stand_8,330.0162,0.0,-0.06981,0.0,-0.06981,Sidewalk
683.0,133.9424,3.0414,-0.13963,0.0,-0.06981,164.0604,0.9087,stand_8,330.0162,0.0,-0.06981,0.0,-0.06981,Sidewalk
683.5,133.9424,3.0414,-0.17453,0.0,-0.06981,164.0604,0.9087,stand_8,330.0162,0.0,-0.06981,0.0,-0.06981,Sidewalk
684.0,133.9424,3.0414,-0.20944,0.0,-0.06981,164.0604,0.9087,stand_8,330.0162,0.0,-0.06981,0.0,-0.06981,Sidewalk
684.5,133.9424,3.0414,-0.24435,0.0,-0.06981,164.0604,0.9086,stand_8,330.0162,0.0,-0.06981,0.0,-0.06981,Sidewalk
685.0,133.9424,3.0414,-0.27925,0.0,-0.06981,164.0604,0.9086,stand_8,330.0162,0.0,-0.06981,0.0,-0.06981,Sidewalk
685.5,133.9424,3.0414,-0.31416,0.0,-0.06981,164.0604,0.9086,stand_8,330.0162,0.0,-0.06981,0.0,-0.06981,Sidewalk
686.0,133.9424,3.0414,-0.34907,0.0,-0.06981,164.0604,0.9086,stand_8,330.0162,0.0,-0.06981,0.0,-0.06981,Sidewalk
686.5,133.9424,3.0414,-0.38397,0.0,-0.06981,164.0604,0.9086,stand_8,330.0162,0.0,-0.06981,0.0,-0.06981,Sidewalk
687.0,133.9424,3.0414,-0.41888,0.0,-0.06981,164.0604,0.9086,stand_8,330.0162,0.0,-0.06981,0.0,-0.06981,Sidewalk
687.5,133.9424,3.0414,-0.45379,0.0,-0.06981,164.0604,0.9086,stand_8,330.0163,0.0,-0.06981,0.0,-0.06981,Sidewalk
688.0,133.9424,3.0414,-0.48869,0.0,-0.06981,164.0604,0.9086,stand_8,330.0163,0.0,-0.06981,0.0,-0.06981,Sidewalk
688.5,133.9424,3.0414,-0.5236,0.0,-0.06981,164.0604,0.9086,stand_8,330.0163,0.0,-0.06981,0.0,-0.06981,Sidewalk
689.0,133.9424,3.0414,-0.55851,0.0,-0.06981,164.0604,0.9086,stand_8,330.0163,0.0,-0.06981,0.0,-0.06981,Sidewalk
689.5,133.9424,3.0414,-0.59341,0.0,-0.06981,164.0604,0.9086,stand_8,330.0163,0.0,-0.06981,0.0,-0.06981,Sidewalk
690.0,133.9424,3.0414,-0.62832,0.0,-0.06981,164.0604,0.9086,stand_8,330.0163,0.0,-0.06981,0.0,-0.06981,Sidewalk
690.5,133.9424,3.0414,-0.66323,0.0,-0.06981,164.0604,0.9086,stand_8,330.0163,0.0,-0.06981,0.0,-0.06981,Sidewalk
691.0,133.9424,3.0414,-0.69813,0.0,-0.06981,164.0604,0.9086,stand_8,330.0163,0.0,-0.06981,0.0,-0.06981,Sidewalk
691.5,133.9424,3.0414,-0.73304,0.0,-0.06981,164.0604,0.9086,stand_8,330.0163,0.0,-0.06981,0.0,-0.06981,Sidewalk
692.0,133.9424,3.0414,-0.76794,0.0,-0.06981,164.0604,0.9086,stand_8,330.0163,0.0,-0.06981,0.0,-0.06981,Sidewalk
692.5,133.9424,3.0414,-0.80285,0.0,-0.06981,164.0604,0.9086,stand_8,330.0163,0.0,-0.06981,0.0,-0.06981,Sidewalk
693.0,133.9424,3.0414,-0.83776,0.0,-0.06981,164.0604,0.9086,stand_8,330.0163,0.0,-0.06981,0.0,-0.06981,Sidewalk
693.5,133.9424,3.0414,-0.87266,0.0,-0.06981,164.0604,0.9086,stand_8,330.0163,0.0,-0.06981,0.0,-0.06981,Sidewalk
694.0,133.9424,3.0414,-0.90757,0.0,-0.06981,164.0604,0.9086,stand_8,330.0163,0.0,-0.06981,0.0,-0.06981,Sidewalk
694.5,133.9424,3.0414,-0.94248,0.0,-0.06981,164.0604,0.9086,stand_8,330.0163,0.0,-0.06981,0.0,-0.06981,Sidewalk
695.0,133.9424,3.0414,-0.97738,0.0,-0.06981,164.0604,0.9086,stand_8,330.0163,0.0,-0.06981,0.0,-0.06981,Sidewalk
695.5,133.9424,3.0414,-1.01229,0.0,-0.06981,164.0604,0.9086,stand_8,330.0163,0.0,-0.06981,0.0,-0.06981,Sidewalk
696.0,133.9424,3.0414,-1.0472,0.0,-0.06981,164.0604,0.9086,stand_8,330.0163,0.0,-0.06981,0.0,-0.06981,Sidewalk
696.5,133.9424,3.0414,-1.0821,0.0,-0.06981,164.0604,0.9086,stand_8,330.0163,0.0,-0.06981,0.0,-0.06981,Sidewalk
697.0,133.9424,3.0414,-1.11701,0.0,-0.06981,164.0604,0.9086,stand_8,330.0163,0.0,-0.06981,0.0,-0.06981,Sidewalk
697.5,133.9424,3.0414,-1.15192,0.0,-0.06981,164.0604,0.9086,stand_8,330.0163,0.0,-0.06981,0.0,-0.06981,Sidewalk
698.0,133.9424,3.0414,-1.18682,0.0,-0.06981,164.0604,0.9086,stand_8,330.0163,0.0,-0.06981,0.0,-0.06981,Sidewalk
698.5,133.9424,3.0414,-1.22173,0.0,-0.06981,164.0604,0.9086,stand_8,330.0163,0.0,-0.06981,0.0,-0.06981,Sidewalk
699.0,133.9424,3.0414,-1.25664,0.0,-0.06981,164.0604,0.9086,stand_8,330.0163,0.0,-0.06981,0.0,-0.06981,Sidewalk
699.5,133.9424,3.0414,-1.29154,0.0,-0.06981,164.0604,0.9086,stand_8,330.0163,0.0,-0.06981,0.0,-0.06981,Sidewalk
700.0,133.9424,3.0414,-1.32645,0.0,-0.06981,164.0604,0.9086,stand_8,330.0163,0.0,-0.06981,0.0,-0.06981,Sidewalk
700.5,133.9424,3.0414,-1.36136,0.0,-0.06981,164.0604,0.9086,stand_8,330.0163,0.0,-0.06981,0.0,-0.06981,Sidewalk
701.0,133.9424,3.0414,-1.39626,0.0,-0.06981,164.0604,0.9086,stand_8,330.0163,0.0,-0.06981,0.0,-0.06981,Sidewalk
701.5,133.9424,3.0414,-1.43117,0.0,-0.06981,164.0604,0.9086,stand_8,330.0163,0.0,-0.06981,0.0,-0.06981,Sidewalk
702.0,133.9424,3.0414,-1.46608,0.0,-0.06981,164.0604,0.9086,stand_8,330.0164,0.0,-0.06981,0.0,-0.06981,Sidewalk
702.5,133.9424,3.0414,-1.50098,0.0,-0.06981,164.0604,0.9086,stand_8,330.0164,0.0,-0.06981,0.0,-0.06981,Sidewalk
703.0,133.9424,3.0414,-1.53589,0.0,-0.06981,164.0604,0.9086,stand_8,330.0164,0.0,-0.06981,0.0,-0.06981,Sidewalk
703.5,133.9424,3.0414,-1.5708,0.0,-0.06981,164.0604,0.9086,stand_8,330.0164,0.0,-0.06981,0.0,-0.06981,Sidewalk
704.0,133.9424,3.0414,-1.6057,0.0,-0.06981,164.0604,0.9086,stand_8,330.0164,0.0,-0.06981,0.0,-0.06981,Sidewalk
704.5,133.9424,3.0414,-1.64061,0.0,-0.06981,164.0604,0.9086,stand_8,330.0164,0.0,-0.06981,0.0,-0.06981,Sidewalk
705.0,133.9424,3.0414,-1.67552,0.0,-0.06981,164.0604,0.9086,stand_8,330.0164,0.0,-0.06981,0.0,-0.06981,Sidewalk
705.5,133.9424,3.0414,-1.71042,0.0,-0.06981,164.0604,0.9086,stand_8,330.0164,0.0,-0.06981,0.0,-0.06981,Sidewalk
706.0,133.9424,3.0414,-1.74533,0.0,-0.06981,164.0604,0.9086,stand_8,330.0164,0.0,-0.06981,0.0,-0.06981,Sidewalk
706.5,133.9424,3.0414,-1.78024,0.0,-0.06981,164.0604,0.9086,stand_8,330.0164,0.0,-0.06981,0.0,-0.06981,Sidewalk
707.0,133.9424,3.0414,-1.81514,0.0,-0.06981,164.0604,0.9086,stand_8,330.0164,0.0,-0.06981,0.0,-0.06981,Sidewalk
707.5,133.9424,3.0414,-1.85005,0.0,-0.06981,164.0604,0.9086,stand_8,330.0164,0.0,-0.06981,0.0,-0.06981,Sidewalk
708.0,133.9424,3.0414,-1.88496,0.0,-0.06981,164.0604,0.9086,stand_8,330.0164,0.0,-0.06981,0.0,-0.06981,Sidewalk
708.5,133.9424,3.0414,-1.91986,0.0,-0.06981,164.0604,0.9086,stand_8,330.0164,0.0,-0.06981,0.0,-0.06981,Sidewalk
709.0,133.9424,3.0414,-1.95477,0.0,-0.06981,164.0604,0.9086,stand_8,330.0164,0.0,-0.06981,0.0,-0.06981,Sidewalk
709.5,133.9424,3.0414,-1.98968,0.0,-0.06981,164.0604,0.9086,stand_8,330.0164,0.0,-0.06981,0.0,-0.06981,Sidewalk
710.0,133.9424,3.0414,-2.02458,0.0,-0.06981,164.0604,0.9086,stand_8,330.0164,0.0,-0.06981,0.0,-0.06981,Sidewalk
710.5,133.9424,3.0414,-2.05949,0.0,-0.06981,164.0604,0.9086,stand_8,330.0164,0.0,-0.06981,0.0,-0.06981,Sidewalk
711.0,133.9424,3.0414,-2.0944,0.0,-0.06981,164.0604,0.9086,stand_8,330.0164,0.0,-0.06981,0.0,-0.06981,Sidewalk
711.5,133.9424,3.0414,-2.1293,0.0,-0.06981,164.0604,0.9086,stand_8,330.0164,0.0,-0.06981,0.0,-0.06981,Sidewalk
712.0,133.9424,3.0414,-2.16421,0.0,-0.06981,164.0604,0.9086,stand_8,330.0164,0.0,-0.06981,0.0,-0.06981,Sidewalk
712.5,133.9424,3.0414,-2.19911,0.0,-0.06981,164.0604,0.9086,stand_8,330.0164,0.0,-0.06981,0.0,-0.06981,Sidewalk
713.0,133.9424,3.0414,-2.23402,0.0,-0.06981,164.0604,0.9086,stand_8,330.0164,0.0,-0.06981,0.0,-0.06981,Sidewalk
713.5,133.9424,3.0414,-2.26893,0.0,-0.06981,164.0604,0.9086,stand_8,330.0164,0.0,-0.06981,0.0,-0.06981,Sidewalk
714.0,133.9424,3.0414,-2.30383,0.0,-0.06981,164.0604,0.9086,stand_8,330.0164,0.0,-0.06981,0.0,-0.06981,Sidewalk
714.5,133.9424,3.0414,-2.33874,0.0,-0.06981,164.0604,0.9086,stand_8,330.0164,0.0,-0.06981,0.0,-0.06981,Sidewalk
715.0,133.9424,3.0414,-2.37365,0.0,-0.06981,164.0604,0.9086,stand_8,330.0165,0.0,-0.06981,0.0,-0.06981,Sidewalk
715.5,133.9424,3.0414,-2.40855,0.0,-0.06981,164.0604,0.9086,stand_8,330.0165,0.0,-0.06981,0.0,-0.06981,Sidewalk
716.0,133.9424,3.0414,-2.44346,0.0,-0.06981,164.0604,0.9085,stand_8,330.0165,0.0,-0.06981,0.0,-0.06981,Sidewalk
716.5,133.9424,3.0414,-2.47837,0.0,-0.06981,164.0604,0.9085,stand_8,330.0165,0.0,-0.06981,0.0,-0.06981,Sidewalk
717.0,133.9424,3.0414,-2.51327,0.0,-0.06981,164.0604,0.9085,stand_8,330.0165,0.0,-0.06981,0.0,-0.06981,Sidewalk
717.5,133.9424,3.0414,-2.54818,0.0,-0.06981,164.0604,0.9085,stand_8,330.0165,0.0,-0.06981,0.0,-0.06981,Sidewalk
718.0,133.9424,3.0414,-2.58309,0.0,-0.06981,164.0604,0.9085,stand_8,330.0165,0.0,-0.06981,0.0,-0.06981,Sidewalk
718.5,133.9424,3.0414,-2.61799,0.0,-0.06981,164.0604,0.9085,stand_8,330.0165,0.0,-0.06981,0.0,-0.06981,Sidewalk
719.0,133.9424,3.0414,-2.6529,0.0,-0.06981,164.0604,0.9085,stand_8,330.0165,0.0,-0.06981,0.0,-0.06981,Sidewalk
719.5,133.9424,3.0414,-2.68781,0.0,-0.06981,164.0604,0.9085,stand_8,330.0165,0.0,-0.06981,0.0,-0.06981,Sidewalk
720.0,133.9424,3.0414,-2.72271,0.0,-0.06981,164.0604,0.9085,stand_8,330.0165,0.0,-0.06981,0.0,-0.06981,Sidewalk
720.5,133.9424,3.0414,-2.75762,0.0,-0.06981,164.0604,0.9085,stand_8,330.0165,0.0,-0.06981,0.0,-0.06981,Sidewalk
721.0,133.9424,3.0414,-2.79253,0.0,-0.06981,164.0604,0.9085,stand_8,330.0165,0.0,-0.06981,0.0,-0.06981,Sidewalk
721.5,133.9424,3.0414,-2.82743,0.0,-0.06981,164.0604,0.9085,stand_8,330.0165,0.0,-0.06981,0.0,-0.06981,Sidewalk
722.0,133.9424,3.0414,-2.86234,0.0,-0.06981,164.0604,0.9085,stand_8,330.0165,0.0,-0.06981,0.0,-0.06981,Sidewalk
722.5,133.9424,3.0414,-2.89725,0.0,-0.06981,164.0604,0.9085,stand_8,330.0165,0.0,-0.06981,0.0,-0.06981,Sidewalk
723.0,133.9424,3.0414,-2.93215,0.0,-0.06981,164.0604,0.9085,stand_8,330.0165,0.0,-0.06981,0.0,-0.06981,Sidewalk
723.5,133.9424,3.0414,-2.96706,0.0,-0.06981,164.0604,0.9085,stand_8,330.0165,0.0,-0.06981,0.0,-0.06981,Sidewalk
724.0,133.9424,3.0414,-3.00197,0.0,-0.06981,164.0604,0.9085,stand_8,330.0165,0.0,-0.06981,0.0,-0.06981,Sidewalk
724.5,133.9424,3.0414,-3.03687,0.0,-0.06981,164.0604,0.9085,stand_8,330.0165,0.0,-0.06981,0.0,-0.06981,Sidewalk
725.0,133.9424,3.0414,-3.07178,0.0,-0.06981,164.0604,0.9085,stand_8,330.0165,0.0,-0.06981,0.0,-0.06981,Sidewalk
725.5,133.9424,3.0414,-3.10669,0.0,-0.06981,164.0604,0.9085,stand_8,330.0165,0.0,-0.06981,0.0,-0.06981,Sidewalk
726.0,133.9424,3.0414,-3.14159,0.0,-0.06981,164.0604,0.9085,stand_8,330.0165,0.0,-0.06981,0.0,-0.06981,Sidewalk
726.5,133.9424,3.0414,3.10669,0.0,-0.06981,164.0604,0.9085,stand_8,330.0165,0.0,-0.06981,0.0,-0.06981,Sidewalk
727.0,133.9424,3.0414,3.07178,0.0,-0.06981,164.0604,0.9085,stand_8,330.0165,0.0,-0.06981,0.0,-0.06981,Sidewalk
727.5,133.9424,3.0414,3.03687,0.0,-0.06981,164.0604,0.9085,stand_8,330.0165,0.0,-0.06981,0.0,-0.06981,Sidewalk
728.0,133.9424,3.0414,3.00197,0.0,-0.06981,164.0604,0.9085,stand_8,330.0165,0.0,-0.06981,0.0,-0.06981,Sidewalk
728.5,133.9424,3.0414,2.96706,0.0,-0.06981,164.0604,0.9085,stand_8,330.0165,0.0,-0.06981,0.0,-0.06981,Sidewalk
729.0,133.9424,3.0414,2.93215,0.0,-0.06981,164.0604,0.9085,stand_8,330.0165,0.0,-0.06981,0.0,-0.06981,Sidewalk
729.5,133.9424,3.0414,2.89725,0.0,-0.06981,164.0604,0.9085,stand_8,330.0165,0.0,-0.06981,0.0,-0.06981,Sidewalk
730.0,133.9424,3.0414,2.86234,0.0,-0.06981,164.0604,0.9085,stand_8,330.0165,0.0,-0.06981,0.0,-0.06981,Sidewalk
730.5,133.9424,3.0414,2.82743,0.0,-0.06981,164.0604,0.9085,stand_8,330.0165,0.0,-0.06981,0.0,-0.06981,Sidewalk
731.0,133.9424,3.0414,2.79253,0.0,-0.06981,164.0604,0.9085,stand_8,330.0165,0.0,-0.06981,0.0,-0.06981,Sidewalk
731.5,133.9424,3.0414,2.75762,0.0,-0.06981,164.0604,0.9085,stand_8,330.0165,0.0,-0.06981,0.0,-0.06981,Sidewalk
732.0,133.9424,3.0414,2.72271,0.0,-0.06981,164.0604,0.9085,stand_8,330.0166,0.0,-0.06981,0.0,-0.06981,Sidewalk
732.5,133.9424,3.0414,2.68781,0.0,-0.06981,164.0604,0.9085,stand_8,330.0166,0.0,-0.06981,0.0,-0.06981,Sidewalk
733.0,133.9424,3.0414,2.6529,0.0,-0.06981,164.0604,0.9085,stand_8,330.0166,0.0,-0.06981,0.0,-0.06981,Sidewalk
733.5,133.9424,3.0414,2.61799,0.0,-0.06981,164.0604,0.9085,stand_8,330.0166,0.0,-0.06981,0.0,-0.06981,Sidewalk
734.0,133.9424,3.0414,2.58309,0.0,-0.06981,164.0604,0.9085,stand_8,330.0166,0.0,-0.06981,0.0,-0.06981,Sidewalk
734.5,133.9424,3.0414,2.54818,0.0,-0.06981,164.0604,0.9085,stand_8,330.0166,0.0,-0.06981,0.0,-0.06981,Sidewalk
735.0,133.9424,3.0414,2.51327,0.0,-0.06981,164.0604,0.9085,stand_8,330.0166,0.0,-0.06981,0.0,-0.06981,Sidewalk
735.5,133.9424,3.0414,2.47837,0.0,-0.06981,164.0604,0.9085,stand_8,330.0166,0.0,-0.06981,0.0,-0.06981,Sidewalk
736.0,133.9424,3.0414,2.44346,0.0,-0.06981,164.0604,0.9085,stand_8,330.0166,0.0,-0.06981,0.0,-0.06981,Sidewalk
736.5,133.9424,3.0414,2.40855,0.0,-0.06981,164.0604,0.9085,stand_8,330.0166,0.0,-0.06981,0.0,-0.06981,Sidewalk
737.0,133.9424,3.0414,2.37365,0.0,-0.06981,164.0604,0.9085,stand_8,330.0166,0.0,-0.06981,0.0,-0.06981,Sidewalk
737.5,133.9424,3.0414,2.33874,0.0,-0.06981,164.0604,0.9085,stand_8,330.0166,0.0,-0.06981,0.0,-0.06981,Sidewalk
738.0,133.9424,3.0414,2.30383,0.0,-0.06981,164.0604,0.9085,stand_8,330.0166,0.0,-0.06981,0.0,-0.06981,Sidewalk
738.5,133.9424,3.0414,2.26893,0.0,-0.06981,164.0604,0.9085,stand_8,330.0166,0.0,-0.06981,0.0,-0.06981,Sidewalk
739.0,133.9424,3.0414,2.23402,0.0,-0.06981,164.0604,0.9085,stand_8,330.0166,0.0,-0.06981,0.0,-0.06981,Sidewalk
739.5,133.9424,3.0414,2.19911,0.0,-0.06981,164.0604,0.9085,stand_8,330.0166,0.0,-0.06981,0.0,-0.06981,Sidewalk
740.0,133.9424,3.0414,2.16421,0.0,-0.06981,164.0604,0.9085,stand_8,330.0166,0.0,-0.06981,0.0,-0.06981,Sidewalk
740.5,133.9424,3.0414,2.1293,0.0,-0.06981,164.0604,0.9085,stand_8,330.0166,0.0,-0.06981,0.0,-0.06981,Sidewalk
741.0,133.9424,3.0414,2.0944,0.0,-0.06981,164.0604,0.9085,stand_8,330.0166,0.0,-0.06981,0.0,-0.06981,Sidewalk
741.5,133.9424,3.0414,2.05949,0.0,-0.06981,164.0604,0.9085,stand_8,330.0166,0.0,-0.06981,0.0,-0.06981,Sidewalk
742.0,133.9424,3.0414,2.02458,0.0,-0.06981,164.0604,0.9085,stand_8,330.0166,0.0,-0.06981,0.0,-0.06981,Sidewalk
742.5,133.9424,3.0414,1.98968,0.0,-0.06981,164.0604,0.9085,stand_8,330.0166,0.0,-0.06981,0.0,-0.06981,Sidewalk
743.0,133.9424,3.0414,1.95477,0.0,-0.06981,164.0604,0.9085,stand_8,330.0166,0.0,-0.06981,0.0,-0.06981,Sidewalk
743.5,133.9424,3.0414,1.91986,0.0,-0.06981,164.0604,0.9085,stand_8,330.0166,0.0,-0.06981,0.0,-0.06981,Sidewalk
744.0,133.9424,3.0414,1.88496,0.0,-0.06981,164.0604,0.9085,stand_8,330.0166,0.0,-0.06981,0.0,-0.06981,Sidewalk
744.5,133.9424,3.0414,1.85005,0.0,-0.06981,164.0604,0.9085,stand_8,330.0166,0.0,-0.06981,0.0,-0.06981,Sidewalk
745.0,133.9424,3.0414,1.81514,0.0,-0.06981,164.0604,0.9085,stand_8,330.0166,0.0,-0.06981,0.0,-0.06981,Sidewalk
745.5,133.9424,3.0414,1.78024,0.0,-0.06981,164.0604,0.9085,stand_8,330.0166,0.0,-0.06981,0.0,-0.06981,Sidewalk
746.0,133.9424,3.0414,1.74533,0.0,-0.06981,164.0604,0.9085,stand_8,330.0166,0.0,-0.06981,0.0,-0.06981,Sidewalk
746.5,133.9424,3.0414,1.71042,0.0,-0.06981,164.0604,0.9085,stand_8,330.0166,0.0,-0.06981,0.0,-0.06981,Sidewalk
747.0,133.9424,3.0414,1.67552,0.0,-0.06981,164.0604,0.9085,stand_8,330.0166,0.0,-0.06981,0.0,-0.06981,Sidewalk
747.5,133.9424,3.0414,1.64061,0.0,-0.06981,164.0604,0.9085,stand_8,330.0166,0.0,-0.06981,0.0,-0.06981,Sidewalk
748.0,133.9424,3.0414,1.6057,0.0,-0.06981,164.0604,0.9085,stand_8,330.0167,0.0,-0.06981,0.0,-0.06981,Sidewalk
748.5,133.9424,3.0414,1.5708,0.0,-0.06981,164.0604,0.9085,stand_8,330.0167,0.0,-0.06981,0.0,-0.06981,Sidewalk
749.0,133.9424,3.0414,1.53589,0.0,-0.06981,164.0604,0.9085,stand_8,330.0167,0.0,-0.06981,0.0,-0.06981,Sidewalk
749.5,133.9424,3.0414,1.50098,0.0,-0.06981,164.0604,0.9085,stand_8,330.0167,0.0,-0.06981,0.0,-0.06981,Sidewalk
750.0,133.9424,3.0414,1.46608,0.0,-0.06981,164.0604,0.9085,stand_8,330.0167,0.0,-0.06981,0.0,-0.06981,Sidewalk
750.5,133.9424,3.0414,1.43117,0.0,-0.06981,164.0604,0.9085,stand_8,330.0167,0.0,-0.06981,0.0,-0.06981,Sidewalk
751.0,133.9424,3.0414,1.39626,0.0,-0.06981,164.0604,0.9085,stand_8,330.0167,0.0,-0.06981,0.0,-0.06981,Sidewalk
751.5,133.9424,3.0414,1.36136,0.0,-0.06981,164.0604,0.9085,stand_8,330.0167,0.0,-0.06981,0.0,-0.06981,Sidewalk
752.0,133.9424,3.0414,1.32645,0.0,-0.06981,164.0604,0.9085,stand_8,330.0167,0.0,-0.06981,0.0,-0.06981,Sidewalk
752.5,133.9424,3.0414,1.29154,0.0,-0.06981,164.0604,0.9085,stand_8,330.0167,0.0,-0.06981,0.0,-0.06981,Sidewalk
753.0,133.9424,3.0414,1.25664,0.0,-0.06981,164.0604,0.9085,stand_8,330.0167,0.0,-0.06981,0.0,-0.06981,Sidewalk
753.5,133.9424,3.0414,1.22173,0.0,-0.06981,164.0604,0.9085,stand_8,330.0167,0.0,-0.06981,0.0,-0.06981,Sidewalk
754.0,133.9424,3.0414,1.18682,0.0,-0.06981,164.0604,0.9084,stand_8,330.0167,0.0,-0.06981,0.0,-0.06981,Sidewalk
754.5,133.9424,3.0414,1.15192,0.0,-0.06981,164.0604,0.9084,stand_8,330.0167,0.0,-0.06981,0.0,-0.06981,Sidewalk
755.0,133.9424,3.0414,1.11701,0.0,-0.06981,164.0604,0.9084,stand_8,330.0167,0.0,-0.06981,0.0,-0.06981,Sidewalk
755.5,133.9424,3.0414,1.0821,0.0,-0.06981,164.0604,0.9084,stand_8,330.0167,0.0,-0.06981,0.0,-0.06981,Sidewalk
756.0,133.9424,3.0414,1.0472,0.0,-0.06981,164.0604,0.9084,stand_8,330.0167,0.0,-0.06981,0.0,-0.06981,Sidewalk
756.5,133.9424,3.0414,1.01229,0.0,-0.06981,164.0604,0.9084,stand_8,330.0167,0.0,-0.06981,0.0,-0.06981,Sidewalk
757.0,133.9424,3.0414,0.97738,0.0,-0.06981,164.0604,0.9084,stand_8,330.0167,0.0,-0.06981,0.0,-0.06981,Sidewalk
757.5,133.9424,3.0414,0.94248,0.0,-0.06981,164.0604,0.9084,stand_8,330.0167,0.0,-0.06981,0.0,-0.06981,Sidewalk
758.0,133.9424,3.0414,0.90757,0.0,-0.06981,164.0604,0.9084,stand_8,330.0167,0.0,-0.06981,0.0,-0.06981,Sidewalk
758.5,133.9424,3.0414,0.87266,0.0,-0.06981,164.0604,0.9084,stand_8,330.0167,0.0,-0.06981,0.0,-0.06981,Sidewalk
759.0,133.9424,3.0414,0.83776,0.0,-0.06981,164.0604,0.9084,stand_8,330.0167,0.0,-0.06981,0.0,-0.06981,Sidewalk
759.5,133.9424,3.0414,0.80285,0.0,-0.06981,164.0604,0.9084,stand_8,330.0167,0.0,-0.06981,0.0,-0.06981,Sidewalk
760.0,133.9424,3.0414,0.76794,0.0,-0.06981,164.0604,0.9084,stand_8,330.0167,0.0,-0.06981,0.0,-0.06981,Sidewalk
760.5,133.9424,3.0414,0.73304,0.0,-0.06981,164.0604,0.9084,stand_8,330.0167,0.0,-0.06981,0.0,-0.06981,Sidewalk
761.0,133.9424,3.0414,0.69813,0.0,-0.06981,164.0604,0.9084,stand_8,330.0167,0.0,-0.06981,0.0,-0.06981,Sidewalk
761.5,133.9424,3.0414,0.66323,0.0,-0.06981,164.0604,0.9084,stand_8,330.0167,0.0,-0.06981,0.0,-0.06981,Sidewalk
762.0,133.9424,3.0414,0.62832,0.0,-0.06981,164.0604,0.9084,stand_8,330.0167,0.0,-0.06981,0.0,-0.06981,Sidewalk
762.5,133.9424,3.0414,0.59341,0.0,-0.06981,164.0604,0.9084,stand_8,330.0167,0.0,-0.06981,0.0,-0.06981,Sidewalk
763.0,133.9424,3.0414,0.55851,0.0,-0.06981,164.0604,0.9084,stand_8,330.0168,0.0,-0.06981,0.0,-0.06981,Sidewalk
763.5,133.9424,3.0414,0.5236,0.0,-0.06981,164.0604,0.9084,stand_8,330.0168,0.0,-0.06981,0.0,-0.06981,Sidewalk
764.0,133.9424,3.0414,0.48869,0.0,-0.06981,164.0604,0.9084,stand_8,330.0168,0.0,-0.06981,0.0,-0.06981,Sidewalk
764.5,133.9424,3.0414,0.45379,0.0,-0.06981,164.0604,0.9084,stand_8,330.0168,0.0,-0.06981,0.0,-0.06981,Sidewalk
765.0,133.9424,3.0414,0.41888,0.0,-0.06981,164.0604,0.9084,stand_8,330.0168,0.0,-0.06981,0.0,-0.06981,Sidewalk
765.5,133.9424,3.0414,0.38397,0.0,-0.06981,164.0604,0.9084,stand_8,330.0168,0.0,-0.06981,0.0,-0.06981,Sidewalk
766.0,133.9424,3.0414,0.34907,0.0,-0.06981,164.0604,0.9084,stand_8,330.0168,0.0,-0.06981,0.0,-0.06981,Sidewalk
766.5,133.9424,3.0414,0.31416,0.0,-0.06981,164.0604,0.9084,stand_8,330.0168,0.0,-0.06981,0.0,-0.06981,Sidewalk
767.0,133.9424,3.0414,0.27925,0.0,-0.06981,164.0604,0.9084,stand_8,330.0168,0.0,-0.06981,0.0,-0.06981,Sidewalk
767.5,133.9424,3.0414,0.24435,0.0,-0.06981,164.0604,0.9084,stand_8,330.0168,0.0,-0.06981,0.0,-0.06981,Sidewalk
768.0,133.9424,3.0414,0.20944,0.0,-0.06981,164.0604,0.9084,stand_8,330.0168,0.0,-0.06981,0.0,-0.06981,Sidewalk
768.5,133.9424,3.0414,0.17453,0.0,-0.06981,164.0604,0.9084,stand_8,330.0168,0.0,-0.06981,0.0,-0.06981,Sidewalk
769.0,133.9424,3.0414,0.13963,0.0,-0.06981,164.0604,0.9084,stand_8,330.0168,0.0,-0.06981,0.0,-0.06981,Sidewalk
769.5,133.9424,3.0414,0.10472,0.0,-0.06981,164.0604,0.9084,stand_8,330.0168,0.0,-0.06981,0.0,-0.06981,Sidewalk
770.0,133.9424,3.0414,0.06981,0.0,-0.06981,164.0604,0.9084,stand_8,330.0168,0.0,-0.06981,0.0,-0.06981,Sidewalk
770.5,133.9424,3.0414,0.03491,0.0,-0.06981,164.0604,0.9084,stand_8,330.0168,0.0,-0.06981,0.0,-0.06981,Sidewalk
771.0,133.9424,3.0414,0.0,0.0,-0.06981,164.0604,0.9084,stand_8,330.0168,0.0,-0.06981,0.0,-0.06981,Sidewalk
771.5,133.9424,3.0414,-0.03491,0.0,-0.06981,164.0604,0.9084,stand_8,330.0168,0.0,-0.06981,0.0,-0.06981,Sidewalk
772.0,133.9424,3.0414,-0.06981,0.0,-0.06981,164.0604,0.9084,stand_8,330.0168,0.0,-0.06981,0.0,-0.06981,Sidewalk
772.5,133.9424,3.0414,-0.10472,0.0,-0.06981,164.0604,0.9084,stand_8,330.0168,0.0,-0.06981,0.0,-0.06981,Sidewalk
773.0,133.9424,3.0414,-0.13963,0.0,-0.06981,164.0604,0.9084,stand_8,330.0168,0.0,-0.06981,0.0,-0.06981,Sidewalk
773.5,133.9424,3.0414,-0.17453,0.0,-0.06981,164.0604,0.9084,stand_8,330.0168,0.0,-0.06981,0.0,-0.06981,Sidewalk
774.0,133.9424,3.0414,-0.20944,0.0,-0.06981,164.0604,0.9084,stand_8,330.0168,0.0,-0.06981,0.0,-0.06981,Sidewalk
774.5,133.9424,3.0414,-0.24435,0.0,-0.06981,164.0604,0.9084,stand_8,330.0168,0.0,-0.06981,0.0,-0.06981,Sidewalk
775.0,133.9424,3.0414,-0.27925,0.0,-0.06981,164.0604,0.9084,stand_8,330.0168,0.0,-0.06981,0.0,-0.06981,Sidewalk
775.5,133.9424,3.0414,-0.31416,0.0,-0.06981,164.0604,0.9084,stand_8,330.0168,0.0,-0.06981,0.0,-0.06981,Sidewalk
776.0,133.9424,3.0414,-0.34907,0.0,-0.06981,164.0604,0.9084,stand_8,330.0168,0.0,-0.06981,0.0,-0.06981,Sidewalk
776.5,133.9424,3.0414,-0.38397,0.0,-0.06981,164.0604,0.9084,stand_8,330.0168,0.0,-0.06981,0.0,-0.06981,Sidewalk
777.0,133.9424,3.0414,-0.41888,0.0,-0.06981,164.0604,0.9084,stand_8,330.0168,0.0,-0.06981,0.0,-0.06981,Sidewalk
777.5,133.9424,3.0414,-0.45379,0.0,-0.06981,164.0604,0.9084,stand_8,330.0168,0.0,-0.06981,0.0,-0.06981,Sidewalk
778.0,133.9424,3.0414,-0.48869,0.0,-0.06981,164.0604,0.9084,stand_8,330.0168,0.0,-0.06981,0.0,-0.06981,Sidewalk
778.5,133.9424,3.0414,-0.5236,0.0,-0.06981,164.0604,0.9084,stand_8,330.0168,0.0,-0.06981,0.0,-0.06981,Sidewalk
779.0,133.9424,3.0414,-0.55851,0.0,-0.06981,164.0604,0.9084,stand_8,330.0168,0.0,-0.06981,0.0,-0.06981,Sidewalk
779.5,133.9424,3.0414,-0.59341,0.0,-0.06981,164.0604,0.9084,stand_8,330.0168,0.0,-0.06981,0.0,-0.06981,Sidewalk
780.0,133.9424,3.0414,-0.62832,0.0,-0.06981,164.0604,0.9084,stand_8,330.0168,0.0,-0.06981,0.0,-0.06981,Sidewalk
780.5,133.9424,3.0414,-0.66323,0.0,-0.06981,164.0604,0.9084,stand_8,330.0168,0.0,-0.06981,0.0,-0.06981,Sidewalk
781.0,133.9424,3.0414,-0.69813,0.0,-0.06981,164.0604,0.9084,stand_8,330.0169,0.0,-0.06981,0.0,-0.06981,Sidewalk
781.5,133.9424,3.0414,-0.73304,0.0,-0.06981,164.0604,0.9084,stand_8,330.0169,0.0,-0.06981,0.0,-0.06981,Sidewalk
782.0,133.9424,3.0414,-0.76794,0.0,-0.06981,164.0604,0.9084,stand_8,330.0169,0.0,-0.06981,0.0,-0.06981,Sidewalk
782.5,133.9424,3.0414,-0.80285,0.0,-0.06981,164.0604,0.9084,stand_8,330.0169,0.0,-0.06981,0.0,-0.06981,Sidewalk
783.0,133.9424,3.0414,-0.83776,0.0,-0.06981,164.0604,0.9084,stand_8,330.0169,0.0,-0.06981,0.0,-0.06981,Sidewalk
783.5,133.9424,3.0414,-0.87266,0.0,-0.06981,164.0604,0.9084,stand_8,330.0169,0.0,-0.06981,0.0,-0.06981,Sidewalk
784.0,133.9424,3.0414,-0.90757,0.0,-0.06981,164.0604,0.9084,stand_8,330.0169,0.0,-0.06981,0.0,-0.06981,Sidewalk
784.5,133.9424,3.0414,-0.94248,0.0,-0.06981,164.0604,0.9084,stand_8,330.0169,0.0,-0.06981,0.0,-0.06981,Sidewalk
785.0,133.9424,3.0414,-0.97738,0.0,-0.06981,164.0604,0.9084,stand_8,330.0169,0.0,-0.06981,0.0,-0.06981,Sidewalk
785.5,133.9424,3.0414,-1.01229,0.0,-0.06981,164.0604,0.9084,stand_8,330.0169,0.0,-0.06981,0.0,-0.06981,Sidewalk
786.0,133.9424,3.0414,-1.0472,0.0,-0.06981,164.0604,0.9084,stand_8,330.0169,0.0,-0.06981,0.0,-0.06981,Sidewalk
786.5,133.9424,3.0414,-1.0821,0.0,-0.06981,164.0604,0.9084,stand_8,330.0169,0.0,-0.06981,0.0,-0.06981,Sidewalk
787.0,133.9424,3.0414,-1.11701,0.0,-0.06981,164.0604,0.9084,stand_8,330.0169,0.0,-0.06981,0.0,-0.06981,Sidewalk
787.5,133.9424,3.0414,-1.15192,0.0,-0.06981,164.0604,0.9084,stand_8,330.0169,0.0,-0.06981,0.0,-0.06981,Sidewalk
788.0,133.9424,3.0414,-1.18682,0.0,-0.06981,164.0604,0.9084,stand_8,330.0169,0.0,-0.06981,0.0,-0.06981,Sidewalk
788.5,133.9424,3.0414,-1.22173,0.0,-0.06981,164.0604,0.9084,stand_8,330.0169,0.0,-0.06981,0.0,-0.06981,Sidewalk
789.0,133.9424,3.0414,-1.25664,0.0,-0.06981,164.0604,0.9084,stand_8,330.0169,0.0,-0.06981,0.0,-0.06981,Sidewalk
789.5,133.9424,3.0414,-1.29154,0.0,-0.06981,164.0604,0.9084,stand_8,330.0169,0.0,-0.06981,0.0,-0.06981,Sidewalk
790.0,133.9424,3.0414,-1.32645,0.0,-0.06981,164.0604,0.9084,stand_8,330.0169,0.0,-0.06981,0.0,-0.06981,Sidewalk
790.5,133.9424,3.0414,-1.36136,0.0,-0.06981,164.0604,0.9084,stand_8,330.0169,0.0,-0.06981,0.0,-0.06981,Sidewalk
791.0,133.9424,3.0414,-1.39626,0.0,-0.06981,164.0604,0.9084,stand_8,330.0169,0.0,-0.06981,0.0,-0.06981,Sidewalk
791.5,133.9424,3.0414,-1.43117,0.0,-0.06981,164.0604,0.9084,stand_8,330.0169,0.0,-0.06981,0.0,-0.06981,Sidewalk
792.0,133.9424,3.0414,-1.46608,0.0,-0.06981,164.0604,0.9083,stand_8,330.0169,0.0,-0.06981,0.0,-0.06981,Sidewalk
792.5,133.9424,3.0414,-1.50098,0.0,-0.06981,164.0604,0.9083,stand_8,330.0169,0.0,-0.06981,0.0,-0.06981,Sidewalk
793.0,133.9424,3.0414,-1.53589,0.0,-0.06981,164.0604,0.9083,stand_8,330.0169,0.0,-0.06981,0.0,-0.06981,Sidewalk
793.5,133.9424,3.0414,-1.5708,0.0,-0.06981,164.0604,0.9083,stand_8,330.0169,0.0,-0.06981,0.0,-0.06981,Sidewalk
794.0,133.9424,3.0414,-1.6057,0.0,-0.06981,164.0604,0.9083,stand_8,330.0169,0.0,-0.06981,0.0,-0.06981,Sidewalk
794.5,133.9424,3.0414,-1.64061,0.0,-0.06981,164.0604,0.9083,stand_8,330.0169,0.0,-0.06981,0.0,-0.06981,Sidewalk
795.0,133.9424,3.0414,-1.67552,0.0,-0.06981,164.0604,0.9083,stand_8,330.0169,0.0,-0.06981,0.0,-0.06981,Sidewalk
795.5,133.9424,3.0414,-1.71042,0.0,-0.06981,164.0604,0.9083,stand_8,330.017,0.0,-0.06981,0.0,-0.06981,Sidewalk
796.0,133.9424,3.0414,-1.74533,0.0,-0.06981,164.0604,0.9083,stand_8,330.017,0.0,-0.06981,0.0,-0.06981,Sidewalk
796.5,133.9424,3.0414,-1.78024,0.0,-0.06981,164.0604,0.9083,stand_8,330.017,0.0,-0.06981,0.0,-0.06981,Sidewalk
797.0,133.9424,3.0414,-1.81514,0.0,-0.06981,164.0604,0.9083,stand_8,330.017,0.0,-0.06981,0.0,-0.06981,Sidewalk
797.5,133.9424,3.0414,-1.85005,0.0,-0.06981,164.0604,0.9083,stand_8,330.017,0.0,-0.06981,0.0,-0.06981,Sidewalk
798.0,133.9424,3.0414,-1.88496,0.0,-0.06981,164.0604,0.9083,stand_8,330.017,0.0,-0.06981,0.0,-0.06981,Sidewalk
798.5,133.9424,3.0414,-1.91986,0.0,-0.06981,164.0604,0.9083,stand_8,330.017,0.0,-0.06981,0.0,-0.06981,Sidewalk
799.0,133.9424,3.0414,-1.95477,0.0,-0.06981,164.0604,0.9083,stand_8,330.017,0.0,-0.06981,0.0,-0.06981,Sidewalk
799.5,133.9424,3.0414,-1.98968,0.0,-0.06981,164.0604,0.9083,stand_8,330.017,0.0,-0.06981,0.0,-0.06981,Sidewalk
800.0,133.9424,3.0414,-2.02458,0.0,-0.06981,164.0604,0.9083,stand_8,330.017,0.0,-0.06981,0.0,-0.06981,Sidewalk
800.5,133.9424,3.0414,-2.05949,0.0,-0.06981,164.0604,0.9083,stand_8,330.017,0.0,-0.06981,0.0,-0.06981,Sidewalk
801.0,133.9424,3.0414,-2.0944,0.0,-0.06981,164.0604,0.9083,stand_8,330.017,0.0,-0.06981,0.0,-0.06981,Sidewalk
801.5,133.9424,3.0414,-2.1293,0.0,-0.06981,164.0604,0.9083,stand_8,330.017,0.0,-0.06981,0.0,-0.06981,Sidewalk
802.0,133.9424,3.0414,-2.16421,0.0,-0.06981,164.0604,0.9083,stand_8,330.017,0.0,-0.06981,0.0,-0.06981,Sidewalk
802.5,133.9424,3.0414,-2.19911,0.0,-0.06981,164.0604,0.9083,stand_8,330.017,0.0,-0.06981,0.0,-0.06981,Sidewalk
803.0,133.9424,3.0414,-2.23402,0.0,-0.06981,164.0604,0.9083,stand_8,330.017,0.0,-0.06981,0.0,-0.06981,Sidewalk
803.5,133.9424,3.0414,-2.26893,0.0,-0.06981,164.0604,0.9083,stand_8,330.017,0.0,-0.06981,0.0,-0.06981,Sidewalk
804.0,133.9424,3.0414,-2.30383,0.0,-0.06981,164.0604,0.9083,stand_8,330.017,0.0,-0.06981,0.0,-0.06981,Sidewalk
804.5,133.9424,3.0414,-2.33874,0.0,-0.06981,164.0604,0.9083,stand_8,330.017,0.0,-0.06981,0.0,-0.06981,Sidewalk
805.0,133.9424,3.0414,-2.37365,0.0,-0.06981,164.0604,0.9083,stand_8,330.017,0.0,-0.06981,0.0,-0.06981,Sidewalk
805.5,133.9424,3.0414,-2.40855,0.0,-0.06981,164.0604,0.9083,stand_8,330.017,0.0,-0.06981,0.0,-0.06981,Sidewalk
806.0,133.9424,3.0414,-2.44346,0.0,-0.06981,164.0604,0.9083,stand_8,330.017,0.0,-0.06981,0.0,-0.06981,Sidewalk
806.5,133.9424,3.0414,-2.47837,0.0,-0.06981,164.0604,0.9083,stand_8,330.017,0.0,-0.06981,0.0,-0.06981,Sidewalk
807.0,133.9424,3.0414,-2.51327,0.0,-0.06981,164.0604,0.9083,stand_8,330.017,0.0,-0.06981,0.0,-0.06981,Sidewalk
807.5,133.9424,3.0414,-2.54818,0.0,-0.06981,164.0604,0.9083,stand_8,330.017,0.0,-0.06981,0.0,-0.06981,Sidewalk
808.0,133.9424,3.0414,-2.58309,0.0,-0.06981,164.0604,0.9083,stand_8,330.017,0.0,-0.06981,0.0,-0.06981,Sidewalk
808.5,133.9424,3.0414,-2.61799,0.0,-0.06981,164.0604,0.9083,stand_8,330.017,0.0,-0.06981,0.0,-0.06981,Sidewalk
809.0,133.9424,3.0414,-2.6529,0.0,-0.06981,164.0604,0.9083,stand_8,330.017,0.0,-0.06981,0.0,-0.06981,Sidewalk
809.5,133.9424,3.0414,-2.68781,0.0,-0.06981,164.0604,0.9083,stand_8,330.017,0.0,-0.06981,0.0,-0.06981,Sidewalk
810.0,133.9424,3.0414,-2.72271,0.0,-0.06981,164.0604,0.9083,stand_8,330.017,0.0,-0.06981,0.0,-0.06981,Sidewalk
810.5,133.9424,3.0414,-2.75762,0.0,-0.06981,164.0604,0.9083,stand_8,330.017,0.0,-0.06981,0.0,-0.06981,Sidewalk
811.0,133.9424,3.0414,-2.79253,0.0,-0.06981,164.0604,0.9083,stand_8,330.017,0.0,-0.06981,0.0,-0.06981,Sidewalk
811.5,133.9424,3.0414,-2.82743,0.0,-0.06981,164.0604,0.9083,stand_8,330.0171,0.0,-0.06981,0.0,-0.06981,Sidewalk
812.0,133.9424,3.0414,-2.86234,0.0,-0.06981,164.0604,0.9083,stand_8,330.0171,0.0,-0.06981,0.0,-0.06981,Sidewalk
812.5,133.9424,3.0414,-2.89725,0.0,-0.06981,164.0604,0.9083,stand_8,330.0171,0.0,-0.06981,0.0,-0.06981,Sidewalk
813.0,133.9424,3.0414,-2.93215,0.0,-0.06981,164.0604,0.9083,stand_8,330.0171,0.0,-0.06981,0.0,-0.06981,Sidewalk
813.5,133.9424,3.0414,-2.96706,0.0,-0.06981,164.0604,0.9083,stand_8,330.0171,0.0,-0.06981,0.0,-0.06981,Sidewalk
814.0,133.9424,3.0414,-3.00197,0.0,-0.06981,164.0604,0.9083,stand_8,330.0171,0.0,-0.06981,0.0,-0.06981,Sidewalk
814.5,133.9424,3.0414,-3.03687,0.0,-0.06981,164.0604,0.9083,stand_8,330.0171,0.0,-0.06981,0.0,-0.06981,Sidewalk
815.0,133.9424,3.0414,-3.07178,0.0,-0.06981,164.0604,0.9083,stand_8,330.0171,0.0,-0.06981,0.0,-0.06981,Sidewalk
815.5,133.9424,3.0414,-3.10669,0.0,-0.06981,164.0604,0.9083,stand_8,330.0171,0.0,-0.06981,0.0,-0.06981,Sidewalk
816.0,133.9424,3.0414,-3.14159,0.0,-0.06981,164.0604,0.9083,stand_8,330.0171,0.0,-0.06981,0.0,-0.06981,Sidewalk
816.5,133.9424,3.0414,3.10669,0.0,-0.06981,164.0604,0.9083,stand_8,330.0171,0.0,-0.06981,0.0,-0.06981,Sidewalk
817.0,133.9424,3.0414,3.07178,0.0,-0.06981,164.0604,0.9083,stand_8,330.0171,0.0,-0.06981,0.0,-0.06981,Sidewalk
817.5,133.9424,3.0414,3.03687,0.0,-0.06981,164.0604,0.9083,stand_8,330.0171,0.0,-0.06981,0.0,-0.06981,Sidewalk
818.0,133.9424,3.0414,3.00197,0.0,-0.06981,164.0604,0.9083,stand_8,330.0171,0.0,-0.06981,0.0,-0.06981,Sidewalk
818.5,133.9424,3.0414,2.96706,0.0,-0.06981,164.0604,0.9083,stand_8,330.0171,0.0,-0.06981,0.0,-0.06981,Sidewalk
819.0,133.9424,3.0414,2.93215,0.0,-0.06981,164.0604,0.9083,stand_8,330.0171,0.0,-0.06981,0.0,-0.06981,Sidewalk
819.5,133.9424,3.0414,2.89725,0.0,-0.06981,164.0604,0.9083,stand_8,330.0171,0.0,-0.06981,0.0,-0.06981,Sidewalk
820.0,133.9424,3.0414,2.86234,0.0,-0.06981,164.0604,0.9083,stand_8,330.0171,0.0,-0.06981,0.0,-0.06981,Sidewalk
820.5,133.9424,3.0414,2.82743,0.0,-0.06981,164.0604,0.9083,stand_8,330.0171,0.0,-0.06981,0.0,-0.06981,Sidewalk
821.0,133.9424,3.0414,2.79253,0.0,-0.06981,164.0604,0.9083,stand_8,330.0171,0.0,-0.06981,0.0,-0.06981,Sidewalk
821.5,133.9424,3.0414,2.75762,0.0,-0.06981,164.0604,0.9083,stand_8,330.0171,0.0,-0.06981,0.0,-0.06981,Sidewalk
822.0,133.9424,3.0414,2.72271,0.0,-0.06981,164.0604,0.9083,stand_8,330.0171,0.0,-0.06981,0.0,-0.06981,Sidewalk
822.5,133.9424,3.0414,2.68781,0.0,-0.06981,164.0604,0.9083,stand_8,330.0171,0.0,-0.06981,0.0,-0.06981,Sidewalk
823.0,133.9424,3.0414,2.6529,0.0,-0.06981,164.0604,0.9083,stand_8,330.0171,0.0,-0.06981,0.0,-0.06981,Sidewalk
823.5,133.9424,3.0414,2.61799,0.0,-0.06981,164.0604,0.9083,stand_8,330.0171,0.0,-0.06981,0.0,-0.06981,Sidewalk
824.0,133.9424,3.0414,2.58309,0.0,-0.06981,164.0604,0.9083,stand_8,330.0171,0.0,-0.06981,0.0,-0.06981,Sidewalk
824.5,133.9424,3.0414,2.54818,0.0,-0.06981,164.0604,0.9083,stand_8,330.0171,0.0,-0.06981,0.0,-0.06981,Sidewalk
825.0,133.9424,3.0414,2.51327,0.0,-0.06981,164.0604,0.9083,stand_8,330.0172,0.0,-0.06981,0.0,-0.06981,Sidewalk
825.5,133.9424,3.0414,2.47837,0.0,-0.06981,164.0604,0.9083,stand_8,330.0172,0.0,-0.06981,0.0,-0.06981,Sidewalk
826.0,133.9424,3.0414,2.44346,0.0,-0.06981,164.0604,0.9082,stand_8,330.0172,0.0,-0.06981,0.0,-0.06981,Sidewalk
826.5,133.9424,3.0414,2.40855,0.0,-0.06981,164.0604,0.9082,stand_8,330.0172,0.0,-0.06981,0.0,-0.06981,Sidewalk
827.0,133.9424,3.0414,2.37365,0.0,-0.06981,164.0604,0.9082,stand_8,330.0172,0.0,-0.06981,0.0,-0.06981,Sidewalk
827.5,133.9424,3.0414,2.33874,0.0,-0.06981,164.0604,0.9082,stand_8,330.0172,0.0,-0.06981,0.0,-0.06981,Sidewalk
828.0,133.9424,3.0414,2.30383,0.0,-0.06981,164.0604,0.9082,stand_8,330.0172,0.0,-0.06981,0.0,-0.06981,Sidewalk
828.5,133.9424,3.0414,2.26893,0.0,-0.06981,164.0604,0.9082,stand_8,330.0172,0.0,-0.06981,0.0,-0.06981,Sidewalk
829.0,133.9424,3.0414,2.23402,0.0,-0.06981,164.0604,0.9082,stand_8,330.0172,0.0,-0.06981,0.0,-0.06981,Sidewalk
829.5,133.9424,3.0414,2.19911,0.0,-0.06981,164.0604,0.9082,stand_8,330.0172,0.0,-0.06981,0.0,-0.06981,Sidewalk
830.0,133.9424,3.0414,2.16421,0.0,-0.06981,164.0604,0.9082,stand_8,330.0172,0.0,-0.06981,0.0,-0.06981,Sidewalk
830.5,133.9424,3.0414,2.1293,0.0,-0.06981,164.0604,0.9082,stand_8,330.0172,0.0,-0.06981,0.0,-0.06981,Sidewalk
831.0,133.9424,3.0414,2.0944,0.0,-0.06981,164.0604,0.9082,stand_8,330.0172,0.0,-0.06981,0.0,-0.06981,Sidewalk
831.5,133.9424,3.0414,2.05949,0.0,-0.06981,164.0604,0.9082,stand_8,330.0172,0.0,-0.06981,0.0,-0.06981,Sidewalk
832.0,133.9424,3.0414,2.02458,0.0,-0.06981,164.0604,0.9082,stand_8,330.0172,0.0,-0.06981,0.0,-0.06981,Sidewalk
832.5,133.9424,3.0414,1.98968,0.0,-0.06981,164.0604,0.9082,stand_8,330.0172,0.0,-0.06981,0.0,-0.06981,Sidewalk
833.0,133.9424,3.0414,1.95477,0.0,-0.06981,164.0604,0.9082,stand_8,330.0172,0.0,-0.06981,0.0,-0.06981,Sidewalk
833.5,133.9424,3.0414,1.91986,0.0,-0.06981,164.0604,0.9082,stand_8,330.0172,0.0,-0.06981,0.0,-0.06981,Sidewalk
834.0,133.9424,3.0414,1.88496,0.0,-0.06981,164.0604,0.9082,stand_8,330.0172,0.0,-0.06981,0.0,-0.06981,Sidewalk
834.5,133.9424,3.0414,1.85005,0.0,-0.06981,164.0604,0.9082,stand_8,330.0172,0.0,-0.06981,0.0,-0.06981,Sidewalk
835.0,133.9424,3.0414,1.81514,0.0,-0.06981,164.0604,0.9082,stand_8,330.0172,0.0,-0.06981,0.0,-0.06981,Sidewalk
835.5,133.9424,3.0414,1.78024,0.0,-0.06981,164.0604,0.9082,stand_8,330.0172,0.0,-0.06981,0.0,-0.06981,Sidewalk
836.0,133.9424,3.0414,1.74533,0.0,-0.06981,164.0604,0.9082,stand_8,330.0172,0.0,-0.06981,0.0,-0.06981,Sidewalk
836.5,133.9424,3.0414,1.71042,0.0,-0.06981,164.0604,0.9082,stand_8,330.0172,0.0,-0.06981,0.0,-0.06981,Sidewalk
837.0,133.9424,3.0414,1.67552,0.0,-0.06981,164.0604,0.9082,stand_8,330.0172,0.0,-0.06981,0.0,-0.06981,Sidewalk
837.5,133.9424,3.0414,1.64061,0.0,-0.06981,164.0604,0.9082,stand_8,330.0172,0.0,-0.06981,0.0,-0.06981,Sidewalk
838.0,133.9424,3.0414,1.6057,0.0,-0.06981,164.0604,0.9082,stand_8,330.0172,0.0,-0.06981,0.0,-0.06981,Sidewalk
838.5,133.9424,3.0414,1.5708,0.0,-0.06981,164.0604,0.9082,stand_8,330.0172,0.0,-0.06981,0.0,-0.06981,Sidewalk
839.0,133.9424,3.0414,1.53589,0.0,-0.06981,164.0604,0.9082,stand_8,330.0172,0.0,-0.06981,0.0,-0.06981,Sidewalk
839.5,133.9424,3.0414,1.50098,0.0,-0.06981,164.0604,0.9082,stand_8,330.0172,0.0,-0.06981,0.0,-0.06981,Sidewalk
840.0,133.9424,3.0414,1.46608,0.0,-0.06981,164.0604,0.9082,stand_8,330.0172,0.0,-0.06981,0.0,-0.06981,Sidewalk
840.5,133.9424,3.0414,1.43117,0.0,-0.06981,164.0604,0.9082,stand_8,330.0172,0.0,-0.06981,0.0,-0.06981,Sidewalk
841.0,133.9424,3.0414,1.39626,0.0,-0.06981,164.0604,0.9082,stand_8,330.0172,0.0,-0.06981,0.0,-0.06981,Sidewalk
841.5,133.9424,3.0414,1.36136,0.0,-0.06981,164.0604,0.9082,stand_8,330.0173,0.0,-0.06981,0.0,-0.06981,Sidewalk
842.0,133.9424,3.0414,1.32645,0.0,-0.06981,164.0604,0.9082,stand_8,330.0173,0.0,-0.06981,0.0,-0.06981,Sidewalk
842.5,133.9424,3.0414,1.29154,0.0,-0.06981,164.0604,0.9082,stand_8,330.0173,0.0,-0.06981,0.0,-0.06981,Sidewalk
843.0,133.9424,3.0414,1.25664,0.0,-0.06981,164.0604,0.9082,stand_8,330.0173,0.0,-0.06981,0.0,-0.06981,Sidewalk
843.5,133.9424,3.0414,1.22173,0.0,-0.06981,164.0604,0.9082,stand_8,330.0173,0.0,-0.06981,0.0,-0.06981,Sidewalk
844.0,133.9424,3.0414,1.18682,0.0,-0.06981,164.0604,0.9082,stand_8,330.0173,0.0,-0.06981,0.0,-0.06981,Sidewalk
844.5,133.9424,3.0414,1.15192,0.0,-0.06981,164.0604,0.9082,stand_8,330.0173,0.0,-0.06981,0.0,-0.06981,Sidewalk
845.0,133.9424,3.0414,1.11701,0.0,-0.06981,164.0604,0.9082,stand_8,330.0173,0.0,-0.06981,0.0,-0.06981,Sidewalk
845.5,133.9424,3.0414,1.0821,0.0,-0.06981,164.0604,0.9082,stand_8,330.0173,0.0,-0.06981,0.0,-0.06981,Sidewalk
846.0,133.9424,3.0414,1.0472,0.0,-0.06981,164.0604,0.9082,stand_8,330.0173,0.0,-0.06981,0.0,-0.06981,Sidewalk
846.5,133.9424,3.0414,1.01229,0.0,-0.06981,164.0604,0.9082,stand_8,330.0173,0.0,-0.06981,0.0,-0.06981,Sidewalk
847.0,133.9424,3.0414,0.97738,0.0,-0.06981,164.0604,0.9082,stand_8,330.0173,0.0,-0.06981,0.0,-0.06981,Sidewalk
847.5,133.9424,3.0414,0.94248,0.0,-0.06981,164.0604,0.9082,stand_8,330.0173,0.0,-0.06981,0.0,-0.06981,Sidewalk
848.0,133.9424,3.0414,0.90757,0.0,-0.06981,164.0604,0.9082,stand_8,330.0173,0.0,-0.06981,0.0,-0.06981,Sidewalk
848.5,133.9424,3.0414,0.87266,0.0,-0.06981,164.0604,0.9082,stand_8,330.0173,0.0,-0.06981,0.0,-0.06981,Sidewalk
849.0,133.9424,3.0414,0.83776,0.0,-0.06981,164.0604,0.9082,stand_8,330.0173,0.0,-0.06981,0.0,-0.06981,Sidewalk
849.5,133.9424,3.0414,0.80285,0.0,-0.06981,164.0604,0.9082,stand_8,330.0173,0.0,-0.06981,0.0,-0.06981,Sidewalk
850.0,133.9424,3.0414,0.76794,0.0,-0.06981,164.0604,0.9082,stand_8,330.0173,0.0,-0.06981,0.0,-0.06981,Sidewalk
850.5,133.9424,3.0414,0.73304,0.0,-0.06981,164.0604,0.9082,stand_8,330.0173,0.0,-0.06981,0.0,-0.06981,Sidewalk
851.0,133.9424,3.0414,0.69813,0.0,-0.06981,164.0604,0.9082,stand_8,330.0173,0.0,-0.06981,0.0,-0.06981,Sidewalk
851.5,133.9424,3.0414,0.66323,0.0,-0.06981,164.0604,0.9082,stand_8,330.0173,0.0,-0.06981,0.0,-0.06981,Sidewalk
852.0,133.9424,3.0414,0.62832,0.0,-0.06981,164.0604,0.9082,stand_8,330.0173,0.0,-0.06981,0.0,-0.06981,Sidewalk
852.5,133.9424,3.0414,0.59341,0.0,-0.06981,164.0604,0.9082,stand_8,330.0173,0.0,-0.06981,0.0,-0.06981,Sidewalk
853.0,133.9424,3.0414,0.55851,0.0,-0.06981,164.0604,0.9082,stand_8,330.0173,0.0,-0.06981,0.0,-0.06981,Sidewalk
853.5,133.9424,3.0414,0.5236,0.0,-0.06981,164.0604,0.9082,stand_8,330.0173,0.0,-0.06981,0.0,-0.06981,Sidewalk
854.0,133.9424,3.0414,0.48869,0.0,-0.06981,164.0604,0.9082,stand_8,330.0173,0.0,-0.06981,0.0,-0.06981,Sidewalk
854.5,133.9424,3.0414,0.45379,0.0,-0.06981,164.0604,0.9082,stand_8,330.0173,0.0,-0.06981,0.0,-0.06981,Sidewalk
855.0,133.9424,3.0414,0.41888,0.0,-0.06981,164.0604,0.9082,stand_8,330.0173,0.0,-0.06981,0.0,-0.06981,Sidewalk
855.5,133.9424,3.0414,0.38397,0.0,-0.06981,164.0604,0.9082,stand_8,330.0173,0.0,-0.06981,0.0,-0.06981,Sidewalk
856.0,133.9424,3.0414,0.34907,0.0,-0.06981,164.0604,0.9082,stand_8,330.0174,0.0,-0.06981,0.0,-0.06981,Sidewalk
856.5,133.9424,3.0414,0.31416,0.0,-0.06981,164.0604,0.9082,stand_8,330.0174,0.0,-0.06981,0.0,-0.06981,Sidewalk
857.0,133.9424,3.0414,0.27925,0.0,-0.06981,164.0604,0.9082,stand_8,330.0174,0.0,-0.06981,0.0,-0.06981,Sidewalk
857.5,133.9424,3.0414,0.24435,0.0,-0.06981,164.0604,0.9082,stand_8,330.0174,0.0,-0.06981,0.0,-0.06981,Sidewalk
858.0,133.9424,3.0414,0.20944,0.0,-0.06981,164.0604,0.9082,stand_8,330.0174,0.0,-0.06981,0.0,-0.06981,Sidewalk
858.5,133.9424,3.0414,0.17453,0.0,-0.06981,164.0604,0.9082,stand_8,330.0174,0.0,-0.06981,0.0,-0.06981,Sidewalk
859.0,133.9424,3.0414,0.13963,0.0,-0.06981,164.0604,0.9082,stand_8,330.0174,0.0,-0.06981,0.0,-0.06981,Sidewalk
859.5,133.9424,3.0414,0.10472,0.0,-0.06981,164.0604,0.9082,stand_8,330.0174,0.0,-0.06981,0.0,-0.06981,Sidewalk
860.0,133.9424,3.0414,0.06981,0.0,-0.06981,164.0604,0.9082,stand_8,330.0174,0.0,-0.06981,0.0,-0.06981,Sidewalk
860.5,133.9424,3.0414,0.03491,0.0,-0.06981,164.0604,0.9082,stand_8,330.0174,0.0,-0.06981,0.0,-0.06981,Sidewalk
861.0,133.9424,3.0414,0.0,0.0,-0.06981,164.0604,0.9082,stand_8,330.0174,0.0,-0.06981,0.0,-0.06981,Sidewalk
861.5,133.9424,3.0414,-0.03491,0.0,-0.06981,164.0604,0.9081,stand_8,330.0174,0.0,-0.06981,0.0,-0.06981,Sidewalk
862.0,133.9424,3.0414,-0.06981,0.0,-0.06981,164.0604,0.9081,stand_8,330.0174,0.0,-0.06981,0.0,-0.06981,Sidewalk
862.5,133.9424,3.0414,-0.10472,0.0,-0.06981,164.0604,0.9081,stand_8,330.0174,0.0,-0.06981,0.0,-0.06981,Sidewalk
863.0,133.9424,3.0414,-0.13963,0.0,-0.06981,164.0604,0.9081,stand_8,330.0174,0.0,-0.06981,0.0,-0.06981,Sidewalk
863.5,133.9424,3.0414,-0.17453,0.0,-0.06981,164.0604,0.9081,stand_8,330.0174,0.0,-0.06981,0.0,-0.06981,Sidewalk
864.0,133.9424,3.0414,-0.20944,0.0,-0.06981,164.0604,0.9081,stand_8,330.0174,0.0,-0.06981,0.0,-0.06981,Sidewalk
864.5,133.9424,3.0414,-0.24435,0.0,-0.06981,164.0604,0.9081,stand_8,330.0174,0.0,-0.06981,0.0,-0.06981,Sidewalk
865.0,133.9424,3.0414,-0.27925,0.0,-0.06981,164.0604,0.9081,stand_8,330.0174,0.0,-0.06981,0.0,-0.06981,Sidewalk
865.5,133.9424,3.0414,-0.31416,0.0,-0.06981,164.0604,0.9081,stand_8,330.0174,0.0,-0.06981,0.0,-0.06981,Sidewalk
866.0,133.9424,3.0414,-0.34907,0.0,-0.06981,164.0604,0.9081,stand_8,330.0174,0.0,-0.06981,0.0,-0.06981,Sidewalk
866.5,133.9424,3.0414,-0.38397,0.0,-0.06981,164.0604,0.9081,stand_8,330.0174,0.0,-0.06981,0.0,-0.06981,Sidewalk
867.0,133.9424,3.0414,-0.41888,0.0,-0.06981,164.0604,0.9081,stand_8,330.0174,0.0,-0.06981,0.0,-0.06981,Sidewalk
867.5,133.9424,3.0414,-0.45379,0.0,-0.06981,164.0604,0.9081,stand_8,330.0174,0.0,-0.06981,0.0,-0.06981,Sidewalk
868.0,133.9424,3.0414,-0.48869,0.0,-0.06981,164.0604,0.9081,stand_8,330.0174,0.0,-0.06981,0.0,-0.06981,Sidewalk
868.5,133.9424,3.0414,-0.5236,0.0,-0.06981,164.0604,0.9081,stand_8,330.0174,0.0,-0.06981,0.0,-0.06981,Sidewalk
869.0,133.9424,3.0414,-0.55851,0.0,-0.06981,164.0604,0.9081,stand_8,330.0174,0.0,-0.06981,0.0,-0.06981,Sidewalk
869.5,133.9424,3.0414,-0.59341,0.0,-0.06981,164.0604,0.9081,stand_8,330.0174,0.0,-0.06981,0.0,-0.06981,Sidewalk
870.0,133.9424,3.0414,-0.62832,0.0,-0.06981,164.0604,0.9081,stand_8,330.0174,0.0,-0.06981,0.0,-0.06981,Sidewalk
870.5,133.9424,3.0414,-0.66323,0.0,-0.06981,164.0604,0.9081,stand_8,330.0174,0.0,-0.06981,0.0,-0.06981,Sidewalk
871.0,133.9424,3.0414,-0.69813,0.0,-0.06981,164.0604,0.9081,stand_8,330.0175,0.0,-0.06981,0.0,-0.06981,Sidewalk
871.5,133.9424,3.0414,-0.73304,0.0,-0.06981,164.0604,0.9081,stand_8,330.0175,0.0,-0.06981,0.0,-0.06981,Sidewalk
872.0,133.9424,3.0414,-0.76794,0.0,-0.06981,164.0604,0.9081,stand_8,330.0175,0.0,-0.06981,0.0,-0.06981,Sidewalk
872.5,133.9424,3.0414,-0.80285,0.0,-0.06981,164.0604,0.9081,stand_8,330.0175,0.0,-0.06981,0.0,-0.06981,Sidewalk
873.0,133.9424,3.0414,-0.83776,0.0,-0.06981,164.0604,0.9081,stand_8,330.0175,0.0,-0.06981,0.0,-0.06981,Sidewalk
873.5,133.9424,3.0414,-0.87266,0.0,-0.06981,164.0604,0.9081,stand_8,330.0175,0.0,-0.06981,0.0,-0.06981,Sidewalk
874.0,133.9424,3.0414,-0.90757,0.0,-0.06981,164.0604,0.9081,stand_8,330.0175,0.0,-0.06981,0.0,-0.06981,Sidewalk
874.5,133.9424,3.0414,-0.94248,0.0,-0.06981,164.0604,0.9081,stand_8,330.0175,0.0,-0.06981,0.0,-0.06981,Sidewalk
875.0,133.9424,3.0414,-0.97738,0.0,-0.06981,164.0604,0.9081,stand_8,330.0175,0.0,-0.06981,0.0,-0.06981,Sidewalk
875.5,133.9424,3.0414,-1.01229,0.0,-0.06981,164.0604,0.9081,stand_8,330.0175,0.0,-0.06981,0.0,-0.06981,Sidewalk
876.0,133.9424,3.0414,-1.0472,0.0,-0.06981,164.0604,0.9081,stand_8,330.0175,0.0,-0.06981,0.0,-0.06981,Sidewalk
876.5,133.9424,3.0414,-1.0821,0.0,-0.06981,164.0604,0.9081,stand_8,330.0175,0.0,-0.06981,0.0,-0.06981,Sidewalk
877.0,133.9424,3.0414,-1.11701,0.0,-0.06981,164.0604,0.9081,stand_8,330.0175,0.0,-0.06981,0.0,-0.06981,Sidewalk
877.5,133.9424,3.0414,-1.15192,0.0,-0.06981,164.0604,0.9081,stand_8,330.0175,0.0,-0.06981,0.0,-0.06981,Sidewalk
878.0,133.9424,3.0414,-1.18682,0.0,-0.06981,164.0604,0.9081,stand_8,330.0175,0.0,-0.06981,0.0,-0.06981,Sidewalk
878.5,133.9424,3.0414,-1.22173,0.0,-0.06981,164.0604,0.9081,stand_8,330.0175,0.0,-0.06981,0.0,-0.06981,Sidewalk
879.0,133.9424,3.0414,-1.25664,0.0,-0.06981,164.0604,0.9081,stand_8,330.0175,0.0,-0.06981,0.0,-0.06981,Sidewalk
879.5,133.9424,3.0414,-1.29154,0.0,-0.06981,164.0604,0.9081,stand_8,330.0175,0.0,-0.06981,0.0,-0.06981,Sidewalk
880.0,133.9424,3.0414,-1.32645,0.0,-0.06981,164.0604,0.9081,stand_8,330.0175,0.0,-0.06981,0.0,-0.06981,Sidewalk
880.5,133.9424,3.0414,-1.36136,0.0,-0.06981,164.0604,0.9081,stand_8,330.0175,0.0,-0.06981,0.0,-0.06981,Sidewalk
881.0,133.9424,3.0414,-1.39626,0.0,-0.06981,164.0604,0.9081,stand_8,330.0175,0.0,-0.06981,0.0,-0.06981,Sidewalk
881.5,133.9424,3.0414,-1.43117,0.0,-0.06981,164.0604,0.9081,stand_8,330.0175,0.0,-0.06981,0.0,-0.06981,Sidewalk
882.0,133.9424,3.0414,-1.46608,0.0,-0.06981,164.0604,0.9081,stand_8,330.0175,0.0,-0.06981,0.0,-0.06981,Sidewalk
882.5,133.9424,3.0414,-1.50098,0.0,-0.06981,164.0604,0.9081,stand_8,330.0175,0.0,-0.06981,0.0,-0.06981,Sidewalk
883.0,133.9424,3.0414,-1.53589,0.0,-0.06981,164.0604,0.9081,stand_8,330.0175,0.0,-0.06981,0.0,-0.06981,Sidewalk
883.5,133.9424,3.0414,-1.5708,0.0,-0.06981,164.0604,0.9081,stand_8,330.0175,0.0,-0.06981,0.0,-0.06981,Sidewalk
884.0,133.9424,3.0414,-1.6057,0.0,-0.06981,164.0604,0.9081,stand_8,330.0175,0.0,-0.06981,0.0,-0.06981,Sidewalk
884.5,133.9424,3.0414,-1.64061,0.0,-0.06981,164.0604,0.9081,stand_8,330.0175,0.0,-0.06981,0.0,-0.06981,Sidewalk
885.0,133.9424,3.0414,-1.67552,0.0,-0.06981,164.0604,0.9081,stand_8,330.0175,0.0,-0.06981,0.0,-0.06981,Sidewalk
885.5,133.9424,3.0414,-1.71042,0.0,-0.06981,164.0604,0.9081,stand_8,330.0176,0.0,-0.06981,0.0,-0.06981,Sidewalk
886.0,133.9424,3.0414,-1.74533,0.0,-0.06981,164.0604,0.9081,stand_8,330.0176,0.0,-0.06981,0.0,-0.06981,Sidewalk
886.5,133.9424,3.0414,-1.78024,0.0,-0.06981,164.0604,0.9081,stand_8,330.0176,0.0,-0.06981,0.0,-0.06981,Sidewalk
887.0,133.9424,3.0414,-1.81514,0.0,-0.06981,164.0604,0.9081,stand_8,330.0176,0.0,-0.06981,0.0,-0.06981,Sidewalk
887.5,133.9424,3.0414,-1.85005,0.0,-0.06981,164.0604,0.9081,stand_8,330.0176,0.0,-0.06981,0.0,-0.06981,Sidewalk
888.0,133.9424,3.0414,-1.88496,0.0,-0.06981,164.0604,0.9081,stand_8,330.0176,0.0,-0.06981,0.0,-0.06981,Sidewalk
888.5,133.9424,3.0414,-1.91986,0.0,-0.06981,164.0604,0.9081,stand_8,330.0176,0.0,-0.06981,0.0,-0.06981,Sidewalk
889.0,133.9424,3.0414,-1.95477,0.0,-0.06981,164.0604,0.9081,stand_8,330.0176,0.0,-0.06981,0.0,-0.06981,Sidewalk
889.5,133.9424,3.0414,-1.98968,0.0,-0.06981,164.0604,0.9081,stand_8,330.0176,0.0,-0.06981,0.0,-0.06981,Sidewalk
890.0,133.9424,3.0414,-2.02458,0.0,-0.06981,164.0604,0.9081,stand_8,330.0176,0.0,-0.06981,0.0,-0.06981,Sidewalk
890.5,133.9424,3.0414,-2.05949,0.0,-0.06981,164.0604,0.9081,stand_8,330.0176,0.0,-0.06981,0.0,-0.06981,Sidewalk
891.0,133.9424,3.0414,-2.0944,0.0,-0.06981,164.0604,0.9081,stand_8,330.0176,0.0,-0.06981,0.0,-0.06981,Sidewalk
891.5,133.9424,3.0414,-2.1293,0.0,-0.06981,164.0604,0.9081,stand_8,330.0176,0.0,-0.06981,0.0,-0.06981,Sidewalk
892.0,133.9424,3.0414,-2.16421,0.0,-0.06981,164.0604,0.9081,stand_8,330.0176,0.0,-0.06981,0.0,-0.06981,Sidewalk
892.5,133.9424,3.0414,-2.19911,0.0,-0.06981,164.0604,0.9081,stand_8,330.0176,0.0,-0.06981,0.0,-0.06981,Sidewalk
893.0,133.9424,3.0414,-2.23402,0.0,-0.06981,164.0604,0.9081,stand_8,330.0176,0.0,-0.06981,0.0,-0.06981,Sidewalk
893.5,133.9424,3.0414,-2.26893,0.0,-0.06981,164.0604,0.9081,stand_8,330.0176,0.0,-0.06981,0.0,-0.06981,Sidewalk
894.0,133.9424,3.0414,-2.30383,0.0,-0.06981,164.0604,0.9081,stand_8,330.0176,0.0,-0.06981,0.0,-0.06981,Sidewalk
894.5,133.9424,3.0414,-2.33874,0.0,-0.06981,164.0604,0.9081,stand_8,330.0176,0.0,-0.06981,0.0,-0.06981,Sidewalk
895.0,133.9424,3.0414,-2.37365,0.0,-0.06981,164.0604,0.9081,stand_8,330.0176,0.0,-0.06981,0.0,-0.06981,Sidewalk
895.5,133.9424,3.0414,-2.40855,0.0,-0.06981,164.0604,0.9081,stand_8,330.0176,0.0,-0.06981,0.0,-0.06981,Sidewalk
896.0,133.9424,3.0414,-2.44346,0.0,-0.06981,164.0604,0.9081,stand_8,330.0176,0.0,-0.06981,0.0,-0.06981,Sidewalk
896.5,133.9424,3.0414,-2.47837,0.0,-0.06981,164.0604,0.9081,stand_8,330.0176,0.0,-0.06981,0.0,-0.06981,Sidewalk
897.0,133.9424,3.0414,-2.51327,0.0,-0.06981,164.0604,0.908,stand_8,330.0176,0.0,-0.06981,0.0,-0.06981,Sidewalk
897.5,133.9424,3.0414,-2.54818,0.0,-0.06981,164.0604,0.908,stand_8,330.0176,0.0,-0.06981,0.0,-0.06981,Sidewalk
898.0,133.9424,3.0414,-2.58309,0.0,-0.06981,164.0604,0.908,stand_8,330.0176,0.0,-0.06981,0.0,-0.06981,Sidewalk
898.5,133.9424,3.0414,-2.61799,0.0,-0.06981,164.0604,0.908,stand_8,330.0176,0.0,-0.06981,0.0,-0.06981,Sidewalk
899.0,133.9424,3.0414,-2.6529,0.0,-0.06981,164.0604,0.908,stand_8,330.0176,0.0,-0.06981,0.0,-0.06981,Sidewalk
899.5,133.9424,3.0414,-2.68781,0.0,-0.06981,164.0604,0.908,stand_8,330.0176,0.0,-0.06981,0.0,-0.06981,Sidewalk
900.0,133.9424,3.0414,-2.72271,0.0,-0.06981,164.0604,0.908,stand_8,330.0176,0.0,-0.06981,0.0,-0.06981,Sidewalk
900.5,133.9424,3.0414,-2.75762,0.0,-0.06981,164.0604,0.908,stand_8,330.0176,0.0,-0.06981,0.0,-0.06981,Sidewalk
