time,x,y,yaw,v,w,goal_distance,min_person_dist,closest_person,total_cost,action_linear_x,action_angular_z,observation_state_linear_x,observation_state_angular_z,observation_state_road_type
0.5,2.1999,3.993,-0.03491,0.4,-0.06981,295.8001,2.8002,walk_east_mid.0,590.6354,0.4,-0.06981,0.4,-0.06981,Sidewalk
1.0,2.5977,3.9512,-0.10472,0.8,-0.13963,295.4023,2.8395,walk_east_up.0,588.2533,0.8,-0.13963,0.8,-0.13963,Sidewalk
1.5,3.0631,3.8858,-0.13963,0.94,-0.06981,294.9369,2.7956,walk_east_up.0,586.7391,0.94,-0.06981,0.94,-0.06981,Sidewalk
2.0,3.5285,3.8204,-0.13963,0.94,-0.0,294.4715,2.7574,walk_east_up.0,585.5145,0.94,-0.0,0.94,-0.0,Sidewalk
2.5,3.9914,3.7388,-0.17453,0.94,-0.06981,294.0087,2.7271,walk_east_up.0,584.4273,0.94,-0.06981,0.94,-0.06981,Sidewalk
3.0,4.4543,3.6572,-0.17453,0.94,-0.0,293.5459,2.694,walk_east_up.0,583.4167,0.94,-0.0,0.94,-0.0,Sidewalk
3.5,4.9197,3.5917,-0.13963,0.94,0.06981,293.0806,2.6725,walk_east_up.0,582.7358,0.94,0.06981,0.94,0.06981,Sidewalk
4.0,5.3851,3.5263,-0.13963,0.94,-0.0,292.6153,2.6055,walk_east_up.0,581.5089,0.94,-0.0,0.94,-0.0,Sidewalk
4.5,5.8525,3.4772,-0.10472,0.94,0.06981,292.1479,2.5242,walk_east_up.0,580.8224,0.94,0.06981,0.94,0.06981,Sidewalk
5.0,6.32,3.4281,-0.10472,0.94,-0.0,291.6806,2.5035,walk_east_up.0,579.63,0.94,-0.0,0.94,-0.0,Sidewalk
5.5,6.7888,3.3953,-0.06981,0.94,0.06981,291.2118,2.4284,walk_east_up.0,578.9212,0.94,0.06981,0.94,0.06981,Sidewalk
6.0,7.2577,3.3625,-0.06981,0.94,-0.0,290.743,2.3853,walk_east_up.0,577.7649,0.94,-0.0,0.94,-0.0,Sidewalk
6.5,7.7274,3.3461,-0.03491,0.94,0.06981,290.2734,2.3341,walk_east_up.0,577.0548,0.94,0.06981,0.94,0.06981,Sidewalk
7.0,8.1971,3.3297,-0.03491,0.94,-0.0,289.8037,2.2882,walk_east_up.0,575.9076,0.94,-0.0,0.94,-0.0,Sidewalk
7.5,8.6671,3.3297,-0.0,0.94,0.06981,289.3337,2.2231,walk_east_up.0,575.2496,0.94,0.06981,0.94,0.06981,Sidewalk
8.0,9.1371,3.3297,-0.0,0.94,-0.0,288.8637,2.1419,walk_east_up.0,574.0634,0.94,-0.0,0.94,-0.0,Sidewalk
8.5,9.6068,3.3461,0.03491,0.94,0.06981,288.3939,2.0798,walk_east_up.0,573.4689,0.94,0.06981,0.94,0.06981,Sidewalk
9.0,10.0765,3.3625,0.03491,0.94,-0.0,287.9242,1.9959,walk_east_up.0,572.284,0.94,-0.0,0.94,-0.0,Sidewalk
9.5,10.5465,3.3625,-0.0,0.94,-0.06981,287.4542,1.9068,walk_east_up.0,571.2554,0.94,-0.06981,0.94,-0.06981,Sidewalk
10.0,11.0165,3.3625,-0.0,0.94,-0.0,286.9842,1.8145,walk_east_up.0,570.3413,0.94,-0.0,0.94,-0.0,Sidewalk
10.5,11.4762,3.3465,-0.03491,0.92,-0.06981,286.5245,1.7889,walk_east_up.0,569.5172,0.92,-0.06981,0.92,-0.06981,Sidewalk
11.0,11.946,3.33,-0.03491,0.94,-0.0,286.0548,1.7418,walk_east_up.0,568.4331,0.94,-0.0,0.94,-0.0,Sidewalk
11.5,12.416,3.33,-0.0,0.94,0.06981,285.5848,1.6936,walk_east_up.0,567.6054,0.94,0.06981,0.94,0.06981,Sidewalk
12.0,12.886,3.33,-0.0,0.94,-0.0,285.1148,1.64,walk_east_up.0,566.5842,0.94,-0.0,0.94,-0.0,Sidewalk
12.5,13.3557,3.3465,0.03491,0.94,0.06981,284.6451,1.5647,walk_east_up.0,565.7936,0.94,0.06981,0.94,0.06981,Sidewalk
13.0,13.8254,3.3629,0.03491,0.94,-0.0,284.1753,1.5193,walk_east_up.0,564.7535,0.94,-0.0,0.94,-0.0,Sidewalk
13.5,14.2954,3.3629,-0.0,0.94,-0.06981,283.7053,1.486,walk_east_up.0,563.8224,0.94,-0.06981,0.94,-0.06981,Sidewalk
14.0,14.7654,3.3629,-0.0,0.94,-0.0,283.2353,1.4605,walk_east_up.0,562.8461,0.94,-0.0,0.94,-0.0,Sidewalk
14.5,15.2351,3.3793,0.03491,0.94,0.06981,282.7656,1.4045,walk_east_up.0,562.0169,0.94,0.06981,0.94,0.06981,Sidewalk
15.0,15.7048,3.3957,0.03491,0.94,-0.0,282.2958,1.3582,walk_east_up.0,561.0258,0.94,-0.0,0.94,-0.0,Sidewalk
15.5,16.1748,3.3957,-0.0,0.94,-0.06981,281.8258,1.3243,walk_east_up.0,560.0992,0.94,-0.06981,0.94,-0.06981,Sidewalk
16.0,16.6448,3.3957,-0.0,0.94,-0.0,281.3558,1.3116,walk_east_up.0,559.1059,0.94,-0.0,0.94,-0.0,Sidewalk
16.5,17.1145,3.3793,-0.03491,0.94,-0.06981,280.8862,1.3185,walk_east_up.0,558.2487,0.94,-0.06981,0.94,-0.06981,Sidewalk
17.0,17.5842,3.3629,-0.03491,0.94,-0.0,280.4165,1.3264,walk_east_up.0,557.223,0.94,-0.0,0.94,-0.0,Sidewalk
17.5,18.0542,3.3629,-0.0,0.94,0.06981,279.9465,1.3225,walk_east_up.0,556.308,0.94,0.06981,0.94,0.06981,Sidewalk
18.0,18.5242,3.3629,-0.0,0.94,-0.0,279.4765,1.3225,walk_east_up.0,555.3375,0.94,-0.0,0.94,-0.0,Sidewalk
18.5,18.994,3.3793,0.03491,0.94,0.06981,279.0067,1.3151,walk_east_up.0,554.4502,0.94,0.06981,0.94,0.06981,Sidewalk
19.0,19.4637,3.3957,0.03491,0.94,-0.0,278.537,1.3143,walk_east_up.0,553.4597,0.94,-0.0,0.94,-0.0,Sidewalk
19.5,19.9337,3.3957,-0.0,0.94,-0.06981,278.067,1.3384,walk_east_up.0,552.5573,0.94,-0.06981,0.94,-0.06981,Sidewalk
20.0,20.4037,3.3957,-0.0,0.94,-0.0,277.597,1.3544,walk_east_up.0,551.5392,0.94,-0.0,0.94,-0.0,Sidewalk
20.5,20.8734,3.4121,0.03491,0.94,0.06981,277.1272,1.3766,walk_east_up.0,550.6222,0.94,0.06981,0.94,0.06981,Sidewalk
21.0,21.3431,3.4285,0.03491,0.94,-0.0,276.6575,1.4109,walk_east_up.0,549.5972,0.94,-0.0,0.94,-0.0,Sidewalk
21.5,21.8131,3.4285,-0.0,0.94,-0.06981,276.1875,1.4355,walk_east_up.0,548.698,0.94,-0.06981,0.94,-0.06981,Sidewalk
22.0,22.2831,3.4285,-0.0,0.94,-0.0,275.7175,1.4946,walk_east_up.0,547.6481,0.94,-0.0,0.94,-0.0,Sidewalk
22.5,22.7528,3.4449,0.03491,0.94,0.06981,275.2478,1.5196,walk_east_up.0,546.7357,0.94,0.06981,0.94,0.06981,Sidewalk
23.0,23.2225,3.4613,0.03491,0.94,-0.0,274.778,1.5616,walk_east_up.0,545.7123,0.94,-0.0,0.94,-0.0,Sidewalk
23.5,23.6925,3.4613,-0.0,0.94,-0.06981,274.308,1.635,walk_east_up.0,544.7856,0.94,-0.06981,0.94,-0.06981,Sidewalk
24.0,24.1625,3.4613,-0.0,0.94,-0.0,273.838,1.67,walk_east_up.0,543.7649,0.94,-0.0,0.94,-0.0,Sidewalk
24.5,24.6322,3.4777,0.03491,0.94,0.06981,273.3683,1.7169,walk_east_up.0,542.8465,0.94,0.06981,0.94,0.06981,Sidewalk
25.0,25.102,3.4941,0.03491,0.94,-0.0,272.8985,1.7964,walk_east_up.0,541.812,0.94,-0.0,0.94,-0.0,Sidewalk
25.5,25.572,3.4941,-0.0,0.94,-0.06981,272.4285,1.8617,walk_east_up.0,540.9024,0.94,-0.06981,0.94,-0.06981,Sidewalk
26.0,26.042,3.4941,-0.0,0.94,-0.0,271.9585,1.9586,walk_east_up.0,539.8633,0.94,-0.0,0.94,-0.0,Sidewalk
26.5,26.5117,3.5105,0.03491,0.94,0.06981,271.4888,2.0348,walk_east_up.0,538.9444,0.94,0.06981,0.94,0.06981,Sidewalk
27.0,26.9814,3.5269,0.03491,0.94,-0.0,271.019,2.1128,walk_east_up.0,537.9238,0.94,-0.0,0.94,-0.0,Sidewalk
27.5,27.4514,3.5269,-0.0,0.94,-0.06981,270.549,2.2209,walk_east_up.0,537.0106,0.94,-0.06981,0.94,-0.06981,Sidewalk
28.0,27.9214,3.5269,-0.0,0.94,-0.0,270.079,2.2808,walk_east_up.0,535.996,0.94,-0.0,0.94,-0.0,Sidewalk
28.5,28.3911,3.5433,0.03491,0.94,0.06981,269.6093,2.3794,walk_east_up.0,535.0817,0.94,0.06981,0.94,0.06981,Sidewalk
29.0,28.8608,3.5597,0.03491,0.94,-0.0,269.1396,2.432,walk_east_up.0,534.0745,0.94,-0.0,0.94,-0.0,Sidewalk
29.5,29.3308,3.5597,-0.0,0.94,-0.06981,268.6696,2.4947,walk_east_up.0,533.179,0.94,-0.06981,0.94,-0.06981,Sidewalk
30.0,29.8008,3.5597,-0.0,0.94,-0.0,268.1996,2.614,walk_east_up.0,532.1575,0.94,-0.0,0.94,-0.0,Sidewalk
30.5,30.2705,3.5761,0.03491,0.94,0.06981,267.7298,2.6742,walk_east_up.0,531.2582,0.94,0.06981,0.94,0.06981,Sidewalk
31.0,30.7402,3.5925,0.03491,0.94,-0.0,267.2601,2.7238,walk_east_up.0,530.2538,0.94,-0.0,0.94,-0.0,Sidewalk
31.5,31.2102,3.5925,-0.0,0.94,-0.06981,266.7901,2.7951,walk_east_up.0,529.3591,0.94,-0.06981,0.94,-0.06981,Sidewalk
32.0,31.6802,3.5925,-0.0,0.94,-0.0,266.3201,2.8946,walk_east_up.0,528.3469,0.94,-0.0,0.94,-0.0,Sidewalk
32.5,32.1499,3.6089,0.03491,0.94,0.06981,265.8503,2.9944,walk_east_up.0,527.4456,0.94,0.06981,0.94,0.06981,Sidewalk
33.0,32.6197,3.6253,0.03491,0.94,-0.0,265.3806,3.0771,walk_east_up.0,526.4382,0.94,-0.0,0.94,-0.0,Sidewalk
33.5,33.0897,3.6253,-0.0,0.94,-0.06981,264.9106,3.191,walk_east_up.0,525.54,0.94,-0.06981,0.94,-0.06981,Sidewalk
34.0,33.5597,3.6253,-0.0,0.94,-0.0,264.4406,3.2814,walk_east_up.0,524.5338,0.94,-0.0,0.94,-0.0,Sidewalk
34.5,34.0294,3.6417,0.03491,0.94,0.06981,263.9709,3.3818,walk_east_up.0,523.6373,0.94,0.06981,0.94,0.06981,Sidewalk
35.0,34.4991,3.6581,0.03491,0.94,-0.0,263.5011,3.4281,walk_east_up.0,522.6356,0.94,-0.0,0.94,-0.0,Sidewalk
35.5,34.9691,3.6581,-0.0,0.94,-0.06981,263.0311,3.4958,walk_east_up.0,521.7439,0.94,-0.06981,0.94,-0.06981,Sidewalk
36.0,35.4391,3.6581,-0.0,0.94,-0.0,262.5611,3.5496,walk_east_up.0,520.7439,0.94,-0.0,0.94,-0.0,Sidewalk
36.5,35.9088,3.6745,0.03491,0.94,0.06981,262.0914,3.5594,walk_east_dn.1,519.8589,0.94,0.06981,0.94,0.06981,Sidewalk
37.0,36.3785,3.6909,0.03491,0.94,-0.0,261.6217,3.3905,walk_east_dn.1,518.8784,0.94,-0.0,0.94,-0.0,Sidewalk
37.5,36.8485,3.6909,-0.0,0.94,-0.06981,261.1517,3.0899,walk_east_dn.1,518.0279,0.94,-0.06981,0.94,-0.06981,Sidewalk
38.0,37.3185,3.6909,-0.0,0.94,-0.0,260.6817,2.91,walk_east_dn.1,517.0593,0.94,-0.0,0.94,-0.0,Sidewalk
38.5,37.7882,3.7073,0.03491,0.94,0.06981,260.2119,2.6687,walk_east_dn.1,516.2167,0.94,0.06981,0.94,0.06981,Sidewalk
39.0,38.2579,3.7237,0.03491,0.94,-0.0,259.7422,2.4078,walk_east_dn.1,515.273,0.94,-0.0,0.94,-0.0,Sidewalk
39.5,38.7279,3.7237,-0.0,0.94,-0.06981,259.2722,2.2315,walk_east_dn.1,514.4314,0.94,-0.06981,0.94,-0.06981,Sidewalk
40.0,39.1979,3.7237,-0.0,0.94,-0.0,258.8022,1.9841,walk_east_dn.1,513.5193,0.94,-0.0,0.94,-0.0,Sidewalk
40.5,39.6677,3.7401,0.03491,0.94,0.06981,258.3325,1.7008,walk_east_dn.1,512.7684,0.94,0.06981,0.94,0.06981,Sidewalk
41.0,40.1374,3.7565,0.03491,0.94,-0.0,257.8627,1.4072,walk_east_dn.1,511.9824,0.94,-0.0,0.94,-0.0,Sidewalk
41.5,40.6074,3.7565,-0.0,0.94,-0.06981,257.3927,1.1024,walk_east_dn.1,511.5033,0.94,-0.06981,0.94,-0.06981,Sidewalk
42.0,41.0774,3.7565,-0.0,0.94,-0.0,256.9227,0.8157,walk_east_dn.1,511.4441,0.94,-0.0,0.94,-0.0,Sidewalk
42.5,41.5448,3.8056,0.10472,0.94,0.20944,256.4553,0.6235,walk_east_dn.1,512.979,0.94,0.20944,0.94,0.20944,Sidewalk
43.0,42.0077,3.8873,0.17453,0.94,0.13963,255.9924,0.5831,walk_east_dn.1,512.8909,0.94,0.13963,0.94,0.13963,Sidewalk
43.5,42.4674,3.985,0.20944,0.94,0.06981,255.5326,0.6404,walk_east_dn.1,510.5922,0.94,0.06981,0.94,0.06981,Sidewalk
44.0,42.9271,4.0827,0.20944,0.94,-0.0,255.0729,0.8003,walk_east_dn.1,507.9454,0.94,-0.0,0.94,-0.0,Sidewalk
44.5,43.39,4.1643,0.17453,0.94,-0.06981,254.6101,1.0275,walk_east_dn.1,506.4727,0.94,-0.06981,0.94,-0.06981,Sidewalk
45.0,43.8528,4.2459,0.17453,0.94,-0.0,254.1473,1.2113,walk_east_dn.1,505.1799,0.94,-0.0,0.94,-0.0,Sidewalk
45.5,44.3183,4.3113,0.13963,0.94,-0.06981,253.6819,1.3734,walk_east_mid.1,504.1605,0.94,-0.06981,0.94,-0.06981,Sidewalk
46.0,44.7837,4.3768,0.13963,0.94,-0.0,253.2166,1.5777,walk_east_mid.1,502.9923,0.94,-0.0,0.94,-0.0,Sidewalk
46.5,45.2511,4.4259,0.10472,0.94,-0.06981,252.7492,1.4826,walk_east_mid.1,502.1448,0.94,-0.06981,0.94,-0.06981,Sidewalk
47.0,45.7185,4.475,0.10472,0.94,-0.0,252.2819,1.5767,walk_east_mid.1,500.9812,0.94,-0.0,0.94,-0.0,Sidewalk
47.5,46.1874,4.5078,0.06981,0.94,-0.06981,251.8131,1.3538,walk_east_mid.1,500.2833,0.94,-0.06981,0.94,-0.06981,Sidewalk
48.0,46.6562,4.5406,0.06981,0.94,-0.0,251.3443,1.6157,walk_east_mid.1,499.0406,0.94,-0.0,0.94,-0.0,Sidewalk
48.5,47.126,4.557,0.03491,0.94,-0.06981,250.8747,1.5128,walk_east_mid.1,498.5651,0.94,-0.06981,0.94,-0.06981,Sidewalk
49.0,47.5957,4.5734,0.03491,0.94,-0.0,250.405,1.6462,walk_east_mid.1,497.1643,0.94,-0.0,0.94,-0.0,Sidewalk
49.5,48.0657,4.5734,-0.0,0.94,-0.06981,249.935,1.45,walk_east_mid.1,496.4765,0.94,-0.06981,0.94,-0.06981,Sidewalk
50.0,48.5357,4.5734,-0.0,0.94,-0.0,249.465,1.5579,walk_east_mid.1,495.146,0.94,-0.0,0.94,-0.0,Sidewalk
50.5,49.0054,4.557,-0.03491,0.94,-0.06981,248.9952,1.3419,walk_east_mid.1,494.3908,0.94,-0.06981,0.94,-0.06981,Sidewalk
51.0,49.4751,4.5406,-0.03491,0.94,-0.0,248.5255,1.5844,walk_east_mid.1,493.1917,0.94,-0.0,0.94,-0.0,Sidewalk
51.5,49.9451,4.5406,-0.0,0.94,0.06981,248.0555,1.4658,walk_east_mid.1,492.4031,0.94,0.06981,0.94,0.06981,Sidewalk
52.0,50.4151,4.5406,-0.0,0.94,-0.0,247.5855,1.6627,walk_east_mid.1,491.2644,0.94,-0.0,0.94,-0.0,Sidewalk
52.5,50.8848,4.5242,-0.03491,0.94,-0.06981,247.1157,1.5193,walk_east_mid.1,490.4689,0.94,-0.06981,0.94,-0.06981,Sidewalk
53.0,51.3545,4.5078,-0.03491,0.94,-0.0,246.646,1.6514,walk_east_mid.1,489.3859,0.94,-0.0,0.94,-0.0,Sidewalk
53.5,51.8245,4.5078,-0.0,0.94,0.06981,246.176,1.4736,walk_east_mid.1,488.6327,0.94,0.06981,0.94,0.06981,Sidewalk
54.0,52.2945,4.5078,-0.0,0.94,-0.0,245.706,1.6136,walk_east_mid.1,487.5317,0.94,-0.0,0.94,-0.0,Sidewalk
54.5,52.7642,4.4914,-0.03491,0.94,-0.06981,245.2363,1.3792,walk_east_mid.1,486.8285,0.94,-0.06981,0.94,-0.06981,Sidewalk
55.0,53.234,4.475,-0.03491,0.94,-0.0,244.7665,1.6174,walk_east_mid.1,485.6447,0.94,-0.0,0.94,-0.0,Sidewalk
55.5,53.704,4.475,-0.0,0.94,0.06981,244.2965,1.3929,walk_east_mid.1,484.9409,0.94,0.06981,0.94,0.06981,Sidewalk
56.0,54.174,4.475,-0.0,0.94,-0.0,243.8265,1.6413,walk_east_mid.1,483.7514,0.94,-0.0,0.94,-0.0,Sidewalk
56.5,54.6437,4.4586,-0.03491,0.94,-0.06981,243.3568,1.4267,walk_east_mid.1,483.022,0.94,-0.06981,0.94,-0.06981,Sidewalk
57.0,55.1134,4.4422,-0.03491,0.94,-0.0,242.887,1.5495,walk_east_mid.1,481.9285,0.94,-0.0,0.94,-0.0,Sidewalk
57.5,55.5834,4.4422,-0.0,0.94,0.06981,242.417,1.4311,walk_east_mid.1,481.1421,0.94,0.06981,0.94,0.06981,Sidewalk
58.0,56.0534,4.4422,-0.0,0.94,-0.0,241.947,1.6214,walk_east_mid.1,480.0013,0.94,-0.0,0.94,-0.0,Sidewalk
58.5,56.5231,4.4258,-0.03491,0.94,-0.06981,241.4773,1.5067,walk_east_mid.1,479.1938,0.94,-0.06981,0.94,-0.06981,Sidewalk
59.0,56.9928,4.4094,-0.03491,0.94,-0.0,241.0075,1.6199,walk_east_mid.1,478.1188,0.94,-0.0,0.94,-0.0,Sidewalk
59.5,57.4628,4.4094,-0.0,0.94,0.06981,240.5375,1.5137,walk_east_mid.1,477.3107,0.94,0.06981,0.94,0.06981,Sidewalk
60.0,57.9328,4.4094,-0.0,0.94,-0.0,240.0675,1.5941,walk_east_mid.1,476.2568,0.94,-0.0,0.94,-0.0,Sidewalk
60.5,58.4025,4.393,-0.03491,0.94,-0.06981,239.5978,1.4531,walk_east_mid.1,475.4765,0.94,-0.06981,0.94,-0.06981,Sidewalk
61.0,58.8722,4.3766,-0.03491,0.94,-0.0,239.1281,1.5373,walk_east_mid.1,474.4137,0.94,-0.0,0.94,-0.0,Sidewalk
61.5,59.3422,4.3766,-0.0,0.94,0.06981,238.6581,1.4062,walk_east_mid.1,473.6389,0.94,0.06981,0.94,0.06981,Sidewalk
62.0,59.8122,4.3766,-0.0,0.94,-0.0,238.1881,1.5709,walk_east_mid.1,472.5105,0.94,-0.0,0.94,-0.0,Sidewalk
62.5,60.282,4.3602,-0.03491,0.94,-0.06981,237.7183,1.4598,walk_east_mid.1,471.7101,0.94,-0.06981,0.94,-0.06981,Sidewalk
63.0,60.7517,4.3437,-0.03491,0.94,-0.0,237.2486,1.523,walk_east_mid.1,470.6629,0.94,-0.0,0.94,-0.0,Sidewalk
63.5,61.2217,4.3437,-0.0,0.94,0.06981,236.7786,1.32,walk_east_mid.1,469.9648,0.94,0.06981,0.94,0.06981,Sidewalk
64.0,61.6917,4.3437,-0.0,0.94,-0.0,236.3086,1.5347,walk_east_mid.1,468.7746,0.94,-0.0,0.94,-0.0,Sidewalk
64.5,62.1614,4.3273,-0.03491,0.94,-0.06981,235.8388,1.3034,walk_east_mid.1,468.1047,0.94,-0.06981,0.94,-0.06981,Sidewalk
65.0,62.6311,4.3109,-0.03491,0.94,-0.0,235.3691,1.589,walk_east_mid.1,466.8547,0.94,-0.0,0.94,-0.0,Sidewalk
65.5,63.1011,4.3109,-0.0,0.94,0.06981,234.8991,1.4218,walk_east_mid.1,466.0996,0.94,0.06981,0.94,0.06981,Sidewalk
66.0,63.5711,4.3109,-0.0,0.94,-0.0,234.4291,1.4899,walk_east_mid.1,465.0474,0.94,-0.0,0.94,-0.0,Sidewalk
66.5,64.0408,4.2945,-0.03491,0.94,-0.06981,233.9594,1.25,walk_east_mid.1,464.4105,0.94,-0.06981,0.94,-0.06981,Sidewalk
67.0,64.5105,4.2781,-0.03491,0.94,-0.0,233.4896,1.5994,walk_east_mid.1,463.0869,0.94,-0.0,0.94,-0.0,Sidewalk
67.5,64.9805,4.2781,-0.0,0.94,0.06981,233.0196,1.4019,walk_east_mid.1,462.356,0.94,0.06981,0.94,0.06981,Sidewalk
68.0,65.4505,4.2781,-0.0,0.94,-0.0,232.5496,1.5308,walk_east_mid.1,461.2547,0.94,-0.0,0.94,-0.0,Sidewalk
68.5,65.9202,4.2617,-0.03491,0.94,-0.06981,232.0799,1.3376,walk_east_mid.1,460.5462,0.94,-0.06981,0.94,-0.06981,Sidewalk
69.0,66.3899,4.2453,-0.03491,0.94,-0.0,231.6102,1.5171,walk_east_mid.1,459.3846,0.94,-0.0,0.94,-0.0,Sidewalk
69.5,66.8599,4.2453,-0.0,0.94,0.06981,231.1402,1.3123,walk_east_mid.1,458.6874,0.94,0.06981,0.94,0.06981,Sidewalk
70.0,67.3299,4.2453,-0.0,0.94,-0.0,230.6702,1.5282,walk_east_mid.1,457.4956,0.94,-0.0,0.94,-0.0,Sidewalk
70.5,67.7997,4.2289,-0.03491,0.94,-0.06981,230.2005,1.306,walk_east_mid.1,456.8219,0.94,-0.06981,0.94,-0.06981,Sidewalk
71.0,68.2694,4.2125,-0.03491,0.94,-0.0,229.7307,1.5162,walk_east_mid.1,455.6249,0.94,-0.0,0.94,-0.0,Sidewalk
71.5,68.7394,4.2125,-0.0,0.94,0.06981,229.2607,1.3094,walk_east_mid.1,454.9291,0.94,0.06981,0.94,0.06981,Sidewalk
72.0,69.2094,4.2125,-0.0,0.94,-0.0,228.7907,1.5069,walk_east_mid.1,453.7511,0.94,-0.0,0.94,-0.0,Sidewalk
72.5,69.6791,4.1961,-0.03491,0.94,-0.06981,228.321,1.2762,walk_east_mid.1,453.0981,0.94,-0.06981,0.94,-0.06981,Sidewalk
73.0,70.1488,4.1797,-0.03491,0.94,-0.0,227.8513,1.5828,walk_east_mid.1,451.8169,0.94,-0.0,0.94,-0.0,Sidewalk
73.5,70.6188,4.1797,-0.0,0.94,0.06981,227.3813,1.3754,walk_east_mid.1,451.0971,0.94,0.06981,0.94,0.06981,Sidewalk
74.0,71.0888,4.1797,-0.0,0.94,-0.0,226.9113,1.5171,walk_east_mid.1,449.9829,0.94,-0.0,0.94,-0.0,Sidewalk
74.5,71.5585,4.1633,-0.03491,0.94,-0.06981,226.4415,1.3396,walk_east_mid.1,449.2658,0.94,-0.06981,0.94,-0.06981,Sidewalk
75.0,72.0282,4.1469,-0.03491,0.94,-0.0,225.9718,1.568,walk_east_mid.1,448.0672,0.94,-0.0,0.94,-0.0,Sidewalk
75.5,72.4982,4.1469,-0.0,0.94,0.06981,225.5018,1.3824,walk_east_mid.1,447.3292,0.94,0.06981,0.94,0.06981,Sidewalk
76.0,72.9682,4.1469,-0.0,0.94,-0.0,225.0318,1.4895,walk_east_mid.1,446.2442,0.94,-0.0,0.94,-0.0,Sidewalk
76.5,73.4379,4.1305,-0.03491,0.94,-0.06981,224.5621,1.3245,walk_east_mid.1,445.5234,0.94,-0.06981,0.94,-0.06981,Sidewalk
77.0,73.9077,4.1141,-0.03491,0.94,-0.0,224.0924,1.5359,walk_east_mid.1,444.3306,0.94,-0.0,0.94,-0.0,Sidewalk
77.5,74.3777,4.1141,-0.0,0.94,0.06981,223.6224,1.4279,walk_east_mid.1,443.5256,0.94,0.06981,0.94,0.06981,Sidewalk
78.0,74.8477,4.1141,-0.0,0.94,-0.0,223.1524,1.4707,walk_east_mid.1,442.4996,0.94,-0.0,0.94,-0.0,Sidewalk
78.5,75.3174,4.0977,-0.03491,0.94,-0.06981,222.6827,1.3626,walk_east_mid.1,441.7242,0.94,-0.06981,0.94,-0.06981,Sidewalk
79.0,75.7871,4.0813,-0.03491,0.94,-0.0,222.2129,1.5094,walk_east_mid.1,440.5913,0.94,-0.0,0.94,-0.0,Sidewalk
79.5,76.2571,4.0813,-0.0,0.94,0.06981,221.7429,1.3623,walk_east_mid.1,439.8282,0.94,0.06981,0.94,0.06981,Sidewalk
80.0,76.7271,4.0813,-0.0,0.94,-0.0,221.2729,1.446,walk_east_mid.1,438.7609,0.94,-0.0,0.94,-0.0,Sidewalk
80.5,77.1968,4.0649,-0.03491,0.94,-0.06981,220.8032,1.2673,walk_east_mid.1,438.0742,0.94,-0.06981,0.94,-0.06981,Sidewalk
81.0,77.6665,4.0485,-0.03491,0.94,-0.0,220.3335,1.5673,walk_east_mid.1,436.7898,0.94,-0.0,0.94,-0.0,Sidewalk
81.5,78.1365,4.0485,-0.0,0.94,0.06981,219.8635,1.382,walk_east_mid.1,436.0482,0.94,0.06981,0.94,0.06981,Sidewalk
82.0,78.6065,4.0485,-0.0,0.94,-0.0,219.3935,1.4853,walk_east_mid.1,434.9686,0.94,-0.0,0.94,-0.0,Sidewalk
82.5,79.0762,4.0321,-0.03491,0.94,-0.06981,218.9238,1.2783,walk_east_mid.1,434.3024,0.94,-0.06981,0.94,-0.06981,Sidewalk
83.0,79.5459,4.0157,-0.03491,0.94,-0.0,218.4541,1.5692,walk_east_mid.1,433.0297,0.94,-0.0,0.94,-0.0,Sidewalk
83.5,80.0159,4.0157,-0.0,0.94,0.06981,217.9841,1.4079,walk_east_mid.1,432.2634,0.94,0.06981,0.94,0.06981,Sidewalk
84.0,80.4859,4.0157,-0.0,0.94,-0.0,217.5141,1.4596,walk_east_mid.1,431.2307,0.94,-0.0,0.94,-0.0,Sidewalk
84.5,80.9557,3.9993,-0.03491,0.94,-0.06981,217.0443,1.5572,walk_east_mid.1,430.2839,0.94,-0.06981,0.94,-0.06981,Sidewalk
85.0,81.4254,3.9829,-0.03491,0.94,-0.0,216.5746,1.5649,walk_east_mid.1,429.2742,0.94,-0.0,0.94,-0.0,Sidewalk
85.5,81.8954,3.9829,-0.0,0.94,0.06981,216.1046,1.5409,walk_east_mid.1,428.3938,0.94,0.06981,0.94,0.06981,Sidewalk
86.0,82.3654,3.9829,-0.0,0.94,-0.0,215.6346,1.5021,walk_east_mid.1,427.4373,0.94,-0.0,0.94,-0.0,Sidewalk
86.5,82.8351,3.9993,0.03491,0.94,0.06981,215.1649,1.569,walk_east_mid.1,426.5168,0.94,0.06981,0.94,0.06981,Sidewalk
87.0,83.3048,4.0157,0.03491,0.94,-0.0,214.6952,1.5415,walk_east_mid.1,425.532,0.94,-0.0,0.94,-0.0,Sidewalk
87.5,83.7748,4.0157,-0.0,0.94,-0.06981,214.2252,1.5442,walk_east_mid.1,424.6326,0.94,-0.06981,0.94,-0.06981,Sidewalk
88.0,84.2448,4.0157,-0.0,0.94,-0.0,213.7552,1.4676,walk_east_mid.1,423.7062,0.94,-0.0,0.94,-0.0,Sidewalk
88.5,84.7145,3.9993,-0.03491,0.94,-0.06981,213.2855,1.5049,walk_east_mid.1,422.8051,0.94,-0.06981,0.94,-0.06981,Sidewalk
89.0,85.1842,3.9829,-0.03491,0.94,-0.0,212.8158,1.4975,walk_east_mid.1,421.8065,0.94,-0.0,0.94,-0.0,Sidewalk
89.5,85.6542,3.9829,-0.0,0.94,0.06981,212.3458,1.4604,walk_east_mid.1,420.9393,0.94,0.06981,0.94,0.06981,Sidewalk
90.0,86.1242,3.9829,-0.0,0.94,-0.0,211.8758,1.3325,walk_east_dn.2,420.0764,0.94,-0.0,0.94,-0.0,Sidewalk
90.5,86.5939,3.9993,0.03491,0.94,0.06981,211.4061,1.0946,walk_east_dn.2,419.5541,0.94,0.06981,0.94,0.06981,Sidewalk
91.0,87.0636,4.0157,0.03491,0.94,-0.0,210.9364,0.9593,walk_east_dn.2,418.8807,0.94,-0.0,0.94,-0.0,Sidewalk
91.5,87.5325,4.0485,0.06981,0.94,0.06981,210.4675,0.7931,walk_east_dn.2,418.7568,0.94,0.06981,0.94,0.06981,Sidewalk
92.0,88.0014,4.0813,0.06981,0.94,-0.0,209.9987,0.7482,walk_east_dn.2,418.0468,0.94,-0.0,0.94,-0.0,Sidewalk
92.5,88.4688,4.1304,0.10472,0.94,0.06981,209.5313,0.8003,walk_east_dn.2,416.8825,0.94,0.06981,0.94,0.06981,Sidewalk
93.0,88.9362,4.1795,0.10472,0.94,-0.0,209.0639,0.9355,walk_east_dn.2,415.4317,0.94,-0.0,0.94,-0.0,Sidewalk
93.5,89.4051,4.2123,0.06981,0.94,-0.06981,208.595,0.9172,walk_east_mid.1,414.3876,0.94,-0.06981,0.94,-0.06981,Sidewalk
94.0,89.8739,4.2451,0.06981,0.94,-0.0,208.1262,1.363,walk_east_dn.2,413.2519,0.94,-0.0,0.94,-0.0,Sidewalk
94.5,90.3413,4.2942,0.10472,0.94,0.06981,207.6589,1.2107,walk_east_mid.1,412.0702,0.94,0.06981,0.94,0.06981,Sidewalk
95.0,90.8088,4.3433,0.10472,0.94,-0.0,207.1915,1.5021,walk_east_mid.1,411.0118,0.94,-0.0,0.94,-0.0,Sidewalk
95.5,91.2742,4.4088,0.13963,0.94,0.06981,206.7262,1.3236,walk_east_mid.1,410.0064,0.94,0.06981,0.94,0.06981,Sidewalk
96.0,91.7396,4.4742,0.13963,0.94,-0.0,206.2609,1.5409,walk_east_mid.1,408.8713,0.94,-0.0,0.94,-0.0,Sidewalk
96.5,92.207,4.5233,0.10472,0.94,-0.06981,205.7936,1.4441,walk_east_mid.1,408.1686,0.94,-0.06981,0.94,-0.06981,Sidewalk
97.0,92.6745,4.5724,0.10472,0.94,-0.0,205.3263,1.5827,walk_east_mid.1,406.8482,0.94,-0.0,0.94,-0.0,Sidewalk
97.5,93.1433,4.6052,0.06981,0.94,-0.06981,204.8576,1.443,walk_east_mid.1,405.9948,0.94,-0.06981,0.94,-0.06981,Sidewalk
98.0,93.6122,4.638,0.06981,0.94,-0.0,204.3888,1.6161,walk_east_mid.1,404.9401,0.94,-0.0,0.94,-0.0,Sidewalk
98.5,94.0819,4.6544,0.03491,0.94,-0.06981,203.9192,1.4843,walk_east_mid.1,404.0929,0.94,-0.06981,0.94,-0.06981,Sidewalk
99.0,94.5516,4.6708,0.03491,0.94,-0.0,203.4495,1.6965,walk_east_mid.1,403.0021,0.94,-0.0,0.94,-0.0,Sidewalk
99.5,95.0216,4.6708,-0.0,0.94,-0.06981,202.9795,1.5295,walk_east_mid.1,402.1894,0.94,-0.06981,0.94,-0.06981,Sidewalk
100.0,95.4916,4.6708,-0.0,0.94,-0.0,202.5095,1.6019,walk_east_mid.1,401.1694,0.94,-0.0,0.94,-0.0,Sidewalk
100.5,95.9613,4.6544,-0.03491,0.94,-0.06981,202.0397,1.4358,walk_east_mid.1,400.3988,0.94,-0.06981,0.94,-0.06981,Sidewalk
101.0,96.431,4.638,-0.03491,0.94,-0.0,201.57,2.1432,walk_east_mid.2,399.0362,0.94,-0.0,0.94,-0.0,Sidewalk
101.5,96.901,4.638,-0.0,0.94,0.06981,201.1,11.3685,walk_south.1,397.7095,0.94,0.06981,0.94,0.06981,Sidewalk
102.0,97.371,4.638,-0.0,0.94,-0.0,200.63,11.3346,walk_south.1,396.7118,0.94,-0.0,0.94,-0.0,Sidewalk
102.5,97.8408,4.6216,-0.03491,0.94,-0.06981,200.1602,11.3051,walk_south.1,395.8204,0.94,-0.06981,0.94,-0.06981,Sidewalk
103.0,98.3105,4.6052,-0.03491,0.94,-0.0,199.6905,11.2463,walk_south.1,394.8349,0.94,-0.0,0.94,-0.0,Sidewalk
103.5,98.7805,4.6052,-0.0,0.94,0.06981,199.2205,11.1352,stand_10,393.9653,0.94,0.06981,0.94,0.06981,Sidewalk
104.0,99.2505,4.6052,-0.0,0.94,-0.0,198.7505,10.6659,stand_10,392.9708,0.94,-0.0,0.94,-0.0,Sidewalk
104.5,99.7202,4.5888,-0.03491,0.94,-0.06981,198.2807,10.196,stand_10,392.0834,0.94,-0.06981,0.94,-0.06981,Sidewalk
105.0,100.1899,4.5724,-0.03491,0.94,-0.0,197.8109,9.7261,stand_10,391.1005,0.94,-0.0,0.94,-0.0,Sidewalk
105.5,100.6599,4.5724,-0.0,0.94,0.06981,197.3409,9.2569,stand_10,390.2331,0.94,0.06981,0.94,0.06981,Sidewalk
106.0,101.1299,4.5724,-0.0,0.94,-0.0,196.8709,8.7878,stand_10,389.2444,0.94,-0.0,0.94,-0.0,Sidewalk
106.5,101.5996,4.556,-0.03491,0.94,-0.06981,196.4012,8.318,stand_10,388.364,0.94,-0.06981,0.94,-0.06981,Sidewalk
107.0,102.0693,4.5396,-0.03491,0.94,-0.0,195.9314,7.8482,stand_10,387.3875,0.94,-0.0,0.94,-0.0,Sidewalk
107.5,102.5393,4.5396,-0.0,0.94,0.06981,195.4614,7.3794,stand_10,386.5266,0.94,0.06981,0.94,0.06981,Sidewalk
108.0,103.0093,4.5396,-0.0,0.94,-0.0,194.9914,6.9106,stand_10,385.5516,0.94,-0.0,0.94,-0.0,Sidewalk
108.5,103.479,4.5232,-0.03491,0.94,-0.06981,194.5217,6.441,stand_10,384.6883,0.94,-0.06981,0.94,-0.06981,Sidewalk
109.0,103.9487,4.5068,-0.03491,0.94,-0.0,194.0519,5.9715,stand_10,383.7329,0.94,-0.0,0.94,-0.0,Sidewalk
109.5,104.4187,4.5068,-0.0,0.94,0.06981,193.5819,5.5033,stand_10,382.8953,0.94,0.06981,0.94,0.06981,Sidewalk
110.0,104.8887,4.5068,-0.0,0.94,-0.0,193.1119,5.0353,stand_10,381.9726,0.94,-0.0,0.94,-0.0,Sidewalk
110.5,105.3585,4.4904,-0.03491,0.94,-0.06981,192.6422,4.5664,stand_10,381.1911,0.94,-0.06981,0.94,-0.06981,Sidewalk
111.0,105.8282,4.474,-0.03491,0.94,-0.0,192.1724,4.0976,stand_10,380.3724,0.94,-0.0,0.94,-0.0,Sidewalk
111.5,106.2982,4.474,-0.0,0.94,0.06981,191.7024,3.631,stand_10,379.7009,0.94,0.06981,0.94,0.06981,Sidewalk
112.0,106.7636,4.4086,-0.13963,0.94,-0.27925,191.2368,3.161,stand_10,379.5579,0.94,-0.27925,0.94,-0.27925,Sidewalk
112.5,107.2196,4.2949,-0.24435,0.94,-0.20944,190.7806,2.6949,stand_10,378.9032,0.94,-0.20944,0.94,-0.20944,Sidewalk
113.0,107.6476,4.1558,-0.31416,0.9,-0.13963,190.3524,2.2568,stand_10,378.5902,0.9,-0.13963,0.9,-0.13963,Sidewalk
113.5,108.0611,4.0053,-0.34907,0.88,-0.06981,189.9389,1.8389,stand_10,378.4498,0.88,-0.06981,0.88,-0.06981,Sidewalk
114.0,108.326,3.8874,-0.41888,0.58,-0.13963,189.674,1.5792,stand_10,378.9195,0.58,-0.13963,0.58,-0.13963,Sidewalk
114.5,108.5777,3.7646,-0.45379,0.56,-0.06981,189.4225,1.3458,stand_10,378.6885,0.56,-0.06981,0.56,-0.06981,Sidewalk
115.0,108.8293,3.6419,-0.45379,0.56,-0.0,189.171,1.1338,stand_10,378.4633,0.56,-0.0,0.56,-0.0,Sidewalk
115.5,109.0577,3.5402,-0.41888,0.5,0.06981,188.9428,0.9669,stand_10,378.6467,0.5,0.06981,0.5,0.06981,Sidewalk
116.0,109.2496,3.4548,-0.41888,0.42,-0.0,188.7512,0.8584,stand_10,378.489,0.42,-0.0,0.42,-0.0,Sidewalk
116.5,109.4072,3.3911,-0.38397,0.34,0.06981,188.5938,0.7951,stand_10,378.6827,0.34,0.06981,0.34,0.06981,Sidewalk
117.0,109.5463,3.3349,-0.38397,0.3,-0.0,188.4549,0.7666,stand_10,378.5818,0.3,-0.0,0.3,-0.0,Sidewalk
117.5,109.659,3.2939,-0.34907,0.24,0.06981,188.3423,0.7603,stand_10,378.7833,0.24,0.06981,0.24,0.06981,Sidewalk
118.0,109.753,3.2597,-0.34907,0.2,-0.0,188.2485,0.7695,stand_10,378.6619,0.2,-0.0,0.2,-0.0,Sidewalk
118.5,109.8272,3.2297,-0.38397,0.16,-0.06981,188.1744,0.7887,stand_10,378.665,0.16,-0.06981,0.16,-0.06981,Sidewalk
119.0,109.8921,3.2035,-0.38397,0.14,-0.0,188.1096,0.8116,stand_10,378.5713,0.14,-0.0,0.14,-0.0,Sidewalk
119.5,109.9469,3.1791,-0.41888,0.12,-0.06981,188.0549,0.8373,stand_10,378.4764,0.12,-0.06981,0.12,-0.06981,Sidewalk
120.0,109.9822,3.1603,-0.48869,0.08,-0.13963,188.0197,0.8587,stand_10,378.4515,0.08,-0.13963,0.08,-0.13963,Sidewalk
120.5,110.0082,3.1453,-0.5236,0.06,-0.06981,187.9938,0.8764,stand_10,378.3833,0.06,-0.06981,0.06,-0.06981,Sidewalk
121.0,110.0331,3.1285,-0.59341,0.06,-0.13963,187.969,0.8964,stand_10,378.3532,0.06,-0.13963,0.06,-0.13963,Sidewalk
121.5,110.0484,3.1156,-0.69813,0.04,-0.20944,187.9537,0.9115,stand_10,378.347,0.04,-0.20944,0.04,-0.20944,Sidewalk
122.0,110.0556,3.1087,-0.76794,0.02,-0.13963,187.9465,0.9196,stand_10,378.3493,0.02,-0.13963,0.02,-0.13963,Sidewalk
122.5,110.0625,3.1015,-0.80285,0.02,-0.06981,187.9396,0.9278,stand_10,378.3463,0.02,-0.06981,0.02,-0.06981,Sidewalk
123.0,110.0689,3.0938,-0.87266,0.02,-0.13963,187.9332,0.9258,stand_6,378.3459,0.02,-0.13963,0.02,-0.13963,Sidewalk
123.5,110.0751,3.086,-0.90757,0.02,-0.06981,187.9271,0.922,stand_6,378.3407,0.02,-0.06981,0.02,-0.06981,Sidewalk
124.0,110.0813,3.0781,-0.90757,0.02,-0.0,187.921,0.9184,stand_6,378.3392,0.02,-0.0,0.02,-0.0,Sidewalk
124.5,110.0871,3.07,-0.94248,0.02,-0.06981,187.9152,0.9152,stand_6,378.3388,0.02,-0.06981,0.02,-0.06981,Sidewalk
125.0,110.093,3.0619,-0.94248,0.02,-0.0,187.9093,0.912,stand_6,378.3365,0.02,-0.0,0.02,-0.0,Sidewalk
125.5,110.093,3.0619,-0.97738,0.0,-0.06981,187.9093,0.912,stand_6,378.3622,0.0,-0.06981,0.0,-0.06981,Sidewalk
126.0,110.093,3.0619,-0.97738,0.0,-0.0,187.9093,0.912,stand_6,378.3496,0.0,-0.0,0.0,-0.0,Sidewalk
126.5,110.093,3.0619,-1.01229,0.0,-0.06981,187.9093,0.912,stand_6,378.3622,0.0,-0.06981,0.0,-0.06981,Sidewalk
127.0,110.093,3.0619,-1.01229,0.0,-0.0,187.9093,0.912,stand_6,378.3496,0.0,-0.0,0.0,-0.0,Sidewalk
127.5,110.093,3.0619,-1.0472,0.0,-0.06981,187.9093,0.912,stand_6,378.3622,0.0,-0.06981,0.0,-0.06981,Sidewalk
128.0,110.093,3.0619,-1.0472,0.0,-0.0,187.9093,0.912,stand_6,378.3496,0.0,-0.0,0.0,-0.0,Sidewalk
128.5,110.093,3.0619,-1.0821,0.0,-0.06981,187.9093,0.912,stand_6,378.3622,0.0,-0.06981,0.0,-0.06981,Sidewalk
129.0,110.093,3.0619,-1.0821,0.0,-0.0,187.9093,0.912,stand_6,378.3496,0.0,-0.0,0.0,-0.0,Sidewalk
129.5,110.093,3.0619,-1.11701,0.0,-0.06981,187.9093,0.912,stand_6,378.3622,0.0,-0.06981,0.0,-0.06981,Sidewalk
130.0,110.093,3.0619,-1.11701,0.0,-0.0,187.9093,0.912,stand_6,378.3496,0.0,-0.0,0.0,-0.0,Sidewalk
130.5,110.093,3.0619,-1.15192,0.0,-0.06981,187.9093,0.912,stand_6,378.3622,0.0,-0.06981,0.0,-0.06981,Sidewalk
131.0,110.093,3.0619,-1.15192,0.0,-0.0,187.9093,0.912,stand_6,378.3496,0.0,-0.0,0.0,-0.0,Sidewalk
131.5,110.093,3.0619,-1.18682,0.0,-0.06981,187.9093,0.912,stand_6,378.3622,0.0,-0.06981,0.0,-0.06981,Sidewalk
132.0,110.093,3.0619,-1.18682,0.0,-0.0,187.9093,0.912,stand_6,378.3496,0.0,-0.0,0.0,-0.0,Sidewalk
132.5,110.093,3.0619,-1.22173,0.0,-0.06981,187.9093,0.912,stand_6,378.3622,0.0,-0.06981,0.0,-0.06981,Sidewalk
133.0,110.093,3.0619,-1.22173,0.0,-0.0,187.9093,0.912,stand_6,378.3496,0.0,-0.0,0.0,-0.0,Sidewalk
133.5,110.093,3.0619,-1.25664,0.0,-0.06981,187.9093,0.912,stand_6,378.3622,0.0,-0.06981,0.0,-0.06981,Sidewalk
134.0,110.093,3.0619,-1.25664,0.0,-0.0,187.9093,0.912,stand_6,378.3496,0.0,-0.0,0.0,-0.0,Sidewalk
134.5,110.093,3.0619,-1.29154,0.0,-0.06981,187.9093,0.912,stand_6,378.3622,0.0,-0.06981,0.0,-0.06981,Sidewalk
135.0,110.093,3.0619,-1.29154,0.0,-0.0,187.9093,0.912,stand_6,378.3496,0.0,-0.0,0.0,-0.0,Sidewalk
135.5,110.093,3.0619,-1.32645,0.0,-0.06981,187.9093,0.912,stand_6,378.3622,0.0,-0.06981,0.0,-0.06981,Sidewalk
136.0,110.093,3.0619,-1.32645,0.0,-0.0,187.9093,0.912,stand_6,378.3496,0.0,-0.0,0.0,-0.0,Sidewalk
136.5,110.093,3.0619,-1.36136,0.0,-0.06981,187.9093,0.912,stand_6,378.3622,0.0,-0.06981,0.0,-0.06981,Sidewalk
137.0,110.093,3.0619,-1.36136,0.0,-0.0,187.9093,0.912,stand_6,378.3496,0.0,-0.0,0.0,-0.0,Sidewalk
137.5,110.093,3.0619,-1.39626,0.0,-0.06981,187.9093,0.912,stand_6,378.3622,0.0,-0.06981,0.0,-0.06981,Sidewalk
138.0,110.093,3.0619,-1.39626,0.0,-0.0,187.9093,0.912,stand_6,378.3496,0.0,-0.0,0.0,-0.0,Sidewalk
138.5,110.093,3.0619,-1.43117,0.0,-0.06981,187.9093,0.912,stand_6,378.3622,0.0,-0.06981,0.0,-0.06981,Sidewalk
139.0,110.093,3.0619,-1.43117,0.0,-0.0,187.9093,0.912,stand_6,378.3496,0.0,-0.0,0.0,-0.0,Sidewalk
139.5,110.093,3.0619,-1.46608,0.0,-0.06981,187.9093,0.912,stand_6,378.3622,0.0,-0.06981,0.0,-0.06981,Sidewalk
140.0,110.093,3.0619,-1.46608,0.0,-0.0,187.9093,0.912,stand_6,378.3496,0.0,-0.0,0.0,-0.0,Sidewalk
140.5,110.093,3.0619,-1.50098,0.0,-0.06981,187.9093,0.912,stand_6,378.3622,0.0,-0.06981,0.0,-0.06981,Sidewalk
141.0,110.093,3.0619,-1.50098,0.0,-0.0,187.9093,0.912,stand_6,378.3496,0.0,-0.0,0.0,-0.0,Sidewalk
141.5,110.093,3.0619,-1.53589,0.0,-0.06981,187.9093,0.912,stand_6,378.3622,0.0,-0.06981,0.0,-0.06981,Sidewalk
142.0,110.093,3.0619,-1.53589,0.0,-0.0,187.9093,0.912,stand_6,378.3496,0.0,-0.0,0.0,-0.0,Sidewalk
142.5,110.093,3.0619,-1.5708,0.0,-0.06981,187.9093,0.912,stand_6,378.3622,0.0,-0.06981,0.0,-0.06981,Sidewalk
143.0,110.093,3.0619,-1.5708,0.0,-0.0,187.9093,0.912,stand_6,378.3496,0.0,-0.0,0.0,-0.0,Sidewalk
143.5,110.093,3.0619,-1.6057,0.0,-0.06981,187.9093,0.912,stand_6,378.3622,0.0,-0.06981,0.0,-0.06981,Sidewalk
144.0,110.093,3.0619,-1.6057,0.0,-0.0,187.9093,0.912,stand_6,378.3496,0.0,-0.0,0.0,-0.0,Sidewalk
144.5,110.093,3.0619,-1.64061,0.0,-0.06981,187.9093,0.912,stand_6,378.3622,0.0,-0.06981,0.0,-0.06981,Sidewalk
145.0,110.093,3.0619,-1.64061,0.0,-0.0,187.9093,0.912,stand_6,378.3496,0.0,-0.0,0.0,-0.0,Sidewalk
145.5,110.093,3.0619,-1.67552,0.0,-0.06981,187.9093,0.912,stand_6,378.3622,0.0,-0.06981,0.0,-0.06981,Sidewalk
146.0,110.093,3.0619,-1.67552,0.0,-0.0,187.9093,0.912,stand_6,378.3496,0.0,-0.0,0.0,-0.0,Sidewalk
146.5,110.093,3.0619,-1.71042,0.0,-0.06981,187.9093,0.912,stand_6,378.3622,0.0,-0.06981,0.0,-0.06981,Sidewalk
147.0,110.093,3.0619,-1.71042,0.0,-0.0,187.9093,0.912,stand_6,378.3496,0.0,-0.0,0.0,-0.0,Sidewalk
147.5,110.093,3.0619,-1.74533,0.0,-0.06981,187.9093,0.912,stand_6,378.3622,0.0,-0.06981,0.0,-0.06981,Sidewalk
148.0,110.093,3.0619,-1.74533,0.0,-0.0,187.9093,0.912,stand_6,378.3496,0.0,-0.0,0.0,-0.0,Sidewalk
148.5,110.093,3.0619,-1.78024,0.0,-0.06981,187.9093,0.912,stand_6,378.3622,0.0,-0.06981,0.0,-0.06981,Sidewalk
149.0,110.093,3.0619,-1.78024,0.0,-0.0,187.9093,0.912,stand_6,378.3496,0.0,-0.0,0.0,-0.0,Sidewalk
149.5,110.093,3.0619,-1.81514,0.0,-0.06981,187.9093,0.912,stand_6,378.3622,0.0,-0.06981,0.0,-0.06981,Sidewalk
150.0,110.093,3.0619,-1.81514,0.0,-0.0,187.9093,0.912,stand_6,378.3496,0.0,-0.0,0.0,-0.0,Sidewalk
150.5,110.093,3.0619,-1.85005,0.0,-0.06981,187.9093,0.912,stand_6,378.3622,0.0,-0.06981,0.0,-0.06981,Sidewalk
151.0,110.093,3.0619,-1.85005,0.0,-0.0,187.9093,0.912,stand_6,378.3496,0.0,-0.0,0.0,-0.0,Sidewalk
151.5,110.093,3.0619,-1.88496,0.0,-0.06981,187.9093,0.912,stand_6,378.3622,0.0,-0.06981,0.0,-0.06981,Sidewalk
152.0,110.093,3.0619,-1.88496,0.0,-0.0,187.9093,0.912,stand_6,378.3496,0.0,-0.0,0.0,-0.0,Sidewalk
152.5,110.093,3.0619,-1.91986,0.0,-0.06981,187.9093,0.912,stand_6,378.3622,0.0,-0.06981,0.0,-0.06981,Sidewalk
153.0,110.093,3.0619,-1.91986,0.0,-0.0,187.9093,0.912,stand_6,378.3496,0.0,-0.0,0.0,-0.0,Sidewalk
153.5,110.093,3.0619,-1.95477,0.0,-0.06981,187.9093,0.912,stand_6,378.3622,0.0,-0.06981,0.0,-0.06981,Sidewalk
154.0,110.093,3.0619,-1.95477,0.0,-0.0,187.9093,0.912,stand_6,378.3496,0.0,-0.0,0.0,-0.0,Sidewalk
154.5,110.093,3.0619,-1.98968,0.0,-0.06981,187.9093,0.912,stand_6,378.3622,0.0,-0.06981,0.0,-0.06981,Sidewalk
155.0,110.093,3.0619,-1.98968,0.0,-0.0,187.9093,0.912,stand_6,378.3496,0.0,-0.0,0.0,-0.0,Sidewalk
155.5,110.093,3.0619,-2.02458,0.0,-0.06981,187.9093,0.912,stand_6,378.3622,0.0,-0.06981,0.0,-0.06981,Sidewalk
156.0,110.093,3.0619,-2.02458,0.0,-0.0,187.9093,0.912,stand_6,378.3496,0.0,-0.0,0.0,-0.0,Sidewalk
156.5,110.093,3.0619,-2.05949,0.0,-0.06981,187.9093,0.912,stand_6,378.3622,0.0,-0.06981,0.0,-0.06981,Sidewalk
157.0,110.093,3.0619,-2.05949,0.0,-0.0,187.9093,0.912,stand_6,378.3496,0.0,-0.0,0.0,-0.0,Sidewalk
157.5,110.093,3.0619,-2.0944,0.0,-0.06981,187.9093,0.912,stand_6,378.3622,0.0,-0.06981,0.0,-0.06981,Sidewalk
158.0,110.093,3.0619,-2.0944,0.0,-0.0,187.9093,0.912,stand_6,378.3496,0.0,-0.0,0.0,-0.0,Sidewalk
158.5,110.093,3.0619,-2.1293,0.0,-0.06981,187.9093,0.912,stand_6,378.3622,0.0,-0.06981,0.0,-0.06981,Sidewalk
159.0,110.093,3.0619,-2.1293,0.0,-0.0,187.9093,0.912,stand_6,378.3496,0.0,-0.0,0.0,-0.0,Sidewalk
159.5,110.093,3.0619,-2.16421,0.0,-0.06981,187.9093,0.912,stand_6,378.3622,0.0,-0.06981,0.0,-0.06981,Sidewalk
160.0,110.093,3.0619,-2.16421,0.0,-0.0,187.9093,0.912,stand_6,378.3496,0.0,-0.0,0.0,-0.0,Sidewalk
160.5,110.093,3.0619,-2.19911,0.0,-0.06981,187.9093,0.912,stand_6,378.3622,0.0,-0.06981,0.0,-0.06981,Sidewalk
161.0,110.093,3.0619,-2.19911,0.0,-0.0,187.9093,0.912,stand_6,378.3496,0.0,-0.0,0.0,-0.0,Sidewalk
161.5,110.093,3.0619,-2.23402,0.0,-0.06981,187.9093,0.912,stand_6,378.3622,0.0,-0.06981,0.0,-0.06981,Sidewalk
162.0,110.093,3.0619,-2.23402,0.0,-0.0,187.9093,0.912,stand_6,378.3496,0.0,-0.0,0.0,-0.0,Sidewalk
162.5,110.093,3.0619,-2.26893,0.0,-0.06981,187.9093,0.912,stand_6,378.3622,0.0,-0.06981,0.0,-0.06981,Sidewalk
163.0,110.093,3.0619,-2.26893,0.0,-0.0,187.9093,0.912,stand_6,378.3496,0.0,-0.0,0.0,-0.0,Sidewalk
163.5,110.093,3.0619,-2.30383,0.0,-0.06981,187.9093,0.912,stand_6,378.3622,0.0,-0.06981,0.0,-0.06981,Sidewalk
164.0,110.093,3.0619,-2.30383,0.0,-0.0,187.9093,0.912,stand_6,378.3496,0.0,-0.0,0.0,-0.0,Sidewalk
164.5,110.093,3.0619,-2.33874,0.0,-0.06981,187.9093,0.912,stand_6,378.3622,0.0,-0.06981,0.0,-0.06981,Sidewalk
165.0,110.093,3.0619,-2.33874,0.0,-0.0,187.9093,0.912,stand_6,378.3496,0.0,-0.0,0.0,-0.0,Sidewalk
165.5,110.093,3.0619,-2.37365,0.0,-0.06981,187.9093,0.912,stand_6,378.3622,0.0,-0.06981,0.0,-0.06981,Sidewalk
166.0,110.093,3.0619,-2.37365,0.0,-0.0,187.9093,0.912,stand_6,378.3496,0.0,-0.0,0.0,-0.0,Sidewalk
166.5,110.093,3.0619,-2.40855,0.0,-0.06981,187.9093,0.912,stand_6,378.3622,0.0,-0.06981,0.0,-0.06981,Sidewalk
167.0,110.093,3.0619,-2.40855,0.0,-0.0,187.9093,0.912,stand_6,378.3496,0.0,-0.0,0.0,-0.0,Sidewalk
167.5,110.093,3.0619,-2.44346,0.0,-0.06981,187.9093,0.912,stand_6,378.3622,0.0,-0.06981,0.0,-0.06981,Sidewalk
168.0,110.093,3.0619,-2.44346,0.0,-0.0,187.9093,0.912,stand_6,378.3496,0.0,-0.0,0.0,-0.0,Sidewalk
168.5,110.093,3.0619,-2.47837,0.0,-0.06981,187.9093,0.912,stand_6,378.3622,0.0,-0.06981,0.0,-0.06981,Sidewalk
169.0,110.093,3.0619,-2.47837,0.0,-0.0,187.9093,0.912,stand_6,378.3496,0.0,-0.0,0.0,-0.0,Sidewalk
169.5,110.093,3.0619,-2.51327,0.0,-0.06981,187.9093,0.912,stand_6,378.3622,0.0,-0.06981,0.0,-0.06981,Sidewalk
170.0,110.093,3.0619,-2.51327,0.0,-0.0,187.9093,0.912,stand_6,378.3496,0.0,-0.0,0.0,-0.0,Sidewalk
170.5,110.093,3.0619,-2.54818,0.0,-0.06981,187.9093,0.912,stand_6,378.3622,0.0,-0.06981,0.0,-0.06981,Sidewalk
171.0,110.093,3.0619,-2.54818,0.0,-0.0,187.9093,0.912,stand_6,378.3496,0.0,-0.0,0.0,-0.0,Sidewalk
171.5,110.093,3.0619,-2.58309,0.0,-0.06981,187.9093,0.912,stand_6,378.3622,0.0,-0.06981,0.0,-0.06981,Sidewalk
172.0,110.093,3.0619,-2.58309,0.0,-0.0,187.9093,0.912,stand_6,378.3496,0.0,-0.0,0.0,-0.0,Sidewalk
172.5,110.093,3.0619,-2.61799,0.0,-0.06981,187.9093,0.912,stand_6,378.3622,0.0,-0.06981,0.0,-0.06981,Sidewalk
173.0,110.093,3.0619,-2.61799,0.0,-0.0,187.9093,0.912,stand_6,378.3496,0.0,-0.0,0.0,-0.0,Sidewalk
173.5,110.093,3.0619,-2.6529,0.0,-0.06981,187.9093,0.912,stand_6,378.3622,0.0,-0.06981,0.0,-0.06981,Sidewalk
174.0,110.093,3.0619,-2.6529,0.0,-0.0,187.9093,0.912,stand_6,378.3496,0.0,-0.0,0.0,-0.0,Sidewalk
174.5,110.093,3.0619,-2.68781,0.0,-0.06981,187.9093,0.912,stand_6,378.3622,0.0,-0.06981,0.0,-0.06981,Sidewalk
175.0,110.093,3.0619,-2.68781,0.0,-0.0,187.9093,0.912,stand_6,378.3496,0.0,-0.0,0.0,-0.0,Sidewalk
175.5,110.093,3.0619,-2.72271,0.0,-0.06981,187.9093,0.912,stand_6,378.3622,0.0,-0.06981,0.0,-0.06981,Sidewalk
176.0,110.093,3.0619,-2.72271,0.0,-0.0,187.9093,0.912,stand_6,378.3496,0.0,-0.0,0.0,-0.0,Sidewalk
176.5,110.093,3.0619,-2.75762,0.0,-0.06981,187.9093,0.912,stand_6,378.3622,0.0,-0.06981,0.0,-0.06981,Sidewalk
177.0,110.093,3.0619,-2.75762,0.0,-0.0,187.9093,0.912,stand_6,378.3496,0.0,-0.0,0.0,-0.0,Sidewalk
177.5,110.093,3.0619,-2.79253,0.0,-0.06981,187.9093,0.912,stand_6,378.3622,0.0,-0.06981,0.0,-0.06981,Sidewalk
178.0,110.093,3.0619,-2.79253,0.0,-0.0,187.9093,0.912,stand_6,378.3496,0.0,-0.0,0.0,-0.0,Sidewalk
178.5,110.093,3.0619,-2.82743,0.0,-0.06981,187.9093,0.912,stand_6,378.3622,0.0,-0.06981,0.0,-0.06981,Sidewalk
179.0,110.093,3.0619,-2.82743,0.0,-0.0,187.9093,0.912,stand_6,378.3496,0.0,-0.0,0.0,-0.0,Sidewalk
179.5,110.093,3.0619,-2.86234,0.0,-0.06981,187.9093,0.912,stand_6,378.3622,0.0,-0.06981,0.0,-0.06981,Sidewalk
180.0,110.093,3.0619,-2.86234,0.0,-0.0,187.9093,0.912,stand_6,378.3496,0.0,-0.0,0.0,-0.0,Sidewalk
180.5,110.093,3.0619,-2.89725,0.0,-0.06981,187.9093,0.912,stand_6,378.3622,0.0,-0.06981,0.0,-0.06981,Sidewalk
181.0,110.093,3.0619,-2.89725,0.0,-0.0,187.9093,0.912,stand_6,378.3496,0.0,-0.0,0.0,-0.0,Sidewalk
181.5,110.093,3.0619,-2.93215,0.0,-0.06981,187.9093,0.912,stand_6,378.3622,0.0,-0.06981,0.0,-0.06981,Sidewalk
182.0,110.093,3.0619,-2.93215,0.0,-0.0,187.9093,0.912,stand_6,378.3496,0.0,-0.0,0.0,-0.0,Sidewalk
182.5,110.093,3.0619,-2.96706,0.0,-0.06981,187.9093,0.912,stand_6,378.3622,0.0,-0.06981,0.0,-0.06981,Sidewalk
183.0,110.093,3.0619,-2.96706,0.0,-0.0,187.9093,0.912,stand_6,378.3496,0.0,-0.0,0.0,-0.0,Sidewalk
183.5,110.093,3.0619,-3.00197,0.0,-0.06981,187.9093,0.912,stand_6,378.3622,0.0,-0.06981,0.0,-0.06981,Sidewalk
184.0,110.093,3.0619,-3.00197,0.0,-0.0,187.9093,0.912,stand_6,378.3497,0.0,-0.0,0.0,-0.0,Sidewalk
184.5,110.093,3.0619,-3.03687,0.0,-0.06981,187.9093,0.912,stand_6,378.3622,0.0,-0.06981,0.0,-0.06981,Sidewalk
185.0,110.093,3.0619,-3.03687,0.0,-0.0,187.9093,0.912,stand_6,378.3497,0.0,-0.0,0.0,-0.0,Sidewalk
185.5,110.093,3.0619,-3.07178,0.0,-0.06981,187.9093,0.912,stand_6,378.3622,0.0,-0.06981,0.0,-0.06981,Sidewalk
186.0,110.093,3.0619,-3.07178,0.0,-0.0,187.9093,0.912,stand_6,378.3497,0.0,-0.0,0.0,-0.0,Sidewalk
186.5,110.093,3.0619,-3.10669,0.0,-0.06981,187.9093,0.912,stand_6,378.3622,0.0,-0.06981,0.0,-0.06981,Sidewalk
187.0,110.093,3.0619,-3.10669,0.0,-0.0,187.9093,0.912,stand_6,378.3497,0.0,-0.0,0.0,-0.0,Sidewalk
187.5,110.093,3.0619,3.14159,0.0,-0.06981,187.9093,0.912,stand_6,378.3623,0.0,-0.06981,0.0,-0.06981,Sidewalk
188.0,110.093,3.0619,3.14159,0.0,-0.0,187.9093,0.912,stand_6,378.3497,0.0,-0.0,0.0,-0.0,Sidewalk
188.5,110.093,3.0619,3.10669,0.0,-0.06981,187.9093,0.912,stand_6,378.3623,0.0,-0.06981,0.0,-0.06981,Sidewalk
189.0,110.093,3.0619,3.10669,0.0,-0.0,187.9093,0.912,stand_6,378.3497,0.0,-0.0,0.0,-0.0,Sidewalk
189.5,110.093,3.0619,3.07178,0.0,-0.06981,187.9093,0.912,stand_6,378.3623,0.0,-0.06981,0.0,-0.06981,Sidewalk
190.0,110.093,3.0619,3.07178,0.0,-0.0,187.9093,0.912,stand_6,378.3497,0.0,-0.0,0.0,-0.0,Sidewalk
190.5,110.093,3.0619,3.03687,0.0,-0.06981,187.9093,0.912,stand_6,378.3623,0.0,-0.06981,0.0,-0.06981,Sidewalk
191.0,110.093,3.0619,3.03687,0.0,-0.0,187.9093,0.912,stand_6,378.3497,0.0,-0.0,0.0,-0.0,Sidewalk
191.5,110.093,3.0619,3.00197,0.0,-0.06981,187.9093,0.912,stand_6,378.3623,0.0,-0.06981,0.0,-0.06981,Sidewalk
192.0,110.093,3.0619,3.00197,0.0,-0.0,187.9093,0.912,stand_6,378.3497,0.0,-0.0,0.0,-0.0,Sidewalk
192.5,110.093,3.0619,2.96706,0.0,-0.06981,187.9093,0.912,stand_6,378.3623,0.0,-0.06981,0.0,-0.06981,Sidewalk
193.0,110.093,3.0619,2.96706,0.0,-0.0,187.9093,0.912,stand_6,378.3497,0.0,-0.0,0.0,-0.0,Sidewalk
193.5,110.093,3.0619,2.93215,0.0,-0.06981,187.9093,0.912,stand_6,378.3623,0.0,-0.06981,0.0,-0.06981,Sidewalk
194.0,110.093,3.0619,2.93215,0.0,-0.0,187.9093,0.912,stand_6,378.3498,0.0,-0.0,0.0,-0.0,Sidewalk
194.5,110.093,3.0619,2.89725,0.0,-0.06981,187.9093,0.912,stand_6,378.3623,0.0,-0.06981,0.0,-0.06981,Sidewalk
195.0,110.093,3.0619,2.89725,0.0,-0.0,187.9093,0.912,stand_6,378.3498,0.0,-0.0,0.0,-0.0,Sidewalk
195.5,110.093,3.0619,2.86234,0.0,-0.06981,187.9093,0.912,stand_6,378.3623,0.0,-0.06981,0.0,-0.06981,Sidewalk
196.0,110.093,3.0619,2.86234,0.0,-0.0,187.9093,0.912,stand_6,378.3498,0.0,-0.0,0.0,-0.0,Sidewalk
196.5,110.093,3.0619,2.82743,0.0,-0.06981,187.9093,0.912,stand_6,378.3623,0.0,-0.06981,0.0,-0.06981,Sidewalk
197.0,110.093,3.0619,2.82743,0.0,-0.0,187.9093,0.912,stand_6,378.3498,0.0,-0.0,0.0,-0.0,Sidewalk
197.5,110.093,3.0619,2.79253,0.0,-0.06981,187.9093,0.912,stand_6,378.3624,0.0,-0.06981,0.0,-0.06981,Sidewalk
198.0,110.093,3.0619,2.79253,0.0,-0.0,187.9093,0.912,stand_6,378.3498,0.0,-0.0,0.0,-0.0,Sidewalk
198.5,110.093,3.0619,2.75762,0.0,-0.06981,187.9093,0.912,stand_6,378.3624,0.0,-0.06981,0.0,-0.06981,Sidewalk
199.0,110.093,3.0619,2.75762,0.0,-0.0,187.9093,0.912,stand_6,378.3498,0.0,-0.0,0.0,-0.0,Sidewalk
199.5,110.093,3.0619,2.72271,0.0,-0.06981,187.9093,0.912,stand_6,378.3624,0.0,-0.06981,0.0,-0.06981,Sidewalk
200.0,110.093,3.0619,2.72271,0.0,-0.0,187.9093,0.912,stand_6,378.3498,0.0,-0.0,0.0,-0.0,Sidewalk
200.5,110.093,3.0619,2.68781,0.0,-0.06981,187.9093,0.912,stand_6,378.3624,0.0,-0.06981,0.0,-0.06981,Sidewalk
201.0,110.093,3.0619,2.68781,0.0,-0.0,187.9093,0.912,stand_6,378.3498,0.0,-0.0,0.0,-0.0,Sidewalk
201.5,110.093,3.0619,2.6529,0.0,-0.06981,187.9093,0.912,stand_6,378.3624,0.0,-0.06981,0.0,-0.06981,Sidewalk
202.0,110.093,3.0619,2.6529,0.0,-0.0,187.9093,0.912,stand_6,378.3498,0.0,-0.0,0.0,-0.0,Sidewalk
202.5,110.093,3.0619,2.61799,0.0,-0.06981,187.9093,0.912,stand_6,378.3624,0.0,-0.06981,0.0,-0.06981,Sidewalk
203.0,110.093,3.0619,2.61799,0.0,-0.0,187.9093,0.912,stand_6,378.3498,0.0,-0.0,0.0,-0.0,Sidewalk
203.5,110.093,3.0619,2.58309,0.0,-0.06981,187.9093,0.912,stand_6,378.3624,0.0,-0.06981,0.0,-0.06981,Sidewalk
204.0,110.093,3.0619,2.58309,0.0,-0.0,187.9093,0.912,stand_6,378.3499,0.0,-0.0,0.0,-0.0,Sidewalk
204.5,110.093,3.0619,2.54818,0.0,-0.06981,187.9093,0.912,stand_6,378.3624,0.0,-0.06981,0.0,-0.06981,Sidewalk
205.0,110.093,3.0619,2.54818,0.0,-0.0,187.9093,0.912,stand_6,378.3499,0.0,-0.0,0.0,-0.0,Sidewalk
205.5,110.093,3.0619,2.51327,0.0,-0.06981,187.9093,0.912,stand_6,378.3624,0.0,-0.06981,0.0,-0.06981,Sidewalk
206.0,110.093,3.0619,2.51327,0.0,-0.0,187.9093,0.912,stand_6,378.3499,0.0,-0.0,0.0,-0.0,Sidewalk
206.5,110.093,3.0619,2.47837,0.0,-0.06981,187.9093,0.912,stand_6,378.3624,0.0,-0.06981,0.0,-0.06981,Sidewalk
207.0,110.093,3.0619,2.47837,0.0,-0.0,187.9093,0.912,stand_6,378.3499,0.0,-0.0,0.0,-0.0,Sidewalk
207.5,110.093,3.0619,2.44346,0.0,-0.06981,187.9093,0.912,stand_6,378.3625,0.0,-0.06981,0.0,-0.06981,Sidewalk
208.0,110.093,3.0619,2.44346,0.0,-0.0,187.9093,0.912,stand_6,378.3499,0.0,-0.0,0.0,-0.0,Sidewalk
208.5,110.093,3.0619,2.40855,0.0,-0.06981,187.9093,0.912,stand_6,378.3625,0.0,-0.06981,0.0,-0.06981,Sidewalk
209.0,110.093,3.0619,2.40855,0.0,-0.0,187.9093,0.912,stand_6,378.3499,0.0,-0.0,0.0,-0.0,Sidewalk
209.5,110.093,3.0619,2.37365,0.0,-0.06981,187.9093,0.912,stand_6,378.3625,0.0,-0.06981,0.0,-0.06981,Sidewalk
210.0,110.093,3.0619,2.37365,0.0,-0.0,187.9093,0.9119,stand_6,378.3499,0.0,-0.0,0.0,-0.0,Sidewalk
210.5,110.093,3.0619,2.33874,0.0,-0.06981,187.9093,0.9119,stand_6,378.3625,0.0,-0.06981,0.0,-0.06981,Sidewalk
211.0,110.093,3.0619,2.33874,0.0,-0.0,187.9093,0.9119,stand_6,378.3499,0.0,-0.0,0.0,-0.0,Sidewalk
211.5,110.093,3.0619,2.30383,0.0,-0.06981,187.9093,0.9119,stand_6,378.3625,0.0,-0.06981,0.0,-0.06981,Sidewalk
212.0,110.093,3.0619,2.30383,0.0,-0.0,187.9093,0.9119,stand_6,378.3499,0.0,-0.0,0.0,-0.0,Sidewalk
212.5,110.093,3.0619,2.26893,0.0,-0.06981,187.9093,0.9119,stand_6,378.3625,0.0,-0.06981,0.0,-0.06981,Sidewalk
213.0,110.093,3.0619,2.26893,0.0,-0.0,187.9093,0.9119,stand_6,378.3499,0.0,-0.0,0.0,-0.0,Sidewalk
213.5,110.093,3.0619,2.23402,0.0,-0.06981,187.9093,0.9119,stand_6,378.3625,0.0,-0.06981,0.0,-0.06981,Sidewalk
214.0,110.093,3.0619,2.23402,0.0,-0.0,187.9093,0.9119,stand_6,378.35,0.0,-0.0,0.0,-0.0,Sidewalk
214.5,110.093,3.0619,2.19911,0.0,-0.06981,187.9093,0.9119,stand_6,378.3625,0.0,-0.06981,0.0,-0.06981,Sidewalk
215.0,110.093,3.0619,2.19911,0.0,-0.0,187.9093,0.9119,stand_6,378.35,0.0,-0.0,0.0,-0.0,Sidewalk
215.5,110.093,3.0619,2.16421,0.0,-0.06981,187.9093,0.9119,stand_6,378.3625,0.0,-0.06981,0.0,-0.06981,Sidewalk
216.0,110.093,3.0619,2.16421,0.0,-0.0,187.9093,0.9119,stand_6,378.35,0.0,-0.0,0.0,-0.0,Sidewalk
216.5,110.093,3.0619,2.1293,0.0,-0.06981,187.9093,0.9119,stand_6,378.3625,0.0,-0.06981,0.0,-0.06981,Sidewalk
217.0,110.093,3.0619,2.1293,0.0,-0.0,187.9093,0.9119,stand_6,378.35,0.0,-0.0,0.0,-0.0,Sidewalk
217.5,110.093,3.0619,2.0944,0.0,-0.06981,187.9093,0.9119,stand_6,378.3626,0.0,-0.06981,0.0,-0.06981,Sidewalk
218.0,110.093,3.0619,2.0944,0.0,-0.0,187.9093,0.9119,stand_6,378.35,0.0,-0.0,0.0,-0.0,Sidewalk
218.5,110.093,3.0619,2.05949,0.0,-0.06981,187.9093,0.9119,stand_6,378.3626,0.0,-0.06981,0.0,-0.06981,Sidewalk
219.0,110.093,3.0619,2.05949,0.0,-0.0,187.9093,0.9119,stand_6,378.35,0.0,-0.0,0.0,-0.0,Sidewalk
219.5,110.093,3.0619,2.02458,0.0,-0.06981,187.9093,0.9119,stand_6,378.3626,0.0,-0.06981,0.0,-0.06981,Sidewalk
220.0,110.093,3.0619,2.02458,0.0,-0.0,187.9093,0.9119,stand_6,378.35,0.0,-0.0,0.0,-0.0,Sidewalk
220.5,110.093,3.0619,1.98968,0.0,-0.06981,187.9093,0.9119,stand_6,378.3626,0.0,-0.06981,0.0,-0.06981,Sidewalk
221.0,110.093,3.0619,1.98968,0.0,-0.0,187.9093,0.9119,stand_6,378.35,0.0,-0.0,0.0,-0.0,Sidewalk
221.5,110.093,3.0619,1.95477,0.0,-0.06981,187.9093,0.9119,stand_6,378.3626,0.0,-0.06981,0.0,-0.06981,Sidewalk
222.0,110.093,3.0619,1.95477,0.0,-0.0,187.9093,0.9119,stand_6,378.35,0.0,-0.0,0.0,-0.0,Sidewalk
222.5,110.093,3.0619,1.91986,0.0,-0.06981,187.9093,0.9119,stand_6,378.3626,0.0,-0.06981,0.0,-0.06981,Sidewalk
223.0,110.093,3.0619,1.91986,0.0,-0.0,187.9093,0.9119,stand_6,378.35,0.0,-0.0,0.0,-0.0,Sidewalk
223.5,110.093,3.0619,1.88496,0.0,-0.06981,187.9093,0.9119,stand_6,378.3626,0.0,-0.06981,0.0,-0.06981,Sidewalk
224.0,110.093,3.0619,1.88496,0.0,-0.0,187.9093,0.9119,stand_6,378.3501,0.0,-0.0,0.0,-0.0,Sidewalk
224.5,110.093,3.0619,1.85005,0.0,-0.06981,187.9093,0.9119,stand_6,378.3626,0.0,-0.06981,0.0,-0.06981,Sidewalk
225.0,110.093,3.0619,1.85005,0.0,-0.0,187.9093,0.9119,stand_6,378.3501,0.0,-0.0,0.0,-0.0,Sidewalk
225.5,110.093,3.0619,1.81514,0.0,-0.06981,187.9093,0.9119,stand_6,378.3626,0.0,-0.06981,0.0,-0.06981,Sidewalk
226.0,110.093,3.0619,1.81514,0.0,-0.0,187.9093,0.9119,stand_6,378.3501,0.0,-0.0,0.0,-0.0,Sidewalk
226.5,110.093,3.0619,1.78024,0.0,-0.06981,187.9093,0.9119,stand_6,378.3626,0.0,-0.06981,0.0,-0.06981,Sidewalk
227.0,110.093,3.0619,1.78024,0.0,-0.0,187.9093,0.9119,stand_6,378.3501,0.0,-0.0,0.0,-0.0,Sidewalk
227.5,110.093,3.0619,1.74533,0.0,-0.06981,187.9093,0.9119,stand_6,378.3627,0.0,-0.06981,0.0,-0.06981,Sidewalk
228.0,110.093,3.0619,1.74533,0.0,-0.0,187.9093,0.9119,stand_6,378.3501,0.0,-0.0,0.0,-0.0,Sidewalk
228.5,110.093,3.0619,1.71042,0.0,-0.06981,187.9093,0.9119,stand_6,378.3627,0.0,-0.06981,0.0,-0.06981,Sidewalk
229.0,110.093,3.0619,1.71042,0.0,-0.0,187.9093,0.9119,stand_6,378.3501,0.0,-0.0,0.0,-0.0,Sidewalk
229.5,110.093,3.0619,1.67552,0.0,-0.06981,187.9093,0.9119,stand_6,378.3627,0.0,-0.06981,0.0,-0.06981,Sidewalk
230.0,110.093,3.0619,1.67552,0.0,-0.0,187.9093,0.9119,stand_6,378.3501,0.0,-0.0,0.0,-0.0,Sidewalk
230.5,110.093,3.0619,1.64061,0.0,-0.06981,187.9093,0.9119,stand_6,378.3627,0.0,-0.06981,0.0,-0.06981,Sidewalk
231.0,110.093,3.0619,1.64061,0.0,-0.0,187.9093,0.9119,stand_6,378.3501,0.0,-0.0,0.0,-0.0,Sidewalk
231.5,110.093,3.0619,1.6057,0.0,-0.06981,187.9093,0.9119,stand_6,378.3627,0.0,-0.06981,0.0,-0.06981,Sidewalk
232.0,110.093,3.0619,1.6057,0.0,-0.0,187.9093,0.9119,stand_6,378.3501,0.0,-0.0,0.0,-0.0,Sidewalk
232.5,110.093,3.0619,1.5708,0.0,-0.06981,187.9093,0.9119,stand_6,378.3627,0.0,-0.06981,0.0,-0.06981,Sidewalk
233.0,110.093,3.0619,1.5708,0.0,-0.0,187.9093,0.9119,stand_6,378.3501,0.0,-0.0,0.0,-0.0,Sidewalk
233.5,110.093,3.0619,1.53589,0.0,-0.06981,187.9093,0.9119,stand_6,378.3627,0.0,-0.06981,0.0,-0.06981,Sidewalk
234.0,110.093,3.0619,1.53589,0.0,-0.0,187.9093,0.9119,stand_6,378.3502,0.0,-0.0,0.0,-0.0,Sidewalk
234.5,110.093,3.0619,1.50098,0.0,-0.06981,187.9093,0.9119,stand_6,378.3627,0.0,-0.06981,0.0,-0.06981,Sidewalk
235.0,110.093,3.0619,1.50098,0.0,-0.0,187.9093,0.9119,stand_6,378.3502,0.0,-0.0,0.0,-0.0,Sidewalk
235.5,110.093,3.0619,1.46608,0.0,-0.06981,187.9093,0.9119,stand_6,378.3627,0.0,-0.06981,0.0,-0.06981,Sidewalk
236.0,110.093,3.0619,1.46608,0.0,-0.0,187.9093,0.9119,stand_6,378.3502,0.0,-0.0,0.0,-0.0,Sidewalk
236.5,110.093,3.0619,1.43117,0.0,-0.06981,187.9093,0.9119,stand_6,378.3628,0.0,-0.06981,0.0,-0.06981,Sidewalk
237.0,110.093,3.0619,1.43117,0.0,-0.0,187.9093,0.9119,stand_6,378.3502,0.0,-0.0,0.0,-0.0,Sidewalk
237.5,110.093,3.0619,1.39626,0.0,-0.06981,187.9093,0.9119,stand_6,378.3628,0.0,-0.06981,0.0,-0.06981,Sidewalk
238.0,110.093,3.0619,1.39626,0.0,-0.0,187.9093,0.9119,stand_6,378.3502,0.0,-0.0,0.0,-0.0,Sidewalk
238.5,110.093,3.0619,1.36136,0.0,-0.06981,187.9093,0.9119,stand_6,378.3628,0.0,-0.06981,0.0,-0.06981,Sidewalk
239.0,110.093,3.0619,1.36136,0.0,-0.0,187.9093,0.9119,stand_6,378.3502,0.0,-0.0,0.0,-0.0,Sidewalk
239.5,110.093,3.0619,1.32645,0.0,-0.06981,187.9093,0.9119,stand_6,378.3628,0.0,-0.06981,0.0,-0.06981,Sidewalk
240.0,110.093,3.0619,1.32645,0.0,-0.0,187.9093,0.9119,stand_6,378.3502,0.0,-0.0,0.0,-0.0,Sidewalk
240.5,110.093,3.0619,1.29154,0.0,-0.06981,187.9093,0.9119,stand_6,378.3628,0.0,-0.06981,0.0,-0.06981,Sidewalk
241.0,110.093,3.0619,1.29154,0.0,-0.0,187.9093,0.9119,stand_6,378.3502,0.0,-0.0,0.0,-0.0,Sidewalk
241.5,110.093,3.0619,1.25664,0.0,-0.06981,187.9093,0.9119,stand_6,378.3628,0.0,-0.06981,0.0,-0.06981,Sidewalk
242.0,110.093,3.0619,1.25664,0.0,-0.0,187.9093,0.9119,stand_6,378.3502,0.0,-0.0,0.0,-0.0,Sidewalk
242.5,110.093,3.0619,1.22173,0.0,-0.06981,187.9093,0.9119,stand_6,378.3628,0.0,-0.06981,0.0,-0.06981,Sidewalk
243.0,110.093,3.0619,1.22173,0.0,-0.0,187.9093,0.9119,stand_6,378.3503,0.0,-0.0,0.0,-0.0,Sidewalk
243.5,110.093,3.0619,1.18682,0.0,-0.06981,187.9093,0.9119,stand_6,378.3628,0.0,-0.06981,0.0,-0.06981,Sidewalk
244.0,110.093,3.0619,1.18682,0.0,-0.0,187.9093,0.9119,stand_6,378.3503,0.0,-0.0,0.0,-0.0,Sidewalk
244.5,110.093,3.0619,1.15192,0.0,-0.06981,187.9093,0.9118,stand_6,378.3628,0.0,-0.06981,0.0,-0.06981,Sidewalk
245.0,110.093,3.0619,1.15192,0.0,-0.0,187.9093,0.9118,stand_6,378.3503,0.0,-0.0,0.0,-0.0,Sidewalk
245.5,110.093,3.0619,1.11701,0.0,-0.06981,187.9093,0.9118,stand_6,378.3629,0.0,-0.06981,0.0,-0.06981,Sidewalk
246.0,110.093,3.0619,1.11701,0.0,-0.0,187.9093,0.9118,stand_6,378.3503,0.0,-0.0,0.0,-0.0,Sidewalk
246.5,110.093,3.0619,1.0821,0.0,-0.06981,187.9093,0.9118,stand_6,378.3629,0.0,-0.06981,0.0,-0.06981,Sidewalk
247.0,110.093,3.0619,1.0821,0.0,-0.0,187.9093,0.9118,stand_6,378.3503,0.0,-0.0,0.0,-0.0,Sidewalk
247.5,110.093,3.0619,1.0472,0.0,-0.06981,187.9093,0.9118,stand_6,378.3629,0.0,-0.06981,0.0,-0.06981,Sidewalk
248.0,110.093,3.0619,1.0472,0.0,-0.0,187.9093,0.9118,stand_6,378.3503,0.0,-0.0,0.0,-0.0,Sidewalk
248.5,110.093,3.0619,1.01229,0.0,-0.06981,187.9093,0.9118,stand_6,378.3629,0.0,-0.06981,0.0,-0.06981,Sidewalk
249.0,110.093,3.0619,1.01229,0.0,-0.0,187.9093,0.9118,stand_6,378.3503,0.0,-0.0,0.0,-0.0,Sidewalk
249.5,110.093,3.0619,0.97738,0.0,-0.06981,187.9093,0.9118,stand_6,378.3629,0.0,-0.06981,0.0,-0.06981,Sidewalk
250.0,110.093,3.0619,0.97738,0.0,-0.0,187.9093,0.9118,stand_6,378.3503,0.0,-0.0,0.0,-0.0,Sidewalk
250.5,110.093,3.0619,0.94248,0.0,-0.06981,187.9093,0.9118,stand_6,378.3629,0.0,-0.06981,0.0,-0.06981,Sidewalk
251.0,110.093,3.0619,0.94248,0.0,-0.0,187.9093,0.9118,stand_6,378.3503,0.0,-0.0,0.0,-0.0,Sidewalk
251.5,110.093,3.0619,0.90757,0.0,-0.06981,187.9093,0.9118,stand_6,378.3629,0.0,-0.06981,0.0,-0.06981,Sidewalk
252.0,110.093,3.0619,0.90757,0.0,-0.0,187.9093,0.9118,stand_6,378.3504,0.0,-0.0,0.0,-0.0,Sidewalk
252.5,110.093,3.0619,0.87266,0.0,-0.06981,187.9093,0.9118,stand_6,378.3629,0.0,-0.06981,0.0,-0.06981,Sidewalk
253.0,110.093,3.0619,0.87266,0.0,-0.0,187.9093,0.9118,stand_6,378.3504,0.0,-0.0,0.0,-0.0,Sidewalk
253.5,110.093,3.0619,0.83776,0.0,-0.06981,187.9093,0.9118,stand_6,378.3629,0.0,-0.06981,0.0,-0.06981,Sidewalk
254.0,110.093,3.0619,0.83776,0.0,-0.0,187.9093,0.9118,stand_6,378.3504,0.0,-0.0,0.0,-0.0,Sidewalk
254.5,110.093,3.0619,0.80285,0.0,-0.06981,187.9093,0.9118,stand_6,378.3629,0.0,-0.06981,0.0,-0.06981,Sidewalk
255.0,110.093,3.0619,0.80285,0.0,-0.0,187.9093,0.9118,stand_6,378.3504,0.0,-0.0,0.0,-0.0,Sidewalk
255.5,110.093,3.0619,0.76794,0.0,-0.06981,187.9093,0.9118,stand_6,378.363,0.0,-0.06981,0.0,-0.06981,Sidewalk
256.0,110.093,3.0619,0.76794,0.0,-0.0,187.9093,0.9118,stand_6,378.3504,0.0,-0.0,0.0,-0.0,Sidewalk
256.5,110.093,3.0619,0.73304,0.0,-0.06981,187.9093,0.9118,stand_6,378.363,0.0,-0.06981,0.0,-0.06981,Sidewalk
257.0,110.093,3.0619,0.73304,0.0,-0.0,187.9093,0.9118,stand_6,378.3504,0.0,-0.0,0.0,-0.0,Sidewalk
257.5,110.093,3.0619,0.69813,0.0,-0.06981,187.9093,0.9118,stand_6,378.363,0.0,-0.06981,0.0,-0.06981,Sidewalk
258.0,110.093,3.0619,0.69813,0.0,-0.0,187.9093,0.9118,stand_6,378.3504,0.0,-0.0,0.0,-0.0,Sidewalk
258.5,110.093,3.0619,0.66323,0.0,-0.06981,187.9093,0.9118,stand_6,378.363,0.0,-0.06981,0.0,-0.06981,Sidewalk
259.0,110.093,3.0619,0.66323,0.0,-0.0,187.9093,0.9118,stand_6,378.3504,0.0,-0.0,0.0,-0.0,Sidewalk
259.5,110.093,3.0619,0.62832,0.0,-0.06981,187.9093,0.9118,stand_6,378.363,0.0,-0.06981,0.0,-0.06981,Sidewalk
260.0,110.093,3.0619,0.62832,0.0,-0.0,187.9093,0.9118,stand_6,378.3504,0.0,-0.0,0.0,-0.0,Sidewalk
260.5,110.093,3.0619,0.59341,0.0,-0.06981,187.9093,0.9118,stand_6,378.363,0.0,-0.06981,0.0,-0.06981,Sidewalk
261.0,110.093,3.0619,0.59341,0.0,-0.0,187.9093,0.9118,stand_6,378.3504,0.0,-0.0,0.0,-0.0,Sidewalk
261.5,110.093,3.0619,0.55851,0.0,-0.06981,187.9093,0.9118,stand_6,378.363,0.0,-0.06981,0.0,-0.06981,Sidewalk
262.0,110.093,3.0619,0.55851,0.0,-0.0,187.9093,0.9118,stand_6,378.3505,0.0,-0.0,0.0,-0.0,Sidewalk
262.5,110.093,3.0619,0.5236,0.0,-0.06981,187.9093,0.9118,stand_6,378.363,0.0,-0.06981,0.0,-0.06981,Sidewalk
263.0,110.093,3.0619,0.5236,0.0,-0.0,187.9093,0.9118,stand_6,378.3505,0.0,-0.0,0.0,-0.0,Sidewalk
263.5,110.093,3.0619,0.48869,0.0,-0.06981,187.9093,0.9118,stand_6,378.363,0.0,-0.06981,0.0,-0.06981,Sidewalk
264.0,110.093,3.0619,0.48869,0.0,-0.0,187.9093,0.9118,stand_6,378.3505,0.0,-0.0,0.0,-0.0,Sidewalk
264.5,110.093,3.0619,0.45379,0.0,-0.06981,187.9093,0.9118,stand_6,378.363,0.0,-0.06981,0.0,-0.06981,Sidewalk
265.0,110.093,3.0619,0.45379,0.0,-0.0,187.9093,0.9118,stand_6,378.3505,0.0,-0.0,0.0,-0.0,Sidewalk
265.5,110.093,3.0619,0.41888,0.0,-0.06981,187.9093,0.9118,stand_6,378.3631,0.0,-0.06981,0.0,-0.06981,Sidewalk
266.0,110.093,3.0619,0.41888,0.0,-0.0,187.9093,0.9118,stand_6,378.3505,0.0,-0.0,0.0,-0.0,Sidewalk
266.5,110.093,3.0619,0.38397,0.0,-0.06981,187.9093,0.9118,stand_6,378.3631,0.0,-0.06981,0.0,-0.06981,Sidewalk
267.0,110.093,3.0619,0.38397,0.0,-0.0,187.9093,0.9118,stand_6,378.3505,0.0,-0.0,0.0,-0.0,Sidewalk
267.5,110.093,3.0619,0.34907,0.0,-0.06981,187.9093,0.9118,stand_6,378.3631,0.0,-0.06981,0.0,-0.06981,Sidewalk
268.0,110.093,3.0619,0.34907,0.0,-0.0,187.9093,0.9118,stand_6,378.3505,0.0,-0.0,0.0,-0.0,Sidewalk
268.5,110.093,3.0619,0.31416,0.0,-0.06981,187.9093,0.9118,stand_6,378.3631,0.0,-0.06981,0.0,-0.06981,Sidewalk
269.0,110.093,3.0619,0.31416,0.0,-0.0,187.9093,0.9118,stand_6,378.3505,0.0,-0.0,0.0,-0.0,Sidewalk
269.5,110.093,3.0619,0.27925,0.0,-0.06981,187.9093,0.9118,stand_6,378.3631,0.0,-0.06981,0.0,-0.06981,Sidewalk
270.0,110.093,3.0619,0.27925,0.0,-0.0,187.9093,0.9118,stand_6,378.3505,0.0,-0.0,0.0,-0.0,Sidewalk
270.5,110.093,3.0619,0.24435,0.0,-0.06981,187.9093,0.9118,stand_6,378.3631,0.0,-0.06981,0.0,-0.06981,Sidewalk
271.0,110.093,3.0619,0.24435,0.0,-0.0,187.9093,0.9118,stand_6,378.3506,0.0,-0.0,0.0,-0.0,Sidewalk
271.5,110.093,3.0619,0.20944,0.0,-0.06981,187.9093,0.9118,stand_6,378.3631,0.0,-0.06981,0.0,-0.06981,Sidewalk
272.0,110.093,3.0619,0.20944,0.0,-0.0,187.9093,0.9118,stand_6,378.3506,0.0,-0.0,0.0,-0.0,Sidewalk
272.5,110.093,3.0619,0.17453,0.0,-0.06981,187.9093,0.9118,stand_6,378.3631,0.0,-0.06981,0.0,-0.06981,Sidewalk
273.0,110.093,3.0619,0.17453,0.0,-0.0,187.9093,0.9118,stand_6,378.3506,0.0,-0.0,0.0,-0.0,Sidewalk
273.5,110.093,3.0619,0.13963,0.0,-0.06981,187.9093,0.9118,stand_6,378.3631,0.0,-0.06981,0.0,-0.06981,Sidewalk
274.0,110.093,3.0619,0.13963,0.0,-0.0,187.9093,0.9118,stand_6,378.3506,0.0,-0.0,0.0,-0.0,Sidewalk
274.5,110.093,3.0619,0.10472,0.0,-0.06981,187.9093,0.9118,stand_6,378.3632,0.0,-0.06981,0.0,-0.06981,Sidewalk
275.0,110.093,3.0619,0.10472,0.0,-0.0,187.9093,0.9118,stand_6,378.3506,0.0,-0.0,0.0,-0.0,Sidewalk
275.5,110.093,3.0619,0.06981,0.0,-0.06981,187.9093,0.9118,stand_6,378.3632,0.0,-0.06981,0.0,-0.06981,Sidewalk
276.0,110.093,3.0619,0.06981,0.0,-0.0,187.9093,0.9118,stand_6,378.3506,0.0,-0.0,0.0,-0.0,Sidewalk
276.5,110.093,3.0619,0.03491,0.0,-0.06981,187.9093,0.9118,stand_6,378.3632,0.0,-0.06981,0.0,-0.06981,Sidewalk
277.0,110.093,3.0619,0.03491,0.0,-0.0,187.9093,0.9118,stand_6,378.3506,0.0,-0.0,0.0,-0.0,Sidewalk
277.5,110.093,3.0619,-0.0,0.0,-0.06981,187.9093,0.9118,stand_6,378.3632,0.0,-0.06981,0.0,-0.06981,Sidewalk
278.0,110.093,3.0619,-0.0,0.0,-0.0,187.9093,0.9118,stand_6,378.3506,0.0,-0.0,0.0,-0.0,Sidewalk
278.5,110.093,3.0619,-0.03491,0.0,-0.06981,187.9093,0.9118,stand_6,378.3632,0.0,-0.06981,0.0,-0.06981,Sidewalk
279.0,110.093,3.0619,-0.03491,0.0,-0.0,187.9093,0.9118,stand_6,378.3506,0.0,-0.0,0.0,-0.0,Sidewalk
279.5,110.093,3.0619,-0.06981,0.0,-0.06981,187.9093,0.9118,stand_6,378.3632,0.0,-0.06981,0.0,-0.06981,Sidewalk
280.0,110.093,3.0619,-0.06981,0.0,-0.0,187.9093,0.9117,stand_6,378.3506,0.0,-0.0,0.0,-0.0,Sidewalk
280.5,110.093,3.0619,-0.10472,0.0,-0.06981,187.9093,0.9117,stand_6,378.3632,0.0,-0.06981,0.0,-0.06981,Sidewalk
281.0,110.093,3.0619,-0.10472,0.0,-0.0,187.9093,0.9117,stand_6,378.3506,0.0,-0.0,0.0,-0.0,Sidewalk
281.5,110.093,3.0619,-0.13963,0.0,-0.06981,187.9093,0.9117,stand_6,378.3632,0.0,-0.06981,0.0,-0.06981,Sidewalk
282.0,110.093,3.0619,-0.13963,0.0,-0.0,187.9093,0.9117,stand_6,378.3507,0.0,-0.0,0.0,-0.0,Sidewalk
282.5,110.093,3.0619,-0.17453,0.0,-0.06981,187.9093,0.9117,stand_6,378.3632,0.0,-0.06981,0.0,-0.06981,Sidewalk
283.0,110.093,3.0619,-0.17453,0.0,-0.0,187.9093,0.9117,stand_6,378.3507,0.0,-0.0,0.0,-0.0,Sidewalk
283.5,110.093,3.0619,-0.20944,0.0,-0.06981,187.9093,0.9117,stand_6,378.3632,0.0,-0.06981,0.0,-0.06981,Sidewalk
284.0,110.093,3.0619,-0.20944,0.0,-0.0,187.9093,0.9117,stand_6,378.3507,0.0,-0.0,0.0,-0.0,Sidewalk
284.5,110.093,3.0619,-0.24435,0.0,-0.06981,187.9093,0.9117,stand_6,378.3633,0.0,-0.06981,0.0,-0.06981,Sidewalk
285.0,110.093,3.0619,-0.24435,0.0,-0.0,187.9093,0.9117,stand_6,378.3507,0.0,-0.0,0.0,-0.0,Sidewalk
285.5,110.093,3.0619,-0.27925,0.0,-0.06981,187.9093,0.9117,stand_6,378.3633,0.0,-0.06981,0.0,-0.06981,Sidewalk
286.0,110.093,3.0619,-0.27925,0.0,-0.0,187.9093,0.9117,stand_6,378.3507,0.0,-0.0,0.0,-0.0,Sidewalk
286.5,110.093,3.0619,-0.31416,0.0,-0.06981,187.9093,0.9117,stand_6,378.3633,0.0,-0.06981,0.0,-0.06981,Sidewalk
287.0,110.093,3.0619,-0.31416,0.0,-0.0,187.9093,0.9117,stand_6,378.3507,0.0,-0.0,0.0,-0.0,Sidewalk
287.5,110.093,3.0619,-0.34907,0.0,-0.06981,187.9093,0.9117,stand_6,378.3633,0.0,-0.06981,0.0,-0.06981,Sidewalk
288.0,110.093,3.0619,-0.34907,0.0,-0.0,187.9093,0.9117,stand_6,378.3507,0.0,-0.0,0.0,-0.0,Sidewalk
288.5,110.093,3.0619,-0.38397,0.0,-0.06981,187.9093,0.9117,stand_6,378.3633,0.0,-0.06981,0.0,-0.06981,Sidewalk
289.0,110.093,3.0619,-0.38397,0.0,-0.0,187.9093,0.9117,stand_6,378.3507,0.0,-0.0,0.0,-0.0,Sidewalk
289.5,110.093,3.0619,-0.41888,0.0,-0.06981,187.9093,0.9117,stand_6,378.3633,0.0,-0.06981,0.0,-0.06981,Sidewalk
290.0,110.093,3.0619,-0.41888,0.0,-0.0,187.9093,0.9117,stand_6,378.3507,0.0,-0.0,0.0,-0.0,Sidewalk
290.5,110.093,3.0619,-0.45379,0.0,-0.06981,187.9093,0.9117,stand_6,378.3633,0.0,-0.06981,0.0,-0.06981,Sidewalk
291.0,110.093,3.0619,-0.45379,0.0,-0.0,187.9093,0.9117,stand_6,378.3508,0.0,-0.0,0.0,-0.0,Sidewalk
291.5,110.093,3.0619,-0.48869,0.0,-0.06981,187.9093,0.9117,stand_6,378.3633,0.0,-0.06981,0.0,-0.06981,Sidewalk
292.0,110.093,3.0619,-0.48869,0.0,-0.0,187.9093,0.9117,stand_6,378.3508,0.0,-0.0,0.0,-0.0,Sidewalk
292.5,110.093,3.0619,-0.5236,0.0,-0.06981,187.9093,0.9117,stand_6,378.3633,0.0,-0.06981,0.0,-0.06981,Sidewalk
293.0,110.093,3.0619,-0.5236,0.0,-0.0,187.9093,0.9117,stand_6,378.3508,0.0,-0.0,0.0,-0.0,Sidewalk
293.5,110.093,3.0619,-0.55851,0.0,-0.06981,187.9093,0.9117,stand_6,378.3633,0.0,-0.06981,0.0,-0.06981,Sidewalk
294.0,110.093,3.0619,-0.55851,0.0,-0.0,187.9093,0.9117,stand_6,378.3508,0.0,-0.0,0.0,-0.0,Sidewalk
294.5,110.093,3.0619,-0.59341,0.0,-0.06981,187.9093,0.9117,stand_6,378.3634,0.0,-0.06981,0.0,-0.06981,Sidewalk
295.0,110.093,3.0619,-0.59341,0.0,-0.0,187.9093,0.9117,stand_6,378.3508,0.0,-0.0,0.0,-0.0,Sidewalk
295.5,110.093,3.0619,-0.62832,0.0,-0.06981,187.9093,0.9117,stand_6,378.3634,0.0,-0.06981,0.0,-0.06981,Sidewalk
296.0,110.093,3.0619,-0.62832,0.0,-0.0,187.9093,0.9117,stand_6,378.3508,0.0,-0.0,0.0,-0.0,Sidewalk
296.5,110.093,3.0619,-0.66323,0.0,-0.06981,187.9093,0.9117,stand_6,378.3634,0.0,-0.06981,0.0,-0.06981,Sidewalk
297.0,110.093,3.0619,-0.66323,0.0,-0.0,187.9093,0.9117,stand_6,378.3508,0.0,-0.0,0.0,-0.0,Sidewalk
297.5,110.093,3.0619,-0.69813,0.0,-0.06981,187.9093,0.9117,stand_6,378.3634,0.0,-0.06981,0.0,-0.06981,Sidewalk
298.0,110.093,3.0619,-0.69813,0.0,-0.0,187.9093,0.9117,stand_6,378.3508,0.0,-0.0,0.0,-0.0,Sidewalk
298.5,110.093,3.0619,-0.73304,0.0,-0.06981,187.9093,0.9117,stand_6,378.3634,0.0,-0.06981,0.0,-0.06981,Sidewalk
299.0,110.093,3.0619,-0.73304,0.0,-0.0,187.9093,0.9117,stand_6,378.3508,0.0,-0.0,0.0,-0.0,Sidewalk
299.5,110.093,3.0619,-0.76794,0.0,-0.06981,187.9093,0.9117,stand_6,378.3634,0.0,-0.06981,0.0,-0.06981,Sidewalk
300.0,110.093,3.0619,-0.76794,0.0,-0.0,187.9093,0.9117,stand_6,378.3509,0.0,-0.0,0.0,-0.0,Sidewalk
300.5,110.093,3.0619,-0.80285,0.0,-0.06981,187.9093,0.9117,stand_6,378.3634,0.0,-0.06981,0.0,-0.06981,Sidewalk
301.0,110.093,3.0619,-0.80285,0.0,-0.0,187.9093,0.9117,stand_6,378.3509,0.0,-0.0,0.0,-0.0,Sidewalk
301.5,110.093,3.0619,-0.83776,0.0,-0.06981,187.9093,0.9117,stand_6,378.3634,0.0,-0.06981,0.0,-0.06981,Sidewalk
302.0,110.093,3.0619,-0.83776,0.0,-0.0,187.9093,0.9117,stand_6,378.3509,0.0,-0.0,0.0,-0.0,Sidewalk
302.5,110.093,3.0619,-0.87266,0.0,-0.06981,187.9093,0.9117,stand_6,378.3634,0.0,-0.06981,0.0,-0.06981,Sidewalk
303.0,110.093,3.0619,-0.87266,0.0,-0.0,187.9093,0.9117,stand_6,378.3509,0.0,-0.0,0.0,-0.0,Sidewalk
303.5,110.093,3.0619,-0.90757,0.0,-0.06981,187.9093,0.9117,stand_6,378.3634,0.0,-0.06981,0.0,-0.06981,Sidewalk
304.0,110.093,3.0619,-0.90757,0.0,-0.0,187.9093,0.9117,stand_6,378.3509,0.0,-0.0,0.0,-0.0,Sidewalk
304.5,110.093,3.0619,-0.94248,0.0,-0.06981,187.9093,0.9117,stand_6,378.3635,0.0,-0.06981,0.0,-0.06981,Sidewalk
305.0,110.093,3.0619,-0.94248,0.0,-0.0,187.9093,0.9117,stand_6,378.3509,0.0,-0.0,0.0,-0.0,Sidewalk
305.5,110.093,3.0619,-0.97738,0.0,-0.06981,187.9093,0.9117,stand_6,378.3635,0.0,-0.06981,0.0,-0.06981,Sidewalk
306.0,110.093,3.0619,-0.97738,0.0,-0.0,187.9093,0.9117,stand_6,378.3509,0.0,-0.0,0.0,-0.0,Sidewalk
306.5,110.093,3.0619,-1.01229,0.0,-0.06981,187.9093,0.9117,stand_6,378.3635,0.0,-0.06981,0.0,-0.06981,Sidewalk
307.0,110.093,3.0619,-1.01229,0.0,-0.0,187.9093,0.9117,stand_6,378.3509,0.0,-0.0,0.0,-0.0,Sidewalk
307.5,110.093,3.0619,-1.0472,0.0,-0.06981,187.9093,0.9117,stand_6,378.3635,0.0,-0.06981,0.0,-0.06981,Sidewalk
308.0,110.093,3.0619,-1.0472,0.0,-0.0,187.9093,0.9117,stand_6,378.3509,0.0,-0.0,0.0,-0.0,Sidewalk
308.5,110.093,3.0619,-1.0821,0.0,-0.06981,187.9093,0.9117,stand_6,378.3635,0.0,-0.06981,0.0,-0.06981,Sidewalk
309.0,110.093,3.0619,-1.0821,0.0,-0.0,187.9093,0.9117,stand_6,378.3509,0.0,-0.0,0.0,-0.0,Sidewalk
309.5,110.093,3.0619,-1.11701,0.0,-0.06981,187.9093,0.9117,stand_6,378.3635,0.0,-0.06981,0.0,-0.06981,Sidewalk
310.0,110.093,3.0619,-1.11701,0.0,-0.0,187.9093,0.9117,stand_6,378.3509,0.0,-0.0,0.0,-0.0,Sidewalk
310.5,110.093,3.0619,-1.15192,0.0,-0.06981,187.9093,0.9117,stand_6,378.3635,0.0,-0.06981,0.0,-0.06981,Sidewalk
311.0,110.093,3.0619,-1.15192,0.0,-0.0,187.9093,0.9117,stand_6,378.351,0.0,-0.0,0.0,-0.0,Sidewalk
311.5,110.093,3.0619,-1.18682,0.0,-0.06981,187.9093,0.9117,stand_6,378.3635,0.0,-0.06981,0.0,-0.06981,Sidewalk
312.0,110.093,3.0619,-1.18682,0.0,-0.0,187.9093,0.9117,stand_6,378.351,0.0,-0.0,0.0,-0.0,Sidewalk
312.5,110.093,3.0619,-1.22173,0.0,-0.06981,187.9093,0.9117,stand_6,378.3635,0.0,-0.06981,0.0,-0.06981,Sidewalk
313.0,110.093,3.0619,-1.22173,0.0,-0.0,187.9093,0.9117,stand_6,378.351,0.0,-0.0,0.0,-0.0,Sidewalk
313.5,110.093,3.0619,-1.25664,0.0,-0.06981,187.9093,0.9117,stand_6,378.3635,0.0,-0.06981,0.0,-0.06981,Sidewalk
314.0,110.093,3.0619,-1.25664,0.0,-0.0,187.9093,0.9117,stand_6,378.351,0.0,-0.0,0.0,-0.0,Sidewalk
314.5,110.093,3.0619,-1.29154,0.0,-0.06981,187.9093,0.9117,stand_6,378.3636,0.0,-0.06981,0.0,-0.06981,Sidewalk
315.0,110.093,3.0619,-1.29154,0.0,-0.0,187.9093,0.9117,stand_6,378.351,0.0,-0.0,0.0,-0.0,Sidewalk
315.5,110.093,3.0619,-1.32645,0.0,-0.06981,187.9093,0.9117,stand_6,378.3636,0.0,-0.06981,0.0,-0.06981,Sidewalk
316.0,110.093,3.0619,-1.32645,0.0,-0.0,187.9093,0.9116,stand_6,378.351,0.0,-0.0,0.0,-0.0,Sidewalk
316.5,110.093,3.0619,-1.36136,0.0,-0.06981,187.9093,0.9116,stand_6,378.3636,0.0,-0.06981,0.0,-0.06981,Sidewalk
317.0,110.093,3.0619,-1.36136,0.0,-0.0,187.9093,0.9116,stand_6,378.351,0.0,-0.0,0.0,-0.0,Sidewalk
317.5,110.093,3.0619,-1.39626,0.0,-0.06981,187.9093,0.9116,stand_6,378.3636,0.0,-0.06981,0.0,-0.06981,Sidewalk
318.0,110.093,3.0619,-1.39626,0.0,-0.0,187.9093,0.9116,stand_6,378.351,0.0,-0.0,0.0,-0.0,Sidewalk
318.5,110.093,3.0619,-1.43117,0.0,-0.06981,187.9093,0.9116,stand_6,378.3636,0.0,-0.06981,0.0,-0.06981,Sidewalk
319.0,110.093,3.0619,-1.43117,0.0,-0.0,187.9093,0.9116,stand_6,378.351,0.0,-0.0,0.0,-0.0,Sidewalk
319.5,110.093,3.0619,-1.46608,0.0,-0.06981,187.9093,0.9116,stand_6,378.3636,0.0,-0.06981,0.0,-0.06981,Sidewalk
320.0,110.093,3.0619,-1.46608,0.0,-0.0,187.9093,0.9116,stand_6,378.351,0.0,-0.0,0.0,-0.0,Sidewalk
320.5,110.093,3.0619,-1.50098,0.0,-0.06981,187.9093,0.9116,stand_6,378.3636,0.0,-0.06981,0.0,-0.06981,Sidewalk
321.0,110.093,3.0619,-1.50098,0.0,-0.0,187.9093,0.9116,stand_6,378.3511,0.0,-0.0,0.0,-0.0,Sidewalk
321.5,110.093,3.0619,-1.53589,0.0,-0.06981,187.9093,0.9116,stand_6,378.3636,0.0,-0.06981,0.0,-0.06981,Sidewalk
322.0,110.093,3.0619,-1.53589,0.0,-0.0,187.9093,0.9116,stand_6,378.3511,0.0,-0.0,0.0,-0.0,Sidewalk
322.5,110.093,3.0619,-1.5708,0.0,-0.06981,187.9093,0.9116,stand_6,378.3636,0.0,-0.06981,0.0,-0.06981,Sidewalk
323.0,110.093,3.0619,-1.5708,0.0,-0.0,187.9093,0.9116,stand_6,378.3511,0.0,-0.0,0.0,-0.0,Sidewalk
323.5,110.093,3.0619,-1.6057,0.0,-0.06981,187.9093,0.9116,stand_6,378.3636,0.0,-0.06981,0.0,-0.06981,Sidewalk
324.0,110.093,3.0619,-1.6057,0.0,-0.0,187.9093,0.9116,stand_6,378.3511,0.0,-0.0,0.0,-0.0,Sidewalk
324.5,110.093,3.0619,-1.64061,0.0,-0.06981,187.9093,0.9116,stand_6,378.3637,0.0,-0.06981,0.0,-0.06981,Sidewalk
325.0,110.093,3.0619,-1.64061,0.0,-0.0,187.9093,0.9116,stand_6,378.3511,0.0,-0.0,0.0,-0.0,Sidewalk
325.5,110.093,3.0619,-1.67552,0.0,-0.06981,187.9093,0.9116,stand_6,378.3637,0.0,-0.06981,0.0,-0.06981,Sidewalk
326.0,110.093,3.0619,-1.67552,0.0,-0.0,187.9093,0.9116,stand_6,378.3511,0.0,-0.0,0.0,-0.0,Sidewalk
326.5,110.093,3.0619,-1.71042,0.0,-0.06981,187.9093,0.9116,stand_6,378.3637,0.0,-0.06981,0.0,-0.06981,Sidewalk
327.0,110.093,3.0619,-1.71042,0.0,-0.0,187.9093,0.9116,stand_6,378.3511,0.0,-0.0,0.0,-0.0,Sidewalk
327.5,110.093,3.0619,-1.74533,0.0,-0.06981,187.9093,0.9116,stand_6,378.3637,0.0,-0.06981,0.0,-0.06981,Sidewalk
328.0,110.093,3.0619,-1.74533,0.0,-0.0,187.9093,0.9116,stand_6,378.3511,0.0,-0.0,0.0,-0.0,Sidewalk
328.5,110.093,3.0619,-1.78024,0.0,-0.06981,187.9093,0.9116,stand_6,378.3637,0.0,-0.06981,0.0,-0.06981,Sidewalk
329.0,110.093,3.0619,-1.78024,0.0,-0.0,187.9093,0.9116,stand_6,378.3511,0.0,-0.0,0.0,-0.0,Sidewalk
329.5,110.093,3.0619,-1.81514,0.0,-0.06981,187.9093,0.9116,stand_6,378.3637,0.0,-0.06981,0.0,-0.06981,Sidewalk
330.0,110.093,3.0619,-1.81514,0.0,-0.0,187.9093,0.9116,stand_6,378.3511,0.0,-0.0,0.0,-0.0,Sidewalk
330.5,110.093,3.0619,-1.85005,0.0,-0.06981,187.9093,0.9116,stand_6,378.3637,0.0,-0.06981,0.0,-0.06981,Sidewalk
331.0,110.093,3.0619,-1.85005,0.0,-0.0,187.9093,0.9116,stand_6,378.3512,0.0,-0.0,0.0,-0.0,Sidewalk
331.5,110.093,3.0619,-1.88496,0.0,-0.06981,187.9093,0.9116,stand_6,378.3637,0.0,-0.06981,0.0,-0.06981,Sidewalk
332.0,110.093,3.0619,-1.88496,0.0,-0.0,187.9093,0.9116,stand_6,378.3512,0.0,-0.0,0.0,-0.0,Sidewalk
332.5,110.093,3.0619,-1.91986,0.0,-0.06981,187.9093,0.9116,stand_6,378.3637,0.0,-0.06981,0.0,-0.06981,Sidewalk
333.0,110.093,3.0619,-1.91986,0.0,-0.0,187.9093,0.9116,stand_6,378.3512,0.0,-0.0,0.0,-0.0,Sidewalk
333.5,110.093,3.0619,-1.95477,0.0,-0.06981,187.9093,0.9116,stand_6,378.3638,0.0,-0.06981,0.0,-0.06981,Sidewalk
334.0,110.093,3.0619,-1.95477,0.0,-0.0,187.9093,0.9116,stand_6,378.3512,0.0,-0.0,0.0,-0.0,Sidewalk
334.5,110.093,3.0619,-1.98968,0.0,-0.06981,187.9093,0.9116,stand_6,378.3638,0.0,-0.06981,0.0,-0.06981,Sidewalk
335.0,110.093,3.0619,-1.98968,0.0,-0.0,187.9093,0.9116,stand_6,378.3512,0.0,-0.0,0.0,-0.0,Sidewalk
335.5,110.093,3.0619,-2.02458,0.0,-0.06981,187.9093,0.9116,stand_6,378.3638,0.0,-0.06981,0.0,-0.06981,Sidewalk
336.0,110.093,3.0619,-2.02458,0.0,-0.0,187.9093,0.9116,stand_6,378.3512,0.0,-0.0,0.0,-0.0,Sidewalk
336.5,110.093,3.0619,-2.05949,0.0,-0.06981,187.9093,0.9116,stand_6,378.3638,0.0,-0.06981,0.0,-0.06981,Sidewalk
337.0,110.093,3.0619,-2.05949,0.0,-0.0,187.9093,0.9116,stand_6,378.3512,0.0,-0.0,0.0,-0.0,Sidewalk
337.5,110.093,3.0619,-2.0944,0.0,-0.06981,187.9093,0.9116,stand_6,378.3638,0.0,-0.06981,0.0,-0.06981,Sidewalk
338.0,110.093,3.0619,-2.0944,0.0,-0.0,187.9093,0.9116,stand_6,378.3512,0.0,-0.0,0.0,-0.0,Sidewalk
338.5,110.093,3.0619,-2.1293,0.0,-0.06981,187.9093,0.9116,stand_6,378.3638,0.0,-0.06981,0.0,-0.06981,Sidewalk
339.0,110.093,3.0619,-2.1293,0.0,-0.0,187.9093,0.9116,stand_6,378.3512,0.0,-0.0,0.0,-0.0,Sidewalk
339.5,110.093,3.0619,-2.16421,0.0,-0.06981,187.9093,0.9116,stand_6,378.3638,0.0,-0.06981,0.0,-0.06981,Sidewalk
340.0,110.093,3.0619,-2.16421,0.0,-0.0,187.9093,0.9116,stand_6,378.3513,0.0,-0.0,0.0,-0.0,Sidewalk
340.5,110.093,3.0619,-2.19911,0.0,-0.06981,187.9093,0.9116,stand_6,378.3638,0.0,-0.06981,0.0,-0.06981,Sidewalk
341.0,110.093,3.0619,-2.19911,0.0,-0.0,187.9093,0.9116,stand_6,378.3513,0.0,-0.0,0.0,-0.0,Sidewalk
341.5,110.093,3.0619,-2.23402,0.0,-0.06981,187.9093,0.9116,stand_6,378.3638,0.0,-0.06981,0.0,-0.06981,Sidewalk
342.0,110.093,3.0619,-2.23402,0.0,-0.0,187.9093,0.9116,stand_6,378.3513,0.0,-0.0,0.0,-0.0,Sidewalk
342.5,110.093,3.0619,-2.26893,0.0,-0.06981,187.9093,0.9116,stand_6,378.3639,0.0,-0.06981,0.0,-0.06981,Sidewalk
343.0,110.093,3.0619,-2.26893,0.0,-0.0,187.9093,0.9116,stand_6,378.3513,0.0,-0.0,0.0,-0.0,Sidewalk
343.5,110.093,3.0619,-2.30383,0.0,-0.06981,187.9093,0.9116,stand_6,378.3639,0.0,-0.06981,0.0,-0.06981,Sidewalk
344.0,110.093,3.0619,-2.30383,0.0,-0.0,187.9093,0.9116,stand_6,378.3513,0.0,-0.0,0.0,-0.0,Sidewalk
344.5,110.093,3.0619,-2.33874,0.0,-0.06981,187.9093,0.9116,stand_6,378.3639,0.0,-0.06981,0.0,-0.06981,Sidewalk
345.0,110.093,3.0619,-2.33874,0.0,-0.0,187.9093,0.9116,stand_6,378.3513,0.0,-0.0,0.0,-0.0,Sidewalk
345.5,110.093,3.0619,-2.37365,0.0,-0.06981,187.9093,0.9116,stand_6,378.3639,0.0,-0.06981,0.0,-0.06981,Sidewalk
346.0,110.093,3.0619,-2.37365,0.0,-0.0,187.9093,0.9116,stand_6,378.3513,0.0,-0.0,0.0,-0.0,Sidewalk
346.5,110.093,3.0619,-2.40855,0.0,-0.06981,187.9093,0.9116,stand_6,378.3639,0.0,-0.06981,0.0,-0.06981,Sidewalk
347.0,110.093,3.0619,-2.40855,0.0,-0.0,187.9093,0.9116,stand_6,378.3513,0.0,-0.0,0.0,-0.0,Sidewalk
347.5,110.093,3.0619,-2.44346,0.0,-0.06981,187.9093,0.9116,stand_6,378.3639,0.0,-0.06981,0.0,-0.06981,Sidewalk
348.0,110.093,3.0619,-2.44346,0.0,-0.0,187.9093,0.9116,stand_6,378.3514,0.0,-0.0,0.0,-0.0,Sidewalk
348.5,110.093,3.0619,-2.47837,0.0,-0.06981,187.9093,0.9116,stand_6,378.3639,0.0,-0.06981,0.0,-0.06981,Sidewalk
349.0,110.093,3.0619,-2.47837,0.0,-0.0,187.9093,0.9116,stand_6,378.3514,0.0,-0.0,0.0,-0.0,Sidewalk
349.5,110.093,3.0619,-2.51327,0.0,-0.06981,187.9093,0.9115,stand_6,378.3639,0.0,-0.06981,0.0,-0.06981,Sidewalk
350.0,110.093,3.0619,-2.51327,0.0,-0.0,187.9093,0.9115,stand_6,378.3514,0.0,-0.0,0.0,-0.0,Sidewalk
350.5,110.093,3.0619,-2.54818,0.0,-0.06981,187.9093,0.9115,stand_6,378.3639,0.0,-0.06981,0.0,-0.06981,Sidewalk
351.0,110.093,3.0619,-2.54818,0.0,-0.0,187.9093,0.9115,stand_6,378.3514,0.0,-0.0,0.0,-0.0,Sidewalk
351.5,110.093,3.0619,-2.58309,0.0,-0.06981,187.9093,0.9115,stand_6,378.364,0.0,-0.06981,0.0,-0.06981,Sidewalk
352.0,110.093,3.0619,-2.58309,0.0,-0.0,187.9093,0.9115,stand_6,378.3514,0.0,-0.0,0.0,-0.0,Sidewalk
352.5,110.093,3.0619,-2.61799,0.0,-0.06981,187.9093,0.9115,stand_6,378.364,0.0,-0.06981,0.0,-0.06981,Sidewalk
353.0,110.093,3.0619,-2.61799,0.0,-0.0,187.9093,0.9115,stand_6,378.3514,0.0,-0.0,0.0,-0.0,Sidewalk
353.5,110.093,3.0619,-2.6529,0.0,-0.06981,187.9093,0.9115,stand_6,378.364,0.0,-0.06981,0.0,-0.06981,Sidewalk
354.0,110.093,3.0619,-2.6529,0.0,-0.0,187.9093,0.9115,stand_6,378.3514,0.0,-0.0,0.0,-0.0,Sidewalk
354.5,110.093,3.0619,-2.68781,0.0,-0.06981,187.9093,0.9115,stand_6,378.364,0.0,-0.06981,0.0,-0.06981,Sidewalk
355.0,110.093,3.0619,-2.68781,0.0,-0.0,187.9093,0.9115,stand_6,378.3514,0.0,-0.0,0.0,-0.0,Sidewalk
355.5,110.093,3.0619,-2.72271,0.0,-0.06981,187.9093,0.9115,stand_6,378.364,0.0,-0.06981,0.0,-0.06981,Sidewalk
356.0,110.093,3.0619,-2.72271,0.0,-0.0,187.9093,0.9115,stand_6,378.3514,0.0,-0.0,0.0,-0.0,Sidewalk
356.5,110.093,3.0619,-2.75762,0.0,-0.06981,187.9093,0.9115,stand_6,378.364,0.0,-0.06981,0.0,-0.06981,Sidewalk
357.0,110.093,3.0619,-2.75762,0.0,-0.0,187.9093,0.9115,stand_6,378.3515,0.0,-0.0,0.0,-0.0,Sidewalk
357.5,110.093,3.0619,-2.79253,0.0,-0.06981,187.9093,0.9115,stand_6,378.364,0.0,-0.06981,0.0,-0.06981,Sidewalk
358.0,110.093,3.0619,-2.79253,0.0,-0.0,187.9093,0.9115,stand_6,378.3515,0.0,-0.0,0.0,-0.0,Sidewalk
358.5,110.093,3.0619,-2.82743,0.0,-0.06981,187.9093,0.9115,stand_6,378.364,0.0,-0.06981,0.0,-0.06981,Sidewalk
359.0,110.093,3.0619,-2.82743,0.0,-0.0,187.9093,0.9115,stand_6,378.3515,0.0,-0.0,0.0,-0.0,Sidewalk
359.5,110.093,3.0619,-2.86234,0.0,-0.06981,187.9093,0.9115,stand_6,378.364,0.0,-0.06981,0.0,-0.06981,Sidewalk
360.0,110.093,3.0619,-2.86234,0.0,-0.0,187.9093,0.9115,stand_6,378.3515,0.0,-0.0,0.0,-0.0,Sidewalk
360.5,110.093,3.0619,-2.89725,0.0,-0.06981,187.9093,0.9115,stand_6,378.3641,0.0,-0.06981,0.0,-0.06981,Sidewalk
361.0,110.093,3.0619,-2.89725,0.0,-0.0,187.9093,0.9115,stand_6,378.3515,0.0,-0.0,0.0,-0.0,Sidewalk
361.5,110.093,3.0619,-2.93215,0.0,-0.06981,187.9093,0.9115,stand_6,378.3641,0.0,-0.06981,0.0,-0.06981,Sidewalk
362.0,110.093,3.0619,-2.93215,0.0,-0.0,187.9093,0.9115,stand_6,378.3515,0.0,-0.0,0.0,-0.0,Sidewalk
362.5,110.093,3.0619,-2.96706,0.0,-0.06981,187.9093,0.9115,stand_6,378.3641,0.0,-0.06981,0.0,-0.06981,Sidewalk
363.0,110.093,3.0619,-2.96706,0.0,-0.0,187.9093,0.9115,stand_6,378.3515,0.0,-0.0,0.0,-0.0,Sidewalk
363.5,110.093,3.0619,-3.00197,0.0,-0.06981,187.9093,0.9115,stand_6,378.3641,0.0,-0.06981,0.0,-0.06981,Sidewalk
364.0,110.093,3.0619,-3.00197,0.0,-0.0,187.9093,0.9115,stand_6,378.3515,0.0,-0.0,0.0,-0.0,Sidewalk
364.5,110.093,3.0619,-3.03687,0.0,-0.06981,187.9093,0.9115,stand_6,378.3641,0.0,-0.06981,0.0,-0.06981,Sidewalk
365.0,110.093,3.0619,-3.03687,0.0,-0.0,187.9093,0.9115,stand_6,378.3515,0.0,-0.0,0.0,-0.0,Sidewalk
365.5,110.093,3.0619,-3.07178,0.0,-0.06981,187.9093,0.9115,stand_6,378.3641,0.0,-0.06981,0.0,-0.06981,Sidewalk
366.0,110.093,3.0619,-3.07178,0.0,-0.0,187.9093,0.9115,stand_6,378.3515,0.0,-0.0,0.0,-0.0,Sidewalk
366.5,110.093,3.0619,-3.10669,0.0,-0.06981,187.9093,0.9115,stand_6,378.3641,0.0,-0.06981,0.0,-0.06981,Sidewalk
367.0,110.093,3.0619,-3.10669,0.0,-0.0,187.9093,0.9115,stand_6,378.3516,0.0,-0.0,0.0,-0.0,Sidewalk
367.5,110.093,3.0619,3.14159,0.0,-0.06981,187.9093,0.9115,stand_6,378.3641,0.0,-0.06981,0.0,-0.06981,Sidewalk
368.0,110.093,3.0619,3.14159,0.0,-0.0,187.9093,0.9115,stand_6,378.3516,0.0,-0.0,0.0,-0.0,Sidewalk
368.5,110.093,3.0619,3.10669,0.0,-0.06981,187.9093,0.9115,stand_6,378.3641,0.0,-0.06981,0.0,-0.06981,Sidewalk
369.0,110.093,3.0619,3.10669,0.0,-0.0,187.9093,0.9115,stand_6,378.3516,0.0,-0.0,0.0,-0.0,Sidewalk
369.5,110.093,3.0619,3.07178,0.0,-0.06981,187.9093,0.9115,stand_6,378.3641,0.0,-0.06981,0.0,-0.06981,Sidewalk
370.0,110.093,3.0619,3.07178,0.0,-0.0,187.9093,0.9115,stand_6,378.3516,0.0,-0.0,0.0,-0.0,Sidewalk
370.5,110.093,3.0619,3.03687,0.0,-0.06981,187.9093,0.9115,stand_6,378.3642,0.0,-0.06981,0.0,-0.06981,Sidewalk
371.0,110.093,3.0619,3.03687,0.0,-0.0,187.9093,0.9115,stand_6,378.3516,0.0,-0.0,0.0,-0.0,Sidewalk
371.5,110.093,3.0619,3.00197,0.0,-0.06981,187.9093,0.9115,stand_6,378.3642,0.0,-0.06981,0.0,-0.06981,Sidewalk
372.0,110.093,3.0619,3.00197,0.0,-0.0,187.9093,0.9115,stand_6,378.3516,0.0,-0.0,0.0,-0.0,Sidewalk
372.5,110.093,3.0619,2.96706,0.0,-0.06981,187.9093,0.9115,stand_6,378.3642,0.0,-0.06981,0.0,-0.06981,Sidewalk
373.0,110.093,3.0619,2.96706,0.0,-0.0,187.9093,0.9115,stand_6,378.3516,0.0,-0.0,0.0,-0.0,Sidewalk
373.5,110.093,3.0619,2.93215,0.0,-0.06981,187.9093,0.9115,stand_6,378.3642,0.0,-0.06981,0.0,-0.06981,Sidewalk
374.0,110.093,3.0619,2.93215,0.0,-0.0,187.9093,0.9115,stand_6,378.3516,0.0,-0.0,0.0,-0.0,Sidewalk
374.5,110.093,3.0619,2.89725,0.0,-0.06981,187.9093,0.9115,stand_6,378.3642,0.0,-0.06981,0.0,-0.06981,Sidewalk
375.0,110.093,3.0619,2.89725,0.0,-0.0,187.9093,0.9115,stand_6,378.3516,0.0,-0.0,0.0,-0.0,Sidewalk
375.5,110.093,3.0619,2.86234,0.0,-0.06981,187.9093,0.9115,stand_6,378.3642,0.0,-0.06981,0.0,-0.06981,Sidewalk
376.0,110.093,3.0619,2.86234,0.0,-0.0,187.9093,0.9115,stand_6,378.3517,0.0,-0.0,0.0,-0.0,Sidewalk
376.5,110.093,3.0619,2.82743,0.0,-0.06981,187.9093,0.9115,stand_6,378.3642,0.0,-0.06981,0.0,-0.06981,Sidewalk
377.0,110.093,3.0619,2.82743,0.0,-0.0,187.9093,0.9115,stand_6,378.3517,0.0,-0.0,0.0,-0.0,Sidewalk
377.5,110.093,3.0619,2.79253,0.0,-0.06981,187.9093,0.9115,stand_6,378.3642,0.0,-0.06981,0.0,-0.06981,Sidewalk
378.0,110.093,3.0619,2.79253,0.0,-0.0,187.9093,0.9115,stand_6,378.3517,0.0,-0.0,0.0,-0.0,Sidewalk
378.5,110.093,3.0619,2.75762,0.0,-0.06981,187.9093,0.9115,stand_6,378.3642,0.0,-0.06981,0.0,-0.06981,Sidewalk
379.0,110.093,3.0619,2.75762,0.0,-0.0,187.9093,0.9115,stand_6,378.3517,0.0,-0.0,0.0,-0.0,Sidewalk
379.5,110.093,3.0619,2.72271,0.0,-0.06981,187.9093,0.9115,stand_6,378.3643,0.0,-0.06981,0.0,-0.06981,Sidewalk
380.0,110.093,3.0619,2.72271,0.0,-0.0,187.9093,0.9115,stand_6,378.3517,0.0,-0.0,0.0,-0.0,Sidewalk
380.5,110.093,3.0619,2.68781,0.0,-0.06981,187.9093,0.9115,stand_6,378.3643,0.0,-0.06981,0.0,-0.06981,Sidewalk
381.0,110.093,3.0619,2.68781,0.0,-0.0,187.9093,0.9115,stand_6,378.3517,0.0,-0.0,0.0,-0.0,Sidewalk
381.5,110.093,3.0619,2.6529,0.0,-0.06981,187.9093,0.9115,stand_6,378.3643,0.0,-0.06981,0.0,-0.06981,Sidewalk
382.0,110.093,3.0619,2.6529,0.0,-0.0,187.9093,0.9115,stand_6,378.3517,0.0,-0.0,0.0,-0.0,Sidewalk
382.5,110.093,3.0619,2.61799,0.0,-0.06981,187.9093,0.9115,stand_6,378.3643,0.0,-0.06981,0.0,-0.06981,Sidewalk
383.0,110.093,3.0619,2.61799,0.0,-0.0,187.9093,0.9115,stand_6,378.3517,0.0,-0.0,0.0,-0.0,Sidewalk
383.5,110.093,3.0619,2.58309,0.0,-0.06981,187.9093,0.9114,stand_6,378.3643,0.0,-0.06981,0.0,-0.06981,Sidewalk
384.0,110.093,3.0619,2.58309,0.0,-0.0,187.9093,0.9114,stand_6,378.3517,0.0,-0.0,0.0,-0.0,Sidewalk
384.5,110.093,3.0619,2.54818,0.0,-0.06981,187.9093,0.9114,stand_6,378.3643,0.0,-0.06981,0.0,-0.06981,Sidewalk
385.0,110.093,3.0619,2.54818,0.0,-0.0,187.9093,0.9114,stand_6,378.3517,0.0,-0.0,0.0,-0.0,Sidewalk
385.5,110.093,3.0619,2.51327,0.0,-0.06981,187.9093,0.9114,stand_6,378.3643,0.0,-0.06981,0.0,-0.06981,Sidewalk
386.0,110.093,3.0619,2.51327,0.0,-0.0,187.9093,0.9114,stand_6,378.3518,0.0,-0.0,0.0,-0.0,Sidewalk
386.5,110.093,3.0619,2.47837,0.0,-0.06981,187.9093,0.9114,stand_6,378.3643,0.0,-0.06981,0.0,-0.06981,Sidewalk
387.0,110.093,3.0619,2.47837,0.0,-0.0,187.9093,0.9114,stand_6,378.3518,0.0,-0.0,0.0,-0.0,Sidewalk
387.5,110.093,3.0619,2.44346,0.0,-0.06981,187.9093,0.9114,stand_6,378.3643,0.0,-0.06981,0.0,-0.06981,Sidewalk
388.0,110.093,3.0619,2.44346,0.0,-0.0,187.9093,0.9114,stand_6,378.3518,0.0,-0.0,0.0,-0.0,Sidewalk
388.5,110.093,3.0619,2.40855,0.0,-0.06981,187.9093,0.9114,stand_6,378.3643,0.0,-0.06981,0.0,-0.06981,Sidewalk
389.0,110.093,3.0619,2.40855,0.0,-0.0,187.9093,0.9114,stand_6,378.3518,0.0,-0.0,0.0,-0.0,Sidewalk
389.5,110.093,3.0619,2.37365,0.0,-0.06981,187.9093,0.9114,stand_6,378.3644,0.0,-0.06981,0.0,-0.06981,Sidewalk
390.0,110.093,3.0619,2.37365,0.0,-0.0,187.9093,0.9114,stand_6,378.3518,0.0,-0.0,0.0,-0.0,Sidewalk
390.5,110.093,3.0619,2.33874,0.0,-0.06981,187.9093,0.9114,stand_6,378.3644,0.0,-0.06981,0.0,-0.06981,Sidewalk
391.0,110.093,3.0619,2.33874,0.0,-0.0,187.9093,0.9114,stand_6,378.3518,0.0,-0.0,0.0,-0.0,Sidewalk
391.5,110.093,3.0619,2.30383,0.0,-0.06981,187.9093,0.9114,stand_6,378.3644,0.0,-0.06981,0.0,-0.06981,Sidewalk
392.0,110.093,3.0619,2.30383,0.0,-0.0,187.9093,0.9114,stand_6,378.3518,0.0,-0.0,0.0,-0.0,Sidewalk
392.5,110.093,3.0619,2.26893,0.0,-0.06981,187.9093,0.9114,stand_6,378.3644,0.0,-0.06981,0.0,-0.06981,Sidewalk
393.0,110.093,3.0619,2.26893,0.0,-0.0,187.9093,0.9114,stand_6,378.3518,0.0,-0.0,0.0,-0.0,Sidewalk
393.5,110.093,3.0619,2.23402,0.0,-0.06981,187.9093,0.9114,stand_6,378.3644,0.0,-0.06981,0.0,-0.06981,Sidewalk
394.0,110.093,3.0619,2.23402,0.0,-0.0,187.9093,0.9114,stand_6,378.3518,0.0,-0.0,0.0,-0.0,Sidewalk
394.5,110.093,3.0619,2.19911,0.0,-0.06981,187.9093,0.9114,stand_6,378.3644,0.0,-0.06981,0.0,-0.06981,Sidewalk
395.0,110.093,3.0619,2.19911,0.0,-0.0,187.9093,0.9114,stand_6,378.3518,0.0,-0.0,0.0,-0.0,Sidewalk
395.5,110.093,3.0619,2.16421,0.0,-0.06981,187.9093,0.9114,stand_6,378.3644,0.0,-0.06981,0.0,-0.06981,Sidewalk
396.0,110.093,3.0619,2.16421,0.0,-0.0,187.9093,0.9114,stand_6,378.3519,0.0,-0.0,0.0,-0.0,Sidewalk
396.5,110.093,3.0619,2.1293,0.0,-0.06981,187.9093,0.9114,stand_6,378.3644,0.0,-0.06981,0.0,-0.06981,Sidewalk
397.0,110.093,3.0619,2.1293,0.0,-0.0,187.9093,0.9114,stand_6,378.3519,0.0,-0.0,0.0,-0.0,Sidewalk
397.5,110.093,3.0619,2.0944,0.0,-0.06981,187.9093,0.9114,stand_6,378.3644,0.0,-0.06981,0.0,-0.06981,Sidewalk
398.0,110.093,3.0619,2.0944,0.0,-0.0,187.9093,0.9114,stand_6,378.3519,0.0,-0.0,0.0,-0.0,Sidewalk
398.5,110.093,3.0619,2.05949,0.0,-0.06981,187.9093,0.9114,stand_6,378.3644,0.0,-0.06981,0.0,-0.06981,Sidewalk
399.0,110.093,3.0619,2.05949,0.0,-0.0,187.9093,0.9114,stand_6,378.3519,0.0,-0.0,0.0,-0.0,Sidewalk
399.5,110.093,3.0619,2.02458,0.0,-0.06981,187.9093,0.9114,stand_6,378.3645,0.0,-0.06981,0.0,-0.06981,Sidewalk
400.0,110.093,3.0619,2.02458,0.0,-0.0,187.9093,0.9114,stand_6,378.3519,0.0,-0.0,0.0,-0.0,Sidewalk
400.5,110.093,3.0619,1.98968,0.0,-0.06981,187.9093,0.9114,stand_6,378.3645,0.0,-0.06981,0.0,-0.06981,Sidewalk
401.0,110.093,3.0619,1.98968,0.0,-0.0,187.9093,0.9114,stand_6,378.3519,0.0,-0.0,0.0,-0.0,Sidewalk
401.5,110.093,3.0619,1.95477,0.0,-0.06981,187.9093,0.9114,stand_6,378.3645,0.0,-0.06981,0.0,-0.06981,Sidewalk
402.0,110.093,3.0619,1.95477,0.0,-0.0,187.9093,0.9114,stand_6,378.3519,0.0,-0.0,0.0,-0.0,Sidewalk
402.5,110.093,3.0619,1.91986,0.0,-0.06981,187.9093,0.9114,stand_6,378.3645,0.0,-0.06981,0.0,-0.06981,Sidewalk
403.0,110.093,3.0619,1.91986,0.0,-0.0,187.9093,0.9114,stand_6,378.3519,0.0,-0.0,0.0,-0.0,Sidewalk
403.5,110.093,3.0619,1.88496,0.0,-0.06981,187.9093,0.9114,stand_6,378.3645,0.0,-0.06981,0.0,-0.06981,Sidewalk
404.0,110.093,3.0619,1.88496,0.0,-0.0,187.9093,0.9114,stand_6,378.3519,0.0,-0.0,0.0,-0.0,Sidewalk
404.5,110.093,3.0619,1.85005,0.0,-0.06981,187.9093,0.9114,stand_6,378.3645,0.0,-0.06981,0.0,-0.06981,Sidewalk
405.0,110.093,3.0619,1.85005,0.0,-0.0,187.9093,0.9114,stand_6,378.352,0.0,-0.0,0.0,-0.0,Sidewalk
405.5,110.093,3.0619,1.81514,0.0,-0.06981,187.9093,0.9114,stand_6,378.3645,0.0,-0.06981,0.0,-0.06981,Sidewalk
406.0,110.093,3.0619,1.81514,0.0,-0.0,187.9093,0.9114,stand_6,378.352,0.0,-0.0,0.0,-0.0,Sidewalk
406.5,110.093,3.0619,1.78024,0.0,-0.06981,187.9093,0.9114,stand_6,378.3645,0.0,-0.06981,0.0,-0.06981,Sidewalk
407.0,110.093,3.0619,1.78024,0.0,-0.0,187.9093,0.9114,stand_6,378.352,0.0,-0.0,0.0,-0.0,Sidewalk
407.5,110.093,3.0619,1.74533,0.0,-0.06981,187.9093,0.9114,stand_6,378.3645,0.0,-0.06981,0.0,-0.06981,Sidewalk
408.0,110.093,3.0619,1.74533,0.0,-0.0,187.9093,0.9114,stand_6,378.352,0.0,-0.0,0.0,-0.0,Sidewalk
408.5,110.093,3.0619,1.71042,0.0,-0.06981,187.9093,0.9114,stand_6,378.3646,0.0,-0.06981,0.0,-0.06981,Sidewalk
409.0,110.093,3.0619,1.71042,0.0,-0.0,187.9093,0.9114,stand_6,378.352,0.0,-0.0,0.0,-0.0,Sidewalk
409.5,110.093,3.0619,1.67552,0.0,-0.06981,187.9093,0.9114,stand_6,378.3646,0.0,-0.06981,0.0,-0.06981,Sidewalk
410.0,110.093,3.0619,1.67552,0.0,-0.0,187.9093,0.9114,stand_6,378.352,0.0,-0.0,0.0,-0.0,Sidewalk
410.5,110.093,3.0619,1.64061,0.0,-0.06981,187.9093,0.9114,stand_6,378.3646,0.0,-0.06981,0.0,-0.06981,Sidewalk
411.0,110.093,3.0619,1.64061,0.0,-0.0,187.9093,0.9114,stand_6,378.352,0.0,-0.0,0.0,-0.0,Sidewalk
411.5,110.093,3.0619,1.6057,0.0,-0.06981,187.9093,0.9114,stand_6,378.3646,0.0,-0.06981,0.0,-0.06981,Sidewalk
412.0,110.093,3.0619,1.6057,0.0,-0.0,187.9093,0.9114,stand_6,378.352,0.0,-0.0,0.0,-0.0,Sidewalk
412.5,110.093,3.0619,1.5708,0.0,-0.06981,187.9093,0.9114,stand_6,378.3646,0.0,-0.06981,0.0,-0.06981,Sidewalk
413.0,110.093,3.0619,1.5708,0.0,-0.0,187.9093,0.9114,stand_6,378.352,0.0,-0.0,0.0,-0.0,Sidewalk
413.5,110.093,3.0619,1.53589,0.0,-0.06981,187.9093,0.9114,stand_6,378.3646,0.0,-0.06981,0.0,-0.06981,Sidewalk
414.0,110.093,3.0619,1.53589,0.0,-0.0,187.9093,0.9114,stand_6,378.352,0.0,-0.0,0.0,-0.0,Sidewalk
414.5,110.093,3.0619,1.50098,0.0,-0.06981,187.9093,0.9114,stand_6,378.3646,0.0,-0.06981,0.0,-0.06981,Sidewalk
415.0,110.093,3.0619,1.50098,0.0,-0.0,187.9093,0.9114,stand_6,378.3521,0.0,-0.0,0.0,-0.0,Sidewalk
415.5,110.093,3.0619,1.46608,0.0,-0.06981,187.9093,0.9114,stand_6,378.3646,0.0,-0.06981,0.0,-0.06981,Sidewalk
416.0,110.093,3.0619,1.46608,0.0,-0.0,187.9093,0.9114,stand_6,378.3521,0.0,-0.0,0.0,-0.0,Sidewalk
416.5,110.093,3.0619,1.43117,0.0,-0.06981,187.9093,0.9114,stand_6,378.3646,0.0,-0.06981,0.0,-0.06981,Sidewalk
417.0,110.093,3.0619,1.43117,0.0,-0.0,187.9093,0.9114,stand_6,378.3521,0.0,-0.0,0.0,-0.0,Sidewalk
417.5,110.093,3.0619,1.39626,0.0,-0.06981,187.9093,0.9113,stand_6,378.3647,0.0,-0.06981,0.0,-0.06981,Sidewalk
418.0,110.093,3.0619,1.39626,0.0,-0.0,187.9093,0.9113,stand_6,378.3521,0.0,-0.0,0.0,-0.0,Sidewalk
418.5,110.093,3.0619,1.36136,0.0,-0.06981,187.9093,0.9113,stand_6,378.3647,0.0,-0.06981,0.0,-0.06981,Sidewalk
419.0,110.093,3.0619,1.36136,0.0,-0.0,187.9093,0.9113,stand_6,378.3521,0.0,-0.0,0.0,-0.0,Sidewalk
419.5,110.093,3.0619,1.32645,0.0,-0.06981,187.9093,0.9113,stand_6,378.3647,0.0,-0.06981,0.0,-0.06981,Sidewalk
420.0,110.093,3.0619,1.32645,0.0,-0.0,187.9093,0.9113,stand_6,378.3521,0.0,-0.0,0.0,-0.0,Sidewalk
420.5,110.093,3.0619,1.29154,0.0,-0.06981,187.9093,0.9113,stand_6,378.3647,0.0,-0.06981,0.0,-0.06981,Sidewalk
421.0,110.093,3.0619,1.29154,0.0,-0.0,187.9093,0.9113,stand_6,378.3521,0.0,-0.0,0.0,-0.0,Sidewalk
421.5,110.093,3.0619,1.25664,0.0,-0.06981,187.9093,0.9113,stand_6,378.3647,0.0,-0.06981,0.0,-0.06981,Sidewalk
422.0,110.093,3.0619,1.25664,0.0,-0.0,187.9093,0.9113,stand_6,378.3521,0.0,-0.0,0.0,-0.0,Sidewalk
422.5,110.093,3.0619,1.22173,0.0,-0.06981,187.9093,0.9113,stand_6,378.3647,0.0,-0.06981,0.0,-0.06981,Sidewalk
423.0,110.093,3.0619,1.22173,0.0,-0.0,187.9093,0.9113,stand_6,378.3521,0.0,-0.0,0.0,-0.0,Sidewalk
423.5,110.093,3.0619,1.18682,0.0,-0.06981,187.9093,0.9113,stand_6,378.3647,0.0,-0.06981,0.0,-0.06981,Sidewalk
424.0,110.093,3.0619,1.18682,0.0,-0.0,187.9093,0.9113,stand_6,378.3522,0.0,-0.0,0.0,-0.0,Sidewalk
424.5,110.093,3.0619,1.15192,0.0,-0.06981,187.9093,0.9113,stand_6,378.3647,0.0,-0.06981,0.0,-0.06981,Sidewalk
425.0,110.093,3.0619,1.15192,0.0,-0.0,187.9093,0.9113,stand_6,378.3522,0.0,-0.0,0.0,-0.0,Sidewalk
425.5,110.093,3.0619,1.11701,0.0,-0.06981,187.9093,0.9113,stand_6,378.3647,0.0,-0.06981,0.0,-0.06981,Sidewalk
426.0,110.093,3.0619,1.11701,0.0,-0.0,187.9093,0.9113,stand_6,378.3522,0.0,-0.0,0.0,-0.0,Sidewalk
426.5,110.093,3.0619,1.0821,0.0,-0.06981,187.9093,0.9113,stand_6,378.3647,0.0,-0.06981,0.0,-0.06981,Sidewalk
427.0,110.093,3.0619,1.0821,0.0,-0.0,187.9093,0.9113,stand_6,378.3522,0.0,-0.0,0.0,-0.0,Sidewalk
427.5,110.093,3.0619,1.0472,0.0,-0.06981,187.9093,0.9113,stand_6,378.3648,0.0,-0.06981,0.0,-0.06981,Sidewalk
428.0,110.093,3.0619,1.0472,0.0,-0.0,187.9093,0.9113,stand_6,378.3522,0.0,-0.0,0.0,-0.0,Sidewalk
428.5,110.093,3.0619,1.01229,0.0,-0.06981,187.9093,0.9113,stand_6,378.3648,0.0,-0.06981,0.0,-0.06981,Sidewalk
429.0,110.093,3.0619,1.01229,0.0,-0.0,187.9093,0.9113,stand_6,378.3522,0.0,-0.0,0.0,-0.0,Sidewalk
429.5,110.093,3.0619,0.97738,0.0,-0.06981,187.9093,0.9113,stand_6,378.3648,0.0,-0.06981,0.0,-0.06981,Sidewalk
430.0,110.093,3.0619,0.97738,0.0,-0.0,187.9093,0.9113,stand_6,378.3522,0.0,-0.0,0.0,-0.0,Sidewalk
430.5,110.093,3.0619,0.94248,0.0,-0.06981,187.9093,0.9113,stand_6,378.3648,0.0,-0.06981,0.0,-0.06981,Sidewalk
431.0,110.093,3.0619,0.94248,0.0,-0.0,187.9093,0.9113,stand_6,378.3522,0.0,-0.0,0.0,-0.0,Sidewalk
431.5,110.093,3.0619,0.90757,0.0,-0.06981,187.9093,0.9113,stand_6,378.3648,0.0,-0.06981,0.0,-0.06981,Sidewalk
432.0,110.093,3.0619,0.90757,0.0,-0.0,187.9093,0.9113,stand_6,378.3522,0.0,-0.0,0.0,-0.0,Sidewalk
432.5,110.093,3.0619,0.87266,0.0,-0.06981,187.9093,0.9113,stand_6,378.3648,0.0,-0.06981,0.0,-0.06981,Sidewalk
433.0,110.093,3.0619,0.87266,0.0,-0.0,187.9093,0.9113,stand_6,378.3522,0.0,-0.0,0.0,-0.0,Sidewalk
433.5,110.093,3.0619,0.83776,0.0,-0.06981,187.9093,0.9113,stand_6,378.3648,0.0,-0.06981,0.0,-0.06981,Sidewalk
434.0,110.093,3.0619,0.83776,0.0,-0.0,187.9093,0.9113,stand_6,378.3523,0.0,-0.0,0.0,-0.0,Sidewalk
434.5,110.093,3.0619,0.80285,0.0,-0.06981,187.9093,0.9113,stand_6,378.3648,0.0,-0.06981,0.0,-0.06981,Sidewalk
435.0,110.093,3.0619,0.80285,0.0,-0.0,187.9093,0.9113,stand_6,378.3523,0.0,-0.0,0.0,-0.0,Sidewalk
435.5,110.093,3.0619,0.76794,0.0,-0.06981,187.9093,0.9113,stand_6,378.3648,0.0,-0.06981,0.0,-0.06981,Sidewalk
436.0,110.093,3.0619,0.76794,0.0,-0.0,187.9093,0.9113,stand_6,378.3523,0.0,-0.0,0.0,-0.0,Sidewalk
436.5,110.093,3.0619,0.73304,0.0,-0.06981,187.9093,0.9113,stand_6,378.3648,0.0,-0.06981,0.0,-0.06981,Sidewalk
437.0,110.093,3.0619,0.73304,0.0,-0.0,187.9093,0.9113,stand_6,378.3523,0.0,-0.0,0.0,-0.0,Sidewalk
437.5,110.093,3.0619,0.69813,0.0,-0.06981,187.9093,0.9113,stand_6,378.3649,0.0,-0.06981,0.0,-0.06981,Sidewalk
438.0,110.093,3.0619,0.69813,0.0,-0.0,187.9093,0.9113,stand_6,378.3523,0.0,-0.0,0.0,-0.0,Sidewalk
438.5,110.093,3.0619,0.66323,0.0,-0.06981,187.9093,0.9113,stand_6,378.3649,0.0,-0.06981,0.0,-0.06981,Sidewalk
439.0,110.093,3.0619,0.66323,0.0,-0.0,187.9093,0.9113,stand_6,378.3523,0.0,-0.0,0.0,-0.0,Sidewalk
439.5,110.093,3.0619,0.62832,0.0,-0.06981,187.9093,0.9113,stand_6,378.3649,0.0,-0.06981,0.0,-0.06981,Sidewalk
440.0,110.093,3.0619,0.62832,0.0,-0.0,187.9093,0.9113,stand_6,378.3523,0.0,-0.0,0.0,-0.0,Sidewalk
440.5,110.093,3.0619,0.59341,0.0,-0.06981,187.9093,0.9113,stand_6,378.3649,0.0,-0.06981,0.0,-0.06981,Sidewalk
441.0,110.093,3.0619,0.59341,0.0,-0.0,187.9093,0.9113,stand_6,378.3523,0.0,-0.0,0.0,-0.0,Sidewalk
441.5,110.093,3.0619,0.55851,0.0,-0.06981,187.9093,0.9113,stand_6,378.3649,0.0,-0.06981,0.0,-0.06981,Sidewalk
442.0,110.093,3.0619,0.55851,0.0,-0.0,187.9093,0.9113,stand_6,378.3523,0.0,-0.0,0.0,-0.0,Sidewalk
442.5,110.093,3.0619,0.5236,0.0,-0.06981,187.9093,0.9113,stand_6,378.3649,0.0,-0.06981,0.0,-0.06981,Sidewalk
443.0,110.093,3.0619,0.5236,0.0,-0.0,187.9093,0.9113,stand_6,378.3523,0.0,-0.0,0.0,-0.0,Sidewalk
443.5,110.093,3.0619,0.48869,0.0,-0.06981,187.9093,0.9113,stand_6,378.3649,0.0,-0.06981,0.0,-0.06981,Sidewalk
444.0,110.093,3.0619,0.48869,0.0,-0.0,187.9093,0.9113,stand_6,378.3524,0.0,-0.0,0.0,-0.0,Sidewalk
444.5,110.093,3.0619,0.45379,0.0,-0.06981,187.9093,0.9113,stand_6,378.3649,0.0,-0.06981,0.0,-0.06981,Sidewalk
445.0,110.093,3.0619,0.45379,0.0,-0.0,187.9093,0.9113,stand_6,378.3524,0.0,-0.0,0.0,-0.0,Sidewalk
445.5,110.093,3.0619,0.41888,0.0,-0.06981,187.9093,0.9113,stand_6,378.3649,0.0,-0.06981,0.0,-0.06981,Sidewalk
446.0,110.093,3.0619,0.41888,0.0,-0.0,187.9093,0.9113,stand_6,378.3524,0.0,-0.0,0.0,-0.0,Sidewalk
446.5,110.093,3.0619,0.38397,0.0,-0.06981,187.9093,0.9113,stand_6,378.365,0.0,-0.06981,0.0,-0.06981,Sidewalk
447.0,110.093,3.0619,0.38397,0.0,-0.0,187.9093,0.9113,stand_6,378.3524,0.0,-0.0,0.0,-0.0,Sidewalk
447.5,110.093,3.0619,0.34907,0.0,-0.06981,187.9093,0.9113,stand_6,378.365,0.0,-0.06981,0.0,-0.06981,Sidewalk
448.0,110.093,3.0619,0.34907,0.0,-0.0,187.9093,0.9113,stand_6,378.3524,0.0,-0.0,0.0,-0.0,Sidewalk
448.5,110.093,3.0619,0.31416,0.0,-0.06981,187.9093,0.9113,stand_6,378.365,0.0,-0.06981,0.0,-0.06981,Sidewalk
449.0,110.093,3.0619,0.31416,0.0,-0.0,187.9093,0.9113,stand_6,378.3524,0.0,-0.0,0.0,-0.0,Sidewalk
449.5,110.093,3.0619,0.27925,0.0,-0.06981,187.9093,0.9113,stand_6,378.365,0.0,-0.06981,0.0,-0.06981,Sidewalk
450.0,110.093,3.0619,0.27925,0.0,-0.0,187.9093,0.9113,stand_6,378.3524,0.0,-0.0,0.0,-0.0,Sidewalk
450.5,110.093,3.0619,0.24435,0.0,-0.06981,187.9093,0.9113,stand_6,378.365,0.0,-0.06981,0.0,-0.06981,Sidewalk
451.0,110.093,3.0619,0.24435,0.0,-0.0,187.9093,0.9113,stand_6,378.3524,0.0,-0.0,0.0,-0.0,Sidewalk
451.5,110.093,3.0619,0.20944,0.0,-0.06981,187.9093,0.9113,stand_6,378.365,0.0,-0.06981,0.0,-0.06981,Sidewalk
452.0,110.093,3.0619,0.20944,0.0,-0.0,187.9093,0.9113,stand_6,378.3524,0.0,-0.0,0.0,-0.0,Sidewalk
452.5,110.093,3.0619,0.17453,0.0,-0.06981,187.9093,0.9113,stand_6,378.365,0.0,-0.06981,0.0,-0.06981,Sidewalk
453.0,110.093,3.0619,0.17453,0.0,-0.0,187.9093,0.9113,stand_6,378.3524,0.0,-0.0,0.0,-0.0,Sidewalk
453.5,110.093,3.0619,0.13963,0.0,-0.06981,187.9093,0.9112,stand_6,378.365,0.0,-0.06981,0.0,-0.06981,Sidewalk
454.0,110.093,3.0619,0.13963,0.0,-0.0,187.9093,0.9112,stand_6,378.3525,0.0,-0.0,0.0,-0.0,Sidewalk
454.5,110.093,3.0619,0.10472,0.0,-0.06981,187.9093,0.9112,stand_6,378.365,0.0,-0.06981,0.0,-0.06981,Sidewalk
455.0,110.093,3.0619,0.10472,0.0,-0.0,187.9093,0.9112,stand_6,378.3525,0.0,-0.0,0.0,-0.0,Sidewalk
455.5,110.093,3.0619,0.06981,0.0,-0.06981,187.9093,0.9112,stand_6,378.365,0.0,-0.06981,0.0,-0.06981,Sidewalk
456.0,110.093,3.0619,0.06981,0.0,-0.0,187.9093,0.9112,stand_6,378.3525,0.0,-0.0,0.0,-0.0,Sidewalk
456.5,110.093,3.0619,0.03491,0.0,-0.06981,187.9093,0.9112,stand_6,378.365,0.0,-0.06981,0.0,-0.06981,Sidewalk
457.0,110.093,3.0619,0.03491,0.0,-0.0,187.9093,0.9112,stand_6,378.3525,0.0,-0.0,0.0,-0.0,Sidewalk
457.5,110.093,3.0619,-0.0,0.0,-0.06981,187.9093,0.9112,stand_6,378.3651,0.0,-0.06981,0.0,-0.06981,Sidewalk
458.0,110.093,3.0619,-0.0,0.0,-0.0,187.9093,0.9112,stand_6,378.3525,0.0,-0.0,0.0,-0.0,Sidewalk
458.5,110.093,3.0619,-0.03491,0.0,-0.06981,187.9093,0.9112,stand_6,378.3651,0.0,-0.06981,0.0,-0.06981,Sidewalk
459.0,110.093,3.0619,-0.03491,0.0,-0.0,187.9093,0.9112,stand_6,378.3525,0.0,-0.0,0.0,-0.0,Sidewalk
459.5,110.093,3.0619,-0.06981,0.0,-0.06981,187.9093,0.9112,stand_6,378.3651,0.0,-0.06981,0.0,-0.06981,Sidewalk
460.0,110.093,3.0619,-0.06981,0.0,-0.0,187.9093,0.9112,stand_6,378.3525,0.0,-0.0,0.0,-0.0,Sidewalk
460.5,110.093,3.0619,-0.10472,0.0,-0.06981,187.9093,0.9112,stand_6,378.3651,0.0,-0.06981,0.0,-0.06981,Sidewalk
461.0,110.093,3.0619,-0.10472,0.0,-0.0,187.9093,0.9112,stand_6,378.3525,0.0,-0.0,0.0,-0.0,Sidewalk
461.5,110.093,3.0619,-0.13963,0.0,-0.06981,187.9093,0.9112,stand_6,378.3651,0.0,-0.06981,0.0,-0.06981,Sidewalk
462.0,110.093,3.0619,-0.13963,0.0,-0.0,187.9093,0.9112,stand_6,378.3525,0.0,-0.0,0.0,-0.0,Sidewalk
462.5,110.093,3.0619,-0.17453,0.0,-0.06981,187.9093,0.9112,stand_6,378.3651,0.0,-0.06981,0.0,-0.06981,Sidewalk
463.0,110.093,3.0619,-0.17453,0.0,-0.0,187.9093,0.9112,stand_6,378.3525,0.0,-0.0,0.0,-0.0,Sidewalk
463.5,110.093,3.0619,-0.20944,0.0,-0.06981,187.9093,0.9112,stand_6,378.3651,0.0,-0.06981,0.0,-0.06981,Sidewalk
464.0,110.093,3.0619,-0.20944,0.0,-0.0,187.9093,0.9112,stand_6,378.3526,0.0,-0.0,0.0,-0.0,Sidewalk
464.5,110.093,3.0619,-0.24435,0.0,-0.06981,187.9093,0.9112,stand_6,378.3651,0.0,-0.06981,0.0,-0.06981,Sidewalk
465.0,110.093,3.0619,-0.24435,0.0,-0.0,187.9093,0.9112,stand_6,378.3526,0.0,-0.0,0.0,-0.0,Sidewalk
465.5,110.093,3.0619,-0.27925,0.0,-0.06981,187.9093,0.9112,stand_6,378.3651,0.0,-0.06981,0.0,-0.06981,Sidewalk
466.0,110.093,3.0619,-0.27925,0.0,-0.0,187.9093,0.9112,stand_6,378.3526,0.0,-0.0,0.0,-0.0,Sidewalk
466.5,110.093,3.0619,-0.31416,0.0,-0.06981,187.9093,0.9112,stand_6,378.3651,0.0,-0.06981,0.0,-0.06981,Sidewalk
467.0,110.093,3.0619,-0.31416,0.0,-0.0,187.9093,0.9112,stand_6,378.3526,0.0,-0.0,0.0,-0.0,Sidewalk
467.5,110.093,3.0619,-0.34907,0.0,-0.06981,187.9093,0.9112,stand_6,378.3652,0.0,-0.06981,0.0,-0.06981,Sidewalk
468.0,110.093,3.0619,-0.34907,0.0,-0.0,187.9093,0.9112,stand_6,378.3526,0.0,-0.0,0.0,-0.0,Sidewalk
468.5,110.093,3.0619,-0.38397,0.0,-0.06981,187.9093,0.9112,stand_6,378.3652,0.0,-0.06981,0.0,-0.06981,Sidewalk
469.0,110.093,3.0619,-0.38397,0.0,-0.0,187.9093,0.9112,stand_6,378.3526,0.0,-0.0,0.0,-0.0,Sidewalk
469.5,110.093,3.0619,-0.41888,0.0,-0.06981,187.9093,0.9112,stand_6,378.3652,0.0,-0.06981,0.0,-0.06981,Sidewalk
470.0,110.093,3.0619,-0.41888,0.0,-0.0,187.9093,0.9112,stand_6,378.3526,0.0,-0.0,0.0,-0.0,Sidewalk
470.5,110.093,3.0619,-0.45379,0.0,-0.06981,187.9093,0.9112,stand_6,378.3652,0.0,-0.06981,0.0,-0.06981,Sidewalk
471.0,110.093,3.0619,-0.45379,0.0,-0.0,187.9093,0.9112,stand_6,378.3526,0.0,-0.0,0.0,-0.0,Sidewalk
471.5,110.093,3.0619,-0.48869,0.0,-0.06981,187.9093,0.9112,stand_6,378.3652,0.0,-0.06981,0.0,-0.06981,Sidewalk
472.0,110.093,3.0619,-0.48869,0.0,-0.0,187.9093,0.9112,stand_6,378.3526,0.0,-0.0,0.0,-0.0,Sidewalk
472.5,110.093,3.0619,-0.5236,0.0,-0.06981,187.9093,0.9112,stand_6,378.3652,0.0,-0.06981,0.0,-0.06981,Sidewalk
473.0,110.093,3.0619,-0.5236,0.0,-0.0,187.9093,0.9112,stand_6,378.3527,0.0,-0.0,0.0,-0.0,Sidewalk
473.5,110.093,3.0619,-0.55851,0.0,-0.06981,187.9093,0.9112,stand_6,378.3652,0.0,-0.06981,0.0,-0.06981,Sidewalk
474.0,110.093,3.0619,-0.55851,0.0,-0.0,187.9093,0.9112,stand_6,378.3527,0.0,-0.0,0.0,-0.0,Sidewalk
474.5,110.093,3.0619,-0.59341,0.0,-0.06981,187.9093,0.9112,stand_6,378.3652,0.0,-0.06981,0.0,-0.06981,Sidewalk
475.0,110.093,3.0619,-0.59341,0.0,-0.0,187.9093,0.9112,stand_6,378.3527,0.0,-0.0,0.0,-0.0,Sidewalk
475.5,110.093,3.0619,-0.62832,0.0,-0.06981,187.9093,0.9112,stand_6,378.3653,0.0,-0.06981,0.0,-0.06981,Sidewalk
476.0,110.093,3.0619,-0.62832,0.0,-0.0,187.9093,0.9112,stand_6,378.3527,0.0,-0.0,0.0,-0.0,Sidewalk
476.5,110.093,3.0619,-0.66323,0.0,-0.06981,187.9093,0.9112,stand_6,378.3653,0.0,-0.06981,0.0,-0.06981,Sidewalk
477.0,110.093,3.0619,-0.66323,0.0,-0.0,187.9093,0.9112,stand_6,378.3527,0.0,-0.0,0.0,-0.0,Sidewalk
477.5,110.093,3.0619,-0.69813,0.0,-0.06981,187.9093,0.9112,stand_6,378.3653,0.0,-0.06981,0.0,-0.06981,Sidewalk
478.0,110.093,3.0619,-0.69813,0.0,-0.0,187.9093,0.9112,stand_6,378.3527,0.0,-0.0,0.0,-0.0,Sidewalk
478.5,110.093,3.0619,-0.73304,0.0,-0.06981,187.9093,0.9112,stand_6,378.3653,0.0,-0.06981,0.0,-0.06981,Sidewalk
479.0,110.093,3.0619,-0.73304,0.0,-0.0,187.9093,0.9112,stand_6,378.3527,0.0,-0.0,0.0,-0.0,Sidewalk
479.5,110.093,3.0619,-0.76794,0.0,-0.06981,187.9093,0.9112,stand_6,378.3653,0.0,-0.06981,0.0,-0.06981,Sidewalk
480.0,110.093,3.0619,-0.76794,0.0,-0.0,187.9093,0.9112,stand_6,378.3527,0.0,-0.0,0.0,-0.0,Sidewalk
480.5,110.093,3.0619,-0.80285,0.0,-0.06981,187.9093,0.9112,stand_6,378.3653,0.0,-0.06981,0.0,-0.06981,Sidewalk
481.0,110.093,3.0619,-0.80285,0.0,-0.0,187.9093,0.9112,stand_6,378.3527,0.0,-0.0,0.0,-0.0,Sidewalk
481.5,110.093,3.0619,-0.83776,0.0,-0.06981,187.9093,0.9112,stand_6,378.3653,0.0,-0.06981,0.0,-0.06981,Sidewalk
482.0,110.093,3.0619,-0.83776,0.0,-0.0,187.9093,0.9112,stand_6,378.3527,0.0,-0.0,0.0,-0.0,Sidewalk
482.5,110.093,3.0619,-0.87266,0.0,-0.06981,187.9093,0.9112,stand_6,378.3653,0.0,-0.06981,0.0,-0.06981,Sidewalk
483.0,110.093,3.0619,-0.87266,0.0,-0.0,187.9093,0.9112,stand_6,378.3528,0.0,-0.0,0.0,-0.0,Sidewalk
483.5,110.093,3.0619,-0.90757,0.0,-0.06981,187.9093,0.9112,stand_6,378.3653,0.0,-0.06981,0.0,-0.06981,Sidewalk
484.0,110.093,3.0619,-0.90757,0.0,-0.0,187.9093,0.9112,stand_6,378.3528,0.0,-0.0,0.0,-0.0,Sidewalk
484.5,110.093,3.0619,-0.94248,0.0,-0.06981,187.9093,0.9112,stand_6,378.3653,0.0,-0.06981,0.0,-0.06981,Sidewalk
485.0,110.093,3.0619,-0.94248,0.0,-0.0,187.9093,0.9112,stand_6,378.3528,0.0,-0.0,0.0,-0.0,Sidewalk
485.5,110.093,3.0619,-0.97738,0.0,-0.06981,187.9093,0.9112,stand_6,378.3653,0.0,-0.06981,0.0,-0.06981,Sidewalk
486.0,110.093,3.0619,-0.97738,0.0,-0.0,187.9093,0.9112,stand_6,378.3528,0.0,-0.0,0.0,-0.0,Sidewalk
486.5,110.093,3.0619,-1.01229,0.0,-0.06981,187.9093,0.9112,stand_6,378.3654,0.0,-0.06981,0.0,-0.06981,Sidewalk
487.0,110.093,3.0619,-1.01229,0.0,-0.0,187.9093,0.9112,stand_6,378.3528,0.0,-0.0,0.0,-0.0,Sidewalk
487.5,110.093,3.0619,-1.0472,0.0,-0.06981,187.9093,0.9112,stand_6,378.3654,0.0,-0.06981,0.0,-0.06981,Sidewalk
488.0,110.093,3.0619,-1.0472,0.0,-0.0,187.9093,0.9112,stand_6,378.3528,0.0,-0.0,0.0,-0.0,Sidewalk
488.5,110.093,3.0619,-1.0821,0.0,-0.06981,187.9093,0.9112,stand_6,378.3654,0.0,-0.06981,0.0,-0.06981,Sidewalk
489.0,110.093,3.0619,-1.0821,0.0,-0.0,187.9093,0.9112,stand_6,378.3528,0.0,-0.0,0.0,-0.0,Sidewalk
489.5,110.093,3.0619,-1.11701,0.0,-0.06981,187.9093,0.9111,stand_6,378.3654,0.0,-0.06981,0.0,-0.06981,Sidewalk
490.0,110.093,3.0619,-1.11701,0.0,-0.0,187.9093,0.9111,stand_6,378.3528,0.0,-0.0,0.0,-0.0,Sidewalk
490.5,110.093,3.0619,-1.15192,0.0,-0.06981,187.9093,0.9111,stand_6,378.3654,0.0,-0.06981,0.0,-0.06981,Sidewalk
491.0,110.093,3.0619,-1.15192,0.0,-0.0,187.9093,0.9111,stand_6,378.3528,0.0,-0.0,0.0,-0.0,Sidewalk
491.5,110.093,3.0619,-1.18682,0.0,-0.06981,187.9093,0.9111,stand_6,378.3654,0.0,-0.06981,0.0,-0.06981,Sidewalk
492.0,110.093,3.0619,-1.18682,0.0,-0.0,187.9093,0.9111,stand_6,378.3528,0.0,-0.0,0.0,-0.0,Sidewalk
492.5,110.093,3.0619,-1.22173,0.0,-0.06981,187.9093,0.9111,stand_6,378.3654,0.0,-0.06981,0.0,-0.06981,Sidewalk
493.0,110.093,3.0619,-1.22173,0.0,-0.0,187.9093,0.9111,stand_6,378.3529,0.0,-0.0,0.0,-0.0,Sidewalk
493.5,110.093,3.0619,-1.25664,0.0,-0.06981,187.9093,0.9111,stand_6,378.3654,0.0,-0.06981,0.0,-0.06981,Sidewalk
494.0,110.093,3.0619,-1.25664,0.0,-0.0,187.9093,0.9111,stand_6,378.3529,0.0,-0.0,0.0,-0.0,Sidewalk
494.5,110.093,3.0619,-1.29154,0.0,-0.06981,187.9093,0.9111,stand_6,378.3654,0.0,-0.06981,0.0,-0.06981,Sidewalk
495.0,110.093,3.0619,-1.29154,0.0,-0.0,187.9093,0.9111,stand_6,378.3529,0.0,-0.0,0.0,-0.0,Sidewalk
495.5,110.093,3.0619,-1.32645,0.0,-0.06981,187.9093,0.9111,stand_6,378.3654,0.0,-0.06981,0.0,-0.06981,Sidewalk
496.0,110.093,3.0619,-1.32645,0.0,-0.0,187.9093,0.9111,stand_6,378.3529,0.0,-0.0,0.0,-0.0,Sidewalk
496.5,110.093,3.0619,-1.36136,0.0,-0.06981,187.9093,0.9111,stand_6,378.3655,0.0,-0.06981,0.0,-0.06981,Sidewalk
497.0,110.093,3.0619,-1.36136,0.0,-0.0,187.9093,0.9111,stand_6,378.3529,0.0,-0.0,0.0,-0.0,Sidewalk
497.5,110.093,3.0619,-1.39626,0.0,-0.06981,187.9093,0.9111,stand_6,378.3655,0.0,-0.06981,0.0,-0.06981,Sidewalk
498.0,110.093,3.0619,-1.39626,0.0,-0.0,187.9093,0.9111,stand_6,378.3529,0.0,-0.0,0.0,-0.0,Sidewalk
498.5,110.093,3.0619,-1.43117,0.0,-0.06981,187.9093,0.9111,stand_6,378.3655,0.0,-0.06981,0.0,-0.06981,Sidewalk
499.0,110.093,3.0619,-1.43117,0.0,-0.0,187.9093,0.9111,stand_6,378.3529,0.0,-0.0,0.0,-0.0,Sidewalk
499.5,110.093,3.0619,-1.46608,0.0,-0.06981,187.9093,0.9111,stand_6,378.3655,0.0,-0.06981,0.0,-0.06981,Sidewalk
500.0,110.093,3.0619,-1.46608,0.0,-0.0,187.9093,0.9111,stand_6,378.3529,0.0,-0.0,0.0,-0.0,Sidewalk
500.5,110.093,3.0619,-1.50098,0.0,-0.06981,187.9093,0.9111,stand_6,378.3655,0.0,-0.06981,0.0,-0.06981,Sidewalk
501.0,110.093,3.0619,-1.50098,0.0,-0.0,187.9093,0.9111,stand_6,378.3529,0.0,-0.0,0.0,-0.0,Sidewalk
501.5,110.093,3.0619,-1.53589,0.0,-0.06981,187.9093,0.9111,stand_6,378.3655,0.0,-0.06981,0.0,-0.06981,Sidewalk
502.0,110.093,3.0619,-1.53589,0.0,-0.0,187.9093,0.9111,stand_6,378.3529,0.0,-0.0,0.0,-0.0,Sidewalk
502.5,110.093,3.0619,-1.5708,0.0,-0.06981,187.9093,0.9111,stand_6,378.3655,0.0,-0.06981,0.0,-0.06981,Sidewalk
503.0,110.093,3.0619,-1.5708,0.0,-0.0,187.9093,0.9111,stand_6,378.353,0.0,-0.0,0.0,-0.0,Sidewalk
503.5,110.093,3.0619,-1.6057,0.0,-0.06981,187.9093,0.9111,stand_6,378.3655,0.0,-0.06981,0.0,-0.06981,Sidewalk
504.0,110.093,3.0619,-1.6057,0.0,-0.0,187.9093,0.9111,stand_6,378.353,0.0,-0.0,0.0,-0.0,Sidewalk
504.5,110.093,3.0619,-1.64061,0.0,-0.06981,187.9093,0.9111,stand_6,378.3655,0.0,-0.06981,0.0,-0.06981,Sidewalk
505.0,110.093,3.0619,-1.64061,0.0,-0.0,187.9093,0.9111,stand_6,378.353,0.0,-0.0,0.0,-0.0,Sidewalk
505.5,110.093,3.0619,-1.67552,0.0,-0.06981,187.9093,0.9111,stand_6,378.3655,0.0,-0.06981,0.0,-0.06981,Sidewalk
506.0,110.093,3.0619,-1.67552,0.0,-0.0,187.9093,0.9111,stand_6,378.353,0.0,-0.0,0.0,-0.0,Sidewalk
506.5,110.093,3.0619,-1.71042,0.0,-0.06981,187.9093,0.9111,stand_6,378.3656,0.0,-0.06981,0.0,-0.06981,Sidewalk
507.0,110.093,3.0619,-1.71042,0.0,-0.0,187.9093,0.9111,stand_6,378.353,0.0,-0.0,0.0,-0.0,Sidewalk
507.5,110.093,3.0619,-1.74533,0.0,-0.06981,187.9093,0.9111,stand_6,378.3656,0.0,-0.06981,0.0,-0.06981,Sidewalk
508.0,110.093,3.0619,-1.74533,0.0,-0.0,187.9093,0.9111,stand_6,378.353,0.0,-0.0,0.0,-0.0,Sidewalk
508.5,110.093,3.0619,-1.78024,0.0,-0.06981,187.9093,0.9111,stand_6,378.3656,0.0,-0.06981,0.0,-0.06981,Sidewalk
509.0,110.093,3.0619,-1.78024,0.0,-0.0,187.9093,0.9111,stand_6,378.353,0.0,-0.0,0.0,-0.0,Sidewalk
509.5,110.093,3.0619,-1.81514,0.0,-0.06981,187.9093,0.9111,stand_6,378.3656,0.0,-0.06981,0.0,-0.06981,Sidewalk
510.0,110.093,3.0619,-1.81514,0.0,-0.0,187.9093,0.9111,stand_6,378.353,0.0,-0.0,0.0,-0.0,Sidewalk
510.5,110.093,3.0619,-1.85005,0.0,-0.06981,187.9093,0.9111,stand_6,378.3656,0.0,-0.06981,0.0,-0.06981,Sidewalk
511.0,110.093,3.0619,-1.85005,0.0,-0.0,187.9093,0.9111,stand_6,378.353,0.0,-0.0,0.0,-0.0,Sidewalk
511.5,110.093,3.0619,-1.88496,0.0,-0.06981,187.9093,0.9111,stand_6,378.3656,0.0,-0.06981,0.0,-0.06981,Sidewalk
512.0,110.093,3.0619,-1.88496,0.0,-0.0,187.9093,0.9111,stand_6,378.3531,0.0,-0.0,0.0,-0.0,Sidewalk
512.5,110.093,3.0619,-1.91986,0.0,-0.06981,187.9093,0.9111,stand_6,378.3656,0.0,-0.06981,0.0,-0.06981,Sidewalk
513.0,110.093,3.0619,-1.91986,0.0,-0.0,187.9093,0.9111,stand_6,378.3531,0.0,-0.0,0.0,-0.0,Sidewalk
513.5,110.093,3.0619,-1.95477,0.0,-0.06981,187.9093,0.9111,stand_6,378.3656,0.0,-0.06981,0.0,-0.06981,Sidewalk
514.0,110.093,3.0619,-1.95477,0.0,-0.0,187.9093,0.9111,stand_6,378.3531,0.0,-0.0,0.0,-0.0,Sidewalk
514.5,110.093,3.0619,-1.98968,0.0,-0.06981,187.9093,0.9111,stand_6,378.3657,0.0,-0.06981,0.0,-0.06981,Sidewalk
515.0,110.093,3.0619,-1.98968,0.0,-0.0,187.9093,0.9111,stand_6,378.3531,0.0,-0.0,0.0,-0.0,Sidewalk
515.5,110.093,3.0619,-2.02458,0.0,-0.06981,187.9093,0.9111,stand_6,378.3657,0.0,-0.06981,0.0,-0.06981,Sidewalk
516.0,110.093,3.0619,-2.02458,0.0,-0.0,187.9093,0.9111,stand_6,378.3531,0.0,-0.0,0.0,-0.0,Sidewalk
516.5,110.093,3.0619,-2.05949,0.0,-0.06981,187.9093,0.9111,stand_6,378.3657,0.0,-0.06981,0.0,-0.06981,Sidewalk
517.0,110.093,3.0619,-2.05949,0.0,-0.0,187.9093,0.9111,stand_6,378.3531,0.0,-0.0,0.0,-0.0,Sidewalk
517.5,110.093,3.0619,-2.0944,0.0,-0.06981,187.9093,0.9111,stand_6,378.3657,0.0,-0.06981,0.0,-0.06981,Sidewalk
518.0,110.093,3.0619,-2.0944,0.0,-0.0,187.9093,0.9111,stand_6,378.3531,0.0,-0.0,0.0,-0.0,Sidewalk
518.5,110.093,3.0619,-2.1293,0.0,-0.06981,187.9093,0.9111,stand_6,378.3657,0.0,-0.06981,0.0,-0.06981,Sidewalk
519.0,110.093,3.0619,-2.1293,0.0,-0.0,187.9093,0.9111,stand_6,378.3531,0.0,-0.0,0.0,-0.0,Sidewalk
519.5,110.093,3.0619,-2.16421,0.0,-0.06981,187.9093,0.9111,stand_6,378.3657,0.0,-0.06981,0.0,-0.06981,Sidewalk
520.0,110.093,3.0619,-2.16421,0.0,-0.0,187.9093,0.9111,stand_6,378.3531,0.0,-0.0,0.0,-0.0,Sidewalk
520.5,110.093,3.0619,-2.19911,0.0,-0.06981,187.9093,0.9111,stand_6,378.3657,0.0,-0.06981,0.0,-0.06981,Sidewalk
521.0,110.093,3.0619,-2.19911,0.0,-0.0,187.9093,0.9111,stand_6,378.3532,0.0,-0.0,0.0,-0.0,Sidewalk
521.5,110.093,3.0619,-2.23402,0.0,-0.06981,187.9093,0.9111,stand_6,378.3657,0.0,-0.06981,0.0,-0.06981,Sidewalk
522.0,110.093,3.0619,-2.23402,0.0,-0.0,187.9093,0.9111,stand_6,378.3532,0.0,-0.0,0.0,-0.0,Sidewalk
522.5,110.093,3.0619,-2.26893,0.0,-0.06981,187.9093,0.9111,stand_6,378.3657,0.0,-0.06981,0.0,-0.06981,Sidewalk
523.0,110.093,3.0619,-2.26893,0.0,-0.0,187.9093,0.9111,stand_6,378.3532,0.0,-0.0,0.0,-0.0,Sidewalk
523.5,110.093,3.0619,-2.30383,0.0,-0.06981,187.9093,0.9111,stand_6,378.3657,0.0,-0.06981,0.0,-0.06981,Sidewalk
524.0,110.093,3.0619,-2.30383,0.0,-0.0,187.9093,0.911,stand_6,378.3532,0.0,-0.0,0.0,-0.0,Sidewalk
524.5,110.093,3.0619,-2.33874,0.0,-0.06981,187.9093,0.911,stand_6,378.3658,0.0,-0.06981,0.0,-0.06981,Sidewalk
525.0,110.093,3.0619,-2.33874,0.0,-0.0,187.9093,0.911,stand_6,378.3532,0.0,-0.0,0.0,-0.0,Sidewalk
525.5,110.093,3.0619,-2.37365,0.0,-0.06981,187.9093,0.911,stand_6,378.3658,0.0,-0.06981,0.0,-0.06981,Sidewalk
526.0,110.093,3.0619,-2.37365,0.0,-0.0,187.9093,0.911,stand_6,378.3532,0.0,-0.0,0.0,-0.0,Sidewalk
526.5,110.093,3.0619,-2.40855,0.0,-0.06981,187.9093,0.911,stand_6,378.3658,0.0,-0.06981,0.0,-0.06981,Sidewalk
527.0,110.093,3.0619,-2.40855,0.0,-0.0,187.9093,0.911,stand_6,378.3532,0.0,-0.0,0.0,-0.0,Sidewalk
527.5,110.093,3.0619,-2.44346,0.0,-0.06981,187.9093,0.911,stand_6,378.3658,0.0,-0.06981,0.0,-0.06981,Sidewalk
528.0,110.093,3.0619,-2.44346,0.0,-0.0,187.9093,0.911,stand_6,378.3532,0.0,-0.0,0.0,-0.0,Sidewalk
528.5,110.093,3.0619,-2.47837,0.0,-0.06981,187.9093,0.911,stand_6,378.3658,0.0,-0.06981,0.0,-0.06981,Sidewalk
529.0,110.093,3.0619,-2.47837,0.0,-0.0,187.9093,0.911,stand_6,378.3532,0.0,-0.0,0.0,-0.0,Sidewalk
529.5,110.093,3.0619,-2.51327,0.0,-0.06981,187.9093,0.911,stand_6,378.3658,0.0,-0.06981,0.0,-0.06981,Sidewalk
530.0,110.093,3.0619,-2.51327,0.0,-0.0,187.9093,0.911,stand_6,378.3532,0.0,-0.0,0.0,-0.0,Sidewalk
530.5,110.093,3.0619,-2.54818,0.0,-0.06981,187.9093,0.911,stand_6,378.3658,0.0,-0.06981,0.0,-0.06981,Sidewalk
531.0,110.093,3.0619,-2.54818,0.0,-0.0,187.9093,0.911,stand_6,378.3532,0.0,-0.0,0.0,-0.0,Sidewalk
531.5,110.093,3.0619,-2.58309,0.0,-0.06981,187.9093,0.911,stand_6,378.3658,0.0,-0.06981,0.0,-0.06981,Sidewalk
532.0,110.093,3.0619,-2.58309,0.0,-0.0,187.9093,0.911,stand_6,378.3533,0.0,-0.0,0.0,-0.0,Sidewalk
532.5,110.093,3.0619,-2.61799,0.0,-0.06981,187.9093,0.911,stand_6,378.3658,0.0,-0.06981,0.0,-0.06981,Sidewalk
533.0,110.093,3.0619,-2.61799,0.0,-0.0,187.9093,0.911,stand_6,378.3533,0.0,-0.0,0.0,-0.0,Sidewalk
533.5,110.093,3.0619,-2.6529,0.0,-0.06981,187.9093,0.911,stand_6,378.3658,0.0,-0.06981,0.0,-0.06981,Sidewalk
534.0,110.093,3.0619,-2.6529,0.0,-0.0,187.9093,0.911,stand_6,378.3533,0.0,-0.0,0.0,-0.0,Sidewalk
534.5,110.093,3.0619,-2.68781,0.0,-0.06981,187.9093,0.911,stand_6,378.3659,0.0,-0.06981,0.0,-0.06981,Sidewalk
535.0,110.093,3.0619,-2.68781,0.0,-0.0,187.9093,0.911,stand_6,378.3533,0.0,-0.0,0.0,-0.0,Sidewalk
535.5,110.093,3.0619,-2.72271,0.0,-0.06981,187.9093,0.911,stand_6,378.3659,0.0,-0.06981,0.0,-0.06981,Sidewalk
536.0,110.093,3.0619,-2.72271,0.0,-0.0,187.9093,0.911,stand_6,378.3533,0.0,-0.0,0.0,-0.0,Sidewalk
536.5,110.093,3.0619,-2.75762,0.0,-0.06981,187.9093,0.911,stand_6,378.3659,0.0,-0.06981,0.0,-0.06981,Sidewalk
537.0,110.093,3.0619,-2.75762,0.0,-0.0,187.9093,0.911,stand_6,378.3533,0.0,-0.0,0.0,-0.0,Sidewalk
537.5,110.093,3.0619,-2.79253,0.0,-0.06981,187.9093,0.911,stand_6,378.3659,0.0,-0.06981,0.0,-0.06981,Sidewalk
538.0,110.093,3.0619,-2.79253,0.0,-0.0,187.9093,0.911,stand_6,378.3533,0.0,-0.0,0.0,-0.0,Sidewalk
538.5,110.093,3.0619,-2.82743,0.0,-0.06981,187.9093,0.911,stand_6,378.3659,0.0,-0.06981,0.0,-0.06981,Sidewalk
539.0,110.093,3.0619,-2.82743,0.0,-0.0,187.9093,0.911,stand_6,378.3533,0.0,-0.0,0.0,-0.0,Sidewalk
539.5,110.093,3.0619,-2.86234,0.0,-0.06981,187.9093,0.911,stand_6,378.3659,0.0,-0.06981,0.0,-0.06981,Sidewalk
540.0,110.093,3.0619,-2.86234,0.0,-0.0,187.9093,0.911,stand_6,378.3533,0.0,-0.0,0.0,-0.0,Sidewalk
540.5,110.093,3.0619,-2.89725,0.0,-0.06981,187.9093,0.911,stand_6,378.3659,0.0,-0.06981,0.0,-0.06981,Sidewalk
541.0,110.093,3.0619,-2.89725,0.0,-0.0,187.9093,0.911,stand_6,378.3534,0.0,-0.0,0.0,-0.0,Sidewalk
541.5,110.093,3.0619,-2.93215,0.0,-0.06981,187.9093,0.911,stand_6,378.3659,0.0,-0.06981,0.0,-0.06981,Sidewalk
542.0,110.093,3.0619,-2.93215,0.0,-0.0,187.9093,0.911,stand_6,378.3534,0.0,-0.0,0.0,-0.0,Sidewalk
542.5,110.093,3.0619,-2.96706,0.0,-0.06981,187.9093,0.911,stand_6,378.3659,0.0,-0.06981,0.0,-0.06981,Sidewalk
543.0,110.093,3.0619,-2.96706,0.0,-0.0,187.9093,0.911,stand_6,378.3534,0.0,-0.0,0.0,-0.0,Sidewalk
543.5,110.093,3.0619,-3.00197,0.0,-0.06981,187.9093,0.911,stand_6,378.3659,0.0,-0.06981,0.0,-0.06981,Sidewalk
544.0,110.093,3.0619,-3.00197,0.0,-0.0,187.9093,0.911,stand_6,378.3534,0.0,-0.0,0.0,-0.0,Sidewalk
544.5,110.093,3.0619,-3.03687,0.0,-0.06981,187.9093,0.911,stand_6,378.366,0.0,-0.06981,0.0,-0.06981,Sidewalk
545.0,110.093,3.0619,-3.03687,0.0,-0.0,187.9093,0.911,stand_6,378.3534,0.0,-0.0,0.0,-0.0,Sidewalk
545.5,110.093,3.0619,-3.07178,0.0,-0.06981,187.9093,0.911,stand_6,378.366,0.0,-0.06981,0.0,-0.06981,Sidewalk
546.0,110.093,3.0619,-3.07178,0.0,-0.0,187.9093,0.911,stand_6,378.3534,0.0,-0.0,0.0,-0.0,Sidewalk
546.5,110.093,3.0619,-3.10669,0.0,-0.06981,187.9093,0.911,stand_6,378.366,0.0,-0.06981,0.0,-0.06981,Sidewalk
547.0,110.093,3.0619,-3.10669,0.0,-0.0,187.9093,0.911,stand_6,378.3534,0.0,-0.0,0.0,-0.0,Sidewalk
547.5,110.093,3.0619,3.14159,0.0,-0.06981,187.9093,0.911,stand_6,378.366,0.0,-0.06981,0.0,-0.06981,Sidewalk
548.0,110.093,3.0619,3.14159,0.0,-0.0,187.9093,0.911,stand_6,378.3534,0.0,-0.0,0.0,-0.0,Sidewalk
548.5,110.093,3.0619,3.10669,0.0,-0.06981,187.9093,0.911,stand_6,378.366,0.0,-0.06981,0.0,-0.06981,Sidewalk
549.0,110.093,3.0619,3.10669,0.0,-0.0,187.9093,0.911,stand_6,378.3534,0.0,-0.0,0.0,-0.0,Sidewalk
549.5,110.093,3.0619,3.07178,0.0,-0.06981,187.9093,0.911,stand_6,378.366,0.0,-0.06981,0.0,-0.06981,Sidewalk
550.0,110.093,3.0619,3.07178,0.0,-0.0,187.9093,0.911,stand_6,378.3534,0.0,-0.0,0.0,-0.0,Sidewalk
550.5,110.093,3.0619,3.03687,0.0,-0.06981,187.9093,0.911,stand_6,378.366,0.0,-0.06981,0.0,-0.06981,Sidewalk
551.0,110.093,3.0619,3.03687,0.0,-0.0,187.9093,0.911,stand_6,378.3535,0.0,-0.0,0.0,-0.0,Sidewalk
551.5,110.093,3.0619,3.00197,0.0,-0.06981,187.9093,0.911,stand_6,378.366,0.0,-0.06981,0.0,-0.06981,Sidewalk
552.0,110.093,3.0619,3.00197,0.0,-0.0,187.9093,0.911,stand_6,378.3535,0.0,-0.0,0.0,-0.0,Sidewalk
552.5,110.093,3.0619,2.96706,0.0,-0.06981,187.9093,0.911,stand_6,378.366,0.0,-0.06981,0.0,-0.06981,Sidewalk
553.0,110.093,3.0619,2.96706,0.0,-0.0,187.9093,0.911,stand_6,378.3535,0.0,-0.0,0.0,-0.0,Sidewalk
553.5,110.093,3.0619,3.00197,0.0,0.06981,187.9093,0.911,stand_6,378.3661,0.0,0.06981,0.0,0.06981,Sidewalk
554.0,110.093,3.0619,3.00197,0.0,-0.0,187.9093,0.911,stand_6,378.3535,0.0,-0.0,0.0,-0.0,Sidewalk
554.5,110.093,3.0619,3.03687,0.0,0.06981,187.9093,0.911,stand_6,378.3661,0.0,0.06981,0.0,0.06981,Sidewalk
555.0,110.093,3.0619,3.03687,0.0,-0.0,187.9093,0.911,stand_6,378.3535,0.0,-0.0,0.0,-0.0,Sidewalk
555.5,110.093,3.0619,3.07178,0.0,0.06981,187.9093,0.911,stand_6,378.3661,0.0,0.06981,0.0,0.06981,Sidewalk
556.0,110.093,3.0619,3.07178,0.0,-0.0,187.9093,0.911,stand_6,378.3535,0.0,-0.0,0.0,-0.0,Sidewalk
556.5,110.093,3.0619,3.10669,0.0,0.06981,187.9093,0.911,stand_6,378.3661,0.0,0.06981,0.0,0.06981,Sidewalk
557.0,110.093,3.0619,3.10669,0.0,-0.0,187.9093,0.911,stand_6,378.3535,0.0,-0.0,0.0,-0.0,Sidewalk
557.5,110.093,3.0619,3.14159,0.0,0.06981,187.9093,0.911,stand_6,378.3661,0.0,0.06981,0.0,0.06981,Sidewalk
558.0,110.093,3.0619,3.14159,0.0,-0.0,187.9093,0.911,stand_6,378.3535,0.0,-0.0,0.0,-0.0,Sidewalk
558.5,110.093,3.0619,-3.10669,0.0,0.06981,187.9093,0.911,stand_6,378.3661,0.0,0.06981,0.0,0.06981,Sidewalk
559.0,110.093,3.0619,-3.10669,0.0,-0.0,187.9093,0.9109,stand_6,378.3535,0.0,-0.0,0.0,-0.0,Sidewalk
559.5,110.093,3.0619,-3.07178,0.0,0.06981,187.9093,0.9109,stand_6,378.3661,0.0,0.06981,0.0,0.06981,Sidewalk
560.0,110.093,3.0619,-3.07178,0.0,-0.0,187.9093,0.9109,stand_6,378.3536,0.0,-0.0,0.0,-0.0,Sidewalk
560.5,110.093,3.0619,-3.03687,0.0,0.06981,187.9093,0.9109,stand_6,378.3661,0.0,0.06981,0.0,0.06981,Sidewalk
561.0,110.093,3.0619,-3.03687,0.0,-0.0,187.9093,0.9109,stand_6,378.3536,0.0,-0.0,0.0,-0.0,Sidewalk
561.5,110.093,3.0619,-3.00197,0.0,0.06981,187.9093,0.9109,stand_6,378.3661,0.0,0.06981,0.0,0.06981,Sidewalk
562.0,110.093,3.0619,-3.00197,0.0,-0.0,187.9093,0.9109,stand_6,378.3536,0.0,-0.0,0.0,-0.0,Sidewalk
562.5,110.093,3.0619,-2.96706,0.0,0.06981,187.9093,0.9109,stand_6,378.3662,0.0,0.06981,0.0,0.06981,Sidewalk
563.0,110.093,3.0619,-2.96706,0.0,-0.0,187.9093,0.9109,stand_6,378.3536,0.0,-0.0,0.0,-0.0,Sidewalk
563.5,110.093,3.0619,-2.93215,0.0,0.06981,187.9093,0.9109,stand_6,378.3662,0.0,0.06981,0.0,0.06981,Sidewalk
564.0,110.093,3.0619,-2.93215,0.0,-0.0,187.9093,0.9109,stand_6,378.3536,0.0,-0.0,0.0,-0.0,Sidewalk
564.5,110.093,3.0619,-2.89725,0.0,0.06981,187.9093,0.9109,stand_6,378.3662,0.0,0.06981,0.0,0.06981,Sidewalk
565.0,110.093,3.0619,-2.89725,0.0,-0.0,187.9093,0.9109,stand_6,378.3536,0.0,-0.0,0.0,-0.0,Sidewalk
565.5,110.093,3.0619,-2.86234,0.0,0.06981,187.9093,0.9109,stand_6,378.3662,0.0,0.06981,0.0,0.06981,Sidewalk
566.0,110.093,3.0619,-2.86234,0.0,-0.0,187.9093,0.9109,stand_6,378.3536,0.0,-0.0,0.0,-0.0,Sidewalk
566.5,110.093,3.0619,-2.82743,0.0,0.06981,187.9093,0.9109,stand_6,378.3662,0.0,0.06981,0.0,0.06981,Sidewalk
567.0,110.093,3.0619,-2.82743,0.0,-0.0,187.9093,0.9109,stand_6,378.3536,0.0,-0.0,0.0,-0.0,Sidewalk
567.5,110.093,3.0619,-2.79253,0.0,0.06981,187.9093,0.9109,stand_6,378.3662,0.0,0.06981,0.0,0.06981,Sidewalk
568.0,110.093,3.0619,-2.79253,0.0,-0.0,187.9093,0.9109,stand_6,378.3536,0.0,-0.0,0.0,-0.0,Sidewalk
568.5,110.093,3.0619,-2.75762,0.0,0.06981,187.9093,0.9109,stand_6,378.3662,0.0,0.06981,0.0,0.06981,Sidewalk
569.0,110.093,3.0619,-2.75762,0.0,-0.0,187.9093,0.9109,stand_6,378.3537,0.0,-0.0,0.0,-0.0,Sidewalk
569.5,110.093,3.0619,-2.72271,0.0,0.06981,187.9093,0.9109,stand_6,378.3662,0.0,0.06981,0.0,0.06981,Sidewalk
570.0,110.093,3.0619,-2.72271,0.0,-0.0,187.9093,0.9109,stand_6,378.3537,0.0,-0.0,0.0,-0.0,Sidewalk
570.5,110.093,3.0619,-2.68781,0.0,0.06981,187.9093,0.9109,stand_6,378.3662,0.0,0.06981,0.0,0.06981,Sidewalk
571.0,110.093,3.0619,-2.68781,0.0,-0.0,187.9093,0.9109,stand_6,378.3537,0.0,-0.0,0.0,-0.0,Sidewalk
571.5,110.093,3.0619,-2.6529,0.0,0.06981,187.9093,0.9109,stand_6,378.3662,0.0,0.06981,0.0,0.06981,Sidewalk
572.0,110.093,3.0619,-2.6529,0.0,-0.0,187.9093,0.9109,stand_6,378.3537,0.0,-0.0,0.0,-0.0,Sidewalk
572.5,110.093,3.0619,-2.61799,0.0,0.06981,187.9093,0.9109,stand_6,378.3663,0.0,0.06981,0.0,0.06981,Sidewalk
573.0,110.093,3.0619,-2.61799,0.0,-0.0,187.9093,0.9109,stand_6,378.3537,0.0,-0.0,0.0,-0.0,Sidewalk
573.5,110.093,3.0619,-2.58309,0.0,0.06981,187.9093,0.9109,stand_6,378.3663,0.0,0.06981,0.0,0.06981,Sidewalk
574.0,110.093,3.0619,-2.58309,0.0,-0.0,187.9093,0.9109,stand_6,378.3537,0.0,-0.0,0.0,-0.0,Sidewalk
574.5,110.093,3.0619,-2.54818,0.0,0.06981,187.9093,0.9109,stand_6,378.3663,0.0,0.06981,0.0,0.06981,Sidewalk
575.0,110.093,3.0619,-2.54818,0.0,-0.0,187.9093,0.9109,stand_6,378.3537,0.0,-0.0,0.0,-0.0,Sidewalk
575.5,110.093,3.0619,-2.51327,0.0,0.06981,187.9093,0.9109,stand_6,378.3663,0.0,0.06981,0.0,0.06981,Sidewalk
576.0,110.093,3.0619,-2.51327,0.0,-0.0,187.9093,0.9109,stand_6,378.3537,0.0,-0.0,0.0,-0.0,Sidewalk
576.5,110.093,3.0619,-2.47837,0.0,0.06981,187.9093,0.9109,stand_6,378.3663,0.0,0.06981,0.0,0.06981,Sidewalk
577.0,110.093,3.0619,-2.47837,0.0,-0.0,187.9093,0.9109,stand_6,378.3537,0.0,-0.0,0.0,-0.0,Sidewalk
577.5,110.093,3.0619,-2.44346,0.0,0.06981,187.9093,0.9109,stand_6,378.3663,0.0,0.06981,0.0,0.06981,Sidewalk
578.0,110.093,3.0619,-2.44346,0.0,-0.0,187.9093,0.9109,stand_6,378.3537,0.0,-0.0,0.0,-0.0,Sidewalk
578.5,110.093,3.0619,-2.40855,0.0,0.06981,187.9093,0.9109,stand_6,378.3663,0.0,0.06981,0.0,0.06981,Sidewalk
579.0,110.093,3.0619,-2.40855,0.0,-0.0,187.9093,0.9109,stand_6,378.3537,0.0,-0.0,0.0,-0.0,Sidewalk
579.5,110.093,3.0619,-2.37365,0.0,0.06981,187.9093,0.9109,stand_6,378.3663,0.0,0.06981,0.0,0.06981,Sidewalk
580.0,110.093,3.0619,-2.37365,0.0,-0.0,187.9093,0.9109,stand_6,378.3538,0.0,-0.0,0.0,-0.0,Sidewalk
580.5,110.093,3.0619,-2.33874,0.0,0.06981,187.9093,0.9109,stand_6,378.3663,0.0,0.06981,0.0,0.06981,Sidewalk
581.0,110.093,3.0619,-2.33874,0.0,-0.0,187.9093,0.9109,stand_6,378.3538,0.0,-0.0,0.0,-0.0,Sidewalk
581.5,110.093,3.0619,-2.30383,0.0,0.06981,187.9093,0.9109,stand_6,378.3663,0.0,0.06981,0.0,0.06981,Sidewalk
582.0,110.093,3.0619,-2.30383,0.0,-0.0,187.9093,0.9109,stand_6,378.3538,0.0,-0.0,0.0,-0.0,Sidewalk
582.5,110.093,3.0619,-2.26893,0.0,0.06981,187.9093,0.9109,stand_6,378.3664,0.0,0.06981,0.0,0.06981,Sidewalk
583.0,110.093,3.0619,-2.26893,0.0,-0.0,187.9093,0.9109,stand_6,378.3538,0.0,-0.0,0.0,-0.0,Sidewalk
583.5,110.093,3.0619,-2.23402,0.0,0.06981,187.9093,0.9109,stand_6,378.3664,0.0,0.06981,0.0,0.06981,Sidewalk
584.0,110.093,3.0619,-2.23402,0.0,-0.0,187.9093,0.9109,stand_6,378.3538,0.0,-0.0,0.0,-0.0,Sidewalk
584.5,110.093,3.0619,-2.19911,0.0,0.06981,187.9093,0.9109,stand_6,378.3664,0.0,0.06981,0.0,0.06981,Sidewalk
585.0,110.093,3.0619,-2.19911,0.0,-0.0,187.9093,0.9109,stand_6,378.3538,0.0,-0.0,0.0,-0.0,Sidewalk
585.5,110.093,3.0619,-2.16421,0.0,0.06981,187.9093,0.9109,stand_6,378.3664,0.0,0.06981,0.0,0.06981,Sidewalk
586.0,110.093,3.0619,-2.16421,0.0,-0.0,187.9093,0.9109,stand_6,378.3538,0.0,-0.0,0.0,-0.0,Sidewalk
586.5,110.093,3.0619,-2.1293,0.0,0.06981,187.9093,0.9109,stand_6,378.3664,0.0,0.06981,0.0,0.06981,Sidewalk
587.0,110.093,3.0619,-2.1293,0.0,-0.0,187.9093,0.9109,stand_6,378.3538,0.0,-0.0,0.0,-0.0,Sidewalk
587.5,110.093,3.0619,-2.0944,0.0,0.06981,187.9093,0.9109,stand_6,378.3664,0.0,0.06981,0.0,0.06981,Sidewalk
588.0,110.093,3.0619,-2.0944,0.0,-0.0,187.9093,0.9109,stand_6,378.3539,0.0,-0.0,0.0,-0.0,Sidewalk
588.5,110.093,3.0619,-2.05949,0.0,0.06981,187.9093,0.9109,stand_6,378.3664,0.0,0.06981,0.0,0.06981,Sidewalk
589.0,110.093,3.0619,-2.05949,0.0,-0.0,187.9093,0.9109,stand_6,378.3539,0.0,-0.0,0.0,-0.0,Sidewalk
589.5,110.093,3.0619,-2.02458,0.0,0.06981,187.9093,0.9109,stand_6,378.3664,0.0,0.06981,0.0,0.06981,Sidewalk
590.0,110.093,3.0619,-2.02458,0.0,-0.0,187.9093,0.9109,stand_6,378.3539,0.0,-0.0,0.0,-0.0,Sidewalk
590.5,110.093,3.0619,-1.98968,0.0,0.06981,187.9093,0.9109,stand_6,378.3664,0.0,0.06981,0.0,0.06981,Sidewalk
591.0,110.093,3.0619,-1.98968,0.0,-0.0,187.9093,0.9109,stand_6,378.3539,0.0,-0.0,0.0,-0.0,Sidewalk
591.5,110.093,3.0619,-1.95477,0.0,0.06981,187.9093,0.9109,stand_6,378.3665,0.0,0.06981,0.0,0.06981,Sidewalk
592.0,110.093,3.0619,-1.95477,0.0,-0.0,187.9093,0.9109,stand_6,378.3539,0.0,-0.0,0.0,-0.0,Sidewalk
592.5,110.093,3.0619,-1.91986,0.0,0.06981,187.9093,0.9109,stand_6,378.3665,0.0,0.06981,0.0,0.06981,Sidewalk
593.0,110.093,3.0619,-1.91986,0.0,-0.0,187.9093,0.9109,stand_6,378.3539,0.0,-0.0,0.0,-0.0,Sidewalk
593.5,110.093,3.0619,-1.88496,0.0,0.06981,187.9093,0.9108,stand_6,378.3665,0.0,0.06981,0.0,0.06981,Sidewalk
594.0,110.093,3.0619,-1.88496,0.0,-0.0,187.9093,0.9108,stand_6,378.3539,0.0,-0.0,0.0,-0.0,Sidewalk
594.5,110.093,3.0619,-1.85005,0.0,0.06981,187.9093,0.9108,stand_6,378.3665,0.0,0.06981,0.0,0.06981,Sidewalk
595.0,110.093,3.0619,-1.85005,0.0,-0.0,187.9093,0.9108,stand_6,378.3539,0.0,-0.0,0.0,-0.0,Sidewalk
595.5,110.093,3.0619,-1.81514,0.0,0.06981,187.9093,0.9108,stand_6,378.3665,0.0,0.06981,0.0,0.06981,Sidewalk
596.0,110.093,3.0619,-1.81514,0.0,-0.0,187.9093,0.9108,stand_6,378.3539,0.0,-0.0,0.0,-0.0,Sidewalk
596.5,110.093,3.0619,-1.78024,0.0,0.06981,187.9093,0.9108,stand_6,378.3665,0.0,0.06981,0.0,0.06981,Sidewalk
597.0,110.093,3.0619,-1.78024,0.0,-0.0,187.9093,0.9108,stand_6,378.3539,0.0,-0.0,0.0,-0.0,Sidewalk
597.5,110.093,3.0619,-1.74533,0.0,0.06981,187.9093,0.9108,stand_6,378.3665,0.0,0.06981,0.0,0.06981,Sidewalk
598.0,110.093,3.0619,-1.74533,0.0,-0.0,187.9093,0.9108,stand_6,378.354,0.0,-0.0,0.0,-0.0,Sidewalk
598.5,110.093,3.0619,-1.71042,0.0,0.06981,187.9093,0.9108,stand_6,378.3665,0.0,0.06981,0.0,0.06981,Sidewalk
599.0,110.093,3.0619,-1.71042,0.0,-0.0,187.9093,0.9108,stand_6,378.354,0.0,-0.0,0.0,-0.0,Sidewalk
599.5,110.093,3.0619,-1.67552,0.0,0.06981,187.9093,0.9108,stand_6,378.3665,0.0,0.06981,0.0,0.06981,Sidewalk
600.0,110.093,3.0619,-1.67552,0.0,-0.0,187.9093,0.9108,stand_6,378.354,0.0,-0.0,0.0,-0.0,Sidewalk
600.5,110.093,3.0619,-1.64061,0.0,0.06981,187.9093,0.9108,stand_6,378.3666,0.0,0.06981,0.0,0.06981,Sidewalk
601.0,110.093,3.0619,-1.64061,0.0,-0.0,187.9093,0.9108,stand_6,378.354,0.0,-0.0,0.0,-0.0,Sidewalk
601.5,110.093,3.0619,-1.6057,0.0,0.06981,187.9093,0.9108,stand_6,378.3666,0.0,0.06981,0.0,0.06981,Sidewalk
602.0,110.093,3.0619,-1.6057,0.0,-0.0,187.9093,0.9108,stand_6,378.354,0.0,-0.0,0.0,-0.0,Sidewalk
602.5,110.093,3.0619,-1.5708,0.0,0.06981,187.9093,0.9108,stand_6,378.3666,0.0,0.06981,0.0,0.06981,Sidewalk
603.0,110.093,3.0619,-1.5708,0.0,-0.0,187.9093,0.9108,stand_6,378.354,0.0,-0.0,0.0,-0.0,Sidewalk
603.5,110.093,3.0619,-1.53589,0.0,0.06981,187.9093,0.9108,stand_6,378.3666,0.0,0.06981,0.0,0.06981,Sidewalk
604.0,110.093,3.0619,-1.53589,0.0,-0.0,187.9093,0.9108,stand_6,378.354,0.0,-0.0,0.0,-0.0,Sidewalk
604.5,110.093,3.0619,-1.50098,0.0,0.06981,187.9093,0.9108,stand_6,378.3666,0.0,0.06981,0.0,0.06981,Sidewalk
605.0,110.093,3.0619,-1.50098,0.0,-0.0,187.9093,0.9108,stand_6,378.354,0.0,-0.0,0.0,-0.0,Sidewalk
605.5,110.093,3.0619,-1.46608,0.0,0.06981,187.9093,0.9108,stand_6,378.3666,0.0,0.06981,0.0,0.06981,Sidewalk
606.0,110.093,3.0619,-1.46608,0.0,-0.0,187.9093,0.9108,stand_6,378.354,0.0,-0.0,0.0,-0.0,Sidewalk
606.5,110.093,3.0619,-1.43117,0.0,0.06981,187.9093,0.9108,stand_6,378.3666,0.0,0.06981,0.0,0.06981,Sidewalk
607.0,110.093,3.0619,-1.43117,0.0,-0.0,187.9093,0.9108,stand_6,378.3541,0.0,-0.0,0.0,-0.0,Sidewalk
607.5,110.093,3.0619,-1.39626,0.0,0.06981,187.9093,0.9108,stand_6,378.3666,0.0,0.06981,0.0,0.06981,Sidewalk
608.0,110.093,3.0619,-1.39626,0.0,-0.0,187.9093,0.9108,stand_6,378.3541,0.0,-0.0,0.0,-0.0,Sidewalk
608.5,110.093,3.0619,-1.36136,0.0,0.06981,187.9093,0.9108,stand_6,378.3666,0.0,0.06981,0.0,0.06981,Sidewalk
609.0,110.093,3.0619,-1.36136,0.0,-0.0,187.9093,0.9108,stand_6,378.3541,0.0,-0.0,0.0,-0.0,Sidewalk
609.5,110.093,3.0619,-1.32645,0.0,0.06981,187.9093,0.9108,stand_6,378.3667,0.0,0.06981,0.0,0.06981,Sidewalk
610.0,110.093,3.0619,-1.32645,0.0,-0.0,187.9093,0.9108,stand_6,378.3541,0.0,-0.0,0.0,-0.0,Sidewalk
610.5,110.093,3.0619,-1.29154,0.0,0.06981,187.9093,0.9108,stand_6,378.3667,0.0,0.06981,0.0,0.06981,Sidewalk
611.0,110.093,3.0619,-1.29154,0.0,-0.0,187.9093,0.9108,stand_6,378.3541,0.0,-0.0,0.0,-0.0,Sidewalk
611.5,110.093,3.0619,-1.25664,0.0,0.06981,187.9093,0.9108,stand_6,378.3667,0.0,0.06981,0.0,0.06981,Sidewalk
612.0,110.093,3.0619,-1.25664,0.0,-0.0,187.9093,0.9108,stand_6,378.3541,0.0,-0.0,0.0,-0.0,Sidewalk
612.5,110.093,3.0619,-1.22173,0.0,0.06981,187.9093,0.9108,stand_6,378.3667,0.0,0.06981,0.0,0.06981,Sidewalk
613.0,110.093,3.0619,-1.22173,0.0,-0.0,187.9093,0.9108,stand_6,378.3541,0.0,-0.0,0.0,-0.0,Sidewalk
613.5,110.093,3.0619,-1.18682,0.0,0.06981,187.9093,0.9108,stand_6,378.3667,0.0,0.06981,0.0,0.06981,Sidewalk
614.0,110.093,3.0619,-1.18682,0.0,-0.0,187.9093,0.9108,stand_6,378.3541,0.0,-0.0,0.0,-0.0,Sidewalk
614.5,110.093,3.0619,-1.15192,0.0,0.06981,187.9093,0.9108,stand_6,378.3667,0.0,0.06981,0.0,0.06981,Sidewalk
615.0,110.093,3.0619,-1.15192,0.0,-0.0,187.9093,0.9108,stand_6,378.3542,0.0,-0.0,0.0,-0.0,Sidewalk
615.5,110.093,3.0619,-1.11701,0.0,0.06981,187.9093,0.9108,stand_6,378.3667,0.0,0.06981,0.0,0.06981,Sidewalk
616.0,110.093,3.0619,-1.11701,0.0,-0.0,187.9093,0.9108,stand_6,378.3542,0.0,-0.0,0.0,-0.0,Sidewalk
616.5,110.093,3.0619,-1.0821,0.0,0.06981,187.9093,0.9108,stand_6,378.3667,0.0,0.06981,0.0,0.06981,Sidewalk
617.0,110.093,3.0619,-1.0821,0.0,-0.0,187.9093,0.9108,stand_6,378.3542,0.0,-0.0,0.0,-0.0,Sidewalk
617.5,110.093,3.0619,-1.0472,0.0,0.06981,187.9093,0.9108,stand_6,378.3667,0.0,0.06981,0.0,0.06981,Sidewalk
618.0,110.093,3.0619,-1.0472,0.0,-0.0,187.9093,0.9108,stand_6,378.3542,0.0,-0.0,0.0,-0.0,Sidewalk
618.5,110.093,3.0619,-1.01229,0.0,0.06981,187.9093,0.9108,stand_6,378.3668,0.0,0.06981,0.0,0.06981,Sidewalk
619.0,110.093,3.0619,-1.01229,0.0,-0.0,187.9093,0.9108,stand_6,378.3542,0.0,-0.0,0.0,-0.0,Sidewalk
619.5,110.093,3.0619,-0.97738,0.0,0.06981,187.9093,0.9108,stand_6,378.3668,0.0,0.06981,0.0,0.06981,Sidewalk
620.0,110.093,3.0619,-0.97738,0.0,-0.0,187.9093,0.9108,stand_6,378.3542,0.0,-0.0,0.0,-0.0,Sidewalk
620.5,110.093,3.0619,-0.94248,0.0,0.06981,187.9093,0.9108,stand_6,378.3668,0.0,0.06981,0.0,0.06981,Sidewalk
621.0,110.093,3.0619,-0.94248,0.0,-0.0,187.9093,0.9108,stand_6,378.3542,0.0,-0.0,0.0,-0.0,Sidewalk
621.5,110.093,3.0619,-0.90757,0.0,0.06981,187.9093,0.9108,stand_6,378.3668,0.0,0.06981,0.0,0.06981,Sidewalk
622.0,110.093,3.0619,-0.90757,0.0,-0.0,187.9093,0.9108,stand_6,378.3542,0.0,-0.0,0.0,-0.0,Sidewalk
622.5,110.093,3.0619,-0.87266,0.0,0.06981,187.9093,0.9108,stand_6,378.3668,0.0,0.06981,0.0,0.06981,Sidewalk
623.0,110.093,3.0619,-0.87266,0.0,-0.0,187.9093,0.9108,stand_6,378.3542,0.0,-0.0,0.0,-0.0,Sidewalk
623.5,110.093,3.0619,-0.83776,0.0,0.06981,187.9093,0.9108,stand_6,378.3668,0.0,0.06981,0.0,0.06981,Sidewalk
624.0,110.093,3.0619,-0.83776,0.0,-0.0,187.9093,0.9108,stand_6,378.3542,0.0,-0.0,0.0,-0.0,Sidewalk
624.5,110.093,3.0619,-0.80285,0.0,0.06981,187.9093,0.9108,stand_6,378.3668,0.0,0.06981,0.0,0.06981,Sidewalk
625.0,110.093,3.0619,-0.80285,0.0,-0.0,187.9093,0.9108,stand_6,378.3542,0.0,-0.0,0.0,-0.0,Sidewalk
625.5,110.093,3.0619,-0.76794,0.0,0.06981,187.9093,0.9108,stand_6,378.3668,0.0,0.06981,0.0,0.06981,Sidewalk
626.0,110.093,3.0619,-0.76794,0.0,-0.0,187.9093,0.9108,stand_6,378.3543,0.0,-0.0,0.0,-0.0,Sidewalk
626.5,110.093,3.0619,-0.73304,0.0,0.06981,187.9093,0.9108,stand_6,378.3668,0.0,0.06981,0.0,0.06981,Sidewalk
627.0,110.093,3.0619,-0.73304,0.0,-0.0,187.9093,0.9107,stand_6,378.3543,0.0,-0.0,0.0,-0.0,Sidewalk
627.5,110.093,3.0619,-0.69813,0.0,0.06981,187.9093,0.9107,stand_6,378.3668,0.0,0.06981,0.0,0.06981,Sidewalk
628.0,110.093,3.0619,-0.69813,0.0,-0.0,187.9093,0.9107,stand_6,378.3543,0.0,-0.0,0.0,-0.0,Sidewalk
628.5,110.093,3.0619,-0.66323,0.0,0.06981,187.9093,0.9107,stand_6,378.3669,0.0,0.06981,0.0,0.06981,Sidewalk
629.0,110.093,3.0619,-0.66323,0.0,-0.0,187.9093,0.9107,stand_6,378.3543,0.0,-0.0,0.0,-0.0,Sidewalk
629.5,110.093,3.0619,-0.62832,0.0,0.06981,187.9093,0.9107,stand_6,378.3669,0.0,0.06981,0.0,0.06981,Sidewalk
630.0,110.093,3.0619,-0.62832,0.0,-0.0,187.9093,0.9107,stand_6,378.3543,0.0,-0.0,0.0,-0.0,Sidewalk
630.5,110.093,3.0619,-0.59341,0.0,0.06981,187.9093,0.9107,stand_6,378.3669,0.0,0.06981,0.0,0.06981,Sidewalk
631.0,110.093,3.0619,-0.59341,0.0,-0.0,187.9093,0.9107,stand_6,378.3543,0.0,-0.0,0.0,-0.0,Sidewalk
631.5,110.093,3.0619,-0.55851,0.0,0.06981,187.9093,0.9107,stand_6,378.3669,0.0,0.06981,0.0,0.06981,Sidewalk
632.0,110.093,3.0619,-0.55851,0.0,-0.0,187.9093,0.9107,stand_6,378.3543,0.0,-0.0,0.0,-0.0,Sidewalk
632.5,110.093,3.0619,-0.5236,0.0,0.06981,187.9093,0.9107,stand_6,378.3669,0.0,0.06981,0.0,0.06981,Sidewalk
633.0,110.093,3.0619,-0.5236,0.0,-0.0,187.9093,0.9107,stand_6,378.3543,0.0,-0.0,0.0,-0.0,Sidewalk
633.5,110.093,3.0619,-0.48869,0.0,0.06981,187.9093,0.9107,stand_6,378.3669,0.0,0.06981,0.0,0.06981,Sidewalk
634.0,110.093,3.0619,-0.48869,0.0,-0.0,187.9093,0.9107,stand_6,378.3544,0.0,-0.0,0.0,-0.0,Sidewalk
634.5,110.093,3.0619,-0.45379,0.0,0.06981,187.9093,0.9107,stand_6,378.3669,0.0,0.06981,0.0,0.06981,Sidewalk
635.0,110.093,3.0619,-0.45379,0.0,-0.0,187.9093,0.9107,stand_6,378.3544,0.0,-0.0,0.0,-0.0,Sidewalk
635.5,110.093,3.0619,-0.41888,0.0,0.06981,187.9093,0.9107,stand_6,378.3669,0.0,0.06981,0.0,0.06981,Sidewalk
636.0,110.093,3.0619,-0.41888,0.0,-0.0,187.9093,0.9107,stand_6,378.3544,0.0,-0.0,0.0,-0.0,Sidewalk
636.5,110.093,3.0619,-0.38397,0.0,0.06981,187.9093,0.9107,stand_6,378.3669,0.0,0.06981,0.0,0.06981,Sidewalk
637.0,110.093,3.0619,-0.38397,0.0,-0.0,187.9093,0.9107,stand_6,378.3544,0.0,-0.0,0.0,-0.0,Sidewalk
637.5,110.093,3.0619,-0.34907,0.0,0.06981,187.9093,0.9107,stand_6,378.3669,0.0,0.06981,0.0,0.06981,Sidewalk
638.0,110.093,3.0619,-0.34907,0.0,-0.0,187.9093,0.9107,stand_6,378.3544,0.0,-0.0,0.0,-0.0,Sidewalk
638.5,110.093,3.0619,-0.31416,0.0,0.06981,187.9093,0.9107,stand_6,378.367,0.0,0.06981,0.0,0.06981,Sidewalk
639.0,110.093,3.0619,-0.31416,0.0,-0.0,187.9093,0.9107,stand_6,378.3544,0.0,-0.0,0.0,-0.0,Sidewalk
639.5,110.093,3.0619,-0.27925,0.0,0.06981,187.9093,0.9107,stand_6,378.367,0.0,0.06981,0.0,0.06981,Sidewalk
640.0,110.093,3.0619,-0.27925,0.0,-0.0,187.9093,0.9107,stand_6,378.3544,0.0,-0.0,0.0,-0.0,Sidewalk
640.5,110.093,3.0619,-0.24435,0.0,0.06981,187.9093,0.9107,stand_6,378.367,0.0,0.06981,0.0,0.06981,Sidewalk
641.0,110.093,3.0619,-0.24435,0.0,-0.0,187.9093,0.9107,stand_6,378.3544,0.0,-0.0,0.0,-0.0,Sidewalk
641.5,110.093,3.0619,-0.20944,0.0,0.06981,187.9093,0.9107,stand_6,378.367,0.0,0.06981,0.0,0.06981,Sidewalk
642.0,110.093,3.0619,-0.20944,0.0,-0.0,187.9093,0.9107,stand_6,378.3544,0.0,-0.0,0.0,-0.0,Sidewalk
642.5,110.093,3.0619,-0.17453,0.0,0.06981,187.9093,0.9107,stand_6,378.367,0.0,0.06981,0.0,0.06981,Sidewalk
643.0,110.093,3.0619,-0.17453,0.0,-0.0,187.9093,0.9107,stand_6,378.3544,0.0,-0.0,0.0,-0.0,Sidewalk
643.5,110.093,3.0619,-0.13963,0.0,0.06981,187.9093,0.9107,stand_6,378.367,0.0,0.06981,0.0,0.06981,Sidewalk
644.0,110.093,3.0619,-0.13963,0.0,-0.0,187.9093,0.9107,stand_6,378.3544,0.0,-0.0,0.0,-0.0,Sidewalk
644.5,110.093,3.0619,-0.10472,0.0,0.06981,187.9093,0.9107,stand_6,378.367,0.0,0.06981,0.0,0.06981,Sidewalk
645.0,110.093,3.0619,-0.10472,0.0,-0.0,187.9093,0.9107,stand_6,378.3544,0.0,-0.0,0.0,-0.0,Sidewalk
645.5,110.093,3.0619,-0.06981,0.0,0.06981,187.9093,0.9107,stand_6,378.367,0.0,0.06981,0.0,0.06981,Sidewalk
646.0,110.093,3.0619,-0.06981,0.0,-0.0,187.9093,0.9107,stand_6,378.3545,0.0,-0.0,0.0,-0.0,Sidewalk
646.5,110.093,3.0619,-0.03491,0.0,0.06981,187.9093,0.9107,stand_6,378.367,0.0,0.06981,0.0,0.06981,Sidewalk
647.0,110.093,3.0619,-0.03491,0.0,-0.0,187.9093,0.9107,stand_6,378.3545,0.0,-0.0,0.0,-0.0,Sidewalk
647.5,110.093,3.0619,-0.0,0.0,0.06981,187.9093,0.9107,stand_6,378.367,0.0,0.06981,0.0,0.06981,Sidewalk
648.0,110.093,3.0619,-0.0,0.0,-0.0,187.9093,0.9107,stand_6,378.3545,0.0,-0.0,0.0,-0.0,Sidewalk
648.5,110.093,3.0619,0.03491,0.0,0.06981,187.9093,0.9107,stand_6,378.367,0.0,0.06981,0.0,0.06981,Sidewalk
649.0,110.093,3.0619,0.03491,0.0,-0.0,187.9093,0.9107,stand_6,378.3545,0.0,-0.0,0.0,-0.0,Sidewalk
649.5,110.093,3.0619,0.06981,0.0,0.06981,187.9093,0.9107,stand_6,378.3671,0.0,0.06981,0.0,0.06981,Sidewalk
650.0,110.093,3.0619,0.06981,0.0,-0.0,187.9093,0.9107,stand_6,378.3545,0.0,-0.0,0.0,-0.0,Sidewalk
650.5,110.093,3.0619,0.10472,0.0,0.06981,187.9093,0.9107,stand_6,378.3671,0.0,0.06981,0.0,0.06981,Sidewalk
651.0,110.093,3.0619,0.10472,0.0,-0.0,187.9093,0.9107,stand_6,378.3545,0.0,-0.0,0.0,-0.0,Sidewalk
651.5,110.093,3.0619,0.13963,0.0,0.06981,187.9093,0.9107,stand_6,378.3671,0.0,0.06981,0.0,0.06981,Sidewalk
652.0,110.093,3.0619,0.13963,0.0,-0.0,187.9093,0.9107,stand_6,378.3545,0.0,-0.0,0.0,-0.0,Sidewalk
652.5,110.093,3.0619,0.17453,0.0,0.06981,187.9093,0.9107,stand_6,378.3671,0.0,0.06981,0.0,0.06981,Sidewalk
653.0,110.093,3.0619,0.17453,0.0,-0.0,187.9093,0.9107,stand_6,378.3545,0.0,-0.0,0.0,-0.0,Sidewalk
653.5,110.093,3.0619,0.20944,0.0,0.06981,187.9093,0.9107,stand_6,378.3671,0.0,0.06981,0.0,0.06981,Sidewalk
654.0,110.093,3.0619,0.20944,0.0,-0.0,187.9093,0.9107,stand_6,378.3545,0.0,-0.0,0.0,-0.0,Sidewalk
654.5,110.093,3.0619,0.24435,0.0,0.06981,187.9093,0.9107,stand_6,378.3671,0.0,0.06981,0.0,0.06981,Sidewalk
655.0,110.093,3.0619,0.24435,0.0,-0.0,187.9093,0.9107,stand_6,378.3545,0.0,-0.0,0.0,-0.0,Sidewalk
655.5,110.093,3.0619,0.27925,0.0,0.06981,187.9093,0.9107,stand_6,378.3671,0.0,0.06981,0.0,0.06981,Sidewalk
656.0,110.093,3.0619,0.27925,0.0,-0.0,187.9093,0.9107,stand_6,378.3546,0.0,-0.0,0.0,-0.0,Sidewalk
656.5,110.093,3.0619,0.31416,0.0,0.06981,187.9093,0.9107,stand_6,378.3671,0.0,0.06981,0.0,0.06981,Sidewalk
657.0,110.093,3.0619,0.31416,0.0,-0.0,187.9093,0.9107,stand_6,378.3546,0.0,-0.0,0.0,-0.0,Sidewalk
657.5,110.093,3.0619,0.34907,0.0,0.06981,187.9093,0.9107,stand_6,378.3671,0.0,0.06981,0.0,0.06981,Sidewalk
658.0,110.093,3.0619,0.34907,0.0,-0.0,187.9093,0.9107,stand_6,378.3546,0.0,-0.0,0.0,-0.0,Sidewalk
658.5,110.093,3.0619,0.38397,0.0,0.06981,187.9093,0.9107,stand_6,378.3671,0.0,0.06981,0.0,0.06981,Sidewalk
659.0,110.093,3.0619,0.38397,0.0,-0.0,187.9093,0.9107,stand_6,378.3546,0.0,-0.0,0.0,-0.0,Sidewalk
659.5,110.093,3.0619,0.41888,0.0,0.06981,187.9093,0.9107,stand_6,378.3671,0.0,0.06981,0.0,0.06981,Sidewalk
660.0,110.093,3.0619,0.41888,0.0,-0.0,187.9093,0.9107,stand_6,378.3546,0.0,-0.0,0.0,-0.0,Sidewalk
660.5,110.093,3.0619,0.45379,0.0,0.06981,187.9093,0.9107,stand_6,378.3672,0.0,0.06981,0.0,0.06981,Sidewalk
661.0,110.093,3.0619,0.45379,0.0,-0.0,187.9093,0.9107,stand_6,378.3546,0.0,-0.0,0.0,-0.0,Sidewalk
661.5,110.093,3.0619,0.48869,0.0,0.06981,187.9093,0.9107,stand_6,378.3672,0.0,0.06981,0.0,0.06981,Sidewalk
662.0,110.093,3.0619,0.48869,0.0,-0.0,187.9093,0.9107,stand_6,378.3546,0.0,-0.0,0.0,-0.0,Sidewalk
662.5,110.093,3.0619,0.5236,0.0,0.06981,187.9093,0.9107,stand_6,378.3672,0.0,0.06981,0.0,0.06981,Sidewalk
663.0,110.093,3.0619,0.5236,0.0,-0.0,187.9093,0.9107,stand_6,378.3546,0.0,-0.0,0.0,-0.0,Sidewalk
663.5,110.093,3.0619,0.55851,0.0,0.06981,187.9093,0.9107,stand_6,378.3672,0.0,0.06981,0.0,0.06981,Sidewalk
664.0,110.093,3.0619,0.55851,0.0,-0.0,187.9093,0.9106,stand_6,378.3546,0.0,-0.0,0.0,-0.0,Sidewalk
664.5,110.093,3.0619,0.59341,0.0,0.06981,187.9093,0.9106,stand_6,378.3672,0.0,0.06981,0.0,0.06981,Sidewalk
665.0,110.093,3.0619,0.59341,0.0,-0.0,187.9093,0.9106,stand_6,378.3546,0.0,-0.0,0.0,-0.0,Sidewalk
665.5,110.093,3.0619,0.62832,0.0,0.06981,187.9093,0.9106,stand_6,378.3672,0.0,0.06981,0.0,0.06981,Sidewalk
666.0,110.093,3.0619,0.62832,0.0,-0.0,187.9093,0.9106,stand_6,378.3547,0.0,-0.0,0.0,-0.0,Sidewalk
666.5,110.093,3.0619,0.66323,0.0,0.06981,187.9093,0.9106,stand_6,378.3672,0.0,0.06981,0.0,0.06981,Sidewalk
667.0,110.093,3.0619,0.66323,0.0,-0.0,187.9093,0.9106,stand_6,378.3547,0.0,-0.0,0.0,-0.0,Sidewalk
667.5,110.093,3.0619,0.69813,0.0,0.06981,187.9093,0.9106,stand_6,378.3672,0.0,0.06981,0.0,0.06981,Sidewalk
668.0,110.093,3.0619,0.69813,0.0,-0.0,187.9093,0.9106,stand_6,378.3547,0.0,-0.0,0.0,-0.0,Sidewalk
668.5,110.093,3.0619,0.73304,0.0,0.06981,187.9093,0.9106,stand_6,378.3672,0.0,0.06981,0.0,0.06981,Sidewalk
669.0,110.093,3.0619,0.73304,0.0,-0.0,187.9093,0.9106,stand_6,378.3547,0.0,-0.0,0.0,-0.0,Sidewalk
669.5,110.093,3.0619,0.76794,0.0,0.06981,187.9093,0.9106,stand_6,378.3673,0.0,0.06981,0.0,0.06981,Sidewalk
670.0,110.093,3.0619,0.76794,0.0,-0.0,187.9093,0.9106,stand_6,378.3547,0.0,-0.0,0.0,-0.0,Sidewalk
670.5,110.093,3.0619,0.80285,0.0,0.06981,187.9093,0.9106,stand_6,378.3673,0.0,0.06981,0.0,0.06981,Sidewalk
671.0,110.093,3.0619,0.80285,0.0,-0.0,187.9093,0.9106,stand_6,378.3547,0.0,-0.0,0.0,-0.0,Sidewalk
671.5,110.093,3.0619,0.83776,0.0,0.06981,187.9093,0.9106,stand_6,378.3673,0.0,0.06981,0.0,0.06981,Sidewalk
672.0,110.093,3.0619,0.83776,0.0,-0.0,187.9093,0.9106,stand_6,378.3547,0.0,-0.0,0.0,-0.0,Sidewalk
672.5,110.093,3.0619,0.87266,0.0,0.06981,187.9093,0.9106,stand_6,378.3673,0.0,0.06981,0.0,0.06981,Sidewalk
673.0,110.093,3.0619,0.87266,0.0,-0.0,187.9093,0.9106,stand_6,378.3547,0.0,-0.0,0.0,-0.0,Sidewalk
673.5,110.093,3.0619,0.90757,0.0,0.06981,187.9093,0.9106,stand_6,378.3673,0.0,0.06981,0.0,0.06981,Sidewalk
674.0,110.093,3.0619,0.90757,0.0,-0.0,187.9093,0.9106,stand_6,378.3547,0.0,-0.0,0.0,-0.0,Sidewalk
674.5,110.093,3.0619,0.94248,0.0,0.06981,187.9093,0.9106,stand_6,378.3673,0.0,0.06981,0.0,0.06981,Sidewalk
675.0,110.093,3.0619,0.94248,0.0,-0.0,187.9093,0.9106,stand_6,378.3547,0.0,-0.0,0.0,-0.0,Sidewalk
675.5,110.093,3.0619,0.97738,0.0,0.06981,187.9093,0.9106,stand_6,378.3673,0.0,0.06981,0.0,0.06981,Sidewalk
676.0,110.093,3.0619,0.97738,0.0,-0.0,187.9093,0.9106,stand_6,378.3548,0.0,-0.0,0.0,-0.0,Sidewalk
676.5,110.093,3.0619,1.01229,0.0,0.06981,187.9093,0.9106,stand_6,378.3673,0.0,0.06981,0.0,0.06981,Sidewalk
677.0,110.093,3.0619,1.01229,0.0,-0.0,187.9093,0.9106,stand_6,378.3548,0.0,-0.0,0.0,-0.0,Sidewalk
677.5,110.093,3.0619,1.0472,0.0,0.06981,187.9093,0.9106,stand_6,378.3673,0.0,0.06981,0.0,0.06981,Sidewalk
678.0,110.093,3.0619,1.0472,0.0,-0.0,187.9093,0.9106,stand_6,378.3548,0.0,-0.0,0.0,-0.0,Sidewalk
678.5,110.093,3.0619,1.0821,0.0,0.06981,187.9093,0.9106,stand_6,378.3674,0.0,0.06981,0.0,0.06981,Sidewalk
679.0,110.093,3.0619,1.0821,0.0,-0.0,187.9093,0.9106,stand_6,378.3548,0.0,-0.0,0.0,-0.0,Sidewalk
679.5,110.093,3.0619,1.11701,0.0,0.06981,187.9093,0.9106,stand_6,378.3674,0.0,0.06981,0.0,0.06981,Sidewalk
680.0,110.093,3.0619,1.11701,0.0,-0.0,187.9093,0.9106,stand_6,378.3548,0.0,-0.0,0.0,-0.0,Sidewalk
680.5,110.093,3.0619,1.15192,0.0,0.06981,187.9093,0.9106,stand_6,378.3674,0.0,0.06981,0.0,0.06981,Sidewalk
681.0,110.093,3.0619,1.15192,0.0,-0.0,187.9093,0.9106,stand_6,378.3548,0.0,-0.0,0.0,-0.0,Sidewalk
681.5,110.093,3.0619,1.18682,0.0,0.06981,187.9093,0.9106,stand_6,378.3674,0.0,0.06981,0.0,0.06981,Sidewalk
682.0,110.093,3.0619,1.18682,0.0,-0.0,187.9093,0.9106,stand_6,378.3548,0.0,-0.0,0.0,-0.0,Sidewalk
682.5,110.093,3.0619,1.22173,0.0,0.06981,187.9093,0.9106,stand_6,378.3674,0.0,0.06981,0.0,0.06981,Sidewalk
683.0,110.093,3.0619,1.22173,0.0,-0.0,187.9093,0.9106,stand_6,378.3548,0.0,-0.0,0.0,-0.0,Sidewalk
683.5,110.093,3.0619,1.25664,0.0,0.06981,187.9093,0.9106,stand_6,378.3674,0.0,0.06981,0.0,0.06981,Sidewalk
684.0,110.093,3.0619,1.25664,0.0,-0.0,187.9093,0.9106,stand_6,378.3549,0.0,-0.0,0.0,-0.0,Sidewalk
684.5,110.093,3.0619,1.29154,0.0,0.06981,187.9093,0.9106,stand_6,378.3674,0.0,0.06981,0.0,0.06981,Sidewalk
685.0,110.093,3.0619,1.29154,0.0,-0.0,187.9093,0.9106,stand_6,378.3549,0.0,-0.0,0.0,-0.0,Sidewalk
685.5,110.093,3.0619,1.32645,0.0,0.06981,187.9093,0.9106,stand_6,378.3674,0.0,0.06981,0.0,0.06981,Sidewalk
686.0,110.093,3.0619,1.32645,0.0,-0.0,187.9093,0.9106,stand_6,378.3549,0.0,-0.0,0.0,-0.0,Sidewalk
686.5,110.093,3.0619,1.36136,0.0,0.06981,187.9093,0.9106,stand_6,378.3674,0.0,0.06981,0.0,0.06981,Sidewalk
687.0,110.093,3.0619,1.36136,0.0,-0.0,187.9093,0.9106,stand_6,378.3549,0.0,-0.0,0.0,-0.0,Sidewalk
687.5,110.093,3.0619,1.39626,0.0,0.06981,187.9093,0.9106,stand_6,378.3675,0.0,0.06981,0.0,0.06981,Sidewalk
688.0,110.093,3.0619,1.39626,0.0,-0.0,187.9093,0.9106,stand_6,378.3549,0.0,-0.0,0.0,-0.0,Sidewalk
688.5,110.093,3.0619,1.43117,0.0,0.06981,187.9093,0.9106,stand_6,378.3675,0.0,0.06981,0.0,0.06981,Sidewalk
689.0,110.093,3.0619,1.43117,0.0,-0.0,187.9093,0.9106,stand_6,378.3549,0.0,-0.0,0.0,-0.0,Sidewalk
689.5,110.093,3.0619,1.46608,0.0,0.06981,187.9093,0.9106,stand_6,378.3675,0.0,0.06981,0.0,0.06981,Sidewalk
690.0,110.093,3.0619,1.46608,0.0,-0.0,187.9093,0.9106,stand_6,378.3549,0.0,-0.0,0.0,-0.0,Sidewalk
690.5,110.093,3.0619,1.50098,0.0,0.06981,187.9093,0.9106,stand_6,378.3675,0.0,0.06981,0.0,0.06981,Sidewalk
691.0,110.093,3.0619,1.50098,0.0,-0.0,187.9093,0.9106,stand_6,378.3549,0.0,-0.0,0.0,-0.0,Sidewalk
691.5,110.093,3.0619,1.53589,0.0,0.06981,187.9093,0.9106,stand_6,378.3675,0.0,0.06981,0.0,0.06981,Sidewalk
692.0,110.093,3.0619,1.53589,0.0,-0.0,187.9093,0.9106,stand_6,378.3549,0.0,-0.0,0.0,-0.0,Sidewalk
692.5,110.093,3.0619,1.5708,0.0,0.06981,187.9093,0.9106,stand_6,378.3675,0.0,0.06981,0.0,0.06981,Sidewalk
693.0,110.093,3.0619,1.5708,0.0,-0.0,187.9093,0.9106,stand_6,378.3549,0.0,-0.0,0.0,-0.0,Sidewalk
693.5,110.093,3.0619,1.6057,0.0,0.06981,187.9093,0.9106,stand_6,378.3675,0.0,0.06981,0.0,0.06981,Sidewalk
694.0,110.093,3.0619,1.6057,0.0,-0.0,187.9093,0.9106,stand_6,378.355,0.0,-0.0,0.0,-0.0,Sidewalk
694.5,110.093,3.0619,1.64061,0.0,0.06981,187.9093,0.9106,stand_6,378.3675,0.0,0.06981,0.0,0.06981,Sidewalk
695.0,110.093,3.0619,1.64061,0.0,-0.0,187.9093,0.9106,stand_6,378.355,0.0,-0.0,0.0,-0.0,Sidewalk
695.5,110.093,3.0619,1.67552,0.0,0.06981,187.9093,0.9106,stand_6,378.3675,0.0,0.06981,0.0,0.06981,Sidewalk
696.0,110.093,3.0619,1.67552,0.0,-0.0,187.9093,0.9106,stand_6,378.355,0.0,-0.0,0.0,-0.0,Sidewalk
696.5,110.093,3.0619,1.71042,0.0,0.06981,187.9093,0.9106,stand_6,378.3676,0.0,0.06981,0.0,0.06981,Sidewalk
697.0,110.093,3.0619,1.71042,0.0,-0.0,187.9093,0.9106,stand_6,378.355,0.0,-0.0,0.0,-0.0,Sidewalk
697.5,110.093,3.0619,1.74533,0.0,0.06981,187.9093,0.9106,stand_6,378.3676,0.0,0.06981,0.0,0.06981,Sidewalk
698.0,110.093,3.0619,1.74533,0.0,-0.0,187.9093,0.9105,stand_6,378.355,0.0,-0.0,0.0,-0.0,Sidewalk
698.5,110.093,3.0619,1.78024,0.0,0.06981,187.9093,0.9105,stand_6,378.3676,0.0,0.06981,0.0,0.06981,Sidewalk
699.0,110.093,3.0619,1.78024,0.0,-0.0,187.9093,0.9105,stand_6,378.355,0.0,-0.0,0.0,-0.0,Sidewalk
699.5,110.093,3.0619,1.81514,0.0,0.06981,187.9093,0.9105,stand_6,378.3676,0.0,0.06981,0.0,0.06981,Sidewalk
700.0,110.093,3.0619,1.81514,0.0,-0.0,187.9093,0.9105,stand_6,378.355,0.0,-0.0,0.0,-0.0,Sidewalk
700.5,110.093,3.0619,1.85005,0.0,0.06981,187.9093,0.9105,stand_6,378.3676,0.0,0.06981,0.0,0.06981,Sidewalk
701.0,110.093,3.0619,1.85005,0.0,-0.0,187.9093,0.9105,stand_6,378.355,0.0,-0.0,0.0,-0.0,Sidewalk
701.5,110.093,3.0619,1.88496,0.0,0.06981,187.9093,0.9105,stand_6,378.3676,0.0,0.06981,0.0,0.06981,Sidewalk
702.0,110.093,3.0619,1.88496,0.0,-0.0,187.9093,0.9105,stand_6,378.355,0.0,-0.0,0.0,-0.0,Sidewalk
702.5,110.093,3.0619,1.91986,0.0,0.06981,187.9093,0.9105,stand_6,378.3676,0.0,0.06981,0.0,0.06981,Sidewalk
703.0,110.093,3.0619,1.91986,0.0,-0.0,187.9093,0.9105,stand_6,378.3551,0.0,-0.0,0.0,-0.0,Sidewalk
703.5,110.093,3.0619,1.95477,0.0,0.06981,187.9093,0.9105,stand_6,378.3676,0.0,0.06981,0.0,0.06981,Sidewalk
704.0,110.093,3.0619,1.95477,0.0,-0.0,187.9093,0.9105,stand_6,378.3551,0.0,-0.0,0.0,-0.0,Sidewalk
704.5,110.093,3.0619,1.98968,0.0,0.06981,187.9093,0.9105,stand_6,378.3676,0.0,0.06981,0.0,0.06981,Sidewalk
705.0,110.093,3.0619,1.98968,0.0,-0.0,187.9093,0.9105,stand_6,378.3551,0.0,-0.0,0.0,-0.0,Sidewalk
705.5,110.093,3.0619,2.02458,0.0,0.06981,187.9093,0.9105,stand_6,378.3677,0.0,0.06981,0.0,0.06981,Sidewalk
706.0,110.093,3.0619,2.02458,0.0,-0.0,187.9093,0.9105,stand_6,378.3551,0.0,-0.0,0.0,-0.0,Sidewalk
706.5,110.093,3.0619,2.05949,0.0,0.06981,187.9093,0.9105,stand_6,378.3677,0.0,0.06981,0.0,0.06981,Sidewalk
707.0,110.093,3.0619,2.05949,0.0,-0.0,187.9093,0.9105,stand_6,378.3551,0.0,-0.0,0.0,-0.0,Sidewalk
707.5,110.093,3.0619,2.0944,0.0,0.06981,187.9093,0.9105,stand_6,378.3677,0.0,0.06981,0.0,0.06981,Sidewalk
708.0,110.093,3.0619,2.0944,0.0,-0.0,187.9093,0.9105,stand_6,378.3551,0.0,-0.0,0.0,-0.0,Sidewalk
708.5,110.093,3.0619,2.1293,0.0,0.06981,187.9093,0.9105,stand_6,378.3677,0.0,0.06981,0.0,0.06981,Sidewalk
709.0,110.093,3.0619,2.1293,0.0,-0.0,187.9093,0.9105,stand_6,378.3551,0.0,-0.0,0.0,-0.0,Sidewalk
709.5,110.093,3.0619,2.16421,0.0,0.06981,187.9093,0.9105,stand_6,378.3677,0.0,0.06981,0.0,0.06981,Sidewalk
710.0,110.093,3.0619,2.16421,0.0,-0.0,187.9093,0.9105,stand_6,378.3551,0.0,-0.0,0.0,-0.0,Sidewalk
710.5,110.093,3.0619,2.19911,0.0,0.06981,187.9093,0.9105,stand_6,378.3677,0.0,0.06981,0.0,0.06981,Sidewalk
711.0,110.093,3.0619,2.19911,0.0,-0.0,187.9093,0.9105,stand_6,378.3551,0.0,-0.0,0.0,-0.0,Sidewalk
711.5,110.093,3.0619,2.23402,0.0,0.06981,187.9093,0.9105,stand_6,378.3677,0.0,0.06981,0.0,0.06981,Sidewalk
712.0,110.093,3.0619,2.23402,0.0,-0.0,187.9093,0.9105,stand_6,378.3551,0.0,-0.0,0.0,-0.0,Sidewalk
712.5,110.093,3.0619,2.26893,0.0,0.06981,187.9093,0.9105,stand_6,378.3677,0.0,0.06981,0.0,0.06981,Sidewalk
713.0,110.093,3.0619,2.26893,0.0,-0.0,187.9093,0.9105,stand_6,378.3552,0.0,-0.0,0.0,-0.0,Sidewalk
713.5,110.093,3.0619,2.30383,0.0,0.06981,187.9093,0.9105,stand_6,378.3677,0.0,0.06981,0.0,0.06981,Sidewalk
714.0,110.093,3.0619,2.30383,0.0,-0.0,187.9093,0.9105,stand_6,378.3552,0.0,-0.0,0.0,-0.0,Sidewalk
714.5,110.093,3.0619,2.33874,0.0,0.06981,187.9093,0.9105,stand_6,378.3677,0.0,0.06981,0.0,0.06981,Sidewalk
715.0,110.093,3.0619,2.33874,0.0,-0.0,187.9093,0.9105,stand_6,378.3552,0.0,-0.0,0.0,-0.0,Sidewalk
715.5,110.093,3.0619,2.37365,0.0,0.06981,187.9093,0.9105,stand_6,378.3678,0.0,0.06981,0.0,0.06981,Sidewalk
716.0,110.093,3.0619,2.37365,0.0,-0.0,187.9093,0.9105,stand_6,378.3552,0.0,-0.0,0.0,-0.0,Sidewalk
716.5,110.093,3.0619,2.40855,0.0,0.06981,187.9093,0.9105,stand_6,378.3678,0.0,0.06981,0.0,0.06981,Sidewalk
717.0,110.093,3.0619,2.40855,0.0,-0.0,187.9093,0.9105,stand_6,378.3552,0.0,-0.0,0.0,-0.0,Sidewalk
717.5,110.093,3.0619,2.44346,0.0,0.06981,187.9093,0.9105,stand_6,378.3678,0.0,0.06981,0.0,0.06981,Sidewalk
718.0,110.093,3.0619,2.44346,0.0,-0.0,187.9093,0.9105,stand_6,378.3552,0.0,-0.0,0.0,-0.0,Sidewalk
718.5,110.093,3.0619,2.47837,0.0,0.06981,187.9093,0.9105,stand_6,378.3678,0.0,0.06981,0.0,0.06981,Sidewalk
719.0,110.093,3.0619,2.47837,0.0,-0.0,187.9093,0.9105,stand_6,378.3552,0.0,-0.0,0.0,-0.0,Sidewalk
719.5,110.093,3.0619,2.51327,0.0,0.06981,187.9093,0.9105,stand_6,378.3678,0.0,0.06981,0.0,0.06981,Sidewalk
720.0,110.093,3.0619,2.51327,0.0,-0.0,187.9093,0.9105,stand_6,378.3552,0.0,-0.0,0.0,-0.0,Sidewalk
720.5,110.093,3.0619,2.54818,0.0,0.06981,187.9093,0.9105,stand_6,378.3678,0.0,0.06981,0.0,0.06981,Sidewalk
721.0,110.093,3.0619,2.54818,0.0,-0.0,187.9093,0.9105,stand_6,378.3552,0.0,-0.0,0.0,-0.0,Sidewalk
721.5,110.093,3.0619,2.58309,0.0,0.06981,187.9093,0.9105,stand_6,378.3678,0.0,0.06981,0.0,0.06981,Sidewalk
722.0,110.093,3.0619,2.58309,0.0,-0.0,187.9093,0.9105,stand_6,378.3553,0.0,-0.0,0.0,-0.0,Sidewalk
722.5,110.093,3.0619,2.61799,0.0,0.06981,187.9093,0.9105,stand_6,378.3678,0.0,0.06981,0.0,0.06981,Sidewalk
723.0,110.093,3.0619,2.61799,0.0,-0.0,187.9093,0.9105,stand_6,378.3553,0.0,-0.0,0.0,-0.0,Sidewalk
723.5,110.093,3.0619,2.6529,0.0,0.06981,187.9093,0.9105,stand_6,378.3678,0.0,0.06981,0.0,0.06981,Sidewalk
724.0,110.093,3.0619,2.6529,0.0,-0.0,187.9093,0.9105,stand_6,378.3553,0.0,-0.0,0.0,-0.0,Sidewalk
724.5,110.093,3.0619,2.68781,0.0,0.06981,187.9093,0.9105,stand_6,378.3679,0.0,0.06981,0.0,0.06981,Sidewalk
725.0,110.093,3.0619,2.68781,0.0,-0.0,187.9093,0.9105,stand_6,378.3553,0.0,-0.0,0.0,-0.0,Sidewalk
725.5,110.093,3.0619,2.72271,0.0,0.06981,187.9093,0.9105,stand_6,378.3679,0.0,0.06981,0.0,0.06981,Sidewalk
726.0,110.093,3.0619,2.72271,0.0,-0.0,187.9093,0.9105,stand_6,378.3553,0.0,-0.0,0.0,-0.0,Sidewalk
726.5,110.093,3.0619,2.75762,0.0,0.06981,187.9093,0.9105,stand_6,378.3679,0.0,0.06981,0.0,0.06981,Sidewalk
727.0,110.093,3.0619,2.75762,0.0,-0.0,187.9093,0.9105,stand_6,378.3553,0.0,-0.0,0.0,-0.0,Sidewalk
727.5,110.093,3.0619,2.79253,0.0,0.06981,187.9093,0.9105,stand_6,378.3679,0.0,0.06981,0.0,0.06981,Sidewalk
728.0,110.093,3.0619,2.79253,0.0,-0.0,187.9093,0.9105,stand_6,378.3553,0.0,-0.0,0.0,-0.0,Sidewalk
728.5,110.093,3.0619,2.82743,0.0,0.06981,187.9093,0.9105,stand_6,378.3679,0.0,0.06981,0.0,0.06981,Sidewalk
729.0,110.093,3.0619,2.82743,0.0,-0.0,187.9093,0.9105,stand_6,378.3553,0.0,-0.0,0.0,-0.0,Sidewalk
729.5,110.093,3.0619,2.86234,0.0,0.06981,187.9093,0.9105,stand_6,378.3679,0.0,0.06981,0.0,0.06981,Sidewalk
730.0,110.093,3.0619,2.86234,0.0,-0.0,187.9093,0.9105,stand_6,378.3553,0.0,-0.0,0.0,-0.0,Sidewalk
730.5,110.093,3.0619,2.89725,0.0,0.06981,187.9093,0.9105,stand_6,378.3679,0.0,0.06981,0.0,0.06981,Sidewalk
731.0,110.093,3.0619,2.89725,0.0,-0.0,187.9093,0.9105,stand_6,378.3554,0.0,-0.0,0.0,-0.0,Sidewalk
731.5,110.093,3.0619,2.93215,0.0,0.06981,187.9093,0.9105,stand_6,378.3679,0.0,0.06981,0.0,0.06981,Sidewalk
732.0,110.093,3.0619,2.93215,0.0,-0.0,187.9093,0.9104,stand_6,378.3554,0.0,-0.0,0.0,-0.0,Sidewalk
732.5,110.093,3.0619,2.96706,0.0,0.06981,187.9093,0.9104,stand_6,378.3679,0.0,0.06981,0.0,0.06981,Sidewalk
733.0,110.093,3.0619,2.96706,0.0,-0.0,187.9093,0.9104,stand_6,378.3554,0.0,-0.0,0.0,-0.0,Sidewalk
733.5,110.093,3.0619,3.00197,0.0,0.06981,187.9093,0.9104,stand_6,378.368,0.0,0.06981,0.0,0.06981,Sidewalk
734.0,110.093,3.0619,3.00197,0.0,-0.0,187.9093,0.9104,stand_6,378.3554,0.0,-0.0,0.0,-0.0,Sidewalk
734.5,110.093,3.0619,3.03687,0.0,0.06981,187.9093,0.9104,stand_6,378.368,0.0,0.06981,0.0,0.06981,Sidewalk
735.0,110.093,3.0619,3.03687,0.0,-0.0,187.9093,0.9104,stand_6,378.3554,0.0,-0.0,0.0,-0.0,Sidewalk
735.5,110.093,3.0619,3.07178,0.0,0.06981,187.9093,0.9104,stand_6,378.368,0.0,0.06981,0.0,0.06981,Sidewalk
736.0,110.093,3.0619,3.07178,0.0,-0.0,187.9093,0.9104,stand_6,378.3554,0.0,-0.0,0.0,-0.0,Sidewalk
736.5,110.093,3.0619,3.10669,0.0,0.06981,187.9093,0.9104,stand_6,378.368,0.0,0.06981,0.0,0.06981,Sidewalk
737.0,110.093,3.0619,3.10669,0.0,-0.0,187.9093,0.9104,stand_6,378.3554,0.0,-0.0,0.0,-0.0,Sidewalk
737.5,110.093,3.0619,3.14159,0.0,0.06981,187.9093,0.9104,stand_6,378.368,0.0,0.06981,0.0,0.06981,Sidewalk
738.0,110.093,3.0619,3.14159,0.0,-0.0,187.9093,0.9104,stand_6,378.3554,0.0,-0.0,0.0,-0.0,Sidewalk
738.5,110.093,3.0619,-3.10669,0.0,0.06981,187.9093,0.9104,stand_6,378.368,0.0,0.06981,0.0,0.06981,Sidewalk
739.0,110.093,3.0619,-3.10669,0.0,-0.0,187.9093,0.9104,stand_6,378.3554,0.0,-0.0,0.0,-0.0,Sidewalk
739.5,110.093,3.0619,-3.07178,0.0,0.06981,187.9093,0.9104,stand_6,378.368,0.0,0.06981,0.0,0.06981,Sidewalk
740.0,110.093,3.0619,-3.07178,0.0,-0.0,187.9093,0.9104,stand_6,378.3554,0.0,-0.0,0.0,-0.0,Sidewalk
740.5,110.093,3.0619,-3.03687,0.0,0.06981,187.9093,0.9104,stand_6,378.368,0.0,0.06981,0.0,0.06981,Sidewalk
741.0,110.093,3.0619,-3.03687,0.0,-0.0,187.9093,0.9104,stand_6,378.3555,0.0,-0.0,0.0,-0.0,Sidewalk
741.5,110.093,3.0619,-3.00197,0.0,0.06981,187.9093,0.9104,stand_6,378.368,0.0,0.06981,0.0,0.06981,Sidewalk
742.0,110.093,3.0619,-3.00197,0.0,-0.0,187.9093,0.9104,stand_6,378.3555,0.0,-0.0,0.0,-0.0,Sidewalk
742.5,110.093,3.0619,-2.96706,0.0,0.06981,187.9093,0.9104,stand_6,378.368,0.0,0.06981,0.0,0.06981,Sidewalk
743.0,110.093,3.0619,-2.96706,0.0,-0.0,187.9093,0.9104,stand_6,378.3555,0.0,-0.0,0.0,-0.0,Sidewalk
743.5,110.093,3.0619,-2.93215,0.0,0.06981,187.9093,0.9104,stand_6,378.3681,0.0,0.06981,0.0,0.06981,Sidewalk
744.0,110.093,3.0619,-2.93215,0.0,-0.0,187.9093,0.9104,stand_6,378.3555,0.0,-0.0,0.0,-0.0,Sidewalk
744.5,110.093,3.0619,-2.89725,0.0,0.06981,187.9093,0.9104,stand_6,378.3681,0.0,0.06981,0.0,0.06981,Sidewalk
745.0,110.093,3.0619,-2.89725,0.0,-0.0,187.9093,0.9104,stand_6,378.3555,0.0,-0.0,0.0,-0.0,Sidewalk
745.5,110.093,3.0619,-2.86234,0.0,0.06981,187.9093,0.9104,stand_6,378.3681,0.0,0.06981,0.0,0.06981,Sidewalk
746.0,110.093,3.0619,-2.86234,0.0,-0.0,187.9093,0.9104,stand_6,378.3555,0.0,-0.0,0.0,-0.0,Sidewalk
746.5,110.093,3.0619,-2.82743,0.0,0.06981,187.9093,0.9104,stand_6,378.3681,0.0,0.06981,0.0,0.06981,Sidewalk
747.0,110.093,3.0619,-2.82743,0.0,-0.0,187.9093,0.9104,stand_6,378.3555,0.0,-0.0,0.0,-0.0,Sidewalk
747.5,110.093,3.0619,-2.79253,0.0,0.06981,187.9093,0.9104,stand_6,378.3681,0.0,0.06981,0.0,0.06981,Sidewalk
748.0,110.093,3.0619,-2.79253,0.0,-0.0,187.9093,0.9104,stand_6,378.3555,0.0,-0.0,0.0,-0.0,Sidewalk
748.5,110.093,3.0619,-2.75762,0.0,0.06981,187.9093,0.9104,stand_6,378.3681,0.0,0.06981,0.0,0.06981,Sidewalk
749.0,110.093,3.0619,-2.75762,0.0,-0.0,187.9093,0.9104,stand_6,378.3556,0.0,-0.0,0.0,-0.0,Sidewalk
749.5,110.093,3.0619,-2.72271,0.0,0.06981,187.9093,0.9104,stand_6,378.3681,0.0,0.06981,0.0,0.06981,Sidewalk
750.0,110.093,3.0619,-2.72271,0.0,-0.0,187.9093,0.9104,stand_6,378.3556,0.0,-0.0,0.0,-0.0,Sidewalk
750.5,110.093,3.0619,-2.68781,0.0,0.06981,187.9093,0.9104,stand_6,378.3681,0.0,0.06981,0.0,0.06981,Sidewalk
751.0,110.093,3.0619,-2.68781,0.0,-0.0,187.9093,0.9104,stand_6,378.3556,0.0,-0.0,0.0,-0.0,Sidewalk
751.5,110.093,3.0619,-2.6529,0.0,0.06981,187.9093,0.9104,stand_6,378.3681,0.0,0.06981,0.0,0.06981,Sidewalk
752.0,110.093,3.0619,-2.6529,0.0,-0.0,187.9093,0.9104,stand_6,378.3556,0.0,-0.0,0.0,-0.0,Sidewalk
752.5,110.093,3.0619,-2.61799,0.0,0.06981,187.9093,0.9104,stand_6,378.3681,0.0,0.06981,0.0,0.06981,Sidewalk
753.0,110.093,3.0619,-2.61799,0.0,-0.0,187.9093,0.9104,stand_6,378.3556,0.0,-0.0,0.0,-0.0,Sidewalk
753.5,110.093,3.0619,-2.58309,0.0,0.06981,187.9093,0.9104,stand_6,378.3682,0.0,0.06981,0.0,0.06981,Sidewalk
754.0,110.093,3.0619,-2.58309,0.0,-0.0,187.9093,0.9104,stand_6,378.3556,0.0,-0.0,0.0,-0.0,Sidewalk
754.5,110.093,3.0619,-2.54818,0.0,0.06981,187.9093,0.9104,stand_6,378.3682,0.0,0.06981,0.0,0.06981,Sidewalk
755.0,110.093,3.0619,-2.54818,0.0,-0.0,187.9093,0.9104,stand_6,378.3556,0.0,-0.0,0.0,-0.0,Sidewalk
755.5,110.093,3.0619,-2.51327,0.0,0.06981,187.9093,0.9104,stand_6,378.3682,0.0,0.06981,0.0,0.06981,Sidewalk
756.0,110.093,3.0619,-2.51327,0.0,-0.0,187.9093,0.9104,stand_6,378.3556,0.0,-0.0,0.0,-0.0,Sidewalk
756.5,110.093,3.0619,-2.47837,0.0,0.06981,187.9093,0.9104,stand_6,378.3682,0.0,0.06981,0.0,0.06981,Sidewalk
757.0,110.093,3.0619,-2.47837,0.0,-0.0,187.9093,0.9104,stand_6,378.3556,0.0,-0.0,0.0,-0.0,Sidewalk
757.5,110.093,3.0619,-2.44346,0.0,0.06981,187.9093,0.9104,stand_6,378.3682,0.0,0.06981,0.0,0.06981,Sidewalk
758.0,110.093,3.0619,-2.44346,0.0,-0.0,187.9093,0.9104,stand_6,378.3556,0.0,-0.0,0.0,-0.0,Sidewalk
758.5,110.093,3.0619,-2.40855,0.0,0.06981,187.9093,0.9104,stand_6,378.3682,0.0,0.06981,0.0,0.06981,Sidewalk
759.0,110.093,3.0619,-2.40855,0.0,-0.0,187.9093,0.9104,stand_6,378.3556,0.0,-0.0,0.0,-0.0,Sidewalk
759.5,110.093,3.0619,-2.37365,0.0,0.06981,187.9093,0.9104,stand_6,378.3682,0.0,0.06981,0.0,0.06981,Sidewalk
760.0,110.093,3.0619,-2.37365,0.0,-0.0,187.9093,0.9104,stand_6,378.3557,0.0,-0.0,0.0,-0.0,Sidewalk
760.5,110.093,3.0619,-2.33874,0.0,0.06981,187.9093,0.9104,stand_6,378.3682,0.0,0.06981,0.0,0.06981,Sidewalk
761.0,110.093,3.0619,-2.33874,0.0,-0.0,187.9093,0.9104,stand_6,378.3557,0.0,-0.0,0.0,-0.0,Sidewalk
761.5,110.093,3.0619,-2.30383,0.0,0.06981,187.9093,0.9104,stand_6,378.3682,0.0,0.06981,0.0,0.06981,Sidewalk
762.0,110.093,3.0619,-2.30383,0.0,-0.0,187.9093,0.9104,stand_6,378.3557,0.0,-0.0,0.0,-0.0,Sidewalk
762.5,110.093,3.0619,-2.26893,0.0,0.06981,187.9093,0.9104,stand_6,378.3682,0.0,0.06981,0.0,0.06981,Sidewalk
763.0,110.093,3.0619,-2.26893,0.0,-0.0,187.9093,0.9104,stand_6,378.3557,0.0,-0.0,0.0,-0.0,Sidewalk
763.5,110.093,3.0619,-2.23402,0.0,0.06981,187.9093,0.9104,stand_6,378.3683,0.0,0.06981,0.0,0.06981,Sidewalk
764.0,110.093,3.0619,-2.23402,0.0,-0.0,187.9093,0.9104,stand_6,378.3557,0.0,-0.0,0.0,-0.0,Sidewalk
764.5,110.093,3.0619,-2.19911,0.0,0.06981,187.9093,0.9104,stand_6,378.3683,0.0,0.06981,0.0,0.06981,Sidewalk
765.0,110.093,3.0619,-2.19911,0.0,-0.0,187.9093,0.9104,stand_6,378.3557,0.0,-0.0,0.0,-0.0,Sidewalk
765.5,110.093,3.0619,-2.16421,0.0,0.06981,187.9093,0.9104,stand_6,378.3683,0.0,0.06981,0.0,0.06981,Sidewalk
766.0,110.093,3.0619,-2.16421,0.0,-0.0,187.9093,0.9104,stand_6,378.3557,0.0,-0.0,0.0,-0.0,Sidewalk
766.5,110.093,3.0619,-2.1293,0.0,0.06981,187.9093,0.9104,stand_6,378.3683,0.0,0.06981,0.0,0.06981,Sidewalk
767.0,110.093,3.0619,-2.1293,0.0,-0.0,187.9093,0.9103,stand_6,378.3557,0.0,-0.0,0.0,-0.0,Sidewalk
767.5,110.093,3.0619,-2.0944,0.0,0.06981,187.9093,0.9103,stand_6,378.3683,0.0,0.06981,0.0,0.06981,Sidewalk
768.0,110.093,3.0619,-2.0944,0.0,-0.0,187.9093,0.9103,stand_6,378.3557,0.0,-0.0,0.0,-0.0,Sidewalk
768.5,110.093,3.0619,-2.05949,0.0,0.06981,187.9093,0.9103,stand_6,378.3683,0.0,0.06981,0.0,0.06981,Sidewalk
769.0,110.093,3.0619,-2.05949,0.0,-0.0,187.9093,0.9103,stand_6,378.3558,0.0,-0.0,0.0,-0.0,Sidewalk
769.5,110.093,3.0619,-2.02458,0.0,0.06981,187.9093,0.9103,stand_6,378.3683,0.0,0.06981,0.0,0.06981,Sidewalk
770.0,110.093,3.0619,-2.02458,0.0,-0.0,187.9093,0.9103,stand_6,378.3558,0.0,-0.0,0.0,-0.0,Sidewalk
770.5,110.093,3.0619,-1.98968,0.0,0.06981,187.9093,0.9103,stand_6,378.3683,0.0,0.06981,0.0,0.06981,Sidewalk
771.0,110.093,3.0619,-1.98968,0.0,-0.0,187.9093,0.9103,stand_6,378.3558,0.0,-0.0,0.0,-0.0,Sidewalk
771.5,110.093,3.0619,-1.95477,0.0,0.06981,187.9093,0.9103,stand_6,378.3683,0.0,0.06981,0.0,0.06981,Sidewalk
772.0,110.093,3.0619,-1.95477,0.0,-0.0,187.9093,0.9103,stand_6,378.3558,0.0,-0.0,0.0,-0.0,Sidewalk
772.5,110.093,3.0619,-1.91986,0.0,0.06981,187.9093,0.9103,stand_6,378.3684,0.0,0.06981,0.0,0.06981,Sidewalk
773.0,110.093,3.0619,-1.91986,0.0,-0.0,187.9093,0.9103,stand_6,378.3558,0.0,-0.0,0.0,-0.0,Sidewalk
773.5,110.093,3.0619,-1.88496,0.0,0.06981,187.9093,0.9103,stand_6,378.3684,0.0,0.06981,0.0,0.06981,Sidewalk
774.0,110.093,3.0619,-1.88496,0.0,-0.0,187.9093,0.9103,stand_6,378.3558,0.0,-0.0,0.0,-0.0,Sidewalk
774.5,110.093,3.0619,-1.85005,0.0,0.06981,187.9093,0.9103,stand_6,378.3684,0.0,0.06981,0.0,0.06981,Sidewalk
775.0,110.093,3.0619,-1.85005,0.0,-0.0,187.9093,0.9103,stand_6,378.3558,0.0,-0.0,0.0,-0.0,Sidewalk
775.5,110.093,3.0619,-1.81514,0.0,0.06981,187.9093,0.9103,stand_6,378.3684,0.0,0.06981,0.0,0.06981,Sidewalk
776.0,110.093,3.0619,-1.81514,0.0,-0.0,187.9093,0.9103,stand_6,378.3558,0.0,-0.0,0.0,-0.0,Sidewalk
776.5,110.093,3.0619,-1.78024,0.0,0.06981,187.9093,0.9103,stand_6,378.3684,0.0,0.06981,0.0,0.06981,Sidewalk
777.0,110.093,3.0619,-1.78024,0.0,-0.0,187.9093,0.9103,stand_6,378.3558,0.0,-0.0,0.0,-0.0,Sidewalk
777.5,110.093,3.0619,-1.74533,0.0,0.06981,187.9093,0.9103,stand_6,378.3684,0.0,0.06981,0.0,0.06981,Sidewalk
778.0,110.093,3.0619,-1.74533,0.0,-0.0,187.9093,0.9103,stand_6,378.3558,0.0,-0.0,0.0,-0.0,Sidewalk
778.5,110.093,3.0619,-1.71042,0.0,0.06981,187.9093,0.9103,stand_6,378.3684,0.0,0.06981,0.0,0.06981,Sidewalk
779.0,110.093,3.0619,-1.71042,0.0,-0.0,187.9093,0.9103,stand_6,378.3559,0.0,-0.0,0.0,-0.0,Sidewalk
779.5,110.093,3.0619,-1.67552,0.0,0.06981,187.9093,0.9103,stand_6,378.3684,0.0,0.06981,0.0,0.06981,Sidewalk
780.0,110.093,3.0619,-1.67552,0.0,-0.0,187.9093,0.9103,stand_6,378.3559,0.0,-0.0,0.0,-0.0,Sidewalk
780.5,110.093,3.0619,-1.64061,0.0,0.06981,187.9093,0.9103,stand_6,378.3684,0.0,0.06981,0.0,0.06981,Sidewalk
781.0,110.093,3.0619,-1.64061,0.0,-0.0,187.9093,0.9103,stand_6,378.3559,0.0,-0.0,0.0,-0.0,Sidewalk
781.5,110.093,3.0619,-1.6057,0.0,0.06981,187.9093,0.9103,stand_6,378.3684,0.0,0.06981,0.0,0.06981,Sidewalk
782.0,110.093,3.0619,-1.6057,0.0,-0.0,187.9093,0.9103,stand_6,378.3559,0.0,-0.0,0.0,-0.0,Sidewalk
782.5,110.093,3.0619,-1.5708,0.0,0.06981,187.9093,0.9103,stand_6,378.3685,0.0,0.06981,0.0,0.06981,Sidewalk
783.0,110.093,3.0619,-1.5708,0.0,-0.0,187.9093,0.9103,stand_6,378.3559,0.0,-0.0,0.0,-0.0,Sidewalk
783.5,110.093,3.0619,-1.53589,0.0,0.06981,187.9093,0.9103,stand_6,378.3685,0.0,0.06981,0.0,0.06981,Sidewalk
784.0,110.093,3.0619,-1.53589,0.0,-0.0,187.9093,0.9103,stand_6,378.3559,0.0,-0.0,0.0,-0.0,Sidewalk
784.5,110.093,3.0619,-1.50098,0.0,0.06981,187.9093,0.9103,stand_6,378.3685,0.0,0.06981,0.0,0.06981,Sidewalk
785.0,110.093,3.0619,-1.50098,0.0,-0.0,187.9093,0.9103,stand_6,378.3559,0.0,-0.0,0.0,-0.0,Sidewalk
785.5,110.093,3.0619,-1.46608,0.0,0.06981,187.9093,0.9103,stand_6,378.3685,0.0,0.06981,0.0,0.06981,Sidewalk
786.0,110.093,3.0619,-1.46608,0.0,-0.0,187.9093,0.9103,stand_6,378.3559,0.0,-0.0,0.0,-0.0,Sidewalk
786.5,110.093,3.0619,-1.43117,0.0,0.06981,187.9093,0.9103,stand_6,378.3685,0.0,0.06981,0.0,0.06981,Sidewalk
787.0,110.093,3.0619,-1.43117,0.0,-0.0,187.9093,0.9103,stand_6,378.3559,0.0,-0.0,0.0,-0.0,Sidewalk
787.5,110.093,3.0619,-1.39626,0.0,0.06981,187.9093,0.9103,stand_6,378.3685,0.0,0.06981,0.0,0.06981,Sidewalk
788.0,110.093,3.0619,-1.39626,0.0,-0.0,187.9093,0.9103,stand_6,378.3559,0.0,-0.0,0.0,-0.0,Sidewalk
788.5,110.093,3.0619,-1.36136,0.0,0.06981,187.9093,0.9103,stand_6,378.3685,0.0,0.06981,0.0,0.06981,Sidewalk
789.0,110.093,3.0619,-1.36136,0.0,-0.0,187.9093,0.9103,stand_6,378.356,0.0,-0.0,0.0,-0.0,Sidewalk
789.5,110.093,3.0619,-1.32645,0.0,0.06981,187.9093,0.9103,stand_6,378.3685,0.0,0.06981,0.0,0.06981,Sidewalk
790.0,110.093,3.0619,-1.32645,0.0,-0.0,187.9093,0.9103,stand_6,378.356,0.0,-0.0,0.0,-0.0,Sidewalk
790.5,110.093,3.0619,-1.29154,0.0,0.06981,187.9093,0.9103,stand_6,378.3685,0.0,0.06981,0.0,0.06981,Sidewalk
791.0,110.093,3.0619,-1.29154,0.0,-0.0,187.9093,0.9103,stand_6,378.356,0.0,-0.0,0.0,-0.0,Sidewalk
791.5,110.093,3.0619,-1.25664,0.0,0.06981,187.9093,0.9103,stand_6,378.3686,0.0,0.06981,0.0,0.06981,Sidewalk
792.0,110.093,3.0619,-1.25664,0.0,-0.0,187.9093,0.9103,stand_6,378.356,0.0,-0.0,0.0,-0.0,Sidewalk
792.5,110.093,3.0619,-1.22173,0.0,0.06981,187.9093,0.9103,stand_6,378.3686,0.0,0.06981,0.0,0.06981,Sidewalk
793.0,110.093,3.0619,-1.22173,0.0,-0.0,187.9093,0.9103,stand_6,378.356,0.0,-0.0,0.0,-0.0,Sidewalk
793.5,110.093,3.0619,-1.18682,0.0,0.06981,187.9093,0.9103,stand_6,378.3686,0.0,0.06981,0.0,0.06981,Sidewalk
794.0,110.093,3.0619,-1.18682,0.0,-0.0,187.9093,0.9103,stand_6,378.356,0.0,-0.0,0.0,-0.0,Sidewalk
794.5,110.093,3.0619,-1.15192,0.0,0.06981,187.9093,0.9103,stand_6,378.3686,0.0,0.06981,0.0,0.06981,Sidewalk
795.0,110.093,3.0619,-1.15192,0.0,-0.0,187.9093,0.9103,stand_6,378.356,0.0,-0.0,0.0,-0.0,Sidewalk
795.5,110.093,3.0619,-1.11701,0.0,0.06981,187.9093,0.9103,stand_6,378.3686,0.0,0.06981,0.0,0.06981,Sidewalk
796.0,110.093,3.0619,-1.11701,0.0,-0.0,187.9093,0.9103,stand_6,378.356,0.0,-0.0,0.0,-0.0,Sidewalk
796.5,110.093,3.0619,-1.0821,0.0,0.06981,187.9093,0.9103,stand_6,378.3686,0.0,0.06981,0.0,0.06981,Sidewalk
797.0,110.093,3.0619,-1.0821,0.0,-0.0,187.9093,0.9103,stand_6,378.3561,0.0,-0.0,0.0,-0.0,Sidewalk
797.5,110.093,3.0619,-1.0472,0.0,0.06981,187.9093,0.9103,stand_6,378.3686,0.0,0.06981,0.0,0.06981,Sidewalk
798.0,110.093,3.0619,-1.0472,0.0,-0.0,187.9093,0.9103,stand_6,378.3561,0.0,-0.0,0.0,-0.0,Sidewalk
798.5,110.093,3.0619,-1.01229,0.0,0.06981,187.9093,0.9103,stand_6,378.3686,0.0,0.06981,0.0,0.06981,Sidewalk
799.0,110.093,3.0619,-1.01229,0.0,-0.0,187.9093,0.9103,stand_6,378.3561,0.0,-0.0,0.0,-0.0,Sidewalk
799.5,110.093,3.0619,-0.97738,0.0,0.06981,187.9093,0.9103,stand_6,378.3686,0.0,0.06981,0.0,0.06981,Sidewalk
800.0,110.093,3.0619,-0.97738,0.0,-0.0,187.9093,0.9103,stand_6,378.3561,0.0,-0.0,0.0,-0.0,Sidewalk
800.5,110.093,3.0619,-0.94248,0.0,0.06981,187.9093,0.9103,stand_6,378.3686,0.0,0.06981,0.0,0.06981,Sidewalk
801.0,110.093,3.0619,-0.94248,0.0,-0.0,187.9093,0.9103,stand_6,378.3561,0.0,-0.0,0.0,-0.0,Sidewalk
801.5,110.093,3.0619,-0.90757,0.0,0.06981,187.9093,0.9103,stand_6,378.3687,0.0,0.06981,0.0,0.06981,Sidewalk
802.0,110.093,3.0619,-0.90757,0.0,-0.0,187.9093,0.9102,stand_6,378.3561,0.0,-0.0,0.0,-0.0,Sidewalk
802.5,110.093,3.0619,-0.87266,0.0,0.06981,187.9093,0.9102,stand_6,378.3687,0.0,0.06981,0.0,0.06981,Sidewalk
803.0,110.093,3.0619,-0.87266,0.0,-0.0,187.9093,0.9102,stand_6,378.3561,0.0,-0.0,0.0,-0.0,Sidewalk
803.5,110.093,3.0619,-0.83776,0.0,0.06981,187.9093,0.9102,stand_6,378.3687,0.0,0.06981,0.0,0.06981,Sidewalk
804.0,110.093,3.0619,-0.83776,0.0,-0.0,187.9093,0.9102,stand_6,378.3561,0.0,-0.0,0.0,-0.0,Sidewalk
804.5,110.093,3.0619,-0.80285,0.0,0.06981,187.9093,0.9102,stand_6,378.3687,0.0,0.06981,0.0,0.06981,Sidewalk
805.0,110.093,3.0619,-0.80285,0.0,-0.0,187.9093,0.9102,stand_6,378.3561,0.0,-0.0,0.0,-0.0,Sidewalk
805.5,110.093,3.0619,-0.76794,0.0,0.06981,187.9093,0.9102,stand_6,378.3687,0.0,0.06981,0.0,0.06981,Sidewalk
806.0,110.093,3.0619,-0.76794,0.0,-0.0,187.9093,0.9102,stand_6,378.3561,0.0,-0.0,0.0,-0.0,Sidewalk
806.5,110.093,3.0619,-0.73304,0.0,0.06981,187.9093,0.9102,stand_6,378.3687,0.0,0.06981,0.0,0.06981,Sidewalk
807.0,110.093,3.0619,-0.73304,0.0,-0.0,187.9093,0.9102,stand_6,378.3561,0.0,-0.0,0.0,-0.0,Sidewalk
807.5,110.093,3.0619,-0.69813,0.0,0.06981,187.9093,0.9102,stand_6,378.3687,0.0,0.06981,0.0,0.06981,Sidewalk
808.0,110.093,3.0619,-0.69813,0.0,-0.0,187.9093,0.9102,stand_6,378.3562,0.0,-0.0,0.0,-0.0,Sidewalk
808.5,110.093,3.0619,-0.66323,0.0,0.06981,187.9093,0.9102,stand_6,378.3687,0.0,0.06981,0.0,0.06981,Sidewalk
809.0,110.093,3.0619,-0.66323,0.0,-0.0,187.9093,0.9102,stand_6,378.3562,0.0,-0.0,0.0,-0.0,Sidewalk
809.5,110.093,3.0619,-0.62832,0.0,0.06981,187.9093,0.9102,stand_6,378.3687,0.0,0.06981,0.0,0.06981,Sidewalk
810.0,110.093,3.0619,-0.62832,0.0,-0.0,187.9093,0.9102,stand_6,378.3562,0.0,-0.0,0.0,-0.0,Sidewalk
810.5,110.093,3.0619,-0.59341,0.0,0.06981,187.9093,0.9102,stand_6,378.3687,0.0,0.06981,0.0,0.06981,Sidewalk
811.0,110.093,3.0619,-0.59341,0.0,-0.0,187.9093,0.9102,stand_6,378.3562,0.0,-0.0,0.0,-0.0,Sidewalk
811.5,110.093,3.0619,-0.55851,0.0,0.06981,187.9093,0.9102,stand_6,378.3688,0.0,0.06981,0.0,0.06981,Sidewalk
812.0,110.093,3.0619,-0.55851,0.0,-0.0,187.9093,0.9102,stand_6,378.3562,0.0,-0.0,0.0,-0.0,Sidewalk
812.5,110.093,3.0619,-0.5236,0.0,0.06981,187.9093,0.9102,stand_6,378.3688,0.0,0.06981,0.0,0.06981,Sidewalk
813.0,110.093,3.0619,-0.5236,0.0,-0.0,187.9093,0.9102,stand_6,378.3562,0.0,-0.0,0.0,-0.0,Sidewalk
813.5,110.093,3.0619,-0.48869,0.0,0.06981,187.9093,0.9102,stand_6,378.3688,0.0,0.06981,0.0,0.06981,Sidewalk
814.0,110.093,3.0619,-0.48869,0.0,-0.0,187.9093,0.9102,stand_6,378.3562,0.0,-0.0,0.0,-0.0,Sidewalk
814.5,110.093,3.0619,-0.45379,0.0,0.06981,187.9093,0.9102,stand_6,378.3688,0.0,0.06981,0.0,0.06981,Sidewalk
815.0,110.093,3.0619,-0.45379,0.0,-0.0,187.9093,0.9102,stand_6,378.3562,0.0,-0.0,0.0,-0.0,Sidewalk
815.5,110.093,3.0619,-0.41888,0.0,0.06981,187.9093,0.9102,stand_6,378.3688,0.0,0.06981,0.0,0.06981,Sidewalk
816.0,110.093,3.0619,-0.41888,0.0,-0.0,187.9093,0.9102,stand_6,378.3562,0.0,-0.0,0.0,-0.0,Sidewalk
816.5,110.093,3.0619,-0.38397,0.0,0.06981,187.9093,0.9102,stand_6,378.3688,0.0,0.06981,0.0,0.06981,Sidewalk
817.0,110.093,3.0619,-0.38397,0.0,-0.0,187.9093,0.9102,stand_6,378.3563,0.0,-0.0,0.0,-0.0,Sidewalk
817.5,110.093,3.0619,-0.34907,0.0,0.06981,187.9093,0.9102,stand_6,378.3688,0.0,0.06981,0.0,0.06981,Sidewalk
818.0,110.093,3.0619,-0.34907,0.0,-0.0,187.9093,0.9102,stand_6,378.3563,0.0,-0.0,0.0,-0.0,Sidewalk
818.5,110.093,3.0619,-0.31416,0.0,0.06981,187.9093,0.9102,stand_6,378.3688,0.0,0.06981,0.0,0.06981,Sidewalk
819.0,110.093,3.0619,-0.31416,0.0,-0.0,187.9093,0.9102,stand_6,378.3563,0.0,-0.0,0.0,-0.0,Sidewalk
819.5,110.093,3.0619,-0.27925,0.0,0.06981,187.9093,0.9102,stand_6,378.3688,0.0,0.06981,0.0,0.06981,Sidewalk
820.0,110.093,3.0619,-0.27925,0.0,-0.0,187.9093,0.9102,stand_6,378.3563,0.0,-0.0,0.0,-0.0,Sidewalk
820.5,110.093,3.0619,-0.24435,0.0,0.06981,187.9093,0.9102,stand_6,378.3689,0.0,0.06981,0.0,0.06981,Sidewalk
821.0,110.093,3.0619,-0.24435,0.0,-0.0,187.9093,0.9102,stand_6,378.3563,0.0,-0.0,0.0,-0.0,Sidewalk
821.5,110.093,3.0619,-0.20944,0.0,0.06981,187.9093,0.9102,stand_6,378.3689,0.0,0.06981,0.0,0.06981,Sidewalk
822.0,110.093,3.0619,-0.20944,0.0,-0.0,187.9093,0.9102,stand_6,378.3563,0.0,-0.0,0.0,-0.0,Sidewalk
822.5,110.093,3.0619,-0.17453,0.0,0.06981,187.9093,0.9102,stand_6,378.3689,0.0,0.06981,0.0,0.06981,Sidewalk
823.0,110.093,3.0619,-0.17453,0.0,-0.0,187.9093,0.9102,stand_6,378.3563,0.0,-0.0,0.0,-0.0,Sidewalk
823.5,110.093,3.0619,-0.13963,0.0,0.06981,187.9093,0.9102,stand_6,378.3689,0.0,0.06981,0.0,0.06981,Sidewalk
824.0,110.093,3.0619,-0.13963,0.0,-0.0,187.9093,0.9102,stand_6,378.3563,0.0,-0.0,0.0,-0.0,Sidewalk
824.5,110.093,3.0619,-0.10472,0.0,0.06981,187.9093,0.9102,stand_6,378.3689,0.0,0.06981,0.0,0.06981,Sidewalk
825.0,110.093,3.0619,-0.10472,0.0,-0.0,187.9093,0.9102,stand_6,378.3563,0.0,-0.0,0.0,-0.0,Sidewalk
825.5,110.093,3.0619,-0.06981,0.0,0.06981,187.9093,0.9102,stand_6,378.3689,0.0,0.06981,0.0,0.06981,Sidewalk
826.0,110.093,3.0619,-0.06981,0.0,-0.0,187.9093,0.9102,stand_6,378.3564,0.0,-0.0,0.0,-0.0,Sidewalk
826.5,110.093,3.0619,-0.03491,0.0,0.06981,187.9093,0.9102,stand_6,378.3689,0.0,0.06981,0.0,0.06981,Sidewalk
827.0,110.093,3.0619,-0.03491,0.0,-0.0,187.9093,0.9102,stand_6,378.3564,0.0,-0.0,0.0,-0.0,Sidewalk
827.5,110.093,3.0619,-0.0,0.0,0.06981,187.9093,0.9102,stand_6,378.3689,0.0,0.06981,0.0,0.06981,Sidewalk
828.0,110.093,3.0619,-0.0,0.0,-0.0,187.9093,0.9102,stand_6,378.3564,0.0,-0.0,0.0,-0.0,Sidewalk
828.5,110.093,3.0619,0.03491,0.0,0.06981,187.9093,0.9102,stand_6,378.3689,0.0,0.06981,0.0,0.06981,Sidewalk
829.0,110.093,3.0619,0.03491,0.0,-0.0,187.9093,0.9102,stand_6,378.3564,0.0,-0.0,0.0,-0.0,Sidewalk
829.5,110.093,3.0619,0.06981,0.0,0.06981,187.9093,0.9102,stand_6,378.369,0.0,0.06981,0.0,0.06981,Sidewalk
830.0,110.093,3.0619,0.06981,0.0,-0.0,187.9093,0.9102,stand_6,378.3564,0.0,-0.0,0.0,-0.0,Sidewalk
830.5,110.093,3.0619,0.10472,0.0,0.06981,187.9093,0.9102,stand_6,378.369,0.0,0.06981,0.0,0.06981,Sidewalk
831.0,110.093,3.0619,0.10472,0.0,-0.0,187.9093,0.9102,stand_6,378.3564,0.0,-0.0,0.0,-0.0,Sidewalk
831.5,110.093,3.0619,0.13963,0.0,0.06981,187.9093,0.9102,stand_6,378.369,0.0,0.06981,0.0,0.06981,Sidewalk
832.0,110.093,3.0619,0.13963,0.0,-0.0,187.9093,0.9102,stand_6,378.3564,0.0,-0.0,0.0,-0.0,Sidewalk
832.5,110.093,3.0619,0.17453,0.0,0.06981,187.9093,0.9102,stand_6,378.369,0.0,0.06981,0.0,0.06981,Sidewalk
833.0,110.093,3.0619,0.17453,0.0,-0.0,187.9093,0.9102,stand_6,378.3564,0.0,-0.0,0.0,-0.0,Sidewalk
833.5,110.093,3.0619,0.20944,0.0,0.06981,187.9093,0.9102,stand_6,378.369,0.0,0.06981,0.0,0.06981,Sidewalk
834.0,110.093,3.0619,0.20944,0.0,-0.0,187.9093,0.9102,stand_6,378.3564,0.0,-0.0,0.0,-0.0,Sidewalk
834.5,110.093,3.0619,0.24435,0.0,0.06981,187.9093,0.9102,stand_6,378.369,0.0,0.06981,0.0,0.06981,Sidewalk
835.0,110.093,3.0619,0.24435,0.0,-0.0,187.9093,0.9101,stand_6,378.3565,0.0,-0.0,0.0,-0.0,Sidewalk
835.5,110.093,3.0619,0.27925,0.0,0.06981,187.9093,0.9101,stand_6,378.369,0.0,0.06981,0.0,0.06981,Sidewalk
836.0,110.093,3.0619,0.27925,0.0,-0.0,187.9093,0.9101,stand_6,378.3565,0.0,-0.0,0.0,-0.0,Sidewalk
836.5,110.093,3.0619,0.31416,0.0,0.06981,187.9093,0.9101,stand_6,378.369,0.0,0.06981,0.0,0.06981,Sidewalk
837.0,110.093,3.0619,0.31416,0.0,-0.0,187.9093,0.9101,stand_6,378.3565,0.0,-0.0,0.0,-0.0,Sidewalk
837.5,110.093,3.0619,0.34907,0.0,0.06981,187.9093,0.9101,stand_6,378.3691,0.0,0.06981,0.0,0.06981,Sidewalk
838.0,110.093,3.0619,0.34907,0.0,-0.0,187.9093,0.9101,stand_6,378.3565,0.0,-0.0,0.0,-0.0,Sidewalk
838.5,110.093,3.0619,0.38397,0.0,0.06981,187.9093,0.9101,stand_6,378.3691,0.0,0.06981,0.0,0.06981,Sidewalk
839.0,110.093,3.0619,0.38397,0.0,-0.0,187.9093,0.9101,stand_6,378.3565,0.0,-0.0,0.0,-0.0,Sidewalk
839.5,110.093,3.0619,0.41888,0.0,0.06981,187.9093,0.9101,stand_6,378.3691,0.0,0.06981,0.0,0.06981,Sidewalk
840.0,110.093,3.0619,0.41888,0.0,-0.0,187.9093,0.9101,stand_6,378.3565,0.0,-0.0,0.0,-0.0,Sidewalk
840.5,110.093,3.0619,0.45379,0.0,0.06981,187.9093,0.9101,stand_6,378.3691,0.0,0.06981,0.0,0.06981,Sidewalk
841.0,110.093,3.0619,0.45379,0.0,-0.0,187.9093,0.9101,stand_6,378.3565,0.0,-0.0,0.0,-0.0,Sidewalk
841.5,110.093,3.0619,0.48869,0.0,0.06981,187.9093,0.9101,stand_6,378.3691,0.0,0.06981,0.0,0.06981,Sidewalk
842.0,110.093,3.0619,0.48869,0.0,-0.0,187.9093,0.9101,stand_6,378.3565,0.0,-0.0,0.0,-0.0,Sidewalk
842.5,110.093,3.0619,0.5236,0.0,0.06981,187.9093,0.9101,stand_6,378.3691,0.0,0.06981,0.0,0.06981,Sidewalk
843.0,110.093,3.0619,0.5236,0.0,-0.0,187.9093,0.9101,stand_6,378.3565,0.0,-0.0,0.0,-0.0,Sidewalk
843.5,110.093,3.0619,0.55851,0.0,0.06981,187.9093,0.9101,stand_6,378.3691,0.0,0.06981,0.0,0.06981,Sidewalk
844.0,110.093,3.0619,0.55851,0.0,-0.0,187.9093,0.9101,stand_6,378.3566,0.0,-0.0,0.0,-0.0,Sidewalk
844.5,110.093,3.0619,0.59341,0.0,0.06981,187.9093,0.9101,stand_6,378.3691,0.0,0.06981,0.0,0.06981,Sidewalk
845.0,110.093,3.0619,0.59341,0.0,-0.0,187.9093,0.9101,stand_6,378.3566,0.0,-0.0,0.0,-0.0,Sidewalk
845.5,110.093,3.0619,0.62832,0.0,0.06981,187.9093,0.9101,stand_6,378.3691,0.0,0.06981,0.0,0.06981,Sidewalk
846.0,110.093,3.0619,0.62832,0.0,-0.0,187.9093,0.9101,stand_6,378.3566,0.0,-0.0,0.0,-0.0,Sidewalk
846.5,110.093,3.0619,0.66323,0.0,0.06981,187.9093,0.9101,stand_6,378.3692,0.0,0.06981,0.0,0.06981,Sidewalk
847.0,110.093,3.0619,0.66323,0.0,-0.0,187.9093,0.9101,stand_6,378.3566,0.0,-0.0,0.0,-0.0,Sidewalk
847.5,110.093,3.0619,0.69813,0.0,0.06981,187.9093,0.9101,stand_6,378.3692,0.0,0.06981,0.0,0.06981,Sidewalk
848.0,110.093,3.0619,0.69813,0.0,-0.0,187.9093,0.9101,stand_6,378.3566,0.0,-0.0,0.0,-0.0,Sidewalk
848.5,110.093,3.0619,0.73304,0.0,0.06981,187.9093,0.9101,stand_6,378.3692,0.0,0.06981,0.0,0.06981,Sidewalk
849.0,110.093,3.0619,0.73304,0.0,-0.0,187.9093,0.9101,stand_6,378.3566,0.0,-0.0,0.0,-0.0,Sidewalk
849.5,110.093,3.0619,0.76794,0.0,0.06981,187.9093,0.9101,stand_6,378.3692,0.0,0.06981,0.0,0.06981,Sidewalk
850.0,110.093,3.0619,0.76794,0.0,-0.0,187.9093,0.9101,stand_6,378.3566,0.0,-0.0,0.0,-0.0,Sidewalk
850.5,110.093,3.0619,0.80285,0.0,0.06981,187.9093,0.9101,stand_6,378.3692,0.0,0.06981,0.0,0.06981,Sidewalk
851.0,110.093,3.0619,0.80285,0.0,-0.0,187.9093,0.9101,stand_6,378.3566,0.0,-0.0,0.0,-0.0,Sidewalk
851.5,110.093,3.0619,0.83776,0.0,0.06981,187.9093,0.9101,stand_6,378.3692,0.0,0.06981,0.0,0.06981,Sidewalk
852.0,110.093,3.0619,0.83776,0.0,-0.0,187.9093,0.9101,stand_6,378.3567,0.0,-0.0,0.0,-0.0,Sidewalk
852.5,110.093,3.0619,0.87266,0.0,0.06981,187.9093,0.9101,stand_6,378.3692,0.0,0.06981,0.0,0.06981,Sidewalk
853.0,110.093,3.0619,0.87266,0.0,-0.0,187.9093,0.9101,stand_6,378.3567,0.0,-0.0,0.0,-0.0,Sidewalk
853.5,110.093,3.0619,0.90757,0.0,0.06981,187.9093,0.9101,stand_6,378.3692,0.0,0.06981,0.0,0.06981,Sidewalk
854.0,110.093,3.0619,0.90757,0.0,-0.0,187.9093,0.9101,stand_6,378.3567,0.0,-0.0,0.0,-0.0,Sidewalk
854.5,110.093,3.0619,0.94248,0.0,0.06981,187.9093,0.9101,stand_6,378.3693,0.0,0.06981,0.0,0.06981,Sidewalk
855.0,110.093,3.0619,0.94248,0.0,-0.0,187.9093,0.9101,stand_6,378.3567,0.0,-0.0,0.0,-0.0,Sidewalk
855.5,110.093,3.0619,0.97738,0.0,0.06981,187.9093,0.9101,stand_6,378.3693,0.0,0.06981,0.0,0.06981,Sidewalk
856.0,110.093,3.0619,0.97738,0.0,-0.0,187.9093,0.9101,stand_6,378.3567,0.0,-0.0,0.0,-0.0,Sidewalk
856.5,110.093,3.0619,1.01229,0.0,0.06981,187.9093,0.9101,stand_6,378.3693,0.0,0.06981,0.0,0.06981,Sidewalk
857.0,110.093,3.0619,1.01229,0.0,-0.0,187.9093,0.9101,stand_6,378.3567,0.0,-0.0,0.0,-0.0,Sidewalk
857.5,110.093,3.0619,1.0472,0.0,0.06981,187.9093,0.9101,stand_6,378.3693,0.0,0.06981,0.0,0.06981,Sidewalk
858.0,110.093,3.0619,1.0472,0.0,-0.0,187.9093,0.9101,stand_6,378.3567,0.0,-0.0,0.0,-0.0,Sidewalk
858.5,110.093,3.0619,1.0821,0.0,0.06981,187.9093,0.9101,stand_6,378.3693,0.0,0.06981,0.0,0.06981,Sidewalk
859.0,110.093,3.0619,1.0821,0.0,-0.0,187.9093,0.9101,stand_6,378.3567,0.0,-0.0,0.0,-0.0,Sidewalk
859.5,110.093,3.0619,1.11701,0.0,0.06981,187.9093,0.9101,stand_6,378.3693,0.0,0.06981,0.0,0.06981,Sidewalk
860.0,110.093,3.0619,1.11701,0.0,-0.0,187.9093,0.9101,stand_6,378.3567,0.0,-0.0,0.0,-0.0,Sidewalk
860.5,110.093,3.0619,1.15192,0.0,0.06981,187.9093,0.9101,stand_6,378.3693,0.0,0.06981,0.0,0.06981,Sidewalk
861.0,110.093,3.0619,1.15192,0.0,-0.0,187.9093,0.9101,stand_6,378.3568,0.0,-0.0,0.0,-0.0,Sidewalk
861.5,110.093,3.0619,1.18682,0.0,0.06981,187.9093,0.9101,stand_6,378.3693,0.0,0.06981,0.0,0.06981,Sidewalk
862.0,110.093,3.0619,1.18682,0.0,-0.0,187.9093,0.9101,stand_6,378.3568,0.0,-0.0,0.0,-0.0,Sidewalk
862.5,110.093,3.0619,1.22173,0.0,0.06981,187.9093,0.9101,stand_6,378.3693,0.0,0.06981,0.0,0.06981,Sidewalk
863.0,110.093,3.0619,1.22173,0.0,-0.0,187.9093,0.9101,stand_6,378.3568,0.0,-0.0,0.0,-0.0,Sidewalk
863.5,110.093,3.0619,1.25664,0.0,0.06981,187.9093,0.9101,stand_6,378.3693,0.0,0.06981,0.0,0.06981,Sidewalk
864.0,110.093,3.0619,1.25664,0.0,-0.0,187.9093,0.9101,stand_6,378.3568,0.0,-0.0,0.0,-0.0,Sidewalk
864.5,110.093,3.0619,1.29154,0.0,0.06981,187.9093,0.9101,stand_6,378.3693,0.0,0.06981,0.0,0.06981,Sidewalk
865.0,110.093,3.0619,1.29154,0.0,-0.0,187.9093,0.9101,stand_6,378.3568,0.0,-0.0,0.0,-0.0,Sidewalk
865.5,110.093,3.0619,1.32645,0.0,0.06981,187.9093,0.9101,stand_6,378.3694,0.0,0.06981,0.0,0.06981,Sidewalk
866.0,110.093,3.0619,1.32645,0.0,-0.0,187.9093,0.9101,stand_6,378.3568,0.0,-0.0,0.0,-0.0,Sidewalk
866.5,110.093,3.0619,1.36136,0.0,0.06981,187.9093,0.9101,stand_6,378.3694,0.0,0.06981,0.0,0.06981,Sidewalk
867.0,110.093,3.0619,1.36136,0.0,-0.0,187.9093,0.9101,stand_6,378.3568,0.0,-0.0,0.0,-0.0,Sidewalk
867.5,110.093,3.0619,1.39626,0.0,0.06981,187.9093,0.9101,stand_6,378.3694,0.0,0.06981,0.0,0.06981,Sidewalk
868.0,110.093,3.0619,1.39626,0.0,-0.0,187.9093,0.91,stand_6,378.3568,0.0,-0.0,0.0,-0.0,Sidewalk
868.5,110.093,3.0619,1.43117,0.0,0.06981,187.9093,0.91,stand_6,378.3694,0.0,0.06981,0.0,0.06981,Sidewalk
869.0,110.093,3.0619,1.43117,0.0,-0.0,187.9093,0.91,stand_6,378.3568,0.0,-0.0,0.0,-0.0,Sidewalk
869.5,110.093,3.0619,1.46608,0.0,0.06981,187.9093,0.91,stand_6,378.3694,0.0,0.06981,0.0,0.06981,Sidewalk
870.0,110.093,3.0619,1.46608,0.0,-0.0,187.9093,0.91,stand_6,378.3569,0.0,-0.0,0.0,-0.0,Sidewalk
870.5,110.093,3.0619,1.50098,0.0,0.06981,187.9093,0.91,stand_6,378.3694,0.0,0.06981,0.0,0.06981,Sidewalk
871.0,110.093,3.0619,1.50098,0.0,-0.0,187.9093,0.91,stand_6,378.3569,0.0,-0.0,0.0,-0.0,Sidewalk
871.5,110.093,3.0619,1.53589,0.0,0.06981,187.9093,0.91,stand_6,378.3694,0.0,0.06981,0.0,0.06981,Sidewalk
872.0,110.093,3.0619,1.53589,0.0,-0.0,187.9093,0.91,stand_6,378.3569,0.0,-0.0,0.0,-0.0,Sidewalk
872.5,110.093,3.0619,1.5708,0.0,0.06981,187.9093,0.91,stand_6,378.3695,0.0,0.06981,0.0,0.06981,Sidewalk
873.0,110.093,3.0619,1.5708,0.0,-0.0,187.9093,0.91,stand_6,378.3569,0.0,-0.0,0.0,-0.0,Sidewalk
873.5,110.093,3.0619,1.6057,0.0,0.06981,187.9093,0.91,stand_6,378.3695,0.0,0.06981,0.0,0.06981,Sidewalk
874.0,110.093,3.0619,1.6057,0.0,-0.0,187.9093,0.91,stand_6,378.3569,0.0,-0.0,0.0,-0.0,Sidewalk
874.5,110.093,3.0619,1.64061,0.0,0.06981,187.9093,0.91,stand_6,378.3695,0.0,0.06981,0.0,0.06981,Sidewalk
875.0,110.093,3.0619,1.64061,0.0,-0.0,187.9093,0.91,stand_6,378.3569,0.0,-0.0,0.0,-0.0,Sidewalk
875.5,110.093,3.0619,1.67552,0.0,0.06981,187.9093,0.91,stand_6,378.3695,0.0,0.06981,0.0,0.06981,Sidewalk
876.0,110.093,3.0619,1.67552,0.0,-0.0,187.9093,0.91,stand_6,378.3569,0.0,-0.0,0.0,-0.0,Sidewalk
876.5,110.093,3.0619,1.71042,0.0,0.06981,187.9093,0.91,stand_6,378.3695,0.0,0.06981,0.0,0.06981,Sidewalk
877.0,110.093,3.0619,1.71042,0.0,-0.0,187.9093,0.91,stand_6,378.3569,0.0,-0.0,0.0,-0.0,Sidewalk
877.5,110.093,3.0619,1.74533,0.0,0.06981,187.9093,0.91,stand_6,378.3695,0.0,0.06981,0.0,0.06981,Sidewalk
878.0,110.093,3.0619,1.74533,0.0,-0.0,187.9093,0.91,stand_6,378.3569,0.0,-0.0,0.0,-0.0,Sidewalk
878.5,110.093,3.0619,1.78024,0.0,0.06981,187.9093,0.91,stand_6,378.3695,0.0,0.06981,0.0,0.06981,Sidewalk
879.0,110.093,3.0619,1.78024,0.0,-0.0,187.9093,0.91,stand_6,378.357,0.0,-0.0,0.0,-0.0,Sidewalk
879.5,110.093,3.0619,1.81514,0.0,0.06981,187.9093,0.91,stand_6,378.3695,0.0,0.06981,0.0,0.06981,Sidewalk
880.0,110.093,3.0619,1.81514,0.0,-0.0,187.9093,0.91,stand_6,378.357,0.0,-0.0,0.0,-0.0,Sidewalk
880.5,110.093,3.0619,1.85005,0.0,0.06981,187.9093,0.91,stand_6,378.3695,0.0,0.06981,0.0,0.06981,Sidewalk
881.0,110.093,3.0619,1.85005,0.0,-0.0,187.9093,0.91,stand_6,378.357,0.0,-0.0,0.0,-0.0,Sidewalk
881.5,110.093,3.0619,1.88496,0.0,0.06981,187.9093,0.91,stand_6,378.3695,0.0,0.06981,0.0,0.06981,Sidewalk
882.0,110.093,3.0619,1.88496,0.0,-0.0,187.9093,0.91,stand_6,378.357,0.0,-0.0,0.0,-0.0,Sidewalk
882.5,110.093,3.0619,1.91986,0.0,0.06981,187.9093,0.91,stand_6,378.3696,0.0,0.06981,0.0,0.06981,Sidewalk
883.0,110.093,3.0619,1.91986,0.0,-0.0,187.9093,0.91,stand_6,378.357,0.0,-0.0,0.0,-0.0,Sidewalk
883.5,110.093,3.0619,1.95477,0.0,0.06981,187.9093,0.91,stand_6,378.3696,0.0,0.06981,0.0,0.06981,Sidewalk
884.0,110.093,3.0619,1.95477,0.0,-0.0,187.9093,0.91,stand_6,378.357,0.0,-0.0,0.0,-0.0,Sidewalk
884.5,110.093,3.0619,1.98968,0.0,0.06981,187.9093,0.91,stand_6,378.3696,0.0,0.06981,0.0,0.06981,Sidewalk
885.0,110.093,3.0619,1.98968,0.0,-0.0,187.9093,0.91,stand_6,378.357,0.0,-0.0,0.0,-0.0,Sidewalk
885.5,110.093,3.0619,2.02458,0.0,0.06981,187.9093,0.91,stand_6,378.3696,0.0,0.06981,0.0,0.06981,Sidewalk
886.0,110.093,3.0619,2.02458,0.0,-0.0,187.9093,0.91,stand_6,378.357,0.0,-0.0,0.0,-0.0,Sidewalk
886.5,110.093,3.0619,2.05949,0.0,0.06981,187.9093,0.91,stand_6,378.3696,0.0,0.06981,0.0,0.06981,Sidewalk
887.0,110.093,3.0619,2.05949,0.0,-0.0,187.9093,0.91,stand_6,378.357,0.0,-0.0,0.0,-0.0,Sidewalk
887.5,110.093,3.0619,2.0944,0.0,0.06981,187.9093,0.91,stand_6,378.3696,0.0,0.06981,0.0,0.06981,Sidewalk
888.0,110.093,3.0619,2.0944,0.0,-0.0,187.9093,0.91,stand_6,378.357,0.0,-0.0,0.0,-0.0,Sidewalk
888.5,110.093,3.0619,2.1293,0.0,0.06981,187.9093,0.91,stand_6,378.3696,0.0,0.06981,0.0,0.06981,Sidewalk
889.0,110.093,3.0619,2.1293,0.0,-0.0,187.9093,0.91,stand_6,378.3571,0.0,-0.0,0.0,-0.0,Sidewalk
889.5,110.093,3.0619,2.16421,0.0,0.06981,187.9093,0.91,stand_6,378.3696,0.0,0.06981,0.0,0.06981,Sidewalk
890.0,110.093,3.0619,2.16421,0.0,-0.0,187.9093,0.91,stand_6,378.3571,0.0,-0.0,0.0,-0.0,Sidewalk
890.5,110.093,3.0619,2.19911,0.0,0.06981,187.9093,0.91,stand_6,378.3696,0.0,0.06981,0.0,0.06981,Sidewalk
891.0,110.093,3.0619,2.19911,0.0,-0.0,187.9093,0.91,stand_6,378.3571,0.0,-0.0,0.0,-0.0,Sidewalk
891.5,110.093,3.0619,2.23402,0.0,0.06981,187.9093,0.91,stand_6,378.3697,0.0,0.06981,0.0,0.06981,Sidewalk
892.0,110.093,3.0619,2.23402,0.0,-0.0,187.9093,0.91,stand_6,378.3571,0.0,-0.0,0.0,-0.0,Sidewalk
892.5,110.093,3.0619,2.26893,0.0,0.06981,187.9093,0.91,stand_6,378.3697,0.0,0.06981,0.0,0.06981,Sidewalk
893.0,110.093,3.0619,2.26893,0.0,-0.0,187.9093,0.91,stand_6,378.3571,0.0,-0.0,0.0,-0.0,Sidewalk
893.5,110.093,3.0619,2.30383,0.0,0.06981,187.9093,0.91,stand_6,378.3697,0.0,0.06981,0.0,0.06981,Sidewalk
894.0,110.093,3.0619,2.30383,0.0,-0.0,187.9093,0.91,stand_6,378.3571,0.0,-0.0,0.0,-0.0,Sidewalk
894.5,110.093,3.0619,2.33874,0.0,0.06981,187.9093,0.91,stand_6,378.3697,0.0,0.06981,0.0,0.06981,Sidewalk
895.0,110.093,3.0619,2.33874,0.0,-0.0,187.9093,0.91,stand_6,378.3571,0.0,-0.0,0.0,-0.0,Sidewalk
895.5,110.093,3.0619,2.37365,0.0,0.06981,187.9093,0.91,stand_6,378.3697,0.0,0.06981,0.0,0.06981,Sidewalk
896.0,110.093,3.0619,2.37365,0.0,-0.0,187.9093,0.91,stand_6,378.3571,0.0,-0.0,0.0,-0.0,Sidewalk
896.5,110.093,3.0619,2.40855,0.0,0.06981,187.9093,0.91,stand_6,378.3697,0.0,0.06981,0.0,0.06981,Sidewalk
897.0,110.093,3.0619,2.40855,0.0,-0.0,187.9093,0.91,stand_6,378.3572,0.0,-0.0,0.0,-0.0,Sidewalk
897.5,110.093,3.0619,2.44346,0.0,0.06981,187.9093,0.91,stand_6,378.3697,0.0,0.06981,0.0,0.06981,Sidewalk
898.0,110.093,3.0619,2.44346,0.0,-0.0,187.9093,0.91,stand_6,378.3572,0.0,-0.0,0.0,-0.0,Sidewalk
898.5,110.093,3.0619,2.47837,0.0,0.06981,187.9093,0.91,stand_6,378.3697,0.0,0.06981,0.0,0.06981,Sidewalk
899.0,110.093,3.0619,2.47837,0.0,-0.0,187.9093,0.91,stand_6,378.3572,0.0,-0.0,0.0,-0.0,Sidewalk
899.5,110.093,3.0619,2.51327,0.0,0.06981,187.9093,0.91,stand_6,378.3698,0.0,0.06981,0.0,0.06981,Sidewalk
900.0,110.093,3.0619,2.51327,0.0,-0.0,187.9093,0.9099,stand_6,378.3572,0.0,-0.0,0.0,-0.0,Sidewalk
900.5,110.093,3.0619,2.54818,0.0,0.06981,187.9093,0.9099,stand_6,378.3698,0.0,0.06981,0.0,0.06981,Sidewalk
