time,x,y,yaw,v,w,goal_distance,min_person_dist,closest_person,total_cost,action_linear_x,action_angular_z,observation_state_linear_x,observation_state_angular_z,observation_state_road_type
0.5,2.1999,3.993,-0.03491,0.4,-0.06981,295.8001,2.8002,walk_east_mid.0,590.2688,0.4,-0.06981,0.4,-0.06981,Sidewalk
1.0,2.5497,3.9808,-0.03491,0.7,-0.0,295.4503,3.0908,walk_east_mid.0,588.2757,0.7,-0.0,0.7,-0.0,Sidewalk
1.5,2.9297,3.9808,0.0,0.76,0.06981,295.0703,3.2073,walk_east_dn.0,587.0972,0.76,0.06981,0.76,0.06981,Sidewalk
2.0,3.3397,3.9808,0.0,0.82,-0.0,294.6603,3.2925,walk_east_dn.0,585.9064,0.82,-0.0,0.82,-0.0,Sidewalk
2.5,3.7694,3.9958,0.03491,0.86,0.06981,294.2306,3.4091,walk_east_dn.0,584.7635,0.86,0.06981,0.86,0.06981,Sidewalk
3.0,4.2191,4.0115,0.03491,0.9,-0.0,293.7809,3.5304,walk_east_dn.0,583.5477,0.9,-0.0,0.9,-0.0,Sidewalk
3.5,4.688,4.0443,0.06981,0.94,0.06981,293.312,3.574,walk_east_dn.0,582.4926,0.94,0.06981,0.94,0.06981,Sidewalk
4.0,5.1568,4.0771,0.06981,0.94,-0.0,292.8432,3.627,walk_east_dn.0,581.1505,0.94,-0.0,0.94,-0.0,Sidewalk
4.5,5.6243,4.1262,0.10472,0.94,0.06981,292.3758,3.6847,walk_east_dn.0,580.2681,0.94,0.06981,0.94,0.06981,Sidewalk
5.0,6.0917,4.1753,0.10472,0.94,-0.0,291.9084,3.7341,walk_east_dn.0,579.1273,0.94,-0.0,0.94,-0.0,Sidewalk
5.5,6.5571,4.2408,0.13963,0.94,0.06981,291.443,3.7646,walk_east_dn.0,578.248,0.94,0.06981,0.94,0.06981,Sidewalk
6.0,7.0225,4.3062,0.13963,0.94,-0.0,290.9776,3.8496,walk_east_dn.0,577.1445,0.94,-0.0,0.94,-0.0,Sidewalk
6.5,7.49,4.3553,0.10472,0.94,-0.06981,290.5103,3.8879,walk_east_dn.0,576.3267,0.94,-0.06981,0.94,-0.06981,Sidewalk
7.0,7.9574,4.4044,0.10472,0.94,-0.0,290.0429,3.9486,walk_east_dn.0,575.184,0.94,-0.0,0.94,-0.0,Sidewalk
7.5,8.4262,4.4372,0.06981,0.94,-0.06981,289.5741,3.9621,walk_east_dn.0,574.4368,0.94,-0.06981,0.94,-0.06981,Sidewalk
8.0,8.8951,4.47,0.06981,0.94,-0.0,289.1053,4.0835,walk_east_dn.0,573.2707,0.94,-0.0,0.94,-0.0,Sidewalk
8.5,9.3648,4.4864,0.03491,0.94,-0.06981,288.6356,4.1632,walk_east_dn.0,572.4758,0.94,-0.06981,0.94,-0.06981,Sidewalk
9.0,9.8345,4.5028,0.03491,0.94,-0.0,288.1659,4.281,walk_east_dn.0,571.3411,0.94,-0.0,0.94,-0.0,Sidewalk
9.5,10.3045,4.5028,-0.0,0.94,-0.06981,287.6959,4.3272,walk_east_dn.0,570.549,0.94,-0.06981,0.94,-0.06981,Sidewalk
10.0,10.7745,4.5028,-0.0,0.94,-0.0,287.2259,4.3549,walk_east_dn.0,569.4553,0.94,-0.0,0.94,-0.0,Sidewalk
10.5,11.2442,4.5192,0.03491,0.94,0.06981,286.7562,4.448,walk_east_dn.0,568.5034,0.94,0.06981,0.94,0.06981,Sidewalk
11.0,11.714,4.5356,0.03491,0.94,-0.0,286.2865,4.4855,walk_east_dn.0,567.5212,0.94,-0.0,0.94,-0.0,Sidewalk
11.5,12.184,4.5356,-0.0,0.94,-0.06981,285.8165,4.5121,walk_east_dn.0,566.7028,0.94,-0.06981,0.94,-0.06981,Sidewalk
12.0,12.654,4.5356,-0.0,0.94,-0.0,285.3465,4.6216,walk_east_dn.0,565.6146,0.94,-0.0,0.94,-0.0,Sidewalk
12.5,13.1237,4.5192,-0.03491,0.94,-0.06981,284.8768,4.7285,walk_east_dn.0,564.7776,0.94,-0.06981,0.94,-0.06981,Sidewalk
13.0,13.5934,4.5028,-0.03491,0.94,-0.0,284.4071,4.818,walk_east_dn.0,563.6968,0.94,-0.0,0.94,-0.0,Sidewalk
13.5,14.0634,4.5028,-0.0,0.94,0.06981,283.9371,4.9175,walk_east_dn.0,562.7631,0.94,0.06981,0.94,0.06981,Sidewalk
14.0,14.5334,4.5028,-0.0,0.94,-0.0,283.4671,4.9846,walk_east_dn.0,561.7696,0.94,-0.0,0.94,-0.0,Sidewalk
14.5,15.0031,4.5192,0.03491,0.94,0.06981,282.9974,5.0371,walk_east_dn.0,560.8919,0.94,0.06981,0.94,0.06981,Sidewalk
15.0,15.4728,4.5356,0.03491,0.94,-0.0,282.5277,5.0842,walk_east_dn.0,559.8741,0.94,-0.0,0.94,-0.0,Sidewalk
15.5,15.9428,4.5356,-0.0,0.94,-0.06981,282.0577,5.1113,walk_east_dn.0,559.0055,0.94,-0.06981,0.94,-0.06981,Sidewalk
16.0,16.4128,4.5356,-0.0,0.94,-0.0,281.5877,5.1429,walk_east_dn.0,557.9832,0.94,-0.0,0.94,-0.0,Sidewalk
16.5,16.8825,4.5192,-0.03491,0.94,-0.06981,281.118,5.2392,walk_east_dn.0,557.1263,0.94,-0.06981,0.94,-0.06981,Sidewalk
17.0,17.3522,4.5028,-0.03491,0.94,-0.0,280.6482,5.3281,walk_east_dn.0,556.0754,0.94,-0.0,0.94,-0.0,Sidewalk
17.5,17.8222,4.5028,-0.0,0.94,0.06981,280.1782,5.4436,walk_east_dn.0,555.1735,0.94,0.06981,0.94,0.06981,Sidewalk
18.0,18.2922,4.5028,-0.0,0.94,-0.0,279.7082,5.5366,walk_east_dn.0,554.161,0.94,-0.0,0.94,-0.0,Sidewalk
18.5,18.762,4.4864,-0.03491,0.94,-0.06981,279.2385,5.548,walk_east_dn.0,553.3112,0.94,-0.06981,0.94,-0.06981,Sidewalk
19.0,19.2317,4.47,-0.03491,0.94,-0.0,278.7687,5.6248,walk_east_dn.0,552.2705,0.94,-0.0,0.94,-0.0,Sidewalk
19.5,19.7017,4.47,-0.0,0.94,0.06981,278.2987,5.6328,walk_east_dn.0,551.3899,0.94,0.06981,0.94,0.06981,Sidewalk
20.0,20.1717,4.47,-0.0,0.94,-0.0,277.8287,5.7472,walk_east_dn.0,550.3729,0.94,-0.0,0.94,-0.0,Sidewalk
20.5,20.6414,4.4536,-0.03491,0.94,-0.06981,277.359,5.8037,walk_east_dn.0,549.5147,0.94,-0.06981,0.94,-0.06981,Sidewalk
21.0,21.1111,4.4372,-0.03491,0.94,-0.0,276.8893,5.9055,walk_east_dn.0,548.4754,0.94,-0.0,0.94,-0.0,Sidewalk
21.5,21.5811,4.4372,-0.0,0.94,0.06981,276.4193,6.0147,walk_east_dn.0,547.591,0.94,0.06981,0.94,0.06981,Sidewalk
22.0,22.0511,4.4372,-0.0,0.94,-0.0,275.9493,6.1154,walk_east_dn.0,546.5728,0.94,-0.0,0.94,-0.0,Sidewalk
22.5,22.5208,4.4208,-0.03491,0.94,-0.06981,275.4795,6.121,walk_east_dn.0,545.7183,0.94,-0.06981,0.94,-0.06981,Sidewalk
23.0,22.9905,4.4044,-0.03491,0.94,-0.0,275.0098,6.1874,walk_east_dn.0,544.6859,0.94,-0.0,0.94,-0.0,Sidewalk
23.5,23.4605,4.4044,-0.0,0.94,0.06981,274.5398,6.2935,walk_east_dn.0,543.8062,0.94,0.06981,0.94,0.06981,Sidewalk
24.0,23.9305,4.4044,-0.0,0.94,-0.0,274.0698,6.369,walk_east_dn.0,542.7893,0.94,-0.0,0.94,-0.0,Sidewalk
24.5,24.4002,4.388,-0.03491,0.94,-0.06981,273.6,6.4793,walk_east_dn.0,541.9257,0.94,-0.06981,0.94,-0.06981,Sidewalk
25.0,24.8699,4.3716,-0.03491,0.94,-0.0,273.1303,6.5131,walk_east_dn.0,540.8976,0.94,-0.0,0.94,-0.0,Sidewalk
25.5,25.3399,4.3716,-0.0,0.94,0.06981,272.6603,6.5284,walk_east_dn.0,540.0273,0.94,0.06981,0.94,0.06981,Sidewalk
26.0,25.8099,4.3716,-0.0,0.94,-0.0,272.1903,6.5498,walk_east_dn.0,539.0139,0.94,-0.0,0.94,-0.0,Sidewalk
26.5,26.2797,4.3552,-0.03491,0.94,-0.06981,271.7206,6.6479,walk_east_dn.0,538.1526,0.94,-0.06981,0.94,-0.06981,Sidewalk
27.0,26.7494,4.3388,-0.03491,0.94,-0.0,271.2508,6.7177,walk_east_dn.0,537.122,0.94,-0.0,0.94,-0.0,Sidewalk
27.5,27.2194,4.3388,-0.0,0.94,0.06981,270.7808,6.7982,walk_east_dn.0,536.2482,0.94,0.06981,0.94,0.06981,Sidewalk
28.0,27.6894,4.3388,-0.0,0.94,-0.0,270.3108,6.8981,walk_east_dn.0,535.2295,0.94,-0.0,0.94,-0.0,Sidewalk
28.5,28.1591,4.3224,-0.03491,0.94,-0.06981,269.8411,6.9124,walk_east_dn.0,534.3747,0.94,-0.06981,0.94,-0.06981,Sidewalk
29.0,28.6288,4.306,-0.03491,0.94,-0.0,269.3714,7.0014,walk_east_dn.0,533.3433,0.94,-0.0,0.94,-0.0,Sidewalk
29.5,29.0988,4.306,-0.0,0.94,0.06981,268.9014,7.0487,walk_east_dn.0,532.4723,0.94,0.06981,0.94,0.06981,Sidewalk
30.0,29.5688,4.306,-0.0,0.94,-0.0,268.4314,7.1642,walk_east_dn.0,531.4532,0.94,-0.0,0.94,-0.0,Sidewalk
30.5,30.0385,4.2896,-0.03491,0.94,-0.06981,267.9616,7.1977,walk_east_dn.0,530.5984,0.94,-0.06981,0.94,-0.06981,Sidewalk
31.0,30.5082,4.2732,-0.03491,0.94,-0.0,267.4919,7.2164,walk_east_dn.0,529.5708,0.94,-0.0,0.94,-0.0,Sidewalk
31.5,30.9782,4.2732,-0.0,0.94,0.06981,267.0219,7.3141,walk_east_dn.0,528.6973,0.94,0.06981,0.94,0.06981,Sidewalk
32.0,31.4482,4.2732,-0.0,0.94,-0.0,266.5519,7.3931,walk_east_dn.0,527.6807,0.94,-0.0,0.94,-0.0,Sidewalk
32.5,31.9179,4.2568,-0.03491,0.94,-0.06981,266.0822,7.4216,walk_east_dn.0,526.8275,0.94,-0.06981,0.94,-0.06981,Sidewalk
33.0,32.3877,4.2404,-0.03491,0.94,-0.0,265.6125,7.4875,walk_east_dn.0,525.7971,0.94,-0.0,0.94,-0.0,Sidewalk
33.5,32.8577,4.2404,-0.0,0.94,0.06981,265.1425,7.5116,walk_east_dn.0,524.9268,0.94,0.06981,0.94,0.06981,Sidewalk
34.0,33.3277,4.2404,-0.0,0.94,-0.0,264.6725,7.6033,walk_east_dn.0,523.9104,0.94,-0.0,0.94,-0.0,Sidewalk
34.5,33.7974,4.224,-0.03491,0.94,-0.06981,264.2027,7.6805,walk_east_dn.0,523.0564,0.94,-0.06981,0.94,-0.06981,Sidewalk
35.0,34.2671,4.2076,-0.03491,0.94,-0.0,263.733,7.7194,walk_east_dn.0,522.0268,0.94,-0.0,0.94,-0.0,Sidewalk
35.5,34.7371,4.2076,-0.0,0.94,0.06981,263.263,7.7502,walk_east_dn.0,521.1556,0.94,0.06981,0.94,0.06981,Sidewalk
36.0,35.2071,4.2076,-0.0,0.94,-0.0,262.793,7.8311,walk_east_dn.0,520.1404,0.94,-0.0,0.94,-0.0,Sidewalk
36.5,35.6768,4.1911,-0.03491,0.94,-0.06981,262.3233,7.8315,walk_east_up.1,519.2909,0.94,-0.06981,0.94,-0.06981,Sidewalk
37.0,36.1465,4.1747,-0.03491,0.94,-0.0,261.8535,7.6987,walk_east_up.1,518.2609,0.94,-0.0,0.94,-0.0,Sidewalk
37.5,36.6165,4.1747,-0.0,0.94,0.06981,261.3835,7.5934,walk_east_up.1,517.3888,0.94,0.06981,0.94,0.06981,Sidewalk
38.0,37.0865,4.1747,-0.0,0.94,-0.0,260.9135,7.4545,walk_east_up.1,516.3763,0.94,-0.0,0.94,-0.0,Sidewalk
38.5,37.5562,4.1583,-0.03491,0.94,-0.06981,260.4438,7.3758,walk_east_up.1,515.5269,0.94,-0.06981,0.94,-0.06981,Sidewalk
39.0,38.0259,4.1419,-0.03491,0.94,-0.0,259.9741,7.34,walk_east_up.1,514.4929,0.94,-0.0,0.94,-0.0,Sidewalk
39.5,38.4959,4.1419,-0.0,0.94,0.06981,259.5041,7.2382,walk_east_up.1,513.6174,0.94,0.06981,0.94,0.06981,Sidewalk
40.0,38.9659,4.1419,-0.0,0.94,-0.0,259.0341,7.1051,walk_east_up.1,512.6051,0.94,-0.0,0.94,-0.0,Sidewalk
40.5,39.4357,4.1255,-0.03491,0.94,-0.06981,258.5644,6.9884,walk_east_up.1,511.7586,0.94,-0.06981,0.94,-0.06981,Sidewalk
41.0,39.9054,4.1091,-0.03491,0.94,-0.0,258.0947,6.9232,walk_east_up.1,510.7265,0.94,-0.0,0.94,-0.0,Sidewalk
41.5,40.3754,4.1091,-0.0,0.94,0.06981,257.6247,6.8845,walk_east_up.1,509.8521,0.94,0.06981,0.94,0.06981,Sidewalk
42.0,40.8454,4.1091,-0.0,0.94,-0.0,257.1547,6.8383,walk_east_up.1,508.8404,0.94,-0.0,0.94,-0.0,Sidewalk
42.5,41.3151,4.0927,-0.03491,0.94,-0.06981,256.6849,6.7184,walk_east_up.1,507.9926,0.94,-0.06981,0.94,-0.06981,Sidewalk
43.0,41.7848,4.0763,-0.03491,0.94,-0.0,256.2152,6.6469,walk_east_up.1,506.9608,0.94,-0.0,0.94,-0.0,Sidewalk
43.5,42.2548,4.0763,-0.0,0.94,0.06981,255.7452,6.5618,walk_east_up.1,506.0856,0.94,0.06981,0.94,0.06981,Sidewalk
44.0,42.7248,4.0763,-0.0,0.94,-0.0,255.2752,6.5178,walk_east_up.1,505.0738,0.94,-0.0,0.94,-0.0,Sidewalk
44.5,43.1945,4.0599,-0.03491,0.94,-0.06981,254.8055,6.4697,walk_east_up.1,504.2274,0.94,-0.06981,0.94,-0.06981,Sidewalk
45.0,43.6642,4.0435,-0.03491,0.94,-0.0,254.3358,6.3343,walk_east_up.1,503.1948,0.94,-0.0,0.94,-0.0,Sidewalk
45.5,44.1342,4.0435,-0.0,0.94,0.06981,253.8658,6.1974,walk_east_up.1,502.3178,0.94,0.06981,0.94,0.06981,Sidewalk
46.0,44.6042,4.0435,-0.0,0.94,-0.0,253.3958,6.1389,walk_east_up.1,501.3078,0.94,-0.0,0.94,-0.0,Sidewalk
46.5,45.0739,4.0271,-0.03491,0.94,-0.06981,252.9261,6.0001,walk_east_up.1,500.468,0.94,-0.06981,0.94,-0.06981,Sidewalk
47.0,45.5436,4.0107,-0.03491,0.94,-0.0,252.4564,5.8616,walk_east_up.1,499.4381,0.94,-0.0,0.94,-0.0,Sidewalk
47.5,46.0136,4.0107,-0.0,0.94,0.06981,251.9864,5.827,walk_east_up.1,498.5644,0.94,0.06981,0.94,0.06981,Sidewalk
48.0,46.4836,4.0107,-0.0,0.94,-0.0,251.5164,5.7791,walk_east_up.1,497.5567,0.94,-0.0,0.94,-0.0,Sidewalk
48.5,46.9534,3.9943,-0.03491,0.94,-0.06981,251.0466,5.6357,walk_east_up.1,496.7211,0.94,-0.06981,0.94,-0.06981,Sidewalk
49.0,47.4231,3.9779,-0.03491,0.94,-0.0,250.5769,5.5516,walk_east_up.1,495.6891,0.94,-0.0,0.94,-0.0,Sidewalk
49.5,47.8931,3.9779,-0.0,0.94,0.06981,250.1069,5.4379,walk_east_up.1,494.8166,0.94,0.06981,0.94,0.06981,Sidewalk
50.0,48.3631,3.9779,-0.0,0.94,-0.0,249.6369,5.3281,walk_east_up.1,493.8124,0.94,-0.0,0.94,-0.0,Sidewalk
50.5,48.8328,3.9943,0.03491,0.94,0.06981,249.1672,5.2261,walk_east_up.1,492.9755,0.94,0.06981,0.94,0.06981,Sidewalk
51.0,49.3025,4.0107,0.03491,0.94,-0.0,248.6975,5.1808,walk_east_up.1,491.9428,0.94,-0.0,0.94,-0.0,Sidewalk
51.5,49.7725,4.0107,-0.0,0.94,-0.06981,248.2275,5.1036,walk_east_up.1,491.0701,0.94,-0.06981,0.94,-0.06981,Sidewalk
52.0,50.2425,4.0107,-0.0,0.94,-0.0,247.7575,5.0685,walk_east_up.1,490.0631,0.94,-0.0,0.94,-0.0,Sidewalk
52.5,50.7122,3.9943,-0.03491,0.94,-0.06981,247.2878,4.9928,walk_east_up.1,489.2262,0.94,-0.06981,0.94,-0.06981,Sidewalk
53.0,51.1819,3.9779,-0.03491,0.94,-0.0,246.8181,4.93,walk_east_up.1,488.194,0.94,-0.0,0.94,-0.0,Sidewalk
53.5,51.6519,3.9779,-0.0,0.94,0.06981,246.3481,4.8574,walk_east_up.1,487.3209,0.94,0.06981,0.94,0.06981,Sidewalk
54.0,52.1219,3.9779,-0.0,0.94,-0.0,245.8781,4.7903,walk_east_up.1,486.3158,0.94,-0.0,0.94,-0.0,Sidewalk
54.5,52.5916,3.9943,0.03491,0.94,0.06981,245.4084,4.6479,walk_east_up.1,485.4818,0.94,0.06981,0.94,0.06981,Sidewalk
55.0,53.0614,4.0107,0.03491,0.94,-0.0,244.9386,4.5246,walk_east_up.1,484.4534,0.94,-0.0,0.94,-0.0,Sidewalk
55.5,53.5314,4.0107,-0.0,0.94,-0.06981,244.4686,4.3984,walk_east_mid.1,483.5843,0.94,-0.06981,0.94,-0.06981,Sidewalk
56.0,54.0014,4.0107,-0.0,0.94,-0.0,243.9986,4.3209,walk_east_mid.1,482.5801,0.94,-0.0,0.94,-0.0,Sidewalk
56.5,54.4711,3.9943,-0.03491,0.94,-0.06981,243.5289,4.1609,walk_east_mid.1,481.7494,0.94,-0.06981,0.94,-0.06981,Sidewalk
57.0,54.9408,3.9779,-0.03491,0.94,-0.0,243.0592,3.9895,walk_east_mid.1,480.7255,0.94,-0.0,0.94,-0.0,Sidewalk
57.5,55.4108,3.9779,-0.0,0.94,0.06981,242.5892,3.8047,walk_east_mid.1,479.8621,0.94,0.06981,0.94,0.06981,Sidewalk
58.0,55.8808,3.9779,-0.0,0.94,-0.0,242.1192,3.6271,walk_east_mid.1,478.8679,0.94,-0.0,0.94,-0.0,Sidewalk
58.5,56.3505,3.9943,0.03491,0.94,0.06981,241.6495,3.5305,walk_east_mid.1,478.0355,0.94,0.06981,0.94,0.06981,Sidewalk
59.0,56.8202,4.0107,0.03491,0.94,-0.0,241.1798,3.354,walk_east_mid.1,477.0174,0.94,-0.0,0.94,-0.0,Sidewalk
59.5,57.2902,4.0107,-0.0,0.94,-0.06981,240.7098,3.1831,walk_east_mid.1,476.1594,0.94,-0.06981,0.94,-0.06981,Sidewalk
60.0,57.7602,4.0107,-0.0,0.94,-0.0,240.2398,3.0707,walk_east_mid.1,475.1639,0.94,-0.0,0.94,-0.0,Sidewalk
60.5,58.2299,3.9943,-0.03491,0.94,-0.06981,239.7701,2.9746,walk_east_mid.1,474.3358,0.94,-0.06981,0.94,-0.06981,Sidewalk
61.0,58.6996,3.9779,-0.03491,0.94,-0.0,239.3004,2.7991,walk_east_mid.1,473.3252,0.94,-0.0,0.94,-0.0,Sidewalk
61.5,59.1696,3.9779,-0.0,0.94,0.06981,238.8304,2.7138,walk_east_mid.1,472.4622,0.94,0.06981,0.94,0.06981,Sidewalk
62.0,59.6396,3.9779,-0.0,0.94,-0.0,238.3604,2.6234,walk_east_mid.1,471.4691,0.94,-0.0,0.94,-0.0,Sidewalk
62.5,60.1094,3.9943,0.03491,0.94,0.06981,237.8906,2.471,walk_east_mid.1,470.6567,0.94,0.06981,0.94,0.06981,Sidewalk
63.0,60.5791,4.0107,0.03491,0.94,-0.0,237.4209,2.3285,walk_east_mid.1,469.6527,0.94,-0.0,0.94,-0.0,Sidewalk
63.5,61.0491,4.0107,-0.0,0.94,-0.06981,236.9509,2.1438,walk_east_mid.1,468.8237,0.94,-0.06981,0.94,-0.06981,Sidewalk
64.0,61.5191,4.0107,-0.0,0.94,-0.0,236.4809,2.0269,walk_east_mid.1,467.8503,0.94,-0.0,0.94,-0.0,Sidewalk
64.5,61.9888,3.9943,-0.03491,0.94,-0.06981,236.0112,1.9292,walk_east_mid.1,467.0438,0.94,-0.06981,0.94,-0.06981,Sidewalk
65.0,62.4585,3.9779,-0.03491,0.94,-0.0,235.5415,1.8439,walk_east_mid.1,466.0419,0.94,-0.0,0.94,-0.0,Sidewalk
65.5,62.9285,3.9779,-0.0,0.94,0.06981,235.0715,1.7788,walk_east_mid.1,465.1936,0.94,0.06981,0.94,0.06981,Sidewalk
66.0,63.3985,3.9779,-0.0,0.94,-0.0,234.6015,1.6915,walk_east_mid.1,464.2272,0.94,-0.0,0.94,-0.0,Sidewalk
66.5,63.8682,3.9943,0.03491,0.94,0.06981,234.1318,1.5729,walk_east_mid.1,463.4533,0.94,0.06981,0.94,0.06981,Sidewalk
67.0,64.3379,4.0107,0.03491,0.94,-0.0,233.6621,1.4449,walk_east_mid.1,462.5077,0.94,-0.0,0.94,-0.0,Sidewalk
67.5,64.8079,4.0107,-0.0,0.94,-0.06981,233.1921,1.5219,walk_east_mid.1,461.5762,0.94,-0.06981,0.94,-0.06981,Sidewalk
68.0,65.2779,4.0107,-0.0,0.94,-0.0,232.7221,1.4787,walk_east_mid.1,460.5982,0.94,-0.0,0.94,-0.0,Sidewalk
68.5,65.7476,3.9943,-0.03491,0.94,-0.06981,232.2524,1.5016,walk_east_mid.1,459.7419,0.94,-0.06981,0.94,-0.06981,Sidewalk
69.0,66.2174,3.9779,-0.03491,0.94,-0.0,231.7826,1.4637,walk_east_mid.1,458.7346,0.94,-0.0,0.94,-0.0,Sidewalk
69.5,66.6874,3.9779,-0.0,0.94,0.06981,231.3126,1.4521,walk_east_mid.1,457.8673,0.94,0.06981,0.94,0.06981,Sidewalk
70.0,67.1574,3.9779,-0.0,0.94,-0.0,230.8426,1.571,walk_east_mid.1,456.7772,0.94,-0.0,0.94,-0.0,Sidewalk
70.5,67.6271,3.9943,0.03491,0.94,0.06981,230.3729,1.5228,walk_east_mid.1,455.968,0.94,0.06981,0.94,0.06981,Sidewalk
71.0,68.0968,4.0107,0.03491,0.94,-0.0,229.9032,1.46,walk_east_mid.1,454.9784,0.94,-0.0,0.94,-0.0,Sidewalk
71.5,68.5668,4.0107,-0.0,0.94,-0.06981,229.4332,1.3614,walk_east_up.1,454.185,0.94,-0.06981,0.94,-0.06981,Sidewalk
72.0,69.0368,4.0107,-0.0,0.94,-0.0,228.9632,1.3058,walk_east_up.1,453.2309,0.94,-0.0,0.94,-0.0,Sidewalk
72.5,69.5065,3.9943,-0.03491,0.94,-0.06981,228.4935,1.25,walk_east_up.1,452.4526,0.94,-0.06981,0.94,-0.06981,Sidewalk
73.0,69.9762,3.9779,-0.03491,0.94,-0.0,228.0238,1.1848,walk_east_up.1,451.5009,0.94,-0.0,0.94,-0.0,Sidewalk
73.5,70.4462,3.9779,-0.0,0.94,0.06981,227.5538,1.1414,walk_east_up.1,450.6881,0.94,0.06981,0.94,0.06981,Sidewalk
74.0,70.9162,3.9779,-0.0,0.94,-0.0,227.0838,1.0319,walk_east_up.1,449.8788,0.94,-0.0,0.94,-0.0,Sidewalk
74.5,71.3859,3.9615,-0.03491,0.94,-0.06981,226.6141,0.9752,walk_east_up.1,449.1732,0.94,-0.06981,0.94,-0.06981,Sidewalk
75.0,71.8556,3.9451,-0.03491,0.94,-0.0,226.1444,0.9618,walk_east_up.1,448.1728,0.94,-0.0,0.94,-0.0,Sidewalk
75.5,72.3245,3.9123,-0.06981,0.94,-0.06981,225.6755,0.9426,walk_east_up.1,447.4273,0.94,-0.06981,0.94,-0.06981,Sidewalk
76.0,72.7933,3.8795,-0.06981,0.94,-0.0,225.2067,0.9216,walk_east_up.1,446.4294,0.94,-0.0,0.94,-0.0,Sidewalk
76.5,73.2631,3.8631,-0.03491,0.94,0.06981,224.737,0.9013,walk_east_up.1,445.5809,0.94,0.06981,0.94,0.06981,Sidewalk
77.0,73.7328,3.8467,-0.03491,0.94,-0.0,224.2673,0.8659,walk_east_up.1,444.7335,0.94,-0.0,0.94,-0.0,Sidewalk
77.5,74.2016,3.8139,-0.06981,0.94,-0.06981,223.7985,0.8732,walk_east_up.1,443.9119,0.94,-0.06981,0.94,-0.06981,Sidewalk
78.0,74.6705,3.7812,-0.06981,0.94,-0.0,223.3296,0.9041,walk_east_up.1,442.7384,0.94,-0.0,0.94,-0.0,Sidewalk
78.5,75.1402,3.7648,-0.03491,0.94,0.06981,222.8599,0.9278,walk_east_up.1,441.7438,0.94,0.06981,0.94,0.06981,Sidewalk
79.0,75.6099,3.7484,-0.03491,0.94,-0.0,222.3902,0.9658,walk_east_up.1,440.6633,0.94,-0.0,0.94,-0.0,Sidewalk
79.5,76.0788,3.7156,-0.06981,0.94,-0.06981,221.9214,1.0264,walk_east_up.1,439.73,0.94,-0.06981,0.94,-0.06981,Sidewalk
80.0,76.5476,3.6828,-0.06981,0.94,-0.0,221.4526,1.0925,walk_east_up.1,438.6443,0.94,-0.0,0.94,-0.0,Sidewalk
80.5,77.0173,3.6664,-0.03491,0.94,0.06981,220.9829,1.153,walk_east_up.1,437.7526,0.94,0.06981,0.94,0.06981,Sidewalk
81.0,77.487,3.65,-0.03491,0.94,-0.0,220.5132,1.1969,walk_east_up.1,436.7042,0.94,-0.0,0.94,-0.0,Sidewalk
81.5,77.9559,3.6172,-0.06981,0.94,-0.06981,220.0444,1.2943,walk_east_up.1,435.7696,0.94,-0.06981,0.94,-0.06981,Sidewalk
82.0,78.4248,3.5844,-0.06981,0.94,-0.0,219.5756,1.3419,walk_east_up.1,434.6651,0.94,-0.0,0.94,-0.0,Sidewalk
82.5,78.8945,3.568,-0.03491,0.94,0.06981,219.106,1.4305,walk_east_up.1,433.8484,0.94,0.06981,0.94,0.06981,Sidewalk
83.0,79.3642,3.5516,-0.03491,0.94,-0.0,218.6363,1.4798,walk_east_up.1,432.7816,0.94,-0.0,0.94,-0.0,Sidewalk
83.5,79.8342,3.5516,-0.0,0.94,0.06981,218.1663,1.5096,walk_east_up.1,432.0154,0.94,0.06981,0.94,0.06981,Sidewalk
84.0,80.3042,3.5516,-0.0,0.94,-0.0,217.6963,1.5812,walk_east_mid.1,430.9176,0.94,-0.0,0.94,-0.0,Sidewalk
84.5,80.7739,3.5352,-0.03491,0.94,-0.06981,217.2266,1.54,walk_east_mid.1,429.9494,0.94,-0.06981,0.94,-0.06981,Sidewalk
85.0,81.2436,3.5188,-0.03491,0.94,-0.0,216.7569,1.5965,walk_east_mid.1,428.9518,0.94,-0.0,0.94,-0.0,Sidewalk
85.5,81.7136,3.5188,-0.0,0.94,0.06981,216.2869,1.5342,walk_east_mid.1,428.288,0.94,0.06981,0.94,0.06981,Sidewalk
86.0,82.1836,3.5188,-0.0,0.94,-0.0,215.8169,1.5843,walk_east_mid.1,427.1369,0.94,-0.0,0.94,-0.0,Sidewalk
86.5,82.6533,3.5024,-0.03491,0.94,-0.06981,215.3473,1.5678,walk_east_mid.1,426.1251,0.94,-0.06981,0.94,-0.06981,Sidewalk
87.0,83.123,3.486,-0.03491,0.94,-0.0,214.8776,1.5866,walk_east_mid.1,425.1555,0.94,-0.0,0.94,-0.0,Sidewalk
87.5,83.593,3.486,-0.0,0.94,0.06981,214.4076,1.6248,walk_east_mid.1,424.5563,0.94,0.06981,0.94,0.06981,Sidewalk
88.0,84.063,3.486,-0.0,0.94,-0.0,213.9376,1.6426,walk_east_mid.1,423.3242,0.94,-0.0,0.94,-0.0,Sidewalk
88.5,84.5328,3.4696,-0.03491,0.94,-0.06981,213.4679,1.6119,walk_east_mid.1,422.2925,0.94,-0.06981,0.94,-0.06981,Sidewalk
89.0,85.0025,3.4532,-0.03491,0.94,-0.0,212.9982,1.6108,walk_east_mid.1,421.3556,0.94,-0.0,0.94,-0.0,Sidewalk
89.5,85.4725,3.4532,-0.0,0.94,0.06981,212.5282,1.6322,walk_east_mid.1,420.8607,0.94,0.06981,0.94,0.06981,Sidewalk
90.0,85.9425,3.4532,-0.0,0.94,-0.0,212.0582,1.6557,walk_east_mid.1,419.5179,0.94,-0.0,0.94,-0.0,Sidewalk
90.5,86.3822,3.4378,-0.03491,0.88,-0.06981,211.6185,1.6083,walk_east_mid.1,418.9028,0.88,-0.06981,0.88,-0.06981,Sidewalk
91.0,86.8519,3.4214,-0.03491,0.94,-0.0,211.1489,1.6268,walk_east_mid.1,417.6135,0.94,-0.0,0.94,-0.0,Sidewalk
91.5,87.3219,3.4214,-0.0,0.94,0.06981,210.6789,1.5666,walk_east_mid.1,417.266,0.94,0.06981,0.94,0.06981,Sidewalk
92.0,87.7919,3.4214,-0.0,0.94,-0.0,210.2089,1.6081,walk_east_mid.1,415.7885,0.94,-0.0,0.94,-0.0,Sidewalk
92.5,88.2017,3.4071,-0.03491,0.82,-0.06981,209.7992,1.6154,walk_east_mid.1,415.6099,0.82,-0.06981,0.82,-0.06981,Sidewalk
93.0,88.6714,3.3907,-0.03491,0.94,-0.0,209.3295,1.5471,walk_east_mid.1,413.9372,0.94,-0.0,0.94,-0.0,Sidewalk
93.5,89.1414,3.3907,-0.0,0.94,0.06981,208.8595,1.6717,walk_east_mid.1,413.6916,0.94,0.06981,0.94,0.06981,Sidewalk
94.0,89.6114,3.3907,-0.0,0.94,-0.0,208.3895,1.6234,walk_east_mid.1,412.1233,0.94,-0.0,0.94,-0.0,Sidewalk
94.5,90.0811,3.4071,0.03491,0.94,0.06981,207.9198,1.6716,walk_east_mid.1,411.9239,0.94,0.06981,0.94,0.06981,Sidewalk
95.0,90.5508,3.4235,0.03491,0.94,-0.0,207.45,1.5773,walk_east_mid.1,410.3082,0.94,-0.0,0.94,-0.0,Sidewalk
95.5,91.0208,3.4235,-0.0,0.94,-0.06981,206.98,1.6628,walk_east_mid.1,409.1279,0.94,-0.06981,0.94,-0.06981,Sidewalk
96.0,91.4908,3.4235,-0.0,0.94,-0.0,206.51,1.6418,walk_east_mid.1,408.1104,0.94,-0.0,0.94,-0.0,Sidewalk
96.5,91.9605,3.4399,0.03491,0.94,0.06981,206.0402,1.6107,walk_east_mid.1,407.2591,0.94,0.06981,0.94,0.06981,Sidewalk
97.0,92.4302,3.4563,0.03491,0.94,-0.0,205.5705,1.5591,walk_east_mid.1,406.2727,0.94,-0.0,0.94,-0.0,Sidewalk
97.5,92.9002,3.4563,-0.0,0.94,-0.06981,205.1005,1.5571,walk_east_mid.1,405.4248,0.94,-0.06981,0.94,-0.06981,Sidewalk
98.0,93.3702,3.4563,-0.0,0.94,-0.0,204.6305,1.6051,walk_east_mid.1,404.3678,0.94,-0.0,0.94,-0.0,Sidewalk
98.5,93.8399,3.4727,0.03491,0.94,0.06981,204.1607,1.551,walk_east_mid.1,403.5337,0.94,0.06981,0.94,0.06981,Sidewalk
99.0,94.3097,3.4891,0.03491,0.94,-0.0,203.691,1.6087,walk_east_mid.1,402.4799,0.94,-0.0,0.94,-0.0,Sidewalk
99.5,94.7797,3.4891,-0.0,0.94,-0.06981,203.221,1.6065,walk_east_mid.1,401.6304,0.94,-0.06981,0.94,-0.06981,Sidewalk
100.0,95.2497,3.4891,-0.0,0.94,-0.0,202.751,1.5352,walk_east_mid.1,400.6481,0.94,-0.0,0.94,-0.0,Sidewalk
100.5,95.7194,3.5055,0.03491,0.94,0.06981,202.2812,1.6341,walk_east_mid.1,399.7225,0.94,0.06981,0.94,0.06981,Sidewalk
101.0,96.1891,3.5219,0.03491,0.94,-0.0,201.8115,1.6289,walk_east_mid.1,398.7058,0.94,-0.0,0.94,-0.0,Sidewalk
101.5,96.6591,3.5219,-0.0,0.94,-0.06981,201.3415,3.4832,walk_east_dn.1,397.4376,0.94,-0.06981,0.94,-0.06981,Sidewalk
102.0,97.1291,3.5219,-0.0,0.94,-0.0,200.8715,3.3859,walk_east_dn.1,396.4211,0.94,-0.0,0.94,-0.0,Sidewalk
102.5,97.5988,3.5383,0.03491,0.94,0.06981,200.4017,3.3332,walk_east_dn.1,395.5623,0.94,0.06981,0.94,0.06981,Sidewalk
103.0,98.0685,3.5547,0.03491,0.94,-0.0,199.932,3.2752,walk_east_dn.1,394.5476,0.94,-0.0,0.94,-0.0,Sidewalk
103.5,98.5385,3.5547,-0.0,0.94,-0.06981,199.462,8.1548,walk_south.1,393.5079,0.94,-0.06981,0.94,-0.06981,Sidewalk
104.0,99.0085,3.5547,-0.0,0.94,-0.0,198.992,8.1555,walk_south.1,392.4844,0.94,-0.0,0.94,-0.0,Sidewalk
104.5,99.4782,3.5711,0.03491,0.94,0.06981,198.5222,8.1728,walk_south.1,391.6296,0.94,0.06981,0.94,0.06981,Sidewalk
105.0,99.9479,3.5875,0.03491,0.94,-0.0,198.0525,8.1912,walk_south.1,390.6162,0.94,-0.0,0.94,-0.0,Sidewalk
105.5,100.4179,3.5875,-0.0,0.94,-0.06981,197.5825,8.1932,walk_south.1,389.7681,0.94,-0.06981,0.94,-0.06981,Sidewalk
106.0,100.8879,3.5875,-0.0,0.94,-0.0,197.1125,8.1961,walk_south.1,388.7575,0.94,-0.0,0.94,-0.0,Sidewalk
106.5,101.3577,3.6039,0.03491,0.94,0.06981,196.6427,8.2183,walk_south.1,387.9104,0.94,0.06981,0.94,0.06981,Sidewalk
107.0,101.8274,3.6204,0.03491,0.94,-0.0,196.173,8.0731,stand_7,386.9028,0.94,-0.0,0.94,-0.0,Sidewalk
107.5,102.2974,3.6204,-0.0,0.94,-0.06981,195.703,7.6075,stand_7,386.0586,0.94,-0.06981,0.94,-0.06981,Sidewalk
108.0,102.7674,3.6204,-0.0,0.94,-0.0,195.233,7.1424,stand_7,385.0632,0.94,-0.0,0.94,-0.0,Sidewalk
108.5,103.2371,3.6368,0.03491,0.94,0.06981,194.7633,6.6757,stand_7,384.2361,0.94,0.06981,0.94,0.06981,Sidewalk
109.0,103.7068,3.6532,0.03491,0.94,-0.0,194.2935,6.2095,stand_7,383.2471,0.94,-0.0,0.94,-0.0,Sidewalk
109.5,104.1768,3.6532,-0.0,0.94,-0.06981,193.8235,5.7466,stand_7,382.4151,0.94,-0.06981,0.94,-0.06981,Sidewalk
110.0,104.6468,3.6532,-0.0,0.94,-0.0,193.3535,5.2849,stand_7,381.4776,0.94,-0.0,0.94,-0.0,Sidewalk
110.5,105.1165,3.6368,-0.03491,0.94,-0.06981,192.8838,4.8286,stand_7,380.683,0.94,-0.06981,0.94,-0.06981,Sidewalk
111.0,105.5862,3.6204,-0.03491,0.94,-0.0,192.4142,4.3753,stand_7,379.8108,0.94,-0.0,0.94,-0.0,Sidewalk
111.5,106.0551,3.5876,-0.06981,0.94,-0.06981,191.9454,3.9312,stand_7,378.9982,0.94,-0.06981,0.94,-0.06981,Sidewalk
112.0,106.5239,3.5548,-0.06981,0.94,-0.0,191.4766,3.4939,stand_7,378.207,0.94,-0.0,0.94,-0.0,Sidewalk
112.5,106.9936,3.5384,-0.03491,0.94,0.06981,191.0069,3.0594,stand_7,378.1349,0.94,0.06981,0.94,0.06981,Sidewalk
113.0,107.4634,3.522,-0.03491,0.94,-0.0,190.5372,2.637,stand_7,376.4837,0.94,-0.0,0.94,-0.0,Sidewalk
113.5,107.9334,3.522,-0.0,0.94,0.06981,190.0672,2.2248,stand_7,375.9976,0.94,0.06981,0.94,0.06981,Sidewalk
114.0,108.4034,3.522,-0.0,0.94,-0.0,189.5972,1.8406,stand_7,374.7017,0.94,-0.0,0.94,-0.0,Sidewalk
114.5,108.8731,3.5056,-0.03491,0.94,-0.06981,189.1276,1.5188,stand_7,373.7603,0.94,-0.06981,0.94,-0.06981,Sidewalk
115.0,109.3428,3.4892,-0.03491,0.94,-0.0,188.6579,1.2913,stand_7,372.77,0.94,-0.0,0.94,-0.0,Sidewalk
115.5,109.8128,3.4892,-0.0,0.94,0.06981,188.1879,1.196,stand_7,372.1089,0.94,0.06981,0.94,0.06981,Sidewalk
116.0,110.2816,3.522,0.06981,0.94,0.13963,187.719,1.2477,stand_7,371.2105,0.94,0.13963,0.94,0.13963,Sidewalk
116.5,110.7491,3.5711,0.10472,0.94,0.06981,187.2514,1.4441,stand_7,370.8859,0.94,0.06981,0.94,0.06981,Sidewalk
117.0,111.2119,3.6527,0.17453,0.94,0.13963,186.7884,1.7249,stand_7,369.7118,0.94,0.13963,0.94,0.13963,Sidewalk
117.5,111.6717,3.7504,0.20944,0.94,0.06981,186.3285,1.9216,stand_3,368.9119,0.94,0.06981,0.94,0.06981,Sidewalk
118.0,112.1314,3.8481,0.20944,0.94,-0.0,185.8687,1.5052,stand_3,368.3741,0.94,-0.0,0.94,-0.0,Sidewalk
118.5,112.5874,3.9618,0.24435,0.94,0.06981,185.4126,1.1432,stand_3,367.3495,0.94,0.06981,0.94,0.06981,Sidewalk
119.0,113.0435,4.0755,0.24435,0.94,-0.0,184.9566,0.889,stand_3,366.3837,0.94,-0.0,0.94,-0.0,Sidewalk
119.5,113.5032,4.1733,0.20944,0.94,-0.06981,184.4969,0.8296,stand_3,365.3978,0.94,-0.06981,0.94,-0.06981,Sidewalk
120.0,113.9686,4.2387,0.13963,0.94,-0.13963,184.0315,0.9869,stand_3,363.9781,0.94,-0.13963,0.94,-0.13963,Sidewalk
120.5,114.436,4.2878,0.10472,0.94,-0.06981,183.5642,1.2938,stand_3,362.4799,0.94,-0.06981,0.94,-0.06981,Sidewalk
121.0,114.9035,4.3369,0.10472,0.94,-0.0,183.0968,1.6781,stand_3,361.2865,0.94,-0.0,0.94,-0.0,Sidewalk
121.5,115.3723,4.3697,0.06981,0.94,-0.06981,182.628,2.0907,stand_3,360.1687,0.94,-0.06981,0.94,-0.06981,Sidewalk
122.0,115.8412,4.4025,0.06981,0.94,-0.0,182.1593,2.5235,stand_3,359.1303,0.94,-0.0,0.94,-0.0,Sidewalk
122.5,116.3109,4.4189,0.03491,0.94,-0.06981,181.6896,2.9624,stand_3,358.1346,0.94,-0.06981,0.94,-0.06981,Sidewalk
123.0,116.7806,4.4353,0.03491,0.94,-0.0,181.2199,3.4097,stand_3,357.1205,0.94,-0.0,0.94,-0.0,Sidewalk
123.5,117.2506,4.4353,-0.0,0.94,-0.06981,180.7499,3.8579,stand_3,356.188,0.94,-0.06981,0.94,-0.06981,Sidewalk
124.0,117.7206,4.4353,-0.0,0.94,-0.0,180.2799,4.3108,stand_3,355.1846,0.94,-0.0,0.94,-0.0,Sidewalk
124.5,118.1903,4.4189,-0.03491,0.94,-0.06981,179.8102,4.763,stand_3,354.363,0.94,-0.06981,0.94,-0.06981,Sidewalk
125.0,118.66,4.4025,-0.03491,0.94,-0.0,179.3404,5.2184,stand_3,353.3839,0.94,-0.0,0.94,-0.0,Sidewalk
125.5,119.13,4.4025,-0.0,0.94,0.06981,178.8704,5.3652,stand_8,352.5584,0.94,0.06981,0.94,0.06981,Sidewalk
126.0,119.6,4.4025,-0.0,0.94,-0.0,178.4004,4.9053,stand_8,351.6493,0.94,-0.0,0.94,-0.0,Sidewalk
126.5,120.0697,4.4189,0.03491,0.94,0.06981,177.9307,4.4517,stand_8,350.8513,0.94,0.06981,0.94,0.06981,Sidewalk
127.0,120.5395,4.4353,0.03491,0.94,-0.0,177.4611,4.0019,stand_8,350.0442,0.94,-0.0,0.94,-0.0,Sidewalk
127.5,120.9784,4.466,0.06981,0.88,0.06981,177.0222,3.5911,stand_8,349.5863,0.88,0.06981,0.88,0.06981,Sidewalk
128.0,121.4472,4.4988,0.06981,0.94,-0.0,176.5535,3.1609,stand_8,348.4198,0.94,-0.0,0.94,-0.0,Sidewalk
128.5,121.917,4.5152,0.03491,0.94,-0.06981,176.0838,2.7359,stand_8,348.0595,0.94,-0.06981,0.94,-0.06981,Sidewalk
129.0,122.3867,4.5316,0.03491,0.94,-0.0,175.6141,2.3284,stand_8,346.6292,0.94,-0.0,0.94,-0.0,Sidewalk
129.5,122.8567,4.5316,-0.0,0.94,-0.06981,175.1441,1.9388,stand_8,345.9933,0.94,-0.06981,0.94,-0.06981,Sidewalk
130.0,123.3267,4.5316,-0.0,0.94,-0.0,174.6741,1.5933,stand_8,344.8201,0.94,-0.0,0.94,-0.0,Sidewalk
130.5,123.7964,4.5152,-0.03491,0.94,-0.06981,174.2044,1.3121,stand_8,344.0285,0.94,-0.06981,0.94,-0.06981,Sidewalk
131.0,124.2661,4.4988,-0.03491,0.94,-0.0,173.7346,1.1604,stand_8,342.9804,0.94,-0.0,0.94,-0.0,Sidewalk
131.5,124.7361,4.4988,-0.0,0.94,0.06981,173.2646,1.2046,stand_8,342.0682,0.94,0.06981,0.94,0.06981,Sidewalk
132.0,125.1561,4.4988,-0.0,0.84,-0.0,172.8446,1.385,stand_8,342.1855,0.84,-0.0,0.84,-0.0,Sidewalk
132.5,125.6235,4.4497,-0.10472,0.94,-0.20944,172.3771,1.6559,stand_8,341.4607,0.94,-0.20944,0.94,-0.20944,Sidewalk
133.0,125.9733,4.4374,-0.03491,0.7,0.13963,172.0272,1.9236,stand_8,341.6284,0.7,0.13963,0.7,0.13963,Sidewalk
133.5,126.2863,4.3709,-0.20944,0.64,-0.34907,171.7141,2.156,stand_8,342.1577,0.64,-0.34907,0.64,-0.34907,Sidewalk
134.0,126.5457,4.3528,-0.06981,0.52,0.27925,171.4547,2.0227,stand_5,341.7181,0.52,0.27925,0.52,0.27925,Sidewalk
134.5,126.7755,4.3608,0.03491,0.46,0.20944,171.2248,1.798,stand_5,341.7782,0.46,0.20944,0.46,0.20944,Sidewalk
135.0,126.9745,4.3817,0.10472,0.4,0.13963,171.026,1.6079,stand_5,341.9321,0.4,0.13963,0.4,0.13963,Sidewalk
135.5,127.1407,4.417,0.20944,0.34,0.20944,170.8598,1.4559,stand_5,341.8166,0.34,0.20944,0.34,0.20944,Sidewalk
136.0,127.2849,4.4584,0.27925,0.3,0.13963,170.7157,1.3311,stand_5,341.8836,0.3,0.13963,0.3,0.13963,Sidewalk
136.5,127.4086,4.4986,0.31416,0.26,0.06981,170.5922,1.2304,stand_5,341.999,0.26,0.06981,0.26,0.06981,Sidewalk
137.0,127.5106,4.5398,0.38397,0.22,0.13963,170.4903,1.1555,stand_5,341.9181,0.22,0.13963,0.22,0.13963,Sidewalk
137.5,127.5928,4.5764,0.41888,0.18,0.06981,170.4082,1.1011,stand_5,341.975,0.18,0.06981,0.18,0.06981,Sidewalk
138.0,127.6722,4.6186,0.48869,0.18,0.13963,170.3289,1.0571,stand_5,341.9326,0.18,0.13963,0.18,0.13963,Sidewalk
138.5,127.7329,4.6536,0.5236,0.14,0.06981,170.2684,1.0292,stand_5,341.9909,0.14,0.06981,0.14,0.06981,Sidewalk
139.0,127.7826,4.6872,0.59341,0.12,0.13963,170.2188,1.0127,stand_5,341.9768,0.12,0.13963,0.12,0.13963,Sidewalk
139.5,127.8311,4.7225,0.62832,0.12,0.06981,170.1704,1.0015,stand_5,341.9893,0.12,0.06981,0.12,0.06981,Sidewalk
140.0,127.8635,4.746,0.62832,0.08,-0.0,170.1381,0.996,stand_5,342.0259,0.08,-0.0,0.08,-0.0,Sidewalk
140.5,127.895,4.7706,0.66323,0.08,0.06981,170.1067,0.9934,stand_5,342.0163,0.08,0.06981,0.08,0.06981,Sidewalk
141.0,127.9187,4.7891,0.66323,0.06,-0.0,170.0832,0.9926,stand_5,342.0378,0.06,-0.0,0.06,-0.0,Sidewalk
141.5,127.9416,4.8083,0.69813,0.06,0.06981,170.0603,0.9937,stand_5,342.0322,0.06,0.06981,0.06,0.06981,Sidewalk
142.0,127.957,4.8212,0.69813,0.04,-0.0,170.045,0.9949,stand_5,342.0462,0.04,-0.0,0.04,-0.0,Sidewalk
142.5,127.9793,4.8413,0.73304,0.06,0.06981,170.0228,0.9986,stand_5,342.0329,0.06,0.06981,0.06,0.06981,Sidewalk
143.0,127.9932,4.8557,0.80285,0.04,0.13963,170.009,1.0029,stand_5,342.0441,0.04,0.13963,0.04,0.13963,Sidewalk
143.5,128.0065,4.8705,0.83776,0.04,0.06981,169.9957,1.0008,stand_6,342.039,0.04,0.06981,0.04,0.06981,Sidewalk
144.0,128.0199,4.8854,0.83776,0.04,-0.0,169.9824,0.9906,stand_6,342.0417,0.04,-0.0,0.04,-0.0,Sidewalk
144.5,128.0263,4.893,0.87266,0.02,0.06981,169.976,0.9859,stand_6,342.0602,0.02,0.06981,0.02,0.06981,Sidewalk
145.0,128.0328,4.9007,0.87266,0.02,-0.0,169.9696,0.9812,stand_6,342.054,0.02,-0.0,0.02,-0.0,Sidewalk
145.5,128.0389,4.9086,0.90757,0.02,0.06981,169.9635,0.977,stand_6,342.0578,0.02,0.06981,0.02,0.06981,Sidewalk
146.0,128.0451,4.9165,0.90757,0.02,-0.0,169.9574,0.9729,stand_6,342.0515,0.02,-0.0,0.02,-0.0,Sidewalk
146.5,128.051,4.9246,0.94248,0.02,0.06981,169.9516,0.9691,stand_6,342.0542,0.02,0.06981,0.02,0.06981,Sidewalk
147.0,128.051,4.9246,0.94248,0.0,-0.0,169.9516,0.9691,stand_6,342.0692,0.0,-0.0,0.0,-0.0,Sidewalk
147.5,128.0571,4.9324,0.90757,0.02,-0.06981,169.9454,0.9651,stand_6,342.0709,0.02,-0.06981,0.02,-0.06981,Sidewalk
148.0,128.0571,4.9324,0.90757,0.0,-0.0,169.9454,0.9651,stand_6,342.0693,0.0,-0.0,0.0,-0.0,Sidewalk
148.5,128.0571,4.9324,0.87266,0.0,-0.06981,169.9454,0.9651,stand_6,342.0818,0.0,-0.06981,0.0,-0.06981,Sidewalk
149.0,128.0571,4.9324,0.87266,0.0,-0.0,169.9454,0.9651,stand_6,342.0693,0.0,-0.0,0.0,-0.0,Sidewalk
149.5,128.0638,4.9399,0.83776,0.02,-0.06981,169.9388,0.9606,stand_6,342.0763,0.02,-0.06981,0.02,-0.06981,Sidewalk
150.0,128.0638,4.9399,0.83776,0.0,-0.0,169.9388,0.9606,stand_6,342.0698,0.0,-0.0,0.0,-0.0,Sidewalk
150.5,128.0638,4.9399,0.80285,0.0,-0.06981,169.9388,0.9606,stand_6,342.0823,0.0,-0.06981,0.0,-0.06981,Sidewalk
151.0,128.0638,4.9399,0.80285,0.0,-0.0,169.9388,0.9606,stand_6,342.0698,0.0,-0.0,0.0,-0.0,Sidewalk
151.5,128.0638,4.9399,0.76794,0.0,-0.06981,169.9388,0.9606,stand_6,342.0823,0.0,-0.06981,0.0,-0.06981,Sidewalk
152.0,128.0638,4.9399,0.76794,0.0,-0.0,169.9388,0.9606,stand_6,342.0698,0.0,-0.0,0.0,-0.0,Sidewalk
152.5,128.0638,4.9399,0.73304,0.0,-0.06981,169.9388,0.9606,stand_6,342.0823,0.0,-0.06981,0.0,-0.06981,Sidewalk
153.0,128.0638,4.9399,0.73304,0.0,-0.0,169.9388,0.9606,stand_6,342.0698,0.0,-0.0,0.0,-0.0,Sidewalk
153.5,128.0638,4.9399,0.69813,0.0,-0.06981,169.9388,0.9606,stand_6,342.0823,0.0,-0.06981,0.0,-0.06981,Sidewalk
154.0,128.0638,4.9399,0.69813,0.0,-0.0,169.9388,0.9606,stand_6,342.0698,0.0,-0.0,0.0,-0.0,Sidewalk
154.5,128.0638,4.9399,0.66323,0.0,-0.06981,169.9388,0.9606,stand_6,342.0823,0.0,-0.06981,0.0,-0.06981,Sidewalk
155.0,128.0638,4.9399,0.66323,0.0,-0.0,169.9388,0.9606,stand_6,342.0698,0.0,-0.0,0.0,-0.0,Sidewalk
155.5,128.0638,4.9399,0.62832,0.0,-0.06981,169.9388,0.9606,stand_6,342.0823,0.0,-0.06981,0.0,-0.06981,Sidewalk
156.0,128.0638,4.9399,0.62832,0.0,-0.0,169.9388,0.9606,stand_6,342.0698,0.0,-0.0,0.0,-0.0,Sidewalk
156.5,128.0638,4.9399,0.59341,0.0,-0.06981,169.9388,0.9606,stand_6,342.0823,0.0,-0.06981,0.0,-0.06981,Sidewalk
157.0,128.0638,4.9399,0.59341,0.0,-0.0,169.9388,0.9606,stand_6,342.0698,0.0,-0.0,0.0,-0.0,Sidewalk
157.5,128.0638,4.9399,0.55851,0.0,-0.06981,169.9388,0.9606,stand_6,342.0823,0.0,-0.06981,0.0,-0.06981,Sidewalk
158.0,128.0638,4.9399,0.55851,0.0,-0.0,169.9388,0.9606,stand_6,342.0698,0.0,-0.0,0.0,-0.0,Sidewalk
158.5,128.0638,4.9399,0.5236,0.0,-0.06981,169.9388,0.9606,stand_6,342.0823,0.0,-0.06981,0.0,-0.06981,Sidewalk
159.0,128.0638,4.9399,0.5236,0.0,-0.0,169.9388,0.9606,stand_6,342.0698,0.0,-0.0,0.0,-0.0,Sidewalk
159.5,128.0638,4.9399,0.48869,0.0,-0.06981,169.9388,0.9606,stand_6,342.0823,0.0,-0.06981,0.0,-0.06981,Sidewalk
160.0,128.0638,4.9399,0.48869,0.0,-0.0,169.9388,0.9606,stand_6,342.0698,0.0,-0.0,0.0,-0.0,Sidewalk
160.5,128.0638,4.9399,0.45379,0.0,-0.06981,169.9388,0.9606,stand_6,342.0823,0.0,-0.06981,0.0,-0.06981,Sidewalk
161.0,128.0638,4.9399,0.45379,0.0,-0.0,169.9388,0.9606,stand_6,342.0698,0.0,-0.0,0.0,-0.0,Sidewalk
161.5,128.0638,4.9399,0.41888,0.0,-0.06981,169.9388,0.9606,stand_6,342.0823,0.0,-0.06981,0.0,-0.06981,Sidewalk
162.0,128.0638,4.9399,0.41888,0.0,-0.0,169.9388,0.9606,stand_6,342.0698,0.0,-0.0,0.0,-0.0,Sidewalk
162.5,128.0638,4.9399,0.38397,0.0,-0.06981,169.9388,0.9606,stand_6,342.0823,0.0,-0.06981,0.0,-0.06981,Sidewalk
163.0,128.0638,4.9399,0.38397,0.0,-0.0,169.9388,0.9606,stand_6,342.0698,0.0,-0.0,0.0,-0.0,Sidewalk
163.5,128.0638,4.9399,0.34907,0.0,-0.06981,169.9388,0.9606,stand_6,342.0823,0.0,-0.06981,0.0,-0.06981,Sidewalk
164.0,128.0638,4.9399,0.34907,0.0,-0.0,169.9388,0.9606,stand_6,342.0698,0.0,-0.0,0.0,-0.0,Sidewalk
164.5,128.0638,4.9399,0.31416,0.0,-0.06981,169.9388,0.9606,stand_6,342.0823,0.0,-0.06981,0.0,-0.06981,Sidewalk
165.0,128.0638,4.9399,0.31416,0.0,-0.0,169.9388,0.9606,stand_6,342.0698,0.0,-0.0,0.0,-0.0,Sidewalk
165.5,128.0638,4.9399,0.27925,0.0,-0.06981,169.9388,0.9606,stand_6,342.0823,0.0,-0.06981,0.0,-0.06981,Sidewalk
166.0,128.0638,4.9399,0.27925,0.0,-0.0,169.9388,0.9606,stand_6,342.0698,0.0,-0.0,0.0,-0.0,Sidewalk
166.5,128.0638,4.9399,0.24435,0.0,-0.06981,169.9388,0.9606,stand_6,342.0823,0.0,-0.06981,0.0,-0.06981,Sidewalk
167.0,128.0638,4.9399,0.24435,0.0,-0.0,169.9388,0.9606,stand_6,342.0698,0.0,-0.0,0.0,-0.0,Sidewalk
167.5,128.0638,4.9399,0.20944,0.0,-0.06981,169.9388,0.9606,stand_6,342.0823,0.0,-0.06981,0.0,-0.06981,Sidewalk
168.0,128.0638,4.9399,0.20944,0.0,-0.0,169.9388,0.9606,stand_6,342.0698,0.0,-0.0,0.0,-0.0,Sidewalk
168.5,128.0638,4.9399,0.17453,0.0,-0.06981,169.9388,0.9606,stand_6,342.0823,0.0,-0.06981,0.0,-0.06981,Sidewalk
169.0,128.0638,4.9399,0.17453,0.0,-0.0,169.9388,0.9606,stand_6,342.0698,0.0,-0.0,0.0,-0.0,Sidewalk
169.5,128.0638,4.9399,0.13963,0.0,-0.06981,169.9388,0.9606,stand_6,342.0823,0.0,-0.06981,0.0,-0.06981,Sidewalk
170.0,128.0638,4.9399,0.13963,0.0,-0.0,169.9388,0.9606,stand_6,342.0698,0.0,-0.0,0.0,-0.0,Sidewalk
170.5,128.0638,4.9399,0.10472,0.0,-0.06981,169.9388,0.9606,stand_6,342.0823,0.0,-0.06981,0.0,-0.06981,Sidewalk
171.0,128.0638,4.9399,0.10472,0.0,-0.0,169.9388,0.9606,stand_6,342.0698,0.0,-0.0,0.0,-0.0,Sidewalk
171.5,128.0638,4.9399,0.06981,0.0,-0.06981,169.9388,0.9606,stand_6,342.0823,0.0,-0.06981,0.0,-0.06981,Sidewalk
172.0,128.0638,4.9399,0.06981,0.0,-0.0,169.9388,0.9606,stand_6,342.0698,0.0,-0.0,0.0,-0.0,Sidewalk
172.5,128.0638,4.9399,0.03491,0.0,-0.06981,169.9388,0.9606,stand_6,342.0823,0.0,-0.06981,0.0,-0.06981,Sidewalk
173.0,128.0638,4.9399,0.03491,0.0,-0.0,169.9388,0.9606,stand_6,342.0698,0.0,-0.0,0.0,-0.0,Sidewalk
173.5,128.0638,4.9399,-0.0,0.0,-0.06981,169.9388,0.9606,stand_6,342.0823,0.0,-0.06981,0.0,-0.06981,Sidewalk
174.0,128.0638,4.9399,-0.0,0.0,-0.0,169.9388,0.9606,stand_6,342.0698,0.0,-0.0,0.0,-0.0,Sidewalk
174.5,128.0638,4.9399,-0.03491,0.0,-0.06981,169.9388,0.9606,stand_6,342.0823,0.0,-0.06981,0.0,-0.06981,Sidewalk
175.0,128.0638,4.9399,-0.03491,0.0,-0.0,169.9388,0.9606,stand_6,342.0698,0.0,-0.0,0.0,-0.0,Sidewalk
175.5,128.0638,4.9399,-0.06981,0.0,-0.06981,169.9388,0.9606,stand_6,342.0823,0.0,-0.06981,0.0,-0.06981,Sidewalk
176.0,128.0638,4.9399,-0.06981,0.0,-0.0,169.9388,0.9606,stand_6,342.0698,0.0,-0.0,0.0,-0.0,Sidewalk
176.5,128.0638,4.9399,-0.10472,0.0,-0.06981,169.9388,0.9606,stand_6,342.0823,0.0,-0.06981,0.0,-0.06981,Sidewalk
177.0,128.0638,4.9399,-0.10472,0.0,-0.0,169.9388,0.9606,stand_6,342.0698,0.0,-0.0,0.0,-0.0,Sidewalk
177.5,128.0638,4.9399,-0.13963,0.0,-0.06981,169.9388,0.9606,stand_6,342.0823,0.0,-0.06981,0.0,-0.06981,Sidewalk
178.0,128.0638,4.9399,-0.13963,0.0,-0.0,169.9388,0.9606,stand_6,342.0698,0.0,-0.0,0.0,-0.0,Sidewalk
178.5,128.0638,4.9399,-0.17453,0.0,-0.06981,169.9388,0.9606,stand_6,342.0823,0.0,-0.06981,0.0,-0.06981,Sidewalk
179.0,128.0638,4.9399,-0.17453,0.0,-0.0,169.9388,0.9606,stand_6,342.0698,0.0,-0.0,0.0,-0.0,Sidewalk
179.5,128.0638,4.9399,-0.20944,0.0,-0.06981,169.9388,0.9606,stand_6,342.0823,0.0,-0.06981,0.0,-0.06981,Sidewalk
180.0,128.0638,4.9399,-0.20944,0.0,-0.0,169.9388,0.9606,stand_6,342.0698,0.0,-0.0,0.0,-0.0,Sidewalk
180.5,128.0638,4.9399,-0.24435,0.0,-0.06981,169.9388,0.9606,stand_6,342.0823,0.0,-0.06981,0.0,-0.06981,Sidewalk
181.0,128.0638,4.9399,-0.24435,0.0,-0.0,169.9388,0.9606,stand_6,342.0698,0.0,-0.0,0.0,-0.0,Sidewalk
181.5,128.0638,4.9399,-0.27925,0.0,-0.06981,169.9388,0.9606,stand_6,342.0823,0.0,-0.06981,0.0,-0.06981,Sidewalk
182.0,128.0638,4.9399,-0.27925,0.0,-0.0,169.9388,0.9606,stand_6,342.0698,0.0,-0.0,0.0,-0.0,Sidewalk
182.5,128.0638,4.9399,-0.31416,0.0,-0.06981,169.9388,0.9606,stand_6,342.0823,0.0,-0.06981,0.0,-0.06981,Sidewalk
183.0,128.0638,4.9399,-0.31416,0.0,-0.0,169.9388,0.9606,stand_6,342.0698,0.0,-0.0,0.0,-0.0,Sidewalk
183.5,128.0638,4.9399,-0.34907,0.0,-0.06981,169.9388,0.9606,stand_6,342.0823,0.0,-0.06981,0.0,-0.06981,Sidewalk
184.0,128.0638,4.9399,-0.34907,0.0,-0.0,169.9388,0.9606,stand_6,342.0698,0.0,-0.0,0.0,-0.0,Sidewalk
184.5,128.0638,4.9399,-0.38397,0.0,-0.06981,169.9388,0.9606,stand_6,342.0823,0.0,-0.06981,0.0,-0.06981,Sidewalk
185.0,128.0638,4.9399,-0.38397,0.0,-0.0,169.9388,0.9606,stand_6,342.0698,0.0,-0.0,0.0,-0.0,Sidewalk
185.5,128.0638,4.9399,-0.41888,0.0,-0.06981,169.9388,0.9606,stand_6,342.0823,0.0,-0.06981,0.0,-0.06981,Sidewalk
186.0,128.0638,4.9399,-0.41888,0.0,-0.0,169.9388,0.9606,stand_6,342.0698,0.0,-0.0,0.0,-0.0,Sidewalk
186.5,128.0638,4.9399,-0.45379,0.0,-0.06981,169.9388,0.9606,stand_6,342.0823,0.0,-0.06981,0.0,-0.06981,Sidewalk
187.0,128.0638,4.9399,-0.45379,0.0,-0.0,169.9388,0.9606,stand_6,342.0698,0.0,-0.0,0.0,-0.0,Sidewalk
187.5,128.0638,4.9399,-0.48869,0.0,-0.06981,169.9388,0.9606,stand_6,342.0823,0.0,-0.06981,0.0,-0.06981,Sidewalk
188.0,128.0638,4.9399,-0.48869,0.0,-0.0,169.9388,0.9606,stand_6,342.0698,0.0,-0.0,0.0,-0.0,Sidewalk
188.5,128.0638,4.9399,-0.5236,0.0,-0.06981,169.9388,0.9606,stand_6,342.0823,0.0,-0.06981,0.0,-0.06981,Sidewalk
189.0,128.0638,4.9399,-0.5236,0.0,-0.0,169.9388,0.9606,stand_6,342.0698,0.0,-0.0,0.0,-0.0,Sidewalk
189.5,128.0638,4.9399,-0.55851,0.0,-0.06981,169.9388,0.9606,stand_6,342.0823,0.0,-0.06981,0.0,-0.06981,Sidewalk
190.0,128.0638,4.9399,-0.55851,0.0,-0.0,169.9388,0.9606,stand_6,342.0698,0.0,-0.0,0.0,-0.0,Sidewalk
190.5,128.0638,4.9399,-0.59341,0.0,-0.06981,169.9388,0.9606,stand_6,342.0823,0.0,-0.06981,0.0,-0.06981,Sidewalk
191.0,128.0638,4.9399,-0.59341,0.0,-0.0,169.9388,0.9606,stand_6,342.0698,0.0,-0.0,0.0,-0.0,Sidewalk
191.5,128.0638,4.9399,-0.62832,0.0,-0.06981,169.9388,0.9606,stand_6,342.0823,0.0,-0.06981,0.0,-0.06981,Sidewalk
192.0,128.0638,4.9399,-0.62832,0.0,-0.0,169.9388,0.9606,stand_6,342.0698,0.0,-0.0,0.0,-0.0,Sidewalk
192.5,128.0638,4.9399,-0.66323,0.0,-0.06981,169.9388,0.9606,stand_6,342.0823,0.0,-0.06981,0.0,-0.06981,Sidewalk
193.0,128.0638,4.9399,-0.66323,0.0,-0.0,169.9388,0.9606,stand_6,342.0698,0.0,-0.0,0.0,-0.0,Sidewalk
193.5,128.0638,4.9399,-0.69813,0.0,-0.06981,169.9388,0.9606,stand_6,342.0823,0.0,-0.06981,0.0,-0.06981,Sidewalk
194.0,128.0638,4.9399,-0.69813,0.0,-0.0,169.9388,0.9606,stand_6,342.0698,0.0,-0.0,0.0,-0.0,Sidewalk
194.5,128.0638,4.9399,-0.73304,0.0,-0.06981,169.9388,0.9606,stand_6,342.0823,0.0,-0.06981,0.0,-0.06981,Sidewalk
195.0,128.0638,4.9399,-0.73304,0.0,-0.0,169.9388,0.9606,stand_6,342.0698,0.0,-0.0,0.0,-0.0,Sidewalk
195.5,128.0638,4.9399,-0.76794,0.0,-0.06981,169.9388,0.9606,stand_6,342.0823,0.0,-0.06981,0.0,-0.06981,Sidewalk
196.0,128.0638,4.9399,-0.76794,0.0,-0.0,169.9388,0.9606,stand_6,342.0698,0.0,-0.0,0.0,-0.0,Sidewalk
196.5,128.0638,4.9399,-0.80285,0.0,-0.06981,169.9388,0.9606,stand_6,342.0823,0.0,-0.06981,0.0,-0.06981,Sidewalk
197.0,128.0638,4.9399,-0.80285,0.0,-0.0,169.9388,0.9606,stand_6,342.0698,0.0,-0.0,0.0,-0.0,Sidewalk
197.5,128.0638,4.9399,-0.83776,0.0,-0.06981,169.9388,0.9606,stand_6,342.0823,0.0,-0.06981,0.0,-0.06981,Sidewalk
198.0,128.0638,4.9399,-0.83776,0.0,-0.0,169.9388,0.9606,stand_6,342.0698,0.0,-0.0,0.0,-0.0,Sidewalk
198.5,128.0638,4.9399,-0.87266,0.0,-0.06981,169.9388,0.9606,stand_6,342.0823,0.0,-0.06981,0.0,-0.06981,Sidewalk
199.0,128.0638,4.9399,-0.87266,0.0,-0.0,169.9388,0.9606,stand_6,342.0698,0.0,-0.0,0.0,-0.0,Sidewalk
199.5,128.0638,4.9399,-0.90757,0.0,-0.06981,169.9388,0.9606,stand_6,342.0823,0.0,-0.06981,0.0,-0.06981,Sidewalk
200.0,128.0638,4.9399,-0.90757,0.0,-0.0,169.9388,0.9606,stand_6,342.0698,0.0,-0.0,0.0,-0.0,Sidewalk
200.5,128.0638,4.9399,-0.94248,0.0,-0.06981,169.9388,0.9606,stand_6,342.0823,0.0,-0.06981,0.0,-0.06981,Sidewalk
201.0,128.0638,4.9399,-0.94248,0.0,-0.0,169.9388,0.9606,stand_6,342.0698,0.0,-0.0,0.0,-0.0,Sidewalk
201.5,128.0638,4.9399,-0.97738,0.0,-0.06981,169.9388,0.9606,stand_6,342.0823,0.0,-0.06981,0.0,-0.06981,Sidewalk
202.0,128.0638,4.9399,-0.97738,0.0,-0.0,169.9388,0.9606,stand_6,342.0698,0.0,-0.0,0.0,-0.0,Sidewalk
202.5,128.0638,4.9399,-1.01229,0.0,-0.06981,169.9388,0.9606,stand_6,342.0823,0.0,-0.06981,0.0,-0.06981,Sidewalk
203.0,128.0638,4.9399,-1.01229,0.0,-0.0,169.9388,0.9606,stand_6,342.0698,0.0,-0.0,0.0,-0.0,Sidewalk
203.5,128.0638,4.9399,-1.0472,0.0,-0.06981,169.9388,0.9606,stand_6,342.0823,0.0,-0.06981,0.0,-0.06981,Sidewalk
204.0,128.0638,4.9399,-1.0472,0.0,-0.0,169.9388,0.9606,stand_6,342.0698,0.0,-0.0,0.0,-0.0,Sidewalk
204.5,128.0638,4.9399,-1.0821,0.0,-0.06981,169.9388,0.9606,stand_6,342.0823,0.0,-0.06981,0.0,-0.06981,Sidewalk
205.0,128.0638,4.9399,-1.0821,0.0,-0.0,169.9388,0.9606,stand_6,342.0698,0.0,-0.0,0.0,-0.0,Sidewalk
205.5,128.0638,4.9399,-1.11701,0.0,-0.06981,169.9388,0.9606,stand_6,342.0823,0.0,-0.06981,0.0,-0.06981,Sidewalk
206.0,128.0638,4.9399,-1.11701,0.0,-0.0,169.9388,0.9606,stand_6,342.0698,0.0,-0.0,0.0,-0.0,Sidewalk
206.5,128.0638,4.9399,-1.15192,0.0,-0.06981,169.9388,0.9606,stand_6,342.0823,0.0,-0.06981,0.0,-0.06981,Sidewalk
207.0,128.0638,4.9399,-1.15192,0.0,-0.0,169.9388,0.9606,stand_6,342.0698,0.0,-0.0,0.0,-0.0,Sidewalk
207.5,128.0638,4.9399,-1.18682,0.0,-0.06981,169.9388,0.9606,stand_6,342.0823,0.0,-0.06981,0.0,-0.06981,Sidewalk
208.0,128.0638,4.9399,-1.18682,0.0,-0.0,169.9388,0.9606,stand_6,342.0698,0.0,-0.0,0.0,-0.0,Sidewalk
208.5,128.0638,4.9399,-1.22173,0.0,-0.06981,169.9388,0.9606,stand_6,342.0823,0.0,-0.06981,0.0,-0.06981,Sidewalk
209.0,128.0638,4.9399,-1.22173,0.0,-0.0,169.9388,0.9606,stand_6,342.0698,0.0,-0.0,0.0,-0.0,Sidewalk
209.5,128.0638,4.9399,-1.25664,0.0,-0.06981,169.9388,0.9606,stand_6,342.0823,0.0,-0.06981,0.0,-0.06981,Sidewalk
210.0,128.0638,4.9399,-1.25664,0.0,-0.0,169.9388,0.9606,stand_6,342.0698,0.0,-0.0,0.0,-0.0,Sidewalk
210.5,128.0638,4.9399,-1.29154,0.0,-0.06981,169.9388,0.9606,stand_6,342.0823,0.0,-0.06981,0.0,-0.06981,Sidewalk
211.0,128.0638,4.9399,-1.29154,0.0,-0.0,169.9388,0.9606,stand_6,342.0698,0.0,-0.0,0.0,-0.0,Sidewalk
211.5,128.0638,4.9399,-1.32645,0.0,-0.06981,169.9388,0.9606,stand_6,342.0823,0.0,-0.06981,0.0,-0.06981,Sidewalk
212.0,128.0638,4.9399,-1.32645,0.0,-0.0,169.9388,0.9606,stand_6,342.0698,0.0,-0.0,0.0,-0.0,Sidewalk
212.5,128.0638,4.9399,-1.36136,0.0,-0.06981,169.9388,0.9606,stand_6,342.0823,0.0,-0.06981,0.0,-0.06981,Sidewalk
213.0,128.0638,4.9399,-1.36136,0.0,-0.0,169.9388,0.9606,stand_6,342.0698,0.0,-0.0,0.0,-0.0,Sidewalk
213.5,128.0638,4.9399,-1.39626,0.0,-0.06981,169.9388,0.9606,stand_6,342.0823,0.0,-0.06981,0.0,-0.06981,Sidewalk
214.0,128.0638,4.9399,-1.39626,0.0,-0.0,169.9388,0.9606,stand_6,342.0698,0.0,-0.0,0.0,-0.0,Sidewalk
214.5,128.0638,4.9399,-1.43117,0.0,-0.06981,169.9388,0.9606,stand_6,342.0823,0.0,-0.06981,0.0,-0.06981,Sidewalk
215.0,128.0638,4.9399,-1.43117,0.0,-0.0,169.9388,0.9606,stand_6,342.0698,0.0,-0.0,0.0,-0.0,Sidewalk
215.5,128.0638,4.9399,-1.46608,0.0,-0.06981,169.9388,0.9606,stand_6,342.0823,0.0,-0.06981,0.0,-0.06981,Sidewalk
216.0,128.0638,4.9399,-1.46608,0.0,-0.0,169.9388,0.9606,stand_6,342.0698,0.0,-0.0,0.0,-0.0,Sidewalk
216.5,128.0638,4.9399,-1.50098,0.0,-0.06981,169.9388,0.9606,stand_6,342.0823,0.0,-0.06981,0.0,-0.06981,Sidewalk
217.0,128.0638,4.9399,-1.50098,0.0,-0.0,169.9388,0.9606,stand_6,342.0698,0.0,-0.0,0.0,-0.0,Sidewalk
217.5,128.0638,4.9399,-1.53589,0.0,-0.06981,169.9388,0.9606,stand_6,342.0823,0.0,-0.06981,0.0,-0.06981,Sidewalk
218.0,128.0638,4.9399,-1.53589,0.0,-0.0,169.9388,0.9606,stand_6,342.0698,0.0,-0.0,0.0,-0.0,Sidewalk
218.5,128.0638,4.9399,-1.5708,0.0,-0.06981,169.9388,0.9606,stand_6,342.0823,0.0,-0.06981,0.0,-0.06981,Sidewalk
219.0,128.0638,4.9399,-1.5708,0.0,-0.0,169.9388,0.9606,stand_6,342.0698,0.0,-0.0,0.0,-0.0,Sidewalk
219.5,128.0638,4.9399,-1.6057,0.0,-0.06981,169.9388,0.9606,stand_6,342.0823,0.0,-0.06981,0.0,-0.06981,Sidewalk
220.0,128.0638,4.9399,-1.6057,0.0,-0.0,169.9388,0.9606,stand_6,342.0698,0.0,-0.0,0.0,-0.0,Sidewalk
220.5,128.0638,4.9399,-1.64061,0.0,-0.06981,169.9388,0.9606,stand_6,342.0823,0.0,-0.06981,0.0,-0.06981,Sidewalk
221.0,128.0638,4.9399,-1.64061,0.0,-0.0,169.9388,0.9606,stand_6,342.0698,0.0,-0.0,0.0,-0.0,Sidewalk
221.5,128.0638,4.9399,-1.67552,0.0,-0.06981,169.9388,0.9606,stand_6,342.0823,0.0,-0.06981,0.0,-0.06981,Sidewalk
222.0,128.0638,4.9399,-1.67552,0.0,-0.0,169.9388,0.9606,stand_6,342.0698,0.0,-0.0,0.0,-0.0,Sidewalk
222.5,128.0638,4.9399,-1.71042,0.0,-0.06981,169.9388,0.9606,stand_6,342.0823,0.0,-0.06981,0.0,-0.06981,Sidewalk
223.0,128.0638,4.9399,-1.71042,0.0,-0.0,169.9388,0.9606,stand_6,342.0698,0.0,-0.0,0.0,-0.0,Sidewalk
223.5,128.0638,4.9399,-1.74533,0.0,-0.06981,169.9388,0.9606,stand_6,342.0823,0.0,-0.06981,0.0,-0.06981,Sidewalk
224.0,128.0638,4.9399,-1.74533,0.0,-0.0,169.9388,0.9606,stand_6,342.0698,0.0,-0.0,0.0,-0.0,Sidewalk
224.5,128.0638,4.9399,-1.78024,0.0,-0.06981,169.9388,0.9606,stand_6,342.0823,0.0,-0.06981,0.0,-0.06981,Sidewalk
225.0,128.0638,4.9399,-1.78024,0.0,-0.0,169.9388,0.9606,stand_6,342.0698,0.0,-0.0,0.0,-0.0,Sidewalk
225.5,128.0638,4.9399,-1.81514,0.0,-0.06981,169.9388,0.9606,stand_6,342.0823,0.0,-0.06981,0.0,-0.06981,Sidewalk
226.0,128.0638,4.9399,-1.81514,0.0,-0.0,169.9388,0.9606,stand_6,342.0698,0.0,-0.0,0.0,-0.0,Sidewalk
226.5,128.0638,4.9399,-1.85005,0.0,-0.06981,169.9388,0.9606,stand_6,342.0823,0.0,-0.06981,0.0,-0.06981,Sidewalk
227.0,128.0638,4.9399,-1.85005,0.0,-0.0,169.9388,0.9606,stand_6,342.0698,0.0,-0.0,0.0,-0.0,Sidewalk
227.5,128.0638,4.9399,-1.88496,0.0,-0.06981,169.9388,0.9606,stand_6,342.0823,0.0,-0.06981,0.0,-0.06981,Sidewalk
228.0,128.0638,4.9399,-1.88496,0.0,-0.0,169.9388,0.9606,stand_6,342.0698,0.0,-0.0,0.0,-0.0,Sidewalk
228.5,128.0638,4.9399,-1.91986,0.0,-0.06981,169.9388,0.9606,stand_6,342.0823,0.0,-0.06981,0.0,-0.06981,Sidewalk
229.0,128.0638,4.9399,-1.91986,0.0,-0.0,169.9388,0.9606,stand_6,342.0698,0.0,-0.0,0.0,-0.0,Sidewalk
229.5,128.0638,4.9399,-1.95477,0.0,-0.06981,169.9388,0.9606,stand_6,342.0823,0.0,-0.06981,0.0,-0.06981,Sidewalk
230.0,128.0638,4.9399,-1.95477,0.0,-0.0,169.9388,0.9606,stand_6,342.0698,0.0,-0.0,0.0,-0.0,Sidewalk
230.5,128.0638,4.9399,-1.98968,0.0,-0.06981,169.9388,0.9606,stand_6,342.0823,0.0,-0.06981,0.0,-0.06981,Sidewalk
231.0,128.0638,4.9399,-1.98968,0.0,-0.0,169.9388,0.9606,stand_6,342.0698,0.0,-0.0,0.0,-0.0,Sidewalk
231.5,128.0638,4.9399,-2.02458,0.0,-0.06981,169.9388,0.9606,stand_6,342.0823,0.0,-0.06981,0.0,-0.06981,Sidewalk
232.0,128.0638,4.9399,-2.02458,0.0,-0.0,169.9388,0.9606,stand_6,342.0698,0.0,-0.0,0.0,-0.0,Sidewalk
232.5,128.0638,4.9399,-2.05949,0.0,-0.06981,169.9388,0.9606,stand_6,342.0823,0.0,-0.06981,0.0,-0.06981,Sidewalk
233.0,128.0638,4.9399,-2.05949,0.0,-0.0,169.9388,0.9606,stand_6,342.0698,0.0,-0.0,0.0,-0.0,Sidewalk
233.5,128.0638,4.9399,-2.0944,0.0,-0.06981,169.9388,0.9606,stand_6,342.0823,0.0,-0.06981,0.0,-0.06981,Sidewalk
234.0,128.0638,4.9399,-2.0944,0.0,-0.0,169.9388,0.9606,stand_6,342.0698,0.0,-0.0,0.0,-0.0,Sidewalk
234.5,128.0638,4.9399,-2.1293,0.0,-0.06981,169.9388,0.9606,stand_6,342.0823,0.0,-0.06981,0.0,-0.06981,Sidewalk
235.0,128.0638,4.9399,-2.1293,0.0,-0.0,169.9388,0.9606,stand_6,342.0698,0.0,-0.0,0.0,-0.0,Sidewalk
235.5,128.0638,4.9399,-2.16421,0.0,-0.06981,169.9388,0.9606,stand_6,342.0823,0.0,-0.06981,0.0,-0.06981,Sidewalk
236.0,128.0638,4.9399,-2.16421,0.0,-0.0,169.9388,0.9606,stand_6,342.0698,0.0,-0.0,0.0,-0.0,Sidewalk
236.5,128.0638,4.9399,-2.19911,0.0,-0.06981,169.9388,0.9606,stand_6,342.0823,0.0,-0.06981,0.0,-0.06981,Sidewalk
237.0,128.0638,4.9399,-2.19911,0.0,-0.0,169.9388,0.9606,stand_6,342.0698,0.0,-0.0,0.0,-0.0,Sidewalk
237.5,128.0638,4.9399,-2.23402,0.0,-0.06981,169.9388,0.9606,stand_6,342.0823,0.0,-0.06981,0.0,-0.06981,Sidewalk
238.0,128.0638,4.9399,-2.23402,0.0,-0.0,169.9388,0.9606,stand_6,342.0698,0.0,-0.0,0.0,-0.0,Sidewalk
238.5,128.0638,4.9399,-2.26893,0.0,-0.06981,169.9388,0.9606,stand_6,342.0823,0.0,-0.06981,0.0,-0.06981,Sidewalk
239.0,128.0638,4.9399,-2.26893,0.0,-0.0,169.9388,0.9606,stand_6,342.0698,0.0,-0.0,0.0,-0.0,Sidewalk
239.5,128.0638,4.9399,-2.30383,0.0,-0.06981,169.9388,0.9606,stand_6,342.0823,0.0,-0.06981,0.0,-0.06981,Sidewalk
240.0,128.0638,4.9399,-2.30383,0.0,-0.0,169.9388,0.9606,stand_6,342.0698,0.0,-0.0,0.0,-0.0,Sidewalk
240.5,128.0638,4.9399,-2.33874,0.0,-0.06981,169.9388,0.9606,stand_6,342.0823,0.0,-0.06981,0.0,-0.06981,Sidewalk
241.0,128.0638,4.9399,-2.33874,0.0,-0.0,169.9388,0.9606,stand_6,342.0698,0.0,-0.0,0.0,-0.0,Sidewalk
241.5,128.0638,4.9399,-2.37365,0.0,-0.06981,169.9388,0.9606,stand_6,342.0823,0.0,-0.06981,0.0,-0.06981,Sidewalk
242.0,128.0638,4.9399,-2.37365,0.0,-0.0,169.9388,0.9606,stand_6,342.0698,0.0,-0.0,0.0,-0.0,Sidewalk
242.5,128.0638,4.9399,-2.40855,0.0,-0.06981,169.9388,0.9606,stand_6,342.0823,0.0,-0.06981,0.0,-0.06981,Sidewalk
243.0,128.0638,4.9399,-2.40855,0.0,-0.0,169.9388,0.9606,stand_6,342.0698,0.0,-0.0,0.0,-0.0,Sidewalk
243.5,128.0638,4.9399,-2.44346,0.0,-0.06981,169.9388,0.9606,stand_6,342.0823,0.0,-0.06981,0.0,-0.06981,Sidewalk
244.0,128.0638,4.9399,-2.44346,0.0,-0.0,169.9388,0.9606,stand_6,342.0698,0.0,-0.0,0.0,-0.0,Sidewalk
244.5,128.0638,4.9399,-2.47837,0.0,-0.06981,169.9388,0.9606,stand_6,342.0823,0.0,-0.06981,0.0,-0.06981,Sidewalk
245.0,128.0638,4.9399,-2.47837,0.0,-0.0,169.9388,0.9606,stand_6,342.0698,0.0,-0.0,0.0,-0.0,Sidewalk
245.5,128.0638,4.9399,-2.51327,0.0,-0.06981,169.9388,0.9606,stand_6,342.0823,0.0,-0.06981,0.0,-0.06981,Sidewalk
246.0,128.0638,4.9399,-2.51327,0.0,-0.0,169.9388,0.9606,stand_6,342.0698,0.0,-0.0,0.0,-0.0,Sidewalk
246.5,128.0638,4.9399,-2.54818,0.0,-0.06981,169.9388,0.9606,stand_6,342.0823,0.0,-0.06981,0.0,-0.06981,Sidewalk
247.0,128.0638,4.9399,-2.54818,0.0,-0.0,169.9388,0.9606,stand_6,342.0698,0.0,-0.0,0.0,-0.0,Sidewalk
247.5,128.0638,4.9399,-2.58309,0.0,-0.06981,169.9388,0.9606,stand_6,342.0823,0.0,-0.06981,0.0,-0.06981,Sidewalk
248.0,128.0638,4.9399,-2.58309,0.0,-0.0,169.9388,0.9606,stand_6,342.0698,0.0,-0.0,0.0,-0.0,Sidewalk
248.5,128.0638,4.9399,-2.61799,0.0,-0.06981,169.9388,0.9606,stand_6,342.0823,0.0,-0.06981,0.0,-0.06981,Sidewalk
249.0,128.0638,4.9399,-2.61799,0.0,-0.0,169.9388,0.9606,stand_6,342.0698,0.0,-0.0,0.0,-0.0,Sidewalk
249.5,128.0638,4.9399,-2.6529,0.0,-0.06981,169.9388,0.9606,stand_6,342.0823,0.0,-0.06981,0.0,-0.06981,Sidewalk
250.0,128.0638,4.9399,-2.6529,0.0,-0.0,169.9388,0.9606,stand_6,342.0698,0.0,-0.0,0.0,-0.0,Sidewalk
250.5,128.0638,4.9399,-2.68781,0.0,-0.06981,169.9388,0.9606,stand_6,342.0823,0.0,-0.06981,0.0,-0.06981,Sidewalk
251.0,128.0638,4.9399,-2.68781,0.0,-0.0,169.9388,0.9606,stand_6,342.0698,0.0,-0.0,0.0,-0.0,Sidewalk
251.5,128.0638,4.9399,-2.72271,0.0,-0.06981,169.9388,0.9606,stand_6,342.0823,0.0,-0.06981,0.0,-0.06981,Sidewalk
252.0,128.0638,4.9399,-2.72271,0.0,-0.0,169.9388,0.9606,stand_6,342.0698,0.0,-0.0,0.0,-0.0,Sidewalk
252.5,128.0638,4.9399,-2.75762,0.0,-0.06981,169.9388,0.9606,stand_6,342.0823,0.0,-0.06981,0.0,-0.06981,Sidewalk
253.0,128.0638,4.9399,-2.75762,0.0,-0.0,169.9388,0.9606,stand_6,342.0698,0.0,-0.0,0.0,-0.0,Sidewalk
253.5,128.0638,4.9399,-2.79253,0.0,-0.06981,169.9388,0.9606,stand_6,342.0823,0.0,-0.06981,0.0,-0.06981,Sidewalk
254.0,128.0638,4.9399,-2.79253,0.0,-0.0,169.9388,0.9606,stand_6,342.0698,0.0,-0.0,0.0,-0.0,Sidewalk
254.5,128.0638,4.9399,-2.82743,0.0,-0.06981,169.9388,0.9606,stand_6,342.0823,0.0,-0.06981,0.0,-0.06981,Sidewalk
255.0,128.0638,4.9399,-2.82743,0.0,-0.0,169.9388,0.9606,stand_6,342.0698,0.0,-0.0,0.0,-0.0,Sidewalk
255.5,128.0638,4.9399,-2.86234,0.0,-0.06981,169.9388,0.9606,stand_6,342.0823,0.0,-0.06981,0.0,-0.06981,Sidewalk
256.0,128.0638,4.9399,-2.86234,0.0,-0.0,169.9388,0.9606,stand_6,342.0698,0.0,-0.0,0.0,-0.0,Sidewalk
256.5,128.0638,4.9399,-2.89725,0.0,-0.06981,169.9388,0.9606,stand_6,342.0823,0.0,-0.06981,0.0,-0.06981,Sidewalk
257.0,128.0638,4.9399,-2.89725,0.0,-0.0,169.9388,0.9606,stand_6,342.0698,0.0,-0.0,0.0,-0.0,Sidewalk
257.5,128.0638,4.9399,-2.93215,0.0,-0.06981,169.9388,0.9606,stand_6,342.0823,0.0,-0.06981,0.0,-0.06981,Sidewalk
258.0,128.0638,4.9399,-2.93215,0.0,-0.0,169.9388,0.9606,stand_6,342.0698,0.0,-0.0,0.0,-0.0,Sidewalk
258.5,128.0638,4.9399,-2.96706,0.0,-0.06981,169.9388,0.9606,stand_6,342.0823,0.0,-0.06981,0.0,-0.06981,Sidewalk
259.0,128.0638,4.9399,-2.96706,0.0,-0.0,169.9388,0.9606,stand_6,342.0698,0.0,-0.0,0.0,-0.0,Sidewalk
259.5,128.0638,4.9399,-3.00197,0.0,-0.06981,169.9388,0.9606,stand_6,342.0823,0.0,-0.06981,0.0,-0.06981,Sidewalk
260.0,128.0638,4.9399,-3.00197,0.0,-0.0,169.9388,0.9606,stand_6,342.0698,0.0,-0.0,0.0,-0.0,Sidewalk
260.5,128.0638,4.9399,-3.03687,0.0,-0.06981,169.9388,0.9606,stand_6,342.0823,0.0,-0.06981,0.0,-0.06981,Sidewalk
261.0,128.0638,4.9399,-3.03687,0.0,-0.0,169.9388,0.9606,stand_6,342.0698,0.0,-0.0,0.0,-0.0,Sidewalk
261.5,128.0638,4.9399,-3.07178,0.0,-0.06981,169.9388,0.9606,stand_6,342.0823,0.0,-0.06981,0.0,-0.06981,Sidewalk
262.0,128.0638,4.9399,-3.07178,0.0,-0.0,169.9388,0.9606,stand_6,342.0698,0.0,-0.0,0.0,-0.0,Sidewalk
262.5,128.0638,4.9399,-3.10669,0.0,-0.06981,169.9388,0.9606,stand_6,342.0823,0.0,-0.06981,0.0,-0.06981,Sidewalk
263.0,128.0638,4.9399,-3.10669,0.0,-0.0,169.9388,0.9606,stand_6,342.0698,0.0,-0.0,0.0,-0.0,Sidewalk
263.5,128.0638,4.9399,3.14159,0.0,-0.06981,169.9388,0.9606,stand_6,342.0823,0.0,-0.06981,0.0,-0.06981,Sidewalk
264.0,128.0638,4.9399,3.14159,0.0,-0.0,169.9388,0.9606,stand_6,342.0698,0.0,-0.0,0.0,-0.0,Sidewalk
264.5,128.0638,4.9399,3.10669,0.0,-0.06981,169.9388,0.9606,stand_6,342.0823,0.0,-0.06981,0.0,-0.06981,Sidewalk
265.0,128.0638,4.9399,3.10669,0.0,-0.0,169.9388,0.9606,stand_6,342.0698,0.0,-0.0,0.0,-0.0,Sidewalk
265.5,128.0638,4.9399,3.07178,0.0,-0.06981,169.9388,0.9606,stand_6,342.0823,0.0,-0.06981,0.0,-0.06981,Sidewalk
266.0,128.0638,4.9399,3.07178,0.0,-0.0,169.9388,0.9606,stand_6,342.0698,0.0,-0.0,0.0,-0.0,Sidewalk
266.5,128.0638,4.9399,3.03687,0.0,-0.06981,169.9388,0.9606,stand_6,342.0823,0.0,-0.06981,0.0,-0.06981,Sidewalk
267.0,128.0638,4.9399,3.03687,0.0,-0.0,169.9388,0.9606,stand_6,342.0698,0.0,-0.0,0.0,-0.0,Sidewalk
267.5,128.0638,4.9399,3.00197,0.0,-0.06981,169.9388,0.9606,stand_6,342.0823,0.0,-0.06981,0.0,-0.06981,Sidewalk
268.0,128.0638,4.9399,3.00197,0.0,-0.0,169.9388,0.9606,stand_6,342.0698,0.0,-0.0,0.0,-0.0,Sidewalk
268.5,128.0638,4.9399,2.96706,0.0,-0.06981,169.9388,0.9606,stand_6,342.0823,0.0,-0.06981,0.0,-0.06981,Sidewalk
269.0,128.0638,4.9399,2.96706,0.0,-0.0,169.9388,0.9606,stand_6,342.0698,0.0,-0.0,0.0,-0.0,Sidewalk
269.5,128.0638,4.9399,2.93215,0.0,-0.06981,169.9388,0.9606,stand_6,342.0823,0.0,-0.06981,0.0,-0.06981,Sidewalk
270.0,128.0638,4.9399,2.93215,0.0,-0.0,169.9388,0.9606,stand_6,342.0698,0.0,-0.0,0.0,-0.0,Sidewalk
270.5,128.0638,4.9399,2.89725,0.0,-0.06981,169.9388,0.9606,stand_6,342.0823,0.0,-0.06981,0.0,-0.06981,Sidewalk
271.0,128.0638,4.9399,2.89725,0.0,-0.0,169.9388,0.9606,stand_6,342.0698,0.0,-0.0,0.0,-0.0,Sidewalk
271.5,128.0638,4.9399,2.86234,0.0,-0.06981,169.9388,0.9606,stand_6,342.0823,0.0,-0.06981,0.0,-0.06981,Sidewalk
272.0,128.0638,4.9399,2.86234,0.0,-0.0,169.9388,0.9606,stand_6,342.0698,0.0,-0.0,0.0,-0.0,Sidewalk
272.5,128.0638,4.9399,2.82743,0.0,-0.06981,169.9388,0.9606,stand_6,342.0823,0.0,-0.06981,0.0,-0.06981,Sidewalk
273.0,128.0638,4.9399,2.82743,0.0,-0.0,169.9388,0.9606,stand_6,342.0698,0.0,-0.0,0.0,-0.0,Sidewalk
273.5,128.0638,4.9399,2.79253,0.0,-0.06981,169.9388,0.9606,stand_6,342.0823,0.0,-0.06981,0.0,-0.06981,Sidewalk
274.0,128.0638,4.9399,2.79253,0.0,-0.0,169.9388,0.9606,stand_6,342.0698,0.0,-0.0,0.0,-0.0,Sidewalk
274.5,128.0638,4.9399,2.75762,0.0,-0.06981,169.9388,0.9606,stand_6,342.0823,0.0,-0.06981,0.0,-0.06981,Sidewalk
275.0,128.0638,4.9399,2.75762,0.0,-0.0,169.9388,0.9606,stand_6,342.0698,0.0,-0.0,0.0,-0.0,Sidewalk
275.5,128.0638,4.9399,2.72271,0.0,-0.06981,169.9388,0.9606,stand_6,342.0823,0.0,-0.06981,0.0,-0.06981,Sidewalk
276.0,128.0638,4.9399,2.72271,0.0,-0.0,169.9388,0.9606,stand_6,342.0698,0.0,-0.0,0.0,-0.0,Sidewalk
276.5,128.0638,4.9399,2.68781,0.0,-0.06981,169.9388,0.9606,stand_6,342.0823,0.0,-0.06981,0.0,-0.06981,Sidewalk
277.0,128.0638,4.9399,2.68781,0.0,-0.0,169.9388,0.9606,stand_6,342.0698,0.0,-0.0,0.0,-0.0,Sidewalk
277.5,128.0638,4.9399,2.6529,0.0,-0.06981,169.9388,0.9606,stand_6,342.0823,0.0,-0.06981,0.0,-0.06981,Sidewalk
278.0,128.0638,4.9399,2.6529,0.0,-0.0,169.9388,0.9606,stand_6,342.0698,0.0,-0.0,0.0,-0.0,Sidewalk
278.5,128.0638,4.9399,2.61799,0.0,-0.06981,169.9388,0.9606,stand_6,342.0823,0.0,-0.06981,0.0,-0.06981,Sidewalk
279.0,128.0638,4.9399,2.61799,0.0,-0.0,169.9388,0.9606,stand_6,342.0698,0.0,-0.0,0.0,-0.0,Sidewalk
279.5,128.0638,4.9399,2.58309,0.0,-0.06981,169.9388,0.9606,stand_6,342.0823,0.0,-0.06981,0.0,-0.06981,Sidewalk
280.0,128.0638,4.9399,2.58309,0.0,-0.0,169.9388,0.9606,stand_6,342.0698,0.0,-0.0,0.0,-0.0,Sidewalk
280.5,128.0638,4.9399,2.54818,0.0,-0.06981,169.9388,0.9606,stand_6,342.0823,0.0,-0.06981,0.0,-0.06981,Sidewalk
281.0,128.0638,4.9399,2.54818,0.0,-0.0,169.9388,0.9606,stand_6,342.0698,0.0,-0.0,0.0,-0.0,Sidewalk
281.5,128.0638,4.9399,2.51327,0.0,-0.06981,169.9388,0.9606,stand_6,342.0823,0.0,-0.06981,0.0,-0.06981,Sidewalk
282.0,128.0638,4.9399,2.51327,0.0,-0.0,169.9388,0.9606,stand_6,342.0698,0.0,-0.0,0.0,-0.0,Sidewalk
282.5,128.0638,4.9399,2.47837,0.0,-0.06981,169.9388,0.9606,stand_6,342.0823,0.0,-0.06981,0.0,-0.06981,Sidewalk
283.0,128.0638,4.9399,2.47837,0.0,-0.0,169.9388,0.9606,stand_6,342.0698,0.0,-0.0,0.0,-0.0,Sidewalk
283.5,128.0638,4.9399,2.44346,0.0,-0.06981,169.9388,0.9606,stand_6,342.0823,0.0,-0.06981,0.0,-0.06981,Sidewalk
284.0,128.0638,4.9399,2.44346,0.0,-0.0,169.9388,0.9606,stand_6,342.0698,0.0,-0.0,0.0,-0.0,Sidewalk
284.5,128.0638,4.9399,2.40855,0.0,-0.06981,169.9388,0.9606,stand_6,342.0823,0.0,-0.06981,0.0,-0.06981,Sidewalk
285.0,128.0638,4.9399,2.40855,0.0,-0.0,169.9388,0.9606,stand_6,342.0698,0.0,-0.0,0.0,-0.0,Sidewalk
285.5,128.0638,4.9399,2.37365,0.0,-0.06981,169.9388,0.9606,stand_6,342.0823,0.0,-0.06981,0.0,-0.06981,Sidewalk
286.0,128.0638,4.9399,2.37365,0.0,-0.0,169.9388,0.9606,stand_6,342.0698,0.0,-0.0,0.0,-0.0,Sidewalk
286.5,128.0638,4.9399,2.33874,0.0,-0.06981,169.9388,0.9606,stand_6,342.0823,0.0,-0.06981,0.0,-0.06981,Sidewalk
287.0,128.0638,4.9399,2.33874,0.0,-0.0,169.9388,0.9606,stand_6,342.0698,0.0,-0.0,0.0,-0.0,Sidewalk
287.5,128.0638,4.9399,2.30383,0.0,-0.06981,169.9388,0.9606,stand_6,342.0823,0.0,-0.06981,0.0,-0.06981,Sidewalk
288.0,128.0638,4.9399,2.30383,0.0,-0.0,169.9388,0.9606,stand_6,342.0698,0.0,-0.0,0.0,-0.0,Sidewalk
288.5,128.0638,4.9399,2.26893,0.0,-0.06981,169.9388,0.9606,stand_6,342.0823,0.0,-0.06981,0.0,-0.06981,Sidewalk
289.0,128.0638,4.9399,2.26893,0.0,-0.0,169.9388,0.9606,stand_6,342.0698,0.0,-0.0,0.0,-0.0,Sidewalk
289.5,128.0638,4.9399,2.23402,0.0,-0.06981,169.9388,0.9606,stand_6,342.0823,0.0,-0.06981,0.0,-0.06981,Sidewalk
290.0,128.0638,4.9399,2.23402,0.0,-0.0,169.9388,0.9606,stand_6,342.0698,0.0,-0.0,0.0,-0.0,Sidewalk
290.5,128.0638,4.9399,2.19911,0.0,-0.06981,169.9388,0.9606,stand_6,342.0823,0.0,-0.06981,0.0,-0.06981,Sidewalk
291.0,128.0638,4.9399,2.19911,0.0,-0.0,169.9388,0.9606,stand_6,342.0698,0.0,-0.0,0.0,-0.0,Sidewalk
291.5,128.0638,4.9399,2.16421,0.0,-0.06981,169.9388,0.9606,stand_6,342.0823,0.0,-0.06981,0.0,-0.06981,Sidewalk
292.0,128.0638,4.9399,2.16421,0.0,-0.0,169.9388,0.9606,stand_6,342.0698,0.0,-0.0,0.0,-0.0,Sidewalk
292.5,128.0638,4.9399,2.1293,0.0,-0.06981,169.9388,0.9606,stand_6,342.0823,0.0,-0.06981,0.0,-0.06981,Sidewalk
293.0,128.0638,4.9399,2.1293,0.0,-0.0,169.9388,0.9606,stand_6,342.0698,0.0,-0.0,0.0,-0.0,Sidewalk
293.5,128.0638,4.9399,2.0944,0.0,-0.06981,169.9388,0.9606,stand_6,342.0823,0.0,-0.06981,0.0,-0.06981,Sidewalk
294.0,128.0638,4.9399,2.0944,0.0,-0.0,169.9388,0.9606,stand_6,342.0698,0.0,-0.0,0.0,-0.0,Sidewalk
294.5,128.0638,4.9399,2.05949,0.0,-0.06981,169.9388,0.9606,stand_6,342.0823,0.0,-0.06981,0.0,-0.06981,Sidewalk
295.0,128.0638,4.9399,2.05949,0.0,-0.0,169.9388,0.9606,stand_6,342.0698,0.0,-0.0,0.0,-0.0,Sidewalk
295.5,128.0638,4.9399,2.02458,0.0,-0.06981,169.9388,0.9606,stand_6,342.0823,0.0,-0.06981,0.0,-0.06981,Sidewalk
296.0,128.0638,4.9399,2.02458,0.0,-0.0,169.9388,0.9606,stand_6,342.0698,0.0,-0.0,0.0,-0.0,Sidewalk
296.5,128.0638,4.9399,1.98968,0.0,-0.06981,169.9388,0.9606,stand_6,342.0823,0.0,-0.06981,0.0,-0.06981,Sidewalk
297.0,128.0638,4.9399,1.98968,0.0,-0.0,169.9388,0.9606,stand_6,342.0698,0.0,-0.0,0.0,-0.0,Sidewalk
297.5,128.0638,4.9399,1.95477,0.0,-0.06981,169.9388,0.9606,stand_6,342.0823,0.0,-0.06981,0.0,-0.06981,Sidewalk
298.0,128.0638,4.9399,1.95477,0.0,-0.0,169.9388,0.9606,stand_6,342.0698,0.0,-0.0,0.0,-0.0,Sidewalk
298.5,128.0638,4.9399,1.91986,0.0,-0.06981,169.9388,0.9606,stand_6,342.0823,0.0,-0.06981,0.0,-0.06981,Sidewalk
299.0,128.0638,4.9399,1.91986,0.0,-0.0,169.9388,0.9606,stand_6,342.0698,0.0,-0.0,0.0,-0.0,Sidewalk
299.5,128.0638,4.9399,1.88496,0.0,-0.06981,169.9388,0.9606,stand_6,342.0823,0.0,-0.06981,0.0,-0.06981,Sidewalk
300.0,128.0638,4.9399,1.88496,0.0,-0.0,169.9388,0.9606,stand_6,342.0698,0.0,-0.0,0.0,-0.0,Sidewalk
300.5,128.0638,4.9399,1.85005,0.0,-0.06981,169.9388,0.9606,stand_6,342.0823,0.0,-0.06981,0.0,-0.06981,Sidewalk
301.0,128.0638,4.9399,1.85005,0.0,-0.0,169.9388,0.9606,stand_6,342.0698,0.0,-0.0,0.0,-0.0,Sidewalk
301.5,128.0638,4.9399,1.81514,0.0,-0.06981,169.9388,0.9606,stand_6,342.0823,0.0,-0.06981,0.0,-0.06981,Sidewalk
302.0,128.0638,4.9399,1.81514,0.0,-0.0,169.9388,0.9606,stand_6,342.0698,0.0,-0.0,0.0,-0.0,Sidewalk
302.5,128.0638,4.9399,1.78024,0.0,-0.06981,169.9388,0.9606,stand_6,342.0823,0.0,-0.06981,0.0,-0.06981,Sidewalk
303.0,128.0638,4.9399,1.78024,0.0,-0.0,169.9388,0.9606,stand_6,342.0698,0.0,-0.0,0.0,-0.0,Sidewalk
303.5,128.0638,4.9399,1.74533,0.0,-0.06981,169.9388,0.9606,stand_6,342.0823,0.0,-0.06981,0.0,-0.06981,Sidewalk
304.0,128.0638,4.9399,1.74533,0.0,-0.0,169.9388,0.9606,stand_6,342.0697,0.0,-0.0,0.0,-0.0,Sidewalk
304.5,128.0638,4.9399,1.71042,0.0,-0.06981,169.9388,0.9606,stand_6,342.0823,0.0,-0.06981,0.0,-0.06981,Sidewalk
305.0,128.0638,4.9399,1.71042,0.0,-0.0,169.9388,0.9606,stand_6,342.0697,0.0,-0.0,0.0,-0.0,Sidewalk
305.5,128.0638,4.9399,1.67552,0.0,-0.06981,169.9388,0.9606,stand_6,342.0823,0.0,-0.06981,0.0,-0.06981,Sidewalk
306.0,128.0638,4.9399,1.67552,0.0,-0.0,169.9388,0.9606,stand_6,342.0697,0.0,-0.0,0.0,-0.0,Sidewalk
306.5,128.0638,4.9399,1.64061,0.0,-0.06981,169.9388,0.9606,stand_6,342.0823,0.0,-0.06981,0.0,-0.06981,Sidewalk
307.0,128.0638,4.9399,1.64061,0.0,-0.0,169.9388,0.9606,stand_6,342.0697,0.0,-0.0,0.0,-0.0,Sidewalk
307.5,128.0638,4.9399,1.6057,0.0,-0.06981,169.9388,0.9606,stand_6,342.0823,0.0,-0.06981,0.0,-0.06981,Sidewalk
308.0,128.0638,4.9399,1.6057,0.0,-0.0,169.9388,0.9606,stand_6,342.0697,0.0,-0.0,0.0,-0.0,Sidewalk
308.5,128.0638,4.9399,1.5708,0.0,-0.06981,169.9388,0.9606,stand_6,342.0823,0.0,-0.06981,0.0,-0.06981,Sidewalk
309.0,128.0638,4.9399,1.5708,0.0,-0.0,169.9388,0.9606,stand_6,342.0697,0.0,-0.0,0.0,-0.0,Sidewalk
309.5,128.0638,4.9399,1.53589,0.0,-0.06981,169.9388,0.9606,stand_6,342.0823,0.0,-0.06981,0.0,-0.06981,Sidewalk
310.0,128.0638,4.9399,1.53589,0.0,-0.0,169.9388,0.9606,stand_6,342.0697,0.0,-0.0,0.0,-0.0,Sidewalk
310.5,128.0638,4.9399,1.50098,0.0,-0.06981,169.9388,0.9606,stand_6,342.0823,0.0,-0.06981,0.0,-0.06981,Sidewalk
311.0,128.0638,4.9399,1.50098,0.0,-0.0,169.9388,0.9606,stand_6,342.0697,0.0,-0.0,0.0,-0.0,Sidewalk
311.5,128.0638,4.9399,1.46608,0.0,-0.06981,169.9388,0.9606,stand_6,342.0823,0.0,-0.06981,0.0,-0.06981,Sidewalk
312.0,128.0638,4.9399,1.46608,0.0,-0.0,169.9388,0.9606,stand_6,342.0697,0.0,-0.0,0.0,-0.0,Sidewalk
312.5,128.0638,4.9399,1.43117,0.0,-0.06981,169.9388,0.9606,stand_6,342.0822,0.0,-0.06981,0.0,-0.06981,Sidewalk
313.0,128.0638,4.9399,1.43117,0.0,-0.0,169.9388,0.9606,stand_6,342.0697,0.0,-0.0,0.0,-0.0,Sidewalk
313.5,128.0638,4.9399,1.39626,0.0,-0.06981,169.9388,0.9606,stand_6,342.0822,0.0,-0.06981,0.0,-0.06981,Sidewalk
314.0,128.0638,4.9399,1.39626,0.0,-0.0,169.9388,0.9607,stand_6,342.0697,0.0,-0.0,0.0,-0.0,Sidewalk
314.5,128.0638,4.9399,1.36136,0.0,-0.06981,169.9388,0.9607,stand_6,342.0822,0.0,-0.06981,0.0,-0.06981,Sidewalk
315.0,128.0638,4.9399,1.36136,0.0,-0.0,169.9388,0.9607,stand_6,342.0697,0.0,-0.0,0.0,-0.0,Sidewalk
315.5,128.0638,4.9399,1.32645,0.0,-0.06981,169.9388,0.9607,stand_6,342.0822,0.0,-0.06981,0.0,-0.06981,Sidewalk
316.0,128.0638,4.9399,1.32645,0.0,-0.0,169.9388,0.9607,stand_6,342.0697,0.0,-0.0,0.0,-0.0,Sidewalk
316.5,128.0638,4.9399,1.29154,0.0,-0.06981,169.9388,0.9607,stand_6,342.0822,0.0,-0.06981,0.0,-0.06981,Sidewalk
317.0,128.0638,4.9399,1.29154,0.0,-0.0,169.9388,0.9607,stand_6,342.0697,0.0,-0.0,0.0,-0.0,Sidewalk
317.5,128.0638,4.9399,1.25664,0.0,-0.06981,169.9388,0.9607,stand_6,342.0822,0.0,-0.06981,0.0,-0.06981,Sidewalk
318.0,128.0638,4.9399,1.25664,0.0,-0.0,169.9388,0.9607,stand_6,342.0696,0.0,-0.0,0.0,-0.0,Sidewalk
318.5,128.0638,4.9399,1.22173,0.0,-0.06981,169.9388,0.9607,stand_6,342.0822,0.0,-0.06981,0.0,-0.06981,Sidewalk
319.0,128.0638,4.9399,1.22173,0.0,-0.0,169.9388,0.9607,stand_6,342.0696,0.0,-0.0,0.0,-0.0,Sidewalk
319.5,128.0638,4.9399,1.18682,0.0,-0.06981,169.9388,0.9607,stand_6,342.0822,0.0,-0.06981,0.0,-0.06981,Sidewalk
320.0,128.0638,4.9399,1.18682,0.0,-0.0,169.9388,0.9607,stand_6,342.0696,0.0,-0.0,0.0,-0.0,Sidewalk
320.5,128.0638,4.9399,1.15192,0.0,-0.06981,169.9388,0.9607,stand_6,342.0822,0.0,-0.06981,0.0,-0.06981,Sidewalk
321.0,128.0638,4.9399,1.15192,0.0,-0.0,169.9388,0.9607,stand_6,342.0696,0.0,-0.0,0.0,-0.0,Sidewalk
321.5,128.0638,4.9399,1.11701,0.0,-0.06981,169.9388,0.9607,stand_6,342.0822,0.0,-0.06981,0.0,-0.06981,Sidewalk
322.0,128.0638,4.9399,1.11701,0.0,-0.0,169.9388,0.9607,stand_6,342.0696,0.0,-0.0,0.0,-0.0,Sidewalk
322.5,128.0638,4.9399,1.0821,0.0,-0.06981,169.9388,0.9607,stand_6,342.0822,0.0,-0.06981,0.0,-0.06981,Sidewalk
323.0,128.0638,4.9399,1.0821,0.0,-0.0,169.9388,0.9607,stand_6,342.0696,0.0,-0.0,0.0,-0.0,Sidewalk
323.5,128.0638,4.9399,1.0472,0.0,-0.06981,169.9388,0.9607,stand_6,342.0822,0.0,-0.06981,0.0,-0.06981,Sidewalk
324.0,128.0638,4.9399,1.0472,0.0,-0.0,169.9388,0.9607,stand_6,342.0696,0.0,-0.0,0.0,-0.0,Sidewalk
324.5,128.0638,4.9399,1.01229,0.0,-0.06981,169.9388,0.9607,stand_6,342.0822,0.0,-0.06981,0.0,-0.06981,Sidewalk
325.0,128.0638,4.9399,1.01229,0.0,-0.0,169.9388,0.9607,stand_6,342.0696,0.0,-0.0,0.0,-0.0,Sidewalk
325.5,128.0638,4.9399,0.97738,0.0,-0.06981,169.9388,0.9607,stand_6,342.0822,0.0,-0.06981,0.0,-0.06981,Sidewalk
326.0,128.0638,4.9399,0.97738,0.0,-0.0,169.9388,0.9607,stand_6,342.0696,0.0,-0.0,0.0,-0.0,Sidewalk
326.5,128.0638,4.9399,0.94248,0.0,-0.06981,169.9388,0.9607,stand_6,342.0822,0.0,-0.06981,0.0,-0.06981,Sidewalk
327.0,128.0638,4.9399,0.94248,0.0,-0.0,169.9388,0.9607,stand_6,342.0696,0.0,-0.0,0.0,-0.0,Sidewalk
327.5,128.0638,4.9399,0.90757,0.0,-0.06981,169.9388,0.9607,stand_6,342.0821,0.0,-0.06981,0.0,-0.06981,Sidewalk
328.0,128.0638,4.9399,0.90757,0.0,-0.0,169.9388,0.9607,stand_6,342.0696,0.0,-0.0,0.0,-0.0,Sidewalk
328.5,128.0638,4.9399,0.87266,0.0,-0.06981,169.9388,0.9607,stand_6,342.0821,0.0,-0.06981,0.0,-0.06981,Sidewalk
329.0,128.0638,4.9399,0.87266,0.0,-0.0,169.9388,0.9607,stand_6,342.0696,0.0,-0.0,0.0,-0.0,Sidewalk
329.5,128.0638,4.9399,0.83776,0.0,-0.06981,169.9388,0.9607,stand_6,342.0821,0.0,-0.06981,0.0,-0.06981,Sidewalk
330.0,128.0638,4.9399,0.83776,0.0,-0.0,169.9388,0.9607,stand_6,342.0696,0.0,-0.0,0.0,-0.0,Sidewalk
330.5,128.0638,4.9399,0.80285,0.0,-0.06981,169.9388,0.9607,stand_6,342.0821,0.0,-0.06981,0.0,-0.06981,Sidewalk
331.0,128.0638,4.9399,0.80285,0.0,-0.0,169.9388,0.9607,stand_6,342.0696,0.0,-0.0,0.0,-0.0,Sidewalk
331.5,128.0638,4.9399,0.76794,0.0,-0.06981,169.9388,0.9607,stand_6,342.0821,0.0,-0.06981,0.0,-0.06981,Sidewalk
332.0,128.0638,4.9399,0.76794,0.0,-0.0,169.9388,0.9607,stand_6,342.0695,0.0,-0.0,0.0,-0.0,Sidewalk
332.5,128.0638,4.9399,0.73304,0.0,-0.06981,169.9388,0.9607,stand_6,342.0821,0.0,-0.06981,0.0,-0.06981,Sidewalk
333.0,128.0638,4.9399,0.73304,0.0,-0.0,169.9388,0.9607,stand_6,342.0695,0.0,-0.0,0.0,-0.0,Sidewalk
333.5,128.0638,4.9399,0.69813,0.0,-0.06981,169.9388,0.9607,stand_6,342.0821,0.0,-0.06981,0.0,-0.06981,Sidewalk
334.0,128.0638,4.9399,0.69813,0.0,-0.0,169.9388,0.9607,stand_6,342.0695,0.0,-0.0,0.0,-0.0,Sidewalk
334.5,128.0638,4.9399,0.66323,0.0,-0.06981,169.9388,0.9607,stand_6,342.0821,0.0,-0.06981,0.0,-0.06981,Sidewalk
335.0,128.0638,4.9399,0.66323,0.0,-0.0,169.9388,0.9607,stand_6,342.0695,0.0,-0.0,0.0,-0.0,Sidewalk
335.5,128.0638,4.9399,0.62832,0.0,-0.06981,169.9388,0.9607,stand_6,342.0821,0.0,-0.06981,0.0,-0.06981,Sidewalk
336.0,128.0638,4.9399,0.62832,0.0,-0.0,169.9388,0.9607,stand_6,342.0695,0.0,-0.0,0.0,-0.0,Sidewalk
336.5,128.0638,4.9399,0.59341,0.0,-0.06981,169.9388,0.9607,stand_6,342.0821,0.0,-0.06981,0.0,-0.06981,Sidewalk
337.0,128.0638,4.9399,0.59341,0.0,-0.0,169.9388,0.9607,stand_6,342.0695,0.0,-0.0,0.0,-0.0,Sidewalk
337.5,128.0638,4.9399,0.55851,0.0,-0.06981,169.9388,0.9607,stand_6,342.0821,0.0,-0.06981,0.0,-0.06981,Sidewalk
338.0,128.0638,4.9399,0.55851,0.0,-0.0,169.9388,0.9607,stand_6,342.0695,0.0,-0.0,0.0,-0.0,Sidewalk
338.5,128.0638,4.9399,0.5236,0.0,-0.06981,169.9388,0.9607,stand_6,342.0821,0.0,-0.06981,0.0,-0.06981,Sidewalk
339.0,128.0638,4.9399,0.5236,0.0,-0.0,169.9388,0.9607,stand_6,342.0695,0.0,-0.0,0.0,-0.0,Sidewalk
339.5,128.0638,4.9399,0.48869,0.0,-0.06981,169.9388,0.9607,stand_6,342.082,0.0,-0.06981,0.0,-0.06981,Sidewalk
340.0,128.0638,4.9399,0.48869,0.0,-0.0,169.9388,0.9607,stand_6,342.0695,0.0,-0.0,0.0,-0.0,Sidewalk
340.5,128.0638,4.9399,0.45379,0.0,-0.06981,169.9388,0.9607,stand_6,342.082,0.0,-0.06981,0.0,-0.06981,Sidewalk
341.0,128.0638,4.9399,0.45379,0.0,-0.0,169.9388,0.9607,stand_6,342.0695,0.0,-0.0,0.0,-0.0,Sidewalk
341.5,128.0638,4.9399,0.41888,0.0,-0.06981,169.9388,0.9607,stand_6,342.082,0.0,-0.06981,0.0,-0.06981,Sidewalk
342.0,128.0638,4.9399,0.41888,0.0,-0.0,169.9388,0.9607,stand_6,342.0695,0.0,-0.0,0.0,-0.0,Sidewalk
342.5,128.0638,4.9399,0.38397,0.0,-0.06981,169.9388,0.9607,stand_6,342.082,0.0,-0.06981,0.0,-0.06981,Sidewalk
343.0,128.0638,4.9399,0.38397,0.0,-0.0,169.9388,0.9607,stand_6,342.0695,0.0,-0.0,0.0,-0.0,Sidewalk
343.5,128.0638,4.9399,0.34907,0.0,-0.06981,169.9388,0.9607,stand_6,342.082,0.0,-0.06981,0.0,-0.06981,Sidewalk
344.0,128.0638,4.9399,0.34907,0.0,-0.0,169.9388,0.9607,stand_6,342.0695,0.0,-0.0,0.0,-0.0,Sidewalk
344.5,128.0638,4.9399,0.31416,0.0,-0.06981,169.9388,0.9607,stand_6,342.082,0.0,-0.06981,0.0,-0.06981,Sidewalk
345.0,128.0638,4.9399,0.31416,0.0,-0.0,169.9388,0.9607,stand_6,342.0694,0.0,-0.0,0.0,-0.0,Sidewalk
345.5,128.0638,4.9399,0.27925,0.0,-0.06981,169.9388,0.9607,stand_6,342.082,0.0,-0.06981,0.0,-0.06981,Sidewalk
346.0,128.0638,4.9399,0.27925,0.0,-0.0,169.9388,0.9607,stand_6,342.0694,0.0,-0.0,0.0,-0.0,Sidewalk
346.5,128.0638,4.9399,0.24435,0.0,-0.06981,169.9388,0.9607,stand_6,342.082,0.0,-0.06981,0.0,-0.06981,Sidewalk
347.0,128.0638,4.9399,0.24435,0.0,-0.0,169.9388,0.9607,stand_6,342.0694,0.0,-0.0,0.0,-0.0,Sidewalk
347.5,128.0638,4.9399,0.20944,0.0,-0.06981,169.9388,0.9607,stand_6,342.082,0.0,-0.06981,0.0,-0.06981,Sidewalk
348.0,128.0638,4.9399,0.20944,0.0,-0.0,169.9388,0.9607,stand_6,342.0694,0.0,-0.0,0.0,-0.0,Sidewalk
348.5,128.0638,4.9399,0.17453,0.0,-0.06981,169.9388,0.9607,stand_6,342.082,0.0,-0.06981,0.0,-0.06981,Sidewalk
349.0,128.0638,4.9399,0.17453,0.0,-0.0,169.9388,0.9607,stand_6,342.0694,0.0,-0.0,0.0,-0.0,Sidewalk
349.5,128.0638,4.9399,0.13963,0.0,-0.06981,169.9388,0.9607,stand_6,342.082,0.0,-0.06981,0.0,-0.06981,Sidewalk
350.0,128.0638,4.9399,0.13963,0.0,-0.0,169.9388,0.9607,stand_6,342.0694,0.0,-0.0,0.0,-0.0,Sidewalk
350.5,128.0638,4.9399,0.10472,0.0,-0.06981,169.9388,0.9607,stand_6,342.082,0.0,-0.06981,0.0,-0.06981,Sidewalk
351.0,128.0638,4.9399,0.10472,0.0,-0.0,169.9388,0.9607,stand_6,342.0694,0.0,-0.0,0.0,-0.0,Sidewalk
351.5,128.0638,4.9399,0.06981,0.0,-0.06981,169.9388,0.9608,stand_6,342.082,0.0,-0.06981,0.0,-0.06981,Sidewalk
352.0,128.0638,4.9399,0.06981,0.0,-0.0,169.9388,0.9608,stand_6,342.0694,0.0,-0.0,0.0,-0.0,Sidewalk
352.5,128.0638,4.9399,0.03491,0.0,-0.06981,169.9388,0.9608,stand_6,342.082,0.0,-0.06981,0.0,-0.06981,Sidewalk
353.0,128.0638,4.9399,0.03491,0.0,-0.0,169.9388,0.9608,stand_6,342.0694,0.0,-0.0,0.0,-0.0,Sidewalk
353.5,128.0638,4.9399,-0.0,0.0,-0.06981,169.9388,0.9608,stand_6,342.0819,0.0,-0.06981,0.0,-0.06981,Sidewalk
354.0,128.0638,4.9399,-0.0,0.0,-0.0,169.9388,0.9608,stand_6,342.0694,0.0,-0.0,0.0,-0.0,Sidewalk
354.5,128.0638,4.9399,-0.03491,0.0,-0.06981,169.9388,0.9608,stand_6,342.0819,0.0,-0.06981,0.0,-0.06981,Sidewalk
355.0,128.0638,4.9399,-0.03491,0.0,-0.0,169.9388,0.9608,stand_6,342.0694,0.0,-0.0,0.0,-0.0,Sidewalk
355.5,128.0638,4.9399,-0.06981,0.0,-0.06981,169.9388,0.9608,stand_6,342.0819,0.0,-0.06981,0.0,-0.06981,Sidewalk
356.0,128.0638,4.9399,-0.06981,0.0,-0.0,169.9388,0.9608,stand_6,342.0694,0.0,-0.0,0.0,-0.0,Sidewalk
356.5,128.0638,4.9399,-0.10472,0.0,-0.06981,169.9388,0.9608,stand_6,342.0819,0.0,-0.06981,0.0,-0.06981,Sidewalk
357.0,128.0638,4.9399,-0.10472,0.0,-0.0,169.9388,0.9608,stand_6,342.0693,0.0,-0.0,0.0,-0.0,Sidewalk
357.5,128.0638,4.9399,-0.13963,0.0,-0.06981,169.9388,0.9608,stand_6,342.0819,0.0,-0.06981,0.0,-0.06981,Sidewalk
358.0,128.0638,4.9399,-0.13963,0.0,-0.0,169.9388,0.9608,stand_6,342.0693,0.0,-0.0,0.0,-0.0,Sidewalk
358.5,128.0638,4.9399,-0.17453,0.0,-0.06981,169.9388,0.9608,stand_6,342.0819,0.0,-0.06981,0.0,-0.06981,Sidewalk
359.0,128.0638,4.9399,-0.17453,0.0,-0.0,169.9388,0.9608,stand_6,342.0693,0.0,-0.0,0.0,-0.0,Sidewalk
359.5,128.0638,4.9399,-0.20944,0.0,-0.06981,169.9388,0.9608,stand_6,342.0819,0.0,-0.06981,0.0,-0.06981,Sidewalk
360.0,128.0638,4.9399,-0.20944,0.0,-0.0,169.9388,0.9608,stand_6,342.0693,0.0,-0.0,0.0,-0.0,Sidewalk
360.5,128.0638,4.9399,-0.24435,0.0,-0.06981,169.9388,0.9608,stand_6,342.0819,0.0,-0.06981,0.0,-0.06981,Sidewalk
361.0,128.0638,4.9399,-0.24435,0.0,-0.0,169.9388,0.9608,stand_6,342.0693,0.0,-0.0,0.0,-0.0,Sidewalk
361.5,128.0638,4.9399,-0.27925,0.0,-0.06981,169.9388,0.9608,stand_6,342.0819,0.0,-0.06981,0.0,-0.06981,Sidewalk
362.0,128.0638,4.9399,-0.27925,0.0,-0.0,169.9388,0.9608,stand_6,342.0693,0.0,-0.0,0.0,-0.0,Sidewalk
362.5,128.0638,4.9399,-0.31416,0.0,-0.06981,169.9388,0.9608,stand_6,342.0819,0.0,-0.06981,0.0,-0.06981,Sidewalk
363.0,128.0638,4.9399,-0.31416,0.0,-0.0,169.9388,0.9608,stand_6,342.0693,0.0,-0.0,0.0,-0.0,Sidewalk
363.5,128.0638,4.9399,-0.34907,0.0,-0.06981,169.9388,0.9608,stand_6,342.0819,0.0,-0.06981,0.0,-0.06981,Sidewalk
364.0,128.0638,4.9399,-0.34907,0.0,-0.0,169.9388,0.9608,stand_6,342.0693,0.0,-0.0,0.0,-0.0,Sidewalk
364.5,128.0638,4.9399,-0.38397,0.0,-0.06981,169.9388,0.9608,stand_6,342.0819,0.0,-0.06981,0.0,-0.06981,Sidewalk
365.0,128.0638,4.9399,-0.38397,0.0,-0.0,169.9388,0.9608,stand_6,342.0693,0.0,-0.0,0.0,-0.0,Sidewalk
365.5,128.0638,4.9399,-0.41888,0.0,-0.06981,169.9388,0.9608,stand_6,342.0819,0.0,-0.06981,0.0,-0.06981,Sidewalk
366.0,128.0638,4.9399,-0.41888,0.0,-0.0,169.9388,0.9608,stand_6,342.0693,0.0,-0.0,0.0,-0.0,Sidewalk
366.5,128.0638,4.9399,-0.45379,0.0,-0.06981,169.9388,0.9608,stand_6,342.0818,0.0,-0.06981,0.0,-0.06981,Sidewalk
367.0,128.0638,4.9399,-0.45379,0.0,-0.0,169.9388,0.9608,stand_6,342.0693,0.0,-0.0,0.0,-0.0,Sidewalk
367.5,128.0638,4.9399,-0.48869,0.0,-0.06981,169.9388,0.9608,stand_6,342.0818,0.0,-0.06981,0.0,-0.06981,Sidewalk
368.0,128.0638,4.9399,-0.48869,0.0,-0.0,169.9388,0.9608,stand_6,342.0693,0.0,-0.0,0.0,-0.0,Sidewalk
368.5,128.0638,4.9399,-0.5236,0.0,-0.06981,169.9388,0.9608,stand_6,342.0818,0.0,-0.06981,0.0,-0.06981,Sidewalk
369.0,128.0638,4.9399,-0.5236,0.0,-0.0,169.9388,0.9608,stand_6,342.0693,0.0,-0.0,0.0,-0.0,Sidewalk
369.5,128.0638,4.9399,-0.55851,0.0,-0.06981,169.9388,0.9608,stand_6,342.0818,0.0,-0.06981,0.0,-0.06981,Sidewalk
370.0,128.0638,4.9399,-0.55851,0.0,-0.0,169.9388,0.9608,stand_6,342.0693,0.0,-0.0,0.0,-0.0,Sidewalk
370.5,128.0638,4.9399,-0.59341,0.0,-0.06981,169.9388,0.9608,stand_6,342.0818,0.0,-0.06981,0.0,-0.06981,Sidewalk
371.0,128.0638,4.9399,-0.59341,0.0,-0.0,169.9388,0.9608,stand_6,342.0692,0.0,-0.0,0.0,-0.0,Sidewalk
371.5,128.0638,4.9399,-0.62832,0.0,-0.06981,169.9388,0.9608,stand_6,342.0818,0.0,-0.06981,0.0,-0.06981,Sidewalk
372.0,128.0638,4.9399,-0.62832,0.0,-0.0,169.9388,0.9608,stand_6,342.0692,0.0,-0.0,0.0,-0.0,Sidewalk
372.5,128.0638,4.9399,-0.66323,0.0,-0.06981,169.9388,0.9608,stand_6,342.0818,0.0,-0.06981,0.0,-0.06981,Sidewalk
373.0,128.0638,4.9399,-0.66323,0.0,-0.0,169.9388,0.9608,stand_6,342.0692,0.0,-0.0,0.0,-0.0,Sidewalk
373.5,128.0638,4.9399,-0.69813,0.0,-0.06981,169.9388,0.9608,stand_6,342.0818,0.0,-0.06981,0.0,-0.06981,Sidewalk
374.0,128.0638,4.9399,-0.69813,0.0,-0.0,169.9388,0.9608,stand_6,342.0692,0.0,-0.0,0.0,-0.0,Sidewalk
374.5,128.0638,4.9399,-0.73304,0.0,-0.06981,169.9388,0.9608,stand_6,342.0818,0.0,-0.06981,0.0,-0.06981,Sidewalk
375.0,128.0638,4.9399,-0.73304,0.0,-0.0,169.9388,0.9608,stand_6,342.0692,0.0,-0.0,0.0,-0.0,Sidewalk
375.5,128.0638,4.9399,-0.76794,0.0,-0.06981,169.9388,0.9608,stand_6,342.0818,0.0,-0.06981,0.0,-0.06981,Sidewalk
376.0,128.0638,4.9399,-0.76794,0.0,-0.0,169.9388,0.9608,stand_6,342.0692,0.0,-0.0,0.0,-0.0,Sidewalk
376.5,128.0638,4.9399,-0.80285,0.0,-0.06981,169.9388,0.9608,stand_6,342.0818,0.0,-0.06981,0.0,-0.06981,Sidewalk
377.0,128.0638,4.9399,-0.80285,0.0,-0.0,169.9388,0.9608,stand_6,342.0692,0.0,-0.0,0.0,-0.0,Sidewalk
377.5,128.0638,4.9399,-0.83776,0.0,-0.06981,169.9388,0.9608,stand_6,342.0818,0.0,-0.06981,0.0,-0.06981,Sidewalk
378.0,128.0638,4.9399,-0.83776,0.0,-0.0,169.9388,0.9608,stand_6,342.0692,0.0,-0.0,0.0,-0.0,Sidewalk
378.5,128.0638,4.9399,-0.87266,0.0,-0.06981,169.9388,0.9608,stand_6,342.0817,0.0,-0.06981,0.0,-0.06981,Sidewalk
379.0,128.0638,4.9399,-0.87266,0.0,-0.0,169.9388,0.9608,stand_6,342.0692,0.0,-0.0,0.0,-0.0,Sidewalk
379.5,128.0638,4.9399,-0.90757,0.0,-0.06981,169.9388,0.9608,stand_6,342.0817,0.0,-0.06981,0.0,-0.06981,Sidewalk
380.0,128.0638,4.9399,-0.90757,0.0,-0.0,169.9388,0.9608,stand_6,342.0692,0.0,-0.0,0.0,-0.0,Sidewalk
380.5,128.0638,4.9399,-0.94248,0.0,-0.06981,169.9388,0.9608,stand_6,342.0817,0.0,-0.06981,0.0,-0.06981,Sidewalk
381.0,128.0638,4.9399,-0.94248,0.0,-0.0,169.9388,0.9608,stand_6,342.0692,0.0,-0.0,0.0,-0.0,Sidewalk
381.5,128.0638,4.9399,-0.97738,0.0,-0.06981,169.9388,0.9608,stand_6,342.0817,0.0,-0.06981,0.0,-0.06981,Sidewalk
382.0,128.0638,4.9399,-0.97738,0.0,-0.0,169.9388,0.9608,stand_6,342.0692,0.0,-0.0,0.0,-0.0,Sidewalk
382.5,128.0638,4.9399,-1.01229,0.0,-0.06981,169.9388,0.9608,stand_6,342.0817,0.0,-0.06981,0.0,-0.06981,Sidewalk
383.0,128.0638,4.9399,-1.01229,0.0,-0.0,169.9388,0.9608,stand_6,342.0691,0.0,-0.0,0.0,-0.0,Sidewalk
383.5,128.0638,4.9399,-1.0472,0.0,-0.06981,169.9388,0.9608,stand_6,342.0817,0.0,-0.06981,0.0,-0.06981,Sidewalk
384.0,128.0638,4.9399,-1.0472,0.0,-0.0,169.9388,0.9608,stand_6,342.0691,0.0,-0.0,0.0,-0.0,Sidewalk
384.5,128.0638,4.9399,-1.0821,0.0,-0.06981,169.9388,0.9608,stand_6,342.0817,0.0,-0.06981,0.0,-0.06981,Sidewalk
385.0,128.0638,4.9399,-1.0821,0.0,-0.0,169.9388,0.9609,stand_6,342.0691,0.0,-0.0,0.0,-0.0,Sidewalk
385.5,128.0638,4.9399,-1.11701,0.0,-0.06981,169.9388,0.9609,stand_6,342.0817,0.0,-0.06981,0.0,-0.06981,Sidewalk
386.0,128.0638,4.9399,-1.11701,0.0,-0.0,169.9388,0.9609,stand_6,342.0691,0.0,-0.0,0.0,-0.0,Sidewalk
386.5,128.0638,4.9399,-1.15192,0.0,-0.06981,169.9388,0.9609,stand_6,342.0817,0.0,-0.06981,0.0,-0.06981,Sidewalk
387.0,128.0638,4.9399,-1.15192,0.0,-0.0,169.9388,0.9609,stand_6,342.0691,0.0,-0.0,0.0,-0.0,Sidewalk
387.5,128.0638,4.9399,-1.18682,0.0,-0.06981,169.9388,0.9609,stand_6,342.0817,0.0,-0.06981,0.0,-0.06981,Sidewalk
388.0,128.0638,4.9399,-1.18682,0.0,-0.0,169.9388,0.9609,stand_6,342.0691,0.0,-0.0,0.0,-0.0,Sidewalk
388.5,128.0638,4.9399,-1.22173,0.0,-0.06981,169.9388,0.9609,stand_6,342.0817,0.0,-0.06981,0.0,-0.06981,Sidewalk
389.0,128.0638,4.9399,-1.22173,0.0,-0.0,169.9388,0.9609,stand_6,342.0691,0.0,-0.0,0.0,-0.0,Sidewalk
389.5,128.0638,4.9399,-1.25664,0.0,-0.06981,169.9388,0.9609,stand_6,342.0817,0.0,-0.06981,0.0,-0.06981,Sidewalk
390.0,128.0638,4.9399,-1.25664,0.0,-0.0,169.9388,0.9609,stand_6,342.0691,0.0,-0.0,0.0,-0.0,Sidewalk
390.5,128.0638,4.9399,-1.29154,0.0,-0.06981,169.9388,0.9609,stand_6,342.0817,0.0,-0.06981,0.0,-0.06981,Sidewalk
391.0,128.0638,4.9399,-1.29154,0.0,-0.0,169.9388,0.9609,stand_6,342.0691,0.0,-0.0,0.0,-0.0,Sidewalk
391.5,128.0638,4.9399,-1.32645,0.0,-0.06981,169.9388,0.9609,stand_6,342.0816,0.0,-0.06981,0.0,-0.06981,Sidewalk
392.0,128.0638,4.9399,-1.32645,0.0,-0.0,169.9388,0.9609,stand_6,342.0691,0.0,-0.0,0.0,-0.0,Sidewalk
392.5,128.0638,4.9399,-1.36136,0.0,-0.06981,169.9388,0.9609,stand_6,342.0816,0.0,-0.06981,0.0,-0.06981,Sidewalk
393.0,128.0638,4.9399,-1.36136,0.0,-0.0,169.9388,0.9609,stand_6,342.0691,0.0,-0.0,0.0,-0.0,Sidewalk
393.5,128.0638,4.9399,-1.39626,0.0,-0.06981,169.9388,0.9609,stand_6,342.0816,0.0,-0.06981,0.0,-0.06981,Sidewalk
394.0,128.0638,4.9399,-1.39626,0.0,-0.0,169.9388,0.9609,stand_6,342.0691,0.0,-0.0,0.0,-0.0,Sidewalk
394.5,128.0638,4.9399,-1.43117,0.0,-0.06981,169.9388,0.9609,stand_6,342.0816,0.0,-0.06981,0.0,-0.06981,Sidewalk
395.0,128.0638,4.9399,-1.43117,0.0,-0.0,169.9388,0.9609,stand_6,342.0691,0.0,-0.0,0.0,-0.0,Sidewalk
395.5,128.0638,4.9399,-1.46608,0.0,-0.06981,169.9388,0.9609,stand_6,342.0816,0.0,-0.06981,0.0,-0.06981,Sidewalk
396.0,128.0638,4.9399,-1.46608,0.0,-0.0,169.9388,0.9609,stand_6,342.069,0.0,-0.0,0.0,-0.0,Sidewalk
396.5,128.0638,4.9399,-1.50098,0.0,-0.06981,169.9388,0.9609,stand_6,342.0816,0.0,-0.06981,0.0,-0.06981,Sidewalk
397.0,128.0638,4.9399,-1.50098,0.0,-0.0,169.9388,0.9609,stand_6,342.069,0.0,-0.0,0.0,-0.0,Sidewalk
397.5,128.0638,4.9399,-1.53589,0.0,-0.06981,169.9388,0.9609,stand_6,342.0816,0.0,-0.06981,0.0,-0.06981,Sidewalk
398.0,128.0638,4.9399,-1.53589,0.0,-0.0,169.9388,0.9609,stand_6,342.069,0.0,-0.0,0.0,-0.0,Sidewalk
398.5,128.0638,4.9399,-1.5708,0.0,-0.06981,169.9388,0.9609,stand_6,342.0816,0.0,-0.06981,0.0,-0.06981,Sidewalk
399.0,128.0638,4.9399,-1.5708,0.0,-0.0,169.9388,0.9609,stand_6,342.069,0.0,-0.0,0.0,-0.0,Sidewalk
399.5,128.0638,4.9399,-1.6057,0.0,-0.06981,169.9388,0.9609,stand_6,342.0816,0.0,-0.06981,0.0,-0.06981,Sidewalk
400.0,128.0638,4.9399,-1.6057,0.0,-0.0,169.9388,0.9609,stand_6,342.069,0.0,-0.0,0.0,-0.0,Sidewalk
400.5,128.0638,4.9399,-1.64061,0.0,-0.06981,169.9388,0.9609,stand_6,342.0816,0.0,-0.06981,0.0,-0.06981,Sidewalk
401.0,128.0638,4.9399,-1.64061,0.0,-0.0,169.9388,0.9609,stand_6,342.069,0.0,-0.0,0.0,-0.0,Sidewalk
401.5,128.0638,4.9399,-1.67552,0.0,-0.06981,169.9388,0.9609,stand_6,342.0816,0.0,-0.06981,0.0,-0.06981,Sidewalk
402.0,128.0638,4.9399,-1.67552,0.0,-0.0,169.9388,0.9609,stand_6,342.069,0.0,-0.0,0.0,-0.0,Sidewalk
402.5,128.0638,4.9399,-1.71042,0.0,-0.06981,169.9388,0.9609,stand_6,342.0816,0.0,-0.06981,0.0,-0.06981,Sidewalk
403.0,128.0638,4.9399,-1.71042,0.0,-0.0,169.9388,0.9609,stand_6,342.069,0.0,-0.0,0.0,-0.0,Sidewalk
403.5,128.0638,4.9399,-1.74533,0.0,-0.06981,169.9388,0.9609,stand_6,342.0816,0.0,-0.06981,0.0,-0.06981,Sidewalk
404.0,128.0638,4.9399,-1.74533,0.0,-0.0,169.9388,0.9609,stand_6,342.069,0.0,-0.0,0.0,-0.0,Sidewalk
404.5,128.0638,4.9399,-1.78024,0.0,-0.06981,169.9388,0.9609,stand_6,342.0816,0.0,-0.06981,0.0,-0.06981,Sidewalk
405.0,128.0638,4.9399,-1.78024,0.0,-0.0,169.9388,0.9609,stand_6,342.069,0.0,-0.0,0.0,-0.0,Sidewalk
405.5,128.0638,4.9399,-1.81514,0.0,-0.06981,169.9388,0.9609,stand_6,342.0815,0.0,-0.06981,0.0,-0.06981,Sidewalk
406.0,128.0638,4.9399,-1.81514,0.0,-0.0,169.9388,0.9609,stand_6,342.069,0.0,-0.0,0.0,-0.0,Sidewalk
406.5,128.0638,4.9399,-1.85005,0.0,-0.06981,169.9388,0.9609,stand_6,342.0815,0.0,-0.06981,0.0,-0.06981,Sidewalk
407.0,128.0638,4.9399,-1.85005,0.0,-0.0,169.9388,0.9609,stand_6,342.069,0.0,-0.0,0.0,-0.0,Sidewalk
407.5,128.0638,4.9399,-1.88496,0.0,-0.06981,169.9388,0.9609,stand_6,342.0815,0.0,-0.06981,0.0,-0.06981,Sidewalk
408.0,128.0638,4.9399,-1.88496,0.0,-0.0,169.9388,0.9609,stand_6,342.069,0.0,-0.0,0.0,-0.0,Sidewalk
408.5,128.0638,4.9399,-1.91986,0.0,-0.06981,169.9388,0.9609,stand_6,342.0815,0.0,-0.06981,0.0,-0.06981,Sidewalk
409.0,128.0638,4.9399,-1.91986,0.0,-0.0,169.9388,0.9609,stand_6,342.069,0.0,-0.0,0.0,-0.0,Sidewalk
409.5,128.0638,4.9399,-1.95477,0.0,-0.06981,169.9388,0.9609,stand_6,342.0815,0.0,-0.06981,0.0,-0.06981,Sidewalk
410.0,128.0638,4.9399,-1.95477,0.0,-0.0,169.9388,0.9609,stand_6,342.0689,0.0,-0.0,0.0,-0.0,Sidewalk
410.5,128.0638,4.9399,-1.98968,0.0,-0.06981,169.9388,0.9609,stand_6,342.0815,0.0,-0.06981,0.0,-0.06981,Sidewalk
411.0,128.0638,4.9399,-1.98968,0.0,-0.0,169.9388,0.9609,stand_6,342.0689,0.0,-0.0,0.0,-0.0,Sidewalk
411.5,128.0638,4.9399,-2.02458,0.0,-0.06981,169.9388,0.9609,stand_6,342.0815,0.0,-0.06981,0.0,-0.06981,Sidewalk
412.0,128.0638,4.9399,-2.02458,0.0,-0.0,169.9388,0.9609,stand_6,342.0689,0.0,-0.0,0.0,-0.0,Sidewalk
412.5,128.0638,4.9399,-2.05949,0.0,-0.06981,169.9388,0.9609,stand_6,342.0815,0.0,-0.06981,0.0,-0.06981,Sidewalk
413.0,128.0638,4.9399,-2.05949,0.0,-0.0,169.9388,0.9609,stand_6,342.0689,0.0,-0.0,0.0,-0.0,Sidewalk
413.5,128.0638,4.9399,-2.0944,0.0,-0.06981,169.9388,0.9609,stand_6,342.0815,0.0,-0.06981,0.0,-0.06981,Sidewalk
414.0,128.0638,4.9399,-2.0944,0.0,-0.0,169.9388,0.9609,stand_6,342.0689,0.0,-0.0,0.0,-0.0,Sidewalk
414.5,128.0638,4.9399,-2.1293,0.0,-0.06981,169.9388,0.9609,stand_6,342.0815,0.0,-0.06981,0.0,-0.06981,Sidewalk
415.0,128.0638,4.9399,-2.1293,0.0,-0.0,169.9388,0.9609,stand_6,342.0689,0.0,-0.0,0.0,-0.0,Sidewalk
415.5,128.0638,4.9399,-2.16421,0.0,-0.06981,169.9388,0.9609,stand_6,342.0815,0.0,-0.06981,0.0,-0.06981,Sidewalk
416.0,128.0638,4.9399,-2.16421,0.0,-0.0,169.9388,0.9609,stand_6,342.0689,0.0,-0.0,0.0,-0.0,Sidewalk
416.5,128.0638,4.9399,-2.19911,0.0,-0.06981,169.9388,0.9609,stand_6,342.0815,0.0,-0.06981,0.0,-0.06981,Sidewalk
417.0,128.0638,4.9399,-2.19911,0.0,-0.0,169.9388,0.9609,stand_6,342.0689,0.0,-0.0,0.0,-0.0,Sidewalk
417.5,128.0638,4.9399,-2.23402,0.0,-0.06981,169.9388,0.9609,stand_6,342.0814,0.0,-0.06981,0.0,-0.06981,Sidewalk
418.0,128.0638,4.9399,-2.23402,0.0,-0.0,169.9388,0.9609,stand_6,342.0689,0.0,-0.0,0.0,-0.0,Sidewalk
418.5,128.0638,4.9399,-2.26893,0.0,-0.06981,169.9388,0.9609,stand_6,342.0814,0.0,-0.06981,0.0,-0.06981,Sidewalk
419.0,128.0638,4.9399,-2.26893,0.0,-0.0,169.9388,0.9609,stand_6,342.0689,0.0,-0.0,0.0,-0.0,Sidewalk
419.5,128.0638,4.9399,-2.30383,0.0,-0.06981,169.9388,0.9609,stand_6,342.0814,0.0,-0.06981,0.0,-0.06981,Sidewalk
420.0,128.0638,4.9399,-2.30383,0.0,-0.0,169.9388,0.9609,stand_6,342.0689,0.0,-0.0,0.0,-0.0,Sidewalk
420.5,128.0638,4.9399,-2.33874,0.0,-0.06981,169.9388,0.961,stand_6,342.0814,0.0,-0.06981,0.0,-0.06981,Sidewalk
421.0,128.0638,4.9399,-2.33874,0.0,-0.0,169.9388,0.961,stand_6,342.0689,0.0,-0.0,0.0,-0.0,Sidewalk
421.5,128.0638,4.9399,-2.37365,0.0,-0.06981,169.9388,0.961,stand_6,342.0814,0.0,-0.06981,0.0,-0.06981,Sidewalk
422.0,128.0638,4.9399,-2.37365,0.0,-0.0,169.9388,0.961,stand_6,342.0688,0.0,-0.0,0.0,-0.0,Sidewalk
422.5,128.0638,4.9399,-2.40855,0.0,-0.06981,169.9388,0.961,stand_6,342.0814,0.0,-0.06981,0.0,-0.06981,Sidewalk
423.0,128.0638,4.9399,-2.40855,0.0,-0.0,169.9388,0.961,stand_6,342.0688,0.0,-0.0,0.0,-0.0,Sidewalk
423.5,128.0638,4.9399,-2.44346,0.0,-0.06981,169.9388,0.961,stand_6,342.0814,0.0,-0.06981,0.0,-0.06981,Sidewalk
424.0,128.0638,4.9399,-2.44346,0.0,-0.0,169.9388,0.961,stand_6,342.0688,0.0,-0.0,0.0,-0.0,Sidewalk
424.5,128.0638,4.9399,-2.47837,0.0,-0.06981,169.9388,0.961,stand_6,342.0814,0.0,-0.06981,0.0,-0.06981,Sidewalk
425.0,128.0638,4.9399,-2.47837,0.0,-0.0,169.9388,0.961,stand_6,342.0688,0.0,-0.0,0.0,-0.0,Sidewalk
425.5,128.0638,4.9399,-2.51327,0.0,-0.06981,169.9388,0.961,stand_6,342.0814,0.0,-0.06981,0.0,-0.06981,Sidewalk
426.0,128.0638,4.9399,-2.51327,0.0,-0.0,169.9388,0.961,stand_6,342.0688,0.0,-0.0,0.0,-0.0,Sidewalk
426.5,128.0638,4.9399,-2.54818,0.0,-0.06981,169.9388,0.961,stand_6,342.0814,0.0,-0.06981,0.0,-0.06981,Sidewalk
427.0,128.0638,4.9399,-2.54818,0.0,-0.0,169.9388,0.961,stand_6,342.0688,0.0,-0.0,0.0,-0.0,Sidewalk
427.5,128.0638,4.9399,-2.58309,0.0,-0.06981,169.9388,0.961,stand_6,342.0814,0.0,-0.06981,0.0,-0.06981,Sidewalk
428.0,128.0638,4.9399,-2.58309,0.0,-0.0,169.9388,0.961,stand_6,342.0688,0.0,-0.0,0.0,-0.0,Sidewalk
428.5,128.0638,4.9399,-2.61799,0.0,-0.06981,169.9388,0.961,stand_6,342.0814,0.0,-0.06981,0.0,-0.06981,Sidewalk
429.0,128.0638,4.9399,-2.61799,0.0,-0.0,169.9388,0.961,stand_6,342.0688,0.0,-0.0,0.0,-0.0,Sidewalk
429.5,128.0638,4.9399,-2.6529,0.0,-0.06981,169.9388,0.961,stand_6,342.0814,0.0,-0.06981,0.0,-0.06981,Sidewalk
430.0,128.0638,4.9399,-2.6529,0.0,-0.0,169.9388,0.961,stand_6,342.0688,0.0,-0.0,0.0,-0.0,Sidewalk
430.5,128.0638,4.9399,-2.68781,0.0,-0.06981,169.9388,0.961,stand_6,342.0813,0.0,-0.06981,0.0,-0.06981,Sidewalk
431.0,128.0638,4.9399,-2.68781,0.0,-0.0,169.9388,0.961,stand_6,342.0688,0.0,-0.0,0.0,-0.0,Sidewalk
431.5,128.0638,4.9399,-2.72271,0.0,-0.06981,169.9388,0.961,stand_6,342.0813,0.0,-0.06981,0.0,-0.06981,Sidewalk
432.0,128.0638,4.9399,-2.72271,0.0,-0.0,169.9388,0.961,stand_6,342.0688,0.0,-0.0,0.0,-0.0,Sidewalk
432.5,128.0638,4.9399,-2.75762,0.0,-0.06981,169.9388,0.961,stand_6,342.0813,0.0,-0.06981,0.0,-0.06981,Sidewalk
433.0,128.0638,4.9399,-2.75762,0.0,-0.0,169.9388,0.961,stand_6,342.0688,0.0,-0.0,0.0,-0.0,Sidewalk
433.5,128.0638,4.9399,-2.79253,0.0,-0.06981,169.9388,0.961,stand_6,342.0813,0.0,-0.06981,0.0,-0.06981,Sidewalk
434.0,128.0638,4.9399,-2.79253,0.0,-0.0,169.9388,0.961,stand_6,342.0688,0.0,-0.0,0.0,-0.0,Sidewalk
434.5,128.0638,4.9399,-2.82743,0.0,-0.06981,169.9388,0.961,stand_6,342.0813,0.0,-0.06981,0.0,-0.06981,Sidewalk
435.0,128.0638,4.9399,-2.82743,0.0,-0.0,169.9388,0.961,stand_6,342.0687,0.0,-0.0,0.0,-0.0,Sidewalk
435.5,128.0638,4.9399,-2.86234,0.0,-0.06981,169.9388,0.961,stand_6,342.0813,0.0,-0.06981,0.0,-0.06981,Sidewalk
436.0,128.0638,4.9399,-2.86234,0.0,-0.0,169.9388,0.961,stand_6,342.0687,0.0,-0.0,0.0,-0.0,Sidewalk
436.5,128.0638,4.9399,-2.89725,0.0,-0.06981,169.9388,0.961,stand_6,342.0813,0.0,-0.06981,0.0,-0.06981,Sidewalk
437.0,128.0638,4.9399,-2.89725,0.0,-0.0,169.9388,0.961,stand_6,342.0687,0.0,-0.0,0.0,-0.0,Sidewalk
437.5,128.0638,4.9399,-2.93215,0.0,-0.06981,169.9388,0.961,stand_6,342.0813,0.0,-0.06981,0.0,-0.06981,Sidewalk
438.0,128.0638,4.9399,-2.93215,0.0,-0.0,169.9388,0.961,stand_6,342.0687,0.0,-0.0,0.0,-0.0,Sidewalk
438.5,128.0638,4.9399,-2.96706,0.0,-0.06981,169.9388,0.961,stand_6,342.0813,0.0,-0.06981,0.0,-0.06981,Sidewalk
439.0,128.0638,4.9399,-2.96706,0.0,-0.0,169.9388,0.961,stand_6,342.0687,0.0,-0.0,0.0,-0.0,Sidewalk
439.5,128.0638,4.9399,-3.00197,0.0,-0.06981,169.9388,0.961,stand_6,342.0813,0.0,-0.06981,0.0,-0.06981,Sidewalk
440.0,128.0638,4.9399,-3.00197,0.0,-0.0,169.9388,0.961,stand_6,342.0687,0.0,-0.0,0.0,-0.0,Sidewalk
440.5,128.0638,4.9399,-3.03687,0.0,-0.06981,169.9388,0.961,stand_6,342.0813,0.0,-0.06981,0.0,-0.06981,Sidewalk
441.0,128.0638,4.9399,-3.03687,0.0,-0.0,169.9388,0.961,stand_6,342.0687,0.0,-0.0,0.0,-0.0,Sidewalk
441.5,128.0638,4.9399,-3.07178,0.0,-0.06981,169.9388,0.961,stand_6,342.0813,0.0,-0.06981,0.0,-0.06981,Sidewalk
442.0,128.0638,4.9399,-3.07178,0.0,-0.0,169.9388,0.961,stand_6,342.0687,0.0,-0.0,0.0,-0.0,Sidewalk
442.5,128.0638,4.9399,-3.10669,0.0,-0.06981,169.9388,0.961,stand_6,342.0813,0.0,-0.06981,0.0,-0.06981,Sidewalk
443.0,128.0638,4.9399,-3.10669,0.0,-0.0,169.9388,0.961,stand_6,342.0687,0.0,-0.0,0.0,-0.0,Sidewalk
443.5,128.0638,4.9399,3.14159,0.0,-0.06981,169.9388,0.961,stand_6,342.0813,0.0,-0.06981,0.0,-0.06981,Sidewalk
444.0,128.0638,4.9399,3.14159,0.0,-0.0,169.9388,0.961,stand_6,342.0687,0.0,-0.0,0.0,-0.0,Sidewalk
444.5,128.0638,4.9399,3.10669,0.0,-0.06981,169.9388,0.961,stand_6,342.0813,0.0,-0.06981,0.0,-0.06981,Sidewalk
445.0,128.0638,4.9399,3.10669,0.0,-0.0,169.9388,0.961,stand_6,342.0687,0.0,-0.0,0.0,-0.0,Sidewalk
445.5,128.0638,4.9399,3.07178,0.0,-0.06981,169.9388,0.961,stand_6,342.0812,0.0,-0.06981,0.0,-0.06981,Sidewalk
446.0,128.0638,4.9399,3.07178,0.0,-0.0,169.9388,0.961,stand_6,342.0687,0.0,-0.0,0.0,-0.0,Sidewalk
446.5,128.0638,4.9399,3.03687,0.0,-0.06981,169.9388,0.961,stand_6,342.0812,0.0,-0.06981,0.0,-0.06981,Sidewalk
447.0,128.0638,4.9399,3.03687,0.0,-0.0,169.9388,0.961,stand_6,342.0687,0.0,-0.0,0.0,-0.0,Sidewalk
447.5,128.0638,4.9399,3.00197,0.0,-0.06981,169.9388,0.961,stand_6,342.0812,0.0,-0.06981,0.0,-0.06981,Sidewalk
448.0,128.0638,4.9399,3.00197,0.0,-0.0,169.9388,0.961,stand_6,342.0687,0.0,-0.0,0.0,-0.0,Sidewalk
448.5,128.0638,4.9399,2.96706,0.0,-0.06981,169.9388,0.961,stand_6,342.0812,0.0,-0.06981,0.0,-0.06981,Sidewalk
449.0,128.0638,4.9399,2.96706,0.0,-0.0,169.9388,0.961,stand_6,342.0686,0.0,-0.0,0.0,-0.0,Sidewalk
449.5,128.0638,4.9399,2.93215,0.0,-0.06981,169.9388,0.961,stand_6,342.0812,0.0,-0.06981,0.0,-0.06981,Sidewalk
450.0,128.0638,4.9399,2.93215,0.0,-0.0,169.9388,0.961,stand_6,342.0686,0.0,-0.0,0.0,-0.0,Sidewalk
450.5,128.0638,4.9399,2.89725,0.0,-0.06981,169.9388,0.961,stand_6,342.0812,0.0,-0.06981,0.0,-0.06981,Sidewalk
451.0,128.0638,4.9399,2.89725,0.0,-0.0,169.9388,0.961,stand_6,342.0686,0.0,-0.0,0.0,-0.0,Sidewalk
451.5,128.0638,4.9399,2.86234,0.0,-0.06981,169.9388,0.961,stand_6,342.0812,0.0,-0.06981,0.0,-0.06981,Sidewalk
452.0,128.0638,4.9399,2.86234,0.0,-0.0,169.9388,0.961,stand_6,342.0686,0.0,-0.0,0.0,-0.0,Sidewalk
452.5,128.0638,4.9399,2.82743,0.0,-0.06981,169.9388,0.961,stand_6,342.0812,0.0,-0.06981,0.0,-0.06981,Sidewalk
453.0,128.0638,4.9399,2.82743,0.0,-0.0,169.9388,0.961,stand_6,342.0686,0.0,-0.0,0.0,-0.0,Sidewalk
453.5,128.0638,4.9399,2.79253,0.0,-0.06981,169.9388,0.961,stand_6,342.0812,0.0,-0.06981,0.0,-0.06981,Sidewalk
454.0,128.0638,4.9399,2.79253,0.0,-0.0,169.9388,0.961,stand_6,342.0686,0.0,-0.0,0.0,-0.0,Sidewalk
454.5,128.0638,4.9399,2.75762,0.0,-0.06981,169.9388,0.961,stand_6,342.0812,0.0,-0.06981,0.0,-0.06981,Sidewalk
455.0,128.0638,4.9399,2.75762,0.0,-0.0,169.9388,0.961,stand_6,342.0686,0.0,-0.0,0.0,-0.0,Sidewalk
455.5,128.0638,4.9399,2.72271,0.0,-0.06981,169.9388,0.961,stand_6,342.0812,0.0,-0.06981,0.0,-0.06981,Sidewalk
456.0,128.0638,4.9399,2.72271,0.0,-0.0,169.9388,0.9611,stand_6,342.0686,0.0,-0.0,0.0,-0.0,Sidewalk
456.5,128.0638,4.9399,2.68781,0.0,-0.06981,169.9388,0.9611,stand_6,342.0812,0.0,-0.06981,0.0,-0.06981,Sidewalk
457.0,128.0638,4.9399,2.68781,0.0,-0.0,169.9388,0.9611,stand_6,342.0686,0.0,-0.0,0.0,-0.0,Sidewalk
457.5,128.0638,4.9399,2.6529,0.0,-0.06981,169.9388,0.9611,stand_6,342.0811,0.0,-0.06981,0.0,-0.06981,Sidewalk
458.0,128.0638,4.9399,2.6529,0.0,-0.0,169.9388,0.9611,stand_6,342.0686,0.0,-0.0,0.0,-0.0,Sidewalk
458.5,128.0638,4.9399,2.61799,0.0,-0.06981,169.9388,0.9611,stand_6,342.0811,0.0,-0.06981,0.0,-0.06981,Sidewalk
459.0,128.0638,4.9399,2.61799,0.0,-0.0,169.9388,0.9611,stand_6,342.0686,0.0,-0.0,0.0,-0.0,Sidewalk
459.5,128.0638,4.9399,2.58309,0.0,-0.06981,169.9388,0.9611,stand_6,342.0811,0.0,-0.06981,0.0,-0.06981,Sidewalk
460.0,128.0638,4.9399,2.58309,0.0,-0.0,169.9388,0.9611,stand_6,342.0686,0.0,-0.0,0.0,-0.0,Sidewalk
460.5,128.0638,4.9399,2.54818,0.0,-0.06981,169.9388,0.9611,stand_6,342.0811,0.0,-0.06981,0.0,-0.06981,Sidewalk
461.0,128.0638,4.9399,2.54818,0.0,-0.0,169.9388,0.9611,stand_6,342.0686,0.0,-0.0,0.0,-0.0,Sidewalk
461.5,128.0638,4.9399,2.51327,0.0,-0.06981,169.9388,0.9611,stand_6,342.0811,0.0,-0.06981,0.0,-0.06981,Sidewalk
462.0,128.0638,4.9399,2.51327,0.0,-0.0,169.9388,0.9611,stand_6,342.0685,0.0,-0.0,0.0,-0.0,Sidewalk
462.5,128.0638,4.9399,2.47837,0.0,-0.06981,169.9388,0.9611,stand_6,342.0811,0.0,-0.06981,0.0,-0.06981,Sidewalk
463.0,128.0638,4.9399,2.47837,0.0,-0.0,169.9388,0.9611,stand_6,342.0685,0.0,-0.0,0.0,-0.0,Sidewalk
463.5,128.0638,4.9399,2.44346,0.0,-0.06981,169.9388,0.9611,stand_6,342.0811,0.0,-0.06981,0.0,-0.06981,Sidewalk
464.0,128.0638,4.9399,2.44346,0.0,-0.0,169.9388,0.9611,stand_6,342.0685,0.0,-0.0,0.0,-0.0,Sidewalk
464.5,128.0638,4.9399,2.40855,0.0,-0.06981,169.9388,0.9611,stand_6,342.0811,0.0,-0.06981,0.0,-0.06981,Sidewalk
465.0,128.0638,4.9399,2.40855,0.0,-0.0,169.9388,0.9611,stand_6,342.0685,0.0,-0.0,0.0,-0.0,Sidewalk
465.5,128.0638,4.9399,2.37365,0.0,-0.06981,169.9388,0.9611,stand_6,342.0811,0.0,-0.06981,0.0,-0.06981,Sidewalk
466.0,128.0638,4.9399,2.37365,0.0,-0.0,169.9388,0.9611,stand_6,342.0685,0.0,-0.0,0.0,-0.0,Sidewalk
466.5,128.0638,4.9399,2.33874,0.0,-0.06981,169.9388,0.9611,stand_6,342.0811,0.0,-0.06981,0.0,-0.06981,Sidewalk
467.0,128.0638,4.9399,2.33874,0.0,-0.0,169.9388,0.9611,stand_6,342.0685,0.0,-0.0,0.0,-0.0,Sidewalk
467.5,128.0638,4.9399,2.30383,0.0,-0.06981,169.9388,0.9611,stand_6,342.0811,0.0,-0.06981,0.0,-0.06981,Sidewalk
468.0,128.0638,4.9399,2.30383,0.0,-0.0,169.9388,0.9611,stand_6,342.0685,0.0,-0.0,0.0,-0.0,Sidewalk
468.5,128.0638,4.9399,2.26893,0.0,-0.06981,169.9388,0.9611,stand_6,342.0811,0.0,-0.06981,0.0,-0.06981,Sidewalk
469.0,128.0638,4.9399,2.26893,0.0,-0.0,169.9388,0.9611,stand_6,342.0685,0.0,-0.0,0.0,-0.0,Sidewalk
469.5,128.0638,4.9399,2.23402,0.0,-0.06981,169.9388,0.9611,stand_6,342.081,0.0,-0.06981,0.0,-0.06981,Sidewalk
470.0,128.0638,4.9399,2.23402,0.0,-0.0,169.9388,0.9611,stand_6,342.0685,0.0,-0.0,0.0,-0.0,Sidewalk
470.5,128.0638,4.9399,2.19911,0.0,-0.06981,169.9388,0.9611,stand_6,342.081,0.0,-0.06981,0.0,-0.06981,Sidewalk
471.0,128.0638,4.9399,2.19911,0.0,-0.0,169.9388,0.9611,stand_6,342.0685,0.0,-0.0,0.0,-0.0,Sidewalk
471.5,128.0638,4.9399,2.16421,0.0,-0.06981,169.9388,0.9611,stand_6,342.081,0.0,-0.06981,0.0,-0.06981,Sidewalk
472.0,128.0638,4.9399,2.16421,0.0,-0.0,169.9388,0.9611,stand_6,342.0685,0.0,-0.0,0.0,-0.0,Sidewalk
472.5,128.0638,4.9399,2.1293,0.0,-0.06981,169.9388,0.9611,stand_6,342.081,0.0,-0.06981,0.0,-0.06981,Sidewalk
473.0,128.0638,4.9399,2.1293,0.0,-0.0,169.9388,0.9611,stand_6,342.0685,0.0,-0.0,0.0,-0.0,Sidewalk
473.5,128.0638,4.9399,2.0944,0.0,-0.06981,169.9388,0.9611,stand_6,342.081,0.0,-0.06981,0.0,-0.06981,Sidewalk
474.0,128.0638,4.9399,2.0944,0.0,-0.0,169.9388,0.9611,stand_6,342.0685,0.0,-0.0,0.0,-0.0,Sidewalk
474.5,128.0638,4.9399,2.05949,0.0,-0.06981,169.9388,0.9611,stand_6,342.081,0.0,-0.06981,0.0,-0.06981,Sidewalk
475.0,128.0638,4.9399,2.05949,0.0,-0.0,169.9388,0.9611,stand_6,342.0684,0.0,-0.0,0.0,-0.0,Sidewalk
475.5,128.0638,4.9399,2.02458,0.0,-0.06981,169.9388,0.9611,stand_6,342.081,0.0,-0.06981,0.0,-0.06981,Sidewalk
476.0,128.0638,4.9399,2.02458,0.0,-0.0,169.9388,0.9611,stand_6,342.0684,0.0,-0.0,0.0,-0.0,Sidewalk
476.5,128.0638,4.9399,1.98968,0.0,-0.06981,169.9388,0.9611,stand_6,342.081,0.0,-0.06981,0.0,-0.06981,Sidewalk
477.0,128.0638,4.9399,1.98968,0.0,-0.0,169.9388,0.9611,stand_6,342.0684,0.0,-0.0,0.0,-0.0,Sidewalk
477.5,128.0638,4.9399,1.95477,0.0,-0.06981,169.9388,0.9611,stand_6,342.081,0.0,-0.06981,0.0,-0.06981,Sidewalk
478.0,128.0638,4.9399,1.95477,0.0,-0.0,169.9388,0.9611,stand_6,342.0684,0.0,-0.0,0.0,-0.0,Sidewalk
478.5,128.0638,4.9399,1.91986,0.0,-0.06981,169.9388,0.9611,stand_6,342.081,0.0,-0.06981,0.0,-0.06981,Sidewalk
479.0,128.0638,4.9399,1.91986,0.0,-0.0,169.9388,0.9611,stand_6,342.0684,0.0,-0.0,0.0,-0.0,Sidewalk
479.5,128.0638,4.9399,1.88496,0.0,-0.06981,169.9388,0.9611,stand_6,342.081,0.0,-0.06981,0.0,-0.06981,Sidewalk
480.0,128.0638,4.9399,1.88496,0.0,-0.0,169.9388,0.9611,stand_6,342.0684,0.0,-0.0,0.0,-0.0,Sidewalk
480.5,128.0638,4.9399,1.85005,0.0,-0.06981,169.9388,0.9611,stand_6,342.081,0.0,-0.06981,0.0,-0.06981,Sidewalk
481.0,128.0638,4.9399,1.85005,0.0,-0.0,169.9388,0.9611,stand_6,342.0684,0.0,-0.0,0.0,-0.0,Sidewalk
481.5,128.0638,4.9399,1.81514,0.0,-0.06981,169.9388,0.9611,stand_6,342.081,0.0,-0.06981,0.0,-0.06981,Sidewalk
482.0,128.0638,4.9399,1.81514,0.0,-0.0,169.9388,0.9611,stand_6,342.0684,0.0,-0.0,0.0,-0.0,Sidewalk
482.5,128.0638,4.9399,1.78024,0.0,-0.06981,169.9388,0.9611,stand_6,342.081,0.0,-0.06981,0.0,-0.06981,Sidewalk
483.0,128.0638,4.9399,1.78024,0.0,-0.0,169.9388,0.9611,stand_6,342.0684,0.0,-0.0,0.0,-0.0,Sidewalk
483.5,128.0638,4.9399,1.74533,0.0,-0.06981,169.9388,0.9611,stand_6,342.0809,0.0,-0.06981,0.0,-0.06981,Sidewalk
484.0,128.0638,4.9399,1.74533,0.0,-0.0,169.9388,0.9611,stand_6,342.0684,0.0,-0.0,0.0,-0.0,Sidewalk
484.5,128.0638,4.9399,1.71042,0.0,-0.06981,169.9388,0.9611,stand_6,342.0809,0.0,-0.06981,0.0,-0.06981,Sidewalk
485.0,128.0638,4.9399,1.71042,0.0,-0.0,169.9388,0.9611,stand_6,342.0684,0.0,-0.0,0.0,-0.0,Sidewalk
485.5,128.0638,4.9399,1.67552,0.0,-0.06981,169.9388,0.9611,stand_6,342.0809,0.0,-0.06981,0.0,-0.06981,Sidewalk
486.0,128.0638,4.9399,1.67552,0.0,-0.0,169.9388,0.9611,stand_6,342.0684,0.0,-0.0,0.0,-0.0,Sidewalk
486.5,128.0638,4.9399,1.64061,0.0,-0.06981,169.9388,0.9611,stand_6,342.0809,0.0,-0.06981,0.0,-0.06981,Sidewalk
487.0,128.0638,4.9399,1.64061,0.0,-0.0,169.9388,0.9611,stand_6,342.0683,0.0,-0.0,0.0,-0.0,Sidewalk
487.5,128.0638,4.9399,1.6057,0.0,-0.06981,169.9388,0.9611,stand_6,342.0809,0.0,-0.06981,0.0,-0.06981,Sidewalk
488.0,128.0638,4.9399,1.6057,0.0,-0.0,169.9388,0.9611,stand_6,342.0683,0.0,-0.0,0.0,-0.0,Sidewalk
488.5,128.0638,4.9399,1.5708,0.0,-0.06981,169.9388,0.9611,stand_6,342.0809,0.0,-0.06981,0.0,-0.06981,Sidewalk
489.0,128.0638,4.9399,1.5708,0.0,-0.0,169.9388,0.9611,stand_6,342.0683,0.0,-0.0,0.0,-0.0,Sidewalk
489.5,128.0638,4.9399,1.53589,0.0,-0.06981,169.9388,0.9611,stand_6,342.0809,0.0,-0.06981,0.0,-0.06981,Sidewalk
490.0,128.0638,4.9399,1.53589,0.0,-0.0,169.9388,0.9611,stand_6,342.0683,0.0,-0.0,0.0,-0.0,Sidewalk
490.5,128.0638,4.9399,1.50098,0.0,-0.06981,169.9388,0.9612,stand_6,342.0809,0.0,-0.06981,0.0,-0.06981,Sidewalk
491.0,128.0638,4.9399,1.50098,0.0,-0.0,169.9388,0.9612,stand_6,342.0683,0.0,-0.0,0.0,-0.0,Sidewalk
491.5,128.0638,4.9399,1.46608,0.0,-0.06981,169.9388,0.9612,stand_6,342.0809,0.0,-0.06981,0.0,-0.06981,Sidewalk
492.0,128.0638,4.9399,1.46608,0.0,-0.0,169.9388,0.9612,stand_6,342.0683,0.0,-0.0,0.0,-0.0,Sidewalk
492.5,128.0638,4.9399,1.43117,0.0,-0.06981,169.9388,0.9612,stand_6,342.0809,0.0,-0.06981,0.0,-0.06981,Sidewalk
493.0,128.0638,4.9399,1.43117,0.0,-0.0,169.9388,0.9612,stand_6,342.0683,0.0,-0.0,0.0,-0.0,Sidewalk
493.5,128.0638,4.9399,1.39626,0.0,-0.06981,169.9388,0.9612,stand_6,342.0809,0.0,-0.06981,0.0,-0.06981,Sidewalk
494.0,128.0638,4.9399,1.39626,0.0,-0.0,169.9388,0.9612,stand_6,342.0683,0.0,-0.0,0.0,-0.0,Sidewalk
494.5,128.0638,4.9399,1.36136,0.0,-0.06981,169.9388,0.9612,stand_6,342.0809,0.0,-0.06981,0.0,-0.06981,Sidewalk
495.0,128.0638,4.9399,1.36136,0.0,-0.0,169.9388,0.9612,stand_6,342.0683,0.0,-0.0,0.0,-0.0,Sidewalk
495.5,128.0638,4.9399,1.32645,0.0,-0.06981,169.9388,0.9612,stand_6,342.0808,0.0,-0.06981,0.0,-0.06981,Sidewalk
496.0,128.0638,4.9399,1.32645,0.0,-0.0,169.9388,0.9612,stand_6,342.0683,0.0,-0.0,0.0,-0.0,Sidewalk
496.5,128.0638,4.9399,1.29154,0.0,-0.06981,169.9388,0.9612,stand_6,342.0808,0.0,-0.06981,0.0,-0.06981,Sidewalk
497.0,128.0638,4.9399,1.29154,0.0,-0.0,169.9388,0.9612,stand_6,342.0683,0.0,-0.0,0.0,-0.0,Sidewalk
497.5,128.0638,4.9399,1.25664,0.0,-0.06981,169.9388,0.9612,stand_6,342.0808,0.0,-0.06981,0.0,-0.06981,Sidewalk
498.0,128.0638,4.9399,1.25664,0.0,-0.0,169.9388,0.9612,stand_6,342.0683,0.0,-0.0,0.0,-0.0,Sidewalk
498.5,128.0638,4.9399,1.22173,0.0,-0.06981,169.9388,0.9612,stand_6,342.0808,0.0,-0.06981,0.0,-0.06981,Sidewalk
499.0,128.0638,4.9399,1.22173,0.0,-0.0,169.9388,0.9612,stand_6,342.0683,0.0,-0.0,0.0,-0.0,Sidewalk
499.5,128.0638,4.9399,1.18682,0.0,-0.06981,169.9388,0.9612,stand_6,342.0808,0.0,-0.06981,0.0,-0.06981,Sidewalk
500.0,128.0638,4.9399,1.18682,0.0,-0.0,169.9388,0.9612,stand_6,342.0683,0.0,-0.0,0.0,-0.0,Sidewalk
500.5,128.0638,4.9399,1.15192,0.0,-0.06981,169.9388,0.9612,stand_6,342.0808,0.0,-0.06981,0.0,-0.06981,Sidewalk
501.0,128.0638,4.9399,1.15192,0.0,-0.0,169.9388,0.9612,stand_6,342.0683,0.0,-0.0,0.0,-0.0,Sidewalk
501.5,128.0638,4.9399,1.11701,0.0,-0.06981,169.9388,0.9612,stand_6,342.0808,0.0,-0.06981,0.0,-0.06981,Sidewalk
502.0,128.0638,4.9399,1.11701,0.0,-0.0,169.9388,0.9612,stand_6,342.0682,0.0,-0.0,0.0,-0.0,Sidewalk
502.5,128.0638,4.9399,1.0821,0.0,-0.06981,169.9388,0.9612,stand_6,342.0808,0.0,-0.06981,0.0,-0.06981,Sidewalk
503.0,128.0638,4.9399,1.0821,0.0,-0.0,169.9388,0.9612,stand_6,342.0682,0.0,-0.0,0.0,-0.0,Sidewalk
503.5,128.0638,4.9399,1.0472,0.0,-0.06981,169.9388,0.9612,stand_6,342.0808,0.0,-0.06981,0.0,-0.06981,Sidewalk
504.0,128.0638,4.9399,1.0472,0.0,-0.0,169.9388,0.9612,stand_6,342.0682,0.0,-0.0,0.0,-0.0,Sidewalk
504.5,128.0638,4.9399,1.01229,0.0,-0.06981,169.9388,0.9612,stand_6,342.0808,0.0,-0.06981,0.0,-0.06981,Sidewalk
505.0,128.0638,4.9399,1.01229,0.0,-0.0,169.9388,0.9612,stand_6,342.0682,0.0,-0.0,0.0,-0.0,Sidewalk
505.5,128.0638,4.9399,0.97738,0.0,-0.06981,169.9388,0.9612,stand_6,342.0808,0.0,-0.06981,0.0,-0.06981,Sidewalk
506.0,128.0638,4.9399,0.97738,0.0,-0.0,169.9388,0.9612,stand_6,342.0682,0.0,-0.0,0.0,-0.0,Sidewalk
506.5,128.0638,4.9399,0.94248,0.0,-0.06981,169.9388,0.9612,stand_6,342.0808,0.0,-0.06981,0.0,-0.06981,Sidewalk
507.0,128.0638,4.9399,0.94248,0.0,-0.0,169.9388,0.9612,stand_6,342.0682,0.0,-0.0,0.0,-0.0,Sidewalk
507.5,128.0638,4.9399,0.90757,0.0,-0.06981,169.9388,0.9612,stand_6,342.0808,0.0,-0.06981,0.0,-0.06981,Sidewalk
508.0,128.0638,4.9399,0.90757,0.0,-0.0,169.9388,0.9612,stand_6,342.0682,0.0,-0.0,0.0,-0.0,Sidewalk
508.5,128.0638,4.9399,0.87266,0.0,-0.06981,169.9388,0.9612,stand_6,342.0808,0.0,-0.06981,0.0,-0.06981,Sidewalk
509.0,128.0638,4.9399,0.87266,0.0,-0.0,169.9388,0.9612,stand_6,342.0682,0.0,-0.0,0.0,-0.0,Sidewalk
509.5,128.0638,4.9399,0.83776,0.0,-0.06981,169.9388,0.9612,stand_6,342.0807,0.0,-0.06981,0.0,-0.06981,Sidewalk
510.0,128.0638,4.9399,0.83776,0.0,-0.0,169.9388,0.9612,stand_6,342.0682,0.0,-0.0,0.0,-0.0,Sidewalk
510.5,128.0638,4.9399,0.80285,0.0,-0.06981,169.9388,0.9612,stand_6,342.0807,0.0,-0.06981,0.0,-0.06981,Sidewalk
511.0,128.0638,4.9399,0.80285,0.0,-0.0,169.9388,0.9612,stand_6,342.0682,0.0,-0.0,0.0,-0.0,Sidewalk
511.5,128.0638,4.9399,0.76794,0.0,-0.06981,169.9388,0.9612,stand_6,342.0807,0.0,-0.06981,0.0,-0.06981,Sidewalk
512.0,128.0638,4.9399,0.76794,0.0,-0.0,169.9388,0.9612,stand_6,342.0682,0.0,-0.0,0.0,-0.0,Sidewalk
512.5,128.0638,4.9399,0.73304,0.0,-0.06981,169.9388,0.9612,stand_6,342.0807,0.0,-0.06981,0.0,-0.06981,Sidewalk
513.0,128.0638,4.9399,0.73304,0.0,-0.0,169.9388,0.9612,stand_6,342.0682,0.0,-0.0,0.0,-0.0,Sidewalk
513.5,128.0638,4.9399,0.69813,0.0,-0.06981,169.9388,0.9612,stand_6,342.0807,0.0,-0.06981,0.0,-0.06981,Sidewalk
514.0,128.0638,4.9399,0.69813,0.0,-0.0,169.9388,0.9612,stand_6,342.0682,0.0,-0.0,0.0,-0.0,Sidewalk
514.5,128.0638,4.9399,0.66323,0.0,-0.06981,169.9388,0.9612,stand_6,342.0807,0.0,-0.06981,0.0,-0.06981,Sidewalk
515.0,128.0638,4.9399,0.66323,0.0,-0.0,169.9388,0.9612,stand_6,342.0681,0.0,-0.0,0.0,-0.0,Sidewalk
515.5,128.0638,4.9399,0.62832,0.0,-0.06981,169.9388,0.9612,stand_6,342.0807,0.0,-0.06981,0.0,-0.06981,Sidewalk
516.0,128.0638,4.9399,0.62832,0.0,-0.0,169.9388,0.9612,stand_6,342.0681,0.0,-0.0,0.0,-0.0,Sidewalk
516.5,128.0638,4.9399,0.59341,0.0,-0.06981,169.9388,0.9612,stand_6,342.0807,0.0,-0.06981,0.0,-0.06981,Sidewalk
517.0,128.0638,4.9399,0.59341,0.0,-0.0,169.9388,0.9612,stand_6,342.0681,0.0,-0.0,0.0,-0.0,Sidewalk
517.5,128.0638,4.9399,0.55851,0.0,-0.06981,169.9388,0.9612,stand_6,342.0807,0.0,-0.06981,0.0,-0.06981,Sidewalk
518.0,128.0638,4.9399,0.55851,0.0,-0.0,169.9388,0.9612,stand_6,342.0681,0.0,-0.0,0.0,-0.0,Sidewalk
518.5,128.0638,4.9399,0.5236,0.0,-0.06981,169.9388,0.9612,stand_6,342.0807,0.0,-0.06981,0.0,-0.06981,Sidewalk
519.0,128.0638,4.9399,0.5236,0.0,-0.0,169.9388,0.9612,stand_6,342.0681,0.0,-0.0,0.0,-0.0,Sidewalk
519.5,128.0638,4.9399,0.48869,0.0,-0.06981,169.9388,0.9612,stand_6,342.0807,0.0,-0.06981,0.0,-0.06981,Sidewalk
520.0,128.0638,4.9399,0.48869,0.0,-0.0,169.9388,0.9612,stand_6,342.0681,0.0,-0.0,0.0,-0.0,Sidewalk
520.5,128.0638,4.9399,0.45379,0.0,-0.06981,169.9388,0.9612,stand_6,342.0807,0.0,-0.06981,0.0,-0.06981,Sidewalk
521.0,128.0638,4.9399,0.45379,0.0,-0.0,169.9388,0.9612,stand_6,342.0681,0.0,-0.0,0.0,-0.0,Sidewalk
521.5,128.0638,4.9399,0.41888,0.0,-0.06981,169.9388,0.9612,stand_6,342.0807,0.0,-0.06981,0.0,-0.06981,Sidewalk
522.0,128.0638,4.9399,0.41888,0.0,-0.0,169.9388,0.9612,stand_6,342.0681,0.0,-0.0,0.0,-0.0,Sidewalk
522.5,128.0638,4.9399,0.38397,0.0,-0.06981,169.9388,0.9612,stand_6,342.0807,0.0,-0.06981,0.0,-0.06981,Sidewalk
523.0,128.0638,4.9399,0.38397,0.0,-0.0,169.9388,0.9612,stand_6,342.0681,0.0,-0.0,0.0,-0.0,Sidewalk
523.5,128.0638,4.9399,0.34907,0.0,-0.06981,169.9388,0.9612,stand_6,342.0806,0.0,-0.06981,0.0,-0.06981,Sidewalk
524.0,128.0638,4.9399,0.34907,0.0,-0.0,169.9388,0.9612,stand_6,342.0681,0.0,-0.0,0.0,-0.0,Sidewalk
524.5,128.0638,4.9399,0.31416,0.0,-0.06981,169.9388,0.9612,stand_6,342.0806,0.0,-0.06981,0.0,-0.06981,Sidewalk
525.0,128.0638,4.9399,0.31416,0.0,-0.0,169.9388,0.9612,stand_6,342.0681,0.0,-0.0,0.0,-0.0,Sidewalk
525.5,128.0638,4.9399,0.27925,0.0,-0.06981,169.9388,0.9612,stand_6,342.0806,0.0,-0.06981,0.0,-0.06981,Sidewalk
526.0,128.0638,4.9399,0.27925,0.0,-0.0,169.9388,0.9612,stand_6,342.0681,0.0,-0.0,0.0,-0.0,Sidewalk
526.5,128.0638,4.9399,0.24435,0.0,-0.06981,169.9388,0.9612,stand_6,342.0806,0.0,-0.06981,0.0,-0.06981,Sidewalk
527.0,128.0638,4.9399,0.24435,0.0,-0.0,169.9388,0.9613,stand_6,342.0681,0.0,-0.0,0.0,-0.0,Sidewalk
527.5,128.0638,4.9399,0.20944,0.0,-0.06981,169.9388,0.9613,stand_6,342.0806,0.0,-0.06981,0.0,-0.06981,Sidewalk
528.0,128.0638,4.9399,0.20944,0.0,-0.0,169.9388,0.9613,stand_6,342.068,0.0,-0.0,0.0,-0.0,Sidewalk
528.5,128.0638,4.9399,0.17453,0.0,-0.06981,169.9388,0.9613,stand_6,342.0806,0.0,-0.06981,0.0,-0.06981,Sidewalk
529.0,128.0638,4.9399,0.17453,0.0,-0.0,169.9388,0.9613,stand_6,342.068,0.0,-0.0,0.0,-0.0,Sidewalk
529.5,128.0638,4.9399,0.13963,0.0,-0.06981,169.9388,0.9613,stand_6,342.0806,0.0,-0.06981,0.0,-0.06981,Sidewalk
530.0,128.0638,4.9399,0.13963,0.0,-0.0,169.9388,0.9613,stand_6,342.068,0.0,-0.0,0.0,-0.0,Sidewalk
530.5,128.0638,4.9399,0.10472,0.0,-0.06981,169.9388,0.9613,stand_6,342.0806,0.0,-0.06981,0.0,-0.06981,Sidewalk
531.0,128.0638,4.9399,0.10472,0.0,-0.0,169.9388,0.9613,stand_6,342.068,0.0,-0.0,0.0,-0.0,Sidewalk
531.5,128.0638,4.9399,0.06981,0.0,-0.06981,169.9388,0.9613,stand_6,342.0806,0.0,-0.06981,0.0,-0.06981,Sidewalk
532.0,128.0638,4.9399,0.06981,0.0,-0.0,169.9388,0.9613,stand_6,342.068,0.0,-0.0,0.0,-0.0,Sidewalk
532.5,128.0638,4.9399,0.03491,0.0,-0.06981,169.9388,0.9613,stand_6,342.0806,0.0,-0.06981,0.0,-0.06981,Sidewalk
533.0,128.0638,4.9399,0.03491,0.0,-0.0,169.9388,0.9613,stand_6,342.068,0.0,-0.0,0.0,-0.0,Sidewalk
533.5,128.0638,4.9399,-0.0,0.0,-0.06981,169.9388,0.9613,stand_6,342.0806,0.0,-0.06981,0.0,-0.06981,Sidewalk
534.0,128.0638,4.9399,-0.0,0.0,-0.0,169.9388,0.9613,stand_6,342.068,0.0,-0.0,0.0,-0.0,Sidewalk
534.5,128.0638,4.9399,-0.03491,0.0,-0.06981,169.9388,0.9613,stand_6,342.0806,0.0,-0.06981,0.0,-0.06981,Sidewalk
535.0,128.0638,4.9399,-0.03491,0.0,-0.0,169.9388,0.9613,stand_6,342.068,0.0,-0.0,0.0,-0.0,Sidewalk
535.5,128.0638,4.9399,-0.06981,0.0,-0.06981,169.9388,0.9613,stand_6,342.0805,0.0,-0.06981,0.0,-0.06981,Sidewalk
536.0,128.0638,4.9399,-0.06981,0.0,-0.0,169.9388,0.9613,stand_6,342.068,0.0,-0.0,0.0,-0.0,Sidewalk
536.5,128.0638,4.9399,-0.10472,0.0,-0.06981,169.9388,0.9613,stand_6,342.0805,0.0,-0.06981,0.0,-0.06981,Sidewalk
537.0,128.0638,4.9399,-0.10472,0.0,-0.0,169.9388,0.9613,stand_6,342.068,0.0,-0.0,0.0,-0.0,Sidewalk
537.5,128.0638,4.9399,-0.13963,0.0,-0.06981,169.9388,0.9613,stand_6,342.0805,0.0,-0.06981,0.0,-0.06981,Sidewalk
538.0,128.0638,4.9399,-0.13963,0.0,-0.0,169.9388,0.9613,stand_6,342.068,0.0,-0.0,0.0,-0.0,Sidewalk
538.5,128.0638,4.9399,-0.17453,0.0,-0.06981,169.9388,0.9613,stand_6,342.0805,0.0,-0.06981,0.0,-0.06981,Sidewalk
539.0,128.0638,4.9399,-0.17453,0.0,-0.0,169.9388,0.9613,stand_6,342.068,0.0,-0.0,0.0,-0.0,Sidewalk
539.5,128.0638,4.9399,-0.20944,0.0,-0.06981,169.9388,0.9613,stand_6,342.0805,0.0,-0.06981,0.0,-0.06981,Sidewalk
540.0,128.0638,4.9399,-0.20944,0.0,-0.0,169.9388,0.9613,stand_6,342.0679,0.0,-0.0,0.0,-0.0,Sidewalk
540.5,128.0638,4.9399,-0.24435,0.0,-0.06981,169.9388,0.9613,stand_6,342.0805,0.0,-0.06981,0.0,-0.06981,Sidewalk
541.0,128.0638,4.9399,-0.24435,0.0,-0.0,169.9388,0.9613,stand_6,342.0679,0.0,-0.0,0.0,-0.0,Sidewalk
541.5,128.0638,4.9399,-0.27925,0.0,-0.06981,169.9388,0.9613,stand_6,342.0805,0.0,-0.06981,0.0,-0.06981,Sidewalk
542.0,128.0638,4.9399,-0.27925,0.0,-0.0,169.9388,0.9613,stand_6,342.0679,0.0,-0.0,0.0,-0.0,Sidewalk
542.5,128.0638,4.9399,-0.31416,0.0,-0.06981,169.9388,0.9613,stand_6,342.0805,0.0,-0.06981,0.0,-0.06981,Sidewalk
543.0,128.0638,4.9399,-0.31416,0.0,-0.0,169.9388,0.9613,stand_6,342.0679,0.0,-0.0,0.0,-0.0,Sidewalk
543.5,128.0638,4.9399,-0.34907,0.0,-0.06981,169.9388,0.9613,stand_6,342.0805,0.0,-0.06981,0.0,-0.06981,Sidewalk
544.0,128.0638,4.9399,-0.34907,0.0,-0.0,169.9388,0.9613,stand_6,342.0679,0.0,-0.0,0.0,-0.0,Sidewalk
544.5,128.0638,4.9399,-0.38397,0.0,-0.06981,169.9388,0.9613,stand_6,342.0805,0.0,-0.06981,0.0,-0.06981,Sidewalk
545.0,128.0638,4.9399,-0.38397,0.0,-0.0,169.9388,0.9613,stand_6,342.0679,0.0,-0.0,0.0,-0.0,Sidewalk
545.5,128.0638,4.9399,-0.41888,0.0,-0.06981,169.9388,0.9613,stand_6,342.0805,0.0,-0.06981,0.0,-0.06981,Sidewalk
546.0,128.0638,4.9399,-0.41888,0.0,-0.0,169.9388,0.9613,stand_6,342.0679,0.0,-0.0,0.0,-0.0,Sidewalk
546.5,128.0638,4.9399,-0.45379,0.0,-0.06981,169.9388,0.9613,stand_6,342.0805,0.0,-0.06981,0.0,-0.06981,Sidewalk
547.0,128.0638,4.9399,-0.45379,0.0,-0.0,169.9388,0.9613,stand_6,342.0679,0.0,-0.0,0.0,-0.0,Sidewalk
547.5,128.0638,4.9399,-0.48869,0.0,-0.06981,169.9388,0.9613,stand_6,342.0804,0.0,-0.06981,0.0,-0.06981,Sidewalk
548.0,128.0638,4.9399,-0.48869,0.0,-0.0,169.9388,0.9613,stand_6,342.0679,0.0,-0.0,0.0,-0.0,Sidewalk
548.5,128.0638,4.9399,-0.5236,0.0,-0.06981,169.9388,0.9613,stand_6,342.0804,0.0,-0.06981,0.0,-0.06981,Sidewalk
549.0,128.0638,4.9399,-0.5236,0.0,-0.0,169.9388,0.9613,stand_6,342.0679,0.0,-0.0,0.0,-0.0,Sidewalk
549.5,128.0638,4.9399,-0.55851,0.0,-0.06981,169.9388,0.9613,stand_6,342.0804,0.0,-0.06981,0.0,-0.06981,Sidewalk
550.0,128.0638,4.9399,-0.55851,0.0,-0.0,169.9388,0.9613,stand_6,342.0679,0.0,-0.0,0.0,-0.0,Sidewalk
550.5,128.0638,4.9399,-0.59341,0.0,-0.06981,169.9388,0.9613,stand_6,342.0804,0.0,-0.06981,0.0,-0.06981,Sidewalk
551.0,128.0638,4.9399,-0.59341,0.0,-0.0,169.9388,0.9613,stand_6,342.0679,0.0,-0.0,0.0,-0.0,Sidewalk
551.5,128.0638,4.9399,-0.62832,0.0,-0.06981,169.9388,0.9613,stand_6,342.0804,0.0,-0.06981,0.0,-0.06981,Sidewalk
552.0,128.0638,4.9399,-0.62832,0.0,-0.0,169.9388,0.9613,stand_6,342.0678,0.0,-0.0,0.0,-0.0,Sidewalk
552.5,128.0638,4.9399,-0.66323,0.0,-0.06981,169.9388,0.9613,stand_6,342.0804,0.0,-0.06981,0.0,-0.06981,Sidewalk
553.0,128.0638,4.9399,-0.66323,0.0,-0.0,169.9388,0.9613,stand_6,342.0678,0.0,-0.0,0.0,-0.0,Sidewalk
553.5,128.0638,4.9399,-0.69813,0.0,-0.06981,169.9388,0.9613,stand_6,342.0804,0.0,-0.06981,0.0,-0.06981,Sidewalk
554.0,128.0638,4.9399,-0.69813,0.0,-0.0,169.9388,0.9613,stand_6,342.0678,0.0,-0.0,0.0,-0.0,Sidewalk
554.5,128.0638,4.9399,-0.73304,0.0,-0.06981,169.9388,0.9613,stand_6,342.0804,0.0,-0.06981,0.0,-0.06981,Sidewalk
555.0,128.0638,4.9399,-0.73304,0.0,-0.0,169.9388,0.9613,stand_6,342.0678,0.0,-0.0,0.0,-0.0,Sidewalk
555.5,128.0638,4.9399,-0.76794,0.0,-0.06981,169.9388,0.9613,stand_6,342.0804,0.0,-0.06981,0.0,-0.06981,Sidewalk
556.0,128.0638,4.9399,-0.76794,0.0,-0.0,169.9388,0.9613,stand_6,342.0678,0.0,-0.0,0.0,-0.0,Sidewalk
556.5,128.0638,4.9399,-0.80285,0.0,-0.06981,169.9388,0.9613,stand_6,342.0804,0.0,-0.06981,0.0,-0.06981,Sidewalk
557.0,128.0638,4.9399,-0.80285,0.0,-0.0,169.9388,0.9613,stand_6,342.0678,0.0,-0.0,0.0,-0.0,Sidewalk
557.5,128.0638,4.9399,-0.83776,0.0,-0.06981,169.9388,0.9613,stand_6,342.0804,0.0,-0.06981,0.0,-0.06981,Sidewalk
558.0,128.0638,4.9399,-0.83776,0.0,-0.0,169.9388,0.9613,stand_6,342.0678,0.0,-0.0,0.0,-0.0,Sidewalk
558.5,128.0638,4.9399,-0.87266,0.0,-0.06981,169.9388,0.9613,stand_6,342.0804,0.0,-0.06981,0.0,-0.06981,Sidewalk
559.0,128.0638,4.9399,-0.87266,0.0,-0.0,169.9388,0.9613,stand_6,342.0678,0.0,-0.0,0.0,-0.0,Sidewalk
559.5,128.0638,4.9399,-0.90757,0.0,-0.06981,169.9388,0.9613,stand_6,342.0803,0.0,-0.06981,0.0,-0.06981,Sidewalk
560.0,128.0638,4.9399,-0.90757,0.0,-0.0,169.9388,0.9614,stand_6,342.0678,0.0,-0.0,0.0,-0.0,Sidewalk
560.5,128.0638,4.9399,-0.94248,0.0,-0.06981,169.9388,0.9614,stand_6,342.0803,0.0,-0.06981,0.0,-0.06981,Sidewalk
561.0,128.0638,4.9399,-0.94248,0.0,-0.0,169.9388,0.9614,stand_6,342.0678,0.0,-0.0,0.0,-0.0,Sidewalk
561.5,128.0638,4.9399,-0.97738,0.0,-0.06981,169.9388,0.9614,stand_6,342.0803,0.0,-0.06981,0.0,-0.06981,Sidewalk
562.0,128.0638,4.9399,-0.97738,0.0,-0.0,169.9388,0.9614,stand_6,342.0678,0.0,-0.0,0.0,-0.0,Sidewalk
562.5,128.0638,4.9399,-1.01229,0.0,-0.06981,169.9388,0.9614,stand_6,342.0803,0.0,-0.06981,0.0,-0.06981,Sidewalk
563.0,128.0638,4.9399,-1.01229,0.0,-0.0,169.9388,0.9614,stand_6,342.0678,0.0,-0.0,0.0,-0.0,Sidewalk
563.5,128.0638,4.9399,-1.0472,0.0,-0.06981,169.9388,0.9614,stand_6,342.0803,0.0,-0.06981,0.0,-0.06981,Sidewalk
564.0,128.0638,4.9399,-1.0472,0.0,-0.0,169.9388,0.9614,stand_6,342.0677,0.0,-0.0,0.0,-0.0,Sidewalk
564.5,128.0638,4.9399,-1.0821,0.0,-0.06981,169.9388,0.9614,stand_6,342.0803,0.0,-0.06981,0.0,-0.06981,Sidewalk
565.0,128.0638,4.9399,-1.0821,0.0,-0.0,169.9388,0.9614,stand_6,342.0677,0.0,-0.0,0.0,-0.0,Sidewalk
565.5,128.0638,4.9399,-1.11701,0.0,-0.06981,169.9388,0.9614,stand_6,342.0803,0.0,-0.06981,0.0,-0.06981,Sidewalk
566.0,128.0638,4.9399,-1.11701,0.0,-0.0,169.9388,0.9614,stand_6,342.0677,0.0,-0.0,0.0,-0.0,Sidewalk
566.5,128.0638,4.9399,-1.15192,0.0,-0.06981,169.9388,0.9614,stand_6,342.0803,0.0,-0.06981,0.0,-0.06981,Sidewalk
567.0,128.0638,4.9399,-1.15192,0.0,-0.0,169.9388,0.9614,stand_6,342.0677,0.0,-0.0,0.0,-0.0,Sidewalk
567.5,128.0638,4.9399,-1.18682,0.0,-0.06981,169.9388,0.9614,stand_6,342.0803,0.0,-0.06981,0.0,-0.06981,Sidewalk
568.0,128.0638,4.9399,-1.18682,0.0,-0.0,169.9388,0.9614,stand_6,342.0677,0.0,-0.0,0.0,-0.0,Sidewalk
568.5,128.0638,4.9399,-1.22173,0.0,-0.06981,169.9388,0.9614,stand_6,342.0803,0.0,-0.06981,0.0,-0.06981,Sidewalk
569.0,128.0638,4.9399,-1.22173,0.0,-0.0,169.9388,0.9614,stand_6,342.0677,0.0,-0.0,0.0,-0.0,Sidewalk
569.5,128.0638,4.9399,-1.25664,0.0,-0.06981,169.9388,0.9614,stand_6,342.0803,0.0,-0.06981,0.0,-0.06981,Sidewalk
570.0,128.0638,4.9399,-1.25664,0.0,-0.0,169.9388,0.9614,stand_6,342.0677,0.0,-0.0,0.0,-0.0,Sidewalk
570.5,128.0638,4.9399,-1.29154,0.0,-0.06981,169.9388,0.9614,stand_6,342.0803,0.0,-0.06981,0.0,-0.06981,Sidewalk
571.0,128.0638,4.9399,-1.29154,0.0,-0.0,169.9388,0.9614,stand_6,342.0677,0.0,-0.0,0.0,-0.0,Sidewalk
571.5,128.0638,4.9399,-1.32645,0.0,-0.06981,169.9388,0.9614,stand_6,342.0803,0.0,-0.06981,0.0,-0.06981,Sidewalk
572.0,128.0638,4.9399,-1.32645,0.0,-0.0,169.9388,0.9614,stand_6,342.0677,0.0,-0.0,0.0,-0.0,Sidewalk
572.5,128.0638,4.9399,-1.36136,0.0,-0.06981,169.9388,0.9614,stand_6,342.0803,0.0,-0.06981,0.0,-0.06981,Sidewalk
573.0,128.0638,4.9399,-1.36136,0.0,-0.0,169.9388,0.9614,stand_6,342.0677,0.0,-0.0,0.0,-0.0,Sidewalk
573.5,128.0638,4.9399,-1.39626,0.0,-0.06981,169.9388,0.9614,stand_6,342.0802,0.0,-0.06981,0.0,-0.06981,Sidewalk
574.0,128.0638,4.9399,-1.39626,0.0,-0.0,169.9388,0.9614,stand_6,342.0677,0.0,-0.0,0.0,-0.0,Sidewalk
574.5,128.0638,4.9399,-1.43117,0.0,-0.06981,169.9388,0.9614,stand_6,342.0802,0.0,-0.06981,0.0,-0.06981,Sidewalk
575.0,128.0638,4.9399,-1.43117,0.0,-0.0,169.9388,0.9614,stand_6,342.0677,0.0,-0.0,0.0,-0.0,Sidewalk
575.5,128.0638,4.9399,-1.46608,0.0,-0.06981,169.9388,0.9614,stand_6,342.0802,0.0,-0.06981,0.0,-0.06981,Sidewalk
576.0,128.0638,4.9399,-1.46608,0.0,-0.0,169.9388,0.9614,stand_6,342.0677,0.0,-0.0,0.0,-0.0,Sidewalk
576.5,128.0638,4.9399,-1.50098,0.0,-0.06981,169.9388,0.9614,stand_6,342.0802,0.0,-0.06981,0.0,-0.06981,Sidewalk
577.0,128.0638,4.9399,-1.50098,0.0,-0.0,169.9388,0.9614,stand_6,342.0677,0.0,-0.0,0.0,-0.0,Sidewalk
577.5,128.0638,4.9399,-1.53589,0.0,-0.06981,169.9388,0.9614,stand_6,342.0802,0.0,-0.06981,0.0,-0.06981,Sidewalk
578.0,128.0638,4.9399,-1.53589,0.0,-0.0,169.9388,0.9614,stand_6,342.0676,0.0,-0.0,0.0,-0.0,Sidewalk
578.5,128.0638,4.9399,-1.5708,0.0,-0.06981,169.9388,0.9614,stand_6,342.0802,0.0,-0.06981,0.0,-0.06981,Sidewalk
579.0,128.0638,4.9399,-1.5708,0.0,-0.0,169.9388,0.9614,stand_6,342.0676,0.0,-0.0,0.0,-0.0,Sidewalk
579.5,128.0638,4.9399,-1.6057,0.0,-0.06981,169.9388,0.9614,stand_6,342.0802,0.0,-0.06981,0.0,-0.06981,Sidewalk
580.0,128.0638,4.9399,-1.6057,0.0,-0.0,169.9388,0.9614,stand_6,342.0676,0.0,-0.0,0.0,-0.0,Sidewalk
580.5,128.0638,4.9399,-1.64061,0.0,-0.06981,169.9388,0.9614,stand_6,342.0802,0.0,-0.06981,0.0,-0.06981,Sidewalk
581.0,128.0638,4.9399,-1.64061,0.0,-0.0,169.9388,0.9614,stand_6,342.0676,0.0,-0.0,0.0,-0.0,Sidewalk
581.5,128.0638,4.9399,-1.67552,0.0,-0.06981,169.9388,0.9614,stand_6,342.0802,0.0,-0.06981,0.0,-0.06981,Sidewalk
582.0,128.0638,4.9399,-1.67552,0.0,-0.0,169.9388,0.9614,stand_6,342.0676,0.0,-0.0,0.0,-0.0,Sidewalk
582.5,128.0638,4.9399,-1.71042,0.0,-0.06981,169.9388,0.9614,stand_6,342.0802,0.0,-0.06981,0.0,-0.06981,Sidewalk
583.0,128.0638,4.9399,-1.71042,0.0,-0.0,169.9388,0.9614,stand_6,342.0676,0.0,-0.0,0.0,-0.0,Sidewalk
583.5,128.0638,4.9399,-1.74533,0.0,-0.06981,169.9388,0.9614,stand_6,342.0802,0.0,-0.06981,0.0,-0.06981,Sidewalk
584.0,128.0638,4.9399,-1.74533,0.0,-0.0,169.9388,0.9614,stand_6,342.0676,0.0,-0.0,0.0,-0.0,Sidewalk
584.5,128.0638,4.9399,-1.78024,0.0,-0.06981,169.9388,0.9614,stand_6,342.0802,0.0,-0.06981,0.0,-0.06981,Sidewalk
585.0,128.0638,4.9399,-1.78024,0.0,-0.0,169.9388,0.9614,stand_6,342.0676,0.0,-0.0,0.0,-0.0,Sidewalk
585.5,128.0638,4.9399,-1.81514,0.0,-0.06981,169.9388,0.9614,stand_6,342.0801,0.0,-0.06981,0.0,-0.06981,Sidewalk
586.0,128.0638,4.9399,-1.81514,0.0,-0.0,169.9388,0.9614,stand_6,342.0676,0.0,-0.0,0.0,-0.0,Sidewalk
586.5,128.0638,4.9399,-1.85005,0.0,-0.06981,169.9388,0.9614,stand_6,342.0801,0.0,-0.06981,0.0,-0.06981,Sidewalk
587.0,128.0638,4.9399,-1.85005,0.0,-0.0,169.9388,0.9614,stand_6,342.0676,0.0,-0.0,0.0,-0.0,Sidewalk
587.5,128.0638,4.9399,-1.88496,0.0,-0.06981,169.9388,0.9614,stand_6,342.0801,0.0,-0.06981,0.0,-0.06981,Sidewalk
588.0,128.0638,4.9399,-1.88496,0.0,-0.0,169.9388,0.9614,stand_6,342.0676,0.0,-0.0,0.0,-0.0,Sidewalk
588.5,128.0638,4.9399,-1.91986,0.0,-0.06981,169.9388,0.9614,stand_6,342.0801,0.0,-0.06981,0.0,-0.06981,Sidewalk
589.0,128.0638,4.9399,-1.91986,0.0,-0.0,169.9388,0.9614,stand_6,342.0675,0.0,-0.0,0.0,-0.0,Sidewalk
589.5,128.0638,4.9399,-1.95477,0.0,-0.06981,169.9388,0.9614,stand_6,342.0801,0.0,-0.06981,0.0,-0.06981,Sidewalk
590.0,128.0638,4.9399,-1.95477,0.0,-0.0,169.9388,0.9614,stand_6,342.0675,0.0,-0.0,0.0,-0.0,Sidewalk
590.5,128.0638,4.9399,-1.98968,0.0,-0.06981,169.9388,0.9614,stand_6,342.0801,0.0,-0.06981,0.0,-0.06981,Sidewalk
591.0,128.0638,4.9399,-1.98968,0.0,-0.0,169.9388,0.9614,stand_6,342.0675,0.0,-0.0,0.0,-0.0,Sidewalk
591.5,128.0638,4.9399,-2.02458,0.0,-0.06981,169.9388,0.9614,stand_6,342.0801,0.0,-0.06981,0.0,-0.06981,Sidewalk
592.0,128.0638,4.9399,-2.02458,0.0,-0.0,169.9388,0.9614,stand_6,342.0675,0.0,-0.0,0.0,-0.0,Sidewalk
592.5,128.0638,4.9399,-2.05949,0.0,-0.06981,169.9388,0.9614,stand_6,342.0801,0.0,-0.06981,0.0,-0.06981,Sidewalk
593.0,128.0638,4.9399,-2.05949,0.0,-0.0,169.9388,0.9615,stand_6,342.0675,0.0,-0.0,0.0,-0.0,Sidewalk
593.5,128.0638,4.9399,-2.0944,0.0,-0.06981,169.9388,0.9615,stand_6,342.0801,0.0,-0.06981,0.0,-0.06981,Sidewalk
594.0,128.0638,4.9399,-2.0944,0.0,-0.0,169.9388,0.9615,stand_6,342.0675,0.0,-0.0,0.0,-0.0,Sidewalk
594.5,128.0638,4.9399,-2.1293,0.0,-0.06981,169.9388,0.9615,stand_6,342.0801,0.0,-0.06981,0.0,-0.06981,Sidewalk
595.0,128.0638,4.9399,-2.1293,0.0,-0.0,169.9388,0.9615,stand_6,342.0675,0.0,-0.0,0.0,-0.0,Sidewalk
595.5,128.0638,4.9399,-2.16421,0.0,-0.06981,169.9388,0.9615,stand_6,342.0801,0.0,-0.06981,0.0,-0.06981,Sidewalk
596.0,128.0638,4.9399,-2.16421,0.0,-0.0,169.9388,0.9615,stand_6,342.0675,0.0,-0.0,0.0,-0.0,Sidewalk
596.5,128.0638,4.9399,-2.19911,0.0,-0.06981,169.9388,0.9615,stand_6,342.08,0.0,-0.06981,0.0,-0.06981,Sidewalk
597.0,128.0638,4.9399,-2.19911,0.0,-0.0,169.9388,0.9615,stand_6,342.0675,0.0,-0.0,0.0,-0.0,Sidewalk
597.5,128.0638,4.9399,-2.23402,0.0,-0.06981,169.9388,0.9615,stand_6,342.08,0.0,-0.06981,0.0,-0.06981,Sidewalk
598.0,128.0638,4.9399,-2.23402,0.0,-0.0,169.9388,0.9615,stand_6,342.0675,0.0,-0.0,0.0,-0.0,Sidewalk
598.5,128.0638,4.9399,-2.26893,0.0,-0.06981,169.9388,0.9615,stand_6,342.08,0.0,-0.06981,0.0,-0.06981,Sidewalk
599.0,128.0638,4.9399,-2.26893,0.0,-0.0,169.9388,0.9615,stand_6,342.0675,0.0,-0.0,0.0,-0.0,Sidewalk
599.5,128.0638,4.9399,-2.30383,0.0,-0.06981,169.9388,0.9615,stand_6,342.08,0.0,-0.06981,0.0,-0.06981,Sidewalk
600.0,128.0638,4.9399,-2.30383,0.0,-0.0,169.9388,0.9615,stand_6,342.0675,0.0,-0.0,0.0,-0.0,Sidewalk
600.5,128.0638,4.9399,-2.33874,0.0,-0.06981,169.9388,0.9615,stand_6,342.08,0.0,-0.06981,0.0,-0.06981,Sidewalk
601.0,128.0638,4.9399,-2.33874,0.0,-0.0,169.9388,0.9615,stand_6,342.0674,0.0,-0.0,0.0,-0.0,Sidewalk
601.5,128.0638,4.9399,-2.37365,0.0,-0.06981,169.9388,0.9615,stand_6,342.08,0.0,-0.06981,0.0,-0.06981,Sidewalk
602.0,128.0638,4.9399,-2.37365,0.0,-0.0,169.9388,0.9615,stand_6,342.0674,0.0,-0.0,0.0,-0.0,Sidewalk
602.5,128.0638,4.9399,-2.40855,0.0,-0.06981,169.9388,0.9615,stand_6,342.08,0.0,-0.06981,0.0,-0.06981,Sidewalk
603.0,128.0638,4.9399,-2.40855,0.0,-0.0,169.9388,0.9615,stand_6,342.0674,0.0,-0.0,0.0,-0.0,Sidewalk
603.5,128.0638,4.9399,-2.44346,0.0,-0.06981,169.9388,0.9615,stand_6,342.08,0.0,-0.06981,0.0,-0.06981,Sidewalk
604.0,128.0638,4.9399,-2.44346,0.0,-0.0,169.9388,0.9615,stand_6,342.0674,0.0,-0.0,0.0,-0.0,Sidewalk
604.5,128.0638,4.9399,-2.47837,0.0,-0.06981,169.9388,0.9615,stand_6,342.08,0.0,-0.06981,0.0,-0.06981,Sidewalk
605.0,128.0638,4.9399,-2.47837,0.0,-0.0,169.9388,0.9615,stand_6,342.0674,0.0,-0.0,0.0,-0.0,Sidewalk
605.5,128.0638,4.9399,-2.51327,0.0,-0.06981,169.9388,0.9615,stand_6,342.08,0.0,-0.06981,0.0,-0.06981,Sidewalk
606.0,128.0638,4.9399,-2.51327,0.0,-0.0,169.9388,0.9615,stand_6,342.0674,0.0,-0.0,0.0,-0.0,Sidewalk
606.5,128.0638,4.9399,-2.54818,0.0,-0.06981,169.9388,0.9615,stand_6,342.08,0.0,-0.06981,0.0,-0.06981,Sidewalk
607.0,128.0638,4.9399,-2.54818,0.0,-0.0,169.9388,0.9615,stand_6,342.0674,0.0,-0.0,0.0,-0.0,Sidewalk
607.5,128.0638,4.9399,-2.58309,0.0,-0.06981,169.9388,0.9615,stand_6,342.08,0.0,-0.06981,0.0,-0.06981,Sidewalk
608.0,128.0638,4.9399,-2.58309,0.0,-0.0,169.9388,0.9615,stand_6,342.0674,0.0,-0.0,0.0,-0.0,Sidewalk
608.5,128.0638,4.9399,-2.61799,0.0,-0.06981,169.9388,0.9615,stand_6,342.08,0.0,-0.06981,0.0,-0.06981,Sidewalk
609.0,128.0638,4.9399,-2.61799,0.0,-0.0,169.9388,0.9615,stand_6,342.0674,0.0,-0.0,0.0,-0.0,Sidewalk
609.5,128.0638,4.9399,-2.6529,0.0,-0.06981,169.9388,0.9615,stand_6,342.0799,0.0,-0.06981,0.0,-0.06981,Sidewalk
610.0,128.0638,4.9399,-2.6529,0.0,-0.0,169.9388,0.9615,stand_6,342.0674,0.0,-0.0,0.0,-0.0,Sidewalk
610.5,128.0638,4.9399,-2.68781,0.0,-0.06981,169.9388,0.9615,stand_6,342.0799,0.0,-0.06981,0.0,-0.06981,Sidewalk
611.0,128.0638,4.9399,-2.68781,0.0,-0.0,169.9388,0.9615,stand_6,342.0674,0.0,-0.0,0.0,-0.0,Sidewalk
611.5,128.0638,4.9399,-2.72271,0.0,-0.06981,169.9388,0.9615,stand_6,342.0799,0.0,-0.06981,0.0,-0.06981,Sidewalk
612.0,128.0638,4.9399,-2.72271,0.0,-0.0,169.9388,0.9615,stand_6,342.0674,0.0,-0.0,0.0,-0.0,Sidewalk
612.5,128.0638,4.9399,-2.75762,0.0,-0.06981,169.9388,0.9615,stand_6,342.0799,0.0,-0.06981,0.0,-0.06981,Sidewalk
613.0,128.0638,4.9399,-2.75762,0.0,-0.0,169.9388,0.9615,stand_6,342.0674,0.0,-0.0,0.0,-0.0,Sidewalk
613.5,128.0638,4.9399,-2.79253,0.0,-0.06981,169.9388,0.9615,stand_6,342.0799,0.0,-0.06981,0.0,-0.06981,Sidewalk
614.0,128.0638,4.9399,-2.79253,0.0,-0.0,169.9388,0.9615,stand_6,342.0673,0.0,-0.0,0.0,-0.0,Sidewalk
614.5,128.0638,4.9399,-2.82743,0.0,-0.06981,169.9388,0.9615,stand_6,342.0799,0.0,-0.06981,0.0,-0.06981,Sidewalk
615.0,128.0638,4.9399,-2.82743,0.0,-0.0,169.9388,0.9615,stand_6,342.0673,0.0,-0.0,0.0,-0.0,Sidewalk
615.5,128.0638,4.9399,-2.86234,0.0,-0.06981,169.9388,0.9615,stand_6,342.0799,0.0,-0.06981,0.0,-0.06981,Sidewalk
616.0,128.0638,4.9399,-2.86234,0.0,-0.0,169.9388,0.9615,stand_6,342.0673,0.0,-0.0,0.0,-0.0,Sidewalk
616.5,128.0638,4.9399,-2.89725,0.0,-0.06981,169.9388,0.9615,stand_6,342.0799,0.0,-0.06981,0.0,-0.06981,Sidewalk
617.0,128.0638,4.9399,-2.89725,0.0,-0.0,169.9388,0.9615,stand_6,342.0673,0.0,-0.0,0.0,-0.0,Sidewalk
617.5,128.0638,4.9399,-2.93215,0.0,-0.06981,169.9388,0.9615,stand_6,342.0799,0.0,-0.06981,0.0,-0.06981,Sidewalk
618.0,128.0638,4.9399,-2.93215,0.0,-0.0,169.9388,0.9615,stand_6,342.0673,0.0,-0.0,0.0,-0.0,Sidewalk
618.5,128.0638,4.9399,-2.96706,0.0,-0.06981,169.9388,0.9615,stand_6,342.0799,0.0,-0.06981,0.0,-0.06981,Sidewalk
619.0,128.0638,4.9399,-2.96706,0.0,-0.0,169.9388,0.9615,stand_6,342.0673,0.0,-0.0,0.0,-0.0,Sidewalk
619.5,128.0638,4.9399,-3.00197,0.0,-0.06981,169.9388,0.9615,stand_6,342.0799,0.0,-0.06981,0.0,-0.06981,Sidewalk
620.0,128.0638,4.9399,-3.00197,0.0,-0.0,169.9388,0.9615,stand_6,342.0673,0.0,-0.0,0.0,-0.0,Sidewalk
620.5,128.0638,4.9399,-3.03687,0.0,-0.06981,169.9388,0.9615,stand_6,342.0799,0.0,-0.06981,0.0,-0.06981,Sidewalk
621.0,128.0638,4.9399,-3.03687,0.0,-0.0,169.9388,0.9615,stand_6,342.0673,0.0,-0.0,0.0,-0.0,Sidewalk
621.5,128.0638,4.9399,-3.07178,0.0,-0.06981,169.9388,0.9615,stand_6,342.0799,0.0,-0.06981,0.0,-0.06981,Sidewalk
622.0,128.0638,4.9399,-3.07178,0.0,-0.0,169.9388,0.9615,stand_6,342.0673,0.0,-0.0,0.0,-0.0,Sidewalk
622.5,128.0638,4.9399,-3.10669,0.0,-0.06981,169.9388,0.9615,stand_6,342.0799,0.0,-0.06981,0.0,-0.06981,Sidewalk
623.0,128.0638,4.9399,-3.10669,0.0,-0.0,169.9388,0.9615,stand_6,342.0673,0.0,-0.0,0.0,-0.0,Sidewalk
623.5,128.0638,4.9399,3.14159,0.0,-0.06981,169.9388,0.9615,stand_6,342.0799,0.0,-0.06981,0.0,-0.06981,Sidewalk
624.0,128.0638,4.9399,3.14159,0.0,-0.0,169.9388,0.9615,stand_6,342.0673,0.0,-0.0,0.0,-0.0,Sidewalk
624.5,128.0638,4.9399,3.10669,0.0,-0.06981,169.9388,0.9615,stand_6,342.0798,0.0,-0.06981,0.0,-0.06981,Sidewalk
625.0,128.0638,4.9399,3.10669,0.0,-0.0,169.9388,0.9615,stand_6,342.0673,0.0,-0.0,0.0,-0.0,Sidewalk
625.5,128.0638,4.9399,3.07178,0.0,-0.06981,169.9388,0.9615,stand_6,342.0798,0.0,-0.06981,0.0,-0.06981,Sidewalk
626.0,128.0638,4.9399,3.07178,0.0,-0.0,169.9388,0.9615,stand_6,342.0673,0.0,-0.0,0.0,-0.0,Sidewalk
626.5,128.0638,4.9399,3.03687,0.0,-0.06981,169.9388,0.9615,stand_6,342.0798,0.0,-0.06981,0.0,-0.06981,Sidewalk
627.0,128.0638,4.9399,3.03687,0.0,-0.0,169.9388,0.9615,stand_6,342.0673,0.0,-0.0,0.0,-0.0,Sidewalk
627.5,128.0638,4.9399,3.00197,0.0,-0.06981,169.9388,0.9615,stand_6,342.0798,0.0,-0.06981,0.0,-0.06981,Sidewalk
628.0,128.0638,4.9399,3.00197,0.0,-0.0,169.9388,0.9615,stand_6,342.0673,0.0,-0.0,0.0,-0.0,Sidewalk
628.5,128.0638,4.9399,2.96706,0.0,-0.06981,169.9388,0.9615,stand_6,342.0798,0.0,-0.06981,0.0,-0.06981,Sidewalk
629.0,128.0638,4.9399,2.96706,0.0,-0.0,169.9388,0.9615,stand_6,342.0672,0.0,-0.0,0.0,-0.0,Sidewalk
629.5,128.0638,4.9399,2.93215,0.0,-0.06981,169.9388,0.9616,stand_6,342.0798,0.0,-0.06981,0.0,-0.06981,Sidewalk
630.0,128.0638,4.9399,2.93215,0.0,-0.0,169.9388,0.9616,stand_6,342.0672,0.0,-0.0,0.0,-0.0,Sidewalk
630.5,128.0638,4.9399,2.89725,0.0,-0.06981,169.9388,0.9616,stand_6,342.0798,0.0,-0.06981,0.0,-0.06981,Sidewalk
631.0,128.0638,4.9399,2.89725,0.0,-0.0,169.9388,0.9616,stand_6,342.0672,0.0,-0.0,0.0,-0.0,Sidewalk
631.5,128.0638,4.9399,2.86234,0.0,-0.06981,169.9388,0.9616,stand_6,342.0798,0.0,-0.06981,0.0,-0.06981,Sidewalk
632.0,128.0638,4.9399,2.86234,0.0,-0.0,169.9388,0.9616,stand_6,342.0672,0.0,-0.0,0.0,-0.0,Sidewalk
632.5,128.0638,4.9399,2.82743,0.0,-0.06981,169.9388,0.9616,stand_6,342.0798,0.0,-0.06981,0.0,-0.06981,Sidewalk
633.0,128.0638,4.9399,2.82743,0.0,-0.0,169.9388,0.9616,stand_6,342.0672,0.0,-0.0,0.0,-0.0,Sidewalk
633.5,128.0638,4.9399,2.79253,0.0,-0.06981,169.9388,0.9616,stand_6,342.0798,0.0,-0.06981,0.0,-0.06981,Sidewalk
634.0,128.0638,4.9399,2.79253,0.0,-0.0,169.9388,0.9616,stand_6,342.0672,0.0,-0.0,0.0,-0.0,Sidewalk
634.5,128.0638,4.9399,2.75762,0.0,-0.06981,169.9388,0.9616,stand_6,342.0798,0.0,-0.06981,0.0,-0.06981,Sidewalk
635.0,128.0638,4.9399,2.75762,0.0,-0.0,169.9388,0.9616,stand_6,342.0672,0.0,-0.0,0.0,-0.0,Sidewalk
635.5,128.0638,4.9399,2.72271,0.0,-0.06981,169.9388,0.9616,stand_6,342.0798,0.0,-0.06981,0.0,-0.06981,Sidewalk
636.0,128.0638,4.9399,2.72271,0.0,-0.0,169.9388,0.9616,stand_6,342.0672,0.0,-0.0,0.0,-0.0,Sidewalk
636.5,128.0638,4.9399,2.68781,0.0,-0.06981,169.9388,0.9616,stand_6,342.0798,0.0,-0.06981,0.0,-0.06981,Sidewalk
637.0,128.0638,4.9399,2.68781,0.0,-0.0,169.9388,0.9616,stand_6,342.0672,0.0,-0.0,0.0,-0.0,Sidewalk
637.5,128.0638,4.9399,2.6529,0.0,-0.06981,169.9388,0.9616,stand_6,342.0797,0.0,-0.06981,0.0,-0.06981,Sidewalk
638.0,128.0638,4.9399,2.6529,0.0,-0.0,169.9388,0.9616,stand_6,342.0672,0.0,-0.0,0.0,-0.0,Sidewalk
638.5,128.0638,4.9399,2.61799,0.0,-0.06981,169.9388,0.9616,stand_6,342.0797,0.0,-0.06981,0.0,-0.06981,Sidewalk
639.0,128.0638,4.9399,2.61799,0.0,-0.0,169.9388,0.9616,stand_6,342.0672,0.0,-0.0,0.0,-0.0,Sidewalk
639.5,128.0638,4.9399,2.58309,0.0,-0.06981,169.9388,0.9616,stand_6,342.0797,0.0,-0.06981,0.0,-0.06981,Sidewalk
640.0,128.0638,4.9399,2.58309,0.0,-0.0,169.9388,0.9616,stand_6,342.0672,0.0,-0.0,0.0,-0.0,Sidewalk
640.5,128.0638,4.9399,2.54818,0.0,-0.06981,169.9388,0.9616,stand_6,342.0797,0.0,-0.06981,0.0,-0.06981,Sidewalk
641.0,128.0638,4.9399,2.54818,0.0,-0.0,169.9388,0.9616,stand_6,342.0671,0.0,-0.0,0.0,-0.0,Sidewalk
641.5,128.0638,4.9399,2.51327,0.0,-0.06981,169.9388,0.9616,stand_6,342.0797,0.0,-0.06981,0.0,-0.06981,Sidewalk
642.0,128.0638,4.9399,2.51327,0.0,-0.0,169.9388,0.9616,stand_6,342.0671,0.0,-0.0,0.0,-0.0,Sidewalk
642.5,128.0638,4.9399,2.47837,0.0,-0.06981,169.9388,0.9616,stand_6,342.0797,0.0,-0.06981,0.0,-0.06981,Sidewalk
643.0,128.0638,4.9399,2.47837,0.0,-0.0,169.9388,0.9616,stand_6,342.0671,0.0,-0.0,0.0,-0.0,Sidewalk
643.5,128.0638,4.9399,2.44346,0.0,-0.06981,169.9388,0.9616,stand_6,342.0797,0.0,-0.06981,0.0,-0.06981,Sidewalk
644.0,128.0638,4.9399,2.44346,0.0,-0.0,169.9388,0.9616,stand_6,342.0671,0.0,-0.0,0.0,-0.0,Sidewalk
644.5,128.0638,4.9399,2.40855,0.0,-0.06981,169.9388,0.9616,stand_6,342.0797,0.0,-0.06981,0.0,-0.06981,Sidewalk
645.0,128.0638,4.9399,2.40855,0.0,-0.0,169.9388,0.9616,stand_6,342.0671,0.0,-0.0,0.0,-0.0,Sidewalk
645.5,128.0638,4.9399,2.37365,0.0,-0.06981,169.9388,0.9616,stand_6,342.0797,0.0,-0.06981,0.0,-0.06981,Sidewalk
646.0,128.0638,4.9399,2.37365,0.0,-0.0,169.9388,0.9616,stand_6,342.0671,0.0,-0.0,0.0,-0.0,Sidewalk
646.5,128.0638,4.9399,2.33874,0.0,-0.06981,169.9388,0.9616,stand_6,342.0797,0.0,-0.06981,0.0,-0.06981,Sidewalk
647.0,128.0638,4.9399,2.33874,0.0,-0.0,169.9388,0.9616,stand_6,342.0671,0.0,-0.0,0.0,-0.0,Sidewalk
647.5,128.0638,4.9399,2.30383,0.0,-0.06981,169.9388,0.9616,stand_6,342.0797,0.0,-0.06981,0.0,-0.06981,Sidewalk
648.0,128.0638,4.9399,2.30383,0.0,-0.0,169.9388,0.9616,stand_6,342.0671,0.0,-0.0,0.0,-0.0,Sidewalk
648.5,128.0638,4.9399,2.26893,0.0,-0.06981,169.9388,0.9616,stand_6,342.0797,0.0,-0.06981,0.0,-0.06981,Sidewalk
649.0,128.0638,4.9399,2.26893,0.0,-0.0,169.9388,0.9616,stand_6,342.0671,0.0,-0.0,0.0,-0.0,Sidewalk
649.5,128.0638,4.9399,2.23402,0.0,-0.06981,169.9388,0.9616,stand_6,342.0797,0.0,-0.06981,0.0,-0.06981,Sidewalk
650.0,128.0638,4.9399,2.23402,0.0,-0.0,169.9388,0.9616,stand_6,342.0671,0.0,-0.0,0.0,-0.0,Sidewalk
650.5,128.0638,4.9399,2.19911,0.0,-0.06981,169.9388,0.9616,stand_6,342.0796,0.0,-0.06981,0.0,-0.06981,Sidewalk
651.0,128.0638,4.9399,2.19911,0.0,-0.0,169.9388,0.9616,stand_6,342.0671,0.0,-0.0,0.0,-0.0,Sidewalk
651.5,128.0638,4.9399,2.16421,0.0,-0.06981,169.9388,0.9616,stand_6,342.0796,0.0,-0.06981,0.0,-0.06981,Sidewalk
652.0,128.0638,4.9399,2.16421,0.0,-0.0,169.9388,0.9616,stand_6,342.0671,0.0,-0.0,0.0,-0.0,Sidewalk
652.5,128.0638,4.9399,2.1293,0.0,-0.06981,169.9388,0.9616,stand_6,342.0796,0.0,-0.06981,0.0,-0.06981,Sidewalk
653.0,128.0638,4.9399,2.1293,0.0,-0.0,169.9388,0.9616,stand_6,342.0671,0.0,-0.0,0.0,-0.0,Sidewalk
653.5,128.0638,4.9399,2.0944,0.0,-0.06981,169.9388,0.9616,stand_6,342.0796,0.0,-0.06981,0.0,-0.06981,Sidewalk
654.0,128.0638,4.9399,2.0944,0.0,-0.0,169.9388,0.9616,stand_6,342.067,0.0,-0.0,0.0,-0.0,Sidewalk
654.5,128.0638,4.9399,2.05949,0.0,-0.06981,169.9388,0.9616,stand_6,342.0796,0.0,-0.06981,0.0,-0.06981,Sidewalk
655.0,128.0638,4.9399,2.05949,0.0,-0.0,169.9388,0.9616,stand_6,342.067,0.0,-0.0,0.0,-0.0,Sidewalk
655.5,128.0638,4.9399,2.02458,0.0,-0.06981,169.9388,0.9616,stand_6,342.0796,0.0,-0.06981,0.0,-0.06981,Sidewalk
656.0,128.0638,4.9399,2.02458,0.0,-0.0,169.9388,0.9616,stand_6,342.067,0.0,-0.0,0.0,-0.0,Sidewalk
656.5,128.0638,4.9399,1.98968,0.0,-0.06981,169.9388,0.9616,stand_6,342.0796,0.0,-0.06981,0.0,-0.06981,Sidewalk
657.0,128.0638,4.9399,1.98968,0.0,-0.0,169.9388,0.9616,stand_6,342.067,0.0,-0.0,0.0,-0.0,Sidewalk
657.5,128.0638,4.9399,1.95477,0.0,-0.06981,169.9388,0.9616,stand_6,342.0796,0.0,-0.06981,0.0,-0.06981,Sidewalk
658.0,128.0638,4.9399,1.95477,0.0,-0.0,169.9388,0.9616,stand_6,342.067,0.0,-0.0,0.0,-0.0,Sidewalk
658.5,128.0638,4.9399,1.91986,0.0,-0.06981,169.9388,0.9616,stand_6,342.0796,0.0,-0.06981,0.0,-0.06981,Sidewalk
659.0,128.0638,4.9399,1.91986,0.0,-0.0,169.9388,0.9616,stand_6,342.067,0.0,-0.0,0.0,-0.0,Sidewalk
659.5,128.0638,4.9399,1.88496,0.0,-0.06981,169.9388,0.9616,stand_6,342.0796,0.0,-0.06981,0.0,-0.06981,Sidewalk
660.0,128.0638,4.9399,1.88496,0.0,-0.0,169.9388,0.9616,stand_6,342.067,0.0,-0.0,0.0,-0.0,Sidewalk
660.5,128.0638,4.9399,1.85005,0.0,-0.06981,169.9388,0.9616,stand_6,342.0796,0.0,-0.06981,0.0,-0.06981,Sidewalk
661.0,128.0638,4.9399,1.85005,0.0,-0.0,169.9388,0.9616,stand_6,342.067,0.0,-0.0,0.0,-0.0,Sidewalk
661.5,128.0638,4.9399,1.81514,0.0,-0.06981,169.9388,0.9616,stand_6,342.0796,0.0,-0.06981,0.0,-0.06981,Sidewalk
662.0,128.0638,4.9399,1.81514,0.0,-0.0,169.9388,0.9616,stand_6,342.067,0.0,-0.0,0.0,-0.0,Sidewalk
662.5,128.0638,4.9399,1.78024,0.0,-0.06981,169.9388,0.9616,stand_6,342.0795,0.0,-0.06981,0.0,-0.06981,Sidewalk
663.0,128.0638,4.9399,1.78024,0.0,-0.0,169.9388,0.9616,stand_6,342.067,0.0,-0.0,0.0,-0.0,Sidewalk
663.5,128.0638,4.9399,1.74533,0.0,-0.06981,169.9388,0.9617,stand_6,342.0795,0.0,-0.06981,0.0,-0.06981,Sidewalk
664.0,128.0638,4.9399,1.74533,0.0,-0.0,169.9388,0.9617,stand_6,342.067,0.0,-0.0,0.0,-0.0,Sidewalk
664.5,128.0638,4.9399,1.71042,0.0,-0.06981,169.9388,0.9617,stand_6,342.0795,0.0,-0.06981,0.0,-0.06981,Sidewalk
665.0,128.0638,4.9399,1.71042,0.0,-0.0,169.9388,0.9617,stand_6,342.067,0.0,-0.0,0.0,-0.0,Sidewalk
665.5,128.0638,4.9399,1.67552,0.0,-0.06981,169.9388,0.9617,stand_6,342.0795,0.0,-0.06981,0.0,-0.06981,Sidewalk
666.0,128.0638,4.9399,1.67552,0.0,-0.0,169.9388,0.9617,stand_6,342.067,0.0,-0.0,0.0,-0.0,Sidewalk
666.5,128.0638,4.9399,1.64061,0.0,-0.06981,169.9388,0.9617,stand_6,342.0795,0.0,-0.06981,0.0,-0.06981,Sidewalk
667.0,128.0638,4.9399,1.64061,0.0,-0.0,169.9388,0.9617,stand_6,342.0669,0.0,-0.0,0.0,-0.0,Sidewalk
667.5,128.0638,4.9399,1.6057,0.0,-0.06981,169.9388,0.9617,stand_6,342.0795,0.0,-0.06981,0.0,-0.06981,Sidewalk
668.0,128.0638,4.9399,1.6057,0.0,-0.0,169.9388,0.9617,stand_6,342.0669,0.0,-0.0,0.0,-0.0,Sidewalk
668.5,128.0638,4.9399,1.5708,0.0,-0.06981,169.9388,0.9617,stand_6,342.0795,0.0,-0.06981,0.0,-0.06981,Sidewalk
669.0,128.0638,4.9399,1.5708,0.0,-0.0,169.9388,0.9617,stand_6,342.0669,0.0,-0.0,0.0,-0.0,Sidewalk
669.5,128.0638,4.9399,1.53589,0.0,-0.06981,169.9388,0.9617,stand_6,342.0795,0.0,-0.06981,0.0,-0.06981,Sidewalk
670.0,128.0638,4.9399,1.53589,0.0,-0.0,169.9388,0.9617,stand_6,342.0669,0.0,-0.0,0.0,-0.0,Sidewalk
670.5,128.0638,4.9399,1.50098,0.0,-0.06981,169.9388,0.9617,stand_6,342.0795,0.0,-0.06981,0.0,-0.06981,Sidewalk
671.0,128.0638,4.9399,1.50098,0.0,-0.0,169.9388,0.9617,stand_6,342.0669,0.0,-0.0,0.0,-0.0,Sidewalk
671.5,128.0638,4.9399,1.46608,0.0,-0.06981,169.9388,0.9617,stand_6,342.0795,0.0,-0.06981,0.0,-0.06981,Sidewalk
672.0,128.0638,4.9399,1.46608,0.0,-0.0,169.9388,0.9617,stand_6,342.0669,0.0,-0.0,0.0,-0.0,Sidewalk
672.5,128.0638,4.9399,1.43117,0.0,-0.06981,169.9388,0.9617,stand_6,342.0795,0.0,-0.06981,0.0,-0.06981,Sidewalk
673.0,128.0638,4.9399,1.43117,0.0,-0.0,169.9388,0.9617,stand_6,342.0669,0.0,-0.0,0.0,-0.0,Sidewalk
673.5,128.0638,4.9399,1.39626,0.0,-0.06981,169.9388,0.9617,stand_6,342.0795,0.0,-0.06981,0.0,-0.06981,Sidewalk
674.0,128.0638,4.9399,1.39626,0.0,-0.0,169.9388,0.9617,stand_6,342.0669,0.0,-0.0,0.0,-0.0,Sidewalk
674.5,128.0638,4.9399,1.36136,0.0,-0.06981,169.9388,0.9617,stand_6,342.0794,0.0,-0.06981,0.0,-0.06981,Sidewalk
675.0,128.0638,4.9399,1.36136,0.0,-0.0,169.9388,0.9617,stand_6,342.0669,0.0,-0.0,0.0,-0.0,Sidewalk
675.5,128.0638,4.9399,1.32645,0.0,-0.06981,169.9388,0.9617,stand_6,342.0794,0.0,-0.06981,0.0,-0.06981,Sidewalk
676.0,128.0638,4.9399,1.32645,0.0,-0.0,169.9388,0.9617,stand_6,342.0669,0.0,-0.0,0.0,-0.0,Sidewalk
676.5,128.0638,4.9399,1.29154,0.0,-0.06981,169.9388,0.9617,stand_6,342.0794,0.0,-0.06981,0.0,-0.06981,Sidewalk
677.0,128.0638,4.9399,1.29154,0.0,-0.0,169.9388,0.9617,stand_6,342.0669,0.0,-0.0,0.0,-0.0,Sidewalk
677.5,128.0638,4.9399,1.25664,0.0,-0.06981,169.9388,0.9617,stand_6,342.0794,0.0,-0.06981,0.0,-0.06981,Sidewalk
678.0,128.0638,4.9399,1.25664,0.0,-0.0,169.9388,0.9617,stand_6,342.0668,0.0,-0.0,0.0,-0.0,Sidewalk
678.5,128.0638,4.9399,1.22173,0.0,-0.06981,169.9388,0.9617,stand_6,342.0794,0.0,-0.06981,0.0,-0.06981,Sidewalk
679.0,128.0638,4.9399,1.22173,0.0,-0.0,169.9388,0.9617,stand_6,342.0668,0.0,-0.0,0.0,-0.0,Sidewalk
679.5,128.0638,4.9399,1.18682,0.0,-0.06981,169.9388,0.9617,stand_6,342.0794,0.0,-0.06981,0.0,-0.06981,Sidewalk
680.0,128.0638,4.9399,1.18682,0.0,-0.0,169.9388,0.9617,stand_6,342.0668,0.0,-0.0,0.0,-0.0,Sidewalk
680.5,128.0638,4.9399,1.15192,0.0,-0.06981,169.9388,0.9617,stand_6,342.0794,0.0,-0.06981,0.0,-0.06981,Sidewalk
681.0,128.0638,4.9399,1.15192,0.0,-0.0,169.9388,0.9617,stand_6,342.0668,0.0,-0.0,0.0,-0.0,Sidewalk
681.5,128.0638,4.9399,1.11701,0.0,-0.06981,169.9388,0.9617,stand_6,342.0794,0.0,-0.06981,0.0,-0.06981,Sidewalk
682.0,128.0638,4.9399,1.11701,0.0,-0.0,169.9388,0.9617,stand_6,342.0668,0.0,-0.0,0.0,-0.0,Sidewalk
682.5,128.0638,4.9399,1.0821,0.0,-0.06981,169.9388,0.9617,stand_6,342.0794,0.0,-0.06981,0.0,-0.06981,Sidewalk
683.0,128.0638,4.9399,1.0821,0.0,-0.0,169.9388,0.9617,stand_6,342.0668,0.0,-0.0,0.0,-0.0,Sidewalk
683.5,128.0638,4.9399,1.0472,0.0,-0.06981,169.9388,0.9617,stand_6,342.0794,0.0,-0.06981,0.0,-0.06981,Sidewalk
684.0,128.0638,4.9399,1.0472,0.0,-0.0,169.9388,0.9617,stand_6,342.0668,0.0,-0.0,0.0,-0.0,Sidewalk
684.5,128.0638,4.9399,1.01229,0.0,-0.06981,169.9388,0.9617,stand_6,342.0794,0.0,-0.06981,0.0,-0.06981,Sidewalk
685.0,128.0638,4.9399,1.01229,0.0,-0.0,169.9388,0.9617,stand_6,342.0668,0.0,-0.0,0.0,-0.0,Sidewalk
685.5,128.0638,4.9399,0.97738,0.0,-0.06981,169.9388,0.9617,stand_6,342.0794,0.0,-0.06981,0.0,-0.06981,Sidewalk
686.0,128.0638,4.9399,0.97738,0.0,-0.0,169.9388,0.9617,stand_6,342.0668,0.0,-0.0,0.0,-0.0,Sidewalk
686.5,128.0638,4.9399,1.01229,0.0,0.06981,169.9388,0.9617,stand_6,342.0794,0.0,0.06981,0.0,0.06981,Sidewalk
687.0,128.0638,4.9399,1.01229,0.0,-0.0,169.9388,0.9617,stand_6,342.0668,0.0,-0.0,0.0,-0.0,Sidewalk
687.5,128.0638,4.9399,1.0472,0.0,0.06981,169.9388,0.9617,stand_6,342.0793,0.0,0.06981,0.0,0.06981,Sidewalk
688.0,128.0638,4.9399,1.0472,0.0,-0.0,169.9388,0.9617,stand_6,342.0668,0.0,-0.0,0.0,-0.0,Sidewalk
688.5,128.0638,4.9399,1.0821,0.0,0.06981,169.9388,0.9617,stand_6,342.0793,0.0,0.06981,0.0,0.06981,Sidewalk
689.0,128.0638,4.9399,1.0821,0.0,-0.0,169.9388,0.9617,stand_6,342.0668,0.0,-0.0,0.0,-0.0,Sidewalk
689.5,128.0638,4.9399,1.11701,0.0,0.06981,169.9388,0.9617,stand_6,342.0793,0.0,0.06981,0.0,0.06981,Sidewalk
690.0,128.0638,4.9399,1.11701,0.0,-0.0,169.9388,0.9617,stand_6,342.0668,0.0,-0.0,0.0,-0.0,Sidewalk
690.5,128.0638,4.9399,1.15192,0.0,0.06981,169.9388,0.9617,stand_6,342.0793,0.0,0.06981,0.0,0.06981,Sidewalk
691.0,128.0638,4.9399,1.15192,0.0,-0.0,169.9388,0.9617,stand_6,342.0667,0.0,-0.0,0.0,-0.0,Sidewalk
691.5,128.0638,4.9399,1.18682,0.0,0.06981,169.9388,0.9617,stand_6,342.0793,0.0,0.06981,0.0,0.06981,Sidewalk
692.0,128.0638,4.9399,1.18682,0.0,-0.0,169.9388,0.9617,stand_6,342.0667,0.0,-0.0,0.0,-0.0,Sidewalk
692.5,128.0638,4.9399,1.22173,0.0,0.06981,169.9388,0.9617,stand_6,342.0793,0.0,0.06981,0.0,0.06981,Sidewalk
693.0,128.0638,4.9399,1.22173,0.0,-0.0,169.9388,0.9617,stand_6,342.0667,0.0,-0.0,0.0,-0.0,Sidewalk
693.5,128.0638,4.9399,1.25664,0.0,0.06981,169.9388,0.9617,stand_6,342.0793,0.0,0.06981,0.0,0.06981,Sidewalk
694.0,128.0638,4.9399,1.25664,0.0,-0.0,169.9388,0.9617,stand_6,342.0667,0.0,-0.0,0.0,-0.0,Sidewalk
694.5,128.0638,4.9399,1.29154,0.0,0.06981,169.9388,0.9617,stand_6,342.0793,0.0,0.06981,0.0,0.06981,Sidewalk
695.0,128.0638,4.9399,1.29154,0.0,-0.0,169.9388,0.9617,stand_6,342.0667,0.0,-0.0,0.0,-0.0,Sidewalk
695.5,128.0638,4.9399,1.32645,0.0,0.06981,169.9388,0.9617,stand_6,342.0793,0.0,0.06981,0.0,0.06981,Sidewalk
696.0,128.0638,4.9399,1.32645,0.0,-0.0,169.9388,0.9617,stand_6,342.0667,0.0,-0.0,0.0,-0.0,Sidewalk
696.5,128.0638,4.9399,1.36136,0.0,0.06981,169.9388,0.9618,stand_6,342.0793,0.0,0.06981,0.0,0.06981,Sidewalk
697.0,128.0638,4.9399,1.36136,0.0,-0.0,169.9388,0.9618,stand_6,342.0667,0.0,-0.0,0.0,-0.0,Sidewalk
697.5,128.0638,4.9399,1.39626,0.0,0.06981,169.9388,0.9618,stand_6,342.0793,0.0,0.06981,0.0,0.06981,Sidewalk
698.0,128.0638,4.9399,1.39626,0.0,-0.0,169.9388,0.9618,stand_6,342.0667,0.0,-0.0,0.0,-0.0,Sidewalk
698.5,128.0638,4.9399,1.43117,0.0,0.06981,169.9388,0.9618,stand_6,342.0793,0.0,0.06981,0.0,0.06981,Sidewalk
699.0,128.0638,4.9399,1.43117,0.0,-0.0,169.9388,0.9618,stand_6,342.0667,0.0,-0.0,0.0,-0.0,Sidewalk
699.5,128.0638,4.9399,1.46608,0.0,0.06981,169.9388,0.9618,stand_6,342.0792,0.0,0.06981,0.0,0.06981,Sidewalk
700.0,128.0638,4.9399,1.46608,0.0,-0.0,169.9388,0.9618,stand_6,342.0667,0.0,-0.0,0.0,-0.0,Sidewalk
700.5,128.0638,4.9399,1.50098,0.0,0.06981,169.9388,0.9618,stand_6,342.0792,0.0,0.06981,0.0,0.06981,Sidewalk
701.0,128.0638,4.9399,1.50098,0.0,-0.0,169.9388,0.9618,stand_6,342.0667,0.0,-0.0,0.0,-0.0,Sidewalk
701.5,128.0638,4.9399,1.53589,0.0,0.06981,169.9388,0.9618,stand_6,342.0792,0.0,0.06981,0.0,0.06981,Sidewalk
702.0,128.0638,4.9399,1.53589,0.0,-0.0,169.9388,0.9618,stand_6,342.0667,0.0,-0.0,0.0,-0.0,Sidewalk
702.5,128.0638,4.9399,1.5708,0.0,0.06981,169.9388,0.9618,stand_6,342.0792,0.0,0.06981,0.0,0.06981,Sidewalk
703.0,128.0638,4.9399,1.5708,0.0,-0.0,169.9388,0.9618,stand_6,342.0667,0.0,-0.0,0.0,-0.0,Sidewalk
703.5,128.0638,4.9399,1.6057,0.0,0.06981,169.9388,0.9618,stand_6,342.0792,0.0,0.06981,0.0,0.06981,Sidewalk
704.0,128.0638,4.9399,1.6057,0.0,-0.0,169.9388,0.9618,stand_6,342.0666,0.0,-0.0,0.0,-0.0,Sidewalk
704.5,128.0638,4.9399,1.64061,0.0,0.06981,169.9388,0.9618,stand_6,342.0792,0.0,0.06981,0.0,0.06981,Sidewalk
705.0,128.0638,4.9399,1.64061,0.0,-0.0,169.9388,0.9618,stand_6,342.0666,0.0,-0.0,0.0,-0.0,Sidewalk
705.5,128.0638,4.9399,1.67552,0.0,0.06981,169.9388,0.9618,stand_6,342.0792,0.0,0.06981,0.0,0.06981,Sidewalk
706.0,128.0638,4.9399,1.67552,0.0,-0.0,169.9388,0.9618,stand_6,342.0666,0.0,-0.0,0.0,-0.0,Sidewalk
706.5,128.0638,4.9399,1.71042,0.0,0.06981,169.9388,0.9618,stand_6,342.0792,0.0,0.06981,0.0,0.06981,Sidewalk
707.0,128.0638,4.9399,1.71042,0.0,-0.0,169.9388,0.9618,stand_6,342.0666,0.0,-0.0,0.0,-0.0,Sidewalk
707.5,128.0638,4.9399,1.74533,0.0,0.06981,169.9388,0.9618,stand_6,342.0792,0.0,0.06981,0.0,0.06981,Sidewalk
708.0,128.0638,4.9399,1.74533,0.0,-0.0,169.9388,0.9618,stand_6,342.0666,0.0,-0.0,0.0,-0.0,Sidewalk
708.5,128.0638,4.9399,1.78024,0.0,0.06981,169.9388,0.9618,stand_6,342.0792,0.0,0.06981,0.0,0.06981,Sidewalk
709.0,128.0638,4.9399,1.78024,0.0,-0.0,169.9388,0.9618,stand_6,342.0666,0.0,-0.0,0.0,-0.0,Sidewalk
709.5,128.0638,4.9399,1.81514,0.0,0.06981,169.9388,0.9618,stand_6,342.0792,0.0,0.06981,0.0,0.06981,Sidewalk
710.0,128.0638,4.9399,1.81514,0.0,-0.0,169.9388,0.9618,stand_6,342.0666,0.0,-0.0,0.0,-0.0,Sidewalk
710.5,128.0638,4.9399,1.85005,0.0,0.06981,169.9388,0.9618,stand_6,342.0792,0.0,0.06981,0.0,0.06981,Sidewalk
711.0,128.0638,4.9399,1.85005,0.0,-0.0,169.9388,0.9618,stand_6,342.0666,0.0,-0.0,0.0,-0.0,Sidewalk
711.5,128.0638,4.9399,1.88496,0.0,0.06981,169.9388,0.9618,stand_6,342.0792,0.0,0.06981,0.0,0.06981,Sidewalk
712.0,128.0638,4.9399,1.88496,0.0,-0.0,169.9388,0.9618,stand_6,342.0666,0.0,-0.0,0.0,-0.0,Sidewalk
712.5,128.0638,4.9399,1.91986,0.0,0.06981,169.9388,0.9618,stand_6,342.0791,0.0,0.06981,0.0,0.06981,Sidewalk
713.0,128.0638,4.9399,1.91986,0.0,-0.0,169.9388,0.9618,stand_6,342.0666,0.0,-0.0,0.0,-0.0,Sidewalk
713.5,128.0638,4.9399,1.95477,0.0,0.06981,169.9388,0.9618,stand_6,342.0791,0.0,0.06981,0.0,0.06981,Sidewalk
714.0,128.0638,4.9399,1.95477,0.0,-0.0,169.9388,0.9618,stand_6,342.0666,0.0,-0.0,0.0,-0.0,Sidewalk
714.5,128.0638,4.9399,1.98968,0.0,0.06981,169.9388,0.9618,stand_6,342.0791,0.0,0.06981,0.0,0.06981,Sidewalk
715.0,128.0638,4.9399,1.98968,0.0,-0.0,169.9388,0.9618,stand_6,342.0666,0.0,-0.0,0.0,-0.0,Sidewalk
715.5,128.0638,4.9399,2.02458,0.0,0.06981,169.9388,0.9618,stand_6,342.0791,0.0,0.06981,0.0,0.06981,Sidewalk
716.0,128.0638,4.9399,2.02458,0.0,-0.0,169.9388,0.9618,stand_6,342.0665,0.0,-0.0,0.0,-0.0,Sidewalk
716.5,128.0638,4.9399,2.05949,0.0,0.06981,169.9388,0.9618,stand_6,342.0791,0.0,0.06981,0.0,0.06981,Sidewalk
717.0,128.0638,4.9399,2.05949,0.0,-0.0,169.9388,0.9618,stand_6,342.0665,0.0,-0.0,0.0,-0.0,Sidewalk
717.5,128.0638,4.9399,2.0944,0.0,0.06981,169.9388,0.9618,stand_6,342.0791,0.0,0.06981,0.0,0.06981,Sidewalk
718.0,128.0638,4.9399,2.0944,0.0,-0.0,169.9388,0.9618,stand_6,342.0665,0.0,-0.0,0.0,-0.0,Sidewalk
718.5,128.0638,4.9399,2.1293,0.0,0.06981,169.9388,0.9618,stand_6,342.0791,0.0,0.06981,0.0,0.06981,Sidewalk
719.0,128.0638,4.9399,2.1293,0.0,-0.0,169.9388,0.9618,stand_6,342.0665,0.0,-0.0,0.0,-0.0,Sidewalk
719.5,128.0638,4.9399,2.16421,0.0,0.06981,169.9388,0.9618,stand_6,342.0791,0.0,0.06981,0.0,0.06981,Sidewalk
720.0,128.0638,4.9399,2.16421,0.0,-0.0,169.9388,0.9618,stand_6,342.0665,0.0,-0.0,0.0,-0.0,Sidewalk
720.5,128.0638,4.9399,2.19911,0.0,0.06981,169.9388,0.9618,stand_6,342.0791,0.0,0.06981,0.0,0.06981,Sidewalk
721.0,128.0638,4.9399,2.19911,0.0,-0.0,169.9388,0.9618,stand_6,342.0665,0.0,-0.0,0.0,-0.0,Sidewalk
721.5,128.0638,4.9399,2.23402,0.0,0.06981,169.9388,0.9618,stand_6,342.0791,0.0,0.06981,0.0,0.06981,Sidewalk
722.0,128.0638,4.9399,2.23402,0.0,-0.0,169.9388,0.9618,stand_6,342.0665,0.0,-0.0,0.0,-0.0,Sidewalk
722.5,128.0638,4.9399,2.26893,0.0,0.06981,169.9388,0.9618,stand_6,342.079,0.0,0.06981,0.0,0.06981,Sidewalk
723.0,128.0638,4.9399,2.26893,0.0,-0.0,169.9388,0.9618,stand_6,342.0665,0.0,-0.0,0.0,-0.0,Sidewalk
723.5,128.0638,4.9399,2.30383,0.0,0.06981,169.9388,0.9618,stand_6,342.079,0.0,0.06981,0.0,0.06981,Sidewalk
724.0,128.0638,4.9399,2.30383,0.0,-0.0,169.9388,0.9618,stand_6,342.0665,0.0,-0.0,0.0,-0.0,Sidewalk
724.5,128.0638,4.9399,2.33874,0.0,0.06981,169.9388,0.9618,stand_6,342.079,0.0,0.06981,0.0,0.06981,Sidewalk
725.0,128.0638,4.9399,2.33874,0.0,-0.0,169.9388,0.9618,stand_6,342.0665,0.0,-0.0,0.0,-0.0,Sidewalk
725.5,128.0638,4.9399,2.37365,0.0,0.06981,169.9388,0.9618,stand_6,342.079,0.0,0.06981,0.0,0.06981,Sidewalk
726.0,128.0638,4.9399,2.37365,0.0,-0.0,169.9388,0.9618,stand_6,342.0665,0.0,-0.0,0.0,-0.0,Sidewalk
726.5,128.0638,4.9399,2.40855,0.0,0.06981,169.9388,0.9618,stand_6,342.079,0.0,0.06981,0.0,0.06981,Sidewalk
727.0,128.0638,4.9399,2.40855,0.0,-0.0,169.9388,0.9618,stand_6,342.0665,0.0,-0.0,0.0,-0.0,Sidewalk
727.5,128.0638,4.9399,2.44346,0.0,0.06981,169.9388,0.9618,stand_6,342.079,0.0,0.06981,0.0,0.06981,Sidewalk
728.0,128.0638,4.9399,2.44346,0.0,-0.0,169.9388,0.9618,stand_6,342.0664,0.0,-0.0,0.0,-0.0,Sidewalk
728.5,128.0638,4.9399,2.47837,0.0,0.06981,169.9388,0.9618,stand_6,342.079,0.0,0.06981,0.0,0.06981,Sidewalk
729.0,128.0638,4.9399,2.47837,0.0,-0.0,169.9388,0.9619,stand_6,342.0664,0.0,-0.0,0.0,-0.0,Sidewalk
729.5,128.0638,4.9399,2.51327,0.0,0.06981,169.9388,0.9619,stand_6,342.079,0.0,0.06981,0.0,0.06981,Sidewalk
730.0,128.0638,4.9399,2.51327,0.0,-0.0,169.9388,0.9619,stand_6,342.0664,0.0,-0.0,0.0,-0.0,Sidewalk
730.5,128.0638,4.9399,2.54818,0.0,0.06981,169.9388,0.9619,stand_6,342.079,0.0,0.06981,0.0,0.06981,Sidewalk
731.0,128.0638,4.9399,2.54818,0.0,-0.0,169.9388,0.9619,stand_6,342.0664,0.0,-0.0,0.0,-0.0,Sidewalk
731.5,128.0638,4.9399,2.58309,0.0,0.06981,169.9388,0.9619,stand_6,342.079,0.0,0.06981,0.0,0.06981,Sidewalk
732.0,128.0638,4.9399,2.58309,0.0,-0.0,169.9388,0.9619,stand_6,342.0664,0.0,-0.0,0.0,-0.0,Sidewalk
732.5,128.0638,4.9399,2.61799,0.0,0.06981,169.9388,0.9619,stand_6,342.079,0.0,0.06981,0.0,0.06981,Sidewalk
733.0,128.0638,4.9399,2.61799,0.0,-0.0,169.9388,0.9619,stand_6,342.0664,0.0,-0.0,0.0,-0.0,Sidewalk
733.5,128.0638,4.9399,2.6529,0.0,0.06981,169.9388,0.9619,stand_6,342.079,0.0,0.06981,0.0,0.06981,Sidewalk
734.0,128.0638,4.9399,2.6529,0.0,-0.0,169.9388,0.9619,stand_6,342.0664,0.0,-0.0,0.0,-0.0,Sidewalk
734.5,128.0638,4.9399,2.68781,0.0,0.06981,169.9388,0.9619,stand_6,342.079,0.0,0.06981,0.0,0.06981,Sidewalk
735.0,128.0638,4.9399,2.68781,0.0,-0.0,169.9388,0.9619,stand_6,342.0664,0.0,-0.0,0.0,-0.0,Sidewalk
735.5,128.0638,4.9399,2.72271,0.0,0.06981,169.9388,0.9619,stand_6,342.0789,0.0,0.06981,0.0,0.06981,Sidewalk
736.0,128.0638,4.9399,2.72271,0.0,-0.0,169.9388,0.9619,stand_6,342.0664,0.0,-0.0,0.0,-0.0,Sidewalk
736.5,128.0638,4.9399,2.75762,0.0,0.06981,169.9388,0.9619,stand_6,342.0789,0.0,0.06981,0.0,0.06981,Sidewalk
737.0,128.0638,4.9399,2.75762,0.0,-0.0,169.9388,0.9619,stand_6,342.0664,0.0,-0.0,0.0,-0.0,Sidewalk
737.5,128.0638,4.9399,2.79253,0.0,0.06981,169.9388,0.9619,stand_6,342.0789,0.0,0.06981,0.0,0.06981,Sidewalk
738.0,128.0638,4.9399,2.79253,0.0,-0.0,169.9388,0.9619,stand_6,342.0664,0.0,-0.0,0.0,-0.0,Sidewalk
738.5,128.0638,4.9399,2.82743,0.0,0.06981,169.9388,0.9619,stand_6,342.0789,0.0,0.06981,0.0,0.06981,Sidewalk
739.0,128.0638,4.9399,2.82743,0.0,-0.0,169.9388,0.9619,stand_6,342.0664,0.0,-0.0,0.0,-0.0,Sidewalk
739.5,128.0638,4.9399,2.86234,0.0,0.06981,169.9388,0.9619,stand_6,342.0789,0.0,0.06981,0.0,0.06981,Sidewalk
740.0,128.0638,4.9399,2.86234,0.0,-0.0,169.9388,0.9619,stand_6,342.0663,0.0,-0.0,0.0,-0.0,Sidewalk
740.5,128.0638,4.9399,2.89725,0.0,0.06981,169.9388,0.9619,stand_6,342.0789,0.0,0.06981,0.0,0.06981,Sidewalk
741.0,128.0638,4.9399,2.89725,0.0,-0.0,169.9388,0.9619,stand_6,342.0663,0.0,-0.0,0.0,-0.0,Sidewalk
741.5,128.0638,4.9399,2.93215,0.0,0.06981,169.9388,0.9619,stand_6,342.0789,0.0,0.06981,0.0,0.06981,Sidewalk
742.0,128.0638,4.9399,2.93215,0.0,-0.0,169.9388,0.9619,stand_6,342.0663,0.0,-0.0,0.0,-0.0,Sidewalk
742.5,128.0638,4.9399,2.96706,0.0,0.06981,169.9388,0.9619,stand_6,342.0789,0.0,0.06981,0.0,0.06981,Sidewalk
743.0,128.0638,4.9399,2.96706,0.0,-0.0,169.9388,0.9619,stand_6,342.0663,0.0,-0.0,0.0,-0.0,Sidewalk
743.5,128.0638,4.9399,3.00197,0.0,0.06981,169.9388,0.9619,stand_6,342.0789,0.0,0.06981,0.0,0.06981,Sidewalk
744.0,128.0638,4.9399,3.00197,0.0,-0.0,169.9388,0.9619,stand_6,342.0663,0.0,-0.0,0.0,-0.0,Sidewalk
744.5,128.0638,4.9399,3.03687,0.0,0.06981,169.9388,0.9619,stand_6,342.0789,0.0,0.06981,0.0,0.06981,Sidewalk
745.0,128.0638,4.9399,3.03687,0.0,-0.0,169.9388,0.9619,stand_6,342.0663,0.0,-0.0,0.0,-0.0,Sidewalk
745.5,128.0638,4.9399,3.07178,0.0,0.06981,169.9388,0.9619,stand_6,342.0789,0.0,0.06981,0.0,0.06981,Sidewalk
746.0,128.0638,4.9399,3.07178,0.0,-0.0,169.9388,0.9619,stand_6,342.0663,0.0,-0.0,0.0,-0.0,Sidewalk
746.5,128.0638,4.9399,3.10669,0.0,0.06981,169.9388,0.9619,stand_6,342.0789,0.0,0.06981,0.0,0.06981,Sidewalk
747.0,128.0638,4.9399,3.10669,0.0,-0.0,169.9388,0.9619,stand_6,342.0663,0.0,-0.0,0.0,-0.0,Sidewalk
747.5,128.0638,4.9399,3.14159,0.0,0.06981,169.9388,0.9619,stand_6,342.0789,0.0,0.06981,0.0,0.06981,Sidewalk
748.0,128.0638,4.9399,3.14159,0.0,-0.0,169.9388,0.9619,stand_6,342.0663,0.0,-0.0,0.0,-0.0,Sidewalk
748.5,128.0638,4.9399,-3.10669,0.0,0.06981,169.9388,0.9619,stand_6,342.0788,0.0,0.06981,0.0,0.06981,Sidewalk
749.0,128.0638,4.9399,-3.10669,0.0,-0.0,169.9388,0.9619,stand_6,342.0663,0.0,-0.0,0.0,-0.0,Sidewalk
749.5,128.0638,4.9399,-3.07178,0.0,0.06981,169.9388,0.9619,stand_6,342.0788,0.0,0.06981,0.0,0.06981,Sidewalk
750.0,128.0638,4.9399,-3.07178,0.0,-0.0,169.9388,0.9619,stand_6,342.0663,0.0,-0.0,0.0,-0.0,Sidewalk
750.5,128.0638,4.9399,-3.03687,0.0,0.06981,169.9388,0.9619,stand_6,342.0788,0.0,0.06981,0.0,0.06981,Sidewalk
751.0,128.0638,4.9399,-3.03687,0.0,-0.0,169.9388,0.9619,stand_6,342.0663,0.0,-0.0,0.0,-0.0,Sidewalk
751.5,128.0638,4.9399,-3.00197,0.0,0.06981,169.9388,0.9619,stand_6,342.0788,0.0,0.06981,0.0,0.06981,Sidewalk
752.0,128.0638,4.9399,-3.00197,0.0,-0.0,169.9388,0.9619,stand_6,342.0663,0.0,-0.0,0.0,-0.0,Sidewalk
752.5,128.0638,4.9399,-2.96706,0.0,0.06981,169.9388,0.9619,stand_6,342.0788,0.0,0.06981,0.0,0.06981,Sidewalk
753.0,128.0638,4.9399,-2.96706,0.0,-0.0,169.9388,0.9619,stand_6,342.0662,0.0,-0.0,0.0,-0.0,Sidewalk
753.5,128.0638,4.9399,-2.93215,0.0,0.06981,169.9388,0.9619,stand_6,342.0788,0.0,0.06981,0.0,0.06981,Sidewalk
754.0,128.0638,4.9399,-2.93215,0.0,-0.0,169.9388,0.9619,stand_6,342.0662,0.0,-0.0,0.0,-0.0,Sidewalk
754.5,128.0638,4.9399,-2.89725,0.0,0.06981,169.9388,0.9619,stand_6,342.0788,0.0,0.06981,0.0,0.06981,Sidewalk
755.0,128.0638,4.9399,-2.89725,0.0,-0.0,169.9388,0.9619,stand_6,342.0662,0.0,-0.0,0.0,-0.0,Sidewalk
755.5,128.0638,4.9399,-2.86234,0.0,0.06981,169.9388,0.9619,stand_6,342.0788,0.0,0.06981,0.0,0.06981,Sidewalk
756.0,128.0638,4.9399,-2.86234,0.0,-0.0,169.9388,0.9619,stand_6,342.0662,0.0,-0.0,0.0,-0.0,Sidewalk
756.5,128.0638,4.9399,-2.82743,0.0,0.06981,169.9388,0.9619,stand_6,342.0788,0.0,0.06981,0.0,0.06981,Sidewalk
757.0,128.0638,4.9399,-2.82743,0.0,-0.0,169.9388,0.9619,stand_6,342.0662,0.0,-0.0,0.0,-0.0,Sidewalk
757.5,128.0638,4.9399,-2.79253,0.0,0.06981,169.9388,0.9619,stand_6,342.0788,0.0,0.06981,0.0,0.06981,Sidewalk
758.0,128.0638,4.9399,-2.79253,0.0,-0.0,169.9388,0.9619,stand_6,342.0662,0.0,-0.0,0.0,-0.0,Sidewalk
758.5,128.0638,4.9399,-2.75762,0.0,0.06981,169.9388,0.9619,stand_6,342.0788,0.0,0.06981,0.0,0.06981,Sidewalk
759.0,128.0638,4.9399,-2.75762,0.0,-0.0,169.9388,0.9619,stand_6,342.0662,0.0,-0.0,0.0,-0.0,Sidewalk
759.5,128.0638,4.9399,-2.72271,0.0,0.06981,169.9388,0.9619,stand_6,342.0788,0.0,0.06981,0.0,0.06981,Sidewalk
760.0,128.0638,4.9399,-2.72271,0.0,-0.0,169.9388,0.9619,stand_6,342.0662,0.0,-0.0,0.0,-0.0,Sidewalk
760.5,128.0638,4.9399,-2.68781,0.0,0.06981,169.9388,0.9619,stand_6,342.0787,0.0,0.06981,0.0,0.06981,Sidewalk
761.0,128.0638,4.9399,-2.68781,0.0,-0.0,169.9388,0.9619,stand_6,342.0662,0.0,-0.0,0.0,-0.0,Sidewalk
761.5,128.0638,4.9399,-2.6529,0.0,0.06981,169.9388,0.9619,stand_6,342.0787,0.0,0.06981,0.0,0.06981,Sidewalk
762.0,128.0638,4.9399,-2.6529,0.0,-0.0,169.9388,0.9619,stand_6,342.0662,0.0,-0.0,0.0,-0.0,Sidewalk
762.5,128.0638,4.9399,-2.61799,0.0,0.06981,169.9388,0.9619,stand_6,342.0787,0.0,0.06981,0.0,0.06981,Sidewalk
763.0,128.0638,4.9399,-2.61799,0.0,-0.0,169.9388,0.962,stand_6,342.0662,0.0,-0.0,0.0,-0.0,Sidewalk
763.5,128.0638,4.9399,-2.58309,0.0,0.06981,169.9388,0.962,stand_6,342.0787,0.0,0.06981,0.0,0.06981,Sidewalk
764.0,128.0638,4.9399,-2.58309,0.0,-0.0,169.9388,0.962,stand_6,342.0662,0.0,-0.0,0.0,-0.0,Sidewalk
764.5,128.0638,4.9399,-2.54818,0.0,0.06981,169.9388,0.962,stand_6,342.0787,0.0,0.06981,0.0,0.06981,Sidewalk
765.0,128.0638,4.9399,-2.54818,0.0,-0.0,169.9388,0.962,stand_6,342.0661,0.0,-0.0,0.0,-0.0,Sidewalk
765.5,128.0638,4.9399,-2.51327,0.0,0.06981,169.9388,0.962,stand_6,342.0787,0.0,0.06981,0.0,0.06981,Sidewalk
766.0,128.0638,4.9399,-2.51327,0.0,-0.0,169.9388,0.962,stand_6,342.0661,0.0,-0.0,0.0,-0.0,Sidewalk
766.5,128.0638,4.9399,-2.47837,0.0,0.06981,169.9388,0.962,stand_6,342.0787,0.0,0.06981,0.0,0.06981,Sidewalk
767.0,128.0638,4.9399,-2.47837,0.0,-0.0,169.9388,0.962,stand_6,342.0661,0.0,-0.0,0.0,-0.0,Sidewalk
767.5,128.0638,4.9399,-2.44346,0.0,0.06981,169.9388,0.962,stand_6,342.0787,0.0,0.06981,0.0,0.06981,Sidewalk
768.0,128.0638,4.9399,-2.44346,0.0,-0.0,169.9388,0.962,stand_6,342.0661,0.0,-0.0,0.0,-0.0,Sidewalk
768.5,128.0638,4.9399,-2.40855,0.0,0.06981,169.9388,0.962,stand_6,342.0787,0.0,0.06981,0.0,0.06981,Sidewalk
769.0,128.0638,4.9399,-2.40855,0.0,-0.0,169.9388,0.962,stand_6,342.0661,0.0,-0.0,0.0,-0.0,Sidewalk
769.5,128.0638,4.9399,-2.37365,0.0,0.06981,169.9388,0.962,stand_6,342.0787,0.0,0.06981,0.0,0.06981,Sidewalk
770.0,128.0638,4.9399,-2.37365,0.0,-0.0,169.9388,0.962,stand_6,342.0661,0.0,-0.0,0.0,-0.0,Sidewalk
770.5,128.0638,4.9399,-2.33874,0.0,0.06981,169.9388,0.962,stand_6,342.0787,0.0,0.06981,0.0,0.06981,Sidewalk
771.0,128.0638,4.9399,-2.33874,0.0,-0.0,169.9388,0.962,stand_6,342.0661,0.0,-0.0,0.0,-0.0,Sidewalk
771.5,128.0638,4.9399,-2.30383,0.0,0.06981,169.9388,0.962,stand_6,342.0787,0.0,0.06981,0.0,0.06981,Sidewalk
772.0,128.0638,4.9399,-2.30383,0.0,-0.0,169.9388,0.962,stand_6,342.0661,0.0,-0.0,0.0,-0.0,Sidewalk
772.5,128.0638,4.9399,-2.26893,0.0,0.06981,169.9388,0.962,stand_6,342.0787,0.0,0.06981,0.0,0.06981,Sidewalk
773.0,128.0638,4.9399,-2.26893,0.0,-0.0,169.9388,0.962,stand_6,342.0661,0.0,-0.0,0.0,-0.0,Sidewalk
773.5,128.0638,4.9399,-2.23402,0.0,0.06981,169.9388,0.962,stand_6,342.0786,0.0,0.06981,0.0,0.06981,Sidewalk
774.0,128.0638,4.9399,-2.23402,0.0,-0.0,169.9388,0.962,stand_6,342.0661,0.0,-0.0,0.0,-0.0,Sidewalk
774.5,128.0638,4.9399,-2.19911,0.0,0.06981,169.9388,0.962,stand_6,342.0786,0.0,0.06981,0.0,0.06981,Sidewalk
775.0,128.0638,4.9399,-2.19911,0.0,-0.0,169.9388,0.962,stand_6,342.0661,0.0,-0.0,0.0,-0.0,Sidewalk
775.5,128.0638,4.9399,-2.16421,0.0,0.06981,169.9388,0.962,stand_6,342.0786,0.0,0.06981,0.0,0.06981,Sidewalk
776.0,128.0638,4.9399,-2.16421,0.0,-0.0,169.9388,0.962,stand_6,342.0661,0.0,-0.0,0.0,-0.0,Sidewalk
776.5,128.0638,4.9399,-2.1293,0.0,0.06981,169.9388,0.962,stand_6,342.0786,0.0,0.06981,0.0,0.06981,Sidewalk
777.0,128.0638,4.9399,-2.1293,0.0,-0.0,169.9388,0.962,stand_6,342.0661,0.0,-0.0,0.0,-0.0,Sidewalk
777.5,128.0638,4.9399,-2.0944,0.0,0.06981,169.9388,0.962,stand_6,342.0786,0.0,0.06981,0.0,0.06981,Sidewalk
778.0,128.0638,4.9399,-2.0944,0.0,-0.0,169.9388,0.962,stand_6,342.066,0.0,-0.0,0.0,-0.0,Sidewalk
778.5,128.0638,4.9399,-2.05949,0.0,0.06981,169.9388,0.962,stand_6,342.0786,0.0,0.06981,0.0,0.06981,Sidewalk
779.0,128.0638,4.9399,-2.05949,0.0,-0.0,169.9388,0.962,stand_6,342.066,0.0,-0.0,0.0,-0.0,Sidewalk
779.5,128.0638,4.9399,-2.02458,0.0,0.06981,169.9388,0.962,stand_6,342.0786,0.0,0.06981,0.0,0.06981,Sidewalk
780.0,128.0638,4.9399,-2.02458,0.0,-0.0,169.9388,0.962,stand_6,342.066,0.0,-0.0,0.0,-0.0,Sidewalk
780.5,128.0638,4.9399,-1.98968,0.0,0.06981,169.9388,0.962,stand_6,342.0786,0.0,0.06981,0.0,0.06981,Sidewalk
781.0,128.0638,4.9399,-1.98968,0.0,-0.0,169.9388,0.962,stand_6,342.066,0.0,-0.0,0.0,-0.0,Sidewalk
781.5,128.0638,4.9399,-1.95477,0.0,0.06981,169.9388,0.962,stand_6,342.0786,0.0,0.06981,0.0,0.06981,Sidewalk
782.0,128.0638,4.9399,-1.95477,0.0,-0.0,169.9388,0.962,stand_6,342.066,0.0,-0.0,0.0,-0.0,Sidewalk
782.5,128.0638,4.9399,-1.91986,0.0,0.06981,169.9388,0.962,stand_6,342.0786,0.0,0.06981,0.0,0.06981,Sidewalk
783.0,128.0638,4.9399,-1.91986,0.0,-0.0,169.9388,0.962,stand_6,342.066,0.0,-0.0,0.0,-0.0,Sidewalk
783.5,128.0638,4.9399,-1.88496,0.0,0.06981,169.9388,0.962,stand_6,342.0786,0.0,0.06981,0.0,0.06981,Sidewalk
784.0,128.0638,4.9399,-1.88496,0.0,-0.0,169.9388,0.962,stand_6,342.066,0.0,-0.0,0.0,-0.0,Sidewalk
784.5,128.0638,4.9399,-1.85005,0.0,0.06981,169.9388,0.962,stand_6,342.0786,0.0,0.06981,0.0,0.06981,Sidewalk
785.0,128.0638,4.9399,-1.85005,0.0,-0.0,169.9388,0.962,stand_6,342.066,0.0,-0.0,0.0,-0.0,Sidewalk
785.5,128.0638,4.9399,-1.81514,0.0,0.06981,169.9388,0.962,stand_6,342.0786,0.0,0.06981,0.0,0.06981,Sidewalk
786.0,128.0638,4.9399,-1.81514,0.0,-0.0,169.9388,0.962,stand_6,342.066,0.0,-0.0,0.0,-0.0,Sidewalk
786.5,128.0638,4.9399,-1.78024,0.0,0.06981,169.9388,0.962,stand_6,342.0785,0.0,0.06981,0.0,0.06981,Sidewalk
787.0,128.0638,4.9399,-1.78024,0.0,-0.0,169.9388,0.962,stand_6,342.066,0.0,-0.0,0.0,-0.0,Sidewalk
787.5,128.0638,4.9399,-1.74533,0.0,0.06981,169.9388,0.962,stand_6,342.0785,0.0,0.06981,0.0,0.06981,Sidewalk
788.0,128.0638,4.9399,-1.74533,0.0,-0.0,169.9388,0.962,stand_6,342.066,0.0,-0.0,0.0,-0.0,Sidewalk
788.5,128.0638,4.9399,-1.71042,0.0,0.06981,169.9388,0.962,stand_6,342.0785,0.0,0.06981,0.0,0.06981,Sidewalk
789.0,128.0638,4.9399,-1.71042,0.0,-0.0,169.9388,0.962,stand_6,342.066,0.0,-0.0,0.0,-0.0,Sidewalk
789.5,128.0638,4.9399,-1.67552,0.0,0.06981,169.9388,0.962,stand_6,342.0785,0.0,0.06981,0.0,0.06981,Sidewalk
790.0,128.0638,4.9399,-1.67552,0.0,-0.0,169.9388,0.962,stand_6,342.0659,0.0,-0.0,0.0,-0.0,Sidewalk
790.5,128.0638,4.9399,-1.64061,0.0,0.06981,169.9388,0.962,stand_6,342.0785,0.0,0.06981,0.0,0.06981,Sidewalk
791.0,128.0638,4.9399,-1.64061,0.0,-0.0,169.9388,0.962,stand_6,342.0659,0.0,-0.0,0.0,-0.0,Sidewalk
791.5,128.0638,4.9399,-1.6057,0.0,0.06981,169.9388,0.962,stand_6,342.0785,0.0,0.06981,0.0,0.06981,Sidewalk
792.0,128.0638,4.9399,-1.6057,0.0,-0.0,169.9388,0.962,stand_6,342.0659,0.0,-0.0,0.0,-0.0,Sidewalk
792.5,128.0638,4.9399,-1.5708,0.0,0.06981,169.9388,0.962,stand_6,342.0785,0.0,0.06981,0.0,0.06981,Sidewalk
793.0,128.0638,4.9399,-1.5708,0.0,-0.0,169.9388,0.962,stand_6,342.0659,0.0,-0.0,0.0,-0.0,Sidewalk
793.5,128.0638,4.9399,-1.53589,0.0,0.06981,169.9388,0.962,stand_6,342.0785,0.0,0.06981,0.0,0.06981,Sidewalk
794.0,128.0638,4.9399,-1.53589,0.0,-0.0,169.9388,0.962,stand_6,342.0659,0.0,-0.0,0.0,-0.0,Sidewalk
794.5,128.0638,4.9399,-1.50098,0.0,0.06981,169.9388,0.962,stand_6,342.0785,0.0,0.06981,0.0,0.06981,Sidewalk
795.0,128.0638,4.9399,-1.50098,0.0,-0.0,169.9388,0.9621,stand_6,342.0659,0.0,-0.0,0.0,-0.0,Sidewalk
795.5,128.0638,4.9399,-1.46608,0.0,0.06981,169.9388,0.9621,stand_6,342.0785,0.0,0.06981,0.0,0.06981,Sidewalk
796.0,128.0638,4.9399,-1.46608,0.0,-0.0,169.9388,0.9621,stand_6,342.0659,0.0,-0.0,0.0,-0.0,Sidewalk
796.5,128.0638,4.9399,-1.43117,0.0,0.06981,169.9388,0.9621,stand_6,342.0785,0.0,0.06981,0.0,0.06981,Sidewalk
797.0,128.0638,4.9399,-1.43117,0.0,-0.0,169.9388,0.9621,stand_6,342.0659,0.0,-0.0,0.0,-0.0,Sidewalk
797.5,128.0638,4.9399,-1.39626,0.0,0.06981,169.9388,0.9621,stand_6,342.0784,0.0,0.06981,0.0,0.06981,Sidewalk
798.0,128.0638,4.9399,-1.39626,0.0,-0.0,169.9388,0.9621,stand_6,342.0659,0.0,-0.0,0.0,-0.0,Sidewalk
798.5,128.0638,4.9399,-1.36136,0.0,0.06981,169.9388,0.9621,stand_6,342.0784,0.0,0.06981,0.0,0.06981,Sidewalk
799.0,128.0638,4.9399,-1.36136,0.0,-0.0,169.9388,0.9621,stand_6,342.0659,0.0,-0.0,0.0,-0.0,Sidewalk
799.5,128.0638,4.9399,-1.32645,0.0,0.06981,169.9388,0.9621,stand_6,342.0784,0.0,0.06981,0.0,0.06981,Sidewalk
800.0,128.0638,4.9399,-1.32645,0.0,-0.0,169.9388,0.9621,stand_6,342.0659,0.0,-0.0,0.0,-0.0,Sidewalk
800.5,128.0638,4.9399,-1.29154,0.0,0.06981,169.9388,0.9621,stand_6,342.0784,0.0,0.06981,0.0,0.06981,Sidewalk
801.0,128.0638,4.9399,-1.29154,0.0,-0.0,169.9388,0.9621,stand_6,342.0659,0.0,-0.0,0.0,-0.0,Sidewalk
801.5,128.0638,4.9399,-1.25664,0.0,0.06981,169.9388,0.9621,stand_6,342.0784,0.0,0.06981,0.0,0.06981,Sidewalk
802.0,128.0638,4.9399,-1.25664,0.0,-0.0,169.9388,0.9621,stand_6,342.0658,0.0,-0.0,0.0,-0.0,Sidewalk
802.5,128.0638,4.9399,-1.22173,0.0,0.06981,169.9388,0.9621,stand_6,342.0784,0.0,0.06981,0.0,0.06981,Sidewalk
803.0,128.0638,4.9399,-1.22173,0.0,-0.0,169.9388,0.9621,stand_6,342.0658,0.0,-0.0,0.0,-0.0,Sidewalk
803.5,128.0638,4.9399,-1.18682,0.0,0.06981,169.9388,0.9621,stand_6,342.0784,0.0,0.06981,0.0,0.06981,Sidewalk
804.0,128.0638,4.9399,-1.18682,0.0,-0.0,169.9388,0.9621,stand_6,342.0658,0.0,-0.0,0.0,-0.0,Sidewalk
804.5,128.0638,4.9399,-1.15192,0.0,0.06981,169.9388,0.9621,stand_6,342.0784,0.0,0.06981,0.0,0.06981,Sidewalk
805.0,128.0638,4.9399,-1.15192,0.0,-0.0,169.9388,0.9621,stand_6,342.0658,0.0,-0.0,0.0,-0.0,Sidewalk
805.5,128.0638,4.9399,-1.11701,0.0,0.06981,169.9388,0.9621,stand_6,342.0784,0.0,0.06981,0.0,0.06981,Sidewalk
806.0,128.0638,4.9399,-1.11701,0.0,-0.0,169.9388,0.9621,stand_6,342.0658,0.0,-0.0,0.0,-0.0,Sidewalk
806.5,128.0638,4.9399,-1.0821,0.0,0.06981,169.9388,0.9621,stand_6,342.0784,0.0,0.06981,0.0,0.06981,Sidewalk
807.0,128.0638,4.9399,-1.0821,0.0,-0.0,169.9388,0.9621,stand_6,342.0658,0.0,-0.0,0.0,-0.0,Sidewalk
807.5,128.0638,4.9399,-1.0472,0.0,0.06981,169.9388,0.9621,stand_6,342.0784,0.0,0.06981,0.0,0.06981,Sidewalk
808.0,128.0638,4.9399,-1.0472,0.0,-0.0,169.9388,0.9621,stand_6,342.0658,0.0,-0.0,0.0,-0.0,Sidewalk
808.5,128.0638,4.9399,-1.01229,0.0,0.06981,169.9388,0.9621,stand_6,342.0784,0.0,0.06981,0.0,0.06981,Sidewalk
809.0,128.0638,4.9399,-1.01229,0.0,-0.0,169.9388,0.9621,stand_6,342.0658,0.0,-0.0,0.0,-0.0,Sidewalk
809.5,128.0638,4.9399,-0.97738,0.0,0.06981,169.9388,0.9621,stand_6,342.0784,0.0,0.06981,0.0,0.06981,Sidewalk
810.0,128.0638,4.9399,-0.97738,0.0,-0.0,169.9388,0.9621,stand_6,342.0658,0.0,-0.0,0.0,-0.0,Sidewalk
810.5,128.0638,4.9399,-0.94248,0.0,0.06981,169.9388,0.9621,stand_6,342.0784,0.0,0.06981,0.0,0.06981,Sidewalk
811.0,128.0638,4.9399,-0.94248,0.0,-0.0,169.9388,0.9621,stand_6,342.0658,0.0,-0.0,0.0,-0.0,Sidewalk
811.5,128.0638,4.9399,-0.90757,0.0,0.06981,169.9388,0.9621,stand_6,342.0784,0.0,0.06981,0.0,0.06981,Sidewalk
812.0,128.0638,4.9399,-0.90757,0.0,-0.0,169.9388,0.9621,stand_6,342.0658,0.0,-0.0,0.0,-0.0,Sidewalk
812.5,128.0638,4.9399,-0.87266,0.0,0.06981,169.9388,0.9621,stand_6,342.0783,0.0,0.06981,0.0,0.06981,Sidewalk
813.0,128.0638,4.9399,-0.87266,0.0,-0.0,169.9388,0.9621,stand_6,342.0658,0.0,-0.0,0.0,-0.0,Sidewalk
813.5,128.0638,4.9399,-0.83776,0.0,0.06981,169.9388,0.9621,stand_6,342.0783,0.0,0.06981,0.0,0.06981,Sidewalk
814.0,128.0638,4.9399,-0.83776,0.0,-0.0,169.9388,0.9621,stand_6,342.0658,0.0,-0.0,0.0,-0.0,Sidewalk
814.5,128.0638,4.9399,-0.80285,0.0,0.06981,169.9388,0.9621,stand_6,342.0783,0.0,0.06981,0.0,0.06981,Sidewalk
815.0,128.0638,4.9399,-0.80285,0.0,-0.0,169.9388,0.9621,stand_6,342.0658,0.0,-0.0,0.0,-0.0,Sidewalk
815.5,128.0638,4.9399,-0.76794,0.0,0.06981,169.9388,0.9621,stand_6,342.0783,0.0,0.06981,0.0,0.06981,Sidewalk
816.0,128.0638,4.9399,-0.76794,0.0,-0.0,169.9388,0.9621,stand_6,342.0657,0.0,-0.0,0.0,-0.0,Sidewalk
816.5,128.0638,4.9399,-0.73304,0.0,0.06981,169.9388,0.9621,stand_6,342.0783,0.0,0.06981,0.0,0.06981,Sidewalk
817.0,128.0638,4.9399,-0.73304,0.0,-0.0,169.9388,0.9621,stand_6,342.0657,0.0,-0.0,0.0,-0.0,Sidewalk
817.5,128.0638,4.9399,-0.69813,0.0,0.06981,169.9388,0.9621,stand_6,342.0783,0.0,0.06981,0.0,0.06981,Sidewalk
818.0,128.0638,4.9399,-0.69813,0.0,-0.0,169.9388,0.9621,stand_6,342.0657,0.0,-0.0,0.0,-0.0,Sidewalk
818.5,128.0638,4.9399,-0.66323,0.0,0.06981,169.9388,0.9621,stand_6,342.0783,0.0,0.06981,0.0,0.06981,Sidewalk
819.0,128.0638,4.9399,-0.66323,0.0,-0.0,169.9388,0.9621,stand_6,342.0657,0.0,-0.0,0.0,-0.0,Sidewalk
819.5,128.0638,4.9399,-0.62832,0.0,0.06981,169.9388,0.9621,stand_6,342.0783,0.0,0.06981,0.0,0.06981,Sidewalk
820.0,128.0638,4.9399,-0.62832,0.0,-0.0,169.9388,0.9621,stand_6,342.0657,0.0,-0.0,0.0,-0.0,Sidewalk
820.5,128.0638,4.9399,-0.59341,0.0,0.06981,169.9388,0.9621,stand_6,342.0783,0.0,0.06981,0.0,0.06981,Sidewalk
821.0,128.0638,4.9399,-0.59341,0.0,-0.0,169.9388,0.9621,stand_6,342.0657,0.0,-0.0,0.0,-0.0,Sidewalk
821.5,128.0638,4.9399,-0.55851,0.0,0.06981,169.9388,0.9621,stand_6,342.0783,0.0,0.06981,0.0,0.06981,Sidewalk
822.0,128.0638,4.9399,-0.55851,0.0,-0.0,169.9388,0.9621,stand_6,342.0657,0.0,-0.0,0.0,-0.0,Sidewalk
822.5,128.0638,4.9399,-0.5236,0.0,0.06981,169.9388,0.9621,stand_6,342.0783,0.0,0.06981,0.0,0.06981,Sidewalk
823.0,128.0638,4.9399,-0.5236,0.0,-0.0,169.9388,0.9621,stand_6,342.0657,0.0,-0.0,0.0,-0.0,Sidewalk
823.5,128.0638,4.9399,-0.48869,0.0,0.06981,169.9388,0.9621,stand_6,342.0783,0.0,0.06981,0.0,0.06981,Sidewalk
824.0,128.0638,4.9399,-0.48869,0.0,-0.0,169.9388,0.9621,stand_6,342.0657,0.0,-0.0,0.0,-0.0,Sidewalk
824.5,128.0638,4.9399,-0.45379,0.0,0.06981,169.9388,0.9621,stand_6,342.0782,0.0,0.06981,0.0,0.06981,Sidewalk
825.0,128.0638,4.9399,-0.45379,0.0,-0.0,169.9388,0.9621,stand_6,342.0657,0.0,-0.0,0.0,-0.0,Sidewalk
825.5,128.0638,4.9399,-0.41888,0.0,0.06981,169.9388,0.9621,stand_6,342.0782,0.0,0.06981,0.0,0.06981,Sidewalk
826.0,128.0638,4.9399,-0.41888,0.0,-0.0,169.9388,0.9621,stand_6,342.0657,0.0,-0.0,0.0,-0.0,Sidewalk
826.5,128.0638,4.9399,-0.38397,0.0,0.06981,169.9388,0.9621,stand_6,342.0782,0.0,0.06981,0.0,0.06981,Sidewalk
827.0,128.0638,4.9399,-0.38397,0.0,-0.0,169.9388,0.9621,stand_6,342.0657,0.0,-0.0,0.0,-0.0,Sidewalk
827.5,128.0638,4.9399,-0.34907,0.0,0.06981,169.9388,0.9621,stand_6,342.0782,0.0,0.06981,0.0,0.06981,Sidewalk
828.0,128.0638,4.9399,-0.34907,0.0,-0.0,169.9388,0.9621,stand_6,342.0657,0.0,-0.0,0.0,-0.0,Sidewalk
828.5,128.0638,4.9399,-0.31416,0.0,0.06981,169.9388,0.9621,stand_6,342.0782,0.0,0.06981,0.0,0.06981,Sidewalk
829.0,128.0638,4.9399,-0.31416,0.0,-0.0,169.9388,0.9621,stand_6,342.0656,0.0,-0.0,0.0,-0.0,Sidewalk
829.5,128.0638,4.9399,-0.27925,0.0,0.06981,169.9388,0.9621,stand_6,342.0782,0.0,0.06981,0.0,0.06981,Sidewalk
830.0,128.0638,4.9399,-0.27925,0.0,-0.0,169.9388,0.9621,stand_6,342.0656,0.0,-0.0,0.0,-0.0,Sidewalk
830.5,128.0638,4.9399,-0.24435,0.0,0.06981,169.9388,0.9621,stand_6,342.0782,0.0,0.06981,0.0,0.06981,Sidewalk
831.0,128.0638,4.9399,-0.24435,0.0,-0.0,169.9388,0.9621,stand_6,342.0656,0.0,-0.0,0.0,-0.0,Sidewalk
831.5,128.0638,4.9399,-0.20944,0.0,0.06981,169.9388,0.9622,stand_6,342.0782,0.0,0.06981,0.0,0.06981,Sidewalk
832.0,128.0638,4.9399,-0.20944,0.0,-0.0,169.9388,0.9622,stand_6,342.0656,0.0,-0.0,0.0,-0.0,Sidewalk
832.5,128.0638,4.9399,-0.17453,0.0,0.06981,169.9388,0.9622,stand_6,342.0782,0.0,0.06981,0.0,0.06981,Sidewalk
833.0,128.0638,4.9399,-0.17453,0.0,-0.0,169.9388,0.9622,stand_6,342.0656,0.0,-0.0,0.0,-0.0,Sidewalk
833.5,128.0638,4.9399,-0.13963,0.0,0.06981,169.9388,0.9622,stand_6,342.0782,0.0,0.06981,0.0,0.06981,Sidewalk
834.0,128.0638,4.9399,-0.13963,0.0,-0.0,169.9388,0.9622,stand_6,342.0656,0.0,-0.0,0.0,-0.0,Sidewalk
834.5,128.0638,4.9399,-0.10472,0.0,0.06981,169.9388,0.9622,stand_6,342.0782,0.0,0.06981,0.0,0.06981,Sidewalk
835.0,128.0638,4.9399,-0.10472,0.0,-0.0,169.9388,0.9622,stand_6,342.0656,0.0,-0.0,0.0,-0.0,Sidewalk
835.5,128.0638,4.9399,-0.06981,0.0,0.06981,169.9388,0.9622,stand_6,342.0782,0.0,0.06981,0.0,0.06981,Sidewalk
836.0,128.0638,4.9399,-0.06981,0.0,-0.0,169.9388,0.9622,stand_6,342.0656,0.0,-0.0,0.0,-0.0,Sidewalk
836.5,128.0638,4.9399,-0.03491,0.0,0.06981,169.9388,0.9622,stand_6,342.0782,0.0,0.06981,0.0,0.06981,Sidewalk
837.0,128.0638,4.9399,-0.03491,0.0,-0.0,169.9388,0.9622,stand_6,342.0656,0.0,-0.0,0.0,-0.0,Sidewalk
837.5,128.0638,4.9399,-0.0,0.0,0.06981,169.9388,0.9622,stand_6,342.0781,0.0,0.06981,0.0,0.06981,Sidewalk
838.0,128.0638,4.9399,-0.0,0.0,-0.0,169.9388,0.9622,stand_6,342.0656,0.0,-0.0,0.0,-0.0,Sidewalk
838.5,128.0638,4.9399,0.03491,0.0,0.06981,169.9388,0.9622,stand_6,342.0781,0.0,0.06981,0.0,0.06981,Sidewalk
839.0,128.0638,4.9399,0.03491,0.0,-0.0,169.9388,0.9622,stand_6,342.0656,0.0,-0.0,0.0,-0.0,Sidewalk
839.5,128.0638,4.9399,0.06981,0.0,0.06981,169.9388,0.9622,stand_6,342.0781,0.0,0.06981,0.0,0.06981,Sidewalk
840.0,128.0638,4.9399,0.06981,0.0,-0.0,169.9388,0.9622,stand_6,342.0656,0.0,-0.0,0.0,-0.0,Sidewalk
840.5,128.0638,4.9399,0.10472,0.0,0.06981,169.9388,0.9622,stand_6,342.0781,0.0,0.06981,0.0,0.06981,Sidewalk
841.0,128.0638,4.9399,0.10472,0.0,-0.0,169.9388,0.9622,stand_6,342.0656,0.0,-0.0,0.0,-0.0,Sidewalk
841.5,128.0638,4.9399,0.13963,0.0,0.06981,169.9388,0.9622,stand_6,342.0781,0.0,0.06981,0.0,0.06981,Sidewalk
842.0,128.0638,4.9399,0.13963,0.0,-0.0,169.9388,0.9622,stand_6,342.0656,0.0,-0.0,0.0,-0.0,Sidewalk
842.5,128.0638,4.9399,0.17453,0.0,0.06981,169.9388,0.9622,stand_6,342.0781,0.0,0.06981,0.0,0.06981,Sidewalk
843.0,128.0638,4.9399,0.17453,0.0,-0.0,169.9388,0.9622,stand_6,342.0655,0.0,-0.0,0.0,-0.0,Sidewalk
843.5,128.0638,4.9399,0.20944,0.0,0.06981,169.9388,0.9622,stand_6,342.0781,0.0,0.06981,0.0,0.06981,Sidewalk
844.0,128.0638,4.9399,0.20944,0.0,-0.0,169.9388,0.9622,stand_6,342.0655,0.0,-0.0,0.0,-0.0,Sidewalk
844.5,128.0638,4.9399,0.24435,0.0,0.06981,169.9388,0.9622,stand_6,342.0781,0.0,0.06981,0.0,0.06981,Sidewalk
845.0,128.0638,4.9399,0.24435,0.0,-0.0,169.9388,0.9622,stand_6,342.0655,0.0,-0.0,0.0,-0.0,Sidewalk
845.5,128.0638,4.9399,0.27925,0.0,0.06981,169.9388,0.9622,stand_6,342.0781,0.0,0.06981,0.0,0.06981,Sidewalk
846.0,128.0638,4.9399,0.27925,0.0,-0.0,169.9388,0.9622,stand_6,342.0655,0.0,-0.0,0.0,-0.0,Sidewalk
846.5,128.0638,4.9399,0.31416,0.0,0.06981,169.9388,0.9622,stand_6,342.0781,0.0,0.06981,0.0,0.06981,Sidewalk
847.0,128.0638,4.9399,0.31416,0.0,-0.0,169.9388,0.9622,stand_6,342.0655,0.0,-0.0,0.0,-0.0,Sidewalk
847.5,128.0638,4.9399,0.34907,0.0,0.06981,169.9388,0.9622,stand_6,342.0781,0.0,0.06981,0.0,0.06981,Sidewalk
848.0,128.0638,4.9399,0.34907,0.0,-0.0,169.9388,0.9622,stand_6,342.0655,0.0,-0.0,0.0,-0.0,Sidewalk
848.5,128.0638,4.9399,0.38397,0.0,0.06981,169.9388,0.9622,stand_6,342.0781,0.0,0.06981,0.0,0.06981,Sidewalk
849.0,128.0638,4.9399,0.38397,0.0,-0.0,169.9388,0.9622,stand_6,342.0655,0.0,-0.0,0.0,-0.0,Sidewalk
849.5,128.0638,4.9399,0.41888,0.0,0.06981,169.9388,0.9622,stand_6,342.0781,0.0,0.06981,0.0,0.06981,Sidewalk
850.0,128.0638,4.9399,0.41888,0.0,-0.0,169.9388,0.9622,stand_6,342.0655,0.0,-0.0,0.0,-0.0,Sidewalk
850.5,128.0638,4.9399,0.45379,0.0,0.06981,169.9388,0.9622,stand_6,342.078,0.0,0.06981,0.0,0.06981,Sidewalk
851.0,128.0638,4.9399,0.45379,0.0,-0.0,169.9388,0.9622,stand_6,342.0655,0.0,-0.0,0.0,-0.0,Sidewalk
851.5,128.0638,4.9399,0.48869,0.0,0.06981,169.9388,0.9622,stand_6,342.078,0.0,0.06981,0.0,0.06981,Sidewalk
852.0,128.0638,4.9399,0.48869,0.0,-0.0,169.9388,0.9622,stand_6,342.0655,0.0,-0.0,0.0,-0.0,Sidewalk
852.5,128.0638,4.9399,0.5236,0.0,0.06981,169.9388,0.9622,stand_6,342.078,0.0,0.06981,0.0,0.06981,Sidewalk
853.0,128.0638,4.9399,0.5236,0.0,-0.0,169.9388,0.9622,stand_6,342.0655,0.0,-0.0,0.0,-0.0,Sidewalk
853.5,128.0638,4.9399,0.55851,0.0,0.06981,169.9388,0.9622,stand_6,342.078,0.0,0.06981,0.0,0.06981,Sidewalk
854.0,128.0638,4.9399,0.55851,0.0,-0.0,169.9388,0.9622,stand_6,342.0655,0.0,-0.0,0.0,-0.0,Sidewalk
854.5,128.0638,4.9399,0.59341,0.0,0.06981,169.9388,0.9622,stand_6,342.078,0.0,0.06981,0.0,0.06981,Sidewalk
855.0,128.0638,4.9399,0.59341,0.0,-0.0,169.9388,0.9622,stand_6,342.0654,0.0,-0.0,0.0,-0.0,Sidewalk
855.5,128.0638,4.9399,0.62832,0.0,0.06981,169.9388,0.9622,stand_6,342.078,0.0,0.06981,0.0,0.06981,Sidewalk
856.0,128.0638,4.9399,0.62832,0.0,-0.0,169.9388,0.9622,stand_6,342.0654,0.0,-0.0,0.0,-0.0,Sidewalk
856.5,128.0638,4.9399,0.66323,0.0,0.06981,169.9388,0.9622,stand_6,342.078,0.0,0.06981,0.0,0.06981,Sidewalk
857.0,128.0638,4.9399,0.66323,0.0,-0.0,169.9388,0.9622,stand_6,342.0654,0.0,-0.0,0.0,-0.0,Sidewalk
857.5,128.0638,4.9399,0.69813,0.0,0.06981,169.9388,0.9622,stand_6,342.078,0.0,0.06981,0.0,0.06981,Sidewalk
858.0,128.0638,4.9399,0.69813,0.0,-0.0,169.9388,0.9622,stand_6,342.0654,0.0,-0.0,0.0,-0.0,Sidewalk
858.5,128.0638,4.9399,0.73304,0.0,0.06981,169.9388,0.9622,stand_6,342.078,0.0,0.06981,0.0,0.06981,Sidewalk
859.0,128.0638,4.9399,0.73304,0.0,-0.0,169.9388,0.9622,stand_6,342.0654,0.0,-0.0,0.0,-0.0,Sidewalk
859.5,128.0638,4.9399,0.76794,0.0,0.06981,169.9388,0.9622,stand_6,342.078,0.0,0.06981,0.0,0.06981,Sidewalk
860.0,128.0638,4.9399,0.76794,0.0,-0.0,169.9388,0.9622,stand_6,342.0654,0.0,-0.0,0.0,-0.0,Sidewalk
860.5,128.0638,4.9399,0.80285,0.0,0.06981,169.9388,0.9622,stand_6,342.078,0.0,0.06981,0.0,0.06981,Sidewalk
861.0,128.0638,4.9399,0.80285,0.0,-0.0,169.9388,0.9622,stand_6,342.0654,0.0,-0.0,0.0,-0.0,Sidewalk
861.5,128.0638,4.9399,0.83776,0.0,0.06981,169.9388,0.9622,stand_6,342.078,0.0,0.06981,0.0,0.06981,Sidewalk
862.0,128.0638,4.9399,0.83776,0.0,-0.0,169.9388,0.9622,stand_6,342.0654,0.0,-0.0,0.0,-0.0,Sidewalk
862.5,128.0638,4.9399,0.87266,0.0,0.06981,169.9388,0.9622,stand_6,342.0779,0.0,0.06981,0.0,0.06981,Sidewalk
863.0,128.0638,4.9399,0.87266,0.0,-0.0,169.9388,0.9622,stand_6,342.0654,0.0,-0.0,0.0,-0.0,Sidewalk
863.5,128.0638,4.9399,0.90757,0.0,0.06981,169.9388,0.9622,stand_6,342.0779,0.0,0.06981,0.0,0.06981,Sidewalk
864.0,128.0638,4.9399,0.90757,0.0,-0.0,169.9388,0.9622,stand_6,342.0654,0.0,-0.0,0.0,-0.0,Sidewalk
864.5,128.0638,4.9399,0.94248,0.0,0.06981,169.9388,0.9622,stand_6,342.0779,0.0,0.06981,0.0,0.06981,Sidewalk
865.0,128.0638,4.9399,0.94248,0.0,-0.0,169.9388,0.9623,stand_6,342.0654,0.0,-0.0,0.0,-0.0,Sidewalk
865.5,128.0638,4.9399,0.97738,0.0,0.06981,169.9388,0.9623,stand_6,342.0779,0.0,0.06981,0.0,0.06981,Sidewalk
866.0,128.0638,4.9399,0.97738,0.0,-0.0,169.9388,0.9623,stand_6,342.0654,0.0,-0.0,0.0,-0.0,Sidewalk
866.5,128.0638,4.9399,1.01229,0.0,0.06981,169.9388,0.9623,stand_6,342.0779,0.0,0.06981,0.0,0.06981,Sidewalk
867.0,128.0638,4.9399,1.01229,0.0,-0.0,169.9388,0.9623,stand_6,342.0653,0.0,-0.0,0.0,-0.0,Sidewalk
867.5,128.0638,4.9399,1.0472,0.0,0.06981,169.9388,0.9623,stand_6,342.0779,0.0,0.06981,0.0,0.06981,Sidewalk
868.0,128.0638,4.9399,1.0472,0.0,-0.0,169.9388,0.9623,stand_6,342.0653,0.0,-0.0,0.0,-0.0,Sidewalk
868.5,128.0638,4.9399,1.0821,0.0,0.06981,169.9388,0.9623,stand_6,342.0779,0.0,0.06981,0.0,0.06981,Sidewalk
869.0,128.0638,4.9399,1.0821,0.0,-0.0,169.9388,0.9623,stand_6,342.0653,0.0,-0.0,0.0,-0.0,Sidewalk
869.5,128.0638,4.9399,1.11701,0.0,0.06981,169.9388,0.9623,stand_6,342.0779,0.0,0.06981,0.0,0.06981,Sidewalk
870.0,128.0638,4.9399,1.11701,0.0,-0.0,169.9388,0.9623,stand_6,342.0653,0.0,-0.0,0.0,-0.0,Sidewalk
870.5,128.0638,4.9399,1.15192,0.0,0.06981,169.9388,0.9623,stand_6,342.0779,0.0,0.06981,0.0,0.06981,Sidewalk
871.0,128.0638,4.9399,1.15192,0.0,-0.0,169.9388,0.9623,stand_6,342.0653,0.0,-0.0,0.0,-0.0,Sidewalk
871.5,128.0638,4.9399,1.18682,0.0,0.06981,169.9388,0.9623,stand_6,342.0779,0.0,0.06981,0.0,0.06981,Sidewalk
872.0,128.0638,4.9399,1.18682,0.0,-0.0,169.9388,0.9623,stand_6,342.0653,0.0,-0.0,0.0,-0.0,Sidewalk
872.5,128.0638,4.9399,1.22173,0.0,0.06981,169.9388,0.9623,stand_6,342.0779,0.0,0.06981,0.0,0.06981,Sidewalk
873.0,128.0638,4.9399,1.22173,0.0,-0.0,169.9388,0.9623,stand_6,342.0653,0.0,-0.0,0.0,-0.0,Sidewalk
873.5,128.0638,4.9399,1.25664,0.0,0.06981,169.9388,0.9623,stand_6,342.0779,0.0,0.06981,0.0,0.06981,Sidewalk
874.0,128.0638,4.9399,1.25664,0.0,-0.0,169.9388,0.9623,stand_6,342.0653,0.0,-0.0,0.0,-0.0,Sidewalk
874.5,128.0638,4.9399,1.29154,0.0,0.06981,169.9388,0.9623,stand_6,342.0779,0.0,0.06981,0.0,0.06981,Sidewalk
875.0,128.0638,4.9399,1.29154,0.0,-0.0,169.9388,0.9623,stand_6,342.0653,0.0,-0.0,0.0,-0.0,Sidewalk
875.5,128.0638,4.9399,1.32645,0.0,0.06981,169.9388,0.9623,stand_6,342.0779,0.0,0.06981,0.0,0.06981,Sidewalk
876.0,128.0638,4.9399,1.32645,0.0,-0.0,169.9388,0.9623,stand_6,342.0653,0.0,-0.0,0.0,-0.0,Sidewalk
876.5,128.0638,4.9399,1.36136,0.0,0.06981,169.9388,0.9623,stand_6,342.0778,0.0,0.06981,0.0,0.06981,Sidewalk
877.0,128.0638,4.9399,1.36136,0.0,-0.0,169.9388,0.9623,stand_6,342.0653,0.0,-0.0,0.0,-0.0,Sidewalk
877.5,128.0638,4.9399,1.39626,0.0,0.06981,169.9388,0.9623,stand_6,342.0778,0.0,0.06981,0.0,0.06981,Sidewalk
878.0,128.0638,4.9399,1.39626,0.0,-0.0,169.9388,0.9623,stand_6,342.0653,0.0,-0.0,0.0,-0.0,Sidewalk
878.5,128.0638,4.9399,1.43117,0.0,0.06981,169.9388,0.9623,stand_6,342.0778,0.0,0.06981,0.0,0.06981,Sidewalk
879.0,128.0638,4.9399,1.43117,0.0,-0.0,169.9388,0.9623,stand_6,342.0653,0.0,-0.0,0.0,-0.0,Sidewalk
879.5,128.0638,4.9399,1.46608,0.0,0.06981,169.9388,0.9623,stand_6,342.0778,0.0,0.06981,0.0,0.06981,Sidewalk
880.0,128.0638,4.9399,1.46608,0.0,-0.0,169.9388,0.9623,stand_6,342.0653,0.0,-0.0,0.0,-0.0,Sidewalk
880.5,128.0638,4.9399,1.50098,0.0,0.06981,169.9388,0.9623,stand_6,342.0778,0.0,0.06981,0.0,0.06981,Sidewalk
881.0,128.0638,4.9399,1.50098,0.0,-0.0,169.9388,0.9623,stand_6,342.0652,0.0,-0.0,0.0,-0.0,Sidewalk
881.5,128.0638,4.9399,1.53589,0.0,0.06981,169.9388,0.9623,stand_6,342.0778,0.0,0.06981,0.0,0.06981,Sidewalk
882.0,128.0638,4.9399,1.53589,0.0,-0.0,169.9388,0.9623,stand_6,342.0652,0.0,-0.0,0.0,-0.0,Sidewalk
882.5,128.0638,4.9399,1.5708,0.0,0.06981,169.9388,0.9623,stand_6,342.0778,0.0,0.06981,0.0,0.06981,Sidewalk
883.0,128.0638,4.9399,1.5708,0.0,-0.0,169.9388,0.9623,stand_6,342.0652,0.0,-0.0,0.0,-0.0,Sidewalk
883.5,128.0638,4.9399,1.6057,0.0,0.06981,169.9388,0.9623,stand_6,342.0778,0.0,0.06981,0.0,0.06981,Sidewalk
884.0,128.0638,4.9399,1.6057,0.0,-0.0,169.9388,0.9623,stand_6,342.0652,0.0,-0.0,0.0,-0.0,Sidewalk
884.5,128.0638,4.9399,1.64061,0.0,0.06981,169.9388,0.9623,stand_6,342.0778,0.0,0.06981,0.0,0.06981,Sidewalk
885.0,128.0638,4.9399,1.64061,0.0,-0.0,169.9388,0.9623,stand_6,342.0652,0.0,-0.0,0.0,-0.0,Sidewalk
885.5,128.0638,4.9399,1.67552,0.0,0.06981,169.9388,0.9623,stand_6,342.0778,0.0,0.06981,0.0,0.06981,Sidewalk
886.0,128.0638,4.9399,1.67552,0.0,-0.0,169.9388,0.9623,stand_6,342.0652,0.0,-0.0,0.0,-0.0,Sidewalk
886.5,128.0638,4.9399,1.71042,0.0,0.06981,169.9388,0.9623,stand_6,342.0778,0.0,0.06981,0.0,0.06981,Sidewalk
887.0,128.0638,4.9399,1.71042,0.0,-0.0,169.9388,0.9623,stand_6,342.0652,0.0,-0.0,0.0,-0.0,Sidewalk
887.5,128.0638,4.9399,1.74533,0.0,0.06981,169.9388,0.9623,stand_6,342.0778,0.0,0.06981,0.0,0.06981,Sidewalk
888.0,128.0638,4.9399,1.74533,0.0,-0.0,169.9388,0.9623,stand_6,342.0652,0.0,-0.0,0.0,-0.0,Sidewalk
888.5,128.0638,4.9399,1.78024,0.0,0.06981,169.9388,0.9623,stand_6,342.0778,0.0,0.06981,0.0,0.06981,Sidewalk
889.0,128.0638,4.9399,1.78024,0.0,-0.0,169.9388,0.9623,stand_6,342.0652,0.0,-0.0,0.0,-0.0,Sidewalk
889.5,128.0638,4.9399,1.81514,0.0,0.06981,169.9388,0.9623,stand_6,342.0777,0.0,0.06981,0.0,0.06981,Sidewalk
890.0,128.0638,4.9399,1.81514,0.0,-0.0,169.9388,0.9623,stand_6,342.0652,0.0,-0.0,0.0,-0.0,Sidewalk
890.5,128.0638,4.9399,1.85005,0.0,0.06981,169.9388,0.9623,stand_6,342.0777,0.0,0.06981,0.0,0.06981,Sidewalk
891.0,128.0638,4.9399,1.85005,0.0,-0.0,169.9388,0.9623,stand_6,342.0652,0.0,-0.0,0.0,-0.0,Sidewalk
891.5,128.0638,4.9399,1.88496,0.0,0.06981,169.9388,0.9623,stand_6,342.0777,0.0,0.06981,0.0,0.06981,Sidewalk
892.0,128.0638,4.9399,1.88496,0.0,-0.0,169.9388,0.9623,stand_6,342.0652,0.0,-0.0,0.0,-0.0,Sidewalk
892.5,128.0638,4.9399,1.91986,0.0,0.06981,169.9388,0.9623,stand_6,342.0777,0.0,0.06981,0.0,0.06981,Sidewalk
893.0,128.0638,4.9399,1.91986,0.0,-0.0,169.9388,0.9623,stand_6,342.0652,0.0,-0.0,0.0,-0.0,Sidewalk
893.5,128.0638,4.9399,1.95477,0.0,0.06981,169.9388,0.9623,stand_6,342.0777,0.0,0.06981,0.0,0.06981,Sidewalk
894.0,128.0638,4.9399,1.95477,0.0,-0.0,169.9388,0.9623,stand_6,342.0651,0.0,-0.0,0.0,-0.0,Sidewalk
894.5,128.0638,4.9399,1.98968,0.0,0.06981,169.9388,0.9623,stand_6,342.0777,0.0,0.06981,0.0,0.06981,Sidewalk
895.0,128.0638,4.9399,1.98968,0.0,-0.0,169.9388,0.9623,stand_6,342.0651,0.0,-0.0,0.0,-0.0,Sidewalk
895.5,128.0638,4.9399,2.02458,0.0,0.06981,169.9388,0.9623,stand_6,342.0777,0.0,0.06981,0.0,0.06981,Sidewalk
896.0,128.0638,4.9399,2.02458,0.0,-0.0,169.9388,0.9623,stand_6,342.0651,0.0,-0.0,0.0,-0.0,Sidewalk
896.5,128.0638,4.9399,2.05949,0.0,0.06981,169.9388,0.9623,stand_6,342.0777,0.0,0.06981,0.0,0.06981,Sidewalk
897.0,128.0638,4.9399,2.05949,0.0,-0.0,169.9388,0.9623,stand_6,342.0651,0.0,-0.0,0.0,-0.0,Sidewalk
897.5,128.0638,4.9399,2.0944,0.0,0.06981,169.9388,0.9623,stand_6,342.0777,0.0,0.06981,0.0,0.06981,Sidewalk
898.0,128.0638,4.9399,2.0944,0.0,-0.0,169.9388,0.9623,stand_6,342.0651,0.0,-0.0,0.0,-0.0,Sidewalk
898.5,128.0638,4.9399,2.1293,0.0,0.06981,169.9388,0.9623,stand_6,342.0777,0.0,0.06981,0.0,0.06981,Sidewalk
899.0,128.0638,4.9399,2.1293,0.0,-0.0,169.9388,0.9623,stand_6,342.0651,0.0,-0.0,0.0,-0.0,Sidewalk
899.5,128.0638,4.9399,2.16421,0.0,0.06981,169.9388,0.9623,stand_6,342.0777,0.0,0.06981,0.0,0.06981,Sidewalk
900.0,128.0638,4.9399,2.16421,0.0,-0.0,169.9388,0.9623,stand_6,342.0651,0.0,-0.0,0.0,-0.0,Sidewalk
900.5,128.0638,4.9399,2.19911,0.0,0.06981,169.9388,0.9623,stand_6,342.0777,0.0,0.06981,0.0,0.06981,Sidewalk
