time,x,y,yaw,v,w,goal_distance,min_person_dist,closest_person,total_cost,action_linear_x,action_angular_z,observation_state_linear_x,observation_state_angular_z,observation_state_road_type
0.5,2.1999,3.993,-0.03491,0.4,-0.06981,295.8001,2.8002,walk_east_mid.0,590.6354,0.4,-0.06981,0.4,-0.06981,Sidewalk
1.0,2.5896,3.9794,-0.03491,0.78,-0.0,295.4104,2.8845,walk_east_up.0,588.5033,0.78,-0.0,0.78,-0.0,Sidewalk
1.5,2.9986,3.9508,-0.06981,0.82,-0.06981,295.0014,2.8701,walk_east_up.0,587.5267,0.82,-0.06981,0.82,-0.06981,Sidewalk
2.0,3.4376,3.9201,-0.06981,0.88,-0.0,294.5624,2.8015,walk_east_up.0,586.3342,0.88,-0.0,0.88,-0.0,Sidewalk
2.5,3.8752,3.8741,-0.10472,0.88,-0.06981,294.1249,2.7601,walk_east_up.0,585.4129,0.88,-0.06981,0.88,-0.06981,Sidewalk
3.0,4.3227,3.8271,-0.10472,0.9,-0.0,293.6774,2.7401,walk_east_up.0,584.4145,0.9,-0.0,0.9,-0.0,Sidewalk
3.5,4.7782,3.7631,-0.13963,0.92,-0.06981,293.2219,2.6955,walk_east_up.0,583.5068,0.92,-0.06981,0.92,-0.06981,Sidewalk
4.0,5.2436,3.6977,-0.13963,0.94,-0.0,292.7565,2.6623,walk_east_up.0,582.3864,0.94,-0.0,0.94,-0.0,Sidewalk
4.5,5.7111,3.6485,-0.10472,0.94,0.06981,292.2891,2.6059,walk_east_up.0,581.4103,0.94,0.06981,0.94,0.06981,Sidewalk
5.0,6.1785,3.5994,-0.10472,0.94,-0.0,291.8218,2.5702,walk_east_up.0,580.3548,0.94,-0.0,0.94,-0.0,Sidewalk
5.5,6.6473,3.5666,-0.06981,0.94,0.06981,291.353,2.4779,walk_east_up.0,579.5266,0.94,0.06981,0.94,0.06981,Sidewalk
6.0,7.1162,3.5338,-0.06981,0.94,-0.0,290.8842,2.4349,walk_east_up.0,578.3855,0.94,-0.0,0.94,-0.0,Sidewalk
6.5,7.5538,3.4878,-0.10472,0.88,-0.06981,290.4467,2.4012,walk_east_up.0,577.5868,0.88,-0.06981,0.88,-0.06981,Sidewalk
7.0,8.0212,3.4387,-0.10472,0.94,-0.0,289.9793,2.3281,walk_east_up.0,576.3778,0.94,-0.0,0.94,-0.0,Sidewalk
7.5,8.4901,3.4059,-0.06981,0.94,0.06981,289.5105,2.2572,walk_east_up.0,575.5108,0.94,0.06981,0.94,0.06981,Sidewalk
8.0,8.9589,3.3731,-0.06981,0.94,-0.0,289.0418,2.2327,walk_east_up.0,574.4547,0.94,-0.0,0.94,-0.0,Sidewalk
8.5,9.4286,3.3567,-0.03491,0.94,0.06981,288.5721,2.1624,walk_east_up.0,573.6501,0.94,0.06981,0.94,0.06981,Sidewalk
9.0,9.8984,3.3403,-0.03491,0.94,-0.0,288.1024,2.1087,walk_east_up.0,572.5879,0.94,-0.0,0.94,-0.0,Sidewalk
9.5,10.3684,3.3403,-0.0,0.94,0.06981,287.6324,2.0142,walk_east_up.0,571.7865,0.94,0.06981,0.94,0.06981,Sidewalk
10.0,10.8384,3.3403,-0.0,0.94,-0.0,287.1624,1.968,walk_east_up.0,570.6884,0.94,-0.0,0.94,-0.0,Sidewalk
10.5,11.3081,3.3567,0.03491,0.94,0.06981,286.6927,1.9184,walk_east_up.0,570.0029,0.94,0.06981,0.94,0.06981,Sidewalk
11.0,11.7778,3.3731,0.03491,0.94,-0.0,286.2229,1.817,walk_east_up.0,568.8854,0.94,-0.0,0.94,-0.0,Sidewalk
11.5,12.2478,3.3731,-0.0,0.94,-0.06981,285.7529,1.7671,walk_east_up.0,567.8871,0.94,-0.06981,0.94,-0.06981,Sidewalk
12.0,12.7178,3.3731,-0.0,0.94,-0.0,285.2829,1.7155,walk_east_up.0,566.9491,0.94,-0.0,0.94,-0.0,Sidewalk
12.5,13.1875,3.3567,-0.03491,0.94,-0.06981,284.8132,1.6589,walk_east_up.0,566.0121,0.94,-0.06981,0.94,-0.06981,Sidewalk
13.0,13.6572,3.3403,-0.03491,0.94,-0.0,284.3436,1.5989,walk_east_up.0,565.0253,0.94,-0.0,0.94,-0.0,Sidewalk
13.5,14.1272,3.3403,-0.0,0.94,0.06981,283.8736,1.5317,walk_east_up.0,564.1774,0.94,0.06981,0.94,0.06981,Sidewalk
14.0,14.5972,3.3403,-0.0,0.94,-0.0,283.4036,1.5,walk_east_up.0,563.1563,0.94,-0.0,0.94,-0.0,Sidewalk
14.5,15.0669,3.3567,0.03491,0.94,0.06981,282.9338,1.4359,walk_east_up.0,562.3271,0.94,0.06981,0.94,0.06981,Sidewalk
15.0,15.5366,3.3731,0.03491,0.94,-0.0,282.4641,1.388,walk_east_up.0,561.3387,0.94,-0.0,0.94,-0.0,Sidewalk
15.5,16.0066,3.3731,-0.0,0.94,-0.06981,281.9941,1.3535,walk_east_up.0,560.4187,0.94,-0.06981,0.94,-0.06981,Sidewalk
16.0,16.4766,3.3731,-0.0,0.94,-0.0,281.5241,1.337,walk_east_up.0,559.424,0.94,-0.0,0.94,-0.0,Sidewalk
16.5,16.9464,3.3895,0.03491,0.94,0.06981,281.0543,1.3038,walk_east_up.0,558.5581,0.94,0.06981,0.94,0.06981,Sidewalk
17.0,17.4161,3.4059,0.03491,0.94,-0.0,280.5846,1.2795,walk_east_up.0,557.5946,0.94,-0.0,0.94,-0.0,Sidewalk
17.5,17.8861,3.4059,-0.0,0.94,-0.06981,280.1146,1.2798,walk_east_up.0,556.7182,0.94,-0.06981,0.94,-0.06981,Sidewalk
18.0,18.3561,3.4059,-0.0,0.94,-0.0,279.6446,1.2824,walk_east_up.0,555.7141,0.94,-0.0,0.94,-0.0,Sidewalk
18.5,18.8258,3.4223,0.03491,0.94,0.06981,279.1748,1.2799,walk_east_up.0,554.8233,0.94,0.06981,0.94,0.06981,Sidewalk
19.0,19.2955,3.4387,0.03491,0.94,-0.0,278.7051,1.2865,walk_east_up.0,553.8229,0.94,-0.0,0.94,-0.0,Sidewalk
19.5,19.7655,3.4387,-0.0,0.94,-0.06981,278.2351,1.3102,walk_east_up.0,552.9178,0.94,-0.06981,0.94,-0.06981,Sidewalk
20.0,20.2355,3.4387,-0.0,0.94,-0.0,277.7651,1.3461,walk_east_up.0,551.878,0.94,-0.0,0.94,-0.0,Sidewalk
20.5,20.7052,3.4551,0.03491,0.94,0.06981,277.2953,1.3644,walk_east_up.0,550.9663,0.94,0.06981,0.94,0.06981,Sidewalk
21.0,21.1749,3.4716,0.03491,0.94,-0.0,276.8256,1.4081,walk_east_up.0,549.9307,0.94,-0.0,0.94,-0.0,Sidewalk
21.5,21.6449,3.4716,-0.0,0.94,-0.06981,276.3556,1.453,walk_east_up.0,549.0121,0.94,-0.06981,0.94,-0.06981,Sidewalk
22.0,22.1149,3.4716,-0.0,0.94,-0.0,275.8856,1.5174,walk_east_up.0,547.9609,0.94,-0.0,0.94,-0.0,Sidewalk
22.5,22.5846,3.488,0.03491,0.94,0.06981,275.4158,1.5685,walk_east_up.0,547.0323,0.94,0.06981,0.94,0.06981,Sidewalk
23.0,23.0543,3.5044,0.03491,0.94,-0.0,274.9461,1.613,walk_east_up.0,546.0089,0.94,-0.0,0.94,-0.0,Sidewalk
23.5,23.5243,3.5044,-0.0,0.94,-0.06981,274.4761,1.693,walk_east_up.0,545.0809,0.94,-0.06981,0.94,-0.06981,Sidewalk
24.0,23.9943,3.5044,-0.0,0.94,-0.0,274.0061,1.7377,walk_east_up.0,544.0579,0.94,-0.0,0.94,-0.0,Sidewalk
24.5,24.4641,3.5208,0.03491,0.94,0.06981,273.5364,1.7758,walk_east_up.0,543.1481,0.94,0.06981,0.94,0.06981,Sidewalk
25.0,24.9338,3.5372,0.03491,0.94,-0.0,273.0666,1.8319,walk_east_up.0,542.1268,0.94,-0.0,0.94,-0.0,Sidewalk
25.5,25.4038,3.5372,-0.0,0.94,-0.06981,272.5966,1.9144,walk_east_up.0,541.2099,0.94,-0.06981,0.94,-0.06981,Sidewalk
26.0,25.8738,3.5372,-0.0,0.94,-0.0,272.1266,1.9909,walk_east_up.0,540.1821,0.94,-0.0,0.94,-0.0,Sidewalk
26.5,26.3435,3.5536,0.03491,0.94,0.06981,271.6569,2.0746,walk_east_up.0,539.2634,0.94,0.06981,0.94,0.06981,Sidewalk
27.0,26.8132,3.57,0.03491,0.94,-0.0,271.1871,2.1229,walk_east_up.0,538.2525,0.94,-0.0,0.94,-0.0,Sidewalk
27.5,27.2832,3.57,-0.0,0.94,-0.06981,270.7171,2.1732,walk_east_up.0,537.3551,0.94,-0.06981,0.94,-0.06981,Sidewalk
28.0,27.7532,3.57,-0.0,0.94,-0.0,270.2471,2.2601,walk_east_up.0,536.3332,0.94,-0.0,0.94,-0.0,Sidewalk
28.5,28.2229,3.5864,0.03491,0.94,0.06981,269.7774,2.3531,walk_east_up.0,535.4213,0.94,0.06981,0.94,0.06981,Sidewalk
29.0,28.6926,3.6028,0.03491,0.94,-0.0,269.3077,2.4622,walk_east_up.0,534.4,0.94,-0.0,0.94,-0.0,Sidewalk
29.5,29.1626,3.6028,-0.0,0.94,-0.06981,268.8377,2.5159,walk_east_up.0,533.5053,0.94,-0.06981,0.94,-0.06981,Sidewalk
30.0,29.6326,3.6028,-0.0,0.94,-0.0,268.3677,2.5613,walk_east_up.0,532.4998,0.94,-0.0,0.94,-0.0,Sidewalk
30.5,30.1023,3.6192,0.03491,0.94,0.06981,267.8979,2.651,walk_east_up.0,531.596,0.94,0.06981,0.94,0.06981,Sidewalk
31.0,30.5721,3.6356,0.03491,0.94,-0.0,267.4282,2.7221,walk_east_up.0,530.5868,0.94,-0.0,0.94,-0.0,Sidewalk
31.5,31.0421,3.6356,-0.0,0.94,-0.06981,266.9582,2.827,walk_east_up.0,529.685,0.94,-0.06981,0.94,-0.06981,Sidewalk
32.0,31.5121,3.6356,-0.0,0.94,-0.0,266.4882,2.9072,walk_east_up.0,528.6772,0.94,-0.0,0.94,-0.0,Sidewalk
32.5,31.9818,3.652,0.03491,0.94,0.06981,266.0185,3.0079,walk_east_up.0,527.7776,0.94,0.06981,0.94,0.06981,Sidewalk
33.0,32.4515,3.6684,0.03491,0.94,-0.0,265.5487,3.0888,walk_east_up.0,526.7697,0.94,-0.0,0.94,-0.0,Sidewalk
33.5,32.9215,3.6684,-0.0,0.94,-0.06981,265.0787,3.1546,walk_east_up.0,525.879,0.94,-0.06981,0.94,-0.06981,Sidewalk
34.0,33.3915,3.6684,-0.0,0.94,-0.0,264.6087,3.232,walk_east_up.0,524.8813,0.94,-0.0,0.94,-0.0,Sidewalk
34.5,33.8612,3.6848,0.03491,0.94,0.06981,264.139,3.2918,walk_east_up.0,523.9815,0.94,0.06981,0.94,0.06981,Sidewalk
35.0,34.3309,3.7012,0.03491,0.94,-0.0,263.6693,3.3372,walk_east_up.0,522.9836,0.94,-0.0,0.94,-0.0,Sidewalk
35.5,34.8009,3.7012,-0.0,0.94,-0.06981,263.1993,3.439,walk_east_up.0,522.0955,0.94,-0.06981,0.94,-0.06981,Sidewalk
36.0,35.2709,3.7012,-0.0,0.94,-0.0,262.7293,3.5002,walk_east_up.0,521.0955,0.94,-0.0,0.94,-0.0,Sidewalk
36.5,35.7406,3.7176,0.03491,0.94,0.06981,262.2595,3.6213,walk_east_up.0,520.2016,0.94,0.06981,0.94,0.06981,Sidewalk
37.0,36.2103,3.734,0.03491,0.94,-0.0,261.7898,3.6795,walk_east_up.0,519.2047,0.94,-0.0,0.94,-0.0,Sidewalk
37.5,36.6803,3.734,-0.0,0.94,-0.06981,261.3198,3.7993,walk_east_up.0,518.3161,0.94,-0.06981,0.94,-0.06981,Sidewalk
38.0,37.1503,3.734,-0.0,0.94,-0.0,260.8498,3.8893,walk_east_up.0,517.3217,0.94,-0.0,0.94,-0.0,Sidewalk
38.5,37.6201,3.7504,0.03491,0.94,0.06981,260.3801,3.9696,walk_east_up.0,516.4328,0.94,0.06981,0.94,0.06981,Sidewalk
39.0,38.0898,3.7668,0.03491,0.94,-0.0,259.9103,4.0607,walk_east_up.0,515.4325,0.94,-0.0,0.94,-0.0,Sidewalk
39.5,38.5598,3.7668,-0.0,0.94,-0.06981,259.4403,4.1555,walk_east_up.0,514.547,0.94,-0.06981,0.94,-0.06981,Sidewalk
40.0,39.0298,3.7668,-0.0,0.94,-0.0,258.9703,4.2487,walk_east_up.0,513.5485,0.94,-0.0,0.94,-0.0,Sidewalk
40.5,39.4995,3.7832,0.03491,0.94,0.06981,258.5006,4.3715,walk_east_up.0,512.6564,0.94,0.06981,0.94,0.06981,Sidewalk
41.0,39.9692,3.7996,0.03491,0.94,-0.0,258.0309,4.4886,walk_east_up.0,511.6575,0.94,-0.0,0.94,-0.0,Sidewalk
41.5,40.4392,3.7996,-0.0,0.94,-0.06981,257.5609,4.5694,walk_east_up.0,510.7665,0.94,-0.06981,0.94,-0.06981,Sidewalk
42.0,40.9092,3.7996,-0.0,0.94,-0.0,257.0909,4.6192,walk_east_up.0,509.7755,0.94,-0.0,0.94,-0.0,Sidewalk
42.5,41.3789,3.816,0.03491,0.94,0.06981,256.6212,4.7441,walk_east_up.0,508.8863,0.94,0.06981,0.94,0.06981,Sidewalk
43.0,41.8486,3.8324,0.03491,0.94,-0.0,256.1514,4.816,walk_east_up.0,507.8882,0.94,-0.0,0.94,-0.0,Sidewalk
43.5,42.3186,3.8324,-0.0,0.94,-0.06981,255.6814,4.8971,walk_east_up.0,506.9991,0.94,-0.06981,0.94,-0.06981,Sidewalk
44.0,42.7886,3.8324,-0.0,0.94,-0.0,255.2114,5.0185,walk_east_up.0,506.0085,0.94,-0.0,0.94,-0.0,Sidewalk
44.5,43.2583,3.8488,0.03491,0.94,0.06981,254.7417,5.083,walk_east_up.0,505.12,0.94,0.06981,0.94,0.06981,Sidewalk
45.0,43.728,3.8652,0.03491,0.94,-0.0,254.272,5.1352,walk_east_up.0,504.1219,0.94,-0.0,0.94,-0.0,Sidewalk
45.5,44.198,3.8652,-0.0,0.94,-0.06981,253.802,5.1835,walk_east_up.0,503.2311,0.94,-0.06981,0.94,-0.06981,Sidewalk
46.0,44.668,3.8652,-0.0,0.94,-0.0,253.332,5.2041,walk_east_dn.1,502.238,0.94,-0.0,0.94,-0.0,Sidewalk
46.5,45.1378,3.8816,0.03491,0.94,0.06981,252.8623,5.1408,walk_east_dn.1,501.3502,0.94,0.06981,0.94,0.06981,Sidewalk
47.0,45.6075,3.898,0.03491,0.94,-0.0,252.3925,5.1408,walk_east_dn.1,500.3499,0.94,-0.0,0.94,-0.0,Sidewalk
47.5,46.0775,3.898,-0.0,0.94,-0.06981,251.9225,5.1008,walk_east_dn.1,499.4524,0.94,-0.06981,0.94,-0.06981,Sidewalk
48.0,46.5475,3.898,-0.0,0.94,-0.0,251.4525,5.0537,walk_east_dn.1,498.4607,0.94,-0.0,0.94,-0.0,Sidewalk
48.5,47.0172,3.9144,0.03491,0.94,0.06981,250.9828,5.0148,walk_east_dn.1,497.5808,0.94,0.06981,0.94,0.06981,Sidewalk
49.0,47.4869,3.9308,0.03491,0.94,-0.0,250.5131,5.0071,walk_east_dn.1,496.5824,0.94,-0.0,0.94,-0.0,Sidewalk
49.5,47.9569,3.9308,-0.0,0.94,-0.06981,250.0431,4.9262,walk_east_dn.1,495.6892,0.94,-0.06981,0.94,-0.06981,Sidewalk
50.0,48.4269,3.9308,-0.0,0.94,-0.0,249.5731,4.9439,walk_east_dn.1,494.6984,0.94,-0.0,0.94,-0.0,Sidewalk
50.5,48.8966,3.9472,0.03491,0.94,0.06981,249.1034,4.8636,walk_east_dn.1,493.8197,0.94,0.06981,0.94,0.06981,Sidewalk
51.0,49.3663,3.9636,0.03491,0.94,-0.0,248.6337,4.7987,walk_east_dn.1,492.8184,0.94,-0.0,0.94,-0.0,Sidewalk
51.5,49.8363,3.9636,-0.0,0.94,-0.06981,248.1637,4.7568,walk_east_dn.1,491.9253,0.94,-0.06981,0.94,-0.06981,Sidewalk
52.0,50.3063,3.9636,-0.0,0.94,-0.0,247.6937,4.7238,walk_east_dn.1,490.9324,0.94,-0.0,0.94,-0.0,Sidewalk
52.5,50.776,3.98,0.03491,0.94,0.06981,247.224,4.7127,walk_east_dn.1,490.0513,0.94,0.06981,0.94,0.06981,Sidewalk
53.0,51.2458,3.9964,0.03491,0.94,-0.0,246.7542,4.6344,walk_east_dn.1,489.0498,0.94,-0.0,0.94,-0.0,Sidewalk
53.5,51.7158,3.9964,-0.0,0.94,-0.06981,246.2842,4.6003,walk_east_dn.1,488.153,0.94,-0.06981,0.94,-0.06981,Sidewalk
54.0,52.1858,3.9964,-0.0,0.94,-0.0,245.8142,4.5212,walk_east_dn.1,487.1657,0.94,-0.0,0.94,-0.0,Sidewalk
54.5,52.6555,4.0128,0.03491,0.94,0.06981,245.3445,4.4633,walk_east_dn.1,486.2975,0.94,0.06981,0.94,0.06981,Sidewalk
55.0,53.1252,4.0292,0.03491,0.94,-0.0,244.8748,4.4781,walk_east_dn.1,485.2922,0.94,-0.0,0.94,-0.0,Sidewalk
55.5,53.5952,4.0292,-0.0,0.94,-0.06981,244.4048,4.4619,walk_east_dn.1,484.3951,0.94,-0.06981,0.94,-0.06981,Sidewalk
56.0,54.0652,4.0292,-0.0,0.94,-0.0,243.9348,4.4008,walk_east_dn.1,483.4132,0.94,-0.0,0.94,-0.0,Sidewalk
56.5,54.5349,4.0128,-0.03491,0.94,-0.06981,243.4651,4.3598,walk_east_dn.1,482.5439,0.94,-0.06981,0.94,-0.06981,Sidewalk
57.0,55.0046,3.9964,-0.03491,0.94,-0.0,242.9954,4.3176,walk_east_dn.1,481.5425,0.94,-0.0,0.94,-0.0,Sidewalk
57.5,55.4746,3.9964,-0.0,0.94,0.06981,242.5254,4.2965,walk_east_dn.1,480.6467,0.94,0.06981,0.94,0.06981,Sidewalk
58.0,55.9446,3.9964,-0.0,0.94,-0.0,242.0554,4.2221,walk_east_dn.1,479.6653,0.94,-0.0,0.94,-0.0,Sidewalk
58.5,56.4143,4.0128,0.03491,0.94,0.06981,241.5857,4.2023,walk_east_dn.1,478.7959,0.94,0.06981,0.94,0.06981,Sidewalk
59.0,56.884,4.0292,0.03491,0.94,-0.0,241.116,4.1643,walk_east_dn.1,477.7939,0.94,-0.0,0.94,-0.0,Sidewalk
59.5,57.354,4.0292,-0.0,0.94,-0.06981,240.646,4.1201,walk_east_dn.1,476.8989,0.94,-0.06981,0.94,-0.06981,Sidewalk
60.0,57.824,4.0292,-0.0,0.94,-0.0,240.176,4.0924,walk_east_dn.1,475.9153,0.94,-0.0,0.94,-0.0,Sidewalk
60.5,58.2938,4.0128,-0.03491,0.94,-0.06981,239.7062,4.0715,walk_east_dn.1,475.045,0.94,-0.06981,0.94,-0.06981,Sidewalk
61.0,58.7635,3.9964,-0.03491,0.94,-0.0,239.2365,3.9906,walk_east_dn.1,474.0469,0.94,-0.0,0.94,-0.0,Sidewalk
61.5,59.2335,3.9964,-0.0,0.94,0.06981,238.7665,3.916,walk_east_dn.1,473.1554,0.94,0.06981,0.94,0.06981,Sidewalk
62.0,59.7035,3.9964,-0.0,0.94,-0.0,238.2965,3.9342,walk_east_dn.1,472.1679,0.94,-0.0,0.94,-0.0,Sidewalk
62.5,60.1732,4.0128,0.03491,0.94,0.06981,237.8268,3.8686,walk_east_dn.1,471.3022,0.94,0.06981,0.94,0.06981,Sidewalk
63.0,60.6429,4.0292,0.03491,0.94,-0.0,237.3571,3.8743,walk_east_dn.1,470.2972,0.94,-0.0,0.94,-0.0,Sidewalk
63.5,61.1129,4.0292,-0.0,0.94,-0.06981,236.8871,3.8032,walk_east_dn.1,469.405,0.94,-0.06981,0.94,-0.06981,Sidewalk
64.0,61.5829,4.0292,-0.0,0.94,-0.0,236.4171,3.8141,walk_east_dn.1,468.4186,0.94,-0.0,0.94,-0.0,Sidewalk
64.5,62.0526,4.0128,-0.03491,0.94,-0.06981,235.9474,3.7599,walk_east_mid.1,467.5513,0.94,-0.06981,0.94,-0.06981,Sidewalk
65.0,62.5223,3.9964,-0.03491,0.94,-0.0,235.4777,3.6918,walk_east_mid.1,466.5532,0.94,-0.0,0.94,-0.0,Sidewalk
65.5,62.9923,3.9964,-0.0,0.94,0.06981,235.0077,3.5834,walk_east_mid.1,465.6659,0.94,0.06981,0.94,0.06981,Sidewalk
66.0,63.4623,3.9964,-0.0,0.94,-0.0,234.5377,3.5101,walk_east_mid.1,464.6868,0.94,-0.0,0.94,-0.0,Sidewalk
66.5,63.932,4.0128,0.03491,0.94,0.06981,234.068,3.4534,walk_east_mid.1,463.8217,0.94,0.06981,0.94,0.06981,Sidewalk
67.0,64.4018,4.0292,0.03491,0.94,-0.0,233.5983,3.4247,walk_east_mid.1,462.8202,0.94,-0.0,0.94,-0.0,Sidewalk
67.5,64.8718,4.0292,-0.0,0.94,-0.06981,233.1283,3.3969,walk_east_mid.1,461.9251,0.94,-0.06981,0.94,-0.06981,Sidewalk
68.0,65.3418,4.0292,-0.0,0.94,-0.0,232.6583,3.3628,walk_east_mid.1,460.9433,0.94,-0.0,0.94,-0.0,Sidewalk
68.5,65.8115,4.0128,-0.03491,0.94,-0.06981,232.1885,3.2925,walk_east_mid.1,460.0793,0.94,-0.06981,0.94,-0.06981,Sidewalk
69.0,66.2812,3.9964,-0.03491,0.94,-0.0,231.7188,3.2316,walk_east_mid.1,459.0824,0.94,-0.0,0.94,-0.0,Sidewalk
69.5,66.7512,3.9964,-0.0,0.94,0.06981,231.2488,3.1234,walk_east_mid.1,458.1986,0.94,0.06981,0.94,0.06981,Sidewalk
70.0,67.2212,3.9964,-0.0,0.94,-0.0,230.7788,3.0256,walk_east_mid.1,457.2255,0.94,-0.0,0.94,-0.0,Sidewalk
70.5,67.6909,4.0128,0.03491,0.94,0.06981,230.3091,3.0052,walk_east_mid.1,456.3576,0.94,0.06981,0.94,0.06981,Sidewalk
71.0,68.1606,4.0292,0.03491,0.94,-0.0,229.8394,2.9139,walk_east_mid.1,455.3663,0.94,-0.0,0.94,-0.0,Sidewalk
71.5,68.6306,4.0292,-0.0,0.94,-0.06981,229.3694,2.8837,walk_east_mid.1,454.4729,0.94,-0.06981,0.94,-0.06981,Sidewalk
72.0,69.1006,4.0292,-0.0,0.94,-0.0,228.8994,2.7767,walk_east_mid.1,453.5046,0.94,-0.0,0.94,-0.0,Sidewalk
72.5,69.5703,4.0128,-0.03491,0.94,-0.06981,228.4297,2.77,walk_east_mid.1,452.634,0.94,-0.06981,0.94,-0.06981,Sidewalk
73.0,70.04,3.9964,-0.03491,0.94,-0.0,227.96,2.7426,walk_east_mid.1,451.6347,0.94,-0.0,0.94,-0.0,Sidewalk
73.5,70.51,3.9964,-0.0,0.94,0.06981,227.49,2.6852,walk_east_mid.1,450.7478,0.94,0.06981,0.94,0.06981,Sidewalk
74.0,70.98,3.9964,-0.0,0.94,-0.0,227.02,2.6114,walk_east_mid.1,449.7755,0.94,-0.0,0.94,-0.0,Sidewalk
74.5,71.4497,4.0128,0.03491,0.94,0.06981,226.5503,2.5746,walk_east_mid.1,448.9121,0.94,0.06981,0.94,0.06981,Sidewalk
75.0,71.9195,4.0292,0.03491,0.94,-0.0,226.0805,2.4835,walk_east_mid.1,447.9266,0.94,-0.0,0.94,-0.0,Sidewalk
75.5,72.3895,4.0292,-0.0,0.94,-0.06981,225.6105,2.4437,walk_east_mid.1,447.0376,0.94,-0.06981,0.94,-0.06981,Sidewalk
76.0,72.8595,4.0292,-0.0,0.94,-0.0,225.1405,2.4063,walk_east_mid.1,446.0607,0.94,-0.0,0.94,-0.0,Sidewalk
76.5,73.3292,4.0128,-0.03491,0.94,-0.06981,224.6708,2.3564,walk_east_mid.1,445.201,0.94,-0.06981,0.94,-0.06981,Sidewalk
77.0,73.7989,3.9964,-0.03491,0.94,-0.0,224.2011,2.2727,walk_east_mid.1,444.2187,0.94,-0.0,0.94,-0.0,Sidewalk
77.5,74.2689,3.9964,-0.0,0.94,0.06981,223.7311,2.2437,walk_east_mid.1,443.3297,0.94,0.06981,0.94,0.06981,Sidewalk
78.0,74.7389,3.9964,-0.0,0.94,-0.0,223.2611,2.1527,walk_east_mid.1,442.3703,0.94,-0.0,0.94,-0.0,Sidewalk
78.5,75.2086,4.0128,0.03491,0.94,0.06981,222.7914,2.1424,walk_east_mid.1,441.5027,0.94,0.06981,0.94,0.06981,Sidewalk
79.0,75.6783,4.0292,0.03491,0.94,-0.0,222.3217,2.037,walk_east_mid.1,440.5333,0.94,-0.0,0.94,-0.0,Sidewalk
79.5,76.1483,4.0292,-0.0,0.94,-0.06981,221.8517,1.9501,walk_east_mid.1,439.6679,0.94,-0.06981,0.94,-0.06981,Sidewalk
80.0,76.6183,4.0292,-0.0,0.94,-0.0,221.3817,1.902,walk_east_mid.1,438.702,0.94,-0.0,0.94,-0.0,Sidewalk
80.5,77.088,4.0128,-0.03491,0.94,-0.06981,220.912,1.7941,walk_east_mid.1,437.8792,0.94,-0.06981,0.94,-0.06981,Sidewalk
81.0,77.5577,3.9964,-0.03491,0.94,-0.0,220.4423,1.7765,walk_east_mid.1,436.8839,0.94,-0.0,0.94,-0.0,Sidewalk
81.5,78.0277,3.9964,-0.0,0.94,0.06981,219.9723,1.692,walk_east_mid.1,436.032,0.94,0.06981,0.94,0.06981,Sidewalk
82.0,78.4977,3.9964,-0.0,0.94,-0.0,219.5023,1.5874,walk_east_mid.1,435.1106,0.94,-0.0,0.94,-0.0,Sidewalk
82.5,78.9675,4.0128,0.03491,0.94,0.06981,219.0325,1.5737,walk_east_mid.1,434.2492,0.94,0.06981,0.94,0.06981,Sidewalk
83.0,79.4372,4.0292,0.03491,0.94,-0.0,218.5628,1.5253,walk_east_mid.1,433.2795,0.94,-0.0,0.94,-0.0,Sidewalk
83.5,79.9072,4.0292,-0.0,0.94,-0.06981,218.0928,1.556,walk_east_mid.1,432.3591,0.94,-0.06981,0.94,-0.06981,Sidewalk
84.0,80.3772,4.0292,-0.0,0.94,-0.0,217.6228,1.4922,walk_east_mid.1,431.4216,0.94,-0.0,0.94,-0.0,Sidewalk
84.5,80.8469,4.0128,-0.03491,0.94,-0.06981,217.1531,1.4183,walk_east_mid.1,430.613,0.94,-0.06981,0.94,-0.06981,Sidewalk
85.0,81.3166,3.9964,-0.03491,0.94,-0.0,216.6834,1.4465,walk_east_mid.1,429.5838,0.94,-0.0,0.94,-0.0,Sidewalk
85.5,81.7866,3.9964,-0.0,0.94,0.06981,216.2134,1.4055,walk_east_mid.1,428.7238,0.94,0.06981,0.94,0.06981,Sidewalk
86.0,82.2566,3.9964,-0.0,0.94,-0.0,215.7434,1.4554,walk_east_mid.1,427.6929,0.94,-0.0,0.94,-0.0,Sidewalk
86.5,82.7263,3.98,-0.03491,0.94,-0.06981,215.2737,1.452,walk_east_mid.1,426.8254,0.94,-0.06981,0.94,-0.06981,Sidewalk
87.0,83.196,3.9636,-0.03491,0.94,-0.0,214.804,1.5013,walk_east_mid.1,425.7803,0.94,-0.0,0.94,-0.0,Sidewalk
87.5,83.666,3.9636,-0.0,0.94,0.06981,214.334,1.5379,walk_east_mid.1,424.8543,0.94,0.06981,0.94,0.06981,Sidewalk
88.0,84.136,3.9636,-0.0,0.94,-0.0,213.864,1.4781,walk_east_mid.1,423.9153,0.94,-0.0,0.94,-0.0,Sidewalk
88.5,84.6057,3.98,0.03491,0.94,0.06981,213.3943,1.5303,walk_east_mid.1,423.0026,0.94,0.06981,0.94,0.06981,Sidewalk
89.0,85.0755,3.9964,0.03491,0.94,-0.0,212.9245,1.522,walk_east_mid.1,422.005,0.94,-0.0,0.94,-0.0,Sidewalk
89.5,85.5455,3.9964,-0.0,0.94,-0.06981,212.4545,1.4807,walk_east_mid.1,421.1405,0.94,-0.06981,0.94,-0.06981,Sidewalk
90.0,86.0155,3.9964,-0.0,0.94,-0.0,211.9845,1.5568,walk_east_mid.1,420.0963,0.94,-0.0,0.94,-0.0,Sidewalk
90.5,86.4852,3.98,-0.03491,0.94,-0.06981,211.5148,1.5194,walk_east_mid.1,419.2534,0.94,-0.06981,0.94,-0.06981,Sidewalk
91.0,86.9549,3.9636,-0.03491,0.94,-0.0,211.0451,1.5208,walk_east_mid.1,418.2476,0.94,-0.0,0.94,-0.0,Sidewalk
91.5,87.4249,3.9636,-0.0,0.94,0.06981,210.5751,1.4934,walk_east_mid.1,417.3706,0.94,0.06981,0.94,0.06981,Sidewalk
92.0,87.8949,3.9636,-0.0,0.94,-0.0,210.1051,1.4536,walk_east_mid.1,416.4181,0.94,-0.0,0.94,-0.0,Sidewalk
92.5,88.3646,3.98,0.03491,0.94,0.06981,209.6354,1.4773,walk_east_mid.1,415.5262,0.94,0.06981,0.94,0.06981,Sidewalk
93.0,88.8343,3.9964,0.03491,0.94,-0.0,209.1657,1.5383,walk_east_mid.1,414.4751,0.94,-0.0,0.94,-0.0,Sidewalk
93.5,89.3043,3.9964,-0.0,0.94,-0.06981,208.6957,1.4452,walk_east_mid.1,413.6527,0.94,-0.06981,0.94,-0.06981,Sidewalk
94.0,89.7743,3.9964,-0.0,0.94,-0.0,208.2257,1.5131,walk_east_mid.1,412.6109,0.94,-0.0,0.94,-0.0,Sidewalk
94.5,90.244,3.98,-0.03491,0.94,-0.06981,207.756,1.4505,walk_east_mid.1,411.7913,0.94,-0.06981,0.94,-0.06981,Sidewalk
95.0,90.7137,3.9636,-0.03491,0.94,-0.0,207.2863,1.5385,walk_east_mid.1,410.7167,0.94,-0.0,0.94,-0.0,Sidewalk
95.5,91.1837,3.9636,-0.0,0.94,0.06981,206.8163,1.5034,walk_east_mid.1,409.8451,0.94,0.06981,0.94,0.06981,Sidewalk
96.0,91.6537,3.9636,-0.0,0.94,-0.0,206.3463,1.4712,walk_east_mid.1,408.8855,0.94,-0.0,0.94,-0.0,Sidewalk
96.5,92.1234,3.98,0.03491,0.94,0.06981,205.8766,1.4942,walk_east_mid.1,407.9949,0.94,0.06981,0.94,0.06981,Sidewalk
97.0,92.5932,3.9964,0.03491,0.94,-0.0,205.4068,1.4693,walk_east_mid.1,407.0112,0.94,-0.0,0.94,-0.0,Sidewalk
97.5,93.0632,3.9964,-0.0,0.94,-0.06981,204.9368,1.472,walk_east_mid.1,406.1123,0.94,-0.06981,0.94,-0.06981,Sidewalk
98.0,93.5332,3.9964,-0.0,0.94,-0.0,204.4668,1.457,walk_east_mid.1,405.1385,0.94,-0.0,0.94,-0.0,Sidewalk
98.5,94.0029,3.98,-0.03491,0.94,-0.06981,203.9971,1.5365,walk_east_mid.1,404.2052,0.94,-0.06981,0.94,-0.06981,Sidewalk
99.0,94.4726,3.9636,-0.03491,0.94,-0.0,203.5274,1.4446,walk_east_mid.1,403.274,0.94,-0.0,0.94,-0.0,Sidewalk
99.5,94.9426,3.9636,-0.0,0.94,0.06981,203.0574,1.5138,walk_east_mid.1,402.3193,0.94,0.06981,0.94,0.06981,Sidewalk
100.0,95.4126,3.9636,-0.0,0.94,-0.0,202.5874,1.4421,walk_east_mid.1,401.3926,0.94,-0.0,0.94,-0.0,Sidewalk
100.5,95.8823,3.98,0.03491,0.94,0.06981,202.1177,1.3937,walk_east_mid.1,400.565,0.94,0.06981,0.94,0.06981,Sidewalk
101.0,96.352,3.9964,0.03491,0.94,-0.0,201.648,11.2912,walk_east_dn.2,398.7018,0.94,-0.0,0.94,-0.0,Sidewalk
101.5,96.822,3.9964,-0.0,0.94,-0.06981,201.178,11.2305,walk_east_dn.2,397.8097,0.94,-0.06981,0.94,-0.06981,Sidewalk
102.0,97.292,3.9964,-0.0,0.94,-0.0,200.708,11.1573,walk_east_dn.2,396.8289,0.94,-0.0,0.94,-0.0,Sidewalk
102.5,97.7617,4.0128,0.03491,0.94,0.06981,200.2383,11.0735,walk_east_dn.2,395.9637,0.94,0.06981,0.94,0.06981,Sidewalk
103.0,98.2314,4.0292,0.03491,0.94,-0.0,199.7686,10.6986,stand_1,394.9662,0.94,-0.0,0.94,-0.0,Sidewalk
103.5,98.7014,4.0292,-0.0,0.94,-0.06981,199.2986,10.2286,stand_1,394.0755,0.94,-0.06981,0.94,-0.06981,Sidewalk
104.0,99.1714,4.0292,-0.0,0.94,-0.0,198.8286,9.7586,stand_1,393.0988,0.94,-0.0,0.94,-0.0,Sidewalk
104.5,99.6412,4.0128,-0.03491,0.94,-0.06981,198.3588,9.2888,stand_1,392.2361,0.94,-0.06981,0.94,-0.06981,Sidewalk
105.0,100.1109,3.9964,-0.03491,0.94,-0.0,197.8891,8.8191,stand_1,391.244,0.94,-0.0,0.94,-0.0,Sidewalk
105.5,100.5809,3.9964,-0.0,0.94,0.06981,197.4191,8.3491,stand_1,390.3595,0.94,0.06981,0.94,0.06981,Sidewalk
106.0,101.0509,3.9964,-0.0,0.94,-0.0,196.9491,7.8792,stand_1,389.3895,0.94,-0.0,0.94,-0.0,Sidewalk
106.5,101.5206,4.0128,0.03491,0.94,0.06981,196.4794,7.4094,stand_1,388.5359,0.94,0.06981,0.94,0.06981,Sidewalk
107.0,101.9903,4.0292,0.03491,0.94,-0.0,196.0097,6.9397,stand_1,387.5556,0.94,-0.0,0.94,-0.0,Sidewalk
107.5,102.4603,4.0292,-0.0,0.94,-0.06981,195.5397,6.4697,stand_1,386.685,0.94,-0.06981,0.94,-0.06981,Sidewalk
108.0,102.9303,4.0292,-0.0,0.94,-0.0,195.0697,5.9997,stand_1,385.7378,0.94,-0.0,0.94,-0.0,Sidewalk
108.5,103.4,4.0128,-0.03491,0.94,-0.06981,194.6,5.53,stand_1,384.9104,0.94,-0.06981,0.94,-0.06981,Sidewalk
109.0,103.8697,3.9964,-0.03491,0.94,-0.0,194.1303,5.0603,stand_1,383.9804,0.94,-0.0,0.94,-0.0,Sidewalk
109.5,104.3397,3.9964,-0.0,0.94,0.06981,193.6603,4.5903,stand_1,383.1815,0.94,0.06981,0.94,0.06981,Sidewalk
110.0,104.8097,3.9964,-0.0,0.94,-0.0,193.1903,4.1203,stand_1,382.3798,0.94,-0.0,0.94,-0.0,Sidewalk
110.5,105.2794,3.98,-0.03491,0.94,-0.06981,192.7206,3.6507,stand_1,381.7909,0.94,-0.06981,0.94,-0.06981,Sidewalk
111.0,105.7469,3.9309,-0.10472,0.94,-0.13963,192.2531,3.1842,stand_1,381.2306,0.94,-0.13963,0.94,-0.13963,Sidewalk
111.5,106.2123,3.8655,-0.13963,0.94,-0.06981,191.7878,2.7218,stand_1,381.2157,0.94,-0.06981,0.94,-0.06981,Sidewalk
112.0,106.5742,3.7886,-0.20944,0.74,-0.13963,191.4259,2.3666,stand_1,380.8972,0.74,-0.13963,0.74,-0.13963,Sidewalk
112.5,106.9526,3.6942,-0.24435,0.78,-0.06981,191.0476,2.0032,stand_1,380.2747,0.78,-0.06981,0.78,-0.06981,Sidewalk
113.0,107.399,3.5829,-0.24435,0.92,-0.0,190.6015,1.5908,stand_1,379.2624,0.92,-0.0,0.92,-0.0,Sidewalk
113.5,107.7804,3.5019,-0.20944,0.78,0.06981,190.2202,1.2589,stand_1,380.1937,0.78,0.06981,0.78,0.06981,Sidewalk
114.0,108.0934,3.4353,-0.20944,0.64,-0.0,189.9074,1.0178,stand_1,379.7072,0.64,-0.0,0.64,-0.0,Sidewalk
114.5,108.3593,3.3884,-0.17453,0.54,0.06981,189.6416,0.8475,stand_1,380.2119,0.54,0.06981,0.54,0.06981,Sidewalk
115.0,108.576,3.3502,-0.17453,0.44,-0.0,189.4251,0.7531,stand_1,380.0622,0.44,-0.0,0.44,-0.0,Sidewalk
115.5,108.886,3.3502,-0.0,0.62,0.34907,189.1151,0.6662,stand_1,379.6131,0.62,0.34907,0.62,0.34907,Sidewalk
116.0,109.199,3.4168,0.20944,0.64,0.41888,188.8019,0.6559,stand_1,379.548,0.64,0.41888,0.64,0.41888,Sidewalk
116.5,109.4308,3.5104,0.38397,0.5,0.34907,188.5698,0.7109,stand_1,379.0484,0.5,0.34907,0.5,0.34907,Sidewalk
117.0,109.6546,3.6614,0.59341,0.54,0.41888,188.3457,0.8005,stand_10,378.8836,0.54,0.41888,0.54,0.41888,Sidewalk
117.5,110.084,3.8526,0.41888,0.94,-0.34907,187.9161,0.5927,stand_10,376.3035,0.94,-0.34907,0.94,-0.34907,Sidewalk
118.0,110.5358,3.9821,0.27925,0.94,-0.27925,187.4642,0.6536,stand_10,374.2113,0.94,-0.27925,0.94,-0.27925,Sidewalk
118.5,111.0032,4.0312,0.10472,0.94,-0.34907,186.9968,0.6672,stand_0,373.4829,0.94,-0.34907,0.94,-0.34907,Sidewalk
119.0,111.4729,4.0476,0.03491,0.94,-0.13963,186.5271,0.8774,stand_0,370.4737,0.94,-0.13963,0.94,-0.13963,Sidewalk
119.5,111.9429,4.0476,-0.0,0.94,-0.06981,186.0571,1.248,stand_0,368.5858,0.94,-0.06981,0.94,-0.06981,Sidewalk
120.0,112.4129,4.0476,-0.0,0.94,-0.0,185.5871,1.6694,stand_0,367.2288,0.94,-0.0,0.94,-0.0,Sidewalk
120.5,112.8827,4.0312,-0.03491,0.94,-0.06981,185.1173,2.1162,stand_0,366.1616,0.94,-0.06981,0.94,-0.06981,Sidewalk
121.0,113.3524,4.0148,-0.03491,0.94,-0.0,184.6476,2.5712,stand_0,365.0419,0.94,-0.0,0.94,-0.0,Sidewalk
121.5,113.8224,4.0148,-0.0,0.94,0.06981,184.1776,3.0275,stand_0,364.2426,0.94,0.06981,0.94,0.06981,Sidewalk
122.0,114.2924,4.0148,-0.0,0.94,-0.0,183.7076,3.4874,stand_0,363.4649,0.94,-0.0,0.94,-0.0,Sidewalk
122.5,114.7621,3.9984,-0.03491,0.94,-0.06981,183.2379,3.5579,stand_4,362.9292,0.94,-0.06981,0.94,-0.06981,Sidewalk
123.0,115.2295,3.9493,-0.10472,0.94,-0.13963,182.7705,3.0911,stand_4,362.3819,0.94,-0.13963,0.94,-0.13963,Sidewalk
123.5,115.6949,3.8839,-0.13963,0.94,-0.06981,182.3051,2.6283,stand_4,362.5939,0.94,-0.06981,0.94,-0.06981,Sidewalk
124.0,116.0666,3.8049,-0.20944,0.76,-0.13963,181.9335,2.2631,stand_4,361.935,0.76,-0.13963,0.76,-0.13963,Sidewalk
124.5,116.4256,3.7154,-0.24435,0.74,-0.06981,181.5746,1.9179,stand_4,361.674,0.74,-0.06981,0.74,-0.06981,Sidewalk
125.0,116.6539,3.6412,-0.31416,0.48,-0.13963,181.3465,1.7075,stand_4,362.2419,0.48,-0.13963,0.48,-0.13963,Sidewalk
125.5,116.8794,3.5591,-0.34907,0.48,-0.06981,181.1211,1.5109,stand_4,361.9474,0.48,-0.06981,0.48,-0.06981,Sidewalk
126.0,117.0955,3.4805,-0.34907,0.46,-0.0,180.9052,1.336,stand_4,361.8688,0.46,-0.0,0.46,-0.0,Sidewalk
126.5,117.2439,3.4205,-0.38397,0.32,-0.06981,180.757,1.2293,stand_4,362.1017,0.32,-0.06981,0.32,-0.06981,Sidewalk
127.0,117.3922,3.3606,-0.38397,0.32,-0.0,180.6089,1.1353,stand_4,361.9039,0.32,-0.0,0.32,-0.0,Sidewalk
127.5,117.5238,3.3127,-0.34907,0.28,0.06981,180.4775,1.0616,stand_4,362.1028,0.28,0.06981,0.28,0.06981,Sidewalk
128.0,117.6272,3.2751,-0.34907,0.22,-0.0,180.3743,1.0136,stand_4,362.0174,0.22,-0.0,0.22,-0.0,Sidewalk
128.5,117.7106,3.2414,-0.38397,0.18,-0.06981,180.291,0.9848,stand_4,362.0514,0.18,-0.06981,0.18,-0.06981,Sidewalk
129.0,117.7848,3.2114,-0.38397,0.16,-0.0,180.2169,0.9655,stand_4,362.0226,0.16,-0.0,0.16,-0.0,Sidewalk
129.5,117.8396,3.187,-0.41888,0.12,-0.06981,180.1622,0.9572,stand_4,362.1241,0.12,-0.06981,0.12,-0.06981,Sidewalk
130.0,117.8944,3.1626,-0.41888,0.12,-0.0,180.1075,0.9527,stand_4,362.0469,0.12,-0.0,0.12,-0.0,Sidewalk
130.5,117.9408,3.1439,-0.38397,0.1,0.06981,180.0613,0.9501,stand_4,362.1237,0.1,0.06981,0.1,0.06981,Sidewalk
131.0,117.9779,3.1289,-0.38397,0.08,-0.0,180.0242,0.9499,stand_4,362.0811,0.08,-0.0,0.08,-0.0,Sidewalk
131.5,118.0053,3.1167,-0.41888,0.06,-0.06981,179.9969,0.9518,stand_4,362.1047,0.06,-0.06981,0.06,-0.06981,Sidewalk
132.0,118.0327,3.1045,-0.41888,0.06,-0.0,179.9696,0.9548,stand_4,362.0934,0.06,-0.0,0.06,-0.0,Sidewalk
132.5,118.0507,3.0957,-0.45379,0.04,-0.06981,179.9516,0.9579,stand_4,362.0995,0.04,-0.06981,0.04,-0.06981,Sidewalk
133.0,118.0686,3.0869,-0.45379,0.04,-0.0,179.9337,0.9615,stand_4,362.0943,0.04,-0.0,0.04,-0.0,Sidewalk
133.5,118.0863,3.0776,-0.48869,0.04,-0.06981,179.9161,0.9661,stand_4,362.0985,0.04,-0.06981,0.04,-0.06981,Sidewalk
134.0,118.0951,3.0729,-0.48869,0.02,-0.0,179.9073,0.9686,stand_4,362.0943,0.02,-0.0,0.02,-0.0,Sidewalk
134.5,118.1038,3.0679,-0.5236,0.02,-0.06981,179.8986,0.9715,stand_4,362.1026,0.02,-0.06981,0.02,-0.06981,Sidewalk
135.0,118.1124,3.0629,-0.5236,0.02,-0.0,179.89,0.9745,stand_4,362.1013,0.02,-0.0,0.02,-0.0,Sidewalk
135.5,118.1209,3.0576,-0.55851,0.02,-0.06981,179.8816,0.9725,stand_7,362.1087,0.02,-0.06981,0.02,-0.06981,Sidewalk
136.0,118.1209,3.0576,-0.55851,0.0,-0.0,179.8816,0.9725,stand_7,362.099,0.0,-0.0,0.0,-0.0,Sidewalk
136.5,118.1209,3.0576,-0.59341,0.0,-0.06981,179.8816,0.9725,stand_7,362.1115,0.0,-0.06981,0.0,-0.06981,Sidewalk
137.0,118.1209,3.0576,-0.59341,0.0,-0.0,179.8816,0.9725,stand_7,362.099,0.0,-0.0,0.0,-0.0,Sidewalk
137.5,118.1209,3.0576,-0.62832,0.0,-0.06981,179.8816,0.9725,stand_7,362.1115,0.0,-0.06981,0.0,-0.06981,Sidewalk
138.0,118.1209,3.0576,-0.62832,0.0,-0.0,179.8816,0.9725,stand_7,362.099,0.0,-0.0,0.0,-0.0,Sidewalk
138.5,118.1209,3.0576,-0.66323,0.0,-0.06981,179.8816,0.9725,stand_7,362.1115,0.0,-0.06981,0.0,-0.06981,Sidewalk
139.0,118.1209,3.0576,-0.66323,0.0,-0.0,179.8816,0.9725,stand_7,362.099,0.0,-0.0,0.0,-0.0,Sidewalk
139.5,118.1209,3.0576,-0.69813,0.0,-0.06981,179.8816,0.9725,stand_7,362.1115,0.0,-0.06981,0.0,-0.06981,Sidewalk
140.0,118.1209,3.0576,-0.69813,0.0,-0.0,179.8816,0.9725,stand_7,362.099,0.0,-0.0,0.0,-0.0,Sidewalk
140.5,118.1209,3.0576,-0.73304,0.0,-0.06981,179.8816,0.9725,stand_7,362.1115,0.0,-0.06981,0.0,-0.06981,Sidewalk
141.0,118.1209,3.0576,-0.73304,0.0,-0.0,179.8816,0.9725,stand_7,362.099,0.0,-0.0,0.0,-0.0,Sidewalk
141.5,118.1209,3.0576,-0.76794,0.0,-0.06981,179.8816,0.9725,stand_7,362.1115,0.0,-0.06981,0.0,-0.06981,Sidewalk
142.0,118.1209,3.0576,-0.76794,0.0,-0.0,179.8816,0.9725,stand_7,362.099,0.0,-0.0,0.0,-0.0,Sidewalk
142.5,118.1209,3.0576,-0.80285,0.0,-0.06981,179.8816,0.9725,stand_7,362.1115,0.0,-0.06981,0.0,-0.06981,Sidewalk
143.0,118.1209,3.0576,-0.80285,0.0,-0.0,179.8816,0.9725,stand_7,362.099,0.0,-0.0,0.0,-0.0,Sidewalk
143.5,118.1209,3.0576,-0.83776,0.0,-0.06981,179.8816,0.9725,stand_7,362.1115,0.0,-0.06981,0.0,-0.06981,Sidewalk
144.0,118.1209,3.0576,-0.83776,0.0,-0.0,179.8816,0.9725,stand_7,362.099,0.0,-0.0,0.0,-0.0,Sidewalk
144.5,118.1209,3.0576,-0.87266,0.0,-0.06981,179.8816,0.9725,stand_7,362.1115,0.0,-0.06981,0.0,-0.06981,Sidewalk
145.0,118.1209,3.0576,-0.87266,0.0,-0.0,179.8816,0.9725,stand_7,362.099,0.0,-0.0,0.0,-0.0,Sidewalk
145.5,118.1209,3.0576,-0.90757,0.0,-0.06981,179.8816,0.9725,stand_7,362.1115,0.0,-0.06981,0.0,-0.06981,Sidewalk
146.0,118.1209,3.0576,-0.90757,0.0,-0.0,179.8816,0.9725,stand_7,362.099,0.0,-0.0,0.0,-0.0,Sidewalk
146.5,118.1209,3.0576,-0.94248,0.0,-0.06981,179.8816,0.9725,stand_7,362.1115,0.0,-0.06981,0.0,-0.06981,Sidewalk
147.0,118.1209,3.0576,-0.94248,0.0,-0.0,179.8816,0.9725,stand_7,362.099,0.0,-0.0,0.0,-0.0,Sidewalk
147.5,118.1209,3.0576,-0.97738,0.0,-0.06981,179.8816,0.9725,stand_7,362.1115,0.0,-0.06981,0.0,-0.06981,Sidewalk
148.0,118.1209,3.0576,-0.97738,0.0,-0.0,179.8816,0.9725,stand_7,362.099,0.0,-0.0,0.0,-0.0,Sidewalk
148.5,118.1209,3.0576,-1.01229,0.0,-0.06981,179.8816,0.9725,stand_7,362.1115,0.0,-0.06981,0.0,-0.06981,Sidewalk
149.0,118.1209,3.0576,-1.01229,0.0,-0.0,179.8816,0.9725,stand_7,362.099,0.0,-0.0,0.0,-0.0,Sidewalk
149.5,118.1209,3.0576,-1.0472,0.0,-0.06981,179.8816,0.9725,stand_7,362.1115,0.0,-0.06981,0.0,-0.06981,Sidewalk
150.0,118.1209,3.0576,-1.0472,0.0,-0.0,179.8816,0.9725,stand_7,362.099,0.0,-0.0,0.0,-0.0,Sidewalk
150.5,118.1209,3.0576,-1.0821,0.0,-0.06981,179.8816,0.9725,stand_7,362.1115,0.0,-0.06981,0.0,-0.06981,Sidewalk
151.0,118.1209,3.0576,-1.0821,0.0,-0.0,179.8816,0.9725,stand_7,362.099,0.0,-0.0,0.0,-0.0,Sidewalk
151.5,118.1209,3.0576,-1.11701,0.0,-0.06981,179.8816,0.9725,stand_7,362.1115,0.0,-0.06981,0.0,-0.06981,Sidewalk
152.0,118.1209,3.0576,-1.11701,0.0,-0.0,179.8816,0.9725,stand_7,362.099,0.0,-0.0,0.0,-0.0,Sidewalk
152.5,118.1209,3.0576,-1.15192,0.0,-0.06981,179.8816,0.9725,stand_7,362.1115,0.0,-0.06981,0.0,-0.06981,Sidewalk
153.0,118.1209,3.0576,-1.15192,0.0,-0.0,179.8816,0.9725,stand_7,362.099,0.0,-0.0,0.0,-0.0,Sidewalk
153.5,118.1209,3.0576,-1.18682,0.0,-0.06981,179.8816,0.9725,stand_7,362.1115,0.0,-0.06981,0.0,-0.06981,Sidewalk
154.0,118.1209,3.0576,-1.18682,0.0,-0.0,179.8816,0.9725,stand_7,362.099,0.0,-0.0,0.0,-0.0,Sidewalk
154.5,118.1209,3.0576,-1.22173,0.0,-0.06981,179.8816,0.9725,stand_7,362.1115,0.0,-0.06981,0.0,-0.06981,Sidewalk
155.0,118.1209,3.0576,-1.22173,0.0,-0.0,179.8816,0.9725,stand_7,362.099,0.0,-0.0,0.0,-0.0,Sidewalk
155.5,118.1209,3.0576,-1.25664,0.0,-0.06981,179.8816,0.9725,stand_7,362.1115,0.0,-0.06981,0.0,-0.06981,Sidewalk
156.0,118.1209,3.0576,-1.25664,0.0,-0.0,179.8816,0.9725,stand_7,362.099,0.0,-0.0,0.0,-0.0,Sidewalk
156.5,118.1209,3.0576,-1.29154,0.0,-0.06981,179.8816,0.9725,stand_7,362.1115,0.0,-0.06981,0.0,-0.06981,Sidewalk
157.0,118.1209,3.0576,-1.29154,0.0,-0.0,179.8816,0.9725,stand_7,362.099,0.0,-0.0,0.0,-0.0,Sidewalk
157.5,118.1209,3.0576,-1.32645,0.0,-0.06981,179.8816,0.9725,stand_7,362.1115,0.0,-0.06981,0.0,-0.06981,Sidewalk
158.0,118.1209,3.0576,-1.32645,0.0,-0.0,179.8816,0.9725,stand_7,362.099,0.0,-0.0,0.0,-0.0,Sidewalk
158.5,118.1209,3.0576,-1.36136,0.0,-0.06981,179.8816,0.9725,stand_7,362.1115,0.0,-0.06981,0.0,-0.06981,Sidewalk
159.0,118.1209,3.0576,-1.36136,0.0,-0.0,179.8816,0.9725,stand_7,362.099,0.0,-0.0,0.0,-0.0,Sidewalk
159.5,118.1209,3.0576,-1.39626,0.0,-0.06981,179.8816,0.9725,stand_7,362.1115,0.0,-0.06981,0.0,-0.06981,Sidewalk
160.0,118.1209,3.0576,-1.39626,0.0,-0.0,179.8816,0.9725,stand_7,362.099,0.0,-0.0,0.0,-0.0,Sidewalk
160.5,118.1209,3.0576,-1.43117,0.0,-0.06981,179.8816,0.9725,stand_7,362.1115,0.0,-0.06981,0.0,-0.06981,Sidewalk
161.0,118.1209,3.0576,-1.43117,0.0,-0.0,179.8816,0.9725,stand_7,362.099,0.0,-0.0,0.0,-0.0,Sidewalk
161.5,118.1209,3.0576,-1.46608,0.0,-0.06981,179.8816,0.9725,stand_7,362.1115,0.0,-0.06981,0.0,-0.06981,Sidewalk
162.0,118.1209,3.0576,-1.46608,0.0,-0.0,179.8816,0.9725,stand_7,362.099,0.0,-0.0,0.0,-0.0,Sidewalk
162.5,118.1209,3.0576,-1.50098,0.0,-0.06981,179.8816,0.9725,stand_7,362.1115,0.0,-0.06981,0.0,-0.06981,Sidewalk
163.0,118.1209,3.0576,-1.50098,0.0,-0.0,179.8816,0.9725,stand_7,362.099,0.0,-0.0,0.0,-0.0,Sidewalk
163.5,118.1209,3.0576,-1.53589,0.0,-0.06981,179.8816,0.9725,stand_7,362.1115,0.0,-0.06981,0.0,-0.06981,Sidewalk
164.0,118.1209,3.0576,-1.53589,0.0,-0.0,179.8816,0.9725,stand_7,362.099,0.0,-0.0,0.0,-0.0,Sidewalk
164.5,118.1209,3.0576,-1.5708,0.0,-0.06981,179.8816,0.9725,stand_7,362.1115,0.0,-0.06981,0.0,-0.06981,Sidewalk
165.0,118.1209,3.0576,-1.5708,0.0,-0.0,179.8816,0.9725,stand_7,362.099,0.0,-0.0,0.0,-0.0,Sidewalk
165.5,118.1209,3.0576,-1.6057,0.0,-0.06981,179.8816,0.9725,stand_7,362.1115,0.0,-0.06981,0.0,-0.06981,Sidewalk
166.0,118.1209,3.0576,-1.6057,0.0,-0.0,179.8816,0.9725,stand_7,362.099,0.0,-0.0,0.0,-0.0,Sidewalk
166.5,118.1209,3.0576,-1.64061,0.0,-0.06981,179.8816,0.9725,stand_7,362.1115,0.0,-0.06981,0.0,-0.06981,Sidewalk
167.0,118.1209,3.0576,-1.64061,0.0,-0.0,179.8816,0.9725,stand_7,362.099,0.0,-0.0,0.0,-0.0,Sidewalk
167.5,118.1209,3.0576,-1.67552,0.0,-0.06981,179.8816,0.9725,stand_7,362.1115,0.0,-0.06981,0.0,-0.06981,Sidewalk
168.0,118.1209,3.0576,-1.67552,0.0,-0.0,179.8816,0.9725,stand_7,362.099,0.0,-0.0,0.0,-0.0,Sidewalk
168.5,118.1209,3.0576,-1.71042,0.0,-0.06981,179.8816,0.9725,stand_7,362.1115,0.0,-0.06981,0.0,-0.06981,Sidewalk
169.0,118.1209,3.0576,-1.71042,0.0,-0.0,179.8816,0.9725,stand_7,362.099,0.0,-0.0,0.0,-0.0,Sidewalk
169.5,118.1209,3.0576,-1.74533,0.0,-0.06981,179.8816,0.9725,stand_7,362.1115,0.0,-0.06981,0.0,-0.06981,Sidewalk
170.0,118.1209,3.0576,-1.74533,0.0,-0.0,179.8816,0.9725,stand_7,362.099,0.0,-0.0,0.0,-0.0,Sidewalk
170.5,118.1209,3.0576,-1.78024,0.0,-0.06981,179.8816,0.9725,stand_7,362.1115,0.0,-0.06981,0.0,-0.06981,Sidewalk
171.0,118.1209,3.0576,-1.78024,0.0,-0.0,179.8816,0.9725,stand_7,362.099,0.0,-0.0,0.0,-0.0,Sidewalk
171.5,118.1209,3.0576,-1.81514,0.0,-0.06981,179.8816,0.9725,stand_7,362.1115,0.0,-0.06981,0.0,-0.06981,Sidewalk
172.0,118.1209,3.0576,-1.81514,0.0,-0.0,179.8816,0.9725,stand_7,362.099,0.0,-0.0,0.0,-0.0,Sidewalk
172.5,118.1209,3.0576,-1.85005,0.0,-0.06981,179.8816,0.9725,stand_7,362.1115,0.0,-0.06981,0.0,-0.06981,Sidewalk
173.0,118.1209,3.0576,-1.85005,0.0,-0.0,179.8816,0.9725,stand_7,362.099,0.0,-0.0,0.0,-0.0,Sidewalk
173.5,118.1209,3.0576,-1.88496,0.0,-0.06981,179.8816,0.9725,stand_7,362.1115,0.0,-0.06981,0.0,-0.06981,Sidewalk
174.0,118.1209,3.0576,-1.88496,0.0,-0.0,179.8816,0.9725,stand_7,362.099,0.0,-0.0,0.0,-0.0,Sidewalk
174.5,118.1209,3.0576,-1.91986,0.0,-0.06981,179.8816,0.9725,stand_7,362.1115,0.0,-0.06981,0.0,-0.06981,Sidewalk
175.0,118.1209,3.0576,-1.91986,0.0,-0.0,179.8816,0.9725,stand_7,362.099,0.0,-0.0,0.0,-0.0,Sidewalk
175.5,118.1209,3.0576,-1.95477,0.0,-0.06981,179.8816,0.9725,stand_7,362.1115,0.0,-0.06981,0.0,-0.06981,Sidewalk
176.0,118.1209,3.0576,-1.95477,0.0,-0.0,179.8816,0.9725,stand_7,362.099,0.0,-0.0,0.0,-0.0,Sidewalk
176.5,118.1209,3.0576,-1.98968,0.0,-0.06981,179.8816,0.9725,stand_7,362.1115,0.0,-0.06981,0.0,-0.06981,Sidewalk
177.0,118.1209,3.0576,-1.98968,0.0,-0.0,179.8816,0.9725,stand_7,362.099,0.0,-0.0,0.0,-0.0,Sidewalk
177.5,118.1209,3.0576,-2.02458,0.0,-0.06981,179.8816,0.9725,stand_7,362.1115,0.0,-0.06981,0.0,-0.06981,Sidewalk
178.0,118.1209,3.0576,-2.02458,0.0,-0.0,179.8816,0.9725,stand_7,362.099,0.0,-0.0,0.0,-0.0,Sidewalk
178.5,118.1209,3.0576,-2.05949,0.0,-0.06981,179.8816,0.9725,stand_7,362.1115,0.0,-0.06981,0.0,-0.06981,Sidewalk
179.0,118.1209,3.0576,-2.05949,0.0,-0.0,179.8816,0.9725,stand_7,362.099,0.0,-0.0,0.0,-0.0,Sidewalk
179.5,118.1209,3.0576,-2.0944,0.0,-0.06981,179.8816,0.9725,stand_7,362.1115,0.0,-0.06981,0.0,-0.06981,Sidewalk
180.0,118.1209,3.0576,-2.0944,0.0,-0.0,179.8816,0.9725,stand_7,362.099,0.0,-0.0,0.0,-0.0,Sidewalk
180.5,118.1209,3.0576,-2.1293,0.0,-0.06981,179.8816,0.9725,stand_7,362.1115,0.0,-0.06981,0.0,-0.06981,Sidewalk
181.0,118.1209,3.0576,-2.1293,0.0,-0.0,179.8816,0.9725,stand_7,362.099,0.0,-0.0,0.0,-0.0,Sidewalk
181.5,118.1209,3.0576,-2.16421,0.0,-0.06981,179.8816,0.9725,stand_7,362.1115,0.0,-0.06981,0.0,-0.06981,Sidewalk
182.0,118.1209,3.0576,-2.16421,0.0,-0.0,179.8816,0.9725,stand_7,362.099,0.0,-0.0,0.0,-0.0,Sidewalk
182.5,118.1209,3.0576,-2.19911,0.0,-0.06981,179.8816,0.9725,stand_7,362.1115,0.0,-0.06981,0.0,-0.06981,Sidewalk
183.0,118.1209,3.0576,-2.19911,0.0,-0.0,179.8816,0.9725,stand_7,362.099,0.0,-0.0,0.0,-0.0,Sidewalk
183.5,118.1209,3.0576,-2.23402,0.0,-0.06981,179.8816,0.9725,stand_7,362.1115,0.0,-0.06981,0.0,-0.06981,Sidewalk
184.0,118.1209,3.0576,-2.23402,0.0,-0.0,179.8816,0.9725,stand_7,362.099,0.0,-0.0,0.0,-0.0,Sidewalk
184.5,118.1209,3.0576,-2.26893,0.0,-0.06981,179.8816,0.9725,stand_7,362.1115,0.0,-0.06981,0.0,-0.06981,Sidewalk
185.0,118.1209,3.0576,-2.26893,0.0,-0.0,179.8816,0.9725,stand_7,362.099,0.0,-0.0,0.0,-0.0,Sidewalk
185.5,118.1209,3.0576,-2.30383,0.0,-0.06981,179.8816,0.9725,stand_7,362.1115,0.0,-0.06981,0.0,-0.06981,Sidewalk
186.0,118.1209,3.0576,-2.30383,0.0,-0.0,179.8816,0.9725,stand_7,362.099,0.0,-0.0,0.0,-0.0,Sidewalk
186.5,118.1209,3.0576,-2.33874,0.0,-0.06981,179.8816,0.9725,stand_7,362.1115,0.0,-0.06981,0.0,-0.06981,Sidewalk
187.0,118.1209,3.0576,-2.33874,0.0,-0.0,179.8816,0.9725,stand_7,362.099,0.0,-0.0,0.0,-0.0,Sidewalk
187.5,118.1209,3.0576,-2.37365,0.0,-0.06981,179.8816,0.9725,stand_7,362.1115,0.0,-0.06981,0.0,-0.06981,Sidewalk
188.0,118.1209,3.0576,-2.37365,0.0,-0.0,179.8816,0.9725,stand_7,362.099,0.0,-0.0,0.0,-0.0,Sidewalk
188.5,118.1209,3.0576,-2.40855,0.0,-0.06981,179.8816,0.9725,stand_7,362.1115,0.0,-0.06981,0.0,-0.06981,Sidewalk
189.0,118.1209,3.0576,-2.40855,0.0,-0.0,179.8816,0.9725,stand_7,362.099,0.0,-0.0,0.0,-0.0,Sidewalk
189.5,118.1209,3.0576,-2.44346,0.0,-0.06981,179.8816,0.9725,stand_7,362.1115,0.0,-0.06981,0.0,-0.06981,Sidewalk
190.0,118.1209,3.0576,-2.44346,0.0,-0.0,179.8816,0.9725,stand_7,362.099,0.0,-0.0,0.0,-0.0,Sidewalk
190.5,118.1209,3.0576,-2.47837,0.0,-0.06981,179.8816,0.9725,stand_7,362.1115,0.0,-0.06981,0.0,-0.06981,Sidewalk
191.0,118.1209,3.0576,-2.47837,0.0,-0.0,179.8816,0.9725,stand_7,362.099,0.0,-0.0,0.0,-0.0,Sidewalk
191.5,118.1209,3.0576,-2.51327,0.0,-0.06981,179.8816,0.9725,stand_7,362.1115,0.0,-0.06981,0.0,-0.06981,Sidewalk
192.0,118.1209,3.0576,-2.51327,0.0,-0.0,179.8816,0.9725,stand_7,362.099,0.0,-0.0,0.0,-0.0,Sidewalk
192.5,118.1209,3.0576,-2.54818,0.0,-0.06981,179.8816,0.9725,stand_7,362.1115,0.0,-0.06981,0.0,-0.06981,Sidewalk
193.0,118.1209,3.0576,-2.54818,0.0,-0.0,179.8816,0.9725,stand_7,362.099,0.0,-0.0,0.0,-0.0,Sidewalk
193.5,118.1209,3.0576,-2.58309,0.0,-0.06981,179.8816,0.9725,stand_7,362.1115,0.0,-0.06981,0.0,-0.06981,Sidewalk
194.0,118.1209,3.0576,-2.58309,0.0,-0.0,179.8816,0.9725,stand_7,362.099,0.0,-0.0,0.0,-0.0,Sidewalk
194.5,118.1209,3.0576,-2.61799,0.0,-0.06981,179.8816,0.9725,stand_7,362.1115,0.0,-0.06981,0.0,-0.06981,Sidewalk
195.0,118.1209,3.0576,-2.61799,0.0,-0.0,179.8816,0.9725,stand_7,362.099,0.0,-0.0,0.0,-0.0,Sidewalk
195.5,118.1209,3.0576,-2.6529,0.0,-0.06981,179.8816,0.9725,stand_7,362.1115,0.0,-0.06981,0.0,-0.06981,Sidewalk
196.0,118.1209,3.0576,-2.6529,0.0,-0.0,179.8816,0.9725,stand_7,362.099,0.0,-0.0,0.0,-0.0,Sidewalk
196.5,118.1209,3.0576,-2.68781,0.0,-0.06981,179.8816,0.9725,stand_7,362.1115,0.0,-0.06981,0.0,-0.06981,Sidewalk
197.0,118.1209,3.0576,-2.68781,0.0,-0.0,179.8816,0.9725,stand_7,362.099,0.0,-0.0,0.0,-0.0,Sidewalk
197.5,118.1209,3.0576,-2.72271,0.0,-0.06981,179.8816,0.9725,stand_7,362.1115,0.0,-0.06981,0.0,-0.06981,Sidewalk
198.0,118.1209,3.0576,-2.72271,0.0,-0.0,179.8816,0.9725,stand_7,362.099,0.0,-0.0,0.0,-0.0,Sidewalk
198.5,118.1209,3.0576,-2.75762,0.0,-0.06981,179.8816,0.9725,stand_7,362.1115,0.0,-0.06981,0.0,-0.06981,Sidewalk
199.0,118.1209,3.0576,-2.75762,0.0,-0.0,179.8816,0.9725,stand_7,362.099,0.0,-0.0,0.0,-0.0,Sidewalk
199.5,118.1209,3.0576,-2.79253,0.0,-0.06981,179.8816,0.9725,stand_7,362.1115,0.0,-0.06981,0.0,-0.06981,Sidewalk
200.0,118.1209,3.0576,-2.79253,0.0,-0.0,179.8816,0.9725,stand_7,362.099,0.0,-0.0,0.0,-0.0,Sidewalk
200.5,118.1209,3.0576,-2.82743,0.0,-0.06981,179.8816,0.9725,stand_7,362.1115,0.0,-0.06981,0.0,-0.06981,Sidewalk
201.0,118.1209,3.0576,-2.82743,0.0,-0.0,179.8816,0.9725,stand_7,362.099,0.0,-0.0,0.0,-0.0,Sidewalk
201.5,118.1209,3.0576,-2.86234,0.0,-0.06981,179.8816,0.9725,stand_7,362.1115,0.0,-0.06981,0.0,-0.06981,Sidewalk
202.0,118.1209,3.0576,-2.86234,0.0,-0.0,179.8816,0.9725,stand_7,362.099,0.0,-0.0,0.0,-0.0,Sidewalk
202.5,118.1209,3.0576,-2.89725,0.0,-0.06981,179.8816,0.9725,stand_7,362.1115,0.0,-0.06981,0.0,-0.06981,Sidewalk
203.0,118.1209,3.0576,-2.89725,0.0,-0.0,179.8816,0.9725,stand_7,362.099,0.0,-0.0,0.0,-0.0,Sidewalk
203.5,118.1209,3.0576,-2.93215,0.0,-0.06981,179.8816,0.9725,stand_7,362.1115,0.0,-0.06981,0.0,-0.06981,Sidewalk
204.0,118.1209,3.0576,-2.93215,0.0,-0.0,179.8816,0.9725,stand_7,362.099,0.0,-0.0,0.0,-0.0,Sidewalk
204.5,118.1209,3.0576,-2.96706,0.0,-0.06981,179.8816,0.9725,stand_7,362.1115,0.0,-0.06981,0.0,-0.06981,Sidewalk
205.0,118.1209,3.0576,-2.96706,0.0,-0.0,179.8816,0.9725,stand_7,362.099,0.0,-0.0,0.0,-0.0,Sidewalk
205.5,118.1209,3.0576,-3.00197,0.0,-0.06981,179.8816,0.9725,stand_7,362.1115,0.0,-0.06981,0.0,-0.06981,Sidewalk
206.0,118.1209,3.0576,-3.00197,0.0,-0.0,179.8816,0.9725,stand_7,362.099,0.0,-0.0,0.0,-0.0,Sidewalk
206.5,118.1209,3.0576,-3.03687,0.0,-0.06981,179.8816,0.9725,stand_7,362.1115,0.0,-0.06981,0.0,-0.06981,Sidewalk
207.0,118.1209,3.0576,-3.03687,0.0,-0.0,179.8816,0.9725,stand_7,362.099,0.0,-0.0,0.0,-0.0,Sidewalk
207.5,118.1209,3.0576,-3.07178,0.0,-0.06981,179.8816,0.9725,stand_7,362.1115,0.0,-0.06981,0.0,-0.06981,Sidewalk
208.0,118.1209,3.0576,-3.07178,0.0,-0.0,179.8816,0.9725,stand_7,362.099,0.0,-0.0,0.0,-0.0,Sidewalk
208.5,118.1209,3.0576,-3.10669,0.0,-0.06981,179.8816,0.9725,stand_7,362.1115,0.0,-0.06981,0.0,-0.06981,Sidewalk
209.0,118.1209,3.0576,-3.10669,0.0,-0.0,179.8816,0.9725,stand_7,362.099,0.0,-0.0,0.0,-0.0,Sidewalk
209.5,118.1209,3.0576,3.14159,0.0,-0.06981,179.8816,0.9725,stand_7,362.1115,0.0,-0.06981,0.0,-0.06981,Sidewalk
210.0,118.1209,3.0576,3.14159,0.0,-0.0,179.8816,0.9725,stand_7,362.099,0.0,-0.0,0.0,-0.0,Sidewalk
210.5,118.1209,3.0576,3.10669,0.0,-0.06981,179.8816,0.9725,stand_7,362.1115,0.0,-0.06981,0.0,-0.06981,Sidewalk
211.0,118.1209,3.0576,3.10669,0.0,-0.0,179.8816,0.9725,stand_7,362.099,0.0,-0.0,0.0,-0.0,Sidewalk
211.5,118.1209,3.0576,3.07178,0.0,-0.06981,179.8816,0.9725,stand_7,362.1115,0.0,-0.06981,0.0,-0.06981,Sidewalk
212.0,118.1209,3.0576,3.07178,0.0,-0.0,179.8816,0.9725,stand_7,362.099,0.0,-0.0,0.0,-0.0,Sidewalk
212.5,118.1209,3.0576,3.03687,0.0,-0.06981,179.8816,0.9725,stand_7,362.1115,0.0,-0.06981,0.0,-0.06981,Sidewalk
213.0,118.1209,3.0576,3.03687,0.0,-0.0,179.8816,0.9725,stand_7,362.099,0.0,-0.0,0.0,-0.0,Sidewalk
213.5,118.1209,3.0576,3.00197,0.0,-0.06981,179.8816,0.9725,stand_7,362.1115,0.0,-0.06981,0.0,-0.06981,Sidewalk
214.0,118.1209,3.0576,3.00197,0.0,-0.0,179.8816,0.9725,stand_7,362.099,0.0,-0.0,0.0,-0.0,Sidewalk
214.5,118.1209,3.0576,2.96706,0.0,-0.06981,179.8816,0.9725,stand_7,362.1115,0.0,-0.06981,0.0,-0.06981,Sidewalk
215.0,118.1209,3.0576,2.96706,0.0,-0.0,179.8816,0.9725,stand_7,362.099,0.0,-0.0,0.0,-0.0,Sidewalk
215.5,118.1209,3.0576,2.93215,0.0,-0.06981,179.8816,0.9725,stand_7,362.1115,0.0,-0.06981,0.0,-0.06981,Sidewalk
216.0,118.1209,3.0576,2.93215,0.0,-0.0,179.8816,0.9725,stand_7,362.099,0.0,-0.0,0.0,-0.0,Sidewalk
216.5,118.1209,3.0576,2.89725,0.0,-0.06981,179.8816,0.9725,stand_7,362.1115,0.0,-0.06981,0.0,-0.06981,Sidewalk
217.0,118.1209,3.0576,2.89725,0.0,-0.0,179.8816,0.9725,stand_7,362.099,0.0,-0.0,0.0,-0.0,Sidewalk
217.5,118.1209,3.0576,2.86234,0.0,-0.06981,179.8816,0.9725,stand_7,362.1115,0.0,-0.06981,0.0,-0.06981,Sidewalk
218.0,118.1209,3.0576,2.86234,0.0,-0.0,179.8816,0.9725,stand_7,362.099,0.0,-0.0,0.0,-0.0,Sidewalk
218.5,118.1209,3.0576,2.82743,0.0,-0.06981,179.8816,0.9725,stand_7,362.1115,0.0,-0.06981,0.0,-0.06981,Sidewalk
219.0,118.1209,3.0576,2.82743,0.0,-0.0,179.8816,0.9725,stand_7,362.099,0.0,-0.0,0.0,-0.0,Sidewalk
219.5,118.1209,3.0576,2.79253,0.0,-0.06981,179.8816,0.9725,stand_7,362.1115,0.0,-0.06981,0.0,-0.06981,Sidewalk
220.0,118.1209,3.0576,2.79253,0.0,-0.0,179.8816,0.9725,stand_7,362.099,0.0,-0.0,0.0,-0.0,Sidewalk
220.5,118.1209,3.0576,2.75762,0.0,-0.06981,179.8816,0.9725,stand_7,362.1115,0.0,-0.06981,0.0,-0.06981,Sidewalk
221.0,118.1209,3.0576,2.75762,0.0,-0.0,179.8816,0.9725,stand_7,362.099,0.0,-0.0,0.0,-0.0,Sidewalk
221.5,118.1209,3.0576,2.72271,0.0,-0.06981,179.8816,0.9725,stand_7,362.1115,0.0,-0.06981,0.0,-0.06981,Sidewalk
222.0,118.1209,3.0576,2.72271,0.0,-0.0,179.8816,0.9725,stand_7,362.099,0.0,-0.0,0.0,-0.0,Sidewalk
222.5,118.1209,3.0576,2.68781,0.0,-0.06981,179.8816,0.9725,stand_7,362.1115,0.0,-0.06981,0.0,-0.06981,Sidewalk
223.0,118.1209,3.0576,2.68781,0.0,-0.0,179.8816,0.9725,stand_7,362.099,0.0,-0.0,0.0,-0.0,Sidewalk
223.5,118.1209,3.0576,2.6529,0.0,-0.06981,179.8816,0.9725,stand_7,362.1115,0.0,-0.06981,0.0,-0.06981,Sidewalk
224.0,118.1209,3.0576,2.6529,0.0,-0.0,179.8816,0.9725,stand_7,362.099,0.0,-0.0,0.0,-0.0,Sidewalk
224.5,118.1209,3.0576,2.61799,0.0,-0.06981,179.8816,0.9725,stand_7,362.1115,0.0,-0.06981,0.0,-0.06981,Sidewalk
225.0,118.1209,3.0576,2.61799,0.0,-0.0,179.8816,0.9725,stand_7,362.099,0.0,-0.0,0.0,-0.0,Sidewalk
225.5,118.1209,3.0576,2.58309,0.0,-0.06981,179.8816,0.9725,stand_7,362.1115,0.0,-0.06981,0.0,-0.06981,Sidewalk
226.0,118.1209,3.0576,2.58309,0.0,-0.0,179.8816,0.9725,stand_7,362.099,0.0,-0.0,0.0,-0.0,Sidewalk
226.5,118.1209,3.0576,2.54818,0.0,-0.06981,179.8816,0.9725,stand_7,362.1115,0.0,-0.06981,0.0,-0.06981,Sidewalk
227.0,118.1209,3.0576,2.54818,0.0,-0.0,179.8816,0.9725,stand_7,362.099,0.0,-0.0,0.0,-0.0,Sidewalk
227.5,118.1209,3.0576,2.51327,0.0,-0.06981,179.8816,0.9725,stand_7,362.1115,0.0,-0.06981,0.0,-0.06981,Sidewalk
228.0,118.1209,3.0576,2.51327,0.0,-0.0,179.8816,0.9725,stand_7,362.099,0.0,-0.0,0.0,-0.0,Sidewalk
228.5,118.1209,3.0576,2.47837,0.0,-0.06981,179.8816,0.9725,stand_7,362.1115,0.0,-0.06981,0.0,-0.06981,Sidewalk
229.0,118.1209,3.0576,2.47837,0.0,-0.0,179.8816,0.9725,stand_7,362.099,0.0,-0.0,0.0,-0.0,Sidewalk
229.5,118.1209,3.0576,2.44346,0.0,-0.06981,179.8816,0.9725,stand_7,362.1115,0.0,-0.06981,0.0,-0.06981,Sidewalk
230.0,118.1209,3.0576,2.44346,0.0,-0.0,179.8816,0.9725,stand_7,362.099,0.0,-0.0,0.0,-0.0,Sidewalk
230.5,118.1209,3.0576,2.40855,0.0,-0.06981,179.8816,0.9725,stand_7,362.1115,0.0,-0.06981,0.0,-0.06981,Sidewalk
231.0,118.1209,3.0576,2.40855,0.0,-0.0,179.8816,0.9725,stand_7,362.099,0.0,-0.0,0.0,-0.0,Sidewalk
231.5,118.1209,3.0576,2.37365,0.0,-0.06981,179.8816,0.9725,stand_7,362.1115,0.0,-0.06981,0.0,-0.06981,Sidewalk
232.0,118.1209,3.0576,2.37365,0.0,-0.0,179.8816,0.9725,stand_7,362.099,0.0,-0.0,0.0,-0.0,Sidewalk
232.5,118.1209,3.0576,2.33874,0.0,-0.06981,179.8816,0.9725,stand_7,362.1115,0.0,-0.06981,0.0,-0.06981,Sidewalk
233.0,118.1209,3.0576,2.33874,0.0,-0.0,179.8816,0.9725,stand_7,362.099,0.0,-0.0,0.0,-0.0,Sidewalk
233.5,118.1209,3.0576,2.30383,0.0,-0.06981,179.8816,0.9725,stand_7,362.1115,0.0,-0.06981,0.0,-0.06981,Sidewalk
234.0,118.1209,3.0576,2.30383,0.0,-0.0,179.8816,0.9725,stand_7,362.099,0.0,-0.0,0.0,-0.0,Sidewalk
234.5,118.1209,3.0576,2.26893,0.0,-0.06981,179.8816,0.9725,stand_7,362.1115,0.0,-0.06981,0.0,-0.06981,Sidewalk
235.0,118.1209,3.0576,2.26893,0.0,-0.0,179.8816,0.9725,stand_7,362.099,0.0,-0.0,0.0,-0.0,Sidewalk
235.5,118.1209,3.0576,2.23402,0.0,-0.06981,179.8816,0.9725,stand_7,362.1115,0.0,-0.06981,0.0,-0.06981,Sidewalk
236.0,118.1209,3.0576,2.23402,0.0,-0.0,179.8816,0.9725,stand_7,362.099,0.0,-0.0,0.0,-0.0,Sidewalk
236.5,118.1209,3.0576,2.19911,0.0,-0.06981,179.8816,0.9725,stand_7,362.1115,0.0,-0.06981,0.0,-0.06981,Sidewalk
237.0,118.1209,3.0576,2.19911,0.0,-0.0,179.8816,0.9725,stand_7,362.099,0.0,-0.0,0.0,-0.0,Sidewalk
237.5,118.1209,3.0576,2.16421,0.0,-0.06981,179.8816,0.9725,stand_7,362.1115,0.0,-0.06981,0.0,-0.06981,Sidewalk
238.0,118.1209,3.0576,2.16421,0.0,-0.0,179.8816,0.9725,stand_7,362.099,0.0,-0.0,0.0,-0.0,Sidewalk
238.5,118.1209,3.0576,2.1293,0.0,-0.06981,179.8816,0.9725,stand_7,362.1115,0.0,-0.06981,0.0,-0.06981,Sidewalk
239.0,118.1209,3.0576,2.1293,0.0,-0.0,179.8816,0.9725,stand_7,362.099,0.0,-0.0,0.0,-0.0,Sidewalk
239.5,118.1209,3.0576,2.0944,0.0,-0.06981,179.8816,0.9725,stand_7,362.1115,0.0,-0.06981,0.0,-0.06981,Sidewalk
240.0,118.1209,3.0576,2.0944,0.0,-0.0,179.8816,0.9725,stand_7,362.099,0.0,-0.0,0.0,-0.0,Sidewalk
240.5,118.1209,3.0576,2.05949,0.0,-0.06981,179.8816,0.9725,stand_7,362.1115,0.0,-0.06981,0.0,-0.06981,Sidewalk
241.0,118.1209,3.0576,2.05949,0.0,-0.0,179.8816,0.9725,stand_7,362.099,0.0,-0.0,0.0,-0.0,Sidewalk
241.5,118.1209,3.0576,2.02458,0.0,-0.06981,179.8816,0.9725,stand_7,362.1115,0.0,-0.06981,0.0,-0.06981,Sidewalk
242.0,118.1209,3.0576,2.02458,0.0,-0.0,179.8816,0.9725,stand_7,362.099,0.0,-0.0,0.0,-0.0,Sidewalk
242.5,118.1209,3.0576,1.98968,0.0,-0.06981,179.8816,0.9725,stand_7,362.1115,0.0,-0.06981,0.0,-0.06981,Sidewalk
243.0,118.1209,3.0576,1.98968,0.0,-0.0,179.8816,0.9725,stand_7,362.099,0.0,-0.0,0.0,-0.0,Sidewalk
243.5,118.1209,3.0576,1.95477,0.0,-0.06981,179.8816,0.9725,stand_7,362.1115,0.0,-0.06981,0.0,-0.06981,Sidewalk
244.0,118.1209,3.0576,1.95477,0.0,-0.0,179.8816,0.9725,stand_7,362.099,0.0,-0.0,0.0,-0.0,Sidewalk
244.5,118.1209,3.0576,1.91986,0.0,-0.06981,179.8816,0.9725,stand_7,362.1115,0.0,-0.06981,0.0,-0.06981,Sidewalk
245.0,118.1209,3.0576,1.91986,0.0,-0.0,179.8816,0.9725,stand_7,362.099,0.0,-0.0,0.0,-0.0,Sidewalk
245.5,118.1209,3.0576,1.88496,0.0,-0.06981,179.8816,0.9725,stand_7,362.1115,0.0,-0.06981,0.0,-0.06981,Sidewalk
246.0,118.1209,3.0576,1.88496,0.0,-0.0,179.8816,0.9725,stand_7,362.099,0.0,-0.0,0.0,-0.0,Sidewalk
246.5,118.1209,3.0576,1.85005,0.0,-0.06981,179.8816,0.9725,stand_7,362.1115,0.0,-0.06981,0.0,-0.06981,Sidewalk
247.0,118.1209,3.0576,1.85005,0.0,-0.0,179.8816,0.9725,stand_7,362.099,0.0,-0.0,0.0,-0.0,Sidewalk
247.5,118.1209,3.0576,1.81514,0.0,-0.06981,179.8816,0.9725,stand_7,362.1115,0.0,-0.06981,0.0,-0.06981,Sidewalk
248.0,118.1209,3.0576,1.81514,0.0,-0.0,179.8816,0.9725,stand_7,362.099,0.0,-0.0,0.0,-0.0,Sidewalk
248.5,118.1209,3.0576,1.78024,0.0,-0.06981,179.8816,0.9725,stand_7,362.1115,0.0,-0.06981,0.0,-0.06981,Sidewalk
249.0,118.1209,3.0576,1.78024,0.0,-0.0,179.8816,0.9725,stand_7,362.099,0.0,-0.0,0.0,-0.0,Sidewalk
249.5,118.1209,3.0576,1.74533,0.0,-0.06981,179.8816,0.9725,stand_7,362.1115,0.0,-0.06981,0.0,-0.06981,Sidewalk
250.0,118.1209,3.0576,1.74533,0.0,-0.0,179.8816,0.9725,stand_7,362.099,0.0,-0.0,0.0,-0.0,Sidewalk
250.5,118.1209,3.0576,1.71042,0.0,-0.06981,179.8816,0.9725,stand_7,362.1115,0.0,-0.06981,0.0,-0.06981,Sidewalk
251.0,118.1209,3.0576,1.71042,0.0,-0.0,179.8816,0.9725,stand_7,362.099,0.0,-0.0,0.0,-0.0,Sidewalk
251.5,118.1209,3.0576,1.67552,0.0,-0.06981,179.8816,0.9725,stand_7,362.1115,0.0,-0.06981,0.0,-0.06981,Sidewalk
252.0,118.1209,3.0576,1.67552,0.0,-0.0,179.8816,0.9725,stand_7,362.099,0.0,-0.0,0.0,-0.0,Sidewalk
252.5,118.1209,3.0576,1.64061,0.0,-0.06981,179.8816,0.9725,stand_7,362.1115,0.0,-0.06981,0.0,-0.06981,Sidewalk
253.0,118.1209,3.0576,1.64061,0.0,-0.0,179.8816,0.9725,stand_7,362.099,0.0,-0.0,0.0,-0.0,Sidewalk
253.5,118.1209,3.0576,1.6057,0.0,-0.06981,179.8816,0.9725,stand_7,362.1115,0.0,-0.06981,0.0,-0.06981,Sidewalk
254.0,118.1209,3.0576,1.6057,0.0,-0.0,179.8816,0.9725,stand_7,362.099,0.0,-0.0,0.0,-0.0,Sidewalk
254.5,118.1209,3.0576,1.5708,0.0,-0.06981,179.8816,0.9725,stand_7,362.1115,0.0,-0.06981,0.0,-0.06981,Sidewalk
255.0,118.1209,3.0576,1.5708,0.0,-0.0,179.8816,0.9725,stand_7,362.099,0.0,-0.0,0.0,-0.0,Sidewalk
255.5,118.1209,3.0576,1.53589,0.0,-0.06981,179.8816,0.9725,stand_7,362.1115,0.0,-0.06981,0.0,-0.06981,Sidewalk
256.0,118.1209,3.0576,1.53589,0.0,-0.0,179.8816,0.9725,stand_7,362.099,0.0,-0.0,0.0,-0.0,Sidewalk
256.5,118.1209,3.0576,1.50098,0.0,-0.06981,179.8816,0.9725,stand_7,362.1115,0.0,-0.06981,0.0,-0.06981,Sidewalk
257.0,118.1209,3.0576,1.50098,0.0,-0.0,179.8816,0.9725,stand_7,362.099,0.0,-0.0,0.0,-0.0,Sidewalk
257.5,118.1209,3.0576,1.46608,0.0,-0.06981,179.8816,0.9725,stand_7,362.1115,0.0,-0.06981,0.0,-0.06981,Sidewalk
258.0,118.1209,3.0576,1.46608,0.0,-0.0,179.8816,0.9725,stand_7,362.099,0.0,-0.0,0.0,-0.0,Sidewalk
258.5,118.1209,3.0576,1.43117,0.0,-0.06981,179.8816,0.9725,stand_7,362.1115,0.0,-0.06981,0.0,-0.06981,Sidewalk
259.0,118.1209,3.0576,1.43117,0.0,-0.0,179.8816,0.9725,stand_7,362.099,0.0,-0.0,0.0,-0.0,Sidewalk
259.5,118.1209,3.0576,1.39626,0.0,-0.06981,179.8816,0.9725,stand_7,362.1115,0.0,-0.06981,0.0,-0.06981,Sidewalk
260.0,118.1209,3.0576,1.39626,0.0,-0.0,179.8816,0.9725,stand_7,362.099,0.0,-0.0,0.0,-0.0,Sidewalk
260.5,118.1209,3.0576,1.36136,0.0,-0.06981,179.8816,0.9725,stand_7,362.1115,0.0,-0.06981,0.0,-0.06981,Sidewalk
261.0,118.1209,3.0576,1.36136,0.0,-0.0,179.8816,0.9725,stand_7,362.099,0.0,-0.0,0.0,-0.0,Sidewalk
261.5,118.1209,3.0576,1.32645,0.0,-0.06981,179.8816,0.9725,stand_7,362.1115,0.0,-0.06981,0.0,-0.06981,Sidewalk
262.0,118.1209,3.0576,1.32645,0.0,-0.0,179.8816,0.9725,stand_7,362.099,0.0,-0.0,0.0,-0.0,Sidewalk
262.5,118.1209,3.0576,1.29154,0.0,-0.06981,179.8816,0.9725,stand_7,362.1115,0.0,-0.06981,0.0,-0.06981,Sidewalk
263.0,118.1209,3.0576,1.29154,0.0,-0.0,179.8816,0.9725,stand_7,362.099,0.0,-0.0,0.0,-0.0,Sidewalk
263.5,118.1209,3.0576,1.25664,0.0,-0.06981,179.8816,0.9725,stand_7,362.1115,0.0,-0.06981,0.0,-0.06981,Sidewalk
264.0,118.1209,3.0576,1.25664,0.0,-0.0,179.8816,0.9725,stand_7,362.099,0.0,-0.0,0.0,-0.0,Sidewalk
264.5,118.1209,3.0576,1.22173,0.0,-0.06981,179.8816,0.9725,stand_7,362.1115,0.0,-0.06981,0.0,-0.06981,Sidewalk
265.0,118.1209,3.0576,1.22173,0.0,-0.0,179.8816,0.9725,stand_7,362.099,0.0,-0.0,0.0,-0.0,Sidewalk
265.5,118.1209,3.0576,1.18682,0.0,-0.06981,179.8816,0.9725,stand_7,362.1115,0.0,-0.06981,0.0,-0.06981,Sidewalk
266.0,118.1209,3.0576,1.18682,0.0,-0.0,179.8816,0.9725,stand_7,362.099,0.0,-0.0,0.0,-0.0,Sidewalk
266.5,118.1209,3.0576,1.15192,0.0,-0.06981,179.8816,0.9725,stand_7,362.1115,0.0,-0.06981,0.0,-0.06981,Sidewalk
267.0,118.1209,3.0576,1.15192,0.0,-0.0,179.8816,0.9725,stand_7,362.099,0.0,-0.0,0.0,-0.0,Sidewalk
267.5,118.1209,3.0576,1.11701,0.0,-0.06981,179.8816,0.9725,stand_7,362.1115,0.0,-0.06981,0.0,-0.06981,Sidewalk
268.0,118.1209,3.0576,1.11701,0.0,-0.0,179.8816,0.9725,stand_7,362.099,0.0,-0.0,0.0,-0.0,Sidewalk
268.5,118.1209,3.0576,1.0821,0.0,-0.06981,179.8816,0.9725,stand_7,362.1115,0.0,-0.06981,0.0,-0.06981,Sidewalk
269.0,118.1209,3.0576,1.0821,0.0,-0.0,179.8816,0.9725,stand_7,362.099,0.0,-0.0,0.0,-0.0,Sidewalk
269.5,118.1209,3.0576,1.0472,0.0,-0.06981,179.8816,0.9725,stand_7,362.1115,0.0,-0.06981,0.0,-0.06981,Sidewalk
270.0,118.1209,3.0576,1.0472,0.0,-0.0,179.8816,0.9725,stand_7,362.099,0.0,-0.0,0.0,-0.0,Sidewalk
270.5,118.1209,3.0576,1.01229,0.0,-0.06981,179.8816,0.9725,stand_7,362.1115,0.0,-0.06981,0.0,-0.06981,Sidewalk
271.0,118.1209,3.0576,1.01229,0.0,-0.0,179.8816,0.9725,stand_7,362.099,0.0,-0.0,0.0,-0.0,Sidewalk
271.5,118.1209,3.0576,0.97738,0.0,-0.06981,179.8816,0.9725,stand_7,362.1115,0.0,-0.06981,0.0,-0.06981,Sidewalk
272.0,118.1209,3.0576,0.97738,0.0,-0.0,179.8816,0.9725,stand_7,362.099,0.0,-0.0,0.0,-0.0,Sidewalk
272.5,118.1209,3.0576,0.94248,0.0,-0.06981,179.8816,0.9725,stand_7,362.1115,0.0,-0.06981,0.0,-0.06981,Sidewalk
273.0,118.1209,3.0576,0.94248,0.0,-0.0,179.8816,0.9725,stand_7,362.099,0.0,-0.0,0.0,-0.0,Sidewalk
273.5,118.1209,3.0576,0.90757,0.0,-0.06981,179.8816,0.9725,stand_7,362.1115,0.0,-0.06981,0.0,-0.06981,Sidewalk
274.0,118.1209,3.0576,0.90757,0.0,-0.0,179.8816,0.9725,stand_7,362.099,0.0,-0.0,0.0,-0.0,Sidewalk
274.5,118.1209,3.0576,0.87266,0.0,-0.06981,179.8816,0.9725,stand_7,362.1115,0.0,-0.06981,0.0,-0.06981,Sidewalk
275.0,118.1209,3.0576,0.87266,0.0,-0.0,179.8816,0.9725,stand_7,362.099,0.0,-0.0,0.0,-0.0,Sidewalk
275.5,118.1209,3.0576,0.83776,0.0,-0.06981,179.8816,0.9725,stand_7,362.1115,0.0,-0.06981,0.0,-0.06981,Sidewalk
276.0,118.1209,3.0576,0.83776,0.0,-0.0,179.8816,0.9725,stand_7,362.099,0.0,-0.0,0.0,-0.0,Sidewalk
276.5,118.1209,3.0576,0.80285,0.0,-0.06981,179.8816,0.9725,stand_7,362.1115,0.0,-0.06981,0.0,-0.06981,Sidewalk
277.0,118.1209,3.0576,0.80285,0.0,-0.0,179.8816,0.9725,stand_7,362.099,0.0,-0.0,0.0,-0.0,Sidewalk
277.5,118.1209,3.0576,0.76794,0.0,-0.06981,179.8816,0.9725,stand_7,362.1115,0.0,-0.06981,0.0,-0.06981,Sidewalk
278.0,118.1209,3.0576,0.76794,0.0,-0.0,179.8816,0.9725,stand_7,362.099,0.0,-0.0,0.0,-0.0,Sidewalk
278.5,118.1209,3.0576,0.73304,0.0,-0.06981,179.8816,0.9725,stand_7,362.1115,0.0,-0.06981,0.0,-0.06981,Sidewalk
279.0,118.1209,3.0576,0.73304,0.0,-0.0,179.8816,0.9725,stand_7,362.099,0.0,-0.0,0.0,-0.0,Sidewalk
279.5,118.1209,3.0576,0.69813,0.0,-0.06981,179.8816,0.9725,stand_7,362.1115,0.0,-0.06981,0.0,-0.06981,Sidewalk
280.0,118.1209,3.0576,0.69813,0.0,-0.0,179.8816,0.9725,stand_7,362.099,0.0,-0.0,0.0,-0.0,Sidewalk
280.5,118.1209,3.0576,0.66323,0.0,-0.06981,179.8816,0.9725,stand_7,362.1115,0.0,-0.06981,0.0,-0.06981,Sidewalk
281.0,118.1209,3.0576,0.66323,0.0,-0.0,179.8816,0.9725,stand_7,362.099,0.0,-0.0,0.0,-0.0,Sidewalk
281.5,118.1209,3.0576,0.62832,0.0,-0.06981,179.8816,0.9725,stand_7,362.1115,0.0,-0.06981,0.0,-0.06981,Sidewalk
282.0,118.1209,3.0576,0.62832,0.0,-0.0,179.8816,0.9725,stand_7,362.099,0.0,-0.0,0.0,-0.0,Sidewalk
282.5,118.1209,3.0576,0.59341,0.0,-0.06981,179.8816,0.9725,stand_7,362.1115,0.0,-0.06981,0.0,-0.06981,Sidewalk
283.0,118.1209,3.0576,0.59341,0.0,-0.0,179.8816,0.9725,stand_7,362.099,0.0,-0.0,0.0,-0.0,Sidewalk
283.5,118.1209,3.0576,0.55851,0.0,-0.06981,179.8816,0.9725,stand_7,362.1115,0.0,-0.06981,0.0,-0.06981,Sidewalk
284.0,118.1209,3.0576,0.55851,0.0,-0.0,179.8816,0.9725,stand_7,362.099,0.0,-0.0,0.0,-0.0,Sidewalk
284.5,118.1209,3.0576,0.5236,0.0,-0.06981,179.8816,0.9725,stand_7,362.1115,0.0,-0.06981,0.0,-0.06981,Sidewalk
285.0,118.1209,3.0576,0.5236,0.0,-0.0,179.8816,0.9725,stand_7,362.099,0.0,-0.0,0.0,-0.0,Sidewalk
285.5,118.1209,3.0576,0.48869,0.0,-0.06981,179.8816,0.9725,stand_7,362.1115,0.0,-0.06981,0.0,-0.06981,Sidewalk
286.0,118.1209,3.0576,0.48869,0.0,-0.0,179.8816,0.9725,stand_7,362.099,0.0,-0.0,0.0,-0.0,Sidewalk
286.5,118.1209,3.0576,0.45379,0.0,-0.06981,179.8816,0.9725,stand_7,362.1115,0.0,-0.06981,0.0,-0.06981,Sidewalk
287.0,118.1209,3.0576,0.45379,0.0,-0.0,179.8816,0.9725,stand_7,362.099,0.0,-0.0,0.0,-0.0,Sidewalk
287.5,118.1209,3.0576,0.41888,0.0,-0.06981,179.8816,0.9725,stand_7,362.1115,0.0,-0.06981,0.0,-0.06981,Sidewalk
288.0,118.1209,3.0576,0.41888,0.0,-0.0,179.8816,0.9725,stand_7,362.099,0.0,-0.0,0.0,-0.0,Sidewalk
288.5,118.1209,3.0576,0.38397,0.0,-0.06981,179.8816,0.9725,stand_7,362.1115,0.0,-0.06981,0.0,-0.06981,Sidewalk
289.0,118.1209,3.0576,0.38397,0.0,-0.0,179.8816,0.9725,stand_7,362.099,0.0,-0.0,0.0,-0.0,Sidewalk
289.5,118.1209,3.0576,0.34907,0.0,-0.06981,179.8816,0.9725,stand_7,362.1115,0.0,-0.06981,0.0,-0.06981,Sidewalk
290.0,118.1209,3.0576,0.34907,0.0,-0.0,179.8816,0.9725,stand_7,362.099,0.0,-0.0,0.0,-0.0,Sidewalk
290.5,118.1209,3.0576,0.31416,0.0,-0.06981,179.8816,0.9725,stand_7,362.1115,0.0,-0.06981,0.0,-0.06981,Sidewalk
291.0,118.1209,3.0576,0.31416,0.0,-0.0,179.8816,0.9725,stand_7,362.099,0.0,-0.0,0.0,-0.0,Sidewalk
291.5,118.1209,3.0576,0.27925,0.0,-0.06981,179.8816,0.9725,stand_7,362.1115,0.0,-0.06981,0.0,-0.06981,Sidewalk
292.0,118.1209,3.0576,0.27925,0.0,-0.0,179.8816,0.9725,stand_7,362.099,0.0,-0.0,0.0,-0.0,Sidewalk
292.5,118.1209,3.0576,0.24435,0.0,-0.06981,179.8816,0.9725,stand_7,362.1115,0.0,-0.06981,0.0,-0.06981,Sidewalk
293.0,118.1209,3.0576,0.24435,0.0,-0.0,179.8816,0.9725,stand_7,362.099,0.0,-0.0,0.0,-0.0,Sidewalk
293.5,118.1209,3.0576,0.20944,0.0,-0.06981,179.8816,0.9725,stand_7,362.1115,0.0,-0.06981,0.0,-0.06981,Sidewalk
294.0,118.1209,3.0576,0.20944,0.0,-0.0,179.8816,0.9725,stand_7,362.099,0.0,-0.0,0.0,-0.0,Sidewalk
294.5,118.1209,3.0576,0.17453,0.0,-0.06981,179.8816,0.9725,stand_7,362.1115,0.0,-0.06981,0.0,-0.06981,Sidewalk
295.0,118.1209,3.0576,0.17453,0.0,-0.0,179.8816,0.9725,stand_7,362.099,0.0,-0.0,0.0,-0.0,Sidewalk
295.5,118.1209,3.0576,0.13963,0.0,-0.06981,179.8816,0.9725,stand_7,362.1115,0.0,-0.06981,0.0,-0.06981,Sidewalk
296.0,118.1209,3.0576,0.13963,0.0,-0.0,179.8816,0.9725,stand_7,362.099,0.0,-0.0,0.0,-0.0,Sidewalk
296.5,118.1209,3.0576,0.10472,0.0,-0.06981,179.8816,0.9725,stand_7,362.1115,0.0,-0.06981,0.0,-0.06981,Sidewalk
297.0,118.1209,3.0576,0.10472,0.0,-0.0,179.8816,0.9725,stand_7,362.099,0.0,-0.0,0.0,-0.0,Sidewalk
297.5,118.1209,3.0576,0.06981,0.0,-0.06981,179.8816,0.9725,stand_7,362.1115,0.0,-0.06981,0.0,-0.06981,Sidewalk
298.0,118.1209,3.0576,0.06981,0.0,-0.0,179.8816,0.9725,stand_7,362.099,0.0,-0.0,0.0,-0.0,Sidewalk
298.5,118.1209,3.0576,0.03491,0.0,-0.06981,179.8816,0.9725,stand_7,362.1115,0.0,-0.06981,0.0,-0.06981,Sidewalk
299.0,118.1209,3.0576,0.03491,0.0,-0.0,179.8816,0.9725,stand_7,362.099,0.0,-0.0,0.0,-0.0,Sidewalk
299.5,118.1209,3.0576,-0.0,0.0,-0.06981,179.8816,0.9725,stand_7,362.1115,0.0,-0.06981,0.0,-0.06981,Sidewalk
300.0,118.1209,3.0576,-0.0,0.0,-0.0,179.8816,0.9725,stand_7,362.099,0.0,-0.0,0.0,-0.0,Sidewalk
300.5,118.1209,3.0576,-0.03491,0.0,-0.06981,179.8816,0.9725,stand_7,362.1115,0.0,-0.06981,0.0,-0.06981,Sidewalk
301.0,118.1209,3.0576,-0.03491,0.0,-0.0,179.8816,0.9725,stand_7,362.099,0.0,-0.0,0.0,-0.0,Sidewalk
301.5,118.1209,3.0576,-0.06981,0.0,-0.06981,179.8816,0.9725,stand_7,362.1115,0.0,-0.06981,0.0,-0.06981,Sidewalk
302.0,118.1209,3.0576,-0.06981,0.0,-0.0,179.8816,0.9725,stand_7,362.099,0.0,-0.0,0.0,-0.0,Sidewalk
302.5,118.1209,3.0576,-0.10472,0.0,-0.06981,179.8816,0.9725,stand_7,362.1115,0.0,-0.06981,0.0,-0.06981,Sidewalk
303.0,118.1209,3.0576,-0.10472,0.0,-0.0,179.8816,0.9725,stand_7,362.099,0.0,-0.0,0.0,-0.0,Sidewalk
303.5,118.1209,3.0576,-0.13963,0.0,-0.06981,179.8816,0.9725,stand_7,362.1115,0.0,-0.06981,0.0,-0.06981,Sidewalk
304.0,118.1209,3.0576,-0.13963,0.0,-0.0,179.8816,0.9725,stand_7,362.099,0.0,-0.0,0.0,-0.0,Sidewalk
304.5,118.1209,3.0576,-0.17453,0.0,-0.06981,179.8816,0.9725,stand_7,362.1115,0.0,-0.06981,0.0,-0.06981,Sidewalk
305.0,118.1209,3.0576,-0.17453,0.0,-0.0,179.8816,0.9725,stand_7,362.0989,0.0,-0.0,0.0,-0.0,Sidewalk
305.5,118.1209,3.0576,-0.20944,0.0,-0.06981,179.8816,0.9725,stand_7,362.1115,0.0,-0.06981,0.0,-0.06981,Sidewalk
306.0,118.1209,3.0576,-0.20944,0.0,-0.0,179.8816,0.9725,stand_7,362.0989,0.0,-0.0,0.0,-0.0,Sidewalk
306.5,118.1209,3.0576,-0.24435,0.0,-0.06981,179.8816,0.9725,stand_7,362.1115,0.0,-0.06981,0.0,-0.06981,Sidewalk
307.0,118.1209,3.0576,-0.24435,0.0,-0.0,179.8816,0.9726,stand_7,362.0989,0.0,-0.0,0.0,-0.0,Sidewalk
307.5,118.1209,3.0576,-0.27925,0.0,-0.06981,179.8816,0.9726,stand_7,362.1115,0.0,-0.06981,0.0,-0.06981,Sidewalk
308.0,118.1209,3.0576,-0.27925,0.0,-0.0,179.8816,0.9726,stand_7,362.0989,0.0,-0.0,0.0,-0.0,Sidewalk
308.5,118.1209,3.0576,-0.31416,0.0,-0.06981,179.8816,0.9726,stand_7,362.1115,0.0,-0.06981,0.0,-0.06981,Sidewalk
309.0,118.1209,3.0576,-0.31416,0.0,-0.0,179.8816,0.9726,stand_7,362.0989,0.0,-0.0,0.0,-0.0,Sidewalk
309.5,118.1209,3.0576,-0.34907,0.0,-0.06981,179.8816,0.9726,stand_7,362.1115,0.0,-0.06981,0.0,-0.06981,Sidewalk
310.0,118.1209,3.0576,-0.34907,0.0,-0.0,179.8816,0.9726,stand_7,362.0989,0.0,-0.0,0.0,-0.0,Sidewalk
310.5,118.1209,3.0576,-0.38397,0.0,-0.06981,179.8816,0.9726,stand_7,362.1115,0.0,-0.06981,0.0,-0.06981,Sidewalk
311.0,118.1209,3.0576,-0.38397,0.0,-0.0,179.8816,0.9726,stand_7,362.0989,0.0,-0.0,0.0,-0.0,Sidewalk
311.5,118.1209,3.0576,-0.41888,0.0,-0.06981,179.8816,0.9726,stand_7,362.1115,0.0,-0.06981,0.0,-0.06981,Sidewalk
312.0,118.1209,3.0576,-0.41888,0.0,-0.0,179.8816,0.9726,stand_7,362.0989,0.0,-0.0,0.0,-0.0,Sidewalk
312.5,118.1209,3.0576,-0.45379,0.0,-0.06981,179.8816,0.9726,stand_7,362.1115,0.0,-0.06981,0.0,-0.06981,Sidewalk
313.0,118.1209,3.0576,-0.45379,0.0,-0.0,179.8816,0.9726,stand_7,362.0989,0.0,-0.0,0.0,-0.0,Sidewalk
313.5,118.1209,3.0576,-0.48869,0.0,-0.06981,179.8816,0.9726,stand_7,362.1114,0.0,-0.06981,0.0,-0.06981,Sidewalk
314.0,118.1209,3.0576,-0.48869,0.0,-0.0,179.8816,0.9726,stand_7,362.0989,0.0,-0.0,0.0,-0.0,Sidewalk
314.5,118.1209,3.0576,-0.5236,0.0,-0.06981,179.8816,0.9726,stand_7,362.1114,0.0,-0.06981,0.0,-0.06981,Sidewalk
315.0,118.1209,3.0576,-0.5236,0.0,-0.0,179.8816,0.9726,stand_7,362.0989,0.0,-0.0,0.0,-0.0,Sidewalk
315.5,118.1209,3.0576,-0.55851,0.0,-0.06981,179.8816,0.9726,stand_7,362.1114,0.0,-0.06981,0.0,-0.06981,Sidewalk
316.0,118.1209,3.0576,-0.55851,0.0,-0.0,179.8816,0.9726,stand_7,362.0989,0.0,-0.0,0.0,-0.0,Sidewalk
316.5,118.1209,3.0576,-0.59341,0.0,-0.06981,179.8816,0.9726,stand_7,362.1114,0.0,-0.06981,0.0,-0.06981,Sidewalk
317.0,118.1209,3.0576,-0.59341,0.0,-0.0,179.8816,0.9726,stand_7,362.0988,0.0,-0.0,0.0,-0.0,Sidewalk
317.5,118.1209,3.0576,-0.62832,0.0,-0.06981,179.8816,0.9726,stand_7,362.1114,0.0,-0.06981,0.0,-0.06981,Sidewalk
318.0,118.1209,3.0576,-0.62832,0.0,-0.0,179.8816,0.9726,stand_7,362.0988,0.0,-0.0,0.0,-0.0,Sidewalk
318.5,118.1209,3.0576,-0.66323,0.0,-0.06981,179.8816,0.9726,stand_7,362.1114,0.0,-0.06981,0.0,-0.06981,Sidewalk
319.0,118.1209,3.0576,-0.66323,0.0,-0.0,179.8816,0.9726,stand_7,362.0988,0.0,-0.0,0.0,-0.0,Sidewalk
319.5,118.1209,3.0576,-0.69813,0.0,-0.06981,179.8816,0.9726,stand_7,362.1114,0.0,-0.06981,0.0,-0.06981,Sidewalk
320.0,118.1209,3.0576,-0.69813,0.0,-0.0,179.8816,0.9726,stand_7,362.0988,0.0,-0.0,0.0,-0.0,Sidewalk
320.5,118.1209,3.0576,-0.73304,0.0,-0.06981,179.8816,0.9726,stand_7,362.1114,0.0,-0.06981,0.0,-0.06981,Sidewalk
321.0,118.1209,3.0576,-0.73304,0.0,-0.0,179.8816,0.9726,stand_7,362.0988,0.0,-0.0,0.0,-0.0,Sidewalk
321.5,118.1209,3.0576,-0.76794,0.0,-0.06981,179.8816,0.9726,stand_7,362.1114,0.0,-0.06981,0.0,-0.06981,Sidewalk
322.0,118.1209,3.0576,-0.76794,0.0,-0.0,179.8816,0.9726,stand_7,362.0988,0.0,-0.0,0.0,-0.0,Sidewalk
322.5,118.1209,3.0576,-0.80285,0.0,-0.06981,179.8816,0.9726,stand_7,362.1114,0.0,-0.06981,0.0,-0.06981,Sidewalk
323.0,118.1209,3.0576,-0.80285,0.0,-0.0,179.8816,0.9726,stand_7,362.0988,0.0,-0.0,0.0,-0.0,Sidewalk
323.5,118.1209,3.0576,-0.83776,0.0,-0.06981,179.8816,0.9726,stand_7,362.1114,0.0,-0.06981,0.0,-0.06981,Sidewalk
324.0,118.1209,3.0576,-0.83776,0.0,-0.0,179.8816,0.9726,stand_7,362.0988,0.0,-0.0,0.0,-0.0,Sidewalk
324.5,118.1209,3.0576,-0.87266,0.0,-0.06981,179.8816,0.9726,stand_7,362.1114,0.0,-0.06981,0.0,-0.06981,Sidewalk
325.0,118.1209,3.0576,-0.87266,0.0,-0.0,179.8816,0.9726,stand_7,362.0988,0.0,-0.0,0.0,-0.0,Sidewalk
325.5,118.1209,3.0576,-0.90757,0.0,-0.06981,179.8816,0.9726,stand_7,362.1113,0.0,-0.06981,0.0,-0.06981,Sidewalk
326.0,118.1209,3.0576,-0.90757,0.0,-0.0,179.8816,0.9726,stand_7,362.0988,0.0,-0.0,0.0,-0.0,Sidewalk
326.5,118.1209,3.0576,-0.94248,0.0,-0.06981,179.8816,0.9726,stand_7,362.1113,0.0,-0.06981,0.0,-0.06981,Sidewalk
327.0,118.1209,3.0576,-0.94248,0.0,-0.0,179.8816,0.9726,stand_7,362.0988,0.0,-0.0,0.0,-0.0,Sidewalk
327.5,118.1209,3.0576,-0.97738,0.0,-0.06981,179.8816,0.9726,stand_7,362.1113,0.0,-0.06981,0.0,-0.06981,Sidewalk
328.0,118.1209,3.0576,-0.97738,0.0,-0.0,179.8816,0.9726,stand_7,362.0988,0.0,-0.0,0.0,-0.0,Sidewalk
328.5,118.1209,3.0576,-1.01229,0.0,-0.06981,179.8816,0.9726,stand_7,362.1113,0.0,-0.06981,0.0,-0.06981,Sidewalk
329.0,118.1209,3.0576,-1.01229,0.0,-0.0,179.8816,0.9726,stand_7,362.0987,0.0,-0.0,0.0,-0.0,Sidewalk
329.5,118.1209,3.0576,-1.0472,0.0,-0.06981,179.8816,0.9726,stand_7,362.1113,0.0,-0.06981,0.0,-0.06981,Sidewalk
330.0,118.1209,3.0576,-1.0472,0.0,-0.0,179.8816,0.9726,stand_7,362.0987,0.0,-0.0,0.0,-0.0,Sidewalk
330.5,118.1209,3.0576,-1.0821,0.0,-0.06981,179.8816,0.9726,stand_7,362.1113,0.0,-0.06981,0.0,-0.06981,Sidewalk
331.0,118.1209,3.0576,-1.0821,0.0,-0.0,179.8816,0.9726,stand_7,362.0987,0.0,-0.0,0.0,-0.0,Sidewalk
331.5,118.1209,3.0576,-1.11701,0.0,-0.06981,179.8816,0.9726,stand_7,362.1113,0.0,-0.06981,0.0,-0.06981,Sidewalk
332.0,118.1209,3.0576,-1.11701,0.0,-0.0,179.8816,0.9726,stand_7,362.0987,0.0,-0.0,0.0,-0.0,Sidewalk
332.5,118.1209,3.0576,-1.15192,0.0,-0.06981,179.8816,0.9726,stand_7,362.1113,0.0,-0.06981,0.0,-0.06981,Sidewalk
333.0,118.1209,3.0576,-1.15192,0.0,-0.0,179.8816,0.9726,stand_7,362.0987,0.0,-0.0,0.0,-0.0,Sidewalk
333.5,118.1209,3.0576,-1.18682,0.0,-0.06981,179.8816,0.9726,stand_7,362.1113,0.0,-0.06981,0.0,-0.06981,Sidewalk
334.0,118.1209,3.0576,-1.18682,0.0,-0.0,179.8816,0.9726,stand_7,362.0987,0.0,-0.0,0.0,-0.0,Sidewalk
334.5,118.1209,3.0576,-1.22173,0.0,-0.06981,179.8816,0.9726,stand_7,362.1113,0.0,-0.06981,0.0,-0.06981,Sidewalk
335.0,118.1209,3.0576,-1.22173,0.0,-0.0,179.8816,0.9726,stand_7,362.0987,0.0,-0.0,0.0,-0.0,Sidewalk
335.5,118.1209,3.0576,-1.25664,0.0,-0.06981,179.8816,0.9726,stand_7,362.1113,0.0,-0.06981,0.0,-0.06981,Sidewalk
336.0,118.1209,3.0576,-1.25664,0.0,-0.0,179.8816,0.9726,stand_7,362.0987,0.0,-0.0,0.0,-0.0,Sidewalk
336.5,118.1209,3.0576,-1.29154,0.0,-0.06981,179.8816,0.9726,stand_7,362.1112,0.0,-0.06981,0.0,-0.06981,Sidewalk
337.0,118.1209,3.0576,-1.29154,0.0,-0.0,179.8816,0.9726,stand_7,362.0987,0.0,-0.0,0.0,-0.0,Sidewalk
337.5,118.1209,3.0576,-1.32645,0.0,-0.06981,179.8816,0.9726,stand_7,362.1112,0.0,-0.06981,0.0,-0.06981,Sidewalk
338.0,118.1209,3.0576,-1.32645,0.0,-0.0,179.8816,0.9726,stand_7,362.0987,0.0,-0.0,0.0,-0.0,Sidewalk
338.5,118.1209,3.0576,-1.36136,0.0,-0.06981,179.8816,0.9726,stand_7,362.1112,0.0,-0.06981,0.0,-0.06981,Sidewalk
339.0,118.1209,3.0576,-1.36136,0.0,-0.0,179.8816,0.9726,stand_7,362.0987,0.0,-0.0,0.0,-0.0,Sidewalk
339.5,118.1209,3.0576,-1.39626,0.0,-0.06981,179.8816,0.9726,stand_7,362.1112,0.0,-0.06981,0.0,-0.06981,Sidewalk
340.0,118.1209,3.0576,-1.39626,0.0,-0.0,179.8816,0.9726,stand_7,362.0986,0.0,-0.0,0.0,-0.0,Sidewalk
340.5,118.1209,3.0576,-1.43117,0.0,-0.06981,179.8816,0.9727,stand_7,362.1112,0.0,-0.06981,0.0,-0.06981,Sidewalk
341.0,118.1209,3.0576,-1.43117,0.0,-0.0,179.8816,0.9727,stand_7,362.0986,0.0,-0.0,0.0,-0.0,Sidewalk
341.5,118.1209,3.0576,-1.46608,0.0,-0.06981,179.8816,0.9727,stand_7,362.1112,0.0,-0.06981,0.0,-0.06981,Sidewalk
342.0,118.1209,3.0576,-1.46608,0.0,-0.0,179.8816,0.9727,stand_7,362.0986,0.0,-0.0,0.0,-0.0,Sidewalk
342.5,118.1209,3.0576,-1.50098,0.0,-0.06981,179.8816,0.9727,stand_7,362.1112,0.0,-0.06981,0.0,-0.06981,Sidewalk
343.0,118.1209,3.0576,-1.50098,0.0,-0.0,179.8816,0.9727,stand_7,362.0986,0.0,-0.0,0.0,-0.0,Sidewalk
343.5,118.1209,3.0576,-1.53589,0.0,-0.06981,179.8816,0.9727,stand_7,362.1112,0.0,-0.06981,0.0,-0.06981,Sidewalk
344.0,118.1209,3.0576,-1.53589,0.0,-0.0,179.8816,0.9727,stand_7,362.0986,0.0,-0.0,0.0,-0.0,Sidewalk
344.5,118.1209,3.0576,-1.5708,0.0,-0.06981,179.8816,0.9727,stand_7,362.1112,0.0,-0.06981,0.0,-0.06981,Sidewalk
345.0,118.1209,3.0576,-1.5708,0.0,-0.0,179.8816,0.9727,stand_7,362.0986,0.0,-0.0,0.0,-0.0,Sidewalk
345.5,118.1209,3.0576,-1.6057,0.0,-0.06981,179.8816,0.9727,stand_7,362.1112,0.0,-0.06981,0.0,-0.06981,Sidewalk
346.0,118.1209,3.0576,-1.6057,0.0,-0.0,179.8816,0.9727,stand_7,362.0986,0.0,-0.0,0.0,-0.0,Sidewalk
346.5,118.1209,3.0576,-1.64061,0.0,-0.06981,179.8816,0.9727,stand_7,362.1112,0.0,-0.06981,0.0,-0.06981,Sidewalk
347.0,118.1209,3.0576,-1.64061,0.0,-0.0,179.8816,0.9727,stand_7,362.0986,0.0,-0.0,0.0,-0.0,Sidewalk
347.5,118.1209,3.0576,-1.67552,0.0,-0.06981,179.8816,0.9727,stand_7,362.1112,0.0,-0.06981,0.0,-0.06981,Sidewalk
348.0,118.1209,3.0576,-1.67552,0.0,-0.0,179.8816,0.9727,stand_7,362.0986,0.0,-0.0,0.0,-0.0,Sidewalk
348.5,118.1209,3.0576,-1.71042,0.0,-0.06981,179.8816,0.9727,stand_7,362.1112,0.0,-0.06981,0.0,-0.06981,Sidewalk
349.0,118.1209,3.0576,-1.71042,0.0,-0.0,179.8816,0.9727,stand_7,362.0986,0.0,-0.0,0.0,-0.0,Sidewalk
349.5,118.1209,3.0576,-1.74533,0.0,-0.06981,179.8816,0.9727,stand_7,362.1112,0.0,-0.06981,0.0,-0.06981,Sidewalk
350.0,118.1209,3.0576,-1.74533,0.0,-0.0,179.8816,0.9727,stand_7,362.0986,0.0,-0.0,0.0,-0.0,Sidewalk
350.5,118.1209,3.0576,-1.78024,0.0,-0.06981,179.8816,0.9727,stand_7,362.1111,0.0,-0.06981,0.0,-0.06981,Sidewalk
351.0,118.1209,3.0576,-1.78024,0.0,-0.0,179.8816,0.9727,stand_7,362.0986,0.0,-0.0,0.0,-0.0,Sidewalk
351.5,118.1209,3.0576,-1.81514,0.0,-0.06981,179.8816,0.9727,stand_7,362.1111,0.0,-0.06981,0.0,-0.06981,Sidewalk
352.0,118.1209,3.0576,-1.81514,0.0,-0.0,179.8816,0.9727,stand_7,362.0986,0.0,-0.0,0.0,-0.0,Sidewalk
352.5,118.1209,3.0576,-1.85005,0.0,-0.06981,179.8816,0.9727,stand_7,362.1111,0.0,-0.06981,0.0,-0.06981,Sidewalk
353.0,118.1209,3.0576,-1.85005,0.0,-0.0,179.8816,0.9727,stand_7,362.0986,0.0,-0.0,0.0,-0.0,Sidewalk
353.5,118.1209,3.0576,-1.88496,0.0,-0.06981,179.8816,0.9727,stand_7,362.1111,0.0,-0.06981,0.0,-0.06981,Sidewalk
354.0,118.1209,3.0576,-1.88496,0.0,-0.0,179.8816,0.9727,stand_7,362.0985,0.0,-0.0,0.0,-0.0,Sidewalk
354.5,118.1209,3.0576,-1.91986,0.0,-0.06981,179.8816,0.9727,stand_7,362.1111,0.0,-0.06981,0.0,-0.06981,Sidewalk
355.0,118.1209,3.0576,-1.91986,0.0,-0.0,179.8816,0.9727,stand_7,362.0985,0.0,-0.0,0.0,-0.0,Sidewalk
355.5,118.1209,3.0576,-1.95477,0.0,-0.06981,179.8816,0.9727,stand_7,362.1111,0.0,-0.06981,0.0,-0.06981,Sidewalk
356.0,118.1209,3.0576,-1.95477,0.0,-0.0,179.8816,0.9727,stand_7,362.0985,0.0,-0.0,0.0,-0.0,Sidewalk
356.5,118.1209,3.0576,-1.98968,0.0,-0.06981,179.8816,0.9727,stand_7,362.1111,0.0,-0.06981,0.0,-0.06981,Sidewalk
357.0,118.1209,3.0576,-1.98968,0.0,-0.0,179.8816,0.9727,stand_7,362.0985,0.0,-0.0,0.0,-0.0,Sidewalk
357.5,118.1209,3.0576,-2.02458,0.0,-0.06981,179.8816,0.9727,stand_7,362.1111,0.0,-0.06981,0.0,-0.06981,Sidewalk
358.0,118.1209,3.0576,-2.02458,0.0,-0.0,179.8816,0.9727,stand_7,362.0985,0.0,-0.0,0.0,-0.0,Sidewalk
358.5,118.1209,3.0576,-2.05949,0.0,-0.06981,179.8816,0.9727,stand_7,362.1111,0.0,-0.06981,0.0,-0.06981,Sidewalk
359.0,118.1209,3.0576,-2.05949,0.0,-0.0,179.8816,0.9727,stand_7,362.0985,0.0,-0.0,0.0,-0.0,Sidewalk
359.5,118.1209,3.0576,-2.0944,0.0,-0.06981,179.8816,0.9727,stand_7,362.1111,0.0,-0.06981,0.0,-0.06981,Sidewalk
360.0,118.1209,3.0576,-2.0944,0.0,-0.0,179.8816,0.9727,stand_7,362.0985,0.0,-0.0,0.0,-0.0,Sidewalk
360.5,118.1209,3.0576,-2.1293,0.0,-0.06981,179.8816,0.9727,stand_7,362.1111,0.0,-0.06981,0.0,-0.06981,Sidewalk
361.0,118.1209,3.0576,-2.1293,0.0,-0.0,179.8816,0.9727,stand_7,362.0985,0.0,-0.0,0.0,-0.0,Sidewalk
361.5,118.1209,3.0576,-2.16421,0.0,-0.06981,179.8816,0.9727,stand_7,362.1111,0.0,-0.06981,0.0,-0.06981,Sidewalk
362.0,118.1209,3.0576,-2.16421,0.0,-0.0,179.8816,0.9727,stand_7,362.0985,0.0,-0.0,0.0,-0.0,Sidewalk
362.5,118.1209,3.0576,-2.19911,0.0,-0.06981,179.8816,0.9727,stand_7,362.111,0.0,-0.06981,0.0,-0.06981,Sidewalk
363.0,118.1209,3.0576,-2.19911,0.0,-0.0,179.8816,0.9727,stand_7,362.0985,0.0,-0.0,0.0,-0.0,Sidewalk
363.5,118.1209,3.0576,-2.23402,0.0,-0.06981,179.8816,0.9727,stand_7,362.111,0.0,-0.06981,0.0,-0.06981,Sidewalk
364.0,118.1209,3.0576,-2.23402,0.0,-0.0,179.8816,0.9727,stand_7,362.0985,0.0,-0.0,0.0,-0.0,Sidewalk
364.5,118.1209,3.0576,-2.26893,0.0,-0.06981,179.8816,0.9727,stand_7,362.111,0.0,-0.06981,0.0,-0.06981,Sidewalk
365.0,118.1209,3.0576,-2.26893,0.0,-0.0,179.8816,0.9727,stand_7,362.0985,0.0,-0.0,0.0,-0.0,Sidewalk
365.5,118.1209,3.0576,-2.30383,0.0,-0.06981,179.8816,0.9727,stand_7,362.111,0.0,-0.06981,0.0,-0.06981,Sidewalk
366.0,118.1209,3.0576,-2.30383,0.0,-0.0,179.8816,0.9727,stand_7,362.0985,0.0,-0.0,0.0,-0.0,Sidewalk
366.5,118.1209,3.0576,-2.33874,0.0,-0.06981,179.8816,0.9727,stand_7,362.111,0.0,-0.06981,0.0,-0.06981,Sidewalk
367.0,118.1209,3.0576,-2.33874,0.0,-0.0,179.8816,0.9727,stand_7,362.0984,0.0,-0.0,0.0,-0.0,Sidewalk
367.5,118.1209,3.0576,-2.37365,0.0,-0.06981,179.8816,0.9727,stand_7,362.111,0.0,-0.06981,0.0,-0.06981,Sidewalk
368.0,118.1209,3.0576,-2.37365,0.0,-0.0,179.8816,0.9727,stand_7,362.0984,0.0,-0.0,0.0,-0.0,Sidewalk
368.5,118.1209,3.0576,-2.40855,0.0,-0.06981,179.8816,0.9727,stand_7,362.111,0.0,-0.06981,0.0,-0.06981,Sidewalk
369.0,118.1209,3.0576,-2.40855,0.0,-0.0,179.8816,0.9727,stand_7,362.0984,0.0,-0.0,0.0,-0.0,Sidewalk
369.5,118.1209,3.0576,-2.44346,0.0,-0.06981,179.8816,0.9727,stand_7,362.111,0.0,-0.06981,0.0,-0.06981,Sidewalk
370.0,118.1209,3.0576,-2.44346,0.0,-0.0,179.8816,0.9727,stand_7,362.0984,0.0,-0.0,0.0,-0.0,Sidewalk
370.5,118.1209,3.0576,-2.47837,0.0,-0.06981,179.8816,0.9727,stand_7,362.111,0.0,-0.06981,0.0,-0.06981,Sidewalk
371.0,118.1209,3.0576,-2.47837,0.0,-0.0,179.8816,0.9727,stand_7,362.0984,0.0,-0.0,0.0,-0.0,Sidewalk
371.5,118.1209,3.0576,-2.51327,0.0,-0.06981,179.8816,0.9727,stand_7,362.111,0.0,-0.06981,0.0,-0.06981,Sidewalk
372.0,118.1209,3.0576,-2.51327,0.0,-0.0,179.8816,0.9727,stand_7,362.0984,0.0,-0.0,0.0,-0.0,Sidewalk
372.5,118.1209,3.0576,-2.54818,0.0,-0.06981,179.8816,0.9727,stand_7,362.111,0.0,-0.06981,0.0,-0.06981,Sidewalk
373.0,118.1209,3.0576,-2.54818,0.0,-0.0,179.8816,0.9727,stand_7,362.0984,0.0,-0.0,0.0,-0.0,Sidewalk
373.5,118.1209,3.0576,-2.58309,0.0,-0.06981,179.8816,0.9727,stand_7,362.111,0.0,-0.06981,0.0,-0.06981,Sidewalk
374.0,118.1209,3.0576,-2.58309,0.0,-0.0,179.8816,0.9727,stand_7,362.0984,0.0,-0.0,0.0,-0.0,Sidewalk
374.5,118.1209,3.0576,-2.61799,0.0,-0.06981,179.8816,0.9727,stand_7,362.111,0.0,-0.06981,0.0,-0.06981,Sidewalk
375.0,118.1209,3.0576,-2.61799,0.0,-0.0,179.8816,0.9727,stand_7,362.0984,0.0,-0.0,0.0,-0.0,Sidewalk
375.5,118.1209,3.0576,-2.6529,0.0,-0.06981,179.8816,0.9727,stand_7,362.1109,0.0,-0.06981,0.0,-0.06981,Sidewalk
376.0,118.1209,3.0576,-2.6529,0.0,-0.0,179.8816,0.9727,stand_7,362.0984,0.0,-0.0,0.0,-0.0,Sidewalk
376.5,118.1209,3.0576,-2.68781,0.0,-0.06981,179.8816,0.9727,stand_7,362.1109,0.0,-0.06981,0.0,-0.06981,Sidewalk
377.0,118.1209,3.0576,-2.68781,0.0,-0.0,179.8816,0.9727,stand_7,362.0984,0.0,-0.0,0.0,-0.0,Sidewalk
377.5,118.1209,3.0576,-2.72271,0.0,-0.06981,179.8816,0.9727,stand_7,362.1109,0.0,-0.06981,0.0,-0.06981,Sidewalk
378.0,118.1209,3.0576,-2.72271,0.0,-0.0,179.8816,0.9728,stand_7,362.0984,0.0,-0.0,0.0,-0.0,Sidewalk
378.5,118.1209,3.0576,-2.75762,0.0,-0.06981,179.8816,0.9728,stand_7,362.1109,0.0,-0.06981,0.0,-0.06981,Sidewalk
379.0,118.1209,3.0576,-2.75762,0.0,-0.0,179.8816,0.9728,stand_7,362.0983,0.0,-0.0,0.0,-0.0,Sidewalk
379.5,118.1209,3.0576,-2.79253,0.0,-0.06981,179.8816,0.9728,stand_7,362.1109,0.0,-0.06981,0.0,-0.06981,Sidewalk
380.0,118.1209,3.0576,-2.79253,0.0,-0.0,179.8816,0.9728,stand_7,362.0983,0.0,-0.0,0.0,-0.0,Sidewalk
380.5,118.1209,3.0576,-2.82743,0.0,-0.06981,179.8816,0.9728,stand_7,362.1109,0.0,-0.06981,0.0,-0.06981,Sidewalk
381.0,118.1209,3.0576,-2.82743,0.0,-0.0,179.8816,0.9728,stand_7,362.0983,0.0,-0.0,0.0,-0.0,Sidewalk
381.5,118.1209,3.0576,-2.86234,0.0,-0.06981,179.8816,0.9728,stand_7,362.1109,0.0,-0.06981,0.0,-0.06981,Sidewalk
382.0,118.1209,3.0576,-2.86234,0.0,-0.0,179.8816,0.9728,stand_7,362.0983,0.0,-0.0,0.0,-0.0,Sidewalk
382.5,118.1209,3.0576,-2.89725,0.0,-0.06981,179.8816,0.9728,stand_7,362.1109,0.0,-0.06981,0.0,-0.06981,Sidewalk
383.0,118.1209,3.0576,-2.89725,0.0,-0.0,179.8816,0.9728,stand_7,362.0983,0.0,-0.0,0.0,-0.0,Sidewalk
383.5,118.1209,3.0576,-2.93215,0.0,-0.06981,179.8816,0.9728,stand_7,362.1109,0.0,-0.06981,0.0,-0.06981,Sidewalk
384.0,118.1209,3.0576,-2.93215,0.0,-0.0,179.8816,0.9728,stand_7,362.0983,0.0,-0.0,0.0,-0.0,Sidewalk
384.5,118.1209,3.0576,-2.96706,0.0,-0.06981,179.8816,0.9728,stand_7,362.1109,0.0,-0.06981,0.0,-0.06981,Sidewalk
385.0,118.1209,3.0576,-2.96706,0.0,-0.0,179.8816,0.9728,stand_7,362.0983,0.0,-0.0,0.0,-0.0,Sidewalk
385.5,118.1209,3.0576,-3.00197,0.0,-0.06981,179.8816,0.9728,stand_7,362.1109,0.0,-0.06981,0.0,-0.06981,Sidewalk
386.0,118.1209,3.0576,-3.00197,0.0,-0.0,179.8816,0.9728,stand_7,362.0983,0.0,-0.0,0.0,-0.0,Sidewalk
386.5,118.1209,3.0576,-3.03687,0.0,-0.06981,179.8816,0.9728,stand_7,362.1109,0.0,-0.06981,0.0,-0.06981,Sidewalk
387.0,118.1209,3.0576,-3.03687,0.0,-0.0,179.8816,0.9728,stand_7,362.0983,0.0,-0.0,0.0,-0.0,Sidewalk
387.5,118.1209,3.0576,-3.07178,0.0,-0.06981,179.8816,0.9728,stand_7,362.1108,0.0,-0.06981,0.0,-0.06981,Sidewalk
388.0,118.1209,3.0576,-3.07178,0.0,-0.0,179.8816,0.9728,stand_7,362.0983,0.0,-0.0,0.0,-0.0,Sidewalk
388.5,118.1209,3.0576,-3.10669,0.0,-0.06981,179.8816,0.9728,stand_7,362.1108,0.0,-0.06981,0.0,-0.06981,Sidewalk
389.0,118.1209,3.0576,-3.10669,0.0,-0.0,179.8816,0.9728,stand_7,362.0983,0.0,-0.0,0.0,-0.0,Sidewalk
389.5,118.1209,3.0576,3.14159,0.0,-0.06981,179.8816,0.9728,stand_7,362.1108,0.0,-0.06981,0.0,-0.06981,Sidewalk
390.0,118.1209,3.0576,3.14159,0.0,-0.0,179.8816,0.9728,stand_7,362.0983,0.0,-0.0,0.0,-0.0,Sidewalk
390.5,118.1209,3.0576,3.10669,0.0,-0.06981,179.8816,0.9728,stand_7,362.1108,0.0,-0.06981,0.0,-0.06981,Sidewalk
391.0,118.1209,3.0576,3.10669,0.0,-0.0,179.8816,0.9728,stand_7,362.0982,0.0,-0.0,0.0,-0.0,Sidewalk
391.5,118.1209,3.0576,3.07178,0.0,-0.06981,179.8816,0.9728,stand_7,362.1108,0.0,-0.06981,0.0,-0.06981,Sidewalk
392.0,118.1209,3.0576,3.07178,0.0,-0.0,179.8816,0.9728,stand_7,362.0982,0.0,-0.0,0.0,-0.0,Sidewalk
392.5,118.1209,3.0576,3.03687,0.0,-0.06981,179.8816,0.9728,stand_7,362.1108,0.0,-0.06981,0.0,-0.06981,Sidewalk
393.0,118.1209,3.0576,3.03687,0.0,-0.0,179.8816,0.9728,stand_7,362.0982,0.0,-0.0,0.0,-0.0,Sidewalk
393.5,118.1209,3.0576,3.00197,0.0,-0.06981,179.8816,0.9728,stand_7,362.1108,0.0,-0.06981,0.0,-0.06981,Sidewalk
394.0,118.1209,3.0576,3.00197,0.0,-0.0,179.8816,0.9728,stand_7,362.0982,0.0,-0.0,0.0,-0.0,Sidewalk
394.5,118.1209,3.0576,2.96706,0.0,-0.06981,179.8816,0.9728,stand_7,362.1108,0.0,-0.06981,0.0,-0.06981,Sidewalk
395.0,118.1209,3.0576,2.96706,0.0,-0.0,179.8816,0.9728,stand_7,362.0982,0.0,-0.0,0.0,-0.0,Sidewalk
395.5,118.1209,3.0576,2.93215,0.0,-0.06981,179.8816,0.9728,stand_7,362.1108,0.0,-0.06981,0.0,-0.06981,Sidewalk
396.0,118.1209,3.0576,2.93215,0.0,-0.0,179.8816,0.9728,stand_7,362.0982,0.0,-0.0,0.0,-0.0,Sidewalk
396.5,118.1209,3.0576,2.89725,0.0,-0.06981,179.8816,0.9728,stand_7,362.1108,0.0,-0.06981,0.0,-0.06981,Sidewalk
397.0,118.1209,3.0576,2.89725,0.0,-0.0,179.8816,0.9728,stand_7,362.0982,0.0,-0.0,0.0,-0.0,Sidewalk
397.5,118.1209,3.0576,2.86234,0.0,-0.06981,179.8816,0.9728,stand_7,362.1108,0.0,-0.06981,0.0,-0.06981,Sidewalk
398.0,118.1209,3.0576,2.86234,0.0,-0.0,179.8816,0.9728,stand_7,362.0982,0.0,-0.0,0.0,-0.0,Sidewalk
398.5,118.1209,3.0576,2.82743,0.0,-0.06981,179.8816,0.9728,stand_7,362.1107,0.0,-0.06981,0.0,-0.06981,Sidewalk
399.0,118.1209,3.0576,2.82743,0.0,-0.0,179.8816,0.9728,stand_7,362.0982,0.0,-0.0,0.0,-0.0,Sidewalk
399.5,118.1209,3.0576,2.79253,0.0,-0.06981,179.8816,0.9728,stand_7,362.1107,0.0,-0.06981,0.0,-0.06981,Sidewalk
400.0,118.1209,3.0576,2.79253,0.0,-0.0,179.8816,0.9728,stand_7,362.0982,0.0,-0.0,0.0,-0.0,Sidewalk
400.5,118.1209,3.0576,2.75762,0.0,-0.06981,179.8816,0.9728,stand_7,362.1107,0.0,-0.06981,0.0,-0.06981,Sidewalk
401.0,118.1209,3.0576,2.75762,0.0,-0.0,179.8816,0.9728,stand_7,362.0982,0.0,-0.0,0.0,-0.0,Sidewalk
401.5,118.1209,3.0576,2.72271,0.0,-0.06981,179.8816,0.9728,stand_7,362.1107,0.0,-0.06981,0.0,-0.06981,Sidewalk
402.0,118.1209,3.0576,2.72271,0.0,-0.0,179.8816,0.9728,stand_7,362.0982,0.0,-0.0,0.0,-0.0,Sidewalk
402.5,118.1209,3.0576,2.68781,0.0,-0.06981,179.8816,0.9728,stand_7,362.1107,0.0,-0.06981,0.0,-0.06981,Sidewalk
403.0,118.1209,3.0576,2.68781,0.0,-0.0,179.8816,0.9728,stand_7,362.0981,0.0,-0.0,0.0,-0.0,Sidewalk
403.5,118.1209,3.0576,2.6529,0.0,-0.06981,179.8816,0.9728,stand_7,362.1107,0.0,-0.06981,0.0,-0.06981,Sidewalk
404.0,118.1209,3.0576,2.6529,0.0,-0.0,179.8816,0.9728,stand_7,362.0981,0.0,-0.0,0.0,-0.0,Sidewalk
404.5,118.1209,3.0576,2.61799,0.0,-0.06981,179.8816,0.9728,stand_7,362.1107,0.0,-0.06981,0.0,-0.06981,Sidewalk
405.0,118.1209,3.0576,2.61799,0.0,-0.0,179.8816,0.9728,stand_7,362.0981,0.0,-0.0,0.0,-0.0,Sidewalk
405.5,118.1209,3.0576,2.58309,0.0,-0.06981,179.8816,0.9728,stand_7,362.1107,0.0,-0.06981,0.0,-0.06981,Sidewalk
406.0,118.1209,3.0576,2.58309,0.0,-0.0,179.8816,0.9728,stand_7,362.0981,0.0,-0.0,0.0,-0.0,Sidewalk
406.5,118.1209,3.0576,2.54818,0.0,-0.06981,179.8816,0.9728,stand_7,362.1107,0.0,-0.06981,0.0,-0.06981,Sidewalk
407.0,118.1209,3.0576,2.54818,0.0,-0.0,179.8816,0.9728,stand_7,362.0981,0.0,-0.0,0.0,-0.0,Sidewalk
407.5,118.1209,3.0576,2.51327,0.0,-0.06981,179.8816,0.9728,stand_7,362.1107,0.0,-0.06981,0.0,-0.06981,Sidewalk
408.0,118.1209,3.0576,2.51327,0.0,-0.0,179.8816,0.9728,stand_7,362.0981,0.0,-0.0,0.0,-0.0,Sidewalk
408.5,118.1209,3.0576,2.47837,0.0,-0.06981,179.8816,0.9728,stand_7,362.1107,0.0,-0.06981,0.0,-0.06981,Sidewalk
409.0,118.1209,3.0576,2.47837,0.0,-0.0,179.8816,0.9728,stand_7,362.0981,0.0,-0.0,0.0,-0.0,Sidewalk
409.5,118.1209,3.0576,2.44346,0.0,-0.06981,179.8816,0.9728,stand_7,362.1107,0.0,-0.06981,0.0,-0.06981,Sidewalk
410.0,118.1209,3.0576,2.44346,0.0,-0.0,179.8816,0.9728,stand_7,362.0981,0.0,-0.0,0.0,-0.0,Sidewalk
410.5,118.1209,3.0576,2.40855,0.0,-0.06981,179.8816,0.9728,stand_7,362.1106,0.0,-0.06981,0.0,-0.06981,Sidewalk
411.0,118.1209,3.0576,2.40855,0.0,-0.0,179.8816,0.9728,stand_7,362.0981,0.0,-0.0,0.0,-0.0,Sidewalk
411.5,118.1209,3.0576,2.37365,0.0,-0.06981,179.8816,0.9728,stand_7,362.1106,0.0,-0.06981,0.0,-0.06981,Sidewalk
412.0,118.1209,3.0576,2.37365,0.0,-0.0,179.8816,0.9728,stand_7,362.0981,0.0,-0.0,0.0,-0.0,Sidewalk
412.5,118.1209,3.0576,2.33874,0.0,-0.06981,179.8816,0.9729,stand_7,362.1106,0.0,-0.06981,0.0,-0.06981,Sidewalk
413.0,118.1209,3.0576,2.33874,0.0,-0.0,179.8816,0.9729,stand_7,362.0981,0.0,-0.0,0.0,-0.0,Sidewalk
413.5,118.1209,3.0576,2.30383,0.0,-0.06981,179.8816,0.9729,stand_7,362.1106,0.0,-0.06981,0.0,-0.06981,Sidewalk
414.0,118.1209,3.0576,2.30383,0.0,-0.0,179.8816,0.9729,stand_7,362.0981,0.0,-0.0,0.0,-0.0,Sidewalk
414.5,118.1209,3.0576,2.26893,0.0,-0.06981,179.8816,0.9729,stand_7,362.1106,0.0,-0.06981,0.0,-0.06981,Sidewalk
415.0,118.1209,3.0576,2.26893,0.0,-0.0,179.8816,0.9729,stand_7,362.098,0.0,-0.0,0.0,-0.0,Sidewalk
415.5,118.1209,3.0576,2.23402,0.0,-0.06981,179.8816,0.9729,stand_7,362.1106,0.0,-0.06981,0.0,-0.06981,Sidewalk
416.0,118.1209,3.0576,2.23402,0.0,-0.0,179.8816,0.9729,stand_7,362.098,0.0,-0.0,0.0,-0.0,Sidewalk
416.5,118.1209,3.0576,2.19911,0.0,-0.06981,179.8816,0.9729,stand_7,362.1106,0.0,-0.06981,0.0,-0.06981,Sidewalk
417.0,118.1209,3.0576,2.19911,0.0,-0.0,179.8816,0.9729,stand_7,362.098,0.0,-0.0,0.0,-0.0,Sidewalk
417.5,118.1209,3.0576,2.16421,0.0,-0.06981,179.8816,0.9729,stand_7,362.1106,0.0,-0.06981,0.0,-0.06981,Sidewalk
418.0,118.1209,3.0576,2.16421,0.0,-0.0,179.8816,0.9729,stand_7,362.098,0.0,-0.0,0.0,-0.0,Sidewalk
418.5,118.1209,3.0576,2.1293,0.0,-0.06981,179.8816,0.9729,stand_7,362.1106,0.0,-0.06981,0.0,-0.06981,Sidewalk
419.0,118.1209,3.0576,2.1293,0.0,-0.0,179.8816,0.9729,stand_7,362.098,0.0,-0.0,0.0,-0.0,Sidewalk
419.5,118.1209,3.0576,2.0944,0.0,-0.06981,179.8816,0.9729,stand_7,362.1106,0.0,-0.06981,0.0,-0.06981,Sidewalk
420.0,118.1209,3.0576,2.0944,0.0,-0.0,179.8816,0.9729,stand_7,362.098,0.0,-0.0,0.0,-0.0,Sidewalk
420.5,118.1209,3.0576,2.05949,0.0,-0.06981,179.8816,0.9729,stand_7,362.1106,0.0,-0.06981,0.0,-0.06981,Sidewalk
421.0,118.1209,3.0576,2.05949,0.0,-0.0,179.8816,0.9729,stand_7,362.098,0.0,-0.0,0.0,-0.0,Sidewalk
421.5,118.1209,3.0576,2.02458,0.0,-0.06981,179.8816,0.9729,stand_7,362.1106,0.0,-0.06981,0.0,-0.06981,Sidewalk
422.0,118.1209,3.0576,2.02458,0.0,-0.0,179.8816,0.9729,stand_7,362.098,0.0,-0.0,0.0,-0.0,Sidewalk
422.5,118.1209,3.0576,1.98968,0.0,-0.06981,179.8816,0.9729,stand_7,362.1105,0.0,-0.06981,0.0,-0.06981,Sidewalk
423.0,118.1209,3.0576,1.98968,0.0,-0.0,179.8816,0.9729,stand_7,362.098,0.0,-0.0,0.0,-0.0,Sidewalk
423.5,118.1209,3.0576,1.95477,0.0,-0.06981,179.8816,0.9729,stand_7,362.1105,0.0,-0.06981,0.0,-0.06981,Sidewalk
424.0,118.1209,3.0576,1.95477,0.0,-0.0,179.8816,0.9729,stand_7,362.098,0.0,-0.0,0.0,-0.0,Sidewalk
424.5,118.1209,3.0576,1.91986,0.0,-0.06981,179.8816,0.9729,stand_7,362.1105,0.0,-0.06981,0.0,-0.06981,Sidewalk
425.0,118.1209,3.0576,1.91986,0.0,-0.0,179.8816,0.9729,stand_7,362.098,0.0,-0.0,0.0,-0.0,Sidewalk
425.5,118.1209,3.0576,1.88496,0.0,-0.06981,179.8816,0.9729,stand_7,362.1105,0.0,-0.06981,0.0,-0.06981,Sidewalk
426.0,118.1209,3.0576,1.88496,0.0,-0.0,179.8816,0.9729,stand_7,362.098,0.0,-0.0,0.0,-0.0,Sidewalk
426.5,118.1209,3.0576,1.85005,0.0,-0.06981,179.8816,0.9729,stand_7,362.1105,0.0,-0.06981,0.0,-0.06981,Sidewalk
427.0,118.1209,3.0576,1.85005,0.0,-0.0,179.8816,0.9729,stand_7,362.098,0.0,-0.0,0.0,-0.0,Sidewalk
427.5,118.1209,3.0576,1.81514,0.0,-0.06981,179.8816,0.9729,stand_7,362.1105,0.0,-0.06981,0.0,-0.06981,Sidewalk
428.0,118.1209,3.0576,1.81514,0.0,-0.0,179.8816,0.9729,stand_7,362.0979,0.0,-0.0,0.0,-0.0,Sidewalk
428.5,118.1209,3.0576,1.78024,0.0,-0.06981,179.8816,0.9729,stand_7,362.1105,0.0,-0.06981,0.0,-0.06981,Sidewalk
429.0,118.1209,3.0576,1.78024,0.0,-0.0,179.8816,0.9729,stand_7,362.0979,0.0,-0.0,0.0,-0.0,Sidewalk
429.5,118.1209,3.0576,1.74533,0.0,-0.06981,179.8816,0.9729,stand_7,362.1105,0.0,-0.06981,0.0,-0.06981,Sidewalk
430.0,118.1209,3.0576,1.74533,0.0,-0.0,179.8816,0.9729,stand_7,362.0979,0.0,-0.0,0.0,-0.0,Sidewalk
430.5,118.1209,3.0576,1.71042,0.0,-0.06981,179.8816,0.9729,stand_7,362.1105,0.0,-0.06981,0.0,-0.06981,Sidewalk
431.0,118.1209,3.0576,1.71042,0.0,-0.0,179.8816,0.9729,stand_7,362.0979,0.0,-0.0,0.0,-0.0,Sidewalk
431.5,118.1209,3.0576,1.67552,0.0,-0.06981,179.8816,0.9729,stand_7,362.1105,0.0,-0.06981,0.0,-0.06981,Sidewalk
432.0,118.1209,3.0576,1.67552,0.0,-0.0,179.8816,0.9729,stand_7,362.0979,0.0,-0.0,0.0,-0.0,Sidewalk
432.5,118.1209,3.0576,1.64061,0.0,-0.06981,179.8816,0.9729,stand_7,362.1105,0.0,-0.06981,0.0,-0.06981,Sidewalk
433.0,118.1209,3.0576,1.64061,0.0,-0.0,179.8816,0.9729,stand_7,362.0979,0.0,-0.0,0.0,-0.0,Sidewalk
433.5,118.1209,3.0576,1.6057,0.0,-0.06981,179.8816,0.9729,stand_7,362.1105,0.0,-0.06981,0.0,-0.06981,Sidewalk
434.0,118.1209,3.0576,1.6057,0.0,-0.0,179.8816,0.9729,stand_7,362.0979,0.0,-0.0,0.0,-0.0,Sidewalk
434.5,118.1209,3.0576,1.5708,0.0,-0.06981,179.8816,0.9729,stand_7,362.1105,0.0,-0.06981,0.0,-0.06981,Sidewalk
435.0,118.1209,3.0576,1.5708,0.0,-0.0,179.8816,0.9729,stand_7,362.0979,0.0,-0.0,0.0,-0.0,Sidewalk
435.5,118.1209,3.0576,1.53589,0.0,-0.06981,179.8816,0.9729,stand_7,362.1105,0.0,-0.06981,0.0,-0.06981,Sidewalk
436.0,118.1209,3.0576,1.53589,0.0,-0.0,179.8816,0.9729,stand_7,362.0979,0.0,-0.0,0.0,-0.0,Sidewalk
436.5,118.1209,3.0576,1.50098,0.0,-0.06981,179.8816,0.9729,stand_7,362.1104,0.0,-0.06981,0.0,-0.06981,Sidewalk
437.0,118.1209,3.0576,1.50098,0.0,-0.0,179.8816,0.9729,stand_7,362.0979,0.0,-0.0,0.0,-0.0,Sidewalk
437.5,118.1209,3.0576,1.46608,0.0,-0.06981,179.8816,0.9729,stand_7,362.1104,0.0,-0.06981,0.0,-0.06981,Sidewalk
438.0,118.1209,3.0576,1.46608,0.0,-0.0,179.8816,0.9729,stand_7,362.0979,0.0,-0.0,0.0,-0.0,Sidewalk
438.5,118.1209,3.0576,1.43117,0.0,-0.06981,179.8816,0.9729,stand_7,362.1104,0.0,-0.06981,0.0,-0.06981,Sidewalk
439.0,118.1209,3.0576,1.43117,0.0,-0.0,179.8816,0.9729,stand_7,362.0979,0.0,-0.0,0.0,-0.0,Sidewalk
439.5,118.1209,3.0576,1.39626,0.0,-0.06981,179.8816,0.9729,stand_7,362.1104,0.0,-0.06981,0.0,-0.06981,Sidewalk
440.0,118.1209,3.0576,1.39626,0.0,-0.0,179.8816,0.9729,stand_7,362.0978,0.0,-0.0,0.0,-0.0,Sidewalk
440.5,118.1209,3.0576,1.36136,0.0,-0.06981,179.8816,0.9729,stand_7,362.1104,0.0,-0.06981,0.0,-0.06981,Sidewalk
441.0,118.1209,3.0576,1.36136,0.0,-0.0,179.8816,0.9729,stand_7,362.0978,0.0,-0.0,0.0,-0.0,Sidewalk
441.5,118.1209,3.0576,1.32645,0.0,-0.06981,179.8816,0.9729,stand_7,362.1104,0.0,-0.06981,0.0,-0.06981,Sidewalk
442.0,118.1209,3.0576,1.32645,0.0,-0.0,179.8816,0.9729,stand_7,362.0978,0.0,-0.0,0.0,-0.0,Sidewalk
442.5,118.1209,3.0576,1.29154,0.0,-0.06981,179.8816,0.9729,stand_7,362.1104,0.0,-0.06981,0.0,-0.06981,Sidewalk
443.0,118.1209,3.0576,1.29154,0.0,-0.0,179.8816,0.9729,stand_7,362.0978,0.0,-0.0,0.0,-0.0,Sidewalk
443.5,118.1209,3.0576,1.25664,0.0,-0.06981,179.8816,0.9729,stand_7,362.1104,0.0,-0.06981,0.0,-0.06981,Sidewalk
444.0,118.1209,3.0576,1.25664,0.0,-0.0,179.8816,0.9729,stand_7,362.0978,0.0,-0.0,0.0,-0.0,Sidewalk
444.5,118.1209,3.0576,1.22173,0.0,-0.06981,179.8816,0.9729,stand_7,362.1104,0.0,-0.06981,0.0,-0.06981,Sidewalk
445.0,118.1209,3.0576,1.22173,0.0,-0.0,179.8816,0.9729,stand_7,362.0978,0.0,-0.0,0.0,-0.0,Sidewalk
445.5,118.1209,3.0576,1.18682,0.0,-0.06981,179.8816,0.9729,stand_7,362.1104,0.0,-0.06981,0.0,-0.06981,Sidewalk
446.0,118.1209,3.0576,1.18682,0.0,-0.0,179.8816,0.9729,stand_7,362.0978,0.0,-0.0,0.0,-0.0,Sidewalk
446.5,118.1209,3.0576,1.15192,0.0,-0.06981,179.8816,0.9729,stand_7,362.1104,0.0,-0.06981,0.0,-0.06981,Sidewalk
447.0,118.1209,3.0576,1.15192,0.0,-0.0,179.8816,0.9729,stand_7,362.0978,0.0,-0.0,0.0,-0.0,Sidewalk
447.5,118.1209,3.0576,1.11701,0.0,-0.06981,179.8816,0.9729,stand_7,362.1104,0.0,-0.06981,0.0,-0.06981,Sidewalk
448.0,118.1209,3.0576,1.11701,0.0,-0.0,179.8816,0.9729,stand_7,362.0978,0.0,-0.0,0.0,-0.0,Sidewalk
448.5,118.1209,3.0576,1.0821,0.0,-0.06981,179.8816,0.9729,stand_7,362.1103,0.0,-0.06981,0.0,-0.06981,Sidewalk
449.0,118.1209,3.0576,1.0821,0.0,-0.0,179.8816,0.973,stand_7,362.0978,0.0,-0.0,0.0,-0.0,Sidewalk
449.5,118.1209,3.0576,1.0472,0.0,-0.06981,179.8816,0.973,stand_7,362.1103,0.0,-0.06981,0.0,-0.06981,Sidewalk
450.0,118.1209,3.0576,1.0472,0.0,-0.0,179.8816,0.973,stand_7,362.0978,0.0,-0.0,0.0,-0.0,Sidewalk
450.5,118.1209,3.0576,1.01229,0.0,-0.06981,179.8816,0.973,stand_7,362.1103,0.0,-0.06981,0.0,-0.06981,Sidewalk
451.0,118.1209,3.0576,1.01229,0.0,-0.0,179.8816,0.973,stand_7,362.0978,0.0,-0.0,0.0,-0.0,Sidewalk
451.5,118.1209,3.0576,0.97738,0.0,-0.06981,179.8816,0.973,stand_7,362.1103,0.0,-0.06981,0.0,-0.06981,Sidewalk
452.0,118.1209,3.0576,0.97738,0.0,-0.0,179.8816,0.973,stand_7,362.0978,0.0,-0.0,0.0,-0.0,Sidewalk
452.5,118.1209,3.0576,0.94248,0.0,-0.06981,179.8816,0.973,stand_7,362.1103,0.0,-0.06981,0.0,-0.06981,Sidewalk
453.0,118.1209,3.0576,0.94248,0.0,-0.0,179.8816,0.973,stand_7,362.0977,0.0,-0.0,0.0,-0.0,Sidewalk
453.5,118.1209,3.0576,0.90757,0.0,-0.06981,179.8816,0.973,stand_7,362.1103,0.0,-0.06981,0.0,-0.06981,Sidewalk
454.0,118.1209,3.0576,0.90757,0.0,-0.0,179.8816,0.973,stand_7,362.0977,0.0,-0.0,0.0,-0.0,Sidewalk
454.5,118.1209,3.0576,0.87266,0.0,-0.06981,179.8816,0.973,stand_7,362.1103,0.0,-0.06981,0.0,-0.06981,Sidewalk
455.0,118.1209,3.0576,0.87266,0.0,-0.0,179.8816,0.973,stand_7,362.0977,0.0,-0.0,0.0,-0.0,Sidewalk
455.5,118.1209,3.0576,0.83776,0.0,-0.06981,179.8816,0.973,stand_7,362.1103,0.0,-0.06981,0.0,-0.06981,Sidewalk
456.0,118.1209,3.0576,0.83776,0.0,-0.0,179.8816,0.973,stand_7,362.0977,0.0,-0.0,0.0,-0.0,Sidewalk
456.5,118.1209,3.0576,0.80285,0.0,-0.06981,179.8816,0.973,stand_7,362.1103,0.0,-0.06981,0.0,-0.06981,Sidewalk
457.0,118.1209,3.0576,0.80285,0.0,-0.0,179.8816,0.973,stand_7,362.0977,0.0,-0.0,0.0,-0.0,Sidewalk
457.5,118.1209,3.0576,0.76794,0.0,-0.06981,179.8816,0.973,stand_7,362.1103,0.0,-0.06981,0.0,-0.06981,Sidewalk
458.0,118.1209,3.0576,0.76794,0.0,-0.0,179.8816,0.973,stand_7,362.0977,0.0,-0.0,0.0,-0.0,Sidewalk
458.5,118.1209,3.0576,0.73304,0.0,-0.06981,179.8816,0.973,stand_7,362.1103,0.0,-0.06981,0.0,-0.06981,Sidewalk
459.0,118.1209,3.0576,0.73304,0.0,-0.0,179.8816,0.973,stand_7,362.0977,0.0,-0.0,0.0,-0.0,Sidewalk
459.5,118.1209,3.0576,0.69813,0.0,-0.06981,179.8816,0.973,stand_7,362.1103,0.0,-0.06981,0.0,-0.06981,Sidewalk
460.0,118.1209,3.0576,0.69813,0.0,-0.0,179.8816,0.973,stand_7,362.0977,0.0,-0.0,0.0,-0.0,Sidewalk
460.5,118.1209,3.0576,0.66323,0.0,-0.06981,179.8816,0.973,stand_7,362.1102,0.0,-0.06981,0.0,-0.06981,Sidewalk
461.0,118.1209,3.0576,0.66323,0.0,-0.0,179.8816,0.973,stand_7,362.0977,0.0,-0.0,0.0,-0.0,Sidewalk
461.5,118.1209,3.0576,0.62832,0.0,-0.06981,179.8816,0.973,stand_7,362.1102,0.0,-0.06981,0.0,-0.06981,Sidewalk
462.0,118.1209,3.0576,0.62832,0.0,-0.0,179.8816,0.973,stand_7,362.0977,0.0,-0.0,0.0,-0.0,Sidewalk
462.5,118.1209,3.0576,0.59341,0.0,-0.06981,179.8816,0.973,stand_7,362.1102,0.0,-0.06981,0.0,-0.06981,Sidewalk
463.0,118.1209,3.0576,0.59341,0.0,-0.0,179.8816,0.973,stand_7,362.0977,0.0,-0.0,0.0,-0.0,Sidewalk
463.5,118.1209,3.0576,0.55851,0.0,-0.06981,179.8816,0.973,stand_7,362.1102,0.0,-0.06981,0.0,-0.06981,Sidewalk
464.0,118.1209,3.0576,0.55851,0.0,-0.0,179.8816,0.973,stand_7,362.0977,0.0,-0.0,0.0,-0.0,Sidewalk
464.5,118.1209,3.0576,0.5236,0.0,-0.06981,179.8816,0.973,stand_7,362.1102,0.0,-0.06981,0.0,-0.06981,Sidewalk
465.0,118.1209,3.0576,0.5236,0.0,-0.0,179.8816,0.973,stand_7,362.0976,0.0,-0.0,0.0,-0.0,Sidewalk
465.5,118.1209,3.0576,0.48869,0.0,-0.06981,179.8816,0.973,stand_7,362.1102,0.0,-0.06981,0.0,-0.06981,Sidewalk
466.0,118.1209,3.0576,0.48869,0.0,-0.0,179.8816,0.973,stand_7,362.0976,0.0,-0.0,0.0,-0.0,Sidewalk
466.5,118.1209,3.0576,0.45379,0.0,-0.06981,179.8816,0.973,stand_7,362.1102,0.0,-0.06981,0.0,-0.06981,Sidewalk
467.0,118.1209,3.0576,0.45379,0.0,-0.0,179.8816,0.973,stand_7,362.0976,0.0,-0.0,0.0,-0.0,Sidewalk
467.5,118.1209,3.0576,0.41888,0.0,-0.06981,179.8816,0.973,stand_7,362.1102,0.0,-0.06981,0.0,-0.06981,Sidewalk
468.0,118.1209,3.0576,0.41888,0.0,-0.0,179.8816,0.973,stand_7,362.0976,0.0,-0.0,0.0,-0.0,Sidewalk
468.5,118.1209,3.0576,0.38397,0.0,-0.06981,179.8816,0.973,stand_7,362.1102,0.0,-0.06981,0.0,-0.06981,Sidewalk
469.0,118.1209,3.0576,0.38397,0.0,-0.0,179.8816,0.973,stand_7,362.0976,0.0,-0.0,0.0,-0.0,Sidewalk
469.5,118.1209,3.0576,0.34907,0.0,-0.06981,179.8816,0.973,stand_7,362.1102,0.0,-0.06981,0.0,-0.06981,Sidewalk
470.0,118.1209,3.0576,0.34907,0.0,-0.0,179.8816,0.973,stand_7,362.0976,0.0,-0.0,0.0,-0.0,Sidewalk
470.5,118.1209,3.0576,0.31416,0.0,-0.06981,179.8816,0.973,stand_7,362.1102,0.0,-0.06981,0.0,-0.06981,Sidewalk
471.0,118.1209,3.0576,0.31416,0.0,-0.0,179.8816,0.973,stand_7,362.0976,0.0,-0.0,0.0,-0.0,Sidewalk
471.5,118.1209,3.0576,0.27925,0.0,-0.06981,179.8816,0.973,stand_7,362.1102,0.0,-0.06981,0.0,-0.06981,Sidewalk
472.0,118.1209,3.0576,0.27925,0.0,-0.0,179.8816,0.973,stand_7,362.0976,0.0,-0.0,0.0,-0.0,Sidewalk
472.5,118.1209,3.0576,0.24435,0.0,-0.06981,179.8816,0.973,stand_7,362.1102,0.0,-0.06981,0.0,-0.06981,Sidewalk
473.0,118.1209,3.0576,0.24435,0.0,-0.0,179.8816,0.973,stand_7,362.0976,0.0,-0.0,0.0,-0.0,Sidewalk
473.5,118.1209,3.0576,0.20944,0.0,-0.06981,179.8816,0.973,stand_7,362.1101,0.0,-0.06981,0.0,-0.06981,Sidewalk
474.0,118.1209,3.0576,0.20944,0.0,-0.0,179.8816,0.973,stand_7,362.0976,0.0,-0.0,0.0,-0.0,Sidewalk
474.5,118.1209,3.0576,0.17453,0.0,-0.06981,179.8816,0.973,stand_7,362.1101,0.0,-0.06981,0.0,-0.06981,Sidewalk
475.0,118.1209,3.0576,0.17453,0.0,-0.0,179.8816,0.973,stand_7,362.0976,0.0,-0.0,0.0,-0.0,Sidewalk
475.5,118.1209,3.0576,0.13963,0.0,-0.06981,179.8816,0.973,stand_7,362.1101,0.0,-0.06981,0.0,-0.06981,Sidewalk
476.0,118.1209,3.0576,0.13963,0.0,-0.0,179.8816,0.973,stand_7,362.0976,0.0,-0.0,0.0,-0.0,Sidewalk
476.5,118.1209,3.0576,0.10472,0.0,-0.06981,179.8816,0.973,stand_7,362.1101,0.0,-0.06981,0.0,-0.06981,Sidewalk
477.0,118.1209,3.0576,0.10472,0.0,-0.0,179.8816,0.973,stand_7,362.0976,0.0,-0.0,0.0,-0.0,Sidewalk
477.5,118.1209,3.0576,0.06981,0.0,-0.06981,179.8816,0.973,stand_7,362.1101,0.0,-0.06981,0.0,-0.06981,Sidewalk
478.0,118.1209,3.0576,0.06981,0.0,-0.0,179.8816,0.973,stand_7,362.0975,0.0,-0.0,0.0,-0.0,Sidewalk
478.5,118.1209,3.0576,0.03491,0.0,-0.06981,179.8816,0.973,stand_7,362.1101,0.0,-0.06981,0.0,-0.06981,Sidewalk
479.0,118.1209,3.0576,0.03491,0.0,-0.0,179.8816,0.973,stand_7,362.0975,0.0,-0.0,0.0,-0.0,Sidewalk
479.5,118.1209,3.0576,-0.0,0.0,-0.06981,179.8816,0.973,stand_7,362.1101,0.0,-0.06981,0.0,-0.06981,Sidewalk
480.0,118.1209,3.0576,-0.0,0.0,-0.0,179.8816,0.973,stand_7,362.0975,0.0,-0.0,0.0,-0.0,Sidewalk
480.5,118.1209,3.0576,-0.03491,0.0,-0.06981,179.8816,0.973,stand_7,362.1101,0.0,-0.06981,0.0,-0.06981,Sidewalk
481.0,118.1209,3.0576,-0.03491,0.0,-0.0,179.8816,0.973,stand_7,362.0975,0.0,-0.0,0.0,-0.0,Sidewalk
481.5,118.1209,3.0576,-0.06981,0.0,-0.06981,179.8816,0.973,stand_7,362.1101,0.0,-0.06981,0.0,-0.06981,Sidewalk
482.0,118.1209,3.0576,-0.06981,0.0,-0.0,179.8816,0.973,stand_7,362.0975,0.0,-0.0,0.0,-0.0,Sidewalk
482.5,118.1209,3.0576,-0.10472,0.0,-0.06981,179.8816,0.973,stand_7,362.1101,0.0,-0.06981,0.0,-0.06981,Sidewalk
483.0,118.1209,3.0576,-0.10472,0.0,-0.0,179.8816,0.973,stand_7,362.0975,0.0,-0.0,0.0,-0.0,Sidewalk
483.5,118.1209,3.0576,-0.13963,0.0,-0.06981,179.8816,0.973,stand_7,362.1101,0.0,-0.06981,0.0,-0.06981,Sidewalk
484.0,118.1209,3.0576,-0.13963,0.0,-0.0,179.8816,0.973,stand_7,362.0975,0.0,-0.0,0.0,-0.0,Sidewalk
484.5,118.1209,3.0576,-0.17453,0.0,-0.06981,179.8816,0.9731,stand_7,362.11,0.0,-0.06981,0.0,-0.06981,Sidewalk
485.0,118.1209,3.0576,-0.17453,0.0,-0.0,179.8816,0.9731,stand_7,362.0975,0.0,-0.0,0.0,-0.0,Sidewalk
485.5,118.1209,3.0576,-0.20944,0.0,-0.06981,179.8816,0.9731,stand_7,362.11,0.0,-0.06981,0.0,-0.06981,Sidewalk
486.0,118.1209,3.0576,-0.20944,0.0,-0.0,179.8816,0.9731,stand_7,362.0975,0.0,-0.0,0.0,-0.0,Sidewalk
486.5,118.1209,3.0576,-0.24435,0.0,-0.06981,179.8816,0.9731,stand_7,362.11,0.0,-0.06981,0.0,-0.06981,Sidewalk
487.0,118.1209,3.0576,-0.24435,0.0,-0.0,179.8816,0.9731,stand_7,362.0975,0.0,-0.0,0.0,-0.0,Sidewalk
487.5,118.1209,3.0576,-0.27925,0.0,-0.06981,179.8816,0.9731,stand_7,362.11,0.0,-0.06981,0.0,-0.06981,Sidewalk
488.0,118.1209,3.0576,-0.27925,0.0,-0.0,179.8816,0.9731,stand_7,362.0975,0.0,-0.0,0.0,-0.0,Sidewalk
488.5,118.1209,3.0576,-0.31416,0.0,-0.06981,179.8816,0.9731,stand_7,362.11,0.0,-0.06981,0.0,-0.06981,Sidewalk
489.0,118.1209,3.0576,-0.31416,0.0,-0.0,179.8816,0.9731,stand_7,362.0974,0.0,-0.0,0.0,-0.0,Sidewalk
489.5,118.1209,3.0576,-0.34907,0.0,-0.06981,179.8816,0.9731,stand_7,362.11,0.0,-0.06981,0.0,-0.06981,Sidewalk
490.0,118.1209,3.0576,-0.34907,0.0,-0.0,179.8816,0.9731,stand_7,362.0974,0.0,-0.0,0.0,-0.0,Sidewalk
490.5,118.1209,3.0576,-0.38397,0.0,-0.06981,179.8816,0.9731,stand_7,362.11,0.0,-0.06981,0.0,-0.06981,Sidewalk
491.0,118.1209,3.0576,-0.38397,0.0,-0.0,179.8816,0.9731,stand_7,362.0974,0.0,-0.0,0.0,-0.0,Sidewalk
491.5,118.1209,3.0576,-0.41888,0.0,-0.06981,179.8816,0.9731,stand_7,362.11,0.0,-0.06981,0.0,-0.06981,Sidewalk
492.0,118.1209,3.0576,-0.41888,0.0,-0.0,179.8816,0.9731,stand_7,362.0974,0.0,-0.0,0.0,-0.0,Sidewalk
492.5,118.1209,3.0576,-0.45379,0.0,-0.06981,179.8816,0.9731,stand_7,362.11,0.0,-0.06981,0.0,-0.06981,Sidewalk
493.0,118.1209,3.0576,-0.45379,0.0,-0.0,179.8816,0.9731,stand_7,362.0974,0.0,-0.0,0.0,-0.0,Sidewalk
493.5,118.1209,3.0576,-0.48869,0.0,-0.06981,179.8816,0.9731,stand_7,362.11,0.0,-0.06981,0.0,-0.06981,Sidewalk
494.0,118.1209,3.0576,-0.48869,0.0,-0.0,179.8816,0.9731,stand_7,362.0974,0.0,-0.0,0.0,-0.0,Sidewalk
494.5,118.1209,3.0576,-0.5236,0.0,-0.06981,179.8816,0.9731,stand_7,362.11,0.0,-0.06981,0.0,-0.06981,Sidewalk
495.0,118.1209,3.0576,-0.5236,0.0,-0.0,179.8816,0.9731,stand_7,362.0974,0.0,-0.0,0.0,-0.0,Sidewalk
495.5,118.1209,3.0576,-0.55851,0.0,-0.06981,179.8816,0.9731,stand_7,362.11,0.0,-0.06981,0.0,-0.06981,Sidewalk
496.0,118.1209,3.0576,-0.55851,0.0,-0.0,179.8816,0.9731,stand_7,362.0974,0.0,-0.0,0.0,-0.0,Sidewalk
496.5,118.1209,3.0576,-0.59341,0.0,-0.06981,179.8816,0.9731,stand_7,362.11,0.0,-0.06981,0.0,-0.06981,Sidewalk
497.0,118.1209,3.0576,-0.59341,0.0,-0.0,179.8816,0.9731,stand_7,362.0974,0.0,-0.0,0.0,-0.0,Sidewalk
497.5,118.1209,3.0576,-0.62832,0.0,-0.06981,179.8816,0.9731,stand_7,362.11,0.0,-0.06981,0.0,-0.06981,Sidewalk
498.0,118.1209,3.0576,-0.62832,0.0,-0.0,179.8816,0.9731,stand_7,362.0974,0.0,-0.0,0.0,-0.0,Sidewalk
498.5,118.1209,3.0576,-0.66323,0.0,-0.06981,179.8816,0.9731,stand_7,362.1099,0.0,-0.06981,0.0,-0.06981,Sidewalk
499.0,118.1288,3.0514,-0.66323,0.02,-0.0,179.8737,0.9674,stand_7,362.0973,0.02,-0.0,0.02,-0.0,Sidewalk
499.5,118.1288,3.0514,-0.69813,0.0,-0.06981,179.8737,0.9674,stand_7,362.1122,0.0,-0.06981,0.0,-0.06981,Sidewalk
500.0,118.1288,3.0514,-0.69813,0.0,-0.0,179.8737,0.9674,stand_7,362.0996,0.0,-0.0,0.0,-0.0,Sidewalk
500.5,118.1288,3.0514,-0.73304,0.0,-0.06981,179.8737,0.9674,stand_7,362.1122,0.0,-0.06981,0.0,-0.06981,Sidewalk
501.0,118.1288,3.0514,-0.73304,0.0,-0.0,179.8737,0.9674,stand_7,362.0996,0.0,-0.0,0.0,-0.0,Sidewalk
501.5,118.1288,3.0514,-0.76794,0.0,-0.06981,179.8737,0.9674,stand_7,362.1122,0.0,-0.06981,0.0,-0.06981,Sidewalk
502.0,118.1288,3.0514,-0.76794,0.0,-0.0,179.8737,0.9674,stand_7,362.0996,0.0,-0.0,0.0,-0.0,Sidewalk
502.5,118.1288,3.0514,-0.80285,0.0,-0.06981,179.8737,0.9674,stand_7,362.1122,0.0,-0.06981,0.0,-0.06981,Sidewalk
503.0,118.1288,3.0514,-0.80285,0.0,-0.0,179.8737,0.9674,stand_7,362.0996,0.0,-0.0,0.0,-0.0,Sidewalk
503.5,118.1288,3.0514,-0.83776,0.0,-0.06981,179.8737,0.9674,stand_7,362.1122,0.0,-0.06981,0.0,-0.06981,Sidewalk
504.0,118.1288,3.0514,-0.83776,0.0,-0.0,179.8737,0.9674,stand_7,362.0996,0.0,-0.0,0.0,-0.0,Sidewalk
504.5,118.1288,3.0514,-0.87266,0.0,-0.06981,179.8737,0.9674,stand_7,362.1122,0.0,-0.06981,0.0,-0.06981,Sidewalk
505.0,118.1288,3.0514,-0.87266,0.0,-0.0,179.8737,0.9674,stand_7,362.0996,0.0,-0.0,0.0,-0.0,Sidewalk
505.5,118.1288,3.0514,-0.90757,0.0,-0.06981,179.8737,0.9674,stand_7,362.1122,0.0,-0.06981,0.0,-0.06981,Sidewalk
506.0,118.1288,3.0514,-0.90757,0.0,-0.0,179.8737,0.9674,stand_7,362.0996,0.0,-0.0,0.0,-0.0,Sidewalk
506.5,118.1288,3.0514,-0.94248,0.0,-0.06981,179.8737,0.9674,stand_7,362.1122,0.0,-0.06981,0.0,-0.06981,Sidewalk
507.0,118.1288,3.0514,-0.94248,0.0,-0.0,179.8737,0.9674,stand_7,362.0996,0.0,-0.0,0.0,-0.0,Sidewalk
507.5,118.1288,3.0514,-0.97738,0.0,-0.06981,179.8737,0.9674,stand_7,362.1122,0.0,-0.06981,0.0,-0.06981,Sidewalk
508.0,118.1288,3.0514,-0.97738,0.0,-0.0,179.8737,0.9674,stand_7,362.0996,0.0,-0.0,0.0,-0.0,Sidewalk
508.5,118.1288,3.0514,-1.01229,0.0,-0.06981,179.8737,0.9674,stand_7,362.1122,0.0,-0.06981,0.0,-0.06981,Sidewalk
509.0,118.1288,3.0514,-1.01229,0.0,-0.0,179.8737,0.9674,stand_7,362.0996,0.0,-0.0,0.0,-0.0,Sidewalk
509.5,118.1288,3.0514,-1.0472,0.0,-0.06981,179.8737,0.9674,stand_7,362.1121,0.0,-0.06981,0.0,-0.06981,Sidewalk
510.0,118.1288,3.0514,-1.0472,0.0,-0.0,179.8737,0.9674,stand_7,362.0996,0.0,-0.0,0.0,-0.0,Sidewalk
510.5,118.1288,3.0514,-1.0821,0.0,-0.06981,179.8737,0.9674,stand_7,362.1121,0.0,-0.06981,0.0,-0.06981,Sidewalk
511.0,118.1288,3.0514,-1.0821,0.0,-0.0,179.8737,0.9674,stand_7,362.0996,0.0,-0.0,0.0,-0.0,Sidewalk
511.5,118.1288,3.0514,-1.11701,0.0,-0.06981,179.8737,0.9674,stand_7,362.1121,0.0,-0.06981,0.0,-0.06981,Sidewalk
512.0,118.1288,3.0514,-1.11701,0.0,-0.0,179.8737,0.9674,stand_7,362.0996,0.0,-0.0,0.0,-0.0,Sidewalk
512.5,118.1288,3.0514,-1.15192,0.0,-0.06981,179.8737,0.9674,stand_7,362.1121,0.0,-0.06981,0.0,-0.06981,Sidewalk
513.0,118.1288,3.0514,-1.15192,0.0,-0.0,179.8737,0.9675,stand_7,362.0995,0.0,-0.0,0.0,-0.0,Sidewalk
513.5,118.1288,3.0514,-1.18682,0.0,-0.06981,179.8737,0.9675,stand_7,362.1121,0.0,-0.06981,0.0,-0.06981,Sidewalk
514.0,118.1288,3.0514,-1.18682,0.0,-0.0,179.8737,0.9675,stand_7,362.0995,0.0,-0.0,0.0,-0.0,Sidewalk
514.5,118.1288,3.0514,-1.22173,0.0,-0.06981,179.8737,0.9675,stand_7,362.1121,0.0,-0.06981,0.0,-0.06981,Sidewalk
515.0,118.1288,3.0514,-1.22173,0.0,-0.0,179.8737,0.9675,stand_7,362.0995,0.0,-0.0,0.0,-0.0,Sidewalk
515.5,118.1288,3.0514,-1.25664,0.0,-0.06981,179.8737,0.9675,stand_7,362.1121,0.0,-0.06981,0.0,-0.06981,Sidewalk
516.0,118.1288,3.0514,-1.25664,0.0,-0.0,179.8737,0.9675,stand_7,362.0995,0.0,-0.0,0.0,-0.0,Sidewalk
516.5,118.1288,3.0514,-1.29154,0.0,-0.06981,179.8737,0.9675,stand_7,362.1121,0.0,-0.06981,0.0,-0.06981,Sidewalk
517.0,118.1288,3.0514,-1.29154,0.0,-0.0,179.8737,0.9675,stand_7,362.0995,0.0,-0.0,0.0,-0.0,Sidewalk
517.5,118.1288,3.0514,-1.32645,0.0,-0.06981,179.8737,0.9675,stand_7,362.1121,0.0,-0.06981,0.0,-0.06981,Sidewalk
518.0,118.1288,3.0514,-1.32645,0.0,-0.0,179.8737,0.9675,stand_7,362.0995,0.0,-0.0,0.0,-0.0,Sidewalk
518.5,118.1288,3.0514,-1.36136,0.0,-0.06981,179.8737,0.9675,stand_7,362.1121,0.0,-0.06981,0.0,-0.06981,Sidewalk
519.0,118.1288,3.0514,-1.36136,0.0,-0.0,179.8737,0.9675,stand_7,362.0995,0.0,-0.0,0.0,-0.0,Sidewalk
519.5,118.1288,3.0514,-1.39626,0.0,-0.06981,179.8737,0.9675,stand_7,362.1121,0.0,-0.06981,0.0,-0.06981,Sidewalk
520.0,118.1288,3.0514,-1.39626,0.0,-0.0,179.8737,0.9675,stand_7,362.0995,0.0,-0.0,0.0,-0.0,Sidewalk
520.5,118.1288,3.0514,-1.43117,0.0,-0.06981,179.8737,0.9675,stand_7,362.1121,0.0,-0.06981,0.0,-0.06981,Sidewalk
521.0,118.1288,3.0514,-1.43117,0.0,-0.0,179.8737,0.9675,stand_7,362.0995,0.0,-0.0,0.0,-0.0,Sidewalk
521.5,118.1288,3.0514,-1.46608,0.0,-0.06981,179.8737,0.9675,stand_7,362.112,0.0,-0.06981,0.0,-0.06981,Sidewalk
522.0,118.1288,3.0514,-1.46608,0.0,-0.0,179.8737,0.9675,stand_7,362.0995,0.0,-0.0,0.0,-0.0,Sidewalk
522.5,118.1288,3.0514,-1.50098,0.0,-0.06981,179.8737,0.9675,stand_7,362.112,0.0,-0.06981,0.0,-0.06981,Sidewalk
523.0,118.1288,3.0514,-1.50098,0.0,-0.0,179.8737,0.9675,stand_7,362.0995,0.0,-0.0,0.0,-0.0,Sidewalk
523.5,118.1288,3.0514,-1.53589,0.0,-0.06981,179.8737,0.9675,stand_7,362.112,0.0,-0.06981,0.0,-0.06981,Sidewalk
524.0,118.1288,3.0514,-1.53589,0.0,-0.0,179.8737,0.9675,stand_7,362.0995,0.0,-0.0,0.0,-0.0,Sidewalk
524.5,118.1288,3.0514,-1.5708,0.0,-0.06981,179.8737,0.9675,stand_7,362.112,0.0,-0.06981,0.0,-0.06981,Sidewalk
525.0,118.1288,3.0514,-1.5708,0.0,-0.0,179.8737,0.9675,stand_7,362.0994,0.0,-0.0,0.0,-0.0,Sidewalk
525.5,118.1288,3.0514,-1.6057,0.0,-0.06981,179.8737,0.9675,stand_7,362.112,0.0,-0.06981,0.0,-0.06981,Sidewalk
526.0,118.1288,3.0514,-1.6057,0.0,-0.0,179.8737,0.9675,stand_7,362.0994,0.0,-0.0,0.0,-0.0,Sidewalk
526.5,118.1288,3.0514,-1.64061,0.0,-0.06981,179.8737,0.9675,stand_7,362.112,0.0,-0.06981,0.0,-0.06981,Sidewalk
527.0,118.1288,3.0514,-1.64061,0.0,-0.0,179.8737,0.9675,stand_7,362.0994,0.0,-0.0,0.0,-0.0,Sidewalk
527.5,118.1288,3.0514,-1.67552,0.0,-0.06981,179.8737,0.9675,stand_7,362.112,0.0,-0.06981,0.0,-0.06981,Sidewalk
528.0,118.1288,3.0514,-1.67552,0.0,-0.0,179.8737,0.9675,stand_7,362.0994,0.0,-0.0,0.0,-0.0,Sidewalk
528.5,118.1288,3.0514,-1.71042,0.0,-0.06981,179.8737,0.9675,stand_7,362.112,0.0,-0.06981,0.0,-0.06981,Sidewalk
529.0,118.1288,3.0514,-1.71042,0.0,-0.0,179.8737,0.9675,stand_7,362.0994,0.0,-0.0,0.0,-0.0,Sidewalk
529.5,118.1288,3.0514,-1.74533,0.0,-0.06981,179.8737,0.9675,stand_7,362.112,0.0,-0.06981,0.0,-0.06981,Sidewalk
530.0,118.1288,3.0514,-1.74533,0.0,-0.0,179.8737,0.9675,stand_7,362.0994,0.0,-0.0,0.0,-0.0,Sidewalk
530.5,118.1288,3.0514,-1.78024,0.0,-0.06981,179.8737,0.9675,stand_7,362.112,0.0,-0.06981,0.0,-0.06981,Sidewalk
531.0,118.1288,3.0514,-1.78024,0.0,-0.0,179.8737,0.9675,stand_7,362.0994,0.0,-0.0,0.0,-0.0,Sidewalk
531.5,118.1288,3.0514,-1.81514,0.0,-0.06981,179.8737,0.9675,stand_7,362.112,0.0,-0.06981,0.0,-0.06981,Sidewalk
532.0,118.1288,3.0514,-1.81514,0.0,-0.0,179.8737,0.9675,stand_7,362.0994,0.0,-0.0,0.0,-0.0,Sidewalk
532.5,118.1288,3.0514,-1.85005,0.0,-0.06981,179.8737,0.9675,stand_7,362.1119,0.0,-0.06981,0.0,-0.06981,Sidewalk
533.0,118.1288,3.0514,-1.85005,0.0,-0.0,179.8737,0.9675,stand_7,362.0994,0.0,-0.0,0.0,-0.0,Sidewalk
533.5,118.1288,3.0514,-1.88496,0.0,-0.06981,179.8737,0.9675,stand_7,362.1119,0.0,-0.06981,0.0,-0.06981,Sidewalk
534.0,118.1288,3.0514,-1.88496,0.0,-0.0,179.8737,0.9675,stand_7,362.0994,0.0,-0.0,0.0,-0.0,Sidewalk
534.5,118.1288,3.0514,-1.91986,0.0,-0.06981,179.8737,0.9675,stand_7,362.1119,0.0,-0.06981,0.0,-0.06981,Sidewalk
535.0,118.1288,3.0514,-1.91986,0.0,-0.0,179.8737,0.9675,stand_7,362.0994,0.0,-0.0,0.0,-0.0,Sidewalk
535.5,118.1288,3.0514,-1.95477,0.0,-0.06981,179.8737,0.9675,stand_7,362.1119,0.0,-0.06981,0.0,-0.06981,Sidewalk
536.0,118.1288,3.0514,-1.95477,0.0,-0.0,179.8737,0.9675,stand_7,362.0993,0.0,-0.0,0.0,-0.0,Sidewalk
536.5,118.1288,3.0514,-1.98968,0.0,-0.06981,179.8737,0.9675,stand_7,362.1119,0.0,-0.06981,0.0,-0.06981,Sidewalk
537.0,118.1288,3.0514,-1.98968,0.0,-0.0,179.8737,0.9675,stand_7,362.0993,0.0,-0.0,0.0,-0.0,Sidewalk
537.5,118.1288,3.0514,-2.02458,0.0,-0.06981,179.8737,0.9675,stand_7,362.1119,0.0,-0.06981,0.0,-0.06981,Sidewalk
538.0,118.1288,3.0514,-2.02458,0.0,-0.0,179.8737,0.9675,stand_7,362.0993,0.0,-0.0,0.0,-0.0,Sidewalk
538.5,118.1288,3.0514,-2.05949,0.0,-0.06981,179.8737,0.9675,stand_7,362.1119,0.0,-0.06981,0.0,-0.06981,Sidewalk
539.0,118.1288,3.0514,-2.05949,0.0,-0.0,179.8737,0.9675,stand_7,362.0993,0.0,-0.0,0.0,-0.0,Sidewalk
539.5,118.1288,3.0514,-2.0944,0.0,-0.06981,179.8737,0.9675,stand_7,362.1119,0.0,-0.06981,0.0,-0.06981,Sidewalk
540.0,118.1288,3.0514,-2.0944,0.0,-0.0,179.8737,0.9675,stand_7,362.0993,0.0,-0.0,0.0,-0.0,Sidewalk
540.5,118.1288,3.0514,-2.1293,0.0,-0.06981,179.8737,0.9675,stand_7,362.1119,0.0,-0.06981,0.0,-0.06981,Sidewalk
541.0,118.1288,3.0514,-2.1293,0.0,-0.0,179.8737,0.9675,stand_7,362.0993,0.0,-0.0,0.0,-0.0,Sidewalk
541.5,118.1288,3.0514,-2.16421,0.0,-0.06981,179.8737,0.9675,stand_7,362.1119,0.0,-0.06981,0.0,-0.06981,Sidewalk
542.0,118.1288,3.0514,-2.16421,0.0,-0.0,179.8737,0.9675,stand_7,362.0993,0.0,-0.0,0.0,-0.0,Sidewalk
542.5,118.1288,3.0514,-2.19911,0.0,-0.06981,179.8737,0.9675,stand_7,362.1119,0.0,-0.06981,0.0,-0.06981,Sidewalk
543.0,118.1288,3.0514,-2.19911,0.0,-0.0,179.8737,0.9675,stand_7,362.0993,0.0,-0.0,0.0,-0.0,Sidewalk
543.5,118.1288,3.0514,-2.23402,0.0,-0.06981,179.8737,0.9675,stand_7,362.1118,0.0,-0.06981,0.0,-0.06981,Sidewalk
544.0,118.1288,3.0514,-2.23402,0.0,-0.0,179.8737,0.9675,stand_7,362.0993,0.0,-0.0,0.0,-0.0,Sidewalk
544.5,118.1288,3.0514,-2.26893,0.0,-0.06981,179.8737,0.9675,stand_7,362.1118,0.0,-0.06981,0.0,-0.06981,Sidewalk
545.0,118.1288,3.0514,-2.26893,0.0,-0.0,179.8737,0.9675,stand_7,362.0993,0.0,-0.0,0.0,-0.0,Sidewalk
545.5,118.1288,3.0514,-2.30383,0.0,-0.06981,179.8737,0.9675,stand_7,362.1118,0.0,-0.06981,0.0,-0.06981,Sidewalk
546.0,118.1288,3.0514,-2.30383,0.0,-0.0,179.8737,0.9675,stand_7,362.0993,0.0,-0.0,0.0,-0.0,Sidewalk
546.5,118.1288,3.0514,-2.33874,0.0,-0.06981,179.8737,0.9675,stand_7,362.1118,0.0,-0.06981,0.0,-0.06981,Sidewalk
547.0,118.1288,3.0514,-2.33874,0.0,-0.0,179.8737,0.9676,stand_7,362.0992,0.0,-0.0,0.0,-0.0,Sidewalk
547.5,118.1288,3.0514,-2.37365,0.0,-0.06981,179.8737,0.9676,stand_7,362.1118,0.0,-0.06981,0.0,-0.06981,Sidewalk
548.0,118.1288,3.0514,-2.37365,0.0,-0.0,179.8737,0.9676,stand_7,362.0992,0.0,-0.0,0.0,-0.0,Sidewalk
548.5,118.1288,3.0514,-2.40855,0.0,-0.06981,179.8737,0.9676,stand_7,362.1118,0.0,-0.06981,0.0,-0.06981,Sidewalk
549.0,118.1288,3.0514,-2.40855,0.0,-0.0,179.8737,0.9676,stand_7,362.0992,0.0,-0.0,0.0,-0.0,Sidewalk
549.5,118.1288,3.0514,-2.44346,0.0,-0.06981,179.8737,0.9676,stand_7,362.1118,0.0,-0.06981,0.0,-0.06981,Sidewalk
550.0,118.1288,3.0514,-2.44346,0.0,-0.0,179.8737,0.9676,stand_7,362.0992,0.0,-0.0,0.0,-0.0,Sidewalk
550.5,118.1288,3.0514,-2.47837,0.0,-0.06981,179.8737,0.9676,stand_7,362.1118,0.0,-0.06981,0.0,-0.06981,Sidewalk
551.0,118.1288,3.0514,-2.47837,0.0,-0.0,179.8737,0.9676,stand_7,362.0992,0.0,-0.0,0.0,-0.0,Sidewalk
551.5,118.1288,3.0514,-2.51327,0.0,-0.06981,179.8737,0.9676,stand_7,362.1118,0.0,-0.06981,0.0,-0.06981,Sidewalk
552.0,118.1288,3.0514,-2.51327,0.0,-0.0,179.8737,0.9676,stand_7,362.0992,0.0,-0.0,0.0,-0.0,Sidewalk
552.5,118.1288,3.0514,-2.54818,0.0,-0.06981,179.8737,0.9676,stand_7,362.1118,0.0,-0.06981,0.0,-0.06981,Sidewalk
553.0,118.1288,3.0514,-2.54818,0.0,-0.0,179.8737,0.9676,stand_7,362.0992,0.0,-0.0,0.0,-0.0,Sidewalk
553.5,118.1288,3.0514,-2.58309,0.0,-0.06981,179.8737,0.9676,stand_7,362.1118,0.0,-0.06981,0.0,-0.06981,Sidewalk
554.0,118.1288,3.0514,-2.58309,0.0,-0.0,179.8737,0.9676,stand_7,362.0992,0.0,-0.0,0.0,-0.0,Sidewalk
554.5,118.1288,3.0514,-2.61799,0.0,-0.06981,179.8737,0.9676,stand_7,362.1117,0.0,-0.06981,0.0,-0.06981,Sidewalk
555.0,118.1288,3.0514,-2.61799,0.0,-0.0,179.8737,0.9676,stand_7,362.0992,0.0,-0.0,0.0,-0.0,Sidewalk
555.5,118.1288,3.0514,-2.6529,0.0,-0.06981,179.8737,0.9676,stand_7,362.1117,0.0,-0.06981,0.0,-0.06981,Sidewalk
556.0,118.1288,3.0514,-2.6529,0.0,-0.0,179.8737,0.9676,stand_7,362.0992,0.0,-0.0,0.0,-0.0,Sidewalk
556.5,118.1288,3.0514,-2.68781,0.0,-0.06981,179.8737,0.9676,stand_7,362.1117,0.0,-0.06981,0.0,-0.06981,Sidewalk
557.0,118.1288,3.0514,-2.68781,0.0,-0.0,179.8737,0.9676,stand_7,362.0992,0.0,-0.0,0.0,-0.0,Sidewalk
557.5,118.1288,3.0514,-2.72271,0.0,-0.06981,179.8737,0.9676,stand_7,362.1117,0.0,-0.06981,0.0,-0.06981,Sidewalk
558.0,118.1288,3.0514,-2.72271,0.0,-0.0,179.8737,0.9676,stand_7,362.0991,0.0,-0.0,0.0,-0.0,Sidewalk
558.5,118.1288,3.0514,-2.75762,0.0,-0.06981,179.8737,0.9676,stand_7,362.1117,0.0,-0.06981,0.0,-0.06981,Sidewalk
559.0,118.1288,3.0514,-2.75762,0.0,-0.0,179.8737,0.9676,stand_7,362.0991,0.0,-0.0,0.0,-0.0,Sidewalk
559.5,118.1288,3.0514,-2.79253,0.0,-0.06981,179.8737,0.9676,stand_7,362.1117,0.0,-0.06981,0.0,-0.06981,Sidewalk
560.0,118.1288,3.0514,-2.79253,0.0,-0.0,179.8737,0.9676,stand_7,362.0991,0.0,-0.0,0.0,-0.0,Sidewalk
560.5,118.1288,3.0514,-2.82743,0.0,-0.06981,179.8737,0.9676,stand_7,362.1117,0.0,-0.06981,0.0,-0.06981,Sidewalk
561.0,118.1288,3.0514,-2.82743,0.0,-0.0,179.8737,0.9676,stand_7,362.0991,0.0,-0.0,0.0,-0.0,Sidewalk
561.5,118.1288,3.0514,-2.86234,0.0,-0.06981,179.8737,0.9676,stand_7,362.1117,0.0,-0.06981,0.0,-0.06981,Sidewalk
562.0,118.1288,3.0514,-2.86234,0.0,-0.0,179.8737,0.9676,stand_7,362.0991,0.0,-0.0,0.0,-0.0,Sidewalk
562.5,118.1288,3.0514,-2.89725,0.0,-0.06981,179.8737,0.9676,stand_7,362.1117,0.0,-0.06981,0.0,-0.06981,Sidewalk
563.0,118.1288,3.0514,-2.89725,0.0,-0.0,179.8737,0.9676,stand_7,362.0991,0.0,-0.0,0.0,-0.0,Sidewalk
563.5,118.1288,3.0514,-2.93215,0.0,-0.06981,179.8737,0.9676,stand_7,362.1117,0.0,-0.06981,0.0,-0.06981,Sidewalk
564.0,118.1288,3.0514,-2.93215,0.0,-0.0,179.8737,0.9676,stand_7,362.0991,0.0,-0.0,0.0,-0.0,Sidewalk
564.5,118.1288,3.0514,-2.96706,0.0,-0.06981,179.8737,0.9676,stand_7,362.1117,0.0,-0.06981,0.0,-0.06981,Sidewalk
565.0,118.1288,3.0514,-2.96706,0.0,-0.0,179.8737,0.9676,stand_7,362.0991,0.0,-0.0,0.0,-0.0,Sidewalk
565.5,118.1288,3.0514,-3.00197,0.0,-0.06981,179.8737,0.9676,stand_7,362.1117,0.0,-0.06981,0.0,-0.06981,Sidewalk
566.0,118.1288,3.0514,-3.00197,0.0,-0.0,179.8737,0.9676,stand_7,362.0991,0.0,-0.0,0.0,-0.0,Sidewalk
566.5,118.1288,3.0514,-3.03687,0.0,-0.06981,179.8737,0.9676,stand_7,362.1116,0.0,-0.06981,0.0,-0.06981,Sidewalk
567.0,118.1288,3.0514,-3.03687,0.0,-0.0,179.8737,0.9676,stand_7,362.0991,0.0,-0.0,0.0,-0.0,Sidewalk
567.5,118.1288,3.0514,-3.07178,0.0,-0.06981,179.8737,0.9676,stand_7,362.1116,0.0,-0.06981,0.0,-0.06981,Sidewalk
568.0,118.1288,3.0514,-3.07178,0.0,-0.0,179.8737,0.9676,stand_7,362.0991,0.0,-0.0,0.0,-0.0,Sidewalk
568.5,118.1288,3.0514,-3.10669,0.0,-0.06981,179.8737,0.9676,stand_7,362.1116,0.0,-0.06981,0.0,-0.06981,Sidewalk
569.0,118.1288,3.0514,-3.10669,0.0,-0.0,179.8737,0.9676,stand_7,362.0991,0.0,-0.0,0.0,-0.0,Sidewalk
569.5,118.1288,3.0514,3.14159,0.0,-0.06981,179.8737,0.9676,stand_7,362.1116,0.0,-0.06981,0.0,-0.06981,Sidewalk
570.0,118.1288,3.0514,3.14159,0.0,-0.0,179.8737,0.9676,stand_7,362.0991,0.0,-0.0,0.0,-0.0,Sidewalk
570.5,118.1288,3.0514,3.10669,0.0,-0.06981,179.8737,0.9676,stand_7,362.1116,0.0,-0.06981,0.0,-0.06981,Sidewalk
571.0,118.1288,3.0514,3.10669,0.0,-0.0,179.8737,0.9676,stand_7,362.099,0.0,-0.0,0.0,-0.0,Sidewalk
571.5,118.1288,3.0514,3.07178,0.0,-0.06981,179.8737,0.9676,stand_7,362.1116,0.0,-0.06981,0.0,-0.06981,Sidewalk
572.0,118.1288,3.0514,3.07178,0.0,-0.0,179.8737,0.9676,stand_7,362.099,0.0,-0.0,0.0,-0.0,Sidewalk
572.5,118.1288,3.0514,3.03687,0.0,-0.06981,179.8737,0.9676,stand_7,362.1116,0.0,-0.06981,0.0,-0.06981,Sidewalk
573.0,118.1288,3.0514,3.03687,0.0,-0.0,179.8737,0.9676,stand_7,362.099,0.0,-0.0,0.0,-0.0,Sidewalk
573.5,118.1288,3.0514,3.00197,0.0,-0.06981,179.8737,0.9676,stand_7,362.1116,0.0,-0.06981,0.0,-0.06981,Sidewalk
574.0,118.1288,3.0514,3.00197,0.0,-0.0,179.8737,0.9676,stand_7,362.099,0.0,-0.0,0.0,-0.0,Sidewalk
574.5,118.1288,3.0514,2.96706,0.0,-0.06981,179.8737,0.9676,stand_7,362.1116,0.0,-0.06981,0.0,-0.06981,Sidewalk
575.0,118.1288,3.0514,2.96706,0.0,-0.0,179.8737,0.9676,stand_7,362.099,0.0,-0.0,0.0,-0.0,Sidewalk
575.5,118.1288,3.0514,2.93215,0.0,-0.06981,179.8737,0.9676,stand_7,362.1116,0.0,-0.06981,0.0,-0.06981,Sidewalk
576.0,118.1288,3.0514,2.93215,0.0,-0.0,179.8737,0.9676,stand_7,362.099,0.0,-0.0,0.0,-0.0,Sidewalk
576.5,118.1288,3.0514,2.89725,0.0,-0.06981,179.8737,0.9676,stand_7,362.1116,0.0,-0.06981,0.0,-0.06981,Sidewalk
577.0,118.1288,3.0514,2.89725,0.0,-0.0,179.8737,0.9676,stand_7,362.099,0.0,-0.0,0.0,-0.0,Sidewalk
577.5,118.1288,3.0514,2.86234,0.0,-0.06981,179.8737,0.9676,stand_7,362.1116,0.0,-0.06981,0.0,-0.06981,Sidewalk
578.0,118.1288,3.0514,2.86234,0.0,-0.0,179.8737,0.9676,stand_7,362.099,0.0,-0.0,0.0,-0.0,Sidewalk
578.5,118.1288,3.0514,2.82743,0.0,-0.06981,179.8737,0.9676,stand_7,362.1115,0.0,-0.06981,0.0,-0.06981,Sidewalk
579.0,118.1288,3.0514,2.82743,0.0,-0.0,179.8737,0.9676,stand_7,362.099,0.0,-0.0,0.0,-0.0,Sidewalk
579.5,118.1288,3.0514,2.79253,0.0,-0.06981,179.8737,0.9676,stand_7,362.1115,0.0,-0.06981,0.0,-0.06981,Sidewalk
580.0,118.1288,3.0514,2.79253,0.0,-0.0,179.8737,0.9676,stand_7,362.099,0.0,-0.0,0.0,-0.0,Sidewalk
580.5,118.1288,3.0514,2.75762,0.0,-0.06981,179.8737,0.9676,stand_7,362.1115,0.0,-0.06981,0.0,-0.06981,Sidewalk
581.0,118.1288,3.0514,2.75762,0.0,-0.0,179.8737,0.9677,stand_7,362.099,0.0,-0.0,0.0,-0.0,Sidewalk
581.5,118.1288,3.0514,2.72271,0.0,-0.06981,179.8737,0.9677,stand_7,362.1115,0.0,-0.06981,0.0,-0.06981,Sidewalk
582.0,118.1288,3.0514,2.72271,0.0,-0.0,179.8737,0.9677,stand_7,362.0989,0.0,-0.0,0.0,-0.0,Sidewalk
582.5,118.1288,3.0514,2.68781,0.0,-0.06981,179.8737,0.9677,stand_7,362.1115,0.0,-0.06981,0.0,-0.06981,Sidewalk
583.0,118.1288,3.0514,2.68781,0.0,-0.0,179.8737,0.9677,stand_7,362.0989,0.0,-0.0,0.0,-0.0,Sidewalk
583.5,118.1288,3.0514,2.6529,0.0,-0.06981,179.8737,0.9677,stand_7,362.1115,0.0,-0.06981,0.0,-0.06981,Sidewalk
584.0,118.1288,3.0514,2.6529,0.0,-0.0,179.8737,0.9677,stand_7,362.0989,0.0,-0.0,0.0,-0.0,Sidewalk
584.5,118.1288,3.0514,2.61799,0.0,-0.06981,179.8737,0.9677,stand_7,362.1115,0.0,-0.06981,0.0,-0.06981,Sidewalk
585.0,118.1288,3.0514,2.61799,0.0,-0.0,179.8737,0.9677,stand_7,362.0989,0.0,-0.0,0.0,-0.0,Sidewalk
585.5,118.1288,3.0514,2.58309,0.0,-0.06981,179.8737,0.9677,stand_7,362.1115,0.0,-0.06981,0.0,-0.06981,Sidewalk
586.0,118.1288,3.0514,2.58309,0.0,-0.0,179.8737,0.9677,stand_7,362.0989,0.0,-0.0,0.0,-0.0,Sidewalk
586.5,118.1288,3.0514,2.54818,0.0,-0.06981,179.8737,0.9677,stand_7,362.1115,0.0,-0.06981,0.0,-0.06981,Sidewalk
587.0,118.1288,3.0514,2.54818,0.0,-0.0,179.8737,0.9677,stand_7,362.0989,0.0,-0.0,0.0,-0.0,Sidewalk
587.5,118.1288,3.0514,2.51327,0.0,-0.06981,179.8737,0.9677,stand_7,362.1115,0.0,-0.06981,0.0,-0.06981,Sidewalk
588.0,118.1288,3.0514,2.51327,0.0,-0.0,179.8737,0.9677,stand_7,362.0989,0.0,-0.0,0.0,-0.0,Sidewalk
588.5,118.1288,3.0514,2.47837,0.0,-0.06981,179.8737,0.9677,stand_7,362.1114,0.0,-0.06981,0.0,-0.06981,Sidewalk
589.0,118.1288,3.0514,2.47837,0.0,-0.0,179.8737,0.9677,stand_7,362.0989,0.0,-0.0,0.0,-0.0,Sidewalk
589.5,118.1288,3.0514,2.44346,0.0,-0.06981,179.8737,0.9677,stand_7,362.1114,0.0,-0.06981,0.0,-0.06981,Sidewalk
590.0,118.1288,3.0514,2.44346,0.0,-0.0,179.8737,0.9677,stand_7,362.0989,0.0,-0.0,0.0,-0.0,Sidewalk
590.5,118.1288,3.0514,2.40855,0.0,-0.06981,179.8737,0.9677,stand_7,362.1114,0.0,-0.06981,0.0,-0.06981,Sidewalk
591.0,118.1288,3.0514,2.40855,0.0,-0.0,179.8737,0.9677,stand_7,362.0989,0.0,-0.0,0.0,-0.0,Sidewalk
591.5,118.1288,3.0514,2.37365,0.0,-0.06981,179.8737,0.9677,stand_7,362.1114,0.0,-0.06981,0.0,-0.06981,Sidewalk
592.0,118.1288,3.0514,2.37365,0.0,-0.0,179.8737,0.9677,stand_7,362.0988,0.0,-0.0,0.0,-0.0,Sidewalk
592.5,118.1288,3.0514,2.33874,0.0,-0.06981,179.8737,0.9677,stand_7,362.1114,0.0,-0.06981,0.0,-0.06981,Sidewalk
593.0,118.1288,3.0514,2.33874,0.0,-0.0,179.8737,0.9677,stand_7,362.0988,0.0,-0.0,0.0,-0.0,Sidewalk
593.5,118.1288,3.0514,2.30383,0.0,-0.06981,179.8737,0.9677,stand_7,362.1114,0.0,-0.06981,0.0,-0.06981,Sidewalk
594.0,118.1288,3.0514,2.30383,0.0,-0.0,179.8737,0.9677,stand_7,362.0988,0.0,-0.0,0.0,-0.0,Sidewalk
594.5,118.1288,3.0514,2.26893,0.0,-0.06981,179.8737,0.9677,stand_7,362.1114,0.0,-0.06981,0.0,-0.06981,Sidewalk
595.0,118.1288,3.0514,2.26893,0.0,-0.0,179.8737,0.9677,stand_7,362.0988,0.0,-0.0,0.0,-0.0,Sidewalk
595.5,118.1288,3.0514,2.23402,0.0,-0.06981,179.8737,0.9677,stand_7,362.1114,0.0,-0.06981,0.0,-0.06981,Sidewalk
596.0,118.1288,3.0514,2.23402,0.0,-0.0,179.8737,0.9677,stand_7,362.0988,0.0,-0.0,0.0,-0.0,Sidewalk
596.5,118.1288,3.0514,2.19911,0.0,-0.06981,179.8737,0.9677,stand_7,362.1114,0.0,-0.06981,0.0,-0.06981,Sidewalk
597.0,118.1288,3.0514,2.19911,0.0,-0.0,179.8737,0.9677,stand_7,362.0988,0.0,-0.0,0.0,-0.0,Sidewalk
597.5,118.1288,3.0514,2.16421,0.0,-0.06981,179.8737,0.9677,stand_7,362.1114,0.0,-0.06981,0.0,-0.06981,Sidewalk
598.0,118.1288,3.0514,2.16421,0.0,-0.0,179.8737,0.9677,stand_7,362.0988,0.0,-0.0,0.0,-0.0,Sidewalk
598.5,118.1288,3.0514,2.1293,0.0,-0.06981,179.8737,0.9677,stand_7,362.1114,0.0,-0.06981,0.0,-0.06981,Sidewalk
599.0,118.1288,3.0514,2.1293,0.0,-0.0,179.8737,0.9677,stand_7,362.0988,0.0,-0.0,0.0,-0.0,Sidewalk
599.5,118.1288,3.0514,2.0944,0.0,-0.06981,179.8737,0.9677,stand_7,362.1113,0.0,-0.06981,0.0,-0.06981,Sidewalk
600.0,118.1288,3.0514,2.0944,0.0,-0.0,179.8737,0.9677,stand_7,362.0988,0.0,-0.0,0.0,-0.0,Sidewalk
600.5,118.1288,3.0514,2.05949,0.0,-0.06981,179.8737,0.9677,stand_7,362.1113,0.0,-0.06981,0.0,-0.06981,Sidewalk
601.0,118.1288,3.0514,2.05949,0.0,-0.0,179.8737,0.9677,stand_7,362.0988,0.0,-0.0,0.0,-0.0,Sidewalk
601.5,118.1288,3.0514,2.02458,0.0,-0.06981,179.8737,0.9677,stand_7,362.1113,0.0,-0.06981,0.0,-0.06981,Sidewalk
602.0,118.1288,3.0514,2.02458,0.0,-0.0,179.8737,0.9677,stand_7,362.0988,0.0,-0.0,0.0,-0.0,Sidewalk
602.5,118.1288,3.0514,1.98968,0.0,-0.06981,179.8737,0.9677,stand_7,362.1113,0.0,-0.06981,0.0,-0.06981,Sidewalk
603.0,118.1288,3.0514,1.98968,0.0,-0.0,179.8737,0.9677,stand_7,362.0987,0.0,-0.0,0.0,-0.0,Sidewalk
603.5,118.1288,3.0514,1.95477,0.0,-0.06981,179.8737,0.9677,stand_7,362.1113,0.0,-0.06981,0.0,-0.06981,Sidewalk
604.0,118.1288,3.0514,1.95477,0.0,-0.0,179.8737,0.9677,stand_7,362.0987,0.0,-0.0,0.0,-0.0,Sidewalk
604.5,118.1288,3.0514,1.91986,0.0,-0.06981,179.8737,0.9677,stand_7,362.1113,0.0,-0.06981,0.0,-0.06981,Sidewalk
605.0,118.1288,3.0514,1.91986,0.0,-0.0,179.8737,0.9677,stand_7,362.0987,0.0,-0.0,0.0,-0.0,Sidewalk
605.5,118.1288,3.0514,1.88496,0.0,-0.06981,179.8737,0.9677,stand_7,362.1113,0.0,-0.06981,0.0,-0.06981,Sidewalk
606.0,118.1288,3.0514,1.88496,0.0,-0.0,179.8737,0.9677,stand_7,362.0987,0.0,-0.0,0.0,-0.0,Sidewalk
606.5,118.1288,3.0514,1.85005,0.0,-0.06981,179.8737,0.9677,stand_7,362.1113,0.0,-0.06981,0.0,-0.06981,Sidewalk
607.0,118.1288,3.0514,1.85005,0.0,-0.0,179.8737,0.9677,stand_7,362.0987,0.0,-0.0,0.0,-0.0,Sidewalk
607.5,118.1288,3.0514,1.81514,0.0,-0.06981,179.8737,0.9677,stand_7,362.1113,0.0,-0.06981,0.0,-0.06981,Sidewalk
608.0,118.1288,3.0514,1.81514,0.0,-0.0,179.8737,0.9677,stand_7,362.0987,0.0,-0.0,0.0,-0.0,Sidewalk
608.5,118.1288,3.0514,1.78024,0.0,-0.06981,179.8737,0.9677,stand_7,362.1113,0.0,-0.06981,0.0,-0.06981,Sidewalk
609.0,118.1288,3.0514,1.78024,0.0,-0.0,179.8737,0.9677,stand_7,362.0987,0.0,-0.0,0.0,-0.0,Sidewalk
609.5,118.1288,3.0514,1.74533,0.0,-0.06981,179.8737,0.9677,stand_7,362.1113,0.0,-0.06981,0.0,-0.06981,Sidewalk
610.0,118.1288,3.0514,1.74533,0.0,-0.0,179.8737,0.9677,stand_7,362.0987,0.0,-0.0,0.0,-0.0,Sidewalk
610.5,118.1288,3.0514,1.71042,0.0,-0.06981,179.8737,0.9677,stand_7,362.1113,0.0,-0.06981,0.0,-0.06981,Sidewalk
611.0,118.1288,3.0514,1.71042,0.0,-0.0,179.8737,0.9677,stand_7,362.0987,0.0,-0.0,0.0,-0.0,Sidewalk
611.5,118.1288,3.0514,1.67552,0.0,-0.06981,179.8737,0.9677,stand_7,362.1112,0.0,-0.06981,0.0,-0.06981,Sidewalk
612.0,118.1288,3.0514,1.67552,0.0,-0.0,179.8737,0.9677,stand_7,362.0987,0.0,-0.0,0.0,-0.0,Sidewalk
612.5,118.1288,3.0514,1.64061,0.0,-0.06981,179.8737,0.9677,stand_7,362.1112,0.0,-0.06981,0.0,-0.06981,Sidewalk
613.0,118.1288,3.0514,1.64061,0.0,-0.0,179.8737,0.9677,stand_7,362.0987,0.0,-0.0,0.0,-0.0,Sidewalk
613.5,118.1288,3.0514,1.6057,0.0,-0.06981,179.8737,0.9678,stand_7,362.1112,0.0,-0.06981,0.0,-0.06981,Sidewalk
614.0,118.1288,3.0514,1.6057,0.0,-0.0,179.8737,0.9678,stand_7,362.0987,0.0,-0.0,0.0,-0.0,Sidewalk
614.5,118.1288,3.0514,1.5708,0.0,-0.06981,179.8737,0.9678,stand_7,362.1112,0.0,-0.06981,0.0,-0.06981,Sidewalk
615.0,118.1288,3.0514,1.5708,0.0,-0.0,179.8737,0.9678,stand_7,362.0987,0.0,-0.0,0.0,-0.0,Sidewalk
615.5,118.1288,3.0514,1.53589,0.0,-0.06981,179.8737,0.9678,stand_7,362.1112,0.0,-0.06981,0.0,-0.06981,Sidewalk
616.0,118.1288,3.0514,1.53589,0.0,-0.0,179.8737,0.9678,stand_7,362.0986,0.0,-0.0,0.0,-0.0,Sidewalk
616.5,118.1288,3.0514,1.50098,0.0,-0.06981,179.8737,0.9678,stand_7,362.1112,0.0,-0.06981,0.0,-0.06981,Sidewalk
617.0,118.1288,3.0514,1.50098,0.0,-0.0,179.8737,0.9678,stand_7,362.0986,0.0,-0.0,0.0,-0.0,Sidewalk
617.5,118.1288,3.0514,1.46608,0.0,-0.06981,179.8737,0.9678,stand_7,362.1112,0.0,-0.06981,0.0,-0.06981,Sidewalk
618.0,118.1288,3.0514,1.46608,0.0,-0.0,179.8737,0.9678,stand_7,362.0986,0.0,-0.0,0.0,-0.0,Sidewalk
618.5,118.1288,3.0514,1.43117,0.0,-0.06981,179.8737,0.9678,stand_7,362.1112,0.0,-0.06981,0.0,-0.06981,Sidewalk
619.0,118.1288,3.0514,1.43117,0.0,-0.0,179.8737,0.9678,stand_7,362.0986,0.0,-0.0,0.0,-0.0,Sidewalk
619.5,118.1288,3.0514,1.39626,0.0,-0.06981,179.8737,0.9678,stand_7,362.1112,0.0,-0.06981,0.0,-0.06981,Sidewalk
620.0,118.1288,3.0514,1.39626,0.0,-0.0,179.8737,0.9678,stand_7,362.0986,0.0,-0.0,0.0,-0.0,Sidewalk
620.5,118.1288,3.0514,1.36136,0.0,-0.06981,179.8737,0.9678,stand_7,362.1112,0.0,-0.06981,0.0,-0.06981,Sidewalk
621.0,118.1288,3.0514,1.36136,0.0,-0.0,179.8737,0.9678,stand_7,362.0986,0.0,-0.0,0.0,-0.0,Sidewalk
621.5,118.1288,3.0514,1.32645,0.0,-0.06981,179.8737,0.9678,stand_7,362.1112,0.0,-0.06981,0.0,-0.06981,Sidewalk
622.0,118.1288,3.0514,1.32645,0.0,-0.0,179.8737,0.9678,stand_7,362.0986,0.0,-0.0,0.0,-0.0,Sidewalk
622.5,118.1288,3.0514,1.29154,0.0,-0.06981,179.8737,0.9678,stand_7,362.1112,0.0,-0.06981,0.0,-0.06981,Sidewalk
623.0,118.1288,3.0514,1.29154,0.0,-0.0,179.8737,0.9678,stand_7,362.0986,0.0,-0.0,0.0,-0.0,Sidewalk
623.5,118.1288,3.0514,1.25664,0.0,-0.06981,179.8737,0.9678,stand_7,362.1112,0.0,-0.06981,0.0,-0.06981,Sidewalk
624.0,118.1288,3.0514,1.25664,0.0,-0.0,179.8737,0.9678,stand_7,362.0986,0.0,-0.0,0.0,-0.0,Sidewalk
624.5,118.1288,3.0514,1.22173,0.0,-0.06981,179.8737,0.9678,stand_7,362.1111,0.0,-0.06981,0.0,-0.06981,Sidewalk
625.0,118.1288,3.0514,1.22173,0.0,-0.0,179.8737,0.9678,stand_7,362.0986,0.0,-0.0,0.0,-0.0,Sidewalk
625.5,118.1288,3.0514,1.18682,0.0,-0.06981,179.8737,0.9678,stand_7,362.1111,0.0,-0.06981,0.0,-0.06981,Sidewalk
626.0,118.1288,3.0514,1.18682,0.0,-0.0,179.8737,0.9678,stand_7,362.0986,0.0,-0.0,0.0,-0.0,Sidewalk
626.5,118.1288,3.0514,1.15192,0.0,-0.06981,179.8737,0.9678,stand_7,362.1111,0.0,-0.06981,0.0,-0.06981,Sidewalk
627.0,118.1288,3.0514,1.15192,0.0,-0.0,179.8737,0.9678,stand_7,362.0986,0.0,-0.0,0.0,-0.0,Sidewalk
627.5,118.1288,3.0514,1.11701,0.0,-0.06981,179.8737,0.9678,stand_7,362.1111,0.0,-0.06981,0.0,-0.06981,Sidewalk
628.0,118.1288,3.0514,1.11701,0.0,-0.0,179.8737,0.9678,stand_7,362.0986,0.0,-0.0,0.0,-0.0,Sidewalk
628.5,118.1288,3.0514,1.0821,0.0,-0.06981,179.8737,0.9678,stand_7,362.1111,0.0,-0.06981,0.0,-0.06981,Sidewalk
629.0,118.1288,3.0514,1.0821,0.0,-0.0,179.8737,0.9678,stand_7,362.0985,0.0,-0.0,0.0,-0.0,Sidewalk
629.5,118.1288,3.0514,1.0472,0.0,-0.06981,179.8737,0.9678,stand_7,362.1111,0.0,-0.06981,0.0,-0.06981,Sidewalk
630.0,118.1288,3.0514,1.0472,0.0,-0.0,179.8737,0.9678,stand_7,362.0985,0.0,-0.0,0.0,-0.0,Sidewalk
630.5,118.1288,3.0514,1.01229,0.0,-0.06981,179.8737,0.9678,stand_7,362.1111,0.0,-0.06981,0.0,-0.06981,Sidewalk
631.0,118.1288,3.0514,1.01229,0.0,-0.0,179.8737,0.9678,stand_7,362.0985,0.0,-0.0,0.0,-0.0,Sidewalk
631.5,118.1288,3.0514,0.97738,0.0,-0.06981,179.8737,0.9678,stand_7,362.1111,0.0,-0.06981,0.0,-0.06981,Sidewalk
632.0,118.1288,3.0514,0.97738,0.0,-0.0,179.8737,0.9678,stand_7,362.0985,0.0,-0.0,0.0,-0.0,Sidewalk
632.5,118.1288,3.0514,0.94248,0.0,-0.06981,179.8737,0.9678,stand_7,362.1111,0.0,-0.06981,0.0,-0.06981,Sidewalk
633.0,118.1288,3.0514,0.94248,0.0,-0.0,179.8737,0.9678,stand_7,362.0985,0.0,-0.0,0.0,-0.0,Sidewalk
633.5,118.1288,3.0514,0.90757,0.0,-0.06981,179.8737,0.9678,stand_7,362.1111,0.0,-0.06981,0.0,-0.06981,Sidewalk
634.0,118.1288,3.0514,0.90757,0.0,-0.0,179.8737,0.9678,stand_7,362.0985,0.0,-0.0,0.0,-0.0,Sidewalk
634.5,118.1288,3.0514,0.87266,0.0,-0.06981,179.8737,0.9678,stand_7,362.1111,0.0,-0.06981,0.0,-0.06981,Sidewalk
635.0,118.1288,3.0514,0.87266,0.0,-0.0,179.8737,0.9678,stand_7,362.0985,0.0,-0.0,0.0,-0.0,Sidewalk
635.5,118.1288,3.0514,0.83776,0.0,-0.06981,179.8737,0.9678,stand_7,362.1111,0.0,-0.06981,0.0,-0.06981,Sidewalk
636.0,118.1288,3.0514,0.83776,0.0,-0.0,179.8737,0.9678,stand_7,362.0985,0.0,-0.0,0.0,-0.0,Sidewalk
636.5,118.1288,3.0514,0.80285,0.0,-0.06981,179.8737,0.9678,stand_7,362.111,0.0,-0.06981,0.0,-0.06981,Sidewalk
637.0,118.1288,3.0514,0.80285,0.0,-0.0,179.8737,0.9678,stand_7,362.0985,0.0,-0.0,0.0,-0.0,Sidewalk
637.5,118.1288,3.0514,0.76794,0.0,-0.06981,179.8737,0.9678,stand_7,362.111,0.0,-0.06981,0.0,-0.06981,Sidewalk
638.0,118.1288,3.0514,0.76794,0.0,-0.0,179.8737,0.9678,stand_7,362.0985,0.0,-0.0,0.0,-0.0,Sidewalk
638.5,118.1288,3.0514,0.73304,0.0,-0.06981,179.8737,0.9678,stand_7,362.111,0.0,-0.06981,0.0,-0.06981,Sidewalk
639.0,118.1288,3.0514,0.73304,0.0,-0.0,179.8737,0.9678,stand_7,362.0985,0.0,-0.0,0.0,-0.0,Sidewalk
639.5,118.1288,3.0514,0.69813,0.0,-0.06981,179.8737,0.9678,stand_7,362.111,0.0,-0.06981,0.0,-0.06981,Sidewalk
640.0,118.1288,3.0514,0.69813,0.0,-0.0,179.8737,0.9678,stand_7,362.0984,0.0,-0.0,0.0,-0.0,Sidewalk
640.5,118.1288,3.0514,0.66323,0.0,-0.06981,179.8737,0.9678,stand_7,362.111,0.0,-0.06981,0.0,-0.06981,Sidewalk
641.0,118.1288,3.0514,0.66323,0.0,-0.0,179.8737,0.9678,stand_7,362.0984,0.0,-0.0,0.0,-0.0,Sidewalk
641.5,118.1288,3.0514,0.62832,0.0,-0.06981,179.8737,0.9678,stand_7,362.111,0.0,-0.06981,0.0,-0.06981,Sidewalk
642.0,118.1288,3.0514,0.62832,0.0,-0.0,179.8737,0.9678,stand_7,362.0984,0.0,-0.0,0.0,-0.0,Sidewalk
642.5,118.1288,3.0514,0.59341,0.0,-0.06981,179.8737,0.9678,stand_7,362.111,0.0,-0.06981,0.0,-0.06981,Sidewalk
643.0,118.1288,3.0514,0.59341,0.0,-0.0,179.8737,0.9678,stand_7,362.0984,0.0,-0.0,0.0,-0.0,Sidewalk
643.5,118.1288,3.0514,0.55851,0.0,-0.06981,179.8737,0.9678,stand_7,362.111,0.0,-0.06981,0.0,-0.06981,Sidewalk
644.0,118.1288,3.0514,0.55851,0.0,-0.0,179.8737,0.9678,stand_7,362.0984,0.0,-0.0,0.0,-0.0,Sidewalk
644.5,118.1288,3.0514,0.5236,0.0,-0.06981,179.8737,0.9678,stand_7,362.111,0.0,-0.06981,0.0,-0.06981,Sidewalk
645.0,118.1288,3.0514,0.5236,0.0,-0.0,179.8737,0.9678,stand_7,362.0984,0.0,-0.0,0.0,-0.0,Sidewalk
645.5,118.1288,3.0514,0.48869,0.0,-0.06981,179.8737,0.9678,stand_7,362.111,0.0,-0.06981,0.0,-0.06981,Sidewalk
646.0,118.1288,3.0514,0.48869,0.0,-0.0,179.8737,0.9678,stand_7,362.0984,0.0,-0.0,0.0,-0.0,Sidewalk
646.5,118.1288,3.0514,0.45379,0.0,-0.06981,179.8737,0.9678,stand_7,362.111,0.0,-0.06981,0.0,-0.06981,Sidewalk
647.0,118.1288,3.0514,0.45379,0.0,-0.0,179.8737,0.9678,stand_7,362.0984,0.0,-0.0,0.0,-0.0,Sidewalk
647.5,118.1288,3.0514,0.41888,0.0,-0.06981,179.8737,0.9678,stand_7,362.1109,0.0,-0.06981,0.0,-0.06981,Sidewalk
648.0,118.1288,3.0514,0.41888,0.0,-0.0,179.8737,0.9678,stand_7,362.0984,0.0,-0.0,0.0,-0.0,Sidewalk
648.5,118.1288,3.0514,0.38397,0.0,-0.06981,179.8737,0.9678,stand_7,362.1109,0.0,-0.06981,0.0,-0.06981,Sidewalk
649.0,118.1288,3.0514,0.38397,0.0,-0.0,179.8737,0.9678,stand_7,362.0984,0.0,-0.0,0.0,-0.0,Sidewalk
649.5,118.1288,3.0514,0.34907,0.0,-0.06981,179.8737,0.9679,stand_7,362.1109,0.0,-0.06981,0.0,-0.06981,Sidewalk
650.0,118.1288,3.0514,0.34907,0.0,-0.0,179.8737,0.9679,stand_7,362.0984,0.0,-0.0,0.0,-0.0,Sidewalk
650.5,118.1288,3.0514,0.31416,0.0,-0.06981,179.8737,0.9679,stand_7,362.1109,0.0,-0.06981,0.0,-0.06981,Sidewalk
651.0,118.1288,3.0514,0.31416,0.0,-0.0,179.8737,0.9679,stand_7,362.0984,0.0,-0.0,0.0,-0.0,Sidewalk
651.5,118.1288,3.0514,0.27925,0.0,-0.06981,179.8737,0.9679,stand_7,362.1109,0.0,-0.06981,0.0,-0.06981,Sidewalk
652.0,118.1288,3.0514,0.27925,0.0,-0.0,179.8737,0.9679,stand_7,362.0984,0.0,-0.0,0.0,-0.0,Sidewalk
652.5,118.1288,3.0514,0.24435,0.0,-0.06981,179.8737,0.9679,stand_7,362.1109,0.0,-0.06981,0.0,-0.06981,Sidewalk
653.0,118.1288,3.0514,0.24435,0.0,-0.0,179.8737,0.9679,stand_7,362.0983,0.0,-0.0,0.0,-0.0,Sidewalk
653.5,118.1288,3.0514,0.20944,0.0,-0.06981,179.8737,0.9679,stand_7,362.1109,0.0,-0.06981,0.0,-0.06981,Sidewalk
654.0,118.1288,3.0514,0.20944,0.0,-0.0,179.8737,0.9679,stand_7,362.0983,0.0,-0.0,0.0,-0.0,Sidewalk
654.5,118.1288,3.0514,0.17453,0.0,-0.06981,179.8737,0.9679,stand_7,362.1109,0.0,-0.06981,0.0,-0.06981,Sidewalk
655.0,118.1288,3.0514,0.17453,0.0,-0.0,179.8737,0.9679,stand_7,362.0983,0.0,-0.0,0.0,-0.0,Sidewalk
655.5,118.1288,3.0514,0.13963,0.0,-0.06981,179.8737,0.9679,stand_7,362.1109,0.0,-0.06981,0.0,-0.06981,Sidewalk
656.0,118.1288,3.0514,0.13963,0.0,-0.0,179.8737,0.9679,stand_7,362.0983,0.0,-0.0,0.0,-0.0,Sidewalk
656.5,118.1288,3.0514,0.10472,0.0,-0.06981,179.8737,0.9679,stand_7,362.1109,0.0,-0.06981,0.0,-0.06981,Sidewalk
657.0,118.1288,3.0514,0.10472,0.0,-0.0,179.8737,0.9679,stand_7,362.0983,0.0,-0.0,0.0,-0.0,Sidewalk
657.5,118.1288,3.0514,0.06981,0.0,-0.06981,179.8737,0.9679,stand_7,362.1109,0.0,-0.06981,0.0,-0.06981,Sidewalk
658.0,118.1288,3.0514,0.06981,0.0,-0.0,179.8737,0.9679,stand_7,362.0983,0.0,-0.0,0.0,-0.0,Sidewalk
658.5,118.1288,3.0514,0.03491,0.0,-0.06981,179.8737,0.9679,stand_7,362.1109,0.0,-0.06981,0.0,-0.06981,Sidewalk
659.0,118.1288,3.0514,0.03491,0.0,-0.0,179.8737,0.9679,stand_7,362.0983,0.0,-0.0,0.0,-0.0,Sidewalk
659.5,118.1288,3.0514,-0.0,0.0,-0.06981,179.8737,0.9679,stand_7,362.1109,0.0,-0.06981,0.0,-0.06981,Sidewalk
660.0,118.1288,3.0514,-0.0,0.0,-0.0,179.8737,0.9679,stand_7,362.0983,0.0,-0.0,0.0,-0.0,Sidewalk
660.5,118.1288,3.0514,-0.03491,0.0,-0.06981,179.8737,0.9679,stand_7,362.1108,0.0,-0.06981,0.0,-0.06981,Sidewalk
661.0,118.1288,3.0514,-0.03491,0.0,-0.0,179.8737,0.9679,stand_7,362.0983,0.0,-0.0,0.0,-0.0,Sidewalk
661.5,118.1288,3.0514,-0.06981,0.0,-0.06981,179.8737,0.9679,stand_7,362.1108,0.0,-0.06981,0.0,-0.06981,Sidewalk
662.0,118.1288,3.0514,-0.06981,0.0,-0.0,179.8737,0.9679,stand_7,362.0983,0.0,-0.0,0.0,-0.0,Sidewalk
662.5,118.1288,3.0514,-0.10472,0.0,-0.06981,179.8737,0.9679,stand_7,362.1108,0.0,-0.06981,0.0,-0.06981,Sidewalk
663.0,118.1288,3.0514,-0.10472,0.0,-0.0,179.8737,0.9679,stand_7,362.0983,0.0,-0.0,0.0,-0.0,Sidewalk
663.5,118.1288,3.0514,-0.13963,0.0,-0.06981,179.8737,0.9679,stand_7,362.1108,0.0,-0.06981,0.0,-0.06981,Sidewalk
664.0,118.1288,3.0514,-0.13963,0.0,-0.0,179.8737,0.9679,stand_7,362.0982,0.0,-0.0,0.0,-0.0,Sidewalk
664.5,118.1288,3.0514,-0.17453,0.0,-0.06981,179.8737,0.9679,stand_7,362.1108,0.0,-0.06981,0.0,-0.06981,Sidewalk
665.0,118.1288,3.0514,-0.17453,0.0,-0.0,179.8737,0.9679,stand_7,362.0982,0.0,-0.0,0.0,-0.0,Sidewalk
665.5,118.1288,3.0514,-0.20944,0.0,-0.06981,179.8737,0.9679,stand_7,362.1108,0.0,-0.06981,0.0,-0.06981,Sidewalk
666.0,118.1288,3.0514,-0.20944,0.0,-0.0,179.8737,0.9679,stand_7,362.0982,0.0,-0.0,0.0,-0.0,Sidewalk
666.5,118.1288,3.0514,-0.24435,0.0,-0.06981,179.8737,0.9679,stand_7,362.1108,0.0,-0.06981,0.0,-0.06981,Sidewalk
667.0,118.1288,3.0514,-0.24435,0.0,-0.0,179.8737,0.9679,stand_7,362.0982,0.0,-0.0,0.0,-0.0,Sidewalk
667.5,118.1288,3.0514,-0.27925,0.0,-0.06981,179.8737,0.9679,stand_7,362.1108,0.0,-0.06981,0.0,-0.06981,Sidewalk
668.0,118.1288,3.0514,-0.27925,0.0,-0.0,179.8737,0.9679,stand_7,362.0982,0.0,-0.0,0.0,-0.0,Sidewalk
668.5,118.1288,3.0514,-0.31416,0.0,-0.06981,179.8737,0.9679,stand_7,362.1108,0.0,-0.06981,0.0,-0.06981,Sidewalk
669.0,118.1288,3.0514,-0.31416,0.0,-0.0,179.8737,0.9679,stand_7,362.0982,0.0,-0.0,0.0,-0.0,Sidewalk
669.5,118.1288,3.0514,-0.34907,0.0,-0.06981,179.8737,0.9679,stand_7,362.1108,0.0,-0.06981,0.0,-0.06981,Sidewalk
670.0,118.1288,3.0514,-0.34907,0.0,-0.0,179.8737,0.9679,stand_7,362.0982,0.0,-0.0,0.0,-0.0,Sidewalk
670.5,118.1288,3.0514,-0.38397,0.0,-0.06981,179.8737,0.9679,stand_7,362.1108,0.0,-0.06981,0.0,-0.06981,Sidewalk
671.0,118.1288,3.0514,-0.38397,0.0,-0.0,179.8737,0.9679,stand_7,362.0982,0.0,-0.0,0.0,-0.0,Sidewalk
671.5,118.1288,3.0514,-0.34907,0.0,0.06981,179.8737,0.9679,stand_7,362.1107,0.0,0.06981,0.0,0.06981,Sidewalk
672.0,118.1288,3.0514,-0.34907,0.0,-0.0,179.8737,0.9679,stand_7,362.0982,0.0,-0.0,0.0,-0.0,Sidewalk
672.5,118.1288,3.0514,-0.31416,0.0,0.06981,179.8737,0.9679,stand_7,362.1107,0.0,0.06981,0.0,0.06981,Sidewalk
673.0,118.1288,3.0514,-0.31416,0.0,-0.0,179.8737,0.9679,stand_7,362.0982,0.0,-0.0,0.0,-0.0,Sidewalk
673.5,118.1288,3.0514,-0.27925,0.0,0.06981,179.8737,0.9679,stand_7,362.1107,0.0,0.06981,0.0,0.06981,Sidewalk
674.0,118.1288,3.0514,-0.27925,0.0,-0.0,179.8737,0.9679,stand_7,362.0982,0.0,-0.0,0.0,-0.0,Sidewalk
674.5,118.1288,3.0514,-0.24435,0.0,0.06981,179.8737,0.9679,stand_7,362.1107,0.0,0.06981,0.0,0.06981,Sidewalk
675.0,118.1288,3.0514,-0.24435,0.0,-0.0,179.8737,0.9679,stand_7,362.0982,0.0,-0.0,0.0,-0.0,Sidewalk
675.5,118.1288,3.0514,-0.20944,0.0,0.06981,179.8737,0.9679,stand_7,362.1107,0.0,0.06981,0.0,0.06981,Sidewalk
676.0,118.1288,3.0514,-0.20944,0.0,-0.0,179.8737,0.9679,stand_7,362.0981,0.0,-0.0,0.0,-0.0,Sidewalk
676.5,118.1288,3.0514,-0.17453,0.0,0.06981,179.8737,0.9679,stand_7,362.1107,0.0,0.06981,0.0,0.06981,Sidewalk
677.0,118.1288,3.0514,-0.17453,0.0,-0.0,179.8737,0.9679,stand_7,362.0981,0.0,-0.0,0.0,-0.0,Sidewalk
677.5,118.1288,3.0514,-0.13963,0.0,0.06981,179.8737,0.9679,stand_7,362.1107,0.0,0.06981,0.0,0.06981,Sidewalk
678.0,118.1288,3.0514,-0.13963,0.0,-0.0,179.8737,0.9679,stand_7,362.0981,0.0,-0.0,0.0,-0.0,Sidewalk
678.5,118.1288,3.0514,-0.10472,0.0,0.06981,179.8737,0.9679,stand_7,362.1107,0.0,0.06981,0.0,0.06981,Sidewalk
679.0,118.1288,3.0514,-0.10472,0.0,-0.0,179.8737,0.9679,stand_7,362.0981,0.0,-0.0,0.0,-0.0,Sidewalk
679.5,118.1288,3.0514,-0.06981,0.0,0.06981,179.8737,0.9679,stand_7,362.1107,0.0,0.06981,0.0,0.06981,Sidewalk
680.0,118.1288,3.0514,-0.06981,0.0,-0.0,179.8737,0.9679,stand_7,362.0981,0.0,-0.0,0.0,-0.0,Sidewalk
680.5,118.1288,3.0514,-0.03491,0.0,0.06981,179.8737,0.9679,stand_7,362.1107,0.0,0.06981,0.0,0.06981,Sidewalk
681.0,118.1288,3.0514,-0.03491,0.0,-0.0,179.8737,0.9679,stand_7,362.0981,0.0,-0.0,0.0,-0.0,Sidewalk
681.5,118.1288,3.0514,-0.0,0.0,0.06981,179.8737,0.9679,stand_7,362.1107,0.0,0.06981,0.0,0.06981,Sidewalk
682.0,118.1288,3.0514,-0.0,0.0,-0.0,179.8737,0.9679,stand_7,362.0981,0.0,-0.0,0.0,-0.0,Sidewalk
682.5,118.1288,3.0514,0.03491,0.0,0.06981,179.8737,0.9679,stand_7,362.1107,0.0,0.06981,0.0,0.06981,Sidewalk
683.0,118.1288,3.0514,0.03491,0.0,-0.0,179.8737,0.9679,stand_7,362.0981,0.0,-0.0,0.0,-0.0,Sidewalk
683.5,118.1288,3.0514,0.06981,0.0,0.06981,179.8737,0.9679,stand_7,362.1106,0.0,0.06981,0.0,0.06981,Sidewalk
684.0,118.1288,3.0514,0.06981,0.0,-0.0,179.8737,0.9679,stand_7,362.0981,0.0,-0.0,0.0,-0.0,Sidewalk
684.5,118.1288,3.0514,0.10472,0.0,0.06981,179.8737,0.968,stand_7,362.1106,0.0,0.06981,0.0,0.06981,Sidewalk
685.0,118.1288,3.0514,0.10472,0.0,-0.0,179.8737,0.968,stand_7,362.0981,0.0,-0.0,0.0,-0.0,Sidewalk
685.5,118.1288,3.0514,0.13963,0.0,0.06981,179.8737,0.968,stand_7,362.1106,0.0,0.06981,0.0,0.06981,Sidewalk
686.0,118.1288,3.0514,0.13963,0.0,-0.0,179.8737,0.968,stand_7,362.0981,0.0,-0.0,0.0,-0.0,Sidewalk
686.5,118.1288,3.0514,0.17453,0.0,0.06981,179.8737,0.968,stand_7,362.1106,0.0,0.06981,0.0,0.06981,Sidewalk
687.0,118.1288,3.0514,0.17453,0.0,-0.0,179.8737,0.968,stand_7,362.0981,0.0,-0.0,0.0,-0.0,Sidewalk
687.5,118.1288,3.0514,0.20944,0.0,0.06981,179.8737,0.968,stand_7,362.1106,0.0,0.06981,0.0,0.06981,Sidewalk
688.0,118.1288,3.0514,0.20944,0.0,-0.0,179.8737,0.968,stand_7,362.098,0.0,-0.0,0.0,-0.0,Sidewalk
688.5,118.1288,3.0514,0.24435,0.0,0.06981,179.8737,0.968,stand_7,362.1106,0.0,0.06981,0.0,0.06981,Sidewalk
689.0,118.1288,3.0514,0.24435,0.0,-0.0,179.8737,0.968,stand_7,362.098,0.0,-0.0,0.0,-0.0,Sidewalk
689.5,118.1288,3.0514,0.27925,0.0,0.06981,179.8737,0.968,stand_7,362.1106,0.0,0.06981,0.0,0.06981,Sidewalk
690.0,118.1288,3.0514,0.27925,0.0,-0.0,179.8737,0.968,stand_7,362.098,0.0,-0.0,0.0,-0.0,Sidewalk
690.5,118.1288,3.0514,0.31416,0.0,0.06981,179.8737,0.968,stand_7,362.1106,0.0,0.06981,0.0,0.06981,Sidewalk
691.0,118.1288,3.0514,0.31416,0.0,-0.0,179.8737,0.968,stand_7,362.098,0.0,-0.0,0.0,-0.0,Sidewalk
691.5,118.1288,3.0514,0.34907,0.0,0.06981,179.8737,0.968,stand_7,362.1106,0.0,0.06981,0.0,0.06981,Sidewalk
692.0,118.1288,3.0514,0.34907,0.0,-0.0,179.8737,0.968,stand_7,362.098,0.0,-0.0,0.0,-0.0,Sidewalk
692.5,118.1288,3.0514,0.38397,0.0,0.06981,179.8737,0.968,stand_7,362.1106,0.0,0.06981,0.0,0.06981,Sidewalk
693.0,118.1288,3.0514,0.38397,0.0,-0.0,179.8737,0.968,stand_7,362.098,0.0,-0.0,0.0,-0.0,Sidewalk
693.5,118.1288,3.0514,0.41888,0.0,0.06981,179.8737,0.968,stand_7,362.1106,0.0,0.06981,0.0,0.06981,Sidewalk
694.0,118.1288,3.0514,0.41888,0.0,-0.0,179.8737,0.968,stand_7,362.098,0.0,-0.0,0.0,-0.0,Sidewalk
694.5,118.1288,3.0514,0.45379,0.0,0.06981,179.8737,0.968,stand_7,362.1105,0.0,0.06981,0.0,0.06981,Sidewalk
695.0,118.1288,3.0514,0.45379,0.0,-0.0,179.8737,0.968,stand_7,362.098,0.0,-0.0,0.0,-0.0,Sidewalk
695.5,118.1288,3.0514,0.48869,0.0,0.06981,179.8737,0.968,stand_7,362.1105,0.0,0.06981,0.0,0.06981,Sidewalk
696.0,118.1288,3.0514,0.48869,0.0,-0.0,179.8737,0.968,stand_7,362.098,0.0,-0.0,0.0,-0.0,Sidewalk
696.5,118.1288,3.0514,0.5236,0.0,0.06981,179.8737,0.968,stand_7,362.1105,0.0,0.06981,0.0,0.06981,Sidewalk
697.0,118.1288,3.0514,0.5236,0.0,-0.0,179.8737,0.968,stand_7,362.098,0.0,-0.0,0.0,-0.0,Sidewalk
697.5,118.1288,3.0514,0.55851,0.0,0.06981,179.8737,0.968,stand_7,362.1105,0.0,0.06981,0.0,0.06981,Sidewalk
698.0,118.1288,3.0514,0.55851,0.0,-0.0,179.8737,0.968,stand_7,362.0979,0.0,-0.0,0.0,-0.0,Sidewalk
698.5,118.1288,3.0514,0.59341,0.0,0.06981,179.8737,0.968,stand_7,362.1105,0.0,0.06981,0.0,0.06981,Sidewalk
699.0,118.1288,3.0514,0.59341,0.0,-0.0,179.8737,0.968,stand_7,362.0979,0.0,-0.0,0.0,-0.0,Sidewalk
699.5,118.1288,3.0514,0.62832,0.0,0.06981,179.8737,0.968,stand_7,362.1105,0.0,0.06981,0.0,0.06981,Sidewalk
700.0,118.1288,3.0514,0.62832,0.0,-0.0,179.8737,0.968,stand_7,362.0979,0.0,-0.0,0.0,-0.0,Sidewalk
700.5,118.1288,3.0514,0.66323,0.0,0.06981,179.8737,0.968,stand_7,362.1105,0.0,0.06981,0.0,0.06981,Sidewalk
701.0,118.1288,3.0514,0.66323,0.0,-0.0,179.8737,0.968,stand_7,362.0979,0.0,-0.0,0.0,-0.0,Sidewalk
701.5,118.1288,3.0514,0.69813,0.0,0.06981,179.8737,0.968,stand_7,362.1105,0.0,0.06981,0.0,0.06981,Sidewalk
702.0,118.1288,3.0514,0.69813,0.0,-0.0,179.8737,0.968,stand_7,362.0979,0.0,-0.0,0.0,-0.0,Sidewalk
702.5,118.1288,3.0514,0.73304,0.0,0.06981,179.8737,0.968,stand_7,362.1105,0.0,0.06981,0.0,0.06981,Sidewalk
703.0,118.1288,3.0514,0.73304,0.0,-0.0,179.8737,0.968,stand_7,362.0979,0.0,-0.0,0.0,-0.0,Sidewalk
703.5,118.1288,3.0514,0.76794,0.0,0.06981,179.8737,0.968,stand_7,362.1105,0.0,0.06981,0.0,0.06981,Sidewalk
704.0,118.1288,3.0514,0.76794,0.0,-0.0,179.8737,0.968,stand_7,362.0979,0.0,-0.0,0.0,-0.0,Sidewalk
704.5,118.1288,3.0514,0.80285,0.0,0.06981,179.8737,0.968,stand_7,362.1105,0.0,0.06981,0.0,0.06981,Sidewalk
705.0,118.1288,3.0514,0.80285,0.0,-0.0,179.8737,0.968,stand_7,362.0979,0.0,-0.0,0.0,-0.0,Sidewalk
705.5,118.1288,3.0514,0.83776,0.0,0.06981,179.8737,0.968,stand_7,362.1104,0.0,0.06981,0.0,0.06981,Sidewalk
706.0,118.1288,3.0514,0.83776,0.0,-0.0,179.8737,0.968,stand_7,362.0979,0.0,-0.0,0.0,-0.0,Sidewalk
706.5,118.1288,3.0514,0.87266,0.0,0.06981,179.8737,0.968,stand_7,362.1104,0.0,0.06981,0.0,0.06981,Sidewalk
707.0,118.1288,3.0514,0.87266,0.0,-0.0,179.8737,0.968,stand_7,362.0979,0.0,-0.0,0.0,-0.0,Sidewalk
707.5,118.1288,3.0514,0.90757,0.0,0.06981,179.8737,0.968,stand_7,362.1104,0.0,0.06981,0.0,0.06981,Sidewalk
708.0,118.1288,3.0514,0.90757,0.0,-0.0,179.8737,0.968,stand_7,362.0979,0.0,-0.0,0.0,-0.0,Sidewalk
708.5,118.1288,3.0514,0.94248,0.0,0.06981,179.8737,0.968,stand_7,362.1104,0.0,0.06981,0.0,0.06981,Sidewalk
709.0,118.1288,3.0514,0.94248,0.0,-0.0,179.8737,0.968,stand_7,362.0979,0.0,-0.0,0.0,-0.0,Sidewalk
709.5,118.1288,3.0514,0.97738,0.0,0.06981,179.8737,0.968,stand_7,362.1104,0.0,0.06981,0.0,0.06981,Sidewalk
710.0,118.1288,3.0514,0.97738,0.0,-0.0,179.8737,0.968,stand_7,362.0978,0.0,-0.0,0.0,-0.0,Sidewalk
710.5,118.1288,3.0514,1.01229,0.0,0.06981,179.8737,0.968,stand_7,362.1104,0.0,0.06981,0.0,0.06981,Sidewalk
711.0,118.1288,3.0514,1.01229,0.0,-0.0,179.8737,0.968,stand_7,362.0978,0.0,-0.0,0.0,-0.0,Sidewalk
711.5,118.1288,3.0514,1.0472,0.0,0.06981,179.8737,0.968,stand_7,362.1104,0.0,0.06981,0.0,0.06981,Sidewalk
712.0,118.1288,3.0514,1.0472,0.0,-0.0,179.8737,0.968,stand_7,362.0978,0.0,-0.0,0.0,-0.0,Sidewalk
712.5,118.1288,3.0514,1.0821,0.0,0.06981,179.8737,0.968,stand_7,362.1104,0.0,0.06981,0.0,0.06981,Sidewalk
713.0,118.1288,3.0514,1.0821,0.0,-0.0,179.8737,0.968,stand_7,362.0978,0.0,-0.0,0.0,-0.0,Sidewalk
713.5,118.1288,3.0514,1.11701,0.0,0.06981,179.8737,0.968,stand_7,362.1104,0.0,0.06981,0.0,0.06981,Sidewalk
714.0,118.1288,3.0514,1.11701,0.0,-0.0,179.8737,0.968,stand_7,362.0978,0.0,-0.0,0.0,-0.0,Sidewalk
714.5,118.1288,3.0514,1.15192,0.0,0.06981,179.8737,0.968,stand_7,362.1104,0.0,0.06981,0.0,0.06981,Sidewalk
715.0,118.1288,3.0514,1.15192,0.0,-0.0,179.8737,0.968,stand_7,362.0978,0.0,-0.0,0.0,-0.0,Sidewalk
715.5,118.1288,3.0514,1.18682,0.0,0.06981,179.8737,0.968,stand_7,362.1104,0.0,0.06981,0.0,0.06981,Sidewalk
716.0,118.1288,3.0514,1.18682,0.0,-0.0,179.8737,0.968,stand_7,362.0978,0.0,-0.0,0.0,-0.0,Sidewalk
716.5,118.1288,3.0514,1.22173,0.0,0.06981,179.8737,0.968,stand_7,362.1104,0.0,0.06981,0.0,0.06981,Sidewalk
717.0,118.1288,3.0514,1.22173,0.0,-0.0,179.8737,0.968,stand_7,362.0978,0.0,-0.0,0.0,-0.0,Sidewalk
717.5,118.1288,3.0514,1.25664,0.0,0.06981,179.8737,0.9681,stand_7,362.1103,0.0,0.06981,0.0,0.06981,Sidewalk
718.0,118.1288,3.0514,1.25664,0.0,-0.0,179.8737,0.9681,stand_7,362.0978,0.0,-0.0,0.0,-0.0,Sidewalk
718.5,118.1288,3.0514,1.29154,0.0,0.06981,179.8737,0.9681,stand_7,362.1103,0.0,0.06981,0.0,0.06981,Sidewalk
719.0,118.1288,3.0514,1.29154,0.0,-0.0,179.8737,0.9681,stand_7,362.0978,0.0,-0.0,0.0,-0.0,Sidewalk
719.5,118.1288,3.0514,1.32645,0.0,0.06981,179.8737,0.9681,stand_7,362.1103,0.0,0.06981,0.0,0.06981,Sidewalk
720.0,118.1288,3.0514,1.32645,0.0,-0.0,179.8737,0.9681,stand_7,362.0978,0.0,-0.0,0.0,-0.0,Sidewalk
720.5,118.1288,3.0514,1.36136,0.0,0.06981,179.8737,0.9681,stand_7,362.1103,0.0,0.06981,0.0,0.06981,Sidewalk
721.0,118.1288,3.0514,1.36136,0.0,-0.0,179.8737,0.9681,stand_7,362.0977,0.0,-0.0,0.0,-0.0,Sidewalk
721.5,118.1288,3.0514,1.39626,0.0,0.06981,179.8737,0.9681,stand_7,362.1103,0.0,0.06981,0.0,0.06981,Sidewalk
722.0,118.1288,3.0514,1.39626,0.0,-0.0,179.8737,0.9681,stand_7,362.0977,0.0,-0.0,0.0,-0.0,Sidewalk
722.5,118.1288,3.0514,1.43117,0.0,0.06981,179.8737,0.9681,stand_7,362.1103,0.0,0.06981,0.0,0.06981,Sidewalk
723.0,118.1288,3.0514,1.43117,0.0,-0.0,179.8737,0.9681,stand_7,362.0977,0.0,-0.0,0.0,-0.0,Sidewalk
723.5,118.1288,3.0514,1.46608,0.0,0.06981,179.8737,0.9681,stand_7,362.1103,0.0,0.06981,0.0,0.06981,Sidewalk
724.0,118.1288,3.0514,1.46608,0.0,-0.0,179.8737,0.9681,stand_7,362.0977,0.0,-0.0,0.0,-0.0,Sidewalk
724.5,118.1288,3.0514,1.50098,0.0,0.06981,179.8737,0.9681,stand_7,362.1103,0.0,0.06981,0.0,0.06981,Sidewalk
725.0,118.1288,3.0514,1.50098,0.0,-0.0,179.8737,0.9681,stand_7,362.0977,0.0,-0.0,0.0,-0.0,Sidewalk
725.5,118.1288,3.0514,1.53589,0.0,0.06981,179.8737,0.9681,stand_7,362.1103,0.0,0.06981,0.0,0.06981,Sidewalk
726.0,118.1288,3.0514,1.53589,0.0,-0.0,179.8737,0.9681,stand_7,362.0977,0.0,-0.0,0.0,-0.0,Sidewalk
726.5,118.1288,3.0514,1.5708,0.0,0.06981,179.8737,0.9681,stand_7,362.1103,0.0,0.06981,0.0,0.06981,Sidewalk
727.0,118.1288,3.0514,1.5708,0.0,-0.0,179.8737,0.9681,stand_7,362.0977,0.0,-0.0,0.0,-0.0,Sidewalk
727.5,118.1288,3.0514,1.6057,0.0,0.06981,179.8737,0.9681,stand_7,362.1103,0.0,0.06981,0.0,0.06981,Sidewalk
728.0,118.1288,3.0514,1.6057,0.0,-0.0,179.8737,0.9681,stand_7,362.0977,0.0,-0.0,0.0,-0.0,Sidewalk
728.5,118.1288,3.0514,1.64061,0.0,0.06981,179.8737,0.9681,stand_7,362.1102,0.0,0.06981,0.0,0.06981,Sidewalk
729.0,118.1288,3.0514,1.64061,0.0,-0.0,179.8737,0.9681,stand_7,362.0977,0.0,-0.0,0.0,-0.0,Sidewalk
729.5,118.1288,3.0514,1.67552,0.0,0.06981,179.8737,0.9681,stand_7,362.1102,0.0,0.06981,0.0,0.06981,Sidewalk
730.0,118.1288,3.0514,1.67552,0.0,-0.0,179.8737,0.9681,stand_7,362.0977,0.0,-0.0,0.0,-0.0,Sidewalk
730.5,118.1288,3.0514,1.71042,0.0,0.06981,179.8737,0.9681,stand_7,362.1102,0.0,0.06981,0.0,0.06981,Sidewalk
731.0,118.1288,3.0514,1.71042,0.0,-0.0,179.8737,0.9681,stand_7,362.0977,0.0,-0.0,0.0,-0.0,Sidewalk
731.5,118.1288,3.0514,1.74533,0.0,0.06981,179.8737,0.9681,stand_7,362.1102,0.0,0.06981,0.0,0.06981,Sidewalk
732.0,118.1288,3.0514,1.74533,0.0,-0.0,179.8737,0.9681,stand_7,362.0977,0.0,-0.0,0.0,-0.0,Sidewalk
732.5,118.1288,3.0514,1.78024,0.0,0.06981,179.8737,0.9681,stand_7,362.1102,0.0,0.06981,0.0,0.06981,Sidewalk
733.0,118.1288,3.0514,1.78024,0.0,-0.0,179.8737,0.9681,stand_7,362.0977,0.0,-0.0,0.0,-0.0,Sidewalk
733.5,118.1288,3.0514,1.81514,0.0,0.06981,179.8737,0.9681,stand_7,362.1102,0.0,0.06981,0.0,0.06981,Sidewalk
734.0,118.1288,3.0514,1.81514,0.0,-0.0,179.8737,0.9681,stand_7,362.0976,0.0,-0.0,0.0,-0.0,Sidewalk
734.5,118.1288,3.0514,1.85005,0.0,0.06981,179.8737,0.9681,stand_7,362.1102,0.0,0.06981,0.0,0.06981,Sidewalk
735.0,118.1288,3.0514,1.85005,0.0,-0.0,179.8737,0.9681,stand_7,362.0976,0.0,-0.0,0.0,-0.0,Sidewalk
735.5,118.1288,3.0514,1.88496,0.0,0.06981,179.8737,0.9681,stand_7,362.1102,0.0,0.06981,0.0,0.06981,Sidewalk
736.0,118.1288,3.0514,1.88496,0.0,-0.0,179.8737,0.9681,stand_7,362.0976,0.0,-0.0,0.0,-0.0,Sidewalk
736.5,118.1288,3.0514,1.91986,0.0,0.06981,179.8737,0.9681,stand_7,362.1102,0.0,0.06981,0.0,0.06981,Sidewalk
737.0,118.1288,3.0514,1.91986,0.0,-0.0,179.8737,0.9681,stand_7,362.0976,0.0,-0.0,0.0,-0.0,Sidewalk
737.5,118.1288,3.0514,1.95477,0.0,0.06981,179.8737,0.9681,stand_7,362.1102,0.0,0.06981,0.0,0.06981,Sidewalk
738.0,118.1288,3.0514,1.95477,0.0,-0.0,179.8737,0.9681,stand_7,362.0976,0.0,-0.0,0.0,-0.0,Sidewalk
738.5,118.1288,3.0514,1.98968,0.0,0.06981,179.8737,0.9681,stand_7,362.1102,0.0,0.06981,0.0,0.06981,Sidewalk
739.0,118.1288,3.0514,1.98968,0.0,-0.0,179.8737,0.9681,stand_7,362.0976,0.0,-0.0,0.0,-0.0,Sidewalk
739.5,118.1288,3.0514,2.02458,0.0,0.06981,179.8737,0.9681,stand_7,362.1102,0.0,0.06981,0.0,0.06981,Sidewalk
740.0,118.1288,3.0514,2.02458,0.0,-0.0,179.8737,0.9681,stand_7,362.0976,0.0,-0.0,0.0,-0.0,Sidewalk
740.5,118.1288,3.0514,2.05949,0.0,0.06981,179.8737,0.9681,stand_7,362.1102,0.0,0.06981,0.0,0.06981,Sidewalk
741.0,118.1288,3.0514,2.05949,0.0,-0.0,179.8737,0.9681,stand_7,362.0976,0.0,-0.0,0.0,-0.0,Sidewalk
741.5,118.1288,3.0514,2.0944,0.0,0.06981,179.8737,0.9681,stand_7,362.1101,0.0,0.06981,0.0,0.06981,Sidewalk
742.0,118.1288,3.0514,2.0944,0.0,-0.0,179.8737,0.9681,stand_7,362.0976,0.0,-0.0,0.0,-0.0,Sidewalk
742.5,118.1288,3.0514,2.1293,0.0,0.06981,179.8737,0.9681,stand_7,362.1101,0.0,0.06981,0.0,0.06981,Sidewalk
743.0,118.1288,3.0514,2.1293,0.0,-0.0,179.8737,0.9681,stand_7,362.0976,0.0,-0.0,0.0,-0.0,Sidewalk
743.5,118.1288,3.0514,2.16421,0.0,0.06981,179.8737,0.9681,stand_7,362.1101,0.0,0.06981,0.0,0.06981,Sidewalk
744.0,118.1288,3.0514,2.16421,0.0,-0.0,179.8737,0.9681,stand_7,362.0976,0.0,-0.0,0.0,-0.0,Sidewalk
744.5,118.1288,3.0514,2.19911,0.0,0.06981,179.8737,0.9681,stand_7,362.1101,0.0,0.06981,0.0,0.06981,Sidewalk
745.0,118.1288,3.0514,2.19911,0.0,-0.0,179.8737,0.9681,stand_7,362.0976,0.0,-0.0,0.0,-0.0,Sidewalk
745.5,118.1288,3.0514,2.23402,0.0,0.06981,179.8737,0.9681,stand_7,362.1101,0.0,0.06981,0.0,0.06981,Sidewalk
746.0,118.1288,3.0514,2.23402,0.0,-0.0,179.8737,0.9681,stand_7,362.0975,0.0,-0.0,0.0,-0.0,Sidewalk
746.5,118.1288,3.0514,2.26893,0.0,0.06981,179.8737,0.9681,stand_7,362.1101,0.0,0.06981,0.0,0.06981,Sidewalk
747.0,118.1288,3.0514,2.26893,0.0,-0.0,179.8737,0.9681,stand_7,362.0975,0.0,-0.0,0.0,-0.0,Sidewalk
747.5,118.1288,3.0514,2.30383,0.0,0.06981,179.8737,0.9681,stand_7,362.1101,0.0,0.06981,0.0,0.06981,Sidewalk
748.0,118.1288,3.0514,2.30383,0.0,-0.0,179.8737,0.9681,stand_7,362.0975,0.0,-0.0,0.0,-0.0,Sidewalk
748.5,118.1288,3.0514,2.33874,0.0,0.06981,179.8737,0.9681,stand_7,362.1101,0.0,0.06981,0.0,0.06981,Sidewalk
749.0,118.1288,3.0514,2.33874,0.0,-0.0,179.8737,0.9681,stand_7,362.0975,0.0,-0.0,0.0,-0.0,Sidewalk
749.5,118.1288,3.0514,2.37365,0.0,0.06981,179.8737,0.9681,stand_7,362.1101,0.0,0.06981,0.0,0.06981,Sidewalk
750.0,118.1288,3.0514,2.37365,0.0,-0.0,179.8737,0.9681,stand_7,362.0975,0.0,-0.0,0.0,-0.0,Sidewalk
750.5,118.1288,3.0514,2.40855,0.0,0.06981,179.8737,0.9681,stand_7,362.1101,0.0,0.06981,0.0,0.06981,Sidewalk
751.0,118.1288,3.0514,2.40855,0.0,-0.0,179.8737,0.9681,stand_7,362.0975,0.0,-0.0,0.0,-0.0,Sidewalk
751.5,118.1288,3.0514,2.44346,0.0,0.06981,179.8737,0.9681,stand_7,362.1101,0.0,0.06981,0.0,0.06981,Sidewalk
752.0,118.1288,3.0514,2.44346,0.0,-0.0,179.8737,0.9681,stand_7,362.0975,0.0,-0.0,0.0,-0.0,Sidewalk
752.5,118.1288,3.0514,2.47837,0.0,0.06981,179.8737,0.9681,stand_7,362.1101,0.0,0.06981,0.0,0.06981,Sidewalk
753.0,118.1288,3.0514,2.47837,0.0,-0.0,179.8737,0.9681,stand_7,362.0975,0.0,-0.0,0.0,-0.0,Sidewalk
753.5,118.1288,3.0514,2.51327,0.0,0.06981,179.8737,0.9682,stand_7,362.1101,0.0,0.06981,0.0,0.06981,Sidewalk
754.0,118.1288,3.0514,2.51327,0.0,-0.0,179.8737,0.9682,stand_7,362.0975,0.0,-0.0,0.0,-0.0,Sidewalk
754.5,118.1288,3.0514,2.54818,0.0,0.06981,179.8737,0.9682,stand_7,362.11,0.0,0.06981,0.0,0.06981,Sidewalk
755.0,118.1288,3.0514,2.54818,0.0,-0.0,179.8737,0.9682,stand_7,362.0975,0.0,-0.0,0.0,-0.0,Sidewalk
755.5,118.1288,3.0514,2.58309,0.0,0.06981,179.8737,0.9682,stand_7,362.11,0.0,0.06981,0.0,0.06981,Sidewalk
756.0,118.1288,3.0514,2.58309,0.0,-0.0,179.8737,0.9682,stand_7,362.0975,0.0,-0.0,0.0,-0.0,Sidewalk
756.5,118.1288,3.0514,2.61799,0.0,0.06981,179.8737,0.9682,stand_7,362.11,0.0,0.06981,0.0,0.06981,Sidewalk
757.0,118.1288,3.0514,2.61799,0.0,-0.0,179.8737,0.9682,stand_7,362.0975,0.0,-0.0,0.0,-0.0,Sidewalk
757.5,118.1288,3.0514,2.6529,0.0,0.06981,179.8737,0.9682,stand_7,362.11,0.0,0.06981,0.0,0.06981,Sidewalk
758.0,118.1288,3.0514,2.6529,0.0,-0.0,179.8737,0.9682,stand_7,362.0974,0.0,-0.0,0.0,-0.0,Sidewalk
758.5,118.1288,3.0514,2.68781,0.0,0.06981,179.8737,0.9682,stand_7,362.11,0.0,0.06981,0.0,0.06981,Sidewalk
759.0,118.1288,3.0514,2.68781,0.0,-0.0,179.8737,0.9682,stand_7,362.0974,0.0,-0.0,0.0,-0.0,Sidewalk
759.5,118.1288,3.0514,2.72271,0.0,0.06981,179.8737,0.9682,stand_7,362.11,0.0,0.06981,0.0,0.06981,Sidewalk
760.0,118.1288,3.0514,2.72271,0.0,-0.0,179.8737,0.9682,stand_7,362.0974,0.0,-0.0,0.0,-0.0,Sidewalk
760.5,118.1288,3.0514,2.75762,0.0,0.06981,179.8737,0.9682,stand_7,362.11,0.0,0.06981,0.0,0.06981,Sidewalk
761.0,118.1288,3.0514,2.75762,0.0,-0.0,179.8737,0.9682,stand_7,362.0974,0.0,-0.0,0.0,-0.0,Sidewalk
761.5,118.1288,3.0514,2.79253,0.0,0.06981,179.8737,0.9682,stand_7,362.11,0.0,0.06981,0.0,0.06981,Sidewalk
762.0,118.1288,3.0514,2.79253,0.0,-0.0,179.8737,0.9682,stand_7,362.0974,0.0,-0.0,0.0,-0.0,Sidewalk
762.5,118.1288,3.0514,2.82743,0.0,0.06981,179.8737,0.9682,stand_7,362.11,0.0,0.06981,0.0,0.06981,Sidewalk
763.0,118.1288,3.0514,2.82743,0.0,-0.0,179.8737,0.9682,stand_7,362.0974,0.0,-0.0,0.0,-0.0,Sidewalk
763.5,118.1288,3.0514,2.86234,0.0,0.06981,179.8737,0.9682,stand_7,362.11,0.0,0.06981,0.0,0.06981,Sidewalk
764.0,118.1288,3.0514,2.86234,0.0,-0.0,179.8737,0.9682,stand_7,362.0974,0.0,-0.0,0.0,-0.0,Sidewalk
764.5,118.1288,3.0514,2.89725,0.0,0.06981,179.8737,0.9682,stand_7,362.11,0.0,0.06981,0.0,0.06981,Sidewalk
765.0,118.1288,3.0514,2.89725,0.0,-0.0,179.8737,0.9682,stand_7,362.0974,0.0,-0.0,0.0,-0.0,Sidewalk
765.5,118.1288,3.0514,2.93215,0.0,0.06981,179.8737,0.9682,stand_7,362.1099,0.0,0.06981,0.0,0.06981,Sidewalk
766.0,118.1288,3.0514,2.93215,0.0,-0.0,179.8737,0.9682,stand_7,362.0974,0.0,-0.0,0.0,-0.0,Sidewalk
766.5,118.1288,3.0514,2.96706,0.0,0.06981,179.8737,0.9682,stand_7,362.1099,0.0,0.06981,0.0,0.06981,Sidewalk
767.0,118.1288,3.0514,2.96706,0.0,-0.0,179.8737,0.9682,stand_7,362.0974,0.0,-0.0,0.0,-0.0,Sidewalk
767.5,118.1288,3.0514,3.00197,0.0,0.06981,179.8737,0.9682,stand_7,362.1099,0.0,0.06981,0.0,0.06981,Sidewalk
768.0,118.1288,3.0514,3.00197,0.0,-0.0,179.8737,0.9682,stand_7,362.0974,0.0,-0.0,0.0,-0.0,Sidewalk
768.5,118.1288,3.0514,3.03687,0.0,0.06981,179.8737,0.9682,stand_7,362.1099,0.0,0.06981,0.0,0.06981,Sidewalk
769.0,118.1288,3.0514,3.03687,0.0,-0.0,179.8737,0.9682,stand_7,362.0974,0.0,-0.0,0.0,-0.0,Sidewalk
769.5,118.1288,3.0514,3.07178,0.0,0.06981,179.8737,0.9682,stand_7,362.1099,0.0,0.06981,0.0,0.06981,Sidewalk
770.0,118.1288,3.0514,3.07178,0.0,-0.0,179.8737,0.9682,stand_7,362.0973,0.0,-0.0,0.0,-0.0,Sidewalk
770.5,118.1288,3.0514,3.10669,0.0,0.06981,179.8737,0.9682,stand_7,362.1099,0.0,0.06981,0.0,0.06981,Sidewalk
771.0,118.1288,3.0514,3.10669,0.0,-0.0,179.8737,0.9682,stand_7,362.0973,0.0,-0.0,0.0,-0.0,Sidewalk
771.5,118.1288,3.0514,3.14159,0.0,0.06981,179.8737,0.9682,stand_7,362.1099,0.0,0.06981,0.0,0.06981,Sidewalk
772.0,118.1288,3.0514,3.14159,0.0,-0.0,179.8737,0.9682,stand_7,362.0973,0.0,-0.0,0.0,-0.0,Sidewalk
772.5,118.1288,3.0514,-3.10669,0.0,0.06981,179.8737,0.9682,stand_7,362.1099,0.0,0.06981,0.0,0.06981,Sidewalk
773.0,118.1288,3.0514,-3.10669,0.0,-0.0,179.8737,0.9682,stand_7,362.0973,0.0,-0.0,0.0,-0.0,Sidewalk
773.5,118.1288,3.0514,-3.07178,0.0,0.06981,179.8737,0.9682,stand_7,362.1099,0.0,0.06981,0.0,0.06981,Sidewalk
774.0,118.1288,3.0514,-3.07178,0.0,-0.0,179.8737,0.9682,stand_7,362.0973,0.0,-0.0,0.0,-0.0,Sidewalk
774.5,118.1288,3.0514,-3.03687,0.0,0.06981,179.8737,0.9682,stand_7,362.1099,0.0,0.06981,0.0,0.06981,Sidewalk
775.0,118.1288,3.0514,-3.03687,0.0,-0.0,179.8737,0.9682,stand_7,362.0973,0.0,-0.0,0.0,-0.0,Sidewalk
775.5,118.1288,3.0514,-3.00197,0.0,0.06981,179.8737,0.9682,stand_7,362.1099,0.0,0.06981,0.0,0.06981,Sidewalk
776.0,118.1288,3.0514,-3.00197,0.0,-0.0,179.8737,0.9682,stand_7,362.0973,0.0,-0.0,0.0,-0.0,Sidewalk
776.5,118.1288,3.0514,-2.96706,0.0,0.06981,179.8737,0.9682,stand_7,362.1099,0.0,0.06981,0.0,0.06981,Sidewalk
777.0,118.1288,3.0514,-2.96706,0.0,-0.0,179.8737,0.9682,stand_7,362.0973,0.0,-0.0,0.0,-0.0,Sidewalk
777.5,118.1288,3.0514,-2.93215,0.0,0.06981,179.8737,0.9682,stand_7,362.1099,0.0,0.06981,0.0,0.06981,Sidewalk
778.0,118.1288,3.0514,-2.93215,0.0,-0.0,179.8737,0.9682,stand_7,362.0973,0.0,-0.0,0.0,-0.0,Sidewalk
778.5,118.1288,3.0514,-2.89725,0.0,0.06981,179.8737,0.9682,stand_7,362.1098,0.0,0.06981,0.0,0.06981,Sidewalk
779.0,118.1288,3.0514,-2.89725,0.0,-0.0,179.8737,0.9682,stand_7,362.0973,0.0,-0.0,0.0,-0.0,Sidewalk
779.5,118.1288,3.0514,-2.86234,0.0,0.06981,179.8737,0.9682,stand_7,362.1098,0.0,0.06981,0.0,0.06981,Sidewalk
780.0,118.1288,3.0514,-2.86234,0.0,-0.0,179.8737,0.9682,stand_7,362.0973,0.0,-0.0,0.0,-0.0,Sidewalk
780.5,118.1288,3.0514,-2.82743,0.0,0.06981,179.8737,0.9682,stand_7,362.1098,0.0,0.06981,0.0,0.06981,Sidewalk
781.0,118.1288,3.0514,-2.82743,0.0,-0.0,179.8737,0.9682,stand_7,362.0973,0.0,-0.0,0.0,-0.0,Sidewalk
781.5,118.1288,3.0514,-2.79253,0.0,0.06981,179.8737,0.9682,stand_7,362.1098,0.0,0.06981,0.0,0.06981,Sidewalk
782.0,118.1288,3.0514,-2.79253,0.0,-0.0,179.8737,0.9682,stand_7,362.0973,0.0,-0.0,0.0,-0.0,Sidewalk
782.5,118.1288,3.0514,-2.75762,0.0,0.06981,179.8737,0.9682,stand_7,362.1098,0.0,0.06981,0.0,0.06981,Sidewalk
783.0,118.1288,3.0514,-2.75762,0.0,-0.0,179.8737,0.9682,stand_7,362.0972,0.0,-0.0,0.0,-0.0,Sidewalk
783.5,118.1288,3.0514,-2.72271,0.0,0.06981,179.8737,0.9682,stand_7,362.1098,0.0,0.06981,0.0,0.06981,Sidewalk
784.0,118.1288,3.0514,-2.72271,0.0,-0.0,179.8737,0.9682,stand_7,362.0972,0.0,-0.0,0.0,-0.0,Sidewalk
784.5,118.1288,3.0514,-2.68781,0.0,0.06981,179.8737,0.9682,stand_7,362.1098,0.0,0.06981,0.0,0.06981,Sidewalk
785.0,118.1288,3.0514,-2.68781,0.0,-0.0,179.8737,0.9682,stand_7,362.0972,0.0,-0.0,0.0,-0.0,Sidewalk
785.5,118.1288,3.0514,-2.6529,0.0,0.06981,179.8737,0.9682,stand_7,362.1098,0.0,0.06981,0.0,0.06981,Sidewalk
786.0,118.1288,3.0514,-2.6529,0.0,-0.0,179.8737,0.9682,stand_7,362.0972,0.0,-0.0,0.0,-0.0,Sidewalk
786.5,118.1288,3.0514,-2.61799,0.0,0.06981,179.8737,0.9682,stand_7,362.1098,0.0,0.06981,0.0,0.06981,Sidewalk
787.0,118.1288,3.0514,-2.61799,0.0,-0.0,179.8737,0.9682,stand_7,362.0972,0.0,-0.0,0.0,-0.0,Sidewalk
787.5,118.1288,3.0514,-2.58309,0.0,0.06981,179.8737,0.9682,stand_7,362.1098,0.0,0.06981,0.0,0.06981,Sidewalk
788.0,118.1288,3.0514,-2.58309,0.0,-0.0,179.8737,0.9683,stand_7,362.0972,0.0,-0.0,0.0,-0.0,Sidewalk
788.5,118.1288,3.0514,-2.54818,0.0,0.06981,179.8737,0.9683,stand_7,362.1098,0.0,0.06981,0.0,0.06981,Sidewalk
789.0,118.1288,3.0514,-2.54818,0.0,-0.0,179.8737,0.9683,stand_7,362.0972,0.0,-0.0,0.0,-0.0,Sidewalk
789.5,118.1288,3.0514,-2.51327,0.0,0.06981,179.8737,0.9683,stand_7,362.1097,0.0,0.06981,0.0,0.06981,Sidewalk
790.0,118.1288,3.0514,-2.51327,0.0,-0.0,179.8737,0.9683,stand_7,362.0972,0.0,-0.0,0.0,-0.0,Sidewalk
790.5,118.1288,3.0514,-2.47837,0.0,0.06981,179.8737,0.9683,stand_7,362.1097,0.0,0.06981,0.0,0.06981,Sidewalk
791.0,118.1288,3.0514,-2.47837,0.0,-0.0,179.8737,0.9683,stand_7,362.0972,0.0,-0.0,0.0,-0.0,Sidewalk
791.5,118.1288,3.0514,-2.44346,0.0,0.06981,179.8737,0.9683,stand_7,362.1097,0.0,0.06981,0.0,0.06981,Sidewalk
792.0,118.1288,3.0514,-2.44346,0.0,-0.0,179.8737,0.9683,stand_7,362.0972,0.0,-0.0,0.0,-0.0,Sidewalk
792.5,118.1288,3.0514,-2.40855,0.0,0.06981,179.8737,0.9683,stand_7,362.1097,0.0,0.06981,0.0,0.06981,Sidewalk
793.0,118.1288,3.0514,-2.40855,0.0,-0.0,179.8737,0.9683,stand_7,362.0971,0.0,-0.0,0.0,-0.0,Sidewalk
793.5,118.1288,3.0514,-2.37365,0.0,0.06981,179.8737,0.9683,stand_7,362.1097,0.0,0.06981,0.0,0.06981,Sidewalk
794.0,118.1288,3.0514,-2.37365,0.0,-0.0,179.8737,0.9683,stand_7,362.0971,0.0,-0.0,0.0,-0.0,Sidewalk
794.5,118.1288,3.0514,-2.33874,0.0,0.06981,179.8737,0.9683,stand_7,362.1097,0.0,0.06981,0.0,0.06981,Sidewalk
795.0,118.1288,3.0514,-2.33874,0.0,-0.0,179.8737,0.9683,stand_7,362.0971,0.0,-0.0,0.0,-0.0,Sidewalk
795.5,118.1288,3.0514,-2.30383,0.0,0.06981,179.8737,0.9683,stand_7,362.1097,0.0,0.06981,0.0,0.06981,Sidewalk
796.0,118.1288,3.0514,-2.30383,0.0,-0.0,179.8737,0.9683,stand_7,362.0971,0.0,-0.0,0.0,-0.0,Sidewalk
796.5,118.1288,3.0514,-2.26893,0.0,0.06981,179.8737,0.9683,stand_7,362.1097,0.0,0.06981,0.0,0.06981,Sidewalk
797.0,118.1288,3.0514,-2.26893,0.0,-0.0,179.8737,0.9683,stand_7,362.0971,0.0,-0.0,0.0,-0.0,Sidewalk
797.5,118.1288,3.0514,-2.23402,0.0,0.06981,179.8737,0.9683,stand_7,362.1097,0.0,0.06981,0.0,0.06981,Sidewalk
798.0,118.1288,3.0514,-2.23402,0.0,-0.0,179.8737,0.9683,stand_7,362.0971,0.0,-0.0,0.0,-0.0,Sidewalk
798.5,118.1288,3.0514,-2.19911,0.0,0.06981,179.8737,0.9683,stand_7,362.1097,0.0,0.06981,0.0,0.06981,Sidewalk
799.0,118.1288,3.0514,-2.19911,0.0,-0.0,179.8737,0.9683,stand_7,362.0971,0.0,-0.0,0.0,-0.0,Sidewalk
799.5,118.1288,3.0514,-2.16421,0.0,0.06981,179.8737,0.9683,stand_7,362.1097,0.0,0.06981,0.0,0.06981,Sidewalk
800.0,118.1288,3.0514,-2.16421,0.0,-0.0,179.8737,0.9683,stand_7,362.0971,0.0,-0.0,0.0,-0.0,Sidewalk
800.5,118.1288,3.0514,-2.1293,0.0,0.06981,179.8737,0.9683,stand_7,362.1096,0.0,0.06981,0.0,0.06981,Sidewalk
801.0,118.1288,3.0514,-2.1293,0.0,-0.0,179.8737,0.9683,stand_7,362.0971,0.0,-0.0,0.0,-0.0,Sidewalk
801.5,118.1288,3.0514,-2.0944,0.0,0.06981,179.8737,0.9683,stand_7,362.1096,0.0,0.06981,0.0,0.06981,Sidewalk
802.0,118.1288,3.0514,-2.0944,0.0,-0.0,179.8737,0.9683,stand_7,362.0971,0.0,-0.0,0.0,-0.0,Sidewalk
802.5,118.1288,3.0514,-2.05949,0.0,0.06981,179.8737,0.9683,stand_7,362.1096,0.0,0.06981,0.0,0.06981,Sidewalk
803.0,118.1288,3.0514,-2.05949,0.0,-0.0,179.8737,0.9683,stand_7,362.0971,0.0,-0.0,0.0,-0.0,Sidewalk
803.5,118.1288,3.0514,-2.02458,0.0,0.06981,179.8737,0.9683,stand_7,362.1096,0.0,0.06981,0.0,0.06981,Sidewalk
804.0,118.1288,3.0514,-2.02458,0.0,-0.0,179.8737,0.9683,stand_7,362.097,0.0,-0.0,0.0,-0.0,Sidewalk
804.5,118.1288,3.0514,-1.98968,0.0,0.06981,179.8737,0.9683,stand_7,362.1096,0.0,0.06981,0.0,0.06981,Sidewalk
805.0,118.1288,3.0514,-1.98968,0.0,-0.0,179.8737,0.9683,stand_7,362.097,0.0,-0.0,0.0,-0.0,Sidewalk
805.5,118.1288,3.0514,-1.95477,0.0,0.06981,179.8737,0.9683,stand_7,362.1096,0.0,0.06981,0.0,0.06981,Sidewalk
806.0,118.1288,3.0514,-1.95477,0.0,-0.0,179.8737,0.9683,stand_7,362.097,0.0,-0.0,0.0,-0.0,Sidewalk
806.5,118.1288,3.0514,-1.91986,0.0,0.06981,179.8737,0.9683,stand_7,362.1096,0.0,0.06981,0.0,0.06981,Sidewalk
807.0,118.1288,3.0514,-1.91986,0.0,-0.0,179.8737,0.9683,stand_7,362.097,0.0,-0.0,0.0,-0.0,Sidewalk
807.5,118.1288,3.0514,-1.88496,0.0,0.06981,179.8737,0.9683,stand_7,362.1096,0.0,0.06981,0.0,0.06981,Sidewalk
808.0,118.1288,3.0514,-1.88496,0.0,-0.0,179.8737,0.9683,stand_7,362.097,0.0,-0.0,0.0,-0.0,Sidewalk
808.5,118.1288,3.0514,-1.85005,0.0,0.06981,179.8737,0.9683,stand_7,362.1096,0.0,0.06981,0.0,0.06981,Sidewalk
809.0,118.1288,3.0514,-1.85005,0.0,-0.0,179.8737,0.9683,stand_7,362.097,0.0,-0.0,0.0,-0.0,Sidewalk
809.5,118.1288,3.0514,-1.81514,0.0,0.06981,179.8737,0.9683,stand_7,362.1096,0.0,0.06981,0.0,0.06981,Sidewalk
810.0,118.1288,3.0514,-1.81514,0.0,-0.0,179.8737,0.9683,stand_7,362.097,0.0,-0.0,0.0,-0.0,Sidewalk
810.5,118.1288,3.0514,-1.78024,0.0,0.06981,179.8737,0.9683,stand_7,362.1096,0.0,0.06981,0.0,0.06981,Sidewalk
811.0,118.1288,3.0514,-1.78024,0.0,-0.0,179.8737,0.9683,stand_7,362.097,0.0,-0.0,0.0,-0.0,Sidewalk
811.5,118.1288,3.0514,-1.74533,0.0,0.06981,179.8737,0.9683,stand_7,362.1096,0.0,0.06981,0.0,0.06981,Sidewalk
812.0,118.1288,3.0514,-1.74533,0.0,-0.0,179.8737,0.9683,stand_7,362.097,0.0,-0.0,0.0,-0.0,Sidewalk
812.5,118.1288,3.0514,-1.71042,0.0,0.06981,179.8737,0.9683,stand_7,362.1096,0.0,0.06981,0.0,0.06981,Sidewalk
813.0,118.1288,3.0514,-1.71042,0.0,-0.0,179.8737,0.9683,stand_7,362.097,0.0,-0.0,0.0,-0.0,Sidewalk
813.5,118.1288,3.0514,-1.67552,0.0,0.06981,179.8737,0.9683,stand_7,362.1095,0.0,0.06981,0.0,0.06981,Sidewalk
814.0,118.1288,3.0514,-1.67552,0.0,-0.0,179.8737,0.9683,stand_7,362.097,0.0,-0.0,0.0,-0.0,Sidewalk
814.5,118.1288,3.0514,-1.64061,0.0,0.06981,179.8737,0.9683,stand_7,362.1095,0.0,0.06981,0.0,0.06981,Sidewalk
815.0,118.1288,3.0514,-1.64061,0.0,-0.0,179.8737,0.9683,stand_7,362.097,0.0,-0.0,0.0,-0.0,Sidewalk
815.5,118.1288,3.0514,-1.6057,0.0,0.06981,179.8737,0.9683,stand_7,362.1095,0.0,0.06981,0.0,0.06981,Sidewalk
816.0,118.1288,3.0514,-1.6057,0.0,-0.0,179.8737,0.9683,stand_7,362.0969,0.0,-0.0,0.0,-0.0,Sidewalk
816.5,118.1288,3.0514,-1.5708,0.0,0.06981,179.8737,0.9683,stand_7,362.1095,0.0,0.06981,0.0,0.06981,Sidewalk
817.0,118.1288,3.0514,-1.5708,0.0,-0.0,179.8737,0.9683,stand_7,362.0969,0.0,-0.0,0.0,-0.0,Sidewalk
817.5,118.1288,3.0514,-1.53589,0.0,0.06981,179.8737,0.9683,stand_7,362.1095,0.0,0.06981,0.0,0.06981,Sidewalk
818.0,118.1288,3.0514,-1.53589,0.0,-0.0,179.8737,0.9683,stand_7,362.0969,0.0,-0.0,0.0,-0.0,Sidewalk
818.5,118.1288,3.0514,-1.50098,0.0,0.06981,179.8737,0.9683,stand_7,362.1095,0.0,0.06981,0.0,0.06981,Sidewalk
819.0,118.1288,3.0514,-1.50098,0.0,-0.0,179.8737,0.9683,stand_7,362.0969,0.0,-0.0,0.0,-0.0,Sidewalk
819.5,118.1288,3.0514,-1.46608,0.0,0.06981,179.8737,0.9683,stand_7,362.1095,0.0,0.06981,0.0,0.06981,Sidewalk
820.0,118.1288,3.0514,-1.46608,0.0,-0.0,179.8737,0.9683,stand_7,362.0969,0.0,-0.0,0.0,-0.0,Sidewalk
820.5,118.1288,3.0514,-1.43117,0.0,0.06981,179.8737,0.9683,stand_7,362.1095,0.0,0.06981,0.0,0.06981,Sidewalk
821.0,118.1288,3.0514,-1.43117,0.0,-0.0,179.8737,0.9683,stand_7,362.0969,0.0,-0.0,0.0,-0.0,Sidewalk
821.5,118.1288,3.0514,-1.39626,0.0,0.06981,179.8737,0.9683,stand_7,362.1095,0.0,0.06981,0.0,0.06981,Sidewalk
822.0,118.1288,3.0514,-1.39626,0.0,-0.0,179.8737,0.9683,stand_7,362.0969,0.0,-0.0,0.0,-0.0,Sidewalk
822.5,118.1288,3.0514,-1.36136,0.0,0.06981,179.8737,0.9684,stand_7,362.1095,0.0,0.06981,0.0,0.06981,Sidewalk
823.0,118.1288,3.0514,-1.36136,0.0,-0.0,179.8737,0.9684,stand_7,362.0969,0.0,-0.0,0.0,-0.0,Sidewalk
823.5,118.1288,3.0514,-1.32645,0.0,0.06981,179.8737,0.9684,stand_7,362.1095,0.0,0.06981,0.0,0.06981,Sidewalk
824.0,118.1288,3.0514,-1.32645,0.0,-0.0,179.8737,0.9684,stand_7,362.0969,0.0,-0.0,0.0,-0.0,Sidewalk
824.5,118.1288,3.0514,-1.29154,0.0,0.06981,179.8737,0.9684,stand_7,362.1094,0.0,0.06981,0.0,0.06981,Sidewalk
825.0,118.1288,3.0514,-1.29154,0.0,-0.0,179.8737,0.9684,stand_7,362.0969,0.0,-0.0,0.0,-0.0,Sidewalk
825.5,118.1288,3.0514,-1.25664,0.0,0.06981,179.8737,0.9684,stand_7,362.1094,0.0,0.06981,0.0,0.06981,Sidewalk
826.0,118.1288,3.0514,-1.25664,0.0,-0.0,179.8737,0.9684,stand_7,362.0969,0.0,-0.0,0.0,-0.0,Sidewalk
826.5,118.1288,3.0514,-1.22173,0.0,0.06981,179.8737,0.9684,stand_7,362.1094,0.0,0.06981,0.0,0.06981,Sidewalk
827.0,118.1288,3.0514,-1.22173,0.0,-0.0,179.8737,0.9684,stand_7,362.0969,0.0,-0.0,0.0,-0.0,Sidewalk
827.5,118.1288,3.0514,-1.18682,0.0,0.06981,179.8737,0.9684,stand_7,362.1094,0.0,0.06981,0.0,0.06981,Sidewalk
828.0,118.1288,3.0514,-1.18682,0.0,-0.0,179.8737,0.9684,stand_7,362.0969,0.0,-0.0,0.0,-0.0,Sidewalk
828.5,118.1288,3.0514,-1.15192,0.0,0.06981,179.8737,0.9684,stand_7,362.1094,0.0,0.06981,0.0,0.06981,Sidewalk
829.0,118.1288,3.0514,-1.15192,0.0,-0.0,179.8737,0.9684,stand_7,362.0968,0.0,-0.0,0.0,-0.0,Sidewalk
829.5,118.1288,3.0514,-1.11701,0.0,0.06981,179.8737,0.9684,stand_7,362.1094,0.0,0.06981,0.0,0.06981,Sidewalk
830.0,118.1288,3.0514,-1.11701,0.0,-0.0,179.8737,0.9684,stand_7,362.0968,0.0,-0.0,0.0,-0.0,Sidewalk
830.5,118.1288,3.0514,-1.0821,0.0,0.06981,179.8737,0.9684,stand_7,362.1094,0.0,0.06981,0.0,0.06981,Sidewalk
831.0,118.1288,3.0514,-1.0821,0.0,-0.0,179.8737,0.9684,stand_7,362.0968,0.0,-0.0,0.0,-0.0,Sidewalk
831.5,118.1288,3.0514,-1.0472,0.0,0.06981,179.8737,0.9684,stand_7,362.1094,0.0,0.06981,0.0,0.06981,Sidewalk
832.0,118.1288,3.0514,-1.0472,0.0,-0.0,179.8737,0.9684,stand_7,362.0968,0.0,-0.0,0.0,-0.0,Sidewalk
832.5,118.1288,3.0514,-1.01229,0.0,0.06981,179.8737,0.9684,stand_7,362.1094,0.0,0.06981,0.0,0.06981,Sidewalk
833.0,118.1288,3.0514,-1.01229,0.0,-0.0,179.8737,0.9684,stand_7,362.0968,0.0,-0.0,0.0,-0.0,Sidewalk
833.5,118.1288,3.0514,-0.97738,0.0,0.06981,179.8737,0.9684,stand_7,362.1094,0.0,0.06981,0.0,0.06981,Sidewalk
834.0,118.1288,3.0514,-0.97738,0.0,-0.0,179.8737,0.9684,stand_7,362.0968,0.0,-0.0,0.0,-0.0,Sidewalk
834.5,118.1288,3.0514,-0.94248,0.0,0.06981,179.8737,0.9684,stand_7,362.1094,0.0,0.06981,0.0,0.06981,Sidewalk
835.0,118.1288,3.0514,-0.94248,0.0,-0.0,179.8737,0.9684,stand_7,362.0968,0.0,-0.0,0.0,-0.0,Sidewalk
835.5,118.1288,3.0514,-0.90757,0.0,0.06981,179.8737,0.9684,stand_7,362.1094,0.0,0.06981,0.0,0.06981,Sidewalk
836.0,118.1288,3.0514,-0.90757,0.0,-0.0,179.8737,0.9684,stand_7,362.0968,0.0,-0.0,0.0,-0.0,Sidewalk
836.5,118.1288,3.0514,-0.87266,0.0,0.06981,179.8737,0.9684,stand_7,362.1093,0.0,0.06981,0.0,0.06981,Sidewalk
837.0,118.1288,3.0514,-0.87266,0.0,-0.0,179.8737,0.9684,stand_7,362.0968,0.0,-0.0,0.0,-0.0,Sidewalk
837.5,118.1288,3.0514,-0.83776,0.0,0.06981,179.8737,0.9684,stand_7,362.1093,0.0,0.06981,0.0,0.06981,Sidewalk
838.0,118.1288,3.0514,-0.83776,0.0,-0.0,179.8737,0.9684,stand_7,362.0968,0.0,-0.0,0.0,-0.0,Sidewalk
838.5,118.1288,3.0514,-0.80285,0.0,0.06981,179.8737,0.9684,stand_7,362.1093,0.0,0.06981,0.0,0.06981,Sidewalk
839.0,118.1288,3.0514,-0.80285,0.0,-0.0,179.8737,0.9684,stand_7,362.0968,0.0,-0.0,0.0,-0.0,Sidewalk
839.5,118.1288,3.0514,-0.76794,0.0,0.06981,179.8737,0.9684,stand_7,362.1093,0.0,0.06981,0.0,0.06981,Sidewalk
840.0,118.1288,3.0514,-0.76794,0.0,-0.0,179.8737,0.9684,stand_7,362.0968,0.0,-0.0,0.0,-0.0,Sidewalk
840.5,118.1288,3.0514,-0.73304,0.0,0.06981,179.8737,0.9684,stand_7,362.1093,0.0,0.06981,0.0,0.06981,Sidewalk
841.0,118.1288,3.0514,-0.73304,0.0,-0.0,179.8737,0.9684,stand_7,362.0967,0.0,-0.0,0.0,-0.0,Sidewalk
841.5,118.1288,3.0514,-0.69813,0.0,0.06981,179.8737,0.9684,stand_7,362.1093,0.0,0.06981,0.0,0.06981,Sidewalk
842.0,118.1288,3.0514,-0.69813,0.0,-0.0,179.8737,0.9684,stand_7,362.0967,0.0,-0.0,0.0,-0.0,Sidewalk
842.5,118.1288,3.0514,-0.66323,0.0,0.06981,179.8737,0.9684,stand_7,362.1093,0.0,0.06981,0.0,0.06981,Sidewalk
843.0,118.1288,3.0514,-0.66323,0.0,-0.0,179.8737,0.9684,stand_7,362.0967,0.0,-0.0,0.0,-0.0,Sidewalk
843.5,118.1288,3.0514,-0.62832,0.0,0.06981,179.8737,0.9684,stand_7,362.1093,0.0,0.06981,0.0,0.06981,Sidewalk
844.0,118.1288,3.0514,-0.62832,0.0,-0.0,179.8737,0.9684,stand_7,362.0967,0.0,-0.0,0.0,-0.0,Sidewalk
844.5,118.1288,3.0514,-0.59341,0.0,0.06981,179.8737,0.9684,stand_7,362.1093,0.0,0.06981,0.0,0.06981,Sidewalk
845.0,118.1288,3.0514,-0.59341,0.0,-0.0,179.8737,0.9684,stand_7,362.0967,0.0,-0.0,0.0,-0.0,Sidewalk
845.5,118.1288,3.0514,-0.55851,0.0,0.06981,179.8737,0.9684,stand_7,362.1093,0.0,0.06981,0.0,0.06981,Sidewalk
846.0,118.1288,3.0514,-0.55851,0.0,-0.0,179.8737,0.9684,stand_7,362.0967,0.0,-0.0,0.0,-0.0,Sidewalk
846.5,118.1288,3.0514,-0.5236,0.0,0.06981,179.8737,0.9684,stand_7,362.1093,0.0,0.06981,0.0,0.06981,Sidewalk
847.0,118.1288,3.0514,-0.5236,0.0,-0.0,179.8737,0.9684,stand_7,362.0967,0.0,-0.0,0.0,-0.0,Sidewalk
847.5,118.1288,3.0514,-0.48869,0.0,0.06981,179.8737,0.9684,stand_7,362.1092,0.0,0.06981,0.0,0.06981,Sidewalk
848.0,118.1288,3.0514,-0.48869,0.0,-0.0,179.8737,0.9684,stand_7,362.0967,0.0,-0.0,0.0,-0.0,Sidewalk
848.5,118.1288,3.0514,-0.45379,0.0,0.06981,179.8737,0.9684,stand_7,362.1092,0.0,0.06981,0.0,0.06981,Sidewalk
849.0,118.1288,3.0514,-0.45379,0.0,-0.0,179.8737,0.9684,stand_7,362.0967,0.0,-0.0,0.0,-0.0,Sidewalk
849.5,118.1288,3.0514,-0.41888,0.0,0.06981,179.8737,0.9684,stand_7,362.1092,0.0,0.06981,0.0,0.06981,Sidewalk
850.0,118.1288,3.0514,-0.41888,0.0,-0.0,179.8737,0.9684,stand_7,362.0967,0.0,-0.0,0.0,-0.0,Sidewalk
850.5,118.1288,3.0514,-0.38397,0.0,0.06981,179.8737,0.9684,stand_7,362.1092,0.0,0.06981,0.0,0.06981,Sidewalk
851.0,118.1288,3.0514,-0.38397,0.0,-0.0,179.8737,0.9684,stand_7,362.0967,0.0,-0.0,0.0,-0.0,Sidewalk
851.5,118.1288,3.0514,-0.34907,0.0,0.06981,179.8737,0.9684,stand_7,362.1092,0.0,0.06981,0.0,0.06981,Sidewalk
852.0,118.1288,3.0514,-0.34907,0.0,-0.0,179.8737,0.9684,stand_7,362.0966,0.0,-0.0,0.0,-0.0,Sidewalk
852.5,118.1288,3.0514,-0.31416,0.0,0.06981,179.8737,0.9684,stand_7,362.1092,0.0,0.06981,0.0,0.06981,Sidewalk
853.0,118.1288,3.0514,-0.31416,0.0,-0.0,179.8737,0.9684,stand_7,362.0966,0.0,-0.0,0.0,-0.0,Sidewalk
853.5,118.1288,3.0514,-0.27925,0.0,0.06981,179.8737,0.9684,stand_7,362.1092,0.0,0.06981,0.0,0.06981,Sidewalk
854.0,118.1288,3.0514,-0.27925,0.0,-0.0,179.8737,0.9684,stand_7,362.0966,0.0,-0.0,0.0,-0.0,Sidewalk
854.5,118.1288,3.0514,-0.24435,0.0,0.06981,179.8737,0.9684,stand_7,362.1092,0.0,0.06981,0.0,0.06981,Sidewalk
855.0,118.1288,3.0514,-0.24435,0.0,-0.0,179.8737,0.9684,stand_7,362.0966,0.0,-0.0,0.0,-0.0,Sidewalk
855.5,118.1288,3.0514,-0.20944,0.0,0.06981,179.8737,0.9684,stand_7,362.1092,0.0,0.06981,0.0,0.06981,Sidewalk
856.0,118.1288,3.0514,-0.20944,0.0,-0.0,179.8737,0.9684,stand_7,362.0966,0.0,-0.0,0.0,-0.0,Sidewalk
856.5,118.1288,3.0514,-0.17453,0.0,0.06981,179.8737,0.9684,stand_7,362.1092,0.0,0.06981,0.0,0.06981,Sidewalk
857.0,118.1288,3.0514,-0.17453,0.0,-0.0,179.8737,0.9685,stand_7,362.0966,0.0,-0.0,0.0,-0.0,Sidewalk
857.5,118.1288,3.0514,-0.13963,0.0,0.06981,179.8737,0.9685,stand_7,362.1092,0.0,0.06981,0.0,0.06981,Sidewalk
858.0,118.1288,3.0514,-0.13963,0.0,-0.0,179.8737,0.9685,stand_7,362.0966,0.0,-0.0,0.0,-0.0,Sidewalk
858.5,118.1288,3.0514,-0.10472,0.0,0.06981,179.8737,0.9685,stand_7,362.1092,0.0,0.06981,0.0,0.06981,Sidewalk
859.0,118.1288,3.0514,-0.10472,0.0,-0.0,179.8737,0.9685,stand_7,362.0966,0.0,-0.0,0.0,-0.0,Sidewalk
859.5,118.1288,3.0514,-0.06981,0.0,0.06981,179.8737,0.9685,stand_7,362.1091,0.0,0.06981,0.0,0.06981,Sidewalk
860.0,118.1288,3.0514,-0.06981,0.0,-0.0,179.8737,0.9685,stand_7,362.0966,0.0,-0.0,0.0,-0.0,Sidewalk
860.5,118.1288,3.0514,-0.03491,0.0,0.06981,179.8737,0.9685,stand_7,362.1091,0.0,0.06981,0.0,0.06981,Sidewalk
861.0,118.1288,3.0514,-0.03491,0.0,-0.0,179.8737,0.9685,stand_7,362.0966,0.0,-0.0,0.0,-0.0,Sidewalk
861.5,118.1288,3.0514,-0.0,0.0,0.06981,179.8737,0.9685,stand_7,362.1091,0.0,0.06981,0.0,0.06981,Sidewalk
862.0,118.1288,3.0514,-0.0,0.0,-0.0,179.8737,0.9685,stand_7,362.0966,0.0,-0.0,0.0,-0.0,Sidewalk
862.5,118.1288,3.0514,0.03491,0.0,0.06981,179.8737,0.9685,stand_7,362.1091,0.0,0.06981,0.0,0.06981,Sidewalk
863.0,118.1288,3.0514,0.03491,0.0,-0.0,179.8737,0.9685,stand_7,362.0966,0.0,-0.0,0.0,-0.0,Sidewalk
863.5,118.1288,3.0514,0.06981,0.0,0.06981,179.8737,0.9685,stand_7,362.1091,0.0,0.06981,0.0,0.06981,Sidewalk
864.0,118.1288,3.0514,0.06981,0.0,-0.0,179.8737,0.9685,stand_7,362.0965,0.0,-0.0,0.0,-0.0,Sidewalk
864.5,118.1288,3.0514,0.10472,0.0,0.06981,179.8737,0.9685,stand_7,362.1091,0.0,0.06981,0.0,0.06981,Sidewalk
865.0,118.1288,3.0514,0.10472,0.0,-0.0,179.8737,0.9685,stand_7,362.0965,0.0,-0.0,0.0,-0.0,Sidewalk
865.5,118.1288,3.0514,0.13963,0.0,0.06981,179.8737,0.9685,stand_7,362.1091,0.0,0.06981,0.0,0.06981,Sidewalk
866.0,118.1288,3.0514,0.13963,0.0,-0.0,179.8737,0.9685,stand_7,362.0965,0.0,-0.0,0.0,-0.0,Sidewalk
866.5,118.1288,3.0514,0.17453,0.0,0.06981,179.8737,0.9685,stand_7,362.1091,0.0,0.06981,0.0,0.06981,Sidewalk
867.0,118.1288,3.0514,0.17453,0.0,-0.0,179.8737,0.9685,stand_7,362.0965,0.0,-0.0,0.0,-0.0,Sidewalk
867.5,118.1288,3.0514,0.20944,0.0,0.06981,179.8737,0.9685,stand_7,362.1091,0.0,0.06981,0.0,0.06981,Sidewalk
868.0,118.1288,3.0514,0.20944,0.0,-0.0,179.8737,0.9685,stand_7,362.0965,0.0,-0.0,0.0,-0.0,Sidewalk
868.5,118.1288,3.0514,0.24435,0.0,0.06981,179.8737,0.9685,stand_7,362.1091,0.0,0.06981,0.0,0.06981,Sidewalk
869.0,118.1288,3.0514,0.24435,0.0,-0.0,179.8737,0.9685,stand_7,362.0965,0.0,-0.0,0.0,-0.0,Sidewalk
869.5,118.1288,3.0514,0.27925,0.0,0.06981,179.8737,0.9685,stand_7,362.1091,0.0,0.06981,0.0,0.06981,Sidewalk
870.0,118.1288,3.0514,0.27925,0.0,-0.0,179.8737,0.9685,stand_7,362.0965,0.0,-0.0,0.0,-0.0,Sidewalk
870.5,118.1288,3.0514,0.31416,0.0,0.06981,179.8737,0.9685,stand_7,362.1091,0.0,0.06981,0.0,0.06981,Sidewalk
871.0,118.1288,3.0514,0.31416,0.0,-0.0,179.8737,0.9685,stand_7,362.0965,0.0,-0.0,0.0,-0.0,Sidewalk
871.5,118.1288,3.0514,0.34907,0.0,0.06981,179.8737,0.9685,stand_7,362.109,0.0,0.06981,0.0,0.06981,Sidewalk
872.0,118.1288,3.0514,0.34907,0.0,-0.0,179.8737,0.9685,stand_7,362.0965,0.0,-0.0,0.0,-0.0,Sidewalk
872.5,118.1288,3.0514,0.38397,0.0,0.06981,179.8737,0.9685,stand_7,362.109,0.0,0.06981,0.0,0.06981,Sidewalk
873.0,118.1288,3.0514,0.38397,0.0,-0.0,179.8737,0.9685,stand_7,362.0965,0.0,-0.0,0.0,-0.0,Sidewalk
873.5,118.1288,3.0514,0.41888,0.0,0.06981,179.8737,0.9685,stand_7,362.109,0.0,0.06981,0.0,0.06981,Sidewalk
874.0,118.1288,3.0514,0.41888,0.0,-0.0,179.8737,0.9685,stand_7,362.0965,0.0,-0.0,0.0,-0.0,Sidewalk
874.5,118.1288,3.0514,0.45379,0.0,0.06981,179.8737,0.9685,stand_7,362.109,0.0,0.06981,0.0,0.06981,Sidewalk
875.0,118.1288,3.0514,0.45379,0.0,-0.0,179.8737,0.9685,stand_7,362.0965,0.0,-0.0,0.0,-0.0,Sidewalk
875.5,118.1288,3.0514,0.48869,0.0,0.06981,179.8737,0.9685,stand_7,362.109,0.0,0.06981,0.0,0.06981,Sidewalk
876.0,118.1288,3.0514,0.48869,0.0,-0.0,179.8737,0.9685,stand_7,362.0965,0.0,-0.0,0.0,-0.0,Sidewalk
876.5,118.1288,3.0514,0.5236,0.0,0.06981,179.8737,0.9685,stand_7,362.109,0.0,0.06981,0.0,0.06981,Sidewalk
877.0,118.1288,3.0514,0.5236,0.0,-0.0,179.8737,0.9685,stand_7,362.0964,0.0,-0.0,0.0,-0.0,Sidewalk
877.5,118.1288,3.0514,0.55851,0.0,0.06981,179.8737,0.9685,stand_7,362.109,0.0,0.06981,0.0,0.06981,Sidewalk
878.0,118.1288,3.0514,0.55851,0.0,-0.0,179.8737,0.9685,stand_7,362.0964,0.0,-0.0,0.0,-0.0,Sidewalk
878.5,118.1288,3.0514,0.59341,0.0,0.06981,179.8737,0.9685,stand_7,362.109,0.0,0.06981,0.0,0.06981,Sidewalk
879.0,118.1288,3.0514,0.59341,0.0,-0.0,179.8737,0.9685,stand_7,362.0964,0.0,-0.0,0.0,-0.0,Sidewalk
879.5,118.1288,3.0514,0.62832,0.0,0.06981,179.8737,0.9685,stand_7,362.109,0.0,0.06981,0.0,0.06981,Sidewalk
880.0,118.1288,3.0514,0.62832,0.0,-0.0,179.8737,0.9685,stand_7,362.0964,0.0,-0.0,0.0,-0.0,Sidewalk
880.5,118.1288,3.0514,0.66323,0.0,0.06981,179.8737,0.9685,stand_7,362.109,0.0,0.06981,0.0,0.06981,Sidewalk
881.0,118.1288,3.0514,0.66323,0.0,-0.0,179.8737,0.9685,stand_7,362.0964,0.0,-0.0,0.0,-0.0,Sidewalk
881.5,118.1288,3.0514,0.69813,0.0,0.06981,179.8737,0.9685,stand_7,362.109,0.0,0.06981,0.0,0.06981,Sidewalk
882.0,118.1288,3.0514,0.69813,0.0,-0.0,179.8737,0.9685,stand_7,362.0964,0.0,-0.0,0.0,-0.0,Sidewalk
882.5,118.1288,3.0514,0.73304,0.0,0.06981,179.8737,0.9685,stand_7,362.109,0.0,0.06981,0.0,0.06981,Sidewalk
883.0,118.1288,3.0514,0.73304,0.0,-0.0,179.8737,0.9685,stand_7,362.0964,0.0,-0.0,0.0,-0.0,Sidewalk
883.5,118.1288,3.0514,0.76794,0.0,0.06981,179.8737,0.9685,stand_7,362.1089,0.0,0.06981,0.0,0.06981,Sidewalk
884.0,118.1288,3.0514,0.76794,0.0,-0.0,179.8737,0.9685,stand_7,362.0964,0.0,-0.0,0.0,-0.0,Sidewalk
884.5,118.1288,3.0514,0.80285,0.0,0.06981,179.8737,0.9685,stand_7,362.1089,0.0,0.06981,0.0,0.06981,Sidewalk
885.0,118.1288,3.0514,0.80285,0.0,-0.0,179.8737,0.9685,stand_7,362.0964,0.0,-0.0,0.0,-0.0,Sidewalk
885.5,118.1288,3.0514,0.83776,0.0,0.06981,179.8737,0.9685,stand_7,362.1089,0.0,0.06981,0.0,0.06981,Sidewalk
886.0,118.1288,3.0514,0.83776,0.0,-0.0,179.8737,0.9685,stand_7,362.0964,0.0,-0.0,0.0,-0.0,Sidewalk
886.5,118.1288,3.0514,0.87266,0.0,0.06981,179.8737,0.9685,stand_7,362.1089,0.0,0.06981,0.0,0.06981,Sidewalk
887.0,118.1288,3.0514,0.87266,0.0,-0.0,179.8737,0.9685,stand_7,362.0964,0.0,-0.0,0.0,-0.0,Sidewalk
887.5,118.1288,3.0514,0.90757,0.0,0.06981,179.8737,0.9685,stand_7,362.1089,0.0,0.06981,0.0,0.06981,Sidewalk
888.0,118.1288,3.0514,0.90757,0.0,-0.0,179.8737,0.9685,stand_7,362.0963,0.0,-0.0,0.0,-0.0,Sidewalk
888.5,118.1288,3.0514,0.94248,0.0,0.06981,179.8737,0.9685,stand_7,362.1089,0.0,0.06981,0.0,0.06981,Sidewalk
889.0,118.1288,3.0514,0.94248,0.0,-0.0,179.8737,0.9685,stand_7,362.0963,0.0,-0.0,0.0,-0.0,Sidewalk
889.5,118.1288,3.0514,0.97738,0.0,0.06981,179.8737,0.9685,stand_7,362.1089,0.0,0.06981,0.0,0.06981,Sidewalk
890.0,118.1288,3.0514,0.97738,0.0,-0.0,179.8737,0.9685,stand_7,362.0963,0.0,-0.0,0.0,-0.0,Sidewalk
890.5,118.1288,3.0514,1.01229,0.0,0.06981,179.8737,0.9685,stand_7,362.1089,0.0,0.06981,0.0,0.06981,Sidewalk
891.0,118.1288,3.0514,1.01229,0.0,-0.0,179.8737,0.9685,stand_7,362.0963,0.0,-0.0,0.0,-0.0,Sidewalk
891.5,118.1288,3.0514,1.0472,0.0,0.06981,179.8737,0.9685,stand_7,362.1089,0.0,0.06981,0.0,0.06981,Sidewalk
892.0,118.1288,3.0514,1.0472,0.0,-0.0,179.8737,0.9685,stand_7,362.0963,0.0,-0.0,0.0,-0.0,Sidewalk
892.5,118.1288,3.0514,1.0821,0.0,0.06981,179.8737,0.9685,stand_7,362.1089,0.0,0.06981,0.0,0.06981,Sidewalk
893.0,118.1288,3.0514,1.0821,0.0,-0.0,179.8737,0.9685,stand_7,362.0963,0.0,-0.0,0.0,-0.0,Sidewalk
893.5,118.1288,3.0514,1.11701,0.0,0.06981,179.8737,0.9685,stand_7,362.1089,0.0,0.06981,0.0,0.06981,Sidewalk
894.0,118.1288,3.0514,1.11701,0.0,-0.0,179.8737,0.9686,stand_7,362.0963,0.0,-0.0,0.0,-0.0,Sidewalk
894.5,118.1288,3.0514,1.15192,0.0,0.06981,179.8737,0.9686,stand_7,362.1089,0.0,0.06981,0.0,0.06981,Sidewalk
895.0,118.1288,3.0514,1.15192,0.0,-0.0,179.8737,0.9686,stand_7,362.0963,0.0,-0.0,0.0,-0.0,Sidewalk
895.5,118.1288,3.0514,1.18682,0.0,0.06981,179.8737,0.9686,stand_7,362.1089,0.0,0.06981,0.0,0.06981,Sidewalk
896.0,118.1288,3.0514,1.18682,0.0,-0.0,179.8737,0.9686,stand_7,362.0963,0.0,-0.0,0.0,-0.0,Sidewalk
896.5,118.1288,3.0514,1.22173,0.0,0.06981,179.8737,0.9686,stand_7,362.1089,0.0,0.06981,0.0,0.06981,Sidewalk
897.0,118.1288,3.0514,1.22173,0.0,-0.0,179.8737,0.9686,stand_7,362.0963,0.0,-0.0,0.0,-0.0,Sidewalk
897.5,118.1288,3.0514,1.25664,0.0,0.06981,179.8737,0.9686,stand_7,362.1088,0.0,0.06981,0.0,0.06981,Sidewalk
898.0,118.1288,3.0514,1.25664,0.0,-0.0,179.8737,0.9686,stand_7,362.0963,0.0,-0.0,0.0,-0.0,Sidewalk
898.5,118.1288,3.0514,1.29154,0.0,0.06981,179.8737,0.9686,stand_7,362.1088,0.0,0.06981,0.0,0.06981,Sidewalk
899.0,118.1288,3.0514,1.29154,0.0,-0.0,179.8737,0.9686,stand_7,362.0963,0.0,-0.0,0.0,-0.0,Sidewalk
899.5,118.1288,3.0514,1.32645,0.0,0.06981,179.8737,0.9686,stand_7,362.1088,0.0,0.06981,0.0,0.06981,Sidewalk
900.0,118.1288,3.0514,1.32645,0.0,-0.0,179.8737,0.9686,stand_7,362.0963,0.0,-0.0,0.0,-0.0,Sidewalk
900.5,118.1288,3.0514,1.36136,0.0,0.06981,179.8737,0.9686,stand_7,362.1088,0.0,0.06981,0.0,0.06981,Sidewalk
