time,x,y,yaw,v,w,goal_distance,min_person_dist,closest_person,total_cost,action_linear_x,action_angular_z,observation_state_linear_x,observation_state_angular_z,observation_state_road_type
0.5,2.08,3.9972,-0.03491,0.16,-0.06981,295.92,2.9201,walk_east_mid.0,355.8633,0.16,-0.06981,0.16,-0.06981,Sidewalk
1.0,2.2399,3.9916,-0.03491,0.32,-0.0,295.7601,3.2025,walk_east_dn.0,355.1325,0.32,-0.0,0.32,-0.0,Sidewalk
1.5,2.4599,3.9916,0.0,0.44,0.06981,295.5401,3.3648,walk_east_dn.0,354.6844,0.44,0.06981,0.44,0.06981,Sidewalk
2.0,2.6999,3.9916,0.0,0.48,-0.0,295.3001,3.5306,walk_east_dn.0,354.1139,0.48,-0.0,0.48,-0.0,Sidewalk
2.5,2.9197,3.9839,-0.03491,0.44,-0.06981,295.0803,3.698,walk_east_up.0,353.7612,0.44,-0.06981,0.44,-0.06981,Sidewalk
3.0,3.1596,3.9756,-0.03491,0.48,-0.0,294.8404,3.8355,walk_east_up.0,353.2236,0.48,-0.0,0.48,-0.0,Sidewalk
3.5,3.4189,3.9574,-0.06981,0.52,-0.06981,294.5811,3.9706,walk_east_up.0,352.7873,0.52,-0.06981,0.52,-0.06981,Sidewalk
4.0,3.6983,3.9379,-0.06981,0.56,-0.0,294.3017,4.0715,walk_east_up.0,352.2601,0.56,-0.0,0.56,-0.0,Sidewalk
4.5,3.9966,3.9065,-0.10472,0.6,-0.06981,294.0034,4.1636,walk_east_up.0,351.8377,0.6,-0.06981,0.6,-0.06981,Sidewalk
5.0,4.3149,3.8731,-0.10472,0.64,-0.0,293.6852,4.2549,walk_east_dn.0,351.3649,0.64,-0.0,0.64,-0.0,Sidewalk
5.5,4.654,3.8494,-0.06981,0.68,0.06981,293.346,4.3091,walk_east_up.0,350.8547,0.68,0.06981,0.68,0.06981,Sidewalk
6.0,4.9733,3.8271,-0.06981,0.64,-0.0,293.0268,4.3662,walk_east_dn.0,350.4078,0.64,-0.0,0.64,-0.0,Sidewalk
6.5,5.313,3.8152,-0.03491,0.68,0.06981,292.687,4.3975,walk_east_dn.0,349.9458,0.68,0.06981,0.68,0.06981,Sidewalk
7.0,5.6329,3.804,-0.03491,0.64,-0.0,292.3672,4.4858,walk_east_dn.0,349.4626,0.64,-0.0,0.64,-0.0,Sidewalk
7.5,5.972,3.7803,-0.06981,0.68,-0.06981,292.0281,4.5274,walk_east_up.0,348.9914,0.68,-0.06981,0.68,-0.06981,Sidewalk
8.0,6.3311,3.7552,-0.06981,0.72,-0.0,291.669,4.5945,walk_east_dn.0,348.5063,0.72,-0.0,0.72,-0.0,Sidewalk
8.5,6.6709,3.7433,-0.03491,0.68,0.06981,291.3292,4.6534,walk_east_up.0,348.0296,0.68,0.06981,0.68,0.06981,Sidewalk
9.0,7.0307,3.7308,-0.03491,0.72,-0.0,290.9694,4.657,walk_east_up.0,347.4992,0.72,-0.0,0.72,-0.0,Sidewalk
9.5,7.4098,3.7043,-0.06981,0.76,-0.06981,290.5904,4.724,walk_east_up.0,347.0258,0.76,-0.06981,0.76,-0.06981,Sidewalk
10.0,7.7689,3.6791,-0.06981,0.72,-0.0,290.2313,4.7293,walk_east_dn.0,346.6093,0.72,-0.0,0.72,-0.0,Sidewalk
10.5,8.1487,3.6659,-0.03491,0.76,0.06981,289.8515,4.7788,walk_east_dn.0,346.0092,0.76,0.06981,0.76,0.06981,Sidewalk
11.0,8.5085,3.6533,-0.03491,0.72,-0.0,289.4917,4.8283,walk_east_up.0,345.5967,0.72,-0.0,0.72,-0.0,Sidewalk
11.5,8.8885,3.6533,-0.0,0.76,0.06981,289.1117,4.846,walk_east_up.0,345.1379,0.76,0.06981,0.76,0.06981,Sidewalk
12.0,9.2885,3.6533,-0.0,0.8,-0.0,288.7117,4.8634,walk_east_up.0,344.5131,0.8,-0.0,0.8,-0.0,Sidewalk
12.5,9.6682,3.6401,-0.03491,0.76,-0.06981,288.332,4.8889,walk_east_up.0,344.0883,0.76,-0.06981,0.76,-0.06981,Sidewalk
13.0,10.068,3.6261,-0.03491,0.8,-0.0,287.9323,4.9058,walk_east_dn.0,343.6266,0.8,-0.0,0.8,-0.0,Sidewalk
13.5,10.448,3.6261,-0.0,0.76,0.06981,287.5523,4.9055,walk_east_dn.0,343.1605,0.76,0.06981,0.76,0.06981,Sidewalk
14.0,10.848,3.6261,-0.0,0.8,-0.0,287.1523,4.8803,walk_east_dn.0,342.7043,0.8,-0.0,0.8,-0.0,Sidewalk
14.5,11.2278,3.6394,0.03491,0.76,0.06981,286.7725,4.9327,walk_east_dn.0,342.2066,0.76,0.06981,0.76,0.06981,Sidewalk
15.0,11.6275,3.6533,0.03491,0.8,-0.0,286.3727,4.9216,walk_east_dn.0,341.6708,0.8,-0.0,0.8,-0.0,Sidewalk
15.5,12.0075,3.6533,-0.0,0.76,-0.06981,285.9927,4.9203,walk_east_dn.0,341.2986,0.76,-0.06981,0.76,-0.06981,Sidewalk
16.0,12.4075,3.6533,-0.0,0.8,-0.0,285.5927,4.958,walk_east_up.0,340.7162,0.8,-0.0,0.8,-0.0,Sidewalk
16.5,12.7873,3.6401,-0.03491,0.76,-0.06981,285.2129,4.9524,walk_east_up.0,340.3206,0.76,-0.06981,0.76,-0.06981,Sidewalk
17.0,13.187,3.6261,-0.03491,0.8,-0.0,284.8132,4.9169,walk_east_dn.0,339.8679,0.8,-0.0,0.8,-0.0,Sidewalk
17.5,13.567,3.6261,-0.0,0.76,0.06981,284.4332,4.9505,walk_east_dn.0,339.3445,0.76,0.06981,0.76,0.06981,Sidewalk
18.0,13.967,3.6261,-0.0,0.8,-0.0,284.0332,4.9809,walk_east_dn.0,338.8238,0.8,-0.0,0.8,-0.0,Sidewalk
18.5,14.3868,3.6408,0.03491,0.84,0.06981,283.6134,4.9342,walk_east_dn.0,338.364,0.84,0.06981,0.84,0.06981,Sidewalk
19.0,14.7865,3.6547,0.03491,0.8,-0.0,283.2137,4.9168,walk_east_dn.0,337.8859,0.8,-0.0,0.8,-0.0,Sidewalk
19.5,15.1656,3.6812,0.06981,0.76,0.06981,282.8346,4.9393,walk_east_dn.0,337.4666,0.76,0.06981,0.76,0.06981,Sidewalk
20.0,15.5646,3.7091,0.06981,0.8,-0.0,282.4355,4.987,walk_east_dn.0,336.8127,0.8,-0.0,0.8,-0.0,Sidewalk
20.5,15.9823,3.753,0.10472,0.84,0.06981,282.0178,4.9382,walk_east_dn.0,336.4956,0.84,0.06981,0.84,0.06981,Sidewalk
21.0,16.3801,3.7948,0.10472,0.8,-0.0,281.6199,4.9303,walk_east_dn.0,335.8759,0.8,-0.0,0.8,-0.0,Sidewalk
21.5,16.7961,3.8533,0.13963,0.84,0.06981,281.204,4.8847,walk_east_dn.0,335.504,0.84,0.06981,0.84,0.06981,Sidewalk
22.0,17.1922,3.909,0.13963,0.8,-0.0,280.8078,4.9123,walk_east_dn.0,334.9759,0.8,-0.0,0.8,-0.0,Sidewalk
22.5,17.5701,3.9487,0.10472,0.76,-0.06981,280.4299,4.9163,walk_east_dn.0,334.5889,0.76,-0.06981,0.76,-0.06981,Sidewalk
23.0,17.9679,3.9905,0.10472,0.8,-0.0,280.0321,4.9552,walk_east_dn.0,334.0347,0.8,-0.0,0.8,-0.0,Sidewalk
23.5,18.347,4.017,0.06981,0.76,-0.06981,279.653,5.0122,walk_east_dn.0,333.5771,0.76,-0.06981,0.76,-0.06981,Sidewalk
24.0,18.746,4.0449,0.06981,0.8,-0.0,279.254,5.0276,walk_east_dn.0,332.9996,0.8,-0.0,0.8,-0.0,Sidewalk
24.5,19.1637,4.0888,0.10472,0.84,0.06981,278.8363,4.9886,walk_east_dn.0,332.554,0.84,0.06981,0.84,0.06981,Sidewalk
25.0,19.5615,4.1306,0.10472,0.8,-0.0,278.4385,5.0348,walk_east_up.0,332.08,0.8,-0.0,0.8,-0.0,Sidewalk
25.5,19.9805,4.1599,0.06981,0.84,-0.06981,278.0196,4.9977,walk_east_up.0,331.5038,0.84,-0.06981,0.84,-0.06981,Sidewalk
26.0,20.3795,4.1878,0.06981,0.8,-0.0,277.6206,4.9835,walk_east_up.0,331.1457,0.8,-0.0,0.8,-0.0,Sidewalk
26.5,20.7993,4.2025,0.03491,0.84,-0.06981,277.2008,4.9594,walk_east_up.0,330.6435,0.84,-0.06981,0.84,-0.06981,Sidewalk
27.0,21.199,4.2164,0.03491,0.8,-0.0,276.8011,4.9491,walk_east_up.0,330.1837,0.8,-0.0,0.8,-0.0,Sidewalk
27.5,21.579,4.2164,-0.0,0.76,-0.06981,276.4211,4.9718,walk_east_up.0,329.7252,0.76,-0.06981,0.76,-0.06981,Sidewalk
28.0,21.979,4.2164,-0.0,0.8,-0.0,276.0211,5.0069,walk_east_dn.0,329.1336,0.8,-0.0,0.8,-0.0,Sidewalk
28.5,22.3988,4.2311,0.03491,0.84,0.06981,275.6013,4.9659,walk_east_up.0,328.7873,0.84,0.06981,0.84,0.06981,Sidewalk
29.0,22.7985,4.245,0.03491,0.8,-0.0,275.2016,4.9528,walk_east_up.0,328.2643,0.8,-0.0,0.8,-0.0,Sidewalk
29.5,23.2185,4.245,-0.0,0.84,-0.06981,274.7816,4.946,walk_east_up.0,327.7522,0.84,-0.06981,0.84,-0.06981,Sidewalk
30.0,23.6175,4.2171,-0.06981,0.8,-0.13963,274.3826,4.9091,walk_east_up.0,327.3007,0.8,-0.13963,0.8,-0.13963,Sidewalk
30.5,24.0352,4.1732,-0.10472,0.84,-0.06981,273.9648,4.9099,walk_east_up.0,326.8179,0.84,-0.06981,0.84,-0.06981,Sidewalk
31.0,24.433,4.1314,-0.10472,0.8,-0.0,273.567,4.9523,walk_east_up.0,326.2005,0.8,-0.0,0.8,-0.0,Sidewalk
31.5,24.849,4.073,-0.13963,0.84,-0.06981,273.1511,4.9346,walk_east_up.0,325.8213,0.84,-0.06981,0.84,-0.06981,Sidewalk
32.0,25.2451,4.0173,-0.13963,0.8,-0.0,272.7549,4.9822,walk_east_up.0,325.3006,0.8,-0.0,0.8,-0.0,Sidewalk
32.5,25.6628,3.9734,-0.10472,0.84,0.06981,272.3372,4.9579,walk_east_up.0,324.8126,0.84,0.06981,0.84,0.06981,Sidewalk
33.0,26.0606,3.9316,-0.10472,0.8,-0.0,271.9394,4.9962,walk_east_up.0,324.3203,0.8,-0.0,0.8,-0.0,Sidewalk
33.5,26.4795,3.9023,-0.06981,0.84,0.06981,271.5205,4.9625,walk_east_dn.0,323.8019,0.84,0.06981,0.84,0.06981,Sidewalk
34.0,26.8786,3.8744,-0.06981,0.8,-0.0,271.1215,4.9122,walk_east_mid.1,323.3687,0.8,-0.0,0.8,-0.0,Sidewalk
34.5,27.2565,3.8347,-0.10472,0.76,-0.06981,270.7436,4.6785,walk_east_mid.1,322.9181,0.76,-0.06981,0.76,-0.06981,Sidewalk
35.0,27.6543,3.7929,-0.10472,0.8,-0.0,270.3458,4.4762,walk_east_mid.1,322.4312,0.8,-0.0,0.8,-0.0,Sidewalk
35.5,28.0733,3.7636,-0.06981,0.84,0.06981,269.9268,4.2504,walk_east_mid.1,321.8424,0.84,0.06981,0.84,0.06981,Sidewalk
36.0,28.4723,3.7357,-0.06981,0.8,-0.0,269.5278,4.0605,walk_east_mid.1,321.4754,0.8,-0.0,0.8,-0.0,Sidewalk
36.5,28.892,3.721,-0.03491,0.84,0.06981,269.1081,3.887,walk_east_mid.1,320.9724,0.84,0.06981,0.84,0.06981,Sidewalk
37.0,29.2918,3.707,-0.03491,0.8,-0.0,268.7084,3.6334,walk_east_mid.1,320.4914,0.8,-0.0,0.8,-0.0,Sidewalk
37.5,29.6718,3.707,-0.0,0.76,0.06981,268.3284,3.4145,walk_east_mid.1,320.0293,0.76,0.06981,0.76,0.06981,Sidewalk
38.0,30.0718,3.707,-0.0,0.8,-0.0,267.9284,3.2606,walk_east_mid.1,319.5438,0.8,-0.0,0.8,-0.0,Sidewalk
38.5,30.4516,3.7203,0.03491,0.76,0.06981,267.5486,3.0587,walk_east_mid.1,319.1286,0.76,0.06981,0.76,0.06981,Sidewalk
39.0,30.8513,3.7343,0.03491,0.8,-0.0,267.1488,2.8351,walk_east_mid.1,318.5291,0.8,-0.0,0.8,-0.0,Sidewalk
39.5,31.2304,3.7608,0.06981,0.76,0.06981,266.7697,2.6042,walk_east_mid.1,318.2005,0.76,0.06981,0.76,0.06981,Sidewalk
40.0,31.6294,3.7887,0.06981,0.8,-0.0,266.3707,2.4578,walk_east_mid.1,317.5639,0.8,-0.0,0.8,-0.0,Sidewalk
40.5,32.0092,3.8019,0.03491,0.76,-0.06981,265.9909,2.2437,walk_east_mid.1,317.2443,0.76,-0.06981,0.76,-0.06981,Sidewalk
41.0,32.409,3.8159,0.03491,0.8,-0.0,265.5911,2.1026,walk_east_mid.1,316.6389,0.8,-0.0,0.8,-0.0,Sidewalk
41.5,32.829,3.8159,-0.0,0.84,-0.06981,265.1711,1.8684,walk_east_mid.1,316.2967,0.84,-0.06981,0.84,-0.06981,Sidewalk
42.0,33.229,3.8159,-0.0,0.8,-0.0,264.7711,1.6982,walk_east_mid.1,315.8378,0.8,-0.0,0.8,-0.0,Sidewalk
42.5,33.6487,3.8306,0.03491,0.84,0.06981,264.3514,1.5181,walk_east_mid.1,315.5387,0.84,0.06981,0.84,0.06981,Sidewalk
43.0,34.0884,3.8459,0.03491,0.88,-0.0,263.9116,1.4171,walk_east_mid.1,314.9361,0.88,-0.0,0.88,-0.0,Sidewalk
43.5,34.5084,3.8459,-0.0,0.84,-0.06981,263.4916,1.4764,walk_east_mid.1,314.5748,0.84,-0.06981,0.84,-0.06981,Sidewalk
44.0,34.9484,3.8459,-0.0,0.88,-0.0,263.0516,1.3767,walk_east_mid.1,314.0039,0.88,-0.0,0.88,-0.0,Sidewalk
44.5,35.4081,3.8299,-0.03491,0.92,-0.06981,262.5919,1.5081,walk_east_mid.1,313.5503,0.92,-0.06981,0.92,-0.06981,Sidewalk
45.0,35.8479,3.8145,-0.03491,0.88,-0.0,262.1522,1.4566,walk_east_mid.1,312.9516,0.88,-0.0,0.88,-0.0,Sidewalk
45.5,36.2669,3.7852,-0.06981,0.84,-0.06981,261.7332,1.4376,walk_east_mid.1,312.6155,0.84,-0.06981,0.84,-0.06981,Sidewalk
46.0,36.7058,3.7545,-0.06981,0.88,-0.0,261.2943,1.4074,walk_east_mid.1,312.0387,0.88,-0.0,0.88,-0.0,Sidewalk
46.5,37.1255,3.7399,-0.03491,0.84,0.06981,260.8746,1.4541,walk_east_mid.1,311.608,0.84,0.06981,0.84,0.06981,Sidewalk
47.0,37.5253,3.7259,-0.03491,0.8,-0.0,260.4749,1.4774,walk_east_mid.1,311.0833,0.8,-0.0,0.8,-0.0,Sidewalk
47.5,37.9453,3.7259,-0.0,0.84,0.06981,260.0549,1.4099,walk_east_mid.1,310.7879,0.84,0.06981,0.84,0.06981,Sidewalk
48.0,38.3853,3.7259,-0.0,0.88,-0.0,259.6149,1.4841,walk_east_mid.1,310.1403,0.88,-0.0,0.88,-0.0,Sidewalk
48.5,38.805,3.7112,-0.03491,0.84,-0.06981,259.1951,1.4232,walk_east_mid.1,309.5743,0.84,-0.06981,0.84,-0.06981,Sidewalk
49.0,39.2048,3.6973,-0.03491,0.8,-0.0,258.7954,1.4574,walk_east_mid.1,309.1127,0.8,-0.0,0.8,-0.0,Sidewalk
49.5,39.6248,3.6973,-0.0,0.84,0.06981,258.3754,1.4127,walk_east_mid.1,309.0683,0.84,0.06981,0.84,0.06981,Sidewalk
50.0,40.0248,3.6973,-0.0,0.8,-0.0,257.9754,1.4377,walk_east_mid.1,308.1691,0.8,-0.0,0.8,-0.0,Sidewalk
50.5,40.4445,3.6826,-0.03491,0.84,-0.06981,257.5557,1.45,walk_east_mid.1,307.5462,0.84,-0.06981,0.84,-0.06981,Sidewalk
51.0,40.8443,3.6687,-0.03491,0.8,-0.0,257.1559,1.4134,walk_east_mid.1,307.2492,0.8,-0.0,0.8,-0.0,Sidewalk
51.5,41.2243,3.6687,-0.0,0.76,0.06981,256.7759,1.4266,walk_east_mid.1,307.0205,0.76,0.06981,0.76,0.06981,Sidewalk
52.0,41.6643,3.6687,-0.0,0.88,-0.0,256.3359,1.387,walk_east_mid.1,306.2732,0.88,-0.0,0.88,-0.0,Sidewalk
52.5,42.0441,3.6819,0.03491,0.76,0.06981,255.9561,1.4081,walk_east_mid.1,306.1033,0.76,0.06981,0.76,0.06981,Sidewalk
53.0,42.4438,3.6959,0.03491,0.8,-0.0,255.5564,1.356,walk_east_mid.1,305.4732,0.8,-0.0,0.8,-0.0,Sidewalk
53.5,42.8638,3.6959,-0.0,0.84,-0.06981,255.1364,1.4456,walk_east_mid.1,304.6237,0.84,-0.06981,0.84,-0.06981,Sidewalk
54.0,43.2638,3.6959,-0.0,0.8,-0.0,254.7364,1.4604,walk_east_mid.1,304.2308,0.8,-0.0,0.8,-0.0,Sidewalk
54.5,43.6836,3.6812,-0.03491,0.84,-0.06981,254.3166,1.4154,walk_east_mid.1,303.7406,0.84,-0.06981,0.84,-0.06981,Sidewalk
55.0,44.0833,3.6673,-0.03491,0.8,-0.0,253.9169,1.4446,walk_east_mid.1,303.2887,0.8,-0.0,0.8,-0.0,Sidewalk
55.5,44.4633,3.6673,-0.0,0.76,0.06981,253.5369,1.3461,walk_east_mid.1,303.3408,0.76,0.06981,0.76,0.06981,Sidewalk
56.0,44.9033,3.6673,-0.0,0.88,-0.0,253.0969,1.4588,walk_east_mid.1,302.3072,0.88,-0.0,0.88,-0.0,Sidewalk
56.5,45.2831,3.6805,0.03491,0.76,0.06981,252.7171,1.4474,walk_east_mid.1,302.1234,0.76,0.06981,0.76,0.06981,Sidewalk
57.0,45.7228,3.6959,0.03491,0.88,-0.0,252.2774,1.3663,walk_east_mid.1,301.5816,0.88,-0.0,0.88,-0.0,Sidewalk
57.5,46.1428,3.6959,-0.0,0.84,-0.06981,251.8574,1.4946,walk_east_mid.1,300.9417,0.84,-0.06981,0.84,-0.06981,Sidewalk
58.0,46.5428,3.6959,-0.0,0.8,-0.0,251.4574,1.4416,walk_east_mid.1,300.3386,0.8,-0.0,0.8,-0.0,Sidewalk
58.5,46.9626,3.6812,-0.03491,0.84,-0.06981,251.0376,1.4362,walk_east_mid.1,299.7565,0.84,-0.06981,0.84,-0.06981,Sidewalk
59.0,47.3623,3.6673,-0.03491,0.8,-0.0,250.6379,1.4923,walk_east_mid.1,299.2494,0.8,-0.0,0.8,-0.0,Sidewalk
59.5,47.7423,3.6673,-0.0,0.76,0.06981,250.2579,1.4367,walk_east_mid.1,299.1749,0.76,0.06981,0.76,0.06981,Sidewalk
60.0,48.1423,3.6673,-0.0,0.8,-0.0,249.8579,1.4325,walk_east_mid.1,298.4412,0.8,-0.0,0.8,-0.0,Sidewalk
60.5,48.5221,3.6805,0.03491,0.76,0.06981,249.4781,1.4463,walk_east_mid.1,298.239,0.76,0.06981,0.76,0.06981,Sidewalk
61.0,48.9218,3.6945,0.03491,0.8,-0.0,249.0784,1.41,walk_east_mid.1,297.5597,0.8,-0.0,0.8,-0.0,Sidewalk
61.5,49.3418,3.6945,-0.0,0.84,-0.06981,248.6584,1.4051,walk_east_mid.1,297.1186,0.84,-0.06981,0.84,-0.06981,Sidewalk
62.0,49.7418,3.6945,-0.0,0.8,-0.0,248.2584,1.4861,walk_east_mid.1,296.4015,0.8,-0.0,0.8,-0.0,Sidewalk
62.5,50.1616,3.6798,-0.03491,0.84,-0.06981,247.8386,1.4141,walk_east_mid.1,296.0706,0.84,-0.06981,0.84,-0.06981,Sidewalk
63.0,50.5613,3.6659,-0.03491,0.8,-0.0,247.4389,1.4724,walk_east_mid.1,295.5189,0.8,-0.0,0.8,-0.0,Sidewalk
63.5,50.9413,3.6659,-0.0,0.76,0.06981,247.0589,1.3848,walk_east_mid.1,295.4632,0.76,0.06981,0.76,0.06981,Sidewalk
64.0,51.3413,3.6659,-0.0,0.8,-0.0,246.6589,1.3892,walk_east_mid.1,294.7085,0.8,-0.0,0.8,-0.0,Sidewalk
64.5,51.7211,3.6526,-0.03491,0.76,-0.06981,246.2791,1.3388,walk_east_mid.1,294.692,0.76,-0.06981,0.76,-0.06981,Sidewalk
65.0,52.1209,3.6386,-0.03491,0.8,-0.0,245.8794,1.4297,walk_east_mid.1,293.812,0.8,-0.0,0.8,-0.0,Sidewalk
65.5,52.5009,3.6386,-0.0,0.76,0.06981,245.4994,1.459,walk_east_mid.1,293.4144,0.76,0.06981,0.76,0.06981,Sidewalk
66.0,52.9009,3.6386,-0.0,0.8,-0.0,245.0994,1.3603,walk_east_mid.1,292.9141,0.8,-0.0,0.8,-0.0,Sidewalk
66.5,53.2806,3.6519,0.03491,0.76,0.06981,244.7196,1.4536,walk_east_mid.1,292.5126,0.76,0.06981,0.76,0.06981,Sidewalk
67.0,53.6804,3.6659,0.03491,0.8,-0.0,244.3198,1.369,walk_east_mid.1,291.955,0.8,-0.0,0.8,-0.0,Sidewalk
67.5,54.1004,3.6659,-0.0,0.84,-0.06981,243.8998,1.4039,walk_east_mid.1,291.5836,0.84,-0.06981,0.84,-0.06981,Sidewalk
68.0,54.5004,3.6659,-0.0,0.8,-0.0,243.4998,1.4264,walk_east_mid.1,290.8261,0.8,-0.0,0.8,-0.0,Sidewalk
68.5,54.9201,3.6805,0.03491,0.84,0.06981,243.0801,1.396,walk_east_mid.1,290.7779,0.84,0.06981,0.84,0.06981,Sidewalk
69.0,55.3199,3.6945,0.03491,0.8,-0.0,242.6803,1.3608,walk_east_mid.1,290.0088,0.8,-0.0,0.8,-0.0,Sidewalk
69.5,55.7399,3.6945,-0.0,0.84,-0.06981,242.2603,1.47,walk_east_mid.1,289.5501,0.84,-0.06981,0.84,-0.06981,Sidewalk
70.0,56.1399,3.6945,-0.0,0.8,-0.0,241.8603,1.4583,walk_east_mid.1,288.868,0.8,-0.0,0.8,-0.0,Sidewalk
70.5,56.5596,3.6798,-0.03491,0.84,-0.06981,241.4406,1.4355,walk_east_mid.1,288.5708,0.84,-0.06981,0.84,-0.06981,Sidewalk
71.0,56.9594,3.6659,-0.03491,0.8,-0.0,241.0408,1.469,walk_east_mid.1,287.9008,0.8,-0.0,0.8,-0.0,Sidewalk
71.5,57.3394,3.6659,-0.0,0.76,0.06981,240.6608,1.4546,walk_east_mid.1,287.6176,0.76,0.06981,0.76,0.06981,Sidewalk
72.0,57.7394,3.6659,-0.0,0.8,-0.0,240.2608,1.3355,walk_east_mid.1,287.176,0.8,-0.0,0.8,-0.0,Sidewalk
72.5,58.1192,3.6791,0.03491,0.76,0.06981,239.8811,1.4264,walk_east_mid.1,286.7689,0.76,0.06981,0.76,0.06981,Sidewalk
73.0,58.5189,3.6931,0.03491,0.8,-0.0,239.4813,1.333,walk_east_mid.1,286.2475,0.8,-0.0,0.8,-0.0,Sidewalk
73.5,58.9389,3.6931,-0.0,0.84,-0.06981,239.0613,1.4468,walk_east_mid.1,285.5781,0.84,-0.06981,0.84,-0.06981,Sidewalk
74.0,59.3389,3.6931,-0.0,0.8,-0.0,238.6613,1.382,walk_east_mid.1,285.1292,0.8,-0.0,0.8,-0.0,Sidewalk
74.5,59.7587,3.6784,-0.03491,0.84,-0.06981,238.2416,1.3887,walk_east_mid.1,284.5173,0.84,-0.06981,0.84,-0.06981,Sidewalk
75.0,60.1584,3.6645,-0.03491,0.8,-0.0,237.8418,1.4503,walk_east_mid.1,283.9857,0.8,-0.0,0.8,-0.0,Sidewalk
75.5,60.5784,3.6645,-0.0,0.84,0.06981,237.4218,1.3966,walk_east_mid.1,284.007,0.84,0.06981,0.84,0.06981,Sidewalk
76.0,60.9784,3.6645,-0.0,0.8,-0.0,237.0218,1.4117,walk_east_mid.1,283.0878,0.8,-0.0,0.8,-0.0,Sidewalk
76.5,61.3582,3.6777,0.03491,0.76,0.06981,236.642,1.4078,walk_east_mid.1,282.9271,0.76,0.06981,0.76,0.06981,Sidewalk
77.0,61.7579,3.6917,0.03491,0.8,-0.0,236.2423,1.3871,walk_east_mid.1,282.2139,0.8,-0.0,0.8,-0.0,Sidewalk
77.5,62.1779,3.6917,-0.0,0.84,-0.06981,235.8223,1.393,walk_east_mid.1,281.5737,0.84,-0.06981,0.84,-0.06981,Sidewalk
78.0,62.5779,3.6917,-0.0,0.8,-0.0,235.4223,1.3678,walk_east_mid.1,281.2797,0.8,-0.0,0.8,-0.0,Sidewalk
78.5,62.9977,3.677,-0.03491,0.84,-0.06981,235.0025,1.4365,walk_east_mid.1,280.6465,0.84,-0.06981,0.84,-0.06981,Sidewalk
79.0,63.3974,3.6631,-0.03491,0.8,-0.0,234.6028,1.4488,walk_east_mid.1,280.1024,0.8,-0.0,0.8,-0.0,Sidewalk
79.5,63.7774,3.6631,-0.0,0.76,0.06981,234.2228,1.4158,walk_east_mid.1,279.9825,0.76,0.06981,0.76,0.06981,Sidewalk
80.0,64.1774,3.6631,-0.0,0.8,-0.0,233.8228,1.4032,walk_east_mid.1,279.27,0.8,-0.0,0.8,-0.0,Sidewalk
80.5,64.5572,3.6763,0.03491,0.76,0.06981,233.443,1.4009,walk_east_mid.1,279.1053,0.76,0.06981,0.76,0.06981,Sidewalk
81.0,64.9969,3.6917,0.03491,0.88,-0.0,233.0033,1.4516,walk_east_mid.1,278.2422,0.88,-0.0,0.88,-0.0,Sidewalk
81.5,65.4169,3.6917,-0.0,0.84,-0.06981,232.5833,1.4416,walk_east_mid.1,277.5801,0.84,-0.06981,0.84,-0.06981,Sidewalk
82.0,65.8169,3.6917,-0.0,0.8,-0.0,232.1833,1.4348,walk_east_mid.1,277.2257,0.8,-0.0,0.8,-0.0,Sidewalk
82.5,66.2367,3.677,-0.03491,0.84,-0.06981,231.7635,1.4681,walk_east_mid.1,276.5933,0.84,-0.06981,0.84,-0.06981,Sidewalk
83.0,66.6364,3.6631,-0.03491,0.8,-0.0,231.3638,1.4932,walk_east_mid.1,276.1187,0.8,-0.0,0.8,-0.0,Sidewalk
83.5,67.0564,3.6631,-0.0,0.84,0.06981,230.9438,1.4632,walk_east_mid.1,276.0183,0.84,0.06981,0.84,0.06981,Sidewalk
84.0,67.4564,3.6631,-0.0,0.8,-0.0,230.5438,1.4192,walk_east_mid.1,275.2961,0.8,-0.0,0.8,-0.0,Sidewalk
84.5,67.8762,3.6777,0.03491,0.84,0.06981,230.124,1.4898,walk_east_mid.1,274.9368,0.84,0.06981,0.84,0.06981,Sidewalk
85.0,68.2759,3.6917,0.03491,0.8,-0.0,229.7243,1.3799,walk_east_mid.1,274.4108,0.8,-0.0,0.8,-0.0,Sidewalk
85.5,68.6949,3.721,0.06981,0.84,0.06981,229.3053,1.4334,walk_east_mid.1,273.9361,0.84,0.06981,0.84,0.06981,Sidewalk
86.0,69.0939,3.7489,0.06981,0.8,-0.0,228.9062,1.3851,walk_east_mid.1,273.4207,0.8,-0.0,0.8,-0.0,Sidewalk
86.5,69.5116,3.7928,0.10472,0.84,0.06981,228.4885,1.3995,walk_east_mid.1,272.9281,0.84,0.06981,0.84,0.06981,Sidewalk
87.0,69.9095,3.8346,0.10472,0.8,-0.0,228.0906,1.4362,walk_east_mid.1,272.3281,0.8,-0.0,0.8,-0.0,Sidewalk
87.5,70.3254,3.8931,0.13963,0.84,0.06981,227.6747,1.3472,walk_east_mid.1,272.0408,0.84,0.06981,0.84,0.06981,Sidewalk
88.0,70.7215,3.9487,0.13963,0.8,-0.0,227.2785,1.3542,walk_east_mid.1,271.5794,0.8,-0.0,0.8,-0.0,Sidewalk
88.5,71.0994,3.9885,0.10472,0.76,-0.06981,226.9006,1.4065,walk_east_mid.1,271.1769,0.76,-0.06981,0.76,-0.06981,Sidewalk
89.0,71.4972,4.0303,0.10472,0.8,-0.0,226.5028,1.3257,walk_east_mid.1,270.713,0.8,-0.0,0.8,-0.0,Sidewalk
89.5,71.8763,4.0568,0.06981,0.76,-0.06981,226.1237,1.3393,walk_east_mid.1,270.4314,0.76,-0.06981,0.76,-0.06981,Sidewalk
90.0,72.2753,4.0847,0.06981,0.8,-0.0,225.7247,1.3365,walk_east_mid.1,269.736,0.8,-0.0,0.8,-0.0,Sidewalk
90.5,72.695,4.0993,0.03491,0.84,-0.06981,225.305,1.1129,walk_east_mid.1,269.9083,0.84,-0.06981,0.84,-0.06981,Sidewalk
91.0,73.1348,4.1147,0.03491,0.88,-0.0,224.8653,0.9203,walk_east_mid.1,270.4285,0.88,-0.0,0.88,-0.0,Sidewalk
91.5,73.5538,4.144,0.06981,0.84,0.06981,224.4463,1.3401,walk_east_mid.1,268.3353,0.84,0.06981,0.84,0.06981,Sidewalk
92.0,73.9528,4.1719,0.06981,0.8,-0.0,224.0473,1.1963,walk_east_mid.1,268.1952,0.8,-0.0,0.8,-0.0,Sidewalk
92.5,74.3325,4.1851,0.03491,0.76,-0.06981,223.6675,1.4201,walk_east_mid.1,267.287,0.76,-0.06981,0.76,-0.06981,Sidewalk
93.0,74.7323,4.1991,0.03491,0.8,-0.0,223.2678,1.2703,walk_east_mid.1,266.9847,0.8,-0.0,0.8,-0.0,Sidewalk
93.5,75.1123,4.1991,-0.0,0.76,-0.06981,222.8878,1.3396,walk_east_mid.1,266.5793,0.76,-0.06981,0.76,-0.06981,Sidewalk
94.0,75.5523,4.1991,-0.0,0.88,-0.0,222.4478,1.2354,walk_east_mid.1,266.1961,0.88,-0.0,0.88,-0.0,Sidewalk
94.5,75.9321,4.1858,-0.03491,0.76,-0.06981,222.068,1.384,walk_east_mid.1,265.4984,0.76,-0.06981,0.76,-0.06981,Sidewalk
95.0,76.3318,4.1719,-0.03491,0.8,-0.0,221.6682,1.2171,walk_east_mid.1,265.2495,0.8,-0.0,0.8,-0.0,Sidewalk
95.5,76.7518,4.1719,-0.0,0.84,0.06981,221.2482,1.3398,walk_east_mid.1,264.6075,0.84,0.06981,0.84,0.06981,Sidewalk
96.0,77.1918,4.1719,-0.0,0.88,-0.0,220.8082,1.1095,walk_east_mid.1,264.4567,0.88,-0.0,0.88,-0.0,Sidewalk
96.5,77.5716,4.1851,0.03491,0.76,0.06981,220.4285,1.3908,walk_east_mid.1,263.5231,0.76,0.06981,0.76,0.06981,Sidewalk
97.0,77.9714,4.1991,0.03491,0.8,-0.0,220.0287,1.1494,walk_east_mid.1,263.5611,0.8,-0.0,0.8,-0.0,Sidewalk
97.5,78.3504,4.2256,0.06981,0.76,0.06981,219.6497,1.411,walk_east_mid.1,262.57,0.76,0.06981,0.76,0.06981,Sidewalk
98.0,78.7495,4.2535,0.06981,0.8,-0.0,219.2507,1.2476,walk_east_mid.1,262.2521,0.8,-0.0,0.8,-0.0,Sidewalk
98.5,79.1292,4.2668,0.03491,0.76,-0.06981,218.8709,1.319,walk_east_mid.1,261.8012,0.76,-0.06981,0.76,-0.06981,Sidewalk
99.0,79.569,4.2514,-0.03491,0.88,-0.13963,218.4312,1.0967,walk_east_mid.1,262.1079,0.88,-0.13963,0.88,-0.13963,Sidewalk
99.5,79.949,4.2514,-0.0,0.76,0.06981,218.0512,1.3443,walk_east_mid.1,260.7722,0.76,0.06981,0.76,0.06981,Sidewalk
100.0,80.349,4.2514,-0.0,0.8,-0.0,217.6512,1.0826,walk_east_mid.1,261.0318,0.8,-0.0,0.8,-0.0,Sidewalk
100.5,80.7287,4.2647,0.03491,0.76,0.06981,217.2714,1.3122,walk_east_mid.1,259.9559,0.76,0.06981,0.76,0.06981,Sidewalk
101.0,81.1685,4.2493,-0.03491,0.88,-0.13963,216.8317,1.1115,walk_east_mid.1,259.871,0.88,-0.13963,0.88,-0.13963,Sidewalk
101.5,81.5485,4.2493,-0.0,0.76,0.06981,216.4517,1.3949,walk_east_mid.1,258.7182,0.76,0.06981,0.76,0.06981,Sidewalk
102.0,81.9485,4.2493,-0.0,0.8,-0.0,216.0517,1.1929,walk_east_mid.1,258.603,0.8,-0.0,0.8,-0.0,Sidewalk
102.5,82.3282,4.2626,0.03491,0.76,0.06981,215.6719,1.4317,walk_east_mid.1,257.719,0.76,0.06981,0.76,0.06981,Sidewalk
103.0,82.728,4.2766,0.03491,0.8,-0.0,215.2722,1.1777,walk_east_mid.1,257.7343,0.8,-0.0,0.8,-0.0,Sidewalk
103.5,83.108,4.2766,-0.0,0.76,-0.06981,214.8922,1.4163,walk_east_mid.1,256.828,0.76,-0.06981,0.76,-0.06981,Sidewalk
104.0,83.508,4.2766,-0.0,0.8,-0.0,214.4922,1.1646,walk_east_mid.1,256.8492,0.8,-0.0,0.8,-0.0,Sidewalk
104.5,83.8877,4.2898,0.03491,0.76,0.06981,214.1125,1.4102,walk_east_mid.1,255.9007,0.76,0.06981,0.76,0.06981,Sidewalk
105.0,84.2875,4.3038,0.03491,0.8,-0.0,213.7127,1.2551,walk_east_mid.1,255.5731,0.8,-0.0,0.8,-0.0,Sidewalk
105.5,84.6675,4.3038,-0.0,0.76,-0.06981,213.3327,1.3269,walk_east_mid.1,255.1501,0.76,-0.06981,0.76,-0.06981,Sidewalk
106.0,85.0675,4.3038,-0.0,0.8,-0.0,212.9327,1.0755,walk_east_mid.1,255.4096,0.8,-0.0,0.8,-0.0,Sidewalk
106.5,85.4473,4.2905,-0.03491,0.76,-0.06981,212.5529,1.4219,walk_east_mid.1,253.9857,0.76,-0.06981,0.76,-0.06981,Sidewalk
107.0,85.847,4.2766,-0.03491,0.8,-0.0,212.1532,1.2485,walk_east_mid.1,253.72,0.8,-0.0,0.8,-0.0,Sidewalk
107.5,86.227,4.2766,-0.0,0.76,0.06981,211.7732,1.3382,walk_east_mid.1,253.2571,0.76,0.06981,0.76,0.06981,Sidewalk
108.0,86.667,4.2766,-0.0,0.88,-0.0,211.3332,1.1599,walk_east_mid.1,253.2146,0.88,-0.0,0.88,-0.0,Sidewalk
108.5,87.0468,4.2633,-0.03491,0.76,-0.06981,210.9534,1.393,walk_east_mid.1,252.1374,0.76,-0.06981,0.76,-0.06981,Sidewalk
109.0,87.4865,4.2479,-0.03491,0.88,-0.0,210.5136,1.1763,walk_east_mid.1,252.16,0.88,-0.0,0.88,-0.0,Sidewalk
109.5,87.8656,4.2214,-0.06981,0.76,-0.06981,210.1345,1.4628,walk_east_mid.1,251.0171,0.76,-0.06981,0.76,-0.06981,Sidewalk
110.0,88.2646,4.1935,-0.06981,0.8,-0.0,209.7355,1.2434,walk_east_mid.1,250.8415,0.8,-0.0,0.8,-0.0,Sidewalk
110.5,88.6444,4.1803,-0.03491,0.76,0.06981,209.3557,1.3558,walk_east_mid.1,250.2827,0.76,0.06981,0.76,0.06981,Sidewalk
111.0,89.0841,4.1649,-0.03491,0.88,-0.0,208.9159,1.1269,walk_east_mid.1,250.4208,0.88,-0.0,0.88,-0.0,Sidewalk
111.5,89.4632,4.1384,-0.06981,0.76,-0.06981,208.5368,1.41,walk_east_mid.1,249.2573,0.76,-0.06981,0.76,-0.06981,Sidewalk
112.0,89.8622,4.1105,-0.06981,0.8,-0.0,208.1378,1.2533,walk_east_mid.1,248.9502,0.8,-0.0,0.8,-0.0,Sidewalk
112.5,90.2401,4.0708,-0.10472,0.76,-0.06981,207.7599,1.3813,walk_east_mid.1,248.3985,0.76,-0.06981,0.76,-0.06981,Sidewalk
113.0,90.6777,4.0248,-0.10472,0.88,-0.0,207.3223,1.2022,walk_east_mid.1,247.7094,0.88,-0.0,0.88,-0.0,Sidewalk
113.5,91.1366,3.9927,-0.06981,0.92,0.06981,206.8634,1.493,walk_east_mid.1,246.1428,0.92,0.06981,0.92,0.06981,Sidewalk
114.0,91.5755,3.962,-0.06981,0.88,-0.0,206.4245,1.3496,walk_east_mid.1,246.135,0.88,-0.0,0.88,-0.0,Sidewalk
114.5,92.0353,3.9459,-0.03491,0.92,0.06981,205.9647,1.518,walk_east_mid.1,245.0302,0.92,0.06981,0.92,0.06981,Sidewalk
115.0,92.475,3.9306,-0.03491,0.88,-0.0,205.525,1.5075,walk_east_mid.1,244.6721,0.88,-0.0,0.88,-0.0,Sidewalk
115.5,92.935,3.9306,-0.0,0.92,0.06981,205.065,1.5079,walk_east_mid.1,243.9939,0.92,0.06981,0.92,0.06981,Sidewalk
116.0,93.375,3.9306,-0.0,0.88,-0.0,204.625,1.4304,walk_east_mid.1,243.7574,0.88,-0.0,0.88,-0.0,Sidewalk
116.5,93.8347,3.9466,0.03491,0.92,0.06981,204.1653,1.5135,walk_east_mid.1,242.9323,0.92,0.06981,0.92,0.06981,Sidewalk
117.0,94.2744,3.962,0.03491,0.88,-0.0,203.7256,1.4476,walk_east_mid.1,242.6409,0.88,-0.0,0.88,-0.0,Sidewalk
117.5,94.7344,3.962,-0.0,0.92,-0.06981,203.2656,1.481,walk_east_mid.1,241.8931,0.92,-0.06981,0.92,-0.06981,Sidewalk
118.0,95.1744,3.962,-0.0,0.88,-0.0,202.8256,1.5158,walk_east_mid.1,241.4123,0.88,-0.0,0.88,-0.0,Sidewalk
118.5,95.6342,3.9781,0.03491,0.92,0.06981,202.3658,1.5081,walk_east_mid.1,240.7848,0.92,0.06981,0.92,0.06981,Sidewalk
119.0,96.0739,3.9934,0.03491,0.88,-0.0,201.9261,1.4441,walk_east_mid.1,240.4895,0.88,-0.0,0.88,-0.0,Sidewalk
119.5,96.5339,3.9934,-0.0,0.92,-0.06981,201.4661,1.9713,walk_east_mid.2,239.0113,0.92,-0.06981,0.92,-0.06981,Sidewalk
120.0,96.9739,3.9934,-0.0,0.88,-0.0,201.0261,9.8238,walk_south.2,237.2951,0.88,-0.0,0.88,-0.0,Sidewalk
120.5,97.4336,3.9774,-0.03491,0.92,-0.06981,200.5664,9.7748,walk_south.2,236.6688,0.92,-0.06981,0.92,-0.06981,Sidewalk
121.0,97.8733,3.962,-0.03491,0.88,-0.0,200.1267,9.7089,walk_south.2,236.2502,0.88,-0.0,0.88,-0.0,Sidewalk
121.5,98.3333,3.962,-0.0,0.92,0.06981,199.6667,9.6758,walk_south.2,235.5998,0.92,0.06981,0.92,0.06981,Sidewalk
122.0,98.7733,3.962,-0.0,0.88,-0.0,199.2267,9.5994,walk_south.2,235.2076,0.88,-0.0,0.88,-0.0,Sidewalk
122.5,99.2331,3.9459,-0.03491,0.92,-0.06981,198.7669,9.5438,walk_south.2,234.5899,0.92,-0.06981,0.92,-0.06981,Sidewalk
123.0,99.6728,3.9306,-0.03491,0.88,-0.0,198.3272,9.4727,walk_south.2,234.1819,0.88,-0.0,0.88,-0.0,Sidewalk
123.5,100.1328,3.9306,-0.0,0.92,0.06981,197.8672,9.4586,walk_south.2,233.5499,0.92,0.06981,0.92,0.06981,Sidewalk
124.0,100.5728,3.9306,-0.0,0.88,-0.0,197.4272,9.1683,stand_2,233.1685,0.88,-0.0,0.88,-0.0,Sidewalk
124.5,101.0325,3.9145,-0.03491,0.92,-0.06981,196.9675,8.7116,stand_2,232.5662,0.92,-0.06981,0.92,-0.06981,Sidewalk
125.0,101.4723,3.8992,-0.03491,0.88,-0.0,196.5278,8.2751,stand_2,232.1858,0.88,-0.0,0.88,-0.0,Sidewalk
125.5,101.9323,3.8992,-0.0,0.92,0.06981,196.0678,7.8173,stand_2,231.605,0.92,0.06981,0.92,0.06981,Sidewalk
126.0,102.3723,3.8992,-0.0,0.88,-0.0,195.6278,7.3797,stand_2,231.2496,0.88,-0.0,0.88,-0.0,Sidewalk
126.5,102.832,3.8831,-0.03491,0.92,-0.06981,195.1681,6.9246,stand_2,230.6765,0.92,-0.06981,0.92,-0.06981,Sidewalk
127.0,103.2717,3.8678,-0.03491,0.88,-0.0,194.7283,6.49,stand_2,230.3967,0.88,-0.0,0.88,-0.0,Sidewalk
127.5,103.7317,3.8678,-0.0,0.92,0.06981,194.2683,6.0339,stand_2,230.0509,0.92,0.06981,0.92,0.06981,Sidewalk
128.0,104.1717,3.8678,-0.0,0.88,-0.0,193.8283,5.5983,stand_2,229.7824,0.88,-0.0,0.88,-0.0,Sidewalk
128.5,104.6314,3.8517,-0.03491,0.92,-0.06981,193.3686,5.1465,stand_2,229.1842,0.92,-0.06981,0.92,-0.06981,Sidewalk
129.0,105.0312,3.8378,-0.03491,0.8,-0.0,192.9689,4.7549,stand_2,229.5853,0.8,-0.0,0.8,-0.0,Sidewalk
129.5,105.4502,3.8085,-0.06981,0.84,-0.06981,192.5499,4.3491,stand_2,228.8407,0.84,-0.06981,0.84,-0.06981,Sidewalk
130.0,105.8891,3.7778,-0.06981,0.88,-0.0,192.111,3.9271,stand_2,229.4816,0.88,-0.0,0.88,-0.0,Sidewalk
130.5,106.2272,3.7422,-0.10472,0.68,-0.06981,191.7729,3.6081,stand_2,228.7841,0.68,-0.06981,0.68,-0.06981,Sidewalk
131.0,106.6648,3.6962,-0.10472,0.88,-0.0,191.3354,3.2017,stand_2,228.1651,0.88,-0.0,0.88,-0.0,Sidewalk
131.5,107.1237,3.6641,-0.06981,0.92,0.06981,190.8766,2.7805,stand_2,229.7543,0.92,0.06981,0.92,0.06981,Sidewalk
132.0,107.5626,3.6335,-0.06981,0.88,-0.0,190.4377,2.391,stand_2,227.4316,0.88,-0.0,0.88,-0.0,Sidewalk
132.5,108.0223,3.6174,-0.03491,0.92,0.06981,189.978,1.997,stand_2,227.9022,0.92,0.06981,0.92,0.06981,Sidewalk
133.0,108.4621,3.602,-0.03491,0.88,-0.0,189.5383,1.6523,stand_2,226.6593,0.88,-0.0,0.88,-0.0,Sidewalk
133.5,108.9221,3.602,-0.0,0.92,0.06981,189.0783,1.3393,stand_2,226.4407,0.92,0.06981,0.92,0.06981,Sidewalk
134.0,109.3621,3.602,-0.0,0.88,-0.0,188.6383,1.1375,stand_2,225.7947,0.88,-0.0,0.88,-0.0,Sidewalk
134.5,109.8218,3.6181,0.03491,0.92,0.06981,188.1786,1.0727,stand_2,225.2159,0.92,0.06981,0.92,0.06981,Sidewalk
135.0,110.2615,3.6335,0.03491,0.88,-0.0,187.7388,1.1874,stand_2,224.2497,0.88,-0.0,0.88,-0.0,Sidewalk
135.5,110.7215,3.6335,-0.0,0.92,-0.06981,187.2788,1.4591,stand_2,222.7719,0.92,-0.06981,0.92,-0.06981,Sidewalk
136.0,111.1615,3.6335,-0.0,0.88,-0.0,186.8388,1.7924,stand_2,221.7898,0.88,-0.0,0.88,-0.0,Sidewalk
136.5,111.6212,3.6495,0.03491,0.92,0.06981,186.3791,2.1737,stand_2,220.7497,0.92,0.06981,0.92,0.06981,Sidewalk
137.0,112.061,3.6649,0.03491,0.88,-0.0,185.9393,2.5628,stand_2,220.0703,0.88,-0.0,0.88,-0.0,Sidewalk
137.5,112.521,3.6649,-0.0,0.92,-0.06981,185.4793,2.9904,stand_2,219.2152,0.92,-0.06981,0.92,-0.06981,Sidewalk
138.0,112.961,3.6649,-0.0,0.88,-0.0,185.0393,3.4073,stand_2,218.6651,0.88,-0.0,0.88,-0.0,Sidewalk
138.5,113.4207,3.6809,0.03491,0.92,0.06981,184.5796,3.8441,stand_2,217.9066,0.92,0.06981,0.92,0.06981,Sidewalk
139.0,113.8604,3.6963,0.03491,0.88,-0.0,184.1398,4.2666,stand_2,217.4008,0.88,-0.0,0.88,-0.0,Sidewalk
139.5,114.3204,3.6963,-0.0,0.92,-0.06981,183.6798,4.7153,stand_2,216.6683,0.92,-0.06981,0.92,-0.06981,Sidewalk
140.0,114.7604,3.6963,-0.0,0.88,-0.0,183.2398,5.1463,stand_2,216.2001,0.88,-0.0,0.88,-0.0,Sidewalk
140.5,115.2201,3.7123,0.03491,0.92,0.06981,182.7801,5.5953,stand_2,215.5026,0.92,0.06981,0.92,0.06981,Sidewalk
141.0,115.6599,3.7277,0.03491,0.88,-0.0,182.3403,6.0264,stand_2,215.0848,0.88,-0.0,0.88,-0.0,Sidewalk
141.5,116.1199,3.7277,-0.0,0.92,-0.06981,181.8803,6.481,stand_2,214.4711,0.92,-0.06981,0.92,-0.06981,Sidewalk
142.0,116.5599,3.7277,-0.0,0.88,-0.0,181.4403,6.9165,stand_2,214.1085,0.88,-0.0,0.88,-0.0,Sidewalk
142.5,117.0196,3.7437,0.03491,0.92,0.06981,180.9806,7.37,stand_2,213.543,0.92,0.06981,0.92,0.06981,Sidewalk
143.0,117.4593,3.7591,0.03491,0.88,-0.0,180.5408,7.2152,stand_3,213.1928,0.88,-0.0,0.88,-0.0,Sidewalk
143.5,117.9193,3.7591,-0.0,0.92,-0.06981,180.0808,6.7555,stand_3,212.6485,0.92,-0.06981,0.92,-0.06981,Sidewalk
144.0,118.3593,3.7591,-0.0,0.88,-0.0,179.6408,6.3159,stand_3,212.3935,0.88,-0.0,0.88,-0.0,Sidewalk
144.5,118.8191,3.743,-0.03491,0.92,-0.06981,179.1811,5.8573,stand_3,211.9384,0.92,-0.06981,0.92,-0.06981,Sidewalk
145.0,119.2588,3.7584,0.03491,0.88,0.13963,178.7414,5.4173,stand_3,211.8949,0.88,0.13963,0.88,0.13963,Sidewalk
145.5,119.7188,3.7584,-0.0,0.92,-0.06981,178.2814,4.9579,stand_3,211.7509,0.92,-0.06981,0.92,-0.06981,Sidewalk
146.0,120.1178,3.7863,0.06981,0.8,0.13963,177.8823,4.5579,stand_3,211.6853,0.8,0.13963,0.8,0.13963,Sidewalk
146.5,120.4559,3.8218,0.10472,0.68,0.06981,177.5441,4.2185,stand_3,211.9398,0.68,0.06981,0.68,0.06981,Sidewalk
147.0,120.8157,3.8344,0.03491,0.72,-0.13963,177.1844,3.8585,stand_3,211.737,0.72,-0.13963,0.72,-0.13963,Sidewalk
147.5,121.0757,3.8344,-0.0,0.52,-0.06981,176.9244,3.5988,stand_3,211.9984,0.52,-0.06981,0.52,-0.06981,Sidewalk
148.0,121.3151,3.8177,-0.06981,0.48,-0.13963,176.685,3.3607,stand_3,211.7905,0.48,-0.13963,0.48,-0.13963,Sidewalk
148.5,121.615,3.8281,0.03491,0.6,0.20944,176.3851,3.0608,stand_3,211.8634,0.6,0.20944,0.6,0.20944,Sidewalk
149.0,121.8119,3.8629,0.17453,0.4,0.27925,176.1881,2.8621,stand_3,211.8922,0.4,0.27925,0.4,0.27925,Sidewalk
149.5,121.9849,3.9125,0.27925,0.36,0.20944,176.0151,2.687,stand_3,211.867,0.36,0.20944,0.36,0.20944,Sidewalk
150.0,122.1729,3.9809,0.34907,0.4,0.13963,175.8271,2.4973,stand_3,211.8035,0.4,0.13963,0.4,0.13963,Sidewalk
150.5,122.2987,4.0423,0.45379,0.28,0.20944,175.7013,2.3714,stand_3,211.9044,0.28,0.20944,0.28,0.20944,Sidewalk
151.0,122.4026,4.1023,0.5236,0.24,0.13963,175.5974,2.269,stand_3,211.9185,0.24,0.13963,0.24,0.13963,Sidewalk
151.5,122.5214,4.1764,0.55851,0.28,0.06981,175.4787,2.1547,stand_3,211.86,0.28,0.06981,0.28,0.06981,Sidewalk
152.0,122.5861,4.2235,0.62832,0.16,0.13963,175.4141,2.0943,stand_3,211.9819,0.16,0.13963,0.16,0.13963,Sidewalk
152.5,122.6491,4.2727,0.66323,0.16,0.06981,175.3511,2.0372,stand_3,211.9687,0.16,0.06981,0.16,0.06981,Sidewalk
153.0,122.7437,4.3466,0.66323,0.24,-0.0,175.2567,1.9546,stand_3,211.8841,0.24,-0.0,0.24,-0.0,Sidewalk
153.5,122.7897,4.3852,0.69813,0.12,0.06981,175.2108,1.9164,stand_3,211.9788,0.12,0.06981,0.12,0.06981,Sidewalk
154.0,122.8509,4.4366,0.69813,0.16,-0.0,175.1496,1.8673,stand_3,211.9394,0.16,-0.0,0.16,-0.0,Sidewalk
154.5,122.8807,4.4634,0.73304,0.08,0.06981,175.1199,1.8447,stand_3,212.0082,0.08,0.06981,0.08,0.06981,Sidewalk
155.0,122.9401,4.5169,0.73304,0.16,-0.0,175.0606,1.8012,stand_3,211.8692,0.16,-0.0,0.16,-0.0,Sidewalk
155.5,122.9689,4.5447,0.76794,0.08,0.06981,175.032,1.7817,stand_3,211.9671,0.08,0.06981,0.08,0.06981,Sidewalk
156.0,122.9957,4.5744,0.83776,0.08,0.13963,175.0053,1.7653,stand_3,211.9739,0.08,0.13963,0.08,0.13963,Sidewalk
156.5,123.0214,4.605,0.87266,0.08,0.06981,174.9797,1.751,stand_3,211.9266,0.08,0.06981,0.08,0.06981,Sidewalk
157.0,123.0471,4.6357,0.87266,0.08,-0.0,174.9541,1.7376,stand_3,211.9163,0.08,-0.0,0.08,-0.0,Sidewalk
157.5,123.0717,4.6672,0.90757,0.08,0.06981,174.9296,1.7262,stand_3,211.8954,0.08,0.06981,0.08,0.06981,Sidewalk
158.0,123.0963,4.6987,0.90757,0.08,-0.0,174.9051,1.7158,stand_3,211.8673,0.08,-0.0,0.08,-0.0,Sidewalk
158.5,123.122,4.7294,0.87266,0.08,-0.06981,174.8795,1.7048,stand_3,211.8988,0.08,-0.06981,0.08,-0.06981,Sidewalk
159.0,123.1498,4.7581,0.80285,0.08,-0.13963,174.8518,1.6921,stand_3,211.9617,0.08,-0.13963,0.08,-0.13963,Sidewalk
159.5,123.1786,4.7859,0.76794,0.08,-0.06981,174.8232,1.6789,stand_3,211.8894,0.08,-0.06981,0.08,-0.06981,Sidewalk
160.0,123.2092,4.8116,0.69813,0.08,-0.13963,174.7926,1.6639,stand_3,211.9683,0.08,-0.13963,0.08,-0.13963,Sidewalk
160.5,123.2092,4.8116,0.73304,0.0,0.06981,174.7926,1.6639,stand_3,211.9956,0.0,0.06981,0.0,0.06981,Sidewalk
161.0,123.2408,4.8363,0.66323,0.08,-0.13963,174.7612,1.6484,stand_3,211.9681,0.08,-0.13963,0.08,-0.13963,Sidewalk
161.5,123.2408,4.8363,0.69813,0.0,0.06981,174.7612,1.6484,stand_3,211.9844,0.0,0.06981,0.0,0.06981,Sidewalk
162.0,123.2731,4.8598,0.62832,0.08,-0.13963,174.729,1.6325,stand_3,211.9697,0.08,-0.13963,0.08,-0.13963,Sidewalk
162.5,123.2731,4.8598,0.66323,0.0,0.06981,174.729,1.6325,stand_3,211.9736,0.0,0.06981,0.0,0.06981,Sidewalk
163.0,123.2731,4.8598,0.66323,0.0,-0.0,174.729,1.6325,stand_3,211.9652,0.0,-0.0,0.0,-0.0,Sidewalk
163.5,123.2731,4.8598,0.69813,0.0,0.06981,174.729,1.6325,stand_3,211.9736,0.0,0.06981,0.0,0.06981,Sidewalk
164.0,123.2731,4.8598,0.69813,0.0,-0.0,174.729,1.6325,stand_3,211.9652,0.0,-0.0,0.0,-0.0,Sidewalk
164.5,123.2731,4.8598,0.73304,0.0,0.06981,174.729,1.6325,stand_3,211.9736,0.0,0.06981,0.0,0.06981,Sidewalk
165.0,123.2731,4.8598,0.73304,0.0,-0.0,174.729,1.6325,stand_3,211.9652,0.0,-0.0,0.0,-0.0,Sidewalk
165.5,123.2731,4.8598,0.76794,0.0,0.06981,174.729,1.6325,stand_3,211.9736,0.0,0.06981,0.0,0.06981,Sidewalk
166.0,123.2731,4.8598,0.76794,0.0,-0.0,174.729,1.6325,stand_3,211.9652,0.0,-0.0,0.0,-0.0,Sidewalk
166.5,123.2731,4.8598,0.80285,0.0,0.06981,174.729,1.6325,stand_3,211.9736,0.0,0.06981,0.0,0.06981,Sidewalk
167.0,123.2731,4.8598,0.80285,0.0,-0.0,174.729,1.6325,stand_3,211.9652,0.0,-0.0,0.0,-0.0,Sidewalk
167.5,123.2731,4.8598,0.83776,0.0,0.06981,174.729,1.6325,stand_3,211.9736,0.0,0.06981,0.0,0.06981,Sidewalk
168.0,123.2731,4.8598,0.83776,0.0,-0.0,174.729,1.6325,stand_3,211.9652,0.0,-0.0,0.0,-0.0,Sidewalk
168.5,123.2731,4.8598,0.87266,0.0,0.06981,174.729,1.6325,stand_3,211.9736,0.0,0.06981,0.0,0.06981,Sidewalk
169.0,123.2731,4.8598,0.87266,0.0,-0.0,174.729,1.6325,stand_3,211.9652,0.0,-0.0,0.0,-0.0,Sidewalk
169.5,123.2731,4.8598,0.90757,0.0,0.06981,174.729,1.6325,stand_3,211.9736,0.0,0.06981,0.0,0.06981,Sidewalk
170.0,123.2731,4.8598,0.90757,0.0,-0.0,174.729,1.6325,stand_3,211.9652,0.0,-0.0,0.0,-0.0,Sidewalk
170.5,123.2731,4.8598,0.94248,0.0,0.06981,174.729,1.6325,stand_3,211.9736,0.0,0.06981,0.0,0.06981,Sidewalk
171.0,123.2731,4.8598,0.94248,0.0,-0.0,174.729,1.6325,stand_3,211.9652,0.0,-0.0,0.0,-0.0,Sidewalk
171.5,123.2731,4.8598,0.97738,0.0,0.06981,174.729,1.6325,stand_3,211.9736,0.0,0.06981,0.0,0.06981,Sidewalk
172.0,123.2731,4.8598,0.97738,0.0,-0.0,174.729,1.6325,stand_3,211.9652,0.0,-0.0,0.0,-0.0,Sidewalk
172.5,123.2731,4.8598,1.01229,0.0,0.06981,174.729,1.6325,stand_3,211.9736,0.0,0.06981,0.0,0.06981,Sidewalk
173.0,123.2731,4.8598,1.01229,0.0,-0.0,174.729,1.6325,stand_3,211.9652,0.0,-0.0,0.0,-0.0,Sidewalk
173.5,123.2731,4.8598,1.0472,0.0,0.06981,174.729,1.6325,stand_3,211.9736,0.0,0.06981,0.0,0.06981,Sidewalk
174.0,123.2731,4.8598,1.0472,0.0,-0.0,174.729,1.6325,stand_3,211.9652,0.0,-0.0,0.0,-0.0,Sidewalk
174.5,123.2731,4.8598,1.0821,0.0,0.06981,174.729,1.6325,stand_3,211.9736,0.0,0.06981,0.0,0.06981,Sidewalk
175.0,123.2731,4.8598,1.0821,0.0,-0.0,174.729,1.6325,stand_3,211.9652,0.0,-0.0,0.0,-0.0,Sidewalk
175.5,123.2731,4.8598,1.11701,0.0,0.06981,174.729,1.6325,stand_3,211.9736,0.0,0.06981,0.0,0.06981,Sidewalk
176.0,123.2731,4.8598,1.11701,0.0,-0.0,174.729,1.6325,stand_3,211.9652,0.0,-0.0,0.0,-0.0,Sidewalk
176.5,123.2731,4.8598,1.15192,0.0,0.06981,174.729,1.6325,stand_3,211.9736,0.0,0.06981,0.0,0.06981,Sidewalk
177.0,123.2731,4.8598,1.15192,0.0,-0.0,174.729,1.6325,stand_3,211.9652,0.0,-0.0,0.0,-0.0,Sidewalk
177.5,123.2731,4.8598,1.18682,0.0,0.06981,174.729,1.6325,stand_3,211.9736,0.0,0.06981,0.0,0.06981,Sidewalk
178.0,123.2731,4.8598,1.18682,0.0,-0.0,174.729,1.6325,stand_3,211.9652,0.0,-0.0,0.0,-0.0,Sidewalk
178.5,123.2731,4.8598,1.22173,0.0,0.06981,174.729,1.6325,stand_3,211.9736,0.0,0.06981,0.0,0.06981,Sidewalk
179.0,123.2731,4.8598,1.22173,0.0,-0.0,174.729,1.6325,stand_3,211.9652,0.0,-0.0,0.0,-0.0,Sidewalk
179.5,123.2731,4.8598,1.25664,0.0,0.06981,174.729,1.6325,stand_3,211.9736,0.0,0.06981,0.0,0.06981,Sidewalk
180.0,123.2731,4.8598,1.25664,0.0,-0.0,174.729,1.6325,stand_3,211.9652,0.0,-0.0,0.0,-0.0,Sidewalk
180.5,123.2731,4.8598,1.29154,0.0,0.06981,174.729,1.6325,stand_3,211.9736,0.0,0.06981,0.0,0.06981,Sidewalk
181.0,123.2731,4.8598,1.29154,0.0,-0.0,174.729,1.6325,stand_3,211.9652,0.0,-0.0,0.0,-0.0,Sidewalk
181.5,123.2731,4.8598,1.32645,0.0,0.06981,174.729,1.6325,stand_3,211.9736,0.0,0.06981,0.0,0.06981,Sidewalk
182.0,123.2731,4.8598,1.32645,0.0,-0.0,174.729,1.6325,stand_3,211.9652,0.0,-0.0,0.0,-0.0,Sidewalk
182.5,123.2731,4.8598,1.36136,0.0,0.06981,174.729,1.6325,stand_3,211.9736,0.0,0.06981,0.0,0.06981,Sidewalk
183.0,123.2731,4.8598,1.36136,0.0,-0.0,174.729,1.6325,stand_3,211.9652,0.0,-0.0,0.0,-0.0,Sidewalk
183.5,123.2731,4.8598,1.39626,0.0,0.06981,174.729,1.6325,stand_3,211.9736,0.0,0.06981,0.0,0.06981,Sidewalk
184.0,123.2731,4.8598,1.39626,0.0,-0.0,174.729,1.6325,stand_3,211.9652,0.0,-0.0,0.0,-0.0,Sidewalk
184.5,123.2731,4.8598,1.43117,0.0,0.06981,174.729,1.6325,stand_3,211.9736,0.0,0.06981,0.0,0.06981,Sidewalk
185.0,123.2731,4.8598,1.43117,0.0,-0.0,174.729,1.6325,stand_3,211.9652,0.0,-0.0,0.0,-0.0,Sidewalk
185.5,123.2731,4.8598,1.46608,0.0,0.06981,174.729,1.6325,stand_3,211.9736,0.0,0.06981,0.0,0.06981,Sidewalk
186.0,123.2731,4.8598,1.46608,0.0,-0.0,174.729,1.6325,stand_3,211.9652,0.0,-0.0,0.0,-0.0,Sidewalk
186.5,123.2731,4.8598,1.50098,0.0,0.06981,174.729,1.6325,stand_3,211.9736,0.0,0.06981,0.0,0.06981,Sidewalk
187.0,123.2731,4.8598,1.50098,0.0,-0.0,174.729,1.6325,stand_3,211.9652,0.0,-0.0,0.0,-0.0,Sidewalk
187.5,123.2731,4.8598,1.53589,0.0,0.06981,174.729,1.6325,stand_3,211.9736,0.0,0.06981,0.0,0.06981,Sidewalk
188.0,123.2731,4.8598,1.53589,0.0,-0.0,174.729,1.6325,stand_3,211.9652,0.0,-0.0,0.0,-0.0,Sidewalk
188.5,123.2731,4.8598,1.5708,0.0,0.06981,174.729,1.6325,stand_3,211.9736,0.0,0.06981,0.0,0.06981,Sidewalk
189.0,123.2731,4.8598,1.5708,0.0,-0.0,174.729,1.6325,stand_3,211.9652,0.0,-0.0,0.0,-0.0,Sidewalk
189.5,123.2731,4.8598,1.6057,0.0,0.06981,174.729,1.6325,stand_3,211.9736,0.0,0.06981,0.0,0.06981,Sidewalk
190.0,123.2731,4.8598,1.6057,0.0,-0.0,174.729,1.6325,stand_3,211.9652,0.0,-0.0,0.0,-0.0,Sidewalk
190.5,123.2731,4.8598,1.64061,0.0,0.06981,174.729,1.6325,stand_3,211.9736,0.0,0.06981,0.0,0.06981,Sidewalk
191.0,123.2731,4.8598,1.64061,0.0,-0.0,174.729,1.6325,stand_3,211.9652,0.0,-0.0,0.0,-0.0,Sidewalk
191.5,123.2731,4.8598,1.67552,0.0,0.06981,174.729,1.6325,stand_3,211.9736,0.0,0.06981,0.0,0.06981,Sidewalk
192.0,123.2731,4.8598,1.67552,0.0,-0.0,174.729,1.6325,stand_3,211.9652,0.0,-0.0,0.0,-0.0,Sidewalk
192.5,123.2731,4.8598,1.71042,0.0,0.06981,174.729,1.6325,stand_3,211.9736,0.0,0.06981,0.0,0.06981,Sidewalk
193.0,123.2731,4.8598,1.71042,0.0,-0.0,174.729,1.6325,stand_3,211.9652,0.0,-0.0,0.0,-0.0,Sidewalk
193.5,123.2731,4.8598,1.74533,0.0,0.06981,174.729,1.6325,stand_3,211.9736,0.0,0.06981,0.0,0.06981,Sidewalk
194.0,123.2731,4.8598,1.74533,0.0,-0.0,174.729,1.6325,stand_3,211.9652,0.0,-0.0,0.0,-0.0,Sidewalk
194.5,123.2731,4.8598,1.78024,0.0,0.06981,174.729,1.6325,stand_3,211.9736,0.0,0.06981,0.0,0.06981,Sidewalk
195.0,123.2731,4.8598,1.78024,0.0,-0.0,174.729,1.6325,stand_3,211.9652,0.0,-0.0,0.0,-0.0,Sidewalk
195.5,123.2731,4.8598,1.81514,0.0,0.06981,174.729,1.6325,stand_3,211.9736,0.0,0.06981,0.0,0.06981,Sidewalk
196.0,123.2731,4.8598,1.81514,0.0,-0.0,174.729,1.6325,stand_3,211.9652,0.0,-0.0,0.0,-0.0,Sidewalk
196.5,123.2731,4.8598,1.85005,0.0,0.06981,174.729,1.6325,stand_3,211.9736,0.0,0.06981,0.0,0.06981,Sidewalk
197.0,123.2731,4.8598,1.85005,0.0,-0.0,174.729,1.6325,stand_3,211.9652,0.0,-0.0,0.0,-0.0,Sidewalk
197.5,123.2731,4.8598,1.88496,0.0,0.06981,174.729,1.6325,stand_3,211.9736,0.0,0.06981,0.0,0.06981,Sidewalk
198.0,123.2731,4.8598,1.88496,0.0,-0.0,174.729,1.6325,stand_3,211.9652,0.0,-0.0,0.0,-0.0,Sidewalk
198.5,123.2731,4.8598,1.91986,0.0,0.06981,174.729,1.6325,stand_3,211.9736,0.0,0.06981,0.0,0.06981,Sidewalk
199.0,123.2731,4.8598,1.91986,0.0,-0.0,174.729,1.6325,stand_3,211.9652,0.0,-0.0,0.0,-0.0,Sidewalk
199.5,123.2731,4.8598,1.95477,0.0,0.06981,174.729,1.6325,stand_3,211.9736,0.0,0.06981,0.0,0.06981,Sidewalk
200.0,123.2731,4.8598,1.95477,0.0,-0.0,174.729,1.6325,stand_3,211.9652,0.0,-0.0,0.0,-0.0,Sidewalk
200.5,123.2731,4.8598,1.98968,0.0,0.06981,174.729,1.6325,stand_3,211.9736,0.0,0.06981,0.0,0.06981,Sidewalk
201.0,123.2731,4.8598,1.98968,0.0,-0.0,174.729,1.6325,stand_3,211.9652,0.0,-0.0,0.0,-0.0,Sidewalk
201.5,123.2731,4.8598,2.02458,0.0,0.06981,174.729,1.6325,stand_3,211.9736,0.0,0.06981,0.0,0.06981,Sidewalk
202.0,123.2731,4.8598,2.02458,0.0,-0.0,174.729,1.6325,stand_3,211.9652,0.0,-0.0,0.0,-0.0,Sidewalk
202.5,123.2731,4.8598,2.05949,0.0,0.06981,174.729,1.6325,stand_3,211.9736,0.0,0.06981,0.0,0.06981,Sidewalk
203.0,123.2731,4.8598,2.05949,0.0,-0.0,174.729,1.6325,stand_3,211.9652,0.0,-0.0,0.0,-0.0,Sidewalk
203.5,123.2731,4.8598,2.0944,0.0,0.06981,174.729,1.6325,stand_3,211.9736,0.0,0.06981,0.0,0.06981,Sidewalk
204.0,123.2731,4.8598,2.0944,0.0,-0.0,174.729,1.6325,stand_3,211.9652,0.0,-0.0,0.0,-0.0,Sidewalk
204.5,123.2731,4.8598,2.1293,0.0,0.06981,174.729,1.6325,stand_3,211.9736,0.0,0.06981,0.0,0.06981,Sidewalk
205.0,123.2731,4.8598,2.1293,0.0,-0.0,174.729,1.6325,stand_3,211.9652,0.0,-0.0,0.0,-0.0,Sidewalk
205.5,123.2731,4.8598,2.16421,0.0,0.06981,174.729,1.6325,stand_3,211.9736,0.0,0.06981,0.0,0.06981,Sidewalk
206.0,123.2731,4.8598,2.16421,0.0,-0.0,174.729,1.6325,stand_3,211.9652,0.0,-0.0,0.0,-0.0,Sidewalk
206.5,123.2731,4.8598,2.19911,0.0,0.06981,174.729,1.6325,stand_3,211.9736,0.0,0.06981,0.0,0.06981,Sidewalk
207.0,123.2731,4.8598,2.19911,0.0,-0.0,174.729,1.6325,stand_3,211.9652,0.0,-0.0,0.0,-0.0,Sidewalk
207.5,123.2731,4.8598,2.23402,0.0,0.06981,174.729,1.6325,stand_3,211.9736,0.0,0.06981,0.0,0.06981,Sidewalk
208.0,123.2731,4.8598,2.23402,0.0,-0.0,174.729,1.6325,stand_3,211.9652,0.0,-0.0,0.0,-0.0,Sidewalk
208.5,123.2731,4.8598,2.26893,0.0,0.06981,174.729,1.6325,stand_3,211.9736,0.0,0.06981,0.0,0.06981,Sidewalk
209.0,123.2731,4.8598,2.26893,0.0,-0.0,174.729,1.6325,stand_3,211.9652,0.0,-0.0,0.0,-0.0,Sidewalk
209.5,123.2731,4.8598,2.30383,0.0,0.06981,174.729,1.6325,stand_3,211.9736,0.0,0.06981,0.0,0.06981,Sidewalk
210.0,123.2731,4.8598,2.30383,0.0,-0.0,174.729,1.6325,stand_3,211.9652,0.0,-0.0,0.0,-0.0,Sidewalk
210.5,123.2731,4.8598,2.33874,0.0,0.06981,174.729,1.6325,stand_3,211.9736,0.0,0.06981,0.0,0.06981,Sidewalk
211.0,123.2731,4.8598,2.33874,0.0,-0.0,174.729,1.6325,stand_3,211.9652,0.0,-0.0,0.0,-0.0,Sidewalk
211.5,123.2731,4.8598,2.37365,0.0,0.06981,174.729,1.6325,stand_3,211.9736,0.0,0.06981,0.0,0.06981,Sidewalk
212.0,123.2731,4.8598,2.37365,0.0,-0.0,174.729,1.6325,stand_3,211.9652,0.0,-0.0,0.0,-0.0,Sidewalk
212.5,123.2731,4.8598,2.40855,0.0,0.06981,174.729,1.6325,stand_3,211.9736,0.0,0.06981,0.0,0.06981,Sidewalk
213.0,123.2731,4.8598,2.40855,0.0,-0.0,174.729,1.6325,stand_3,211.9652,0.0,-0.0,0.0,-0.0,Sidewalk
213.5,123.2731,4.8598,2.44346,0.0,0.06981,174.729,1.6325,stand_3,211.9736,0.0,0.06981,0.0,0.06981,Sidewalk
214.0,123.2731,4.8598,2.44346,0.0,-0.0,174.729,1.6325,stand_3,211.9652,0.0,-0.0,0.0,-0.0,Sidewalk
214.5,123.2731,4.8598,2.47837,0.0,0.06981,174.729,1.6325,stand_3,211.9736,0.0,0.06981,0.0,0.06981,Sidewalk
215.0,123.2731,4.8598,2.47837,0.0,-0.0,174.729,1.6325,stand_3,211.9652,0.0,-0.0,0.0,-0.0,Sidewalk
215.5,123.2731,4.8598,2.51327,0.0,0.06981,174.729,1.6325,stand_3,211.9736,0.0,0.06981,0.0,0.06981,Sidewalk
216.0,123.2731,4.8598,2.51327,0.0,-0.0,174.729,1.6325,stand_3,211.9652,0.0,-0.0,0.0,-0.0,Sidewalk
216.5,123.2731,4.8598,2.54818,0.0,0.06981,174.729,1.6325,stand_3,211.9736,0.0,0.06981,0.0,0.06981,Sidewalk
217.0,123.2731,4.8598,2.54818,0.0,-0.0,174.729,1.6325,stand_3,211.9652,0.0,-0.0,0.0,-0.0,Sidewalk
217.5,123.2731,4.8598,2.58309,0.0,0.06981,174.729,1.6325,stand_3,211.9736,0.0,0.06981,0.0,0.06981,Sidewalk
218.0,123.2731,4.8598,2.58309,0.0,-0.0,174.729,1.6325,stand_3,211.9652,0.0,-0.0,0.0,-0.0,Sidewalk
218.5,123.2731,4.8598,2.61799,0.0,0.06981,174.729,1.6325,stand_3,211.9736,0.0,0.06981,0.0,0.06981,Sidewalk
219.0,123.2731,4.8598,2.61799,0.0,-0.0,174.729,1.6325,stand_3,211.9652,0.0,-0.0,0.0,-0.0,Sidewalk
219.5,123.2731,4.8598,2.6529,0.0,0.06981,174.729,1.6325,stand_3,211.9736,0.0,0.06981,0.0,0.06981,Sidewalk
220.0,123.2731,4.8598,2.6529,0.0,-0.0,174.729,1.6325,stand_3,211.9652,0.0,-0.0,0.0,-0.0,Sidewalk
220.5,123.2731,4.8598,2.68781,0.0,0.06981,174.729,1.6325,stand_3,211.9736,0.0,0.06981,0.0,0.06981,Sidewalk
221.0,123.2731,4.8598,2.68781,0.0,-0.0,174.729,1.6325,stand_3,211.9652,0.0,-0.0,0.0,-0.0,Sidewalk
221.5,123.2731,4.8598,2.72271,0.0,0.06981,174.729,1.6325,stand_3,211.9736,0.0,0.06981,0.0,0.06981,Sidewalk
222.0,123.2731,4.8598,2.72271,0.0,-0.0,174.729,1.6325,stand_3,211.9652,0.0,-0.0,0.0,-0.0,Sidewalk
222.5,123.2731,4.8598,2.75762,0.0,0.06981,174.729,1.6325,stand_3,211.9736,0.0,0.06981,0.0,0.06981,Sidewalk
223.0,123.2731,4.8598,2.75762,0.0,-0.0,174.729,1.6325,stand_3,211.9652,0.0,-0.0,0.0,-0.0,Sidewalk
223.5,123.2731,4.8598,2.79253,0.0,0.06981,174.729,1.6325,stand_3,211.9736,0.0,0.06981,0.0,0.06981,Sidewalk
224.0,123.2731,4.8598,2.79253,0.0,-0.0,174.729,1.6325,stand_3,211.9652,0.0,-0.0,0.0,-0.0,Sidewalk
224.5,123.2731,4.8598,2.82743,0.0,0.06981,174.729,1.6325,stand_3,211.9736,0.0,0.06981,0.0,0.06981,Sidewalk
225.0,123.2731,4.8598,2.82743,0.0,-0.0,174.729,1.6325,stand_3,211.9652,0.0,-0.0,0.0,-0.0,Sidewalk
225.5,123.2731,4.8598,2.86234,0.0,0.06981,174.729,1.6325,stand_3,211.9736,0.0,0.06981,0.0,0.06981,Sidewalk
226.0,123.2731,4.8598,2.86234,0.0,-0.0,174.729,1.6325,stand_3,211.9652,0.0,-0.0,0.0,-0.0,Sidewalk
226.5,123.2731,4.8598,2.89725,0.0,0.06981,174.729,1.6325,stand_3,211.9736,0.0,0.06981,0.0,0.06981,Sidewalk
227.0,123.2731,4.8598,2.89725,0.0,-0.0,174.729,1.6325,stand_3,211.9652,0.0,-0.0,0.0,-0.0,Sidewalk
227.5,123.2731,4.8598,2.93215,0.0,0.06981,174.729,1.6325,stand_3,211.9736,0.0,0.06981,0.0,0.06981,Sidewalk
228.0,123.2731,4.8598,2.93215,0.0,-0.0,174.729,1.6325,stand_3,211.9652,0.0,-0.0,0.0,-0.0,Sidewalk
228.5,123.2731,4.8598,2.96706,0.0,0.06981,174.729,1.6325,stand_3,211.9736,0.0,0.06981,0.0,0.06981,Sidewalk
229.0,123.2731,4.8598,2.96706,0.0,-0.0,174.729,1.6325,stand_3,211.9652,0.0,-0.0,0.0,-0.0,Sidewalk
229.5,123.2731,4.8598,3.00197,0.0,0.06981,174.729,1.6325,stand_3,211.9736,0.0,0.06981,0.0,0.06981,Sidewalk
230.0,123.2731,4.8598,3.00197,0.0,-0.0,174.729,1.6325,stand_3,211.9652,0.0,-0.0,0.0,-0.0,Sidewalk
230.5,123.2731,4.8598,3.03687,0.0,0.06981,174.729,1.6325,stand_3,211.9736,0.0,0.06981,0.0,0.06981,Sidewalk
231.0,123.2731,4.8598,3.03687,0.0,-0.0,174.729,1.6325,stand_3,211.9652,0.0,-0.0,0.0,-0.0,Sidewalk
231.5,123.2731,4.8598,3.07178,0.0,0.06981,174.729,1.6325,stand_3,211.9736,0.0,0.06981,0.0,0.06981,Sidewalk
232.0,123.2731,4.8598,3.07178,0.0,-0.0,174.729,1.6325,stand_3,211.9652,0.0,-0.0,0.0,-0.0,Sidewalk
232.5,123.2731,4.8598,3.10669,0.0,0.06981,174.729,1.6325,stand_3,211.9736,0.0,0.06981,0.0,0.06981,Sidewalk
233.0,123.2731,4.8598,3.10669,0.0,-0.0,174.729,1.6325,stand_3,211.9652,0.0,-0.0,0.0,-0.0,Sidewalk
233.5,123.2731,4.8598,3.14159,0.0,0.06981,174.729,1.6325,stand_3,211.9736,0.0,0.06981,0.0,0.06981,Sidewalk
234.0,123.2731,4.8598,3.14159,0.0,-0.0,174.729,1.6325,stand_3,211.9652,0.0,-0.0,0.0,-0.0,Sidewalk
234.5,123.2731,4.8598,-3.10669,0.0,0.06981,174.729,1.6325,stand_3,211.9736,0.0,0.06981,0.0,0.06981,Sidewalk
235.0,123.2731,4.8598,-3.10669,0.0,-0.0,174.729,1.6325,stand_3,211.9652,0.0,-0.0,0.0,-0.0,Sidewalk
235.5,123.2731,4.8598,-3.07178,0.0,0.06981,174.729,1.6325,stand_3,211.9736,0.0,0.06981,0.0,0.06981,Sidewalk
236.0,123.2731,4.8598,-3.07178,0.0,-0.0,174.729,1.6325,stand_3,211.9652,0.0,-0.0,0.0,-0.0,Sidewalk
236.5,123.2731,4.8598,-3.03687,0.0,0.06981,174.729,1.6325,stand_3,211.9736,0.0,0.06981,0.0,0.06981,Sidewalk
237.0,123.2731,4.8598,-3.03687,0.0,-0.0,174.729,1.6325,stand_3,211.9652,0.0,-0.0,0.0,-0.0,Sidewalk
237.5,123.2731,4.8598,-3.00197,0.0,0.06981,174.729,1.6325,stand_3,211.9736,0.0,0.06981,0.0,0.06981,Sidewalk
238.0,123.2731,4.8598,-3.00197,0.0,-0.0,174.729,1.6325,stand_3,211.9652,0.0,-0.0,0.0,-0.0,Sidewalk
238.5,123.2731,4.8598,-2.96706,0.0,0.06981,174.729,1.6325,stand_3,211.9736,0.0,0.06981,0.0,0.06981,Sidewalk
239.0,123.2731,4.8598,-2.96706,0.0,-0.0,174.729,1.6325,stand_3,211.9652,0.0,-0.0,0.0,-0.0,Sidewalk
239.5,123.2731,4.8598,-2.93215,0.0,0.06981,174.729,1.6325,stand_3,211.9736,0.0,0.06981,0.0,0.06981,Sidewalk
240.0,123.2731,4.8598,-2.93215,0.0,-0.0,174.729,1.6325,stand_3,211.9652,0.0,-0.0,0.0,-0.0,Sidewalk
240.5,123.2731,4.8598,-2.89725,0.0,0.06981,174.729,1.6325,stand_3,211.9736,0.0,0.06981,0.0,0.06981,Sidewalk
241.0,123.2731,4.8598,-2.89725,0.0,-0.0,174.729,1.6325,stand_3,211.9652,0.0,-0.0,0.0,-0.0,Sidewalk
241.5,123.2731,4.8598,-2.86234,0.0,0.06981,174.729,1.6325,stand_3,211.9736,0.0,0.06981,0.0,0.06981,Sidewalk
242.0,123.2731,4.8598,-2.86234,0.0,-0.0,174.729,1.6325,stand_3,211.9652,0.0,-0.0,0.0,-0.0,Sidewalk
242.5,123.2731,4.8598,-2.82743,0.0,0.06981,174.729,1.6325,stand_3,211.9736,0.0,0.06981,0.0,0.06981,Sidewalk
243.0,123.2731,4.8598,-2.82743,0.0,-0.0,174.729,1.6325,stand_3,211.9652,0.0,-0.0,0.0,-0.0,Sidewalk
243.5,123.2731,4.8598,-2.79253,0.0,0.06981,174.729,1.6325,stand_3,211.9736,0.0,0.06981,0.0,0.06981,Sidewalk
244.0,123.2731,4.8598,-2.79253,0.0,-0.0,174.729,1.6325,stand_3,211.9652,0.0,-0.0,0.0,-0.0,Sidewalk
244.5,123.2731,4.8598,-2.75762,0.0,0.06981,174.729,1.6325,stand_3,211.9736,0.0,0.06981,0.0,0.06981,Sidewalk
245.0,123.2731,4.8598,-2.75762,0.0,-0.0,174.729,1.6325,stand_3,211.9652,0.0,-0.0,0.0,-0.0,Sidewalk
245.5,123.2731,4.8598,-2.72271,0.0,0.06981,174.729,1.6325,stand_3,211.9736,0.0,0.06981,0.0,0.06981,Sidewalk
246.0,123.2731,4.8598,-2.72271,0.0,-0.0,174.729,1.6325,stand_3,211.9652,0.0,-0.0,0.0,-0.0,Sidewalk
246.5,123.2731,4.8598,-2.68781,0.0,0.06981,174.729,1.6325,stand_3,211.9736,0.0,0.06981,0.0,0.06981,Sidewalk
247.0,123.2731,4.8598,-2.68781,0.0,-0.0,174.729,1.6325,stand_3,211.9652,0.0,-0.0,0.0,-0.0,Sidewalk
247.5,123.2731,4.8598,-2.6529,0.0,0.06981,174.729,1.6325,stand_3,211.9736,0.0,0.06981,0.0,0.06981,Sidewalk
248.0,123.2731,4.8598,-2.6529,0.0,-0.0,174.729,1.6325,stand_3,211.9652,0.0,-0.0,0.0,-0.0,Sidewalk
248.5,123.2731,4.8598,-2.61799,0.0,0.06981,174.729,1.6325,stand_3,211.9736,0.0,0.06981,0.0,0.06981,Sidewalk
249.0,123.2731,4.8598,-2.61799,0.0,-0.0,174.729,1.6325,stand_3,211.9652,0.0,-0.0,0.0,-0.0,Sidewalk
249.5,123.2731,4.8598,-2.58309,0.0,0.06981,174.729,1.6325,stand_3,211.9736,0.0,0.06981,0.0,0.06981,Sidewalk
250.0,123.2731,4.8598,-2.58309,0.0,-0.0,174.729,1.6325,stand_3,211.9652,0.0,-0.0,0.0,-0.0,Sidewalk
250.5,123.2731,4.8598,-2.54818,0.0,0.06981,174.729,1.6325,stand_3,211.9736,0.0,0.06981,0.0,0.06981,Sidewalk
251.0,123.2731,4.8598,-2.54818,0.0,-0.0,174.729,1.6325,stand_3,211.9652,0.0,-0.0,0.0,-0.0,Sidewalk
251.5,123.2731,4.8598,-2.51327,0.0,0.06981,174.729,1.6325,stand_3,211.9736,0.0,0.06981,0.0,0.06981,Sidewalk
252.0,123.2731,4.8598,-2.51327,0.0,-0.0,174.729,1.6325,stand_3,211.9652,0.0,-0.0,0.0,-0.0,Sidewalk
252.5,123.2731,4.8598,-2.47837,0.0,0.06981,174.729,1.6325,stand_3,211.9736,0.0,0.06981,0.0,0.06981,Sidewalk
253.0,123.2731,4.8598,-2.47837,0.0,-0.0,174.729,1.6325,stand_3,211.9652,0.0,-0.0,0.0,-0.0,Sidewalk
253.5,123.2731,4.8598,-2.44346,0.0,0.06981,174.729,1.6325,stand_3,211.9736,0.0,0.06981,0.0,0.06981,Sidewalk
254.0,123.2731,4.8598,-2.44346,0.0,-0.0,174.729,1.6325,stand_3,211.9652,0.0,-0.0,0.0,-0.0,Sidewalk
254.5,123.2731,4.8598,-2.40855,0.0,0.06981,174.729,1.6325,stand_3,211.9736,0.0,0.06981,0.0,0.06981,Sidewalk
255.0,123.2731,4.8598,-2.40855,0.0,-0.0,174.729,1.6325,stand_3,211.9652,0.0,-0.0,0.0,-0.0,Sidewalk
255.5,123.2731,4.8598,-2.37365,0.0,0.06981,174.729,1.6325,stand_3,211.9736,0.0,0.06981,0.0,0.06981,Sidewalk
256.0,123.2731,4.8598,-2.37365,0.0,-0.0,174.729,1.6325,stand_3,211.9652,0.0,-0.0,0.0,-0.0,Sidewalk
256.5,123.2731,4.8598,-2.33874,0.0,0.06981,174.729,1.6325,stand_3,211.9736,0.0,0.06981,0.0,0.06981,Sidewalk
257.0,123.2731,4.8598,-2.33874,0.0,-0.0,174.729,1.6325,stand_3,211.9652,0.0,-0.0,0.0,-0.0,Sidewalk
257.5,123.2731,4.8598,-2.30383,0.0,0.06981,174.729,1.6325,stand_3,211.9736,0.0,0.06981,0.0,0.06981,Sidewalk
258.0,123.2731,4.8598,-2.30383,0.0,-0.0,174.729,1.6325,stand_3,211.9652,0.0,-0.0,0.0,-0.0,Sidewalk
258.5,123.2731,4.8598,-2.26893,0.0,0.06981,174.729,1.6325,stand_3,211.9736,0.0,0.06981,0.0,0.06981,Sidewalk
259.0,123.2731,4.8598,-2.26893,0.0,-0.0,174.729,1.6325,stand_3,211.9652,0.0,-0.0,0.0,-0.0,Sidewalk
259.5,123.2731,4.8598,-2.23402,0.0,0.06981,174.729,1.6325,stand_3,211.9736,0.0,0.06981,0.0,0.06981,Sidewalk
260.0,123.2731,4.8598,-2.23402,0.0,-0.0,174.729,1.6325,stand_3,211.9652,0.0,-0.0,0.0,-0.0,Sidewalk
260.5,123.2731,4.8598,-2.19911,0.0,0.06981,174.729,1.6325,stand_3,211.9736,0.0,0.06981,0.0,0.06981,Sidewalk
261.0,123.2731,4.8598,-2.19911,0.0,-0.0,174.729,1.6325,stand_3,211.9652,0.0,-0.0,0.0,-0.0,Sidewalk
261.5,123.2731,4.8598,-2.16421,0.0,0.06981,174.729,1.6325,stand_3,211.9736,0.0,0.06981,0.0,0.06981,Sidewalk
262.0,123.2731,4.8598,-2.16421,0.0,-0.0,174.729,1.6325,stand_3,211.9652,0.0,-0.0,0.0,-0.0,Sidewalk
262.5,123.2731,4.8598,-2.1293,0.0,0.06981,174.729,1.6325,stand_3,211.9736,0.0,0.06981,0.0,0.06981,Sidewalk
263.0,123.2731,4.8598,-2.1293,0.0,-0.0,174.729,1.6325,stand_3,211.9652,0.0,-0.0,0.0,-0.0,Sidewalk
263.5,123.2731,4.8598,-2.0944,0.0,0.06981,174.729,1.6325,stand_3,211.9736,0.0,0.06981,0.0,0.06981,Sidewalk
264.0,123.2731,4.8598,-2.0944,0.0,-0.0,174.729,1.6325,stand_3,211.9652,0.0,-0.0,0.0,-0.0,Sidewalk
264.5,123.2731,4.8598,-2.05949,0.0,0.06981,174.729,1.6325,stand_3,211.9736,0.0,0.06981,0.0,0.06981,Sidewalk
265.0,123.2731,4.8598,-2.05949,0.0,-0.0,174.729,1.6325,stand_3,211.9652,0.0,-0.0,0.0,-0.0,Sidewalk
265.5,123.2731,4.8598,-2.02458,0.0,0.06981,174.729,1.6325,stand_3,211.9736,0.0,0.06981,0.0,0.06981,Sidewalk
266.0,123.2731,4.8598,-2.02458,0.0,-0.0,174.729,1.6325,stand_3,211.9652,0.0,-0.0,0.0,-0.0,Sidewalk
266.5,123.2731,4.8598,-1.98968,0.0,0.06981,174.729,1.6325,stand_3,211.9736,0.0,0.06981,0.0,0.06981,Sidewalk
267.0,123.2731,4.8598,-1.98968,0.0,-0.0,174.729,1.6325,stand_3,211.9652,0.0,-0.0,0.0,-0.0,Sidewalk
267.5,123.2731,4.8598,-1.95477,0.0,0.06981,174.729,1.6325,stand_3,211.9736,0.0,0.06981,0.0,0.06981,Sidewalk
268.0,123.2731,4.8598,-1.95477,0.0,-0.0,174.729,1.6325,stand_3,211.9652,0.0,-0.0,0.0,-0.0,Sidewalk
268.5,123.2731,4.8598,-1.91986,0.0,0.06981,174.729,1.6325,stand_3,211.9736,0.0,0.06981,0.0,0.06981,Sidewalk
269.0,123.2731,4.8598,-1.91986,0.0,-0.0,174.729,1.6325,stand_3,211.9652,0.0,-0.0,0.0,-0.0,Sidewalk
269.5,123.2731,4.8598,-1.88496,0.0,0.06981,174.729,1.6325,stand_3,211.9736,0.0,0.06981,0.0,0.06981,Sidewalk
270.0,123.2731,4.8598,-1.88496,0.0,-0.0,174.729,1.6325,stand_3,211.9652,0.0,-0.0,0.0,-0.0,Sidewalk
270.5,123.2731,4.8598,-1.85005,0.0,0.06981,174.729,1.6325,stand_3,211.9736,0.0,0.06981,0.0,0.06981,Sidewalk
271.0,123.2731,4.8598,-1.85005,0.0,-0.0,174.729,1.6325,stand_3,211.9652,0.0,-0.0,0.0,-0.0,Sidewalk
271.5,123.2731,4.8598,-1.81514,0.0,0.06981,174.729,1.6325,stand_3,211.9736,0.0,0.06981,0.0,0.06981,Sidewalk
272.0,123.2731,4.8598,-1.81514,0.0,-0.0,174.729,1.6325,stand_3,211.9652,0.0,-0.0,0.0,-0.0,Sidewalk
272.5,123.2731,4.8598,-1.78024,0.0,0.06981,174.729,1.6325,stand_3,211.9736,0.0,0.06981,0.0,0.06981,Sidewalk
273.0,123.2731,4.8598,-1.78024,0.0,-0.0,174.729,1.6325,stand_3,211.9652,0.0,-0.0,0.0,-0.0,Sidewalk
273.5,123.2731,4.8598,-1.74533,0.0,0.06981,174.729,1.6325,stand_3,211.9736,0.0,0.06981,0.0,0.06981,Sidewalk
274.0,123.2731,4.8598,-1.74533,0.0,-0.0,174.729,1.6325,stand_3,211.9652,0.0,-0.0,0.0,-0.0,Sidewalk
274.5,123.2731,4.8598,-1.71042,0.0,0.06981,174.729,1.6325,stand_3,211.9736,0.0,0.06981,0.0,0.06981,Sidewalk
275.0,123.2731,4.8598,-1.71042,0.0,-0.0,174.729,1.6325,stand_3,211.9652,0.0,-0.0,0.0,-0.0,Sidewalk
275.5,123.2731,4.8598,-1.67552,0.0,0.06981,174.729,1.6325,stand_3,211.9736,0.0,0.06981,0.0,0.06981,Sidewalk
276.0,123.2731,4.8598,-1.67552,0.0,-0.0,174.729,1.6325,stand_3,211.9652,0.0,-0.0,0.0,-0.0,Sidewalk
276.5,123.2731,4.8598,-1.64061,0.0,0.06981,174.729,1.6325,stand_3,211.9736,0.0,0.06981,0.0,0.06981,Sidewalk
277.0,123.2731,4.8598,-1.64061,0.0,-0.0,174.729,1.6325,stand_3,211.9652,0.0,-0.0,0.0,-0.0,Sidewalk
277.5,123.2731,4.8598,-1.6057,0.0,0.06981,174.729,1.6325,stand_3,211.9736,0.0,0.06981,0.0,0.06981,Sidewalk
278.0,123.2731,4.8598,-1.6057,0.0,-0.0,174.729,1.6325,stand_3,211.9652,0.0,-0.0,0.0,-0.0,Sidewalk
278.5,123.2731,4.8598,-1.5708,0.0,0.06981,174.729,1.6325,stand_3,211.9736,0.0,0.06981,0.0,0.06981,Sidewalk
279.0,123.2731,4.8598,-1.5708,0.0,-0.0,174.729,1.6325,stand_3,211.9652,0.0,-0.0,0.0,-0.0,Sidewalk
279.5,123.2731,4.8598,-1.53589,0.0,0.06981,174.729,1.6325,stand_3,211.9736,0.0,0.06981,0.0,0.06981,Sidewalk
280.0,123.2731,4.8598,-1.53589,0.0,-0.0,174.729,1.6325,stand_3,211.9652,0.0,-0.0,0.0,-0.0,Sidewalk
280.5,123.2731,4.8598,-1.50098,0.0,0.06981,174.729,1.6325,stand_3,211.9736,0.0,0.06981,0.0,0.06981,Sidewalk
281.0,123.2731,4.8598,-1.50098,0.0,-0.0,174.729,1.6325,stand_3,211.9652,0.0,-0.0,0.0,-0.0,Sidewalk
281.5,123.2731,4.8598,-1.46608,0.0,0.06981,174.729,1.6325,stand_3,211.9736,0.0,0.06981,0.0,0.06981,Sidewalk
282.0,123.2731,4.8598,-1.46608,0.0,-0.0,174.729,1.6325,stand_3,211.9652,0.0,-0.0,0.0,-0.0,Sidewalk
282.5,123.2731,4.8598,-1.43117,0.0,0.06981,174.729,1.6325,stand_3,211.9736,0.0,0.06981,0.0,0.06981,Sidewalk
283.0,123.2731,4.8598,-1.43117,0.0,-0.0,174.729,1.6325,stand_3,211.9652,0.0,-0.0,0.0,-0.0,Sidewalk
283.5,123.2731,4.8598,-1.39626,0.0,0.06981,174.729,1.6325,stand_3,211.9736,0.0,0.06981,0.0,0.06981,Sidewalk
284.0,123.2731,4.8598,-1.39626,0.0,-0.0,174.729,1.6325,stand_3,211.9652,0.0,-0.0,0.0,-0.0,Sidewalk
284.5,123.2731,4.8598,-1.36136,0.0,0.06981,174.729,1.6325,stand_3,211.9736,0.0,0.06981,0.0,0.06981,Sidewalk
285.0,123.2731,4.8598,-1.36136,0.0,-0.0,174.729,1.6325,stand_3,211.9652,0.0,-0.0,0.0,-0.0,Sidewalk
285.5,123.2731,4.8598,-1.32645,0.0,0.06981,174.729,1.6325,stand_3,211.9736,0.0,0.06981,0.0,0.06981,Sidewalk
286.0,123.2731,4.8598,-1.32645,0.0,-0.0,174.729,1.6325,stand_3,211.9652,0.0,-0.0,0.0,-0.0,Sidewalk
286.5,123.2731,4.8598,-1.29154,0.0,0.06981,174.729,1.6325,stand_3,211.9736,0.0,0.06981,0.0,0.06981,Sidewalk
287.0,123.2731,4.8598,-1.29154,0.0,-0.0,174.729,1.6325,stand_3,211.9652,0.0,-0.0,0.0,-0.0,Sidewalk
287.5,123.2731,4.8598,-1.25664,0.0,0.06981,174.729,1.6325,stand_3,211.9736,0.0,0.06981,0.0,0.06981,Sidewalk
288.0,123.2731,4.8598,-1.25664,0.0,-0.0,174.729,1.6325,stand_3,211.9652,0.0,-0.0,0.0,-0.0,Sidewalk
288.5,123.2731,4.8598,-1.22173,0.0,0.06981,174.729,1.6325,stand_3,211.9736,0.0,0.06981,0.0,0.06981,Sidewalk
289.0,123.2731,4.8598,-1.22173,0.0,-0.0,174.729,1.6325,stand_3,211.9652,0.0,-0.0,0.0,-0.0,Sidewalk
289.5,123.2731,4.8598,-1.18682,0.0,0.06981,174.729,1.6325,stand_3,211.9736,0.0,0.06981,0.0,0.06981,Sidewalk
290.0,123.2731,4.8598,-1.18682,0.0,-0.0,174.729,1.6325,stand_3,211.9652,0.0,-0.0,0.0,-0.0,Sidewalk
290.5,123.2731,4.8598,-1.15192,0.0,0.06981,174.729,1.6325,stand_3,211.9736,0.0,0.06981,0.0,0.06981,Sidewalk
291.0,123.2731,4.8598,-1.15192,0.0,-0.0,174.729,1.6325,stand_3,211.9652,0.0,-0.0,0.0,-0.0,Sidewalk
291.5,123.2731,4.8598,-1.11701,0.0,0.06981,174.729,1.6325,stand_3,211.9736,0.0,0.06981,0.0,0.06981,Sidewalk
292.0,123.2731,4.8598,-1.11701,0.0,-0.0,174.729,1.6325,stand_3,211.9652,0.0,-0.0,0.0,-0.0,Sidewalk
292.5,123.2731,4.8598,-1.0821,0.0,0.06981,174.729,1.6325,stand_3,211.9736,0.0,0.06981,0.0,0.06981,Sidewalk
293.0,123.2731,4.8598,-1.0821,0.0,-0.0,174.729,1.6325,stand_3,211.9652,0.0,-0.0,0.0,-0.0,Sidewalk
293.5,123.2731,4.8598,-1.0472,0.0,0.06981,174.729,1.6325,stand_3,211.9736,0.0,0.06981,0.0,0.06981,Sidewalk
294.0,123.2731,4.8598,-1.0472,0.0,-0.0,174.729,1.6325,stand_3,211.9652,0.0,-0.0,0.0,-0.0,Sidewalk
294.5,123.2731,4.8598,-1.01229,0.0,0.06981,174.729,1.6325,stand_3,211.9736,0.0,0.06981,0.0,0.06981,Sidewalk
295.0,123.2731,4.8598,-1.01229,0.0,-0.0,174.729,1.6325,stand_3,211.9652,0.0,-0.0,0.0,-0.0,Sidewalk
295.5,123.2731,4.8598,-0.97738,0.0,0.06981,174.729,1.6325,stand_3,211.9736,0.0,0.06981,0.0,0.06981,Sidewalk
296.0,123.2731,4.8598,-0.97738,0.0,-0.0,174.729,1.6325,stand_3,211.9652,0.0,-0.0,0.0,-0.0,Sidewalk
296.5,123.2731,4.8598,-0.94248,0.0,0.06981,174.729,1.6325,stand_3,211.9736,0.0,0.06981,0.0,0.06981,Sidewalk
297.0,123.2731,4.8598,-0.94248,0.0,-0.0,174.729,1.6325,stand_3,211.9652,0.0,-0.0,0.0,-0.0,Sidewalk
297.5,123.2731,4.8598,-0.90757,0.0,0.06981,174.729,1.6325,stand_3,211.9736,0.0,0.06981,0.0,0.06981,Sidewalk
298.0,123.2731,4.8598,-0.90757,0.0,-0.0,174.729,1.6325,stand_3,211.9652,0.0,-0.0,0.0,-0.0,Sidewalk
298.5,123.2731,4.8598,-0.87266,0.0,0.06981,174.729,1.6325,stand_3,211.9736,0.0,0.06981,0.0,0.06981,Sidewalk
299.0,123.2731,4.8598,-0.87266,0.0,-0.0,174.729,1.6325,stand_3,211.9652,0.0,-0.0,0.0,-0.0,Sidewalk
299.5,123.2731,4.8598,-0.83776,0.0,0.06981,174.729,1.6325,stand_3,211.9736,0.0,0.06981,0.0,0.06981,Sidewalk
300.0,123.2731,4.8598,-0.83776,0.0,-0.0,174.729,1.6325,stand_3,211.9652,0.0,-0.0,0.0,-0.0,Sidewalk
300.5,123.2731,4.8598,-0.80285,0.0,0.06981,174.729,1.6325,stand_3,211.9736,0.0,0.06981,0.0,0.06981,Sidewalk
301.0,123.2731,4.8598,-0.80285,0.0,-0.0,174.729,1.6325,stand_3,211.9652,0.0,-0.0,0.0,-0.0,Sidewalk
301.5,123.2731,4.8598,-0.76794,0.0,0.06981,174.729,1.6325,stand_3,211.9736,0.0,0.06981,0.0,0.06981,Sidewalk
302.0,123.2731,4.8598,-0.76794,0.0,-0.0,174.729,1.6325,stand_3,211.9652,0.0,-0.0,0.0,-0.0,Sidewalk
302.5,123.2731,4.8598,-0.73304,0.0,0.06981,174.729,1.6325,stand_3,211.9736,0.0,0.06981,0.0,0.06981,Sidewalk
303.0,123.2731,4.8598,-0.73304,0.0,-0.0,174.729,1.6325,stand_3,211.9652,0.0,-0.0,0.0,-0.0,Sidewalk
303.5,123.2731,4.8598,-0.69813,0.0,0.06981,174.729,1.6325,stand_3,211.9736,0.0,0.06981,0.0,0.06981,Sidewalk
304.0,123.2731,4.8598,-0.69813,0.0,-0.0,174.729,1.6325,stand_3,211.9652,0.0,-0.0,0.0,-0.0,Sidewalk
304.5,123.2731,4.8598,-0.66323,0.0,0.06981,174.729,1.6325,stand_3,211.9736,0.0,0.06981,0.0,0.06981,Sidewalk
305.0,123.2731,4.8598,-0.66323,0.0,-0.0,174.729,1.6325,stand_3,211.9652,0.0,-0.0,0.0,-0.0,Sidewalk
305.5,123.2731,4.8598,-0.62832,0.0,0.06981,174.729,1.6325,stand_3,211.9736,0.0,0.06981,0.0,0.06981,Sidewalk
306.0,123.2731,4.8598,-0.62832,0.0,-0.0,174.729,1.6325,stand_3,211.9652,0.0,-0.0,0.0,-0.0,Sidewalk
306.5,123.2731,4.8598,-0.59341,0.0,0.06981,174.729,1.6325,stand_3,211.9736,0.0,0.06981,0.0,0.06981,Sidewalk
307.0,123.2731,4.8598,-0.59341,0.0,-0.0,174.729,1.6325,stand_3,211.9652,0.0,-0.0,0.0,-0.0,Sidewalk
307.5,123.2731,4.8598,-0.55851,0.0,0.06981,174.729,1.6325,stand_3,211.9736,0.0,0.06981,0.0,0.06981,Sidewalk
308.0,123.2731,4.8598,-0.55851,0.0,-0.0,174.729,1.6325,stand_3,211.9652,0.0,-0.0,0.0,-0.0,Sidewalk
308.5,123.2731,4.8598,-0.5236,0.0,0.06981,174.729,1.6325,stand_3,211.9736,0.0,0.06981,0.0,0.06981,Sidewalk
309.0,123.2731,4.8598,-0.5236,0.0,-0.0,174.729,1.6325,stand_3,211.9652,0.0,-0.0,0.0,-0.0,Sidewalk
309.5,123.2731,4.8598,-0.48869,0.0,0.06981,174.729,1.6325,stand_3,211.9736,0.0,0.06981,0.0,0.06981,Sidewalk
310.0,123.2731,4.8598,-0.48869,0.0,-0.0,174.729,1.6325,stand_3,211.9652,0.0,-0.0,0.0,-0.0,Sidewalk
310.5,123.2731,4.8598,-0.45379,0.0,0.06981,174.729,1.6325,stand_3,211.9736,0.0,0.06981,0.0,0.06981,Sidewalk
311.0,123.2731,4.8598,-0.45379,0.0,-0.0,174.729,1.6325,stand_3,211.9652,0.0,-0.0,0.0,-0.0,Sidewalk
311.5,123.2731,4.8598,-0.41888,0.0,0.06981,174.729,1.6325,stand_3,211.9736,0.0,0.06981,0.0,0.06981,Sidewalk
312.0,123.2731,4.8598,-0.41888,0.0,-0.0,174.729,1.6325,stand_3,211.9652,0.0,-0.0,0.0,-0.0,Sidewalk
312.5,123.2731,4.8598,-0.38397,0.0,0.06981,174.729,1.6325,stand_3,211.9735,0.0,0.06981,0.0,0.06981,Sidewalk
313.0,123.2731,4.8598,-0.38397,0.0,-0.0,174.729,1.6325,stand_3,211.9652,0.0,-0.0,0.0,-0.0,Sidewalk
313.5,123.2731,4.8598,-0.34907,0.0,0.06981,174.729,1.6325,stand_3,211.9735,0.0,0.06981,0.0,0.06981,Sidewalk
314.0,123.2731,4.8598,-0.34907,0.0,-0.0,174.729,1.6325,stand_3,211.9652,0.0,-0.0,0.0,-0.0,Sidewalk
314.5,123.2731,4.8598,-0.31416,0.0,0.06981,174.729,1.6325,stand_3,211.9735,0.0,0.06981,0.0,0.06981,Sidewalk
315.0,123.2731,4.8598,-0.31416,0.0,-0.0,174.729,1.6325,stand_3,211.9652,0.0,-0.0,0.0,-0.0,Sidewalk
315.5,123.2731,4.8598,-0.27925,0.0,0.06981,174.729,1.6325,stand_3,211.9735,0.0,0.06981,0.0,0.06981,Sidewalk
316.0,123.2731,4.8598,-0.27925,0.0,-0.0,174.729,1.6325,stand_3,211.9652,0.0,-0.0,0.0,-0.0,Sidewalk
316.5,123.2731,4.8598,-0.24435,0.0,0.06981,174.729,1.6325,stand_3,211.9735,0.0,0.06981,0.0,0.06981,Sidewalk
317.0,123.2731,4.8598,-0.24435,0.0,-0.0,174.729,1.6325,stand_3,211.9652,0.0,-0.0,0.0,-0.0,Sidewalk
317.5,123.2731,4.8598,-0.20944,0.0,0.06981,174.729,1.6325,stand_3,211.9735,0.0,0.06981,0.0,0.06981,Sidewalk
318.0,123.2731,4.8598,-0.20944,0.0,-0.0,174.729,1.6325,stand_3,211.9651,0.0,-0.0,0.0,-0.0,Sidewalk
318.5,123.2731,4.8598,-0.17453,0.0,0.06981,174.729,1.6325,stand_3,211.9735,0.0,0.06981,0.0,0.06981,Sidewalk
319.0,123.2731,4.8598,-0.17453,0.0,-0.0,174.729,1.6325,stand_3,211.9651,0.0,-0.0,0.0,-0.0,Sidewalk
319.5,123.313,4.857,-0.06981,0.08,0.20944,174.6891,1.597,stand_3,211.9577,0.08,0.20944,0.08,0.20944,Sidewalk
320.0,123.313,4.857,-0.06981,0.0,-0.0,174.6891,1.597,stand_3,211.9771,0.0,-0.0,0.0,-0.0,Sidewalk
320.5,123.313,4.857,-0.03491,0.0,0.06981,174.6891,1.597,stand_3,211.9855,0.0,0.06981,0.0,0.06981,Sidewalk
321.0,123.313,4.857,-0.03491,0.0,-0.0,174.6891,1.597,stand_3,211.9771,0.0,-0.0,0.0,-0.0,Sidewalk
321.5,123.313,4.857,-0.0,0.0,0.06981,174.6891,1.597,stand_3,211.9855,0.0,0.06981,0.0,0.06981,Sidewalk
322.0,123.3529,4.8598,0.06981,0.08,0.13963,174.6492,1.5648,stand_3,211.9765,0.08,0.13963,0.08,0.13963,Sidewalk
322.5,123.3529,4.8598,0.10472,0.0,0.06981,174.6492,1.5648,stand_3,211.9957,0.0,0.06981,0.0,0.06981,Sidewalk
323.0,123.3529,4.8598,0.10472,0.0,-0.0,174.6492,1.5648,stand_3,211.9873,0.0,-0.0,0.0,-0.0,Sidewalk
323.5,123.3529,4.8598,0.13963,0.0,0.06981,174.6492,1.5648,stand_3,211.9957,0.0,0.06981,0.0,0.06981,Sidewalk
324.0,123.3529,4.8598,0.13963,0.0,-0.0,174.6492,1.5648,stand_3,211.9873,0.0,-0.0,0.0,-0.0,Sidewalk
324.5,123.3529,4.8598,0.17453,0.0,0.06981,174.6492,1.5648,stand_3,211.9957,0.0,0.06981,0.0,0.06981,Sidewalk
325.0,123.3529,4.8598,0.17453,0.0,-0.0,174.6492,1.5648,stand_3,211.9873,0.0,-0.0,0.0,-0.0,Sidewalk
325.5,123.3529,4.8598,0.20944,0.0,0.06981,174.6492,1.5648,stand_3,211.9957,0.0,0.06981,0.0,0.06981,Sidewalk
326.0,123.3529,4.8598,0.20944,0.0,-0.0,174.6492,1.5648,stand_3,211.9873,0.0,-0.0,0.0,-0.0,Sidewalk
326.5,123.3529,4.8598,0.24435,0.0,0.06981,174.6492,1.5648,stand_3,211.9957,0.0,0.06981,0.0,0.06981,Sidewalk
327.0,123.3529,4.8598,0.24435,0.0,-0.0,174.6492,1.5648,stand_3,211.9873,0.0,-0.0,0.0,-0.0,Sidewalk
327.5,123.3529,4.8598,0.27925,0.0,0.06981,174.6492,1.5648,stand_3,211.9957,0.0,0.06981,0.0,0.06981,Sidewalk
328.0,123.3529,4.8598,0.27925,0.0,-0.0,174.6492,1.5648,stand_3,211.9873,0.0,-0.0,0.0,-0.0,Sidewalk
328.5,123.3529,4.8598,0.31416,0.0,0.06981,174.6492,1.5648,stand_3,211.9957,0.0,0.06981,0.0,0.06981,Sidewalk
329.0,123.3529,4.8598,0.31416,0.0,-0.0,174.6492,1.5648,stand_3,211.9873,0.0,-0.0,0.0,-0.0,Sidewalk
329.5,123.3529,4.8598,0.34907,0.0,0.06981,174.6492,1.5648,stand_3,211.9957,0.0,0.06981,0.0,0.06981,Sidewalk
330.0,123.3529,4.8598,0.34907,0.0,-0.0,174.6492,1.5648,stand_3,211.9873,0.0,-0.0,0.0,-0.0,Sidewalk
330.5,123.3529,4.8598,0.38397,0.0,0.06981,174.6492,1.5648,stand_3,211.9957,0.0,0.06981,0.0,0.06981,Sidewalk
331.0,123.3529,4.8598,0.38397,0.0,-0.0,174.6492,1.5648,stand_3,211.9873,0.0,-0.0,0.0,-0.0,Sidewalk
331.5,123.3529,4.8598,0.41888,0.0,0.06981,174.6492,1.5648,stand_3,211.9957,0.0,0.06981,0.0,0.06981,Sidewalk
332.0,123.3529,4.8598,0.41888,0.0,-0.0,174.6492,1.5648,stand_3,211.9873,0.0,-0.0,0.0,-0.0,Sidewalk
332.5,123.3529,4.8598,0.45379,0.0,0.06981,174.6492,1.5648,stand_3,211.9957,0.0,0.06981,0.0,0.06981,Sidewalk
333.0,123.3529,4.8598,0.45379,0.0,-0.0,174.6492,1.5648,stand_3,211.9873,0.0,-0.0,0.0,-0.0,Sidewalk
333.5,123.3529,4.8598,0.48869,0.0,0.06981,174.6492,1.5648,stand_3,211.9957,0.0,0.06981,0.0,0.06981,Sidewalk
334.0,123.3529,4.8598,0.48869,0.0,-0.0,174.6492,1.5648,stand_3,211.9873,0.0,-0.0,0.0,-0.0,Sidewalk
334.5,123.3529,4.8598,0.5236,0.0,0.06981,174.6492,1.5648,stand_3,211.9957,0.0,0.06981,0.0,0.06981,Sidewalk
335.0,123.3529,4.8598,0.5236,0.0,-0.0,174.6492,1.5648,stand_3,211.9873,0.0,-0.0,0.0,-0.0,Sidewalk
335.5,123.3529,4.8598,0.55851,0.0,0.06981,174.6492,1.5648,stand_3,211.9957,0.0,0.06981,0.0,0.06981,Sidewalk
336.0,123.3529,4.8598,0.55851,0.0,-0.0,174.6492,1.5648,stand_3,211.9873,0.0,-0.0,0.0,-0.0,Sidewalk
336.5,123.3529,4.8598,0.59341,0.0,0.06981,174.6492,1.5648,stand_3,211.9957,0.0,0.06981,0.0,0.06981,Sidewalk
337.0,123.3529,4.8598,0.59341,0.0,-0.0,174.6492,1.5648,stand_3,211.9873,0.0,-0.0,0.0,-0.0,Sidewalk
337.5,123.3529,4.8598,0.62832,0.0,0.06981,174.6492,1.5648,stand_3,211.9956,0.0,0.06981,0.0,0.06981,Sidewalk
338.0,123.3529,4.8598,0.62832,0.0,-0.0,174.6492,1.5648,stand_3,211.9873,0.0,-0.0,0.0,-0.0,Sidewalk
338.5,123.3529,4.8598,0.66323,0.0,0.06981,174.6492,1.5648,stand_3,211.9956,0.0,0.06981,0.0,0.06981,Sidewalk
339.0,123.3529,4.8598,0.66323,0.0,-0.0,174.6492,1.5648,stand_3,211.9873,0.0,-0.0,0.0,-0.0,Sidewalk
339.5,123.3529,4.8598,0.69813,0.0,0.06981,174.6492,1.5648,stand_3,211.9956,0.0,0.06981,0.0,0.06981,Sidewalk
340.0,123.3529,4.8598,0.69813,0.0,-0.0,174.6492,1.5648,stand_3,211.9873,0.0,-0.0,0.0,-0.0,Sidewalk
340.5,123.3529,4.8598,0.73304,0.0,0.06981,174.6492,1.5648,stand_3,211.9956,0.0,0.06981,0.0,0.06981,Sidewalk
341.0,123.3529,4.8598,0.73304,0.0,-0.0,174.6492,1.5648,stand_3,211.9873,0.0,-0.0,0.0,-0.0,Sidewalk
341.5,123.3529,4.8598,0.76794,0.0,0.06981,174.6492,1.5648,stand_3,211.9956,0.0,0.06981,0.0,0.06981,Sidewalk
342.0,123.3529,4.8598,0.76794,0.0,-0.0,174.6492,1.5648,stand_3,211.9872,0.0,-0.0,0.0,-0.0,Sidewalk
342.5,123.3529,4.8598,0.80285,0.0,0.06981,174.6492,1.5648,stand_3,211.9956,0.0,0.06981,0.0,0.06981,Sidewalk
343.0,123.3529,4.8598,0.80285,0.0,-0.0,174.6492,1.5648,stand_3,211.9872,0.0,-0.0,0.0,-0.0,Sidewalk
343.5,123.3529,4.8598,0.83776,0.0,0.06981,174.6492,1.5648,stand_3,211.9956,0.0,0.06981,0.0,0.06981,Sidewalk
344.0,123.3529,4.8598,0.83776,0.0,-0.0,174.6492,1.5648,stand_3,211.9872,0.0,-0.0,0.0,-0.0,Sidewalk
344.5,123.3529,4.8598,0.87266,0.0,0.06981,174.6492,1.5648,stand_3,211.9956,0.0,0.06981,0.0,0.06981,Sidewalk
345.0,123.3529,4.8598,0.87266,0.0,-0.0,174.6492,1.5648,stand_3,211.9872,0.0,-0.0,0.0,-0.0,Sidewalk
345.5,123.3529,4.8598,0.90757,0.0,0.06981,174.6492,1.5648,stand_3,211.9956,0.0,0.06981,0.0,0.06981,Sidewalk
346.0,123.3529,4.8598,0.90757,0.0,-0.0,174.6492,1.5648,stand_3,211.9872,0.0,-0.0,0.0,-0.0,Sidewalk
346.5,123.3529,4.8598,0.94248,0.0,0.06981,174.6492,1.5648,stand_3,211.9956,0.0,0.06981,0.0,0.06981,Sidewalk
347.0,123.3529,4.8598,0.94248,0.0,-0.0,174.6492,1.5648,stand_3,211.9872,0.0,-0.0,0.0,-0.0,Sidewalk
347.5,123.3529,4.8598,0.97738,0.0,0.06981,174.6492,1.5648,stand_3,211.9956,0.0,0.06981,0.0,0.06981,Sidewalk
348.0,123.3529,4.8598,0.97738,0.0,-0.0,174.6492,1.5648,stand_3,211.9872,0.0,-0.0,0.0,-0.0,Sidewalk
348.5,123.3529,4.8598,1.01229,0.0,0.06981,174.6492,1.5648,stand_3,211.9956,0.0,0.06981,0.0,0.06981,Sidewalk
349.0,123.3529,4.8598,1.01229,0.0,-0.0,174.6492,1.5648,stand_3,211.9872,0.0,-0.0,0.0,-0.0,Sidewalk
349.5,123.3529,4.8598,1.0472,0.0,0.06981,174.6492,1.5648,stand_3,211.9956,0.0,0.06981,0.0,0.06981,Sidewalk
350.0,123.3529,4.8598,1.0472,0.0,-0.0,174.6492,1.5648,stand_3,211.9872,0.0,-0.0,0.0,-0.0,Sidewalk
350.5,123.3529,4.8598,1.0821,0.0,0.06981,174.6492,1.5648,stand_3,211.9956,0.0,0.06981,0.0,0.06981,Sidewalk
351.0,123.3529,4.8598,1.0821,0.0,-0.0,174.6492,1.5648,stand_3,211.9872,0.0,-0.0,0.0,-0.0,Sidewalk
351.5,123.3529,4.8598,1.11701,0.0,0.06981,174.6492,1.5648,stand_3,211.9956,0.0,0.06981,0.0,0.06981,Sidewalk
352.0,123.3529,4.8598,1.11701,0.0,-0.0,174.6492,1.5648,stand_3,211.9872,0.0,-0.0,0.0,-0.0,Sidewalk
352.5,123.3529,4.8598,1.15192,0.0,0.06981,174.6492,1.5648,stand_3,211.9956,0.0,0.06981,0.0,0.06981,Sidewalk
353.0,123.3529,4.8598,1.15192,0.0,-0.0,174.6492,1.5648,stand_3,211.9872,0.0,-0.0,0.0,-0.0,Sidewalk
353.5,123.3529,4.8598,1.18682,0.0,0.06981,174.6492,1.5648,stand_3,211.9956,0.0,0.06981,0.0,0.06981,Sidewalk
354.0,123.3529,4.8598,1.18682,0.0,-0.0,174.6492,1.5648,stand_3,211.9872,0.0,-0.0,0.0,-0.0,Sidewalk
354.5,123.3529,4.8598,1.22173,0.0,0.06981,174.6492,1.5648,stand_3,211.9956,0.0,0.06981,0.0,0.06981,Sidewalk
355.0,123.3529,4.8598,1.22173,0.0,-0.0,174.6492,1.5648,stand_3,211.9872,0.0,-0.0,0.0,-0.0,Sidewalk
355.5,123.3529,4.8598,1.25664,0.0,0.06981,174.6492,1.5648,stand_3,211.9956,0.0,0.06981,0.0,0.06981,Sidewalk
356.0,123.3529,4.8598,1.25664,0.0,-0.0,174.6492,1.5648,stand_3,211.9872,0.0,-0.0,0.0,-0.0,Sidewalk
356.5,123.3529,4.8598,1.29154,0.0,0.06981,174.6492,1.5649,stand_3,211.9956,0.0,0.06981,0.0,0.06981,Sidewalk
357.0,123.3529,4.8598,1.29154,0.0,-0.0,174.6492,1.5649,stand_3,211.9872,0.0,-0.0,0.0,-0.0,Sidewalk
357.5,123.3529,4.8598,1.32645,0.0,0.06981,174.6492,1.5649,stand_3,211.9956,0.0,0.06981,0.0,0.06981,Sidewalk
358.0,123.3529,4.8598,1.32645,0.0,-0.0,174.6492,1.5649,stand_3,211.9872,0.0,-0.0,0.0,-0.0,Sidewalk
358.5,123.3529,4.8598,1.36136,0.0,0.06981,174.6492,1.5649,stand_3,211.9955,0.0,0.06981,0.0,0.06981,Sidewalk
359.0,123.3529,4.8598,1.36136,0.0,-0.0,174.6492,1.5649,stand_3,211.9872,0.0,-0.0,0.0,-0.0,Sidewalk
359.5,123.3529,4.8598,1.39626,0.0,0.06981,174.6492,1.5649,stand_3,211.9955,0.0,0.06981,0.0,0.06981,Sidewalk
360.0,123.3529,4.8598,1.39626,0.0,-0.0,174.6492,1.5649,stand_3,211.9872,0.0,-0.0,0.0,-0.0,Sidewalk
360.5,123.3529,4.8598,1.43117,0.0,0.06981,174.6492,1.5649,stand_3,211.9955,0.0,0.06981,0.0,0.06981,Sidewalk
361.0,123.3529,4.8598,1.43117,0.0,-0.0,174.6492,1.5649,stand_3,211.9872,0.0,-0.0,0.0,-0.0,Sidewalk
361.5,123.3529,4.8598,1.46608,0.0,0.06981,174.6492,1.5649,stand_3,211.9955,0.0,0.06981,0.0,0.06981,Sidewalk
362.0,123.3529,4.8598,1.46608,0.0,-0.0,174.6492,1.5649,stand_3,211.9872,0.0,-0.0,0.0,-0.0,Sidewalk
362.5,123.3529,4.8598,1.50098,0.0,0.06981,174.6492,1.5649,stand_3,211.9955,0.0,0.06981,0.0,0.06981,Sidewalk
363.0,123.3529,4.8598,1.50098,0.0,-0.0,174.6492,1.5649,stand_3,211.9872,0.0,-0.0,0.0,-0.0,Sidewalk
363.5,123.3529,4.8598,1.53589,0.0,0.06981,174.6492,1.5649,stand_3,211.9955,0.0,0.06981,0.0,0.06981,Sidewalk
364.0,123.3529,4.8598,1.53589,0.0,-0.0,174.6492,1.5649,stand_3,211.9871,0.0,-0.0,0.0,-0.0,Sidewalk
364.5,123.3529,4.8598,1.5708,0.0,0.06981,174.6492,1.5649,stand_3,211.9955,0.0,0.06981,0.0,0.06981,Sidewalk
365.0,123.3529,4.8598,1.5708,0.0,-0.0,174.6492,1.5649,stand_3,211.9871,0.0,-0.0,0.0,-0.0,Sidewalk
365.5,123.3529,4.8598,1.6057,0.0,0.06981,174.6492,1.5649,stand_3,211.9955,0.0,0.06981,0.0,0.06981,Sidewalk
366.0,123.3529,4.8598,1.6057,0.0,-0.0,174.6492,1.5649,stand_3,211.9871,0.0,-0.0,0.0,-0.0,Sidewalk
366.5,123.3529,4.8598,1.64061,0.0,0.06981,174.6492,1.5649,stand_3,211.9955,0.0,0.06981,0.0,0.06981,Sidewalk
367.0,123.3529,4.8598,1.64061,0.0,-0.0,174.6492,1.5649,stand_3,211.9871,0.0,-0.0,0.0,-0.0,Sidewalk
367.5,123.3529,4.8598,1.67552,0.0,0.06981,174.6492,1.5649,stand_3,211.9955,0.0,0.06981,0.0,0.06981,Sidewalk
368.0,123.3529,4.8598,1.67552,0.0,-0.0,174.6492,1.5649,stand_3,211.9871,0.0,-0.0,0.0,-0.0,Sidewalk
368.5,123.3529,4.8598,1.71042,0.0,0.06981,174.6492,1.5649,stand_3,211.9955,0.0,0.06981,0.0,0.06981,Sidewalk
369.0,123.3529,4.8598,1.71042,0.0,-0.0,174.6492,1.5649,stand_3,211.9871,0.0,-0.0,0.0,-0.0,Sidewalk
369.5,123.3529,4.8598,1.74533,0.0,0.06981,174.6492,1.5649,stand_3,211.9955,0.0,0.06981,0.0,0.06981,Sidewalk
370.0,123.3529,4.8598,1.74533,0.0,-0.0,174.6492,1.5649,stand_3,211.9871,0.0,-0.0,0.0,-0.0,Sidewalk
370.5,123.3529,4.8598,1.78024,0.0,0.06981,174.6492,1.5649,stand_3,211.9955,0.0,0.06981,0.0,0.06981,Sidewalk
371.0,123.3529,4.8598,1.78024,0.0,-0.0,174.6492,1.5649,stand_3,211.9871,0.0,-0.0,0.0,-0.0,Sidewalk
371.5,123.3529,4.8598,1.81514,0.0,0.06981,174.6492,1.5649,stand_3,211.9955,0.0,0.06981,0.0,0.06981,Sidewalk
372.0,123.3529,4.8598,1.81514,0.0,-0.0,174.6492,1.5649,stand_3,211.9871,0.0,-0.0,0.0,-0.0,Sidewalk
372.5,123.3529,4.8598,1.85005,0.0,0.06981,174.6492,1.5649,stand_3,211.9955,0.0,0.06981,0.0,0.06981,Sidewalk
373.0,123.3529,4.8598,1.85005,0.0,-0.0,174.6492,1.5649,stand_3,211.9871,0.0,-0.0,0.0,-0.0,Sidewalk
373.5,123.3529,4.8598,1.88496,0.0,0.06981,174.6492,1.5649,stand_3,211.9955,0.0,0.06981,0.0,0.06981,Sidewalk
374.0,123.3529,4.8598,1.88496,0.0,-0.0,174.6492,1.5649,stand_3,211.9871,0.0,-0.0,0.0,-0.0,Sidewalk
374.5,123.3529,4.8598,1.91986,0.0,0.06981,174.6492,1.5649,stand_3,211.9955,0.0,0.06981,0.0,0.06981,Sidewalk
375.0,123.3529,4.8598,1.91986,0.0,-0.0,174.6492,1.5649,stand_3,211.9871,0.0,-0.0,0.0,-0.0,Sidewalk
375.5,123.3529,4.8598,1.95477,0.0,0.06981,174.6492,1.5649,stand_3,211.9955,0.0,0.06981,0.0,0.06981,Sidewalk
376.0,123.3529,4.8598,1.95477,0.0,-0.0,174.6492,1.5649,stand_3,211.9871,0.0,-0.0,0.0,-0.0,Sidewalk
376.5,123.3529,4.8598,1.98968,0.0,0.06981,174.6492,1.5649,stand_3,211.9955,0.0,0.06981,0.0,0.06981,Sidewalk
377.0,123.3529,4.8598,1.98968,0.0,-0.0,174.6492,1.5649,stand_3,211.9871,0.0,-0.0,0.0,-0.0,Sidewalk
377.5,123.3529,4.8598,2.02458,0.0,0.06981,174.6492,1.5649,stand_3,211.9955,0.0,0.06981,0.0,0.06981,Sidewalk
378.0,123.3529,4.8598,2.02458,0.0,-0.0,174.6492,1.5649,stand_3,211.9871,0.0,-0.0,0.0,-0.0,Sidewalk
378.5,123.3529,4.8598,2.05949,0.0,0.06981,174.6492,1.5649,stand_3,211.9955,0.0,0.06981,0.0,0.06981,Sidewalk
379.0,123.3529,4.8598,2.05949,0.0,-0.0,174.6492,1.5649,stand_3,211.9871,0.0,-0.0,0.0,-0.0,Sidewalk
379.5,123.3529,4.8598,2.0944,0.0,0.06981,174.6492,1.5649,stand_3,211.9955,0.0,0.06981,0.0,0.06981,Sidewalk
380.0,123.3529,4.8598,2.0944,0.0,-0.0,174.6492,1.5649,stand_3,211.9871,0.0,-0.0,0.0,-0.0,Sidewalk
380.5,123.3529,4.8598,2.1293,0.0,0.06981,174.6492,1.5649,stand_3,211.9955,0.0,0.06981,0.0,0.06981,Sidewalk
381.0,123.3529,4.8598,2.1293,0.0,-0.0,174.6492,1.5649,stand_3,211.9871,0.0,-0.0,0.0,-0.0,Sidewalk
381.5,123.3529,4.8598,2.16421,0.0,0.06981,174.6492,1.5649,stand_3,211.9954,0.0,0.06981,0.0,0.06981,Sidewalk
382.0,123.3529,4.8598,2.16421,0.0,-0.0,174.6492,1.5649,stand_3,211.9871,0.0,-0.0,0.0,-0.0,Sidewalk
382.5,123.3529,4.8598,2.19911,0.0,0.06981,174.6492,1.5649,stand_3,211.9954,0.0,0.06981,0.0,0.06981,Sidewalk
383.0,123.3529,4.8598,2.19911,0.0,-0.0,174.6492,1.5649,stand_3,211.9871,0.0,-0.0,0.0,-0.0,Sidewalk
383.5,123.3529,4.8598,2.23402,0.0,0.06981,174.6492,1.5649,stand_3,211.9954,0.0,0.06981,0.0,0.06981,Sidewalk
384.0,123.3529,4.8598,2.23402,0.0,-0.0,174.6492,1.5649,stand_3,211.9871,0.0,-0.0,0.0,-0.0,Sidewalk
384.5,123.3529,4.8598,2.26893,0.0,0.06981,174.6492,1.5649,stand_3,211.9954,0.0,0.06981,0.0,0.06981,Sidewalk
385.0,123.3529,4.8598,2.26893,0.0,-0.0,174.6492,1.5649,stand_3,211.9871,0.0,-0.0,0.0,-0.0,Sidewalk
385.5,123.3529,4.8598,2.30383,0.0,0.06981,174.6492,1.5649,stand_3,211.9954,0.0,0.06981,0.0,0.06981,Sidewalk
386.0,123.3529,4.8598,2.30383,0.0,-0.0,174.6492,1.5649,stand_3,211.987,0.0,-0.0,0.0,-0.0,Sidewalk
386.5,123.3529,4.8598,2.33874,0.0,0.06981,174.6492,1.5649,stand_3,211.9954,0.0,0.06981,0.0,0.06981,Sidewalk
387.0,123.3529,4.8598,2.33874,0.0,-0.0,174.6492,1.5649,stand_3,211.987,0.0,-0.0,0.0,-0.0,Sidewalk
387.5,123.3529,4.8598,2.37365,0.0,0.06981,174.6492,1.5649,stand_3,211.9954,0.0,0.06981,0.0,0.06981,Sidewalk
388.0,123.3529,4.8598,2.37365,0.0,-0.0,174.6492,1.5649,stand_3,211.987,0.0,-0.0,0.0,-0.0,Sidewalk
388.5,123.3529,4.8598,2.40855,0.0,0.06981,174.6492,1.5649,stand_3,211.9954,0.0,0.06981,0.0,0.06981,Sidewalk
389.0,123.3529,4.8598,2.40855,0.0,-0.0,174.6492,1.5649,stand_3,211.987,0.0,-0.0,0.0,-0.0,Sidewalk
389.5,123.3529,4.8598,2.44346,0.0,0.06981,174.6492,1.5649,stand_3,211.9954,0.0,0.06981,0.0,0.06981,Sidewalk
390.0,123.3529,4.8598,2.44346,0.0,-0.0,174.6492,1.5649,stand_3,211.987,0.0,-0.0,0.0,-0.0,Sidewalk
390.5,123.3529,4.8598,2.47837,0.0,0.06981,174.6492,1.5649,stand_3,211.9954,0.0,0.06981,0.0,0.06981,Sidewalk
391.0,123.3529,4.8598,2.47837,0.0,-0.0,174.6492,1.5649,stand_3,211.987,0.0,-0.0,0.0,-0.0,Sidewalk
391.5,123.3529,4.8598,2.51327,0.0,0.06981,174.6492,1.5649,stand_3,211.9954,0.0,0.06981,0.0,0.06981,Sidewalk
392.0,123.3529,4.8598,2.51327,0.0,-0.0,174.6492,1.5649,stand_3,211.987,0.0,-0.0,0.0,-0.0,Sidewalk
392.5,123.3529,4.8598,2.54818,0.0,0.06981,174.6492,1.5649,stand_3,211.9954,0.0,0.06981,0.0,0.06981,Sidewalk
393.0,123.3529,4.8598,2.54818,0.0,-0.0,174.6492,1.5649,stand_3,211.987,0.0,-0.0,0.0,-0.0,Sidewalk
393.5,123.3529,4.8598,2.58309,0.0,0.06981,174.6492,1.5649,stand_3,211.9954,0.0,0.06981,0.0,0.06981,Sidewalk
394.0,123.3529,4.8598,2.58309,0.0,-0.0,174.6492,1.5649,stand_3,211.987,0.0,-0.0,0.0,-0.0,Sidewalk
394.5,123.3529,4.8598,2.61799,0.0,0.06981,174.6492,1.5649,stand_3,211.9954,0.0,0.06981,0.0,0.06981,Sidewalk
395.0,123.3529,4.8598,2.61799,0.0,-0.0,174.6492,1.5649,stand_3,211.987,0.0,-0.0,0.0,-0.0,Sidewalk
395.5,123.3529,4.8598,2.6529,0.0,0.06981,174.6492,1.5649,stand_3,211.9954,0.0,0.06981,0.0,0.06981,Sidewalk
396.0,123.3529,4.8598,2.6529,0.0,-0.0,174.6492,1.5649,stand_3,211.987,0.0,-0.0,0.0,-0.0,Sidewalk
396.5,123.3529,4.8598,2.68781,0.0,0.06981,174.6492,1.5649,stand_3,211.9954,0.0,0.06981,0.0,0.06981,Sidewalk
397.0,123.3529,4.8598,2.68781,0.0,-0.0,174.6492,1.5649,stand_3,211.987,0.0,-0.0,0.0,-0.0,Sidewalk
397.5,123.3529,4.8598,2.72271,0.0,0.06981,174.6492,1.5649,stand_3,211.9954,0.0,0.06981,0.0,0.06981,Sidewalk
398.0,123.3529,4.8598,2.72271,0.0,-0.0,174.6492,1.565,stand_3,211.987,0.0,-0.0,0.0,-0.0,Sidewalk
398.5,123.3529,4.8598,2.75762,0.0,0.06981,174.6492,1.565,stand_3,211.9954,0.0,0.06981,0.0,0.06981,Sidewalk
399.0,123.3529,4.8598,2.75762,0.0,-0.0,174.6492,1.565,stand_3,211.987,0.0,-0.0,0.0,-0.0,Sidewalk
399.5,123.3529,4.8598,2.79253,0.0,0.06981,174.6492,1.565,stand_3,211.9954,0.0,0.06981,0.0,0.06981,Sidewalk
400.0,123.3529,4.8598,2.79253,0.0,-0.0,174.6492,1.565,stand_3,211.987,0.0,-0.0,0.0,-0.0,Sidewalk
400.5,123.3529,4.8598,2.82743,0.0,0.06981,174.6492,1.565,stand_3,211.9954,0.0,0.06981,0.0,0.06981,Sidewalk
401.0,123.3529,4.8598,2.82743,0.0,-0.0,174.6492,1.565,stand_3,211.987,0.0,-0.0,0.0,-0.0,Sidewalk
401.5,123.3529,4.8598,2.86234,0.0,0.06981,174.6492,1.565,stand_3,211.9954,0.0,0.06981,0.0,0.06981,Sidewalk
402.0,123.3529,4.8598,2.86234,0.0,-0.0,174.6492,1.565,stand_3,211.987,0.0,-0.0,0.0,-0.0,Sidewalk
402.5,123.3529,4.8598,2.89725,0.0,0.06981,174.6492,1.565,stand_3,211.9954,0.0,0.06981,0.0,0.06981,Sidewalk
403.0,123.3529,4.8598,2.89725,0.0,-0.0,174.6492,1.565,stand_3,211.987,0.0,-0.0,0.0,-0.0,Sidewalk
403.5,123.3529,4.8598,2.93215,0.0,0.06981,174.6492,1.565,stand_3,211.9954,0.0,0.06981,0.0,0.06981,Sidewalk
404.0,123.3529,4.8598,2.93215,0.0,-0.0,174.6492,1.565,stand_3,211.987,0.0,-0.0,0.0,-0.0,Sidewalk
404.5,123.3529,4.8598,2.96706,0.0,0.06981,174.6492,1.565,stand_3,211.9953,0.0,0.06981,0.0,0.06981,Sidewalk
405.0,123.3529,4.8598,2.96706,0.0,-0.0,174.6492,1.565,stand_3,211.987,0.0,-0.0,0.0,-0.0,Sidewalk
405.5,123.3529,4.8598,3.00197,0.0,0.06981,174.6492,1.565,stand_3,211.9953,0.0,0.06981,0.0,0.06981,Sidewalk
406.0,123.3529,4.8598,3.00197,0.0,-0.0,174.6492,1.565,stand_3,211.987,0.0,-0.0,0.0,-0.0,Sidewalk
406.5,123.3529,4.8598,3.03687,0.0,0.06981,174.6492,1.565,stand_3,211.9953,0.0,0.06981,0.0,0.06981,Sidewalk
407.0,123.3529,4.8598,3.03687,0.0,-0.0,174.6492,1.565,stand_3,211.987,0.0,-0.0,0.0,-0.0,Sidewalk
407.5,123.3529,4.8598,3.07178,0.0,0.06981,174.6492,1.565,stand_3,211.9953,0.0,0.06981,0.0,0.06981,Sidewalk
408.0,123.3529,4.8598,3.07178,0.0,-0.0,174.6492,1.565,stand_3,211.987,0.0,-0.0,0.0,-0.0,Sidewalk
408.5,123.3529,4.8598,3.10669,0.0,0.06981,174.6492,1.565,stand_3,211.9953,0.0,0.06981,0.0,0.06981,Sidewalk
409.0,123.3529,4.8598,3.10669,0.0,-0.0,174.6492,1.565,stand_3,211.9869,0.0,-0.0,0.0,-0.0,Sidewalk
409.5,123.3529,4.8598,3.14159,0.0,0.06981,174.6492,1.565,stand_3,211.9953,0.0,0.06981,0.0,0.06981,Sidewalk
410.0,123.3529,4.8598,3.14159,0.0,-0.0,174.6492,1.565,stand_3,211.9869,0.0,-0.0,0.0,-0.0,Sidewalk
410.5,123.3529,4.8598,-3.10669,0.0,0.06981,174.6492,1.565,stand_3,211.9953,0.0,0.06981,0.0,0.06981,Sidewalk
411.0,123.3529,4.8598,-3.10669,0.0,-0.0,174.6492,1.565,stand_3,211.9869,0.0,-0.0,0.0,-0.0,Sidewalk
411.5,123.3529,4.8598,-3.07178,0.0,0.06981,174.6492,1.565,stand_3,211.9953,0.0,0.06981,0.0,0.06981,Sidewalk
412.0,123.3529,4.8598,-3.07178,0.0,-0.0,174.6492,1.565,stand_3,211.9869,0.0,-0.0,0.0,-0.0,Sidewalk
412.5,123.3529,4.8598,-3.03687,0.0,0.06981,174.6492,1.565,stand_3,211.9953,0.0,0.06981,0.0,0.06981,Sidewalk
413.0,123.3529,4.8598,-3.03687,0.0,-0.0,174.6492,1.565,stand_3,211.9869,0.0,-0.0,0.0,-0.0,Sidewalk
413.5,123.3529,4.8598,-3.00197,0.0,0.06981,174.6492,1.565,stand_3,211.9953,0.0,0.06981,0.0,0.06981,Sidewalk
414.0,123.3529,4.8598,-3.00197,0.0,-0.0,174.6492,1.565,stand_3,211.9869,0.0,-0.0,0.0,-0.0,Sidewalk
414.5,123.3529,4.8598,-2.96706,0.0,0.06981,174.6492,1.565,stand_3,211.9953,0.0,0.06981,0.0,0.06981,Sidewalk
415.0,123.3529,4.8598,-2.96706,0.0,-0.0,174.6492,1.565,stand_3,211.9869,0.0,-0.0,0.0,-0.0,Sidewalk
415.5,123.3529,4.8598,-2.93215,0.0,0.06981,174.6492,1.565,stand_3,211.9953,0.0,0.06981,0.0,0.06981,Sidewalk
416.0,123.3529,4.8598,-2.93215,0.0,-0.0,174.6492,1.565,stand_3,211.9869,0.0,-0.0,0.0,-0.0,Sidewalk
416.5,123.3529,4.8598,-2.89725,0.0,0.06981,174.6492,1.565,stand_3,211.9953,0.0,0.06981,0.0,0.06981,Sidewalk
417.0,123.3529,4.8598,-2.89725,0.0,-0.0,174.6492,1.565,stand_3,211.9869,0.0,-0.0,0.0,-0.0,Sidewalk
417.5,123.3529,4.8598,-2.86234,0.0,0.06981,174.6492,1.565,stand_3,211.9953,0.0,0.06981,0.0,0.06981,Sidewalk
418.0,123.3529,4.8598,-2.86234,0.0,-0.0,174.6492,1.565,stand_3,211.9869,0.0,-0.0,0.0,-0.0,Sidewalk
418.5,123.3529,4.8598,-2.82743,0.0,0.06981,174.6492,1.565,stand_3,211.9953,0.0,0.06981,0.0,0.06981,Sidewalk
419.0,123.3529,4.8598,-2.82743,0.0,-0.0,174.6492,1.565,stand_3,211.9869,0.0,-0.0,0.0,-0.0,Sidewalk
419.5,123.3529,4.8598,-2.79253,0.0,0.06981,174.6492,1.565,stand_3,211.9953,0.0,0.06981,0.0,0.06981,Sidewalk
420.0,123.3529,4.8598,-2.79253,0.0,-0.0,174.6492,1.565,stand_3,211.9869,0.0,-0.0,0.0,-0.0,Sidewalk
420.5,123.3529,4.8598,-2.75762,0.0,0.06981,174.6492,1.565,stand_3,211.9953,0.0,0.06981,0.0,0.06981,Sidewalk
421.0,123.3529,4.8598,-2.75762,0.0,-0.0,174.6492,1.565,stand_3,211.9869,0.0,-0.0,0.0,-0.0,Sidewalk
421.5,123.3529,4.8598,-2.72271,0.0,0.06981,174.6492,1.565,stand_3,211.9953,0.0,0.06981,0.0,0.06981,Sidewalk
422.0,123.3529,4.8598,-2.72271,0.0,-0.0,174.6492,1.565,stand_3,211.9869,0.0,-0.0,0.0,-0.0,Sidewalk
422.5,123.3529,4.8598,-2.68781,0.0,0.06981,174.6492,1.565,stand_3,211.9953,0.0,0.06981,0.0,0.06981,Sidewalk
423.0,123.3529,4.8598,-2.68781,0.0,-0.0,174.6492,1.565,stand_3,211.9869,0.0,-0.0,0.0,-0.0,Sidewalk
423.5,123.3529,4.8598,-2.6529,0.0,0.06981,174.6492,1.565,stand_3,211.9953,0.0,0.06981,0.0,0.06981,Sidewalk
424.0,123.3529,4.8598,-2.6529,0.0,-0.0,174.6492,1.565,stand_3,211.9869,0.0,-0.0,0.0,-0.0,Sidewalk
424.5,123.3529,4.8598,-2.61799,0.0,0.06981,174.6492,1.565,stand_3,211.9952,0.0,0.06981,0.0,0.06981,Sidewalk
425.0,123.3529,4.8598,-2.61799,0.0,-0.0,174.6492,1.565,stand_3,211.9869,0.0,-0.0,0.0,-0.0,Sidewalk
425.5,123.3529,4.8598,-2.58309,0.0,0.06981,174.6492,1.565,stand_3,211.9952,0.0,0.06981,0.0,0.06981,Sidewalk
426.0,123.3529,4.8598,-2.58309,0.0,-0.0,174.6492,1.565,stand_3,211.9869,0.0,-0.0,0.0,-0.0,Sidewalk
426.5,123.3529,4.8598,-2.54818,0.0,0.06981,174.6492,1.565,stand_3,211.9952,0.0,0.06981,0.0,0.06981,Sidewalk
427.0,123.3529,4.8598,-2.54818,0.0,-0.0,174.6492,1.565,stand_3,211.9869,0.0,-0.0,0.0,-0.0,Sidewalk
427.5,123.3529,4.8598,-2.51327,0.0,0.06981,174.6492,1.565,stand_3,211.9952,0.0,0.06981,0.0,0.06981,Sidewalk
428.0,123.3529,4.8598,-2.51327,0.0,-0.0,174.6492,1.565,stand_3,211.9869,0.0,-0.0,0.0,-0.0,Sidewalk
428.5,123.3529,4.8598,-2.47837,0.0,0.06981,174.6492,1.565,stand_3,211.9952,0.0,0.06981,0.0,0.06981,Sidewalk
429.0,123.3529,4.8598,-2.47837,0.0,-0.0,174.6492,1.565,stand_3,211.9868,0.0,-0.0,0.0,-0.0,Sidewalk
429.5,123.3529,4.8598,-2.44346,0.0,0.06981,174.6492,1.565,stand_3,211.9952,0.0,0.06981,0.0,0.06981,Sidewalk
430.0,123.3529,4.8598,-2.44346,0.0,-0.0,174.6492,1.565,stand_3,211.9868,0.0,-0.0,0.0,-0.0,Sidewalk
430.5,123.3529,4.8598,-2.40855,0.0,0.06981,174.6492,1.565,stand_3,211.9952,0.0,0.06981,0.0,0.06981,Sidewalk
431.0,123.3529,4.8598,-2.40855,0.0,-0.0,174.6492,1.565,stand_3,211.9868,0.0,-0.0,0.0,-0.0,Sidewalk
431.5,123.3529,4.8598,-2.37365,0.0,0.06981,174.6492,1.565,stand_3,211.9952,0.0,0.06981,0.0,0.06981,Sidewalk
432.0,123.3529,4.8598,-2.37365,0.0,-0.0,174.6492,1.565,stand_3,211.9868,0.0,-0.0,0.0,-0.0,Sidewalk
432.5,123.3529,4.8598,-2.33874,0.0,0.06981,174.6492,1.565,stand_3,211.9952,0.0,0.06981,0.0,0.06981,Sidewalk
433.0,123.3529,4.8598,-2.33874,0.0,-0.0,174.6492,1.565,stand_3,211.9868,0.0,-0.0,0.0,-0.0,Sidewalk
433.5,123.3529,4.8598,-2.30383,0.0,0.06981,174.6492,1.565,stand_3,211.9952,0.0,0.06981,0.0,0.06981,Sidewalk
434.0,123.3529,4.8598,-2.30383,0.0,-0.0,174.6492,1.565,stand_3,211.9868,0.0,-0.0,0.0,-0.0,Sidewalk
434.5,123.3529,4.8598,-2.26893,0.0,0.06981,174.6492,1.565,stand_3,211.9952,0.0,0.06981,0.0,0.06981,Sidewalk
435.0,123.3529,4.8598,-2.26893,0.0,-0.0,174.6492,1.565,stand_3,211.9868,0.0,-0.0,0.0,-0.0,Sidewalk
435.5,123.3529,4.8598,-2.23402,0.0,0.06981,174.6492,1.565,stand_3,211.9952,0.0,0.06981,0.0,0.06981,Sidewalk
436.0,123.3529,4.8598,-2.23402,0.0,-0.0,174.6492,1.565,stand_3,211.9868,0.0,-0.0,0.0,-0.0,Sidewalk
436.5,123.3529,4.8598,-2.19911,0.0,0.06981,174.6492,1.5651,stand_3,211.9952,0.0,0.06981,0.0,0.06981,Sidewalk
437.0,123.3529,4.8598,-2.19911,0.0,-0.0,174.6492,1.5651,stand_3,211.9868,0.0,-0.0,0.0,-0.0,Sidewalk
437.5,123.3529,4.8598,-2.16421,0.0,0.06981,174.6492,1.5651,stand_3,211.9952,0.0,0.06981,0.0,0.06981,Sidewalk
438.0,123.3529,4.8598,-2.16421,0.0,-0.0,174.6492,1.5651,stand_3,211.9868,0.0,-0.0,0.0,-0.0,Sidewalk
438.5,123.3529,4.8598,-2.1293,0.0,0.06981,174.6492,1.5651,stand_3,211.9952,0.0,0.06981,0.0,0.06981,Sidewalk
439.0,123.3529,4.8598,-2.1293,0.0,-0.0,174.6492,1.5651,stand_3,211.9868,0.0,-0.0,0.0,-0.0,Sidewalk
439.5,123.3529,4.8598,-2.0944,0.0,0.06981,174.6492,1.5651,stand_3,211.9952,0.0,0.06981,0.0,0.06981,Sidewalk
440.0,123.3529,4.8598,-2.0944,0.0,-0.0,174.6492,1.5651,stand_3,211.9868,0.0,-0.0,0.0,-0.0,Sidewalk
440.5,123.3529,4.8598,-2.05949,0.0,0.06981,174.6492,1.5651,stand_3,211.9952,0.0,0.06981,0.0,0.06981,Sidewalk
441.0,123.3529,4.8598,-2.05949,0.0,-0.0,174.6492,1.5651,stand_3,211.9868,0.0,-0.0,0.0,-0.0,Sidewalk
441.5,123.3529,4.8598,-2.02458,0.0,0.06981,174.6492,1.5651,stand_3,211.9952,0.0,0.06981,0.0,0.06981,Sidewalk
442.0,123.3529,4.8598,-2.02458,0.0,-0.0,174.6492,1.5651,stand_3,211.9868,0.0,-0.0,0.0,-0.0,Sidewalk
442.5,123.3529,4.8598,-1.98968,0.0,0.06981,174.6492,1.5651,stand_3,211.9952,0.0,0.06981,0.0,0.06981,Sidewalk
443.0,123.3529,4.8598,-1.98968,0.0,-0.0,174.6492,1.5651,stand_3,211.9868,0.0,-0.0,0.0,-0.0,Sidewalk
443.5,123.3529,4.8598,-1.95477,0.0,0.06981,174.6492,1.5651,stand_3,211.9952,0.0,0.06981,0.0,0.06981,Sidewalk
444.0,123.3529,4.8598,-1.95477,0.0,-0.0,174.6492,1.5651,stand_3,211.9868,0.0,-0.0,0.0,-0.0,Sidewalk
444.5,123.3529,4.8598,-1.91986,0.0,0.06981,174.6492,1.5651,stand_3,211.9952,0.0,0.06981,0.0,0.06981,Sidewalk
445.0,123.3529,4.8598,-1.91986,0.0,-0.0,174.6492,1.5651,stand_3,211.9868,0.0,-0.0,0.0,-0.0,Sidewalk
445.5,123.3529,4.8598,-1.88496,0.0,0.06981,174.6492,1.5651,stand_3,211.9951,0.0,0.06981,0.0,0.06981,Sidewalk
446.0,123.3529,4.8598,-1.88496,0.0,-0.0,174.6492,1.5651,stand_3,211.9868,0.0,-0.0,0.0,-0.0,Sidewalk
446.5,123.3529,4.8598,-1.85005,0.0,0.06981,174.6492,1.5651,stand_3,211.9951,0.0,0.06981,0.0,0.06981,Sidewalk
447.0,123.3529,4.8598,-1.85005,0.0,-0.0,174.6492,1.5651,stand_3,211.9868,0.0,-0.0,0.0,-0.0,Sidewalk
447.5,123.3529,4.8598,-1.81514,0.0,0.06981,174.6492,1.5651,stand_3,211.9951,0.0,0.06981,0.0,0.06981,Sidewalk
448.0,123.3529,4.8598,-1.81514,0.0,-0.0,174.6492,1.5651,stand_3,211.9868,0.0,-0.0,0.0,-0.0,Sidewalk
448.5,123.3529,4.8598,-1.78024,0.0,0.06981,174.6492,1.5651,stand_3,211.9951,0.0,0.06981,0.0,0.06981,Sidewalk
449.0,123.3529,4.8598,-1.78024,0.0,-0.0,174.6492,1.5651,stand_3,211.9868,0.0,-0.0,0.0,-0.0,Sidewalk
449.5,123.3529,4.8598,-1.74533,0.0,0.06981,174.6492,1.5651,stand_3,211.9951,0.0,0.06981,0.0,0.06981,Sidewalk
450.0,123.3529,4.8598,-1.74533,0.0,-0.0,174.6492,1.5651,stand_3,211.9867,0.0,-0.0,0.0,-0.0,Sidewalk
450.5,123.3529,4.8598,-1.71042,0.0,0.06981,174.6492,1.5651,stand_3,211.9951,0.0,0.06981,0.0,0.06981,Sidewalk
451.0,123.3529,4.8598,-1.71042,0.0,-0.0,174.6492,1.5651,stand_3,211.9867,0.0,-0.0,0.0,-0.0,Sidewalk
451.5,123.3529,4.8598,-1.67552,0.0,0.06981,174.6492,1.5651,stand_3,211.9951,0.0,0.06981,0.0,0.06981,Sidewalk
452.0,123.3529,4.8598,-1.67552,0.0,-0.0,174.6492,1.5651,stand_3,211.9867,0.0,-0.0,0.0,-0.0,Sidewalk
452.5,123.3529,4.8598,-1.64061,0.0,0.06981,174.6492,1.5651,stand_3,211.9951,0.0,0.06981,0.0,0.06981,Sidewalk
453.0,123.3529,4.8598,-1.64061,0.0,-0.0,174.6492,1.5651,stand_3,211.9867,0.0,-0.0,0.0,-0.0,Sidewalk
453.5,123.3529,4.8598,-1.6057,0.0,0.06981,174.6492,1.5651,stand_3,211.9951,0.0,0.06981,0.0,0.06981,Sidewalk
454.0,123.3529,4.8598,-1.6057,0.0,-0.0,174.6492,1.5651,stand_3,211.9867,0.0,-0.0,0.0,-0.0,Sidewalk
454.5,123.3529,4.8598,-1.5708,0.0,0.06981,174.6492,1.5651,stand_3,211.9951,0.0,0.06981,0.0,0.06981,Sidewalk
455.0,123.3529,4.8598,-1.5708,0.0,-0.0,174.6492,1.5651,stand_3,211.9867,0.0,-0.0,0.0,-0.0,Sidewalk
455.5,123.3529,4.8598,-1.53589,0.0,0.06981,174.6492,1.5651,stand_3,211.9951,0.0,0.06981,0.0,0.06981,Sidewalk
456.0,123.3529,4.8598,-1.53589,0.0,-0.0,174.6492,1.5651,stand_3,211.9867,0.0,-0.0,0.0,-0.0,Sidewalk
456.5,123.3529,4.8598,-1.50098,0.0,0.06981,174.6492,1.5651,stand_3,211.9951,0.0,0.06981,0.0,0.06981,Sidewalk
457.0,123.3529,4.8598,-1.50098,0.0,-0.0,174.6492,1.5651,stand_3,211.9867,0.0,-0.0,0.0,-0.0,Sidewalk
457.5,123.3529,4.8598,-1.46608,0.0,0.06981,174.6492,1.5651,stand_3,211.9951,0.0,0.06981,0.0,0.06981,Sidewalk
458.0,123.3529,4.8598,-1.46608,0.0,-0.0,174.6492,1.5651,stand_3,211.9867,0.0,-0.0,0.0,-0.0,Sidewalk
458.5,123.3529,4.8598,-1.43117,0.0,0.06981,174.6492,1.5651,stand_3,211.9951,0.0,0.06981,0.0,0.06981,Sidewalk
459.0,123.3529,4.8598,-1.43117,0.0,-0.0,174.6492,1.5651,stand_3,211.9867,0.0,-0.0,0.0,-0.0,Sidewalk
459.5,123.3529,4.8598,-1.39626,0.0,0.06981,174.6492,1.5651,stand_3,211.9951,0.0,0.06981,0.0,0.06981,Sidewalk
460.0,123.3529,4.8598,-1.39626,0.0,-0.0,174.6492,1.5651,stand_3,211.9867,0.0,-0.0,0.0,-0.0,Sidewalk
460.5,123.3529,4.8598,-1.36136,0.0,0.06981,174.6492,1.5651,stand_3,211.9951,0.0,0.06981,0.0,0.06981,Sidewalk
461.0,123.3529,4.8598,-1.36136,0.0,-0.0,174.6492,1.5651,stand_3,211.9867,0.0,-0.0,0.0,-0.0,Sidewalk
461.5,123.3529,4.8598,-1.32645,0.0,0.06981,174.6492,1.5651,stand_3,211.9951,0.0,0.06981,0.0,0.06981,Sidewalk
462.0,123.3529,4.8598,-1.32645,0.0,-0.0,174.6492,1.5651,stand_3,211.9867,0.0,-0.0,0.0,-0.0,Sidewalk
462.5,123.3529,4.8598,-1.29154,0.0,0.06981,174.6492,1.5651,stand_3,211.9951,0.0,0.06981,0.0,0.06981,Sidewalk
463.0,123.3529,4.8598,-1.29154,0.0,-0.0,174.6492,1.5651,stand_3,211.9867,0.0,-0.0,0.0,-0.0,Sidewalk
463.5,123.3529,4.8598,-1.25664,0.0,0.06981,174.6492,1.5651,stand_3,211.9951,0.0,0.06981,0.0,0.06981,Sidewalk
464.0,123.3529,4.8598,-1.25664,0.0,-0.0,174.6492,1.5651,stand_3,211.9867,0.0,-0.0,0.0,-0.0,Sidewalk
464.5,123.3529,4.8598,-1.22173,0.0,0.06981,174.6492,1.5651,stand_3,211.9951,0.0,0.06981,0.0,0.06981,Sidewalk
465.0,123.3529,4.8598,-1.22173,0.0,-0.0,174.6492,1.5651,stand_3,211.9867,0.0,-0.0,0.0,-0.0,Sidewalk
465.5,123.3529,4.8598,-1.18682,0.0,0.06981,174.6492,1.5651,stand_3,211.9951,0.0,0.06981,0.0,0.06981,Sidewalk
466.0,123.3529,4.8598,-1.18682,0.0,-0.0,174.6492,1.5651,stand_3,211.9867,0.0,-0.0,0.0,-0.0,Sidewalk
466.5,123.3529,4.8598,-1.15192,0.0,0.06981,174.6492,1.5651,stand_3,211.995,0.0,0.06981,0.0,0.06981,Sidewalk
467.0,123.3529,4.8598,-1.15192,0.0,-0.0,174.6492,1.5651,stand_3,211.9867,0.0,-0.0,0.0,-0.0,Sidewalk
467.5,123.3529,4.8598,-1.11701,0.0,0.06981,174.6492,1.5651,stand_3,211.995,0.0,0.06981,0.0,0.06981,Sidewalk
468.0,123.3529,4.8598,-1.11701,0.0,-0.0,174.6492,1.5651,stand_3,211.9867,0.0,-0.0,0.0,-0.0,Sidewalk
468.5,123.3529,4.8598,-1.0821,0.0,0.06981,174.6492,1.5651,stand_3,211.995,0.0,0.06981,0.0,0.06981,Sidewalk
469.0,123.3529,4.8598,-1.0821,0.0,-0.0,174.6492,1.5651,stand_3,211.9867,0.0,-0.0,0.0,-0.0,Sidewalk
469.5,123.3529,4.8598,-1.0472,0.0,0.06981,174.6492,1.5651,stand_3,211.995,0.0,0.06981,0.0,0.06981,Sidewalk
470.0,123.3529,4.8598,-1.0472,0.0,-0.0,174.6492,1.5651,stand_3,211.9867,0.0,-0.0,0.0,-0.0,Sidewalk
470.5,123.3529,4.8598,-1.01229,0.0,0.06981,174.6492,1.5651,stand_3,211.995,0.0,0.06981,0.0,0.06981,Sidewalk
471.0,123.3529,4.8598,-1.01229,0.0,-0.0,174.6492,1.5651,stand_3,211.9866,0.0,-0.0,0.0,-0.0,Sidewalk
471.5,123.3529,4.8598,-0.97738,0.0,0.06981,174.6492,1.5651,stand_3,211.995,0.0,0.06981,0.0,0.06981,Sidewalk
472.0,123.3529,4.8598,-0.97738,0.0,-0.0,174.6492,1.5651,stand_3,211.9866,0.0,-0.0,0.0,-0.0,Sidewalk
472.5,123.3529,4.8598,-0.94248,0.0,0.06981,174.6492,1.5651,stand_3,211.995,0.0,0.06981,0.0,0.06981,Sidewalk
473.0,123.3529,4.8598,-0.94248,0.0,-0.0,174.6492,1.5651,stand_3,211.9866,0.0,-0.0,0.0,-0.0,Sidewalk
473.5,123.3529,4.8598,-0.90757,0.0,0.06981,174.6492,1.5651,stand_3,211.995,0.0,0.06981,0.0,0.06981,Sidewalk
474.0,123.3529,4.8598,-0.90757,0.0,-0.0,174.6492,1.5651,stand_3,211.9866,0.0,-0.0,0.0,-0.0,Sidewalk
474.5,123.3529,4.8598,-0.87266,0.0,0.06981,174.6492,1.5652,stand_3,211.995,0.0,0.06981,0.0,0.06981,Sidewalk
475.0,123.3529,4.8598,-0.87266,0.0,-0.0,174.6492,1.5652,stand_3,211.9866,0.0,-0.0,0.0,-0.0,Sidewalk
475.5,123.3529,4.8598,-0.83776,0.0,0.06981,174.6492,1.5652,stand_3,211.995,0.0,0.06981,0.0,0.06981,Sidewalk
476.0,123.3529,4.8598,-0.83776,0.0,-0.0,174.6492,1.5652,stand_3,211.9866,0.0,-0.0,0.0,-0.0,Sidewalk
476.5,123.3529,4.8598,-0.80285,0.0,0.06981,174.6492,1.5652,stand_3,211.995,0.0,0.06981,0.0,0.06981,Sidewalk
477.0,123.3529,4.8598,-0.80285,0.0,-0.0,174.6492,1.5652,stand_3,211.9866,0.0,-0.0,0.0,-0.0,Sidewalk
477.5,123.3529,4.8598,-0.76794,0.0,0.06981,174.6492,1.5652,stand_3,211.995,0.0,0.06981,0.0,0.06981,Sidewalk
478.0,123.3529,4.8598,-0.76794,0.0,-0.0,174.6492,1.5652,stand_3,211.9866,0.0,-0.0,0.0,-0.0,Sidewalk
478.5,123.3529,4.8598,-0.73304,0.0,0.06981,174.6492,1.5652,stand_3,211.995,0.0,0.06981,0.0,0.06981,Sidewalk
479.0,123.3529,4.8598,-0.73304,0.0,-0.0,174.6492,1.5652,stand_3,211.9866,0.0,-0.0,0.0,-0.0,Sidewalk
479.5,123.3529,4.8598,-0.69813,0.0,0.06981,174.6492,1.5652,stand_3,211.995,0.0,0.06981,0.0,0.06981,Sidewalk
480.0,123.3529,4.8598,-0.69813,0.0,-0.0,174.6492,1.5652,stand_3,211.9866,0.0,-0.0,0.0,-0.0,Sidewalk
480.5,123.3529,4.8598,-0.66323,0.0,0.06981,174.6492,1.5652,stand_3,211.995,0.0,0.06981,0.0,0.06981,Sidewalk
481.0,123.3529,4.8598,-0.66323,0.0,-0.0,174.6492,1.5652,stand_3,211.9866,0.0,-0.0,0.0,-0.0,Sidewalk
481.5,123.3529,4.8598,-0.62832,0.0,0.06981,174.6492,1.5652,stand_3,211.995,0.0,0.06981,0.0,0.06981,Sidewalk
482.0,123.3529,4.8598,-0.62832,0.0,-0.0,174.6492,1.5652,stand_3,211.9866,0.0,-0.0,0.0,-0.0,Sidewalk
482.5,123.3529,4.8598,-0.59341,0.0,0.06981,174.6492,1.5652,stand_3,211.995,0.0,0.06981,0.0,0.06981,Sidewalk
483.0,123.3529,4.8598,-0.59341,0.0,-0.0,174.6492,1.5652,stand_3,211.9866,0.0,-0.0,0.0,-0.0,Sidewalk
483.5,123.3529,4.8598,-0.55851,0.0,0.06981,174.6492,1.5652,stand_3,211.995,0.0,0.06981,0.0,0.06981,Sidewalk
484.0,123.3529,4.8598,-0.55851,0.0,-0.0,174.6492,1.5652,stand_3,211.9866,0.0,-0.0,0.0,-0.0,Sidewalk
484.5,123.3529,4.8598,-0.5236,0.0,0.06981,174.6492,1.5652,stand_3,211.995,0.0,0.06981,0.0,0.06981,Sidewalk
485.0,123.3529,4.8598,-0.5236,0.0,-0.0,174.6492,1.5652,stand_3,211.9866,0.0,-0.0,0.0,-0.0,Sidewalk
485.5,123.3529,4.8598,-0.48869,0.0,0.06981,174.6492,1.5652,stand_3,211.995,0.0,0.06981,0.0,0.06981,Sidewalk
486.0,123.3529,4.8598,-0.48869,0.0,-0.0,174.6492,1.5652,stand_3,211.9866,0.0,-0.0,0.0,-0.0,Sidewalk
486.5,123.3529,4.8598,-0.45379,0.0,0.06981,174.6492,1.5652,stand_3,211.995,0.0,0.06981,0.0,0.06981,Sidewalk
487.0,123.3529,4.8598,-0.45379,0.0,-0.0,174.6492,1.5652,stand_3,211.9866,0.0,-0.0,0.0,-0.0,Sidewalk
487.5,123.3529,4.8598,-0.41888,0.0,0.06981,174.6492,1.5652,stand_3,211.9949,0.0,0.06981,0.0,0.06981,Sidewalk
488.0,123.3529,4.8598,-0.41888,0.0,-0.0,174.6492,1.5652,stand_3,211.9866,0.0,-0.0,0.0,-0.0,Sidewalk
488.5,123.3529,4.8598,-0.38397,0.0,0.06981,174.6492,1.5652,stand_3,211.9949,0.0,0.06981,0.0,0.06981,Sidewalk
489.0,123.3529,4.8598,-0.38397,0.0,-0.0,174.6492,1.5652,stand_3,211.9866,0.0,-0.0,0.0,-0.0,Sidewalk
489.5,123.3529,4.8598,-0.34907,0.0,0.06981,174.6492,1.5652,stand_3,211.9949,0.0,0.06981,0.0,0.06981,Sidewalk
490.0,123.3529,4.8598,-0.34907,0.0,-0.0,174.6492,1.5652,stand_3,211.9866,0.0,-0.0,0.0,-0.0,Sidewalk
490.5,123.3529,4.8598,-0.31416,0.0,0.06981,174.6492,1.5652,stand_3,211.9949,0.0,0.06981,0.0,0.06981,Sidewalk
491.0,123.3529,4.8598,-0.31416,0.0,-0.0,174.6492,1.5652,stand_3,211.9866,0.0,-0.0,0.0,-0.0,Sidewalk
491.5,123.3529,4.8598,-0.27925,0.0,0.06981,174.6492,1.5652,stand_3,211.9949,0.0,0.06981,0.0,0.06981,Sidewalk
492.0,123.3529,4.8598,-0.27925,0.0,-0.0,174.6492,1.5652,stand_3,211.9865,0.0,-0.0,0.0,-0.0,Sidewalk
492.5,123.3529,4.8598,-0.24435,0.0,0.06981,174.6492,1.5652,stand_3,211.9949,0.0,0.06981,0.0,0.06981,Sidewalk
493.0,123.3529,4.8598,-0.24435,0.0,-0.0,174.6492,1.5652,stand_3,211.9865,0.0,-0.0,0.0,-0.0,Sidewalk
493.5,123.3529,4.8598,-0.20944,0.0,0.06981,174.6492,1.5652,stand_3,211.9949,0.0,0.06981,0.0,0.06981,Sidewalk
494.0,123.3529,4.8598,-0.20944,0.0,-0.0,174.6492,1.5652,stand_3,211.9865,0.0,-0.0,0.0,-0.0,Sidewalk
494.5,123.3529,4.8598,-0.17453,0.0,0.06981,174.6492,1.5652,stand_3,211.9949,0.0,0.06981,0.0,0.06981,Sidewalk
495.0,123.3529,4.8598,-0.17453,0.0,-0.0,174.6492,1.5652,stand_3,211.9865,0.0,-0.0,0.0,-0.0,Sidewalk
495.5,123.3529,4.8598,-0.13963,0.0,0.06981,174.6492,1.5652,stand_3,211.9949,0.0,0.06981,0.0,0.06981,Sidewalk
496.0,123.3529,4.8598,-0.13963,0.0,-0.0,174.6492,1.5652,stand_3,211.9865,0.0,-0.0,0.0,-0.0,Sidewalk
496.5,123.3529,4.8598,-0.10472,0.0,0.06981,174.6492,1.5652,stand_3,211.9949,0.0,0.06981,0.0,0.06981,Sidewalk
497.0,123.3529,4.8598,-0.10472,0.0,-0.0,174.6492,1.5652,stand_3,211.9865,0.0,-0.0,0.0,-0.0,Sidewalk
497.5,123.3529,4.8598,-0.06981,0.0,0.06981,174.6492,1.5652,stand_3,211.9949,0.0,0.06981,0.0,0.06981,Sidewalk
498.0,123.3529,4.8598,-0.06981,0.0,-0.0,174.6492,1.5652,stand_3,211.9865,0.0,-0.0,0.0,-0.0,Sidewalk
498.5,123.3529,4.8598,-0.03491,0.0,0.06981,174.6492,1.5652,stand_3,211.9949,0.0,0.06981,0.0,0.06981,Sidewalk
499.0,123.3529,4.8598,-0.03491,0.0,-0.0,174.6492,1.5652,stand_3,211.9865,0.0,-0.0,0.0,-0.0,Sidewalk
499.5,123.3529,4.8598,-0.0,0.0,0.06981,174.6492,1.5652,stand_3,211.9949,0.0,0.06981,0.0,0.06981,Sidewalk
500.0,123.3529,4.8598,-0.0,0.0,-0.0,174.6492,1.5652,stand_3,211.9865,0.0,-0.0,0.0,-0.0,Sidewalk
500.5,123.3529,4.8598,0.03491,0.0,0.06981,174.6492,1.5652,stand_3,211.9949,0.0,0.06981,0.0,0.06981,Sidewalk
501.0,123.3529,4.8598,0.03491,0.0,-0.0,174.6492,1.5652,stand_3,211.9865,0.0,-0.0,0.0,-0.0,Sidewalk
501.5,123.3529,4.8598,0.06981,0.0,0.06981,174.6492,1.5652,stand_3,211.9949,0.0,0.06981,0.0,0.06981,Sidewalk
502.0,123.3529,4.8598,0.06981,0.0,-0.0,174.6492,1.5652,stand_3,211.9865,0.0,-0.0,0.0,-0.0,Sidewalk
502.5,123.3529,4.8598,0.10472,0.0,0.06981,174.6492,1.5652,stand_3,211.9949,0.0,0.06981,0.0,0.06981,Sidewalk
503.0,123.3529,4.8598,0.10472,0.0,-0.0,174.6492,1.5652,stand_3,211.9865,0.0,-0.0,0.0,-0.0,Sidewalk
503.5,123.3529,4.8598,0.13963,0.0,0.06981,174.6492,1.5652,stand_3,211.9949,0.0,0.06981,0.0,0.06981,Sidewalk
504.0,123.3529,4.8598,0.13963,0.0,-0.0,174.6492,1.5652,stand_3,211.9865,0.0,-0.0,0.0,-0.0,Sidewalk
504.5,123.3529,4.8598,0.17453,0.0,0.06981,174.6492,1.5652,stand_3,211.9949,0.0,0.06981,0.0,0.06981,Sidewalk
505.0,123.3529,4.8598,0.17453,0.0,-0.0,174.6492,1.5652,stand_3,211.9865,0.0,-0.0,0.0,-0.0,Sidewalk
505.5,123.3529,4.8598,0.20944,0.0,0.06981,174.6492,1.5652,stand_3,211.9949,0.0,0.06981,0.0,0.06981,Sidewalk
506.0,123.3529,4.8598,0.20944,0.0,-0.0,174.6492,1.5652,stand_3,211.9865,0.0,-0.0,0.0,-0.0,Sidewalk
506.5,123.3529,4.8598,0.24435,0.0,0.06981,174.6492,1.5652,stand_3,211.9949,0.0,0.06981,0.0,0.06981,Sidewalk
507.0,123.3529,4.8598,0.24435,0.0,-0.0,174.6492,1.5652,stand_3,211.9865,0.0,-0.0,0.0,-0.0,Sidewalk
507.5,123.3529,4.8598,0.27925,0.0,0.06981,174.6492,1.5652,stand_3,211.9949,0.0,0.06981,0.0,0.06981,Sidewalk
508.0,123.3529,4.8598,0.27925,0.0,-0.0,174.6492,1.5652,stand_3,211.9865,0.0,-0.0,0.0,-0.0,Sidewalk
508.5,123.3529,4.8598,0.31416,0.0,0.06981,174.6492,1.5652,stand_3,211.9949,0.0,0.06981,0.0,0.06981,Sidewalk
509.0,123.3529,4.8598,0.31416,0.0,-0.0,174.6492,1.5652,stand_3,211.9865,0.0,-0.0,0.0,-0.0,Sidewalk
509.5,123.3529,4.8598,0.34907,0.0,0.06981,174.6492,1.5652,stand_3,211.9949,0.0,0.06981,0.0,0.06981,Sidewalk
510.0,123.3529,4.8598,0.34907,0.0,-0.0,174.6492,1.5652,stand_3,211.9865,0.0,-0.0,0.0,-0.0,Sidewalk
510.5,123.3529,4.8598,0.38397,0.0,0.06981,174.6492,1.5652,stand_3,211.9948,0.0,0.06981,0.0,0.06981,Sidewalk
511.0,123.3529,4.8598,0.38397,0.0,-0.0,174.6492,1.5652,stand_3,211.9865,0.0,-0.0,0.0,-0.0,Sidewalk
511.5,123.3529,4.8598,0.41888,0.0,0.06981,174.6492,1.5652,stand_3,211.9948,0.0,0.06981,0.0,0.06981,Sidewalk
512.0,123.3529,4.8598,0.41888,0.0,-0.0,174.6492,1.5652,stand_3,211.9865,0.0,-0.0,0.0,-0.0,Sidewalk
512.5,123.3529,4.8598,0.45379,0.0,0.06981,174.6492,1.5652,stand_3,211.9948,0.0,0.06981,0.0,0.06981,Sidewalk
513.0,123.3529,4.8598,0.45379,0.0,-0.0,174.6492,1.5652,stand_3,211.9865,0.0,-0.0,0.0,-0.0,Sidewalk
513.5,123.3529,4.8598,0.48869,0.0,0.06981,174.6492,1.5652,stand_3,211.9948,0.0,0.06981,0.0,0.06981,Sidewalk
514.0,123.3529,4.8598,0.48869,0.0,-0.0,174.6492,1.5652,stand_3,211.9865,0.0,-0.0,0.0,-0.0,Sidewalk
514.5,123.3529,4.8598,0.5236,0.0,0.06981,174.6492,1.5652,stand_3,211.9948,0.0,0.06981,0.0,0.06981,Sidewalk
515.0,123.3529,4.8598,0.5236,0.0,-0.0,174.6492,1.5653,stand_3,211.9864,0.0,-0.0,0.0,-0.0,Sidewalk
515.5,123.3529,4.8598,0.55851,0.0,0.06981,174.6492,1.5653,stand_3,211.9948,0.0,0.06981,0.0,0.06981,Sidewalk
516.0,123.3529,4.8598,0.55851,0.0,-0.0,174.6492,1.5653,stand_3,211.9864,0.0,-0.0,0.0,-0.0,Sidewalk
516.5,123.3529,4.8598,0.59341,0.0,0.06981,174.6492,1.5653,stand_3,211.9948,0.0,0.06981,0.0,0.06981,Sidewalk
517.0,123.3529,4.8598,0.59341,0.0,-0.0,174.6492,1.5653,stand_3,211.9864,0.0,-0.0,0.0,-0.0,Sidewalk
517.5,123.3529,4.8598,0.62832,0.0,0.06981,174.6492,1.5653,stand_3,211.9948,0.0,0.06981,0.0,0.06981,Sidewalk
518.0,123.3529,4.8598,0.62832,0.0,-0.0,174.6492,1.5653,stand_3,211.9864,0.0,-0.0,0.0,-0.0,Sidewalk
518.5,123.3529,4.8598,0.66323,0.0,0.06981,174.6492,1.5653,stand_3,211.9948,0.0,0.06981,0.0,0.06981,Sidewalk
519.0,123.3529,4.8598,0.66323,0.0,-0.0,174.6492,1.5653,stand_3,211.9864,0.0,-0.0,0.0,-0.0,Sidewalk
519.5,123.3529,4.8598,0.69813,0.0,0.06981,174.6492,1.5653,stand_3,211.9948,0.0,0.06981,0.0,0.06981,Sidewalk
520.0,123.3529,4.8598,0.69813,0.0,-0.0,174.6492,1.5653,stand_3,211.9864,0.0,-0.0,0.0,-0.0,Sidewalk
520.5,123.3529,4.8598,0.73304,0.0,0.06981,174.6492,1.5653,stand_3,211.9948,0.0,0.06981,0.0,0.06981,Sidewalk
521.0,123.3529,4.8598,0.73304,0.0,-0.0,174.6492,1.5653,stand_3,211.9864,0.0,-0.0,0.0,-0.0,Sidewalk
521.5,123.3529,4.8598,0.76794,0.0,0.06981,174.6492,1.5653,stand_3,211.9948,0.0,0.06981,0.0,0.06981,Sidewalk
522.0,123.3529,4.8598,0.76794,0.0,-0.0,174.6492,1.5653,stand_3,211.9864,0.0,-0.0,0.0,-0.0,Sidewalk
522.5,123.3529,4.8598,0.80285,0.0,0.06981,174.6492,1.5653,stand_3,211.9948,0.0,0.06981,0.0,0.06981,Sidewalk
523.0,123.3529,4.8598,0.80285,0.0,-0.0,174.6492,1.5653,stand_3,211.9864,0.0,-0.0,0.0,-0.0,Sidewalk
523.5,123.3529,4.8598,0.83776,0.0,0.06981,174.6492,1.5653,stand_3,211.9948,0.0,0.06981,0.0,0.06981,Sidewalk
524.0,123.3529,4.8598,0.83776,0.0,-0.0,174.6492,1.5653,stand_3,211.9864,0.0,-0.0,0.0,-0.0,Sidewalk
524.5,123.3529,4.8598,0.87266,0.0,0.06981,174.6492,1.5653,stand_3,211.9948,0.0,0.06981,0.0,0.06981,Sidewalk
525.0,123.3529,4.8598,0.87266,0.0,-0.0,174.6492,1.5653,stand_3,211.9864,0.0,-0.0,0.0,-0.0,Sidewalk
525.5,123.3529,4.8598,0.90757,0.0,0.06981,174.6492,1.5653,stand_3,211.9948,0.0,0.06981,0.0,0.06981,Sidewalk
526.0,123.3529,4.8598,0.90757,0.0,-0.0,174.6492,1.5653,stand_3,211.9864,0.0,-0.0,0.0,-0.0,Sidewalk
526.5,123.3529,4.8598,0.94248,0.0,0.06981,174.6492,1.5653,stand_3,211.9948,0.0,0.06981,0.0,0.06981,Sidewalk
527.0,123.3529,4.8598,0.94248,0.0,-0.0,174.6492,1.5653,stand_3,211.9864,0.0,-0.0,0.0,-0.0,Sidewalk
527.5,123.3529,4.8598,0.97738,0.0,0.06981,174.6492,1.5653,stand_3,211.9948,0.0,0.06981,0.0,0.06981,Sidewalk
528.0,123.3529,4.8598,0.97738,0.0,-0.0,174.6492,1.5653,stand_3,211.9864,0.0,-0.0,0.0,-0.0,Sidewalk
528.5,123.3529,4.8598,1.01229,0.0,0.06981,174.6492,1.5653,stand_3,211.9948,0.0,0.06981,0.0,0.06981,Sidewalk
529.0,123.3529,4.8598,1.01229,0.0,-0.0,174.6492,1.5653,stand_3,211.9864,0.0,-0.0,0.0,-0.0,Sidewalk
529.5,123.3529,4.8598,1.0472,0.0,0.06981,174.6492,1.5653,stand_3,211.9948,0.0,0.06981,0.0,0.06981,Sidewalk
530.0,123.3529,4.8598,1.0472,0.0,-0.0,174.6492,1.5653,stand_3,211.9864,0.0,-0.0,0.0,-0.0,Sidewalk
530.5,123.3529,4.8598,1.0821,0.0,0.06981,174.6492,1.5653,stand_3,211.9948,0.0,0.06981,0.0,0.06981,Sidewalk
531.0,123.3529,4.8598,1.0821,0.0,-0.0,174.6492,1.5653,stand_3,211.9864,0.0,-0.0,0.0,-0.0,Sidewalk
531.5,123.3529,4.8598,1.11701,0.0,0.06981,174.6492,1.5653,stand_3,211.9948,0.0,0.06981,0.0,0.06981,Sidewalk
532.0,123.3529,4.8598,1.11701,0.0,-0.0,174.6492,1.5653,stand_3,211.9864,0.0,-0.0,0.0,-0.0,Sidewalk
532.5,123.3529,4.8598,1.15192,0.0,0.06981,174.6492,1.5653,stand_3,211.9947,0.0,0.06981,0.0,0.06981,Sidewalk
533.0,123.3529,4.8598,1.15192,0.0,-0.0,174.6492,1.5653,stand_3,211.9864,0.0,-0.0,0.0,-0.0,Sidewalk
533.5,123.3529,4.8598,1.18682,0.0,0.06981,174.6492,1.5653,stand_3,211.9947,0.0,0.06981,0.0,0.06981,Sidewalk
534.0,123.3529,4.8598,1.18682,0.0,-0.0,174.6492,1.5653,stand_3,211.9864,0.0,-0.0,0.0,-0.0,Sidewalk
534.5,123.3529,4.8598,1.22173,0.0,0.06981,174.6492,1.5653,stand_3,211.9947,0.0,0.06981,0.0,0.06981,Sidewalk
535.0,123.3529,4.8598,1.22173,0.0,-0.0,174.6492,1.5653,stand_3,211.9864,0.0,-0.0,0.0,-0.0,Sidewalk
535.5,123.3529,4.8598,1.25664,0.0,0.06981,174.6492,1.5653,stand_3,211.9947,0.0,0.06981,0.0,0.06981,Sidewalk
536.0,123.3529,4.8598,1.25664,0.0,-0.0,174.6492,1.5653,stand_3,211.9864,0.0,-0.0,0.0,-0.0,Sidewalk
536.5,123.3529,4.8598,1.29154,0.0,0.06981,174.6492,1.5653,stand_3,211.9947,0.0,0.06981,0.0,0.06981,Sidewalk
537.0,123.3529,4.8598,1.29154,0.0,-0.0,174.6492,1.5653,stand_3,211.9863,0.0,-0.0,0.0,-0.0,Sidewalk
537.5,123.3529,4.8598,1.32645,0.0,0.06981,174.6492,1.5653,stand_3,211.9947,0.0,0.06981,0.0,0.06981,Sidewalk
538.0,123.3529,4.8598,1.32645,0.0,-0.0,174.6492,1.5653,stand_3,211.9863,0.0,-0.0,0.0,-0.0,Sidewalk
538.5,123.3529,4.8598,1.36136,0.0,0.06981,174.6492,1.5653,stand_3,211.9947,0.0,0.06981,0.0,0.06981,Sidewalk
539.0,123.3529,4.8598,1.36136,0.0,-0.0,174.6492,1.5653,stand_3,211.9863,0.0,-0.0,0.0,-0.0,Sidewalk
539.5,123.3529,4.8598,1.39626,0.0,0.06981,174.6492,1.5653,stand_3,211.9947,0.0,0.06981,0.0,0.06981,Sidewalk
540.0,123.3529,4.8598,1.39626,0.0,-0.0,174.6492,1.5653,stand_3,211.9863,0.0,-0.0,0.0,-0.0,Sidewalk
540.5,123.3529,4.8598,1.43117,0.0,0.06981,174.6492,1.5653,stand_3,211.9947,0.0,0.06981,0.0,0.06981,Sidewalk
541.0,123.3529,4.8598,1.43117,0.0,-0.0,174.6492,1.5653,stand_3,211.9863,0.0,-0.0,0.0,-0.0,Sidewalk
541.5,123.3529,4.8598,1.46608,0.0,0.06981,174.6492,1.5653,stand_3,211.9947,0.0,0.06981,0.0,0.06981,Sidewalk
542.0,123.3529,4.8598,1.46608,0.0,-0.0,174.6492,1.5653,stand_3,211.9863,0.0,-0.0,0.0,-0.0,Sidewalk
542.5,123.3529,4.8598,1.50098,0.0,0.06981,174.6492,1.5653,stand_3,211.9947,0.0,0.06981,0.0,0.06981,Sidewalk
543.0,123.3529,4.8598,1.50098,0.0,-0.0,174.6492,1.5653,stand_3,211.9863,0.0,-0.0,0.0,-0.0,Sidewalk
543.5,123.3529,4.8598,1.53589,0.0,0.06981,174.6492,1.5653,stand_3,211.9947,0.0,0.06981,0.0,0.06981,Sidewalk
544.0,123.3529,4.8598,1.53589,0.0,-0.0,174.6492,1.5653,stand_3,211.9863,0.0,-0.0,0.0,-0.0,Sidewalk
544.5,123.3529,4.8598,1.5708,0.0,0.06981,174.6492,1.5653,stand_3,211.9947,0.0,0.06981,0.0,0.06981,Sidewalk
545.0,123.3529,4.8598,1.5708,0.0,-0.0,174.6492,1.5653,stand_3,211.9863,0.0,-0.0,0.0,-0.0,Sidewalk
545.5,123.3529,4.8598,1.6057,0.0,0.06981,174.6492,1.5653,stand_3,211.9947,0.0,0.06981,0.0,0.06981,Sidewalk
546.0,123.3529,4.8598,1.6057,0.0,-0.0,174.6492,1.5653,stand_3,211.9863,0.0,-0.0,0.0,-0.0,Sidewalk
546.5,123.3529,4.8598,1.64061,0.0,0.06981,174.6492,1.5653,stand_3,211.9947,0.0,0.06981,0.0,0.06981,Sidewalk
547.0,123.3529,4.8598,1.64061,0.0,-0.0,174.6492,1.5653,stand_3,211.9863,0.0,-0.0,0.0,-0.0,Sidewalk
547.5,123.3529,4.8598,1.67552,0.0,0.06981,174.6492,1.5653,stand_3,211.9947,0.0,0.06981,0.0,0.06981,Sidewalk
548.0,123.3529,4.8598,1.67552,0.0,-0.0,174.6492,1.5653,stand_3,211.9863,0.0,-0.0,0.0,-0.0,Sidewalk
548.5,123.3529,4.8598,1.71042,0.0,0.06981,174.6492,1.5653,stand_3,211.9947,0.0,0.06981,0.0,0.06981,Sidewalk
549.0,123.3529,4.8598,1.71042,0.0,-0.0,174.6492,1.5653,stand_3,211.9863,0.0,-0.0,0.0,-0.0,Sidewalk
549.5,123.3529,4.8598,1.74533,0.0,0.06981,174.6492,1.5653,stand_3,211.9947,0.0,0.06981,0.0,0.06981,Sidewalk
550.0,123.3529,4.8598,1.74533,0.0,-0.0,174.6492,1.5653,stand_3,211.9863,0.0,-0.0,0.0,-0.0,Sidewalk
550.5,123.3529,4.8598,1.78024,0.0,0.06981,174.6492,1.5653,stand_3,211.9947,0.0,0.06981,0.0,0.06981,Sidewalk
551.0,123.3529,4.8598,1.78024,0.0,-0.0,174.6492,1.5653,stand_3,211.9863,0.0,-0.0,0.0,-0.0,Sidewalk
551.5,123.3529,4.8598,1.81514,0.0,0.06981,174.6492,1.5653,stand_3,211.9946,0.0,0.06981,0.0,0.06981,Sidewalk
552.0,123.3529,4.8598,1.81514,0.0,-0.0,174.6492,1.5653,stand_3,211.9863,0.0,-0.0,0.0,-0.0,Sidewalk
552.5,123.3529,4.8598,1.85005,0.0,0.06981,174.6492,1.5653,stand_3,211.9946,0.0,0.06981,0.0,0.06981,Sidewalk
553.0,123.3529,4.8598,1.85005,0.0,-0.0,174.6492,1.5654,stand_3,211.9863,0.0,-0.0,0.0,-0.0,Sidewalk
553.5,123.3529,4.8598,1.88496,0.0,0.06981,174.6492,1.5654,stand_3,211.9946,0.0,0.06981,0.0,0.06981,Sidewalk
554.0,123.3529,4.8598,1.88496,0.0,-0.0,174.6492,1.5654,stand_3,211.9863,0.0,-0.0,0.0,-0.0,Sidewalk
554.5,123.3529,4.8598,1.91986,0.0,0.06981,174.6492,1.5654,stand_3,211.9946,0.0,0.06981,0.0,0.06981,Sidewalk
555.0,123.3529,4.8598,1.91986,0.0,-0.0,174.6492,1.5654,stand_3,211.9863,0.0,-0.0,0.0,-0.0,Sidewalk
555.5,123.3529,4.8598,1.95477,0.0,0.06981,174.6492,1.5654,stand_3,211.9946,0.0,0.06981,0.0,0.06981,Sidewalk
556.0,123.3529,4.8598,1.95477,0.0,-0.0,174.6492,1.5654,stand_3,211.9863,0.0,-0.0,0.0,-0.0,Sidewalk
556.5,123.3529,4.8598,1.98968,0.0,0.06981,174.6492,1.5654,stand_3,211.9946,0.0,0.06981,0.0,0.06981,Sidewalk
557.0,123.3529,4.8598,1.98968,0.0,-0.0,174.6492,1.5654,stand_3,211.9862,0.0,-0.0,0.0,-0.0,Sidewalk
557.5,123.3529,4.8598,2.02458,0.0,0.06981,174.6492,1.5654,stand_3,211.9946,0.0,0.06981,0.0,0.06981,Sidewalk
558.0,123.3529,4.8598,2.02458,0.0,-0.0,174.6492,1.5654,stand_3,211.9862,0.0,-0.0,0.0,-0.0,Sidewalk
558.5,123.3529,4.8598,2.05949,0.0,0.06981,174.6492,1.5654,stand_3,211.9946,0.0,0.06981,0.0,0.06981,Sidewalk
559.0,123.3529,4.8598,2.05949,0.0,-0.0,174.6492,1.5654,stand_3,211.9862,0.0,-0.0,0.0,-0.0,Sidewalk
559.5,123.3529,4.8598,2.0944,0.0,0.06981,174.6492,1.5654,stand_3,211.9946,0.0,0.06981,0.0,0.06981,Sidewalk
560.0,123.3529,4.8598,2.0944,0.0,-0.0,174.6492,1.5654,stand_3,211.9862,0.0,-0.0,0.0,-0.0,Sidewalk
560.5,123.3529,4.8598,2.1293,0.0,0.06981,174.6492,1.5654,stand_3,211.9946,0.0,0.06981,0.0,0.06981,Sidewalk
561.0,123.3529,4.8598,2.1293,0.0,-0.0,174.6492,1.5654,stand_3,211.9862,0.0,-0.0,0.0,-0.0,Sidewalk
561.5,123.3529,4.8598,2.16421,0.0,0.06981,174.6492,1.5654,stand_3,211.9946,0.0,0.06981,0.0,0.06981,Sidewalk
562.0,123.3529,4.8598,2.16421,0.0,-0.0,174.6492,1.5654,stand_3,211.9862,0.0,-0.0,0.0,-0.0,Sidewalk
562.5,123.3529,4.8598,2.19911,0.0,0.06981,174.6492,1.5654,stand_3,211.9946,0.0,0.06981,0.0,0.06981,Sidewalk
563.0,123.3529,4.8598,2.19911,0.0,-0.0,174.6492,1.5654,stand_3,211.9862,0.0,-0.0,0.0,-0.0,Sidewalk
563.5,123.3529,4.8598,2.23402,0.0,0.06981,174.6492,1.5654,stand_3,211.9946,0.0,0.06981,0.0,0.06981,Sidewalk
564.0,123.3529,4.8598,2.23402,0.0,-0.0,174.6492,1.5654,stand_3,211.9862,0.0,-0.0,0.0,-0.0,Sidewalk
564.5,123.3529,4.8598,2.26893,0.0,0.06981,174.6492,1.5654,stand_3,211.9946,0.0,0.06981,0.0,0.06981,Sidewalk
565.0,123.3529,4.8598,2.26893,0.0,-0.0,174.6492,1.5654,stand_3,211.9862,0.0,-0.0,0.0,-0.0,Sidewalk
565.5,123.3529,4.8598,2.30383,0.0,0.06981,174.6492,1.5654,stand_3,211.9946,0.0,0.06981,0.0,0.06981,Sidewalk
566.0,123.3529,4.8598,2.30383,0.0,-0.0,174.6492,1.5654,stand_3,211.9862,0.0,-0.0,0.0,-0.0,Sidewalk
566.5,123.3529,4.8598,2.33874,0.0,0.06981,174.6492,1.5654,stand_3,211.9946,0.0,0.06981,0.0,0.06981,Sidewalk
567.0,123.3529,4.8598,2.33874,0.0,-0.0,174.6492,1.5654,stand_3,211.9862,0.0,-0.0,0.0,-0.0,Sidewalk
567.5,123.3529,4.8598,2.37365,0.0,0.06981,174.6492,1.5654,stand_3,211.9946,0.0,0.06981,0.0,0.06981,Sidewalk
568.0,123.3529,4.8598,2.37365,0.0,-0.0,174.6492,1.5654,stand_3,211.9862,0.0,-0.0,0.0,-0.0,Sidewalk
568.5,123.3529,4.8598,2.40855,0.0,0.06981,174.6492,1.5654,stand_3,211.9946,0.0,0.06981,0.0,0.06981,Sidewalk
569.0,123.3529,4.8598,2.40855,0.0,-0.0,174.6492,1.5654,stand_3,211.9862,0.0,-0.0,0.0,-0.0,Sidewalk
569.5,123.3529,4.8598,2.44346,0.0,0.06981,174.6492,1.5654,stand_3,211.9946,0.0,0.06981,0.0,0.06981,Sidewalk
570.0,123.3529,4.8598,2.44346,0.0,-0.0,174.6492,1.5654,stand_3,211.9862,0.0,-0.0,0.0,-0.0,Sidewalk
570.5,123.3529,4.8598,2.47837,0.0,0.06981,174.6492,1.5654,stand_3,211.9946,0.0,0.06981,0.0,0.06981,Sidewalk
571.0,123.3529,4.8598,2.47837,0.0,-0.0,174.6492,1.5654,stand_3,211.9862,0.0,-0.0,0.0,-0.0,Sidewalk
571.5,123.3529,4.8598,2.51327,0.0,0.06981,174.6492,1.5654,stand_3,211.9946,0.0,0.06981,0.0,0.06981,Sidewalk
572.0,123.3529,4.8598,2.51327,0.0,-0.0,174.6492,1.5654,stand_3,211.9862,0.0,-0.0,0.0,-0.0,Sidewalk
572.5,123.3529,4.8598,2.54818,0.0,0.06981,174.6492,1.5654,stand_3,211.9946,0.0,0.06981,0.0,0.06981,Sidewalk
573.0,123.3529,4.8598,2.54818,0.0,-0.0,174.6492,1.5654,stand_3,211.9862,0.0,-0.0,0.0,-0.0,Sidewalk
573.5,123.3529,4.8598,2.58309,0.0,0.06981,174.6492,1.5654,stand_3,211.9945,0.0,0.06981,0.0,0.06981,Sidewalk
574.0,123.3529,4.8598,2.58309,0.0,-0.0,174.6492,1.5654,stand_3,211.9862,0.0,-0.0,0.0,-0.0,Sidewalk
574.5,123.3529,4.8598,2.61799,0.0,0.06981,174.6492,1.5654,stand_3,211.9945,0.0,0.06981,0.0,0.06981,Sidewalk
575.0,123.3529,4.8598,2.61799,0.0,-0.0,174.6492,1.5654,stand_3,211.9862,0.0,-0.0,0.0,-0.0,Sidewalk
575.5,123.3529,4.8598,2.6529,0.0,0.06981,174.6492,1.5654,stand_3,211.9945,0.0,0.06981,0.0,0.06981,Sidewalk
576.0,123.3529,4.8598,2.6529,0.0,-0.0,174.6492,1.5654,stand_3,211.9862,0.0,-0.0,0.0,-0.0,Sidewalk
576.5,123.3529,4.8598,2.68781,0.0,0.06981,174.6492,1.5654,stand_3,211.9945,0.0,0.06981,0.0,0.06981,Sidewalk
577.0,123.3529,4.8598,2.68781,0.0,-0.0,174.6492,1.5654,stand_3,211.9862,0.0,-0.0,0.0,-0.0,Sidewalk
577.5,123.3529,4.8598,2.72271,0.0,0.06981,174.6492,1.5654,stand_3,211.9945,0.0,0.06981,0.0,0.06981,Sidewalk
578.0,123.3529,4.8598,2.72271,0.0,-0.0,174.6492,1.5654,stand_3,211.9861,0.0,-0.0,0.0,-0.0,Sidewalk
578.5,123.3529,4.8598,2.75762,0.0,0.06981,174.6492,1.5654,stand_3,211.9945,0.0,0.06981,0.0,0.06981,Sidewalk
579.0,123.3529,4.8598,2.75762,0.0,-0.0,174.6492,1.5654,stand_3,211.9861,0.0,-0.0,0.0,-0.0,Sidewalk
579.5,123.3529,4.8598,2.79253,0.0,0.06981,174.6492,1.5654,stand_3,211.9945,0.0,0.06981,0.0,0.06981,Sidewalk
580.0,123.3529,4.8598,2.79253,0.0,-0.0,174.6492,1.5654,stand_3,211.9861,0.0,-0.0,0.0,-0.0,Sidewalk
580.5,123.3529,4.8598,2.82743,0.0,0.06981,174.6492,1.5654,stand_3,211.9945,0.0,0.06981,0.0,0.06981,Sidewalk
581.0,123.3529,4.8598,2.82743,0.0,-0.0,174.6492,1.5654,stand_3,211.9861,0.0,-0.0,0.0,-0.0,Sidewalk
581.5,123.3529,4.8598,2.86234,0.0,0.06981,174.6492,1.5654,stand_3,211.9945,0.0,0.06981,0.0,0.06981,Sidewalk
582.0,123.3529,4.8598,2.86234,0.0,-0.0,174.6492,1.5654,stand_3,211.9861,0.0,-0.0,0.0,-0.0,Sidewalk
582.5,123.3529,4.8598,2.89725,0.0,0.06981,174.6492,1.5654,stand_3,211.9945,0.0,0.06981,0.0,0.06981,Sidewalk
583.0,123.3529,4.8598,2.89725,0.0,-0.0,174.6492,1.5654,stand_3,211.9861,0.0,-0.0,0.0,-0.0,Sidewalk
583.5,123.3529,4.8598,2.93215,0.0,0.06981,174.6492,1.5654,stand_3,211.9945,0.0,0.06981,0.0,0.06981,Sidewalk
584.0,123.3529,4.8598,2.93215,0.0,-0.0,174.6492,1.5654,stand_3,211.9861,0.0,-0.0,0.0,-0.0,Sidewalk
584.5,123.3529,4.8598,2.96706,0.0,0.06981,174.6492,1.5654,stand_3,211.9945,0.0,0.06981,0.0,0.06981,Sidewalk
585.0,123.3529,4.8598,2.96706,0.0,-0.0,174.6492,1.5654,stand_3,211.9861,0.0,-0.0,0.0,-0.0,Sidewalk
585.5,123.3529,4.8598,3.00197,0.0,0.06981,174.6492,1.5654,stand_3,211.9945,0.0,0.06981,0.0,0.06981,Sidewalk
586.0,123.3529,4.8598,3.00197,0.0,-0.0,174.6492,1.5654,stand_3,211.9861,0.0,-0.0,0.0,-0.0,Sidewalk
586.5,123.3529,4.8598,3.03687,0.0,0.06981,174.6492,1.5654,stand_3,211.9945,0.0,0.06981,0.0,0.06981,Sidewalk
587.0,123.3529,4.8598,3.03687,0.0,-0.0,174.6492,1.5654,stand_3,211.9861,0.0,-0.0,0.0,-0.0,Sidewalk
587.5,123.3529,4.8598,3.07178,0.0,0.06981,174.6492,1.5654,stand_3,211.9945,0.0,0.06981,0.0,0.06981,Sidewalk
588.0,123.3529,4.8598,3.07178,0.0,-0.0,174.6492,1.5654,stand_3,211.9861,0.0,-0.0,0.0,-0.0,Sidewalk
588.5,123.3529,4.8598,3.10669,0.0,0.06981,174.6492,1.5654,stand_3,211.9945,0.0,0.06981,0.0,0.06981,Sidewalk
589.0,123.3529,4.8598,3.10669,0.0,-0.0,174.6492,1.5654,stand_3,211.9861,0.0,-0.0,0.0,-0.0,Sidewalk
589.5,123.3529,4.8598,3.14159,0.0,0.06981,174.6492,1.5654,stand_3,211.9945,0.0,0.06981,0.0,0.06981,Sidewalk
590.0,123.3529,4.8598,3.14159,0.0,-0.0,174.6492,1.5654,stand_3,211.9861,0.0,-0.0,0.0,-0.0,Sidewalk
590.5,123.3529,4.8598,-3.10669,0.0,0.06981,174.6492,1.5654,stand_3,211.9945,0.0,0.06981,0.0,0.06981,Sidewalk
591.0,123.3529,4.8598,-3.10669,0.0,-0.0,174.6492,1.5654,stand_3,211.9861,0.0,-0.0,0.0,-0.0,Sidewalk
591.5,123.3529,4.8598,-3.07178,0.0,0.06981,174.6492,1.5654,stand_3,211.9945,0.0,0.06981,0.0,0.06981,Sidewalk
592.0,123.3529,4.8598,-3.07178,0.0,-0.0,174.6492,1.5654,stand_3,211.9861,0.0,-0.0,0.0,-0.0,Sidewalk
592.5,123.3529,4.8598,-3.03687,0.0,0.06981,174.6492,1.5654,stand_3,211.9945,0.0,0.06981,0.0,0.06981,Sidewalk
593.0,123.3529,4.8598,-3.03687,0.0,-0.0,174.6492,1.5654,stand_3,211.9861,0.0,-0.0,0.0,-0.0,Sidewalk
593.5,123.3529,4.8598,-3.00197,0.0,0.06981,174.6492,1.5654,stand_3,211.9945,0.0,0.06981,0.0,0.06981,Sidewalk
594.0,123.3529,4.8598,-3.00197,0.0,-0.0,174.6492,1.5655,stand_3,211.9861,0.0,-0.0,0.0,-0.0,Sidewalk
594.5,123.3529,4.8598,-2.96706,0.0,0.06981,174.6492,1.5655,stand_3,211.9945,0.0,0.06981,0.0,0.06981,Sidewalk
595.0,123.3529,4.8598,-2.96706,0.0,-0.0,174.6492,1.5655,stand_3,211.9861,0.0,-0.0,0.0,-0.0,Sidewalk
595.5,123.3529,4.8598,-2.93215,0.0,0.06981,174.6492,1.5655,stand_3,211.9944,0.0,0.06981,0.0,0.06981,Sidewalk
596.0,123.3529,4.8598,-2.93215,0.0,-0.0,174.6492,1.5655,stand_3,211.9861,0.0,-0.0,0.0,-0.0,Sidewalk
596.5,123.3529,4.8598,-2.89725,0.0,0.06981,174.6492,1.5655,stand_3,211.9944,0.0,0.06981,0.0,0.06981,Sidewalk
597.0,123.3529,4.8598,-2.89725,0.0,-0.0,174.6492,1.5655,stand_3,211.9861,0.0,-0.0,0.0,-0.0,Sidewalk
597.5,123.3529,4.8598,-2.86234,0.0,0.06981,174.6492,1.5655,stand_3,211.9944,0.0,0.06981,0.0,0.06981,Sidewalk
598.0,123.3529,4.8598,-2.86234,0.0,-0.0,174.6492,1.5655,stand_3,211.9861,0.0,-0.0,0.0,-0.0,Sidewalk
598.5,123.3529,4.8598,-2.82743,0.0,0.06981,174.6492,1.5655,stand_3,211.9944,0.0,0.06981,0.0,0.06981,Sidewalk
599.0,123.3529,4.8598,-2.82743,0.0,-0.0,174.6492,1.5655,stand_3,211.9861,0.0,-0.0,0.0,-0.0,Sidewalk
599.5,123.3529,4.8598,-2.79253,0.0,0.06981,174.6492,1.5655,stand_3,211.9944,0.0,0.06981,0.0,0.06981,Sidewalk
600.0,123.3529,4.8598,-2.79253,0.0,-0.0,174.6492,1.5655,stand_3,211.9861,0.0,-0.0,0.0,-0.0,Sidewalk
600.5,123.3529,4.8598,-2.75762,0.0,0.06981,174.6492,1.5655,stand_3,211.9944,0.0,0.06981,0.0,0.06981,Sidewalk
601.0,123.3529,4.8598,-2.75762,0.0,-0.0,174.6492,1.5655,stand_3,211.986,0.0,-0.0,0.0,-0.0,Sidewalk
601.5,123.3529,4.8598,-2.72271,0.0,0.06981,174.6492,1.5655,stand_3,211.9944,0.0,0.06981,0.0,0.06981,Sidewalk
602.0,123.3529,4.8598,-2.72271,0.0,-0.0,174.6492,1.5655,stand_3,211.986,0.0,-0.0,0.0,-0.0,Sidewalk
602.5,123.3529,4.8598,-2.68781,0.0,0.06981,174.6492,1.5655,stand_3,211.9944,0.0,0.06981,0.0,0.06981,Sidewalk
603.0,123.3529,4.8598,-2.68781,0.0,-0.0,174.6492,1.5655,stand_3,211.986,0.0,-0.0,0.0,-0.0,Sidewalk
603.5,123.3529,4.8598,-2.6529,0.0,0.06981,174.6492,1.5655,stand_3,211.9944,0.0,0.06981,0.0,0.06981,Sidewalk
604.0,123.3529,4.8598,-2.6529,0.0,-0.0,174.6492,1.5655,stand_3,211.986,0.0,-0.0,0.0,-0.0,Sidewalk
604.5,123.3529,4.8598,-2.61799,0.0,0.06981,174.6492,1.5655,stand_3,211.9944,0.0,0.06981,0.0,0.06981,Sidewalk
605.0,123.3529,4.8598,-2.61799,0.0,-0.0,174.6492,1.5655,stand_3,211.986,0.0,-0.0,0.0,-0.0,Sidewalk
605.5,123.3529,4.8598,-2.58309,0.0,0.06981,174.6492,1.5655,stand_3,211.9944,0.0,0.06981,0.0,0.06981,Sidewalk
606.0,123.3529,4.8598,-2.58309,0.0,-0.0,174.6492,1.5655,stand_3,211.986,0.0,-0.0,0.0,-0.0,Sidewalk
606.5,123.3529,4.8598,-2.54818,0.0,0.06981,174.6492,1.5655,stand_3,211.9944,0.0,0.06981,0.0,0.06981,Sidewalk
607.0,123.3529,4.8598,-2.54818,0.0,-0.0,174.6492,1.5655,stand_3,211.986,0.0,-0.0,0.0,-0.0,Sidewalk
607.5,123.3529,4.8598,-2.51327,0.0,0.06981,174.6492,1.5655,stand_3,211.9944,0.0,0.06981,0.0,0.06981,Sidewalk
608.0,123.3529,4.8598,-2.51327,0.0,-0.0,174.6492,1.5655,stand_3,211.986,0.0,-0.0,0.0,-0.0,Sidewalk
608.5,123.3529,4.8598,-2.47837,0.0,0.06981,174.6492,1.5655,stand_3,211.9944,0.0,0.06981,0.0,0.06981,Sidewalk
609.0,123.3529,4.8598,-2.47837,0.0,-0.0,174.6492,1.5655,stand_3,211.986,0.0,-0.0,0.0,-0.0,Sidewalk
609.5,123.3529,4.8598,-2.44346,0.0,0.06981,174.6492,1.5655,stand_3,211.9944,0.0,0.06981,0.0,0.06981,Sidewalk
610.0,123.3529,4.8598,-2.44346,0.0,-0.0,174.6492,1.5655,stand_3,211.986,0.0,-0.0,0.0,-0.0,Sidewalk
610.5,123.3529,4.8598,-2.40855,0.0,0.06981,174.6492,1.5655,stand_3,211.9944,0.0,0.06981,0.0,0.06981,Sidewalk
611.0,123.3529,4.8598,-2.40855,0.0,-0.0,174.6492,1.5655,stand_3,211.986,0.0,-0.0,0.0,-0.0,Sidewalk
611.5,123.3529,4.8598,-2.37365,0.0,0.06981,174.6492,1.5655,stand_3,211.9944,0.0,0.06981,0.0,0.06981,Sidewalk
612.0,123.3529,4.8598,-2.37365,0.0,-0.0,174.6492,1.5655,stand_3,211.986,0.0,-0.0,0.0,-0.0,Sidewalk
612.5,123.3529,4.8598,-2.33874,0.0,0.06981,174.6492,1.5655,stand_3,211.9944,0.0,0.06981,0.0,0.06981,Sidewalk
613.0,123.3529,4.8598,-2.33874,0.0,-0.0,174.6492,1.5655,stand_3,211.986,0.0,-0.0,0.0,-0.0,Sidewalk
613.5,123.3529,4.8598,-2.30383,0.0,0.06981,174.6492,1.5655,stand_3,211.9944,0.0,0.06981,0.0,0.06981,Sidewalk
614.0,123.3529,4.8598,-2.30383,0.0,-0.0,174.6492,1.5655,stand_3,211.986,0.0,-0.0,0.0,-0.0,Sidewalk
614.5,123.3529,4.8598,-2.26893,0.0,0.06981,174.6492,1.5655,stand_3,211.9944,0.0,0.06981,0.0,0.06981,Sidewalk
615.0,123.3529,4.8598,-2.26893,0.0,-0.0,174.6492,1.5655,stand_3,211.986,0.0,-0.0,0.0,-0.0,Sidewalk
615.5,123.3529,4.8598,-2.23402,0.0,0.06981,174.6492,1.5655,stand_3,211.9944,0.0,0.06981,0.0,0.06981,Sidewalk
616.0,123.3529,4.8598,-2.23402,0.0,-0.0,174.6492,1.5655,stand_3,211.986,0.0,-0.0,0.0,-0.0,Sidewalk
616.5,123.3529,4.8598,-2.19911,0.0,0.06981,174.6492,1.5655,stand_3,211.9943,0.0,0.06981,0.0,0.06981,Sidewalk
617.0,123.3529,4.8598,-2.19911,0.0,-0.0,174.6492,1.5655,stand_3,211.986,0.0,-0.0,0.0,-0.0,Sidewalk
617.5,123.3529,4.8598,-2.16421,0.0,0.06981,174.6492,1.5655,stand_3,211.9943,0.0,0.06981,0.0,0.06981,Sidewalk
618.0,123.3529,4.8598,-2.16421,0.0,-0.0,174.6492,1.5655,stand_3,211.986,0.0,-0.0,0.0,-0.0,Sidewalk
618.5,123.3529,4.8598,-2.1293,0.0,0.06981,174.6492,1.5655,stand_3,211.9943,0.0,0.06981,0.0,0.06981,Sidewalk
619.0,123.3529,4.8598,-2.1293,0.0,-0.0,174.6492,1.5655,stand_3,211.986,0.0,-0.0,0.0,-0.0,Sidewalk
619.5,123.3529,4.8598,-2.0944,0.0,0.06981,174.6492,1.5655,stand_3,211.9943,0.0,0.06981,0.0,0.06981,Sidewalk
620.0,123.3529,4.8598,-2.0944,0.0,-0.0,174.6492,1.5655,stand_3,211.986,0.0,-0.0,0.0,-0.0,Sidewalk
620.5,123.3529,4.8598,-2.05949,0.0,0.06981,174.6492,1.5655,stand_3,211.9943,0.0,0.06981,0.0,0.06981,Sidewalk
621.0,123.3529,4.8598,-2.05949,0.0,-0.0,174.6492,1.5655,stand_3,211.9859,0.0,-0.0,0.0,-0.0,Sidewalk
621.5,123.3529,4.8598,-2.02458,0.0,0.06981,174.6492,1.5655,stand_3,211.9943,0.0,0.06981,0.0,0.06981,Sidewalk
622.0,123.3529,4.8598,-2.02458,0.0,-0.0,174.6492,1.5655,stand_3,211.9859,0.0,-0.0,0.0,-0.0,Sidewalk
622.5,123.3529,4.8598,-1.98968,0.0,0.06981,174.6492,1.5655,stand_3,211.9943,0.0,0.06981,0.0,0.06981,Sidewalk
623.0,123.3529,4.8598,-1.98968,0.0,-0.0,174.6492,1.5655,stand_3,211.9859,0.0,-0.0,0.0,-0.0,Sidewalk
623.5,123.3529,4.8598,-1.95477,0.0,0.06981,174.6492,1.5655,stand_3,211.9943,0.0,0.06981,0.0,0.06981,Sidewalk
624.0,123.3529,4.8598,-1.95477,0.0,-0.0,174.6492,1.5655,stand_3,211.9859,0.0,-0.0,0.0,-0.0,Sidewalk
624.5,123.3529,4.8598,-1.91986,0.0,0.06981,174.6492,1.5655,stand_3,211.9943,0.0,0.06981,0.0,0.06981,Sidewalk
625.0,123.3529,4.8598,-1.91986,0.0,-0.0,174.6492,1.5655,stand_3,211.9859,0.0,-0.0,0.0,-0.0,Sidewalk
625.5,123.3529,4.8598,-1.88496,0.0,0.06981,174.6492,1.5655,stand_3,211.9943,0.0,0.06981,0.0,0.06981,Sidewalk
626.0,123.3529,4.8598,-1.88496,0.0,-0.0,174.6492,1.5655,stand_3,211.9859,0.0,-0.0,0.0,-0.0,Sidewalk
626.5,123.3529,4.8598,-1.85005,0.0,0.06981,174.6492,1.5655,stand_3,211.9943,0.0,0.06981,0.0,0.06981,Sidewalk
627.0,123.3529,4.8598,-1.85005,0.0,-0.0,174.6492,1.5655,stand_3,211.9859,0.0,-0.0,0.0,-0.0,Sidewalk
627.5,123.3529,4.8598,-1.81514,0.0,0.06981,174.6492,1.5655,stand_3,211.9943,0.0,0.06981,0.0,0.06981,Sidewalk
628.0,123.3529,4.8598,-1.81514,0.0,-0.0,174.6492,1.5655,stand_3,211.9859,0.0,-0.0,0.0,-0.0,Sidewalk
628.5,123.3529,4.8598,-1.78024,0.0,0.06981,174.6492,1.5655,stand_3,211.9943,0.0,0.06981,0.0,0.06981,Sidewalk
629.0,123.3529,4.8598,-1.78024,0.0,-0.0,174.6492,1.5655,stand_3,211.9859,0.0,-0.0,0.0,-0.0,Sidewalk
629.5,123.3529,4.8598,-1.74533,0.0,0.06981,174.6492,1.5655,stand_3,211.9943,0.0,0.06981,0.0,0.06981,Sidewalk
630.0,123.3529,4.8598,-1.74533,0.0,-0.0,174.6492,1.5655,stand_3,211.9859,0.0,-0.0,0.0,-0.0,Sidewalk
630.5,123.3529,4.8598,-1.71042,0.0,0.06981,174.6492,1.5655,stand_3,211.9943,0.0,0.06981,0.0,0.06981,Sidewalk
631.0,123.3529,4.8598,-1.71042,0.0,-0.0,174.6492,1.5655,stand_3,211.9859,0.0,-0.0,0.0,-0.0,Sidewalk
631.5,123.3529,4.8598,-1.67552,0.0,0.06981,174.6492,1.5655,stand_3,211.9943,0.0,0.06981,0.0,0.06981,Sidewalk
632.0,123.3529,4.8598,-1.67552,0.0,-0.0,174.6492,1.5655,stand_3,211.9859,0.0,-0.0,0.0,-0.0,Sidewalk
632.5,123.3529,4.8598,-1.64061,0.0,0.06981,174.6492,1.5655,stand_3,211.9943,0.0,0.06981,0.0,0.06981,Sidewalk
633.0,123.3529,4.8598,-1.64061,0.0,-0.0,174.6492,1.5656,stand_3,211.9859,0.0,-0.0,0.0,-0.0,Sidewalk
633.5,123.3529,4.8598,-1.6057,0.0,0.06981,174.6492,1.5656,stand_3,211.9943,0.0,0.06981,0.0,0.06981,Sidewalk
634.0,123.3529,4.8598,-1.6057,0.0,-0.0,174.6492,1.5656,stand_3,211.9859,0.0,-0.0,0.0,-0.0,Sidewalk
634.5,123.3529,4.8598,-1.5708,0.0,0.06981,174.6492,1.5656,stand_3,211.9943,0.0,0.06981,0.0,0.06981,Sidewalk
635.0,123.3529,4.8598,-1.5708,0.0,-0.0,174.6492,1.5656,stand_3,211.9859,0.0,-0.0,0.0,-0.0,Sidewalk
635.5,123.3529,4.8598,-1.53589,0.0,0.06981,174.6492,1.5656,stand_3,211.9943,0.0,0.06981,0.0,0.06981,Sidewalk
636.0,123.3529,4.8598,-1.53589,0.0,-0.0,174.6492,1.5656,stand_3,211.9859,0.0,-0.0,0.0,-0.0,Sidewalk
636.5,123.3529,4.8598,-1.50098,0.0,0.06981,174.6492,1.5656,stand_3,211.9943,0.0,0.06981,0.0,0.06981,Sidewalk
637.0,123.3529,4.8598,-1.50098,0.0,-0.0,174.6492,1.5656,stand_3,211.9859,0.0,-0.0,0.0,-0.0,Sidewalk
637.5,123.3529,4.8598,-1.46608,0.0,0.06981,174.6492,1.5656,stand_3,211.9943,0.0,0.06981,0.0,0.06981,Sidewalk
638.0,123.3529,4.8598,-1.46608,0.0,-0.0,174.6492,1.5656,stand_3,211.9859,0.0,-0.0,0.0,-0.0,Sidewalk
638.5,123.3529,4.8598,-1.43117,0.0,0.06981,174.6492,1.5656,stand_3,211.9943,0.0,0.06981,0.0,0.06981,Sidewalk
639.0,123.3529,4.8598,-1.43117,0.0,-0.0,174.6492,1.5656,stand_3,211.9859,0.0,-0.0,0.0,-0.0,Sidewalk
639.5,123.3529,4.8598,-1.39626,0.0,0.06981,174.6492,1.5656,stand_3,211.9942,0.0,0.06981,0.0,0.06981,Sidewalk
640.0,123.3529,4.8598,-1.39626,0.0,-0.0,174.6492,1.5656,stand_3,211.9859,0.0,-0.0,0.0,-0.0,Sidewalk
640.5,123.3529,4.8598,-1.36136,0.0,0.06981,174.6492,1.5656,stand_3,211.9942,0.0,0.06981,0.0,0.06981,Sidewalk
641.0,123.3529,4.8598,-1.36136,0.0,-0.0,174.6492,1.5656,stand_3,211.9859,0.0,-0.0,0.0,-0.0,Sidewalk
641.5,123.3529,4.8598,-1.32645,0.0,0.06981,174.6492,1.5656,stand_3,211.9942,0.0,0.06981,0.0,0.06981,Sidewalk
642.0,123.3529,4.8598,-1.32645,0.0,-0.0,174.6492,1.5656,stand_3,211.9859,0.0,-0.0,0.0,-0.0,Sidewalk
642.5,123.3529,4.8598,-1.29154,0.0,0.06981,174.6492,1.5656,stand_3,211.9942,0.0,0.06981,0.0,0.06981,Sidewalk
643.0,123.3529,4.8598,-1.29154,0.0,-0.0,174.6492,1.5656,stand_3,211.9859,0.0,-0.0,0.0,-0.0,Sidewalk
643.5,123.3529,4.8598,-1.25664,0.0,0.06981,174.6492,1.5656,stand_3,211.9942,0.0,0.06981,0.0,0.06981,Sidewalk
644.0,123.3529,4.8598,-1.25664,0.0,-0.0,174.6492,1.5656,stand_3,211.9858,0.0,-0.0,0.0,-0.0,Sidewalk
644.5,123.3529,4.8598,-1.22173,0.0,0.06981,174.6492,1.5656,stand_3,211.9942,0.0,0.06981,0.0,0.06981,Sidewalk
645.0,123.3529,4.8598,-1.22173,0.0,-0.0,174.6492,1.5656,stand_3,211.9858,0.0,-0.0,0.0,-0.0,Sidewalk
645.5,123.3529,4.8598,-1.18682,0.0,0.06981,174.6492,1.5656,stand_3,211.9942,0.0,0.06981,0.0,0.06981,Sidewalk
646.0,123.3529,4.8598,-1.18682,0.0,-0.0,174.6492,1.5656,stand_3,211.9858,0.0,-0.0,0.0,-0.0,Sidewalk
646.5,123.3529,4.8598,-1.15192,0.0,0.06981,174.6492,1.5656,stand_3,211.9942,0.0,0.06981,0.0,0.06981,Sidewalk
647.0,123.3529,4.8598,-1.15192,0.0,-0.0,174.6492,1.5656,stand_3,211.9858,0.0,-0.0,0.0,-0.0,Sidewalk
647.5,123.3529,4.8598,-1.11701,0.0,0.06981,174.6492,1.5656,stand_3,211.9942,0.0,0.06981,0.0,0.06981,Sidewalk
648.0,123.3529,4.8598,-1.11701,0.0,-0.0,174.6492,1.5656,stand_3,211.9858,0.0,-0.0,0.0,-0.0,Sidewalk
648.5,123.3529,4.8598,-1.0821,0.0,0.06981,174.6492,1.5656,stand_3,211.9942,0.0,0.06981,0.0,0.06981,Sidewalk
649.0,123.3529,4.8598,-1.0821,0.0,-0.0,174.6492,1.5656,stand_3,211.9858,0.0,-0.0,0.0,-0.0,Sidewalk
649.5,123.3529,4.8598,-1.0472,0.0,0.06981,174.6492,1.5656,stand_3,211.9942,0.0,0.06981,0.0,0.06981,Sidewalk
650.0,123.3529,4.8598,-1.0472,0.0,-0.0,174.6492,1.5656,stand_3,211.9858,0.0,-0.0,0.0,-0.0,Sidewalk
650.5,123.3529,4.8598,-1.01229,0.0,0.06981,174.6492,1.5656,stand_3,211.9942,0.0,0.06981,0.0,0.06981,Sidewalk
651.0,123.3529,4.8598,-1.01229,0.0,-0.0,174.6492,1.5656,stand_3,211.9858,0.0,-0.0,0.0,-0.0,Sidewalk
651.5,123.3529,4.8598,-0.97738,0.0,0.06981,174.6492,1.5656,stand_3,211.9942,0.0,0.06981,0.0,0.06981,Sidewalk
652.0,123.3529,4.8598,-0.97738,0.0,-0.0,174.6492,1.5656,stand_3,211.9858,0.0,-0.0,0.0,-0.0,Sidewalk
652.5,123.3529,4.8598,-0.94248,0.0,0.06981,174.6492,1.5656,stand_3,211.9942,0.0,0.06981,0.0,0.06981,Sidewalk
653.0,123.3529,4.8598,-0.94248,0.0,-0.0,174.6492,1.5656,stand_3,211.9858,0.0,-0.0,0.0,-0.0,Sidewalk
653.5,123.3529,4.8598,-0.90757,0.0,0.06981,174.6492,1.5656,stand_3,211.9942,0.0,0.06981,0.0,0.06981,Sidewalk
654.0,123.3529,4.8598,-0.90757,0.0,-0.0,174.6492,1.5656,stand_3,211.9858,0.0,-0.0,0.0,-0.0,Sidewalk
654.5,123.3529,4.8598,-0.87266,0.0,0.06981,174.6492,1.5656,stand_3,211.9942,0.0,0.06981,0.0,0.06981,Sidewalk
655.0,123.3529,4.8598,-0.87266,0.0,-0.0,174.6492,1.5656,stand_3,211.9858,0.0,-0.0,0.0,-0.0,Sidewalk
655.5,123.3529,4.8598,-0.83776,0.0,0.06981,174.6492,1.5656,stand_3,211.9942,0.0,0.06981,0.0,0.06981,Sidewalk
656.0,123.3529,4.8598,-0.83776,0.0,-0.0,174.6492,1.5656,stand_3,211.9858,0.0,-0.0,0.0,-0.0,Sidewalk
656.5,123.3529,4.8598,-0.80285,0.0,0.06981,174.6492,1.5656,stand_3,211.9942,0.0,0.06981,0.0,0.06981,Sidewalk
657.0,123.3529,4.8598,-0.80285,0.0,-0.0,174.6492,1.5656,stand_3,211.9858,0.0,-0.0,0.0,-0.0,Sidewalk
657.5,123.3529,4.8598,-0.76794,0.0,0.06981,174.6492,1.5656,stand_3,211.9942,0.0,0.06981,0.0,0.06981,Sidewalk
658.0,123.3529,4.8598,-0.76794,0.0,-0.0,174.6492,1.5656,stand_3,211.9858,0.0,-0.0,0.0,-0.0,Sidewalk
658.5,123.3529,4.8598,-0.73304,0.0,0.06981,174.6492,1.5656,stand_3,211.9942,0.0,0.06981,0.0,0.06981,Sidewalk
659.0,123.3529,4.8598,-0.73304,0.0,-0.0,174.6492,1.5656,stand_3,211.9858,0.0,-0.0,0.0,-0.0,Sidewalk
659.5,123.3529,4.8598,-0.69813,0.0,0.06981,174.6492,1.5656,stand_3,211.9942,0.0,0.06981,0.0,0.06981,Sidewalk
660.0,123.3529,4.8598,-0.69813,0.0,-0.0,174.6492,1.5656,stand_3,211.9858,0.0,-0.0,0.0,-0.0,Sidewalk
660.5,123.3529,4.8598,-0.66323,0.0,0.06981,174.6492,1.5656,stand_3,211.9941,0.0,0.06981,0.0,0.06981,Sidewalk
661.0,123.3529,4.8598,-0.66323,0.0,-0.0,174.6492,1.5656,stand_3,211.9858,0.0,-0.0,0.0,-0.0,Sidewalk
661.5,123.3529,4.8598,-0.62832,0.0,0.06981,174.6492,1.5656,stand_3,211.9941,0.0,0.06981,0.0,0.06981,Sidewalk
662.0,123.3529,4.8598,-0.62832,0.0,-0.0,174.6492,1.5656,stand_3,211.9858,0.0,-0.0,0.0,-0.0,Sidewalk
662.5,123.3529,4.8598,-0.59341,0.0,0.06981,174.6492,1.5656,stand_3,211.9941,0.0,0.06981,0.0,0.06981,Sidewalk
663.0,123.3529,4.8598,-0.59341,0.0,-0.0,174.6492,1.5656,stand_3,211.9858,0.0,-0.0,0.0,-0.0,Sidewalk
663.5,123.3529,4.8598,-0.55851,0.0,0.06981,174.6492,1.5656,stand_3,211.9941,0.0,0.06981,0.0,0.06981,Sidewalk
664.0,123.3529,4.8598,-0.55851,0.0,-0.0,174.6492,1.5656,stand_3,211.9858,0.0,-0.0,0.0,-0.0,Sidewalk
664.5,123.3529,4.8598,-0.5236,0.0,0.06981,174.6492,1.5656,stand_3,211.9941,0.0,0.06981,0.0,0.06981,Sidewalk
665.0,123.3529,4.8598,-0.5236,0.0,-0.0,174.6492,1.5656,stand_3,211.9858,0.0,-0.0,0.0,-0.0,Sidewalk
665.5,123.3529,4.8598,-0.48869,0.0,0.06981,174.6492,1.5656,stand_3,211.9941,0.0,0.06981,0.0,0.06981,Sidewalk
666.0,123.3529,4.8598,-0.48869,0.0,-0.0,174.6492,1.5656,stand_3,211.9857,0.0,-0.0,0.0,-0.0,Sidewalk
666.5,123.3529,4.8598,-0.45379,0.0,0.06981,174.6492,1.5656,stand_3,211.9941,0.0,0.06981,0.0,0.06981,Sidewalk
667.0,123.3529,4.8598,-0.45379,0.0,-0.0,174.6492,1.5656,stand_3,211.9857,0.0,-0.0,0.0,-0.0,Sidewalk
667.5,123.3529,4.8598,-0.41888,0.0,0.06981,174.6492,1.5656,stand_3,211.9941,0.0,0.06981,0.0,0.06981,Sidewalk
668.0,123.3529,4.8598,-0.41888,0.0,-0.0,174.6492,1.5656,stand_3,211.9857,0.0,-0.0,0.0,-0.0,Sidewalk
668.5,123.3529,4.8598,-0.38397,0.0,0.06981,174.6492,1.5656,stand_3,211.9941,0.0,0.06981,0.0,0.06981,Sidewalk
669.0,123.3529,4.8598,-0.38397,0.0,-0.0,174.6492,1.5656,stand_3,211.9857,0.0,-0.0,0.0,-0.0,Sidewalk
669.5,123.3529,4.8598,-0.34907,0.0,0.06981,174.6492,1.5656,stand_3,211.9941,0.0,0.06981,0.0,0.06981,Sidewalk
670.0,123.3529,4.8598,-0.34907,0.0,-0.0,174.6492,1.5656,stand_3,211.9857,0.0,-0.0,0.0,-0.0,Sidewalk
670.5,123.3529,4.8598,-0.31416,0.0,0.06981,174.6492,1.5656,stand_3,211.9941,0.0,0.06981,0.0,0.06981,Sidewalk
671.0,123.3529,4.8598,-0.31416,0.0,-0.0,174.6492,1.5656,stand_3,211.9857,0.0,-0.0,0.0,-0.0,Sidewalk
671.5,123.3529,4.8598,-0.27925,0.0,0.06981,174.6492,1.5656,stand_3,211.9941,0.0,0.06981,0.0,0.06981,Sidewalk
672.0,123.3529,4.8598,-0.27925,0.0,-0.0,174.6492,1.5656,stand_3,211.9857,0.0,-0.0,0.0,-0.0,Sidewalk
672.5,123.3529,4.8598,-0.24435,0.0,0.06981,174.6492,1.5656,stand_3,211.9941,0.0,0.06981,0.0,0.06981,Sidewalk
673.0,123.3529,4.8598,-0.24435,0.0,-0.0,174.6492,1.5656,stand_3,211.9857,0.0,-0.0,0.0,-0.0,Sidewalk
673.5,123.3529,4.8598,-0.20944,0.0,0.06981,174.6492,1.5656,stand_3,211.9941,0.0,0.06981,0.0,0.06981,Sidewalk
674.0,123.3529,4.8598,-0.20944,0.0,-0.0,174.6492,1.5656,stand_3,211.9857,0.0,-0.0,0.0,-0.0,Sidewalk
674.5,123.3529,4.8598,-0.17453,0.0,0.06981,174.6492,1.5657,stand_3,211.9941,0.0,0.06981,0.0,0.06981,Sidewalk
675.0,123.3529,4.8598,-0.17453,0.0,-0.0,174.6492,1.5657,stand_3,211.9857,0.0,-0.0,0.0,-0.0,Sidewalk
675.5,123.3529,4.8598,-0.13963,0.0,0.06981,174.6492,1.5657,stand_3,211.9941,0.0,0.06981,0.0,0.06981,Sidewalk
676.0,123.3529,4.8598,-0.13963,0.0,-0.0,174.6492,1.5657,stand_3,211.9857,0.0,-0.0,0.0,-0.0,Sidewalk
676.5,123.3529,4.8598,-0.10472,0.0,0.06981,174.6492,1.5657,stand_3,211.9941,0.0,0.06981,0.0,0.06981,Sidewalk
677.0,123.3529,4.8598,-0.10472,0.0,-0.0,174.6492,1.5657,stand_3,211.9857,0.0,-0.0,0.0,-0.0,Sidewalk
677.5,123.3529,4.8598,-0.06981,0.0,0.06981,174.6492,1.5657,stand_3,211.9941,0.0,0.06981,0.0,0.06981,Sidewalk
678.0,123.3529,4.8598,-0.06981,0.0,-0.0,174.6492,1.5657,stand_3,211.9857,0.0,-0.0,0.0,-0.0,Sidewalk
678.5,123.3529,4.8598,-0.03491,0.0,0.06981,174.6492,1.5657,stand_3,211.9941,0.0,0.06981,0.0,0.06981,Sidewalk
679.0,123.3529,4.8598,-0.03491,0.0,-0.0,174.6492,1.5657,stand_3,211.9857,0.0,-0.0,0.0,-0.0,Sidewalk
679.5,123.3529,4.8598,-0.0,0.0,0.06981,174.6492,1.5657,stand_3,211.9941,0.0,0.06981,0.0,0.06981,Sidewalk
680.0,123.3529,4.8598,-0.0,0.0,-0.0,174.6492,1.5657,stand_3,211.9857,0.0,-0.0,0.0,-0.0,Sidewalk
680.5,123.3529,4.8598,0.03491,0.0,0.06981,174.6492,1.5657,stand_3,211.9941,0.0,0.06981,0.0,0.06981,Sidewalk
681.0,123.3529,4.8598,0.03491,0.0,-0.0,174.6492,1.5657,stand_3,211.9857,0.0,-0.0,0.0,-0.0,Sidewalk
681.5,123.3529,4.8598,0.06981,0.0,0.06981,174.6492,1.5657,stand_3,211.9941,0.0,0.06981,0.0,0.06981,Sidewalk
682.0,123.3529,4.8598,0.06981,0.0,-0.0,174.6492,1.5657,stand_3,211.9857,0.0,-0.0,0.0,-0.0,Sidewalk
682.5,123.3529,4.8598,0.10472,0.0,0.06981,174.6492,1.5657,stand_3,211.9941,0.0,0.06981,0.0,0.06981,Sidewalk
683.0,123.3529,4.8598,0.10472,0.0,-0.0,174.6492,1.5657,stand_3,211.9857,0.0,-0.0,0.0,-0.0,Sidewalk
683.5,123.3529,4.8598,0.13963,0.0,0.06981,174.6492,1.5657,stand_3,211.994,0.0,0.06981,0.0,0.06981,Sidewalk
684.0,123.3529,4.8598,0.13963,0.0,-0.0,174.6492,1.5657,stand_3,211.9857,0.0,-0.0,0.0,-0.0,Sidewalk
684.5,123.3529,4.8598,0.17453,0.0,0.06981,174.6492,1.5657,stand_3,211.994,0.0,0.06981,0.0,0.06981,Sidewalk
685.0,123.3529,4.8598,0.17453,0.0,-0.0,174.6492,1.5657,stand_3,211.9857,0.0,-0.0,0.0,-0.0,Sidewalk
685.5,123.3529,4.8598,0.20944,0.0,0.06981,174.6492,1.5657,stand_3,211.994,0.0,0.06981,0.0,0.06981,Sidewalk
686.0,123.3529,4.8598,0.20944,0.0,-0.0,174.6492,1.5657,stand_3,211.9857,0.0,-0.0,0.0,-0.0,Sidewalk
686.5,123.3529,4.8598,0.24435,0.0,0.06981,174.6492,1.5657,stand_3,211.994,0.0,0.06981,0.0,0.06981,Sidewalk
687.0,123.3529,4.8598,0.24435,0.0,-0.0,174.6492,1.5657,stand_3,211.9857,0.0,-0.0,0.0,-0.0,Sidewalk
687.5,123.3529,4.8598,0.27925,0.0,0.06981,174.6492,1.5657,stand_3,211.994,0.0,0.06981,0.0,0.06981,Sidewalk
688.0,123.3529,4.8598,0.27925,0.0,-0.0,174.6492,1.5657,stand_3,211.9857,0.0,-0.0,0.0,-0.0,Sidewalk
688.5,123.3529,4.8598,0.31416,0.0,0.06981,174.6492,1.5657,stand_3,211.994,0.0,0.06981,0.0,0.06981,Sidewalk
689.0,123.3529,4.8598,0.31416,0.0,-0.0,174.6492,1.5657,stand_3,211.9857,0.0,-0.0,0.0,-0.0,Sidewalk
689.5,123.3529,4.8598,0.34907,0.0,0.06981,174.6492,1.5657,stand_3,211.994,0.0,0.06981,0.0,0.06981,Sidewalk
690.0,123.3529,4.8598,0.34907,0.0,-0.0,174.6492,1.5657,stand_3,211.9856,0.0,-0.0,0.0,-0.0,Sidewalk
690.5,123.3529,4.8598,0.38397,0.0,0.06981,174.6492,1.5657,stand_3,211.994,0.0,0.06981,0.0,0.06981,Sidewalk
691.0,123.3529,4.8598,0.38397,0.0,-0.0,174.6492,1.5657,stand_3,211.9856,0.0,-0.0,0.0,-0.0,Sidewalk
691.5,123.3529,4.8598,0.41888,0.0,0.06981,174.6492,1.5657,stand_3,211.994,0.0,0.06981,0.0,0.06981,Sidewalk
692.0,123.3529,4.8598,0.41888,0.0,-0.0,174.6492,1.5657,stand_3,211.9856,0.0,-0.0,0.0,-0.0,Sidewalk
692.5,123.3529,4.8598,0.45379,0.0,0.06981,174.6492,1.5657,stand_3,211.994,0.0,0.06981,0.0,0.06981,Sidewalk
693.0,123.3529,4.8598,0.45379,0.0,-0.0,174.6492,1.5657,stand_3,211.9856,0.0,-0.0,0.0,-0.0,Sidewalk
693.5,123.3529,4.8598,0.48869,0.0,0.06981,174.6492,1.5657,stand_3,211.994,0.0,0.06981,0.0,0.06981,Sidewalk
694.0,123.3529,4.8598,0.48869,0.0,-0.0,174.6492,1.5657,stand_3,211.9856,0.0,-0.0,0.0,-0.0,Sidewalk
694.5,123.3529,4.8598,0.5236,0.0,0.06981,174.6492,1.5657,stand_3,211.994,0.0,0.06981,0.0,0.06981,Sidewalk
695.0,123.3529,4.8598,0.5236,0.0,-0.0,174.6492,1.5657,stand_3,211.9856,0.0,-0.0,0.0,-0.0,Sidewalk
695.5,123.3529,4.8598,0.55851,0.0,0.06981,174.6492,1.5657,stand_3,211.994,0.0,0.06981,0.0,0.06981,Sidewalk
696.0,123.3529,4.8598,0.55851,0.0,-0.0,174.6492,1.5657,stand_3,211.9856,0.0,-0.0,0.0,-0.0,Sidewalk
696.5,123.3529,4.8598,0.59341,0.0,0.06981,174.6492,1.5657,stand_3,211.994,0.0,0.06981,0.0,0.06981,Sidewalk
697.0,123.3529,4.8598,0.59341,0.0,-0.0,174.6492,1.5657,stand_3,211.9856,0.0,-0.0,0.0,-0.0,Sidewalk
697.5,123.3529,4.8598,0.62832,0.0,0.06981,174.6492,1.5657,stand_3,211.994,0.0,0.06981,0.0,0.06981,Sidewalk
698.0,123.3529,4.8598,0.62832,0.0,-0.0,174.6492,1.5657,stand_3,211.9856,0.0,-0.0,0.0,-0.0,Sidewalk
698.5,123.3529,4.8598,0.66323,0.0,0.06981,174.6492,1.5657,stand_3,211.994,0.0,0.06981,0.0,0.06981,Sidewalk
699.0,123.3529,4.8598,0.66323,0.0,-0.0,174.6492,1.5657,stand_3,211.9856,0.0,-0.0,0.0,-0.0,Sidewalk
699.5,123.3529,4.8598,0.69813,0.0,0.06981,174.6492,1.5657,stand_3,211.994,0.0,0.06981,0.0,0.06981,Sidewalk
700.0,123.3529,4.8598,0.69813,0.0,-0.0,174.6492,1.5657,stand_3,211.9856,0.0,-0.0,0.0,-0.0,Sidewalk
700.5,123.3529,4.8598,0.73304,0.0,0.06981,174.6492,1.5657,stand_3,211.994,0.0,0.06981,0.0,0.06981,Sidewalk
701.0,123.3529,4.8598,0.73304,0.0,-0.0,174.6492,1.5657,stand_3,211.9856,0.0,-0.0,0.0,-0.0,Sidewalk
701.5,123.3529,4.8598,0.76794,0.0,0.06981,174.6492,1.5657,stand_3,211.994,0.0,0.06981,0.0,0.06981,Sidewalk
702.0,123.3529,4.8598,0.76794,0.0,-0.0,174.6492,1.5657,stand_3,211.9856,0.0,-0.0,0.0,-0.0,Sidewalk
702.5,123.3529,4.8598,0.80285,0.0,0.06981,174.6492,1.5657,stand_3,211.994,0.0,0.06981,0.0,0.06981,Sidewalk
703.0,123.3529,4.8598,0.80285,0.0,-0.0,174.6492,1.5657,stand_3,211.9856,0.0,-0.0,0.0,-0.0,Sidewalk
703.5,123.3529,4.8598,0.83776,0.0,0.06981,174.6492,1.5657,stand_3,211.994,0.0,0.06981,0.0,0.06981,Sidewalk
704.0,123.3529,4.8598,0.83776,0.0,-0.0,174.6492,1.5657,stand_3,211.9856,0.0,-0.0,0.0,-0.0,Sidewalk
704.5,123.3529,4.8598,0.87266,0.0,0.06981,174.6492,1.5657,stand_3,211.994,0.0,0.06981,0.0,0.06981,Sidewalk
705.0,123.3529,4.8598,0.87266,0.0,-0.0,174.6492,1.5657,stand_3,211.9856,0.0,-0.0,0.0,-0.0,Sidewalk
705.5,123.3529,4.8598,0.90757,0.0,0.06981,174.6492,1.5657,stand_3,211.994,0.0,0.06981,0.0,0.06981,Sidewalk
706.0,123.3529,4.8598,0.90757,0.0,-0.0,174.6492,1.5657,stand_3,211.9856,0.0,-0.0,0.0,-0.0,Sidewalk
706.5,123.3529,4.8598,0.94248,0.0,0.06981,174.6492,1.5657,stand_3,211.994,0.0,0.06981,0.0,0.06981,Sidewalk
707.0,123.3529,4.8598,0.94248,0.0,-0.0,174.6492,1.5657,stand_3,211.9856,0.0,-0.0,0.0,-0.0,Sidewalk
707.5,123.3529,4.8598,0.97738,0.0,0.06981,174.6492,1.5657,stand_3,211.9939,0.0,0.06981,0.0,0.06981,Sidewalk
708.0,123.3529,4.8598,0.97738,0.0,-0.0,174.6492,1.5657,stand_3,211.9856,0.0,-0.0,0.0,-0.0,Sidewalk
708.5,123.3529,4.8598,1.01229,0.0,0.06981,174.6492,1.5657,stand_3,211.9939,0.0,0.06981,0.0,0.06981,Sidewalk
709.0,123.3529,4.8598,1.01229,0.0,-0.0,174.6492,1.5657,stand_3,211.9856,0.0,-0.0,0.0,-0.0,Sidewalk
709.5,123.3529,4.8598,1.0472,0.0,0.06981,174.6492,1.5657,stand_3,211.9939,0.0,0.06981,0.0,0.06981,Sidewalk
710.0,123.3529,4.8598,1.0472,0.0,-0.0,174.6492,1.5657,stand_3,211.9856,0.0,-0.0,0.0,-0.0,Sidewalk
710.5,123.3529,4.8598,1.0821,0.0,0.06981,174.6492,1.5657,stand_3,211.9939,0.0,0.06981,0.0,0.06981,Sidewalk
711.0,123.3529,4.8598,1.0821,0.0,-0.0,174.6492,1.5657,stand_3,211.9855,0.0,-0.0,0.0,-0.0,Sidewalk
711.5,123.3529,4.8598,1.11701,0.0,0.06981,174.6492,1.5657,stand_3,211.9939,0.0,0.06981,0.0,0.06981,Sidewalk
712.0,123.3529,4.8598,1.11701,0.0,-0.0,174.6492,1.5657,stand_3,211.9855,0.0,-0.0,0.0,-0.0,Sidewalk
712.5,123.3529,4.8598,1.15192,0.0,0.06981,174.6492,1.5657,stand_3,211.9939,0.0,0.06981,0.0,0.06981,Sidewalk
713.0,123.3529,4.8598,1.15192,0.0,-0.0,174.6492,1.5657,stand_3,211.9855,0.0,-0.0,0.0,-0.0,Sidewalk
713.5,123.3529,4.8598,1.18682,0.0,0.06981,174.6492,1.5657,stand_3,211.9939,0.0,0.06981,0.0,0.06981,Sidewalk
714.0,123.3529,4.8598,1.18682,0.0,-0.0,174.6492,1.5657,stand_3,211.9855,0.0,-0.0,0.0,-0.0,Sidewalk
714.5,123.3529,4.8598,1.22173,0.0,0.06981,174.6492,1.5657,stand_3,211.9939,0.0,0.06981,0.0,0.06981,Sidewalk
715.0,123.3529,4.8598,1.22173,0.0,-0.0,174.6492,1.5657,stand_3,211.9855,0.0,-0.0,0.0,-0.0,Sidewalk
715.5,123.3529,4.8598,1.25664,0.0,0.06981,174.6492,1.5657,stand_3,211.9939,0.0,0.06981,0.0,0.06981,Sidewalk
716.0,123.3529,4.8598,1.25664,0.0,-0.0,174.6492,1.5658,stand_3,211.9855,0.0,-0.0,0.0,-0.0,Sidewalk
716.5,123.3529,4.8598,1.29154,0.0,0.06981,174.6492,1.5658,stand_3,211.9939,0.0,0.06981,0.0,0.06981,Sidewalk
717.0,123.3529,4.8598,1.29154,0.0,-0.0,174.6492,1.5658,stand_3,211.9855,0.0,-0.0,0.0,-0.0,Sidewalk
717.5,123.3529,4.8598,1.32645,0.0,0.06981,174.6492,1.5658,stand_3,211.9939,0.0,0.06981,0.0,0.06981,Sidewalk
718.0,123.3529,4.8598,1.32645,0.0,-0.0,174.6492,1.5658,stand_3,211.9855,0.0,-0.0,0.0,-0.0,Sidewalk
718.5,123.3529,4.8598,1.36136,0.0,0.06981,174.6492,1.5658,stand_3,211.9939,0.0,0.06981,0.0,0.06981,Sidewalk
719.0,123.3529,4.8598,1.36136,0.0,-0.0,174.6492,1.5658,stand_3,211.9855,0.0,-0.0,0.0,-0.0,Sidewalk
719.5,123.3529,4.8598,1.39626,0.0,0.06981,174.6492,1.5658,stand_3,211.9939,0.0,0.06981,0.0,0.06981,Sidewalk
720.0,123.3529,4.8598,1.39626,0.0,-0.0,174.6492,1.5658,stand_3,211.9855,0.0,-0.0,0.0,-0.0,Sidewalk
720.5,123.3529,4.8598,1.43117,0.0,0.06981,174.6492,1.5658,stand_3,211.9939,0.0,0.06981,0.0,0.06981,Sidewalk
721.0,123.3529,4.8598,1.43117,0.0,-0.0,174.6492,1.5658,stand_3,211.9855,0.0,-0.0,0.0,-0.0,Sidewalk
721.5,123.3529,4.8598,1.46608,0.0,0.06981,174.6492,1.5658,stand_3,211.9939,0.0,0.06981,0.0,0.06981,Sidewalk
722.0,123.3529,4.8598,1.46608,0.0,-0.0,174.6492,1.5658,stand_3,211.9855,0.0,-0.0,0.0,-0.0,Sidewalk
722.5,123.3529,4.8598,1.50098,0.0,0.06981,174.6492,1.5658,stand_3,211.9939,0.0,0.06981,0.0,0.06981,Sidewalk
723.0,123.3529,4.8598,1.50098,0.0,-0.0,174.6492,1.5658,stand_3,211.9855,0.0,-0.0,0.0,-0.0,Sidewalk
723.5,123.3529,4.8598,1.53589,0.0,0.06981,174.6492,1.5658,stand_3,211.9939,0.0,0.06981,0.0,0.06981,Sidewalk
724.0,123.3529,4.8598,1.53589,0.0,-0.0,174.6492,1.5658,stand_3,211.9855,0.0,-0.0,0.0,-0.0,Sidewalk
724.5,123.3529,4.8598,1.5708,0.0,0.06981,174.6492,1.5658,stand_3,211.9939,0.0,0.06981,0.0,0.06981,Sidewalk
725.0,123.3529,4.8598,1.5708,0.0,-0.0,174.6492,1.5658,stand_3,211.9855,0.0,-0.0,0.0,-0.0,Sidewalk
725.5,123.3529,4.8598,1.6057,0.0,0.06981,174.6492,1.5658,stand_3,211.9939,0.0,0.06981,0.0,0.06981,Sidewalk
726.0,123.3529,4.8598,1.6057,0.0,-0.0,174.6492,1.5658,stand_3,211.9855,0.0,-0.0,0.0,-0.0,Sidewalk
726.5,123.3529,4.8598,1.64061,0.0,0.06981,174.6492,1.5658,stand_3,211.9939,0.0,0.06981,0.0,0.06981,Sidewalk
727.0,123.3529,4.8598,1.64061,0.0,-0.0,174.6492,1.5658,stand_3,211.9855,0.0,-0.0,0.0,-0.0,Sidewalk
727.5,123.3529,4.8598,1.67552,0.0,0.06981,174.6492,1.5658,stand_3,211.9939,0.0,0.06981,0.0,0.06981,Sidewalk
728.0,123.3529,4.8598,1.67552,0.0,-0.0,174.6492,1.5658,stand_3,211.9855,0.0,-0.0,0.0,-0.0,Sidewalk
728.5,123.3529,4.8598,1.71042,0.0,0.06981,174.6492,1.5658,stand_3,211.9938,0.0,0.06981,0.0,0.06981,Sidewalk
729.0,123.3529,4.8598,1.71042,0.0,-0.0,174.6492,1.5658,stand_3,211.9855,0.0,-0.0,0.0,-0.0,Sidewalk
729.5,123.3529,4.8598,1.74533,0.0,0.06981,174.6492,1.5658,stand_3,211.9938,0.0,0.06981,0.0,0.06981,Sidewalk
730.0,123.3529,4.8598,1.74533,0.0,-0.0,174.6492,1.5658,stand_3,211.9855,0.0,-0.0,0.0,-0.0,Sidewalk
730.5,123.3529,4.8598,1.78024,0.0,0.06981,174.6492,1.5658,stand_3,211.9938,0.0,0.06981,0.0,0.06981,Sidewalk
731.0,123.3529,4.8598,1.78024,0.0,-0.0,174.6492,1.5658,stand_3,211.9855,0.0,-0.0,0.0,-0.0,Sidewalk
731.5,123.3529,4.8598,1.81514,0.0,0.06981,174.6492,1.5658,stand_3,211.9938,0.0,0.06981,0.0,0.06981,Sidewalk
732.0,123.3529,4.8598,1.81514,0.0,-0.0,174.6492,1.5658,stand_3,211.9855,0.0,-0.0,0.0,-0.0,Sidewalk
732.5,123.3529,4.8598,1.85005,0.0,0.06981,174.6492,1.5658,stand_3,211.9938,0.0,0.06981,0.0,0.06981,Sidewalk
733.0,123.3529,4.8598,1.85005,0.0,-0.0,174.6492,1.5658,stand_3,211.9855,0.0,-0.0,0.0,-0.0,Sidewalk
733.5,123.3529,4.8598,1.88496,0.0,0.06981,174.6492,1.5658,stand_3,211.9938,0.0,0.06981,0.0,0.06981,Sidewalk
734.0,123.3529,4.8598,1.88496,0.0,-0.0,174.6492,1.5658,stand_3,211.9854,0.0,-0.0,0.0,-0.0,Sidewalk
734.5,123.3529,4.8598,1.91986,0.0,0.06981,174.6492,1.5658,stand_3,211.9938,0.0,0.06981,0.0,0.06981,Sidewalk
735.0,123.3529,4.8598,1.91986,0.0,-0.0,174.6492,1.5658,stand_3,211.9854,0.0,-0.0,0.0,-0.0,Sidewalk
735.5,123.3529,4.8598,1.95477,0.0,0.06981,174.6492,1.5658,stand_3,211.9938,0.0,0.06981,0.0,0.06981,Sidewalk
736.0,123.3529,4.8598,1.95477,0.0,-0.0,174.6492,1.5658,stand_3,211.9854,0.0,-0.0,0.0,-0.0,Sidewalk
736.5,123.3529,4.8598,1.98968,0.0,0.06981,174.6492,1.5658,stand_3,211.9938,0.0,0.06981,0.0,0.06981,Sidewalk
737.0,123.3529,4.8598,1.98968,0.0,-0.0,174.6492,1.5658,stand_3,211.9854,0.0,-0.0,0.0,-0.0,Sidewalk
737.5,123.3529,4.8598,2.02458,0.0,0.06981,174.6492,1.5658,stand_3,211.9938,0.0,0.06981,0.0,0.06981,Sidewalk
738.0,123.3529,4.8598,2.02458,0.0,-0.0,174.6492,1.5658,stand_3,211.9854,0.0,-0.0,0.0,-0.0,Sidewalk
738.5,123.3529,4.8598,2.05949,0.0,0.06981,174.6492,1.5658,stand_3,211.9938,0.0,0.06981,0.0,0.06981,Sidewalk
739.0,123.3529,4.8598,2.05949,0.0,-0.0,174.6492,1.5658,stand_3,211.9854,0.0,-0.0,0.0,-0.0,Sidewalk
739.5,123.3529,4.8598,2.0944,0.0,0.06981,174.6492,1.5658,stand_3,211.9938,0.0,0.06981,0.0,0.06981,Sidewalk
740.0,123.3529,4.8598,2.0944,0.0,-0.0,174.6492,1.5658,stand_3,211.9854,0.0,-0.0,0.0,-0.0,Sidewalk
740.5,123.3529,4.8598,2.1293,0.0,0.06981,174.6492,1.5658,stand_3,211.9938,0.0,0.06981,0.0,0.06981,Sidewalk
741.0,123.3529,4.8598,2.1293,0.0,-0.0,174.6492,1.5658,stand_3,211.9854,0.0,-0.0,0.0,-0.0,Sidewalk
741.5,123.3529,4.8598,2.16421,0.0,0.06981,174.6492,1.5658,stand_3,211.9938,0.0,0.06981,0.0,0.06981,Sidewalk
742.0,123.3529,4.8598,2.16421,0.0,-0.0,174.6492,1.5658,stand_3,211.9854,0.0,-0.0,0.0,-0.0,Sidewalk
742.5,123.3529,4.8598,2.19911,0.0,0.06981,174.6492,1.5658,stand_3,211.9938,0.0,0.06981,0.0,0.06981,Sidewalk
743.0,123.3529,4.8598,2.19911,0.0,-0.0,174.6492,1.5658,stand_3,211.9854,0.0,-0.0,0.0,-0.0,Sidewalk
743.5,123.3529,4.8598,2.23402,0.0,0.06981,174.6492,1.5658,stand_3,211.9938,0.0,0.06981,0.0,0.06981,Sidewalk
744.0,123.3529,4.8598,2.23402,0.0,-0.0,174.6492,1.5658,stand_3,211.9854,0.0,-0.0,0.0,-0.0,Sidewalk
744.5,123.3529,4.8598,2.26893,0.0,0.06981,174.6492,1.5658,stand_3,211.9938,0.0,0.06981,0.0,0.06981,Sidewalk
745.0,123.3529,4.8598,2.26893,0.0,-0.0,174.6492,1.5658,stand_3,211.9854,0.0,-0.0,0.0,-0.0,Sidewalk
745.5,123.3529,4.8598,2.30383,0.0,0.06981,174.6492,1.5658,stand_3,211.9938,0.0,0.06981,0.0,0.06981,Sidewalk
746.0,123.3529,4.8598,2.30383,0.0,-0.0,174.6492,1.5658,stand_3,211.9854,0.0,-0.0,0.0,-0.0,Sidewalk
746.5,123.3529,4.8598,2.33874,0.0,0.06981,174.6492,1.5658,stand_3,211.9938,0.0,0.06981,0.0,0.06981,Sidewalk
747.0,123.3529,4.8598,2.33874,0.0,-0.0,174.6492,1.5658,stand_3,211.9854,0.0,-0.0,0.0,-0.0,Sidewalk
747.5,123.3529,4.8598,2.37365,0.0,0.06981,174.6492,1.5658,stand_3,211.9938,0.0,0.06981,0.0,0.06981,Sidewalk
748.0,123.3529,4.8598,2.37365,0.0,-0.0,174.6492,1.5658,stand_3,211.9854,0.0,-0.0,0.0,-0.0,Sidewalk
748.5,123.3529,4.8598,2.40855,0.0,0.06981,174.6492,1.5658,stand_3,211.9938,0.0,0.06981,0.0,0.06981,Sidewalk
749.0,123.3529,4.8598,2.40855,0.0,-0.0,174.6492,1.5658,stand_3,211.9854,0.0,-0.0,0.0,-0.0,Sidewalk
749.5,123.3529,4.8598,2.44346,0.0,0.06981,174.6492,1.5658,stand_3,211.9938,0.0,0.06981,0.0,0.06981,Sidewalk
750.0,123.3529,4.8598,2.44346,0.0,-0.0,174.6492,1.5658,stand_3,211.9854,0.0,-0.0,0.0,-0.0,Sidewalk
750.5,123.3529,4.8598,2.47837,0.0,0.06981,174.6492,1.5658,stand_3,211.9938,0.0,0.06981,0.0,0.06981,Sidewalk
751.0,123.3529,4.8598,2.47837,0.0,-0.0,174.6492,1.5658,stand_3,211.9854,0.0,-0.0,0.0,-0.0,Sidewalk
751.5,123.3529,4.8598,2.51327,0.0,0.06981,174.6492,1.5658,stand_3,211.9937,0.0,0.06981,0.0,0.06981,Sidewalk
752.0,123.3529,4.8598,2.51327,0.0,-0.0,174.6492,1.5658,stand_3,211.9854,0.0,-0.0,0.0,-0.0,Sidewalk
752.5,123.3529,4.8598,2.54818,0.0,0.06981,174.6492,1.5658,stand_3,211.9937,0.0,0.06981,0.0,0.06981,Sidewalk
753.0,123.3529,4.8598,2.54818,0.0,-0.0,174.6492,1.5658,stand_3,211.9854,0.0,-0.0,0.0,-0.0,Sidewalk
753.5,123.3529,4.8598,2.58309,0.0,0.06981,174.6492,1.5658,stand_3,211.9937,0.0,0.06981,0.0,0.06981,Sidewalk
754.0,123.3529,4.8598,2.58309,0.0,-0.0,174.6492,1.5658,stand_3,211.9854,0.0,-0.0,0.0,-0.0,Sidewalk
754.5,123.3529,4.8598,2.61799,0.0,0.06981,174.6492,1.5658,stand_3,211.9937,0.0,0.06981,0.0,0.06981,Sidewalk
755.0,123.3529,4.8598,2.61799,0.0,-0.0,174.6492,1.5658,stand_3,211.9853,0.0,-0.0,0.0,-0.0,Sidewalk
755.5,123.3529,4.8598,2.6529,0.0,0.06981,174.6492,1.5658,stand_3,211.9937,0.0,0.06981,0.0,0.06981,Sidewalk
756.0,123.3529,4.8598,2.6529,0.0,-0.0,174.6492,1.5659,stand_3,211.9853,0.0,-0.0,0.0,-0.0,Sidewalk
756.5,123.3529,4.8598,2.68781,0.0,0.06981,174.6492,1.5659,stand_3,211.9937,0.0,0.06981,0.0,0.06981,Sidewalk
757.0,123.3529,4.8598,2.68781,0.0,-0.0,174.6492,1.5659,stand_3,211.9853,0.0,-0.0,0.0,-0.0,Sidewalk
757.5,123.3529,4.8598,2.72271,0.0,0.06981,174.6492,1.5659,stand_3,211.9937,0.0,0.06981,0.0,0.06981,Sidewalk
758.0,123.3529,4.8598,2.72271,0.0,-0.0,174.6492,1.5659,stand_3,211.9853,0.0,-0.0,0.0,-0.0,Sidewalk
758.5,123.3529,4.8598,2.75762,0.0,0.06981,174.6492,1.5659,stand_3,211.9937,0.0,0.06981,0.0,0.06981,Sidewalk
759.0,123.3529,4.8598,2.75762,0.0,-0.0,174.6492,1.5659,stand_3,211.9853,0.0,-0.0,0.0,-0.0,Sidewalk
759.5,123.3529,4.8598,2.79253,0.0,0.06981,174.6492,1.5659,stand_3,211.9937,0.0,0.06981,0.0,0.06981,Sidewalk
760.0,123.3529,4.8598,2.79253,0.0,-0.0,174.6492,1.5659,stand_3,211.9853,0.0,-0.0,0.0,-0.0,Sidewalk
760.5,123.3529,4.8598,2.82743,0.0,0.06981,174.6492,1.5659,stand_3,211.9937,0.0,0.06981,0.0,0.06981,Sidewalk
761.0,123.3529,4.8598,2.82743,0.0,-0.0,174.6492,1.5659,stand_3,211.9853,0.0,-0.0,0.0,-0.0,Sidewalk
761.5,123.3529,4.8598,2.86234,0.0,0.06981,174.6492,1.5659,stand_3,211.9937,0.0,0.06981,0.0,0.06981,Sidewalk
762.0,123.3529,4.8598,2.86234,0.0,-0.0,174.6492,1.5659,stand_3,211.9853,0.0,-0.0,0.0,-0.0,Sidewalk
762.5,123.3529,4.8598,2.89725,0.0,0.06981,174.6492,1.5659,stand_3,211.9937,0.0,0.06981,0.0,0.06981,Sidewalk
763.0,123.3529,4.8598,2.89725,0.0,-0.0,174.6492,1.5659,stand_3,211.9853,0.0,-0.0,0.0,-0.0,Sidewalk
763.5,123.3529,4.8598,2.93215,0.0,0.06981,174.6492,1.5659,stand_3,211.9937,0.0,0.06981,0.0,0.06981,Sidewalk
764.0,123.3529,4.8598,2.93215,0.0,-0.0,174.6492,1.5659,stand_3,211.9853,0.0,-0.0,0.0,-0.0,Sidewalk
764.5,123.3529,4.8598,2.96706,0.0,0.06981,174.6492,1.5659,stand_3,211.9937,0.0,0.06981,0.0,0.06981,Sidewalk
765.0,123.3529,4.8598,2.96706,0.0,-0.0,174.6492,1.5659,stand_3,211.9853,0.0,-0.0,0.0,-0.0,Sidewalk
765.5,123.3529,4.8598,3.00197,0.0,0.06981,174.6492,1.5659,stand_3,211.9937,0.0,0.06981,0.0,0.06981,Sidewalk
766.0,123.3529,4.8598,3.00197,0.0,-0.0,174.6492,1.5659,stand_3,211.9853,0.0,-0.0,0.0,-0.0,Sidewalk
766.5,123.3529,4.8598,3.03687,0.0,0.06981,174.6492,1.5659,stand_3,211.9937,0.0,0.06981,0.0,0.06981,Sidewalk
767.0,123.3529,4.8598,3.03687,0.0,-0.0,174.6492,1.5659,stand_3,211.9853,0.0,-0.0,0.0,-0.0,Sidewalk
767.5,123.3529,4.8598,3.07178,0.0,0.06981,174.6492,1.5659,stand_3,211.9937,0.0,0.06981,0.0,0.06981,Sidewalk
768.0,123.3529,4.8598,3.07178,0.0,-0.0,174.6492,1.5659,stand_3,211.9853,0.0,-0.0,0.0,-0.0,Sidewalk
768.5,123.3529,4.8598,3.10669,0.0,0.06981,174.6492,1.5659,stand_3,211.9937,0.0,0.06981,0.0,0.06981,Sidewalk
769.0,123.3529,4.8598,3.10669,0.0,-0.0,174.6492,1.5659,stand_3,211.9853,0.0,-0.0,0.0,-0.0,Sidewalk
769.5,123.3529,4.8598,3.14159,0.0,0.06981,174.6492,1.5659,stand_3,211.9937,0.0,0.06981,0.0,0.06981,Sidewalk
770.0,123.3529,4.8598,3.14159,0.0,-0.0,174.6492,1.5659,stand_3,211.9853,0.0,-0.0,0.0,-0.0,Sidewalk
770.5,123.3529,4.8598,-3.10669,0.0,0.06981,174.6492,1.5659,stand_3,211.9936,0.0,0.06981,0.0,0.06981,Sidewalk
771.0,123.3529,4.8598,-3.10669,0.0,-0.0,174.6492,1.5659,stand_3,211.9853,0.0,-0.0,0.0,-0.0,Sidewalk
771.5,123.3529,4.8598,-3.07178,0.0,0.06981,174.6492,1.5659,stand_3,211.9936,0.0,0.06981,0.0,0.06981,Sidewalk
772.0,123.3529,4.8598,-3.07178,0.0,-0.0,174.6492,1.5659,stand_3,211.9853,0.0,-0.0,0.0,-0.0,Sidewalk
772.5,123.3529,4.8598,-3.03687,0.0,0.06981,174.6492,1.5659,stand_3,211.9936,0.0,0.06981,0.0,0.06981,Sidewalk
773.0,123.3529,4.8598,-3.03687,0.0,-0.0,174.6492,1.5659,stand_3,211.9853,0.0,-0.0,0.0,-0.0,Sidewalk
773.5,123.3529,4.8598,-3.00197,0.0,0.06981,174.6492,1.5659,stand_3,211.9936,0.0,0.06981,0.0,0.06981,Sidewalk
774.0,123.3529,4.8598,-3.00197,0.0,-0.0,174.6492,1.5659,stand_3,211.9852,0.0,-0.0,0.0,-0.0,Sidewalk
774.5,123.3529,4.8598,-2.96706,0.0,0.06981,174.6492,1.5659,stand_3,211.9936,0.0,0.06981,0.0,0.06981,Sidewalk
775.0,123.3529,4.8598,-2.96706,0.0,-0.0,174.6492,1.5659,stand_3,211.9852,0.0,-0.0,0.0,-0.0,Sidewalk
775.5,123.3529,4.8598,-2.93215,0.0,0.06981,174.6492,1.5659,stand_3,211.9936,0.0,0.06981,0.0,0.06981,Sidewalk
776.0,123.3529,4.8598,-2.93215,0.0,-0.0,174.6492,1.5659,stand_3,211.9852,0.0,-0.0,0.0,-0.0,Sidewalk
776.5,123.3529,4.8598,-2.89725,0.0,0.06981,174.6492,1.5659,stand_3,211.9936,0.0,0.06981,0.0,0.06981,Sidewalk
777.0,123.3529,4.8598,-2.89725,0.0,-0.0,174.6492,1.5659,stand_3,211.9852,0.0,-0.0,0.0,-0.0,Sidewalk
777.5,123.3529,4.8598,-2.86234,0.0,0.06981,174.6492,1.5659,stand_3,211.9936,0.0,0.06981,0.0,0.06981,Sidewalk
778.0,123.3529,4.8598,-2.86234,0.0,-0.0,174.6492,1.5659,stand_3,211.9852,0.0,-0.0,0.0,-0.0,Sidewalk
778.5,123.3529,4.8598,-2.82743,0.0,0.06981,174.6492,1.5659,stand_3,211.9936,0.0,0.06981,0.0,0.06981,Sidewalk
779.0,123.3529,4.8598,-2.82743,0.0,-0.0,174.6492,1.5659,stand_3,211.9852,0.0,-0.0,0.0,-0.0,Sidewalk
779.5,123.3529,4.8598,-2.79253,0.0,0.06981,174.6492,1.5659,stand_3,211.9936,0.0,0.06981,0.0,0.06981,Sidewalk
780.0,123.3529,4.8598,-2.79253,0.0,-0.0,174.6492,1.5659,stand_3,211.9852,0.0,-0.0,0.0,-0.0,Sidewalk
780.5,123.3529,4.8598,-2.75762,0.0,0.06981,174.6492,1.5659,stand_3,211.9936,0.0,0.06981,0.0,0.06981,Sidewalk
781.0,123.3529,4.8598,-2.75762,0.0,-0.0,174.6492,1.5659,stand_3,211.9852,0.0,-0.0,0.0,-0.0,Sidewalk
781.5,123.3529,4.8598,-2.72271,0.0,0.06981,174.6492,1.5659,stand_3,211.9936,0.0,0.06981,0.0,0.06981,Sidewalk
782.0,123.3529,4.8598,-2.72271,0.0,-0.0,174.6492,1.5659,stand_3,211.9852,0.0,-0.0,0.0,-0.0,Sidewalk
782.5,123.3529,4.8598,-2.68781,0.0,0.06981,174.6492,1.5659,stand_3,211.9936,0.0,0.06981,0.0,0.06981,Sidewalk
783.0,123.3529,4.8598,-2.68781,0.0,-0.0,174.6492,1.5659,stand_3,211.9852,0.0,-0.0,0.0,-0.0,Sidewalk
783.5,123.3529,4.8598,-2.6529,0.0,0.06981,174.6492,1.5659,stand_3,211.9936,0.0,0.06981,0.0,0.06981,Sidewalk
784.0,123.3529,4.8598,-2.6529,0.0,-0.0,174.6492,1.5659,stand_3,211.9852,0.0,-0.0,0.0,-0.0,Sidewalk
784.5,123.3529,4.8598,-2.61799,0.0,0.06981,174.6492,1.5659,stand_3,211.9936,0.0,0.06981,0.0,0.06981,Sidewalk
785.0,123.3529,4.8598,-2.61799,0.0,-0.0,174.6492,1.5659,stand_3,211.9852,0.0,-0.0,0.0,-0.0,Sidewalk
785.5,123.3529,4.8598,-2.58309,0.0,0.06981,174.6492,1.5659,stand_3,211.9936,0.0,0.06981,0.0,0.06981,Sidewalk
786.0,123.3529,4.8598,-2.58309,0.0,-0.0,174.6492,1.5659,stand_3,211.9852,0.0,-0.0,0.0,-0.0,Sidewalk
786.5,123.3529,4.8598,-2.54818,0.0,0.06981,174.6492,1.5659,stand_3,211.9936,0.0,0.06981,0.0,0.06981,Sidewalk
787.0,123.3529,4.8598,-2.54818,0.0,-0.0,174.6492,1.5659,stand_3,211.9852,0.0,-0.0,0.0,-0.0,Sidewalk
787.5,123.3529,4.8598,-2.51327,0.0,0.06981,174.6492,1.5659,stand_3,211.9936,0.0,0.06981,0.0,0.06981,Sidewalk
788.0,123.3529,4.8598,-2.51327,0.0,-0.0,174.6492,1.5659,stand_3,211.9852,0.0,-0.0,0.0,-0.0,Sidewalk
788.5,123.3529,4.8598,-2.47837,0.0,0.06981,174.6492,1.5659,stand_3,211.9936,0.0,0.06981,0.0,0.06981,Sidewalk
789.0,123.3529,4.8598,-2.47837,0.0,-0.0,174.6492,1.5659,stand_3,211.9852,0.0,-0.0,0.0,-0.0,Sidewalk
789.5,123.3529,4.8598,-2.44346,0.0,0.06981,174.6492,1.5659,stand_3,211.9936,0.0,0.06981,0.0,0.06981,Sidewalk
790.0,123.3529,4.8598,-2.44346,0.0,-0.0,174.6492,1.5659,stand_3,211.9852,0.0,-0.0,0.0,-0.0,Sidewalk
790.5,123.3529,4.8598,-2.40855,0.0,0.06981,174.6492,1.5659,stand_3,211.9936,0.0,0.06981,0.0,0.06981,Sidewalk
791.0,123.3529,4.8598,-2.40855,0.0,-0.0,174.6492,1.5659,stand_3,211.9852,0.0,-0.0,0.0,-0.0,Sidewalk
791.5,123.3529,4.8598,-2.37365,0.0,0.06981,174.6492,1.5659,stand_3,211.9935,0.0,0.06981,0.0,0.06981,Sidewalk
792.0,123.3529,4.8598,-2.37365,0.0,-0.0,174.6492,1.5659,stand_3,211.9852,0.0,-0.0,0.0,-0.0,Sidewalk
792.5,123.3529,4.8598,-2.33874,0.0,0.06981,174.6492,1.5659,stand_3,211.9935,0.0,0.06981,0.0,0.06981,Sidewalk
793.0,123.3529,4.8598,-2.33874,0.0,-0.0,174.6492,1.5659,stand_3,211.9852,0.0,-0.0,0.0,-0.0,Sidewalk
793.5,123.3529,4.8598,-2.30383,0.0,0.06981,174.6492,1.5659,stand_3,211.9935,0.0,0.06981,0.0,0.06981,Sidewalk
794.0,123.3529,4.8598,-2.30383,0.0,-0.0,174.6492,1.5659,stand_3,211.9852,0.0,-0.0,0.0,-0.0,Sidewalk
794.5,123.3529,4.8598,-2.26893,0.0,0.06981,174.6492,1.566,stand_3,211.9935,0.0,0.06981,0.0,0.06981,Sidewalk
795.0,123.3529,4.8598,-2.26893,0.0,-0.0,174.6492,1.566,stand_3,211.9852,0.0,-0.0,0.0,-0.0,Sidewalk
795.5,123.3529,4.8598,-2.23402,0.0,0.06981,174.6492,1.566,stand_3,211.9935,0.0,0.06981,0.0,0.06981,Sidewalk
796.0,123.3529,4.8598,-2.23402,0.0,-0.0,174.6492,1.566,stand_3,211.9851,0.0,-0.0,0.0,-0.0,Sidewalk
796.5,123.3529,4.8598,-2.19911,0.0,0.06981,174.6492,1.566,stand_3,211.9935,0.0,0.06981,0.0,0.06981,Sidewalk
797.0,123.3529,4.8598,-2.19911,0.0,-0.0,174.6492,1.566,stand_3,211.9851,0.0,-0.0,0.0,-0.0,Sidewalk
797.5,123.3529,4.8598,-2.16421,0.0,0.06981,174.6492,1.566,stand_3,211.9935,0.0,0.06981,0.0,0.06981,Sidewalk
798.0,123.3529,4.8598,-2.16421,0.0,-0.0,174.6492,1.566,stand_3,211.9851,0.0,-0.0,0.0,-0.0,Sidewalk
798.5,123.3529,4.8598,-2.1293,0.0,0.06981,174.6492,1.566,stand_3,211.9935,0.0,0.06981,0.0,0.06981,Sidewalk
799.0,123.3529,4.8598,-2.1293,0.0,-0.0,174.6492,1.566,stand_3,211.9851,0.0,-0.0,0.0,-0.0,Sidewalk
799.5,123.3529,4.8598,-2.0944,0.0,0.06981,174.6492,1.566,stand_3,211.9935,0.0,0.06981,0.0,0.06981,Sidewalk
800.0,123.3529,4.8598,-2.0944,0.0,-0.0,174.6492,1.566,stand_3,211.9851,0.0,-0.0,0.0,-0.0,Sidewalk
800.5,123.3529,4.8598,-2.05949,0.0,0.06981,174.6492,1.566,stand_3,211.9935,0.0,0.06981,0.0,0.06981,Sidewalk
801.0,123.3529,4.8598,-2.05949,0.0,-0.0,174.6492,1.566,stand_3,211.9851,0.0,-0.0,0.0,-0.0,Sidewalk
801.5,123.3529,4.8598,-2.02458,0.0,0.06981,174.6492,1.566,stand_3,211.9935,0.0,0.06981,0.0,0.06981,Sidewalk
802.0,123.3529,4.8598,-2.02458,0.0,-0.0,174.6492,1.566,stand_3,211.9851,0.0,-0.0,0.0,-0.0,Sidewalk
802.5,123.3529,4.8598,-1.98968,0.0,0.06981,174.6492,1.566,stand_3,211.9935,0.0,0.06981,0.0,0.06981,Sidewalk
803.0,123.3529,4.8598,-1.98968,0.0,-0.0,174.6492,1.566,stand_3,211.9851,0.0,-0.0,0.0,-0.0,Sidewalk
803.5,123.3529,4.8598,-1.95477,0.0,0.06981,174.6492,1.566,stand_3,211.9935,0.0,0.06981,0.0,0.06981,Sidewalk
804.0,123.3529,4.8598,-1.95477,0.0,-0.0,174.6492,1.566,stand_3,211.9851,0.0,-0.0,0.0,-0.0,Sidewalk
804.5,123.3529,4.8598,-1.91986,0.0,0.06981,174.6492,1.566,stand_3,211.9935,0.0,0.06981,0.0,0.06981,Sidewalk
805.0,123.3529,4.8598,-1.91986,0.0,-0.0,174.6492,1.566,stand_3,211.9851,0.0,-0.0,0.0,-0.0,Sidewalk
805.5,123.3529,4.8598,-1.88496,0.0,0.06981,174.6492,1.566,stand_3,211.9935,0.0,0.06981,0.0,0.06981,Sidewalk
806.0,123.3529,4.8598,-1.88496,0.0,-0.0,174.6492,1.566,stand_3,211.9851,0.0,-0.0,0.0,-0.0,Sidewalk
806.5,123.3529,4.8598,-1.85005,0.0,0.06981,174.6492,1.566,stand_3,211.9935,0.0,0.06981,0.0,0.06981,Sidewalk
807.0,123.3529,4.8598,-1.85005,0.0,-0.0,174.6492,1.566,stand_3,211.9851,0.0,-0.0,0.0,-0.0,Sidewalk
807.5,123.3529,4.8598,-1.81514,0.0,0.06981,174.6492,1.566,stand_3,211.9935,0.0,0.06981,0.0,0.06981,Sidewalk
808.0,123.3529,4.8598,-1.81514,0.0,-0.0,174.6492,1.566,stand_3,211.9851,0.0,-0.0,0.0,-0.0,Sidewalk
808.5,123.3529,4.8598,-1.78024,0.0,0.06981,174.6492,1.566,stand_3,211.9935,0.0,0.06981,0.0,0.06981,Sidewalk
809.0,123.3529,4.8598,-1.78024,0.0,-0.0,174.6492,1.566,stand_3,211.9851,0.0,-0.0,0.0,-0.0,Sidewalk
809.5,123.3529,4.8598,-1.74533,0.0,0.06981,174.6492,1.566,stand_3,211.9935,0.0,0.06981,0.0,0.06981,Sidewalk
810.0,123.3529,4.8598,-1.74533,0.0,-0.0,174.6492,1.566,stand_3,211.9851,0.0,-0.0,0.0,-0.0,Sidewalk
810.5,123.3529,4.8598,-1.71042,0.0,0.06981,174.6492,1.566,stand_3,211.9935,0.0,0.06981,0.0,0.06981,Sidewalk
811.0,123.3529,4.8598,-1.71042,0.0,-0.0,174.6492,1.566,stand_3,211.9851,0.0,-0.0,0.0,-0.0,Sidewalk
811.5,123.3529,4.8598,-1.67552,0.0,0.06981,174.6492,1.566,stand_3,211.9935,0.0,0.06981,0.0,0.06981,Sidewalk
812.0,123.3529,4.8598,-1.67552,0.0,-0.0,174.6492,1.566,stand_3,211.9851,0.0,-0.0,0.0,-0.0,Sidewalk
812.5,123.3529,4.8598,-1.64061,0.0,0.06981,174.6492,1.566,stand_3,211.9935,0.0,0.06981,0.0,0.06981,Sidewalk
813.0,123.3529,4.8598,-1.64061,0.0,-0.0,174.6492,1.566,stand_3,211.9851,0.0,-0.0,0.0,-0.0,Sidewalk
813.5,123.3529,4.8598,-1.6057,0.0,0.06981,174.6492,1.566,stand_3,211.9934,0.0,0.06981,0.0,0.06981,Sidewalk
814.0,123.3529,4.8598,-1.6057,0.0,-0.0,174.6492,1.566,stand_3,211.9851,0.0,-0.0,0.0,-0.0,Sidewalk
814.5,123.3529,4.8598,-1.5708,0.0,0.06981,174.6492,1.566,stand_3,211.9934,0.0,0.06981,0.0,0.06981,Sidewalk
815.0,123.3529,4.8598,-1.5708,0.0,-0.0,174.6492,1.566,stand_3,211.9851,0.0,-0.0,0.0,-0.0,Sidewalk
815.5,123.3529,4.8598,-1.53589,0.0,0.06981,174.6492,1.566,stand_3,211.9934,0.0,0.06981,0.0,0.06981,Sidewalk
816.0,123.3529,4.8598,-1.53589,0.0,-0.0,174.6492,1.566,stand_3,211.9851,0.0,-0.0,0.0,-0.0,Sidewalk
816.5,123.3529,4.8598,-1.50098,0.0,0.06981,174.6492,1.566,stand_3,211.9934,0.0,0.06981,0.0,0.06981,Sidewalk
817.0,123.3529,4.8598,-1.50098,0.0,-0.0,174.6492,1.566,stand_3,211.9851,0.0,-0.0,0.0,-0.0,Sidewalk
817.5,123.3529,4.8598,-1.46608,0.0,0.06981,174.6492,1.566,stand_3,211.9934,0.0,0.06981,0.0,0.06981,Sidewalk
818.0,123.3529,4.8598,-1.46608,0.0,-0.0,174.6492,1.566,stand_3,211.985,0.0,-0.0,0.0,-0.0,Sidewalk
818.5,123.3529,4.8598,-1.43117,0.0,0.06981,174.6492,1.566,stand_3,211.9934,0.0,0.06981,0.0,0.06981,Sidewalk
819.0,123.3529,4.8598,-1.43117,0.0,-0.0,174.6492,1.566,stand_3,211.985,0.0,-0.0,0.0,-0.0,Sidewalk
819.5,123.3529,4.8598,-1.39626,0.0,0.06981,174.6492,1.566,stand_3,211.9934,0.0,0.06981,0.0,0.06981,Sidewalk
820.0,123.3529,4.8598,-1.39626,0.0,-0.0,174.6492,1.566,stand_3,211.985,0.0,-0.0,0.0,-0.0,Sidewalk
820.5,123.3529,4.8598,-1.36136,0.0,0.06981,174.6492,1.566,stand_3,211.9934,0.0,0.06981,0.0,0.06981,Sidewalk
821.0,123.3529,4.8598,-1.36136,0.0,-0.0,174.6492,1.566,stand_3,211.985,0.0,-0.0,0.0,-0.0,Sidewalk
821.5,123.3529,4.8598,-1.32645,0.0,0.06981,174.6492,1.566,stand_3,211.9934,0.0,0.06981,0.0,0.06981,Sidewalk
822.0,123.3529,4.8598,-1.32645,0.0,-0.0,174.6492,1.566,stand_3,211.985,0.0,-0.0,0.0,-0.0,Sidewalk
822.5,123.3529,4.8598,-1.29154,0.0,0.06981,174.6492,1.566,stand_3,211.9934,0.0,0.06981,0.0,0.06981,Sidewalk
823.0,123.3529,4.8598,-1.29154,0.0,-0.0,174.6492,1.566,stand_3,211.985,0.0,-0.0,0.0,-0.0,Sidewalk
823.5,123.3529,4.8598,-1.25664,0.0,0.06981,174.6492,1.566,stand_3,211.9934,0.0,0.06981,0.0,0.06981,Sidewalk
824.0,123.3529,4.8598,-1.25664,0.0,-0.0,174.6492,1.566,stand_3,211.985,0.0,-0.0,0.0,-0.0,Sidewalk
824.5,123.3529,4.8598,-1.22173,0.0,0.06981,174.6492,1.566,stand_3,211.9934,0.0,0.06981,0.0,0.06981,Sidewalk
825.0,123.3529,4.8598,-1.22173,0.0,-0.0,174.6492,1.566,stand_3,211.985,0.0,-0.0,0.0,-0.0,Sidewalk
825.5,123.3529,4.8598,-1.18682,0.0,0.06981,174.6492,1.566,stand_3,211.9934,0.0,0.06981,0.0,0.06981,Sidewalk
826.0,123.3529,4.8598,-1.18682,0.0,-0.0,174.6492,1.566,stand_3,211.985,0.0,-0.0,0.0,-0.0,Sidewalk
826.5,123.3529,4.8598,-1.15192,0.0,0.06981,174.6492,1.566,stand_3,211.9934,0.0,0.06981,0.0,0.06981,Sidewalk
827.0,123.3529,4.8598,-1.15192,0.0,-0.0,174.6492,1.566,stand_3,211.985,0.0,-0.0,0.0,-0.0,Sidewalk
827.5,123.3529,4.8598,-1.11701,0.0,0.06981,174.6492,1.566,stand_3,211.9934,0.0,0.06981,0.0,0.06981,Sidewalk
828.0,123.3529,4.8598,-1.11701,0.0,-0.0,174.6492,1.566,stand_3,211.985,0.0,-0.0,0.0,-0.0,Sidewalk
828.5,123.3529,4.8598,-1.0821,0.0,0.06981,174.6492,1.566,stand_3,211.9934,0.0,0.06981,0.0,0.06981,Sidewalk
829.0,123.3529,4.8598,-1.0821,0.0,-0.0,174.6492,1.566,stand_3,211.985,0.0,-0.0,0.0,-0.0,Sidewalk
829.5,123.3529,4.8598,-1.0472,0.0,0.06981,174.6492,1.566,stand_3,211.9934,0.0,0.06981,0.0,0.06981,Sidewalk
830.0,123.3529,4.8598,-1.0472,0.0,-0.0,174.6492,1.566,stand_3,211.985,0.0,-0.0,0.0,-0.0,Sidewalk
830.5,123.3529,4.8598,-1.01229,0.0,0.06981,174.6492,1.566,stand_3,211.9934,0.0,0.06981,0.0,0.06981,Sidewalk
831.0,123.3529,4.8598,-1.01229,0.0,-0.0,174.6492,1.566,stand_3,211.985,0.0,-0.0,0.0,-0.0,Sidewalk
831.5,123.3529,4.8598,-0.97738,0.0,0.06981,174.6492,1.566,stand_3,211.9934,0.0,0.06981,0.0,0.06981,Sidewalk
832.0,123.3529,4.8598,-0.97738,0.0,-0.0,174.6492,1.566,stand_3,211.985,0.0,-0.0,0.0,-0.0,Sidewalk
832.5,123.3529,4.8598,-0.94248,0.0,0.06981,174.6492,1.5661,stand_3,211.9934,0.0,0.06981,0.0,0.06981,Sidewalk
833.0,123.3529,4.8598,-0.94248,0.0,-0.0,174.6492,1.5661,stand_3,211.985,0.0,-0.0,0.0,-0.0,Sidewalk
833.5,123.3529,4.8598,-0.90757,0.0,0.06981,174.6492,1.5661,stand_3,211.9933,0.0,0.06981,0.0,0.06981,Sidewalk
834.0,123.3529,4.8598,-0.90757,0.0,-0.0,174.6492,1.5661,stand_3,211.985,0.0,-0.0,0.0,-0.0,Sidewalk
834.5,123.3529,4.8598,-0.87266,0.0,0.06981,174.6492,1.5661,stand_3,211.9933,0.0,0.06981,0.0,0.06981,Sidewalk
835.0,123.3529,4.8598,-0.87266,0.0,-0.0,174.6492,1.5661,stand_3,211.985,0.0,-0.0,0.0,-0.0,Sidewalk
835.5,123.3529,4.8598,-0.83776,0.0,0.06981,174.6492,1.5661,stand_3,211.9933,0.0,0.06981,0.0,0.06981,Sidewalk
836.0,123.3529,4.8598,-0.83776,0.0,-0.0,174.6492,1.5661,stand_3,211.985,0.0,-0.0,0.0,-0.0,Sidewalk
836.5,123.3529,4.8598,-0.80285,0.0,0.06981,174.6492,1.5661,stand_3,211.9933,0.0,0.06981,0.0,0.06981,Sidewalk
837.0,123.3529,4.8598,-0.80285,0.0,-0.0,174.6492,1.5661,stand_3,211.9849,0.0,-0.0,0.0,-0.0,Sidewalk
837.5,123.3529,4.8598,-0.76794,0.0,0.06981,174.6492,1.5661,stand_3,211.9933,0.0,0.06981,0.0,0.06981,Sidewalk
838.0,123.3529,4.8598,-0.76794,0.0,-0.0,174.6492,1.5661,stand_3,211.9849,0.0,-0.0,0.0,-0.0,Sidewalk
838.5,123.3529,4.8598,-0.73304,0.0,0.06981,174.6492,1.5661,stand_3,211.9933,0.0,0.06981,0.0,0.06981,Sidewalk
839.0,123.3529,4.8598,-0.73304,0.0,-0.0,174.6492,1.5661,stand_3,211.9849,0.0,-0.0,0.0,-0.0,Sidewalk
839.5,123.3529,4.8598,-0.69813,0.0,0.06981,174.6492,1.5661,stand_3,211.9933,0.0,0.06981,0.0,0.06981,Sidewalk
840.0,123.3529,4.8598,-0.69813,0.0,-0.0,174.6492,1.5661,stand_3,211.9849,0.0,-0.0,0.0,-0.0,Sidewalk
840.5,123.3529,4.8598,-0.66323,0.0,0.06981,174.6492,1.5661,stand_3,211.9933,0.0,0.06981,0.0,0.06981,Sidewalk
841.0,123.3529,4.8598,-0.66323,0.0,-0.0,174.6492,1.5661,stand_3,211.9849,0.0,-0.0,0.0,-0.0,Sidewalk
841.5,123.3529,4.8598,-0.62832,0.0,0.06981,174.6492,1.5661,stand_3,211.9933,0.0,0.06981,0.0,0.06981,Sidewalk
842.0,123.3529,4.8598,-0.62832,0.0,-0.0,174.6492,1.5661,stand_3,211.9849,0.0,-0.0,0.0,-0.0,Sidewalk
842.5,123.3529,4.8598,-0.59341,0.0,0.06981,174.6492,1.5661,stand_3,211.9933,0.0,0.06981,0.0,0.06981,Sidewalk
843.0,123.3529,4.8598,-0.59341,0.0,-0.0,174.6492,1.5661,stand_3,211.9849,0.0,-0.0,0.0,-0.0,Sidewalk
843.5,123.3529,4.8598,-0.55851,0.0,0.06981,174.6492,1.5661,stand_3,211.9933,0.0,0.06981,0.0,0.06981,Sidewalk
844.0,123.3529,4.8598,-0.55851,0.0,-0.0,174.6492,1.5661,stand_3,211.9849,0.0,-0.0,0.0,-0.0,Sidewalk
844.5,123.3529,4.8598,-0.5236,0.0,0.06981,174.6492,1.5661,stand_3,211.9933,0.0,0.06981,0.0,0.06981,Sidewalk
845.0,123.3529,4.8598,-0.5236,0.0,-0.0,174.6492,1.5661,stand_3,211.9849,0.0,-0.0,0.0,-0.0,Sidewalk
845.5,123.3529,4.8598,-0.48869,0.0,0.06981,174.6492,1.5661,stand_3,211.9933,0.0,0.06981,0.0,0.06981,Sidewalk
846.0,123.3529,4.8598,-0.48869,0.0,-0.0,174.6492,1.5661,stand_3,211.9849,0.0,-0.0,0.0,-0.0,Sidewalk
846.5,123.3529,4.8598,-0.45379,0.0,0.06981,174.6492,1.5661,stand_3,211.9933,0.0,0.06981,0.0,0.06981,Sidewalk
847.0,123.3529,4.8598,-0.45379,0.0,-0.0,174.6492,1.5661,stand_3,211.9849,0.0,-0.0,0.0,-0.0,Sidewalk
847.5,123.3529,4.8598,-0.41888,0.0,0.06981,174.6492,1.5661,stand_3,211.9933,0.0,0.06981,0.0,0.06981,Sidewalk
848.0,123.3529,4.8598,-0.41888,0.0,-0.0,174.6492,1.5661,stand_3,211.9849,0.0,-0.0,0.0,-0.0,Sidewalk
848.5,123.3529,4.8598,-0.38397,0.0,0.06981,174.6492,1.5661,stand_3,211.9933,0.0,0.06981,0.0,0.06981,Sidewalk
849.0,123.3529,4.8598,-0.38397,0.0,-0.0,174.6492,1.5661,stand_3,211.9849,0.0,-0.0,0.0,-0.0,Sidewalk
849.5,123.3529,4.8598,-0.34907,0.0,0.06981,174.6492,1.5661,stand_3,211.9933,0.0,0.06981,0.0,0.06981,Sidewalk
850.0,123.3529,4.8598,-0.34907,0.0,-0.0,174.6492,1.5661,stand_3,211.9849,0.0,-0.0,0.0,-0.0,Sidewalk
850.5,123.3529,4.8598,-0.31416,0.0,0.06981,174.6492,1.5661,stand_3,211.9933,0.0,0.06981,0.0,0.06981,Sidewalk
851.0,123.3529,4.8598,-0.31416,0.0,-0.0,174.6492,1.5661,stand_3,211.9849,0.0,-0.0,0.0,-0.0,Sidewalk
851.5,123.3529,4.8598,-0.27925,0.0,0.06981,174.6492,1.5661,stand_3,211.9933,0.0,0.06981,0.0,0.06981,Sidewalk
852.0,123.3529,4.8598,-0.27925,0.0,-0.0,174.6492,1.5661,stand_3,211.9849,0.0,-0.0,0.0,-0.0,Sidewalk
852.5,123.3529,4.8598,-0.24435,0.0,0.06981,174.6492,1.5661,stand_3,211.9933,0.0,0.06981,0.0,0.06981,Sidewalk
853.0,123.3529,4.8598,-0.24435,0.0,-0.0,174.6492,1.5661,stand_3,211.9849,0.0,-0.0,0.0,-0.0,Sidewalk
853.5,123.3529,4.8598,-0.20944,0.0,0.06981,174.6492,1.5661,stand_3,211.9933,0.0,0.06981,0.0,0.06981,Sidewalk
854.0,123.3529,4.8598,-0.20944,0.0,-0.0,174.6492,1.5661,stand_3,211.9849,0.0,-0.0,0.0,-0.0,Sidewalk
854.5,123.3529,4.8598,-0.17453,0.0,0.06981,174.6492,1.5661,stand_3,211.9933,0.0,0.06981,0.0,0.06981,Sidewalk
855.0,123.3529,4.8598,-0.17453,0.0,-0.0,174.6492,1.5661,stand_3,211.9849,0.0,-0.0,0.0,-0.0,Sidewalk
855.5,123.3529,4.8598,-0.13963,0.0,0.06981,174.6492,1.5661,stand_3,211.9933,0.0,0.06981,0.0,0.06981,Sidewalk
856.0,123.3529,4.8598,-0.13963,0.0,-0.0,174.6492,1.5661,stand_3,211.9849,0.0,-0.0,0.0,-0.0,Sidewalk
856.5,123.3529,4.8598,-0.10472,0.0,0.06981,174.6492,1.5661,stand_3,211.9933,0.0,0.06981,0.0,0.06981,Sidewalk
857.0,123.3529,4.8598,-0.10472,0.0,-0.0,174.6492,1.5661,stand_3,211.9849,0.0,-0.0,0.0,-0.0,Sidewalk
857.5,123.3529,4.8598,-0.06981,0.0,0.06981,174.6492,1.5661,stand_3,211.9932,0.0,0.06981,0.0,0.06981,Sidewalk
858.0,123.3529,4.8598,-0.06981,0.0,-0.0,174.6492,1.5661,stand_3,211.9849,0.0,-0.0,0.0,-0.0,Sidewalk
858.5,123.3529,4.8598,-0.03491,0.0,0.06981,174.6492,1.5661,stand_3,211.9932,0.0,0.06981,0.0,0.06981,Sidewalk
859.0,123.3529,4.8598,-0.03491,0.0,-0.0,174.6492,1.5661,stand_3,211.9849,0.0,-0.0,0.0,-0.0,Sidewalk
859.5,123.3529,4.8598,-0.0,0.0,0.06981,174.6492,1.5661,stand_3,211.9932,0.0,0.06981,0.0,0.06981,Sidewalk
860.0,123.3529,4.8598,-0.0,0.0,-0.0,174.6492,1.5661,stand_3,211.9849,0.0,-0.0,0.0,-0.0,Sidewalk
860.5,123.3529,4.8598,0.03491,0.0,0.06981,174.6492,1.5661,stand_3,211.9932,0.0,0.06981,0.0,0.06981,Sidewalk
861.0,123.3529,4.8598,0.03491,0.0,-0.0,174.6492,1.5661,stand_3,211.9849,0.0,-0.0,0.0,-0.0,Sidewalk
861.5,123.3529,4.8598,0.06981,0.0,0.06981,174.6492,1.5661,stand_3,211.9932,0.0,0.06981,0.0,0.06981,Sidewalk
862.0,123.3529,4.8598,0.06981,0.0,-0.0,174.6492,1.5661,stand_3,211.9848,0.0,-0.0,0.0,-0.0,Sidewalk
862.5,123.3529,4.8598,0.10472,0.0,0.06981,174.6492,1.5661,stand_3,211.9932,0.0,0.06981,0.0,0.06981,Sidewalk
863.0,123.3529,4.8598,0.10472,0.0,-0.0,174.6492,1.5661,stand_3,211.9848,0.0,-0.0,0.0,-0.0,Sidewalk
863.5,123.3529,4.8598,0.13963,0.0,0.06981,174.6492,1.5661,stand_3,211.9932,0.0,0.06981,0.0,0.06981,Sidewalk
864.0,123.3529,4.8598,0.13963,0.0,-0.0,174.6492,1.5661,stand_3,211.9848,0.0,-0.0,0.0,-0.0,Sidewalk
864.5,123.3529,4.8598,0.17453,0.0,0.06981,174.6492,1.5661,stand_3,211.9932,0.0,0.06981,0.0,0.06981,Sidewalk
865.0,123.3529,4.8598,0.17453,0.0,-0.0,174.6492,1.5661,stand_3,211.9848,0.0,-0.0,0.0,-0.0,Sidewalk
865.5,123.3529,4.8598,0.20944,0.0,0.06981,174.6492,1.5661,stand_3,211.9932,0.0,0.06981,0.0,0.06981,Sidewalk
866.0,123.3529,4.8598,0.20944,0.0,-0.0,174.6492,1.5661,stand_3,211.9848,0.0,-0.0,0.0,-0.0,Sidewalk
866.5,123.3529,4.8598,0.24435,0.0,0.06981,174.6492,1.5661,stand_3,211.9932,0.0,0.06981,0.0,0.06981,Sidewalk
867.0,123.3529,4.8598,0.24435,0.0,-0.0,174.6492,1.5661,stand_3,211.9848,0.0,-0.0,0.0,-0.0,Sidewalk
867.5,123.3529,4.8598,0.27925,0.0,0.06981,174.6492,1.5661,stand_3,211.9932,0.0,0.06981,0.0,0.06981,Sidewalk
868.0,123.3529,4.8598,0.27925,0.0,-0.0,174.6492,1.5661,stand_3,211.9848,0.0,-0.0,0.0,-0.0,Sidewalk
868.5,123.3529,4.8598,0.31416,0.0,0.06981,174.6492,1.5661,stand_3,211.9932,0.0,0.06981,0.0,0.06981,Sidewalk
869.0,123.3529,4.8598,0.31416,0.0,-0.0,174.6492,1.5661,stand_3,211.9848,0.0,-0.0,0.0,-0.0,Sidewalk
869.5,123.3529,4.8598,0.34907,0.0,0.06981,174.6492,1.5661,stand_3,211.9932,0.0,0.06981,0.0,0.06981,Sidewalk
870.0,123.3529,4.8598,0.34907,0.0,-0.0,174.6492,1.5661,stand_3,211.9848,0.0,-0.0,0.0,-0.0,Sidewalk
870.5,123.3529,4.8598,0.38397,0.0,0.06981,174.6492,1.5661,stand_3,211.9932,0.0,0.06981,0.0,0.06981,Sidewalk
871.0,123.3529,4.8598,0.38397,0.0,-0.0,174.6492,1.5661,stand_3,211.9848,0.0,-0.0,0.0,-0.0,Sidewalk
871.5,123.3529,4.8598,0.41888,0.0,0.06981,174.6492,1.5661,stand_3,211.9932,0.0,0.06981,0.0,0.06981,Sidewalk
872.0,123.3529,4.8598,0.41888,0.0,-0.0,174.6492,1.5661,stand_3,211.9848,0.0,-0.0,0.0,-0.0,Sidewalk
872.5,123.3529,4.8598,0.45379,0.0,0.06981,174.6492,1.5661,stand_3,211.9932,0.0,0.06981,0.0,0.06981,Sidewalk
873.0,123.3529,4.8598,0.45379,0.0,-0.0,174.6492,1.5662,stand_3,211.9848,0.0,-0.0,0.0,-0.0,Sidewalk
873.5,123.3529,4.8598,0.48869,0.0,0.06981,174.6492,1.5662,stand_3,211.9932,0.0,0.06981,0.0,0.06981,Sidewalk
874.0,123.3529,4.8598,0.48869,0.0,-0.0,174.6492,1.5662,stand_3,211.9848,0.0,-0.0,0.0,-0.0,Sidewalk
874.5,123.3529,4.8598,0.5236,0.0,0.06981,174.6492,1.5662,stand_3,211.9932,0.0,0.06981,0.0,0.06981,Sidewalk
875.0,123.3529,4.8598,0.5236,0.0,-0.0,174.6492,1.5662,stand_3,211.9848,0.0,-0.0,0.0,-0.0,Sidewalk
875.5,123.3529,4.8598,0.55851,0.0,0.06981,174.6492,1.5662,stand_3,211.9932,0.0,0.06981,0.0,0.06981,Sidewalk
876.0,123.3529,4.8598,0.55851,0.0,-0.0,174.6492,1.5662,stand_3,211.9848,0.0,-0.0,0.0,-0.0,Sidewalk
876.5,123.3529,4.8598,0.59341,0.0,0.06981,174.6492,1.5662,stand_3,211.9932,0.0,0.06981,0.0,0.06981,Sidewalk
877.0,123.3529,4.8598,0.59341,0.0,-0.0,174.6492,1.5662,stand_3,211.9848,0.0,-0.0,0.0,-0.0,Sidewalk
877.5,123.3529,4.8598,0.62832,0.0,0.06981,174.6492,1.5662,stand_3,211.9931,0.0,0.06981,0.0,0.06981,Sidewalk
878.0,123.3529,4.8598,0.62832,0.0,-0.0,174.6492,1.5662,stand_3,211.9848,0.0,-0.0,0.0,-0.0,Sidewalk
878.5,123.3529,4.8598,0.66323,0.0,0.06981,174.6492,1.5662,stand_3,211.9931,0.0,0.06981,0.0,0.06981,Sidewalk
879.0,123.3529,4.8598,0.66323,0.0,-0.0,174.6492,1.5662,stand_3,211.9848,0.0,-0.0,0.0,-0.0,Sidewalk
879.5,123.3529,4.8598,0.69813,0.0,0.06981,174.6492,1.5662,stand_3,211.9931,0.0,0.06981,0.0,0.06981,Sidewalk
880.0,123.3529,4.8598,0.69813,0.0,-0.0,174.6492,1.5662,stand_3,211.9848,0.0,-0.0,0.0,-0.0,Sidewalk
880.5,123.3529,4.8598,0.73304,0.0,0.06981,174.6492,1.5662,stand_3,211.9931,0.0,0.06981,0.0,0.06981,Sidewalk
881.0,123.3529,4.8598,0.73304,0.0,-0.0,174.6492,1.5662,stand_3,211.9848,0.0,-0.0,0.0,-0.0,Sidewalk
881.5,123.3529,4.8598,0.76794,0.0,0.06981,174.6492,1.5662,stand_3,211.9931,0.0,0.06981,0.0,0.06981,Sidewalk
882.0,123.3529,4.8598,0.76794,0.0,-0.0,174.6492,1.5662,stand_3,211.9847,0.0,-0.0,0.0,-0.0,Sidewalk
882.5,123.3529,4.8598,0.80285,0.0,0.06981,174.6492,1.5662,stand_3,211.9931,0.0,0.06981,0.0,0.06981,Sidewalk
883.0,123.3529,4.8598,0.80285,0.0,-0.0,174.6492,1.5662,stand_3,211.9847,0.0,-0.0,0.0,-0.0,Sidewalk
883.5,123.3529,4.8598,0.83776,0.0,0.06981,174.6492,1.5662,stand_3,211.9931,0.0,0.06981,0.0,0.06981,Sidewalk
884.0,123.3529,4.8598,0.83776,0.0,-0.0,174.6492,1.5662,stand_3,211.9847,0.0,-0.0,0.0,-0.0,Sidewalk
884.5,123.3529,4.8598,0.87266,0.0,0.06981,174.6492,1.5662,stand_3,211.9931,0.0,0.06981,0.0,0.06981,Sidewalk
885.0,123.3529,4.8598,0.87266,0.0,-0.0,174.6492,1.5662,stand_3,211.9847,0.0,-0.0,0.0,-0.0,Sidewalk
885.5,123.3529,4.8598,0.90757,0.0,0.06981,174.6492,1.5662,stand_3,211.9931,0.0,0.06981,0.0,0.06981,Sidewalk
886.0,123.3529,4.8598,0.90757,0.0,-0.0,174.6492,1.5662,stand_3,211.9847,0.0,-0.0,0.0,-0.0,Sidewalk
886.5,123.3529,4.8598,0.94248,0.0,0.06981,174.6492,1.5662,stand_3,211.9931,0.0,0.06981,0.0,0.06981,Sidewalk
887.0,123.3529,4.8598,0.94248,0.0,-0.0,174.6492,1.5662,stand_3,211.9847,0.0,-0.0,0.0,-0.0,Sidewalk
887.5,123.3529,4.8598,0.97738,0.0,0.06981,174.6492,1.5662,stand_3,211.9931,0.0,0.06981,0.0,0.06981,Sidewalk
888.0,123.3529,4.8598,0.97738,0.0,-0.0,174.6492,1.5662,stand_3,211.9847,0.0,-0.0,0.0,-0.0,Sidewalk
888.5,123.3529,4.8598,1.01229,0.0,0.06981,174.6492,1.5662,stand_3,211.9931,0.0,0.06981,0.0,0.06981,Sidewalk
889.0,123.3529,4.8598,1.01229,0.0,-0.0,174.6492,1.5662,stand_3,211.9847,0.0,-0.0,0.0,-0.0,Sidewalk
889.5,123.3529,4.8598,1.0472,0.0,0.06981,174.6492,1.5662,stand_3,211.9931,0.0,0.06981,0.0,0.06981,Sidewalk
890.0,123.3529,4.8598,1.0472,0.0,-0.0,174.6492,1.5662,stand_3,211.9847,0.0,-0.0,0.0,-0.0,Sidewalk
890.5,123.3529,4.8598,1.0821,0.0,0.06981,174.6492,1.5662,stand_3,211.9931,0.0,0.06981,0.0,0.06981,Sidewalk
891.0,123.3529,4.8598,1.0821,0.0,-0.0,174.6492,1.5662,stand_3,211.9847,0.0,-0.0,0.0,-0.0,Sidewalk
891.5,123.3529,4.8598,1.11701,0.0,0.06981,174.6492,1.5662,stand_3,211.9931,0.0,0.06981,0.0,0.06981,Sidewalk
892.0,123.3529,4.8598,1.11701,0.0,-0.0,174.6492,1.5662,stand_3,211.9847,0.0,-0.0,0.0,-0.0,Sidewalk
892.5,123.3529,4.8598,1.15192,0.0,0.06981,174.6492,1.5662,stand_3,211.9931,0.0,0.06981,0.0,0.06981,Sidewalk
893.0,123.3529,4.8598,1.15192,0.0,-0.0,174.6492,1.5662,stand_3,211.9847,0.0,-0.0,0.0,-0.0,Sidewalk
893.5,123.3529,4.8598,1.18682,0.0,0.06981,174.6492,1.5662,stand_3,211.9931,0.0,0.06981,0.0,0.06981,Sidewalk
894.0,123.3529,4.8598,1.18682,0.0,-0.0,174.6492,1.5662,stand_3,211.9847,0.0,-0.0,0.0,-0.0,Sidewalk
894.5,123.3529,4.8598,1.22173,0.0,0.06981,174.6492,1.5662,stand_3,211.9931,0.0,0.06981,0.0,0.06981,Sidewalk
895.0,123.3529,4.8598,1.22173,0.0,-0.0,174.6492,1.5662,stand_3,211.9847,0.0,-0.0,0.0,-0.0,Sidewalk
895.5,123.3529,4.8598,1.25664,0.0,0.06981,174.6492,1.5662,stand_3,211.9931,0.0,0.06981,0.0,0.06981,Sidewalk
896.0,123.3529,4.8598,1.25664,0.0,-0.0,174.6492,1.5662,stand_3,211.9847,0.0,-0.0,0.0,-0.0,Sidewalk
896.5,123.3529,4.8598,1.29154,0.0,0.06981,174.6492,1.5662,stand_3,211.9931,0.0,0.06981,0.0,0.06981,Sidewalk
897.0,123.3529,4.8598,1.29154,0.0,-0.0,174.6492,1.5662,stand_3,211.9847,0.0,-0.0,0.0,-0.0,Sidewalk
897.5,123.3529,4.8598,1.32645,0.0,0.06981,174.6492,1.5662,stand_3,211.9931,0.0,0.06981,0.0,0.06981,Sidewalk
898.0,123.3529,4.8598,1.32645,0.0,-0.0,174.6492,1.5662,stand_3,211.9847,0.0,-0.0,0.0,-0.0,Sidewalk
898.5,123.3529,4.8598,1.36136,0.0,0.06981,174.6492,1.5662,stand_3,211.9931,0.0,0.06981,0.0,0.06981,Sidewalk
899.0,123.3529,4.8598,1.36136,0.0,-0.0,174.6492,1.5662,stand_3,211.9847,0.0,-0.0,0.0,-0.0,Sidewalk
899.5,123.3529,4.8598,1.39626,0.0,0.06981,174.6492,1.5662,stand_3,211.9931,0.0,0.06981,0.0,0.06981,Sidewalk
900.0,123.3529,4.8598,1.39626,0.0,-0.0,174.6492,1.5662,stand_3,211.9847,0.0,-0.0,0.0,-0.0,Sidewalk
900.5,123.3529,4.8598,1.43117,0.0,0.06981,174.6492,1.5662,stand_3,211.9931,0.0,0.06981,0.0,0.06981,Sidewalk
