time,x,y,yaw,v,w,goal_distance,min_person_dist,closest_person,total_cost,action_linear_x,action_angular_z,observation_state_linear_x,observation_state_angular_z,observation_state_road_type
0.5,2.1999,3.993,-0.03491,0.4,-0.06981,295.8001,2.8002,walk_east_mid.0,590.6354,0.4,-0.06981,0.4,-0.06981,Sidewalk
1.0,2.5996,4.007,0.03491,0.8,0.13963,295.4004,2.8255,walk_east_dn.0,588.4241,0.8,0.13963,0.8,0.13963,Sidewalk
1.5,3.0186,4.0363,0.06981,0.84,0.06981,294.9814,2.7673,walk_east_dn.0,587.415,0.84,0.06981,0.84,0.06981,Sidewalk
2.0,3.4741,4.1003,0.13963,0.92,0.13963,294.5259,2.678,walk_east_dn.0,586.3633,0.92,0.13963,0.92,0.13963,Sidewalk
2.5,3.9271,4.1802,0.17453,0.92,0.06981,294.0729,2.6404,walk_east_dn.0,585.2218,0.92,0.06981,0.92,0.06981,Sidewalk
3.0,4.3802,4.2601,0.17453,0.92,-0.0,293.62,2.6168,walk_east_dn.0,584.1751,0.92,-0.0,0.92,-0.0,Sidewalk
3.5,4.8456,4.3255,0.13963,0.94,-0.06981,293.1546,2.5385,walk_east_dn.0,583.2,0.94,-0.06981,0.94,-0.06981,Sidewalk
4.0,5.311,4.3909,0.13963,0.94,-0.0,292.6893,2.5162,walk_east_dn.0,582.0304,0.94,-0.0,0.94,-0.0,Sidewalk
4.5,5.7784,4.44,0.10472,0.94,-0.06981,292.2219,2.4758,walk_east_dn.0,581.147,0.94,-0.06981,0.94,-0.06981,Sidewalk
5.0,6.2459,4.4891,0.10472,0.94,-0.0,291.7545,2.4271,walk_east_dn.0,579.9999,0.94,-0.0,0.94,-0.0,Sidewalk
5.5,6.7147,4.5219,0.06981,0.94,-0.06981,291.2858,2.3338,walk_east_dn.0,579.2068,0.94,-0.06981,0.94,-0.06981,Sidewalk
6.0,7.1836,4.5547,0.06981,0.94,-0.0,290.817,2.2353,walk_east_dn.0,578.0108,0.94,-0.0,0.94,-0.0,Sidewalk
6.5,7.6533,4.5711,0.03491,0.94,-0.06981,290.3473,2.1909,walk_east_dn.0,577.3646,0.94,-0.06981,0.94,-0.06981,Sidewalk
7.0,8.123,4.5875,0.03491,0.94,-0.0,289.8776,2.1453,walk_east_dn.0,576.1507,0.94,-0.0,0.94,-0.0,Sidewalk
7.5,8.593,4.5875,-0.0,0.94,-0.06981,289.4076,2.0559,walk_east_dn.0,575.5442,0.94,-0.06981,0.94,-0.06981,Sidewalk
8.0,9.063,4.5875,-0.0,0.94,-0.0,288.9376,1.9601,walk_east_dn.0,574.3442,0.94,-0.0,0.94,-0.0,Sidewalk
8.5,9.5327,4.6039,0.03491,0.94,0.06981,288.4679,1.9015,walk_east_dn.0,573.3188,0.94,0.06981,0.94,0.06981,Sidewalk
9.0,10.0024,4.6203,0.03491,0.94,-0.0,287.9982,1.8138,walk_east_dn.0,572.3799,0.94,-0.0,0.94,-0.0,Sidewalk
9.5,10.4724,4.6203,-0.0,0.94,-0.06981,287.5282,1.7673,walk_east_dn.0,571.6405,0.94,-0.06981,0.94,-0.06981,Sidewalk
10.0,10.9424,4.6203,-0.0,0.94,-0.0,287.0582,1.7054,walk_east_dn.0,570.5364,0.94,-0.0,0.94,-0.0,Sidewalk
10.5,11.4121,4.6367,0.03491,0.94,0.06981,286.5886,1.6555,walk_east_dn.0,569.5944,0.94,0.06981,0.94,0.06981,Sidewalk
11.0,11.8819,4.6531,0.03491,0.94,-0.0,286.1189,1.6211,walk_east_dn.0,568.6145,0.94,-0.0,0.94,-0.0,Sidewalk
11.5,12.3519,4.6531,-0.0,0.94,-0.06981,285.6489,1.5452,walk_east_dn.0,567.7843,0.94,-0.06981,0.94,-0.06981,Sidewalk
12.0,12.8219,4.6531,-0.0,0.94,-0.0,285.1789,1.5021,walk_east_dn.0,566.7436,0.94,-0.0,0.94,-0.0,Sidewalk
12.5,13.2916,4.6367,-0.03491,0.94,-0.06981,284.7091,1.4335,walk_east_dn.0,565.9364,0.94,-0.06981,0.94,-0.06981,Sidewalk
13.0,13.7613,4.6203,-0.03491,0.94,-0.0,284.2394,1.3926,walk_east_dn.0,564.9297,0.94,-0.0,0.94,-0.0,Sidewalk
13.5,14.2313,4.6203,-0.0,0.94,0.06981,283.7694,1.3654,walk_east_dn.0,564.0177,0.94,0.06981,0.94,0.06981,Sidewalk
14.0,14.7013,4.6203,-0.0,0.94,-0.0,283.2994,1.335,walk_east_dn.0,563.0336,0.94,-0.0,0.94,-0.0,Sidewalk
14.5,15.171,4.6367,0.03491,0.94,0.06981,282.8297,1.3346,walk_east_dn.0,562.1247,0.94,0.06981,0.94,0.06981,Sidewalk
15.0,15.6407,4.6531,0.03491,0.94,-0.0,282.36,1.3361,walk_east_dn.0,561.1021,0.94,-0.0,0.94,-0.0,Sidewalk
15.5,16.1107,4.6531,-0.0,0.94,-0.06981,281.89,1.3213,walk_east_dn.0,560.1985,0.94,-0.06981,0.94,-0.06981,Sidewalk
16.0,16.5807,4.6531,-0.0,0.94,-0.0,281.4201,1.3112,walk_east_dn.0,559.2399,0.94,-0.0,0.94,-0.0,Sidewalk
16.5,17.0504,4.6367,-0.03491,0.94,-0.06981,280.9503,1.2919,walk_east_dn.0,558.3662,0.94,-0.06981,0.94,-0.06981,Sidewalk
17.0,17.5201,4.6203,-0.03491,0.94,-0.0,280.4806,1.2809,walk_east_dn.0,557.3885,0.94,-0.0,0.94,-0.0,Sidewalk
17.5,17.9901,4.6203,-0.0,0.94,0.06981,280.0106,1.2905,walk_east_dn.0,556.5016,0.94,0.06981,0.94,0.06981,Sidewalk
18.0,18.4601,4.6203,-0.0,0.94,-0.0,279.5406,1.3119,walk_east_dn.0,555.4751,0.94,-0.0,0.94,-0.0,Sidewalk
18.5,18.9298,4.6039,-0.03491,0.94,-0.06981,279.0708,1.3314,walk_east_dn.0,554.5583,0.94,-0.06981,0.94,-0.06981,Sidewalk
19.0,19.3996,4.5875,-0.03491,0.94,-0.0,278.6011,1.3576,walk_east_dn.0,553.5387,0.94,-0.0,0.94,-0.0,Sidewalk
19.5,19.8696,4.5875,-0.0,0.94,0.06981,278.1311,1.3823,walk_east_dn.0,552.6374,0.94,0.06981,0.94,0.06981,Sidewalk
20.0,20.3396,4.5875,-0.0,0.94,-0.0,277.6611,1.434,walk_east_dn.0,551.5883,0.94,-0.0,0.94,-0.0,Sidewalk
20.5,20.8093,4.5711,-0.03491,0.94,-0.06981,277.1913,1.4738,walk_east_dn.0,550.6606,0.94,-0.06981,0.94,-0.06981,Sidewalk
21.0,21.279,4.5547,-0.03491,0.94,-0.0,276.7216,1.5046,walk_east_dn.0,549.6435,0.94,-0.0,0.94,-0.0,Sidewalk
21.5,21.749,4.5547,-0.0,0.94,0.06981,276.2516,1.5711,walk_east_dn.0,548.7172,0.94,0.06981,0.94,0.06981,Sidewalk
22.0,22.219,4.5547,-0.0,0.94,-0.0,275.7816,1.6468,walk_east_dn.0,547.668,0.94,-0.0,0.94,-0.0,Sidewalk
22.5,22.6887,4.5383,-0.03491,0.94,-0.06981,275.3118,1.7232,walk_east_dn.0,546.7316,0.94,-0.06981,0.94,-0.06981,Sidewalk
23.0,23.1584,4.5219,-0.03491,0.94,-0.0,274.8421,1.7815,walk_east_dn.0,545.7082,0.94,-0.0,0.94,-0.0,Sidewalk
23.5,23.6284,4.5219,-0.0,0.94,0.06981,274.3721,1.8737,walk_east_dn.0,544.7866,0.94,0.06981,0.94,0.06981,Sidewalk
24.0,24.0984,4.5219,-0.0,0.94,-0.0,273.9021,1.9512,walk_east_dn.0,543.7553,0.94,-0.0,0.94,-0.0,Sidewalk
24.5,24.5681,4.5055,-0.03491,0.94,-0.06981,273.4323,2.0357,walk_east_dn.0,542.8325,0.94,-0.06981,0.94,-0.06981,Sidewalk
25.0,25.0378,4.4891,-0.03491,0.94,-0.0,272.9626,2.1004,walk_east_dn.0,541.8167,0.94,-0.0,0.94,-0.0,Sidewalk
25.5,25.5078,4.4891,-0.0,0.94,0.06981,272.4926,2.2159,walk_east_dn.0,540.9014,0.94,0.06981,0.94,0.06981,Sidewalk
26.0,25.9778,4.4891,-0.0,0.94,-0.0,272.0226,2.2862,walk_east_dn.0,539.8836,0.94,-0.0,0.94,-0.0,Sidewalk
26.5,26.4476,4.4727,-0.03491,0.94,-0.06981,271.5529,2.3514,walk_east_dn.0,538.9769,0.94,-0.06981,0.94,-0.06981,Sidewalk
27.0,26.9173,4.4563,-0.03491,0.94,-0.0,271.0831,2.4453,walk_east_dn.0,537.9601,0.94,-0.0,0.94,-0.0,Sidewalk
27.5,27.3873,4.4563,-0.0,0.94,0.06981,270.6131,2.5108,walk_east_dn.0,537.0648,0.94,0.06981,0.94,0.06981,Sidewalk
28.0,27.8573,4.4563,-0.0,0.94,-0.0,270.1431,2.6107,walk_east_dn.0,536.0469,0.94,-0.0,0.94,-0.0,Sidewalk
28.5,28.327,4.4399,-0.03491,0.94,-0.06981,269.6734,2.719,walk_east_dn.0,535.1383,0.94,-0.06981,0.94,-0.06981,Sidewalk
29.0,28.7967,4.4235,-0.03491,0.94,-0.0,269.2036,2.7819,walk_east_dn.0,534.1324,0.94,-0.0,0.94,-0.0,Sidewalk
29.5,29.2667,4.4235,-0.0,0.94,0.06981,268.7336,2.8399,walk_east_dn.0,533.2409,0.94,0.06981,0.94,0.06981,Sidewalk
30.0,29.7367,4.4235,-0.0,0.94,-0.0,268.2636,2.9509,walk_east_dn.0,532.2272,0.94,-0.0,0.94,-0.0,Sidewalk
30.5,30.2064,4.4071,-0.03491,0.94,-0.06981,267.7939,3.0196,walk_east_dn.0,531.3302,0.94,-0.06981,0.94,-0.06981,Sidewalk
31.0,30.6761,4.3907,-0.03491,0.94,-0.0,267.3242,3.0791,walk_east_dn.0,530.3263,0.94,-0.0,0.94,-0.0,Sidewalk
31.5,31.1461,4.3907,-0.0,0.94,0.06981,266.8542,3.206,walk_east_dn.0,529.4271,0.94,0.06981,0.94,0.06981,Sidewalk
32.0,31.6161,4.3907,-0.0,0.94,-0.0,266.3842,3.2858,walk_east_dn.0,528.4218,0.94,-0.0,0.94,-0.0,Sidewalk
32.5,32.0858,4.3743,-0.03491,0.94,-0.06981,265.9144,3.3735,walk_east_dn.0,527.5261,0.94,-0.06981,0.94,-0.06981,Sidewalk
33.0,32.5556,4.3579,-0.03491,0.94,-0.0,265.4447,3.4611,walk_east_dn.0,526.5205,0.94,-0.0,0.94,-0.0,Sidewalk
33.5,33.0256,4.3579,-0.0,0.94,0.06981,264.9747,3.4968,walk_east_up.1,525.6326,0.94,0.06981,0.94,0.06981,Sidewalk
34.0,33.4956,4.3579,-0.0,0.94,-0.0,264.5047,3.4677,walk_east_up.1,524.6404,0.94,-0.0,0.94,-0.0,Sidewalk
34.5,33.9653,4.3415,-0.03491,0.94,-0.06981,264.035,3.3555,walk_east_up.1,523.7675,0.94,-0.06981,0.94,-0.06981,Sidewalk
35.0,34.435,4.3251,-0.03491,0.94,-0.0,263.5652,3.2891,walk_east_up.1,522.7777,0.94,-0.0,0.94,-0.0,Sidewalk
35.5,34.905,4.3251,-0.0,0.94,0.06981,263.0952,3.2586,walk_east_up.1,521.8957,0.94,0.06981,0.94,0.06981,Sidewalk
36.0,35.375,4.3251,-0.0,0.94,-0.0,262.6252,3.1848,walk_east_up.1,520.9103,0.94,-0.0,0.94,-0.0,Sidewalk
36.5,35.8447,4.3087,-0.03491,0.94,-0.06981,262.1555,3.0428,walk_east_up.1,520.0452,0.94,-0.06981,0.94,-0.06981,Sidewalk
37.0,36.3144,4.2923,-0.03491,0.94,-0.0,261.6858,2.9595,walk_east_up.1,519.0591,0.94,-0.0,0.94,-0.0,Sidewalk
37.5,36.7844,4.2923,-0.0,0.94,0.06981,261.2158,2.9204,walk_east_up.1,518.1782,0.94,0.06981,0.94,0.06981,Sidewalk
38.0,37.2544,4.2923,-0.0,0.94,-0.0,260.7458,2.8726,walk_east_up.1,517.192,0.94,-0.0,0.94,-0.0,Sidewalk
38.5,37.7241,4.2759,-0.03491,0.94,-0.06981,260.276,2.7359,walk_east_up.1,516.3323,0.94,-0.06981,0.94,-0.06981,Sidewalk
39.0,38.1938,4.2595,-0.03491,0.94,-0.0,259.8063,2.704,walk_east_up.1,515.3395,0.94,-0.0,0.94,-0.0,Sidewalk
39.5,38.6638,4.2595,-0.0,0.94,0.06981,259.3363,2.6326,walk_east_up.1,514.4649,0.94,0.06981,0.94,0.06981,Sidewalk
40.0,39.1338,4.2595,-0.0,0.94,-0.0,258.8663,2.5032,walk_east_up.1,513.4984,0.94,-0.0,0.94,-0.0,Sidewalk
40.5,39.6035,4.2431,-0.03491,0.94,-0.06981,258.3966,2.4722,walk_east_up.1,512.6243,0.94,-0.06981,0.94,-0.06981,Sidewalk
41.0,40.0733,4.2266,-0.03491,0.94,-0.0,257.9268,2.3603,walk_east_up.1,511.6513,0.94,-0.0,0.94,-0.0,Sidewalk
41.5,40.5433,4.2266,-0.0,0.94,0.06981,257.4568,2.2463,walk_east_up.1,510.7922,0.94,0.06981,0.94,0.06981,Sidewalk
42.0,41.0133,4.2266,-0.0,0.94,-0.0,256.9868,2.115,walk_east_up.1,509.8398,0.94,-0.0,0.94,-0.0,Sidewalk
42.5,41.483,4.2102,-0.03491,0.94,-0.06981,256.5171,2.0825,walk_east_up.1,508.9709,0.94,-0.06981,0.94,-0.06981,Sidewalk
43.0,41.9527,4.1938,-0.03491,0.94,-0.0,256.0474,2.0259,walk_east_up.1,507.9907,0.94,-0.0,0.94,-0.0,Sidewalk
43.5,42.4227,4.1938,-0.0,0.94,0.06981,255.5774,1.959,walk_east_up.1,507.1257,0.94,0.06981,0.94,0.06981,Sidewalk
44.0,42.8927,4.1938,-0.0,0.94,-0.0,255.1074,1.8403,walk_east_up.1,506.1849,0.94,-0.0,0.94,-0.0,Sidewalk
44.5,43.3624,4.1774,-0.03491,0.94,-0.06981,254.6377,1.7303,walk_east_up.1,505.3611,0.94,-0.06981,0.94,-0.06981,Sidewalk
45.0,43.8321,4.161,-0.03491,0.94,-0.0,254.1679,1.6285,walk_east_up.1,504.4198,0.94,-0.0,0.94,-0.0,Sidewalk
45.5,44.3021,4.161,-0.0,0.94,0.06981,253.6979,1.5564,walk_east_up.1,503.5767,0.94,0.06981,0.94,0.06981,Sidewalk
46.0,44.7721,4.161,-0.0,0.94,-0.0,253.2279,1.5214,walk_east_up.1,502.6121,0.94,-0.0,0.94,-0.0,Sidewalk
46.5,45.2418,4.1446,-0.03491,0.94,-0.06981,252.7582,1.4858,walk_east_up.1,501.7629,0.94,-0.06981,0.94,-0.06981,Sidewalk
47.0,45.7115,4.1282,-0.03491,0.94,-0.0,252.2885,1.4228,walk_east_up.1,500.8156,0.94,-0.0,0.94,-0.0,Sidewalk
47.5,46.1815,4.1282,-0.0,0.94,0.06981,251.8185,1.3482,walk_east_up.1,499.9962,0.94,0.06981,0.94,0.06981,Sidewalk
48.0,46.6515,4.1282,-0.0,0.94,-0.0,251.3485,1.2908,walk_east_up.1,499.0715,0.94,-0.0,0.94,-0.0,Sidewalk
48.5,47.1213,4.1118,-0.03491,0.94,-0.06981,250.8788,1.2005,walk_east_up.1,498.316,0.94,-0.06981,0.94,-0.06981,Sidewalk
49.0,47.591,4.0954,-0.03491,0.94,-0.0,250.409,1.1823,walk_east_up.1,497.3418,0.94,-0.0,0.94,-0.0,Sidewalk
49.5,48.061,4.0954,-0.0,0.94,0.06981,249.939,1.0734,walk_east_up.1,496.6445,0.94,0.06981,0.94,0.06981,Sidewalk
50.0,48.531,4.0954,-0.0,0.94,-0.0,249.469,0.9726,walk_east_up.1,495.9042,0.94,-0.0,0.94,-0.0,Sidewalk
50.5,49.0007,4.079,-0.03491,0.94,-0.06981,248.9993,0.9541,walk_east_up.1,495.0852,0.94,-0.06981,0.94,-0.06981,Sidewalk
51.0,49.4704,4.0626,-0.03491,0.94,-0.0,248.5296,0.8708,walk_east_up.1,494.3862,0.94,-0.0,0.94,-0.0,Sidewalk
51.5,49.9393,4.0298,-0.06981,0.94,-0.06981,248.0607,0.8342,walk_east_up.1,493.7106,0.94,-0.06981,0.94,-0.06981,Sidewalk
52.0,50.4081,3.9971,-0.06981,0.94,-0.0,247.5919,0.7882,walk_east_up.1,492.9497,0.94,-0.0,0.94,-0.0,Sidewalk
52.5,50.8755,3.9479,-0.10472,0.94,-0.06981,247.1245,0.7994,walk_east_up.1,492.0676,0.94,-0.06981,0.94,-0.06981,Sidewalk
53.0,51.343,3.8988,-0.10472,0.94,-0.0,246.6571,0.804,walk_east_up.1,491.0049,0.94,-0.0,0.94,-0.0,Sidewalk
53.5,51.8118,3.866,-0.06981,0.94,0.06981,246.1882,0.8231,walk_east_up.1,489.9505,0.94,0.06981,0.94,0.06981,Sidewalk
54.0,52.2807,3.8332,-0.06981,0.94,-0.0,245.7194,0.8521,walk_east_up.1,488.8659,0.94,-0.0,0.94,-0.0,Sidewalk
54.5,52.7481,3.7841,-0.10472,0.94,-0.06981,245.252,0.9061,walk_east_up.1,487.8357,0.94,-0.06981,0.94,-0.06981,Sidewalk
55.0,53.2155,3.735,-0.10472,0.94,-0.0,244.7846,0.9579,walk_east_up.1,486.6235,0.94,-0.0,0.94,-0.0,Sidewalk
55.5,53.6844,3.7022,-0.06981,0.94,0.06981,244.3158,1.007,walk_east_up.1,485.5336,0.94,0.06981,0.94,0.06981,Sidewalk
56.0,54.1532,3.6694,-0.06981,0.94,-0.0,243.847,1.0668,walk_east_up.1,484.4766,0.94,-0.0,0.94,-0.0,Sidewalk
56.5,54.6207,3.6203,-0.10472,0.94,-0.06981,243.3796,1.1499,walk_east_up.1,483.5352,0.94,-0.06981,0.94,-0.06981,Sidewalk
57.0,55.0881,3.5711,-0.10472,0.94,-0.0,242.9123,1.2113,walk_east_up.1,482.4399,0.94,-0.0,0.94,-0.0,Sidewalk
57.5,55.5569,3.5384,-0.06981,0.94,0.06981,242.4435,1.264,walk_east_up.1,481.4804,0.94,0.06981,0.94,0.06981,Sidewalk
58.0,56.0258,3.5056,-0.06981,0.94,-0.0,241.9747,1.3569,walk_east_up.1,480.4539,0.94,-0.0,0.94,-0.0,Sidewalk
58.5,56.4955,3.4892,-0.03491,0.94,0.06981,241.505,1.3901,walk_east_up.1,479.5554,0.94,0.06981,0.94,0.06981,Sidewalk
59.0,56.9652,3.4728,-0.03491,0.94,-0.0,241.0354,1.4605,walk_east_up.1,478.5348,0.94,-0.0,0.94,-0.0,Sidewalk
59.5,57.4341,3.44,-0.06981,0.94,-0.06981,240.5666,1.5661,walk_east_up.1,477.5888,0.94,-0.06981,0.94,-0.06981,Sidewalk
60.0,57.9029,3.4072,-0.06981,0.94,-0.0,240.0978,1.6612,walk_east_up.1,476.57,0.94,-0.0,0.94,-0.0,Sidewalk
60.5,58.3726,3.3908,-0.03491,0.94,0.06981,239.6281,1.6985,walk_east_up.1,475.7049,0.94,0.06981,0.94,0.06981,Sidewalk
61.0,58.8424,3.3744,-0.03491,0.94,-0.0,239.1585,1.8017,walk_east_up.1,474.6583,0.94,-0.0,0.94,-0.0,Sidewalk
61.5,59.3124,3.3744,-0.0,0.94,0.06981,238.6885,1.8579,walk_east_up.1,473.9253,0.94,0.06981,0.94,0.06981,Sidewalk
62.0,59.7824,3.3744,-0.0,0.94,-0.0,238.2185,1.9062,walk_east_up.1,472.8329,0.94,-0.0,0.94,-0.0,Sidewalk
62.5,60.2521,3.358,-0.03491,0.94,-0.06981,237.7488,1.988,walk_east_up.1,471.8266,0.94,-0.06981,0.94,-0.06981,Sidewalk
63.0,60.7218,3.3416,-0.03491,0.94,-0.0,237.2791,2.0926,walk_east_up.1,470.8705,0.94,-0.0,0.94,-0.0,Sidewalk
63.5,61.1918,3.3416,-0.0,0.94,0.06981,236.8091,2.1535,walk_east_up.1,470.2016,0.94,0.06981,0.94,0.06981,Sidewalk
64.0,61.6618,3.3416,-0.0,0.94,-0.0,236.3391,2.2418,walk_east_up.1,469.0404,0.94,-0.0,0.94,-0.0,Sidewalk
64.5,62.1015,3.3262,-0.03491,0.88,-0.06981,235.8994,2.3058,walk_east_up.1,468.389,0.88,-0.06981,0.88,-0.06981,Sidewalk
65.0,62.5712,3.3098,-0.03491,0.94,-0.0,235.4298,2.383,walk_east_up.1,467.1446,0.94,-0.0,0.94,-0.0,Sidewalk
65.5,63.0412,3.3098,-0.0,0.94,0.06981,234.9598,2.4317,walk_east_up.1,466.5349,0.94,0.06981,0.94,0.06981,Sidewalk
66.0,63.5112,3.3098,-0.0,0.94,-0.0,234.4898,2.5519,walk_east_up.1,465.3026,0.94,-0.0,0.94,-0.0,Sidewalk
66.5,63.9809,3.3262,0.03491,0.94,0.06981,234.02,2.6577,walk_east_up.1,464.9458,0.94,0.06981,0.94,0.06981,Sidewalk
67.0,64.4507,3.3426,0.03491,0.94,-0.0,233.5503,2.6874,walk_east_up.1,463.5586,0.94,-0.0,0.94,-0.0,Sidewalk
67.5,64.9207,3.3426,-0.0,0.94,-0.06981,233.0803,2.719,walk_east_up.1,462.383,0.94,-0.06981,0.94,-0.06981,Sidewalk
68.0,65.3907,3.3426,-0.0,0.94,-0.0,232.6103,2.8358,walk_east_up.1,461.5779,0.94,-0.0,0.94,-0.0,Sidewalk
68.5,65.8304,3.3273,-0.03491,0.88,-0.06981,232.1706,2.982,walk_east_up.1,460.838,0.88,-0.06981,0.88,-0.06981,Sidewalk
69.0,66.3001,3.3109,-0.03491,0.94,-0.0,231.7009,3.0721,walk_east_up.1,459.6313,0.94,-0.0,0.94,-0.0,Sidewalk
69.5,66.7701,3.3109,-0.0,0.94,0.06981,231.2309,3.1078,walk_east_up.1,459.0175,0.94,0.06981,0.94,0.06981,Sidewalk
70.0,67.2401,3.3109,-0.0,0.94,-0.0,230.7609,3.1675,walk_east_up.1,457.778,0.94,-0.0,0.94,-0.0,Sidewalk
70.5,67.7098,3.3273,0.03491,0.94,0.06981,230.2912,3.2603,walk_east_up.1,457.1548,0.94,0.06981,0.94,0.06981,Sidewalk
71.0,68.1795,3.3437,0.03491,0.94,-0.0,229.8214,3.3114,walk_east_up.1,455.9185,0.94,-0.0,0.94,-0.0,Sidewalk
71.5,68.6495,3.3437,-0.0,0.94,-0.06981,229.3514,3.3977,walk_east_up.1,454.816,0.94,-0.06981,0.94,-0.06981,Sidewalk
72.0,69.1195,3.3437,-0.0,0.94,-0.0,228.8814,3.4718,walk_east_up.1,453.9194,0.94,-0.0,0.94,-0.0,Sidewalk
72.5,69.5892,3.3601,0.03491,0.94,0.06981,228.4117,3.5576,walk_east_up.1,453.1767,0.94,0.06981,0.94,0.06981,Sidewalk
73.0,70.059,3.3765,0.03491,0.94,-0.0,227.9419,3.6664,walk_east_up.1,452.0043,0.94,-0.0,0.94,-0.0,Sidewalk
73.5,70.529,3.3765,-0.0,0.94,-0.06981,227.4719,3.8018,walk_east_up.1,450.9577,0.94,-0.06981,0.94,-0.06981,Sidewalk
74.0,70.999,3.3765,-0.0,0.94,-0.0,227.0019,3.841,walk_east_up.1,450.0267,0.94,-0.0,0.94,-0.0,Sidewalk
74.5,71.4687,3.3601,-0.03491,0.94,-0.06981,226.5322,3.9603,walk_east_up.1,449.0473,0.94,-0.06981,0.94,-0.06981,Sidewalk
75.0,71.9384,3.3437,-0.03491,0.94,-0.0,226.0626,4.0624,walk_east_up.1,448.0661,0.94,-0.0,0.94,-0.0,Sidewalk
75.5,72.4084,3.3437,-0.0,0.94,0.06981,225.5926,4.1303,walk_east_up.1,447.1991,0.94,0.06981,0.94,0.06981,Sidewalk
76.0,72.8784,3.3437,-0.0,0.94,-0.0,225.1226,4.2365,walk_east_up.1,446.1486,0.94,-0.0,0.94,-0.0,Sidewalk
76.5,73.3481,3.3601,0.03491,0.94,0.06981,224.6528,4.3248,walk_east_up.1,445.2813,0.94,0.06981,0.94,0.06981,Sidewalk
77.0,73.8178,3.3765,0.03491,0.94,-0.0,224.1831,4.4087,walk_east_up.1,444.2347,0.94,-0.0,0.94,-0.0,Sidewalk
77.5,74.2878,3.3765,-0.0,0.94,-0.06981,223.7131,4.4801,walk_east_up.1,443.2944,0.94,-0.06981,0.94,-0.06981,Sidewalk
78.0,74.7578,3.3765,-0.0,0.94,-0.0,223.2431,4.521,walk_east_up.1,442.3207,0.94,-0.0,0.94,-0.0,Sidewalk
78.5,75.2275,3.3601,-0.03491,0.94,-0.06981,222.7734,4.596,walk_east_up.1,441.4146,0.94,-0.06981,0.94,-0.06981,Sidewalk
79.0,75.6972,3.3437,-0.03491,0.94,-0.0,222.3037,4.488,walk_east_mid.1,440.4074,0.94,-0.0,0.94,-0.0,Sidewalk
79.5,76.1672,3.3437,-0.0,0.94,0.06981,221.8337,4.4024,walk_east_mid.1,439.5001,0.94,0.06981,0.94,0.06981,Sidewalk
80.0,76.6372,3.3437,-0.0,0.94,-0.0,221.3637,4.3647,walk_east_mid.1,438.4955,0.94,-0.0,0.94,-0.0,Sidewalk
80.5,77.107,3.3601,0.03491,0.94,0.06981,220.894,4.2492,walk_east_mid.1,437.5991,0.94,0.06981,0.94,0.06981,Sidewalk
81.0,77.5767,3.3765,0.03491,0.94,-0.0,220.4242,4.2412,walk_east_mid.1,436.59,0.94,-0.0,0.94,-0.0,Sidewalk
81.5,78.0467,3.3765,-0.0,0.94,-0.06981,219.9542,4.167,walk_east_mid.1,435.6737,0.94,-0.06981,0.94,-0.06981,Sidewalk
82.0,78.5167,3.3765,-0.0,0.94,-0.0,219.4842,4.0704,walk_east_mid.1,434.6771,0.94,-0.0,0.94,-0.0,Sidewalk
82.5,78.9864,3.3929,0.03491,0.94,0.06981,219.0145,4.0111,walk_east_mid.1,433.7873,0.94,0.06981,0.94,0.06981,Sidewalk
83.0,79.4561,3.4093,0.03491,0.94,-0.0,218.5447,3.9167,walk_east_mid.1,432.7769,0.94,-0.0,0.94,-0.0,Sidewalk
83.5,79.9261,3.4093,-0.0,0.94,-0.06981,218.0747,3.897,walk_east_mid.1,431.8813,0.94,-0.06981,0.94,-0.06981,Sidewalk
84.0,80.3961,3.4093,-0.0,0.94,-0.0,217.6047,3.853,walk_east_mid.1,430.8835,0.94,-0.0,0.94,-0.0,Sidewalk
84.5,80.8658,3.4257,0.03491,0.94,0.06981,217.135,3.8205,walk_east_mid.1,429.985,0.94,0.06981,0.94,0.06981,Sidewalk
85.0,81.3355,3.4421,0.03491,0.94,-0.0,216.6652,3.7385,walk_east_mid.1,428.9823,0.94,-0.0,0.94,-0.0,Sidewalk
85.5,81.8055,3.4421,-0.0,0.94,-0.06981,216.1952,3.6465,walk_east_mid.1,428.0885,0.94,-0.06981,0.94,-0.06981,Sidewalk
86.0,82.2755,3.4421,-0.0,0.94,-0.0,215.7252,3.635,walk_east_mid.1,427.0877,0.94,-0.0,0.94,-0.0,Sidewalk
86.5,82.7452,3.4585,0.03491,0.94,0.06981,215.2554,3.5924,walk_east_mid.1,426.1986,0.94,0.06981,0.94,0.06981,Sidewalk
87.0,83.215,3.4749,0.03491,0.94,-0.0,214.7857,3.477,walk_east_mid.1,425.2168,0.94,-0.0,0.94,-0.0,Sidewalk
87.5,83.685,3.4749,-0.0,0.94,-0.06981,214.3157,3.4135,walk_east_mid.1,424.3453,0.94,-0.06981,0.94,-0.06981,Sidewalk
88.0,84.155,3.4749,-0.0,0.94,-0.0,213.8457,3.4079,walk_east_mid.1,423.3463,0.94,-0.0,0.94,-0.0,Sidewalk
88.5,84.6247,3.4913,0.03491,0.94,0.06981,213.3759,3.3905,walk_east_mid.1,422.4567,0.94,0.06981,0.94,0.06981,Sidewalk
89.0,85.0944,3.5077,0.03491,0.94,-0.0,212.9062,3.3495,walk_east_mid.1,421.4675,0.94,-0.0,0.94,-0.0,Sidewalk
89.5,85.5644,3.5077,-0.0,0.94,-0.06981,212.4362,3.2325,walk_east_mid.1,420.6016,0.94,-0.06981,0.94,-0.06981,Sidewalk
90.0,86.0344,3.5077,-0.0,0.94,-0.0,211.9662,3.2254,walk_east_mid.1,419.6037,0.94,-0.0,0.94,-0.0,Sidewalk
90.5,86.5041,3.5241,0.03491,0.94,0.06981,211.4964,3.2096,walk_east_mid.1,418.7154,0.94,0.06981,0.94,0.06981,Sidewalk
91.0,86.9738,3.5405,0.03491,0.94,-0.0,211.0267,3.1477,walk_east_mid.1,417.7288,0.94,-0.0,0.94,-0.0,Sidewalk
91.5,87.4438,3.5405,-0.0,0.94,-0.06981,210.5567,3.0594,walk_east_mid.1,416.8599,0.94,-0.06981,0.94,-0.06981,Sidewalk
92.0,87.9138,3.5405,-0.0,0.94,-0.0,210.0867,2.9662,walk_east_mid.1,415.8749,0.94,-0.0,0.94,-0.0,Sidewalk
92.5,88.3835,3.5569,0.03491,0.94,0.06981,209.6169,2.9482,walk_east_mid.1,414.9887,0.94,0.06981,0.94,0.06981,Sidewalk
93.0,88.8532,3.5733,0.03491,0.94,-0.0,209.1472,2.8878,walk_east_mid.1,414.0028,0.94,-0.0,0.94,-0.0,Sidewalk
93.5,89.3232,3.5733,-0.0,0.94,-0.06981,208.6772,2.8279,walk_east_mid.1,413.1306,0.94,-0.06981,0.94,-0.06981,Sidewalk
94.0,89.7932,3.5733,-0.0,0.94,-0.0,208.2072,2.7741,walk_east_mid.1,412.1424,0.94,-0.0,0.94,-0.0,Sidewalk
94.5,90.2629,3.5897,0.03491,0.94,0.06981,207.7375,2.7537,walk_east_mid.1,411.2583,0.94,0.06981,0.94,0.06981,Sidewalk
95.0,90.7327,3.6061,0.03491,0.94,-0.0,207.2677,2.6547,walk_east_mid.1,410.2804,0.94,-0.0,0.94,-0.0,Sidewalk
95.5,91.2027,3.6061,-0.0,0.94,-0.06981,206.7977,2.5494,walk_east_mid.1,409.4183,0.94,-0.06981,0.94,-0.06981,Sidewalk
96.0,91.6727,3.6061,-0.0,0.94,-0.0,206.3277,2.5443,walk_east_mid.1,408.4231,0.94,-0.0,0.94,-0.0,Sidewalk
96.5,92.1424,3.6225,0.03491,0.94,0.06981,205.858,2.4542,walk_east_mid.1,407.5562,0.94,0.06981,0.94,0.06981,Sidewalk
97.0,92.6121,3.6389,0.03491,0.94,-0.0,205.3882,2.337,walk_east_mid.1,406.5879,0.94,-0.0,0.94,-0.0,Sidewalk
97.5,93.0821,3.6389,-0.0,0.94,-0.06981,204.9182,2.2719,walk_east_mid.1,405.7211,0.94,-0.06981,0.94,-0.06981,Sidewalk
98.0,93.5521,3.6389,-0.0,0.94,-0.0,204.4482,2.1934,walk_east_mid.1,404.7478,0.94,-0.0,0.94,-0.0,Sidewalk
98.5,94.0218,3.6553,0.03491,0.94,0.06981,203.9785,2.1667,walk_east_mid.1,403.8709,0.94,0.06981,0.94,0.06981,Sidewalk
99.0,94.4915,3.6717,0.03491,0.94,-0.0,203.5088,2.1197,walk_east_mid.1,402.8886,0.94,-0.0,0.94,-0.0,Sidewalk
99.5,94.9615,3.6717,-0.0,0.94,-0.06981,203.0388,2.0128,walk_east_mid.1,402.0401,0.94,-0.06981,0.94,-0.06981,Sidewalk
100.0,95.4315,3.6717,-0.0,0.94,-0.0,202.5688,1.9924,walk_east_mid.1,401.053,0.94,-0.0,0.94,-0.0,Sidewalk
100.5,95.9012,3.6881,0.03491,0.94,0.06981,202.099,1.9292,walk_east_mid.1,400.194,0.94,0.06981,0.94,0.06981,Sidewalk
101.0,96.3709,3.7045,0.03491,0.94,-0.0,201.6293,1.8227,walk_east_mid.1,399.2428,0.94,-0.0,0.94,-0.0,Sidewalk
101.5,96.8409,3.7045,-0.0,0.94,-0.06981,201.1593,3.4506,walk_east_up.2,398.0002,0.94,-0.06981,0.94,-0.06981,Sidewalk
102.0,97.3109,3.7045,-0.0,0.94,-0.0,200.6893,3.3643,walk_east_up.2,397.0155,0.94,-0.0,0.94,-0.0,Sidewalk
102.5,97.7807,3.7209,0.03491,0.94,0.06981,200.2195,3.3202,walk_east_up.2,396.138,0.94,0.06981,0.94,0.06981,Sidewalk
103.0,98.2504,3.7373,0.03491,0.94,-0.0,199.7498,12.166,stand_0,394.9151,0.94,-0.0,0.94,-0.0,Sidewalk
103.5,98.7204,3.7373,-0.0,0.94,-0.06981,199.2798,11.6962,stand_0,394.0329,0.94,-0.06981,0.94,-0.06981,Sidewalk
104.0,99.1904,3.7373,-0.0,0.94,-0.0,198.8098,11.2265,stand_0,393.0459,0.94,-0.0,0.94,-0.0,Sidewalk
104.5,99.6601,3.7537,0.03491,0.94,0.06981,198.3401,10.7577,stand_0,392.1707,0.94,0.06981,0.94,0.06981,Sidewalk
105.0,100.1298,3.7701,0.03491,0.94,-0.0,197.8703,10.289,stand_0,391.1796,0.94,-0.0,0.94,-0.0,Sidewalk
105.5,100.5998,3.7701,-0.0,0.94,-0.06981,197.4003,9.8194,stand_0,390.2994,0.94,-0.06981,0.94,-0.06981,Sidewalk
106.0,101.0698,3.7701,-0.0,0.94,-0.0,196.9303,9.3499,stand_0,389.3169,0.94,-0.0,0.94,-0.0,Sidewalk
106.5,101.5395,3.7865,0.03491,0.94,0.06981,196.4606,8.8815,stand_0,388.4467,0.94,0.06981,0.94,0.06981,Sidewalk
107.0,102.0092,3.803,0.03491,0.94,-0.0,195.9909,8.4132,stand_0,387.4609,0.94,-0.0,0.94,-0.0,Sidewalk
107.5,102.4792,3.803,-0.0,0.94,-0.06981,195.5209,7.944,stand_0,386.5864,0.94,-0.06981,0.94,-0.06981,Sidewalk
108.0,102.9492,3.803,-0.0,0.94,-0.0,195.0509,7.4748,stand_0,385.6132,0.94,-0.0,0.94,-0.0,Sidewalk
108.5,103.4189,3.8194,0.03491,0.94,0.06981,194.5811,7.0071,stand_0,384.7531,0.94,0.06981,0.94,0.06981,Sidewalk
109.0,103.8887,3.8358,0.03491,0.94,-0.0,194.1114,6.5398,stand_0,383.7827,0.94,-0.0,0.94,-0.0,Sidewalk
109.5,104.3587,3.8358,-0.0,0.94,-0.06981,193.6414,6.0712,stand_0,382.9283,0.94,-0.06981,0.94,-0.06981,Sidewalk
110.0,104.8287,3.8358,-0.0,0.94,-0.0,193.1714,5.6029,stand_0,381.9833,0.94,-0.0,0.94,-0.0,Sidewalk
110.5,105.2984,3.8522,0.03491,0.94,0.06981,192.7017,5.1367,stand_0,381.1536,0.94,0.06981,0.94,0.06981,Sidewalk
111.0,105.7681,3.8686,0.03491,0.94,-0.0,192.232,4.6714,stand_0,380.2555,0.94,-0.0,0.94,-0.0,Sidewalk
111.5,106.2369,3.9013,0.06981,0.94,0.06981,191.7631,4.21,stand_0,379.4854,0.94,0.06981,0.94,0.06981,Sidewalk
112.0,106.7058,3.9341,0.06981,0.94,-0.0,191.2942,3.7508,stand_0,378.7292,0.94,-0.0,0.94,-0.0,Sidewalk
112.5,107.1732,3.9833,0.10472,0.94,0.06981,190.8268,3.2991,stand_0,377.9797,0.94,0.06981,0.94,0.06981,Sidewalk
113.0,107.6361,4.0649,0.17453,0.94,0.13963,190.3639,2.8658,stand_0,377.1954,0.94,0.13963,0.94,0.13963,Sidewalk
113.5,108.0958,4.1626,0.20944,0.94,0.06981,189.9043,2.4544,stand_0,376.2988,0.94,0.06981,0.94,0.06981,Sidewalk
114.0,108.5555,4.2603,0.20944,0.94,-0.0,189.4446,2.0681,stand_0,375.3918,0.94,-0.0,0.94,-0.0,Sidewalk
114.5,109.0184,4.3419,0.17453,0.94,-0.06981,188.9819,1.7119,stand_0,374.6015,0.94,-0.06981,0.94,-0.06981,Sidewalk
115.0,109.4813,4.4235,0.17453,0.94,-0.0,188.5192,1.4233,stand_0,373.5968,0.94,-0.0,0.94,-0.0,Sidewalk
115.5,109.9467,4.489,0.13963,0.94,-0.06981,188.054,1.2342,stand_0,372.6708,0.94,-0.06981,0.94,-0.06981,Sidewalk
116.0,110.4121,4.5544,0.13963,0.94,-0.0,187.5887,1.2094,stand_0,371.7688,0.94,-0.0,0.94,-0.0,Sidewalk
116.5,110.8795,4.6035,0.10472,0.94,-0.06981,187.1214,1.3432,stand_0,370.6222,0.94,-0.06981,0.94,-0.06981,Sidewalk
117.0,111.347,4.6526,0.10472,0.94,-0.0,186.6542,1.6087,stand_0,369.5012,0.94,-0.0,0.94,-0.0,Sidewalk
117.5,111.8158,4.6854,0.06981,0.94,-0.06981,186.1855,1.9424,stand_0,368.3677,0.94,-0.06981,0.94,-0.06981,Sidewalk
118.0,112.2847,4.7182,0.06981,0.94,-0.0,185.7167,2.3238,stand_0,367.3234,0.94,-0.0,0.94,-0.0,Sidewalk
118.5,112.7544,4.7346,0.03491,0.94,-0.06981,185.2471,2.7253,stand_0,366.2932,0.94,-0.06981,0.94,-0.06981,Sidewalk
119.0,113.2241,4.751,0.03491,0.94,-0.0,184.7774,3.1458,stand_0,365.2858,0.94,-0.0,0.94,-0.0,Sidewalk
119.5,113.6941,4.751,-0.0,0.94,-0.06981,184.3074,3.5724,stand_0,364.391,0.94,-0.06981,0.94,-0.06981,Sidewalk
120.0,114.1641,4.751,-0.0,0.94,-0.0,183.8374,4.0087,stand_0,363.4773,0.94,-0.0,0.94,-0.0,Sidewalk
120.5,114.6338,4.7346,-0.03491,0.94,-0.06981,183.3677,4.316,stand_1,362.7209,0.94,-0.06981,0.94,-0.06981,Sidewalk
121.0,115.1035,4.7182,-0.03491,0.94,-0.0,182.8979,3.8684,stand_1,361.8331,0.94,-0.0,0.94,-0.0,Sidewalk
121.5,115.5735,4.7182,-0.0,0.94,0.06981,182.4279,3.4331,stand_1,360.9618,0.94,0.06981,0.94,0.06981,Sidewalk
122.0,116.0435,4.7182,-0.0,0.94,-0.0,181.9579,3.0082,stand_1,360.223,0.94,-0.0,0.94,-0.0,Sidewalk
122.5,116.5132,4.7018,-0.03491,0.94,-0.06981,181.4881,2.5905,stand_1,359.876,0.94,-0.06981,0.94,-0.06981,Sidewalk
123.0,116.9829,4.6854,-0.03491,0.94,-0.0,181.0184,2.1941,stand_1,358.4712,0.94,-0.0,0.94,-0.0,Sidewalk
123.5,117.4529,4.6854,-0.0,0.94,0.06981,180.5484,1.8445,stand_1,357.4473,0.94,0.06981,0.94,0.06981,Sidewalk
124.0,117.9229,4.6854,-0.0,0.94,-0.0,180.0784,1.5595,stand_1,356.5212,0.94,-0.0,0.94,-0.0,Sidewalk
124.5,118.3927,4.669,-0.03491,0.94,-0.06981,179.6086,1.3638,stand_1,355.6777,0.94,-0.06981,0.94,-0.06981,Sidewalk
125.0,118.8624,4.6526,-0.03491,0.94,-0.0,179.1388,1.3153,stand_1,354.6688,0.94,-0.0,0.94,-0.0,Sidewalk
125.5,119.3324,4.6526,-0.0,0.94,0.06981,178.6688,1.4439,stand_1,353.6679,0.94,0.06981,0.94,0.06981,Sidewalk
126.0,119.8024,4.6526,-0.0,0.94,-0.0,178.1988,1.6974,stand_1,352.487,0.94,-0.0,0.94,-0.0,Sidewalk
126.5,120.2721,4.6362,-0.03491,0.94,-0.06981,177.7291,2.0189,stand_1,351.7056,0.94,-0.06981,0.94,-0.06981,Sidewalk
127.0,120.7395,4.5871,-0.10472,0.94,-0.13963,177.2615,2.3709,stand_1,351.0926,0.94,-0.13963,0.94,-0.13963,Sidewalk
127.5,121.1992,4.4893,-0.20944,0.94,-0.20944,176.8014,2.7306,stand_1,350.436,0.94,-0.20944,0.94,-0.20944,Sidewalk
128.0,121.651,4.3598,-0.27925,0.94,-0.13963,176.3493,2.4407,stand_12,349.6097,0.94,-0.13963,0.94,-0.13963,Sidewalk
128.5,122.098,4.2145,-0.31416,0.94,-0.06981,175.9021,2.0273,stand_12,348.7447,0.94,-0.06981,0.94,-0.06981,Sidewalk
129.0,122.545,4.0693,-0.31416,0.94,-0.0,175.455,1.6446,stand_12,347.8897,0.94,-0.0,0.94,-0.0,Sidewalk
129.5,122.9968,3.9398,-0.27925,0.94,0.06981,175.0032,1.3066,stand_12,347.0838,0.94,0.06981,0.94,0.06981,Sidewalk
130.0,123.4486,3.8102,-0.27925,0.94,-0.0,174.5515,1.073,stand_12,346.1683,0.94,-0.0,0.94,-0.0,Sidewalk
130.5,123.9047,3.6965,-0.24435,0.94,0.06981,174.0956,1.0022,stand_12,345.1713,0.94,0.06981,0.94,0.06981,Sidewalk
131.0,124.3675,3.6149,-0.17453,0.94,0.13963,173.6329,1.1107,stand_12,343.9785,0.94,0.13963,0.94,0.13963,Sidewalk
131.5,124.8329,3.5495,-0.13963,0.94,0.06981,173.1676,1.368,stand_12,342.6768,0.94,0.06981,0.94,0.06981,Sidewalk
132.0,125.2984,3.4841,-0.13963,0.94,-0.0,172.7024,1.7179,stand_12,341.5369,0.94,-0.0,0.94,-0.0,Sidewalk
132.5,125.7658,3.4349,-0.10472,0.94,0.06981,172.2351,2.1067,stand_12,340.3934,0.94,0.06981,0.94,0.06981,Sidewalk
133.0,126.2332,3.3858,-0.10472,0.94,-0.0,171.7679,2.5234,stand_12,339.3831,0.94,-0.0,0.94,-0.0,Sidewalk
133.5,126.7021,3.353,-0.06981,0.94,0.06981,171.2992,2.9499,stand_12,338.3457,0.94,0.06981,0.94,0.06981,Sidewalk
134.0,127.1709,3.3202,-0.06981,0.94,-0.0,170.8304,3.388,stand_12,337.4192,0.94,-0.0,0.94,-0.0,Sidewalk
134.5,127.6406,3.3038,-0.03491,0.94,0.06981,170.3608,3.8285,stand_12,336.5716,0.94,0.06981,0.94,0.06981,Sidewalk
135.0,128.1104,3.2874,-0.03491,0.94,-0.0,169.8911,4.2752,stand_12,335.7303,0.94,-0.0,0.94,-0.0,Sidewalk
135.5,128.5804,3.2874,-0.0,0.94,0.06981,169.4211,3.849,stand_4,335.0826,0.94,0.06981,0.94,0.06981,Sidewalk
136.0,129.0504,3.2874,-0.0,0.94,-0.0,168.9511,3.3887,stand_4,334.4505,0.94,-0.0,0.94,-0.0,Sidewalk
136.5,129.4101,3.2749,-0.03491,0.72,-0.06981,168.5914,3.0413,stand_4,334.6977,0.72,-0.06981,0.72,-0.06981,Sidewalk
137.0,129.8798,3.2585,-0.03491,0.94,-0.0,168.1218,2.593,stand_4,333.7436,0.94,-0.0,0.94,-0.0,Sidewalk
137.5,130.1598,3.2585,-0.0,0.56,0.06981,167.8418,2.3266,stand_4,334.7519,0.56,0.06981,0.56,0.06981,Sidewalk
138.0,130.5498,3.2585,-0.0,0.78,-0.0,167.4518,1.9619,stand_4,333.7437,0.78,-0.0,0.78,-0.0,Sidewalk
138.5,130.8597,3.2476,-0.03491,0.62,-0.06981,167.142,1.6852,stand_4,333.2732,0.62,-0.06981,0.62,-0.06981,Sidewalk
139.0,131.1295,3.2382,-0.03491,0.54,-0.0,166.8722,1.4552,stand_4,333.6505,0.54,-0.0,0.54,-0.0,Sidewalk
139.5,131.339,3.2236,-0.06981,0.42,-0.06981,166.6628,1.2918,stand_4,333.432,0.42,-0.06981,0.42,-0.06981,Sidewalk
140.0,131.5185,3.211,-0.06981,0.36,-0.0,166.4833,1.1638,stand_4,333.6581,0.36,-0.0,0.36,-0.0,Sidewalk
140.5,131.6677,3.1953,-0.10472,0.3,-0.06981,166.3342,1.0729,stand_4,333.4881,0.3,-0.06981,0.3,-0.06981,Sidewalk
141.0,131.797,3.1818,-0.10472,0.26,-0.0,166.205,1.0056,stand_4,333.6494,0.26,-0.0,0.26,-0.0,Sidewalk
141.5,131.9059,3.1664,-0.13963,0.22,-0.06981,166.0962,0.9624,stand_4,333.5864,0.22,-0.06981,0.22,-0.06981,Sidewalk
142.0,131.9951,3.1539,-0.13963,0.18,-0.0,166.0071,0.9352,stand_4,333.6704,0.18,-0.0,0.18,-0.0,Sidewalk
142.5,132.064,3.1418,-0.17453,0.14,-0.06981,165.9382,0.922,stand_4,333.6412,0.14,-0.06981,0.14,-0.06981,Sidewalk
143.0,132.1231,3.1313,-0.17453,0.12,-0.0,165.8792,0.9149,stand_4,333.6564,0.12,-0.0,0.12,-0.0,Sidewalk
143.5,132.172,3.1209,-0.20944,0.1,-0.06981,165.8303,0.9136,stand_4,333.6593,0.1,-0.06981,0.1,-0.06981,Sidewalk
144.0,132.2111,3.1126,-0.20944,0.08,-0.0,165.7913,0.9146,stand_4,333.6589,0.08,-0.0,0.08,-0.0,Sidewalk
144.5,132.2499,3.103,-0.24435,0.08,-0.06981,165.7525,0.9187,stand_4,333.6773,0.08,-0.06981,0.08,-0.06981,Sidewalk
145.0,132.279,3.0957,-0.24435,0.06,-0.0,165.7234,0.9229,stand_4,333.6854,0.06,-0.0,0.06,-0.0,Sidewalk
145.5,132.2983,3.0902,-0.27925,0.04,-0.06981,165.7042,0.9269,stand_4,333.6886,0.04,-0.06981,0.04,-0.06981,Sidewalk
146.0,132.3171,3.0833,-0.34907,0.04,-0.13963,165.6855,0.9326,stand_4,333.6638,0.04,-0.13963,0.04,-0.13963,Sidewalk
146.5,132.3356,3.0759,-0.38397,0.04,-0.06981,165.667,0.9395,stand_4,333.6773,0.04,-0.06981,0.04,-0.06981,Sidewalk
147.0,132.3449,3.0721,-0.38397,0.02,-0.0,165.6577,0.943,stand_4,333.6608,0.02,-0.0,0.02,-0.0,Sidewalk
147.5,132.354,3.068,-0.41888,0.02,-0.06981,165.6486,0.947,stand_4,333.671,0.02,-0.06981,0.02,-0.06981,Sidewalk
148.0,132.3631,3.064,-0.41888,0.02,-0.0,165.6395,0.951,stand_4,333.6738,0.02,-0.0,0.02,-0.0,Sidewalk
148.5,132.3721,3.0596,-0.45379,0.02,-0.06981,165.6305,0.9517,stand_6,333.6832,0.02,-0.06981,0.02,-0.06981,Sidewalk
149.0,132.3721,3.0596,-0.45379,0.0,-0.0,165.6305,0.9517,stand_6,333.6592,0.0,-0.0,0.0,-0.0,Sidewalk
149.5,132.3721,3.0596,-0.48869,0.0,-0.06981,165.6305,0.9517,stand_6,333.6718,0.0,-0.06981,0.0,-0.06981,Sidewalk
150.0,132.3721,3.0596,-0.48869,0.0,-0.0,165.6305,0.9517,stand_6,333.6592,0.0,-0.0,0.0,-0.0,Sidewalk
150.5,132.3721,3.0596,-0.5236,0.0,-0.06981,165.6305,0.9517,stand_6,333.6718,0.0,-0.06981,0.0,-0.06981,Sidewalk
151.0,132.3721,3.0596,-0.5236,0.0,-0.0,165.6305,0.9517,stand_6,333.6592,0.0,-0.0,0.0,-0.0,Sidewalk
151.5,132.3721,3.0596,-0.55851,0.0,-0.06981,165.6305,0.9517,stand_6,333.6718,0.0,-0.06981,0.0,-0.06981,Sidewalk
152.0,132.3721,3.0596,-0.55851,0.0,-0.0,165.6305,0.9517,stand_6,333.6592,0.0,-0.0,0.0,-0.0,Sidewalk
152.5,132.3721,3.0596,-0.59341,0.0,-0.06981,165.6305,0.9517,stand_6,333.6718,0.0,-0.06981,0.0,-0.06981,Sidewalk
153.0,132.3721,3.0596,-0.59341,0.0,-0.0,165.6305,0.9517,stand_6,333.6592,0.0,-0.0,0.0,-0.0,Sidewalk
153.5,132.3721,3.0596,-0.62832,0.0,-0.06981,165.6305,0.9517,stand_6,333.6718,0.0,-0.06981,0.0,-0.06981,Sidewalk
154.0,132.3721,3.0596,-0.62832,0.0,-0.0,165.6305,0.9517,stand_6,333.6592,0.0,-0.0,0.0,-0.0,Sidewalk
154.5,132.3721,3.0596,-0.66323,0.0,-0.06981,165.6305,0.9517,stand_6,333.6718,0.0,-0.06981,0.0,-0.06981,Sidewalk
155.0,132.3721,3.0596,-0.66323,0.0,-0.0,165.6305,0.9517,stand_6,333.6592,0.0,-0.0,0.0,-0.0,Sidewalk
155.5,132.3721,3.0596,-0.69813,0.0,-0.06981,165.6305,0.9517,stand_6,333.6718,0.0,-0.06981,0.0,-0.06981,Sidewalk
156.0,132.3721,3.0596,-0.69813,0.0,-0.0,165.6305,0.9517,stand_6,333.6592,0.0,-0.0,0.0,-0.0,Sidewalk
156.5,132.3721,3.0596,-0.73304,0.0,-0.06981,165.6305,0.9517,stand_6,333.6718,0.0,-0.06981,0.0,-0.06981,Sidewalk
157.0,132.3721,3.0596,-0.73304,0.0,-0.0,165.6305,0.9517,stand_6,333.6592,0.0,-0.0,0.0,-0.0,Sidewalk
157.5,132.3721,3.0596,-0.76794,0.0,-0.06981,165.6305,0.9517,stand_6,333.6718,0.0,-0.06981,0.0,-0.06981,Sidewalk
158.0,132.3721,3.0596,-0.76794,0.0,-0.0,165.6305,0.9517,stand_6,333.6592,0.0,-0.0,0.0,-0.0,Sidewalk
158.5,132.3721,3.0596,-0.80285,0.0,-0.06981,165.6305,0.9517,stand_6,333.6718,0.0,-0.06981,0.0,-0.06981,Sidewalk
159.0,132.3721,3.0596,-0.80285,0.0,-0.0,165.6305,0.9517,stand_6,333.6592,0.0,-0.0,0.0,-0.0,Sidewalk
159.5,132.3721,3.0596,-0.83776,0.0,-0.06981,165.6305,0.9517,stand_6,333.6718,0.0,-0.06981,0.0,-0.06981,Sidewalk
160.0,132.3721,3.0596,-0.83776,0.0,-0.0,165.6305,0.9517,stand_6,333.6592,0.0,-0.0,0.0,-0.0,Sidewalk
160.5,132.3721,3.0596,-0.87266,0.0,-0.06981,165.6305,0.9517,stand_6,333.6718,0.0,-0.06981,0.0,-0.06981,Sidewalk
161.0,132.3721,3.0596,-0.87266,0.0,-0.0,165.6305,0.9517,stand_6,333.6592,0.0,-0.0,0.0,-0.0,Sidewalk
161.5,132.3721,3.0596,-0.90757,0.0,-0.06981,165.6305,0.9517,stand_6,333.6718,0.0,-0.06981,0.0,-0.06981,Sidewalk
162.0,132.3721,3.0596,-0.90757,0.0,-0.0,165.6305,0.9517,stand_6,333.6592,0.0,-0.0,0.0,-0.0,Sidewalk
162.5,132.3721,3.0596,-0.94248,0.0,-0.06981,165.6305,0.9517,stand_6,333.6718,0.0,-0.06981,0.0,-0.06981,Sidewalk
163.0,132.3721,3.0596,-0.94248,0.0,-0.0,165.6305,0.9517,stand_6,333.6592,0.0,-0.0,0.0,-0.0,Sidewalk
163.5,132.3721,3.0596,-0.97738,0.0,-0.06981,165.6305,0.9517,stand_6,333.6718,0.0,-0.06981,0.0,-0.06981,Sidewalk
164.0,132.3721,3.0596,-0.97738,0.0,-0.0,165.6305,0.9517,stand_6,333.6592,0.0,-0.0,0.0,-0.0,Sidewalk
164.5,132.3721,3.0596,-1.01229,0.0,-0.06981,165.6305,0.9517,stand_6,333.6718,0.0,-0.06981,0.0,-0.06981,Sidewalk
165.0,132.3721,3.0596,-1.01229,0.0,-0.0,165.6305,0.9517,stand_6,333.6592,0.0,-0.0,0.0,-0.0,Sidewalk
165.5,132.3721,3.0596,-1.0472,0.0,-0.06981,165.6305,0.9517,stand_6,333.6718,0.0,-0.06981,0.0,-0.06981,Sidewalk
166.0,132.3721,3.0596,-1.0472,0.0,-0.0,165.6305,0.9517,stand_6,333.6592,0.0,-0.0,0.0,-0.0,Sidewalk
166.5,132.3721,3.0596,-1.0821,0.0,-0.06981,165.6305,0.9517,stand_6,333.6718,0.0,-0.06981,0.0,-0.06981,Sidewalk
167.0,132.3721,3.0596,-1.0821,0.0,-0.0,165.6305,0.9517,stand_6,333.6592,0.0,-0.0,0.0,-0.0,Sidewalk
167.5,132.3721,3.0596,-1.11701,0.0,-0.06981,165.6305,0.9517,stand_6,333.6718,0.0,-0.06981,0.0,-0.06981,Sidewalk
168.0,132.3721,3.0596,-1.11701,0.0,-0.0,165.6305,0.9517,stand_6,333.6592,0.0,-0.0,0.0,-0.0,Sidewalk
168.5,132.3721,3.0596,-1.15192,0.0,-0.06981,165.6305,0.9517,stand_6,333.6718,0.0,-0.06981,0.0,-0.06981,Sidewalk
169.0,132.3721,3.0596,-1.15192,0.0,-0.0,165.6305,0.9517,stand_6,333.6592,0.0,-0.0,0.0,-0.0,Sidewalk
169.5,132.3721,3.0596,-1.18682,0.0,-0.06981,165.6305,0.9517,stand_6,333.6718,0.0,-0.06981,0.0,-0.06981,Sidewalk
170.0,132.3721,3.0596,-1.18682,0.0,-0.0,165.6305,0.9517,stand_6,333.6592,0.0,-0.0,0.0,-0.0,Sidewalk
170.5,132.3721,3.0596,-1.22173,0.0,-0.06981,165.6305,0.9517,stand_6,333.6718,0.0,-0.06981,0.0,-0.06981,Sidewalk
171.0,132.3721,3.0596,-1.22173,0.0,-0.0,165.6305,0.9517,stand_6,333.6592,0.0,-0.0,0.0,-0.0,Sidewalk
171.5,132.3721,3.0596,-1.25664,0.0,-0.06981,165.6305,0.9517,stand_6,333.6718,0.0,-0.06981,0.0,-0.06981,Sidewalk
172.0,132.3721,3.0596,-1.25664,0.0,-0.0,165.6305,0.9517,stand_6,333.6592,0.0,-0.0,0.0,-0.0,Sidewalk
172.5,132.3721,3.0596,-1.29154,0.0,-0.06981,165.6305,0.9517,stand_6,333.6718,0.0,-0.06981,0.0,-0.06981,Sidewalk
173.0,132.3721,3.0596,-1.29154,0.0,-0.0,165.6305,0.9517,stand_6,333.6592,0.0,-0.0,0.0,-0.0,Sidewalk
173.5,132.3721,3.0596,-1.32645,0.0,-0.06981,165.6305,0.9517,stand_6,333.6718,0.0,-0.06981,0.0,-0.06981,Sidewalk
174.0,132.3721,3.0596,-1.32645,0.0,-0.0,165.6305,0.9517,stand_6,333.6592,0.0,-0.0,0.0,-0.0,Sidewalk
174.5,132.3721,3.0596,-1.36136,0.0,-0.06981,165.6305,0.9517,stand_6,333.6718,0.0,-0.06981,0.0,-0.06981,Sidewalk
175.0,132.3721,3.0596,-1.36136,0.0,-0.0,165.6305,0.9517,stand_6,333.6592,0.0,-0.0,0.0,-0.0,Sidewalk
175.5,132.3721,3.0596,-1.39626,0.0,-0.06981,165.6305,0.9517,stand_6,333.6718,0.0,-0.06981,0.0,-0.06981,Sidewalk
176.0,132.3721,3.0596,-1.39626,0.0,-0.0,165.6305,0.9517,stand_6,333.6592,0.0,-0.0,0.0,-0.0,Sidewalk
176.5,132.3721,3.0596,-1.43117,0.0,-0.06981,165.6305,0.9517,stand_6,333.6718,0.0,-0.06981,0.0,-0.06981,Sidewalk
177.0,132.3721,3.0596,-1.43117,0.0,-0.0,165.6305,0.9517,stand_6,333.6592,0.0,-0.0,0.0,-0.0,Sidewalk
177.5,132.3721,3.0596,-1.46608,0.0,-0.06981,165.6305,0.9517,stand_6,333.6718,0.0,-0.06981,0.0,-0.06981,Sidewalk
178.0,132.3721,3.0596,-1.46608,0.0,-0.0,165.6305,0.9517,stand_6,333.6592,0.0,-0.0,0.0,-0.0,Sidewalk
178.5,132.3721,3.0596,-1.50098,0.0,-0.06981,165.6305,0.9517,stand_6,333.6718,0.0,-0.06981,0.0,-0.06981,Sidewalk
179.0,132.3721,3.0596,-1.50098,0.0,-0.0,165.6305,0.9517,stand_6,333.6592,0.0,-0.0,0.0,-0.0,Sidewalk
179.5,132.3721,3.0596,-1.53589,0.0,-0.06981,165.6305,0.9517,stand_6,333.6718,0.0,-0.06981,0.0,-0.06981,Sidewalk
180.0,132.3721,3.0596,-1.53589,0.0,-0.0,165.6305,0.9517,stand_6,333.6592,0.0,-0.0,0.0,-0.0,Sidewalk
180.5,132.3721,3.0596,-1.5708,0.0,-0.06981,165.6305,0.9517,stand_6,333.6718,0.0,-0.06981,0.0,-0.06981,Sidewalk
181.0,132.3721,3.0596,-1.5708,0.0,-0.0,165.6305,0.9517,stand_6,333.6592,0.0,-0.0,0.0,-0.0,Sidewalk
181.5,132.3721,3.0596,-1.6057,0.0,-0.06981,165.6305,0.9517,stand_6,333.6718,0.0,-0.06981,0.0,-0.06981,Sidewalk
182.0,132.3721,3.0596,-1.6057,0.0,-0.0,165.6305,0.9517,stand_6,333.6592,0.0,-0.0,0.0,-0.0,Sidewalk
182.5,132.3721,3.0596,-1.64061,0.0,-0.06981,165.6305,0.9517,stand_6,333.6718,0.0,-0.06981,0.0,-0.06981,Sidewalk
183.0,132.3721,3.0596,-1.64061,0.0,-0.0,165.6305,0.9517,stand_6,333.6592,0.0,-0.0,0.0,-0.0,Sidewalk
183.5,132.3721,3.0596,-1.67552,0.0,-0.06981,165.6305,0.9517,stand_6,333.6718,0.0,-0.06981,0.0,-0.06981,Sidewalk
184.0,132.3721,3.0596,-1.67552,0.0,-0.0,165.6305,0.9517,stand_6,333.6592,0.0,-0.0,0.0,-0.0,Sidewalk
184.5,132.3721,3.0596,-1.71042,0.0,-0.06981,165.6305,0.9517,stand_6,333.6718,0.0,-0.06981,0.0,-0.06981,Sidewalk
185.0,132.3721,3.0596,-1.71042,0.0,-0.0,165.6305,0.9517,stand_6,333.6592,0.0,-0.0,0.0,-0.0,Sidewalk
185.5,132.3721,3.0596,-1.74533,0.0,-0.06981,165.6305,0.9517,stand_6,333.6718,0.0,-0.06981,0.0,-0.06981,Sidewalk
186.0,132.3721,3.0596,-1.74533,0.0,-0.0,165.6305,0.9517,stand_6,333.6592,0.0,-0.0,0.0,-0.0,Sidewalk
186.5,132.3721,3.0596,-1.78024,0.0,-0.06981,165.6305,0.9517,stand_6,333.6718,0.0,-0.06981,0.0,-0.06981,Sidewalk
187.0,132.3721,3.0596,-1.78024,0.0,-0.0,165.6305,0.9517,stand_6,333.6592,0.0,-0.0,0.0,-0.0,Sidewalk
187.5,132.3721,3.0596,-1.81514,0.0,-0.06981,165.6305,0.9517,stand_6,333.6718,0.0,-0.06981,0.0,-0.06981,Sidewalk
188.0,132.3721,3.0596,-1.81514,0.0,-0.0,165.6305,0.9517,stand_6,333.6592,0.0,-0.0,0.0,-0.0,Sidewalk
188.5,132.3721,3.0596,-1.85005,0.0,-0.06981,165.6305,0.9517,stand_6,333.6718,0.0,-0.06981,0.0,-0.06981,Sidewalk
189.0,132.3721,3.0596,-1.85005,0.0,-0.0,165.6305,0.9517,stand_6,333.6592,0.0,-0.0,0.0,-0.0,Sidewalk
189.5,132.3721,3.0596,-1.88496,0.0,-0.06981,165.6305,0.9517,stand_6,333.6718,0.0,-0.06981,0.0,-0.06981,Sidewalk
190.0,132.3721,3.0596,-1.88496,0.0,-0.0,165.6305,0.9517,stand_6,333.6592,0.0,-0.0,0.0,-0.0,Sidewalk
190.5,132.3721,3.0596,-1.91986,0.0,-0.06981,165.6305,0.9517,stand_6,333.6718,0.0,-0.06981,0.0,-0.06981,Sidewalk
191.0,132.3721,3.0596,-1.91986,0.0,-0.0,165.6305,0.9517,stand_6,333.6592,0.0,-0.0,0.0,-0.0,Sidewalk
191.5,132.3721,3.0596,-1.95477,0.0,-0.06981,165.6305,0.9517,stand_6,333.6718,0.0,-0.06981,0.0,-0.06981,Sidewalk
192.0,132.3721,3.0596,-1.95477,0.0,-0.0,165.6305,0.9517,stand_6,333.6592,0.0,-0.0,0.0,-0.0,Sidewalk
192.5,132.3721,3.0596,-1.98968,0.0,-0.06981,165.6305,0.9517,stand_6,333.6718,0.0,-0.06981,0.0,-0.06981,Sidewalk
193.0,132.3721,3.0596,-1.98968,0.0,-0.0,165.6305,0.9517,stand_6,333.6592,0.0,-0.0,0.0,-0.0,Sidewalk
193.5,132.3721,3.0596,-2.02458,0.0,-0.06981,165.6305,0.9517,stand_6,333.6718,0.0,-0.06981,0.0,-0.06981,Sidewalk
194.0,132.3721,3.0596,-2.02458,0.0,-0.0,165.6305,0.9517,stand_6,333.6592,0.0,-0.0,0.0,-0.0,Sidewalk
194.5,132.3721,3.0596,-2.05949,0.0,-0.06981,165.6305,0.9517,stand_6,333.6718,0.0,-0.06981,0.0,-0.06981,Sidewalk
195.0,132.3721,3.0596,-2.05949,0.0,-0.0,165.6305,0.9517,stand_6,333.6592,0.0,-0.0,0.0,-0.0,Sidewalk
195.5,132.3721,3.0596,-2.0944,0.0,-0.06981,165.6305,0.9517,stand_6,333.6718,0.0,-0.06981,0.0,-0.06981,Sidewalk
196.0,132.3721,3.0596,-2.0944,0.0,-0.0,165.6305,0.9517,stand_6,333.6592,0.0,-0.0,0.0,-0.0,Sidewalk
196.5,132.3721,3.0596,-2.1293,0.0,-0.06981,165.6305,0.9517,stand_6,333.6718,0.0,-0.06981,0.0,-0.06981,Sidewalk
197.0,132.3721,3.0596,-2.1293,0.0,-0.0,165.6305,0.9517,stand_6,333.6592,0.0,-0.0,0.0,-0.0,Sidewalk
197.5,132.3721,3.0596,-2.16421,0.0,-0.06981,165.6305,0.9517,stand_6,333.6718,0.0,-0.06981,0.0,-0.06981,Sidewalk
198.0,132.3721,3.0596,-2.16421,0.0,-0.0,165.6305,0.9517,stand_6,333.6592,0.0,-0.0,0.0,-0.0,Sidewalk
198.5,132.3721,3.0596,-2.19911,0.0,-0.06981,165.6305,0.9517,stand_6,333.6718,0.0,-0.06981,0.0,-0.06981,Sidewalk
199.0,132.3721,3.0596,-2.19911,0.0,-0.0,165.6305,0.9517,stand_6,333.6592,0.0,-0.0,0.0,-0.0,Sidewalk
199.5,132.3721,3.0596,-2.23402,0.0,-0.06981,165.6305,0.9517,stand_6,333.6718,0.0,-0.06981,0.0,-0.06981,Sidewalk
200.0,132.3721,3.0596,-2.23402,0.0,-0.0,165.6305,0.9517,stand_6,333.6592,0.0,-0.0,0.0,-0.0,Sidewalk
200.5,132.3721,3.0596,-2.26893,0.0,-0.06981,165.6305,0.9517,stand_6,333.6718,0.0,-0.06981,0.0,-0.06981,Sidewalk
201.0,132.3721,3.0596,-2.26893,0.0,-0.0,165.6305,0.9517,stand_6,333.6592,0.0,-0.0,0.0,-0.0,Sidewalk
201.5,132.3721,3.0596,-2.30383,0.0,-0.06981,165.6305,0.9517,stand_6,333.6718,0.0,-0.06981,0.0,-0.06981,Sidewalk
202.0,132.3721,3.0596,-2.30383,0.0,-0.0,165.6305,0.9517,stand_6,333.6592,0.0,-0.0,0.0,-0.0,Sidewalk
202.5,132.3721,3.0596,-2.33874,0.0,-0.06981,165.6305,0.9517,stand_6,333.6718,0.0,-0.06981,0.0,-0.06981,Sidewalk
203.0,132.3721,3.0596,-2.33874,0.0,-0.0,165.6305,0.9517,stand_6,333.6592,0.0,-0.0,0.0,-0.0,Sidewalk
203.5,132.3721,3.0596,-2.37365,0.0,-0.06981,165.6305,0.9517,stand_6,333.6718,0.0,-0.06981,0.0,-0.06981,Sidewalk
204.0,132.3721,3.0596,-2.37365,0.0,-0.0,165.6305,0.9517,stand_6,333.6592,0.0,-0.0,0.0,-0.0,Sidewalk
204.5,132.3721,3.0596,-2.40855,0.0,-0.06981,165.6305,0.9517,stand_6,333.6718,0.0,-0.06981,0.0,-0.06981,Sidewalk
205.0,132.3721,3.0596,-2.40855,0.0,-0.0,165.6305,0.9517,stand_6,333.6592,0.0,-0.0,0.0,-0.0,Sidewalk
205.5,132.3721,3.0596,-2.44346,0.0,-0.06981,165.6305,0.9517,stand_6,333.6718,0.0,-0.06981,0.0,-0.06981,Sidewalk
206.0,132.3721,3.0596,-2.44346,0.0,-0.0,165.6305,0.9517,stand_6,333.6592,0.0,-0.0,0.0,-0.0,Sidewalk
206.5,132.3721,3.0596,-2.47837,0.0,-0.06981,165.6305,0.9517,stand_6,333.6718,0.0,-0.06981,0.0,-0.06981,Sidewalk
207.0,132.3721,3.0596,-2.47837,0.0,-0.0,165.6305,0.9517,stand_6,333.6592,0.0,-0.0,0.0,-0.0,Sidewalk
207.5,132.3721,3.0596,-2.51327,0.0,-0.06981,165.6305,0.9517,stand_6,333.6718,0.0,-0.06981,0.0,-0.06981,Sidewalk
208.0,132.3721,3.0596,-2.51327,0.0,-0.0,165.6305,0.9517,stand_6,333.6592,0.0,-0.0,0.0,-0.0,Sidewalk
208.5,132.3721,3.0596,-2.54818,0.0,-0.06981,165.6305,0.9517,stand_6,333.6718,0.0,-0.06981,0.0,-0.06981,Sidewalk
209.0,132.3721,3.0596,-2.54818,0.0,-0.0,165.6305,0.9517,stand_6,333.6592,0.0,-0.0,0.0,-0.0,Sidewalk
209.5,132.3721,3.0596,-2.58309,0.0,-0.06981,165.6305,0.9517,stand_6,333.6718,0.0,-0.06981,0.0,-0.06981,Sidewalk
210.0,132.3721,3.0596,-2.58309,0.0,-0.0,165.6305,0.9517,stand_6,333.6592,0.0,-0.0,0.0,-0.0,Sidewalk
210.5,132.3721,3.0596,-2.61799,0.0,-0.06981,165.6305,0.9517,stand_6,333.6718,0.0,-0.06981,0.0,-0.06981,Sidewalk
211.0,132.3721,3.0596,-2.61799,0.0,-0.0,165.6305,0.9517,stand_6,333.6592,0.0,-0.0,0.0,-0.0,Sidewalk
211.5,132.3721,3.0596,-2.6529,0.0,-0.06981,165.6305,0.9517,stand_6,333.6718,0.0,-0.06981,0.0,-0.06981,Sidewalk
212.0,132.3721,3.0596,-2.6529,0.0,-0.0,165.6305,0.9517,stand_6,333.6592,0.0,-0.0,0.0,-0.0,Sidewalk
212.5,132.3721,3.0596,-2.68781,0.0,-0.06981,165.6305,0.9517,stand_6,333.6718,0.0,-0.06981,0.0,-0.06981,Sidewalk
213.0,132.3721,3.0596,-2.68781,0.0,-0.0,165.6305,0.9517,stand_6,333.6592,0.0,-0.0,0.0,-0.0,Sidewalk
213.5,132.3721,3.0596,-2.72271,0.0,-0.06981,165.6305,0.9517,stand_6,333.6718,0.0,-0.06981,0.0,-0.06981,Sidewalk
214.0,132.3721,3.0596,-2.72271,0.0,-0.0,165.6305,0.9517,stand_6,333.6592,0.0,-0.0,0.0,-0.0,Sidewalk
214.5,132.3721,3.0596,-2.75762,0.0,-0.06981,165.6305,0.9517,stand_6,333.6718,0.0,-0.06981,0.0,-0.06981,Sidewalk
215.0,132.3721,3.0596,-2.75762,0.0,-0.0,165.6305,0.9517,stand_6,333.6592,0.0,-0.0,0.0,-0.0,Sidewalk
215.5,132.3721,3.0596,-2.79253,0.0,-0.06981,165.6305,0.9517,stand_6,333.6718,0.0,-0.06981,0.0,-0.06981,Sidewalk
216.0,132.3721,3.0596,-2.79253,0.0,-0.0,165.6305,0.9517,stand_6,333.6592,0.0,-0.0,0.0,-0.0,Sidewalk
216.5,132.3721,3.0596,-2.82743,0.0,-0.06981,165.6305,0.9517,stand_6,333.6718,0.0,-0.06981,0.0,-0.06981,Sidewalk
217.0,132.3721,3.0596,-2.82743,0.0,-0.0,165.6305,0.9517,stand_6,333.6592,0.0,-0.0,0.0,-0.0,Sidewalk
217.5,132.3721,3.0596,-2.86234,0.0,-0.06981,165.6305,0.9517,stand_6,333.6718,0.0,-0.06981,0.0,-0.06981,Sidewalk
218.0,132.3721,3.0596,-2.86234,0.0,-0.0,165.6305,0.9517,stand_6,333.6592,0.0,-0.0,0.0,-0.0,Sidewalk
218.5,132.3721,3.0596,-2.89725,0.0,-0.06981,165.6305,0.9517,stand_6,333.6718,0.0,-0.06981,0.0,-0.06981,Sidewalk
219.0,132.3721,3.0596,-2.89725,0.0,-0.0,165.6305,0.9517,stand_6,333.6592,0.0,-0.0,0.0,-0.0,Sidewalk
219.5,132.3721,3.0596,-2.93215,0.0,-0.06981,165.6305,0.9517,stand_6,333.6718,0.0,-0.06981,0.0,-0.06981,Sidewalk
220.0,132.3721,3.0596,-2.93215,0.0,-0.0,165.6305,0.9517,stand_6,333.6592,0.0,-0.0,0.0,-0.0,Sidewalk
220.5,132.3721,3.0596,-2.96706,0.0,-0.06981,165.6305,0.9517,stand_6,333.6718,0.0,-0.06981,0.0,-0.06981,Sidewalk
221.0,132.3721,3.0596,-2.96706,0.0,-0.0,165.6305,0.9517,stand_6,333.6592,0.0,-0.0,0.0,-0.0,Sidewalk
221.5,132.3721,3.0596,-3.00197,0.0,-0.06981,165.6305,0.9517,stand_6,333.6718,0.0,-0.06981,0.0,-0.06981,Sidewalk
222.0,132.3721,3.0596,-3.00197,0.0,-0.0,165.6305,0.9517,stand_6,333.6592,0.0,-0.0,0.0,-0.0,Sidewalk
222.5,132.3721,3.0596,-3.03687,0.0,-0.06981,165.6305,0.9517,stand_6,333.6718,0.0,-0.06981,0.0,-0.06981,Sidewalk
223.0,132.3721,3.0596,-3.03687,0.0,-0.0,165.6305,0.9517,stand_6,333.6592,0.0,-0.0,0.0,-0.0,Sidewalk
223.5,132.3721,3.0596,-3.07178,0.0,-0.06981,165.6305,0.9517,stand_6,333.6718,0.0,-0.06981,0.0,-0.06981,Sidewalk
224.0,132.3721,3.0596,-3.07178,0.0,-0.0,165.6305,0.9517,stand_6,333.6592,0.0,-0.0,0.0,-0.0,Sidewalk
224.5,132.3721,3.0596,-3.10669,0.0,-0.06981,165.6305,0.9517,stand_6,333.6718,0.0,-0.06981,0.0,-0.06981,Sidewalk
225.0,132.3721,3.0596,-3.10669,0.0,-0.0,165.6305,0.9517,stand_6,333.6592,0.0,-0.0,0.0,-0.0,Sidewalk
225.5,132.3721,3.0596,3.14159,0.0,-0.06981,165.6305,0.9517,stand_6,333.6718,0.0,-0.06981,0.0,-0.06981,Sidewalk
226.0,132.3721,3.0596,3.14159,0.0,-0.0,165.6305,0.9517,stand_6,333.6592,0.0,-0.0,0.0,-0.0,Sidewalk
226.5,132.3721,3.0596,3.10669,0.0,-0.06981,165.6305,0.9517,stand_6,333.6718,0.0,-0.06981,0.0,-0.06981,Sidewalk
227.0,132.3721,3.0596,3.10669,0.0,-0.0,165.6305,0.9517,stand_6,333.6592,0.0,-0.0,0.0,-0.0,Sidewalk
227.5,132.3721,3.0596,3.07178,0.0,-0.06981,165.6305,0.9517,stand_6,333.6718,0.0,-0.06981,0.0,-0.06981,Sidewalk
228.0,132.3721,3.0596,3.07178,0.0,-0.0,165.6305,0.9517,stand_6,333.6592,0.0,-0.0,0.0,-0.0,Sidewalk
228.5,132.3721,3.0596,3.03687,0.0,-0.06981,165.6305,0.9517,stand_6,333.6718,0.0,-0.06981,0.0,-0.06981,Sidewalk
229.0,132.3721,3.0596,3.03687,0.0,-0.0,165.6305,0.9517,stand_6,333.6592,0.0,-0.0,0.0,-0.0,Sidewalk
229.5,132.3721,3.0596,3.00197,0.0,-0.06981,165.6305,0.9517,stand_6,333.6718,0.0,-0.06981,0.0,-0.06981,Sidewalk
230.0,132.3721,3.0596,3.00197,0.0,-0.0,165.6305,0.9517,stand_6,333.6592,0.0,-0.0,0.0,-0.0,Sidewalk
230.5,132.3721,3.0596,2.96706,0.0,-0.06981,165.6305,0.9517,stand_6,333.6718,0.0,-0.06981,0.0,-0.06981,Sidewalk
231.0,132.3721,3.0596,2.96706,0.0,-0.0,165.6305,0.9517,stand_6,333.6592,0.0,-0.0,0.0,-0.0,Sidewalk
231.5,132.3721,3.0596,2.93215,0.0,-0.06981,165.6305,0.9517,stand_6,333.6718,0.0,-0.06981,0.0,-0.06981,Sidewalk
232.0,132.3721,3.0596,2.93215,0.0,-0.0,165.6305,0.9517,stand_6,333.6592,0.0,-0.0,0.0,-0.0,Sidewalk
232.5,132.3721,3.0596,2.89725,0.0,-0.06981,165.6305,0.9517,stand_6,333.6718,0.0,-0.06981,0.0,-0.06981,Sidewalk
233.0,132.3721,3.0596,2.89725,0.0,-0.0,165.6305,0.9517,stand_6,333.6592,0.0,-0.0,0.0,-0.0,Sidewalk
233.5,132.3721,3.0596,2.86234,0.0,-0.06981,165.6305,0.9517,stand_6,333.6718,0.0,-0.06981,0.0,-0.06981,Sidewalk
234.0,132.3721,3.0596,2.86234,0.0,-0.0,165.6305,0.9517,stand_6,333.6592,0.0,-0.0,0.0,-0.0,Sidewalk
234.5,132.3721,3.0596,2.82743,0.0,-0.06981,165.6305,0.9517,stand_6,333.6718,0.0,-0.06981,0.0,-0.06981,Sidewalk
235.0,132.3721,3.0596,2.82743,0.0,-0.0,165.6305,0.9517,stand_6,333.6592,0.0,-0.0,0.0,-0.0,Sidewalk
235.5,132.3721,3.0596,2.79253,0.0,-0.06981,165.6305,0.9517,stand_6,333.6718,0.0,-0.06981,0.0,-0.06981,Sidewalk
236.0,132.3721,3.0596,2.79253,0.0,-0.0,165.6305,0.9517,stand_6,333.6592,0.0,-0.0,0.0,-0.0,Sidewalk
236.5,132.3721,3.0596,2.75762,0.0,-0.06981,165.6305,0.9517,stand_6,333.6718,0.0,-0.06981,0.0,-0.06981,Sidewalk
237.0,132.3721,3.0596,2.75762,0.0,-0.0,165.6305,0.9517,stand_6,333.6592,0.0,-0.0,0.0,-0.0,Sidewalk
237.5,132.3721,3.0596,2.72271,0.0,-0.06981,165.6305,0.9517,stand_6,333.6718,0.0,-0.06981,0.0,-0.06981,Sidewalk
238.0,132.3721,3.0596,2.72271,0.0,-0.0,165.6305,0.9517,stand_6,333.6592,0.0,-0.0,0.0,-0.0,Sidewalk
238.5,132.3721,3.0596,2.68781,0.0,-0.06981,165.6305,0.9517,stand_6,333.6718,0.0,-0.06981,0.0,-0.06981,Sidewalk
239.0,132.3721,3.0596,2.68781,0.0,-0.0,165.6305,0.9517,stand_6,333.6592,0.0,-0.0,0.0,-0.0,Sidewalk
239.5,132.3721,3.0596,2.6529,0.0,-0.06981,165.6305,0.9517,stand_6,333.6718,0.0,-0.06981,0.0,-0.06981,Sidewalk
240.0,132.3721,3.0596,2.6529,0.0,-0.0,165.6305,0.9517,stand_6,333.6592,0.0,-0.0,0.0,-0.0,Sidewalk
240.5,132.3721,3.0596,2.61799,0.0,-0.06981,165.6305,0.9517,stand_6,333.6718,0.0,-0.06981,0.0,-0.06981,Sidewalk
241.0,132.3721,3.0596,2.61799,0.0,-0.0,165.6305,0.9517,stand_6,333.6592,0.0,-0.0,0.0,-0.0,Sidewalk
241.5,132.3721,3.0596,2.58309,0.0,-0.06981,165.6305,0.9517,stand_6,333.6718,0.0,-0.06981,0.0,-0.06981,Sidewalk
242.0,132.3721,3.0596,2.58309,0.0,-0.0,165.6305,0.9517,stand_6,333.6592,0.0,-0.0,0.0,-0.0,Sidewalk
242.5,132.3721,3.0596,2.54818,0.0,-0.06981,165.6305,0.9517,stand_6,333.6718,0.0,-0.06981,0.0,-0.06981,Sidewalk
243.0,132.3721,3.0596,2.54818,0.0,-0.0,165.6305,0.9517,stand_6,333.6592,0.0,-0.0,0.0,-0.0,Sidewalk
243.5,132.3721,3.0596,2.51327,0.0,-0.06981,165.6305,0.9517,stand_6,333.6718,0.0,-0.06981,0.0,-0.06981,Sidewalk
244.0,132.3721,3.0596,2.51327,0.0,-0.0,165.6305,0.9517,stand_6,333.6592,0.0,-0.0,0.0,-0.0,Sidewalk
244.5,132.3721,3.0596,2.47837,0.0,-0.06981,165.6305,0.9517,stand_6,333.6718,0.0,-0.06981,0.0,-0.06981,Sidewalk
245.0,132.3721,3.0596,2.47837,0.0,-0.0,165.6305,0.9517,stand_6,333.6592,0.0,-0.0,0.0,-0.0,Sidewalk
245.5,132.3721,3.0596,2.44346,0.0,-0.06981,165.6305,0.9517,stand_6,333.6718,0.0,-0.06981,0.0,-0.06981,Sidewalk
246.0,132.3721,3.0596,2.44346,0.0,-0.0,165.6305,0.9517,stand_6,333.6592,0.0,-0.0,0.0,-0.0,Sidewalk
246.5,132.3721,3.0596,2.40855,0.0,-0.06981,165.6305,0.9517,stand_6,333.6718,0.0,-0.06981,0.0,-0.06981,Sidewalk
247.0,132.3721,3.0596,2.40855,0.0,-0.0,165.6305,0.9517,stand_6,333.6592,0.0,-0.0,0.0,-0.0,Sidewalk
247.5,132.3721,3.0596,2.37365,0.0,-0.06981,165.6305,0.9517,stand_6,333.6718,0.0,-0.06981,0.0,-0.06981,Sidewalk
248.0,132.3721,3.0596,2.37365,0.0,-0.0,165.6305,0.9517,stand_6,333.6592,0.0,-0.0,0.0,-0.0,Sidewalk
248.5,132.3721,3.0596,2.33874,0.0,-0.06981,165.6305,0.9517,stand_6,333.6718,0.0,-0.06981,0.0,-0.06981,Sidewalk
249.0,132.3721,3.0596,2.33874,0.0,-0.0,165.6305,0.9517,stand_6,333.6592,0.0,-0.0,0.0,-0.0,Sidewalk
249.5,132.3721,3.0596,2.30383,0.0,-0.06981,165.6305,0.9517,stand_6,333.6718,0.0,-0.06981,0.0,-0.06981,Sidewalk
250.0,132.3721,3.0596,2.30383,0.0,-0.0,165.6305,0.9517,stand_6,333.6592,0.0,-0.0,0.0,-0.0,Sidewalk
250.5,132.3721,3.0596,2.26893,0.0,-0.06981,165.6305,0.9517,stand_6,333.6718,0.0,-0.06981,0.0,-0.06981,Sidewalk
251.0,132.3721,3.0596,2.26893,0.0,-0.0,165.6305,0.9517,stand_6,333.6592,0.0,-0.0,0.0,-0.0,Sidewalk
251.5,132.3721,3.0596,2.23402,0.0,-0.06981,165.6305,0.9517,stand_6,333.6718,0.0,-0.06981,0.0,-0.06981,Sidewalk
252.0,132.3721,3.0596,2.23402,0.0,-0.0,165.6305,0.9517,stand_6,333.6592,0.0,-0.0,0.0,-0.0,Sidewalk
252.5,132.3721,3.0596,2.19911,0.0,-0.06981,165.6305,0.9517,stand_6,333.6718,0.0,-0.06981,0.0,-0.06981,Sidewalk
253.0,132.3721,3.0596,2.19911,0.0,-0.0,165.6305,0.9517,stand_6,333.6592,0.0,-0.0,0.0,-0.0,Sidewalk
253.5,132.3721,3.0596,2.16421,0.0,-0.06981,165.6305,0.9517,stand_6,333.6718,0.0,-0.06981,0.0,-0.06981,Sidewalk
254.0,132.3721,3.0596,2.16421,0.0,-0.0,165.6305,0.9517,stand_6,333.6592,0.0,-0.0,0.0,-0.0,Sidewalk
254.5,132.3721,3.0596,2.1293,0.0,-0.06981,165.6305,0.9517,stand_6,333.6718,0.0,-0.06981,0.0,-0.06981,Sidewalk
255.0,132.3721,3.0596,2.1293,0.0,-0.0,165.6305,0.9517,stand_6,333.6592,0.0,-0.0,0.0,-0.0,Sidewalk
255.5,132.3721,3.0596,2.0944,0.0,-0.06981,165.6305,0.9517,stand_6,333.6718,0.0,-0.06981,0.0,-0.06981,Sidewalk
256.0,132.3721,3.0596,2.0944,0.0,-0.0,165.6305,0.9517,stand_6,333.6592,0.0,-0.0,0.0,-0.0,Sidewalk
256.5,132.3721,3.0596,2.05949,0.0,-0.06981,165.6305,0.9517,stand_6,333.6718,0.0,-0.06981,0.0,-0.06981,Sidewalk
257.0,132.3721,3.0596,2.05949,0.0,-0.0,165.6305,0.9517,stand_6,333.6592,0.0,-0.0,0.0,-0.0,Sidewalk
257.5,132.3721,3.0596,2.02458,0.0,-0.06981,165.6305,0.9517,stand_6,333.6718,0.0,-0.06981,0.0,-0.06981,Sidewalk
258.0,132.3721,3.0596,2.02458,0.0,-0.0,165.6305,0.9517,stand_6,333.6592,0.0,-0.0,0.0,-0.0,Sidewalk
258.5,132.3721,3.0596,1.98968,0.0,-0.06981,165.6305,0.9517,stand_6,333.6718,0.0,-0.06981,0.0,-0.06981,Sidewalk
259.0,132.3721,3.0596,1.98968,0.0,-0.0,165.6305,0.9517,stand_6,333.6592,0.0,-0.0,0.0,-0.0,Sidewalk
259.5,132.3721,3.0596,1.95477,0.0,-0.06981,165.6305,0.9517,stand_6,333.6718,0.0,-0.06981,0.0,-0.06981,Sidewalk
260.0,132.3721,3.0596,1.95477,0.0,-0.0,165.6305,0.9517,stand_6,333.6592,0.0,-0.0,0.0,-0.0,Sidewalk
260.5,132.3721,3.0596,1.91986,0.0,-0.06981,165.6305,0.9517,stand_6,333.6718,0.0,-0.06981,0.0,-0.06981,Sidewalk
261.0,132.3721,3.0596,1.91986,0.0,-0.0,165.6305,0.9517,stand_6,333.6592,0.0,-0.0,0.0,-0.0,Sidewalk
261.5,132.3721,3.0596,1.88496,0.0,-0.06981,165.6305,0.9517,stand_6,333.6718,0.0,-0.06981,0.0,-0.06981,Sidewalk
262.0,132.3721,3.0596,1.88496,0.0,-0.0,165.6305,0.9517,stand_6,333.6592,0.0,-0.0,0.0,-0.0,Sidewalk
262.5,132.3721,3.0596,1.85005,0.0,-0.06981,165.6305,0.9517,stand_6,333.6718,0.0,-0.06981,0.0,-0.06981,Sidewalk
263.0,132.3721,3.0596,1.85005,0.0,-0.0,165.6305,0.9517,stand_6,333.6592,0.0,-0.0,0.0,-0.0,Sidewalk
263.5,132.3721,3.0596,1.81514,0.0,-0.06981,165.6305,0.9517,stand_6,333.6718,0.0,-0.06981,0.0,-0.06981,Sidewalk
264.0,132.3721,3.0596,1.81514,0.0,-0.0,165.6305,0.9517,stand_6,333.6592,0.0,-0.0,0.0,-0.0,Sidewalk
264.5,132.3721,3.0596,1.78024,0.0,-0.06981,165.6305,0.9517,stand_6,333.6718,0.0,-0.06981,0.0,-0.06981,Sidewalk
265.0,132.3721,3.0596,1.78024,0.0,-0.0,165.6305,0.9517,stand_6,333.6592,0.0,-0.0,0.0,-0.0,Sidewalk
265.5,132.3721,3.0596,1.74533,0.0,-0.06981,165.6305,0.9517,stand_6,333.6718,0.0,-0.06981,0.0,-0.06981,Sidewalk
266.0,132.3721,3.0596,1.74533,0.0,-0.0,165.6305,0.9517,stand_6,333.6592,0.0,-0.0,0.0,-0.0,Sidewalk
266.5,132.3721,3.0596,1.71042,0.0,-0.06981,165.6305,0.9517,stand_6,333.6718,0.0,-0.06981,0.0,-0.06981,Sidewalk
267.0,132.3721,3.0596,1.71042,0.0,-0.0,165.6305,0.9517,stand_6,333.6592,0.0,-0.0,0.0,-0.0,Sidewalk
267.5,132.3721,3.0596,1.67552,0.0,-0.06981,165.6305,0.9517,stand_6,333.6718,0.0,-0.06981,0.0,-0.06981,Sidewalk
268.0,132.3721,3.0596,1.67552,0.0,-0.0,165.6305,0.9517,stand_6,333.6592,0.0,-0.0,0.0,-0.0,Sidewalk
268.5,132.3721,3.0596,1.64061,0.0,-0.06981,165.6305,0.9517,stand_6,333.6718,0.0,-0.06981,0.0,-0.06981,Sidewalk
269.0,132.3721,3.0596,1.64061,0.0,-0.0,165.6305,0.9517,stand_6,333.6592,0.0,-0.0,0.0,-0.0,Sidewalk
269.5,132.3721,3.0596,1.6057,0.0,-0.06981,165.6305,0.9517,stand_6,333.6718,0.0,-0.06981,0.0,-0.06981,Sidewalk
270.0,132.3721,3.0596,1.6057,0.0,-0.0,165.6305,0.9517,stand_6,333.6592,0.0,-0.0,0.0,-0.0,Sidewalk
270.5,132.3721,3.0596,1.5708,0.0,-0.06981,165.6305,0.9517,stand_6,333.6718,0.0,-0.06981,0.0,-0.06981,Sidewalk
271.0,132.3721,3.0596,1.5708,0.0,-0.0,165.6305,0.9517,stand_6,333.6592,0.0,-0.0,0.0,-0.0,Sidewalk
271.5,132.3721,3.0596,1.53589,0.0,-0.06981,165.6305,0.9517,stand_6,333.6718,0.0,-0.06981,0.0,-0.06981,Sidewalk
272.0,132.3721,3.0596,1.53589,0.0,-0.0,165.6305,0.9517,stand_6,333.6592,0.0,-0.0,0.0,-0.0,Sidewalk
272.5,132.3721,3.0596,1.50098,0.0,-0.06981,165.6305,0.9517,stand_6,333.6718,0.0,-0.06981,0.0,-0.06981,Sidewalk
273.0,132.3721,3.0596,1.50098,0.0,-0.0,165.6305,0.9517,stand_6,333.6592,0.0,-0.0,0.0,-0.0,Sidewalk
273.5,132.3721,3.0596,1.46608,0.0,-0.06981,165.6305,0.9517,stand_6,333.6718,0.0,-0.06981,0.0,-0.06981,Sidewalk
274.0,132.3721,3.0596,1.46608,0.0,-0.0,165.6305,0.9517,stand_6,333.6592,0.0,-0.0,0.0,-0.0,Sidewalk
274.5,132.3721,3.0596,1.43117,0.0,-0.06981,165.6305,0.9517,stand_6,333.6718,0.0,-0.06981,0.0,-0.06981,Sidewalk
275.0,132.3721,3.0596,1.43117,0.0,-0.0,165.6305,0.9517,stand_6,333.6592,0.0,-0.0,0.0,-0.0,Sidewalk
275.5,132.3721,3.0596,1.39626,0.0,-0.06981,165.6305,0.9517,stand_6,333.6718,0.0,-0.06981,0.0,-0.06981,Sidewalk
276.0,132.3721,3.0596,1.39626,0.0,-0.0,165.6305,0.9517,stand_6,333.6592,0.0,-0.0,0.0,-0.0,Sidewalk
276.5,132.3721,3.0596,1.36136,0.0,-0.06981,165.6305,0.9517,stand_6,333.6718,0.0,-0.06981,0.0,-0.06981,Sidewalk
277.0,132.3721,3.0596,1.36136,0.0,-0.0,165.6305,0.9517,stand_6,333.6592,0.0,-0.0,0.0,-0.0,Sidewalk
277.5,132.3721,3.0596,1.32645,0.0,-0.06981,165.6305,0.9517,stand_6,333.6718,0.0,-0.06981,0.0,-0.06981,Sidewalk
278.0,132.3721,3.0596,1.32645,0.0,-0.0,165.6305,0.9517,stand_6,333.6592,0.0,-0.0,0.0,-0.0,Sidewalk
278.5,132.3721,3.0596,1.29154,0.0,-0.06981,165.6305,0.9517,stand_6,333.6718,0.0,-0.06981,0.0,-0.06981,Sidewalk
279.0,132.3721,3.0596,1.29154,0.0,-0.0,165.6305,0.9517,stand_6,333.6592,0.0,-0.0,0.0,-0.0,Sidewalk
279.5,132.3721,3.0596,1.25664,0.0,-0.06981,165.6305,0.9517,stand_6,333.6718,0.0,-0.06981,0.0,-0.06981,Sidewalk
280.0,132.3721,3.0596,1.25664,0.0,-0.0,165.6305,0.9517,stand_6,333.6592,0.0,-0.0,0.0,-0.0,Sidewalk
280.5,132.3721,3.0596,1.22173,0.0,-0.06981,165.6305,0.9517,stand_6,333.6718,0.0,-0.06981,0.0,-0.06981,Sidewalk
281.0,132.3721,3.0596,1.22173,0.0,-0.0,165.6305,0.9517,stand_6,333.6592,0.0,-0.0,0.0,-0.0,Sidewalk
281.5,132.3721,3.0596,1.18682,0.0,-0.06981,165.6305,0.9517,stand_6,333.6718,0.0,-0.06981,0.0,-0.06981,Sidewalk
282.0,132.3721,3.0596,1.18682,0.0,-0.0,165.6305,0.9517,stand_6,333.6592,0.0,-0.0,0.0,-0.0,Sidewalk
282.5,132.3721,3.0596,1.15192,0.0,-0.06981,165.6305,0.9517,stand_6,333.6718,0.0,-0.06981,0.0,-0.06981,Sidewalk
283.0,132.3721,3.0596,1.15192,0.0,-0.0,165.6305,0.9517,stand_6,333.6592,0.0,-0.0,0.0,-0.0,Sidewalk
283.5,132.3721,3.0596,1.11701,0.0,-0.06981,165.6305,0.9517,stand_6,333.6718,0.0,-0.06981,0.0,-0.06981,Sidewalk
284.0,132.3721,3.0596,1.11701,0.0,-0.0,165.6305,0.9517,stand_6,333.6592,0.0,-0.0,0.0,-0.0,Sidewalk
284.5,132.3721,3.0596,1.0821,0.0,-0.06981,165.6305,0.9517,stand_6,333.6718,0.0,-0.06981,0.0,-0.06981,Sidewalk
285.0,132.3721,3.0596,1.0821,0.0,-0.0,165.6305,0.9517,stand_6,333.6592,0.0,-0.0,0.0,-0.0,Sidewalk
285.5,132.3721,3.0596,1.0472,0.0,-0.06981,165.6305,0.9517,stand_6,333.6718,0.0,-0.06981,0.0,-0.06981,Sidewalk
286.0,132.3721,3.0596,1.0472,0.0,-0.0,165.6305,0.9517,stand_6,333.6592,0.0,-0.0,0.0,-0.0,Sidewalk
286.5,132.3721,3.0596,1.01229,0.0,-0.06981,165.6305,0.9517,stand_6,333.6718,0.0,-0.06981,0.0,-0.06981,Sidewalk
287.0,132.3721,3.0596,1.01229,0.0,-0.0,165.6305,0.9517,stand_6,333.6592,0.0,-0.0,0.0,-0.0,Sidewalk
287.5,132.3721,3.0596,0.97738,0.0,-0.06981,165.6305,0.9517,stand_6,333.6718,0.0,-0.06981,0.0,-0.06981,Sidewalk
288.0,132.3721,3.0596,0.97738,0.0,-0.0,165.6305,0.9517,stand_6,333.6592,0.0,-0.0,0.0,-0.0,Sidewalk
288.5,132.3721,3.0596,0.94248,0.0,-0.06981,165.6305,0.9517,stand_6,333.6718,0.0,-0.06981,0.0,-0.06981,Sidewalk
289.0,132.3721,3.0596,0.94248,0.0,-0.0,165.6305,0.9517,stand_6,333.6592,0.0,-0.0,0.0,-0.0,Sidewalk
289.5,132.3721,3.0596,0.90757,0.0,-0.06981,165.6305,0.9517,stand_6,333.6718,0.0,-0.06981,0.0,-0.06981,Sidewalk
290.0,132.3721,3.0596,0.90757,0.0,-0.0,165.6305,0.9517,stand_6,333.6592,0.0,-0.0,0.0,-0.0,Sidewalk
290.5,132.3721,3.0596,0.87266,0.0,-0.06981,165.6305,0.9517,stand_6,333.6718,0.0,-0.06981,0.0,-0.06981,Sidewalk
291.0,132.3721,3.0596,0.87266,0.0,-0.0,165.6305,0.9517,stand_6,333.6592,0.0,-0.0,0.0,-0.0,Sidewalk
291.5,132.3721,3.0596,0.83776,0.0,-0.06981,165.6305,0.9517,stand_6,333.6718,0.0,-0.06981,0.0,-0.06981,Sidewalk
292.0,132.3721,3.0596,0.83776,0.0,-0.0,165.6305,0.9517,stand_6,333.6592,0.0,-0.0,0.0,-0.0,Sidewalk
292.5,132.3721,3.0596,0.80285,0.0,-0.06981,165.6305,0.9517,stand_6,333.6718,0.0,-0.06981,0.0,-0.06981,Sidewalk
293.0,132.3721,3.0596,0.80285,0.0,-0.0,165.6305,0.9517,stand_6,333.6592,0.0,-0.0,0.0,-0.0,Sidewalk
293.5,132.3721,3.0596,0.76794,0.0,-0.06981,165.6305,0.9517,stand_6,333.6718,0.0,-0.06981,0.0,-0.06981,Sidewalk
294.0,132.3721,3.0596,0.76794,0.0,-0.0,165.6305,0.9517,stand_6,333.6592,0.0,-0.0,0.0,-0.0,Sidewalk
294.5,132.3721,3.0596,0.73304,0.0,-0.06981,165.6305,0.9517,stand_6,333.6718,0.0,-0.06981,0.0,-0.06981,Sidewalk
295.0,132.3721,3.0596,0.73304,0.0,-0.0,165.6305,0.9517,stand_6,333.6592,0.0,-0.0,0.0,-0.0,Sidewalk
295.5,132.3721,3.0596,0.69813,0.0,-0.06981,165.6305,0.9517,stand_6,333.6718,0.0,-0.06981,0.0,-0.06981,Sidewalk
296.0,132.3721,3.0596,0.69813,0.0,-0.0,165.6305,0.9517,stand_6,333.6592,0.0,-0.0,0.0,-0.0,Sidewalk
296.5,132.3721,3.0596,0.66323,0.0,-0.06981,165.6305,0.9517,stand_6,333.6718,0.0,-0.06981,0.0,-0.06981,Sidewalk
297.0,132.3721,3.0596,0.66323,0.0,-0.0,165.6305,0.9517,stand_6,333.6592,0.0,-0.0,0.0,-0.0,Sidewalk
297.5,132.3721,3.0596,0.62832,0.0,-0.06981,165.6305,0.9517,stand_6,333.6718,0.0,-0.06981,0.0,-0.06981,Sidewalk
298.0,132.3721,3.0596,0.62832,0.0,-0.0,165.6305,0.9517,stand_6,333.6592,0.0,-0.0,0.0,-0.0,Sidewalk
298.5,132.3721,3.0596,0.59341,0.0,-0.06981,165.6305,0.9517,stand_6,333.6718,0.0,-0.06981,0.0,-0.06981,Sidewalk
299.0,132.3721,3.0596,0.59341,0.0,-0.0,165.6305,0.9517,stand_6,333.6592,0.0,-0.0,0.0,-0.0,Sidewalk
299.5,132.3721,3.0596,0.55851,0.0,-0.06981,165.6305,0.9517,stand_6,333.6718,0.0,-0.06981,0.0,-0.06981,Sidewalk
300.0,132.3721,3.0596,0.55851,0.0,-0.0,165.6305,0.9517,stand_6,333.6592,0.0,-0.0,0.0,-0.0,Sidewalk
300.5,132.3721,3.0596,0.5236,0.0,-0.06981,165.6305,0.9517,stand_6,333.6718,0.0,-0.06981,0.0,-0.06981,Sidewalk
301.0,132.3721,3.0596,0.5236,0.0,-0.0,165.6305,0.9517,stand_6,333.6592,0.0,-0.0,0.0,-0.0,Sidewalk
301.5,132.3721,3.0596,0.48869,0.0,-0.06981,165.6305,0.9517,stand_6,333.6718,0.0,-0.06981,0.0,-0.06981,Sidewalk
302.0,132.3721,3.0596,0.48869,0.0,-0.0,165.6305,0.9517,stand_6,333.6592,0.0,-0.0,0.0,-0.0,Sidewalk
302.5,132.3721,3.0596,0.45379,0.0,-0.06981,165.6305,0.9517,stand_6,333.6718,0.0,-0.06981,0.0,-0.06981,Sidewalk
303.0,132.3721,3.0596,0.45379,0.0,-0.0,165.6305,0.9517,stand_6,333.6592,0.0,-0.0,0.0,-0.0,Sidewalk
303.5,132.3721,3.0596,0.41888,0.0,-0.06981,165.6305,0.9517,stand_6,333.6718,0.0,-0.06981,0.0,-0.06981,Sidewalk
304.0,132.3721,3.0596,0.41888,0.0,-0.0,165.6305,0.9517,stand_6,333.6592,0.0,-0.0,0.0,-0.0,Sidewalk
304.5,132.3721,3.0596,0.38397,0.0,-0.06981,165.6305,0.9517,stand_6,333.6718,0.0,-0.06981,0.0,-0.06981,Sidewalk
305.0,132.3721,3.0596,0.38397,0.0,-0.0,165.6305,0.9517,stand_6,333.6592,0.0,-0.0,0.0,-0.0,Sidewalk
305.5,132.3721,3.0596,0.34907,0.0,-0.06981,165.6305,0.9517,stand_6,333.6718,0.0,-0.06981,0.0,-0.06981,Sidewalk
306.0,132.3721,3.0596,0.34907,0.0,-0.0,165.6305,0.9517,stand_6,333.6592,0.0,-0.0,0.0,-0.0,Sidewalk
306.5,132.3721,3.0596,0.31416,0.0,-0.06981,165.6305,0.9517,stand_6,333.6718,0.0,-0.06981,0.0,-0.06981,Sidewalk
307.0,132.3721,3.0596,0.31416,0.0,-0.0,165.6305,0.9517,stand_6,333.6592,0.0,-0.0,0.0,-0.0,Sidewalk
307.5,132.3721,3.0596,0.27925,0.0,-0.06981,165.6305,0.9517,stand_6,333.6717,0.0,-0.06981,0.0,-0.06981,Sidewalk
308.0,132.3721,3.0596,0.27925,0.0,-0.0,165.6305,0.9517,stand_6,333.6592,0.0,-0.0,0.0,-0.0,Sidewalk
308.5,132.3721,3.0596,0.24435,0.0,-0.06981,165.6305,0.9517,stand_6,333.6717,0.0,-0.06981,0.0,-0.06981,Sidewalk
309.0,132.3721,3.0596,0.24435,0.0,-0.0,165.6305,0.9517,stand_6,333.6592,0.0,-0.0,0.0,-0.0,Sidewalk
309.5,132.3721,3.0596,0.20944,0.0,-0.06981,165.6305,0.9517,stand_6,333.6717,0.0,-0.06981,0.0,-0.06981,Sidewalk
310.0,132.3721,3.0596,0.20944,0.0,-0.0,165.6305,0.9517,stand_6,333.6592,0.0,-0.0,0.0,-0.0,Sidewalk
310.5,132.3721,3.0596,0.17453,0.0,-0.06981,165.6305,0.9517,stand_6,333.6717,0.0,-0.06981,0.0,-0.06981,Sidewalk
311.0,132.3721,3.0596,0.17453,0.0,-0.0,165.6305,0.9517,stand_6,333.6592,0.0,-0.0,0.0,-0.0,Sidewalk
311.5,132.3721,3.0596,0.13963,0.0,-0.06981,165.6305,0.9517,stand_6,333.6717,0.0,-0.06981,0.0,-0.06981,Sidewalk
312.0,132.3721,3.0596,0.13963,0.0,-0.0,165.6305,0.9517,stand_6,333.6591,0.0,-0.0,0.0,-0.0,Sidewalk
312.5,132.3721,3.0596,0.10472,0.0,-0.06981,165.6305,0.9517,stand_6,333.6717,0.0,-0.06981,0.0,-0.06981,Sidewalk
313.0,132.3721,3.0596,0.10472,0.0,-0.0,165.6305,0.9517,stand_6,333.6591,0.0,-0.0,0.0,-0.0,Sidewalk
313.5,132.3721,3.0596,0.06981,0.0,-0.06981,165.6305,0.9517,stand_6,333.6717,0.0,-0.06981,0.0,-0.06981,Sidewalk
314.0,132.3721,3.0596,0.06981,0.0,-0.0,165.6305,0.9517,stand_6,333.6591,0.0,-0.0,0.0,-0.0,Sidewalk
314.5,132.3721,3.0596,0.03491,0.0,-0.06981,165.6305,0.9517,stand_6,333.6717,0.0,-0.06981,0.0,-0.06981,Sidewalk
315.0,132.3721,3.0596,0.03491,0.0,-0.0,165.6305,0.9517,stand_6,333.6591,0.0,-0.0,0.0,-0.0,Sidewalk
315.5,132.3721,3.0596,-0.0,0.0,-0.06981,165.6305,0.9517,stand_6,333.6717,0.0,-0.06981,0.0,-0.06981,Sidewalk
316.0,132.3721,3.0596,-0.0,0.0,-0.0,165.6305,0.9517,stand_6,333.6591,0.0,-0.0,0.0,-0.0,Sidewalk
316.5,132.3721,3.0596,-0.03491,0.0,-0.06981,165.6305,0.9517,stand_6,333.6717,0.0,-0.06981,0.0,-0.06981,Sidewalk
317.0,132.3721,3.0596,-0.03491,0.0,-0.0,165.6305,0.9517,stand_6,333.6591,0.0,-0.0,0.0,-0.0,Sidewalk
317.5,132.3721,3.0596,-0.06981,0.0,-0.06981,165.6305,0.9517,stand_6,333.6717,0.0,-0.06981,0.0,-0.06981,Sidewalk
318.0,132.3721,3.0596,-0.06981,0.0,-0.0,165.6305,0.9517,stand_6,333.6591,0.0,-0.0,0.0,-0.0,Sidewalk
318.5,132.3721,3.0596,-0.10472,0.0,-0.06981,165.6305,0.9517,stand_6,333.6717,0.0,-0.06981,0.0,-0.06981,Sidewalk
319.0,132.3721,3.0596,-0.10472,0.0,-0.0,165.6305,0.9517,stand_6,333.6591,0.0,-0.0,0.0,-0.0,Sidewalk
319.5,132.3721,3.0596,-0.13963,0.0,-0.06981,165.6305,0.9517,stand_6,333.6716,0.0,-0.06981,0.0,-0.06981,Sidewalk
320.0,132.3721,3.0596,-0.13963,0.0,-0.0,165.6305,0.9517,stand_6,333.6591,0.0,-0.0,0.0,-0.0,Sidewalk
320.5,132.3721,3.0596,-0.17453,0.0,-0.06981,165.6305,0.9517,stand_6,333.6716,0.0,-0.06981,0.0,-0.06981,Sidewalk
321.0,132.3721,3.0596,-0.17453,0.0,-0.0,165.6305,0.9517,stand_6,333.6591,0.0,-0.0,0.0,-0.0,Sidewalk
321.5,132.3721,3.0596,-0.20944,0.0,-0.06981,165.6305,0.9517,stand_6,333.6716,0.0,-0.06981,0.0,-0.06981,Sidewalk
322.0,132.3721,3.0596,-0.20944,0.0,-0.0,165.6305,0.9517,stand_6,333.6591,0.0,-0.0,0.0,-0.0,Sidewalk
322.5,132.3721,3.0596,-0.24435,0.0,-0.06981,165.6305,0.9517,stand_6,333.6716,0.0,-0.06981,0.0,-0.06981,Sidewalk
323.0,132.3721,3.0596,-0.24435,0.0,-0.0,165.6305,0.9517,stand_6,333.659,0.0,-0.0,0.0,-0.0,Sidewalk
323.5,132.3721,3.0596,-0.27925,0.0,-0.06981,165.6305,0.9517,stand_6,333.6716,0.0,-0.06981,0.0,-0.06981,Sidewalk
324.0,132.3721,3.0596,-0.27925,0.0,-0.0,165.6305,0.9517,stand_6,333.659,0.0,-0.0,0.0,-0.0,Sidewalk
324.5,132.3721,3.0596,-0.31416,0.0,-0.06981,165.6305,0.9517,stand_6,333.6716,0.0,-0.06981,0.0,-0.06981,Sidewalk
325.0,132.3721,3.0596,-0.31416,0.0,-0.0,165.6305,0.9517,stand_6,333.659,0.0,-0.0,0.0,-0.0,Sidewalk
325.5,132.3721,3.0596,-0.34907,0.0,-0.06981,165.6305,0.9517,stand_6,333.6716,0.0,-0.06981,0.0,-0.06981,Sidewalk
326.0,132.3721,3.0596,-0.34907,0.0,-0.0,165.6305,0.9517,stand_6,333.659,0.0,-0.0,0.0,-0.0,Sidewalk
326.5,132.3721,3.0596,-0.38397,0.0,-0.06981,165.6305,0.9517,stand_6,333.6716,0.0,-0.06981,0.0,-0.06981,Sidewalk
327.0,132.3721,3.0596,-0.38397,0.0,-0.0,165.6305,0.9517,stand_6,333.659,0.0,-0.0,0.0,-0.0,Sidewalk
327.5,132.3721,3.0596,-0.41888,0.0,-0.06981,165.6305,0.9517,stand_6,333.6716,0.0,-0.06981,0.0,-0.06981,Sidewalk
328.0,132.3721,3.0596,-0.41888,0.0,-0.0,165.6305,0.9517,stand_6,333.659,0.0,-0.0,0.0,-0.0,Sidewalk
328.5,132.3721,3.0596,-0.45379,0.0,-0.06981,165.6305,0.9517,stand_6,333.6716,0.0,-0.06981,0.0,-0.06981,Sidewalk
329.0,132.3721,3.0596,-0.45379,0.0,-0.0,165.6305,0.9517,stand_6,333.659,0.0,-0.0,0.0,-0.0,Sidewalk
329.5,132.3721,3.0596,-0.48869,0.0,-0.06981,165.6305,0.9517,stand_6,333.6716,0.0,-0.06981,0.0,-0.06981,Sidewalk
330.0,132.3721,3.0596,-0.48869,0.0,-0.0,165.6305,0.9517,stand_6,333.659,0.0,-0.0,0.0,-0.0,Sidewalk
330.5,132.3721,3.0596,-0.5236,0.0,-0.06981,165.6305,0.9517,stand_6,333.6716,0.0,-0.06981,0.0,-0.06981,Sidewalk
331.0,132.3721,3.0596,-0.5236,0.0,-0.0,165.6305,0.9517,stand_6,333.659,0.0,-0.0,0.0,-0.0,Sidewalk
331.5,132.3721,3.0596,-0.55851,0.0,-0.06981,165.6305,0.9518,stand_6,333.6715,0.0,-0.06981,0.0,-0.06981,Sidewalk
332.0,132.3721,3.0596,-0.55851,0.0,-0.0,165.6305,0.9518,stand_6,333.659,0.0,-0.0,0.0,-0.0,Sidewalk
332.5,132.3721,3.0596,-0.59341,0.0,-0.06981,165.6305,0.9518,stand_6,333.6715,0.0,-0.06981,0.0,-0.06981,Sidewalk
333.0,132.3721,3.0596,-0.59341,0.0,-0.0,165.6305,0.9518,stand_6,333.659,0.0,-0.0,0.0,-0.0,Sidewalk
333.5,132.3721,3.0596,-0.62832,0.0,-0.06981,165.6305,0.9518,stand_6,333.6715,0.0,-0.06981,0.0,-0.06981,Sidewalk
334.0,132.3721,3.0596,-0.62832,0.0,-0.0,165.6305,0.9518,stand_6,333.659,0.0,-0.0,0.0,-0.0,Sidewalk
334.5,132.3721,3.0596,-0.66323,0.0,-0.06981,165.6305,0.9518,stand_6,333.6715,0.0,-0.06981,0.0,-0.06981,Sidewalk
335.0,132.3721,3.0596,-0.66323,0.0,-0.0,165.6305,0.9518,stand_6,333.6589,0.0,-0.0,0.0,-0.0,Sidewalk
335.5,132.3721,3.0596,-0.69813,0.0,-0.06981,165.6305,0.9518,stand_6,333.6715,0.0,-0.06981,0.0,-0.06981,Sidewalk
336.0,132.3721,3.0596,-0.69813,0.0,-0.0,165.6305,0.9518,stand_6,333.6589,0.0,-0.0,0.0,-0.0,Sidewalk
336.5,132.3721,3.0596,-0.73304,0.0,-0.06981,165.6305,0.9518,stand_6,333.6715,0.0,-0.06981,0.0,-0.06981,Sidewalk
337.0,132.3721,3.0596,-0.73304,0.0,-0.0,165.6305,0.9518,stand_6,333.6589,0.0,-0.0,0.0,-0.0,Sidewalk
337.5,132.3721,3.0596,-0.76794,0.0,-0.06981,165.6305,0.9518,stand_6,333.6715,0.0,-0.06981,0.0,-0.06981,Sidewalk
338.0,132.3721,3.0596,-0.76794,0.0,-0.0,165.6305,0.9518,stand_6,333.6589,0.0,-0.0,0.0,-0.0,Sidewalk
338.5,132.3721,3.0596,-0.80285,0.0,-0.06981,165.6305,0.9518,stand_6,333.6715,0.0,-0.06981,0.0,-0.06981,Sidewalk
339.0,132.3721,3.0596,-0.80285,0.0,-0.0,165.6305,0.9518,stand_6,333.6589,0.0,-0.0,0.0,-0.0,Sidewalk
339.5,132.3721,3.0596,-0.83776,0.0,-0.06981,165.6305,0.9518,stand_6,333.6715,0.0,-0.06981,0.0,-0.06981,Sidewalk
340.0,132.3721,3.0596,-0.83776,0.0,-0.0,165.6305,0.9518,stand_6,333.6589,0.0,-0.0,0.0,-0.0,Sidewalk
340.5,132.3721,3.0596,-0.87266,0.0,-0.06981,165.6305,0.9518,stand_6,333.6715,0.0,-0.06981,0.0,-0.06981,Sidewalk
341.0,132.3721,3.0596,-0.87266,0.0,-0.0,165.6305,0.9518,stand_6,333.6589,0.0,-0.0,0.0,-0.0,Sidewalk
341.5,132.3721,3.0596,-0.90757,0.0,-0.06981,165.6305,0.9518,stand_6,333.6715,0.0,-0.06981,0.0,-0.06981,Sidewalk
342.0,132.3721,3.0596,-0.90757,0.0,-0.0,165.6305,0.9518,stand_6,333.6589,0.0,-0.0,0.0,-0.0,Sidewalk
342.5,132.3721,3.0596,-0.94248,0.0,-0.06981,165.6305,0.9518,stand_6,333.6714,0.0,-0.06981,0.0,-0.06981,Sidewalk
343.0,132.3721,3.0596,-0.94248,0.0,-0.0,165.6305,0.9518,stand_6,333.6589,0.0,-0.0,0.0,-0.0,Sidewalk
343.5,132.3721,3.0596,-0.97738,0.0,-0.06981,165.6305,0.9518,stand_6,333.6714,0.0,-0.06981,0.0,-0.06981,Sidewalk
344.0,132.3721,3.0596,-0.97738,0.0,-0.0,165.6305,0.9518,stand_6,333.6589,0.0,-0.0,0.0,-0.0,Sidewalk
344.5,132.3721,3.0596,-1.01229,0.0,-0.06981,165.6305,0.9518,stand_6,333.6714,0.0,-0.06981,0.0,-0.06981,Sidewalk
345.0,132.3721,3.0596,-1.01229,0.0,-0.0,165.6305,0.9518,stand_6,333.6589,0.0,-0.0,0.0,-0.0,Sidewalk
345.5,132.3721,3.0596,-1.0472,0.0,-0.06981,165.6305,0.9518,stand_6,333.6714,0.0,-0.06981,0.0,-0.06981,Sidewalk
346.0,132.3721,3.0596,-1.0472,0.0,-0.0,165.6305,0.9518,stand_6,333.6588,0.0,-0.0,0.0,-0.0,Sidewalk
346.5,132.3721,3.0596,-1.0821,0.0,-0.06981,165.6305,0.9518,stand_6,333.6714,0.0,-0.06981,0.0,-0.06981,Sidewalk
347.0,132.3721,3.0596,-1.0821,0.0,-0.0,165.6305,0.9518,stand_6,333.6588,0.0,-0.0,0.0,-0.0,Sidewalk
347.5,132.3721,3.0596,-1.11701,0.0,-0.06981,165.6305,0.9518,stand_6,333.6714,0.0,-0.06981,0.0,-0.06981,Sidewalk
348.0,132.3721,3.0596,-1.11701,0.0,-0.0,165.6305,0.9518,stand_6,333.6588,0.0,-0.0,0.0,-0.0,Sidewalk
348.5,132.3721,3.0596,-1.15192,0.0,-0.06981,165.6305,0.9518,stand_6,333.6714,0.0,-0.06981,0.0,-0.06981,Sidewalk
349.0,132.3721,3.0596,-1.15192,0.0,-0.0,165.6305,0.9518,stand_6,333.6588,0.0,-0.0,0.0,-0.0,Sidewalk
349.5,132.3721,3.0596,-1.18682,0.0,-0.06981,165.6305,0.9518,stand_6,333.6714,0.0,-0.06981,0.0,-0.06981,Sidewalk
350.0,132.3721,3.0596,-1.18682,0.0,-0.0,165.6305,0.9518,stand_6,333.6588,0.0,-0.0,0.0,-0.0,Sidewalk
350.5,132.3721,3.0596,-1.22173,0.0,-0.06981,165.6305,0.9518,stand_6,333.6714,0.0,-0.06981,0.0,-0.06981,Sidewalk
351.0,132.3721,3.0596,-1.22173,0.0,-0.0,165.6305,0.9518,stand_6,333.6588,0.0,-0.0,0.0,-0.0,Sidewalk
351.5,132.3721,3.0596,-1.25664,0.0,-0.06981,165.6305,0.9518,stand_6,333.6714,0.0,-0.06981,0.0,-0.06981,Sidewalk
352.0,132.3721,3.0596,-1.25664,0.0,-0.0,165.6305,0.9518,stand_6,333.6588,0.0,-0.0,0.0,-0.0,Sidewalk
352.5,132.3721,3.0596,-1.29154,0.0,-0.06981,165.6305,0.9518,stand_6,333.6713,0.0,-0.06981,0.0,-0.06981,Sidewalk
353.0,132.3721,3.0596,-1.29154,0.0,-0.0,165.6305,0.9518,stand_6,333.6588,0.0,-0.0,0.0,-0.0,Sidewalk
353.5,132.3721,3.0596,-1.32645,0.0,-0.06981,165.6305,0.9518,stand_6,333.6713,0.0,-0.06981,0.0,-0.06981,Sidewalk
354.0,132.3721,3.0596,-1.32645,0.0,-0.0,165.6305,0.9518,stand_6,333.6588,0.0,-0.0,0.0,-0.0,Sidewalk
354.5,132.3721,3.0596,-1.36136,0.0,-0.06981,165.6305,0.9518,stand_6,333.6713,0.0,-0.06981,0.0,-0.06981,Sidewalk
355.0,132.3721,3.0596,-1.36136,0.0,-0.0,165.6305,0.9518,stand_6,333.6588,0.0,-0.0,0.0,-0.0,Sidewalk
355.5,132.3721,3.0596,-1.39626,0.0,-0.06981,165.6305,0.9518,stand_6,333.6713,0.0,-0.06981,0.0,-0.06981,Sidewalk
356.0,132.3721,3.0596,-1.39626,0.0,-0.0,165.6305,0.9518,stand_6,333.6587,0.0,-0.0,0.0,-0.0,Sidewalk
356.5,132.3721,3.0596,-1.43117,0.0,-0.06981,165.6305,0.9518,stand_6,333.6713,0.0,-0.06981,0.0,-0.06981,Sidewalk
357.0,132.3721,3.0596,-1.43117,0.0,-0.0,165.6305,0.9518,stand_6,333.6587,0.0,-0.0,0.0,-0.0,Sidewalk
357.5,132.3721,3.0596,-1.46608,0.0,-0.06981,165.6305,0.9518,stand_6,333.6713,0.0,-0.06981,0.0,-0.06981,Sidewalk
358.0,132.3721,3.0596,-1.46608,0.0,-0.0,165.6305,0.9518,stand_6,333.6587,0.0,-0.0,0.0,-0.0,Sidewalk
358.5,132.3721,3.0596,-1.50098,0.0,-0.06981,165.6305,0.9518,stand_6,333.6713,0.0,-0.06981,0.0,-0.06981,Sidewalk
359.0,132.3721,3.0596,-1.50098,0.0,-0.0,165.6305,0.9518,stand_6,333.6587,0.0,-0.0,0.0,-0.0,Sidewalk
359.5,132.3721,3.0596,-1.53589,0.0,-0.06981,165.6305,0.9518,stand_6,333.6713,0.0,-0.06981,0.0,-0.06981,Sidewalk
360.0,132.3721,3.0596,-1.53589,0.0,-0.0,165.6305,0.9518,stand_6,333.6587,0.0,-0.0,0.0,-0.0,Sidewalk
360.5,132.3721,3.0596,-1.5708,0.0,-0.06981,165.6305,0.9518,stand_6,333.6713,0.0,-0.06981,0.0,-0.06981,Sidewalk
361.0,132.3721,3.0596,-1.5708,0.0,-0.0,165.6305,0.9518,stand_6,333.6587,0.0,-0.0,0.0,-0.0,Sidewalk
361.5,132.3721,3.0596,-1.6057,0.0,-0.06981,165.6305,0.9518,stand_6,333.6713,0.0,-0.06981,0.0,-0.06981,Sidewalk
362.0,132.3721,3.0596,-1.6057,0.0,-0.0,165.6305,0.9518,stand_6,333.6587,0.0,-0.0,0.0,-0.0,Sidewalk
362.5,132.3721,3.0596,-1.64061,0.0,-0.06981,165.6305,0.9518,stand_6,333.6713,0.0,-0.06981,0.0,-0.06981,Sidewalk
363.0,132.3721,3.0596,-1.64061,0.0,-0.0,165.6305,0.9518,stand_6,333.6587,0.0,-0.0,0.0,-0.0,Sidewalk
363.5,132.3721,3.0596,-1.67552,0.0,-0.06981,165.6305,0.9518,stand_6,333.6712,0.0,-0.06981,0.0,-0.06981,Sidewalk
364.0,132.3721,3.0596,-1.67552,0.0,-0.0,165.6305,0.9519,stand_6,333.6587,0.0,-0.0,0.0,-0.0,Sidewalk
364.5,132.3721,3.0596,-1.71042,0.0,-0.06981,165.6305,0.9519,stand_6,333.6712,0.0,-0.06981,0.0,-0.06981,Sidewalk
365.0,132.3721,3.0596,-1.71042,0.0,-0.0,165.6305,0.9519,stand_6,333.6587,0.0,-0.0,0.0,-0.0,Sidewalk
365.5,132.3721,3.0596,-1.74533,0.0,-0.06981,165.6305,0.9519,stand_6,333.6712,0.0,-0.06981,0.0,-0.06981,Sidewalk
366.0,132.3721,3.0596,-1.74533,0.0,-0.0,165.6305,0.9519,stand_6,333.6587,0.0,-0.0,0.0,-0.0,Sidewalk
366.5,132.3721,3.0596,-1.78024,0.0,-0.06981,165.6305,0.9519,stand_6,333.6712,0.0,-0.06981,0.0,-0.06981,Sidewalk
367.0,132.3721,3.0596,-1.78024,0.0,-0.0,165.6305,0.9519,stand_6,333.6586,0.0,-0.0,0.0,-0.0,Sidewalk
367.5,132.3721,3.0596,-1.81514,0.0,-0.06981,165.6305,0.9519,stand_6,333.6712,0.0,-0.06981,0.0,-0.06981,Sidewalk
368.0,132.3721,3.0596,-1.81514,0.0,-0.0,165.6305,0.9519,stand_6,333.6586,0.0,-0.0,0.0,-0.0,Sidewalk
368.5,132.3721,3.0596,-1.85005,0.0,-0.06981,165.6305,0.9519,stand_6,333.6712,0.0,-0.06981,0.0,-0.06981,Sidewalk
369.0,132.3721,3.0596,-1.85005,0.0,-0.0,165.6305,0.9519,stand_6,333.6586,0.0,-0.0,0.0,-0.0,Sidewalk
369.5,132.3721,3.0596,-1.88496,0.0,-0.06981,165.6305,0.9519,stand_6,333.6712,0.0,-0.06981,0.0,-0.06981,Sidewalk
370.0,132.3721,3.0596,-1.88496,0.0,-0.0,165.6305,0.9519,stand_6,333.6586,0.0,-0.0,0.0,-0.0,Sidewalk
370.5,132.3721,3.0596,-1.91986,0.0,-0.06981,165.6305,0.9519,stand_6,333.6712,0.0,-0.06981,0.0,-0.06981,Sidewalk
371.0,132.3721,3.0596,-1.91986,0.0,-0.0,165.6305,0.9519,stand_6,333.6586,0.0,-0.0,0.0,-0.0,Sidewalk
371.5,132.3721,3.0596,-1.95477,0.0,-0.06981,165.6305,0.9519,stand_6,333.6712,0.0,-0.06981,0.0,-0.06981,Sidewalk
372.0,132.3721,3.0596,-1.95477,0.0,-0.0,165.6305,0.9519,stand_6,333.6586,0.0,-0.0,0.0,-0.0,Sidewalk
372.5,132.3721,3.0596,-1.98968,0.0,-0.06981,165.6305,0.9519,stand_6,333.6712,0.0,-0.06981,0.0,-0.06981,Sidewalk
373.0,132.3721,3.0596,-1.98968,0.0,-0.0,165.6305,0.9519,stand_6,333.6586,0.0,-0.0,0.0,-0.0,Sidewalk
373.5,132.3721,3.0596,-2.02458,0.0,-0.06981,165.6305,0.9519,stand_6,333.6712,0.0,-0.06981,0.0,-0.06981,Sidewalk
374.0,132.3721,3.0596,-2.02458,0.0,-0.0,165.6305,0.9519,stand_6,333.6586,0.0,-0.0,0.0,-0.0,Sidewalk
374.5,132.3721,3.0596,-2.05949,0.0,-0.06981,165.6305,0.9519,stand_6,333.6711,0.0,-0.06981,0.0,-0.06981,Sidewalk
375.0,132.3721,3.0596,-2.05949,0.0,-0.0,165.6305,0.9519,stand_6,333.6586,0.0,-0.0,0.0,-0.0,Sidewalk
375.5,132.3721,3.0596,-2.0944,0.0,-0.06981,165.6305,0.9519,stand_6,333.6711,0.0,-0.06981,0.0,-0.06981,Sidewalk
376.0,132.3721,3.0596,-2.0944,0.0,-0.0,165.6305,0.9519,stand_6,333.6586,0.0,-0.0,0.0,-0.0,Sidewalk
376.5,132.3721,3.0596,-2.1293,0.0,-0.06981,165.6305,0.9519,stand_6,333.6711,0.0,-0.06981,0.0,-0.06981,Sidewalk
377.0,132.3721,3.0596,-2.1293,0.0,-0.0,165.6305,0.9519,stand_6,333.6586,0.0,-0.0,0.0,-0.0,Sidewalk
377.5,132.3721,3.0596,-2.16421,0.0,-0.06981,165.6305,0.9519,stand_6,333.6711,0.0,-0.06981,0.0,-0.06981,Sidewalk
378.0,132.3721,3.0596,-2.16421,0.0,-0.0,165.6305,0.9519,stand_6,333.6585,0.0,-0.0,0.0,-0.0,Sidewalk
378.5,132.3721,3.0596,-2.19911,0.0,-0.06981,165.6305,0.9519,stand_6,333.6711,0.0,-0.06981,0.0,-0.06981,Sidewalk
379.0,132.3721,3.0596,-2.19911,0.0,-0.0,165.6305,0.9519,stand_6,333.6585,0.0,-0.0,0.0,-0.0,Sidewalk
379.5,132.3721,3.0596,-2.23402,0.0,-0.06981,165.6305,0.9519,stand_6,333.6711,0.0,-0.06981,0.0,-0.06981,Sidewalk
380.0,132.3721,3.0596,-2.23402,0.0,-0.0,165.6305,0.9519,stand_6,333.6585,0.0,-0.0,0.0,-0.0,Sidewalk
380.5,132.3721,3.0596,-2.26893,0.0,-0.06981,165.6305,0.9519,stand_6,333.6711,0.0,-0.06981,0.0,-0.06981,Sidewalk
381.0,132.3721,3.0596,-2.26893,0.0,-0.0,165.6305,0.9519,stand_6,333.6585,0.0,-0.0,0.0,-0.0,Sidewalk
381.5,132.3721,3.0596,-2.30383,0.0,-0.06981,165.6305,0.9519,stand_6,333.6711,0.0,-0.06981,0.0,-0.06981,Sidewalk
382.0,132.3721,3.0596,-2.30383,0.0,-0.0,165.6305,0.9519,stand_6,333.6585,0.0,-0.0,0.0,-0.0,Sidewalk
382.5,132.3721,3.0596,-2.33874,0.0,-0.06981,165.6305,0.9519,stand_6,333.6711,0.0,-0.06981,0.0,-0.06981,Sidewalk
383.0,132.3721,3.0596,-2.33874,0.0,-0.0,165.6305,0.9519,stand_6,333.6585,0.0,-0.0,0.0,-0.0,Sidewalk
383.5,132.3721,3.0596,-2.37365,0.0,-0.06981,165.6305,0.9519,stand_6,333.6711,0.0,-0.06981,0.0,-0.06981,Sidewalk
384.0,132.3721,3.0596,-2.37365,0.0,-0.0,165.6305,0.9519,stand_6,333.6585,0.0,-0.0,0.0,-0.0,Sidewalk
384.5,132.3721,3.0596,-2.40855,0.0,-0.06981,165.6305,0.9519,stand_6,333.6711,0.0,-0.06981,0.0,-0.06981,Sidewalk
385.0,132.3721,3.0596,-2.40855,0.0,-0.0,165.6305,0.9519,stand_6,333.6585,0.0,-0.0,0.0,-0.0,Sidewalk
385.5,132.3721,3.0596,-2.44346,0.0,-0.06981,165.6305,0.9519,stand_6,333.671,0.0,-0.06981,0.0,-0.06981,Sidewalk
386.0,132.3721,3.0596,-2.44346,0.0,-0.0,165.6305,0.9519,stand_6,333.6585,0.0,-0.0,0.0,-0.0,Sidewalk
386.5,132.3721,3.0596,-2.47837,0.0,-0.06981,165.6305,0.9519,stand_6,333.671,0.0,-0.06981,0.0,-0.06981,Sidewalk
387.0,132.3721,3.0596,-2.47837,0.0,-0.0,165.6305,0.9519,stand_6,333.6585,0.0,-0.0,0.0,-0.0,Sidewalk
387.5,132.3721,3.0596,-2.51327,0.0,-0.06981,165.6305,0.9519,stand_6,333.671,0.0,-0.06981,0.0,-0.06981,Sidewalk
388.0,132.3721,3.0596,-2.51327,0.0,-0.0,165.6305,0.9519,stand_6,333.6585,0.0,-0.0,0.0,-0.0,Sidewalk
388.5,132.3721,3.0596,-2.54818,0.0,-0.06981,165.6305,0.9519,stand_6,333.671,0.0,-0.06981,0.0,-0.06981,Sidewalk
389.0,132.3721,3.0596,-2.54818,0.0,-0.0,165.6305,0.9519,stand_6,333.6584,0.0,-0.0,0.0,-0.0,Sidewalk
389.5,132.3721,3.0596,-2.58309,0.0,-0.06981,165.6305,0.9519,stand_6,333.671,0.0,-0.06981,0.0,-0.06981,Sidewalk
390.0,132.3721,3.0596,-2.58309,0.0,-0.0,165.6305,0.9519,stand_6,333.6584,0.0,-0.0,0.0,-0.0,Sidewalk
390.5,132.3721,3.0596,-2.61799,0.0,-0.06981,165.6305,0.9519,stand_6,333.671,0.0,-0.06981,0.0,-0.06981,Sidewalk
391.0,132.3721,3.0596,-2.61799,0.0,-0.0,165.6305,0.9519,stand_6,333.6584,0.0,-0.0,0.0,-0.0,Sidewalk
391.5,132.3721,3.0596,-2.6529,0.0,-0.06981,165.6305,0.9519,stand_6,333.671,0.0,-0.06981,0.0,-0.06981,Sidewalk
392.0,132.3721,3.0596,-2.6529,0.0,-0.0,165.6305,0.9519,stand_6,333.6584,0.0,-0.0,0.0,-0.0,Sidewalk
392.5,132.3721,3.0596,-2.68781,0.0,-0.06981,165.6305,0.9519,stand_6,333.671,0.0,-0.06981,0.0,-0.06981,Sidewalk
393.0,132.3721,3.0596,-2.68781,0.0,-0.0,165.6305,0.9519,stand_6,333.6584,0.0,-0.0,0.0,-0.0,Sidewalk
393.5,132.3721,3.0596,-2.72271,0.0,-0.06981,165.6305,0.9519,stand_6,333.671,0.0,-0.06981,0.0,-0.06981,Sidewalk
394.0,132.3721,3.0596,-2.72271,0.0,-0.0,165.6305,0.9519,stand_6,333.6584,0.0,-0.0,0.0,-0.0,Sidewalk
394.5,132.3721,3.0596,-2.75762,0.0,-0.06981,165.6305,0.9519,stand_6,333.671,0.0,-0.06981,0.0,-0.06981,Sidewalk
395.0,132.3721,3.0596,-2.75762,0.0,-0.0,165.6305,0.9519,stand_6,333.6584,0.0,-0.0,0.0,-0.0,Sidewalk
395.5,132.3721,3.0596,-2.79253,0.0,-0.06981,165.6305,0.9519,stand_6,333.6709,0.0,-0.06981,0.0,-0.06981,Sidewalk
396.0,132.3721,3.0596,-2.79253,0.0,-0.0,165.6305,0.9519,stand_6,333.6584,0.0,-0.0,0.0,-0.0,Sidewalk
396.5,132.3721,3.0596,-2.82743,0.0,-0.06981,165.6305,0.9519,stand_6,333.6709,0.0,-0.06981,0.0,-0.06981,Sidewalk
397.0,132.3721,3.0596,-2.82743,0.0,-0.0,165.6305,0.9519,stand_6,333.6584,0.0,-0.0,0.0,-0.0,Sidewalk
397.5,132.3721,3.0596,-2.86234,0.0,-0.06981,165.6305,0.9519,stand_6,333.6709,0.0,-0.06981,0.0,-0.06981,Sidewalk
398.0,132.3721,3.0596,-2.86234,0.0,-0.0,165.6305,0.952,stand_6,333.6584,0.0,-0.0,0.0,-0.0,Sidewalk
398.5,132.3721,3.0596,-2.89725,0.0,-0.06981,165.6305,0.952,stand_6,333.6709,0.0,-0.06981,0.0,-0.06981,Sidewalk
399.0,132.3721,3.0596,-2.89725,0.0,-0.0,165.6305,0.952,stand_6,333.6583,0.0,-0.0,0.0,-0.0,Sidewalk
399.5,132.3721,3.0596,-2.93215,0.0,-0.06981,165.6305,0.952,stand_6,333.6709,0.0,-0.06981,0.0,-0.06981,Sidewalk
400.0,132.3721,3.0596,-2.93215,0.0,-0.0,165.6305,0.952,stand_6,333.6583,0.0,-0.0,0.0,-0.0,Sidewalk
400.5,132.3721,3.0596,-2.96706,0.0,-0.06981,165.6305,0.952,stand_6,333.6709,0.0,-0.06981,0.0,-0.06981,Sidewalk
401.0,132.3721,3.0596,-2.96706,0.0,-0.0,165.6305,0.952,stand_6,333.6583,0.0,-0.0,0.0,-0.0,Sidewalk
401.5,132.3721,3.0596,-3.00197,0.0,-0.06981,165.6305,0.952,stand_6,333.6709,0.0,-0.06981,0.0,-0.06981,Sidewalk
402.0,132.3721,3.0596,-3.00197,0.0,-0.0,165.6305,0.952,stand_6,333.6583,0.0,-0.0,0.0,-0.0,Sidewalk
402.5,132.3721,3.0596,-3.03687,0.0,-0.06981,165.6305,0.952,stand_6,333.6709,0.0,-0.06981,0.0,-0.06981,Sidewalk
403.0,132.3721,3.0596,-3.03687,0.0,-0.0,165.6305,0.952,stand_6,333.6583,0.0,-0.0,0.0,-0.0,Sidewalk
403.5,132.3721,3.0596,-3.07178,0.0,-0.06981,165.6305,0.952,stand_6,333.6709,0.0,-0.06981,0.0,-0.06981,Sidewalk
404.0,132.3721,3.0596,-3.07178,0.0,-0.0,165.6305,0.952,stand_6,333.6583,0.0,-0.0,0.0,-0.0,Sidewalk
404.5,132.3721,3.0596,-3.10669,0.0,-0.06981,165.6305,0.952,stand_6,333.6709,0.0,-0.06981,0.0,-0.06981,Sidewalk
405.0,132.3721,3.0596,-3.10669,0.0,-0.0,165.6305,0.952,stand_6,333.6583,0.0,-0.0,0.0,-0.0,Sidewalk
405.5,132.3721,3.0596,3.14159,0.0,-0.06981,165.6305,0.952,stand_6,333.6709,0.0,-0.06981,0.0,-0.06981,Sidewalk
406.0,132.3721,3.0596,3.14159,0.0,-0.0,165.6305,0.952,stand_6,333.6583,0.0,-0.0,0.0,-0.0,Sidewalk
406.5,132.3721,3.0596,3.10669,0.0,-0.06981,165.6305,0.952,stand_6,333.6709,0.0,-0.06981,0.0,-0.06981,Sidewalk
407.0,132.3721,3.0596,3.10669,0.0,-0.0,165.6305,0.952,stand_6,333.6583,0.0,-0.0,0.0,-0.0,Sidewalk
407.5,132.3721,3.0596,3.07178,0.0,-0.06981,165.6305,0.952,stand_6,333.6709,0.0,-0.06981,0.0,-0.06981,Sidewalk
408.0,132.3721,3.0596,3.07178,0.0,-0.0,165.6305,0.952,stand_6,333.6583,0.0,-0.0,0.0,-0.0,Sidewalk
408.5,132.3721,3.0596,3.03687,0.0,-0.06981,165.6305,0.952,stand_6,333.6708,0.0,-0.06981,0.0,-0.06981,Sidewalk
409.0,132.3721,3.0596,3.03687,0.0,-0.0,165.6305,0.952,stand_6,333.6583,0.0,-0.0,0.0,-0.0,Sidewalk
409.5,132.3721,3.0596,3.00197,0.0,-0.06981,165.6305,0.952,stand_6,333.6708,0.0,-0.06981,0.0,-0.06981,Sidewalk
410.0,132.3721,3.0596,3.00197,0.0,-0.0,165.6305,0.952,stand_6,333.6583,0.0,-0.0,0.0,-0.0,Sidewalk
410.5,132.3721,3.0596,2.96706,0.0,-0.06981,165.6305,0.952,stand_6,333.6708,0.0,-0.06981,0.0,-0.06981,Sidewalk
411.0,132.3721,3.0596,2.96706,0.0,-0.0,165.6305,0.952,stand_6,333.6583,0.0,-0.0,0.0,-0.0,Sidewalk
411.5,132.3721,3.0596,2.93215,0.0,-0.06981,165.6305,0.952,stand_6,333.6708,0.0,-0.06981,0.0,-0.06981,Sidewalk
412.0,132.3721,3.0596,2.93215,0.0,-0.0,165.6305,0.952,stand_6,333.6582,0.0,-0.0,0.0,-0.0,Sidewalk
412.5,132.3721,3.0596,2.89725,0.0,-0.06981,165.6305,0.952,stand_6,333.6708,0.0,-0.06981,0.0,-0.06981,Sidewalk
413.0,132.3721,3.0596,2.89725,0.0,-0.0,165.6305,0.952,stand_6,333.6582,0.0,-0.0,0.0,-0.0,Sidewalk
413.5,132.3721,3.0596,2.86234,0.0,-0.06981,165.6305,0.952,stand_6,333.6708,0.0,-0.06981,0.0,-0.06981,Sidewalk
414.0,132.3721,3.0596,2.86234,0.0,-0.0,165.6305,0.952,stand_6,333.6582,0.0,-0.0,0.0,-0.0,Sidewalk
414.5,132.3721,3.0596,2.82743,0.0,-0.06981,165.6305,0.952,stand_6,333.6708,0.0,-0.06981,0.0,-0.06981,Sidewalk
415.0,132.3721,3.0596,2.82743,0.0,-0.0,165.6305,0.952,stand_6,333.6582,0.0,-0.0,0.0,-0.0,Sidewalk
415.5,132.3721,3.0596,2.79253,0.0,-0.06981,165.6305,0.952,stand_6,333.6708,0.0,-0.06981,0.0,-0.06981,Sidewalk
416.0,132.3721,3.0596,2.79253,0.0,-0.0,165.6305,0.952,stand_6,333.6582,0.0,-0.0,0.0,-0.0,Sidewalk
416.5,132.3721,3.0596,2.75762,0.0,-0.06981,165.6305,0.952,stand_6,333.6708,0.0,-0.06981,0.0,-0.06981,Sidewalk
417.0,132.3721,3.0596,2.75762,0.0,-0.0,165.6305,0.952,stand_6,333.6582,0.0,-0.0,0.0,-0.0,Sidewalk
417.5,132.3721,3.0596,2.72271,0.0,-0.06981,165.6305,0.952,stand_6,333.6708,0.0,-0.06981,0.0,-0.06981,Sidewalk
418.0,132.3721,3.0596,2.72271,0.0,-0.0,165.6305,0.952,stand_6,333.6582,0.0,-0.0,0.0,-0.0,Sidewalk
418.5,132.3721,3.0596,2.68781,0.0,-0.06981,165.6305,0.952,stand_6,333.6708,0.0,-0.06981,0.0,-0.06981,Sidewalk
419.0,132.3721,3.0596,2.68781,0.0,-0.0,165.6305,0.952,stand_6,333.6582,0.0,-0.0,0.0,-0.0,Sidewalk
419.5,132.3721,3.0596,2.6529,0.0,-0.06981,165.6305,0.952,stand_6,333.6707,0.0,-0.06981,0.0,-0.06981,Sidewalk
420.0,132.3721,3.0596,2.6529,0.0,-0.0,165.6305,0.952,stand_6,333.6582,0.0,-0.0,0.0,-0.0,Sidewalk
420.5,132.3721,3.0596,2.61799,0.0,-0.06981,165.6305,0.952,stand_6,333.6707,0.0,-0.06981,0.0,-0.06981,Sidewalk
421.0,132.3721,3.0596,2.61799,0.0,-0.0,165.6305,0.952,stand_6,333.6582,0.0,-0.0,0.0,-0.0,Sidewalk
421.5,132.3721,3.0596,2.58309,0.0,-0.06981,165.6305,0.952,stand_6,333.6707,0.0,-0.06981,0.0,-0.06981,Sidewalk
422.0,132.3721,3.0596,2.58309,0.0,-0.0,165.6305,0.952,stand_6,333.6582,0.0,-0.0,0.0,-0.0,Sidewalk
422.5,132.3721,3.0596,2.54818,0.0,-0.06981,165.6305,0.952,stand_6,333.6707,0.0,-0.06981,0.0,-0.06981,Sidewalk
423.0,132.3721,3.0596,2.54818,0.0,-0.0,165.6305,0.952,stand_6,333.6582,0.0,-0.0,0.0,-0.0,Sidewalk
423.5,132.3721,3.0596,2.51327,0.0,-0.06981,165.6305,0.952,stand_6,333.6707,0.0,-0.06981,0.0,-0.06981,Sidewalk
424.0,132.3721,3.0596,2.51327,0.0,-0.0,165.6305,0.952,stand_6,333.6581,0.0,-0.0,0.0,-0.0,Sidewalk
424.5,132.3721,3.0596,2.47837,0.0,-0.06981,165.6305,0.952,stand_6,333.6707,0.0,-0.06981,0.0,-0.06981,Sidewalk
425.0,132.3721,3.0596,2.47837,0.0,-0.0,165.6305,0.952,stand_6,333.6581,0.0,-0.0,0.0,-0.0,Sidewalk
425.5,132.3721,3.0596,2.44346,0.0,-0.06981,165.6305,0.952,stand_6,333.6707,0.0,-0.06981,0.0,-0.06981,Sidewalk
426.0,132.3721,3.0596,2.44346,0.0,-0.0,165.6305,0.952,stand_6,333.6581,0.0,-0.0,0.0,-0.0,Sidewalk
426.5,132.3721,3.0596,2.40855,0.0,-0.06981,165.6305,0.952,stand_6,333.6707,0.0,-0.06981,0.0,-0.06981,Sidewalk
427.0,132.3721,3.0596,2.40855,0.0,-0.0,165.6305,0.952,stand_6,333.6581,0.0,-0.0,0.0,-0.0,Sidewalk
427.5,132.3721,3.0596,2.37365,0.0,-0.06981,165.6305,0.952,stand_6,333.6707,0.0,-0.06981,0.0,-0.06981,Sidewalk
428.0,132.3721,3.0596,2.37365,0.0,-0.0,165.6305,0.952,stand_6,333.6581,0.0,-0.0,0.0,-0.0,Sidewalk
428.5,132.3721,3.0596,2.33874,0.0,-0.06981,165.6305,0.952,stand_6,333.6707,0.0,-0.06981,0.0,-0.06981,Sidewalk
429.0,132.3721,3.0596,2.33874,0.0,-0.0,165.6305,0.952,stand_6,333.6581,0.0,-0.0,0.0,-0.0,Sidewalk
429.5,132.3721,3.0596,2.30383,0.0,-0.06981,165.6305,0.952,stand_6,333.6707,0.0,-0.06981,0.0,-0.06981,Sidewalk
430.0,132.3721,3.0596,2.30383,0.0,-0.0,165.6305,0.952,stand_6,333.6581,0.0,-0.0,0.0,-0.0,Sidewalk
430.5,132.3721,3.0596,2.26893,0.0,-0.06981,165.6305,0.952,stand_6,333.6707,0.0,-0.06981,0.0,-0.06981,Sidewalk
431.0,132.3721,3.0596,2.26893,0.0,-0.0,165.6305,0.952,stand_6,333.6581,0.0,-0.0,0.0,-0.0,Sidewalk
431.5,132.3721,3.0596,2.23402,0.0,-0.06981,165.6305,0.952,stand_6,333.6706,0.0,-0.06981,0.0,-0.06981,Sidewalk
432.0,132.3721,3.0596,2.23402,0.0,-0.0,165.6305,0.952,stand_6,333.6581,0.0,-0.0,0.0,-0.0,Sidewalk
432.5,132.3721,3.0596,2.19911,0.0,-0.06981,165.6305,0.952,stand_6,333.6706,0.0,-0.06981,0.0,-0.06981,Sidewalk
433.0,132.3721,3.0596,2.19911,0.0,-0.0,165.6305,0.952,stand_6,333.6581,0.0,-0.0,0.0,-0.0,Sidewalk
433.5,132.3721,3.0596,2.16421,0.0,-0.06981,165.6305,0.952,stand_6,333.6706,0.0,-0.06981,0.0,-0.06981,Sidewalk
434.0,132.3721,3.0596,2.16421,0.0,-0.0,165.6305,0.952,stand_6,333.6581,0.0,-0.0,0.0,-0.0,Sidewalk
434.5,132.3721,3.0596,2.1293,0.0,-0.06981,165.6305,0.952,stand_6,333.6706,0.0,-0.06981,0.0,-0.06981,Sidewalk
435.0,132.3721,3.0596,2.1293,0.0,-0.0,165.6305,0.9521,stand_6,333.658,0.0,-0.0,0.0,-0.0,Sidewalk
435.5,132.3721,3.0596,2.0944,0.0,-0.06981,165.6305,0.9521,stand_6,333.6706,0.0,-0.06981,0.0,-0.06981,Sidewalk
436.0,132.3721,3.0596,2.0944,0.0,-0.0,165.6305,0.9521,stand_6,333.658,0.0,-0.0,0.0,-0.0,Sidewalk
436.5,132.3721,3.0596,2.05949,0.0,-0.06981,165.6305,0.9521,stand_6,333.6706,0.0,-0.06981,0.0,-0.06981,Sidewalk
437.0,132.3721,3.0596,2.05949,0.0,-0.0,165.6305,0.9521,stand_6,333.658,0.0,-0.0,0.0,-0.0,Sidewalk
437.5,132.3721,3.0596,2.02458,0.0,-0.06981,165.6305,0.9521,stand_6,333.6706,0.0,-0.06981,0.0,-0.06981,Sidewalk
438.0,132.3721,3.0596,2.02458,0.0,-0.0,165.6305,0.9521,stand_6,333.658,0.0,-0.0,0.0,-0.0,Sidewalk
438.5,132.3721,3.0596,1.98968,0.0,-0.06981,165.6305,0.9521,stand_6,333.6706,0.0,-0.06981,0.0,-0.06981,Sidewalk
439.0,132.3721,3.0596,1.98968,0.0,-0.0,165.6305,0.9521,stand_6,333.658,0.0,-0.0,0.0,-0.0,Sidewalk
439.5,132.3721,3.0596,1.95477,0.0,-0.06981,165.6305,0.9521,stand_6,333.6706,0.0,-0.06981,0.0,-0.06981,Sidewalk
440.0,132.3721,3.0596,1.95477,0.0,-0.0,165.6305,0.9521,stand_6,333.658,0.0,-0.0,0.0,-0.0,Sidewalk
440.5,132.3721,3.0596,1.91986,0.0,-0.06981,165.6305,0.9521,stand_6,333.6706,0.0,-0.06981,0.0,-0.06981,Sidewalk
441.0,132.3721,3.0596,1.91986,0.0,-0.0,165.6305,0.9521,stand_6,333.658,0.0,-0.0,0.0,-0.0,Sidewalk
441.5,132.3721,3.0596,1.88496,0.0,-0.06981,165.6305,0.9521,stand_6,333.6706,0.0,-0.06981,0.0,-0.06981,Sidewalk
442.0,132.3721,3.0596,1.88496,0.0,-0.0,165.6305,0.9521,stand_6,333.658,0.0,-0.0,0.0,-0.0,Sidewalk
442.5,132.3721,3.0596,1.85005,0.0,-0.06981,165.6305,0.9521,stand_6,333.6705,0.0,-0.06981,0.0,-0.06981,Sidewalk
443.0,132.3721,3.0596,1.85005,0.0,-0.0,165.6305,0.9521,stand_6,333.658,0.0,-0.0,0.0,-0.0,Sidewalk
443.5,132.3721,3.0596,1.81514,0.0,-0.06981,165.6305,0.9521,stand_6,333.6705,0.0,-0.06981,0.0,-0.06981,Sidewalk
444.0,132.3721,3.0596,1.81514,0.0,-0.0,165.6305,0.9521,stand_6,333.658,0.0,-0.0,0.0,-0.0,Sidewalk
444.5,132.3721,3.0596,1.78024,0.0,-0.06981,165.6305,0.9521,stand_6,333.6705,0.0,-0.06981,0.0,-0.06981,Sidewalk
445.0,132.3721,3.0596,1.78024,0.0,-0.0,165.6305,0.9521,stand_6,333.658,0.0,-0.0,0.0,-0.0,Sidewalk
445.5,132.3721,3.0596,1.74533,0.0,-0.06981,165.6305,0.9521,stand_6,333.6705,0.0,-0.06981,0.0,-0.06981,Sidewalk
446.0,132.3721,3.0596,1.74533,0.0,-0.0,165.6305,0.9521,stand_6,333.6579,0.0,-0.0,0.0,-0.0,Sidewalk
446.5,132.3721,3.0596,1.71042,0.0,-0.06981,165.6305,0.9521,stand_6,333.6705,0.0,-0.06981,0.0,-0.06981,Sidewalk
447.0,132.3721,3.0596,1.71042,0.0,-0.0,165.6305,0.9521,stand_6,333.6579,0.0,-0.0,0.0,-0.0,Sidewalk
447.5,132.3721,3.0596,1.67552,0.0,-0.06981,165.6305,0.9521,stand_6,333.6705,0.0,-0.06981,0.0,-0.06981,Sidewalk
448.0,132.3721,3.0596,1.67552,0.0,-0.0,165.6305,0.9521,stand_6,333.6579,0.0,-0.0,0.0,-0.0,Sidewalk
448.5,132.3721,3.0596,1.64061,0.0,-0.06981,165.6305,0.9521,stand_6,333.6705,0.0,-0.06981,0.0,-0.06981,Sidewalk
449.0,132.3721,3.0596,1.64061,0.0,-0.0,165.6305,0.9521,stand_6,333.6579,0.0,-0.0,0.0,-0.0,Sidewalk
449.5,132.3721,3.0596,1.6057,0.0,-0.06981,165.6305,0.9521,stand_6,333.6705,0.0,-0.06981,0.0,-0.06981,Sidewalk
450.0,132.3721,3.0596,1.6057,0.0,-0.0,165.6305,0.9521,stand_6,333.6579,0.0,-0.0,0.0,-0.0,Sidewalk
450.5,132.3721,3.0596,1.5708,0.0,-0.06981,165.6305,0.9521,stand_6,333.6705,0.0,-0.06981,0.0,-0.06981,Sidewalk
451.0,132.3721,3.0596,1.5708,0.0,-0.0,165.6305,0.9521,stand_6,333.6579,0.0,-0.0,0.0,-0.0,Sidewalk
451.5,132.3721,3.0596,1.53589,0.0,-0.06981,165.6305,0.9521,stand_6,333.6705,0.0,-0.06981,0.0,-0.06981,Sidewalk
452.0,132.3721,3.0596,1.53589,0.0,-0.0,165.6305,0.9521,stand_6,333.6579,0.0,-0.0,0.0,-0.0,Sidewalk
452.5,132.3721,3.0596,1.50098,0.0,-0.06981,165.6305,0.9521,stand_6,333.6705,0.0,-0.06981,0.0,-0.06981,Sidewalk
453.0,132.3721,3.0596,1.50098,0.0,-0.0,165.6305,0.9521,stand_6,333.6579,0.0,-0.0,0.0,-0.0,Sidewalk
453.5,132.3721,3.0596,1.46608,0.0,-0.06981,165.6305,0.9521,stand_6,333.6704,0.0,-0.06981,0.0,-0.06981,Sidewalk
454.0,132.3721,3.0596,1.46608,0.0,-0.0,165.6305,0.9521,stand_6,333.6579,0.0,-0.0,0.0,-0.0,Sidewalk
454.5,132.3721,3.0596,1.43117,0.0,-0.06981,165.6305,0.9521,stand_6,333.6704,0.0,-0.06981,0.0,-0.06981,Sidewalk
455.0,132.3721,3.0596,1.43117,0.0,-0.0,165.6305,0.9521,stand_6,333.6579,0.0,-0.0,0.0,-0.0,Sidewalk
455.5,132.3721,3.0596,1.39626,0.0,-0.06981,165.6305,0.9521,stand_6,333.6704,0.0,-0.06981,0.0,-0.06981,Sidewalk
456.0,132.3721,3.0596,1.39626,0.0,-0.0,165.6305,0.9521,stand_6,333.6579,0.0,-0.0,0.0,-0.0,Sidewalk
456.5,132.3721,3.0596,1.36136,0.0,-0.06981,165.6305,0.9521,stand_6,333.6704,0.0,-0.06981,0.0,-0.06981,Sidewalk
457.0,132.3721,3.0596,1.36136,0.0,-0.0,165.6305,0.9521,stand_6,333.6578,0.0,-0.0,0.0,-0.0,Sidewalk
457.5,132.3721,3.0596,1.32645,0.0,-0.06981,165.6305,0.9521,stand_6,333.6704,0.0,-0.06981,0.0,-0.06981,Sidewalk
458.0,132.3721,3.0596,1.32645,0.0,-0.0,165.6305,0.9521,stand_6,333.6578,0.0,-0.0,0.0,-0.0,Sidewalk
458.5,132.3721,3.0596,1.29154,0.0,-0.06981,165.6305,0.9521,stand_6,333.6704,0.0,-0.06981,0.0,-0.06981,Sidewalk
459.0,132.3721,3.0596,1.29154,0.0,-0.0,165.6305,0.9521,stand_6,333.6578,0.0,-0.0,0.0,-0.0,Sidewalk
459.5,132.3721,3.0596,1.25664,0.0,-0.06981,165.6305,0.9521,stand_6,333.6704,0.0,-0.06981,0.0,-0.06981,Sidewalk
460.0,132.3721,3.0596,1.25664,0.0,-0.0,165.6305,0.9521,stand_6,333.6578,0.0,-0.0,0.0,-0.0,Sidewalk
460.5,132.3721,3.0596,1.22173,0.0,-0.06981,165.6305,0.9521,stand_6,333.6704,0.0,-0.06981,0.0,-0.06981,Sidewalk
461.0,132.3721,3.0596,1.22173,0.0,-0.0,165.6305,0.9521,stand_6,333.6578,0.0,-0.0,0.0,-0.0,Sidewalk
461.5,132.3721,3.0596,1.18682,0.0,-0.06981,165.6305,0.9521,stand_6,333.6704,0.0,-0.06981,0.0,-0.06981,Sidewalk
462.0,132.3721,3.0596,1.18682,0.0,-0.0,165.6305,0.9521,stand_6,333.6578,0.0,-0.0,0.0,-0.0,Sidewalk
462.5,132.3721,3.0596,1.15192,0.0,-0.06981,165.6305,0.9521,stand_6,333.6704,0.0,-0.06981,0.0,-0.06981,Sidewalk
463.0,132.3721,3.0596,1.15192,0.0,-0.0,165.6305,0.9521,stand_6,333.6578,0.0,-0.0,0.0,-0.0,Sidewalk
463.5,132.3721,3.0596,1.11701,0.0,-0.06981,165.6305,0.9521,stand_6,333.6704,0.0,-0.06981,0.0,-0.06981,Sidewalk
464.0,132.3721,3.0596,1.11701,0.0,-0.0,165.6305,0.9521,stand_6,333.6578,0.0,-0.0,0.0,-0.0,Sidewalk
464.5,132.3721,3.0596,1.0821,0.0,-0.06981,165.6305,0.9521,stand_6,333.6703,0.0,-0.06981,0.0,-0.06981,Sidewalk
465.0,132.3721,3.0596,1.0821,0.0,-0.0,165.6305,0.9521,stand_6,333.6578,0.0,-0.0,0.0,-0.0,Sidewalk
465.5,132.3721,3.0596,1.0472,0.0,-0.06981,165.6305,0.9521,stand_6,333.6703,0.0,-0.06981,0.0,-0.06981,Sidewalk
466.0,132.3721,3.0596,1.0472,0.0,-0.0,165.6305,0.9521,stand_6,333.6578,0.0,-0.0,0.0,-0.0,Sidewalk
466.5,132.3721,3.0596,1.01229,0.0,-0.06981,165.6305,0.9521,stand_6,333.6703,0.0,-0.06981,0.0,-0.06981,Sidewalk
467.0,132.3721,3.0596,1.01229,0.0,-0.0,165.6305,0.9521,stand_6,333.6578,0.0,-0.0,0.0,-0.0,Sidewalk
467.5,132.3721,3.0596,0.97738,0.0,-0.06981,165.6305,0.9521,stand_6,333.6703,0.0,-0.06981,0.0,-0.06981,Sidewalk
468.0,132.3721,3.0596,0.97738,0.0,-0.0,165.6305,0.9521,stand_6,333.6577,0.0,-0.0,0.0,-0.0,Sidewalk
468.5,132.3721,3.0596,0.94248,0.0,-0.06981,165.6305,0.9521,stand_6,333.6703,0.0,-0.06981,0.0,-0.06981,Sidewalk
469.0,132.3721,3.0596,0.94248,0.0,-0.0,165.6305,0.9522,stand_6,333.6577,0.0,-0.0,0.0,-0.0,Sidewalk
469.5,132.3721,3.0596,0.90757,0.0,-0.06981,165.6305,0.9522,stand_6,333.6703,0.0,-0.06981,0.0,-0.06981,Sidewalk
470.0,132.3721,3.0596,0.90757,0.0,-0.0,165.6305,0.9522,stand_6,333.6577,0.0,-0.0,0.0,-0.0,Sidewalk
470.5,132.3721,3.0596,0.87266,0.0,-0.06981,165.6305,0.9522,stand_6,333.6703,0.0,-0.06981,0.0,-0.06981,Sidewalk
471.0,132.3721,3.0596,0.87266,0.0,-0.0,165.6305,0.9522,stand_6,333.6577,0.0,-0.0,0.0,-0.0,Sidewalk
471.5,132.3721,3.0596,0.83776,0.0,-0.06981,165.6305,0.9522,stand_6,333.6703,0.0,-0.06981,0.0,-0.06981,Sidewalk
472.0,132.3721,3.0596,0.83776,0.0,-0.0,165.6305,0.9522,stand_6,333.6577,0.0,-0.0,0.0,-0.0,Sidewalk
472.5,132.3721,3.0596,0.80285,0.0,-0.06981,165.6305,0.9522,stand_6,333.6703,0.0,-0.06981,0.0,-0.06981,Sidewalk
473.0,132.3721,3.0596,0.80285,0.0,-0.0,165.6305,0.9522,stand_6,333.6577,0.0,-0.0,0.0,-0.0,Sidewalk
473.5,132.3721,3.0596,0.76794,0.0,-0.06981,165.6305,0.9522,stand_6,333.6703,0.0,-0.06981,0.0,-0.06981,Sidewalk
474.0,132.3721,3.0596,0.76794,0.0,-0.0,165.6305,0.9522,stand_6,333.6577,0.0,-0.0,0.0,-0.0,Sidewalk
474.5,132.3721,3.0596,0.73304,0.0,-0.06981,165.6305,0.9522,stand_6,333.6702,0.0,-0.06981,0.0,-0.06981,Sidewalk
475.0,132.3721,3.0596,0.73304,0.0,-0.0,165.6305,0.9522,stand_6,333.6577,0.0,-0.0,0.0,-0.0,Sidewalk
475.5,132.3721,3.0596,0.69813,0.0,-0.06981,165.6305,0.9522,stand_6,333.6702,0.0,-0.06981,0.0,-0.06981,Sidewalk
476.0,132.3721,3.0596,0.69813,0.0,-0.0,165.6305,0.9522,stand_6,333.6577,0.0,-0.0,0.0,-0.0,Sidewalk
476.5,132.3721,3.0596,0.66323,0.0,-0.06981,165.6305,0.9522,stand_6,333.6702,0.0,-0.06981,0.0,-0.06981,Sidewalk
477.0,132.3721,3.0596,0.66323,0.0,-0.0,165.6305,0.9522,stand_6,333.6577,0.0,-0.0,0.0,-0.0,Sidewalk
477.5,132.3721,3.0596,0.62832,0.0,-0.06981,165.6305,0.9522,stand_6,333.6702,0.0,-0.06981,0.0,-0.06981,Sidewalk
478.0,132.3721,3.0596,0.62832,0.0,-0.0,165.6305,0.9522,stand_6,333.6576,0.0,-0.0,0.0,-0.0,Sidewalk
478.5,132.3721,3.0596,0.59341,0.0,-0.06981,165.6305,0.9522,stand_6,333.6702,0.0,-0.06981,0.0,-0.06981,Sidewalk
479.0,132.3721,3.0596,0.59341,0.0,-0.0,165.6305,0.9522,stand_6,333.6576,0.0,-0.0,0.0,-0.0,Sidewalk
479.5,132.3721,3.0596,0.55851,0.0,-0.06981,165.6305,0.9522,stand_6,333.6702,0.0,-0.06981,0.0,-0.06981,Sidewalk
480.0,132.3721,3.0596,0.55851,0.0,-0.0,165.6305,0.9522,stand_6,333.6576,0.0,-0.0,0.0,-0.0,Sidewalk
480.5,132.3721,3.0596,0.5236,0.0,-0.06981,165.6305,0.9522,stand_6,333.6702,0.0,-0.06981,0.0,-0.06981,Sidewalk
481.0,132.3721,3.0596,0.5236,0.0,-0.0,165.6305,0.9522,stand_6,333.6576,0.0,-0.0,0.0,-0.0,Sidewalk
481.5,132.3721,3.0596,0.48869,0.0,-0.06981,165.6305,0.9522,stand_6,333.6702,0.0,-0.06981,0.0,-0.06981,Sidewalk
482.0,132.3721,3.0596,0.48869,0.0,-0.0,165.6305,0.9522,stand_6,333.6576,0.0,-0.0,0.0,-0.0,Sidewalk
482.5,132.3721,3.0596,0.45379,0.0,-0.06981,165.6305,0.9522,stand_6,333.6702,0.0,-0.06981,0.0,-0.06981,Sidewalk
483.0,132.3721,3.0596,0.45379,0.0,-0.0,165.6305,0.9522,stand_6,333.6576,0.0,-0.0,0.0,-0.0,Sidewalk
483.5,132.3721,3.0596,0.41888,0.0,-0.06981,165.6305,0.9522,stand_6,333.6702,0.0,-0.06981,0.0,-0.06981,Sidewalk
484.0,132.3721,3.0596,0.41888,0.0,-0.0,165.6305,0.9522,stand_6,333.6576,0.0,-0.0,0.0,-0.0,Sidewalk
484.5,132.3721,3.0596,0.38397,0.0,-0.06981,165.6305,0.9522,stand_6,333.6702,0.0,-0.06981,0.0,-0.06981,Sidewalk
485.0,132.3721,3.0596,0.38397,0.0,-0.0,165.6305,0.9522,stand_6,333.6576,0.0,-0.0,0.0,-0.0,Sidewalk
485.5,132.3721,3.0596,0.34907,0.0,-0.06981,165.6305,0.9522,stand_6,333.6701,0.0,-0.06981,0.0,-0.06981,Sidewalk
486.0,132.3721,3.0596,0.34907,0.0,-0.0,165.6305,0.9522,stand_6,333.6576,0.0,-0.0,0.0,-0.0,Sidewalk
486.5,132.3721,3.0596,0.31416,0.0,-0.06981,165.6305,0.9522,stand_6,333.6701,0.0,-0.06981,0.0,-0.06981,Sidewalk
487.0,132.3721,3.0596,0.31416,0.0,-0.0,165.6305,0.9522,stand_6,333.6576,0.0,-0.0,0.0,-0.0,Sidewalk
487.5,132.3721,3.0596,0.27925,0.0,-0.06981,165.6305,0.9522,stand_6,333.6701,0.0,-0.06981,0.0,-0.06981,Sidewalk
488.0,132.3721,3.0596,0.27925,0.0,-0.0,165.6305,0.9522,stand_6,333.6576,0.0,-0.0,0.0,-0.0,Sidewalk
488.5,132.3721,3.0596,0.24435,0.0,-0.06981,165.6305,0.9522,stand_6,333.6701,0.0,-0.06981,0.0,-0.06981,Sidewalk
489.0,132.3721,3.0596,0.24435,0.0,-0.0,165.6305,0.9522,stand_6,333.6575,0.0,-0.0,0.0,-0.0,Sidewalk
489.5,132.3721,3.0596,0.20944,0.0,-0.06981,165.6305,0.9522,stand_6,333.6701,0.0,-0.06981,0.0,-0.06981,Sidewalk
490.0,132.3721,3.0596,0.20944,0.0,-0.0,165.6305,0.9522,stand_6,333.6575,0.0,-0.0,0.0,-0.0,Sidewalk
490.5,132.3721,3.0596,0.17453,0.0,-0.06981,165.6305,0.9522,stand_6,333.6701,0.0,-0.06981,0.0,-0.06981,Sidewalk
491.0,132.3721,3.0596,0.17453,0.0,-0.0,165.6305,0.9522,stand_6,333.6575,0.0,-0.0,0.0,-0.0,Sidewalk
491.5,132.3721,3.0596,0.13963,0.0,-0.06981,165.6305,0.9522,stand_6,333.6701,0.0,-0.06981,0.0,-0.06981,Sidewalk
492.0,132.3721,3.0596,0.13963,0.0,-0.0,165.6305,0.9522,stand_6,333.6575,0.0,-0.0,0.0,-0.0,Sidewalk
492.5,132.3721,3.0596,0.10472,0.0,-0.06981,165.6305,0.9522,stand_6,333.6701,0.0,-0.06981,0.0,-0.06981,Sidewalk
493.0,132.3721,3.0596,0.10472,0.0,-0.0,165.6305,0.9522,stand_6,333.6575,0.0,-0.0,0.0,-0.0,Sidewalk
493.5,132.3721,3.0596,0.06981,0.0,-0.06981,165.6305,0.9522,stand_6,333.6701,0.0,-0.06981,0.0,-0.06981,Sidewalk
494.0,132.3721,3.0596,0.06981,0.0,-0.0,165.6305,0.9522,stand_6,333.6575,0.0,-0.0,0.0,-0.0,Sidewalk
494.5,132.3721,3.0596,0.03491,0.0,-0.06981,165.6305,0.9522,stand_6,333.6701,0.0,-0.06981,0.0,-0.06981,Sidewalk
495.0,132.3721,3.0596,0.03491,0.0,-0.0,165.6305,0.9522,stand_6,333.6575,0.0,-0.0,0.0,-0.0,Sidewalk
495.5,132.3721,3.0596,-0.0,0.0,-0.06981,165.6305,0.9522,stand_6,333.67,0.0,-0.06981,0.0,-0.06981,Sidewalk
496.0,132.3721,3.0596,-0.0,0.0,-0.0,165.6305,0.9522,stand_6,333.6575,0.0,-0.0,0.0,-0.0,Sidewalk
496.5,132.3721,3.0596,-0.03491,0.0,-0.06981,165.6305,0.9522,stand_6,333.67,0.0,-0.06981,0.0,-0.06981,Sidewalk
497.0,132.3721,3.0596,-0.03491,0.0,-0.0,165.6305,0.9522,stand_6,333.6575,0.0,-0.0,0.0,-0.0,Sidewalk
497.5,132.3721,3.0596,-0.06981,0.0,-0.06981,165.6305,0.9522,stand_6,333.67,0.0,-0.06981,0.0,-0.06981,Sidewalk
498.0,132.3721,3.0596,-0.06981,0.0,-0.0,165.6305,0.9522,stand_6,333.6575,0.0,-0.0,0.0,-0.0,Sidewalk
498.5,132.3721,3.0596,-0.10472,0.0,-0.06981,165.6305,0.9522,stand_6,333.67,0.0,-0.06981,0.0,-0.06981,Sidewalk
499.0,132.3721,3.0596,-0.10472,0.0,-0.0,165.6305,0.9522,stand_6,333.6575,0.0,-0.0,0.0,-0.0,Sidewalk
499.5,132.3721,3.0596,-0.13963,0.0,-0.06981,165.6305,0.9522,stand_6,333.67,0.0,-0.06981,0.0,-0.06981,Sidewalk
500.0,132.3721,3.0596,-0.13963,0.0,-0.0,165.6305,0.9522,stand_6,333.6574,0.0,-0.0,0.0,-0.0,Sidewalk
500.5,132.3721,3.0596,-0.17453,0.0,-0.06981,165.6305,0.9522,stand_6,333.67,0.0,-0.06981,0.0,-0.06981,Sidewalk
501.0,132.3721,3.0596,-0.17453,0.0,-0.0,165.6305,0.9522,stand_6,333.6574,0.0,-0.0,0.0,-0.0,Sidewalk
501.5,132.3721,3.0596,-0.20944,0.0,-0.06981,165.6305,0.9522,stand_6,333.67,0.0,-0.06981,0.0,-0.06981,Sidewalk
502.0,132.3721,3.0596,-0.20944,0.0,-0.0,165.6305,0.9523,stand_6,333.6574,0.0,-0.0,0.0,-0.0,Sidewalk
502.5,132.3721,3.0596,-0.24435,0.0,-0.06981,165.6305,0.9523,stand_6,333.67,0.0,-0.06981,0.0,-0.06981,Sidewalk
503.0,132.3721,3.0596,-0.24435,0.0,-0.0,165.6305,0.9523,stand_6,333.6574,0.0,-0.0,0.0,-0.0,Sidewalk
503.5,132.3721,3.0596,-0.27925,0.0,-0.06981,165.6305,0.9523,stand_6,333.67,0.0,-0.06981,0.0,-0.06981,Sidewalk
504.0,132.3721,3.0596,-0.27925,0.0,-0.0,165.6305,0.9523,stand_6,333.6574,0.0,-0.0,0.0,-0.0,Sidewalk
504.5,132.3721,3.0596,-0.31416,0.0,-0.06981,165.6305,0.9523,stand_6,333.67,0.0,-0.06981,0.0,-0.06981,Sidewalk
505.0,132.3721,3.0596,-0.31416,0.0,-0.0,165.6305,0.9523,stand_6,333.6574,0.0,-0.0,0.0,-0.0,Sidewalk
505.5,132.3721,3.0596,-0.34907,0.0,-0.06981,165.6305,0.9523,stand_6,333.67,0.0,-0.06981,0.0,-0.06981,Sidewalk
506.0,132.3721,3.0596,-0.34907,0.0,-0.0,165.6305,0.9523,stand_6,333.6574,0.0,-0.0,0.0,-0.0,Sidewalk
506.5,132.3721,3.0596,-0.38397,0.0,-0.06981,165.6305,0.9523,stand_6,333.67,0.0,-0.06981,0.0,-0.06981,Sidewalk
507.0,132.3721,3.0596,-0.38397,0.0,-0.0,165.6305,0.9523,stand_6,333.6574,0.0,-0.0,0.0,-0.0,Sidewalk
507.5,132.3721,3.0596,-0.41888,0.0,-0.06981,165.6305,0.9523,stand_6,333.67,0.0,-0.06981,0.0,-0.06981,Sidewalk
508.0,132.3721,3.0596,-0.41888,0.0,-0.0,165.6305,0.9523,stand_6,333.6574,0.0,-0.0,0.0,-0.0,Sidewalk
508.5,132.3721,3.0596,-0.45379,0.0,-0.06981,165.6305,0.9523,stand_6,333.6699,0.0,-0.06981,0.0,-0.06981,Sidewalk
509.0,132.3721,3.0596,-0.45379,0.0,-0.0,165.6305,0.9523,stand_6,333.6574,0.0,-0.0,0.0,-0.0,Sidewalk
509.5,132.3721,3.0596,-0.48869,0.0,-0.06981,165.6305,0.9523,stand_6,333.6699,0.0,-0.06981,0.0,-0.06981,Sidewalk
510.0,132.3721,3.0596,-0.48869,0.0,-0.0,165.6305,0.9523,stand_6,333.6574,0.0,-0.0,0.0,-0.0,Sidewalk
510.5,132.3721,3.0596,-0.5236,0.0,-0.06981,165.6305,0.9523,stand_6,333.6699,0.0,-0.06981,0.0,-0.06981,Sidewalk
511.0,132.3721,3.0596,-0.5236,0.0,-0.0,165.6305,0.9523,stand_6,333.6573,0.0,-0.0,0.0,-0.0,Sidewalk
511.5,132.3721,3.0596,-0.55851,0.0,-0.06981,165.6305,0.9523,stand_6,333.6699,0.0,-0.06981,0.0,-0.06981,Sidewalk
512.0,132.3721,3.0596,-0.55851,0.0,-0.0,165.6305,0.9523,stand_6,333.6573,0.0,-0.0,0.0,-0.0,Sidewalk
512.5,132.3721,3.0596,-0.59341,0.0,-0.06981,165.6305,0.9523,stand_6,333.6699,0.0,-0.06981,0.0,-0.06981,Sidewalk
513.0,132.3721,3.0596,-0.59341,0.0,-0.0,165.6305,0.9523,stand_6,333.6573,0.0,-0.0,0.0,-0.0,Sidewalk
513.5,132.3721,3.0596,-0.62832,0.0,-0.06981,165.6305,0.9523,stand_6,333.6699,0.0,-0.06981,0.0,-0.06981,Sidewalk
514.0,132.3721,3.0596,-0.62832,0.0,-0.0,165.6305,0.9523,stand_6,333.6573,0.0,-0.0,0.0,-0.0,Sidewalk
514.5,132.3721,3.0596,-0.66323,0.0,-0.06981,165.6305,0.9523,stand_6,333.6699,0.0,-0.06981,0.0,-0.06981,Sidewalk
515.0,132.3721,3.0596,-0.66323,0.0,-0.0,165.6305,0.9523,stand_6,333.6573,0.0,-0.0,0.0,-0.0,Sidewalk
515.5,132.3721,3.0596,-0.69813,0.0,-0.06981,165.6305,0.9523,stand_6,333.6699,0.0,-0.06981,0.0,-0.06981,Sidewalk
516.0,132.3721,3.0596,-0.69813,0.0,-0.0,165.6305,0.9523,stand_6,333.6573,0.0,-0.0,0.0,-0.0,Sidewalk
516.5,132.3721,3.0596,-0.73304,0.0,-0.06981,165.6305,0.9523,stand_6,333.6699,0.0,-0.06981,0.0,-0.06981,Sidewalk
517.0,132.3721,3.0596,-0.73304,0.0,-0.0,165.6305,0.9523,stand_6,333.6573,0.0,-0.0,0.0,-0.0,Sidewalk
517.5,132.3721,3.0596,-0.76794,0.0,-0.06981,165.6305,0.9523,stand_6,333.6698,0.0,-0.06981,0.0,-0.06981,Sidewalk
518.0,132.3721,3.0596,-0.76794,0.0,-0.0,165.6305,0.9523,stand_6,333.6573,0.0,-0.0,0.0,-0.0,Sidewalk
518.5,132.3721,3.0596,-0.80285,0.0,-0.06981,165.6305,0.9523,stand_6,333.6698,0.0,-0.06981,0.0,-0.06981,Sidewalk
519.0,132.3721,3.0596,-0.80285,0.0,-0.0,165.6305,0.9523,stand_6,333.6573,0.0,-0.0,0.0,-0.0,Sidewalk
519.5,132.3721,3.0596,-0.83776,0.0,-0.06981,165.6305,0.9523,stand_6,333.6698,0.0,-0.06981,0.0,-0.06981,Sidewalk
520.0,132.3721,3.0596,-0.83776,0.0,-0.0,165.6305,0.9523,stand_6,333.6573,0.0,-0.0,0.0,-0.0,Sidewalk
520.5,132.3721,3.0596,-0.87266,0.0,-0.06981,165.6305,0.9523,stand_6,333.6698,0.0,-0.06981,0.0,-0.06981,Sidewalk
521.0,132.3721,3.0596,-0.87266,0.0,-0.0,165.6305,0.9523,stand_6,333.6572,0.0,-0.0,0.0,-0.0,Sidewalk
521.5,132.3721,3.0596,-0.90757,0.0,-0.06981,165.6305,0.9523,stand_6,333.6698,0.0,-0.06981,0.0,-0.06981,Sidewalk
522.0,132.3721,3.0596,-0.90757,0.0,-0.0,165.6305,0.9523,stand_6,333.6572,0.0,-0.0,0.0,-0.0,Sidewalk
522.5,132.3721,3.0596,-0.94248,0.0,-0.06981,165.6305,0.9523,stand_6,333.6698,0.0,-0.06981,0.0,-0.06981,Sidewalk
523.0,132.3721,3.0596,-0.94248,0.0,-0.0,165.6305,0.9523,stand_6,333.6572,0.0,-0.0,0.0,-0.0,Sidewalk
523.5,132.3721,3.0596,-0.97738,0.0,-0.06981,165.6305,0.9523,stand_6,333.6698,0.0,-0.06981,0.0,-0.06981,Sidewalk
524.0,132.3721,3.0596,-0.97738,0.0,-0.0,165.6305,0.9523,stand_6,333.6572,0.0,-0.0,0.0,-0.0,Sidewalk
524.5,132.3721,3.0596,-1.01229,0.0,-0.06981,165.6305,0.9523,stand_6,333.6698,0.0,-0.06981,0.0,-0.06981,Sidewalk
525.0,132.3721,3.0596,-1.01229,0.0,-0.0,165.6305,0.9523,stand_6,333.6572,0.0,-0.0,0.0,-0.0,Sidewalk
525.5,132.3721,3.0596,-1.0472,0.0,-0.06981,165.6305,0.9523,stand_6,333.6698,0.0,-0.06981,0.0,-0.06981,Sidewalk
526.0,132.3721,3.0596,-1.0472,0.0,-0.0,165.6305,0.9523,stand_6,333.6572,0.0,-0.0,0.0,-0.0,Sidewalk
526.5,132.3721,3.0596,-1.0821,0.0,-0.06981,165.6305,0.9523,stand_6,333.6698,0.0,-0.06981,0.0,-0.06981,Sidewalk
527.0,132.3721,3.0596,-1.0821,0.0,-0.0,165.6305,0.9523,stand_6,333.6572,0.0,-0.0,0.0,-0.0,Sidewalk
527.5,132.3721,3.0596,-1.11701,0.0,-0.06981,165.6305,0.9523,stand_6,333.6698,0.0,-0.06981,0.0,-0.06981,Sidewalk
528.0,132.3721,3.0596,-1.11701,0.0,-0.0,165.6305,0.9523,stand_6,333.6572,0.0,-0.0,0.0,-0.0,Sidewalk
528.5,132.3721,3.0596,-1.15192,0.0,-0.06981,165.6305,0.9523,stand_6,333.6697,0.0,-0.06981,0.0,-0.06981,Sidewalk
529.0,132.3721,3.0596,-1.15192,0.0,-0.0,165.6305,0.9523,stand_6,333.6572,0.0,-0.0,0.0,-0.0,Sidewalk
529.5,132.3721,3.0596,-1.18682,0.0,-0.06981,165.6305,0.9523,stand_6,333.6697,0.0,-0.06981,0.0,-0.06981,Sidewalk
530.0,132.3721,3.0596,-1.18682,0.0,-0.0,165.6305,0.9523,stand_6,333.6572,0.0,-0.0,0.0,-0.0,Sidewalk
530.5,132.3721,3.0596,-1.22173,0.0,-0.06981,165.6305,0.9523,stand_6,333.6697,0.0,-0.06981,0.0,-0.06981,Sidewalk
531.0,132.3721,3.0596,-1.22173,0.0,-0.0,165.6305,0.9523,stand_6,333.6572,0.0,-0.0,0.0,-0.0,Sidewalk
531.5,132.3721,3.0596,-1.25664,0.0,-0.06981,165.6305,0.9523,stand_6,333.6697,0.0,-0.06981,0.0,-0.06981,Sidewalk
532.0,132.3721,3.0596,-1.25664,0.0,-0.0,165.6305,0.9523,stand_6,333.6571,0.0,-0.0,0.0,-0.0,Sidewalk
532.5,132.3721,3.0596,-1.29154,0.0,-0.06981,165.6305,0.9523,stand_6,333.6697,0.0,-0.06981,0.0,-0.06981,Sidewalk
533.0,132.3721,3.0596,-1.29154,0.0,-0.0,165.6305,0.9523,stand_6,333.6571,0.0,-0.0,0.0,-0.0,Sidewalk
533.5,132.3721,3.0596,-1.32645,0.0,-0.06981,165.6305,0.9523,stand_6,333.6697,0.0,-0.06981,0.0,-0.06981,Sidewalk
534.0,132.3721,3.0596,-1.32645,0.0,-0.0,165.6305,0.9523,stand_6,333.6571,0.0,-0.0,0.0,-0.0,Sidewalk
534.5,132.3721,3.0596,-1.36136,0.0,-0.06981,165.6305,0.9523,stand_6,333.6697,0.0,-0.06981,0.0,-0.06981,Sidewalk
535.0,132.3721,3.0596,-1.36136,0.0,-0.0,165.6305,0.9524,stand_6,333.6571,0.0,-0.0,0.0,-0.0,Sidewalk
535.5,132.3721,3.0596,-1.39626,0.0,-0.06981,165.6305,0.9524,stand_6,333.6697,0.0,-0.06981,0.0,-0.06981,Sidewalk
536.0,132.3721,3.0596,-1.39626,0.0,-0.0,165.6305,0.9524,stand_6,333.6571,0.0,-0.0,0.0,-0.0,Sidewalk
536.5,132.3721,3.0596,-1.43117,0.0,-0.06981,165.6305,0.9524,stand_6,333.6697,0.0,-0.06981,0.0,-0.06981,Sidewalk
537.0,132.3721,3.0596,-1.43117,0.0,-0.0,165.6305,0.9524,stand_6,333.6571,0.0,-0.0,0.0,-0.0,Sidewalk
537.5,132.3721,3.0596,-1.46608,0.0,-0.06981,165.6305,0.9524,stand_6,333.6697,0.0,-0.06981,0.0,-0.06981,Sidewalk
538.0,132.3721,3.0596,-1.46608,0.0,-0.0,165.6305,0.9524,stand_6,333.6571,0.0,-0.0,0.0,-0.0,Sidewalk
538.5,132.3721,3.0596,-1.50098,0.0,-0.06981,165.6305,0.9524,stand_6,333.6696,0.0,-0.06981,0.0,-0.06981,Sidewalk
539.0,132.3721,3.0596,-1.50098,0.0,-0.0,165.6305,0.9524,stand_6,333.6571,0.0,-0.0,0.0,-0.0,Sidewalk
539.5,132.3721,3.0596,-1.53589,0.0,-0.06981,165.6305,0.9524,stand_6,333.6696,0.0,-0.06981,0.0,-0.06981,Sidewalk
540.0,132.3721,3.0596,-1.53589,0.0,-0.0,165.6305,0.9524,stand_6,333.6571,0.0,-0.0,0.0,-0.0,Sidewalk
540.5,132.3721,3.0596,-1.5708,0.0,-0.06981,165.6305,0.9524,stand_6,333.6696,0.0,-0.06981,0.0,-0.06981,Sidewalk
541.0,132.3721,3.0596,-1.5708,0.0,-0.0,165.6305,0.9524,stand_6,333.6571,0.0,-0.0,0.0,-0.0,Sidewalk
541.5,132.3721,3.0596,-1.6057,0.0,-0.06981,165.6305,0.9524,stand_6,333.6696,0.0,-0.06981,0.0,-0.06981,Sidewalk
542.0,132.3721,3.0596,-1.6057,0.0,-0.0,165.6305,0.9524,stand_6,333.6571,0.0,-0.0,0.0,-0.0,Sidewalk
542.5,132.3721,3.0596,-1.64061,0.0,-0.06981,165.6305,0.9524,stand_6,333.6696,0.0,-0.06981,0.0,-0.06981,Sidewalk
543.0,132.3721,3.0596,-1.64061,0.0,-0.0,165.6305,0.9524,stand_6,333.657,0.0,-0.0,0.0,-0.0,Sidewalk
543.5,132.3721,3.0596,-1.67552,0.0,-0.06981,165.6305,0.9524,stand_6,333.6696,0.0,-0.06981,0.0,-0.06981,Sidewalk
544.0,132.3721,3.0596,-1.67552,0.0,-0.0,165.6305,0.9524,stand_6,333.657,0.0,-0.0,0.0,-0.0,Sidewalk
544.5,132.3721,3.0596,-1.71042,0.0,-0.06981,165.6305,0.9524,stand_6,333.6696,0.0,-0.06981,0.0,-0.06981,Sidewalk
545.0,132.3721,3.0596,-1.71042,0.0,-0.0,165.6305,0.9524,stand_6,333.657,0.0,-0.0,0.0,-0.0,Sidewalk
545.5,132.3721,3.0596,-1.74533,0.0,-0.06981,165.6305,0.9524,stand_6,333.6696,0.0,-0.06981,0.0,-0.06981,Sidewalk
546.0,132.3721,3.0596,-1.74533,0.0,-0.0,165.6305,0.9524,stand_6,333.657,0.0,-0.0,0.0,-0.0,Sidewalk
546.5,132.3721,3.0596,-1.78024,0.0,-0.06981,165.6305,0.9524,stand_6,333.6696,0.0,-0.06981,0.0,-0.06981,Sidewalk
547.0,132.3721,3.0596,-1.78024,0.0,-0.0,165.6305,0.9524,stand_6,333.657,0.0,-0.0,0.0,-0.0,Sidewalk
547.5,132.3721,3.0596,-1.81514,0.0,-0.06981,165.6305,0.9524,stand_6,333.6696,0.0,-0.06981,0.0,-0.06981,Sidewalk
548.0,132.3721,3.0596,-1.81514,0.0,-0.0,165.6305,0.9524,stand_6,333.657,0.0,-0.0,0.0,-0.0,Sidewalk
548.5,132.3721,3.0596,-1.85005,0.0,-0.06981,165.6305,0.9524,stand_6,333.6696,0.0,-0.06981,0.0,-0.06981,Sidewalk
549.0,132.3721,3.0596,-1.85005,0.0,-0.0,165.6305,0.9524,stand_6,333.657,0.0,-0.0,0.0,-0.0,Sidewalk
549.5,132.3721,3.0596,-1.88496,0.0,-0.06981,165.6305,0.9524,stand_6,333.6695,0.0,-0.06981,0.0,-0.06981,Sidewalk
550.0,132.3721,3.0596,-1.88496,0.0,-0.0,165.6305,0.9524,stand_6,333.657,0.0,-0.0,0.0,-0.0,Sidewalk
550.5,132.3721,3.0596,-1.91986,0.0,-0.06981,165.6305,0.9524,stand_6,333.6695,0.0,-0.06981,0.0,-0.06981,Sidewalk
551.0,132.3721,3.0596,-1.91986,0.0,-0.0,165.6305,0.9524,stand_6,333.657,0.0,-0.0,0.0,-0.0,Sidewalk
551.5,132.3721,3.0596,-1.95477,0.0,-0.06981,165.6305,0.9524,stand_6,333.6695,0.0,-0.06981,0.0,-0.06981,Sidewalk
552.0,132.3721,3.0596,-1.95477,0.0,-0.0,165.6305,0.9524,stand_6,333.657,0.0,-0.0,0.0,-0.0,Sidewalk
552.5,132.3721,3.0596,-1.98968,0.0,-0.06981,165.6305,0.9524,stand_6,333.6695,0.0,-0.06981,0.0,-0.06981,Sidewalk
553.0,132.3721,3.0596,-1.98968,0.0,-0.0,165.6305,0.9524,stand_6,333.657,0.0,-0.0,0.0,-0.0,Sidewalk
553.5,132.3721,3.0596,-1.95477,0.0,0.06981,165.6305,0.9524,stand_6,333.6695,0.0,0.06981,0.0,0.06981,Sidewalk
554.0,132.3721,3.0596,-1.95477,0.0,-0.0,165.6305,0.9524,stand_6,333.6569,0.0,-0.0,0.0,-0.0,Sidewalk
554.5,132.3721,3.0596,-1.91986,0.0,0.06981,165.6305,0.9524,stand_6,333.6695,0.0,0.06981,0.0,0.06981,Sidewalk
555.0,132.3721,3.0596,-1.91986,0.0,-0.0,165.6305,0.9524,stand_6,333.6569,0.0,-0.0,0.0,-0.0,Sidewalk
555.5,132.3721,3.0596,-1.88496,0.0,0.06981,165.6305,0.9524,stand_6,333.6695,0.0,0.06981,0.0,0.06981,Sidewalk
556.0,132.3721,3.0596,-1.88496,0.0,-0.0,165.6305,0.9524,stand_6,333.6569,0.0,-0.0,0.0,-0.0,Sidewalk
556.5,132.3721,3.0596,-1.85005,0.0,0.06981,165.6305,0.9524,stand_6,333.6695,0.0,0.06981,0.0,0.06981,Sidewalk
557.0,132.3721,3.0596,-1.85005,0.0,-0.0,165.6305,0.9524,stand_6,333.6569,0.0,-0.0,0.0,-0.0,Sidewalk
557.5,132.3721,3.0596,-1.81514,0.0,0.06981,165.6305,0.9524,stand_6,333.6695,0.0,0.06981,0.0,0.06981,Sidewalk
558.0,132.3721,3.0596,-1.81514,0.0,-0.0,165.6305,0.9524,stand_6,333.6569,0.0,-0.0,0.0,-0.0,Sidewalk
558.5,132.3721,3.0596,-1.78024,0.0,0.06981,165.6305,0.9524,stand_6,333.6695,0.0,0.06981,0.0,0.06981,Sidewalk
559.0,132.3721,3.0596,-1.78024,0.0,-0.0,165.6305,0.9524,stand_6,333.6569,0.0,-0.0,0.0,-0.0,Sidewalk
559.5,132.3721,3.0596,-1.74533,0.0,0.06981,165.6305,0.9524,stand_6,333.6695,0.0,0.06981,0.0,0.06981,Sidewalk
560.0,132.3721,3.0596,-1.74533,0.0,-0.0,165.6305,0.9524,stand_6,333.6569,0.0,-0.0,0.0,-0.0,Sidewalk
560.5,132.3721,3.0596,-1.71042,0.0,0.06981,165.6305,0.9524,stand_6,333.6694,0.0,0.06981,0.0,0.06981,Sidewalk
561.0,132.3721,3.0596,-1.71042,0.0,-0.0,165.6305,0.9524,stand_6,333.6569,0.0,-0.0,0.0,-0.0,Sidewalk
561.5,132.3721,3.0596,-1.67552,0.0,0.06981,165.6305,0.9524,stand_6,333.6694,0.0,0.06981,0.0,0.06981,Sidewalk
562.0,132.3721,3.0596,-1.67552,0.0,-0.0,165.6305,0.9524,stand_6,333.6569,0.0,-0.0,0.0,-0.0,Sidewalk
562.5,132.3721,3.0596,-1.64061,0.0,0.06981,165.6305,0.9524,stand_6,333.6694,0.0,0.06981,0.0,0.06981,Sidewalk
563.0,132.3721,3.0596,-1.64061,0.0,-0.0,165.6305,0.9524,stand_6,333.6569,0.0,-0.0,0.0,-0.0,Sidewalk
563.5,132.3721,3.0596,-1.6057,0.0,0.06981,165.6305,0.9524,stand_6,333.6694,0.0,0.06981,0.0,0.06981,Sidewalk
564.0,132.3721,3.0596,-1.6057,0.0,-0.0,165.6305,0.9524,stand_6,333.6568,0.0,-0.0,0.0,-0.0,Sidewalk
564.5,132.3721,3.0596,-1.5708,0.0,0.06981,165.6305,0.9524,stand_6,333.6694,0.0,0.06981,0.0,0.06981,Sidewalk
565.0,132.3721,3.0596,-1.5708,0.0,-0.0,165.6305,0.9524,stand_6,333.6568,0.0,-0.0,0.0,-0.0,Sidewalk
565.5,132.3721,3.0596,-1.53589,0.0,0.06981,165.6305,0.9524,stand_6,333.6694,0.0,0.06981,0.0,0.06981,Sidewalk
566.0,132.3721,3.0596,-1.53589,0.0,-0.0,165.6305,0.9524,stand_6,333.6568,0.0,-0.0,0.0,-0.0,Sidewalk
566.5,132.3721,3.0596,-1.50098,0.0,0.06981,165.6305,0.9524,stand_6,333.6694,0.0,0.06981,0.0,0.06981,Sidewalk
567.0,132.3721,3.0596,-1.50098,0.0,-0.0,165.6305,0.9524,stand_6,333.6568,0.0,-0.0,0.0,-0.0,Sidewalk
567.5,132.3721,3.0596,-1.46608,0.0,0.06981,165.6305,0.9524,stand_6,333.6694,0.0,0.06981,0.0,0.06981,Sidewalk
568.0,132.3721,3.0596,-1.46608,0.0,-0.0,165.6305,0.9524,stand_6,333.6568,0.0,-0.0,0.0,-0.0,Sidewalk
568.5,132.3721,3.0596,-1.43117,0.0,0.06981,165.6305,0.9524,stand_6,333.6694,0.0,0.06981,0.0,0.06981,Sidewalk
569.0,132.3721,3.0596,-1.43117,0.0,-0.0,165.6305,0.9524,stand_6,333.6568,0.0,-0.0,0.0,-0.0,Sidewalk
569.5,132.3721,3.0596,-1.39626,0.0,0.06981,165.6305,0.9524,stand_6,333.6694,0.0,0.06981,0.0,0.06981,Sidewalk
570.0,132.3721,3.0596,-1.39626,0.0,-0.0,165.6305,0.9524,stand_6,333.6568,0.0,-0.0,0.0,-0.0,Sidewalk
570.5,132.3721,3.0596,-1.36136,0.0,0.06981,165.6305,0.9525,stand_6,333.6694,0.0,0.06981,0.0,0.06981,Sidewalk
571.0,132.3721,3.0596,-1.36136,0.0,-0.0,165.6305,0.9525,stand_6,333.6568,0.0,-0.0,0.0,-0.0,Sidewalk
571.5,132.3721,3.0596,-1.32645,0.0,0.06981,165.6305,0.9525,stand_6,333.6694,0.0,0.06981,0.0,0.06981,Sidewalk
572.0,132.3721,3.0596,-1.32645,0.0,-0.0,165.6305,0.9525,stand_6,333.6568,0.0,-0.0,0.0,-0.0,Sidewalk
572.5,132.3721,3.0596,-1.29154,0.0,0.06981,165.6305,0.9525,stand_6,333.6694,0.0,0.06981,0.0,0.06981,Sidewalk
573.0,132.3721,3.0596,-1.29154,0.0,-0.0,165.6305,0.9525,stand_6,333.6568,0.0,-0.0,0.0,-0.0,Sidewalk
573.5,132.3721,3.0596,-1.25664,0.0,0.06981,165.6305,0.9525,stand_6,333.6693,0.0,0.06981,0.0,0.06981,Sidewalk
574.0,132.3721,3.0596,-1.25664,0.0,-0.0,165.6305,0.9525,stand_6,333.6568,0.0,-0.0,0.0,-0.0,Sidewalk
574.5,132.3721,3.0596,-1.22173,0.0,0.06981,165.6305,0.9525,stand_6,333.6693,0.0,0.06981,0.0,0.06981,Sidewalk
575.0,132.3721,3.0596,-1.22173,0.0,-0.0,165.6305,0.9525,stand_6,333.6568,0.0,-0.0,0.0,-0.0,Sidewalk
575.5,132.3721,3.0596,-1.18682,0.0,0.06981,165.6305,0.9525,stand_6,333.6693,0.0,0.06981,0.0,0.06981,Sidewalk
576.0,132.3721,3.0596,-1.18682,0.0,-0.0,165.6305,0.9525,stand_6,333.6567,0.0,-0.0,0.0,-0.0,Sidewalk
576.5,132.3721,3.0596,-1.15192,0.0,0.06981,165.6305,0.9525,stand_6,333.6693,0.0,0.06981,0.0,0.06981,Sidewalk
577.0,132.3721,3.0596,-1.15192,0.0,-0.0,165.6305,0.9525,stand_6,333.6567,0.0,-0.0,0.0,-0.0,Sidewalk
577.5,132.3721,3.0596,-1.11701,0.0,0.06981,165.6305,0.9525,stand_6,333.6693,0.0,0.06981,0.0,0.06981,Sidewalk
578.0,132.3721,3.0596,-1.11701,0.0,-0.0,165.6305,0.9525,stand_6,333.6567,0.0,-0.0,0.0,-0.0,Sidewalk
578.5,132.3721,3.0596,-1.0821,0.0,0.06981,165.6305,0.9525,stand_6,333.6693,0.0,0.06981,0.0,0.06981,Sidewalk
579.0,132.3721,3.0596,-1.0821,0.0,-0.0,165.6305,0.9525,stand_6,333.6567,0.0,-0.0,0.0,-0.0,Sidewalk
579.5,132.3721,3.0596,-1.0472,0.0,0.06981,165.6305,0.9525,stand_6,333.6693,0.0,0.06981,0.0,0.06981,Sidewalk
580.0,132.3721,3.0596,-1.0472,0.0,-0.0,165.6305,0.9525,stand_6,333.6567,0.0,-0.0,0.0,-0.0,Sidewalk
580.5,132.3721,3.0596,-1.01229,0.0,0.06981,165.6305,0.9525,stand_6,333.6693,0.0,0.06981,0.0,0.06981,Sidewalk
581.0,132.3721,3.0596,-1.01229,0.0,-0.0,165.6305,0.9525,stand_6,333.6567,0.0,-0.0,0.0,-0.0,Sidewalk
581.5,132.3721,3.0596,-0.97738,0.0,0.06981,165.6305,0.9525,stand_6,333.6693,0.0,0.06981,0.0,0.06981,Sidewalk
582.0,132.3721,3.0596,-0.97738,0.0,-0.0,165.6305,0.9525,stand_6,333.6567,0.0,-0.0,0.0,-0.0,Sidewalk
582.5,132.3721,3.0596,-0.94248,0.0,0.06981,165.6305,0.9525,stand_6,333.6692,0.0,0.06981,0.0,0.06981,Sidewalk
583.0,132.3721,3.0596,-0.94248,0.0,-0.0,165.6305,0.9525,stand_6,333.6567,0.0,-0.0,0.0,-0.0,Sidewalk
583.5,132.3721,3.0596,-0.90757,0.0,0.06981,165.6305,0.9525,stand_6,333.6692,0.0,0.06981,0.0,0.06981,Sidewalk
584.0,132.3721,3.0596,-0.90757,0.0,-0.0,165.6305,0.9525,stand_6,333.6567,0.0,-0.0,0.0,-0.0,Sidewalk
584.5,132.3721,3.0596,-0.87266,0.0,0.06981,165.6305,0.9525,stand_6,333.6692,0.0,0.06981,0.0,0.06981,Sidewalk
585.0,132.3721,3.0596,-0.87266,0.0,-0.0,165.6305,0.9525,stand_6,333.6567,0.0,-0.0,0.0,-0.0,Sidewalk
585.5,132.3721,3.0596,-0.83776,0.0,0.06981,165.6305,0.9525,stand_6,333.6692,0.0,0.06981,0.0,0.06981,Sidewalk
586.0,132.3721,3.0596,-0.83776,0.0,-0.0,165.6305,0.9525,stand_6,333.6567,0.0,-0.0,0.0,-0.0,Sidewalk
586.5,132.3721,3.0596,-0.80285,0.0,0.06981,165.6305,0.9525,stand_6,333.6692,0.0,0.06981,0.0,0.06981,Sidewalk
587.0,132.3721,3.0596,-0.80285,0.0,-0.0,165.6305,0.9525,stand_6,333.6566,0.0,-0.0,0.0,-0.0,Sidewalk
587.5,132.3721,3.0596,-0.76794,0.0,0.06981,165.6305,0.9525,stand_6,333.6692,0.0,0.06981,0.0,0.06981,Sidewalk
588.0,132.3721,3.0596,-0.76794,0.0,-0.0,165.6305,0.9525,stand_6,333.6566,0.0,-0.0,0.0,-0.0,Sidewalk
588.5,132.3721,3.0596,-0.73304,0.0,0.06981,165.6305,0.9525,stand_6,333.6692,0.0,0.06981,0.0,0.06981,Sidewalk
589.0,132.3721,3.0596,-0.73304,0.0,-0.0,165.6305,0.9525,stand_6,333.6566,0.0,-0.0,0.0,-0.0,Sidewalk
589.5,132.3721,3.0596,-0.69813,0.0,0.06981,165.6305,0.9525,stand_6,333.6692,0.0,0.06981,0.0,0.06981,Sidewalk
590.0,132.3721,3.0596,-0.69813,0.0,-0.0,165.6305,0.9525,stand_6,333.6566,0.0,-0.0,0.0,-0.0,Sidewalk
590.5,132.3721,3.0596,-0.66323,0.0,0.06981,165.6305,0.9525,stand_6,333.6692,0.0,0.06981,0.0,0.06981,Sidewalk
591.0,132.3721,3.0596,-0.66323,0.0,-0.0,165.6305,0.9525,stand_6,333.6566,0.0,-0.0,0.0,-0.0,Sidewalk
591.5,132.3721,3.0596,-0.62832,0.0,0.06981,165.6305,0.9525,stand_6,333.6692,0.0,0.06981,0.0,0.06981,Sidewalk
592.0,132.3721,3.0596,-0.62832,0.0,-0.0,165.6305,0.9525,stand_6,333.6566,0.0,-0.0,0.0,-0.0,Sidewalk
592.5,132.3721,3.0596,-0.59341,0.0,0.06981,165.6305,0.9525,stand_6,333.6692,0.0,0.06981,0.0,0.06981,Sidewalk
593.0,132.3721,3.0596,-0.59341,0.0,-0.0,165.6305,0.9525,stand_6,333.6566,0.0,-0.0,0.0,-0.0,Sidewalk
593.5,132.3721,3.0596,-0.55851,0.0,0.06981,165.6305,0.9525,stand_6,333.6692,0.0,0.06981,0.0,0.06981,Sidewalk
594.0,132.3721,3.0596,-0.55851,0.0,-0.0,165.6305,0.9525,stand_6,333.6566,0.0,-0.0,0.0,-0.0,Sidewalk
594.5,132.3721,3.0596,-0.5236,0.0,0.06981,165.6305,0.9525,stand_6,333.6692,0.0,0.06981,0.0,0.06981,Sidewalk
595.0,132.3721,3.0596,-0.5236,0.0,-0.0,165.6305,0.9525,stand_6,333.6566,0.0,-0.0,0.0,-0.0,Sidewalk
595.5,132.3721,3.0596,-0.48869,0.0,0.06981,165.6305,0.9525,stand_6,333.6691,0.0,0.06981,0.0,0.06981,Sidewalk
596.0,132.3721,3.0596,-0.48869,0.0,-0.0,165.6305,0.9525,stand_6,333.6566,0.0,-0.0,0.0,-0.0,Sidewalk
596.5,132.3721,3.0596,-0.45379,0.0,0.06981,165.6305,0.9525,stand_6,333.6691,0.0,0.06981,0.0,0.06981,Sidewalk
597.0,132.3721,3.0596,-0.45379,0.0,-0.0,165.6305,0.9525,stand_6,333.6566,0.0,-0.0,0.0,-0.0,Sidewalk
597.5,132.3721,3.0596,-0.41888,0.0,0.06981,165.6305,0.9525,stand_6,333.6691,0.0,0.06981,0.0,0.06981,Sidewalk
598.0,132.3721,3.0596,-0.41888,0.0,-0.0,165.6305,0.9525,stand_6,333.6566,0.0,-0.0,0.0,-0.0,Sidewalk
598.5,132.3721,3.0596,-0.38397,0.0,0.06981,165.6305,0.9525,stand_6,333.6691,0.0,0.06981,0.0,0.06981,Sidewalk
599.0,132.3721,3.0596,-0.38397,0.0,-0.0,165.6305,0.9525,stand_6,333.6565,0.0,-0.0,0.0,-0.0,Sidewalk
599.5,132.3721,3.0596,-0.34907,0.0,0.06981,165.6305,0.9525,stand_6,333.6691,0.0,0.06981,0.0,0.06981,Sidewalk
600.0,132.3721,3.0596,-0.34907,0.0,-0.0,165.6305,0.9525,stand_6,333.6565,0.0,-0.0,0.0,-0.0,Sidewalk
600.5,132.3721,3.0596,-0.31416,0.0,0.06981,165.6305,0.9525,stand_6,333.6691,0.0,0.06981,0.0,0.06981,Sidewalk
601.0,132.3721,3.0596,-0.31416,0.0,-0.0,165.6305,0.9525,stand_6,333.6565,0.0,-0.0,0.0,-0.0,Sidewalk
601.5,132.3721,3.0596,-0.27925,0.0,0.06981,165.6305,0.9525,stand_6,333.6691,0.0,0.06981,0.0,0.06981,Sidewalk
602.0,132.3721,3.0596,-0.27925,0.0,-0.0,165.6305,0.9525,stand_6,333.6565,0.0,-0.0,0.0,-0.0,Sidewalk
602.5,132.3721,3.0596,-0.24435,0.0,0.06981,165.6305,0.9525,stand_6,333.6691,0.0,0.06981,0.0,0.06981,Sidewalk
603.0,132.3721,3.0596,-0.24435,0.0,-0.0,165.6305,0.9525,stand_6,333.6565,0.0,-0.0,0.0,-0.0,Sidewalk
603.5,132.3721,3.0596,-0.20944,0.0,0.06981,165.6305,0.9525,stand_6,333.6691,0.0,0.06981,0.0,0.06981,Sidewalk
604.0,132.3721,3.0596,-0.20944,0.0,-0.0,165.6305,0.9525,stand_6,333.6565,0.0,-0.0,0.0,-0.0,Sidewalk
604.5,132.3721,3.0596,-0.17453,0.0,0.06981,165.6305,0.9525,stand_6,333.6691,0.0,0.06981,0.0,0.06981,Sidewalk
605.0,132.3721,3.0596,-0.17453,0.0,-0.0,165.6305,0.9526,stand_6,333.6565,0.0,-0.0,0.0,-0.0,Sidewalk
605.5,132.3721,3.0596,-0.13963,0.0,0.06981,165.6305,0.9526,stand_6,333.669,0.0,0.06981,0.0,0.06981,Sidewalk
606.0,132.3721,3.0596,-0.13963,0.0,-0.0,165.6305,0.9526,stand_6,333.6565,0.0,-0.0,0.0,-0.0,Sidewalk
606.5,132.3721,3.0596,-0.10472,0.0,0.06981,165.6305,0.9526,stand_6,333.669,0.0,0.06981,0.0,0.06981,Sidewalk
607.0,132.3721,3.0596,-0.10472,0.0,-0.0,165.6305,0.9526,stand_6,333.6565,0.0,-0.0,0.0,-0.0,Sidewalk
607.5,132.3721,3.0596,-0.06981,0.0,0.06981,165.6305,0.9526,stand_6,333.669,0.0,0.06981,0.0,0.06981,Sidewalk
608.0,132.3721,3.0596,-0.06981,0.0,-0.0,165.6305,0.9526,stand_6,333.6565,0.0,-0.0,0.0,-0.0,Sidewalk
608.5,132.3721,3.0596,-0.03491,0.0,0.06981,165.6305,0.9526,stand_6,333.669,0.0,0.06981,0.0,0.06981,Sidewalk
609.0,132.3721,3.0596,-0.03491,0.0,-0.0,165.6305,0.9526,stand_6,333.6564,0.0,-0.0,0.0,-0.0,Sidewalk
609.5,132.3721,3.0596,-0.0,0.0,0.06981,165.6305,0.9526,stand_6,333.669,0.0,0.06981,0.0,0.06981,Sidewalk
610.0,132.3721,3.0596,-0.0,0.0,-0.0,165.6305,0.9526,stand_6,333.6564,0.0,-0.0,0.0,-0.0,Sidewalk
610.5,132.3721,3.0596,0.03491,0.0,0.06981,165.6305,0.9526,stand_6,333.669,0.0,0.06981,0.0,0.06981,Sidewalk
611.0,132.3721,3.0596,0.03491,0.0,-0.0,165.6305,0.9526,stand_6,333.6564,0.0,-0.0,0.0,-0.0,Sidewalk
611.5,132.3721,3.0596,0.06981,0.0,0.06981,165.6305,0.9526,stand_6,333.669,0.0,0.06981,0.0,0.06981,Sidewalk
612.0,132.3721,3.0596,0.06981,0.0,-0.0,165.6305,0.9526,stand_6,333.6564,0.0,-0.0,0.0,-0.0,Sidewalk
612.5,132.3721,3.0596,0.10472,0.0,0.06981,165.6305,0.9526,stand_6,333.669,0.0,0.06981,0.0,0.06981,Sidewalk
613.0,132.3721,3.0596,0.10472,0.0,-0.0,165.6305,0.9526,stand_6,333.6564,0.0,-0.0,0.0,-0.0,Sidewalk
613.5,132.3721,3.0596,0.13963,0.0,0.06981,165.6305,0.9526,stand_6,333.669,0.0,0.06981,0.0,0.06981,Sidewalk
614.0,132.3721,3.0596,0.13963,0.0,-0.0,165.6305,0.9526,stand_6,333.6564,0.0,-0.0,0.0,-0.0,Sidewalk
614.5,132.3721,3.0596,0.17453,0.0,0.06981,165.6305,0.9526,stand_6,333.669,0.0,0.06981,0.0,0.06981,Sidewalk
615.0,132.3721,3.0596,0.17453,0.0,-0.0,165.6305,0.9526,stand_6,333.6564,0.0,-0.0,0.0,-0.0,Sidewalk
615.5,132.3721,3.0596,0.20944,0.0,0.06981,165.6305,0.9526,stand_6,333.669,0.0,0.06981,0.0,0.06981,Sidewalk
616.0,132.3721,3.0596,0.20944,0.0,-0.0,165.6305,0.9526,stand_6,333.6564,0.0,-0.0,0.0,-0.0,Sidewalk
616.5,132.3721,3.0596,0.24435,0.0,0.06981,165.6305,0.9526,stand_6,333.6689,0.0,0.06981,0.0,0.06981,Sidewalk
617.0,132.3721,3.0596,0.24435,0.0,-0.0,165.6305,0.9526,stand_6,333.6564,0.0,-0.0,0.0,-0.0,Sidewalk
617.5,132.3721,3.0596,0.27925,0.0,0.06981,165.6305,0.9526,stand_6,333.6689,0.0,0.06981,0.0,0.06981,Sidewalk
618.0,132.3721,3.0596,0.27925,0.0,-0.0,165.6305,0.9526,stand_6,333.6564,0.0,-0.0,0.0,-0.0,Sidewalk
618.5,132.3721,3.0596,0.31416,0.0,0.06981,165.6305,0.9526,stand_6,333.6689,0.0,0.06981,0.0,0.06981,Sidewalk
619.0,132.3721,3.0596,0.31416,0.0,-0.0,165.6305,0.9526,stand_6,333.6564,0.0,-0.0,0.0,-0.0,Sidewalk
619.5,132.3721,3.0596,0.34907,0.0,0.06981,165.6305,0.9526,stand_6,333.6689,0.0,0.06981,0.0,0.06981,Sidewalk
620.0,132.3721,3.0596,0.34907,0.0,-0.0,165.6305,0.9526,stand_6,333.6563,0.0,-0.0,0.0,-0.0,Sidewalk
620.5,132.3721,3.0596,0.38397,0.0,0.06981,165.6305,0.9526,stand_6,333.6689,0.0,0.06981,0.0,0.06981,Sidewalk
621.0,132.3721,3.0596,0.38397,0.0,-0.0,165.6305,0.9526,stand_6,333.6563,0.0,-0.0,0.0,-0.0,Sidewalk
621.5,132.3721,3.0596,0.41888,0.0,0.06981,165.6305,0.9526,stand_6,333.6689,0.0,0.06981,0.0,0.06981,Sidewalk
622.0,132.3721,3.0596,0.41888,0.0,-0.0,165.6305,0.9526,stand_6,333.6563,0.0,-0.0,0.0,-0.0,Sidewalk
622.5,132.3721,3.0596,0.45379,0.0,0.06981,165.6305,0.9526,stand_6,333.6689,0.0,0.06981,0.0,0.06981,Sidewalk
623.0,132.3721,3.0596,0.45379,0.0,-0.0,165.6305,0.9526,stand_6,333.6563,0.0,-0.0,0.0,-0.0,Sidewalk
623.5,132.3721,3.0596,0.48869,0.0,0.06981,165.6305,0.9526,stand_6,333.6689,0.0,0.06981,0.0,0.06981,Sidewalk
624.0,132.3721,3.0596,0.48869,0.0,-0.0,165.6305,0.9526,stand_6,333.6563,0.0,-0.0,0.0,-0.0,Sidewalk
624.5,132.3721,3.0596,0.5236,0.0,0.06981,165.6305,0.9526,stand_6,333.6689,0.0,0.06981,0.0,0.06981,Sidewalk
625.0,132.3721,3.0596,0.5236,0.0,-0.0,165.6305,0.9526,stand_6,333.6563,0.0,-0.0,0.0,-0.0,Sidewalk
625.5,132.3721,3.0596,0.55851,0.0,0.06981,165.6305,0.9526,stand_6,333.6689,0.0,0.06981,0.0,0.06981,Sidewalk
626.0,132.3721,3.0596,0.55851,0.0,-0.0,165.6305,0.9526,stand_6,333.6563,0.0,-0.0,0.0,-0.0,Sidewalk
626.5,132.3721,3.0596,0.59341,0.0,0.06981,165.6305,0.9526,stand_6,333.6688,0.0,0.06981,0.0,0.06981,Sidewalk
627.0,132.3721,3.0596,0.59341,0.0,-0.0,165.6305,0.9526,stand_6,333.6563,0.0,-0.0,0.0,-0.0,Sidewalk
627.5,132.3721,3.0596,0.62832,0.0,0.06981,165.6305,0.9526,stand_6,333.6688,0.0,0.06981,0.0,0.06981,Sidewalk
628.0,132.3721,3.0596,0.62832,0.0,-0.0,165.6305,0.9526,stand_6,333.6563,0.0,-0.0,0.0,-0.0,Sidewalk
628.5,132.3721,3.0596,0.66323,0.0,0.06981,165.6305,0.9526,stand_6,333.6688,0.0,0.06981,0.0,0.06981,Sidewalk
629.0,132.3721,3.0596,0.66323,0.0,-0.0,165.6305,0.9526,stand_6,333.6563,0.0,-0.0,0.0,-0.0,Sidewalk
629.5,132.3721,3.0596,0.69813,0.0,0.06981,165.6305,0.9526,stand_6,333.6688,0.0,0.06981,0.0,0.06981,Sidewalk
630.0,132.3721,3.0596,0.69813,0.0,-0.0,165.6305,0.9526,stand_6,333.6562,0.0,-0.0,0.0,-0.0,Sidewalk
630.5,132.3721,3.0596,0.73304,0.0,0.06981,165.6305,0.9526,stand_6,333.6688,0.0,0.06981,0.0,0.06981,Sidewalk
631.0,132.3721,3.0596,0.73304,0.0,-0.0,165.6305,0.9526,stand_6,333.6562,0.0,-0.0,0.0,-0.0,Sidewalk
631.5,132.3721,3.0596,0.76794,0.0,0.06981,165.6305,0.9526,stand_6,333.6688,0.0,0.06981,0.0,0.06981,Sidewalk
632.0,132.3721,3.0596,0.76794,0.0,-0.0,165.6305,0.9526,stand_6,333.6562,0.0,-0.0,0.0,-0.0,Sidewalk
632.5,132.3721,3.0596,0.80285,0.0,0.06981,165.6305,0.9526,stand_6,333.6688,0.0,0.06981,0.0,0.06981,Sidewalk
633.0,132.3721,3.0596,0.80285,0.0,-0.0,165.6305,0.9526,stand_6,333.6562,0.0,-0.0,0.0,-0.0,Sidewalk
633.5,132.3721,3.0596,0.83776,0.0,0.06981,165.6305,0.9526,stand_6,333.6688,0.0,0.06981,0.0,0.06981,Sidewalk
634.0,132.3721,3.0596,0.83776,0.0,-0.0,165.6305,0.9526,stand_6,333.6562,0.0,-0.0,0.0,-0.0,Sidewalk
634.5,132.3721,3.0596,0.87266,0.0,0.06981,165.6305,0.9526,stand_6,333.6688,0.0,0.06981,0.0,0.06981,Sidewalk
635.0,132.3721,3.0596,0.87266,0.0,-0.0,165.6305,0.9526,stand_6,333.6562,0.0,-0.0,0.0,-0.0,Sidewalk
635.5,132.3721,3.0596,0.90757,0.0,0.06981,165.6305,0.9526,stand_6,333.6688,0.0,0.06981,0.0,0.06981,Sidewalk
636.0,132.3721,3.0596,0.90757,0.0,-0.0,165.6305,0.9526,stand_6,333.6562,0.0,-0.0,0.0,-0.0,Sidewalk
636.5,132.3721,3.0596,0.94248,0.0,0.06981,165.6305,0.9526,stand_6,333.6687,0.0,0.06981,0.0,0.06981,Sidewalk
637.0,132.3721,3.0596,0.94248,0.0,-0.0,165.6305,0.9527,stand_6,333.6562,0.0,-0.0,0.0,-0.0,Sidewalk
637.5,132.3721,3.0596,0.97738,0.0,0.06981,165.6305,0.9527,stand_6,333.6687,0.0,0.06981,0.0,0.06981,Sidewalk
638.0,132.3721,3.0596,0.97738,0.0,-0.0,165.6305,0.9527,stand_6,333.6562,0.0,-0.0,0.0,-0.0,Sidewalk
638.5,132.3721,3.0596,1.01229,0.0,0.06981,165.6305,0.9527,stand_6,333.6687,0.0,0.06981,0.0,0.06981,Sidewalk
639.0,132.3721,3.0596,1.01229,0.0,-0.0,165.6305,0.9527,stand_6,333.6562,0.0,-0.0,0.0,-0.0,Sidewalk
639.5,132.3721,3.0596,1.0472,0.0,0.06981,165.6305,0.9527,stand_6,333.6687,0.0,0.06981,0.0,0.06981,Sidewalk
640.0,132.3721,3.0596,1.0472,0.0,-0.0,165.6305,0.9527,stand_6,333.6562,0.0,-0.0,0.0,-0.0,Sidewalk
640.5,132.3721,3.0596,1.0821,0.0,0.06981,165.6305,0.9527,stand_6,333.6687,0.0,0.06981,0.0,0.06981,Sidewalk
641.0,132.3721,3.0596,1.0821,0.0,-0.0,165.6305,0.9527,stand_6,333.6561,0.0,-0.0,0.0,-0.0,Sidewalk
641.5,132.3721,3.0596,1.11701,0.0,0.06981,165.6305,0.9527,stand_6,333.6687,0.0,0.06981,0.0,0.06981,Sidewalk
642.0,132.3721,3.0596,1.11701,0.0,-0.0,165.6305,0.9527,stand_6,333.6561,0.0,-0.0,0.0,-0.0,Sidewalk
642.5,132.3721,3.0596,1.15192,0.0,0.06981,165.6305,0.9527,stand_6,333.6687,0.0,0.06981,0.0,0.06981,Sidewalk
643.0,132.3721,3.0596,1.15192,0.0,-0.0,165.6305,0.9527,stand_6,333.6561,0.0,-0.0,0.0,-0.0,Sidewalk
643.5,132.3721,3.0596,1.18682,0.0,0.06981,165.6305,0.9527,stand_6,333.6687,0.0,0.06981,0.0,0.06981,Sidewalk
644.0,132.3721,3.0596,1.18682,0.0,-0.0,165.6305,0.9527,stand_6,333.6561,0.0,-0.0,0.0,-0.0,Sidewalk
644.5,132.3721,3.0596,1.22173,0.0,0.06981,165.6305,0.9527,stand_6,333.6687,0.0,0.06981,0.0,0.06981,Sidewalk
645.0,132.3721,3.0596,1.22173,0.0,-0.0,165.6305,0.9527,stand_6,333.6561,0.0,-0.0,0.0,-0.0,Sidewalk
645.5,132.3721,3.0596,1.25664,0.0,0.06981,165.6305,0.9527,stand_6,333.6687,0.0,0.06981,0.0,0.06981,Sidewalk
646.0,132.3721,3.0596,1.25664,0.0,-0.0,165.6305,0.9527,stand_6,333.6561,0.0,-0.0,0.0,-0.0,Sidewalk
646.5,132.3721,3.0596,1.29154,0.0,0.06981,165.6305,0.9527,stand_6,333.6687,0.0,0.06981,0.0,0.06981,Sidewalk
647.0,132.3721,3.0596,1.29154,0.0,-0.0,165.6305,0.9527,stand_6,333.6561,0.0,-0.0,0.0,-0.0,Sidewalk
647.5,132.3721,3.0596,1.32645,0.0,0.06981,165.6305,0.9527,stand_6,333.6687,0.0,0.06981,0.0,0.06981,Sidewalk
648.0,132.3721,3.0596,1.32645,0.0,-0.0,165.6305,0.9527,stand_6,333.6561,0.0,-0.0,0.0,-0.0,Sidewalk
648.5,132.3721,3.0596,1.36136,0.0,0.06981,165.6305,0.9527,stand_6,333.6687,0.0,0.06981,0.0,0.06981,Sidewalk
649.0,132.3721,3.0596,1.36136,0.0,-0.0,165.6305,0.9527,stand_6,333.6561,0.0,-0.0,0.0,-0.0,Sidewalk
649.5,132.3721,3.0596,1.39626,0.0,0.06981,165.6305,0.9527,stand_6,333.6686,0.0,0.06981,0.0,0.06981,Sidewalk
650.0,132.3721,3.0596,1.39626,0.0,-0.0,165.6305,0.9527,stand_6,333.6561,0.0,-0.0,0.0,-0.0,Sidewalk
650.5,132.3721,3.0596,1.43117,0.0,0.06981,165.6305,0.9527,stand_6,333.6686,0.0,0.06981,0.0,0.06981,Sidewalk
651.0,132.3721,3.0596,1.43117,0.0,-0.0,165.6305,0.9527,stand_6,333.6561,0.0,-0.0,0.0,-0.0,Sidewalk
651.5,132.3721,3.0596,1.46608,0.0,0.06981,165.6305,0.9527,stand_6,333.6686,0.0,0.06981,0.0,0.06981,Sidewalk
652.0,132.3721,3.0596,1.46608,0.0,-0.0,165.6305,0.9527,stand_6,333.6561,0.0,-0.0,0.0,-0.0,Sidewalk
652.5,132.3721,3.0596,1.50098,0.0,0.06981,165.6305,0.9527,stand_6,333.6686,0.0,0.06981,0.0,0.06981,Sidewalk
653.0,132.3721,3.0596,1.50098,0.0,-0.0,165.6305,0.9527,stand_6,333.656,0.0,-0.0,0.0,-0.0,Sidewalk
653.5,132.3721,3.0596,1.53589,0.0,0.06981,165.6305,0.9527,stand_6,333.6686,0.0,0.06981,0.0,0.06981,Sidewalk
654.0,132.3721,3.0596,1.53589,0.0,-0.0,165.6305,0.9527,stand_6,333.656,0.0,-0.0,0.0,-0.0,Sidewalk
654.5,132.3721,3.0596,1.5708,0.0,0.06981,165.6305,0.9527,stand_6,333.6686,0.0,0.06981,0.0,0.06981,Sidewalk
655.0,132.3721,3.0596,1.5708,0.0,-0.0,165.6305,0.9527,stand_6,333.656,0.0,-0.0,0.0,-0.0,Sidewalk
655.5,132.3721,3.0596,1.6057,0.0,0.06981,165.6305,0.9527,stand_6,333.6686,0.0,0.06981,0.0,0.06981,Sidewalk
656.0,132.3721,3.0596,1.6057,0.0,-0.0,165.6305,0.9527,stand_6,333.656,0.0,-0.0,0.0,-0.0,Sidewalk
656.5,132.3721,3.0596,1.64061,0.0,0.06981,165.6305,0.9527,stand_6,333.6686,0.0,0.06981,0.0,0.06981,Sidewalk
657.0,132.3721,3.0596,1.64061,0.0,-0.0,165.6305,0.9527,stand_6,333.656,0.0,-0.0,0.0,-0.0,Sidewalk
657.5,132.3721,3.0596,1.67552,0.0,0.06981,165.6305,0.9527,stand_6,333.6686,0.0,0.06981,0.0,0.06981,Sidewalk
658.0,132.3721,3.0596,1.67552,0.0,-0.0,165.6305,0.9527,stand_6,333.656,0.0,-0.0,0.0,-0.0,Sidewalk
658.5,132.3721,3.0596,1.71042,0.0,0.06981,165.6305,0.9527,stand_6,333.6686,0.0,0.06981,0.0,0.06981,Sidewalk
659.0,132.3721,3.0596,1.71042,0.0,-0.0,165.6305,0.9527,stand_6,333.656,0.0,-0.0,0.0,-0.0,Sidewalk
659.5,132.3721,3.0596,1.74533,0.0,0.06981,165.6305,0.9527,stand_6,333.6686,0.0,0.06981,0.0,0.06981,Sidewalk
660.0,132.3721,3.0596,1.74533,0.0,-0.0,165.6305,0.9527,stand_6,333.656,0.0,-0.0,0.0,-0.0,Sidewalk
660.5,132.3721,3.0596,1.78024,0.0,0.06981,165.6305,0.9527,stand_6,333.6685,0.0,0.06981,0.0,0.06981,Sidewalk
661.0,132.3721,3.0596,1.78024,0.0,-0.0,165.6305,0.9527,stand_6,333.656,0.0,-0.0,0.0,-0.0,Sidewalk
661.5,132.3721,3.0596,1.81514,0.0,0.06981,165.6305,0.9527,stand_6,333.6685,0.0,0.06981,0.0,0.06981,Sidewalk
662.0,132.3721,3.0596,1.81514,0.0,-0.0,165.6305,0.9527,stand_6,333.656,0.0,-0.0,0.0,-0.0,Sidewalk
662.5,132.3721,3.0596,1.85005,0.0,0.06981,165.6305,0.9527,stand_6,333.6685,0.0,0.06981,0.0,0.06981,Sidewalk
663.0,132.3721,3.0596,1.85005,0.0,-0.0,165.6305,0.9527,stand_6,333.656,0.0,-0.0,0.0,-0.0,Sidewalk
663.5,132.3721,3.0596,1.88496,0.0,0.06981,165.6305,0.9527,stand_6,333.6685,0.0,0.06981,0.0,0.06981,Sidewalk
664.0,132.3721,3.0596,1.88496,0.0,-0.0,165.6305,0.9527,stand_6,333.656,0.0,-0.0,0.0,-0.0,Sidewalk
664.5,132.3721,3.0596,1.91986,0.0,0.06981,165.6305,0.9527,stand_6,333.6685,0.0,0.06981,0.0,0.06981,Sidewalk
665.0,132.3721,3.0596,1.91986,0.0,-0.0,165.6305,0.9527,stand_6,333.6559,0.0,-0.0,0.0,-0.0,Sidewalk
665.5,132.3721,3.0596,1.95477,0.0,0.06981,165.6305,0.9527,stand_6,333.6685,0.0,0.06981,0.0,0.06981,Sidewalk
666.0,132.3721,3.0596,1.95477,0.0,-0.0,165.6305,0.9527,stand_6,333.6559,0.0,-0.0,0.0,-0.0,Sidewalk
666.5,132.3721,3.0596,1.98968,0.0,0.06981,165.6305,0.9527,stand_6,333.6685,0.0,0.06981,0.0,0.06981,Sidewalk
667.0,132.3721,3.0596,1.98968,0.0,-0.0,165.6305,0.9527,stand_6,333.6559,0.0,-0.0,0.0,-0.0,Sidewalk
667.5,132.3721,3.0596,2.02458,0.0,0.06981,165.6305,0.9527,stand_6,333.6685,0.0,0.06981,0.0,0.06981,Sidewalk
668.0,132.3721,3.0596,2.02458,0.0,-0.0,165.6305,0.9527,stand_6,333.6559,0.0,-0.0,0.0,-0.0,Sidewalk
668.5,132.3721,3.0596,2.05949,0.0,0.06981,165.6305,0.9527,stand_6,333.6685,0.0,0.06981,0.0,0.06981,Sidewalk
669.0,132.3721,3.0596,2.05949,0.0,-0.0,165.6305,0.9527,stand_6,333.6559,0.0,-0.0,0.0,-0.0,Sidewalk
669.5,132.3721,3.0596,2.0944,0.0,0.06981,165.6305,0.9527,stand_6,333.6685,0.0,0.06981,0.0,0.06981,Sidewalk
670.0,132.3721,3.0596,2.0944,0.0,-0.0,165.6305,0.9527,stand_6,333.6559,0.0,-0.0,0.0,-0.0,Sidewalk
670.5,132.3721,3.0596,2.1293,0.0,0.06981,165.6305,0.9527,stand_6,333.6685,0.0,0.06981,0.0,0.06981,Sidewalk
671.0,132.3721,3.0596,2.1293,0.0,-0.0,165.6305,0.9527,stand_6,333.6559,0.0,-0.0,0.0,-0.0,Sidewalk
671.5,132.3721,3.0596,2.16421,0.0,0.06981,165.6305,0.9527,stand_6,333.6684,0.0,0.06981,0.0,0.06981,Sidewalk
672.0,132.3721,3.0596,2.16421,0.0,-0.0,165.6305,0.9527,stand_6,333.6559,0.0,-0.0,0.0,-0.0,Sidewalk
672.5,132.3721,3.0596,2.19911,0.0,0.06981,165.6305,0.9527,stand_6,333.6684,0.0,0.06981,0.0,0.06981,Sidewalk
673.0,132.3721,3.0596,2.19911,0.0,-0.0,165.6305,0.9528,stand_6,333.6559,0.0,-0.0,0.0,-0.0,Sidewalk
673.5,132.3721,3.0596,2.23402,0.0,0.06981,165.6305,0.9528,stand_6,333.6684,0.0,0.06981,0.0,0.06981,Sidewalk
674.0,132.3721,3.0596,2.23402,0.0,-0.0,165.6305,0.9528,stand_6,333.6559,0.0,-0.0,0.0,-0.0,Sidewalk
674.5,132.3721,3.0596,2.26893,0.0,0.06981,165.6305,0.9528,stand_6,333.6684,0.0,0.06981,0.0,0.06981,Sidewalk
675.0,132.3721,3.0596,2.26893,0.0,-0.0,165.6305,0.9528,stand_6,333.6559,0.0,-0.0,0.0,-0.0,Sidewalk
675.5,132.3721,3.0596,2.30383,0.0,0.06981,165.6305,0.9528,stand_6,333.6684,0.0,0.06981,0.0,0.06981,Sidewalk
676.0,132.3721,3.0596,2.30383,0.0,-0.0,165.6305,0.9528,stand_6,333.6558,0.0,-0.0,0.0,-0.0,Sidewalk
676.5,132.3721,3.0596,2.33874,0.0,0.06981,165.6305,0.9528,stand_6,333.6684,0.0,0.06981,0.0,0.06981,Sidewalk
677.0,132.3721,3.0596,2.33874,0.0,-0.0,165.6305,0.9528,stand_6,333.6558,0.0,-0.0,0.0,-0.0,Sidewalk
677.5,132.3721,3.0596,2.37365,0.0,0.06981,165.6305,0.9528,stand_6,333.6684,0.0,0.06981,0.0,0.06981,Sidewalk
678.0,132.3721,3.0596,2.37365,0.0,-0.0,165.6305,0.9528,stand_6,333.6558,0.0,-0.0,0.0,-0.0,Sidewalk
678.5,132.3721,3.0596,2.40855,0.0,0.06981,165.6305,0.9528,stand_6,333.6684,0.0,0.06981,0.0,0.06981,Sidewalk
679.0,132.3721,3.0596,2.40855,0.0,-0.0,165.6305,0.9528,stand_6,333.6558,0.0,-0.0,0.0,-0.0,Sidewalk
679.5,132.3721,3.0596,2.44346,0.0,0.06981,165.6305,0.9528,stand_6,333.6684,0.0,0.06981,0.0,0.06981,Sidewalk
680.0,132.3721,3.0596,2.44346,0.0,-0.0,165.6305,0.9528,stand_6,333.6558,0.0,-0.0,0.0,-0.0,Sidewalk
680.5,132.3721,3.0596,2.47837,0.0,0.06981,165.6305,0.9528,stand_6,333.6684,0.0,0.06981,0.0,0.06981,Sidewalk
681.0,132.3721,3.0596,2.47837,0.0,-0.0,165.6305,0.9528,stand_6,333.6558,0.0,-0.0,0.0,-0.0,Sidewalk
681.5,132.3721,3.0596,2.51327,0.0,0.06981,165.6305,0.9528,stand_6,333.6684,0.0,0.06981,0.0,0.06981,Sidewalk
682.0,132.3721,3.0596,2.51327,0.0,-0.0,165.6305,0.9528,stand_6,333.6558,0.0,-0.0,0.0,-0.0,Sidewalk
682.5,132.3721,3.0596,2.54818,0.0,0.06981,165.6305,0.9528,stand_6,333.6683,0.0,0.06981,0.0,0.06981,Sidewalk
683.0,132.3721,3.0596,2.54818,0.0,-0.0,165.6305,0.9528,stand_6,333.6558,0.0,-0.0,0.0,-0.0,Sidewalk
683.5,132.3721,3.0596,2.58309,0.0,0.06981,165.6305,0.9528,stand_6,333.6683,0.0,0.06981,0.0,0.06981,Sidewalk
684.0,132.3721,3.0596,2.58309,0.0,-0.0,165.6305,0.9528,stand_6,333.6558,0.0,-0.0,0.0,-0.0,Sidewalk
684.5,132.3721,3.0596,2.61799,0.0,0.06981,165.6305,0.9528,stand_6,333.6683,0.0,0.06981,0.0,0.06981,Sidewalk
685.0,132.3721,3.0596,2.61799,0.0,-0.0,165.6305,0.9528,stand_6,333.6558,0.0,-0.0,0.0,-0.0,Sidewalk
685.5,132.3721,3.0596,2.6529,0.0,0.06981,165.6305,0.9528,stand_6,333.6683,0.0,0.06981,0.0,0.06981,Sidewalk
686.0,132.3721,3.0596,2.6529,0.0,-0.0,165.6305,0.9528,stand_6,333.6557,0.0,-0.0,0.0,-0.0,Sidewalk
686.5,132.3721,3.0596,2.68781,0.0,0.06981,165.6305,0.9528,stand_6,333.6683,0.0,0.06981,0.0,0.06981,Sidewalk
687.0,132.3721,3.0596,2.68781,0.0,-0.0,165.6305,0.9528,stand_6,333.6557,0.0,-0.0,0.0,-0.0,Sidewalk
687.5,132.3721,3.0596,2.72271,0.0,0.06981,165.6305,0.9528,stand_6,333.6683,0.0,0.06981,0.0,0.06981,Sidewalk
688.0,132.3721,3.0596,2.72271,0.0,-0.0,165.6305,0.9528,stand_6,333.6557,0.0,-0.0,0.0,-0.0,Sidewalk
688.5,132.3721,3.0596,2.75762,0.0,0.06981,165.6305,0.9528,stand_6,333.6683,0.0,0.06981,0.0,0.06981,Sidewalk
689.0,132.3721,3.0596,2.75762,0.0,-0.0,165.6305,0.9528,stand_6,333.6557,0.0,-0.0,0.0,-0.0,Sidewalk
689.5,132.3721,3.0596,2.79253,0.0,0.06981,165.6305,0.9528,stand_6,333.6683,0.0,0.06981,0.0,0.06981,Sidewalk
690.0,132.3721,3.0596,2.79253,0.0,-0.0,165.6305,0.9528,stand_6,333.6557,0.0,-0.0,0.0,-0.0,Sidewalk
690.5,132.3721,3.0596,2.82743,0.0,0.06981,165.6305,0.9528,stand_6,333.6683,0.0,0.06981,0.0,0.06981,Sidewalk
691.0,132.3721,3.0596,2.82743,0.0,-0.0,165.6305,0.9528,stand_6,333.6557,0.0,-0.0,0.0,-0.0,Sidewalk
691.5,132.3721,3.0596,2.86234,0.0,0.06981,165.6305,0.9528,stand_6,333.6683,0.0,0.06981,0.0,0.06981,Sidewalk
692.0,132.3721,3.0596,2.86234,0.0,-0.0,165.6305,0.9528,stand_6,333.6557,0.0,-0.0,0.0,-0.0,Sidewalk
692.5,132.3721,3.0596,2.89725,0.0,0.06981,165.6305,0.9528,stand_6,333.6683,0.0,0.06981,0.0,0.06981,Sidewalk
693.0,132.3721,3.0596,2.89725,0.0,-0.0,165.6305,0.9528,stand_6,333.6557,0.0,-0.0,0.0,-0.0,Sidewalk
693.5,132.3721,3.0596,2.93215,0.0,0.06981,165.6305,0.9528,stand_6,333.6682,0.0,0.06981,0.0,0.06981,Sidewalk
694.0,132.3721,3.0596,2.93215,0.0,-0.0,165.6305,0.9528,stand_6,333.6557,0.0,-0.0,0.0,-0.0,Sidewalk
694.5,132.3721,3.0596,2.96706,0.0,0.06981,165.6305,0.9528,stand_6,333.6682,0.0,0.06981,0.0,0.06981,Sidewalk
695.0,132.3721,3.0596,2.96706,0.0,-0.0,165.6305,0.9528,stand_6,333.6557,0.0,-0.0,0.0,-0.0,Sidewalk
695.5,132.3721,3.0596,3.00197,0.0,0.06981,165.6305,0.9528,stand_6,333.6682,0.0,0.06981,0.0,0.06981,Sidewalk
696.0,132.3721,3.0596,3.00197,0.0,-0.0,165.6305,0.9528,stand_6,333.6557,0.0,-0.0,0.0,-0.0,Sidewalk
696.5,132.3721,3.0596,3.03687,0.0,0.06981,165.6305,0.9528,stand_6,333.6682,0.0,0.06981,0.0,0.06981,Sidewalk
697.0,132.3721,3.0596,3.03687,0.0,-0.0,165.6305,0.9528,stand_6,333.6557,0.0,-0.0,0.0,-0.0,Sidewalk
697.5,132.3721,3.0596,3.07178,0.0,0.06981,165.6305,0.9528,stand_6,333.6682,0.0,0.06981,0.0,0.06981,Sidewalk
698.0,132.3721,3.0596,3.07178,0.0,-0.0,165.6305,0.9528,stand_6,333.6556,0.0,-0.0,0.0,-0.0,Sidewalk
698.5,132.3721,3.0596,3.10669,0.0,0.06981,165.6305,0.9528,stand_6,333.6682,0.0,0.06981,0.0,0.06981,Sidewalk
699.0,132.3721,3.0596,3.10669,0.0,-0.0,165.6305,0.9528,stand_6,333.6556,0.0,-0.0,0.0,-0.0,Sidewalk
699.5,132.3721,3.0596,3.14159,0.0,0.06981,165.6305,0.9528,stand_6,333.6682,0.0,0.06981,0.0,0.06981,Sidewalk
700.0,132.3721,3.0596,3.14159,0.0,-0.0,165.6305,0.9528,stand_6,333.6556,0.0,-0.0,0.0,-0.0,Sidewalk
700.5,132.3721,3.0596,-3.10669,0.0,0.06981,165.6305,0.9528,stand_6,333.6682,0.0,0.06981,0.0,0.06981,Sidewalk
701.0,132.3721,3.0596,-3.10669,0.0,-0.0,165.6305,0.9528,stand_6,333.6556,0.0,-0.0,0.0,-0.0,Sidewalk
701.5,132.3721,3.0596,-3.07178,0.0,0.06981,165.6305,0.9528,stand_6,333.6682,0.0,0.06981,0.0,0.06981,Sidewalk
702.0,132.3721,3.0596,-3.07178,0.0,-0.0,165.6305,0.9528,stand_6,333.6556,0.0,-0.0,0.0,-0.0,Sidewalk
702.5,132.3721,3.0596,-3.03687,0.0,0.06981,165.6305,0.9528,stand_6,333.6682,0.0,0.06981,0.0,0.06981,Sidewalk
703.0,132.3721,3.0596,-3.03687,0.0,-0.0,165.6305,0.9528,stand_6,333.6556,0.0,-0.0,0.0,-0.0,Sidewalk
703.5,132.3721,3.0596,-3.00197,0.0,0.06981,165.6305,0.9528,stand_6,333.6682,0.0,0.06981,0.0,0.06981,Sidewalk
704.0,132.3721,3.0596,-3.00197,0.0,-0.0,165.6305,0.9528,stand_6,333.6556,0.0,-0.0,0.0,-0.0,Sidewalk
704.5,132.3721,3.0596,-2.96706,0.0,0.06981,165.6305,0.9528,stand_6,333.6682,0.0,0.06981,0.0,0.06981,Sidewalk
705.0,132.3721,3.0596,-2.96706,0.0,-0.0,165.6305,0.9528,stand_6,333.6556,0.0,-0.0,0.0,-0.0,Sidewalk
705.5,132.3721,3.0596,-2.93215,0.0,0.06981,165.6305,0.9528,stand_6,333.6681,0.0,0.06981,0.0,0.06981,Sidewalk
706.0,132.3721,3.0596,-2.93215,0.0,-0.0,165.6305,0.9528,stand_6,333.6556,0.0,-0.0,0.0,-0.0,Sidewalk
706.5,132.3721,3.0596,-2.89725,0.0,0.06981,165.6305,0.9528,stand_6,333.6681,0.0,0.06981,0.0,0.06981,Sidewalk
707.0,132.3721,3.0596,-2.89725,0.0,-0.0,165.6305,0.9528,stand_6,333.6556,0.0,-0.0,0.0,-0.0,Sidewalk
707.5,132.3721,3.0596,-2.86234,0.0,0.06981,165.6305,0.9529,stand_6,333.6681,0.0,0.06981,0.0,0.06981,Sidewalk
708.0,132.3721,3.0596,-2.86234,0.0,-0.0,165.6305,0.9529,stand_6,333.6556,0.0,-0.0,0.0,-0.0,Sidewalk
708.5,132.3721,3.0596,-2.82743,0.0,0.06981,165.6305,0.9529,stand_6,333.6681,0.0,0.06981,0.0,0.06981,Sidewalk
709.0,132.3721,3.0596,-2.82743,0.0,-0.0,165.6305,0.9529,stand_6,333.6555,0.0,-0.0,0.0,-0.0,Sidewalk
709.5,132.3721,3.0596,-2.79253,0.0,0.06981,165.6305,0.9529,stand_6,333.6681,0.0,0.06981,0.0,0.06981,Sidewalk
710.0,132.3721,3.0596,-2.79253,0.0,-0.0,165.6305,0.9529,stand_6,333.6555,0.0,-0.0,0.0,-0.0,Sidewalk
710.5,132.3721,3.0596,-2.75762,0.0,0.06981,165.6305,0.9529,stand_6,333.6681,0.0,0.06981,0.0,0.06981,Sidewalk
711.0,132.3721,3.0596,-2.75762,0.0,-0.0,165.6305,0.9529,stand_6,333.6555,0.0,-0.0,0.0,-0.0,Sidewalk
711.5,132.3721,3.0596,-2.72271,0.0,0.06981,165.6305,0.9529,stand_6,333.6681,0.0,0.06981,0.0,0.06981,Sidewalk
712.0,132.3721,3.0596,-2.72271,0.0,-0.0,165.6305,0.9529,stand_6,333.6555,0.0,-0.0,0.0,-0.0,Sidewalk
712.5,132.3721,3.0596,-2.68781,0.0,0.06981,165.6305,0.9529,stand_6,333.6681,0.0,0.06981,0.0,0.06981,Sidewalk
713.0,132.3721,3.0596,-2.68781,0.0,-0.0,165.6305,0.9529,stand_6,333.6555,0.0,-0.0,0.0,-0.0,Sidewalk
713.5,132.3721,3.0596,-2.6529,0.0,0.06981,165.6305,0.9529,stand_6,333.6681,0.0,0.06981,0.0,0.06981,Sidewalk
714.0,132.3721,3.0596,-2.6529,0.0,-0.0,165.6305,0.9529,stand_6,333.6555,0.0,-0.0,0.0,-0.0,Sidewalk
714.5,132.3721,3.0596,-2.61799,0.0,0.06981,165.6305,0.9529,stand_6,333.6681,0.0,0.06981,0.0,0.06981,Sidewalk
715.0,132.3721,3.0596,-2.61799,0.0,-0.0,165.6305,0.9529,stand_6,333.6555,0.0,-0.0,0.0,-0.0,Sidewalk
715.5,132.3721,3.0596,-2.58309,0.0,0.06981,165.6305,0.9529,stand_6,333.668,0.0,0.06981,0.0,0.06981,Sidewalk
716.0,132.3721,3.0596,-2.58309,0.0,-0.0,165.6305,0.9529,stand_6,333.6555,0.0,-0.0,0.0,-0.0,Sidewalk
716.5,132.3721,3.0596,-2.54818,0.0,0.06981,165.6305,0.9529,stand_6,333.668,0.0,0.06981,0.0,0.06981,Sidewalk
717.0,132.3721,3.0596,-2.54818,0.0,-0.0,165.6305,0.9529,stand_6,333.6555,0.0,-0.0,0.0,-0.0,Sidewalk
717.5,132.3721,3.0596,-2.51327,0.0,0.06981,165.6305,0.9529,stand_6,333.668,0.0,0.06981,0.0,0.06981,Sidewalk
718.0,132.3721,3.0596,-2.51327,0.0,-0.0,165.6305,0.9529,stand_6,333.6555,0.0,-0.0,0.0,-0.0,Sidewalk
718.5,132.3721,3.0596,-2.47837,0.0,0.06981,165.6305,0.9529,stand_6,333.668,0.0,0.06981,0.0,0.06981,Sidewalk
719.0,132.3721,3.0596,-2.47837,0.0,-0.0,165.6305,0.9529,stand_6,333.6555,0.0,-0.0,0.0,-0.0,Sidewalk
719.5,132.3721,3.0596,-2.44346,0.0,0.06981,165.6305,0.9529,stand_6,333.668,0.0,0.06981,0.0,0.06981,Sidewalk
720.0,132.3721,3.0596,-2.44346,0.0,-0.0,165.6305,0.9529,stand_6,333.6554,0.0,-0.0,0.0,-0.0,Sidewalk
720.5,132.3721,3.0596,-2.40855,0.0,0.06981,165.6305,0.9529,stand_6,333.668,0.0,0.06981,0.0,0.06981,Sidewalk
721.0,132.3721,3.0596,-2.40855,0.0,-0.0,165.6305,0.9529,stand_6,333.6554,0.0,-0.0,0.0,-0.0,Sidewalk
721.5,132.3721,3.0596,-2.37365,0.0,0.06981,165.6305,0.9529,stand_6,333.668,0.0,0.06981,0.0,0.06981,Sidewalk
722.0,132.3721,3.0596,-2.37365,0.0,-0.0,165.6305,0.9529,stand_6,333.6554,0.0,-0.0,0.0,-0.0,Sidewalk
722.5,132.3721,3.0596,-2.33874,0.0,0.06981,165.6305,0.9529,stand_6,333.668,0.0,0.06981,0.0,0.06981,Sidewalk
723.0,132.3721,3.0596,-2.33874,0.0,-0.0,165.6305,0.9529,stand_6,333.6554,0.0,-0.0,0.0,-0.0,Sidewalk
723.5,132.3721,3.0596,-2.30383,0.0,0.06981,165.6305,0.9529,stand_6,333.668,0.0,0.06981,0.0,0.06981,Sidewalk
724.0,132.3721,3.0596,-2.30383,0.0,-0.0,165.6305,0.9529,stand_6,333.6554,0.0,-0.0,0.0,-0.0,Sidewalk
724.5,132.3721,3.0596,-2.26893,0.0,0.06981,165.6305,0.9529,stand_6,333.668,0.0,0.06981,0.0,0.06981,Sidewalk
725.0,132.3721,3.0596,-2.26893,0.0,-0.0,165.6305,0.9529,stand_6,333.6554,0.0,-0.0,0.0,-0.0,Sidewalk
725.5,132.3721,3.0596,-2.23402,0.0,0.06981,165.6305,0.9529,stand_6,333.668,0.0,0.06981,0.0,0.06981,Sidewalk
726.0,132.3721,3.0596,-2.23402,0.0,-0.0,165.6305,0.9529,stand_6,333.6554,0.0,-0.0,0.0,-0.0,Sidewalk
726.5,132.3721,3.0596,-2.19911,0.0,0.06981,165.6305,0.9529,stand_6,333.668,0.0,0.06981,0.0,0.06981,Sidewalk
727.0,132.3721,3.0596,-2.19911,0.0,-0.0,165.6305,0.9529,stand_6,333.6554,0.0,-0.0,0.0,-0.0,Sidewalk
727.5,132.3721,3.0596,-2.16421,0.0,0.06981,165.6305,0.9529,stand_6,333.6679,0.0,0.06981,0.0,0.06981,Sidewalk
728.0,132.3721,3.0596,-2.16421,0.0,-0.0,165.6305,0.9529,stand_6,333.6554,0.0,-0.0,0.0,-0.0,Sidewalk
728.5,132.3721,3.0596,-2.1293,0.0,0.06981,165.6305,0.9529,stand_6,333.6679,0.0,0.06981,0.0,0.06981,Sidewalk
729.0,132.3721,3.0596,-2.1293,0.0,-0.0,165.6305,0.9529,stand_6,333.6554,0.0,-0.0,0.0,-0.0,Sidewalk
729.5,132.3721,3.0596,-2.0944,0.0,0.06981,165.6305,0.9529,stand_6,333.6679,0.0,0.06981,0.0,0.06981,Sidewalk
730.0,132.3721,3.0596,-2.0944,0.0,-0.0,165.6305,0.9529,stand_6,333.6554,0.0,-0.0,0.0,-0.0,Sidewalk
730.5,132.3721,3.0596,-2.05949,0.0,0.06981,165.6305,0.9529,stand_6,333.6679,0.0,0.06981,0.0,0.06981,Sidewalk
731.0,132.3721,3.0596,-2.05949,0.0,-0.0,165.6305,0.9529,stand_6,333.6554,0.0,-0.0,0.0,-0.0,Sidewalk
731.5,132.3721,3.0596,-2.02458,0.0,0.06981,165.6305,0.9529,stand_6,333.6679,0.0,0.06981,0.0,0.06981,Sidewalk
732.0,132.3721,3.0596,-2.02458,0.0,-0.0,165.6305,0.9529,stand_6,333.6553,0.0,-0.0,0.0,-0.0,Sidewalk
732.5,132.3721,3.0596,-1.98968,0.0,0.06981,165.6305,0.9529,stand_6,333.6679,0.0,0.06981,0.0,0.06981,Sidewalk
733.0,132.3721,3.0596,-1.98968,0.0,-0.0,165.6305,0.9529,stand_6,333.6553,0.0,-0.0,0.0,-0.0,Sidewalk
733.5,132.3721,3.0596,-1.95477,0.0,0.06981,165.6305,0.9529,stand_6,333.6679,0.0,0.06981,0.0,0.06981,Sidewalk
734.0,132.3721,3.0596,-1.95477,0.0,-0.0,165.6305,0.9529,stand_6,333.6553,0.0,-0.0,0.0,-0.0,Sidewalk
734.5,132.3721,3.0596,-1.91986,0.0,0.06981,165.6305,0.9529,stand_6,333.6679,0.0,0.06981,0.0,0.06981,Sidewalk
735.0,132.3721,3.0596,-1.91986,0.0,-0.0,165.6305,0.9529,stand_6,333.6553,0.0,-0.0,0.0,-0.0,Sidewalk
735.5,132.3721,3.0596,-1.88496,0.0,0.06981,165.6305,0.9529,stand_6,333.6679,0.0,0.06981,0.0,0.06981,Sidewalk
736.0,132.3721,3.0596,-1.88496,0.0,-0.0,165.6305,0.9529,stand_6,333.6553,0.0,-0.0,0.0,-0.0,Sidewalk
736.5,132.3721,3.0596,-1.85005,0.0,0.06981,165.6305,0.9529,stand_6,333.6679,0.0,0.06981,0.0,0.06981,Sidewalk
737.0,132.3721,3.0596,-1.85005,0.0,-0.0,165.6305,0.9529,stand_6,333.6553,0.0,-0.0,0.0,-0.0,Sidewalk
737.5,132.3721,3.0596,-1.81514,0.0,0.06981,165.6305,0.9529,stand_6,333.6678,0.0,0.06981,0.0,0.06981,Sidewalk
738.0,132.3721,3.0596,-1.81514,0.0,-0.0,165.6305,0.9529,stand_6,333.6553,0.0,-0.0,0.0,-0.0,Sidewalk
738.5,132.3721,3.0596,-1.78024,0.0,0.06981,165.6305,0.9529,stand_6,333.6678,0.0,0.06981,0.0,0.06981,Sidewalk
739.0,132.3721,3.0596,-1.78024,0.0,-0.0,165.6305,0.9529,stand_6,333.6553,0.0,-0.0,0.0,-0.0,Sidewalk
739.5,132.3721,3.0596,-1.74533,0.0,0.06981,165.6305,0.9529,stand_6,333.6678,0.0,0.06981,0.0,0.06981,Sidewalk
740.0,132.3721,3.0596,-1.74533,0.0,-0.0,165.6305,0.9529,stand_6,333.6553,0.0,-0.0,0.0,-0.0,Sidewalk
740.5,132.3721,3.0596,-1.71042,0.0,0.06981,165.6305,0.9529,stand_6,333.6678,0.0,0.06981,0.0,0.06981,Sidewalk
741.0,132.3721,3.0596,-1.71042,0.0,-0.0,165.6305,0.9529,stand_6,333.6552,0.0,-0.0,0.0,-0.0,Sidewalk
741.5,132.3721,3.0596,-1.67552,0.0,0.06981,165.6305,0.953,stand_6,333.6678,0.0,0.06981,0.0,0.06981,Sidewalk
742.0,132.3721,3.0596,-1.67552,0.0,-0.0,165.6305,0.953,stand_6,333.6552,0.0,-0.0,0.0,-0.0,Sidewalk
742.5,132.3721,3.0596,-1.64061,0.0,0.06981,165.6305,0.953,stand_6,333.6678,0.0,0.06981,0.0,0.06981,Sidewalk
743.0,132.3721,3.0596,-1.64061,0.0,-0.0,165.6305,0.953,stand_6,333.6552,0.0,-0.0,0.0,-0.0,Sidewalk
743.5,132.3721,3.0596,-1.6057,0.0,0.06981,165.6305,0.953,stand_6,333.6678,0.0,0.06981,0.0,0.06981,Sidewalk
744.0,132.3721,3.0596,-1.6057,0.0,-0.0,165.6305,0.953,stand_6,333.6552,0.0,-0.0,0.0,-0.0,Sidewalk
744.5,132.3721,3.0596,-1.5708,0.0,0.06981,165.6305,0.953,stand_6,333.6678,0.0,0.06981,0.0,0.06981,Sidewalk
745.0,132.3721,3.0596,-1.5708,0.0,-0.0,165.6305,0.953,stand_6,333.6552,0.0,-0.0,0.0,-0.0,Sidewalk
745.5,132.3721,3.0596,-1.53589,0.0,0.06981,165.6305,0.953,stand_6,333.6678,0.0,0.06981,0.0,0.06981,Sidewalk
746.0,132.3721,3.0596,-1.53589,0.0,-0.0,165.6305,0.953,stand_6,333.6552,0.0,-0.0,0.0,-0.0,Sidewalk
746.5,132.3721,3.0596,-1.50098,0.0,0.06981,165.6305,0.953,stand_6,333.6678,0.0,0.06981,0.0,0.06981,Sidewalk
747.0,132.3721,3.0596,-1.50098,0.0,-0.0,165.6305,0.953,stand_6,333.6552,0.0,-0.0,0.0,-0.0,Sidewalk
747.5,132.3721,3.0596,-1.46608,0.0,0.06981,165.6305,0.953,stand_6,333.6678,0.0,0.06981,0.0,0.06981,Sidewalk
748.0,132.3721,3.0596,-1.46608,0.0,-0.0,165.6305,0.953,stand_6,333.6552,0.0,-0.0,0.0,-0.0,Sidewalk
748.5,132.3721,3.0596,-1.43117,0.0,0.06981,165.6305,0.953,stand_6,333.6677,0.0,0.06981,0.0,0.06981,Sidewalk
749.0,132.3721,3.0596,-1.43117,0.0,-0.0,165.6305,0.953,stand_6,333.6552,0.0,-0.0,0.0,-0.0,Sidewalk
749.5,132.3721,3.0596,-1.39626,0.0,0.06981,165.6305,0.953,stand_6,333.6677,0.0,0.06981,0.0,0.06981,Sidewalk
750.0,132.3721,3.0596,-1.39626,0.0,-0.0,165.6305,0.953,stand_6,333.6552,0.0,-0.0,0.0,-0.0,Sidewalk
750.5,132.3721,3.0596,-1.36136,0.0,0.06981,165.6305,0.953,stand_6,333.6677,0.0,0.06981,0.0,0.06981,Sidewalk
751.0,132.3721,3.0596,-1.36136,0.0,-0.0,165.6305,0.953,stand_6,333.6552,0.0,-0.0,0.0,-0.0,Sidewalk
751.5,132.3721,3.0596,-1.32645,0.0,0.06981,165.6305,0.953,stand_6,333.6677,0.0,0.06981,0.0,0.06981,Sidewalk
752.0,132.3721,3.0596,-1.32645,0.0,-0.0,165.6305,0.953,stand_6,333.6551,0.0,-0.0,0.0,-0.0,Sidewalk
752.5,132.3721,3.0596,-1.29154,0.0,0.06981,165.6305,0.953,stand_6,333.6677,0.0,0.06981,0.0,0.06981,Sidewalk
753.0,132.3721,3.0596,-1.29154,0.0,-0.0,165.6305,0.953,stand_6,333.6551,0.0,-0.0,0.0,-0.0,Sidewalk
753.5,132.3721,3.0596,-1.25664,0.0,0.06981,165.6305,0.953,stand_6,333.6677,0.0,0.06981,0.0,0.06981,Sidewalk
754.0,132.3721,3.0596,-1.25664,0.0,-0.0,165.6305,0.953,stand_6,333.6551,0.0,-0.0,0.0,-0.0,Sidewalk
754.5,132.3721,3.0596,-1.22173,0.0,0.06981,165.6305,0.953,stand_6,333.6677,0.0,0.06981,0.0,0.06981,Sidewalk
755.0,132.3721,3.0596,-1.22173,0.0,-0.0,165.6305,0.953,stand_6,333.6551,0.0,-0.0,0.0,-0.0,Sidewalk
755.5,132.3721,3.0596,-1.18682,0.0,0.06981,165.6305,0.953,stand_6,333.6677,0.0,0.06981,0.0,0.06981,Sidewalk
756.0,132.3721,3.0596,-1.18682,0.0,-0.0,165.6305,0.953,stand_6,333.6551,0.0,-0.0,0.0,-0.0,Sidewalk
756.5,132.3721,3.0596,-1.15192,0.0,0.06981,165.6305,0.953,stand_6,333.6677,0.0,0.06981,0.0,0.06981,Sidewalk
757.0,132.3721,3.0596,-1.15192,0.0,-0.0,165.6305,0.953,stand_6,333.6551,0.0,-0.0,0.0,-0.0,Sidewalk
757.5,132.3721,3.0596,-1.11701,0.0,0.06981,165.6305,0.953,stand_6,333.6677,0.0,0.06981,0.0,0.06981,Sidewalk
758.0,132.3721,3.0596,-1.11701,0.0,-0.0,165.6305,0.953,stand_6,333.6551,0.0,-0.0,0.0,-0.0,Sidewalk
758.5,132.3721,3.0596,-1.0821,0.0,0.06981,165.6305,0.953,stand_6,333.6676,0.0,0.06981,0.0,0.06981,Sidewalk
759.0,132.3721,3.0596,-1.0821,0.0,-0.0,165.6305,0.953,stand_6,333.6551,0.0,-0.0,0.0,-0.0,Sidewalk
759.5,132.3721,3.0596,-1.0472,0.0,0.06981,165.6305,0.953,stand_6,333.6676,0.0,0.06981,0.0,0.06981,Sidewalk
760.0,132.3721,3.0596,-1.0472,0.0,-0.0,165.6305,0.953,stand_6,333.6551,0.0,-0.0,0.0,-0.0,Sidewalk
760.5,132.3721,3.0596,-1.01229,0.0,0.06981,165.6305,0.953,stand_6,333.6676,0.0,0.06981,0.0,0.06981,Sidewalk
761.0,132.3721,3.0596,-1.01229,0.0,-0.0,165.6305,0.953,stand_6,333.6551,0.0,-0.0,0.0,-0.0,Sidewalk
761.5,132.3721,3.0596,-0.97738,0.0,0.06981,165.6305,0.953,stand_6,333.6676,0.0,0.06981,0.0,0.06981,Sidewalk
762.0,132.3721,3.0596,-0.97738,0.0,-0.0,165.6305,0.953,stand_6,333.6551,0.0,-0.0,0.0,-0.0,Sidewalk
762.5,132.3721,3.0596,-0.94248,0.0,0.06981,165.6305,0.953,stand_6,333.6676,0.0,0.06981,0.0,0.06981,Sidewalk
763.0,132.3721,3.0596,-0.94248,0.0,-0.0,165.6305,0.953,stand_6,333.6551,0.0,-0.0,0.0,-0.0,Sidewalk
763.5,132.3721,3.0596,-0.90757,0.0,0.06981,165.6305,0.953,stand_6,333.6676,0.0,0.06981,0.0,0.06981,Sidewalk
764.0,132.3721,3.0596,-0.90757,0.0,-0.0,165.6305,0.953,stand_6,333.655,0.0,-0.0,0.0,-0.0,Sidewalk
764.5,132.3721,3.0596,-0.87266,0.0,0.06981,165.6305,0.953,stand_6,333.6676,0.0,0.06981,0.0,0.06981,Sidewalk
765.0,132.3721,3.0596,-0.87266,0.0,-0.0,165.6305,0.953,stand_6,333.655,0.0,-0.0,0.0,-0.0,Sidewalk
765.5,132.3721,3.0596,-0.83776,0.0,0.06981,165.6305,0.953,stand_6,333.6676,0.0,0.06981,0.0,0.06981,Sidewalk
766.0,132.3721,3.0596,-0.83776,0.0,-0.0,165.6305,0.953,stand_6,333.655,0.0,-0.0,0.0,-0.0,Sidewalk
766.5,132.3721,3.0596,-0.80285,0.0,0.06981,165.6305,0.953,stand_6,333.6676,0.0,0.06981,0.0,0.06981,Sidewalk
767.0,132.3721,3.0596,-0.80285,0.0,-0.0,165.6305,0.953,stand_6,333.655,0.0,-0.0,0.0,-0.0,Sidewalk
767.5,132.3721,3.0596,-0.76794,0.0,0.06981,165.6305,0.953,stand_6,333.6676,0.0,0.06981,0.0,0.06981,Sidewalk
768.0,132.3721,3.0596,-0.76794,0.0,-0.0,165.6305,0.953,stand_6,333.655,0.0,-0.0,0.0,-0.0,Sidewalk
768.5,132.3721,3.0596,-0.73304,0.0,0.06981,165.6305,0.953,stand_6,333.6676,0.0,0.06981,0.0,0.06981,Sidewalk
769.0,132.3721,3.0596,-0.73304,0.0,-0.0,165.6305,0.953,stand_6,333.655,0.0,-0.0,0.0,-0.0,Sidewalk
769.5,132.3721,3.0596,-0.69813,0.0,0.06981,165.6305,0.953,stand_6,333.6676,0.0,0.06981,0.0,0.06981,Sidewalk
770.0,132.3721,3.0596,-0.69813,0.0,-0.0,165.6305,0.953,stand_6,333.655,0.0,-0.0,0.0,-0.0,Sidewalk
770.5,132.3721,3.0596,-0.66323,0.0,0.06981,165.6305,0.953,stand_6,333.6676,0.0,0.06981,0.0,0.06981,Sidewalk
771.0,132.3721,3.0596,-0.66323,0.0,-0.0,165.6305,0.953,stand_6,333.655,0.0,-0.0,0.0,-0.0,Sidewalk
771.5,132.3721,3.0596,-0.62832,0.0,0.06981,165.6305,0.953,stand_6,333.6675,0.0,0.06981,0.0,0.06981,Sidewalk
772.0,132.3721,3.0596,-0.62832,0.0,-0.0,165.6305,0.953,stand_6,333.655,0.0,-0.0,0.0,-0.0,Sidewalk
772.5,132.3721,3.0596,-0.59341,0.0,0.06981,165.6305,0.953,stand_6,333.6675,0.0,0.06981,0.0,0.06981,Sidewalk
773.0,132.3721,3.0596,-0.59341,0.0,-0.0,165.6305,0.953,stand_6,333.655,0.0,-0.0,0.0,-0.0,Sidewalk
773.5,132.3721,3.0596,-0.55851,0.0,0.06981,165.6305,0.953,stand_6,333.6675,0.0,0.06981,0.0,0.06981,Sidewalk
774.0,132.3721,3.0596,-0.55851,0.0,-0.0,165.6305,0.953,stand_6,333.655,0.0,-0.0,0.0,-0.0,Sidewalk
774.5,132.3721,3.0596,-0.5236,0.0,0.06981,165.6305,0.953,stand_6,333.6675,0.0,0.06981,0.0,0.06981,Sidewalk
775.0,132.3721,3.0596,-0.5236,0.0,-0.0,165.6305,0.953,stand_6,333.655,0.0,-0.0,0.0,-0.0,Sidewalk
775.5,132.3721,3.0596,-0.48869,0.0,0.06981,165.6305,0.953,stand_6,333.6675,0.0,0.06981,0.0,0.06981,Sidewalk
776.0,132.3721,3.0596,-0.48869,0.0,-0.0,165.6305,0.953,stand_6,333.6549,0.0,-0.0,0.0,-0.0,Sidewalk
776.5,132.3721,3.0596,-0.45379,0.0,0.06981,165.6305,0.9531,stand_6,333.6675,0.0,0.06981,0.0,0.06981,Sidewalk
777.0,132.3721,3.0596,-0.45379,0.0,-0.0,165.6305,0.9531,stand_6,333.6549,0.0,-0.0,0.0,-0.0,Sidewalk
777.5,132.3721,3.0596,-0.41888,0.0,0.06981,165.6305,0.9531,stand_6,333.6675,0.0,0.06981,0.0,0.06981,Sidewalk
778.0,132.3721,3.0596,-0.41888,0.0,-0.0,165.6305,0.9531,stand_6,333.6549,0.0,-0.0,0.0,-0.0,Sidewalk
778.5,132.3721,3.0596,-0.38397,0.0,0.06981,165.6305,0.9531,stand_6,333.6675,0.0,0.06981,0.0,0.06981,Sidewalk
779.0,132.3721,3.0596,-0.38397,0.0,-0.0,165.6305,0.9531,stand_6,333.6549,0.0,-0.0,0.0,-0.0,Sidewalk
779.5,132.3721,3.0596,-0.34907,0.0,0.06981,165.6305,0.9531,stand_6,333.6675,0.0,0.06981,0.0,0.06981,Sidewalk
780.0,132.3721,3.0596,-0.34907,0.0,-0.0,165.6305,0.9531,stand_6,333.6549,0.0,-0.0,0.0,-0.0,Sidewalk
780.5,132.3721,3.0596,-0.31416,0.0,0.06981,165.6305,0.9531,stand_6,333.6675,0.0,0.06981,0.0,0.06981,Sidewalk
781.0,132.3721,3.0596,-0.31416,0.0,-0.0,165.6305,0.9531,stand_6,333.6549,0.0,-0.0,0.0,-0.0,Sidewalk
781.5,132.3721,3.0596,-0.27925,0.0,0.06981,165.6305,0.9531,stand_6,333.6675,0.0,0.06981,0.0,0.06981,Sidewalk
782.0,132.3721,3.0596,-0.27925,0.0,-0.0,165.6305,0.9531,stand_6,333.6549,0.0,-0.0,0.0,-0.0,Sidewalk
782.5,132.3721,3.0596,-0.24435,0.0,0.06981,165.6305,0.9531,stand_6,333.6674,0.0,0.06981,0.0,0.06981,Sidewalk
783.0,132.3721,3.0596,-0.24435,0.0,-0.0,165.6305,0.9531,stand_6,333.6549,0.0,-0.0,0.0,-0.0,Sidewalk
783.5,132.3721,3.0596,-0.20944,0.0,0.06981,165.6305,0.9531,stand_6,333.6674,0.0,0.06981,0.0,0.06981,Sidewalk
784.0,132.3721,3.0596,-0.20944,0.0,-0.0,165.6305,0.9531,stand_6,333.6549,0.0,-0.0,0.0,-0.0,Sidewalk
784.5,132.3721,3.0596,-0.17453,0.0,0.06981,165.6305,0.9531,stand_6,333.6674,0.0,0.06981,0.0,0.06981,Sidewalk
785.0,132.3721,3.0596,-0.17453,0.0,-0.0,165.6305,0.9531,stand_6,333.6549,0.0,-0.0,0.0,-0.0,Sidewalk
785.5,132.3721,3.0596,-0.13963,0.0,0.06981,165.6305,0.9531,stand_6,333.6674,0.0,0.06981,0.0,0.06981,Sidewalk
786.0,132.3721,3.0596,-0.13963,0.0,-0.0,165.6305,0.9531,stand_6,333.6548,0.0,-0.0,0.0,-0.0,Sidewalk
786.5,132.3721,3.0596,-0.10472,0.0,0.06981,165.6305,0.9531,stand_6,333.6674,0.0,0.06981,0.0,0.06981,Sidewalk
787.0,132.3721,3.0596,-0.10472,0.0,-0.0,165.6305,0.9531,stand_6,333.6548,0.0,-0.0,0.0,-0.0,Sidewalk
787.5,132.3721,3.0596,-0.06981,0.0,0.06981,165.6305,0.9531,stand_6,333.6674,0.0,0.06981,0.0,0.06981,Sidewalk
788.0,132.3721,3.0596,-0.06981,0.0,-0.0,165.6305,0.9531,stand_6,333.6548,0.0,-0.0,0.0,-0.0,Sidewalk
788.5,132.3721,3.0596,-0.03491,0.0,0.06981,165.6305,0.9531,stand_6,333.6674,0.0,0.06981,0.0,0.06981,Sidewalk
789.0,132.3721,3.0596,-0.03491,0.0,-0.0,165.6305,0.9531,stand_6,333.6548,0.0,-0.0,0.0,-0.0,Sidewalk
789.5,132.3721,3.0596,-0.0,0.0,0.06981,165.6305,0.9531,stand_6,333.6674,0.0,0.06981,0.0,0.06981,Sidewalk
790.0,132.3721,3.0596,-0.0,0.0,-0.0,165.6305,0.9531,stand_6,333.6548,0.0,-0.0,0.0,-0.0,Sidewalk
790.5,132.3721,3.0596,0.03491,0.0,0.06981,165.6305,0.9531,stand_6,333.6674,0.0,0.06981,0.0,0.06981,Sidewalk
791.0,132.3721,3.0596,0.03491,0.0,-0.0,165.6305,0.9531,stand_6,333.6548,0.0,-0.0,0.0,-0.0,Sidewalk
791.5,132.3721,3.0596,0.06981,0.0,0.06981,165.6305,0.9531,stand_6,333.6674,0.0,0.06981,0.0,0.06981,Sidewalk
792.0,132.3721,3.0596,0.06981,0.0,-0.0,165.6305,0.9531,stand_6,333.6548,0.0,-0.0,0.0,-0.0,Sidewalk
792.5,132.3721,3.0596,0.10472,0.0,0.06981,165.6305,0.9531,stand_6,333.6674,0.0,0.06981,0.0,0.06981,Sidewalk
793.0,132.3721,3.0596,0.10472,0.0,-0.0,165.6305,0.9531,stand_6,333.6548,0.0,-0.0,0.0,-0.0,Sidewalk
793.5,132.3721,3.0596,0.13963,0.0,0.06981,165.6305,0.9531,stand_6,333.6673,0.0,0.06981,0.0,0.06981,Sidewalk
794.0,132.3721,3.0596,0.13963,0.0,-0.0,165.6305,0.9531,stand_6,333.6548,0.0,-0.0,0.0,-0.0,Sidewalk
794.5,132.3721,3.0596,0.17453,0.0,0.06981,165.6305,0.9531,stand_6,333.6673,0.0,0.06981,0.0,0.06981,Sidewalk
795.0,132.3721,3.0596,0.17453,0.0,-0.0,165.6305,0.9531,stand_6,333.6548,0.0,-0.0,0.0,-0.0,Sidewalk
795.5,132.3721,3.0596,0.20944,0.0,0.06981,165.6305,0.9531,stand_6,333.6673,0.0,0.06981,0.0,0.06981,Sidewalk
796.0,132.3721,3.0596,0.20944,0.0,-0.0,165.6305,0.9531,stand_6,333.6548,0.0,-0.0,0.0,-0.0,Sidewalk
796.5,132.3721,3.0596,0.24435,0.0,0.06981,165.6305,0.9531,stand_6,333.6673,0.0,0.06981,0.0,0.06981,Sidewalk
797.0,132.3721,3.0596,0.24435,0.0,-0.0,165.6305,0.9531,stand_6,333.6547,0.0,-0.0,0.0,-0.0,Sidewalk
797.5,132.3721,3.0596,0.27925,0.0,0.06981,165.6305,0.9531,stand_6,333.6673,0.0,0.06981,0.0,0.06981,Sidewalk
798.0,132.3721,3.0596,0.27925,0.0,-0.0,165.6305,0.9531,stand_6,333.6547,0.0,-0.0,0.0,-0.0,Sidewalk
798.5,132.3721,3.0596,0.31416,0.0,0.06981,165.6305,0.9531,stand_6,333.6673,0.0,0.06981,0.0,0.06981,Sidewalk
799.0,132.3721,3.0596,0.31416,0.0,-0.0,165.6305,0.9531,stand_6,333.6547,0.0,-0.0,0.0,-0.0,Sidewalk
799.5,132.3721,3.0596,0.34907,0.0,0.06981,165.6305,0.9531,stand_6,333.6673,0.0,0.06981,0.0,0.06981,Sidewalk
800.0,132.3721,3.0596,0.34907,0.0,-0.0,165.6305,0.9531,stand_6,333.6547,0.0,-0.0,0.0,-0.0,Sidewalk
800.5,132.3721,3.0596,0.38397,0.0,0.06981,165.6305,0.9531,stand_6,333.6673,0.0,0.06981,0.0,0.06981,Sidewalk
801.0,132.3721,3.0596,0.38397,0.0,-0.0,165.6305,0.9531,stand_6,333.6547,0.0,-0.0,0.0,-0.0,Sidewalk
801.5,132.3721,3.0596,0.41888,0.0,0.06981,165.6305,0.9531,stand_6,333.6673,0.0,0.06981,0.0,0.06981,Sidewalk
802.0,132.3721,3.0596,0.41888,0.0,-0.0,165.6305,0.9531,stand_6,333.6547,0.0,-0.0,0.0,-0.0,Sidewalk
802.5,132.3721,3.0596,0.45379,0.0,0.06981,165.6305,0.9531,stand_6,333.6673,0.0,0.06981,0.0,0.06981,Sidewalk
803.0,132.3721,3.0596,0.45379,0.0,-0.0,165.6305,0.9531,stand_6,333.6547,0.0,-0.0,0.0,-0.0,Sidewalk
803.5,132.3721,3.0596,0.48869,0.0,0.06981,165.6305,0.9531,stand_6,333.6673,0.0,0.06981,0.0,0.06981,Sidewalk
804.0,132.3721,3.0596,0.48869,0.0,-0.0,165.6305,0.9531,stand_6,333.6547,0.0,-0.0,0.0,-0.0,Sidewalk
804.5,132.3721,3.0596,0.5236,0.0,0.06981,165.6305,0.9531,stand_6,333.6672,0.0,0.06981,0.0,0.06981,Sidewalk
805.0,132.3721,3.0596,0.5236,0.0,-0.0,165.6305,0.9531,stand_6,333.6547,0.0,-0.0,0.0,-0.0,Sidewalk
805.5,132.3721,3.0596,0.55851,0.0,0.06981,165.6305,0.9531,stand_6,333.6672,0.0,0.06981,0.0,0.06981,Sidewalk
806.0,132.3721,3.0596,0.55851,0.0,-0.0,165.6305,0.9531,stand_6,333.6547,0.0,-0.0,0.0,-0.0,Sidewalk
806.5,132.3721,3.0596,0.59341,0.0,0.06981,165.6305,0.9531,stand_6,333.6672,0.0,0.06981,0.0,0.06981,Sidewalk
807.0,132.3721,3.0596,0.59341,0.0,-0.0,165.6305,0.9531,stand_6,333.6547,0.0,-0.0,0.0,-0.0,Sidewalk
807.5,132.3721,3.0596,0.62832,0.0,0.06981,165.6305,0.9531,stand_6,333.6672,0.0,0.06981,0.0,0.06981,Sidewalk
808.0,132.3721,3.0596,0.62832,0.0,-0.0,165.6305,0.9531,stand_6,333.6547,0.0,-0.0,0.0,-0.0,Sidewalk
808.5,132.3721,3.0596,0.66323,0.0,0.06981,165.6305,0.9531,stand_6,333.6672,0.0,0.06981,0.0,0.06981,Sidewalk
809.0,132.3721,3.0596,0.66323,0.0,-0.0,165.6305,0.9531,stand_6,333.6547,0.0,-0.0,0.0,-0.0,Sidewalk
809.5,132.3721,3.0596,0.69813,0.0,0.06981,165.6305,0.9531,stand_6,333.6672,0.0,0.06981,0.0,0.06981,Sidewalk
810.0,132.3721,3.0596,0.69813,0.0,-0.0,165.6305,0.9531,stand_6,333.6546,0.0,-0.0,0.0,-0.0,Sidewalk
810.5,132.3721,3.0596,0.73304,0.0,0.06981,165.6305,0.9531,stand_6,333.6672,0.0,0.06981,0.0,0.06981,Sidewalk
811.0,132.3721,3.0596,0.73304,0.0,-0.0,165.6305,0.9531,stand_6,333.6546,0.0,-0.0,0.0,-0.0,Sidewalk
811.5,132.3721,3.0596,0.76794,0.0,0.06981,165.6305,0.9531,stand_6,333.6672,0.0,0.06981,0.0,0.06981,Sidewalk
812.0,132.3721,3.0596,0.76794,0.0,-0.0,165.6305,0.9531,stand_6,333.6546,0.0,-0.0,0.0,-0.0,Sidewalk
812.5,132.3721,3.0596,0.80285,0.0,0.06981,165.6305,0.9532,stand_6,333.6672,0.0,0.06981,0.0,0.06981,Sidewalk
813.0,132.3721,3.0596,0.80285,0.0,-0.0,165.6305,0.9532,stand_6,333.6546,0.0,-0.0,0.0,-0.0,Sidewalk
813.5,132.3721,3.0596,0.83776,0.0,0.06981,165.6305,0.9532,stand_6,333.6672,0.0,0.06981,0.0,0.06981,Sidewalk
814.0,132.3721,3.0596,0.83776,0.0,-0.0,165.6305,0.9532,stand_6,333.6546,0.0,-0.0,0.0,-0.0,Sidewalk
814.5,132.3721,3.0596,0.87266,0.0,0.06981,165.6305,0.9532,stand_6,333.6672,0.0,0.06981,0.0,0.06981,Sidewalk
815.0,132.3721,3.0596,0.87266,0.0,-0.0,165.6305,0.9532,stand_6,333.6546,0.0,-0.0,0.0,-0.0,Sidewalk
815.5,132.3721,3.0596,0.90757,0.0,0.06981,165.6305,0.9532,stand_6,333.6672,0.0,0.06981,0.0,0.06981,Sidewalk
816.0,132.3721,3.0596,0.90757,0.0,-0.0,165.6305,0.9532,stand_6,333.6546,0.0,-0.0,0.0,-0.0,Sidewalk
816.5,132.3721,3.0596,0.94248,0.0,0.06981,165.6305,0.9532,stand_6,333.6672,0.0,0.06981,0.0,0.06981,Sidewalk
817.0,132.3721,3.0596,0.94248,0.0,-0.0,165.6305,0.9532,stand_6,333.6546,0.0,-0.0,0.0,-0.0,Sidewalk
817.5,132.3721,3.0596,0.97738,0.0,0.06981,165.6305,0.9532,stand_6,333.6672,0.0,0.06981,0.0,0.06981,Sidewalk
818.0,132.3721,3.0596,0.97738,0.0,-0.0,165.6305,0.9532,stand_6,333.6546,0.0,-0.0,0.0,-0.0,Sidewalk
818.5,132.3721,3.0596,1.01229,0.0,0.06981,165.6305,0.9532,stand_6,333.6671,0.0,0.06981,0.0,0.06981,Sidewalk
819.0,132.3721,3.0596,1.01229,0.0,-0.0,165.6305,0.9532,stand_6,333.6546,0.0,-0.0,0.0,-0.0,Sidewalk
819.5,132.3721,3.0596,1.0472,0.0,0.06981,165.6305,0.9532,stand_6,333.6671,0.0,0.06981,0.0,0.06981,Sidewalk
820.0,132.3721,3.0596,1.0472,0.0,-0.0,165.6305,0.9532,stand_6,333.6546,0.0,-0.0,0.0,-0.0,Sidewalk
820.5,132.3721,3.0596,1.0821,0.0,0.06981,165.6305,0.9532,stand_6,333.6671,0.0,0.06981,0.0,0.06981,Sidewalk
821.0,132.3721,3.0596,1.0821,0.0,-0.0,165.6305,0.9532,stand_6,333.6546,0.0,-0.0,0.0,-0.0,Sidewalk
821.5,132.3721,3.0596,1.11701,0.0,0.06981,165.6305,0.9532,stand_6,333.6671,0.0,0.06981,0.0,0.06981,Sidewalk
822.0,132.3721,3.0596,1.11701,0.0,-0.0,165.6305,0.9532,stand_6,333.6546,0.0,-0.0,0.0,-0.0,Sidewalk
822.5,132.3721,3.0596,1.15192,0.0,0.06981,165.6305,0.9532,stand_6,333.6671,0.0,0.06981,0.0,0.06981,Sidewalk
823.0,132.3721,3.0596,1.15192,0.0,-0.0,165.6305,0.9532,stand_6,333.6545,0.0,-0.0,0.0,-0.0,Sidewalk
823.5,132.3721,3.0596,1.18682,0.0,0.06981,165.6305,0.9532,stand_6,333.6671,0.0,0.06981,0.0,0.06981,Sidewalk
824.0,132.3721,3.0596,1.18682,0.0,-0.0,165.6305,0.9532,stand_6,333.6545,0.0,-0.0,0.0,-0.0,Sidewalk
824.5,132.3721,3.0596,1.22173,0.0,0.06981,165.6305,0.9532,stand_6,333.6671,0.0,0.06981,0.0,0.06981,Sidewalk
825.0,132.3721,3.0596,1.22173,0.0,-0.0,165.6305,0.9532,stand_6,333.6545,0.0,-0.0,0.0,-0.0,Sidewalk
825.5,132.3721,3.0596,1.25664,0.0,0.06981,165.6305,0.9532,stand_6,333.6671,0.0,0.06981,0.0,0.06981,Sidewalk
826.0,132.3721,3.0596,1.25664,0.0,-0.0,165.6305,0.9532,stand_6,333.6545,0.0,-0.0,0.0,-0.0,Sidewalk
826.5,132.3721,3.0596,1.29154,0.0,0.06981,165.6305,0.9532,stand_6,333.6671,0.0,0.06981,0.0,0.06981,Sidewalk
827.0,132.3721,3.0596,1.29154,0.0,-0.0,165.6305,0.9532,stand_6,333.6545,0.0,-0.0,0.0,-0.0,Sidewalk
827.5,132.3721,3.0596,1.32645,0.0,0.06981,165.6305,0.9532,stand_6,333.6671,0.0,0.06981,0.0,0.06981,Sidewalk
828.0,132.3721,3.0596,1.32645,0.0,-0.0,165.6305,0.9532,stand_6,333.6545,0.0,-0.0,0.0,-0.0,Sidewalk
828.5,132.3721,3.0596,1.36136,0.0,0.06981,165.6305,0.9532,stand_6,333.6671,0.0,0.06981,0.0,0.06981,Sidewalk
829.0,132.3721,3.0596,1.36136,0.0,-0.0,165.6305,0.9532,stand_6,333.6545,0.0,-0.0,0.0,-0.0,Sidewalk
829.5,132.3721,3.0596,1.39626,0.0,0.06981,165.6305,0.9532,stand_6,333.6671,0.0,0.06981,0.0,0.06981,Sidewalk
830.0,132.3721,3.0596,1.39626,0.0,-0.0,165.6305,0.9532,stand_6,333.6545,0.0,-0.0,0.0,-0.0,Sidewalk
830.5,132.3721,3.0596,1.43117,0.0,0.06981,165.6305,0.9532,stand_6,333.6671,0.0,0.06981,0.0,0.06981,Sidewalk
831.0,132.3721,3.0596,1.43117,0.0,-0.0,165.6305,0.9532,stand_6,333.6545,0.0,-0.0,0.0,-0.0,Sidewalk
831.5,132.3721,3.0596,1.46608,0.0,0.06981,165.6305,0.9532,stand_6,333.667,0.0,0.06981,0.0,0.06981,Sidewalk
832.0,132.3721,3.0596,1.46608,0.0,-0.0,165.6305,0.9532,stand_6,333.6545,0.0,-0.0,0.0,-0.0,Sidewalk
832.5,132.3721,3.0596,1.50098,0.0,0.06981,165.6305,0.9532,stand_6,333.667,0.0,0.06981,0.0,0.06981,Sidewalk
833.0,132.3721,3.0596,1.50098,0.0,-0.0,165.6305,0.9532,stand_6,333.6545,0.0,-0.0,0.0,-0.0,Sidewalk
833.5,132.3721,3.0596,1.53589,0.0,0.06981,165.6305,0.9532,stand_6,333.667,0.0,0.06981,0.0,0.06981,Sidewalk
834.0,132.3721,3.0596,1.53589,0.0,-0.0,165.6305,0.9532,stand_6,333.6545,0.0,-0.0,0.0,-0.0,Sidewalk
834.5,132.3721,3.0596,1.5708,0.0,0.06981,165.6305,0.9532,stand_6,333.667,0.0,0.06981,0.0,0.06981,Sidewalk
835.0,132.3721,3.0596,1.5708,0.0,-0.0,165.6305,0.9532,stand_6,333.6544,0.0,-0.0,0.0,-0.0,Sidewalk
835.5,132.3721,3.0596,1.6057,0.0,0.06981,165.6305,0.9532,stand_6,333.667,0.0,0.06981,0.0,0.06981,Sidewalk
836.0,132.3721,3.0596,1.6057,0.0,-0.0,165.6305,0.9532,stand_6,333.6544,0.0,-0.0,0.0,-0.0,Sidewalk
836.5,132.3721,3.0596,1.64061,0.0,0.06981,165.6305,0.9532,stand_6,333.667,0.0,0.06981,0.0,0.06981,Sidewalk
837.0,132.3721,3.0596,1.64061,0.0,-0.0,165.6305,0.9532,stand_6,333.6544,0.0,-0.0,0.0,-0.0,Sidewalk
837.5,132.3721,3.0596,1.67552,0.0,0.06981,165.6305,0.9532,stand_6,333.667,0.0,0.06981,0.0,0.06981,Sidewalk
838.0,132.3721,3.0596,1.67552,0.0,-0.0,165.6305,0.9532,stand_6,333.6544,0.0,-0.0,0.0,-0.0,Sidewalk
838.5,132.3721,3.0596,1.71042,0.0,0.06981,165.6305,0.9532,stand_6,333.667,0.0,0.06981,0.0,0.06981,Sidewalk
839.0,132.3721,3.0596,1.71042,0.0,-0.0,165.6305,0.9532,stand_6,333.6544,0.0,-0.0,0.0,-0.0,Sidewalk
839.5,132.3721,3.0596,1.74533,0.0,0.06981,165.6305,0.9532,stand_6,333.667,0.0,0.06981,0.0,0.06981,Sidewalk
840.0,132.3721,3.0596,1.74533,0.0,-0.0,165.6305,0.9532,stand_6,333.6544,0.0,-0.0,0.0,-0.0,Sidewalk
840.5,132.3721,3.0596,1.78024,0.0,0.06981,165.6305,0.9532,stand_6,333.667,0.0,0.06981,0.0,0.06981,Sidewalk
841.0,132.3721,3.0596,1.78024,0.0,-0.0,165.6305,0.9532,stand_6,333.6544,0.0,-0.0,0.0,-0.0,Sidewalk
841.5,132.3721,3.0596,1.81514,0.0,0.06981,165.6305,0.9532,stand_6,333.6669,0.0,0.06981,0.0,0.06981,Sidewalk
842.0,132.3721,3.0596,1.81514,0.0,-0.0,165.6305,0.9532,stand_6,333.6544,0.0,-0.0,0.0,-0.0,Sidewalk
842.5,132.3721,3.0596,1.85005,0.0,0.06981,165.6305,0.9532,stand_6,333.6669,0.0,0.06981,0.0,0.06981,Sidewalk
843.0,132.3721,3.0596,1.85005,0.0,-0.0,165.6305,0.9532,stand_6,333.6544,0.0,-0.0,0.0,-0.0,Sidewalk
843.5,132.3721,3.0596,1.88496,0.0,0.06981,165.6305,0.9532,stand_6,333.6669,0.0,0.06981,0.0,0.06981,Sidewalk
844.0,132.3721,3.0596,1.88496,0.0,-0.0,165.6305,0.9532,stand_6,333.6544,0.0,-0.0,0.0,-0.0,Sidewalk
844.5,132.3721,3.0596,1.91986,0.0,0.06981,165.6305,0.9532,stand_6,333.6669,0.0,0.06981,0.0,0.06981,Sidewalk
845.0,132.3721,3.0596,1.91986,0.0,-0.0,165.6305,0.9532,stand_6,333.6543,0.0,-0.0,0.0,-0.0,Sidewalk
845.5,132.3721,3.0596,1.95477,0.0,0.06981,165.6305,0.9532,stand_6,333.6669,0.0,0.06981,0.0,0.06981,Sidewalk
846.0,132.3721,3.0596,1.95477,0.0,-0.0,165.6305,0.9532,stand_6,333.6543,0.0,-0.0,0.0,-0.0,Sidewalk
846.5,132.3721,3.0596,1.98968,0.0,0.06981,165.6305,0.9532,stand_6,333.6669,0.0,0.06981,0.0,0.06981,Sidewalk
847.0,132.3721,3.0596,1.98968,0.0,-0.0,165.6305,0.9532,stand_6,333.6543,0.0,-0.0,0.0,-0.0,Sidewalk
847.5,132.3721,3.0596,2.02458,0.0,0.06981,165.6305,0.9532,stand_6,333.6669,0.0,0.06981,0.0,0.06981,Sidewalk
848.0,132.3721,3.0596,2.02458,0.0,-0.0,165.6305,0.9533,stand_6,333.6543,0.0,-0.0,0.0,-0.0,Sidewalk
848.5,132.3721,3.0596,2.05949,0.0,0.06981,165.6305,0.9533,stand_6,333.6669,0.0,0.06981,0.0,0.06981,Sidewalk
849.0,132.3721,3.0596,2.05949,0.0,-0.0,165.6305,0.9533,stand_6,333.6543,0.0,-0.0,0.0,-0.0,Sidewalk
849.5,132.3721,3.0596,2.0944,0.0,0.06981,165.6305,0.9533,stand_6,333.6669,0.0,0.06981,0.0,0.06981,Sidewalk
850.0,132.3721,3.0596,2.0944,0.0,-0.0,165.6305,0.9533,stand_6,333.6543,0.0,-0.0,0.0,-0.0,Sidewalk
850.5,132.3721,3.0596,2.1293,0.0,0.06981,165.6305,0.9533,stand_6,333.6669,0.0,0.06981,0.0,0.06981,Sidewalk
851.0,132.3721,3.0596,2.1293,0.0,-0.0,165.6305,0.9533,stand_6,333.6543,0.0,-0.0,0.0,-0.0,Sidewalk
851.5,132.3721,3.0596,2.16421,0.0,0.06981,165.6305,0.9533,stand_6,333.6669,0.0,0.06981,0.0,0.06981,Sidewalk
852.0,132.3721,3.0596,2.16421,0.0,-0.0,165.6305,0.9533,stand_6,333.6543,0.0,-0.0,0.0,-0.0,Sidewalk
852.5,132.3721,3.0596,2.19911,0.0,0.06981,165.6305,0.9533,stand_6,333.6668,0.0,0.06981,0.0,0.06981,Sidewalk
853.0,132.3721,3.0596,2.19911,0.0,-0.0,165.6305,0.9533,stand_6,333.6543,0.0,-0.0,0.0,-0.0,Sidewalk
853.5,132.3721,3.0596,2.23402,0.0,0.06981,165.6305,0.9533,stand_6,333.6668,0.0,0.06981,0.0,0.06981,Sidewalk
854.0,132.3721,3.0596,2.23402,0.0,-0.0,165.6305,0.9533,stand_6,333.6543,0.0,-0.0,0.0,-0.0,Sidewalk
854.5,132.3721,3.0596,2.26893,0.0,0.06981,165.6305,0.9533,stand_6,333.6668,0.0,0.06981,0.0,0.06981,Sidewalk
855.0,132.3721,3.0596,2.26893,0.0,-0.0,165.6305,0.9533,stand_6,333.6543,0.0,-0.0,0.0,-0.0,Sidewalk
855.5,132.3721,3.0596,2.30383,0.0,0.06981,165.6305,0.9533,stand_6,333.6668,0.0,0.06981,0.0,0.06981,Sidewalk
856.0,132.3721,3.0596,2.30383,0.0,-0.0,165.6305,0.9533,stand_6,333.6543,0.0,-0.0,0.0,-0.0,Sidewalk
856.5,132.3721,3.0596,2.33874,0.0,0.06981,165.6305,0.9533,stand_6,333.6668,0.0,0.06981,0.0,0.06981,Sidewalk
857.0,132.3721,3.0596,2.33874,0.0,-0.0,165.6305,0.9533,stand_6,333.6542,0.0,-0.0,0.0,-0.0,Sidewalk
857.5,132.3721,3.0596,2.37365,0.0,0.06981,165.6305,0.9533,stand_6,333.6668,0.0,0.06981,0.0,0.06981,Sidewalk
858.0,132.3721,3.0596,2.37365,0.0,-0.0,165.6305,0.9533,stand_6,333.6542,0.0,-0.0,0.0,-0.0,Sidewalk
858.5,132.3721,3.0596,2.40855,0.0,0.06981,165.6305,0.9533,stand_6,333.6668,0.0,0.06981,0.0,0.06981,Sidewalk
859.0,132.3721,3.0596,2.40855,0.0,-0.0,165.6305,0.9533,stand_6,333.6542,0.0,-0.0,0.0,-0.0,Sidewalk
859.5,132.3721,3.0596,2.44346,0.0,0.06981,165.6305,0.9533,stand_6,333.6668,0.0,0.06981,0.0,0.06981,Sidewalk
860.0,132.3721,3.0596,2.44346,0.0,-0.0,165.6305,0.9533,stand_6,333.6542,0.0,-0.0,0.0,-0.0,Sidewalk
860.5,132.3721,3.0596,2.47837,0.0,0.06981,165.6305,0.9533,stand_6,333.6668,0.0,0.06981,0.0,0.06981,Sidewalk
861.0,132.3721,3.0596,2.47837,0.0,-0.0,165.6305,0.9533,stand_6,333.6542,0.0,-0.0,0.0,-0.0,Sidewalk
861.5,132.3721,3.0596,2.51327,0.0,0.06981,165.6305,0.9533,stand_6,333.6668,0.0,0.06981,0.0,0.06981,Sidewalk
862.0,132.3721,3.0596,2.51327,0.0,-0.0,165.6305,0.9533,stand_6,333.6542,0.0,-0.0,0.0,-0.0,Sidewalk
862.5,132.3721,3.0596,2.54818,0.0,0.06981,165.6305,0.9533,stand_6,333.6668,0.0,0.06981,0.0,0.06981,Sidewalk
863.0,132.3721,3.0596,2.54818,0.0,-0.0,165.6305,0.9533,stand_6,333.6542,0.0,-0.0,0.0,-0.0,Sidewalk
863.5,132.3721,3.0596,2.58309,0.0,0.06981,165.6305,0.9533,stand_6,333.6668,0.0,0.06981,0.0,0.06981,Sidewalk
864.0,132.3721,3.0596,2.58309,0.0,-0.0,165.6305,0.9533,stand_6,333.6542,0.0,-0.0,0.0,-0.0,Sidewalk
864.5,132.3721,3.0596,2.61799,0.0,0.06981,165.6305,0.9533,stand_6,333.6667,0.0,0.06981,0.0,0.06981,Sidewalk
865.0,132.3721,3.0596,2.61799,0.0,-0.0,165.6305,0.9533,stand_6,333.6542,0.0,-0.0,0.0,-0.0,Sidewalk
865.5,132.3721,3.0596,2.6529,0.0,0.06981,165.6305,0.9533,stand_6,333.6667,0.0,0.06981,0.0,0.06981,Sidewalk
866.0,132.3721,3.0596,2.6529,0.0,-0.0,165.6305,0.9533,stand_6,333.6542,0.0,-0.0,0.0,-0.0,Sidewalk
866.5,132.3721,3.0596,2.68781,0.0,0.06981,165.6305,0.9533,stand_6,333.6667,0.0,0.06981,0.0,0.06981,Sidewalk
867.0,132.3721,3.0596,2.68781,0.0,-0.0,165.6305,0.9533,stand_6,333.6542,0.0,-0.0,0.0,-0.0,Sidewalk
867.5,132.3721,3.0596,2.72271,0.0,0.06981,165.6305,0.9533,stand_6,333.6667,0.0,0.06981,0.0,0.06981,Sidewalk
868.0,132.3721,3.0596,2.72271,0.0,-0.0,165.6305,0.9533,stand_6,333.6541,0.0,-0.0,0.0,-0.0,Sidewalk
868.5,132.3721,3.0596,2.75762,0.0,0.06981,165.6305,0.9533,stand_6,333.6667,0.0,0.06981,0.0,0.06981,Sidewalk
869.0,132.3721,3.0596,2.75762,0.0,-0.0,165.6305,0.9533,stand_6,333.6541,0.0,-0.0,0.0,-0.0,Sidewalk
869.5,132.3721,3.0596,2.79253,0.0,0.06981,165.6305,0.9533,stand_6,333.6667,0.0,0.06981,0.0,0.06981,Sidewalk
870.0,132.3721,3.0596,2.79253,0.0,-0.0,165.6305,0.9533,stand_6,333.6541,0.0,-0.0,0.0,-0.0,Sidewalk
870.5,132.3721,3.0596,2.82743,0.0,0.06981,165.6305,0.9533,stand_6,333.6667,0.0,0.06981,0.0,0.06981,Sidewalk
871.0,132.3721,3.0596,2.82743,0.0,-0.0,165.6305,0.9533,stand_6,333.6541,0.0,-0.0,0.0,-0.0,Sidewalk
871.5,132.3721,3.0596,2.86234,0.0,0.06981,165.6305,0.9533,stand_6,333.6667,0.0,0.06981,0.0,0.06981,Sidewalk
872.0,132.3721,3.0596,2.86234,0.0,-0.0,165.6305,0.9533,stand_6,333.6541,0.0,-0.0,0.0,-0.0,Sidewalk
872.5,132.3721,3.0596,2.89725,0.0,0.06981,165.6305,0.9533,stand_6,333.6667,0.0,0.06981,0.0,0.06981,Sidewalk
873.0,132.3721,3.0596,2.89725,0.0,-0.0,165.6305,0.9533,stand_6,333.6541,0.0,-0.0,0.0,-0.0,Sidewalk
873.5,132.3721,3.0596,2.93215,0.0,0.06981,165.6305,0.9533,stand_6,333.6667,0.0,0.06981,0.0,0.06981,Sidewalk
874.0,132.3721,3.0596,2.93215,0.0,-0.0,165.6305,0.9533,stand_6,333.6541,0.0,-0.0,0.0,-0.0,Sidewalk
874.5,132.3721,3.0596,2.96706,0.0,0.06981,165.6305,0.9533,stand_6,333.6667,0.0,0.06981,0.0,0.06981,Sidewalk
875.0,132.3721,3.0596,2.96706,0.0,-0.0,165.6305,0.9533,stand_6,333.6541,0.0,-0.0,0.0,-0.0,Sidewalk
875.5,132.3721,3.0596,3.00197,0.0,0.06981,165.6305,0.9533,stand_6,333.6667,0.0,0.06981,0.0,0.06981,Sidewalk
876.0,132.3721,3.0596,3.00197,0.0,-0.0,165.6305,0.9533,stand_6,333.6541,0.0,-0.0,0.0,-0.0,Sidewalk
876.5,132.3721,3.0596,3.03687,0.0,0.06981,165.6305,0.9533,stand_6,333.6666,0.0,0.06981,0.0,0.06981,Sidewalk
877.0,132.3721,3.0596,3.03687,0.0,-0.0,165.6305,0.9533,stand_6,333.6541,0.0,-0.0,0.0,-0.0,Sidewalk
877.5,132.3721,3.0596,3.07178,0.0,0.06981,165.6305,0.9533,stand_6,333.6666,0.0,0.06981,0.0,0.06981,Sidewalk
878.0,132.3721,3.0596,3.07178,0.0,-0.0,165.6305,0.9533,stand_6,333.6541,0.0,-0.0,0.0,-0.0,Sidewalk
878.5,132.3721,3.0596,3.10669,0.0,0.06981,165.6305,0.9533,stand_6,333.6666,0.0,0.06981,0.0,0.06981,Sidewalk
879.0,132.3721,3.0596,3.10669,0.0,-0.0,165.6305,0.9533,stand_6,333.6541,0.0,-0.0,0.0,-0.0,Sidewalk
879.5,132.3721,3.0596,3.14159,0.0,0.06981,165.6305,0.9533,stand_6,333.6666,0.0,0.06981,0.0,0.06981,Sidewalk
880.0,132.3721,3.0596,3.14159,0.0,-0.0,165.6305,0.9533,stand_6,333.654,0.0,-0.0,0.0,-0.0,Sidewalk
880.5,132.3721,3.0596,-3.10669,0.0,0.06981,165.6305,0.9533,stand_6,333.6666,0.0,0.06981,0.0,0.06981,Sidewalk
881.0,132.3721,3.0596,-3.10669,0.0,-0.0,165.6305,0.9533,stand_6,333.654,0.0,-0.0,0.0,-0.0,Sidewalk
881.5,132.3721,3.0596,-3.07178,0.0,0.06981,165.6305,0.9533,stand_6,333.6666,0.0,0.06981,0.0,0.06981,Sidewalk
882.0,132.3721,3.0596,-3.07178,0.0,-0.0,165.6305,0.9533,stand_6,333.654,0.0,-0.0,0.0,-0.0,Sidewalk
882.5,132.3721,3.0596,-3.03687,0.0,0.06981,165.6305,0.9533,stand_6,333.6666,0.0,0.06981,0.0,0.06981,Sidewalk
883.0,132.3721,3.0596,-3.03687,0.0,-0.0,165.6305,0.9533,stand_6,333.654,0.0,-0.0,0.0,-0.0,Sidewalk
883.5,132.3721,3.0596,-3.00197,0.0,0.06981,165.6305,0.9533,stand_6,333.6666,0.0,0.06981,0.0,0.06981,Sidewalk
884.0,132.3721,3.0596,-3.00197,0.0,-0.0,165.6305,0.9533,stand_6,333.654,0.0,-0.0,0.0,-0.0,Sidewalk
884.5,132.3721,3.0596,-2.96706,0.0,0.06981,165.6305,0.9534,stand_6,333.6666,0.0,0.06981,0.0,0.06981,Sidewalk
885.0,132.3721,3.0596,-2.96706,0.0,-0.0,165.6305,0.9534,stand_6,333.654,0.0,-0.0,0.0,-0.0,Sidewalk
885.5,132.3721,3.0596,-2.93215,0.0,0.06981,165.6305,0.9534,stand_6,333.6666,0.0,0.06981,0.0,0.06981,Sidewalk
886.0,132.3721,3.0596,-2.93215,0.0,-0.0,165.6305,0.9534,stand_6,333.654,0.0,-0.0,0.0,-0.0,Sidewalk
886.5,132.3721,3.0596,-2.89725,0.0,0.06981,165.6305,0.9534,stand_6,333.6666,0.0,0.06981,0.0,0.06981,Sidewalk
887.0,132.3721,3.0596,-2.89725,0.0,-0.0,165.6305,0.9534,stand_6,333.654,0.0,-0.0,0.0,-0.0,Sidewalk
887.5,132.3721,3.0596,-2.86234,0.0,0.06981,165.6305,0.9534,stand_6,333.6665,0.0,0.06981,0.0,0.06981,Sidewalk
888.0,132.3721,3.0596,-2.86234,0.0,-0.0,165.6305,0.9534,stand_6,333.654,0.0,-0.0,0.0,-0.0,Sidewalk
888.5,132.3721,3.0596,-2.82743,0.0,0.06981,165.6305,0.9534,stand_6,333.6665,0.0,0.06981,0.0,0.06981,Sidewalk
889.0,132.3721,3.0596,-2.82743,0.0,-0.0,165.6305,0.9534,stand_6,333.654,0.0,-0.0,0.0,-0.0,Sidewalk
889.5,132.3721,3.0596,-2.79253,0.0,0.06981,165.6305,0.9534,stand_6,333.6665,0.0,0.06981,0.0,0.06981,Sidewalk
890.0,132.3721,3.0596,-2.79253,0.0,-0.0,165.6305,0.9534,stand_6,333.654,0.0,-0.0,0.0,-0.0,Sidewalk
890.5,132.3721,3.0596,-2.75762,0.0,0.06981,165.6305,0.9534,stand_6,333.6665,0.0,0.06981,0.0,0.06981,Sidewalk
891.0,132.3721,3.0596,-2.75762,0.0,-0.0,165.6305,0.9534,stand_6,333.654,0.0,-0.0,0.0,-0.0,Sidewalk
891.5,132.3721,3.0596,-2.72271,0.0,0.06981,165.6305,0.9534,stand_6,333.6665,0.0,0.06981,0.0,0.06981,Sidewalk
892.0,132.3721,3.0596,-2.72271,0.0,-0.0,165.6305,0.9534,stand_6,333.6539,0.0,-0.0,0.0,-0.0,Sidewalk
892.5,132.3721,3.0596,-2.68781,0.0,0.06981,165.6305,0.9534,stand_6,333.6665,0.0,0.06981,0.0,0.06981,Sidewalk
893.0,132.3721,3.0596,-2.68781,0.0,-0.0,165.6305,0.9534,stand_6,333.6539,0.0,-0.0,0.0,-0.0,Sidewalk
893.5,132.3721,3.0596,-2.6529,0.0,0.06981,165.6305,0.9534,stand_6,333.6665,0.0,0.06981,0.0,0.06981,Sidewalk
894.0,132.3721,3.0596,-2.6529,0.0,-0.0,165.6305,0.9534,stand_6,333.6539,0.0,-0.0,0.0,-0.0,Sidewalk
894.5,132.3721,3.0596,-2.61799,0.0,0.06981,165.6305,0.9534,stand_6,333.6665,0.0,0.06981,0.0,0.06981,Sidewalk
895.0,132.3721,3.0596,-2.61799,0.0,-0.0,165.6305,0.9534,stand_6,333.6539,0.0,-0.0,0.0,-0.0,Sidewalk
895.5,132.3721,3.0596,-2.58309,0.0,0.06981,165.6305,0.9534,stand_6,333.6665,0.0,0.06981,0.0,0.06981,Sidewalk
896.0,132.3721,3.0596,-2.58309,0.0,-0.0,165.6305,0.9534,stand_6,333.6539,0.0,-0.0,0.0,-0.0,Sidewalk
896.5,132.3721,3.0596,-2.54818,0.0,0.06981,165.6305,0.9534,stand_6,333.6665,0.0,0.06981,0.0,0.06981,Sidewalk
897.0,132.3721,3.0596,-2.54818,0.0,-0.0,165.6305,0.9534,stand_6,333.6539,0.0,-0.0,0.0,-0.0,Sidewalk
897.5,132.3721,3.0596,-2.51327,0.0,0.06981,165.6305,0.9534,stand_6,333.6665,0.0,0.06981,0.0,0.06981,Sidewalk
898.0,132.3721,3.0596,-2.51327,0.0,-0.0,165.6305,0.9534,stand_6,333.6539,0.0,-0.0,0.0,-0.0,Sidewalk
898.5,132.3721,3.0596,-2.47837,0.0,0.06981,165.6305,0.9534,stand_6,333.6664,0.0,0.06981,0.0,0.06981,Sidewalk
899.0,132.3721,3.0596,-2.47837,0.0,-0.0,165.6305,0.9534,stand_6,333.6539,0.0,-0.0,0.0,-0.0,Sidewalk
899.5,132.3721,3.0596,-2.44346,0.0,0.06981,165.6305,0.9534,stand_6,333.6664,0.0,0.06981,0.0,0.06981,Sidewalk
900.0,132.3721,3.0596,-2.44346,0.0,-0.0,165.6305,0.9534,stand_6,333.6539,0.0,-0.0,0.0,-0.0,Sidewalk
900.5,132.3721,3.0596,-2.40855,0.0,0.06981,165.6305,0.9534,stand_6,333.6664,0.0,0.06981,0.0,0.06981,Sidewalk
