time,x,y,yaw,v,w,goal_distance,min_person_dist,closest_person,total_cost,action_linear_x,action_angular_z,observation_state_linear_x,observation_state_angular_z,observation_state_road_type
0.5,2.08,3.9972,-0.03491,0.16,-0.06981,295.92,2.9201,walk_east_mid.0,355.8633,0.16,-0.06981,0.16,-0.06981,Sidewalk
1.0,2.2391,3.9805,-0.10472,0.32,-0.13963,295.7609,3.1408,walk_east_mid.0,355.1998,0.32,-0.13963,0.32,-0.13963,Sidewalk
1.5,2.4991,3.9805,-0.0,0.52,0.20944,295.5009,3.2113,walk_east_mid.0,354.55,0.52,0.20944,0.52,0.20944,Sidewalk
2.0,2.7784,3.961,-0.06981,0.56,-0.13963,295.2216,3.2571,walk_east_mid.0,354.2033,0.56,-0.13963,0.56,-0.13963,Sidewalk
2.5,3.0382,3.97,0.03491,0.52,0.20944,294.9618,3.382,walk_east_mid.0,353.6727,0.52,0.20944,0.52,0.20944,Sidewalk
3.0,3.3167,3.9993,0.10472,0.56,0.13963,294.6833,3.4518,walk_east_mid.0,353.2597,0.56,0.13963,0.56,0.13963,Sidewalk
3.5,3.5767,3.9993,-0.0,0.52,-0.20944,294.4233,3.5187,walk_east_mid.0,352.8876,0.52,-0.20944,0.52,-0.20944,Sidewalk
4.0,3.8959,3.977,-0.06981,0.64,-0.13963,294.1041,3.5535,walk_east_mid.0,352.3645,0.64,-0.13963,0.64,-0.13963,Sidewalk
4.5,4.1558,3.986,0.03491,0.52,0.20944,293.8442,3.6839,walk_east_mid.0,352.0637,0.52,0.20944,0.52,0.20944,Sidewalk
5.0,4.4756,3.9749,-0.03491,0.64,-0.13963,293.5244,3.7239,walk_east_mid.0,351.5158,0.64,-0.13963,0.64,-0.13963,Sidewalk
5.5,4.7748,3.954,-0.06981,0.6,-0.06981,293.2252,3.808,walk_east_mid.0,351.257,0.6,-0.06981,0.6,-0.06981,Sidewalk
6.0,5.0948,3.954,-0.0,0.64,0.13963,292.9052,3.8565,walk_east_mid.0,350.7385,0.64,0.13963,0.64,0.13963,Sidewalk
6.5,5.3947,3.9435,-0.03491,0.6,-0.06981,292.6054,3.9019,walk_east_mid.0,350.4121,0.6,-0.06981,0.6,-0.06981,Sidewalk
7.0,5.7544,3.956,0.03491,0.72,0.13963,292.2456,3.9264,walk_east_mid.0,349.7337,0.72,0.13963,0.72,0.13963,Sidewalk
7.5,6.0537,3.977,0.06981,0.6,0.06981,291.9463,3.9588,walk_east_mid.0,349.5449,0.6,0.06981,0.6,0.06981,Sidewalk
8.0,6.4137,3.977,-0.0,0.72,-0.13963,291.5863,3.9361,walk_east_mid.0,348.9343,0.72,-0.13963,0.72,-0.13963,Sidewalk
8.5,6.7135,3.9665,-0.03491,0.6,-0.06981,291.2865,4.0363,walk_east_mid.0,348.6491,0.6,-0.06981,0.6,-0.06981,Sidewalk
9.0,7.0733,3.9791,0.03491,0.72,0.13963,290.9267,4.0282,walk_east_mid.0,347.9839,0.72,0.13963,0.72,0.13963,Sidewalk
9.5,7.3726,4.0,0.06981,0.6,0.06981,290.6274,4.1152,walk_east_mid.0,347.7568,0.6,0.06981,0.6,0.06981,Sidewalk
10.0,7.7726,4.0,-0.0,0.8,-0.13963,290.2274,4.0812,walk_east_mid.0,347.074,0.8,-0.13963,0.8,-0.13963,Sidewalk
10.5,8.0724,3.9895,-0.03491,0.6,-0.06981,289.9276,4.1619,walk_east_mid.0,346.8752,0.6,-0.06981,0.6,-0.06981,Sidewalk
11.0,8.4322,4.0021,0.03491,0.72,0.13963,289.5678,4.1707,walk_east_mid.0,346.1634,0.72,0.13963,0.72,0.13963,Sidewalk
11.5,8.7713,4.0258,0.06981,0.68,0.06981,289.2287,4.1712,walk_east_mid.0,345.9735,0.68,0.06981,0.68,0.06981,Sidewalk
12.0,9.1713,4.0258,-0.0,0.8,-0.13963,288.8287,4.1305,walk_east_mid.0,345.3517,0.8,-0.13963,0.8,-0.13963,Sidewalk
12.5,9.5111,4.0377,0.03491,0.68,0.06981,288.4889,4.1855,walk_east_mid.0,345.1158,0.68,0.06981,0.68,0.06981,Sidewalk
13.0,9.8709,4.0251,-0.03491,0.72,-0.13963,288.1291,4.1857,walk_east_mid.0,344.4173,0.72,-0.13963,0.72,-0.13963,Sidewalk
13.5,10.2101,4.0014,-0.06981,0.68,-0.06981,287.7899,4.2382,walk_east_mid.0,344.1499,0.68,-0.06981,0.68,-0.06981,Sidewalk
14.0,10.6101,4.0014,-0.0,0.8,0.13963,287.3899,4.2251,walk_east_mid.0,343.4837,0.8,0.13963,0.8,0.13963,Sidewalk
14.5,10.9499,3.9895,-0.03491,0.68,-0.06981,287.0501,4.2516,walk_east_mid.0,343.287,0.68,-0.06981,0.68,-0.06981,Sidewalk
15.0,11.3097,4.0021,0.03491,0.72,0.13963,286.6903,4.2287,walk_east_mid.0,342.6481,0.72,0.13963,0.72,0.13963,Sidewalk
15.5,11.6488,4.0258,0.06981,0.68,0.06981,286.3512,4.2618,walk_east_mid.0,342.3942,0.68,0.06981,0.68,0.06981,Sidewalk
16.0,12.0488,4.0258,-0.0,0.8,-0.13963,285.9512,4.2225,walk_east_mid.0,341.7567,0.8,-0.13963,0.8,-0.13963,Sidewalk
16.5,12.3886,4.0377,0.03491,0.68,0.06981,285.6114,4.2675,walk_east_mid.0,341.5397,0.68,0.06981,0.68,0.06981,Sidewalk
17.0,12.7484,4.0251,-0.03491,0.72,-0.13963,285.2516,4.2793,walk_east_mid.0,340.8674,0.72,-0.13963,0.72,-0.13963,Sidewalk
17.5,13.0876,4.0014,-0.06981,0.68,-0.06981,284.9124,4.2649,walk_east_mid.0,340.6615,0.68,-0.06981,0.68,-0.06981,Sidewalk
18.0,13.4876,4.0014,-0.0,0.8,0.13963,284.5124,4.2158,walk_east_mid.0,340.0446,0.8,0.13963,0.8,0.13963,Sidewalk
18.5,13.8274,3.9895,-0.03491,0.68,-0.06981,284.1726,4.2299,walk_east_mid.0,339.8658,0.68,-0.06981,0.68,-0.06981,Sidewalk
19.0,14.1872,4.0021,0.03491,0.72,0.13963,283.8128,4.1912,walk_east_mid.0,339.235,0.72,0.13963,0.72,0.13963,Sidewalk
19.5,14.5263,4.0258,0.06981,0.68,0.06981,283.4737,4.186,walk_east_mid.0,339.0458,0.68,0.06981,0.68,0.06981,Sidewalk
20.0,14.9263,4.0258,-0.0,0.8,-0.13963,283.0737,4.1108,walk_east_mid.0,338.4779,0.8,-0.13963,0.8,-0.13963,Sidewalk
20.5,15.2261,4.0363,0.03491,0.6,0.06981,282.7739,4.1836,walk_east_mid.0,338.2687,0.6,0.06981,0.6,0.06981,Sidewalk
21.0,15.5859,4.0237,-0.03491,0.72,-0.13963,282.4141,4.1625,walk_east_mid.0,337.5839,0.72,-0.13963,0.72,-0.13963,Sidewalk
21.5,15.9251,4.0,-0.06981,0.68,-0.06981,282.0749,4.1545,walk_east_mid.0,337.4106,0.68,-0.06981,0.68,-0.06981,Sidewalk
22.0,16.3251,4.0,-0.0,0.8,0.13963,281.6749,4.1522,walk_east_mid.0,336.7391,0.8,0.13963,0.8,0.13963,Sidewalk
22.5,16.6249,3.9895,-0.03491,0.6,-0.06981,281.3751,4.1965,walk_east_mid.0,336.5747,0.6,-0.06981,0.6,-0.06981,Sidewalk
23.0,16.9847,4.0021,0.03491,0.72,0.13963,281.0153,4.1608,walk_east_mid.0,335.9114,0.72,0.13963,0.72,0.13963,Sidewalk
23.5,17.3239,4.0258,0.06981,0.68,0.06981,280.6761,4.1825,walk_east_mid.0,335.6939,0.68,0.06981,0.68,0.06981,Sidewalk
24.0,17.7239,4.0258,-0.0,0.8,-0.13963,280.2761,4.1316,walk_east_mid.0,335.0869,0.8,-0.13963,0.8,-0.13963,Sidewalk
24.5,18.0237,4.0363,0.03491,0.6,0.06981,279.9763,4.1592,walk_east_mid.0,334.9384,0.6,0.06981,0.6,0.06981,Sidewalk
25.0,18.3835,4.0237,-0.03491,0.72,-0.13963,279.6165,4.1379,walk_east_mid.0,334.2546,0.72,-0.13963,0.72,-0.13963,Sidewalk
25.5,18.7226,4.0,-0.06981,0.68,-0.06981,279.2774,4.1881,walk_east_mid.0,334.0039,0.68,-0.06981,0.68,-0.06981,Sidewalk
26.0,19.1226,4.0,-0.0,0.8,0.13963,278.8774,4.1759,walk_east_mid.0,333.3448,0.8,0.13963,0.8,0.13963,Sidewalk
26.5,19.4624,3.9881,-0.03491,0.68,-0.06981,278.5376,4.2327,walk_east_mid.0,333.0989,0.68,-0.06981,0.68,-0.06981,Sidewalk
27.0,19.8222,4.0007,0.03491,0.72,0.13963,278.1778,4.2603,walk_east_mid.0,332.4015,0.72,0.13963,0.72,0.13963,Sidewalk
27.5,20.1614,4.0244,0.06981,0.68,0.06981,277.8386,4.2769,walk_east_mid.0,332.1603,0.68,0.06981,0.68,0.06981,Sidewalk
28.0,20.5614,4.0244,-0.0,0.8,-0.13963,277.4386,4.2229,walk_east_mid.0,331.5396,0.8,-0.13963,0.8,-0.13963,Sidewalk
28.5,20.9012,4.0363,0.03491,0.68,0.06981,277.0988,4.2537,walk_east_mid.0,331.3451,0.68,0.06981,0.68,0.06981,Sidewalk
29.0,21.261,4.0237,-0.03491,0.72,-0.13963,276.7391,4.2909,walk_east_mid.0,330.6402,0.72,-0.13963,0.72,-0.13963,Sidewalk
29.5,21.6001,4.0,-0.06981,0.68,-0.06981,276.3999,4.3046,walk_east_mid.0,330.3955,0.68,-0.06981,0.68,-0.06981,Sidewalk
30.0,22.0001,4.0,-0.0,0.8,0.13963,275.9999,4.2637,walk_east_mid.0,329.7616,0.8,0.13963,0.8,0.13963,Sidewalk
30.5,22.3399,3.9881,-0.03491,0.68,-0.06981,275.6601,4.2596,walk_east_mid.0,329.6069,0.68,-0.06981,0.68,-0.06981,Sidewalk
31.0,22.6997,4.0007,0.03491,0.72,0.13963,275.3003,4.2923,walk_east_mid.0,328.9167,0.72,0.13963,0.72,0.13963,Sidewalk
31.5,23.0389,4.0244,0.06981,0.68,0.06981,274.9611,4.2859,walk_east_mid.0,328.6957,0.68,0.06981,0.68,0.06981,Sidewalk
32.0,23.4389,4.0244,-0.0,0.8,-0.13963,274.5611,4.275,walk_east_mid.0,328.0123,0.8,-0.13963,0.8,-0.13963,Sidewalk
32.5,23.7787,4.0363,0.03491,0.68,0.06981,274.2213,4.2857,walk_east_mid.0,327.8469,0.68,0.06981,0.68,0.06981,Sidewalk
33.0,24.1384,4.0237,-0.03491,0.72,-0.13963,273.8616,4.2645,walk_east_mid.0,327.2133,0.72,-0.13963,0.72,-0.13963,Sidewalk
33.5,24.4776,4.0,-0.06981,0.68,-0.06981,273.5224,4.323,walk_east_mid.0,326.92,0.68,-0.06981,0.68,-0.06981,Sidewalk
34.0,24.8776,4.0,-0.0,0.8,0.13963,273.1224,4.2435,walk_east_mid.0,326.3374,0.8,0.13963,0.8,0.13963,Sidewalk
34.5,25.2174,3.9881,-0.03491,0.68,-0.06981,272.7826,4.2432,walk_east_mid.0,326.1775,0.68,-0.06981,0.68,-0.06981,Sidewalk
35.0,25.5772,4.0007,0.03491,0.72,0.13963,272.4228,4.2601,walk_east_mid.0,325.4957,0.72,0.13963,0.72,0.13963,Sidewalk
35.5,25.9164,4.0244,0.06981,0.68,0.06981,272.0836,4.2897,walk_east_mid.0,325.2379,0.68,0.06981,0.68,0.06981,Sidewalk
36.0,26.3164,4.0244,-0.0,0.8,-0.13963,271.6836,4.2865,walk_east_mid.0,324.5433,0.8,-0.13963,0.8,-0.13963,Sidewalk
36.5,26.6562,4.0363,0.03491,0.68,0.06981,271.3439,4.3267,walk_east_mid.0,324.339,0.68,0.06981,0.68,0.06981,Sidewalk
37.0,27.0159,4.0237,-0.03491,0.72,-0.13963,270.9841,4.3266,walk_east_mid.0,323.7001,0.72,-0.13963,0.72,-0.13963,Sidewalk
37.5,27.3551,4.0,-0.06981,0.68,-0.06981,270.6449,4.3211,walk_east_mid.0,323.4694,0.68,-0.06981,0.68,-0.06981,Sidewalk
38.0,27.7551,4.0,-0.0,0.8,0.13963,270.2449,4.2022,walk_east_dn.1,322.8369,0.8,0.13963,0.8,0.13963,Sidewalk
38.5,28.0949,3.9881,-0.03491,0.68,-0.06981,269.9051,3.8251,walk_east_dn.1,322.7025,0.68,-0.06981,0.68,-0.06981,Sidewalk
39.0,28.4547,4.0007,0.03491,0.72,0.13963,269.5453,3.4732,walk_east_dn.1,322.0087,0.72,0.13963,0.72,0.13963,Sidewalk
39.5,28.7938,4.0244,0.06981,0.68,0.06981,269.2062,3.1437,walk_east_dn.1,321.7915,0.68,0.06981,0.68,0.06981,Sidewalk
40.0,29.1938,4.0244,-0.0,0.8,-0.13963,268.8062,2.9154,walk_east_dn.1,321.1421,0.8,-0.13963,0.8,-0.13963,Sidewalk
40.5,29.5336,4.0363,0.03491,0.68,0.06981,268.4664,2.5469,walk_east_dn.1,320.9723,0.68,0.06981,0.68,0.06981,Sidewalk
41.0,29.8934,4.0237,-0.03491,0.72,-0.13963,268.1066,2.2639,walk_east_dn.1,320.3405,0.72,-0.13963,0.72,-0.13963,Sidewalk
41.5,30.2326,4.0,-0.06981,0.68,-0.06981,267.7674,1.9317,walk_east_dn.1,320.1376,0.68,-0.06981,0.68,-0.06981,Sidewalk
42.0,30.6326,4.0,-0.0,0.8,0.13963,267.3674,1.6751,walk_east_dn.1,319.5748,0.8,0.13963,0.8,0.13963,Sidewalk
42.5,31.0124,3.9867,-0.03491,0.76,-0.06981,266.9876,1.4619,walk_east_dn.1,319.613,0.76,-0.06981,0.76,-0.06981,Sidewalk
43.0,31.3721,3.9742,-0.03491,0.72,-0.0,266.6279,1.1557,walk_east_dn.1,319.8532,0.72,-0.0,0.72,-0.0,Sidewalk
43.5,31.831,3.9421,-0.06981,0.92,-0.06981,266.169,1.0112,walk_east_dn.1,319.2204,0.92,-0.06981,0.92,-0.06981,Sidewalk
44.0,32.231,3.9421,-0.0,0.8,0.13963,265.769,0.8525,walk_east_dn.1,320.8954,0.8,0.13963,0.8,0.13963,Sidewalk
44.5,32.6907,3.926,-0.03491,0.92,-0.06981,265.3093,0.7183,walk_east_dn.1,321.9172,0.92,-0.06981,0.92,-0.06981,Sidewalk
45.0,33.0505,3.9386,0.03491,0.72,0.13963,264.9495,0.6017,walk_east_dn.1,327.1987,0.72,0.13963,0.72,0.13963,Sidewalk
45.5,33.5094,3.9707,0.06981,0.92,0.06981,264.4906,0.6354,walk_east_dn.1,323.7317,0.92,0.06981,0.92,0.06981,Sidewalk
46.0,33.9084,3.9986,0.06981,0.8,-0.0,264.0916,0.7356,walk_east_dn.1,322.0363,0.8,-0.0,0.8,-0.0,Sidewalk
46.5,34.3261,4.0425,0.10472,0.84,0.06981,263.6739,0.9244,walk_east_dn.1,319.1492,0.84,0.06981,0.84,0.06981,Sidewalk
47.0,34.6842,4.0801,0.10472,0.72,-0.0,263.3159,1.1994,walk_east_dn.1,318.2359,0.72,-0.0,0.72,-0.0,Sidewalk
47.5,35.0208,4.1274,0.13963,0.68,0.06981,262.9792,1.4439,walk_east_dn.1,316.5909,0.68,0.06981,0.68,0.06981,Sidewalk
48.0,35.3773,4.1775,0.13963,0.72,-0.0,262.6227,1.7537,walk_east_dn.1,315.7832,0.72,-0.0,0.72,-0.0,Sidewalk
48.5,35.6334,4.2227,0.17453,0.52,0.06981,262.3667,2.1092,walk_east_dn.1,315.1081,0.52,0.06981,0.52,0.06981,Sidewalk
49.0,35.9879,4.2852,0.17453,0.72,-0.0,262.0122,2.3481,walk_east_dn.1,314.0857,0.72,-0.0,0.72,-0.0,Sidewalk
49.5,36.3246,4.3325,0.13963,0.68,-0.06981,261.6756,2.6414,walk_east_dn.1,315.1697,0.68,-0.06981,0.68,-0.06981,Sidewalk
50.0,36.6811,4.3826,0.13963,0.72,-0.0,261.3192,2.9502,walk_east_dn.1,313.0693,0.72,-0.0,0.72,-0.0,Sidewalk
50.5,36.9397,4.4098,0.10472,0.52,-0.06981,261.0606,3.2861,walk_east_dn.1,313.3708,0.52,-0.06981,0.52,-0.06981,Sidewalk
51.0,37.2579,4.4432,0.10472,0.64,-0.0,260.7424,3.6821,walk_east_dn.1,311.9614,0.64,-0.0,0.64,-0.0,Sidewalk
51.5,37.5572,4.4642,0.06981,0.6,-0.06981,260.4432,4.0701,walk_east_dn.1,311.6521,0.6,-0.06981,0.6,-0.06981,Sidewalk
52.0,37.8764,4.4865,0.06981,0.64,-0.0,260.124,4.1207,walk_east_mid.0,311.1328,0.64,-0.0,0.64,-0.0,Sidewalk
52.5,38.2562,4.4732,-0.03491,0.76,-0.20944,259.7442,4.137,walk_east_mid.0,310.4372,0.76,-0.20944,0.76,-0.20944,Sidewalk
53.0,38.654,4.4314,-0.10472,0.8,-0.13963,259.3464,4.1045,walk_east_mid.0,310.1214,0.8,-0.13963,0.8,-0.13963,Sidewalk
53.5,38.9533,4.4105,-0.06981,0.6,0.06981,259.0471,4.1667,walk_east_mid.0,309.7979,0.6,0.06981,0.6,0.06981,Sidewalk
54.0,39.3098,4.3604,-0.13963,0.72,-0.13963,258.6905,4.1739,walk_east_mid.0,309.1712,0.72,-0.13963,0.72,-0.13963,Sidewalk
54.5,39.6446,4.3013,-0.17453,0.68,-0.06981,258.3556,4.1937,walk_east_mid.0,308.9033,0.68,-0.06981,0.68,-0.06981,Sidewalk
55.0,40.0026,4.2637,-0.10472,0.72,0.13963,257.9975,4.1564,walk_east_mid.0,308.4094,0.72,0.13963,0.72,0.13963,Sidewalk
55.5,40.3393,4.2164,-0.13963,0.68,-0.06981,257.6608,4.2016,walk_east_mid.0,308.0589,0.68,-0.06981,0.68,-0.06981,Sidewalk
56.0,40.6984,4.1913,-0.06981,0.72,0.13963,257.3016,4.222,walk_east_mid.0,307.4553,0.72,0.13963,0.72,0.13963,Sidewalk
56.5,41.0366,4.1557,-0.10472,0.68,-0.06981,256.9635,4.2385,walk_east_mid.0,307.187,0.68,-0.06981,0.68,-0.06981,Sidewalk
57.0,41.3964,4.1432,-0.03491,0.72,0.13963,256.6037,4.2063,walk_east_mid.0,306.5993,0.72,0.13963,0.72,0.13963,Sidewalk
57.5,41.7364,4.1432,-0.0,0.68,0.06981,256.2637,4.2246,walk_east_mid.0,306.3878,0.68,0.06981,0.68,0.06981,Sidewalk
58.0,42.0955,4.1181,-0.06981,0.72,-0.13963,255.9045,4.2002,walk_east_mid.0,305.7387,0.72,-0.13963,0.72,-0.13963,Sidewalk
58.5,42.4336,4.0825,-0.10472,0.68,-0.06981,255.5664,4.1971,walk_east_mid.0,305.5288,0.68,-0.06981,0.68,-0.06981,Sidewalk
59.0,42.8334,4.0686,-0.03491,0.8,0.13963,255.1666,4.1793,walk_east_mid.0,304.949,0.8,0.13963,0.8,0.13963,Sidewalk
59.5,43.1726,4.0449,-0.06981,0.68,-0.06981,254.8275,4.2031,walk_east_mid.0,304.6666,0.68,-0.06981,0.68,-0.06981,Sidewalk
60.0,43.5326,4.0449,-0.0,0.72,0.13963,254.4675,4.2077,walk_east_mid.0,304.0339,0.72,0.13963,0.72,0.13963,Sidewalk
60.5,43.8723,4.0567,0.03491,0.68,0.06981,254.1277,4.1988,walk_east_mid.0,303.8517,0.68,0.06981,0.68,0.06981,Sidewalk
61.0,44.2321,4.0442,-0.03491,0.72,-0.13963,253.7679,4.239,walk_east_mid.0,303.1392,0.72,-0.13963,0.72,-0.13963,Sidewalk
61.5,44.5713,4.0204,-0.06981,0.68,-0.06981,253.4287,4.2378,walk_east_mid.0,302.9264,0.68,-0.06981,0.68,-0.06981,Sidewalk
62.0,44.9313,4.0204,-0.0,0.72,0.13963,253.0687,4.2239,walk_east_mid.0,302.3523,0.72,0.13963,0.72,0.13963,Sidewalk
62.5,45.2711,4.0323,0.03491,0.68,0.06981,252.7289,4.206,walk_east_mid.0,302.1745,0.68,0.06981,0.68,0.06981,Sidewalk
63.0,45.6309,4.0197,-0.03491,0.72,-0.13963,252.3691,4.2002,walk_east_mid.0,301.4866,0.72,-0.13963,0.72,-0.13963,Sidewalk
63.5,45.97,3.996,-0.06981,0.68,-0.06981,252.03,4.2533,walk_east_mid.0,301.2153,0.68,-0.06981,0.68,-0.06981,Sidewalk
64.0,46.37,3.996,-0.0,0.8,0.13963,251.63,4.2056,walk_east_mid.0,300.6075,0.8,0.13963,0.8,0.13963,Sidewalk
64.5,46.7098,3.9842,-0.03491,0.68,-0.06981,251.2902,4.2049,walk_east_mid.0,300.4422,0.68,-0.06981,0.68,-0.06981,Sidewalk
65.0,47.0696,3.9967,0.03491,0.72,0.13963,250.9304,4.1765,walk_east_mid.0,299.7959,0.72,0.13963,0.72,0.13963,Sidewalk
65.5,47.4088,4.0204,0.06981,0.68,0.06981,250.5912,4.2113,walk_east_mid.0,299.5536,0.68,0.06981,0.68,0.06981,Sidewalk
66.0,47.8088,4.0204,-0.0,0.8,-0.13963,250.1912,4.1892,walk_east_mid.0,298.8884,0.8,-0.13963,0.8,-0.13963,Sidewalk
66.5,48.1486,4.0323,0.03491,0.68,0.06981,249.8514,4.2431,walk_east_mid.0,298.6656,0.68,0.06981,0.68,0.06981,Sidewalk
67.0,48.5084,4.0197,-0.03491,0.72,-0.13963,249.4916,4.2608,walk_east_mid.0,297.9711,0.72,-0.13963,0.72,-0.13963,Sidewalk
67.5,48.8475,3.996,-0.06981,0.68,-0.06981,249.1525,4.3161,walk_east_mid.0,297.6829,0.68,-0.06981,0.68,-0.06981,Sidewalk
68.0,49.2475,3.996,-0.0,0.8,0.13963,248.7525,4.2908,walk_east_mid.0,297.0309,0.8,0.13963,0.8,0.13963,Sidewalk
68.5,49.5873,3.9842,-0.03491,0.68,-0.06981,248.4127,4.3281,walk_east_mid.0,296.8153,0.68,-0.06981,0.68,-0.06981,Sidewalk
69.0,49.9471,3.9967,0.03491,0.72,0.13963,248.0529,4.3136,walk_east_mid.0,296.2015,0.72,0.13963,0.72,0.13963,Sidewalk
69.5,50.2863,4.0204,0.06981,0.68,0.06981,247.7137,4.3727,walk_east_mid.0,295.8961,0.68,0.06981,0.68,0.06981,Sidewalk
70.0,50.6863,4.0204,-0.0,0.8,-0.13963,247.3137,4.3238,walk_east_mid.0,295.2456,0.8,-0.13963,0.8,-0.13963,Sidewalk
70.5,51.0261,4.0323,0.03491,0.68,0.06981,246.9739,4.3155,walk_east_mid.0,295.1115,0.68,0.06981,0.68,0.06981,Sidewalk
71.0,51.3859,4.0197,-0.03491,0.72,-0.13963,246.6141,4.2986,walk_east_mid.0,294.481,0.72,-0.13963,0.72,-0.13963,Sidewalk
71.5,51.725,3.996,-0.06981,0.68,-0.06981,246.275,4.2907,walk_east_mid.0,294.2612,0.68,-0.06981,0.68,-0.06981,Sidewalk
72.0,52.125,3.996,-0.0,0.8,0.13963,245.875,4.2426,walk_east_mid.0,293.6464,0.8,0.13963,0.8,0.13963,Sidewalk
72.5,52.4648,3.9842,-0.03491,0.68,-0.06981,245.5352,4.2592,walk_east_mid.0,293.4558,0.68,-0.06981,0.68,-0.06981,Sidewalk
73.0,52.8246,3.9967,0.03491,0.72,0.13963,245.1754,4.237,walk_east_mid.0,292.825,0.72,0.13963,0.72,0.13963,Sidewalk
73.5,53.1638,4.0204,0.06981,0.68,0.06981,244.8362,4.2481,walk_east_mid.0,292.5971,0.68,0.06981,0.68,0.06981,Sidewalk
74.0,53.5638,4.0204,-0.0,0.8,-0.13963,244.4362,4.2086,walk_east_mid.0,291.9536,0.8,-0.13963,0.8,-0.13963,Sidewalk
74.5,53.9036,4.0323,0.03491,0.68,0.06981,244.0964,4.2603,walk_east_mid.0,291.7347,0.68,0.06981,0.68,0.06981,Sidewalk
75.0,54.2633,4.0197,-0.03491,0.72,-0.13963,243.7367,4.2821,walk_east_mid.0,291.044,0.72,-0.13963,0.72,-0.13963,Sidewalk
75.5,54.6025,3.996,-0.06981,0.68,-0.06981,243.3975,4.2792,walk_east_mid.0,290.8228,0.68,-0.06981,0.68,-0.06981,Sidewalk
76.0,55.0025,3.996,-0.0,0.8,0.13963,242.9975,4.2031,walk_east_mid.0,290.2522,0.8,0.13963,0.8,0.13963,Sidewalk
76.5,55.3423,3.9842,-0.03491,0.68,-0.06981,242.6577,4.1875,walk_east_mid.0,290.1102,0.68,-0.06981,0.68,-0.06981,Sidewalk
77.0,55.7021,3.9967,0.03491,0.72,0.13963,242.2979,4.1871,walk_east_mid.0,289.4254,0.72,0.13963,0.72,0.13963,Sidewalk
77.5,56.0413,4.0204,0.06981,0.68,0.06981,241.9587,4.1755,walk_east_mid.0,289.2463,0.68,0.06981,0.68,0.06981,Sidewalk
78.0,56.4413,4.0204,-0.0,0.8,-0.13963,241.5587,4.11,walk_east_mid.0,288.6541,0.8,-0.13963,0.8,-0.13963,Sidewalk
78.5,56.7411,4.0309,0.03491,0.6,0.06981,241.2589,4.1907,walk_east_mid.0,288.4445,0.6,0.06981,0.6,0.06981,Sidewalk
79.0,57.1009,4.0183,-0.03491,0.72,-0.13963,240.8991,4.1681,walk_east_mid.0,287.7565,0.72,-0.13963,0.72,-0.13963,Sidewalk
79.5,57.44,3.9946,-0.06981,0.68,-0.06981,240.56,4.1758,walk_east_mid.0,287.5581,0.68,-0.06981,0.68,-0.06981,Sidewalk
80.0,57.84,3.9946,-0.0,0.8,0.13963,240.16,4.125,walk_east_mid.0,286.973,0.8,0.13963,0.8,0.13963,Sidewalk
80.5,58.1798,3.9828,-0.03491,0.68,-0.06981,239.8202,4.1604,walk_east_mid.0,286.748,0.68,-0.06981,0.68,-0.06981,Sidewalk
81.0,58.5396,3.9953,0.03491,0.72,0.13963,239.4604,4.1798,walk_east_mid.0,286.0293,0.72,0.13963,0.72,0.13963,Sidewalk
81.5,58.8788,4.019,0.06981,0.68,0.06981,239.1212,4.1538,walk_east_up.1,285.7535,0.68,0.06981,0.68,0.06981,Sidewalk
82.0,59.2788,4.019,-0.0,0.8,-0.13963,238.7212,4.0816,walk_east_up.1,285.0577,0.8,-0.13963,0.8,-0.13963,Sidewalk
82.5,59.6186,4.0309,0.03491,0.68,0.06981,238.3814,3.95,walk_east_up.1,284.9073,0.68,0.06981,0.68,0.06981,Sidewalk
83.0,59.9783,4.0183,-0.03491,0.72,-0.13963,238.0217,3.7781,walk_east_up.1,284.1991,0.72,-0.13963,0.72,-0.13963,Sidewalk
83.5,60.3175,3.9946,-0.06981,0.68,-0.06981,237.6825,3.6234,walk_east_up.1,283.9715,0.68,-0.06981,0.68,-0.06981,Sidewalk
84.0,60.7175,3.9946,-0.0,0.8,0.13963,237.2825,3.569,walk_east_up.1,283.3793,0.8,0.13963,0.8,0.13963,Sidewalk
84.5,61.0573,3.9828,-0.03491,0.68,-0.06981,236.9427,3.4588,walk_east_up.1,283.1794,0.68,-0.06981,0.68,-0.06981,Sidewalk
85.0,61.4171,3.9953,0.03491,0.72,0.13963,236.5829,3.2829,walk_east_up.1,282.5214,0.72,0.13963,0.72,0.13963,Sidewalk
85.5,61.7563,4.019,0.06981,0.68,0.06981,236.2437,3.1022,walk_east_up.1,282.2869,0.68,0.06981,0.68,0.06981,Sidewalk
86.0,62.1563,4.019,-0.0,0.8,-0.13963,235.8437,3.0215,walk_east_up.1,281.6417,0.8,-0.13963,0.8,-0.13963,Sidewalk
86.5,62.4961,4.0309,0.03491,0.68,0.06981,235.5039,2.8429,walk_east_up.1,281.4808,0.68,0.06981,0.68,0.06981,Sidewalk
87.0,62.8558,4.0183,-0.03491,0.72,-0.13963,235.1442,2.733,walk_east_up.1,280.7889,0.72,-0.13963,0.72,-0.13963,Sidewalk
87.5,63.195,3.9946,-0.06981,0.68,-0.06981,234.805,2.6104,walk_east_up.1,280.5124,0.68,-0.06981,0.68,-0.06981,Sidewalk
88.0,63.595,3.9946,-0.0,0.8,0.13963,234.405,2.538,walk_east_up.1,279.9151,0.8,0.13963,0.8,0.13963,Sidewalk
88.5,63.9348,3.9828,-0.03491,0.68,-0.06981,234.0652,2.3419,walk_east_up.1,279.6618,0.68,-0.06981,0.68,-0.06981,Sidewalk
89.0,64.2946,3.9953,0.03491,0.72,0.13963,233.7054,2.2184,walk_east_up.1,279.032,0.72,0.13963,0.72,0.13963,Sidewalk
89.5,64.6338,4.019,0.06981,0.68,0.06981,233.3662,2.0265,walk_east_up.1,278.7754,0.68,0.06981,0.68,0.06981,Sidewalk
90.0,65.0338,4.019,-0.0,0.8,-0.13963,232.9662,1.9229,walk_east_up.1,278.1022,0.8,-0.13963,0.8,-0.13963,Sidewalk
90.5,65.3735,4.0309,0.03491,0.68,0.06981,232.6265,1.8067,walk_east_up.1,277.9514,0.68,0.06981,0.68,0.06981,Sidewalk
91.0,65.7333,4.0183,-0.03491,0.72,-0.13963,232.2667,1.7189,walk_east_up.1,277.485,0.72,-0.13963,0.72,-0.13963,Sidewalk
91.5,66.1124,3.9918,-0.06981,0.76,-0.06981,231.8876,1.641,walk_east_up.1,277.0515,0.76,-0.06981,0.76,-0.06981,Sidewalk
92.0,66.5124,3.9918,-0.0,0.8,0.13963,231.4876,1.5706,walk_east_up.1,276.4554,0.8,0.13963,0.8,0.13963,Sidewalk
92.5,66.8922,3.9786,-0.03491,0.76,-0.06981,231.1078,1.4589,walk_east_up.1,276.3691,0.76,-0.06981,0.76,-0.06981,Sidewalk
93.0,67.252,3.966,-0.03491,0.72,-0.0,230.7481,1.3273,walk_east_up.1,276.1851,0.72,-0.0,0.72,-0.0,Sidewalk
93.5,67.6709,3.9367,-0.06981,0.84,-0.06981,230.3291,1.3052,walk_east_up.1,275.4185,0.84,-0.06981,0.84,-0.06981,Sidewalk
94.0,68.0709,3.9367,-0.0,0.8,0.13963,229.9291,1.2142,walk_east_up.1,275.4337,0.8,0.13963,0.8,0.13963,Sidewalk
94.5,68.4907,3.9221,-0.03491,0.84,-0.06981,229.5093,1.1671,walk_east_up.1,275.1477,0.84,-0.06981,0.84,-0.06981,Sidewalk
95.0,68.8505,3.9095,-0.03491,0.72,-0.0,229.1496,1.089,walk_east_up.1,275.2,0.72,-0.0,0.72,-0.0,Sidewalk
95.5,69.3093,3.8774,-0.06981,0.92,-0.06981,228.6907,1.1167,walk_east_up.1,273.9631,0.92,-0.06981,0.92,-0.06981,Sidewalk
96.0,69.7493,3.8774,-0.0,0.88,0.13963,228.2507,1.0557,walk_east_up.1,273.7817,0.88,0.13963,0.88,0.13963,Sidewalk
96.5,70.1691,3.8627,-0.03491,0.84,-0.06981,227.831,0.9933,walk_east_up.1,273.7043,0.84,-0.06981,0.84,-0.06981,Sidewalk
97.0,70.5688,3.8767,0.03491,0.8,0.13963,227.4312,0.8852,walk_east_dn.2,274.5626,0.8,0.13963,0.8,0.13963,Sidewalk
97.5,71.0277,3.9088,0.06981,0.92,0.06981,226.9723,0.7399,walk_east_dn.2,275.5117,0.92,0.06981,0.92,0.06981,Sidewalk
98.0,71.3868,3.9339,0.06981,0.72,-0.0,226.6132,0.6258,walk_east_dn.2,279.6057,0.72,-0.0,0.72,-0.0,Sidewalk
98.5,71.8443,3.982,0.10472,0.92,0.06981,226.1557,0.637,walk_east_dn.2,277.7018,0.92,0.06981,0.92,0.06981,Sidewalk
99.0,72.284,3.9973,0.03491,0.88,-0.13963,225.716,0.6687,walk_east_dn.2,276.1907,0.88,-0.13963,0.88,-0.13963,Sidewalk
99.5,72.7429,4.0294,0.06981,0.92,0.06981,225.2571,0.6573,walk_east_up.1,275.753,0.92,0.06981,0.92,0.06981,Sidewalk
100.0,73.1429,4.0294,-0.0,0.8,-0.13963,224.8571,0.6557,walk_east_up.1,276.074,0.8,-0.13963,0.8,-0.13963,Sidewalk
100.5,73.5627,4.0441,0.03491,0.84,0.06981,224.4373,0.655,walk_east_up.1,275.2131,0.84,0.06981,0.84,0.06981,Sidewalk
101.0,73.8825,4.0553,0.03491,0.64,-0.0,224.1175,0.6989,walk_east_up.1,277.3626,0.64,-0.0,0.64,-0.0,Sidewalk
101.5,74.0767,3.952,-0.48869,0.44,-1.0472,223.9233,0.9584,walk_east_up.1,274.285,0.44,-1.0472,0.44,-1.0472,Sidewalk
102.0,74.1827,3.8956,-0.48869,0.24,-0.0,223.8173,1.2862,walk_east_up.1,270.9634,0.24,-0.0,0.24,-0.0,Sidewalk
102.5,74.3445,3.8167,-0.45379,0.36,0.06981,223.6556,1.6085,walk_east_up.1,269.7859,0.36,0.06981,0.36,0.06981,Sidewalk
103.0,74.5242,3.7291,-0.45379,0.4,-0.0,223.4759,1.9638,walk_east_up.1,268.6557,0.4,-0.0,0.4,-0.0,Sidewalk
103.5,74.7617,3.6233,-0.41888,0.52,0.06981,223.2386,2.2797,walk_east_up.1,267.7219,0.52,0.06981,0.52,0.06981,Sidewalk
104.0,75.0624,3.5139,-0.34907,0.64,0.13963,222.9381,2.5318,walk_east_up.1,267.405,0.64,0.13963,0.64,0.13963,Sidewalk
104.5,75.3478,3.4212,-0.31416,0.6,0.06981,222.653,2.7596,walk_east_up.1,266.4822,0.6,0.06981,0.6,0.06981,Sidewalk
105.0,75.7359,3.3244,-0.24435,0.8,0.13963,222.2651,2.8594,walk_east_up.1,265.8126,0.8,0.13963,0.8,0.13963,Sidewalk
105.5,76.1076,3.2454,-0.20944,0.76,0.06981,221.8937,3.0328,walk_east_up.1,264.7666,0.76,0.06981,0.76,0.06981,Sidewalk
106.0,76.5037,3.1897,-0.13963,0.8,0.13963,221.4978,3.1279,walk_east_up.1,266.1981,0.8,0.13963,0.8,0.13963,Sidewalk
106.5,76.8816,3.15,-0.10472,0.76,0.06981,221.12,3.2694,walk_east_up.1,264.3323,0.76,0.06981,0.76,0.06981,Sidewalk
107.0,77.1614,3.1402,-0.03491,0.56,0.13963,220.8402,3.4812,walk_east_up.1,265.1713,0.56,0.13963,0.56,0.13963,Sidewalk
107.5,77.4214,3.1402,-0.0,0.52,0.06981,220.5802,3.6551,walk_east_up.1,264.2105,0.52,0.06981,0.52,0.06981,Sidewalk
108.0,77.7814,3.1402,-0.0,0.72,-0.0,220.2202,3.794,walk_east_up.1,262.8872,0.72,-0.0,0.72,-0.0,Sidewalk
108.5,78.0812,3.1507,0.03491,0.6,0.06981,219.9204,3.9248,walk_east_up.1,263.174,0.6,0.06981,0.6,0.06981,Sidewalk
109.0,78.481,3.1646,0.03491,0.8,-0.0,219.5206,4.0362,walk_east_up.1,261.8964,0.8,-0.0,0.8,-0.0,Sidewalk
109.5,78.7803,3.1856,0.06981,0.6,0.06981,219.2212,4.2338,walk_east_up.1,262.046,0.6,0.06981,0.6,0.06981,Sidewalk
110.0,79.1793,3.2135,0.06981,0.8,-0.0,218.8221,4.2975,walk_east_up.1,261.0601,0.8,-0.0,0.8,-0.0,Sidewalk
110.5,79.5174,3.249,0.10472,0.68,0.06981,218.4839,4.3505,walk_east_mid.1,260.9615,0.68,0.06981,0.68,0.06981,Sidewalk
111.0,79.8755,3.2866,0.10472,0.72,-0.0,218.1257,4.3305,walk_east_mid.1,260.1442,0.72,-0.0,0.72,-0.0,Sidewalk
111.5,80.2944,3.3159,0.06981,0.84,-0.06981,217.7066,4.3738,walk_east_mid.1,259.386,0.84,-0.06981,0.84,-0.06981,Sidewalk
112.0,80.6536,3.3411,0.06981,0.72,-0.0,217.3474,4.3625,walk_east_mid.1,259.1897,0.72,-0.0,0.72,-0.0,Sidewalk
112.5,80.9934,3.3529,0.03491,0.68,-0.06981,217.0076,4.3381,walk_east_mid.1,258.6574,0.68,-0.06981,0.68,-0.06981,Sidewalk
113.0,81.4309,3.3989,0.10472,0.88,0.13963,216.5699,4.382,walk_east_mid.1,258.1016,0.88,0.13963,0.88,0.13963,Sidewalk
113.5,81.81,3.4254,0.06981,0.76,-0.06981,216.1907,4.3762,walk_east_mid.1,257.6391,0.76,-0.06981,0.76,-0.06981,Sidewalk
114.0,82.2061,3.4811,0.13963,0.8,0.13963,215.7945,4.407,walk_east_mid.1,257.239,0.8,0.13963,0.8,0.13963,Sidewalk
114.5,82.584,3.5208,0.10472,0.76,-0.06981,215.4165,4.3927,walk_east_mid.1,256.879,0.76,-0.06981,0.76,-0.06981,Sidewalk
115.0,82.9386,3.5833,0.17453,0.72,0.13963,215.0618,4.3698,walk_east_mid.1,256.4809,0.72,0.13963,0.72,0.13963,Sidewalk
115.5,83.3494,3.6706,0.20944,0.84,0.06981,214.6509,4.4207,walk_east_mid.1,255.8887,0.84,0.06981,0.84,0.06981,Sidewalk
116.0,83.7455,3.7263,0.13963,0.8,-0.13963,214.2547,4.4285,walk_east_mid.1,255.4845,0.8,-0.13963,0.8,-0.13963,Sidewalk
116.5,84.1591,3.7993,0.17453,0.84,0.06981,213.841,4.412,walk_east_mid.0,255.0821,0.84,0.06981,0.84,0.06981,Sidewalk
117.0,84.5172,3.8369,0.10472,0.72,-0.13963,213.4829,4.3756,walk_east_mid.0,254.7422,0.72,-0.13963,0.72,-0.13963,Sidewalk
117.5,84.8935,3.8898,0.13963,0.76,0.06981,213.1066,4.3197,walk_east_mid.0,254.368,0.76,0.06981,0.76,0.06981,Sidewalk
118.0,85.2925,3.9177,0.06981,0.8,-0.13963,212.7075,4.3033,walk_east_mid.0,253.8811,0.8,-0.13963,0.8,-0.13963,Sidewalk
118.5,85.6306,3.9532,0.10472,0.68,0.06981,212.3694,4.2867,walk_east_mid.0,253.5748,0.68,0.06981,0.68,0.06981,Sidewalk
119.0,86.0304,3.9672,0.03491,0.8,-0.13963,211.9696,4.2209,walk_east_mid.0,253.0497,0.8,-0.13963,0.8,-0.13963,Sidewalk
119.5,86.3695,3.9909,0.06981,0.68,0.06981,211.6305,4.2622,walk_east_mid.0,252.7454,0.68,0.06981,0.68,0.06981,Sidewalk
120.0,86.7295,3.9909,-0.0,0.72,-0.13963,211.2705,4.2676,walk_east_mid.0,252.1325,0.72,-0.13963,0.72,-0.13963,Sidewalk
120.5,87.0693,3.979,-0.03491,0.68,-0.06981,210.9307,4.2765,walk_east_mid.0,251.904,0.68,-0.06981,0.68,-0.06981,Sidewalk
121.0,87.4291,3.9916,0.03491,0.72,0.13963,210.5709,4.2735,walk_east_mid.0,251.2657,0.72,0.13963,0.72,0.13963,Sidewalk
121.5,87.7683,4.0153,0.06981,0.68,0.06981,210.2317,4.2754,walk_east_mid.0,251.0383,0.68,0.06981,0.68,0.06981,Sidewalk
122.0,88.1683,4.0153,-0.0,0.8,-0.13963,209.8317,4.2684,walk_east_mid.0,250.3373,0.8,-0.13963,0.8,-0.13963,Sidewalk
122.5,88.5081,4.0034,-0.03491,0.68,-0.06981,209.4919,4.2942,walk_east_mid.0,250.1635,0.68,-0.06981,0.68,-0.06981,Sidewalk
123.0,88.8279,4.0146,0.03491,0.64,0.13963,209.1721,4.3372,walk_east_mid.0,249.6843,0.64,0.13963,0.64,0.13963,Sidewalk
123.5,89.1671,4.0383,0.06981,0.68,0.06981,208.8329,4.3308,walk_east_mid.0,249.2811,0.68,0.06981,0.68,0.06981,Sidewalk
124.0,89.5671,4.0383,-0.0,0.8,-0.13963,208.4329,4.308,walk_east_mid.0,248.6273,0.8,-0.13963,0.8,-0.13963,Sidewalk
124.5,89.9069,4.0502,0.03491,0.68,0.06981,208.0932,4.3088,walk_east_mid.0,248.4563,0.68,0.06981,0.68,0.06981,Sidewalk
125.0,90.2666,4.0376,-0.03491,0.72,-0.13963,207.7334,4.3134,walk_east_mid.0,247.8197,0.72,-0.13963,0.72,-0.13963,Sidewalk
125.5,90.7266,4.0376,-0.0,0.92,0.06981,207.2734,4.7158,walk_east_mid.1,244.9691,0.92,0.06981,0.92,0.06981,Sidewalk
126.0,91.1666,4.0376,-0.0,0.88,-0.0,206.8334,4.7744,walk_east_mid.1,244.5526,0.88,-0.0,0.88,-0.0,Sidewalk
126.5,91.6264,4.0216,-0.03491,0.92,-0.06981,206.3736,4.8626,walk_east_mid.1,243.8982,0.92,-0.06981,0.92,-0.06981,Sidewalk
127.0,92.0661,4.0062,-0.03491,0.88,-0.0,205.9339,4.9528,walk_east_mid.1,243.4536,0.88,-0.0,0.88,-0.0,Sidewalk
127.5,92.5261,4.0062,-0.0,0.92,0.06981,205.4739,5.0374,walk_east_mid.1,242.7687,0.92,0.06981,0.92,0.06981,Sidewalk
128.0,92.9661,4.0062,-0.0,0.88,-0.0,205.0339,5.147,walk_east_mid.1,242.3483,0.88,-0.0,0.88,-0.0,Sidewalk
128.5,93.4258,3.9902,-0.03491,0.92,-0.06981,204.5742,5.2579,walk_east_mid.1,241.6943,0.92,-0.06981,0.92,-0.06981,Sidewalk
129.0,93.8655,3.9748,-0.03491,0.88,-0.0,204.1345,5.3176,walk_east_mid.1,241.2538,0.88,-0.0,0.88,-0.0,Sidewalk
129.5,94.3255,3.9748,-0.0,0.92,0.06981,203.6745,5.4134,walk_east_mid.1,240.5682,0.92,0.06981,0.92,0.06981,Sidewalk
130.0,94.7655,3.9748,-0.0,0.88,-0.0,203.2345,5.4702,walk_east_mid.1,240.1555,0.88,-0.0,0.88,-0.0,Sidewalk
130.5,95.2253,3.9909,0.03491,0.92,0.06981,202.7747,5.5763,walk_east_mid.1,239.5027,0.92,0.06981,0.92,0.06981,Sidewalk
131.0,95.665,4.0062,0.03491,0.88,-0.0,202.335,5.6192,walk_east_mid.1,239.0649,0.88,-0.0,0.88,-0.0,Sidewalk
131.5,96.125,4.0062,-0.0,0.92,-0.06981,201.875,5.6897,walk_east_mid.1,238.3832,0.92,-0.06981,0.92,-0.06981,Sidewalk
132.0,96.565,4.0062,-0.0,0.88,-0.0,201.435,5.7713,walk_east_mid.1,237.9685,0.88,-0.0,0.88,-0.0,Sidewalk
132.5,97.0247,3.9902,-0.03491,0.92,-0.06981,200.9753,5.8662,walk_east_mid.1,237.3184,0.92,-0.06981,0.92,-0.06981,Sidewalk
133.0,97.4644,3.9748,-0.03491,0.88,-0.0,200.5356,5.9134,walk_east_mid.1,236.8802,0.88,-0.0,0.88,-0.0,Sidewalk
133.5,97.9244,3.9748,-0.0,0.92,0.06981,200.0756,6.0146,walk_east_mid.1,236.1961,0.92,0.06981,0.92,0.06981,Sidewalk
134.0,98.3644,3.9748,-0.0,0.88,-0.0,199.6356,6.0996,walk_east_mid.1,235.7823,0.88,-0.0,0.88,-0.0,Sidewalk
134.5,98.8242,3.9909,0.03491,0.92,0.06981,199.1758,6.1857,walk_east_mid.1,235.1332,0.92,0.06981,0.92,0.06981,Sidewalk
135.0,99.2639,4.0062,0.03491,0.88,-0.0,198.7361,6.26,walk_east_mid.1,234.6939,0.88,-0.0,0.88,-0.0,Sidewalk
135.5,99.7239,4.0062,-0.0,0.92,-0.06981,198.2761,6.3227,walk_east_mid.1,234.0141,0.92,-0.06981,0.92,-0.06981,Sidewalk
136.0,100.1639,4.0062,-0.0,0.88,-0.0,197.8361,6.4314,walk_east_mid.1,233.5988,0.88,-0.0,0.88,-0.0,Sidewalk
136.5,100.6236,3.9902,-0.03491,0.92,-0.06981,197.3764,6.4982,walk_east_mid.1,232.9579,0.92,-0.06981,0.92,-0.06981,Sidewalk
137.0,101.0633,3.9748,-0.03491,0.88,-0.0,196.9367,6.6124,walk_east_mid.1,232.5528,0.88,-0.0,0.88,-0.0,Sidewalk
137.5,101.5233,3.9748,-0.0,0.92,0.06981,196.4767,6.7418,walk_east_mid.1,231.9244,0.92,0.06981,0.92,0.06981,Sidewalk
138.0,101.9633,3.9748,-0.0,0.88,-0.0,196.0367,8.6367,stand_2,231.555,0.88,-0.0,0.88,-0.0,Sidewalk
138.5,102.4231,3.9587,-0.03491,0.92,-0.06981,195.5769,8.1771,stand_2,230.974,0.92,-0.06981,0.92,-0.06981,Sidewalk
139.0,102.8628,3.9434,-0.03491,0.88,-0.0,195.1372,7.7375,stand_2,230.6029,0.88,-0.0,0.88,-0.0,Sidewalk
139.5,103.3228,3.9434,-0.0,0.92,0.06981,194.6772,7.2776,stand_2,230.0324,0.92,0.06981,0.92,0.06981,Sidewalk
140.0,103.7628,3.9434,-0.0,0.88,-0.0,194.2372,6.8376,stand_2,229.7226,0.88,-0.0,0.88,-0.0,Sidewalk
140.5,104.2225,3.9273,-0.03491,0.92,-0.06981,193.7775,6.3781,stand_2,229.2315,0.92,-0.06981,0.92,-0.06981,Sidewalk
141.0,104.6622,3.912,-0.03491,0.88,-0.0,193.3378,5.9386,stand_2,229.0215,0.88,-0.0,0.88,-0.0,Sidewalk
141.5,105.1211,3.8799,-0.06981,0.92,-0.06981,192.8789,5.4805,stand_2,228.6286,0.92,-0.06981,0.92,-0.06981,Sidewalk
142.0,105.5611,3.8799,-0.0,0.88,0.13963,192.4389,5.0407,stand_2,228.5863,0.88,0.13963,0.88,0.13963,Sidewalk
142.5,105.9809,3.8652,-0.03491,0.84,-0.06981,192.0192,4.6216,stand_2,228.6913,0.84,-0.06981,0.84,-0.06981,Sidewalk
143.0,106.3806,3.8792,0.03491,0.8,0.13963,191.6194,4.2216,stand_2,228.5779,0.8,0.13963,0.8,0.13963,Sidewalk
143.5,106.6806,3.8792,-0.0,0.6,-0.06981,191.3194,3.9217,stand_2,228.8556,0.6,-0.06981,0.6,-0.06981,Sidewalk
144.0,106.9599,3.8597,-0.06981,0.56,-0.13963,191.0401,3.6434,stand_2,228.6085,0.56,-0.13963,0.56,-0.13963,Sidewalk
144.5,107.2198,3.8687,0.03491,0.52,0.20944,190.7803,3.3834,stand_2,228.7125,0.52,0.20944,0.52,0.20944,Sidewalk
145.0,107.4596,3.8604,-0.03491,0.48,-0.13963,190.5404,3.1442,stand_2,228.7658,0.48,-0.13963,0.48,-0.13963,Sidewalk
145.5,107.6379,3.8353,-0.13963,0.36,-0.20944,190.3622,2.9676,stand_2,228.7401,0.36,-0.20944,0.36,-0.20944,Sidewalk
146.0,107.7944,3.802,-0.20944,0.32,-0.13963,190.2057,2.8137,stand_2,228.7679,0.32,-0.13963,0.32,-0.13963,Sidewalk
146.5,108.0079,3.7488,-0.24435,0.44,-0.06981,189.9923,2.6058,stand_2,228.7903,0.44,-0.06981,0.44,-0.06981,Sidewalk
147.0,108.122,3.7117,-0.31416,0.24,-0.13963,189.8782,2.4965,stand_2,228.7833,0.24,-0.13963,0.24,-0.13963,Sidewalk
147.5,108.2535,3.6639,-0.34907,0.28,-0.06981,189.7468,2.3726,stand_2,228.7329,0.28,-0.06981,0.28,-0.06981,Sidewalk
148.0,108.3266,3.6313,-0.41888,0.16,-0.13963,189.6737,2.3055,stand_2,228.8514,0.16,-0.13963,0.16,-0.13963,Sidewalk
148.5,108.4345,3.5787,-0.45379,0.24,-0.06981,189.566,2.209,stand_2,228.6667,0.24,-0.06981,0.24,-0.06981,Sidewalk
149.0,108.5603,3.5173,-0.45379,0.28,-0.0,189.4403,2.0995,stand_2,228.7329,0.28,-0.0,0.28,-0.0,Sidewalk
149.5,108.6309,3.4798,-0.48869,0.16,-0.06981,189.3698,2.0405,stand_2,228.7398,0.16,-0.06981,0.16,-0.06981,Sidewalk
150.0,108.7016,3.4422,-0.48869,0.16,-0.0,189.2992,1.9829,stand_2,228.787,0.16,-0.0,0.16,-0.0,Sidewalk
150.5,108.7362,3.4222,-0.5236,0.08,-0.06981,189.2647,1.9558,stand_2,228.8427,0.08,-0.06981,0.08,-0.06981,Sidewalk
151.0,108.8055,3.3822,-0.5236,0.16,-0.0,189.1955,1.9028,stand_2,228.7347,0.16,-0.0,0.16,-0.0,Sidewalk
151.5,108.8394,3.361,-0.55851,0.08,-0.06981,189.1616,1.8781,stand_2,228.8017,0.08,-0.06981,0.08,-0.06981,Sidewalk
152.0,108.8718,3.3375,-0.62832,0.08,-0.13963,189.1294,1.8563,stand_2,228.7791,0.08,-0.13963,0.08,-0.13963,Sidewalk
152.5,108.9381,3.2928,-0.59341,0.16,0.06981,189.0632,1.812,stand_2,228.7522,0.16,0.06981,0.16,0.06981,Sidewalk
153.0,108.9713,3.2704,-0.59341,0.08,-0.0,189.0301,1.7909,stand_2,228.7626,0.08,-0.0,0.08,-0.0,Sidewalk
153.5,109.0036,3.2469,-0.62832,0.08,-0.06981,188.9979,1.7715,stand_2,228.7121,0.08,-0.06981,0.08,-0.06981,Sidewalk
154.0,109.036,3.2234,-0.62832,0.08,-0.0,188.9656,1.7529,stand_2,228.7216,0.08,-0.0,0.08,-0.0,Sidewalk
154.5,109.0692,3.201,-0.59341,0.08,0.06981,188.9325,1.7338,stand_2,228.7745,0.08,0.06981,0.08,0.06981,Sidewalk
155.0,109.0692,3.201,-0.59341,0.0,-0.0,188.9325,1.7338,stand_2,228.8503,0.0,-0.0,0.0,-0.0,Sidewalk
155.5,109.1031,3.1798,-0.55851,0.08,0.06981,188.8987,1.7141,stand_2,228.7742,0.08,0.06981,0.08,0.06981,Sidewalk
156.0,109.1031,3.1798,-0.55851,0.0,-0.0,188.8987,1.7141,stand_2,228.8395,0.0,-0.0,0.0,-0.0,Sidewalk
156.5,109.1377,3.1598,-0.5236,0.08,0.06981,188.8641,1.694,stand_2,228.7762,0.08,0.06981,0.08,0.06981,Sidewalk
157.0,109.1377,3.1598,-0.5236,0.0,-0.0,188.8641,1.694,stand_2,228.8293,0.0,-0.0,0.0,-0.0,Sidewalk
157.5,109.173,3.1411,-0.48869,0.08,0.06981,188.8289,1.6733,stand_2,228.7807,0.08,0.06981,0.08,0.06981,Sidewalk
158.0,109.173,3.1411,-0.48869,0.0,-0.0,188.8289,1.6733,stand_2,228.82,0.0,-0.0,0.0,-0.0,Sidewalk
158.5,109.209,3.1235,-0.45379,0.08,0.06981,188.793,1.6522,stand_2,228.7881,0.08,0.06981,0.08,0.06981,Sidewalk
159.0,109.209,3.1235,-0.45379,0.0,-0.0,188.793,1.6522,stand_2,228.8116,0.0,-0.0,0.0,-0.0,Sidewalk
159.5,109.2455,3.1072,-0.41888,0.08,0.06981,188.7566,1.6305,stand_2,228.7985,0.08,0.06981,0.08,0.06981,Sidewalk
160.0,109.2455,3.1072,-0.41888,0.0,-0.0,188.7566,1.6305,stand_2,228.8044,0.0,-0.0,0.0,-0.0,Sidewalk
160.5,109.2826,3.0923,-0.38397,0.08,0.06981,188.7196,1.6084,stand_2,228.8125,0.08,0.06981,0.08,0.06981,Sidewalk
161.0,109.2826,3.0923,-0.38397,0.0,-0.0,188.7196,1.6084,stand_2,228.7985,0.0,-0.0,0.0,-0.0,Sidewalk
161.5,109.2826,3.0923,-0.34907,0.0,0.06981,188.7196,1.6084,stand_2,228.8069,0.0,0.06981,0.0,0.06981,Sidewalk
162.0,109.2826,3.0923,-0.34907,0.0,-0.0,188.7196,1.6084,stand_2,228.7985,0.0,-0.0,0.0,-0.0,Sidewalk
162.5,109.2826,3.0923,-0.31416,0.0,0.06981,188.7196,1.6084,stand_2,228.8069,0.0,0.06981,0.0,0.06981,Sidewalk
163.0,109.2826,3.0923,-0.31416,0.0,-0.0,188.7196,1.6084,stand_2,228.7985,0.0,-0.0,0.0,-0.0,Sidewalk
163.5,109.2826,3.0923,-0.27925,0.0,0.06981,188.7196,1.6084,stand_2,228.8069,0.0,0.06981,0.0,0.06981,Sidewalk
164.0,109.2826,3.0923,-0.27925,0.0,-0.0,188.7196,1.6084,stand_2,228.7985,0.0,-0.0,0.0,-0.0,Sidewalk
164.5,109.2826,3.0923,-0.24435,0.0,0.06981,188.7196,1.6084,stand_2,228.8069,0.0,0.06981,0.0,0.06981,Sidewalk
165.0,109.2826,3.0923,-0.24435,0.0,-0.0,188.7196,1.6084,stand_2,228.7985,0.0,-0.0,0.0,-0.0,Sidewalk
165.5,109.2826,3.0923,-0.20944,0.0,0.06981,188.7196,1.6084,stand_2,228.8069,0.0,0.06981,0.0,0.06981,Sidewalk
166.0,109.2826,3.0923,-0.20944,0.0,-0.0,188.7196,1.6084,stand_2,228.7985,0.0,-0.0,0.0,-0.0,Sidewalk
166.5,109.2826,3.0923,-0.17453,0.0,0.06981,188.7196,1.6084,stand_2,228.8069,0.0,0.06981,0.0,0.06981,Sidewalk
167.0,109.2826,3.0923,-0.17453,0.0,-0.0,188.7196,1.6084,stand_2,228.7985,0.0,-0.0,0.0,-0.0,Sidewalk
167.5,109.2826,3.0923,-0.13963,0.0,0.06981,188.7196,1.6084,stand_2,228.8069,0.0,0.06981,0.0,0.06981,Sidewalk
168.0,109.2826,3.0923,-0.13963,0.0,-0.0,188.7196,1.6084,stand_2,228.7985,0.0,-0.0,0.0,-0.0,Sidewalk
168.5,109.2826,3.0923,-0.10472,0.0,0.06981,188.7196,1.6084,stand_2,228.8069,0.0,0.06981,0.0,0.06981,Sidewalk
169.0,109.2826,3.0923,-0.10472,0.0,-0.0,188.7196,1.6084,stand_2,228.7985,0.0,-0.0,0.0,-0.0,Sidewalk
169.5,109.2826,3.0923,-0.06981,0.0,0.06981,188.7196,1.6084,stand_2,228.8069,0.0,0.06981,0.0,0.06981,Sidewalk
170.0,109.2826,3.0923,-0.06981,0.0,-0.0,188.7196,1.6084,stand_2,228.7985,0.0,-0.0,0.0,-0.0,Sidewalk
170.5,109.2826,3.0923,-0.03491,0.0,0.06981,188.7196,1.6084,stand_2,228.8069,0.0,0.06981,0.0,0.06981,Sidewalk
171.0,109.2826,3.0923,-0.03491,0.0,-0.0,188.7196,1.6084,stand_2,228.7985,0.0,-0.0,0.0,-0.0,Sidewalk
171.5,109.2826,3.0923,-0.0,0.0,0.06981,188.7196,1.6084,stand_2,228.8069,0.0,0.06981,0.0,0.06981,Sidewalk
172.0,109.2826,3.0923,-0.0,0.0,-0.0,188.7196,1.6084,stand_2,228.7985,0.0,-0.0,0.0,-0.0,Sidewalk
172.5,109.2826,3.0923,0.03491,0.0,0.06981,188.7196,1.6084,stand_2,228.8069,0.0,0.06981,0.0,0.06981,Sidewalk
173.0,109.2826,3.0923,0.03491,0.0,-0.0,188.7196,1.6084,stand_2,228.7985,0.0,-0.0,0.0,-0.0,Sidewalk
173.5,109.2826,3.0923,0.06981,0.0,0.06981,188.7196,1.6084,stand_2,228.8069,0.0,0.06981,0.0,0.06981,Sidewalk
174.0,109.2826,3.0923,0.06981,0.0,-0.0,188.7196,1.6084,stand_2,228.7985,0.0,-0.0,0.0,-0.0,Sidewalk
174.5,109.2826,3.0923,0.10472,0.0,0.06981,188.7196,1.6084,stand_2,228.8069,0.0,0.06981,0.0,0.06981,Sidewalk
175.0,109.2826,3.0923,0.10472,0.0,-0.0,188.7196,1.6084,stand_2,228.7985,0.0,-0.0,0.0,-0.0,Sidewalk
175.5,109.2826,3.0923,0.13963,0.0,0.06981,188.7196,1.6084,stand_2,228.8069,0.0,0.06981,0.0,0.06981,Sidewalk
176.0,109.2826,3.0923,0.13963,0.0,-0.0,188.7196,1.6084,stand_2,228.7985,0.0,-0.0,0.0,-0.0,Sidewalk
176.5,109.2826,3.0923,0.17453,0.0,0.06981,188.7196,1.6084,stand_2,228.8069,0.0,0.06981,0.0,0.06981,Sidewalk
177.0,109.2826,3.0923,0.17453,0.0,-0.0,188.7196,1.6084,stand_2,228.7985,0.0,-0.0,0.0,-0.0,Sidewalk
177.5,109.2826,3.0923,0.20944,0.0,0.06981,188.7196,1.6084,stand_2,228.8069,0.0,0.06981,0.0,0.06981,Sidewalk
178.0,109.2826,3.0923,0.20944,0.0,-0.0,188.7196,1.6084,stand_2,228.7985,0.0,-0.0,0.0,-0.0,Sidewalk
178.5,109.2826,3.0923,0.24435,0.0,0.06981,188.7196,1.6084,stand_2,228.8069,0.0,0.06981,0.0,0.06981,Sidewalk
179.0,109.2826,3.0923,0.24435,0.0,-0.0,188.7196,1.6084,stand_2,228.7985,0.0,-0.0,0.0,-0.0,Sidewalk
179.5,109.2826,3.0923,0.27925,0.0,0.06981,188.7196,1.6084,stand_2,228.8069,0.0,0.06981,0.0,0.06981,Sidewalk
180.0,109.2826,3.0923,0.27925,0.0,-0.0,188.7196,1.6084,stand_2,228.7985,0.0,-0.0,0.0,-0.0,Sidewalk
180.5,109.2826,3.0923,0.31416,0.0,0.06981,188.7196,1.6084,stand_2,228.8069,0.0,0.06981,0.0,0.06981,Sidewalk
181.0,109.2826,3.0923,0.31416,0.0,-0.0,188.7196,1.6084,stand_2,228.7985,0.0,-0.0,0.0,-0.0,Sidewalk
181.5,109.2826,3.0923,0.34907,0.0,0.06981,188.7196,1.6084,stand_2,228.8069,0.0,0.06981,0.0,0.06981,Sidewalk
182.0,109.2826,3.0923,0.34907,0.0,-0.0,188.7196,1.6084,stand_2,228.7985,0.0,-0.0,0.0,-0.0,Sidewalk
182.5,109.2826,3.0923,0.38397,0.0,0.06981,188.7196,1.6084,stand_2,228.8069,0.0,0.06981,0.0,0.06981,Sidewalk
183.0,109.2826,3.0923,0.38397,0.0,-0.0,188.7196,1.6084,stand_2,228.7985,0.0,-0.0,0.0,-0.0,Sidewalk
183.5,109.2826,3.0923,0.41888,0.0,0.06981,188.7196,1.6084,stand_2,228.8069,0.0,0.06981,0.0,0.06981,Sidewalk
184.0,109.2826,3.0923,0.41888,0.0,-0.0,188.7196,1.6084,stand_2,228.7985,0.0,-0.0,0.0,-0.0,Sidewalk
184.5,109.2826,3.0923,0.45379,0.0,0.06981,188.7196,1.6084,stand_2,228.8069,0.0,0.06981,0.0,0.06981,Sidewalk
185.0,109.2826,3.0923,0.45379,0.0,-0.0,188.7196,1.6084,stand_2,228.7985,0.0,-0.0,0.0,-0.0,Sidewalk
185.5,109.2826,3.0923,0.48869,0.0,0.06981,188.7196,1.6084,stand_2,228.8069,0.0,0.06981,0.0,0.06981,Sidewalk
186.0,109.2826,3.0923,0.48869,0.0,-0.0,188.7196,1.6084,stand_2,228.7985,0.0,-0.0,0.0,-0.0,Sidewalk
186.5,109.2826,3.0923,0.5236,0.0,0.06981,188.7196,1.6084,stand_2,228.8069,0.0,0.06981,0.0,0.06981,Sidewalk
187.0,109.2826,3.0923,0.5236,0.0,-0.0,188.7196,1.6084,stand_2,228.7985,0.0,-0.0,0.0,-0.0,Sidewalk
187.5,109.2826,3.0923,0.55851,0.0,0.06981,188.7196,1.6084,stand_2,228.8069,0.0,0.06981,0.0,0.06981,Sidewalk
188.0,109.2826,3.0923,0.55851,0.0,-0.0,188.7196,1.6084,stand_2,228.7985,0.0,-0.0,0.0,-0.0,Sidewalk
188.5,109.2826,3.0923,0.59341,0.0,0.06981,188.7196,1.6084,stand_2,228.8069,0.0,0.06981,0.0,0.06981,Sidewalk
189.0,109.2826,3.0923,0.59341,0.0,-0.0,188.7196,1.6084,stand_2,228.7985,0.0,-0.0,0.0,-0.0,Sidewalk
189.5,109.2826,3.0923,0.62832,0.0,0.06981,188.7196,1.6084,stand_2,228.8069,0.0,0.06981,0.0,0.06981,Sidewalk
190.0,109.2826,3.0923,0.62832,0.0,-0.0,188.7196,1.6084,stand_2,228.7985,0.0,-0.0,0.0,-0.0,Sidewalk
190.5,109.2826,3.0923,0.66323,0.0,0.06981,188.7196,1.6084,stand_2,228.8069,0.0,0.06981,0.0,0.06981,Sidewalk
191.0,109.2826,3.0923,0.66323,0.0,-0.0,188.7196,1.6084,stand_2,228.7985,0.0,-0.0,0.0,-0.0,Sidewalk
191.5,109.2826,3.0923,0.69813,0.0,0.06981,188.7196,1.6084,stand_2,228.8069,0.0,0.06981,0.0,0.06981,Sidewalk
192.0,109.2826,3.0923,0.69813,0.0,-0.0,188.7196,1.6084,stand_2,228.7985,0.0,-0.0,0.0,-0.0,Sidewalk
192.5,109.2826,3.0923,0.73304,0.0,0.06981,188.7196,1.6084,stand_2,228.8069,0.0,0.06981,0.0,0.06981,Sidewalk
193.0,109.2826,3.0923,0.73304,0.0,-0.0,188.7196,1.6084,stand_2,228.7985,0.0,-0.0,0.0,-0.0,Sidewalk
193.5,109.2826,3.0923,0.76794,0.0,0.06981,188.7196,1.6084,stand_2,228.8069,0.0,0.06981,0.0,0.06981,Sidewalk
194.0,109.2826,3.0923,0.76794,0.0,-0.0,188.7196,1.6084,stand_2,228.7985,0.0,-0.0,0.0,-0.0,Sidewalk
194.5,109.2826,3.0923,0.80285,0.0,0.06981,188.7196,1.6084,stand_2,228.8069,0.0,0.06981,0.0,0.06981,Sidewalk
195.0,109.2826,3.0923,0.80285,0.0,-0.0,188.7196,1.6084,stand_2,228.7985,0.0,-0.0,0.0,-0.0,Sidewalk
195.5,109.2826,3.0923,0.83776,0.0,0.06981,188.7196,1.6084,stand_2,228.8069,0.0,0.06981,0.0,0.06981,Sidewalk
196.0,109.2826,3.0923,0.83776,0.0,-0.0,188.7196,1.6084,stand_2,228.7985,0.0,-0.0,0.0,-0.0,Sidewalk
196.5,109.2826,3.0923,0.87266,0.0,0.06981,188.7196,1.6084,stand_2,228.8069,0.0,0.06981,0.0,0.06981,Sidewalk
197.0,109.2826,3.0923,0.87266,0.0,-0.0,188.7196,1.6084,stand_2,228.7985,0.0,-0.0,0.0,-0.0,Sidewalk
197.5,109.2826,3.0923,0.90757,0.0,0.06981,188.7196,1.6084,stand_2,228.8069,0.0,0.06981,0.0,0.06981,Sidewalk
198.0,109.2826,3.0923,0.90757,0.0,-0.0,188.7196,1.6084,stand_2,228.7985,0.0,-0.0,0.0,-0.0,Sidewalk
198.5,109.2826,3.0923,0.94248,0.0,0.06981,188.7196,1.6084,stand_2,228.8069,0.0,0.06981,0.0,0.06981,Sidewalk
199.0,109.2826,3.0923,0.94248,0.0,-0.0,188.7196,1.6084,stand_2,228.7985,0.0,-0.0,0.0,-0.0,Sidewalk
199.5,109.2826,3.0923,0.97738,0.0,0.06981,188.7196,1.6084,stand_2,228.8069,0.0,0.06981,0.0,0.06981,Sidewalk
200.0,109.2826,3.0923,0.97738,0.0,-0.0,188.7196,1.6084,stand_2,228.7985,0.0,-0.0,0.0,-0.0,Sidewalk
200.5,109.2826,3.0923,1.01229,0.0,0.06981,188.7196,1.6084,stand_2,228.8069,0.0,0.06981,0.0,0.06981,Sidewalk
201.0,109.2826,3.0923,1.01229,0.0,-0.0,188.7196,1.6084,stand_2,228.7985,0.0,-0.0,0.0,-0.0,Sidewalk
201.5,109.2826,3.0923,1.0472,0.0,0.06981,188.7196,1.6084,stand_2,228.8069,0.0,0.06981,0.0,0.06981,Sidewalk
202.0,109.2826,3.0923,1.0472,0.0,-0.0,188.7196,1.6084,stand_2,228.7985,0.0,-0.0,0.0,-0.0,Sidewalk
202.5,109.2826,3.0923,1.0821,0.0,0.06981,188.7196,1.6084,stand_2,228.8069,0.0,0.06981,0.0,0.06981,Sidewalk
203.0,109.2826,3.0923,1.0821,0.0,-0.0,188.7196,1.6084,stand_2,228.7985,0.0,-0.0,0.0,-0.0,Sidewalk
203.5,109.2826,3.0923,1.11701,0.0,0.06981,188.7196,1.6084,stand_2,228.8069,0.0,0.06981,0.0,0.06981,Sidewalk
204.0,109.2826,3.0923,1.11701,0.0,-0.0,188.7196,1.6084,stand_2,228.7985,0.0,-0.0,0.0,-0.0,Sidewalk
204.5,109.2826,3.0923,1.15192,0.0,0.06981,188.7196,1.6084,stand_2,228.8069,0.0,0.06981,0.0,0.06981,Sidewalk
205.0,109.2826,3.0923,1.15192,0.0,-0.0,188.7196,1.6084,stand_2,228.7985,0.0,-0.0,0.0,-0.0,Sidewalk
205.5,109.2826,3.0923,1.18682,0.0,0.06981,188.7196,1.6084,stand_2,228.8069,0.0,0.06981,0.0,0.06981,Sidewalk
206.0,109.2826,3.0923,1.18682,0.0,-0.0,188.7196,1.6084,stand_2,228.7985,0.0,-0.0,0.0,-0.0,Sidewalk
206.5,109.2826,3.0923,1.22173,0.0,0.06981,188.7196,1.6084,stand_2,228.8069,0.0,0.06981,0.0,0.06981,Sidewalk
207.0,109.2826,3.0923,1.22173,0.0,-0.0,188.7196,1.6084,stand_2,228.7985,0.0,-0.0,0.0,-0.0,Sidewalk
207.5,109.2826,3.0923,1.25664,0.0,0.06981,188.7196,1.6084,stand_2,228.8069,0.0,0.06981,0.0,0.06981,Sidewalk
208.0,109.2826,3.0923,1.25664,0.0,-0.0,188.7196,1.6084,stand_2,228.7985,0.0,-0.0,0.0,-0.0,Sidewalk
208.5,109.2826,3.0923,1.29154,0.0,0.06981,188.7196,1.6084,stand_2,228.8069,0.0,0.06981,0.0,0.06981,Sidewalk
209.0,109.2826,3.0923,1.29154,0.0,-0.0,188.7196,1.6084,stand_2,228.7985,0.0,-0.0,0.0,-0.0,Sidewalk
209.5,109.2826,3.0923,1.32645,0.0,0.06981,188.7196,1.6084,stand_2,228.8069,0.0,0.06981,0.0,0.06981,Sidewalk
210.0,109.2826,3.0923,1.32645,0.0,-0.0,188.7196,1.6084,stand_2,228.7985,0.0,-0.0,0.0,-0.0,Sidewalk
210.5,109.2826,3.0923,1.36136,0.0,0.06981,188.7196,1.6084,stand_2,228.8069,0.0,0.06981,0.0,0.06981,Sidewalk
211.0,109.2826,3.0923,1.36136,0.0,-0.0,188.7196,1.6084,stand_2,228.7985,0.0,-0.0,0.0,-0.0,Sidewalk
211.5,109.2826,3.0923,1.39626,0.0,0.06981,188.7196,1.6084,stand_2,228.8069,0.0,0.06981,0.0,0.06981,Sidewalk
212.0,109.2826,3.0923,1.39626,0.0,-0.0,188.7196,1.6084,stand_2,228.7985,0.0,-0.0,0.0,-0.0,Sidewalk
212.5,109.2826,3.0923,1.43117,0.0,0.06981,188.7196,1.6084,stand_2,228.8069,0.0,0.06981,0.0,0.06981,Sidewalk
213.0,109.2826,3.0923,1.43117,0.0,-0.0,188.7196,1.6084,stand_2,228.7985,0.0,-0.0,0.0,-0.0,Sidewalk
213.5,109.2826,3.0923,1.46608,0.0,0.06981,188.7196,1.6084,stand_2,228.8069,0.0,0.06981,0.0,0.06981,Sidewalk
214.0,109.2826,3.0923,1.46608,0.0,-0.0,188.7196,1.6084,stand_2,228.7985,0.0,-0.0,0.0,-0.0,Sidewalk
214.5,109.2826,3.0923,1.50098,0.0,0.06981,188.7196,1.6084,stand_2,228.8069,0.0,0.06981,0.0,0.06981,Sidewalk
215.0,109.2826,3.0923,1.50098,0.0,-0.0,188.7196,1.6084,stand_2,228.7985,0.0,-0.0,0.0,-0.0,Sidewalk
215.5,109.2826,3.0923,1.53589,0.0,0.06981,188.7196,1.6084,stand_2,228.8069,0.0,0.06981,0.0,0.06981,Sidewalk
216.0,109.2826,3.0923,1.53589,0.0,-0.0,188.7196,1.6084,stand_2,228.7985,0.0,-0.0,0.0,-0.0,Sidewalk
216.5,109.2826,3.0923,1.5708,0.0,0.06981,188.7196,1.6084,stand_2,228.8069,0.0,0.06981,0.0,0.06981,Sidewalk
217.0,109.2826,3.0923,1.5708,0.0,-0.0,188.7196,1.6084,stand_2,228.7985,0.0,-0.0,0.0,-0.0,Sidewalk
217.5,109.2826,3.0923,1.6057,0.0,0.06981,188.7196,1.6084,stand_2,228.8069,0.0,0.06981,0.0,0.06981,Sidewalk
218.0,109.2826,3.0923,1.6057,0.0,-0.0,188.7196,1.6084,stand_2,228.7985,0.0,-0.0,0.0,-0.0,Sidewalk
218.5,109.2826,3.0923,1.64061,0.0,0.06981,188.7196,1.6084,stand_2,228.8069,0.0,0.06981,0.0,0.06981,Sidewalk
219.0,109.2826,3.0923,1.64061,0.0,-0.0,188.7196,1.6084,stand_2,228.7985,0.0,-0.0,0.0,-0.0,Sidewalk
219.5,109.2826,3.0923,1.67552,0.0,0.06981,188.7196,1.6084,stand_2,228.8069,0.0,0.06981,0.0,0.06981,Sidewalk
220.0,109.2826,3.0923,1.67552,0.0,-0.0,188.7196,1.6084,stand_2,228.7985,0.0,-0.0,0.0,-0.0,Sidewalk
220.5,109.2826,3.0923,1.71042,0.0,0.06981,188.7196,1.6084,stand_2,228.8069,0.0,0.06981,0.0,0.06981,Sidewalk
221.0,109.2826,3.0923,1.71042,0.0,-0.0,188.7196,1.6084,stand_2,228.7985,0.0,-0.0,0.0,-0.0,Sidewalk
221.5,109.2826,3.0923,1.74533,0.0,0.06981,188.7196,1.6084,stand_2,228.8069,0.0,0.06981,0.0,0.06981,Sidewalk
222.0,109.2826,3.0923,1.74533,0.0,-0.0,188.7196,1.6084,stand_2,228.7985,0.0,-0.0,0.0,-0.0,Sidewalk
222.5,109.2826,3.0923,1.78024,0.0,0.06981,188.7196,1.6084,stand_2,228.8069,0.0,0.06981,0.0,0.06981,Sidewalk
223.0,109.2826,3.0923,1.78024,0.0,-0.0,188.7196,1.6084,stand_2,228.7985,0.0,-0.0,0.0,-0.0,Sidewalk
223.5,109.2826,3.0923,1.81514,0.0,0.06981,188.7196,1.6084,stand_2,228.8069,0.0,0.06981,0.0,0.06981,Sidewalk
224.0,109.2826,3.0923,1.81514,0.0,-0.0,188.7196,1.6084,stand_2,228.7985,0.0,-0.0,0.0,-0.0,Sidewalk
224.5,109.2826,3.0923,1.85005,0.0,0.06981,188.7196,1.6084,stand_2,228.8069,0.0,0.06981,0.0,0.06981,Sidewalk
225.0,109.2826,3.0923,1.85005,0.0,-0.0,188.7196,1.6084,stand_2,228.7985,0.0,-0.0,0.0,-0.0,Sidewalk
225.5,109.2826,3.0923,1.88496,0.0,0.06981,188.7196,1.6084,stand_2,228.8069,0.0,0.06981,0.0,0.06981,Sidewalk
226.0,109.2826,3.0923,1.88496,0.0,-0.0,188.7196,1.6084,stand_2,228.7985,0.0,-0.0,0.0,-0.0,Sidewalk
226.5,109.2826,3.0923,1.91986,0.0,0.06981,188.7196,1.6084,stand_2,228.8069,0.0,0.06981,0.0,0.06981,Sidewalk
227.0,109.2826,3.0923,1.91986,0.0,-0.0,188.7196,1.6084,stand_2,228.7985,0.0,-0.0,0.0,-0.0,Sidewalk
227.5,109.2826,3.0923,1.95477,0.0,0.06981,188.7196,1.6084,stand_2,228.8069,0.0,0.06981,0.0,0.06981,Sidewalk
228.0,109.2826,3.0923,1.95477,0.0,-0.0,188.7196,1.6084,stand_2,228.7985,0.0,-0.0,0.0,-0.0,Sidewalk
228.5,109.2826,3.0923,1.98968,0.0,0.06981,188.7196,1.6084,stand_2,228.8069,0.0,0.06981,0.0,0.06981,Sidewalk
229.0,109.2826,3.0923,1.98968,0.0,-0.0,188.7196,1.6084,stand_2,228.7985,0.0,-0.0,0.0,-0.0,Sidewalk
229.5,109.2826,3.0923,2.02458,0.0,0.06981,188.7196,1.6084,stand_2,228.8069,0.0,0.06981,0.0,0.06981,Sidewalk
230.0,109.2826,3.0923,2.02458,0.0,-0.0,188.7196,1.6084,stand_2,228.7985,0.0,-0.0,0.0,-0.0,Sidewalk
230.5,109.2826,3.0923,2.05949,0.0,0.06981,188.7196,1.6084,stand_2,228.8069,0.0,0.06981,0.0,0.06981,Sidewalk
231.0,109.2826,3.0923,2.05949,0.0,-0.0,188.7196,1.6084,stand_2,228.7985,0.0,-0.0,0.0,-0.0,Sidewalk
231.5,109.2826,3.0923,2.0944,0.0,0.06981,188.7196,1.6084,stand_2,228.8069,0.0,0.06981,0.0,0.06981,Sidewalk
232.0,109.2826,3.0923,2.0944,0.0,-0.0,188.7196,1.6084,stand_2,228.7985,0.0,-0.0,0.0,-0.0,Sidewalk
232.5,109.2826,3.0923,2.1293,0.0,0.06981,188.7196,1.6084,stand_2,228.8069,0.0,0.06981,0.0,0.06981,Sidewalk
233.0,109.2826,3.0923,2.1293,0.0,-0.0,188.7196,1.6084,stand_2,228.7985,0.0,-0.0,0.0,-0.0,Sidewalk
233.5,109.2826,3.0923,2.16421,0.0,0.06981,188.7196,1.6084,stand_2,228.8069,0.0,0.06981,0.0,0.06981,Sidewalk
234.0,109.2826,3.0923,2.16421,0.0,-0.0,188.7196,1.6084,stand_2,228.7985,0.0,-0.0,0.0,-0.0,Sidewalk
234.5,109.2826,3.0923,2.19911,0.0,0.06981,188.7196,1.6084,stand_2,228.8069,0.0,0.06981,0.0,0.06981,Sidewalk
235.0,109.2826,3.0923,2.19911,0.0,-0.0,188.7196,1.6084,stand_2,228.7985,0.0,-0.0,0.0,-0.0,Sidewalk
235.5,109.2826,3.0923,2.23402,0.0,0.06981,188.7196,1.6084,stand_2,228.8069,0.0,0.06981,0.0,0.06981,Sidewalk
236.0,109.2826,3.0923,2.23402,0.0,-0.0,188.7196,1.6084,stand_2,228.7985,0.0,-0.0,0.0,-0.0,Sidewalk
236.5,109.2826,3.0923,2.26893,0.0,0.06981,188.7196,1.6084,stand_2,228.8069,0.0,0.06981,0.0,0.06981,Sidewalk
237.0,109.2826,3.0923,2.26893,0.0,-0.0,188.7196,1.6084,stand_2,228.7985,0.0,-0.0,0.0,-0.0,Sidewalk
237.5,109.2826,3.0923,2.30383,0.0,0.06981,188.7196,1.6084,stand_2,228.8069,0.0,0.06981,0.0,0.06981,Sidewalk
238.0,109.2826,3.0923,2.30383,0.0,-0.0,188.7196,1.6084,stand_2,228.7985,0.0,-0.0,0.0,-0.0,Sidewalk
238.5,109.2826,3.0923,2.33874,0.0,0.06981,188.7196,1.6084,stand_2,228.8069,0.0,0.06981,0.0,0.06981,Sidewalk
239.0,109.2826,3.0923,2.33874,0.0,-0.0,188.7196,1.6084,stand_2,228.7985,0.0,-0.0,0.0,-0.0,Sidewalk
239.5,109.2826,3.0923,2.37365,0.0,0.06981,188.7196,1.6084,stand_2,228.8069,0.0,0.06981,0.0,0.06981,Sidewalk
240.0,109.2826,3.0923,2.37365,0.0,-0.0,188.7196,1.6084,stand_2,228.7985,0.0,-0.0,0.0,-0.0,Sidewalk
240.5,109.2826,3.0923,2.40855,0.0,0.06981,188.7196,1.6084,stand_2,228.8069,0.0,0.06981,0.0,0.06981,Sidewalk
241.0,109.2826,3.0923,2.40855,0.0,-0.0,188.7196,1.6084,stand_2,228.7985,0.0,-0.0,0.0,-0.0,Sidewalk
241.5,109.2826,3.0923,2.44346,0.0,0.06981,188.7196,1.6084,stand_2,228.8069,0.0,0.06981,0.0,0.06981,Sidewalk
242.0,109.2826,3.0923,2.44346,0.0,-0.0,188.7196,1.6084,stand_2,228.7985,0.0,-0.0,0.0,-0.0,Sidewalk
242.5,109.2826,3.0923,2.47837,0.0,0.06981,188.7196,1.6084,stand_2,228.8069,0.0,0.06981,0.0,0.06981,Sidewalk
243.0,109.2826,3.0923,2.47837,0.0,-0.0,188.7196,1.6084,stand_2,228.7985,0.0,-0.0,0.0,-0.0,Sidewalk
243.5,109.2826,3.0923,2.51327,0.0,0.06981,188.7196,1.6084,stand_2,228.8069,0.0,0.06981,0.0,0.06981,Sidewalk
244.0,109.2826,3.0923,2.51327,0.0,-0.0,188.7196,1.6084,stand_2,228.7985,0.0,-0.0,0.0,-0.0,Sidewalk
244.5,109.2826,3.0923,2.54818,0.0,0.06981,188.7196,1.6084,stand_2,228.8069,0.0,0.06981,0.0,0.06981,Sidewalk
245.0,109.2826,3.0923,2.54818,0.0,-0.0,188.7196,1.6084,stand_2,228.7985,0.0,-0.0,0.0,-0.0,Sidewalk
245.5,109.2826,3.0923,2.58309,0.0,0.06981,188.7196,1.6084,stand_2,228.8069,0.0,0.06981,0.0,0.06981,Sidewalk
246.0,109.2826,3.0923,2.58309,0.0,-0.0,188.7196,1.6084,stand_2,228.7985,0.0,-0.0,0.0,-0.0,Sidewalk
246.5,109.2826,3.0923,2.61799,0.0,0.06981,188.7196,1.6084,stand_2,228.8069,0.0,0.06981,0.0,0.06981,Sidewalk
247.0,109.2826,3.0923,2.61799,0.0,-0.0,188.7196,1.6084,stand_2,228.7985,0.0,-0.0,0.0,-0.0,Sidewalk
247.5,109.2826,3.0923,2.6529,0.0,0.06981,188.7196,1.6084,stand_2,228.8069,0.0,0.06981,0.0,0.06981,Sidewalk
248.0,109.2826,3.0923,2.6529,0.0,-0.0,188.7196,1.6084,stand_2,228.7985,0.0,-0.0,0.0,-0.0,Sidewalk
248.5,109.2826,3.0923,2.68781,0.0,0.06981,188.7196,1.6084,stand_2,228.8069,0.0,0.06981,0.0,0.06981,Sidewalk
249.0,109.2826,3.0923,2.68781,0.0,-0.0,188.7196,1.6084,stand_2,228.7985,0.0,-0.0,0.0,-0.0,Sidewalk
249.5,109.2826,3.0923,2.72271,0.0,0.06981,188.7196,1.6084,stand_2,228.8069,0.0,0.06981,0.0,0.06981,Sidewalk
250.0,109.2826,3.0923,2.72271,0.0,-0.0,188.7196,1.6084,stand_2,228.7985,0.0,-0.0,0.0,-0.0,Sidewalk
250.5,109.2826,3.0923,2.75762,0.0,0.06981,188.7196,1.6084,stand_2,228.8069,0.0,0.06981,0.0,0.06981,Sidewalk
251.0,109.2826,3.0923,2.75762,0.0,-0.0,188.7196,1.6084,stand_2,228.7985,0.0,-0.0,0.0,-0.0,Sidewalk
251.5,109.2826,3.0923,2.79253,0.0,0.06981,188.7196,1.6084,stand_2,228.8069,0.0,0.06981,0.0,0.06981,Sidewalk
252.0,109.2826,3.0923,2.79253,0.0,-0.0,188.7196,1.6084,stand_2,228.7985,0.0,-0.0,0.0,-0.0,Sidewalk
252.5,109.2826,3.0923,2.82743,0.0,0.06981,188.7196,1.6084,stand_2,228.8069,0.0,0.06981,0.0,0.06981,Sidewalk
253.0,109.2826,3.0923,2.82743,0.0,-0.0,188.7196,1.6084,stand_2,228.7985,0.0,-0.0,0.0,-0.0,Sidewalk
253.5,109.2826,3.0923,2.86234,0.0,0.06981,188.7196,1.6084,stand_2,228.8069,0.0,0.06981,0.0,0.06981,Sidewalk
254.0,109.2826,3.0923,2.86234,0.0,-0.0,188.7196,1.6084,stand_2,228.7985,0.0,-0.0,0.0,-0.0,Sidewalk
254.5,109.2826,3.0923,2.89725,0.0,0.06981,188.7196,1.6084,stand_2,228.8069,0.0,0.06981,0.0,0.06981,Sidewalk
255.0,109.2826,3.0923,2.89725,0.0,-0.0,188.7196,1.6084,stand_2,228.7985,0.0,-0.0,0.0,-0.0,Sidewalk
255.5,109.2826,3.0923,2.93215,0.0,0.06981,188.7196,1.6084,stand_2,228.8069,0.0,0.06981,0.0,0.06981,Sidewalk
256.0,109.2826,3.0923,2.93215,0.0,-0.0,188.7196,1.6084,stand_2,228.7985,0.0,-0.0,0.0,-0.0,Sidewalk
256.5,109.2826,3.0923,2.96706,0.0,0.06981,188.7196,1.6084,stand_2,228.8069,0.0,0.06981,0.0,0.06981,Sidewalk
257.0,109.2826,3.0923,2.96706,0.0,-0.0,188.7196,1.6084,stand_2,228.7985,0.0,-0.0,0.0,-0.0,Sidewalk
257.5,109.2826,3.0923,3.00197,0.0,0.06981,188.7196,1.6084,stand_2,228.8069,0.0,0.06981,0.0,0.06981,Sidewalk
258.0,109.2826,3.0923,3.00197,0.0,-0.0,188.7196,1.6084,stand_2,228.7985,0.0,-0.0,0.0,-0.0,Sidewalk
258.5,109.2826,3.0923,3.03687,0.0,0.06981,188.7196,1.6084,stand_2,228.8069,0.0,0.06981,0.0,0.06981,Sidewalk
259.0,109.2826,3.0923,3.03687,0.0,-0.0,188.7196,1.6084,stand_2,228.7985,0.0,-0.0,0.0,-0.0,Sidewalk
259.5,109.2826,3.0923,3.07178,0.0,0.06981,188.7196,1.6084,stand_2,228.8069,0.0,0.06981,0.0,0.06981,Sidewalk
260.0,109.2826,3.0923,3.07178,0.0,-0.0,188.7196,1.6084,stand_2,228.7985,0.0,-0.0,0.0,-0.0,Sidewalk
260.5,109.2826,3.0923,3.10669,0.0,0.06981,188.7196,1.6084,stand_2,228.8069,0.0,0.06981,0.0,0.06981,Sidewalk
261.0,109.2826,3.0923,3.10669,0.0,-0.0,188.7196,1.6084,stand_2,228.7985,0.0,-0.0,0.0,-0.0,Sidewalk
261.5,109.2826,3.0923,3.14159,0.0,0.06981,188.7196,1.6084,stand_2,228.8069,0.0,0.06981,0.0,0.06981,Sidewalk
262.0,109.2826,3.0923,3.14159,0.0,-0.0,188.7196,1.6084,stand_2,228.7985,0.0,-0.0,0.0,-0.0,Sidewalk
262.5,109.2826,3.0923,-3.10669,0.0,0.06981,188.7196,1.6084,stand_2,228.8069,0.0,0.06981,0.0,0.06981,Sidewalk
263.0,109.2826,3.0923,-3.10669,0.0,-0.0,188.7196,1.6084,stand_2,228.7985,0.0,-0.0,0.0,-0.0,Sidewalk
263.5,109.2826,3.0923,-3.07178,0.0,0.06981,188.7196,1.6084,stand_2,228.8069,0.0,0.06981,0.0,0.06981,Sidewalk
264.0,109.2826,3.0923,-3.07178,0.0,-0.0,188.7196,1.6084,stand_2,228.7985,0.0,-0.0,0.0,-0.0,Sidewalk
264.5,109.2826,3.0923,-3.03687,0.0,0.06981,188.7196,1.6084,stand_2,228.8069,0.0,0.06981,0.0,0.06981,Sidewalk
265.0,109.2826,3.0923,-3.03687,0.0,-0.0,188.7196,1.6084,stand_2,228.7985,0.0,-0.0,0.0,-0.0,Sidewalk
265.5,109.2826,3.0923,-3.00197,0.0,0.06981,188.7196,1.6084,stand_2,228.8069,0.0,0.06981,0.0,0.06981,Sidewalk
266.0,109.2826,3.0923,-3.00197,0.0,-0.0,188.7196,1.6084,stand_2,228.7985,0.0,-0.0,0.0,-0.0,Sidewalk
266.5,109.2826,3.0923,-2.96706,0.0,0.06981,188.7196,1.6084,stand_2,228.8069,0.0,0.06981,0.0,0.06981,Sidewalk
267.0,109.2826,3.0923,-2.96706,0.0,-0.0,188.7196,1.6084,stand_2,228.7985,0.0,-0.0,0.0,-0.0,Sidewalk
267.5,109.2826,3.0923,-2.93215,0.0,0.06981,188.7196,1.6084,stand_2,228.8069,0.0,0.06981,0.0,0.06981,Sidewalk
268.0,109.2826,3.0923,-2.93215,0.0,-0.0,188.7196,1.6084,stand_2,228.7985,0.0,-0.0,0.0,-0.0,Sidewalk
268.5,109.2826,3.0923,-2.89725,0.0,0.06981,188.7196,1.6084,stand_2,228.8069,0.0,0.06981,0.0,0.06981,Sidewalk
269.0,109.2826,3.0923,-2.89725,0.0,-0.0,188.7196,1.6084,stand_2,228.7985,0.0,-0.0,0.0,-0.0,Sidewalk
269.5,109.2826,3.0923,-2.86234,0.0,0.06981,188.7196,1.6084,stand_2,228.8069,0.0,0.06981,0.0,0.06981,Sidewalk
270.0,109.2826,3.0923,-2.86234,0.0,-0.0,188.7196,1.6084,stand_2,228.7985,0.0,-0.0,0.0,-0.0,Sidewalk
270.5,109.2826,3.0923,-2.82743,0.0,0.06981,188.7196,1.6084,stand_2,228.8069,0.0,0.06981,0.0,0.06981,Sidewalk
271.0,109.2826,3.0923,-2.82743,0.0,-0.0,188.7196,1.6084,stand_2,228.7985,0.0,-0.0,0.0,-0.0,Sidewalk
271.5,109.2826,3.0923,-2.79253,0.0,0.06981,188.7196,1.6084,stand_2,228.8069,0.0,0.06981,0.0,0.06981,Sidewalk
272.0,109.2826,3.0923,-2.79253,0.0,-0.0,188.7196,1.6084,stand_2,228.7985,0.0,-0.0,0.0,-0.0,Sidewalk
272.5,109.2826,3.0923,-2.75762,0.0,0.06981,188.7196,1.6084,stand_2,228.8069,0.0,0.06981,0.0,0.06981,Sidewalk
273.0,109.2826,3.0923,-2.75762,0.0,-0.0,188.7196,1.6084,stand_2,228.7985,0.0,-0.0,0.0,-0.0,Sidewalk
273.5,109.2826,3.0923,-2.72271,0.0,0.06981,188.7196,1.6084,stand_2,228.8069,0.0,0.06981,0.0,0.06981,Sidewalk
274.0,109.2826,3.0923,-2.72271,0.0,-0.0,188.7196,1.6084,stand_2,228.7985,0.0,-0.0,0.0,-0.0,Sidewalk
274.5,109.2826,3.0923,-2.68781,0.0,0.06981,188.7196,1.6084,stand_2,228.8069,0.0,0.06981,0.0,0.06981,Sidewalk
275.0,109.2826,3.0923,-2.68781,0.0,-0.0,188.7196,1.6084,stand_2,228.7985,0.0,-0.0,0.0,-0.0,Sidewalk
275.5,109.2826,3.0923,-2.6529,0.0,0.06981,188.7196,1.6084,stand_2,228.8069,0.0,0.06981,0.0,0.06981,Sidewalk
276.0,109.2826,3.0923,-2.6529,0.0,-0.0,188.7196,1.6084,stand_2,228.7985,0.0,-0.0,0.0,-0.0,Sidewalk
276.5,109.2826,3.0923,-2.61799,0.0,0.06981,188.7196,1.6084,stand_2,228.8069,0.0,0.06981,0.0,0.06981,Sidewalk
277.0,109.2826,3.0923,-2.61799,0.0,-0.0,188.7196,1.6084,stand_2,228.7985,0.0,-0.0,0.0,-0.0,Sidewalk
277.5,109.2826,3.0923,-2.58309,0.0,0.06981,188.7196,1.6084,stand_2,228.8069,0.0,0.06981,0.0,0.06981,Sidewalk
278.0,109.2826,3.0923,-2.58309,0.0,-0.0,188.7196,1.6084,stand_2,228.7985,0.0,-0.0,0.0,-0.0,Sidewalk
278.5,109.2826,3.0923,-2.54818,0.0,0.06981,188.7196,1.6084,stand_2,228.8069,0.0,0.06981,0.0,0.06981,Sidewalk
279.0,109.2826,3.0923,-2.54818,0.0,-0.0,188.7196,1.6084,stand_2,228.7985,0.0,-0.0,0.0,-0.0,Sidewalk
279.5,109.2826,3.0923,-2.51327,0.0,0.06981,188.7196,1.6084,stand_2,228.8069,0.0,0.06981,0.0,0.06981,Sidewalk
280.0,109.2826,3.0923,-2.51327,0.0,-0.0,188.7196,1.6084,stand_2,228.7985,0.0,-0.0,0.0,-0.0,Sidewalk
280.5,109.2826,3.0923,-2.47837,0.0,0.06981,188.7196,1.6084,stand_2,228.8069,0.0,0.06981,0.0,0.06981,Sidewalk
281.0,109.2826,3.0923,-2.47837,0.0,-0.0,188.7196,1.6084,stand_2,228.7985,0.0,-0.0,0.0,-0.0,Sidewalk
281.5,109.2826,3.0923,-2.44346,0.0,0.06981,188.7196,1.6084,stand_2,228.8069,0.0,0.06981,0.0,0.06981,Sidewalk
282.0,109.2826,3.0923,-2.44346,0.0,-0.0,188.7196,1.6084,stand_2,228.7985,0.0,-0.0,0.0,-0.0,Sidewalk
282.5,109.2826,3.0923,-2.40855,0.0,0.06981,188.7196,1.6084,stand_2,228.8069,0.0,0.06981,0.0,0.06981,Sidewalk
283.0,109.2826,3.0923,-2.40855,0.0,-0.0,188.7196,1.6084,stand_2,228.7985,0.0,-0.0,0.0,-0.0,Sidewalk
283.5,109.2826,3.0923,-2.37365,0.0,0.06981,188.7196,1.6084,stand_2,228.8069,0.0,0.06981,0.0,0.06981,Sidewalk
284.0,109.2826,3.0923,-2.37365,0.0,-0.0,188.7196,1.6084,stand_2,228.7985,0.0,-0.0,0.0,-0.0,Sidewalk
284.5,109.2826,3.0923,-2.33874,0.0,0.06981,188.7196,1.6084,stand_2,228.8069,0.0,0.06981,0.0,0.06981,Sidewalk
285.0,109.2826,3.0923,-2.33874,0.0,-0.0,188.7196,1.6084,stand_2,228.7985,0.0,-0.0,0.0,-0.0,Sidewalk
285.5,109.2826,3.0923,-2.30383,0.0,0.06981,188.7196,1.6084,stand_2,228.8069,0.0,0.06981,0.0,0.06981,Sidewalk
286.0,109.2826,3.0923,-2.30383,0.0,-0.0,188.7196,1.6084,stand_2,228.7985,0.0,-0.0,0.0,-0.0,Sidewalk
286.5,109.2826,3.0923,-2.26893,0.0,0.06981,188.7196,1.6084,stand_2,228.8069,0.0,0.06981,0.0,0.06981,Sidewalk
287.0,109.2826,3.0923,-2.26893,0.0,-0.0,188.7196,1.6084,stand_2,228.7985,0.0,-0.0,0.0,-0.0,Sidewalk
287.5,109.2826,3.0923,-2.23402,0.0,0.06981,188.7196,1.6084,stand_2,228.8069,0.0,0.06981,0.0,0.06981,Sidewalk
288.0,109.2826,3.0923,-2.23402,0.0,-0.0,188.7196,1.6084,stand_2,228.7985,0.0,-0.0,0.0,-0.0,Sidewalk
288.5,109.2826,3.0923,-2.19911,0.0,0.06981,188.7196,1.6084,stand_2,228.8069,0.0,0.06981,0.0,0.06981,Sidewalk
289.0,109.2826,3.0923,-2.19911,0.0,-0.0,188.7196,1.6084,stand_2,228.7985,0.0,-0.0,0.0,-0.0,Sidewalk
289.5,109.2826,3.0923,-2.16421,0.0,0.06981,188.7196,1.6084,stand_2,228.8069,0.0,0.06981,0.0,0.06981,Sidewalk
290.0,109.2826,3.0923,-2.16421,0.0,-0.0,188.7196,1.6084,stand_2,228.7985,0.0,-0.0,0.0,-0.0,Sidewalk
290.5,109.2826,3.0923,-2.1293,0.0,0.06981,188.7196,1.6084,stand_2,228.8069,0.0,0.06981,0.0,0.06981,Sidewalk
291.0,109.2826,3.0923,-2.1293,0.0,-0.0,188.7196,1.6084,stand_2,228.7985,0.0,-0.0,0.0,-0.0,Sidewalk
291.5,109.2826,3.0923,-2.0944,0.0,0.06981,188.7196,1.6084,stand_2,228.8069,0.0,0.06981,0.0,0.06981,Sidewalk
292.0,109.2826,3.0923,-2.0944,0.0,-0.0,188.7196,1.6084,stand_2,228.7985,0.0,-0.0,0.0,-0.0,Sidewalk
292.5,109.2826,3.0923,-2.05949,0.0,0.06981,188.7196,1.6084,stand_2,228.8069,0.0,0.06981,0.0,0.06981,Sidewalk
293.0,109.2826,3.0923,-2.05949,0.0,-0.0,188.7196,1.6084,stand_2,228.7985,0.0,-0.0,0.0,-0.0,Sidewalk
293.5,109.2826,3.0923,-2.02458,0.0,0.06981,188.7196,1.6084,stand_2,228.8069,0.0,0.06981,0.0,0.06981,Sidewalk
294.0,109.2826,3.0923,-2.02458,0.0,-0.0,188.7196,1.6084,stand_2,228.7985,0.0,-0.0,0.0,-0.0,Sidewalk
294.5,109.2826,3.0923,-1.98968,0.0,0.06981,188.7196,1.6084,stand_2,228.8069,0.0,0.06981,0.0,0.06981,Sidewalk
295.0,109.2826,3.0923,-1.98968,0.0,-0.0,188.7196,1.6084,stand_2,228.7985,0.0,-0.0,0.0,-0.0,Sidewalk
295.5,109.2826,3.0923,-1.95477,0.0,0.06981,188.7196,1.6084,stand_2,228.8069,0.0,0.06981,0.0,0.06981,Sidewalk
296.0,109.2826,3.0923,-1.95477,0.0,-0.0,188.7196,1.6084,stand_2,228.7985,0.0,-0.0,0.0,-0.0,Sidewalk
296.5,109.2826,3.0923,-1.91986,0.0,0.06981,188.7196,1.6084,stand_2,228.8069,0.0,0.06981,0.0,0.06981,Sidewalk
297.0,109.2826,3.0923,-1.91986,0.0,-0.0,188.7196,1.6084,stand_2,228.7985,0.0,-0.0,0.0,-0.0,Sidewalk
297.5,109.2826,3.0923,-1.88496,0.0,0.06981,188.7196,1.6084,stand_2,228.8069,0.0,0.06981,0.0,0.06981,Sidewalk
298.0,109.2826,3.0923,-1.88496,0.0,-0.0,188.7196,1.6084,stand_2,228.7985,0.0,-0.0,0.0,-0.0,Sidewalk
298.5,109.2826,3.0923,-1.85005,0.0,0.06981,188.7196,1.6084,stand_2,228.8069,0.0,0.06981,0.0,0.06981,Sidewalk
299.0,109.2826,3.0923,-1.85005,0.0,-0.0,188.7196,1.6084,stand_2,228.7985,0.0,-0.0,0.0,-0.0,Sidewalk
299.5,109.2826,3.0923,-1.81514,0.0,0.06981,188.7196,1.6084,stand_2,228.8069,0.0,0.06981,0.0,0.06981,Sidewalk
300.0,109.2826,3.0923,-1.81514,0.0,-0.0,188.7196,1.6084,stand_2,228.7985,0.0,-0.0,0.0,-0.0,Sidewalk
300.5,109.2826,3.0923,-1.78024,0.0,0.06981,188.7196,1.6084,stand_2,228.8069,0.0,0.06981,0.0,0.06981,Sidewalk
301.0,109.2826,3.0923,-1.78024,0.0,-0.0,188.7196,1.6084,stand_2,228.7985,0.0,-0.0,0.0,-0.0,Sidewalk
301.5,109.2826,3.0923,-1.74533,0.0,0.06981,188.7196,1.6084,stand_2,228.8069,0.0,0.06981,0.0,0.06981,Sidewalk
302.0,109.2826,3.0923,-1.74533,0.0,-0.0,188.7196,1.6084,stand_2,228.7985,0.0,-0.0,0.0,-0.0,Sidewalk
302.5,109.2826,3.0923,-1.71042,0.0,0.06981,188.7196,1.6084,stand_2,228.8069,0.0,0.06981,0.0,0.06981,Sidewalk
303.0,109.2826,3.0923,-1.71042,0.0,-0.0,188.7196,1.6084,stand_2,228.7985,0.0,-0.0,0.0,-0.0,Sidewalk
303.5,109.2826,3.0923,-1.67552,0.0,0.06981,188.7196,1.6084,stand_2,228.8069,0.0,0.06981,0.0,0.06981,Sidewalk
304.0,109.2826,3.0923,-1.67552,0.0,-0.0,188.7196,1.6084,stand_2,228.7985,0.0,-0.0,0.0,-0.0,Sidewalk
304.5,109.2826,3.0923,-1.64061,0.0,0.06981,188.7196,1.6084,stand_2,228.8069,0.0,0.06981,0.0,0.06981,Sidewalk
305.0,109.2826,3.0923,-1.64061,0.0,-0.0,188.7196,1.6084,stand_2,228.7985,0.0,-0.0,0.0,-0.0,Sidewalk
305.5,109.2826,3.0923,-1.6057,0.0,0.06981,188.7196,1.6084,stand_2,228.8069,0.0,0.06981,0.0,0.06981,Sidewalk
306.0,109.2826,3.0923,-1.6057,0.0,-0.0,188.7196,1.6084,stand_2,228.7985,0.0,-0.0,0.0,-0.0,Sidewalk
306.5,109.2826,3.0923,-1.5708,0.0,0.06981,188.7196,1.6084,stand_2,228.8069,0.0,0.06981,0.0,0.06981,Sidewalk
307.0,109.2826,3.0923,-1.5708,0.0,-0.0,188.7196,1.6084,stand_2,228.7985,0.0,-0.0,0.0,-0.0,Sidewalk
307.5,109.2826,3.0923,-1.53589,0.0,0.06981,188.7196,1.6084,stand_2,228.8069,0.0,0.06981,0.0,0.06981,Sidewalk
308.0,109.2826,3.0923,-1.53589,0.0,-0.0,188.7196,1.6084,stand_2,228.7985,0.0,-0.0,0.0,-0.0,Sidewalk
308.5,109.2826,3.0923,-1.50098,0.0,0.06981,188.7196,1.6084,stand_2,228.8069,0.0,0.06981,0.0,0.06981,Sidewalk
309.0,109.2826,3.0923,-1.50098,0.0,-0.0,188.7196,1.6084,stand_2,228.7985,0.0,-0.0,0.0,-0.0,Sidewalk
309.5,109.2826,3.0923,-1.46608,0.0,0.06981,188.7196,1.6084,stand_2,228.8069,0.0,0.06981,0.0,0.06981,Sidewalk
310.0,109.2826,3.0923,-1.46608,0.0,-0.0,188.7196,1.6084,stand_2,228.7985,0.0,-0.0,0.0,-0.0,Sidewalk
310.5,109.2826,3.0923,-1.43117,0.0,0.06981,188.7196,1.6084,stand_2,228.8069,0.0,0.06981,0.0,0.06981,Sidewalk
311.0,109.2826,3.0923,-1.43117,0.0,-0.0,188.7196,1.6084,stand_2,228.7985,0.0,-0.0,0.0,-0.0,Sidewalk
311.5,109.2826,3.0923,-1.39626,0.0,0.06981,188.7196,1.6084,stand_2,228.8069,0.0,0.06981,0.0,0.06981,Sidewalk
312.0,109.2826,3.0923,-1.39626,0.0,-0.0,188.7196,1.6084,stand_2,228.7985,0.0,-0.0,0.0,-0.0,Sidewalk
312.5,109.2826,3.0923,-1.36136,0.0,0.06981,188.7196,1.6084,stand_2,228.8069,0.0,0.06981,0.0,0.06981,Sidewalk
313.0,109.2826,3.0923,-1.36136,0.0,-0.0,188.7196,1.6084,stand_2,228.7985,0.0,-0.0,0.0,-0.0,Sidewalk
313.5,109.2826,3.0923,-1.32645,0.0,0.06981,188.7196,1.6084,stand_2,228.8069,0.0,0.06981,0.0,0.06981,Sidewalk
314.0,109.2826,3.0923,-1.32645,0.0,-0.0,188.7196,1.6084,stand_2,228.7985,0.0,-0.0,0.0,-0.0,Sidewalk
314.5,109.2826,3.0923,-1.29154,0.0,0.06981,188.7196,1.6084,stand_2,228.8069,0.0,0.06981,0.0,0.06981,Sidewalk
315.0,109.2826,3.0923,-1.29154,0.0,-0.0,188.7196,1.6084,stand_2,228.7985,0.0,-0.0,0.0,-0.0,Sidewalk
315.5,109.2826,3.0923,-1.25664,0.0,0.06981,188.7196,1.6084,stand_2,228.8069,0.0,0.06981,0.0,0.06981,Sidewalk
316.0,109.2826,3.0923,-1.25664,0.0,-0.0,188.7196,1.6084,stand_2,228.7985,0.0,-0.0,0.0,-0.0,Sidewalk
316.5,109.2826,3.0923,-1.22173,0.0,0.06981,188.7196,1.6084,stand_2,228.8068,0.0,0.06981,0.0,0.06981,Sidewalk
317.0,109.2826,3.0923,-1.22173,0.0,-0.0,188.7196,1.6084,stand_2,228.7985,0.0,-0.0,0.0,-0.0,Sidewalk
317.5,109.2826,3.0923,-1.18682,0.0,0.06981,188.7196,1.6084,stand_2,228.8068,0.0,0.06981,0.0,0.06981,Sidewalk
318.0,109.2826,3.0923,-1.18682,0.0,-0.0,188.7196,1.6084,stand_2,228.7985,0.0,-0.0,0.0,-0.0,Sidewalk
318.5,109.2826,3.0923,-1.15192,0.0,0.06981,188.7196,1.6084,stand_2,228.8068,0.0,0.06981,0.0,0.06981,Sidewalk
319.0,109.2826,3.0923,-1.15192,0.0,-0.0,188.7196,1.6084,stand_2,228.7985,0.0,-0.0,0.0,-0.0,Sidewalk
319.5,109.2826,3.0923,-1.11701,0.0,0.06981,188.7196,1.6084,stand_2,228.8068,0.0,0.06981,0.0,0.06981,Sidewalk
320.0,109.2826,3.0923,-1.11701,0.0,-0.0,188.7196,1.6084,stand_2,228.7985,0.0,-0.0,0.0,-0.0,Sidewalk
320.5,109.2826,3.0923,-1.0821,0.0,0.06981,188.7196,1.6084,stand_2,228.8068,0.0,0.06981,0.0,0.06981,Sidewalk
321.0,109.2826,3.0923,-1.0821,0.0,-0.0,188.7196,1.6084,stand_2,228.7984,0.0,-0.0,0.0,-0.0,Sidewalk
321.5,109.2826,3.0923,-1.0472,0.0,0.06981,188.7196,1.6084,stand_2,228.8068,0.0,0.06981,0.0,0.06981,Sidewalk
322.0,109.2826,3.0923,-1.0472,0.0,-0.0,188.7196,1.6084,stand_2,228.7984,0.0,-0.0,0.0,-0.0,Sidewalk
322.5,109.2826,3.0923,-1.01229,0.0,0.06981,188.7196,1.6084,stand_2,228.8068,0.0,0.06981,0.0,0.06981,Sidewalk
323.0,109.2826,3.0923,-1.01229,0.0,-0.0,188.7196,1.6085,stand_2,228.7984,0.0,-0.0,0.0,-0.0,Sidewalk
323.5,109.2826,3.0923,-0.97738,0.0,0.06981,188.7196,1.6085,stand_2,228.8068,0.0,0.06981,0.0,0.06981,Sidewalk
324.0,109.2826,3.0923,-0.97738,0.0,-0.0,188.7196,1.6085,stand_2,228.7984,0.0,-0.0,0.0,-0.0,Sidewalk
324.5,109.2826,3.0923,-0.94248,0.0,0.06981,188.7196,1.6085,stand_2,228.8068,0.0,0.06981,0.0,0.06981,Sidewalk
325.0,109.2826,3.0923,-0.94248,0.0,-0.0,188.7196,1.6085,stand_2,228.7984,0.0,-0.0,0.0,-0.0,Sidewalk
325.5,109.2826,3.0923,-0.90757,0.0,0.06981,188.7196,1.6085,stand_2,228.8068,0.0,0.06981,0.0,0.06981,Sidewalk
326.0,109.2826,3.0923,-0.90757,0.0,-0.0,188.7196,1.6085,stand_2,228.7984,0.0,-0.0,0.0,-0.0,Sidewalk
326.5,109.2826,3.0923,-0.87266,0.0,0.06981,188.7196,1.6085,stand_2,228.8068,0.0,0.06981,0.0,0.06981,Sidewalk
327.0,109.2826,3.0923,-0.87266,0.0,-0.0,188.7196,1.6085,stand_2,228.7984,0.0,-0.0,0.0,-0.0,Sidewalk
327.5,109.2826,3.0923,-0.83776,0.0,0.06981,188.7196,1.6085,stand_2,228.8068,0.0,0.06981,0.0,0.06981,Sidewalk
328.0,109.2826,3.0923,-0.83776,0.0,-0.0,188.7196,1.6085,stand_2,228.7984,0.0,-0.0,0.0,-0.0,Sidewalk
328.5,109.2826,3.0923,-0.80285,0.0,0.06981,188.7196,1.6085,stand_2,228.8068,0.0,0.06981,0.0,0.06981,Sidewalk
329.0,109.2826,3.0923,-0.80285,0.0,-0.0,188.7196,1.6085,stand_2,228.7984,0.0,-0.0,0.0,-0.0,Sidewalk
329.5,109.2826,3.0923,-0.76794,0.0,0.06981,188.7196,1.6085,stand_2,228.8068,0.0,0.06981,0.0,0.06981,Sidewalk
330.0,109.2826,3.0923,-0.76794,0.0,-0.0,188.7196,1.6085,stand_2,228.7984,0.0,-0.0,0.0,-0.0,Sidewalk
330.5,109.2826,3.0923,-0.73304,0.0,0.06981,188.7196,1.6085,stand_2,228.8068,0.0,0.06981,0.0,0.06981,Sidewalk
331.0,109.2826,3.0923,-0.73304,0.0,-0.0,188.7196,1.6085,stand_2,228.7984,0.0,-0.0,0.0,-0.0,Sidewalk
331.5,109.2826,3.0923,-0.69813,0.0,0.06981,188.7196,1.6085,stand_2,228.8068,0.0,0.06981,0.0,0.06981,Sidewalk
332.0,109.2826,3.0923,-0.69813,0.0,-0.0,188.7196,1.6085,stand_2,228.7984,0.0,-0.0,0.0,-0.0,Sidewalk
332.5,109.2826,3.0923,-0.66323,0.0,0.06981,188.7196,1.6085,stand_2,228.8068,0.0,0.06981,0.0,0.06981,Sidewalk
333.0,109.2826,3.0923,-0.66323,0.0,-0.0,188.7196,1.6085,stand_2,228.7984,0.0,-0.0,0.0,-0.0,Sidewalk
333.5,109.2826,3.0923,-0.62832,0.0,0.06981,188.7196,1.6085,stand_2,228.8068,0.0,0.06981,0.0,0.06981,Sidewalk
334.0,109.2826,3.0923,-0.62832,0.0,-0.0,188.7196,1.6085,stand_2,228.7984,0.0,-0.0,0.0,-0.0,Sidewalk
334.5,109.2826,3.0923,-0.59341,0.0,0.06981,188.7196,1.6085,stand_2,228.8068,0.0,0.06981,0.0,0.06981,Sidewalk
335.0,109.2826,3.0923,-0.59341,0.0,-0.0,188.7196,1.6085,stand_2,228.7984,0.0,-0.0,0.0,-0.0,Sidewalk
335.5,109.2826,3.0923,-0.55851,0.0,0.06981,188.7196,1.6085,stand_2,228.8068,0.0,0.06981,0.0,0.06981,Sidewalk
336.0,109.2826,3.0923,-0.55851,0.0,-0.0,188.7196,1.6085,stand_2,228.7984,0.0,-0.0,0.0,-0.0,Sidewalk
336.5,109.2826,3.0923,-0.5236,0.0,0.06981,188.7196,1.6085,stand_2,228.8068,0.0,0.06981,0.0,0.06981,Sidewalk
337.0,109.2826,3.0923,-0.5236,0.0,-0.0,188.7196,1.6085,stand_2,228.7984,0.0,-0.0,0.0,-0.0,Sidewalk
337.5,109.2826,3.0923,-0.48869,0.0,0.06981,188.7196,1.6085,stand_2,228.8068,0.0,0.06981,0.0,0.06981,Sidewalk
338.0,109.2826,3.0923,-0.48869,0.0,-0.0,188.7196,1.6085,stand_2,228.7984,0.0,-0.0,0.0,-0.0,Sidewalk
338.5,109.2826,3.0923,-0.45379,0.0,0.06981,188.7196,1.6085,stand_2,228.8068,0.0,0.06981,0.0,0.06981,Sidewalk
339.0,109.2826,3.0923,-0.45379,0.0,-0.0,188.7196,1.6085,stand_2,228.7984,0.0,-0.0,0.0,-0.0,Sidewalk
339.5,109.2826,3.0923,-0.41888,0.0,0.06981,188.7196,1.6085,stand_2,228.8067,0.0,0.06981,0.0,0.06981,Sidewalk
340.0,109.2826,3.0923,-0.41888,0.0,-0.0,188.7196,1.6085,stand_2,228.7984,0.0,-0.0,0.0,-0.0,Sidewalk
340.5,109.2826,3.0923,-0.38397,0.0,0.06981,188.7196,1.6085,stand_2,228.8067,0.0,0.06981,0.0,0.06981,Sidewalk
341.0,109.2826,3.0923,-0.38397,0.0,-0.0,188.7196,1.6085,stand_2,228.7984,0.0,-0.0,0.0,-0.0,Sidewalk
341.5,109.2826,3.0923,-0.34907,0.0,0.06981,188.7196,1.6085,stand_2,228.8067,0.0,0.06981,0.0,0.06981,Sidewalk
342.0,109.2826,3.0923,-0.34907,0.0,-0.0,188.7196,1.6085,stand_2,228.7984,0.0,-0.0,0.0,-0.0,Sidewalk
342.5,109.2826,3.0923,-0.31416,0.0,0.06981,188.7196,1.6085,stand_2,228.8067,0.0,0.06981,0.0,0.06981,Sidewalk
343.0,109.2826,3.0923,-0.31416,0.0,-0.0,188.7196,1.6085,stand_2,228.7984,0.0,-0.0,0.0,-0.0,Sidewalk
343.5,109.2826,3.0923,-0.27925,0.0,0.06981,188.7196,1.6085,stand_2,228.8067,0.0,0.06981,0.0,0.06981,Sidewalk
344.0,109.2826,3.0923,-0.27925,0.0,-0.0,188.7196,1.6085,stand_2,228.7984,0.0,-0.0,0.0,-0.0,Sidewalk
344.5,109.2826,3.0923,-0.24435,0.0,0.06981,188.7196,1.6085,stand_2,228.8067,0.0,0.06981,0.0,0.06981,Sidewalk
345.0,109.2826,3.0923,-0.24435,0.0,-0.0,188.7196,1.6085,stand_2,228.7983,0.0,-0.0,0.0,-0.0,Sidewalk
345.5,109.2826,3.0923,-0.20944,0.0,0.06981,188.7196,1.6085,stand_2,228.8067,0.0,0.06981,0.0,0.06981,Sidewalk
346.0,109.2826,3.0923,-0.20944,0.0,-0.0,188.7196,1.6085,stand_2,228.7983,0.0,-0.0,0.0,-0.0,Sidewalk
346.5,109.2826,3.0923,-0.17453,0.0,0.06981,188.7196,1.6085,stand_2,228.8067,0.0,0.06981,0.0,0.06981,Sidewalk
347.0,109.2826,3.0923,-0.17453,0.0,-0.0,188.7196,1.6085,stand_2,228.7983,0.0,-0.0,0.0,-0.0,Sidewalk
347.5,109.2826,3.0923,-0.13963,0.0,0.06981,188.7196,1.6085,stand_2,228.8067,0.0,0.06981,0.0,0.06981,Sidewalk
348.0,109.2826,3.0923,-0.13963,0.0,-0.0,188.7196,1.6085,stand_2,228.7983,0.0,-0.0,0.0,-0.0,Sidewalk
348.5,109.2826,3.0923,-0.10472,0.0,0.06981,188.7196,1.6085,stand_2,228.8067,0.0,0.06981,0.0,0.06981,Sidewalk
349.0,109.2826,3.0923,-0.10472,0.0,-0.0,188.7196,1.6085,stand_2,228.7983,0.0,-0.0,0.0,-0.0,Sidewalk
349.5,109.2826,3.0923,-0.06981,0.0,0.06981,188.7196,1.6085,stand_2,228.8067,0.0,0.06981,0.0,0.06981,Sidewalk
350.0,109.2826,3.0923,-0.06981,0.0,-0.0,188.7196,1.6085,stand_2,228.7983,0.0,-0.0,0.0,-0.0,Sidewalk
350.5,109.2826,3.0923,-0.03491,0.0,0.06981,188.7196,1.6085,stand_2,228.8067,0.0,0.06981,0.0,0.06981,Sidewalk
351.0,109.2826,3.0923,-0.03491,0.0,-0.0,188.7196,1.6085,stand_2,228.7983,0.0,-0.0,0.0,-0.0,Sidewalk
351.5,109.2826,3.0923,-0.0,0.0,0.06981,188.7196,1.6085,stand_2,228.8067,0.0,0.06981,0.0,0.06981,Sidewalk
352.0,109.2826,3.0923,-0.0,0.0,-0.0,188.7196,1.6085,stand_2,228.7983,0.0,-0.0,0.0,-0.0,Sidewalk
352.5,109.2826,3.0923,0.03491,0.0,0.06981,188.7196,1.6085,stand_2,228.8067,0.0,0.06981,0.0,0.06981,Sidewalk
353.0,109.2826,3.0923,0.03491,0.0,-0.0,188.7196,1.6085,stand_2,228.7983,0.0,-0.0,0.0,-0.0,Sidewalk
353.5,109.2826,3.0923,0.06981,0.0,0.06981,188.7196,1.6085,stand_2,228.8067,0.0,0.06981,0.0,0.06981,Sidewalk
354.0,109.2826,3.0923,0.06981,0.0,-0.0,188.7196,1.6085,stand_2,228.7983,0.0,-0.0,0.0,-0.0,Sidewalk
354.5,109.2826,3.0923,0.10472,0.0,0.06981,188.7196,1.6085,stand_2,228.8067,0.0,0.06981,0.0,0.06981,Sidewalk
355.0,109.2826,3.0923,0.10472,0.0,-0.0,188.7196,1.6085,stand_2,228.7983,0.0,-0.0,0.0,-0.0,Sidewalk
355.5,109.2826,3.0923,0.13963,0.0,0.06981,188.7196,1.6085,stand_2,228.8067,0.0,0.06981,0.0,0.06981,Sidewalk
356.0,109.2826,3.0923,0.13963,0.0,-0.0,188.7196,1.6085,stand_2,228.7983,0.0,-0.0,0.0,-0.0,Sidewalk
356.5,109.2826,3.0923,0.17453,0.0,0.06981,188.7196,1.6085,stand_2,228.8067,0.0,0.06981,0.0,0.06981,Sidewalk
357.0,109.2826,3.0923,0.17453,0.0,-0.0,188.7196,1.6085,stand_2,228.7983,0.0,-0.0,0.0,-0.0,Sidewalk
357.5,109.2826,3.0923,0.20944,0.0,0.06981,188.7196,1.6085,stand_2,228.8067,0.0,0.06981,0.0,0.06981,Sidewalk
358.0,109.2826,3.0923,0.20944,0.0,-0.0,188.7196,1.6085,stand_2,228.7983,0.0,-0.0,0.0,-0.0,Sidewalk
358.5,109.2826,3.0923,0.24435,0.0,0.06981,188.7196,1.6085,stand_2,228.8067,0.0,0.06981,0.0,0.06981,Sidewalk
359.0,109.2826,3.0923,0.24435,0.0,-0.0,188.7196,1.6085,stand_2,228.7983,0.0,-0.0,0.0,-0.0,Sidewalk
359.5,109.2826,3.0923,0.27925,0.0,0.06981,188.7196,1.6085,stand_2,228.8067,0.0,0.06981,0.0,0.06981,Sidewalk
360.0,109.2826,3.0923,0.27925,0.0,-0.0,188.7196,1.6085,stand_2,228.7983,0.0,-0.0,0.0,-0.0,Sidewalk
360.5,109.2826,3.0923,0.31416,0.0,0.06981,188.7196,1.6085,stand_2,228.8067,0.0,0.06981,0.0,0.06981,Sidewalk
361.0,109.2826,3.0923,0.31416,0.0,-0.0,188.7196,1.6085,stand_2,228.7983,0.0,-0.0,0.0,-0.0,Sidewalk
361.5,109.2826,3.0923,0.34907,0.0,0.06981,188.7196,1.6085,stand_2,228.8067,0.0,0.06981,0.0,0.06981,Sidewalk
362.0,109.2826,3.0923,0.34907,0.0,-0.0,188.7196,1.6085,stand_2,228.7983,0.0,-0.0,0.0,-0.0,Sidewalk
362.5,109.2826,3.0923,0.38397,0.0,0.06981,188.7196,1.6085,stand_2,228.8067,0.0,0.06981,0.0,0.06981,Sidewalk
363.0,109.2826,3.0923,0.38397,0.0,-0.0,188.7196,1.6085,stand_2,228.7983,0.0,-0.0,0.0,-0.0,Sidewalk
363.5,109.2826,3.0923,0.41888,0.0,0.06981,188.7196,1.6085,stand_2,228.8066,0.0,0.06981,0.0,0.06981,Sidewalk
364.0,109.2826,3.0923,0.41888,0.0,-0.0,188.7196,1.6086,stand_2,228.7983,0.0,-0.0,0.0,-0.0,Sidewalk
364.5,109.2826,3.0923,0.45379,0.0,0.06981,188.7196,1.6086,stand_2,228.8066,0.0,0.06981,0.0,0.06981,Sidewalk
365.0,109.2826,3.0923,0.45379,0.0,-0.0,188.7196,1.6086,stand_2,228.7983,0.0,-0.0,0.0,-0.0,Sidewalk
365.5,109.2826,3.0923,0.48869,0.0,0.06981,188.7196,1.6086,stand_2,228.8066,0.0,0.06981,0.0,0.06981,Sidewalk
366.0,109.2826,3.0923,0.48869,0.0,-0.0,188.7196,1.6086,stand_2,228.7983,0.0,-0.0,0.0,-0.0,Sidewalk
366.5,109.2826,3.0923,0.5236,0.0,0.06981,188.7196,1.6086,stand_2,228.8066,0.0,0.06981,0.0,0.06981,Sidewalk
367.0,109.2826,3.0923,0.5236,0.0,-0.0,188.7196,1.6086,stand_2,228.7983,0.0,-0.0,0.0,-0.0,Sidewalk
367.5,109.2826,3.0923,0.55851,0.0,0.06981,188.7196,1.6086,stand_2,228.8066,0.0,0.06981,0.0,0.06981,Sidewalk
368.0,109.2826,3.0923,0.55851,0.0,-0.0,188.7196,1.6086,stand_2,228.7983,0.0,-0.0,0.0,-0.0,Sidewalk
368.5,109.2826,3.0923,0.59341,0.0,0.06981,188.7196,1.6086,stand_2,228.8066,0.0,0.06981,0.0,0.06981,Sidewalk
369.0,109.2826,3.0923,0.59341,0.0,-0.0,188.7196,1.6086,stand_2,228.7983,0.0,-0.0,0.0,-0.0,Sidewalk
369.5,109.2826,3.0923,0.62832,0.0,0.06981,188.7196,1.6086,stand_2,228.8066,0.0,0.06981,0.0,0.06981,Sidewalk
370.0,109.2826,3.0923,0.62832,0.0,-0.0,188.7196,1.6086,stand_2,228.7982,0.0,-0.0,0.0,-0.0,Sidewalk
370.5,109.2826,3.0923,0.66323,0.0,0.06981,188.7196,1.6086,stand_2,228.8066,0.0,0.06981,0.0,0.06981,Sidewalk
371.0,109.2826,3.0923,0.66323,0.0,-0.0,188.7196,1.6086,stand_2,228.7982,0.0,-0.0,0.0,-0.0,Sidewalk
371.5,109.2826,3.0923,0.69813,0.0,0.06981,188.7196,1.6086,stand_2,228.8066,0.0,0.06981,0.0,0.06981,Sidewalk
372.0,109.2826,3.0923,0.69813,0.0,-0.0,188.7196,1.6086,stand_2,228.7982,0.0,-0.0,0.0,-0.0,Sidewalk
372.5,109.2826,3.0923,0.73304,0.0,0.06981,188.7196,1.6086,stand_2,228.8066,0.0,0.06981,0.0,0.06981,Sidewalk
373.0,109.2826,3.0923,0.73304,0.0,-0.0,188.7196,1.6086,stand_2,228.7982,0.0,-0.0,0.0,-0.0,Sidewalk
373.5,109.2826,3.0923,0.76794,0.0,0.06981,188.7196,1.6086,stand_2,228.8066,0.0,0.06981,0.0,0.06981,Sidewalk
374.0,109.2826,3.0923,0.76794,0.0,-0.0,188.7196,1.6086,stand_2,228.7982,0.0,-0.0,0.0,-0.0,Sidewalk
374.5,109.2826,3.0923,0.80285,0.0,0.06981,188.7196,1.6086,stand_2,228.8066,0.0,0.06981,0.0,0.06981,Sidewalk
375.0,109.2826,3.0923,0.80285,0.0,-0.0,188.7196,1.6086,stand_2,228.7982,0.0,-0.0,0.0,-0.0,Sidewalk
375.5,109.2826,3.0923,0.83776,0.0,0.06981,188.7196,1.6086,stand_2,228.8066,0.0,0.06981,0.0,0.06981,Sidewalk
376.0,109.2826,3.0923,0.83776,0.0,-0.0,188.7196,1.6086,stand_2,228.7982,0.0,-0.0,0.0,-0.0,Sidewalk
376.5,109.2826,3.0923,0.87266,0.0,0.06981,188.7196,1.6086,stand_2,228.8066,0.0,0.06981,0.0,0.06981,Sidewalk
377.0,109.2826,3.0923,0.87266,0.0,-0.0,188.7196,1.6086,stand_2,228.7982,0.0,-0.0,0.0,-0.0,Sidewalk
377.5,109.2826,3.0923,0.90757,0.0,0.06981,188.7196,1.6086,stand_2,228.8066,0.0,0.06981,0.0,0.06981,Sidewalk
378.0,109.2826,3.0923,0.90757,0.0,-0.0,188.7196,1.6086,stand_2,228.7982,0.0,-0.0,0.0,-0.0,Sidewalk
378.5,109.2826,3.0923,0.94248,0.0,0.06981,188.7196,1.6086,stand_2,228.8066,0.0,0.06981,0.0,0.06981,Sidewalk
379.0,109.2826,3.0923,0.94248,0.0,-0.0,188.7196,1.6086,stand_2,228.7982,0.0,-0.0,0.0,-0.0,Sidewalk
379.5,109.2826,3.0923,0.97738,0.0,0.06981,188.7196,1.6086,stand_2,228.8066,0.0,0.06981,0.0,0.06981,Sidewalk
380.0,109.2826,3.0923,0.97738,0.0,-0.0,188.7196,1.6086,stand_2,228.7982,0.0,-0.0,0.0,-0.0,Sidewalk
380.5,109.2826,3.0923,1.01229,0.0,0.06981,188.7196,1.6086,stand_2,228.8066,0.0,0.06981,0.0,0.06981,Sidewalk
381.0,109.2826,3.0923,1.01229,0.0,-0.0,188.7196,1.6086,stand_2,228.7982,0.0,-0.0,0.0,-0.0,Sidewalk
381.5,109.2826,3.0923,1.0472,0.0,0.06981,188.7196,1.6086,stand_2,228.8066,0.0,0.06981,0.0,0.06981,Sidewalk
382.0,109.2826,3.0923,1.0472,0.0,-0.0,188.7196,1.6086,stand_2,228.7982,0.0,-0.0,0.0,-0.0,Sidewalk
382.5,109.2826,3.0923,1.0821,0.0,0.06981,188.7196,1.6086,stand_2,228.8066,0.0,0.06981,0.0,0.06981,Sidewalk
383.0,109.2826,3.0923,1.0821,0.0,-0.0,188.7196,1.6086,stand_2,228.7982,0.0,-0.0,0.0,-0.0,Sidewalk
383.5,109.2826,3.0923,1.11701,0.0,0.06981,188.7196,1.6086,stand_2,228.8066,0.0,0.06981,0.0,0.06981,Sidewalk
384.0,109.2826,3.0923,1.11701,0.0,-0.0,188.7196,1.6086,stand_2,228.7982,0.0,-0.0,0.0,-0.0,Sidewalk
384.5,109.2826,3.0923,1.15192,0.0,0.06981,188.7196,1.6086,stand_2,228.8066,0.0,0.06981,0.0,0.06981,Sidewalk
385.0,109.2826,3.0923,1.15192,0.0,-0.0,188.7196,1.6086,stand_2,228.7982,0.0,-0.0,0.0,-0.0,Sidewalk
385.5,109.2826,3.0923,1.18682,0.0,0.06981,188.7196,1.6086,stand_2,228.8066,0.0,0.06981,0.0,0.06981,Sidewalk
386.0,109.2826,3.0923,1.18682,0.0,-0.0,188.7196,1.6086,stand_2,228.7982,0.0,-0.0,0.0,-0.0,Sidewalk
386.5,109.2826,3.0923,1.22173,0.0,0.06981,188.7196,1.6086,stand_2,228.8066,0.0,0.06981,0.0,0.06981,Sidewalk
387.0,109.2826,3.0923,1.22173,0.0,-0.0,188.7196,1.6086,stand_2,228.7982,0.0,-0.0,0.0,-0.0,Sidewalk
387.5,109.2826,3.0923,1.25664,0.0,0.06981,188.7196,1.6086,stand_2,228.8066,0.0,0.06981,0.0,0.06981,Sidewalk
388.0,109.2826,3.0923,1.25664,0.0,-0.0,188.7196,1.6086,stand_2,228.7982,0.0,-0.0,0.0,-0.0,Sidewalk
388.5,109.2826,3.0923,1.29154,0.0,0.06981,188.7196,1.6086,stand_2,228.8066,0.0,0.06981,0.0,0.06981,Sidewalk
389.0,109.2826,3.0923,1.29154,0.0,-0.0,188.7196,1.6086,stand_2,228.7982,0.0,-0.0,0.0,-0.0,Sidewalk
389.5,109.2826,3.0923,1.32645,0.0,0.06981,188.7196,1.6086,stand_2,228.8065,0.0,0.06981,0.0,0.06981,Sidewalk
390.0,109.2826,3.0923,1.32645,0.0,-0.0,188.7196,1.6086,stand_2,228.7982,0.0,-0.0,0.0,-0.0,Sidewalk
390.5,109.2826,3.0923,1.36136,0.0,0.06981,188.7196,1.6086,stand_2,228.8065,0.0,0.06981,0.0,0.06981,Sidewalk
391.0,109.2826,3.0923,1.36136,0.0,-0.0,188.7196,1.6086,stand_2,228.7982,0.0,-0.0,0.0,-0.0,Sidewalk
391.5,109.2826,3.0923,1.39626,0.0,0.06981,188.7196,1.6086,stand_2,228.8065,0.0,0.06981,0.0,0.06981,Sidewalk
392.0,109.2826,3.0923,1.39626,0.0,-0.0,188.7196,1.6086,stand_2,228.7982,0.0,-0.0,0.0,-0.0,Sidewalk
392.5,109.2826,3.0923,1.43117,0.0,0.06981,188.7196,1.6086,stand_2,228.8065,0.0,0.06981,0.0,0.06981,Sidewalk
393.0,109.2826,3.0923,1.43117,0.0,-0.0,188.7196,1.6086,stand_2,228.7982,0.0,-0.0,0.0,-0.0,Sidewalk
393.5,109.2826,3.0923,1.46608,0.0,0.06981,188.7196,1.6086,stand_2,228.8065,0.0,0.06981,0.0,0.06981,Sidewalk
394.0,109.2826,3.0923,1.46608,0.0,-0.0,188.7196,1.6086,stand_2,228.7982,0.0,-0.0,0.0,-0.0,Sidewalk
394.5,109.2826,3.0923,1.50098,0.0,0.06981,188.7196,1.6086,stand_2,228.8065,0.0,0.06981,0.0,0.06981,Sidewalk
395.0,109.2826,3.0923,1.50098,0.0,-0.0,188.7196,1.6086,stand_2,228.7982,0.0,-0.0,0.0,-0.0,Sidewalk
395.5,109.2826,3.0923,1.53589,0.0,0.06981,188.7196,1.6086,stand_2,228.8065,0.0,0.06981,0.0,0.06981,Sidewalk
396.0,109.2826,3.0923,1.53589,0.0,-0.0,188.7196,1.6086,stand_2,228.7981,0.0,-0.0,0.0,-0.0,Sidewalk
396.5,109.2826,3.0923,1.5708,0.0,0.06981,188.7196,1.6086,stand_2,228.8065,0.0,0.06981,0.0,0.06981,Sidewalk
397.0,109.2826,3.0923,1.5708,0.0,-0.0,188.7196,1.6086,stand_2,228.7981,0.0,-0.0,0.0,-0.0,Sidewalk
397.5,109.2826,3.0923,1.6057,0.0,0.06981,188.7196,1.6086,stand_2,228.8065,0.0,0.06981,0.0,0.06981,Sidewalk
398.0,109.2826,3.0923,1.6057,0.0,-0.0,188.7196,1.6086,stand_2,228.7981,0.0,-0.0,0.0,-0.0,Sidewalk
398.5,109.2826,3.0923,1.64061,0.0,0.06981,188.7196,1.6086,stand_2,228.8065,0.0,0.06981,0.0,0.06981,Sidewalk
399.0,109.2826,3.0923,1.64061,0.0,-0.0,188.7196,1.6086,stand_2,228.7981,0.0,-0.0,0.0,-0.0,Sidewalk
399.5,109.2826,3.0923,1.67552,0.0,0.06981,188.7196,1.6086,stand_2,228.8065,0.0,0.06981,0.0,0.06981,Sidewalk
400.0,109.2826,3.0923,1.67552,0.0,-0.0,188.7196,1.6086,stand_2,228.7981,0.0,-0.0,0.0,-0.0,Sidewalk
400.5,109.2826,3.0923,1.71042,0.0,0.06981,188.7196,1.6086,stand_2,228.8065,0.0,0.06981,0.0,0.06981,Sidewalk
401.0,109.2826,3.0923,1.71042,0.0,-0.0,188.7196,1.6086,stand_2,228.7981,0.0,-0.0,0.0,-0.0,Sidewalk
401.5,109.2826,3.0923,1.74533,0.0,0.06981,188.7196,1.6086,stand_2,228.8065,0.0,0.06981,0.0,0.06981,Sidewalk
402.0,109.2826,3.0923,1.74533,0.0,-0.0,188.7196,1.6086,stand_2,228.7981,0.0,-0.0,0.0,-0.0,Sidewalk
402.5,109.2826,3.0923,1.78024,0.0,0.06981,188.7196,1.6086,stand_2,228.8065,0.0,0.06981,0.0,0.06981,Sidewalk
403.0,109.2826,3.0923,1.78024,0.0,-0.0,188.7196,1.6086,stand_2,228.7981,0.0,-0.0,0.0,-0.0,Sidewalk
403.5,109.2826,3.0923,1.81514,0.0,0.06981,188.7196,1.6086,stand_2,228.8065,0.0,0.06981,0.0,0.06981,Sidewalk
404.0,109.2826,3.0923,1.81514,0.0,-0.0,188.7196,1.6086,stand_2,228.7981,0.0,-0.0,0.0,-0.0,Sidewalk
404.5,109.2826,3.0923,1.85005,0.0,0.06981,188.7196,1.6086,stand_2,228.8065,0.0,0.06981,0.0,0.06981,Sidewalk
405.0,109.2826,3.0923,1.85005,0.0,-0.0,188.7196,1.6086,stand_2,228.7981,0.0,-0.0,0.0,-0.0,Sidewalk
405.5,109.2826,3.0923,1.88496,0.0,0.06981,188.7196,1.6086,stand_2,228.8065,0.0,0.06981,0.0,0.06981,Sidewalk
406.0,109.2826,3.0923,1.88496,0.0,-0.0,188.7196,1.6086,stand_2,228.7981,0.0,-0.0,0.0,-0.0,Sidewalk
406.5,109.2826,3.0923,1.91986,0.0,0.06981,188.7196,1.6086,stand_2,228.8065,0.0,0.06981,0.0,0.06981,Sidewalk
407.0,109.2826,3.0923,1.91986,0.0,-0.0,188.7196,1.6086,stand_2,228.7981,0.0,-0.0,0.0,-0.0,Sidewalk
407.5,109.2826,3.0923,1.95477,0.0,0.06981,188.7196,1.6086,stand_2,228.8065,0.0,0.06981,0.0,0.06981,Sidewalk
408.0,109.2826,3.0923,1.95477,0.0,-0.0,188.7196,1.6087,stand_2,228.7981,0.0,-0.0,0.0,-0.0,Sidewalk
408.5,109.2826,3.0923,1.98968,0.0,0.06981,188.7196,1.6087,stand_2,228.8065,0.0,0.06981,0.0,0.06981,Sidewalk
409.0,109.2826,3.0923,1.98968,0.0,-0.0,188.7196,1.6087,stand_2,228.7981,0.0,-0.0,0.0,-0.0,Sidewalk
409.5,109.2826,3.0923,2.02458,0.0,0.06981,188.7196,1.6087,stand_2,228.8065,0.0,0.06981,0.0,0.06981,Sidewalk
410.0,109.2826,3.0923,2.02458,0.0,-0.0,188.7196,1.6087,stand_2,228.7981,0.0,-0.0,0.0,-0.0,Sidewalk
410.5,109.2826,3.0923,2.05949,0.0,0.06981,188.7196,1.6087,stand_2,228.8065,0.0,0.06981,0.0,0.06981,Sidewalk
411.0,109.2826,3.0923,2.05949,0.0,-0.0,188.7196,1.6087,stand_2,228.7981,0.0,-0.0,0.0,-0.0,Sidewalk
411.5,109.2826,3.0923,2.0944,0.0,0.06981,188.7196,1.6087,stand_2,228.8065,0.0,0.06981,0.0,0.06981,Sidewalk
412.0,109.2826,3.0923,2.0944,0.0,-0.0,188.7196,1.6087,stand_2,228.7981,0.0,-0.0,0.0,-0.0,Sidewalk
412.5,109.2826,3.0923,2.1293,0.0,0.06981,188.7196,1.6087,stand_2,228.8065,0.0,0.06981,0.0,0.06981,Sidewalk
413.0,109.2826,3.0923,2.1293,0.0,-0.0,188.7196,1.6087,stand_2,228.7981,0.0,-0.0,0.0,-0.0,Sidewalk
413.5,109.2826,3.0923,2.16421,0.0,0.06981,188.7196,1.6087,stand_2,228.8065,0.0,0.06981,0.0,0.06981,Sidewalk
414.0,109.2826,3.0923,2.16421,0.0,-0.0,188.7196,1.6087,stand_2,228.7981,0.0,-0.0,0.0,-0.0,Sidewalk
414.5,109.2826,3.0923,2.19911,0.0,0.06981,188.7196,1.6087,stand_2,228.8065,0.0,0.06981,0.0,0.06981,Sidewalk
415.0,109.2826,3.0923,2.19911,0.0,-0.0,188.7196,1.6087,stand_2,228.7981,0.0,-0.0,0.0,-0.0,Sidewalk
415.5,109.2826,3.0923,2.23402,0.0,0.06981,188.7196,1.6087,stand_2,228.8064,0.0,0.06981,0.0,0.06981,Sidewalk
416.0,109.2826,3.0923,2.23402,0.0,-0.0,188.7196,1.6087,stand_2,228.7981,0.0,-0.0,0.0,-0.0,Sidewalk
416.5,109.2826,3.0923,2.26893,0.0,0.06981,188.7196,1.6087,stand_2,228.8064,0.0,0.06981,0.0,0.06981,Sidewalk
417.0,109.2826,3.0923,2.26893,0.0,-0.0,188.7196,1.6087,stand_2,228.7981,0.0,-0.0,0.0,-0.0,Sidewalk
417.5,109.2826,3.0923,2.30383,0.0,0.06981,188.7196,1.6087,stand_2,228.8064,0.0,0.06981,0.0,0.06981,Sidewalk
418.0,109.2826,3.0923,2.30383,0.0,-0.0,188.7196,1.6087,stand_2,228.7981,0.0,-0.0,0.0,-0.0,Sidewalk
418.5,109.2826,3.0923,2.33874,0.0,0.06981,188.7196,1.6087,stand_2,228.8064,0.0,0.06981,0.0,0.06981,Sidewalk
419.0,109.2826,3.0923,2.33874,0.0,-0.0,188.7196,1.6087,stand_2,228.7981,0.0,-0.0,0.0,-0.0,Sidewalk
419.5,109.2826,3.0923,2.37365,0.0,0.06981,188.7196,1.6087,stand_2,228.8064,0.0,0.06981,0.0,0.06981,Sidewalk
420.0,109.2826,3.0923,2.37365,0.0,-0.0,188.7196,1.6087,stand_2,228.7981,0.0,-0.0,0.0,-0.0,Sidewalk
420.5,109.2826,3.0923,2.40855,0.0,0.06981,188.7196,1.6087,stand_2,228.8064,0.0,0.06981,0.0,0.06981,Sidewalk
421.0,109.2826,3.0923,2.40855,0.0,-0.0,188.7196,1.6087,stand_2,228.798,0.0,-0.0,0.0,-0.0,Sidewalk
421.5,109.2826,3.0923,2.44346,0.0,0.06981,188.7196,1.6087,stand_2,228.8064,0.0,0.06981,0.0,0.06981,Sidewalk
422.0,109.2826,3.0923,2.44346,0.0,-0.0,188.7196,1.6087,stand_2,228.798,0.0,-0.0,0.0,-0.0,Sidewalk
422.5,109.2826,3.0923,2.47837,0.0,0.06981,188.7196,1.6087,stand_2,228.8064,0.0,0.06981,0.0,0.06981,Sidewalk
423.0,109.2826,3.0923,2.47837,0.0,-0.0,188.7196,1.6087,stand_2,228.798,0.0,-0.0,0.0,-0.0,Sidewalk
423.5,109.2826,3.0923,2.51327,0.0,0.06981,188.7196,1.6087,stand_2,228.8064,0.0,0.06981,0.0,0.06981,Sidewalk
424.0,109.2826,3.0923,2.51327,0.0,-0.0,188.7196,1.6087,stand_2,228.798,0.0,-0.0,0.0,-0.0,Sidewalk
424.5,109.2826,3.0923,2.54818,0.0,0.06981,188.7196,1.6087,stand_2,228.8064,0.0,0.06981,0.0,0.06981,Sidewalk
425.0,109.2826,3.0923,2.54818,0.0,-0.0,188.7196,1.6087,stand_2,228.798,0.0,-0.0,0.0,-0.0,Sidewalk
425.5,109.2826,3.0923,2.58309,0.0,0.06981,188.7196,1.6087,stand_2,228.8064,0.0,0.06981,0.0,0.06981,Sidewalk
426.0,109.2826,3.0923,2.58309,0.0,-0.0,188.7196,1.6087,stand_2,228.798,0.0,-0.0,0.0,-0.0,Sidewalk
426.5,109.2826,3.0923,2.61799,0.0,0.06981,188.7196,1.6087,stand_2,228.8064,0.0,0.06981,0.0,0.06981,Sidewalk
427.0,109.2826,3.0923,2.61799,0.0,-0.0,188.7196,1.6087,stand_2,228.798,0.0,-0.0,0.0,-0.0,Sidewalk
427.5,109.2826,3.0923,2.6529,0.0,0.06981,188.7196,1.6087,stand_2,228.8064,0.0,0.06981,0.0,0.06981,Sidewalk
428.0,109.2826,3.0923,2.6529,0.0,-0.0,188.7196,1.6087,stand_2,228.798,0.0,-0.0,0.0,-0.0,Sidewalk
428.5,109.2826,3.0923,2.68781,0.0,0.06981,188.7196,1.6087,stand_2,228.8064,0.0,0.06981,0.0,0.06981,Sidewalk
429.0,109.2826,3.0923,2.68781,0.0,-0.0,188.7196,1.6087,stand_2,228.798,0.0,-0.0,0.0,-0.0,Sidewalk
429.5,109.2826,3.0923,2.72271,0.0,0.06981,188.7196,1.6087,stand_2,228.8064,0.0,0.06981,0.0,0.06981,Sidewalk
430.0,109.2826,3.0923,2.72271,0.0,-0.0,188.7196,1.6087,stand_2,228.798,0.0,-0.0,0.0,-0.0,Sidewalk
430.5,109.2826,3.0923,2.75762,0.0,0.06981,188.7196,1.6087,stand_2,228.8064,0.0,0.06981,0.0,0.06981,Sidewalk
431.0,109.2826,3.0923,2.75762,0.0,-0.0,188.7196,1.6087,stand_2,228.798,0.0,-0.0,0.0,-0.0,Sidewalk
431.5,109.2826,3.0923,2.79253,0.0,0.06981,188.7196,1.6087,stand_2,228.8064,0.0,0.06981,0.0,0.06981,Sidewalk
432.0,109.2826,3.0923,2.79253,0.0,-0.0,188.7196,1.6087,stand_2,228.798,0.0,-0.0,0.0,-0.0,Sidewalk
432.5,109.2826,3.0923,2.82743,0.0,0.06981,188.7196,1.6087,stand_2,228.8064,0.0,0.06981,0.0,0.06981,Sidewalk
433.0,109.2826,3.0923,2.82743,0.0,-0.0,188.7196,1.6087,stand_2,228.798,0.0,-0.0,0.0,-0.0,Sidewalk
433.5,109.2826,3.0923,2.86234,0.0,0.06981,188.7196,1.6087,stand_2,228.8064,0.0,0.06981,0.0,0.06981,Sidewalk
434.0,109.2826,3.0923,2.86234,0.0,-0.0,188.7196,1.6087,stand_2,228.798,0.0,-0.0,0.0,-0.0,Sidewalk
434.5,109.2826,3.0923,2.89725,0.0,0.06981,188.7196,1.6087,stand_2,228.8064,0.0,0.06981,0.0,0.06981,Sidewalk
435.0,109.2826,3.0923,2.89725,0.0,-0.0,188.7196,1.6087,stand_2,228.798,0.0,-0.0,0.0,-0.0,Sidewalk
435.5,109.2826,3.0923,2.93215,0.0,0.06981,188.7196,1.6087,stand_2,228.8064,0.0,0.06981,0.0,0.06981,Sidewalk
436.0,109.2826,3.0923,2.93215,0.0,-0.0,188.7196,1.6087,stand_2,228.798,0.0,-0.0,0.0,-0.0,Sidewalk
436.5,109.2826,3.0923,2.96706,0.0,0.06981,188.7196,1.6087,stand_2,228.8064,0.0,0.06981,0.0,0.06981,Sidewalk
437.0,109.2826,3.0923,2.96706,0.0,-0.0,188.7196,1.6087,stand_2,228.798,0.0,-0.0,0.0,-0.0,Sidewalk
437.5,109.2826,3.0923,3.00197,0.0,0.06981,188.7196,1.6087,stand_2,228.8064,0.0,0.06981,0.0,0.06981,Sidewalk
438.0,109.2826,3.0923,3.00197,0.0,-0.0,188.7196,1.6087,stand_2,228.798,0.0,-0.0,0.0,-0.0,Sidewalk
438.5,109.2826,3.0923,3.03687,0.0,0.06981,188.7196,1.6087,stand_2,228.8064,0.0,0.06981,0.0,0.06981,Sidewalk
439.0,109.2826,3.0923,3.03687,0.0,-0.0,188.7196,1.6087,stand_2,228.798,0.0,-0.0,0.0,-0.0,Sidewalk
439.5,109.2826,3.0923,3.07178,0.0,0.06981,188.7196,1.6087,stand_2,228.8064,0.0,0.06981,0.0,0.06981,Sidewalk
440.0,109.2826,3.0923,3.07178,0.0,-0.0,188.7196,1.6087,stand_2,228.798,0.0,-0.0,0.0,-0.0,Sidewalk
440.5,109.2826,3.0923,3.10669,0.0,0.06981,188.7196,1.6087,stand_2,228.8063,0.0,0.06981,0.0,0.06981,Sidewalk
441.0,109.2826,3.0923,3.10669,0.0,-0.0,188.7196,1.6087,stand_2,228.798,0.0,-0.0,0.0,-0.0,Sidewalk
441.5,109.2826,3.0923,3.14159,0.0,0.06981,188.7196,1.6087,stand_2,228.8063,0.0,0.06981,0.0,0.06981,Sidewalk
442.0,109.2826,3.0923,3.14159,0.0,-0.0,188.7196,1.6087,stand_2,228.798,0.0,-0.0,0.0,-0.0,Sidewalk
442.5,109.2826,3.0923,-3.10669,0.0,0.06981,188.7196,1.6087,stand_2,228.8063,0.0,0.06981,0.0,0.06981,Sidewalk
443.0,109.2826,3.0923,-3.10669,0.0,-0.0,188.7196,1.6087,stand_2,228.798,0.0,-0.0,0.0,-0.0,Sidewalk
443.5,109.2826,3.0923,-3.07178,0.0,0.06981,188.7196,1.6087,stand_2,228.8063,0.0,0.06981,0.0,0.06981,Sidewalk
444.0,109.2826,3.0923,-3.07178,0.0,-0.0,188.7196,1.6087,stand_2,228.798,0.0,-0.0,0.0,-0.0,Sidewalk
444.5,109.2826,3.0923,-3.03687,0.0,0.06981,188.7196,1.6087,stand_2,228.8063,0.0,0.06981,0.0,0.06981,Sidewalk
445.0,109.2826,3.0923,-3.03687,0.0,-0.0,188.7196,1.6087,stand_2,228.798,0.0,-0.0,0.0,-0.0,Sidewalk
445.5,109.2826,3.0923,-3.00197,0.0,0.06981,188.7196,1.6087,stand_2,228.8063,0.0,0.06981,0.0,0.06981,Sidewalk
446.0,109.2826,3.0923,-3.00197,0.0,-0.0,188.7196,1.6087,stand_2,228.7979,0.0,-0.0,0.0,-0.0,Sidewalk
446.5,109.2826,3.0923,-2.96706,0.0,0.06981,188.7196,1.6087,stand_2,228.8063,0.0,0.06981,0.0,0.06981,Sidewalk
447.0,109.2826,3.0923,-2.96706,0.0,-0.0,188.7196,1.6087,stand_2,228.7979,0.0,-0.0,0.0,-0.0,Sidewalk
447.5,109.2826,3.0923,-2.93215,0.0,0.06981,188.7196,1.6087,stand_2,228.8063,0.0,0.06981,0.0,0.06981,Sidewalk
448.0,109.2826,3.0923,-2.93215,0.0,-0.0,188.7196,1.6087,stand_2,228.7979,0.0,-0.0,0.0,-0.0,Sidewalk
448.5,109.2826,3.0923,-2.89725,0.0,0.06981,188.7196,1.6087,stand_2,228.8063,0.0,0.06981,0.0,0.06981,Sidewalk
449.0,109.2826,3.0923,-2.89725,0.0,-0.0,188.7196,1.6087,stand_2,228.7979,0.0,-0.0,0.0,-0.0,Sidewalk
449.5,109.2826,3.0923,-2.86234,0.0,0.06981,188.7196,1.6087,stand_2,228.8063,0.0,0.06981,0.0,0.06981,Sidewalk
450.0,109.2826,3.0923,-2.86234,0.0,-0.0,188.7196,1.6087,stand_2,228.7979,0.0,-0.0,0.0,-0.0,Sidewalk
450.5,109.2826,3.0923,-2.82743,0.0,0.06981,188.7196,1.6087,stand_2,228.8063,0.0,0.06981,0.0,0.06981,Sidewalk
451.0,109.2826,3.0923,-2.82743,0.0,-0.0,188.7196,1.6088,stand_2,228.7979,0.0,-0.0,0.0,-0.0,Sidewalk
451.5,109.2826,3.0923,-2.79253,0.0,0.06981,188.7196,1.6088,stand_2,228.8063,0.0,0.06981,0.0,0.06981,Sidewalk
452.0,109.2826,3.0923,-2.79253,0.0,-0.0,188.7196,1.6088,stand_2,228.7979,0.0,-0.0,0.0,-0.0,Sidewalk
452.5,109.2826,3.0923,-2.75762,0.0,0.06981,188.7196,1.6088,stand_2,228.8063,0.0,0.06981,0.0,0.06981,Sidewalk
453.0,109.2826,3.0923,-2.75762,0.0,-0.0,188.7196,1.6088,stand_2,228.7979,0.0,-0.0,0.0,-0.0,Sidewalk
453.5,109.2826,3.0923,-2.72271,0.0,0.06981,188.7196,1.6088,stand_2,228.8063,0.0,0.06981,0.0,0.06981,Sidewalk
454.0,109.2826,3.0923,-2.72271,0.0,-0.0,188.7196,1.6088,stand_2,228.7979,0.0,-0.0,0.0,-0.0,Sidewalk
454.5,109.2826,3.0923,-2.68781,0.0,0.06981,188.7196,1.6088,stand_2,228.8063,0.0,0.06981,0.0,0.06981,Sidewalk
455.0,109.2826,3.0923,-2.68781,0.0,-0.0,188.7196,1.6088,stand_2,228.7979,0.0,-0.0,0.0,-0.0,Sidewalk
455.5,109.2826,3.0923,-2.6529,0.0,0.06981,188.7196,1.6088,stand_2,228.8063,0.0,0.06981,0.0,0.06981,Sidewalk
456.0,109.2826,3.0923,-2.6529,0.0,-0.0,188.7196,1.6088,stand_2,228.7979,0.0,-0.0,0.0,-0.0,Sidewalk
456.5,109.2826,3.0923,-2.61799,0.0,0.06981,188.7196,1.6088,stand_2,228.8063,0.0,0.06981,0.0,0.06981,Sidewalk
457.0,109.2826,3.0923,-2.61799,0.0,-0.0,188.7196,1.6088,stand_2,228.7979,0.0,-0.0,0.0,-0.0,Sidewalk
457.5,109.2826,3.0923,-2.58309,0.0,0.06981,188.7196,1.6088,stand_2,228.8063,0.0,0.06981,0.0,0.06981,Sidewalk
458.0,109.2826,3.0923,-2.58309,0.0,-0.0,188.7196,1.6088,stand_2,228.7979,0.0,-0.0,0.0,-0.0,Sidewalk
458.5,109.2826,3.0923,-2.54818,0.0,0.06981,188.7196,1.6088,stand_2,228.8063,0.0,0.06981,0.0,0.06981,Sidewalk
459.0,109.2826,3.0923,-2.54818,0.0,-0.0,188.7196,1.6088,stand_2,228.7979,0.0,-0.0,0.0,-0.0,Sidewalk
459.5,109.2826,3.0923,-2.51327,0.0,0.06981,188.7196,1.6088,stand_2,228.8063,0.0,0.06981,0.0,0.06981,Sidewalk
460.0,109.2826,3.0923,-2.51327,0.0,-0.0,188.7196,1.6088,stand_2,228.7979,0.0,-0.0,0.0,-0.0,Sidewalk
460.5,109.2826,3.0923,-2.47837,0.0,0.06981,188.7196,1.6088,stand_2,228.8063,0.0,0.06981,0.0,0.06981,Sidewalk
461.0,109.2826,3.0923,-2.47837,0.0,-0.0,188.7196,1.6088,stand_2,228.7979,0.0,-0.0,0.0,-0.0,Sidewalk
461.5,109.2826,3.0923,-2.44346,0.0,0.06981,188.7196,1.6088,stand_2,228.8063,0.0,0.06981,0.0,0.06981,Sidewalk
462.0,109.2826,3.0923,-2.44346,0.0,-0.0,188.7196,1.6088,stand_2,228.7979,0.0,-0.0,0.0,-0.0,Sidewalk
462.5,109.2826,3.0923,-2.40855,0.0,0.06981,188.7196,1.6088,stand_2,228.8063,0.0,0.06981,0.0,0.06981,Sidewalk
463.0,109.2826,3.0923,-2.40855,0.0,-0.0,188.7196,1.6088,stand_2,228.7979,0.0,-0.0,0.0,-0.0,Sidewalk
463.5,109.2826,3.0923,-2.37365,0.0,0.06981,188.7196,1.6088,stand_2,228.8063,0.0,0.06981,0.0,0.06981,Sidewalk
464.0,109.2826,3.0923,-2.37365,0.0,-0.0,188.7196,1.6088,stand_2,228.7979,0.0,-0.0,0.0,-0.0,Sidewalk
464.5,109.2826,3.0923,-2.33874,0.0,0.06981,188.7196,1.6088,stand_2,228.8062,0.0,0.06981,0.0,0.06981,Sidewalk
465.0,109.2826,3.0923,-2.33874,0.0,-0.0,188.7196,1.6088,stand_2,228.7979,0.0,-0.0,0.0,-0.0,Sidewalk
465.5,109.2826,3.0923,-2.30383,0.0,0.06981,188.7196,1.6088,stand_2,228.8062,0.0,0.06981,0.0,0.06981,Sidewalk
466.0,109.2826,3.0923,-2.30383,0.0,-0.0,188.7196,1.6088,stand_2,228.7979,0.0,-0.0,0.0,-0.0,Sidewalk
466.5,109.2826,3.0923,-2.26893,0.0,0.06981,188.7196,1.6088,stand_2,228.8062,0.0,0.06981,0.0,0.06981,Sidewalk
467.0,109.2826,3.0923,-2.26893,0.0,-0.0,188.7196,1.6088,stand_2,228.7979,0.0,-0.0,0.0,-0.0,Sidewalk
467.5,109.2826,3.0923,-2.23402,0.0,0.06981,188.7196,1.6088,stand_2,228.8062,0.0,0.06981,0.0,0.06981,Sidewalk
468.0,109.2826,3.0923,-2.23402,0.0,-0.0,188.7196,1.6088,stand_2,228.7979,0.0,-0.0,0.0,-0.0,Sidewalk
468.5,109.2826,3.0923,-2.19911,0.0,0.06981,188.7196,1.6088,stand_2,228.8062,0.0,0.06981,0.0,0.06981,Sidewalk
469.0,109.2826,3.0923,-2.19911,0.0,-0.0,188.7196,1.6088,stand_2,228.7978,0.0,-0.0,0.0,-0.0,Sidewalk
469.5,109.2826,3.0923,-2.16421,0.0,0.06981,188.7196,1.6088,stand_2,228.8062,0.0,0.06981,0.0,0.06981,Sidewalk
470.0,109.2826,3.0923,-2.16421,0.0,-0.0,188.7196,1.6088,stand_2,228.7978,0.0,-0.0,0.0,-0.0,Sidewalk
470.5,109.2826,3.0923,-2.1293,0.0,0.06981,188.7196,1.6088,stand_2,228.8062,0.0,0.06981,0.0,0.06981,Sidewalk
471.0,109.2826,3.0923,-2.1293,0.0,-0.0,188.7196,1.6088,stand_2,228.7978,0.0,-0.0,0.0,-0.0,Sidewalk
471.5,109.2826,3.0923,-2.0944,0.0,0.06981,188.7196,1.6088,stand_2,228.8062,0.0,0.06981,0.0,0.06981,Sidewalk
472.0,109.2826,3.0923,-2.0944,0.0,-0.0,188.7196,1.6088,stand_2,228.7978,0.0,-0.0,0.0,-0.0,Sidewalk
472.5,109.2826,3.0923,-2.05949,0.0,0.06981,188.7196,1.6088,stand_2,228.8062,0.0,0.06981,0.0,0.06981,Sidewalk
473.0,109.2826,3.0923,-2.05949,0.0,-0.0,188.7196,1.6088,stand_2,228.7978,0.0,-0.0,0.0,-0.0,Sidewalk
473.5,109.2826,3.0923,-2.02458,0.0,0.06981,188.7196,1.6088,stand_2,228.8062,0.0,0.06981,0.0,0.06981,Sidewalk
474.0,109.2826,3.0923,-2.02458,0.0,-0.0,188.7196,1.6088,stand_2,228.7978,0.0,-0.0,0.0,-0.0,Sidewalk
474.5,109.2826,3.0923,-1.98968,0.0,0.06981,188.7196,1.6088,stand_2,228.8062,0.0,0.06981,0.0,0.06981,Sidewalk
475.0,109.2826,3.0923,-1.98968,0.0,-0.0,188.7196,1.6088,stand_2,228.7978,0.0,-0.0,0.0,-0.0,Sidewalk
475.5,109.2826,3.0923,-1.95477,0.0,0.06981,188.7196,1.6088,stand_2,228.8062,0.0,0.06981,0.0,0.06981,Sidewalk
476.0,109.2826,3.0923,-1.95477,0.0,-0.0,188.7196,1.6088,stand_2,228.7978,0.0,-0.0,0.0,-0.0,Sidewalk
476.5,109.2826,3.0923,-1.91986,0.0,0.06981,188.7196,1.6088,stand_2,228.8062,0.0,0.06981,0.0,0.06981,Sidewalk
477.0,109.2826,3.0923,-1.91986,0.0,-0.0,188.7196,1.6088,stand_2,228.7978,0.0,-0.0,0.0,-0.0,Sidewalk
477.5,109.2826,3.0923,-1.88496,0.0,0.06981,188.7196,1.6088,stand_2,228.8062,0.0,0.06981,0.0,0.06981,Sidewalk
478.0,109.2826,3.0923,-1.88496,0.0,-0.0,188.7196,1.6088,stand_2,228.7978,0.0,-0.0,0.0,-0.0,Sidewalk
478.5,109.2826,3.0923,-1.85005,0.0,0.06981,188.7196,1.6088,stand_2,228.8062,0.0,0.06981,0.0,0.06981,Sidewalk
479.0,109.2826,3.0923,-1.85005,0.0,-0.0,188.7196,1.6088,stand_2,228.7978,0.0,-0.0,0.0,-0.0,Sidewalk
479.5,109.2826,3.0923,-1.81514,0.0,0.06981,188.7196,1.6088,stand_2,228.8062,0.0,0.06981,0.0,0.06981,Sidewalk
480.0,109.2826,3.0923,-1.81514,0.0,-0.0,188.7196,1.6088,stand_2,228.7978,0.0,-0.0,0.0,-0.0,Sidewalk
480.5,109.2826,3.0923,-1.78024,0.0,0.06981,188.7196,1.6088,stand_2,228.8062,0.0,0.06981,0.0,0.06981,Sidewalk
481.0,109.2826,3.0923,-1.78024,0.0,-0.0,188.7196,1.6088,stand_2,228.7978,0.0,-0.0,0.0,-0.0,Sidewalk
481.5,109.2826,3.0923,-1.74533,0.0,0.06981,188.7196,1.6088,stand_2,228.8062,0.0,0.06981,0.0,0.06981,Sidewalk
482.0,109.2826,3.0923,-1.74533,0.0,-0.0,188.7196,1.6088,stand_2,228.7978,0.0,-0.0,0.0,-0.0,Sidewalk
482.5,109.2826,3.0923,-1.71042,0.0,0.06981,188.7196,1.6088,stand_2,228.8062,0.0,0.06981,0.0,0.06981,Sidewalk
483.0,109.2826,3.0923,-1.71042,0.0,-0.0,188.7196,1.6088,stand_2,228.7978,0.0,-0.0,0.0,-0.0,Sidewalk
483.5,109.2826,3.0923,-1.67552,0.0,0.06981,188.7196,1.6088,stand_2,228.8062,0.0,0.06981,0.0,0.06981,Sidewalk
484.0,109.2826,3.0923,-1.67552,0.0,-0.0,188.7196,1.6088,stand_2,228.7978,0.0,-0.0,0.0,-0.0,Sidewalk
484.5,109.2826,3.0923,-1.64061,0.0,0.06981,188.7196,1.6088,stand_2,228.8062,0.0,0.06981,0.0,0.06981,Sidewalk
485.0,109.2826,3.0923,-1.64061,0.0,-0.0,188.7196,1.6088,stand_2,228.7978,0.0,-0.0,0.0,-0.0,Sidewalk
485.5,109.2826,3.0923,-1.6057,0.0,0.06981,188.7196,1.6088,stand_2,228.8062,0.0,0.06981,0.0,0.06981,Sidewalk
486.0,109.2826,3.0923,-1.6057,0.0,-0.0,188.7196,1.6088,stand_2,228.7978,0.0,-0.0,0.0,-0.0,Sidewalk
486.5,109.2826,3.0923,-1.5708,0.0,0.06981,188.7196,1.6088,stand_2,228.8061,0.0,0.06981,0.0,0.06981,Sidewalk
487.0,109.2826,3.0923,-1.5708,0.0,-0.0,188.7196,1.6088,stand_2,228.7978,0.0,-0.0,0.0,-0.0,Sidewalk
487.5,109.2826,3.0923,-1.53589,0.0,0.06981,188.7196,1.6088,stand_2,228.8061,0.0,0.06981,0.0,0.06981,Sidewalk
488.0,109.2826,3.0923,-1.53589,0.0,-0.0,188.7196,1.6088,stand_2,228.7978,0.0,-0.0,0.0,-0.0,Sidewalk
488.5,109.2826,3.0923,-1.50098,0.0,0.06981,188.7196,1.6088,stand_2,228.8061,0.0,0.06981,0.0,0.06981,Sidewalk
489.0,109.2826,3.0923,-1.50098,0.0,-0.0,188.7196,1.6088,stand_2,228.7978,0.0,-0.0,0.0,-0.0,Sidewalk
489.5,109.2826,3.0923,-1.46608,0.0,0.06981,188.7196,1.6088,stand_2,228.8061,0.0,0.06981,0.0,0.06981,Sidewalk
490.0,109.2826,3.0923,-1.46608,0.0,-0.0,188.7196,1.6088,stand_2,228.7978,0.0,-0.0,0.0,-0.0,Sidewalk
490.5,109.2826,3.0923,-1.43117,0.0,0.06981,188.7196,1.6089,stand_2,228.8061,0.0,0.06981,0.0,0.06981,Sidewalk
491.0,109.2826,3.0923,-1.43117,0.0,-0.0,188.7196,1.6089,stand_2,228.7978,0.0,-0.0,0.0,-0.0,Sidewalk
491.5,109.2826,3.0923,-1.39626,0.0,0.06981,188.7196,1.6089,stand_2,228.8061,0.0,0.06981,0.0,0.06981,Sidewalk
492.0,109.2826,3.0923,-1.39626,0.0,-0.0,188.7196,1.6089,stand_2,228.7977,0.0,-0.0,0.0,-0.0,Sidewalk
492.5,109.2826,3.0923,-1.36136,0.0,0.06981,188.7196,1.6089,stand_2,228.8061,0.0,0.06981,0.0,0.06981,Sidewalk
493.0,109.2826,3.0923,-1.36136,0.0,-0.0,188.7196,1.6089,stand_2,228.7977,0.0,-0.0,0.0,-0.0,Sidewalk
493.5,109.2826,3.0923,-1.32645,0.0,0.06981,188.7196,1.6089,stand_2,228.8061,0.0,0.06981,0.0,0.06981,Sidewalk
494.0,109.2826,3.0923,-1.32645,0.0,-0.0,188.7196,1.6089,stand_2,228.7977,0.0,-0.0,0.0,-0.0,Sidewalk
494.5,109.2826,3.0923,-1.29154,0.0,0.06981,188.7196,1.6089,stand_2,228.8061,0.0,0.06981,0.0,0.06981,Sidewalk
495.0,109.2826,3.0923,-1.29154,0.0,-0.0,188.7196,1.6089,stand_2,228.7977,0.0,-0.0,0.0,-0.0,Sidewalk
495.5,109.2826,3.0923,-1.25664,0.0,0.06981,188.7196,1.6089,stand_2,228.8061,0.0,0.06981,0.0,0.06981,Sidewalk
496.0,109.2826,3.0923,-1.25664,0.0,-0.0,188.7196,1.6089,stand_2,228.7977,0.0,-0.0,0.0,-0.0,Sidewalk
496.5,109.2826,3.0923,-1.22173,0.0,0.06981,188.7196,1.6089,stand_2,228.8061,0.0,0.06981,0.0,0.06981,Sidewalk
497.0,109.2826,3.0923,-1.22173,0.0,-0.0,188.7196,1.6089,stand_2,228.7977,0.0,-0.0,0.0,-0.0,Sidewalk
497.5,109.2826,3.0923,-1.18682,0.0,0.06981,188.7196,1.6089,stand_2,228.8061,0.0,0.06981,0.0,0.06981,Sidewalk
498.0,109.2826,3.0923,-1.18682,0.0,-0.0,188.7196,1.6089,stand_2,228.7977,0.0,-0.0,0.0,-0.0,Sidewalk
498.5,109.2826,3.0923,-1.15192,0.0,0.06981,188.7196,1.6089,stand_2,228.8061,0.0,0.06981,0.0,0.06981,Sidewalk
499.0,109.2826,3.0923,-1.15192,0.0,-0.0,188.7196,1.6089,stand_2,228.7977,0.0,-0.0,0.0,-0.0,Sidewalk
499.5,109.2826,3.0923,-1.11701,0.0,0.06981,188.7196,1.6089,stand_2,228.8061,0.0,0.06981,0.0,0.06981,Sidewalk
500.0,109.2826,3.0923,-1.11701,0.0,-0.0,188.7196,1.6089,stand_2,228.7977,0.0,-0.0,0.0,-0.0,Sidewalk
500.5,109.2826,3.0923,-1.0821,0.0,0.06981,188.7196,1.6089,stand_2,228.8061,0.0,0.06981,0.0,0.06981,Sidewalk
501.0,109.2826,3.0923,-1.0821,0.0,-0.0,188.7196,1.6089,stand_2,228.7977,0.0,-0.0,0.0,-0.0,Sidewalk
501.5,109.2826,3.0923,-1.0472,0.0,0.06981,188.7196,1.6089,stand_2,228.8061,0.0,0.06981,0.0,0.06981,Sidewalk
502.0,109.2826,3.0923,-1.0472,0.0,-0.0,188.7196,1.6089,stand_2,228.7977,0.0,-0.0,0.0,-0.0,Sidewalk
502.5,109.2826,3.0923,-1.01229,0.0,0.06981,188.7196,1.6089,stand_2,228.8061,0.0,0.06981,0.0,0.06981,Sidewalk
503.0,109.2826,3.0923,-1.01229,0.0,-0.0,188.7196,1.6089,stand_2,228.7977,0.0,-0.0,0.0,-0.0,Sidewalk
503.5,109.2826,3.0923,-0.97738,0.0,0.06981,188.7196,1.6089,stand_2,228.8061,0.0,0.06981,0.0,0.06981,Sidewalk
504.0,109.2826,3.0923,-0.97738,0.0,-0.0,188.7196,1.6089,stand_2,228.7977,0.0,-0.0,0.0,-0.0,Sidewalk
504.5,109.2826,3.0923,-0.94248,0.0,0.06981,188.7196,1.6089,stand_2,228.8061,0.0,0.06981,0.0,0.06981,Sidewalk
505.0,109.2826,3.0923,-0.94248,0.0,-0.0,188.7196,1.6089,stand_2,228.7977,0.0,-0.0,0.0,-0.0,Sidewalk
505.5,109.2826,3.0923,-0.90757,0.0,0.06981,188.7196,1.6089,stand_2,228.8061,0.0,0.06981,0.0,0.06981,Sidewalk
506.0,109.2826,3.0923,-0.90757,0.0,-0.0,188.7196,1.6089,stand_2,228.7977,0.0,-0.0,0.0,-0.0,Sidewalk
506.5,109.2826,3.0923,-0.87266,0.0,0.06981,188.7196,1.6089,stand_2,228.8061,0.0,0.06981,0.0,0.06981,Sidewalk
507.0,109.2826,3.0923,-0.87266,0.0,-0.0,188.7196,1.6089,stand_2,228.7977,0.0,-0.0,0.0,-0.0,Sidewalk
507.5,109.2826,3.0923,-0.83776,0.0,0.06981,188.7196,1.6089,stand_2,228.8061,0.0,0.06981,0.0,0.06981,Sidewalk
508.0,109.2826,3.0923,-0.83776,0.0,-0.0,188.7196,1.6089,stand_2,228.7977,0.0,-0.0,0.0,-0.0,Sidewalk
508.5,109.2826,3.0923,-0.80285,0.0,0.06981,188.7196,1.6089,stand_2,228.8061,0.0,0.06981,0.0,0.06981,Sidewalk
509.0,109.2826,3.0923,-0.80285,0.0,-0.0,188.7196,1.6089,stand_2,228.7977,0.0,-0.0,0.0,-0.0,Sidewalk
509.5,109.2826,3.0923,-0.76794,0.0,0.06981,188.7196,1.6089,stand_2,228.8061,0.0,0.06981,0.0,0.06981,Sidewalk
510.0,109.2826,3.0923,-0.76794,0.0,-0.0,188.7196,1.6089,stand_2,228.7977,0.0,-0.0,0.0,-0.0,Sidewalk
510.5,109.2826,3.0923,-0.73304,0.0,0.06981,188.7196,1.6089,stand_2,228.8061,0.0,0.06981,0.0,0.06981,Sidewalk
511.0,109.2826,3.0923,-0.73304,0.0,-0.0,188.7196,1.6089,stand_2,228.7977,0.0,-0.0,0.0,-0.0,Sidewalk
511.5,109.2826,3.0923,-0.69813,0.0,0.06981,188.7196,1.6089,stand_2,228.806,0.0,0.06981,0.0,0.06981,Sidewalk
512.0,109.2826,3.0923,-0.69813,0.0,-0.0,188.7196,1.6089,stand_2,228.7977,0.0,-0.0,0.0,-0.0,Sidewalk
512.5,109.2826,3.0923,-0.66323,0.0,0.06981,188.7196,1.6089,stand_2,228.806,0.0,0.06981,0.0,0.06981,Sidewalk
513.0,109.2826,3.0923,-0.66323,0.0,-0.0,188.7196,1.6089,stand_2,228.7977,0.0,-0.0,0.0,-0.0,Sidewalk
513.5,109.2826,3.0923,-0.62832,0.0,0.06981,188.7196,1.6089,stand_2,228.806,0.0,0.06981,0.0,0.06981,Sidewalk
514.0,109.2826,3.0923,-0.62832,0.0,-0.0,188.7196,1.6089,stand_2,228.7977,0.0,-0.0,0.0,-0.0,Sidewalk
514.5,109.2826,3.0923,-0.59341,0.0,0.06981,188.7196,1.6089,stand_2,228.806,0.0,0.06981,0.0,0.06981,Sidewalk
515.0,109.2826,3.0923,-0.59341,0.0,-0.0,188.7196,1.6089,stand_2,228.7977,0.0,-0.0,0.0,-0.0,Sidewalk
515.5,109.2826,3.0923,-0.55851,0.0,0.06981,188.7196,1.6089,stand_2,228.806,0.0,0.06981,0.0,0.06981,Sidewalk
516.0,109.2826,3.0923,-0.55851,0.0,-0.0,188.7196,1.6089,stand_2,228.7977,0.0,-0.0,0.0,-0.0,Sidewalk
516.5,109.2826,3.0923,-0.5236,0.0,0.06981,188.7196,1.6089,stand_2,228.806,0.0,0.06981,0.0,0.06981,Sidewalk
517.0,109.2826,3.0923,-0.5236,0.0,-0.0,188.7196,1.6089,stand_2,228.7976,0.0,-0.0,0.0,-0.0,Sidewalk
517.5,109.2826,3.0923,-0.48869,0.0,0.06981,188.7196,1.6089,stand_2,228.806,0.0,0.06981,0.0,0.06981,Sidewalk
518.0,109.2826,3.0923,-0.48869,0.0,-0.0,188.7196,1.6089,stand_2,228.7976,0.0,-0.0,0.0,-0.0,Sidewalk
518.5,109.2826,3.0923,-0.45379,0.0,0.06981,188.7196,1.6089,stand_2,228.806,0.0,0.06981,0.0,0.06981,Sidewalk
519.0,109.2826,3.0923,-0.45379,0.0,-0.0,188.7196,1.6089,stand_2,228.7976,0.0,-0.0,0.0,-0.0,Sidewalk
519.5,109.2826,3.0923,-0.41888,0.0,0.06981,188.7196,1.6089,stand_2,228.806,0.0,0.06981,0.0,0.06981,Sidewalk
520.0,109.2826,3.0923,-0.41888,0.0,-0.0,188.7196,1.6089,stand_2,228.7976,0.0,-0.0,0.0,-0.0,Sidewalk
520.5,109.2826,3.0923,-0.38397,0.0,0.06981,188.7196,1.6089,stand_2,228.806,0.0,0.06981,0.0,0.06981,Sidewalk
521.0,109.2826,3.0923,-0.38397,0.0,-0.0,188.7196,1.6089,stand_2,228.7976,0.0,-0.0,0.0,-0.0,Sidewalk
521.5,109.2826,3.0923,-0.34907,0.0,0.06981,188.7196,1.6089,stand_2,228.806,0.0,0.06981,0.0,0.06981,Sidewalk
522.0,109.2826,3.0923,-0.34907,0.0,-0.0,188.7196,1.6089,stand_2,228.7976,0.0,-0.0,0.0,-0.0,Sidewalk
522.5,109.2826,3.0923,-0.31416,0.0,0.06981,188.7196,1.6089,stand_2,228.806,0.0,0.06981,0.0,0.06981,Sidewalk
523.0,109.2826,3.0923,-0.31416,0.0,-0.0,188.7196,1.6089,stand_2,228.7976,0.0,-0.0,0.0,-0.0,Sidewalk
523.5,109.2826,3.0923,-0.27925,0.0,0.06981,188.7196,1.6089,stand_2,228.806,0.0,0.06981,0.0,0.06981,Sidewalk
524.0,109.2826,3.0923,-0.27925,0.0,-0.0,188.7196,1.6089,stand_2,228.7976,0.0,-0.0,0.0,-0.0,Sidewalk
524.5,109.2826,3.0923,-0.24435,0.0,0.06981,188.7196,1.6089,stand_2,228.806,0.0,0.06981,0.0,0.06981,Sidewalk
525.0,109.2826,3.0923,-0.24435,0.0,-0.0,188.7196,1.6089,stand_2,228.7976,0.0,-0.0,0.0,-0.0,Sidewalk
525.5,109.2826,3.0923,-0.20944,0.0,0.06981,188.7196,1.6089,stand_2,228.806,0.0,0.06981,0.0,0.06981,Sidewalk
526.0,109.2826,3.0923,-0.20944,0.0,-0.0,188.7196,1.6089,stand_2,228.7976,0.0,-0.0,0.0,-0.0,Sidewalk
526.5,109.2826,3.0923,-0.17453,0.0,0.06981,188.7196,1.6089,stand_2,228.806,0.0,0.06981,0.0,0.06981,Sidewalk
527.0,109.2826,3.0923,-0.17453,0.0,-0.0,188.7196,1.6089,stand_2,228.7976,0.0,-0.0,0.0,-0.0,Sidewalk
527.5,109.2826,3.0923,-0.13963,0.0,0.06981,188.7196,1.6089,stand_2,228.806,0.0,0.06981,0.0,0.06981,Sidewalk
528.0,109.2826,3.0923,-0.13963,0.0,-0.0,188.7196,1.6089,stand_2,228.7976,0.0,-0.0,0.0,-0.0,Sidewalk
528.5,109.2826,3.0923,-0.10472,0.0,0.06981,188.7196,1.6089,stand_2,228.806,0.0,0.06981,0.0,0.06981,Sidewalk
529.0,109.2826,3.0923,-0.10472,0.0,-0.0,188.7196,1.6089,stand_2,228.7976,0.0,-0.0,0.0,-0.0,Sidewalk
529.5,109.2826,3.0923,-0.06981,0.0,0.06981,188.7196,1.6089,stand_2,228.806,0.0,0.06981,0.0,0.06981,Sidewalk
530.0,109.2826,3.0923,-0.06981,0.0,-0.0,188.7196,1.6089,stand_2,228.7976,0.0,-0.0,0.0,-0.0,Sidewalk
530.5,109.2826,3.0923,-0.03491,0.0,0.06981,188.7196,1.6089,stand_2,228.806,0.0,0.06981,0.0,0.06981,Sidewalk
531.0,109.2826,3.0923,-0.03491,0.0,-0.0,188.7196,1.6089,stand_2,228.7976,0.0,-0.0,0.0,-0.0,Sidewalk
531.5,109.2826,3.0923,-0.0,0.0,0.06981,188.7196,1.6089,stand_2,228.806,0.0,0.06981,0.0,0.06981,Sidewalk
532.0,109.2826,3.0923,-0.0,0.0,-0.0,188.7196,1.6089,stand_2,228.7976,0.0,-0.0,0.0,-0.0,Sidewalk
532.5,109.2826,3.0923,0.03491,0.0,0.06981,188.7196,1.6089,stand_2,228.806,0.0,0.06981,0.0,0.06981,Sidewalk
533.0,109.2826,3.0923,0.03491,0.0,-0.0,188.7196,1.6089,stand_2,228.7976,0.0,-0.0,0.0,-0.0,Sidewalk
533.5,109.2826,3.0923,0.06981,0.0,0.06981,188.7196,1.6089,stand_2,228.806,0.0,0.06981,0.0,0.06981,Sidewalk
534.0,109.2826,3.0923,0.06981,0.0,-0.0,188.7196,1.609,stand_2,228.7976,0.0,-0.0,0.0,-0.0,Sidewalk
534.5,109.2826,3.0923,0.10472,0.0,0.06981,188.7196,1.609,stand_2,228.806,0.0,0.06981,0.0,0.06981,Sidewalk
535.0,109.2826,3.0923,0.10472,0.0,-0.0,188.7196,1.609,stand_2,228.7976,0.0,-0.0,0.0,-0.0,Sidewalk
535.5,109.2826,3.0923,0.13963,0.0,0.06981,188.7196,1.609,stand_2,228.806,0.0,0.06981,0.0,0.06981,Sidewalk
536.0,109.2826,3.0923,0.13963,0.0,-0.0,188.7196,1.609,stand_2,228.7976,0.0,-0.0,0.0,-0.0,Sidewalk
536.5,109.2826,3.0923,0.17453,0.0,0.06981,188.7196,1.609,stand_2,228.806,0.0,0.06981,0.0,0.06981,Sidewalk
537.0,109.2826,3.0923,0.17453,0.0,-0.0,188.7196,1.609,stand_2,228.7976,0.0,-0.0,0.0,-0.0,Sidewalk
537.5,109.2826,3.0923,0.20944,0.0,0.06981,188.7196,1.609,stand_2,228.8059,0.0,0.06981,0.0,0.06981,Sidewalk
538.0,109.2826,3.0923,0.20944,0.0,-0.0,188.7196,1.609,stand_2,228.7976,0.0,-0.0,0.0,-0.0,Sidewalk
538.5,109.2826,3.0923,0.24435,0.0,0.06981,188.7196,1.609,stand_2,228.8059,0.0,0.06981,0.0,0.06981,Sidewalk
539.0,109.2826,3.0923,0.24435,0.0,-0.0,188.7196,1.609,stand_2,228.7976,0.0,-0.0,0.0,-0.0,Sidewalk
539.5,109.2826,3.0923,0.27925,0.0,0.06981,188.7196,1.609,stand_2,228.8059,0.0,0.06981,0.0,0.06981,Sidewalk
540.0,109.2826,3.0923,0.27925,0.0,-0.0,188.7196,1.609,stand_2,228.7976,0.0,-0.0,0.0,-0.0,Sidewalk
540.5,109.2826,3.0923,0.31416,0.0,0.06981,188.7196,1.609,stand_2,228.8059,0.0,0.06981,0.0,0.06981,Sidewalk
541.0,109.2826,3.0923,0.31416,0.0,-0.0,188.7196,1.609,stand_2,228.7976,0.0,-0.0,0.0,-0.0,Sidewalk
541.5,109.2826,3.0923,0.34907,0.0,0.06981,188.7196,1.609,stand_2,228.8059,0.0,0.06981,0.0,0.06981,Sidewalk
542.0,109.2826,3.0923,0.34907,0.0,-0.0,188.7196,1.609,stand_2,228.7975,0.0,-0.0,0.0,-0.0,Sidewalk
542.5,109.2826,3.0923,0.38397,0.0,0.06981,188.7196,1.609,stand_2,228.8059,0.0,0.06981,0.0,0.06981,Sidewalk
543.0,109.2826,3.0923,0.38397,0.0,-0.0,188.7196,1.609,stand_2,228.7975,0.0,-0.0,0.0,-0.0,Sidewalk
543.5,109.2826,3.0923,0.41888,0.0,0.06981,188.7196,1.609,stand_2,228.8059,0.0,0.06981,0.0,0.06981,Sidewalk
544.0,109.2826,3.0923,0.41888,0.0,-0.0,188.7196,1.609,stand_2,228.7975,0.0,-0.0,0.0,-0.0,Sidewalk
544.5,109.2826,3.0923,0.45379,0.0,0.06981,188.7196,1.609,stand_2,228.8059,0.0,0.06981,0.0,0.06981,Sidewalk
545.0,109.2826,3.0923,0.45379,0.0,-0.0,188.7196,1.609,stand_2,228.7975,0.0,-0.0,0.0,-0.0,Sidewalk
545.5,109.2826,3.0923,0.48869,0.0,0.06981,188.7196,1.609,stand_2,228.8059,0.0,0.06981,0.0,0.06981,Sidewalk
546.0,109.2826,3.0923,0.48869,0.0,-0.0,188.7196,1.609,stand_2,228.7975,0.0,-0.0,0.0,-0.0,Sidewalk
546.5,109.2826,3.0923,0.5236,0.0,0.06981,188.7196,1.609,stand_2,228.8059,0.0,0.06981,0.0,0.06981,Sidewalk
547.0,109.2826,3.0923,0.5236,0.0,-0.0,188.7196,1.609,stand_2,228.7975,0.0,-0.0,0.0,-0.0,Sidewalk
547.5,109.2826,3.0923,0.55851,0.0,0.06981,188.7196,1.609,stand_2,228.8059,0.0,0.06981,0.0,0.06981,Sidewalk
548.0,109.2826,3.0923,0.55851,0.0,-0.0,188.7196,1.609,stand_2,228.7975,0.0,-0.0,0.0,-0.0,Sidewalk
548.5,109.2826,3.0923,0.59341,0.0,0.06981,188.7196,1.609,stand_2,228.8059,0.0,0.06981,0.0,0.06981,Sidewalk
549.0,109.2826,3.0923,0.59341,0.0,-0.0,188.7196,1.609,stand_2,228.7975,0.0,-0.0,0.0,-0.0,Sidewalk
549.5,109.2826,3.0923,0.62832,0.0,0.06981,188.7196,1.609,stand_2,228.8059,0.0,0.06981,0.0,0.06981,Sidewalk
550.0,109.2826,3.0923,0.62832,0.0,-0.0,188.7196,1.609,stand_2,228.7975,0.0,-0.0,0.0,-0.0,Sidewalk
550.5,109.2826,3.0923,0.66323,0.0,0.06981,188.7196,1.609,stand_2,228.8059,0.0,0.06981,0.0,0.06981,Sidewalk
551.0,109.2826,3.0923,0.66323,0.0,-0.0,188.7196,1.609,stand_2,228.7975,0.0,-0.0,0.0,-0.0,Sidewalk
551.5,109.2826,3.0923,0.69813,0.0,0.06981,188.7196,1.609,stand_2,228.8059,0.0,0.06981,0.0,0.06981,Sidewalk
552.0,109.2826,3.0923,0.69813,0.0,-0.0,188.7196,1.609,stand_2,228.7975,0.0,-0.0,0.0,-0.0,Sidewalk
552.5,109.2826,3.0923,0.73304,0.0,0.06981,188.7196,1.609,stand_2,228.8059,0.0,0.06981,0.0,0.06981,Sidewalk
553.0,109.2826,3.0923,0.73304,0.0,-0.0,188.7196,1.609,stand_2,228.7975,0.0,-0.0,0.0,-0.0,Sidewalk
553.5,109.2826,3.0923,0.76794,0.0,0.06981,188.7196,1.609,stand_2,228.8059,0.0,0.06981,0.0,0.06981,Sidewalk
554.0,109.2826,3.0923,0.76794,0.0,-0.0,188.7196,1.609,stand_2,228.7975,0.0,-0.0,0.0,-0.0,Sidewalk
554.5,109.2826,3.0923,0.80285,0.0,0.06981,188.7196,1.609,stand_2,228.8059,0.0,0.06981,0.0,0.06981,Sidewalk
555.0,109.2826,3.0923,0.80285,0.0,-0.0,188.7196,1.609,stand_2,228.7975,0.0,-0.0,0.0,-0.0,Sidewalk
555.5,109.2826,3.0923,0.83776,0.0,0.06981,188.7196,1.609,stand_2,228.8059,0.0,0.06981,0.0,0.06981,Sidewalk
556.0,109.2826,3.0923,0.83776,0.0,-0.0,188.7196,1.609,stand_2,228.7975,0.0,-0.0,0.0,-0.0,Sidewalk
556.5,109.2826,3.0923,0.87266,0.0,0.06981,188.7196,1.609,stand_2,228.8059,0.0,0.06981,0.0,0.06981,Sidewalk
557.0,109.2826,3.0923,0.87266,0.0,-0.0,188.7196,1.609,stand_2,228.7975,0.0,-0.0,0.0,-0.0,Sidewalk
557.5,109.2826,3.0923,0.90757,0.0,0.06981,188.7196,1.609,stand_2,228.8059,0.0,0.06981,0.0,0.06981,Sidewalk
558.0,109.2826,3.0923,0.90757,0.0,-0.0,188.7196,1.609,stand_2,228.7975,0.0,-0.0,0.0,-0.0,Sidewalk
558.5,109.2826,3.0923,0.94248,0.0,0.06981,188.7196,1.609,stand_2,228.8059,0.0,0.06981,0.0,0.06981,Sidewalk
559.0,109.2826,3.0923,0.94248,0.0,-0.0,188.7196,1.609,stand_2,228.7975,0.0,-0.0,0.0,-0.0,Sidewalk
559.5,109.2826,3.0923,0.97738,0.0,0.06981,188.7196,1.609,stand_2,228.8059,0.0,0.06981,0.0,0.06981,Sidewalk
560.0,109.2826,3.0923,0.97738,0.0,-0.0,188.7196,1.609,stand_2,228.7975,0.0,-0.0,0.0,-0.0,Sidewalk
560.5,109.2826,3.0923,1.01229,0.0,0.06981,188.7196,1.609,stand_2,228.8058,0.0,0.06981,0.0,0.06981,Sidewalk
561.0,109.2826,3.0923,1.01229,0.0,-0.0,188.7196,1.609,stand_2,228.7975,0.0,-0.0,0.0,-0.0,Sidewalk
561.5,109.2826,3.0923,1.0472,0.0,0.06981,188.7196,1.609,stand_2,228.8058,0.0,0.06981,0.0,0.06981,Sidewalk
562.0,109.2826,3.0923,1.0472,0.0,-0.0,188.7196,1.609,stand_2,228.7975,0.0,-0.0,0.0,-0.0,Sidewalk
562.5,109.2826,3.0923,1.0821,0.0,0.06981,188.7196,1.609,stand_2,228.8058,0.0,0.06981,0.0,0.06981,Sidewalk
563.0,109.2826,3.0923,1.0821,0.0,-0.0,188.7196,1.609,stand_2,228.7975,0.0,-0.0,0.0,-0.0,Sidewalk
563.5,109.2826,3.0923,1.11701,0.0,0.06981,188.7196,1.609,stand_2,228.8058,0.0,0.06981,0.0,0.06981,Sidewalk
564.0,109.2826,3.0923,1.11701,0.0,-0.0,188.7196,1.609,stand_2,228.7975,0.0,-0.0,0.0,-0.0,Sidewalk
564.5,109.2826,3.0923,1.15192,0.0,0.06981,188.7196,1.609,stand_2,228.8058,0.0,0.06981,0.0,0.06981,Sidewalk
565.0,109.2826,3.0923,1.15192,0.0,-0.0,188.7196,1.609,stand_2,228.7975,0.0,-0.0,0.0,-0.0,Sidewalk
565.5,109.2826,3.0923,1.18682,0.0,0.06981,188.7196,1.609,stand_2,228.8058,0.0,0.06981,0.0,0.06981,Sidewalk
566.0,109.2826,3.0923,1.18682,0.0,-0.0,188.7196,1.609,stand_2,228.7975,0.0,-0.0,0.0,-0.0,Sidewalk
566.5,109.2826,3.0923,1.22173,0.0,0.06981,188.7196,1.609,stand_2,228.8058,0.0,0.06981,0.0,0.06981,Sidewalk
567.0,109.2826,3.0923,1.22173,0.0,-0.0,188.7196,1.609,stand_2,228.7974,0.0,-0.0,0.0,-0.0,Sidewalk
567.5,109.2826,3.0923,1.25664,0.0,0.06981,188.7196,1.609,stand_2,228.8058,0.0,0.06981,0.0,0.06981,Sidewalk
568.0,109.2826,3.0923,1.25664,0.0,-0.0,188.7196,1.609,stand_2,228.7974,0.0,-0.0,0.0,-0.0,Sidewalk
568.5,109.2826,3.0923,1.29154,0.0,0.06981,188.7196,1.609,stand_2,228.8058,0.0,0.06981,0.0,0.06981,Sidewalk
569.0,109.2826,3.0923,1.29154,0.0,-0.0,188.7196,1.609,stand_2,228.7974,0.0,-0.0,0.0,-0.0,Sidewalk
569.5,109.2826,3.0923,1.32645,0.0,0.06981,188.7196,1.609,stand_2,228.8058,0.0,0.06981,0.0,0.06981,Sidewalk
570.0,109.2826,3.0923,1.32645,0.0,-0.0,188.7196,1.609,stand_2,228.7974,0.0,-0.0,0.0,-0.0,Sidewalk
570.5,109.2826,3.0923,1.36136,0.0,0.06981,188.7196,1.609,stand_2,228.8058,0.0,0.06981,0.0,0.06981,Sidewalk
571.0,109.2826,3.0923,1.36136,0.0,-0.0,188.7196,1.609,stand_2,228.7974,0.0,-0.0,0.0,-0.0,Sidewalk
571.5,109.2826,3.0923,1.39626,0.0,0.06981,188.7196,1.609,stand_2,228.8058,0.0,0.06981,0.0,0.06981,Sidewalk
572.0,109.2826,3.0923,1.39626,0.0,-0.0,188.7196,1.609,stand_2,228.7974,0.0,-0.0,0.0,-0.0,Sidewalk
572.5,109.2826,3.0923,1.43117,0.0,0.06981,188.7196,1.609,stand_2,228.8058,0.0,0.06981,0.0,0.06981,Sidewalk
573.0,109.2826,3.0923,1.43117,0.0,-0.0,188.7196,1.609,stand_2,228.7974,0.0,-0.0,0.0,-0.0,Sidewalk
573.5,109.2826,3.0923,1.46608,0.0,0.06981,188.7196,1.609,stand_2,228.8058,0.0,0.06981,0.0,0.06981,Sidewalk
574.0,109.2826,3.0923,1.46608,0.0,-0.0,188.7196,1.609,stand_2,228.7974,0.0,-0.0,0.0,-0.0,Sidewalk
574.5,109.2826,3.0923,1.50098,0.0,0.06981,188.7196,1.609,stand_2,228.8058,0.0,0.06981,0.0,0.06981,Sidewalk
575.0,109.2826,3.0923,1.50098,0.0,-0.0,188.7196,1.6091,stand_2,228.7974,0.0,-0.0,0.0,-0.0,Sidewalk
575.5,109.2826,3.0923,1.53589,0.0,0.06981,188.7196,1.6091,stand_2,228.8058,0.0,0.06981,0.0,0.06981,Sidewalk
576.0,109.2826,3.0923,1.53589,0.0,-0.0,188.7196,1.6091,stand_2,228.7974,0.0,-0.0,0.0,-0.0,Sidewalk
576.5,109.2826,3.0923,1.5708,0.0,0.06981,188.7196,1.6091,stand_2,228.8058,0.0,0.06981,0.0,0.06981,Sidewalk
577.0,109.2826,3.0923,1.5708,0.0,-0.0,188.7196,1.6091,stand_2,228.7974,0.0,-0.0,0.0,-0.0,Sidewalk
577.5,109.2826,3.0923,1.6057,0.0,0.06981,188.7196,1.6091,stand_2,228.8058,0.0,0.06981,0.0,0.06981,Sidewalk
578.0,109.2826,3.0923,1.6057,0.0,-0.0,188.7196,1.6091,stand_2,228.7974,0.0,-0.0,0.0,-0.0,Sidewalk
578.5,109.2826,3.0923,1.64061,0.0,0.06981,188.7196,1.6091,stand_2,228.8058,0.0,0.06981,0.0,0.06981,Sidewalk
579.0,109.2826,3.0923,1.64061,0.0,-0.0,188.7196,1.6091,stand_2,228.7974,0.0,-0.0,0.0,-0.0,Sidewalk
579.5,109.2826,3.0923,1.67552,0.0,0.06981,188.7196,1.6091,stand_2,228.8058,0.0,0.06981,0.0,0.06981,Sidewalk
580.0,109.2826,3.0923,1.67552,0.0,-0.0,188.7196,1.6091,stand_2,228.7974,0.0,-0.0,0.0,-0.0,Sidewalk
580.5,109.2826,3.0923,1.71042,0.0,0.06981,188.7196,1.6091,stand_2,228.8058,0.0,0.06981,0.0,0.06981,Sidewalk
581.0,109.2826,3.0923,1.71042,0.0,-0.0,188.7196,1.6091,stand_2,228.7974,0.0,-0.0,0.0,-0.0,Sidewalk
581.5,109.2826,3.0923,1.74533,0.0,0.06981,188.7196,1.6091,stand_2,228.8058,0.0,0.06981,0.0,0.06981,Sidewalk
582.0,109.2826,3.0923,1.74533,0.0,-0.0,188.7196,1.6091,stand_2,228.7974,0.0,-0.0,0.0,-0.0,Sidewalk
582.5,109.2826,3.0923,1.78024,0.0,0.06981,188.7196,1.6091,stand_2,228.8058,0.0,0.06981,0.0,0.06981,Sidewalk
583.0,109.2826,3.0923,1.78024,0.0,-0.0,188.7196,1.6091,stand_2,228.7974,0.0,-0.0,0.0,-0.0,Sidewalk
583.5,109.2826,3.0923,1.81514,0.0,0.06981,188.7196,1.6091,stand_2,228.8058,0.0,0.06981,0.0,0.06981,Sidewalk
584.0,109.2826,3.0923,1.81514,0.0,-0.0,188.7196,1.6091,stand_2,228.7974,0.0,-0.0,0.0,-0.0,Sidewalk
584.5,109.2826,3.0923,1.85005,0.0,0.06981,188.7196,1.6091,stand_2,228.8057,0.0,0.06981,0.0,0.06981,Sidewalk
585.0,109.2826,3.0923,1.85005,0.0,-0.0,188.7196,1.6091,stand_2,228.7974,0.0,-0.0,0.0,-0.0,Sidewalk
585.5,109.2826,3.0923,1.88496,0.0,0.06981,188.7196,1.6091,stand_2,228.8057,0.0,0.06981,0.0,0.06981,Sidewalk
586.0,109.2826,3.0923,1.88496,0.0,-0.0,188.7196,1.6091,stand_2,228.7974,0.0,-0.0,0.0,-0.0,Sidewalk
586.5,109.2826,3.0923,1.91986,0.0,0.06981,188.7196,1.6091,stand_2,228.8057,0.0,0.06981,0.0,0.06981,Sidewalk
587.0,109.2826,3.0923,1.91986,0.0,-0.0,188.7196,1.6091,stand_2,228.7974,0.0,-0.0,0.0,-0.0,Sidewalk
587.5,109.2826,3.0923,1.95477,0.0,0.06981,188.7196,1.6091,stand_2,228.8057,0.0,0.06981,0.0,0.06981,Sidewalk
588.0,109.2826,3.0923,1.95477,0.0,-0.0,188.7196,1.6091,stand_2,228.7974,0.0,-0.0,0.0,-0.0,Sidewalk
588.5,109.2826,3.0923,1.98968,0.0,0.06981,188.7196,1.6091,stand_2,228.8057,0.0,0.06981,0.0,0.06981,Sidewalk
589.0,109.2826,3.0923,1.98968,0.0,-0.0,188.7196,1.6091,stand_2,228.7974,0.0,-0.0,0.0,-0.0,Sidewalk
589.5,109.2826,3.0923,2.02458,0.0,0.06981,188.7196,1.6091,stand_2,228.8057,0.0,0.06981,0.0,0.06981,Sidewalk
590.0,109.2826,3.0923,2.02458,0.0,-0.0,188.7196,1.6091,stand_2,228.7973,0.0,-0.0,0.0,-0.0,Sidewalk
590.5,109.2826,3.0923,2.05949,0.0,0.06981,188.7196,1.6091,stand_2,228.8057,0.0,0.06981,0.0,0.06981,Sidewalk
591.0,109.2826,3.0923,2.05949,0.0,-0.0,188.7196,1.6091,stand_2,228.7973,0.0,-0.0,0.0,-0.0,Sidewalk
591.5,109.2826,3.0923,2.0944,0.0,0.06981,188.7196,1.6091,stand_2,228.8057,0.0,0.06981,0.0,0.06981,Sidewalk
592.0,109.2826,3.0923,2.0944,0.0,-0.0,188.7196,1.6091,stand_2,228.7973,0.0,-0.0,0.0,-0.0,Sidewalk
592.5,109.2826,3.0923,2.1293,0.0,0.06981,188.7196,1.6091,stand_2,228.8057,0.0,0.06981,0.0,0.06981,Sidewalk
593.0,109.2826,3.0923,2.1293,0.0,-0.0,188.7196,1.6091,stand_2,228.7973,0.0,-0.0,0.0,-0.0,Sidewalk
593.5,109.2826,3.0923,2.16421,0.0,0.06981,188.7196,1.6091,stand_2,228.8057,0.0,0.06981,0.0,0.06981,Sidewalk
594.0,109.2826,3.0923,2.16421,0.0,-0.0,188.7196,1.6091,stand_2,228.7973,0.0,-0.0,0.0,-0.0,Sidewalk
594.5,109.2826,3.0923,2.19911,0.0,0.06981,188.7196,1.6091,stand_2,228.8057,0.0,0.06981,0.0,0.06981,Sidewalk
595.0,109.2826,3.0923,2.19911,0.0,-0.0,188.7196,1.6091,stand_2,228.7973,0.0,-0.0,0.0,-0.0,Sidewalk
595.5,109.2826,3.0923,2.23402,0.0,0.06981,188.7196,1.6091,stand_2,228.8057,0.0,0.06981,0.0,0.06981,Sidewalk
596.0,109.2826,3.0923,2.23402,0.0,-0.0,188.7196,1.6091,stand_2,228.7973,0.0,-0.0,0.0,-0.0,Sidewalk
596.5,109.2826,3.0923,2.26893,0.0,0.06981,188.7196,1.6091,stand_2,228.8057,0.0,0.06981,0.0,0.06981,Sidewalk
597.0,109.2826,3.0923,2.26893,0.0,-0.0,188.7196,1.6091,stand_2,228.7973,0.0,-0.0,0.0,-0.0,Sidewalk
597.5,109.2826,3.0923,2.30383,0.0,0.06981,188.7196,1.6091,stand_2,228.8057,0.0,0.06981,0.0,0.06981,Sidewalk
598.0,109.2826,3.0923,2.30383,0.0,-0.0,188.7196,1.6091,stand_2,228.7973,0.0,-0.0,0.0,-0.0,Sidewalk
598.5,109.2826,3.0923,2.33874,0.0,0.06981,188.7196,1.6091,stand_2,228.8057,0.0,0.06981,0.0,0.06981,Sidewalk
599.0,109.2826,3.0923,2.33874,0.0,-0.0,188.7196,1.6091,stand_2,228.7973,0.0,-0.0,0.0,-0.0,Sidewalk
599.5,109.2826,3.0923,2.37365,0.0,0.06981,188.7196,1.6091,stand_2,228.8057,0.0,0.06981,0.0,0.06981,Sidewalk
600.0,109.2826,3.0923,2.37365,0.0,-0.0,188.7196,1.6091,stand_2,228.7973,0.0,-0.0,0.0,-0.0,Sidewalk
600.5,109.2826,3.0923,2.40855,0.0,0.06981,188.7196,1.6091,stand_2,228.8057,0.0,0.06981,0.0,0.06981,Sidewalk
601.0,109.2826,3.0923,2.40855,0.0,-0.0,188.7196,1.6091,stand_2,228.7973,0.0,-0.0,0.0,-0.0,Sidewalk
601.5,109.2826,3.0923,2.44346,0.0,0.06981,188.7196,1.6091,stand_2,228.8057,0.0,0.06981,0.0,0.06981,Sidewalk
602.0,109.2826,3.0923,2.44346,0.0,-0.0,188.7196,1.6091,stand_2,228.7973,0.0,-0.0,0.0,-0.0,Sidewalk
602.5,109.2826,3.0923,2.47837,0.0,0.06981,188.7196,1.6091,stand_2,228.8057,0.0,0.06981,0.0,0.06981,Sidewalk
603.0,109.2826,3.0923,2.47837,0.0,-0.0,188.7196,1.6091,stand_2,228.7973,0.0,-0.0,0.0,-0.0,Sidewalk
603.5,109.2826,3.0923,2.51327,0.0,0.06981,188.7196,1.6091,stand_2,228.8057,0.0,0.06981,0.0,0.06981,Sidewalk
604.0,109.2826,3.0923,2.51327,0.0,-0.0,188.7196,1.6091,stand_2,228.7973,0.0,-0.0,0.0,-0.0,Sidewalk
604.5,109.2826,3.0923,2.54818,0.0,0.06981,188.7196,1.6091,stand_2,228.8057,0.0,0.06981,0.0,0.06981,Sidewalk
605.0,109.2826,3.0923,2.54818,0.0,-0.0,188.7196,1.6091,stand_2,228.7973,0.0,-0.0,0.0,-0.0,Sidewalk
605.5,109.2826,3.0923,2.58309,0.0,0.06981,188.7196,1.6091,stand_2,228.8057,0.0,0.06981,0.0,0.06981,Sidewalk
606.0,109.2826,3.0923,2.58309,0.0,-0.0,188.7196,1.6091,stand_2,228.7973,0.0,-0.0,0.0,-0.0,Sidewalk
606.5,109.2826,3.0923,2.61799,0.0,0.06981,188.7196,1.6091,stand_2,228.8057,0.0,0.06981,0.0,0.06981,Sidewalk
607.0,109.2826,3.0923,2.61799,0.0,-0.0,188.7196,1.6091,stand_2,228.7973,0.0,-0.0,0.0,-0.0,Sidewalk
607.5,109.2826,3.0923,2.6529,0.0,0.06981,188.7196,1.6091,stand_2,228.8056,0.0,0.06981,0.0,0.06981,Sidewalk
608.0,109.2826,3.0923,2.6529,0.0,-0.0,188.7196,1.6091,stand_2,228.7973,0.0,-0.0,0.0,-0.0,Sidewalk
608.5,109.2826,3.0923,2.68781,0.0,0.06981,188.7196,1.6091,stand_2,228.8056,0.0,0.06981,0.0,0.06981,Sidewalk
609.0,109.2826,3.0923,2.68781,0.0,-0.0,188.7196,1.6091,stand_2,228.7973,0.0,-0.0,0.0,-0.0,Sidewalk
609.5,109.2826,3.0923,2.72271,0.0,0.06981,188.7196,1.6091,stand_2,228.8056,0.0,0.06981,0.0,0.06981,Sidewalk
610.0,109.2826,3.0923,2.72271,0.0,-0.0,188.7196,1.6091,stand_2,228.7973,0.0,-0.0,0.0,-0.0,Sidewalk
610.5,109.2826,3.0923,2.75762,0.0,0.06981,188.7196,1.6091,stand_2,228.8056,0.0,0.06981,0.0,0.06981,Sidewalk
611.0,109.2826,3.0923,2.75762,0.0,-0.0,188.7196,1.6091,stand_2,228.7973,0.0,-0.0,0.0,-0.0,Sidewalk
611.5,109.2826,3.0923,2.79253,0.0,0.06981,188.7196,1.6091,stand_2,228.8056,0.0,0.06981,0.0,0.06981,Sidewalk
612.0,109.2826,3.0923,2.79253,0.0,-0.0,188.7196,1.6091,stand_2,228.7973,0.0,-0.0,0.0,-0.0,Sidewalk
612.5,109.2826,3.0923,2.82743,0.0,0.06981,188.7196,1.6091,stand_2,228.8056,0.0,0.06981,0.0,0.06981,Sidewalk
613.0,109.2826,3.0923,2.82743,0.0,-0.0,188.7196,1.6091,stand_2,228.7972,0.0,-0.0,0.0,-0.0,Sidewalk
613.5,109.2826,3.0923,2.86234,0.0,0.06981,188.7196,1.6091,stand_2,228.8056,0.0,0.06981,0.0,0.06981,Sidewalk
614.0,109.2826,3.0923,2.86234,0.0,-0.0,188.7196,1.6091,stand_2,228.7972,0.0,-0.0,0.0,-0.0,Sidewalk
614.5,109.2826,3.0923,2.89725,0.0,0.06981,188.7196,1.6091,stand_2,228.8056,0.0,0.06981,0.0,0.06981,Sidewalk
615.0,109.2826,3.0923,2.89725,0.0,-0.0,188.7196,1.6092,stand_2,228.7972,0.0,-0.0,0.0,-0.0,Sidewalk
615.5,109.2826,3.0923,2.93215,0.0,0.06981,188.7196,1.6092,stand_2,228.8056,0.0,0.06981,0.0,0.06981,Sidewalk
616.0,109.2826,3.0923,2.93215,0.0,-0.0,188.7196,1.6092,stand_2,228.7972,0.0,-0.0,0.0,-0.0,Sidewalk
616.5,109.2826,3.0923,2.96706,0.0,0.06981,188.7196,1.6092,stand_2,228.8056,0.0,0.06981,0.0,0.06981,Sidewalk
617.0,109.2826,3.0923,2.96706,0.0,-0.0,188.7196,1.6092,stand_2,228.7972,0.0,-0.0,0.0,-0.0,Sidewalk
617.5,109.2826,3.0923,3.00197,0.0,0.06981,188.7196,1.6092,stand_2,228.8056,0.0,0.06981,0.0,0.06981,Sidewalk
618.0,109.2826,3.0923,3.00197,0.0,-0.0,188.7196,1.6092,stand_2,228.7972,0.0,-0.0,0.0,-0.0,Sidewalk
618.5,109.2826,3.0923,3.03687,0.0,0.06981,188.7196,1.6092,stand_2,228.8056,0.0,0.06981,0.0,0.06981,Sidewalk
619.0,109.2826,3.0923,3.03687,0.0,-0.0,188.7196,1.6092,stand_2,228.7972,0.0,-0.0,0.0,-0.0,Sidewalk
619.5,109.2826,3.0923,3.07178,0.0,0.06981,188.7196,1.6092,stand_2,228.8056,0.0,0.06981,0.0,0.06981,Sidewalk
620.0,109.2826,3.0923,3.07178,0.0,-0.0,188.7196,1.6092,stand_2,228.7972,0.0,-0.0,0.0,-0.0,Sidewalk
620.5,109.2826,3.0923,3.10669,0.0,0.06981,188.7196,1.6092,stand_2,228.8056,0.0,0.06981,0.0,0.06981,Sidewalk
621.0,109.2826,3.0923,3.10669,0.0,-0.0,188.7196,1.6092,stand_2,228.7972,0.0,-0.0,0.0,-0.0,Sidewalk
621.5,109.2826,3.0923,3.14159,0.0,0.06981,188.7196,1.6092,stand_2,228.8056,0.0,0.06981,0.0,0.06981,Sidewalk
622.0,109.2826,3.0923,3.14159,0.0,-0.0,188.7196,1.6092,stand_2,228.7972,0.0,-0.0,0.0,-0.0,Sidewalk
622.5,109.2826,3.0923,-3.10669,0.0,0.06981,188.7196,1.6092,stand_2,228.8056,0.0,0.06981,0.0,0.06981,Sidewalk
623.0,109.2826,3.0923,-3.10669,0.0,-0.0,188.7196,1.6092,stand_2,228.7972,0.0,-0.0,0.0,-0.0,Sidewalk
623.5,109.2826,3.0923,-3.07178,0.0,0.06981,188.7196,1.6092,stand_2,228.8056,0.0,0.06981,0.0,0.06981,Sidewalk
624.0,109.2826,3.0923,-3.07178,0.0,-0.0,188.7196,1.6092,stand_2,228.7972,0.0,-0.0,0.0,-0.0,Sidewalk
624.5,109.2826,3.0923,-3.03687,0.0,0.06981,188.7196,1.6092,stand_2,228.8056,0.0,0.06981,0.0,0.06981,Sidewalk
625.0,109.2826,3.0923,-3.03687,0.0,-0.0,188.7196,1.6092,stand_2,228.7972,0.0,-0.0,0.0,-0.0,Sidewalk
625.5,109.2826,3.0923,-3.00197,0.0,0.06981,188.7196,1.6092,stand_2,228.8056,0.0,0.06981,0.0,0.06981,Sidewalk
626.0,109.2826,3.0923,-3.00197,0.0,-0.0,188.7196,1.6092,stand_2,228.7972,0.0,-0.0,0.0,-0.0,Sidewalk
626.5,109.2826,3.0923,-2.96706,0.0,0.06981,188.7196,1.6092,stand_2,228.8056,0.0,0.06981,0.0,0.06981,Sidewalk
627.0,109.2826,3.0923,-2.96706,0.0,-0.0,188.7196,1.6092,stand_2,228.7972,0.0,-0.0,0.0,-0.0,Sidewalk
627.5,109.2826,3.0923,-2.93215,0.0,0.06981,188.7196,1.6092,stand_2,228.8056,0.0,0.06981,0.0,0.06981,Sidewalk
628.0,109.2826,3.0923,-2.93215,0.0,-0.0,188.7196,1.6092,stand_2,228.7972,0.0,-0.0,0.0,-0.0,Sidewalk
628.5,109.2826,3.0923,-2.89725,0.0,0.06981,188.7196,1.6092,stand_2,228.8056,0.0,0.06981,0.0,0.06981,Sidewalk
629.0,109.2826,3.0923,-2.89725,0.0,-0.0,188.7196,1.6092,stand_2,228.7972,0.0,-0.0,0.0,-0.0,Sidewalk
629.5,109.2826,3.0923,-2.86234,0.0,0.06981,188.7196,1.6092,stand_2,228.8056,0.0,0.06981,0.0,0.06981,Sidewalk
630.0,109.2826,3.0923,-2.86234,0.0,-0.0,188.7196,1.6092,stand_2,228.7972,0.0,-0.0,0.0,-0.0,Sidewalk
630.5,109.2826,3.0923,-2.82743,0.0,0.06981,188.7196,1.6092,stand_2,228.8056,0.0,0.06981,0.0,0.06981,Sidewalk
631.0,109.2826,3.0923,-2.82743,0.0,-0.0,188.7196,1.6092,stand_2,228.7972,0.0,-0.0,0.0,-0.0,Sidewalk
631.5,109.2826,3.0923,-2.79253,0.0,0.06981,188.7196,1.6092,stand_2,228.8055,0.0,0.06981,0.0,0.06981,Sidewalk
632.0,109.2826,3.0923,-2.79253,0.0,-0.0,188.7196,1.6092,stand_2,228.7972,0.0,-0.0,0.0,-0.0,Sidewalk
632.5,109.2826,3.0923,-2.75762,0.0,0.06981,188.7196,1.6092,stand_2,228.8055,0.0,0.06981,0.0,0.06981,Sidewalk
633.0,109.2826,3.0923,-2.75762,0.0,-0.0,188.7196,1.6092,stand_2,228.7972,0.0,-0.0,0.0,-0.0,Sidewalk
633.5,109.2826,3.0923,-2.72271,0.0,0.06981,188.7196,1.6092,stand_2,228.8055,0.0,0.06981,0.0,0.06981,Sidewalk
634.0,109.2826,3.0923,-2.72271,0.0,-0.0,188.7196,1.6092,stand_2,228.7972,0.0,-0.0,0.0,-0.0,Sidewalk
634.5,109.2826,3.0923,-2.68781,0.0,0.06981,188.7196,1.6092,stand_2,228.8055,0.0,0.06981,0.0,0.06981,Sidewalk
635.0,109.2826,3.0923,-2.68781,0.0,-0.0,188.7196,1.6092,stand_2,228.7972,0.0,-0.0,0.0,-0.0,Sidewalk
635.5,109.2826,3.0923,-2.6529,0.0,0.06981,188.7196,1.6092,stand_2,228.8055,0.0,0.06981,0.0,0.06981,Sidewalk
636.0,109.2826,3.0923,-2.6529,0.0,-0.0,188.7196,1.6092,stand_2,228.7972,0.0,-0.0,0.0,-0.0,Sidewalk
636.5,109.2826,3.0923,-2.61799,0.0,0.06981,188.7196,1.6092,stand_2,228.8055,0.0,0.06981,0.0,0.06981,Sidewalk
637.0,109.2826,3.0923,-2.61799,0.0,-0.0,188.7196,1.6092,stand_2,228.7971,0.0,-0.0,0.0,-0.0,Sidewalk
637.5,109.2826,3.0923,-2.58309,0.0,0.06981,188.7196,1.6092,stand_2,228.8055,0.0,0.06981,0.0,0.06981,Sidewalk
638.0,109.2826,3.0923,-2.58309,0.0,-0.0,188.7196,1.6092,stand_2,228.7971,0.0,-0.0,0.0,-0.0,Sidewalk
638.5,109.2826,3.0923,-2.54818,0.0,0.06981,188.7196,1.6092,stand_2,228.8055,0.0,0.06981,0.0,0.06981,Sidewalk
639.0,109.2826,3.0923,-2.54818,0.0,-0.0,188.7196,1.6092,stand_2,228.7971,0.0,-0.0,0.0,-0.0,Sidewalk
639.5,109.2826,3.0923,-2.51327,0.0,0.06981,188.7196,1.6092,stand_2,228.8055,0.0,0.06981,0.0,0.06981,Sidewalk
640.0,109.2826,3.0923,-2.51327,0.0,-0.0,188.7196,1.6092,stand_2,228.7971,0.0,-0.0,0.0,-0.0,Sidewalk
640.5,109.2826,3.0923,-2.47837,0.0,0.06981,188.7196,1.6092,stand_2,228.8055,0.0,0.06981,0.0,0.06981,Sidewalk
641.0,109.2826,3.0923,-2.47837,0.0,-0.0,188.7196,1.6092,stand_2,228.7971,0.0,-0.0,0.0,-0.0,Sidewalk
641.5,109.2826,3.0923,-2.44346,0.0,0.06981,188.7196,1.6092,stand_2,228.8055,0.0,0.06981,0.0,0.06981,Sidewalk
642.0,109.2826,3.0923,-2.44346,0.0,-0.0,188.7196,1.6092,stand_2,228.7971,0.0,-0.0,0.0,-0.0,Sidewalk
642.5,109.2826,3.0923,-2.40855,0.0,0.06981,188.7196,1.6092,stand_2,228.8055,0.0,0.06981,0.0,0.06981,Sidewalk
643.0,109.2826,3.0923,-2.40855,0.0,-0.0,188.7196,1.6092,stand_2,228.7971,0.0,-0.0,0.0,-0.0,Sidewalk
643.5,109.2826,3.0923,-2.37365,0.0,0.06981,188.7196,1.6092,stand_2,228.8055,0.0,0.06981,0.0,0.06981,Sidewalk
644.0,109.2826,3.0923,-2.37365,0.0,-0.0,188.7196,1.6092,stand_2,228.7971,0.0,-0.0,0.0,-0.0,Sidewalk
644.5,109.2826,3.0923,-2.33874,0.0,0.06981,188.7196,1.6092,stand_2,228.8055,0.0,0.06981,0.0,0.06981,Sidewalk
645.0,109.2826,3.0923,-2.33874,0.0,-0.0,188.7196,1.6092,stand_2,228.7971,0.0,-0.0,0.0,-0.0,Sidewalk
645.5,109.2826,3.0923,-2.30383,0.0,0.06981,188.7196,1.6092,stand_2,228.8055,0.0,0.06981,0.0,0.06981,Sidewalk
646.0,109.2826,3.0923,-2.30383,0.0,-0.0,188.7196,1.6092,stand_2,228.7971,0.0,-0.0,0.0,-0.0,Sidewalk
646.5,109.2826,3.0923,-2.26893,0.0,0.06981,188.7196,1.6092,stand_2,228.8055,0.0,0.06981,0.0,0.06981,Sidewalk
647.0,109.2826,3.0923,-2.26893,0.0,-0.0,188.7196,1.6092,stand_2,228.7971,0.0,-0.0,0.0,-0.0,Sidewalk
647.5,109.2826,3.0923,-2.23402,0.0,0.06981,188.7196,1.6092,stand_2,228.8055,0.0,0.06981,0.0,0.06981,Sidewalk
648.0,109.2826,3.0923,-2.23402,0.0,-0.0,188.7196,1.6092,stand_2,228.7971,0.0,-0.0,0.0,-0.0,Sidewalk
648.5,109.2826,3.0923,-2.19911,0.0,0.06981,188.7196,1.6092,stand_2,228.8055,0.0,0.06981,0.0,0.06981,Sidewalk
649.0,109.2826,3.0923,-2.19911,0.0,-0.0,188.7196,1.6092,stand_2,228.7971,0.0,-0.0,0.0,-0.0,Sidewalk
649.5,109.2826,3.0923,-2.16421,0.0,0.06981,188.7196,1.6092,stand_2,228.8055,0.0,0.06981,0.0,0.06981,Sidewalk
650.0,109.2826,3.0923,-2.16421,0.0,-0.0,188.7196,1.6092,stand_2,228.7971,0.0,-0.0,0.0,-0.0,Sidewalk
650.5,109.2826,3.0923,-2.1293,0.0,0.06981,188.7196,1.6092,stand_2,228.8055,0.0,0.06981,0.0,0.06981,Sidewalk
651.0,109.2826,3.0923,-2.1293,0.0,-0.0,188.7196,1.6092,stand_2,228.7971,0.0,-0.0,0.0,-0.0,Sidewalk
651.5,109.2826,3.0923,-2.0944,0.0,0.06981,188.7196,1.6092,stand_2,228.8055,0.0,0.06981,0.0,0.06981,Sidewalk
652.0,109.2826,3.0923,-2.0944,0.0,-0.0,188.7196,1.6092,stand_2,228.7971,0.0,-0.0,0.0,-0.0,Sidewalk
652.5,109.2826,3.0923,-2.05949,0.0,0.06981,188.7196,1.6092,stand_2,228.8055,0.0,0.06981,0.0,0.06981,Sidewalk
653.0,109.2826,3.0923,-2.05949,0.0,-0.0,188.7196,1.6092,stand_2,228.7971,0.0,-0.0,0.0,-0.0,Sidewalk
653.5,109.2826,3.0923,-2.02458,0.0,0.06981,188.7196,1.6093,stand_2,228.8054,0.0,0.06981,0.0,0.06981,Sidewalk
654.0,109.2826,3.0923,-2.02458,0.0,-0.0,188.7196,1.6093,stand_2,228.7971,0.0,-0.0,0.0,-0.0,Sidewalk
654.5,109.2826,3.0923,-1.98968,0.0,0.06981,188.7196,1.6093,stand_2,228.8054,0.0,0.06981,0.0,0.06981,Sidewalk
655.0,109.2826,3.0923,-1.98968,0.0,-0.0,188.7196,1.6093,stand_2,228.7971,0.0,-0.0,0.0,-0.0,Sidewalk
655.5,109.2826,3.0923,-1.95477,0.0,0.06981,188.7196,1.6093,stand_2,228.8054,0.0,0.06981,0.0,0.06981,Sidewalk
656.0,109.2826,3.0923,-1.95477,0.0,-0.0,188.7196,1.6093,stand_2,228.7971,0.0,-0.0,0.0,-0.0,Sidewalk
656.5,109.2826,3.0923,-1.91986,0.0,0.06981,188.7196,1.6093,stand_2,228.8054,0.0,0.06981,0.0,0.06981,Sidewalk
657.0,109.2826,3.0923,-1.91986,0.0,-0.0,188.7196,1.6093,stand_2,228.7971,0.0,-0.0,0.0,-0.0,Sidewalk
657.5,109.2826,3.0923,-1.88496,0.0,0.06981,188.7196,1.6093,stand_2,228.8054,0.0,0.06981,0.0,0.06981,Sidewalk
658.0,109.2826,3.0923,-1.88496,0.0,-0.0,188.7196,1.6093,stand_2,228.797,0.0,-0.0,0.0,-0.0,Sidewalk
658.5,109.2826,3.0923,-1.85005,0.0,0.06981,188.7196,1.6093,stand_2,228.8054,0.0,0.06981,0.0,0.06981,Sidewalk
659.0,109.2826,3.0923,-1.85005,0.0,-0.0,188.7196,1.6093,stand_2,228.797,0.0,-0.0,0.0,-0.0,Sidewalk
659.5,109.2826,3.0923,-1.81514,0.0,0.06981,188.7196,1.6093,stand_2,228.8054,0.0,0.06981,0.0,0.06981,Sidewalk
660.0,109.2826,3.0923,-1.81514,0.0,-0.0,188.7196,1.6093,stand_2,228.797,0.0,-0.0,0.0,-0.0,Sidewalk
660.5,109.2826,3.0923,-1.78024,0.0,0.06981,188.7196,1.6093,stand_2,228.8054,0.0,0.06981,0.0,0.06981,Sidewalk
661.0,109.2826,3.0923,-1.78024,0.0,-0.0,188.7196,1.6093,stand_2,228.797,0.0,-0.0,0.0,-0.0,Sidewalk
661.5,109.2826,3.0923,-1.74533,0.0,0.06981,188.7196,1.6093,stand_2,228.8054,0.0,0.06981,0.0,0.06981,Sidewalk
662.0,109.2826,3.0923,-1.74533,0.0,-0.0,188.7196,1.6093,stand_2,228.797,0.0,-0.0,0.0,-0.0,Sidewalk
662.5,109.2826,3.0923,-1.71042,0.0,0.06981,188.7196,1.6093,stand_2,228.8054,0.0,0.06981,0.0,0.06981,Sidewalk
663.0,109.2826,3.0923,-1.71042,0.0,-0.0,188.7196,1.6093,stand_2,228.797,0.0,-0.0,0.0,-0.0,Sidewalk
663.5,109.2826,3.0923,-1.67552,0.0,0.06981,188.7196,1.6093,stand_2,228.8054,0.0,0.06981,0.0,0.06981,Sidewalk
664.0,109.2826,3.0923,-1.67552,0.0,-0.0,188.7196,1.6093,stand_2,228.797,0.0,-0.0,0.0,-0.0,Sidewalk
664.5,109.2826,3.0923,-1.64061,0.0,0.06981,188.7196,1.6093,stand_2,228.8054,0.0,0.06981,0.0,0.06981,Sidewalk
665.0,109.2826,3.0923,-1.64061,0.0,-0.0,188.7196,1.6093,stand_2,228.797,0.0,-0.0,0.0,-0.0,Sidewalk
665.5,109.2826,3.0923,-1.6057,0.0,0.06981,188.7196,1.6093,stand_2,228.8054,0.0,0.06981,0.0,0.06981,Sidewalk
666.0,109.2826,3.0923,-1.6057,0.0,-0.0,188.7196,1.6093,stand_2,228.797,0.0,-0.0,0.0,-0.0,Sidewalk
666.5,109.2826,3.0923,-1.5708,0.0,0.06981,188.7196,1.6093,stand_2,228.8054,0.0,0.06981,0.0,0.06981,Sidewalk
667.0,109.2826,3.0923,-1.5708,0.0,-0.0,188.7196,1.6093,stand_2,228.797,0.0,-0.0,0.0,-0.0,Sidewalk
667.5,109.2826,3.0923,-1.53589,0.0,0.06981,188.7196,1.6093,stand_2,228.8054,0.0,0.06981,0.0,0.06981,Sidewalk
668.0,109.2826,3.0923,-1.53589,0.0,-0.0,188.7196,1.6093,stand_2,228.797,0.0,-0.0,0.0,-0.0,Sidewalk
668.5,109.2826,3.0923,-1.50098,0.0,0.06981,188.7196,1.6093,stand_2,228.8054,0.0,0.06981,0.0,0.06981,Sidewalk
669.0,109.2826,3.0923,-1.50098,0.0,-0.0,188.7196,1.6093,stand_2,228.797,0.0,-0.0,0.0,-0.0,Sidewalk
669.5,109.2826,3.0923,-1.46608,0.0,0.06981,188.7196,1.6093,stand_2,228.8054,0.0,0.06981,0.0,0.06981,Sidewalk
670.0,109.2826,3.0923,-1.46608,0.0,-0.0,188.7196,1.6093,stand_2,228.797,0.0,-0.0,0.0,-0.0,Sidewalk
670.5,109.2826,3.0923,-1.43117,0.0,0.06981,188.7196,1.6093,stand_2,228.8054,0.0,0.06981,0.0,0.06981,Sidewalk
671.0,109.2826,3.0923,-1.43117,0.0,-0.0,188.7196,1.6093,stand_2,228.797,0.0,-0.0,0.0,-0.0,Sidewalk
671.5,109.2826,3.0923,-1.39626,0.0,0.06981,188.7196,1.6093,stand_2,228.8054,0.0,0.06981,0.0,0.06981,Sidewalk
672.0,109.2826,3.0923,-1.39626,0.0,-0.0,188.7196,1.6093,stand_2,228.797,0.0,-0.0,0.0,-0.0,Sidewalk
672.5,109.2826,3.0923,-1.36136,0.0,0.06981,188.7196,1.6093,stand_2,228.8054,0.0,0.06981,0.0,0.06981,Sidewalk
673.0,109.2826,3.0923,-1.36136,0.0,-0.0,188.7196,1.6093,stand_2,228.797,0.0,-0.0,0.0,-0.0,Sidewalk
673.5,109.2826,3.0923,-1.32645,0.0,0.06981,188.7196,1.6093,stand_2,228.8054,0.0,0.06981,0.0,0.06981,Sidewalk
674.0,109.2826,3.0923,-1.32645,0.0,-0.0,188.7196,1.6093,stand_2,228.797,0.0,-0.0,0.0,-0.0,Sidewalk
674.5,109.2826,3.0923,-1.29154,0.0,0.06981,188.7196,1.6093,stand_2,228.8054,0.0,0.06981,0.0,0.06981,Sidewalk
675.0,109.2826,3.0923,-1.29154,0.0,-0.0,188.7196,1.6093,stand_2,228.797,0.0,-0.0,0.0,-0.0,Sidewalk
675.5,109.2826,3.0923,-1.25664,0.0,0.06981,188.7196,1.6093,stand_2,228.8053,0.0,0.06981,0.0,0.06981,Sidewalk
676.0,109.2826,3.0923,-1.25664,0.0,-0.0,188.7196,1.6093,stand_2,228.797,0.0,-0.0,0.0,-0.0,Sidewalk
676.5,109.2826,3.0923,-1.22173,0.0,0.06981,188.7196,1.6093,stand_2,228.8053,0.0,0.06981,0.0,0.06981,Sidewalk
677.0,109.2826,3.0923,-1.22173,0.0,-0.0,188.7196,1.6093,stand_2,228.797,0.0,-0.0,0.0,-0.0,Sidewalk
677.5,109.2826,3.0923,-1.18682,0.0,0.06981,188.7196,1.6093,stand_2,228.8053,0.0,0.06981,0.0,0.06981,Sidewalk
678.0,109.2826,3.0923,-1.18682,0.0,-0.0,188.7196,1.6093,stand_2,228.797,0.0,-0.0,0.0,-0.0,Sidewalk
678.5,109.2826,3.0923,-1.15192,0.0,0.06981,188.7196,1.6093,stand_2,228.8053,0.0,0.06981,0.0,0.06981,Sidewalk
679.0,109.2826,3.0923,-1.15192,0.0,-0.0,188.7196,1.6093,stand_2,228.797,0.0,-0.0,0.0,-0.0,Sidewalk
679.5,109.2826,3.0923,-1.11701,0.0,0.06981,188.7196,1.6093,stand_2,228.8053,0.0,0.06981,0.0,0.06981,Sidewalk
680.0,109.2826,3.0923,-1.11701,0.0,-0.0,188.7196,1.6093,stand_2,228.7969,0.0,-0.0,0.0,-0.0,Sidewalk
680.5,109.2826,3.0923,-1.0821,0.0,0.06981,188.7196,1.6093,stand_2,228.8053,0.0,0.06981,0.0,0.06981,Sidewalk
681.0,109.2826,3.0923,-1.0821,0.0,-0.0,188.7196,1.6093,stand_2,228.7969,0.0,-0.0,0.0,-0.0,Sidewalk
681.5,109.2826,3.0923,-1.0472,0.0,0.06981,188.7196,1.6093,stand_2,228.8053,0.0,0.06981,0.0,0.06981,Sidewalk
682.0,109.2826,3.0923,-1.0472,0.0,-0.0,188.7196,1.6093,stand_2,228.7969,0.0,-0.0,0.0,-0.0,Sidewalk
682.5,109.2826,3.0923,-1.01229,0.0,0.06981,188.7196,1.6093,stand_2,228.8053,0.0,0.06981,0.0,0.06981,Sidewalk
683.0,109.2826,3.0923,-1.01229,0.0,-0.0,188.7196,1.6093,stand_2,228.7969,0.0,-0.0,0.0,-0.0,Sidewalk
683.5,109.2826,3.0923,-0.97738,0.0,0.06981,188.7196,1.6093,stand_2,228.8053,0.0,0.06981,0.0,0.06981,Sidewalk
684.0,109.2826,3.0923,-0.97738,0.0,-0.0,188.7196,1.6093,stand_2,228.7969,0.0,-0.0,0.0,-0.0,Sidewalk
684.5,109.2826,3.0923,-0.94248,0.0,0.06981,188.7196,1.6093,stand_2,228.8053,0.0,0.06981,0.0,0.06981,Sidewalk
685.0,109.2826,3.0923,-0.94248,0.0,-0.0,188.7196,1.6093,stand_2,228.7969,0.0,-0.0,0.0,-0.0,Sidewalk
685.5,109.2826,3.0923,-0.90757,0.0,0.06981,188.7196,1.6093,stand_2,228.8053,0.0,0.06981,0.0,0.06981,Sidewalk
686.0,109.2826,3.0923,-0.90757,0.0,-0.0,188.7196,1.6093,stand_2,228.7969,0.0,-0.0,0.0,-0.0,Sidewalk
686.5,109.2826,3.0923,-0.87266,0.0,0.06981,188.7196,1.6093,stand_2,228.8053,0.0,0.06981,0.0,0.06981,Sidewalk
687.0,109.2826,3.0923,-0.87266,0.0,-0.0,188.7196,1.6093,stand_2,228.7969,0.0,-0.0,0.0,-0.0,Sidewalk
687.5,109.2826,3.0923,-0.83776,0.0,0.06981,188.7196,1.6093,stand_2,228.8053,0.0,0.06981,0.0,0.06981,Sidewalk
688.0,109.2826,3.0923,-0.83776,0.0,-0.0,188.7196,1.6093,stand_2,228.7969,0.0,-0.0,0.0,-0.0,Sidewalk
688.5,109.2826,3.0923,-0.80285,0.0,0.06981,188.7196,1.6093,stand_2,228.8053,0.0,0.06981,0.0,0.06981,Sidewalk
689.0,109.2826,3.0923,-0.80285,0.0,-0.0,188.7196,1.6093,stand_2,228.7969,0.0,-0.0,0.0,-0.0,Sidewalk
689.5,109.2826,3.0923,-0.76794,0.0,0.06981,188.7196,1.6093,stand_2,228.8053,0.0,0.06981,0.0,0.06981,Sidewalk
690.0,109.2826,3.0923,-0.76794,0.0,-0.0,188.7196,1.6093,stand_2,228.7969,0.0,-0.0,0.0,-0.0,Sidewalk
690.5,109.2826,3.0923,-0.73304,0.0,0.06981,188.7196,1.6094,stand_2,228.8053,0.0,0.06981,0.0,0.06981,Sidewalk
691.0,109.2826,3.0923,-0.73304,0.0,-0.0,188.7196,1.6094,stand_2,228.7969,0.0,-0.0,0.0,-0.0,Sidewalk
691.5,109.2826,3.0923,-0.69813,0.0,0.06981,188.7196,1.6094,stand_2,228.8053,0.0,0.06981,0.0,0.06981,Sidewalk
692.0,109.2826,3.0923,-0.69813,0.0,-0.0,188.7196,1.6094,stand_2,228.7969,0.0,-0.0,0.0,-0.0,Sidewalk
692.5,109.2826,3.0923,-0.66323,0.0,0.06981,188.7196,1.6094,stand_2,228.8053,0.0,0.06981,0.0,0.06981,Sidewalk
693.0,109.2826,3.0923,-0.66323,0.0,-0.0,188.7196,1.6094,stand_2,228.7969,0.0,-0.0,0.0,-0.0,Sidewalk
693.5,109.2826,3.0923,-0.62832,0.0,0.06981,188.7196,1.6094,stand_2,228.8053,0.0,0.06981,0.0,0.06981,Sidewalk
694.0,109.2826,3.0923,-0.62832,0.0,-0.0,188.7196,1.6094,stand_2,228.7969,0.0,-0.0,0.0,-0.0,Sidewalk
694.5,109.2826,3.0923,-0.59341,0.0,0.06981,188.7196,1.6094,stand_2,228.8053,0.0,0.06981,0.0,0.06981,Sidewalk
695.0,109.2826,3.0923,-0.59341,0.0,-0.0,188.7196,1.6094,stand_2,228.7969,0.0,-0.0,0.0,-0.0,Sidewalk
695.5,109.2826,3.0923,-0.55851,0.0,0.06981,188.7196,1.6094,stand_2,228.8053,0.0,0.06981,0.0,0.06981,Sidewalk
696.0,109.2826,3.0923,-0.55851,0.0,-0.0,188.7196,1.6094,stand_2,228.7969,0.0,-0.0,0.0,-0.0,Sidewalk
696.5,109.2826,3.0923,-0.5236,0.0,0.06981,188.7196,1.6094,stand_2,228.8053,0.0,0.06981,0.0,0.06981,Sidewalk
697.0,109.2826,3.0923,-0.5236,0.0,-0.0,188.7196,1.6094,stand_2,228.7969,0.0,-0.0,0.0,-0.0,Sidewalk
697.5,109.2826,3.0923,-0.48869,0.0,0.06981,188.7196,1.6094,stand_2,228.8052,0.0,0.06981,0.0,0.06981,Sidewalk
698.0,109.2826,3.0923,-0.48869,0.0,-0.0,188.7196,1.6094,stand_2,228.7969,0.0,-0.0,0.0,-0.0,Sidewalk
698.5,109.2826,3.0923,-0.45379,0.0,0.06981,188.7196,1.6094,stand_2,228.8052,0.0,0.06981,0.0,0.06981,Sidewalk
699.0,109.2826,3.0923,-0.45379,0.0,-0.0,188.7196,1.6094,stand_2,228.7969,0.0,-0.0,0.0,-0.0,Sidewalk
699.5,109.2826,3.0923,-0.41888,0.0,0.06981,188.7196,1.6094,stand_2,228.8052,0.0,0.06981,0.0,0.06981,Sidewalk
700.0,109.2826,3.0923,-0.41888,0.0,-0.0,188.7196,1.6094,stand_2,228.7969,0.0,-0.0,0.0,-0.0,Sidewalk
700.5,109.2826,3.0923,-0.38397,0.0,0.06981,188.7196,1.6094,stand_2,228.8052,0.0,0.06981,0.0,0.06981,Sidewalk
701.0,109.2826,3.0923,-0.38397,0.0,-0.0,188.7196,1.6094,stand_2,228.7969,0.0,-0.0,0.0,-0.0,Sidewalk
701.5,109.2826,3.0923,-0.34907,0.0,0.06981,188.7196,1.6094,stand_2,228.8052,0.0,0.06981,0.0,0.06981,Sidewalk
702.0,109.2826,3.0923,-0.34907,0.0,-0.0,188.7196,1.6094,stand_2,228.7968,0.0,-0.0,0.0,-0.0,Sidewalk
702.5,109.2826,3.0923,-0.31416,0.0,0.06981,188.7196,1.6094,stand_2,228.8052,0.0,0.06981,0.0,0.06981,Sidewalk
703.0,109.2826,3.0923,-0.31416,0.0,-0.0,188.7196,1.6094,stand_2,228.7968,0.0,-0.0,0.0,-0.0,Sidewalk
703.5,109.2826,3.0923,-0.27925,0.0,0.06981,188.7196,1.6094,stand_2,228.8052,0.0,0.06981,0.0,0.06981,Sidewalk
704.0,109.2826,3.0923,-0.27925,0.0,-0.0,188.7196,1.6094,stand_2,228.7968,0.0,-0.0,0.0,-0.0,Sidewalk
704.5,109.2826,3.0923,-0.24435,0.0,0.06981,188.7196,1.6094,stand_2,228.8052,0.0,0.06981,0.0,0.06981,Sidewalk
705.0,109.2826,3.0923,-0.24435,0.0,-0.0,188.7196,1.6094,stand_2,228.7968,0.0,-0.0,0.0,-0.0,Sidewalk
705.5,109.2826,3.0923,-0.20944,0.0,0.06981,188.7196,1.6094,stand_2,228.8052,0.0,0.06981,0.0,0.06981,Sidewalk
706.0,109.2826,3.0923,-0.20944,0.0,-0.0,188.7196,1.6094,stand_2,228.7968,0.0,-0.0,0.0,-0.0,Sidewalk
706.5,109.2826,3.0923,-0.17453,0.0,0.06981,188.7196,1.6094,stand_2,228.8052,0.0,0.06981,0.0,0.06981,Sidewalk
707.0,109.2826,3.0923,-0.17453,0.0,-0.0,188.7196,1.6094,stand_2,228.7968,0.0,-0.0,0.0,-0.0,Sidewalk
707.5,109.2826,3.0923,-0.13963,0.0,0.06981,188.7196,1.6094,stand_2,228.8052,0.0,0.06981,0.0,0.06981,Sidewalk
708.0,109.2826,3.0923,-0.13963,0.0,-0.0,188.7196,1.6094,stand_2,228.7968,0.0,-0.0,0.0,-0.0,Sidewalk
708.5,109.2826,3.0923,-0.10472,0.0,0.06981,188.7196,1.6094,stand_2,228.8052,0.0,0.06981,0.0,0.06981,Sidewalk
709.0,109.2826,3.0923,-0.10472,0.0,-0.0,188.7196,1.6094,stand_2,228.7968,0.0,-0.0,0.0,-0.0,Sidewalk
709.5,109.2826,3.0923,-0.06981,0.0,0.06981,188.7196,1.6094,stand_2,228.8052,0.0,0.06981,0.0,0.06981,Sidewalk
710.0,109.2826,3.0923,-0.06981,0.0,-0.0,188.7196,1.6094,stand_2,228.7968,0.0,-0.0,0.0,-0.0,Sidewalk
710.5,109.2826,3.0923,-0.03491,0.0,0.06981,188.7196,1.6094,stand_2,228.8052,0.0,0.06981,0.0,0.06981,Sidewalk
711.0,109.2826,3.0923,-0.03491,0.0,-0.0,188.7196,1.6094,stand_2,228.7968,0.0,-0.0,0.0,-0.0,Sidewalk
711.5,109.2826,3.0923,-0.0,0.0,0.06981,188.7196,1.6094,stand_2,228.8052,0.0,0.06981,0.0,0.06981,Sidewalk
712.0,109.2826,3.0923,-0.0,0.0,-0.0,188.7196,1.6094,stand_2,228.7968,0.0,-0.0,0.0,-0.0,Sidewalk
712.5,109.2826,3.0923,0.03491,0.0,0.06981,188.7196,1.6094,stand_2,228.8052,0.0,0.06981,0.0,0.06981,Sidewalk
713.0,109.2826,3.0923,0.03491,0.0,-0.0,188.7196,1.6094,stand_2,228.7968,0.0,-0.0,0.0,-0.0,Sidewalk
713.5,109.2826,3.0923,0.06981,0.0,0.06981,188.7196,1.6094,stand_2,228.8052,0.0,0.06981,0.0,0.06981,Sidewalk
714.0,109.2826,3.0923,0.06981,0.0,-0.0,188.7196,1.6094,stand_2,228.7968,0.0,-0.0,0.0,-0.0,Sidewalk
714.5,109.2826,3.0923,0.10472,0.0,0.06981,188.7196,1.6094,stand_2,228.8052,0.0,0.06981,0.0,0.06981,Sidewalk
715.0,109.2826,3.0923,0.10472,0.0,-0.0,188.7196,1.6094,stand_2,228.7968,0.0,-0.0,0.0,-0.0,Sidewalk
715.5,109.2826,3.0923,0.13963,0.0,0.06981,188.7196,1.6094,stand_2,228.8052,0.0,0.06981,0.0,0.06981,Sidewalk
716.0,109.2826,3.0923,0.13963,0.0,-0.0,188.7196,1.6094,stand_2,228.7968,0.0,-0.0,0.0,-0.0,Sidewalk
716.5,109.2826,3.0923,0.17453,0.0,0.06981,188.7196,1.6094,stand_2,228.8052,0.0,0.06981,0.0,0.06981,Sidewalk
717.0,109.2826,3.0923,0.17453,0.0,-0.0,188.7196,1.6094,stand_2,228.7968,0.0,-0.0,0.0,-0.0,Sidewalk
717.5,109.2826,3.0923,0.20944,0.0,0.06981,188.7196,1.6094,stand_2,228.8052,0.0,0.06981,0.0,0.06981,Sidewalk
718.0,109.2826,3.0923,0.20944,0.0,-0.0,188.7196,1.6094,stand_2,228.7968,0.0,-0.0,0.0,-0.0,Sidewalk
718.5,109.2826,3.0923,0.24435,0.0,0.06981,188.7196,1.6094,stand_2,228.8052,0.0,0.06981,0.0,0.06981,Sidewalk
719.0,109.2826,3.0923,0.24435,0.0,-0.0,188.7196,1.6094,stand_2,228.7968,0.0,-0.0,0.0,-0.0,Sidewalk
719.5,109.2826,3.0923,0.27925,0.0,0.06981,188.7196,1.6094,stand_2,228.8052,0.0,0.06981,0.0,0.06981,Sidewalk
720.0,109.2826,3.0923,0.27925,0.0,-0.0,188.7196,1.6094,stand_2,228.7968,0.0,-0.0,0.0,-0.0,Sidewalk
720.5,109.2826,3.0923,0.31416,0.0,0.06981,188.7196,1.6094,stand_2,228.8051,0.0,0.06981,0.0,0.06981,Sidewalk
721.0,109.2826,3.0923,0.31416,0.0,-0.0,188.7196,1.6094,stand_2,228.7968,0.0,-0.0,0.0,-0.0,Sidewalk
721.5,109.2826,3.0923,0.34907,0.0,0.06981,188.7196,1.6094,stand_2,228.8051,0.0,0.06981,0.0,0.06981,Sidewalk
722.0,109.2826,3.0923,0.34907,0.0,-0.0,188.7196,1.6094,stand_2,228.7968,0.0,-0.0,0.0,-0.0,Sidewalk
722.5,109.2826,3.0923,0.38397,0.0,0.06981,188.7196,1.6094,stand_2,228.8051,0.0,0.06981,0.0,0.06981,Sidewalk
723.0,109.2826,3.0923,0.38397,0.0,-0.0,188.7196,1.6094,stand_2,228.7968,0.0,-0.0,0.0,-0.0,Sidewalk
723.5,109.2826,3.0923,0.41888,0.0,0.06981,188.7196,1.6094,stand_2,228.8051,0.0,0.06981,0.0,0.06981,Sidewalk
724.0,109.2826,3.0923,0.41888,0.0,-0.0,188.7196,1.6094,stand_2,228.7968,0.0,-0.0,0.0,-0.0,Sidewalk
724.5,109.2826,3.0923,0.45379,0.0,0.06981,188.7196,1.6094,stand_2,228.8051,0.0,0.06981,0.0,0.06981,Sidewalk
725.0,109.2826,3.0923,0.45379,0.0,-0.0,188.7196,1.6094,stand_2,228.7968,0.0,-0.0,0.0,-0.0,Sidewalk
725.5,109.2826,3.0923,0.48869,0.0,0.06981,188.7196,1.6094,stand_2,228.8051,0.0,0.06981,0.0,0.06981,Sidewalk
726.0,109.2826,3.0923,0.48869,0.0,-0.0,188.7196,1.6094,stand_2,228.7968,0.0,-0.0,0.0,-0.0,Sidewalk
726.5,109.2826,3.0923,0.5236,0.0,0.06981,188.7196,1.6094,stand_2,228.8051,0.0,0.06981,0.0,0.06981,Sidewalk
727.0,109.2826,3.0923,0.5236,0.0,-0.0,188.7196,1.6094,stand_2,228.7967,0.0,-0.0,0.0,-0.0,Sidewalk
727.5,109.2826,3.0923,0.55851,0.0,0.06981,188.7196,1.6094,stand_2,228.8051,0.0,0.06981,0.0,0.06981,Sidewalk
728.0,109.2826,3.0923,0.55851,0.0,-0.0,188.7196,1.6094,stand_2,228.7967,0.0,-0.0,0.0,-0.0,Sidewalk
728.5,109.2826,3.0923,0.59341,0.0,0.06981,188.7196,1.6094,stand_2,228.8051,0.0,0.06981,0.0,0.06981,Sidewalk
729.0,109.2826,3.0923,0.59341,0.0,-0.0,188.7196,1.6094,stand_2,228.7967,0.0,-0.0,0.0,-0.0,Sidewalk
729.5,109.2826,3.0923,0.62832,0.0,0.06981,188.7196,1.6094,stand_2,228.8051,0.0,0.06981,0.0,0.06981,Sidewalk
730.0,109.2826,3.0923,0.62832,0.0,-0.0,188.7196,1.6094,stand_2,228.7967,0.0,-0.0,0.0,-0.0,Sidewalk
730.5,109.2826,3.0923,0.66323,0.0,0.06981,188.7196,1.6094,stand_2,228.8051,0.0,0.06981,0.0,0.06981,Sidewalk
731.0,109.2826,3.0923,0.66323,0.0,-0.0,188.7196,1.6094,stand_2,228.7967,0.0,-0.0,0.0,-0.0,Sidewalk
731.5,109.2826,3.0923,0.69813,0.0,0.06981,188.7196,1.6095,stand_2,228.8051,0.0,0.06981,0.0,0.06981,Sidewalk
732.0,109.2826,3.0923,0.69813,0.0,-0.0,188.7196,1.6095,stand_2,228.7967,0.0,-0.0,0.0,-0.0,Sidewalk
732.5,109.2826,3.0923,0.73304,0.0,0.06981,188.7196,1.6095,stand_2,228.8051,0.0,0.06981,0.0,0.06981,Sidewalk
733.0,109.2826,3.0923,0.73304,0.0,-0.0,188.7196,1.6095,stand_2,228.7967,0.0,-0.0,0.0,-0.0,Sidewalk
733.5,109.2826,3.0923,0.76794,0.0,0.06981,188.7196,1.6095,stand_2,228.8051,0.0,0.06981,0.0,0.06981,Sidewalk
734.0,109.2826,3.0923,0.76794,0.0,-0.0,188.7196,1.6095,stand_2,228.7967,0.0,-0.0,0.0,-0.0,Sidewalk
734.5,109.2826,3.0923,0.80285,0.0,0.06981,188.7196,1.6095,stand_2,228.8051,0.0,0.06981,0.0,0.06981,Sidewalk
735.0,109.2826,3.0923,0.80285,0.0,-0.0,188.7196,1.6095,stand_2,228.7967,0.0,-0.0,0.0,-0.0,Sidewalk
735.5,109.2826,3.0923,0.83776,0.0,0.06981,188.7196,1.6095,stand_2,228.8051,0.0,0.06981,0.0,0.06981,Sidewalk
736.0,109.2826,3.0923,0.83776,0.0,-0.0,188.7196,1.6095,stand_2,228.7967,0.0,-0.0,0.0,-0.0,Sidewalk
736.5,109.2826,3.0923,0.87266,0.0,0.06981,188.7196,1.6095,stand_2,228.8051,0.0,0.06981,0.0,0.06981,Sidewalk
737.0,109.2826,3.0923,0.87266,0.0,-0.0,188.7196,1.6095,stand_2,228.7967,0.0,-0.0,0.0,-0.0,Sidewalk
737.5,109.2826,3.0923,0.90757,0.0,0.06981,188.7196,1.6095,stand_2,228.8051,0.0,0.06981,0.0,0.06981,Sidewalk
738.0,109.2826,3.0923,0.90757,0.0,-0.0,188.7196,1.6095,stand_2,228.7967,0.0,-0.0,0.0,-0.0,Sidewalk
738.5,109.2826,3.0923,0.94248,0.0,0.06981,188.7196,1.6095,stand_2,228.8051,0.0,0.06981,0.0,0.06981,Sidewalk
739.0,109.2826,3.0923,0.94248,0.0,-0.0,188.7196,1.6095,stand_2,228.7967,0.0,-0.0,0.0,-0.0,Sidewalk
739.5,109.2826,3.0923,0.97738,0.0,0.06981,188.7196,1.6095,stand_2,228.8051,0.0,0.06981,0.0,0.06981,Sidewalk
740.0,109.2826,3.0923,0.97738,0.0,-0.0,188.7196,1.6095,stand_2,228.7967,0.0,-0.0,0.0,-0.0,Sidewalk
740.5,109.2826,3.0923,1.01229,0.0,0.06981,188.7196,1.6095,stand_2,228.8051,0.0,0.06981,0.0,0.06981,Sidewalk
741.0,109.2826,3.0923,1.01229,0.0,-0.0,188.7196,1.6095,stand_2,228.7967,0.0,-0.0,0.0,-0.0,Sidewalk
741.5,109.2826,3.0923,1.0472,0.0,0.06981,188.7196,1.6095,stand_2,228.8051,0.0,0.06981,0.0,0.06981,Sidewalk
742.0,109.2826,3.0923,1.0472,0.0,-0.0,188.7196,1.6095,stand_2,228.7967,0.0,-0.0,0.0,-0.0,Sidewalk
742.5,109.2826,3.0923,1.0821,0.0,0.06981,188.7196,1.6095,stand_2,228.8051,0.0,0.06981,0.0,0.06981,Sidewalk
743.0,109.2826,3.0923,1.0821,0.0,-0.0,188.7196,1.6095,stand_2,228.7967,0.0,-0.0,0.0,-0.0,Sidewalk
743.5,109.2826,3.0923,1.11701,0.0,0.06981,188.7196,1.6095,stand_2,228.8051,0.0,0.06981,0.0,0.06981,Sidewalk
744.0,109.2826,3.0923,1.11701,0.0,-0.0,188.7196,1.6095,stand_2,228.7967,0.0,-0.0,0.0,-0.0,Sidewalk
744.5,109.2826,3.0923,1.15192,0.0,0.06981,188.7196,1.6095,stand_2,228.8051,0.0,0.06981,0.0,0.06981,Sidewalk
745.0,109.2826,3.0923,1.15192,0.0,-0.0,188.7196,1.6095,stand_2,228.7967,0.0,-0.0,0.0,-0.0,Sidewalk
745.5,109.2826,3.0923,1.18682,0.0,0.06981,188.7196,1.6095,stand_2,228.805,0.0,0.06981,0.0,0.06981,Sidewalk
746.0,109.2826,3.0923,1.18682,0.0,-0.0,188.7196,1.6095,stand_2,228.7967,0.0,-0.0,0.0,-0.0,Sidewalk
746.5,109.2826,3.0923,1.22173,0.0,0.06981,188.7196,1.6095,stand_2,228.805,0.0,0.06981,0.0,0.06981,Sidewalk
747.0,109.2826,3.0923,1.22173,0.0,-0.0,188.7196,1.6095,stand_2,228.7967,0.0,-0.0,0.0,-0.0,Sidewalk
747.5,109.2826,3.0923,1.25664,0.0,0.06981,188.7196,1.6095,stand_2,228.805,0.0,0.06981,0.0,0.06981,Sidewalk
748.0,109.2826,3.0923,1.25664,0.0,-0.0,188.7196,1.6095,stand_2,228.7967,0.0,-0.0,0.0,-0.0,Sidewalk
748.5,109.2826,3.0923,1.29154,0.0,0.06981,188.7196,1.6095,stand_2,228.805,0.0,0.06981,0.0,0.06981,Sidewalk
749.0,109.2826,3.0923,1.29154,0.0,-0.0,188.7196,1.6095,stand_2,228.7967,0.0,-0.0,0.0,-0.0,Sidewalk
749.5,109.2826,3.0923,1.32645,0.0,0.06981,188.7196,1.6095,stand_2,228.805,0.0,0.06981,0.0,0.06981,Sidewalk
750.0,109.2826,3.0923,1.32645,0.0,-0.0,188.7196,1.6095,stand_2,228.7966,0.0,-0.0,0.0,-0.0,Sidewalk
750.5,109.2826,3.0923,1.36136,0.0,0.06981,188.7196,1.6095,stand_2,228.805,0.0,0.06981,0.0,0.06981,Sidewalk
751.0,109.2826,3.0923,1.36136,0.0,-0.0,188.7196,1.6095,stand_2,228.7966,0.0,-0.0,0.0,-0.0,Sidewalk
751.5,109.2826,3.0923,1.39626,0.0,0.06981,188.7196,1.6095,stand_2,228.805,0.0,0.06981,0.0,0.06981,Sidewalk
752.0,109.2826,3.0923,1.39626,0.0,-0.0,188.7196,1.6095,stand_2,228.7966,0.0,-0.0,0.0,-0.0,Sidewalk
752.5,109.2826,3.0923,1.43117,0.0,0.06981,188.7196,1.6095,stand_2,228.805,0.0,0.06981,0.0,0.06981,Sidewalk
753.0,109.2826,3.0923,1.43117,0.0,-0.0,188.7196,1.6095,stand_2,228.7966,0.0,-0.0,0.0,-0.0,Sidewalk
753.5,109.2826,3.0923,1.46608,0.0,0.06981,188.7196,1.6095,stand_2,228.805,0.0,0.06981,0.0,0.06981,Sidewalk
754.0,109.2826,3.0923,1.46608,0.0,-0.0,188.7196,1.6095,stand_2,228.7966,0.0,-0.0,0.0,-0.0,Sidewalk
754.5,109.2826,3.0923,1.50098,0.0,0.06981,188.7196,1.6095,stand_2,228.805,0.0,0.06981,0.0,0.06981,Sidewalk
755.0,109.2826,3.0923,1.50098,0.0,-0.0,188.7196,1.6095,stand_2,228.7966,0.0,-0.0,0.0,-0.0,Sidewalk
755.5,109.2826,3.0923,1.53589,0.0,0.06981,188.7196,1.6095,stand_2,228.805,0.0,0.06981,0.0,0.06981,Sidewalk
756.0,109.2826,3.0923,1.53589,0.0,-0.0,188.7196,1.6095,stand_2,228.7966,0.0,-0.0,0.0,-0.0,Sidewalk
756.5,109.2826,3.0923,1.5708,0.0,0.06981,188.7196,1.6095,stand_2,228.805,0.0,0.06981,0.0,0.06981,Sidewalk
757.0,109.2826,3.0923,1.5708,0.0,-0.0,188.7196,1.6095,stand_2,228.7966,0.0,-0.0,0.0,-0.0,Sidewalk
757.5,109.2826,3.0923,1.6057,0.0,0.06981,188.7196,1.6095,stand_2,228.805,0.0,0.06981,0.0,0.06981,Sidewalk
758.0,109.2826,3.0923,1.6057,0.0,-0.0,188.7196,1.6095,stand_2,228.7966,0.0,-0.0,0.0,-0.0,Sidewalk
758.5,109.2826,3.0923,1.64061,0.0,0.06981,188.7196,1.6095,stand_2,228.805,0.0,0.06981,0.0,0.06981,Sidewalk
759.0,109.2826,3.0923,1.64061,0.0,-0.0,188.7196,1.6095,stand_2,228.7966,0.0,-0.0,0.0,-0.0,Sidewalk
759.5,109.2826,3.0923,1.67552,0.0,0.06981,188.7196,1.6095,stand_2,228.805,0.0,0.06981,0.0,0.06981,Sidewalk
760.0,109.2826,3.0923,1.67552,0.0,-0.0,188.7196,1.6095,stand_2,228.7966,0.0,-0.0,0.0,-0.0,Sidewalk
760.5,109.2826,3.0923,1.71042,0.0,0.06981,188.7196,1.6095,stand_2,228.805,0.0,0.06981,0.0,0.06981,Sidewalk
761.0,109.2826,3.0923,1.71042,0.0,-0.0,188.7196,1.6095,stand_2,228.7966,0.0,-0.0,0.0,-0.0,Sidewalk
761.5,109.2826,3.0923,1.74533,0.0,0.06981,188.7196,1.6095,stand_2,228.805,0.0,0.06981,0.0,0.06981,Sidewalk
762.0,109.2826,3.0923,1.74533,0.0,-0.0,188.7196,1.6095,stand_2,228.7966,0.0,-0.0,0.0,-0.0,Sidewalk
762.5,109.2826,3.0923,1.78024,0.0,0.06981,188.7196,1.6095,stand_2,228.805,0.0,0.06981,0.0,0.06981,Sidewalk
763.0,109.2826,3.0923,1.78024,0.0,-0.0,188.7196,1.6095,stand_2,228.7966,0.0,-0.0,0.0,-0.0,Sidewalk
763.5,109.2826,3.0923,1.81514,0.0,0.06981,188.7196,1.6095,stand_2,228.805,0.0,0.06981,0.0,0.06981,Sidewalk
764.0,109.2826,3.0923,1.81514,0.0,-0.0,188.7196,1.6095,stand_2,228.7966,0.0,-0.0,0.0,-0.0,Sidewalk
764.5,109.2826,3.0923,1.85005,0.0,0.06981,188.7196,1.6095,stand_2,228.805,0.0,0.06981,0.0,0.06981,Sidewalk
765.0,109.2826,3.0923,1.85005,0.0,-0.0,188.7196,1.6095,stand_2,228.7966,0.0,-0.0,0.0,-0.0,Sidewalk
765.5,109.2826,3.0923,1.88496,0.0,0.06981,188.7196,1.6095,stand_2,228.805,0.0,0.06981,0.0,0.06981,Sidewalk
766.0,109.2826,3.0923,1.88496,0.0,-0.0,188.7196,1.6095,stand_2,228.7966,0.0,-0.0,0.0,-0.0,Sidewalk
766.5,109.2826,3.0923,1.91986,0.0,0.06981,188.7196,1.6095,stand_2,228.805,0.0,0.06981,0.0,0.06981,Sidewalk
767.0,109.2826,3.0923,1.91986,0.0,-0.0,188.7196,1.6095,stand_2,228.7966,0.0,-0.0,0.0,-0.0,Sidewalk
767.5,109.2826,3.0923,1.95477,0.0,0.06981,188.7196,1.6095,stand_2,228.805,0.0,0.06981,0.0,0.06981,Sidewalk
768.0,109.2826,3.0923,1.95477,0.0,-0.0,188.7196,1.6095,stand_2,228.7966,0.0,-0.0,0.0,-0.0,Sidewalk
768.5,109.2826,3.0923,1.98968,0.0,0.06981,188.7196,1.6095,stand_2,228.8049,0.0,0.06981,0.0,0.06981,Sidewalk
769.0,109.2826,3.0923,1.98968,0.0,-0.0,188.7196,1.6095,stand_2,228.7966,0.0,-0.0,0.0,-0.0,Sidewalk
769.5,109.2826,3.0923,2.02458,0.0,0.06981,188.7196,1.6095,stand_2,228.8049,0.0,0.06981,0.0,0.06981,Sidewalk
770.0,109.2826,3.0923,2.02458,0.0,-0.0,188.7196,1.6095,stand_2,228.7966,0.0,-0.0,0.0,-0.0,Sidewalk
770.5,109.2826,3.0923,2.05949,0.0,0.06981,188.7196,1.6095,stand_2,228.8049,0.0,0.06981,0.0,0.06981,Sidewalk
771.0,109.2826,3.0923,2.05949,0.0,-0.0,188.7196,1.6096,stand_2,228.7966,0.0,-0.0,0.0,-0.0,Sidewalk
771.5,109.2826,3.0923,2.0944,0.0,0.06981,188.7196,1.6096,stand_2,228.8049,0.0,0.06981,0.0,0.06981,Sidewalk
772.0,109.2826,3.0923,2.0944,0.0,-0.0,188.7196,1.6096,stand_2,228.7966,0.0,-0.0,0.0,-0.0,Sidewalk
772.5,109.2826,3.0923,2.1293,0.0,0.06981,188.7196,1.6096,stand_2,228.8049,0.0,0.06981,0.0,0.06981,Sidewalk
773.0,109.2826,3.0923,2.1293,0.0,-0.0,188.7196,1.6096,stand_2,228.7965,0.0,-0.0,0.0,-0.0,Sidewalk
773.5,109.2826,3.0923,2.16421,0.0,0.06981,188.7196,1.6096,stand_2,228.8049,0.0,0.06981,0.0,0.06981,Sidewalk
774.0,109.2826,3.0923,2.16421,0.0,-0.0,188.7196,1.6096,stand_2,228.7965,0.0,-0.0,0.0,-0.0,Sidewalk
774.5,109.2826,3.0923,2.19911,0.0,0.06981,188.7196,1.6096,stand_2,228.8049,0.0,0.06981,0.0,0.06981,Sidewalk
775.0,109.2826,3.0923,2.19911,0.0,-0.0,188.7196,1.6096,stand_2,228.7965,0.0,-0.0,0.0,-0.0,Sidewalk
775.5,109.2826,3.0923,2.23402,0.0,0.06981,188.7196,1.6096,stand_2,228.8049,0.0,0.06981,0.0,0.06981,Sidewalk
776.0,109.2826,3.0923,2.23402,0.0,-0.0,188.7196,1.6096,stand_2,228.7965,0.0,-0.0,0.0,-0.0,Sidewalk
776.5,109.2826,3.0923,2.26893,0.0,0.06981,188.7196,1.6096,stand_2,228.8049,0.0,0.06981,0.0,0.06981,Sidewalk
777.0,109.2826,3.0923,2.26893,0.0,-0.0,188.7196,1.6096,stand_2,228.7965,0.0,-0.0,0.0,-0.0,Sidewalk
777.5,109.2826,3.0923,2.30383,0.0,0.06981,188.7196,1.6096,stand_2,228.8049,0.0,0.06981,0.0,0.06981,Sidewalk
778.0,109.2826,3.0923,2.30383,0.0,-0.0,188.7196,1.6096,stand_2,228.7965,0.0,-0.0,0.0,-0.0,Sidewalk
778.5,109.2826,3.0923,2.33874,0.0,0.06981,188.7196,1.6096,stand_2,228.8049,0.0,0.06981,0.0,0.06981,Sidewalk
779.0,109.2826,3.0923,2.33874,0.0,-0.0,188.7196,1.6096,stand_2,228.7965,0.0,-0.0,0.0,-0.0,Sidewalk
779.5,109.2826,3.0923,2.37365,0.0,0.06981,188.7196,1.6096,stand_2,228.8049,0.0,0.06981,0.0,0.06981,Sidewalk
780.0,109.2826,3.0923,2.37365,0.0,-0.0,188.7196,1.6096,stand_2,228.7965,0.0,-0.0,0.0,-0.0,Sidewalk
780.5,109.2826,3.0923,2.40855,0.0,0.06981,188.7196,1.6096,stand_2,228.8049,0.0,0.06981,0.0,0.06981,Sidewalk
781.0,109.2826,3.0923,2.40855,0.0,-0.0,188.7196,1.6096,stand_2,228.7965,0.0,-0.0,0.0,-0.0,Sidewalk
781.5,109.2826,3.0923,2.44346,0.0,0.06981,188.7196,1.6096,stand_2,228.8049,0.0,0.06981,0.0,0.06981,Sidewalk
782.0,109.2826,3.0923,2.44346,0.0,-0.0,188.7196,1.6096,stand_2,228.7965,0.0,-0.0,0.0,-0.0,Sidewalk
782.5,109.2826,3.0923,2.47837,0.0,0.06981,188.7196,1.6096,stand_2,228.8049,0.0,0.06981,0.0,0.06981,Sidewalk
783.0,109.2826,3.0923,2.47837,0.0,-0.0,188.7196,1.6096,stand_2,228.7965,0.0,-0.0,0.0,-0.0,Sidewalk
783.5,109.2826,3.0923,2.51327,0.0,0.06981,188.7196,1.6096,stand_2,228.8049,0.0,0.06981,0.0,0.06981,Sidewalk
784.0,109.2826,3.0923,2.51327,0.0,-0.0,188.7196,1.6096,stand_2,228.7965,0.0,-0.0,0.0,-0.0,Sidewalk
784.5,109.2826,3.0923,2.54818,0.0,0.06981,188.7196,1.6096,stand_2,228.8049,0.0,0.06981,0.0,0.06981,Sidewalk
785.0,109.2826,3.0923,2.54818,0.0,-0.0,188.7196,1.6096,stand_2,228.7965,0.0,-0.0,0.0,-0.0,Sidewalk
785.5,109.2826,3.0923,2.58309,0.0,0.06981,188.7196,1.6096,stand_2,228.8049,0.0,0.06981,0.0,0.06981,Sidewalk
786.0,109.2826,3.0923,2.58309,0.0,-0.0,188.7196,1.6096,stand_2,228.7965,0.0,-0.0,0.0,-0.0,Sidewalk
786.5,109.2826,3.0923,2.61799,0.0,0.06981,188.7196,1.6096,stand_2,228.8049,0.0,0.06981,0.0,0.06981,Sidewalk
787.0,109.2826,3.0923,2.61799,0.0,-0.0,188.7196,1.6096,stand_2,228.7965,0.0,-0.0,0.0,-0.0,Sidewalk
787.5,109.2826,3.0923,2.6529,0.0,0.06981,188.7196,1.6096,stand_2,228.8049,0.0,0.06981,0.0,0.06981,Sidewalk
788.0,109.2826,3.0923,2.6529,0.0,-0.0,188.7196,1.6096,stand_2,228.7965,0.0,-0.0,0.0,-0.0,Sidewalk
788.5,109.2826,3.0923,2.68781,0.0,0.06981,188.7196,1.6096,stand_2,228.8049,0.0,0.06981,0.0,0.06981,Sidewalk
789.0,109.2826,3.0923,2.68781,0.0,-0.0,188.7196,1.6096,stand_2,228.7965,0.0,-0.0,0.0,-0.0,Sidewalk
789.5,109.2826,3.0923,2.72271,0.0,0.06981,188.7196,1.6096,stand_2,228.8049,0.0,0.06981,0.0,0.06981,Sidewalk
790.0,109.2826,3.0923,2.72271,0.0,-0.0,188.7196,1.6096,stand_2,228.7965,0.0,-0.0,0.0,-0.0,Sidewalk
790.5,109.2826,3.0923,2.75762,0.0,0.06981,188.7196,1.6096,stand_2,228.8049,0.0,0.06981,0.0,0.06981,Sidewalk
791.0,109.2826,3.0923,2.75762,0.0,-0.0,188.7196,1.6096,stand_2,228.7965,0.0,-0.0,0.0,-0.0,Sidewalk
791.5,109.2826,3.0923,2.79253,0.0,0.06981,188.7196,1.6096,stand_2,228.8048,0.0,0.06981,0.0,0.06981,Sidewalk
792.0,109.2826,3.0923,2.79253,0.0,-0.0,188.7196,1.6096,stand_2,228.7965,0.0,-0.0,0.0,-0.0,Sidewalk
792.5,109.2826,3.0923,2.82743,0.0,0.06981,188.7196,1.6096,stand_2,228.8048,0.0,0.06981,0.0,0.06981,Sidewalk
793.0,109.2826,3.0923,2.82743,0.0,-0.0,188.7196,1.6096,stand_2,228.7965,0.0,-0.0,0.0,-0.0,Sidewalk
793.5,109.2826,3.0923,2.86234,0.0,0.06981,188.7196,1.6096,stand_2,228.8048,0.0,0.06981,0.0,0.06981,Sidewalk
794.0,109.2826,3.0923,2.86234,0.0,-0.0,188.7196,1.6096,stand_2,228.7965,0.0,-0.0,0.0,-0.0,Sidewalk
794.5,109.2826,3.0923,2.89725,0.0,0.06981,188.7196,1.6096,stand_2,228.8048,0.0,0.06981,0.0,0.06981,Sidewalk
795.0,109.2826,3.0923,2.89725,0.0,-0.0,188.7196,1.6096,stand_2,228.7965,0.0,-0.0,0.0,-0.0,Sidewalk
795.5,109.2826,3.0923,2.93215,0.0,0.06981,188.7196,1.6096,stand_2,228.8048,0.0,0.06981,0.0,0.06981,Sidewalk
796.0,109.2826,3.0923,2.93215,0.0,-0.0,188.7196,1.6096,stand_2,228.7965,0.0,-0.0,0.0,-0.0,Sidewalk
796.5,109.2826,3.0923,2.96706,0.0,0.06981,188.7196,1.6096,stand_2,228.8048,0.0,0.06981,0.0,0.06981,Sidewalk
797.0,109.2826,3.0923,2.96706,0.0,-0.0,188.7196,1.6096,stand_2,228.7964,0.0,-0.0,0.0,-0.0,Sidewalk
797.5,109.2826,3.0923,3.00197,0.0,0.06981,188.7196,1.6096,stand_2,228.8048,0.0,0.06981,0.0,0.06981,Sidewalk
798.0,109.2826,3.0923,3.00197,0.0,-0.0,188.7196,1.6096,stand_2,228.7964,0.0,-0.0,0.0,-0.0,Sidewalk
798.5,109.2826,3.0923,3.03687,0.0,0.06981,188.7196,1.6096,stand_2,228.8048,0.0,0.06981,0.0,0.06981,Sidewalk
799.0,109.2826,3.0923,3.03687,0.0,-0.0,188.7196,1.6096,stand_2,228.7964,0.0,-0.0,0.0,-0.0,Sidewalk
799.5,109.2826,3.0923,3.07178,0.0,0.06981,188.7196,1.6096,stand_2,228.8048,0.0,0.06981,0.0,0.06981,Sidewalk
800.0,109.2826,3.0923,3.07178,0.0,-0.0,188.7196,1.6096,stand_2,228.7964,0.0,-0.0,0.0,-0.0,Sidewalk
800.5,109.2826,3.0923,3.10669,0.0,0.06981,188.7196,1.6096,stand_2,228.8048,0.0,0.06981,0.0,0.06981,Sidewalk
801.0,109.2826,3.0923,3.10669,0.0,-0.0,188.7196,1.6096,stand_2,228.7964,0.0,-0.0,0.0,-0.0,Sidewalk
801.5,109.2826,3.0923,3.14159,0.0,0.06981,188.7196,1.6096,stand_2,228.8048,0.0,0.06981,0.0,0.06981,Sidewalk
802.0,109.2826,3.0923,3.14159,0.0,-0.0,188.7196,1.6096,stand_2,228.7964,0.0,-0.0,0.0,-0.0,Sidewalk
802.5,109.2826,3.0923,-3.10669,0.0,0.06981,188.7196,1.6096,stand_2,228.8048,0.0,0.06981,0.0,0.06981,Sidewalk
803.0,109.2826,3.0923,-3.10669,0.0,-0.0,188.7196,1.6096,stand_2,228.7964,0.0,-0.0,0.0,-0.0,Sidewalk
803.5,109.2826,3.0923,-3.07178,0.0,0.06981,188.7196,1.6096,stand_2,228.8048,0.0,0.06981,0.0,0.06981,Sidewalk
804.0,109.2826,3.0923,-3.07178,0.0,-0.0,188.7196,1.6096,stand_2,228.7964,0.0,-0.0,0.0,-0.0,Sidewalk
804.5,109.2826,3.0923,-3.03687,0.0,0.06981,188.7196,1.6096,stand_2,228.8048,0.0,0.06981,0.0,0.06981,Sidewalk
805.0,109.2826,3.0923,-3.03687,0.0,-0.0,188.7196,1.6096,stand_2,228.7964,0.0,-0.0,0.0,-0.0,Sidewalk
805.5,109.2826,3.0923,-3.00197,0.0,0.06981,188.7196,1.6096,stand_2,228.8048,0.0,0.06981,0.0,0.06981,Sidewalk
806.0,109.2826,3.0923,-3.00197,0.0,-0.0,188.7196,1.6096,stand_2,228.7964,0.0,-0.0,0.0,-0.0,Sidewalk
806.5,109.2826,3.0923,-2.96706,0.0,0.06981,188.7196,1.6096,stand_2,228.8048,0.0,0.06981,0.0,0.06981,Sidewalk
807.0,109.2826,3.0923,-2.96706,0.0,-0.0,188.7196,1.6096,stand_2,228.7964,0.0,-0.0,0.0,-0.0,Sidewalk
807.5,109.2826,3.0923,-2.93215,0.0,0.06981,188.7196,1.6096,stand_2,228.8048,0.0,0.06981,0.0,0.06981,Sidewalk
808.0,109.2826,3.0923,-2.93215,0.0,-0.0,188.7196,1.6096,stand_2,228.7964,0.0,-0.0,0.0,-0.0,Sidewalk
808.5,109.2826,3.0923,-2.89725,0.0,0.06981,188.7196,1.6096,stand_2,228.8048,0.0,0.06981,0.0,0.06981,Sidewalk
809.0,109.2826,3.0923,-2.89725,0.0,-0.0,188.7196,1.6096,stand_2,228.7964,0.0,-0.0,0.0,-0.0,Sidewalk
809.5,109.2826,3.0923,-2.86234,0.0,0.06981,188.7196,1.6096,stand_2,228.8048,0.0,0.06981,0.0,0.06981,Sidewalk
810.0,109.2826,3.0923,-2.86234,0.0,-0.0,188.7196,1.6096,stand_2,228.7964,0.0,-0.0,0.0,-0.0,Sidewalk
810.5,109.2826,3.0923,-2.82743,0.0,0.06981,188.7196,1.6096,stand_2,228.8048,0.0,0.06981,0.0,0.06981,Sidewalk
811.0,109.2826,3.0923,-2.82743,0.0,-0.0,188.7196,1.6096,stand_2,228.7964,0.0,-0.0,0.0,-0.0,Sidewalk
811.5,109.2826,3.0923,-2.79253,0.0,0.06981,188.7196,1.6096,stand_2,228.8048,0.0,0.06981,0.0,0.06981,Sidewalk
812.0,109.2826,3.0923,-2.79253,0.0,-0.0,188.7196,1.6097,stand_2,228.7964,0.0,-0.0,0.0,-0.0,Sidewalk
812.5,109.2826,3.0923,-2.75762,0.0,0.06981,188.7196,1.6097,stand_2,228.8048,0.0,0.06981,0.0,0.06981,Sidewalk
813.0,109.2826,3.0923,-2.75762,0.0,-0.0,188.7196,1.6097,stand_2,228.7964,0.0,-0.0,0.0,-0.0,Sidewalk
813.5,109.2826,3.0923,-2.72271,0.0,0.06981,188.7196,1.6097,stand_2,228.8048,0.0,0.06981,0.0,0.06981,Sidewalk
814.0,109.2826,3.0923,-2.72271,0.0,-0.0,188.7196,1.6097,stand_2,228.7964,0.0,-0.0,0.0,-0.0,Sidewalk
814.5,109.2826,3.0923,-2.68781,0.0,0.06981,188.7196,1.6097,stand_2,228.8048,0.0,0.06981,0.0,0.06981,Sidewalk
815.0,109.2826,3.0923,-2.68781,0.0,-0.0,188.7196,1.6097,stand_2,228.7964,0.0,-0.0,0.0,-0.0,Sidewalk
815.5,109.2826,3.0923,-2.6529,0.0,0.06981,188.7196,1.6097,stand_2,228.8048,0.0,0.06981,0.0,0.06981,Sidewalk
816.0,109.2826,3.0923,-2.6529,0.0,-0.0,188.7196,1.6097,stand_2,228.7964,0.0,-0.0,0.0,-0.0,Sidewalk
816.5,109.2826,3.0923,-2.61799,0.0,0.06981,188.7196,1.6097,stand_2,228.8047,0.0,0.06981,0.0,0.06981,Sidewalk
817.0,109.2826,3.0923,-2.61799,0.0,-0.0,188.7196,1.6097,stand_2,228.7964,0.0,-0.0,0.0,-0.0,Sidewalk
817.5,109.2826,3.0923,-2.58309,0.0,0.06981,188.7196,1.6097,stand_2,228.8047,0.0,0.06981,0.0,0.06981,Sidewalk
818.0,109.2826,3.0923,-2.58309,0.0,-0.0,188.7196,1.6097,stand_2,228.7964,0.0,-0.0,0.0,-0.0,Sidewalk
818.5,109.2826,3.0923,-2.54818,0.0,0.06981,188.7196,1.6097,stand_2,228.8047,0.0,0.06981,0.0,0.06981,Sidewalk
819.0,109.2826,3.0923,-2.54818,0.0,-0.0,188.7196,1.6097,stand_2,228.7964,0.0,-0.0,0.0,-0.0,Sidewalk
819.5,109.2826,3.0923,-2.51327,0.0,0.06981,188.7196,1.6097,stand_2,228.8047,0.0,0.06981,0.0,0.06981,Sidewalk
820.0,109.2826,3.0923,-2.51327,0.0,-0.0,188.7196,1.6097,stand_2,228.7964,0.0,-0.0,0.0,-0.0,Sidewalk
820.5,109.2826,3.0923,-2.47837,0.0,0.06981,188.7196,1.6097,stand_2,228.8047,0.0,0.06981,0.0,0.06981,Sidewalk
821.0,109.2826,3.0923,-2.47837,0.0,-0.0,188.7196,1.6097,stand_2,228.7963,0.0,-0.0,0.0,-0.0,Sidewalk
821.5,109.2826,3.0923,-2.44346,0.0,0.06981,188.7196,1.6097,stand_2,228.8047,0.0,0.06981,0.0,0.06981,Sidewalk
822.0,109.2826,3.0923,-2.44346,0.0,-0.0,188.7196,1.6097,stand_2,228.7963,0.0,-0.0,0.0,-0.0,Sidewalk
822.5,109.2826,3.0923,-2.40855,0.0,0.06981,188.7196,1.6097,stand_2,228.8047,0.0,0.06981,0.0,0.06981,Sidewalk
823.0,109.2826,3.0923,-2.40855,0.0,-0.0,188.7196,1.6097,stand_2,228.7963,0.0,-0.0,0.0,-0.0,Sidewalk
823.5,109.2826,3.0923,-2.37365,0.0,0.06981,188.7196,1.6097,stand_2,228.8047,0.0,0.06981,0.0,0.06981,Sidewalk
824.0,109.2826,3.0923,-2.37365,0.0,-0.0,188.7196,1.6097,stand_2,228.7963,0.0,-0.0,0.0,-0.0,Sidewalk
824.5,109.2826,3.0923,-2.33874,0.0,0.06981,188.7196,1.6097,stand_2,228.8047,0.0,0.06981,0.0,0.06981,Sidewalk
825.0,109.2826,3.0923,-2.33874,0.0,-0.0,188.7196,1.6097,stand_2,228.7963,0.0,-0.0,0.0,-0.0,Sidewalk
825.5,109.2826,3.0923,-2.30383,0.0,0.06981,188.7196,1.6097,stand_2,228.8047,0.0,0.06981,0.0,0.06981,Sidewalk
826.0,109.2826,3.0923,-2.30383,0.0,-0.0,188.7196,1.6097,stand_2,228.7963,0.0,-0.0,0.0,-0.0,Sidewalk
826.5,109.2826,3.0923,-2.26893,0.0,0.06981,188.7196,1.6097,stand_2,228.8047,0.0,0.06981,0.0,0.06981,Sidewalk
827.0,109.2826,3.0923,-2.26893,0.0,-0.0,188.7196,1.6097,stand_2,228.7963,0.0,-0.0,0.0,-0.0,Sidewalk
827.5,109.2826,3.0923,-2.23402,0.0,0.06981,188.7196,1.6097,stand_2,228.8047,0.0,0.06981,0.0,0.06981,Sidewalk
828.0,109.2826,3.0923,-2.23402,0.0,-0.0,188.7196,1.6097,stand_2,228.7963,0.0,-0.0,0.0,-0.0,Sidewalk
828.5,109.2826,3.0923,-2.19911,0.0,0.06981,188.7196,1.6097,stand_2,228.8047,0.0,0.06981,0.0,0.06981,Sidewalk
829.0,109.2826,3.0923,-2.19911,0.0,-0.0,188.7196,1.6097,stand_2,228.7963,0.0,-0.0,0.0,-0.0,Sidewalk
829.5,109.2826,3.0923,-2.16421,0.0,0.06981,188.7196,1.6097,stand_2,228.8047,0.0,0.06981,0.0,0.06981,Sidewalk
830.0,109.2826,3.0923,-2.16421,0.0,-0.0,188.7196,1.6097,stand_2,228.7963,0.0,-0.0,0.0,-0.0,Sidewalk
830.5,109.2826,3.0923,-2.1293,0.0,0.06981,188.7196,1.6097,stand_2,228.8047,0.0,0.06981,0.0,0.06981,Sidewalk
831.0,109.2826,3.0923,-2.1293,0.0,-0.0,188.7196,1.6097,stand_2,228.7963,0.0,-0.0,0.0,-0.0,Sidewalk
831.5,109.2826,3.0923,-2.0944,0.0,0.06981,188.7196,1.6097,stand_2,228.8047,0.0,0.06981,0.0,0.06981,Sidewalk
832.0,109.2826,3.0923,-2.0944,0.0,-0.0,188.7196,1.6097,stand_2,228.7963,0.0,-0.0,0.0,-0.0,Sidewalk
832.5,109.2826,3.0923,-2.05949,0.0,0.06981,188.7196,1.6097,stand_2,228.8047,0.0,0.06981,0.0,0.06981,Sidewalk
833.0,109.2826,3.0923,-2.05949,0.0,-0.0,188.7196,1.6097,stand_2,228.7963,0.0,-0.0,0.0,-0.0,Sidewalk
833.5,109.2826,3.0923,-2.02458,0.0,0.06981,188.7196,1.6097,stand_2,228.8047,0.0,0.06981,0.0,0.06981,Sidewalk
834.0,109.2826,3.0923,-2.02458,0.0,-0.0,188.7196,1.6097,stand_2,228.7963,0.0,-0.0,0.0,-0.0,Sidewalk
834.5,109.2826,3.0923,-1.98968,0.0,0.06981,188.7196,1.6097,stand_2,228.8047,0.0,0.06981,0.0,0.06981,Sidewalk
835.0,109.2826,3.0923,-1.98968,0.0,-0.0,188.7196,1.6097,stand_2,228.7963,0.0,-0.0,0.0,-0.0,Sidewalk
835.5,109.2826,3.0923,-1.95477,0.0,0.06981,188.7196,1.6097,stand_2,228.8047,0.0,0.06981,0.0,0.06981,Sidewalk
836.0,109.2826,3.0923,-1.95477,0.0,-0.0,188.7196,1.6097,stand_2,228.7963,0.0,-0.0,0.0,-0.0,Sidewalk
836.5,109.2826,3.0923,-1.91986,0.0,0.06981,188.7196,1.6097,stand_2,228.8047,0.0,0.06981,0.0,0.06981,Sidewalk
837.0,109.2826,3.0923,-1.91986,0.0,-0.0,188.7196,1.6097,stand_2,228.7963,0.0,-0.0,0.0,-0.0,Sidewalk
837.5,109.2826,3.0923,-1.88496,0.0,0.06981,188.7196,1.6097,stand_2,228.8047,0.0,0.06981,0.0,0.06981,Sidewalk
838.0,109.2826,3.0923,-1.88496,0.0,-0.0,188.7196,1.6097,stand_2,228.7963,0.0,-0.0,0.0,-0.0,Sidewalk
838.5,109.2826,3.0923,-1.85005,0.0,0.06981,188.7196,1.6097,stand_2,228.8047,0.0,0.06981,0.0,0.06981,Sidewalk
839.0,109.2826,3.0923,-1.85005,0.0,-0.0,188.7196,1.6097,stand_2,228.7963,0.0,-0.0,0.0,-0.0,Sidewalk
839.5,109.2826,3.0923,-1.81514,0.0,0.06981,188.7196,1.6097,stand_2,228.8046,0.0,0.06981,0.0,0.06981,Sidewalk
840.0,109.2826,3.0923,-1.81514,0.0,-0.0,188.7196,1.6097,stand_2,228.7963,0.0,-0.0,0.0,-0.0,Sidewalk
840.5,109.2826,3.0923,-1.78024,0.0,0.06981,188.7196,1.6097,stand_2,228.8046,0.0,0.06981,0.0,0.06981,Sidewalk
841.0,109.2826,3.0923,-1.78024,0.0,-0.0,188.7196,1.6097,stand_2,228.7963,0.0,-0.0,0.0,-0.0,Sidewalk
841.5,109.2826,3.0923,-1.74533,0.0,0.06981,188.7196,1.6097,stand_2,228.8046,0.0,0.06981,0.0,0.06981,Sidewalk
842.0,109.2826,3.0923,-1.74533,0.0,-0.0,188.7196,1.6097,stand_2,228.7963,0.0,-0.0,0.0,-0.0,Sidewalk
842.5,109.2826,3.0923,-1.71042,0.0,0.06981,188.7196,1.6097,stand_2,228.8046,0.0,0.06981,0.0,0.06981,Sidewalk
843.0,109.2826,3.0923,-1.71042,0.0,-0.0,188.7196,1.6097,stand_2,228.7963,0.0,-0.0,0.0,-0.0,Sidewalk
843.5,109.2826,3.0923,-1.67552,0.0,0.06981,188.7196,1.6097,stand_2,228.8046,0.0,0.06981,0.0,0.06981,Sidewalk
844.0,109.2826,3.0923,-1.67552,0.0,-0.0,188.7196,1.6097,stand_2,228.7963,0.0,-0.0,0.0,-0.0,Sidewalk
844.5,109.2826,3.0923,-1.64061,0.0,0.06981,188.7196,1.6097,stand_2,228.8046,0.0,0.06981,0.0,0.06981,Sidewalk
845.0,109.2826,3.0923,-1.64061,0.0,-0.0,188.7196,1.6097,stand_2,228.7962,0.0,-0.0,0.0,-0.0,Sidewalk
845.5,109.2826,3.0923,-1.6057,0.0,0.06981,188.7196,1.6097,stand_2,228.8046,0.0,0.06981,0.0,0.06981,Sidewalk
846.0,109.2826,3.0923,-1.6057,0.0,-0.0,188.7196,1.6097,stand_2,228.7962,0.0,-0.0,0.0,-0.0,Sidewalk
846.5,109.2826,3.0923,-1.5708,0.0,0.06981,188.7196,1.6097,stand_2,228.8046,0.0,0.06981,0.0,0.06981,Sidewalk
847.0,109.2826,3.0923,-1.5708,0.0,-0.0,188.7196,1.6097,stand_2,228.7962,0.0,-0.0,0.0,-0.0,Sidewalk
847.5,109.2826,3.0923,-1.53589,0.0,0.06981,188.7196,1.6097,stand_2,228.8046,0.0,0.06981,0.0,0.06981,Sidewalk
848.0,109.2826,3.0923,-1.53589,0.0,-0.0,188.7196,1.6097,stand_2,228.7962,0.0,-0.0,0.0,-0.0,Sidewalk
848.5,109.2826,3.0923,-1.50098,0.0,0.06981,188.7196,1.6097,stand_2,228.8046,0.0,0.06981,0.0,0.06981,Sidewalk
849.0,109.2826,3.0923,-1.50098,0.0,-0.0,188.7196,1.6097,stand_2,228.7962,0.0,-0.0,0.0,-0.0,Sidewalk
849.5,109.2826,3.0923,-1.46608,0.0,0.06981,188.7196,1.6097,stand_2,228.8046,0.0,0.06981,0.0,0.06981,Sidewalk
850.0,109.2826,3.0923,-1.46608,0.0,-0.0,188.7196,1.6097,stand_2,228.7962,0.0,-0.0,0.0,-0.0,Sidewalk
850.5,109.2826,3.0923,-1.43117,0.0,0.06981,188.7196,1.6097,stand_2,228.8046,0.0,0.06981,0.0,0.06981,Sidewalk
851.0,109.2826,3.0923,-1.43117,0.0,-0.0,188.7196,1.6097,stand_2,228.7962,0.0,-0.0,0.0,-0.0,Sidewalk
851.5,109.2826,3.0923,-1.39626,0.0,0.06981,188.7196,1.6097,stand_2,228.8046,0.0,0.06981,0.0,0.06981,Sidewalk
852.0,109.2826,3.0923,-1.39626,0.0,-0.0,188.7196,1.6097,stand_2,228.7962,0.0,-0.0,0.0,-0.0,Sidewalk
852.5,109.2826,3.0923,-1.36136,0.0,0.06981,188.7196,1.6097,stand_2,228.8046,0.0,0.06981,0.0,0.06981,Sidewalk
853.0,109.2826,3.0923,-1.36136,0.0,-0.0,188.7196,1.6097,stand_2,228.7962,0.0,-0.0,0.0,-0.0,Sidewalk
853.5,109.2826,3.0923,-1.32645,0.0,0.06981,188.7196,1.6097,stand_2,228.8046,0.0,0.06981,0.0,0.06981,Sidewalk
854.0,109.2826,3.0923,-1.32645,0.0,-0.0,188.7196,1.6098,stand_2,228.7962,0.0,-0.0,0.0,-0.0,Sidewalk
854.5,109.2826,3.0923,-1.29154,0.0,0.06981,188.7196,1.6098,stand_2,228.8046,0.0,0.06981,0.0,0.06981,Sidewalk
855.0,109.2826,3.0923,-1.29154,0.0,-0.0,188.7196,1.6098,stand_2,228.7962,0.0,-0.0,0.0,-0.0,Sidewalk
855.5,109.2826,3.0923,-1.25664,0.0,0.06981,188.7196,1.6098,stand_2,228.8046,0.0,0.06981,0.0,0.06981,Sidewalk
856.0,109.2826,3.0923,-1.25664,0.0,-0.0,188.7196,1.6098,stand_2,228.7962,0.0,-0.0,0.0,-0.0,Sidewalk
856.5,109.2826,3.0923,-1.22173,0.0,0.06981,188.7196,1.6098,stand_2,228.8046,0.0,0.06981,0.0,0.06981,Sidewalk
857.0,109.2826,3.0923,-1.22173,0.0,-0.0,188.7196,1.6098,stand_2,228.7962,0.0,-0.0,0.0,-0.0,Sidewalk
857.5,109.2826,3.0923,-1.18682,0.0,0.06981,188.7196,1.6098,stand_2,228.8046,0.0,0.06981,0.0,0.06981,Sidewalk
858.0,109.2826,3.0923,-1.18682,0.0,-0.0,188.7196,1.6098,stand_2,228.7962,0.0,-0.0,0.0,-0.0,Sidewalk
858.5,109.2826,3.0923,-1.15192,0.0,0.06981,188.7196,1.6098,stand_2,228.8046,0.0,0.06981,0.0,0.06981,Sidewalk
859.0,109.2826,3.0923,-1.15192,0.0,-0.0,188.7196,1.6098,stand_2,228.7962,0.0,-0.0,0.0,-0.0,Sidewalk
859.5,109.2826,3.0923,-1.11701,0.0,0.06981,188.7196,1.6098,stand_2,228.8046,0.0,0.06981,0.0,0.06981,Sidewalk
860.0,109.2826,3.0923,-1.11701,0.0,-0.0,188.7196,1.6098,stand_2,228.7962,0.0,-0.0,0.0,-0.0,Sidewalk
860.5,109.2826,3.0923,-1.0821,0.0,0.06981,188.7196,1.6098,stand_2,228.8046,0.0,0.06981,0.0,0.06981,Sidewalk
861.0,109.2826,3.0923,-1.0821,0.0,-0.0,188.7196,1.6098,stand_2,228.7962,0.0,-0.0,0.0,-0.0,Sidewalk
861.5,109.2826,3.0923,-1.0472,0.0,0.06981,188.7196,1.6098,stand_2,228.8046,0.0,0.06981,0.0,0.06981,Sidewalk
862.0,109.2826,3.0923,-1.0472,0.0,-0.0,188.7196,1.6098,stand_2,228.7962,0.0,-0.0,0.0,-0.0,Sidewalk
862.5,109.2826,3.0923,-1.01229,0.0,0.06981,188.7196,1.6098,stand_2,228.8045,0.0,0.06981,0.0,0.06981,Sidewalk
863.0,109.2826,3.0923,-1.01229,0.0,-0.0,188.7196,1.6098,stand_2,228.7962,0.0,-0.0,0.0,-0.0,Sidewalk
863.5,109.2826,3.0923,-0.97738,0.0,0.06981,188.7196,1.6098,stand_2,228.8045,0.0,0.06981,0.0,0.06981,Sidewalk
864.0,109.2826,3.0923,-0.97738,0.0,-0.0,188.7196,1.6098,stand_2,228.7962,0.0,-0.0,0.0,-0.0,Sidewalk
864.5,109.2826,3.0923,-0.94248,0.0,0.06981,188.7196,1.6098,stand_2,228.8045,0.0,0.06981,0.0,0.06981,Sidewalk
865.0,109.2826,3.0923,-0.94248,0.0,-0.0,188.7196,1.6098,stand_2,228.7962,0.0,-0.0,0.0,-0.0,Sidewalk
865.5,109.2826,3.0923,-0.90757,0.0,0.06981,188.7196,1.6098,stand_2,228.8045,0.0,0.06981,0.0,0.06981,Sidewalk
866.0,109.2826,3.0923,-0.90757,0.0,-0.0,188.7196,1.6098,stand_2,228.7962,0.0,-0.0,0.0,-0.0,Sidewalk
866.5,109.2826,3.0923,-0.87266,0.0,0.06981,188.7196,1.6098,stand_2,228.8045,0.0,0.06981,0.0,0.06981,Sidewalk
867.0,109.2826,3.0923,-0.87266,0.0,-0.0,188.7196,1.6098,stand_2,228.7962,0.0,-0.0,0.0,-0.0,Sidewalk
867.5,109.2826,3.0923,-0.83776,0.0,0.06981,188.7196,1.6098,stand_2,228.8045,0.0,0.06981,0.0,0.06981,Sidewalk
868.0,109.2826,3.0923,-0.83776,0.0,-0.0,188.7196,1.6098,stand_2,228.7961,0.0,-0.0,0.0,-0.0,Sidewalk
868.5,109.2826,3.0923,-0.80285,0.0,0.06981,188.7196,1.6098,stand_2,228.8045,0.0,0.06981,0.0,0.06981,Sidewalk
869.0,109.2826,3.0923,-0.80285,0.0,-0.0,188.7196,1.6098,stand_2,228.7961,0.0,-0.0,0.0,-0.0,Sidewalk
869.5,109.2826,3.0923,-0.76794,0.0,0.06981,188.7196,1.6098,stand_2,228.8045,0.0,0.06981,0.0,0.06981,Sidewalk
870.0,109.2826,3.0923,-0.76794,0.0,-0.0,188.7196,1.6098,stand_2,228.7961,0.0,-0.0,0.0,-0.0,Sidewalk
870.5,109.2826,3.0923,-0.73304,0.0,0.06981,188.7196,1.6098,stand_2,228.8045,0.0,0.06981,0.0,0.06981,Sidewalk
871.0,109.2826,3.0923,-0.73304,0.0,-0.0,188.7196,1.6098,stand_2,228.7961,0.0,-0.0,0.0,-0.0,Sidewalk
871.5,109.2826,3.0923,-0.69813,0.0,0.06981,188.7196,1.6098,stand_2,228.8045,0.0,0.06981,0.0,0.06981,Sidewalk
872.0,109.2826,3.0923,-0.69813,0.0,-0.0,188.7196,1.6098,stand_2,228.7961,0.0,-0.0,0.0,-0.0,Sidewalk
872.5,109.2826,3.0923,-0.66323,0.0,0.06981,188.7196,1.6098,stand_2,228.8045,0.0,0.06981,0.0,0.06981,Sidewalk
873.0,109.2826,3.0923,-0.66323,0.0,-0.0,188.7196,1.6098,stand_2,228.7961,0.0,-0.0,0.0,-0.0,Sidewalk
873.5,109.2826,3.0923,-0.62832,0.0,0.06981,188.7196,1.6098,stand_2,228.8045,0.0,0.06981,0.0,0.06981,Sidewalk
874.0,109.2826,3.0923,-0.62832,0.0,-0.0,188.7196,1.6098,stand_2,228.7961,0.0,-0.0,0.0,-0.0,Sidewalk
874.5,109.2826,3.0923,-0.59341,0.0,0.06981,188.7196,1.6098,stand_2,228.8045,0.0,0.06981,0.0,0.06981,Sidewalk
875.0,109.2826,3.0923,-0.59341,0.0,-0.0,188.7196,1.6098,stand_2,228.7961,0.0,-0.0,0.0,-0.0,Sidewalk
875.5,109.2826,3.0923,-0.55851,0.0,0.06981,188.7196,1.6098,stand_2,228.8045,0.0,0.06981,0.0,0.06981,Sidewalk
876.0,109.2826,3.0923,-0.55851,0.0,-0.0,188.7196,1.6098,stand_2,228.7961,0.0,-0.0,0.0,-0.0,Sidewalk
876.5,109.2826,3.0923,-0.5236,0.0,0.06981,188.7196,1.6098,stand_2,228.8045,0.0,0.06981,0.0,0.06981,Sidewalk
877.0,109.2826,3.0923,-0.5236,0.0,-0.0,188.7196,1.6098,stand_2,228.7961,0.0,-0.0,0.0,-0.0,Sidewalk
877.5,109.2826,3.0923,-0.48869,0.0,0.06981,188.7196,1.6098,stand_2,228.8045,0.0,0.06981,0.0,0.06981,Sidewalk
878.0,109.2826,3.0923,-0.48869,0.0,-0.0,188.7196,1.6098,stand_2,228.7961,0.0,-0.0,0.0,-0.0,Sidewalk
878.5,109.2826,3.0923,-0.45379,0.0,0.06981,188.7196,1.6098,stand_2,228.8045,0.0,0.06981,0.0,0.06981,Sidewalk
879.0,109.2826,3.0923,-0.45379,0.0,-0.0,188.7196,1.6098,stand_2,228.7961,0.0,-0.0,0.0,-0.0,Sidewalk
879.5,109.2826,3.0923,-0.41888,0.0,0.06981,188.7196,1.6098,stand_2,228.8045,0.0,0.06981,0.0,0.06981,Sidewalk
880.0,109.2826,3.0923,-0.41888,0.0,-0.0,188.7196,1.6098,stand_2,228.7961,0.0,-0.0,0.0,-0.0,Sidewalk
880.5,109.2826,3.0923,-0.38397,0.0,0.06981,188.7196,1.6098,stand_2,228.8045,0.0,0.06981,0.0,0.06981,Sidewalk
881.0,109.2826,3.0923,-0.38397,0.0,-0.0,188.7196,1.6098,stand_2,228.7961,0.0,-0.0,0.0,-0.0,Sidewalk
881.5,109.2826,3.0923,-0.34907,0.0,0.06981,188.7196,1.6098,stand_2,228.8045,0.0,0.06981,0.0,0.06981,Sidewalk
882.0,109.2826,3.0923,-0.34907,0.0,-0.0,188.7196,1.6098,stand_2,228.7961,0.0,-0.0,0.0,-0.0,Sidewalk
882.5,109.2826,3.0923,-0.31416,0.0,0.06981,188.7196,1.6098,stand_2,228.8045,0.0,0.06981,0.0,0.06981,Sidewalk
883.0,109.2826,3.0923,-0.31416,0.0,-0.0,188.7196,1.6098,stand_2,228.7961,0.0,-0.0,0.0,-0.0,Sidewalk
883.5,109.2826,3.0923,-0.27925,0.0,0.06981,188.7196,1.6098,stand_2,228.8045,0.0,0.06981,0.0,0.06981,Sidewalk
884.0,109.2826,3.0923,-0.27925,0.0,-0.0,188.7196,1.6098,stand_2,228.7961,0.0,-0.0,0.0,-0.0,Sidewalk
884.5,109.2826,3.0923,-0.24435,0.0,0.06981,188.7196,1.6098,stand_2,228.8045,0.0,0.06981,0.0,0.06981,Sidewalk
885.0,109.2826,3.0923,-0.24435,0.0,-0.0,188.7196,1.6098,stand_2,228.7961,0.0,-0.0,0.0,-0.0,Sidewalk
885.5,109.2826,3.0923,-0.20944,0.0,0.06981,188.7196,1.6098,stand_2,228.8045,0.0,0.06981,0.0,0.06981,Sidewalk
886.0,109.2826,3.0923,-0.20944,0.0,-0.0,188.7196,1.6098,stand_2,228.7961,0.0,-0.0,0.0,-0.0,Sidewalk
886.5,109.2826,3.0923,-0.17453,0.0,0.06981,188.7196,1.6098,stand_2,228.8044,0.0,0.06981,0.0,0.06981,Sidewalk
887.0,109.2826,3.0923,-0.17453,0.0,-0.0,188.7196,1.6098,stand_2,228.7961,0.0,-0.0,0.0,-0.0,Sidewalk
887.5,109.2826,3.0923,-0.13963,0.0,0.06981,188.7196,1.6098,stand_2,228.8044,0.0,0.06981,0.0,0.06981,Sidewalk
888.0,109.2826,3.0923,-0.13963,0.0,-0.0,188.7196,1.6098,stand_2,228.7961,0.0,-0.0,0.0,-0.0,Sidewalk
888.5,109.2826,3.0923,-0.10472,0.0,0.06981,188.7196,1.6098,stand_2,228.8044,0.0,0.06981,0.0,0.06981,Sidewalk
889.0,109.2826,3.0923,-0.10472,0.0,-0.0,188.7196,1.6098,stand_2,228.7961,0.0,-0.0,0.0,-0.0,Sidewalk
889.5,109.2826,3.0923,-0.06981,0.0,0.06981,188.7196,1.6098,stand_2,228.8044,0.0,0.06981,0.0,0.06981,Sidewalk
890.0,109.2826,3.0923,-0.06981,0.0,-0.0,188.7196,1.6098,stand_2,228.7961,0.0,-0.0,0.0,-0.0,Sidewalk
890.5,109.2826,3.0923,-0.03491,0.0,0.06981,188.7196,1.6098,stand_2,228.8044,0.0,0.06981,0.0,0.06981,Sidewalk
891.0,109.2826,3.0923,-0.03491,0.0,-0.0,188.7196,1.6098,stand_2,228.7961,0.0,-0.0,0.0,-0.0,Sidewalk
891.5,109.2826,3.0923,-0.0,0.0,0.06981,188.7196,1.6098,stand_2,228.8044,0.0,0.06981,0.0,0.06981,Sidewalk
892.0,109.2826,3.0923,-0.0,0.0,-0.0,188.7196,1.6098,stand_2,228.796,0.0,-0.0,0.0,-0.0,Sidewalk
892.5,109.2826,3.0923,0.03491,0.0,0.06981,188.7196,1.6098,stand_2,228.8044,0.0,0.06981,0.0,0.06981,Sidewalk
893.0,109.2826,3.0923,0.03491,0.0,-0.0,188.7196,1.6099,stand_2,228.796,0.0,-0.0,0.0,-0.0,Sidewalk
893.5,109.2826,3.0923,0.06981,0.0,0.06981,188.7196,1.6099,stand_2,228.8044,0.0,0.06981,0.0,0.06981,Sidewalk
894.0,109.2826,3.0923,0.06981,0.0,-0.0,188.7196,1.6099,stand_2,228.796,0.0,-0.0,0.0,-0.0,Sidewalk
894.5,109.2826,3.0923,0.10472,0.0,0.06981,188.7196,1.6099,stand_2,228.8044,0.0,0.06981,0.0,0.06981,Sidewalk
895.0,109.2826,3.0923,0.10472,0.0,-0.0,188.7196,1.6099,stand_2,228.796,0.0,-0.0,0.0,-0.0,Sidewalk
895.5,109.2826,3.0923,0.13963,0.0,0.06981,188.7196,1.6099,stand_2,228.8044,0.0,0.06981,0.0,0.06981,Sidewalk
896.0,109.2826,3.0923,0.13963,0.0,-0.0,188.7196,1.6099,stand_2,228.796,0.0,-0.0,0.0,-0.0,Sidewalk
896.5,109.2826,3.0923,0.17453,0.0,0.06981,188.7196,1.6099,stand_2,228.8044,0.0,0.06981,0.0,0.06981,Sidewalk
897.0,109.2826,3.0923,0.17453,0.0,-0.0,188.7196,1.6099,stand_2,228.796,0.0,-0.0,0.0,-0.0,Sidewalk
897.5,109.2826,3.0923,0.20944,0.0,0.06981,188.7196,1.6099,stand_2,228.8044,0.0,0.06981,0.0,0.06981,Sidewalk
898.0,109.2826,3.0923,0.20944,0.0,-0.0,188.7196,1.6099,stand_2,228.796,0.0,-0.0,0.0,-0.0,Sidewalk
898.5,109.2826,3.0923,0.24435,0.0,0.06981,188.7196,1.6099,stand_2,228.8044,0.0,0.06981,0.0,0.06981,Sidewalk
899.0,109.2826,3.0923,0.24435,0.0,-0.0,188.7196,1.6099,stand_2,228.796,0.0,-0.0,0.0,-0.0,Sidewalk
899.5,109.2826,3.0923,0.27925,0.0,0.06981,188.7196,1.6099,stand_2,228.8044,0.0,0.06981,0.0,0.06981,Sidewalk
900.0,109.2826,3.0923,0.27925,0.0,-0.0,188.7196,1.6099,stand_2,228.796,0.0,-0.0,0.0,-0.0,Sidewalk
900.5,109.2826,3.0923,0.31416,0.0,0.06981,188.7196,1.6099,stand_2,228.8044,0.0,0.06981,0.0,0.06981,Sidewalk
