time,x,y,yaw,v,w,goal_distance,min_person_dist,closest_person,total_cost,action_linear_x,action_angular_z,observation_state_linear_x,observation_state_angular_z,observation_state_road_type
0.5,2.08,3.9972,-0.03491,0.16,-0.06981,295.92,2.9201,walk_east_mid.0,355.8633,0.16,-0.06981,0.16,-0.06981,Sidewalk
1.0,2.2399,3.9916,-0.03491,0.32,-0.0,295.7601,3.2508,walk_east_dn.0,355.0852,0.32,-0.0,0.32,-0.0,Sidewalk
1.5,2.4599,3.9916,0.0,0.44,0.06981,295.5401,3.541,walk_east_dn.0,354.3536,0.44,0.06981,0.44,0.06981,Sidewalk
2.0,2.6999,3.9916,0.0,0.48,-0.0,295.3001,3.7875,walk_east_dn.0,353.8018,0.48,-0.0,0.48,-0.0,Sidewalk
2.5,2.9997,4.0021,0.03491,0.6,0.06981,295.0003,3.9448,walk_east_dn.0,353.1947,0.6,0.06981,0.6,0.06981,Sidewalk
3.0,3.3195,4.0133,0.03491,0.64,-0.0,294.6805,4.0554,walk_east_dn.0,352.6467,0.64,-0.0,0.64,-0.0,Sidewalk
3.5,3.6586,4.037,0.06981,0.68,0.06981,294.3414,4.1905,walk_east_dn.0,352.0238,0.68,0.06981,0.68,0.06981,Sidewalk
4.0,4.0178,4.0621,0.06981,0.72,-0.0,293.9822,4.2681,walk_east_dn.0,351.4275,0.72,-0.0,0.72,-0.0,Sidewalk
4.5,4.3957,4.1018,0.10472,0.76,0.06981,293.6043,4.3571,walk_east_dn.0,350.8614,0.76,0.06981,0.76,0.06981,Sidewalk
5.0,4.7537,4.1394,0.10472,0.72,-0.0,293.2463,4.4563,walk_east_dn.0,350.2613,0.72,-0.0,0.72,-0.0,Sidewalk
5.5,5.0904,4.1868,0.13963,0.68,0.06981,292.9097,4.6164,walk_east_dn.0,349.8217,0.68,0.06981,0.68,0.06981,Sidewalk
6.0,5.4865,4.2424,0.13963,0.8,-0.0,292.5136,4.7013,walk_east_dn.0,349.113,0.8,-0.0,0.8,-0.0,Sidewalk
6.5,5.8644,4.2822,0.10472,0.76,-0.06981,292.1357,4.8298,walk_east_dn.0,348.667,0.76,-0.06981,0.76,-0.06981,Sidewalk
7.0,6.2622,4.324,0.10472,0.8,-0.0,291.7379,4.8999,walk_east_dn.0,347.9518,0.8,-0.0,0.8,-0.0,Sidewalk
7.5,6.6812,4.3533,0.06981,0.84,-0.06981,291.319,4.9456,walk_east_dn.0,347.5797,0.84,-0.06981,0.84,-0.06981,Sidewalk
8.0,7.1201,4.384,0.06981,0.88,-0.0,290.8801,4.9875,walk_east_dn.0,346.7153,0.88,-0.0,0.88,-0.0,Sidewalk
8.5,7.5399,4.3986,0.03491,0.84,-0.06981,290.4604,5.0048,walk_east_dn.0,346.5198,0.84,-0.06981,0.84,-0.06981,Sidewalk
9.0,7.9796,4.414,0.03491,0.88,-0.0,290.0207,5.0107,walk_east_dn.0,345.5787,0.88,-0.0,0.88,-0.0,Sidewalk
9.5,8.3996,4.414,-0.0,0.84,-0.06981,289.6007,5.091,walk_east_dn.0,345.4216,0.84,-0.06981,0.84,-0.06981,Sidewalk
10.0,8.8396,4.414,-0.0,0.88,-0.0,289.1607,5.1106,walk_east_dn.0,344.5383,0.88,-0.0,0.88,-0.0,Sidewalk
10.5,9.2594,4.3993,-0.03491,0.84,-0.06981,288.7409,5.1242,walk_east_dn.0,344.3871,0.84,-0.06981,0.84,-0.06981,Sidewalk
11.0,9.6991,4.384,-0.03491,0.88,-0.0,288.3012,5.1621,walk_east_dn.0,343.5477,0.88,-0.0,0.88,-0.0,Sidewalk
11.5,10.1591,4.384,-0.0,0.92,0.06981,287.8412,5.1948,walk_east_dn.0,342.5327,0.92,0.06981,0.92,0.06981,Sidewalk
12.0,10.5991,4.384,-0.0,0.88,-0.0,287.4012,5.1726,walk_east_dn.0,342.3778,0.88,-0.0,0.88,-0.0,Sidewalk
12.5,10.9789,4.3972,0.03491,0.76,0.06981,287.0214,5.3026,walk_east_dn.0,341.9835,0.76,0.06981,0.76,0.06981,Sidewalk
13.0,11.4186,4.4126,0.03491,0.88,-0.0,286.5817,5.3781,walk_east_dn.0,341.1474,0.88,-0.0,0.88,-0.0,Sidewalk
13.5,11.8786,4.4126,-0.0,0.92,-0.06981,286.1217,5.3431,walk_east_dn.0,340.949,0.92,-0.06981,0.92,-0.06981,Sidewalk
14.0,12.3186,4.4126,-0.0,0.88,-0.0,285.6817,5.412,walk_east_dn.0,340.0952,0.88,-0.0,0.88,-0.0,Sidewalk
14.5,12.7783,4.3965,-0.03491,0.92,-0.06981,285.222,5.4071,walk_east_dn.0,339.8192,0.92,-0.06981,0.92,-0.06981,Sidewalk
15.0,13.2181,4.3812,-0.03491,0.88,-0.0,284.7822,5.4796,walk_east_dn.0,339.02,0.88,-0.0,0.88,-0.0,Sidewalk
15.5,13.6781,4.3812,-0.0,0.92,0.06981,284.3222,5.5222,walk_east_dn.0,338.1037,0.92,0.06981,0.92,0.06981,Sidewalk
16.0,14.1181,4.3812,-0.0,0.88,-0.0,283.8822,5.5436,walk_east_dn.0,337.8459,0.88,-0.0,0.88,-0.0,Sidewalk
16.5,14.5778,4.3651,-0.03491,0.92,-0.06981,283.4225,5.5425,walk_east_dn.0,337.4878,0.92,-0.06981,0.92,-0.06981,Sidewalk
17.0,15.0175,4.3498,-0.03491,0.88,-0.0,282.9827,5.6146,walk_east_dn.0,336.7625,0.88,-0.0,0.88,-0.0,Sidewalk
17.5,15.4775,4.3498,-0.0,0.92,0.06981,282.5227,5.6468,walk_east_dn.0,335.8948,0.92,0.06981,0.92,0.06981,Sidewalk
18.0,15.9175,4.3498,-0.0,0.88,-0.0,282.0827,5.6245,walk_east_dn.0,335.6372,0.88,-0.0,0.88,-0.0,Sidewalk
18.5,16.3772,4.3337,-0.03491,0.92,-0.06981,281.623,5.6515,walk_east_dn.0,335.2105,0.92,-0.06981,0.92,-0.06981,Sidewalk
19.0,16.817,4.3183,-0.03491,0.88,-0.0,281.1832,5.6997,walk_east_dn.0,334.5479,0.88,-0.0,0.88,-0.0,Sidewalk
19.5,17.277,4.3183,-0.0,0.92,0.06981,280.7232,5.7072,walk_east_dn.0,333.7153,0.92,0.06981,0.92,0.06981,Sidewalk
20.0,17.717,4.3183,-0.0,0.88,-0.0,280.2832,5.7641,walk_east_dn.0,333.3947,0.88,-0.0,0.88,-0.0,Sidewalk
20.5,18.1367,4.333,0.03491,0.84,0.06981,279.8635,5.8025,walk_east_dn.0,332.9258,0.84,0.06981,0.84,0.06981,Sidewalk
21.0,18.5764,4.3484,0.03491,0.88,-0.0,279.4238,5.8745,walk_east_dn.0,332.2722,0.88,-0.0,0.88,-0.0,Sidewalk
21.5,19.0364,4.3484,-0.0,0.92,-0.06981,278.9638,5.8744,walk_east_dn.0,331.7982,0.92,-0.06981,0.92,-0.06981,Sidewalk
22.0,19.4764,4.3484,-0.0,0.88,-0.0,278.5238,5.9209,walk_east_dn.0,331.193,0.88,-0.0,0.88,-0.0,Sidewalk
22.5,19.9362,4.3323,-0.03491,0.92,-0.06981,278.064,5.9522,walk_east_dn.0,330.6869,0.92,-0.06981,0.92,-0.06981,Sidewalk
23.0,20.3759,4.3169,-0.03491,0.88,-0.0,277.6243,5.9523,walk_east_dn.0,330.1247,0.88,-0.0,0.88,-0.0,Sidewalk
23.5,20.8359,4.3169,-0.0,0.92,0.06981,277.1643,5.9505,walk_east_dn.0,329.3442,0.92,0.06981,0.92,0.06981,Sidewalk
24.0,21.2759,4.3169,-0.0,0.88,-0.0,276.7243,6.0241,walk_east_dn.0,328.985,0.88,-0.0,0.88,-0.0,Sidewalk
24.5,21.7356,4.3009,-0.03491,0.92,-0.06981,276.2646,6.0689,walk_east_dn.0,328.449,0.92,-0.06981,0.92,-0.06981,Sidewalk
25.0,22.1753,4.2855,-0.03491,0.88,-0.0,275.8248,6.1056,walk_east_dn.0,327.8897,0.88,-0.0,0.88,-0.0,Sidewalk
25.5,22.6353,4.2855,-0.0,0.92,0.06981,275.3648,6.134,walk_east_dn.0,327.1211,0.92,0.06981,0.92,0.06981,Sidewalk
26.0,23.0753,4.2855,-0.0,0.88,-0.0,274.9248,6.1408,walk_east_dn.0,326.7741,0.88,-0.0,0.88,-0.0,Sidewalk
26.5,23.5351,4.2695,-0.03491,0.92,-0.06981,274.4651,6.1899,walk_east_dn.0,326.2173,0.92,-0.06981,0.92,-0.06981,Sidewalk
27.0,23.9748,4.2541,-0.03491,0.88,-0.0,274.0253,6.1888,walk_east_dn.0,325.6934,0.88,-0.0,0.88,-0.0,Sidewalk
27.5,24.4348,4.2541,-0.0,0.92,0.06981,273.5653,6.1615,walk_east_dn.0,324.9555,0.92,0.06981,0.92,0.06981,Sidewalk
28.0,24.8748,4.2541,-0.0,0.88,-0.0,273.1253,6.2363,walk_east_dn.0,324.5757,0.88,-0.0,0.88,-0.0,Sidewalk
28.5,25.3345,4.2702,0.03491,0.92,0.06981,272.6656,6.1977,walk_east_dn.0,323.8604,0.92,0.06981,0.92,0.06981,Sidewalk
29.0,25.7742,4.2855,0.03491,0.88,-0.0,272.2259,6.2793,walk_east_dn.0,323.4637,0.88,-0.0,0.88,-0.0,Sidewalk
29.5,26.2342,4.2855,-0.0,0.92,-0.06981,271.7659,6.2863,walk_east_dn.0,322.9039,0.92,-0.06981,0.92,-0.06981,Sidewalk
30.0,26.6742,4.2855,-0.0,0.88,-0.0,271.3259,6.3582,walk_east_dn.0,322.3668,0.88,-0.0,0.88,-0.0,Sidewalk
30.5,27.134,4.2695,-0.03491,0.92,-0.06981,270.8662,6.3889,walk_east_dn.0,321.7976,0.92,-0.06981,0.92,-0.06981,Sidewalk
31.0,27.5737,4.2541,-0.03491,0.88,-0.0,270.4264,6.3743,walk_east_dn.0,321.2971,0.88,-0.0,0.88,-0.0,Sidewalk
31.5,28.0337,4.2541,-0.0,0.92,0.06981,269.9664,6.3987,walk_east_dn.0,320.559,0.92,0.06981,0.92,0.06981,Sidewalk
32.0,28.4737,4.2541,-0.0,0.88,-0.0,269.5264,6.4248,walk_east_dn.0,320.1841,0.88,-0.0,0.88,-0.0,Sidewalk
32.5,28.9334,4.2702,0.03491,0.92,0.06981,269.0667,6.4865,walk_east_dn.0,319.4579,0.92,0.06981,0.92,0.06981,Sidewalk
33.0,29.3731,4.2855,0.03491,0.88,-0.0,268.627,6.5133,walk_east_dn.0,319.0633,0.88,-0.0,0.88,-0.0,Sidewalk
33.5,29.8331,4.2855,-0.0,0.92,-0.06981,268.167,6.5178,walk_east_dn.0,318.4785,0.92,-0.06981,0.92,-0.06981,Sidewalk
34.0,30.2731,4.2855,-0.0,0.88,-0.0,267.727,6.5252,walk_east_dn.0,317.9889,0.88,-0.0,0.88,-0.0,Sidewalk
34.5,30.7329,4.2695,-0.03491,0.92,-0.06981,267.2673,6.5367,walk_east_dn.0,317.4145,0.92,-0.06981,0.92,-0.06981,Sidewalk
35.0,31.1726,4.2541,-0.03491,0.88,-0.0,266.8275,6.6067,walk_east_dn.0,316.8954,0.88,-0.0,0.88,-0.0,Sidewalk
35.5,31.6326,4.2541,-0.0,0.92,0.06981,266.3675,6.6308,walk_east_dn.0,316.1737,0.92,0.06981,0.92,0.06981,Sidewalk
36.0,32.0726,4.2541,-0.0,0.88,-0.0,265.9275,6.6116,walk_east_dn.0,315.8023,0.88,-0.0,0.88,-0.0,Sidewalk
36.5,32.5323,4.2702,0.03491,0.92,0.06981,265.4678,6.6391,walk_east_dn.0,315.0999,0.92,0.06981,0.92,0.06981,Sidewalk
37.0,32.972,4.2855,0.03491,0.88,-0.0,265.0281,6.669,walk_east_dn.0,314.6969,0.88,-0.0,0.88,-0.0,Sidewalk
37.5,33.432,4.2855,-0.0,0.92,-0.06981,264.5681,6.6709,walk_east_dn.0,314.0997,0.92,-0.06981,0.92,-0.06981,Sidewalk
38.0,33.872,4.2855,-0.0,0.88,-0.0,264.1281,6.6581,walk_east_dn.0,313.6278,0.88,-0.0,0.88,-0.0,Sidewalk
38.5,34.3318,4.2695,-0.03491,0.92,-0.06981,263.6684,6.6705,walk_east_dn.0,313.0439,0.92,-0.06981,0.92,-0.06981,Sidewalk
39.0,34.7715,4.2541,-0.03491,0.88,-0.0,263.2286,6.711,walk_east_dn.0,312.5436,0.88,-0.0,0.88,-0.0,Sidewalk
39.5,35.2315,4.2541,-0.0,0.92,0.06981,262.7686,6.7,walk_east_dn.0,311.8368,0.92,0.06981,0.92,0.06981,Sidewalk
40.0,35.6715,4.2541,-0.0,0.88,-0.0,262.3286,6.7257,walk_east_dn.0,311.4488,0.88,-0.0,0.88,-0.0,Sidewalk
40.5,36.1312,4.2702,0.03491,0.92,0.06981,261.8689,6.7003,walk_east_dn.0,310.7663,0.92,0.06981,0.92,0.06981,Sidewalk
41.0,36.5709,4.2855,0.03491,0.88,-0.0,261.4292,6.7014,walk_east_dn.0,310.3689,0.88,-0.0,0.88,-0.0,Sidewalk
41.5,37.0309,4.2855,-0.0,0.92,-0.06981,260.9692,6.7379,walk_east_dn.0,309.7569,0.92,-0.06981,0.92,-0.06981,Sidewalk
42.0,37.4709,4.2855,-0.0,0.88,-0.0,260.5292,6.7833,walk_east_dn.0,309.2724,0.88,-0.0,0.88,-0.0,Sidewalk
42.5,37.9307,4.2695,-0.03491,0.92,-0.06981,260.0695,6.8267,walk_east_dn.0,308.6709,0.92,-0.06981,0.92,-0.06981,Sidewalk
43.0,38.3704,4.2541,-0.03491,0.88,-0.0,259.6297,6.8665,walk_east_dn.0,308.1797,0.88,-0.0,0.88,-0.0,Sidewalk
43.5,38.8304,4.2541,-0.0,0.92,0.06981,259.1697,6.8544,walk_east_dn.0,307.4799,0.92,0.06981,0.92,0.06981,Sidewalk
44.0,39.2704,4.2541,-0.0,0.88,-0.0,258.7297,6.8668,walk_east_dn.0,307.0905,0.88,-0.0,0.88,-0.0,Sidewalk
44.5,39.7301,4.2702,0.03491,0.92,0.06981,258.27,6.9163,walk_east_dn.0,306.3984,0.92,0.06981,0.92,0.06981,Sidewalk
45.0,40.1699,4.2855,0.03491,0.88,-0.0,257.8303,6.9633,walk_east_dn.0,305.9812,0.88,-0.0,0.88,-0.0,Sidewalk
45.5,40.6299,4.2855,-0.0,0.92,-0.06981,257.3703,6.9813,walk_east_dn.0,305.3598,0.92,-0.06981,0.92,-0.06981,Sidewalk
46.0,41.0699,4.2855,-0.0,0.88,-0.0,256.9303,7.0052,walk_east_dn.0,304.8954,0.88,-0.0,0.88,-0.0,Sidewalk
46.5,41.5296,4.2695,-0.03491,0.92,-0.06981,256.4706,7.001,walk_east_dn.0,304.2985,0.92,-0.06981,0.92,-0.06981,Sidewalk
47.0,41.9693,4.2541,-0.03491,0.88,-0.0,256.0308,7.0031,walk_east_dn.0,303.8249,0.88,-0.0,0.88,-0.0,Sidewalk
47.5,42.4293,4.2541,-0.0,0.92,0.06981,255.5708,6.9896,walk_east_dn.0,303.1302,0.92,0.06981,0.92,0.06981,Sidewalk
48.0,42.8693,4.2541,-0.0,0.88,-0.0,255.1308,6.9688,walk_east_dn.0,302.7453,0.88,-0.0,0.88,-0.0,Sidewalk
48.5,43.329,4.2702,0.03491,0.92,0.06981,254.6711,6.9712,walk_east_dn.0,302.0681,0.92,0.06981,0.92,0.06981,Sidewalk
49.0,43.7688,4.2855,0.03491,0.88,-0.0,254.2314,6.974,walk_east_dn.0,301.6599,0.88,-0.0,0.88,-0.0,Sidewalk
49.5,44.2288,4.2855,-0.0,0.92,-0.06981,253.7714,7.0249,walk_east_dn.0,301.0284,0.92,-0.06981,0.92,-0.06981,Sidewalk
50.0,44.6688,4.2855,-0.0,0.88,-0.0,253.3314,7.0817,walk_east_dn.0,300.5584,0.88,-0.0,0.88,-0.0,Sidewalk
50.5,45.1285,4.2695,-0.03491,0.92,-0.06981,252.8717,7.0503,walk_east_dn.0,299.9658,0.92,-0.06981,0.92,-0.06981,Sidewalk
51.0,45.5682,4.2541,-0.03491,0.88,-0.0,252.4319,7.0854,walk_east_dn.0,299.4859,0.88,-0.0,0.88,-0.0,Sidewalk
51.5,46.0282,4.2541,-0.0,0.92,0.06981,251.9719,7.0806,walk_east_dn.0,298.7919,0.92,0.06981,0.92,0.06981,Sidewalk
52.0,46.4682,4.2541,-0.0,0.88,-0.0,251.5319,7.0674,walk_east_dn.0,298.4025,0.88,-0.0,0.88,-0.0,Sidewalk
52.5,46.9279,4.2702,0.03491,0.92,0.06981,251.0722,7.0379,walk_east_dn.0,297.7357,0.92,0.06981,0.92,0.06981,Sidewalk
53.0,47.3677,4.2855,0.03491,0.88,-0.0,250.6325,7.0208,walk_east_dn.0,297.3301,0.88,-0.0,0.88,-0.0,Sidewalk
53.5,47.8277,4.2855,-0.0,0.92,-0.06981,250.1725,7.0129,walk_east_dn.0,296.7132,0.92,-0.06981,0.92,-0.06981,Sidewalk
54.0,48.2677,4.2855,-0.0,0.88,-0.0,249.7325,7.0475,walk_east_dn.0,296.2478,0.88,-0.0,0.88,-0.0,Sidewalk
54.5,48.7274,4.2695,-0.03491,0.92,-0.06981,249.2728,7.0155,walk_east_dn.0,295.6569,0.92,-0.06981,0.92,-0.06981,Sidewalk
55.0,49.1671,4.2541,-0.03491,0.88,-0.0,248.833,7.0291,walk_east_dn.0,295.181,0.88,-0.0,0.88,-0.0,Sidewalk
55.5,49.6271,4.2541,-0.0,0.92,0.06981,248.373,7.0378,walk_east_dn.0,294.4824,0.92,0.06981,0.92,0.06981,Sidewalk
56.0,50.0671,4.2541,-0.0,0.88,-0.0,247.933,7.1127,walk_east_dn.0,294.0732,0.88,-0.0,0.88,-0.0,Sidewalk
56.5,50.5268,4.2702,0.03491,0.92,0.06981,247.4733,7.1209,walk_east_dn.0,293.4006,0.92,0.06981,0.92,0.06981,Sidewalk
57.0,50.9666,4.2855,0.03491,0.88,-0.0,247.0336,7.1041,walk_east_dn.0,292.9923,0.88,-0.0,0.88,-0.0,Sidewalk
57.5,51.4266,4.2855,-0.0,0.92,-0.06981,246.5736,7.1283,walk_east_dn.0,292.3625,0.92,-0.06981,0.92,-0.06981,Sidewalk
58.0,51.8666,4.2855,-0.0,0.88,-0.0,246.1336,7.1575,walk_east_dn.0,291.9037,0.88,-0.0,0.88,-0.0,Sidewalk
58.5,52.3263,4.2695,-0.03491,0.92,-0.06981,245.6739,7.1248,walk_east_dn.0,291.308,0.92,-0.06981,0.92,-0.06981,Sidewalk
59.0,52.766,4.2541,-0.03491,0.88,-0.0,245.2341,7.1852,walk_east_dn.0,290.8252,0.88,-0.0,0.88,-0.0,Sidewalk
59.5,53.226,4.2541,-0.0,0.92,0.06981,244.7741,7.1789,walk_east_dn.0,290.1343,0.92,0.06981,0.92,0.06981,Sidewalk
60.0,53.666,4.2541,-0.0,0.88,-0.0,244.3341,7.2023,walk_east_dn.0,289.7344,0.88,-0.0,0.88,-0.0,Sidewalk
60.5,54.1257,4.2702,0.03491,0.92,0.06981,243.8744,7.1944,walk_east_dn.0,289.0679,0.92,0.06981,0.92,0.06981,Sidewalk
61.0,54.5655,4.2855,0.03491,0.88,-0.0,243.4347,7.2604,walk_east_dn.0,288.64,0.88,-0.0,0.88,-0.0,Sidewalk
61.5,55.0255,4.2855,-0.0,0.92,-0.06981,242.9747,7.2536,walk_east_dn.0,288.0116,0.92,-0.06981,0.92,-0.06981,Sidewalk
62.0,55.4655,4.2855,-0.0,0.88,-0.0,242.5347,7.2789,walk_east_dn.0,287.5587,0.88,-0.0,0.88,-0.0,Sidewalk
62.5,55.9252,4.2695,-0.03491,0.92,-0.06981,242.075,7.2591,walk_east_dn.0,286.955,0.92,-0.06981,0.92,-0.06981,Sidewalk
63.0,56.3649,4.2541,-0.03491,0.88,-0.0,241.6352,7.2708,walk_east_dn.0,286.4876,0.88,-0.0,0.88,-0.0,Sidewalk
63.5,56.8249,4.2541,-0.0,0.92,0.06981,241.1752,7.289,walk_east_dn.0,285.7942,0.92,0.06981,0.92,0.06981,Sidewalk
64.0,57.2649,4.2541,-0.0,0.88,-0.0,240.7352,7.2937,walk_east_dn.1,285.3885,0.88,-0.0,0.88,-0.0,Sidewalk
64.5,57.7246,4.2702,0.03491,0.92,0.06981,240.2755,7.246,walk_east_dn.1,284.7223,0.92,0.06981,0.92,0.06981,Sidewalk
65.0,58.1644,4.2855,0.03491,0.88,-0.0,239.8358,7.185,walk_east_dn.1,284.2935,0.88,-0.0,0.88,-0.0,Sidewalk
65.5,58.6244,4.2855,-0.0,0.92,-0.06981,239.3758,7.1935,walk_east_dn.1,283.6492,0.92,-0.06981,0.92,-0.06981,Sidewalk
66.0,59.0644,4.2855,-0.0,0.88,-0.0,238.9358,7.1308,walk_east_dn.1,283.2063,0.88,-0.0,0.88,-0.0,Sidewalk
66.5,59.5241,4.2695,-0.03491,0.92,-0.06981,238.4761,7.0906,walk_east_dn.1,282.5894,0.92,-0.06981,0.92,-0.06981,Sidewalk
67.0,59.9638,4.2541,-0.03491,0.88,-0.0,238.0363,7.0726,walk_east_dn.1,282.1205,0.88,-0.0,0.88,-0.0,Sidewalk
67.5,60.4238,4.2541,-0.0,0.92,0.06981,237.5763,7.0514,walk_east_dn.1,281.4378,0.92,0.06981,0.92,0.06981,Sidewalk
68.0,60.8638,4.2541,-0.0,0.88,-0.0,237.1363,7.0235,walk_east_dn.1,281.0345,0.88,-0.0,0.88,-0.0,Sidewalk
68.5,61.3235,4.2702,0.03491,0.92,0.06981,236.6766,7.0463,walk_east_dn.1,280.3779,0.92,0.06981,0.92,0.06981,Sidewalk
69.0,61.7633,4.2855,0.03491,0.88,-0.0,236.2369,7.0322,walk_east_dn.1,279.9465,0.88,-0.0,0.88,-0.0,Sidewalk
69.5,62.2233,4.2855,-0.0,0.92,-0.06981,235.7769,6.9957,walk_east_dn.1,279.2973,0.92,-0.06981,0.92,-0.06981,Sidewalk
70.0,62.6633,4.2855,-0.0,0.88,-0.0,235.3369,6.9777,walk_east_dn.1,278.8549,0.88,-0.0,0.88,-0.0,Sidewalk
70.5,63.123,4.2695,-0.03491,0.92,-0.06981,234.8772,6.9593,walk_east_dn.1,278.2337,0.92,-0.06981,0.92,-0.06981,Sidewalk
71.0,63.5627,4.2541,-0.03491,0.88,-0.0,234.4374,6.9197,walk_east_dn.1,277.7813,0.88,-0.0,0.88,-0.0,Sidewalk
71.5,64.0227,4.2541,-0.0,0.92,0.06981,233.9774,6.9407,walk_east_dn.1,277.0928,0.92,0.06981,0.92,0.06981,Sidewalk
72.0,64.4627,4.2541,-0.0,0.88,-0.0,233.5374,6.9606,walk_east_dn.1,276.6882,0.88,-0.0,0.88,-0.0,Sidewalk
72.5,64.9224,4.2702,0.03491,0.92,0.06981,233.0777,6.9821,walk_east_dn.1,276.0281,0.92,0.06981,0.92,0.06981,Sidewalk
73.0,65.3622,4.2855,0.03491,0.88,-0.0,232.638,6.9187,walk_east_dn.1,275.6062,0.88,-0.0,0.88,-0.0,Sidewalk
73.5,65.8222,4.2855,-0.0,0.92,-0.06981,232.178,6.8814,walk_east_dn.1,274.9636,0.92,-0.06981,0.92,-0.06981,Sidewalk
74.0,66.2622,4.2855,-0.0,0.88,-0.0,231.738,6.8701,walk_east_dn.1,274.5213,0.88,-0.0,0.88,-0.0,Sidewalk
74.5,66.7219,4.2695,-0.03491,0.92,-0.06981,231.2783,6.809,walk_east_dn.1,273.8985,0.92,-0.06981,0.92,-0.06981,Sidewalk
75.0,67.1616,4.2541,-0.03491,0.88,-0.0,230.8385,6.7807,walk_east_dn.1,273.438,0.88,-0.0,0.88,-0.0,Sidewalk
75.5,67.6216,4.2541,-0.0,0.92,0.06981,230.3785,6.8115,walk_east_dn.1,272.7602,0.92,0.06981,0.92,0.06981,Sidewalk
76.0,68.0616,4.2541,-0.0,0.88,-0.0,229.9385,6.8139,walk_east_dn.1,272.3546,0.88,-0.0,0.88,-0.0,Sidewalk
76.5,68.5213,4.2702,0.03491,0.92,0.06981,229.4788,6.835,walk_east_dn.1,271.694,0.92,0.06981,0.92,0.06981,Sidewalk
77.0,68.9611,4.2855,0.03491,0.88,-0.0,229.0391,6.8468,walk_east_dn.1,271.2606,0.88,-0.0,0.88,-0.0,Sidewalk
77.5,69.4211,4.2855,-0.0,0.92,-0.06981,228.5791,6.8482,walk_east_dn.1,270.6079,0.92,-0.06981,0.92,-0.06981,Sidewalk
78.0,69.8611,4.2855,-0.0,0.88,-0.0,228.1391,6.8438,walk_east_dn.1,270.1774,0.88,-0.0,0.88,-0.0,Sidewalk
78.5,70.3208,4.2695,-0.03491,0.92,-0.06981,227.6794,6.8588,walk_east_dn.1,269.5568,0.92,-0.06981,0.92,-0.06981,Sidewalk
79.0,70.7605,4.2541,-0.03491,0.88,-0.0,227.2396,6.8239,walk_east_dn.1,269.1041,0.88,-0.0,0.88,-0.0,Sidewalk
79.5,71.2205,4.2541,-0.0,0.92,0.06981,226.7796,6.7774,walk_east_dn.1,268.4304,0.92,0.06981,0.92,0.06981,Sidewalk
80.0,71.6605,4.2541,-0.0,0.88,-0.0,226.3396,6.7046,walk_east_dn.1,268.016,0.88,-0.0,0.88,-0.0,Sidewalk
80.5,72.1203,4.2702,0.03491,0.92,0.06981,225.8799,6.6953,walk_east_dn.1,267.3681,0.92,0.06981,0.92,0.06981,Sidewalk
81.0,72.56,4.2855,0.03491,0.88,-0.0,225.4402,6.7194,walk_east_dn.1,266.9445,0.88,-0.0,0.88,-0.0,Sidewalk
81.5,73.02,4.2855,-0.0,0.92,-0.06981,224.9802,6.6837,walk_east_dn.1,266.2911,0.92,-0.06981,0.92,-0.06981,Sidewalk
82.0,73.46,4.2855,-0.0,0.88,-0.0,224.5402,6.6494,walk_east_dn.1,265.8485,0.88,-0.0,0.88,-0.0,Sidewalk
82.5,73.9197,4.2695,-0.03491,0.92,-0.06981,224.0805,6.5968,walk_east_dn.1,265.2269,0.92,-0.06981,0.92,-0.06981,Sidewalk
83.0,74.3594,4.2541,-0.03491,0.88,-0.0,223.6407,6.533,walk_east_dn.1,264.7678,0.88,-0.0,0.88,-0.0,Sidewalk
83.5,74.8194,4.2541,-0.0,0.92,0.06981,223.1807,6.4843,walk_east_dn.1,264.0858,0.92,0.06981,0.92,0.06981,Sidewalk
84.0,75.2594,4.2541,-0.0,0.88,-0.0,222.7407,6.4298,walk_east_dn.1,263.6809,0.88,-0.0,0.88,-0.0,Sidewalk
84.5,75.7192,4.2702,0.03491,0.92,0.06981,222.281,6.3713,walk_east_dn.1,263.0342,0.92,0.06981,0.92,0.06981,Sidewalk
85.0,76.1589,4.2855,0.03491,0.88,-0.0,221.8413,6.3069,walk_east_dn.1,262.5988,0.88,-0.0,0.88,-0.0,Sidewalk
85.5,76.6189,4.2855,-0.0,0.92,-0.06981,221.3813,6.25,walk_east_dn.1,261.9508,0.92,-0.06981,0.92,-0.06981,Sidewalk
86.0,77.0589,4.2855,-0.0,0.88,-0.0,220.9413,6.2629,walk_east_dn.1,261.5118,0.88,-0.0,0.88,-0.0,Sidewalk
86.5,77.5186,4.2695,-0.03491,0.92,-0.06981,220.4816,6.295,walk_east_dn.1,260.8855,0.92,-0.06981,0.92,-0.06981,Sidewalk
87.0,77.9583,4.2541,-0.03491,0.88,-0.0,220.0418,6.3136,walk_east_dn.1,260.4334,0.88,-0.0,0.88,-0.0,Sidewalk
87.5,78.4183,4.2541,-0.0,0.92,0.06981,219.5818,6.3454,walk_east_dn.1,259.7582,0.92,0.06981,0.92,0.06981,Sidewalk
88.0,78.8583,4.2541,-0.0,0.88,-0.0,219.1418,6.2933,walk_east_dn.1,259.3516,0.88,-0.0,0.88,-0.0,Sidewalk
88.5,79.3181,4.2702,0.03491,0.92,0.06981,218.6821,6.2614,walk_east_dn.1,258.6974,0.92,0.06981,0.92,0.06981,Sidewalk
89.0,79.7578,4.2855,0.03491,0.88,-0.0,218.2424,6.2607,walk_east_dn.1,258.2712,0.88,-0.0,0.88,-0.0,Sidewalk
89.5,80.2178,4.2855,-0.0,0.92,-0.06981,217.7824,6.263,walk_east_dn.1,257.6241,0.92,-0.06981,0.92,-0.06981,Sidewalk
90.0,80.6578,4.2855,-0.0,0.88,-0.0,217.3424,6.2247,walk_east_dn.1,257.1921,0.88,-0.0,0.88,-0.0,Sidewalk
90.5,81.1175,4.2695,-0.03491,0.92,-0.06981,216.8827,6.2059,walk_east_dn.1,256.5598,0.92,-0.06981,0.92,-0.06981,Sidewalk
91.0,81.5572,4.2541,-0.03491,0.88,-0.0,216.4429,6.2175,walk_east_dn.1,256.1105,0.88,-0.0,0.88,-0.0,Sidewalk
91.5,82.0172,4.2541,-0.0,0.92,0.06981,215.9829,6.2325,walk_east_dn.1,255.4324,0.92,0.06981,0.92,0.06981,Sidewalk
92.0,82.4572,4.2541,-0.0,0.88,-0.0,215.5429,6.159,walk_east_dn.1,255.023,0.88,-0.0,0.88,-0.0,Sidewalk
92.5,82.917,4.2702,0.03491,0.92,0.06981,215.0832,6.1666,walk_east_dn.1,254.3744,0.92,0.06981,0.92,0.06981,Sidewalk
93.0,83.3567,4.2855,0.03491,0.88,-0.0,214.6435,6.158,walk_east_dn.1,253.9401,0.88,-0.0,0.88,-0.0,Sidewalk
93.5,83.8167,4.2855,-0.0,0.92,-0.06981,214.1835,6.1165,walk_east_dn.1,253.2841,0.92,-0.06981,0.92,-0.06981,Sidewalk
94.0,84.2567,4.2855,-0.0,0.88,-0.0,213.7435,6.0479,walk_east_dn.1,252.8476,0.88,-0.0,0.88,-0.0,Sidewalk
94.5,84.7164,4.2695,-0.03491,0.92,-0.06981,213.2838,6.0197,walk_east_dn.1,252.2239,0.92,-0.06981,0.92,-0.06981,Sidewalk
95.0,85.1561,4.2541,-0.03491,0.88,-0.0,212.844,5.9746,walk_east_dn.1,251.769,0.88,-0.0,0.88,-0.0,Sidewalk
95.5,85.6161,4.2541,-0.0,0.92,0.06981,212.384,6.0047,walk_east_dn.1,251.0921,0.92,0.06981,0.92,0.06981,Sidewalk
96.0,86.0561,4.2541,-0.0,0.88,-0.0,211.944,6.0188,walk_east_dn.1,250.6777,0.88,-0.0,0.88,-0.0,Sidewalk
96.5,86.5159,4.2702,0.03491,0.92,0.06981,211.4843,5.9963,walk_east_dn.1,250.035,0.92,0.06981,0.92,0.06981,Sidewalk
97.0,86.9556,4.2855,0.03491,0.88,-0.0,211.0446,5.9184,walk_east_dn.1,249.4965,0.88,-0.0,0.88,-0.0,Sidewalk
97.5,87.4156,4.2855,-0.0,0.92,-0.06981,210.5846,5.9281,walk_east_dn.1,248.8115,0.92,-0.06981,0.92,-0.06981,Sidewalk
98.0,87.8556,4.2855,-0.0,0.88,-0.0,210.1446,5.9155,walk_east_dn.1,248.4119,0.88,-0.0,0.88,-0.0,Sidewalk
98.5,88.3153,4.2695,-0.03491,0.92,-0.06981,209.6849,5.9291,walk_east_dn.1,247.7593,0.92,-0.06981,0.92,-0.06981,Sidewalk
99.0,88.755,4.2541,-0.03491,0.88,-0.0,209.2451,5.9324,walk_east_dn.1,247.3314,0.88,-0.0,0.88,-0.0,Sidewalk
99.5,89.215,4.2541,-0.0,0.92,0.06981,208.7851,5.9483,walk_east_dn.1,246.663,0.92,0.06981,0.92,0.06981,Sidewalk
100.0,89.655,4.2541,-0.0,0.88,-0.0,208.3451,5.9315,walk_east_dn.1,246.2503,0.88,-0.0,0.88,-0.0,Sidewalk
100.5,90.1148,4.2381,-0.03491,0.92,-0.06981,207.8854,5.9709,walk_east_dn.1,245.5968,0.92,-0.06981,0.92,-0.06981,Sidewalk
101.0,90.5545,4.2227,-0.03491,0.88,-0.0,207.4456,5.9451,walk_east_dn.1,245.1704,0.88,-0.0,0.88,-0.0,Sidewalk
101.5,91.0145,4.2227,-0.0,0.92,0.06981,206.9856,5.9212,walk_east_dn.1,244.5043,0.92,0.06981,0.92,0.06981,Sidewalk
102.0,91.4545,4.2227,-0.0,0.88,-0.0,206.5456,5.8456,walk_east_dn.1,244.0973,0.88,-0.0,0.88,-0.0,Sidewalk
102.5,91.9142,4.2067,-0.03491,0.92,-0.06981,206.0859,5.7864,walk_east_dn.1,243.4531,0.92,-0.06981,0.92,-0.06981,Sidewalk
103.0,92.354,4.1913,-0.03491,0.88,-0.0,205.6461,5.7161,walk_east_dn.1,243.03,0.88,-0.0,0.88,-0.0,Sidewalk
103.5,92.814,4.1913,-0.0,0.92,0.06981,205.1861,5.6636,walk_east_dn.1,242.3656,0.92,0.06981,0.92,0.06981,Sidewalk
104.0,93.254,4.1913,-0.0,0.88,-0.0,204.7461,5.6026,walk_east_dn.1,241.9587,0.88,-0.0,0.88,-0.0,Sidewalk
104.5,93.7137,4.1753,-0.03491,0.92,-0.06981,204.2864,5.4484,walk_east_mid.1,241.3252,0.92,-0.06981,0.92,-0.06981,Sidewalk
105.0,94.1534,4.1599,-0.03491,0.88,-0.0,203.8467,5.2342,walk_east_mid.1,240.9172,0.88,-0.0,0.88,-0.0,Sidewalk
105.5,94.6134,4.1599,-0.0,0.92,0.06981,203.3867,5.0579,walk_east_mid.1,240.2667,0.92,0.06981,0.92,0.06981,Sidewalk
106.0,95.0534,4.1599,-0.0,0.88,-0.0,202.9467,4.844,walk_east_mid.1,239.8808,0.88,-0.0,0.88,-0.0,Sidewalk
106.5,95.5131,4.1438,-0.03491,0.92,-0.06981,202.4869,4.6538,walk_east_mid.1,239.2588,0.92,-0.06981,0.92,-0.06981,Sidewalk
107.0,95.9529,4.1285,-0.03491,0.88,-0.0,202.0472,4.4716,walk_east_mid.1,238.8545,0.88,-0.0,0.88,-0.0,Sidewalk
107.5,96.4129,4.1285,-0.0,0.92,0.06981,201.5872,4.2404,walk_east_mid.1,238.2204,0.92,0.06981,0.92,0.06981,Sidewalk
108.0,96.8529,4.1285,-0.0,0.88,-0.0,201.1472,4.0341,walk_east_mid.1,237.8464,0.88,-0.0,0.88,-0.0,Sidewalk
108.5,97.3126,4.1124,-0.03491,0.92,-0.06981,200.6875,3.8073,walk_east_mid.1,237.2461,0.92,-0.06981,0.92,-0.06981,Sidewalk
109.0,97.7523,4.0971,-0.03491,0.88,-0.0,200.2477,3.5233,walk_east_mid.1,236.8814,0.88,-0.0,0.88,-0.0,Sidewalk
109.5,98.2123,4.0971,-0.0,0.92,0.06981,199.7877,5.3661,walk_east_dn.1,235.9123,0.92,0.06981,0.92,0.06981,Sidewalk
110.0,98.6523,4.0971,-0.0,0.88,-0.0,199.3477,5.3502,walk_east_dn.1,235.5038,0.88,-0.0,0.88,-0.0,Sidewalk
110.5,99.112,4.081,-0.03491,0.92,-0.06981,198.888,5.3293,walk_east_dn.1,234.8609,0.92,-0.06981,0.92,-0.06981,Sidewalk
111.0,99.5518,4.0657,-0.03491,0.88,-0.0,198.4483,5.3354,walk_east_dn.1,234.4281,0.88,-0.0,0.88,-0.0,Sidewalk
111.5,100.0118,4.0657,-0.0,0.92,0.06981,197.9883,5.3038,walk_east_dn.1,233.7584,0.92,0.06981,0.92,0.06981,Sidewalk
112.0,100.4518,4.0657,-0.0,0.88,-0.0,197.5483,7.4152,walk_east_up.1,233.1955,0.88,-0.0,0.88,-0.0,Sidewalk
112.5,100.9115,4.0496,-0.03491,0.92,-0.06981,197.0885,7.3974,walk_east_up.1,232.5524,0.92,-0.06981,0.92,-0.06981,Sidewalk
113.0,101.3512,4.0343,-0.03491,0.88,-0.0,196.6488,7.346,walk_east_up.1,232.1222,0.88,-0.0,0.88,-0.0,Sidewalk
113.5,101.8112,4.0343,-0.0,0.92,0.06981,196.1888,7.3233,walk_east_up.1,231.4665,0.92,0.06981,0.92,0.06981,Sidewalk
114.0,102.2512,4.0343,-0.0,0.88,-0.0,195.7488,8.786,walk_south.1,231.0832,0.88,-0.0,0.88,-0.0,Sidewalk
114.5,102.7109,4.0503,0.03491,0.92,0.06981,195.2891,8.827,walk_south.1,230.4715,0.92,0.06981,0.92,0.06981,Sidewalk
115.0,103.1507,4.0657,0.03491,0.88,-0.0,194.8493,8.8593,walk_south.1,230.0733,0.88,-0.0,0.88,-0.0,Sidewalk
115.5,103.6107,4.0657,-0.0,0.92,-0.06981,194.3893,8.7491,stand_1,229.4587,0.92,-0.06981,0.92,-0.06981,Sidewalk
116.0,104.0507,4.0657,-0.0,0.88,-0.0,193.9493,8.3106,stand_1,229.0869,0.88,-0.0,0.88,-0.0,Sidewalk
116.5,104.5104,4.0817,0.03491,0.92,0.06981,193.4896,7.8542,stand_1,228.4972,0.92,0.06981,0.92,0.06981,Sidewalk
117.0,104.9501,4.0971,0.03491,0.88,-0.0,193.0499,7.4181,stand_1,228.1472,0.88,-0.0,0.88,-0.0,Sidewalk
117.5,105.409,4.1292,0.06981,0.92,0.06981,192.591,6.9653,stand_1,227.5955,0.92,0.06981,0.92,0.06981,Sidewalk
118.0,105.8479,4.1599,0.06981,0.88,-0.0,192.1521,6.5331,stand_1,227.2863,0.88,-0.0,0.88,-0.0,Sidewalk
118.5,106.3076,4.1759,0.03491,0.92,-0.06981,191.6924,6.0794,stand_1,226.909,0.92,-0.06981,0.92,-0.06981,Sidewalk
119.0,106.7474,4.1913,0.03491,0.88,-0.0,191.2527,5.6464,stand_1,226.6195,0.88,-0.0,0.88,-0.0,Sidewalk
119.5,107.1664,4.2206,0.06981,0.84,0.06981,190.8338,5.2374,stand_1,226.3281,0.84,0.06981,0.84,0.06981,Sidewalk
120.0,107.6053,4.2513,0.06981,0.88,-0.0,190.3949,4.8109,stand_1,226.237,0.88,-0.0,0.88,-0.0,Sidewalk
120.5,107.9451,4.2631,0.03491,0.68,-0.06981,190.0551,4.48,stand_1,226.6966,0.68,-0.06981,0.68,-0.06981,Sidewalk
121.0,108.3049,4.2757,0.03491,0.72,-0.0,189.6953,4.1313,stand_1,226.4196,0.72,-0.0,0.72,-0.0,Sidewalk
121.5,108.644,4.2994,0.06981,0.68,0.06981,189.3562,3.8075,stand_1,226.0779,0.68,0.06981,0.68,0.06981,Sidewalk
122.0,108.9233,4.3189,0.06981,0.56,-0.0,189.0769,3.5431,stand_1,226.3397,0.56,-0.0,0.56,-0.0,Sidewalk
122.5,109.2217,4.3503,0.10472,0.6,0.06981,188.7786,3.2668,stand_1,226.0933,0.6,0.06981,0.6,0.06981,Sidewalk
123.0,109.4206,4.3712,0.10472,0.4,-0.0,188.5798,3.0851,stand_1,226.3362,0.4,-0.0,0.4,-0.0,Sidewalk
123.5,109.6385,4.4018,0.13963,0.44,0.06981,188.362,2.8916,stand_1,226.14,0.44,0.06981,0.44,0.06981,Sidewalk
124.0,109.7969,4.4241,0.13963,0.32,-0.0,188.2036,2.7534,stand_1,226.325,0.32,-0.0,0.32,-0.0,Sidewalk
124.5,109.9742,4.4553,0.17453,0.36,0.06981,188.0264,2.6044,stand_1,226.1573,0.36,0.06981,0.36,0.06981,Sidewalk
125.0,110.0923,4.4762,0.17453,0.24,-0.0,187.9083,2.5073,stand_1,226.3282,0.24,-0.0,0.24,-0.0,Sidewalk
125.5,110.2293,4.5053,0.20944,0.28,0.06981,187.7714,2.3998,stand_1,226.1871,0.28,0.06981,0.28,0.06981,Sidewalk
126.0,110.3062,4.5273,0.27925,0.16,0.13963,187.6946,2.3439,stand_1,226.3213,0.16,0.13963,0.16,0.13963,Sidewalk
126.5,110.3823,4.5521,0.31416,0.16,0.06981,187.6185,2.2914,stand_1,226.2886,0.16,0.06981,0.16,0.06981,Sidewalk
127.0,110.4964,4.5891,0.31416,0.24,-0.0,187.5045,2.2158,stand_1,226.2342,0.24,-0.0,0.24,-0.0,Sidewalk
127.5,110.5528,4.6097,0.34907,0.12,0.06981,187.4482,2.1813,stand_1,226.2956,0.12,0.06981,0.12,0.06981,Sidewalk
128.0,110.6655,4.6507,0.34907,0.24,-0.0,187.3356,2.1155,stand_1,226.1884,0.24,-0.0,0.24,-0.0,Sidewalk
128.5,110.7212,4.6732,0.38397,0.12,0.06981,187.28,2.0862,stand_1,226.2304,0.12,0.06981,0.12,0.06981,Sidewalk
129.0,110.7954,4.7032,0.38397,0.16,-0.0,187.206,2.044,stand_5,226.2001,0.16,-0.0,0.16,-0.0,Sidewalk
129.5,110.8319,4.7194,0.41888,0.08,0.06981,187.1695,2.0152,stand_5,226.2611,0.08,0.06981,0.08,0.06981,Sidewalk
130.0,110.8672,4.7382,0.48869,0.08,0.13963,187.1342,1.9889,stand_5,226.2347,0.08,0.13963,0.08,0.13963,Sidewalk
130.5,110.9019,4.7582,0.5236,0.08,0.06981,187.0997,1.9642,stand_5,226.2189,0.08,0.06981,0.08,0.06981,Sidewalk
131.0,110.9365,4.7782,0.5236,0.08,-0.0,187.0651,1.9399,stand_5,226.2176,0.08,-0.0,0.08,-0.0,Sidewalk
131.5,110.9718,4.797,0.48869,0.08,-0.06981,187.0299,1.9151,stand_5,226.2531,0.08,-0.06981,0.08,-0.06981,Sidewalk
132.0,111.0071,4.8158,0.48869,0.08,-0.0,186.9947,1.8908,stand_5,226.1976,0.08,-0.0,0.08,-0.0,Sidewalk
132.5,111.0431,4.8333,0.45379,0.08,-0.06981,186.9588,1.8659,stand_5,226.2423,0.08,-0.06981,0.08,-0.06981,Sidewalk
133.0,111.0802,4.8483,0.38397,0.08,-0.13963,186.9218,1.8394,stand_5,226.3122,0.08,-0.13963,0.08,-0.13963,Sidewalk
133.5,111.1178,4.862,0.34907,0.08,-0.06981,186.8842,1.8123,stand_5,226.2641,0.08,-0.06981,0.08,-0.06981,Sidewalk
134.0,111.1178,4.862,0.34907,0.0,-0.0,186.8842,1.8123,stand_5,226.2934,0.0,-0.0,0.0,-0.0,Sidewalk
134.5,111.1558,4.8743,0.31416,0.08,-0.06981,186.8462,1.7847,stand_5,226.2755,0.08,-0.06981,0.08,-0.06981,Sidewalk
135.0,111.1558,4.8743,0.31416,0.0,-0.0,186.8462,1.7847,stand_5,226.2842,0.0,-0.0,0.0,-0.0,Sidewalk
135.5,111.1942,4.8853,0.27925,0.08,-0.06981,186.8078,1.7565,stand_5,226.2911,0.08,-0.06981,0.08,-0.06981,Sidewalk
136.0,111.1942,4.8853,0.27925,0.0,-0.0,186.8078,1.7565,stand_5,226.2765,0.0,-0.0,0.0,-0.0,Sidewalk
136.5,111.1942,4.8853,0.31416,0.0,0.06981,186.8078,1.7565,stand_5,226.2849,0.0,0.06981,0.0,0.06981,Sidewalk
137.0,111.1942,4.8853,0.31416,0.0,-0.0,186.8078,1.7565,stand_5,226.2765,0.0,-0.0,0.0,-0.0,Sidewalk
137.5,111.1942,4.8853,0.34907,0.0,0.06981,186.8078,1.7565,stand_5,226.2849,0.0,0.06981,0.0,0.06981,Sidewalk
138.0,111.1942,4.8853,0.34907,0.0,-0.0,186.8078,1.7565,stand_5,226.2765,0.0,-0.0,0.0,-0.0,Sidewalk
138.5,111.2323,4.8977,0.31416,0.08,-0.06981,186.7699,1.7299,stand_5,226.2789,0.08,-0.06981,0.08,-0.06981,Sidewalk
139.0,111.2323,4.8977,0.31416,0.0,-0.0,186.7699,1.7299,stand_5,226.269,0.0,-0.0,0.0,-0.0,Sidewalk
139.5,111.2323,4.8977,0.34907,0.0,0.06981,186.7699,1.7299,stand_5,226.2774,0.0,0.06981,0.0,0.06981,Sidewalk
140.0,111.2323,4.8977,0.34907,0.0,-0.0,186.7699,1.7299,stand_5,226.269,0.0,-0.0,0.0,-0.0,Sidewalk
140.5,111.2323,4.8977,0.38397,0.0,0.06981,186.7699,1.7299,stand_5,226.2774,0.0,0.06981,0.0,0.06981,Sidewalk
141.0,111.2323,4.8977,0.38397,0.0,-0.0,186.7699,1.7299,stand_5,226.269,0.0,-0.0,0.0,-0.0,Sidewalk
141.5,111.2699,4.9114,0.34907,0.08,-0.06981,186.7323,1.7048,stand_5,226.2632,0.08,-0.06981,0.08,-0.06981,Sidewalk
142.0,111.2699,4.9114,0.34907,0.0,-0.0,186.7323,1.7048,stand_5,226.2613,0.0,-0.0,0.0,-0.0,Sidewalk
142.5,111.2699,4.9114,0.38397,0.0,0.06981,186.7323,1.7048,stand_5,226.2697,0.0,0.06981,0.0,0.06981,Sidewalk
143.0,111.2699,4.9114,0.38397,0.0,-0.0,186.7323,1.7048,stand_5,226.2613,0.0,-0.0,0.0,-0.0,Sidewalk
143.5,111.2699,4.9114,0.41888,0.0,0.06981,186.7323,1.7048,stand_5,226.2697,0.0,0.06981,0.0,0.06981,Sidewalk
144.0,111.2699,4.9114,0.41888,0.0,-0.0,186.7323,1.7048,stand_5,226.2613,0.0,-0.0,0.0,-0.0,Sidewalk
144.5,111.2699,4.9114,0.45379,0.0,0.06981,186.7323,1.7048,stand_5,226.2697,0.0,0.06981,0.0,0.06981,Sidewalk
145.0,111.2699,4.9114,0.45379,0.0,-0.0,186.7323,1.7048,stand_5,226.2613,0.0,-0.0,0.0,-0.0,Sidewalk
145.5,111.2699,4.9114,0.48869,0.0,0.06981,186.7323,1.7048,stand_5,226.2697,0.0,0.06981,0.0,0.06981,Sidewalk
146.0,111.2699,4.9114,0.48869,0.0,-0.0,186.7323,1.7048,stand_5,226.2613,0.0,-0.0,0.0,-0.0,Sidewalk
146.5,111.2699,4.9114,0.5236,0.0,0.06981,186.7323,1.7048,stand_5,226.2697,0.0,0.06981,0.0,0.06981,Sidewalk
147.0,111.2699,4.9114,0.5236,0.0,-0.0,186.7323,1.7048,stand_5,226.2613,0.0,-0.0,0.0,-0.0,Sidewalk
147.5,111.2699,4.9114,0.55851,0.0,0.06981,186.7323,1.7048,stand_5,226.2697,0.0,0.06981,0.0,0.06981,Sidewalk
148.0,111.2699,4.9114,0.55851,0.0,-0.0,186.7323,1.7048,stand_5,226.2613,0.0,-0.0,0.0,-0.0,Sidewalk
148.5,111.2699,4.9114,0.59341,0.0,0.06981,186.7323,1.7048,stand_5,226.2697,0.0,0.06981,0.0,0.06981,Sidewalk
149.0,111.2699,4.9114,0.59341,0.0,-0.0,186.7323,1.7048,stand_5,226.2613,0.0,-0.0,0.0,-0.0,Sidewalk
149.5,111.2699,4.9114,0.62832,0.0,0.06981,186.7323,1.7048,stand_5,226.2697,0.0,0.06981,0.0,0.06981,Sidewalk
150.0,111.2699,4.9114,0.62832,0.0,-0.0,186.7323,1.7048,stand_5,226.2613,0.0,-0.0,0.0,-0.0,Sidewalk
150.5,111.2699,4.9114,0.66323,0.0,0.06981,186.7323,1.7048,stand_5,226.2697,0.0,0.06981,0.0,0.06981,Sidewalk
151.0,111.2699,4.9114,0.66323,0.0,-0.0,186.7323,1.7048,stand_5,226.2613,0.0,-0.0,0.0,-0.0,Sidewalk
151.5,111.2699,4.9114,0.69813,0.0,0.06981,186.7323,1.7048,stand_5,226.2697,0.0,0.06981,0.0,0.06981,Sidewalk
152.0,111.2699,4.9114,0.69813,0.0,-0.0,186.7323,1.7048,stand_5,226.2613,0.0,-0.0,0.0,-0.0,Sidewalk
152.5,111.2699,4.9114,0.73304,0.0,0.06981,186.7323,1.7048,stand_5,226.2697,0.0,0.06981,0.0,0.06981,Sidewalk
153.0,111.2699,4.9114,0.73304,0.0,-0.0,186.7323,1.7048,stand_5,226.2613,0.0,-0.0,0.0,-0.0,Sidewalk
153.5,111.2699,4.9114,0.76794,0.0,0.06981,186.7323,1.7048,stand_5,226.2697,0.0,0.06981,0.0,0.06981,Sidewalk
154.0,111.2699,4.9114,0.76794,0.0,-0.0,186.7323,1.7048,stand_5,226.2613,0.0,-0.0,0.0,-0.0,Sidewalk
154.5,111.2699,4.9114,0.80285,0.0,0.06981,186.7323,1.7048,stand_5,226.2697,0.0,0.06981,0.0,0.06981,Sidewalk
155.0,111.2699,4.9114,0.80285,0.0,-0.0,186.7323,1.7048,stand_5,226.2613,0.0,-0.0,0.0,-0.0,Sidewalk
155.5,111.2699,4.9114,0.83776,0.0,0.06981,186.7323,1.7048,stand_5,226.2697,0.0,0.06981,0.0,0.06981,Sidewalk
156.0,111.2699,4.9114,0.83776,0.0,-0.0,186.7323,1.7048,stand_5,226.2613,0.0,-0.0,0.0,-0.0,Sidewalk
156.5,111.2699,4.9114,0.87266,0.0,0.06981,186.7323,1.7048,stand_5,226.2697,0.0,0.06981,0.0,0.06981,Sidewalk
157.0,111.2699,4.9114,0.87266,0.0,-0.0,186.7323,1.7048,stand_5,226.2613,0.0,-0.0,0.0,-0.0,Sidewalk
157.5,111.2699,4.9114,0.90757,0.0,0.06981,186.7323,1.7048,stand_5,226.2697,0.0,0.06981,0.0,0.06981,Sidewalk
158.0,111.2699,4.9114,0.90757,0.0,-0.0,186.7323,1.7048,stand_5,226.2613,0.0,-0.0,0.0,-0.0,Sidewalk
158.5,111.2699,4.9114,0.94248,0.0,0.06981,186.7323,1.7048,stand_5,226.2697,0.0,0.06981,0.0,0.06981,Sidewalk
159.0,111.2699,4.9114,0.94248,0.0,-0.0,186.7323,1.7048,stand_5,226.2613,0.0,-0.0,0.0,-0.0,Sidewalk
159.5,111.2699,4.9114,0.97738,0.0,0.06981,186.7323,1.7048,stand_5,226.2697,0.0,0.06981,0.0,0.06981,Sidewalk
160.0,111.2699,4.9114,0.97738,0.0,-0.0,186.7323,1.7048,stand_5,226.2613,0.0,-0.0,0.0,-0.0,Sidewalk
160.5,111.2699,4.9114,1.01229,0.0,0.06981,186.7323,1.7048,stand_5,226.2697,0.0,0.06981,0.0,0.06981,Sidewalk
161.0,111.2699,4.9114,1.01229,0.0,-0.0,186.7323,1.7048,stand_5,226.2613,0.0,-0.0,0.0,-0.0,Sidewalk
161.5,111.2699,4.9114,1.0472,0.0,0.06981,186.7323,1.7048,stand_5,226.2697,0.0,0.06981,0.0,0.06981,Sidewalk
162.0,111.2699,4.9114,1.0472,0.0,-0.0,186.7323,1.7048,stand_5,226.2613,0.0,-0.0,0.0,-0.0,Sidewalk
162.5,111.2699,4.9114,1.0821,0.0,0.06981,186.7323,1.7048,stand_5,226.2697,0.0,0.06981,0.0,0.06981,Sidewalk
163.0,111.2699,4.9114,1.0821,0.0,-0.0,186.7323,1.7048,stand_5,226.2613,0.0,-0.0,0.0,-0.0,Sidewalk
163.5,111.2699,4.9114,1.11701,0.0,0.06981,186.7323,1.7048,stand_5,226.2697,0.0,0.06981,0.0,0.06981,Sidewalk
164.0,111.2699,4.9114,1.11701,0.0,-0.0,186.7323,1.7048,stand_5,226.2613,0.0,-0.0,0.0,-0.0,Sidewalk
164.5,111.2699,4.9114,1.15192,0.0,0.06981,186.7323,1.7048,stand_5,226.2697,0.0,0.06981,0.0,0.06981,Sidewalk
165.0,111.2699,4.9114,1.15192,0.0,-0.0,186.7323,1.7048,stand_5,226.2613,0.0,-0.0,0.0,-0.0,Sidewalk
165.5,111.2699,4.9114,1.18682,0.0,0.06981,186.7323,1.7048,stand_5,226.2697,0.0,0.06981,0.0,0.06981,Sidewalk
166.0,111.2699,4.9114,1.18682,0.0,-0.0,186.7323,1.7048,stand_5,226.2613,0.0,-0.0,0.0,-0.0,Sidewalk
166.5,111.2699,4.9114,1.22173,0.0,0.06981,186.7323,1.7048,stand_5,226.2697,0.0,0.06981,0.0,0.06981,Sidewalk
167.0,111.2699,4.9114,1.22173,0.0,-0.0,186.7323,1.7048,stand_5,226.2613,0.0,-0.0,0.0,-0.0,Sidewalk
167.5,111.2699,4.9114,1.25664,0.0,0.06981,186.7323,1.7048,stand_5,226.2697,0.0,0.06981,0.0,0.06981,Sidewalk
168.0,111.2699,4.9114,1.25664,0.0,-0.0,186.7323,1.7048,stand_5,226.2613,0.0,-0.0,0.0,-0.0,Sidewalk
168.5,111.2699,4.9114,1.29154,0.0,0.06981,186.7323,1.7048,stand_5,226.2697,0.0,0.06981,0.0,0.06981,Sidewalk
169.0,111.2699,4.9114,1.29154,0.0,-0.0,186.7323,1.7048,stand_5,226.2613,0.0,-0.0,0.0,-0.0,Sidewalk
169.5,111.2699,4.9114,1.32645,0.0,0.06981,186.7323,1.7048,stand_5,226.2697,0.0,0.06981,0.0,0.06981,Sidewalk
170.0,111.2699,4.9114,1.32645,0.0,-0.0,186.7323,1.7048,stand_5,226.2613,0.0,-0.0,0.0,-0.0,Sidewalk
170.5,111.2699,4.9114,1.36136,0.0,0.06981,186.7323,1.7048,stand_5,226.2697,0.0,0.06981,0.0,0.06981,Sidewalk
171.0,111.2699,4.9114,1.36136,0.0,-0.0,186.7323,1.7048,stand_5,226.2613,0.0,-0.0,0.0,-0.0,Sidewalk
171.5,111.2699,4.9114,1.39626,0.0,0.06981,186.7323,1.7048,stand_5,226.2697,0.0,0.06981,0.0,0.06981,Sidewalk
172.0,111.2699,4.9114,1.39626,0.0,-0.0,186.7323,1.7048,stand_5,226.2613,0.0,-0.0,0.0,-0.0,Sidewalk
172.5,111.2699,4.9114,1.43117,0.0,0.06981,186.7323,1.7048,stand_5,226.2697,0.0,0.06981,0.0,0.06981,Sidewalk
173.0,111.2699,4.9114,1.43117,0.0,-0.0,186.7323,1.7048,stand_5,226.2613,0.0,-0.0,0.0,-0.0,Sidewalk
173.5,111.2699,4.9114,1.46608,0.0,0.06981,186.7323,1.7048,stand_5,226.2697,0.0,0.06981,0.0,0.06981,Sidewalk
174.0,111.2699,4.9114,1.46608,0.0,-0.0,186.7323,1.7048,stand_5,226.2613,0.0,-0.0,0.0,-0.0,Sidewalk
174.5,111.2699,4.9114,1.50098,0.0,0.06981,186.7323,1.7048,stand_5,226.2697,0.0,0.06981,0.0,0.06981,Sidewalk
175.0,111.2699,4.9114,1.50098,0.0,-0.0,186.7323,1.7048,stand_5,226.2613,0.0,-0.0,0.0,-0.0,Sidewalk
175.5,111.2699,4.9114,1.53589,0.0,0.06981,186.7323,1.7048,stand_5,226.2697,0.0,0.06981,0.0,0.06981,Sidewalk
176.0,111.2699,4.9114,1.53589,0.0,-0.0,186.7323,1.7048,stand_5,226.2613,0.0,-0.0,0.0,-0.0,Sidewalk
176.5,111.2699,4.9114,1.5708,0.0,0.06981,186.7323,1.7048,stand_5,226.2697,0.0,0.06981,0.0,0.06981,Sidewalk
177.0,111.2699,4.9114,1.5708,0.0,-0.0,186.7323,1.7048,stand_5,226.2613,0.0,-0.0,0.0,-0.0,Sidewalk
177.5,111.2699,4.9114,1.6057,0.0,0.06981,186.7323,1.7048,stand_5,226.2697,0.0,0.06981,0.0,0.06981,Sidewalk
178.0,111.2699,4.9114,1.6057,0.0,-0.0,186.7323,1.7048,stand_5,226.2613,0.0,-0.0,0.0,-0.0,Sidewalk
178.5,111.2699,4.9114,1.64061,0.0,0.06981,186.7323,1.7048,stand_5,226.2697,0.0,0.06981,0.0,0.06981,Sidewalk
179.0,111.2699,4.9114,1.64061,0.0,-0.0,186.7323,1.7048,stand_5,226.2613,0.0,-0.0,0.0,-0.0,Sidewalk
179.5,111.2699,4.9114,1.67552,0.0,0.06981,186.7323,1.7048,stand_5,226.2697,0.0,0.06981,0.0,0.06981,Sidewalk
180.0,111.2699,4.9114,1.67552,0.0,-0.0,186.7323,1.7048,stand_5,226.2613,0.0,-0.0,0.0,-0.0,Sidewalk
180.5,111.2699,4.9114,1.71042,0.0,0.06981,186.7323,1.7048,stand_5,226.2697,0.0,0.06981,0.0,0.06981,Sidewalk
181.0,111.2699,4.9114,1.71042,0.0,-0.0,186.7323,1.7048,stand_5,226.2613,0.0,-0.0,0.0,-0.0,Sidewalk
181.5,111.2699,4.9114,1.74533,0.0,0.06981,186.7323,1.7048,stand_5,226.2697,0.0,0.06981,0.0,0.06981,Sidewalk
182.0,111.2699,4.9114,1.74533,0.0,-0.0,186.7323,1.7048,stand_5,226.2613,0.0,-0.0,0.0,-0.0,Sidewalk
182.5,111.2699,4.9114,1.78024,0.0,0.06981,186.7323,1.7048,stand_5,226.2697,0.0,0.06981,0.0,0.06981,Sidewalk
183.0,111.2699,4.9114,1.78024,0.0,-0.0,186.7323,1.7048,stand_5,226.2613,0.0,-0.0,0.0,-0.0,Sidewalk
183.5,111.2699,4.9114,1.81514,0.0,0.06981,186.7323,1.7048,stand_5,226.2697,0.0,0.06981,0.0,0.06981,Sidewalk
184.0,111.2699,4.9114,1.81514,0.0,-0.0,186.7323,1.7048,stand_5,226.2613,0.0,-0.0,0.0,-0.0,Sidewalk
184.5,111.2699,4.9114,1.85005,0.0,0.06981,186.7323,1.7048,stand_5,226.2697,0.0,0.06981,0.0,0.06981,Sidewalk
185.0,111.2699,4.9114,1.85005,0.0,-0.0,186.7323,1.7048,stand_5,226.2613,0.0,-0.0,0.0,-0.0,Sidewalk
185.5,111.2699,4.9114,1.88496,0.0,0.06981,186.7323,1.7048,stand_5,226.2697,0.0,0.06981,0.0,0.06981,Sidewalk
186.0,111.2699,4.9114,1.88496,0.0,-0.0,186.7323,1.7048,stand_5,226.2613,0.0,-0.0,0.0,-0.0,Sidewalk
186.5,111.2699,4.9114,1.91986,0.0,0.06981,186.7323,1.7048,stand_5,226.2697,0.0,0.06981,0.0,0.06981,Sidewalk
187.0,111.2699,4.9114,1.91986,0.0,-0.0,186.7323,1.7048,stand_5,226.2613,0.0,-0.0,0.0,-0.0,Sidewalk
187.5,111.2699,4.9114,1.95477,0.0,0.06981,186.7323,1.7048,stand_5,226.2697,0.0,0.06981,0.0,0.06981,Sidewalk
188.0,111.2699,4.9114,1.95477,0.0,-0.0,186.7323,1.7048,stand_5,226.2613,0.0,-0.0,0.0,-0.0,Sidewalk
188.5,111.2699,4.9114,1.98968,0.0,0.06981,186.7323,1.7048,stand_5,226.2697,0.0,0.06981,0.0,0.06981,Sidewalk
189.0,111.2699,4.9114,1.98968,0.0,-0.0,186.7323,1.7048,stand_5,226.2613,0.0,-0.0,0.0,-0.0,Sidewalk
189.5,111.2699,4.9114,2.02458,0.0,0.06981,186.7323,1.7048,stand_5,226.2697,0.0,0.06981,0.0,0.06981,Sidewalk
190.0,111.2699,4.9114,2.02458,0.0,-0.0,186.7323,1.7048,stand_5,226.2613,0.0,-0.0,0.0,-0.0,Sidewalk
190.5,111.2699,4.9114,2.05949,0.0,0.06981,186.7323,1.7048,stand_5,226.2697,0.0,0.06981,0.0,0.06981,Sidewalk
191.0,111.2699,4.9114,2.05949,0.0,-0.0,186.7323,1.7048,stand_5,226.2613,0.0,-0.0,0.0,-0.0,Sidewalk
191.5,111.2699,4.9114,2.0944,0.0,0.06981,186.7323,1.7048,stand_5,226.2697,0.0,0.06981,0.0,0.06981,Sidewalk
192.0,111.2699,4.9114,2.0944,0.0,-0.0,186.7323,1.7048,stand_5,226.2613,0.0,-0.0,0.0,-0.0,Sidewalk
192.5,111.2699,4.9114,2.1293,0.0,0.06981,186.7323,1.7048,stand_5,226.2697,0.0,0.06981,0.0,0.06981,Sidewalk
193.0,111.2699,4.9114,2.1293,0.0,-0.0,186.7323,1.7048,stand_5,226.2613,0.0,-0.0,0.0,-0.0,Sidewalk
193.5,111.2699,4.9114,2.16421,0.0,0.06981,186.7323,1.7048,stand_5,226.2697,0.0,0.06981,0.0,0.06981,Sidewalk
194.0,111.2699,4.9114,2.16421,0.0,-0.0,186.7323,1.7048,stand_5,226.2613,0.0,-0.0,0.0,-0.0,Sidewalk
194.5,111.2699,4.9114,2.19911,0.0,0.06981,186.7323,1.7048,stand_5,226.2697,0.0,0.06981,0.0,0.06981,Sidewalk
195.0,111.2699,4.9114,2.19911,0.0,-0.0,186.7323,1.7048,stand_5,226.2613,0.0,-0.0,0.0,-0.0,Sidewalk
195.5,111.2699,4.9114,2.23402,0.0,0.06981,186.7323,1.7048,stand_5,226.2697,0.0,0.06981,0.0,0.06981,Sidewalk
196.0,111.2699,4.9114,2.23402,0.0,-0.0,186.7323,1.7048,stand_5,226.2613,0.0,-0.0,0.0,-0.0,Sidewalk
196.5,111.2699,4.9114,2.26893,0.0,0.06981,186.7323,1.7048,stand_5,226.2697,0.0,0.06981,0.0,0.06981,Sidewalk
197.0,111.2699,4.9114,2.26893,0.0,-0.0,186.7323,1.7048,stand_5,226.2613,0.0,-0.0,0.0,-0.0,Sidewalk
197.5,111.2699,4.9114,2.30383,0.0,0.06981,186.7323,1.7048,stand_5,226.2697,0.0,0.06981,0.0,0.06981,Sidewalk
198.0,111.2699,4.9114,2.30383,0.0,-0.0,186.7323,1.7048,stand_5,226.2613,0.0,-0.0,0.0,-0.0,Sidewalk
198.5,111.2699,4.9114,2.33874,0.0,0.06981,186.7323,1.7048,stand_5,226.2697,0.0,0.06981,0.0,0.06981,Sidewalk
199.0,111.2699,4.9114,2.33874,0.0,-0.0,186.7323,1.7048,stand_5,226.2613,0.0,-0.0,0.0,-0.0,Sidewalk
199.5,111.2699,4.9114,2.37365,0.0,0.06981,186.7323,1.7048,stand_5,226.2697,0.0,0.06981,0.0,0.06981,Sidewalk
200.0,111.2699,4.9114,2.37365,0.0,-0.0,186.7323,1.7048,stand_5,226.2613,0.0,-0.0,0.0,-0.0,Sidewalk
200.5,111.2699,4.9114,2.40855,0.0,0.06981,186.7323,1.7048,stand_5,226.2697,0.0,0.06981,0.0,0.06981,Sidewalk
201.0,111.2699,4.9114,2.40855,0.0,-0.0,186.7323,1.7048,stand_5,226.2613,0.0,-0.0,0.0,-0.0,Sidewalk
201.5,111.2699,4.9114,2.44346,0.0,0.06981,186.7323,1.7048,stand_5,226.2697,0.0,0.06981,0.0,0.06981,Sidewalk
202.0,111.2699,4.9114,2.44346,0.0,-0.0,186.7323,1.7048,stand_5,226.2613,0.0,-0.0,0.0,-0.0,Sidewalk
202.5,111.2699,4.9114,2.47837,0.0,0.06981,186.7323,1.7048,stand_5,226.2697,0.0,0.06981,0.0,0.06981,Sidewalk
203.0,111.2699,4.9114,2.47837,0.0,-0.0,186.7323,1.7048,stand_5,226.2613,0.0,-0.0,0.0,-0.0,Sidewalk
203.5,111.2699,4.9114,2.51327,0.0,0.06981,186.7323,1.7048,stand_5,226.2697,0.0,0.06981,0.0,0.06981,Sidewalk
204.0,111.2699,4.9114,2.51327,0.0,-0.0,186.7323,1.7048,stand_5,226.2613,0.0,-0.0,0.0,-0.0,Sidewalk
204.5,111.2699,4.9114,2.54818,0.0,0.06981,186.7323,1.7048,stand_5,226.2697,0.0,0.06981,0.0,0.06981,Sidewalk
205.0,111.2699,4.9114,2.54818,0.0,-0.0,186.7323,1.7048,stand_5,226.2613,0.0,-0.0,0.0,-0.0,Sidewalk
205.5,111.2699,4.9114,2.58309,0.0,0.06981,186.7323,1.7048,stand_5,226.2697,0.0,0.06981,0.0,0.06981,Sidewalk
206.0,111.2699,4.9114,2.58309,0.0,-0.0,186.7323,1.7048,stand_5,226.2613,0.0,-0.0,0.0,-0.0,Sidewalk
206.5,111.2699,4.9114,2.61799,0.0,0.06981,186.7323,1.7048,stand_5,226.2697,0.0,0.06981,0.0,0.06981,Sidewalk
207.0,111.2699,4.9114,2.61799,0.0,-0.0,186.7323,1.7048,stand_5,226.2613,0.0,-0.0,0.0,-0.0,Sidewalk
207.5,111.2699,4.9114,2.6529,0.0,0.06981,186.7323,1.7048,stand_5,226.2697,0.0,0.06981,0.0,0.06981,Sidewalk
208.0,111.2699,4.9114,2.6529,0.0,-0.0,186.7323,1.7048,stand_5,226.2613,0.0,-0.0,0.0,-0.0,Sidewalk
208.5,111.2699,4.9114,2.68781,0.0,0.06981,186.7323,1.7048,stand_5,226.2697,0.0,0.06981,0.0,0.06981,Sidewalk
209.0,111.2699,4.9114,2.68781,0.0,-0.0,186.7323,1.7048,stand_5,226.2613,0.0,-0.0,0.0,-0.0,Sidewalk
209.5,111.2699,4.9114,2.72271,0.0,0.06981,186.7323,1.7048,stand_5,226.2697,0.0,0.06981,0.0,0.06981,Sidewalk
210.0,111.2699,4.9114,2.72271,0.0,-0.0,186.7323,1.7048,stand_5,226.2613,0.0,-0.0,0.0,-0.0,Sidewalk
210.5,111.2699,4.9114,2.75762,0.0,0.06981,186.7323,1.7048,stand_5,226.2697,0.0,0.06981,0.0,0.06981,Sidewalk
211.0,111.2699,4.9114,2.75762,0.0,-0.0,186.7323,1.7048,stand_5,226.2613,0.0,-0.0,0.0,-0.0,Sidewalk
211.5,111.2699,4.9114,2.79253,0.0,0.06981,186.7323,1.7048,stand_5,226.2697,0.0,0.06981,0.0,0.06981,Sidewalk
212.0,111.2699,4.9114,2.79253,0.0,-0.0,186.7323,1.7048,stand_5,226.2613,0.0,-0.0,0.0,-0.0,Sidewalk
212.5,111.2699,4.9114,2.82743,0.0,0.06981,186.7323,1.7048,stand_5,226.2697,0.0,0.06981,0.0,0.06981,Sidewalk
213.0,111.2699,4.9114,2.82743,0.0,-0.0,186.7323,1.7048,stand_5,226.2613,0.0,-0.0,0.0,-0.0,Sidewalk
213.5,111.2699,4.9114,2.86234,0.0,0.06981,186.7323,1.7048,stand_5,226.2697,0.0,0.06981,0.0,0.06981,Sidewalk
214.0,111.2699,4.9114,2.86234,0.0,-0.0,186.7323,1.7048,stand_5,226.2613,0.0,-0.0,0.0,-0.0,Sidewalk
214.5,111.2699,4.9114,2.89725,0.0,0.06981,186.7323,1.7048,stand_5,226.2697,0.0,0.06981,0.0,0.06981,Sidewalk
215.0,111.2699,4.9114,2.89725,0.0,-0.0,186.7323,1.7048,stand_5,226.2613,0.0,-0.0,0.0,-0.0,Sidewalk
215.5,111.2699,4.9114,2.93215,0.0,0.06981,186.7323,1.7048,stand_5,226.2697,0.0,0.06981,0.0,0.06981,Sidewalk
216.0,111.2699,4.9114,2.93215,0.0,-0.0,186.7323,1.7048,stand_5,226.2613,0.0,-0.0,0.0,-0.0,Sidewalk
216.5,111.2699,4.9114,2.96706,0.0,0.06981,186.7323,1.7048,stand_5,226.2697,0.0,0.06981,0.0,0.06981,Sidewalk
217.0,111.2699,4.9114,2.96706,0.0,-0.0,186.7323,1.7048,stand_5,226.2613,0.0,-0.0,0.0,-0.0,Sidewalk
217.5,111.2699,4.9114,3.00197,0.0,0.06981,186.7323,1.7048,stand_5,226.2697,0.0,0.06981,0.0,0.06981,Sidewalk
218.0,111.2699,4.9114,3.00197,0.0,-0.0,186.7323,1.7048,stand_5,226.2613,0.0,-0.0,0.0,-0.0,Sidewalk
218.5,111.2699,4.9114,3.03687,0.0,0.06981,186.7323,1.7048,stand_5,226.2697,0.0,0.06981,0.0,0.06981,Sidewalk
219.0,111.2699,4.9114,3.03687,0.0,-0.0,186.7323,1.7048,stand_5,226.2613,0.0,-0.0,0.0,-0.0,Sidewalk
219.5,111.2699,4.9114,3.07178,0.0,0.06981,186.7323,1.7048,stand_5,226.2697,0.0,0.06981,0.0,0.06981,Sidewalk
220.0,111.2699,4.9114,3.07178,0.0,-0.0,186.7323,1.7048,stand_5,226.2613,0.0,-0.0,0.0,-0.0,Sidewalk
220.5,111.2699,4.9114,3.10669,0.0,0.06981,186.7323,1.7048,stand_5,226.2697,0.0,0.06981,0.0,0.06981,Sidewalk
221.0,111.2699,4.9114,3.10669,0.0,-0.0,186.7323,1.7048,stand_5,226.2613,0.0,-0.0,0.0,-0.0,Sidewalk
221.5,111.2699,4.9114,3.14159,0.0,0.06981,186.7323,1.7048,stand_5,226.2697,0.0,0.06981,0.0,0.06981,Sidewalk
222.0,111.2699,4.9114,3.14159,0.0,-0.0,186.7323,1.7048,stand_5,226.2613,0.0,-0.0,0.0,-0.0,Sidewalk
222.5,111.2699,4.9114,-3.10669,0.0,0.06981,186.7323,1.7048,stand_5,226.2697,0.0,0.06981,0.0,0.06981,Sidewalk
223.0,111.2699,4.9114,-3.10669,0.0,-0.0,186.7323,1.7048,stand_5,226.2613,0.0,-0.0,0.0,-0.0,Sidewalk
223.5,111.2699,4.9114,-3.07178,0.0,0.06981,186.7323,1.7048,stand_5,226.2697,0.0,0.06981,0.0,0.06981,Sidewalk
224.0,111.2699,4.9114,-3.07178,0.0,-0.0,186.7323,1.7048,stand_5,226.2613,0.0,-0.0,0.0,-0.0,Sidewalk
224.5,111.2699,4.9114,-3.03687,0.0,0.06981,186.7323,1.7048,stand_5,226.2697,0.0,0.06981,0.0,0.06981,Sidewalk
225.0,111.2699,4.9114,-3.03687,0.0,-0.0,186.7323,1.7048,stand_5,226.2613,0.0,-0.0,0.0,-0.0,Sidewalk
225.5,111.2699,4.9114,-3.00197,0.0,0.06981,186.7323,1.7048,stand_5,226.2697,0.0,0.06981,0.0,0.06981,Sidewalk
226.0,111.2699,4.9114,-3.00197,0.0,-0.0,186.7323,1.7048,stand_5,226.2613,0.0,-0.0,0.0,-0.0,Sidewalk
226.5,111.2699,4.9114,-2.96706,0.0,0.06981,186.7323,1.7048,stand_5,226.2697,0.0,0.06981,0.0,0.06981,Sidewalk
227.0,111.2699,4.9114,-2.96706,0.0,-0.0,186.7323,1.7048,stand_5,226.2613,0.0,-0.0,0.0,-0.0,Sidewalk
227.5,111.2699,4.9114,-2.93215,0.0,0.06981,186.7323,1.7048,stand_5,226.2697,0.0,0.06981,0.0,0.06981,Sidewalk
228.0,111.2699,4.9114,-2.93215,0.0,-0.0,186.7323,1.7048,stand_5,226.2613,0.0,-0.0,0.0,-0.0,Sidewalk
228.5,111.2699,4.9114,-2.89725,0.0,0.06981,186.7323,1.7048,stand_5,226.2697,0.0,0.06981,0.0,0.06981,Sidewalk
229.0,111.2699,4.9114,-2.89725,0.0,-0.0,186.7323,1.7048,stand_5,226.2613,0.0,-0.0,0.0,-0.0,Sidewalk
229.5,111.2699,4.9114,-2.86234,0.0,0.06981,186.7323,1.7048,stand_5,226.2697,0.0,0.06981,0.0,0.06981,Sidewalk
230.0,111.2699,4.9114,-2.86234,0.0,-0.0,186.7323,1.7048,stand_5,226.2613,0.0,-0.0,0.0,-0.0,Sidewalk
230.5,111.2699,4.9114,-2.82743,0.0,0.06981,186.7323,1.7048,stand_5,226.2697,0.0,0.06981,0.0,0.06981,Sidewalk
231.0,111.2699,4.9114,-2.82743,0.0,-0.0,186.7323,1.7048,stand_5,226.2613,0.0,-0.0,0.0,-0.0,Sidewalk
231.5,111.2699,4.9114,-2.79253,0.0,0.06981,186.7323,1.7048,stand_5,226.2697,0.0,0.06981,0.0,0.06981,Sidewalk
232.0,111.2699,4.9114,-2.79253,0.0,-0.0,186.7323,1.7048,stand_5,226.2613,0.0,-0.0,0.0,-0.0,Sidewalk
232.5,111.2699,4.9114,-2.75762,0.0,0.06981,186.7323,1.7048,stand_5,226.2697,0.0,0.06981,0.0,0.06981,Sidewalk
233.0,111.2699,4.9114,-2.75762,0.0,-0.0,186.7323,1.7048,stand_5,226.2613,0.0,-0.0,0.0,-0.0,Sidewalk
233.5,111.2699,4.9114,-2.72271,0.0,0.06981,186.7323,1.7048,stand_5,226.2697,0.0,0.06981,0.0,0.06981,Sidewalk
234.0,111.2699,4.9114,-2.72271,0.0,-0.0,186.7323,1.7048,stand_5,226.2613,0.0,-0.0,0.0,-0.0,Sidewalk
234.5,111.2699,4.9114,-2.68781,0.0,0.06981,186.7323,1.7048,stand_5,226.2697,0.0,0.06981,0.0,0.06981,Sidewalk
235.0,111.2699,4.9114,-2.68781,0.0,-0.0,186.7323,1.7048,stand_5,226.2613,0.0,-0.0,0.0,-0.0,Sidewalk
235.5,111.2699,4.9114,-2.6529,0.0,0.06981,186.7323,1.7048,stand_5,226.2697,0.0,0.06981,0.0,0.06981,Sidewalk
236.0,111.2699,4.9114,-2.6529,0.0,-0.0,186.7323,1.7048,stand_5,226.2613,0.0,-0.0,0.0,-0.0,Sidewalk
236.5,111.2699,4.9114,-2.61799,0.0,0.06981,186.7323,1.7048,stand_5,226.2697,0.0,0.06981,0.0,0.06981,Sidewalk
237.0,111.2699,4.9114,-2.61799,0.0,-0.0,186.7323,1.7048,stand_5,226.2613,0.0,-0.0,0.0,-0.0,Sidewalk
237.5,111.2699,4.9114,-2.58309,0.0,0.06981,186.7323,1.7048,stand_5,226.2697,0.0,0.06981,0.0,0.06981,Sidewalk
238.0,111.2699,4.9114,-2.58309,0.0,-0.0,186.7323,1.7048,stand_5,226.2613,0.0,-0.0,0.0,-0.0,Sidewalk
238.5,111.2699,4.9114,-2.54818,0.0,0.06981,186.7323,1.7048,stand_5,226.2697,0.0,0.06981,0.0,0.06981,Sidewalk
239.0,111.2699,4.9114,-2.54818,0.0,-0.0,186.7323,1.7048,stand_5,226.2613,0.0,-0.0,0.0,-0.0,Sidewalk
239.5,111.2699,4.9114,-2.51327,0.0,0.06981,186.7323,1.7048,stand_5,226.2697,0.0,0.06981,0.0,0.06981,Sidewalk
240.0,111.2699,4.9114,-2.51327,0.0,-0.0,186.7323,1.7048,stand_5,226.2613,0.0,-0.0,0.0,-0.0,Sidewalk
240.5,111.2699,4.9114,-2.47837,0.0,0.06981,186.7323,1.7048,stand_5,226.2697,0.0,0.06981,0.0,0.06981,Sidewalk
241.0,111.2699,4.9114,-2.47837,0.0,-0.0,186.7323,1.7048,stand_5,226.2613,0.0,-0.0,0.0,-0.0,Sidewalk
241.5,111.2699,4.9114,-2.44346,0.0,0.06981,186.7323,1.7048,stand_5,226.2697,0.0,0.06981,0.0,0.06981,Sidewalk
242.0,111.2699,4.9114,-2.44346,0.0,-0.0,186.7323,1.7048,stand_5,226.2613,0.0,-0.0,0.0,-0.0,Sidewalk
242.5,111.2699,4.9114,-2.40855,0.0,0.06981,186.7323,1.7048,stand_5,226.2697,0.0,0.06981,0.0,0.06981,Sidewalk
243.0,111.2699,4.9114,-2.40855,0.0,-0.0,186.7323,1.7048,stand_5,226.2613,0.0,-0.0,0.0,-0.0,Sidewalk
243.5,111.2699,4.9114,-2.37365,0.0,0.06981,186.7323,1.7048,stand_5,226.2697,0.0,0.06981,0.0,0.06981,Sidewalk
244.0,111.2699,4.9114,-2.37365,0.0,-0.0,186.7323,1.7048,stand_5,226.2613,0.0,-0.0,0.0,-0.0,Sidewalk
244.5,111.2699,4.9114,-2.33874,0.0,0.06981,186.7323,1.7048,stand_5,226.2697,0.0,0.06981,0.0,0.06981,Sidewalk
245.0,111.2699,4.9114,-2.33874,0.0,-0.0,186.7323,1.7048,stand_5,226.2613,0.0,-0.0,0.0,-0.0,Sidewalk
245.5,111.2699,4.9114,-2.30383,0.0,0.06981,186.7323,1.7048,stand_5,226.2697,0.0,0.06981,0.0,0.06981,Sidewalk
246.0,111.2699,4.9114,-2.30383,0.0,-0.0,186.7323,1.7048,stand_5,226.2613,0.0,-0.0,0.0,-0.0,Sidewalk
246.5,111.2699,4.9114,-2.26893,0.0,0.06981,186.7323,1.7048,stand_5,226.2697,0.0,0.06981,0.0,0.06981,Sidewalk
247.0,111.2699,4.9114,-2.26893,0.0,-0.0,186.7323,1.7048,stand_5,226.2613,0.0,-0.0,0.0,-0.0,Sidewalk
247.5,111.2699,4.9114,-2.23402,0.0,0.06981,186.7323,1.7048,stand_5,226.2697,0.0,0.06981,0.0,0.06981,Sidewalk
248.0,111.2699,4.9114,-2.23402,0.0,-0.0,186.7323,1.7048,stand_5,226.2613,0.0,-0.0,0.0,-0.0,Sidewalk
248.5,111.2699,4.9114,-2.19911,0.0,0.06981,186.7323,1.7048,stand_5,226.2697,0.0,0.06981,0.0,0.06981,Sidewalk
249.0,111.2699,4.9114,-2.19911,0.0,-0.0,186.7323,1.7048,stand_5,226.2613,0.0,-0.0,0.0,-0.0,Sidewalk
249.5,111.2699,4.9114,-2.16421,0.0,0.06981,186.7323,1.7048,stand_5,226.2697,0.0,0.06981,0.0,0.06981,Sidewalk
250.0,111.2699,4.9114,-2.16421,0.0,-0.0,186.7323,1.7048,stand_5,226.2613,0.0,-0.0,0.0,-0.0,Sidewalk
250.5,111.2699,4.9114,-2.1293,0.0,0.06981,186.7323,1.7048,stand_5,226.2697,0.0,0.06981,0.0,0.06981,Sidewalk
251.0,111.2699,4.9114,-2.1293,0.0,-0.0,186.7323,1.7048,stand_5,226.2613,0.0,-0.0,0.0,-0.0,Sidewalk
251.5,111.2699,4.9114,-2.0944,0.0,0.06981,186.7323,1.7048,stand_5,226.2697,0.0,0.06981,0.0,0.06981,Sidewalk
252.0,111.2699,4.9114,-2.0944,0.0,-0.0,186.7323,1.7048,stand_5,226.2613,0.0,-0.0,0.0,-0.0,Sidewalk
252.5,111.2699,4.9114,-2.05949,0.0,0.06981,186.7323,1.7048,stand_5,226.2697,0.0,0.06981,0.0,0.06981,Sidewalk
253.0,111.2699,4.9114,-2.05949,0.0,-0.0,186.7323,1.7048,stand_5,226.2613,0.0,-0.0,0.0,-0.0,Sidewalk
253.5,111.2699,4.9114,-2.02458,0.0,0.06981,186.7323,1.7048,stand_5,226.2697,0.0,0.06981,0.0,0.06981,Sidewalk
254.0,111.2699,4.9114,-2.02458,0.0,-0.0,186.7323,1.7048,stand_5,226.2613,0.0,-0.0,0.0,-0.0,Sidewalk
254.5,111.2699,4.9114,-1.98968,0.0,0.06981,186.7323,1.7048,stand_5,226.2697,0.0,0.06981,0.0,0.06981,Sidewalk
255.0,111.2699,4.9114,-1.98968,0.0,-0.0,186.7323,1.7048,stand_5,226.2613,0.0,-0.0,0.0,-0.0,Sidewalk
255.5,111.2699,4.9114,-1.95477,0.0,0.06981,186.7323,1.7048,stand_5,226.2697,0.0,0.06981,0.0,0.06981,Sidewalk
256.0,111.2699,4.9114,-1.95477,0.0,-0.0,186.7323,1.7048,stand_5,226.2613,0.0,-0.0,0.0,-0.0,Sidewalk
256.5,111.2699,4.9114,-1.91986,0.0,0.06981,186.7323,1.7048,stand_5,226.2697,0.0,0.06981,0.0,0.06981,Sidewalk
257.0,111.2699,4.9114,-1.91986,0.0,-0.0,186.7323,1.7048,stand_5,226.2613,0.0,-0.0,0.0,-0.0,Sidewalk
257.5,111.2699,4.9114,-1.88496,0.0,0.06981,186.7323,1.7048,stand_5,226.2697,0.0,0.06981,0.0,0.06981,Sidewalk
258.0,111.2699,4.9114,-1.88496,0.0,-0.0,186.7323,1.7048,stand_5,226.2613,0.0,-0.0,0.0,-0.0,Sidewalk
258.5,111.2699,4.9114,-1.85005,0.0,0.06981,186.7323,1.7048,stand_5,226.2697,0.0,0.06981,0.0,0.06981,Sidewalk
259.0,111.2699,4.9114,-1.85005,0.0,-0.0,186.7323,1.7048,stand_5,226.2613,0.0,-0.0,0.0,-0.0,Sidewalk
259.5,111.2699,4.9114,-1.81514,0.0,0.06981,186.7323,1.7048,stand_5,226.2697,0.0,0.06981,0.0,0.06981,Sidewalk
260.0,111.2699,4.9114,-1.81514,0.0,-0.0,186.7323,1.7048,stand_5,226.2613,0.0,-0.0,0.0,-0.0,Sidewalk
260.5,111.2699,4.9114,-1.78024,0.0,0.06981,186.7323,1.7048,stand_5,226.2697,0.0,0.06981,0.0,0.06981,Sidewalk
261.0,111.2699,4.9114,-1.78024,0.0,-0.0,186.7323,1.7048,stand_5,226.2613,0.0,-0.0,0.0,-0.0,Sidewalk
261.5,111.2699,4.9114,-1.74533,0.0,0.06981,186.7323,1.7048,stand_5,226.2697,0.0,0.06981,0.0,0.06981,Sidewalk
262.0,111.2699,4.9114,-1.74533,0.0,-0.0,186.7323,1.7048,stand_5,226.2613,0.0,-0.0,0.0,-0.0,Sidewalk
262.5,111.2699,4.9114,-1.71042,0.0,0.06981,186.7323,1.7048,stand_5,226.2697,0.0,0.06981,0.0,0.06981,Sidewalk
263.0,111.2699,4.9114,-1.71042,0.0,-0.0,186.7323,1.7048,stand_5,226.2613,0.0,-0.0,0.0,-0.0,Sidewalk
263.5,111.2699,4.9114,-1.67552,0.0,0.06981,186.7323,1.7048,stand_5,226.2697,0.0,0.06981,0.0,0.06981,Sidewalk
264.0,111.2699,4.9114,-1.67552,0.0,-0.0,186.7323,1.7048,stand_5,226.2613,0.0,-0.0,0.0,-0.0,Sidewalk
264.5,111.2699,4.9114,-1.64061,0.0,0.06981,186.7323,1.7048,stand_5,226.2697,0.0,0.06981,0.0,0.06981,Sidewalk
265.0,111.2699,4.9114,-1.64061,0.0,-0.0,186.7323,1.7048,stand_5,226.2613,0.0,-0.0,0.0,-0.0,Sidewalk
265.5,111.2699,4.9114,-1.6057,0.0,0.06981,186.7323,1.7048,stand_5,226.2697,0.0,0.06981,0.0,0.06981,Sidewalk
266.0,111.2699,4.9114,-1.6057,0.0,-0.0,186.7323,1.7048,stand_5,226.2613,0.0,-0.0,0.0,-0.0,Sidewalk
266.5,111.2699,4.9114,-1.5708,0.0,0.06981,186.7323,1.7048,stand_5,226.2697,0.0,0.06981,0.0,0.06981,Sidewalk
267.0,111.2699,4.9114,-1.5708,0.0,-0.0,186.7323,1.7048,stand_5,226.2613,0.0,-0.0,0.0,-0.0,Sidewalk
267.5,111.2699,4.9114,-1.53589,0.0,0.06981,186.7323,1.7048,stand_5,226.2697,0.0,0.06981,0.0,0.06981,Sidewalk
268.0,111.2699,4.9114,-1.53589,0.0,-0.0,186.7323,1.7048,stand_5,226.2613,0.0,-0.0,0.0,-0.0,Sidewalk
268.5,111.2699,4.9114,-1.50098,0.0,0.06981,186.7323,1.7048,stand_5,226.2697,0.0,0.06981,0.0,0.06981,Sidewalk
269.0,111.2699,4.9114,-1.50098,0.0,-0.0,186.7323,1.7048,stand_5,226.2613,0.0,-0.0,0.0,-0.0,Sidewalk
269.5,111.2699,4.9114,-1.46608,0.0,0.06981,186.7323,1.7048,stand_5,226.2697,0.0,0.06981,0.0,0.06981,Sidewalk
270.0,111.2699,4.9114,-1.46608,0.0,-0.0,186.7323,1.7048,stand_5,226.2613,0.0,-0.0,0.0,-0.0,Sidewalk
270.5,111.2699,4.9114,-1.43117,0.0,0.06981,186.7323,1.7048,stand_5,226.2697,0.0,0.06981,0.0,0.06981,Sidewalk
271.0,111.2699,4.9114,-1.43117,0.0,-0.0,186.7323,1.7048,stand_5,226.2613,0.0,-0.0,0.0,-0.0,Sidewalk
271.5,111.2699,4.9114,-1.39626,0.0,0.06981,186.7323,1.7048,stand_5,226.2697,0.0,0.06981,0.0,0.06981,Sidewalk
272.0,111.2699,4.9114,-1.39626,0.0,-0.0,186.7323,1.7048,stand_5,226.2613,0.0,-0.0,0.0,-0.0,Sidewalk
272.5,111.2699,4.9114,-1.36136,0.0,0.06981,186.7323,1.7048,stand_5,226.2697,0.0,0.06981,0.0,0.06981,Sidewalk
273.0,111.2699,4.9114,-1.36136,0.0,-0.0,186.7323,1.7048,stand_5,226.2613,0.0,-0.0,0.0,-0.0,Sidewalk
273.5,111.2699,4.9114,-1.32645,0.0,0.06981,186.7323,1.7048,stand_5,226.2697,0.0,0.06981,0.0,0.06981,Sidewalk
274.0,111.2699,4.9114,-1.32645,0.0,-0.0,186.7323,1.7048,stand_5,226.2613,0.0,-0.0,0.0,-0.0,Sidewalk
274.5,111.2699,4.9114,-1.29154,0.0,0.06981,186.7323,1.7048,stand_5,226.2697,0.0,0.06981,0.0,0.06981,Sidewalk
275.0,111.2699,4.9114,-1.29154,0.0,-0.0,186.7323,1.7048,stand_5,226.2613,0.0,-0.0,0.0,-0.0,Sidewalk
275.5,111.2699,4.9114,-1.25664,0.0,0.06981,186.7323,1.7048,stand_5,226.2697,0.0,0.06981,0.0,0.06981,Sidewalk
276.0,111.2699,4.9114,-1.25664,0.0,-0.0,186.7323,1.7048,stand_5,226.2613,0.0,-0.0,0.0,-0.0,Sidewalk
276.5,111.2699,4.9114,-1.22173,0.0,0.06981,186.7323,1.7048,stand_5,226.2697,0.0,0.06981,0.0,0.06981,Sidewalk
277.0,111.2699,4.9114,-1.22173,0.0,-0.0,186.7323,1.7048,stand_5,226.2613,0.0,-0.0,0.0,-0.0,Sidewalk
277.5,111.2699,4.9114,-1.18682,0.0,0.06981,186.7323,1.7048,stand_5,226.2697,0.0,0.06981,0.0,0.06981,Sidewalk
278.0,111.2699,4.9114,-1.18682,0.0,-0.0,186.7323,1.7048,stand_5,226.2613,0.0,-0.0,0.0,-0.0,Sidewalk
278.5,111.2699,4.9114,-1.15192,0.0,0.06981,186.7323,1.7048,stand_5,226.2697,0.0,0.06981,0.0,0.06981,Sidewalk
279.0,111.2699,4.9114,-1.15192,0.0,-0.0,186.7323,1.7048,stand_5,226.2613,0.0,-0.0,0.0,-0.0,Sidewalk
279.5,111.2699,4.9114,-1.11701,0.0,0.06981,186.7323,1.7048,stand_5,226.2697,0.0,0.06981,0.0,0.06981,Sidewalk
280.0,111.2699,4.9114,-1.11701,0.0,-0.0,186.7323,1.7048,stand_5,226.2613,0.0,-0.0,0.0,-0.0,Sidewalk
280.5,111.2699,4.9114,-1.0821,0.0,0.06981,186.7323,1.7048,stand_5,226.2697,0.0,0.06981,0.0,0.06981,Sidewalk
281.0,111.2699,4.9114,-1.0821,0.0,-0.0,186.7323,1.7048,stand_5,226.2613,0.0,-0.0,0.0,-0.0,Sidewalk
281.5,111.2699,4.9114,-1.0472,0.0,0.06981,186.7323,1.7048,stand_5,226.2697,0.0,0.06981,0.0,0.06981,Sidewalk
282.0,111.2699,4.9114,-1.0472,0.0,-0.0,186.7323,1.7048,stand_5,226.2613,0.0,-0.0,0.0,-0.0,Sidewalk
282.5,111.2699,4.9114,-1.01229,0.0,0.06981,186.7323,1.7048,stand_5,226.2697,0.0,0.06981,0.0,0.06981,Sidewalk
283.0,111.2699,4.9114,-1.01229,0.0,-0.0,186.7323,1.7048,stand_5,226.2613,0.0,-0.0,0.0,-0.0,Sidewalk
283.5,111.2699,4.9114,-0.97738,0.0,0.06981,186.7323,1.7048,stand_5,226.2697,0.0,0.06981,0.0,0.06981,Sidewalk
284.0,111.2699,4.9114,-0.97738,0.0,-0.0,186.7323,1.7048,stand_5,226.2613,0.0,-0.0,0.0,-0.0,Sidewalk
284.5,111.2699,4.9114,-0.94248,0.0,0.06981,186.7323,1.7048,stand_5,226.2697,0.0,0.06981,0.0,0.06981,Sidewalk
285.0,111.2699,4.9114,-0.94248,0.0,-0.0,186.7323,1.7048,stand_5,226.2613,0.0,-0.0,0.0,-0.0,Sidewalk
285.5,111.2699,4.9114,-0.90757,0.0,0.06981,186.7323,1.7048,stand_5,226.2697,0.0,0.06981,0.0,0.06981,Sidewalk
286.0,111.2699,4.9114,-0.90757,0.0,-0.0,186.7323,1.7048,stand_5,226.2613,0.0,-0.0,0.0,-0.0,Sidewalk
286.5,111.2699,4.9114,-0.87266,0.0,0.06981,186.7323,1.7048,stand_5,226.2697,0.0,0.06981,0.0,0.06981,Sidewalk
287.0,111.2699,4.9114,-0.87266,0.0,-0.0,186.7323,1.7048,stand_5,226.2613,0.0,-0.0,0.0,-0.0,Sidewalk
287.5,111.2699,4.9114,-0.83776,0.0,0.06981,186.7323,1.7048,stand_5,226.2697,0.0,0.06981,0.0,0.06981,Sidewalk
288.0,111.2699,4.9114,-0.83776,0.0,-0.0,186.7323,1.7048,stand_5,226.2613,0.0,-0.0,0.0,-0.0,Sidewalk
288.5,111.2699,4.9114,-0.80285,0.0,0.06981,186.7323,1.7048,stand_5,226.2697,0.0,0.06981,0.0,0.06981,Sidewalk
289.0,111.2699,4.9114,-0.80285,0.0,-0.0,186.7323,1.7048,stand_5,226.2613,0.0,-0.0,0.0,-0.0,Sidewalk
289.5,111.2699,4.9114,-0.76794,0.0,0.06981,186.7323,1.7048,stand_5,226.2697,0.0,0.06981,0.0,0.06981,Sidewalk
290.0,111.2699,4.9114,-0.76794,0.0,-0.0,186.7323,1.7048,stand_5,226.2613,0.0,-0.0,0.0,-0.0,Sidewalk
290.5,111.2699,4.9114,-0.73304,0.0,0.06981,186.7323,1.7048,stand_5,226.2697,0.0,0.06981,0.0,0.06981,Sidewalk
291.0,111.2699,4.9114,-0.73304,0.0,-0.0,186.7323,1.7048,stand_5,226.2613,0.0,-0.0,0.0,-0.0,Sidewalk
291.5,111.2699,4.9114,-0.69813,0.0,0.06981,186.7323,1.7048,stand_5,226.2697,0.0,0.06981,0.0,0.06981,Sidewalk
292.0,111.2699,4.9114,-0.69813,0.0,-0.0,186.7323,1.7048,stand_5,226.2613,0.0,-0.0,0.0,-0.0,Sidewalk
292.5,111.2699,4.9114,-0.66323,0.0,0.06981,186.7323,1.7048,stand_5,226.2697,0.0,0.06981,0.0,0.06981,Sidewalk
293.0,111.2699,4.9114,-0.66323,0.0,-0.0,186.7323,1.7048,stand_5,226.2613,0.0,-0.0,0.0,-0.0,Sidewalk
293.5,111.2699,4.9114,-0.62832,0.0,0.06981,186.7323,1.7048,stand_5,226.2697,0.0,0.06981,0.0,0.06981,Sidewalk
294.0,111.2699,4.9114,-0.62832,0.0,-0.0,186.7323,1.7048,stand_5,226.2613,0.0,-0.0,0.0,-0.0,Sidewalk
294.5,111.2699,4.9114,-0.59341,0.0,0.06981,186.7323,1.7048,stand_5,226.2697,0.0,0.06981,0.0,0.06981,Sidewalk
295.0,111.2699,4.9114,-0.59341,0.0,-0.0,186.7323,1.7048,stand_5,226.2613,0.0,-0.0,0.0,-0.0,Sidewalk
295.5,111.2699,4.9114,-0.55851,0.0,0.06981,186.7323,1.7048,stand_5,226.2697,0.0,0.06981,0.0,0.06981,Sidewalk
296.0,111.2699,4.9114,-0.55851,0.0,-0.0,186.7323,1.7048,stand_5,226.2613,0.0,-0.0,0.0,-0.0,Sidewalk
296.5,111.2699,4.9114,-0.5236,0.0,0.06981,186.7323,1.7048,stand_5,226.2697,0.0,0.06981,0.0,0.06981,Sidewalk
297.0,111.2699,4.9114,-0.5236,0.0,-0.0,186.7323,1.7048,stand_5,226.2613,0.0,-0.0,0.0,-0.0,Sidewalk
297.5,111.2699,4.9114,-0.48869,0.0,0.06981,186.7323,1.7048,stand_5,226.2697,0.0,0.06981,0.0,0.06981,Sidewalk
298.0,111.2699,4.9114,-0.48869,0.0,-0.0,186.7323,1.7048,stand_5,226.2613,0.0,-0.0,0.0,-0.0,Sidewalk
298.5,111.2699,4.9114,-0.45379,0.0,0.06981,186.7323,1.7048,stand_5,226.2697,0.0,0.06981,0.0,0.06981,Sidewalk
299.0,111.2699,4.9114,-0.45379,0.0,-0.0,186.7323,1.7048,stand_5,226.2613,0.0,-0.0,0.0,-0.0,Sidewalk
299.5,111.2699,4.9114,-0.41888,0.0,0.06981,186.7323,1.7048,stand_5,226.2697,0.0,0.06981,0.0,0.06981,Sidewalk
300.0,111.2699,4.9114,-0.41888,0.0,-0.0,186.7323,1.7048,stand_5,226.2613,0.0,-0.0,0.0,-0.0,Sidewalk
300.5,111.2699,4.9114,-0.38397,0.0,0.06981,186.7323,1.7048,stand_5,226.2697,0.0,0.06981,0.0,0.06981,Sidewalk
301.0,111.2699,4.9114,-0.38397,0.0,-0.0,186.7323,1.7048,stand_5,226.2613,0.0,-0.0,0.0,-0.0,Sidewalk
301.5,111.2699,4.9114,-0.34907,0.0,0.06981,186.7323,1.7048,stand_5,226.2697,0.0,0.06981,0.0,0.06981,Sidewalk
302.0,111.2699,4.9114,-0.34907,0.0,-0.0,186.7323,1.7048,stand_5,226.2613,0.0,-0.0,0.0,-0.0,Sidewalk
302.5,111.2699,4.9114,-0.31416,0.0,0.06981,186.7323,1.7048,stand_5,226.2697,0.0,0.06981,0.0,0.06981,Sidewalk
303.0,111.2699,4.9114,-0.31416,0.0,-0.0,186.7323,1.7048,stand_5,226.2613,0.0,-0.0,0.0,-0.0,Sidewalk
303.5,111.2699,4.9114,-0.27925,0.0,0.06981,186.7323,1.7048,stand_5,226.2697,0.0,0.06981,0.0,0.06981,Sidewalk
304.0,111.2699,4.9114,-0.27925,0.0,-0.0,186.7323,1.7048,stand_5,226.2613,0.0,-0.0,0.0,-0.0,Sidewalk
304.5,111.2699,4.9114,-0.24435,0.0,0.06981,186.7323,1.7048,stand_5,226.2697,0.0,0.06981,0.0,0.06981,Sidewalk
305.0,111.2699,4.9114,-0.24435,0.0,-0.0,186.7323,1.7048,stand_5,226.2613,0.0,-0.0,0.0,-0.0,Sidewalk
305.5,111.2699,4.9114,-0.20944,0.0,0.06981,186.7323,1.7048,stand_5,226.2697,0.0,0.06981,0.0,0.06981,Sidewalk
306.0,111.2699,4.9114,-0.20944,0.0,-0.0,186.7323,1.7048,stand_5,226.2613,0.0,-0.0,0.0,-0.0,Sidewalk
306.5,111.2699,4.9114,-0.17453,0.0,0.06981,186.7323,1.7048,stand_5,226.2697,0.0,0.06981,0.0,0.06981,Sidewalk
307.0,111.2699,4.9114,-0.17453,0.0,-0.0,186.7323,1.7048,stand_5,226.2613,0.0,-0.0,0.0,-0.0,Sidewalk
307.5,111.2699,4.9114,-0.13963,0.0,0.06981,186.7323,1.7048,stand_5,226.2697,0.0,0.06981,0.0,0.06981,Sidewalk
308.0,111.2699,4.9114,-0.13963,0.0,-0.0,186.7323,1.7048,stand_5,226.2613,0.0,-0.0,0.0,-0.0,Sidewalk
308.5,111.2699,4.9114,-0.10472,0.0,0.06981,186.7323,1.7048,stand_5,226.2697,0.0,0.06981,0.0,0.06981,Sidewalk
309.0,111.2699,4.9114,-0.10472,0.0,-0.0,186.7323,1.7048,stand_5,226.2613,0.0,-0.0,0.0,-0.0,Sidewalk
309.5,111.2699,4.9114,-0.06981,0.0,0.06981,186.7323,1.7048,stand_5,226.2697,0.0,0.06981,0.0,0.06981,Sidewalk
310.0,111.2699,4.9114,-0.06981,0.0,-0.0,186.7323,1.7048,stand_5,226.2613,0.0,-0.0,0.0,-0.0,Sidewalk
310.5,111.2699,4.9114,-0.03491,0.0,0.06981,186.7323,1.7048,stand_5,226.2697,0.0,0.06981,0.0,0.06981,Sidewalk
311.0,111.2699,4.9114,-0.03491,0.0,-0.0,186.7323,1.7048,stand_5,226.2613,0.0,-0.0,0.0,-0.0,Sidewalk
311.5,111.2699,4.9114,-0.0,0.0,0.06981,186.7323,1.7048,stand_5,226.2697,0.0,0.06981,0.0,0.06981,Sidewalk
312.0,111.2699,4.9114,-0.0,0.0,-0.0,186.7323,1.7048,stand_5,226.2613,0.0,-0.0,0.0,-0.0,Sidewalk
312.5,111.2699,4.9114,0.03491,0.0,0.06981,186.7323,1.7048,stand_5,226.2697,0.0,0.06981,0.0,0.06981,Sidewalk
313.0,111.2699,4.9114,0.03491,0.0,-0.0,186.7323,1.7048,stand_5,226.2613,0.0,-0.0,0.0,-0.0,Sidewalk
313.5,111.2699,4.9114,0.06981,0.0,0.06981,186.7323,1.7048,stand_5,226.2697,0.0,0.06981,0.0,0.06981,Sidewalk
314.0,111.2699,4.9114,0.06981,0.0,-0.0,186.7323,1.7048,stand_5,226.2613,0.0,-0.0,0.0,-0.0,Sidewalk
314.5,111.2699,4.9114,0.10472,0.0,0.06981,186.7323,1.7048,stand_5,226.2697,0.0,0.06981,0.0,0.06981,Sidewalk
315.0,111.2699,4.9114,0.10472,0.0,-0.0,186.7323,1.7048,stand_5,226.2613,0.0,-0.0,0.0,-0.0,Sidewalk
315.5,111.2699,4.9114,0.13963,0.0,0.06981,186.7323,1.7048,stand_5,226.2697,0.0,0.06981,0.0,0.06981,Sidewalk
316.0,111.2699,4.9114,0.13963,0.0,-0.0,186.7323,1.7048,stand_5,226.2613,0.0,-0.0,0.0,-0.0,Sidewalk
316.5,111.2699,4.9114,0.17453,0.0,0.06981,186.7323,1.7048,stand_5,226.2697,0.0,0.06981,0.0,0.06981,Sidewalk
317.0,111.2699,4.9114,0.17453,0.0,-0.0,186.7323,1.7048,stand_5,226.2613,0.0,-0.0,0.0,-0.0,Sidewalk
317.5,111.2699,4.9114,0.20944,0.0,0.06981,186.7323,1.7048,stand_5,226.2697,0.0,0.06981,0.0,0.06981,Sidewalk
318.0,111.2699,4.9114,0.20944,0.0,-0.0,186.7323,1.7048,stand_5,226.2613,0.0,-0.0,0.0,-0.0,Sidewalk
318.5,111.2699,4.9114,0.24435,0.0,0.06981,186.7323,1.7048,stand_5,226.2697,0.0,0.06981,0.0,0.06981,Sidewalk
319.0,111.2699,4.9114,0.24435,0.0,-0.0,186.7323,1.7048,stand_5,226.2613,0.0,-0.0,0.0,-0.0,Sidewalk
319.5,111.2699,4.9114,0.27925,0.0,0.06981,186.7323,1.7048,stand_5,226.2697,0.0,0.06981,0.0,0.06981,Sidewalk
320.0,111.2699,4.9114,0.27925,0.0,-0.0,186.7323,1.7049,stand_5,226.2613,0.0,-0.0,0.0,-0.0,Sidewalk
320.5,111.2699,4.9114,0.31416,0.0,0.06981,186.7323,1.7049,stand_5,226.2697,0.0,0.06981,0.0,0.06981,Sidewalk
321.0,111.2699,4.9114,0.31416,0.0,-0.0,186.7323,1.7049,stand_5,226.2613,0.0,-0.0,0.0,-0.0,Sidewalk
321.5,111.2699,4.9114,0.34907,0.0,0.06981,186.7323,1.7049,stand_5,226.2696,0.0,0.06981,0.0,0.06981,Sidewalk
322.0,111.2699,4.9114,0.34907,0.0,-0.0,186.7323,1.7049,stand_5,226.2613,0.0,-0.0,0.0,-0.0,Sidewalk
322.5,111.2699,4.9114,0.38397,0.0,0.06981,186.7323,1.7049,stand_5,226.2696,0.0,0.06981,0.0,0.06981,Sidewalk
323.0,111.2699,4.9114,0.38397,0.0,-0.0,186.7323,1.7049,stand_5,226.2613,0.0,-0.0,0.0,-0.0,Sidewalk
323.5,111.2699,4.9114,0.41888,0.0,0.06981,186.7323,1.7049,stand_5,226.2696,0.0,0.06981,0.0,0.06981,Sidewalk
324.0,111.2699,4.9114,0.41888,0.0,-0.0,186.7323,1.7049,stand_5,226.2613,0.0,-0.0,0.0,-0.0,Sidewalk
324.5,111.2699,4.9114,0.45379,0.0,0.06981,186.7323,1.7049,stand_5,226.2696,0.0,0.06981,0.0,0.06981,Sidewalk
325.0,111.2699,4.9114,0.45379,0.0,-0.0,186.7323,1.7049,stand_5,226.2613,0.0,-0.0,0.0,-0.0,Sidewalk
325.5,111.2699,4.9114,0.48869,0.0,0.06981,186.7323,1.7049,stand_5,226.2696,0.0,0.06981,0.0,0.06981,Sidewalk
326.0,111.2699,4.9114,0.48869,0.0,-0.0,186.7323,1.7049,stand_5,226.2613,0.0,-0.0,0.0,-0.0,Sidewalk
326.5,111.2699,4.9114,0.5236,0.0,0.06981,186.7323,1.7049,stand_5,226.2696,0.0,0.06981,0.0,0.06981,Sidewalk
327.0,111.2699,4.9114,0.5236,0.0,-0.0,186.7323,1.7049,stand_5,226.2612,0.0,-0.0,0.0,-0.0,Sidewalk
327.5,111.2699,4.9114,0.55851,0.0,0.06981,186.7323,1.7049,stand_5,226.2696,0.0,0.06981,0.0,0.06981,Sidewalk
328.0,111.2699,4.9114,0.55851,0.0,-0.0,186.7323,1.7049,stand_5,226.2612,0.0,-0.0,0.0,-0.0,Sidewalk
328.5,111.2699,4.9114,0.59341,0.0,0.06981,186.7323,1.7049,stand_5,226.2696,0.0,0.06981,0.0,0.06981,Sidewalk
329.0,111.2699,4.9114,0.59341,0.0,-0.0,186.7323,1.7049,stand_5,226.2612,0.0,-0.0,0.0,-0.0,Sidewalk
329.5,111.2699,4.9114,0.62832,0.0,0.06981,186.7323,1.7049,stand_5,226.2696,0.0,0.06981,0.0,0.06981,Sidewalk
330.0,111.2699,4.9114,0.62832,0.0,-0.0,186.7323,1.7049,stand_5,226.2612,0.0,-0.0,0.0,-0.0,Sidewalk
330.5,111.2699,4.9114,0.66323,0.0,0.06981,186.7323,1.7049,stand_5,226.2696,0.0,0.06981,0.0,0.06981,Sidewalk
331.0,111.2699,4.9114,0.66323,0.0,-0.0,186.7323,1.7049,stand_5,226.2612,0.0,-0.0,0.0,-0.0,Sidewalk
331.5,111.2699,4.9114,0.69813,0.0,0.06981,186.7323,1.7049,stand_5,226.2696,0.0,0.06981,0.0,0.06981,Sidewalk
332.0,111.2699,4.9114,0.69813,0.0,-0.0,186.7323,1.7049,stand_5,226.2612,0.0,-0.0,0.0,-0.0,Sidewalk
332.5,111.2699,4.9114,0.73304,0.0,0.06981,186.7323,1.7049,stand_5,226.2696,0.0,0.06981,0.0,0.06981,Sidewalk
333.0,111.2699,4.9114,0.73304,0.0,-0.0,186.7323,1.7049,stand_5,226.2612,0.0,-0.0,0.0,-0.0,Sidewalk
333.5,111.2699,4.9114,0.76794,0.0,0.06981,186.7323,1.7049,stand_5,226.2696,0.0,0.06981,0.0,0.06981,Sidewalk
334.0,111.2699,4.9114,0.76794,0.0,-0.0,186.7323,1.7049,stand_5,226.2612,0.0,-0.0,0.0,-0.0,Sidewalk
334.5,111.2699,4.9114,0.80285,0.0,0.06981,186.7323,1.7049,stand_5,226.2696,0.0,0.06981,0.0,0.06981,Sidewalk
335.0,111.2699,4.9114,0.80285,0.0,-0.0,186.7323,1.7049,stand_5,226.2612,0.0,-0.0,0.0,-0.0,Sidewalk
335.5,111.2699,4.9114,0.83776,0.0,0.06981,186.7323,1.7049,stand_5,226.2696,0.0,0.06981,0.0,0.06981,Sidewalk
336.0,111.2699,4.9114,0.83776,0.0,-0.0,186.7323,1.7049,stand_5,226.2612,0.0,-0.0,0.0,-0.0,Sidewalk
336.5,111.2699,4.9114,0.87266,0.0,0.06981,186.7323,1.7049,stand_5,226.2696,0.0,0.06981,0.0,0.06981,Sidewalk
337.0,111.2699,4.9114,0.87266,0.0,-0.0,186.7323,1.7049,stand_5,226.2612,0.0,-0.0,0.0,-0.0,Sidewalk
337.5,111.2699,4.9114,0.90757,0.0,0.06981,186.7323,1.7049,stand_5,226.2696,0.0,0.06981,0.0,0.06981,Sidewalk
338.0,111.2699,4.9114,0.90757,0.0,-0.0,186.7323,1.7049,stand_5,226.2612,0.0,-0.0,0.0,-0.0,Sidewalk
338.5,111.2699,4.9114,0.94248,0.0,0.06981,186.7323,1.7049,stand_5,226.2696,0.0,0.06981,0.0,0.06981,Sidewalk
339.0,111.2699,4.9114,0.94248,0.0,-0.0,186.7323,1.7049,stand_5,226.2612,0.0,-0.0,0.0,-0.0,Sidewalk
339.5,111.2699,4.9114,0.97738,0.0,0.06981,186.7323,1.7049,stand_5,226.2696,0.0,0.06981,0.0,0.06981,Sidewalk
340.0,111.2699,4.9114,0.97738,0.0,-0.0,186.7323,1.7049,stand_5,226.2612,0.0,-0.0,0.0,-0.0,Sidewalk
340.5,111.2699,4.9114,1.01229,0.0,0.06981,186.7323,1.7049,stand_5,226.2696,0.0,0.06981,0.0,0.06981,Sidewalk
341.0,111.2699,4.9114,1.01229,0.0,-0.0,186.7323,1.7049,stand_5,226.2612,0.0,-0.0,0.0,-0.0,Sidewalk
341.5,111.2699,4.9114,1.0472,0.0,0.06981,186.7323,1.7049,stand_5,226.2696,0.0,0.06981,0.0,0.06981,Sidewalk
342.0,111.2699,4.9114,1.0472,0.0,-0.0,186.7323,1.7049,stand_5,226.2612,0.0,-0.0,0.0,-0.0,Sidewalk
342.5,111.2699,4.9114,1.0821,0.0,0.06981,186.7323,1.7049,stand_5,226.2696,0.0,0.06981,0.0,0.06981,Sidewalk
343.0,111.2699,4.9114,1.0821,0.0,-0.0,186.7323,1.7049,stand_5,226.2612,0.0,-0.0,0.0,-0.0,Sidewalk
343.5,111.2699,4.9114,1.11701,0.0,0.06981,186.7323,1.7049,stand_5,226.2696,0.0,0.06981,0.0,0.06981,Sidewalk
344.0,111.2699,4.9114,1.11701,0.0,-0.0,186.7323,1.7049,stand_5,226.2612,0.0,-0.0,0.0,-0.0,Sidewalk
344.5,111.2699,4.9114,1.15192,0.0,0.06981,186.7323,1.7049,stand_5,226.2696,0.0,0.06981,0.0,0.06981,Sidewalk
345.0,111.2699,4.9114,1.15192,0.0,-0.0,186.7323,1.7049,stand_5,226.2612,0.0,-0.0,0.0,-0.0,Sidewalk
345.5,111.2699,4.9114,1.18682,0.0,0.06981,186.7323,1.7049,stand_5,226.2696,0.0,0.06981,0.0,0.06981,Sidewalk
346.0,111.2699,4.9114,1.18682,0.0,-0.0,186.7323,1.7049,stand_5,226.2612,0.0,-0.0,0.0,-0.0,Sidewalk
346.5,111.2699,4.9114,1.22173,0.0,0.06981,186.7323,1.7049,stand_5,226.2696,0.0,0.06981,0.0,0.06981,Sidewalk
347.0,111.2699,4.9114,1.22173,0.0,-0.0,186.7323,1.7049,stand_5,226.2612,0.0,-0.0,0.0,-0.0,Sidewalk
347.5,111.2699,4.9114,1.25664,0.0,0.06981,186.7323,1.7049,stand_5,226.2695,0.0,0.06981,0.0,0.06981,Sidewalk
348.0,111.2699,4.9114,1.25664,0.0,-0.0,186.7323,1.7049,stand_5,226.2612,0.0,-0.0,0.0,-0.0,Sidewalk
348.5,111.2699,4.9114,1.29154,0.0,0.06981,186.7323,1.7049,stand_5,226.2695,0.0,0.06981,0.0,0.06981,Sidewalk
349.0,111.2699,4.9114,1.29154,0.0,-0.0,186.7323,1.7049,stand_5,226.2612,0.0,-0.0,0.0,-0.0,Sidewalk
349.5,111.2699,4.9114,1.32645,0.0,0.06981,186.7323,1.7049,stand_5,226.2695,0.0,0.06981,0.0,0.06981,Sidewalk
350.0,111.2699,4.9114,1.32645,0.0,-0.0,186.7323,1.7049,stand_5,226.2612,0.0,-0.0,0.0,-0.0,Sidewalk
350.5,111.2699,4.9114,1.36136,0.0,0.06981,186.7323,1.7049,stand_5,226.2695,0.0,0.06981,0.0,0.06981,Sidewalk
351.0,111.2699,4.9114,1.36136,0.0,-0.0,186.7323,1.7049,stand_5,226.2612,0.0,-0.0,0.0,-0.0,Sidewalk
351.5,111.2699,4.9114,1.39626,0.0,0.06981,186.7323,1.7049,stand_5,226.2695,0.0,0.06981,0.0,0.06981,Sidewalk
352.0,111.2699,4.9114,1.39626,0.0,-0.0,186.7323,1.7049,stand_5,226.2612,0.0,-0.0,0.0,-0.0,Sidewalk
352.5,111.2699,4.9114,1.43117,0.0,0.06981,186.7323,1.7049,stand_5,226.2695,0.0,0.06981,0.0,0.06981,Sidewalk
353.0,111.2699,4.9114,1.43117,0.0,-0.0,186.7323,1.7049,stand_5,226.2612,0.0,-0.0,0.0,-0.0,Sidewalk
353.5,111.2699,4.9114,1.46608,0.0,0.06981,186.7323,1.7049,stand_5,226.2695,0.0,0.06981,0.0,0.06981,Sidewalk
354.0,111.2699,4.9114,1.46608,0.0,-0.0,186.7323,1.7049,stand_5,226.2612,0.0,-0.0,0.0,-0.0,Sidewalk
354.5,111.2699,4.9114,1.50098,0.0,0.06981,186.7323,1.7049,stand_5,226.2695,0.0,0.06981,0.0,0.06981,Sidewalk
355.0,111.2699,4.9114,1.50098,0.0,-0.0,186.7323,1.7049,stand_5,226.2611,0.0,-0.0,0.0,-0.0,Sidewalk
355.5,111.2699,4.9114,1.53589,0.0,0.06981,186.7323,1.7049,stand_5,226.2695,0.0,0.06981,0.0,0.06981,Sidewalk
356.0,111.2699,4.9114,1.53589,0.0,-0.0,186.7323,1.7049,stand_5,226.2611,0.0,-0.0,0.0,-0.0,Sidewalk
356.5,111.2699,4.9114,1.5708,0.0,0.06981,186.7323,1.7049,stand_5,226.2695,0.0,0.06981,0.0,0.06981,Sidewalk
357.0,111.2699,4.9114,1.5708,0.0,-0.0,186.7323,1.7049,stand_5,226.2611,0.0,-0.0,0.0,-0.0,Sidewalk
357.5,111.2699,4.9114,1.6057,0.0,0.06981,186.7323,1.7049,stand_5,226.2695,0.0,0.06981,0.0,0.06981,Sidewalk
358.0,111.2699,4.9114,1.6057,0.0,-0.0,186.7323,1.7049,stand_5,226.2611,0.0,-0.0,0.0,-0.0,Sidewalk
358.5,111.2699,4.9114,1.64061,0.0,0.06981,186.7323,1.7049,stand_5,226.2695,0.0,0.06981,0.0,0.06981,Sidewalk
359.0,111.2699,4.9114,1.64061,0.0,-0.0,186.7323,1.7049,stand_5,226.2611,0.0,-0.0,0.0,-0.0,Sidewalk
359.5,111.2699,4.9114,1.67552,0.0,0.06981,186.7323,1.705,stand_5,226.2695,0.0,0.06981,0.0,0.06981,Sidewalk
360.0,111.2699,4.9114,1.67552,0.0,-0.0,186.7323,1.705,stand_5,226.2611,0.0,-0.0,0.0,-0.0,Sidewalk
360.5,111.2699,4.9114,1.71042,0.0,0.06981,186.7323,1.705,stand_5,226.2695,0.0,0.06981,0.0,0.06981,Sidewalk
361.0,111.2699,4.9114,1.71042,0.0,-0.0,186.7323,1.705,stand_5,226.2611,0.0,-0.0,0.0,-0.0,Sidewalk
361.5,111.2699,4.9114,1.74533,0.0,0.06981,186.7323,1.705,stand_5,226.2695,0.0,0.06981,0.0,0.06981,Sidewalk
362.0,111.2699,4.9114,1.74533,0.0,-0.0,186.7323,1.705,stand_5,226.2611,0.0,-0.0,0.0,-0.0,Sidewalk
362.5,111.2699,4.9114,1.78024,0.0,0.06981,186.7323,1.705,stand_5,226.2695,0.0,0.06981,0.0,0.06981,Sidewalk
363.0,111.2699,4.9114,1.78024,0.0,-0.0,186.7323,1.705,stand_5,226.2611,0.0,-0.0,0.0,-0.0,Sidewalk
363.5,111.2699,4.9114,1.81514,0.0,0.06981,186.7323,1.705,stand_5,226.2695,0.0,0.06981,0.0,0.06981,Sidewalk
364.0,111.2699,4.9114,1.81514,0.0,-0.0,186.7323,1.705,stand_5,226.2611,0.0,-0.0,0.0,-0.0,Sidewalk
364.5,111.2699,4.9114,1.85005,0.0,0.06981,186.7323,1.705,stand_5,226.2695,0.0,0.06981,0.0,0.06981,Sidewalk
365.0,111.2699,4.9114,1.85005,0.0,-0.0,186.7323,1.705,stand_5,226.2611,0.0,-0.0,0.0,-0.0,Sidewalk
365.5,111.2699,4.9114,1.88496,0.0,0.06981,186.7323,1.705,stand_5,226.2695,0.0,0.06981,0.0,0.06981,Sidewalk
366.0,111.2699,4.9114,1.88496,0.0,-0.0,186.7323,1.705,stand_5,226.2611,0.0,-0.0,0.0,-0.0,Sidewalk
366.5,111.2699,4.9114,1.91986,0.0,0.06981,186.7323,1.705,stand_5,226.2695,0.0,0.06981,0.0,0.06981,Sidewalk
367.0,111.2699,4.9114,1.91986,0.0,-0.0,186.7323,1.705,stand_5,226.2611,0.0,-0.0,0.0,-0.0,Sidewalk
367.5,111.2699,4.9114,1.95477,0.0,0.06981,186.7323,1.705,stand_5,226.2695,0.0,0.06981,0.0,0.06981,Sidewalk
368.0,111.2699,4.9114,1.95477,0.0,-0.0,186.7323,1.705,stand_5,226.2611,0.0,-0.0,0.0,-0.0,Sidewalk
368.5,111.2699,4.9114,1.98968,0.0,0.06981,186.7323,1.705,stand_5,226.2695,0.0,0.06981,0.0,0.06981,Sidewalk
369.0,111.2699,4.9114,1.98968,0.0,-0.0,186.7323,1.705,stand_5,226.2611,0.0,-0.0,0.0,-0.0,Sidewalk
369.5,111.2699,4.9114,2.02458,0.0,0.06981,186.7323,1.705,stand_5,226.2695,0.0,0.06981,0.0,0.06981,Sidewalk
370.0,111.2699,4.9114,2.02458,0.0,-0.0,186.7323,1.705,stand_5,226.2611,0.0,-0.0,0.0,-0.0,Sidewalk
370.5,111.2699,4.9114,2.05949,0.0,0.06981,186.7323,1.705,stand_5,226.2695,0.0,0.06981,0.0,0.06981,Sidewalk
371.0,111.2699,4.9114,2.05949,0.0,-0.0,186.7323,1.705,stand_5,226.2611,0.0,-0.0,0.0,-0.0,Sidewalk
371.5,111.2699,4.9114,2.0944,0.0,0.06981,186.7323,1.705,stand_5,226.2695,0.0,0.06981,0.0,0.06981,Sidewalk
372.0,111.2699,4.9114,2.0944,0.0,-0.0,186.7323,1.705,stand_5,226.2611,0.0,-0.0,0.0,-0.0,Sidewalk
372.5,111.2699,4.9114,2.1293,0.0,0.06981,186.7323,1.705,stand_5,226.2695,0.0,0.06981,0.0,0.06981,Sidewalk
373.0,111.2699,4.9114,2.1293,0.0,-0.0,186.7323,1.705,stand_5,226.2611,0.0,-0.0,0.0,-0.0,Sidewalk
373.5,111.2699,4.9114,2.16421,0.0,0.06981,186.7323,1.705,stand_5,226.2695,0.0,0.06981,0.0,0.06981,Sidewalk
374.0,111.2699,4.9114,2.16421,0.0,-0.0,186.7323,1.705,stand_5,226.2611,0.0,-0.0,0.0,-0.0,Sidewalk
374.5,111.2699,4.9114,2.19911,0.0,0.06981,186.7323,1.705,stand_5,226.2695,0.0,0.06981,0.0,0.06981,Sidewalk
375.0,111.2699,4.9114,2.19911,0.0,-0.0,186.7323,1.705,stand_5,226.2611,0.0,-0.0,0.0,-0.0,Sidewalk
375.5,111.2699,4.9114,2.23402,0.0,0.06981,186.7323,1.705,stand_5,226.2695,0.0,0.06981,0.0,0.06981,Sidewalk
376.0,111.2699,4.9114,2.23402,0.0,-0.0,186.7323,1.705,stand_5,226.2611,0.0,-0.0,0.0,-0.0,Sidewalk
376.5,111.2699,4.9114,2.26893,0.0,0.06981,186.7323,1.705,stand_5,226.2694,0.0,0.06981,0.0,0.06981,Sidewalk
377.0,111.2699,4.9114,2.26893,0.0,-0.0,186.7323,1.705,stand_5,226.2611,0.0,-0.0,0.0,-0.0,Sidewalk
377.5,111.2699,4.9114,2.30383,0.0,0.06981,186.7323,1.705,stand_5,226.2694,0.0,0.06981,0.0,0.06981,Sidewalk
378.0,111.2699,4.9114,2.30383,0.0,-0.0,186.7323,1.705,stand_5,226.2611,0.0,-0.0,0.0,-0.0,Sidewalk
378.5,111.2699,4.9114,2.33874,0.0,0.06981,186.7323,1.705,stand_5,226.2694,0.0,0.06981,0.0,0.06981,Sidewalk
379.0,111.2699,4.9114,2.33874,0.0,-0.0,186.7323,1.705,stand_5,226.2611,0.0,-0.0,0.0,-0.0,Sidewalk
379.5,111.2699,4.9114,2.37365,0.0,0.06981,186.7323,1.705,stand_5,226.2694,0.0,0.06981,0.0,0.06981,Sidewalk
380.0,111.2699,4.9114,2.37365,0.0,-0.0,186.7323,1.705,stand_5,226.2611,0.0,-0.0,0.0,-0.0,Sidewalk
380.5,111.2699,4.9114,2.40855,0.0,0.06981,186.7323,1.705,stand_5,226.2694,0.0,0.06981,0.0,0.06981,Sidewalk
381.0,111.2699,4.9114,2.40855,0.0,-0.0,186.7323,1.705,stand_5,226.2611,0.0,-0.0,0.0,-0.0,Sidewalk
381.5,111.2699,4.9114,2.44346,0.0,0.06981,186.7323,1.705,stand_5,226.2694,0.0,0.06981,0.0,0.06981,Sidewalk
382.0,111.2699,4.9114,2.44346,0.0,-0.0,186.7323,1.705,stand_5,226.2611,0.0,-0.0,0.0,-0.0,Sidewalk
382.5,111.2699,4.9114,2.47837,0.0,0.06981,186.7323,1.705,stand_5,226.2694,0.0,0.06981,0.0,0.06981,Sidewalk
383.0,111.2699,4.9114,2.47837,0.0,-0.0,186.7323,1.705,stand_5,226.2611,0.0,-0.0,0.0,-0.0,Sidewalk
383.5,111.2699,4.9114,2.51327,0.0,0.06981,186.7323,1.705,stand_5,226.2694,0.0,0.06981,0.0,0.06981,Sidewalk
384.0,111.2699,4.9114,2.51327,0.0,-0.0,186.7323,1.705,stand_5,226.261,0.0,-0.0,0.0,-0.0,Sidewalk
384.5,111.2699,4.9114,2.54818,0.0,0.06981,186.7323,1.705,stand_5,226.2694,0.0,0.06981,0.0,0.06981,Sidewalk
385.0,111.2699,4.9114,2.54818,0.0,-0.0,186.7323,1.705,stand_5,226.261,0.0,-0.0,0.0,-0.0,Sidewalk
385.5,111.2699,4.9114,2.58309,0.0,0.06981,186.7323,1.705,stand_5,226.2694,0.0,0.06981,0.0,0.06981,Sidewalk
386.0,111.2699,4.9114,2.58309,0.0,-0.0,186.7323,1.705,stand_5,226.261,0.0,-0.0,0.0,-0.0,Sidewalk
386.5,111.2699,4.9114,2.61799,0.0,0.06981,186.7323,1.705,stand_5,226.2694,0.0,0.06981,0.0,0.06981,Sidewalk
387.0,111.2699,4.9114,2.61799,0.0,-0.0,186.7323,1.705,stand_5,226.261,0.0,-0.0,0.0,-0.0,Sidewalk
387.5,111.2699,4.9114,2.6529,0.0,0.06981,186.7323,1.705,stand_5,226.2694,0.0,0.06981,0.0,0.06981,Sidewalk
388.0,111.2699,4.9114,2.6529,0.0,-0.0,186.7323,1.705,stand_5,226.261,0.0,-0.0,0.0,-0.0,Sidewalk
388.5,111.2699,4.9114,2.68781,0.0,0.06981,186.7323,1.705,stand_5,226.2694,0.0,0.06981,0.0,0.06981,Sidewalk
389.0,111.2699,4.9114,2.68781,0.0,-0.0,186.7323,1.705,stand_5,226.261,0.0,-0.0,0.0,-0.0,Sidewalk
389.5,111.2699,4.9114,2.72271,0.0,0.06981,186.7323,1.705,stand_5,226.2694,0.0,0.06981,0.0,0.06981,Sidewalk
390.0,111.2699,4.9114,2.72271,0.0,-0.0,186.7323,1.705,stand_5,226.261,0.0,-0.0,0.0,-0.0,Sidewalk
390.5,111.2699,4.9114,2.75762,0.0,0.06981,186.7323,1.705,stand_5,226.2694,0.0,0.06981,0.0,0.06981,Sidewalk
391.0,111.2699,4.9114,2.75762,0.0,-0.0,186.7323,1.705,stand_5,226.261,0.0,-0.0,0.0,-0.0,Sidewalk
391.5,111.2699,4.9114,2.79253,0.0,0.06981,186.7323,1.705,stand_5,226.2694,0.0,0.06981,0.0,0.06981,Sidewalk
392.0,111.2699,4.9114,2.79253,0.0,-0.0,186.7323,1.705,stand_5,226.261,0.0,-0.0,0.0,-0.0,Sidewalk
392.5,111.2699,4.9114,2.82743,0.0,0.06981,186.7323,1.705,stand_5,226.2694,0.0,0.06981,0.0,0.06981,Sidewalk
393.0,111.2699,4.9114,2.82743,0.0,-0.0,186.7323,1.705,stand_5,226.261,0.0,-0.0,0.0,-0.0,Sidewalk
393.5,111.2699,4.9114,2.86234,0.0,0.06981,186.7323,1.705,stand_5,226.2694,0.0,0.06981,0.0,0.06981,Sidewalk
394.0,111.2699,4.9114,2.86234,0.0,-0.0,186.7323,1.705,stand_5,226.261,0.0,-0.0,0.0,-0.0,Sidewalk
394.5,111.2699,4.9114,2.89725,0.0,0.06981,186.7323,1.705,stand_5,226.2694,0.0,0.06981,0.0,0.06981,Sidewalk
395.0,111.2699,4.9114,2.89725,0.0,-0.0,186.7323,1.705,stand_5,226.261,0.0,-0.0,0.0,-0.0,Sidewalk
395.5,111.2699,4.9114,2.93215,0.0,0.06981,186.7323,1.705,stand_5,226.2694,0.0,0.06981,0.0,0.06981,Sidewalk
396.0,111.2699,4.9114,2.93215,0.0,-0.0,186.7323,1.705,stand_5,226.261,0.0,-0.0,0.0,-0.0,Sidewalk
396.5,111.2699,4.9114,2.96706,0.0,0.06981,186.7323,1.705,stand_5,226.2694,0.0,0.06981,0.0,0.06981,Sidewalk
397.0,111.2699,4.9114,2.96706,0.0,-0.0,186.7323,1.705,stand_5,226.261,0.0,-0.0,0.0,-0.0,Sidewalk
397.5,111.2699,4.9114,3.00197,0.0,0.06981,186.7323,1.705,stand_5,226.2694,0.0,0.06981,0.0,0.06981,Sidewalk
398.0,111.2699,4.9114,3.00197,0.0,-0.0,186.7323,1.705,stand_5,226.261,0.0,-0.0,0.0,-0.0,Sidewalk
398.5,111.2699,4.9114,3.03687,0.0,0.06981,186.7323,1.705,stand_5,226.2694,0.0,0.06981,0.0,0.06981,Sidewalk
399.0,111.2699,4.9114,3.03687,0.0,-0.0,186.7323,1.705,stand_5,226.261,0.0,-0.0,0.0,-0.0,Sidewalk
399.5,111.2699,4.9114,3.07178,0.0,0.06981,186.7323,1.705,stand_5,226.2694,0.0,0.06981,0.0,0.06981,Sidewalk
400.0,111.2699,4.9114,3.07178,0.0,-0.0,186.7323,1.705,stand_5,226.261,0.0,-0.0,0.0,-0.0,Sidewalk
400.5,111.2699,4.9114,3.10669,0.0,0.06981,186.7323,1.705,stand_5,226.2694,0.0,0.06981,0.0,0.06981,Sidewalk
401.0,111.2699,4.9114,3.10669,0.0,-0.0,186.7323,1.7051,stand_5,226.261,0.0,-0.0,0.0,-0.0,Sidewalk
401.5,111.2699,4.9114,3.14159,0.0,0.06981,186.7323,1.7051,stand_5,226.2694,0.0,0.06981,0.0,0.06981,Sidewalk
402.0,111.2699,4.9114,3.14159,0.0,-0.0,186.7323,1.7051,stand_5,226.261,0.0,-0.0,0.0,-0.0,Sidewalk
402.5,111.2699,4.9114,-3.10669,0.0,0.06981,186.7323,1.7051,stand_5,226.2694,0.0,0.06981,0.0,0.06981,Sidewalk
403.0,111.2699,4.9114,-3.10669,0.0,-0.0,186.7323,1.7051,stand_5,226.261,0.0,-0.0,0.0,-0.0,Sidewalk
403.5,111.2699,4.9114,-3.07178,0.0,0.06981,186.7323,1.7051,stand_5,226.2694,0.0,0.06981,0.0,0.06981,Sidewalk
404.0,111.2699,4.9114,-3.07178,0.0,-0.0,186.7323,1.7051,stand_5,226.261,0.0,-0.0,0.0,-0.0,Sidewalk
404.5,111.2699,4.9114,-3.03687,0.0,0.06981,186.7323,1.7051,stand_5,226.2693,0.0,0.06981,0.0,0.06981,Sidewalk
405.0,111.2699,4.9114,-3.03687,0.0,-0.0,186.7323,1.7051,stand_5,226.261,0.0,-0.0,0.0,-0.0,Sidewalk
405.5,111.2699,4.9114,-3.00197,0.0,0.06981,186.7323,1.7051,stand_5,226.2693,0.0,0.06981,0.0,0.06981,Sidewalk
406.0,111.2699,4.9114,-3.00197,0.0,-0.0,186.7323,1.7051,stand_5,226.261,0.0,-0.0,0.0,-0.0,Sidewalk
406.5,111.2699,4.9114,-2.96706,0.0,0.06981,186.7323,1.7051,stand_5,226.2693,0.0,0.06981,0.0,0.06981,Sidewalk
407.0,111.2699,4.9114,-2.96706,0.0,-0.0,186.7323,1.7051,stand_5,226.261,0.0,-0.0,0.0,-0.0,Sidewalk
407.5,111.2699,4.9114,-2.93215,0.0,0.06981,186.7323,1.7051,stand_5,226.2693,0.0,0.06981,0.0,0.06981,Sidewalk
408.0,111.2699,4.9114,-2.93215,0.0,-0.0,186.7323,1.7051,stand_5,226.261,0.0,-0.0,0.0,-0.0,Sidewalk
408.5,111.2699,4.9114,-2.89725,0.0,0.06981,186.7323,1.7051,stand_5,226.2693,0.0,0.06981,0.0,0.06981,Sidewalk
409.0,111.2699,4.9114,-2.89725,0.0,-0.0,186.7323,1.7051,stand_5,226.261,0.0,-0.0,0.0,-0.0,Sidewalk
409.5,111.2699,4.9114,-2.86234,0.0,0.06981,186.7323,1.7051,stand_5,226.2693,0.0,0.06981,0.0,0.06981,Sidewalk
410.0,111.2699,4.9114,-2.86234,0.0,-0.0,186.7323,1.7051,stand_5,226.261,0.0,-0.0,0.0,-0.0,Sidewalk
410.5,111.2699,4.9114,-2.82743,0.0,0.06981,186.7323,1.7051,stand_5,226.2693,0.0,0.06981,0.0,0.06981,Sidewalk
411.0,111.2699,4.9114,-2.82743,0.0,-0.0,186.7323,1.7051,stand_5,226.2609,0.0,-0.0,0.0,-0.0,Sidewalk
411.5,111.2699,4.9114,-2.79253,0.0,0.06981,186.7323,1.7051,stand_5,226.2693,0.0,0.06981,0.0,0.06981,Sidewalk
412.0,111.2699,4.9114,-2.79253,0.0,-0.0,186.7323,1.7051,stand_5,226.2609,0.0,-0.0,0.0,-0.0,Sidewalk
412.5,111.2699,4.9114,-2.75762,0.0,0.06981,186.7323,1.7051,stand_5,226.2693,0.0,0.06981,0.0,0.06981,Sidewalk
413.0,111.2699,4.9114,-2.75762,0.0,-0.0,186.7323,1.7051,stand_5,226.2609,0.0,-0.0,0.0,-0.0,Sidewalk
413.5,111.2699,4.9114,-2.72271,0.0,0.06981,186.7323,1.7051,stand_5,226.2693,0.0,0.06981,0.0,0.06981,Sidewalk
414.0,111.2699,4.9114,-2.72271,0.0,-0.0,186.7323,1.7051,stand_5,226.2609,0.0,-0.0,0.0,-0.0,Sidewalk
414.5,111.2699,4.9114,-2.68781,0.0,0.06981,186.7323,1.7051,stand_5,226.2693,0.0,0.06981,0.0,0.06981,Sidewalk
415.0,111.2699,4.9114,-2.68781,0.0,-0.0,186.7323,1.7051,stand_5,226.2609,0.0,-0.0,0.0,-0.0,Sidewalk
415.5,111.2699,4.9114,-2.6529,0.0,0.06981,186.7323,1.7051,stand_5,226.2693,0.0,0.06981,0.0,0.06981,Sidewalk
416.0,111.2699,4.9114,-2.6529,0.0,-0.0,186.7323,1.7051,stand_5,226.2609,0.0,-0.0,0.0,-0.0,Sidewalk
416.5,111.2699,4.9114,-2.61799,0.0,0.06981,186.7323,1.7051,stand_5,226.2693,0.0,0.06981,0.0,0.06981,Sidewalk
417.0,111.2699,4.9114,-2.61799,0.0,-0.0,186.7323,1.7051,stand_5,226.2609,0.0,-0.0,0.0,-0.0,Sidewalk
417.5,111.2699,4.9114,-2.58309,0.0,0.06981,186.7323,1.7051,stand_5,226.2693,0.0,0.06981,0.0,0.06981,Sidewalk
418.0,111.2699,4.9114,-2.58309,0.0,-0.0,186.7323,1.7051,stand_5,226.2609,0.0,-0.0,0.0,-0.0,Sidewalk
418.5,111.2699,4.9114,-2.54818,0.0,0.06981,186.7323,1.7051,stand_5,226.2693,0.0,0.06981,0.0,0.06981,Sidewalk
419.0,111.2699,4.9114,-2.54818,0.0,-0.0,186.7323,1.7051,stand_5,226.2609,0.0,-0.0,0.0,-0.0,Sidewalk
419.5,111.2699,4.9114,-2.51327,0.0,0.06981,186.7323,1.7051,stand_5,226.2693,0.0,0.06981,0.0,0.06981,Sidewalk
420.0,111.2699,4.9114,-2.51327,0.0,-0.0,186.7323,1.7051,stand_5,226.2609,0.0,-0.0,0.0,-0.0,Sidewalk
420.5,111.2699,4.9114,-2.47837,0.0,0.06981,186.7323,1.7051,stand_5,226.2693,0.0,0.06981,0.0,0.06981,Sidewalk
421.0,111.2699,4.9114,-2.47837,0.0,-0.0,186.7323,1.7051,stand_5,226.2609,0.0,-0.0,0.0,-0.0,Sidewalk
421.5,111.2699,4.9114,-2.44346,0.0,0.06981,186.7323,1.7051,stand_5,226.2693,0.0,0.06981,0.0,0.06981,Sidewalk
422.0,111.2699,4.9114,-2.44346,0.0,-0.0,186.7323,1.7051,stand_5,226.2609,0.0,-0.0,0.0,-0.0,Sidewalk
422.5,111.2699,4.9114,-2.40855,0.0,0.06981,186.7323,1.7051,stand_5,226.2693,0.0,0.06981,0.0,0.06981,Sidewalk
423.0,111.2699,4.9114,-2.40855,0.0,-0.0,186.7323,1.7051,stand_5,226.2609,0.0,-0.0,0.0,-0.0,Sidewalk
423.5,111.2699,4.9114,-2.37365,0.0,0.06981,186.7323,1.7051,stand_5,226.2693,0.0,0.06981,0.0,0.06981,Sidewalk
424.0,111.2699,4.9114,-2.37365,0.0,-0.0,186.7323,1.7051,stand_5,226.2609,0.0,-0.0,0.0,-0.0,Sidewalk
424.5,111.2699,4.9114,-2.33874,0.0,0.06981,186.7323,1.7051,stand_5,226.2693,0.0,0.06981,0.0,0.06981,Sidewalk
425.0,111.2699,4.9114,-2.33874,0.0,-0.0,186.7323,1.7051,stand_5,226.2609,0.0,-0.0,0.0,-0.0,Sidewalk
425.5,111.2699,4.9114,-2.30383,0.0,0.06981,186.7323,1.7051,stand_5,226.2693,0.0,0.06981,0.0,0.06981,Sidewalk
426.0,111.2699,4.9114,-2.30383,0.0,-0.0,186.7323,1.7051,stand_5,226.2609,0.0,-0.0,0.0,-0.0,Sidewalk
426.5,111.2699,4.9114,-2.26893,0.0,0.06981,186.7323,1.7051,stand_5,226.2693,0.0,0.06981,0.0,0.06981,Sidewalk
427.0,111.2699,4.9114,-2.26893,0.0,-0.0,186.7323,1.7051,stand_5,226.2609,0.0,-0.0,0.0,-0.0,Sidewalk
427.5,111.2699,4.9114,-2.23402,0.0,0.06981,186.7323,1.7051,stand_5,226.2693,0.0,0.06981,0.0,0.06981,Sidewalk
428.0,111.2699,4.9114,-2.23402,0.0,-0.0,186.7323,1.7051,stand_5,226.2609,0.0,-0.0,0.0,-0.0,Sidewalk
428.5,111.2699,4.9114,-2.19911,0.0,0.06981,186.7323,1.7051,stand_5,226.2693,0.0,0.06981,0.0,0.06981,Sidewalk
429.0,111.2699,4.9114,-2.19911,0.0,-0.0,186.7323,1.7051,stand_5,226.2609,0.0,-0.0,0.0,-0.0,Sidewalk
429.5,111.2699,4.9114,-2.16421,0.0,0.06981,186.7323,1.7051,stand_5,226.2693,0.0,0.06981,0.0,0.06981,Sidewalk
430.0,111.2699,4.9114,-2.16421,0.0,-0.0,186.7323,1.7051,stand_5,226.2609,0.0,-0.0,0.0,-0.0,Sidewalk
430.5,111.2699,4.9114,-2.1293,0.0,0.06981,186.7323,1.7051,stand_5,226.2693,0.0,0.06981,0.0,0.06981,Sidewalk
431.0,111.2699,4.9114,-2.1293,0.0,-0.0,186.7323,1.7051,stand_5,226.2609,0.0,-0.0,0.0,-0.0,Sidewalk
431.5,111.2699,4.9114,-2.0944,0.0,0.06981,186.7323,1.7051,stand_5,226.2693,0.0,0.06981,0.0,0.06981,Sidewalk
432.0,111.2699,4.9114,-2.0944,0.0,-0.0,186.7323,1.7051,stand_5,226.2609,0.0,-0.0,0.0,-0.0,Sidewalk
432.5,111.2699,4.9114,-2.05949,0.0,0.06981,186.7323,1.7051,stand_5,226.2692,0.0,0.06981,0.0,0.06981,Sidewalk
433.0,111.2699,4.9114,-2.05949,0.0,-0.0,186.7323,1.7051,stand_5,226.2609,0.0,-0.0,0.0,-0.0,Sidewalk
433.5,111.2699,4.9114,-2.02458,0.0,0.06981,186.7323,1.7051,stand_5,226.2692,0.0,0.06981,0.0,0.06981,Sidewalk
434.0,111.2699,4.9114,-2.02458,0.0,-0.0,186.7323,1.7051,stand_5,226.2609,0.0,-0.0,0.0,-0.0,Sidewalk
434.5,111.2699,4.9114,-1.98968,0.0,0.06981,186.7323,1.7051,stand_5,226.2692,0.0,0.06981,0.0,0.06981,Sidewalk
435.0,111.2699,4.9114,-1.98968,0.0,-0.0,186.7323,1.7051,stand_5,226.2609,0.0,-0.0,0.0,-0.0,Sidewalk
435.5,111.2699,4.9114,-1.95477,0.0,0.06981,186.7323,1.7051,stand_5,226.2692,0.0,0.06981,0.0,0.06981,Sidewalk
436.0,111.2699,4.9114,-1.95477,0.0,-0.0,186.7323,1.7051,stand_5,226.2609,0.0,-0.0,0.0,-0.0,Sidewalk
436.5,111.2699,4.9114,-1.91986,0.0,0.06981,186.7323,1.7051,stand_5,226.2692,0.0,0.06981,0.0,0.06981,Sidewalk
437.0,111.2699,4.9114,-1.91986,0.0,-0.0,186.7323,1.7051,stand_5,226.2609,0.0,-0.0,0.0,-0.0,Sidewalk
437.5,111.2699,4.9114,-1.88496,0.0,0.06981,186.7323,1.7051,stand_5,226.2692,0.0,0.06981,0.0,0.06981,Sidewalk
438.0,111.2699,4.9114,-1.88496,0.0,-0.0,186.7323,1.7051,stand_5,226.2609,0.0,-0.0,0.0,-0.0,Sidewalk
438.5,111.2699,4.9114,-1.85005,0.0,0.06981,186.7323,1.7051,stand_5,226.2692,0.0,0.06981,0.0,0.06981,Sidewalk
439.0,111.2699,4.9114,-1.85005,0.0,-0.0,186.7323,1.7051,stand_5,226.2608,0.0,-0.0,0.0,-0.0,Sidewalk
439.5,111.2699,4.9114,-1.81514,0.0,0.06981,186.7323,1.7051,stand_5,226.2692,0.0,0.06981,0.0,0.06981,Sidewalk
440.0,111.2699,4.9114,-1.81514,0.0,-0.0,186.7323,1.7051,stand_5,226.2608,0.0,-0.0,0.0,-0.0,Sidewalk
440.5,111.2699,4.9114,-1.78024,0.0,0.06981,186.7323,1.7051,stand_5,226.2692,0.0,0.06981,0.0,0.06981,Sidewalk
441.0,111.2699,4.9114,-1.78024,0.0,-0.0,186.7323,1.7051,stand_5,226.2608,0.0,-0.0,0.0,-0.0,Sidewalk
441.5,111.2699,4.9114,-1.74533,0.0,0.06981,186.7323,1.7051,stand_5,226.2692,0.0,0.06981,0.0,0.06981,Sidewalk
442.0,111.2699,4.9114,-1.74533,0.0,-0.0,186.7323,1.7051,stand_5,226.2608,0.0,-0.0,0.0,-0.0,Sidewalk
442.5,111.2699,4.9114,-1.71042,0.0,0.06981,186.7323,1.7052,stand_5,226.2692,0.0,0.06981,0.0,0.06981,Sidewalk
443.0,111.2699,4.9114,-1.71042,0.0,-0.0,186.7323,1.7052,stand_5,226.2608,0.0,-0.0,0.0,-0.0,Sidewalk
443.5,111.2699,4.9114,-1.67552,0.0,0.06981,186.7323,1.7052,stand_5,226.2692,0.0,0.06981,0.0,0.06981,Sidewalk
444.0,111.2699,4.9114,-1.67552,0.0,-0.0,186.7323,1.7052,stand_5,226.2608,0.0,-0.0,0.0,-0.0,Sidewalk
444.5,111.2699,4.9114,-1.64061,0.0,0.06981,186.7323,1.7052,stand_5,226.2692,0.0,0.06981,0.0,0.06981,Sidewalk
445.0,111.2699,4.9114,-1.64061,0.0,-0.0,186.7323,1.7052,stand_5,226.2608,0.0,-0.0,0.0,-0.0,Sidewalk
445.5,111.2699,4.9114,-1.6057,0.0,0.06981,186.7323,1.7052,stand_5,226.2692,0.0,0.06981,0.0,0.06981,Sidewalk
446.0,111.2699,4.9114,-1.6057,0.0,-0.0,186.7323,1.7052,stand_5,226.2608,0.0,-0.0,0.0,-0.0,Sidewalk
446.5,111.2699,4.9114,-1.5708,0.0,0.06981,186.7323,1.7052,stand_5,226.2692,0.0,0.06981,0.0,0.06981,Sidewalk
447.0,111.2699,4.9114,-1.5708,0.0,-0.0,186.7323,1.7052,stand_5,226.2608,0.0,-0.0,0.0,-0.0,Sidewalk
447.5,111.2699,4.9114,-1.53589,0.0,0.06981,186.7323,1.7052,stand_5,226.2692,0.0,0.06981,0.0,0.06981,Sidewalk
448.0,111.2699,4.9114,-1.53589,0.0,-0.0,186.7323,1.7052,stand_5,226.2608,0.0,-0.0,0.0,-0.0,Sidewalk
448.5,111.2699,4.9114,-1.50098,0.0,0.06981,186.7323,1.7052,stand_5,226.2692,0.0,0.06981,0.0,0.06981,Sidewalk
449.0,111.2699,4.9114,-1.50098,0.0,-0.0,186.7323,1.7052,stand_5,226.2608,0.0,-0.0,0.0,-0.0,Sidewalk
449.5,111.2699,4.9114,-1.46608,0.0,0.06981,186.7323,1.7052,stand_5,226.2692,0.0,0.06981,0.0,0.06981,Sidewalk
450.0,111.2699,4.9114,-1.46608,0.0,-0.0,186.7323,1.7052,stand_5,226.2608,0.0,-0.0,0.0,-0.0,Sidewalk
450.5,111.2699,4.9114,-1.43117,0.0,0.06981,186.7323,1.7052,stand_5,226.2692,0.0,0.06981,0.0,0.06981,Sidewalk
451.0,111.2699,4.9114,-1.43117,0.0,-0.0,186.7323,1.7052,stand_5,226.2608,0.0,-0.0,0.0,-0.0,Sidewalk
451.5,111.2699,4.9114,-1.39626,0.0,0.06981,186.7323,1.7052,stand_5,226.2692,0.0,0.06981,0.0,0.06981,Sidewalk
452.0,111.2699,4.9114,-1.39626,0.0,-0.0,186.7323,1.7052,stand_5,226.2608,0.0,-0.0,0.0,-0.0,Sidewalk
452.5,111.2699,4.9114,-1.36136,0.0,0.06981,186.7323,1.7052,stand_5,226.2692,0.0,0.06981,0.0,0.06981,Sidewalk
453.0,111.2699,4.9114,-1.36136,0.0,-0.0,186.7323,1.7052,stand_5,226.2608,0.0,-0.0,0.0,-0.0,Sidewalk
453.5,111.2699,4.9114,-1.32645,0.0,0.06981,186.7323,1.7052,stand_5,226.2692,0.0,0.06981,0.0,0.06981,Sidewalk
454.0,111.2699,4.9114,-1.32645,0.0,-0.0,186.7323,1.7052,stand_5,226.2608,0.0,-0.0,0.0,-0.0,Sidewalk
454.5,111.2699,4.9114,-1.29154,0.0,0.06981,186.7323,1.7052,stand_5,226.2692,0.0,0.06981,0.0,0.06981,Sidewalk
455.0,111.2699,4.9114,-1.29154,0.0,-0.0,186.7323,1.7052,stand_5,226.2608,0.0,-0.0,0.0,-0.0,Sidewalk
455.5,111.2699,4.9114,-1.25664,0.0,0.06981,186.7323,1.7052,stand_5,226.2692,0.0,0.06981,0.0,0.06981,Sidewalk
456.0,111.2699,4.9114,-1.25664,0.0,-0.0,186.7323,1.7052,stand_5,226.2608,0.0,-0.0,0.0,-0.0,Sidewalk
456.5,111.2699,4.9114,-1.22173,0.0,0.06981,186.7323,1.7052,stand_5,226.2692,0.0,0.06981,0.0,0.06981,Sidewalk
457.0,111.2699,4.9114,-1.22173,0.0,-0.0,186.7323,1.7052,stand_5,226.2608,0.0,-0.0,0.0,-0.0,Sidewalk
457.5,111.2699,4.9114,-1.18682,0.0,0.06981,186.7323,1.7052,stand_5,226.2692,0.0,0.06981,0.0,0.06981,Sidewalk
458.0,111.2699,4.9114,-1.18682,0.0,-0.0,186.7323,1.7052,stand_5,226.2608,0.0,-0.0,0.0,-0.0,Sidewalk
458.5,111.2699,4.9114,-1.15192,0.0,0.06981,186.7323,1.7052,stand_5,226.2692,0.0,0.06981,0.0,0.06981,Sidewalk
459.0,111.2699,4.9114,-1.15192,0.0,-0.0,186.7323,1.7052,stand_5,226.2608,0.0,-0.0,0.0,-0.0,Sidewalk
459.5,111.2699,4.9114,-1.11701,0.0,0.06981,186.7323,1.7052,stand_5,226.2691,0.0,0.06981,0.0,0.06981,Sidewalk
460.0,111.2699,4.9114,-1.11701,0.0,-0.0,186.7323,1.7052,stand_5,226.2608,0.0,-0.0,0.0,-0.0,Sidewalk
460.5,111.2699,4.9114,-1.0821,0.0,0.06981,186.7323,1.7052,stand_5,226.2691,0.0,0.06981,0.0,0.06981,Sidewalk
461.0,111.2699,4.9114,-1.0821,0.0,-0.0,186.7323,1.7052,stand_5,226.2608,0.0,-0.0,0.0,-0.0,Sidewalk
461.5,111.2699,4.9114,-1.0472,0.0,0.06981,186.7323,1.7052,stand_5,226.2691,0.0,0.06981,0.0,0.06981,Sidewalk
462.0,111.2699,4.9114,-1.0472,0.0,-0.0,186.7323,1.7052,stand_5,226.2608,0.0,-0.0,0.0,-0.0,Sidewalk
462.5,111.2699,4.9114,-1.01229,0.0,0.06981,186.7323,1.7052,stand_5,226.2691,0.0,0.06981,0.0,0.06981,Sidewalk
463.0,111.2699,4.9114,-1.01229,0.0,-0.0,186.7323,1.7052,stand_5,226.2608,0.0,-0.0,0.0,-0.0,Sidewalk
463.5,111.2699,4.9114,-0.97738,0.0,0.06981,186.7323,1.7052,stand_5,226.2691,0.0,0.06981,0.0,0.06981,Sidewalk
464.0,111.2699,4.9114,-0.97738,0.0,-0.0,186.7323,1.7052,stand_5,226.2608,0.0,-0.0,0.0,-0.0,Sidewalk
464.5,111.2699,4.9114,-0.94248,0.0,0.06981,186.7323,1.7052,stand_5,226.2691,0.0,0.06981,0.0,0.06981,Sidewalk
465.0,111.2699,4.9114,-0.94248,0.0,-0.0,186.7323,1.7052,stand_5,226.2608,0.0,-0.0,0.0,-0.0,Sidewalk
465.5,111.2699,4.9114,-0.90757,0.0,0.06981,186.7323,1.7052,stand_5,226.2691,0.0,0.06981,0.0,0.06981,Sidewalk
466.0,111.2699,4.9114,-0.90757,0.0,-0.0,186.7323,1.7052,stand_5,226.2608,0.0,-0.0,0.0,-0.0,Sidewalk
466.5,111.2699,4.9114,-0.87266,0.0,0.06981,186.7323,1.7052,stand_5,226.2691,0.0,0.06981,0.0,0.06981,Sidewalk
467.0,111.2699,4.9114,-0.87266,0.0,-0.0,186.7323,1.7052,stand_5,226.2607,0.0,-0.0,0.0,-0.0,Sidewalk
467.5,111.2699,4.9114,-0.83776,0.0,0.06981,186.7323,1.7052,stand_5,226.2691,0.0,0.06981,0.0,0.06981,Sidewalk
468.0,111.2699,4.9114,-0.83776,0.0,-0.0,186.7323,1.7052,stand_5,226.2607,0.0,-0.0,0.0,-0.0,Sidewalk
468.5,111.2699,4.9114,-0.80285,0.0,0.06981,186.7323,1.7052,stand_5,226.2691,0.0,0.06981,0.0,0.06981,Sidewalk
469.0,111.2699,4.9114,-0.80285,0.0,-0.0,186.7323,1.7052,stand_5,226.2607,0.0,-0.0,0.0,-0.0,Sidewalk
469.5,111.2699,4.9114,-0.76794,0.0,0.06981,186.7323,1.7052,stand_5,226.2691,0.0,0.06981,0.0,0.06981,Sidewalk
470.0,111.2699,4.9114,-0.76794,0.0,-0.0,186.7323,1.7052,stand_5,226.2607,0.0,-0.0,0.0,-0.0,Sidewalk
470.5,111.2699,4.9114,-0.73304,0.0,0.06981,186.7323,1.7052,stand_5,226.2691,0.0,0.06981,0.0,0.06981,Sidewalk
471.0,111.2699,4.9114,-0.73304,0.0,-0.0,186.7323,1.7052,stand_5,226.2607,0.0,-0.0,0.0,-0.0,Sidewalk
471.5,111.2699,4.9114,-0.69813,0.0,0.06981,186.7323,1.7052,stand_5,226.2691,0.0,0.06981,0.0,0.06981,Sidewalk
472.0,111.2699,4.9114,-0.69813,0.0,-0.0,186.7323,1.7052,stand_5,226.2607,0.0,-0.0,0.0,-0.0,Sidewalk
472.5,111.2699,4.9114,-0.66323,0.0,0.06981,186.7323,1.7052,stand_5,226.2691,0.0,0.06981,0.0,0.06981,Sidewalk
473.0,111.2699,4.9114,-0.66323,0.0,-0.0,186.7323,1.7052,stand_5,226.2607,0.0,-0.0,0.0,-0.0,Sidewalk
473.5,111.2699,4.9114,-0.62832,0.0,0.06981,186.7323,1.7052,stand_5,226.2691,0.0,0.06981,0.0,0.06981,Sidewalk
474.0,111.2699,4.9114,-0.62832,0.0,-0.0,186.7323,1.7052,stand_5,226.2607,0.0,-0.0,0.0,-0.0,Sidewalk
474.5,111.2699,4.9114,-0.59341,0.0,0.06981,186.7323,1.7052,stand_5,226.2691,0.0,0.06981,0.0,0.06981,Sidewalk
475.0,111.2699,4.9114,-0.59341,0.0,-0.0,186.7323,1.7052,stand_5,226.2607,0.0,-0.0,0.0,-0.0,Sidewalk
475.5,111.2699,4.9114,-0.55851,0.0,0.06981,186.7323,1.7052,stand_5,226.2691,0.0,0.06981,0.0,0.06981,Sidewalk
476.0,111.2699,4.9114,-0.55851,0.0,-0.0,186.7323,1.7052,stand_5,226.2607,0.0,-0.0,0.0,-0.0,Sidewalk
476.5,111.2699,4.9114,-0.5236,0.0,0.06981,186.7323,1.7052,stand_5,226.2691,0.0,0.06981,0.0,0.06981,Sidewalk
477.0,111.2699,4.9114,-0.5236,0.0,-0.0,186.7323,1.7052,stand_5,226.2607,0.0,-0.0,0.0,-0.0,Sidewalk
477.5,111.2699,4.9114,-0.48869,0.0,0.06981,186.7323,1.7052,stand_5,226.2691,0.0,0.06981,0.0,0.06981,Sidewalk
478.0,111.2699,4.9114,-0.48869,0.0,-0.0,186.7323,1.7052,stand_5,226.2607,0.0,-0.0,0.0,-0.0,Sidewalk
478.5,111.2699,4.9114,-0.45379,0.0,0.06981,186.7323,1.7052,stand_5,226.2691,0.0,0.06981,0.0,0.06981,Sidewalk
479.0,111.2699,4.9114,-0.45379,0.0,-0.0,186.7323,1.7052,stand_5,226.2607,0.0,-0.0,0.0,-0.0,Sidewalk
479.5,111.2699,4.9114,-0.41888,0.0,0.06981,186.7323,1.7052,stand_5,226.2691,0.0,0.06981,0.0,0.06981,Sidewalk
480.0,111.2699,4.9114,-0.41888,0.0,-0.0,186.7323,1.7052,stand_5,226.2607,0.0,-0.0,0.0,-0.0,Sidewalk
480.5,111.2699,4.9114,-0.38397,0.0,0.06981,186.7323,1.7052,stand_5,226.2691,0.0,0.06981,0.0,0.06981,Sidewalk
481.0,111.2699,4.9114,-0.38397,0.0,-0.0,186.7323,1.7052,stand_5,226.2607,0.0,-0.0,0.0,-0.0,Sidewalk
481.5,111.2699,4.9114,-0.34907,0.0,0.06981,186.7323,1.7052,stand_5,226.2691,0.0,0.06981,0.0,0.06981,Sidewalk
482.0,111.2699,4.9114,-0.34907,0.0,-0.0,186.7323,1.7052,stand_5,226.2607,0.0,-0.0,0.0,-0.0,Sidewalk
482.5,111.2699,4.9114,-0.31416,0.0,0.06981,186.7323,1.7052,stand_5,226.2691,0.0,0.06981,0.0,0.06981,Sidewalk
483.0,111.2699,4.9114,-0.31416,0.0,-0.0,186.7323,1.7053,stand_5,226.2607,0.0,-0.0,0.0,-0.0,Sidewalk
483.5,111.2699,4.9114,-0.27925,0.0,0.06981,186.7323,1.7053,stand_5,226.2691,0.0,0.06981,0.0,0.06981,Sidewalk
484.0,111.2699,4.9114,-0.27925,0.0,-0.0,186.7323,1.7053,stand_5,226.2607,0.0,-0.0,0.0,-0.0,Sidewalk
484.5,111.2699,4.9114,-0.24435,0.0,0.06981,186.7323,1.7053,stand_5,226.2691,0.0,0.06981,0.0,0.06981,Sidewalk
485.0,111.2699,4.9114,-0.24435,0.0,-0.0,186.7323,1.7053,stand_5,226.2607,0.0,-0.0,0.0,-0.0,Sidewalk
485.5,111.2699,4.9114,-0.20944,0.0,0.06981,186.7323,1.7053,stand_5,226.2691,0.0,0.06981,0.0,0.06981,Sidewalk
486.0,111.2699,4.9114,-0.20944,0.0,-0.0,186.7323,1.7053,stand_5,226.2607,0.0,-0.0,0.0,-0.0,Sidewalk
486.5,111.2699,4.9114,-0.17453,0.0,0.06981,186.7323,1.7053,stand_5,226.2691,0.0,0.06981,0.0,0.06981,Sidewalk
487.0,111.2699,4.9114,-0.17453,0.0,-0.0,186.7323,1.7053,stand_5,226.2607,0.0,-0.0,0.0,-0.0,Sidewalk
487.5,111.2699,4.9114,-0.13963,0.0,0.06981,186.7323,1.7053,stand_5,226.269,0.0,0.06981,0.0,0.06981,Sidewalk
488.0,111.2699,4.9114,-0.13963,0.0,-0.0,186.7323,1.7053,stand_5,226.2607,0.0,-0.0,0.0,-0.0,Sidewalk
488.5,111.2699,4.9114,-0.10472,0.0,0.06981,186.7323,1.7053,stand_5,226.269,0.0,0.06981,0.0,0.06981,Sidewalk
489.0,111.2699,4.9114,-0.10472,0.0,-0.0,186.7323,1.7053,stand_5,226.2607,0.0,-0.0,0.0,-0.0,Sidewalk
489.5,111.2699,4.9114,-0.06981,0.0,0.06981,186.7323,1.7053,stand_5,226.269,0.0,0.06981,0.0,0.06981,Sidewalk
490.0,111.2699,4.9114,-0.06981,0.0,-0.0,186.7323,1.7053,stand_5,226.2607,0.0,-0.0,0.0,-0.0,Sidewalk
490.5,111.2699,4.9114,-0.03491,0.0,0.06981,186.7323,1.7053,stand_5,226.269,0.0,0.06981,0.0,0.06981,Sidewalk
491.0,111.2699,4.9114,-0.03491,0.0,-0.0,186.7323,1.7053,stand_5,226.2607,0.0,-0.0,0.0,-0.0,Sidewalk
491.5,111.2699,4.9114,-0.0,0.0,0.06981,186.7323,1.7053,stand_5,226.269,0.0,0.06981,0.0,0.06981,Sidewalk
492.0,111.2699,4.9114,-0.0,0.0,-0.0,186.7323,1.7053,stand_5,226.2607,0.0,-0.0,0.0,-0.0,Sidewalk
492.5,111.2699,4.9114,0.03491,0.0,0.06981,186.7323,1.7053,stand_5,226.269,0.0,0.06981,0.0,0.06981,Sidewalk
493.0,111.2699,4.9114,0.03491,0.0,-0.0,186.7323,1.7053,stand_5,226.2606,0.0,-0.0,0.0,-0.0,Sidewalk
493.5,111.2699,4.9114,0.06981,0.0,0.06981,186.7323,1.7053,stand_5,226.269,0.0,0.06981,0.0,0.06981,Sidewalk
494.0,111.2699,4.9114,0.06981,0.0,-0.0,186.7323,1.7053,stand_5,226.2606,0.0,-0.0,0.0,-0.0,Sidewalk
494.5,111.2699,4.9114,0.10472,0.0,0.06981,186.7323,1.7053,stand_5,226.269,0.0,0.06981,0.0,0.06981,Sidewalk
495.0,111.2699,4.9114,0.10472,0.0,-0.0,186.7323,1.7053,stand_5,226.2606,0.0,-0.0,0.0,-0.0,Sidewalk
495.5,111.2699,4.9114,0.13963,0.0,0.06981,186.7323,1.7053,stand_5,226.269,0.0,0.06981,0.0,0.06981,Sidewalk
496.0,111.2699,4.9114,0.13963,0.0,-0.0,186.7323,1.7053,stand_5,226.2606,0.0,-0.0,0.0,-0.0,Sidewalk
496.5,111.2699,4.9114,0.17453,0.0,0.06981,186.7323,1.7053,stand_5,226.269,0.0,0.06981,0.0,0.06981,Sidewalk
497.0,111.2699,4.9114,0.17453,0.0,-0.0,186.7323,1.7053,stand_5,226.2606,0.0,-0.0,0.0,-0.0,Sidewalk
497.5,111.2699,4.9114,0.20944,0.0,0.06981,186.7323,1.7053,stand_5,226.269,0.0,0.06981,0.0,0.06981,Sidewalk
498.0,111.2699,4.9114,0.20944,0.0,-0.0,186.7323,1.7053,stand_5,226.2606,0.0,-0.0,0.0,-0.0,Sidewalk
498.5,111.2699,4.9114,0.24435,0.0,0.06981,186.7323,1.7053,stand_5,226.269,0.0,0.06981,0.0,0.06981,Sidewalk
499.0,111.2699,4.9114,0.24435,0.0,-0.0,186.7323,1.7053,stand_5,226.2606,0.0,-0.0,0.0,-0.0,Sidewalk
499.5,111.2699,4.9114,0.27925,0.0,0.06981,186.7323,1.7053,stand_5,226.269,0.0,0.06981,0.0,0.06981,Sidewalk
500.0,111.2699,4.9114,0.27925,0.0,-0.0,186.7323,1.7053,stand_5,226.2606,0.0,-0.0,0.0,-0.0,Sidewalk
500.5,111.2699,4.9114,0.31416,0.0,0.06981,186.7323,1.7053,stand_5,226.269,0.0,0.06981,0.0,0.06981,Sidewalk
501.0,111.2699,4.9114,0.31416,0.0,-0.0,186.7323,1.7053,stand_5,226.2606,0.0,-0.0,0.0,-0.0,Sidewalk
501.5,111.2699,4.9114,0.34907,0.0,0.06981,186.7323,1.7053,stand_5,226.269,0.0,0.06981,0.0,0.06981,Sidewalk
502.0,111.2699,4.9114,0.34907,0.0,-0.0,186.7323,1.7053,stand_5,226.2606,0.0,-0.0,0.0,-0.0,Sidewalk
502.5,111.2699,4.9114,0.38397,0.0,0.06981,186.7323,1.7053,stand_5,226.269,0.0,0.06981,0.0,0.06981,Sidewalk
503.0,111.2699,4.9114,0.38397,0.0,-0.0,186.7323,1.7053,stand_5,226.2606,0.0,-0.0,0.0,-0.0,Sidewalk
503.5,111.2699,4.9114,0.41888,0.0,0.06981,186.7323,1.7053,stand_5,226.269,0.0,0.06981,0.0,0.06981,Sidewalk
504.0,111.2699,4.9114,0.41888,0.0,-0.0,186.7323,1.7053,stand_5,226.2606,0.0,-0.0,0.0,-0.0,Sidewalk
504.5,111.2699,4.9114,0.45379,0.0,0.06981,186.7323,1.7053,stand_5,226.269,0.0,0.06981,0.0,0.06981,Sidewalk
505.0,111.2699,4.9114,0.45379,0.0,-0.0,186.7323,1.7053,stand_5,226.2606,0.0,-0.0,0.0,-0.0,Sidewalk
505.5,111.2699,4.9114,0.48869,0.0,0.06981,186.7323,1.7053,stand_5,226.269,0.0,0.06981,0.0,0.06981,Sidewalk
506.0,111.2699,4.9114,0.48869,0.0,-0.0,186.7323,1.7053,stand_5,226.2606,0.0,-0.0,0.0,-0.0,Sidewalk
506.5,111.2699,4.9114,0.5236,0.0,0.06981,186.7323,1.7053,stand_5,226.269,0.0,0.06981,0.0,0.06981,Sidewalk
507.0,111.2699,4.9114,0.5236,0.0,-0.0,186.7323,1.7053,stand_5,226.2606,0.0,-0.0,0.0,-0.0,Sidewalk
507.5,111.2699,4.9114,0.55851,0.0,0.06981,186.7323,1.7053,stand_5,226.269,0.0,0.06981,0.0,0.06981,Sidewalk
508.0,111.2699,4.9114,0.55851,0.0,-0.0,186.7323,1.7053,stand_5,226.2606,0.0,-0.0,0.0,-0.0,Sidewalk
508.5,111.2699,4.9114,0.59341,0.0,0.06981,186.7323,1.7053,stand_5,226.269,0.0,0.06981,0.0,0.06981,Sidewalk
509.0,111.2699,4.9114,0.59341,0.0,-0.0,186.7323,1.7053,stand_5,226.2606,0.0,-0.0,0.0,-0.0,Sidewalk
509.5,111.2699,4.9114,0.62832,0.0,0.06981,186.7323,1.7053,stand_5,226.269,0.0,0.06981,0.0,0.06981,Sidewalk
510.0,111.2699,4.9114,0.62832,0.0,-0.0,186.7323,1.7053,stand_5,226.2606,0.0,-0.0,0.0,-0.0,Sidewalk
510.5,111.2699,4.9114,0.66323,0.0,0.06981,186.7323,1.7053,stand_5,226.269,0.0,0.06981,0.0,0.06981,Sidewalk
511.0,111.2699,4.9114,0.66323,0.0,-0.0,186.7323,1.7053,stand_5,226.2606,0.0,-0.0,0.0,-0.0,Sidewalk
511.5,111.2699,4.9114,0.69813,0.0,0.06981,186.7323,1.7053,stand_5,226.2689,0.0,0.06981,0.0,0.06981,Sidewalk
512.0,111.2699,4.9114,0.69813,0.0,-0.0,186.7323,1.7053,stand_5,226.2606,0.0,-0.0,0.0,-0.0,Sidewalk
512.5,111.2699,4.9114,0.73304,0.0,0.06981,186.7323,1.7053,stand_5,226.2689,0.0,0.06981,0.0,0.06981,Sidewalk
513.0,111.2699,4.9114,0.73304,0.0,-0.0,186.7323,1.7053,stand_5,226.2606,0.0,-0.0,0.0,-0.0,Sidewalk
513.5,111.2699,4.9114,0.76794,0.0,0.06981,186.7323,1.7053,stand_5,226.2689,0.0,0.06981,0.0,0.06981,Sidewalk
514.0,111.2699,4.9114,0.76794,0.0,-0.0,186.7323,1.7053,stand_5,226.2606,0.0,-0.0,0.0,-0.0,Sidewalk
514.5,111.2699,4.9114,0.80285,0.0,0.06981,186.7323,1.7053,stand_5,226.2689,0.0,0.06981,0.0,0.06981,Sidewalk
515.0,111.2699,4.9114,0.80285,0.0,-0.0,186.7323,1.7053,stand_5,226.2606,0.0,-0.0,0.0,-0.0,Sidewalk
515.5,111.2699,4.9114,0.83776,0.0,0.06981,186.7323,1.7053,stand_5,226.2689,0.0,0.06981,0.0,0.06981,Sidewalk
516.0,111.2699,4.9114,0.83776,0.0,-0.0,186.7323,1.7053,stand_5,226.2606,0.0,-0.0,0.0,-0.0,Sidewalk
516.5,111.2699,4.9114,0.87266,0.0,0.06981,186.7323,1.7053,stand_5,226.2689,0.0,0.06981,0.0,0.06981,Sidewalk
517.0,111.2699,4.9114,0.87266,0.0,-0.0,186.7323,1.7053,stand_5,226.2605,0.0,-0.0,0.0,-0.0,Sidewalk
517.5,111.2699,4.9114,0.90757,0.0,0.06981,186.7323,1.7053,stand_5,226.2689,0.0,0.06981,0.0,0.06981,Sidewalk
518.0,111.2699,4.9114,0.90757,0.0,-0.0,186.7323,1.7053,stand_5,226.2605,0.0,-0.0,0.0,-0.0,Sidewalk
518.5,111.2699,4.9114,0.94248,0.0,0.06981,186.7323,1.7053,stand_5,226.2689,0.0,0.06981,0.0,0.06981,Sidewalk
519.0,111.2699,4.9114,0.94248,0.0,-0.0,186.7323,1.7054,stand_5,226.2605,0.0,-0.0,0.0,-0.0,Sidewalk
519.5,111.2699,4.9114,0.97738,0.0,0.06981,186.7323,1.7054,stand_5,226.2689,0.0,0.06981,0.0,0.06981,Sidewalk
520.0,111.2699,4.9114,0.97738,0.0,-0.0,186.7323,1.7054,stand_5,226.2605,0.0,-0.0,0.0,-0.0,Sidewalk
520.5,111.2699,4.9114,1.01229,0.0,0.06981,186.7323,1.7054,stand_5,226.2689,0.0,0.06981,0.0,0.06981,Sidewalk
521.0,111.2699,4.9114,1.01229,0.0,-0.0,186.7323,1.7054,stand_5,226.2605,0.0,-0.0,0.0,-0.0,Sidewalk
521.5,111.2699,4.9114,1.0472,0.0,0.06981,186.7323,1.7054,stand_5,226.2689,0.0,0.06981,0.0,0.06981,Sidewalk
522.0,111.2699,4.9114,1.0472,0.0,-0.0,186.7323,1.7054,stand_5,226.2605,0.0,-0.0,0.0,-0.0,Sidewalk
522.5,111.2699,4.9114,1.0821,0.0,0.06981,186.7323,1.7054,stand_5,226.2689,0.0,0.06981,0.0,0.06981,Sidewalk
523.0,111.2699,4.9114,1.0821,0.0,-0.0,186.7323,1.7054,stand_5,226.2605,0.0,-0.0,0.0,-0.0,Sidewalk
523.5,111.2699,4.9114,1.11701,0.0,0.06981,186.7323,1.7054,stand_5,226.2689,0.0,0.06981,0.0,0.06981,Sidewalk
524.0,111.2699,4.9114,1.11701,0.0,-0.0,186.7323,1.7054,stand_5,226.2605,0.0,-0.0,0.0,-0.0,Sidewalk
524.5,111.2699,4.9114,1.15192,0.0,0.06981,186.7323,1.7054,stand_5,226.2689,0.0,0.06981,0.0,0.06981,Sidewalk
525.0,111.2699,4.9114,1.15192,0.0,-0.0,186.7323,1.7054,stand_5,226.2605,0.0,-0.0,0.0,-0.0,Sidewalk
525.5,111.2699,4.9114,1.18682,0.0,0.06981,186.7323,1.7054,stand_5,226.2689,0.0,0.06981,0.0,0.06981,Sidewalk
526.0,111.2699,4.9114,1.18682,0.0,-0.0,186.7323,1.7054,stand_5,226.2605,0.0,-0.0,0.0,-0.0,Sidewalk
526.5,111.2699,4.9114,1.22173,0.0,0.06981,186.7323,1.7054,stand_5,226.2689,0.0,0.06981,0.0,0.06981,Sidewalk
527.0,111.2699,4.9114,1.22173,0.0,-0.0,186.7323,1.7054,stand_5,226.2605,0.0,-0.0,0.0,-0.0,Sidewalk
527.5,111.2699,4.9114,1.25664,0.0,0.06981,186.7323,1.7054,stand_5,226.2689,0.0,0.06981,0.0,0.06981,Sidewalk
528.0,111.2699,4.9114,1.25664,0.0,-0.0,186.7323,1.7054,stand_5,226.2605,0.0,-0.0,0.0,-0.0,Sidewalk
528.5,111.2699,4.9114,1.29154,0.0,0.06981,186.7323,1.7054,stand_5,226.2689,0.0,0.06981,0.0,0.06981,Sidewalk
529.0,111.2699,4.9114,1.29154,0.0,-0.0,186.7323,1.7054,stand_5,226.2605,0.0,-0.0,0.0,-0.0,Sidewalk
529.5,111.2699,4.9114,1.32645,0.0,0.06981,186.7323,1.7054,stand_5,226.2689,0.0,0.06981,0.0,0.06981,Sidewalk
530.0,111.2699,4.9114,1.32645,0.0,-0.0,186.7323,1.7054,stand_5,226.2605,0.0,-0.0,0.0,-0.0,Sidewalk
530.5,111.2699,4.9114,1.36136,0.0,0.06981,186.7323,1.7054,stand_5,226.2689,0.0,0.06981,0.0,0.06981,Sidewalk
531.0,111.2699,4.9114,1.36136,0.0,-0.0,186.7323,1.7054,stand_5,226.2605,0.0,-0.0,0.0,-0.0,Sidewalk
531.5,111.2699,4.9114,1.39626,0.0,0.06981,186.7323,1.7054,stand_5,226.2689,0.0,0.06981,0.0,0.06981,Sidewalk
532.0,111.2699,4.9114,1.39626,0.0,-0.0,186.7323,1.7054,stand_5,226.2605,0.0,-0.0,0.0,-0.0,Sidewalk
532.5,111.2699,4.9114,1.43117,0.0,0.06981,186.7323,1.7054,stand_5,226.2689,0.0,0.06981,0.0,0.06981,Sidewalk
533.0,111.2699,4.9114,1.43117,0.0,-0.0,186.7323,1.7054,stand_5,226.2605,0.0,-0.0,0.0,-0.0,Sidewalk
533.5,111.2699,4.9114,1.46608,0.0,0.06981,186.7323,1.7054,stand_5,226.2689,0.0,0.06981,0.0,0.06981,Sidewalk
534.0,111.2699,4.9114,1.46608,0.0,-0.0,186.7323,1.7054,stand_5,226.2605,0.0,-0.0,0.0,-0.0,Sidewalk
534.5,111.2699,4.9114,1.50098,0.0,0.06981,186.7323,1.7054,stand_5,226.2689,0.0,0.06981,0.0,0.06981,Sidewalk
535.0,111.2699,4.9114,1.50098,0.0,-0.0,186.7323,1.7054,stand_5,226.2605,0.0,-0.0,0.0,-0.0,Sidewalk
535.5,111.2699,4.9114,1.53589,0.0,0.06981,186.7323,1.7054,stand_5,226.2689,0.0,0.06981,0.0,0.06981,Sidewalk
536.0,111.2699,4.9114,1.53589,0.0,-0.0,186.7323,1.7054,stand_5,226.2605,0.0,-0.0,0.0,-0.0,Sidewalk
536.5,111.2699,4.9114,1.5708,0.0,0.06981,186.7323,1.7054,stand_5,226.2689,0.0,0.06981,0.0,0.06981,Sidewalk
537.0,111.2699,4.9114,1.5708,0.0,-0.0,186.7323,1.7054,stand_5,226.2605,0.0,-0.0,0.0,-0.0,Sidewalk
537.5,111.2699,4.9114,1.6057,0.0,0.06981,186.7323,1.7054,stand_5,226.2689,0.0,0.06981,0.0,0.06981,Sidewalk
538.0,111.2699,4.9114,1.6057,0.0,-0.0,186.7323,1.7054,stand_5,226.2605,0.0,-0.0,0.0,-0.0,Sidewalk
538.5,111.2699,4.9114,1.64061,0.0,0.06981,186.7323,1.7054,stand_5,226.2689,0.0,0.06981,0.0,0.06981,Sidewalk
539.0,111.2699,4.9114,1.64061,0.0,-0.0,186.7323,1.7054,stand_5,226.2605,0.0,-0.0,0.0,-0.0,Sidewalk
539.5,111.2699,4.9114,1.67552,0.0,0.06981,186.7323,1.7054,stand_5,226.2688,0.0,0.06981,0.0,0.06981,Sidewalk
540.0,111.2699,4.9114,1.67552,0.0,-0.0,186.7323,1.7054,stand_5,226.2605,0.0,-0.0,0.0,-0.0,Sidewalk
540.5,111.2699,4.9114,1.71042,0.0,0.06981,186.7323,1.7054,stand_5,226.2688,0.0,0.06981,0.0,0.06981,Sidewalk
541.0,111.2699,4.9114,1.71042,0.0,-0.0,186.7323,1.7054,stand_5,226.2605,0.0,-0.0,0.0,-0.0,Sidewalk
541.5,111.2699,4.9114,1.74533,0.0,0.06981,186.7323,1.7054,stand_5,226.2688,0.0,0.06981,0.0,0.06981,Sidewalk
542.0,111.2699,4.9114,1.74533,0.0,-0.0,186.7323,1.7054,stand_5,226.2605,0.0,-0.0,0.0,-0.0,Sidewalk
542.5,111.2699,4.9114,1.78024,0.0,0.06981,186.7323,1.7054,stand_5,226.2688,0.0,0.06981,0.0,0.06981,Sidewalk
543.0,111.2699,4.9114,1.78024,0.0,-0.0,186.7323,1.7054,stand_5,226.2605,0.0,-0.0,0.0,-0.0,Sidewalk
543.5,111.2699,4.9114,1.81514,0.0,0.06981,186.7323,1.7054,stand_5,226.2688,0.0,0.06981,0.0,0.06981,Sidewalk
544.0,111.2699,4.9114,1.81514,0.0,-0.0,186.7323,1.7054,stand_5,226.2605,0.0,-0.0,0.0,-0.0,Sidewalk
544.5,111.2699,4.9114,1.85005,0.0,0.06981,186.7323,1.7054,stand_5,226.2688,0.0,0.06981,0.0,0.06981,Sidewalk
545.0,111.2699,4.9114,1.85005,0.0,-0.0,186.7323,1.7054,stand_5,226.2604,0.0,-0.0,0.0,-0.0,Sidewalk
545.5,111.2699,4.9114,1.88496,0.0,0.06981,186.7323,1.7054,stand_5,226.2688,0.0,0.06981,0.0,0.06981,Sidewalk
546.0,111.2699,4.9114,1.88496,0.0,-0.0,186.7323,1.7054,stand_5,226.2604,0.0,-0.0,0.0,-0.0,Sidewalk
546.5,111.2699,4.9114,1.91986,0.0,0.06981,186.7323,1.7054,stand_5,226.2688,0.0,0.06981,0.0,0.06981,Sidewalk
547.0,111.2699,4.9114,1.91986,0.0,-0.0,186.7323,1.7054,stand_5,226.2604,0.0,-0.0,0.0,-0.0,Sidewalk
547.5,111.2699,4.9114,1.95477,0.0,0.06981,186.7323,1.7054,stand_5,226.2688,0.0,0.06981,0.0,0.06981,Sidewalk
548.0,111.2699,4.9114,1.95477,0.0,-0.0,186.7323,1.7054,stand_5,226.2604,0.0,-0.0,0.0,-0.0,Sidewalk
548.5,111.2699,4.9114,1.98968,0.0,0.06981,186.7323,1.7054,stand_5,226.2688,0.0,0.06981,0.0,0.06981,Sidewalk
549.0,111.2699,4.9114,1.98968,0.0,-0.0,186.7323,1.7054,stand_5,226.2604,0.0,-0.0,0.0,-0.0,Sidewalk
549.5,111.2699,4.9114,2.02458,0.0,0.06981,186.7323,1.7054,stand_5,226.2688,0.0,0.06981,0.0,0.06981,Sidewalk
550.0,111.2699,4.9114,2.02458,0.0,-0.0,186.7323,1.7054,stand_5,226.2604,0.0,-0.0,0.0,-0.0,Sidewalk
550.5,111.2699,4.9114,2.05949,0.0,0.06981,186.7323,1.7054,stand_5,226.2688,0.0,0.06981,0.0,0.06981,Sidewalk
551.0,111.2699,4.9114,2.05949,0.0,-0.0,186.7323,1.7054,stand_5,226.2604,0.0,-0.0,0.0,-0.0,Sidewalk
551.5,111.2699,4.9114,2.0944,0.0,0.06981,186.7323,1.7054,stand_5,226.2688,0.0,0.06981,0.0,0.06981,Sidewalk
552.0,111.2699,4.9114,2.0944,0.0,-0.0,186.7323,1.7054,stand_5,226.2604,0.0,-0.0,0.0,-0.0,Sidewalk
552.5,111.2699,4.9114,2.1293,0.0,0.06981,186.7323,1.7054,stand_5,226.2688,0.0,0.06981,0.0,0.06981,Sidewalk
553.0,111.2699,4.9114,2.1293,0.0,-0.0,186.7323,1.7054,stand_5,226.2604,0.0,-0.0,0.0,-0.0,Sidewalk
553.5,111.2699,4.9114,2.16421,0.0,0.06981,186.7323,1.7054,stand_5,226.2688,0.0,0.06981,0.0,0.06981,Sidewalk
554.0,111.2699,4.9114,2.16421,0.0,-0.0,186.7323,1.7054,stand_5,226.2604,0.0,-0.0,0.0,-0.0,Sidewalk
554.5,111.2699,4.9114,2.19911,0.0,0.06981,186.7323,1.7054,stand_5,226.2688,0.0,0.06981,0.0,0.06981,Sidewalk
555.0,111.2699,4.9114,2.19911,0.0,-0.0,186.7323,1.7054,stand_5,226.2604,0.0,-0.0,0.0,-0.0,Sidewalk
555.5,111.2699,4.9114,2.23402,0.0,0.06981,186.7323,1.7054,stand_5,226.2688,0.0,0.06981,0.0,0.06981,Sidewalk
556.0,111.2699,4.9114,2.23402,0.0,-0.0,186.7323,1.7054,stand_5,226.2604,0.0,-0.0,0.0,-0.0,Sidewalk
556.5,111.2699,4.9114,2.26893,0.0,0.06981,186.7323,1.7054,stand_5,226.2688,0.0,0.06981,0.0,0.06981,Sidewalk
557.0,111.2699,4.9114,2.26893,0.0,-0.0,186.7323,1.7054,stand_5,226.2604,0.0,-0.0,0.0,-0.0,Sidewalk
557.5,111.2699,4.9114,2.30383,0.0,0.06981,186.7323,1.7054,stand_5,226.2688,0.0,0.06981,0.0,0.06981,Sidewalk
558.0,111.2699,4.9114,2.30383,0.0,-0.0,186.7323,1.7054,stand_5,226.2604,0.0,-0.0,0.0,-0.0,Sidewalk
558.5,111.2699,4.9114,2.33874,0.0,0.06981,186.7323,1.7054,stand_5,226.2688,0.0,0.06981,0.0,0.06981,Sidewalk
559.0,111.2699,4.9114,2.33874,0.0,-0.0,186.7323,1.7054,stand_5,226.2604,0.0,-0.0,0.0,-0.0,Sidewalk
559.5,111.2699,4.9114,2.37365,0.0,0.06981,186.7323,1.7055,stand_5,226.2688,0.0,0.06981,0.0,0.06981,Sidewalk
560.0,111.2699,4.9114,2.37365,0.0,-0.0,186.7323,1.7055,stand_5,226.2604,0.0,-0.0,0.0,-0.0,Sidewalk
560.5,111.2699,4.9114,2.40855,0.0,0.06981,186.7323,1.7055,stand_5,226.2688,0.0,0.06981,0.0,0.06981,Sidewalk
561.0,111.2699,4.9114,2.40855,0.0,-0.0,186.7323,1.7055,stand_5,226.2604,0.0,-0.0,0.0,-0.0,Sidewalk
561.5,111.2699,4.9114,2.44346,0.0,0.06981,186.7323,1.7055,stand_5,226.2688,0.0,0.06981,0.0,0.06981,Sidewalk
562.0,111.2699,4.9114,2.44346,0.0,-0.0,186.7323,1.7055,stand_5,226.2604,0.0,-0.0,0.0,-0.0,Sidewalk
562.5,111.2699,4.9114,2.47837,0.0,0.06981,186.7323,1.7055,stand_5,226.2688,0.0,0.06981,0.0,0.06981,Sidewalk
563.0,111.2699,4.9114,2.47837,0.0,-0.0,186.7323,1.7055,stand_5,226.2604,0.0,-0.0,0.0,-0.0,Sidewalk
563.5,111.2699,4.9114,2.51327,0.0,0.06981,186.7323,1.7055,stand_5,226.2688,0.0,0.06981,0.0,0.06981,Sidewalk
564.0,111.2699,4.9114,2.51327,0.0,-0.0,186.7323,1.7055,stand_5,226.2604,0.0,-0.0,0.0,-0.0,Sidewalk
564.5,111.2699,4.9114,2.54818,0.0,0.06981,186.7323,1.7055,stand_5,226.2688,0.0,0.06981,0.0,0.06981,Sidewalk
565.0,111.2699,4.9114,2.54818,0.0,-0.0,186.7323,1.7055,stand_5,226.2604,0.0,-0.0,0.0,-0.0,Sidewalk
565.5,111.2699,4.9114,2.58309,0.0,0.06981,186.7323,1.7055,stand_5,226.2688,0.0,0.06981,0.0,0.06981,Sidewalk
566.0,111.2699,4.9114,2.58309,0.0,-0.0,186.7323,1.7055,stand_5,226.2604,0.0,-0.0,0.0,-0.0,Sidewalk
566.5,111.2699,4.9114,2.61799,0.0,0.06981,186.7323,1.7055,stand_5,226.2688,0.0,0.06981,0.0,0.06981,Sidewalk
567.0,111.2699,4.9114,2.61799,0.0,-0.0,186.7323,1.7055,stand_5,226.2604,0.0,-0.0,0.0,-0.0,Sidewalk
567.5,111.2699,4.9114,2.6529,0.0,0.06981,186.7323,1.7055,stand_5,226.2687,0.0,0.06981,0.0,0.06981,Sidewalk
568.0,111.2699,4.9114,2.6529,0.0,-0.0,186.7323,1.7055,stand_5,226.2604,0.0,-0.0,0.0,-0.0,Sidewalk
568.5,111.2699,4.9114,2.68781,0.0,0.06981,186.7323,1.7055,stand_5,226.2687,0.0,0.06981,0.0,0.06981,Sidewalk
569.0,111.2699,4.9114,2.68781,0.0,-0.0,186.7323,1.7055,stand_5,226.2604,0.0,-0.0,0.0,-0.0,Sidewalk
569.5,111.2699,4.9114,2.72271,0.0,0.06981,186.7323,1.7055,stand_5,226.2687,0.0,0.06981,0.0,0.06981,Sidewalk
570.0,111.2699,4.9114,2.72271,0.0,-0.0,186.7323,1.7055,stand_5,226.2604,0.0,-0.0,0.0,-0.0,Sidewalk
570.5,111.2699,4.9114,2.75762,0.0,0.06981,186.7323,1.7055,stand_5,226.2687,0.0,0.06981,0.0,0.06981,Sidewalk
571.0,111.2699,4.9114,2.75762,0.0,-0.0,186.7323,1.7055,stand_5,226.2604,0.0,-0.0,0.0,-0.0,Sidewalk
571.5,111.2699,4.9114,2.79253,0.0,0.06981,186.7323,1.7055,stand_5,226.2687,0.0,0.06981,0.0,0.06981,Sidewalk
572.0,111.2699,4.9114,2.79253,0.0,-0.0,186.7323,1.7055,stand_5,226.2604,0.0,-0.0,0.0,-0.0,Sidewalk
572.5,111.2699,4.9114,2.82743,0.0,0.06981,186.7323,1.7055,stand_5,226.2687,0.0,0.06981,0.0,0.06981,Sidewalk
573.0,111.2699,4.9114,2.82743,0.0,-0.0,186.7323,1.7055,stand_5,226.2603,0.0,-0.0,0.0,-0.0,Sidewalk
573.5,111.2699,4.9114,2.86234,0.0,0.06981,186.7323,1.7055,stand_5,226.2687,0.0,0.06981,0.0,0.06981,Sidewalk
574.0,111.2699,4.9114,2.86234,0.0,-0.0,186.7323,1.7055,stand_5,226.2603,0.0,-0.0,0.0,-0.0,Sidewalk
574.5,111.2699,4.9114,2.89725,0.0,0.06981,186.7323,1.7055,stand_5,226.2687,0.0,0.06981,0.0,0.06981,Sidewalk
575.0,111.2699,4.9114,2.89725,0.0,-0.0,186.7323,1.7055,stand_5,226.2603,0.0,-0.0,0.0,-0.0,Sidewalk
575.5,111.2699,4.9114,2.93215,0.0,0.06981,186.7323,1.7055,stand_5,226.2687,0.0,0.06981,0.0,0.06981,Sidewalk
576.0,111.2699,4.9114,2.93215,0.0,-0.0,186.7323,1.7055,stand_5,226.2603,0.0,-0.0,0.0,-0.0,Sidewalk
576.5,111.2699,4.9114,2.96706,0.0,0.06981,186.7323,1.7055,stand_5,226.2687,0.0,0.06981,0.0,0.06981,Sidewalk
577.0,111.2699,4.9114,2.96706,0.0,-0.0,186.7323,1.7055,stand_5,226.2603,0.0,-0.0,0.0,-0.0,Sidewalk
577.5,111.2699,4.9114,3.00197,0.0,0.06981,186.7323,1.7055,stand_5,226.2687,0.0,0.06981,0.0,0.06981,Sidewalk
578.0,111.2699,4.9114,3.00197,0.0,-0.0,186.7323,1.7055,stand_5,226.2603,0.0,-0.0,0.0,-0.0,Sidewalk
578.5,111.2699,4.9114,3.03687,0.0,0.06981,186.7323,1.7055,stand_5,226.2687,0.0,0.06981,0.0,0.06981,Sidewalk
579.0,111.2699,4.9114,3.03687,0.0,-0.0,186.7323,1.7055,stand_5,226.2603,0.0,-0.0,0.0,-0.0,Sidewalk
579.5,111.2699,4.9114,3.07178,0.0,0.06981,186.7323,1.7055,stand_5,226.2687,0.0,0.06981,0.0,0.06981,Sidewalk
580.0,111.2699,4.9114,3.07178,0.0,-0.0,186.7323,1.7055,stand_5,226.2603,0.0,-0.0,0.0,-0.0,Sidewalk
580.5,111.2699,4.9114,3.10669,0.0,0.06981,186.7323,1.7055,stand_5,226.2687,0.0,0.06981,0.0,0.06981,Sidewalk
581.0,111.2699,4.9114,3.10669,0.0,-0.0,186.7323,1.7055,stand_5,226.2603,0.0,-0.0,0.0,-0.0,Sidewalk
581.5,111.2699,4.9114,3.14159,0.0,0.06981,186.7323,1.7055,stand_5,226.2687,0.0,0.06981,0.0,0.06981,Sidewalk
582.0,111.2699,4.9114,3.14159,0.0,-0.0,186.7323,1.7055,stand_5,226.2603,0.0,-0.0,0.0,-0.0,Sidewalk
582.5,111.2699,4.9114,-3.10669,0.0,0.06981,186.7323,1.7055,stand_5,226.2687,0.0,0.06981,0.0,0.06981,Sidewalk
583.0,111.2699,4.9114,-3.10669,0.0,-0.0,186.7323,1.7055,stand_5,226.2603,0.0,-0.0,0.0,-0.0,Sidewalk
583.5,111.2699,4.9114,-3.07178,0.0,0.06981,186.7323,1.7055,stand_5,226.2687,0.0,0.06981,0.0,0.06981,Sidewalk
584.0,111.2699,4.9114,-3.07178,0.0,-0.0,186.7323,1.7055,stand_5,226.2603,0.0,-0.0,0.0,-0.0,Sidewalk
584.5,111.2699,4.9114,-3.03687,0.0,0.06981,186.7323,1.7055,stand_5,226.2687,0.0,0.06981,0.0,0.06981,Sidewalk
585.0,111.2699,4.9114,-3.03687,0.0,-0.0,186.7323,1.7055,stand_5,226.2603,0.0,-0.0,0.0,-0.0,Sidewalk
585.5,111.2699,4.9114,-3.00197,0.0,0.06981,186.7323,1.7055,stand_5,226.2687,0.0,0.06981,0.0,0.06981,Sidewalk
586.0,111.2699,4.9114,-3.00197,0.0,-0.0,186.7323,1.7055,stand_5,226.2603,0.0,-0.0,0.0,-0.0,Sidewalk
586.5,111.2699,4.9114,-2.96706,0.0,0.06981,186.7323,1.7055,stand_5,226.2687,0.0,0.06981,0.0,0.06981,Sidewalk
587.0,111.2699,4.9114,-2.96706,0.0,-0.0,186.7323,1.7055,stand_5,226.2603,0.0,-0.0,0.0,-0.0,Sidewalk
587.5,111.2699,4.9114,-2.93215,0.0,0.06981,186.7323,1.7055,stand_5,226.2687,0.0,0.06981,0.0,0.06981,Sidewalk
588.0,111.2699,4.9114,-2.93215,0.0,-0.0,186.7323,1.7055,stand_5,226.2603,0.0,-0.0,0.0,-0.0,Sidewalk
588.5,111.2699,4.9114,-2.89725,0.0,0.06981,186.7323,1.7055,stand_5,226.2687,0.0,0.06981,0.0,0.06981,Sidewalk
589.0,111.2699,4.9114,-2.89725,0.0,-0.0,186.7323,1.7055,stand_5,226.2603,0.0,-0.0,0.0,-0.0,Sidewalk
589.5,111.2699,4.9114,-2.86234,0.0,0.06981,186.7323,1.7055,stand_5,226.2687,0.0,0.06981,0.0,0.06981,Sidewalk
590.0,111.2699,4.9114,-2.86234,0.0,-0.0,186.7323,1.7055,stand_5,226.2603,0.0,-0.0,0.0,-0.0,Sidewalk
590.5,111.2699,4.9114,-2.82743,0.0,0.06981,186.7323,1.7055,stand_5,226.2687,0.0,0.06981,0.0,0.06981,Sidewalk
591.0,111.2699,4.9114,-2.82743,0.0,-0.0,186.7323,1.7055,stand_5,226.2603,0.0,-0.0,0.0,-0.0,Sidewalk
591.5,111.2699,4.9114,-2.79253,0.0,0.06981,186.7323,1.7055,stand_5,226.2687,0.0,0.06981,0.0,0.06981,Sidewalk
592.0,111.2699,4.9114,-2.79253,0.0,-0.0,186.7323,1.7055,stand_5,226.2603,0.0,-0.0,0.0,-0.0,Sidewalk
592.5,111.2699,4.9114,-2.75762,0.0,0.06981,186.7323,1.7055,stand_5,226.2687,0.0,0.06981,0.0,0.06981,Sidewalk
593.0,111.2699,4.9114,-2.75762,0.0,-0.0,186.7323,1.7055,stand_5,226.2603,0.0,-0.0,0.0,-0.0,Sidewalk
593.5,111.2699,4.9114,-2.72271,0.0,0.06981,186.7323,1.7055,stand_5,226.2686,0.0,0.06981,0.0,0.06981,Sidewalk
594.0,111.2699,4.9114,-2.72271,0.0,-0.0,186.7323,1.7055,stand_5,226.2603,0.0,-0.0,0.0,-0.0,Sidewalk
594.5,111.2699,4.9114,-2.68781,0.0,0.06981,186.7323,1.7055,stand_5,226.2686,0.0,0.06981,0.0,0.06981,Sidewalk
595.0,111.2699,4.9114,-2.68781,0.0,-0.0,186.7323,1.7055,stand_5,226.2603,0.0,-0.0,0.0,-0.0,Sidewalk
595.5,111.2699,4.9114,-2.6529,0.0,0.06981,186.7323,1.7055,stand_5,226.2686,0.0,0.06981,0.0,0.06981,Sidewalk
596.0,111.2699,4.9114,-2.6529,0.0,-0.0,186.7323,1.7055,stand_5,226.2603,0.0,-0.0,0.0,-0.0,Sidewalk
596.5,111.2699,4.9114,-2.61799,0.0,0.06981,186.7323,1.7055,stand_5,226.2686,0.0,0.06981,0.0,0.06981,Sidewalk
597.0,111.2699,4.9114,-2.61799,0.0,-0.0,186.7323,1.7055,stand_5,226.2603,0.0,-0.0,0.0,-0.0,Sidewalk
597.5,111.2699,4.9114,-2.58309,0.0,0.06981,186.7323,1.7055,stand_5,226.2686,0.0,0.06981,0.0,0.06981,Sidewalk
598.0,111.2699,4.9114,-2.58309,0.0,-0.0,186.7323,1.7055,stand_5,226.2603,0.0,-0.0,0.0,-0.0,Sidewalk
598.5,111.2699,4.9114,-2.54818,0.0,0.06981,186.7323,1.7055,stand_5,226.2686,0.0,0.06981,0.0,0.06981,Sidewalk
599.0,111.2699,4.9114,-2.54818,0.0,-0.0,186.7323,1.7055,stand_5,226.2602,0.0,-0.0,0.0,-0.0,Sidewalk
599.5,111.2699,4.9114,-2.51327,0.0,0.06981,186.7323,1.7055,stand_5,226.2686,0.0,0.06981,0.0,0.06981,Sidewalk
600.0,111.2699,4.9114,-2.51327,0.0,-0.0,186.7323,1.7056,stand_5,226.2602,0.0,-0.0,0.0,-0.0,Sidewalk
600.5,111.2699,4.9114,-2.47837,0.0,0.06981,186.7323,1.7056,stand_5,226.2686,0.0,0.06981,0.0,0.06981,Sidewalk
601.0,111.2699,4.9114,-2.47837,0.0,-0.0,186.7323,1.7056,stand_5,226.2602,0.0,-0.0,0.0,-0.0,Sidewalk
601.5,111.2699,4.9114,-2.44346,0.0,0.06981,186.7323,1.7056,stand_5,226.2686,0.0,0.06981,0.0,0.06981,Sidewalk
602.0,111.2699,4.9114,-2.44346,0.0,-0.0,186.7323,1.7056,stand_5,226.2602,0.0,-0.0,0.0,-0.0,Sidewalk
602.5,111.2699,4.9114,-2.40855,0.0,0.06981,186.7323,1.7056,stand_5,226.2686,0.0,0.06981,0.0,0.06981,Sidewalk
603.0,111.2699,4.9114,-2.40855,0.0,-0.0,186.7323,1.7056,stand_5,226.2602,0.0,-0.0,0.0,-0.0,Sidewalk
603.5,111.2699,4.9114,-2.37365,0.0,0.06981,186.7323,1.7056,stand_5,226.2686,0.0,0.06981,0.0,0.06981,Sidewalk
604.0,111.2699,4.9114,-2.37365,0.0,-0.0,186.7323,1.7056,stand_5,226.2602,0.0,-0.0,0.0,-0.0,Sidewalk
604.5,111.2699,4.9114,-2.33874,0.0,0.06981,186.7323,1.7056,stand_5,226.2686,0.0,0.06981,0.0,0.06981,Sidewalk
605.0,111.2699,4.9114,-2.33874,0.0,-0.0,186.7323,1.7056,stand_5,226.2602,0.0,-0.0,0.0,-0.0,Sidewalk
605.5,111.2699,4.9114,-2.30383,0.0,0.06981,186.7323,1.7056,stand_5,226.2686,0.0,0.06981,0.0,0.06981,Sidewalk
606.0,111.2699,4.9114,-2.30383,0.0,-0.0,186.7323,1.7056,stand_5,226.2602,0.0,-0.0,0.0,-0.0,Sidewalk
606.5,111.2699,4.9114,-2.26893,0.0,0.06981,186.7323,1.7056,stand_5,226.2686,0.0,0.06981,0.0,0.06981,Sidewalk
607.0,111.2699,4.9114,-2.26893,0.0,-0.0,186.7323,1.7056,stand_5,226.2602,0.0,-0.0,0.0,-0.0,Sidewalk
607.5,111.2699,4.9114,-2.23402,0.0,0.06981,186.7323,1.7056,stand_5,226.2686,0.0,0.06981,0.0,0.06981,Sidewalk
608.0,111.2699,4.9114,-2.23402,0.0,-0.0,186.7323,1.7056,stand_5,226.2602,0.0,-0.0,0.0,-0.0,Sidewalk
608.5,111.2699,4.9114,-2.19911,0.0,0.06981,186.7323,1.7056,stand_5,226.2686,0.0,0.06981,0.0,0.06981,Sidewalk
609.0,111.2699,4.9114,-2.19911,0.0,-0.0,186.7323,1.7056,stand_5,226.2602,0.0,-0.0,0.0,-0.0,Sidewalk
609.5,111.2699,4.9114,-2.16421,0.0,0.06981,186.7323,1.7056,stand_5,226.2686,0.0,0.06981,0.0,0.06981,Sidewalk
610.0,111.2699,4.9114,-2.16421,0.0,-0.0,186.7323,1.7056,stand_5,226.2602,0.0,-0.0,0.0,-0.0,Sidewalk
610.5,111.2699,4.9114,-2.1293,0.0,0.06981,186.7323,1.7056,stand_5,226.2686,0.0,0.06981,0.0,0.06981,Sidewalk
611.0,111.2699,4.9114,-2.1293,0.0,-0.0,186.7323,1.7056,stand_5,226.2602,0.0,-0.0,0.0,-0.0,Sidewalk
611.5,111.2699,4.9114,-2.0944,0.0,0.06981,186.7323,1.7056,stand_5,226.2686,0.0,0.06981,0.0,0.06981,Sidewalk
612.0,111.2699,4.9114,-2.0944,0.0,-0.0,186.7323,1.7056,stand_5,226.2602,0.0,-0.0,0.0,-0.0,Sidewalk
612.5,111.2699,4.9114,-2.05949,0.0,0.06981,186.7323,1.7056,stand_5,226.2686,0.0,0.06981,0.0,0.06981,Sidewalk
613.0,111.2699,4.9114,-2.05949,0.0,-0.0,186.7323,1.7056,stand_5,226.2602,0.0,-0.0,0.0,-0.0,Sidewalk
613.5,111.2699,4.9114,-2.02458,0.0,0.06981,186.7323,1.7056,stand_5,226.2686,0.0,0.06981,0.0,0.06981,Sidewalk
614.0,111.2699,4.9114,-2.02458,0.0,-0.0,186.7323,1.7056,stand_5,226.2602,0.0,-0.0,0.0,-0.0,Sidewalk
614.5,111.2699,4.9114,-1.98968,0.0,0.06981,186.7323,1.7056,stand_5,226.2686,0.0,0.06981,0.0,0.06981,Sidewalk
615.0,111.2699,4.9114,-1.98968,0.0,-0.0,186.7323,1.7056,stand_5,226.2602,0.0,-0.0,0.0,-0.0,Sidewalk
615.5,111.2699,4.9114,-1.95477,0.0,0.06981,186.7323,1.7056,stand_5,226.2686,0.0,0.06981,0.0,0.06981,Sidewalk
616.0,111.2699,4.9114,-1.95477,0.0,-0.0,186.7323,1.7056,stand_5,226.2602,0.0,-0.0,0.0,-0.0,Sidewalk
616.5,111.2699,4.9114,-1.91986,0.0,0.06981,186.7323,1.7056,stand_5,226.2686,0.0,0.06981,0.0,0.06981,Sidewalk
617.0,111.2699,4.9114,-1.91986,0.0,-0.0,186.7323,1.7056,stand_5,226.2602,0.0,-0.0,0.0,-0.0,Sidewalk
617.5,111.2699,4.9114,-1.88496,0.0,0.06981,186.7323,1.7056,stand_5,226.2686,0.0,0.06981,0.0,0.06981,Sidewalk
618.0,111.2699,4.9114,-1.88496,0.0,-0.0,186.7323,1.7056,stand_5,226.2602,0.0,-0.0,0.0,-0.0,Sidewalk
618.5,111.2699,4.9114,-1.85005,0.0,0.06981,186.7323,1.7056,stand_5,226.2686,0.0,0.06981,0.0,0.06981,Sidewalk
619.0,111.2699,4.9114,-1.85005,0.0,-0.0,186.7323,1.7056,stand_5,226.2602,0.0,-0.0,0.0,-0.0,Sidewalk
619.5,111.2699,4.9114,-1.81514,0.0,0.06981,186.7323,1.7056,stand_5,226.2686,0.0,0.06981,0.0,0.06981,Sidewalk
620.0,111.2699,4.9114,-1.81514,0.0,-0.0,186.7323,1.7056,stand_5,226.2602,0.0,-0.0,0.0,-0.0,Sidewalk
620.5,111.2699,4.9114,-1.78024,0.0,0.06981,186.7323,1.7056,stand_5,226.2686,0.0,0.06981,0.0,0.06981,Sidewalk
621.0,111.2699,4.9114,-1.78024,0.0,-0.0,186.7323,1.7056,stand_5,226.2602,0.0,-0.0,0.0,-0.0,Sidewalk
621.5,111.2699,4.9114,-1.74533,0.0,0.06981,186.7323,1.7056,stand_5,226.2685,0.0,0.06981,0.0,0.06981,Sidewalk
622.0,111.2699,4.9114,-1.74533,0.0,-0.0,186.7323,1.7056,stand_5,226.2602,0.0,-0.0,0.0,-0.0,Sidewalk
622.5,111.2699,4.9114,-1.71042,0.0,0.06981,186.7323,1.7056,stand_5,226.2685,0.0,0.06981,0.0,0.06981,Sidewalk
623.0,111.2699,4.9114,-1.71042,0.0,-0.0,186.7323,1.7056,stand_5,226.2602,0.0,-0.0,0.0,-0.0,Sidewalk
623.5,111.2699,4.9114,-1.67552,0.0,0.06981,186.7323,1.7056,stand_5,226.2685,0.0,0.06981,0.0,0.06981,Sidewalk
624.0,111.2699,4.9114,-1.67552,0.0,-0.0,186.7323,1.7056,stand_5,226.2602,0.0,-0.0,0.0,-0.0,Sidewalk
624.5,111.2699,4.9114,-1.64061,0.0,0.06981,186.7323,1.7056,stand_5,226.2685,0.0,0.06981,0.0,0.06981,Sidewalk
625.0,111.2699,4.9114,-1.64061,0.0,-0.0,186.7323,1.7056,stand_5,226.2602,0.0,-0.0,0.0,-0.0,Sidewalk
625.5,111.2699,4.9114,-1.6057,0.0,0.06981,186.7323,1.7056,stand_5,226.2685,0.0,0.06981,0.0,0.06981,Sidewalk
626.0,111.2699,4.9114,-1.6057,0.0,-0.0,186.7323,1.7056,stand_5,226.2602,0.0,-0.0,0.0,-0.0,Sidewalk
626.5,111.2699,4.9114,-1.5708,0.0,0.06981,186.7323,1.7056,stand_5,226.2685,0.0,0.06981,0.0,0.06981,Sidewalk
627.0,111.2699,4.9114,-1.5708,0.0,-0.0,186.7323,1.7056,stand_5,226.2602,0.0,-0.0,0.0,-0.0,Sidewalk
627.5,111.2699,4.9114,-1.53589,0.0,0.06981,186.7323,1.7056,stand_5,226.2685,0.0,0.06981,0.0,0.06981,Sidewalk
628.0,111.2699,4.9114,-1.53589,0.0,-0.0,186.7323,1.7056,stand_5,226.2601,0.0,-0.0,0.0,-0.0,Sidewalk
628.5,111.2699,4.9114,-1.50098,0.0,0.06981,186.7323,1.7056,stand_5,226.2685,0.0,0.06981,0.0,0.06981,Sidewalk
629.0,111.2699,4.9114,-1.50098,0.0,-0.0,186.7323,1.7056,stand_5,226.2601,0.0,-0.0,0.0,-0.0,Sidewalk
629.5,111.2699,4.9114,-1.46608,0.0,0.06981,186.7323,1.7056,stand_5,226.2685,0.0,0.06981,0.0,0.06981,Sidewalk
630.0,111.2699,4.9114,-1.46608,0.0,-0.0,186.7323,1.7056,stand_5,226.2601,0.0,-0.0,0.0,-0.0,Sidewalk
630.5,111.2699,4.9114,-1.43117,0.0,0.06981,186.7323,1.7056,stand_5,226.2685,0.0,0.06981,0.0,0.06981,Sidewalk
631.0,111.2699,4.9114,-1.43117,0.0,-0.0,186.7323,1.7056,stand_5,226.2601,0.0,-0.0,0.0,-0.0,Sidewalk
631.5,111.2699,4.9114,-1.39626,0.0,0.06981,186.7323,1.7056,stand_5,226.2685,0.0,0.06981,0.0,0.06981,Sidewalk
632.0,111.2699,4.9114,-1.39626,0.0,-0.0,186.7323,1.7056,stand_5,226.2601,0.0,-0.0,0.0,-0.0,Sidewalk
632.5,111.2699,4.9114,-1.36136,0.0,0.06981,186.7323,1.7056,stand_5,226.2685,0.0,0.06981,0.0,0.06981,Sidewalk
633.0,111.2699,4.9114,-1.36136,0.0,-0.0,186.7323,1.7056,stand_5,226.2601,0.0,-0.0,0.0,-0.0,Sidewalk
633.5,111.2699,4.9114,-1.32645,0.0,0.06981,186.7323,1.7056,stand_5,226.2685,0.0,0.06981,0.0,0.06981,Sidewalk
634.0,111.2699,4.9114,-1.32645,0.0,-0.0,186.7323,1.7056,stand_5,226.2601,0.0,-0.0,0.0,-0.0,Sidewalk
634.5,111.2699,4.9114,-1.29154,0.0,0.06981,186.7323,1.7056,stand_5,226.2685,0.0,0.06981,0.0,0.06981,Sidewalk
635.0,111.2699,4.9114,-1.29154,0.0,-0.0,186.7323,1.7056,stand_5,226.2601,0.0,-0.0,0.0,-0.0,Sidewalk
635.5,111.2699,4.9114,-1.25664,0.0,0.06981,186.7323,1.7056,stand_5,226.2685,0.0,0.06981,0.0,0.06981,Sidewalk
636.0,111.2699,4.9114,-1.25664,0.0,-0.0,186.7323,1.7056,stand_5,226.2601,0.0,-0.0,0.0,-0.0,Sidewalk
636.5,111.2699,4.9114,-1.22173,0.0,0.06981,186.7323,1.7056,stand_5,226.2685,0.0,0.06981,0.0,0.06981,Sidewalk
637.0,111.2699,4.9114,-1.22173,0.0,-0.0,186.7323,1.7056,stand_5,226.2601,0.0,-0.0,0.0,-0.0,Sidewalk
637.5,111.2699,4.9114,-1.18682,0.0,0.06981,186.7323,1.7056,stand_5,226.2685,0.0,0.06981,0.0,0.06981,Sidewalk
638.0,111.2699,4.9114,-1.18682,0.0,-0.0,186.7323,1.7056,stand_5,226.2601,0.0,-0.0,0.0,-0.0,Sidewalk
638.5,111.2699,4.9114,-1.15192,0.0,0.06981,186.7323,1.7056,stand_5,226.2685,0.0,0.06981,0.0,0.06981,Sidewalk
639.0,111.2699,4.9114,-1.15192,0.0,-0.0,186.7323,1.7056,stand_5,226.2601,0.0,-0.0,0.0,-0.0,Sidewalk
639.5,111.2699,4.9114,-1.11701,0.0,0.06981,186.7323,1.7056,stand_5,226.2685,0.0,0.06981,0.0,0.06981,Sidewalk
640.0,111.2699,4.9114,-1.11701,0.0,-0.0,186.7323,1.7057,stand_5,226.2601,0.0,-0.0,0.0,-0.0,Sidewalk
640.5,111.2699,4.9114,-1.0821,0.0,0.06981,186.7323,1.7057,stand_5,226.2685,0.0,0.06981,0.0,0.06981,Sidewalk
641.0,111.2699,4.9114,-1.0821,0.0,-0.0,186.7323,1.7057,stand_5,226.2601,0.0,-0.0,0.0,-0.0,Sidewalk
641.5,111.2699,4.9114,-1.0472,0.0,0.06981,186.7323,1.7057,stand_5,226.2685,0.0,0.06981,0.0,0.06981,Sidewalk
642.0,111.2699,4.9114,-1.0472,0.0,-0.0,186.7323,1.7057,stand_5,226.2601,0.0,-0.0,0.0,-0.0,Sidewalk
642.5,111.2699,4.9114,-1.01229,0.0,0.06981,186.7323,1.7057,stand_5,226.2685,0.0,0.06981,0.0,0.06981,Sidewalk
643.0,111.2699,4.9114,-1.01229,0.0,-0.0,186.7323,1.7057,stand_5,226.2601,0.0,-0.0,0.0,-0.0,Sidewalk
643.5,111.2699,4.9114,-0.97738,0.0,0.06981,186.7323,1.7057,stand_5,226.2685,0.0,0.06981,0.0,0.06981,Sidewalk
644.0,111.2699,4.9114,-0.97738,0.0,-0.0,186.7323,1.7057,stand_5,226.2601,0.0,-0.0,0.0,-0.0,Sidewalk
644.5,111.2699,4.9114,-0.94248,0.0,0.06981,186.7323,1.7057,stand_5,226.2685,0.0,0.06981,0.0,0.06981,Sidewalk
645.0,111.2699,4.9114,-0.94248,0.0,-0.0,186.7323,1.7057,stand_5,226.2601,0.0,-0.0,0.0,-0.0,Sidewalk
645.5,111.2699,4.9114,-0.90757,0.0,0.06981,186.7323,1.7057,stand_5,226.2685,0.0,0.06981,0.0,0.06981,Sidewalk
646.0,111.2699,4.9114,-0.90757,0.0,-0.0,186.7323,1.7057,stand_5,226.2601,0.0,-0.0,0.0,-0.0,Sidewalk
646.5,111.2699,4.9114,-0.87266,0.0,0.06981,186.7323,1.7057,stand_5,226.2685,0.0,0.06981,0.0,0.06981,Sidewalk
647.0,111.2699,4.9114,-0.87266,0.0,-0.0,186.7323,1.7057,stand_5,226.2601,0.0,-0.0,0.0,-0.0,Sidewalk
647.5,111.2699,4.9114,-0.83776,0.0,0.06981,186.7323,1.7057,stand_5,226.2685,0.0,0.06981,0.0,0.06981,Sidewalk
648.0,111.2699,4.9114,-0.83776,0.0,-0.0,186.7323,1.7057,stand_5,226.2601,0.0,-0.0,0.0,-0.0,Sidewalk
648.5,111.2699,4.9114,-0.80285,0.0,0.06981,186.7323,1.7057,stand_5,226.2684,0.0,0.06981,0.0,0.06981,Sidewalk
649.0,111.2699,4.9114,-0.80285,0.0,-0.0,186.7323,1.7057,stand_5,226.2601,0.0,-0.0,0.0,-0.0,Sidewalk
649.5,111.2699,4.9114,-0.76794,0.0,0.06981,186.7323,1.7057,stand_5,226.2684,0.0,0.06981,0.0,0.06981,Sidewalk
650.0,111.2699,4.9114,-0.76794,0.0,-0.0,186.7323,1.7057,stand_5,226.2601,0.0,-0.0,0.0,-0.0,Sidewalk
650.5,111.2699,4.9114,-0.73304,0.0,0.06981,186.7323,1.7057,stand_5,226.2684,0.0,0.06981,0.0,0.06981,Sidewalk
651.0,111.2699,4.9114,-0.73304,0.0,-0.0,186.7323,1.7057,stand_5,226.2601,0.0,-0.0,0.0,-0.0,Sidewalk
651.5,111.2699,4.9114,-0.69813,0.0,0.06981,186.7323,1.7057,stand_5,226.2684,0.0,0.06981,0.0,0.06981,Sidewalk
652.0,111.2699,4.9114,-0.69813,0.0,-0.0,186.7323,1.7057,stand_5,226.2601,0.0,-0.0,0.0,-0.0,Sidewalk
652.5,111.2699,4.9114,-0.66323,0.0,0.06981,186.7323,1.7057,stand_5,226.2684,0.0,0.06981,0.0,0.06981,Sidewalk
653.0,111.2699,4.9114,-0.66323,0.0,-0.0,186.7323,1.7057,stand_5,226.2601,0.0,-0.0,0.0,-0.0,Sidewalk
653.5,111.2699,4.9114,-0.62832,0.0,0.06981,186.7323,1.7057,stand_5,226.2684,0.0,0.06981,0.0,0.06981,Sidewalk
654.0,111.2699,4.9114,-0.62832,0.0,-0.0,186.7323,1.7057,stand_5,226.26,0.0,-0.0,0.0,-0.0,Sidewalk
654.5,111.2699,4.9114,-0.59341,0.0,0.06981,186.7323,1.7057,stand_5,226.2684,0.0,0.06981,0.0,0.06981,Sidewalk
655.0,111.2699,4.9114,-0.59341,0.0,-0.0,186.7323,1.7057,stand_5,226.26,0.0,-0.0,0.0,-0.0,Sidewalk
655.5,111.2699,4.9114,-0.55851,0.0,0.06981,186.7323,1.7057,stand_5,226.2684,0.0,0.06981,0.0,0.06981,Sidewalk
656.0,111.2699,4.9114,-0.55851,0.0,-0.0,186.7323,1.7057,stand_5,226.26,0.0,-0.0,0.0,-0.0,Sidewalk
656.5,111.2699,4.9114,-0.5236,0.0,0.06981,186.7323,1.7057,stand_5,226.2684,0.0,0.06981,0.0,0.06981,Sidewalk
657.0,111.2699,4.9114,-0.5236,0.0,-0.0,186.7323,1.7057,stand_5,226.26,0.0,-0.0,0.0,-0.0,Sidewalk
657.5,111.2699,4.9114,-0.48869,0.0,0.06981,186.7323,1.7057,stand_5,226.2684,0.0,0.06981,0.0,0.06981,Sidewalk
658.0,111.2699,4.9114,-0.48869,0.0,-0.0,186.7323,1.7057,stand_5,226.26,0.0,-0.0,0.0,-0.0,Sidewalk
658.5,111.2699,4.9114,-0.45379,0.0,0.06981,186.7323,1.7057,stand_5,226.2684,0.0,0.06981,0.0,0.06981,Sidewalk
659.0,111.2699,4.9114,-0.45379,0.0,-0.0,186.7323,1.7057,stand_5,226.26,0.0,-0.0,0.0,-0.0,Sidewalk
659.5,111.2699,4.9114,-0.41888,0.0,0.06981,186.7323,1.7057,stand_5,226.2684,0.0,0.06981,0.0,0.06981,Sidewalk
660.0,111.2699,4.9114,-0.41888,0.0,-0.0,186.7323,1.7057,stand_5,226.26,0.0,-0.0,0.0,-0.0,Sidewalk
660.5,111.2699,4.9114,-0.38397,0.0,0.06981,186.7323,1.7057,stand_5,226.2684,0.0,0.06981,0.0,0.06981,Sidewalk
661.0,111.2699,4.9114,-0.38397,0.0,-0.0,186.7323,1.7057,stand_5,226.26,0.0,-0.0,0.0,-0.0,Sidewalk
661.5,111.2699,4.9114,-0.34907,0.0,0.06981,186.7323,1.7057,stand_5,226.2684,0.0,0.06981,0.0,0.06981,Sidewalk
662.0,111.2699,4.9114,-0.34907,0.0,-0.0,186.7323,1.7057,stand_5,226.26,0.0,-0.0,0.0,-0.0,Sidewalk
662.5,111.2699,4.9114,-0.31416,0.0,0.06981,186.7323,1.7057,stand_5,226.2684,0.0,0.06981,0.0,0.06981,Sidewalk
663.0,111.2699,4.9114,-0.31416,0.0,-0.0,186.7323,1.7057,stand_5,226.26,0.0,-0.0,0.0,-0.0,Sidewalk
663.5,111.2699,4.9114,-0.27925,0.0,0.06981,186.7323,1.7057,stand_5,226.2684,0.0,0.06981,0.0,0.06981,Sidewalk
664.0,111.2699,4.9114,-0.27925,0.0,-0.0,186.7323,1.7057,stand_5,226.26,0.0,-0.0,0.0,-0.0,Sidewalk
664.5,111.2699,4.9114,-0.24435,0.0,0.06981,186.7323,1.7057,stand_5,226.2684,0.0,0.06981,0.0,0.06981,Sidewalk
665.0,111.2699,4.9114,-0.24435,0.0,-0.0,186.7323,1.7057,stand_5,226.26,0.0,-0.0,0.0,-0.0,Sidewalk
665.5,111.2699,4.9114,-0.20944,0.0,0.06981,186.7323,1.7057,stand_5,226.2684,0.0,0.06981,0.0,0.06981,Sidewalk
666.0,111.2699,4.9114,-0.20944,0.0,-0.0,186.7323,1.7057,stand_5,226.26,0.0,-0.0,0.0,-0.0,Sidewalk
666.5,111.2699,4.9114,-0.17453,0.0,0.06981,186.7323,1.7057,stand_5,226.2684,0.0,0.06981,0.0,0.06981,Sidewalk
667.0,111.2699,4.9114,-0.17453,0.0,-0.0,186.7323,1.7057,stand_5,226.26,0.0,-0.0,0.0,-0.0,Sidewalk
667.5,111.2699,4.9114,-0.13963,0.0,0.06981,186.7323,1.7057,stand_5,226.2684,0.0,0.06981,0.0,0.06981,Sidewalk
668.0,111.2699,4.9114,-0.13963,0.0,-0.0,186.7323,1.7057,stand_5,226.26,0.0,-0.0,0.0,-0.0,Sidewalk
668.5,111.2699,4.9114,-0.10472,0.0,0.06981,186.7323,1.7057,stand_5,226.2684,0.0,0.06981,0.0,0.06981,Sidewalk
669.0,111.2699,4.9114,-0.10472,0.0,-0.0,186.7323,1.7057,stand_5,226.26,0.0,-0.0,0.0,-0.0,Sidewalk
669.5,111.2699,4.9114,-0.06981,0.0,0.06981,186.7323,1.7057,stand_5,226.2684,0.0,0.06981,0.0,0.06981,Sidewalk
670.0,111.2699,4.9114,-0.06981,0.0,-0.0,186.7323,1.7057,stand_5,226.26,0.0,-0.0,0.0,-0.0,Sidewalk
670.5,111.2699,4.9114,-0.03491,0.0,0.06981,186.7323,1.7057,stand_5,226.2684,0.0,0.06981,0.0,0.06981,Sidewalk
671.0,111.2699,4.9114,-0.03491,0.0,-0.0,186.7323,1.7057,stand_5,226.26,0.0,-0.0,0.0,-0.0,Sidewalk
671.5,111.2699,4.9114,-0.0,0.0,0.06981,186.7323,1.7057,stand_5,226.2684,0.0,0.06981,0.0,0.06981,Sidewalk
672.0,111.2699,4.9114,-0.0,0.0,-0.0,186.7323,1.7057,stand_5,226.26,0.0,-0.0,0.0,-0.0,Sidewalk
672.5,111.2699,4.9114,0.03491,0.0,0.06981,186.7323,1.7057,stand_5,226.2684,0.0,0.06981,0.0,0.06981,Sidewalk
673.0,111.2699,4.9114,0.03491,0.0,-0.0,186.7323,1.7057,stand_5,226.26,0.0,-0.0,0.0,-0.0,Sidewalk
673.5,111.2699,4.9114,0.06981,0.0,0.06981,186.7323,1.7057,stand_5,226.2684,0.0,0.06981,0.0,0.06981,Sidewalk
674.0,111.2699,4.9114,0.06981,0.0,-0.0,186.7323,1.7057,stand_5,226.26,0.0,-0.0,0.0,-0.0,Sidewalk
674.5,111.2699,4.9114,0.10472,0.0,0.06981,186.7323,1.7057,stand_5,226.2684,0.0,0.06981,0.0,0.06981,Sidewalk
675.0,111.2699,4.9114,0.10472,0.0,-0.0,186.7323,1.7057,stand_5,226.26,0.0,-0.0,0.0,-0.0,Sidewalk
675.5,111.2699,4.9114,0.13963,0.0,0.06981,186.7323,1.7057,stand_5,226.2684,0.0,0.06981,0.0,0.06981,Sidewalk
676.0,111.2699,4.9114,0.13963,0.0,-0.0,186.7323,1.7057,stand_5,226.26,0.0,-0.0,0.0,-0.0,Sidewalk
676.5,111.2699,4.9114,0.17453,0.0,0.06981,186.7323,1.7057,stand_5,226.2683,0.0,0.06981,0.0,0.06981,Sidewalk
677.0,111.2699,4.9114,0.17453,0.0,-0.0,186.7323,1.7057,stand_5,226.26,0.0,-0.0,0.0,-0.0,Sidewalk
677.5,111.2699,4.9114,0.20944,0.0,0.06981,186.7323,1.7057,stand_5,226.2683,0.0,0.06981,0.0,0.06981,Sidewalk
678.0,111.2699,4.9114,0.20944,0.0,-0.0,186.7323,1.7057,stand_5,226.26,0.0,-0.0,0.0,-0.0,Sidewalk
678.5,111.2699,4.9114,0.24435,0.0,0.06981,186.7323,1.7057,stand_5,226.2683,0.0,0.06981,0.0,0.06981,Sidewalk
679.0,111.2699,4.9114,0.24435,0.0,-0.0,186.7323,1.7057,stand_5,226.26,0.0,-0.0,0.0,-0.0,Sidewalk
679.5,111.2699,4.9114,0.27925,0.0,0.06981,186.7323,1.7057,stand_5,226.2683,0.0,0.06981,0.0,0.06981,Sidewalk
680.0,111.2699,4.9114,0.27925,0.0,-0.0,186.7323,1.7057,stand_5,226.26,0.0,-0.0,0.0,-0.0,Sidewalk
680.5,111.2699,4.9114,0.31416,0.0,0.06981,186.7323,1.7057,stand_5,226.2683,0.0,0.06981,0.0,0.06981,Sidewalk
681.0,111.2699,4.9114,0.31416,0.0,-0.0,186.7323,1.7057,stand_5,226.26,0.0,-0.0,0.0,-0.0,Sidewalk
681.5,111.2699,4.9114,0.34907,0.0,0.06981,186.7323,1.7057,stand_5,226.2683,0.0,0.06981,0.0,0.06981,Sidewalk
682.0,111.2699,4.9114,0.34907,0.0,-0.0,186.7323,1.7058,stand_5,226.26,0.0,-0.0,0.0,-0.0,Sidewalk
682.5,111.2699,4.9114,0.38397,0.0,0.06981,186.7323,1.7058,stand_5,226.2683,0.0,0.06981,0.0,0.06981,Sidewalk
683.0,111.2699,4.9114,0.38397,0.0,-0.0,186.7323,1.7058,stand_5,226.2599,0.0,-0.0,0.0,-0.0,Sidewalk
683.5,111.2699,4.9114,0.41888,0.0,0.06981,186.7323,1.7058,stand_5,226.2683,0.0,0.06981,0.0,0.06981,Sidewalk
684.0,111.2699,4.9114,0.41888,0.0,-0.0,186.7323,1.7058,stand_5,226.2599,0.0,-0.0,0.0,-0.0,Sidewalk
684.5,111.2699,4.9114,0.45379,0.0,0.06981,186.7323,1.7058,stand_5,226.2683,0.0,0.06981,0.0,0.06981,Sidewalk
685.0,111.2699,4.9114,0.45379,0.0,-0.0,186.7323,1.7058,stand_5,226.2599,0.0,-0.0,0.0,-0.0,Sidewalk
685.5,111.2699,4.9114,0.48869,0.0,0.06981,186.7323,1.7058,stand_5,226.2683,0.0,0.06981,0.0,0.06981,Sidewalk
686.0,111.2699,4.9114,0.48869,0.0,-0.0,186.7323,1.7058,stand_5,226.2599,0.0,-0.0,0.0,-0.0,Sidewalk
686.5,111.2699,4.9114,0.5236,0.0,0.06981,186.7323,1.7058,stand_5,226.2683,0.0,0.06981,0.0,0.06981,Sidewalk
687.0,111.2699,4.9114,0.5236,0.0,-0.0,186.7323,1.7058,stand_5,226.2599,0.0,-0.0,0.0,-0.0,Sidewalk
687.5,111.2699,4.9114,0.55851,0.0,0.06981,186.7323,1.7058,stand_5,226.2683,0.0,0.06981,0.0,0.06981,Sidewalk
688.0,111.2699,4.9114,0.55851,0.0,-0.0,186.7323,1.7058,stand_5,226.2599,0.0,-0.0,0.0,-0.0,Sidewalk
688.5,111.2699,4.9114,0.59341,0.0,0.06981,186.7323,1.7058,stand_5,226.2683,0.0,0.06981,0.0,0.06981,Sidewalk
689.0,111.2699,4.9114,0.59341,0.0,-0.0,186.7323,1.7058,stand_5,226.2599,0.0,-0.0,0.0,-0.0,Sidewalk
689.5,111.2699,4.9114,0.62832,0.0,0.06981,186.7323,1.7058,stand_5,226.2683,0.0,0.06981,0.0,0.06981,Sidewalk
690.0,111.2699,4.9114,0.62832,0.0,-0.0,186.7323,1.7058,stand_5,226.2599,0.0,-0.0,0.0,-0.0,Sidewalk
690.5,111.2699,4.9114,0.66323,0.0,0.06981,186.7323,1.7058,stand_5,226.2683,0.0,0.06981,0.0,0.06981,Sidewalk
691.0,111.2699,4.9114,0.66323,0.0,-0.0,186.7323,1.7058,stand_5,226.2599,0.0,-0.0,0.0,-0.0,Sidewalk
691.5,111.2699,4.9114,0.69813,0.0,0.06981,186.7323,1.7058,stand_5,226.2683,0.0,0.06981,0.0,0.06981,Sidewalk
692.0,111.2699,4.9114,0.69813,0.0,-0.0,186.7323,1.7058,stand_5,226.2599,0.0,-0.0,0.0,-0.0,Sidewalk
692.5,111.2699,4.9114,0.73304,0.0,0.06981,186.7323,1.7058,stand_5,226.2683,0.0,0.06981,0.0,0.06981,Sidewalk
693.0,111.2699,4.9114,0.73304,0.0,-0.0,186.7323,1.7058,stand_5,226.2599,0.0,-0.0,0.0,-0.0,Sidewalk
693.5,111.2699,4.9114,0.76794,0.0,0.06981,186.7323,1.7058,stand_5,226.2683,0.0,0.06981,0.0,0.06981,Sidewalk
694.0,111.2699,4.9114,0.76794,0.0,-0.0,186.7323,1.7058,stand_5,226.2599,0.0,-0.0,0.0,-0.0,Sidewalk
694.5,111.2699,4.9114,0.80285,0.0,0.06981,186.7323,1.7058,stand_5,226.2683,0.0,0.06981,0.0,0.06981,Sidewalk
695.0,111.2699,4.9114,0.80285,0.0,-0.0,186.7323,1.7058,stand_5,226.2599,0.0,-0.0,0.0,-0.0,Sidewalk
695.5,111.2699,4.9114,0.83776,0.0,0.06981,186.7323,1.7058,stand_5,226.2683,0.0,0.06981,0.0,0.06981,Sidewalk
696.0,111.2699,4.9114,0.83776,0.0,-0.0,186.7323,1.7058,stand_5,226.2599,0.0,-0.0,0.0,-0.0,Sidewalk
696.5,111.2699,4.9114,0.87266,0.0,0.06981,186.7323,1.7058,stand_5,226.2683,0.0,0.06981,0.0,0.06981,Sidewalk
697.0,111.2699,4.9114,0.87266,0.0,-0.0,186.7323,1.7058,stand_5,226.2599,0.0,-0.0,0.0,-0.0,Sidewalk
697.5,111.2699,4.9114,0.90757,0.0,0.06981,186.7323,1.7058,stand_5,226.2683,0.0,0.06981,0.0,0.06981,Sidewalk
698.0,111.2699,4.9114,0.90757,0.0,-0.0,186.7323,1.7058,stand_5,226.2599,0.0,-0.0,0.0,-0.0,Sidewalk
698.5,111.2699,4.9114,0.94248,0.0,0.06981,186.7323,1.7058,stand_5,226.2683,0.0,0.06981,0.0,0.06981,Sidewalk
699.0,111.2699,4.9114,0.94248,0.0,-0.0,186.7323,1.7058,stand_5,226.2599,0.0,-0.0,0.0,-0.0,Sidewalk
699.5,111.2699,4.9114,0.97738,0.0,0.06981,186.7323,1.7058,stand_5,226.2683,0.0,0.06981,0.0,0.06981,Sidewalk
700.0,111.2699,4.9114,0.97738,0.0,-0.0,186.7323,1.7058,stand_5,226.2599,0.0,-0.0,0.0,-0.0,Sidewalk
700.5,111.2699,4.9114,1.01229,0.0,0.06981,186.7323,1.7058,stand_5,226.2683,0.0,0.06981,0.0,0.06981,Sidewalk
701.0,111.2699,4.9114,1.01229,0.0,-0.0,186.7323,1.7058,stand_5,226.2599,0.0,-0.0,0.0,-0.0,Sidewalk
701.5,111.2699,4.9114,1.0472,0.0,0.06981,186.7323,1.7058,stand_5,226.2683,0.0,0.06981,0.0,0.06981,Sidewalk
702.0,111.2699,4.9114,1.0472,0.0,-0.0,186.7323,1.7058,stand_5,226.2599,0.0,-0.0,0.0,-0.0,Sidewalk
702.5,111.2699,4.9114,1.0821,0.0,0.06981,186.7323,1.7058,stand_5,226.2683,0.0,0.06981,0.0,0.06981,Sidewalk
703.0,111.2699,4.9114,1.0821,0.0,-0.0,186.7323,1.7058,stand_5,226.2599,0.0,-0.0,0.0,-0.0,Sidewalk
703.5,111.2699,4.9114,1.11701,0.0,0.06981,186.7323,1.7058,stand_5,226.2683,0.0,0.06981,0.0,0.06981,Sidewalk
704.0,111.2699,4.9114,1.11701,0.0,-0.0,186.7323,1.7058,stand_5,226.2599,0.0,-0.0,0.0,-0.0,Sidewalk
704.5,111.2699,4.9114,1.15192,0.0,0.06981,186.7323,1.7058,stand_5,226.2683,0.0,0.06981,0.0,0.06981,Sidewalk
705.0,111.2699,4.9114,1.15192,0.0,-0.0,186.7323,1.7058,stand_5,226.2599,0.0,-0.0,0.0,-0.0,Sidewalk
705.5,111.2699,4.9114,1.18682,0.0,0.06981,186.7323,1.7058,stand_5,226.2683,0.0,0.06981,0.0,0.06981,Sidewalk
706.0,111.2699,4.9114,1.18682,0.0,-0.0,186.7323,1.7058,stand_5,226.2599,0.0,-0.0,0.0,-0.0,Sidewalk
706.5,111.2699,4.9114,1.22173,0.0,0.06981,186.7323,1.7058,stand_5,226.2682,0.0,0.06981,0.0,0.06981,Sidewalk
707.0,111.2699,4.9114,1.22173,0.0,-0.0,186.7323,1.7058,stand_5,226.2599,0.0,-0.0,0.0,-0.0,Sidewalk
707.5,111.2699,4.9114,1.25664,0.0,0.06981,186.7323,1.7058,stand_5,226.2682,0.0,0.06981,0.0,0.06981,Sidewalk
708.0,111.2699,4.9114,1.25664,0.0,-0.0,186.7323,1.7058,stand_5,226.2599,0.0,-0.0,0.0,-0.0,Sidewalk
708.5,111.2699,4.9114,1.29154,0.0,0.06981,186.7323,1.7058,stand_5,226.2682,0.0,0.06981,0.0,0.06981,Sidewalk
709.0,111.2699,4.9114,1.29154,0.0,-0.0,186.7323,1.7058,stand_5,226.2599,0.0,-0.0,0.0,-0.0,Sidewalk
709.5,111.2699,4.9114,1.32645,0.0,0.06981,186.7323,1.7058,stand_5,226.2682,0.0,0.06981,0.0,0.06981,Sidewalk
710.0,111.2699,4.9114,1.32645,0.0,-0.0,186.7323,1.7058,stand_5,226.2599,0.0,-0.0,0.0,-0.0,Sidewalk
710.5,111.2699,4.9114,1.36136,0.0,0.06981,186.7323,1.7058,stand_5,226.2682,0.0,0.06981,0.0,0.06981,Sidewalk
711.0,111.2699,4.9114,1.36136,0.0,-0.0,186.7323,1.7058,stand_5,226.2598,0.0,-0.0,0.0,-0.0,Sidewalk
711.5,111.2699,4.9114,1.39626,0.0,0.06981,186.7323,1.7058,stand_5,226.2682,0.0,0.06981,0.0,0.06981,Sidewalk
712.0,111.2699,4.9114,1.39626,0.0,-0.0,186.7323,1.7058,stand_5,226.2598,0.0,-0.0,0.0,-0.0,Sidewalk
712.5,111.2699,4.9114,1.43117,0.0,0.06981,186.7323,1.7058,stand_5,226.2682,0.0,0.06981,0.0,0.06981,Sidewalk
713.0,111.2699,4.9114,1.43117,0.0,-0.0,186.7323,1.7058,stand_5,226.2598,0.0,-0.0,0.0,-0.0,Sidewalk
713.5,111.2699,4.9114,1.46608,0.0,0.06981,186.7323,1.7058,stand_5,226.2682,0.0,0.06981,0.0,0.06981,Sidewalk
714.0,111.2699,4.9114,1.46608,0.0,-0.0,186.7323,1.7058,stand_5,226.2598,0.0,-0.0,0.0,-0.0,Sidewalk
714.5,111.2699,4.9114,1.50098,0.0,0.06981,186.7323,1.7058,stand_5,226.2682,0.0,0.06981,0.0,0.06981,Sidewalk
715.0,111.2699,4.9114,1.50098,0.0,-0.0,186.7323,1.7058,stand_5,226.2598,0.0,-0.0,0.0,-0.0,Sidewalk
715.5,111.2699,4.9114,1.53589,0.0,0.06981,186.7323,1.7058,stand_5,226.2682,0.0,0.06981,0.0,0.06981,Sidewalk
716.0,111.2699,4.9114,1.53589,0.0,-0.0,186.7323,1.7058,stand_5,226.2598,0.0,-0.0,0.0,-0.0,Sidewalk
716.5,111.2699,4.9114,1.5708,0.0,0.06981,186.7323,1.7058,stand_5,226.2682,0.0,0.06981,0.0,0.06981,Sidewalk
717.0,111.2699,4.9114,1.5708,0.0,-0.0,186.7323,1.7058,stand_5,226.2598,0.0,-0.0,0.0,-0.0,Sidewalk
717.5,111.2699,4.9114,1.6057,0.0,0.06981,186.7323,1.7058,stand_5,226.2682,0.0,0.06981,0.0,0.06981,Sidewalk
718.0,111.2699,4.9114,1.6057,0.0,-0.0,186.7323,1.7058,stand_5,226.2598,0.0,-0.0,0.0,-0.0,Sidewalk
718.5,111.2699,4.9114,1.64061,0.0,0.06981,186.7323,1.7058,stand_5,226.2682,0.0,0.06981,0.0,0.06981,Sidewalk
719.0,111.2699,4.9114,1.64061,0.0,-0.0,186.7323,1.7058,stand_5,226.2598,0.0,-0.0,0.0,-0.0,Sidewalk
719.5,111.2699,4.9114,1.67552,0.0,0.06981,186.7323,1.7058,stand_5,226.2682,0.0,0.06981,0.0,0.06981,Sidewalk
720.0,111.2699,4.9114,1.67552,0.0,-0.0,186.7323,1.7058,stand_5,226.2598,0.0,-0.0,0.0,-0.0,Sidewalk
720.5,111.2699,4.9114,1.71042,0.0,0.06981,186.7323,1.7058,stand_5,226.2682,0.0,0.06981,0.0,0.06981,Sidewalk
721.0,111.2699,4.9114,1.71042,0.0,-0.0,186.7323,1.7058,stand_5,226.2598,0.0,-0.0,0.0,-0.0,Sidewalk
721.5,111.2699,4.9114,1.74533,0.0,0.06981,186.7323,1.7059,stand_5,226.2682,0.0,0.06981,0.0,0.06981,Sidewalk
722.0,111.2699,4.9114,1.74533,0.0,-0.0,186.7323,1.7059,stand_5,226.2598,0.0,-0.0,0.0,-0.0,Sidewalk
722.5,111.2699,4.9114,1.78024,0.0,0.06981,186.7323,1.7059,stand_5,226.2682,0.0,0.06981,0.0,0.06981,Sidewalk
723.0,111.2699,4.9114,1.78024,0.0,-0.0,186.7323,1.7059,stand_5,226.2598,0.0,-0.0,0.0,-0.0,Sidewalk
723.5,111.2699,4.9114,1.81514,0.0,0.06981,186.7323,1.7059,stand_5,226.2682,0.0,0.06981,0.0,0.06981,Sidewalk
724.0,111.2699,4.9114,1.81514,0.0,-0.0,186.7323,1.7059,stand_5,226.2598,0.0,-0.0,0.0,-0.0,Sidewalk
724.5,111.2699,4.9114,1.85005,0.0,0.06981,186.7323,1.7059,stand_5,226.2682,0.0,0.06981,0.0,0.06981,Sidewalk
725.0,111.2699,4.9114,1.85005,0.0,-0.0,186.7323,1.7059,stand_5,226.2598,0.0,-0.0,0.0,-0.0,Sidewalk
725.5,111.2699,4.9114,1.88496,0.0,0.06981,186.7323,1.7059,stand_5,226.2682,0.0,0.06981,0.0,0.06981,Sidewalk
726.0,111.2699,4.9114,1.88496,0.0,-0.0,186.7323,1.7059,stand_5,226.2598,0.0,-0.0,0.0,-0.0,Sidewalk
726.5,111.2699,4.9114,1.91986,0.0,0.06981,186.7323,1.7059,stand_5,226.2682,0.0,0.06981,0.0,0.06981,Sidewalk
727.0,111.2699,4.9114,1.91986,0.0,-0.0,186.7323,1.7059,stand_5,226.2598,0.0,-0.0,0.0,-0.0,Sidewalk
727.5,111.2699,4.9114,1.95477,0.0,0.06981,186.7323,1.7059,stand_5,226.2682,0.0,0.06981,0.0,0.06981,Sidewalk
728.0,111.2699,4.9114,1.95477,0.0,-0.0,186.7323,1.7059,stand_5,226.2598,0.0,-0.0,0.0,-0.0,Sidewalk
728.5,111.2699,4.9114,1.98968,0.0,0.06981,186.7323,1.7059,stand_5,226.2682,0.0,0.06981,0.0,0.06981,Sidewalk
729.0,111.2699,4.9114,1.98968,0.0,-0.0,186.7323,1.7059,stand_5,226.2598,0.0,-0.0,0.0,-0.0,Sidewalk
729.5,111.2699,4.9114,2.02458,0.0,0.06981,186.7323,1.7059,stand_5,226.2682,0.0,0.06981,0.0,0.06981,Sidewalk
730.0,111.2699,4.9114,2.02458,0.0,-0.0,186.7323,1.7059,stand_5,226.2598,0.0,-0.0,0.0,-0.0,Sidewalk
730.5,111.2699,4.9114,2.05949,0.0,0.06981,186.7323,1.7059,stand_5,226.2682,0.0,0.06981,0.0,0.06981,Sidewalk
731.0,111.2699,4.9114,2.05949,0.0,-0.0,186.7323,1.7059,stand_5,226.2598,0.0,-0.0,0.0,-0.0,Sidewalk
731.5,111.2699,4.9114,2.0944,0.0,0.06981,186.7323,1.7059,stand_5,226.2681,0.0,0.06981,0.0,0.06981,Sidewalk
732.0,111.2699,4.9114,2.0944,0.0,-0.0,186.7323,1.7059,stand_5,226.2598,0.0,-0.0,0.0,-0.0,Sidewalk
732.5,111.2699,4.9114,2.1293,0.0,0.06981,186.7323,1.7059,stand_5,226.2681,0.0,0.06981,0.0,0.06981,Sidewalk
733.0,111.2699,4.9114,2.1293,0.0,-0.0,186.7323,1.7059,stand_5,226.2598,0.0,-0.0,0.0,-0.0,Sidewalk
733.5,111.2699,4.9114,2.16421,0.0,0.06981,186.7323,1.7059,stand_5,226.2681,0.0,0.06981,0.0,0.06981,Sidewalk
734.0,111.2699,4.9114,2.16421,0.0,-0.0,186.7323,1.7059,stand_5,226.2598,0.0,-0.0,0.0,-0.0,Sidewalk
734.5,111.2699,4.9114,2.19911,0.0,0.06981,186.7323,1.7059,stand_5,226.2681,0.0,0.06981,0.0,0.06981,Sidewalk
735.0,111.2699,4.9114,2.19911,0.0,-0.0,186.7323,1.7059,stand_5,226.2598,0.0,-0.0,0.0,-0.0,Sidewalk
735.5,111.2699,4.9114,2.23402,0.0,0.06981,186.7323,1.7059,stand_5,226.2681,0.0,0.06981,0.0,0.06981,Sidewalk
736.0,111.2699,4.9114,2.23402,0.0,-0.0,186.7323,1.7059,stand_5,226.2598,0.0,-0.0,0.0,-0.0,Sidewalk
736.5,111.2699,4.9114,2.26893,0.0,0.06981,186.7323,1.7059,stand_5,226.2681,0.0,0.06981,0.0,0.06981,Sidewalk
737.0,111.2699,4.9114,2.26893,0.0,-0.0,186.7323,1.7059,stand_5,226.2598,0.0,-0.0,0.0,-0.0,Sidewalk
737.5,111.2699,4.9114,2.30383,0.0,0.06981,186.7323,1.7059,stand_5,226.2681,0.0,0.06981,0.0,0.06981,Sidewalk
738.0,111.2699,4.9114,2.30383,0.0,-0.0,186.7323,1.7059,stand_5,226.2597,0.0,-0.0,0.0,-0.0,Sidewalk
738.5,111.2699,4.9114,2.33874,0.0,0.06981,186.7323,1.7059,stand_5,226.2681,0.0,0.06981,0.0,0.06981,Sidewalk
739.0,111.2699,4.9114,2.33874,0.0,-0.0,186.7323,1.7059,stand_5,226.2597,0.0,-0.0,0.0,-0.0,Sidewalk
739.5,111.2699,4.9114,2.37365,0.0,0.06981,186.7323,1.7059,stand_5,226.2681,0.0,0.06981,0.0,0.06981,Sidewalk
740.0,111.2699,4.9114,2.37365,0.0,-0.0,186.7323,1.7059,stand_5,226.2597,0.0,-0.0,0.0,-0.0,Sidewalk
740.5,111.2699,4.9114,2.40855,0.0,0.06981,186.7323,1.7059,stand_5,226.2681,0.0,0.06981,0.0,0.06981,Sidewalk
741.0,111.2699,4.9114,2.40855,0.0,-0.0,186.7323,1.7059,stand_5,226.2597,0.0,-0.0,0.0,-0.0,Sidewalk
741.5,111.2699,4.9114,2.44346,0.0,0.06981,186.7323,1.7059,stand_5,226.2681,0.0,0.06981,0.0,0.06981,Sidewalk
742.0,111.2699,4.9114,2.44346,0.0,-0.0,186.7323,1.7059,stand_5,226.2597,0.0,-0.0,0.0,-0.0,Sidewalk
742.5,111.2699,4.9114,2.47837,0.0,0.06981,186.7323,1.7059,stand_5,226.2681,0.0,0.06981,0.0,0.06981,Sidewalk
743.0,111.2699,4.9114,2.47837,0.0,-0.0,186.7323,1.7059,stand_5,226.2597,0.0,-0.0,0.0,-0.0,Sidewalk
743.5,111.2699,4.9114,2.51327,0.0,0.06981,186.7323,1.7059,stand_5,226.2681,0.0,0.06981,0.0,0.06981,Sidewalk
744.0,111.2699,4.9114,2.51327,0.0,-0.0,186.7323,1.7059,stand_5,226.2597,0.0,-0.0,0.0,-0.0,Sidewalk
744.5,111.2699,4.9114,2.54818,0.0,0.06981,186.7323,1.7059,stand_5,226.2681,0.0,0.06981,0.0,0.06981,Sidewalk
745.0,111.2699,4.9114,2.54818,0.0,-0.0,186.7323,1.7059,stand_5,226.2597,0.0,-0.0,0.0,-0.0,Sidewalk
745.5,111.2699,4.9114,2.58309,0.0,0.06981,186.7323,1.7059,stand_5,226.2681,0.0,0.06981,0.0,0.06981,Sidewalk
746.0,111.2699,4.9114,2.58309,0.0,-0.0,186.7323,1.7059,stand_5,226.2597,0.0,-0.0,0.0,-0.0,Sidewalk
746.5,111.2699,4.9114,2.61799,0.0,0.06981,186.7323,1.7059,stand_5,226.2681,0.0,0.06981,0.0,0.06981,Sidewalk
747.0,111.2699,4.9114,2.61799,0.0,-0.0,186.7323,1.7059,stand_5,226.2597,0.0,-0.0,0.0,-0.0,Sidewalk
747.5,111.2699,4.9114,2.6529,0.0,0.06981,186.7323,1.7059,stand_5,226.2681,0.0,0.06981,0.0,0.06981,Sidewalk
748.0,111.2699,4.9114,2.6529,0.0,-0.0,186.7323,1.7059,stand_5,226.2597,0.0,-0.0,0.0,-0.0,Sidewalk
748.5,111.2699,4.9114,2.68781,0.0,0.06981,186.7323,1.7059,stand_5,226.2681,0.0,0.06981,0.0,0.06981,Sidewalk
749.0,111.2699,4.9114,2.68781,0.0,-0.0,186.7323,1.7059,stand_5,226.2597,0.0,-0.0,0.0,-0.0,Sidewalk
749.5,111.2699,4.9114,2.72271,0.0,0.06981,186.7323,1.7059,stand_5,226.2681,0.0,0.06981,0.0,0.06981,Sidewalk
750.0,111.2699,4.9114,2.72271,0.0,-0.0,186.7323,1.7059,stand_5,226.2597,0.0,-0.0,0.0,-0.0,Sidewalk
750.5,111.2699,4.9114,2.75762,0.0,0.06981,186.7323,1.7059,stand_5,226.2681,0.0,0.06981,0.0,0.06981,Sidewalk
751.0,111.2699,4.9114,2.75762,0.0,-0.0,186.7323,1.7059,stand_5,226.2597,0.0,-0.0,0.0,-0.0,Sidewalk
751.5,111.2699,4.9114,2.79253,0.0,0.06981,186.7323,1.7059,stand_5,226.2681,0.0,0.06981,0.0,0.06981,Sidewalk
752.0,111.2699,4.9114,2.79253,0.0,-0.0,186.7323,1.7059,stand_5,226.2597,0.0,-0.0,0.0,-0.0,Sidewalk
752.5,111.2699,4.9114,2.82743,0.0,0.06981,186.7323,1.7059,stand_5,226.2681,0.0,0.06981,0.0,0.06981,Sidewalk
753.0,111.2699,4.9114,2.82743,0.0,-0.0,186.7323,1.7059,stand_5,226.2597,0.0,-0.0,0.0,-0.0,Sidewalk
753.5,111.2699,4.9114,2.86234,0.0,0.06981,186.7323,1.7059,stand_5,226.2681,0.0,0.06981,0.0,0.06981,Sidewalk
754.0,111.2699,4.9114,2.86234,0.0,-0.0,186.7323,1.7059,stand_5,226.2597,0.0,-0.0,0.0,-0.0,Sidewalk
754.5,111.2699,4.9114,2.89725,0.0,0.06981,186.7323,1.7059,stand_5,226.2681,0.0,0.06981,0.0,0.06981,Sidewalk
755.0,111.2699,4.9114,2.89725,0.0,-0.0,186.7323,1.7059,stand_5,226.2597,0.0,-0.0,0.0,-0.0,Sidewalk
755.5,111.2699,4.9114,2.93215,0.0,0.06981,186.7323,1.7059,stand_5,226.2681,0.0,0.06981,0.0,0.06981,Sidewalk
756.0,111.2699,4.9114,2.93215,0.0,-0.0,186.7323,1.7059,stand_5,226.2597,0.0,-0.0,0.0,-0.0,Sidewalk
756.5,111.2699,4.9114,2.96706,0.0,0.06981,186.7323,1.7059,stand_5,226.2681,0.0,0.06981,0.0,0.06981,Sidewalk
757.0,111.2699,4.9114,2.96706,0.0,-0.0,186.7323,1.7059,stand_5,226.2597,0.0,-0.0,0.0,-0.0,Sidewalk
757.5,111.2699,4.9114,3.00197,0.0,0.06981,186.7323,1.7059,stand_5,226.2681,0.0,0.06981,0.0,0.06981,Sidewalk
758.0,111.2699,4.9114,3.00197,0.0,-0.0,186.7323,1.7059,stand_5,226.2597,0.0,-0.0,0.0,-0.0,Sidewalk
758.5,111.2699,4.9114,3.03687,0.0,0.06981,186.7323,1.7059,stand_5,226.268,0.0,0.06981,0.0,0.06981,Sidewalk
759.0,111.2699,4.9114,3.03687,0.0,-0.0,186.7323,1.7059,stand_5,226.2597,0.0,-0.0,0.0,-0.0,Sidewalk
759.5,111.2699,4.9114,3.07178,0.0,0.06981,186.7323,1.7059,stand_5,226.268,0.0,0.06981,0.0,0.06981,Sidewalk
760.0,111.2699,4.9114,3.07178,0.0,-0.0,186.7323,1.7059,stand_5,226.2597,0.0,-0.0,0.0,-0.0,Sidewalk
760.5,111.2699,4.9114,3.10669,0.0,0.06981,186.7323,1.7059,stand_5,226.268,0.0,0.06981,0.0,0.06981,Sidewalk
761.0,111.2699,4.9114,3.10669,0.0,-0.0,186.7323,1.7059,stand_5,226.2597,0.0,-0.0,0.0,-0.0,Sidewalk
761.5,111.2699,4.9114,3.14159,0.0,0.06981,186.7323,1.706,stand_5,226.268,0.0,0.06981,0.0,0.06981,Sidewalk
762.0,111.2699,4.9114,3.14159,0.0,-0.0,186.7323,1.706,stand_5,226.2597,0.0,-0.0,0.0,-0.0,Sidewalk
762.5,111.2699,4.9114,-3.10669,0.0,0.06981,186.7323,1.706,stand_5,226.268,0.0,0.06981,0.0,0.06981,Sidewalk
763.0,111.2699,4.9114,-3.10669,0.0,-0.0,186.7323,1.706,stand_5,226.2597,0.0,-0.0,0.0,-0.0,Sidewalk
763.5,111.2699,4.9114,-3.07178,0.0,0.06981,186.7323,1.706,stand_5,226.268,0.0,0.06981,0.0,0.06981,Sidewalk
764.0,111.2699,4.9114,-3.07178,0.0,-0.0,186.7323,1.706,stand_5,226.2596,0.0,-0.0,0.0,-0.0,Sidewalk
764.5,111.2699,4.9114,-3.03687,0.0,0.06981,186.7323,1.706,stand_5,226.268,0.0,0.06981,0.0,0.06981,Sidewalk
765.0,111.2699,4.9114,-3.03687,0.0,-0.0,186.7323,1.706,stand_5,226.2596,0.0,-0.0,0.0,-0.0,Sidewalk
765.5,111.2699,4.9114,-3.00197,0.0,0.06981,186.7323,1.706,stand_5,226.268,0.0,0.06981,0.0,0.06981,Sidewalk
766.0,111.2699,4.9114,-3.00197,0.0,-0.0,186.7323,1.706,stand_5,226.2596,0.0,-0.0,0.0,-0.0,Sidewalk
766.5,111.2699,4.9114,-2.96706,0.0,0.06981,186.7323,1.706,stand_5,226.268,0.0,0.06981,0.0,0.06981,Sidewalk
767.0,111.2699,4.9114,-2.96706,0.0,-0.0,186.7323,1.706,stand_5,226.2596,0.0,-0.0,0.0,-0.0,Sidewalk
767.5,111.2699,4.9114,-2.93215,0.0,0.06981,186.7323,1.706,stand_5,226.268,0.0,0.06981,0.0,0.06981,Sidewalk
768.0,111.2699,4.9114,-2.93215,0.0,-0.0,186.7323,1.706,stand_5,226.2596,0.0,-0.0,0.0,-0.0,Sidewalk
768.5,111.2699,4.9114,-2.89725,0.0,0.06981,186.7323,1.706,stand_5,226.268,0.0,0.06981,0.0,0.06981,Sidewalk
769.0,111.2699,4.9114,-2.89725,0.0,-0.0,186.7323,1.706,stand_5,226.2596,0.0,-0.0,0.0,-0.0,Sidewalk
769.5,111.2699,4.9114,-2.86234,0.0,0.06981,186.7323,1.706,stand_5,226.268,0.0,0.06981,0.0,0.06981,Sidewalk
770.0,111.2699,4.9114,-2.86234,0.0,-0.0,186.7323,1.706,stand_5,226.2596,0.0,-0.0,0.0,-0.0,Sidewalk
770.5,111.2699,4.9114,-2.82743,0.0,0.06981,186.7323,1.706,stand_5,226.268,0.0,0.06981,0.0,0.06981,Sidewalk
771.0,111.2699,4.9114,-2.82743,0.0,-0.0,186.7323,1.706,stand_5,226.2596,0.0,-0.0,0.0,-0.0,Sidewalk
771.5,111.2699,4.9114,-2.79253,0.0,0.06981,186.7323,1.706,stand_5,226.268,0.0,0.06981,0.0,0.06981,Sidewalk
772.0,111.2699,4.9114,-2.79253,0.0,-0.0,186.7323,1.706,stand_5,226.2596,0.0,-0.0,0.0,-0.0,Sidewalk
772.5,111.2699,4.9114,-2.75762,0.0,0.06981,186.7323,1.706,stand_5,226.268,0.0,0.06981,0.0,0.06981,Sidewalk
773.0,111.2699,4.9114,-2.75762,0.0,-0.0,186.7323,1.706,stand_5,226.2596,0.0,-0.0,0.0,-0.0,Sidewalk
773.5,111.2699,4.9114,-2.72271,0.0,0.06981,186.7323,1.706,stand_5,226.268,0.0,0.06981,0.0,0.06981,Sidewalk
774.0,111.2699,4.9114,-2.72271,0.0,-0.0,186.7323,1.706,stand_5,226.2596,0.0,-0.0,0.0,-0.0,Sidewalk
774.5,111.2699,4.9114,-2.68781,0.0,0.06981,186.7323,1.706,stand_5,226.268,0.0,0.06981,0.0,0.06981,Sidewalk
775.0,111.2699,4.9114,-2.68781,0.0,-0.0,186.7323,1.706,stand_5,226.2596,0.0,-0.0,0.0,-0.0,Sidewalk
775.5,111.2699,4.9114,-2.6529,0.0,0.06981,186.7323,1.706,stand_5,226.268,0.0,0.06981,0.0,0.06981,Sidewalk
776.0,111.2699,4.9114,-2.6529,0.0,-0.0,186.7323,1.706,stand_5,226.2596,0.0,-0.0,0.0,-0.0,Sidewalk
776.5,111.2699,4.9114,-2.61799,0.0,0.06981,186.7323,1.706,stand_5,226.268,0.0,0.06981,0.0,0.06981,Sidewalk
777.0,111.2699,4.9114,-2.61799,0.0,-0.0,186.7323,1.706,stand_5,226.2596,0.0,-0.0,0.0,-0.0,Sidewalk
777.5,111.2699,4.9114,-2.58309,0.0,0.06981,186.7323,1.706,stand_5,226.268,0.0,0.06981,0.0,0.06981,Sidewalk
778.0,111.2699,4.9114,-2.58309,0.0,-0.0,186.7323,1.706,stand_5,226.2596,0.0,-0.0,0.0,-0.0,Sidewalk
778.5,111.2699,4.9114,-2.54818,0.0,0.06981,186.7323,1.706,stand_5,226.268,0.0,0.06981,0.0,0.06981,Sidewalk
779.0,111.2699,4.9114,-2.54818,0.0,-0.0,186.7323,1.706,stand_5,226.2596,0.0,-0.0,0.0,-0.0,Sidewalk
779.5,111.2699,4.9114,-2.51327,0.0,0.06981,186.7323,1.706,stand_5,226.268,0.0,0.06981,0.0,0.06981,Sidewalk
780.0,111.2699,4.9114,-2.51327,0.0,-0.0,186.7323,1.706,stand_5,226.2596,0.0,-0.0,0.0,-0.0,Sidewalk
780.5,111.2699,4.9114,-2.47837,0.0,0.06981,186.7323,1.706,stand_5,226.268,0.0,0.06981,0.0,0.06981,Sidewalk
781.0,111.2699,4.9114,-2.47837,0.0,-0.0,186.7323,1.706,stand_5,226.2596,0.0,-0.0,0.0,-0.0,Sidewalk
781.5,111.2699,4.9114,-2.44346,0.0,0.06981,186.7323,1.706,stand_5,226.268,0.0,0.06981,0.0,0.06981,Sidewalk
782.0,111.2699,4.9114,-2.44346,0.0,-0.0,186.7323,1.706,stand_5,226.2596,0.0,-0.0,0.0,-0.0,Sidewalk
782.5,111.2699,4.9114,-2.40855,0.0,0.06981,186.7323,1.706,stand_5,226.268,0.0,0.06981,0.0,0.06981,Sidewalk
783.0,111.2699,4.9114,-2.40855,0.0,-0.0,186.7323,1.706,stand_5,226.2596,0.0,-0.0,0.0,-0.0,Sidewalk
783.5,111.2699,4.9114,-2.37365,0.0,0.06981,186.7323,1.706,stand_5,226.268,0.0,0.06981,0.0,0.06981,Sidewalk
784.0,111.2699,4.9114,-2.37365,0.0,-0.0,186.7323,1.706,stand_5,226.2596,0.0,-0.0,0.0,-0.0,Sidewalk
784.5,111.2699,4.9114,-2.33874,0.0,0.06981,186.7323,1.706,stand_5,226.268,0.0,0.06981,0.0,0.06981,Sidewalk
785.0,111.2699,4.9114,-2.33874,0.0,-0.0,186.7323,1.706,stand_5,226.2596,0.0,-0.0,0.0,-0.0,Sidewalk
785.5,111.2699,4.9114,-2.30383,0.0,0.06981,186.7323,1.706,stand_5,226.268,0.0,0.06981,0.0,0.06981,Sidewalk
786.0,111.2699,4.9114,-2.30383,0.0,-0.0,186.7323,1.706,stand_5,226.2596,0.0,-0.0,0.0,-0.0,Sidewalk
786.5,111.2699,4.9114,-2.26893,0.0,0.06981,186.7323,1.706,stand_5,226.268,0.0,0.06981,0.0,0.06981,Sidewalk
787.0,111.2699,4.9114,-2.26893,0.0,-0.0,186.7323,1.706,stand_5,226.2596,0.0,-0.0,0.0,-0.0,Sidewalk
787.5,111.2699,4.9114,-2.23402,0.0,0.06981,186.7323,1.706,stand_5,226.2679,0.0,0.06981,0.0,0.06981,Sidewalk
788.0,111.2699,4.9114,-2.23402,0.0,-0.0,186.7323,1.706,stand_5,226.2596,0.0,-0.0,0.0,-0.0,Sidewalk
788.5,111.2699,4.9114,-2.19911,0.0,0.06981,186.7323,1.706,stand_5,226.2679,0.0,0.06981,0.0,0.06981,Sidewalk
789.0,111.2699,4.9114,-2.19911,0.0,-0.0,186.7323,1.706,stand_5,226.2596,0.0,-0.0,0.0,-0.0,Sidewalk
789.5,111.2699,4.9114,-2.16421,0.0,0.06981,186.7323,1.706,stand_5,226.2679,0.0,0.06981,0.0,0.06981,Sidewalk
790.0,111.2699,4.9114,-2.16421,0.0,-0.0,186.7323,1.706,stand_5,226.2596,0.0,-0.0,0.0,-0.0,Sidewalk
790.5,111.2699,4.9114,-2.1293,0.0,0.06981,186.7323,1.706,stand_5,226.2679,0.0,0.06981,0.0,0.06981,Sidewalk
791.0,111.2699,4.9114,-2.1293,0.0,-0.0,186.7323,1.706,stand_5,226.2596,0.0,-0.0,0.0,-0.0,Sidewalk
791.5,111.2699,4.9114,-2.0944,0.0,0.06981,186.7323,1.706,stand_5,226.2679,0.0,0.06981,0.0,0.06981,Sidewalk
792.0,111.2699,4.9114,-2.0944,0.0,-0.0,186.7323,1.706,stand_5,226.2596,0.0,-0.0,0.0,-0.0,Sidewalk
792.5,111.2699,4.9114,-2.05949,0.0,0.06981,186.7323,1.706,stand_5,226.2679,0.0,0.06981,0.0,0.06981,Sidewalk
793.0,111.2699,4.9114,-2.05949,0.0,-0.0,186.7323,1.706,stand_5,226.2595,0.0,-0.0,0.0,-0.0,Sidewalk
793.5,111.2699,4.9114,-2.02458,0.0,0.06981,186.7323,1.706,stand_5,226.2679,0.0,0.06981,0.0,0.06981,Sidewalk
794.0,111.2699,4.9114,-2.02458,0.0,-0.0,186.7323,1.706,stand_5,226.2595,0.0,-0.0,0.0,-0.0,Sidewalk
794.5,111.2699,4.9114,-1.98968,0.0,0.06981,186.7323,1.706,stand_5,226.2679,0.0,0.06981,0.0,0.06981,Sidewalk
795.0,111.2699,4.9114,-1.98968,0.0,-0.0,186.7323,1.706,stand_5,226.2595,0.0,-0.0,0.0,-0.0,Sidewalk
795.5,111.2699,4.9114,-1.95477,0.0,0.06981,186.7323,1.706,stand_5,226.2679,0.0,0.06981,0.0,0.06981,Sidewalk
796.0,111.2699,4.9114,-1.95477,0.0,-0.0,186.7323,1.706,stand_5,226.2595,0.0,-0.0,0.0,-0.0,Sidewalk
796.5,111.2699,4.9114,-1.91986,0.0,0.06981,186.7323,1.706,stand_5,226.2679,0.0,0.06981,0.0,0.06981,Sidewalk
797.0,111.2699,4.9114,-1.91986,0.0,-0.0,186.7323,1.706,stand_5,226.2595,0.0,-0.0,0.0,-0.0,Sidewalk
797.5,111.2699,4.9114,-1.88496,0.0,0.06981,186.7323,1.706,stand_5,226.2679,0.0,0.06981,0.0,0.06981,Sidewalk
798.0,111.2699,4.9114,-1.88496,0.0,-0.0,186.7323,1.706,stand_5,226.2595,0.0,-0.0,0.0,-0.0,Sidewalk
798.5,111.2699,4.9114,-1.85005,0.0,0.06981,186.7323,1.706,stand_5,226.2679,0.0,0.06981,0.0,0.06981,Sidewalk
799.0,111.2699,4.9114,-1.85005,0.0,-0.0,186.7323,1.706,stand_5,226.2595,0.0,-0.0,0.0,-0.0,Sidewalk
799.5,111.2699,4.9114,-1.81514,0.0,0.06981,186.7323,1.706,stand_5,226.2679,0.0,0.06981,0.0,0.06981,Sidewalk
800.0,111.2699,4.9114,-1.81514,0.0,-0.0,186.7323,1.706,stand_5,226.2595,0.0,-0.0,0.0,-0.0,Sidewalk
800.5,111.2699,4.9114,-1.78024,0.0,0.06981,186.7323,1.706,stand_5,226.2679,0.0,0.06981,0.0,0.06981,Sidewalk
801.0,111.2699,4.9114,-1.78024,0.0,-0.0,186.7323,1.706,stand_5,226.2595,0.0,-0.0,0.0,-0.0,Sidewalk
801.5,111.2699,4.9114,-1.74533,0.0,0.06981,186.7323,1.706,stand_5,226.2679,0.0,0.06981,0.0,0.06981,Sidewalk
802.0,111.2699,4.9114,-1.74533,0.0,-0.0,186.7323,1.706,stand_5,226.2595,0.0,-0.0,0.0,-0.0,Sidewalk
802.5,111.2699,4.9114,-1.71042,0.0,0.06981,186.7323,1.706,stand_5,226.2679,0.0,0.06981,0.0,0.06981,Sidewalk
803.0,111.2699,4.9114,-1.71042,0.0,-0.0,186.7323,1.7061,stand_5,226.2595,0.0,-0.0,0.0,-0.0,Sidewalk
803.5,111.2699,4.9114,-1.67552,0.0,0.06981,186.7323,1.7061,stand_5,226.2679,0.0,0.06981,0.0,0.06981,Sidewalk
804.0,111.2699,4.9114,-1.67552,0.0,-0.0,186.7323,1.7061,stand_5,226.2595,0.0,-0.0,0.0,-0.0,Sidewalk
804.5,111.2699,4.9114,-1.64061,0.0,0.06981,186.7323,1.7061,stand_5,226.2679,0.0,0.06981,0.0,0.06981,Sidewalk
805.0,111.2699,4.9114,-1.64061,0.0,-0.0,186.7323,1.7061,stand_5,226.2595,0.0,-0.0,0.0,-0.0,Sidewalk
805.5,111.2699,4.9114,-1.6057,0.0,0.06981,186.7323,1.7061,stand_5,226.2679,0.0,0.06981,0.0,0.06981,Sidewalk
806.0,111.2699,4.9114,-1.6057,0.0,-0.0,186.7323,1.7061,stand_5,226.2595,0.0,-0.0,0.0,-0.0,Sidewalk
806.5,111.2699,4.9114,-1.5708,0.0,0.06981,186.7323,1.7061,stand_5,226.2679,0.0,0.06981,0.0,0.06981,Sidewalk
807.0,111.2699,4.9114,-1.5708,0.0,-0.0,186.7323,1.7061,stand_5,226.2595,0.0,-0.0,0.0,-0.0,Sidewalk
807.5,111.2699,4.9114,-1.53589,0.0,0.06981,186.7323,1.7061,stand_5,226.2679,0.0,0.06981,0.0,0.06981,Sidewalk
808.0,111.2699,4.9114,-1.53589,0.0,-0.0,186.7323,1.7061,stand_5,226.2595,0.0,-0.0,0.0,-0.0,Sidewalk
808.5,111.2699,4.9114,-1.50098,0.0,0.06981,186.7323,1.7061,stand_5,226.2679,0.0,0.06981,0.0,0.06981,Sidewalk
809.0,111.2699,4.9114,-1.50098,0.0,-0.0,186.7323,1.7061,stand_5,226.2595,0.0,-0.0,0.0,-0.0,Sidewalk
809.5,111.2699,4.9114,-1.46608,0.0,0.06981,186.7323,1.7061,stand_5,226.2679,0.0,0.06981,0.0,0.06981,Sidewalk
810.0,111.2699,4.9114,-1.46608,0.0,-0.0,186.7323,1.7061,stand_5,226.2595,0.0,-0.0,0.0,-0.0,Sidewalk
810.5,111.2699,4.9114,-1.43117,0.0,0.06981,186.7323,1.7061,stand_5,226.2679,0.0,0.06981,0.0,0.06981,Sidewalk
811.0,111.2699,4.9114,-1.43117,0.0,-0.0,186.7323,1.7061,stand_5,226.2595,0.0,-0.0,0.0,-0.0,Sidewalk
811.5,111.2699,4.9114,-1.39626,0.0,0.06981,186.7323,1.7061,stand_5,226.2679,0.0,0.06981,0.0,0.06981,Sidewalk
812.0,111.2699,4.9114,-1.39626,0.0,-0.0,186.7323,1.7061,stand_5,226.2595,0.0,-0.0,0.0,-0.0,Sidewalk
812.5,111.2699,4.9114,-1.36136,0.0,0.06981,186.7323,1.7061,stand_5,226.2679,0.0,0.06981,0.0,0.06981,Sidewalk
813.0,111.2699,4.9114,-1.36136,0.0,-0.0,186.7323,1.7061,stand_5,226.2595,0.0,-0.0,0.0,-0.0,Sidewalk
813.5,111.2699,4.9114,-1.32645,0.0,0.06981,186.7323,1.7061,stand_5,226.2679,0.0,0.06981,0.0,0.06981,Sidewalk
814.0,111.2699,4.9114,-1.32645,0.0,-0.0,186.7323,1.7061,stand_5,226.2595,0.0,-0.0,0.0,-0.0,Sidewalk
814.5,111.2699,4.9114,-1.29154,0.0,0.06981,186.7323,1.7061,stand_5,226.2679,0.0,0.06981,0.0,0.06981,Sidewalk
815.0,111.2699,4.9114,-1.29154,0.0,-0.0,186.7323,1.7061,stand_5,226.2595,0.0,-0.0,0.0,-0.0,Sidewalk
815.5,111.2699,4.9114,-1.25664,0.0,0.06981,186.7323,1.7061,stand_5,226.2678,0.0,0.06981,0.0,0.06981,Sidewalk
816.0,111.2699,4.9114,-1.25664,0.0,-0.0,186.7323,1.7061,stand_5,226.2595,0.0,-0.0,0.0,-0.0,Sidewalk
816.5,111.2699,4.9114,-1.22173,0.0,0.06981,186.7323,1.7061,stand_5,226.2678,0.0,0.06981,0.0,0.06981,Sidewalk
817.0,111.2699,4.9114,-1.22173,0.0,-0.0,186.7323,1.7061,stand_5,226.2595,0.0,-0.0,0.0,-0.0,Sidewalk
817.5,111.2699,4.9114,-1.18682,0.0,0.06981,186.7323,1.7061,stand_5,226.2678,0.0,0.06981,0.0,0.06981,Sidewalk
818.0,111.2699,4.9114,-1.18682,0.0,-0.0,186.7323,1.7061,stand_5,226.2595,0.0,-0.0,0.0,-0.0,Sidewalk
818.5,111.2699,4.9114,-1.15192,0.0,0.06981,186.7323,1.7061,stand_5,226.2678,0.0,0.06981,0.0,0.06981,Sidewalk
819.0,111.2699,4.9114,-1.15192,0.0,-0.0,186.7323,1.7061,stand_5,226.2595,0.0,-0.0,0.0,-0.0,Sidewalk
819.5,111.2699,4.9114,-1.11701,0.0,0.06981,186.7323,1.7061,stand_5,226.2678,0.0,0.06981,0.0,0.06981,Sidewalk
820.0,111.2699,4.9114,-1.11701,0.0,-0.0,186.7323,1.7061,stand_5,226.2595,0.0,-0.0,0.0,-0.0,Sidewalk
820.5,111.2699,4.9114,-1.0821,0.0,0.06981,186.7323,1.7061,stand_5,226.2678,0.0,0.06981,0.0,0.06981,Sidewalk
821.0,111.2699,4.9114,-1.0821,0.0,-0.0,186.7323,1.7061,stand_5,226.2595,0.0,-0.0,0.0,-0.0,Sidewalk
821.5,111.2699,4.9114,-1.0472,0.0,0.06981,186.7323,1.7061,stand_5,226.2678,0.0,0.06981,0.0,0.06981,Sidewalk
822.0,111.2699,4.9114,-1.0472,0.0,-0.0,186.7323,1.7061,stand_5,226.2595,0.0,-0.0,0.0,-0.0,Sidewalk
822.5,111.2699,4.9114,-1.01229,0.0,0.06981,186.7323,1.7061,stand_5,226.2678,0.0,0.06981,0.0,0.06981,Sidewalk
823.0,111.2699,4.9114,-1.01229,0.0,-0.0,186.7323,1.7061,stand_5,226.2595,0.0,-0.0,0.0,-0.0,Sidewalk
823.5,111.2699,4.9114,-0.97738,0.0,0.06981,186.7323,1.7061,stand_5,226.2678,0.0,0.06981,0.0,0.06981,Sidewalk
824.0,111.2699,4.9114,-0.97738,0.0,-0.0,186.7323,1.7061,stand_5,226.2594,0.0,-0.0,0.0,-0.0,Sidewalk
824.5,111.2699,4.9114,-0.94248,0.0,0.06981,186.7323,1.7061,stand_5,226.2678,0.0,0.06981,0.0,0.06981,Sidewalk
825.0,111.2699,4.9114,-0.94248,0.0,-0.0,186.7323,1.7061,stand_5,226.2594,0.0,-0.0,0.0,-0.0,Sidewalk
825.5,111.2699,4.9114,-0.90757,0.0,0.06981,186.7323,1.7061,stand_5,226.2678,0.0,0.06981,0.0,0.06981,Sidewalk
826.0,111.2699,4.9114,-0.90757,0.0,-0.0,186.7323,1.7061,stand_5,226.2594,0.0,-0.0,0.0,-0.0,Sidewalk
826.5,111.2699,4.9114,-0.87266,0.0,0.06981,186.7323,1.7061,stand_5,226.2678,0.0,0.06981,0.0,0.06981,Sidewalk
827.0,111.2699,4.9114,-0.87266,0.0,-0.0,186.7323,1.7061,stand_5,226.2594,0.0,-0.0,0.0,-0.0,Sidewalk
827.5,111.2699,4.9114,-0.83776,0.0,0.06981,186.7323,1.7061,stand_5,226.2678,0.0,0.06981,0.0,0.06981,Sidewalk
828.0,111.2699,4.9114,-0.83776,0.0,-0.0,186.7323,1.7061,stand_5,226.2594,0.0,-0.0,0.0,-0.0,Sidewalk
828.5,111.2699,4.9114,-0.80285,0.0,0.06981,186.7323,1.7061,stand_5,226.2678,0.0,0.06981,0.0,0.06981,Sidewalk
829.0,111.2699,4.9114,-0.80285,0.0,-0.0,186.7323,1.7061,stand_5,226.2594,0.0,-0.0,0.0,-0.0,Sidewalk
829.5,111.2699,4.9114,-0.76794,0.0,0.06981,186.7323,1.7061,stand_5,226.2678,0.0,0.06981,0.0,0.06981,Sidewalk
830.0,111.2699,4.9114,-0.76794,0.0,-0.0,186.7323,1.7061,stand_5,226.2594,0.0,-0.0,0.0,-0.0,Sidewalk
830.5,111.2699,4.9114,-0.73304,0.0,0.06981,186.7323,1.7061,stand_5,226.2678,0.0,0.06981,0.0,0.06981,Sidewalk
831.0,111.2699,4.9114,-0.73304,0.0,-0.0,186.7323,1.7061,stand_5,226.2594,0.0,-0.0,0.0,-0.0,Sidewalk
831.5,111.2699,4.9114,-0.69813,0.0,0.06981,186.7323,1.7061,stand_5,226.2678,0.0,0.06981,0.0,0.06981,Sidewalk
832.0,111.2699,4.9114,-0.69813,0.0,-0.0,186.7323,1.7061,stand_5,226.2594,0.0,-0.0,0.0,-0.0,Sidewalk
832.5,111.2699,4.9114,-0.66323,0.0,0.06981,186.7323,1.7061,stand_5,226.2678,0.0,0.06981,0.0,0.06981,Sidewalk
833.0,111.2699,4.9114,-0.66323,0.0,-0.0,186.7323,1.7061,stand_5,226.2594,0.0,-0.0,0.0,-0.0,Sidewalk
833.5,111.2699,4.9114,-0.62832,0.0,0.06981,186.7323,1.7061,stand_5,226.2678,0.0,0.06981,0.0,0.06981,Sidewalk
834.0,111.2699,4.9114,-0.62832,0.0,-0.0,186.7323,1.7061,stand_5,226.2594,0.0,-0.0,0.0,-0.0,Sidewalk
834.5,111.2699,4.9114,-0.59341,0.0,0.06981,186.7323,1.7061,stand_5,226.2678,0.0,0.06981,0.0,0.06981,Sidewalk
835.0,111.2699,4.9114,-0.59341,0.0,-0.0,186.7323,1.7061,stand_5,226.2594,0.0,-0.0,0.0,-0.0,Sidewalk
835.5,111.2699,4.9114,-0.55851,0.0,0.06981,186.7323,1.7061,stand_5,226.2678,0.0,0.06981,0.0,0.06981,Sidewalk
836.0,111.2699,4.9114,-0.55851,0.0,-0.0,186.7323,1.7061,stand_5,226.2594,0.0,-0.0,0.0,-0.0,Sidewalk
836.5,111.2699,4.9114,-0.5236,0.0,0.06981,186.7323,1.7061,stand_5,226.2678,0.0,0.06981,0.0,0.06981,Sidewalk
837.0,111.2699,4.9114,-0.5236,0.0,-0.0,186.7323,1.7061,stand_5,226.2594,0.0,-0.0,0.0,-0.0,Sidewalk
837.5,111.2699,4.9114,-0.48869,0.0,0.06981,186.7323,1.7061,stand_5,226.2678,0.0,0.06981,0.0,0.06981,Sidewalk
838.0,111.2699,4.9114,-0.48869,0.0,-0.0,186.7323,1.7061,stand_5,226.2594,0.0,-0.0,0.0,-0.0,Sidewalk
838.5,111.2699,4.9114,-0.45379,0.0,0.06981,186.7323,1.7061,stand_5,226.2678,0.0,0.06981,0.0,0.06981,Sidewalk
839.0,111.2699,4.9114,-0.45379,0.0,-0.0,186.7323,1.7061,stand_5,226.2594,0.0,-0.0,0.0,-0.0,Sidewalk
839.5,111.2699,4.9114,-0.41888,0.0,0.06981,186.7323,1.7061,stand_5,226.2678,0.0,0.06981,0.0,0.06981,Sidewalk
840.0,111.2699,4.9114,-0.41888,0.0,-0.0,186.7323,1.7061,stand_5,226.2594,0.0,-0.0,0.0,-0.0,Sidewalk
840.5,111.2699,4.9114,-0.38397,0.0,0.06981,186.7323,1.7061,stand_5,226.2678,0.0,0.06981,0.0,0.06981,Sidewalk
841.0,111.2699,4.9114,-0.38397,0.0,-0.0,186.7323,1.7061,stand_5,226.2594,0.0,-0.0,0.0,-0.0,Sidewalk
841.5,111.2699,4.9114,-0.34907,0.0,0.06981,186.7323,1.7061,stand_5,226.2678,0.0,0.06981,0.0,0.06981,Sidewalk
842.0,111.2699,4.9114,-0.34907,0.0,-0.0,186.7323,1.7061,stand_5,226.2594,0.0,-0.0,0.0,-0.0,Sidewalk
842.5,111.2699,4.9114,-0.31416,0.0,0.06981,186.7323,1.7061,stand_5,226.2678,0.0,0.06981,0.0,0.06981,Sidewalk
843.0,111.2699,4.9114,-0.31416,0.0,-0.0,186.7323,1.7061,stand_5,226.2594,0.0,-0.0,0.0,-0.0,Sidewalk
843.5,111.2699,4.9114,-0.27925,0.0,0.06981,186.7323,1.7061,stand_5,226.2678,0.0,0.06981,0.0,0.06981,Sidewalk
844.0,111.2699,4.9114,-0.27925,0.0,-0.0,186.7323,1.7061,stand_5,226.2594,0.0,-0.0,0.0,-0.0,Sidewalk
844.5,111.2699,4.9114,-0.24435,0.0,0.06981,186.7323,1.7061,stand_5,226.2678,0.0,0.06981,0.0,0.06981,Sidewalk
845.0,111.2699,4.9114,-0.24435,0.0,-0.0,186.7323,1.7061,stand_5,226.2594,0.0,-0.0,0.0,-0.0,Sidewalk
845.5,111.2699,4.9114,-0.20944,0.0,0.06981,186.7323,1.7061,stand_5,226.2678,0.0,0.06981,0.0,0.06981,Sidewalk
846.0,111.2699,4.9114,-0.20944,0.0,-0.0,186.7323,1.7061,stand_5,226.2594,0.0,-0.0,0.0,-0.0,Sidewalk
846.5,111.2699,4.9114,-0.17453,0.0,0.06981,186.7323,1.7061,stand_5,226.2677,0.0,0.06981,0.0,0.06981,Sidewalk
847.0,111.2699,4.9114,-0.17453,0.0,-0.0,186.7323,1.7062,stand_5,226.2594,0.0,-0.0,0.0,-0.0,Sidewalk
847.5,111.2699,4.9114,-0.13963,0.0,0.06981,186.7323,1.7062,stand_5,226.2677,0.0,0.06981,0.0,0.06981,Sidewalk
848.0,111.2699,4.9114,-0.13963,0.0,-0.0,186.7323,1.7062,stand_5,226.2594,0.0,-0.0,0.0,-0.0,Sidewalk
848.5,111.2699,4.9114,-0.10472,0.0,0.06981,186.7323,1.7062,stand_5,226.2677,0.0,0.06981,0.0,0.06981,Sidewalk
849.0,111.2699,4.9114,-0.10472,0.0,-0.0,186.7323,1.7062,stand_5,226.2594,0.0,-0.0,0.0,-0.0,Sidewalk
849.5,111.2699,4.9114,-0.06981,0.0,0.06981,186.7323,1.7062,stand_5,226.2677,0.0,0.06981,0.0,0.06981,Sidewalk
850.0,111.2699,4.9114,-0.06981,0.0,-0.0,186.7323,1.7062,stand_5,226.2594,0.0,-0.0,0.0,-0.0,Sidewalk
850.5,111.2699,4.9114,-0.03491,0.0,0.06981,186.7323,1.7062,stand_5,226.2677,0.0,0.06981,0.0,0.06981,Sidewalk
851.0,111.2699,4.9114,-0.03491,0.0,-0.0,186.7323,1.7062,stand_5,226.2594,0.0,-0.0,0.0,-0.0,Sidewalk
851.5,111.2699,4.9114,-0.0,0.0,0.06981,186.7323,1.7062,stand_5,226.2677,0.0,0.06981,0.0,0.06981,Sidewalk
852.0,111.2699,4.9114,-0.0,0.0,-0.0,186.7323,1.7062,stand_5,226.2593,0.0,-0.0,0.0,-0.0,Sidewalk
852.5,111.2699,4.9114,0.03491,0.0,0.06981,186.7323,1.7062,stand_5,226.2677,0.0,0.06981,0.0,0.06981,Sidewalk
853.0,111.2699,4.9114,0.03491,0.0,-0.0,186.7323,1.7062,stand_5,226.2593,0.0,-0.0,0.0,-0.0,Sidewalk
853.5,111.2699,4.9114,0.06981,0.0,0.06981,186.7323,1.7062,stand_5,226.2677,0.0,0.06981,0.0,0.06981,Sidewalk
854.0,111.2699,4.9114,0.06981,0.0,-0.0,186.7323,1.7062,stand_5,226.2593,0.0,-0.0,0.0,-0.0,Sidewalk
854.5,111.2699,4.9114,0.10472,0.0,0.06981,186.7323,1.7062,stand_5,226.2677,0.0,0.06981,0.0,0.06981,Sidewalk
855.0,111.2699,4.9114,0.10472,0.0,-0.0,186.7323,1.7062,stand_5,226.2593,0.0,-0.0,0.0,-0.0,Sidewalk
855.5,111.2699,4.9114,0.13963,0.0,0.06981,186.7323,1.7062,stand_5,226.2677,0.0,0.06981,0.0,0.06981,Sidewalk
856.0,111.2699,4.9114,0.13963,0.0,-0.0,186.7323,1.7062,stand_5,226.2593,0.0,-0.0,0.0,-0.0,Sidewalk
856.5,111.2699,4.9114,0.17453,0.0,0.06981,186.7323,1.7062,stand_5,226.2677,0.0,0.06981,0.0,0.06981,Sidewalk
857.0,111.2699,4.9114,0.17453,0.0,-0.0,186.7323,1.7062,stand_5,226.2593,0.0,-0.0,0.0,-0.0,Sidewalk
857.5,111.2699,4.9114,0.20944,0.0,0.06981,186.7323,1.7062,stand_5,226.2677,0.0,0.06981,0.0,0.06981,Sidewalk
858.0,111.2699,4.9114,0.20944,0.0,-0.0,186.7323,1.7062,stand_5,226.2593,0.0,-0.0,0.0,-0.0,Sidewalk
858.5,111.2699,4.9114,0.24435,0.0,0.06981,186.7323,1.7062,stand_5,226.2677,0.0,0.06981,0.0,0.06981,Sidewalk
859.0,111.2699,4.9114,0.24435,0.0,-0.0,186.7323,1.7062,stand_5,226.2593,0.0,-0.0,0.0,-0.0,Sidewalk
859.5,111.2699,4.9114,0.27925,0.0,0.06981,186.7323,1.7062,stand_5,226.2677,0.0,0.06981,0.0,0.06981,Sidewalk
860.0,111.2699,4.9114,0.27925,0.0,-0.0,186.7323,1.7062,stand_5,226.2593,0.0,-0.0,0.0,-0.0,Sidewalk
860.5,111.2699,4.9114,0.31416,0.0,0.06981,186.7323,1.7062,stand_5,226.2677,0.0,0.06981,0.0,0.06981,Sidewalk
861.0,111.2699,4.9114,0.31416,0.0,-0.0,186.7323,1.7062,stand_5,226.2593,0.0,-0.0,0.0,-0.0,Sidewalk
861.5,111.2699,4.9114,0.34907,0.0,0.06981,186.7323,1.7062,stand_5,226.2677,0.0,0.06981,0.0,0.06981,Sidewalk
862.0,111.2699,4.9114,0.34907,0.0,-0.0,186.7323,1.7062,stand_5,226.2593,0.0,-0.0,0.0,-0.0,Sidewalk
862.5,111.2699,4.9114,0.38397,0.0,0.06981,186.7323,1.7062,stand_5,226.2677,0.0,0.06981,0.0,0.06981,Sidewalk
863.0,111.2699,4.9114,0.38397,0.0,-0.0,186.7323,1.7062,stand_5,226.2593,0.0,-0.0,0.0,-0.0,Sidewalk
863.5,111.2699,4.9114,0.41888,0.0,0.06981,186.7323,1.7062,stand_5,226.2677,0.0,0.06981,0.0,0.06981,Sidewalk
864.0,111.2699,4.9114,0.41888,0.0,-0.0,186.7323,1.7062,stand_5,226.2593,0.0,-0.0,0.0,-0.0,Sidewalk
864.5,111.2699,4.9114,0.45379,0.0,0.06981,186.7323,1.7062,stand_5,226.2677,0.0,0.06981,0.0,0.06981,Sidewalk
865.0,111.2699,4.9114,0.45379,0.0,-0.0,186.7323,1.7062,stand_5,226.2593,0.0,-0.0,0.0,-0.0,Sidewalk
865.5,111.2699,4.9114,0.48869,0.0,0.06981,186.7323,1.7062,stand_5,226.2677,0.0,0.06981,0.0,0.06981,Sidewalk
866.0,111.2699,4.9114,0.48869,0.0,-0.0,186.7323,1.7062,stand_5,226.2593,0.0,-0.0,0.0,-0.0,Sidewalk
866.5,111.2699,4.9114,0.5236,0.0,0.06981,186.7323,1.7062,stand_5,226.2677,0.0,0.06981,0.0,0.06981,Sidewalk
867.0,111.2699,4.9114,0.5236,0.0,-0.0,186.7323,1.7062,stand_5,226.2593,0.0,-0.0,0.0,-0.0,Sidewalk
867.5,111.2699,4.9114,0.55851,0.0,0.06981,186.7323,1.7062,stand_5,226.2677,0.0,0.06981,0.0,0.06981,Sidewalk
868.0,111.2699,4.9114,0.55851,0.0,-0.0,186.7323,1.7062,stand_5,226.2593,0.0,-0.0,0.0,-0.0,Sidewalk
868.5,111.2699,4.9114,0.59341,0.0,0.06981,186.7323,1.7062,stand_5,226.2677,0.0,0.06981,0.0,0.06981,Sidewalk
869.0,111.2699,4.9114,0.59341,0.0,-0.0,186.7323,1.7062,stand_5,226.2593,0.0,-0.0,0.0,-0.0,Sidewalk
869.5,111.2699,4.9114,0.62832,0.0,0.06981,186.7323,1.7062,stand_5,226.2677,0.0,0.06981,0.0,0.06981,Sidewalk
870.0,111.2699,4.9114,0.62832,0.0,-0.0,186.7323,1.7062,stand_5,226.2593,0.0,-0.0,0.0,-0.0,Sidewalk
870.5,111.2699,4.9114,0.66323,0.0,0.06981,186.7323,1.7062,stand_5,226.2677,0.0,0.06981,0.0,0.06981,Sidewalk
871.0,111.2699,4.9114,0.66323,0.0,-0.0,186.7323,1.7062,stand_5,226.2593,0.0,-0.0,0.0,-0.0,Sidewalk
871.5,111.2699,4.9114,0.69813,0.0,0.06981,186.7323,1.7062,stand_5,226.2677,0.0,0.06981,0.0,0.06981,Sidewalk
872.0,111.2699,4.9114,0.69813,0.0,-0.0,186.7323,1.7062,stand_5,226.2593,0.0,-0.0,0.0,-0.0,Sidewalk
872.5,111.2699,4.9114,0.73304,0.0,0.06981,186.7323,1.7062,stand_5,226.2676,0.0,0.06981,0.0,0.06981,Sidewalk
873.0,111.2699,4.9114,0.73304,0.0,-0.0,186.7323,1.7062,stand_5,226.2593,0.0,-0.0,0.0,-0.0,Sidewalk
873.5,111.2699,4.9114,0.76794,0.0,0.06981,186.7323,1.7062,stand_5,226.2676,0.0,0.06981,0.0,0.06981,Sidewalk
874.0,111.2699,4.9114,0.76794,0.0,-0.0,186.7323,1.7062,stand_5,226.2593,0.0,-0.0,0.0,-0.0,Sidewalk
874.5,111.2699,4.9114,0.80285,0.0,0.06981,186.7323,1.7062,stand_5,226.2676,0.0,0.06981,0.0,0.06981,Sidewalk
875.0,111.2699,4.9114,0.80285,0.0,-0.0,186.7323,1.7062,stand_5,226.2593,0.0,-0.0,0.0,-0.0,Sidewalk
875.5,111.2699,4.9114,0.83776,0.0,0.06981,186.7323,1.7062,stand_5,226.2676,0.0,0.06981,0.0,0.06981,Sidewalk
876.0,111.2699,4.9114,0.83776,0.0,-0.0,186.7323,1.7062,stand_5,226.2593,0.0,-0.0,0.0,-0.0,Sidewalk
876.5,111.2699,4.9114,0.87266,0.0,0.06981,186.7323,1.7062,stand_5,226.2676,0.0,0.06981,0.0,0.06981,Sidewalk
877.0,111.2699,4.9114,0.87266,0.0,-0.0,186.7323,1.7062,stand_5,226.2593,0.0,-0.0,0.0,-0.0,Sidewalk
877.5,111.2699,4.9114,0.90757,0.0,0.06981,186.7323,1.7062,stand_5,226.2676,0.0,0.06981,0.0,0.06981,Sidewalk
878.0,111.2699,4.9114,0.90757,0.0,-0.0,186.7323,1.7062,stand_5,226.2592,0.0,-0.0,0.0,-0.0,Sidewalk
878.5,111.2699,4.9114,0.94248,0.0,0.06981,186.7323,1.7062,stand_5,226.2676,0.0,0.06981,0.0,0.06981,Sidewalk
879.0,111.2699,4.9114,0.94248,0.0,-0.0,186.7323,1.7062,stand_5,226.2592,0.0,-0.0,0.0,-0.0,Sidewalk
879.5,111.2699,4.9114,0.97738,0.0,0.06981,186.7323,1.7062,stand_5,226.2676,0.0,0.06981,0.0,0.06981,Sidewalk
880.0,111.2699,4.9114,0.97738,0.0,-0.0,186.7323,1.7062,stand_5,226.2592,0.0,-0.0,0.0,-0.0,Sidewalk
880.5,111.2699,4.9114,1.01229,0.0,0.06981,186.7323,1.7062,stand_5,226.2676,0.0,0.06981,0.0,0.06981,Sidewalk
881.0,111.2699,4.9114,1.01229,0.0,-0.0,186.7323,1.7062,stand_5,226.2592,0.0,-0.0,0.0,-0.0,Sidewalk
881.5,111.2699,4.9114,1.0472,0.0,0.06981,186.7323,1.7062,stand_5,226.2676,0.0,0.06981,0.0,0.06981,Sidewalk
882.0,111.2699,4.9114,1.0472,0.0,-0.0,186.7323,1.7062,stand_5,226.2592,0.0,-0.0,0.0,-0.0,Sidewalk
882.5,111.2699,4.9114,1.0821,0.0,0.06981,186.7323,1.7062,stand_5,226.2676,0.0,0.06981,0.0,0.06981,Sidewalk
883.0,111.2699,4.9114,1.0821,0.0,-0.0,186.7323,1.7062,stand_5,226.2592,0.0,-0.0,0.0,-0.0,Sidewalk
883.5,111.2699,4.9114,1.11701,0.0,0.06981,186.7323,1.7062,stand_5,226.2676,0.0,0.06981,0.0,0.06981,Sidewalk
884.0,111.2699,4.9114,1.11701,0.0,-0.0,186.7323,1.7062,stand_5,226.2592,0.0,-0.0,0.0,-0.0,Sidewalk
884.5,111.2699,4.9114,1.15192,0.0,0.06981,186.7323,1.7062,stand_5,226.2676,0.0,0.06981,0.0,0.06981,Sidewalk
885.0,111.2699,4.9114,1.15192,0.0,-0.0,186.7323,1.7063,stand_5,226.2592,0.0,-0.0,0.0,-0.0,Sidewalk
885.5,111.2699,4.9114,1.18682,0.0,0.06981,186.7323,1.7063,stand_5,226.2676,0.0,0.06981,0.0,0.06981,Sidewalk
886.0,111.2699,4.9114,1.18682,0.0,-0.0,186.7323,1.7063,stand_5,226.2592,0.0,-0.0,0.0,-0.0,Sidewalk
886.5,111.2699,4.9114,1.22173,0.0,0.06981,186.7323,1.7063,stand_5,226.2676,0.0,0.06981,0.0,0.06981,Sidewalk
887.0,111.2699,4.9114,1.22173,0.0,-0.0,186.7323,1.7063,stand_5,226.2592,0.0,-0.0,0.0,-0.0,Sidewalk
887.5,111.2699,4.9114,1.25664,0.0,0.06981,186.7323,1.7063,stand_5,226.2676,0.0,0.06981,0.0,0.06981,Sidewalk
888.0,111.2699,4.9114,1.25664,0.0,-0.0,186.7323,1.7063,stand_5,226.2592,0.0,-0.0,0.0,-0.0,Sidewalk
888.5,111.2699,4.9114,1.29154,0.0,0.06981,186.7323,1.7063,stand_5,226.2676,0.0,0.06981,0.0,0.06981,Sidewalk
889.0,111.2699,4.9114,1.29154,0.0,-0.0,186.7323,1.7063,stand_5,226.2592,0.0,-0.0,0.0,-0.0,Sidewalk
889.5,111.2699,4.9114,1.32645,0.0,0.06981,186.7323,1.7063,stand_5,226.2676,0.0,0.06981,0.0,0.06981,Sidewalk
890.0,111.2699,4.9114,1.32645,0.0,-0.0,186.7323,1.7063,stand_5,226.2592,0.0,-0.0,0.0,-0.0,Sidewalk
890.5,111.2699,4.9114,1.36136,0.0,0.06981,186.7323,1.7063,stand_5,226.2676,0.0,0.06981,0.0,0.06981,Sidewalk
891.0,111.2699,4.9114,1.36136,0.0,-0.0,186.7323,1.7063,stand_5,226.2592,0.0,-0.0,0.0,-0.0,Sidewalk
891.5,111.2699,4.9114,1.39626,0.0,0.06981,186.7323,1.7063,stand_5,226.2676,0.0,0.06981,0.0,0.06981,Sidewalk
892.0,111.2699,4.9114,1.39626,0.0,-0.0,186.7323,1.7063,stand_5,226.2592,0.0,-0.0,0.0,-0.0,Sidewalk
892.5,111.2699,4.9114,1.43117,0.0,0.06981,186.7323,1.7063,stand_5,226.2676,0.0,0.06981,0.0,0.06981,Sidewalk
893.0,111.2699,4.9114,1.43117,0.0,-0.0,186.7323,1.7063,stand_5,226.2592,0.0,-0.0,0.0,-0.0,Sidewalk
893.5,111.2699,4.9114,1.46608,0.0,0.06981,186.7323,1.7063,stand_5,226.2676,0.0,0.06981,0.0,0.06981,Sidewalk
894.0,111.2699,4.9114,1.46608,0.0,-0.0,186.7323,1.7063,stand_5,226.2592,0.0,-0.0,0.0,-0.0,Sidewalk
894.5,111.2699,4.9114,1.50098,0.0,0.06981,186.7323,1.7063,stand_5,226.2676,0.0,0.06981,0.0,0.06981,Sidewalk
895.0,111.2699,4.9114,1.50098,0.0,-0.0,186.7323,1.7063,stand_5,226.2592,0.0,-0.0,0.0,-0.0,Sidewalk
895.5,111.2699,4.9114,1.53589,0.0,0.06981,186.7323,1.7063,stand_5,226.2676,0.0,0.06981,0.0,0.06981,Sidewalk
896.0,111.2699,4.9114,1.53589,0.0,-0.0,186.7323,1.7063,stand_5,226.2592,0.0,-0.0,0.0,-0.0,Sidewalk
896.5,111.2699,4.9114,1.5708,0.0,0.06981,186.7323,1.7063,stand_5,226.2676,0.0,0.06981,0.0,0.06981,Sidewalk
897.0,111.2699,4.9114,1.5708,0.0,-0.0,186.7323,1.7063,stand_5,226.2592,0.0,-0.0,0.0,-0.0,Sidewalk
897.5,111.2699,4.9114,1.6057,0.0,0.06981,186.7323,1.7063,stand_5,226.2676,0.0,0.06981,0.0,0.06981,Sidewalk
898.0,111.2699,4.9114,1.6057,0.0,-0.0,186.7323,1.7063,stand_5,226.2592,0.0,-0.0,0.0,-0.0,Sidewalk
898.5,111.2699,4.9114,1.64061,0.0,0.06981,186.7323,1.7063,stand_5,226.2676,0.0,0.06981,0.0,0.06981,Sidewalk
899.0,111.2699,4.9114,1.64061,0.0,-0.0,186.7323,1.7063,stand_5,226.2592,0.0,-0.0,0.0,-0.0,Sidewalk
899.5,111.2699,4.9114,1.67552,0.0,0.06981,186.7323,1.7063,stand_5,226.2675,0.0,0.06981,0.0,0.06981,Sidewalk
900.0,111.2699,4.9114,1.67552,0.0,-0.0,186.7323,1.7063,stand_5,226.2592,0.0,-0.0,0.0,-0.0,Sidewalk
900.5,111.2699,4.9114,1.71042,0.0,0.06981,186.7323,1.7063,stand_5,226.2675,0.0,0.06981,0.0,0.06981,Sidewalk
