time,x,y,yaw,v,w,goal_distance,min_person_dist,closest_person,total_cost,action_linear_x,action_angular_z,observation_state_linear_x,observation_state_angular_z,observation_state_road_type
0.5,2.08,3.9972,-0.03491,0.16,-0.06981,295.92,2.9201,walk_east_mid.0,355.8633,0.16,-0.06981,0.16,-0.06981,Sidewalk
1.0,2.2399,3.9916,-0.03491,0.32,-0.0,295.7601,3.3332,walk_east_mid.0,355.0327,0.32,-0.0,0.32,-0.0,Sidewalk
1.5,2.4992,3.9735,-0.06981,0.52,-0.06981,295.5008,3.6577,walk_east_mid.0,354.1864,0.52,-0.06981,0.52,-0.06981,Sidewalk
2.0,2.8192,3.9735,-0.0,0.64,0.13963,295.1808,3.8754,walk_east_mid.0,353.4274,0.64,0.13963,0.64,0.13963,Sidewalk
2.5,3.119,3.963,-0.03491,0.6,-0.06981,294.881,4.1086,walk_east_mid.0,352.8724,0.6,-0.06981,0.6,-0.06981,Sidewalk
3.0,3.4788,3.9756,0.03491,0.72,0.13963,294.5212,4.2784,walk_east_mid.0,352.0093,0.72,0.13963,0.72,0.13963,Sidewalk
3.5,3.8579,4.0021,0.06981,0.76,0.06981,294.1421,4.4134,walk_east_mid.0,351.5502,0.76,0.06981,0.76,0.06981,Sidewalk
4.0,4.2579,4.0021,-0.0,0.8,-0.13963,293.7421,4.4934,walk_east_mid.0,350.7425,0.8,-0.13963,0.8,-0.13963,Sidewalk
4.5,4.6377,3.9888,-0.03491,0.76,-0.06981,293.3623,4.5825,walk_east_mid.0,350.4114,0.76,-0.06981,0.76,-0.06981,Sidewalk
5.0,4.9974,4.0014,0.03491,0.72,0.13963,293.0026,4.758,walk_east_mid.0,349.7915,0.72,0.13963,0.72,0.13963,Sidewalk
5.5,5.4563,4.0335,0.06981,0.92,0.06981,292.5437,4.8741,walk_east_mid.0,348.9536,0.92,0.06981,0.92,0.06981,Sidewalk
6.0,5.8563,4.0335,-0.0,0.8,-0.13963,292.1437,5.038,walk_east_mid.0,348.3743,0.8,-0.13963,0.8,-0.13963,Sidewalk
6.5,6.316,4.0495,0.03491,0.92,0.06981,291.684,5.0625,walk_east_mid.0,347.7354,0.92,0.06981,0.92,0.06981,Sidewalk
7.0,6.7558,4.0649,0.03491,0.88,-0.0,291.2442,5.1796,walk_east_mid.0,347.2454,0.88,-0.0,0.88,-0.0,Sidewalk
7.5,7.2147,4.097,0.06981,0.92,0.06981,290.7854,5.2009,walk_east_mid.0,346.3817,0.92,0.06981,0.92,0.06981,Sidewalk
8.0,7.6547,4.097,-0.0,0.88,-0.13963,290.3454,5.2941,walk_east_mid.0,345.8552,0.88,-0.13963,0.88,-0.13963,Sidewalk
8.5,8.1144,4.113,0.03491,0.92,0.06981,289.8856,5.3072,walk_east_mid.0,345.2427,0.92,0.06981,0.92,0.06981,Sidewalk
9.0,8.5541,4.1284,0.03491,0.88,-0.0,289.4459,5.4081,walk_east_mid.0,344.7832,0.88,-0.0,0.88,-0.0,Sidewalk
9.5,9.0141,4.1284,-0.0,0.92,-0.06981,288.9859,5.5301,walk_east_mid.0,344.0432,0.92,-0.06981,0.92,-0.06981,Sidewalk
10.0,9.4541,4.1284,-0.0,0.88,-0.0,288.5459,5.5636,walk_east_mid.0,343.5562,0.88,-0.0,0.88,-0.0,Sidewalk
10.5,9.9138,4.1444,0.03491,0.92,0.06981,288.0862,5.5892,walk_east_mid.0,342.8249,0.92,0.06981,0.92,0.06981,Sidewalk
11.0,10.3536,4.1598,0.03491,0.88,-0.0,287.6465,5.6785,walk_east_mid.0,342.3702,0.88,-0.0,0.88,-0.0,Sidewalk
11.5,10.8136,4.1598,-0.0,0.92,-0.06981,287.1865,5.704,walk_east_mid.0,341.7328,0.92,-0.06981,0.92,-0.06981,Sidewalk
12.0,11.2536,4.1598,-0.0,0.88,-0.0,286.7465,5.8223,walk_east_mid.0,341.1903,0.88,-0.0,0.88,-0.0,Sidewalk
12.5,11.7133,4.1758,0.03491,0.92,0.06981,286.2868,5.9195,walk_east_mid.0,340.448,0.92,0.06981,0.92,0.06981,Sidewalk
13.0,12.153,4.1912,0.03491,0.88,-0.0,285.8471,6.0196,walk_east_mid.0,339.9843,0.88,-0.0,0.88,-0.0,Sidewalk
13.5,12.613,4.1912,-0.0,0.92,-0.06981,285.3871,6.0661,walk_east_mid.0,339.3284,0.92,-0.06981,0.92,-0.06981,Sidewalk
14.0,13.053,4.1912,-0.0,0.88,-0.0,284.9471,6.152,walk_east_mid.0,338.8377,0.88,-0.0,0.88,-0.0,Sidewalk
14.5,13.5127,4.2073,0.03491,0.92,0.06981,284.4873,6.2653,walk_east_mid.0,338.1218,0.92,0.06981,0.92,0.06981,Sidewalk
15.0,13.9525,4.2226,0.03491,0.88,-0.0,284.0476,6.4099,walk_east_mid.0,337.642,0.88,-0.0,0.88,-0.0,Sidewalk
15.5,14.4125,4.2226,-0.0,0.92,-0.06981,283.5876,6.5204,walk_east_mid.0,336.956,0.92,-0.06981,0.92,-0.06981,Sidewalk
16.0,14.8525,4.2226,-0.0,0.88,-0.0,283.1476,6.6269,walk_east_mid.0,336.4829,0.88,-0.0,0.88,-0.0,Sidewalk
16.5,15.3122,4.2387,0.03491,0.92,0.06981,282.6879,6.7249,walk_east_mid.0,335.8015,0.92,0.06981,0.92,0.06981,Sidewalk
17.0,15.7519,4.254,0.03491,0.88,-0.0,282.2482,6.8597,walk_east_mid.0,335.332,0.88,-0.0,0.88,-0.0,Sidewalk
17.5,16.2119,4.254,-0.0,0.92,-0.06981,281.7882,6.9734,walk_east_mid.0,334.6473,0.92,-0.06981,0.92,-0.06981,Sidewalk
18.0,16.6519,4.254,-0.0,0.88,-0.0,281.3482,7.1135,walk_east_mid.0,334.184,0.88,-0.0,0.88,-0.0,Sidewalk
18.5,17.1116,4.2701,0.03491,0.92,0.06981,280.8885,6.9766,walk_east_dn.1,333.532,0.92,0.06981,0.92,0.06981,Sidewalk
19.0,17.5514,4.2854,0.03491,0.88,-0.0,280.4488,6.7774,walk_east_dn.1,333.0653,0.88,-0.0,0.88,-0.0,Sidewalk
19.5,18.0114,4.2854,-0.0,0.92,-0.06981,279.9888,6.5841,walk_east_dn.1,332.3807,0.92,-0.06981,0.92,-0.06981,Sidewalk
20.0,18.4514,4.2854,-0.0,0.88,-0.0,279.5488,6.4391,walk_east_dn.1,331.9475,0.88,-0.0,0.88,-0.0,Sidewalk
20.5,18.9111,4.2694,-0.03491,0.92,-0.06981,279.089,6.2055,walk_east_dn.1,331.2851,0.92,-0.06981,0.92,-0.06981,Sidewalk
21.0,19.3508,4.254,-0.03491,0.88,-0.0,278.6493,6.0688,walk_east_dn.1,330.8377,0.88,-0.0,0.88,-0.0,Sidewalk
21.5,19.8108,4.254,-0.0,0.92,0.06981,278.1893,5.9063,walk_east_dn.1,330.1659,0.92,0.06981,0.92,0.06981,Sidewalk
22.0,20.2508,4.254,-0.0,0.88,-0.0,277.7493,5.6706,walk_east_dn.1,329.7389,0.88,-0.0,0.88,-0.0,Sidewalk
22.5,20.7105,4.238,-0.03491,0.92,-0.06981,277.2896,5.5293,walk_east_dn.1,329.0786,0.92,-0.06981,0.92,-0.06981,Sidewalk
23.0,21.1503,4.2226,-0.03491,0.88,-0.0,276.8498,5.3368,walk_east_dn.1,328.6329,0.88,-0.0,0.88,-0.0,Sidewalk
23.5,21.6103,4.2226,-0.0,0.92,0.06981,276.3898,5.2231,walk_east_dn.1,327.9537,0.92,0.06981,0.92,0.06981,Sidewalk
24.0,22.0503,4.2226,-0.0,0.88,-0.0,275.9498,5.0496,walk_east_dn.1,327.5277,0.88,-0.0,0.88,-0.0,Sidewalk
24.5,22.51,4.2066,-0.03491,0.92,-0.06981,275.4901,4.8998,walk_east_dn.1,326.8769,0.92,-0.06981,0.92,-0.06981,Sidewalk
25.0,22.9497,4.1912,-0.03491,0.88,-0.0,275.0503,4.655,walk_east_dn.1,326.4324,0.88,-0.0,0.88,-0.0,Sidewalk
25.5,23.4097,4.1912,-0.0,0.92,0.06981,274.5903,4.5393,walk_east_dn.1,325.7793,0.92,0.06981,0.92,0.06981,Sidewalk
26.0,23.8497,4.1912,-0.0,0.88,-0.0,274.1503,4.3911,walk_east_dn.1,325.3896,0.88,-0.0,0.88,-0.0,Sidewalk
26.5,24.3094,4.1752,-0.03491,0.92,-0.06981,273.6906,4.1447,walk_east_dn.1,324.7824,0.92,-0.06981,0.92,-0.06981,Sidewalk
27.0,24.7492,4.1598,-0.03491,0.88,-0.0,273.2509,4.0101,walk_east_dn.1,324.3776,0.88,-0.0,0.88,-0.0,Sidewalk
27.5,25.2092,4.1598,-0.0,0.92,0.06981,272.7909,3.8728,walk_east_dn.1,323.7345,0.92,0.06981,0.92,0.06981,Sidewalk
28.0,25.6492,4.1598,-0.0,0.88,-0.0,272.3509,3.6775,walk_east_dn.1,323.3661,0.88,-0.0,0.88,-0.0,Sidewalk
28.5,26.1089,4.1437,-0.03491,0.92,-0.06981,271.8911,3.5028,walk_east_dn.1,322.7617,0.92,-0.06981,0.92,-0.06981,Sidewalk
29.0,26.5486,4.1284,-0.03491,0.88,-0.0,271.4514,3.2608,walk_east_dn.1,322.3994,0.88,-0.0,0.88,-0.0,Sidewalk
29.5,27.0086,4.1284,-0.0,0.92,0.06981,270.9914,3.1073,walk_east_dn.1,321.7775,0.92,0.06981,0.92,0.06981,Sidewalk
30.0,27.4486,4.1284,-0.0,0.88,-0.0,270.5514,2.8454,walk_east_dn.1,321.4658,0.88,-0.0,0.88,-0.0,Sidewalk
30.5,27.9083,4.1123,-0.03491,0.92,-0.06981,270.0917,2.6487,walk_east_dn.1,320.9089,0.92,-0.06981,0.92,-0.06981,Sidewalk
31.0,28.3481,4.097,-0.03491,0.88,-0.0,269.6519,2.4786,walk_east_dn.1,320.5688,0.88,-0.0,0.88,-0.0,Sidewalk
31.5,28.8081,4.097,-0.0,0.92,0.06981,269.1919,2.2386,walk_east_dn.1,320.0534,0.92,0.06981,0.92,0.06981,Sidewalk
32.0,29.2481,4.097,-0.0,0.88,-0.0,268.7519,2.1028,walk_east_dn.1,319.7519,0.88,-0.0,0.88,-0.0,Sidewalk
32.5,29.7078,4.113,0.03491,0.92,0.06981,268.2922,1.9857,walk_east_dn.1,319.2213,0.92,0.06981,0.92,0.06981,Sidewalk
33.0,30.1475,4.1284,0.03491,0.88,-0.0,267.8525,1.7633,walk_east_dn.1,319.0423,0.88,-0.0,0.88,-0.0,Sidewalk
33.5,30.6075,4.1284,-0.0,0.92,-0.06981,267.3925,1.5418,walk_east_dn.1,318.7188,0.92,-0.06981,0.92,-0.06981,Sidewalk
34.0,31.0475,4.1284,-0.0,0.88,-0.0,266.9525,1.3876,walk_east_dn.1,318.6563,0.88,-0.0,0.88,-0.0,Sidewalk
34.5,31.5072,4.1444,0.03491,0.92,0.06981,266.4928,1.2825,walk_east_dn.1,318.3197,0.92,0.06981,0.92,0.06981,Sidewalk
35.0,31.947,4.1598,0.03491,0.88,-0.0,266.0531,1.0982,walk_east_dn.1,318.6306,0.88,-0.0,0.88,-0.0,Sidewalk
35.5,32.407,4.1598,-0.0,0.92,-0.06981,265.5931,0.9698,walk_east_dn.1,318.7573,0.92,-0.06981,0.92,-0.06981,Sidewalk
36.0,32.847,4.1598,-0.0,0.88,-0.0,265.1531,0.8964,walk_east_dn.1,319.0026,0.88,-0.0,0.88,-0.0,Sidewalk
36.5,33.3067,4.1758,0.03491,0.92,0.06981,264.6934,0.8669,walk_east_dn.1,318.6835,0.92,0.06981,0.92,0.06981,Sidewalk
37.0,33.7464,4.1912,0.03491,0.88,-0.0,264.2536,0.8506,walk_east_dn.1,318.4392,0.88,-0.0,0.88,-0.0,Sidewalk
37.5,34.2064,4.1912,-0.0,0.92,-0.06981,263.7936,0.856,walk_east_dn.1,317.6923,0.92,-0.06981,0.92,-0.06981,Sidewalk
38.0,34.6464,4.1912,-0.0,0.88,-0.0,263.3536,0.9149,walk_east_dn.1,317.3478,0.88,-0.0,0.88,-0.0,Sidewalk
38.5,35.1061,4.2073,0.03491,0.92,0.06981,262.8939,0.9914,walk_east_dn.1,316.2232,0.92,0.06981,0.92,0.06981,Sidewalk
39.0,35.5459,4.2226,0.03491,0.88,-0.0,262.4542,1.0866,walk_east_dn.1,315.5843,0.88,-0.0,0.88,-0.0,Sidewalk
39.5,35.925,4.2491,0.06981,0.76,0.06981,262.0752,1.2359,walk_east_dn.1,315.171,0.76,0.06981,0.76,0.06981,Sidewalk
40.0,36.3639,4.2798,0.06981,0.88,-0.0,261.6363,1.3674,walk_east_dn.1,313.9067,0.88,-0.0,0.88,-0.0,Sidewalk
40.5,36.8236,4.2959,0.03491,0.92,-0.06981,261.1766,1.5183,walk_east_dn.1,313.8236,0.92,-0.06981,0.92,-0.06981,Sidewalk
41.0,37.2633,4.3112,0.03491,0.88,-0.0,260.7369,1.7365,walk_east_dn.1,312.7085,0.88,-0.0,0.88,-0.0,Sidewalk
41.5,37.6025,4.3349,0.06981,0.68,0.06981,260.3977,2.0042,walk_east_dn.1,312.2735,0.68,0.06981,0.68,0.06981,Sidewalk
42.0,38.0414,4.3656,0.06981,0.88,-0.0,259.9588,2.1781,walk_east_dn.1,311.0627,0.88,-0.0,0.88,-0.0,Sidewalk
42.5,38.5012,4.3817,0.03491,0.92,-0.06981,259.4991,2.3013,walk_east_dn.1,311.9587,0.92,-0.06981,0.92,-0.06981,Sidewalk
43.0,38.9409,4.397,0.03491,0.88,-0.0,259.0594,2.4903,walk_east_dn.1,310.0888,0.88,-0.0,0.88,-0.0,Sidewalk
43.5,39.4009,4.397,-0.0,0.92,-0.06981,258.5994,2.631,walk_east_dn.1,312.4591,0.92,-0.06981,0.92,-0.06981,Sidewalk
44.0,39.8409,4.397,-0.0,0.88,-0.0,258.1594,2.8847,walk_east_dn.1,309.4084,0.88,-0.0,0.88,-0.0,Sidewalk
44.5,40.1807,4.4089,0.03491,0.68,0.06981,257.8196,3.1659,walk_east_dn.1,308.3405,0.68,0.06981,0.68,0.06981,Sidewalk
45.0,40.6204,4.4243,0.03491,0.88,-0.0,257.3799,3.3071,walk_east_dn.1,307.8254,0.88,-0.0,0.88,-0.0,Sidewalk
45.5,40.9596,4.4005,-0.06981,0.68,-0.20944,257.0407,3.6136,walk_east_dn.1,308.8375,0.68,-0.20944,0.68,-0.20944,Sidewalk
46.0,41.2389,4.381,-0.06981,0.56,-0.0,256.7614,3.9747,walk_east_dn.1,307.272,0.56,-0.0,0.56,-0.0,Sidewalk
46.5,41.6187,4.3678,-0.03491,0.76,0.06981,256.3816,4.2562,walk_east_dn.1,305.9056,0.76,0.06981,0.76,0.06981,Sidewalk
47.0,41.9785,4.3552,-0.03491,0.72,-0.0,256.0218,4.5175,walk_east_dn.1,305.6393,0.72,-0.0,0.72,-0.0,Sidewalk
47.5,42.4385,4.3552,-0.0,0.92,0.06981,255.5618,4.7033,walk_east_dn.1,304.0646,0.92,0.06981,0.92,0.06981,Sidewalk
48.0,42.8785,4.3552,-0.0,0.88,-0.0,255.1218,4.9238,walk_east_dn.1,303.9405,0.88,-0.0,0.88,-0.0,Sidewalk
48.5,43.2582,4.3685,0.03491,0.76,0.06981,254.742,5.2228,walk_east_dn.1,303.2829,0.76,0.06981,0.76,0.06981,Sidewalk
49.0,43.698,4.3838,0.03491,0.88,-0.0,254.3023,5.4691,walk_east_dn.1,302.3565,0.88,-0.0,0.88,-0.0,Sidewalk
49.5,44.158,4.3838,-0.0,0.92,-0.06981,253.8423,5.704,walk_east_dn.1,301.7946,0.92,-0.06981,0.92,-0.06981,Sidewalk
50.0,44.598,4.3838,-0.0,0.88,-0.0,253.4023,5.8417,walk_east_dn.1,301.0855,0.88,-0.0,0.88,-0.0,Sidewalk
50.5,45.0577,4.3678,-0.03491,0.92,-0.06981,252.9426,5.9844,walk_east_dn.1,300.5198,0.92,-0.06981,0.92,-0.06981,Sidewalk
51.0,45.4974,4.3524,-0.03491,0.88,-0.0,252.5028,6.162,walk_east_dn.1,299.8735,0.88,-0.0,0.88,-0.0,Sidewalk
51.5,45.9574,4.3524,-0.0,0.92,0.06981,252.0428,6.3856,walk_east_dn.1,299.0479,0.92,0.06981,0.92,0.06981,Sidewalk
52.0,46.3974,4.3524,-0.0,0.88,-0.0,251.6028,6.6314,walk_east_dn.1,298.6044,0.88,-0.0,0.88,-0.0,Sidewalk
52.5,46.8571,4.3363,-0.03491,0.92,-0.06981,251.1431,6.8734,walk_east_dn.1,297.9454,0.92,-0.06981,0.92,-0.06981,Sidewalk
53.0,47.2969,4.321,-0.03491,0.88,-0.0,250.7034,7.068,walk_east_dn.1,297.4157,0.88,-0.0,0.88,-0.0,Sidewalk
53.5,47.7569,4.321,-0.0,0.92,0.06981,250.2434,7.3215,walk_east_dn.1,296.6697,0.92,0.06981,0.92,0.06981,Sidewalk
54.0,48.1969,4.321,-0.0,0.88,-0.0,249.8034,7.561,walk_east_dn.1,296.2266,0.88,-0.0,0.88,-0.0,Sidewalk
54.5,48.6566,4.3049,-0.03491,0.92,-0.06981,249.3436,7.8056,walk_east_dn.1,295.5636,0.92,-0.06981,0.92,-0.06981,Sidewalk
55.0,49.0963,4.2896,-0.03491,0.88,-0.0,248.9039,8.0602,walk_east_dn.1,295.0715,0.88,-0.0,0.88,-0.0,Sidewalk
55.5,49.5563,4.2896,-0.0,0.92,0.06981,248.4439,8.2903,walk_east_dn.1,294.3654,0.92,0.06981,0.92,0.06981,Sidewalk
56.0,49.9963,4.2896,-0.0,0.88,-0.0,248.0039,8.5198,walk_east_dn.1,293.929,0.88,-0.0,0.88,-0.0,Sidewalk
56.5,50.456,4.2735,-0.03491,0.92,-0.06981,247.5441,8.7315,walk_east_dn.1,293.2717,0.92,-0.06981,0.92,-0.06981,Sidewalk
57.0,50.8958,4.2582,-0.03491,0.88,-0.0,247.1044,8.7713,walk_east_dn.2,292.8114,0.88,-0.0,0.88,-0.0,Sidewalk
57.5,51.3558,4.2582,-0.0,0.92,0.06981,246.6444,8.6579,walk_east_dn.2,292.1241,0.92,0.06981,0.92,0.06981,Sidewalk
58.0,51.7958,4.2582,-0.0,0.88,-0.0,246.2044,8.3859,walk_east_dn.2,291.689,0.88,-0.0,0.88,-0.0,Sidewalk
58.5,52.2555,4.2742,0.03491,0.92,0.06981,245.7447,8.2495,walk_east_dn.2,291.0363,0.92,0.06981,0.92,0.06981,Sidewalk
59.0,52.6952,4.2896,0.03491,0.88,-0.0,245.305,8.0861,walk_east_dn.2,290.5825,0.88,-0.0,0.88,-0.0,Sidewalk
59.5,53.1552,4.2896,-0.0,0.92,-0.06981,244.845,7.8572,walk_east_dn.2,289.8998,0.92,-0.06981,0.92,-0.06981,Sidewalk
60.0,53.5952,4.2896,-0.0,0.88,-0.0,244.405,7.6525,walk_east_dn.2,289.4725,0.88,-0.0,0.88,-0.0,Sidewalk
60.5,54.0549,4.2735,-0.03491,0.92,-0.06981,243.9452,7.4369,walk_east_dn.2,288.8207,0.92,-0.06981,0.92,-0.06981,Sidewalk
61.0,54.4947,4.2582,-0.03491,0.88,-0.0,243.5055,7.1749,walk_east_dn.2,288.3705,0.88,-0.0,0.88,-0.0,Sidewalk
61.5,54.9547,4.2582,-0.0,0.92,0.06981,243.0455,6.9765,walk_east_dn.2,287.7049,0.92,0.06981,0.92,0.06981,Sidewalk
62.0,55.3947,4.2582,-0.0,0.88,-0.0,242.6055,6.7799,walk_east_dn.2,287.3028,0.88,-0.0,0.88,-0.0,Sidewalk
62.5,55.8544,4.2421,-0.03491,0.92,-0.06981,242.1457,6.5409,walk_east_dn.2,286.6675,0.92,-0.06981,0.92,-0.06981,Sidewalk
63.0,56.2941,4.2268,-0.03491,0.88,-0.0,241.706,6.381,walk_east_dn.2,286.2501,0.88,-0.0,0.88,-0.0,Sidewalk
63.5,56.7541,4.2268,-0.0,0.92,0.06981,241.246,6.2286,walk_east_dn.2,285.5928,0.92,0.06981,0.92,0.06981,Sidewalk
64.0,57.1941,4.2268,-0.0,0.88,-0.0,240.806,6.0396,walk_east_dn.2,285.1941,0.88,-0.0,0.88,-0.0,Sidewalk
64.5,57.6538,4.2107,-0.03491,0.92,-0.06981,240.3463,5.8393,walk_east_dn.2,284.5609,0.92,-0.06981,0.92,-0.06981,Sidewalk
65.0,58.0936,4.1954,-0.03491,0.88,-0.0,239.9065,5.6317,walk_east_dn.2,284.1501,0.88,-0.0,0.88,-0.0,Sidewalk
65.5,58.5536,4.1954,-0.0,0.92,0.06981,239.4465,5.3921,walk_east_dn.2,283.5039,0.92,0.06981,0.92,0.06981,Sidewalk
66.0,58.9936,4.1954,-0.0,0.88,-0.0,239.0065,5.2198,walk_east_dn.2,283.1094,0.88,-0.0,0.88,-0.0,Sidewalk
66.5,59.4533,4.1793,-0.03491,0.92,-0.06981,238.5468,5.0161,walk_east_dn.2,282.4838,0.92,-0.06981,0.92,-0.06981,Sidewalk
67.0,59.893,4.1639,-0.03491,0.88,-0.0,238.107,4.88,walk_east_dn.2,282.0706,0.88,-0.0,0.88,-0.0,Sidewalk
67.5,60.353,4.1639,-0.0,0.92,0.06981,237.647,4.734,walk_east_dn.2,281.4192,0.92,0.06981,0.92,0.06981,Sidewalk
68.0,60.793,4.1639,-0.0,0.88,-0.0,237.207,4.5169,walk_east_dn.2,281.038,0.88,-0.0,0.88,-0.0,Sidewalk
68.5,61.2527,4.1479,-0.03491,0.92,-0.06981,236.7473,4.3328,walk_east_dn.2,280.419,0.92,-0.06981,0.92,-0.06981,Sidewalk
69.0,61.6925,4.1325,-0.03491,0.88,-0.0,236.3076,4.1003,walk_east_dn.2,280.0286,0.88,-0.0,0.88,-0.0,Sidewalk
69.5,62.1525,4.1325,-0.0,0.92,0.06981,235.8476,3.9243,walk_east_dn.2,279.3912,0.92,0.06981,0.92,0.06981,Sidewalk
70.0,62.5925,4.1325,-0.0,0.88,-0.0,235.4076,3.6904,walk_east_dn.2,279.0307,0.88,-0.0,0.88,-0.0,Sidewalk
70.5,63.0522,4.1165,-0.03491,0.92,-0.06981,234.9478,3.5629,walk_east_dn.2,278.415,0.92,-0.06981,0.92,-0.06981,Sidewalk
71.0,63.4919,4.1011,-0.03491,0.88,-0.0,234.5081,3.3039,walk_east_dn.2,278.0543,0.88,-0.0,0.88,-0.0,Sidewalk
71.5,63.9519,4.1011,-0.0,0.92,0.06981,234.0481,3.1244,walk_east_dn.2,277.439,0.92,0.06981,0.92,0.06981,Sidewalk
72.0,64.3919,4.1011,-0.0,0.88,-0.0,233.6081,2.9689,walk_east_dn.2,277.0844,0.88,-0.0,0.88,-0.0,Sidewalk
72.5,64.8516,4.0851,-0.03491,0.92,-0.06981,233.1484,2.7455,walk_east_dn.2,276.5318,0.92,-0.06981,0.92,-0.06981,Sidewalk
73.0,65.2914,4.0697,-0.03491,0.88,-0.0,232.7086,2.5399,walk_east_dn.2,276.2023,0.88,-0.0,0.88,-0.0,Sidewalk
73.5,65.7514,4.0697,-0.0,0.92,0.06981,232.2486,2.3795,walk_east_dn.2,275.6239,0.92,0.06981,0.92,0.06981,Sidewalk
74.0,66.1914,4.0697,-0.0,0.88,-0.0,231.8086,2.1357,walk_east_dn.2,275.3919,0.88,-0.0,0.88,-0.0,Sidewalk
74.5,66.6511,4.0858,0.03491,0.92,0.06981,231.3489,1.9266,walk_east_dn.2,274.9495,0.92,0.06981,0.92,0.06981,Sidewalk
75.0,67.0908,4.1011,0.03491,0.88,-0.0,230.9092,1.7505,walk_east_dn.2,274.7273,0.88,-0.0,0.88,-0.0,Sidewalk
75.5,67.5508,4.1011,-0.0,0.92,-0.06981,230.4492,1.6439,walk_east_dn.2,274.2075,0.92,-0.06981,0.92,-0.06981,Sidewalk
76.0,67.9908,4.1011,-0.0,0.88,-0.0,230.0092,1.4953,walk_east_dn.2,274.075,0.88,-0.0,0.88,-0.0,Sidewalk
76.5,68.4505,4.1172,0.03491,0.92,0.06981,229.5495,1.397,walk_east_dn.2,273.6614,0.92,0.06981,0.92,0.06981,Sidewalk
77.0,68.8903,4.1325,0.03491,0.88,-0.0,229.1098,1.2654,walk_east_dn.2,273.6062,0.88,-0.0,0.88,-0.0,Sidewalk
77.5,69.3503,4.1325,-0.0,0.92,-0.06981,228.6498,1.1159,walk_east_dn.2,273.5299,0.92,-0.06981,0.92,-0.06981,Sidewalk
78.0,69.7903,4.1325,-0.0,0.88,-0.0,228.2098,0.9524,walk_east_dn.2,274.1593,0.88,-0.0,0.88,-0.0,Sidewalk
78.5,70.25,4.1486,0.03491,0.92,0.06981,227.7501,0.8518,walk_east_dn.2,274.5295,0.92,0.06981,0.92,0.06981,Sidewalk
79.0,70.6897,4.1639,0.03491,0.88,-0.0,227.3103,0.823,walk_east_dn.2,274.4686,0.88,-0.0,0.88,-0.0,Sidewalk
79.5,71.1497,4.1639,-0.0,0.92,-0.06981,226.8503,0.8286,walk_east_dn.2,273.7109,0.92,-0.06981,0.92,-0.06981,Sidewalk
80.0,71.5897,4.1639,-0.0,0.88,-0.0,226.4103,0.8949,walk_east_dn.2,273.3881,0.88,-0.0,0.88,-0.0,Sidewalk
80.5,72.0494,4.18,0.03491,0.92,0.06981,225.9506,0.9618,walk_east_dn.2,272.1883,0.92,0.06981,0.92,0.06981,Sidewalk
81.0,72.4892,4.1954,0.03491,0.88,-0.0,225.5109,1.0891,walk_east_dn.2,271.4147,0.88,-0.0,0.88,-0.0,Sidewalk
81.5,72.9082,4.2246,0.06981,0.84,0.06981,225.092,1.3102,walk_east_dn.2,270.4635,0.84,0.06981,0.84,0.06981,Sidewalk
82.0,73.3471,4.2553,0.06981,0.88,-0.0,224.6531,1.5309,walk_east_dn.2,269.5076,0.88,-0.0,0.88,-0.0,Sidewalk
82.5,73.8068,4.2714,0.03491,0.92,-0.06981,224.1934,1.7514,walk_east_dn.2,269.8244,0.92,-0.06981,0.92,-0.06981,Sidewalk
83.0,74.2465,4.2868,0.03491,0.88,-0.0,223.7536,1.9951,walk_east_dn.2,268.4391,0.88,-0.0,0.88,-0.0,Sidewalk
83.5,74.5857,4.3105,0.06981,0.68,0.06981,223.4145,2.2657,walk_east_dn.2,267.7408,0.68,0.06981,0.68,0.06981,Sidewalk
84.0,75.0246,4.3412,0.06981,0.88,-0.0,222.9756,2.4241,walk_east_dn.2,266.7083,0.88,-0.0,0.88,-0.0,Sidewalk
84.5,75.4844,4.3572,0.03491,0.92,-0.06981,222.5159,2.5618,walk_east_dn.2,268.1605,0.92,-0.06981,0.92,-0.06981,Sidewalk
85.0,75.9241,4.3726,0.03491,0.88,-0.0,222.0762,2.713,walk_east_dn.2,265.7239,0.88,-0.0,0.88,-0.0,Sidewalk
85.5,76.2243,4.213,-0.48869,0.68,-1.0472,221.7758,3.0225,walk_east_dn.2,268.7151,0.68,-1.0472,0.68,-1.0472,Sidewalk
86.0,76.4362,4.1003,-0.48869,0.48,-0.0,221.5638,3.3707,walk_east_dn.2,266.0489,0.48,-0.0,0.48,-0.0,Sidewalk
86.5,76.6835,4.0199,-0.31416,0.52,0.34907,221.3165,3.7123,walk_east_dn.2,264.898,0.52,0.34907,0.52,0.34907,Sidewalk
87.0,76.994,3.9425,-0.24435,0.64,0.13963,221.006,4.0882,walk_east_dn.2,264.1749,0.64,0.13963,0.64,0.13963,Sidewalk
87.5,77.4099,3.8841,-0.13963,0.84,0.20944,220.5902,4.2689,walk_east_dn.2,262.6478,0.84,0.20944,0.84,0.20944,Sidewalk
88.0,77.8488,3.8534,-0.06981,0.88,0.13963,220.1512,4.4354,walk_east_dn.2,262.0864,0.88,0.13963,0.88,0.13963,Sidewalk
88.5,78.2686,3.8387,-0.03491,0.84,0.06981,219.7315,4.7272,walk_east_dn.2,261.7193,0.84,0.06981,0.84,0.06981,Sidewalk
89.0,78.6683,3.8527,0.03491,0.8,0.13963,219.3317,4.9223,walk_east_dn.2,260.8818,0.8,0.13963,0.8,0.13963,Sidewalk
89.5,79.1272,3.8848,0.06981,0.92,0.06981,218.8728,5.1498,walk_east_dn.2,259.8724,0.92,0.06981,0.92,0.06981,Sidewalk
90.0,79.5661,3.9155,0.06981,0.88,-0.0,218.4339,5.2955,walk_east_dn.2,259.5423,0.88,-0.0,0.88,-0.0,Sidewalk
90.5,80.0236,3.9635,0.10472,0.92,0.06981,217.9764,5.4735,walk_east_dn.2,258.5508,0.92,0.06981,0.92,0.06981,Sidewalk
91.0,80.4612,4.0095,0.10472,0.88,-0.0,217.5388,5.6753,walk_east_dn.2,258.1214,0.88,-0.0,0.88,-0.0,Sidewalk
91.5,80.9201,4.0416,0.06981,0.92,-0.06981,217.0799,5.9316,walk_east_dn.2,257.4536,0.92,-0.06981,0.92,-0.06981,Sidewalk
92.0,81.359,4.0723,0.06981,0.88,-0.0,216.641,6.0853,walk_east_dn.2,256.8449,0.88,-0.0,0.88,-0.0,Sidewalk
92.5,81.8187,4.0884,0.03491,0.92,-0.06981,216.1813,6.2743,walk_east_dn.2,256.1868,0.92,-0.06981,0.92,-0.06981,Sidewalk
93.0,82.2584,4.1037,0.03491,0.88,-0.0,215.7416,6.4576,walk_east_dn.2,255.6269,0.88,-0.0,0.88,-0.0,Sidewalk
93.5,82.7173,4.1358,0.06981,0.92,0.06981,215.2827,6.7016,walk_east_dn.2,254.8831,0.92,0.06981,0.92,0.06981,Sidewalk
94.0,83.1563,4.1665,0.06981,0.88,-0.0,214.8438,6.8623,walk_east_dn.2,254.4232,0.88,-0.0,0.88,-0.0,Sidewalk
94.5,83.616,4.1826,0.03491,0.92,-0.06981,214.3841,7.0305,walk_east_dn.2,253.7405,0.92,-0.06981,0.92,-0.06981,Sidewalk
95.0,84.0557,4.1979,0.03491,0.88,-0.0,213.9444,7.1778,walk_east_dn.2,253.2693,0.88,-0.0,0.88,-0.0,Sidewalk
95.5,84.5157,4.1979,-0.0,0.92,-0.06981,213.4844,7.3317,walk_east_dn.2,252.6037,0.92,-0.06981,0.92,-0.06981,Sidewalk
96.0,84.9557,4.1979,-0.0,0.88,-0.0,213.0444,7.487,walk_east_dn.2,252.1287,0.88,-0.0,0.88,-0.0,Sidewalk
96.5,85.4154,4.214,0.03491,0.92,0.06981,212.5847,7.6943,walk_east_dn.2,251.4358,0.92,0.06981,0.92,0.06981,Sidewalk
97.0,85.8552,4.2293,0.03491,0.88,-0.0,212.145,7.851,walk_east_dn.2,250.987,0.88,-0.0,0.88,-0.0,Sidewalk
97.5,86.3152,4.2293,-0.0,0.92,-0.06981,211.685,8.0663,walk_east_dn.2,250.3038,0.92,-0.06981,0.92,-0.06981,Sidewalk
98.0,86.7552,4.2293,-0.0,0.88,-0.0,211.245,10.2855,walk_east_dn.3,249.5305,0.88,-0.0,0.88,-0.0,Sidewalk
98.5,87.2149,4.2133,-0.03491,0.92,-0.06981,210.7852,10.1494,walk_east_dn.3,248.8845,0.92,-0.06981,0.92,-0.06981,Sidewalk
99.0,87.6546,4.1979,-0.03491,0.88,-0.0,210.3455,9.8987,walk_east_dn.3,248.4623,0.88,-0.0,0.88,-0.0,Sidewalk
99.5,88.1146,4.1979,-0.0,0.92,0.06981,209.8855,9.7311,walk_east_dn.3,247.7981,0.92,0.06981,0.92,0.06981,Sidewalk
100.0,88.5546,4.1979,-0.0,0.88,-0.0,209.4455,9.5811,walk_east_dn.3,247.3898,0.88,-0.0,0.88,-0.0,Sidewalk
100.5,89.0143,4.1819,-0.03491,0.92,-0.06981,208.9858,9.4321,walk_east_dn.3,246.7459,0.92,-0.06981,0.92,-0.06981,Sidewalk
101.0,89.4541,4.1665,-0.03491,0.88,-0.0,208.546,9.209,walk_east_dn.3,246.3231,0.88,-0.0,0.88,-0.0,Sidewalk
101.5,89.9141,4.1665,-0.0,0.92,0.06981,208.086,9.0003,walk_east_dn.3,245.6601,0.92,0.06981,0.92,0.06981,Sidewalk
102.0,90.3541,4.1665,-0.0,0.88,-0.0,207.646,8.7378,walk_east_dn.3,245.2574,0.88,-0.0,0.88,-0.0,Sidewalk
102.5,90.8138,4.1504,-0.03491,0.92,-0.06981,207.1863,8.5505,walk_east_dn.3,244.6169,0.92,-0.06981,0.92,-0.06981,Sidewalk
103.0,91.2535,4.1351,-0.03491,0.88,-0.0,206.7465,8.2733,walk_east_dn.3,244.1972,0.88,-0.0,0.88,-0.0,Sidewalk
103.5,91.7135,4.1351,-0.0,0.92,0.06981,206.2865,8.0199,walk_east_dn.3,243.5369,0.92,0.06981,0.92,0.06981,Sidewalk
104.0,92.1535,4.1351,-0.0,0.88,-0.0,205.8465,7.8098,walk_east_dn.3,243.1351,0.88,-0.0,0.88,-0.0,Sidewalk
104.5,92.6132,4.119,-0.03491,0.92,-0.06981,205.3868,7.6422,walk_east_dn.3,242.4966,0.92,-0.06981,0.92,-0.06981,Sidewalk
105.0,93.053,4.1037,-0.03491,0.88,-0.0,204.9471,7.4753,walk_east_dn.3,242.0735,0.88,-0.0,0.88,-0.0,Sidewalk
105.5,93.513,4.1037,-0.0,0.92,0.06981,204.4871,7.2248,walk_east_dn.3,241.4147,0.92,0.06981,0.92,0.06981,Sidewalk
106.0,93.953,4.1037,-0.0,0.88,-0.0,204.0471,7.0826,walk_east_dn.3,241.0121,0.88,-0.0,0.88,-0.0,Sidewalk
106.5,94.4127,4.0876,-0.03491,0.92,-0.06981,203.5873,6.9263,walk_east_dn.3,240.3758,0.92,-0.06981,0.92,-0.06981,Sidewalk
107.0,94.8524,4.0723,-0.03491,0.88,-0.0,203.1476,6.7261,walk_east_dn.3,239.956,0.88,-0.0,0.88,-0.0,Sidewalk
107.5,95.3124,4.0723,-0.0,0.92,0.06981,202.6876,6.5946,walk_east_dn.3,239.2915,0.92,0.06981,0.92,0.06981,Sidewalk
108.0,95.7524,4.0723,-0.0,0.88,-0.0,202.2476,6.4029,walk_east_dn.3,238.8948,0.88,-0.0,0.88,-0.0,Sidewalk
108.5,96.2121,4.0562,-0.03491,0.92,-0.06981,201.7879,6.1562,walk_east_dn.3,238.2685,0.92,-0.06981,0.92,-0.06981,Sidewalk
109.0,96.6519,4.0409,-0.03491,0.88,-0.0,201.3481,5.9095,walk_east_dn.3,237.8552,0.88,-0.0,0.88,-0.0,Sidewalk
109.5,97.1119,4.0409,-0.0,0.92,0.06981,200.8881,5.7452,walk_east_dn.3,237.1954,0.92,0.06981,0.92,0.06981,Sidewalk
110.0,97.5519,4.0409,-0.0,0.88,-0.0,200.4481,5.5239,walk_east_dn.3,236.8068,0.88,-0.0,0.88,-0.0,Sidewalk
110.5,98.0116,4.0248,-0.03491,0.92,-0.06981,199.9884,5.3638,walk_east_dn.3,236.1793,0.92,-0.06981,0.92,-0.06981,Sidewalk
111.0,98.4513,4.0095,-0.03491,0.88,-0.0,199.5487,5.1982,walk_east_dn.3,235.7633,0.88,-0.0,0.88,-0.0,Sidewalk
111.5,98.9113,4.0095,-0.0,0.92,0.06981,199.0887,4.9843,walk_east_dn.3,235.1128,0.92,0.06981,0.92,0.06981,Sidewalk
112.0,99.3513,4.0095,-0.0,0.88,-0.0,198.6487,4.7662,walk_east_dn.3,234.732,0.88,-0.0,0.88,-0.0,Sidewalk
112.5,99.811,3.9934,-0.03491,0.92,-0.06981,198.189,7.3973,walk_east_up.1,233.8746,0.92,-0.06981,0.92,-0.06981,Sidewalk
113.0,100.2508,3.978,-0.03491,0.88,-0.0,197.7492,7.2092,walk_east_up.1,233.4503,0.88,-0.0,0.88,-0.0,Sidewalk
113.5,100.7108,3.978,-0.0,0.92,0.06981,197.2892,6.9923,walk_east_up.1,232.7866,0.92,0.06981,0.92,0.06981,Sidewalk
114.0,101.1508,3.978,-0.0,0.88,-0.0,196.8492,6.8297,walk_east_up.1,232.3889,0.88,-0.0,0.88,-0.0,Sidewalk
114.5,101.6105,3.9941,0.03491,0.92,0.06981,196.3895,8.8094,walk_east_mid.1,231.6549,0.92,0.06981,0.92,0.06981,Sidewalk
115.0,102.0502,4.0095,0.03491,0.88,-0.0,195.9498,8.7091,walk_east_mid.1,231.2246,0.88,-0.0,0.88,-0.0,Sidewalk
115.5,102.5102,4.0095,-0.0,0.92,-0.06981,195.4898,8.6446,walk_east_mid.1,230.5515,0.92,-0.06981,0.92,-0.06981,Sidewalk
116.0,102.9502,4.0095,-0.0,0.88,-0.0,195.0498,8.5783,walk_east_mid.1,230.1464,0.88,-0.0,0.88,-0.0,Sidewalk
116.5,103.4099,3.9934,-0.03491,0.92,-0.06981,194.5901,12.3056,walk_south.2,229.4849,0.92,-0.06981,0.92,-0.06981,Sidewalk
117.0,103.8497,3.978,-0.03491,0.88,-0.0,194.1503,12.2108,stand_2,229.0652,0.88,-0.0,0.88,-0.0,Sidewalk
117.5,104.3097,3.978,-0.0,0.92,0.06981,193.6903,11.7516,stand_2,228.413,0.92,0.06981,0.92,0.06981,Sidewalk
118.0,104.7497,3.978,-0.0,0.88,-0.0,193.2503,11.3124,stand_2,228.0191,0.88,-0.0,0.88,-0.0,Sidewalk
118.5,105.2094,3.962,-0.03491,0.92,-0.06981,192.7906,10.8547,stand_2,227.3992,0.92,-0.06981,0.92,-0.06981,Sidewalk
119.0,105.6491,3.9466,-0.03491,0.88,-0.0,192.3509,10.4171,stand_2,226.9885,0.88,-0.0,0.88,-0.0,Sidewalk
119.5,106.1091,3.9466,-0.0,0.92,0.06981,191.8909,9.9583,stand_2,226.3517,0.92,0.06981,0.92,0.06981,Sidewalk
120.0,106.5491,3.9466,-0.0,0.88,-0.0,191.4509,9.5196,stand_2,225.9673,0.88,-0.0,0.88,-0.0,Sidewalk
120.5,107.0088,3.9306,-0.03491,0.92,-0.06981,190.9912,9.0626,stand_2,225.3611,0.92,-0.06981,0.92,-0.06981,Sidewalk
121.0,107.4486,3.9152,-0.03491,0.88,-0.0,190.5514,8.6258,stand_2,224.9727,0.88,-0.0,0.88,-0.0,Sidewalk
121.5,107.9086,3.9152,-0.0,0.92,0.06981,190.0914,8.1678,stand_2,224.3767,0.92,0.06981,0.92,0.06981,Sidewalk
122.0,108.3486,3.9152,-0.0,0.88,-0.0,189.6514,7.7298,stand_2,224.0138,0.88,-0.0,0.88,-0.0,Sidewalk
122.5,108.8083,3.8992,-0.03491,0.92,-0.06981,189.1917,7.2743,stand_2,223.4339,0.92,-0.06981,0.92,-0.06981,Sidewalk
123.0,109.248,3.8838,-0.03491,0.88,-0.0,188.752,6.8391,stand_2,223.1206,0.88,-0.0,0.88,-0.0,Sidewalk
123.5,109.7069,3.8517,-0.06981,0.92,-0.06981,188.2932,6.3877,stand_2,222.5715,0.92,-0.06981,0.92,-0.06981,Sidewalk
124.0,110.1458,3.821,-0.06981,0.88,-0.0,187.8542,5.9571,stand_2,222.3436,0.88,-0.0,0.88,-0.0,Sidewalk
124.5,110.6056,3.805,-0.03491,0.92,0.06981,187.3945,5.5052,stand_2,222.2391,0.92,0.06981,0.92,0.06981,Sidewalk
125.0,111.0453,3.7896,-0.03491,0.88,-0.0,186.9548,5.0743,stand_2,221.927,0.88,-0.0,0.88,-0.0,Sidewalk
125.5,111.4244,3.7631,-0.06981,0.76,-0.06981,186.5758,4.7068,stand_2,221.7184,0.76,-0.06981,0.76,-0.06981,Sidewalk
126.0,111.8633,3.7324,-0.06981,0.88,-0.0,186.1369,4.284,stand_2,221.7403,0.88,-0.0,0.88,-0.0,Sidewalk
126.5,112.2031,3.7206,-0.03491,0.68,0.06981,185.7971,3.9563,stand_2,222.5411,0.68,0.06981,0.68,0.06981,Sidewalk
127.0,112.6428,3.7052,-0.03491,0.88,-0.0,185.3574,3.5357,stand_2,221.7442,0.88,-0.0,0.88,-0.0,Sidewalk
127.5,112.982,3.6815,-0.06981,0.68,-0.06981,185.0183,3.2185,stand_2,220.9102,0.68,-0.06981,0.68,-0.06981,Sidewalk
128.0,113.4209,3.6508,-0.06981,0.88,-0.0,184.5794,2.8159,stand_2,220.3534,0.88,-0.0,0.88,-0.0,Sidewalk
128.5,113.8806,3.6347,-0.03491,0.92,0.06981,184.1197,2.4012,stand_2,221.5832,0.92,0.06981,0.92,0.06981,Sidewalk
129.0,114.3204,3.6194,-0.03491,0.88,-0.0,183.68,2.023,stand_2,219.6452,0.88,-0.0,0.88,-0.0,Sidewalk
129.5,114.7804,3.6194,-0.0,0.92,0.06981,183.22,1.6499,stand_2,219.8602,0.92,0.06981,0.92,0.06981,Sidewalk
130.0,115.2204,3.6194,-0.0,0.88,-0.0,182.78,1.3444,stand_2,218.8706,0.88,-0.0,0.88,-0.0,Sidewalk
130.5,115.6801,3.6354,0.03491,0.92,0.06981,182.3203,1.1096,stand_2,218.4872,0.92,0.06981,0.92,0.06981,Sidewalk
131.0,116.1198,3.6508,0.03491,0.88,-0.0,181.8805,1.0373,stand_2,217.9671,0.88,-0.0,0.88,-0.0,Sidewalk
131.5,116.5798,3.6508,-0.0,0.92,-0.06981,181.4205,1.1666,stand_2,216.6415,0.92,-0.06981,0.92,-0.06981,Sidewalk
132.0,117.0198,3.6508,-0.0,0.88,-0.0,180.9805,1.4246,stand_2,215.4036,0.88,-0.0,0.88,-0.0,Sidewalk
132.5,117.4795,3.6668,0.03491,0.92,0.06981,180.5208,1.7632,stand_2,214.1441,0.92,0.06981,0.92,0.06981,Sidewalk
133.0,117.9193,3.6822,0.03491,0.88,-0.0,180.081,2.1301,stand_2,213.5621,0.88,-0.0,0.88,-0.0,Sidewalk
133.5,118.3781,3.7143,0.06981,0.92,0.06981,179.6221,2.5316,stand_2,213.1397,0.92,0.06981,0.92,0.06981,Sidewalk
134.0,118.7373,3.7394,0.06981,0.72,-0.0,179.2629,2.8582,stand_2,213.548,0.72,-0.0,0.72,-0.0,Sidewalk
134.5,119.1152,3.7791,0.10472,0.76,0.06981,178.8849,3.2058,stand_2,213.2101,0.76,0.06981,0.76,0.06981,Sidewalk
135.0,119.3909,3.8277,0.17453,0.56,0.13963,178.6091,3.4589,stand_2,213.3878,0.56,0.13963,0.56,0.13963,Sidewalk
135.5,119.6844,3.8901,0.20944,0.6,0.06981,178.3157,3.6268,stand_4,213.2253,0.6,0.06981,0.6,0.06981,Sidewalk
136.0,119.9583,3.9483,0.20944,0.56,-0.0,178.0417,3.3662,stand_4,213.2853,0.56,-0.0,0.56,-0.0,Sidewalk
136.5,120.1717,4.0016,0.24435,0.44,0.06981,177.8283,3.1671,stand_4,213.2624,0.44,0.06981,0.44,0.06981,Sidewalk
137.0,120.3658,4.0499,0.24435,0.4,-0.0,177.6342,2.9885,stand_4,213.2963,0.4,-0.0,0.4,-0.0,Sidewalk
137.5,120.5388,4.0996,0.27925,0.36,0.06981,177.4612,2.8335,stand_4,213.2821,0.36,0.06981,0.36,0.06981,Sidewalk
138.0,120.6926,4.1437,0.27925,0.32,-0.0,177.3074,2.6983,stand_4,213.2727,0.32,-0.0,0.32,-0.0,Sidewalk
138.5,120.8258,4.1869,0.31416,0.28,0.06981,177.1743,2.5852,stand_4,213.3035,0.28,0.06981,0.28,0.06981,Sidewalk
139.0,120.9399,4.224,0.31416,0.24,-0.0,177.0603,2.4904,stand_4,213.2926,0.24,-0.0,0.24,-0.0,Sidewalk
139.5,121.0339,4.2582,0.34907,0.2,0.06981,176.9663,2.4154,stand_4,213.3314,0.2,0.06981,0.2,0.06981,Sidewalk
140.0,121.1435,4.307,0.41888,0.24,0.13963,176.8568,2.334,stand_4,213.3114,0.24,0.13963,0.24,0.13963,Sidewalk
140.5,121.2334,4.3509,0.45379,0.2,0.06981,176.767,2.2715,stand_4,213.3276,0.2,0.06981,0.2,0.06981,Sidewalk
141.0,121.3053,4.3859,0.45379,0.16,-0.0,176.6952,2.2234,stand_4,213.3304,0.16,-0.0,0.16,-0.0,Sidewalk
141.5,121.3759,4.4235,0.48869,0.16,0.06981,176.6246,2.1796,stand_4,213.3395,0.16,0.06981,0.16,0.06981,Sidewalk
142.0,121.4437,4.4659,0.55851,0.16,0.13963,176.5569,2.1428,stand_4,213.3352,0.16,0.13963,0.16,0.13963,Sidewalk
142.5,121.5101,4.5106,0.59341,0.16,0.06981,176.4907,2.1109,stand_4,213.3406,0.16,0.06981,0.16,0.06981,Sidewalk
143.0,121.5432,4.533,0.59341,0.08,-0.0,176.4576,2.096,stand_4,213.3548,0.08,-0.0,0.08,-0.0,Sidewalk
143.5,121.5772,4.5542,0.55851,0.08,-0.06981,176.4237,2.0803,stand_4,213.3635,0.08,-0.06981,0.08,-0.06981,Sidewalk
144.0,121.6111,4.5754,0.55851,0.08,-0.0,176.3899,2.0654,stand_4,213.3575,0.08,-0.0,0.08,-0.0,Sidewalk
144.5,121.6442,4.5977,0.59341,0.08,0.06981,176.3568,2.0376,stand_5,213.3641,0.08,0.06981,0.08,0.06981,Sidewalk
145.0,121.6774,4.6201,0.59341,0.08,-0.0,176.3237,2.0037,stand_5,213.3655,0.08,-0.0,0.08,-0.0,Sidewalk
145.5,121.7098,4.6436,0.62832,0.08,0.06981,176.2914,1.9707,stand_5,213.368,0.08,0.06981,0.08,0.06981,Sidewalk
146.0,121.7404,4.6693,0.69813,0.08,0.13963,176.2609,1.9397,stand_5,213.366,0.08,0.13963,0.08,0.13963,Sidewalk
146.5,121.7701,4.6961,0.73304,0.08,0.06981,176.2312,1.9099,stand_5,213.3666,0.08,0.06981,0.08,0.06981,Sidewalk
147.0,121.7999,4.7229,0.73304,0.08,-0.0,176.2016,1.8805,stand_5,213.3792,0.08,-0.0,0.08,-0.0,Sidewalk
147.5,121.7999,4.7229,0.76794,0.0,0.06981,176.2016,1.8805,stand_5,213.39,0.0,0.06981,0.0,0.06981,Sidewalk
148.0,121.8286,4.7506,0.76794,0.08,-0.0,176.173,1.8525,stand_5,213.3806,0.08,-0.0,0.08,-0.0,Sidewalk
148.5,121.8286,4.7506,0.80285,0.0,0.06981,176.173,1.8525,stand_5,213.3902,0.0,0.06981,0.0,0.06981,Sidewalk
149.0,121.8286,4.7506,0.80285,0.0,-0.0,176.173,1.8525,stand_5,213.3819,0.0,-0.0,0.0,-0.0,Sidewalk
149.5,121.8286,4.7506,0.83776,0.0,0.06981,176.173,1.8525,stand_5,213.3902,0.0,0.06981,0.0,0.06981,Sidewalk
150.0,121.8286,4.7506,0.83776,0.0,-0.0,176.173,1.8525,stand_5,213.3819,0.0,-0.0,0.0,-0.0,Sidewalk
150.5,121.8286,4.7506,0.87266,0.0,0.06981,176.173,1.8525,stand_5,213.3902,0.0,0.06981,0.0,0.06981,Sidewalk
151.0,121.8286,4.7506,0.87266,0.0,-0.0,176.173,1.8525,stand_5,213.3819,0.0,-0.0,0.0,-0.0,Sidewalk
151.5,121.8286,4.7506,0.90757,0.0,0.06981,176.173,1.8525,stand_5,213.3902,0.0,0.06981,0.0,0.06981,Sidewalk
152.0,121.8286,4.7506,0.90757,0.0,-0.0,176.173,1.8525,stand_5,213.3819,0.0,-0.0,0.0,-0.0,Sidewalk
152.5,121.8286,4.7506,0.94248,0.0,0.06981,176.173,1.8525,stand_5,213.3902,0.0,0.06981,0.0,0.06981,Sidewalk
153.0,121.8286,4.7506,0.94248,0.0,-0.0,176.173,1.8525,stand_5,213.3819,0.0,-0.0,0.0,-0.0,Sidewalk
153.5,121.8286,4.7506,0.97738,0.0,0.06981,176.173,1.8525,stand_5,213.3902,0.0,0.06981,0.0,0.06981,Sidewalk
154.0,121.8286,4.7506,0.97738,0.0,-0.0,176.173,1.8525,stand_5,213.3819,0.0,-0.0,0.0,-0.0,Sidewalk
154.5,121.8286,4.7506,1.01229,0.0,0.06981,176.173,1.8525,stand_5,213.3902,0.0,0.06981,0.0,0.06981,Sidewalk
155.0,121.8286,4.7506,1.01229,0.0,-0.0,176.173,1.8525,stand_5,213.3819,0.0,-0.0,0.0,-0.0,Sidewalk
155.5,121.8286,4.7506,1.0472,0.0,0.06981,176.173,1.8525,stand_5,213.3902,0.0,0.06981,0.0,0.06981,Sidewalk
156.0,121.8286,4.7506,1.0472,0.0,-0.0,176.173,1.8525,stand_5,213.3819,0.0,-0.0,0.0,-0.0,Sidewalk
156.5,121.8286,4.7506,1.0821,0.0,0.06981,176.173,1.8525,stand_5,213.3902,0.0,0.06981,0.0,0.06981,Sidewalk
157.0,121.8286,4.7506,1.0821,0.0,-0.0,176.173,1.8525,stand_5,213.3819,0.0,-0.0,0.0,-0.0,Sidewalk
157.5,121.8286,4.7506,1.11701,0.0,0.06981,176.173,1.8525,stand_5,213.3902,0.0,0.06981,0.0,0.06981,Sidewalk
158.0,121.8286,4.7506,1.11701,0.0,-0.0,176.173,1.8525,stand_5,213.3819,0.0,-0.0,0.0,-0.0,Sidewalk
158.5,121.8286,4.7506,1.15192,0.0,0.06981,176.173,1.8525,stand_5,213.3902,0.0,0.06981,0.0,0.06981,Sidewalk
159.0,121.8286,4.7506,1.15192,0.0,-0.0,176.173,1.8525,stand_5,213.3819,0.0,-0.0,0.0,-0.0,Sidewalk
159.5,121.8286,4.7506,1.18682,0.0,0.06981,176.173,1.8525,stand_5,213.3902,0.0,0.06981,0.0,0.06981,Sidewalk
160.0,121.8286,4.7506,1.18682,0.0,-0.0,176.173,1.8525,stand_5,213.3819,0.0,-0.0,0.0,-0.0,Sidewalk
160.5,121.8286,4.7506,1.22173,0.0,0.06981,176.173,1.8525,stand_5,213.3902,0.0,0.06981,0.0,0.06981,Sidewalk
161.0,121.8286,4.7506,1.22173,0.0,-0.0,176.173,1.8525,stand_5,213.3819,0.0,-0.0,0.0,-0.0,Sidewalk
161.5,121.8286,4.7506,1.25664,0.0,0.06981,176.173,1.8525,stand_5,213.3902,0.0,0.06981,0.0,0.06981,Sidewalk
162.0,121.8286,4.7506,1.25664,0.0,-0.0,176.173,1.8525,stand_5,213.3819,0.0,-0.0,0.0,-0.0,Sidewalk
162.5,121.8286,4.7506,1.29154,0.0,0.06981,176.173,1.8525,stand_5,213.3902,0.0,0.06981,0.0,0.06981,Sidewalk
163.0,121.8286,4.7506,1.29154,0.0,-0.0,176.173,1.8525,stand_5,213.3819,0.0,-0.0,0.0,-0.0,Sidewalk
163.5,121.8286,4.7506,1.32645,0.0,0.06981,176.173,1.8525,stand_5,213.3902,0.0,0.06981,0.0,0.06981,Sidewalk
164.0,121.8286,4.7506,1.32645,0.0,-0.0,176.173,1.8525,stand_5,213.3819,0.0,-0.0,0.0,-0.0,Sidewalk
164.5,121.8286,4.7506,1.36136,0.0,0.06981,176.173,1.8525,stand_5,213.3902,0.0,0.06981,0.0,0.06981,Sidewalk
165.0,121.8286,4.7506,1.36136,0.0,-0.0,176.173,1.8525,stand_5,213.3819,0.0,-0.0,0.0,-0.0,Sidewalk
165.5,121.8286,4.7506,1.39626,0.0,0.06981,176.173,1.8525,stand_5,213.3902,0.0,0.06981,0.0,0.06981,Sidewalk
166.0,121.8286,4.7506,1.39626,0.0,-0.0,176.173,1.8525,stand_5,213.3819,0.0,-0.0,0.0,-0.0,Sidewalk
166.5,121.8286,4.7506,1.43117,0.0,0.06981,176.173,1.8525,stand_5,213.3902,0.0,0.06981,0.0,0.06981,Sidewalk
167.0,121.8286,4.7506,1.43117,0.0,-0.0,176.173,1.8525,stand_5,213.3819,0.0,-0.0,0.0,-0.0,Sidewalk
167.5,121.8286,4.7506,1.46608,0.0,0.06981,176.173,1.8525,stand_5,213.3902,0.0,0.06981,0.0,0.06981,Sidewalk
168.0,121.8286,4.7506,1.46608,0.0,-0.0,176.173,1.8525,stand_5,213.3819,0.0,-0.0,0.0,-0.0,Sidewalk
168.5,121.8286,4.7506,1.50098,0.0,0.06981,176.173,1.8525,stand_5,213.3902,0.0,0.06981,0.0,0.06981,Sidewalk
169.0,121.8286,4.7506,1.50098,0.0,-0.0,176.173,1.8525,stand_5,213.3819,0.0,-0.0,0.0,-0.0,Sidewalk
169.5,121.8286,4.7506,1.53589,0.0,0.06981,176.173,1.8525,stand_5,213.3902,0.0,0.06981,0.0,0.06981,Sidewalk
170.0,121.8286,4.7506,1.53589,0.0,-0.0,176.173,1.8525,stand_5,213.3819,0.0,-0.0,0.0,-0.0,Sidewalk
170.5,121.8286,4.7506,1.5708,0.0,0.06981,176.173,1.8525,stand_5,213.3902,0.0,0.06981,0.0,0.06981,Sidewalk
171.0,121.8286,4.7506,1.5708,0.0,-0.0,176.173,1.8525,stand_5,213.3819,0.0,-0.0,0.0,-0.0,Sidewalk
171.5,121.8286,4.7506,1.6057,0.0,0.06981,176.173,1.8525,stand_5,213.3902,0.0,0.06981,0.0,0.06981,Sidewalk
172.0,121.8286,4.7506,1.6057,0.0,-0.0,176.173,1.8525,stand_5,213.3819,0.0,-0.0,0.0,-0.0,Sidewalk
172.5,121.8286,4.7506,1.64061,0.0,0.06981,176.173,1.8525,stand_5,213.3902,0.0,0.06981,0.0,0.06981,Sidewalk
173.0,121.8286,4.7506,1.64061,0.0,-0.0,176.173,1.8525,stand_5,213.3819,0.0,-0.0,0.0,-0.0,Sidewalk
173.5,121.8286,4.7506,1.67552,0.0,0.06981,176.173,1.8525,stand_5,213.3902,0.0,0.06981,0.0,0.06981,Sidewalk
174.0,121.8286,4.7506,1.67552,0.0,-0.0,176.173,1.8525,stand_5,213.3819,0.0,-0.0,0.0,-0.0,Sidewalk
174.5,121.8286,4.7506,1.71042,0.0,0.06981,176.173,1.8525,stand_5,213.3902,0.0,0.06981,0.0,0.06981,Sidewalk
175.0,121.8286,4.7506,1.71042,0.0,-0.0,176.173,1.8525,stand_5,213.3819,0.0,-0.0,0.0,-0.0,Sidewalk
175.5,121.8286,4.7506,1.74533,0.0,0.06981,176.173,1.8525,stand_5,213.3902,0.0,0.06981,0.0,0.06981,Sidewalk
176.0,121.8286,4.7506,1.74533,0.0,-0.0,176.173,1.8525,stand_5,213.3819,0.0,-0.0,0.0,-0.0,Sidewalk
176.5,121.8286,4.7506,1.78024,0.0,0.06981,176.173,1.8525,stand_5,213.3902,0.0,0.06981,0.0,0.06981,Sidewalk
177.0,121.8286,4.7506,1.78024,0.0,-0.0,176.173,1.8525,stand_5,213.3819,0.0,-0.0,0.0,-0.0,Sidewalk
177.5,121.8286,4.7506,1.81514,0.0,0.06981,176.173,1.8525,stand_5,213.3902,0.0,0.06981,0.0,0.06981,Sidewalk
178.0,121.8286,4.7506,1.81514,0.0,-0.0,176.173,1.8525,stand_5,213.3819,0.0,-0.0,0.0,-0.0,Sidewalk
178.5,121.8286,4.7506,1.85005,0.0,0.06981,176.173,1.8525,stand_5,213.3902,0.0,0.06981,0.0,0.06981,Sidewalk
179.0,121.8286,4.7506,1.85005,0.0,-0.0,176.173,1.8525,stand_5,213.3819,0.0,-0.0,0.0,-0.0,Sidewalk
179.5,121.8286,4.7506,1.88496,0.0,0.06981,176.173,1.8525,stand_5,213.3902,0.0,0.06981,0.0,0.06981,Sidewalk
180.0,121.8286,4.7506,1.88496,0.0,-0.0,176.173,1.8525,stand_5,213.3819,0.0,-0.0,0.0,-0.0,Sidewalk
180.5,121.8286,4.7506,1.91986,0.0,0.06981,176.173,1.8525,stand_5,213.3902,0.0,0.06981,0.0,0.06981,Sidewalk
181.0,121.8286,4.7506,1.91986,0.0,-0.0,176.173,1.8525,stand_5,213.3819,0.0,-0.0,0.0,-0.0,Sidewalk
181.5,121.8286,4.7506,1.95477,0.0,0.06981,176.173,1.8525,stand_5,213.3902,0.0,0.06981,0.0,0.06981,Sidewalk
182.0,121.8286,4.7506,1.95477,0.0,-0.0,176.173,1.8525,stand_5,213.3819,0.0,-0.0,0.0,-0.0,Sidewalk
182.5,121.8286,4.7506,1.98968,0.0,0.06981,176.173,1.8525,stand_5,213.3902,0.0,0.06981,0.0,0.06981,Sidewalk
183.0,121.8286,4.7506,1.98968,0.0,-0.0,176.173,1.8525,stand_5,213.3819,0.0,-0.0,0.0,-0.0,Sidewalk
183.5,121.8286,4.7506,2.02458,0.0,0.06981,176.173,1.8525,stand_5,213.3902,0.0,0.06981,0.0,0.06981,Sidewalk
184.0,121.8286,4.7506,2.02458,0.0,-0.0,176.173,1.8525,stand_5,213.3819,0.0,-0.0,0.0,-0.0,Sidewalk
184.5,121.8286,4.7506,2.05949,0.0,0.06981,176.173,1.8525,stand_5,213.3902,0.0,0.06981,0.0,0.06981,Sidewalk
185.0,121.8286,4.7506,2.05949,0.0,-0.0,176.173,1.8525,stand_5,213.3819,0.0,-0.0,0.0,-0.0,Sidewalk
185.5,121.8286,4.7506,2.0944,0.0,0.06981,176.173,1.8525,stand_5,213.3902,0.0,0.06981,0.0,0.06981,Sidewalk
186.0,121.8286,4.7506,2.0944,0.0,-0.0,176.173,1.8525,stand_5,213.3819,0.0,-0.0,0.0,-0.0,Sidewalk
186.5,121.8286,4.7506,2.1293,0.0,0.06981,176.173,1.8525,stand_5,213.3902,0.0,0.06981,0.0,0.06981,Sidewalk
187.0,121.8286,4.7506,2.1293,0.0,-0.0,176.173,1.8525,stand_5,213.3819,0.0,-0.0,0.0,-0.0,Sidewalk
187.5,121.8286,4.7506,2.16421,0.0,0.06981,176.173,1.8525,stand_5,213.3902,0.0,0.06981,0.0,0.06981,Sidewalk
188.0,121.8286,4.7506,2.16421,0.0,-0.0,176.173,1.8525,stand_5,213.3819,0.0,-0.0,0.0,-0.0,Sidewalk
188.5,121.8286,4.7506,2.19911,0.0,0.06981,176.173,1.8525,stand_5,213.3902,0.0,0.06981,0.0,0.06981,Sidewalk
189.0,121.8286,4.7506,2.19911,0.0,-0.0,176.173,1.8525,stand_5,213.3819,0.0,-0.0,0.0,-0.0,Sidewalk
189.5,121.8286,4.7506,2.23402,0.0,0.06981,176.173,1.8525,stand_5,213.3902,0.0,0.06981,0.0,0.06981,Sidewalk
190.0,121.8286,4.7506,2.23402,0.0,-0.0,176.173,1.8525,stand_5,213.3819,0.0,-0.0,0.0,-0.0,Sidewalk
190.5,121.8286,4.7506,2.26893,0.0,0.06981,176.173,1.8525,stand_5,213.3902,0.0,0.06981,0.0,0.06981,Sidewalk
191.0,121.8286,4.7506,2.26893,0.0,-0.0,176.173,1.8525,stand_5,213.3819,0.0,-0.0,0.0,-0.0,Sidewalk
191.5,121.8286,4.7506,2.30383,0.0,0.06981,176.173,1.8525,stand_5,213.3902,0.0,0.06981,0.0,0.06981,Sidewalk
192.0,121.8286,4.7506,2.30383,0.0,-0.0,176.173,1.8525,stand_5,213.3819,0.0,-0.0,0.0,-0.0,Sidewalk
192.5,121.8286,4.7506,2.33874,0.0,0.06981,176.173,1.8525,stand_5,213.3902,0.0,0.06981,0.0,0.06981,Sidewalk
193.0,121.8286,4.7506,2.33874,0.0,-0.0,176.173,1.8525,stand_5,213.3819,0.0,-0.0,0.0,-0.0,Sidewalk
193.5,121.8286,4.7506,2.37365,0.0,0.06981,176.173,1.8525,stand_5,213.3902,0.0,0.06981,0.0,0.06981,Sidewalk
194.0,121.8286,4.7506,2.37365,0.0,-0.0,176.173,1.8525,stand_5,213.3819,0.0,-0.0,0.0,-0.0,Sidewalk
194.5,121.8286,4.7506,2.40855,0.0,0.06981,176.173,1.8525,stand_5,213.3902,0.0,0.06981,0.0,0.06981,Sidewalk
195.0,121.8286,4.7506,2.40855,0.0,-0.0,176.173,1.8525,stand_5,213.3819,0.0,-0.0,0.0,-0.0,Sidewalk
195.5,121.8286,4.7506,2.44346,0.0,0.06981,176.173,1.8525,stand_5,213.3902,0.0,0.06981,0.0,0.06981,Sidewalk
196.0,121.8286,4.7506,2.44346,0.0,-0.0,176.173,1.8525,stand_5,213.3819,0.0,-0.0,0.0,-0.0,Sidewalk
196.5,121.8286,4.7506,2.47837,0.0,0.06981,176.173,1.8525,stand_5,213.3902,0.0,0.06981,0.0,0.06981,Sidewalk
197.0,121.8286,4.7506,2.47837,0.0,-0.0,176.173,1.8525,stand_5,213.3819,0.0,-0.0,0.0,-0.0,Sidewalk
197.5,121.8286,4.7506,2.51327,0.0,0.06981,176.173,1.8525,stand_5,213.3902,0.0,0.06981,0.0,0.06981,Sidewalk
198.0,121.8286,4.7506,2.51327,0.0,-0.0,176.173,1.8525,stand_5,213.3819,0.0,-0.0,0.0,-0.0,Sidewalk
198.5,121.8286,4.7506,2.54818,0.0,0.06981,176.173,1.8525,stand_5,213.3902,0.0,0.06981,0.0,0.06981,Sidewalk
199.0,121.8286,4.7506,2.54818,0.0,-0.0,176.173,1.8525,stand_5,213.3819,0.0,-0.0,0.0,-0.0,Sidewalk
199.5,121.8286,4.7506,2.58309,0.0,0.06981,176.173,1.8525,stand_5,213.3902,0.0,0.06981,0.0,0.06981,Sidewalk
200.0,121.8286,4.7506,2.58309,0.0,-0.0,176.173,1.8525,stand_5,213.3819,0.0,-0.0,0.0,-0.0,Sidewalk
200.5,121.8286,4.7506,2.61799,0.0,0.06981,176.173,1.8525,stand_5,213.3902,0.0,0.06981,0.0,0.06981,Sidewalk
201.0,121.8286,4.7506,2.61799,0.0,-0.0,176.173,1.8525,stand_5,213.3819,0.0,-0.0,0.0,-0.0,Sidewalk
201.5,121.8286,4.7506,2.6529,0.0,0.06981,176.173,1.8525,stand_5,213.3902,0.0,0.06981,0.0,0.06981,Sidewalk
202.0,121.8286,4.7506,2.6529,0.0,-0.0,176.173,1.8525,stand_5,213.3819,0.0,-0.0,0.0,-0.0,Sidewalk
202.5,121.8286,4.7506,2.68781,0.0,0.06981,176.173,1.8525,stand_5,213.3902,0.0,0.06981,0.0,0.06981,Sidewalk
203.0,121.8286,4.7506,2.68781,0.0,-0.0,176.173,1.8525,stand_5,213.3819,0.0,-0.0,0.0,-0.0,Sidewalk
203.5,121.8286,4.7506,2.72271,0.0,0.06981,176.173,1.8525,stand_5,213.3902,0.0,0.06981,0.0,0.06981,Sidewalk
204.0,121.8286,4.7506,2.72271,0.0,-0.0,176.173,1.8525,stand_5,213.3819,0.0,-0.0,0.0,-0.0,Sidewalk
204.5,121.8286,4.7506,2.75762,0.0,0.06981,176.173,1.8525,stand_5,213.3902,0.0,0.06981,0.0,0.06981,Sidewalk
205.0,121.8286,4.7506,2.75762,0.0,-0.0,176.173,1.8525,stand_5,213.3819,0.0,-0.0,0.0,-0.0,Sidewalk
205.5,121.8286,4.7506,2.79253,0.0,0.06981,176.173,1.8525,stand_5,213.3902,0.0,0.06981,0.0,0.06981,Sidewalk
206.0,121.8286,4.7506,2.79253,0.0,-0.0,176.173,1.8525,stand_5,213.3819,0.0,-0.0,0.0,-0.0,Sidewalk
206.5,121.8286,4.7506,2.82743,0.0,0.06981,176.173,1.8525,stand_5,213.3902,0.0,0.06981,0.0,0.06981,Sidewalk
207.0,121.8286,4.7506,2.82743,0.0,-0.0,176.173,1.8525,stand_5,213.3819,0.0,-0.0,0.0,-0.0,Sidewalk
207.5,121.8286,4.7506,2.86234,0.0,0.06981,176.173,1.8525,stand_5,213.3902,0.0,0.06981,0.0,0.06981,Sidewalk
208.0,121.8286,4.7506,2.86234,0.0,-0.0,176.173,1.8525,stand_5,213.3819,0.0,-0.0,0.0,-0.0,Sidewalk
208.5,121.8286,4.7506,2.89725,0.0,0.06981,176.173,1.8525,stand_5,213.3902,0.0,0.06981,0.0,0.06981,Sidewalk
209.0,121.8286,4.7506,2.89725,0.0,-0.0,176.173,1.8525,stand_5,213.3819,0.0,-0.0,0.0,-0.0,Sidewalk
209.5,121.8286,4.7506,2.93215,0.0,0.06981,176.173,1.8525,stand_5,213.3902,0.0,0.06981,0.0,0.06981,Sidewalk
210.0,121.8286,4.7506,2.93215,0.0,-0.0,176.173,1.8525,stand_5,213.3819,0.0,-0.0,0.0,-0.0,Sidewalk
210.5,121.8286,4.7506,2.96706,0.0,0.06981,176.173,1.8525,stand_5,213.3902,0.0,0.06981,0.0,0.06981,Sidewalk
211.0,121.8286,4.7506,2.96706,0.0,-0.0,176.173,1.8525,stand_5,213.3819,0.0,-0.0,0.0,-0.0,Sidewalk
211.5,121.8286,4.7506,3.00197,0.0,0.06981,176.173,1.8525,stand_5,213.3902,0.0,0.06981,0.0,0.06981,Sidewalk
212.0,121.8286,4.7506,3.00197,0.0,-0.0,176.173,1.8525,stand_5,213.3819,0.0,-0.0,0.0,-0.0,Sidewalk
212.5,121.8286,4.7506,3.03687,0.0,0.06981,176.173,1.8525,stand_5,213.3902,0.0,0.06981,0.0,0.06981,Sidewalk
213.0,121.8286,4.7506,3.03687,0.0,-0.0,176.173,1.8525,stand_5,213.3819,0.0,-0.0,0.0,-0.0,Sidewalk
213.5,121.8286,4.7506,3.07178,0.0,0.06981,176.173,1.8525,stand_5,213.3902,0.0,0.06981,0.0,0.06981,Sidewalk
214.0,121.8286,4.7506,3.07178,0.0,-0.0,176.173,1.8525,stand_5,213.3819,0.0,-0.0,0.0,-0.0,Sidewalk
214.5,121.8286,4.7506,3.10669,0.0,0.06981,176.173,1.8525,stand_5,213.3902,0.0,0.06981,0.0,0.06981,Sidewalk
215.0,121.8286,4.7506,3.10669,0.0,-0.0,176.173,1.8525,stand_5,213.3819,0.0,-0.0,0.0,-0.0,Sidewalk
215.5,121.8286,4.7506,3.14159,0.0,0.06981,176.173,1.8525,stand_5,213.3902,0.0,0.06981,0.0,0.06981,Sidewalk
216.0,121.8286,4.7506,3.14159,0.0,-0.0,176.173,1.8525,stand_5,213.3819,0.0,-0.0,0.0,-0.0,Sidewalk
216.5,121.8286,4.7506,-3.10669,0.0,0.06981,176.173,1.8525,stand_5,213.3902,0.0,0.06981,0.0,0.06981,Sidewalk
217.0,121.8286,4.7506,-3.10669,0.0,-0.0,176.173,1.8525,stand_5,213.3819,0.0,-0.0,0.0,-0.0,Sidewalk
217.5,121.8286,4.7506,-3.07178,0.0,0.06981,176.173,1.8525,stand_5,213.3902,0.0,0.06981,0.0,0.06981,Sidewalk
218.0,121.8286,4.7506,-3.07178,0.0,-0.0,176.173,1.8525,stand_5,213.3819,0.0,-0.0,0.0,-0.0,Sidewalk
218.5,121.8286,4.7506,-3.03687,0.0,0.06981,176.173,1.8525,stand_5,213.3902,0.0,0.06981,0.0,0.06981,Sidewalk
219.0,121.8286,4.7506,-3.03687,0.0,-0.0,176.173,1.8525,stand_5,213.3819,0.0,-0.0,0.0,-0.0,Sidewalk
219.5,121.8286,4.7506,-3.00197,0.0,0.06981,176.173,1.8525,stand_5,213.3902,0.0,0.06981,0.0,0.06981,Sidewalk
220.0,121.8286,4.7506,-3.00197,0.0,-0.0,176.173,1.8525,stand_5,213.3819,0.0,-0.0,0.0,-0.0,Sidewalk
220.5,121.8286,4.7506,-2.96706,0.0,0.06981,176.173,1.8525,stand_5,213.3902,0.0,0.06981,0.0,0.06981,Sidewalk
221.0,121.8286,4.7506,-2.96706,0.0,-0.0,176.173,1.8525,stand_5,213.3819,0.0,-0.0,0.0,-0.0,Sidewalk
221.5,121.8286,4.7506,-2.93215,0.0,0.06981,176.173,1.8525,stand_5,213.3902,0.0,0.06981,0.0,0.06981,Sidewalk
222.0,121.8286,4.7506,-2.93215,0.0,-0.0,176.173,1.8525,stand_5,213.3819,0.0,-0.0,0.0,-0.0,Sidewalk
222.5,121.8286,4.7506,-2.89725,0.0,0.06981,176.173,1.8525,stand_5,213.3902,0.0,0.06981,0.0,0.06981,Sidewalk
223.0,121.8286,4.7506,-2.89725,0.0,-0.0,176.173,1.8525,stand_5,213.3819,0.0,-0.0,0.0,-0.0,Sidewalk
223.5,121.8286,4.7506,-2.86234,0.0,0.06981,176.173,1.8525,stand_5,213.3902,0.0,0.06981,0.0,0.06981,Sidewalk
224.0,121.8286,4.7506,-2.86234,0.0,-0.0,176.173,1.8525,stand_5,213.3819,0.0,-0.0,0.0,-0.0,Sidewalk
224.5,121.8286,4.7506,-2.82743,0.0,0.06981,176.173,1.8525,stand_5,213.3902,0.0,0.06981,0.0,0.06981,Sidewalk
225.0,121.8286,4.7506,-2.82743,0.0,-0.0,176.173,1.8525,stand_5,213.3819,0.0,-0.0,0.0,-0.0,Sidewalk
225.5,121.8286,4.7506,-2.79253,0.0,0.06981,176.173,1.8525,stand_5,213.3902,0.0,0.06981,0.0,0.06981,Sidewalk
226.0,121.8286,4.7506,-2.79253,0.0,-0.0,176.173,1.8525,stand_5,213.3819,0.0,-0.0,0.0,-0.0,Sidewalk
226.5,121.8286,4.7506,-2.75762,0.0,0.06981,176.173,1.8525,stand_5,213.3902,0.0,0.06981,0.0,0.06981,Sidewalk
227.0,121.8286,4.7506,-2.75762,0.0,-0.0,176.173,1.8525,stand_5,213.3819,0.0,-0.0,0.0,-0.0,Sidewalk
227.5,121.8286,4.7506,-2.72271,0.0,0.06981,176.173,1.8525,stand_5,213.3902,0.0,0.06981,0.0,0.06981,Sidewalk
228.0,121.8286,4.7506,-2.72271,0.0,-0.0,176.173,1.8525,stand_5,213.3819,0.0,-0.0,0.0,-0.0,Sidewalk
228.5,121.8286,4.7506,-2.68781,0.0,0.06981,176.173,1.8525,stand_5,213.3902,0.0,0.06981,0.0,0.06981,Sidewalk
229.0,121.8286,4.7506,-2.68781,0.0,-0.0,176.173,1.8525,stand_5,213.3819,0.0,-0.0,0.0,-0.0,Sidewalk
229.5,121.8286,4.7506,-2.6529,0.0,0.06981,176.173,1.8525,stand_5,213.3902,0.0,0.06981,0.0,0.06981,Sidewalk
230.0,121.8286,4.7506,-2.6529,0.0,-0.0,176.173,1.8525,stand_5,213.3819,0.0,-0.0,0.0,-0.0,Sidewalk
230.5,121.8286,4.7506,-2.61799,0.0,0.06981,176.173,1.8525,stand_5,213.3902,0.0,0.06981,0.0,0.06981,Sidewalk
231.0,121.8286,4.7506,-2.61799,0.0,-0.0,176.173,1.8525,stand_5,213.3819,0.0,-0.0,0.0,-0.0,Sidewalk
231.5,121.8286,4.7506,-2.58309,0.0,0.06981,176.173,1.8525,stand_5,213.3902,0.0,0.06981,0.0,0.06981,Sidewalk
232.0,121.8286,4.7506,-2.58309,0.0,-0.0,176.173,1.8525,stand_5,213.3819,0.0,-0.0,0.0,-0.0,Sidewalk
232.5,121.8286,4.7506,-2.54818,0.0,0.06981,176.173,1.8525,stand_5,213.3902,0.0,0.06981,0.0,0.06981,Sidewalk
233.0,121.8286,4.7506,-2.54818,0.0,-0.0,176.173,1.8525,stand_5,213.3819,0.0,-0.0,0.0,-0.0,Sidewalk
233.5,121.8286,4.7506,-2.51327,0.0,0.06981,176.173,1.8525,stand_5,213.3902,0.0,0.06981,0.0,0.06981,Sidewalk
234.0,121.8286,4.7506,-2.51327,0.0,-0.0,176.173,1.8525,stand_5,213.3819,0.0,-0.0,0.0,-0.0,Sidewalk
234.5,121.8286,4.7506,-2.47837,0.0,0.06981,176.173,1.8525,stand_5,213.3902,0.0,0.06981,0.0,0.06981,Sidewalk
235.0,121.8286,4.7506,-2.47837,0.0,-0.0,176.173,1.8525,stand_5,213.3819,0.0,-0.0,0.0,-0.0,Sidewalk
235.5,121.8286,4.7506,-2.44346,0.0,0.06981,176.173,1.8525,stand_5,213.3902,0.0,0.06981,0.0,0.06981,Sidewalk
236.0,121.8286,4.7506,-2.44346,0.0,-0.0,176.173,1.8525,stand_5,213.3819,0.0,-0.0,0.0,-0.0,Sidewalk
236.5,121.8286,4.7506,-2.40855,0.0,0.06981,176.173,1.8525,stand_5,213.3902,0.0,0.06981,0.0,0.06981,Sidewalk
237.0,121.8286,4.7506,-2.40855,0.0,-0.0,176.173,1.8525,stand_5,213.3819,0.0,-0.0,0.0,-0.0,Sidewalk
237.5,121.8286,4.7506,-2.37365,0.0,0.06981,176.173,1.8525,stand_5,213.3902,0.0,0.06981,0.0,0.06981,Sidewalk
238.0,121.8286,4.7506,-2.37365,0.0,-0.0,176.173,1.8525,stand_5,213.3819,0.0,-0.0,0.0,-0.0,Sidewalk
238.5,121.8286,4.7506,-2.33874,0.0,0.06981,176.173,1.8525,stand_5,213.3902,0.0,0.06981,0.0,0.06981,Sidewalk
239.0,121.8286,4.7506,-2.33874,0.0,-0.0,176.173,1.8525,stand_5,213.3819,0.0,-0.0,0.0,-0.0,Sidewalk
239.5,121.8286,4.7506,-2.30383,0.0,0.06981,176.173,1.8525,stand_5,213.3902,0.0,0.06981,0.0,0.06981,Sidewalk
240.0,121.8286,4.7506,-2.30383,0.0,-0.0,176.173,1.8525,stand_5,213.3819,0.0,-0.0,0.0,-0.0,Sidewalk
240.5,121.8286,4.7506,-2.26893,0.0,0.06981,176.173,1.8525,stand_5,213.3902,0.0,0.06981,0.0,0.06981,Sidewalk
241.0,121.8286,4.7506,-2.26893,0.0,-0.0,176.173,1.8525,stand_5,213.3819,0.0,-0.0,0.0,-0.0,Sidewalk
241.5,121.8286,4.7506,-2.23402,0.0,0.06981,176.173,1.8525,stand_5,213.3902,0.0,0.06981,0.0,0.06981,Sidewalk
242.0,121.8286,4.7506,-2.23402,0.0,-0.0,176.173,1.8525,stand_5,213.3819,0.0,-0.0,0.0,-0.0,Sidewalk
242.5,121.8286,4.7506,-2.19911,0.0,0.06981,176.173,1.8525,stand_5,213.3902,0.0,0.06981,0.0,0.06981,Sidewalk
243.0,121.8286,4.7506,-2.19911,0.0,-0.0,176.173,1.8525,stand_5,213.3819,0.0,-0.0,0.0,-0.0,Sidewalk
243.5,121.8286,4.7506,-2.16421,0.0,0.06981,176.173,1.8525,stand_5,213.3902,0.0,0.06981,0.0,0.06981,Sidewalk
244.0,121.8286,4.7506,-2.16421,0.0,-0.0,176.173,1.8525,stand_5,213.3819,0.0,-0.0,0.0,-0.0,Sidewalk
244.5,121.8286,4.7506,-2.1293,0.0,0.06981,176.173,1.8525,stand_5,213.3902,0.0,0.06981,0.0,0.06981,Sidewalk
245.0,121.8286,4.7506,-2.1293,0.0,-0.0,176.173,1.8525,stand_5,213.3819,0.0,-0.0,0.0,-0.0,Sidewalk
245.5,121.8286,4.7506,-2.0944,0.0,0.06981,176.173,1.8525,stand_5,213.3902,0.0,0.06981,0.0,0.06981,Sidewalk
246.0,121.8286,4.7506,-2.0944,0.0,-0.0,176.173,1.8525,stand_5,213.3819,0.0,-0.0,0.0,-0.0,Sidewalk
246.5,121.8286,4.7506,-2.05949,0.0,0.06981,176.173,1.8525,stand_5,213.3902,0.0,0.06981,0.0,0.06981,Sidewalk
247.0,121.8286,4.7506,-2.05949,0.0,-0.0,176.173,1.8525,stand_5,213.3819,0.0,-0.0,0.0,-0.0,Sidewalk
247.5,121.8286,4.7506,-2.02458,0.0,0.06981,176.173,1.8525,stand_5,213.3902,0.0,0.06981,0.0,0.06981,Sidewalk
248.0,121.8286,4.7506,-2.02458,0.0,-0.0,176.173,1.8525,stand_5,213.3819,0.0,-0.0,0.0,-0.0,Sidewalk
248.5,121.8286,4.7506,-1.98968,0.0,0.06981,176.173,1.8525,stand_5,213.3902,0.0,0.06981,0.0,0.06981,Sidewalk
249.0,121.8286,4.7506,-1.98968,0.0,-0.0,176.173,1.8525,stand_5,213.3819,0.0,-0.0,0.0,-0.0,Sidewalk
249.5,121.8286,4.7506,-1.95477,0.0,0.06981,176.173,1.8525,stand_5,213.3902,0.0,0.06981,0.0,0.06981,Sidewalk
250.0,121.8286,4.7506,-1.95477,0.0,-0.0,176.173,1.8525,stand_5,213.3819,0.0,-0.0,0.0,-0.0,Sidewalk
250.5,121.8286,4.7506,-1.91986,0.0,0.06981,176.173,1.8525,stand_5,213.3902,0.0,0.06981,0.0,0.06981,Sidewalk
251.0,121.8286,4.7506,-1.91986,0.0,-0.0,176.173,1.8525,stand_5,213.3819,0.0,-0.0,0.0,-0.0,Sidewalk
251.5,121.8286,4.7506,-1.88496,0.0,0.06981,176.173,1.8525,stand_5,213.3902,0.0,0.06981,0.0,0.06981,Sidewalk
252.0,121.8286,4.7506,-1.88496,0.0,-0.0,176.173,1.8525,stand_5,213.3819,0.0,-0.0,0.0,-0.0,Sidewalk
252.5,121.8286,4.7506,-1.85005,0.0,0.06981,176.173,1.8525,stand_5,213.3902,0.0,0.06981,0.0,0.06981,Sidewalk
253.0,121.8286,4.7506,-1.85005,0.0,-0.0,176.173,1.8525,stand_5,213.3819,0.0,-0.0,0.0,-0.0,Sidewalk
253.5,121.8286,4.7506,-1.81514,0.0,0.06981,176.173,1.8525,stand_5,213.3902,0.0,0.06981,0.0,0.06981,Sidewalk
254.0,121.8286,4.7506,-1.81514,0.0,-0.0,176.173,1.8525,stand_5,213.3819,0.0,-0.0,0.0,-0.0,Sidewalk
254.5,121.8286,4.7506,-1.78024,0.0,0.06981,176.173,1.8525,stand_5,213.3902,0.0,0.06981,0.0,0.06981,Sidewalk
255.0,121.8286,4.7506,-1.78024,0.0,-0.0,176.173,1.8525,stand_5,213.3819,0.0,-0.0,0.0,-0.0,Sidewalk
255.5,121.8286,4.7506,-1.74533,0.0,0.06981,176.173,1.8525,stand_5,213.3902,0.0,0.06981,0.0,0.06981,Sidewalk
256.0,121.8286,4.7506,-1.74533,0.0,-0.0,176.173,1.8525,stand_5,213.3819,0.0,-0.0,0.0,-0.0,Sidewalk
256.5,121.8286,4.7506,-1.71042,0.0,0.06981,176.173,1.8525,stand_5,213.3902,0.0,0.06981,0.0,0.06981,Sidewalk
257.0,121.8286,4.7506,-1.71042,0.0,-0.0,176.173,1.8525,stand_5,213.3819,0.0,-0.0,0.0,-0.0,Sidewalk
257.5,121.8286,4.7506,-1.67552,0.0,0.06981,176.173,1.8525,stand_5,213.3902,0.0,0.06981,0.0,0.06981,Sidewalk
258.0,121.8286,4.7506,-1.67552,0.0,-0.0,176.173,1.8525,stand_5,213.3819,0.0,-0.0,0.0,-0.0,Sidewalk
258.5,121.8286,4.7506,-1.64061,0.0,0.06981,176.173,1.8525,stand_5,213.3902,0.0,0.06981,0.0,0.06981,Sidewalk
259.0,121.8286,4.7506,-1.64061,0.0,-0.0,176.173,1.8525,stand_5,213.3819,0.0,-0.0,0.0,-0.0,Sidewalk
259.5,121.8286,4.7506,-1.6057,0.0,0.06981,176.173,1.8525,stand_5,213.3902,0.0,0.06981,0.0,0.06981,Sidewalk
260.0,121.8286,4.7506,-1.6057,0.0,-0.0,176.173,1.8525,stand_5,213.3819,0.0,-0.0,0.0,-0.0,Sidewalk
260.5,121.8286,4.7506,-1.5708,0.0,0.06981,176.173,1.8525,stand_5,213.3902,0.0,0.06981,0.0,0.06981,Sidewalk
261.0,121.8286,4.7506,-1.5708,0.0,-0.0,176.173,1.8525,stand_5,213.3819,0.0,-0.0,0.0,-0.0,Sidewalk
261.5,121.8286,4.7506,-1.53589,0.0,0.06981,176.173,1.8525,stand_5,213.3902,0.0,0.06981,0.0,0.06981,Sidewalk
262.0,121.8286,4.7506,-1.53589,0.0,-0.0,176.173,1.8525,stand_5,213.3819,0.0,-0.0,0.0,-0.0,Sidewalk
262.5,121.8342,4.711,-1.43117,0.08,0.20944,176.1672,1.846,stand_5,213.3884,0.08,0.20944,0.08,0.20944,Sidewalk
263.0,121.8342,4.711,-1.43117,0.0,-0.0,176.1672,1.846,stand_5,213.3799,0.0,-0.0,0.0,-0.0,Sidewalk
263.5,121.8342,4.711,-1.39626,0.0,0.06981,176.1672,1.846,stand_5,213.3883,0.0,0.06981,0.0,0.06981,Sidewalk
264.0,121.8342,4.711,-1.39626,0.0,-0.0,176.1672,1.846,stand_5,213.3799,0.0,-0.0,0.0,-0.0,Sidewalk
264.5,121.8342,4.711,-1.36136,0.0,0.06981,176.1672,1.846,stand_5,213.3883,0.0,0.06981,0.0,0.06981,Sidewalk
265.0,121.8342,4.711,-1.36136,0.0,-0.0,176.1672,1.846,stand_5,213.3799,0.0,-0.0,0.0,-0.0,Sidewalk
265.5,121.8342,4.711,-1.32645,0.0,0.06981,176.1672,1.846,stand_5,213.3883,0.0,0.06981,0.0,0.06981,Sidewalk
266.0,121.8342,4.711,-1.32645,0.0,-0.0,176.1672,1.846,stand_5,213.3799,0.0,-0.0,0.0,-0.0,Sidewalk
266.5,121.8342,4.711,-1.29154,0.0,0.06981,176.1672,1.846,stand_5,213.3883,0.0,0.06981,0.0,0.06981,Sidewalk
267.0,121.8342,4.711,-1.29154,0.0,-0.0,176.1672,1.846,stand_5,213.3799,0.0,-0.0,0.0,-0.0,Sidewalk
267.5,121.8342,4.711,-1.25664,0.0,0.06981,176.1672,1.846,stand_5,213.3883,0.0,0.06981,0.0,0.06981,Sidewalk
268.0,121.8342,4.711,-1.25664,0.0,-0.0,176.1672,1.846,stand_5,213.3799,0.0,-0.0,0.0,-0.0,Sidewalk
268.5,121.8342,4.711,-1.22173,0.0,0.06981,176.1672,1.846,stand_5,213.3883,0.0,0.06981,0.0,0.06981,Sidewalk
269.0,121.8342,4.711,-1.22173,0.0,-0.0,176.1672,1.846,stand_5,213.3799,0.0,-0.0,0.0,-0.0,Sidewalk
269.5,121.8342,4.711,-1.18682,0.0,0.06981,176.1672,1.846,stand_5,213.3883,0.0,0.06981,0.0,0.06981,Sidewalk
270.0,121.8342,4.711,-1.18682,0.0,-0.0,176.1672,1.846,stand_5,213.3799,0.0,-0.0,0.0,-0.0,Sidewalk
270.5,121.8342,4.711,-1.15192,0.0,0.06981,176.1672,1.846,stand_5,213.3883,0.0,0.06981,0.0,0.06981,Sidewalk
271.0,121.8342,4.711,-1.15192,0.0,-0.0,176.1672,1.846,stand_5,213.3799,0.0,-0.0,0.0,-0.0,Sidewalk
271.5,121.8342,4.711,-1.11701,0.0,0.06981,176.1672,1.846,stand_5,213.3883,0.0,0.06981,0.0,0.06981,Sidewalk
272.0,121.8342,4.711,-1.11701,0.0,-0.0,176.1672,1.846,stand_5,213.3799,0.0,-0.0,0.0,-0.0,Sidewalk
272.5,121.8342,4.711,-1.0821,0.0,0.06981,176.1672,1.846,stand_5,213.3883,0.0,0.06981,0.0,0.06981,Sidewalk
273.0,121.8342,4.711,-1.0821,0.0,-0.0,176.1672,1.846,stand_5,213.3799,0.0,-0.0,0.0,-0.0,Sidewalk
273.5,121.8342,4.711,-1.0472,0.0,0.06981,176.1672,1.846,stand_5,213.3883,0.0,0.06981,0.0,0.06981,Sidewalk
274.0,121.8342,4.711,-1.0472,0.0,-0.0,176.1672,1.846,stand_5,213.3799,0.0,-0.0,0.0,-0.0,Sidewalk
274.5,121.8342,4.711,-1.01229,0.0,0.06981,176.1672,1.846,stand_5,213.3883,0.0,0.06981,0.0,0.06981,Sidewalk
275.0,121.8342,4.711,-1.01229,0.0,-0.0,176.1672,1.846,stand_5,213.3799,0.0,-0.0,0.0,-0.0,Sidewalk
275.5,121.8566,4.6779,-0.97738,0.08,0.06981,176.1447,1.8235,stand_5,213.3837,0.08,0.06981,0.08,0.06981,Sidewalk
276.0,121.8566,4.6779,-0.97738,0.0,-0.0,176.1447,1.8235,stand_5,213.378,0.0,-0.0,0.0,-0.0,Sidewalk
276.5,121.8566,4.6779,-0.94248,0.0,0.06981,176.1447,1.8235,stand_5,213.3863,0.0,0.06981,0.0,0.06981,Sidewalk
277.0,121.8566,4.6779,-0.94248,0.0,-0.0,176.1447,1.8235,stand_5,213.378,0.0,-0.0,0.0,-0.0,Sidewalk
277.5,121.8566,4.6779,-0.90757,0.0,0.06981,176.1447,1.8235,stand_5,213.3863,0.0,0.06981,0.0,0.06981,Sidewalk
278.0,121.8566,4.6779,-0.90757,0.0,-0.0,176.1447,1.8235,stand_5,213.378,0.0,-0.0,0.0,-0.0,Sidewalk
278.5,121.8566,4.6779,-0.87266,0.0,0.06981,176.1447,1.8235,stand_5,213.3863,0.0,0.06981,0.0,0.06981,Sidewalk
279.0,121.8566,4.6779,-0.87266,0.0,-0.0,176.1447,1.8235,stand_5,213.378,0.0,-0.0,0.0,-0.0,Sidewalk
279.5,121.8566,4.6779,-0.83776,0.0,0.06981,176.1447,1.8235,stand_5,213.3863,0.0,0.06981,0.0,0.06981,Sidewalk
280.0,121.8566,4.6779,-0.83776,0.0,-0.0,176.1447,1.8235,stand_5,213.378,0.0,-0.0,0.0,-0.0,Sidewalk
280.5,121.8566,4.6779,-0.80285,0.0,0.06981,176.1447,1.8235,stand_5,213.3863,0.0,0.06981,0.0,0.06981,Sidewalk
281.0,121.8566,4.6779,-0.80285,0.0,-0.0,176.1447,1.8235,stand_5,213.378,0.0,-0.0,0.0,-0.0,Sidewalk
281.5,121.8566,4.6779,-0.76794,0.0,0.06981,176.1447,1.8235,stand_5,213.3863,0.0,0.06981,0.0,0.06981,Sidewalk
282.0,121.8566,4.6779,-0.76794,0.0,-0.0,176.1447,1.8235,stand_5,213.378,0.0,-0.0,0.0,-0.0,Sidewalk
282.5,121.8566,4.6779,-0.73304,0.0,0.06981,176.1447,1.8235,stand_5,213.3863,0.0,0.06981,0.0,0.06981,Sidewalk
283.0,121.8566,4.6779,-0.73304,0.0,-0.0,176.1447,1.8235,stand_5,213.378,0.0,-0.0,0.0,-0.0,Sidewalk
283.5,121.8566,4.6779,-0.69813,0.0,0.06981,176.1447,1.8235,stand_5,213.3863,0.0,0.06981,0.0,0.06981,Sidewalk
284.0,121.8566,4.6779,-0.69813,0.0,-0.0,176.1447,1.8235,stand_5,213.378,0.0,-0.0,0.0,-0.0,Sidewalk
284.5,121.8566,4.6779,-0.66323,0.0,0.06981,176.1447,1.8235,stand_5,213.3863,0.0,0.06981,0.0,0.06981,Sidewalk
285.0,121.8566,4.6779,-0.66323,0.0,-0.0,176.1447,1.8235,stand_5,213.378,0.0,-0.0,0.0,-0.0,Sidewalk
285.5,121.8566,4.6779,-0.62832,0.0,0.06981,176.1447,1.8235,stand_5,213.3863,0.0,0.06981,0.0,0.06981,Sidewalk
286.0,121.8566,4.6779,-0.62832,0.0,-0.0,176.1447,1.8235,stand_5,213.378,0.0,-0.0,0.0,-0.0,Sidewalk
286.5,121.8566,4.6779,-0.59341,0.0,0.06981,176.1447,1.8235,stand_5,213.3863,0.0,0.06981,0.0,0.06981,Sidewalk
287.0,121.8566,4.6779,-0.59341,0.0,-0.0,176.1447,1.8235,stand_5,213.378,0.0,-0.0,0.0,-0.0,Sidewalk
287.5,121.8566,4.6779,-0.55851,0.0,0.06981,176.1447,1.8235,stand_5,213.3863,0.0,0.06981,0.0,0.06981,Sidewalk
288.0,121.8566,4.6779,-0.55851,0.0,-0.0,176.1447,1.8235,stand_5,213.378,0.0,-0.0,0.0,-0.0,Sidewalk
288.5,121.8566,4.6779,-0.5236,0.0,0.06981,176.1447,1.8235,stand_5,213.3863,0.0,0.06981,0.0,0.06981,Sidewalk
289.0,121.8566,4.6779,-0.5236,0.0,-0.0,176.1447,1.8235,stand_5,213.378,0.0,-0.0,0.0,-0.0,Sidewalk
289.5,121.8566,4.6779,-0.48869,0.0,0.06981,176.1447,1.8235,stand_5,213.3863,0.0,0.06981,0.0,0.06981,Sidewalk
290.0,121.8566,4.6779,-0.48869,0.0,-0.0,176.1447,1.8235,stand_5,213.378,0.0,-0.0,0.0,-0.0,Sidewalk
290.5,121.8566,4.6779,-0.45379,0.0,0.06981,176.1447,1.8235,stand_5,213.3863,0.0,0.06981,0.0,0.06981,Sidewalk
291.0,121.8566,4.6779,-0.45379,0.0,-0.0,176.1447,1.8235,stand_5,213.378,0.0,-0.0,0.0,-0.0,Sidewalk
291.5,121.8566,4.6779,-0.41888,0.0,0.06981,176.1447,1.8235,stand_5,213.3863,0.0,0.06981,0.0,0.06981,Sidewalk
292.0,121.8566,4.6779,-0.41888,0.0,-0.0,176.1447,1.8235,stand_5,213.378,0.0,-0.0,0.0,-0.0,Sidewalk
292.5,121.8566,4.6779,-0.38397,0.0,0.06981,176.1447,1.8235,stand_5,213.3863,0.0,0.06981,0.0,0.06981,Sidewalk
293.0,121.8566,4.6779,-0.38397,0.0,-0.0,176.1447,1.8235,stand_5,213.378,0.0,-0.0,0.0,-0.0,Sidewalk
293.5,121.8566,4.6779,-0.34907,0.0,0.06981,176.1447,1.8235,stand_5,213.3863,0.0,0.06981,0.0,0.06981,Sidewalk
294.0,121.8566,4.6779,-0.34907,0.0,-0.0,176.1447,1.8235,stand_5,213.378,0.0,-0.0,0.0,-0.0,Sidewalk
294.5,121.8566,4.6779,-0.31416,0.0,0.06981,176.1447,1.8235,stand_5,213.3863,0.0,0.06981,0.0,0.06981,Sidewalk
295.0,121.8566,4.6779,-0.31416,0.0,-0.0,176.1447,1.8235,stand_5,213.378,0.0,-0.0,0.0,-0.0,Sidewalk
295.5,121.8566,4.6779,-0.27925,0.0,0.06981,176.1447,1.8235,stand_5,213.3863,0.0,0.06981,0.0,0.06981,Sidewalk
296.0,121.8566,4.6779,-0.27925,0.0,-0.0,176.1447,1.8235,stand_5,213.378,0.0,-0.0,0.0,-0.0,Sidewalk
296.5,121.8566,4.6779,-0.24435,0.0,0.06981,176.1447,1.8235,stand_5,213.3863,0.0,0.06981,0.0,0.06981,Sidewalk
297.0,121.8566,4.6779,-0.24435,0.0,-0.0,176.1447,1.8235,stand_5,213.378,0.0,-0.0,0.0,-0.0,Sidewalk
297.5,121.8566,4.6779,-0.20944,0.0,0.06981,176.1447,1.8235,stand_5,213.3863,0.0,0.06981,0.0,0.06981,Sidewalk
298.0,121.8566,4.6779,-0.20944,0.0,-0.0,176.1447,1.8235,stand_5,213.378,0.0,-0.0,0.0,-0.0,Sidewalk
298.5,121.8566,4.6779,-0.17453,0.0,0.06981,176.1447,1.8235,stand_5,213.3863,0.0,0.06981,0.0,0.06981,Sidewalk
299.0,121.8566,4.6779,-0.17453,0.0,-0.0,176.1447,1.8235,stand_5,213.378,0.0,-0.0,0.0,-0.0,Sidewalk
299.5,121.8566,4.6779,-0.13963,0.0,0.06981,176.1447,1.8235,stand_5,213.3863,0.0,0.06981,0.0,0.06981,Sidewalk
300.0,121.8566,4.6779,-0.13963,0.0,-0.0,176.1447,1.8235,stand_5,213.378,0.0,-0.0,0.0,-0.0,Sidewalk
300.5,121.8566,4.6779,-0.10472,0.0,0.06981,176.1447,1.8235,stand_5,213.3863,0.0,0.06981,0.0,0.06981,Sidewalk
301.0,121.8566,4.6779,-0.10472,0.0,-0.0,176.1447,1.8235,stand_5,213.378,0.0,-0.0,0.0,-0.0,Sidewalk
301.5,121.8566,4.6779,-0.06981,0.0,0.06981,176.1447,1.8235,stand_5,213.3863,0.0,0.06981,0.0,0.06981,Sidewalk
302.0,121.8566,4.6779,-0.06981,0.0,-0.0,176.1447,1.8235,stand_5,213.378,0.0,-0.0,0.0,-0.0,Sidewalk
302.5,121.8566,4.6779,-0.03491,0.0,0.06981,176.1447,1.8234,stand_5,213.3863,0.0,0.06981,0.0,0.06981,Sidewalk
303.0,121.8566,4.6779,-0.03491,0.0,-0.0,176.1447,1.8234,stand_5,213.378,0.0,-0.0,0.0,-0.0,Sidewalk
303.5,121.8566,4.6779,-0.0,0.0,0.06981,176.1447,1.8234,stand_5,213.3863,0.0,0.06981,0.0,0.06981,Sidewalk
304.0,121.8566,4.6779,-0.0,0.0,-0.0,176.1447,1.8234,stand_5,213.378,0.0,-0.0,0.0,-0.0,Sidewalk
304.5,121.8566,4.6779,0.03491,0.0,0.06981,176.1447,1.8234,stand_5,213.3864,0.0,0.06981,0.0,0.06981,Sidewalk
305.0,121.8566,4.6779,0.03491,0.0,-0.0,176.1447,1.8234,stand_5,213.378,0.0,-0.0,0.0,-0.0,Sidewalk
305.5,121.8566,4.6779,0.06981,0.0,0.06981,176.1447,1.8234,stand_5,213.3864,0.0,0.06981,0.0,0.06981,Sidewalk
306.0,121.8566,4.6779,0.06981,0.0,-0.0,176.1447,1.8234,stand_5,213.378,0.0,-0.0,0.0,-0.0,Sidewalk
306.5,121.8566,4.6779,0.10472,0.0,0.06981,176.1447,1.8234,stand_5,213.3864,0.0,0.06981,0.0,0.06981,Sidewalk
307.0,121.8566,4.6779,0.10472,0.0,-0.0,176.1447,1.8234,stand_5,213.378,0.0,-0.0,0.0,-0.0,Sidewalk
307.5,121.8566,4.6779,0.13963,0.0,0.06981,176.1447,1.8234,stand_5,213.3864,0.0,0.06981,0.0,0.06981,Sidewalk
308.0,121.8566,4.6779,0.13963,0.0,-0.0,176.1447,1.8234,stand_5,213.378,0.0,-0.0,0.0,-0.0,Sidewalk
308.5,121.8566,4.6779,0.17453,0.0,0.06981,176.1447,1.8234,stand_5,213.3864,0.0,0.06981,0.0,0.06981,Sidewalk
309.0,121.8566,4.6779,0.17453,0.0,-0.0,176.1447,1.8234,stand_5,213.378,0.0,-0.0,0.0,-0.0,Sidewalk
309.5,121.8566,4.6779,0.20944,0.0,0.06981,176.1447,1.8234,stand_5,213.3864,0.0,0.06981,0.0,0.06981,Sidewalk
310.0,121.8566,4.6779,0.20944,0.0,-0.0,176.1447,1.8234,stand_5,213.378,0.0,-0.0,0.0,-0.0,Sidewalk
310.5,121.8566,4.6779,0.24435,0.0,0.06981,176.1447,1.8234,stand_5,213.3864,0.0,0.06981,0.0,0.06981,Sidewalk
311.0,121.8566,4.6779,0.24435,0.0,-0.0,176.1447,1.8234,stand_5,213.378,0.0,-0.0,0.0,-0.0,Sidewalk
311.5,121.8566,4.6779,0.27925,0.0,0.06981,176.1447,1.8234,stand_5,213.3864,0.0,0.06981,0.0,0.06981,Sidewalk
312.0,121.8566,4.6779,0.27925,0.0,-0.0,176.1447,1.8234,stand_5,213.378,0.0,-0.0,0.0,-0.0,Sidewalk
312.5,121.8566,4.6779,0.31416,0.0,0.06981,176.1447,1.8234,stand_5,213.3864,0.0,0.06981,0.0,0.06981,Sidewalk
313.0,121.8566,4.6779,0.31416,0.0,-0.0,176.1447,1.8234,stand_5,213.378,0.0,-0.0,0.0,-0.0,Sidewalk
313.5,121.8566,4.6779,0.34907,0.0,0.06981,176.1447,1.8234,stand_5,213.3864,0.0,0.06981,0.0,0.06981,Sidewalk
314.0,121.8566,4.6779,0.34907,0.0,-0.0,176.1447,1.8234,stand_5,213.378,0.0,-0.0,0.0,-0.0,Sidewalk
314.5,121.8566,4.6779,0.38397,0.0,0.06981,176.1447,1.8234,stand_5,213.3864,0.0,0.06981,0.0,0.06981,Sidewalk
315.0,121.8566,4.6779,0.38397,0.0,-0.0,176.1447,1.8234,stand_5,213.378,0.0,-0.0,0.0,-0.0,Sidewalk
315.5,121.8566,4.6779,0.41888,0.0,0.06981,176.1447,1.8234,stand_5,213.3864,0.0,0.06981,0.0,0.06981,Sidewalk
316.0,121.8566,4.6779,0.41888,0.0,-0.0,176.1447,1.8234,stand_5,213.378,0.0,-0.0,0.0,-0.0,Sidewalk
316.5,121.8566,4.6779,0.45379,0.0,0.06981,176.1447,1.8234,stand_5,213.3864,0.0,0.06981,0.0,0.06981,Sidewalk
317.0,121.8566,4.6779,0.45379,0.0,-0.0,176.1447,1.8234,stand_5,213.378,0.0,-0.0,0.0,-0.0,Sidewalk
317.5,121.8566,4.6779,0.48869,0.0,0.06981,176.1447,1.8234,stand_5,213.3864,0.0,0.06981,0.0,0.06981,Sidewalk
318.0,121.8566,4.6779,0.48869,0.0,-0.0,176.1447,1.8234,stand_5,213.378,0.0,-0.0,0.0,-0.0,Sidewalk
318.5,121.8566,4.6779,0.5236,0.0,0.06981,176.1447,1.8234,stand_5,213.3864,0.0,0.06981,0.0,0.06981,Sidewalk
319.0,121.8566,4.6779,0.5236,0.0,-0.0,176.1447,1.8234,stand_5,213.378,0.0,-0.0,0.0,-0.0,Sidewalk
319.5,121.8566,4.6779,0.55851,0.0,0.06981,176.1447,1.8234,stand_5,213.3864,0.0,0.06981,0.0,0.06981,Sidewalk
320.0,121.8566,4.6779,0.55851,0.0,-0.0,176.1447,1.8234,stand_5,213.378,0.0,-0.0,0.0,-0.0,Sidewalk
320.5,121.8566,4.6779,0.59341,0.0,0.06981,176.1447,1.8234,stand_5,213.3864,0.0,0.06981,0.0,0.06981,Sidewalk
321.0,121.8566,4.6779,0.59341,0.0,-0.0,176.1447,1.8234,stand_5,213.378,0.0,-0.0,0.0,-0.0,Sidewalk
321.5,121.8566,4.6779,0.62832,0.0,0.06981,176.1447,1.8234,stand_5,213.3864,0.0,0.06981,0.0,0.06981,Sidewalk
322.0,121.8566,4.6779,0.62832,0.0,-0.0,176.1447,1.8234,stand_5,213.378,0.0,-0.0,0.0,-0.0,Sidewalk
322.5,121.8566,4.6779,0.66323,0.0,0.06981,176.1447,1.8234,stand_5,213.3864,0.0,0.06981,0.0,0.06981,Sidewalk
323.0,121.8566,4.6779,0.66323,0.0,-0.0,176.1447,1.8234,stand_5,213.378,0.0,-0.0,0.0,-0.0,Sidewalk
323.5,121.8566,4.6779,0.69813,0.0,0.06981,176.1447,1.8234,stand_5,213.3864,0.0,0.06981,0.0,0.06981,Sidewalk
324.0,121.8566,4.6779,0.69813,0.0,-0.0,176.1447,1.8234,stand_5,213.378,0.0,-0.0,0.0,-0.0,Sidewalk
324.5,121.8566,4.6779,0.73304,0.0,0.06981,176.1447,1.8234,stand_5,213.3864,0.0,0.06981,0.0,0.06981,Sidewalk
325.0,121.8566,4.6779,0.73304,0.0,-0.0,176.1447,1.8234,stand_5,213.378,0.0,-0.0,0.0,-0.0,Sidewalk
325.5,121.8566,4.6779,0.76794,0.0,0.06981,176.1447,1.8234,stand_5,213.3864,0.0,0.06981,0.0,0.06981,Sidewalk
326.0,121.8566,4.6779,0.76794,0.0,-0.0,176.1447,1.8234,stand_5,213.3781,0.0,-0.0,0.0,-0.0,Sidewalk
326.5,121.8566,4.6779,0.80285,0.0,0.06981,176.1447,1.8234,stand_5,213.3864,0.0,0.06981,0.0,0.06981,Sidewalk
327.0,121.8566,4.6779,0.80285,0.0,-0.0,176.1447,1.8234,stand_5,213.3781,0.0,-0.0,0.0,-0.0,Sidewalk
327.5,121.8833,4.7076,0.83776,0.08,0.06981,176.1181,1.7967,stand_5,213.3859,0.08,0.06981,0.08,0.06981,Sidewalk
328.0,121.8833,4.7076,0.83776,0.0,-0.0,176.1181,1.7967,stand_5,213.3816,0.0,-0.0,0.0,-0.0,Sidewalk
328.5,121.8833,4.7076,0.87266,0.0,0.06981,176.1181,1.7967,stand_5,213.39,0.0,0.06981,0.0,0.06981,Sidewalk
329.0,121.8833,4.7076,0.87266,0.0,-0.0,176.1181,1.7967,stand_5,213.3816,0.0,-0.0,0.0,-0.0,Sidewalk
329.5,121.8833,4.7076,0.90757,0.0,0.06981,176.1181,1.7967,stand_5,213.39,0.0,0.06981,0.0,0.06981,Sidewalk
330.0,121.8833,4.7076,0.90757,0.0,-0.0,176.1181,1.7967,stand_5,213.3817,0.0,-0.0,0.0,-0.0,Sidewalk
330.5,121.8833,4.7076,0.94248,0.0,0.06981,176.1181,1.7967,stand_5,213.39,0.0,0.06981,0.0,0.06981,Sidewalk
331.0,121.8833,4.7076,0.94248,0.0,-0.0,176.1181,1.7967,stand_5,213.3817,0.0,-0.0,0.0,-0.0,Sidewalk
331.5,121.8833,4.7076,0.97738,0.0,0.06981,176.1181,1.7967,stand_5,213.39,0.0,0.06981,0.0,0.06981,Sidewalk
332.0,121.8833,4.7076,0.97738,0.0,-0.0,176.1181,1.7967,stand_5,213.3817,0.0,-0.0,0.0,-0.0,Sidewalk
332.5,121.8833,4.7076,1.01229,0.0,0.06981,176.1181,1.7967,stand_5,213.39,0.0,0.06981,0.0,0.06981,Sidewalk
333.0,121.8833,4.7076,1.01229,0.0,-0.0,176.1181,1.7967,stand_5,213.3817,0.0,-0.0,0.0,-0.0,Sidewalk
333.5,121.8833,4.7076,1.0472,0.0,0.06981,176.1181,1.7967,stand_5,213.39,0.0,0.06981,0.0,0.06981,Sidewalk
334.0,121.8833,4.7076,1.0472,0.0,-0.0,176.1181,1.7967,stand_5,213.3817,0.0,-0.0,0.0,-0.0,Sidewalk
334.5,121.8833,4.7076,1.0821,0.0,0.06981,176.1181,1.7967,stand_5,213.39,0.0,0.06981,0.0,0.06981,Sidewalk
335.0,121.8833,4.7076,1.0821,0.0,-0.0,176.1181,1.7967,stand_5,213.3817,0.0,-0.0,0.0,-0.0,Sidewalk
335.5,121.8833,4.7076,1.11701,0.0,0.06981,176.1181,1.7967,stand_5,213.3901,0.0,0.06981,0.0,0.06981,Sidewalk
336.0,121.8833,4.7076,1.11701,0.0,-0.0,176.1181,1.7967,stand_5,213.3817,0.0,-0.0,0.0,-0.0,Sidewalk
336.5,121.8833,4.7076,1.15192,0.0,0.06981,176.1181,1.7967,stand_5,213.3901,0.0,0.06981,0.0,0.06981,Sidewalk
337.0,121.8833,4.7076,1.15192,0.0,-0.0,176.1181,1.7967,stand_5,213.3817,0.0,-0.0,0.0,-0.0,Sidewalk
337.5,121.8833,4.7076,1.18682,0.0,0.06981,176.1181,1.7967,stand_5,213.3901,0.0,0.06981,0.0,0.06981,Sidewalk
338.0,121.8833,4.7076,1.18682,0.0,-0.0,176.1181,1.7967,stand_5,213.3817,0.0,-0.0,0.0,-0.0,Sidewalk
338.5,121.8833,4.7076,1.22173,0.0,0.06981,176.1181,1.7967,stand_5,213.3901,0.0,0.06981,0.0,0.06981,Sidewalk
339.0,121.8833,4.7076,1.22173,0.0,-0.0,176.1181,1.7967,stand_5,213.3817,0.0,-0.0,0.0,-0.0,Sidewalk
339.5,121.8833,4.7076,1.25664,0.0,0.06981,176.1181,1.7967,stand_5,213.3901,0.0,0.06981,0.0,0.06981,Sidewalk
340.0,121.8833,4.7076,1.25664,0.0,-0.0,176.1181,1.7967,stand_5,213.3817,0.0,-0.0,0.0,-0.0,Sidewalk
340.5,121.8833,4.7076,1.29154,0.0,0.06981,176.1181,1.7967,stand_5,213.3901,0.0,0.06981,0.0,0.06981,Sidewalk
341.0,121.8833,4.7076,1.29154,0.0,-0.0,176.1181,1.7967,stand_5,213.3817,0.0,-0.0,0.0,-0.0,Sidewalk
341.5,121.8833,4.7076,1.32645,0.0,0.06981,176.1181,1.7967,stand_5,213.3901,0.0,0.06981,0.0,0.06981,Sidewalk
342.0,121.8833,4.7076,1.32645,0.0,-0.0,176.1181,1.7967,stand_5,213.3817,0.0,-0.0,0.0,-0.0,Sidewalk
342.5,121.8833,4.7076,1.36136,0.0,0.06981,176.1181,1.7967,stand_5,213.3901,0.0,0.06981,0.0,0.06981,Sidewalk
343.0,121.8833,4.7076,1.36136,0.0,-0.0,176.1181,1.7967,stand_5,213.3817,0.0,-0.0,0.0,-0.0,Sidewalk
343.5,121.8833,4.7076,1.39626,0.0,0.06981,176.1181,1.7967,stand_5,213.3901,0.0,0.06981,0.0,0.06981,Sidewalk
344.0,121.8833,4.7076,1.39626,0.0,-0.0,176.1181,1.7967,stand_5,213.3817,0.0,-0.0,0.0,-0.0,Sidewalk
344.5,121.8833,4.7076,1.43117,0.0,0.06981,176.1181,1.7967,stand_5,213.3901,0.0,0.06981,0.0,0.06981,Sidewalk
345.0,121.8833,4.7076,1.43117,0.0,-0.0,176.1181,1.7967,stand_5,213.3817,0.0,-0.0,0.0,-0.0,Sidewalk
345.5,121.8833,4.7076,1.46608,0.0,0.06981,176.1181,1.7967,stand_5,213.3901,0.0,0.06981,0.0,0.06981,Sidewalk
346.0,121.8833,4.7076,1.46608,0.0,-0.0,176.1181,1.7967,stand_5,213.3817,0.0,-0.0,0.0,-0.0,Sidewalk
346.5,121.8833,4.7076,1.50098,0.0,0.06981,176.1181,1.7967,stand_5,213.3901,0.0,0.06981,0.0,0.06981,Sidewalk
347.0,121.8833,4.7076,1.50098,0.0,-0.0,176.1181,1.7967,stand_5,213.3817,0.0,-0.0,0.0,-0.0,Sidewalk
347.5,121.8833,4.7076,1.53589,0.0,0.06981,176.1181,1.7967,stand_5,213.3901,0.0,0.06981,0.0,0.06981,Sidewalk
348.0,121.8833,4.7076,1.53589,0.0,-0.0,176.1181,1.7967,stand_5,213.3817,0.0,-0.0,0.0,-0.0,Sidewalk
348.5,121.8833,4.7076,1.5708,0.0,0.06981,176.1181,1.7967,stand_5,213.3901,0.0,0.06981,0.0,0.06981,Sidewalk
349.0,121.8833,4.7076,1.5708,0.0,-0.0,176.1181,1.7967,stand_5,213.3817,0.0,-0.0,0.0,-0.0,Sidewalk
349.5,121.8833,4.7076,1.6057,0.0,0.06981,176.1181,1.7967,stand_5,213.3901,0.0,0.06981,0.0,0.06981,Sidewalk
350.0,121.8833,4.7076,1.6057,0.0,-0.0,176.1181,1.7967,stand_5,213.3817,0.0,-0.0,0.0,-0.0,Sidewalk
350.5,121.8833,4.7076,1.64061,0.0,0.06981,176.1181,1.7967,stand_5,213.3901,0.0,0.06981,0.0,0.06981,Sidewalk
351.0,121.8833,4.7076,1.64061,0.0,-0.0,176.1181,1.7967,stand_5,213.3817,0.0,-0.0,0.0,-0.0,Sidewalk
351.5,121.8833,4.7076,1.67552,0.0,0.06981,176.1181,1.7967,stand_5,213.3901,0.0,0.06981,0.0,0.06981,Sidewalk
352.0,121.8833,4.7076,1.67552,0.0,-0.0,176.1181,1.7967,stand_5,213.3817,0.0,-0.0,0.0,-0.0,Sidewalk
352.5,121.8833,4.7076,1.71042,0.0,0.06981,176.1181,1.7967,stand_5,213.3901,0.0,0.06981,0.0,0.06981,Sidewalk
353.0,121.8833,4.7076,1.71042,0.0,-0.0,176.1181,1.7967,stand_5,213.3817,0.0,-0.0,0.0,-0.0,Sidewalk
353.5,121.8833,4.7076,1.74533,0.0,0.06981,176.1181,1.7967,stand_5,213.3901,0.0,0.06981,0.0,0.06981,Sidewalk
354.0,121.8833,4.7076,1.74533,0.0,-0.0,176.1181,1.7967,stand_5,213.3817,0.0,-0.0,0.0,-0.0,Sidewalk
354.5,121.8833,4.7076,1.78024,0.0,0.06981,176.1181,1.7967,stand_5,213.3901,0.0,0.06981,0.0,0.06981,Sidewalk
355.0,121.8833,4.7076,1.78024,0.0,-0.0,176.1181,1.7967,stand_5,213.3817,0.0,-0.0,0.0,-0.0,Sidewalk
355.5,121.8833,4.7076,1.81514,0.0,0.06981,176.1181,1.7966,stand_5,213.3901,0.0,0.06981,0.0,0.06981,Sidewalk
356.0,121.8833,4.7076,1.81514,0.0,-0.0,176.1181,1.7966,stand_5,213.3817,0.0,-0.0,0.0,-0.0,Sidewalk
356.5,121.8833,4.7076,1.85005,0.0,0.06981,176.1181,1.7966,stand_5,213.3901,0.0,0.06981,0.0,0.06981,Sidewalk
357.0,121.8833,4.7076,1.85005,0.0,-0.0,176.1181,1.7966,stand_5,213.3818,0.0,-0.0,0.0,-0.0,Sidewalk
357.5,121.8833,4.7076,1.88496,0.0,0.06981,176.1181,1.7966,stand_5,213.3901,0.0,0.06981,0.0,0.06981,Sidewalk
358.0,121.8833,4.7076,1.88496,0.0,-0.0,176.1181,1.7966,stand_5,213.3818,0.0,-0.0,0.0,-0.0,Sidewalk
358.5,121.8833,4.7076,1.91986,0.0,0.06981,176.1181,1.7966,stand_5,213.3901,0.0,0.06981,0.0,0.06981,Sidewalk
359.0,121.8833,4.7076,1.91986,0.0,-0.0,176.1181,1.7966,stand_5,213.3818,0.0,-0.0,0.0,-0.0,Sidewalk
359.5,121.8833,4.7076,1.95477,0.0,0.06981,176.1181,1.7966,stand_5,213.3901,0.0,0.06981,0.0,0.06981,Sidewalk
360.0,121.8833,4.7076,1.95477,0.0,-0.0,176.1181,1.7966,stand_5,213.3818,0.0,-0.0,0.0,-0.0,Sidewalk
360.5,121.8833,4.7076,1.98968,0.0,0.06981,176.1181,1.7966,stand_5,213.3901,0.0,0.06981,0.0,0.06981,Sidewalk
361.0,121.8833,4.7076,1.98968,0.0,-0.0,176.1181,1.7966,stand_5,213.3818,0.0,-0.0,0.0,-0.0,Sidewalk
361.5,121.8833,4.7076,2.02458,0.0,0.06981,176.1181,1.7966,stand_5,213.3901,0.0,0.06981,0.0,0.06981,Sidewalk
362.0,121.8833,4.7076,2.02458,0.0,-0.0,176.1181,1.7966,stand_5,213.3818,0.0,-0.0,0.0,-0.0,Sidewalk
362.5,121.8833,4.7076,2.05949,0.0,0.06981,176.1181,1.7966,stand_5,213.3902,0.0,0.06981,0.0,0.06981,Sidewalk
363.0,121.8833,4.7076,2.05949,0.0,-0.0,176.1181,1.7966,stand_5,213.3818,0.0,-0.0,0.0,-0.0,Sidewalk
363.5,121.8833,4.7076,2.0944,0.0,0.06981,176.1181,1.7966,stand_5,213.3902,0.0,0.06981,0.0,0.06981,Sidewalk
364.0,121.8833,4.7076,2.0944,0.0,-0.0,176.1181,1.7966,stand_5,213.3818,0.0,-0.0,0.0,-0.0,Sidewalk
364.5,121.8833,4.7076,2.1293,0.0,0.06981,176.1181,1.7966,stand_5,213.3902,0.0,0.06981,0.0,0.06981,Sidewalk
365.0,121.8833,4.7076,2.1293,0.0,-0.0,176.1181,1.7966,stand_5,213.3818,0.0,-0.0,0.0,-0.0,Sidewalk
365.5,121.8833,4.7076,2.16421,0.0,0.06981,176.1181,1.7966,stand_5,213.3902,0.0,0.06981,0.0,0.06981,Sidewalk
366.0,121.8833,4.7076,2.16421,0.0,-0.0,176.1181,1.7966,stand_5,213.3818,0.0,-0.0,0.0,-0.0,Sidewalk
366.5,121.8833,4.7076,2.19911,0.0,0.06981,176.1181,1.7966,stand_5,213.3902,0.0,0.06981,0.0,0.06981,Sidewalk
367.0,121.8833,4.7076,2.19911,0.0,-0.0,176.1181,1.7966,stand_5,213.3818,0.0,-0.0,0.0,-0.0,Sidewalk
367.5,121.8833,4.7076,2.23402,0.0,0.06981,176.1181,1.7966,stand_5,213.3902,0.0,0.06981,0.0,0.06981,Sidewalk
368.0,121.8833,4.7076,2.23402,0.0,-0.0,176.1181,1.7966,stand_5,213.3818,0.0,-0.0,0.0,-0.0,Sidewalk
368.5,121.8833,4.7076,2.26893,0.0,0.06981,176.1181,1.7966,stand_5,213.3902,0.0,0.06981,0.0,0.06981,Sidewalk
369.0,121.8833,4.7076,2.26893,0.0,-0.0,176.1181,1.7966,stand_5,213.3818,0.0,-0.0,0.0,-0.0,Sidewalk
369.5,121.8833,4.7076,2.30383,0.0,0.06981,176.1181,1.7966,stand_5,213.3902,0.0,0.06981,0.0,0.06981,Sidewalk
370.0,121.8833,4.7076,2.30383,0.0,-0.0,176.1181,1.7966,stand_5,213.3818,0.0,-0.0,0.0,-0.0,Sidewalk
370.5,121.8833,4.7076,2.33874,0.0,0.06981,176.1181,1.7966,stand_5,213.3902,0.0,0.06981,0.0,0.06981,Sidewalk
371.0,121.8833,4.7076,2.33874,0.0,-0.0,176.1181,1.7966,stand_5,213.3818,0.0,-0.0,0.0,-0.0,Sidewalk
371.5,121.8833,4.7076,2.37365,0.0,0.06981,176.1181,1.7966,stand_5,213.3902,0.0,0.06981,0.0,0.06981,Sidewalk
372.0,121.8833,4.7076,2.37365,0.0,-0.0,176.1181,1.7966,stand_5,213.3818,0.0,-0.0,0.0,-0.0,Sidewalk
372.5,121.8833,4.7076,2.40855,0.0,0.06981,176.1181,1.7966,stand_5,213.3902,0.0,0.06981,0.0,0.06981,Sidewalk
373.0,121.8833,4.7076,2.40855,0.0,-0.0,176.1181,1.7966,stand_5,213.3818,0.0,-0.0,0.0,-0.0,Sidewalk
373.5,121.8833,4.7076,2.44346,0.0,0.06981,176.1181,1.7966,stand_5,213.3902,0.0,0.06981,0.0,0.06981,Sidewalk
374.0,121.8833,4.7076,2.44346,0.0,-0.0,176.1181,1.7966,stand_5,213.3818,0.0,-0.0,0.0,-0.0,Sidewalk
374.5,121.8833,4.7076,2.47837,0.0,0.06981,176.1181,1.7966,stand_5,213.3902,0.0,0.06981,0.0,0.06981,Sidewalk
375.0,121.8833,4.7076,2.47837,0.0,-0.0,176.1181,1.7966,stand_5,213.3818,0.0,-0.0,0.0,-0.0,Sidewalk
375.5,121.8833,4.7076,2.51327,0.0,0.06981,176.1181,1.7966,stand_5,213.3902,0.0,0.06981,0.0,0.06981,Sidewalk
376.0,121.8833,4.7076,2.51327,0.0,-0.0,176.1181,1.7966,stand_5,213.3818,0.0,-0.0,0.0,-0.0,Sidewalk
376.5,121.8833,4.7076,2.54818,0.0,0.06981,176.1181,1.7966,stand_5,213.3902,0.0,0.06981,0.0,0.06981,Sidewalk
377.0,121.8833,4.7076,2.54818,0.0,-0.0,176.1181,1.7966,stand_5,213.3818,0.0,-0.0,0.0,-0.0,Sidewalk
377.5,121.8833,4.7076,2.58309,0.0,0.06981,176.1181,1.7966,stand_5,213.3902,0.0,0.06981,0.0,0.06981,Sidewalk
378.0,121.8833,4.7076,2.58309,0.0,-0.0,176.1181,1.7966,stand_5,213.3818,0.0,-0.0,0.0,-0.0,Sidewalk
378.5,121.8833,4.7076,2.61799,0.0,0.06981,176.1181,1.7966,stand_5,213.3902,0.0,0.06981,0.0,0.06981,Sidewalk
379.0,121.8833,4.7076,2.61799,0.0,-0.0,176.1181,1.7966,stand_5,213.3818,0.0,-0.0,0.0,-0.0,Sidewalk
379.5,121.8833,4.7076,2.6529,0.0,0.06981,176.1181,1.7966,stand_5,213.3902,0.0,0.06981,0.0,0.06981,Sidewalk
380.0,121.8833,4.7076,2.6529,0.0,-0.0,176.1181,1.7966,stand_5,213.3818,0.0,-0.0,0.0,-0.0,Sidewalk
380.5,121.8833,4.7076,2.68781,0.0,0.06981,176.1181,1.7966,stand_5,213.3902,0.0,0.06981,0.0,0.06981,Sidewalk
381.0,121.8833,4.7076,2.68781,0.0,-0.0,176.1181,1.7966,stand_5,213.3818,0.0,-0.0,0.0,-0.0,Sidewalk
381.5,121.8833,4.7076,2.72271,0.0,0.06981,176.1181,1.7966,stand_5,213.3902,0.0,0.06981,0.0,0.06981,Sidewalk
382.0,121.8833,4.7076,2.72271,0.0,-0.0,176.1181,1.7966,stand_5,213.3819,0.0,-0.0,0.0,-0.0,Sidewalk
382.5,121.8833,4.7076,2.75762,0.0,0.06981,176.1181,1.7966,stand_5,213.3902,0.0,0.06981,0.0,0.06981,Sidewalk
383.0,121.8833,4.7076,2.75762,0.0,-0.0,176.1181,1.7966,stand_5,213.3819,0.0,-0.0,0.0,-0.0,Sidewalk
383.5,121.8833,4.7076,2.79253,0.0,0.06981,176.1181,1.7966,stand_5,213.3902,0.0,0.06981,0.0,0.06981,Sidewalk
384.0,121.8833,4.7076,2.79253,0.0,-0.0,176.1181,1.7966,stand_5,213.3819,0.0,-0.0,0.0,-0.0,Sidewalk
384.5,121.8833,4.7076,2.82743,0.0,0.06981,176.1181,1.7966,stand_5,213.3902,0.0,0.06981,0.0,0.06981,Sidewalk
385.0,121.8833,4.7076,2.82743,0.0,-0.0,176.1181,1.7966,stand_5,213.3819,0.0,-0.0,0.0,-0.0,Sidewalk
385.5,121.8833,4.7076,2.86234,0.0,0.06981,176.1181,1.7966,stand_5,213.3902,0.0,0.06981,0.0,0.06981,Sidewalk
386.0,121.8833,4.7076,2.86234,0.0,-0.0,176.1181,1.7966,stand_5,213.3819,0.0,-0.0,0.0,-0.0,Sidewalk
386.5,121.8833,4.7076,2.89725,0.0,0.06981,176.1181,1.7966,stand_5,213.3902,0.0,0.06981,0.0,0.06981,Sidewalk
387.0,121.8833,4.7076,2.89725,0.0,-0.0,176.1181,1.7966,stand_5,213.3819,0.0,-0.0,0.0,-0.0,Sidewalk
387.5,121.8833,4.7076,2.93215,0.0,0.06981,176.1181,1.7966,stand_5,213.3902,0.0,0.06981,0.0,0.06981,Sidewalk
388.0,121.8833,4.7076,2.93215,0.0,-0.0,176.1181,1.7966,stand_5,213.3819,0.0,-0.0,0.0,-0.0,Sidewalk
388.5,121.8833,4.7076,2.96706,0.0,0.06981,176.1181,1.7965,stand_5,213.3903,0.0,0.06981,0.0,0.06981,Sidewalk
389.0,121.8833,4.7076,2.96706,0.0,-0.0,176.1181,1.7965,stand_5,213.3819,0.0,-0.0,0.0,-0.0,Sidewalk
389.5,121.8833,4.7076,3.00197,0.0,0.06981,176.1181,1.7965,stand_5,213.3903,0.0,0.06981,0.0,0.06981,Sidewalk
390.0,121.8833,4.7076,3.00197,0.0,-0.0,176.1181,1.7965,stand_5,213.3819,0.0,-0.0,0.0,-0.0,Sidewalk
390.5,121.8833,4.7076,3.03687,0.0,0.06981,176.1181,1.7965,stand_5,213.3903,0.0,0.06981,0.0,0.06981,Sidewalk
391.0,121.8833,4.7076,3.03687,0.0,-0.0,176.1181,1.7965,stand_5,213.3819,0.0,-0.0,0.0,-0.0,Sidewalk
391.5,121.8833,4.7076,3.07178,0.0,0.06981,176.1181,1.7965,stand_5,213.3903,0.0,0.06981,0.0,0.06981,Sidewalk
392.0,121.8833,4.7076,3.07178,0.0,-0.0,176.1181,1.7965,stand_5,213.3819,0.0,-0.0,0.0,-0.0,Sidewalk
392.5,121.8833,4.7076,3.10669,0.0,0.06981,176.1181,1.7965,stand_5,213.3903,0.0,0.06981,0.0,0.06981,Sidewalk
393.0,121.8833,4.7076,3.10669,0.0,-0.0,176.1181,1.7965,stand_5,213.3819,0.0,-0.0,0.0,-0.0,Sidewalk
393.5,121.8833,4.7076,3.14159,0.0,0.06981,176.1181,1.7965,stand_5,213.3903,0.0,0.06981,0.0,0.06981,Sidewalk
394.0,121.8833,4.7076,3.14159,0.0,-0.0,176.1181,1.7965,stand_5,213.3819,0.0,-0.0,0.0,-0.0,Sidewalk
394.5,121.8833,4.7076,-3.10669,0.0,0.06981,176.1181,1.7965,stand_5,213.3903,0.0,0.06981,0.0,0.06981,Sidewalk
395.0,121.8833,4.7076,-3.10669,0.0,-0.0,176.1181,1.7965,stand_5,213.3819,0.0,-0.0,0.0,-0.0,Sidewalk
395.5,121.8833,4.7076,-3.07178,0.0,0.06981,176.1181,1.7965,stand_5,213.3903,0.0,0.06981,0.0,0.06981,Sidewalk
396.0,121.8833,4.7076,-3.07178,0.0,-0.0,176.1181,1.7965,stand_5,213.3819,0.0,-0.0,0.0,-0.0,Sidewalk
396.5,121.8833,4.7076,-3.03687,0.0,0.06981,176.1181,1.7965,stand_5,213.3903,0.0,0.06981,0.0,0.06981,Sidewalk
397.0,121.8833,4.7076,-3.03687,0.0,-0.0,176.1181,1.7965,stand_5,213.3819,0.0,-0.0,0.0,-0.0,Sidewalk
397.5,121.8833,4.7076,-3.00197,0.0,0.06981,176.1181,1.7965,stand_5,213.3903,0.0,0.06981,0.0,0.06981,Sidewalk
398.0,121.8833,4.7076,-3.00197,0.0,-0.0,176.1181,1.7965,stand_5,213.3819,0.0,-0.0,0.0,-0.0,Sidewalk
398.5,121.8833,4.7076,-2.96706,0.0,0.06981,176.1181,1.7965,stand_5,213.3903,0.0,0.06981,0.0,0.06981,Sidewalk
399.0,121.8833,4.7076,-2.96706,0.0,-0.0,176.1181,1.7965,stand_5,213.3819,0.0,-0.0,0.0,-0.0,Sidewalk
399.5,121.8833,4.7076,-2.93215,0.0,0.06981,176.1181,1.7965,stand_5,213.3903,0.0,0.06981,0.0,0.06981,Sidewalk
400.0,121.8833,4.7076,-2.93215,0.0,-0.0,176.1181,1.7965,stand_5,213.3819,0.0,-0.0,0.0,-0.0,Sidewalk
400.5,121.8833,4.7076,-2.89725,0.0,0.06981,176.1181,1.7965,stand_5,213.3903,0.0,0.06981,0.0,0.06981,Sidewalk
401.0,121.8833,4.7076,-2.89725,0.0,-0.0,176.1181,1.7965,stand_5,213.3819,0.0,-0.0,0.0,-0.0,Sidewalk
401.5,121.8833,4.7076,-2.86234,0.0,0.06981,176.1181,1.7965,stand_5,213.3903,0.0,0.06981,0.0,0.06981,Sidewalk
402.0,121.8833,4.7076,-2.86234,0.0,-0.0,176.1181,1.7965,stand_5,213.3819,0.0,-0.0,0.0,-0.0,Sidewalk
402.5,121.8833,4.7076,-2.82743,0.0,0.06981,176.1181,1.7965,stand_5,213.3903,0.0,0.06981,0.0,0.06981,Sidewalk
403.0,121.8833,4.7076,-2.82743,0.0,-0.0,176.1181,1.7965,stand_5,213.3819,0.0,-0.0,0.0,-0.0,Sidewalk
403.5,121.8833,4.7076,-2.79253,0.0,0.06981,176.1181,1.7965,stand_5,213.3903,0.0,0.06981,0.0,0.06981,Sidewalk
404.0,121.8833,4.7076,-2.79253,0.0,-0.0,176.1181,1.7965,stand_5,213.3819,0.0,-0.0,0.0,-0.0,Sidewalk
404.5,121.8833,4.7076,-2.75762,0.0,0.06981,176.1181,1.7965,stand_5,213.3903,0.0,0.06981,0.0,0.06981,Sidewalk
405.0,121.8833,4.7076,-2.75762,0.0,-0.0,176.1181,1.7965,stand_5,213.3819,0.0,-0.0,0.0,-0.0,Sidewalk
405.5,121.8833,4.7076,-2.72271,0.0,0.06981,176.1181,1.7965,stand_5,213.3903,0.0,0.06981,0.0,0.06981,Sidewalk
406.0,121.8833,4.7076,-2.72271,0.0,-0.0,176.1181,1.7965,stand_5,213.3819,0.0,-0.0,0.0,-0.0,Sidewalk
406.5,121.8833,4.7076,-2.68781,0.0,0.06981,176.1181,1.7965,stand_5,213.3903,0.0,0.06981,0.0,0.06981,Sidewalk
407.0,121.8833,4.7076,-2.68781,0.0,-0.0,176.1181,1.7965,stand_5,213.382,0.0,-0.0,0.0,-0.0,Sidewalk
407.5,121.8833,4.7076,-2.6529,0.0,0.06981,176.1181,1.7965,stand_5,213.3903,0.0,0.06981,0.0,0.06981,Sidewalk
408.0,121.8833,4.7076,-2.6529,0.0,-0.0,176.1181,1.7965,stand_5,213.382,0.0,-0.0,0.0,-0.0,Sidewalk
408.5,121.8833,4.7076,-2.61799,0.0,0.06981,176.1181,1.7965,stand_5,213.3903,0.0,0.06981,0.0,0.06981,Sidewalk
409.0,121.8833,4.7076,-2.61799,0.0,-0.0,176.1181,1.7965,stand_5,213.382,0.0,-0.0,0.0,-0.0,Sidewalk
409.5,121.8833,4.7076,-2.58309,0.0,0.06981,176.1181,1.7965,stand_5,213.3903,0.0,0.06981,0.0,0.06981,Sidewalk
410.0,121.8833,4.7076,-2.58309,0.0,-0.0,176.1181,1.7965,stand_5,213.382,0.0,-0.0,0.0,-0.0,Sidewalk
410.5,121.8833,4.7076,-2.54818,0.0,0.06981,176.1181,1.7965,stand_5,213.3903,0.0,0.06981,0.0,0.06981,Sidewalk
411.0,121.8833,4.7076,-2.54818,0.0,-0.0,176.1181,1.7965,stand_5,213.382,0.0,-0.0,0.0,-0.0,Sidewalk
411.5,121.8833,4.7076,-2.51327,0.0,0.06981,176.1181,1.7965,stand_5,213.3903,0.0,0.06981,0.0,0.06981,Sidewalk
412.0,121.8833,4.7076,-2.51327,0.0,-0.0,176.1181,1.7965,stand_5,213.382,0.0,-0.0,0.0,-0.0,Sidewalk
412.5,121.8833,4.7076,-2.47837,0.0,0.06981,176.1181,1.7965,stand_5,213.3904,0.0,0.06981,0.0,0.06981,Sidewalk
413.0,121.8833,4.7076,-2.47837,0.0,-0.0,176.1181,1.7965,stand_5,213.382,0.0,-0.0,0.0,-0.0,Sidewalk
413.5,121.8833,4.7076,-2.44346,0.0,0.06981,176.1181,1.7965,stand_5,213.3904,0.0,0.06981,0.0,0.06981,Sidewalk
414.0,121.8833,4.7076,-2.44346,0.0,-0.0,176.1181,1.7965,stand_5,213.382,0.0,-0.0,0.0,-0.0,Sidewalk
414.5,121.8833,4.7076,-2.40855,0.0,0.06981,176.1181,1.7965,stand_5,213.3904,0.0,0.06981,0.0,0.06981,Sidewalk
415.0,121.8833,4.7076,-2.40855,0.0,-0.0,176.1181,1.7965,stand_5,213.382,0.0,-0.0,0.0,-0.0,Sidewalk
415.5,121.8833,4.7076,-2.37365,0.0,0.06981,176.1181,1.7965,stand_5,213.3904,0.0,0.06981,0.0,0.06981,Sidewalk
416.0,121.8833,4.7076,-2.37365,0.0,-0.0,176.1181,1.7965,stand_5,213.382,0.0,-0.0,0.0,-0.0,Sidewalk
416.5,121.8833,4.7076,-2.33874,0.0,0.06981,176.1181,1.7965,stand_5,213.3904,0.0,0.06981,0.0,0.06981,Sidewalk
417.0,121.8833,4.7076,-2.33874,0.0,-0.0,176.1181,1.7965,stand_5,213.382,0.0,-0.0,0.0,-0.0,Sidewalk
417.5,121.8833,4.7076,-2.30383,0.0,0.06981,176.1181,1.7965,stand_5,213.3904,0.0,0.06981,0.0,0.06981,Sidewalk
418.0,121.8833,4.7076,-2.30383,0.0,-0.0,176.1181,1.7965,stand_5,213.382,0.0,-0.0,0.0,-0.0,Sidewalk
418.5,121.8833,4.7076,-2.26893,0.0,0.06981,176.1181,1.7965,stand_5,213.3904,0.0,0.06981,0.0,0.06981,Sidewalk
419.0,121.8833,4.7076,-2.26893,0.0,-0.0,176.1181,1.7965,stand_5,213.382,0.0,-0.0,0.0,-0.0,Sidewalk
419.5,121.8833,4.7076,-2.23402,0.0,0.06981,176.1181,1.7964,stand_5,213.3904,0.0,0.06981,0.0,0.06981,Sidewalk
420.0,121.8833,4.7076,-2.23402,0.0,-0.0,176.1181,1.7964,stand_5,213.382,0.0,-0.0,0.0,-0.0,Sidewalk
420.5,121.8833,4.7076,-2.19911,0.0,0.06981,176.1181,1.7964,stand_5,213.3904,0.0,0.06981,0.0,0.06981,Sidewalk
421.0,121.8833,4.7076,-2.19911,0.0,-0.0,176.1181,1.7964,stand_5,213.382,0.0,-0.0,0.0,-0.0,Sidewalk
421.5,121.8833,4.7076,-2.16421,0.0,0.06981,176.1181,1.7964,stand_5,213.3904,0.0,0.06981,0.0,0.06981,Sidewalk
422.0,121.8833,4.7076,-2.16421,0.0,-0.0,176.1181,1.7964,stand_5,213.382,0.0,-0.0,0.0,-0.0,Sidewalk
422.5,121.8833,4.7076,-2.1293,0.0,0.06981,176.1181,1.7964,stand_5,213.3904,0.0,0.06981,0.0,0.06981,Sidewalk
423.0,121.8833,4.7076,-2.1293,0.0,-0.0,176.1181,1.7964,stand_5,213.382,0.0,-0.0,0.0,-0.0,Sidewalk
423.5,121.8833,4.7076,-2.0944,0.0,0.06981,176.1181,1.7964,stand_5,213.3904,0.0,0.06981,0.0,0.06981,Sidewalk
424.0,121.8833,4.7076,-2.0944,0.0,-0.0,176.1181,1.7964,stand_5,213.382,0.0,-0.0,0.0,-0.0,Sidewalk
424.5,121.8833,4.7076,-2.05949,0.0,0.06981,176.1181,1.7964,stand_5,213.3904,0.0,0.06981,0.0,0.06981,Sidewalk
425.0,121.8833,4.7076,-2.05949,0.0,-0.0,176.1181,1.7964,stand_5,213.382,0.0,-0.0,0.0,-0.0,Sidewalk
425.5,121.8833,4.7076,-2.02458,0.0,0.06981,176.1181,1.7964,stand_5,213.3904,0.0,0.06981,0.0,0.06981,Sidewalk
426.0,121.8833,4.7076,-2.02458,0.0,-0.0,176.1181,1.7964,stand_5,213.382,0.0,-0.0,0.0,-0.0,Sidewalk
426.5,121.8833,4.7076,-1.98968,0.0,0.06981,176.1181,1.7964,stand_5,213.3904,0.0,0.06981,0.0,0.06981,Sidewalk
427.0,121.8833,4.7076,-1.98968,0.0,-0.0,176.1181,1.7964,stand_5,213.382,0.0,-0.0,0.0,-0.0,Sidewalk
427.5,121.8833,4.7076,-1.95477,0.0,0.06981,176.1181,1.7964,stand_5,213.3904,0.0,0.06981,0.0,0.06981,Sidewalk
428.0,121.8833,4.7076,-1.95477,0.0,-0.0,176.1181,1.7964,stand_5,213.382,0.0,-0.0,0.0,-0.0,Sidewalk
428.5,121.8833,4.7076,-1.91986,0.0,0.06981,176.1181,1.7964,stand_5,213.3904,0.0,0.06981,0.0,0.06981,Sidewalk
429.0,121.8833,4.7076,-1.91986,0.0,-0.0,176.1181,1.7964,stand_5,213.382,0.0,-0.0,0.0,-0.0,Sidewalk
429.5,121.8833,4.7076,-1.88496,0.0,0.06981,176.1181,1.7964,stand_5,213.3904,0.0,0.06981,0.0,0.06981,Sidewalk
430.0,121.8833,4.7076,-1.88496,0.0,-0.0,176.1181,1.7964,stand_5,213.382,0.0,-0.0,0.0,-0.0,Sidewalk
430.5,121.8833,4.7076,-1.85005,0.0,0.06981,176.1181,1.7964,stand_5,213.3904,0.0,0.06981,0.0,0.06981,Sidewalk
431.0,121.8833,4.7076,-1.85005,0.0,-0.0,176.1181,1.7964,stand_5,213.3821,0.0,-0.0,0.0,-0.0,Sidewalk
431.5,121.8833,4.7076,-1.81514,0.0,0.06981,176.1181,1.7964,stand_5,213.3904,0.0,0.06981,0.0,0.06981,Sidewalk
432.0,121.8833,4.7076,-1.81514,0.0,-0.0,176.1181,1.7964,stand_5,213.3821,0.0,-0.0,0.0,-0.0,Sidewalk
432.5,121.8833,4.7076,-1.78024,0.0,0.06981,176.1181,1.7964,stand_5,213.3904,0.0,0.06981,0.0,0.06981,Sidewalk
433.0,121.8833,4.7076,-1.78024,0.0,-0.0,176.1181,1.7964,stand_5,213.3821,0.0,-0.0,0.0,-0.0,Sidewalk
433.5,121.8833,4.7076,-1.74533,0.0,0.06981,176.1181,1.7964,stand_5,213.3904,0.0,0.06981,0.0,0.06981,Sidewalk
434.0,121.8833,4.7076,-1.74533,0.0,-0.0,176.1181,1.7964,stand_5,213.3821,0.0,-0.0,0.0,-0.0,Sidewalk
434.5,121.8833,4.7076,-1.71042,0.0,0.06981,176.1181,1.7964,stand_5,213.3904,0.0,0.06981,0.0,0.06981,Sidewalk
435.0,121.8833,4.7076,-1.71042,0.0,-0.0,176.1181,1.7964,stand_5,213.3821,0.0,-0.0,0.0,-0.0,Sidewalk
435.5,121.8833,4.7076,-1.67552,0.0,0.06981,176.1181,1.7964,stand_5,213.3904,0.0,0.06981,0.0,0.06981,Sidewalk
436.0,121.8833,4.7076,-1.67552,0.0,-0.0,176.1181,1.7964,stand_5,213.3821,0.0,-0.0,0.0,-0.0,Sidewalk
436.5,121.8833,4.7076,-1.64061,0.0,0.06981,176.1181,1.7964,stand_5,213.3905,0.0,0.06981,0.0,0.06981,Sidewalk
437.0,121.8833,4.7076,-1.64061,0.0,-0.0,176.1181,1.7964,stand_5,213.3821,0.0,-0.0,0.0,-0.0,Sidewalk
437.5,121.8833,4.7076,-1.6057,0.0,0.06981,176.1181,1.7964,stand_5,213.3905,0.0,0.06981,0.0,0.06981,Sidewalk
438.0,121.8833,4.7076,-1.6057,0.0,-0.0,176.1181,1.7964,stand_5,213.3821,0.0,-0.0,0.0,-0.0,Sidewalk
438.5,121.8833,4.7076,-1.5708,0.0,0.06981,176.1181,1.7964,stand_5,213.3905,0.0,0.06981,0.0,0.06981,Sidewalk
439.0,121.8833,4.7076,-1.5708,0.0,-0.0,176.1181,1.7964,stand_5,213.3821,0.0,-0.0,0.0,-0.0,Sidewalk
439.5,121.8833,4.7076,-1.53589,0.0,0.06981,176.1181,1.7964,stand_5,213.3905,0.0,0.06981,0.0,0.06981,Sidewalk
440.0,121.8833,4.7076,-1.53589,0.0,-0.0,176.1181,1.7964,stand_5,213.3821,0.0,-0.0,0.0,-0.0,Sidewalk
440.5,121.8833,4.7076,-1.50098,0.0,0.06981,176.1181,1.7964,stand_5,213.3905,0.0,0.06981,0.0,0.06981,Sidewalk
441.0,121.8833,4.7076,-1.50098,0.0,-0.0,176.1181,1.7964,stand_5,213.3821,0.0,-0.0,0.0,-0.0,Sidewalk
441.5,121.8833,4.7076,-1.46608,0.0,0.06981,176.1181,1.7964,stand_5,213.3905,0.0,0.06981,0.0,0.06981,Sidewalk
442.0,121.8833,4.7076,-1.46608,0.0,-0.0,176.1181,1.7964,stand_5,213.3821,0.0,-0.0,0.0,-0.0,Sidewalk
442.5,121.8833,4.7076,-1.43117,0.0,0.06981,176.1181,1.7964,stand_5,213.3905,0.0,0.06981,0.0,0.06981,Sidewalk
443.0,121.8833,4.7076,-1.43117,0.0,-0.0,176.1181,1.7964,stand_5,213.3821,0.0,-0.0,0.0,-0.0,Sidewalk
443.5,121.8833,4.7076,-1.39626,0.0,0.06981,176.1181,1.7964,stand_5,213.3905,0.0,0.06981,0.0,0.06981,Sidewalk
444.0,121.8833,4.7076,-1.39626,0.0,-0.0,176.1181,1.7964,stand_5,213.3821,0.0,-0.0,0.0,-0.0,Sidewalk
444.5,121.8833,4.7076,-1.36136,0.0,0.06981,176.1181,1.7964,stand_5,213.3905,0.0,0.06981,0.0,0.06981,Sidewalk
445.0,121.8833,4.7076,-1.36136,0.0,-0.0,176.1181,1.7964,stand_5,213.3821,0.0,-0.0,0.0,-0.0,Sidewalk
445.5,121.8833,4.7076,-1.32645,0.0,0.06981,176.1181,1.7964,stand_5,213.3905,0.0,0.06981,0.0,0.06981,Sidewalk
446.0,121.8833,4.7076,-1.32645,0.0,-0.0,176.1181,1.7964,stand_5,213.3821,0.0,-0.0,0.0,-0.0,Sidewalk
446.5,121.8833,4.7076,-1.29154,0.0,0.06981,176.1181,1.7964,stand_5,213.3905,0.0,0.06981,0.0,0.06981,Sidewalk
447.0,121.8833,4.7076,-1.29154,0.0,-0.0,176.1181,1.7964,stand_5,213.3821,0.0,-0.0,0.0,-0.0,Sidewalk
447.5,121.8833,4.7076,-1.25664,0.0,0.06981,176.1181,1.7964,stand_5,213.3905,0.0,0.06981,0.0,0.06981,Sidewalk
448.0,121.8833,4.7076,-1.25664,0.0,-0.0,176.1181,1.7964,stand_5,213.3821,0.0,-0.0,0.0,-0.0,Sidewalk
448.5,121.8833,4.7076,-1.22173,0.0,0.06981,176.1181,1.7964,stand_5,213.3905,0.0,0.06981,0.0,0.06981,Sidewalk
449.0,121.8833,4.7076,-1.22173,0.0,-0.0,176.1181,1.7964,stand_5,213.3821,0.0,-0.0,0.0,-0.0,Sidewalk
449.5,121.8833,4.7076,-1.18682,0.0,0.06981,176.1181,1.7964,stand_5,213.3905,0.0,0.06981,0.0,0.06981,Sidewalk
450.0,121.8833,4.7076,-1.18682,0.0,-0.0,176.1181,1.7964,stand_5,213.3821,0.0,-0.0,0.0,-0.0,Sidewalk
450.5,121.8833,4.7076,-1.15192,0.0,0.06981,176.1181,1.7964,stand_5,213.3905,0.0,0.06981,0.0,0.06981,Sidewalk
451.0,121.8833,4.7076,-1.15192,0.0,-0.0,176.1181,1.7963,stand_5,213.3821,0.0,-0.0,0.0,-0.0,Sidewalk
451.5,121.8833,4.7076,-1.11701,0.0,0.06981,176.1181,1.7963,stand_5,213.3905,0.0,0.06981,0.0,0.06981,Sidewalk
452.0,121.8833,4.7076,-1.11701,0.0,-0.0,176.1181,1.7963,stand_5,213.3821,0.0,-0.0,0.0,-0.0,Sidewalk
452.5,121.8833,4.7076,-1.0821,0.0,0.06981,176.1181,1.7963,stand_5,213.3905,0.0,0.06981,0.0,0.06981,Sidewalk
453.0,121.8833,4.7076,-1.0821,0.0,-0.0,176.1181,1.7963,stand_5,213.3821,0.0,-0.0,0.0,-0.0,Sidewalk
453.5,121.8833,4.7076,-1.0472,0.0,0.06981,176.1181,1.7963,stand_5,213.3905,0.0,0.06981,0.0,0.06981,Sidewalk
454.0,121.8833,4.7076,-1.0472,0.0,-0.0,176.1181,1.7963,stand_5,213.3821,0.0,-0.0,0.0,-0.0,Sidewalk
454.5,121.8833,4.7076,-1.01229,0.0,0.06981,176.1181,1.7963,stand_5,213.3905,0.0,0.06981,0.0,0.06981,Sidewalk
455.0,121.8833,4.7076,-1.01229,0.0,-0.0,176.1181,1.7963,stand_5,213.3821,0.0,-0.0,0.0,-0.0,Sidewalk
455.5,121.8833,4.7076,-0.97738,0.0,0.06981,176.1181,1.7963,stand_5,213.3905,0.0,0.06981,0.0,0.06981,Sidewalk
456.0,121.8833,4.7076,-0.97738,0.0,-0.0,176.1181,1.7963,stand_5,213.3822,0.0,-0.0,0.0,-0.0,Sidewalk
456.5,121.8833,4.7076,-0.94248,0.0,0.06981,176.1181,1.7963,stand_5,213.3905,0.0,0.06981,0.0,0.06981,Sidewalk
457.0,121.8833,4.7076,-0.94248,0.0,-0.0,176.1181,1.7963,stand_5,213.3822,0.0,-0.0,0.0,-0.0,Sidewalk
457.5,121.8833,4.7076,-0.90757,0.0,0.06981,176.1181,1.7963,stand_5,213.3905,0.0,0.06981,0.0,0.06981,Sidewalk
458.0,121.8833,4.7076,-0.90757,0.0,-0.0,176.1181,1.7963,stand_5,213.3822,0.0,-0.0,0.0,-0.0,Sidewalk
458.5,121.8833,4.7076,-0.87266,0.0,0.06981,176.1181,1.7963,stand_5,213.3905,0.0,0.06981,0.0,0.06981,Sidewalk
459.0,121.8833,4.7076,-0.87266,0.0,-0.0,176.1181,1.7963,stand_5,213.3822,0.0,-0.0,0.0,-0.0,Sidewalk
459.5,121.8833,4.7076,-0.83776,0.0,0.06981,176.1181,1.7963,stand_5,213.3905,0.0,0.06981,0.0,0.06981,Sidewalk
460.0,121.8833,4.7076,-0.83776,0.0,-0.0,176.1181,1.7963,stand_5,213.3822,0.0,-0.0,0.0,-0.0,Sidewalk
460.5,121.8833,4.7076,-0.80285,0.0,0.06981,176.1181,1.7963,stand_5,213.3905,0.0,0.06981,0.0,0.06981,Sidewalk
461.0,121.8833,4.7076,-0.80285,0.0,-0.0,176.1181,1.7963,stand_5,213.3822,0.0,-0.0,0.0,-0.0,Sidewalk
461.5,121.8833,4.7076,-0.76794,0.0,0.06981,176.1181,1.7963,stand_5,213.3906,0.0,0.06981,0.0,0.06981,Sidewalk
462.0,121.8833,4.7076,-0.76794,0.0,-0.0,176.1181,1.7963,stand_5,213.3822,0.0,-0.0,0.0,-0.0,Sidewalk
462.5,121.8833,4.7076,-0.73304,0.0,0.06981,176.1181,1.7963,stand_5,213.3906,0.0,0.06981,0.0,0.06981,Sidewalk
463.0,121.8833,4.7076,-0.73304,0.0,-0.0,176.1181,1.7963,stand_5,213.3822,0.0,-0.0,0.0,-0.0,Sidewalk
463.5,121.8833,4.7076,-0.69813,0.0,0.06981,176.1181,1.7963,stand_5,213.3906,0.0,0.06981,0.0,0.06981,Sidewalk
464.0,121.8833,4.7076,-0.69813,0.0,-0.0,176.1181,1.7963,stand_5,213.3822,0.0,-0.0,0.0,-0.0,Sidewalk
464.5,121.8833,4.7076,-0.66323,0.0,0.06981,176.1181,1.7963,stand_5,213.3906,0.0,0.06981,0.0,0.06981,Sidewalk
465.0,121.8833,4.7076,-0.66323,0.0,-0.0,176.1181,1.7963,stand_5,213.3822,0.0,-0.0,0.0,-0.0,Sidewalk
465.5,121.8833,4.7076,-0.62832,0.0,0.06981,176.1181,1.7963,stand_5,213.3906,0.0,0.06981,0.0,0.06981,Sidewalk
466.0,121.8833,4.7076,-0.62832,0.0,-0.0,176.1181,1.7963,stand_5,213.3822,0.0,-0.0,0.0,-0.0,Sidewalk
466.5,121.8833,4.7076,-0.59341,0.0,0.06981,176.1181,1.7963,stand_5,213.3906,0.0,0.06981,0.0,0.06981,Sidewalk
467.0,121.8833,4.7076,-0.59341,0.0,-0.0,176.1181,1.7963,stand_5,213.3822,0.0,-0.0,0.0,-0.0,Sidewalk
467.5,121.8833,4.7076,-0.55851,0.0,0.06981,176.1181,1.7963,stand_5,213.3906,0.0,0.06981,0.0,0.06981,Sidewalk
468.0,121.8833,4.7076,-0.55851,0.0,-0.0,176.1181,1.7963,stand_5,213.3822,0.0,-0.0,0.0,-0.0,Sidewalk
468.5,121.8833,4.7076,-0.5236,0.0,0.06981,176.1181,1.7963,stand_5,213.3906,0.0,0.06981,0.0,0.06981,Sidewalk
469.0,121.8833,4.7076,-0.5236,0.0,-0.0,176.1181,1.7963,stand_5,213.3822,0.0,-0.0,0.0,-0.0,Sidewalk
469.5,121.8833,4.7076,-0.48869,0.0,0.06981,176.1181,1.7963,stand_5,213.3906,0.0,0.06981,0.0,0.06981,Sidewalk
470.0,121.8833,4.7076,-0.48869,0.0,-0.0,176.1181,1.7963,stand_5,213.3822,0.0,-0.0,0.0,-0.0,Sidewalk
470.5,121.8833,4.7076,-0.45379,0.0,0.06981,176.1181,1.7963,stand_5,213.3906,0.0,0.06981,0.0,0.06981,Sidewalk
471.0,121.8833,4.7076,-0.45379,0.0,-0.0,176.1181,1.7963,stand_5,213.3822,0.0,-0.0,0.0,-0.0,Sidewalk
471.5,121.8833,4.7076,-0.41888,0.0,0.06981,176.1181,1.7963,stand_5,213.3906,0.0,0.06981,0.0,0.06981,Sidewalk
472.0,121.8833,4.7076,-0.41888,0.0,-0.0,176.1181,1.7963,stand_5,213.3822,0.0,-0.0,0.0,-0.0,Sidewalk
472.5,121.8833,4.7076,-0.38397,0.0,0.06981,176.1181,1.7963,stand_5,213.3906,0.0,0.06981,0.0,0.06981,Sidewalk
473.0,121.8833,4.7076,-0.38397,0.0,-0.0,176.1181,1.7963,stand_5,213.3822,0.0,-0.0,0.0,-0.0,Sidewalk
473.5,121.8833,4.7076,-0.34907,0.0,0.06981,176.1181,1.7963,stand_5,213.3906,0.0,0.06981,0.0,0.06981,Sidewalk
474.0,121.8833,4.7076,-0.34907,0.0,-0.0,176.1181,1.7963,stand_5,213.3822,0.0,-0.0,0.0,-0.0,Sidewalk
474.5,121.8833,4.7076,-0.31416,0.0,0.06981,176.1181,1.7963,stand_5,213.3906,0.0,0.06981,0.0,0.06981,Sidewalk
475.0,121.8833,4.7076,-0.31416,0.0,-0.0,176.1181,1.7963,stand_5,213.3822,0.0,-0.0,0.0,-0.0,Sidewalk
475.5,121.8833,4.7076,-0.27925,0.0,0.06981,176.1181,1.7963,stand_5,213.3906,0.0,0.06981,0.0,0.06981,Sidewalk
476.0,121.8833,4.7076,-0.27925,0.0,-0.0,176.1181,1.7963,stand_5,213.3822,0.0,-0.0,0.0,-0.0,Sidewalk
476.5,121.8833,4.7076,-0.24435,0.0,0.06981,176.1181,1.7963,stand_5,213.3906,0.0,0.06981,0.0,0.06981,Sidewalk
477.0,121.8833,4.7076,-0.24435,0.0,-0.0,176.1181,1.7963,stand_5,213.3822,0.0,-0.0,0.0,-0.0,Sidewalk
477.5,121.8833,4.7076,-0.20944,0.0,0.06981,176.1181,1.7963,stand_5,213.3906,0.0,0.06981,0.0,0.06981,Sidewalk
478.0,121.8833,4.7076,-0.20944,0.0,-0.0,176.1181,1.7963,stand_5,213.3822,0.0,-0.0,0.0,-0.0,Sidewalk
478.5,121.8833,4.7076,-0.17453,0.0,0.06981,176.1181,1.7963,stand_5,213.3906,0.0,0.06981,0.0,0.06981,Sidewalk
479.0,121.8833,4.7076,-0.17453,0.0,-0.0,176.1181,1.7963,stand_5,213.3823,0.0,-0.0,0.0,-0.0,Sidewalk
479.5,121.8833,4.7076,-0.13963,0.0,0.06981,176.1181,1.7963,stand_5,213.3906,0.0,0.06981,0.0,0.06981,Sidewalk
480.0,121.8833,4.7076,-0.13963,0.0,-0.0,176.1181,1.7963,stand_5,213.3823,0.0,-0.0,0.0,-0.0,Sidewalk
480.5,121.8833,4.7076,-0.10472,0.0,0.06981,176.1181,1.7963,stand_5,213.3906,0.0,0.06981,0.0,0.06981,Sidewalk
481.0,121.8833,4.7076,-0.10472,0.0,-0.0,176.1181,1.7963,stand_5,213.3823,0.0,-0.0,0.0,-0.0,Sidewalk
481.5,121.8833,4.7076,-0.06981,0.0,0.06981,176.1181,1.7963,stand_5,213.3906,0.0,0.06981,0.0,0.06981,Sidewalk
482.0,121.8833,4.7076,-0.06981,0.0,-0.0,176.1181,1.7962,stand_5,213.3823,0.0,-0.0,0.0,-0.0,Sidewalk
482.5,121.8833,4.7076,-0.03491,0.0,0.06981,176.1181,1.7962,stand_5,213.3906,0.0,0.06981,0.0,0.06981,Sidewalk
483.0,121.8833,4.7076,-0.03491,0.0,-0.0,176.1181,1.7962,stand_5,213.3823,0.0,-0.0,0.0,-0.0,Sidewalk
483.5,121.8833,4.7076,-0.0,0.0,0.06981,176.1181,1.7962,stand_5,213.3906,0.0,0.06981,0.0,0.06981,Sidewalk
484.0,121.8833,4.7076,-0.0,0.0,-0.0,176.1181,1.7962,stand_5,213.3823,0.0,-0.0,0.0,-0.0,Sidewalk
484.5,121.8833,4.7076,0.03491,0.0,0.06981,176.1181,1.7962,stand_5,213.3906,0.0,0.06981,0.0,0.06981,Sidewalk
485.0,121.8833,4.7076,0.03491,0.0,-0.0,176.1181,1.7962,stand_5,213.3823,0.0,-0.0,0.0,-0.0,Sidewalk
485.5,121.8833,4.7076,0.06981,0.0,0.06981,176.1181,1.7962,stand_5,213.3907,0.0,0.06981,0.0,0.06981,Sidewalk
486.0,121.8833,4.7076,0.06981,0.0,-0.0,176.1181,1.7962,stand_5,213.3823,0.0,-0.0,0.0,-0.0,Sidewalk
486.5,121.8833,4.7076,0.10472,0.0,0.06981,176.1181,1.7962,stand_5,213.3907,0.0,0.06981,0.0,0.06981,Sidewalk
487.0,121.8833,4.7076,0.10472,0.0,-0.0,176.1181,1.7962,stand_5,213.3823,0.0,-0.0,0.0,-0.0,Sidewalk
487.5,121.8833,4.7076,0.13963,0.0,0.06981,176.1181,1.7962,stand_5,213.3907,0.0,0.06981,0.0,0.06981,Sidewalk
488.0,121.8833,4.7076,0.13963,0.0,-0.0,176.1181,1.7962,stand_5,213.3823,0.0,-0.0,0.0,-0.0,Sidewalk
488.5,121.8833,4.7076,0.17453,0.0,0.06981,176.1181,1.7962,stand_5,213.3907,0.0,0.06981,0.0,0.06981,Sidewalk
489.0,121.8833,4.7076,0.17453,0.0,-0.0,176.1181,1.7962,stand_5,213.3823,0.0,-0.0,0.0,-0.0,Sidewalk
489.5,121.8833,4.7076,0.20944,0.0,0.06981,176.1181,1.7962,stand_5,213.3907,0.0,0.06981,0.0,0.06981,Sidewalk
490.0,121.8833,4.7076,0.20944,0.0,-0.0,176.1181,1.7962,stand_5,213.3823,0.0,-0.0,0.0,-0.0,Sidewalk
490.5,121.8833,4.7076,0.24435,0.0,0.06981,176.1181,1.7962,stand_5,213.3907,0.0,0.06981,0.0,0.06981,Sidewalk
491.0,121.8833,4.7076,0.24435,0.0,-0.0,176.1181,1.7962,stand_5,213.3823,0.0,-0.0,0.0,-0.0,Sidewalk
491.5,121.8833,4.7076,0.27925,0.0,0.06981,176.1181,1.7962,stand_5,213.3907,0.0,0.06981,0.0,0.06981,Sidewalk
492.0,121.8833,4.7076,0.27925,0.0,-0.0,176.1181,1.7962,stand_5,213.3823,0.0,-0.0,0.0,-0.0,Sidewalk
492.5,121.8833,4.7076,0.31416,0.0,0.06981,176.1181,1.7962,stand_5,213.3907,0.0,0.06981,0.0,0.06981,Sidewalk
493.0,121.8833,4.7076,0.31416,0.0,-0.0,176.1181,1.7962,stand_5,213.3823,0.0,-0.0,0.0,-0.0,Sidewalk
493.5,121.8833,4.7076,0.34907,0.0,0.06981,176.1181,1.7962,stand_5,213.3907,0.0,0.06981,0.0,0.06981,Sidewalk
494.0,121.8833,4.7076,0.34907,0.0,-0.0,176.1181,1.7962,stand_5,213.3823,0.0,-0.0,0.0,-0.0,Sidewalk
494.5,121.8833,4.7076,0.38397,0.0,0.06981,176.1181,1.7962,stand_5,213.3907,0.0,0.06981,0.0,0.06981,Sidewalk
495.0,121.8833,4.7076,0.38397,0.0,-0.0,176.1181,1.7962,stand_5,213.3823,0.0,-0.0,0.0,-0.0,Sidewalk
495.5,121.8833,4.7076,0.41888,0.0,0.06981,176.1181,1.7962,stand_5,213.3907,0.0,0.06981,0.0,0.06981,Sidewalk
496.0,121.8833,4.7076,0.41888,0.0,-0.0,176.1181,1.7962,stand_5,213.3823,0.0,-0.0,0.0,-0.0,Sidewalk
496.5,121.8833,4.7076,0.45379,0.0,0.06981,176.1181,1.7962,stand_5,213.3907,0.0,0.06981,0.0,0.06981,Sidewalk
497.0,121.8833,4.7076,0.45379,0.0,-0.0,176.1181,1.7962,stand_5,213.3823,0.0,-0.0,0.0,-0.0,Sidewalk
497.5,121.8833,4.7076,0.48869,0.0,0.06981,176.1181,1.7962,stand_5,213.3907,0.0,0.06981,0.0,0.06981,Sidewalk
498.0,121.8833,4.7076,0.48869,0.0,-0.0,176.1181,1.7962,stand_5,213.3823,0.0,-0.0,0.0,-0.0,Sidewalk
498.5,121.8833,4.7076,0.5236,0.0,0.06981,176.1181,1.7962,stand_5,213.3907,0.0,0.06981,0.0,0.06981,Sidewalk
499.0,121.8833,4.7076,0.5236,0.0,-0.0,176.1181,1.7962,stand_5,213.3823,0.0,-0.0,0.0,-0.0,Sidewalk
499.5,121.8833,4.7076,0.55851,0.0,0.06981,176.1181,1.7962,stand_5,213.3907,0.0,0.06981,0.0,0.06981,Sidewalk
500.0,121.8833,4.7076,0.55851,0.0,-0.0,176.1181,1.7962,stand_5,213.3823,0.0,-0.0,0.0,-0.0,Sidewalk
500.5,121.8833,4.7076,0.59341,0.0,0.06981,176.1181,1.7962,stand_5,213.3907,0.0,0.06981,0.0,0.06981,Sidewalk
501.0,121.8833,4.7076,0.59341,0.0,-0.0,176.1181,1.7962,stand_5,213.3823,0.0,-0.0,0.0,-0.0,Sidewalk
501.5,121.8833,4.7076,0.62832,0.0,0.06981,176.1181,1.7962,stand_5,213.3907,0.0,0.06981,0.0,0.06981,Sidewalk
502.0,121.8833,4.7076,0.62832,0.0,-0.0,176.1181,1.7962,stand_5,213.3823,0.0,-0.0,0.0,-0.0,Sidewalk
502.5,121.8833,4.7076,0.66323,0.0,0.06981,176.1181,1.7962,stand_5,213.3907,0.0,0.06981,0.0,0.06981,Sidewalk
503.0,121.8833,4.7076,0.66323,0.0,-0.0,176.1181,1.7962,stand_5,213.3823,0.0,-0.0,0.0,-0.0,Sidewalk
503.5,121.8833,4.7076,0.69813,0.0,0.06981,176.1181,1.7962,stand_5,213.3907,0.0,0.06981,0.0,0.06981,Sidewalk
504.0,121.8833,4.7076,0.69813,0.0,-0.0,176.1181,1.7962,stand_5,213.3823,0.0,-0.0,0.0,-0.0,Sidewalk
504.5,121.8833,4.7076,0.73304,0.0,0.06981,176.1181,1.7962,stand_5,213.3907,0.0,0.06981,0.0,0.06981,Sidewalk
505.0,121.8833,4.7076,0.73304,0.0,-0.0,176.1181,1.7962,stand_5,213.3824,0.0,-0.0,0.0,-0.0,Sidewalk
505.5,121.8833,4.7076,0.76794,0.0,0.06981,176.1181,1.7962,stand_5,213.3907,0.0,0.06981,0.0,0.06981,Sidewalk
506.0,121.8833,4.7076,0.76794,0.0,-0.0,176.1181,1.7962,stand_5,213.3824,0.0,-0.0,0.0,-0.0,Sidewalk
506.5,121.8833,4.7076,0.80285,0.0,0.06981,176.1181,1.7962,stand_5,213.3907,0.0,0.06981,0.0,0.06981,Sidewalk
507.0,121.8833,4.7076,0.80285,0.0,-0.0,176.1181,1.7962,stand_5,213.3824,0.0,-0.0,0.0,-0.0,Sidewalk
507.5,121.8833,4.7076,0.83776,0.0,0.06981,176.1181,1.7962,stand_5,213.3907,0.0,0.06981,0.0,0.06981,Sidewalk
508.0,121.8833,4.7076,0.83776,0.0,-0.0,176.1181,1.7962,stand_5,213.3824,0.0,-0.0,0.0,-0.0,Sidewalk
508.5,121.8833,4.7076,0.87266,0.0,0.06981,176.1181,1.7962,stand_5,213.3907,0.0,0.06981,0.0,0.06981,Sidewalk
509.0,121.8833,4.7076,0.87266,0.0,-0.0,176.1181,1.7962,stand_5,213.3824,0.0,-0.0,0.0,-0.0,Sidewalk
509.5,121.8833,4.7076,0.90757,0.0,0.06981,176.1181,1.7962,stand_5,213.3907,0.0,0.06981,0.0,0.06981,Sidewalk
510.0,121.8833,4.7076,0.90757,0.0,-0.0,176.1181,1.7962,stand_5,213.3824,0.0,-0.0,0.0,-0.0,Sidewalk
510.5,121.8833,4.7076,0.94248,0.0,0.06981,176.1181,1.7962,stand_5,213.3908,0.0,0.06981,0.0,0.06981,Sidewalk
511.0,121.8833,4.7076,0.94248,0.0,-0.0,176.1181,1.7962,stand_5,213.3824,0.0,-0.0,0.0,-0.0,Sidewalk
511.5,121.8833,4.7076,0.97738,0.0,0.06981,176.1181,1.7962,stand_5,213.3908,0.0,0.06981,0.0,0.06981,Sidewalk
512.0,121.8833,4.7076,0.97738,0.0,-0.0,176.1181,1.7962,stand_5,213.3824,0.0,-0.0,0.0,-0.0,Sidewalk
512.5,121.8833,4.7076,1.01229,0.0,0.06981,176.1181,1.7962,stand_5,213.3908,0.0,0.06981,0.0,0.06981,Sidewalk
513.0,121.8833,4.7076,1.01229,0.0,-0.0,176.1181,1.7962,stand_5,213.3824,0.0,-0.0,0.0,-0.0,Sidewalk
513.5,121.8833,4.7076,1.0472,0.0,0.06981,176.1181,1.7961,stand_5,213.3908,0.0,0.06981,0.0,0.06981,Sidewalk
514.0,121.8833,4.7076,1.0472,0.0,-0.0,176.1181,1.7961,stand_5,213.3824,0.0,-0.0,0.0,-0.0,Sidewalk
514.5,121.8833,4.7076,1.0821,0.0,0.06981,176.1181,1.7961,stand_5,213.3908,0.0,0.06981,0.0,0.06981,Sidewalk
515.0,121.8833,4.7076,1.0821,0.0,-0.0,176.1181,1.7961,stand_5,213.3824,0.0,-0.0,0.0,-0.0,Sidewalk
515.5,121.8833,4.7076,1.11701,0.0,0.06981,176.1181,1.7961,stand_5,213.3908,0.0,0.06981,0.0,0.06981,Sidewalk
516.0,121.8833,4.7076,1.11701,0.0,-0.0,176.1181,1.7961,stand_5,213.3824,0.0,-0.0,0.0,-0.0,Sidewalk
516.5,121.8833,4.7076,1.15192,0.0,0.06981,176.1181,1.7961,stand_5,213.3908,0.0,0.06981,0.0,0.06981,Sidewalk
517.0,121.8833,4.7076,1.15192,0.0,-0.0,176.1181,1.7961,stand_5,213.3824,0.0,-0.0,0.0,-0.0,Sidewalk
517.5,121.8833,4.7076,1.18682,0.0,0.06981,176.1181,1.7961,stand_5,213.3908,0.0,0.06981,0.0,0.06981,Sidewalk
518.0,121.8833,4.7076,1.18682,0.0,-0.0,176.1181,1.7961,stand_5,213.3824,0.0,-0.0,0.0,-0.0,Sidewalk
518.5,121.8833,4.7076,1.22173,0.0,0.06981,176.1181,1.7961,stand_5,213.3908,0.0,0.06981,0.0,0.06981,Sidewalk
519.0,121.8833,4.7076,1.22173,0.0,-0.0,176.1181,1.7961,stand_5,213.3824,0.0,-0.0,0.0,-0.0,Sidewalk
519.5,121.8833,4.7076,1.25664,0.0,0.06981,176.1181,1.7961,stand_5,213.3908,0.0,0.06981,0.0,0.06981,Sidewalk
520.0,121.8833,4.7076,1.25664,0.0,-0.0,176.1181,1.7961,stand_5,213.3824,0.0,-0.0,0.0,-0.0,Sidewalk
520.5,121.8833,4.7076,1.29154,0.0,0.06981,176.1181,1.7961,stand_5,213.3908,0.0,0.06981,0.0,0.06981,Sidewalk
521.0,121.8833,4.7076,1.29154,0.0,-0.0,176.1181,1.7961,stand_5,213.3824,0.0,-0.0,0.0,-0.0,Sidewalk
521.5,121.8833,4.7076,1.32645,0.0,0.06981,176.1181,1.7961,stand_5,213.3908,0.0,0.06981,0.0,0.06981,Sidewalk
522.0,121.8833,4.7076,1.32645,0.0,-0.0,176.1181,1.7961,stand_5,213.3824,0.0,-0.0,0.0,-0.0,Sidewalk
522.5,121.8833,4.7076,1.36136,0.0,0.06981,176.1181,1.7961,stand_5,213.3908,0.0,0.06981,0.0,0.06981,Sidewalk
523.0,121.8833,4.7076,1.36136,0.0,-0.0,176.1181,1.7961,stand_5,213.3824,0.0,-0.0,0.0,-0.0,Sidewalk
523.5,121.8833,4.7076,1.39626,0.0,0.06981,176.1181,1.7961,stand_5,213.3908,0.0,0.06981,0.0,0.06981,Sidewalk
524.0,121.8833,4.7076,1.39626,0.0,-0.0,176.1181,1.7961,stand_5,213.3824,0.0,-0.0,0.0,-0.0,Sidewalk
524.5,121.8833,4.7076,1.43117,0.0,0.06981,176.1181,1.7961,stand_5,213.3908,0.0,0.06981,0.0,0.06981,Sidewalk
525.0,121.8833,4.7076,1.43117,0.0,-0.0,176.1181,1.7961,stand_5,213.3824,0.0,-0.0,0.0,-0.0,Sidewalk
525.5,121.8833,4.7076,1.46608,0.0,0.06981,176.1181,1.7961,stand_5,213.3908,0.0,0.06981,0.0,0.06981,Sidewalk
526.0,121.8833,4.7076,1.46608,0.0,-0.0,176.1181,1.7961,stand_5,213.3824,0.0,-0.0,0.0,-0.0,Sidewalk
526.5,121.8833,4.7076,1.50098,0.0,0.06981,176.1181,1.7961,stand_5,213.3908,0.0,0.06981,0.0,0.06981,Sidewalk
527.0,121.8833,4.7076,1.50098,0.0,-0.0,176.1181,1.7961,stand_5,213.3824,0.0,-0.0,0.0,-0.0,Sidewalk
527.5,121.8833,4.7076,1.53589,0.0,0.06981,176.1181,1.7961,stand_5,213.3908,0.0,0.06981,0.0,0.06981,Sidewalk
528.0,121.8833,4.7076,1.53589,0.0,-0.0,176.1181,1.7961,stand_5,213.3824,0.0,-0.0,0.0,-0.0,Sidewalk
528.5,121.8833,4.7076,1.5708,0.0,0.06981,176.1181,1.7961,stand_5,213.3908,0.0,0.06981,0.0,0.06981,Sidewalk
529.0,121.8833,4.7076,1.5708,0.0,-0.0,176.1181,1.7961,stand_5,213.3824,0.0,-0.0,0.0,-0.0,Sidewalk
529.5,121.8833,4.7076,1.6057,0.0,0.06981,176.1181,1.7961,stand_5,213.3908,0.0,0.06981,0.0,0.06981,Sidewalk
530.0,121.8833,4.7076,1.6057,0.0,-0.0,176.1181,1.7961,stand_5,213.3824,0.0,-0.0,0.0,-0.0,Sidewalk
530.5,121.8833,4.7076,1.64061,0.0,0.06981,176.1181,1.7961,stand_5,213.3908,0.0,0.06981,0.0,0.06981,Sidewalk
531.0,121.8833,4.7076,1.64061,0.0,-0.0,176.1181,1.7961,stand_5,213.3825,0.0,-0.0,0.0,-0.0,Sidewalk
531.5,121.8833,4.7076,1.67552,0.0,0.06981,176.1181,1.7961,stand_5,213.3908,0.0,0.06981,0.0,0.06981,Sidewalk
532.0,121.8833,4.7076,1.67552,0.0,-0.0,176.1181,1.7961,stand_5,213.3825,0.0,-0.0,0.0,-0.0,Sidewalk
532.5,121.8833,4.7076,1.71042,0.0,0.06981,176.1181,1.7961,stand_5,213.3908,0.0,0.06981,0.0,0.06981,Sidewalk
533.0,121.8833,4.7076,1.71042,0.0,-0.0,176.1181,1.7961,stand_5,213.3825,0.0,-0.0,0.0,-0.0,Sidewalk
533.5,121.8833,4.7076,1.74533,0.0,0.06981,176.1181,1.7961,stand_5,213.3908,0.0,0.06981,0.0,0.06981,Sidewalk
534.0,121.8833,4.7076,1.74533,0.0,-0.0,176.1181,1.7961,stand_5,213.3825,0.0,-0.0,0.0,-0.0,Sidewalk
534.5,121.8833,4.7076,1.78024,0.0,0.06981,176.1181,1.7961,stand_5,213.3908,0.0,0.06981,0.0,0.06981,Sidewalk
535.0,121.8833,4.7076,1.78024,0.0,-0.0,176.1181,1.7961,stand_5,213.3825,0.0,-0.0,0.0,-0.0,Sidewalk
535.5,121.8833,4.7076,1.81514,0.0,0.06981,176.1181,1.7961,stand_5,213.3908,0.0,0.06981,0.0,0.06981,Sidewalk
536.0,121.8833,4.7076,1.81514,0.0,-0.0,176.1181,1.7961,stand_5,213.3825,0.0,-0.0,0.0,-0.0,Sidewalk
536.5,121.8833,4.7076,1.85005,0.0,0.06981,176.1181,1.7961,stand_5,213.3909,0.0,0.06981,0.0,0.06981,Sidewalk
537.0,121.8833,4.7076,1.85005,0.0,-0.0,176.1181,1.7961,stand_5,213.3825,0.0,-0.0,0.0,-0.0,Sidewalk
537.5,121.8833,4.7076,1.88496,0.0,0.06981,176.1181,1.7961,stand_5,213.3909,0.0,0.06981,0.0,0.06981,Sidewalk
538.0,121.8833,4.7076,1.88496,0.0,-0.0,176.1181,1.7961,stand_5,213.3825,0.0,-0.0,0.0,-0.0,Sidewalk
538.5,121.8833,4.7076,1.91986,0.0,0.06981,176.1181,1.7961,stand_5,213.3909,0.0,0.06981,0.0,0.06981,Sidewalk
539.0,121.8833,4.7076,1.91986,0.0,-0.0,176.1181,1.7961,stand_5,213.3825,0.0,-0.0,0.0,-0.0,Sidewalk
539.5,121.8833,4.7076,1.95477,0.0,0.06981,176.1181,1.7961,stand_5,213.3909,0.0,0.06981,0.0,0.06981,Sidewalk
540.0,121.8833,4.7076,1.95477,0.0,-0.0,176.1181,1.7961,stand_5,213.3825,0.0,-0.0,0.0,-0.0,Sidewalk
540.5,121.8833,4.7076,1.98968,0.0,0.06981,176.1181,1.7961,stand_5,213.3909,0.0,0.06981,0.0,0.06981,Sidewalk
541.0,121.8833,4.7076,1.98968,0.0,-0.0,176.1181,1.7961,stand_5,213.3825,0.0,-0.0,0.0,-0.0,Sidewalk
541.5,121.8833,4.7076,2.02458,0.0,0.06981,176.1181,1.7961,stand_5,213.3909,0.0,0.06981,0.0,0.06981,Sidewalk
542.0,121.8833,4.7076,2.02458,0.0,-0.0,176.1181,1.7961,stand_5,213.3825,0.0,-0.0,0.0,-0.0,Sidewalk
542.5,121.8833,4.7076,2.05949,0.0,0.06981,176.1181,1.7961,stand_5,213.3909,0.0,0.06981,0.0,0.06981,Sidewalk
543.0,121.8833,4.7076,2.05949,0.0,-0.0,176.1181,1.7961,stand_5,213.3825,0.0,-0.0,0.0,-0.0,Sidewalk
543.5,121.8833,4.7076,2.0944,0.0,0.06981,176.1181,1.7961,stand_5,213.3909,0.0,0.06981,0.0,0.06981,Sidewalk
544.0,121.8833,4.7076,2.0944,0.0,-0.0,176.1181,1.7961,stand_5,213.3825,0.0,-0.0,0.0,-0.0,Sidewalk
544.5,121.8833,4.7076,2.1293,0.0,0.06981,176.1181,1.7961,stand_5,213.3909,0.0,0.06981,0.0,0.06981,Sidewalk
545.0,121.8833,4.7076,2.1293,0.0,-0.0,176.1181,1.7961,stand_5,213.3825,0.0,-0.0,0.0,-0.0,Sidewalk
545.5,121.8833,4.7076,2.16421,0.0,0.06981,176.1181,1.7961,stand_5,213.3909,0.0,0.06981,0.0,0.06981,Sidewalk
546.0,121.8833,4.7076,2.16421,0.0,-0.0,176.1181,1.7961,stand_5,213.3825,0.0,-0.0,0.0,-0.0,Sidewalk
546.5,121.8833,4.7076,2.19911,0.0,0.06981,176.1181,1.796,stand_5,213.3909,0.0,0.06981,0.0,0.06981,Sidewalk
547.0,121.8833,4.7076,2.19911,0.0,-0.0,176.1181,1.796,stand_5,213.3825,0.0,-0.0,0.0,-0.0,Sidewalk
547.5,121.8833,4.7076,2.23402,0.0,0.06981,176.1181,1.796,stand_5,213.3909,0.0,0.06981,0.0,0.06981,Sidewalk
548.0,121.8833,4.7076,2.23402,0.0,-0.0,176.1181,1.796,stand_5,213.3825,0.0,-0.0,0.0,-0.0,Sidewalk
548.5,121.8833,4.7076,2.26893,0.0,0.06981,176.1181,1.796,stand_5,213.3909,0.0,0.06981,0.0,0.06981,Sidewalk
549.0,121.8833,4.7076,2.26893,0.0,-0.0,176.1181,1.796,stand_5,213.3825,0.0,-0.0,0.0,-0.0,Sidewalk
549.5,121.8833,4.7076,2.30383,0.0,0.06981,176.1181,1.796,stand_5,213.3909,0.0,0.06981,0.0,0.06981,Sidewalk
550.0,121.8833,4.7076,2.30383,0.0,-0.0,176.1181,1.796,stand_5,213.3825,0.0,-0.0,0.0,-0.0,Sidewalk
550.5,121.8833,4.7076,2.33874,0.0,0.06981,176.1181,1.796,stand_5,213.3909,0.0,0.06981,0.0,0.06981,Sidewalk
551.0,121.8833,4.7076,2.33874,0.0,-0.0,176.1181,1.796,stand_5,213.3825,0.0,-0.0,0.0,-0.0,Sidewalk
551.5,121.8833,4.7076,2.37365,0.0,0.06981,176.1181,1.796,stand_5,213.3909,0.0,0.06981,0.0,0.06981,Sidewalk
552.0,121.8833,4.7076,2.37365,0.0,-0.0,176.1181,1.796,stand_5,213.3825,0.0,-0.0,0.0,-0.0,Sidewalk
552.5,121.8833,4.7076,2.40855,0.0,0.06981,176.1181,1.796,stand_5,213.3909,0.0,0.06981,0.0,0.06981,Sidewalk
553.0,121.8833,4.7076,2.40855,0.0,-0.0,176.1181,1.796,stand_5,213.3825,0.0,-0.0,0.0,-0.0,Sidewalk
553.5,121.8833,4.7076,2.44346,0.0,0.06981,176.1181,1.796,stand_5,213.3909,0.0,0.06981,0.0,0.06981,Sidewalk
554.0,121.8833,4.7076,2.44346,0.0,-0.0,176.1181,1.796,stand_5,213.3825,0.0,-0.0,0.0,-0.0,Sidewalk
554.5,121.8833,4.7076,2.47837,0.0,0.06981,176.1181,1.796,stand_5,213.3909,0.0,0.06981,0.0,0.06981,Sidewalk
555.0,121.8833,4.7076,2.47837,0.0,-0.0,176.1181,1.796,stand_5,213.3825,0.0,-0.0,0.0,-0.0,Sidewalk
555.5,121.8833,4.7076,2.51327,0.0,0.06981,176.1181,1.796,stand_5,213.3909,0.0,0.06981,0.0,0.06981,Sidewalk
556.0,121.8833,4.7076,2.51327,0.0,-0.0,176.1181,1.796,stand_5,213.3826,0.0,-0.0,0.0,-0.0,Sidewalk
556.5,121.8833,4.7076,2.54818,0.0,0.06981,176.1181,1.796,stand_5,213.3909,0.0,0.06981,0.0,0.06981,Sidewalk
557.0,121.8833,4.7076,2.54818,0.0,-0.0,176.1181,1.796,stand_5,213.3826,0.0,-0.0,0.0,-0.0,Sidewalk
557.5,121.8833,4.7076,2.58309,0.0,0.06981,176.1181,1.796,stand_5,213.3909,0.0,0.06981,0.0,0.06981,Sidewalk
558.0,121.8833,4.7076,2.58309,0.0,-0.0,176.1181,1.796,stand_5,213.3826,0.0,-0.0,0.0,-0.0,Sidewalk
558.5,121.8833,4.7076,2.61799,0.0,0.06981,176.1181,1.796,stand_5,213.3909,0.0,0.06981,0.0,0.06981,Sidewalk
559.0,121.8833,4.7076,2.61799,0.0,-0.0,176.1181,1.796,stand_5,213.3826,0.0,-0.0,0.0,-0.0,Sidewalk
559.5,121.8833,4.7076,2.6529,0.0,0.06981,176.1181,1.796,stand_5,213.3909,0.0,0.06981,0.0,0.06981,Sidewalk
560.0,121.8833,4.7076,2.6529,0.0,-0.0,176.1181,1.796,stand_5,213.3826,0.0,-0.0,0.0,-0.0,Sidewalk
560.5,121.8833,4.7076,2.68781,0.0,0.06981,176.1181,1.796,stand_5,213.391,0.0,0.06981,0.0,0.06981,Sidewalk
561.0,121.8833,4.7076,2.68781,0.0,-0.0,176.1181,1.796,stand_5,213.3826,0.0,-0.0,0.0,-0.0,Sidewalk
561.5,121.8833,4.7076,2.72271,0.0,0.06981,176.1181,1.796,stand_5,213.391,0.0,0.06981,0.0,0.06981,Sidewalk
562.0,121.8833,4.7076,2.72271,0.0,-0.0,176.1181,1.796,stand_5,213.3826,0.0,-0.0,0.0,-0.0,Sidewalk
562.5,121.8833,4.7076,2.75762,0.0,0.06981,176.1181,1.796,stand_5,213.391,0.0,0.06981,0.0,0.06981,Sidewalk
563.0,121.8833,4.7076,2.75762,0.0,-0.0,176.1181,1.796,stand_5,213.3826,0.0,-0.0,0.0,-0.0,Sidewalk
563.5,121.8833,4.7076,2.79253,0.0,0.06981,176.1181,1.796,stand_5,213.391,0.0,0.06981,0.0,0.06981,Sidewalk
564.0,121.8833,4.7076,2.79253,0.0,-0.0,176.1181,1.796,stand_5,213.3826,0.0,-0.0,0.0,-0.0,Sidewalk
564.5,121.8833,4.7076,2.82743,0.0,0.06981,176.1181,1.796,stand_5,213.391,0.0,0.06981,0.0,0.06981,Sidewalk
565.0,121.8833,4.7076,2.82743,0.0,-0.0,176.1181,1.796,stand_5,213.3826,0.0,-0.0,0.0,-0.0,Sidewalk
565.5,121.8833,4.7076,2.86234,0.0,0.06981,176.1181,1.796,stand_5,213.391,0.0,0.06981,0.0,0.06981,Sidewalk
566.0,121.8833,4.7076,2.86234,0.0,-0.0,176.1181,1.796,stand_5,213.3826,0.0,-0.0,0.0,-0.0,Sidewalk
566.5,121.8833,4.7076,2.89725,0.0,0.06981,176.1181,1.796,stand_5,213.391,0.0,0.06981,0.0,0.06981,Sidewalk
567.0,121.8833,4.7076,2.89725,0.0,-0.0,176.1181,1.796,stand_5,213.3826,0.0,-0.0,0.0,-0.0,Sidewalk
567.5,121.8833,4.7076,2.93215,0.0,0.06981,176.1181,1.796,stand_5,213.391,0.0,0.06981,0.0,0.06981,Sidewalk
568.0,121.8833,4.7076,2.93215,0.0,-0.0,176.1181,1.796,stand_5,213.3826,0.0,-0.0,0.0,-0.0,Sidewalk
568.5,121.8833,4.7076,2.96706,0.0,0.06981,176.1181,1.796,stand_5,213.391,0.0,0.06981,0.0,0.06981,Sidewalk
569.0,121.8833,4.7076,2.96706,0.0,-0.0,176.1181,1.796,stand_5,213.3826,0.0,-0.0,0.0,-0.0,Sidewalk
569.5,121.8833,4.7076,3.00197,0.0,0.06981,176.1181,1.796,stand_5,213.391,0.0,0.06981,0.0,0.06981,Sidewalk
570.0,121.8833,4.7076,3.00197,0.0,-0.0,176.1181,1.796,stand_5,213.3826,0.0,-0.0,0.0,-0.0,Sidewalk
570.5,121.8833,4.7076,3.03687,0.0,0.06981,176.1181,1.796,stand_5,213.391,0.0,0.06981,0.0,0.06981,Sidewalk
571.0,121.8833,4.7076,3.03687,0.0,-0.0,176.1181,1.796,stand_5,213.3826,0.0,-0.0,0.0,-0.0,Sidewalk
571.5,121.8833,4.7076,3.07178,0.0,0.06981,176.1181,1.796,stand_5,213.391,0.0,0.06981,0.0,0.06981,Sidewalk
572.0,121.8833,4.7076,3.07178,0.0,-0.0,176.1181,1.796,stand_5,213.3826,0.0,-0.0,0.0,-0.0,Sidewalk
572.5,121.8833,4.7076,3.10669,0.0,0.06981,176.1181,1.796,stand_5,213.391,0.0,0.06981,0.0,0.06981,Sidewalk
573.0,121.8833,4.7076,3.10669,0.0,-0.0,176.1181,1.796,stand_5,213.3826,0.0,-0.0,0.0,-0.0,Sidewalk
573.5,121.8833,4.7076,3.14159,0.0,0.06981,176.1181,1.796,stand_5,213.391,0.0,0.06981,0.0,0.06981,Sidewalk
574.0,121.8833,4.7076,3.14159,0.0,-0.0,176.1181,1.796,stand_5,213.3826,0.0,-0.0,0.0,-0.0,Sidewalk
574.5,121.8833,4.7076,-3.10669,0.0,0.06981,176.1181,1.796,stand_5,213.391,0.0,0.06981,0.0,0.06981,Sidewalk
575.0,121.8833,4.7076,-3.10669,0.0,-0.0,176.1181,1.796,stand_5,213.3826,0.0,-0.0,0.0,-0.0,Sidewalk
575.5,121.8833,4.7076,-3.07178,0.0,0.06981,176.1181,1.796,stand_5,213.391,0.0,0.06981,0.0,0.06981,Sidewalk
576.0,121.8833,4.7076,-3.07178,0.0,-0.0,176.1181,1.796,stand_5,213.3826,0.0,-0.0,0.0,-0.0,Sidewalk
576.5,121.8833,4.7076,-3.03687,0.0,0.06981,176.1181,1.796,stand_5,213.391,0.0,0.06981,0.0,0.06981,Sidewalk
577.0,121.8833,4.7076,-3.03687,0.0,-0.0,176.1181,1.796,stand_5,213.3826,0.0,-0.0,0.0,-0.0,Sidewalk
577.5,121.8833,4.7076,-3.00197,0.0,0.06981,176.1181,1.796,stand_5,213.391,0.0,0.06981,0.0,0.06981,Sidewalk
578.0,121.8833,4.7076,-3.00197,0.0,-0.0,176.1181,1.796,stand_5,213.3826,0.0,-0.0,0.0,-0.0,Sidewalk
578.5,121.8833,4.7076,-2.96706,0.0,0.06981,176.1181,1.7959,stand_5,213.391,0.0,0.06981,0.0,0.06981,Sidewalk
579.0,121.8833,4.7076,-2.96706,0.0,-0.0,176.1181,1.7959,stand_5,213.3826,0.0,-0.0,0.0,-0.0,Sidewalk
579.5,121.8833,4.7076,-2.93215,0.0,0.06981,176.1181,1.7959,stand_5,213.391,0.0,0.06981,0.0,0.06981,Sidewalk
580.0,121.8833,4.7076,-2.93215,0.0,-0.0,176.1181,1.7959,stand_5,213.3827,0.0,-0.0,0.0,-0.0,Sidewalk
580.5,121.8833,4.7076,-2.89725,0.0,0.06981,176.1181,1.7959,stand_5,213.391,0.0,0.06981,0.0,0.06981,Sidewalk
581.0,121.8833,4.7076,-2.89725,0.0,-0.0,176.1181,1.7959,stand_5,213.3827,0.0,-0.0,0.0,-0.0,Sidewalk
581.5,121.8833,4.7076,-2.86234,0.0,0.06981,176.1181,1.7959,stand_5,213.391,0.0,0.06981,0.0,0.06981,Sidewalk
582.0,121.8833,4.7076,-2.86234,0.0,-0.0,176.1181,1.7959,stand_5,213.3827,0.0,-0.0,0.0,-0.0,Sidewalk
582.5,121.8833,4.7076,-2.82743,0.0,0.06981,176.1181,1.7959,stand_5,213.391,0.0,0.06981,0.0,0.06981,Sidewalk
583.0,121.8833,4.7076,-2.82743,0.0,-0.0,176.1181,1.7959,stand_5,213.3827,0.0,-0.0,0.0,-0.0,Sidewalk
583.5,121.8833,4.7076,-2.79253,0.0,0.06981,176.1181,1.7959,stand_5,213.391,0.0,0.06981,0.0,0.06981,Sidewalk
584.0,121.8833,4.7076,-2.79253,0.0,-0.0,176.1181,1.7959,stand_5,213.3827,0.0,-0.0,0.0,-0.0,Sidewalk
584.5,121.8833,4.7076,-2.75762,0.0,0.06981,176.1181,1.7959,stand_5,213.391,0.0,0.06981,0.0,0.06981,Sidewalk
585.0,121.8833,4.7076,-2.75762,0.0,-0.0,176.1181,1.7959,stand_5,213.3827,0.0,-0.0,0.0,-0.0,Sidewalk
585.5,121.8833,4.7076,-2.72271,0.0,0.06981,176.1181,1.7959,stand_5,213.3911,0.0,0.06981,0.0,0.06981,Sidewalk
586.0,121.8833,4.7076,-2.72271,0.0,-0.0,176.1181,1.7959,stand_5,213.3827,0.0,-0.0,0.0,-0.0,Sidewalk
586.5,121.8833,4.7076,-2.68781,0.0,0.06981,176.1181,1.7959,stand_5,213.3911,0.0,0.06981,0.0,0.06981,Sidewalk
587.0,121.8833,4.7076,-2.68781,0.0,-0.0,176.1181,1.7959,stand_5,213.3827,0.0,-0.0,0.0,-0.0,Sidewalk
587.5,121.8833,4.7076,-2.6529,0.0,0.06981,176.1181,1.7959,stand_5,213.3911,0.0,0.06981,0.0,0.06981,Sidewalk
588.0,121.8833,4.7076,-2.6529,0.0,-0.0,176.1181,1.7959,stand_5,213.3827,0.0,-0.0,0.0,-0.0,Sidewalk
588.5,121.8833,4.7076,-2.61799,0.0,0.06981,176.1181,1.7959,stand_5,213.3911,0.0,0.06981,0.0,0.06981,Sidewalk
589.0,121.8833,4.7076,-2.61799,0.0,-0.0,176.1181,1.7959,stand_5,213.3827,0.0,-0.0,0.0,-0.0,Sidewalk
589.5,121.8833,4.7076,-2.58309,0.0,0.06981,176.1181,1.7959,stand_5,213.3911,0.0,0.06981,0.0,0.06981,Sidewalk
590.0,121.8833,4.7076,-2.58309,0.0,-0.0,176.1181,1.7959,stand_5,213.3827,0.0,-0.0,0.0,-0.0,Sidewalk
590.5,121.8833,4.7076,-2.54818,0.0,0.06981,176.1181,1.7959,stand_5,213.3911,0.0,0.06981,0.0,0.06981,Sidewalk
591.0,121.8833,4.7076,-2.54818,0.0,-0.0,176.1181,1.7959,stand_5,213.3827,0.0,-0.0,0.0,-0.0,Sidewalk
591.5,121.8833,4.7076,-2.51327,0.0,0.06981,176.1181,1.7959,stand_5,213.3911,0.0,0.06981,0.0,0.06981,Sidewalk
592.0,121.8833,4.7076,-2.51327,0.0,-0.0,176.1181,1.7959,stand_5,213.3827,0.0,-0.0,0.0,-0.0,Sidewalk
592.5,121.8833,4.7076,-2.47837,0.0,0.06981,176.1181,1.7959,stand_5,213.3911,0.0,0.06981,0.0,0.06981,Sidewalk
593.0,121.8833,4.7076,-2.47837,0.0,-0.0,176.1181,1.7959,stand_5,213.3827,0.0,-0.0,0.0,-0.0,Sidewalk
593.5,121.8833,4.7076,-2.44346,0.0,0.06981,176.1181,1.7959,stand_5,213.3911,0.0,0.06981,0.0,0.06981,Sidewalk
594.0,121.8833,4.7076,-2.44346,0.0,-0.0,176.1181,1.7959,stand_5,213.3827,0.0,-0.0,0.0,-0.0,Sidewalk
594.5,121.8833,4.7076,-2.40855,0.0,0.06981,176.1181,1.7959,stand_5,213.3911,0.0,0.06981,0.0,0.06981,Sidewalk
595.0,121.8833,4.7076,-2.40855,0.0,-0.0,176.1181,1.7959,stand_5,213.3827,0.0,-0.0,0.0,-0.0,Sidewalk
595.5,121.8833,4.7076,-2.37365,0.0,0.06981,176.1181,1.7959,stand_5,213.3911,0.0,0.06981,0.0,0.06981,Sidewalk
596.0,121.8833,4.7076,-2.37365,0.0,-0.0,176.1181,1.7959,stand_5,213.3827,0.0,-0.0,0.0,-0.0,Sidewalk
596.5,121.8833,4.7076,-2.33874,0.0,0.06981,176.1181,1.7959,stand_5,213.3911,0.0,0.06981,0.0,0.06981,Sidewalk
597.0,121.8833,4.7076,-2.33874,0.0,-0.0,176.1181,1.7959,stand_5,213.3827,0.0,-0.0,0.0,-0.0,Sidewalk
597.5,121.8833,4.7076,-2.30383,0.0,0.06981,176.1181,1.7959,stand_5,213.3911,0.0,0.06981,0.0,0.06981,Sidewalk
598.0,121.8833,4.7076,-2.30383,0.0,-0.0,176.1181,1.7959,stand_5,213.3827,0.0,-0.0,0.0,-0.0,Sidewalk
598.5,121.8833,4.7076,-2.26893,0.0,0.06981,176.1181,1.7959,stand_5,213.3911,0.0,0.06981,0.0,0.06981,Sidewalk
599.0,121.8833,4.7076,-2.26893,0.0,-0.0,176.1181,1.7959,stand_5,213.3827,0.0,-0.0,0.0,-0.0,Sidewalk
599.5,121.8833,4.7076,-2.23402,0.0,0.06981,176.1181,1.7959,stand_5,213.3911,0.0,0.06981,0.0,0.06981,Sidewalk
600.0,121.8833,4.7076,-2.23402,0.0,-0.0,176.1181,1.7959,stand_5,213.3827,0.0,-0.0,0.0,-0.0,Sidewalk
600.5,121.8833,4.7076,-2.19911,0.0,0.06981,176.1181,1.7959,stand_5,213.3911,0.0,0.06981,0.0,0.06981,Sidewalk
601.0,121.8833,4.7076,-2.19911,0.0,-0.0,176.1181,1.7959,stand_5,213.3827,0.0,-0.0,0.0,-0.0,Sidewalk
601.5,121.8833,4.7076,-2.16421,0.0,0.06981,176.1181,1.7959,stand_5,213.3911,0.0,0.06981,0.0,0.06981,Sidewalk
602.0,121.8833,4.7076,-2.16421,0.0,-0.0,176.1181,1.7959,stand_5,213.3827,0.0,-0.0,0.0,-0.0,Sidewalk
602.5,121.8833,4.7076,-2.1293,0.0,0.06981,176.1181,1.7959,stand_5,213.3911,0.0,0.06981,0.0,0.06981,Sidewalk
603.0,121.8833,4.7076,-2.1293,0.0,-0.0,176.1181,1.7959,stand_5,213.3827,0.0,-0.0,0.0,-0.0,Sidewalk
603.5,121.8833,4.7076,-2.0944,0.0,0.06981,176.1181,1.7959,stand_5,213.3911,0.0,0.06981,0.0,0.06981,Sidewalk
604.0,121.8833,4.7076,-2.0944,0.0,-0.0,176.1181,1.7959,stand_5,213.3828,0.0,-0.0,0.0,-0.0,Sidewalk
604.5,121.8833,4.7076,-2.05949,0.0,0.06981,176.1181,1.7959,stand_5,213.3911,0.0,0.06981,0.0,0.06981,Sidewalk
605.0,121.8833,4.7076,-2.05949,0.0,-0.0,176.1181,1.7959,stand_5,213.3828,0.0,-0.0,0.0,-0.0,Sidewalk
605.5,121.8833,4.7076,-2.02458,0.0,0.06981,176.1181,1.7959,stand_5,213.3911,0.0,0.06981,0.0,0.06981,Sidewalk
606.0,121.8833,4.7076,-2.02458,0.0,-0.0,176.1181,1.7959,stand_5,213.3828,0.0,-0.0,0.0,-0.0,Sidewalk
606.5,121.8833,4.7076,-1.98968,0.0,0.06981,176.1181,1.7959,stand_5,213.3911,0.0,0.06981,0.0,0.06981,Sidewalk
607.0,121.8833,4.7076,-1.98968,0.0,-0.0,176.1181,1.7959,stand_5,213.3828,0.0,-0.0,0.0,-0.0,Sidewalk
607.5,121.8833,4.7076,-1.95477,0.0,0.06981,176.1181,1.7959,stand_5,213.3911,0.0,0.06981,0.0,0.06981,Sidewalk
608.0,121.8833,4.7076,-1.95477,0.0,-0.0,176.1181,1.7959,stand_5,213.3828,0.0,-0.0,0.0,-0.0,Sidewalk
608.5,121.8833,4.7076,-1.91986,0.0,0.06981,176.1181,1.7959,stand_5,213.3911,0.0,0.06981,0.0,0.06981,Sidewalk
609.0,121.8833,4.7076,-1.91986,0.0,-0.0,176.1181,1.7959,stand_5,213.3828,0.0,-0.0,0.0,-0.0,Sidewalk
609.5,121.8833,4.7076,-1.88496,0.0,0.06981,176.1181,1.7959,stand_5,213.3911,0.0,0.06981,0.0,0.06981,Sidewalk
610.0,121.8833,4.7076,-1.88496,0.0,-0.0,176.1181,1.7959,stand_5,213.3828,0.0,-0.0,0.0,-0.0,Sidewalk
610.5,121.8833,4.7076,-1.85005,0.0,0.06981,176.1181,1.7958,stand_5,213.3912,0.0,0.06981,0.0,0.06981,Sidewalk
611.0,121.8833,4.7076,-1.85005,0.0,-0.0,176.1181,1.7958,stand_5,213.3828,0.0,-0.0,0.0,-0.0,Sidewalk
611.5,121.8833,4.7076,-1.81514,0.0,0.06981,176.1181,1.7958,stand_5,213.3912,0.0,0.06981,0.0,0.06981,Sidewalk
612.0,121.8833,4.7076,-1.81514,0.0,-0.0,176.1181,1.7958,stand_5,213.3828,0.0,-0.0,0.0,-0.0,Sidewalk
612.5,121.8833,4.7076,-1.78024,0.0,0.06981,176.1181,1.7958,stand_5,213.3912,0.0,0.06981,0.0,0.06981,Sidewalk
613.0,121.8833,4.7076,-1.78024,0.0,-0.0,176.1181,1.7958,stand_5,213.3828,0.0,-0.0,0.0,-0.0,Sidewalk
613.5,121.8833,4.7076,-1.74533,0.0,0.06981,176.1181,1.7958,stand_5,213.3912,0.0,0.06981,0.0,0.06981,Sidewalk
614.0,121.8833,4.7076,-1.74533,0.0,-0.0,176.1181,1.7958,stand_5,213.3828,0.0,-0.0,0.0,-0.0,Sidewalk
614.5,121.8833,4.7076,-1.71042,0.0,0.06981,176.1181,1.7958,stand_5,213.3912,0.0,0.06981,0.0,0.06981,Sidewalk
615.0,121.8833,4.7076,-1.71042,0.0,-0.0,176.1181,1.7958,stand_5,213.3828,0.0,-0.0,0.0,-0.0,Sidewalk
615.5,121.8833,4.7076,-1.67552,0.0,0.06981,176.1181,1.7958,stand_5,213.3912,0.0,0.06981,0.0,0.06981,Sidewalk
616.0,121.8833,4.7076,-1.67552,0.0,-0.0,176.1181,1.7958,stand_5,213.3828,0.0,-0.0,0.0,-0.0,Sidewalk
616.5,121.8833,4.7076,-1.64061,0.0,0.06981,176.1181,1.7958,stand_5,213.3912,0.0,0.06981,0.0,0.06981,Sidewalk
617.0,121.8833,4.7076,-1.64061,0.0,-0.0,176.1181,1.7958,stand_5,213.3828,0.0,-0.0,0.0,-0.0,Sidewalk
617.5,121.8833,4.7076,-1.6057,0.0,0.06981,176.1181,1.7958,stand_5,213.3912,0.0,0.06981,0.0,0.06981,Sidewalk
618.0,121.8833,4.7076,-1.6057,0.0,-0.0,176.1181,1.7958,stand_5,213.3828,0.0,-0.0,0.0,-0.0,Sidewalk
618.5,121.8833,4.7076,-1.5708,0.0,0.06981,176.1181,1.7958,stand_5,213.3912,0.0,0.06981,0.0,0.06981,Sidewalk
619.0,121.8833,4.7076,-1.5708,0.0,-0.0,176.1181,1.7958,stand_5,213.3828,0.0,-0.0,0.0,-0.0,Sidewalk
619.5,121.8833,4.7076,-1.53589,0.0,0.06981,176.1181,1.7958,stand_5,213.3912,0.0,0.06981,0.0,0.06981,Sidewalk
620.0,121.8833,4.7076,-1.53589,0.0,-0.0,176.1181,1.7958,stand_5,213.3828,0.0,-0.0,0.0,-0.0,Sidewalk
620.5,121.8833,4.7076,-1.50098,0.0,0.06981,176.1181,1.7958,stand_5,213.3912,0.0,0.06981,0.0,0.06981,Sidewalk
621.0,121.8833,4.7076,-1.50098,0.0,-0.0,176.1181,1.7958,stand_5,213.3828,0.0,-0.0,0.0,-0.0,Sidewalk
621.5,121.8833,4.7076,-1.46608,0.0,0.06981,176.1181,1.7958,stand_5,213.3912,0.0,0.06981,0.0,0.06981,Sidewalk
622.0,121.8833,4.7076,-1.46608,0.0,-0.0,176.1181,1.7958,stand_5,213.3828,0.0,-0.0,0.0,-0.0,Sidewalk
622.5,121.8833,4.7076,-1.43117,0.0,0.06981,176.1181,1.7958,stand_5,213.3912,0.0,0.06981,0.0,0.06981,Sidewalk
623.0,121.8833,4.7076,-1.43117,0.0,-0.0,176.1181,1.7958,stand_5,213.3828,0.0,-0.0,0.0,-0.0,Sidewalk
623.5,121.8833,4.7076,-1.39626,0.0,0.06981,176.1181,1.7958,stand_5,213.3912,0.0,0.06981,0.0,0.06981,Sidewalk
624.0,121.8833,4.7076,-1.39626,0.0,-0.0,176.1181,1.7958,stand_5,213.3828,0.0,-0.0,0.0,-0.0,Sidewalk
624.5,121.8833,4.7076,-1.36136,0.0,0.06981,176.1181,1.7958,stand_5,213.3912,0.0,0.06981,0.0,0.06981,Sidewalk
625.0,121.8833,4.7076,-1.36136,0.0,-0.0,176.1181,1.7958,stand_5,213.3828,0.0,-0.0,0.0,-0.0,Sidewalk
625.5,121.8833,4.7076,-1.32645,0.0,0.06981,176.1181,1.7958,stand_5,213.3912,0.0,0.06981,0.0,0.06981,Sidewalk
626.0,121.8833,4.7076,-1.32645,0.0,-0.0,176.1181,1.7958,stand_5,213.3828,0.0,-0.0,0.0,-0.0,Sidewalk
626.5,121.8833,4.7076,-1.29154,0.0,0.06981,176.1181,1.7958,stand_5,213.3912,0.0,0.06981,0.0,0.06981,Sidewalk
627.0,121.8833,4.7076,-1.29154,0.0,-0.0,176.1181,1.7958,stand_5,213.3828,0.0,-0.0,0.0,-0.0,Sidewalk
627.5,121.8833,4.7076,-1.25664,0.0,0.06981,176.1181,1.7958,stand_5,213.3912,0.0,0.06981,0.0,0.06981,Sidewalk
628.0,121.8833,4.7076,-1.25664,0.0,-0.0,176.1181,1.7958,stand_5,213.3828,0.0,-0.0,0.0,-0.0,Sidewalk
628.5,121.8833,4.7076,-1.22173,0.0,0.06981,176.1181,1.7958,stand_5,213.3912,0.0,0.06981,0.0,0.06981,Sidewalk
629.0,121.8833,4.7076,-1.22173,0.0,-0.0,176.1181,1.7958,stand_5,213.3828,0.0,-0.0,0.0,-0.0,Sidewalk
629.5,121.8833,4.7076,-1.18682,0.0,0.06981,176.1181,1.7958,stand_5,213.3912,0.0,0.06981,0.0,0.06981,Sidewalk
630.0,121.8833,4.7076,-1.18682,0.0,-0.0,176.1181,1.7958,stand_5,213.3828,0.0,-0.0,0.0,-0.0,Sidewalk
630.5,121.8833,4.7076,-1.15192,0.0,0.06981,176.1181,1.7958,stand_5,213.3912,0.0,0.06981,0.0,0.06981,Sidewalk
631.0,121.8833,4.7076,-1.15192,0.0,-0.0,176.1181,1.7958,stand_5,213.3828,0.0,-0.0,0.0,-0.0,Sidewalk
631.5,121.8833,4.7076,-1.11701,0.0,0.06981,176.1181,1.7958,stand_5,213.3912,0.0,0.06981,0.0,0.06981,Sidewalk
632.0,121.8833,4.7076,-1.11701,0.0,-0.0,176.1181,1.7958,stand_5,213.3828,0.0,-0.0,0.0,-0.0,Sidewalk
632.5,121.8833,4.7076,-1.0821,0.0,0.06981,176.1181,1.7958,stand_5,213.3912,0.0,0.06981,0.0,0.06981,Sidewalk
633.0,121.8833,4.7076,-1.0821,0.0,-0.0,176.1181,1.7958,stand_5,213.3829,0.0,-0.0,0.0,-0.0,Sidewalk
633.5,121.8833,4.7076,-1.0472,0.0,0.06981,176.1181,1.7958,stand_5,213.3912,0.0,0.06981,0.0,0.06981,Sidewalk
634.0,121.8833,4.7076,-1.0472,0.0,-0.0,176.1181,1.7958,stand_5,213.3829,0.0,-0.0,0.0,-0.0,Sidewalk
634.5,121.8833,4.7076,-1.01229,0.0,0.06981,176.1181,1.7958,stand_5,213.3912,0.0,0.06981,0.0,0.06981,Sidewalk
635.0,121.8833,4.7076,-1.01229,0.0,-0.0,176.1181,1.7958,stand_5,213.3829,0.0,-0.0,0.0,-0.0,Sidewalk
635.5,121.8833,4.7076,-0.97738,0.0,0.06981,176.1181,1.7958,stand_5,213.3912,0.0,0.06981,0.0,0.06981,Sidewalk
636.0,121.8833,4.7076,-0.97738,0.0,-0.0,176.1181,1.7958,stand_5,213.3829,0.0,-0.0,0.0,-0.0,Sidewalk
636.5,121.8833,4.7076,-0.94248,0.0,0.06981,176.1181,1.7958,stand_5,213.3912,0.0,0.06981,0.0,0.06981,Sidewalk
637.0,121.8833,4.7076,-0.94248,0.0,-0.0,176.1181,1.7958,stand_5,213.3829,0.0,-0.0,0.0,-0.0,Sidewalk
637.5,121.8833,4.7076,-0.90757,0.0,0.06981,176.1181,1.7958,stand_5,213.3912,0.0,0.06981,0.0,0.06981,Sidewalk
638.0,121.8833,4.7076,-0.90757,0.0,-0.0,176.1181,1.7958,stand_5,213.3829,0.0,-0.0,0.0,-0.0,Sidewalk
638.5,121.8833,4.7076,-0.87266,0.0,0.06981,176.1181,1.7958,stand_5,213.3913,0.0,0.06981,0.0,0.06981,Sidewalk
639.0,121.8833,4.7076,-0.87266,0.0,-0.0,176.1181,1.7958,stand_5,213.3829,0.0,-0.0,0.0,-0.0,Sidewalk
639.5,121.8833,4.7076,-0.83776,0.0,0.06981,176.1181,1.7958,stand_5,213.3913,0.0,0.06981,0.0,0.06981,Sidewalk
640.0,121.8833,4.7076,-0.83776,0.0,-0.0,176.1181,1.7958,stand_5,213.3829,0.0,-0.0,0.0,-0.0,Sidewalk
640.5,121.8833,4.7076,-0.80285,0.0,0.06981,176.1181,1.7958,stand_5,213.3913,0.0,0.06981,0.0,0.06981,Sidewalk
641.0,121.8833,4.7076,-0.80285,0.0,-0.0,176.1181,1.7958,stand_5,213.3829,0.0,-0.0,0.0,-0.0,Sidewalk
641.5,121.8833,4.7076,-0.76794,0.0,0.06981,176.1181,1.7958,stand_5,213.3913,0.0,0.06981,0.0,0.06981,Sidewalk
642.0,121.8833,4.7076,-0.76794,0.0,-0.0,176.1181,1.7958,stand_5,213.3829,0.0,-0.0,0.0,-0.0,Sidewalk
642.5,121.8833,4.7076,-0.73304,0.0,0.06981,176.1181,1.7958,stand_5,213.3913,0.0,0.06981,0.0,0.06981,Sidewalk
643.0,121.8833,4.7076,-0.73304,0.0,-0.0,176.1181,1.7958,stand_5,213.3829,0.0,-0.0,0.0,-0.0,Sidewalk
643.5,121.8833,4.7076,-0.69813,0.0,0.06981,176.1181,1.7958,stand_5,213.3913,0.0,0.06981,0.0,0.06981,Sidewalk
644.0,121.8833,4.7076,-0.69813,0.0,-0.0,176.1181,1.7958,stand_5,213.3829,0.0,-0.0,0.0,-0.0,Sidewalk
644.5,121.8833,4.7076,-0.66323,0.0,0.06981,176.1181,1.7958,stand_5,213.3913,0.0,0.06981,0.0,0.06981,Sidewalk
645.0,121.8833,4.7076,-0.66323,0.0,-0.0,176.1181,1.7958,stand_5,213.3829,0.0,-0.0,0.0,-0.0,Sidewalk
645.5,121.8833,4.7076,-0.62832,0.0,0.06981,176.1181,1.7958,stand_5,213.3913,0.0,0.06981,0.0,0.06981,Sidewalk
646.0,121.8833,4.7076,-0.62832,0.0,-0.0,176.1181,1.7957,stand_5,213.3829,0.0,-0.0,0.0,-0.0,Sidewalk
646.5,121.8833,4.7076,-0.59341,0.0,0.06981,176.1181,1.7957,stand_5,213.3913,0.0,0.06981,0.0,0.06981,Sidewalk
647.0,121.8833,4.7076,-0.59341,0.0,-0.0,176.1181,1.7957,stand_5,213.3829,0.0,-0.0,0.0,-0.0,Sidewalk
647.5,121.8833,4.7076,-0.55851,0.0,0.06981,176.1181,1.7957,stand_5,213.3913,0.0,0.06981,0.0,0.06981,Sidewalk
648.0,121.8833,4.7076,-0.55851,0.0,-0.0,176.1181,1.7957,stand_5,213.3829,0.0,-0.0,0.0,-0.0,Sidewalk
648.5,121.8833,4.7076,-0.5236,0.0,0.06981,176.1181,1.7957,stand_5,213.3913,0.0,0.06981,0.0,0.06981,Sidewalk
649.0,121.8833,4.7076,-0.5236,0.0,-0.0,176.1181,1.7957,stand_5,213.3829,0.0,-0.0,0.0,-0.0,Sidewalk
649.5,121.8833,4.7076,-0.48869,0.0,0.06981,176.1181,1.7957,stand_5,213.3913,0.0,0.06981,0.0,0.06981,Sidewalk
650.0,121.8833,4.7076,-0.48869,0.0,-0.0,176.1181,1.7957,stand_5,213.3829,0.0,-0.0,0.0,-0.0,Sidewalk
650.5,121.8833,4.7076,-0.45379,0.0,0.06981,176.1181,1.7957,stand_5,213.3913,0.0,0.06981,0.0,0.06981,Sidewalk
651.0,121.8833,4.7076,-0.45379,0.0,-0.0,176.1181,1.7957,stand_5,213.3829,0.0,-0.0,0.0,-0.0,Sidewalk
651.5,121.8833,4.7076,-0.41888,0.0,0.06981,176.1181,1.7957,stand_5,213.3913,0.0,0.06981,0.0,0.06981,Sidewalk
652.0,121.8833,4.7076,-0.41888,0.0,-0.0,176.1181,1.7957,stand_5,213.3829,0.0,-0.0,0.0,-0.0,Sidewalk
652.5,121.8833,4.7076,-0.38397,0.0,0.06981,176.1181,1.7957,stand_5,213.3913,0.0,0.06981,0.0,0.06981,Sidewalk
653.0,121.8833,4.7076,-0.38397,0.0,-0.0,176.1181,1.7957,stand_5,213.3829,0.0,-0.0,0.0,-0.0,Sidewalk
653.5,121.8833,4.7076,-0.34907,0.0,0.06981,176.1181,1.7957,stand_5,213.3913,0.0,0.06981,0.0,0.06981,Sidewalk
654.0,121.8833,4.7076,-0.34907,0.0,-0.0,176.1181,1.7957,stand_5,213.3829,0.0,-0.0,0.0,-0.0,Sidewalk
654.5,121.8833,4.7076,-0.31416,0.0,0.06981,176.1181,1.7957,stand_5,213.3913,0.0,0.06981,0.0,0.06981,Sidewalk
655.0,121.8833,4.7076,-0.31416,0.0,-0.0,176.1181,1.7957,stand_5,213.3829,0.0,-0.0,0.0,-0.0,Sidewalk
655.5,121.8833,4.7076,-0.27925,0.0,0.06981,176.1181,1.7957,stand_5,213.3913,0.0,0.06981,0.0,0.06981,Sidewalk
656.0,121.8833,4.7076,-0.27925,0.0,-0.0,176.1181,1.7957,stand_5,213.3829,0.0,-0.0,0.0,-0.0,Sidewalk
656.5,121.8833,4.7076,-0.24435,0.0,0.06981,176.1181,1.7957,stand_5,213.3913,0.0,0.06981,0.0,0.06981,Sidewalk
657.0,121.8833,4.7076,-0.24435,0.0,-0.0,176.1181,1.7957,stand_5,213.3829,0.0,-0.0,0.0,-0.0,Sidewalk
657.5,121.8833,4.7076,-0.20944,0.0,0.06981,176.1181,1.7957,stand_5,213.3913,0.0,0.06981,0.0,0.06981,Sidewalk
658.0,121.8833,4.7076,-0.20944,0.0,-0.0,176.1181,1.7957,stand_5,213.3829,0.0,-0.0,0.0,-0.0,Sidewalk
658.5,121.8833,4.7076,-0.17453,0.0,0.06981,176.1181,1.7957,stand_5,213.3913,0.0,0.06981,0.0,0.06981,Sidewalk
659.0,121.8833,4.7076,-0.17453,0.0,-0.0,176.1181,1.7957,stand_5,213.383,0.0,-0.0,0.0,-0.0,Sidewalk
659.5,121.8833,4.7076,-0.13963,0.0,0.06981,176.1181,1.7957,stand_5,213.3913,0.0,0.06981,0.0,0.06981,Sidewalk
660.0,121.8833,4.7076,-0.13963,0.0,-0.0,176.1181,1.7957,stand_5,213.383,0.0,-0.0,0.0,-0.0,Sidewalk
660.5,121.8833,4.7076,-0.10472,0.0,0.06981,176.1181,1.7957,stand_5,213.3913,0.0,0.06981,0.0,0.06981,Sidewalk
661.0,121.8833,4.7076,-0.10472,0.0,-0.0,176.1181,1.7957,stand_5,213.383,0.0,-0.0,0.0,-0.0,Sidewalk
661.5,121.8833,4.7076,-0.06981,0.0,0.06981,176.1181,1.7957,stand_5,213.3913,0.0,0.06981,0.0,0.06981,Sidewalk
662.0,121.8833,4.7076,-0.06981,0.0,-0.0,176.1181,1.7957,stand_5,213.383,0.0,-0.0,0.0,-0.0,Sidewalk
662.5,121.8833,4.7076,-0.03491,0.0,0.06981,176.1181,1.7957,stand_5,213.3913,0.0,0.06981,0.0,0.06981,Sidewalk
663.0,121.8833,4.7076,-0.03491,0.0,-0.0,176.1181,1.7957,stand_5,213.383,0.0,-0.0,0.0,-0.0,Sidewalk
663.5,121.8833,4.7076,-0.0,0.0,0.06981,176.1181,1.7957,stand_5,213.3913,0.0,0.06981,0.0,0.06981,Sidewalk
664.0,121.8833,4.7076,-0.0,0.0,-0.0,176.1181,1.7957,stand_5,213.383,0.0,-0.0,0.0,-0.0,Sidewalk
664.5,121.8833,4.7076,0.03491,0.0,0.06981,176.1181,1.7957,stand_5,213.3913,0.0,0.06981,0.0,0.06981,Sidewalk
665.0,121.8833,4.7076,0.03491,0.0,-0.0,176.1181,1.7957,stand_5,213.383,0.0,-0.0,0.0,-0.0,Sidewalk
665.5,121.8833,4.7076,0.06981,0.0,0.06981,176.1181,1.7957,stand_5,213.3914,0.0,0.06981,0.0,0.06981,Sidewalk
666.0,121.8833,4.7076,0.06981,0.0,-0.0,176.1181,1.7957,stand_5,213.383,0.0,-0.0,0.0,-0.0,Sidewalk
666.5,121.8833,4.7076,0.10472,0.0,0.06981,176.1181,1.7957,stand_5,213.3914,0.0,0.06981,0.0,0.06981,Sidewalk
667.0,121.8833,4.7076,0.10472,0.0,-0.0,176.1181,1.7957,stand_5,213.383,0.0,-0.0,0.0,-0.0,Sidewalk
667.5,121.8833,4.7076,0.13963,0.0,0.06981,176.1181,1.7957,stand_5,213.3914,0.0,0.06981,0.0,0.06981,Sidewalk
668.0,121.8833,4.7076,0.13963,0.0,-0.0,176.1181,1.7957,stand_5,213.383,0.0,-0.0,0.0,-0.0,Sidewalk
668.5,121.8833,4.7076,0.17453,0.0,0.06981,176.1181,1.7957,stand_5,213.3914,0.0,0.06981,0.0,0.06981,Sidewalk
669.0,121.8833,4.7076,0.17453,0.0,-0.0,176.1181,1.7957,stand_5,213.383,0.0,-0.0,0.0,-0.0,Sidewalk
669.5,121.8833,4.7076,0.20944,0.0,0.06981,176.1181,1.7957,stand_5,213.3914,0.0,0.06981,0.0,0.06981,Sidewalk
670.0,121.8833,4.7076,0.20944,0.0,-0.0,176.1181,1.7957,stand_5,213.383,0.0,-0.0,0.0,-0.0,Sidewalk
670.5,121.8833,4.7076,0.24435,0.0,0.06981,176.1181,1.7957,stand_5,213.3914,0.0,0.06981,0.0,0.06981,Sidewalk
671.0,121.8833,4.7076,0.24435,0.0,-0.0,176.1181,1.7957,stand_5,213.383,0.0,-0.0,0.0,-0.0,Sidewalk
671.5,121.8833,4.7076,0.27925,0.0,0.06981,176.1181,1.7957,stand_5,213.3914,0.0,0.06981,0.0,0.06981,Sidewalk
672.0,121.8833,4.7076,0.27925,0.0,-0.0,176.1181,1.7957,stand_5,213.383,0.0,-0.0,0.0,-0.0,Sidewalk
672.5,121.8833,4.7076,0.31416,0.0,0.06981,176.1181,1.7957,stand_5,213.3914,0.0,0.06981,0.0,0.06981,Sidewalk
673.0,121.8833,4.7076,0.31416,0.0,-0.0,176.1181,1.7957,stand_5,213.383,0.0,-0.0,0.0,-0.0,Sidewalk
673.5,121.8833,4.7076,0.34907,0.0,0.06981,176.1181,1.7957,stand_5,213.3914,0.0,0.06981,0.0,0.06981,Sidewalk
674.0,121.8833,4.7076,0.34907,0.0,-0.0,176.1181,1.7957,stand_5,213.383,0.0,-0.0,0.0,-0.0,Sidewalk
674.5,121.8833,4.7076,0.38397,0.0,0.06981,176.1181,1.7957,stand_5,213.3914,0.0,0.06981,0.0,0.06981,Sidewalk
675.0,121.8833,4.7076,0.38397,0.0,-0.0,176.1181,1.7957,stand_5,213.383,0.0,-0.0,0.0,-0.0,Sidewalk
675.5,121.8833,4.7076,0.41888,0.0,0.06981,176.1181,1.7957,stand_5,213.3914,0.0,0.06981,0.0,0.06981,Sidewalk
676.0,121.8833,4.7076,0.41888,0.0,-0.0,176.1181,1.7957,stand_5,213.383,0.0,-0.0,0.0,-0.0,Sidewalk
676.5,121.8833,4.7076,0.45379,0.0,0.06981,176.1181,1.7957,stand_5,213.3914,0.0,0.06981,0.0,0.06981,Sidewalk
677.0,121.8833,4.7076,0.45379,0.0,-0.0,176.1181,1.7957,stand_5,213.383,0.0,-0.0,0.0,-0.0,Sidewalk
677.5,121.8833,4.7076,0.48869,0.0,0.06981,176.1181,1.7957,stand_5,213.3914,0.0,0.06981,0.0,0.06981,Sidewalk
678.0,121.8833,4.7076,0.48869,0.0,-0.0,176.1181,1.7957,stand_5,213.383,0.0,-0.0,0.0,-0.0,Sidewalk
678.5,121.8833,4.7076,0.5236,0.0,0.06981,176.1181,1.7957,stand_5,213.3914,0.0,0.06981,0.0,0.06981,Sidewalk
679.0,121.8833,4.7076,0.5236,0.0,-0.0,176.1181,1.7957,stand_5,213.383,0.0,-0.0,0.0,-0.0,Sidewalk
679.5,121.8833,4.7076,0.55851,0.0,0.06981,176.1181,1.7957,stand_5,213.3914,0.0,0.06981,0.0,0.06981,Sidewalk
680.0,121.8833,4.7076,0.55851,0.0,-0.0,176.1181,1.7957,stand_5,213.383,0.0,-0.0,0.0,-0.0,Sidewalk
680.5,121.8833,4.7076,0.59341,0.0,0.06981,176.1181,1.7957,stand_5,213.3914,0.0,0.06981,0.0,0.06981,Sidewalk
681.0,121.8833,4.7076,0.59341,0.0,-0.0,176.1181,1.7956,stand_5,213.383,0.0,-0.0,0.0,-0.0,Sidewalk
681.5,121.8833,4.7076,0.62832,0.0,0.06981,176.1181,1.7956,stand_5,213.3914,0.0,0.06981,0.0,0.06981,Sidewalk
682.0,121.8833,4.7076,0.62832,0.0,-0.0,176.1181,1.7956,stand_5,213.383,0.0,-0.0,0.0,-0.0,Sidewalk
682.5,121.8833,4.7076,0.66323,0.0,0.06981,176.1181,1.7956,stand_5,213.3914,0.0,0.06981,0.0,0.06981,Sidewalk
683.0,121.8833,4.7076,0.66323,0.0,-0.0,176.1181,1.7956,stand_5,213.383,0.0,-0.0,0.0,-0.0,Sidewalk
683.5,121.8833,4.7076,0.69813,0.0,0.06981,176.1181,1.7956,stand_5,213.3914,0.0,0.06981,0.0,0.06981,Sidewalk
684.0,121.8833,4.7076,0.69813,0.0,-0.0,176.1181,1.7956,stand_5,213.383,0.0,-0.0,0.0,-0.0,Sidewalk
684.5,121.8833,4.7076,0.73304,0.0,0.06981,176.1181,1.7956,stand_5,213.3914,0.0,0.06981,0.0,0.06981,Sidewalk
685.0,121.8833,4.7076,0.73304,0.0,-0.0,176.1181,1.7956,stand_5,213.383,0.0,-0.0,0.0,-0.0,Sidewalk
685.5,121.8833,4.7076,0.76794,0.0,0.06981,176.1181,1.7956,stand_5,213.3914,0.0,0.06981,0.0,0.06981,Sidewalk
686.0,121.8833,4.7076,0.76794,0.0,-0.0,176.1181,1.7956,stand_5,213.383,0.0,-0.0,0.0,-0.0,Sidewalk
686.5,121.8833,4.7076,0.80285,0.0,0.06981,176.1181,1.7956,stand_5,213.3914,0.0,0.06981,0.0,0.06981,Sidewalk
687.0,121.8833,4.7076,0.80285,0.0,-0.0,176.1181,1.7956,stand_5,213.3831,0.0,-0.0,0.0,-0.0,Sidewalk
687.5,121.8833,4.7076,0.83776,0.0,0.06981,176.1181,1.7956,stand_5,213.3914,0.0,0.06981,0.0,0.06981,Sidewalk
688.0,121.8833,4.7076,0.83776,0.0,-0.0,176.1181,1.7956,stand_5,213.3831,0.0,-0.0,0.0,-0.0,Sidewalk
688.5,121.8833,4.7076,0.87266,0.0,0.06981,176.1181,1.7956,stand_5,213.3914,0.0,0.06981,0.0,0.06981,Sidewalk
689.0,121.8833,4.7076,0.87266,0.0,-0.0,176.1181,1.7956,stand_5,213.3831,0.0,-0.0,0.0,-0.0,Sidewalk
689.5,121.8833,4.7076,0.90757,0.0,0.06981,176.1181,1.7956,stand_5,213.3914,0.0,0.06981,0.0,0.06981,Sidewalk
690.0,121.8833,4.7076,0.90757,0.0,-0.0,176.1181,1.7956,stand_5,213.3831,0.0,-0.0,0.0,-0.0,Sidewalk
690.5,121.8833,4.7076,0.94248,0.0,0.06981,176.1181,1.7956,stand_5,213.3914,0.0,0.06981,0.0,0.06981,Sidewalk
691.0,121.8833,4.7076,0.94248,0.0,-0.0,176.1181,1.7956,stand_5,213.3831,0.0,-0.0,0.0,-0.0,Sidewalk
691.5,121.8833,4.7076,0.97738,0.0,0.06981,176.1181,1.7956,stand_5,213.3914,0.0,0.06981,0.0,0.06981,Sidewalk
692.0,121.8833,4.7076,0.97738,0.0,-0.0,176.1181,1.7956,stand_5,213.3831,0.0,-0.0,0.0,-0.0,Sidewalk
692.5,121.8833,4.7076,1.01229,0.0,0.06981,176.1181,1.7956,stand_5,213.3915,0.0,0.06981,0.0,0.06981,Sidewalk
693.0,121.8833,4.7076,1.01229,0.0,-0.0,176.1181,1.7956,stand_5,213.3831,0.0,-0.0,0.0,-0.0,Sidewalk
693.5,121.8833,4.7076,1.0472,0.0,0.06981,176.1181,1.7956,stand_5,213.3915,0.0,0.06981,0.0,0.06981,Sidewalk
694.0,121.8833,4.7076,1.0472,0.0,-0.0,176.1181,1.7956,stand_5,213.3831,0.0,-0.0,0.0,-0.0,Sidewalk
694.5,121.8833,4.7076,1.0821,0.0,0.06981,176.1181,1.7956,stand_5,213.3915,0.0,0.06981,0.0,0.06981,Sidewalk
695.0,121.8833,4.7076,1.0821,0.0,-0.0,176.1181,1.7956,stand_5,213.3831,0.0,-0.0,0.0,-0.0,Sidewalk
695.5,121.8833,4.7076,1.11701,0.0,0.06981,176.1181,1.7956,stand_5,213.3915,0.0,0.06981,0.0,0.06981,Sidewalk
696.0,121.8833,4.7076,1.11701,0.0,-0.0,176.1181,1.7956,stand_5,213.3831,0.0,-0.0,0.0,-0.0,Sidewalk
696.5,121.8833,4.7076,1.15192,0.0,0.06981,176.1181,1.7956,stand_5,213.3915,0.0,0.06981,0.0,0.06981,Sidewalk
697.0,121.8833,4.7076,1.15192,0.0,-0.0,176.1181,1.7956,stand_5,213.3831,0.0,-0.0,0.0,-0.0,Sidewalk
697.5,121.8833,4.7076,1.18682,0.0,0.06981,176.1181,1.7956,stand_5,213.3915,0.0,0.06981,0.0,0.06981,Sidewalk
698.0,121.8833,4.7076,1.18682,0.0,-0.0,176.1181,1.7956,stand_5,213.3831,0.0,-0.0,0.0,-0.0,Sidewalk
698.5,121.8833,4.7076,1.22173,0.0,0.06981,176.1181,1.7956,stand_5,213.3915,0.0,0.06981,0.0,0.06981,Sidewalk
699.0,121.8833,4.7076,1.22173,0.0,-0.0,176.1181,1.7956,stand_5,213.3831,0.0,-0.0,0.0,-0.0,Sidewalk
699.5,121.8833,4.7076,1.25664,0.0,0.06981,176.1181,1.7956,stand_5,213.3915,0.0,0.06981,0.0,0.06981,Sidewalk
700.0,121.8833,4.7076,1.25664,0.0,-0.0,176.1181,1.7956,stand_5,213.3831,0.0,-0.0,0.0,-0.0,Sidewalk
700.5,121.8833,4.7076,1.29154,0.0,0.06981,176.1181,1.7956,stand_5,213.3915,0.0,0.06981,0.0,0.06981,Sidewalk
701.0,121.8833,4.7076,1.29154,0.0,-0.0,176.1181,1.7956,stand_5,213.3831,0.0,-0.0,0.0,-0.0,Sidewalk
701.5,121.8833,4.7076,1.32645,0.0,0.06981,176.1181,1.7956,stand_5,213.3915,0.0,0.06981,0.0,0.06981,Sidewalk
702.0,121.8833,4.7076,1.32645,0.0,-0.0,176.1181,1.7956,stand_5,213.3831,0.0,-0.0,0.0,-0.0,Sidewalk
702.5,121.8833,4.7076,1.36136,0.0,0.06981,176.1181,1.7956,stand_5,213.3915,0.0,0.06981,0.0,0.06981,Sidewalk
703.0,121.8833,4.7076,1.36136,0.0,-0.0,176.1181,1.7956,stand_5,213.3831,0.0,-0.0,0.0,-0.0,Sidewalk
703.5,121.8833,4.7076,1.39626,0.0,0.06981,176.1181,1.7956,stand_5,213.3915,0.0,0.06981,0.0,0.06981,Sidewalk
704.0,121.8833,4.7076,1.39626,0.0,-0.0,176.1181,1.7956,stand_5,213.3831,0.0,-0.0,0.0,-0.0,Sidewalk
704.5,121.8833,4.7076,1.43117,0.0,0.06981,176.1181,1.7956,stand_5,213.3915,0.0,0.06981,0.0,0.06981,Sidewalk
705.0,121.8833,4.7076,1.43117,0.0,-0.0,176.1181,1.7956,stand_5,213.3831,0.0,-0.0,0.0,-0.0,Sidewalk
705.5,121.8833,4.7076,1.46608,0.0,0.06981,176.1181,1.7956,stand_5,213.3915,0.0,0.06981,0.0,0.06981,Sidewalk
706.0,121.8833,4.7076,1.46608,0.0,-0.0,176.1181,1.7956,stand_5,213.3831,0.0,-0.0,0.0,-0.0,Sidewalk
706.5,121.8833,4.7076,1.50098,0.0,0.06981,176.1181,1.7956,stand_5,213.3915,0.0,0.06981,0.0,0.06981,Sidewalk
707.0,121.8833,4.7076,1.50098,0.0,-0.0,176.1181,1.7956,stand_5,213.3831,0.0,-0.0,0.0,-0.0,Sidewalk
707.5,121.8833,4.7076,1.53589,0.0,0.06981,176.1181,1.7956,stand_5,213.3915,0.0,0.06981,0.0,0.06981,Sidewalk
708.0,121.8833,4.7076,1.53589,0.0,-0.0,176.1181,1.7956,stand_5,213.3831,0.0,-0.0,0.0,-0.0,Sidewalk
708.5,121.8833,4.7076,1.5708,0.0,0.06981,176.1181,1.7956,stand_5,213.3915,0.0,0.06981,0.0,0.06981,Sidewalk
709.0,121.8833,4.7076,1.5708,0.0,-0.0,176.1181,1.7956,stand_5,213.3831,0.0,-0.0,0.0,-0.0,Sidewalk
709.5,121.8833,4.7076,1.6057,0.0,0.06981,176.1181,1.7956,stand_5,213.3915,0.0,0.06981,0.0,0.06981,Sidewalk
710.0,121.8833,4.7076,1.6057,0.0,-0.0,176.1181,1.7956,stand_5,213.3831,0.0,-0.0,0.0,-0.0,Sidewalk
710.5,121.8833,4.7076,1.64061,0.0,0.06981,176.1181,1.7956,stand_5,213.3915,0.0,0.06981,0.0,0.06981,Sidewalk
711.0,121.8833,4.7076,1.64061,0.0,-0.0,176.1181,1.7956,stand_5,213.3831,0.0,-0.0,0.0,-0.0,Sidewalk
711.5,121.8833,4.7076,1.67552,0.0,0.06981,176.1181,1.7956,stand_5,213.3915,0.0,0.06981,0.0,0.06981,Sidewalk
712.0,121.8833,4.7076,1.67552,0.0,-0.0,176.1181,1.7956,stand_5,213.3831,0.0,-0.0,0.0,-0.0,Sidewalk
712.5,121.8833,4.7076,1.71042,0.0,0.06981,176.1181,1.7956,stand_5,213.3915,0.0,0.06981,0.0,0.06981,Sidewalk
713.0,121.8833,4.7076,1.71042,0.0,-0.0,176.1181,1.7956,stand_5,213.3832,0.0,-0.0,0.0,-0.0,Sidewalk
713.5,121.8833,4.7076,1.74533,0.0,0.06981,176.1181,1.7956,stand_5,213.3915,0.0,0.06981,0.0,0.06981,Sidewalk
714.0,121.8833,4.7076,1.74533,0.0,-0.0,176.1181,1.7956,stand_5,213.3832,0.0,-0.0,0.0,-0.0,Sidewalk
714.5,121.8833,4.7076,1.78024,0.0,0.06981,176.1181,1.7956,stand_5,213.3915,0.0,0.06981,0.0,0.06981,Sidewalk
715.0,121.8833,4.7076,1.78024,0.0,-0.0,176.1181,1.7955,stand_5,213.3832,0.0,-0.0,0.0,-0.0,Sidewalk
715.5,121.8833,4.7076,1.81514,0.0,0.06981,176.1181,1.7955,stand_5,213.3915,0.0,0.06981,0.0,0.06981,Sidewalk
716.0,121.8833,4.7076,1.81514,0.0,-0.0,176.1181,1.7955,stand_5,213.3832,0.0,-0.0,0.0,-0.0,Sidewalk
716.5,121.8833,4.7076,1.85005,0.0,0.06981,176.1181,1.7955,stand_5,213.3915,0.0,0.06981,0.0,0.06981,Sidewalk
717.0,121.8833,4.7076,1.85005,0.0,-0.0,176.1181,1.7955,stand_5,213.3832,0.0,-0.0,0.0,-0.0,Sidewalk
717.5,121.8833,4.7076,1.88496,0.0,0.06981,176.1181,1.7955,stand_5,213.3915,0.0,0.06981,0.0,0.06981,Sidewalk
718.0,121.8833,4.7076,1.88496,0.0,-0.0,176.1181,1.7955,stand_5,213.3832,0.0,-0.0,0.0,-0.0,Sidewalk
718.5,121.8833,4.7076,1.91986,0.0,0.06981,176.1181,1.7955,stand_5,213.3915,0.0,0.06981,0.0,0.06981,Sidewalk
719.0,121.8833,4.7076,1.91986,0.0,-0.0,176.1181,1.7955,stand_5,213.3832,0.0,-0.0,0.0,-0.0,Sidewalk
719.5,121.8833,4.7076,1.95477,0.0,0.06981,176.1181,1.7955,stand_5,213.3916,0.0,0.06981,0.0,0.06981,Sidewalk
720.0,121.8833,4.7076,1.95477,0.0,-0.0,176.1181,1.7955,stand_5,213.3832,0.0,-0.0,0.0,-0.0,Sidewalk
720.5,121.8833,4.7076,1.98968,0.0,0.06981,176.1181,1.7955,stand_5,213.3916,0.0,0.06981,0.0,0.06981,Sidewalk
721.0,121.8833,4.7076,1.98968,0.0,-0.0,176.1181,1.7955,stand_5,213.3832,0.0,-0.0,0.0,-0.0,Sidewalk
721.5,121.8833,4.7076,2.02458,0.0,0.06981,176.1181,1.7955,stand_5,213.3916,0.0,0.06981,0.0,0.06981,Sidewalk
722.0,121.8833,4.7076,2.02458,0.0,-0.0,176.1181,1.7955,stand_5,213.3832,0.0,-0.0,0.0,-0.0,Sidewalk
722.5,121.8833,4.7076,2.05949,0.0,0.06981,176.1181,1.7955,stand_5,213.3916,0.0,0.06981,0.0,0.06981,Sidewalk
723.0,121.8833,4.7076,2.05949,0.0,-0.0,176.1181,1.7955,stand_5,213.3832,0.0,-0.0,0.0,-0.0,Sidewalk
723.5,121.8833,4.7076,2.0944,0.0,0.06981,176.1181,1.7955,stand_5,213.3916,0.0,0.06981,0.0,0.06981,Sidewalk
724.0,121.8833,4.7076,2.0944,0.0,-0.0,176.1181,1.7955,stand_5,213.3832,0.0,-0.0,0.0,-0.0,Sidewalk
724.5,121.8833,4.7076,2.1293,0.0,0.06981,176.1181,1.7955,stand_5,213.3916,0.0,0.06981,0.0,0.06981,Sidewalk
725.0,121.8833,4.7076,2.1293,0.0,-0.0,176.1181,1.7955,stand_5,213.3832,0.0,-0.0,0.0,-0.0,Sidewalk
725.5,121.8833,4.7076,2.16421,0.0,0.06981,176.1181,1.7955,stand_5,213.3916,0.0,0.06981,0.0,0.06981,Sidewalk
726.0,121.8833,4.7076,2.16421,0.0,-0.0,176.1181,1.7955,stand_5,213.3832,0.0,-0.0,0.0,-0.0,Sidewalk
726.5,121.8833,4.7076,2.19911,0.0,0.06981,176.1181,1.7955,stand_5,213.3916,0.0,0.06981,0.0,0.06981,Sidewalk
727.0,121.8833,4.7076,2.19911,0.0,-0.0,176.1181,1.7955,stand_5,213.3832,0.0,-0.0,0.0,-0.0,Sidewalk
727.5,121.8833,4.7076,2.23402,0.0,0.06981,176.1181,1.7955,stand_5,213.3916,0.0,0.06981,0.0,0.06981,Sidewalk
728.0,121.8833,4.7076,2.23402,0.0,-0.0,176.1181,1.7955,stand_5,213.3832,0.0,-0.0,0.0,-0.0,Sidewalk
728.5,121.8833,4.7076,2.26893,0.0,0.06981,176.1181,1.7955,stand_5,213.3916,0.0,0.06981,0.0,0.06981,Sidewalk
729.0,121.8833,4.7076,2.26893,0.0,-0.0,176.1181,1.7955,stand_5,213.3832,0.0,-0.0,0.0,-0.0,Sidewalk
729.5,121.8833,4.7076,2.30383,0.0,0.06981,176.1181,1.7955,stand_5,213.3916,0.0,0.06981,0.0,0.06981,Sidewalk
730.0,121.8833,4.7076,2.30383,0.0,-0.0,176.1181,1.7955,stand_5,213.3832,0.0,-0.0,0.0,-0.0,Sidewalk
730.5,121.8833,4.7076,2.33874,0.0,0.06981,176.1181,1.7955,stand_5,213.3916,0.0,0.06981,0.0,0.06981,Sidewalk
731.0,121.8833,4.7076,2.33874,0.0,-0.0,176.1181,1.7955,stand_5,213.3832,0.0,-0.0,0.0,-0.0,Sidewalk
731.5,121.8833,4.7076,2.37365,0.0,0.06981,176.1181,1.7955,stand_5,213.3916,0.0,0.06981,0.0,0.06981,Sidewalk
732.0,121.8833,4.7076,2.37365,0.0,-0.0,176.1181,1.7955,stand_5,213.3832,0.0,-0.0,0.0,-0.0,Sidewalk
732.5,121.8833,4.7076,2.40855,0.0,0.06981,176.1181,1.7955,stand_5,213.3916,0.0,0.06981,0.0,0.06981,Sidewalk
733.0,121.8833,4.7076,2.40855,0.0,-0.0,176.1181,1.7955,stand_5,213.3832,0.0,-0.0,0.0,-0.0,Sidewalk
733.5,121.8833,4.7076,2.44346,0.0,0.06981,176.1181,1.7955,stand_5,213.3916,0.0,0.06981,0.0,0.06981,Sidewalk
734.0,121.8833,4.7076,2.44346,0.0,-0.0,176.1181,1.7955,stand_5,213.3832,0.0,-0.0,0.0,-0.0,Sidewalk
734.5,121.8833,4.7076,2.47837,0.0,0.06981,176.1181,1.7955,stand_5,213.3916,0.0,0.06981,0.0,0.06981,Sidewalk
735.0,121.8833,4.7076,2.47837,0.0,-0.0,176.1181,1.7955,stand_5,213.3832,0.0,-0.0,0.0,-0.0,Sidewalk
735.5,121.8833,4.7076,2.51327,0.0,0.06981,176.1181,1.7955,stand_5,213.3916,0.0,0.06981,0.0,0.06981,Sidewalk
736.0,121.8833,4.7076,2.51327,0.0,-0.0,176.1181,1.7955,stand_5,213.3832,0.0,-0.0,0.0,-0.0,Sidewalk
736.5,121.8833,4.7076,2.54818,0.0,0.06981,176.1181,1.7955,stand_5,213.3916,0.0,0.06981,0.0,0.06981,Sidewalk
737.0,121.8833,4.7076,2.54818,0.0,-0.0,176.1181,1.7955,stand_5,213.3832,0.0,-0.0,0.0,-0.0,Sidewalk
737.5,121.8833,4.7076,2.58309,0.0,0.06981,176.1181,1.7955,stand_5,213.3916,0.0,0.06981,0.0,0.06981,Sidewalk
738.0,121.8833,4.7076,2.58309,0.0,-0.0,176.1181,1.7955,stand_5,213.3832,0.0,-0.0,0.0,-0.0,Sidewalk
738.5,121.8833,4.7076,2.61799,0.0,0.06981,176.1181,1.7955,stand_5,213.3916,0.0,0.06981,0.0,0.06981,Sidewalk
739.0,121.8833,4.7076,2.61799,0.0,-0.0,176.1181,1.7955,stand_5,213.3832,0.0,-0.0,0.0,-0.0,Sidewalk
739.5,121.8833,4.7076,2.6529,0.0,0.06981,176.1181,1.7955,stand_5,213.3916,0.0,0.06981,0.0,0.06981,Sidewalk
740.0,121.8833,4.7076,2.6529,0.0,-0.0,176.1181,1.7955,stand_5,213.3833,0.0,-0.0,0.0,-0.0,Sidewalk
740.5,121.8833,4.7076,2.68781,0.0,0.06981,176.1181,1.7955,stand_5,213.3916,0.0,0.06981,0.0,0.06981,Sidewalk
741.0,121.8833,4.7076,2.68781,0.0,-0.0,176.1181,1.7955,stand_5,213.3833,0.0,-0.0,0.0,-0.0,Sidewalk
741.5,121.8833,4.7076,2.72271,0.0,0.06981,176.1181,1.7955,stand_5,213.3916,0.0,0.06981,0.0,0.06981,Sidewalk
742.0,121.8833,4.7076,2.72271,0.0,-0.0,176.1181,1.7955,stand_5,213.3833,0.0,-0.0,0.0,-0.0,Sidewalk
742.5,121.8833,4.7076,2.75762,0.0,0.06981,176.1181,1.7955,stand_5,213.3916,0.0,0.06981,0.0,0.06981,Sidewalk
743.0,121.8833,4.7076,2.75762,0.0,-0.0,176.1181,1.7955,stand_5,213.3833,0.0,-0.0,0.0,-0.0,Sidewalk
743.5,121.8833,4.7076,2.79253,0.0,0.06981,176.1181,1.7955,stand_5,213.3916,0.0,0.06981,0.0,0.06981,Sidewalk
744.0,121.8833,4.7076,2.79253,0.0,-0.0,176.1181,1.7955,stand_5,213.3833,0.0,-0.0,0.0,-0.0,Sidewalk
744.5,121.8833,4.7076,2.82743,0.0,0.06981,176.1181,1.7955,stand_5,213.3916,0.0,0.06981,0.0,0.06981,Sidewalk
745.0,121.8833,4.7076,2.82743,0.0,-0.0,176.1181,1.7955,stand_5,213.3833,0.0,-0.0,0.0,-0.0,Sidewalk
745.5,121.8833,4.7076,2.86234,0.0,0.06981,176.1181,1.7955,stand_5,213.3917,0.0,0.06981,0.0,0.06981,Sidewalk
746.0,121.8833,4.7076,2.86234,0.0,-0.0,176.1181,1.7955,stand_5,213.3833,0.0,-0.0,0.0,-0.0,Sidewalk
746.5,121.8833,4.7076,2.89725,0.0,0.06981,176.1181,1.7955,stand_5,213.3917,0.0,0.06981,0.0,0.06981,Sidewalk
747.0,121.8833,4.7076,2.89725,0.0,-0.0,176.1181,1.7955,stand_5,213.3833,0.0,-0.0,0.0,-0.0,Sidewalk
747.5,121.8833,4.7076,2.93215,0.0,0.06981,176.1181,1.7955,stand_5,213.3917,0.0,0.06981,0.0,0.06981,Sidewalk
748.0,121.8833,4.7076,2.93215,0.0,-0.0,176.1181,1.7955,stand_5,213.3833,0.0,-0.0,0.0,-0.0,Sidewalk
748.5,121.8833,4.7076,2.96706,0.0,0.06981,176.1181,1.7955,stand_5,213.3917,0.0,0.06981,0.0,0.06981,Sidewalk
749.0,121.8833,4.7076,2.96706,0.0,-0.0,176.1181,1.7954,stand_5,213.3833,0.0,-0.0,0.0,-0.0,Sidewalk
749.5,121.8833,4.7076,3.00197,0.0,0.06981,176.1181,1.7954,stand_5,213.3917,0.0,0.06981,0.0,0.06981,Sidewalk
750.0,121.8833,4.7076,3.00197,0.0,-0.0,176.1181,1.7954,stand_5,213.3833,0.0,-0.0,0.0,-0.0,Sidewalk
750.5,121.8833,4.7076,3.03687,0.0,0.06981,176.1181,1.7954,stand_5,213.3917,0.0,0.06981,0.0,0.06981,Sidewalk
751.0,121.8833,4.7076,3.03687,0.0,-0.0,176.1181,1.7954,stand_5,213.3833,0.0,-0.0,0.0,-0.0,Sidewalk
751.5,121.8833,4.7076,3.07178,0.0,0.06981,176.1181,1.7954,stand_5,213.3917,0.0,0.06981,0.0,0.06981,Sidewalk
752.0,121.8833,4.7076,3.07178,0.0,-0.0,176.1181,1.7954,stand_5,213.3833,0.0,-0.0,0.0,-0.0,Sidewalk
752.5,121.8833,4.7076,3.10669,0.0,0.06981,176.1181,1.7954,stand_5,213.3917,0.0,0.06981,0.0,0.06981,Sidewalk
753.0,121.8833,4.7076,3.10669,0.0,-0.0,176.1181,1.7954,stand_5,213.3833,0.0,-0.0,0.0,-0.0,Sidewalk
753.5,121.8833,4.7076,3.14159,0.0,0.06981,176.1181,1.7954,stand_5,213.3917,0.0,0.06981,0.0,0.06981,Sidewalk
754.0,121.8833,4.7076,3.14159,0.0,-0.0,176.1181,1.7954,stand_5,213.3833,0.0,-0.0,0.0,-0.0,Sidewalk
754.5,121.8833,4.7076,-3.10669,0.0,0.06981,176.1181,1.7954,stand_5,213.3917,0.0,0.06981,0.0,0.06981,Sidewalk
755.0,121.8833,4.7076,-3.10669,0.0,-0.0,176.1181,1.7954,stand_5,213.3833,0.0,-0.0,0.0,-0.0,Sidewalk
755.5,121.8833,4.7076,-3.07178,0.0,0.06981,176.1181,1.7954,stand_5,213.3917,0.0,0.06981,0.0,0.06981,Sidewalk
756.0,121.8833,4.7076,-3.07178,0.0,-0.0,176.1181,1.7954,stand_5,213.3833,0.0,-0.0,0.0,-0.0,Sidewalk
756.5,121.8833,4.7076,-3.03687,0.0,0.06981,176.1181,1.7954,stand_5,213.3917,0.0,0.06981,0.0,0.06981,Sidewalk
757.0,121.8833,4.7076,-3.03687,0.0,-0.0,176.1181,1.7954,stand_5,213.3833,0.0,-0.0,0.0,-0.0,Sidewalk
757.5,121.8833,4.7076,-3.00197,0.0,0.06981,176.1181,1.7954,stand_5,213.3917,0.0,0.06981,0.0,0.06981,Sidewalk
758.0,121.8833,4.7076,-3.00197,0.0,-0.0,176.1181,1.7954,stand_5,213.3833,0.0,-0.0,0.0,-0.0,Sidewalk
758.5,121.8833,4.7076,-2.96706,0.0,0.06981,176.1181,1.7954,stand_5,213.3917,0.0,0.06981,0.0,0.06981,Sidewalk
759.0,121.8833,4.7076,-2.96706,0.0,-0.0,176.1181,1.7954,stand_5,213.3833,0.0,-0.0,0.0,-0.0,Sidewalk
759.5,121.8833,4.7076,-2.93215,0.0,0.06981,176.1181,1.7954,stand_5,213.3917,0.0,0.06981,0.0,0.06981,Sidewalk
760.0,121.8833,4.7076,-2.93215,0.0,-0.0,176.1181,1.7954,stand_5,213.3833,0.0,-0.0,0.0,-0.0,Sidewalk
760.5,121.8833,4.7076,-2.89725,0.0,0.06981,176.1181,1.7954,stand_5,213.3917,0.0,0.06981,0.0,0.06981,Sidewalk
761.0,121.8833,4.7076,-2.89725,0.0,-0.0,176.1181,1.7954,stand_5,213.3833,0.0,-0.0,0.0,-0.0,Sidewalk
761.5,121.8833,4.7076,-2.86234,0.0,0.06981,176.1181,1.7954,stand_5,213.3917,0.0,0.06981,0.0,0.06981,Sidewalk
762.0,121.8833,4.7076,-2.86234,0.0,-0.0,176.1181,1.7954,stand_5,213.3833,0.0,-0.0,0.0,-0.0,Sidewalk
762.5,121.8833,4.7076,-2.82743,0.0,0.06981,176.1181,1.7954,stand_5,213.3917,0.0,0.06981,0.0,0.06981,Sidewalk
763.0,121.8833,4.7076,-2.82743,0.0,-0.0,176.1181,1.7954,stand_5,213.3833,0.0,-0.0,0.0,-0.0,Sidewalk
763.5,121.8833,4.7076,-2.79253,0.0,0.06981,176.1181,1.7954,stand_5,213.3917,0.0,0.06981,0.0,0.06981,Sidewalk
764.0,121.8833,4.7076,-2.79253,0.0,-0.0,176.1181,1.7954,stand_5,213.3833,0.0,-0.0,0.0,-0.0,Sidewalk
764.5,121.8833,4.7076,-2.75762,0.0,0.06981,176.1181,1.7954,stand_5,213.3917,0.0,0.06981,0.0,0.06981,Sidewalk
765.0,121.8833,4.7076,-2.75762,0.0,-0.0,176.1181,1.7954,stand_5,213.3834,0.0,-0.0,0.0,-0.0,Sidewalk
765.5,121.8833,4.7076,-2.72271,0.0,0.06981,176.1181,1.7954,stand_5,213.3917,0.0,0.06981,0.0,0.06981,Sidewalk
766.0,121.8833,4.7076,-2.72271,0.0,-0.0,176.1181,1.7954,stand_5,213.3834,0.0,-0.0,0.0,-0.0,Sidewalk
766.5,121.8833,4.7076,-2.68781,0.0,0.06981,176.1181,1.7954,stand_5,213.3917,0.0,0.06981,0.0,0.06981,Sidewalk
767.0,121.8833,4.7076,-2.68781,0.0,-0.0,176.1181,1.7954,stand_5,213.3834,0.0,-0.0,0.0,-0.0,Sidewalk
767.5,121.8833,4.7076,-2.6529,0.0,0.06981,176.1181,1.7954,stand_5,213.3917,0.0,0.06981,0.0,0.06981,Sidewalk
768.0,121.8833,4.7076,-2.6529,0.0,-0.0,176.1181,1.7954,stand_5,213.3834,0.0,-0.0,0.0,-0.0,Sidewalk
768.5,121.8833,4.7076,-2.61799,0.0,0.06981,176.1181,1.7954,stand_5,213.3917,0.0,0.06981,0.0,0.06981,Sidewalk
769.0,121.8833,4.7076,-2.61799,0.0,-0.0,176.1181,1.7954,stand_5,213.3834,0.0,-0.0,0.0,-0.0,Sidewalk
769.5,121.8833,4.7076,-2.58309,0.0,0.06981,176.1181,1.7954,stand_5,213.3917,0.0,0.06981,0.0,0.06981,Sidewalk
770.0,121.8833,4.7076,-2.58309,0.0,-0.0,176.1181,1.7954,stand_5,213.3834,0.0,-0.0,0.0,-0.0,Sidewalk
770.5,121.8833,4.7076,-2.54818,0.0,0.06981,176.1181,1.7954,stand_5,213.3918,0.0,0.06981,0.0,0.06981,Sidewalk
771.0,121.8833,4.7076,-2.54818,0.0,-0.0,176.1181,1.7954,stand_5,213.3834,0.0,-0.0,0.0,-0.0,Sidewalk
771.5,121.8833,4.7076,-2.51327,0.0,0.06981,176.1181,1.7954,stand_5,213.3918,0.0,0.06981,0.0,0.06981,Sidewalk
772.0,121.8833,4.7076,-2.51327,0.0,-0.0,176.1181,1.7954,stand_5,213.3834,0.0,-0.0,0.0,-0.0,Sidewalk
772.5,121.8833,4.7076,-2.47837,0.0,0.06981,176.1181,1.7954,stand_5,213.3918,0.0,0.06981,0.0,0.06981,Sidewalk
773.0,121.8833,4.7076,-2.47837,0.0,-0.0,176.1181,1.7954,stand_5,213.3834,0.0,-0.0,0.0,-0.0,Sidewalk
773.5,121.8833,4.7076,-2.44346,0.0,0.06981,176.1181,1.7954,stand_5,213.3918,0.0,0.06981,0.0,0.06981,Sidewalk
774.0,121.8833,4.7076,-2.44346,0.0,-0.0,176.1181,1.7954,stand_5,213.3834,0.0,-0.0,0.0,-0.0,Sidewalk
774.5,121.8833,4.7076,-2.40855,0.0,0.06981,176.1181,1.7954,stand_5,213.3918,0.0,0.06981,0.0,0.06981,Sidewalk
775.0,121.8833,4.7076,-2.40855,0.0,-0.0,176.1181,1.7954,stand_5,213.3834,0.0,-0.0,0.0,-0.0,Sidewalk
775.5,121.8833,4.7076,-2.37365,0.0,0.06981,176.1181,1.7954,stand_5,213.3918,0.0,0.06981,0.0,0.06981,Sidewalk
776.0,121.8833,4.7076,-2.37365,0.0,-0.0,176.1181,1.7954,stand_5,213.3834,0.0,-0.0,0.0,-0.0,Sidewalk
776.5,121.8833,4.7076,-2.33874,0.0,0.06981,176.1181,1.7954,stand_5,213.3918,0.0,0.06981,0.0,0.06981,Sidewalk
777.0,121.8833,4.7076,-2.33874,0.0,-0.0,176.1181,1.7954,stand_5,213.3834,0.0,-0.0,0.0,-0.0,Sidewalk
777.5,121.8833,4.7076,-2.30383,0.0,0.06981,176.1181,1.7954,stand_5,213.3918,0.0,0.06981,0.0,0.06981,Sidewalk
778.0,121.8833,4.7076,-2.30383,0.0,-0.0,176.1181,1.7954,stand_5,213.3834,0.0,-0.0,0.0,-0.0,Sidewalk
778.5,121.8833,4.7076,-2.26893,0.0,0.06981,176.1181,1.7954,stand_5,213.3918,0.0,0.06981,0.0,0.06981,Sidewalk
779.0,121.8833,4.7076,-2.26893,0.0,-0.0,176.1181,1.7954,stand_5,213.3834,0.0,-0.0,0.0,-0.0,Sidewalk
779.5,121.8833,4.7076,-2.23402,0.0,0.06981,176.1181,1.7954,stand_5,213.3918,0.0,0.06981,0.0,0.06981,Sidewalk
780.0,121.8833,4.7076,-2.23402,0.0,-0.0,176.1181,1.7954,stand_5,213.3834,0.0,-0.0,0.0,-0.0,Sidewalk
780.5,121.8833,4.7076,-2.19911,0.0,0.06981,176.1181,1.7954,stand_5,213.3918,0.0,0.06981,0.0,0.06981,Sidewalk
781.0,121.8833,4.7076,-2.19911,0.0,-0.0,176.1181,1.7954,stand_5,213.3834,0.0,-0.0,0.0,-0.0,Sidewalk
781.5,121.8833,4.7076,-2.16421,0.0,0.06981,176.1181,1.7954,stand_5,213.3918,0.0,0.06981,0.0,0.06981,Sidewalk
782.0,121.8833,4.7076,-2.16421,0.0,-0.0,176.1181,1.7953,stand_5,213.3834,0.0,-0.0,0.0,-0.0,Sidewalk
782.5,121.8833,4.7076,-2.1293,0.0,0.06981,176.1181,1.7953,stand_5,213.3918,0.0,0.06981,0.0,0.06981,Sidewalk
783.0,121.8833,4.7076,-2.1293,0.0,-0.0,176.1181,1.7953,stand_5,213.3834,0.0,-0.0,0.0,-0.0,Sidewalk
783.5,121.8833,4.7076,-2.0944,0.0,0.06981,176.1181,1.7953,stand_5,213.3918,0.0,0.06981,0.0,0.06981,Sidewalk
784.0,121.8833,4.7076,-2.0944,0.0,-0.0,176.1181,1.7953,stand_5,213.3834,0.0,-0.0,0.0,-0.0,Sidewalk
784.5,121.8833,4.7076,-2.05949,0.0,0.06981,176.1181,1.7953,stand_5,213.3918,0.0,0.06981,0.0,0.06981,Sidewalk
785.0,121.8833,4.7076,-2.05949,0.0,-0.0,176.1181,1.7953,stand_5,213.3834,0.0,-0.0,0.0,-0.0,Sidewalk
785.5,121.8833,4.7076,-2.02458,0.0,0.06981,176.1181,1.7953,stand_5,213.3918,0.0,0.06981,0.0,0.06981,Sidewalk
786.0,121.8833,4.7076,-2.02458,0.0,-0.0,176.1181,1.7953,stand_5,213.3834,0.0,-0.0,0.0,-0.0,Sidewalk
786.5,121.8833,4.7076,-1.98968,0.0,0.06981,176.1181,1.7953,stand_5,213.3918,0.0,0.06981,0.0,0.06981,Sidewalk
787.0,121.8833,4.7076,-1.98968,0.0,-0.0,176.1181,1.7953,stand_5,213.3834,0.0,-0.0,0.0,-0.0,Sidewalk
787.5,121.8833,4.7076,-1.95477,0.0,0.06981,176.1181,1.7953,stand_5,213.3918,0.0,0.06981,0.0,0.06981,Sidewalk
788.0,121.8833,4.7076,-1.95477,0.0,-0.0,176.1181,1.7953,stand_5,213.3834,0.0,-0.0,0.0,-0.0,Sidewalk
788.5,121.8833,4.7076,-1.91986,0.0,0.06981,176.1181,1.7953,stand_5,213.3918,0.0,0.06981,0.0,0.06981,Sidewalk
789.0,121.8833,4.7076,-1.91986,0.0,-0.0,176.1181,1.7953,stand_5,213.3834,0.0,-0.0,0.0,-0.0,Sidewalk
789.5,121.8833,4.7076,-1.88496,0.0,0.06981,176.1181,1.7953,stand_5,213.3918,0.0,0.06981,0.0,0.06981,Sidewalk
790.0,121.8833,4.7076,-1.88496,0.0,-0.0,176.1181,1.7953,stand_5,213.3834,0.0,-0.0,0.0,-0.0,Sidewalk
790.5,121.8833,4.7076,-1.85005,0.0,0.06981,176.1181,1.7953,stand_5,213.3918,0.0,0.06981,0.0,0.06981,Sidewalk
791.0,121.8833,4.7076,-1.85005,0.0,-0.0,176.1181,1.7953,stand_5,213.3834,0.0,-0.0,0.0,-0.0,Sidewalk
791.5,121.8833,4.7076,-1.81514,0.0,0.06981,176.1181,1.7953,stand_5,213.3918,0.0,0.06981,0.0,0.06981,Sidewalk
792.0,121.8833,4.7076,-1.81514,0.0,-0.0,176.1181,1.7953,stand_5,213.3834,0.0,-0.0,0.0,-0.0,Sidewalk
792.5,121.8833,4.7076,-1.78024,0.0,0.06981,176.1181,1.7953,stand_5,213.3918,0.0,0.06981,0.0,0.06981,Sidewalk
793.0,121.8833,4.7076,-1.78024,0.0,-0.0,176.1181,1.7953,stand_5,213.3835,0.0,-0.0,0.0,-0.0,Sidewalk
793.5,121.8833,4.7076,-1.74533,0.0,0.06981,176.1181,1.7953,stand_5,213.3918,0.0,0.06981,0.0,0.06981,Sidewalk
794.0,121.8833,4.7076,-1.74533,0.0,-0.0,176.1181,1.7953,stand_5,213.3835,0.0,-0.0,0.0,-0.0,Sidewalk
794.5,121.8833,4.7076,-1.71042,0.0,0.06981,176.1181,1.7953,stand_5,213.3918,0.0,0.06981,0.0,0.06981,Sidewalk
795.0,121.8833,4.7076,-1.71042,0.0,-0.0,176.1181,1.7953,stand_5,213.3835,0.0,-0.0,0.0,-0.0,Sidewalk
795.5,121.8833,4.7076,-1.67552,0.0,0.06981,176.1181,1.7953,stand_5,213.3918,0.0,0.06981,0.0,0.06981,Sidewalk
796.0,121.8833,4.7076,-1.67552,0.0,-0.0,176.1181,1.7953,stand_5,213.3835,0.0,-0.0,0.0,-0.0,Sidewalk
796.5,121.8833,4.7076,-1.64061,0.0,0.06981,176.1181,1.7953,stand_5,213.3918,0.0,0.06981,0.0,0.06981,Sidewalk
797.0,121.8833,4.7076,-1.64061,0.0,-0.0,176.1181,1.7953,stand_5,213.3835,0.0,-0.0,0.0,-0.0,Sidewalk
797.5,121.8833,4.7076,-1.6057,0.0,0.06981,176.1181,1.7953,stand_5,213.3918,0.0,0.06981,0.0,0.06981,Sidewalk
798.0,121.8833,4.7076,-1.6057,0.0,-0.0,176.1181,1.7953,stand_5,213.3835,0.0,-0.0,0.0,-0.0,Sidewalk
798.5,121.8833,4.7076,-1.5708,0.0,0.06981,176.1181,1.7953,stand_5,213.3919,0.0,0.06981,0.0,0.06981,Sidewalk
799.0,121.8833,4.7076,-1.5708,0.0,-0.0,176.1181,1.7953,stand_5,213.3835,0.0,-0.0,0.0,-0.0,Sidewalk
799.5,121.8833,4.7076,-1.53589,0.0,0.06981,176.1181,1.7953,stand_5,213.3919,0.0,0.06981,0.0,0.06981,Sidewalk
800.0,121.8833,4.7076,-1.53589,0.0,-0.0,176.1181,1.7953,stand_5,213.3835,0.0,-0.0,0.0,-0.0,Sidewalk
800.5,121.8833,4.7076,-1.50098,0.0,0.06981,176.1181,1.7953,stand_5,213.3919,0.0,0.06981,0.0,0.06981,Sidewalk
801.0,121.8833,4.7076,-1.50098,0.0,-0.0,176.1181,1.7953,stand_5,213.3835,0.0,-0.0,0.0,-0.0,Sidewalk
801.5,121.8833,4.7076,-1.46608,0.0,0.06981,176.1181,1.7953,stand_5,213.3919,0.0,0.06981,0.0,0.06981,Sidewalk
802.0,121.8833,4.7076,-1.46608,0.0,-0.0,176.1181,1.7953,stand_5,213.3835,0.0,-0.0,0.0,-0.0,Sidewalk
802.5,121.8833,4.7076,-1.43117,0.0,0.06981,176.1181,1.7953,stand_5,213.3919,0.0,0.06981,0.0,0.06981,Sidewalk
803.0,121.8833,4.7076,-1.43117,0.0,-0.0,176.1181,1.7953,stand_5,213.3835,0.0,-0.0,0.0,-0.0,Sidewalk
803.5,121.8833,4.7076,-1.39626,0.0,0.06981,176.1181,1.7953,stand_5,213.3919,0.0,0.06981,0.0,0.06981,Sidewalk
804.0,121.8833,4.7076,-1.39626,0.0,-0.0,176.1181,1.7953,stand_5,213.3835,0.0,-0.0,0.0,-0.0,Sidewalk
804.5,121.8833,4.7076,-1.36136,0.0,0.06981,176.1181,1.7953,stand_5,213.3919,0.0,0.06981,0.0,0.06981,Sidewalk
805.0,121.8833,4.7076,-1.36136,0.0,-0.0,176.1181,1.7953,stand_5,213.3835,0.0,-0.0,0.0,-0.0,Sidewalk
805.5,121.8833,4.7076,-1.32645,0.0,0.06981,176.1181,1.7953,stand_5,213.3919,0.0,0.06981,0.0,0.06981,Sidewalk
806.0,121.8833,4.7076,-1.32645,0.0,-0.0,176.1181,1.7953,stand_5,213.3835,0.0,-0.0,0.0,-0.0,Sidewalk
806.5,121.8833,4.7076,-1.29154,0.0,0.06981,176.1181,1.7953,stand_5,213.3919,0.0,0.06981,0.0,0.06981,Sidewalk
807.0,121.8833,4.7076,-1.29154,0.0,-0.0,176.1181,1.7953,stand_5,213.3835,0.0,-0.0,0.0,-0.0,Sidewalk
807.5,121.8833,4.7076,-1.25664,0.0,0.06981,176.1181,1.7953,stand_5,213.3919,0.0,0.06981,0.0,0.06981,Sidewalk
808.0,121.8833,4.7076,-1.25664,0.0,-0.0,176.1181,1.7953,stand_5,213.3835,0.0,-0.0,0.0,-0.0,Sidewalk
808.5,121.8833,4.7076,-1.22173,0.0,0.06981,176.1181,1.7953,stand_5,213.3919,0.0,0.06981,0.0,0.06981,Sidewalk
809.0,121.8833,4.7076,-1.22173,0.0,-0.0,176.1181,1.7953,stand_5,213.3835,0.0,-0.0,0.0,-0.0,Sidewalk
809.5,121.8833,4.7076,-1.18682,0.0,0.06981,176.1181,1.7953,stand_5,213.3919,0.0,0.06981,0.0,0.06981,Sidewalk
810.0,121.8833,4.7076,-1.18682,0.0,-0.0,176.1181,1.7953,stand_5,213.3835,0.0,-0.0,0.0,-0.0,Sidewalk
810.5,121.8833,4.7076,-1.15192,0.0,0.06981,176.1181,1.7953,stand_5,213.3919,0.0,0.06981,0.0,0.06981,Sidewalk
811.0,121.8833,4.7076,-1.15192,0.0,-0.0,176.1181,1.7953,stand_5,213.3835,0.0,-0.0,0.0,-0.0,Sidewalk
811.5,121.8833,4.7076,-1.11701,0.0,0.06981,176.1181,1.7953,stand_5,213.3919,0.0,0.06981,0.0,0.06981,Sidewalk
812.0,121.8833,4.7076,-1.11701,0.0,-0.0,176.1181,1.7953,stand_5,213.3835,0.0,-0.0,0.0,-0.0,Sidewalk
812.5,121.8833,4.7076,-1.0821,0.0,0.06981,176.1181,1.7953,stand_5,213.3919,0.0,0.06981,0.0,0.06981,Sidewalk
813.0,121.8833,4.7076,-1.0821,0.0,-0.0,176.1181,1.7953,stand_5,213.3835,0.0,-0.0,0.0,-0.0,Sidewalk
813.5,121.8833,4.7076,-1.0472,0.0,0.06981,176.1181,1.7953,stand_5,213.3919,0.0,0.06981,0.0,0.06981,Sidewalk
814.0,121.8833,4.7076,-1.0472,0.0,-0.0,176.1181,1.7953,stand_5,213.3835,0.0,-0.0,0.0,-0.0,Sidewalk
814.5,121.8833,4.7076,-1.01229,0.0,0.06981,176.1181,1.7953,stand_5,213.3919,0.0,0.06981,0.0,0.06981,Sidewalk
815.0,121.8833,4.7076,-1.01229,0.0,-0.0,176.1181,1.7953,stand_5,213.3835,0.0,-0.0,0.0,-0.0,Sidewalk
815.5,121.8833,4.7076,-0.97738,0.0,0.06981,176.1181,1.7953,stand_5,213.3919,0.0,0.06981,0.0,0.06981,Sidewalk
816.0,121.8833,4.7076,-0.97738,0.0,-0.0,176.1181,1.7952,stand_5,213.3835,0.0,-0.0,0.0,-0.0,Sidewalk
816.5,121.8833,4.7076,-0.94248,0.0,0.06981,176.1181,1.7952,stand_5,213.3919,0.0,0.06981,0.0,0.06981,Sidewalk
817.0,121.8833,4.7076,-0.94248,0.0,-0.0,176.1181,1.7952,stand_5,213.3835,0.0,-0.0,0.0,-0.0,Sidewalk
817.5,121.8833,4.7076,-0.90757,0.0,0.06981,176.1181,1.7952,stand_5,213.3919,0.0,0.06981,0.0,0.06981,Sidewalk
818.0,121.8833,4.7076,-0.90757,0.0,-0.0,176.1181,1.7952,stand_5,213.3835,0.0,-0.0,0.0,-0.0,Sidewalk
818.5,121.8833,4.7076,-0.87266,0.0,0.06981,176.1181,1.7952,stand_5,213.3919,0.0,0.06981,0.0,0.06981,Sidewalk
819.0,121.8833,4.7076,-0.87266,0.0,-0.0,176.1181,1.7952,stand_5,213.3836,0.0,-0.0,0.0,-0.0,Sidewalk
819.5,121.8833,4.7076,-0.83776,0.0,0.06981,176.1181,1.7952,stand_5,213.3919,0.0,0.06981,0.0,0.06981,Sidewalk
820.0,121.8833,4.7076,-0.83776,0.0,-0.0,176.1181,1.7952,stand_5,213.3836,0.0,-0.0,0.0,-0.0,Sidewalk
820.5,121.8833,4.7076,-0.80285,0.0,0.06981,176.1181,1.7952,stand_5,213.3919,0.0,0.06981,0.0,0.06981,Sidewalk
821.0,121.8833,4.7076,-0.80285,0.0,-0.0,176.1181,1.7952,stand_5,213.3836,0.0,-0.0,0.0,-0.0,Sidewalk
821.5,121.8833,4.7076,-0.76794,0.0,0.06981,176.1181,1.7952,stand_5,213.3919,0.0,0.06981,0.0,0.06981,Sidewalk
822.0,121.8833,4.7076,-0.76794,0.0,-0.0,176.1181,1.7952,stand_5,213.3836,0.0,-0.0,0.0,-0.0,Sidewalk
822.5,121.8833,4.7076,-0.73304,0.0,0.06981,176.1181,1.7952,stand_5,213.3919,0.0,0.06981,0.0,0.06981,Sidewalk
823.0,121.8833,4.7076,-0.73304,0.0,-0.0,176.1181,1.7952,stand_5,213.3836,0.0,-0.0,0.0,-0.0,Sidewalk
823.5,121.8833,4.7076,-0.69813,0.0,0.06981,176.1181,1.7952,stand_5,213.392,0.0,0.06981,0.0,0.06981,Sidewalk
824.0,121.8833,4.7076,-0.69813,0.0,-0.0,176.1181,1.7952,stand_5,213.3836,0.0,-0.0,0.0,-0.0,Sidewalk
824.5,121.8833,4.7076,-0.66323,0.0,0.06981,176.1181,1.7952,stand_5,213.392,0.0,0.06981,0.0,0.06981,Sidewalk
825.0,121.8833,4.7076,-0.66323,0.0,-0.0,176.1181,1.7952,stand_5,213.3836,0.0,-0.0,0.0,-0.0,Sidewalk
825.5,121.8833,4.7076,-0.62832,0.0,0.06981,176.1181,1.7952,stand_5,213.392,0.0,0.06981,0.0,0.06981,Sidewalk
826.0,121.8833,4.7076,-0.62832,0.0,-0.0,176.1181,1.7952,stand_5,213.3836,0.0,-0.0,0.0,-0.0,Sidewalk
826.5,121.8833,4.7076,-0.59341,0.0,0.06981,176.1181,1.7952,stand_5,213.392,0.0,0.06981,0.0,0.06981,Sidewalk
827.0,121.8833,4.7076,-0.59341,0.0,-0.0,176.1181,1.7952,stand_5,213.3836,0.0,-0.0,0.0,-0.0,Sidewalk
827.5,121.8833,4.7076,-0.55851,0.0,0.06981,176.1181,1.7952,stand_5,213.392,0.0,0.06981,0.0,0.06981,Sidewalk
828.0,121.8833,4.7076,-0.55851,0.0,-0.0,176.1181,1.7952,stand_5,213.3836,0.0,-0.0,0.0,-0.0,Sidewalk
828.5,121.8833,4.7076,-0.5236,0.0,0.06981,176.1181,1.7952,stand_5,213.392,0.0,0.06981,0.0,0.06981,Sidewalk
829.0,121.8833,4.7076,-0.5236,0.0,-0.0,176.1181,1.7952,stand_5,213.3836,0.0,-0.0,0.0,-0.0,Sidewalk
829.5,121.8833,4.7076,-0.48869,0.0,0.06981,176.1181,1.7952,stand_5,213.392,0.0,0.06981,0.0,0.06981,Sidewalk
830.0,121.8833,4.7076,-0.48869,0.0,-0.0,176.1181,1.7952,stand_5,213.3836,0.0,-0.0,0.0,-0.0,Sidewalk
830.5,121.8833,4.7076,-0.45379,0.0,0.06981,176.1181,1.7952,stand_5,213.392,0.0,0.06981,0.0,0.06981,Sidewalk
831.0,121.8833,4.7076,-0.45379,0.0,-0.0,176.1181,1.7952,stand_5,213.3836,0.0,-0.0,0.0,-0.0,Sidewalk
831.5,121.8833,4.7076,-0.41888,0.0,0.06981,176.1181,1.7952,stand_5,213.392,0.0,0.06981,0.0,0.06981,Sidewalk
832.0,121.8833,4.7076,-0.41888,0.0,-0.0,176.1181,1.7952,stand_5,213.3836,0.0,-0.0,0.0,-0.0,Sidewalk
832.5,121.8833,4.7076,-0.38397,0.0,0.06981,176.1181,1.7952,stand_5,213.392,0.0,0.06981,0.0,0.06981,Sidewalk
833.0,121.8833,4.7076,-0.38397,0.0,-0.0,176.1181,1.7952,stand_5,213.3836,0.0,-0.0,0.0,-0.0,Sidewalk
833.5,121.8833,4.7076,-0.34907,0.0,0.06981,176.1181,1.7952,stand_5,213.392,0.0,0.06981,0.0,0.06981,Sidewalk
834.0,121.8833,4.7076,-0.34907,0.0,-0.0,176.1181,1.7952,stand_5,213.3836,0.0,-0.0,0.0,-0.0,Sidewalk
834.5,121.8833,4.7076,-0.31416,0.0,0.06981,176.1181,1.7952,stand_5,213.392,0.0,0.06981,0.0,0.06981,Sidewalk
835.0,121.8833,4.7076,-0.31416,0.0,-0.0,176.1181,1.7952,stand_5,213.3836,0.0,-0.0,0.0,-0.0,Sidewalk
835.5,121.8833,4.7076,-0.27925,0.0,0.06981,176.1181,1.7952,stand_5,213.392,0.0,0.06981,0.0,0.06981,Sidewalk
836.0,121.8833,4.7076,-0.27925,0.0,-0.0,176.1181,1.7952,stand_5,213.3836,0.0,-0.0,0.0,-0.0,Sidewalk
836.5,121.8833,4.7076,-0.24435,0.0,0.06981,176.1181,1.7952,stand_5,213.392,0.0,0.06981,0.0,0.06981,Sidewalk
837.0,121.8833,4.7076,-0.24435,0.0,-0.0,176.1181,1.7952,stand_5,213.3836,0.0,-0.0,0.0,-0.0,Sidewalk
837.5,121.8833,4.7076,-0.20944,0.0,0.06981,176.1181,1.7952,stand_5,213.392,0.0,0.06981,0.0,0.06981,Sidewalk
838.0,121.8833,4.7076,-0.20944,0.0,-0.0,176.1181,1.7952,stand_5,213.3836,0.0,-0.0,0.0,-0.0,Sidewalk
838.5,121.8833,4.7076,-0.17453,0.0,0.06981,176.1181,1.7952,stand_5,213.392,0.0,0.06981,0.0,0.06981,Sidewalk
839.0,121.8833,4.7076,-0.17453,0.0,-0.0,176.1181,1.7952,stand_5,213.3836,0.0,-0.0,0.0,-0.0,Sidewalk
839.5,121.8833,4.7076,-0.13963,0.0,0.06981,176.1181,1.7952,stand_5,213.392,0.0,0.06981,0.0,0.06981,Sidewalk
840.0,121.8833,4.7076,-0.13963,0.0,-0.0,176.1181,1.7952,stand_5,213.3836,0.0,-0.0,0.0,-0.0,Sidewalk
840.5,121.8833,4.7076,-0.10472,0.0,0.06981,176.1181,1.7952,stand_5,213.392,0.0,0.06981,0.0,0.06981,Sidewalk
841.0,121.8833,4.7076,-0.10472,0.0,-0.0,176.1181,1.7952,stand_5,213.3836,0.0,-0.0,0.0,-0.0,Sidewalk
841.5,121.8833,4.7076,-0.06981,0.0,0.06981,176.1181,1.7952,stand_5,213.392,0.0,0.06981,0.0,0.06981,Sidewalk
842.0,121.8833,4.7076,-0.06981,0.0,-0.0,176.1181,1.7952,stand_5,213.3837,0.0,-0.0,0.0,-0.0,Sidewalk
842.5,121.8833,4.7076,-0.03491,0.0,0.06981,176.1181,1.7952,stand_5,213.392,0.0,0.06981,0.0,0.06981,Sidewalk
843.0,121.8833,4.7076,-0.03491,0.0,-0.0,176.1181,1.7952,stand_5,213.3837,0.0,-0.0,0.0,-0.0,Sidewalk
843.5,121.8833,4.7076,-0.0,0.0,0.06981,176.1181,1.7952,stand_5,213.392,0.0,0.06981,0.0,0.06981,Sidewalk
844.0,121.8833,4.7076,-0.0,0.0,-0.0,176.1181,1.7952,stand_5,213.3837,0.0,-0.0,0.0,-0.0,Sidewalk
844.5,121.8833,4.7076,0.03491,0.0,0.06981,176.1181,1.7952,stand_5,213.392,0.0,0.06981,0.0,0.06981,Sidewalk
845.0,121.8833,4.7076,0.03491,0.0,-0.0,176.1181,1.7952,stand_5,213.3837,0.0,-0.0,0.0,-0.0,Sidewalk
845.5,121.8833,4.7076,0.06981,0.0,0.06981,176.1181,1.7952,stand_5,213.392,0.0,0.06981,0.0,0.06981,Sidewalk
846.0,121.8833,4.7076,0.06981,0.0,-0.0,176.1181,1.7952,stand_5,213.3837,0.0,-0.0,0.0,-0.0,Sidewalk
846.5,121.8833,4.7076,0.10472,0.0,0.06981,176.1181,1.7952,stand_5,213.392,0.0,0.06981,0.0,0.06981,Sidewalk
847.0,121.8833,4.7076,0.10472,0.0,-0.0,176.1181,1.7952,stand_5,213.3837,0.0,-0.0,0.0,-0.0,Sidewalk
847.5,121.8833,4.7076,0.13963,0.0,0.06981,176.1181,1.7952,stand_5,213.392,0.0,0.06981,0.0,0.06981,Sidewalk
848.0,121.8833,4.7076,0.13963,0.0,-0.0,176.1181,1.7951,stand_5,213.3837,0.0,-0.0,0.0,-0.0,Sidewalk
848.5,121.8833,4.7076,0.17453,0.0,0.06981,176.1181,1.7951,stand_5,213.3921,0.0,0.06981,0.0,0.06981,Sidewalk
849.0,121.8833,4.7076,0.17453,0.0,-0.0,176.1181,1.7951,stand_5,213.3837,0.0,-0.0,0.0,-0.0,Sidewalk
849.5,121.8833,4.7076,0.20944,0.0,0.06981,176.1181,1.7951,stand_5,213.3921,0.0,0.06981,0.0,0.06981,Sidewalk
850.0,121.8833,4.7076,0.20944,0.0,-0.0,176.1181,1.7951,stand_5,213.3837,0.0,-0.0,0.0,-0.0,Sidewalk
850.5,121.8833,4.7076,0.24435,0.0,0.06981,176.1181,1.7951,stand_5,213.3921,0.0,0.06981,0.0,0.06981,Sidewalk
851.0,121.8833,4.7076,0.24435,0.0,-0.0,176.1181,1.7951,stand_5,213.3837,0.0,-0.0,0.0,-0.0,Sidewalk
851.5,121.8833,4.7076,0.27925,0.0,0.06981,176.1181,1.7951,stand_5,213.3921,0.0,0.06981,0.0,0.06981,Sidewalk
852.0,121.8833,4.7076,0.27925,0.0,-0.0,176.1181,1.7951,stand_5,213.3837,0.0,-0.0,0.0,-0.0,Sidewalk
852.5,121.8833,4.7076,0.31416,0.0,0.06981,176.1181,1.7951,stand_5,213.3921,0.0,0.06981,0.0,0.06981,Sidewalk
853.0,121.8833,4.7076,0.31416,0.0,-0.0,176.1181,1.7951,stand_5,213.3837,0.0,-0.0,0.0,-0.0,Sidewalk
853.5,121.8833,4.7076,0.34907,0.0,0.06981,176.1181,1.7951,stand_5,213.3921,0.0,0.06981,0.0,0.06981,Sidewalk
854.0,121.8833,4.7076,0.34907,0.0,-0.0,176.1181,1.7951,stand_5,213.3837,0.0,-0.0,0.0,-0.0,Sidewalk
854.5,121.8833,4.7076,0.38397,0.0,0.06981,176.1181,1.7951,stand_5,213.3921,0.0,0.06981,0.0,0.06981,Sidewalk
855.0,121.8833,4.7076,0.38397,0.0,-0.0,176.1181,1.7951,stand_5,213.3837,0.0,-0.0,0.0,-0.0,Sidewalk
855.5,121.8833,4.7076,0.41888,0.0,0.06981,176.1181,1.7951,stand_5,213.3921,0.0,0.06981,0.0,0.06981,Sidewalk
856.0,121.8833,4.7076,0.41888,0.0,-0.0,176.1181,1.7951,stand_5,213.3837,0.0,-0.0,0.0,-0.0,Sidewalk
856.5,121.8833,4.7076,0.45379,0.0,0.06981,176.1181,1.7951,stand_5,213.3921,0.0,0.06981,0.0,0.06981,Sidewalk
857.0,121.8833,4.7076,0.45379,0.0,-0.0,176.1181,1.7951,stand_5,213.3837,0.0,-0.0,0.0,-0.0,Sidewalk
857.5,121.8833,4.7076,0.48869,0.0,0.06981,176.1181,1.7951,stand_5,213.3921,0.0,0.06981,0.0,0.06981,Sidewalk
858.0,121.8833,4.7076,0.48869,0.0,-0.0,176.1181,1.7951,stand_5,213.3837,0.0,-0.0,0.0,-0.0,Sidewalk
858.5,121.8833,4.7076,0.5236,0.0,0.06981,176.1181,1.7951,stand_5,213.3921,0.0,0.06981,0.0,0.06981,Sidewalk
859.0,121.8833,4.7076,0.5236,0.0,-0.0,176.1181,1.7951,stand_5,213.3837,0.0,-0.0,0.0,-0.0,Sidewalk
859.5,121.8833,4.7076,0.55851,0.0,0.06981,176.1181,1.7951,stand_5,213.3921,0.0,0.06981,0.0,0.06981,Sidewalk
860.0,121.8833,4.7076,0.55851,0.0,-0.0,176.1181,1.7951,stand_5,213.3837,0.0,-0.0,0.0,-0.0,Sidewalk
860.5,121.8833,4.7076,0.59341,0.0,0.06981,176.1181,1.7951,stand_5,213.3921,0.0,0.06981,0.0,0.06981,Sidewalk
861.0,121.8833,4.7076,0.59341,0.0,-0.0,176.1181,1.7951,stand_5,213.3837,0.0,-0.0,0.0,-0.0,Sidewalk
861.5,121.8833,4.7076,0.62832,0.0,0.06981,176.1181,1.7951,stand_5,213.3921,0.0,0.06981,0.0,0.06981,Sidewalk
862.0,121.8833,4.7076,0.62832,0.0,-0.0,176.1181,1.7951,stand_5,213.3837,0.0,-0.0,0.0,-0.0,Sidewalk
862.5,121.8833,4.7076,0.66323,0.0,0.06981,176.1181,1.7951,stand_5,213.3921,0.0,0.06981,0.0,0.06981,Sidewalk
863.0,121.8833,4.7076,0.66323,0.0,-0.0,176.1181,1.7951,stand_5,213.3837,0.0,-0.0,0.0,-0.0,Sidewalk
863.5,121.8833,4.7076,0.69813,0.0,0.06981,176.1181,1.7951,stand_5,213.3921,0.0,0.06981,0.0,0.06981,Sidewalk
864.0,121.8833,4.7076,0.69813,0.0,-0.0,176.1181,1.7951,stand_5,213.3837,0.0,-0.0,0.0,-0.0,Sidewalk
864.5,121.8833,4.7076,0.73304,0.0,0.06981,176.1181,1.7951,stand_5,213.3921,0.0,0.06981,0.0,0.06981,Sidewalk
865.0,121.8833,4.7076,0.73304,0.0,-0.0,176.1181,1.7951,stand_5,213.3837,0.0,-0.0,0.0,-0.0,Sidewalk
865.5,121.8833,4.7076,0.76794,0.0,0.06981,176.1181,1.7951,stand_5,213.3921,0.0,0.06981,0.0,0.06981,Sidewalk
866.0,121.8833,4.7076,0.76794,0.0,-0.0,176.1181,1.7951,stand_5,213.3837,0.0,-0.0,0.0,-0.0,Sidewalk
866.5,121.8833,4.7076,0.80285,0.0,0.06981,176.1181,1.7951,stand_5,213.3921,0.0,0.06981,0.0,0.06981,Sidewalk
867.0,121.8833,4.7076,0.80285,0.0,-0.0,176.1181,1.7951,stand_5,213.3837,0.0,-0.0,0.0,-0.0,Sidewalk
867.5,121.8833,4.7076,0.83776,0.0,0.06981,176.1181,1.7951,stand_5,213.3921,0.0,0.06981,0.0,0.06981,Sidewalk
868.0,121.8833,4.7076,0.83776,0.0,-0.0,176.1181,1.7951,stand_5,213.3837,0.0,-0.0,0.0,-0.0,Sidewalk
868.5,121.8833,4.7076,0.87266,0.0,0.06981,176.1181,1.7951,stand_5,213.3921,0.0,0.06981,0.0,0.06981,Sidewalk
869.0,121.8833,4.7076,0.87266,0.0,-0.0,176.1181,1.7951,stand_5,213.3837,0.0,-0.0,0.0,-0.0,Sidewalk
869.5,121.8833,4.7076,0.90757,0.0,0.06981,176.1181,1.7951,stand_5,213.3921,0.0,0.06981,0.0,0.06981,Sidewalk
870.0,121.8833,4.7076,0.90757,0.0,-0.0,176.1181,1.7951,stand_5,213.3838,0.0,-0.0,0.0,-0.0,Sidewalk
870.5,121.8833,4.7076,0.94248,0.0,0.06981,176.1181,1.7951,stand_5,213.3921,0.0,0.06981,0.0,0.06981,Sidewalk
871.0,121.8833,4.7076,0.94248,0.0,-0.0,176.1181,1.7951,stand_5,213.3838,0.0,-0.0,0.0,-0.0,Sidewalk
871.5,121.8833,4.7076,0.97738,0.0,0.06981,176.1181,1.7951,stand_5,213.3921,0.0,0.06981,0.0,0.06981,Sidewalk
872.0,121.8833,4.7076,0.97738,0.0,-0.0,176.1181,1.7951,stand_5,213.3838,0.0,-0.0,0.0,-0.0,Sidewalk
872.5,121.8833,4.7076,1.01229,0.0,0.06981,176.1181,1.7951,stand_5,213.3921,0.0,0.06981,0.0,0.06981,Sidewalk
873.0,121.8833,4.7076,1.01229,0.0,-0.0,176.1181,1.7951,stand_5,213.3838,0.0,-0.0,0.0,-0.0,Sidewalk
873.5,121.8833,4.7076,1.0472,0.0,0.06981,176.1181,1.7951,stand_5,213.3921,0.0,0.06981,0.0,0.06981,Sidewalk
874.0,121.8833,4.7076,1.0472,0.0,-0.0,176.1181,1.7951,stand_5,213.3838,0.0,-0.0,0.0,-0.0,Sidewalk
874.5,121.8833,4.7076,1.0821,0.0,0.06981,176.1181,1.7951,stand_5,213.3921,0.0,0.06981,0.0,0.06981,Sidewalk
875.0,121.8833,4.7076,1.0821,0.0,-0.0,176.1181,1.7951,stand_5,213.3838,0.0,-0.0,0.0,-0.0,Sidewalk
875.5,121.8833,4.7076,1.11701,0.0,0.06981,176.1181,1.7951,stand_5,213.3922,0.0,0.06981,0.0,0.06981,Sidewalk
876.0,121.8833,4.7076,1.11701,0.0,-0.0,176.1181,1.7951,stand_5,213.3838,0.0,-0.0,0.0,-0.0,Sidewalk
876.5,121.8833,4.7076,1.15192,0.0,0.06981,176.1181,1.7951,stand_5,213.3922,0.0,0.06981,0.0,0.06981,Sidewalk
877.0,121.8833,4.7076,1.15192,0.0,-0.0,176.1181,1.7951,stand_5,213.3838,0.0,-0.0,0.0,-0.0,Sidewalk
877.5,121.8833,4.7076,1.18682,0.0,0.06981,176.1181,1.7951,stand_5,213.3922,0.0,0.06981,0.0,0.06981,Sidewalk
878.0,121.8833,4.7076,1.18682,0.0,-0.0,176.1181,1.7951,stand_5,213.3838,0.0,-0.0,0.0,-0.0,Sidewalk
878.5,121.8833,4.7076,1.22173,0.0,0.06981,176.1181,1.7951,stand_5,213.3922,0.0,0.06981,0.0,0.06981,Sidewalk
879.0,121.8833,4.7076,1.22173,0.0,-0.0,176.1181,1.7951,stand_5,213.3838,0.0,-0.0,0.0,-0.0,Sidewalk
879.5,121.8833,4.7076,1.25664,0.0,0.06981,176.1181,1.7951,stand_5,213.3922,0.0,0.06981,0.0,0.06981,Sidewalk
880.0,121.8833,4.7076,1.25664,0.0,-0.0,176.1181,1.7951,stand_5,213.3838,0.0,-0.0,0.0,-0.0,Sidewalk
880.5,121.8833,4.7076,1.29154,0.0,0.06981,176.1181,1.7951,stand_5,213.3922,0.0,0.06981,0.0,0.06981,Sidewalk
881.0,121.8833,4.7076,1.29154,0.0,-0.0,176.1181,1.795,stand_5,213.3838,0.0,-0.0,0.0,-0.0,Sidewalk
881.5,121.8833,4.7076,1.32645,0.0,0.06981,176.1181,1.795,stand_5,213.3922,0.0,0.06981,0.0,0.06981,Sidewalk
882.0,121.8833,4.7076,1.32645,0.0,-0.0,176.1181,1.795,stand_5,213.3838,0.0,-0.0,0.0,-0.0,Sidewalk
882.5,121.8833,4.7076,1.36136,0.0,0.06981,176.1181,1.795,stand_5,213.3922,0.0,0.06981,0.0,0.06981,Sidewalk
883.0,121.8833,4.7076,1.36136,0.0,-0.0,176.1181,1.795,stand_5,213.3838,0.0,-0.0,0.0,-0.0,Sidewalk
883.5,121.8833,4.7076,1.39626,0.0,0.06981,176.1181,1.795,stand_5,213.3922,0.0,0.06981,0.0,0.06981,Sidewalk
884.0,121.8833,4.7076,1.39626,0.0,-0.0,176.1181,1.795,stand_5,213.3838,0.0,-0.0,0.0,-0.0,Sidewalk
884.5,121.8833,4.7076,1.43117,0.0,0.06981,176.1181,1.795,stand_5,213.3922,0.0,0.06981,0.0,0.06981,Sidewalk
885.0,121.8833,4.7076,1.43117,0.0,-0.0,176.1181,1.795,stand_5,213.3838,0.0,-0.0,0.0,-0.0,Sidewalk
885.5,121.8833,4.7076,1.46608,0.0,0.06981,176.1181,1.795,stand_5,213.3922,0.0,0.06981,0.0,0.06981,Sidewalk
886.0,121.8833,4.7076,1.46608,0.0,-0.0,176.1181,1.795,stand_5,213.3838,0.0,-0.0,0.0,-0.0,Sidewalk
886.5,121.8833,4.7076,1.50098,0.0,0.06981,176.1181,1.795,stand_5,213.3922,0.0,0.06981,0.0,0.06981,Sidewalk
887.0,121.8833,4.7076,1.50098,0.0,-0.0,176.1181,1.795,stand_5,213.3838,0.0,-0.0,0.0,-0.0,Sidewalk
887.5,121.8833,4.7076,1.53589,0.0,0.06981,176.1181,1.795,stand_5,213.3922,0.0,0.06981,0.0,0.06981,Sidewalk
888.0,121.8833,4.7076,1.53589,0.0,-0.0,176.1181,1.795,stand_5,213.3838,0.0,-0.0,0.0,-0.0,Sidewalk
888.5,121.8833,4.7076,1.5708,0.0,0.06981,176.1181,1.795,stand_5,213.3922,0.0,0.06981,0.0,0.06981,Sidewalk
889.0,121.8833,4.7076,1.5708,0.0,-0.0,176.1181,1.795,stand_5,213.3838,0.0,-0.0,0.0,-0.0,Sidewalk
889.5,121.8833,4.7076,1.6057,0.0,0.06981,176.1181,1.795,stand_5,213.3922,0.0,0.06981,0.0,0.06981,Sidewalk
890.0,121.8833,4.7076,1.6057,0.0,-0.0,176.1181,1.795,stand_5,213.3838,0.0,-0.0,0.0,-0.0,Sidewalk
890.5,121.8833,4.7076,1.64061,0.0,0.06981,176.1181,1.795,stand_5,213.3922,0.0,0.06981,0.0,0.06981,Sidewalk
891.0,121.8833,4.7076,1.64061,0.0,-0.0,176.1181,1.795,stand_5,213.3838,0.0,-0.0,0.0,-0.0,Sidewalk
891.5,121.8833,4.7076,1.67552,0.0,0.06981,176.1181,1.795,stand_5,213.3922,0.0,0.06981,0.0,0.06981,Sidewalk
892.0,121.8833,4.7076,1.67552,0.0,-0.0,176.1181,1.795,stand_5,213.3838,0.0,-0.0,0.0,-0.0,Sidewalk
892.5,121.8833,4.7076,1.71042,0.0,0.06981,176.1181,1.795,stand_5,213.3922,0.0,0.06981,0.0,0.06981,Sidewalk
893.0,121.8833,4.7076,1.71042,0.0,-0.0,176.1181,1.795,stand_5,213.3838,0.0,-0.0,0.0,-0.0,Sidewalk
893.5,121.8833,4.7076,1.74533,0.0,0.06981,176.1181,1.795,stand_5,213.3922,0.0,0.06981,0.0,0.06981,Sidewalk
894.0,121.8833,4.7076,1.74533,0.0,-0.0,176.1181,1.795,stand_5,213.3839,0.0,-0.0,0.0,-0.0,Sidewalk
894.5,121.8833,4.7076,1.78024,0.0,0.06981,176.1181,1.795,stand_5,213.3922,0.0,0.06981,0.0,0.06981,Sidewalk
895.0,121.8833,4.7076,1.78024,0.0,-0.0,176.1181,1.795,stand_5,213.3839,0.0,-0.0,0.0,-0.0,Sidewalk
895.5,121.8833,4.7076,1.81514,0.0,0.06981,176.1181,1.795,stand_5,213.3922,0.0,0.06981,0.0,0.06981,Sidewalk
896.0,121.8833,4.7076,1.81514,0.0,-0.0,176.1181,1.795,stand_5,213.3839,0.0,-0.0,0.0,-0.0,Sidewalk
896.5,121.8833,4.7076,1.85005,0.0,0.06981,176.1181,1.795,stand_5,213.3922,0.0,0.06981,0.0,0.06981,Sidewalk
897.0,121.8833,4.7076,1.85005,0.0,-0.0,176.1181,1.795,stand_5,213.3839,0.0,-0.0,0.0,-0.0,Sidewalk
897.5,121.8833,4.7076,1.88496,0.0,0.06981,176.1181,1.795,stand_5,213.3922,0.0,0.06981,0.0,0.06981,Sidewalk
898.0,121.8833,4.7076,1.88496,0.0,-0.0,176.1181,1.795,stand_5,213.3839,0.0,-0.0,0.0,-0.0,Sidewalk
898.5,121.8833,4.7076,1.91986,0.0,0.06981,176.1181,1.795,stand_5,213.3923,0.0,0.06981,0.0,0.06981,Sidewalk
899.0,121.8833,4.7076,1.91986,0.0,-0.0,176.1181,1.795,stand_5,213.3839,0.0,-0.0,0.0,-0.0,Sidewalk
899.5,121.8833,4.7076,1.95477,0.0,0.06981,176.1181,1.795,stand_5,213.3923,0.0,0.06981,0.0,0.06981,Sidewalk
900.0,121.8833,4.7076,1.95477,0.0,-0.0,176.1181,1.795,stand_5,213.3839,0.0,-0.0,0.0,-0.0,Sidewalk
900.5,121.8833,4.7076,1.98968,0.0,0.06981,176.1181,1.795,stand_5,213.3923,0.0,0.06981,0.0,0.06981,Sidewalk
