time,x,y,yaw,v,w,goal_distance,min_person_dist,closest_person,total_cost,action_linear_x,action_angular_z,observation_state_linear_x,observation_state_angular_z,observation_state_road_type
0.5,2.1499,3.9948,-0.03491,0.3,-0.06981,295.8501,2.8502,walk_east_mid.0,590.7342,0.3,-0.06981,0.3,-0.06981,Sidewalk
1.0,2.4499,3.9948,0.0,0.6,0.06981,295.5501,3.0614,walk_east_mid.0,588.4526,0.6,0.06981,0.6,0.06981,Sidewalk
1.5,2.8489,3.9669,-0.06981,0.8,-0.13963,295.1511,3.0643,walk_east_up.0,587.1558,0.8,-0.13963,0.8,-0.13963,Sidewalk
2.0,3.2467,3.9251,-0.10472,0.8,-0.06981,294.7533,3.1027,walk_east_up.0,586.1191,0.8,-0.06981,0.8,-0.06981,Sidewalk
2.5,3.6657,3.8958,-0.06981,0.84,0.06981,294.3343,3.1146,walk_east_up.0,585.1534,0.84,0.06981,0.84,0.06981,Sidewalk
3.0,4.0747,3.8672,-0.06981,0.82,-0.0,293.9253,3.1433,walk_east_up.0,584.1905,0.82,-0.0,0.82,-0.0,Sidewalk
3.5,4.5024,3.8222,-0.10472,0.86,-0.06981,293.4977,3.1344,walk_east_up.0,583.2833,0.86,-0.06981,0.86,-0.06981,Sidewalk
4.0,4.9612,3.7901,-0.06981,0.92,0.06981,293.0388,3.1306,walk_east_up.0,582.1842,0.92,0.06981,0.92,0.06981,Sidewalk
4.5,5.4002,3.7594,-0.06981,0.88,-0.0,292.5999,3.1179,walk_east_up.0,581.1718,0.88,-0.0,0.88,-0.0,Sidewalk
5.0,5.8577,3.7113,-0.10472,0.92,-0.06981,292.1425,3.145,walk_east_up.0,580.2529,0.92,-0.06981,0.92,-0.06981,Sidewalk
5.5,6.3165,3.6793,-0.06981,0.92,0.06981,291.6836,3.1683,walk_east_up.0,579.1658,0.92,0.06981,0.92,0.06981,Sidewalk
6.0,6.7555,3.6486,-0.06981,0.88,-0.0,291.2448,3.1861,walk_east_up.0,578.4272,0.88,-0.0,0.88,-0.0,Sidewalk
6.5,7.2452,3.6315,-0.03491,0.98,0.06981,290.7551,3.1643,walk_east_up.0,577.2868,0.98,0.06981,0.98,0.06981,Sidewalk
7.0,7.6849,3.6161,-0.03491,0.88,-0.0,290.3154,3.1178,walk_east_up.0,576.5698,0.88,-0.0,0.88,-0.0,Sidewalk
7.5,8.1438,3.584,-0.06981,0.92,-0.06981,289.8565,3.1155,walk_east_up.0,575.5627,0.92,-0.06981,0.92,-0.06981,Sidewalk
8.0,8.6235,3.5673,-0.03491,0.96,0.06981,289.3768,3.0453,walk_east_up.0,574.3928,0.96,0.06981,0.96,0.06981,Sidewalk
8.5,9.0732,3.5516,-0.03491,0.9,-0.0,288.9271,3.0108,walk_east_up.0,573.6485,0.9,-0.0,0.9,-0.0,Sidewalk
9.0,9.5732,3.5516,0.0,1.0,0.06981,288.4271,2.9798,walk_east_up.0,572.4339,1.0,0.06981,1.0,0.06981,Sidewalk
9.5,10.0232,3.5516,0.0,0.9,-0.0,287.9771,2.9843,walk_east_up.0,571.8716,0.9,-0.0,0.9,-0.0,Sidewalk
10.0,10.4829,3.5355,-0.03491,0.92,-0.06981,287.5174,2.929,walk_east_up.0,570.8942,0.92,-0.06981,0.92,-0.06981,Sidewalk
10.5,10.9829,3.5355,0.0,1.0,0.06981,287.0174,2.8998,walk_east_up.0,569.5293,1.0,0.06981,1.0,0.06981,Sidewalk
11.0,11.4429,3.5355,0.0,0.92,-0.0,286.5574,2.9044,walk_east_up.0,568.8711,0.92,-0.0,0.92,-0.0,Sidewalk
11.5,11.9126,3.5191,-0.03491,0.94,-0.06981,286.0878,2.8798,walk_east_up.0,567.8662,0.94,-0.06981,0.94,-0.06981,Sidewalk
12.0,12.4026,3.5191,0.0,0.98,0.06981,285.5978,2.8555,walk_east_up.0,566.7067,0.98,0.06981,0.98,0.06981,Sidewalk
12.5,12.8526,3.5191,0.0,0.9,-0.0,285.1478,2.8183,walk_east_up.0,566.134,0.9,-0.0,0.9,-0.0,Sidewalk
13.0,13.3523,3.5366,0.03491,1.0,0.06981,284.648,2.768,walk_east_up.0,564.8889,1.0,0.06981,1.0,0.06981,Sidewalk
13.5,13.8021,3.5523,0.03491,0.9,-0.0,284.1983,2.7005,walk_east_up.0,564.2324,0.9,-0.0,0.9,-0.0,Sidewalk
14.0,14.2521,3.5523,0.0,0.9,-0.06981,283.7483,2.7028,walk_east_up.0,563.3986,0.9,-0.06981,0.9,-0.06981,Sidewalk
14.5,14.7518,3.5697,0.03491,1.0,0.06981,283.2486,2.6544,walk_east_up.0,562.2161,1.0,0.06981,1.0,0.06981,Sidewalk
15.0,15.2015,3.5854,0.03491,0.9,-0.0,282.7988,2.5905,walk_east_up.0,561.3979,0.9,-0.0,0.9,-0.0,Sidewalk
15.5,15.6415,3.5854,0.0,0.88,-0.06981,282.3588,2.5962,walk_east_up.0,560.6929,0.88,-0.06981,0.88,-0.06981,Sidewalk
16.0,16.1412,3.6029,0.03491,1.0,0.06981,281.8591,2.5116,walk_east_up.0,559.4686,1.0,0.06981,1.0,0.06981,Sidewalk
16.5,16.5909,3.6186,0.03491,0.9,-0.0,281.4094,2.5134,walk_east_up.0,558.6435,0.9,-0.0,0.9,-0.0,Sidewalk
17.0,17.0409,3.6186,0.0,0.9,-0.06981,280.9594,2.5015,walk_east_up.0,557.826,0.9,-0.06981,0.9,-0.06981,Sidewalk
17.5,17.5406,3.636,0.03491,1.0,0.06981,280.4596,2.398,walk_east_up.0,556.6394,1.0,0.06981,1.0,0.06981,Sidewalk
18.0,18.0003,3.6521,0.03491,0.92,-0.0,279.9999,2.3518,walk_east_up.0,555.7117,0.92,-0.0,0.92,-0.0,Sidewalk
18.5,18.4503,3.6521,0.0,0.9,-0.06981,279.5499,2.3257,walk_east_up.0,554.9826,0.9,-0.06981,0.9,-0.06981,Sidewalk
19.0,18.95,3.6695,0.03491,1.0,0.06981,279.0502,2.2712,walk_east_up.0,553.8022,1.0,0.06981,1.0,0.06981,Sidewalk
19.5,19.4197,3.6859,0.03491,0.94,-0.0,278.5804,2.2102,walk_east_up.0,552.8001,0.94,-0.0,0.94,-0.0,Sidewalk
20.0,19.8797,3.6859,0.0,0.92,-0.06981,278.1204,2.2122,walk_east_up.0,552.0504,0.92,-0.06981,0.92,-0.06981,Sidewalk
20.5,20.3794,3.7034,0.03491,1.0,0.06981,277.6207,2.1125,walk_east_up.0,551.0663,1.0,0.06981,1.0,0.06981,Sidewalk
21.0,20.8591,3.7201,0.03491,0.96,-0.0,277.141,2.0472,walk_east_up.0,549.7863,0.96,-0.0,0.96,-0.0,Sidewalk
21.5,21.3191,3.7201,0.0,0.92,-0.06981,276.681,2.009,walk_east_up.0,549.1218,0.92,-0.06981,0.92,-0.06981,Sidewalk
22.0,21.8188,3.7376,0.03491,1.0,0.06981,276.1813,1.9399,walk_east_up.0,548.1155,1.0,0.06981,1.0,0.06981,Sidewalk
22.5,22.3085,3.7547,0.03491,0.98,-0.0,275.6916,1.9065,walk_east_up.0,546.8238,0.98,-0.0,0.98,-0.0,Sidewalk
23.0,22.7585,3.7547,0.0,0.9,-0.06981,275.2416,1.8623,walk_east_up.0,546.3554,0.9,-0.06981,0.9,-0.06981,Sidewalk
23.5,23.2582,3.7721,0.03491,1.0,0.06981,274.7419,1.7816,walk_east_up.0,545.257,1.0,0.06981,1.0,0.06981,Sidewalk
24.0,23.7479,3.7892,0.03491,0.98,-0.0,274.2522,1.7486,walk_east_up.0,544.0405,0.98,-0.0,0.98,-0.0,Sidewalk
24.5,24.1979,3.7892,0.0,0.9,-0.06981,273.8022,1.7372,walk_east_up.0,543.4873,0.9,-0.06981,0.9,-0.06981,Sidewalk
25.0,24.6976,3.8067,0.03491,1.0,0.06981,273.3024,1.6431,walk_east_up.0,542.5226,1.0,0.06981,1.0,0.06981,Sidewalk
25.5,25.1773,3.8234,0.03491,0.96,-0.0,272.8227,1.5552,walk_east_up.0,541.3331,0.96,-0.0,0.96,-0.0,Sidewalk
26.0,25.6073,3.8234,0.0,0.86,-0.06981,272.3927,1.5467,walk_east_up.0,540.9513,0.86,-0.06981,0.86,-0.06981,Sidewalk
26.5,26.107,3.8409,0.03491,1.0,0.06981,271.893,1.4857,walk_east_up.0,539.6546,1.0,0.06981,1.0,0.06981,Sidewalk
27.0,26.5967,3.858,0.03491,0.98,-0.0,271.4033,1.4015,walk_east_up.0,538.4165,0.98,-0.0,0.98,-0.0,Sidewalk
27.5,27.0467,3.858,0.0,0.9,-0.06981,270.9533,1.3959,walk_east_up.0,537.9479,0.9,-0.06981,0.9,-0.06981,Sidewalk
28.0,27.5464,3.8754,0.03491,1.0,0.06981,270.4536,1.3279,walk_east_up.0,536.8494,1.0,0.06981,1.0,0.06981,Sidewalk
28.5,28.0461,3.8929,0.03491,1.0,-0.0,269.9539,1.246,walk_east_up.0,535.5872,1.0,-0.0,1.0,-0.0,Sidewalk
29.0,28.4961,3.8929,0.0,0.9,-0.06981,269.5039,1.2153,walk_east_up.0,535.0969,0.9,-0.06981,0.9,-0.06981,Sidewalk
29.5,28.9958,3.9103,0.03491,1.0,0.06981,269.0042,1.1265,walk_east_up.0,534.0371,1.0,0.06981,1.0,0.06981,Sidewalk
30.0,29.4955,3.9278,0.03491,1.0,-0.0,268.5045,1.0683,walk_east_up.0,532.6657,1.0,-0.0,1.0,-0.0,Sidewalk
30.5,29.9555,3.9278,0.0,0.92,-0.06981,268.0445,1.0445,walk_east_up.0,532.1436,0.92,-0.06981,0.92,-0.06981,Sidewalk
31.0,30.4552,3.9452,0.03491,1.0,0.06981,267.5448,0.9781,walk_east_up.0,531.0671,1.0,0.06981,1.0,0.06981,Sidewalk
31.5,30.9549,3.9627,0.03491,1.0,-0.0,267.0451,0.9142,walk_east_up.0,530.0454,1.0,-0.0,1.0,-0.0,Sidewalk
32.0,31.4249,3.9627,0.0,0.94,-0.06981,266.5751,0.8873,walk_east_up.0,529.3734,0.94,-0.06981,0.94,-0.06981,Sidewalk
32.5,31.9246,3.9801,0.03491,1.0,0.06981,266.0754,0.8229,walk_east_up.0,528.4372,1.0,0.06981,1.0,0.06981,Sidewalk
33.0,32.4243,3.9976,0.03491,1.0,-0.0,265.5757,0.7924,walk_east_up.0,527.312,1.0,-0.0,1.0,-0.0,Sidewalk
33.5,32.8843,3.9976,0.0,0.92,-0.06981,265.1157,0.7602,walk_east_up.0,526.7166,0.92,-0.06981,0.92,-0.06981,Sidewalk
34.0,33.384,4.015,0.03491,1.0,0.06981,264.616,0.7126,walk_east_up.0,525.4382,1.0,0.06981,1.0,0.06981,Sidewalk
34.5,33.8837,4.0325,0.03491,1.0,-0.0,264.1163,0.6778,walk_east_up.0,524.3974,1.0,-0.0,1.0,-0.0,Sidewalk
35.0,34.3825,4.0674,0.06981,1.0,0.06981,263.6175,0.6248,walk_east_up.0,524.0483,1.0,0.06981,1.0,0.06981,Sidewalk
35.5,34.8812,4.1022,0.06981,1.0,-0.0,263.1188,0.5841,walk_east_up.0,523.5179,1.0,-0.0,1.0,-0.0,Sidewalk
36.0,35.3809,4.1197,0.03491,1.0,-0.06981,262.6191,0.5654,walk_east_up.0,522.9065,1.0,-0.06981,1.0,-0.06981,Sidewalk
36.5,35.8709,4.1197,0.0,0.98,-0.06981,262.1291,0.5667,walk_east_up.0,522.1524,0.98,-0.06981,0.98,-0.06981,Sidewalk
37.0,36.3407,4.1033,-0.03491,0.94,-0.06981,261.6594,0.5839,walk_east_up.0,521.1677,0.94,-0.06981,0.94,-0.06981,Sidewalk
37.5,36.8407,4.1033,0.0,1.0,0.06981,261.1594,0.5987,walk_east_up.0,519.4092,1.0,0.06981,1.0,0.06981,Sidewalk
38.0,37.3407,4.1033,0.0,1.0,-0.0,260.6594,0.6189,walk_east_up.0,518.0612,1.0,-0.0,1.0,-0.0,Sidewalk
38.5,37.8403,4.1207,0.03491,1.0,0.06981,260.1597,0.6392,walk_east_up.0,516.9342,1.0,0.06981,1.0,0.06981,Sidewalk
39.0,38.34,4.1382,0.03491,1.0,-0.0,259.66,0.6431,walk_east_up.0,515.7964,1.0,-0.0,1.0,-0.0,Sidewalk
39.5,38.8388,4.1731,0.06981,1.0,0.06981,259.1612,0.6644,walk_east_up.0,514.7453,1.0,0.06981,1.0,0.06981,Sidewalk
40.0,39.3376,4.2079,0.06981,1.0,-0.0,258.6625,0.6735,walk_east_up.0,513.5459,1.0,-0.0,1.0,-0.0,Sidewalk
40.5,39.8349,4.2602,0.10472,1.0,0.06981,258.1653,0.6745,walk_east_up.0,512.732,1.0,0.06981,1.0,0.06981,Sidewalk
41.0,40.3321,4.3125,0.10472,1.0,-0.0,257.6681,0.731,walk_east_up.0,511.2105,1.0,-0.0,1.0,-0.0,Sidewalk
41.5,40.8309,4.3473,0.06981,1.0,-0.06981,257.1693,0.7489,walk_east_up.0,510.0944,1.0,-0.06981,1.0,-0.06981,Sidewalk
42.0,41.3306,4.3648,0.03491,1.0,-0.06981,256.6697,0.8107,walk_east_up.0,509.0474,1.0,-0.06981,1.0,-0.06981,Sidewalk
42.5,41.8294,4.3997,0.06981,1.0,0.06981,256.1709,0.8866,walk_east_up.0,507.7582,1.0,0.06981,1.0,0.06981,Sidewalk
43.0,42.3282,4.4345,0.06981,1.0,-0.0,255.6722,0.9463,walk_east_up.0,506.4936,1.0,-0.0,1.0,-0.0,Sidewalk
43.5,42.8279,4.452,0.03491,1.0,-0.06981,255.1725,0.9861,walk_east_up.0,505.7091,1.0,-0.06981,1.0,-0.06981,Sidewalk
44.0,43.3279,4.452,0.0,1.0,-0.06981,254.6725,1.0414,walk_east_up.0,505.0807,1.0,-0.06981,1.0,-0.06981,Sidewalk
44.5,43.8276,4.4694,0.03491,1.0,0.06981,254.1729,1.1081,walk_east_up.0,503.341,1.0,0.06981,1.0,0.06981,Sidewalk
45.0,44.3273,4.4869,0.03491,1.0,-0.0,253.6732,1.1651,walk_east_up.0,502.1697,1.0,-0.0,1.0,-0.0,Sidewalk
45.5,44.8273,4.4869,0.0,1.0,-0.06981,253.1732,1.2694,walk_east_up.0,501.8936,1.0,-0.06981,1.0,-0.06981,Sidewalk
46.0,45.327,4.5043,0.03491,1.0,0.06981,252.6736,1.3079,walk_east_up.0,500.1618,1.0,0.06981,1.0,0.06981,Sidewalk
46.5,45.8266,4.5218,0.03491,1.0,-0.0,252.1739,1.3478,walk_east_up.0,499.1241,1.0,-0.0,1.0,-0.0,Sidewalk
47.0,46.3266,4.5218,0.0,1.0,-0.06981,251.6739,1.4111,walk_east_up.0,498.774,1.0,-0.06981,1.0,-0.06981,Sidewalk
47.5,46.7964,4.5382,0.03491,0.94,0.06981,251.2042,1.4779,walk_east_up.0,497.5132,0.94,0.06981,0.94,0.06981,Sidewalk
48.0,47.2961,4.5556,0.03491,1.0,-0.0,250.7046,1.5271,walk_east_up.0,496.1134,1.0,-0.0,1.0,-0.0,Sidewalk
48.5,47.7961,4.5556,0.0,1.0,-0.06981,250.2046,1.6041,walk_east_up.0,495.6861,1.0,-0.06981,1.0,-0.06981,Sidewalk
49.0,48.2958,4.5382,-0.03491,1.0,-0.06981,249.7048,1.6922,walk_east_up.0,495.0423,1.0,-0.06981,1.0,-0.06981,Sidewalk
49.5,48.7958,4.5382,0.0,1.0,0.06981,249.2048,1.7991,walk_east_up.0,493.1153,1.0,0.06981,1.0,0.06981,Sidewalk
50.0,49.2958,4.5382,0.0,1.0,-0.0,248.7048,1.8487,walk_east_up.0,492.1999,1.0,-0.0,1.0,-0.0,Sidewalk
50.5,49.7455,4.5539,0.03491,0.9,0.06981,248.2551,1.8326,walk_east_up.0,491.8372,0.9,0.06981,0.9,0.06981,Sidewalk
51.0,50.2452,4.5714,0.03491,1.0,-0.0,247.7555,1.8849,walk_east_up.0,490.2167,1.0,-0.0,1.0,-0.0,Sidewalk
51.5,50.7452,4.5714,0.0,1.0,-0.06981,247.2555,1.9757,walk_east_up.0,489.6554,1.0,-0.06981,1.0,-0.06981,Sidewalk
52.0,51.2449,4.5539,-0.03491,1.0,-0.06981,246.7558,2.0517,walk_east_up.0,488.9194,1.0,-0.06981,1.0,-0.06981,Sidewalk
52.5,51.7449,4.5539,0.0,1.0,0.06981,246.2558,2.111,walk_east_up.0,487.2249,1.0,0.06981,1.0,0.06981,Sidewalk
53.0,52.2449,4.5539,0.0,1.0,-0.0,245.7558,2.1678,walk_east_up.0,486.2904,1.0,-0.0,1.0,-0.0,Sidewalk
53.5,52.7446,4.5365,-0.03491,1.0,-0.06981,245.256,2.2162,walk_east_up.0,485.9677,1.0,-0.06981,1.0,-0.06981,Sidewalk
54.0,53.2446,4.5365,0.0,1.0,0.06981,244.756,2.311,walk_east_up.0,484.2221,1.0,0.06981,1.0,0.06981,Sidewalk
54.5,53.7446,4.5365,0.0,1.0,-0.0,244.256,2.3454,walk_east_up.0,483.3536,1.0,-0.0,1.0,-0.0,Sidewalk
55.0,54.1943,4.5522,0.03491,0.9,0.06981,243.8063,2.4117,walk_east_up.0,482.951,0.9,0.06981,0.9,0.06981,Sidewalk
55.5,54.694,4.5696,0.03491,1.0,-0.0,243.3067,2.492,walk_east_up.0,481.378,1.0,-0.0,1.0,-0.0,Sidewalk
56.0,55.194,4.5696,0.0,1.0,-0.06981,242.8067,2.5931,walk_east_up.0,480.7539,1.0,-0.06981,1.0,-0.06981,Sidewalk
56.5,55.6937,4.5522,-0.03491,1.0,-0.06981,242.3069,2.691,walk_east_up.0,480.02,1.0,-0.06981,1.0,-0.06981,Sidewalk
57.0,56.1937,4.5522,0.0,1.0,0.06981,241.8069,2.687,walk_east_dn.0,478.3155,1.0,0.06981,1.0,0.06981,Sidewalk
57.5,56.6937,4.5522,0.0,1.0,-0.0,241.307,2.6138,walk_east_dn.0,477.4237,1.0,-0.0,1.0,-0.0,Sidewalk
58.0,57.1934,4.5347,-0.03491,1.0,-0.06981,240.8072,2.5769,walk_east_dn.0,477.0172,1.0,-0.06981,1.0,-0.06981,Sidewalk
58.5,57.6934,4.5347,0.0,1.0,0.06981,240.3072,2.539,walk_east_dn.0,475.3527,1.0,0.06981,1.0,0.06981,Sidewalk
59.0,58.1934,4.5347,0.0,1.0,-0.0,239.8072,2.5221,walk_east_dn.0,474.4204,1.0,-0.0,1.0,-0.0,Sidewalk
59.5,58.6931,4.5173,-0.03491,1.0,-0.06981,239.3075,2.4763,walk_east_dn.0,473.9835,1.0,-0.06981,1.0,-0.06981,Sidewalk
60.0,59.1931,4.5173,0.0,1.0,0.06981,238.8075,2.4399,walk_east_dn.0,472.3834,1.0,0.06981,1.0,0.06981,Sidewalk
60.5,59.6931,4.5173,0.0,1.0,-0.0,238.3075,2.4484,walk_east_dn.0,471.5017,1.0,-0.0,1.0,-0.0,Sidewalk
61.0,60.1628,4.5337,0.03491,0.94,0.06981,237.8378,2.4374,walk_east_dn.0,470.799,0.94,0.06981,0.94,0.06981,Sidewalk
61.5,60.6625,4.5511,0.03491,1.0,-0.0,237.3382,2.453,walk_east_dn.0,469.4984,1.0,-0.0,1.0,-0.0,Sidewalk
62.0,61.1625,4.5511,0.0,1.0,-0.06981,236.8382,2.3958,walk_east_dn.0,468.7818,1.0,-0.06981,1.0,-0.06981,Sidewalk
62.5,61.6622,4.5337,-0.03491,1.0,-0.06981,236.3384,2.3476,walk_east_dn.0,467.885,1.0,-0.06981,1.0,-0.06981,Sidewalk
63.0,62.1622,4.5337,0.0,1.0,0.06981,235.8384,2.3056,walk_east_dn.0,466.4994,1.0,0.06981,1.0,0.06981,Sidewalk
63.5,62.6622,4.5337,0.0,1.0,-0.0,235.3384,2.266,walk_east_dn.0,465.7828,1.0,-0.0,1.0,-0.0,Sidewalk
64.0,63.1519,4.5166,-0.03491,0.98,-0.06981,234.8487,2.2628,walk_east_dn.0,465.1414,0.98,-0.06981,0.98,-0.06981,Sidewalk
64.5,63.6519,4.5166,0.0,1.0,0.06981,234.3487,2.2024,walk_east_dn.0,463.5857,1.0,0.06981,1.0,0.06981,Sidewalk
65.0,64.1519,4.5166,0.0,1.0,-0.0,233.8487,2.1724,walk_east_dn.0,462.8621,1.0,-0.0,1.0,-0.0,Sidewalk
65.5,64.6216,4.533,0.03491,0.94,0.06981,233.379,2.163,walk_east_dn.0,461.9081,0.94,0.06981,0.94,0.06981,Sidewalk
66.0,65.1213,4.5504,0.03491,1.0,-0.0,232.8794,2.1209,walk_east_dn.0,460.7631,1.0,-0.0,1.0,-0.0,Sidewalk
66.5,65.6013,4.5504,0.0,0.96,-0.06981,232.3994,2.0972,walk_east_dn.0,460.214,0.96,-0.06981,0.96,-0.06981,Sidewalk
67.0,66.091,4.5333,-0.03491,0.98,-0.06981,231.9096,2.0572,walk_east_dn.0,459.2406,0.98,-0.06981,0.98,-0.06981,Sidewalk
67.5,66.591,4.5333,0.0,1.0,0.06981,231.4096,2.0056,walk_east_dn.0,457.6752,1.0,0.06981,1.0,0.06981,Sidewalk
68.0,67.091,4.5333,0.0,1.0,-0.0,230.9096,2.0009,walk_east_dn.0,456.9028,1.0,-0.0,1.0,-0.0,Sidewalk
68.5,67.5707,4.5166,-0.03491,0.96,-0.06981,230.4299,1.9554,walk_east_dn.0,456.2998,0.96,-0.06981,0.96,-0.06981,Sidewalk
69.0,68.0707,4.5166,0.0,1.0,0.06981,229.9299,1.9358,walk_east_dn.0,454.7379,1.0,0.06981,1.0,0.06981,Sidewalk
69.5,68.5707,4.5166,0.0,1.0,-0.0,229.4299,1.879,walk_east_dn.0,453.9723,1.0,-0.0,1.0,-0.0,Sidewalk
70.0,69.0404,4.533,0.03491,0.94,0.06981,228.9602,1.8786,walk_east_dn.0,453.1087,0.94,0.06981,0.94,0.06981,Sidewalk
70.5,69.5401,4.5504,0.03491,1.0,-0.0,228.4606,1.8434,walk_east_dn.0,451.8447,1.0,-0.0,1.0,-0.0,Sidewalk
71.0,70.0301,4.5504,0.0,0.98,-0.06981,227.9706,1.8671,walk_east_dn.0,451.2906,0.98,-0.06981,0.98,-0.06981,Sidewalk
71.5,70.5098,4.5337,-0.03491,0.96,-0.06981,227.4908,1.8585,walk_east_dn.0,450.4371,0.96,-0.06981,0.96,-0.06981,Sidewalk
72.0,71.0098,4.5337,0.0,1.0,0.06981,226.9908,1.8614,walk_east_dn.0,448.8748,1.0,0.06981,1.0,0.06981,Sidewalk
72.5,71.5098,4.5337,0.0,1.0,-0.0,226.4908,1.8417,walk_east_dn.0,448.197,1.0,-0.0,1.0,-0.0,Sidewalk
73.0,71.9895,4.5169,-0.03491,0.96,-0.06981,226.0111,1.8175,walk_east_dn.0,447.4823,0.96,-0.06981,0.96,-0.06981,Sidewalk
73.5,72.4895,4.5169,0.0,1.0,0.06981,225.5111,1.807,walk_east_dn.0,445.9118,1.0,0.06981,1.0,0.06981,Sidewalk
74.0,72.9895,4.5169,0.0,1.0,-0.0,225.0111,1.7479,walk_east_dn.0,445.1655,1.0,-0.0,1.0,-0.0,Sidewalk
74.5,73.4592,4.5333,0.03491,0.94,0.06981,224.5414,1.7944,walk_east_dn.0,444.2726,0.94,0.06981,0.94,0.06981,Sidewalk
75.0,73.9589,4.5508,0.03491,1.0,-0.0,224.0417,1.809,walk_east_dn.0,443.0059,1.0,-0.0,1.0,-0.0,Sidewalk
75.5,74.4589,4.5508,0.0,1.0,-0.06981,223.5417,1.7918,walk_east_dn.0,442.2889,1.0,-0.06981,1.0,-0.06981,Sidewalk
76.0,74.9586,4.5333,-0.03491,1.0,-0.06981,223.042,1.7402,walk_east_dn.0,441.3297,1.0,-0.06981,1.0,-0.06981,Sidewalk
76.5,75.4586,4.5333,0.0,1.0,0.06981,222.542,1.685,walk_east_dn.0,439.9044,1.0,0.06981,1.0,0.06981,Sidewalk
77.0,75.9586,4.5333,0.0,1.0,-0.0,222.042,1.6751,walk_east_dn.0,439.0684,1.0,-0.0,1.0,-0.0,Sidewalk
77.5,76.4583,4.5159,-0.03491,1.0,-0.06981,221.5423,1.6336,walk_east_dn.0,438.2341,1.0,-0.06981,1.0,-0.06981,Sidewalk
78.0,76.9583,4.5159,0.0,1.0,0.06981,221.0423,1.6174,walk_east_dn.0,436.9251,1.0,0.06981,1.0,0.06981,Sidewalk
78.5,77.4583,4.5159,0.0,1.0,-0.0,220.5423,1.6176,walk_east_dn.0,436.1856,1.0,-0.0,1.0,-0.0,Sidewalk
79.0,77.928,4.5323,0.03491,0.94,0.06981,220.0726,1.6619,walk_east_dn.0,435.3674,0.94,0.06981,0.94,0.06981,Sidewalk
79.5,78.4277,4.5497,0.03491,1.0,-0.0,219.573,1.6216,walk_east_dn.0,434.0287,1.0,-0.0,1.0,-0.0,Sidewalk
80.0,78.9277,4.5497,0.0,1.0,-0.06981,219.073,1.6046,walk_east_dn.0,433.4164,1.0,-0.06981,1.0,-0.06981,Sidewalk
80.5,79.4274,4.5323,-0.03491,1.0,-0.06981,218.5732,1.5709,walk_east_dn.0,432.4425,1.0,-0.06981,1.0,-0.06981,Sidewalk
81.0,79.9274,4.5323,0.0,1.0,0.06981,218.0732,1.5779,walk_east_dn.0,430.9798,1.0,0.06981,1.0,0.06981,Sidewalk
81.5,80.4274,4.5323,0.0,1.0,-0.0,217.5732,1.5615,walk_east_dn.0,430.1136,1.0,-0.0,1.0,-0.0,Sidewalk
82.0,80.9271,4.5148,-0.03491,1.0,-0.06981,217.0735,1.5398,walk_east_dn.0,429.3131,1.0,-0.06981,1.0,-0.06981,Sidewalk
82.5,81.4271,4.5148,0.0,1.0,0.06981,216.5735,1.5296,walk_east_dn.0,427.9932,1.0,0.06981,1.0,0.06981,Sidewalk
83.0,81.9271,4.5148,0.0,1.0,-0.0,216.0735,1.5111,walk_east_dn.0,427.0963,1.0,-0.0,1.0,-0.0,Sidewalk
83.5,82.4268,4.4974,-0.03491,1.0,-0.06981,215.5738,1.4468,walk_east_dn.0,426.2674,1.0,-0.06981,1.0,-0.06981,Sidewalk
84.0,82.9268,4.4974,0.0,1.0,0.06981,215.0738,1.4126,walk_east_dn.0,425.0001,1.0,0.06981,1.0,0.06981,Sidewalk
84.5,83.4268,4.4974,0.0,1.0,-0.0,214.5738,1.3996,walk_east_dn.0,424.1302,1.0,-0.0,1.0,-0.0,Sidewalk
85.0,83.9165,4.5145,0.03491,0.98,0.06981,214.0841,1.4176,walk_east_dn.0,423.1651,0.98,0.06981,0.98,0.06981,Sidewalk
85.5,84.4162,4.5319,0.03491,1.0,-0.0,213.5844,1.441,walk_east_dn.0,422.0329,1.0,-0.0,1.0,-0.0,Sidewalk
86.0,84.9162,4.5319,0.0,1.0,-0.06981,213.0845,1.4239,walk_east_dn.0,421.2231,1.0,-0.06981,1.0,-0.06981,Sidewalk
86.5,85.4159,4.5145,-0.03491,1.0,-0.06981,212.5847,1.4133,walk_east_dn.0,420.2392,1.0,-0.06981,1.0,-0.06981,Sidewalk
87.0,85.9159,4.5145,0.0,1.0,0.06981,212.0847,1.4094,walk_east_dn.0,419.0167,1.0,0.06981,1.0,0.06981,Sidewalk
87.5,86.4159,4.5145,0.0,1.0,-0.0,211.5847,1.4114,walk_east_dn.0,417.984,1.0,-0.0,1.0,-0.0,Sidewalk
88.0,86.9156,4.497,-0.03491,1.0,-0.06981,211.085,1.3606,walk_east_dn.0,417.2161,1.0,-0.06981,1.0,-0.06981,Sidewalk
88.5,87.4156,4.497,0.0,1.0,0.06981,210.585,1.3566,walk_east_dn.0,416.0438,1.0,0.06981,1.0,0.06981,Sidewalk
89.0,87.9156,4.497,0.0,1.0,-0.0,210.085,1.3382,walk_east_dn.0,415.1206,1.0,-0.0,1.0,-0.0,Sidewalk
89.5,88.4053,4.5141,0.03491,0.98,0.06981,209.5953,1.3203,walk_east_dn.0,414.2172,0.98,0.06981,0.98,0.06981,Sidewalk
90.0,88.905,4.5316,0.03491,1.0,-0.0,209.0957,1.3063,walk_east_dn.0,413.0515,1.0,-0.0,1.0,-0.0,Sidewalk
90.5,89.405,4.5316,0.0,1.0,-0.06981,208.5957,1.315,walk_east_dn.0,412.3247,1.0,-0.06981,1.0,-0.06981,Sidewalk
91.0,89.9047,4.5141,-0.03491,1.0,-0.06981,208.0959,1.3066,walk_east_dn.0,411.2837,1.0,-0.06981,1.0,-0.06981,Sidewalk
91.5,90.4047,4.5141,0.0,1.0,0.06981,207.5959,1.2983,walk_east_dn.0,410.0695,1.0,0.06981,1.0,0.06981,Sidewalk
92.0,90.9047,4.5141,0.0,1.0,-0.0,207.0959,1.2778,walk_east_dn.0,409.0036,1.0,-0.0,1.0,-0.0,Sidewalk
92.5,91.4044,4.4967,-0.03491,1.0,-0.06981,206.5962,1.2416,walk_east_dn.0,408.1319,1.0,-0.06981,1.0,-0.06981,Sidewalk
93.0,91.9044,4.4967,0.0,1.0,0.06981,206.0962,1.2212,walk_east_dn.0,407.0825,1.0,0.06981,1.0,0.06981,Sidewalk
93.5,92.4044,4.4967,0.0,1.0,-0.0,205.5962,1.216,walk_east_dn.0,406.0148,1.0,-0.0,1.0,-0.0,Sidewalk
94.0,92.9041,4.4792,-0.03491,1.0,-0.06981,205.0965,1.1935,walk_east_dn.0,405.1438,1.0,-0.06981,1.0,-0.06981,Sidewalk
94.5,93.4041,4.4792,0.0,1.0,0.06981,204.5965,1.1732,walk_east_dn.0,404.0844,1.0,0.06981,1.0,0.06981,Sidewalk
95.0,93.9041,4.4792,0.0,1.0,-0.0,204.0965,1.1697,walk_east_dn.0,403.016,1.0,-0.0,1.0,-0.0,Sidewalk
95.5,94.4038,4.4967,0.03491,1.0,0.06981,203.5968,1.1819,walk_east_dn.0,402.1142,1.0,0.06981,1.0,0.06981,Sidewalk
96.0,94.9035,4.5141,0.03491,1.0,-0.0,203.0972,8.251,walk_east_up.0,400.3137,1.0,-0.0,1.0,-0.0,Sidewalk
96.5,95.4035,4.5141,0.0,1.0,-0.06981,202.5972,8.3686,walk_east_up.0,399.3481,1.0,-0.06981,1.0,-0.06981,Sidewalk
97.0,95.9032,4.4967,-0.03491,1.0,-0.06981,202.0974,8.4324,walk_east_up.0,398.3726,1.0,-0.06981,1.0,-0.06981,Sidewalk
97.5,96.4032,4.4967,0.0,1.0,0.06981,201.5974,8.4908,walk_east_up.0,397.3828,1.0,0.06981,1.0,0.06981,Sidewalk
98.0,96.9032,4.4967,0.0,1.0,-0.0,201.0974,8.5949,walk_east_up.0,396.2977,1.0,-0.0,1.0,-0.0,Sidewalk
98.5,97.4029,4.4792,-0.03491,1.0,-0.06981,200.5977,8.707,walk_east_up.0,395.3695,1.0,-0.06981,1.0,-0.06981,Sidewalk
99.0,97.9029,4.4792,0.0,1.0,0.06981,200.0977,8.7558,walk_east_up.0,394.3783,1.0,0.06981,1.0,0.06981,Sidewalk
99.5,98.4029,4.4792,0.0,1.0,-0.0,199.5977,8.8517,walk_east_up.0,393.294,1.0,-0.0,1.0,-0.0,Sidewalk
100.0,98.9026,4.4618,-0.03491,1.0,-0.06981,199.098,8.9359,walk_east_up.0,392.367,1.0,-0.06981,1.0,-0.06981,Sidewalk
100.5,99.4026,4.4618,0.0,1.0,0.06981,198.598,8.9673,walk_east_up.0,391.3745,1.0,0.06981,1.0,0.06981,Sidewalk
101.0,99.9026,4.4618,0.0,1.0,-0.0,198.098,9.0774,walk_east_up.0,390.2907,1.0,-0.0,1.0,-0.0,Sidewalk
101.5,100.4023,4.4443,-0.03491,1.0,-0.06981,197.5982,9.1141,walk_south.1,389.365,1.0,-0.06981,1.0,-0.06981,Sidewalk
102.0,100.9023,4.4443,0.0,1.0,0.06981,197.0982,9.1003,walk_south.1,388.3714,1.0,0.06981,1.0,0.06981,Sidewalk
102.5,101.4023,4.4443,0.0,1.0,-0.0,196.5982,9.0867,walk_south.1,387.2893,1.0,-0.0,1.0,-0.0,Sidewalk
103.0,101.902,4.4269,-0.03491,1.0,-0.06981,196.0985,9.0617,walk_south.1,386.3651,1.0,-0.06981,1.0,-0.06981,Sidewalk
103.5,102.402,4.4269,0.0,1.0,0.06981,195.5985,9.0502,walk_south.1,385.3699,1.0,0.06981,1.0,0.06981,Sidewalk
104.0,102.902,4.4269,0.0,1.0,-0.0,195.0985,9.0422,walk_south.1,384.2883,1.0,-0.0,1.0,-0.0,Sidewalk
104.5,103.4017,4.4094,-0.03491,1.0,-0.06981,194.5988,9.0225,walk_south.1,383.365,1.0,-0.06981,1.0,-0.06981,Sidewalk
105.0,103.9017,4.4094,0.0,1.0,0.06981,194.0988,9.02,walk_south.1,382.3683,1.0,0.06981,1.0,0.06981,Sidewalk
105.5,104.4017,4.4094,0.0,1.0,-0.0,193.5988,9.0174,walk_south.1,381.2873,1.0,-0.0,1.0,-0.0,Sidewalk
106.0,104.9013,4.392,-0.03491,1.0,-0.06981,193.0991,8.9981,walk_south.1,380.365,1.0,-0.06981,1.0,-0.06981,Sidewalk
106.5,105.4013,4.392,0.0,1.0,0.06981,192.5991,8.996,walk_south.1,379.3985,1.0,0.06981,1.0,0.06981,Sidewalk
107.0,105.9013,4.392,0.0,1.0,-0.0,192.0991,8.7468,stand_7,378.3287,1.0,-0.0,1.0,-0.0,Sidewalk
107.5,106.401,4.3745,-0.03491,1.0,-0.06981,191.5993,8.2468,stand_7,377.4179,1.0,-0.06981,1.0,-0.06981,Sidewalk
108.0,106.901,4.3745,0.0,1.0,0.06981,191.0993,7.7473,stand_7,376.431,1.0,0.06981,1.0,0.06981,Sidewalk
108.5,107.401,4.3745,0.0,1.0,-0.0,190.5993,7.2479,stand_7,375.3712,1.0,-0.0,1.0,-0.0,Sidewalk
109.0,107.9007,4.3571,-0.03491,1.0,-0.06981,190.0996,6.7479,stand_7,374.4722,1.0,-0.06981,1.0,-0.06981,Sidewalk
109.5,108.4007,4.3571,0.0,1.0,0.06981,189.5996,6.2486,stand_7,373.4976,1.0,0.06981,1.0,0.06981,Sidewalk
110.0,108.9007,4.3571,0.0,1.0,-0.0,189.0996,5.7494,stand_7,372.4687,1.0,-0.0,1.0,-0.0,Sidewalk
110.5,109.4004,4.3396,-0.03491,1.0,-0.06981,188.5999,5.2496,stand_7,371.613,1.0,-0.06981,1.0,-0.06981,Sidewalk
111.0,109.9004,4.3396,0.0,1.0,0.06981,188.0999,4.7507,stand_7,370.6929,1.0,0.06981,1.0,0.06981,Sidewalk
111.5,110.4004,4.3396,0.0,1.0,-0.0,187.5999,4.252,stand_7,369.8944,1.0,-0.0,1.0,-0.0,Sidewalk
112.0,110.9001,4.3571,0.03491,1.0,0.06981,187.1002,3.7555,stand_7,369.1586,1.0,0.06981,1.0,0.06981,Sidewalk
112.5,111.3299,4.3721,0.03491,0.86,-0.0,186.6705,3.3293,stand_7,369.601,0.86,-0.0,0.86,-0.0,Sidewalk
113.0,111.8286,4.407,0.06981,1.0,0.06981,186.1718,2.8385,stand_7,367.7352,1.0,0.06981,1.0,0.06981,Sidewalk
113.5,112.3274,4.4418,0.06981,1.0,-0.0,185.6731,2.3516,stand_7,368.0303,1.0,-0.0,1.0,-0.0,Sidewalk
114.0,112.6954,4.4805,0.10472,0.74,0.06981,185.3052,1.9995,stand_7,367.8218,0.74,0.06981,0.74,0.06981,Sidewalk
114.5,113.1927,4.5328,0.10472,1.0,-0.0,184.8081,1.5372,stand_7,365.8835,1.0,-0.0,1.0,-0.0,Sidewalk
115.0,113.6914,4.5677,0.06981,1.0,-0.06981,184.3094,1.0978,stand_7,366.1575,1.0,-0.06981,1.0,-0.06981,Sidewalk
115.5,114.1911,4.5851,0.03491,1.0,-0.06981,183.8098,0.7256,stand_7,365.1686,1.0,-0.06981,1.0,-0.06981,Sidewalk
116.0,114.6911,4.5851,0.0,1.0,-0.06981,183.3098,0.5724,stand_7,364.1851,1.0,-0.06981,1.0,-0.06981,Sidewalk
116.5,115.1908,4.5677,-0.03491,1.0,-0.06981,182.81,0.7803,stand_7,361.3062,1.0,-0.06981,1.0,-0.06981,Sidewalk
117.0,115.6908,4.5677,0.0,1.0,0.06981,182.31,1.1873,stand_7,359.508,1.0,0.06981,1.0,0.06981,Sidewalk
117.5,116.1908,4.5677,0.0,1.0,-0.0,181.81,1.6464,stand_7,358.1402,1.0,-0.0,1.0,-0.0,Sidewalk
118.0,116.6905,4.5502,-0.03491,1.0,-0.06981,181.3103,2.1192,stand_7,357.0765,1.0,-0.06981,1.0,-0.06981,Sidewalk
118.5,117.1905,4.5502,0.0,1.0,0.06981,180.8103,2.6061,stand_7,356.0154,1.0,0.06981,1.0,0.06981,Sidewalk
119.0,117.6905,4.5502,0.0,1.0,-0.0,180.3103,3.0971,stand_7,354.9595,1.0,-0.0,1.0,-0.0,Sidewalk
119.5,118.1902,4.5328,-0.03491,1.0,-0.06981,179.8106,3.5878,stand_7,354.097,1.0,-0.06981,1.0,-0.06981,Sidewalk
120.0,118.689,4.4979,-0.06981,1.0,-0.06981,179.3117,4.0777,stand_7,353.2804,1.0,-0.06981,1.0,-0.06981,Sidewalk
120.5,119.1863,4.4456,-0.10472,1.0,-0.06981,178.8143,3.8911,stand_10,352.7211,1.0,-0.06981,1.0,-0.06981,Sidewalk
121.0,119.6319,4.383,-0.13963,0.9,-0.06981,178.3685,3.4513,stand_10,352.7993,0.9,-0.06981,0.9,-0.06981,Sidewalk
121.5,120.0061,4.317,-0.17453,0.76,-0.06981,177.9942,3.0859,stand_10,352.9045,0.76,-0.06981,0.76,-0.06981,Sidewalk
122.0,120.3329,4.2711,-0.13963,0.66,0.06981,177.6673,2.7682,stand_10,352.8395,0.66,0.06981,0.66,0.06981,Sidewalk
122.5,120.6399,4.2279,-0.13963,0.62,-0.0,177.3603,2.4727,stand_10,352.5777,0.62,-0.0,0.62,-0.0,Sidewalk
123.0,120.8786,4.2028,-0.10472,0.48,0.06981,177.1215,2.2438,stand_10,352.9359,0.48,0.06981,0.48,0.06981,Sidewalk
123.5,121.2267,4.1663,-0.10472,0.7,-0.0,176.7734,1.9149,stand_10,351.9841,0.7,-0.0,0.7,-0.0,Sidewalk
124.0,121.4574,4.1001,-0.27925,0.48,-0.34907,176.5427,1.7154,stand_10,353.1991,0.48,-0.34907,0.48,-0.34907,Sidewalk
124.5,121.5932,4.0662,-0.24435,0.28,0.06981,176.4068,1.6012,stand_10,352.8022,0.28,0.06981,0.28,0.06981,Sidewalk
125.0,121.8394,4.0228,-0.17453,0.5,0.13963,176.1606,1.3974,stand_10,352.4674,0.5,0.13963,0.5,0.13963,Sidewalk
125.5,122.0573,3.9922,-0.13963,0.44,0.06981,175.9427,1.2019,stand_12,352.4907,0.44,0.06981,0.44,0.06981,Sidewalk
126.0,122.4073,3.9922,-0.0,0.7,0.27925,175.5927,0.9263,stand_12,352.5578,0.7,0.27925,0.7,0.27925,Sidewalk
126.5,122.7156,3.9598,-0.10472,0.62,-0.20944,175.2844,0.7096,stand_12,353.057,0.62,-0.20944,0.62,-0.20944,Sidewalk
127.0,122.8951,3.9724,0.06981,0.36,0.34907,175.1049,0.6513,stand_12,352.9022,0.36,0.34907,0.36,0.34907,Sidewalk
127.5,122.955,3.9765,0.06981,0.12,-0.0,175.045,0.6419,stand_12,352.4196,0.12,-0.0,0.12,-0.0,Sidewalk
128.0,123.0047,3.9818,0.10472,0.1,0.06981,174.9953,0.6401,stand_12,352.4516,0.1,0.06981,0.1,0.06981,Sidewalk
128.5,123.0547,3.9835,0.03491,0.1,-0.13963,174.9453,0.6387,stand_12,352.3907,0.1,-0.13963,0.1,-0.13963,Sidewalk
129.0,123.0946,3.9863,0.06981,0.08,0.06981,174.9054,0.6418,stand_12,352.3798,0.08,0.06981,0.08,0.06981,Sidewalk
129.5,123.1245,3.9884,0.06981,0.06,-0.0,174.8755,0.6457,stand_12,352.3979,0.06,-0.0,0.06,-0.0,Sidewalk
130.0,123.1543,3.9915,0.10472,0.06,0.06981,174.8457,0.652,stand_12,352.3031,0.06,0.06981,0.06,0.06981,Sidewalk
130.5,123.1742,3.9936,0.10472,0.04,-0.0,174.8258,0.6569,stand_12,352.324,0.04,-0.0,0.04,-0.0,Sidewalk
131.0,123.194,3.9964,0.13963,0.04,0.06981,174.806,0.6631,stand_12,352.2426,0.04,0.06981,0.04,0.06981,Sidewalk
131.5,123.2136,4.0006,0.20944,0.04,0.13963,174.7864,0.6711,stand_12,352.2501,0.04,0.13963,0.04,0.13963,Sidewalk
132.0,123.2234,4.0023,0.17453,0.02,-0.06981,174.7766,0.675,stand_12,352.2091,0.02,-0.06981,0.02,-0.06981,Sidewalk
132.5,123.2334,4.0037,0.13963,0.02,-0.06981,174.7667,0.6786,stand_12,352.1604,0.02,-0.06981,0.02,-0.06981,Sidewalk
133.0,123.2432,4.0054,0.17453,0.02,0.06981,174.7568,0.6828,stand_12,352.1388,0.02,0.06981,0.02,0.06981,Sidewalk
133.5,123.2529,4.0078,0.24435,0.02,0.13963,174.7471,0.6876,stand_12,352.1715,0.02,0.13963,0.02,0.13963,Sidewalk
134.0,123.2623,4.0113,0.34907,0.02,0.20944,174.7377,0.6935,stand_12,352.1806,0.02,0.20944,0.02,0.20944,Sidewalk
134.5,123.2623,4.0113,0.34907,0.0,-0.0,174.7377,0.6935,stand_12,352.12,0.0,-0.0,0.0,-0.0,Sidewalk
135.0,123.2623,4.0113,0.31416,0.0,-0.06981,174.7377,0.6935,stand_12,352.1256,0.0,-0.06981,0.0,-0.06981,Sidewalk
135.5,123.2623,4.0113,0.27925,0.0,-0.06981,174.7377,0.6935,stand_12,352.1256,0.0,-0.06981,0.0,-0.06981,Sidewalk
136.0,123.2623,4.0113,0.24435,0.0,-0.06981,174.7377,0.6935,stand_12,352.1256,0.0,-0.06981,0.0,-0.06981,Sidewalk
136.5,123.2623,4.0113,0.20944,0.0,-0.06981,174.7377,0.6935,stand_12,352.1256,0.0,-0.06981,0.0,-0.06981,Sidewalk
137.0,123.2623,4.0113,0.17453,0.0,-0.06981,174.7377,0.6935,stand_12,352.1256,0.0,-0.06981,0.0,-0.06981,Sidewalk
137.5,123.2623,4.0113,0.13963,0.0,-0.06981,174.7377,0.6935,stand_12,352.1256,0.0,-0.06981,0.0,-0.06981,Sidewalk
138.0,123.2623,4.0113,0.10472,0.0,-0.06981,174.7377,0.6935,stand_12,352.1256,0.0,-0.06981,0.0,-0.06981,Sidewalk
138.5,123.2623,4.0113,0.06981,0.0,-0.06981,174.7377,0.6935,stand_12,352.1256,0.0,-0.06981,0.0,-0.06981,Sidewalk
139.0,123.2623,4.0113,0.03491,0.0,-0.06981,174.7377,0.6935,stand_12,352.1256,0.0,-0.06981,0.0,-0.06981,Sidewalk
139.5,123.2623,4.0113,-0.0,0.0,-0.06981,174.7377,0.6935,stand_12,352.1256,0.0,-0.06981,0.0,-0.06981,Sidewalk
140.0,123.2623,4.0113,-0.03491,0.0,-0.06981,174.7377,0.6935,stand_12,352.1256,0.0,-0.06981,0.0,-0.06981,Sidewalk
140.5,123.2623,4.0113,-0.06981,0.0,-0.06981,174.7377,0.6935,stand_12,352.1256,0.0,-0.06981,0.0,-0.06981,Sidewalk
141.0,123.2623,4.0113,-0.10472,0.0,-0.06981,174.7377,0.6935,stand_12,352.1256,0.0,-0.06981,0.0,-0.06981,Sidewalk
141.5,123.2623,4.0113,-0.13963,0.0,-0.06981,174.7377,0.6935,stand_12,352.1256,0.0,-0.06981,0.0,-0.06981,Sidewalk
142.0,123.2623,4.0113,-0.17453,0.0,-0.06981,174.7377,0.6935,stand_12,352.1256,0.0,-0.06981,0.0,-0.06981,Sidewalk
142.5,123.2623,4.0113,-0.20944,0.0,-0.06981,174.7377,0.6935,stand_12,352.1256,0.0,-0.06981,0.0,-0.06981,Sidewalk
143.0,123.2623,4.0113,-0.24435,0.0,-0.06981,174.7377,0.6935,stand_12,352.1256,0.0,-0.06981,0.0,-0.06981,Sidewalk
143.5,123.2623,4.0113,-0.27925,0.0,-0.06981,174.7377,0.6935,stand_12,352.1256,0.0,-0.06981,0.0,-0.06981,Sidewalk
144.0,123.2623,4.0113,-0.31416,0.0,-0.06981,174.7377,0.6935,stand_12,352.1256,0.0,-0.06981,0.0,-0.06981,Sidewalk
144.5,123.2623,4.0113,-0.34907,0.0,-0.06981,174.7377,0.6935,stand_12,352.1256,0.0,-0.06981,0.0,-0.06981,Sidewalk
145.0,123.2623,4.0113,-0.38397,0.0,-0.06981,174.7377,0.6935,stand_12,352.1256,0.0,-0.06981,0.0,-0.06981,Sidewalk
145.5,123.2623,4.0113,-0.41888,0.0,-0.06981,174.7377,0.6935,stand_12,352.1256,0.0,-0.06981,0.0,-0.06981,Sidewalk
146.0,123.2623,4.0113,-0.45379,0.0,-0.06981,174.7377,0.6935,stand_12,352.1256,0.0,-0.06981,0.0,-0.06981,Sidewalk
146.5,123.2623,4.0113,-0.48869,0.0,-0.06981,174.7377,0.6935,stand_12,352.1256,0.0,-0.06981,0.0,-0.06981,Sidewalk
147.0,123.2623,4.0113,-0.5236,0.0,-0.06981,174.7377,0.6935,stand_12,352.1256,0.0,-0.06981,0.0,-0.06981,Sidewalk
147.5,123.2623,4.0113,-0.55851,0.0,-0.06981,174.7377,0.6935,stand_12,352.1256,0.0,-0.06981,0.0,-0.06981,Sidewalk
148.0,123.2623,4.0113,-0.59341,0.0,-0.06981,174.7377,0.6935,stand_12,352.1256,0.0,-0.06981,0.0,-0.06981,Sidewalk
148.5,123.2623,4.0113,-0.62832,0.0,-0.06981,174.7377,0.6935,stand_12,352.1256,0.0,-0.06981,0.0,-0.06981,Sidewalk
149.0,123.2623,4.0113,-0.66323,0.0,-0.06981,174.7377,0.6935,stand_12,352.1256,0.0,-0.06981,0.0,-0.06981,Sidewalk
149.5,123.2623,4.0113,-0.69813,0.0,-0.06981,174.7377,0.6935,stand_12,352.1256,0.0,-0.06981,0.0,-0.06981,Sidewalk
150.0,123.2623,4.0113,-0.73304,0.0,-0.06981,174.7377,0.6935,stand_12,352.1256,0.0,-0.06981,0.0,-0.06981,Sidewalk
150.5,123.2623,4.0113,-0.76794,0.0,-0.06981,174.7377,0.6935,stand_12,352.1256,0.0,-0.06981,0.0,-0.06981,Sidewalk
151.0,123.2623,4.0113,-0.80285,0.0,-0.06981,174.7377,0.6935,stand_12,352.1256,0.0,-0.06981,0.0,-0.06981,Sidewalk
151.5,123.2623,4.0113,-0.83776,0.0,-0.06981,174.7377,0.6935,stand_12,352.1256,0.0,-0.06981,0.0,-0.06981,Sidewalk
152.0,123.2623,4.0113,-0.87266,0.0,-0.06981,174.7377,0.6935,stand_12,352.1256,0.0,-0.06981,0.0,-0.06981,Sidewalk
152.5,123.2623,4.0113,-0.90757,0.0,-0.06981,174.7377,0.6935,stand_12,352.1256,0.0,-0.06981,0.0,-0.06981,Sidewalk
153.0,123.2623,4.0113,-0.94248,0.0,-0.06981,174.7377,0.6935,stand_12,352.1256,0.0,-0.06981,0.0,-0.06981,Sidewalk
153.5,123.2623,4.0113,-0.97738,0.0,-0.06981,174.7377,0.6935,stand_12,352.1256,0.0,-0.06981,0.0,-0.06981,Sidewalk
154.0,123.2623,4.0113,-1.01229,0.0,-0.06981,174.7377,0.6935,stand_12,352.1256,0.0,-0.06981,0.0,-0.06981,Sidewalk
154.5,123.2623,4.0113,-1.0472,0.0,-0.06981,174.7377,0.6935,stand_12,352.1256,0.0,-0.06981,0.0,-0.06981,Sidewalk
155.0,123.2623,4.0113,-1.0821,0.0,-0.06981,174.7377,0.6935,stand_12,352.1256,0.0,-0.06981,0.0,-0.06981,Sidewalk
155.5,123.2623,4.0113,-1.11701,0.0,-0.06981,174.7377,0.6935,stand_12,352.1256,0.0,-0.06981,0.0,-0.06981,Sidewalk
156.0,123.2623,4.0113,-1.15192,0.0,-0.06981,174.7377,0.6935,stand_12,352.1256,0.0,-0.06981,0.0,-0.06981,Sidewalk
156.5,123.2623,4.0113,-1.18682,0.0,-0.06981,174.7377,0.6935,stand_12,352.1256,0.0,-0.06981,0.0,-0.06981,Sidewalk
157.0,123.2623,4.0113,-1.22173,0.0,-0.06981,174.7377,0.6935,stand_12,352.1256,0.0,-0.06981,0.0,-0.06981,Sidewalk
157.5,123.2623,4.0113,-1.25664,0.0,-0.06981,174.7377,0.6935,stand_12,352.1256,0.0,-0.06981,0.0,-0.06981,Sidewalk
158.0,123.2623,4.0113,-1.29154,0.0,-0.06981,174.7377,0.6935,stand_12,352.1256,0.0,-0.06981,0.0,-0.06981,Sidewalk
158.5,123.2623,4.0113,-1.32645,0.0,-0.06981,174.7377,0.6935,stand_12,352.1256,0.0,-0.06981,0.0,-0.06981,Sidewalk
159.0,123.2623,4.0113,-1.36136,0.0,-0.06981,174.7377,0.6935,stand_12,352.1256,0.0,-0.06981,0.0,-0.06981,Sidewalk
159.5,123.2623,4.0113,-1.39626,0.0,-0.06981,174.7377,0.6935,stand_12,352.1256,0.0,-0.06981,0.0,-0.06981,Sidewalk
160.0,123.2623,4.0113,-1.43117,0.0,-0.06981,174.7377,0.6935,stand_12,352.1256,0.0,-0.06981,0.0,-0.06981,Sidewalk
160.5,123.2623,4.0113,-1.46608,0.0,-0.06981,174.7377,0.6935,stand_12,352.1256,0.0,-0.06981,0.0,-0.06981,Sidewalk
161.0,123.2623,4.0113,-1.50098,0.0,-0.06981,174.7377,0.6935,stand_12,352.1256,0.0,-0.06981,0.0,-0.06981,Sidewalk
161.5,123.2623,4.0113,-1.53589,0.0,-0.06981,174.7377,0.6935,stand_12,352.1256,0.0,-0.06981,0.0,-0.06981,Sidewalk
162.0,123.2623,4.0113,-1.5708,0.0,-0.06981,174.7377,0.6935,stand_12,352.1256,0.0,-0.06981,0.0,-0.06981,Sidewalk
162.5,123.2623,4.0113,-1.6057,0.0,-0.06981,174.7377,0.6935,stand_12,352.1256,0.0,-0.06981,0.0,-0.06981,Sidewalk
163.0,123.2623,4.0113,-1.64061,0.0,-0.06981,174.7377,0.6935,stand_12,352.1256,0.0,-0.06981,0.0,-0.06981,Sidewalk
163.5,123.2623,4.0113,-1.67552,0.0,-0.06981,174.7377,0.6935,stand_12,352.1256,0.0,-0.06981,0.0,-0.06981,Sidewalk
164.0,123.2623,4.0113,-1.71042,0.0,-0.06981,174.7377,0.6935,stand_12,352.1256,0.0,-0.06981,0.0,-0.06981,Sidewalk
164.5,123.2623,4.0113,-1.74533,0.0,-0.06981,174.7377,0.6935,stand_12,352.1256,0.0,-0.06981,0.0,-0.06981,Sidewalk
165.0,123.2623,4.0113,-1.78024,0.0,-0.06981,174.7377,0.6935,stand_12,352.1256,0.0,-0.06981,0.0,-0.06981,Sidewalk
165.5,123.2623,4.0113,-1.81514,0.0,-0.06981,174.7377,0.6935,stand_12,352.1256,0.0,-0.06981,0.0,-0.06981,Sidewalk
166.0,123.2623,4.0113,-1.85005,0.0,-0.06981,174.7377,0.6935,stand_12,352.1256,0.0,-0.06981,0.0,-0.06981,Sidewalk
166.5,123.2623,4.0113,-1.88496,0.0,-0.06981,174.7377,0.6935,stand_12,352.1256,0.0,-0.06981,0.0,-0.06981,Sidewalk
167.0,123.2623,4.0113,-1.91986,0.0,-0.06981,174.7377,0.6935,stand_12,352.1256,0.0,-0.06981,0.0,-0.06981,Sidewalk
167.5,123.2623,4.0113,-1.95477,0.0,-0.06981,174.7377,0.6935,stand_12,352.1256,0.0,-0.06981,0.0,-0.06981,Sidewalk
168.0,123.2623,4.0113,-1.98968,0.0,-0.06981,174.7377,0.6935,stand_12,352.1256,0.0,-0.06981,0.0,-0.06981,Sidewalk
168.5,123.2623,4.0113,-2.02458,0.0,-0.06981,174.7377,0.6935,stand_12,352.1256,0.0,-0.06981,0.0,-0.06981,Sidewalk
169.0,123.2623,4.0113,-2.05949,0.0,-0.06981,174.7377,0.6935,stand_12,352.1256,0.0,-0.06981,0.0,-0.06981,Sidewalk
169.5,123.2623,4.0113,-2.0944,0.0,-0.06981,174.7377,0.6935,stand_12,352.1256,0.0,-0.06981,0.0,-0.06981,Sidewalk
170.0,123.2623,4.0113,-2.1293,0.0,-0.06981,174.7377,0.6935,stand_12,352.1256,0.0,-0.06981,0.0,-0.06981,Sidewalk
170.5,123.2623,4.0113,-2.16421,0.0,-0.06981,174.7377,0.6935,stand_12,352.1256,0.0,-0.06981,0.0,-0.06981,Sidewalk
171.0,123.2623,4.0113,-2.19911,0.0,-0.06981,174.7377,0.6935,stand_12,352.1256,0.0,-0.06981,0.0,-0.06981,Sidewalk
171.5,123.2623,4.0113,-2.23402,0.0,-0.06981,174.7377,0.6935,stand_12,352.1256,0.0,-0.06981,0.0,-0.06981,Sidewalk
172.0,123.2623,4.0113,-2.26893,0.0,-0.06981,174.7377,0.6935,stand_12,352.1256,0.0,-0.06981,0.0,-0.06981,Sidewalk
172.5,123.2623,4.0113,-2.30383,0.0,-0.06981,174.7377,0.6935,stand_12,352.1256,0.0,-0.06981,0.0,-0.06981,Sidewalk
173.0,123.2623,4.0113,-2.33874,0.0,-0.06981,174.7377,0.6935,stand_12,352.1256,0.0,-0.06981,0.0,-0.06981,Sidewalk
173.5,123.2623,4.0113,-2.37365,0.0,-0.06981,174.7377,0.6935,stand_12,352.1256,0.0,-0.06981,0.0,-0.06981,Sidewalk
174.0,123.2623,4.0113,-2.40855,0.0,-0.06981,174.7377,0.6935,stand_12,352.1256,0.0,-0.06981,0.0,-0.06981,Sidewalk
174.5,123.2623,4.0113,-2.44346,0.0,-0.06981,174.7377,0.6935,stand_12,352.1256,0.0,-0.06981,0.0,-0.06981,Sidewalk
175.0,123.2623,4.0113,-2.47837,0.0,-0.06981,174.7377,0.6935,stand_12,352.1256,0.0,-0.06981,0.0,-0.06981,Sidewalk
175.5,123.2623,4.0113,-2.51327,0.0,-0.06981,174.7377,0.6935,stand_12,352.1256,0.0,-0.06981,0.0,-0.06981,Sidewalk
176.0,123.2623,4.0113,-2.54818,0.0,-0.06981,174.7377,0.6935,stand_12,352.1256,0.0,-0.06981,0.0,-0.06981,Sidewalk
176.5,123.2623,4.0113,-2.58309,0.0,-0.06981,174.7377,0.6935,stand_12,352.1256,0.0,-0.06981,0.0,-0.06981,Sidewalk
177.0,123.2623,4.0113,-2.61799,0.0,-0.06981,174.7377,0.6935,stand_12,352.1256,0.0,-0.06981,0.0,-0.06981,Sidewalk
177.5,123.2623,4.0113,-2.6529,0.0,-0.06981,174.7377,0.6935,stand_12,352.1256,0.0,-0.06981,0.0,-0.06981,Sidewalk
178.0,123.2623,4.0113,-2.68781,0.0,-0.06981,174.7377,0.6935,stand_12,352.1256,0.0,-0.06981,0.0,-0.06981,Sidewalk
178.5,123.2623,4.0113,-2.72271,0.0,-0.06981,174.7377,0.6935,stand_12,352.1256,0.0,-0.06981,0.0,-0.06981,Sidewalk
179.0,123.2623,4.0113,-2.75762,0.0,-0.06981,174.7377,0.6935,stand_12,352.1256,0.0,-0.06981,0.0,-0.06981,Sidewalk
179.5,123.2623,4.0113,-2.79253,0.0,-0.06981,174.7377,0.6935,stand_12,352.1256,0.0,-0.06981,0.0,-0.06981,Sidewalk
180.0,123.2623,4.0113,-2.82743,0.0,-0.06981,174.7377,0.6935,stand_12,352.1256,0.0,-0.06981,0.0,-0.06981,Sidewalk
180.5,123.2623,4.0113,-2.86234,0.0,-0.06981,174.7377,0.6935,stand_12,352.1256,0.0,-0.06981,0.0,-0.06981,Sidewalk
181.0,123.2623,4.0113,-2.89725,0.0,-0.06981,174.7377,0.6935,stand_12,352.1256,0.0,-0.06981,0.0,-0.06981,Sidewalk
181.5,123.2623,4.0113,-2.93215,0.0,-0.06981,174.7377,0.6935,stand_12,352.1256,0.0,-0.06981,0.0,-0.06981,Sidewalk
182.0,123.2623,4.0113,-2.96706,0.0,-0.06981,174.7377,0.6935,stand_12,352.1256,0.0,-0.06981,0.0,-0.06981,Sidewalk
182.5,123.2623,4.0113,-3.00197,0.0,-0.06981,174.7377,0.6935,stand_12,352.1256,0.0,-0.06981,0.0,-0.06981,Sidewalk
183.0,123.2623,4.0113,-3.03687,0.0,-0.06981,174.7377,0.6935,stand_12,352.1256,0.0,-0.06981,0.0,-0.06981,Sidewalk
183.5,123.2623,4.0113,-3.07178,0.0,-0.06981,174.7377,0.6935,stand_12,352.1256,0.0,-0.06981,0.0,-0.06981,Sidewalk
184.0,123.2623,4.0113,-3.10669,0.0,-0.06981,174.7377,0.6935,stand_12,352.1256,0.0,-0.06981,0.0,-0.06981,Sidewalk
184.5,123.2623,4.0113,3.14159,0.0,-0.06981,174.7377,0.6935,stand_12,352.1256,0.0,-0.06981,0.0,-0.06981,Sidewalk
185.0,123.2623,4.0113,3.10669,0.0,-0.06981,174.7377,0.6935,stand_12,352.1256,0.0,-0.06981,0.0,-0.06981,Sidewalk
185.5,123.2623,4.0113,3.07178,0.0,-0.06981,174.7377,0.6935,stand_12,352.1256,0.0,-0.06981,0.0,-0.06981,Sidewalk
186.0,123.2623,4.0113,3.03687,0.0,-0.06981,174.7377,0.6935,stand_12,352.1256,0.0,-0.06981,0.0,-0.06981,Sidewalk
186.5,123.2623,4.0113,3.00197,0.0,-0.06981,174.7377,0.6935,stand_12,352.1256,0.0,-0.06981,0.0,-0.06981,Sidewalk
187.0,123.2623,4.0113,2.96706,0.0,-0.06981,174.7377,0.6935,stand_12,352.1256,0.0,-0.06981,0.0,-0.06981,Sidewalk
187.5,123.2623,4.0113,2.93215,0.0,-0.06981,174.7377,0.6935,stand_12,352.1256,0.0,-0.06981,0.0,-0.06981,Sidewalk
188.0,123.2623,4.0113,2.89725,0.0,-0.06981,174.7377,0.6935,stand_12,352.1256,0.0,-0.06981,0.0,-0.06981,Sidewalk
188.5,123.2623,4.0113,2.86234,0.0,-0.06981,174.7377,0.6935,stand_12,352.1256,0.0,-0.06981,0.0,-0.06981,Sidewalk
189.0,123.2623,4.0113,2.82743,0.0,-0.06981,174.7377,0.6935,stand_12,352.1256,0.0,-0.06981,0.0,-0.06981,Sidewalk
189.5,123.2623,4.0113,2.79253,0.0,-0.06981,174.7377,0.6935,stand_12,352.1256,0.0,-0.06981,0.0,-0.06981,Sidewalk
190.0,123.2623,4.0113,2.75762,0.0,-0.06981,174.7377,0.6935,stand_12,352.1256,0.0,-0.06981,0.0,-0.06981,Sidewalk
190.5,123.2623,4.0113,2.72271,0.0,-0.06981,174.7377,0.6935,stand_12,352.1256,0.0,-0.06981,0.0,-0.06981,Sidewalk
191.0,123.2623,4.0113,2.68781,0.0,-0.06981,174.7377,0.6935,stand_12,352.1256,0.0,-0.06981,0.0,-0.06981,Sidewalk
191.5,123.2623,4.0113,2.6529,0.0,-0.06981,174.7377,0.6935,stand_12,352.1256,0.0,-0.06981,0.0,-0.06981,Sidewalk
192.0,123.2623,4.0113,2.61799,0.0,-0.06981,174.7377,0.6935,stand_12,352.1256,0.0,-0.06981,0.0,-0.06981,Sidewalk
192.5,123.2623,4.0113,2.58309,0.0,-0.06981,174.7377,0.6935,stand_12,352.1256,0.0,-0.06981,0.0,-0.06981,Sidewalk
193.0,123.2623,4.0113,2.54818,0.0,-0.06981,174.7377,0.6935,stand_12,352.1256,0.0,-0.06981,0.0,-0.06981,Sidewalk
193.5,123.2623,4.0113,2.51327,0.0,-0.06981,174.7377,0.6935,stand_12,352.1256,0.0,-0.06981,0.0,-0.06981,Sidewalk
194.0,123.2623,4.0113,2.47837,0.0,-0.06981,174.7377,0.6935,stand_12,352.1256,0.0,-0.06981,0.0,-0.06981,Sidewalk
194.5,123.2623,4.0113,2.44346,0.0,-0.06981,174.7377,0.6935,stand_12,352.1256,0.0,-0.06981,0.0,-0.06981,Sidewalk
195.0,123.2623,4.0113,2.40855,0.0,-0.06981,174.7377,0.6935,stand_12,352.1256,0.0,-0.06981,0.0,-0.06981,Sidewalk
195.5,123.2623,4.0113,2.37365,0.0,-0.06981,174.7377,0.6935,stand_12,352.1256,0.0,-0.06981,0.0,-0.06981,Sidewalk
196.0,123.2623,4.0113,2.33874,0.0,-0.06981,174.7377,0.6935,stand_12,352.1256,0.0,-0.06981,0.0,-0.06981,Sidewalk
196.5,123.2623,4.0113,2.30383,0.0,-0.06981,174.7377,0.6935,stand_12,352.1256,0.0,-0.06981,0.0,-0.06981,Sidewalk
197.0,123.2623,4.0113,2.26893,0.0,-0.06981,174.7377,0.6935,stand_12,352.1256,0.0,-0.06981,0.0,-0.06981,Sidewalk
197.5,123.2623,4.0113,2.23402,0.0,-0.06981,174.7377,0.6935,stand_12,352.1256,0.0,-0.06981,0.0,-0.06981,Sidewalk
198.0,123.2623,4.0113,2.19911,0.0,-0.06981,174.7377,0.6935,stand_12,352.1256,0.0,-0.06981,0.0,-0.06981,Sidewalk
198.5,123.2623,4.0113,2.16421,0.0,-0.06981,174.7377,0.6935,stand_12,352.1256,0.0,-0.06981,0.0,-0.06981,Sidewalk
199.0,123.2623,4.0113,2.1293,0.0,-0.06981,174.7377,0.6935,stand_12,352.1256,0.0,-0.06981,0.0,-0.06981,Sidewalk
199.5,123.2623,4.0113,2.0944,0.0,-0.06981,174.7377,0.6935,stand_12,352.1256,0.0,-0.06981,0.0,-0.06981,Sidewalk
200.0,123.2623,4.0113,2.05949,0.0,-0.06981,174.7377,0.6935,stand_12,352.1256,0.0,-0.06981,0.0,-0.06981,Sidewalk
200.5,123.2623,4.0113,2.02458,0.0,-0.06981,174.7377,0.6935,stand_12,352.1256,0.0,-0.06981,0.0,-0.06981,Sidewalk
201.0,123.2623,4.0113,1.98968,0.0,-0.06981,174.7377,0.6935,stand_12,352.1256,0.0,-0.06981,0.0,-0.06981,Sidewalk
201.5,123.2623,4.0113,1.95477,0.0,-0.06981,174.7377,0.6935,stand_12,352.1256,0.0,-0.06981,0.0,-0.06981,Sidewalk
202.0,123.2623,4.0113,1.91986,0.0,-0.06981,174.7377,0.6935,stand_12,352.1256,0.0,-0.06981,0.0,-0.06981,Sidewalk
202.5,123.2623,4.0113,1.88496,0.0,-0.06981,174.7377,0.6935,stand_12,352.1256,0.0,-0.06981,0.0,-0.06981,Sidewalk
203.0,123.2623,4.0113,1.85005,0.0,-0.06981,174.7377,0.6935,stand_12,352.1256,0.0,-0.06981,0.0,-0.06981,Sidewalk
203.5,123.2623,4.0113,1.81514,0.0,-0.06981,174.7377,0.6935,stand_12,352.1256,0.0,-0.06981,0.0,-0.06981,Sidewalk
204.0,123.2623,4.0113,1.78024,0.0,-0.06981,174.7377,0.6935,stand_12,352.1256,0.0,-0.06981,0.0,-0.06981,Sidewalk
204.5,123.2623,4.0113,1.74533,0.0,-0.06981,174.7377,0.6935,stand_12,352.1256,0.0,-0.06981,0.0,-0.06981,Sidewalk
205.0,123.2623,4.0113,1.71042,0.0,-0.06981,174.7377,0.6935,stand_12,352.1256,0.0,-0.06981,0.0,-0.06981,Sidewalk
205.5,123.2623,4.0113,1.67552,0.0,-0.06981,174.7377,0.6935,stand_12,352.1256,0.0,-0.06981,0.0,-0.06981,Sidewalk
206.0,123.2623,4.0113,1.64061,0.0,-0.06981,174.7377,0.6935,stand_12,352.1256,0.0,-0.06981,0.0,-0.06981,Sidewalk
206.5,123.2623,4.0113,1.6057,0.0,-0.06981,174.7377,0.6935,stand_12,352.1256,0.0,-0.06981,0.0,-0.06981,Sidewalk
207.0,123.2623,4.0113,1.5708,0.0,-0.06981,174.7377,0.6935,stand_12,352.1256,0.0,-0.06981,0.0,-0.06981,Sidewalk
207.5,123.2623,4.0113,1.53589,0.0,-0.06981,174.7377,0.6935,stand_12,352.1256,0.0,-0.06981,0.0,-0.06981,Sidewalk
208.0,123.2623,4.0113,1.50098,0.0,-0.06981,174.7377,0.6935,stand_12,352.1256,0.0,-0.06981,0.0,-0.06981,Sidewalk
208.5,123.2623,4.0113,1.46608,0.0,-0.06981,174.7377,0.6935,stand_12,352.1256,0.0,-0.06981,0.0,-0.06981,Sidewalk
209.0,123.2623,4.0113,1.43117,0.0,-0.06981,174.7377,0.6935,stand_12,352.1256,0.0,-0.06981,0.0,-0.06981,Sidewalk
209.5,123.2623,4.0113,1.39626,0.0,-0.06981,174.7377,0.6935,stand_12,352.1256,0.0,-0.06981,0.0,-0.06981,Sidewalk
210.0,123.2623,4.0113,1.36136,0.0,-0.06981,174.7377,0.6935,stand_12,352.1256,0.0,-0.06981,0.0,-0.06981,Sidewalk
210.5,123.2623,4.0113,1.32645,0.0,-0.06981,174.7377,0.6935,stand_12,352.1256,0.0,-0.06981,0.0,-0.06981,Sidewalk
211.0,123.2623,4.0113,1.29154,0.0,-0.06981,174.7377,0.6935,stand_12,352.1256,0.0,-0.06981,0.0,-0.06981,Sidewalk
211.5,123.2623,4.0113,1.25664,0.0,-0.06981,174.7377,0.6935,stand_12,352.1256,0.0,-0.06981,0.0,-0.06981,Sidewalk
212.0,123.2623,4.0113,1.22173,0.0,-0.06981,174.7377,0.6935,stand_12,352.1256,0.0,-0.06981,0.0,-0.06981,Sidewalk
212.5,123.2623,4.0113,1.18682,0.0,-0.06981,174.7377,0.6935,stand_12,352.1256,0.0,-0.06981,0.0,-0.06981,Sidewalk
213.0,123.2623,4.0113,1.15192,0.0,-0.06981,174.7377,0.6935,stand_12,352.1256,0.0,-0.06981,0.0,-0.06981,Sidewalk
213.5,123.2623,4.0113,1.11701,0.0,-0.06981,174.7377,0.6935,stand_12,352.1256,0.0,-0.06981,0.0,-0.06981,Sidewalk
214.0,123.2623,4.0113,1.0821,0.0,-0.06981,174.7377,0.6935,stand_12,352.1256,0.0,-0.06981,0.0,-0.06981,Sidewalk
214.5,123.2623,4.0113,1.0472,0.0,-0.06981,174.7377,0.6935,stand_12,352.1256,0.0,-0.06981,0.0,-0.06981,Sidewalk
215.0,123.2623,4.0113,1.01229,0.0,-0.06981,174.7377,0.6935,stand_12,352.1256,0.0,-0.06981,0.0,-0.06981,Sidewalk
215.5,123.2623,4.0113,0.97738,0.0,-0.06981,174.7377,0.6935,stand_12,352.1256,0.0,-0.06981,0.0,-0.06981,Sidewalk
216.0,123.2623,4.0113,0.94248,0.0,-0.06981,174.7377,0.6935,stand_12,352.1256,0.0,-0.06981,0.0,-0.06981,Sidewalk
216.5,123.2623,4.0113,0.90757,0.0,-0.06981,174.7377,0.6935,stand_12,352.1256,0.0,-0.06981,0.0,-0.06981,Sidewalk
217.0,123.2623,4.0113,0.87266,0.0,-0.06981,174.7377,0.6935,stand_12,352.1256,0.0,-0.06981,0.0,-0.06981,Sidewalk
217.5,123.2623,4.0113,0.83776,0.0,-0.06981,174.7377,0.6935,stand_12,352.1256,0.0,-0.06981,0.0,-0.06981,Sidewalk
218.0,123.2623,4.0113,0.80285,0.0,-0.06981,174.7377,0.6935,stand_12,352.1256,0.0,-0.06981,0.0,-0.06981,Sidewalk
218.5,123.2623,4.0113,0.76794,0.0,-0.06981,174.7377,0.6935,stand_12,352.1256,0.0,-0.06981,0.0,-0.06981,Sidewalk
219.0,123.2623,4.0113,0.73304,0.0,-0.06981,174.7377,0.6935,stand_12,352.1256,0.0,-0.06981,0.0,-0.06981,Sidewalk
219.5,123.2623,4.0113,0.69813,0.0,-0.06981,174.7377,0.6935,stand_12,352.1256,0.0,-0.06981,0.0,-0.06981,Sidewalk
220.0,123.2623,4.0113,0.66323,0.0,-0.06981,174.7377,0.6935,stand_12,352.1256,0.0,-0.06981,0.0,-0.06981,Sidewalk
220.5,123.2623,4.0113,0.62832,0.0,-0.06981,174.7377,0.6935,stand_12,352.1256,0.0,-0.06981,0.0,-0.06981,Sidewalk
221.0,123.2623,4.0113,0.59341,0.0,-0.06981,174.7377,0.6935,stand_12,352.1256,0.0,-0.06981,0.0,-0.06981,Sidewalk
221.5,123.2623,4.0113,0.55851,0.0,-0.06981,174.7377,0.6935,stand_12,352.1256,0.0,-0.06981,0.0,-0.06981,Sidewalk
222.0,123.2623,4.0113,0.5236,0.0,-0.06981,174.7377,0.6935,stand_12,352.1256,0.0,-0.06981,0.0,-0.06981,Sidewalk
222.5,123.2623,4.0113,0.48869,0.0,-0.06981,174.7377,0.6935,stand_12,352.1256,0.0,-0.06981,0.0,-0.06981,Sidewalk
223.0,123.2623,4.0113,0.45379,0.0,-0.06981,174.7377,0.6935,stand_12,352.1256,0.0,-0.06981,0.0,-0.06981,Sidewalk
223.5,123.2623,4.0113,0.41888,0.0,-0.06981,174.7377,0.6935,stand_12,352.1256,0.0,-0.06981,0.0,-0.06981,Sidewalk
224.0,123.2623,4.0113,0.38397,0.0,-0.06981,174.7377,0.6935,stand_12,352.1256,0.0,-0.06981,0.0,-0.06981,Sidewalk
224.5,123.2623,4.0113,0.34907,0.0,-0.06981,174.7377,0.6935,stand_12,352.1256,0.0,-0.06981,0.0,-0.06981,Sidewalk
225.0,123.2623,4.0113,0.31416,0.0,-0.06981,174.7377,0.6935,stand_12,352.1256,0.0,-0.06981,0.0,-0.06981,Sidewalk
225.5,123.2623,4.0113,0.27925,0.0,-0.06981,174.7377,0.6935,stand_12,352.1256,0.0,-0.06981,0.0,-0.06981,Sidewalk
226.0,123.2623,4.0113,0.24435,0.0,-0.06981,174.7377,0.6935,stand_12,352.1256,0.0,-0.06981,0.0,-0.06981,Sidewalk
226.5,123.2623,4.0113,0.20944,0.0,-0.06981,174.7377,0.6935,stand_12,352.1256,0.0,-0.06981,0.0,-0.06981,Sidewalk
227.0,123.2623,4.0113,0.17453,0.0,-0.06981,174.7377,0.6935,stand_12,352.1256,0.0,-0.06981,0.0,-0.06981,Sidewalk
227.5,123.2623,4.0113,0.13963,0.0,-0.06981,174.7377,0.6935,stand_12,352.1256,0.0,-0.06981,0.0,-0.06981,Sidewalk
228.0,123.2623,4.0113,0.10472,0.0,-0.06981,174.7377,0.6935,stand_12,352.1256,0.0,-0.06981,0.0,-0.06981,Sidewalk
228.5,123.2623,4.0113,0.06981,0.0,-0.06981,174.7377,0.6935,stand_12,352.1256,0.0,-0.06981,0.0,-0.06981,Sidewalk
229.0,123.2623,4.0113,0.03491,0.0,-0.06981,174.7377,0.6935,stand_12,352.1256,0.0,-0.06981,0.0,-0.06981,Sidewalk
229.5,123.2623,4.0113,0.0,0.0,-0.06981,174.7377,0.6935,stand_12,352.1256,0.0,-0.06981,0.0,-0.06981,Sidewalk
230.0,123.2623,4.0113,-0.03491,0.0,-0.06981,174.7377,0.6935,stand_12,352.1256,0.0,-0.06981,0.0,-0.06981,Sidewalk
230.5,123.2623,4.0113,-0.06981,0.0,-0.06981,174.7377,0.6935,stand_12,352.1256,0.0,-0.06981,0.0,-0.06981,Sidewalk
231.0,123.2623,4.0113,-0.10472,0.0,-0.06981,174.7377,0.6935,stand_12,352.1256,0.0,-0.06981,0.0,-0.06981,Sidewalk
231.5,123.2623,4.0113,-0.13963,0.0,-0.06981,174.7377,0.6935,stand_12,352.1256,0.0,-0.06981,0.0,-0.06981,Sidewalk
232.0,123.2623,4.0113,-0.17453,0.0,-0.06981,174.7377,0.6935,stand_12,352.1256,0.0,-0.06981,0.0,-0.06981,Sidewalk
232.5,123.2623,4.0113,-0.20944,0.0,-0.06981,174.7377,0.6935,stand_12,352.1256,0.0,-0.06981,0.0,-0.06981,Sidewalk
233.0,123.2623,4.0113,-0.24435,0.0,-0.06981,174.7377,0.6935,stand_12,352.1256,0.0,-0.06981,0.0,-0.06981,Sidewalk
233.5,123.2623,4.0113,-0.27925,0.0,-0.06981,174.7377,0.6935,stand_12,352.1256,0.0,-0.06981,0.0,-0.06981,Sidewalk
234.0,123.2623,4.0113,-0.31416,0.0,-0.06981,174.7377,0.6935,stand_12,352.1256,0.0,-0.06981,0.0,-0.06981,Sidewalk
234.5,123.2623,4.0113,-0.34907,0.0,-0.06981,174.7377,0.6935,stand_12,352.1256,0.0,-0.06981,0.0,-0.06981,Sidewalk
235.0,123.2623,4.0113,-0.38397,0.0,-0.06981,174.7377,0.6935,stand_12,352.1256,0.0,-0.06981,0.0,-0.06981,Sidewalk
235.5,123.2623,4.0113,-0.41888,0.0,-0.06981,174.7377,0.6935,stand_12,352.1256,0.0,-0.06981,0.0,-0.06981,Sidewalk
236.0,123.2623,4.0113,-0.45379,0.0,-0.06981,174.7377,0.6935,stand_12,352.1256,0.0,-0.06981,0.0,-0.06981,Sidewalk
236.5,123.2623,4.0113,-0.48869,0.0,-0.06981,174.7377,0.6935,stand_12,352.1256,0.0,-0.06981,0.0,-0.06981,Sidewalk
237.0,123.2623,4.0113,-0.5236,0.0,-0.06981,174.7377,0.6935,stand_12,352.1256,0.0,-0.06981,0.0,-0.06981,Sidewalk
237.5,123.2623,4.0113,-0.55851,0.0,-0.06981,174.7377,0.6935,stand_12,352.1256,0.0,-0.06981,0.0,-0.06981,Sidewalk
238.0,123.2623,4.0113,-0.59341,0.0,-0.06981,174.7377,0.6935,stand_12,352.1256,0.0,-0.06981,0.0,-0.06981,Sidewalk
238.5,123.2623,4.0113,-0.62832,0.0,-0.06981,174.7377,0.6935,stand_12,352.1256,0.0,-0.06981,0.0,-0.06981,Sidewalk
239.0,123.2623,4.0113,-0.66323,0.0,-0.06981,174.7377,0.6935,stand_12,352.1256,0.0,-0.06981,0.0,-0.06981,Sidewalk
239.5,123.2623,4.0113,-0.69813,0.0,-0.06981,174.7377,0.6935,stand_12,352.1256,0.0,-0.06981,0.0,-0.06981,Sidewalk
240.0,123.2623,4.0113,-0.73304,0.0,-0.06981,174.7377,0.6935,stand_12,352.1256,0.0,-0.06981,0.0,-0.06981,Sidewalk
240.5,123.2623,4.0113,-0.76794,0.0,-0.06981,174.7377,0.6935,stand_12,352.1256,0.0,-0.06981,0.0,-0.06981,Sidewalk
241.0,123.2623,4.0113,-0.80285,0.0,-0.06981,174.7377,0.6935,stand_12,352.1256,0.0,-0.06981,0.0,-0.06981,Sidewalk
241.5,123.2623,4.0113,-0.83776,0.0,-0.06981,174.7377,0.6935,stand_12,352.1256,0.0,-0.06981,0.0,-0.06981,Sidewalk
242.0,123.2623,4.0113,-0.87266,0.0,-0.06981,174.7377,0.6935,stand_12,352.1256,0.0,-0.06981,0.0,-0.06981,Sidewalk
242.5,123.2623,4.0113,-0.90757,0.0,-0.06981,174.7377,0.6935,stand_12,352.1256,0.0,-0.06981,0.0,-0.06981,Sidewalk
243.0,123.2623,4.0113,-0.94248,0.0,-0.06981,174.7377,0.6935,stand_12,352.1256,0.0,-0.06981,0.0,-0.06981,Sidewalk
243.5,123.2623,4.0113,-0.97738,0.0,-0.06981,174.7377,0.6935,stand_12,352.1256,0.0,-0.06981,0.0,-0.06981,Sidewalk
244.0,123.2623,4.0113,-1.01229,0.0,-0.06981,174.7377,0.6935,stand_12,352.1256,0.0,-0.06981,0.0,-0.06981,Sidewalk
244.5,123.2623,4.0113,-1.0472,0.0,-0.06981,174.7377,0.6935,stand_12,352.1256,0.0,-0.06981,0.0,-0.06981,Sidewalk
245.0,123.2623,4.0113,-1.0821,0.0,-0.06981,174.7377,0.6935,stand_12,352.1256,0.0,-0.06981,0.0,-0.06981,Sidewalk
245.5,123.2623,4.0113,-1.11701,0.0,-0.06981,174.7377,0.6935,stand_12,352.1256,0.0,-0.06981,0.0,-0.06981,Sidewalk
246.0,123.2623,4.0113,-1.15192,0.0,-0.06981,174.7377,0.6935,stand_12,352.1256,0.0,-0.06981,0.0,-0.06981,Sidewalk
246.5,123.2623,4.0113,-1.18682,0.0,-0.06981,174.7377,0.6935,stand_12,352.1256,0.0,-0.06981,0.0,-0.06981,Sidewalk
247.0,123.2623,4.0113,-1.22173,0.0,-0.06981,174.7377,0.6935,stand_12,352.1256,0.0,-0.06981,0.0,-0.06981,Sidewalk
247.5,123.2623,4.0113,-1.25664,0.0,-0.06981,174.7377,0.6935,stand_12,352.1256,0.0,-0.06981,0.0,-0.06981,Sidewalk
248.0,123.2623,4.0113,-1.29154,0.0,-0.06981,174.7377,0.6935,stand_12,352.1256,0.0,-0.06981,0.0,-0.06981,Sidewalk
248.5,123.2623,4.0113,-1.32645,0.0,-0.06981,174.7377,0.6935,stand_12,352.1256,0.0,-0.06981,0.0,-0.06981,Sidewalk
249.0,123.2623,4.0113,-1.36136,0.0,-0.06981,174.7377,0.6935,stand_12,352.1256,0.0,-0.06981,0.0,-0.06981,Sidewalk
249.5,123.2623,4.0113,-1.39626,0.0,-0.06981,174.7377,0.6935,stand_12,352.1256,0.0,-0.06981,0.0,-0.06981,Sidewalk
250.0,123.2623,4.0113,-1.43117,0.0,-0.06981,174.7377,0.6935,stand_12,352.1256,0.0,-0.06981,0.0,-0.06981,Sidewalk
250.5,123.2623,4.0113,-1.46608,0.0,-0.06981,174.7377,0.6935,stand_12,352.1256,0.0,-0.06981,0.0,-0.06981,Sidewalk
251.0,123.2623,4.0113,-1.50098,0.0,-0.06981,174.7377,0.6935,stand_12,352.1256,0.0,-0.06981,0.0,-0.06981,Sidewalk
251.5,123.2623,4.0113,-1.53589,0.0,-0.06981,174.7377,0.6935,stand_12,352.1256,0.0,-0.06981,0.0,-0.06981,Sidewalk
252.0,123.2623,4.0113,-1.5708,0.0,-0.06981,174.7377,0.6935,stand_12,352.1256,0.0,-0.06981,0.0,-0.06981,Sidewalk
252.5,123.2623,4.0113,-1.6057,0.0,-0.06981,174.7377,0.6935,stand_12,352.1256,0.0,-0.06981,0.0,-0.06981,Sidewalk
253.0,123.2623,4.0113,-1.64061,0.0,-0.06981,174.7377,0.6935,stand_12,352.1256,0.0,-0.06981,0.0,-0.06981,Sidewalk
253.5,123.2623,4.0113,-1.67552,0.0,-0.06981,174.7377,0.6935,stand_12,352.1256,0.0,-0.06981,0.0,-0.06981,Sidewalk
254.0,123.2623,4.0113,-1.71042,0.0,-0.06981,174.7377,0.6935,stand_12,352.1256,0.0,-0.06981,0.0,-0.06981,Sidewalk
254.5,123.2623,4.0113,-1.74533,0.0,-0.06981,174.7377,0.6935,stand_12,352.1256,0.0,-0.06981,0.0,-0.06981,Sidewalk
255.0,123.2623,4.0113,-1.78024,0.0,-0.06981,174.7377,0.6935,stand_12,352.1256,0.0,-0.06981,0.0,-0.06981,Sidewalk
255.5,123.2623,4.0113,-1.81514,0.0,-0.06981,174.7377,0.6935,stand_12,352.1256,0.0,-0.06981,0.0,-0.06981,Sidewalk
256.0,123.2623,4.0113,-1.85005,0.0,-0.06981,174.7377,0.6935,stand_12,352.1256,0.0,-0.06981,0.0,-0.06981,Sidewalk
256.5,123.2623,4.0113,-1.88496,0.0,-0.06981,174.7377,0.6935,stand_12,352.1256,0.0,-0.06981,0.0,-0.06981,Sidewalk
257.0,123.2623,4.0113,-1.91986,0.0,-0.06981,174.7377,0.6935,stand_12,352.1256,0.0,-0.06981,0.0,-0.06981,Sidewalk
257.5,123.2623,4.0113,-1.95477,0.0,-0.06981,174.7377,0.6935,stand_12,352.1256,0.0,-0.06981,0.0,-0.06981,Sidewalk
258.0,123.2623,4.0113,-1.98968,0.0,-0.06981,174.7377,0.6935,stand_12,352.1256,0.0,-0.06981,0.0,-0.06981,Sidewalk
258.5,123.2623,4.0113,-2.02458,0.0,-0.06981,174.7377,0.6935,stand_12,352.1256,0.0,-0.06981,0.0,-0.06981,Sidewalk
259.0,123.2623,4.0113,-2.05949,0.0,-0.06981,174.7377,0.6935,stand_12,352.1256,0.0,-0.06981,0.0,-0.06981,Sidewalk
259.5,123.2623,4.0113,-2.0944,0.0,-0.06981,174.7377,0.6935,stand_12,352.1256,0.0,-0.06981,0.0,-0.06981,Sidewalk
260.0,123.2623,4.0113,-2.1293,0.0,-0.06981,174.7377,0.6935,stand_12,352.1256,0.0,-0.06981,0.0,-0.06981,Sidewalk
260.5,123.2623,4.0113,-2.16421,0.0,-0.06981,174.7377,0.6935,stand_12,352.1256,0.0,-0.06981,0.0,-0.06981,Sidewalk
261.0,123.2623,4.0113,-2.19911,0.0,-0.06981,174.7377,0.6935,stand_12,352.1256,0.0,-0.06981,0.0,-0.06981,Sidewalk
261.5,123.2623,4.0113,-2.23402,0.0,-0.06981,174.7377,0.6935,stand_12,352.1256,0.0,-0.06981,0.0,-0.06981,Sidewalk
262.0,123.2623,4.0113,-2.26893,0.0,-0.06981,174.7377,0.6935,stand_12,352.1256,0.0,-0.06981,0.0,-0.06981,Sidewalk
262.5,123.2623,4.0113,-2.30383,0.0,-0.06981,174.7377,0.6935,stand_12,352.1256,0.0,-0.06981,0.0,-0.06981,Sidewalk
263.0,123.2623,4.0113,-2.33874,0.0,-0.06981,174.7377,0.6935,stand_12,352.1256,0.0,-0.06981,0.0,-0.06981,Sidewalk
263.5,123.2623,4.0113,-2.37365,0.0,-0.06981,174.7377,0.6935,stand_12,352.1256,0.0,-0.06981,0.0,-0.06981,Sidewalk
264.0,123.2623,4.0113,-2.40855,0.0,-0.06981,174.7377,0.6935,stand_12,352.1256,0.0,-0.06981,0.0,-0.06981,Sidewalk
264.5,123.2623,4.0113,-2.44346,0.0,-0.06981,174.7377,0.6935,stand_12,352.1256,0.0,-0.06981,0.0,-0.06981,Sidewalk
265.0,123.2623,4.0113,-2.47837,0.0,-0.06981,174.7377,0.6935,stand_12,352.1256,0.0,-0.06981,0.0,-0.06981,Sidewalk
265.5,123.2623,4.0113,-2.51327,0.0,-0.06981,174.7377,0.6935,stand_12,352.1256,0.0,-0.06981,0.0,-0.06981,Sidewalk
266.0,123.2623,4.0113,-2.54818,0.0,-0.06981,174.7377,0.6935,stand_12,352.1256,0.0,-0.06981,0.0,-0.06981,Sidewalk
266.5,123.2623,4.0113,-2.58309,0.0,-0.06981,174.7377,0.6935,stand_12,352.1256,0.0,-0.06981,0.0,-0.06981,Sidewalk
267.0,123.2623,4.0113,-2.61799,0.0,-0.06981,174.7377,0.6935,stand_12,352.1256,0.0,-0.06981,0.0,-0.06981,Sidewalk
267.5,123.2623,4.0113,-2.6529,0.0,-0.06981,174.7377,0.6935,stand_12,352.1256,0.0,-0.06981,0.0,-0.06981,Sidewalk
268.0,123.2623,4.0113,-2.68781,0.0,-0.06981,174.7377,0.6935,stand_12,352.1256,0.0,-0.06981,0.0,-0.06981,Sidewalk
268.5,123.2623,4.0113,-2.72271,0.0,-0.06981,174.7377,0.6935,stand_12,352.1256,0.0,-0.06981,0.0,-0.06981,Sidewalk
269.0,123.2623,4.0113,-2.75762,0.0,-0.06981,174.7377,0.6935,stand_12,352.1256,0.0,-0.06981,0.0,-0.06981,Sidewalk
269.5,123.2623,4.0113,-2.79253,0.0,-0.06981,174.7377,0.6935,stand_12,352.1256,0.0,-0.06981,0.0,-0.06981,Sidewalk
270.0,123.2623,4.0113,-2.82743,0.0,-0.06981,174.7377,0.6935,stand_12,352.1256,0.0,-0.06981,0.0,-0.06981,Sidewalk
270.5,123.2623,4.0113,-2.86234,0.0,-0.06981,174.7377,0.6935,stand_12,352.1256,0.0,-0.06981,0.0,-0.06981,Sidewalk
271.0,123.2623,4.0113,-2.89725,0.0,-0.06981,174.7377,0.6935,stand_12,352.1256,0.0,-0.06981,0.0,-0.06981,Sidewalk
271.5,123.2623,4.0113,-2.93215,0.0,-0.06981,174.7377,0.6935,stand_12,352.1256,0.0,-0.06981,0.0,-0.06981,Sidewalk
272.0,123.2623,4.0113,-2.96706,0.0,-0.06981,174.7377,0.6935,stand_12,352.1256,0.0,-0.06981,0.0,-0.06981,Sidewalk
272.5,123.2623,4.0113,-3.00197,0.0,-0.06981,174.7377,0.6935,stand_12,352.1256,0.0,-0.06981,0.0,-0.06981,Sidewalk
273.0,123.2623,4.0113,-3.03687,0.0,-0.06981,174.7377,0.6935,stand_12,352.1256,0.0,-0.06981,0.0,-0.06981,Sidewalk
273.5,123.2623,4.0113,-3.07178,0.0,-0.06981,174.7377,0.6935,stand_12,352.1256,0.0,-0.06981,0.0,-0.06981,Sidewalk
274.0,123.2623,4.0113,-3.10669,0.0,-0.06981,174.7377,0.6935,stand_12,352.1256,0.0,-0.06981,0.0,-0.06981,Sidewalk
274.5,123.2623,4.0113,-3.14159,0.0,-0.06981,174.7377,0.6935,stand_12,352.1256,0.0,-0.06981,0.0,-0.06981,Sidewalk
275.0,123.2623,4.0113,3.10669,0.0,-0.06981,174.7377,0.6935,stand_12,352.1256,0.0,-0.06981,0.0,-0.06981,Sidewalk
275.5,123.2623,4.0113,3.07178,0.0,-0.06981,174.7377,0.6935,stand_12,352.1256,0.0,-0.06981,0.0,-0.06981,Sidewalk
276.0,123.2623,4.0113,3.03687,0.0,-0.06981,174.7377,0.6935,stand_12,352.1256,0.0,-0.06981,0.0,-0.06981,Sidewalk
276.5,123.2623,4.0113,3.00197,0.0,-0.06981,174.7377,0.6935,stand_12,352.1256,0.0,-0.06981,0.0,-0.06981,Sidewalk
277.0,123.2623,4.0113,2.96706,0.0,-0.06981,174.7377,0.6935,stand_12,352.1256,0.0,-0.06981,0.0,-0.06981,Sidewalk
277.5,123.2623,4.0113,2.93215,0.0,-0.06981,174.7377,0.6935,stand_12,352.1256,0.0,-0.06981,0.0,-0.06981,Sidewalk
278.0,123.2623,4.0113,2.89725,0.0,-0.06981,174.7377,0.6935,stand_12,352.1256,0.0,-0.06981,0.0,-0.06981,Sidewalk
278.5,123.2623,4.0113,2.86234,0.0,-0.06981,174.7377,0.6935,stand_12,352.1256,0.0,-0.06981,0.0,-0.06981,Sidewalk
279.0,123.2623,4.0113,2.82743,0.0,-0.06981,174.7377,0.6935,stand_12,352.1256,0.0,-0.06981,0.0,-0.06981,Sidewalk
279.5,123.2623,4.0113,2.79253,0.0,-0.06981,174.7377,0.6935,stand_12,352.1256,0.0,-0.06981,0.0,-0.06981,Sidewalk
280.0,123.2623,4.0113,2.75762,0.0,-0.06981,174.7377,0.6935,stand_12,352.1256,0.0,-0.06981,0.0,-0.06981,Sidewalk
280.5,123.2623,4.0113,2.72271,0.0,-0.06981,174.7377,0.6935,stand_12,352.1256,0.0,-0.06981,0.0,-0.06981,Sidewalk
281.0,123.2623,4.0113,2.68781,0.0,-0.06981,174.7377,0.6935,stand_12,352.1256,0.0,-0.06981,0.0,-0.06981,Sidewalk
281.5,123.2623,4.0113,2.6529,0.0,-0.06981,174.7377,0.6935,stand_12,352.1256,0.0,-0.06981,0.0,-0.06981,Sidewalk
282.0,123.2623,4.0113,2.61799,0.0,-0.06981,174.7377,0.6935,stand_12,352.1256,0.0,-0.06981,0.0,-0.06981,Sidewalk
282.5,123.2623,4.0113,2.58309,0.0,-0.06981,174.7377,0.6935,stand_12,352.1256,0.0,-0.06981,0.0,-0.06981,Sidewalk
283.0,123.2623,4.0113,2.54818,0.0,-0.06981,174.7377,0.6935,stand_12,352.1256,0.0,-0.06981,0.0,-0.06981,Sidewalk
283.5,123.2623,4.0113,2.51327,0.0,-0.06981,174.7377,0.6935,stand_12,352.1256,0.0,-0.06981,0.0,-0.06981,Sidewalk
284.0,123.2623,4.0113,2.47837,0.0,-0.06981,174.7377,0.6935,stand_12,352.1256,0.0,-0.06981,0.0,-0.06981,Sidewalk
284.5,123.2623,4.0113,2.44346,0.0,-0.06981,174.7377,0.6935,stand_12,352.1256,0.0,-0.06981,0.0,-0.06981,Sidewalk
285.0,123.2623,4.0113,2.40855,0.0,-0.06981,174.7377,0.6935,stand_12,352.1256,0.0,-0.06981,0.0,-0.06981,Sidewalk
285.5,123.2623,4.0113,2.37365,0.0,-0.06981,174.7377,0.6935,stand_12,352.1256,0.0,-0.06981,0.0,-0.06981,Sidewalk
286.0,123.2623,4.0113,2.33874,0.0,-0.06981,174.7377,0.6935,stand_12,352.1256,0.0,-0.06981,0.0,-0.06981,Sidewalk
286.5,123.2623,4.0113,2.30383,0.0,-0.06981,174.7377,0.6935,stand_12,352.1256,0.0,-0.06981,0.0,-0.06981,Sidewalk
287.0,123.2623,4.0113,2.26893,0.0,-0.06981,174.7377,0.6935,stand_12,352.1256,0.0,-0.06981,0.0,-0.06981,Sidewalk
287.5,123.2623,4.0113,2.23402,0.0,-0.06981,174.7377,0.6935,stand_12,352.1256,0.0,-0.06981,0.0,-0.06981,Sidewalk
288.0,123.2623,4.0113,2.19911,0.0,-0.06981,174.7377,0.6935,stand_12,352.1256,0.0,-0.06981,0.0,-0.06981,Sidewalk
288.5,123.2623,4.0113,2.16421,0.0,-0.06981,174.7377,0.6935,stand_12,352.1256,0.0,-0.06981,0.0,-0.06981,Sidewalk
289.0,123.2623,4.0113,2.1293,0.0,-0.06981,174.7377,0.6935,stand_12,352.1256,0.0,-0.06981,0.0,-0.06981,Sidewalk
289.5,123.2623,4.0113,2.0944,0.0,-0.06981,174.7377,0.6935,stand_12,352.1256,0.0,-0.06981,0.0,-0.06981,Sidewalk
290.0,123.2623,4.0113,2.05949,0.0,-0.06981,174.7377,0.6935,stand_12,352.1256,0.0,-0.06981,0.0,-0.06981,Sidewalk
290.5,123.2623,4.0113,2.02458,0.0,-0.06981,174.7377,0.6935,stand_12,352.1256,0.0,-0.06981,0.0,-0.06981,Sidewalk
291.0,123.2623,4.0113,1.98968,0.0,-0.06981,174.7377,0.6935,stand_12,352.1256,0.0,-0.06981,0.0,-0.06981,Sidewalk
291.5,123.2623,4.0113,1.95477,0.0,-0.06981,174.7377,0.6935,stand_12,352.1256,0.0,-0.06981,0.0,-0.06981,Sidewalk
292.0,123.2623,4.0113,1.91986,0.0,-0.06981,174.7377,0.6935,stand_12,352.1256,0.0,-0.06981,0.0,-0.06981,Sidewalk
292.5,123.2623,4.0113,1.88496,0.0,-0.06981,174.7377,0.6935,stand_12,352.1256,0.0,-0.06981,0.0,-0.06981,Sidewalk
293.0,123.2623,4.0113,1.85005,0.0,-0.06981,174.7377,0.6935,stand_12,352.1256,0.0,-0.06981,0.0,-0.06981,Sidewalk
293.5,123.2623,4.0113,1.81514,0.0,-0.06981,174.7377,0.6935,stand_12,352.1256,0.0,-0.06981,0.0,-0.06981,Sidewalk
294.0,123.2623,4.0113,1.78024,0.0,-0.06981,174.7377,0.6935,stand_12,352.1256,0.0,-0.06981,0.0,-0.06981,Sidewalk
294.5,123.2623,4.0113,1.74533,0.0,-0.06981,174.7377,0.6935,stand_12,352.1256,0.0,-0.06981,0.0,-0.06981,Sidewalk
295.0,123.2623,4.0113,1.71042,0.0,-0.06981,174.7377,0.6935,stand_12,352.1256,0.0,-0.06981,0.0,-0.06981,Sidewalk
295.5,123.2623,4.0113,1.67552,0.0,-0.06981,174.7377,0.6935,stand_12,352.1256,0.0,-0.06981,0.0,-0.06981,Sidewalk
296.0,123.2623,4.0113,1.64061,0.0,-0.06981,174.7377,0.6935,stand_12,352.1256,0.0,-0.06981,0.0,-0.06981,Sidewalk
296.5,123.2623,4.0113,1.6057,0.0,-0.06981,174.7377,0.6935,stand_12,352.1256,0.0,-0.06981,0.0,-0.06981,Sidewalk
297.0,123.2623,4.0113,1.5708,0.0,-0.06981,174.7377,0.6935,stand_12,352.1256,0.0,-0.06981,0.0,-0.06981,Sidewalk
297.5,123.2623,4.0113,1.53589,0.0,-0.06981,174.7377,0.6935,stand_12,352.1256,0.0,-0.06981,0.0,-0.06981,Sidewalk
298.0,123.2623,4.0113,1.50098,0.0,-0.06981,174.7377,0.6935,stand_12,352.1256,0.0,-0.06981,0.0,-0.06981,Sidewalk
298.5,123.2623,4.0113,1.46608,0.0,-0.06981,174.7377,0.6935,stand_12,352.1256,0.0,-0.06981,0.0,-0.06981,Sidewalk
299.0,123.2623,4.0113,1.43117,0.0,-0.06981,174.7377,0.6935,stand_12,352.1256,0.0,-0.06981,0.0,-0.06981,Sidewalk
299.5,123.2623,4.0113,1.39626,0.0,-0.06981,174.7377,0.6935,stand_12,352.1256,0.0,-0.06981,0.0,-0.06981,Sidewalk
300.0,123.2623,4.0113,1.36136,0.0,-0.06981,174.7377,0.6935,stand_12,352.1256,0.0,-0.06981,0.0,-0.06981,Sidewalk
300.5,123.2623,4.0113,1.32645,0.0,-0.06981,174.7377,0.6935,stand_12,352.1256,0.0,-0.06981,0.0,-0.06981,Sidewalk
301.0,123.2623,4.0113,1.29154,0.0,-0.06981,174.7377,0.6935,stand_12,352.1256,0.0,-0.06981,0.0,-0.06981,Sidewalk
301.5,123.2623,4.0113,1.25664,0.0,-0.06981,174.7377,0.6935,stand_12,352.1256,0.0,-0.06981,0.0,-0.06981,Sidewalk
302.0,123.2623,4.0113,1.22173,0.0,-0.06981,174.7377,0.6935,stand_12,352.1256,0.0,-0.06981,0.0,-0.06981,Sidewalk
302.5,123.2623,4.0113,1.18682,0.0,-0.06981,174.7377,0.6935,stand_12,352.1256,0.0,-0.06981,0.0,-0.06981,Sidewalk
303.0,123.2623,4.0113,1.15192,0.0,-0.06981,174.7377,0.6935,stand_12,352.1256,0.0,-0.06981,0.0,-0.06981,Sidewalk
303.5,123.2623,4.0113,1.11701,0.0,-0.06981,174.7377,0.6935,stand_12,352.1256,0.0,-0.06981,0.0,-0.06981,Sidewalk
304.0,123.2623,4.0113,1.0821,0.0,-0.06981,174.7377,0.6935,stand_12,352.1256,0.0,-0.06981,0.0,-0.06981,Sidewalk
304.5,123.2623,4.0113,1.0472,0.0,-0.06981,174.7377,0.6935,stand_12,352.1256,0.0,-0.06981,0.0,-0.06981,Sidewalk
305.0,123.2623,4.0113,1.01229,0.0,-0.06981,174.7377,0.6935,stand_12,352.1255,0.0,-0.06981,0.0,-0.06981,Sidewalk
305.5,123.2623,4.0113,0.97738,0.0,-0.06981,174.7377,0.6935,stand_12,352.1255,0.0,-0.06981,0.0,-0.06981,Sidewalk
306.0,123.2623,4.0113,0.94248,0.0,-0.06981,174.7377,0.6935,stand_12,352.1255,0.0,-0.06981,0.0,-0.06981,Sidewalk
306.5,123.2623,4.0113,0.90757,0.0,-0.06981,174.7377,0.6935,stand_12,352.1255,0.0,-0.06981,0.0,-0.06981,Sidewalk
307.0,123.2623,4.0113,0.87266,0.0,-0.06981,174.7377,0.6935,stand_12,352.1255,0.0,-0.06981,0.0,-0.06981,Sidewalk
307.5,123.2623,4.0113,0.83776,0.0,-0.06981,174.7377,0.6935,stand_12,352.1255,0.0,-0.06981,0.0,-0.06981,Sidewalk
308.0,123.2623,4.0113,0.80285,0.0,-0.06981,174.7377,0.6935,stand_12,352.1255,0.0,-0.06981,0.0,-0.06981,Sidewalk
308.5,123.2623,4.0113,0.76794,0.0,-0.06981,174.7377,0.6935,stand_12,352.1255,0.0,-0.06981,0.0,-0.06981,Sidewalk
309.0,123.2623,4.0113,0.73304,0.0,-0.06981,174.7377,0.6935,stand_12,352.1255,0.0,-0.06981,0.0,-0.06981,Sidewalk
309.5,123.2623,4.0113,0.69813,0.0,-0.06981,174.7377,0.6935,stand_12,352.1255,0.0,-0.06981,0.0,-0.06981,Sidewalk
310.0,123.2623,4.0113,0.66323,0.0,-0.06981,174.7377,0.6935,stand_12,352.1255,0.0,-0.06981,0.0,-0.06981,Sidewalk
310.5,123.2623,4.0113,0.62832,0.0,-0.06981,174.7377,0.6935,stand_12,352.1255,0.0,-0.06981,0.0,-0.06981,Sidewalk
311.0,123.2623,4.0113,0.59341,0.0,-0.06981,174.7377,0.6935,stand_12,352.1255,0.0,-0.06981,0.0,-0.06981,Sidewalk
311.5,123.2623,4.0113,0.55851,0.0,-0.06981,174.7377,0.6935,stand_12,352.1255,0.0,-0.06981,0.0,-0.06981,Sidewalk
312.0,123.2623,4.0113,0.5236,0.0,-0.06981,174.7377,0.6935,stand_12,352.1255,0.0,-0.06981,0.0,-0.06981,Sidewalk
312.5,123.2623,4.0113,0.48869,0.0,-0.06981,174.7377,0.6935,stand_12,352.1255,0.0,-0.06981,0.0,-0.06981,Sidewalk
313.0,123.2623,4.0113,0.45379,0.0,-0.06981,174.7377,0.6935,stand_12,352.1255,0.0,-0.06981,0.0,-0.06981,Sidewalk
313.5,123.2623,4.0113,0.41888,0.0,-0.06981,174.7377,0.6935,stand_12,352.1255,0.0,-0.06981,0.0,-0.06981,Sidewalk
314.0,123.2623,4.0113,0.38397,0.0,-0.06981,174.7377,0.6935,stand_12,352.1255,0.0,-0.06981,0.0,-0.06981,Sidewalk
314.5,123.2623,4.0113,0.34907,0.0,-0.06981,174.7377,0.6935,stand_12,352.1255,0.0,-0.06981,0.0,-0.06981,Sidewalk
315.0,123.2623,4.0113,0.31416,0.0,-0.06981,174.7377,0.6935,stand_12,352.1255,0.0,-0.06981,0.0,-0.06981,Sidewalk
315.5,123.2623,4.0113,0.27925,0.0,-0.06981,174.7377,0.6935,stand_12,352.1255,0.0,-0.06981,0.0,-0.06981,Sidewalk
316.0,123.2623,4.0113,0.24435,0.0,-0.06981,174.7377,0.6935,stand_12,352.1255,0.0,-0.06981,0.0,-0.06981,Sidewalk
316.5,123.2623,4.0113,0.20944,0.0,-0.06981,174.7377,0.6935,stand_12,352.1255,0.0,-0.06981,0.0,-0.06981,Sidewalk
317.0,123.2623,4.0113,0.17453,0.0,-0.06981,174.7377,0.6935,stand_12,352.1255,0.0,-0.06981,0.0,-0.06981,Sidewalk
317.5,123.2623,4.0113,0.13963,0.0,-0.06981,174.7377,0.6935,stand_12,352.1255,0.0,-0.06981,0.0,-0.06981,Sidewalk
318.0,123.2623,4.0113,0.10472,0.0,-0.06981,174.7377,0.6935,stand_12,352.1255,0.0,-0.06981,0.0,-0.06981,Sidewalk
318.5,123.2623,4.0113,0.06981,0.0,-0.06981,174.7377,0.6935,stand_12,352.1255,0.0,-0.06981,0.0,-0.06981,Sidewalk
319.0,123.2623,4.0113,0.03491,0.0,-0.06981,174.7377,0.6935,stand_12,352.1255,0.0,-0.06981,0.0,-0.06981,Sidewalk
319.5,123.2623,4.0113,0.0,0.0,-0.06981,174.7377,0.6935,stand_12,352.1255,0.0,-0.06981,0.0,-0.06981,Sidewalk
320.0,123.2623,4.0113,-0.03491,0.0,-0.06981,174.7377,0.6935,stand_12,352.1255,0.0,-0.06981,0.0,-0.06981,Sidewalk
320.5,123.2623,4.0113,-0.06981,0.0,-0.06981,174.7377,0.6935,stand_12,352.1254,0.0,-0.06981,0.0,-0.06981,Sidewalk
321.0,123.2623,4.0113,-0.10472,0.0,-0.06981,174.7377,0.6935,stand_12,352.1254,0.0,-0.06981,0.0,-0.06981,Sidewalk
321.5,123.2623,4.0113,-0.13963,0.0,-0.06981,174.7377,0.6935,stand_12,352.1254,0.0,-0.06981,0.0,-0.06981,Sidewalk
322.0,123.2623,4.0113,-0.17453,0.0,-0.06981,174.7377,0.6935,stand_12,352.1254,0.0,-0.06981,0.0,-0.06981,Sidewalk
322.5,123.2623,4.0113,-0.20944,0.0,-0.06981,174.7377,0.6935,stand_12,352.1254,0.0,-0.06981,0.0,-0.06981,Sidewalk
323.0,123.2623,4.0113,-0.24435,0.0,-0.06981,174.7377,0.6935,stand_12,352.1254,0.0,-0.06981,0.0,-0.06981,Sidewalk
323.5,123.2623,4.0113,-0.27925,0.0,-0.06981,174.7377,0.6935,stand_12,352.1254,0.0,-0.06981,0.0,-0.06981,Sidewalk
324.0,123.2623,4.0113,-0.31416,0.0,-0.06981,174.7377,0.6935,stand_12,352.1254,0.0,-0.06981,0.0,-0.06981,Sidewalk
324.5,123.2623,4.0113,-0.34907,0.0,-0.06981,174.7377,0.6935,stand_12,352.1254,0.0,-0.06981,0.0,-0.06981,Sidewalk
325.0,123.2623,4.0113,-0.38397,0.0,-0.06981,174.7377,0.6935,stand_12,352.1254,0.0,-0.06981,0.0,-0.06981,Sidewalk
325.5,123.2623,4.0113,-0.41888,0.0,-0.06981,174.7377,0.6935,stand_12,352.1254,0.0,-0.06981,0.0,-0.06981,Sidewalk
326.0,123.2623,4.0113,-0.45379,0.0,-0.06981,174.7377,0.6935,stand_12,352.1254,0.0,-0.06981,0.0,-0.06981,Sidewalk
326.5,123.2623,4.0113,-0.48869,0.0,-0.06981,174.7377,0.6935,stand_12,352.1254,0.0,-0.06981,0.0,-0.06981,Sidewalk
327.0,123.2623,4.0113,-0.5236,0.0,-0.06981,174.7377,0.6935,stand_12,352.1254,0.0,-0.06981,0.0,-0.06981,Sidewalk
327.5,123.2623,4.0113,-0.55851,0.0,-0.06981,174.7377,0.6935,stand_12,352.1254,0.0,-0.06981,0.0,-0.06981,Sidewalk
328.0,123.2623,4.0113,-0.59341,0.0,-0.06981,174.7377,0.6935,stand_12,352.1254,0.0,-0.06981,0.0,-0.06981,Sidewalk
328.5,123.2623,4.0113,-0.62832,0.0,-0.06981,174.7377,0.6935,stand_12,352.1254,0.0,-0.06981,0.0,-0.06981,Sidewalk
329.0,123.2623,4.0113,-0.66323,0.0,-0.06981,174.7377,0.6935,stand_12,352.1254,0.0,-0.06981,0.0,-0.06981,Sidewalk
329.5,123.2623,4.0113,-0.69813,0.0,-0.06981,174.7377,0.6935,stand_12,352.1254,0.0,-0.06981,0.0,-0.06981,Sidewalk
330.0,123.2623,4.0113,-0.73304,0.0,-0.06981,174.7377,0.6935,stand_12,352.1254,0.0,-0.06981,0.0,-0.06981,Sidewalk
330.5,123.2623,4.0113,-0.76794,0.0,-0.06981,174.7377,0.6935,stand_12,352.1254,0.0,-0.06981,0.0,-0.06981,Sidewalk
331.0,123.2623,4.0113,-0.80285,0.0,-0.06981,174.7377,0.6935,stand_12,352.1254,0.0,-0.06981,0.0,-0.06981,Sidewalk
331.5,123.2623,4.0113,-0.83776,0.0,-0.06981,174.7377,0.6935,stand_12,352.1254,0.0,-0.06981,0.0,-0.06981,Sidewalk
332.0,123.2623,4.0113,-0.87266,0.0,-0.06981,174.7377,0.6935,stand_12,352.1254,0.0,-0.06981,0.0,-0.06981,Sidewalk
332.5,123.2623,4.0113,-0.90757,0.0,-0.06981,174.7377,0.6935,stand_12,352.1254,0.0,-0.06981,0.0,-0.06981,Sidewalk
333.0,123.2623,4.0113,-0.94248,0.0,-0.06981,174.7377,0.6935,stand_12,352.1254,0.0,-0.06981,0.0,-0.06981,Sidewalk
333.5,123.2623,4.0113,-0.97738,0.0,-0.06981,174.7377,0.6935,stand_12,352.1254,0.0,-0.06981,0.0,-0.06981,Sidewalk
334.0,123.2623,4.0113,-1.01229,0.0,-0.06981,174.7377,0.6935,stand_12,352.1254,0.0,-0.06981,0.0,-0.06981,Sidewalk
334.5,123.2623,4.0113,-1.0472,0.0,-0.06981,174.7377,0.6935,stand_12,352.1254,0.0,-0.06981,0.0,-0.06981,Sidewalk
335.0,123.2623,4.0113,-1.0821,0.0,-0.06981,174.7377,0.6935,stand_12,352.1254,0.0,-0.06981,0.0,-0.06981,Sidewalk
335.5,123.2623,4.0113,-1.11701,0.0,-0.06981,174.7377,0.6935,stand_12,352.1254,0.0,-0.06981,0.0,-0.06981,Sidewalk
336.0,123.2623,4.0113,-1.15192,0.0,-0.06981,174.7377,0.6935,stand_12,352.1254,0.0,-0.06981,0.0,-0.06981,Sidewalk
336.5,123.2623,4.0113,-1.18682,0.0,-0.06981,174.7377,0.6935,stand_12,352.1254,0.0,-0.06981,0.0,-0.06981,Sidewalk
337.0,123.2623,4.0113,-1.22173,0.0,-0.06981,174.7377,0.6935,stand_12,352.1253,0.0,-0.06981,0.0,-0.06981,Sidewalk
337.5,123.2623,4.0113,-1.25664,0.0,-0.06981,174.7377,0.6935,stand_12,352.1253,0.0,-0.06981,0.0,-0.06981,Sidewalk
338.0,123.2623,4.0113,-1.29154,0.0,-0.06981,174.7377,0.6935,stand_12,352.1253,0.0,-0.06981,0.0,-0.06981,Sidewalk
338.5,123.2623,4.0113,-1.32645,0.0,-0.06981,174.7377,0.6935,stand_12,352.1253,0.0,-0.06981,0.0,-0.06981,Sidewalk
339.0,123.2623,4.0113,-1.36136,0.0,-0.06981,174.7377,0.6935,stand_12,352.1253,0.0,-0.06981,0.0,-0.06981,Sidewalk
339.5,123.2623,4.0113,-1.39626,0.0,-0.06981,174.7377,0.6935,stand_12,352.1253,0.0,-0.06981,0.0,-0.06981,Sidewalk
340.0,123.2623,4.0113,-1.43117,0.0,-0.06981,174.7377,0.6935,stand_12,352.1253,0.0,-0.06981,0.0,-0.06981,Sidewalk
340.5,123.2623,4.0113,-1.46608,0.0,-0.06981,174.7377,0.6935,stand_12,352.1253,0.0,-0.06981,0.0,-0.06981,Sidewalk
341.0,123.2623,4.0113,-1.50098,0.0,-0.06981,174.7377,0.6935,stand_12,352.1253,0.0,-0.06981,0.0,-0.06981,Sidewalk
341.5,123.2623,4.0113,-1.53589,0.0,-0.06981,174.7377,0.6935,stand_12,352.1253,0.0,-0.06981,0.0,-0.06981,Sidewalk
342.0,123.2623,4.0113,-1.5708,0.0,-0.06981,174.7377,0.6935,stand_12,352.1253,0.0,-0.06981,0.0,-0.06981,Sidewalk
342.5,123.2623,4.0113,-1.6057,0.0,-0.06981,174.7377,0.6935,stand_12,352.1253,0.0,-0.06981,0.0,-0.06981,Sidewalk
343.0,123.2623,4.0113,-1.64061,0.0,-0.06981,174.7377,0.6935,stand_12,352.1253,0.0,-0.06981,0.0,-0.06981,Sidewalk
343.5,123.2623,4.0113,-1.67552,0.0,-0.06981,174.7377,0.6935,stand_12,352.1253,0.0,-0.06981,0.0,-0.06981,Sidewalk
344.0,123.2623,4.0113,-1.71042,0.0,-0.06981,174.7377,0.6935,stand_12,352.1253,0.0,-0.06981,0.0,-0.06981,Sidewalk
344.5,123.2623,4.0113,-1.74533,0.0,-0.06981,174.7377,0.6935,stand_12,352.1253,0.0,-0.06981,0.0,-0.06981,Sidewalk
345.0,123.2623,4.0113,-1.78024,0.0,-0.06981,174.7377,0.6935,stand_12,352.1253,0.0,-0.06981,0.0,-0.06981,Sidewalk
345.5,123.2623,4.0113,-1.81514,0.0,-0.06981,174.7377,0.6935,stand_12,352.1253,0.0,-0.06981,0.0,-0.06981,Sidewalk
346.0,123.2623,4.0113,-1.85005,0.0,-0.06981,174.7377,0.6935,stand_12,352.1253,0.0,-0.06981,0.0,-0.06981,Sidewalk
346.5,123.2623,4.0113,-1.88496,0.0,-0.06981,174.7377,0.6935,stand_12,352.1253,0.0,-0.06981,0.0,-0.06981,Sidewalk
347.0,123.2623,4.0113,-1.91986,0.0,-0.06981,174.7377,0.6935,stand_12,352.1253,0.0,-0.06981,0.0,-0.06981,Sidewalk
347.5,123.2623,4.0113,-1.95477,0.0,-0.06981,174.7377,0.6935,stand_12,352.1253,0.0,-0.06981,0.0,-0.06981,Sidewalk
348.0,123.2623,4.0113,-1.98968,0.0,-0.06981,174.7377,0.6935,stand_12,352.1253,0.0,-0.06981,0.0,-0.06981,Sidewalk
348.5,123.2623,4.0113,-2.02458,0.0,-0.06981,174.7377,0.6935,stand_12,352.1253,0.0,-0.06981,0.0,-0.06981,Sidewalk
349.0,123.2623,4.0113,-2.05949,0.0,-0.06981,174.7377,0.6935,stand_12,352.1253,0.0,-0.06981,0.0,-0.06981,Sidewalk
349.5,123.2623,4.0113,-2.0944,0.0,-0.06981,174.7377,0.6935,stand_12,352.1253,0.0,-0.06981,0.0,-0.06981,Sidewalk
350.0,123.2623,4.0113,-2.1293,0.0,-0.06981,174.7377,0.6935,stand_12,352.1253,0.0,-0.06981,0.0,-0.06981,Sidewalk
350.5,123.2623,4.0113,-2.16421,0.0,-0.06981,174.7377,0.6935,stand_12,352.1253,0.0,-0.06981,0.0,-0.06981,Sidewalk
351.0,123.2623,4.0113,-2.19911,0.0,-0.06981,174.7377,0.6935,stand_12,352.1253,0.0,-0.06981,0.0,-0.06981,Sidewalk
351.5,123.2623,4.0113,-2.23402,0.0,-0.06981,174.7377,0.6935,stand_12,352.1253,0.0,-0.06981,0.0,-0.06981,Sidewalk
352.0,123.2623,4.0113,-2.26893,0.0,-0.06981,174.7377,0.6935,stand_12,352.1253,0.0,-0.06981,0.0,-0.06981,Sidewalk
352.5,123.2623,4.0113,-2.30383,0.0,-0.06981,174.7377,0.6935,stand_12,352.1253,0.0,-0.06981,0.0,-0.06981,Sidewalk
353.0,123.2623,4.0113,-2.33874,0.0,-0.06981,174.7377,0.6935,stand_12,352.1253,0.0,-0.06981,0.0,-0.06981,Sidewalk
353.5,123.2623,4.0113,-2.37365,0.0,-0.06981,174.7377,0.6935,stand_12,352.1253,0.0,-0.06981,0.0,-0.06981,Sidewalk
354.0,123.2623,4.0113,-2.40855,0.0,-0.06981,174.7377,0.6935,stand_12,352.1252,0.0,-0.06981,0.0,-0.06981,Sidewalk
354.5,123.2623,4.0113,-2.44346,0.0,-0.06981,174.7377,0.6935,stand_12,352.1252,0.0,-0.06981,0.0,-0.06981,Sidewalk
355.0,123.2623,4.0113,-2.47837,0.0,-0.06981,174.7377,0.6935,stand_12,352.1252,0.0,-0.06981,0.0,-0.06981,Sidewalk
355.5,123.2623,4.0113,-2.51327,0.0,-0.06981,174.7377,0.6935,stand_12,352.1252,0.0,-0.06981,0.0,-0.06981,Sidewalk
356.0,123.2623,4.0113,-2.54818,0.0,-0.06981,174.7377,0.6935,stand_12,352.1252,0.0,-0.06981,0.0,-0.06981,Sidewalk
356.5,123.2623,4.0113,-2.58309,0.0,-0.06981,174.7377,0.6935,stand_12,352.1252,0.0,-0.06981,0.0,-0.06981,Sidewalk
357.0,123.2623,4.0113,-2.61799,0.0,-0.06981,174.7377,0.6935,stand_12,352.1252,0.0,-0.06981,0.0,-0.06981,Sidewalk
357.5,123.2623,4.0113,-2.6529,0.0,-0.06981,174.7377,0.6935,stand_12,352.1252,0.0,-0.06981,0.0,-0.06981,Sidewalk
358.0,123.2623,4.0113,-2.68781,0.0,-0.06981,174.7377,0.6935,stand_12,352.1252,0.0,-0.06981,0.0,-0.06981,Sidewalk
358.5,123.2623,4.0113,-2.72271,0.0,-0.06981,174.7377,0.6935,stand_12,352.1252,0.0,-0.06981,0.0,-0.06981,Sidewalk
359.0,123.2623,4.0113,-2.75762,0.0,-0.06981,174.7377,0.6935,stand_12,352.1252,0.0,-0.06981,0.0,-0.06981,Sidewalk
359.5,123.2623,4.0113,-2.79253,0.0,-0.06981,174.7377,0.6935,stand_12,352.1252,0.0,-0.06981,0.0,-0.06981,Sidewalk
360.0,123.2623,4.0113,-2.82743,0.0,-0.06981,174.7377,0.6935,stand_12,352.1252,0.0,-0.06981,0.0,-0.06981,Sidewalk
360.5,123.2623,4.0113,-2.86234,0.0,-0.06981,174.7377,0.6935,stand_12,352.1252,0.0,-0.06981,0.0,-0.06981,Sidewalk
361.0,123.2623,4.0113,-2.89725,0.0,-0.06981,174.7377,0.6935,stand_12,352.1252,0.0,-0.06981,0.0,-0.06981,Sidewalk
361.5,123.2623,4.0113,-2.93215,0.0,-0.06981,174.7377,0.6935,stand_12,352.1252,0.0,-0.06981,0.0,-0.06981,Sidewalk
362.0,123.2623,4.0113,-2.96706,0.0,-0.06981,174.7377,0.6935,stand_12,352.1252,0.0,-0.06981,0.0,-0.06981,Sidewalk
362.5,123.2623,4.0113,-3.00197,0.0,-0.06981,174.7377,0.6935,stand_12,352.1252,0.0,-0.06981,0.0,-0.06981,Sidewalk
363.0,123.2623,4.0113,-3.03687,0.0,-0.06981,174.7377,0.6935,stand_12,352.1252,0.0,-0.06981,0.0,-0.06981,Sidewalk
363.5,123.2623,4.0113,-3.07178,0.0,-0.06981,174.7377,0.6935,stand_12,352.1252,0.0,-0.06981,0.0,-0.06981,Sidewalk
364.0,123.2623,4.0113,-3.10669,0.0,-0.06981,174.7377,0.6935,stand_12,352.1252,0.0,-0.06981,0.0,-0.06981,Sidewalk
364.5,123.2623,4.0113,-3.14159,0.0,-0.06981,174.7377,0.6935,stand_12,352.1252,0.0,-0.06981,0.0,-0.06981,Sidewalk
365.0,123.2623,4.0113,3.10669,0.0,-0.06981,174.7377,0.6935,stand_12,352.1252,0.0,-0.06981,0.0,-0.06981,Sidewalk
365.5,123.2623,4.0113,3.07178,0.0,-0.06981,174.7377,0.6935,stand_12,352.1252,0.0,-0.06981,0.0,-0.06981,Sidewalk
366.0,123.2623,4.0113,3.03687,0.0,-0.06981,174.7377,0.6935,stand_12,352.1252,0.0,-0.06981,0.0,-0.06981,Sidewalk
366.5,123.2623,4.0113,3.00197,0.0,-0.06981,174.7377,0.6935,stand_12,352.1252,0.0,-0.06981,0.0,-0.06981,Sidewalk
367.0,123.2623,4.0113,2.96706,0.0,-0.06981,174.7377,0.6935,stand_12,352.1252,0.0,-0.06981,0.0,-0.06981,Sidewalk
367.5,123.2623,4.0113,2.93215,0.0,-0.06981,174.7377,0.6935,stand_12,352.1252,0.0,-0.06981,0.0,-0.06981,Sidewalk
368.0,123.2623,4.0113,2.89725,0.0,-0.06981,174.7377,0.6935,stand_12,352.1252,0.0,-0.06981,0.0,-0.06981,Sidewalk
368.5,123.2623,4.0113,2.86234,0.0,-0.06981,174.7377,0.6935,stand_12,352.1252,0.0,-0.06981,0.0,-0.06981,Sidewalk
369.0,123.2623,4.0113,2.82743,0.0,-0.06981,174.7377,0.6935,stand_12,352.1252,0.0,-0.06981,0.0,-0.06981,Sidewalk
369.5,123.2623,4.0113,2.79253,0.0,-0.06981,174.7377,0.6935,stand_12,352.1252,0.0,-0.06981,0.0,-0.06981,Sidewalk
370.0,123.2623,4.0113,2.75762,0.0,-0.06981,174.7377,0.6935,stand_12,352.1252,0.0,-0.06981,0.0,-0.06981,Sidewalk
370.5,123.2623,4.0113,2.72271,0.0,-0.06981,174.7377,0.6935,stand_12,352.1252,0.0,-0.06981,0.0,-0.06981,Sidewalk
371.0,123.2623,4.0113,2.68781,0.0,-0.06981,174.7377,0.6935,stand_12,352.1251,0.0,-0.06981,0.0,-0.06981,Sidewalk
371.5,123.2623,4.0113,2.6529,0.0,-0.06981,174.7377,0.6935,stand_12,352.1251,0.0,-0.06981,0.0,-0.06981,Sidewalk
372.0,123.2623,4.0113,2.61799,0.0,-0.06981,174.7377,0.6935,stand_12,352.1251,0.0,-0.06981,0.0,-0.06981,Sidewalk
372.5,123.2623,4.0113,2.58309,0.0,-0.06981,174.7377,0.6935,stand_12,352.1251,0.0,-0.06981,0.0,-0.06981,Sidewalk
373.0,123.2623,4.0113,2.54818,0.0,-0.06981,174.7377,0.6935,stand_12,352.1251,0.0,-0.06981,0.0,-0.06981,Sidewalk
373.5,123.2623,4.0113,2.51327,0.0,-0.06981,174.7377,0.6935,stand_12,352.1251,0.0,-0.06981,0.0,-0.06981,Sidewalk
374.0,123.2623,4.0113,2.47837,0.0,-0.06981,174.7377,0.6935,stand_12,352.1251,0.0,-0.06981,0.0,-0.06981,Sidewalk
374.5,123.2623,4.0113,2.44346,0.0,-0.06981,174.7377,0.6935,stand_12,352.1251,0.0,-0.06981,0.0,-0.06981,Sidewalk
375.0,123.2623,4.0113,2.40855,0.0,-0.06981,174.7377,0.6935,stand_12,352.1251,0.0,-0.06981,0.0,-0.06981,Sidewalk
375.5,123.2623,4.0113,2.37365,0.0,-0.06981,174.7377,0.6935,stand_12,352.1251,0.0,-0.06981,0.0,-0.06981,Sidewalk
376.0,123.2623,4.0113,2.33874,0.0,-0.06981,174.7377,0.6935,stand_12,352.1251,0.0,-0.06981,0.0,-0.06981,Sidewalk
376.5,123.2623,4.0113,2.30383,0.0,-0.06981,174.7377,0.6935,stand_12,352.1251,0.0,-0.06981,0.0,-0.06981,Sidewalk
377.0,123.2623,4.0113,2.26893,0.0,-0.06981,174.7377,0.6935,stand_12,352.1251,0.0,-0.06981,0.0,-0.06981,Sidewalk
377.5,123.2623,4.0113,2.23402,0.0,-0.06981,174.7377,0.6935,stand_12,352.1251,0.0,-0.06981,0.0,-0.06981,Sidewalk
378.0,123.2623,4.0113,2.19911,0.0,-0.06981,174.7377,0.6935,stand_12,352.1251,0.0,-0.06981,0.0,-0.06981,Sidewalk
378.5,123.2623,4.0113,2.16421,0.0,-0.06981,174.7377,0.6935,stand_12,352.1251,0.0,-0.06981,0.0,-0.06981,Sidewalk
379.0,123.2623,4.0113,2.1293,0.0,-0.06981,174.7377,0.6935,stand_12,352.1251,0.0,-0.06981,0.0,-0.06981,Sidewalk
379.5,123.2623,4.0113,2.0944,0.0,-0.06981,174.7377,0.6935,stand_12,352.1251,0.0,-0.06981,0.0,-0.06981,Sidewalk
380.0,123.2623,4.0113,2.05949,0.0,-0.06981,174.7377,0.6935,stand_12,352.1251,0.0,-0.06981,0.0,-0.06981,Sidewalk
380.5,123.2623,4.0113,2.02458,0.0,-0.06981,174.7377,0.6935,stand_12,352.1251,0.0,-0.06981,0.0,-0.06981,Sidewalk
381.0,123.2623,4.0113,1.98968,0.0,-0.06981,174.7377,0.6935,stand_12,352.1251,0.0,-0.06981,0.0,-0.06981,Sidewalk
381.5,123.2623,4.0113,1.95477,0.0,-0.06981,174.7377,0.6935,stand_12,352.1251,0.0,-0.06981,0.0,-0.06981,Sidewalk
382.0,123.2623,4.0113,1.91986,0.0,-0.06981,174.7377,0.6935,stand_12,352.1251,0.0,-0.06981,0.0,-0.06981,Sidewalk
382.5,123.2623,4.0113,1.88496,0.0,-0.06981,174.7377,0.6935,stand_12,352.1251,0.0,-0.06981,0.0,-0.06981,Sidewalk
383.0,123.2623,4.0113,1.85005,0.0,-0.06981,174.7377,0.6935,stand_12,352.1251,0.0,-0.06981,0.0,-0.06981,Sidewalk
383.5,123.2623,4.0113,1.81514,0.0,-0.06981,174.7377,0.6935,stand_12,352.1251,0.0,-0.06981,0.0,-0.06981,Sidewalk
384.0,123.2623,4.0113,1.78024,0.0,-0.06981,174.7377,0.6935,stand_12,352.1251,0.0,-0.06981,0.0,-0.06981,Sidewalk
384.5,123.2623,4.0113,1.74533,0.0,-0.06981,174.7377,0.6935,stand_12,352.1251,0.0,-0.06981,0.0,-0.06981,Sidewalk
385.0,123.2623,4.0113,1.71042,0.0,-0.06981,174.7377,0.6935,stand_12,352.1251,0.0,-0.06981,0.0,-0.06981,Sidewalk
385.5,123.2623,4.0113,1.67552,0.0,-0.06981,174.7377,0.6935,stand_12,352.1251,0.0,-0.06981,0.0,-0.06981,Sidewalk
386.0,123.2623,4.0113,1.64061,0.0,-0.06981,174.7377,0.6935,stand_12,352.1251,0.0,-0.06981,0.0,-0.06981,Sidewalk
386.5,123.2623,4.0113,1.6057,0.0,-0.06981,174.7377,0.6935,stand_12,352.1251,0.0,-0.06981,0.0,-0.06981,Sidewalk
387.0,123.2623,4.0113,1.5708,0.0,-0.06981,174.7377,0.6935,stand_12,352.1251,0.0,-0.06981,0.0,-0.06981,Sidewalk
387.5,123.2623,4.0113,1.53589,0.0,-0.06981,174.7377,0.6935,stand_12,352.1251,0.0,-0.06981,0.0,-0.06981,Sidewalk
388.0,123.2623,4.0113,1.50098,0.0,-0.06981,174.7377,0.6935,stand_12,352.1251,0.0,-0.06981,0.0,-0.06981,Sidewalk
388.5,123.2623,4.0113,1.46608,0.0,-0.06981,174.7377,0.6935,stand_12,352.125,0.0,-0.06981,0.0,-0.06981,Sidewalk
389.0,123.2623,4.0113,1.43117,0.0,-0.06981,174.7377,0.6935,stand_12,352.125,0.0,-0.06981,0.0,-0.06981,Sidewalk
389.5,123.2623,4.0113,1.39626,0.0,-0.06981,174.7377,0.6935,stand_12,352.125,0.0,-0.06981,0.0,-0.06981,Sidewalk
390.0,123.2623,4.0113,1.36136,0.0,-0.06981,174.7377,0.6935,stand_12,352.125,0.0,-0.06981,0.0,-0.06981,Sidewalk
390.5,123.2623,4.0113,1.32645,0.0,-0.06981,174.7377,0.6935,stand_12,352.125,0.0,-0.06981,0.0,-0.06981,Sidewalk
391.0,123.2623,4.0113,1.29154,0.0,-0.06981,174.7377,0.6935,stand_12,352.125,0.0,-0.06981,0.0,-0.06981,Sidewalk
391.5,123.2623,4.0113,1.25664,0.0,-0.06981,174.7377,0.6935,stand_12,352.125,0.0,-0.06981,0.0,-0.06981,Sidewalk
392.0,123.2623,4.0113,1.22173,0.0,-0.06981,174.7377,0.6935,stand_12,352.125,0.0,-0.06981,0.0,-0.06981,Sidewalk
392.5,123.2623,4.0113,1.18682,0.0,-0.06981,174.7377,0.6935,stand_12,352.125,0.0,-0.06981,0.0,-0.06981,Sidewalk
393.0,123.2623,4.0113,1.15192,0.0,-0.06981,174.7377,0.6935,stand_12,352.125,0.0,-0.06981,0.0,-0.06981,Sidewalk
393.5,123.2623,4.0113,1.11701,0.0,-0.06981,174.7377,0.6935,stand_12,352.125,0.0,-0.06981,0.0,-0.06981,Sidewalk
394.0,123.2623,4.0113,1.0821,0.0,-0.06981,174.7377,0.6935,stand_12,352.125,0.0,-0.06981,0.0,-0.06981,Sidewalk
394.5,123.2623,4.0113,1.0472,0.0,-0.06981,174.7377,0.6935,stand_12,352.125,0.0,-0.06981,0.0,-0.06981,Sidewalk
395.0,123.2623,4.0113,1.01229,0.0,-0.06981,174.7377,0.6935,stand_12,352.125,0.0,-0.06981,0.0,-0.06981,Sidewalk
395.5,123.2623,4.0113,0.97738,0.0,-0.06981,174.7377,0.6935,stand_12,352.125,0.0,-0.06981,0.0,-0.06981,Sidewalk
396.0,123.2623,4.0113,0.94248,0.0,-0.06981,174.7377,0.6935,stand_12,352.125,0.0,-0.06981,0.0,-0.06981,Sidewalk
396.5,123.2623,4.0113,0.90757,0.0,-0.06981,174.7377,0.6935,stand_12,352.125,0.0,-0.06981,0.0,-0.06981,Sidewalk
397.0,123.2623,4.0113,0.87266,0.0,-0.06981,174.7377,0.6935,stand_12,352.125,0.0,-0.06981,0.0,-0.06981,Sidewalk
397.5,123.2623,4.0113,0.83776,0.0,-0.06981,174.7377,0.6935,stand_12,352.125,0.0,-0.06981,0.0,-0.06981,Sidewalk
398.0,123.2623,4.0113,0.80285,0.0,-0.06981,174.7377,0.6935,stand_12,352.125,0.0,-0.06981,0.0,-0.06981,Sidewalk
398.5,123.2623,4.0113,0.76794,0.0,-0.06981,174.7377,0.6935,stand_12,352.125,0.0,-0.06981,0.0,-0.06981,Sidewalk
399.0,123.2623,4.0113,0.73304,0.0,-0.06981,174.7377,0.6935,stand_12,352.125,0.0,-0.06981,0.0,-0.06981,Sidewalk
399.5,123.2623,4.0113,0.69813,0.0,-0.06981,174.7377,0.6935,stand_12,352.125,0.0,-0.06981,0.0,-0.06981,Sidewalk
400.0,123.2623,4.0113,0.66323,0.0,-0.06981,174.7377,0.6935,stand_12,352.125,0.0,-0.06981,0.0,-0.06981,Sidewalk
400.5,123.2623,4.0113,0.62832,0.0,-0.06981,174.7377,0.6935,stand_12,352.125,0.0,-0.06981,0.0,-0.06981,Sidewalk
401.0,123.2623,4.0113,0.59341,0.0,-0.06981,174.7377,0.6935,stand_12,352.125,0.0,-0.06981,0.0,-0.06981,Sidewalk
401.5,123.2623,4.0113,0.55851,0.0,-0.06981,174.7377,0.6935,stand_12,352.125,0.0,-0.06981,0.0,-0.06981,Sidewalk
402.0,123.2623,4.0113,0.5236,0.0,-0.06981,174.7377,0.6935,stand_12,352.125,0.0,-0.06981,0.0,-0.06981,Sidewalk
402.5,123.2623,4.0113,0.48869,0.0,-0.06981,174.7377,0.6935,stand_12,352.125,0.0,-0.06981,0.0,-0.06981,Sidewalk
403.0,123.2623,4.0113,0.45379,0.0,-0.06981,174.7377,0.6935,stand_12,352.125,0.0,-0.06981,0.0,-0.06981,Sidewalk
403.5,123.2623,4.0113,0.41888,0.0,-0.06981,174.7377,0.6935,stand_12,352.125,0.0,-0.06981,0.0,-0.06981,Sidewalk
404.0,123.2623,4.0113,0.38397,0.0,-0.06981,174.7377,0.6935,stand_12,352.125,0.0,-0.06981,0.0,-0.06981,Sidewalk
404.5,123.2623,4.0113,0.34907,0.0,-0.06981,174.7377,0.6935,stand_12,352.125,0.0,-0.06981,0.0,-0.06981,Sidewalk
405.0,123.2623,4.0113,0.31416,0.0,-0.06981,174.7377,0.6936,stand_12,352.1249,0.0,-0.06981,0.0,-0.06981,Sidewalk
405.5,123.2623,4.0113,0.27925,0.0,-0.06981,174.7377,0.6936,stand_12,352.1249,0.0,-0.06981,0.0,-0.06981,Sidewalk
406.0,123.2623,4.0113,0.24435,0.0,-0.06981,174.7377,0.6936,stand_12,352.1249,0.0,-0.06981,0.0,-0.06981,Sidewalk
406.5,123.2623,4.0113,0.20944,0.0,-0.06981,174.7377,0.6936,stand_12,352.1249,0.0,-0.06981,0.0,-0.06981,Sidewalk
407.0,123.2623,4.0113,0.17453,0.0,-0.06981,174.7377,0.6936,stand_12,352.1249,0.0,-0.06981,0.0,-0.06981,Sidewalk
407.5,123.2623,4.0113,0.13963,0.0,-0.06981,174.7377,0.6936,stand_12,352.1249,0.0,-0.06981,0.0,-0.06981,Sidewalk
408.0,123.2623,4.0113,0.10472,0.0,-0.06981,174.7377,0.6936,stand_12,352.1249,0.0,-0.06981,0.0,-0.06981,Sidewalk
408.5,123.2623,4.0113,0.06981,0.0,-0.06981,174.7377,0.6936,stand_12,352.1249,0.0,-0.06981,0.0,-0.06981,Sidewalk
409.0,123.2623,4.0113,0.03491,0.0,-0.06981,174.7377,0.6936,stand_12,352.1249,0.0,-0.06981,0.0,-0.06981,Sidewalk
409.5,123.2623,4.0113,0.0,0.0,-0.06981,174.7377,0.6936,stand_12,352.1249,0.0,-0.06981,0.0,-0.06981,Sidewalk
410.0,123.2623,4.0113,-0.03491,0.0,-0.06981,174.7377,0.6936,stand_12,352.1249,0.0,-0.06981,0.0,-0.06981,Sidewalk
410.5,123.2623,4.0113,-0.06981,0.0,-0.06981,174.7377,0.6936,stand_12,352.1249,0.0,-0.06981,0.0,-0.06981,Sidewalk
411.0,123.2623,4.0113,-0.10472,0.0,-0.06981,174.7377,0.6936,stand_12,352.1249,0.0,-0.06981,0.0,-0.06981,Sidewalk
411.5,123.2623,4.0113,-0.13963,0.0,-0.06981,174.7377,0.6936,stand_12,352.1249,0.0,-0.06981,0.0,-0.06981,Sidewalk
412.0,123.2623,4.0113,-0.17453,0.0,-0.06981,174.7377,0.6936,stand_12,352.1249,0.0,-0.06981,0.0,-0.06981,Sidewalk
412.5,123.2623,4.0113,-0.20944,0.0,-0.06981,174.7377,0.6936,stand_12,352.1249,0.0,-0.06981,0.0,-0.06981,Sidewalk
413.0,123.2623,4.0113,-0.24435,0.0,-0.06981,174.7377,0.6936,stand_12,352.1249,0.0,-0.06981,0.0,-0.06981,Sidewalk
413.5,123.2623,4.0113,-0.27925,0.0,-0.06981,174.7377,0.6936,stand_12,352.1249,0.0,-0.06981,0.0,-0.06981,Sidewalk
414.0,123.2623,4.0113,-0.31416,0.0,-0.06981,174.7377,0.6936,stand_12,352.1249,0.0,-0.06981,0.0,-0.06981,Sidewalk
414.5,123.2623,4.0113,-0.34907,0.0,-0.06981,174.7377,0.6936,stand_12,352.1249,0.0,-0.06981,0.0,-0.06981,Sidewalk
415.0,123.2623,4.0113,-0.38397,0.0,-0.06981,174.7377,0.6936,stand_12,352.1249,0.0,-0.06981,0.0,-0.06981,Sidewalk
415.5,123.2623,4.0113,-0.41888,0.0,-0.06981,174.7377,0.6936,stand_12,352.1249,0.0,-0.06981,0.0,-0.06981,Sidewalk
416.0,123.2623,4.0113,-0.45379,0.0,-0.06981,174.7377,0.6936,stand_12,352.1249,0.0,-0.06981,0.0,-0.06981,Sidewalk
416.5,123.2623,4.0113,-0.48869,0.0,-0.06981,174.7377,0.6936,stand_12,352.1249,0.0,-0.06981,0.0,-0.06981,Sidewalk
417.0,123.2623,4.0113,-0.5236,0.0,-0.06981,174.7377,0.6936,stand_12,352.1249,0.0,-0.06981,0.0,-0.06981,Sidewalk
417.5,123.2623,4.0113,-0.55851,0.0,-0.06981,174.7377,0.6936,stand_12,352.1249,0.0,-0.06981,0.0,-0.06981,Sidewalk
418.0,123.2623,4.0113,-0.59341,0.0,-0.06981,174.7377,0.6936,stand_12,352.1249,0.0,-0.06981,0.0,-0.06981,Sidewalk
418.5,123.2623,4.0113,-0.62832,0.0,-0.06981,174.7377,0.6936,stand_12,352.1249,0.0,-0.06981,0.0,-0.06981,Sidewalk
419.0,123.2623,4.0113,-0.66323,0.0,-0.06981,174.7377,0.6936,stand_12,352.1249,0.0,-0.06981,0.0,-0.06981,Sidewalk
419.5,123.2623,4.0113,-0.69813,0.0,-0.06981,174.7377,0.6936,stand_12,352.1249,0.0,-0.06981,0.0,-0.06981,Sidewalk
420.0,123.2623,4.0113,-0.73304,0.0,-0.06981,174.7377,0.6936,stand_12,352.1249,0.0,-0.06981,0.0,-0.06981,Sidewalk
420.5,123.2623,4.0113,-0.76794,0.0,-0.06981,174.7377,0.6936,stand_12,352.1249,0.0,-0.06981,0.0,-0.06981,Sidewalk
421.0,123.2623,4.0113,-0.80285,0.0,-0.06981,174.7377,0.6936,stand_12,352.1249,0.0,-0.06981,0.0,-0.06981,Sidewalk
421.5,123.2623,4.0113,-0.83776,0.0,-0.06981,174.7377,0.6936,stand_12,352.1249,0.0,-0.06981,0.0,-0.06981,Sidewalk
422.0,123.2623,4.0113,-0.87266,0.0,-0.06981,174.7377,0.6936,stand_12,352.1249,0.0,-0.06981,0.0,-0.06981,Sidewalk
422.5,123.2623,4.0113,-0.90757,0.0,-0.06981,174.7377,0.6936,stand_12,352.1248,0.0,-0.06981,0.0,-0.06981,Sidewalk
423.0,123.2623,4.0113,-0.94248,0.0,-0.06981,174.7377,0.6936,stand_12,352.1248,0.0,-0.06981,0.0,-0.06981,Sidewalk
423.5,123.2623,4.0113,-0.97738,0.0,-0.06981,174.7377,0.6936,stand_12,352.1248,0.0,-0.06981,0.0,-0.06981,Sidewalk
424.0,123.2623,4.0113,-1.01229,0.0,-0.06981,174.7377,0.6936,stand_12,352.1248,0.0,-0.06981,0.0,-0.06981,Sidewalk
424.5,123.2623,4.0113,-1.0472,0.0,-0.06981,174.7377,0.6936,stand_12,352.1248,0.0,-0.06981,0.0,-0.06981,Sidewalk
425.0,123.2623,4.0113,-1.0821,0.0,-0.06981,174.7377,0.6936,stand_12,352.1248,0.0,-0.06981,0.0,-0.06981,Sidewalk
425.5,123.2623,4.0113,-1.11701,0.0,-0.06981,174.7377,0.6936,stand_12,352.1248,0.0,-0.06981,0.0,-0.06981,Sidewalk
426.0,123.2623,4.0113,-1.15192,0.0,-0.06981,174.7377,0.6936,stand_12,352.1248,0.0,-0.06981,0.0,-0.06981,Sidewalk
426.5,123.2623,4.0113,-1.18682,0.0,-0.06981,174.7377,0.6936,stand_12,352.1248,0.0,-0.06981,0.0,-0.06981,Sidewalk
427.0,123.2623,4.0113,-1.22173,0.0,-0.06981,174.7377,0.6936,stand_12,352.1248,0.0,-0.06981,0.0,-0.06981,Sidewalk
427.5,123.2623,4.0113,-1.25664,0.0,-0.06981,174.7377,0.6936,stand_12,352.1248,0.0,-0.06981,0.0,-0.06981,Sidewalk
428.0,123.2623,4.0113,-1.29154,0.0,-0.06981,174.7377,0.6936,stand_12,352.1248,0.0,-0.06981,0.0,-0.06981,Sidewalk
428.5,123.2623,4.0113,-1.32645,0.0,-0.06981,174.7377,0.6936,stand_12,352.1248,0.0,-0.06981,0.0,-0.06981,Sidewalk
429.0,123.2623,4.0113,-1.36136,0.0,-0.06981,174.7377,0.6936,stand_12,352.1248,0.0,-0.06981,0.0,-0.06981,Sidewalk
429.5,123.2623,4.0113,-1.39626,0.0,-0.06981,174.7377,0.6936,stand_12,352.1248,0.0,-0.06981,0.0,-0.06981,Sidewalk
430.0,123.2623,4.0113,-1.43117,0.0,-0.06981,174.7377,0.6936,stand_12,352.1248,0.0,-0.06981,0.0,-0.06981,Sidewalk
430.5,123.2623,4.0113,-1.46608,0.0,-0.06981,174.7377,0.6936,stand_12,352.1248,0.0,-0.06981,0.0,-0.06981,Sidewalk
431.0,123.2623,4.0113,-1.50098,0.0,-0.06981,174.7377,0.6936,stand_12,352.1248,0.0,-0.06981,0.0,-0.06981,Sidewalk
431.5,123.2623,4.0113,-1.53589,0.0,-0.06981,174.7377,0.6936,stand_12,352.1248,0.0,-0.06981,0.0,-0.06981,Sidewalk
432.0,123.2623,4.0113,-1.5708,0.0,-0.06981,174.7377,0.6936,stand_12,352.1248,0.0,-0.06981,0.0,-0.06981,Sidewalk
432.5,123.2623,4.0113,-1.6057,0.0,-0.06981,174.7377,0.6936,stand_12,352.1248,0.0,-0.06981,0.0,-0.06981,Sidewalk
433.0,123.2623,4.0113,-1.64061,0.0,-0.06981,174.7377,0.6936,stand_12,352.1248,0.0,-0.06981,0.0,-0.06981,Sidewalk
433.5,123.2623,4.0113,-1.67552,0.0,-0.06981,174.7377,0.6936,stand_12,352.1248,0.0,-0.06981,0.0,-0.06981,Sidewalk
434.0,123.2623,4.0113,-1.71042,0.0,-0.06981,174.7377,0.6936,stand_12,352.1248,0.0,-0.06981,0.0,-0.06981,Sidewalk
434.5,123.2623,4.0113,-1.74533,0.0,-0.06981,174.7377,0.6936,stand_12,352.1248,0.0,-0.06981,0.0,-0.06981,Sidewalk
435.0,123.2623,4.0113,-1.78024,0.0,-0.06981,174.7377,0.6936,stand_12,352.1248,0.0,-0.06981,0.0,-0.06981,Sidewalk
435.5,123.2623,4.0113,-1.81514,0.0,-0.06981,174.7377,0.6936,stand_12,352.1248,0.0,-0.06981,0.0,-0.06981,Sidewalk
436.0,123.2623,4.0113,-1.85005,0.0,-0.06981,174.7377,0.6936,stand_12,352.1248,0.0,-0.06981,0.0,-0.06981,Sidewalk
436.5,123.2623,4.0113,-1.88496,0.0,-0.06981,174.7377,0.6936,stand_12,352.1248,0.0,-0.06981,0.0,-0.06981,Sidewalk
437.0,123.2623,4.0113,-1.91986,0.0,-0.06981,174.7377,0.6936,stand_12,352.1248,0.0,-0.06981,0.0,-0.06981,Sidewalk
437.5,123.2623,4.0113,-1.95477,0.0,-0.06981,174.7377,0.6936,stand_12,352.1248,0.0,-0.06981,0.0,-0.06981,Sidewalk
438.0,123.2623,4.0113,-1.98968,0.0,-0.06981,174.7377,0.6936,stand_12,352.1248,0.0,-0.06981,0.0,-0.06981,Sidewalk
438.5,123.2623,4.0113,-2.02458,0.0,-0.06981,174.7377,0.6936,stand_12,352.1247,0.0,-0.06981,0.0,-0.06981,Sidewalk
439.0,123.2623,4.0113,-2.05949,0.0,-0.06981,174.7377,0.6936,stand_12,352.1247,0.0,-0.06981,0.0,-0.06981,Sidewalk
439.5,123.2623,4.0113,-2.0944,0.0,-0.06981,174.7377,0.6936,stand_12,352.1247,0.0,-0.06981,0.0,-0.06981,Sidewalk
440.0,123.2623,4.0113,-2.1293,0.0,-0.06981,174.7377,0.6936,stand_12,352.1247,0.0,-0.06981,0.0,-0.06981,Sidewalk
440.5,123.2623,4.0113,-2.16421,0.0,-0.06981,174.7377,0.6936,stand_12,352.1247,0.0,-0.06981,0.0,-0.06981,Sidewalk
441.0,123.2623,4.0113,-2.19911,0.0,-0.06981,174.7377,0.6936,stand_12,352.1247,0.0,-0.06981,0.0,-0.06981,Sidewalk
441.5,123.2623,4.0113,-2.23402,0.0,-0.06981,174.7377,0.6936,stand_12,352.1247,0.0,-0.06981,0.0,-0.06981,Sidewalk
442.0,123.2623,4.0113,-2.26893,0.0,-0.06981,174.7377,0.6936,stand_12,352.1247,0.0,-0.06981,0.0,-0.06981,Sidewalk
442.5,123.2623,4.0113,-2.30383,0.0,-0.06981,174.7377,0.6936,stand_12,352.1247,0.0,-0.06981,0.0,-0.06981,Sidewalk
443.0,123.2623,4.0113,-2.33874,0.0,-0.06981,174.7377,0.6936,stand_12,352.1247,0.0,-0.06981,0.0,-0.06981,Sidewalk
443.5,123.2623,4.0113,-2.37365,0.0,-0.06981,174.7377,0.6936,stand_12,352.1247,0.0,-0.06981,0.0,-0.06981,Sidewalk
444.0,123.2623,4.0113,-2.40855,0.0,-0.06981,174.7377,0.6936,stand_12,352.1247,0.0,-0.06981,0.0,-0.06981,Sidewalk
444.5,123.2623,4.0113,-2.44346,0.0,-0.06981,174.7377,0.6936,stand_12,352.1247,0.0,-0.06981,0.0,-0.06981,Sidewalk
445.0,123.2623,4.0113,-2.47837,0.0,-0.06981,174.7377,0.6936,stand_12,352.1247,0.0,-0.06981,0.0,-0.06981,Sidewalk
445.5,123.2623,4.0113,-2.51327,0.0,-0.06981,174.7377,0.6936,stand_12,352.1247,0.0,-0.06981,0.0,-0.06981,Sidewalk
446.0,123.2623,4.0113,-2.54818,0.0,-0.06981,174.7377,0.6936,stand_12,352.1247,0.0,-0.06981,0.0,-0.06981,Sidewalk
446.5,123.2623,4.0113,-2.58309,0.0,-0.06981,174.7377,0.6936,stand_12,352.1247,0.0,-0.06981,0.0,-0.06981,Sidewalk
447.0,123.2623,4.0113,-2.61799,0.0,-0.06981,174.7377,0.6936,stand_12,352.1247,0.0,-0.06981,0.0,-0.06981,Sidewalk
447.5,123.2623,4.0113,-2.6529,0.0,-0.06981,174.7377,0.6936,stand_12,352.1247,0.0,-0.06981,0.0,-0.06981,Sidewalk
448.0,123.2623,4.0113,-2.68781,0.0,-0.06981,174.7377,0.6936,stand_12,352.1247,0.0,-0.06981,0.0,-0.06981,Sidewalk
448.5,123.2623,4.0113,-2.72271,0.0,-0.06981,174.7377,0.6936,stand_12,352.1247,0.0,-0.06981,0.0,-0.06981,Sidewalk
449.0,123.2623,4.0113,-2.75762,0.0,-0.06981,174.7377,0.6936,stand_12,352.1247,0.0,-0.06981,0.0,-0.06981,Sidewalk
449.5,123.2623,4.0113,-2.79253,0.0,-0.06981,174.7377,0.6936,stand_12,352.1247,0.0,-0.06981,0.0,-0.06981,Sidewalk
450.0,123.2623,4.0113,-2.82743,0.0,-0.06981,174.7377,0.6936,stand_12,352.1247,0.0,-0.06981,0.0,-0.06981,Sidewalk
450.5,123.2623,4.0113,-2.86234,0.0,-0.06981,174.7377,0.6936,stand_12,352.1247,0.0,-0.06981,0.0,-0.06981,Sidewalk
451.0,123.2623,4.0113,-2.89725,0.0,-0.06981,174.7377,0.6936,stand_12,352.1247,0.0,-0.06981,0.0,-0.06981,Sidewalk
451.5,123.2623,4.0113,-2.93215,0.0,-0.06981,174.7377,0.6936,stand_12,352.1247,0.0,-0.06981,0.0,-0.06981,Sidewalk
452.0,123.2623,4.0113,-2.96706,0.0,-0.06981,174.7377,0.6936,stand_12,352.1247,0.0,-0.06981,0.0,-0.06981,Sidewalk
452.5,123.2623,4.0113,-3.00197,0.0,-0.06981,174.7377,0.6936,stand_12,352.1247,0.0,-0.06981,0.0,-0.06981,Sidewalk
453.0,123.2623,4.0113,-3.03687,0.0,-0.06981,174.7377,0.6936,stand_12,352.1247,0.0,-0.06981,0.0,-0.06981,Sidewalk
453.5,123.2623,4.0113,-3.07178,0.0,-0.06981,174.7377,0.6936,stand_12,352.1247,0.0,-0.06981,0.0,-0.06981,Sidewalk
454.0,123.2623,4.0113,-3.10669,0.0,-0.06981,174.7377,0.6936,stand_12,352.1246,0.0,-0.06981,0.0,-0.06981,Sidewalk
454.5,123.2623,4.0113,-3.14159,0.0,-0.06981,174.7377,0.6936,stand_12,352.1246,0.0,-0.06981,0.0,-0.06981,Sidewalk
455.0,123.2623,4.0113,3.10669,0.0,-0.06981,174.7377,0.6936,stand_12,352.1246,0.0,-0.06981,0.0,-0.06981,Sidewalk
455.5,123.2623,4.0113,3.07178,0.0,-0.06981,174.7377,0.6936,stand_12,352.1246,0.0,-0.06981,0.0,-0.06981,Sidewalk
456.0,123.2623,4.0113,3.03687,0.0,-0.06981,174.7377,0.6936,stand_12,352.1246,0.0,-0.06981,0.0,-0.06981,Sidewalk
456.5,123.2623,4.0113,3.00197,0.0,-0.06981,174.7377,0.6936,stand_12,352.1246,0.0,-0.06981,0.0,-0.06981,Sidewalk
457.0,123.2623,4.0113,2.96706,0.0,-0.06981,174.7377,0.6936,stand_12,352.1246,0.0,-0.06981,0.0,-0.06981,Sidewalk
457.5,123.2623,4.0113,2.93215,0.0,-0.06981,174.7377,0.6936,stand_12,352.1246,0.0,-0.06981,0.0,-0.06981,Sidewalk
458.0,123.2623,4.0113,2.89725,0.0,-0.06981,174.7377,0.6936,stand_12,352.1246,0.0,-0.06981,0.0,-0.06981,Sidewalk
458.5,123.2623,4.0113,2.86234,0.0,-0.06981,174.7377,0.6936,stand_12,352.1246,0.0,-0.06981,0.0,-0.06981,Sidewalk
459.0,123.2623,4.0113,2.82743,0.0,-0.06981,174.7377,0.6936,stand_12,352.1246,0.0,-0.06981,0.0,-0.06981,Sidewalk
459.5,123.2623,4.0113,2.79253,0.0,-0.06981,174.7377,0.6936,stand_12,352.1246,0.0,-0.06981,0.0,-0.06981,Sidewalk
460.0,123.2623,4.0113,2.75762,0.0,-0.06981,174.7377,0.6936,stand_12,352.1246,0.0,-0.06981,0.0,-0.06981,Sidewalk
460.5,123.2623,4.0113,2.72271,0.0,-0.06981,174.7377,0.6936,stand_12,352.1246,0.0,-0.06981,0.0,-0.06981,Sidewalk
461.0,123.2623,4.0113,2.68781,0.0,-0.06981,174.7377,0.6936,stand_12,352.1246,0.0,-0.06981,0.0,-0.06981,Sidewalk
461.5,123.2623,4.0113,2.6529,0.0,-0.06981,174.7377,0.6936,stand_12,352.1246,0.0,-0.06981,0.0,-0.06981,Sidewalk
462.0,123.2623,4.0113,2.61799,0.0,-0.06981,174.7377,0.6936,stand_12,352.1246,0.0,-0.06981,0.0,-0.06981,Sidewalk
462.5,123.2623,4.0113,2.58309,0.0,-0.06981,174.7377,0.6936,stand_12,352.1246,0.0,-0.06981,0.0,-0.06981,Sidewalk
463.0,123.2623,4.0113,2.54818,0.0,-0.06981,174.7377,0.6936,stand_12,352.1246,0.0,-0.06981,0.0,-0.06981,Sidewalk
463.5,123.2623,4.0113,2.51327,0.0,-0.06981,174.7377,0.6936,stand_12,352.1246,0.0,-0.06981,0.0,-0.06981,Sidewalk
464.0,123.2623,4.0113,2.47837,0.0,-0.06981,174.7377,0.6936,stand_12,352.1246,0.0,-0.06981,0.0,-0.06981,Sidewalk
464.5,123.2623,4.0113,2.44346,0.0,-0.06981,174.7377,0.6936,stand_12,352.1246,0.0,-0.06981,0.0,-0.06981,Sidewalk
465.0,123.2623,4.0113,2.40855,0.0,-0.06981,174.7377,0.6936,stand_12,352.1246,0.0,-0.06981,0.0,-0.06981,Sidewalk
465.5,123.2623,4.0113,2.37365,0.0,-0.06981,174.7377,0.6936,stand_12,352.1246,0.0,-0.06981,0.0,-0.06981,Sidewalk
466.0,123.2623,4.0113,2.33874,0.0,-0.06981,174.7377,0.6936,stand_12,352.1246,0.0,-0.06981,0.0,-0.06981,Sidewalk
466.5,123.2623,4.0113,2.30383,0.0,-0.06981,174.7377,0.6936,stand_12,352.1246,0.0,-0.06981,0.0,-0.06981,Sidewalk
467.0,123.2623,4.0113,2.26893,0.0,-0.06981,174.7377,0.6936,stand_12,352.1246,0.0,-0.06981,0.0,-0.06981,Sidewalk
467.5,123.2623,4.0113,2.23402,0.0,-0.06981,174.7377,0.6936,stand_12,352.1246,0.0,-0.06981,0.0,-0.06981,Sidewalk
468.0,123.2623,4.0113,2.19911,0.0,-0.06981,174.7377,0.6936,stand_12,352.1246,0.0,-0.06981,0.0,-0.06981,Sidewalk
468.5,123.2623,4.0113,2.16421,0.0,-0.06981,174.7377,0.6936,stand_12,352.1246,0.0,-0.06981,0.0,-0.06981,Sidewalk
469.0,123.2623,4.0113,2.1293,0.0,-0.06981,174.7377,0.6936,stand_12,352.1246,0.0,-0.06981,0.0,-0.06981,Sidewalk
469.5,123.2623,4.0113,2.0944,0.0,-0.06981,174.7377,0.6936,stand_12,352.1245,0.0,-0.06981,0.0,-0.06981,Sidewalk
470.0,123.2623,4.0113,2.05949,0.0,-0.06981,174.7377,0.6936,stand_12,352.1245,0.0,-0.06981,0.0,-0.06981,Sidewalk
470.5,123.2623,4.0113,2.02458,0.0,-0.06981,174.7377,0.6936,stand_12,352.1245,0.0,-0.06981,0.0,-0.06981,Sidewalk
471.0,123.2623,4.0113,1.98968,0.0,-0.06981,174.7377,0.6936,stand_12,352.1245,0.0,-0.06981,0.0,-0.06981,Sidewalk
471.5,123.2623,4.0113,1.95477,0.0,-0.06981,174.7377,0.6936,stand_12,352.1245,0.0,-0.06981,0.0,-0.06981,Sidewalk
472.0,123.2623,4.0113,1.91986,0.0,-0.06981,174.7377,0.6936,stand_12,352.1245,0.0,-0.06981,0.0,-0.06981,Sidewalk
472.5,123.2623,4.0113,1.88496,0.0,-0.06981,174.7377,0.6936,stand_12,352.1245,0.0,-0.06981,0.0,-0.06981,Sidewalk
473.0,123.2623,4.0113,1.85005,0.0,-0.06981,174.7377,0.6936,stand_12,352.1245,0.0,-0.06981,0.0,-0.06981,Sidewalk
473.5,123.2623,4.0113,1.81514,0.0,-0.06981,174.7377,0.6936,stand_12,352.1245,0.0,-0.06981,0.0,-0.06981,Sidewalk
474.0,123.2623,4.0113,1.78024,0.0,-0.06981,174.7377,0.6936,stand_12,352.1245,0.0,-0.06981,0.0,-0.06981,Sidewalk
474.5,123.2623,4.0113,1.74533,0.0,-0.06981,174.7377,0.6936,stand_12,352.1245,0.0,-0.06981,0.0,-0.06981,Sidewalk
475.0,123.2623,4.0113,1.71042,0.0,-0.06981,174.7377,0.6936,stand_12,352.1245,0.0,-0.06981,0.0,-0.06981,Sidewalk
475.5,123.2623,4.0113,1.67552,0.0,-0.06981,174.7377,0.6936,stand_12,352.1245,0.0,-0.06981,0.0,-0.06981,Sidewalk
476.0,123.2623,4.0113,1.64061,0.0,-0.06981,174.7377,0.6936,stand_12,352.1245,0.0,-0.06981,0.0,-0.06981,Sidewalk
476.5,123.2623,4.0113,1.6057,0.0,-0.06981,174.7377,0.6936,stand_12,352.1245,0.0,-0.06981,0.0,-0.06981,Sidewalk
477.0,123.2623,4.0113,1.5708,0.0,-0.06981,174.7377,0.6936,stand_12,352.1245,0.0,-0.06981,0.0,-0.06981,Sidewalk
477.5,123.2623,4.0113,1.53589,0.0,-0.06981,174.7377,0.6936,stand_12,352.1245,0.0,-0.06981,0.0,-0.06981,Sidewalk
478.0,123.2623,4.0113,1.50098,0.0,-0.06981,174.7377,0.6936,stand_12,352.1245,0.0,-0.06981,0.0,-0.06981,Sidewalk
478.5,123.2623,4.0113,1.46608,0.0,-0.06981,174.7377,0.6936,stand_12,352.1245,0.0,-0.06981,0.0,-0.06981,Sidewalk
479.0,123.2623,4.0113,1.43117,0.0,-0.06981,174.7377,0.6936,stand_12,352.1245,0.0,-0.06981,0.0,-0.06981,Sidewalk
479.5,123.2623,4.0113,1.39626,0.0,-0.06981,174.7377,0.6936,stand_12,352.1245,0.0,-0.06981,0.0,-0.06981,Sidewalk
480.0,123.2623,4.0113,1.36136,0.0,-0.06981,174.7377,0.6936,stand_12,352.1245,0.0,-0.06981,0.0,-0.06981,Sidewalk
480.5,123.2623,4.0113,1.32645,0.0,-0.06981,174.7377,0.6936,stand_12,352.1245,0.0,-0.06981,0.0,-0.06981,Sidewalk
481.0,123.2623,4.0113,1.29154,0.0,-0.06981,174.7377,0.6936,stand_12,352.1245,0.0,-0.06981,0.0,-0.06981,Sidewalk
481.5,123.2623,4.0113,1.25664,0.0,-0.06981,174.7377,0.6936,stand_12,352.1245,0.0,-0.06981,0.0,-0.06981,Sidewalk
482.0,123.2623,4.0113,1.22173,0.0,-0.06981,174.7377,0.6936,stand_12,352.1245,0.0,-0.06981,0.0,-0.06981,Sidewalk
482.5,123.2623,4.0113,1.18682,0.0,-0.06981,174.7377,0.6936,stand_12,352.1245,0.0,-0.06981,0.0,-0.06981,Sidewalk
483.0,123.2623,4.0113,1.15192,0.0,-0.06981,174.7377,0.6936,stand_12,352.1245,0.0,-0.06981,0.0,-0.06981,Sidewalk
483.5,123.2623,4.0113,1.11701,0.0,-0.06981,174.7377,0.6936,stand_12,352.1245,0.0,-0.06981,0.0,-0.06981,Sidewalk
484.0,123.2623,4.0113,1.0821,0.0,-0.06981,174.7377,0.6936,stand_12,352.1245,0.0,-0.06981,0.0,-0.06981,Sidewalk
484.5,123.2623,4.0113,1.0472,0.0,-0.06981,174.7377,0.6936,stand_12,352.1245,0.0,-0.06981,0.0,-0.06981,Sidewalk
485.0,123.2623,4.0113,1.01229,0.0,-0.06981,174.7377,0.6936,stand_12,352.1245,0.0,-0.06981,0.0,-0.06981,Sidewalk
485.5,123.2623,4.0113,0.97738,0.0,-0.06981,174.7377,0.6936,stand_12,352.1245,0.0,-0.06981,0.0,-0.06981,Sidewalk
486.0,123.2623,4.0113,0.94248,0.0,-0.06981,174.7377,0.6936,stand_12,352.1245,0.0,-0.06981,0.0,-0.06981,Sidewalk
486.5,123.2623,4.0113,0.90757,0.0,-0.06981,174.7377,0.6936,stand_12,352.1244,0.0,-0.06981,0.0,-0.06981,Sidewalk
487.0,123.2623,4.0113,0.87266,0.0,-0.06981,174.7377,0.6936,stand_12,352.1244,0.0,-0.06981,0.0,-0.06981,Sidewalk
487.5,123.2623,4.0113,0.83776,0.0,-0.06981,174.7377,0.6936,stand_12,352.1244,0.0,-0.06981,0.0,-0.06981,Sidewalk
488.0,123.2623,4.0113,0.80285,0.0,-0.06981,174.7377,0.6936,stand_12,352.1244,0.0,-0.06981,0.0,-0.06981,Sidewalk
488.5,123.2623,4.0113,0.76794,0.0,-0.06981,174.7377,0.6936,stand_12,352.1244,0.0,-0.06981,0.0,-0.06981,Sidewalk
489.0,123.2623,4.0113,0.73304,0.0,-0.06981,174.7377,0.6936,stand_12,352.1244,0.0,-0.06981,0.0,-0.06981,Sidewalk
489.5,123.2623,4.0113,0.69813,0.0,-0.06981,174.7377,0.6936,stand_12,352.1244,0.0,-0.06981,0.0,-0.06981,Sidewalk
490.0,123.2623,4.0113,0.66323,0.0,-0.06981,174.7377,0.6936,stand_12,352.1244,0.0,-0.06981,0.0,-0.06981,Sidewalk
490.5,123.2623,4.0113,0.62832,0.0,-0.06981,174.7377,0.6936,stand_12,352.1244,0.0,-0.06981,0.0,-0.06981,Sidewalk
491.0,123.2623,4.0113,0.59341,0.0,-0.06981,174.7377,0.6936,stand_12,352.1244,0.0,-0.06981,0.0,-0.06981,Sidewalk
491.5,123.2623,4.0113,0.55851,0.0,-0.06981,174.7377,0.6936,stand_12,352.1244,0.0,-0.06981,0.0,-0.06981,Sidewalk
492.0,123.2623,4.0113,0.5236,0.0,-0.06981,174.7377,0.6936,stand_12,352.1244,0.0,-0.06981,0.0,-0.06981,Sidewalk
492.5,123.2623,4.0113,0.48869,0.0,-0.06981,174.7377,0.6936,stand_12,352.1244,0.0,-0.06981,0.0,-0.06981,Sidewalk
493.0,123.2623,4.0113,0.45379,0.0,-0.06981,174.7377,0.6936,stand_12,352.1244,0.0,-0.06981,0.0,-0.06981,Sidewalk
493.5,123.2623,4.0113,0.41888,0.0,-0.06981,174.7377,0.6936,stand_12,352.1244,0.0,-0.06981,0.0,-0.06981,Sidewalk
494.0,123.2623,4.0113,0.38397,0.0,-0.06981,174.7377,0.6936,stand_12,352.1244,0.0,-0.06981,0.0,-0.06981,Sidewalk
494.5,123.2623,4.0113,0.34907,0.0,-0.06981,174.7377,0.6936,stand_12,352.1244,0.0,-0.06981,0.0,-0.06981,Sidewalk
495.0,123.2623,4.0113,0.31416,0.0,-0.06981,174.7377,0.6936,stand_12,352.1244,0.0,-0.06981,0.0,-0.06981,Sidewalk
495.5,123.2623,4.0113,0.27925,0.0,-0.06981,174.7377,0.6936,stand_12,352.1244,0.0,-0.06981,0.0,-0.06981,Sidewalk
496.0,123.2623,4.0113,0.24435,0.0,-0.06981,174.7377,0.6936,stand_12,352.1244,0.0,-0.06981,0.0,-0.06981,Sidewalk
496.5,123.2623,4.0113,0.20944,0.0,-0.06981,174.7377,0.6936,stand_12,352.1244,0.0,-0.06981,0.0,-0.06981,Sidewalk
497.0,123.2623,4.0113,0.17453,0.0,-0.06981,174.7377,0.6936,stand_12,352.1244,0.0,-0.06981,0.0,-0.06981,Sidewalk
497.5,123.2623,4.0113,0.13963,0.0,-0.06981,174.7377,0.6936,stand_12,352.1244,0.0,-0.06981,0.0,-0.06981,Sidewalk
498.0,123.2623,4.0113,0.10472,0.0,-0.06981,174.7377,0.6936,stand_12,352.1244,0.0,-0.06981,0.0,-0.06981,Sidewalk
498.5,123.2623,4.0113,0.06981,0.0,-0.06981,174.7377,0.6936,stand_12,352.1244,0.0,-0.06981,0.0,-0.06981,Sidewalk
499.0,123.2623,4.0113,0.03491,0.0,-0.06981,174.7377,0.6936,stand_12,352.1244,0.0,-0.06981,0.0,-0.06981,Sidewalk
499.5,123.2623,4.0113,0.0,0.0,-0.06981,174.7377,0.6936,stand_12,352.1244,0.0,-0.06981,0.0,-0.06981,Sidewalk
500.0,123.2623,4.0113,-0.03491,0.0,-0.06981,174.7377,0.6936,stand_12,352.1244,0.0,-0.06981,0.0,-0.06981,Sidewalk
500.5,123.2623,4.0113,-0.06981,0.0,-0.06981,174.7377,0.6936,stand_12,352.1244,0.0,-0.06981,0.0,-0.06981,Sidewalk
501.0,123.2623,4.0113,-0.10472,0.0,-0.06981,174.7377,0.6936,stand_12,352.1244,0.0,-0.06981,0.0,-0.06981,Sidewalk
501.5,123.2623,4.0113,-0.13963,0.0,-0.06981,174.7377,0.6936,stand_12,352.1244,0.0,-0.06981,0.0,-0.06981,Sidewalk
502.0,123.2623,4.0113,-0.17453,0.0,-0.06981,174.7377,0.6936,stand_12,352.1244,0.0,-0.06981,0.0,-0.06981,Sidewalk
502.5,123.2623,4.0113,-0.20944,0.0,-0.06981,174.7377,0.6936,stand_12,352.1244,0.0,-0.06981,0.0,-0.06981,Sidewalk
503.0,123.2623,4.0113,-0.24435,0.0,-0.06981,174.7377,0.6936,stand_12,352.1244,0.0,-0.06981,0.0,-0.06981,Sidewalk
503.5,123.2623,4.0113,-0.27925,0.0,-0.06981,174.7377,0.6936,stand_12,352.1244,0.0,-0.06981,0.0,-0.06981,Sidewalk
504.0,123.2623,4.0113,-0.31416,0.0,-0.06981,174.7377,0.6936,stand_12,352.1244,0.0,-0.06981,0.0,-0.06981,Sidewalk
504.5,123.2623,4.0113,-0.34907,0.0,-0.06981,174.7377,0.6936,stand_12,352.1244,0.0,-0.06981,0.0,-0.06981,Sidewalk
505.0,123.2623,4.0113,-0.38397,0.0,-0.06981,174.7377,0.6936,stand_12,352.1244,0.0,-0.06981,0.0,-0.06981,Sidewalk
505.5,123.2623,4.0113,-0.41888,0.0,-0.06981,174.7377,0.6936,stand_12,352.1244,0.0,-0.06981,0.0,-0.06981,Sidewalk
506.0,123.2623,4.0113,-0.45379,0.0,-0.06981,174.7377,0.6936,stand_12,352.1243,0.0,-0.06981,0.0,-0.06981,Sidewalk
506.5,123.2623,4.0113,-0.48869,0.0,-0.06981,174.7377,0.6936,stand_12,352.1243,0.0,-0.06981,0.0,-0.06981,Sidewalk
507.0,123.2623,4.0113,-0.5236,0.0,-0.06981,174.7377,0.6936,stand_12,352.1243,0.0,-0.06981,0.0,-0.06981,Sidewalk
507.5,123.2623,4.0113,-0.55851,0.0,-0.06981,174.7377,0.6936,stand_12,352.1243,0.0,-0.06981,0.0,-0.06981,Sidewalk
508.0,123.2623,4.0113,-0.59341,0.0,-0.06981,174.7377,0.6936,stand_12,352.1243,0.0,-0.06981,0.0,-0.06981,Sidewalk
508.5,123.2623,4.0113,-0.62832,0.0,-0.06981,174.7377,0.6936,stand_12,352.1243,0.0,-0.06981,0.0,-0.06981,Sidewalk
509.0,123.2623,4.0113,-0.66323,0.0,-0.06981,174.7377,0.6936,stand_12,352.1243,0.0,-0.06981,0.0,-0.06981,Sidewalk
509.5,123.2623,4.0113,-0.69813,0.0,-0.06981,174.7377,0.6936,stand_12,352.1243,0.0,-0.06981,0.0,-0.06981,Sidewalk
510.0,123.2623,4.0113,-0.73304,0.0,-0.06981,174.7377,0.6936,stand_12,352.1243,0.0,-0.06981,0.0,-0.06981,Sidewalk
510.5,123.2623,4.0113,-0.76794,0.0,-0.06981,174.7377,0.6936,stand_12,352.1243,0.0,-0.06981,0.0,-0.06981,Sidewalk
511.0,123.2623,4.0113,-0.80285,0.0,-0.06981,174.7377,0.6936,stand_12,352.1243,0.0,-0.06981,0.0,-0.06981,Sidewalk
511.5,123.2623,4.0113,-0.83776,0.0,-0.06981,174.7377,0.6936,stand_12,352.1243,0.0,-0.06981,0.0,-0.06981,Sidewalk
512.0,123.2623,4.0113,-0.87266,0.0,-0.06981,174.7377,0.6936,stand_12,352.1243,0.0,-0.06981,0.0,-0.06981,Sidewalk
512.5,123.2623,4.0113,-0.90757,0.0,-0.06981,174.7377,0.6936,stand_12,352.1243,0.0,-0.06981,0.0,-0.06981,Sidewalk
513.0,123.2623,4.0113,-0.94248,0.0,-0.06981,174.7377,0.6936,stand_12,352.1243,0.0,-0.06981,0.0,-0.06981,Sidewalk
513.5,123.2623,4.0113,-0.97738,0.0,-0.06981,174.7377,0.6936,stand_12,352.1243,0.0,-0.06981,0.0,-0.06981,Sidewalk
514.0,123.2623,4.0113,-1.01229,0.0,-0.06981,174.7377,0.6936,stand_12,352.1243,0.0,-0.06981,0.0,-0.06981,Sidewalk
514.5,123.2623,4.0113,-1.0472,0.0,-0.06981,174.7377,0.6936,stand_12,352.1243,0.0,-0.06981,0.0,-0.06981,Sidewalk
515.0,123.2623,4.0113,-1.0821,0.0,-0.06981,174.7377,0.6936,stand_12,352.1243,0.0,-0.06981,0.0,-0.06981,Sidewalk
515.5,123.2623,4.0113,-1.11701,0.0,-0.06981,174.7377,0.6936,stand_12,352.1243,0.0,-0.06981,0.0,-0.06981,Sidewalk
516.0,123.2623,4.0113,-1.15192,0.0,-0.06981,174.7377,0.6936,stand_12,352.1243,0.0,-0.06981,0.0,-0.06981,Sidewalk
516.5,123.2623,4.0113,-1.18682,0.0,-0.06981,174.7377,0.6936,stand_12,352.1243,0.0,-0.06981,0.0,-0.06981,Sidewalk
517.0,123.2623,4.0113,-1.22173,0.0,-0.06981,174.7377,0.6936,stand_12,352.1243,0.0,-0.06981,0.0,-0.06981,Sidewalk
517.5,123.2623,4.0113,-1.25664,0.0,-0.06981,174.7377,0.6936,stand_12,352.1243,0.0,-0.06981,0.0,-0.06981,Sidewalk
518.0,123.2623,4.0113,-1.29154,0.0,-0.06981,174.7377,0.6936,stand_12,352.1243,0.0,-0.06981,0.0,-0.06981,Sidewalk
518.5,123.2623,4.0113,-1.32645,0.0,-0.06981,174.7377,0.6936,stand_12,352.1243,0.0,-0.06981,0.0,-0.06981,Sidewalk
519.0,123.2623,4.0113,-1.36136,0.0,-0.06981,174.7377,0.6936,stand_12,352.1243,0.0,-0.06981,0.0,-0.06981,Sidewalk
519.5,123.2623,4.0113,-1.39626,0.0,-0.06981,174.7377,0.6936,stand_12,352.1243,0.0,-0.06981,0.0,-0.06981,Sidewalk
520.0,123.2623,4.0113,-1.43117,0.0,-0.06981,174.7377,0.6936,stand_12,352.1243,0.0,-0.06981,0.0,-0.06981,Sidewalk
520.5,123.2623,4.0113,-1.46608,0.0,-0.06981,174.7377,0.6936,stand_12,352.1243,0.0,-0.06981,0.0,-0.06981,Sidewalk
521.0,123.2623,4.0113,-1.50098,0.0,-0.06981,174.7377,0.6936,stand_12,352.1243,0.0,-0.06981,0.0,-0.06981,Sidewalk
521.5,123.2623,4.0113,-1.53589,0.0,-0.06981,174.7377,0.6937,stand_12,352.1243,0.0,-0.06981,0.0,-0.06981,Sidewalk
522.0,123.2623,4.0113,-1.5708,0.0,-0.06981,174.7377,0.6937,stand_12,352.1242,0.0,-0.06981,0.0,-0.06981,Sidewalk
522.5,123.2623,4.0113,-1.6057,0.0,-0.06981,174.7377,0.6937,stand_12,352.1242,0.0,-0.06981,0.0,-0.06981,Sidewalk
523.0,123.2623,4.0113,-1.64061,0.0,-0.06981,174.7377,0.6937,stand_12,352.1242,0.0,-0.06981,0.0,-0.06981,Sidewalk
523.5,123.2623,4.0113,-1.67552,0.0,-0.06981,174.7377,0.6937,stand_12,352.1242,0.0,-0.06981,0.0,-0.06981,Sidewalk
524.0,123.2623,4.0113,-1.71042,0.0,-0.06981,174.7377,0.6937,stand_12,352.1242,0.0,-0.06981,0.0,-0.06981,Sidewalk
524.5,123.2623,4.0113,-1.74533,0.0,-0.06981,174.7377,0.6937,stand_12,352.1242,0.0,-0.06981,0.0,-0.06981,Sidewalk
525.0,123.2623,4.0113,-1.78024,0.0,-0.06981,174.7377,0.6937,stand_12,352.1242,0.0,-0.06981,0.0,-0.06981,Sidewalk
525.5,123.2623,4.0113,-1.81514,0.0,-0.06981,174.7377,0.6937,stand_12,352.1242,0.0,-0.06981,0.0,-0.06981,Sidewalk
526.0,123.2623,4.0113,-1.85005,0.0,-0.06981,174.7377,0.6937,stand_12,352.1242,0.0,-0.06981,0.0,-0.06981,Sidewalk
526.5,123.2623,4.0113,-1.88496,0.0,-0.06981,174.7377,0.6937,stand_12,352.1242,0.0,-0.06981,0.0,-0.06981,Sidewalk
527.0,123.2623,4.0113,-1.91986,0.0,-0.06981,174.7377,0.6937,stand_12,352.1242,0.0,-0.06981,0.0,-0.06981,Sidewalk
527.5,123.2623,4.0113,-1.95477,0.0,-0.06981,174.7377,0.6937,stand_12,352.1242,0.0,-0.06981,0.0,-0.06981,Sidewalk
528.0,123.2623,4.0113,-1.98968,0.0,-0.06981,174.7377,0.6937,stand_12,352.1242,0.0,-0.06981,0.0,-0.06981,Sidewalk
528.5,123.2623,4.0113,-2.02458,0.0,-0.06981,174.7377,0.6937,stand_12,352.1242,0.0,-0.06981,0.0,-0.06981,Sidewalk
529.0,123.2623,4.0113,-2.05949,0.0,-0.06981,174.7377,0.6937,stand_12,352.1242,0.0,-0.06981,0.0,-0.06981,Sidewalk
529.5,123.2623,4.0113,-2.0944,0.0,-0.06981,174.7377,0.6937,stand_12,352.1242,0.0,-0.06981,0.0,-0.06981,Sidewalk
530.0,123.2623,4.0113,-2.1293,0.0,-0.06981,174.7377,0.6937,stand_12,352.1242,0.0,-0.06981,0.0,-0.06981,Sidewalk
530.5,123.2623,4.0113,-2.16421,0.0,-0.06981,174.7377,0.6937,stand_12,352.1242,0.0,-0.06981,0.0,-0.06981,Sidewalk
531.0,123.2623,4.0113,-2.19911,0.0,-0.06981,174.7377,0.6937,stand_12,352.1242,0.0,-0.06981,0.0,-0.06981,Sidewalk
531.5,123.2623,4.0113,-2.23402,0.0,-0.06981,174.7377,0.6937,stand_12,352.1242,0.0,-0.06981,0.0,-0.06981,Sidewalk
532.0,123.2623,4.0113,-2.26893,0.0,-0.06981,174.7377,0.6937,stand_12,352.1242,0.0,-0.06981,0.0,-0.06981,Sidewalk
532.5,123.2623,4.0113,-2.30383,0.0,-0.06981,174.7377,0.6937,stand_12,352.1242,0.0,-0.06981,0.0,-0.06981,Sidewalk
533.0,123.2623,4.0113,-2.33874,0.0,-0.06981,174.7377,0.6937,stand_12,352.1242,0.0,-0.06981,0.0,-0.06981,Sidewalk
533.5,123.2623,4.0113,-2.37365,0.0,-0.06981,174.7377,0.6937,stand_12,352.1242,0.0,-0.06981,0.0,-0.06981,Sidewalk
534.0,123.2623,4.0113,-2.40855,0.0,-0.06981,174.7377,0.6937,stand_12,352.1242,0.0,-0.06981,0.0,-0.06981,Sidewalk
534.5,123.2623,4.0113,-2.44346,0.0,-0.06981,174.7377,0.6937,stand_12,352.1242,0.0,-0.06981,0.0,-0.06981,Sidewalk
535.0,123.2623,4.0113,-2.47837,0.0,-0.06981,174.7377,0.6937,stand_12,352.1242,0.0,-0.06981,0.0,-0.06981,Sidewalk
535.5,123.2623,4.0113,-2.51327,0.0,-0.06981,174.7377,0.6937,stand_12,352.1242,0.0,-0.06981,0.0,-0.06981,Sidewalk
536.0,123.2623,4.0113,-2.54818,0.0,-0.06981,174.7377,0.6937,stand_12,352.1242,0.0,-0.06981,0.0,-0.06981,Sidewalk
536.5,123.2623,4.0113,-2.58309,0.0,-0.06981,174.7377,0.6937,stand_12,352.1242,0.0,-0.06981,0.0,-0.06981,Sidewalk
537.0,123.2623,4.0113,-2.61799,0.0,-0.06981,174.7377,0.6937,stand_12,352.1242,0.0,-0.06981,0.0,-0.06981,Sidewalk
537.5,123.2623,4.0113,-2.6529,0.0,-0.06981,174.7377,0.6937,stand_12,352.1242,0.0,-0.06981,0.0,-0.06981,Sidewalk
538.0,123.2623,4.0113,-2.68781,0.0,-0.06981,174.7377,0.6937,stand_12,352.1242,0.0,-0.06981,0.0,-0.06981,Sidewalk
538.5,123.2623,4.0113,-2.72271,0.0,-0.06981,174.7377,0.6937,stand_12,352.1241,0.0,-0.06981,0.0,-0.06981,Sidewalk
539.0,123.2623,4.0113,-2.75762,0.0,-0.06981,174.7377,0.6937,stand_12,352.1241,0.0,-0.06981,0.0,-0.06981,Sidewalk
539.5,123.2623,4.0113,-2.79253,0.0,-0.06981,174.7377,0.6937,stand_12,352.1241,0.0,-0.06981,0.0,-0.06981,Sidewalk
540.0,123.2623,4.0113,-2.82743,0.0,-0.06981,174.7377,0.6937,stand_12,352.1241,0.0,-0.06981,0.0,-0.06981,Sidewalk
540.5,123.2623,4.0113,-2.86234,0.0,-0.06981,174.7377,0.6937,stand_12,352.1241,0.0,-0.06981,0.0,-0.06981,Sidewalk
541.0,123.2623,4.0113,-2.89725,0.0,-0.06981,174.7377,0.6937,stand_12,352.1241,0.0,-0.06981,0.0,-0.06981,Sidewalk
541.5,123.2623,4.0113,-2.93215,0.0,-0.06981,174.7377,0.6937,stand_12,352.1241,0.0,-0.06981,0.0,-0.06981,Sidewalk
542.0,123.2623,4.0113,-2.96706,0.0,-0.06981,174.7377,0.6937,stand_12,352.1241,0.0,-0.06981,0.0,-0.06981,Sidewalk
542.5,123.2623,4.0113,-3.00197,0.0,-0.06981,174.7377,0.6937,stand_12,352.1241,0.0,-0.06981,0.0,-0.06981,Sidewalk
543.0,123.2623,4.0113,-3.03687,0.0,-0.06981,174.7377,0.6937,stand_12,352.1241,0.0,-0.06981,0.0,-0.06981,Sidewalk
543.5,123.2623,4.0113,-3.07178,0.0,-0.06981,174.7377,0.6937,stand_12,352.1241,0.0,-0.06981,0.0,-0.06981,Sidewalk
544.0,123.2623,4.0113,-3.10669,0.0,-0.06981,174.7377,0.6937,stand_12,352.1241,0.0,-0.06981,0.0,-0.06981,Sidewalk
544.5,123.2623,4.0113,-3.14159,0.0,-0.06981,174.7377,0.6937,stand_12,352.1241,0.0,-0.06981,0.0,-0.06981,Sidewalk
545.0,123.2623,4.0113,3.10669,0.0,-0.06981,174.7377,0.6937,stand_12,352.1241,0.0,-0.06981,0.0,-0.06981,Sidewalk
545.5,123.2623,4.0113,3.07178,0.0,-0.06981,174.7377,0.6937,stand_12,352.1241,0.0,-0.06981,0.0,-0.06981,Sidewalk
546.0,123.2623,4.0113,3.03687,0.0,-0.06981,174.7377,0.6937,stand_12,352.1241,0.0,-0.06981,0.0,-0.06981,Sidewalk
546.5,123.2623,4.0113,3.00197,0.0,-0.06981,174.7377,0.6937,stand_12,352.1241,0.0,-0.06981,0.0,-0.06981,Sidewalk
547.0,123.2623,4.0113,2.96706,0.0,-0.06981,174.7377,0.6937,stand_12,352.1241,0.0,-0.06981,0.0,-0.06981,Sidewalk
547.5,123.2623,4.0113,2.93215,0.0,-0.06981,174.7377,0.6937,stand_12,352.1241,0.0,-0.06981,0.0,-0.06981,Sidewalk
548.0,123.2623,4.0113,2.89725,0.0,-0.06981,174.7377,0.6937,stand_12,352.1241,0.0,-0.06981,0.0,-0.06981,Sidewalk
548.5,123.2623,4.0113,2.86234,0.0,-0.06981,174.7377,0.6937,stand_12,352.1241,0.0,-0.06981,0.0,-0.06981,Sidewalk
549.0,123.2623,4.0113,2.82743,0.0,-0.06981,174.7377,0.6937,stand_12,352.1241,0.0,-0.06981,0.0,-0.06981,Sidewalk
549.5,123.2623,4.0113,2.79253,0.0,-0.06981,174.7377,0.6937,stand_12,352.1241,0.0,-0.06981,0.0,-0.06981,Sidewalk
550.0,123.2623,4.0113,2.75762,0.0,-0.06981,174.7377,0.6937,stand_12,352.1241,0.0,-0.06981,0.0,-0.06981,Sidewalk
550.5,123.2623,4.0113,2.72271,0.0,-0.06981,174.7377,0.6937,stand_12,352.1241,0.0,-0.06981,0.0,-0.06981,Sidewalk
551.0,123.2623,4.0113,2.68781,0.0,-0.06981,174.7377,0.6937,stand_12,352.1241,0.0,-0.06981,0.0,-0.06981,Sidewalk
551.5,123.2623,4.0113,2.6529,0.0,-0.06981,174.7377,0.6937,stand_12,352.1241,0.0,-0.06981,0.0,-0.06981,Sidewalk
552.0,123.2623,4.0113,2.61799,0.0,-0.06981,174.7377,0.6937,stand_12,352.1241,0.0,-0.06981,0.0,-0.06981,Sidewalk
552.5,123.2623,4.0113,2.58309,0.0,-0.06981,174.7377,0.6937,stand_12,352.1241,0.0,-0.06981,0.0,-0.06981,Sidewalk
553.0,123.2623,4.0113,2.54818,0.0,-0.06981,174.7377,0.6937,stand_12,352.1241,0.0,-0.06981,0.0,-0.06981,Sidewalk
553.5,123.2623,4.0113,2.51327,0.0,-0.06981,174.7377,0.6937,stand_12,352.1241,0.0,-0.06981,0.0,-0.06981,Sidewalk
554.0,123.2623,4.0113,2.47837,0.0,-0.06981,174.7377,0.6937,stand_12,352.1241,0.0,-0.06981,0.0,-0.06981,Sidewalk
554.5,123.2623,4.0113,2.44346,0.0,-0.06981,174.7377,0.6937,stand_12,352.1241,0.0,-0.06981,0.0,-0.06981,Sidewalk
555.0,123.2623,4.0113,2.40855,0.0,-0.06981,174.7377,0.6937,stand_12,352.1241,0.0,-0.06981,0.0,-0.06981,Sidewalk
555.5,123.2623,4.0113,2.37365,0.0,-0.06981,174.7377,0.6937,stand_12,352.124,0.0,-0.06981,0.0,-0.06981,Sidewalk
556.0,123.2623,4.0113,2.33874,0.0,-0.06981,174.7377,0.6937,stand_12,352.124,0.0,-0.06981,0.0,-0.06981,Sidewalk
556.5,123.2623,4.0113,2.30383,0.0,-0.06981,174.7377,0.6937,stand_12,352.124,0.0,-0.06981,0.0,-0.06981,Sidewalk
557.0,123.2623,4.0113,2.26893,0.0,-0.06981,174.7377,0.6937,stand_12,352.124,0.0,-0.06981,0.0,-0.06981,Sidewalk
557.5,123.2623,4.0113,2.23402,0.0,-0.06981,174.7377,0.6937,stand_12,352.124,0.0,-0.06981,0.0,-0.06981,Sidewalk
558.0,123.2623,4.0113,2.19911,0.0,-0.06981,174.7377,0.6937,stand_12,352.124,0.0,-0.06981,0.0,-0.06981,Sidewalk
558.5,123.2623,4.0113,2.16421,0.0,-0.06981,174.7377,0.6937,stand_12,352.124,0.0,-0.06981,0.0,-0.06981,Sidewalk
559.0,123.2623,4.0113,2.1293,0.0,-0.06981,174.7377,0.6937,stand_12,352.124,0.0,-0.06981,0.0,-0.06981,Sidewalk
559.5,123.2623,4.0113,2.0944,0.0,-0.06981,174.7377,0.6937,stand_12,352.124,0.0,-0.06981,0.0,-0.06981,Sidewalk
560.0,123.2623,4.0113,2.05949,0.0,-0.06981,174.7377,0.6937,stand_12,352.124,0.0,-0.06981,0.0,-0.06981,Sidewalk
560.5,123.2623,4.0113,2.02458,0.0,-0.06981,174.7377,0.6937,stand_12,352.124,0.0,-0.06981,0.0,-0.06981,Sidewalk
561.0,123.2623,4.0113,1.98968,0.0,-0.06981,174.7377,0.6937,stand_12,352.124,0.0,-0.06981,0.0,-0.06981,Sidewalk
561.5,123.2623,4.0113,1.95477,0.0,-0.06981,174.7377,0.6937,stand_12,352.124,0.0,-0.06981,0.0,-0.06981,Sidewalk
562.0,123.2623,4.0113,1.91986,0.0,-0.06981,174.7377,0.6937,stand_12,352.124,0.0,-0.06981,0.0,-0.06981,Sidewalk
562.5,123.2623,4.0113,1.88496,0.0,-0.06981,174.7377,0.6937,stand_12,352.124,0.0,-0.06981,0.0,-0.06981,Sidewalk
563.0,123.2623,4.0113,1.85005,0.0,-0.06981,174.7377,0.6937,stand_12,352.124,0.0,-0.06981,0.0,-0.06981,Sidewalk
563.5,123.2623,4.0113,1.81514,0.0,-0.06981,174.7377,0.6937,stand_12,352.124,0.0,-0.06981,0.0,-0.06981,Sidewalk
564.0,123.2623,4.0113,1.78024,0.0,-0.06981,174.7377,0.6937,stand_12,352.124,0.0,-0.06981,0.0,-0.06981,Sidewalk
564.5,123.2623,4.0113,1.74533,0.0,-0.06981,174.7377,0.6937,stand_12,352.124,0.0,-0.06981,0.0,-0.06981,Sidewalk
565.0,123.2623,4.0113,1.71042,0.0,-0.06981,174.7377,0.6937,stand_12,352.124,0.0,-0.06981,0.0,-0.06981,Sidewalk
565.5,123.2623,4.0113,1.67552,0.0,-0.06981,174.7377,0.6937,stand_12,352.124,0.0,-0.06981,0.0,-0.06981,Sidewalk
566.0,123.2623,4.0113,1.64061,0.0,-0.06981,174.7377,0.6937,stand_12,352.124,0.0,-0.06981,0.0,-0.06981,Sidewalk
566.5,123.2623,4.0113,1.6057,0.0,-0.06981,174.7377,0.6937,stand_12,352.124,0.0,-0.06981,0.0,-0.06981,Sidewalk
567.0,123.2623,4.0113,1.5708,0.0,-0.06981,174.7377,0.6937,stand_12,352.124,0.0,-0.06981,0.0,-0.06981,Sidewalk
567.5,123.2623,4.0113,1.53589,0.0,-0.06981,174.7377,0.6937,stand_12,352.124,0.0,-0.06981,0.0,-0.06981,Sidewalk
568.0,123.2623,4.0113,1.50098,0.0,-0.06981,174.7377,0.6937,stand_12,352.124,0.0,-0.06981,0.0,-0.06981,Sidewalk
568.5,123.2623,4.0113,1.46608,0.0,-0.06981,174.7377,0.6937,stand_12,352.124,0.0,-0.06981,0.0,-0.06981,Sidewalk
569.0,123.2623,4.0113,1.43117,0.0,-0.06981,174.7377,0.6937,stand_12,352.124,0.0,-0.06981,0.0,-0.06981,Sidewalk
569.5,123.2623,4.0113,1.39626,0.0,-0.06981,174.7377,0.6937,stand_12,352.124,0.0,-0.06981,0.0,-0.06981,Sidewalk
570.0,123.2623,4.0113,1.36136,0.0,-0.06981,174.7377,0.6937,stand_12,352.124,0.0,-0.06981,0.0,-0.06981,Sidewalk
570.5,123.2623,4.0113,1.32645,0.0,-0.06981,174.7377,0.6937,stand_12,352.124,0.0,-0.06981,0.0,-0.06981,Sidewalk
571.0,123.2623,4.0113,1.29154,0.0,-0.06981,174.7377,0.6937,stand_12,352.124,0.0,-0.06981,0.0,-0.06981,Sidewalk
571.5,123.2623,4.0113,1.25664,0.0,-0.06981,174.7377,0.6937,stand_12,352.124,0.0,-0.06981,0.0,-0.06981,Sidewalk
572.0,123.2623,4.0113,1.22173,0.0,-0.06981,174.7377,0.6937,stand_12,352.124,0.0,-0.06981,0.0,-0.06981,Sidewalk
572.5,123.2623,4.0113,1.18682,0.0,-0.06981,174.7377,0.6937,stand_12,352.124,0.0,-0.06981,0.0,-0.06981,Sidewalk
573.0,123.2623,4.0113,1.15192,0.0,-0.06981,174.7377,0.6937,stand_12,352.124,0.0,-0.06981,0.0,-0.06981,Sidewalk
573.5,123.2623,4.0113,1.11701,0.0,-0.06981,174.7377,0.6937,stand_12,352.1239,0.0,-0.06981,0.0,-0.06981,Sidewalk
574.0,123.2623,4.0113,1.0821,0.0,-0.06981,174.7377,0.6937,stand_12,352.1239,0.0,-0.06981,0.0,-0.06981,Sidewalk
574.5,123.2623,4.0113,1.0472,0.0,-0.06981,174.7377,0.6937,stand_12,352.1239,0.0,-0.06981,0.0,-0.06981,Sidewalk
575.0,123.2623,4.0113,1.01229,0.0,-0.06981,174.7377,0.6937,stand_12,352.1239,0.0,-0.06981,0.0,-0.06981,Sidewalk
575.5,123.2623,4.0113,0.97738,0.0,-0.06981,174.7377,0.6937,stand_12,352.1239,0.0,-0.06981,0.0,-0.06981,Sidewalk
576.0,123.2623,4.0113,0.94248,0.0,-0.06981,174.7377,0.6937,stand_12,352.1239,0.0,-0.06981,0.0,-0.06981,Sidewalk
576.5,123.2623,4.0113,0.90757,0.0,-0.06981,174.7377,0.6937,stand_12,352.1239,0.0,-0.06981,0.0,-0.06981,Sidewalk
577.0,123.2623,4.0113,0.87266,0.0,-0.06981,174.7377,0.6937,stand_12,352.1239,0.0,-0.06981,0.0,-0.06981,Sidewalk
577.5,123.2623,4.0113,0.83776,0.0,-0.06981,174.7377,0.6937,stand_12,352.1239,0.0,-0.06981,0.0,-0.06981,Sidewalk
578.0,123.2623,4.0113,0.80285,0.0,-0.06981,174.7377,0.6937,stand_12,352.1239,0.0,-0.06981,0.0,-0.06981,Sidewalk
578.5,123.2623,4.0113,0.76794,0.0,-0.06981,174.7377,0.6937,stand_12,352.1239,0.0,-0.06981,0.0,-0.06981,Sidewalk
579.0,123.2623,4.0113,0.73304,0.0,-0.06981,174.7377,0.6937,stand_12,352.1239,0.0,-0.06981,0.0,-0.06981,Sidewalk
579.5,123.2623,4.0113,0.69813,0.0,-0.06981,174.7377,0.6937,stand_12,352.1239,0.0,-0.06981,0.0,-0.06981,Sidewalk
580.0,123.2623,4.0113,0.66323,0.0,-0.06981,174.7377,0.6937,stand_12,352.1239,0.0,-0.06981,0.0,-0.06981,Sidewalk
580.5,123.2623,4.0113,0.62832,0.0,-0.06981,174.7377,0.6937,stand_12,352.1239,0.0,-0.06981,0.0,-0.06981,Sidewalk
581.0,123.2623,4.0113,0.59341,0.0,-0.06981,174.7377,0.6937,stand_12,352.1239,0.0,-0.06981,0.0,-0.06981,Sidewalk
581.5,123.2623,4.0113,0.55851,0.0,-0.06981,174.7377,0.6937,stand_12,352.1239,0.0,-0.06981,0.0,-0.06981,Sidewalk
582.0,123.2623,4.0113,0.5236,0.0,-0.06981,174.7377,0.6937,stand_12,352.1239,0.0,-0.06981,0.0,-0.06981,Sidewalk
582.5,123.2623,4.0113,0.48869,0.0,-0.06981,174.7377,0.6937,stand_12,352.1239,0.0,-0.06981,0.0,-0.06981,Sidewalk
583.0,123.2623,4.0113,0.45379,0.0,-0.06981,174.7377,0.6937,stand_12,352.1239,0.0,-0.06981,0.0,-0.06981,Sidewalk
583.5,123.2623,4.0113,0.41888,0.0,-0.06981,174.7377,0.6937,stand_12,352.1239,0.0,-0.06981,0.0,-0.06981,Sidewalk
584.0,123.2623,4.0113,0.38397,0.0,-0.06981,174.7377,0.6937,stand_12,352.1239,0.0,-0.06981,0.0,-0.06981,Sidewalk
584.5,123.2623,4.0113,0.34907,0.0,-0.06981,174.7377,0.6937,stand_12,352.1239,0.0,-0.06981,0.0,-0.06981,Sidewalk
585.0,123.2623,4.0113,0.31416,0.0,-0.06981,174.7377,0.6937,stand_12,352.1239,0.0,-0.06981,0.0,-0.06981,Sidewalk
585.5,123.2623,4.0113,0.27925,0.0,-0.06981,174.7377,0.6937,stand_12,352.1239,0.0,-0.06981,0.0,-0.06981,Sidewalk
586.0,123.2623,4.0113,0.24435,0.0,-0.06981,174.7377,0.6937,stand_12,352.1239,0.0,-0.06981,0.0,-0.06981,Sidewalk
586.5,123.2623,4.0113,0.20944,0.0,-0.06981,174.7377,0.6937,stand_12,352.1239,0.0,-0.06981,0.0,-0.06981,Sidewalk
587.0,123.2623,4.0113,0.17453,0.0,-0.06981,174.7377,0.6937,stand_12,352.1239,0.0,-0.06981,0.0,-0.06981,Sidewalk
587.5,123.2623,4.0113,0.13963,0.0,-0.06981,174.7377,0.6937,stand_12,352.1239,0.0,-0.06981,0.0,-0.06981,Sidewalk
588.0,123.2623,4.0113,0.10472,0.0,-0.06981,174.7377,0.6937,stand_12,352.1239,0.0,-0.06981,0.0,-0.06981,Sidewalk
588.5,123.2623,4.0113,0.06981,0.0,-0.06981,174.7377,0.6937,stand_12,352.1239,0.0,-0.06981,0.0,-0.06981,Sidewalk
589.0,123.2623,4.0113,0.03491,0.0,-0.06981,174.7377,0.6937,stand_12,352.1238,0.0,-0.06981,0.0,-0.06981,Sidewalk
589.5,123.2623,4.0113,0.0,0.0,-0.06981,174.7377,0.6937,stand_12,352.1238,0.0,-0.06981,0.0,-0.06981,Sidewalk
590.0,123.2623,4.0113,-0.03491,0.0,-0.06981,174.7377,0.6937,stand_12,352.1238,0.0,-0.06981,0.0,-0.06981,Sidewalk
590.5,123.2623,4.0113,-0.06981,0.0,-0.06981,174.7377,0.6937,stand_12,352.1238,0.0,-0.06981,0.0,-0.06981,Sidewalk
591.0,123.2623,4.0113,-0.10472,0.0,-0.06981,174.7377,0.6937,stand_12,352.1238,0.0,-0.06981,0.0,-0.06981,Sidewalk
591.5,123.2623,4.0113,-0.13963,0.0,-0.06981,174.7377,0.6937,stand_12,352.1238,0.0,-0.06981,0.0,-0.06981,Sidewalk
592.0,123.2623,4.0113,-0.17453,0.0,-0.06981,174.7377,0.6937,stand_12,352.1238,0.0,-0.06981,0.0,-0.06981,Sidewalk
592.5,123.2623,4.0113,-0.20944,0.0,-0.06981,174.7377,0.6937,stand_12,352.1238,0.0,-0.06981,0.0,-0.06981,Sidewalk
593.0,123.2623,4.0113,-0.24435,0.0,-0.06981,174.7377,0.6937,stand_12,352.1238,0.0,-0.06981,0.0,-0.06981,Sidewalk
593.5,123.2623,4.0113,-0.27925,0.0,-0.06981,174.7377,0.6937,stand_12,352.1238,0.0,-0.06981,0.0,-0.06981,Sidewalk
594.0,123.2623,4.0113,-0.31416,0.0,-0.06981,174.7377,0.6937,stand_12,352.1238,0.0,-0.06981,0.0,-0.06981,Sidewalk
594.5,123.2623,4.0113,-0.34907,0.0,-0.06981,174.7377,0.6937,stand_12,352.1238,0.0,-0.06981,0.0,-0.06981,Sidewalk
595.0,123.2623,4.0113,-0.38397,0.0,-0.06981,174.7377,0.6937,stand_12,352.1238,0.0,-0.06981,0.0,-0.06981,Sidewalk
595.5,123.2623,4.0113,-0.41888,0.0,-0.06981,174.7377,0.6937,stand_12,352.1238,0.0,-0.06981,0.0,-0.06981,Sidewalk
596.0,123.2623,4.0113,-0.45379,0.0,-0.06981,174.7377,0.6937,stand_12,352.1238,0.0,-0.06981,0.0,-0.06981,Sidewalk
596.5,123.2623,4.0113,-0.48869,0.0,-0.06981,174.7377,0.6937,stand_12,352.1238,0.0,-0.06981,0.0,-0.06981,Sidewalk
597.0,123.2623,4.0113,-0.5236,0.0,-0.06981,174.7377,0.6937,stand_12,352.1238,0.0,-0.06981,0.0,-0.06981,Sidewalk
597.5,123.2623,4.0113,-0.55851,0.0,-0.06981,174.7377,0.6937,stand_12,352.1238,0.0,-0.06981,0.0,-0.06981,Sidewalk
598.0,123.2623,4.0113,-0.59341,0.0,-0.06981,174.7377,0.6937,stand_12,352.1238,0.0,-0.06981,0.0,-0.06981,Sidewalk
598.5,123.2623,4.0113,-0.62832,0.0,-0.06981,174.7377,0.6937,stand_12,352.1238,0.0,-0.06981,0.0,-0.06981,Sidewalk
599.0,123.2623,4.0113,-0.66323,0.0,-0.06981,174.7377,0.6937,stand_12,352.1238,0.0,-0.06981,0.0,-0.06981,Sidewalk
599.5,123.2623,4.0113,-0.69813,0.0,-0.06981,174.7377,0.6937,stand_12,352.1238,0.0,-0.06981,0.0,-0.06981,Sidewalk
600.0,123.2623,4.0113,-0.73304,0.0,-0.06981,174.7377,0.6937,stand_12,352.1238,0.0,-0.06981,0.0,-0.06981,Sidewalk
600.5,123.2623,4.0113,-0.76794,0.0,-0.06981,174.7377,0.6937,stand_12,352.1238,0.0,-0.06981,0.0,-0.06981,Sidewalk
601.0,123.2623,4.0113,-0.80285,0.0,-0.06981,174.7377,0.6937,stand_12,352.1238,0.0,-0.06981,0.0,-0.06981,Sidewalk
601.5,123.2623,4.0113,-0.83776,0.0,-0.06981,174.7377,0.6937,stand_12,352.1238,0.0,-0.06981,0.0,-0.06981,Sidewalk
602.0,123.2623,4.0113,-0.87266,0.0,-0.06981,174.7377,0.6937,stand_12,352.1238,0.0,-0.06981,0.0,-0.06981,Sidewalk
602.5,123.2623,4.0113,-0.90757,0.0,-0.06981,174.7377,0.6937,stand_12,352.1238,0.0,-0.06981,0.0,-0.06981,Sidewalk
603.0,123.2623,4.0113,-0.94248,0.0,-0.06981,174.7377,0.6937,stand_12,352.1238,0.0,-0.06981,0.0,-0.06981,Sidewalk
603.5,123.2623,4.0113,-0.97738,0.0,-0.06981,174.7377,0.6937,stand_12,352.1238,0.0,-0.06981,0.0,-0.06981,Sidewalk
604.0,123.2623,4.0113,-1.01229,0.0,-0.06981,174.7377,0.6937,stand_12,352.1238,0.0,-0.06981,0.0,-0.06981,Sidewalk
604.5,123.2623,4.0113,-1.0472,0.0,-0.06981,174.7377,0.6937,stand_12,352.1238,0.0,-0.06981,0.0,-0.06981,Sidewalk
605.0,123.2623,4.0113,-1.0821,0.0,-0.06981,174.7377,0.6937,stand_12,352.1237,0.0,-0.06981,0.0,-0.06981,Sidewalk
605.5,123.2623,4.0113,-1.11701,0.0,-0.06981,174.7377,0.6937,stand_12,352.1237,0.0,-0.06981,0.0,-0.06981,Sidewalk
606.0,123.2623,4.0113,-1.15192,0.0,-0.06981,174.7377,0.6937,stand_12,352.1237,0.0,-0.06981,0.0,-0.06981,Sidewalk
606.5,123.2623,4.0113,-1.18682,0.0,-0.06981,174.7377,0.6937,stand_12,352.1237,0.0,-0.06981,0.0,-0.06981,Sidewalk
607.0,123.2623,4.0113,-1.22173,0.0,-0.06981,174.7377,0.6937,stand_12,352.1237,0.0,-0.06981,0.0,-0.06981,Sidewalk
607.5,123.2623,4.0113,-1.25664,0.0,-0.06981,174.7377,0.6937,stand_12,352.1237,0.0,-0.06981,0.0,-0.06981,Sidewalk
608.0,123.2623,4.0113,-1.29154,0.0,-0.06981,174.7377,0.6937,stand_12,352.1237,0.0,-0.06981,0.0,-0.06981,Sidewalk
608.5,123.2623,4.0113,-1.32645,0.0,-0.06981,174.7377,0.6937,stand_12,352.1237,0.0,-0.06981,0.0,-0.06981,Sidewalk
609.0,123.2623,4.0113,-1.36136,0.0,-0.06981,174.7377,0.6937,stand_12,352.1237,0.0,-0.06981,0.0,-0.06981,Sidewalk
609.5,123.2623,4.0113,-1.39626,0.0,-0.06981,174.7377,0.6937,stand_12,352.1237,0.0,-0.06981,0.0,-0.06981,Sidewalk
610.0,123.2623,4.0113,-1.43117,0.0,-0.06981,174.7377,0.6937,stand_12,352.1237,0.0,-0.06981,0.0,-0.06981,Sidewalk
610.5,123.2623,4.0113,-1.46608,0.0,-0.06981,174.7377,0.6937,stand_12,352.1237,0.0,-0.06981,0.0,-0.06981,Sidewalk
611.0,123.2623,4.0113,-1.50098,0.0,-0.06981,174.7377,0.6937,stand_12,352.1237,0.0,-0.06981,0.0,-0.06981,Sidewalk
611.5,123.2623,4.0113,-1.53589,0.0,-0.06981,174.7377,0.6937,stand_12,352.1237,0.0,-0.06981,0.0,-0.06981,Sidewalk
612.0,123.2623,4.0113,-1.5708,0.0,-0.06981,174.7377,0.6937,stand_12,352.1237,0.0,-0.06981,0.0,-0.06981,Sidewalk
612.5,123.2623,4.0113,-1.6057,0.0,-0.06981,174.7377,0.6937,stand_12,352.1237,0.0,-0.06981,0.0,-0.06981,Sidewalk
613.0,123.2623,4.0113,-1.64061,0.0,-0.06981,174.7377,0.6937,stand_12,352.1237,0.0,-0.06981,0.0,-0.06981,Sidewalk
613.5,123.2623,4.0113,-1.67552,0.0,-0.06981,174.7377,0.6937,stand_12,352.1237,0.0,-0.06981,0.0,-0.06981,Sidewalk
614.0,123.2623,4.0113,-1.71042,0.0,-0.06981,174.7377,0.6937,stand_12,352.1237,0.0,-0.06981,0.0,-0.06981,Sidewalk
614.5,123.2623,4.0113,-1.74533,0.0,-0.06981,174.7377,0.6937,stand_12,352.1237,0.0,-0.06981,0.0,-0.06981,Sidewalk
615.0,123.2623,4.0113,-1.78024,0.0,-0.06981,174.7377,0.6937,stand_12,352.1237,0.0,-0.06981,0.0,-0.06981,Sidewalk
615.5,123.2623,4.0113,-1.81514,0.0,-0.06981,174.7377,0.6937,stand_12,352.1237,0.0,-0.06981,0.0,-0.06981,Sidewalk
616.0,123.2623,4.0113,-1.85005,0.0,-0.06981,174.7377,0.6937,stand_12,352.1237,0.0,-0.06981,0.0,-0.06981,Sidewalk
616.5,123.2623,4.0113,-1.88496,0.0,-0.06981,174.7377,0.6937,stand_12,352.1237,0.0,-0.06981,0.0,-0.06981,Sidewalk
617.0,123.2623,4.0113,-1.91986,0.0,-0.06981,174.7377,0.6937,stand_12,352.1237,0.0,-0.06981,0.0,-0.06981,Sidewalk
617.5,123.2623,4.0113,-1.95477,0.0,-0.06981,174.7377,0.6937,stand_12,352.1237,0.0,-0.06981,0.0,-0.06981,Sidewalk
618.0,123.2623,4.0113,-1.98968,0.0,-0.06981,174.7377,0.6937,stand_12,352.1237,0.0,-0.06981,0.0,-0.06981,Sidewalk
618.5,123.2623,4.0113,-2.02458,0.0,-0.06981,174.7377,0.6937,stand_12,352.1237,0.0,-0.06981,0.0,-0.06981,Sidewalk
619.0,123.2623,4.0113,-2.05949,0.0,-0.06981,174.7377,0.6937,stand_12,352.1237,0.0,-0.06981,0.0,-0.06981,Sidewalk
619.5,123.2623,4.0113,-2.0944,0.0,-0.06981,174.7377,0.6937,stand_12,352.1237,0.0,-0.06981,0.0,-0.06981,Sidewalk
620.0,123.2623,4.0113,-2.1293,0.0,-0.06981,174.7377,0.6937,stand_12,352.1237,0.0,-0.06981,0.0,-0.06981,Sidewalk
620.5,123.2623,4.0113,-2.16421,0.0,-0.06981,174.7377,0.6937,stand_12,352.1236,0.0,-0.06981,0.0,-0.06981,Sidewalk
621.0,123.2623,4.0113,-2.19911,0.0,-0.06981,174.7377,0.6937,stand_12,352.1236,0.0,-0.06981,0.0,-0.06981,Sidewalk
621.5,123.2623,4.0113,-2.23402,0.0,-0.06981,174.7377,0.6937,stand_12,352.1236,0.0,-0.06981,0.0,-0.06981,Sidewalk
622.0,123.2623,4.0113,-2.26893,0.0,-0.06981,174.7377,0.6937,stand_12,352.1236,0.0,-0.06981,0.0,-0.06981,Sidewalk
622.5,123.2623,4.0113,-2.30383,0.0,-0.06981,174.7377,0.6937,stand_12,352.1236,0.0,-0.06981,0.0,-0.06981,Sidewalk
623.0,123.2623,4.0113,-2.33874,0.0,-0.06981,174.7377,0.6937,stand_12,352.1236,0.0,-0.06981,0.0,-0.06981,Sidewalk
623.5,123.2623,4.0113,-2.37365,0.0,-0.06981,174.7377,0.6937,stand_12,352.1236,0.0,-0.06981,0.0,-0.06981,Sidewalk
624.0,123.2623,4.0113,-2.40855,0.0,-0.06981,174.7377,0.6937,stand_12,352.1236,0.0,-0.06981,0.0,-0.06981,Sidewalk
624.5,123.2623,4.0113,-2.44346,0.0,-0.06981,174.7377,0.6937,stand_12,352.1236,0.0,-0.06981,0.0,-0.06981,Sidewalk
625.0,123.2623,4.0113,-2.47837,0.0,-0.06981,174.7377,0.6937,stand_12,352.1236,0.0,-0.06981,0.0,-0.06981,Sidewalk
625.5,123.2623,4.0113,-2.51327,0.0,-0.06981,174.7377,0.6937,stand_12,352.1236,0.0,-0.06981,0.0,-0.06981,Sidewalk
626.0,123.2623,4.0113,-2.54818,0.0,-0.06981,174.7377,0.6937,stand_12,352.1236,0.0,-0.06981,0.0,-0.06981,Sidewalk
626.5,123.2623,4.0113,-2.58309,0.0,-0.06981,174.7377,0.6937,stand_12,352.1236,0.0,-0.06981,0.0,-0.06981,Sidewalk
627.0,123.2623,4.0113,-2.61799,0.0,-0.06981,174.7377,0.6937,stand_12,352.1236,0.0,-0.06981,0.0,-0.06981,Sidewalk
627.5,123.2623,4.0113,-2.6529,0.0,-0.06981,174.7377,0.6937,stand_12,352.1236,0.0,-0.06981,0.0,-0.06981,Sidewalk
628.0,123.2623,4.0113,-2.68781,0.0,-0.06981,174.7377,0.6937,stand_12,352.1236,0.0,-0.06981,0.0,-0.06981,Sidewalk
628.5,123.2623,4.0113,-2.72271,0.0,-0.06981,174.7377,0.6937,stand_12,352.1236,0.0,-0.06981,0.0,-0.06981,Sidewalk
629.0,123.2623,4.0113,-2.75762,0.0,-0.06981,174.7377,0.6937,stand_12,352.1236,0.0,-0.06981,0.0,-0.06981,Sidewalk
629.5,123.2623,4.0113,-2.79253,0.0,-0.06981,174.7377,0.6937,stand_12,352.1236,0.0,-0.06981,0.0,-0.06981,Sidewalk
630.0,123.2623,4.0113,-2.82743,0.0,-0.06981,174.7377,0.6937,stand_12,352.1236,0.0,-0.06981,0.0,-0.06981,Sidewalk
630.5,123.2623,4.0113,-2.86234,0.0,-0.06981,174.7377,0.6937,stand_12,352.1236,0.0,-0.06981,0.0,-0.06981,Sidewalk
631.0,123.2623,4.0113,-2.89725,0.0,-0.06981,174.7377,0.6937,stand_12,352.1236,0.0,-0.06981,0.0,-0.06981,Sidewalk
631.5,123.2623,4.0113,-2.93215,0.0,-0.06981,174.7377,0.6937,stand_12,352.1236,0.0,-0.06981,0.0,-0.06981,Sidewalk
632.0,123.2623,4.0113,-2.96706,0.0,-0.06981,174.7377,0.6937,stand_12,352.1236,0.0,-0.06981,0.0,-0.06981,Sidewalk
632.5,123.2623,4.0113,-3.00197,0.0,-0.06981,174.7377,0.6937,stand_12,352.1236,0.0,-0.06981,0.0,-0.06981,Sidewalk
633.0,123.2623,4.0113,-3.03687,0.0,-0.06981,174.7377,0.6937,stand_12,352.1236,0.0,-0.06981,0.0,-0.06981,Sidewalk
633.5,123.2623,4.0113,-3.07178,0.0,-0.06981,174.7377,0.6937,stand_12,352.1236,0.0,-0.06981,0.0,-0.06981,Sidewalk
634.0,123.2623,4.0113,-3.10669,0.0,-0.06981,174.7377,0.6937,stand_12,352.1236,0.0,-0.06981,0.0,-0.06981,Sidewalk
634.5,123.2623,4.0113,-3.14159,0.0,-0.06981,174.7377,0.6937,stand_12,352.1236,0.0,-0.06981,0.0,-0.06981,Sidewalk
635.0,123.2623,4.0113,3.10669,0.0,-0.06981,174.7377,0.6937,stand_12,352.1236,0.0,-0.06981,0.0,-0.06981,Sidewalk
635.5,123.2623,4.0113,3.07178,0.0,-0.06981,174.7377,0.6937,stand_12,352.1236,0.0,-0.06981,0.0,-0.06981,Sidewalk
636.0,123.2623,4.0113,3.03687,0.0,-0.06981,174.7377,0.6938,stand_12,352.1236,0.0,-0.06981,0.0,-0.06981,Sidewalk
636.5,123.2623,4.0113,3.00197,0.0,-0.06981,174.7377,0.6938,stand_12,352.1236,0.0,-0.06981,0.0,-0.06981,Sidewalk
637.0,123.2623,4.0113,2.96706,0.0,-0.06981,174.7377,0.6938,stand_12,352.1236,0.0,-0.06981,0.0,-0.06981,Sidewalk
637.5,123.2623,4.0113,2.93215,0.0,-0.06981,174.7377,0.6938,stand_12,352.1236,0.0,-0.06981,0.0,-0.06981,Sidewalk
638.0,123.2623,4.0113,2.89725,0.0,-0.06981,174.7377,0.6938,stand_12,352.1236,0.0,-0.06981,0.0,-0.06981,Sidewalk
638.5,123.2623,4.0113,2.86234,0.0,-0.06981,174.7377,0.6938,stand_12,352.1235,0.0,-0.06981,0.0,-0.06981,Sidewalk
639.0,123.2623,4.0113,2.82743,0.0,-0.06981,174.7377,0.6938,stand_12,352.1235,0.0,-0.06981,0.0,-0.06981,Sidewalk
639.5,123.2623,4.0113,2.79253,0.0,-0.06981,174.7377,0.6938,stand_12,352.1235,0.0,-0.06981,0.0,-0.06981,Sidewalk
640.0,123.2623,4.0113,2.75762,0.0,-0.06981,174.7377,0.6938,stand_12,352.1235,0.0,-0.06981,0.0,-0.06981,Sidewalk
640.5,123.2623,4.0113,2.72271,0.0,-0.06981,174.7377,0.6938,stand_12,352.1235,0.0,-0.06981,0.0,-0.06981,Sidewalk
641.0,123.2623,4.0113,2.68781,0.0,-0.06981,174.7377,0.6938,stand_12,352.1235,0.0,-0.06981,0.0,-0.06981,Sidewalk
641.5,123.2623,4.0113,2.6529,0.0,-0.06981,174.7377,0.6938,stand_12,352.1235,0.0,-0.06981,0.0,-0.06981,Sidewalk
642.0,123.2623,4.0113,2.61799,0.0,-0.06981,174.7377,0.6938,stand_12,352.1235,0.0,-0.06981,0.0,-0.06981,Sidewalk
642.5,123.2623,4.0113,2.58309,0.0,-0.06981,174.7377,0.6938,stand_12,352.1235,0.0,-0.06981,0.0,-0.06981,Sidewalk
643.0,123.2623,4.0113,2.54818,0.0,-0.06981,174.7377,0.6938,stand_12,352.1235,0.0,-0.06981,0.0,-0.06981,Sidewalk
643.5,123.2623,4.0113,2.51327,0.0,-0.06981,174.7377,0.6938,stand_12,352.1235,0.0,-0.06981,0.0,-0.06981,Sidewalk
644.0,123.2623,4.0113,2.47837,0.0,-0.06981,174.7377,0.6938,stand_12,352.1235,0.0,-0.06981,0.0,-0.06981,Sidewalk
644.5,123.2623,4.0113,2.44346,0.0,-0.06981,174.7377,0.6938,stand_12,352.1235,0.0,-0.06981,0.0,-0.06981,Sidewalk
645.0,123.2623,4.0113,2.40855,0.0,-0.06981,174.7377,0.6938,stand_12,352.1235,0.0,-0.06981,0.0,-0.06981,Sidewalk
645.5,123.2623,4.0113,2.37365,0.0,-0.06981,174.7377,0.6938,stand_12,352.1235,0.0,-0.06981,0.0,-0.06981,Sidewalk
646.0,123.2623,4.0113,2.33874,0.0,-0.06981,174.7377,0.6938,stand_12,352.1235,0.0,-0.06981,0.0,-0.06981,Sidewalk
646.5,123.2623,4.0113,2.30383,0.0,-0.06981,174.7377,0.6938,stand_12,352.1235,0.0,-0.06981,0.0,-0.06981,Sidewalk
647.0,123.2623,4.0113,2.26893,0.0,-0.06981,174.7377,0.6938,stand_12,352.1235,0.0,-0.06981,0.0,-0.06981,Sidewalk
647.5,123.2623,4.0113,2.23402,0.0,-0.06981,174.7377,0.6938,stand_12,352.1235,0.0,-0.06981,0.0,-0.06981,Sidewalk
648.0,123.2623,4.0113,2.19911,0.0,-0.06981,174.7377,0.6938,stand_12,352.1235,0.0,-0.06981,0.0,-0.06981,Sidewalk
648.5,123.2623,4.0113,2.16421,0.0,-0.06981,174.7377,0.6938,stand_12,352.1235,0.0,-0.06981,0.0,-0.06981,Sidewalk
649.0,123.2623,4.0113,2.1293,0.0,-0.06981,174.7377,0.6938,stand_12,352.1235,0.0,-0.06981,0.0,-0.06981,Sidewalk
649.5,123.2623,4.0113,2.0944,0.0,-0.06981,174.7377,0.6938,stand_12,352.1235,0.0,-0.06981,0.0,-0.06981,Sidewalk
650.0,123.2623,4.0113,2.05949,0.0,-0.06981,174.7377,0.6938,stand_12,352.1235,0.0,-0.06981,0.0,-0.06981,Sidewalk
650.5,123.2623,4.0113,2.02458,0.0,-0.06981,174.7377,0.6938,stand_12,352.1235,0.0,-0.06981,0.0,-0.06981,Sidewalk
651.0,123.2623,4.0113,1.98968,0.0,-0.06981,174.7377,0.6938,stand_12,352.1235,0.0,-0.06981,0.0,-0.06981,Sidewalk
651.5,123.2623,4.0113,1.95477,0.0,-0.06981,174.7377,0.6938,stand_12,352.1235,0.0,-0.06981,0.0,-0.06981,Sidewalk
652.0,123.2623,4.0113,1.91986,0.0,-0.06981,174.7377,0.6938,stand_12,352.1235,0.0,-0.06981,0.0,-0.06981,Sidewalk
652.5,123.2623,4.0113,1.88496,0.0,-0.06981,174.7377,0.6938,stand_12,352.1235,0.0,-0.06981,0.0,-0.06981,Sidewalk
653.0,123.2623,4.0113,1.85005,0.0,-0.06981,174.7377,0.6938,stand_12,352.1235,0.0,-0.06981,0.0,-0.06981,Sidewalk
653.5,123.2623,4.0113,1.81514,0.0,-0.06981,174.7377,0.6938,stand_12,352.1235,0.0,-0.06981,0.0,-0.06981,Sidewalk
654.0,123.2623,4.0113,1.78024,0.0,-0.06981,174.7377,0.6938,stand_12,352.1235,0.0,-0.06981,0.0,-0.06981,Sidewalk
654.5,123.2623,4.0113,1.74533,0.0,-0.06981,174.7377,0.6938,stand_12,352.1235,0.0,-0.06981,0.0,-0.06981,Sidewalk
655.0,123.2623,4.0113,1.71042,0.0,-0.06981,174.7377,0.6938,stand_12,352.1234,0.0,-0.06981,0.0,-0.06981,Sidewalk
655.5,123.2623,4.0113,1.67552,0.0,-0.06981,174.7377,0.6938,stand_12,352.1234,0.0,-0.06981,0.0,-0.06981,Sidewalk
656.0,123.2623,4.0113,1.64061,0.0,-0.06981,174.7377,0.6938,stand_12,352.1234,0.0,-0.06981,0.0,-0.06981,Sidewalk
656.5,123.2623,4.0113,1.6057,0.0,-0.06981,174.7377,0.6938,stand_12,352.1234,0.0,-0.06981,0.0,-0.06981,Sidewalk
657.0,123.2623,4.0113,1.5708,0.0,-0.06981,174.7377,0.6938,stand_12,352.1234,0.0,-0.06981,0.0,-0.06981,Sidewalk
657.5,123.2623,4.0113,1.53589,0.0,-0.06981,174.7377,0.6938,stand_12,352.1234,0.0,-0.06981,0.0,-0.06981,Sidewalk
658.0,123.2623,4.0113,1.50098,0.0,-0.06981,174.7377,0.6938,stand_12,352.1234,0.0,-0.06981,0.0,-0.06981,Sidewalk
658.5,123.2623,4.0113,1.46608,0.0,-0.06981,174.7377,0.6938,stand_12,352.1234,0.0,-0.06981,0.0,-0.06981,Sidewalk
659.0,123.2623,4.0113,1.43117,0.0,-0.06981,174.7377,0.6938,stand_12,352.1234,0.0,-0.06981,0.0,-0.06981,Sidewalk
659.5,123.2623,4.0113,1.39626,0.0,-0.06981,174.7377,0.6938,stand_12,352.1234,0.0,-0.06981,0.0,-0.06981,Sidewalk
660.0,123.2623,4.0113,1.36136,0.0,-0.06981,174.7377,0.6938,stand_12,352.1234,0.0,-0.06981,0.0,-0.06981,Sidewalk
660.5,123.2623,4.0113,1.32645,0.0,-0.06981,174.7377,0.6938,stand_12,352.1234,0.0,-0.06981,0.0,-0.06981,Sidewalk
661.0,123.2623,4.0113,1.29154,0.0,-0.06981,174.7377,0.6938,stand_12,352.1234,0.0,-0.06981,0.0,-0.06981,Sidewalk
661.5,123.2623,4.0113,1.25664,0.0,-0.06981,174.7377,0.6938,stand_12,352.1234,0.0,-0.06981,0.0,-0.06981,Sidewalk
662.0,123.2623,4.0113,1.22173,0.0,-0.06981,174.7377,0.6938,stand_12,352.1234,0.0,-0.06981,0.0,-0.06981,Sidewalk
662.5,123.2623,4.0113,1.18682,0.0,-0.06981,174.7377,0.6938,stand_12,352.1234,0.0,-0.06981,0.0,-0.06981,Sidewalk
663.0,123.2623,4.0113,1.15192,0.0,-0.06981,174.7377,0.6938,stand_12,352.1234,0.0,-0.06981,0.0,-0.06981,Sidewalk
663.5,123.2623,4.0113,1.11701,0.0,-0.06981,174.7377,0.6938,stand_12,352.1234,0.0,-0.06981,0.0,-0.06981,Sidewalk
664.0,123.2623,4.0113,1.0821,0.0,-0.06981,174.7377,0.6938,stand_12,352.1234,0.0,-0.06981,0.0,-0.06981,Sidewalk
664.5,123.2623,4.0113,1.0472,0.0,-0.06981,174.7377,0.6938,stand_12,352.1234,0.0,-0.06981,0.0,-0.06981,Sidewalk
665.0,123.2623,4.0113,1.01229,0.0,-0.06981,174.7377,0.6938,stand_12,352.1234,0.0,-0.06981,0.0,-0.06981,Sidewalk
665.5,123.2623,4.0113,0.97738,0.0,-0.06981,174.7377,0.6938,stand_12,352.1234,0.0,-0.06981,0.0,-0.06981,Sidewalk
666.0,123.2623,4.0113,0.94248,0.0,-0.06981,174.7377,0.6938,stand_12,352.1234,0.0,-0.06981,0.0,-0.06981,Sidewalk
666.5,123.2623,4.0113,0.90757,0.0,-0.06981,174.7377,0.6938,stand_12,352.1234,0.0,-0.06981,0.0,-0.06981,Sidewalk
667.0,123.2623,4.0113,0.87266,0.0,-0.06981,174.7377,0.6938,stand_12,352.1234,0.0,-0.06981,0.0,-0.06981,Sidewalk
667.5,123.2623,4.0113,0.83776,0.0,-0.06981,174.7377,0.6938,stand_12,352.1234,0.0,-0.06981,0.0,-0.06981,Sidewalk
668.0,123.2623,4.0113,0.80285,0.0,-0.06981,174.7377,0.6938,stand_12,352.1234,0.0,-0.06981,0.0,-0.06981,Sidewalk
668.5,123.2623,4.0113,0.76794,0.0,-0.06981,174.7377,0.6938,stand_12,352.1234,0.0,-0.06981,0.0,-0.06981,Sidewalk
669.0,123.2623,4.0113,0.73304,0.0,-0.06981,174.7377,0.6938,stand_12,352.1234,0.0,-0.06981,0.0,-0.06981,Sidewalk
669.5,123.2623,4.0113,0.69813,0.0,-0.06981,174.7377,0.6938,stand_12,352.1234,0.0,-0.06981,0.0,-0.06981,Sidewalk
670.0,123.2623,4.0113,0.66323,0.0,-0.06981,174.7377,0.6938,stand_12,352.1234,0.0,-0.06981,0.0,-0.06981,Sidewalk
670.5,123.2623,4.0113,0.62832,0.0,-0.06981,174.7377,0.6938,stand_12,352.1234,0.0,-0.06981,0.0,-0.06981,Sidewalk
671.0,123.2623,4.0113,0.59341,0.0,-0.06981,174.7377,0.6938,stand_12,352.1234,0.0,-0.06981,0.0,-0.06981,Sidewalk
671.5,123.2623,4.0113,0.55851,0.0,-0.06981,174.7377,0.6938,stand_12,352.1234,0.0,-0.06981,0.0,-0.06981,Sidewalk
672.0,123.2623,4.0113,0.5236,0.0,-0.06981,174.7377,0.6938,stand_12,352.1234,0.0,-0.06981,0.0,-0.06981,Sidewalk
672.5,123.2623,4.0113,0.48869,0.0,-0.06981,174.7377,0.6938,stand_12,352.1234,0.0,-0.06981,0.0,-0.06981,Sidewalk
673.0,123.2623,4.0113,0.45379,0.0,-0.06981,174.7377,0.6938,stand_12,352.1233,0.0,-0.06981,0.0,-0.06981,Sidewalk
673.5,123.2623,4.0113,0.41888,0.0,-0.06981,174.7377,0.6938,stand_12,352.1233,0.0,-0.06981,0.0,-0.06981,Sidewalk
674.0,123.2623,4.0113,0.38397,0.0,-0.06981,174.7377,0.6938,stand_12,352.1233,0.0,-0.06981,0.0,-0.06981,Sidewalk
674.5,123.2623,4.0113,0.34907,0.0,-0.06981,174.7377,0.6938,stand_12,352.1233,0.0,-0.06981,0.0,-0.06981,Sidewalk
675.0,123.2623,4.0113,0.31416,0.0,-0.06981,174.7377,0.6938,stand_12,352.1233,0.0,-0.06981,0.0,-0.06981,Sidewalk
675.5,123.2623,4.0113,0.27925,0.0,-0.06981,174.7377,0.6938,stand_12,352.1233,0.0,-0.06981,0.0,-0.06981,Sidewalk
676.0,123.2623,4.0113,0.24435,0.0,-0.06981,174.7377,0.6938,stand_12,352.1233,0.0,-0.06981,0.0,-0.06981,Sidewalk
676.5,123.2623,4.0113,0.20944,0.0,-0.06981,174.7377,0.6938,stand_12,352.1233,0.0,-0.06981,0.0,-0.06981,Sidewalk
677.0,123.2623,4.0113,0.17453,0.0,-0.06981,174.7377,0.6938,stand_12,352.1233,0.0,-0.06981,0.0,-0.06981,Sidewalk
677.5,123.2623,4.0113,0.13963,0.0,-0.06981,174.7377,0.6938,stand_12,352.1233,0.0,-0.06981,0.0,-0.06981,Sidewalk
678.0,123.2623,4.0113,0.10472,0.0,-0.06981,174.7377,0.6938,stand_12,352.1233,0.0,-0.06981,0.0,-0.06981,Sidewalk
678.5,123.2623,4.0113,0.06981,0.0,-0.06981,174.7377,0.6938,stand_12,352.1233,0.0,-0.06981,0.0,-0.06981,Sidewalk
679.0,123.2623,4.0113,0.03491,0.0,-0.06981,174.7377,0.6938,stand_12,352.1233,0.0,-0.06981,0.0,-0.06981,Sidewalk
679.5,123.2623,4.0113,0.0,0.0,-0.06981,174.7377,0.6938,stand_12,352.1233,0.0,-0.06981,0.0,-0.06981,Sidewalk
680.0,123.2623,4.0113,-0.03491,0.0,-0.06981,174.7377,0.6938,stand_12,352.1233,0.0,-0.06981,0.0,-0.06981,Sidewalk
680.5,123.2623,4.0113,-0.06981,0.0,-0.06981,174.7377,0.6938,stand_12,352.1233,0.0,-0.06981,0.0,-0.06981,Sidewalk
681.0,123.2623,4.0113,-0.10472,0.0,-0.06981,174.7377,0.6938,stand_12,352.1233,0.0,-0.06981,0.0,-0.06981,Sidewalk
681.5,123.2623,4.0113,-0.13963,0.0,-0.06981,174.7377,0.6938,stand_12,352.1233,0.0,-0.06981,0.0,-0.06981,Sidewalk
682.0,123.2623,4.0113,-0.17453,0.0,-0.06981,174.7377,0.6938,stand_12,352.1233,0.0,-0.06981,0.0,-0.06981,Sidewalk
682.5,123.2623,4.0113,-0.20944,0.0,-0.06981,174.7377,0.6938,stand_12,352.1233,0.0,-0.06981,0.0,-0.06981,Sidewalk
683.0,123.2623,4.0113,-0.24435,0.0,-0.06981,174.7377,0.6938,stand_12,352.1233,0.0,-0.06981,0.0,-0.06981,Sidewalk
683.5,123.2623,4.0113,-0.27925,0.0,-0.06981,174.7377,0.6938,stand_12,352.1233,0.0,-0.06981,0.0,-0.06981,Sidewalk
684.0,123.2623,4.0113,-0.31416,0.0,-0.06981,174.7377,0.6938,stand_12,352.1233,0.0,-0.06981,0.0,-0.06981,Sidewalk
684.5,123.2623,4.0113,-0.34907,0.0,-0.06981,174.7377,0.6938,stand_12,352.1233,0.0,-0.06981,0.0,-0.06981,Sidewalk
685.0,123.2623,4.0113,-0.38397,0.0,-0.06981,174.7377,0.6938,stand_12,352.1233,0.0,-0.06981,0.0,-0.06981,Sidewalk
685.5,123.2623,4.0113,-0.41888,0.0,-0.06981,174.7377,0.6938,stand_12,352.1233,0.0,-0.06981,0.0,-0.06981,Sidewalk
686.0,123.2623,4.0113,-0.45379,0.0,-0.06981,174.7377,0.6938,stand_12,352.1233,0.0,-0.06981,0.0,-0.06981,Sidewalk
686.5,123.2623,4.0113,-0.48869,0.0,-0.06981,174.7377,0.6938,stand_12,352.1233,0.0,-0.06981,0.0,-0.06981,Sidewalk
687.0,123.2623,4.0113,-0.5236,0.0,-0.06981,174.7377,0.6938,stand_12,352.1233,0.0,-0.06981,0.0,-0.06981,Sidewalk
687.5,123.2623,4.0113,-0.55851,0.0,-0.06981,174.7377,0.6938,stand_12,352.1233,0.0,-0.06981,0.0,-0.06981,Sidewalk
688.0,123.2623,4.0113,-0.59341,0.0,-0.06981,174.7377,0.6938,stand_12,352.1233,0.0,-0.06981,0.0,-0.06981,Sidewalk
688.5,123.2623,4.0113,-0.62832,0.0,-0.06981,174.7377,0.6938,stand_12,352.1233,0.0,-0.06981,0.0,-0.06981,Sidewalk
689.0,123.2623,4.0113,-0.66323,0.0,-0.06981,174.7377,0.6938,stand_12,352.1233,0.0,-0.06981,0.0,-0.06981,Sidewalk
689.5,123.2623,4.0113,-0.69813,0.0,-0.06981,174.7377,0.6938,stand_12,352.1233,0.0,-0.06981,0.0,-0.06981,Sidewalk
690.0,123.2623,4.0113,-0.73304,0.0,-0.06981,174.7377,0.6938,stand_12,352.1232,0.0,-0.06981,0.0,-0.06981,Sidewalk
690.5,123.2623,4.0113,-0.76794,0.0,-0.06981,174.7377,0.6938,stand_12,352.1232,0.0,-0.06981,0.0,-0.06981,Sidewalk
691.0,123.2623,4.0113,-0.80285,0.0,-0.06981,174.7377,0.6938,stand_12,352.1232,0.0,-0.06981,0.0,-0.06981,Sidewalk
691.5,123.2623,4.0113,-0.83776,0.0,-0.06981,174.7377,0.6938,stand_12,352.1232,0.0,-0.06981,0.0,-0.06981,Sidewalk
692.0,123.2623,4.0113,-0.87266,0.0,-0.06981,174.7377,0.6938,stand_12,352.1232,0.0,-0.06981,0.0,-0.06981,Sidewalk
692.5,123.2623,4.0113,-0.90757,0.0,-0.06981,174.7377,0.6938,stand_12,352.1232,0.0,-0.06981,0.0,-0.06981,Sidewalk
693.0,123.2623,4.0113,-0.94248,0.0,-0.06981,174.7377,0.6938,stand_12,352.1232,0.0,-0.06981,0.0,-0.06981,Sidewalk
693.5,123.2623,4.0113,-0.97738,0.0,-0.06981,174.7377,0.6938,stand_12,352.1232,0.0,-0.06981,0.0,-0.06981,Sidewalk
694.0,123.2623,4.0113,-1.01229,0.0,-0.06981,174.7377,0.6938,stand_12,352.1232,0.0,-0.06981,0.0,-0.06981,Sidewalk
694.5,123.2623,4.0113,-1.0472,0.0,-0.06981,174.7377,0.6938,stand_12,352.1232,0.0,-0.06981,0.0,-0.06981,Sidewalk
695.0,123.2623,4.0113,-1.0821,0.0,-0.06981,174.7377,0.6938,stand_12,352.1232,0.0,-0.06981,0.0,-0.06981,Sidewalk
695.5,123.2623,4.0113,-1.11701,0.0,-0.06981,174.7377,0.6938,stand_12,352.1232,0.0,-0.06981,0.0,-0.06981,Sidewalk
696.0,123.2623,4.0113,-1.15192,0.0,-0.06981,174.7377,0.6938,stand_12,352.1232,0.0,-0.06981,0.0,-0.06981,Sidewalk
696.5,123.2623,4.0113,-1.18682,0.0,-0.06981,174.7377,0.6938,stand_12,352.1232,0.0,-0.06981,0.0,-0.06981,Sidewalk
697.0,123.2623,4.0113,-1.22173,0.0,-0.06981,174.7377,0.6938,stand_12,352.1232,0.0,-0.06981,0.0,-0.06981,Sidewalk
697.5,123.2623,4.0113,-1.25664,0.0,-0.06981,174.7377,0.6938,stand_12,352.1232,0.0,-0.06981,0.0,-0.06981,Sidewalk
698.0,123.2623,4.0113,-1.29154,0.0,-0.06981,174.7377,0.6938,stand_12,352.1232,0.0,-0.06981,0.0,-0.06981,Sidewalk
698.5,123.2623,4.0113,-1.32645,0.0,-0.06981,174.7377,0.6938,stand_12,352.1232,0.0,-0.06981,0.0,-0.06981,Sidewalk
699.0,123.2623,4.0113,-1.36136,0.0,-0.06981,174.7377,0.6938,stand_12,352.1232,0.0,-0.06981,0.0,-0.06981,Sidewalk
699.5,123.2623,4.0113,-1.39626,0.0,-0.06981,174.7377,0.6938,stand_12,352.1232,0.0,-0.06981,0.0,-0.06981,Sidewalk
700.0,123.2623,4.0113,-1.43117,0.0,-0.06981,174.7377,0.6938,stand_12,352.1232,0.0,-0.06981,0.0,-0.06981,Sidewalk
700.5,123.2623,4.0113,-1.46608,0.0,-0.06981,174.7377,0.6938,stand_12,352.1232,0.0,-0.06981,0.0,-0.06981,Sidewalk
701.0,123.2623,4.0113,-1.50098,0.0,-0.06981,174.7377,0.6938,stand_12,352.1232,0.0,-0.06981,0.0,-0.06981,Sidewalk
701.5,123.2623,4.0113,-1.53589,0.0,-0.06981,174.7377,0.6938,stand_12,352.1232,0.0,-0.06981,0.0,-0.06981,Sidewalk
702.0,123.2623,4.0113,-1.5708,0.0,-0.06981,174.7377,0.6938,stand_12,352.1232,0.0,-0.06981,0.0,-0.06981,Sidewalk
702.5,123.2623,4.0113,-1.6057,0.0,-0.06981,174.7377,0.6938,stand_12,352.1232,0.0,-0.06981,0.0,-0.06981,Sidewalk
703.0,123.2623,4.0113,-1.64061,0.0,-0.06981,174.7377,0.6938,stand_12,352.1232,0.0,-0.06981,0.0,-0.06981,Sidewalk
703.5,123.2623,4.0113,-1.67552,0.0,-0.06981,174.7377,0.6938,stand_12,352.1232,0.0,-0.06981,0.0,-0.06981,Sidewalk
704.0,123.2623,4.0113,-1.71042,0.0,-0.06981,174.7377,0.6938,stand_12,352.1232,0.0,-0.06981,0.0,-0.06981,Sidewalk
704.5,123.2623,4.0113,-1.74533,0.0,-0.06981,174.7377,0.6938,stand_12,352.1232,0.0,-0.06981,0.0,-0.06981,Sidewalk
705.0,123.2623,4.0113,-1.78024,0.0,-0.06981,174.7377,0.6938,stand_12,352.1232,0.0,-0.06981,0.0,-0.06981,Sidewalk
705.5,123.2623,4.0113,-1.81514,0.0,-0.06981,174.7377,0.6938,stand_12,352.1232,0.0,-0.06981,0.0,-0.06981,Sidewalk
706.0,123.2623,4.0113,-1.85005,0.0,-0.06981,174.7377,0.6938,stand_12,352.1232,0.0,-0.06981,0.0,-0.06981,Sidewalk
706.5,123.2623,4.0113,-1.88496,0.0,-0.06981,174.7377,0.6938,stand_12,352.1232,0.0,-0.06981,0.0,-0.06981,Sidewalk
707.0,123.2623,4.0113,-1.91986,0.0,-0.06981,174.7377,0.6938,stand_12,352.1232,0.0,-0.06981,0.0,-0.06981,Sidewalk
707.5,123.2623,4.0113,-1.95477,0.0,-0.06981,174.7377,0.6938,stand_12,352.1232,0.0,-0.06981,0.0,-0.06981,Sidewalk
708.0,123.2623,4.0113,-1.98968,0.0,-0.06981,174.7377,0.6938,stand_12,352.1232,0.0,-0.06981,0.0,-0.06981,Sidewalk
708.5,123.2623,4.0113,-2.02458,0.0,-0.06981,174.7377,0.6938,stand_12,352.1232,0.0,-0.06981,0.0,-0.06981,Sidewalk
709.0,123.2623,4.0113,-2.05949,0.0,-0.06981,174.7377,0.6938,stand_12,352.1231,0.0,-0.06981,0.0,-0.06981,Sidewalk
709.5,123.2623,4.0113,-2.0944,0.0,-0.06981,174.7377,0.6938,stand_12,352.1231,0.0,-0.06981,0.0,-0.06981,Sidewalk
710.0,123.2623,4.0113,-2.1293,0.0,-0.06981,174.7377,0.6938,stand_12,352.1231,0.0,-0.06981,0.0,-0.06981,Sidewalk
710.5,123.2623,4.0113,-2.16421,0.0,-0.06981,174.7377,0.6938,stand_12,352.1231,0.0,-0.06981,0.0,-0.06981,Sidewalk
711.0,123.2623,4.0113,-2.19911,0.0,-0.06981,174.7377,0.6938,stand_12,352.1231,0.0,-0.06981,0.0,-0.06981,Sidewalk
711.5,123.2623,4.0113,-2.23402,0.0,-0.06981,174.7377,0.6938,stand_12,352.1231,0.0,-0.06981,0.0,-0.06981,Sidewalk
712.0,123.2623,4.0113,-2.26893,0.0,-0.06981,174.7377,0.6938,stand_12,352.1231,0.0,-0.06981,0.0,-0.06981,Sidewalk
712.5,123.2623,4.0113,-2.30383,0.0,-0.06981,174.7377,0.6938,stand_12,352.1231,0.0,-0.06981,0.0,-0.06981,Sidewalk
713.0,123.2623,4.0113,-2.33874,0.0,-0.06981,174.7377,0.6938,stand_12,352.1231,0.0,-0.06981,0.0,-0.06981,Sidewalk
713.5,123.2623,4.0113,-2.37365,0.0,-0.06981,174.7377,0.6938,stand_12,352.1231,0.0,-0.06981,0.0,-0.06981,Sidewalk
714.0,123.2623,4.0113,-2.40855,0.0,-0.06981,174.7377,0.6938,stand_12,352.1231,0.0,-0.06981,0.0,-0.06981,Sidewalk
714.5,123.2623,4.0113,-2.44346,0.0,-0.06981,174.7377,0.6938,stand_12,352.1231,0.0,-0.06981,0.0,-0.06981,Sidewalk
715.0,123.2623,4.0113,-2.47837,0.0,-0.06981,174.7377,0.6938,stand_12,352.1231,0.0,-0.06981,0.0,-0.06981,Sidewalk
715.5,123.2623,4.0113,-2.51327,0.0,-0.06981,174.7377,0.6938,stand_12,352.1231,0.0,-0.06981,0.0,-0.06981,Sidewalk
716.0,123.2623,4.0113,-2.54818,0.0,-0.06981,174.7377,0.6938,stand_12,352.1231,0.0,-0.06981,0.0,-0.06981,Sidewalk
716.5,123.2623,4.0113,-2.58309,0.0,-0.06981,174.7377,0.6938,stand_12,352.1231,0.0,-0.06981,0.0,-0.06981,Sidewalk
717.0,123.2623,4.0113,-2.61799,0.0,-0.06981,174.7377,0.6938,stand_12,352.1231,0.0,-0.06981,0.0,-0.06981,Sidewalk
717.5,123.2623,4.0113,-2.6529,0.0,-0.06981,174.7377,0.6938,stand_12,352.1231,0.0,-0.06981,0.0,-0.06981,Sidewalk
718.0,123.2623,4.0113,-2.68781,0.0,-0.06981,174.7377,0.6938,stand_12,352.1231,0.0,-0.06981,0.0,-0.06981,Sidewalk
718.5,123.2623,4.0113,-2.72271,0.0,-0.06981,174.7377,0.6938,stand_12,352.1231,0.0,-0.06981,0.0,-0.06981,Sidewalk
719.0,123.2623,4.0113,-2.75762,0.0,-0.06981,174.7377,0.6938,stand_12,352.1231,0.0,-0.06981,0.0,-0.06981,Sidewalk
719.5,123.2623,4.0113,-2.79253,0.0,-0.06981,174.7377,0.6938,stand_12,352.1231,0.0,-0.06981,0.0,-0.06981,Sidewalk
720.0,123.2623,4.0113,-2.82743,0.0,-0.06981,174.7377,0.6938,stand_12,352.1231,0.0,-0.06981,0.0,-0.06981,Sidewalk
720.5,123.2623,4.0113,-2.86234,0.0,-0.06981,174.7377,0.6938,stand_12,352.1231,0.0,-0.06981,0.0,-0.06981,Sidewalk
721.0,123.2623,4.0113,-2.89725,0.0,-0.06981,174.7377,0.6938,stand_12,352.1231,0.0,-0.06981,0.0,-0.06981,Sidewalk
721.5,123.2623,4.0113,-2.93215,0.0,-0.06981,174.7377,0.6938,stand_12,352.1231,0.0,-0.06981,0.0,-0.06981,Sidewalk
722.0,123.2623,4.0113,-2.96706,0.0,-0.06981,174.7377,0.6938,stand_12,352.1231,0.0,-0.06981,0.0,-0.06981,Sidewalk
722.5,123.2623,4.0113,-3.00197,0.0,-0.06981,174.7377,0.6938,stand_12,352.1231,0.0,-0.06981,0.0,-0.06981,Sidewalk
723.0,123.2623,4.0113,-3.03687,0.0,-0.06981,174.7377,0.6938,stand_12,352.1231,0.0,-0.06981,0.0,-0.06981,Sidewalk
723.5,123.2623,4.0113,-3.07178,0.0,-0.06981,174.7377,0.6938,stand_12,352.1231,0.0,-0.06981,0.0,-0.06981,Sidewalk
724.0,123.2623,4.0113,-3.10669,0.0,-0.06981,174.7377,0.6938,stand_12,352.1231,0.0,-0.06981,0.0,-0.06981,Sidewalk
724.5,123.2623,4.0113,-3.14159,0.0,-0.06981,174.7377,0.6938,stand_12,352.1231,0.0,-0.06981,0.0,-0.06981,Sidewalk
725.0,123.2623,4.0113,3.10669,0.0,-0.06981,174.7377,0.6938,stand_12,352.1231,0.0,-0.06981,0.0,-0.06981,Sidewalk
725.5,123.2623,4.0113,3.07178,0.0,-0.06981,174.7377,0.6938,stand_12,352.123,0.0,-0.06981,0.0,-0.06981,Sidewalk
726.0,123.2623,4.0113,3.03687,0.0,-0.06981,174.7377,0.6938,stand_12,352.123,0.0,-0.06981,0.0,-0.06981,Sidewalk
726.5,123.2623,4.0113,3.00197,0.0,-0.06981,174.7377,0.6938,stand_12,352.123,0.0,-0.06981,0.0,-0.06981,Sidewalk
727.0,123.2623,4.0113,2.96706,0.0,-0.06981,174.7377,0.6938,stand_12,352.123,0.0,-0.06981,0.0,-0.06981,Sidewalk
727.5,123.2623,4.0113,2.93215,0.0,-0.06981,174.7377,0.6938,stand_12,352.123,0.0,-0.06981,0.0,-0.06981,Sidewalk
728.0,123.2623,4.0113,2.89725,0.0,-0.06981,174.7377,0.6938,stand_12,352.123,0.0,-0.06981,0.0,-0.06981,Sidewalk
728.5,123.2623,4.0113,2.86234,0.0,-0.06981,174.7377,0.6938,stand_12,352.123,0.0,-0.06981,0.0,-0.06981,Sidewalk
729.0,123.2623,4.0113,2.82743,0.0,-0.06981,174.7377,0.6938,stand_12,352.123,0.0,-0.06981,0.0,-0.06981,Sidewalk
729.5,123.2623,4.0113,2.79253,0.0,-0.06981,174.7377,0.6938,stand_12,352.123,0.0,-0.06981,0.0,-0.06981,Sidewalk
730.0,123.2623,4.0113,2.75762,0.0,-0.06981,174.7377,0.6938,stand_12,352.123,0.0,-0.06981,0.0,-0.06981,Sidewalk
730.5,123.2623,4.0113,2.72271,0.0,-0.06981,174.7377,0.6938,stand_12,352.123,0.0,-0.06981,0.0,-0.06981,Sidewalk
731.0,123.2623,4.0113,2.68781,0.0,-0.06981,174.7377,0.6938,stand_12,352.123,0.0,-0.06981,0.0,-0.06981,Sidewalk
731.5,123.2623,4.0113,2.6529,0.0,-0.06981,174.7377,0.6938,stand_12,352.123,0.0,-0.06981,0.0,-0.06981,Sidewalk
732.0,123.2623,4.0113,2.61799,0.0,-0.06981,174.7377,0.6938,stand_12,352.123,0.0,-0.06981,0.0,-0.06981,Sidewalk
732.5,123.2623,4.0113,2.58309,0.0,-0.06981,174.7377,0.6938,stand_12,352.123,0.0,-0.06981,0.0,-0.06981,Sidewalk
733.0,123.2623,4.0113,2.54818,0.0,-0.06981,174.7377,0.6938,stand_12,352.123,0.0,-0.06981,0.0,-0.06981,Sidewalk
733.5,123.2623,4.0113,2.51327,0.0,-0.06981,174.7377,0.6938,stand_12,352.123,0.0,-0.06981,0.0,-0.06981,Sidewalk
734.0,123.2623,4.0113,2.47837,0.0,-0.06981,174.7377,0.6938,stand_12,352.123,0.0,-0.06981,0.0,-0.06981,Sidewalk
734.5,123.2623,4.0113,2.44346,0.0,-0.06981,174.7377,0.6938,stand_12,352.123,0.0,-0.06981,0.0,-0.06981,Sidewalk
735.0,123.2623,4.0113,2.40855,0.0,-0.06981,174.7377,0.6938,stand_12,352.123,0.0,-0.06981,0.0,-0.06981,Sidewalk
735.5,123.2623,4.0113,2.37365,0.0,-0.06981,174.7377,0.6938,stand_12,352.123,0.0,-0.06981,0.0,-0.06981,Sidewalk
736.0,123.2623,4.0113,2.33874,0.0,-0.06981,174.7377,0.6938,stand_12,352.123,0.0,-0.06981,0.0,-0.06981,Sidewalk
736.5,123.2623,4.0113,2.30383,0.0,-0.06981,174.7377,0.6938,stand_12,352.123,0.0,-0.06981,0.0,-0.06981,Sidewalk
737.0,123.2623,4.0113,2.26893,0.0,-0.06981,174.7377,0.6938,stand_12,352.123,0.0,-0.06981,0.0,-0.06981,Sidewalk
737.5,123.2623,4.0113,2.23402,0.0,-0.06981,174.7377,0.6938,stand_12,352.123,0.0,-0.06981,0.0,-0.06981,Sidewalk
738.0,123.2623,4.0113,2.19911,0.0,-0.06981,174.7377,0.6938,stand_12,352.123,0.0,-0.06981,0.0,-0.06981,Sidewalk
738.5,123.2623,4.0113,2.16421,0.0,-0.06981,174.7377,0.6938,stand_12,352.123,0.0,-0.06981,0.0,-0.06981,Sidewalk
739.0,123.2623,4.0113,2.1293,0.0,-0.06981,174.7377,0.6938,stand_12,352.123,0.0,-0.06981,0.0,-0.06981,Sidewalk
739.5,123.2623,4.0113,2.0944,0.0,-0.06981,174.7377,0.6938,stand_12,352.123,0.0,-0.06981,0.0,-0.06981,Sidewalk
740.0,123.2623,4.0113,2.05949,0.0,-0.06981,174.7377,0.6938,stand_12,352.123,0.0,-0.06981,0.0,-0.06981,Sidewalk
740.5,123.2623,4.0113,2.02458,0.0,-0.06981,174.7377,0.6938,stand_12,352.123,0.0,-0.06981,0.0,-0.06981,Sidewalk
741.0,123.2623,4.0113,1.98968,0.0,-0.06981,174.7377,0.6938,stand_12,352.123,0.0,-0.06981,0.0,-0.06981,Sidewalk
741.5,123.2623,4.0113,1.95477,0.0,-0.06981,174.7377,0.6938,stand_12,352.1229,0.0,-0.06981,0.0,-0.06981,Sidewalk
742.0,123.2623,4.0113,1.91986,0.0,-0.06981,174.7377,0.6938,stand_12,352.1229,0.0,-0.06981,0.0,-0.06981,Sidewalk
742.5,123.2623,4.0113,1.88496,0.0,-0.06981,174.7377,0.6938,stand_12,352.1229,0.0,-0.06981,0.0,-0.06981,Sidewalk
743.0,123.2623,4.0113,1.85005,0.0,-0.06981,174.7377,0.6938,stand_12,352.1229,0.0,-0.06981,0.0,-0.06981,Sidewalk
743.5,123.2623,4.0113,1.81514,0.0,-0.06981,174.7377,0.6938,stand_12,352.1229,0.0,-0.06981,0.0,-0.06981,Sidewalk
744.0,123.2623,4.0113,1.78024,0.0,-0.06981,174.7377,0.6938,stand_12,352.1229,0.0,-0.06981,0.0,-0.06981,Sidewalk
744.5,123.2623,4.0113,1.74533,0.0,-0.06981,174.7377,0.6938,stand_12,352.1229,0.0,-0.06981,0.0,-0.06981,Sidewalk
745.0,123.2623,4.0113,1.71042,0.0,-0.06981,174.7377,0.6938,stand_12,352.1229,0.0,-0.06981,0.0,-0.06981,Sidewalk
745.5,123.2623,4.0113,1.67552,0.0,-0.06981,174.7377,0.6938,stand_12,352.1229,0.0,-0.06981,0.0,-0.06981,Sidewalk
746.0,123.2623,4.0113,1.64061,0.0,-0.06981,174.7377,0.6938,stand_12,352.1229,0.0,-0.06981,0.0,-0.06981,Sidewalk
746.5,123.2623,4.0113,1.6057,0.0,-0.06981,174.7377,0.6938,stand_12,352.1229,0.0,-0.06981,0.0,-0.06981,Sidewalk
747.0,123.2623,4.0113,1.5708,0.0,-0.06981,174.7377,0.6938,stand_12,352.1229,0.0,-0.06981,0.0,-0.06981,Sidewalk
747.5,123.2623,4.0113,1.53589,0.0,-0.06981,174.7377,0.6938,stand_12,352.1229,0.0,-0.06981,0.0,-0.06981,Sidewalk
748.0,123.2623,4.0113,1.50098,0.0,-0.06981,174.7377,0.6938,stand_12,352.1229,0.0,-0.06981,0.0,-0.06981,Sidewalk
748.5,123.2623,4.0113,1.46608,0.0,-0.06981,174.7377,0.6938,stand_12,352.1229,0.0,-0.06981,0.0,-0.06981,Sidewalk
749.0,123.2623,4.0113,1.43117,0.0,-0.06981,174.7377,0.6938,stand_12,352.1229,0.0,-0.06981,0.0,-0.06981,Sidewalk
749.5,123.2623,4.0113,1.39626,0.0,-0.06981,174.7377,0.6938,stand_12,352.1229,0.0,-0.06981,0.0,-0.06981,Sidewalk
750.0,123.2623,4.0113,1.36136,0.0,-0.06981,174.7377,0.6938,stand_12,352.1229,0.0,-0.06981,0.0,-0.06981,Sidewalk
750.5,123.2623,4.0113,1.32645,0.0,-0.06981,174.7377,0.6938,stand_12,352.1229,0.0,-0.06981,0.0,-0.06981,Sidewalk
751.0,123.2623,4.0113,1.29154,0.0,-0.06981,174.7377,0.6938,stand_12,352.1229,0.0,-0.06981,0.0,-0.06981,Sidewalk
751.5,123.2623,4.0113,1.25664,0.0,-0.06981,174.7377,0.6938,stand_12,352.1229,0.0,-0.06981,0.0,-0.06981,Sidewalk
752.0,123.2623,4.0113,1.22173,0.0,-0.06981,174.7377,0.6938,stand_12,352.1229,0.0,-0.06981,0.0,-0.06981,Sidewalk
752.5,123.2623,4.0113,1.18682,0.0,-0.06981,174.7377,0.6938,stand_12,352.1229,0.0,-0.06981,0.0,-0.06981,Sidewalk
753.0,123.2623,4.0113,1.15192,0.0,-0.06981,174.7377,0.6938,stand_12,352.1229,0.0,-0.06981,0.0,-0.06981,Sidewalk
753.5,123.2623,4.0113,1.11701,0.0,-0.06981,174.7377,0.6938,stand_12,352.1229,0.0,-0.06981,0.0,-0.06981,Sidewalk
754.0,123.2623,4.0113,1.0821,0.0,-0.06981,174.7377,0.6938,stand_12,352.1229,0.0,-0.06981,0.0,-0.06981,Sidewalk
754.5,123.2623,4.0113,1.0472,0.0,-0.06981,174.7377,0.6938,stand_12,352.1229,0.0,-0.06981,0.0,-0.06981,Sidewalk
755.0,123.2623,4.0113,1.01229,0.0,-0.06981,174.7377,0.6938,stand_12,352.1229,0.0,-0.06981,0.0,-0.06981,Sidewalk
755.5,123.2623,4.0113,0.97738,0.0,-0.06981,174.7377,0.6938,stand_12,352.1229,0.0,-0.06981,0.0,-0.06981,Sidewalk
756.0,123.2623,4.0113,0.94248,0.0,-0.06981,174.7377,0.6938,stand_12,352.1229,0.0,-0.06981,0.0,-0.06981,Sidewalk
756.5,123.2623,4.0113,0.90757,0.0,-0.06981,174.7377,0.6938,stand_12,352.1229,0.0,-0.06981,0.0,-0.06981,Sidewalk
757.0,123.2623,4.0113,0.87266,0.0,-0.06981,174.7377,0.6938,stand_12,352.1229,0.0,-0.06981,0.0,-0.06981,Sidewalk
757.5,123.2623,4.0113,0.83776,0.0,-0.06981,174.7377,0.6939,stand_12,352.1229,0.0,-0.06981,0.0,-0.06981,Sidewalk
758.0,123.2623,4.0113,0.80285,0.0,-0.06981,174.7377,0.6939,stand_12,352.1229,0.0,-0.06981,0.0,-0.06981,Sidewalk
758.5,123.2623,4.0113,0.76794,0.0,-0.06981,174.7377,0.6939,stand_12,352.1229,0.0,-0.06981,0.0,-0.06981,Sidewalk
759.0,123.2623,4.0113,0.73304,0.0,-0.06981,174.7377,0.6939,stand_12,352.1228,0.0,-0.06981,0.0,-0.06981,Sidewalk
759.5,123.2623,4.0113,0.69813,0.0,-0.06981,174.7377,0.6939,stand_12,352.1228,0.0,-0.06981,0.0,-0.06981,Sidewalk
760.0,123.2623,4.0113,0.66323,0.0,-0.06981,174.7377,0.6939,stand_12,352.1228,0.0,-0.06981,0.0,-0.06981,Sidewalk
760.5,123.2623,4.0113,0.62832,0.0,-0.06981,174.7377,0.6939,stand_12,352.1228,0.0,-0.06981,0.0,-0.06981,Sidewalk
761.0,123.2623,4.0113,0.59341,0.0,-0.06981,174.7377,0.6939,stand_12,352.1228,0.0,-0.06981,0.0,-0.06981,Sidewalk
761.5,123.2623,4.0113,0.55851,0.0,-0.06981,174.7377,0.6939,stand_12,352.1228,0.0,-0.06981,0.0,-0.06981,Sidewalk
762.0,123.2623,4.0113,0.5236,0.0,-0.06981,174.7377,0.6939,stand_12,352.1228,0.0,-0.06981,0.0,-0.06981,Sidewalk
762.5,123.2623,4.0113,0.48869,0.0,-0.06981,174.7377,0.6939,stand_12,352.1228,0.0,-0.06981,0.0,-0.06981,Sidewalk
763.0,123.2623,4.0113,0.45379,0.0,-0.06981,174.7377,0.6939,stand_12,352.1228,0.0,-0.06981,0.0,-0.06981,Sidewalk
763.5,123.2623,4.0113,0.41888,0.0,-0.06981,174.7377,0.6939,stand_12,352.1228,0.0,-0.06981,0.0,-0.06981,Sidewalk
764.0,123.2623,4.0113,0.38397,0.0,-0.06981,174.7377,0.6939,stand_12,352.1228,0.0,-0.06981,0.0,-0.06981,Sidewalk
764.5,123.2623,4.0113,0.34907,0.0,-0.06981,174.7377,0.6939,stand_12,352.1228,0.0,-0.06981,0.0,-0.06981,Sidewalk
765.0,123.2623,4.0113,0.31416,0.0,-0.06981,174.7377,0.6939,stand_12,352.1228,0.0,-0.06981,0.0,-0.06981,Sidewalk
765.5,123.2623,4.0113,0.27925,0.0,-0.06981,174.7377,0.6939,stand_12,352.1228,0.0,-0.06981,0.0,-0.06981,Sidewalk
766.0,123.2623,4.0113,0.24435,0.0,-0.06981,174.7377,0.6939,stand_12,352.1228,0.0,-0.06981,0.0,-0.06981,Sidewalk
766.5,123.2623,4.0113,0.20944,0.0,-0.06981,174.7377,0.6939,stand_12,352.1228,0.0,-0.06981,0.0,-0.06981,Sidewalk
767.0,123.2623,4.0113,0.17453,0.0,-0.06981,174.7377,0.6939,stand_12,352.1228,0.0,-0.06981,0.0,-0.06981,Sidewalk
767.5,123.2623,4.0113,0.13963,0.0,-0.06981,174.7377,0.6939,stand_12,352.1228,0.0,-0.06981,0.0,-0.06981,Sidewalk
768.0,123.2623,4.0113,0.10472,0.0,-0.06981,174.7377,0.6939,stand_12,352.1228,0.0,-0.06981,0.0,-0.06981,Sidewalk
768.5,123.2623,4.0113,0.06981,0.0,-0.06981,174.7377,0.6939,stand_12,352.1228,0.0,-0.06981,0.0,-0.06981,Sidewalk
769.0,123.2623,4.0113,0.03491,0.0,-0.06981,174.7377,0.6939,stand_12,352.1228,0.0,-0.06981,0.0,-0.06981,Sidewalk
769.5,123.2623,4.0113,0.0,0.0,-0.06981,174.7377,0.6939,stand_12,352.1228,0.0,-0.06981,0.0,-0.06981,Sidewalk
770.0,123.2623,4.0113,-0.03491,0.0,-0.06981,174.7377,0.6939,stand_12,352.1228,0.0,-0.06981,0.0,-0.06981,Sidewalk
770.5,123.2623,4.0113,-0.06981,0.0,-0.06981,174.7377,0.6939,stand_12,352.1228,0.0,-0.06981,0.0,-0.06981,Sidewalk
771.0,123.2623,4.0113,-0.10472,0.0,-0.06981,174.7377,0.6939,stand_12,352.1228,0.0,-0.06981,0.0,-0.06981,Sidewalk
771.5,123.2623,4.0113,-0.13963,0.0,-0.06981,174.7377,0.6939,stand_12,352.1228,0.0,-0.06981,0.0,-0.06981,Sidewalk
772.0,123.2623,4.0113,-0.17453,0.0,-0.06981,174.7377,0.6939,stand_12,352.1228,0.0,-0.06981,0.0,-0.06981,Sidewalk
772.5,123.2623,4.0113,-0.20944,0.0,-0.06981,174.7377,0.6939,stand_12,352.1228,0.0,-0.06981,0.0,-0.06981,Sidewalk
773.0,123.2623,4.0113,-0.24435,0.0,-0.06981,174.7377,0.6939,stand_12,352.1228,0.0,-0.06981,0.0,-0.06981,Sidewalk
773.5,123.2623,4.0113,-0.27925,0.0,-0.06981,174.7377,0.6939,stand_12,352.1228,0.0,-0.06981,0.0,-0.06981,Sidewalk
774.0,123.2623,4.0113,-0.31416,0.0,-0.06981,174.7377,0.6939,stand_12,352.1228,0.0,-0.06981,0.0,-0.06981,Sidewalk
774.5,123.2623,4.0113,-0.34907,0.0,-0.06981,174.7377,0.6939,stand_12,352.1228,0.0,-0.06981,0.0,-0.06981,Sidewalk
775.0,123.2623,4.0113,-0.38397,0.0,-0.06981,174.7377,0.6939,stand_12,352.1228,0.0,-0.06981,0.0,-0.06981,Sidewalk
775.5,123.2623,4.0113,-0.41888,0.0,-0.06981,174.7377,0.6939,stand_12,352.1228,0.0,-0.06981,0.0,-0.06981,Sidewalk
776.0,123.2623,4.0113,-0.45379,0.0,-0.06981,174.7377,0.6939,stand_12,352.1228,0.0,-0.06981,0.0,-0.06981,Sidewalk
776.5,123.2623,4.0113,-0.48869,0.0,-0.06981,174.7377,0.6939,stand_12,352.1228,0.0,-0.06981,0.0,-0.06981,Sidewalk
777.0,123.2623,4.0113,-0.5236,0.0,-0.06981,174.7377,0.6939,stand_12,352.1227,0.0,-0.06981,0.0,-0.06981,Sidewalk
777.5,123.2623,4.0113,-0.55851,0.0,-0.06981,174.7377,0.6939,stand_12,352.1227,0.0,-0.06981,0.0,-0.06981,Sidewalk
778.0,123.2623,4.0113,-0.59341,0.0,-0.06981,174.7377,0.6939,stand_12,352.1227,0.0,-0.06981,0.0,-0.06981,Sidewalk
778.5,123.2623,4.0113,-0.62832,0.0,-0.06981,174.7377,0.6939,stand_12,352.1227,0.0,-0.06981,0.0,-0.06981,Sidewalk
779.0,123.2623,4.0113,-0.66323,0.0,-0.06981,174.7377,0.6939,stand_12,352.1227,0.0,-0.06981,0.0,-0.06981,Sidewalk
779.5,123.2623,4.0113,-0.69813,0.0,-0.06981,174.7377,0.6939,stand_12,352.1227,0.0,-0.06981,0.0,-0.06981,Sidewalk
780.0,123.2623,4.0113,-0.73304,0.0,-0.06981,174.7377,0.6939,stand_12,352.1227,0.0,-0.06981,0.0,-0.06981,Sidewalk
780.5,123.2623,4.0113,-0.76794,0.0,-0.06981,174.7377,0.6939,stand_12,352.1227,0.0,-0.06981,0.0,-0.06981,Sidewalk
781.0,123.2623,4.0113,-0.80285,0.0,-0.06981,174.7377,0.6939,stand_12,352.1227,0.0,-0.06981,0.0,-0.06981,Sidewalk
781.5,123.2623,4.0113,-0.83776,0.0,-0.06981,174.7377,0.6939,stand_12,352.1227,0.0,-0.06981,0.0,-0.06981,Sidewalk
782.0,123.2623,4.0113,-0.87266,0.0,-0.06981,174.7377,0.6939,stand_12,352.1227,0.0,-0.06981,0.0,-0.06981,Sidewalk
782.5,123.2623,4.0113,-0.90757,0.0,-0.06981,174.7377,0.6939,stand_12,352.1227,0.0,-0.06981,0.0,-0.06981,Sidewalk
783.0,123.2623,4.0113,-0.94248,0.0,-0.06981,174.7377,0.6939,stand_12,352.1227,0.0,-0.06981,0.0,-0.06981,Sidewalk
783.5,123.2623,4.0113,-0.97738,0.0,-0.06981,174.7377,0.6939,stand_12,352.1227,0.0,-0.06981,0.0,-0.06981,Sidewalk
784.0,123.2623,4.0113,-1.01229,0.0,-0.06981,174.7377,0.6939,stand_12,352.1227,0.0,-0.06981,0.0,-0.06981,Sidewalk
784.5,123.2623,4.0113,-1.0472,0.0,-0.06981,174.7377,0.6939,stand_12,352.1227,0.0,-0.06981,0.0,-0.06981,Sidewalk
785.0,123.2623,4.0113,-1.0821,0.0,-0.06981,174.7377,0.6939,stand_12,352.1227,0.0,-0.06981,0.0,-0.06981,Sidewalk
785.5,123.2623,4.0113,-1.11701,0.0,-0.06981,174.7377,0.6939,stand_12,352.1227,0.0,-0.06981,0.0,-0.06981,Sidewalk
786.0,123.2623,4.0113,-1.15192,0.0,-0.06981,174.7377,0.6939,stand_12,352.1227,0.0,-0.06981,0.0,-0.06981,Sidewalk
786.5,123.2623,4.0113,-1.18682,0.0,-0.06981,174.7377,0.6939,stand_12,352.1227,0.0,-0.06981,0.0,-0.06981,Sidewalk
787.0,123.2623,4.0113,-1.22173,0.0,-0.06981,174.7377,0.6939,stand_12,352.1227,0.0,-0.06981,0.0,-0.06981,Sidewalk
787.5,123.2623,4.0113,-1.25664,0.0,-0.06981,174.7377,0.6939,stand_12,352.1227,0.0,-0.06981,0.0,-0.06981,Sidewalk
788.0,123.2623,4.0113,-1.29154,0.0,-0.06981,174.7377,0.6939,stand_12,352.1227,0.0,-0.06981,0.0,-0.06981,Sidewalk
788.5,123.2623,4.0113,-1.32645,0.0,-0.06981,174.7377,0.6939,stand_12,352.1227,0.0,-0.06981,0.0,-0.06981,Sidewalk
789.0,123.2623,4.0113,-1.36136,0.0,-0.06981,174.7377,0.6939,stand_12,352.1227,0.0,-0.06981,0.0,-0.06981,Sidewalk
789.5,123.2623,4.0113,-1.39626,0.0,-0.06981,174.7377,0.6939,stand_12,352.1227,0.0,-0.06981,0.0,-0.06981,Sidewalk
790.0,123.2623,4.0113,-1.43117,0.0,-0.06981,174.7377,0.6939,stand_12,352.1227,0.0,-0.06981,0.0,-0.06981,Sidewalk
790.5,123.2623,4.0113,-1.46608,0.0,-0.06981,174.7377,0.6939,stand_12,352.1227,0.0,-0.06981,0.0,-0.06981,Sidewalk
791.0,123.2623,4.0113,-1.50098,0.0,-0.06981,174.7377,0.6939,stand_12,352.1227,0.0,-0.06981,0.0,-0.06981,Sidewalk
791.5,123.2623,4.0113,-1.53589,0.0,-0.06981,174.7377,0.6939,stand_12,352.1227,0.0,-0.06981,0.0,-0.06981,Sidewalk
792.0,123.2623,4.0113,-1.5708,0.0,-0.06981,174.7377,0.6939,stand_12,352.1227,0.0,-0.06981,0.0,-0.06981,Sidewalk
792.5,123.2623,4.0113,-1.6057,0.0,-0.06981,174.7377,0.6939,stand_12,352.1227,0.0,-0.06981,0.0,-0.06981,Sidewalk
793.0,123.2623,4.0113,-1.64061,0.0,-0.06981,174.7377,0.6939,stand_12,352.1227,0.0,-0.06981,0.0,-0.06981,Sidewalk
793.5,123.2623,4.0113,-1.67552,0.0,-0.06981,174.7377,0.6939,stand_12,352.1227,0.0,-0.06981,0.0,-0.06981,Sidewalk
794.0,123.2623,4.0113,-1.71042,0.0,-0.06981,174.7377,0.6939,stand_12,352.1227,0.0,-0.06981,0.0,-0.06981,Sidewalk
794.5,123.2623,4.0113,-1.74533,0.0,-0.06981,174.7377,0.6939,stand_12,352.1226,0.0,-0.06981,0.0,-0.06981,Sidewalk
795.0,123.2623,4.0113,-1.78024,0.0,-0.06981,174.7377,0.6939,stand_12,352.1226,0.0,-0.06981,0.0,-0.06981,Sidewalk
795.5,123.2623,4.0113,-1.81514,0.0,-0.06981,174.7377,0.6939,stand_12,352.1226,0.0,-0.06981,0.0,-0.06981,Sidewalk
796.0,123.2623,4.0113,-1.85005,0.0,-0.06981,174.7377,0.6939,stand_12,352.1226,0.0,-0.06981,0.0,-0.06981,Sidewalk
796.5,123.2623,4.0113,-1.88496,0.0,-0.06981,174.7377,0.6939,stand_12,352.1226,0.0,-0.06981,0.0,-0.06981,Sidewalk
797.0,123.2623,4.0113,-1.91986,0.0,-0.06981,174.7377,0.6939,stand_12,352.1226,0.0,-0.06981,0.0,-0.06981,Sidewalk
797.5,123.2623,4.0113,-1.95477,0.0,-0.06981,174.7377,0.6939,stand_12,352.1226,0.0,-0.06981,0.0,-0.06981,Sidewalk
798.0,123.2623,4.0113,-1.98968,0.0,-0.06981,174.7377,0.6939,stand_12,352.1226,0.0,-0.06981,0.0,-0.06981,Sidewalk
798.5,123.2623,4.0113,-2.02458,0.0,-0.06981,174.7377,0.6939,stand_12,352.1226,0.0,-0.06981,0.0,-0.06981,Sidewalk
799.0,123.2623,4.0113,-2.05949,0.0,-0.06981,174.7377,0.6939,stand_12,352.1226,0.0,-0.06981,0.0,-0.06981,Sidewalk
799.5,123.2623,4.0113,-2.0944,0.0,-0.06981,174.7377,0.6939,stand_12,352.1226,0.0,-0.06981,0.0,-0.06981,Sidewalk
800.0,123.2623,4.0113,-2.1293,0.0,-0.06981,174.7377,0.6939,stand_12,352.1226,0.0,-0.06981,0.0,-0.06981,Sidewalk
800.5,123.2623,4.0113,-2.16421,0.0,-0.06981,174.7377,0.6939,stand_12,352.1226,0.0,-0.06981,0.0,-0.06981,Sidewalk
801.0,123.2623,4.0113,-2.19911,0.0,-0.06981,174.7377,0.6939,stand_12,352.1226,0.0,-0.06981,0.0,-0.06981,Sidewalk
801.5,123.2623,4.0113,-2.23402,0.0,-0.06981,174.7377,0.6939,stand_12,352.1226,0.0,-0.06981,0.0,-0.06981,Sidewalk
802.0,123.2623,4.0113,-2.26893,0.0,-0.06981,174.7377,0.6939,stand_12,352.1226,0.0,-0.06981,0.0,-0.06981,Sidewalk
802.5,123.2623,4.0113,-2.30383,0.0,-0.06981,174.7377,0.6939,stand_12,352.1226,0.0,-0.06981,0.0,-0.06981,Sidewalk
803.0,123.2623,4.0113,-2.33874,0.0,-0.06981,174.7377,0.6939,stand_12,352.1226,0.0,-0.06981,0.0,-0.06981,Sidewalk
803.5,123.2623,4.0113,-2.37365,0.0,-0.06981,174.7377,0.6939,stand_12,352.1226,0.0,-0.06981,0.0,-0.06981,Sidewalk
804.0,123.2623,4.0113,-2.40855,0.0,-0.06981,174.7377,0.6939,stand_12,352.1226,0.0,-0.06981,0.0,-0.06981,Sidewalk
804.5,123.2623,4.0113,-2.44346,0.0,-0.06981,174.7377,0.6939,stand_12,352.1226,0.0,-0.06981,0.0,-0.06981,Sidewalk
805.0,123.2623,4.0113,-2.47837,0.0,-0.06981,174.7377,0.6939,stand_12,352.1226,0.0,-0.06981,0.0,-0.06981,Sidewalk
805.5,123.2623,4.0113,-2.51327,0.0,-0.06981,174.7377,0.6939,stand_12,352.1226,0.0,-0.06981,0.0,-0.06981,Sidewalk
806.0,123.2623,4.0113,-2.54818,0.0,-0.06981,174.7377,0.6939,stand_12,352.1226,0.0,-0.06981,0.0,-0.06981,Sidewalk
806.5,123.2623,4.0113,-2.58309,0.0,-0.06981,174.7377,0.6939,stand_12,352.1226,0.0,-0.06981,0.0,-0.06981,Sidewalk
807.0,123.2623,4.0113,-2.61799,0.0,-0.06981,174.7377,0.6939,stand_12,352.1226,0.0,-0.06981,0.0,-0.06981,Sidewalk
807.5,123.2623,4.0113,-2.6529,0.0,-0.06981,174.7377,0.6939,stand_12,352.1226,0.0,-0.06981,0.0,-0.06981,Sidewalk
808.0,123.2623,4.0113,-2.68781,0.0,-0.06981,174.7377,0.6939,stand_12,352.1226,0.0,-0.06981,0.0,-0.06981,Sidewalk
808.5,123.2623,4.0113,-2.72271,0.0,-0.06981,174.7377,0.6939,stand_12,352.1226,0.0,-0.06981,0.0,-0.06981,Sidewalk
809.0,123.2623,4.0113,-2.75762,0.0,-0.06981,174.7377,0.6939,stand_12,352.1226,0.0,-0.06981,0.0,-0.06981,Sidewalk
809.5,123.2623,4.0113,-2.79253,0.0,-0.06981,174.7377,0.6939,stand_12,352.1226,0.0,-0.06981,0.0,-0.06981,Sidewalk
810.0,123.2623,4.0113,-2.82743,0.0,-0.06981,174.7377,0.6939,stand_12,352.1226,0.0,-0.06981,0.0,-0.06981,Sidewalk
810.5,123.2623,4.0113,-2.86234,0.0,-0.06981,174.7377,0.6939,stand_12,352.1226,0.0,-0.06981,0.0,-0.06981,Sidewalk
811.0,123.2623,4.0113,-2.89725,0.0,-0.06981,174.7377,0.6939,stand_12,352.1226,0.0,-0.06981,0.0,-0.06981,Sidewalk
811.5,123.2623,4.0113,-2.93215,0.0,-0.06981,174.7377,0.6939,stand_12,352.1226,0.0,-0.06981,0.0,-0.06981,Sidewalk
812.0,123.2623,4.0113,-2.96706,0.0,-0.06981,174.7377,0.6939,stand_12,352.1226,0.0,-0.06981,0.0,-0.06981,Sidewalk
812.5,123.2623,4.0113,-3.00197,0.0,-0.06981,174.7377,0.6939,stand_12,352.1225,0.0,-0.06981,0.0,-0.06981,Sidewalk
813.0,123.2623,4.0113,-3.03687,0.0,-0.06981,174.7377,0.6939,stand_12,352.1225,0.0,-0.06981,0.0,-0.06981,Sidewalk
813.5,123.2623,4.0113,-3.07178,0.0,-0.06981,174.7377,0.6939,stand_12,352.1225,0.0,-0.06981,0.0,-0.06981,Sidewalk
814.0,123.2623,4.0113,-3.10669,0.0,-0.06981,174.7377,0.6939,stand_12,352.1225,0.0,-0.06981,0.0,-0.06981,Sidewalk
814.5,123.2623,4.0113,-3.14159,0.0,-0.06981,174.7377,0.6939,stand_12,352.1225,0.0,-0.06981,0.0,-0.06981,Sidewalk
815.0,123.2623,4.0113,3.10669,0.0,-0.06981,174.7377,0.6939,stand_12,352.1225,0.0,-0.06981,0.0,-0.06981,Sidewalk
815.5,123.2623,4.0113,3.07178,0.0,-0.06981,174.7377,0.6939,stand_12,352.1225,0.0,-0.06981,0.0,-0.06981,Sidewalk
816.0,123.2623,4.0113,3.03687,0.0,-0.06981,174.7377,0.6939,stand_12,352.1225,0.0,-0.06981,0.0,-0.06981,Sidewalk
816.5,123.2623,4.0113,3.00197,0.0,-0.06981,174.7377,0.6939,stand_12,352.1225,0.0,-0.06981,0.0,-0.06981,Sidewalk
817.0,123.2623,4.0113,2.96706,0.0,-0.06981,174.7377,0.6939,stand_12,352.1225,0.0,-0.06981,0.0,-0.06981,Sidewalk
817.5,123.2623,4.0113,2.93215,0.0,-0.06981,174.7377,0.6939,stand_12,352.1225,0.0,-0.06981,0.0,-0.06981,Sidewalk
818.0,123.2623,4.0113,2.89725,0.0,-0.06981,174.7377,0.6939,stand_12,352.1225,0.0,-0.06981,0.0,-0.06981,Sidewalk
818.5,123.2623,4.0113,2.86234,0.0,-0.06981,174.7377,0.6939,stand_12,352.1225,0.0,-0.06981,0.0,-0.06981,Sidewalk
819.0,123.2623,4.0113,2.82743,0.0,-0.06981,174.7377,0.6939,stand_12,352.1225,0.0,-0.06981,0.0,-0.06981,Sidewalk
819.5,123.2623,4.0113,2.79253,0.0,-0.06981,174.7377,0.6939,stand_12,352.1225,0.0,-0.06981,0.0,-0.06981,Sidewalk
820.0,123.2623,4.0113,2.75762,0.0,-0.06981,174.7377,0.6939,stand_12,352.1225,0.0,-0.06981,0.0,-0.06981,Sidewalk
820.5,123.2623,4.0113,2.72271,0.0,-0.06981,174.7377,0.6939,stand_12,352.1225,0.0,-0.06981,0.0,-0.06981,Sidewalk
821.0,123.2623,4.0113,2.68781,0.0,-0.06981,174.7377,0.6939,stand_12,352.1225,0.0,-0.06981,0.0,-0.06981,Sidewalk
821.5,123.2623,4.0113,2.6529,0.0,-0.06981,174.7377,0.6939,stand_12,352.1225,0.0,-0.06981,0.0,-0.06981,Sidewalk
822.0,123.2623,4.0113,2.61799,0.0,-0.06981,174.7377,0.6939,stand_12,352.1225,0.0,-0.06981,0.0,-0.06981,Sidewalk
822.5,123.2623,4.0113,2.58309,0.0,-0.06981,174.7377,0.6939,stand_12,352.1225,0.0,-0.06981,0.0,-0.06981,Sidewalk
823.0,123.2623,4.0113,2.54818,0.0,-0.06981,174.7377,0.6939,stand_12,352.1225,0.0,-0.06981,0.0,-0.06981,Sidewalk
823.5,123.2623,4.0113,2.51327,0.0,-0.06981,174.7377,0.6939,stand_12,352.1225,0.0,-0.06981,0.0,-0.06981,Sidewalk
824.0,123.2623,4.0113,2.47837,0.0,-0.06981,174.7377,0.6939,stand_12,352.1225,0.0,-0.06981,0.0,-0.06981,Sidewalk
824.5,123.2623,4.0113,2.44346,0.0,-0.06981,174.7377,0.6939,stand_12,352.1225,0.0,-0.06981,0.0,-0.06981,Sidewalk
825.0,123.2623,4.0113,2.40855,0.0,-0.06981,174.7377,0.6939,stand_12,352.1225,0.0,-0.06981,0.0,-0.06981,Sidewalk
825.5,123.2623,4.0113,2.37365,0.0,-0.06981,174.7377,0.6939,stand_12,352.1225,0.0,-0.06981,0.0,-0.06981,Sidewalk
826.0,123.2623,4.0113,2.33874,0.0,-0.06981,174.7377,0.6939,stand_12,352.1225,0.0,-0.06981,0.0,-0.06981,Sidewalk
826.5,123.2623,4.0113,2.30383,0.0,-0.06981,174.7377,0.6939,stand_12,352.1225,0.0,-0.06981,0.0,-0.06981,Sidewalk
827.0,123.2623,4.0113,2.26893,0.0,-0.06981,174.7377,0.6939,stand_12,352.1225,0.0,-0.06981,0.0,-0.06981,Sidewalk
827.5,123.2623,4.0113,2.23402,0.0,-0.06981,174.7377,0.6939,stand_12,352.1225,0.0,-0.06981,0.0,-0.06981,Sidewalk
828.0,123.2623,4.0113,2.19911,0.0,-0.06981,174.7377,0.6939,stand_12,352.1225,0.0,-0.06981,0.0,-0.06981,Sidewalk
828.5,123.2623,4.0113,2.16421,0.0,-0.06981,174.7377,0.6939,stand_12,352.1225,0.0,-0.06981,0.0,-0.06981,Sidewalk
829.0,123.2623,4.0113,2.1293,0.0,-0.06981,174.7377,0.6939,stand_12,352.1224,0.0,-0.06981,0.0,-0.06981,Sidewalk
829.5,123.2623,4.0113,2.0944,0.0,-0.06981,174.7377,0.6939,stand_12,352.1224,0.0,-0.06981,0.0,-0.06981,Sidewalk
830.0,123.2623,4.0113,2.05949,0.0,-0.06981,174.7377,0.6939,stand_12,352.1224,0.0,-0.06981,0.0,-0.06981,Sidewalk
830.5,123.2623,4.0113,2.02458,0.0,-0.06981,174.7377,0.6939,stand_12,352.1224,0.0,-0.06981,0.0,-0.06981,Sidewalk
831.0,123.2623,4.0113,1.98968,0.0,-0.06981,174.7377,0.6939,stand_12,352.1224,0.0,-0.06981,0.0,-0.06981,Sidewalk
831.5,123.2623,4.0113,1.95477,0.0,-0.06981,174.7377,0.6939,stand_12,352.1224,0.0,-0.06981,0.0,-0.06981,Sidewalk
832.0,123.2623,4.0113,1.91986,0.0,-0.06981,174.7377,0.6939,stand_12,352.1224,0.0,-0.06981,0.0,-0.06981,Sidewalk
832.5,123.2623,4.0113,1.88496,0.0,-0.06981,174.7377,0.6939,stand_12,352.1224,0.0,-0.06981,0.0,-0.06981,Sidewalk
833.0,123.2623,4.0113,1.85005,0.0,-0.06981,174.7377,0.6939,stand_12,352.1224,0.0,-0.06981,0.0,-0.06981,Sidewalk
833.5,123.2623,4.0113,1.81514,0.0,-0.06981,174.7377,0.6939,stand_12,352.1224,0.0,-0.06981,0.0,-0.06981,Sidewalk
834.0,123.2623,4.0113,1.78024,0.0,-0.06981,174.7377,0.6939,stand_12,352.1224,0.0,-0.06981,0.0,-0.06981,Sidewalk
834.5,123.2623,4.0113,1.74533,0.0,-0.06981,174.7377,0.6939,stand_12,352.1224,0.0,-0.06981,0.0,-0.06981,Sidewalk
835.0,123.2623,4.0113,1.71042,0.0,-0.06981,174.7377,0.6939,stand_12,352.1224,0.0,-0.06981,0.0,-0.06981,Sidewalk
835.5,123.2623,4.0113,1.67552,0.0,-0.06981,174.7377,0.6939,stand_12,352.1224,0.0,-0.06981,0.0,-0.06981,Sidewalk
836.0,123.2623,4.0113,1.64061,0.0,-0.06981,174.7377,0.6939,stand_12,352.1224,0.0,-0.06981,0.0,-0.06981,Sidewalk
836.5,123.2623,4.0113,1.6057,0.0,-0.06981,174.7377,0.6939,stand_12,352.1224,0.0,-0.06981,0.0,-0.06981,Sidewalk
837.0,123.2623,4.0113,1.5708,0.0,-0.06981,174.7377,0.6939,stand_12,352.1224,0.0,-0.06981,0.0,-0.06981,Sidewalk
837.5,123.2623,4.0113,1.53589,0.0,-0.06981,174.7377,0.6939,stand_12,352.1224,0.0,-0.06981,0.0,-0.06981,Sidewalk
838.0,123.2623,4.0113,1.50098,0.0,-0.06981,174.7377,0.6939,stand_12,352.1224,0.0,-0.06981,0.0,-0.06981,Sidewalk
838.5,123.2623,4.0113,1.46608,0.0,-0.06981,174.7377,0.6939,stand_12,352.1224,0.0,-0.06981,0.0,-0.06981,Sidewalk
839.0,123.2623,4.0113,1.43117,0.0,-0.06981,174.7377,0.6939,stand_12,352.1224,0.0,-0.06981,0.0,-0.06981,Sidewalk
839.5,123.2623,4.0113,1.39626,0.0,-0.06981,174.7377,0.6939,stand_12,352.1224,0.0,-0.06981,0.0,-0.06981,Sidewalk
840.0,123.2623,4.0113,1.36136,0.0,-0.06981,174.7377,0.6939,stand_12,352.1224,0.0,-0.06981,0.0,-0.06981,Sidewalk
840.5,123.2623,4.0113,1.32645,0.0,-0.06981,174.7377,0.6939,stand_12,352.1224,0.0,-0.06981,0.0,-0.06981,Sidewalk
841.0,123.2623,4.0113,1.29154,0.0,-0.06981,174.7377,0.6939,stand_12,352.1224,0.0,-0.06981,0.0,-0.06981,Sidewalk
841.5,123.2623,4.0113,1.25664,0.0,-0.06981,174.7377,0.6939,stand_12,352.1224,0.0,-0.06981,0.0,-0.06981,Sidewalk
842.0,123.2623,4.0113,1.22173,0.0,-0.06981,174.7377,0.6939,stand_12,352.1224,0.0,-0.06981,0.0,-0.06981,Sidewalk
842.5,123.2623,4.0113,1.18682,0.0,-0.06981,174.7377,0.6939,stand_12,352.1224,0.0,-0.06981,0.0,-0.06981,Sidewalk
843.0,123.2623,4.0113,1.15192,0.0,-0.06981,174.7377,0.6939,stand_12,352.1224,0.0,-0.06981,0.0,-0.06981,Sidewalk
843.5,123.2623,4.0113,1.11701,0.0,-0.06981,174.7377,0.6939,stand_12,352.1224,0.0,-0.06981,0.0,-0.06981,Sidewalk
844.0,123.2623,4.0113,1.0821,0.0,-0.06981,174.7377,0.6939,stand_12,352.1224,0.0,-0.06981,0.0,-0.06981,Sidewalk
844.5,123.2623,4.0113,1.0472,0.0,-0.06981,174.7377,0.6939,stand_12,352.1224,0.0,-0.06981,0.0,-0.06981,Sidewalk
845.0,123.2623,4.0113,1.01229,0.0,-0.06981,174.7377,0.6939,stand_12,352.1224,0.0,-0.06981,0.0,-0.06981,Sidewalk
845.5,123.2623,4.0113,0.97738,0.0,-0.06981,174.7377,0.6939,stand_12,352.1224,0.0,-0.06981,0.0,-0.06981,Sidewalk
846.0,123.2623,4.0113,0.94248,0.0,-0.06981,174.7377,0.6939,stand_12,352.1224,0.0,-0.06981,0.0,-0.06981,Sidewalk
846.5,123.2623,4.0113,0.90757,0.0,-0.06981,174.7377,0.6939,stand_12,352.1224,0.0,-0.06981,0.0,-0.06981,Sidewalk
847.0,123.2623,4.0113,0.87266,0.0,-0.06981,174.7377,0.6939,stand_12,352.1224,0.0,-0.06981,0.0,-0.06981,Sidewalk
847.5,123.2623,4.0113,0.83776,0.0,-0.06981,174.7377,0.6939,stand_12,352.1223,0.0,-0.06981,0.0,-0.06981,Sidewalk
848.0,123.2623,4.0113,0.80285,0.0,-0.06981,174.7377,0.6939,stand_12,352.1223,0.0,-0.06981,0.0,-0.06981,Sidewalk
848.5,123.2623,4.0113,0.76794,0.0,-0.06981,174.7377,0.6939,stand_12,352.1223,0.0,-0.06981,0.0,-0.06981,Sidewalk
849.0,123.2623,4.0113,0.73304,0.0,-0.06981,174.7377,0.6939,stand_12,352.1223,0.0,-0.06981,0.0,-0.06981,Sidewalk
849.5,123.2623,4.0113,0.69813,0.0,-0.06981,174.7377,0.6939,stand_12,352.1223,0.0,-0.06981,0.0,-0.06981,Sidewalk
850.0,123.2623,4.0113,0.66323,0.0,-0.06981,174.7377,0.6939,stand_12,352.1223,0.0,-0.06981,0.0,-0.06981,Sidewalk
850.5,123.2623,4.0113,0.62832,0.0,-0.06981,174.7377,0.6939,stand_12,352.1223,0.0,-0.06981,0.0,-0.06981,Sidewalk
851.0,123.2623,4.0113,0.59341,0.0,-0.06981,174.7377,0.6939,stand_12,352.1223,0.0,-0.06981,0.0,-0.06981,Sidewalk
851.5,123.2623,4.0113,0.55851,0.0,-0.06981,174.7377,0.6939,stand_12,352.1223,0.0,-0.06981,0.0,-0.06981,Sidewalk
852.0,123.2623,4.0113,0.5236,0.0,-0.06981,174.7377,0.6939,stand_12,352.1223,0.0,-0.06981,0.0,-0.06981,Sidewalk
852.5,123.2623,4.0113,0.48869,0.0,-0.06981,174.7377,0.6939,stand_12,352.1223,0.0,-0.06981,0.0,-0.06981,Sidewalk
853.0,123.2623,4.0113,0.45379,0.0,-0.06981,174.7377,0.6939,stand_12,352.1223,0.0,-0.06981,0.0,-0.06981,Sidewalk
853.5,123.2623,4.0113,0.41888,0.0,-0.06981,174.7377,0.6939,stand_12,352.1223,0.0,-0.06981,0.0,-0.06981,Sidewalk
854.0,123.2623,4.0113,0.38397,0.0,-0.06981,174.7377,0.6939,stand_12,352.1223,0.0,-0.06981,0.0,-0.06981,Sidewalk
854.5,123.2623,4.0113,0.34907,0.0,-0.06981,174.7377,0.6939,stand_12,352.1223,0.0,-0.06981,0.0,-0.06981,Sidewalk
855.0,123.2623,4.0113,0.31416,0.0,-0.06981,174.7377,0.6939,stand_12,352.1223,0.0,-0.06981,0.0,-0.06981,Sidewalk
855.5,123.2623,4.0113,0.27925,0.0,-0.06981,174.7377,0.6939,stand_12,352.1223,0.0,-0.06981,0.0,-0.06981,Sidewalk
856.0,123.2623,4.0113,0.24435,0.0,-0.06981,174.7377,0.6939,stand_12,352.1223,0.0,-0.06981,0.0,-0.06981,Sidewalk
856.5,123.2623,4.0113,0.20944,0.0,-0.06981,174.7377,0.6939,stand_12,352.1223,0.0,-0.06981,0.0,-0.06981,Sidewalk
857.0,123.2623,4.0113,0.17453,0.0,-0.06981,174.7377,0.6939,stand_12,352.1223,0.0,-0.06981,0.0,-0.06981,Sidewalk
857.5,123.2623,4.0113,0.13963,0.0,-0.06981,174.7377,0.6939,stand_12,352.1223,0.0,-0.06981,0.0,-0.06981,Sidewalk
858.0,123.2623,4.0113,0.10472,0.0,-0.06981,174.7377,0.6939,stand_12,352.1223,0.0,-0.06981,0.0,-0.06981,Sidewalk
858.5,123.2623,4.0113,0.06981,0.0,-0.06981,174.7377,0.6939,stand_12,352.1223,0.0,-0.06981,0.0,-0.06981,Sidewalk
859.0,123.2623,4.0113,0.03491,0.0,-0.06981,174.7377,0.6939,stand_12,352.1223,0.0,-0.06981,0.0,-0.06981,Sidewalk
859.5,123.2623,4.0113,0.0,0.0,-0.06981,174.7377,0.6939,stand_12,352.1223,0.0,-0.06981,0.0,-0.06981,Sidewalk
860.0,123.2623,4.0113,-0.03491,0.0,-0.06981,174.7377,0.6939,stand_12,352.1223,0.0,-0.06981,0.0,-0.06981,Sidewalk
860.5,123.2623,4.0113,-0.06981,0.0,-0.06981,174.7377,0.6939,stand_12,352.1223,0.0,-0.06981,0.0,-0.06981,Sidewalk
861.0,123.2623,4.0113,-0.10472,0.0,-0.06981,174.7377,0.6939,stand_12,352.1223,0.0,-0.06981,0.0,-0.06981,Sidewalk
861.5,123.2623,4.0113,-0.13963,0.0,-0.06981,174.7377,0.6939,stand_12,352.1223,0.0,-0.06981,0.0,-0.06981,Sidewalk
862.0,123.2623,4.0113,-0.17453,0.0,-0.06981,174.7377,0.6939,stand_12,352.1223,0.0,-0.06981,0.0,-0.06981,Sidewalk
862.5,123.2623,4.0113,-0.20944,0.0,-0.06981,174.7377,0.6939,stand_12,352.1223,0.0,-0.06981,0.0,-0.06981,Sidewalk
863.0,123.2623,4.0113,-0.24435,0.0,-0.06981,174.7377,0.6939,stand_12,352.1223,0.0,-0.06981,0.0,-0.06981,Sidewalk
863.5,123.2623,4.0113,-0.27925,0.0,-0.06981,174.7377,0.6939,stand_12,352.1222,0.0,-0.06981,0.0,-0.06981,Sidewalk
864.0,123.2623,4.0113,-0.31416,0.0,-0.06981,174.7377,0.6939,stand_12,352.1222,0.0,-0.06981,0.0,-0.06981,Sidewalk
864.5,123.2623,4.0113,-0.34907,0.0,-0.06981,174.7377,0.6939,stand_12,352.1222,0.0,-0.06981,0.0,-0.06981,Sidewalk
865.0,123.2623,4.0113,-0.38397,0.0,-0.06981,174.7377,0.6939,stand_12,352.1222,0.0,-0.06981,0.0,-0.06981,Sidewalk
865.5,123.2623,4.0113,-0.41888,0.0,-0.06981,174.7377,0.6939,stand_12,352.1222,0.0,-0.06981,0.0,-0.06981,Sidewalk
866.0,123.2623,4.0113,-0.45379,0.0,-0.06981,174.7377,0.6939,stand_12,352.1222,0.0,-0.06981,0.0,-0.06981,Sidewalk
866.5,123.2623,4.0113,-0.48869,0.0,-0.06981,174.7377,0.6939,stand_12,352.1222,0.0,-0.06981,0.0,-0.06981,Sidewalk
867.0,123.2623,4.0113,-0.5236,0.0,-0.06981,174.7377,0.6939,stand_12,352.1222,0.0,-0.06981,0.0,-0.06981,Sidewalk
867.5,123.2623,4.0113,-0.55851,0.0,-0.06981,174.7377,0.6939,stand_12,352.1222,0.0,-0.06981,0.0,-0.06981,Sidewalk
868.0,123.2623,4.0113,-0.59341,0.0,-0.06981,174.7377,0.6939,stand_12,352.1222,0.0,-0.06981,0.0,-0.06981,Sidewalk
868.5,123.2623,4.0113,-0.62832,0.0,-0.06981,174.7377,0.6939,stand_12,352.1222,0.0,-0.06981,0.0,-0.06981,Sidewalk
869.0,123.2623,4.0113,-0.66323,0.0,-0.06981,174.7377,0.6939,stand_12,352.1222,0.0,-0.06981,0.0,-0.06981,Sidewalk
869.5,123.2623,4.0113,-0.69813,0.0,-0.06981,174.7377,0.6939,stand_12,352.1222,0.0,-0.06981,0.0,-0.06981,Sidewalk
870.0,123.2623,4.0113,-0.73304,0.0,-0.06981,174.7377,0.6939,stand_12,352.1222,0.0,-0.06981,0.0,-0.06981,Sidewalk
870.5,123.2623,4.0113,-0.76794,0.0,-0.06981,174.7377,0.6939,stand_12,352.1222,0.0,-0.06981,0.0,-0.06981,Sidewalk
871.0,123.2623,4.0113,-0.80285,0.0,-0.06981,174.7377,0.6939,stand_12,352.1222,0.0,-0.06981,0.0,-0.06981,Sidewalk
871.5,123.2623,4.0113,-0.83776,0.0,-0.06981,174.7377,0.6939,stand_12,352.1222,0.0,-0.06981,0.0,-0.06981,Sidewalk
872.0,123.2623,4.0113,-0.87266,0.0,-0.06981,174.7377,0.6939,stand_12,352.1222,0.0,-0.06981,0.0,-0.06981,Sidewalk
872.5,123.2623,4.0113,-0.90757,0.0,-0.06981,174.7377,0.6939,stand_12,352.1222,0.0,-0.06981,0.0,-0.06981,Sidewalk
873.0,123.2623,4.0113,-0.94248,0.0,-0.06981,174.7377,0.6939,stand_12,352.1222,0.0,-0.06981,0.0,-0.06981,Sidewalk
873.5,123.2623,4.0113,-0.97738,0.0,-0.06981,174.7377,0.6939,stand_12,352.1222,0.0,-0.06981,0.0,-0.06981,Sidewalk
874.0,123.2623,4.0113,-1.01229,0.0,-0.06981,174.7377,0.6939,stand_12,352.1222,0.0,-0.06981,0.0,-0.06981,Sidewalk
874.5,123.2623,4.0113,-1.0472,0.0,-0.06981,174.7377,0.6939,stand_12,352.1222,0.0,-0.06981,0.0,-0.06981,Sidewalk
875.0,123.2623,4.0113,-1.0821,0.0,-0.06981,174.7377,0.6939,stand_12,352.1222,0.0,-0.06981,0.0,-0.06981,Sidewalk
875.5,123.2623,4.0113,-1.11701,0.0,-0.06981,174.7377,0.6939,stand_12,352.1222,0.0,-0.06981,0.0,-0.06981,Sidewalk
876.0,123.2623,4.0113,-1.15192,0.0,-0.06981,174.7377,0.6939,stand_12,352.1222,0.0,-0.06981,0.0,-0.06981,Sidewalk
876.5,123.2623,4.0113,-1.18682,0.0,-0.06981,174.7377,0.6939,stand_12,352.1222,0.0,-0.06981,0.0,-0.06981,Sidewalk
877.0,123.2623,4.0113,-1.22173,0.0,-0.06981,174.7377,0.6939,stand_12,352.1222,0.0,-0.06981,0.0,-0.06981,Sidewalk
877.5,123.2623,4.0113,-1.25664,0.0,-0.06981,174.7377,0.6939,stand_12,352.1222,0.0,-0.06981,0.0,-0.06981,Sidewalk
878.0,123.2623,4.0113,-1.29154,0.0,-0.06981,174.7377,0.6939,stand_12,352.1222,0.0,-0.06981,0.0,-0.06981,Sidewalk
878.5,123.2623,4.0113,-1.32645,0.0,-0.06981,174.7377,0.694,stand_12,352.1222,0.0,-0.06981,0.0,-0.06981,Sidewalk
879.0,123.2623,4.0113,-1.36136,0.0,-0.06981,174.7377,0.694,stand_12,352.1222,0.0,-0.06981,0.0,-0.06981,Sidewalk
879.5,123.2623,4.0113,-1.39626,0.0,-0.06981,174.7377,0.694,stand_12,352.1222,0.0,-0.06981,0.0,-0.06981,Sidewalk
880.0,123.2623,4.0113,-1.43117,0.0,-0.06981,174.7377,0.694,stand_12,352.1222,0.0,-0.06981,0.0,-0.06981,Sidewalk
880.5,123.2623,4.0113,-1.46608,0.0,-0.06981,174.7377,0.694,stand_12,352.1222,0.0,-0.06981,0.0,-0.06981,Sidewalk
881.0,123.2623,4.0113,-1.50098,0.0,-0.06981,174.7377,0.694,stand_12,352.1222,0.0,-0.06981,0.0,-0.06981,Sidewalk
881.5,123.2623,4.0113,-1.53589,0.0,-0.06981,174.7377,0.694,stand_12,352.1222,0.0,-0.06981,0.0,-0.06981,Sidewalk
882.0,123.2623,4.0113,-1.5708,0.0,-0.06981,174.7377,0.694,stand_12,352.1222,0.0,-0.06981,0.0,-0.06981,Sidewalk
882.5,123.2623,4.0113,-1.6057,0.0,-0.06981,174.7377,0.694,stand_12,352.1221,0.0,-0.06981,0.0,-0.06981,Sidewalk
883.0,123.2623,4.0113,-1.64061,0.0,-0.06981,174.7377,0.694,stand_12,352.1221,0.0,-0.06981,0.0,-0.06981,Sidewalk
883.5,123.2623,4.0113,-1.67552,0.0,-0.06981,174.7377,0.694,stand_12,352.1221,0.0,-0.06981,0.0,-0.06981,Sidewalk
884.0,123.2623,4.0113,-1.71042,0.0,-0.06981,174.7377,0.694,stand_12,352.1221,0.0,-0.06981,0.0,-0.06981,Sidewalk
884.5,123.2623,4.0113,-1.74533,0.0,-0.06981,174.7377,0.694,stand_12,352.1221,0.0,-0.06981,0.0,-0.06981,Sidewalk
885.0,123.2623,4.0113,-1.78024,0.0,-0.06981,174.7377,0.694,stand_12,352.1221,0.0,-0.06981,0.0,-0.06981,Sidewalk
885.5,123.2623,4.0113,-1.81514,0.0,-0.06981,174.7377,0.694,stand_12,352.1221,0.0,-0.06981,0.0,-0.06981,Sidewalk
886.0,123.2623,4.0113,-1.85005,0.0,-0.06981,174.7377,0.694,stand_12,352.1221,0.0,-0.06981,0.0,-0.06981,Sidewalk
886.5,123.2623,4.0113,-1.88496,0.0,-0.06981,174.7377,0.694,stand_12,352.1221,0.0,-0.06981,0.0,-0.06981,Sidewalk
887.0,123.2623,4.0113,-1.91986,0.0,-0.06981,174.7377,0.694,stand_12,352.1221,0.0,-0.06981,0.0,-0.06981,Sidewalk
887.5,123.2623,4.0113,-1.95477,0.0,-0.06981,174.7377,0.694,stand_12,352.1221,0.0,-0.06981,0.0,-0.06981,Sidewalk
888.0,123.2623,4.0113,-1.98968,0.0,-0.06981,174.7377,0.694,stand_12,352.1221,0.0,-0.06981,0.0,-0.06981,Sidewalk
888.5,123.2623,4.0113,-2.02458,0.0,-0.06981,174.7377,0.694,stand_12,352.1221,0.0,-0.06981,0.0,-0.06981,Sidewalk
889.0,123.2623,4.0113,-2.05949,0.0,-0.06981,174.7377,0.694,stand_12,352.1221,0.0,-0.06981,0.0,-0.06981,Sidewalk
889.5,123.2623,4.0113,-2.0944,0.0,-0.06981,174.7377,0.694,stand_12,352.1221,0.0,-0.06981,0.0,-0.06981,Sidewalk
890.0,123.2623,4.0113,-2.1293,0.0,-0.06981,174.7377,0.694,stand_12,352.1221,0.0,-0.06981,0.0,-0.06981,Sidewalk
890.5,123.2623,4.0113,-2.16421,0.0,-0.06981,174.7377,0.694,stand_12,352.1221,0.0,-0.06981,0.0,-0.06981,Sidewalk
891.0,123.2623,4.0113,-2.19911,0.0,-0.06981,174.7377,0.694,stand_12,352.1221,0.0,-0.06981,0.0,-0.06981,Sidewalk
891.5,123.2623,4.0113,-2.23402,0.0,-0.06981,174.7377,0.694,stand_12,352.1221,0.0,-0.06981,0.0,-0.06981,Sidewalk
892.0,123.2623,4.0113,-2.26893,0.0,-0.06981,174.7377,0.694,stand_12,352.1221,0.0,-0.06981,0.0,-0.06981,Sidewalk
892.5,123.2623,4.0113,-2.30383,0.0,-0.06981,174.7377,0.694,stand_12,352.1221,0.0,-0.06981,0.0,-0.06981,Sidewalk
893.0,123.2623,4.0113,-2.33874,0.0,-0.06981,174.7377,0.694,stand_12,352.1221,0.0,-0.06981,0.0,-0.06981,Sidewalk
893.5,123.2623,4.0113,-2.37365,0.0,-0.06981,174.7377,0.694,stand_12,352.1221,0.0,-0.06981,0.0,-0.06981,Sidewalk
894.0,123.2623,4.0113,-2.40855,0.0,-0.06981,174.7377,0.694,stand_12,352.1221,0.0,-0.06981,0.0,-0.06981,Sidewalk
894.5,123.2623,4.0113,-2.44346,0.0,-0.06981,174.7377,0.694,stand_12,352.1221,0.0,-0.06981,0.0,-0.06981,Sidewalk
895.0,123.2623,4.0113,-2.47837,0.0,-0.06981,174.7377,0.694,stand_12,352.1221,0.0,-0.06981,0.0,-0.06981,Sidewalk
895.5,123.2623,4.0113,-2.51327,0.0,-0.06981,174.7377,0.694,stand_12,352.1221,0.0,-0.06981,0.0,-0.06981,Sidewalk
896.0,123.2623,4.0113,-2.54818,0.0,-0.06981,174.7377,0.694,stand_12,352.1221,0.0,-0.06981,0.0,-0.06981,Sidewalk
896.5,123.2623,4.0113,-2.58309,0.0,-0.06981,174.7377,0.694,stand_12,352.1221,0.0,-0.06981,0.0,-0.06981,Sidewalk
897.0,123.2623,4.0113,-2.61799,0.0,-0.06981,174.7377,0.694,stand_12,352.1221,0.0,-0.06981,0.0,-0.06981,Sidewalk
897.5,123.2623,4.0113,-2.6529,0.0,-0.06981,174.7377,0.694,stand_12,352.1221,0.0,-0.06981,0.0,-0.06981,Sidewalk
898.0,123.2623,4.0113,-2.68781,0.0,-0.06981,174.7377,0.694,stand_12,352.1221,0.0,-0.06981,0.0,-0.06981,Sidewalk
898.5,123.2623,4.0113,-2.72271,0.0,-0.06981,174.7377,0.694,stand_12,352.1221,0.0,-0.06981,0.0,-0.06981,Sidewalk
899.0,123.2623,4.0113,-2.75762,0.0,-0.06981,174.7377,0.694,stand_12,352.1221,0.0,-0.06981,0.0,-0.06981,Sidewalk
899.5,123.2623,4.0113,-2.79253,0.0,-0.06981,174.7377,0.694,stand_12,352.1221,0.0,-0.06981,0.0,-0.06981,Sidewalk
900.0,123.2623,4.0113,-2.82743,0.0,-0.06981,174.7377,0.694,stand_12,352.1221,0.0,-0.06981,0.0,-0.06981,Sidewalk
900.5,123.2623,4.0113,-2.86234,0.0,-0.06981,174.7377,0.694,stand_12,352.1221,0.0,-0.06981,0.0,-0.06981,Sidewalk
