time,x,y,yaw,v,w,goal_distance,min_person_dist,closest_person,total_cost,action_linear_x,action_angular_z,observation_state_linear_x,observation_state_angular_z,observation_state_road_type
0.5,2.08,3.9972,-0.03491,0.16,-0.06981,295.92,2.9201,walk_east_mid.0,355.8633,0.16,-0.06981,0.16,-0.06981,Sidewalk
1.0,2.2399,3.9916,-0.03491,0.32,-0.0,295.7601,3.2,walk_east_dn.0,355.1351,0.32,-0.0,0.32,-0.0,Sidewalk
1.5,2.4599,3.9916,0.0,0.44,0.06981,295.5401,3.3319,walk_east_dn.0,354.4907,0.44,0.06981,0.44,0.06981,Sidewalk
2.0,2.6993,4.0084,0.06981,0.48,0.13963,295.3007,3.4756,walk_east_dn.0,353.9941,0.48,0.13963,0.48,0.13963,Sidewalk
2.5,2.9578,4.0355,0.10472,0.52,0.06981,295.0422,3.5947,walk_east_dn.0,353.3616,0.52,0.06981,0.52,0.06981,Sidewalk
3.0,3.1942,4.0772,0.17453,0.48,0.13963,294.8058,3.7135,walk_east_dn.0,353.0923,0.48,0.13963,0.48,0.13963,Sidewalk
3.5,3.4485,4.1313,0.20944,0.52,0.06981,294.5515,3.8253,walk_east_dn.0,352.5279,0.52,0.06981,0.52,0.06981,Sidewalk
4.0,3.8007,4.2061,0.20944,0.72,-0.0,294.1994,3.8396,walk_east_dn.0,351.6643,0.72,-0.0,0.72,-0.0,Sidewalk
4.5,4.0961,4.2582,0.17453,0.6,-0.06981,293.904,3.8933,walk_east_dn.0,351.8433,0.6,-0.06981,0.6,-0.06981,Sidewalk
5.0,4.49,4.3277,0.17453,0.8,-0.0,293.5102,3.8459,walk_east_dn.0,350.5701,0.8,-0.0,0.8,-0.0,Sidewalk
5.5,4.7871,4.3694,0.13963,0.6,-0.06981,293.2131,3.924,walk_east_dn.0,350.9892,0.6,-0.06981,0.6,-0.06981,Sidewalk
6.0,5.1832,4.4251,0.13963,0.8,-0.0,292.8171,3.9058,walk_east_dn.0,349.6526,0.8,-0.0,0.8,-0.0,Sidewalk
6.5,5.4816,4.4565,0.10472,0.6,-0.06981,292.5188,4.0154,walk_east_dn.0,350.0739,0.6,-0.06981,0.6,-0.06981,Sidewalk
7.0,5.8794,4.4983,0.10472,0.8,-0.0,292.1211,3.9671,walk_east_dn.0,348.8424,0.8,-0.0,0.8,-0.0,Sidewalk
7.5,6.1786,4.5192,0.06981,0.6,-0.06981,291.8218,4.0609,walk_east_dn.0,349.2221,0.6,-0.06981,0.6,-0.06981,Sidewalk
8.0,6.5777,4.5471,0.06981,0.8,-0.0,291.4229,4.0637,walk_east_dn.0,348.0369,0.8,-0.0,0.8,-0.0,Sidewalk
8.5,6.8775,4.5576,0.03491,0.6,-0.06981,291.1231,4.1317,walk_east_dn.0,348.3469,0.6,-0.06981,0.6,-0.06981,Sidewalk
9.0,7.2772,4.5715,0.03491,0.8,-0.0,290.7233,4.1261,walk_east_dn.0,347.2879,0.8,-0.0,0.8,-0.0,Sidewalk
9.5,7.5772,4.5715,-0.0,0.6,-0.06981,290.4233,4.1936,walk_east_dn.0,347.484,0.6,-0.06981,0.6,-0.06981,Sidewalk
10.0,7.9772,4.5715,-0.0,0.8,-0.0,290.0233,4.1562,walk_east_dn.0,346.613,0.8,-0.0,0.8,-0.0,Sidewalk
10.5,8.2771,4.5611,-0.03491,0.6,-0.06981,289.7235,4.2209,walk_east_dn.0,346.6582,0.6,-0.06981,0.6,-0.06981,Sidewalk
11.0,8.6368,4.5485,-0.03491,0.72,-0.0,289.3637,4.2415,walk_east_dn.0,345.886,0.72,-0.0,0.72,-0.0,Sidewalk
11.5,8.9768,4.5485,-0.0,0.68,0.06981,289.0237,4.2948,walk_east_dn.0,345.1129,0.68,0.06981,0.68,0.06981,Sidewalk
12.0,9.3768,4.5485,-0.0,0.8,-0.0,288.6237,4.2994,walk_east_dn.0,344.7817,0.8,-0.0,0.8,-0.0,Sidewalk
12.5,9.7166,4.5366,-0.03491,0.68,-0.06981,288.2839,4.3561,walk_east_dn.0,344.7842,0.68,-0.06981,0.68,-0.06981,Sidewalk
13.0,10.0764,4.5241,-0.03491,0.72,-0.0,287.9241,4.3816,walk_east_dn.0,344.0029,0.72,-0.0,0.72,-0.0,Sidewalk
13.5,10.4164,4.5241,-0.0,0.68,0.06981,287.5841,4.4394,walk_east_dn.0,343.3157,0.68,0.06981,0.68,0.06981,Sidewalk
14.0,10.8164,4.5241,-0.0,0.8,-0.0,287.1841,4.4144,walk_east_dn.0,342.9356,0.8,-0.0,0.8,-0.0,Sidewalk
14.5,11.1562,4.5122,-0.03491,0.68,-0.06981,286.8443,4.4327,walk_east_dn.0,342.9531,0.68,-0.06981,0.68,-0.06981,Sidewalk
15.0,11.516,4.4996,-0.03491,0.72,-0.0,286.4845,4.4716,walk_east_dn.0,342.1862,0.72,-0.0,0.72,-0.0,Sidewalk
15.5,11.896,4.4996,-0.0,0.76,0.06981,286.1045,4.4905,walk_east_dn.0,341.2619,0.76,0.06981,0.76,0.06981,Sidewalk
16.0,12.296,4.4996,-0.0,0.8,-0.0,285.7045,4.4475,walk_east_dn.0,341.1414,0.8,-0.0,0.8,-0.0,Sidewalk
16.5,12.5958,4.5101,0.03491,0.6,0.06981,285.4047,4.5537,walk_east_dn.0,340.9051,0.6,0.06981,0.6,0.06981,Sidewalk
17.0,12.9956,4.5241,0.03491,0.8,-0.0,285.0049,4.5445,walk_east_dn.0,340.0538,0.8,-0.0,0.8,-0.0,Sidewalk
17.5,13.3356,4.5241,-0.0,0.68,-0.06981,284.6649,4.5713,walk_east_dn.0,340.1266,0.68,-0.06981,0.68,-0.06981,Sidewalk
18.0,13.7756,4.5241,-0.0,0.88,-0.0,284.2249,4.4634,walk_east_dn.0,339.3243,0.88,-0.0,0.88,-0.0,Sidewalk
18.5,14.1153,4.5122,-0.03491,0.68,-0.06981,283.8851,4.4852,walk_east_mid.1,339.3142,0.68,-0.06981,0.68,-0.06981,Sidewalk
19.0,14.5151,4.4982,-0.03491,0.8,-0.0,283.4853,4.302,walk_east_mid.1,338.5656,0.8,-0.0,0.8,-0.0,Sidewalk
19.5,14.8951,4.4982,-0.0,0.76,0.06981,283.1053,4.1144,walk_east_mid.1,337.6841,0.76,0.06981,0.76,0.06981,Sidewalk
20.0,15.2951,4.4982,-0.0,0.8,-0.0,282.7053,3.9285,walk_east_mid.1,337.5638,0.8,-0.0,0.8,-0.0,Sidewalk
20.5,15.5949,4.5087,0.03491,0.6,0.06981,282.4055,3.6397,walk_east_mid.1,337.3221,0.6,0.06981,0.6,0.06981,Sidewalk
21.0,15.9947,4.5227,0.03491,0.8,-0.0,282.0058,3.5481,walk_east_mid.1,336.5192,0.8,-0.0,0.8,-0.0,Sidewalk
21.5,16.3347,4.5227,-0.0,0.68,-0.06981,281.6658,3.2922,walk_east_mid.1,336.5654,0.68,-0.06981,0.68,-0.06981,Sidewalk
22.0,16.7347,4.5227,-0.0,0.8,-0.0,281.2658,3.1271,walk_east_mid.1,335.771,0.8,-0.0,0.8,-0.0,Sidewalk
22.5,17.0745,4.5108,-0.03491,0.68,-0.06981,280.926,2.9489,walk_east_mid.1,335.7388,0.68,-0.06981,0.68,-0.06981,Sidewalk
23.0,17.4742,4.4968,-0.03491,0.8,-0.0,280.5262,2.7574,walk_east_mid.1,335.0356,0.8,-0.0,0.8,-0.0,Sidewalk
23.5,17.8542,4.4968,-0.0,0.76,0.06981,280.1462,2.5807,walk_east_mid.1,334.129,0.76,0.06981,0.76,0.06981,Sidewalk
24.0,18.2542,4.4968,-0.0,0.8,-0.0,279.7462,2.4626,walk_east_mid.1,333.9721,0.8,-0.0,0.8,-0.0,Sidewalk
24.5,18.594,4.485,-0.03491,0.68,-0.06981,279.4064,2.2184,walk_east_mid.1,333.9456,0.68,-0.06981,0.68,-0.06981,Sidewalk
25.0,18.9538,4.4724,-0.03491,0.72,-0.0,279.0466,2.0636,walk_east_mid.1,333.2346,0.72,-0.0,0.72,-0.0,Sidewalk
25.5,19.3338,4.4724,-0.0,0.76,0.06981,278.6666,1.9443,walk_east_mid.1,332.4943,0.76,0.06981,0.76,0.06981,Sidewalk
26.0,19.7338,4.4724,-0.0,0.8,-0.0,278.2666,1.7547,walk_east_mid.1,332.2284,0.8,-0.0,0.8,-0.0,Sidewalk
26.5,20.1136,4.4592,-0.03491,0.76,-0.06981,277.8868,1.5602,walk_east_mid.1,332.4367,0.76,-0.06981,0.76,-0.06981,Sidewalk
27.0,20.5133,4.4452,-0.03491,0.8,-0.0,277.487,1.419,walk_east_mid.1,331.6326,0.8,-0.0,0.8,-0.0,Sidewalk
27.5,20.9333,4.4452,-0.0,0.84,0.06981,277.067,1.296,walk_east_mid.1,331.3481,0.84,0.06981,0.84,0.06981,Sidewalk
28.0,21.3333,4.4452,-0.0,0.8,-0.0,276.667,1.4731,walk_east_mid.1,330.5934,0.8,-0.0,0.8,-0.0,Sidewalk
28.5,21.7131,4.4319,-0.03491,0.76,-0.06981,276.2872,1.3471,walk_east_mid.1,331.0263,0.76,-0.06981,0.76,-0.06981,Sidewalk
29.0,22.1129,4.418,-0.03491,0.8,-0.0,275.8875,1.3874,walk_east_mid.1,330.0761,0.8,-0.0,0.8,-0.0,Sidewalk
29.5,22.5329,4.418,-0.0,0.84,0.06981,275.4675,1.2102,walk_east_mid.1,329.7224,0.84,0.06981,0.84,0.06981,Sidewalk
30.0,22.9329,4.418,-0.0,0.8,-0.0,275.0675,1.4715,walk_east_mid.1,328.9964,0.8,-0.0,0.8,-0.0,Sidewalk
30.5,23.2726,4.4298,0.03491,0.68,0.06981,274.7277,1.2494,walk_east_mid.1,329.5093,0.68,0.06981,0.68,0.06981,Sidewalk
31.0,23.7124,4.4452,0.03491,0.88,-0.0,274.288,1.4415,walk_east_mid.1,327.7605,0.88,-0.0,0.88,-0.0,Sidewalk
31.5,24.0524,4.4452,-0.0,0.68,-0.06981,273.948,1.2495,walk_east_mid.1,328.5351,0.68,-0.06981,0.68,-0.06981,Sidewalk
32.0,24.4524,4.4452,-0.0,0.8,-0.0,273.548,1.3615,walk_east_mid.1,327.2486,0.8,-0.0,0.8,-0.0,Sidewalk
32.5,24.7922,4.4571,0.03491,0.68,0.06981,273.2082,1.2145,walk_east_mid.1,327.8139,0.68,0.06981,0.68,0.06981,Sidewalk
33.0,25.2319,4.4724,0.03491,0.88,-0.0,272.7685,1.3797,walk_east_mid.1,325.9451,0.88,-0.0,0.88,-0.0,Sidewalk
33.5,25.5719,4.4724,-0.0,0.68,-0.06981,272.4285,1.1527,walk_east_mid.1,327.091,0.68,-0.06981,0.68,-0.06981,Sidewalk
34.0,26.0119,4.4724,-0.0,0.88,-0.0,271.9885,1.4247,walk_east_mid.1,325.5342,0.88,-0.0,0.88,-0.0,Sidewalk
34.5,26.3517,4.4605,-0.03491,0.68,-0.06981,271.6487,1.2222,walk_east_mid.1,325.9058,0.68,-0.06981,0.68,-0.06981,Sidewalk
35.0,26.7115,4.448,-0.03491,0.72,-0.0,271.2889,1.3492,walk_east_mid.1,324.8566,0.72,-0.0,0.72,-0.0,Sidewalk
35.5,27.1315,4.448,-0.0,0.84,0.06981,270.8689,1.2115,walk_east_mid.1,324.2009,0.84,0.06981,0.84,0.06981,Sidewalk
36.0,27.4915,4.448,-0.0,0.72,-0.0,270.5089,1.397,walk_east_mid.1,323.7792,0.72,-0.0,0.72,-0.0,Sidewalk
36.5,27.8313,4.4598,0.03491,0.68,0.06981,270.1691,1.1926,walk_east_mid.1,324.252,0.68,0.06981,0.68,0.06981,Sidewalk
37.0,28.271,4.4752,0.03491,0.88,-0.0,269.7294,1.4552,walk_east_mid.1,322.3772,0.88,-0.0,0.88,-0.0,Sidewalk
37.5,28.611,4.4752,-0.0,0.68,-0.06981,269.3894,1.3068,walk_east_mid.1,323.1537,0.68,-0.06981,0.68,-0.06981,Sidewalk
38.0,29.051,4.4752,-0.0,0.88,-0.0,268.9494,1.4114,walk_east_mid.1,321.9501,0.88,-0.0,0.88,-0.0,Sidewalk
38.5,29.3908,4.4633,-0.03491,0.68,-0.06981,268.6096,1.1986,walk_east_mid.1,322.8871,0.68,-0.06981,0.68,-0.06981,Sidewalk
39.0,29.7506,4.4508,-0.03491,0.72,-0.0,268.2498,1.3918,walk_east_mid.1,321.5153,0.72,-0.0,0.72,-0.0,Sidewalk
39.5,30.1706,4.4508,-0.0,0.84,0.06981,267.8298,1.3258,walk_east_mid.1,320.174,0.84,0.06981,0.84,0.06981,Sidewalk
40.0,30.6106,4.4508,-0.0,0.88,-0.0,267.3898,1.4903,walk_east_mid.1,320.201,0.88,-0.0,0.88,-0.0,Sidewalk
40.5,30.9504,4.4626,0.03491,0.68,0.06981,267.05,1.2566,walk_east_mid.1,320.2737,0.68,0.06981,0.68,0.06981,Sidewalk
41.0,31.3901,4.478,0.03491,0.88,-0.0,266.6103,1.4709,walk_east_mid.1,318.6482,0.88,-0.0,0.88,-0.0,Sidewalk
41.5,31.7293,4.4543,-0.06981,0.68,-0.20944,266.2711,1.2937,walk_east_mid.1,319.932,0.68,-0.20944,0.68,-0.20944,Sidewalk
42.0,32.0485,4.432,-0.06981,0.64,-0.0,265.9519,1.319,walk_east_mid.1,318.8688,0.64,-0.0,0.64,-0.0,Sidewalk
42.5,32.4682,4.4173,-0.03491,0.84,0.06981,265.5321,1.202,walk_east_mid.1,317.8074,0.84,0.06981,0.84,0.06981,Sidewalk
43.0,32.788,4.4061,-0.03491,0.64,-0.0,265.2123,1.4145,walk_east_mid.1,317.8203,0.64,-0.0,0.64,-0.0,Sidewalk
43.5,33.208,4.4061,-0.0,0.84,0.06981,264.7923,1.2821,walk_east_mid.1,316.6597,0.84,0.06981,0.84,0.06981,Sidewalk
44.0,33.648,4.4061,-0.0,0.88,-0.0,264.3523,1.3991,walk_east_up.1,316.7603,0.88,-0.0,0.88,-0.0,Sidewalk
44.5,33.9878,4.418,0.03491,0.68,0.06981,264.0125,1.2552,walk_east_mid.1,316.6301,0.68,0.06981,0.68,0.06981,Sidewalk
45.0,34.4276,4.4334,0.03491,0.88,-0.0,263.5728,1.2826,walk_east_up.1,315.1246,0.88,-0.0,0.88,-0.0,Sidewalk
45.5,34.7667,4.4096,-0.06981,0.68,-0.20944,263.2336,1.1218,walk_east_up.1,316.7187,0.68,-0.20944,0.68,-0.20944,Sidewalk
46.0,35.1259,4.3845,-0.06981,0.72,-0.0,262.8744,0.9803,walk_east_up.1,316.4415,0.72,-0.0,0.72,-0.0,Sidewalk
46.5,35.5856,4.3685,-0.03491,0.92,0.06981,262.4147,0.9408,walk_east_up.1,315.1707,0.92,0.06981,0.92,0.06981,Sidewalk
47.0,36.0253,4.3531,-0.03491,0.88,-0.0,261.9749,0.9675,walk_east_up.1,315.137,0.88,-0.0,0.88,-0.0,Sidewalk
47.5,36.4853,4.3531,-0.0,0.92,0.06981,261.5149,0.9465,walk_east_up.1,314.0676,0.92,0.06981,0.92,0.06981,Sidewalk
48.0,36.9253,4.3531,-0.0,0.88,-0.0,261.0749,0.8925,walk_east_up.1,314.1537,0.88,-0.0,0.88,-0.0,Sidewalk
48.5,37.3051,4.3664,0.03491,0.76,0.06981,260.6952,0.7654,walk_east_up.1,316.1717,0.76,0.06981,0.76,0.06981,Sidewalk
49.0,37.7448,4.3817,0.03491,0.88,-0.0,260.2555,0.7425,walk_east_up.1,315.4003,0.88,-0.0,0.88,-0.0,Sidewalk
49.5,38.2048,4.3817,-0.0,0.92,-0.06981,259.7955,0.7004,walk_east_up.1,317.1644,0.92,-0.06981,0.92,-0.06981,Sidewalk
50.0,38.6448,4.3817,-0.0,0.88,-0.0,259.3555,0.7154,walk_east_up.1,314.9423,0.88,-0.0,0.88,-0.0,Sidewalk
50.5,39.0246,4.395,0.03491,0.76,0.06981,258.9757,0.6729,walk_east_up.1,316.4278,0.76,0.06981,0.76,0.06981,Sidewalk
51.0,39.4643,4.4104,0.03491,0.88,-0.0,258.536,0.6024,walk_east_up.1,318.3895,0.88,-0.0,0.88,-0.0,Sidewalk
51.5,39.9243,4.4104,-0.0,0.92,-0.06981,258.076,0.5608,walk_east_up.1,320.8985,0.92,-0.06981,0.92,-0.06981,Sidewalk
52.0,40.3643,4.4104,-0.0,0.88,-0.0,257.636,0.5269,walk_east_up.1,324.6503,0.88,-0.0,0.88,-0.0,Sidewalk
52.5,40.824,4.3943,-0.03491,0.92,-0.06981,257.1763,0.4917,walk_east_up.1,331.5591,0.92,-0.06981,0.92,-0.06981,Sidewalk
53.0,41.2638,4.3789,-0.03491,0.88,-0.0,256.7365,0.5037,walk_east_up.1,327.9775,0.88,-0.0,0.88,-0.0,Sidewalk
53.5,41.7226,4.3469,-0.06981,0.92,-0.06981,256.2776,0.5379,walk_east_up.1,321.3868,0.92,-0.06981,0.92,-0.06981,Sidewalk
54.0,42.1616,4.3162,-0.06981,0.88,-0.0,255.8386,0.5201,walk_east_up.1,323.6138,0.88,-0.0,0.88,-0.0,Sidewalk
54.5,42.6213,4.3001,-0.03491,0.92,0.06981,255.3789,0.5261,walk_east_up.1,321.9312,0.92,0.06981,0.92,0.06981,Sidewalk
55.0,43.061,4.2848,-0.03491,0.88,-0.0,254.9391,0.5316,walk_east_up.1,320.7148,0.88,-0.0,0.88,-0.0,Sidewalk
55.5,43.5199,4.2527,-0.06981,0.92,-0.06981,254.4802,0.5271,walk_east_up.1,320.7693,0.92,-0.06981,0.92,-0.06981,Sidewalk
56.0,43.9588,4.222,-0.06981,0.88,-0.0,254.0413,0.5429,walk_east_up.1,318.1414,0.88,-0.0,0.88,-0.0,Sidewalk
56.5,44.4185,4.2059,-0.03491,0.92,0.06981,253.5815,0.5337,walk_east_up.1,318.6367,0.92,0.06981,0.92,0.06981,Sidewalk
57.0,44.8583,4.1906,-0.03491,0.88,-0.0,253.1418,0.5303,walk_east_up.1,318.741,0.88,-0.0,0.88,-0.0,Sidewalk
57.5,45.2773,4.1613,-0.06981,0.84,-0.06981,252.7228,0.5507,walk_east_up.1,315.9635,0.84,-0.06981,0.84,-0.06981,Sidewalk
58.0,45.7162,4.1306,-0.06981,0.88,-0.0,252.2838,0.5659,walk_east_up.1,313.6043,0.88,-0.0,0.88,-0.0,Sidewalk
58.5,46.1759,4.1145,-0.03491,0.92,0.06981,251.8241,0.5847,walk_east_up.1,311.3672,0.92,0.06981,0.92,0.06981,Sidewalk
59.0,46.6156,4.0992,-0.03491,0.88,-0.0,251.3844,0.5895,walk_east_up.1,310.6385,0.88,-0.0,0.88,-0.0,Sidewalk
59.5,47.0756,4.0992,-0.0,0.92,0.06981,250.9244,0.5883,walk_east_up.1,310.0527,0.92,0.06981,0.92,0.06981,Sidewalk
60.0,47.5156,4.0992,-0.0,0.88,-0.0,250.4844,0.5864,walk_east_up.1,309.7721,0.88,-0.0,0.88,-0.0,Sidewalk
60.5,47.9754,4.0831,-0.03491,0.92,-0.06981,250.0247,0.6019,walk_east_up.1,308.0982,0.92,-0.06981,0.92,-0.06981,Sidewalk
61.0,48.4151,4.0678,-0.03491,0.88,-0.0,249.5849,0.6175,walk_east_up.1,306.7791,0.88,-0.0,0.88,-0.0,Sidewalk
61.5,48.8751,4.0678,-0.0,0.92,0.06981,249.1249,0.6173,walk_east_up.1,306.1165,0.92,0.06981,0.92,0.06981,Sidewalk
62.0,49.3151,4.0678,-0.0,0.88,-0.0,248.6849,0.6177,walk_east_up.1,305.6851,0.88,-0.0,0.88,-0.0,Sidewalk
62.5,49.7748,4.0517,-0.03491,0.92,-0.06981,248.2252,0.6342,walk_east_up.1,304.3405,0.92,-0.06981,0.92,-0.06981,Sidewalk
63.0,50.2145,4.0363,-0.03491,0.88,-0.0,247.7855,0.6529,walk_east_up.1,303.0127,0.88,-0.0,0.88,-0.0,Sidewalk
63.5,50.6745,4.0363,-0.0,0.92,0.06981,247.3255,0.6595,walk_east_up.1,302.0852,0.92,0.06981,0.92,0.06981,Sidewalk
64.0,51.1145,4.0363,-0.0,0.88,-0.0,246.8855,0.6644,walk_east_up.1,301.4997,0.88,-0.0,0.88,-0.0,Sidewalk
64.5,51.5743,4.0524,0.03491,0.92,0.06981,246.4257,0.6568,walk_east_up.1,301.1394,0.92,0.06981,0.92,0.06981,Sidewalk
65.0,52.014,4.0678,0.03491,0.88,-0.0,245.986,0.6488,walk_east_up.1,301.0493,0.88,-0.0,0.88,-0.0,Sidewalk
65.5,52.474,4.0678,-0.0,0.92,-0.06981,245.526,0.6539,walk_east_up.1,300.136,0.92,-0.06981,0.92,-0.06981,Sidewalk
66.0,52.914,4.0678,-0.0,0.88,-0.0,245.086,0.6561,walk_east_up.1,299.7072,0.88,-0.0,0.88,-0.0,Sidewalk
66.5,53.3737,4.0517,-0.03491,0.92,-0.06981,244.6263,0.6888,walk_east_up.1,297.8961,0.92,-0.06981,0.92,-0.06981,Sidewalk
67.0,53.8134,4.0363,-0.03491,0.88,-0.0,244.1866,0.6932,walk_east_dn.0,297.9979,0.88,-0.0,0.88,-0.0,Sidewalk
67.5,54.2723,4.0043,-0.06981,0.92,-0.06981,243.7277,0.6604,walk_east_dn.0,297.7984,0.92,-0.06981,0.92,-0.06981,Sidewalk
68.0,54.7113,3.9736,-0.06981,0.88,-0.0,243.2887,0.6359,walk_east_dn.0,298.3354,0.88,-0.0,0.88,-0.0,Sidewalk
68.5,55.171,3.9575,-0.03491,0.92,0.06981,242.829,0.6352,walk_east_dn.0,297.6586,0.92,0.06981,0.92,0.06981,Sidewalk
69.0,55.6107,3.9422,-0.03491,0.88,-0.0,242.3893,0.6421,walk_east_dn.0,296.9795,0.88,-0.0,0.88,-0.0,Sidewalk
69.5,56.0707,3.9422,-0.0,0.92,0.06981,241.9293,0.6856,walk_east_dn.0,294.7279,0.92,0.06981,0.92,0.06981,Sidewalk
70.0,56.5107,3.9422,-0.0,0.88,-0.0,241.4893,0.7406,walk_east_dn.0,292.9074,0.88,-0.0,0.88,-0.0,Sidewalk
70.5,56.9704,3.9261,-0.03491,0.92,-0.06981,241.0296,0.8038,walk_east_dn.0,291.2202,0.92,-0.06981,0.92,-0.06981,Sidewalk
71.0,57.4102,3.9107,-0.03491,0.88,-0.0,240.5899,0.8703,walk_east_dn.0,290.9092,0.88,-0.0,0.88,-0.0,Sidewalk
71.5,57.869,3.8787,-0.06981,0.92,-0.06981,240.131,0.9025,walk_east_up.1,289.3703,0.92,-0.06981,0.92,-0.06981,Sidewalk
72.0,58.308,3.848,-0.06981,0.88,-0.0,239.6921,0.9351,walk_east_dn.0,288.7711,0.88,-0.0,0.88,-0.0,Sidewalk
72.5,58.7677,3.8319,-0.03491,0.92,0.06981,239.2324,0.974,walk_east_up.1,288.2313,0.92,0.06981,0.92,0.06981,Sidewalk
73.0,59.2074,3.8166,-0.03491,0.88,-0.0,238.7927,0.9866,walk_east_up.1,287.5005,0.88,-0.0,0.88,-0.0,Sidewalk
73.5,59.6264,3.7873,-0.06981,0.84,-0.06981,238.3737,1.0584,walk_east_up.1,286.7002,0.84,-0.06981,0.84,-0.06981,Sidewalk
74.0,60.0653,3.7566,-0.06981,0.88,-0.0,237.9348,1.0856,walk_east_up.1,285.7292,0.88,-0.0,0.88,-0.0,Sidewalk
74.5,60.525,3.7405,-0.03491,0.92,0.06981,237.4751,1.1161,walk_east_up.1,285.1184,0.92,0.06981,0.92,0.06981,Sidewalk
75.0,60.9648,3.7252,-0.03491,0.88,-0.0,237.0354,1.1302,walk_east_up.1,284.4855,0.88,-0.0,0.88,-0.0,Sidewalk
75.5,61.4248,3.7252,-0.0,0.92,0.06981,236.5754,1.1513,walk_east_up.1,284.0561,0.92,0.06981,0.92,0.06981,Sidewalk
76.0,61.8648,3.7252,-0.0,0.88,-0.0,236.1354,1.1674,walk_east_up.1,283.43,0.88,-0.0,0.88,-0.0,Sidewalk
76.5,62.2845,3.7105,-0.03491,0.84,-0.06981,235.7157,1.2086,walk_east_up.1,282.8228,0.84,-0.06981,0.84,-0.06981,Sidewalk
77.0,62.7242,3.6951,-0.03491,0.88,-0.0,235.2759,1.2556,walk_east_up.1,282.1142,0.88,-0.0,0.88,-0.0,Sidewalk
77.5,63.1842,3.6951,-0.0,0.92,0.06981,234.8159,1.2422,walk_east_up.1,281.9284,0.92,0.06981,0.92,0.06981,Sidewalk
78.0,63.6242,3.6951,-0.0,0.88,-0.0,234.3759,1.2307,walk_east_up.1,281.1967,0.88,-0.0,0.88,-0.0,Sidewalk
78.5,64.044,3.6805,-0.03491,0.84,-0.06981,233.9562,1.2677,walk_east_up.1,280.525,0.84,-0.06981,0.84,-0.06981,Sidewalk
79.0,64.4837,3.6651,-0.03491,0.88,-0.0,233.5165,1.3015,walk_east_up.1,279.8402,0.88,-0.0,0.88,-0.0,Sidewalk
79.5,64.9437,3.6651,-0.0,0.92,0.06981,233.0565,1.2963,walk_east_up.1,279.6443,0.92,0.06981,0.92,0.06981,Sidewalk
80.0,65.3837,3.6651,-0.0,0.88,-0.0,232.6165,1.3467,walk_east_up.1,278.9595,0.88,-0.0,0.88,-0.0,Sidewalk
80.5,65.7635,3.6519,-0.03491,0.76,-0.06981,232.2368,1.4184,walk_east_up.1,278.6497,0.76,-0.06981,0.76,-0.06981,Sidewalk
81.0,66.2032,3.6365,-0.03491,0.88,-0.0,231.7971,1.4255,walk_east_mid.1,277.589,0.88,-0.0,0.88,-0.0,Sidewalk
81.5,66.6632,3.6365,-0.0,0.92,0.06981,231.3371,1.4251,walk_east_up.1,277.4196,0.92,0.06981,0.92,0.06981,Sidewalk
82.0,67.1032,3.6365,-0.0,0.88,-0.0,230.8971,1.4507,walk_east_up.1,276.6772,0.88,-0.0,0.88,-0.0,Sidewalk
82.5,67.483,3.6232,-0.03491,0.76,-0.06981,230.5173,1.4312,walk_east_mid.1,276.3559,0.76,-0.06981,0.76,-0.06981,Sidewalk
83.0,67.9227,3.6079,-0.03491,0.88,-0.0,230.0776,1.4204,walk_east_mid.1,275.3465,0.88,-0.0,0.88,-0.0,Sidewalk
83.5,68.3827,3.6079,-0.0,0.92,0.06981,229.6176,1.501,walk_east_up.1,275.1362,0.92,0.06981,0.92,0.06981,Sidewalk
84.0,68.8227,3.6079,-0.0,0.88,-0.0,229.1776,1.5475,walk_east_mid.1,274.4002,0.88,-0.0,0.88,-0.0,Sidewalk
84.5,69.1625,3.596,-0.03491,0.68,-0.06981,228.8378,1.3538,walk_east_mid.1,274.5143,0.68,-0.06981,0.68,-0.06981,Sidewalk
85.0,69.6023,3.5807,-0.03491,0.88,-0.0,228.3981,1.428,walk_east_mid.1,273.2013,0.88,-0.0,0.88,-0.0,Sidewalk
85.5,70.0623,3.5807,-0.0,0.92,0.06981,227.9381,1.5224,walk_east_mid.1,273.2911,0.92,0.06981,0.92,0.06981,Sidewalk
86.0,70.5023,3.5807,-0.0,0.88,-0.0,227.4981,1.523,walk_east_mid.1,272.3169,0.88,-0.0,0.88,-0.0,Sidewalk
86.5,70.842,3.5688,-0.03491,0.68,-0.06981,227.1584,1.406,walk_east_mid.1,272.2696,0.68,-0.06981,0.68,-0.06981,Sidewalk
87.0,71.2818,3.5534,-0.03491,0.88,-0.0,226.7187,1.4696,walk_east_mid.1,270.981,0.88,-0.0,0.88,-0.0,Sidewalk
87.5,71.7418,3.5534,-0.0,0.92,0.06981,226.2587,1.4871,walk_east_mid.1,271.3236,0.92,0.06981,0.92,0.06981,Sidewalk
88.0,72.1818,3.5534,-0.0,0.88,-0.0,225.8187,1.5296,walk_east_mid.1,270.1317,0.88,-0.0,0.88,-0.0,Sidewalk
88.5,72.5216,3.5416,-0.03491,0.68,-0.06981,225.4789,1.449,walk_east_mid.1,270.0829,0.68,-0.06981,0.68,-0.06981,Sidewalk
89.0,72.9613,3.5262,-0.03491,0.88,-0.0,225.0392,1.4612,walk_east_mid.1,268.8849,0.88,-0.0,0.88,-0.0,Sidewalk
89.5,73.4213,3.5262,-0.0,0.92,0.06981,224.5792,1.5016,walk_east_mid.1,269.2664,0.92,0.06981,0.92,0.06981,Sidewalk
90.0,73.8613,3.5262,-0.0,0.88,-0.0,224.1392,1.5826,walk_east_mid.1,268.0389,0.88,-0.0,0.88,-0.0,Sidewalk
90.5,74.321,3.5423,0.03491,0.92,0.06981,223.6794,1.5518,walk_east_mid.1,268.8271,0.92,0.06981,0.92,0.06981,Sidewalk
91.0,74.7608,3.5576,0.03491,0.88,-0.0,223.2397,1.566,walk_east_mid.1,267.417,0.88,-0.0,0.88,-0.0,Sidewalk
91.5,75.1808,3.5576,-0.0,0.84,-0.06981,222.8197,1.4566,walk_east_mid.1,266.3207,0.84,-0.06981,0.84,-0.06981,Sidewalk
92.0,75.6208,3.5576,-0.0,0.88,-0.0,222.3797,1.5372,walk_east_mid.1,266.0799,0.88,-0.0,0.88,-0.0,Sidewalk
92.5,75.9605,3.5458,-0.03491,0.68,-0.06981,222.0399,1.3968,walk_east_mid.1,265.8855,0.68,-0.06981,0.68,-0.06981,Sidewalk
93.0,76.4003,3.5304,-0.03491,0.88,-0.0,221.6002,1.4244,walk_east_mid.1,264.776,0.88,-0.0,0.88,-0.0,Sidewalk
93.5,76.8603,3.5304,-0.0,0.92,0.06981,221.1402,1.5631,walk_east_mid.1,265.2296,0.92,0.06981,0.92,0.06981,Sidewalk
94.0,77.3003,3.5304,-0.0,0.88,-0.0,220.7002,1.5935,walk_east_mid.1,263.8788,0.88,-0.0,0.88,-0.0,Sidewalk
94.5,77.76,3.5465,0.03491,0.92,0.06981,220.2405,1.5058,walk_east_mid.1,265.3574,0.92,0.06981,0.92,0.06981,Sidewalk
95.0,78.1997,3.5618,0.03491,0.88,-0.0,219.8007,1.4821,walk_east_mid.1,263.3525,0.88,-0.0,0.88,-0.0,Sidewalk
95.5,78.6197,3.5618,-0.0,0.84,-0.06981,219.3807,1.5139,walk_east_mid.1,262.0082,0.84,-0.06981,0.84,-0.06981,Sidewalk
96.0,79.0597,3.5618,-0.0,0.88,-0.0,218.9407,1.5228,walk_east_mid.1,261.9447,0.88,-0.0,0.88,-0.0,Sidewalk
96.5,79.3995,3.55,-0.03491,0.68,-0.06981,218.6009,1.3761,walk_east_mid.1,261.7768,0.68,-0.06981,0.68,-0.06981,Sidewalk
97.0,79.8393,3.5346,-0.03491,0.88,-0.0,218.1612,1.3805,walk_east_mid.1,260.6131,0.88,-0.0,0.88,-0.0,Sidewalk
97.5,80.2993,3.5346,-0.0,0.92,0.06981,217.7012,1.5098,walk_east_mid.1,261.7942,0.92,0.06981,0.92,0.06981,Sidewalk
98.0,80.7393,3.5346,-0.0,0.88,-0.0,217.2612,1.5022,walk_east_mid.1,259.8178,0.88,-0.0,0.88,-0.0,Sidewalk
98.5,81.199,3.5507,0.03491,0.92,0.06981,216.8015,1.5319,walk_east_mid.1,261.8732,0.92,0.06981,0.92,0.06981,Sidewalk
99.0,81.6387,3.566,0.03491,0.88,-0.0,216.3617,1.4859,walk_east_mid.1,259.2992,0.88,-0.0,0.88,-0.0,Sidewalk
99.5,82.0587,3.566,-0.0,0.84,-0.06981,215.9417,1.4996,walk_east_mid.1,257.8126,0.84,-0.06981,0.84,-0.06981,Sidewalk
100.0,82.4987,3.566,-0.0,0.88,-0.0,215.5017,1.5053,walk_east_mid.1,257.7866,0.88,-0.0,0.88,-0.0,Sidewalk
100.5,82.8385,3.5541,-0.03491,0.68,-0.06981,215.162,1.3698,walk_east_mid.1,257.6664,0.68,-0.06981,0.68,-0.06981,Sidewalk
101.0,83.2782,3.5388,-0.03491,0.88,-0.0,214.7223,1.4145,walk_east_mid.1,256.4463,0.88,-0.0,0.88,-0.0,Sidewalk
101.5,83.7382,3.5388,-0.0,0.92,0.06981,214.2623,1.5923,walk_east_mid.1,258.7141,0.92,0.06981,0.92,0.06981,Sidewalk
102.0,84.1782,3.5388,-0.0,0.88,-0.0,213.8223,1.5528,walk_east_mid.1,255.7254,0.88,-0.0,0.88,-0.0,Sidewalk
102.5,84.638,3.5548,0.03491,0.92,0.06981,213.3625,1.5771,walk_east_mid.1,259.9685,0.92,0.06981,0.92,0.06981,Sidewalk
103.0,85.0777,3.5702,0.03491,0.88,-0.0,212.9228,1.5316,walk_east_mid.1,255.3122,0.88,-0.0,0.88,-0.0,Sidewalk
103.5,85.4977,3.5702,-0.0,0.84,-0.06981,212.5028,1.4801,walk_east_mid.1,253.4942,0.84,-0.06981,0.84,-0.06981,Sidewalk
104.0,85.9377,3.5702,-0.0,0.88,-0.0,212.0628,1.5154,walk_east_mid.1,253.7562,0.88,-0.0,0.88,-0.0,Sidewalk
104.5,86.2775,3.5583,-0.03491,0.68,-0.06981,211.723,1.4299,walk_east_mid.1,253.3891,0.68,-0.06981,0.68,-0.06981,Sidewalk
105.0,86.7172,3.543,-0.03491,0.88,-0.0,211.2833,1.3803,walk_east_mid.1,252.2822,0.88,-0.0,0.88,-0.0,Sidewalk
105.5,87.1772,3.543,-0.0,0.92,0.06981,210.8233,1.5498,walk_east_mid.1,255.5328,0.92,0.06981,0.92,0.06981,Sidewalk
106.0,87.6172,3.543,-0.0,0.88,-0.0,210.3833,1.5499,walk_east_mid.1,251.5384,0.88,-0.0,0.88,-0.0,Sidewalk
106.5,87.957,3.5548,0.03491,0.68,0.06981,210.0435,1.4262,walk_east_mid.1,257.6124,0.68,0.06981,0.68,0.06981,Sidewalk
107.0,88.3967,3.5702,0.03491,0.88,-0.0,209.6037,1.3983,walk_east_mid.1,251.3939,0.88,-0.0,0.88,-0.0,Sidewalk
107.5,88.8167,3.5702,-0.0,0.84,-0.06981,209.1837,1.4609,walk_east_mid.1,249.4538,0.84,-0.06981,0.84,-0.06981,Sidewalk
108.0,89.2567,3.5702,-0.0,0.88,-0.0,208.7437,1.5007,walk_east_mid.1,249.78,0.88,-0.0,0.88,-0.0,Sidewalk
108.5,89.5965,3.5583,-0.03491,0.68,-0.06981,208.4039,1.4047,walk_east_mid.1,249.4671,0.68,-0.06981,0.68,-0.06981,Sidewalk
109.0,90.0363,3.543,-0.03491,0.88,-0.0,207.9642,1.4229,walk_east_mid.1,248.2573,0.88,-0.0,0.88,-0.0,Sidewalk
109.5,90.3754,3.5667,0.06981,0.68,0.20944,207.625,1.3986,walk_east_mid.1,249.9929,0.68,0.20944,0.68,0.20944,Sidewalk
110.0,90.6946,3.589,0.06981,0.64,-0.0,207.3058,1.2464,walk_east_mid.1,248.726,0.64,-0.0,0.64,-0.0,Sidewalk
110.5,91.1144,3.6037,0.03491,0.84,-0.06981,206.886,1.3134,walk_east_mid.1,247.0512,0.84,-0.06981,0.84,-0.06981,Sidewalk
111.0,91.5541,3.619,0.03491,0.88,-0.0,206.4462,1.5173,walk_east_mid.1,245.7615,0.88,-0.0,0.88,-0.0,Sidewalk
111.5,92.0141,3.619,-0.0,0.92,-0.06981,205.9862,1.521,walk_east_mid.1,245.0911,0.92,-0.06981,0.92,-0.06981,Sidewalk
112.0,92.4541,3.619,-0.0,0.88,-0.0,205.5462,1.545,walk_east_mid.1,244.6271,0.88,-0.0,0.88,-0.0,Sidewalk
112.5,92.9138,3.6351,0.03491,0.92,0.06981,205.0865,1.545,walk_east_mid.1,243.9725,0.92,0.06981,0.92,0.06981,Sidewalk
113.0,93.3536,3.6504,0.03491,0.88,-0.0,204.6467,1.4734,walk_east_mid.1,243.6926,0.88,-0.0,0.88,-0.0,Sidewalk
113.5,93.8136,3.6504,-0.0,0.92,-0.06981,204.1867,1.4907,walk_east_mid.1,242.9917,0.92,-0.06981,0.92,-0.06981,Sidewalk
114.0,94.2536,3.6504,-0.0,0.88,-0.0,203.7467,1.5451,walk_east_mid.1,242.4663,0.88,-0.0,0.88,-0.0,Sidewalk
114.5,94.7133,3.6665,0.03491,0.92,0.06981,203.287,1.5372,walk_east_mid.1,241.828,0.92,0.06981,0.92,0.06981,Sidewalk
115.0,95.153,3.6818,0.03491,0.88,-0.0,202.8472,1.547,walk_east_mid.1,241.3829,0.88,-0.0,0.88,-0.0,Sidewalk
115.5,95.613,3.6818,-0.0,0.92,-0.06981,202.3872,1.4701,walk_east_mid.1,240.8746,0.92,-0.06981,0.92,-0.06981,Sidewalk
116.0,96.053,3.6818,-0.0,0.88,-0.0,201.9472,1.5422,walk_east_mid.1,240.3115,0.88,-0.0,0.88,-0.0,Sidewalk
116.5,96.5127,3.6979,0.03491,0.92,0.06981,201.4875,1.918,walk_east_mid.2,239.1171,0.92,0.06981,0.92,0.06981,Sidewalk
117.0,96.9525,3.7133,0.03491,0.88,-0.0,201.0477,6.3888,walk_east_dn.0,237.4607,0.88,-0.0,0.88,-0.0,Sidewalk
117.5,97.4125,3.7133,-0.0,0.92,-0.06981,200.5877,6.497,walk_east_dn.0,236.7873,0.92,-0.06981,0.92,-0.06981,Sidewalk
118.0,97.8525,3.7133,-0.0,0.88,-0.0,200.1477,6.5347,walk_east_dn.0,236.3699,0.88,-0.0,0.88,-0.0,Sidewalk
118.5,98.3122,3.7293,0.03491,0.92,0.06981,199.688,6.593,walk_east_dn.0,235.7146,0.92,0.06981,0.92,0.06981,Sidewalk
119.0,98.7519,3.7447,0.03491,0.88,-0.0,199.2482,6.6489,walk_east_dn.0,235.2833,0.88,-0.0,0.88,-0.0,Sidewalk
119.5,99.2119,3.7447,-0.0,0.92,-0.06981,198.7882,6.7223,walk_east_dn.0,234.6117,0.92,-0.06981,0.92,-0.06981,Sidewalk
120.0,99.6519,3.7447,-0.0,0.88,-0.0,198.3482,6.8344,walk_east_dn.0,234.1907,0.88,-0.0,0.88,-0.0,Sidewalk
120.5,100.1117,3.7607,0.03491,0.92,0.06981,197.8885,6.9569,walk_east_dn.0,233.533,0.92,0.06981,0.92,0.06981,Sidewalk
121.0,100.5514,3.7761,0.03491,0.88,-0.0,197.4487,7.0178,walk_east_dn.0,233.1011,0.88,-0.0,0.88,-0.0,Sidewalk
121.5,101.0114,3.7761,-0.0,0.92,-0.06981,196.9887,7.0806,walk_east_dn.0,232.4296,0.92,-0.06981,0.92,-0.06981,Sidewalk
122.0,101.4514,3.7761,-0.0,0.88,-0.0,196.5487,7.1143,walk_east_dn.0,232.0143,0.88,-0.0,0.88,-0.0,Sidewalk
122.5,101.9111,3.7921,0.03491,0.92,0.06981,196.089,7.1799,walk_east_dn.0,231.3614,0.92,0.06981,0.92,0.06981,Sidewalk
123.0,102.3508,3.8075,0.03491,0.88,-0.0,195.6493,7.7161,walk_east_mid.3,230.9052,0.88,-0.0,0.88,-0.0,Sidewalk
123.5,102.8108,3.8075,-0.0,0.92,-0.06981,195.1893,8.5595,walk_south.2,230.201,0.92,-0.06981,0.92,-0.06981,Sidewalk
124.0,103.2508,3.8075,-0.0,0.88,-0.0,194.7493,8.531,walk_south.2,229.7894,0.88,-0.0,0.88,-0.0,Sidewalk
124.5,103.7106,3.8235,0.03491,0.92,0.06981,194.2895,8.5251,walk_south.2,229.1414,0.92,0.06981,0.92,0.06981,Sidewalk
125.0,104.1503,3.8389,0.03491,0.88,-0.0,193.8498,8.5126,walk_south.2,228.712,0.88,-0.0,0.88,-0.0,Sidewalk
125.5,104.6103,3.8389,-0.0,0.92,-0.06981,193.3898,8.4952,walk_south.2,228.0427,0.92,-0.06981,0.92,-0.06981,Sidewalk
126.0,105.0503,3.8389,-0.0,0.88,-0.0,192.9498,8.4841,walk_south.2,227.6313,0.88,-0.0,0.88,-0.0,Sidewalk
126.5,105.51,3.8549,0.03491,0.92,0.06981,192.49,8.4922,walk_south.2,226.9838,0.92,0.06981,0.92,0.06981,Sidewalk
127.0,105.9497,3.8703,0.03491,0.88,-0.0,192.0503,8.4923,walk_south.2,226.5531,0.88,-0.0,0.88,-0.0,Sidewalk
127.5,106.4097,3.8703,-0.0,0.92,-0.06981,191.5903,8.4854,walk_south.2,225.8825,0.92,-0.06981,0.92,-0.06981,Sidewalk
128.0,106.8497,3.8703,-0.0,0.88,-0.0,191.1503,8.4788,walk_south.2,225.4717,0.88,-0.0,0.88,-0.0,Sidewalk
128.5,107.3095,3.8864,0.03491,0.92,0.06981,190.6906,8.4897,walk_south.2,224.8251,0.92,0.06981,0.92,0.06981,Sidewalk
129.0,107.7492,3.9017,0.03491,0.88,-0.0,190.2508,8.5019,walk_south.2,224.3933,0.88,-0.0,0.88,-0.0,Sidewalk
129.5,108.2092,3.9017,-0.0,0.92,-0.06981,189.7908,8.5018,walk_south.2,223.7216,0.92,-0.06981,0.92,-0.06981,Sidewalk
130.0,108.6492,3.9017,-0.0,0.88,-0.0,189.3508,8.5038,walk_south.2,223.311,0.88,-0.0,0.88,-0.0,Sidewalk
130.5,109.1089,3.9178,0.03491,0.92,0.06981,188.8911,8.5249,walk_south.2,222.6652,0.92,0.06981,0.92,0.06981,Sidewalk
131.0,109.5486,3.9331,0.03491,0.88,-0.0,188.4514,8.5457,walk_south.2,222.2322,0.88,-0.0,0.88,-0.0,Sidewalk
131.5,110.0086,3.9331,-0.0,0.92,-0.06981,187.9914,8.5492,walk_south.2,221.562,0.92,-0.06981,0.92,-0.06981,Sidewalk
132.0,110.4486,3.9331,-0.0,0.88,-0.0,187.5514,8.5602,walk_south.2,221.1502,0.88,-0.0,0.88,-0.0,Sidewalk
132.5,110.9084,3.9492,0.03491,0.92,0.06981,187.0916,8.581,walk_south.2,220.5045,0.92,0.06981,0.92,0.06981,Sidewalk
133.0,111.3481,3.9645,0.03491,0.88,-0.0,186.6519,8.6033,walk_south.2,220.0713,0.88,-0.0,0.88,-0.0,Sidewalk
133.5,111.8081,3.9645,-0.0,0.92,-0.06981,186.1919,8.615,walk_south.2,219.4037,0.92,-0.06981,0.92,-0.06981,Sidewalk
134.0,112.2481,3.9645,-0.0,0.88,-0.0,185.7519,8.6355,walk_south.2,218.9895,0.88,-0.0,0.88,-0.0,Sidewalk
134.5,112.7078,3.9806,0.03491,0.92,0.06981,185.2922,8.6601,walk_south.2,218.3438,0.92,0.06981,0.92,0.06981,Sidewalk
135.0,113.1475,3.9959,0.03491,0.88,-0.0,184.8525,8.6995,walk_south.2,217.9102,0.88,-0.0,0.88,-0.0,Sidewalk
135.5,113.6075,3.9959,-0.0,0.92,-0.06981,184.3925,8.7167,walk_south.2,217.2479,0.92,-0.06981,0.92,-0.06981,Sidewalk
136.0,114.0475,3.9959,-0.0,0.88,-0.0,183.9525,8.7443,walk_south.2,216.8289,0.88,-0.0,0.88,-0.0,Sidewalk
136.5,114.5073,4.012,0.03491,0.92,0.06981,183.4927,8.7855,walk_south.2,216.1822,0.92,0.06981,0.92,0.06981,Sidewalk
137.0,114.947,4.0274,0.03491,0.88,-0.0,183.053,8.8379,walk_south.2,215.7493,0.88,-0.0,0.88,-0.0,Sidewalk
137.5,115.407,4.0274,-0.0,0.92,-0.06981,182.593,8.7854,walk_south.3,215.0916,0.92,-0.06981,0.92,-0.06981,Sidewalk
138.0,115.847,4.0274,-0.0,0.88,-0.0,182.153,8.7317,walk_south.3,214.6685,0.88,-0.0,0.88,-0.0,Sidewalk
138.5,116.3067,4.0434,0.03491,0.92,0.06981,181.6933,8.7086,walk_south.3,214.0248,0.92,0.06981,0.92,0.06981,Sidewalk
139.0,116.7464,4.0588,0.03491,0.88,-0.0,181.2536,8.6943,walk_south.3,213.5938,0.88,-0.0,0.88,-0.0,Sidewalk
139.5,117.2064,4.0588,-0.0,0.92,-0.06981,180.7936,8.68,walk_south.3,212.9412,0.92,-0.06981,0.92,-0.06981,Sidewalk
140.0,117.6464,4.0588,-0.0,0.88,-0.0,180.3536,8.6695,walk_south.3,212.5485,0.88,-0.0,0.88,-0.0,Sidewalk
140.5,118.1062,4.0748,0.03491,0.92,0.06981,179.8938,8.6769,walk_south.3,211.9305,0.92,0.06981,0.92,0.06981,Sidewalk
141.0,118.5459,4.0902,0.03491,0.88,-0.0,179.4541,8.6902,walk_south.3,211.5198,0.88,-0.0,0.88,-0.0,Sidewalk
141.5,119.0059,4.0902,-0.0,0.92,-0.06981,178.9941,8.6955,walk_south.3,210.8835,0.92,-0.06981,0.92,-0.06981,Sidewalk
142.0,119.4459,4.0902,-0.0,0.88,-0.0,178.5541,8.7071,walk_south.3,210.5008,0.88,-0.0,0.88,-0.0,Sidewalk
142.5,119.9056,4.1062,0.03491,0.92,0.06981,178.0944,8.7394,walk_south.3,209.897,0.92,0.06981,0.92,0.06981,Sidewalk
143.0,120.3454,4.1216,0.03491,0.88,-0.0,177.6547,8.5102,stand_2,209.5102,0.88,-0.0,0.88,-0.0,Sidewalk
143.5,120.8054,4.1216,-0.0,0.92,-0.06981,177.1947,8.0522,stand_2,208.9178,0.92,-0.06981,0.92,-0.06981,Sidewalk
144.0,121.2454,4.1216,-0.0,0.88,-0.0,176.7547,7.6144,stand_2,208.5579,0.88,-0.0,0.88,-0.0,Sidewalk
144.5,121.7051,4.1376,0.03491,0.92,0.06981,176.295,7.1589,stand_2,207.9814,0.92,0.06981,0.92,0.06981,Sidewalk
145.0,122.1448,4.153,0.03491,0.88,-0.0,175.8553,6.7239,stand_2,207.677,0.88,-0.0,0.88,-0.0,Sidewalk
145.5,122.6048,4.153,-0.0,0.92,-0.06981,175.3953,6.2675,stand_2,207.2675,0.92,-0.06981,0.92,-0.06981,Sidewalk
146.0,123.0448,4.153,-0.0,0.88,-0.0,174.9553,5.8314,stand_2,206.9813,0.88,-0.0,0.88,-0.0,Sidewalk
146.5,123.5045,4.169,0.03491,0.92,0.06981,174.4956,5.379,stand_2,206.5435,0.92,0.06981,0.92,0.06981,Sidewalk
147.0,123.9443,4.1844,0.03491,0.88,-0.0,174.0558,4.9475,stand_2,206.6313,0.88,-0.0,0.88,-0.0,Sidewalk
147.5,124.3233,4.2109,0.06981,0.76,0.06981,173.6768,4.5793,stand_2,206.5372,0.76,0.06981,0.76,0.06981,Sidewalk
148.0,124.6825,4.236,0.06981,0.72,-0.0,173.3177,4.2324,stand_2,206.5524,0.72,-0.0,0.72,-0.0,Sidewalk
148.5,124.9808,4.2674,0.10472,0.6,0.06981,173.0194,3.9484,stand_2,206.5768,0.6,0.06981,0.6,0.06981,Sidewalk
149.0,125.2593,4.2966,0.10472,0.56,-0.0,172.741,3.6857,stand_2,206.5763,0.56,-0.0,0.56,-0.0,Sidewalk
149.5,125.5167,4.3328,0.13963,0.52,0.06981,172.4836,3.4478,stand_2,206.5936,0.52,0.06981,0.52,0.06981,Sidewalk
150.0,125.7148,4.3607,0.13963,0.4,-0.0,172.2856,3.2671,stand_2,206.6195,0.4,-0.0,0.4,-0.0,Sidewalk
150.5,125.9315,4.3989,0.17453,0.44,0.06981,172.069,3.0748,stand_2,206.6341,0.44,0.06981,0.44,0.06981,Sidewalk
151.0,126.089,4.4267,0.17453,0.32,-0.0,171.9115,2.9374,stand_2,206.6415,0.32,-0.0,0.32,-0.0,Sidewalk
151.5,126.2651,4.4641,0.20944,0.36,0.06981,171.7355,2.7892,stand_2,206.6601,0.36,0.06981,0.36,0.06981,Sidewalk
152.0,126.3825,4.489,0.20944,0.24,-0.0,171.6182,2.6926,stand_2,206.6667,0.24,-0.0,0.24,-0.0,Sidewalk
152.5,126.5183,4.5229,0.24435,0.28,0.06981,171.4825,2.5856,stand_2,206.6669,0.28,0.06981,0.28,0.06981,Sidewalk
153.0,126.6347,4.5519,0.24435,0.24,-0.0,171.3661,2.4964,stand_2,206.6996,0.24,-0.0,0.24,-0.0,Sidewalk
153.5,126.7309,4.5795,0.27925,0.2,0.06981,171.2701,2.4266,stand_2,206.6791,0.2,0.06981,0.2,0.06981,Sidewalk
154.0,126.8078,4.6015,0.27925,0.16,-0.0,171.1933,2.3723,stand_2,206.69,0.16,-0.0,0.16,-0.0,Sidewalk
154.5,126.8839,4.6263,0.31416,0.16,0.06981,171.1173,2.3217,stand_2,206.6909,0.16,0.06981,0.16,0.06981,Sidewalk
155.0,126.9599,4.651,0.31416,0.16,-0.0,171.0413,2.2603,stand_6,206.7185,0.16,-0.0,0.16,-0.0,Sidewalk
155.5,126.9984,4.662,0.27925,0.08,-0.06981,171.0029,2.2217,stand_6,206.7218,0.08,-0.06981,0.08,-0.06981,Sidewalk
156.0,127.0368,4.673,0.27925,0.08,-0.0,170.9645,2.1832,stand_6,206.712,0.08,-0.0,0.08,-0.0,Sidewalk
156.5,127.0749,4.6854,0.31416,0.08,0.06981,170.9265,2.1451,stand_6,206.7179,0.08,0.06981,0.08,0.06981,Sidewalk
157.0,127.1129,4.6978,0.31416,0.08,-0.0,170.8885,2.1071,stand_6,206.7123,0.08,-0.0,0.08,-0.0,Sidewalk
157.5,127.1505,4.7114,0.34907,0.08,0.06981,170.851,2.0697,stand_6,206.7176,0.08,0.06981,0.08,0.06981,Sidewalk
158.0,127.1871,4.7277,0.41888,0.08,0.13963,170.8145,2.0334,stand_6,206.7183,0.08,0.13963,0.08,0.13963,Sidewalk
158.5,127.223,4.7452,0.45379,0.08,0.06981,170.7786,1.9979,stand_6,206.7182,0.08,0.06981,0.08,0.06981,Sidewalk
159.0,127.259,4.7628,0.45379,0.08,-0.0,170.7427,1.9626,stand_6,206.7284,0.08,-0.0,0.08,-0.0,Sidewalk
159.5,127.2943,4.7816,0.48869,0.08,0.06981,170.7075,1.9281,stand_6,206.7256,0.08,0.06981,0.08,0.06981,Sidewalk
160.0,127.2943,4.7816,0.48869,0.0,-0.0,170.7075,1.9281,stand_6,206.7405,0.0,-0.0,0.0,-0.0,Sidewalk
160.5,127.2943,4.7816,0.5236,0.0,0.06981,170.7075,1.9281,stand_6,206.7489,0.0,0.06981,0.0,0.06981,Sidewalk
161.0,127.3289,4.8016,0.5236,0.08,-0.0,170.673,1.8947,stand_6,206.7402,0.08,-0.0,0.08,-0.0,Sidewalk
161.5,127.3289,4.8016,0.55851,0.0,0.06981,170.673,1.8947,stand_6,206.7457,0.0,0.06981,0.0,0.06981,Sidewalk
162.0,127.3289,4.8016,0.55851,0.0,-0.0,170.673,1.8947,stand_6,206.7373,0.0,-0.0,0.0,-0.0,Sidewalk
162.5,127.3289,4.8016,0.59341,0.0,0.06981,170.673,1.8947,stand_6,206.7457,0.0,0.06981,0.0,0.06981,Sidewalk
163.0,127.3289,4.8016,0.59341,0.0,-0.0,170.673,1.8947,stand_6,206.7373,0.0,-0.0,0.0,-0.0,Sidewalk
163.5,127.3289,4.8016,0.62832,0.0,0.06981,170.673,1.8947,stand_6,206.7457,0.0,0.06981,0.0,0.06981,Sidewalk
164.0,127.3289,4.8016,0.62832,0.0,-0.0,170.673,1.8947,stand_6,206.7373,0.0,-0.0,0.0,-0.0,Sidewalk
164.5,127.3289,4.8016,0.66323,0.0,0.06981,170.673,1.8947,stand_6,206.7457,0.0,0.06981,0.0,0.06981,Sidewalk
165.0,127.3289,4.8016,0.66323,0.0,-0.0,170.673,1.8947,stand_6,206.7373,0.0,-0.0,0.0,-0.0,Sidewalk
165.5,127.3289,4.8016,0.69813,0.0,0.06981,170.673,1.8947,stand_6,206.7457,0.0,0.06981,0.0,0.06981,Sidewalk
166.0,127.3289,4.8016,0.69813,0.0,-0.0,170.673,1.8947,stand_6,206.7373,0.0,-0.0,0.0,-0.0,Sidewalk
166.5,127.3289,4.8016,0.73304,0.0,0.06981,170.673,1.8947,stand_6,206.7457,0.0,0.06981,0.0,0.06981,Sidewalk
167.0,127.3289,4.8016,0.73304,0.0,-0.0,170.673,1.8947,stand_6,206.7373,0.0,-0.0,0.0,-0.0,Sidewalk
167.5,127.3289,4.8016,0.76794,0.0,0.06981,170.673,1.8947,stand_6,206.7457,0.0,0.06981,0.0,0.06981,Sidewalk
168.0,127.3289,4.8016,0.76794,0.0,-0.0,170.673,1.8947,stand_6,206.7373,0.0,-0.0,0.0,-0.0,Sidewalk
168.5,127.3289,4.8016,0.80285,0.0,0.06981,170.673,1.8947,stand_6,206.7457,0.0,0.06981,0.0,0.06981,Sidewalk
169.0,127.3289,4.8016,0.80285,0.0,-0.0,170.673,1.8947,stand_6,206.7373,0.0,-0.0,0.0,-0.0,Sidewalk
169.5,127.3289,4.8016,0.83776,0.0,0.06981,170.673,1.8947,stand_6,206.7457,0.0,0.06981,0.0,0.06981,Sidewalk
170.0,127.3289,4.8016,0.83776,0.0,-0.0,170.673,1.8947,stand_6,206.7373,0.0,-0.0,0.0,-0.0,Sidewalk
170.5,127.3289,4.8016,0.87266,0.0,0.06981,170.673,1.8947,stand_6,206.7457,0.0,0.06981,0.0,0.06981,Sidewalk
171.0,127.3289,4.8016,0.87266,0.0,-0.0,170.673,1.8947,stand_6,206.7373,0.0,-0.0,0.0,-0.0,Sidewalk
171.5,127.3289,4.8016,0.90757,0.0,0.06981,170.673,1.8947,stand_6,206.7457,0.0,0.06981,0.0,0.06981,Sidewalk
172.0,127.3289,4.8016,0.90757,0.0,-0.0,170.673,1.8947,stand_6,206.7373,0.0,-0.0,0.0,-0.0,Sidewalk
172.5,127.3289,4.8016,0.94248,0.0,0.06981,170.673,1.8947,stand_6,206.7457,0.0,0.06981,0.0,0.06981,Sidewalk
173.0,127.3289,4.8016,0.94248,0.0,-0.0,170.673,1.8947,stand_6,206.7373,0.0,-0.0,0.0,-0.0,Sidewalk
173.5,127.3289,4.8016,0.97738,0.0,0.06981,170.673,1.8947,stand_6,206.7457,0.0,0.06981,0.0,0.06981,Sidewalk
174.0,127.3289,4.8016,0.97738,0.0,-0.0,170.673,1.8947,stand_6,206.7373,0.0,-0.0,0.0,-0.0,Sidewalk
174.5,127.3289,4.8016,1.01229,0.0,0.06981,170.673,1.8947,stand_6,206.7457,0.0,0.06981,0.0,0.06981,Sidewalk
175.0,127.3289,4.8016,1.01229,0.0,-0.0,170.673,1.8947,stand_6,206.7373,0.0,-0.0,0.0,-0.0,Sidewalk
175.5,127.3289,4.8016,1.0472,0.0,0.06981,170.673,1.8947,stand_6,206.7457,0.0,0.06981,0.0,0.06981,Sidewalk
176.0,127.3289,4.8016,1.0472,0.0,-0.0,170.673,1.8947,stand_6,206.7373,0.0,-0.0,0.0,-0.0,Sidewalk
176.5,127.3289,4.8016,1.0821,0.0,0.06981,170.673,1.8947,stand_6,206.7457,0.0,0.06981,0.0,0.06981,Sidewalk
177.0,127.3289,4.8016,1.0821,0.0,-0.0,170.673,1.8947,stand_6,206.7373,0.0,-0.0,0.0,-0.0,Sidewalk
177.5,127.3289,4.8016,1.11701,0.0,0.06981,170.673,1.8947,stand_6,206.7457,0.0,0.06981,0.0,0.06981,Sidewalk
178.0,127.3289,4.8016,1.11701,0.0,-0.0,170.673,1.8947,stand_6,206.7373,0.0,-0.0,0.0,-0.0,Sidewalk
178.5,127.3289,4.8016,1.15192,0.0,0.06981,170.673,1.8947,stand_6,206.7457,0.0,0.06981,0.0,0.06981,Sidewalk
179.0,127.3289,4.8016,1.15192,0.0,-0.0,170.673,1.8947,stand_6,206.7373,0.0,-0.0,0.0,-0.0,Sidewalk
179.5,127.3289,4.8016,1.18682,0.0,0.06981,170.673,1.8947,stand_6,206.7457,0.0,0.06981,0.0,0.06981,Sidewalk
180.0,127.3289,4.8016,1.18682,0.0,-0.0,170.673,1.8947,stand_6,206.7373,0.0,-0.0,0.0,-0.0,Sidewalk
180.5,127.3289,4.8016,1.22173,0.0,0.06981,170.673,1.8947,stand_6,206.7457,0.0,0.06981,0.0,0.06981,Sidewalk
181.0,127.3289,4.8016,1.22173,0.0,-0.0,170.673,1.8947,stand_6,206.7373,0.0,-0.0,0.0,-0.0,Sidewalk
181.5,127.3289,4.8016,1.25664,0.0,0.06981,170.673,1.8947,stand_6,206.7457,0.0,0.06981,0.0,0.06981,Sidewalk
182.0,127.3289,4.8016,1.25664,0.0,-0.0,170.673,1.8947,stand_6,206.7373,0.0,-0.0,0.0,-0.0,Sidewalk
182.5,127.3289,4.8016,1.29154,0.0,0.06981,170.673,1.8947,stand_6,206.7457,0.0,0.06981,0.0,0.06981,Sidewalk
183.0,127.3289,4.8016,1.29154,0.0,-0.0,170.673,1.8947,stand_6,206.7373,0.0,-0.0,0.0,-0.0,Sidewalk
183.5,127.3289,4.8016,1.32645,0.0,0.06981,170.673,1.8947,stand_6,206.7457,0.0,0.06981,0.0,0.06981,Sidewalk
184.0,127.3289,4.8016,1.32645,0.0,-0.0,170.673,1.8947,stand_6,206.7373,0.0,-0.0,0.0,-0.0,Sidewalk
184.5,127.3289,4.8016,1.36136,0.0,0.06981,170.673,1.8947,stand_6,206.7457,0.0,0.06981,0.0,0.06981,Sidewalk
185.0,127.3289,4.8016,1.36136,0.0,-0.0,170.673,1.8947,stand_6,206.7373,0.0,-0.0,0.0,-0.0,Sidewalk
185.5,127.3289,4.8016,1.39626,0.0,0.06981,170.673,1.8947,stand_6,206.7457,0.0,0.06981,0.0,0.06981,Sidewalk
186.0,127.3289,4.8016,1.39626,0.0,-0.0,170.673,1.8947,stand_6,206.7373,0.0,-0.0,0.0,-0.0,Sidewalk
186.5,127.3289,4.8016,1.43117,0.0,0.06981,170.673,1.8947,stand_6,206.7457,0.0,0.06981,0.0,0.06981,Sidewalk
187.0,127.3289,4.8016,1.43117,0.0,-0.0,170.673,1.8947,stand_6,206.7373,0.0,-0.0,0.0,-0.0,Sidewalk
187.5,127.3289,4.8016,1.46608,0.0,0.06981,170.673,1.8947,stand_6,206.7457,0.0,0.06981,0.0,0.06981,Sidewalk
188.0,127.3289,4.8016,1.46608,0.0,-0.0,170.673,1.8947,stand_6,206.7373,0.0,-0.0,0.0,-0.0,Sidewalk
188.5,127.3289,4.8016,1.50098,0.0,0.06981,170.673,1.8947,stand_6,206.7457,0.0,0.06981,0.0,0.06981,Sidewalk
189.0,127.3289,4.8016,1.50098,0.0,-0.0,170.673,1.8947,stand_6,206.7373,0.0,-0.0,0.0,-0.0,Sidewalk
189.5,127.3289,4.8016,1.53589,0.0,0.06981,170.673,1.8947,stand_6,206.7457,0.0,0.06981,0.0,0.06981,Sidewalk
190.0,127.3289,4.8016,1.53589,0.0,-0.0,170.673,1.8947,stand_6,206.7373,0.0,-0.0,0.0,-0.0,Sidewalk
190.5,127.3289,4.8016,1.5708,0.0,0.06981,170.673,1.8947,stand_6,206.7457,0.0,0.06981,0.0,0.06981,Sidewalk
191.0,127.3289,4.8016,1.5708,0.0,-0.0,170.673,1.8947,stand_6,206.7373,0.0,-0.0,0.0,-0.0,Sidewalk
191.5,127.3289,4.8016,1.6057,0.0,0.06981,170.673,1.8947,stand_6,206.7457,0.0,0.06981,0.0,0.06981,Sidewalk
192.0,127.3289,4.8016,1.6057,0.0,-0.0,170.673,1.8947,stand_6,206.7373,0.0,-0.0,0.0,-0.0,Sidewalk
192.5,127.3289,4.8016,1.64061,0.0,0.06981,170.673,1.8947,stand_6,206.7457,0.0,0.06981,0.0,0.06981,Sidewalk
193.0,127.3289,4.8016,1.64061,0.0,-0.0,170.673,1.8947,stand_6,206.7373,0.0,-0.0,0.0,-0.0,Sidewalk
193.5,127.3289,4.8016,1.67552,0.0,0.06981,170.673,1.8947,stand_6,206.7457,0.0,0.06981,0.0,0.06981,Sidewalk
194.0,127.3289,4.8016,1.67552,0.0,-0.0,170.673,1.8947,stand_6,206.7373,0.0,-0.0,0.0,-0.0,Sidewalk
194.5,127.3289,4.8016,1.71042,0.0,0.06981,170.673,1.8947,stand_6,206.7457,0.0,0.06981,0.0,0.06981,Sidewalk
195.0,127.3289,4.8016,1.71042,0.0,-0.0,170.673,1.8947,stand_6,206.7373,0.0,-0.0,0.0,-0.0,Sidewalk
195.5,127.3289,4.8016,1.74533,0.0,0.06981,170.673,1.8947,stand_6,206.7457,0.0,0.06981,0.0,0.06981,Sidewalk
196.0,127.3289,4.8016,1.74533,0.0,-0.0,170.673,1.8947,stand_6,206.7373,0.0,-0.0,0.0,-0.0,Sidewalk
196.5,127.3289,4.8016,1.78024,0.0,0.06981,170.673,1.8947,stand_6,206.7457,0.0,0.06981,0.0,0.06981,Sidewalk
197.0,127.3289,4.8016,1.78024,0.0,-0.0,170.673,1.8947,stand_6,206.7373,0.0,-0.0,0.0,-0.0,Sidewalk
197.5,127.3289,4.8016,1.81514,0.0,0.06981,170.673,1.8947,stand_6,206.7457,0.0,0.06981,0.0,0.06981,Sidewalk
198.0,127.3289,4.8016,1.81514,0.0,-0.0,170.673,1.8947,stand_6,206.7373,0.0,-0.0,0.0,-0.0,Sidewalk
198.5,127.3289,4.8016,1.85005,0.0,0.06981,170.673,1.8947,stand_6,206.7457,0.0,0.06981,0.0,0.06981,Sidewalk
199.0,127.3289,4.8016,1.85005,0.0,-0.0,170.673,1.8947,stand_6,206.7373,0.0,-0.0,0.0,-0.0,Sidewalk
199.5,127.3289,4.8016,1.88496,0.0,0.06981,170.673,1.8947,stand_6,206.7457,0.0,0.06981,0.0,0.06981,Sidewalk
200.0,127.3289,4.8016,1.88496,0.0,-0.0,170.673,1.8947,stand_6,206.7373,0.0,-0.0,0.0,-0.0,Sidewalk
200.5,127.3289,4.8016,1.91986,0.0,0.06981,170.673,1.8947,stand_6,206.7457,0.0,0.06981,0.0,0.06981,Sidewalk
201.0,127.3289,4.8016,1.91986,0.0,-0.0,170.673,1.8947,stand_6,206.7373,0.0,-0.0,0.0,-0.0,Sidewalk
201.5,127.3289,4.8016,1.95477,0.0,0.06981,170.673,1.8947,stand_6,206.7457,0.0,0.06981,0.0,0.06981,Sidewalk
202.0,127.3289,4.8016,1.95477,0.0,-0.0,170.673,1.8947,stand_6,206.7373,0.0,-0.0,0.0,-0.0,Sidewalk
202.5,127.3289,4.8016,1.98968,0.0,0.06981,170.673,1.8947,stand_6,206.7457,0.0,0.06981,0.0,0.06981,Sidewalk
203.0,127.3289,4.8016,1.98968,0.0,-0.0,170.673,1.8947,stand_6,206.7373,0.0,-0.0,0.0,-0.0,Sidewalk
203.5,127.3289,4.8016,2.02458,0.0,0.06981,170.673,1.8947,stand_6,206.7457,0.0,0.06981,0.0,0.06981,Sidewalk
204.0,127.3289,4.8016,2.02458,0.0,-0.0,170.673,1.8947,stand_6,206.7373,0.0,-0.0,0.0,-0.0,Sidewalk
204.5,127.3289,4.8016,2.05949,0.0,0.06981,170.673,1.8947,stand_6,206.7457,0.0,0.06981,0.0,0.06981,Sidewalk
205.0,127.3289,4.8016,2.05949,0.0,-0.0,170.673,1.8947,stand_6,206.7373,0.0,-0.0,0.0,-0.0,Sidewalk
205.5,127.3289,4.8016,2.0944,0.0,0.06981,170.673,1.8947,stand_6,206.7457,0.0,0.06981,0.0,0.06981,Sidewalk
206.0,127.3289,4.8016,2.0944,0.0,-0.0,170.673,1.8947,stand_6,206.7373,0.0,-0.0,0.0,-0.0,Sidewalk
206.5,127.3289,4.8016,2.1293,0.0,0.06981,170.673,1.8947,stand_6,206.7457,0.0,0.06981,0.0,0.06981,Sidewalk
207.0,127.3289,4.8016,2.1293,0.0,-0.0,170.673,1.8947,stand_6,206.7373,0.0,-0.0,0.0,-0.0,Sidewalk
207.5,127.3289,4.8016,2.16421,0.0,0.06981,170.673,1.8947,stand_6,206.7457,0.0,0.06981,0.0,0.06981,Sidewalk
208.0,127.3289,4.8016,2.16421,0.0,-0.0,170.673,1.8947,stand_6,206.7373,0.0,-0.0,0.0,-0.0,Sidewalk
208.5,127.3289,4.8016,2.19911,0.0,0.06981,170.673,1.8947,stand_6,206.7457,0.0,0.06981,0.0,0.06981,Sidewalk
209.0,127.3289,4.8016,2.19911,0.0,-0.0,170.673,1.8947,stand_6,206.7373,0.0,-0.0,0.0,-0.0,Sidewalk
209.5,127.3289,4.8016,2.23402,0.0,0.06981,170.673,1.8947,stand_6,206.7457,0.0,0.06981,0.0,0.06981,Sidewalk
210.0,127.3289,4.8016,2.23402,0.0,-0.0,170.673,1.8947,stand_6,206.7373,0.0,-0.0,0.0,-0.0,Sidewalk
210.5,127.3289,4.8016,2.26893,0.0,0.06981,170.673,1.8947,stand_6,206.7457,0.0,0.06981,0.0,0.06981,Sidewalk
211.0,127.3289,4.8016,2.26893,0.0,-0.0,170.673,1.8947,stand_6,206.7373,0.0,-0.0,0.0,-0.0,Sidewalk
211.5,127.3289,4.8016,2.30383,0.0,0.06981,170.673,1.8947,stand_6,206.7457,0.0,0.06981,0.0,0.06981,Sidewalk
212.0,127.3289,4.8016,2.30383,0.0,-0.0,170.673,1.8947,stand_6,206.7373,0.0,-0.0,0.0,-0.0,Sidewalk
212.5,127.3289,4.8016,2.33874,0.0,0.06981,170.673,1.8947,stand_6,206.7457,0.0,0.06981,0.0,0.06981,Sidewalk
213.0,127.3289,4.8016,2.33874,0.0,-0.0,170.673,1.8947,stand_6,206.7373,0.0,-0.0,0.0,-0.0,Sidewalk
213.5,127.3289,4.8016,2.37365,0.0,0.06981,170.673,1.8947,stand_6,206.7457,0.0,0.06981,0.0,0.06981,Sidewalk
214.0,127.3289,4.8016,2.37365,0.0,-0.0,170.673,1.8947,stand_6,206.7373,0.0,-0.0,0.0,-0.0,Sidewalk
214.5,127.3289,4.8016,2.40855,0.0,0.06981,170.673,1.8947,stand_6,206.7457,0.0,0.06981,0.0,0.06981,Sidewalk
215.0,127.3289,4.8016,2.40855,0.0,-0.0,170.673,1.8947,stand_6,206.7373,0.0,-0.0,0.0,-0.0,Sidewalk
215.5,127.3289,4.8016,2.44346,0.0,0.06981,170.673,1.8947,stand_6,206.7457,0.0,0.06981,0.0,0.06981,Sidewalk
216.0,127.3289,4.8016,2.44346,0.0,-0.0,170.673,1.8947,stand_6,206.7373,0.0,-0.0,0.0,-0.0,Sidewalk
216.5,127.3289,4.8016,2.47837,0.0,0.06981,170.673,1.8947,stand_6,206.7457,0.0,0.06981,0.0,0.06981,Sidewalk
217.0,127.3289,4.8016,2.47837,0.0,-0.0,170.673,1.8947,stand_6,206.7373,0.0,-0.0,0.0,-0.0,Sidewalk
217.5,127.3289,4.8016,2.51327,0.0,0.06981,170.673,1.8947,stand_6,206.7457,0.0,0.06981,0.0,0.06981,Sidewalk
218.0,127.3289,4.8016,2.51327,0.0,-0.0,170.673,1.8947,stand_6,206.7373,0.0,-0.0,0.0,-0.0,Sidewalk
218.5,127.3289,4.8016,2.54818,0.0,0.06981,170.673,1.8947,stand_6,206.7457,0.0,0.06981,0.0,0.06981,Sidewalk
219.0,127.3289,4.8016,2.54818,0.0,-0.0,170.673,1.8947,stand_6,206.7373,0.0,-0.0,0.0,-0.0,Sidewalk
219.5,127.3289,4.8016,2.58309,0.0,0.06981,170.673,1.8947,stand_6,206.7457,0.0,0.06981,0.0,0.06981,Sidewalk
220.0,127.3289,4.8016,2.58309,0.0,-0.0,170.673,1.8947,stand_6,206.7373,0.0,-0.0,0.0,-0.0,Sidewalk
220.5,127.3289,4.8016,2.61799,0.0,0.06981,170.673,1.8947,stand_6,206.7457,0.0,0.06981,0.0,0.06981,Sidewalk
221.0,127.3289,4.8016,2.61799,0.0,-0.0,170.673,1.8947,stand_6,206.7373,0.0,-0.0,0.0,-0.0,Sidewalk
221.5,127.3289,4.8016,2.6529,0.0,0.06981,170.673,1.8947,stand_6,206.7457,0.0,0.06981,0.0,0.06981,Sidewalk
222.0,127.3289,4.8016,2.6529,0.0,-0.0,170.673,1.8947,stand_6,206.7373,0.0,-0.0,0.0,-0.0,Sidewalk
222.5,127.3289,4.8016,2.68781,0.0,0.06981,170.673,1.8947,stand_6,206.7457,0.0,0.06981,0.0,0.06981,Sidewalk
223.0,127.3289,4.8016,2.68781,0.0,-0.0,170.673,1.8947,stand_6,206.7373,0.0,-0.0,0.0,-0.0,Sidewalk
223.5,127.3289,4.8016,2.72271,0.0,0.06981,170.673,1.8947,stand_6,206.7457,0.0,0.06981,0.0,0.06981,Sidewalk
224.0,127.3289,4.8016,2.72271,0.0,-0.0,170.673,1.8947,stand_6,206.7373,0.0,-0.0,0.0,-0.0,Sidewalk
224.5,127.3289,4.8016,2.75762,0.0,0.06981,170.673,1.8947,stand_6,206.7457,0.0,0.06981,0.0,0.06981,Sidewalk
225.0,127.3289,4.8016,2.75762,0.0,-0.0,170.673,1.8947,stand_6,206.7373,0.0,-0.0,0.0,-0.0,Sidewalk
225.5,127.3289,4.8016,2.79253,0.0,0.06981,170.673,1.8947,stand_6,206.7457,0.0,0.06981,0.0,0.06981,Sidewalk
226.0,127.3289,4.8016,2.79253,0.0,-0.0,170.673,1.8947,stand_6,206.7373,0.0,-0.0,0.0,-0.0,Sidewalk
226.5,127.3289,4.8016,2.82743,0.0,0.06981,170.673,1.8947,stand_6,206.7457,0.0,0.06981,0.0,0.06981,Sidewalk
227.0,127.3289,4.8016,2.82743,0.0,-0.0,170.673,1.8947,stand_6,206.7373,0.0,-0.0,0.0,-0.0,Sidewalk
227.5,127.3289,4.8016,2.86234,0.0,0.06981,170.673,1.8947,stand_6,206.7457,0.0,0.06981,0.0,0.06981,Sidewalk
228.0,127.3289,4.8016,2.86234,0.0,-0.0,170.673,1.8947,stand_6,206.7373,0.0,-0.0,0.0,-0.0,Sidewalk
228.5,127.3289,4.8016,2.89725,0.0,0.06981,170.673,1.8947,stand_6,206.7457,0.0,0.06981,0.0,0.06981,Sidewalk
229.0,127.3289,4.8016,2.89725,0.0,-0.0,170.673,1.8947,stand_6,206.7373,0.0,-0.0,0.0,-0.0,Sidewalk
229.5,127.3289,4.8016,2.93215,0.0,0.06981,170.673,1.8947,stand_6,206.7457,0.0,0.06981,0.0,0.06981,Sidewalk
230.0,127.3289,4.8016,2.93215,0.0,-0.0,170.673,1.8947,stand_6,206.7373,0.0,-0.0,0.0,-0.0,Sidewalk
230.5,127.3289,4.8016,2.96706,0.0,0.06981,170.673,1.8947,stand_6,206.7457,0.0,0.06981,0.0,0.06981,Sidewalk
231.0,127.3289,4.8016,2.96706,0.0,-0.0,170.673,1.8947,stand_6,206.7373,0.0,-0.0,0.0,-0.0,Sidewalk
231.5,127.3289,4.8016,3.00197,0.0,0.06981,170.673,1.8947,stand_6,206.7457,0.0,0.06981,0.0,0.06981,Sidewalk
232.0,127.3289,4.8016,3.00197,0.0,-0.0,170.673,1.8947,stand_6,206.7373,0.0,-0.0,0.0,-0.0,Sidewalk
232.5,127.3289,4.8016,3.03687,0.0,0.06981,170.673,1.8947,stand_6,206.7457,0.0,0.06981,0.0,0.06981,Sidewalk
233.0,127.3289,4.8016,3.03687,0.0,-0.0,170.673,1.8947,stand_6,206.7373,0.0,-0.0,0.0,-0.0,Sidewalk
233.5,127.3289,4.8016,3.07178,0.0,0.06981,170.673,1.8947,stand_6,206.7457,0.0,0.06981,0.0,0.06981,Sidewalk
234.0,127.3289,4.8016,3.07178,0.0,-0.0,170.673,1.8947,stand_6,206.7373,0.0,-0.0,0.0,-0.0,Sidewalk
234.5,127.3289,4.8016,3.10669,0.0,0.06981,170.673,1.8947,stand_6,206.7457,0.0,0.06981,0.0,0.06981,Sidewalk
235.0,127.3289,4.8016,3.10669,0.0,-0.0,170.673,1.8947,stand_6,206.7373,0.0,-0.0,0.0,-0.0,Sidewalk
235.5,127.3289,4.8016,3.14159,0.0,0.06981,170.673,1.8947,stand_6,206.7457,0.0,0.06981,0.0,0.06981,Sidewalk
236.0,127.3289,4.8016,3.14159,0.0,-0.0,170.673,1.8947,stand_6,206.7373,0.0,-0.0,0.0,-0.0,Sidewalk
236.5,127.3289,4.8016,-3.10669,0.0,0.06981,170.673,1.8947,stand_6,206.7457,0.0,0.06981,0.0,0.06981,Sidewalk
237.0,127.3289,4.8016,-3.10669,0.0,-0.0,170.673,1.8947,stand_6,206.7373,0.0,-0.0,0.0,-0.0,Sidewalk
237.5,127.3289,4.8016,-3.07178,0.0,0.06981,170.673,1.8947,stand_6,206.7457,0.0,0.06981,0.0,0.06981,Sidewalk
238.0,127.3289,4.8016,-3.07178,0.0,-0.0,170.673,1.8947,stand_6,206.7373,0.0,-0.0,0.0,-0.0,Sidewalk
238.5,127.3289,4.8016,-3.03687,0.0,0.06981,170.673,1.8947,stand_6,206.7457,0.0,0.06981,0.0,0.06981,Sidewalk
239.0,127.3289,4.8016,-3.03687,0.0,-0.0,170.673,1.8947,stand_6,206.7373,0.0,-0.0,0.0,-0.0,Sidewalk
239.5,127.3289,4.8016,-3.00197,0.0,0.06981,170.673,1.8947,stand_6,206.7457,0.0,0.06981,0.0,0.06981,Sidewalk
240.0,127.3289,4.8016,-3.00197,0.0,-0.0,170.673,1.8947,stand_6,206.7373,0.0,-0.0,0.0,-0.0,Sidewalk
240.5,127.3289,4.8016,-2.96706,0.0,0.06981,170.673,1.8947,stand_6,206.7457,0.0,0.06981,0.0,0.06981,Sidewalk
241.0,127.3289,4.8016,-2.96706,0.0,-0.0,170.673,1.8947,stand_6,206.7373,0.0,-0.0,0.0,-0.0,Sidewalk
241.5,127.3289,4.8016,-2.93215,0.0,0.06981,170.673,1.8947,stand_6,206.7457,0.0,0.06981,0.0,0.06981,Sidewalk
242.0,127.3289,4.8016,-2.93215,0.0,-0.0,170.673,1.8947,stand_6,206.7373,0.0,-0.0,0.0,-0.0,Sidewalk
242.5,127.3289,4.8016,-2.89725,0.0,0.06981,170.673,1.8947,stand_6,206.7457,0.0,0.06981,0.0,0.06981,Sidewalk
243.0,127.3289,4.8016,-2.89725,0.0,-0.0,170.673,1.8947,stand_6,206.7373,0.0,-0.0,0.0,-0.0,Sidewalk
243.5,127.3289,4.8016,-2.86234,0.0,0.06981,170.673,1.8947,stand_6,206.7457,0.0,0.06981,0.0,0.06981,Sidewalk
244.0,127.3289,4.8016,-2.86234,0.0,-0.0,170.673,1.8947,stand_6,206.7373,0.0,-0.0,0.0,-0.0,Sidewalk
244.5,127.3289,4.8016,-2.82743,0.0,0.06981,170.673,1.8947,stand_6,206.7457,0.0,0.06981,0.0,0.06981,Sidewalk
245.0,127.3289,4.8016,-2.82743,0.0,-0.0,170.673,1.8947,stand_6,206.7373,0.0,-0.0,0.0,-0.0,Sidewalk
245.5,127.3289,4.8016,-2.79253,0.0,0.06981,170.673,1.8947,stand_6,206.7457,0.0,0.06981,0.0,0.06981,Sidewalk
246.0,127.3289,4.8016,-2.79253,0.0,-0.0,170.673,1.8947,stand_6,206.7373,0.0,-0.0,0.0,-0.0,Sidewalk
246.5,127.3289,4.8016,-2.75762,0.0,0.06981,170.673,1.8947,stand_6,206.7457,0.0,0.06981,0.0,0.06981,Sidewalk
247.0,127.3289,4.8016,-2.75762,0.0,-0.0,170.673,1.8947,stand_6,206.7373,0.0,-0.0,0.0,-0.0,Sidewalk
247.5,127.3289,4.8016,-2.72271,0.0,0.06981,170.673,1.8947,stand_6,206.7457,0.0,0.06981,0.0,0.06981,Sidewalk
248.0,127.3289,4.8016,-2.72271,0.0,-0.0,170.673,1.8947,stand_6,206.7373,0.0,-0.0,0.0,-0.0,Sidewalk
248.5,127.3289,4.8016,-2.68781,0.0,0.06981,170.673,1.8947,stand_6,206.7457,0.0,0.06981,0.0,0.06981,Sidewalk
249.0,127.3289,4.8016,-2.68781,0.0,-0.0,170.673,1.8947,stand_6,206.7373,0.0,-0.0,0.0,-0.0,Sidewalk
249.5,127.3289,4.8016,-2.6529,0.0,0.06981,170.673,1.8947,stand_6,206.7457,0.0,0.06981,0.0,0.06981,Sidewalk
250.0,127.3289,4.8016,-2.6529,0.0,-0.0,170.673,1.8947,stand_6,206.7373,0.0,-0.0,0.0,-0.0,Sidewalk
250.5,127.3289,4.8016,-2.61799,0.0,0.06981,170.673,1.8947,stand_6,206.7457,0.0,0.06981,0.0,0.06981,Sidewalk
251.0,127.3289,4.8016,-2.61799,0.0,-0.0,170.673,1.8947,stand_6,206.7373,0.0,-0.0,0.0,-0.0,Sidewalk
251.5,127.3289,4.8016,-2.58309,0.0,0.06981,170.673,1.8947,stand_6,206.7457,0.0,0.06981,0.0,0.06981,Sidewalk
252.0,127.3289,4.8016,-2.58309,0.0,-0.0,170.673,1.8947,stand_6,206.7373,0.0,-0.0,0.0,-0.0,Sidewalk
252.5,127.3289,4.8016,-2.54818,0.0,0.06981,170.673,1.8947,stand_6,206.7457,0.0,0.06981,0.0,0.06981,Sidewalk
253.0,127.3289,4.8016,-2.54818,0.0,-0.0,170.673,1.8947,stand_6,206.7373,0.0,-0.0,0.0,-0.0,Sidewalk
253.5,127.3289,4.8016,-2.51327,0.0,0.06981,170.673,1.8947,stand_6,206.7457,0.0,0.06981,0.0,0.06981,Sidewalk
254.0,127.3289,4.8016,-2.51327,0.0,-0.0,170.673,1.8947,stand_6,206.7373,0.0,-0.0,0.0,-0.0,Sidewalk
254.5,127.3289,4.8016,-2.47837,0.0,0.06981,170.673,1.8947,stand_6,206.7457,0.0,0.06981,0.0,0.06981,Sidewalk
255.0,127.3289,4.8016,-2.47837,0.0,-0.0,170.673,1.8947,stand_6,206.7373,0.0,-0.0,0.0,-0.0,Sidewalk
255.5,127.3289,4.8016,-2.44346,0.0,0.06981,170.673,1.8947,stand_6,206.7457,0.0,0.06981,0.0,0.06981,Sidewalk
256.0,127.3289,4.8016,-2.44346,0.0,-0.0,170.673,1.8947,stand_6,206.7373,0.0,-0.0,0.0,-0.0,Sidewalk
256.5,127.3289,4.8016,-2.40855,0.0,0.06981,170.673,1.8947,stand_6,206.7457,0.0,0.06981,0.0,0.06981,Sidewalk
257.0,127.3289,4.8016,-2.40855,0.0,-0.0,170.673,1.8947,stand_6,206.7373,0.0,-0.0,0.0,-0.0,Sidewalk
257.5,127.3289,4.8016,-2.37365,0.0,0.06981,170.673,1.8947,stand_6,206.7457,0.0,0.06981,0.0,0.06981,Sidewalk
258.0,127.3289,4.8016,-2.37365,0.0,-0.0,170.673,1.8947,stand_6,206.7373,0.0,-0.0,0.0,-0.0,Sidewalk
258.5,127.3289,4.8016,-2.33874,0.0,0.06981,170.673,1.8947,stand_6,206.7457,0.0,0.06981,0.0,0.06981,Sidewalk
259.0,127.3289,4.8016,-2.33874,0.0,-0.0,170.673,1.8947,stand_6,206.7373,0.0,-0.0,0.0,-0.0,Sidewalk
259.5,127.3289,4.8016,-2.30383,0.0,0.06981,170.673,1.8947,stand_6,206.7457,0.0,0.06981,0.0,0.06981,Sidewalk
260.0,127.3289,4.8016,-2.30383,0.0,-0.0,170.673,1.8947,stand_6,206.7373,0.0,-0.0,0.0,-0.0,Sidewalk
260.5,127.3289,4.8016,-2.26893,0.0,0.06981,170.673,1.8947,stand_6,206.7457,0.0,0.06981,0.0,0.06981,Sidewalk
261.0,127.3289,4.8016,-2.26893,0.0,-0.0,170.673,1.8947,stand_6,206.7373,0.0,-0.0,0.0,-0.0,Sidewalk
261.5,127.3289,4.8016,-2.23402,0.0,0.06981,170.673,1.8947,stand_6,206.7457,0.0,0.06981,0.0,0.06981,Sidewalk
262.0,127.3289,4.8016,-2.23402,0.0,-0.0,170.673,1.8947,stand_6,206.7373,0.0,-0.0,0.0,-0.0,Sidewalk
262.5,127.3289,4.8016,-2.19911,0.0,0.06981,170.673,1.8947,stand_6,206.7457,0.0,0.06981,0.0,0.06981,Sidewalk
263.0,127.3289,4.8016,-2.19911,0.0,-0.0,170.673,1.8947,stand_6,206.7373,0.0,-0.0,0.0,-0.0,Sidewalk
263.5,127.3114,4.7656,-2.02458,0.08,0.34907,170.6903,1.9103,stand_6,206.7434,0.08,0.34907,0.08,0.34907,Sidewalk
264.0,127.3114,4.7656,-2.02458,0.0,-0.0,170.6903,1.9103,stand_6,206.738,0.0,-0.0,0.0,-0.0,Sidewalk
264.5,127.3114,4.7656,-1.98968,0.0,0.06981,170.6903,1.9103,stand_6,206.7464,0.0,0.06981,0.0,0.06981,Sidewalk
265.0,127.3114,4.7656,-1.98968,0.0,-0.0,170.6903,1.9103,stand_6,206.738,0.0,-0.0,0.0,-0.0,Sidewalk
265.5,127.3017,4.7268,-1.81514,0.08,0.34907,170.6998,1.9187,stand_6,206.7424,0.08,0.34907,0.08,0.34907,Sidewalk
266.0,127.3017,4.7268,-1.81514,0.0,-0.0,170.6998,1.9187,stand_6,206.7373,0.0,-0.0,0.0,-0.0,Sidewalk
266.5,127.2989,4.6869,-1.64061,0.08,0.34907,170.7025,1.9211,stand_6,206.7431,0.08,0.34907,0.08,0.34907,Sidewalk
267.0,127.2989,4.6869,-1.64061,0.0,-0.0,170.7025,1.9211,stand_6,206.7351,0.0,-0.0,0.0,-0.0,Sidewalk
267.5,127.3031,4.6471,-1.46608,0.08,0.34907,170.6981,1.9173,stand_6,206.7426,0.08,0.34907,0.08,0.34907,Sidewalk
268.0,127.3031,4.6471,-1.46608,0.0,-0.0,170.6981,1.9173,stand_6,206.7314,0.0,-0.0,0.0,-0.0,Sidewalk
268.5,127.3031,4.6471,-1.43117,0.0,0.06981,170.6981,1.9173,stand_6,206.7398,0.0,0.06981,0.0,0.06981,Sidewalk
269.0,127.3031,4.6471,-1.43117,0.0,-0.0,170.6981,1.9173,stand_6,206.7314,0.0,-0.0,0.0,-0.0,Sidewalk
269.5,127.3031,4.6471,-1.39626,0.0,0.06981,170.6981,1.9173,stand_6,206.7398,0.0,0.06981,0.0,0.06981,Sidewalk
270.0,127.3031,4.6471,-1.39626,0.0,-0.0,170.6981,1.9173,stand_6,206.7314,0.0,-0.0,0.0,-0.0,Sidewalk
270.5,127.3031,4.6471,-1.36136,0.0,0.06981,170.6981,1.9173,stand_6,206.7398,0.0,0.06981,0.0,0.06981,Sidewalk
271.0,127.3031,4.6471,-1.36136,0.0,-0.0,170.6981,1.9173,stand_6,206.7314,0.0,-0.0,0.0,-0.0,Sidewalk
271.5,127.3031,4.6471,-1.32645,0.0,0.06981,170.6981,1.9173,stand_6,206.7398,0.0,0.06981,0.0,0.06981,Sidewalk
272.0,127.3031,4.6471,-1.32645,0.0,-0.0,170.6981,1.9173,stand_6,206.7314,0.0,-0.0,0.0,-0.0,Sidewalk
272.5,127.3031,4.6471,-1.29154,0.0,0.06981,170.6981,1.9173,stand_6,206.7398,0.0,0.06981,0.0,0.06981,Sidewalk
273.0,127.3031,4.6471,-1.29154,0.0,-0.0,170.6981,1.9173,stand_6,206.7314,0.0,-0.0,0.0,-0.0,Sidewalk
273.5,127.3031,4.6471,-1.25664,0.0,0.06981,170.6981,1.9173,stand_6,206.7398,0.0,0.06981,0.0,0.06981,Sidewalk
274.0,127.3031,4.6471,-1.25664,0.0,-0.0,170.6981,1.9173,stand_6,206.7314,0.0,-0.0,0.0,-0.0,Sidewalk
274.5,127.3031,4.6471,-1.22173,0.0,0.06981,170.6981,1.9173,stand_6,206.7398,0.0,0.06981,0.0,0.06981,Sidewalk
275.0,127.3031,4.6471,-1.22173,0.0,-0.0,170.6981,1.9173,stand_6,206.7314,0.0,-0.0,0.0,-0.0,Sidewalk
275.5,127.3031,4.6471,-1.18682,0.0,0.06981,170.6981,1.9173,stand_6,206.7398,0.0,0.06981,0.0,0.06981,Sidewalk
276.0,127.3031,4.6471,-1.18682,0.0,-0.0,170.6981,1.9173,stand_6,206.7314,0.0,-0.0,0.0,-0.0,Sidewalk
276.5,127.3031,4.6471,-1.15192,0.0,0.06981,170.6981,1.9173,stand_6,206.7398,0.0,0.06981,0.0,0.06981,Sidewalk
277.0,127.3031,4.6471,-1.15192,0.0,-0.0,170.6981,1.9173,stand_6,206.7314,0.0,-0.0,0.0,-0.0,Sidewalk
277.5,127.3231,4.6125,-1.0472,0.08,0.20944,170.678,1.8983,stand_6,206.7379,0.08,0.20944,0.08,0.20944,Sidewalk
278.0,127.3231,4.6125,-1.0472,0.0,-0.0,170.678,1.8983,stand_6,206.7259,0.0,-0.0,0.0,-0.0,Sidewalk
278.5,127.3231,4.6125,-1.01229,0.0,0.06981,170.678,1.8983,stand_6,206.7343,0.0,0.06981,0.0,0.06981,Sidewalk
279.0,127.3231,4.6125,-1.01229,0.0,-0.0,170.678,1.8983,stand_6,206.7259,0.0,-0.0,0.0,-0.0,Sidewalk
279.5,127.3231,4.6125,-0.97738,0.0,0.06981,170.678,1.8983,stand_6,206.7343,0.0,0.06981,0.0,0.06981,Sidewalk
280.0,127.3231,4.6125,-0.97738,0.0,-0.0,170.678,1.8983,stand_6,206.7259,0.0,-0.0,0.0,-0.0,Sidewalk
280.5,127.3231,4.6125,-0.94248,0.0,0.06981,170.678,1.8983,stand_6,206.7343,0.0,0.06981,0.0,0.06981,Sidewalk
281.0,127.3231,4.6125,-0.94248,0.0,-0.0,170.678,1.8983,stand_6,206.7259,0.0,-0.0,0.0,-0.0,Sidewalk
281.5,127.3231,4.6125,-0.90757,0.0,0.06981,170.678,1.8983,stand_6,206.7343,0.0,0.06981,0.0,0.06981,Sidewalk
282.0,127.3231,4.6125,-0.90757,0.0,-0.0,170.678,1.8983,stand_6,206.7259,0.0,-0.0,0.0,-0.0,Sidewalk
282.5,127.3231,4.6125,-0.87266,0.0,0.06981,170.678,1.8983,stand_6,206.7343,0.0,0.06981,0.0,0.06981,Sidewalk
283.0,127.3231,4.6125,-0.87266,0.0,-0.0,170.678,1.8983,stand_6,206.7259,0.0,-0.0,0.0,-0.0,Sidewalk
283.5,127.3231,4.6125,-0.83776,0.0,0.06981,170.678,1.8983,stand_6,206.7343,0.0,0.06981,0.0,0.06981,Sidewalk
284.0,127.3231,4.6125,-0.83776,0.0,-0.0,170.678,1.8983,stand_6,206.7259,0.0,-0.0,0.0,-0.0,Sidewalk
284.5,127.3231,4.6125,-0.80285,0.0,0.06981,170.678,1.8983,stand_6,206.7343,0.0,0.06981,0.0,0.06981,Sidewalk
285.0,127.3231,4.6125,-0.80285,0.0,-0.0,170.678,1.8983,stand_6,206.7259,0.0,-0.0,0.0,-0.0,Sidewalk
285.5,127.3231,4.6125,-0.76794,0.0,0.06981,170.678,1.8983,stand_6,206.7343,0.0,0.06981,0.0,0.06981,Sidewalk
286.0,127.3231,4.6125,-0.76794,0.0,-0.0,170.678,1.8983,stand_6,206.7259,0.0,-0.0,0.0,-0.0,Sidewalk
286.5,127.3231,4.6125,-0.73304,0.0,0.06981,170.678,1.8983,stand_6,206.7343,0.0,0.06981,0.0,0.06981,Sidewalk
287.0,127.3231,4.6125,-0.73304,0.0,-0.0,170.678,1.8983,stand_6,206.7259,0.0,-0.0,0.0,-0.0,Sidewalk
287.5,127.3231,4.6125,-0.69813,0.0,0.06981,170.678,1.8983,stand_6,206.7343,0.0,0.06981,0.0,0.06981,Sidewalk
288.0,127.3231,4.6125,-0.69813,0.0,-0.0,170.678,1.8983,stand_6,206.7259,0.0,-0.0,0.0,-0.0,Sidewalk
288.5,127.3231,4.6125,-0.66323,0.0,0.06981,170.678,1.8983,stand_6,206.7343,0.0,0.06981,0.0,0.06981,Sidewalk
289.0,127.3231,4.6125,-0.66323,0.0,-0.0,170.678,1.8983,stand_6,206.7259,0.0,-0.0,0.0,-0.0,Sidewalk
289.5,127.3231,4.6125,-0.62832,0.0,0.06981,170.678,1.8983,stand_6,206.7343,0.0,0.06981,0.0,0.06981,Sidewalk
290.0,127.3231,4.6125,-0.62832,0.0,-0.0,170.678,1.8983,stand_6,206.7259,0.0,-0.0,0.0,-0.0,Sidewalk
290.5,127.3231,4.6125,-0.59341,0.0,0.06981,170.678,1.8983,stand_6,206.7343,0.0,0.06981,0.0,0.06981,Sidewalk
291.0,127.3231,4.6125,-0.59341,0.0,-0.0,170.678,1.8983,stand_6,206.7259,0.0,-0.0,0.0,-0.0,Sidewalk
291.5,127.3231,4.6125,-0.55851,0.0,0.06981,170.678,1.8983,stand_6,206.7343,0.0,0.06981,0.0,0.06981,Sidewalk
292.0,127.3231,4.6125,-0.55851,0.0,-0.0,170.678,1.8983,stand_6,206.7259,0.0,-0.0,0.0,-0.0,Sidewalk
292.5,127.3231,4.6125,-0.5236,0.0,0.06981,170.678,1.8983,stand_6,206.7343,0.0,0.06981,0.0,0.06981,Sidewalk
293.0,127.3231,4.6125,-0.5236,0.0,-0.0,170.678,1.8983,stand_6,206.7259,0.0,-0.0,0.0,-0.0,Sidewalk
293.5,127.3231,4.6125,-0.48869,0.0,0.06981,170.678,1.8983,stand_6,206.7343,0.0,0.06981,0.0,0.06981,Sidewalk
294.0,127.3231,4.6125,-0.48869,0.0,-0.0,170.678,1.8983,stand_6,206.7259,0.0,-0.0,0.0,-0.0,Sidewalk
294.5,127.3231,4.6125,-0.45379,0.0,0.06981,170.678,1.8983,stand_6,206.7343,0.0,0.06981,0.0,0.06981,Sidewalk
295.0,127.3231,4.6125,-0.45379,0.0,-0.0,170.678,1.8983,stand_6,206.7259,0.0,-0.0,0.0,-0.0,Sidewalk
295.5,127.3231,4.6125,-0.41888,0.0,0.06981,170.678,1.8983,stand_6,206.7343,0.0,0.06981,0.0,0.06981,Sidewalk
296.0,127.3231,4.6125,-0.41888,0.0,-0.0,170.678,1.8983,stand_6,206.7259,0.0,-0.0,0.0,-0.0,Sidewalk
296.5,127.3231,4.6125,-0.38397,0.0,0.06981,170.678,1.8983,stand_6,206.7343,0.0,0.06981,0.0,0.06981,Sidewalk
297.0,127.3231,4.6125,-0.38397,0.0,-0.0,170.678,1.8983,stand_6,206.7259,0.0,-0.0,0.0,-0.0,Sidewalk
297.5,127.3231,4.6125,-0.34907,0.0,0.06981,170.678,1.8983,stand_6,206.7343,0.0,0.06981,0.0,0.06981,Sidewalk
298.0,127.3231,4.6125,-0.34907,0.0,-0.0,170.678,1.8983,stand_6,206.7259,0.0,-0.0,0.0,-0.0,Sidewalk
298.5,127.3231,4.6125,-0.31416,0.0,0.06981,170.678,1.8983,stand_6,206.7343,0.0,0.06981,0.0,0.06981,Sidewalk
299.0,127.3231,4.6125,-0.31416,0.0,-0.0,170.678,1.8983,stand_6,206.7259,0.0,-0.0,0.0,-0.0,Sidewalk
299.5,127.3231,4.6125,-0.27925,0.0,0.06981,170.678,1.8983,stand_6,206.7343,0.0,0.06981,0.0,0.06981,Sidewalk
300.0,127.3231,4.6125,-0.27925,0.0,-0.0,170.678,1.8983,stand_6,206.7259,0.0,-0.0,0.0,-0.0,Sidewalk
300.5,127.3231,4.6125,-0.24435,0.0,0.06981,170.678,1.8983,stand_6,206.7343,0.0,0.06981,0.0,0.06981,Sidewalk
301.0,127.3231,4.6125,-0.24435,0.0,-0.0,170.678,1.8983,stand_6,206.7259,0.0,-0.0,0.0,-0.0,Sidewalk
301.5,127.3231,4.6125,-0.20944,0.0,0.06981,170.678,1.8983,stand_6,206.7343,0.0,0.06981,0.0,0.06981,Sidewalk
302.0,127.3231,4.6125,-0.20944,0.0,-0.0,170.678,1.8983,stand_6,206.7259,0.0,-0.0,0.0,-0.0,Sidewalk
302.5,127.3231,4.6125,-0.17453,0.0,0.06981,170.678,1.8983,stand_6,206.7343,0.0,0.06981,0.0,0.06981,Sidewalk
303.0,127.3231,4.6125,-0.17453,0.0,-0.0,170.678,1.8983,stand_6,206.7259,0.0,-0.0,0.0,-0.0,Sidewalk
303.5,127.3231,4.6125,-0.13963,0.0,0.06981,170.678,1.8983,stand_6,206.7343,0.0,0.06981,0.0,0.06981,Sidewalk
304.0,127.3231,4.6125,-0.13963,0.0,-0.0,170.678,1.8983,stand_6,206.7259,0.0,-0.0,0.0,-0.0,Sidewalk
304.5,127.3231,4.6125,-0.10472,0.0,0.06981,170.678,1.8983,stand_6,206.7343,0.0,0.06981,0.0,0.06981,Sidewalk
305.0,127.3231,4.6125,-0.10472,0.0,-0.0,170.678,1.8983,stand_6,206.7259,0.0,-0.0,0.0,-0.0,Sidewalk
305.5,127.3231,4.6125,-0.06981,0.0,0.06981,170.678,1.8983,stand_6,206.7343,0.0,0.06981,0.0,0.06981,Sidewalk
306.0,127.3231,4.6125,-0.06981,0.0,-0.0,170.678,1.8983,stand_6,206.7259,0.0,-0.0,0.0,-0.0,Sidewalk
306.5,127.3231,4.6125,-0.03491,0.0,0.06981,170.678,1.8983,stand_6,206.7343,0.0,0.06981,0.0,0.06981,Sidewalk
307.0,127.3231,4.6125,-0.03491,0.0,-0.0,170.678,1.8983,stand_6,206.7259,0.0,-0.0,0.0,-0.0,Sidewalk
307.5,127.3231,4.6125,-0.0,0.0,0.06981,170.678,1.8983,stand_6,206.7343,0.0,0.06981,0.0,0.06981,Sidewalk
308.0,127.3231,4.6125,-0.0,0.0,-0.0,170.678,1.8983,stand_6,206.726,0.0,-0.0,0.0,-0.0,Sidewalk
308.5,127.3231,4.6125,0.03491,0.0,0.06981,170.678,1.8983,stand_6,206.7343,0.0,0.06981,0.0,0.06981,Sidewalk
309.0,127.3231,4.6125,0.03491,0.0,-0.0,170.678,1.8983,stand_6,206.726,0.0,-0.0,0.0,-0.0,Sidewalk
309.5,127.3231,4.6125,0.06981,0.0,0.06981,170.678,1.8983,stand_6,206.7343,0.0,0.06981,0.0,0.06981,Sidewalk
310.0,127.3231,4.6125,0.06981,0.0,-0.0,170.678,1.8983,stand_6,206.726,0.0,-0.0,0.0,-0.0,Sidewalk
310.5,127.3231,4.6125,0.10472,0.0,0.06981,170.678,1.8983,stand_6,206.7343,0.0,0.06981,0.0,0.06981,Sidewalk
311.0,127.3231,4.6125,0.10472,0.0,-0.0,170.678,1.8983,stand_6,206.726,0.0,-0.0,0.0,-0.0,Sidewalk
311.5,127.3231,4.6125,0.13963,0.0,0.06981,170.678,1.8983,stand_6,206.7343,0.0,0.06981,0.0,0.06981,Sidewalk
312.0,127.3231,4.6125,0.13963,0.0,-0.0,170.678,1.8982,stand_6,206.726,0.0,-0.0,0.0,-0.0,Sidewalk
312.5,127.3231,4.6125,0.17453,0.0,0.06981,170.678,1.8982,stand_6,206.7343,0.0,0.06981,0.0,0.06981,Sidewalk
313.0,127.3231,4.6125,0.17453,0.0,-0.0,170.678,1.8982,stand_6,206.726,0.0,-0.0,0.0,-0.0,Sidewalk
313.5,127.3231,4.6125,0.20944,0.0,0.06981,170.678,1.8982,stand_6,206.7344,0.0,0.06981,0.0,0.06981,Sidewalk
314.0,127.3231,4.6125,0.20944,0.0,-0.0,170.678,1.8982,stand_6,206.726,0.0,-0.0,0.0,-0.0,Sidewalk
314.5,127.3231,4.6125,0.24435,0.0,0.06981,170.678,1.8982,stand_6,206.7344,0.0,0.06981,0.0,0.06981,Sidewalk
315.0,127.3231,4.6125,0.24435,0.0,-0.0,170.678,1.8982,stand_6,206.726,0.0,-0.0,0.0,-0.0,Sidewalk
315.5,127.3231,4.6125,0.27925,0.0,0.06981,170.678,1.8982,stand_6,206.7344,0.0,0.06981,0.0,0.06981,Sidewalk
316.0,127.3231,4.6125,0.27925,0.0,-0.0,170.678,1.8982,stand_6,206.726,0.0,-0.0,0.0,-0.0,Sidewalk
316.5,127.3231,4.6125,0.31416,0.0,0.06981,170.678,1.8982,stand_6,206.7344,0.0,0.06981,0.0,0.06981,Sidewalk
317.0,127.3231,4.6125,0.31416,0.0,-0.0,170.678,1.8982,stand_6,206.726,0.0,-0.0,0.0,-0.0,Sidewalk
317.5,127.3231,4.6125,0.34907,0.0,0.06981,170.678,1.8982,stand_6,206.7344,0.0,0.06981,0.0,0.06981,Sidewalk
318.0,127.3231,4.6125,0.34907,0.0,-0.0,170.678,1.8982,stand_6,206.726,0.0,-0.0,0.0,-0.0,Sidewalk
318.5,127.3231,4.6125,0.38397,0.0,0.06981,170.678,1.8982,stand_6,206.7344,0.0,0.06981,0.0,0.06981,Sidewalk
319.0,127.3231,4.6125,0.38397,0.0,-0.0,170.678,1.8982,stand_6,206.726,0.0,-0.0,0.0,-0.0,Sidewalk
319.5,127.3231,4.6125,0.41888,0.0,0.06981,170.678,1.8982,stand_6,206.7344,0.0,0.06981,0.0,0.06981,Sidewalk
320.0,127.3231,4.6125,0.41888,0.0,-0.0,170.678,1.8982,stand_6,206.726,0.0,-0.0,0.0,-0.0,Sidewalk
320.5,127.3231,4.6125,0.45379,0.0,0.06981,170.678,1.8982,stand_6,206.7344,0.0,0.06981,0.0,0.06981,Sidewalk
321.0,127.3231,4.6125,0.45379,0.0,-0.0,170.678,1.8982,stand_6,206.726,0.0,-0.0,0.0,-0.0,Sidewalk
321.5,127.3231,4.6125,0.48869,0.0,0.06981,170.678,1.8982,stand_6,206.7344,0.0,0.06981,0.0,0.06981,Sidewalk
322.0,127.3231,4.6125,0.48869,0.0,-0.0,170.678,1.8982,stand_6,206.726,0.0,-0.0,0.0,-0.0,Sidewalk
322.5,127.3231,4.6125,0.5236,0.0,0.06981,170.678,1.8982,stand_6,206.7344,0.0,0.06981,0.0,0.06981,Sidewalk
323.0,127.3231,4.6125,0.5236,0.0,-0.0,170.678,1.8982,stand_6,206.726,0.0,-0.0,0.0,-0.0,Sidewalk
323.5,127.3231,4.6125,0.55851,0.0,0.06981,170.678,1.8982,stand_6,206.7344,0.0,0.06981,0.0,0.06981,Sidewalk
324.0,127.3231,4.6125,0.55851,0.0,-0.0,170.678,1.8982,stand_6,206.726,0.0,-0.0,0.0,-0.0,Sidewalk
324.5,127.3231,4.6125,0.59341,0.0,0.06981,170.678,1.8982,stand_6,206.7344,0.0,0.06981,0.0,0.06981,Sidewalk
325.0,127.3231,4.6125,0.59341,0.0,-0.0,170.678,1.8982,stand_6,206.726,0.0,-0.0,0.0,-0.0,Sidewalk
325.5,127.3231,4.6125,0.62832,0.0,0.06981,170.678,1.8982,stand_6,206.7344,0.0,0.06981,0.0,0.06981,Sidewalk
326.0,127.3231,4.6125,0.62832,0.0,-0.0,170.678,1.8982,stand_6,206.726,0.0,-0.0,0.0,-0.0,Sidewalk
326.5,127.3231,4.6125,0.66323,0.0,0.06981,170.678,1.8982,stand_6,206.7344,0.0,0.06981,0.0,0.06981,Sidewalk
327.0,127.3231,4.6125,0.66323,0.0,-0.0,170.678,1.8982,stand_6,206.726,0.0,-0.0,0.0,-0.0,Sidewalk
327.5,127.3231,4.6125,0.69813,0.0,0.06981,170.678,1.8982,stand_6,206.7344,0.0,0.06981,0.0,0.06981,Sidewalk
328.0,127.3231,4.6125,0.69813,0.0,-0.0,170.678,1.8982,stand_6,206.726,0.0,-0.0,0.0,-0.0,Sidewalk
328.5,127.3231,4.6125,0.73304,0.0,0.06981,170.678,1.8982,stand_6,206.7344,0.0,0.06981,0.0,0.06981,Sidewalk
329.0,127.3509,4.6412,0.80285,0.08,0.13963,170.6503,1.8695,stand_6,206.724,0.08,0.13963,0.08,0.13963,Sidewalk
329.5,127.3777,4.671,0.83776,0.08,0.06981,170.6237,1.8423,stand_6,206.7288,0.08,0.06981,0.08,0.06981,Sidewalk
330.0,127.3777,4.671,0.83776,0.0,-0.0,170.6237,1.8423,stand_6,206.7292,0.0,-0.0,0.0,-0.0,Sidewalk
330.5,127.4034,4.7016,0.87266,0.08,0.06981,170.5981,1.8166,stand_6,206.7277,0.08,0.06981,0.08,0.06981,Sidewalk
331.0,127.4034,4.7016,0.87266,0.0,-0.0,170.5981,1.8166,stand_6,206.7321,0.0,-0.0,0.0,-0.0,Sidewalk
331.5,127.4034,4.7016,0.90757,0.0,0.06981,170.5981,1.8166,stand_6,206.7404,0.0,0.06981,0.0,0.06981,Sidewalk
332.0,127.4034,4.7016,0.90757,0.0,-0.0,170.5981,1.8166,stand_6,206.7321,0.0,-0.0,0.0,-0.0,Sidewalk
332.5,127.4034,4.7016,0.94248,0.0,0.06981,170.5981,1.8166,stand_6,206.7405,0.0,0.06981,0.0,0.06981,Sidewalk
333.0,127.4034,4.7016,0.94248,0.0,-0.0,170.5981,1.8166,stand_6,206.7321,0.0,-0.0,0.0,-0.0,Sidewalk
333.5,127.4034,4.7016,0.97738,0.0,0.06981,170.5981,1.8166,stand_6,206.7405,0.0,0.06981,0.0,0.06981,Sidewalk
334.0,127.4034,4.7016,0.97738,0.0,-0.0,170.5981,1.8166,stand_6,206.7321,0.0,-0.0,0.0,-0.0,Sidewalk
334.5,127.4034,4.7016,1.01229,0.0,0.06981,170.5981,1.8166,stand_6,206.7405,0.0,0.06981,0.0,0.06981,Sidewalk
335.0,127.4034,4.7016,1.01229,0.0,-0.0,170.5981,1.8166,stand_6,206.7321,0.0,-0.0,0.0,-0.0,Sidewalk
335.5,127.4034,4.7016,1.0472,0.0,0.06981,170.5981,1.8166,stand_6,206.7405,0.0,0.06981,0.0,0.06981,Sidewalk
336.0,127.4034,4.7016,1.0472,0.0,-0.0,170.5981,1.8166,stand_6,206.7321,0.0,-0.0,0.0,-0.0,Sidewalk
336.5,127.4034,4.7016,1.0821,0.0,0.06981,170.5981,1.8166,stand_6,206.7405,0.0,0.06981,0.0,0.06981,Sidewalk
337.0,127.4034,4.7016,1.0821,0.0,-0.0,170.5981,1.8166,stand_6,206.7321,0.0,-0.0,0.0,-0.0,Sidewalk
337.5,127.4034,4.7016,1.11701,0.0,0.06981,170.5981,1.8166,stand_6,206.7405,0.0,0.06981,0.0,0.06981,Sidewalk
338.0,127.4034,4.7016,1.11701,0.0,-0.0,170.5981,1.8166,stand_6,206.7321,0.0,-0.0,0.0,-0.0,Sidewalk
338.5,127.4034,4.7016,1.15192,0.0,0.06981,170.5981,1.8166,stand_6,206.7405,0.0,0.06981,0.0,0.06981,Sidewalk
339.0,127.4034,4.7016,1.15192,0.0,-0.0,170.5981,1.8166,stand_6,206.7321,0.0,-0.0,0.0,-0.0,Sidewalk
339.5,127.4034,4.7016,1.18682,0.0,0.06981,170.5981,1.8166,stand_6,206.7405,0.0,0.06981,0.0,0.06981,Sidewalk
340.0,127.4034,4.7016,1.18682,0.0,-0.0,170.5981,1.8166,stand_6,206.7321,0.0,-0.0,0.0,-0.0,Sidewalk
340.5,127.4034,4.7016,1.22173,0.0,0.06981,170.5981,1.8166,stand_6,206.7405,0.0,0.06981,0.0,0.06981,Sidewalk
341.0,127.4034,4.7016,1.22173,0.0,-0.0,170.5981,1.8166,stand_6,206.7321,0.0,-0.0,0.0,-0.0,Sidewalk
341.5,127.4034,4.7016,1.25664,0.0,0.06981,170.5981,1.8166,stand_6,206.7405,0.0,0.06981,0.0,0.06981,Sidewalk
342.0,127.4034,4.7016,1.25664,0.0,-0.0,170.5981,1.8166,stand_6,206.7321,0.0,-0.0,0.0,-0.0,Sidewalk
342.5,127.4034,4.7016,1.29154,0.0,0.06981,170.5981,1.8166,stand_6,206.7405,0.0,0.06981,0.0,0.06981,Sidewalk
343.0,127.4034,4.7016,1.29154,0.0,-0.0,170.5981,1.8166,stand_6,206.7321,0.0,-0.0,0.0,-0.0,Sidewalk
343.5,127.4034,4.7016,1.32645,0.0,0.06981,170.5981,1.8166,stand_6,206.7405,0.0,0.06981,0.0,0.06981,Sidewalk
344.0,127.4034,4.7016,1.32645,0.0,-0.0,170.5981,1.8166,stand_6,206.7321,0.0,-0.0,0.0,-0.0,Sidewalk
344.5,127.4034,4.7016,1.36136,0.0,0.06981,170.5981,1.8166,stand_6,206.7405,0.0,0.06981,0.0,0.06981,Sidewalk
345.0,127.4034,4.7016,1.36136,0.0,-0.0,170.5981,1.8166,stand_6,206.7321,0.0,-0.0,0.0,-0.0,Sidewalk
345.5,127.4034,4.7016,1.39626,0.0,0.06981,170.5981,1.8166,stand_6,206.7405,0.0,0.06981,0.0,0.06981,Sidewalk
346.0,127.4034,4.7016,1.39626,0.0,-0.0,170.5981,1.8166,stand_6,206.7321,0.0,-0.0,0.0,-0.0,Sidewalk
346.5,127.4034,4.7016,1.43117,0.0,0.06981,170.5981,1.8166,stand_6,206.7405,0.0,0.06981,0.0,0.06981,Sidewalk
347.0,127.4034,4.7016,1.43117,0.0,-0.0,170.5981,1.8166,stand_6,206.7321,0.0,-0.0,0.0,-0.0,Sidewalk
347.5,127.4034,4.7016,1.46608,0.0,0.06981,170.5981,1.8166,stand_6,206.7405,0.0,0.06981,0.0,0.06981,Sidewalk
348.0,127.4034,4.7016,1.46608,0.0,-0.0,170.5981,1.8166,stand_6,206.7321,0.0,-0.0,0.0,-0.0,Sidewalk
348.5,127.4034,4.7016,1.50098,0.0,0.06981,170.5981,1.8166,stand_6,206.7405,0.0,0.06981,0.0,0.06981,Sidewalk
349.0,127.4034,4.7016,1.50098,0.0,-0.0,170.5981,1.8166,stand_6,206.7321,0.0,-0.0,0.0,-0.0,Sidewalk
349.5,127.4034,4.7016,1.53589,0.0,0.06981,170.5981,1.8166,stand_6,206.7405,0.0,0.06981,0.0,0.06981,Sidewalk
350.0,127.4034,4.7016,1.53589,0.0,-0.0,170.5981,1.8166,stand_6,206.7321,0.0,-0.0,0.0,-0.0,Sidewalk
350.5,127.4034,4.7016,1.5708,0.0,0.06981,170.5981,1.8166,stand_6,206.7405,0.0,0.06981,0.0,0.06981,Sidewalk
351.0,127.4034,4.7016,1.5708,0.0,-0.0,170.5981,1.8166,stand_6,206.7322,0.0,-0.0,0.0,-0.0,Sidewalk
351.5,127.4034,4.7016,1.6057,0.0,0.06981,170.5981,1.8166,stand_6,206.7405,0.0,0.06981,0.0,0.06981,Sidewalk
352.0,127.4034,4.7016,1.6057,0.0,-0.0,170.5981,1.8166,stand_6,206.7322,0.0,-0.0,0.0,-0.0,Sidewalk
352.5,127.4034,4.7016,1.64061,0.0,0.06981,170.5981,1.8166,stand_6,206.7405,0.0,0.06981,0.0,0.06981,Sidewalk
353.0,127.4034,4.7016,1.64061,0.0,-0.0,170.5981,1.8165,stand_6,206.7322,0.0,-0.0,0.0,-0.0,Sidewalk
353.5,127.4034,4.7016,1.67552,0.0,0.06981,170.5981,1.8165,stand_6,206.7405,0.0,0.06981,0.0,0.06981,Sidewalk
354.0,127.4034,4.7016,1.67552,0.0,-0.0,170.5981,1.8165,stand_6,206.7322,0.0,-0.0,0.0,-0.0,Sidewalk
354.5,127.4034,4.7016,1.71042,0.0,0.06981,170.5981,1.8165,stand_6,206.7405,0.0,0.06981,0.0,0.06981,Sidewalk
355.0,127.4034,4.7016,1.71042,0.0,-0.0,170.5981,1.8165,stand_6,206.7322,0.0,-0.0,0.0,-0.0,Sidewalk
355.5,127.4034,4.7016,1.74533,0.0,0.06981,170.5981,1.8165,stand_6,206.7405,0.0,0.06981,0.0,0.06981,Sidewalk
356.0,127.4034,4.7016,1.74533,0.0,-0.0,170.5981,1.8165,stand_6,206.7322,0.0,-0.0,0.0,-0.0,Sidewalk
356.5,127.4034,4.7016,1.78024,0.0,0.06981,170.5981,1.8165,stand_6,206.7406,0.0,0.06981,0.0,0.06981,Sidewalk
357.0,127.4034,4.7016,1.78024,0.0,-0.0,170.5981,1.8165,stand_6,206.7322,0.0,-0.0,0.0,-0.0,Sidewalk
357.5,127.4034,4.7016,1.81514,0.0,0.06981,170.5981,1.8165,stand_6,206.7406,0.0,0.06981,0.0,0.06981,Sidewalk
358.0,127.4034,4.7016,1.81514,0.0,-0.0,170.5981,1.8165,stand_6,206.7322,0.0,-0.0,0.0,-0.0,Sidewalk
358.5,127.4034,4.7016,1.85005,0.0,0.06981,170.5981,1.8165,stand_6,206.7406,0.0,0.06981,0.0,0.06981,Sidewalk
359.0,127.4034,4.7016,1.85005,0.0,-0.0,170.5981,1.8165,stand_6,206.7322,0.0,-0.0,0.0,-0.0,Sidewalk
359.5,127.4034,4.7016,1.88496,0.0,0.06981,170.5981,1.8165,stand_6,206.7406,0.0,0.06981,0.0,0.06981,Sidewalk
360.0,127.4034,4.7016,1.88496,0.0,-0.0,170.5981,1.8165,stand_6,206.7322,0.0,-0.0,0.0,-0.0,Sidewalk
360.5,127.4034,4.7016,1.91986,0.0,0.06981,170.5981,1.8165,stand_6,206.7406,0.0,0.06981,0.0,0.06981,Sidewalk
361.0,127.4034,4.7016,1.91986,0.0,-0.0,170.5981,1.8165,stand_6,206.7322,0.0,-0.0,0.0,-0.0,Sidewalk
361.5,127.4034,4.7016,1.95477,0.0,0.06981,170.5981,1.8165,stand_6,206.7406,0.0,0.06981,0.0,0.06981,Sidewalk
362.0,127.4034,4.7016,1.95477,0.0,-0.0,170.5981,1.8165,stand_6,206.7322,0.0,-0.0,0.0,-0.0,Sidewalk
362.5,127.4034,4.7016,1.98968,0.0,0.06981,170.5981,1.8165,stand_6,206.7406,0.0,0.06981,0.0,0.06981,Sidewalk
363.0,127.4034,4.7016,1.98968,0.0,-0.0,170.5981,1.8165,stand_6,206.7322,0.0,-0.0,0.0,-0.0,Sidewalk
363.5,127.4034,4.7016,2.02458,0.0,0.06981,170.5981,1.8165,stand_6,206.7406,0.0,0.06981,0.0,0.06981,Sidewalk
364.0,127.4034,4.7016,2.02458,0.0,-0.0,170.5981,1.8165,stand_6,206.7322,0.0,-0.0,0.0,-0.0,Sidewalk
364.5,127.4034,4.7016,2.05949,0.0,0.06981,170.5981,1.8165,stand_6,206.7406,0.0,0.06981,0.0,0.06981,Sidewalk
365.0,127.4034,4.7016,2.05949,0.0,-0.0,170.5981,1.8165,stand_6,206.7322,0.0,-0.0,0.0,-0.0,Sidewalk
365.5,127.4034,4.7016,2.0944,0.0,0.06981,170.5981,1.8165,stand_6,206.7406,0.0,0.06981,0.0,0.06981,Sidewalk
366.0,127.4034,4.7016,2.0944,0.0,-0.0,170.5981,1.8165,stand_6,206.7322,0.0,-0.0,0.0,-0.0,Sidewalk
366.5,127.4034,4.7016,2.1293,0.0,0.06981,170.5981,1.8165,stand_6,206.7406,0.0,0.06981,0.0,0.06981,Sidewalk
367.0,127.4034,4.7016,2.1293,0.0,-0.0,170.5981,1.8165,stand_6,206.7322,0.0,-0.0,0.0,-0.0,Sidewalk
367.5,127.4034,4.7016,2.16421,0.0,0.06981,170.5981,1.8165,stand_6,206.7406,0.0,0.06981,0.0,0.06981,Sidewalk
368.0,127.4034,4.7016,2.16421,0.0,-0.0,170.5981,1.8165,stand_6,206.7322,0.0,-0.0,0.0,-0.0,Sidewalk
368.5,127.4034,4.7016,2.19911,0.0,0.06981,170.5981,1.8165,stand_6,206.7406,0.0,0.06981,0.0,0.06981,Sidewalk
369.0,127.4034,4.7016,2.19911,0.0,-0.0,170.5981,1.8165,stand_6,206.7322,0.0,-0.0,0.0,-0.0,Sidewalk
369.5,127.4034,4.7016,2.23402,0.0,0.06981,170.5981,1.8165,stand_6,206.7406,0.0,0.06981,0.0,0.06981,Sidewalk
370.0,127.4034,4.7016,2.23402,0.0,-0.0,170.5981,1.8165,stand_6,206.7322,0.0,-0.0,0.0,-0.0,Sidewalk
370.5,127.4034,4.7016,2.26893,0.0,0.06981,170.5981,1.8165,stand_6,206.7406,0.0,0.06981,0.0,0.06981,Sidewalk
371.0,127.4034,4.7016,2.26893,0.0,-0.0,170.5981,1.8165,stand_6,206.7322,0.0,-0.0,0.0,-0.0,Sidewalk
371.5,127.4034,4.7016,2.30383,0.0,0.06981,170.5981,1.8165,stand_6,206.7406,0.0,0.06981,0.0,0.06981,Sidewalk
372.0,127.4034,4.7016,2.30383,0.0,-0.0,170.5981,1.8165,stand_6,206.7322,0.0,-0.0,0.0,-0.0,Sidewalk
372.5,127.4034,4.7016,2.33874,0.0,0.06981,170.5981,1.8165,stand_6,206.7406,0.0,0.06981,0.0,0.06981,Sidewalk
373.0,127.4034,4.7016,2.33874,0.0,-0.0,170.5981,1.8165,stand_6,206.7322,0.0,-0.0,0.0,-0.0,Sidewalk
373.5,127.4034,4.7016,2.37365,0.0,0.06981,170.5981,1.8165,stand_6,206.7406,0.0,0.06981,0.0,0.06981,Sidewalk
374.0,127.4034,4.7016,2.37365,0.0,-0.0,170.5981,1.8165,stand_6,206.7322,0.0,-0.0,0.0,-0.0,Sidewalk
374.5,127.4034,4.7016,2.40855,0.0,0.06981,170.5981,1.8165,stand_6,206.7406,0.0,0.06981,0.0,0.06981,Sidewalk
375.0,127.4034,4.7016,2.40855,0.0,-0.0,170.5981,1.8165,stand_6,206.7322,0.0,-0.0,0.0,-0.0,Sidewalk
375.5,127.4034,4.7016,2.44346,0.0,0.06981,170.5981,1.8165,stand_6,206.7406,0.0,0.06981,0.0,0.06981,Sidewalk
376.0,127.4034,4.7016,2.44346,0.0,-0.0,170.5981,1.8165,stand_6,206.7322,0.0,-0.0,0.0,-0.0,Sidewalk
376.5,127.4034,4.7016,2.47837,0.0,0.06981,170.5981,1.8165,stand_6,206.7406,0.0,0.06981,0.0,0.06981,Sidewalk
377.0,127.4034,4.7016,2.47837,0.0,-0.0,170.5981,1.8165,stand_6,206.7323,0.0,-0.0,0.0,-0.0,Sidewalk
377.5,127.4034,4.7016,2.51327,0.0,0.06981,170.5981,1.8165,stand_6,206.7406,0.0,0.06981,0.0,0.06981,Sidewalk
378.0,127.4034,4.7016,2.51327,0.0,-0.0,170.5981,1.8165,stand_6,206.7323,0.0,-0.0,0.0,-0.0,Sidewalk
378.5,127.4034,4.7016,2.54818,0.0,0.06981,170.5981,1.8165,stand_6,206.7406,0.0,0.06981,0.0,0.06981,Sidewalk
379.0,127.4034,4.7016,2.54818,0.0,-0.0,170.5981,1.8165,stand_6,206.7323,0.0,-0.0,0.0,-0.0,Sidewalk
379.5,127.4034,4.7016,2.58309,0.0,0.06981,170.5981,1.8165,stand_6,206.7406,0.0,0.06981,0.0,0.06981,Sidewalk
380.0,127.4034,4.7016,2.58309,0.0,-0.0,170.5981,1.8165,stand_6,206.7323,0.0,-0.0,0.0,-0.0,Sidewalk
380.5,127.4034,4.7016,2.61799,0.0,0.06981,170.5981,1.8165,stand_6,206.7406,0.0,0.06981,0.0,0.06981,Sidewalk
381.0,127.4034,4.7016,2.61799,0.0,-0.0,170.5981,1.8165,stand_6,206.7323,0.0,-0.0,0.0,-0.0,Sidewalk
381.5,127.4034,4.7016,2.6529,0.0,0.06981,170.5981,1.8165,stand_6,206.7406,0.0,0.06981,0.0,0.06981,Sidewalk
382.0,127.4034,4.7016,2.6529,0.0,-0.0,170.5981,1.8165,stand_6,206.7323,0.0,-0.0,0.0,-0.0,Sidewalk
382.5,127.4034,4.7016,2.68781,0.0,0.06981,170.5981,1.8165,stand_6,206.7406,0.0,0.06981,0.0,0.06981,Sidewalk
383.0,127.4034,4.7016,2.68781,0.0,-0.0,170.5981,1.8165,stand_6,206.7323,0.0,-0.0,0.0,-0.0,Sidewalk
383.5,127.4034,4.7016,2.72271,0.0,0.06981,170.5981,1.8165,stand_6,206.7407,0.0,0.06981,0.0,0.06981,Sidewalk
384.0,127.4034,4.7016,2.72271,0.0,-0.0,170.5981,1.8165,stand_6,206.7323,0.0,-0.0,0.0,-0.0,Sidewalk
384.5,127.4034,4.7016,2.75762,0.0,0.06981,170.5981,1.8165,stand_6,206.7407,0.0,0.06981,0.0,0.06981,Sidewalk
385.0,127.4034,4.7016,2.75762,0.0,-0.0,170.5981,1.8165,stand_6,206.7323,0.0,-0.0,0.0,-0.0,Sidewalk
385.5,127.4034,4.7016,2.79253,0.0,0.06981,170.5981,1.8164,stand_6,206.7407,0.0,0.06981,0.0,0.06981,Sidewalk
386.0,127.4034,4.7016,2.79253,0.0,-0.0,170.5981,1.8164,stand_6,206.7323,0.0,-0.0,0.0,-0.0,Sidewalk
386.5,127.4034,4.7016,2.82743,0.0,0.06981,170.5981,1.8164,stand_6,206.7407,0.0,0.06981,0.0,0.06981,Sidewalk
387.0,127.4034,4.7016,2.82743,0.0,-0.0,170.5981,1.8164,stand_6,206.7323,0.0,-0.0,0.0,-0.0,Sidewalk
387.5,127.4034,4.7016,2.86234,0.0,0.06981,170.5981,1.8164,stand_6,206.7407,0.0,0.06981,0.0,0.06981,Sidewalk
388.0,127.4034,4.7016,2.86234,0.0,-0.0,170.5981,1.8164,stand_6,206.7323,0.0,-0.0,0.0,-0.0,Sidewalk
388.5,127.4034,4.7016,2.89725,0.0,0.06981,170.5981,1.8164,stand_6,206.7407,0.0,0.06981,0.0,0.06981,Sidewalk
389.0,127.4034,4.7016,2.89725,0.0,-0.0,170.5981,1.8164,stand_6,206.7323,0.0,-0.0,0.0,-0.0,Sidewalk
389.5,127.4034,4.7016,2.93215,0.0,0.06981,170.5981,1.8164,stand_6,206.7407,0.0,0.06981,0.0,0.06981,Sidewalk
390.0,127.4034,4.7016,2.93215,0.0,-0.0,170.5981,1.8164,stand_6,206.7323,0.0,-0.0,0.0,-0.0,Sidewalk
390.5,127.4034,4.7016,2.96706,0.0,0.06981,170.5981,1.8164,stand_6,206.7407,0.0,0.06981,0.0,0.06981,Sidewalk
391.0,127.4034,4.7016,2.96706,0.0,-0.0,170.5981,1.8164,stand_6,206.7323,0.0,-0.0,0.0,-0.0,Sidewalk
391.5,127.4034,4.7016,3.00197,0.0,0.06981,170.5981,1.8164,stand_6,206.7407,0.0,0.06981,0.0,0.06981,Sidewalk
392.0,127.4034,4.7016,3.00197,0.0,-0.0,170.5981,1.8164,stand_6,206.7323,0.0,-0.0,0.0,-0.0,Sidewalk
392.5,127.4034,4.7016,3.03687,0.0,0.06981,170.5981,1.8164,stand_6,206.7407,0.0,0.06981,0.0,0.06981,Sidewalk
393.0,127.4034,4.7016,3.03687,0.0,-0.0,170.5981,1.8164,stand_6,206.7323,0.0,-0.0,0.0,-0.0,Sidewalk
393.5,127.4034,4.7016,3.07178,0.0,0.06981,170.5981,1.8164,stand_6,206.7407,0.0,0.06981,0.0,0.06981,Sidewalk
394.0,127.4034,4.7016,3.07178,0.0,-0.0,170.5981,1.8164,stand_6,206.7323,0.0,-0.0,0.0,-0.0,Sidewalk
394.5,127.4034,4.7016,3.10669,0.0,0.06981,170.5981,1.8164,stand_6,206.7407,0.0,0.06981,0.0,0.06981,Sidewalk
395.0,127.4034,4.7016,3.10669,0.0,-0.0,170.5981,1.8164,stand_6,206.7323,0.0,-0.0,0.0,-0.0,Sidewalk
395.5,127.4034,4.7016,3.14159,0.0,0.06981,170.5981,1.8164,stand_6,206.7407,0.0,0.06981,0.0,0.06981,Sidewalk
396.0,127.4034,4.7016,3.14159,0.0,-0.0,170.5981,1.8164,stand_6,206.7323,0.0,-0.0,0.0,-0.0,Sidewalk
396.5,127.4034,4.7016,-3.10669,0.0,0.06981,170.5981,1.8164,stand_6,206.7407,0.0,0.06981,0.0,0.06981,Sidewalk
397.0,127.4034,4.7016,-3.10669,0.0,-0.0,170.5981,1.8164,stand_6,206.7323,0.0,-0.0,0.0,-0.0,Sidewalk
397.5,127.4034,4.7016,-3.07178,0.0,0.06981,170.5981,1.8164,stand_6,206.7407,0.0,0.06981,0.0,0.06981,Sidewalk
398.0,127.4034,4.7016,-3.07178,0.0,-0.0,170.5981,1.8164,stand_6,206.7323,0.0,-0.0,0.0,-0.0,Sidewalk
398.5,127.4034,4.7016,-3.03687,0.0,0.06981,170.5981,1.8164,stand_6,206.7407,0.0,0.06981,0.0,0.06981,Sidewalk
399.0,127.4034,4.7016,-3.03687,0.0,-0.0,170.5981,1.8164,stand_6,206.7323,0.0,-0.0,0.0,-0.0,Sidewalk
399.5,127.4034,4.7016,-3.00197,0.0,0.06981,170.5981,1.8164,stand_6,206.7407,0.0,0.06981,0.0,0.06981,Sidewalk
400.0,127.4034,4.7016,-3.00197,0.0,-0.0,170.5981,1.8164,stand_6,206.7323,0.0,-0.0,0.0,-0.0,Sidewalk
400.5,127.4034,4.7016,-2.96706,0.0,0.06981,170.5981,1.8164,stand_6,206.7407,0.0,0.06981,0.0,0.06981,Sidewalk
401.0,127.4034,4.7016,-2.96706,0.0,-0.0,170.5981,1.8164,stand_6,206.7323,0.0,-0.0,0.0,-0.0,Sidewalk
401.5,127.4034,4.7016,-2.93215,0.0,0.06981,170.5981,1.8164,stand_6,206.7407,0.0,0.06981,0.0,0.06981,Sidewalk
402.0,127.4034,4.7016,-2.93215,0.0,-0.0,170.5981,1.8164,stand_6,206.7323,0.0,-0.0,0.0,-0.0,Sidewalk
402.5,127.4034,4.7016,-2.89725,0.0,0.06981,170.5981,1.8164,stand_6,206.7407,0.0,0.06981,0.0,0.06981,Sidewalk
403.0,127.4034,4.7016,-2.89725,0.0,-0.0,170.5981,1.8164,stand_6,206.7323,0.0,-0.0,0.0,-0.0,Sidewalk
403.5,127.4034,4.7016,-2.86234,0.0,0.06981,170.5981,1.8164,stand_6,206.7407,0.0,0.06981,0.0,0.06981,Sidewalk
404.0,127.4034,4.7016,-2.86234,0.0,-0.0,170.5981,1.8164,stand_6,206.7323,0.0,-0.0,0.0,-0.0,Sidewalk
404.5,127.4034,4.7016,-2.82743,0.0,0.06981,170.5981,1.8164,stand_6,206.7407,0.0,0.06981,0.0,0.06981,Sidewalk
405.0,127.4034,4.7016,-2.82743,0.0,-0.0,170.5981,1.8164,stand_6,206.7324,0.0,-0.0,0.0,-0.0,Sidewalk
405.5,127.4034,4.7016,-2.79253,0.0,0.06981,170.5981,1.8164,stand_6,206.7407,0.0,0.06981,0.0,0.06981,Sidewalk
406.0,127.4034,4.7016,-2.79253,0.0,-0.0,170.5981,1.8164,stand_6,206.7324,0.0,-0.0,0.0,-0.0,Sidewalk
406.5,127.4034,4.7016,-2.75762,0.0,0.06981,170.5981,1.8164,stand_6,206.7407,0.0,0.06981,0.0,0.06981,Sidewalk
407.0,127.4034,4.7016,-2.75762,0.0,-0.0,170.5981,1.8164,stand_6,206.7324,0.0,-0.0,0.0,-0.0,Sidewalk
407.5,127.4034,4.7016,-2.72271,0.0,0.06981,170.5981,1.8164,stand_6,206.7407,0.0,0.06981,0.0,0.06981,Sidewalk
408.0,127.4034,4.7016,-2.72271,0.0,-0.0,170.5981,1.8164,stand_6,206.7324,0.0,-0.0,0.0,-0.0,Sidewalk
408.5,127.4034,4.7016,-2.68781,0.0,0.06981,170.5981,1.8164,stand_6,206.7407,0.0,0.06981,0.0,0.06981,Sidewalk
409.0,127.4034,4.7016,-2.68781,0.0,-0.0,170.5981,1.8164,stand_6,206.7324,0.0,-0.0,0.0,-0.0,Sidewalk
409.5,127.4034,4.7016,-2.6529,0.0,0.06981,170.5981,1.8164,stand_6,206.7408,0.0,0.06981,0.0,0.06981,Sidewalk
410.0,127.4034,4.7016,-2.6529,0.0,-0.0,170.5981,1.8164,stand_6,206.7324,0.0,-0.0,0.0,-0.0,Sidewalk
410.5,127.4034,4.7016,-2.61799,0.0,0.06981,170.5981,1.8164,stand_6,206.7408,0.0,0.06981,0.0,0.06981,Sidewalk
411.0,127.4034,4.7016,-2.61799,0.0,-0.0,170.5981,1.8164,stand_6,206.7324,0.0,-0.0,0.0,-0.0,Sidewalk
411.5,127.4034,4.7016,-2.58309,0.0,0.06981,170.5981,1.8164,stand_6,206.7408,0.0,0.06981,0.0,0.06981,Sidewalk
412.0,127.4034,4.7016,-2.58309,0.0,-0.0,170.5981,1.8164,stand_6,206.7324,0.0,-0.0,0.0,-0.0,Sidewalk
412.5,127.4034,4.7016,-2.54818,0.0,0.06981,170.5981,1.8164,stand_6,206.7408,0.0,0.06981,0.0,0.06981,Sidewalk
413.0,127.4034,4.7016,-2.54818,0.0,-0.0,170.5981,1.8164,stand_6,206.7324,0.0,-0.0,0.0,-0.0,Sidewalk
413.5,127.4034,4.7016,-2.51327,0.0,0.06981,170.5981,1.8164,stand_6,206.7408,0.0,0.06981,0.0,0.06981,Sidewalk
414.0,127.4034,4.7016,-2.51327,0.0,-0.0,170.5981,1.8164,stand_6,206.7324,0.0,-0.0,0.0,-0.0,Sidewalk
414.5,127.4034,4.7016,-2.47837,0.0,0.06981,170.5981,1.8164,stand_6,206.7408,0.0,0.06981,0.0,0.06981,Sidewalk
415.0,127.4034,4.7016,-2.47837,0.0,-0.0,170.5981,1.8164,stand_6,206.7324,0.0,-0.0,0.0,-0.0,Sidewalk
415.5,127.4034,4.7016,-2.44346,0.0,0.06981,170.5981,1.8164,stand_6,206.7408,0.0,0.06981,0.0,0.06981,Sidewalk
416.0,127.4034,4.7016,-2.44346,0.0,-0.0,170.5981,1.8164,stand_6,206.7324,0.0,-0.0,0.0,-0.0,Sidewalk
416.5,127.4034,4.7016,-2.40855,0.0,0.06981,170.5981,1.8164,stand_6,206.7408,0.0,0.06981,0.0,0.06981,Sidewalk
417.0,127.4034,4.7016,-2.40855,0.0,-0.0,170.5981,1.8164,stand_6,206.7324,0.0,-0.0,0.0,-0.0,Sidewalk
417.5,127.4034,4.7016,-2.37365,0.0,0.06981,170.5981,1.8164,stand_6,206.7408,0.0,0.06981,0.0,0.06981,Sidewalk
418.0,127.4034,4.7016,-2.37365,0.0,-0.0,170.5981,1.8164,stand_6,206.7324,0.0,-0.0,0.0,-0.0,Sidewalk
418.5,127.4034,4.7016,-2.33874,0.0,0.06981,170.5981,1.8164,stand_6,206.7408,0.0,0.06981,0.0,0.06981,Sidewalk
419.0,127.4034,4.7016,-2.33874,0.0,-0.0,170.5981,1.8164,stand_6,206.7324,0.0,-0.0,0.0,-0.0,Sidewalk
419.5,127.4034,4.7016,-2.30383,0.0,0.06981,170.5981,1.8164,stand_6,206.7408,0.0,0.06981,0.0,0.06981,Sidewalk
420.0,127.4034,4.7016,-2.30383,0.0,-0.0,170.5981,1.8164,stand_6,206.7324,0.0,-0.0,0.0,-0.0,Sidewalk
420.5,127.4034,4.7016,-2.26893,0.0,0.06981,170.5981,1.8163,stand_6,206.7408,0.0,0.06981,0.0,0.06981,Sidewalk
421.0,127.4034,4.7016,-2.26893,0.0,-0.0,170.5981,1.8163,stand_6,206.7324,0.0,-0.0,0.0,-0.0,Sidewalk
421.5,127.4034,4.7016,-2.23402,0.0,0.06981,170.5981,1.8163,stand_6,206.7408,0.0,0.06981,0.0,0.06981,Sidewalk
422.0,127.4034,4.7016,-2.23402,0.0,-0.0,170.5981,1.8163,stand_6,206.7324,0.0,-0.0,0.0,-0.0,Sidewalk
422.5,127.4034,4.7016,-2.19911,0.0,0.06981,170.5981,1.8163,stand_6,206.7408,0.0,0.06981,0.0,0.06981,Sidewalk
423.0,127.4034,4.7016,-2.19911,0.0,-0.0,170.5981,1.8163,stand_6,206.7324,0.0,-0.0,0.0,-0.0,Sidewalk
423.5,127.4034,4.7016,-2.16421,0.0,0.06981,170.5981,1.8163,stand_6,206.7408,0.0,0.06981,0.0,0.06981,Sidewalk
424.0,127.4034,4.7016,-2.16421,0.0,-0.0,170.5981,1.8163,stand_6,206.7324,0.0,-0.0,0.0,-0.0,Sidewalk
424.5,127.4034,4.7016,-2.1293,0.0,0.06981,170.5981,1.8163,stand_6,206.7408,0.0,0.06981,0.0,0.06981,Sidewalk
425.0,127.4034,4.7016,-2.1293,0.0,-0.0,170.5981,1.8163,stand_6,206.7324,0.0,-0.0,0.0,-0.0,Sidewalk
425.5,127.4034,4.7016,-2.0944,0.0,0.06981,170.5981,1.8163,stand_6,206.7408,0.0,0.06981,0.0,0.06981,Sidewalk
426.0,127.4034,4.7016,-2.0944,0.0,-0.0,170.5981,1.8163,stand_6,206.7324,0.0,-0.0,0.0,-0.0,Sidewalk
426.5,127.4034,4.7016,-2.05949,0.0,0.06981,170.5981,1.8163,stand_6,206.7408,0.0,0.06981,0.0,0.06981,Sidewalk
427.0,127.4034,4.7016,-2.05949,0.0,-0.0,170.5981,1.8163,stand_6,206.7324,0.0,-0.0,0.0,-0.0,Sidewalk
427.5,127.4034,4.7016,-2.02458,0.0,0.06981,170.5981,1.8163,stand_6,206.7408,0.0,0.06981,0.0,0.06981,Sidewalk
428.0,127.4034,4.7016,-2.02458,0.0,-0.0,170.5981,1.8163,stand_6,206.7324,0.0,-0.0,0.0,-0.0,Sidewalk
428.5,127.4034,4.7016,-1.98968,0.0,0.06981,170.5981,1.8163,stand_6,206.7408,0.0,0.06981,0.0,0.06981,Sidewalk
429.0,127.4034,4.7016,-1.98968,0.0,-0.0,170.5981,1.8163,stand_6,206.7324,0.0,-0.0,0.0,-0.0,Sidewalk
429.5,127.4034,4.7016,-1.95477,0.0,0.06981,170.5981,1.8163,stand_6,206.7408,0.0,0.06981,0.0,0.06981,Sidewalk
430.0,127.4034,4.7016,-1.95477,0.0,-0.0,170.5981,1.8163,stand_6,206.7324,0.0,-0.0,0.0,-0.0,Sidewalk
430.5,127.4034,4.7016,-1.91986,0.0,0.06981,170.5981,1.8163,stand_6,206.7408,0.0,0.06981,0.0,0.06981,Sidewalk
431.0,127.4034,4.7016,-1.91986,0.0,-0.0,170.5981,1.8163,stand_6,206.7324,0.0,-0.0,0.0,-0.0,Sidewalk
431.5,127.4034,4.7016,-1.88496,0.0,0.06981,170.5981,1.8163,stand_6,206.7408,0.0,0.06981,0.0,0.06981,Sidewalk
432.0,127.4034,4.7016,-1.88496,0.0,-0.0,170.5981,1.8163,stand_6,206.7325,0.0,-0.0,0.0,-0.0,Sidewalk
432.5,127.4034,4.7016,-1.85005,0.0,0.06981,170.5981,1.8163,stand_6,206.7408,0.0,0.06981,0.0,0.06981,Sidewalk
433.0,127.4034,4.7016,-1.85005,0.0,-0.0,170.5981,1.8163,stand_6,206.7325,0.0,-0.0,0.0,-0.0,Sidewalk
433.5,127.4034,4.7016,-1.81514,0.0,0.06981,170.5981,1.8163,stand_6,206.7408,0.0,0.06981,0.0,0.06981,Sidewalk
434.0,127.4034,4.7016,-1.81514,0.0,-0.0,170.5981,1.8163,stand_6,206.7325,0.0,-0.0,0.0,-0.0,Sidewalk
434.5,127.4034,4.7016,-1.78024,0.0,0.06981,170.5981,1.8163,stand_6,206.7408,0.0,0.06981,0.0,0.06981,Sidewalk
435.0,127.4034,4.7016,-1.78024,0.0,-0.0,170.5981,1.8163,stand_6,206.7325,0.0,-0.0,0.0,-0.0,Sidewalk
435.5,127.4034,4.7016,-1.74533,0.0,0.06981,170.5981,1.8163,stand_6,206.7408,0.0,0.06981,0.0,0.06981,Sidewalk
436.0,127.4034,4.7016,-1.74533,0.0,-0.0,170.5981,1.8163,stand_6,206.7325,0.0,-0.0,0.0,-0.0,Sidewalk
436.5,127.4034,4.7016,-1.71042,0.0,0.06981,170.5981,1.8163,stand_6,206.7408,0.0,0.06981,0.0,0.06981,Sidewalk
437.0,127.4034,4.7016,-1.71042,0.0,-0.0,170.5981,1.8163,stand_6,206.7325,0.0,-0.0,0.0,-0.0,Sidewalk
437.5,127.4034,4.7016,-1.67552,0.0,0.06981,170.5981,1.8163,stand_6,206.7408,0.0,0.06981,0.0,0.06981,Sidewalk
438.0,127.4034,4.7016,-1.67552,0.0,-0.0,170.5981,1.8163,stand_6,206.7325,0.0,-0.0,0.0,-0.0,Sidewalk
438.5,127.4034,4.7016,-1.64061,0.0,0.06981,170.5981,1.8163,stand_6,206.7409,0.0,0.06981,0.0,0.06981,Sidewalk
439.0,127.4034,4.7016,-1.64061,0.0,-0.0,170.5981,1.8163,stand_6,206.7325,0.0,-0.0,0.0,-0.0,Sidewalk
439.5,127.4034,4.7016,-1.6057,0.0,0.06981,170.5981,1.8163,stand_6,206.7409,0.0,0.06981,0.0,0.06981,Sidewalk
440.0,127.4034,4.7016,-1.6057,0.0,-0.0,170.5981,1.8163,stand_6,206.7325,0.0,-0.0,0.0,-0.0,Sidewalk
440.5,127.4034,4.7016,-1.5708,0.0,0.06981,170.5981,1.8163,stand_6,206.7409,0.0,0.06981,0.0,0.06981,Sidewalk
441.0,127.4034,4.7016,-1.5708,0.0,-0.0,170.5981,1.8163,stand_6,206.7325,0.0,-0.0,0.0,-0.0,Sidewalk
441.5,127.4034,4.7016,-1.53589,0.0,0.06981,170.5981,1.8163,stand_6,206.7409,0.0,0.06981,0.0,0.06981,Sidewalk
442.0,127.4034,4.7016,-1.53589,0.0,-0.0,170.5981,1.8163,stand_6,206.7325,0.0,-0.0,0.0,-0.0,Sidewalk
442.5,127.4034,4.7016,-1.50098,0.0,0.06981,170.5981,1.8163,stand_6,206.7409,0.0,0.06981,0.0,0.06981,Sidewalk
443.0,127.4034,4.7016,-1.50098,0.0,-0.0,170.5981,1.8163,stand_6,206.7325,0.0,-0.0,0.0,-0.0,Sidewalk
443.5,127.4034,4.7016,-1.46608,0.0,0.06981,170.5981,1.8163,stand_6,206.7409,0.0,0.06981,0.0,0.06981,Sidewalk
444.0,127.4034,4.7016,-1.46608,0.0,-0.0,170.5981,1.8163,stand_6,206.7325,0.0,-0.0,0.0,-0.0,Sidewalk
444.5,127.4034,4.7016,-1.43117,0.0,0.06981,170.5981,1.8163,stand_6,206.7409,0.0,0.06981,0.0,0.06981,Sidewalk
445.0,127.4034,4.7016,-1.43117,0.0,-0.0,170.5981,1.8163,stand_6,206.7325,0.0,-0.0,0.0,-0.0,Sidewalk
445.5,127.4034,4.7016,-1.39626,0.0,0.06981,170.5981,1.8163,stand_6,206.7409,0.0,0.06981,0.0,0.06981,Sidewalk
446.0,127.4034,4.7016,-1.39626,0.0,-0.0,170.5981,1.8163,stand_6,206.7325,0.0,-0.0,0.0,-0.0,Sidewalk
446.5,127.4034,4.7016,-1.36136,0.0,0.06981,170.5981,1.8163,stand_6,206.7409,0.0,0.06981,0.0,0.06981,Sidewalk
447.0,127.4034,4.7016,-1.36136,0.0,-0.0,170.5981,1.8163,stand_6,206.7325,0.0,-0.0,0.0,-0.0,Sidewalk
447.5,127.4034,4.7016,-1.32645,0.0,0.06981,170.5981,1.8163,stand_6,206.7409,0.0,0.06981,0.0,0.06981,Sidewalk
448.0,127.4034,4.7016,-1.32645,0.0,-0.0,170.5981,1.8163,stand_6,206.7325,0.0,-0.0,0.0,-0.0,Sidewalk
448.5,127.4034,4.7016,-1.29154,0.0,0.06981,170.5981,1.8163,stand_6,206.7409,0.0,0.06981,0.0,0.06981,Sidewalk
449.0,127.4034,4.7016,-1.29154,0.0,-0.0,170.5981,1.8163,stand_6,206.7325,0.0,-0.0,0.0,-0.0,Sidewalk
449.5,127.4034,4.7016,-1.25664,0.0,0.06981,170.5981,1.8163,stand_6,206.7409,0.0,0.06981,0.0,0.06981,Sidewalk
450.0,127.4034,4.7016,-1.25664,0.0,-0.0,170.5981,1.8163,stand_6,206.7325,0.0,-0.0,0.0,-0.0,Sidewalk
450.5,127.4034,4.7016,-1.22173,0.0,0.06981,170.5981,1.8163,stand_6,206.7409,0.0,0.06981,0.0,0.06981,Sidewalk
451.0,127.4034,4.7016,-1.22173,0.0,-0.0,170.5981,1.8163,stand_6,206.7325,0.0,-0.0,0.0,-0.0,Sidewalk
451.5,127.4034,4.7016,-1.18682,0.0,0.06981,170.5981,1.8163,stand_6,206.7409,0.0,0.06981,0.0,0.06981,Sidewalk
452.0,127.4034,4.7016,-1.18682,0.0,-0.0,170.5981,1.8163,stand_6,206.7325,0.0,-0.0,0.0,-0.0,Sidewalk
452.5,127.4034,4.7016,-1.15192,0.0,0.06981,170.5981,1.8163,stand_6,206.7409,0.0,0.06981,0.0,0.06981,Sidewalk
453.0,127.4034,4.7016,-1.15192,0.0,-0.0,170.5981,1.8163,stand_6,206.7325,0.0,-0.0,0.0,-0.0,Sidewalk
453.5,127.4034,4.7016,-1.11701,0.0,0.06981,170.5981,1.8163,stand_6,206.7409,0.0,0.06981,0.0,0.06981,Sidewalk
454.0,127.4034,4.7016,-1.11701,0.0,-0.0,170.5981,1.8163,stand_6,206.7325,0.0,-0.0,0.0,-0.0,Sidewalk
454.5,127.4034,4.7016,-1.0821,0.0,0.06981,170.5981,1.8163,stand_6,206.7409,0.0,0.06981,0.0,0.06981,Sidewalk
455.0,127.4034,4.7016,-1.0821,0.0,-0.0,170.5981,1.8162,stand_6,206.7325,0.0,-0.0,0.0,-0.0,Sidewalk
455.5,127.4034,4.7016,-1.0472,0.0,0.06981,170.5981,1.8162,stand_6,206.7409,0.0,0.06981,0.0,0.06981,Sidewalk
456.0,127.4034,4.7016,-1.0472,0.0,-0.0,170.5981,1.8162,stand_6,206.7325,0.0,-0.0,0.0,-0.0,Sidewalk
456.5,127.4034,4.7016,-1.01229,0.0,0.06981,170.5981,1.8162,stand_6,206.7409,0.0,0.06981,0.0,0.06981,Sidewalk
457.0,127.4034,4.7016,-1.01229,0.0,-0.0,170.5981,1.8162,stand_6,206.7325,0.0,-0.0,0.0,-0.0,Sidewalk
457.5,127.4034,4.7016,-0.97738,0.0,0.06981,170.5981,1.8162,stand_6,206.7409,0.0,0.06981,0.0,0.06981,Sidewalk
458.0,127.4034,4.7016,-0.97738,0.0,-0.0,170.5981,1.8162,stand_6,206.7325,0.0,-0.0,0.0,-0.0,Sidewalk
458.5,127.4034,4.7016,-0.94248,0.0,0.06981,170.5981,1.8162,stand_6,206.7409,0.0,0.06981,0.0,0.06981,Sidewalk
459.0,127.4034,4.7016,-0.94248,0.0,-0.0,170.5981,1.8162,stand_6,206.7325,0.0,-0.0,0.0,-0.0,Sidewalk
459.5,127.4034,4.7016,-0.90757,0.0,0.06981,170.5981,1.8162,stand_6,206.7409,0.0,0.06981,0.0,0.06981,Sidewalk
460.0,127.4034,4.7016,-0.90757,0.0,-0.0,170.5981,1.8162,stand_6,206.7326,0.0,-0.0,0.0,-0.0,Sidewalk
460.5,127.4034,4.7016,-0.87266,0.0,0.06981,170.5981,1.8162,stand_6,206.7409,0.0,0.06981,0.0,0.06981,Sidewalk
461.0,127.4034,4.7016,-0.87266,0.0,-0.0,170.5981,1.8162,stand_6,206.7326,0.0,-0.0,0.0,-0.0,Sidewalk
461.5,127.4034,4.7016,-0.83776,0.0,0.06981,170.5981,1.8162,stand_6,206.7409,0.0,0.06981,0.0,0.06981,Sidewalk
462.0,127.4034,4.7016,-0.83776,0.0,-0.0,170.5981,1.8162,stand_6,206.7326,0.0,-0.0,0.0,-0.0,Sidewalk
462.5,127.4034,4.7016,-0.80285,0.0,0.06981,170.5981,1.8162,stand_6,206.7409,0.0,0.06981,0.0,0.06981,Sidewalk
463.0,127.4034,4.7016,-0.80285,0.0,-0.0,170.5981,1.8162,stand_6,206.7326,0.0,-0.0,0.0,-0.0,Sidewalk
463.5,127.4034,4.7016,-0.76794,0.0,0.06981,170.5981,1.8162,stand_6,206.7409,0.0,0.06981,0.0,0.06981,Sidewalk
464.0,127.4034,4.7016,-0.76794,0.0,-0.0,170.5981,1.8162,stand_6,206.7326,0.0,-0.0,0.0,-0.0,Sidewalk
464.5,127.4034,4.7016,-0.73304,0.0,0.06981,170.5981,1.8162,stand_6,206.7409,0.0,0.06981,0.0,0.06981,Sidewalk
465.0,127.4034,4.7016,-0.73304,0.0,-0.0,170.5981,1.8162,stand_6,206.7326,0.0,-0.0,0.0,-0.0,Sidewalk
465.5,127.4034,4.7016,-0.69813,0.0,0.06981,170.5981,1.8162,stand_6,206.7409,0.0,0.06981,0.0,0.06981,Sidewalk
466.0,127.4034,4.7016,-0.69813,0.0,-0.0,170.5981,1.8162,stand_6,206.7326,0.0,-0.0,0.0,-0.0,Sidewalk
466.5,127.4034,4.7016,-0.66323,0.0,0.06981,170.5981,1.8162,stand_6,206.741,0.0,0.06981,0.0,0.06981,Sidewalk
467.0,127.4034,4.7016,-0.66323,0.0,-0.0,170.5981,1.8162,stand_6,206.7326,0.0,-0.0,0.0,-0.0,Sidewalk
467.5,127.4034,4.7016,-0.62832,0.0,0.06981,170.5981,1.8162,stand_6,206.741,0.0,0.06981,0.0,0.06981,Sidewalk
468.0,127.4034,4.7016,-0.62832,0.0,-0.0,170.5981,1.8162,stand_6,206.7326,0.0,-0.0,0.0,-0.0,Sidewalk
468.5,127.4034,4.7016,-0.59341,0.0,0.06981,170.5981,1.8162,stand_6,206.741,0.0,0.06981,0.0,0.06981,Sidewalk
469.0,127.4034,4.7016,-0.59341,0.0,-0.0,170.5981,1.8162,stand_6,206.7326,0.0,-0.0,0.0,-0.0,Sidewalk
469.5,127.4034,4.7016,-0.55851,0.0,0.06981,170.5981,1.8162,stand_6,206.741,0.0,0.06981,0.0,0.06981,Sidewalk
470.0,127.4034,4.7016,-0.55851,0.0,-0.0,170.5981,1.8162,stand_6,206.7326,0.0,-0.0,0.0,-0.0,Sidewalk
470.5,127.4034,4.7016,-0.5236,0.0,0.06981,170.5981,1.8162,stand_6,206.741,0.0,0.06981,0.0,0.06981,Sidewalk
471.0,127.4034,4.7016,-0.5236,0.0,-0.0,170.5981,1.8162,stand_6,206.7326,0.0,-0.0,0.0,-0.0,Sidewalk
471.5,127.4034,4.7016,-0.48869,0.0,0.06981,170.5981,1.8162,stand_6,206.741,0.0,0.06981,0.0,0.06981,Sidewalk
472.0,127.4034,4.7016,-0.48869,0.0,-0.0,170.5981,1.8162,stand_6,206.7326,0.0,-0.0,0.0,-0.0,Sidewalk
472.5,127.4034,4.7016,-0.45379,0.0,0.06981,170.5981,1.8162,stand_6,206.741,0.0,0.06981,0.0,0.06981,Sidewalk
473.0,127.4034,4.7016,-0.45379,0.0,-0.0,170.5981,1.8162,stand_6,206.7326,0.0,-0.0,0.0,-0.0,Sidewalk
473.5,127.4034,4.7016,-0.41888,0.0,0.06981,170.5981,1.8162,stand_6,206.741,0.0,0.06981,0.0,0.06981,Sidewalk
474.0,127.4034,4.7016,-0.41888,0.0,-0.0,170.5981,1.8162,stand_6,206.7326,0.0,-0.0,0.0,-0.0,Sidewalk
474.5,127.4034,4.7016,-0.38397,0.0,0.06981,170.5981,1.8162,stand_6,206.741,0.0,0.06981,0.0,0.06981,Sidewalk
475.0,127.4034,4.7016,-0.38397,0.0,-0.0,170.5981,1.8162,stand_6,206.7326,0.0,-0.0,0.0,-0.0,Sidewalk
475.5,127.4034,4.7016,-0.34907,0.0,0.06981,170.5981,1.8162,stand_6,206.741,0.0,0.06981,0.0,0.06981,Sidewalk
476.0,127.4034,4.7016,-0.34907,0.0,-0.0,170.5981,1.8162,stand_6,206.7326,0.0,-0.0,0.0,-0.0,Sidewalk
476.5,127.4034,4.7016,-0.31416,0.0,0.06981,170.5981,1.8162,stand_6,206.741,0.0,0.06981,0.0,0.06981,Sidewalk
477.0,127.4034,4.7016,-0.31416,0.0,-0.0,170.5981,1.8162,stand_6,206.7326,0.0,-0.0,0.0,-0.0,Sidewalk
477.5,127.4034,4.7016,-0.27925,0.0,0.06981,170.5981,1.8162,stand_6,206.741,0.0,0.06981,0.0,0.06981,Sidewalk
478.0,127.4034,4.7016,-0.27925,0.0,-0.0,170.5981,1.8162,stand_6,206.7326,0.0,-0.0,0.0,-0.0,Sidewalk
478.5,127.4034,4.7016,-0.24435,0.0,0.06981,170.5981,1.8162,stand_6,206.741,0.0,0.06981,0.0,0.06981,Sidewalk
479.0,127.4034,4.7016,-0.24435,0.0,-0.0,170.5981,1.8162,stand_6,206.7326,0.0,-0.0,0.0,-0.0,Sidewalk
479.5,127.4034,4.7016,-0.20944,0.0,0.06981,170.5981,1.8162,stand_6,206.741,0.0,0.06981,0.0,0.06981,Sidewalk
480.0,127.4034,4.7016,-0.20944,0.0,-0.0,170.5981,1.8162,stand_6,206.7326,0.0,-0.0,0.0,-0.0,Sidewalk
480.5,127.4034,4.7016,-0.17453,0.0,0.06981,170.5981,1.8162,stand_6,206.741,0.0,0.06981,0.0,0.06981,Sidewalk
481.0,127.4034,4.7016,-0.17453,0.0,-0.0,170.5981,1.8162,stand_6,206.7326,0.0,-0.0,0.0,-0.0,Sidewalk
481.5,127.4034,4.7016,-0.13963,0.0,0.06981,170.5981,1.8162,stand_6,206.741,0.0,0.06981,0.0,0.06981,Sidewalk
482.0,127.4034,4.7016,-0.13963,0.0,-0.0,170.5981,1.8162,stand_6,206.7326,0.0,-0.0,0.0,-0.0,Sidewalk
482.5,127.4034,4.7016,-0.10472,0.0,0.06981,170.5981,1.8162,stand_6,206.741,0.0,0.06981,0.0,0.06981,Sidewalk
483.0,127.4034,4.7016,-0.10472,0.0,-0.0,170.5981,1.8162,stand_6,206.7326,0.0,-0.0,0.0,-0.0,Sidewalk
483.5,127.4034,4.7016,-0.06981,0.0,0.06981,170.5981,1.8162,stand_6,206.741,0.0,0.06981,0.0,0.06981,Sidewalk
484.0,127.4034,4.7016,-0.06981,0.0,-0.0,170.5981,1.8162,stand_6,206.7326,0.0,-0.0,0.0,-0.0,Sidewalk
484.5,127.4034,4.7016,-0.03491,0.0,0.06981,170.5981,1.8162,stand_6,206.741,0.0,0.06981,0.0,0.06981,Sidewalk
485.0,127.4034,4.7016,-0.03491,0.0,-0.0,170.5981,1.8162,stand_6,206.7326,0.0,-0.0,0.0,-0.0,Sidewalk
485.5,127.4034,4.7016,-0.0,0.0,0.06981,170.5981,1.8162,stand_6,206.741,0.0,0.06981,0.0,0.06981,Sidewalk
486.0,127.4034,4.7016,-0.0,0.0,-0.0,170.5981,1.8162,stand_6,206.7326,0.0,-0.0,0.0,-0.0,Sidewalk
486.5,127.4034,4.7016,0.03491,0.0,0.06981,170.5981,1.8162,stand_6,206.741,0.0,0.06981,0.0,0.06981,Sidewalk
487.0,127.4034,4.7016,0.03491,0.0,-0.0,170.5981,1.8162,stand_6,206.7326,0.0,-0.0,0.0,-0.0,Sidewalk
487.5,127.4034,4.7016,0.06981,0.0,0.06981,170.5981,1.8162,stand_6,206.741,0.0,0.06981,0.0,0.06981,Sidewalk
488.0,127.4034,4.7016,0.06981,0.0,-0.0,170.5981,1.8162,stand_6,206.7327,0.0,-0.0,0.0,-0.0,Sidewalk
488.5,127.4034,4.7016,0.10472,0.0,0.06981,170.5981,1.8162,stand_6,206.741,0.0,0.06981,0.0,0.06981,Sidewalk
489.0,127.4034,4.7016,0.10472,0.0,-0.0,170.5981,1.8162,stand_6,206.7327,0.0,-0.0,0.0,-0.0,Sidewalk
489.5,127.4034,4.7016,0.13963,0.0,0.06981,170.5981,1.8161,stand_6,206.741,0.0,0.06981,0.0,0.06981,Sidewalk
490.0,127.4034,4.7016,0.13963,0.0,-0.0,170.5981,1.8161,stand_6,206.7327,0.0,-0.0,0.0,-0.0,Sidewalk
490.5,127.4034,4.7016,0.17453,0.0,0.06981,170.5981,1.8161,stand_6,206.741,0.0,0.06981,0.0,0.06981,Sidewalk
491.0,127.4034,4.7016,0.17453,0.0,-0.0,170.5981,1.8161,stand_6,206.7327,0.0,-0.0,0.0,-0.0,Sidewalk
491.5,127.4034,4.7016,0.20944,0.0,0.06981,170.5981,1.8161,stand_6,206.741,0.0,0.06981,0.0,0.06981,Sidewalk
492.0,127.4034,4.7016,0.20944,0.0,-0.0,170.5981,1.8161,stand_6,206.7327,0.0,-0.0,0.0,-0.0,Sidewalk
492.5,127.4034,4.7016,0.24435,0.0,0.06981,170.5981,1.8161,stand_6,206.741,0.0,0.06981,0.0,0.06981,Sidewalk
493.0,127.4034,4.7016,0.24435,0.0,-0.0,170.5981,1.8161,stand_6,206.7327,0.0,-0.0,0.0,-0.0,Sidewalk
493.5,127.4034,4.7016,0.27925,0.0,0.06981,170.5981,1.8161,stand_6,206.741,0.0,0.06981,0.0,0.06981,Sidewalk
494.0,127.4034,4.7016,0.27925,0.0,-0.0,170.5981,1.8161,stand_6,206.7327,0.0,-0.0,0.0,-0.0,Sidewalk
494.5,127.4034,4.7016,0.31416,0.0,0.06981,170.5981,1.8161,stand_6,206.7411,0.0,0.06981,0.0,0.06981,Sidewalk
495.0,127.4034,4.7016,0.31416,0.0,-0.0,170.5981,1.8161,stand_6,206.7327,0.0,-0.0,0.0,-0.0,Sidewalk
495.5,127.4034,4.7016,0.34907,0.0,0.06981,170.5981,1.8161,stand_6,206.7411,0.0,0.06981,0.0,0.06981,Sidewalk
496.0,127.4034,4.7016,0.34907,0.0,-0.0,170.5981,1.8161,stand_6,206.7327,0.0,-0.0,0.0,-0.0,Sidewalk
496.5,127.4034,4.7016,0.38397,0.0,0.06981,170.5981,1.8161,stand_6,206.7411,0.0,0.06981,0.0,0.06981,Sidewalk
497.0,127.4034,4.7016,0.38397,0.0,-0.0,170.5981,1.8161,stand_6,206.7327,0.0,-0.0,0.0,-0.0,Sidewalk
497.5,127.4034,4.7016,0.41888,0.0,0.06981,170.5981,1.8161,stand_6,206.7411,0.0,0.06981,0.0,0.06981,Sidewalk
498.0,127.4034,4.7016,0.41888,0.0,-0.0,170.5981,1.8161,stand_6,206.7327,0.0,-0.0,0.0,-0.0,Sidewalk
498.5,127.4034,4.7016,0.45379,0.0,0.06981,170.5981,1.8161,stand_6,206.7411,0.0,0.06981,0.0,0.06981,Sidewalk
499.0,127.4034,4.7016,0.45379,0.0,-0.0,170.5981,1.8161,stand_6,206.7327,0.0,-0.0,0.0,-0.0,Sidewalk
499.5,127.4034,4.7016,0.48869,0.0,0.06981,170.5981,1.8161,stand_6,206.7411,0.0,0.06981,0.0,0.06981,Sidewalk
500.0,127.4034,4.7016,0.48869,0.0,-0.0,170.5981,1.8161,stand_6,206.7327,0.0,-0.0,0.0,-0.0,Sidewalk
500.5,127.4034,4.7016,0.5236,0.0,0.06981,170.5981,1.8161,stand_6,206.7411,0.0,0.06981,0.0,0.06981,Sidewalk
501.0,127.4034,4.7016,0.5236,0.0,-0.0,170.5981,1.8161,stand_6,206.7327,0.0,-0.0,0.0,-0.0,Sidewalk
501.5,127.4034,4.7016,0.55851,0.0,0.06981,170.5981,1.8161,stand_6,206.7411,0.0,0.06981,0.0,0.06981,Sidewalk
502.0,127.4034,4.7016,0.55851,0.0,-0.0,170.5981,1.8161,stand_6,206.7327,0.0,-0.0,0.0,-0.0,Sidewalk
502.5,127.4034,4.7016,0.59341,0.0,0.06981,170.5981,1.8161,stand_6,206.7411,0.0,0.06981,0.0,0.06981,Sidewalk
503.0,127.4034,4.7016,0.59341,0.0,-0.0,170.5981,1.8161,stand_6,206.7327,0.0,-0.0,0.0,-0.0,Sidewalk
503.5,127.4034,4.7016,0.62832,0.0,0.06981,170.5981,1.8161,stand_6,206.7411,0.0,0.06981,0.0,0.06981,Sidewalk
504.0,127.4034,4.7016,0.62832,0.0,-0.0,170.5981,1.8161,stand_6,206.7327,0.0,-0.0,0.0,-0.0,Sidewalk
504.5,127.4034,4.7016,0.66323,0.0,0.06981,170.5981,1.8161,stand_6,206.7411,0.0,0.06981,0.0,0.06981,Sidewalk
505.0,127.4034,4.7016,0.66323,0.0,-0.0,170.5981,1.8161,stand_6,206.7327,0.0,-0.0,0.0,-0.0,Sidewalk
505.5,127.4034,4.7016,0.69813,0.0,0.06981,170.5981,1.8161,stand_6,206.7411,0.0,0.06981,0.0,0.06981,Sidewalk
506.0,127.4034,4.7016,0.69813,0.0,-0.0,170.5981,1.8161,stand_6,206.7327,0.0,-0.0,0.0,-0.0,Sidewalk
506.5,127.4034,4.7016,0.73304,0.0,0.06981,170.5981,1.8161,stand_6,206.7411,0.0,0.06981,0.0,0.06981,Sidewalk
507.0,127.4034,4.7016,0.73304,0.0,-0.0,170.5981,1.8161,stand_6,206.7327,0.0,-0.0,0.0,-0.0,Sidewalk
507.5,127.4034,4.7016,0.76794,0.0,0.06981,170.5981,1.8161,stand_6,206.7411,0.0,0.06981,0.0,0.06981,Sidewalk
508.0,127.4034,4.7016,0.76794,0.0,-0.0,170.5981,1.8161,stand_6,206.7327,0.0,-0.0,0.0,-0.0,Sidewalk
508.5,127.4034,4.7016,0.80285,0.0,0.06981,170.5981,1.8161,stand_6,206.7411,0.0,0.06981,0.0,0.06981,Sidewalk
509.0,127.4034,4.7016,0.80285,0.0,-0.0,170.5981,1.8161,stand_6,206.7327,0.0,-0.0,0.0,-0.0,Sidewalk
509.5,127.4034,4.7016,0.83776,0.0,0.06981,170.5981,1.8161,stand_6,206.7411,0.0,0.06981,0.0,0.06981,Sidewalk
510.0,127.4034,4.7016,0.83776,0.0,-0.0,170.5981,1.8161,stand_6,206.7327,0.0,-0.0,0.0,-0.0,Sidewalk
510.5,127.4034,4.7016,0.87266,0.0,0.06981,170.5981,1.8161,stand_6,206.7411,0.0,0.06981,0.0,0.06981,Sidewalk
511.0,127.4034,4.7016,0.87266,0.0,-0.0,170.5981,1.8161,stand_6,206.7327,0.0,-0.0,0.0,-0.0,Sidewalk
511.5,127.4034,4.7016,0.90757,0.0,0.06981,170.5981,1.8161,stand_6,206.7411,0.0,0.06981,0.0,0.06981,Sidewalk
512.0,127.4034,4.7016,0.90757,0.0,-0.0,170.5981,1.8161,stand_6,206.7327,0.0,-0.0,0.0,-0.0,Sidewalk
512.5,127.4034,4.7016,0.94248,0.0,0.06981,170.5981,1.8161,stand_6,206.7411,0.0,0.06981,0.0,0.06981,Sidewalk
513.0,127.4034,4.7016,0.94248,0.0,-0.0,170.5981,1.8161,stand_6,206.7328,0.0,-0.0,0.0,-0.0,Sidewalk
513.5,127.4034,4.7016,0.97738,0.0,0.06981,170.5981,1.8161,stand_6,206.7411,0.0,0.06981,0.0,0.06981,Sidewalk
514.0,127.4034,4.7016,0.97738,0.0,-0.0,170.5981,1.8161,stand_6,206.7328,0.0,-0.0,0.0,-0.0,Sidewalk
514.5,127.4034,4.7016,1.01229,0.0,0.06981,170.5981,1.8161,stand_6,206.7411,0.0,0.06981,0.0,0.06981,Sidewalk
515.0,127.4034,4.7016,1.01229,0.0,-0.0,170.5981,1.8161,stand_6,206.7328,0.0,-0.0,0.0,-0.0,Sidewalk
515.5,127.4034,4.7016,1.0472,0.0,0.06981,170.5981,1.8161,stand_6,206.7411,0.0,0.06981,0.0,0.06981,Sidewalk
516.0,127.4034,4.7016,1.0472,0.0,-0.0,170.5981,1.8161,stand_6,206.7328,0.0,-0.0,0.0,-0.0,Sidewalk
516.5,127.4034,4.7016,1.0821,0.0,0.06981,170.5981,1.8161,stand_6,206.7411,0.0,0.06981,0.0,0.06981,Sidewalk
517.0,127.4034,4.7016,1.0821,0.0,-0.0,170.5981,1.8161,stand_6,206.7328,0.0,-0.0,0.0,-0.0,Sidewalk
517.5,127.4034,4.7016,1.11701,0.0,0.06981,170.5981,1.8161,stand_6,206.7411,0.0,0.06981,0.0,0.06981,Sidewalk
518.0,127.4034,4.7016,1.11701,0.0,-0.0,170.5981,1.8161,stand_6,206.7328,0.0,-0.0,0.0,-0.0,Sidewalk
518.5,127.4034,4.7016,1.15192,0.0,0.06981,170.5981,1.8161,stand_6,206.7411,0.0,0.06981,0.0,0.06981,Sidewalk
519.0,127.4034,4.7016,1.15192,0.0,-0.0,170.5981,1.8161,stand_6,206.7328,0.0,-0.0,0.0,-0.0,Sidewalk
519.5,127.4034,4.7016,1.18682,0.0,0.06981,170.5981,1.8161,stand_6,206.7412,0.0,0.06981,0.0,0.06981,Sidewalk
520.0,127.4034,4.7016,1.18682,0.0,-0.0,170.5981,1.8161,stand_6,206.7328,0.0,-0.0,0.0,-0.0,Sidewalk
520.5,127.4034,4.7016,1.22173,0.0,0.06981,170.5981,1.8161,stand_6,206.7412,0.0,0.06981,0.0,0.06981,Sidewalk
521.0,127.4034,4.7016,1.22173,0.0,-0.0,170.5981,1.8161,stand_6,206.7328,0.0,-0.0,0.0,-0.0,Sidewalk
521.5,127.4034,4.7016,1.25664,0.0,0.06981,170.5981,1.8161,stand_6,206.7412,0.0,0.06981,0.0,0.06981,Sidewalk
522.0,127.4034,4.7016,1.25664,0.0,-0.0,170.5981,1.816,stand_6,206.7328,0.0,-0.0,0.0,-0.0,Sidewalk
522.5,127.4034,4.7016,1.29154,0.0,0.06981,170.5981,1.816,stand_6,206.7412,0.0,0.06981,0.0,0.06981,Sidewalk
523.0,127.4034,4.7016,1.29154,0.0,-0.0,170.5981,1.816,stand_6,206.7328,0.0,-0.0,0.0,-0.0,Sidewalk
523.5,127.4034,4.7016,1.32645,0.0,0.06981,170.5981,1.816,stand_6,206.7412,0.0,0.06981,0.0,0.06981,Sidewalk
524.0,127.4034,4.7016,1.32645,0.0,-0.0,170.5981,1.816,stand_6,206.7328,0.0,-0.0,0.0,-0.0,Sidewalk
524.5,127.4034,4.7016,1.36136,0.0,0.06981,170.5981,1.816,stand_6,206.7412,0.0,0.06981,0.0,0.06981,Sidewalk
525.0,127.4034,4.7016,1.36136,0.0,-0.0,170.5981,1.816,stand_6,206.7328,0.0,-0.0,0.0,-0.0,Sidewalk
525.5,127.4034,4.7016,1.39626,0.0,0.06981,170.5981,1.816,stand_6,206.7412,0.0,0.06981,0.0,0.06981,Sidewalk
526.0,127.4034,4.7016,1.39626,0.0,-0.0,170.5981,1.816,stand_6,206.7328,0.0,-0.0,0.0,-0.0,Sidewalk
526.5,127.4034,4.7016,1.43117,0.0,0.06981,170.5981,1.816,stand_6,206.7412,0.0,0.06981,0.0,0.06981,Sidewalk
527.0,127.4034,4.7016,1.43117,0.0,-0.0,170.5981,1.816,stand_6,206.7328,0.0,-0.0,0.0,-0.0,Sidewalk
527.5,127.4034,4.7016,1.46608,0.0,0.06981,170.5981,1.816,stand_6,206.7412,0.0,0.06981,0.0,0.06981,Sidewalk
528.0,127.4034,4.7016,1.46608,0.0,-0.0,170.5981,1.816,stand_6,206.7328,0.0,-0.0,0.0,-0.0,Sidewalk
528.5,127.4034,4.7016,1.50098,0.0,0.06981,170.5981,1.816,stand_6,206.7412,0.0,0.06981,0.0,0.06981,Sidewalk
529.0,127.4034,4.7016,1.50098,0.0,-0.0,170.5981,1.816,stand_6,206.7328,0.0,-0.0,0.0,-0.0,Sidewalk
529.5,127.4034,4.7016,1.53589,0.0,0.06981,170.5981,1.816,stand_6,206.7412,0.0,0.06981,0.0,0.06981,Sidewalk
530.0,127.4034,4.7016,1.53589,0.0,-0.0,170.5981,1.816,stand_6,206.7328,0.0,-0.0,0.0,-0.0,Sidewalk
530.5,127.4034,4.7016,1.5708,0.0,0.06981,170.5981,1.816,stand_6,206.7412,0.0,0.06981,0.0,0.06981,Sidewalk
531.0,127.4034,4.7016,1.5708,0.0,-0.0,170.5981,1.816,stand_6,206.7328,0.0,-0.0,0.0,-0.0,Sidewalk
531.5,127.4034,4.7016,1.6057,0.0,0.06981,170.5981,1.816,stand_6,206.7412,0.0,0.06981,0.0,0.06981,Sidewalk
532.0,127.4034,4.7016,1.6057,0.0,-0.0,170.5981,1.816,stand_6,206.7328,0.0,-0.0,0.0,-0.0,Sidewalk
532.5,127.4034,4.7016,1.64061,0.0,0.06981,170.5981,1.816,stand_6,206.7412,0.0,0.06981,0.0,0.06981,Sidewalk
533.0,127.4034,4.7016,1.64061,0.0,-0.0,170.5981,1.816,stand_6,206.7328,0.0,-0.0,0.0,-0.0,Sidewalk
533.5,127.4034,4.7016,1.67552,0.0,0.06981,170.5981,1.816,stand_6,206.7412,0.0,0.06981,0.0,0.06981,Sidewalk
534.0,127.4034,4.7016,1.67552,0.0,-0.0,170.5981,1.816,stand_6,206.7328,0.0,-0.0,0.0,-0.0,Sidewalk
534.5,127.4034,4.7016,1.71042,0.0,0.06981,170.5981,1.816,stand_6,206.7412,0.0,0.06981,0.0,0.06981,Sidewalk
535.0,127.4034,4.7016,1.71042,0.0,-0.0,170.5981,1.816,stand_6,206.7328,0.0,-0.0,0.0,-0.0,Sidewalk
535.5,127.4034,4.7016,1.74533,0.0,0.06981,170.5981,1.816,stand_6,206.7412,0.0,0.06981,0.0,0.06981,Sidewalk
536.0,127.4034,4.7016,1.74533,0.0,-0.0,170.5981,1.816,stand_6,206.7328,0.0,-0.0,0.0,-0.0,Sidewalk
536.5,127.4034,4.7016,1.78024,0.0,0.06981,170.5981,1.816,stand_6,206.7412,0.0,0.06981,0.0,0.06981,Sidewalk
537.0,127.4034,4.7016,1.78024,0.0,-0.0,170.5981,1.816,stand_6,206.7328,0.0,-0.0,0.0,-0.0,Sidewalk
537.5,127.4034,4.7016,1.81514,0.0,0.06981,170.5981,1.816,stand_6,206.7412,0.0,0.06981,0.0,0.06981,Sidewalk
538.0,127.4034,4.7016,1.81514,0.0,-0.0,170.5981,1.816,stand_6,206.7328,0.0,-0.0,0.0,-0.0,Sidewalk
538.5,127.4034,4.7016,1.85005,0.0,0.06981,170.5981,1.816,stand_6,206.7412,0.0,0.06981,0.0,0.06981,Sidewalk
539.0,127.4034,4.7016,1.85005,0.0,-0.0,170.5981,1.816,stand_6,206.7328,0.0,-0.0,0.0,-0.0,Sidewalk
539.5,127.4034,4.7016,1.88496,0.0,0.06981,170.5981,1.816,stand_6,206.7412,0.0,0.06981,0.0,0.06981,Sidewalk
540.0,127.4034,4.7016,1.88496,0.0,-0.0,170.5981,1.816,stand_6,206.7328,0.0,-0.0,0.0,-0.0,Sidewalk
540.5,127.4034,4.7016,1.91986,0.0,0.06981,170.5981,1.816,stand_6,206.7412,0.0,0.06981,0.0,0.06981,Sidewalk
541.0,127.4034,4.7016,1.91986,0.0,-0.0,170.5981,1.816,stand_6,206.7329,0.0,-0.0,0.0,-0.0,Sidewalk
541.5,127.4034,4.7016,1.95477,0.0,0.06981,170.5981,1.816,stand_6,206.7412,0.0,0.06981,0.0,0.06981,Sidewalk
542.0,127.4034,4.7016,1.95477,0.0,-0.0,170.5981,1.816,stand_6,206.7329,0.0,-0.0,0.0,-0.0,Sidewalk
542.5,127.4034,4.7016,1.98968,0.0,0.06981,170.5981,1.816,stand_6,206.7412,0.0,0.06981,0.0,0.06981,Sidewalk
543.0,127.4034,4.7016,1.98968,0.0,-0.0,170.5981,1.816,stand_6,206.7329,0.0,-0.0,0.0,-0.0,Sidewalk
543.5,127.4034,4.7016,2.02458,0.0,0.06981,170.5981,1.816,stand_6,206.7412,0.0,0.06981,0.0,0.06981,Sidewalk
544.0,127.4034,4.7016,2.02458,0.0,-0.0,170.5981,1.816,stand_6,206.7329,0.0,-0.0,0.0,-0.0,Sidewalk
544.5,127.4034,4.7016,2.05949,0.0,0.06981,170.5981,1.816,stand_6,206.7412,0.0,0.06981,0.0,0.06981,Sidewalk
545.0,127.4034,4.7016,2.05949,0.0,-0.0,170.5981,1.816,stand_6,206.7329,0.0,-0.0,0.0,-0.0,Sidewalk
545.5,127.4034,4.7016,2.0944,0.0,0.06981,170.5981,1.816,stand_6,206.7412,0.0,0.06981,0.0,0.06981,Sidewalk
546.0,127.4034,4.7016,2.0944,0.0,-0.0,170.5981,1.816,stand_6,206.7329,0.0,-0.0,0.0,-0.0,Sidewalk
546.5,127.4034,4.7016,2.1293,0.0,0.06981,170.5981,1.816,stand_6,206.7413,0.0,0.06981,0.0,0.06981,Sidewalk
547.0,127.4034,4.7016,2.1293,0.0,-0.0,170.5981,1.816,stand_6,206.7329,0.0,-0.0,0.0,-0.0,Sidewalk
547.5,127.4034,4.7016,2.16421,0.0,0.06981,170.5981,1.816,stand_6,206.7413,0.0,0.06981,0.0,0.06981,Sidewalk
548.0,127.4034,4.7016,2.16421,0.0,-0.0,170.5981,1.816,stand_6,206.7329,0.0,-0.0,0.0,-0.0,Sidewalk
548.5,127.4034,4.7016,2.19911,0.0,0.06981,170.5981,1.816,stand_6,206.7413,0.0,0.06981,0.0,0.06981,Sidewalk
549.0,127.4034,4.7016,2.19911,0.0,-0.0,170.5981,1.816,stand_6,206.7329,0.0,-0.0,0.0,-0.0,Sidewalk
549.5,127.4034,4.7016,2.23402,0.0,0.06981,170.5981,1.816,stand_6,206.7413,0.0,0.06981,0.0,0.06981,Sidewalk
550.0,127.4034,4.7016,2.23402,0.0,-0.0,170.5981,1.816,stand_6,206.7329,0.0,-0.0,0.0,-0.0,Sidewalk
550.5,127.4034,4.7016,2.26893,0.0,0.06981,170.5981,1.816,stand_6,206.7413,0.0,0.06981,0.0,0.06981,Sidewalk
551.0,127.4034,4.7016,2.26893,0.0,-0.0,170.5981,1.816,stand_6,206.7329,0.0,-0.0,0.0,-0.0,Sidewalk
551.5,127.4034,4.7016,2.30383,0.0,0.06981,170.5981,1.816,stand_6,206.7413,0.0,0.06981,0.0,0.06981,Sidewalk
552.0,127.4034,4.7016,2.30383,0.0,-0.0,170.5981,1.816,stand_6,206.7329,0.0,-0.0,0.0,-0.0,Sidewalk
552.5,127.4034,4.7016,2.33874,0.0,0.06981,170.5981,1.816,stand_6,206.7413,0.0,0.06981,0.0,0.06981,Sidewalk
553.0,127.4034,4.7016,2.33874,0.0,-0.0,170.5981,1.816,stand_6,206.7329,0.0,-0.0,0.0,-0.0,Sidewalk
553.5,127.4034,4.7016,2.37365,0.0,0.06981,170.5981,1.816,stand_6,206.7413,0.0,0.06981,0.0,0.06981,Sidewalk
554.0,127.4034,4.7016,2.37365,0.0,-0.0,170.5981,1.816,stand_6,206.7329,0.0,-0.0,0.0,-0.0,Sidewalk
554.5,127.4034,4.7016,2.40855,0.0,0.06981,170.5981,1.816,stand_6,206.7413,0.0,0.06981,0.0,0.06981,Sidewalk
555.0,127.4034,4.7016,2.40855,0.0,-0.0,170.5981,1.816,stand_6,206.7329,0.0,-0.0,0.0,-0.0,Sidewalk
555.5,127.4034,4.7016,2.44346,0.0,0.06981,170.5981,1.8159,stand_6,206.7413,0.0,0.06981,0.0,0.06981,Sidewalk
556.0,127.4034,4.7016,2.44346,0.0,-0.0,170.5981,1.8159,stand_6,206.7329,0.0,-0.0,0.0,-0.0,Sidewalk
556.5,127.4034,4.7016,2.47837,0.0,0.06981,170.5981,1.8159,stand_6,206.7413,0.0,0.06981,0.0,0.06981,Sidewalk
557.0,127.4034,4.7016,2.47837,0.0,-0.0,170.5981,1.8159,stand_6,206.7329,0.0,-0.0,0.0,-0.0,Sidewalk
557.5,127.4034,4.7016,2.51327,0.0,0.06981,170.5981,1.8159,stand_6,206.7413,0.0,0.06981,0.0,0.06981,Sidewalk
558.0,127.4034,4.7016,2.51327,0.0,-0.0,170.5981,1.8159,stand_6,206.7329,0.0,-0.0,0.0,-0.0,Sidewalk
558.5,127.4034,4.7016,2.54818,0.0,0.06981,170.5981,1.8159,stand_6,206.7413,0.0,0.06981,0.0,0.06981,Sidewalk
559.0,127.4034,4.7016,2.54818,0.0,-0.0,170.5981,1.8159,stand_6,206.7329,0.0,-0.0,0.0,-0.0,Sidewalk
559.5,127.4034,4.7016,2.58309,0.0,0.06981,170.5981,1.8159,stand_6,206.7413,0.0,0.06981,0.0,0.06981,Sidewalk
560.0,127.4034,4.7016,2.58309,0.0,-0.0,170.5981,1.8159,stand_6,206.7329,0.0,-0.0,0.0,-0.0,Sidewalk
560.5,127.4034,4.7016,2.61799,0.0,0.06981,170.5981,1.8159,stand_6,206.7413,0.0,0.06981,0.0,0.06981,Sidewalk
561.0,127.4034,4.7016,2.61799,0.0,-0.0,170.5981,1.8159,stand_6,206.7329,0.0,-0.0,0.0,-0.0,Sidewalk
561.5,127.4034,4.7016,2.6529,0.0,0.06981,170.5981,1.8159,stand_6,206.7413,0.0,0.06981,0.0,0.06981,Sidewalk
562.0,127.4034,4.7016,2.6529,0.0,-0.0,170.5981,1.8159,stand_6,206.7329,0.0,-0.0,0.0,-0.0,Sidewalk
562.5,127.4034,4.7016,2.68781,0.0,0.06981,170.5981,1.8159,stand_6,206.7413,0.0,0.06981,0.0,0.06981,Sidewalk
563.0,127.4034,4.7016,2.68781,0.0,-0.0,170.5981,1.8159,stand_6,206.7329,0.0,-0.0,0.0,-0.0,Sidewalk
563.5,127.4034,4.7016,2.72271,0.0,0.06981,170.5981,1.8159,stand_6,206.7413,0.0,0.06981,0.0,0.06981,Sidewalk
564.0,127.4034,4.7016,2.72271,0.0,-0.0,170.5981,1.8159,stand_6,206.7329,0.0,-0.0,0.0,-0.0,Sidewalk
564.5,127.4034,4.7016,2.75762,0.0,0.06981,170.5981,1.8159,stand_6,206.7413,0.0,0.06981,0.0,0.06981,Sidewalk
565.0,127.4034,4.7016,2.75762,0.0,-0.0,170.5981,1.8159,stand_6,206.7329,0.0,-0.0,0.0,-0.0,Sidewalk
565.5,127.4034,4.7016,2.79253,0.0,0.06981,170.5981,1.8159,stand_6,206.7413,0.0,0.06981,0.0,0.06981,Sidewalk
566.0,127.4034,4.7016,2.79253,0.0,-0.0,170.5981,1.8159,stand_6,206.733,0.0,-0.0,0.0,-0.0,Sidewalk
566.5,127.4034,4.7016,2.82743,0.0,0.06981,170.5981,1.8159,stand_6,206.7413,0.0,0.06981,0.0,0.06981,Sidewalk
567.0,127.4034,4.7016,2.82743,0.0,-0.0,170.5981,1.8159,stand_6,206.733,0.0,-0.0,0.0,-0.0,Sidewalk
567.5,127.4034,4.7016,2.86234,0.0,0.06981,170.5981,1.8159,stand_6,206.7413,0.0,0.06981,0.0,0.06981,Sidewalk
568.0,127.4034,4.7016,2.86234,0.0,-0.0,170.5981,1.8159,stand_6,206.733,0.0,-0.0,0.0,-0.0,Sidewalk
568.5,127.4034,4.7016,2.89725,0.0,0.06981,170.5981,1.8159,stand_6,206.7413,0.0,0.06981,0.0,0.06981,Sidewalk
569.0,127.4034,4.7016,2.89725,0.0,-0.0,170.5981,1.8159,stand_6,206.733,0.0,-0.0,0.0,-0.0,Sidewalk
569.5,127.4034,4.7016,2.93215,0.0,0.06981,170.5981,1.8159,stand_6,206.7413,0.0,0.06981,0.0,0.06981,Sidewalk
570.0,127.4034,4.7016,2.93215,0.0,-0.0,170.5981,1.8159,stand_6,206.733,0.0,-0.0,0.0,-0.0,Sidewalk
570.5,127.4034,4.7016,2.96706,0.0,0.06981,170.5981,1.8159,stand_6,206.7413,0.0,0.06981,0.0,0.06981,Sidewalk
571.0,127.4034,4.7016,2.96706,0.0,-0.0,170.5981,1.8159,stand_6,206.733,0.0,-0.0,0.0,-0.0,Sidewalk
571.5,127.4034,4.7016,3.00197,0.0,0.06981,170.5981,1.8159,stand_6,206.7414,0.0,0.06981,0.0,0.06981,Sidewalk
572.0,127.4034,4.7016,3.00197,0.0,-0.0,170.5981,1.8159,stand_6,206.733,0.0,-0.0,0.0,-0.0,Sidewalk
572.5,127.4034,4.7016,3.03687,0.0,0.06981,170.5981,1.8159,stand_6,206.7414,0.0,0.06981,0.0,0.06981,Sidewalk
573.0,127.4034,4.7016,3.03687,0.0,-0.0,170.5981,1.8159,stand_6,206.733,0.0,-0.0,0.0,-0.0,Sidewalk
573.5,127.4034,4.7016,3.07178,0.0,0.06981,170.5981,1.8159,stand_6,206.7414,0.0,0.06981,0.0,0.06981,Sidewalk
574.0,127.4034,4.7016,3.07178,0.0,-0.0,170.5981,1.8159,stand_6,206.733,0.0,-0.0,0.0,-0.0,Sidewalk
574.5,127.4034,4.7016,3.10669,0.0,0.06981,170.5981,1.8159,stand_6,206.7414,0.0,0.06981,0.0,0.06981,Sidewalk
575.0,127.4034,4.7016,3.10669,0.0,-0.0,170.5981,1.8159,stand_6,206.733,0.0,-0.0,0.0,-0.0,Sidewalk
575.5,127.4034,4.7016,3.14159,0.0,0.06981,170.5981,1.8159,stand_6,206.7414,0.0,0.06981,0.0,0.06981,Sidewalk
576.0,127.4034,4.7016,3.14159,0.0,-0.0,170.5981,1.8159,stand_6,206.733,0.0,-0.0,0.0,-0.0,Sidewalk
576.5,127.4034,4.7016,-3.10669,0.0,0.06981,170.5981,1.8159,stand_6,206.7414,0.0,0.06981,0.0,0.06981,Sidewalk
577.0,127.4034,4.7016,-3.10669,0.0,-0.0,170.5981,1.8159,stand_6,206.733,0.0,-0.0,0.0,-0.0,Sidewalk
577.5,127.4034,4.7016,-3.07178,0.0,0.06981,170.5981,1.8159,stand_6,206.7414,0.0,0.06981,0.0,0.06981,Sidewalk
578.0,127.4034,4.7016,-3.07178,0.0,-0.0,170.5981,1.8159,stand_6,206.733,0.0,-0.0,0.0,-0.0,Sidewalk
578.5,127.4034,4.7016,-3.03687,0.0,0.06981,170.5981,1.8159,stand_6,206.7414,0.0,0.06981,0.0,0.06981,Sidewalk
579.0,127.4034,4.7016,-3.03687,0.0,-0.0,170.5981,1.8159,stand_6,206.733,0.0,-0.0,0.0,-0.0,Sidewalk
579.5,127.4034,4.7016,-3.00197,0.0,0.06981,170.5981,1.8159,stand_6,206.7414,0.0,0.06981,0.0,0.06981,Sidewalk
580.0,127.4034,4.7016,-3.00197,0.0,-0.0,170.5981,1.8159,stand_6,206.733,0.0,-0.0,0.0,-0.0,Sidewalk
580.5,127.4034,4.7016,-2.96706,0.0,0.06981,170.5981,1.8159,stand_6,206.7414,0.0,0.06981,0.0,0.06981,Sidewalk
581.0,127.4034,4.7016,-2.96706,0.0,-0.0,170.5981,1.8159,stand_6,206.733,0.0,-0.0,0.0,-0.0,Sidewalk
581.5,127.4034,4.7016,-2.93215,0.0,0.06981,170.5981,1.8159,stand_6,206.7414,0.0,0.06981,0.0,0.06981,Sidewalk
582.0,127.4034,4.7016,-2.93215,0.0,-0.0,170.5981,1.8159,stand_6,206.733,0.0,-0.0,0.0,-0.0,Sidewalk
582.5,127.4034,4.7016,-2.89725,0.0,0.06981,170.5981,1.8159,stand_6,206.7414,0.0,0.06981,0.0,0.06981,Sidewalk
583.0,127.4034,4.7016,-2.89725,0.0,-0.0,170.5981,1.8159,stand_6,206.733,0.0,-0.0,0.0,-0.0,Sidewalk
583.5,127.4034,4.7016,-2.86234,0.0,0.06981,170.5981,1.8159,stand_6,206.7414,0.0,0.06981,0.0,0.06981,Sidewalk
584.0,127.4034,4.7016,-2.86234,0.0,-0.0,170.5981,1.8159,stand_6,206.733,0.0,-0.0,0.0,-0.0,Sidewalk
584.5,127.4034,4.7016,-2.82743,0.0,0.06981,170.5981,1.8159,stand_6,206.7414,0.0,0.06981,0.0,0.06981,Sidewalk
585.0,127.4034,4.7016,-2.82743,0.0,-0.0,170.5981,1.8159,stand_6,206.733,0.0,-0.0,0.0,-0.0,Sidewalk
585.5,127.4034,4.7016,-2.79253,0.0,0.06981,170.5981,1.8159,stand_6,206.7414,0.0,0.06981,0.0,0.06981,Sidewalk
586.0,127.4034,4.7016,-2.79253,0.0,-0.0,170.5981,1.8159,stand_6,206.733,0.0,-0.0,0.0,-0.0,Sidewalk
586.5,127.4034,4.7016,-2.75762,0.0,0.06981,170.5981,1.8158,stand_6,206.7414,0.0,0.06981,0.0,0.06981,Sidewalk
587.0,127.4034,4.7016,-2.75762,0.0,-0.0,170.5981,1.8158,stand_6,206.733,0.0,-0.0,0.0,-0.0,Sidewalk
587.5,127.4034,4.7016,-2.72271,0.0,0.06981,170.5981,1.8158,stand_6,206.7414,0.0,0.06981,0.0,0.06981,Sidewalk
588.0,127.4034,4.7016,-2.72271,0.0,-0.0,170.5981,1.8158,stand_6,206.733,0.0,-0.0,0.0,-0.0,Sidewalk
588.5,127.4034,4.7016,-2.68781,0.0,0.06981,170.5981,1.8158,stand_6,206.7414,0.0,0.06981,0.0,0.06981,Sidewalk
589.0,127.4034,4.7016,-2.68781,0.0,-0.0,170.5981,1.8158,stand_6,206.733,0.0,-0.0,0.0,-0.0,Sidewalk
589.5,127.4034,4.7016,-2.6529,0.0,0.06981,170.5981,1.8158,stand_6,206.7414,0.0,0.06981,0.0,0.06981,Sidewalk
590.0,127.4034,4.7016,-2.6529,0.0,-0.0,170.5981,1.8158,stand_6,206.733,0.0,-0.0,0.0,-0.0,Sidewalk
590.5,127.4034,4.7016,-2.61799,0.0,0.06981,170.5981,1.8158,stand_6,206.7414,0.0,0.06981,0.0,0.06981,Sidewalk
591.0,127.4034,4.7016,-2.61799,0.0,-0.0,170.5981,1.8158,stand_6,206.733,0.0,-0.0,0.0,-0.0,Sidewalk
591.5,127.4034,4.7016,-2.58309,0.0,0.06981,170.5981,1.8158,stand_6,206.7414,0.0,0.06981,0.0,0.06981,Sidewalk
592.0,127.4034,4.7016,-2.58309,0.0,-0.0,170.5981,1.8158,stand_6,206.733,0.0,-0.0,0.0,-0.0,Sidewalk
592.5,127.4034,4.7016,-2.54818,0.0,0.06981,170.5981,1.8158,stand_6,206.7414,0.0,0.06981,0.0,0.06981,Sidewalk
593.0,127.4034,4.7016,-2.54818,0.0,-0.0,170.5981,1.8158,stand_6,206.7331,0.0,-0.0,0.0,-0.0,Sidewalk
593.5,127.4034,4.7016,-2.51327,0.0,0.06981,170.5981,1.8158,stand_6,206.7414,0.0,0.06981,0.0,0.06981,Sidewalk
594.0,127.4034,4.7016,-2.51327,0.0,-0.0,170.5981,1.8158,stand_6,206.7331,0.0,-0.0,0.0,-0.0,Sidewalk
594.5,127.4034,4.7016,-2.47837,0.0,0.06981,170.5981,1.8158,stand_6,206.7414,0.0,0.06981,0.0,0.06981,Sidewalk
595.0,127.4034,4.7016,-2.47837,0.0,-0.0,170.5981,1.8158,stand_6,206.7331,0.0,-0.0,0.0,-0.0,Sidewalk
595.5,127.4034,4.7016,-2.44346,0.0,0.06981,170.5981,1.8158,stand_6,206.7414,0.0,0.06981,0.0,0.06981,Sidewalk
596.0,127.4034,4.7016,-2.44346,0.0,-0.0,170.5981,1.8158,stand_6,206.7331,0.0,-0.0,0.0,-0.0,Sidewalk
596.5,127.4034,4.7016,-2.40855,0.0,0.06981,170.5981,1.8158,stand_6,206.7414,0.0,0.06981,0.0,0.06981,Sidewalk
597.0,127.4034,4.7016,-2.40855,0.0,-0.0,170.5981,1.8158,stand_6,206.7331,0.0,-0.0,0.0,-0.0,Sidewalk
597.5,127.4034,4.7016,-2.37365,0.0,0.06981,170.5981,1.8158,stand_6,206.7415,0.0,0.06981,0.0,0.06981,Sidewalk
598.0,127.4034,4.7016,-2.37365,0.0,-0.0,170.5981,1.8158,stand_6,206.7331,0.0,-0.0,0.0,-0.0,Sidewalk
598.5,127.4034,4.7016,-2.33874,0.0,0.06981,170.5981,1.8158,stand_6,206.7415,0.0,0.06981,0.0,0.06981,Sidewalk
599.0,127.4034,4.7016,-2.33874,0.0,-0.0,170.5981,1.8158,stand_6,206.7331,0.0,-0.0,0.0,-0.0,Sidewalk
599.5,127.4034,4.7016,-2.30383,0.0,0.06981,170.5981,1.8158,stand_6,206.7415,0.0,0.06981,0.0,0.06981,Sidewalk
600.0,127.4034,4.7016,-2.30383,0.0,-0.0,170.5981,1.8158,stand_6,206.7331,0.0,-0.0,0.0,-0.0,Sidewalk
600.5,127.4034,4.7016,-2.26893,0.0,0.06981,170.5981,1.8158,stand_6,206.7415,0.0,0.06981,0.0,0.06981,Sidewalk
601.0,127.4034,4.7016,-2.26893,0.0,-0.0,170.5981,1.8158,stand_6,206.7331,0.0,-0.0,0.0,-0.0,Sidewalk
601.5,127.4034,4.7016,-2.23402,0.0,0.06981,170.5981,1.8158,stand_6,206.7415,0.0,0.06981,0.0,0.06981,Sidewalk
602.0,127.4034,4.7016,-2.23402,0.0,-0.0,170.5981,1.8158,stand_6,206.7331,0.0,-0.0,0.0,-0.0,Sidewalk
602.5,127.4034,4.7016,-2.19911,0.0,0.06981,170.5981,1.8158,stand_6,206.7415,0.0,0.06981,0.0,0.06981,Sidewalk
603.0,127.4034,4.7016,-2.19911,0.0,-0.0,170.5981,1.8158,stand_6,206.7331,0.0,-0.0,0.0,-0.0,Sidewalk
603.5,127.4034,4.7016,-2.16421,0.0,0.06981,170.5981,1.8158,stand_6,206.7415,0.0,0.06981,0.0,0.06981,Sidewalk
604.0,127.4034,4.7016,-2.16421,0.0,-0.0,170.5981,1.8158,stand_6,206.7331,0.0,-0.0,0.0,-0.0,Sidewalk
604.5,127.4034,4.7016,-2.1293,0.0,0.06981,170.5981,1.8158,stand_6,206.7415,0.0,0.06981,0.0,0.06981,Sidewalk
605.0,127.4034,4.7016,-2.1293,0.0,-0.0,170.5981,1.8158,stand_6,206.7331,0.0,-0.0,0.0,-0.0,Sidewalk
605.5,127.4034,4.7016,-2.0944,0.0,0.06981,170.5981,1.8158,stand_6,206.7415,0.0,0.06981,0.0,0.06981,Sidewalk
606.0,127.4034,4.7016,-2.0944,0.0,-0.0,170.5981,1.8158,stand_6,206.7331,0.0,-0.0,0.0,-0.0,Sidewalk
606.5,127.4034,4.7016,-2.05949,0.0,0.06981,170.5981,1.8158,stand_6,206.7415,0.0,0.06981,0.0,0.06981,Sidewalk
607.0,127.4034,4.7016,-2.05949,0.0,-0.0,170.5981,1.8158,stand_6,206.7331,0.0,-0.0,0.0,-0.0,Sidewalk
607.5,127.4034,4.7016,-2.02458,0.0,0.06981,170.5981,1.8158,stand_6,206.7415,0.0,0.06981,0.0,0.06981,Sidewalk
608.0,127.4034,4.7016,-2.02458,0.0,-0.0,170.5981,1.8158,stand_6,206.7331,0.0,-0.0,0.0,-0.0,Sidewalk
608.5,127.4034,4.7016,-1.98968,0.0,0.06981,170.5981,1.8158,stand_6,206.7415,0.0,0.06981,0.0,0.06981,Sidewalk
609.0,127.4034,4.7016,-1.98968,0.0,-0.0,170.5981,1.8158,stand_6,206.7331,0.0,-0.0,0.0,-0.0,Sidewalk
609.5,127.4034,4.7016,-1.95477,0.0,0.06981,170.5981,1.8158,stand_6,206.7415,0.0,0.06981,0.0,0.06981,Sidewalk
610.0,127.4034,4.7016,-1.95477,0.0,-0.0,170.5981,1.8158,stand_6,206.7331,0.0,-0.0,0.0,-0.0,Sidewalk
610.5,127.4034,4.7016,-1.91986,0.0,0.06981,170.5981,1.8158,stand_6,206.7415,0.0,0.06981,0.0,0.06981,Sidewalk
611.0,127.4034,4.7016,-1.91986,0.0,-0.0,170.5981,1.8158,stand_6,206.7331,0.0,-0.0,0.0,-0.0,Sidewalk
611.5,127.4034,4.7016,-1.88496,0.0,0.06981,170.5981,1.8158,stand_6,206.7415,0.0,0.06981,0.0,0.06981,Sidewalk
612.0,127.4034,4.7016,-1.88496,0.0,-0.0,170.5981,1.8158,stand_6,206.7331,0.0,-0.0,0.0,-0.0,Sidewalk
612.5,127.4034,4.7016,-1.85005,0.0,0.06981,170.5981,1.8158,stand_6,206.7415,0.0,0.06981,0.0,0.06981,Sidewalk
613.0,127.4034,4.7016,-1.85005,0.0,-0.0,170.5981,1.8158,stand_6,206.7331,0.0,-0.0,0.0,-0.0,Sidewalk
613.5,127.4034,4.7016,-1.81514,0.0,0.06981,170.5981,1.8158,stand_6,206.7415,0.0,0.06981,0.0,0.06981,Sidewalk
614.0,127.4034,4.7016,-1.81514,0.0,-0.0,170.5981,1.8158,stand_6,206.7331,0.0,-0.0,0.0,-0.0,Sidewalk
614.5,127.4034,4.7016,-1.78024,0.0,0.06981,170.5981,1.8158,stand_6,206.7415,0.0,0.06981,0.0,0.06981,Sidewalk
615.0,127.4034,4.7016,-1.78024,0.0,-0.0,170.5981,1.8158,stand_6,206.7331,0.0,-0.0,0.0,-0.0,Sidewalk
615.5,127.4034,4.7016,-1.74533,0.0,0.06981,170.5981,1.8158,stand_6,206.7415,0.0,0.06981,0.0,0.06981,Sidewalk
616.0,127.4034,4.7016,-1.74533,0.0,-0.0,170.5981,1.8158,stand_6,206.7331,0.0,-0.0,0.0,-0.0,Sidewalk
616.5,127.4034,4.7016,-1.71042,0.0,0.06981,170.5981,1.8158,stand_6,206.7415,0.0,0.06981,0.0,0.06981,Sidewalk
617.0,127.4034,4.7016,-1.71042,0.0,-0.0,170.5981,1.8158,stand_6,206.7331,0.0,-0.0,0.0,-0.0,Sidewalk
617.5,127.4034,4.7016,-1.67552,0.0,0.06981,170.5981,1.8158,stand_6,206.7415,0.0,0.06981,0.0,0.06981,Sidewalk
618.0,127.4034,4.7016,-1.67552,0.0,-0.0,170.5981,1.8158,stand_6,206.7331,0.0,-0.0,0.0,-0.0,Sidewalk
618.5,127.4034,4.7016,-1.64061,0.0,0.06981,170.5981,1.8158,stand_6,206.7415,0.0,0.06981,0.0,0.06981,Sidewalk
619.0,127.4034,4.7016,-1.64061,0.0,-0.0,170.5981,1.8158,stand_6,206.7331,0.0,-0.0,0.0,-0.0,Sidewalk
619.5,127.4034,4.7016,-1.6057,0.0,0.06981,170.5981,1.8158,stand_6,206.7415,0.0,0.06981,0.0,0.06981,Sidewalk
620.0,127.4034,4.7016,-1.6057,0.0,-0.0,170.5981,1.8158,stand_6,206.7332,0.0,-0.0,0.0,-0.0,Sidewalk
620.5,127.4034,4.7016,-1.5708,0.0,0.06981,170.5981,1.8158,stand_6,206.7415,0.0,0.06981,0.0,0.06981,Sidewalk
621.0,127.4034,4.7016,-1.5708,0.0,-0.0,170.5981,1.8158,stand_6,206.7332,0.0,-0.0,0.0,-0.0,Sidewalk
621.5,127.4034,4.7016,-1.53589,0.0,0.06981,170.5981,1.8158,stand_6,206.7415,0.0,0.06981,0.0,0.06981,Sidewalk
622.0,127.4034,4.7016,-1.53589,0.0,-0.0,170.5981,1.8157,stand_6,206.7332,0.0,-0.0,0.0,-0.0,Sidewalk
622.5,127.4034,4.7016,-1.50098,0.0,0.06981,170.5981,1.8157,stand_6,206.7415,0.0,0.06981,0.0,0.06981,Sidewalk
623.0,127.4034,4.7016,-1.50098,0.0,-0.0,170.5981,1.8157,stand_6,206.7332,0.0,-0.0,0.0,-0.0,Sidewalk
623.5,127.4034,4.7016,-1.46608,0.0,0.06981,170.5981,1.8157,stand_6,206.7415,0.0,0.06981,0.0,0.06981,Sidewalk
624.0,127.4034,4.7016,-1.46608,0.0,-0.0,170.5981,1.8157,stand_6,206.7332,0.0,-0.0,0.0,-0.0,Sidewalk
624.5,127.4034,4.7016,-1.43117,0.0,0.06981,170.5981,1.8157,stand_6,206.7415,0.0,0.06981,0.0,0.06981,Sidewalk
625.0,127.4034,4.7016,-1.43117,0.0,-0.0,170.5981,1.8157,stand_6,206.7332,0.0,-0.0,0.0,-0.0,Sidewalk
625.5,127.4034,4.7016,-1.39626,0.0,0.06981,170.5981,1.8157,stand_6,206.7415,0.0,0.06981,0.0,0.06981,Sidewalk
626.0,127.4034,4.7016,-1.39626,0.0,-0.0,170.5981,1.8157,stand_6,206.7332,0.0,-0.0,0.0,-0.0,Sidewalk
626.5,127.4034,4.7016,-1.36136,0.0,0.06981,170.5981,1.8157,stand_6,206.7416,0.0,0.06981,0.0,0.06981,Sidewalk
627.0,127.4034,4.7016,-1.36136,0.0,-0.0,170.5981,1.8157,stand_6,206.7332,0.0,-0.0,0.0,-0.0,Sidewalk
627.5,127.4034,4.7016,-1.32645,0.0,0.06981,170.5981,1.8157,stand_6,206.7416,0.0,0.06981,0.0,0.06981,Sidewalk
628.0,127.4034,4.7016,-1.32645,0.0,-0.0,170.5981,1.8157,stand_6,206.7332,0.0,-0.0,0.0,-0.0,Sidewalk
628.5,127.4034,4.7016,-1.29154,0.0,0.06981,170.5981,1.8157,stand_6,206.7416,0.0,0.06981,0.0,0.06981,Sidewalk
629.0,127.4034,4.7016,-1.29154,0.0,-0.0,170.5981,1.8157,stand_6,206.7332,0.0,-0.0,0.0,-0.0,Sidewalk
629.5,127.4034,4.7016,-1.25664,0.0,0.06981,170.5981,1.8157,stand_6,206.7416,0.0,0.06981,0.0,0.06981,Sidewalk
630.0,127.4034,4.7016,-1.25664,0.0,-0.0,170.5981,1.8157,stand_6,206.7332,0.0,-0.0,0.0,-0.0,Sidewalk
630.5,127.4034,4.7016,-1.22173,0.0,0.06981,170.5981,1.8157,stand_6,206.7416,0.0,0.06981,0.0,0.06981,Sidewalk
631.0,127.4034,4.7016,-1.22173,0.0,-0.0,170.5981,1.8157,stand_6,206.7332,0.0,-0.0,0.0,-0.0,Sidewalk
631.5,127.4034,4.7016,-1.18682,0.0,0.06981,170.5981,1.8157,stand_6,206.7416,0.0,0.06981,0.0,0.06981,Sidewalk
632.0,127.4034,4.7016,-1.18682,0.0,-0.0,170.5981,1.8157,stand_6,206.7332,0.0,-0.0,0.0,-0.0,Sidewalk
632.5,127.4034,4.7016,-1.15192,0.0,0.06981,170.5981,1.8157,stand_6,206.7416,0.0,0.06981,0.0,0.06981,Sidewalk
633.0,127.4034,4.7016,-1.15192,0.0,-0.0,170.5981,1.8157,stand_6,206.7332,0.0,-0.0,0.0,-0.0,Sidewalk
633.5,127.4034,4.7016,-1.11701,0.0,0.06981,170.5981,1.8157,stand_6,206.7416,0.0,0.06981,0.0,0.06981,Sidewalk
634.0,127.4034,4.7016,-1.11701,0.0,-0.0,170.5981,1.8157,stand_6,206.7332,0.0,-0.0,0.0,-0.0,Sidewalk
634.5,127.4034,4.7016,-1.0821,0.0,0.06981,170.5981,1.8157,stand_6,206.7416,0.0,0.06981,0.0,0.06981,Sidewalk
635.0,127.4034,4.7016,-1.0821,0.0,-0.0,170.5981,1.8157,stand_6,206.7332,0.0,-0.0,0.0,-0.0,Sidewalk
635.5,127.4034,4.7016,-1.0472,0.0,0.06981,170.5981,1.8157,stand_6,206.7416,0.0,0.06981,0.0,0.06981,Sidewalk
636.0,127.4034,4.7016,-1.0472,0.0,-0.0,170.5981,1.8157,stand_6,206.7332,0.0,-0.0,0.0,-0.0,Sidewalk
636.5,127.4246,4.6677,-1.01229,0.08,0.06981,170.5767,1.7945,stand_6,206.7414,0.08,0.06981,0.08,0.06981,Sidewalk
637.0,127.4246,4.6677,-1.01229,0.0,-0.0,170.5767,1.7945,stand_6,206.7321,0.0,-0.0,0.0,-0.0,Sidewalk
637.5,127.4246,4.6677,-0.97738,0.0,0.06981,170.5767,1.7945,stand_6,206.7405,0.0,0.06981,0.0,0.06981,Sidewalk
638.0,127.4246,4.6677,-0.97738,0.0,-0.0,170.5767,1.7945,stand_6,206.7321,0.0,-0.0,0.0,-0.0,Sidewalk
638.5,127.4246,4.6677,-0.94248,0.0,0.06981,170.5767,1.7945,stand_6,206.7405,0.0,0.06981,0.0,0.06981,Sidewalk
639.0,127.4246,4.6677,-0.94248,0.0,-0.0,170.5767,1.7945,stand_6,206.7321,0.0,-0.0,0.0,-0.0,Sidewalk
639.5,127.4246,4.6677,-0.90757,0.0,0.06981,170.5767,1.7945,stand_6,206.7405,0.0,0.06981,0.0,0.06981,Sidewalk
640.0,127.4246,4.6677,-0.90757,0.0,-0.0,170.5767,1.7945,stand_6,206.7321,0.0,-0.0,0.0,-0.0,Sidewalk
640.5,127.4246,4.6677,-0.87266,0.0,0.06981,170.5767,1.7945,stand_6,206.7405,0.0,0.06981,0.0,0.06981,Sidewalk
641.0,127.4246,4.6677,-0.87266,0.0,-0.0,170.5767,1.7945,stand_6,206.7321,0.0,-0.0,0.0,-0.0,Sidewalk
641.5,127.4246,4.6677,-0.83776,0.0,0.06981,170.5767,1.7945,stand_6,206.7405,0.0,0.06981,0.0,0.06981,Sidewalk
642.0,127.4246,4.6677,-0.83776,0.0,-0.0,170.5767,1.7945,stand_6,206.7321,0.0,-0.0,0.0,-0.0,Sidewalk
642.5,127.4246,4.6677,-0.80285,0.0,0.06981,170.5767,1.7945,stand_6,206.7405,0.0,0.06981,0.0,0.06981,Sidewalk
643.0,127.4246,4.6677,-0.80285,0.0,-0.0,170.5767,1.7945,stand_6,206.7321,0.0,-0.0,0.0,-0.0,Sidewalk
643.5,127.4246,4.6677,-0.76794,0.0,0.06981,170.5767,1.7945,stand_6,206.7405,0.0,0.06981,0.0,0.06981,Sidewalk
644.0,127.4246,4.6677,-0.76794,0.0,-0.0,170.5767,1.7945,stand_6,206.7322,0.0,-0.0,0.0,-0.0,Sidewalk
644.5,127.4246,4.6677,-0.73304,0.0,0.06981,170.5767,1.7945,stand_6,206.7405,0.0,0.06981,0.0,0.06981,Sidewalk
645.0,127.4246,4.6677,-0.73304,0.0,-0.0,170.5767,1.7945,stand_6,206.7322,0.0,-0.0,0.0,-0.0,Sidewalk
645.5,127.4246,4.6677,-0.69813,0.0,0.06981,170.5767,1.7945,stand_6,206.7405,0.0,0.06981,0.0,0.06981,Sidewalk
646.0,127.4246,4.6677,-0.69813,0.0,-0.0,170.5767,1.7945,stand_6,206.7322,0.0,-0.0,0.0,-0.0,Sidewalk
646.5,127.4246,4.6677,-0.66323,0.0,0.06981,170.5767,1.7945,stand_6,206.7405,0.0,0.06981,0.0,0.06981,Sidewalk
647.0,127.4246,4.6677,-0.66323,0.0,-0.0,170.5767,1.7945,stand_6,206.7322,0.0,-0.0,0.0,-0.0,Sidewalk
647.5,127.4246,4.6677,-0.62832,0.0,0.06981,170.5767,1.7945,stand_6,206.7405,0.0,0.06981,0.0,0.06981,Sidewalk
648.0,127.4246,4.6677,-0.62832,0.0,-0.0,170.5767,1.7945,stand_6,206.7322,0.0,-0.0,0.0,-0.0,Sidewalk
648.5,127.4246,4.6677,-0.59341,0.0,0.06981,170.5767,1.7945,stand_6,206.7405,0.0,0.06981,0.0,0.06981,Sidewalk
649.0,127.4246,4.6677,-0.59341,0.0,-0.0,170.5767,1.7945,stand_6,206.7322,0.0,-0.0,0.0,-0.0,Sidewalk
649.5,127.4246,4.6677,-0.55851,0.0,0.06981,170.5767,1.7945,stand_6,206.7406,0.0,0.06981,0.0,0.06981,Sidewalk
650.0,127.4246,4.6677,-0.55851,0.0,-0.0,170.5767,1.7945,stand_6,206.7322,0.0,-0.0,0.0,-0.0,Sidewalk
650.5,127.4246,4.6677,-0.5236,0.0,0.06981,170.5767,1.7945,stand_6,206.7406,0.0,0.06981,0.0,0.06981,Sidewalk
651.0,127.4246,4.6677,-0.5236,0.0,-0.0,170.5767,1.7945,stand_6,206.7322,0.0,-0.0,0.0,-0.0,Sidewalk
651.5,127.4246,4.6677,-0.48869,0.0,0.06981,170.5767,1.7945,stand_6,206.7406,0.0,0.06981,0.0,0.06981,Sidewalk
652.0,127.4246,4.6677,-0.48869,0.0,-0.0,170.5767,1.7945,stand_6,206.7322,0.0,-0.0,0.0,-0.0,Sidewalk
652.5,127.4246,4.6677,-0.45379,0.0,0.06981,170.5767,1.7945,stand_6,206.7406,0.0,0.06981,0.0,0.06981,Sidewalk
653.0,127.4246,4.6677,-0.45379,0.0,-0.0,170.5767,1.7945,stand_6,206.7322,0.0,-0.0,0.0,-0.0,Sidewalk
653.5,127.4246,4.6677,-0.41888,0.0,0.06981,170.5767,1.7945,stand_6,206.7406,0.0,0.06981,0.0,0.06981,Sidewalk
654.0,127.4246,4.6677,-0.41888,0.0,-0.0,170.5767,1.7945,stand_6,206.7322,0.0,-0.0,0.0,-0.0,Sidewalk
654.5,127.4246,4.6677,-0.38397,0.0,0.06981,170.5767,1.7945,stand_6,206.7406,0.0,0.06981,0.0,0.06981,Sidewalk
655.0,127.4246,4.6677,-0.38397,0.0,-0.0,170.5767,1.7945,stand_6,206.7322,0.0,-0.0,0.0,-0.0,Sidewalk
655.5,127.4246,4.6677,-0.34907,0.0,0.06981,170.5767,1.7945,stand_6,206.7406,0.0,0.06981,0.0,0.06981,Sidewalk
656.0,127.4246,4.6677,-0.34907,0.0,-0.0,170.5767,1.7945,stand_6,206.7322,0.0,-0.0,0.0,-0.0,Sidewalk
656.5,127.4246,4.6677,-0.31416,0.0,0.06981,170.5767,1.7945,stand_6,206.7406,0.0,0.06981,0.0,0.06981,Sidewalk
657.0,127.4246,4.6677,-0.31416,0.0,-0.0,170.5767,1.7945,stand_6,206.7322,0.0,-0.0,0.0,-0.0,Sidewalk
657.5,127.4246,4.6677,-0.27925,0.0,0.06981,170.5767,1.7944,stand_6,206.7406,0.0,0.06981,0.0,0.06981,Sidewalk
658.0,127.4246,4.6677,-0.27925,0.0,-0.0,170.5767,1.7944,stand_6,206.7322,0.0,-0.0,0.0,-0.0,Sidewalk
658.5,127.4246,4.6677,-0.24435,0.0,0.06981,170.5767,1.7944,stand_6,206.7406,0.0,0.06981,0.0,0.06981,Sidewalk
659.0,127.4246,4.6677,-0.24435,0.0,-0.0,170.5767,1.7944,stand_6,206.7322,0.0,-0.0,0.0,-0.0,Sidewalk
659.5,127.4246,4.6677,-0.20944,0.0,0.06981,170.5767,1.7944,stand_6,206.7406,0.0,0.06981,0.0,0.06981,Sidewalk
660.0,127.4246,4.6677,-0.20944,0.0,-0.0,170.5767,1.7944,stand_6,206.7322,0.0,-0.0,0.0,-0.0,Sidewalk
660.5,127.4246,4.6677,-0.17453,0.0,0.06981,170.5767,1.7944,stand_6,206.7406,0.0,0.06981,0.0,0.06981,Sidewalk
661.0,127.4246,4.6677,-0.17453,0.0,-0.0,170.5767,1.7944,stand_6,206.7322,0.0,-0.0,0.0,-0.0,Sidewalk
661.5,127.4246,4.6677,-0.13963,0.0,0.06981,170.5767,1.7944,stand_6,206.7406,0.0,0.06981,0.0,0.06981,Sidewalk
662.0,127.4246,4.6677,-0.13963,0.0,-0.0,170.5767,1.7944,stand_6,206.7322,0.0,-0.0,0.0,-0.0,Sidewalk
662.5,127.4246,4.6677,-0.10472,0.0,0.06981,170.5767,1.7944,stand_6,206.7406,0.0,0.06981,0.0,0.06981,Sidewalk
663.0,127.4246,4.6677,-0.10472,0.0,-0.0,170.5767,1.7944,stand_6,206.7322,0.0,-0.0,0.0,-0.0,Sidewalk
663.5,127.4246,4.6677,-0.06981,0.0,0.06981,170.5767,1.7944,stand_6,206.7406,0.0,0.06981,0.0,0.06981,Sidewalk
664.0,127.4246,4.6677,-0.06981,0.0,-0.0,170.5767,1.7944,stand_6,206.7322,0.0,-0.0,0.0,-0.0,Sidewalk
664.5,127.4246,4.6677,-0.03491,0.0,0.06981,170.5767,1.7944,stand_6,206.7406,0.0,0.06981,0.0,0.06981,Sidewalk
665.0,127.4246,4.6677,-0.03491,0.0,-0.0,170.5767,1.7944,stand_6,206.7322,0.0,-0.0,0.0,-0.0,Sidewalk
665.5,127.4246,4.6677,-0.0,0.0,0.06981,170.5767,1.7944,stand_6,206.7406,0.0,0.06981,0.0,0.06981,Sidewalk
666.0,127.4246,4.6677,-0.0,0.0,-0.0,170.5767,1.7944,stand_6,206.7322,0.0,-0.0,0.0,-0.0,Sidewalk
666.5,127.4246,4.6677,0.03491,0.0,0.06981,170.5767,1.7944,stand_6,206.7406,0.0,0.06981,0.0,0.06981,Sidewalk
667.0,127.4246,4.6677,0.03491,0.0,-0.0,170.5767,1.7944,stand_6,206.7322,0.0,-0.0,0.0,-0.0,Sidewalk
667.5,127.4246,4.6677,0.06981,0.0,0.06981,170.5767,1.7944,stand_6,206.7406,0.0,0.06981,0.0,0.06981,Sidewalk
668.0,127.4246,4.6677,0.06981,0.0,-0.0,170.5767,1.7944,stand_6,206.7323,0.0,-0.0,0.0,-0.0,Sidewalk
668.5,127.4246,4.6677,0.10472,0.0,0.06981,170.5767,1.7944,stand_6,206.7406,0.0,0.06981,0.0,0.06981,Sidewalk
669.0,127.4246,4.6677,0.10472,0.0,-0.0,170.5767,1.7944,stand_6,206.7323,0.0,-0.0,0.0,-0.0,Sidewalk
669.5,127.4246,4.6677,0.13963,0.0,0.06981,170.5767,1.7944,stand_6,206.7406,0.0,0.06981,0.0,0.06981,Sidewalk
670.0,127.4246,4.6677,0.13963,0.0,-0.0,170.5767,1.7944,stand_6,206.7323,0.0,-0.0,0.0,-0.0,Sidewalk
670.5,127.4246,4.6677,0.17453,0.0,0.06981,170.5767,1.7944,stand_6,206.7406,0.0,0.06981,0.0,0.06981,Sidewalk
671.0,127.4246,4.6677,0.17453,0.0,-0.0,170.5767,1.7944,stand_6,206.7323,0.0,-0.0,0.0,-0.0,Sidewalk
671.5,127.4246,4.6677,0.20944,0.0,0.06981,170.5767,1.7944,stand_6,206.7406,0.0,0.06981,0.0,0.06981,Sidewalk
672.0,127.4246,4.6677,0.20944,0.0,-0.0,170.5767,1.7944,stand_6,206.7323,0.0,-0.0,0.0,-0.0,Sidewalk
672.5,127.4246,4.6677,0.24435,0.0,0.06981,170.5767,1.7944,stand_6,206.7406,0.0,0.06981,0.0,0.06981,Sidewalk
673.0,127.4246,4.6677,0.24435,0.0,-0.0,170.5767,1.7944,stand_6,206.7323,0.0,-0.0,0.0,-0.0,Sidewalk
673.5,127.4246,4.6677,0.27925,0.0,0.06981,170.5767,1.7944,stand_6,206.7407,0.0,0.06981,0.0,0.06981,Sidewalk
674.0,127.4246,4.6677,0.27925,0.0,-0.0,170.5767,1.7944,stand_6,206.7323,0.0,-0.0,0.0,-0.0,Sidewalk
674.5,127.4246,4.6677,0.31416,0.0,0.06981,170.5767,1.7944,stand_6,206.7407,0.0,0.06981,0.0,0.06981,Sidewalk
675.0,127.4246,4.6677,0.31416,0.0,-0.0,170.5767,1.7944,stand_6,206.7323,0.0,-0.0,0.0,-0.0,Sidewalk
675.5,127.4246,4.6677,0.34907,0.0,0.06981,170.5767,1.7944,stand_6,206.7407,0.0,0.06981,0.0,0.06981,Sidewalk
676.0,127.4246,4.6677,0.34907,0.0,-0.0,170.5767,1.7944,stand_6,206.7323,0.0,-0.0,0.0,-0.0,Sidewalk
676.5,127.4246,4.6677,0.38397,0.0,0.06981,170.5767,1.7944,stand_6,206.7407,0.0,0.06981,0.0,0.06981,Sidewalk
677.0,127.4246,4.6677,0.38397,0.0,-0.0,170.5767,1.7944,stand_6,206.7323,0.0,-0.0,0.0,-0.0,Sidewalk
677.5,127.4246,4.6677,0.41888,0.0,0.06981,170.5767,1.7944,stand_6,206.7407,0.0,0.06981,0.0,0.06981,Sidewalk
678.0,127.4246,4.6677,0.41888,0.0,-0.0,170.5767,1.7944,stand_6,206.7323,0.0,-0.0,0.0,-0.0,Sidewalk
678.5,127.4246,4.6677,0.45379,0.0,0.06981,170.5767,1.7944,stand_6,206.7407,0.0,0.06981,0.0,0.06981,Sidewalk
679.0,127.4246,4.6677,0.45379,0.0,-0.0,170.5767,1.7944,stand_6,206.7323,0.0,-0.0,0.0,-0.0,Sidewalk
679.5,127.4246,4.6677,0.48869,0.0,0.06981,170.5767,1.7944,stand_6,206.7407,0.0,0.06981,0.0,0.06981,Sidewalk
680.0,127.4246,4.6677,0.48869,0.0,-0.0,170.5767,1.7944,stand_6,206.7323,0.0,-0.0,0.0,-0.0,Sidewalk
680.5,127.4246,4.6677,0.5236,0.0,0.06981,170.5767,1.7944,stand_6,206.7407,0.0,0.06981,0.0,0.06981,Sidewalk
681.0,127.4246,4.6677,0.5236,0.0,-0.0,170.5767,1.7944,stand_6,206.7323,0.0,-0.0,0.0,-0.0,Sidewalk
681.5,127.4246,4.6677,0.55851,0.0,0.06981,170.5767,1.7944,stand_6,206.7407,0.0,0.06981,0.0,0.06981,Sidewalk
682.0,127.4246,4.6677,0.55851,0.0,-0.0,170.5767,1.7944,stand_6,206.7323,0.0,-0.0,0.0,-0.0,Sidewalk
682.5,127.4246,4.6677,0.59341,0.0,0.06981,170.5767,1.7944,stand_6,206.7407,0.0,0.06981,0.0,0.06981,Sidewalk
683.0,127.4246,4.6677,0.59341,0.0,-0.0,170.5767,1.7944,stand_6,206.7323,0.0,-0.0,0.0,-0.0,Sidewalk
683.5,127.4246,4.6677,0.62832,0.0,0.06981,170.5767,1.7944,stand_6,206.7407,0.0,0.06981,0.0,0.06981,Sidewalk
684.0,127.4246,4.6677,0.62832,0.0,-0.0,170.5767,1.7944,stand_6,206.7323,0.0,-0.0,0.0,-0.0,Sidewalk
684.5,127.4246,4.6677,0.66323,0.0,0.06981,170.5767,1.7944,stand_6,206.7407,0.0,0.06981,0.0,0.06981,Sidewalk
685.0,127.4246,4.6677,0.66323,0.0,-0.0,170.5767,1.7944,stand_6,206.7323,0.0,-0.0,0.0,-0.0,Sidewalk
685.5,127.4246,4.6677,0.69813,0.0,0.06981,170.5767,1.7944,stand_6,206.7407,0.0,0.06981,0.0,0.06981,Sidewalk
686.0,127.4246,4.6677,0.69813,0.0,-0.0,170.5767,1.7944,stand_6,206.7323,0.0,-0.0,0.0,-0.0,Sidewalk
686.5,127.4246,4.6677,0.73304,0.0,0.06981,170.5767,1.7944,stand_6,206.7407,0.0,0.06981,0.0,0.06981,Sidewalk
687.0,127.4246,4.6677,0.73304,0.0,-0.0,170.5767,1.7944,stand_6,206.7323,0.0,-0.0,0.0,-0.0,Sidewalk
687.5,127.4246,4.6677,0.76794,0.0,0.06981,170.5767,1.7944,stand_6,206.7407,0.0,0.06981,0.0,0.06981,Sidewalk
688.0,127.4246,4.6677,0.76794,0.0,-0.0,170.5767,1.7944,stand_6,206.7323,0.0,-0.0,0.0,-0.0,Sidewalk
688.5,127.4246,4.6677,0.80285,0.0,0.06981,170.5767,1.7944,stand_6,206.7407,0.0,0.06981,0.0,0.06981,Sidewalk
689.0,127.4246,4.6677,0.80285,0.0,-0.0,170.5767,1.7944,stand_6,206.7323,0.0,-0.0,0.0,-0.0,Sidewalk
689.5,127.4246,4.6677,0.83776,0.0,0.06981,170.5767,1.7943,stand_6,206.7407,0.0,0.06981,0.0,0.06981,Sidewalk
690.0,127.4246,4.6677,0.83776,0.0,-0.0,170.5767,1.7943,stand_6,206.7323,0.0,-0.0,0.0,-0.0,Sidewalk
690.5,127.4246,4.6677,0.87266,0.0,0.06981,170.5767,1.7943,stand_6,206.7407,0.0,0.06981,0.0,0.06981,Sidewalk
691.0,127.4246,4.6677,0.87266,0.0,-0.0,170.5767,1.7943,stand_6,206.7323,0.0,-0.0,0.0,-0.0,Sidewalk
691.5,127.4246,4.6677,0.90757,0.0,0.06981,170.5767,1.7943,stand_6,206.7407,0.0,0.06981,0.0,0.06981,Sidewalk
692.0,127.4246,4.6677,0.90757,0.0,-0.0,170.5767,1.7943,stand_6,206.7323,0.0,-0.0,0.0,-0.0,Sidewalk
692.5,127.4246,4.6677,0.94248,0.0,0.06981,170.5767,1.7943,stand_6,206.7407,0.0,0.06981,0.0,0.06981,Sidewalk
693.0,127.4246,4.6677,0.94248,0.0,-0.0,170.5767,1.7943,stand_6,206.7323,0.0,-0.0,0.0,-0.0,Sidewalk
693.5,127.4246,4.6677,0.97738,0.0,0.06981,170.5767,1.7943,stand_6,206.7407,0.0,0.06981,0.0,0.06981,Sidewalk
694.0,127.4246,4.6677,0.97738,0.0,-0.0,170.5767,1.7943,stand_6,206.7324,0.0,-0.0,0.0,-0.0,Sidewalk
694.5,127.4246,4.6677,1.01229,0.0,0.06981,170.5767,1.7943,stand_6,206.7407,0.0,0.06981,0.0,0.06981,Sidewalk
695.0,127.4246,4.6677,1.01229,0.0,-0.0,170.5767,1.7943,stand_6,206.7324,0.0,-0.0,0.0,-0.0,Sidewalk
695.5,127.4246,4.6677,1.0472,0.0,0.06981,170.5767,1.7943,stand_6,206.7407,0.0,0.06981,0.0,0.06981,Sidewalk
696.0,127.4246,4.6677,1.0472,0.0,-0.0,170.5767,1.7943,stand_6,206.7324,0.0,-0.0,0.0,-0.0,Sidewalk
696.5,127.4246,4.6677,1.0821,0.0,0.06981,170.5767,1.7943,stand_6,206.7407,0.0,0.06981,0.0,0.06981,Sidewalk
697.0,127.4246,4.6677,1.0821,0.0,-0.0,170.5767,1.7943,stand_6,206.7324,0.0,-0.0,0.0,-0.0,Sidewalk
697.5,127.4246,4.6677,1.11701,0.0,0.06981,170.5767,1.7943,stand_6,206.7407,0.0,0.06981,0.0,0.06981,Sidewalk
698.0,127.4246,4.6677,1.11701,0.0,-0.0,170.5767,1.7943,stand_6,206.7324,0.0,-0.0,0.0,-0.0,Sidewalk
698.5,127.4246,4.6677,1.15192,0.0,0.06981,170.5767,1.7943,stand_6,206.7407,0.0,0.06981,0.0,0.06981,Sidewalk
699.0,127.4246,4.6677,1.15192,0.0,-0.0,170.5767,1.7943,stand_6,206.7324,0.0,-0.0,0.0,-0.0,Sidewalk
699.5,127.4246,4.6677,1.18682,0.0,0.06981,170.5767,1.7943,stand_6,206.7407,0.0,0.06981,0.0,0.06981,Sidewalk
700.0,127.4246,4.6677,1.18682,0.0,-0.0,170.5767,1.7943,stand_6,206.7324,0.0,-0.0,0.0,-0.0,Sidewalk
700.5,127.4246,4.6677,1.22173,0.0,0.06981,170.5767,1.7943,stand_6,206.7408,0.0,0.06981,0.0,0.06981,Sidewalk
701.0,127.4246,4.6677,1.22173,0.0,-0.0,170.5767,1.7943,stand_6,206.7324,0.0,-0.0,0.0,-0.0,Sidewalk
701.5,127.4246,4.6677,1.25664,0.0,0.06981,170.5767,1.7943,stand_6,206.7408,0.0,0.06981,0.0,0.06981,Sidewalk
702.0,127.4246,4.6677,1.25664,0.0,-0.0,170.5767,1.7943,stand_6,206.7324,0.0,-0.0,0.0,-0.0,Sidewalk
702.5,127.4246,4.6677,1.29154,0.0,0.06981,170.5767,1.7943,stand_6,206.7408,0.0,0.06981,0.0,0.06981,Sidewalk
703.0,127.4246,4.6677,1.29154,0.0,-0.0,170.5767,1.7943,stand_6,206.7324,0.0,-0.0,0.0,-0.0,Sidewalk
703.5,127.4246,4.6677,1.32645,0.0,0.06981,170.5767,1.7943,stand_6,206.7408,0.0,0.06981,0.0,0.06981,Sidewalk
704.0,127.4246,4.6677,1.32645,0.0,-0.0,170.5767,1.7943,stand_6,206.7324,0.0,-0.0,0.0,-0.0,Sidewalk
704.5,127.4246,4.6677,1.36136,0.0,0.06981,170.5767,1.7943,stand_6,206.7408,0.0,0.06981,0.0,0.06981,Sidewalk
705.0,127.4246,4.6677,1.36136,0.0,-0.0,170.5767,1.7943,stand_6,206.7324,0.0,-0.0,0.0,-0.0,Sidewalk
705.5,127.4246,4.6677,1.39626,0.0,0.06981,170.5767,1.7943,stand_6,206.7408,0.0,0.06981,0.0,0.06981,Sidewalk
706.0,127.4246,4.6677,1.39626,0.0,-0.0,170.5767,1.7943,stand_6,206.7324,0.0,-0.0,0.0,-0.0,Sidewalk
706.5,127.4246,4.6677,1.43117,0.0,0.06981,170.5767,1.7943,stand_6,206.7408,0.0,0.06981,0.0,0.06981,Sidewalk
707.0,127.4246,4.6677,1.43117,0.0,-0.0,170.5767,1.7943,stand_6,206.7324,0.0,-0.0,0.0,-0.0,Sidewalk
707.5,127.4246,4.6677,1.46608,0.0,0.06981,170.5767,1.7943,stand_6,206.7408,0.0,0.06981,0.0,0.06981,Sidewalk
708.0,127.4246,4.6677,1.46608,0.0,-0.0,170.5767,1.7943,stand_6,206.7324,0.0,-0.0,0.0,-0.0,Sidewalk
708.5,127.4246,4.6677,1.50098,0.0,0.06981,170.5767,1.7943,stand_6,206.7408,0.0,0.06981,0.0,0.06981,Sidewalk
709.0,127.4246,4.6677,1.50098,0.0,-0.0,170.5767,1.7943,stand_6,206.7324,0.0,-0.0,0.0,-0.0,Sidewalk
709.5,127.4246,4.6677,1.53589,0.0,0.06981,170.5767,1.7943,stand_6,206.7408,0.0,0.06981,0.0,0.06981,Sidewalk
710.0,127.4246,4.6677,1.53589,0.0,-0.0,170.5767,1.7943,stand_6,206.7324,0.0,-0.0,0.0,-0.0,Sidewalk
710.5,127.4246,4.6677,1.5708,0.0,0.06981,170.5767,1.7943,stand_6,206.7408,0.0,0.06981,0.0,0.06981,Sidewalk
711.0,127.4246,4.6677,1.5708,0.0,-0.0,170.5767,1.7943,stand_6,206.7324,0.0,-0.0,0.0,-0.0,Sidewalk
711.5,127.4246,4.6677,1.6057,0.0,0.06981,170.5767,1.7943,stand_6,206.7408,0.0,0.06981,0.0,0.06981,Sidewalk
712.0,127.4246,4.6677,1.6057,0.0,-0.0,170.5767,1.7943,stand_6,206.7324,0.0,-0.0,0.0,-0.0,Sidewalk
712.5,127.4246,4.6677,1.64061,0.0,0.06981,170.5767,1.7943,stand_6,206.7408,0.0,0.06981,0.0,0.06981,Sidewalk
713.0,127.4246,4.6677,1.64061,0.0,-0.0,170.5767,1.7943,stand_6,206.7324,0.0,-0.0,0.0,-0.0,Sidewalk
713.5,127.4246,4.6677,1.67552,0.0,0.06981,170.5767,1.7943,stand_6,206.7408,0.0,0.06981,0.0,0.06981,Sidewalk
714.0,127.4246,4.6677,1.67552,0.0,-0.0,170.5767,1.7943,stand_6,206.7324,0.0,-0.0,0.0,-0.0,Sidewalk
714.5,127.4246,4.6677,1.71042,0.0,0.06981,170.5767,1.7943,stand_6,206.7408,0.0,0.06981,0.0,0.06981,Sidewalk
715.0,127.4246,4.6677,1.71042,0.0,-0.0,170.5767,1.7943,stand_6,206.7324,0.0,-0.0,0.0,-0.0,Sidewalk
715.5,127.4246,4.6677,1.74533,0.0,0.06981,170.5767,1.7943,stand_6,206.7408,0.0,0.06981,0.0,0.06981,Sidewalk
716.0,127.4246,4.6677,1.74533,0.0,-0.0,170.5767,1.7943,stand_6,206.7324,0.0,-0.0,0.0,-0.0,Sidewalk
716.5,127.4246,4.6677,1.78024,0.0,0.06981,170.5767,1.7943,stand_6,206.7408,0.0,0.06981,0.0,0.06981,Sidewalk
717.0,127.4246,4.6677,1.78024,0.0,-0.0,170.5767,1.7943,stand_6,206.7324,0.0,-0.0,0.0,-0.0,Sidewalk
717.5,127.4246,4.6677,1.81514,0.0,0.06981,170.5767,1.7943,stand_6,206.7408,0.0,0.06981,0.0,0.06981,Sidewalk
718.0,127.4246,4.6677,1.81514,0.0,-0.0,170.5767,1.7943,stand_6,206.7324,0.0,-0.0,0.0,-0.0,Sidewalk
718.5,127.4246,4.6677,1.85005,0.0,0.06981,170.5767,1.7943,stand_6,206.7408,0.0,0.06981,0.0,0.06981,Sidewalk
719.0,127.4246,4.6677,1.85005,0.0,-0.0,170.5767,1.7943,stand_6,206.7324,0.0,-0.0,0.0,-0.0,Sidewalk
719.5,127.4246,4.6677,1.88496,0.0,0.06981,170.5767,1.7943,stand_6,206.7408,0.0,0.06981,0.0,0.06981,Sidewalk
720.0,127.4246,4.6677,1.88496,0.0,-0.0,170.5767,1.7943,stand_6,206.7324,0.0,-0.0,0.0,-0.0,Sidewalk
720.5,127.4246,4.6677,1.91986,0.0,0.06981,170.5767,1.7943,stand_6,206.7408,0.0,0.06981,0.0,0.06981,Sidewalk
721.0,127.4246,4.6677,1.91986,0.0,-0.0,170.5767,1.7943,stand_6,206.7325,0.0,-0.0,0.0,-0.0,Sidewalk
721.5,127.4246,4.6677,1.95477,0.0,0.06981,170.5767,1.7943,stand_6,206.7408,0.0,0.06981,0.0,0.06981,Sidewalk
722.0,127.4246,4.6677,1.95477,0.0,-0.0,170.5767,1.7943,stand_6,206.7325,0.0,-0.0,0.0,-0.0,Sidewalk
722.5,127.4246,4.6677,1.98968,0.0,0.06981,170.5767,1.7943,stand_6,206.7408,0.0,0.06981,0.0,0.06981,Sidewalk
723.0,127.4246,4.6677,1.98968,0.0,-0.0,170.5767,1.7943,stand_6,206.7325,0.0,-0.0,0.0,-0.0,Sidewalk
723.5,127.4246,4.6677,2.02458,0.0,0.06981,170.5767,1.7943,stand_6,206.7408,0.0,0.06981,0.0,0.06981,Sidewalk
724.0,127.4246,4.6677,2.02458,0.0,-0.0,170.5767,1.7943,stand_6,206.7325,0.0,-0.0,0.0,-0.0,Sidewalk
724.5,127.4246,4.6677,2.05949,0.0,0.06981,170.5767,1.7942,stand_6,206.7408,0.0,0.06981,0.0,0.06981,Sidewalk
725.0,127.4246,4.6677,2.05949,0.0,-0.0,170.5767,1.7942,stand_6,206.7325,0.0,-0.0,0.0,-0.0,Sidewalk
725.5,127.4246,4.6677,2.0944,0.0,0.06981,170.5767,1.7942,stand_6,206.7408,0.0,0.06981,0.0,0.06981,Sidewalk
726.0,127.4246,4.6677,2.0944,0.0,-0.0,170.5767,1.7942,stand_6,206.7325,0.0,-0.0,0.0,-0.0,Sidewalk
726.5,127.4246,4.6677,2.1293,0.0,0.06981,170.5767,1.7942,stand_6,206.7408,0.0,0.06981,0.0,0.06981,Sidewalk
727.0,127.4246,4.6677,2.1293,0.0,-0.0,170.5767,1.7942,stand_6,206.7325,0.0,-0.0,0.0,-0.0,Sidewalk
727.5,127.4246,4.6677,2.16421,0.0,0.06981,170.5767,1.7942,stand_6,206.7409,0.0,0.06981,0.0,0.06981,Sidewalk
728.0,127.4246,4.6677,2.16421,0.0,-0.0,170.5767,1.7942,stand_6,206.7325,0.0,-0.0,0.0,-0.0,Sidewalk
728.5,127.4246,4.6677,2.19911,0.0,0.06981,170.5767,1.7942,stand_6,206.7409,0.0,0.06981,0.0,0.06981,Sidewalk
729.0,127.4246,4.6677,2.19911,0.0,-0.0,170.5767,1.7942,stand_6,206.7325,0.0,-0.0,0.0,-0.0,Sidewalk
729.5,127.4246,4.6677,2.23402,0.0,0.06981,170.5767,1.7942,stand_6,206.7409,0.0,0.06981,0.0,0.06981,Sidewalk
730.0,127.4246,4.6677,2.23402,0.0,-0.0,170.5767,1.7942,stand_6,206.7325,0.0,-0.0,0.0,-0.0,Sidewalk
730.5,127.4246,4.6677,2.26893,0.0,0.06981,170.5767,1.7942,stand_6,206.7409,0.0,0.06981,0.0,0.06981,Sidewalk
731.0,127.4246,4.6677,2.26893,0.0,-0.0,170.5767,1.7942,stand_6,206.7325,0.0,-0.0,0.0,-0.0,Sidewalk
731.5,127.4246,4.6677,2.30383,0.0,0.06981,170.5767,1.7942,stand_6,206.7409,0.0,0.06981,0.0,0.06981,Sidewalk
732.0,127.4246,4.6677,2.30383,0.0,-0.0,170.5767,1.7942,stand_6,206.7325,0.0,-0.0,0.0,-0.0,Sidewalk
732.5,127.4246,4.6677,2.33874,0.0,0.06981,170.5767,1.7942,stand_6,206.7409,0.0,0.06981,0.0,0.06981,Sidewalk
733.0,127.4246,4.6677,2.33874,0.0,-0.0,170.5767,1.7942,stand_6,206.7325,0.0,-0.0,0.0,-0.0,Sidewalk
733.5,127.4246,4.6677,2.37365,0.0,0.06981,170.5767,1.7942,stand_6,206.7409,0.0,0.06981,0.0,0.06981,Sidewalk
734.0,127.4246,4.6677,2.37365,0.0,-0.0,170.5767,1.7942,stand_6,206.7325,0.0,-0.0,0.0,-0.0,Sidewalk
734.5,127.4246,4.6677,2.40855,0.0,0.06981,170.5767,1.7942,stand_6,206.7409,0.0,0.06981,0.0,0.06981,Sidewalk
735.0,127.4246,4.6677,2.40855,0.0,-0.0,170.5767,1.7942,stand_6,206.7325,0.0,-0.0,0.0,-0.0,Sidewalk
735.5,127.4246,4.6677,2.44346,0.0,0.06981,170.5767,1.7942,stand_6,206.7409,0.0,0.06981,0.0,0.06981,Sidewalk
736.0,127.4246,4.6677,2.44346,0.0,-0.0,170.5767,1.7942,stand_6,206.7325,0.0,-0.0,0.0,-0.0,Sidewalk
736.5,127.4246,4.6677,2.47837,0.0,0.06981,170.5767,1.7942,stand_6,206.7409,0.0,0.06981,0.0,0.06981,Sidewalk
737.0,127.4246,4.6677,2.47837,0.0,-0.0,170.5767,1.7942,stand_6,206.7325,0.0,-0.0,0.0,-0.0,Sidewalk
737.5,127.4246,4.6677,2.51327,0.0,0.06981,170.5767,1.7942,stand_6,206.7409,0.0,0.06981,0.0,0.06981,Sidewalk
738.0,127.4246,4.6677,2.51327,0.0,-0.0,170.5767,1.7942,stand_6,206.7325,0.0,-0.0,0.0,-0.0,Sidewalk
738.5,127.4246,4.6677,2.54818,0.0,0.06981,170.5767,1.7942,stand_6,206.7409,0.0,0.06981,0.0,0.06981,Sidewalk
739.0,127.4246,4.6677,2.54818,0.0,-0.0,170.5767,1.7942,stand_6,206.7325,0.0,-0.0,0.0,-0.0,Sidewalk
739.5,127.4246,4.6677,2.58309,0.0,0.06981,170.5767,1.7942,stand_6,206.7409,0.0,0.06981,0.0,0.06981,Sidewalk
740.0,127.4246,4.6677,2.58309,0.0,-0.0,170.5767,1.7942,stand_6,206.7325,0.0,-0.0,0.0,-0.0,Sidewalk
740.5,127.4246,4.6677,2.61799,0.0,0.06981,170.5767,1.7942,stand_6,206.7409,0.0,0.06981,0.0,0.06981,Sidewalk
741.0,127.4246,4.6677,2.61799,0.0,-0.0,170.5767,1.7942,stand_6,206.7325,0.0,-0.0,0.0,-0.0,Sidewalk
741.5,127.4246,4.6677,2.6529,0.0,0.06981,170.5767,1.7942,stand_6,206.7409,0.0,0.06981,0.0,0.06981,Sidewalk
742.0,127.4246,4.6677,2.6529,0.0,-0.0,170.5767,1.7942,stand_6,206.7325,0.0,-0.0,0.0,-0.0,Sidewalk
742.5,127.4246,4.6677,2.68781,0.0,0.06981,170.5767,1.7942,stand_6,206.7409,0.0,0.06981,0.0,0.06981,Sidewalk
743.0,127.4246,4.6677,2.68781,0.0,-0.0,170.5767,1.7942,stand_6,206.7325,0.0,-0.0,0.0,-0.0,Sidewalk
743.5,127.4246,4.6677,2.72271,0.0,0.06981,170.5767,1.7942,stand_6,206.7409,0.0,0.06981,0.0,0.06981,Sidewalk
744.0,127.4246,4.6677,2.72271,0.0,-0.0,170.5767,1.7942,stand_6,206.7325,0.0,-0.0,0.0,-0.0,Sidewalk
744.5,127.4246,4.6677,2.75762,0.0,0.06981,170.5767,1.7942,stand_6,206.7409,0.0,0.06981,0.0,0.06981,Sidewalk
745.0,127.4246,4.6677,2.75762,0.0,-0.0,170.5767,1.7942,stand_6,206.7325,0.0,-0.0,0.0,-0.0,Sidewalk
745.5,127.4246,4.6677,2.79253,0.0,0.06981,170.5767,1.7942,stand_6,206.7409,0.0,0.06981,0.0,0.06981,Sidewalk
746.0,127.4246,4.6677,2.79253,0.0,-0.0,170.5767,1.7942,stand_6,206.7326,0.0,-0.0,0.0,-0.0,Sidewalk
746.5,127.4246,4.6677,2.82743,0.0,0.06981,170.5767,1.7942,stand_6,206.7409,0.0,0.06981,0.0,0.06981,Sidewalk
747.0,127.4246,4.6677,2.82743,0.0,-0.0,170.5767,1.7942,stand_6,206.7326,0.0,-0.0,0.0,-0.0,Sidewalk
747.5,127.4246,4.6677,2.86234,0.0,0.06981,170.5767,1.7942,stand_6,206.7409,0.0,0.06981,0.0,0.06981,Sidewalk
748.0,127.4246,4.6677,2.86234,0.0,-0.0,170.5767,1.7942,stand_6,206.7326,0.0,-0.0,0.0,-0.0,Sidewalk
748.5,127.4246,4.6677,2.89725,0.0,0.06981,170.5767,1.7942,stand_6,206.7409,0.0,0.06981,0.0,0.06981,Sidewalk
749.0,127.4246,4.6677,2.89725,0.0,-0.0,170.5767,1.7942,stand_6,206.7326,0.0,-0.0,0.0,-0.0,Sidewalk
749.5,127.4246,4.6677,2.93215,0.0,0.06981,170.5767,1.7942,stand_6,206.7409,0.0,0.06981,0.0,0.06981,Sidewalk
750.0,127.4246,4.6677,2.93215,0.0,-0.0,170.5767,1.7942,stand_6,206.7326,0.0,-0.0,0.0,-0.0,Sidewalk
750.5,127.4246,4.6677,2.96706,0.0,0.06981,170.5767,1.7942,stand_6,206.7409,0.0,0.06981,0.0,0.06981,Sidewalk
751.0,127.4246,4.6677,2.96706,0.0,-0.0,170.5767,1.7942,stand_6,206.7326,0.0,-0.0,0.0,-0.0,Sidewalk
751.5,127.4246,4.6677,3.00197,0.0,0.06981,170.5767,1.7942,stand_6,206.741,0.0,0.06981,0.0,0.06981,Sidewalk
752.0,127.4246,4.6677,3.00197,0.0,-0.0,170.5767,1.7942,stand_6,206.7326,0.0,-0.0,0.0,-0.0,Sidewalk
752.5,127.4246,4.6677,3.03687,0.0,0.06981,170.5767,1.7942,stand_6,206.741,0.0,0.06981,0.0,0.06981,Sidewalk
753.0,127.4246,4.6677,3.03687,0.0,-0.0,170.5767,1.7942,stand_6,206.7326,0.0,-0.0,0.0,-0.0,Sidewalk
753.5,127.4246,4.6677,3.07178,0.0,0.06981,170.5767,1.7942,stand_6,206.741,0.0,0.06981,0.0,0.06981,Sidewalk
754.0,127.4246,4.6677,3.07178,0.0,-0.0,170.5767,1.7942,stand_6,206.7326,0.0,-0.0,0.0,-0.0,Sidewalk
754.5,127.4246,4.6677,3.10669,0.0,0.06981,170.5767,1.7942,stand_6,206.741,0.0,0.06981,0.0,0.06981,Sidewalk
755.0,127.4246,4.6677,3.10669,0.0,-0.0,170.5767,1.7942,stand_6,206.7326,0.0,-0.0,0.0,-0.0,Sidewalk
755.5,127.4246,4.6677,3.14159,0.0,0.06981,170.5767,1.7942,stand_6,206.741,0.0,0.06981,0.0,0.06981,Sidewalk
756.0,127.4246,4.6677,3.14159,0.0,-0.0,170.5767,1.7942,stand_6,206.7326,0.0,-0.0,0.0,-0.0,Sidewalk
756.5,127.4246,4.6677,-3.10669,0.0,0.06981,170.5767,1.7942,stand_6,206.741,0.0,0.06981,0.0,0.06981,Sidewalk
757.0,127.4246,4.6677,-3.10669,0.0,-0.0,170.5767,1.7941,stand_6,206.7326,0.0,-0.0,0.0,-0.0,Sidewalk
757.5,127.4246,4.6677,-3.07178,0.0,0.06981,170.5767,1.7941,stand_6,206.741,0.0,0.06981,0.0,0.06981,Sidewalk
758.0,127.4246,4.6677,-3.07178,0.0,-0.0,170.5767,1.7941,stand_6,206.7326,0.0,-0.0,0.0,-0.0,Sidewalk
758.5,127.4246,4.6677,-3.03687,0.0,0.06981,170.5767,1.7941,stand_6,206.741,0.0,0.06981,0.0,0.06981,Sidewalk
759.0,127.4246,4.6677,-3.03687,0.0,-0.0,170.5767,1.7941,stand_6,206.7326,0.0,-0.0,0.0,-0.0,Sidewalk
759.5,127.4246,4.6677,-3.00197,0.0,0.06981,170.5767,1.7941,stand_6,206.741,0.0,0.06981,0.0,0.06981,Sidewalk
760.0,127.4246,4.6677,-3.00197,0.0,-0.0,170.5767,1.7941,stand_6,206.7326,0.0,-0.0,0.0,-0.0,Sidewalk
760.5,127.4246,4.6677,-2.96706,0.0,0.06981,170.5767,1.7941,stand_6,206.741,0.0,0.06981,0.0,0.06981,Sidewalk
761.0,127.4246,4.6677,-2.96706,0.0,-0.0,170.5767,1.7941,stand_6,206.7326,0.0,-0.0,0.0,-0.0,Sidewalk
761.5,127.4246,4.6677,-2.93215,0.0,0.06981,170.5767,1.7941,stand_6,206.741,0.0,0.06981,0.0,0.06981,Sidewalk
762.0,127.4246,4.6677,-2.93215,0.0,-0.0,170.5767,1.7941,stand_6,206.7326,0.0,-0.0,0.0,-0.0,Sidewalk
762.5,127.4246,4.6677,-2.89725,0.0,0.06981,170.5767,1.7941,stand_6,206.741,0.0,0.06981,0.0,0.06981,Sidewalk
763.0,127.4246,4.6677,-2.89725,0.0,-0.0,170.5767,1.7941,stand_6,206.7326,0.0,-0.0,0.0,-0.0,Sidewalk
763.5,127.4246,4.6677,-2.86234,0.0,0.06981,170.5767,1.7941,stand_6,206.741,0.0,0.06981,0.0,0.06981,Sidewalk
764.0,127.4246,4.6677,-2.86234,0.0,-0.0,170.5767,1.7941,stand_6,206.7326,0.0,-0.0,0.0,-0.0,Sidewalk
764.5,127.4246,4.6677,-2.82743,0.0,0.06981,170.5767,1.7941,stand_6,206.741,0.0,0.06981,0.0,0.06981,Sidewalk
765.0,127.4246,4.6677,-2.82743,0.0,-0.0,170.5767,1.7941,stand_6,206.7326,0.0,-0.0,0.0,-0.0,Sidewalk
765.5,127.4246,4.6677,-2.79253,0.0,0.06981,170.5767,1.7941,stand_6,206.741,0.0,0.06981,0.0,0.06981,Sidewalk
766.0,127.4246,4.6677,-2.79253,0.0,-0.0,170.5767,1.7941,stand_6,206.7326,0.0,-0.0,0.0,-0.0,Sidewalk
766.5,127.4246,4.6677,-2.75762,0.0,0.06981,170.5767,1.7941,stand_6,206.741,0.0,0.06981,0.0,0.06981,Sidewalk
767.0,127.4246,4.6677,-2.75762,0.0,-0.0,170.5767,1.7941,stand_6,206.7326,0.0,-0.0,0.0,-0.0,Sidewalk
767.5,127.4246,4.6677,-2.72271,0.0,0.06981,170.5767,1.7941,stand_6,206.741,0.0,0.06981,0.0,0.06981,Sidewalk
768.0,127.4246,4.6677,-2.72271,0.0,-0.0,170.5767,1.7941,stand_6,206.7326,0.0,-0.0,0.0,-0.0,Sidewalk
768.5,127.4246,4.6677,-2.68781,0.0,0.06981,170.5767,1.7941,stand_6,206.741,0.0,0.06981,0.0,0.06981,Sidewalk
769.0,127.4246,4.6677,-2.68781,0.0,-0.0,170.5767,1.7941,stand_6,206.7326,0.0,-0.0,0.0,-0.0,Sidewalk
769.5,127.4246,4.6677,-2.6529,0.0,0.06981,170.5767,1.7941,stand_6,206.741,0.0,0.06981,0.0,0.06981,Sidewalk
770.0,127.4246,4.6677,-2.6529,0.0,-0.0,170.5767,1.7941,stand_6,206.7326,0.0,-0.0,0.0,-0.0,Sidewalk
770.5,127.4246,4.6677,-2.61799,0.0,0.06981,170.5767,1.7941,stand_6,206.741,0.0,0.06981,0.0,0.06981,Sidewalk
771.0,127.4246,4.6677,-2.61799,0.0,-0.0,170.5767,1.7941,stand_6,206.7326,0.0,-0.0,0.0,-0.0,Sidewalk
771.5,127.4246,4.6677,-2.58309,0.0,0.06981,170.5767,1.7941,stand_6,206.741,0.0,0.06981,0.0,0.06981,Sidewalk
772.0,127.4246,4.6677,-2.58309,0.0,-0.0,170.5767,1.7941,stand_6,206.7326,0.0,-0.0,0.0,-0.0,Sidewalk
772.5,127.4246,4.6677,-2.54818,0.0,0.06981,170.5767,1.7941,stand_6,206.741,0.0,0.06981,0.0,0.06981,Sidewalk
773.0,127.4246,4.6677,-2.54818,0.0,-0.0,170.5767,1.7941,stand_6,206.7327,0.0,-0.0,0.0,-0.0,Sidewalk
773.5,127.4246,4.6677,-2.51327,0.0,0.06981,170.5767,1.7941,stand_6,206.741,0.0,0.06981,0.0,0.06981,Sidewalk
774.0,127.4246,4.6677,-2.51327,0.0,-0.0,170.5767,1.7941,stand_6,206.7327,0.0,-0.0,0.0,-0.0,Sidewalk
774.5,127.4246,4.6677,-2.47837,0.0,0.06981,170.5767,1.7941,stand_6,206.741,0.0,0.06981,0.0,0.06981,Sidewalk
775.0,127.4246,4.6677,-2.47837,0.0,-0.0,170.5767,1.7941,stand_6,206.7327,0.0,-0.0,0.0,-0.0,Sidewalk
775.5,127.4246,4.6677,-2.44346,0.0,0.06981,170.5767,1.7941,stand_6,206.741,0.0,0.06981,0.0,0.06981,Sidewalk
776.0,127.4246,4.6677,-2.44346,0.0,-0.0,170.5767,1.7941,stand_6,206.7327,0.0,-0.0,0.0,-0.0,Sidewalk
776.5,127.4246,4.6677,-2.40855,0.0,0.06981,170.5767,1.7941,stand_6,206.741,0.0,0.06981,0.0,0.06981,Sidewalk
777.0,127.4246,4.6677,-2.40855,0.0,-0.0,170.5767,1.7941,stand_6,206.7327,0.0,-0.0,0.0,-0.0,Sidewalk
777.5,127.4246,4.6677,-2.37365,0.0,0.06981,170.5767,1.7941,stand_6,206.741,0.0,0.06981,0.0,0.06981,Sidewalk
778.0,127.4246,4.6677,-2.37365,0.0,-0.0,170.5767,1.7941,stand_6,206.7327,0.0,-0.0,0.0,-0.0,Sidewalk
778.5,127.4246,4.6677,-2.33874,0.0,0.06981,170.5767,1.7941,stand_6,206.7411,0.0,0.06981,0.0,0.06981,Sidewalk
779.0,127.4246,4.6677,-2.33874,0.0,-0.0,170.5767,1.7941,stand_6,206.7327,0.0,-0.0,0.0,-0.0,Sidewalk
779.5,127.4246,4.6677,-2.30383,0.0,0.06981,170.5767,1.7941,stand_6,206.7411,0.0,0.06981,0.0,0.06981,Sidewalk
780.0,127.4246,4.6677,-2.30383,0.0,-0.0,170.5767,1.7941,stand_6,206.7327,0.0,-0.0,0.0,-0.0,Sidewalk
780.5,127.4246,4.6677,-2.26893,0.0,0.06981,170.5767,1.7941,stand_6,206.7411,0.0,0.06981,0.0,0.06981,Sidewalk
781.0,127.4246,4.6677,-2.26893,0.0,-0.0,170.5767,1.7941,stand_6,206.7327,0.0,-0.0,0.0,-0.0,Sidewalk
781.5,127.4246,4.6677,-2.23402,0.0,0.06981,170.5767,1.7941,stand_6,206.7411,0.0,0.06981,0.0,0.06981,Sidewalk
782.0,127.4246,4.6677,-2.23402,0.0,-0.0,170.5767,1.7941,stand_6,206.7327,0.0,-0.0,0.0,-0.0,Sidewalk
782.5,127.4246,4.6677,-2.19911,0.0,0.06981,170.5767,1.7941,stand_6,206.7411,0.0,0.06981,0.0,0.06981,Sidewalk
783.0,127.4246,4.6677,-2.19911,0.0,-0.0,170.5767,1.7941,stand_6,206.7327,0.0,-0.0,0.0,-0.0,Sidewalk
783.5,127.4246,4.6677,-2.16421,0.0,0.06981,170.5767,1.7941,stand_6,206.7411,0.0,0.06981,0.0,0.06981,Sidewalk
784.0,127.4246,4.6677,-2.16421,0.0,-0.0,170.5767,1.7941,stand_6,206.7327,0.0,-0.0,0.0,-0.0,Sidewalk
784.5,127.4246,4.6677,-2.1293,0.0,0.06981,170.5767,1.7941,stand_6,206.7411,0.0,0.06981,0.0,0.06981,Sidewalk
785.0,127.4246,4.6677,-2.1293,0.0,-0.0,170.5767,1.7941,stand_6,206.7327,0.0,-0.0,0.0,-0.0,Sidewalk
785.5,127.4246,4.6677,-2.0944,0.0,0.06981,170.5767,1.7941,stand_6,206.7411,0.0,0.06981,0.0,0.06981,Sidewalk
786.0,127.4246,4.6677,-2.0944,0.0,-0.0,170.5767,1.7941,stand_6,206.7327,0.0,-0.0,0.0,-0.0,Sidewalk
786.5,127.4246,4.6677,-2.05949,0.0,0.06981,170.5767,1.7941,stand_6,206.7411,0.0,0.06981,0.0,0.06981,Sidewalk
787.0,127.4246,4.6677,-2.05949,0.0,-0.0,170.5767,1.7941,stand_6,206.7327,0.0,-0.0,0.0,-0.0,Sidewalk
787.5,127.4246,4.6677,-2.02458,0.0,0.06981,170.5767,1.7941,stand_6,206.7411,0.0,0.06981,0.0,0.06981,Sidewalk
788.0,127.4246,4.6677,-2.02458,0.0,-0.0,170.5767,1.7941,stand_6,206.7327,0.0,-0.0,0.0,-0.0,Sidewalk
788.5,127.4246,4.6677,-1.98968,0.0,0.06981,170.5767,1.7941,stand_6,206.7411,0.0,0.06981,0.0,0.06981,Sidewalk
789.0,127.4246,4.6677,-1.98968,0.0,-0.0,170.5767,1.7941,stand_6,206.7327,0.0,-0.0,0.0,-0.0,Sidewalk
789.5,127.4246,4.6677,-1.95477,0.0,0.06981,170.5767,1.7941,stand_6,206.7411,0.0,0.06981,0.0,0.06981,Sidewalk
790.0,127.4246,4.6677,-1.95477,0.0,-0.0,170.5767,1.7941,stand_6,206.7327,0.0,-0.0,0.0,-0.0,Sidewalk
790.5,127.4246,4.6677,-1.91986,0.0,0.06981,170.5767,1.7941,stand_6,206.7411,0.0,0.06981,0.0,0.06981,Sidewalk
791.0,127.4246,4.6677,-1.91986,0.0,-0.0,170.5767,1.7941,stand_6,206.7327,0.0,-0.0,0.0,-0.0,Sidewalk
791.5,127.4246,4.6677,-1.88496,0.0,0.06981,170.5767,1.794,stand_6,206.7411,0.0,0.06981,0.0,0.06981,Sidewalk
792.0,127.4246,4.6677,-1.88496,0.0,-0.0,170.5767,1.794,stand_6,206.7327,0.0,-0.0,0.0,-0.0,Sidewalk
792.5,127.4246,4.6677,-1.85005,0.0,0.06981,170.5767,1.794,stand_6,206.7411,0.0,0.06981,0.0,0.06981,Sidewalk
793.0,127.4246,4.6677,-1.85005,0.0,-0.0,170.5767,1.794,stand_6,206.7327,0.0,-0.0,0.0,-0.0,Sidewalk
793.5,127.4246,4.6677,-1.81514,0.0,0.06981,170.5767,1.794,stand_6,206.7411,0.0,0.06981,0.0,0.06981,Sidewalk
794.0,127.4246,4.6677,-1.81514,0.0,-0.0,170.5767,1.794,stand_6,206.7327,0.0,-0.0,0.0,-0.0,Sidewalk
794.5,127.4246,4.6677,-1.78024,0.0,0.06981,170.5767,1.794,stand_6,206.7411,0.0,0.06981,0.0,0.06981,Sidewalk
795.0,127.4246,4.6677,-1.78024,0.0,-0.0,170.5767,1.794,stand_6,206.7327,0.0,-0.0,0.0,-0.0,Sidewalk
795.5,127.4246,4.6677,-1.74533,0.0,0.06981,170.5767,1.794,stand_6,206.7411,0.0,0.06981,0.0,0.06981,Sidewalk
796.0,127.4246,4.6677,-1.74533,0.0,-0.0,170.5767,1.794,stand_6,206.7327,0.0,-0.0,0.0,-0.0,Sidewalk
796.5,127.4246,4.6677,-1.71042,0.0,0.06981,170.5767,1.794,stand_6,206.7411,0.0,0.06981,0.0,0.06981,Sidewalk
797.0,127.4246,4.6677,-1.71042,0.0,-0.0,170.5767,1.794,stand_6,206.7327,0.0,-0.0,0.0,-0.0,Sidewalk
797.5,127.4246,4.6677,-1.67552,0.0,0.06981,170.5767,1.794,stand_6,206.7411,0.0,0.06981,0.0,0.06981,Sidewalk
798.0,127.4246,4.6677,-1.67552,0.0,-0.0,170.5767,1.794,stand_6,206.7327,0.0,-0.0,0.0,-0.0,Sidewalk
798.5,127.4246,4.6677,-1.64061,0.0,0.06981,170.5767,1.794,stand_6,206.7411,0.0,0.06981,0.0,0.06981,Sidewalk
799.0,127.4246,4.6677,-1.64061,0.0,-0.0,170.5767,1.794,stand_6,206.7328,0.0,-0.0,0.0,-0.0,Sidewalk
799.5,127.4246,4.6677,-1.6057,0.0,0.06981,170.5767,1.794,stand_6,206.7411,0.0,0.06981,0.0,0.06981,Sidewalk
800.0,127.4246,4.6677,-1.6057,0.0,-0.0,170.5767,1.794,stand_6,206.7328,0.0,-0.0,0.0,-0.0,Sidewalk
800.5,127.4246,4.6677,-1.5708,0.0,0.06981,170.5767,1.794,stand_6,206.7411,0.0,0.06981,0.0,0.06981,Sidewalk
801.0,127.4246,4.6677,-1.5708,0.0,-0.0,170.5767,1.794,stand_6,206.7328,0.0,-0.0,0.0,-0.0,Sidewalk
801.5,127.4246,4.6677,-1.53589,0.0,0.06981,170.5767,1.794,stand_6,206.7411,0.0,0.06981,0.0,0.06981,Sidewalk
802.0,127.4246,4.6677,-1.53589,0.0,-0.0,170.5767,1.794,stand_6,206.7328,0.0,-0.0,0.0,-0.0,Sidewalk
802.5,127.4246,4.6677,-1.50098,0.0,0.06981,170.5767,1.794,stand_6,206.7411,0.0,0.06981,0.0,0.06981,Sidewalk
803.0,127.4246,4.6677,-1.50098,0.0,-0.0,170.5767,1.794,stand_6,206.7328,0.0,-0.0,0.0,-0.0,Sidewalk
803.5,127.4246,4.6677,-1.46608,0.0,0.06981,170.5767,1.794,stand_6,206.7411,0.0,0.06981,0.0,0.06981,Sidewalk
804.0,127.4246,4.6677,-1.46608,0.0,-0.0,170.5767,1.794,stand_6,206.7328,0.0,-0.0,0.0,-0.0,Sidewalk
804.5,127.4246,4.6677,-1.43117,0.0,0.06981,170.5767,1.794,stand_6,206.7411,0.0,0.06981,0.0,0.06981,Sidewalk
805.0,127.4246,4.6677,-1.43117,0.0,-0.0,170.5767,1.794,stand_6,206.7328,0.0,-0.0,0.0,-0.0,Sidewalk
805.5,127.4246,4.6677,-1.39626,0.0,0.06981,170.5767,1.794,stand_6,206.7412,0.0,0.06981,0.0,0.06981,Sidewalk
806.0,127.4246,4.6677,-1.39626,0.0,-0.0,170.5767,1.794,stand_6,206.7328,0.0,-0.0,0.0,-0.0,Sidewalk
806.5,127.4246,4.6677,-1.36136,0.0,0.06981,170.5767,1.794,stand_6,206.7412,0.0,0.06981,0.0,0.06981,Sidewalk
807.0,127.4246,4.6677,-1.36136,0.0,-0.0,170.5767,1.794,stand_6,206.7328,0.0,-0.0,0.0,-0.0,Sidewalk
807.5,127.4246,4.6677,-1.32645,0.0,0.06981,170.5767,1.794,stand_6,206.7412,0.0,0.06981,0.0,0.06981,Sidewalk
808.0,127.4246,4.6677,-1.32645,0.0,-0.0,170.5767,1.794,stand_6,206.7328,0.0,-0.0,0.0,-0.0,Sidewalk
808.5,127.4246,4.6677,-1.29154,0.0,0.06981,170.5767,1.794,stand_6,206.7412,0.0,0.06981,0.0,0.06981,Sidewalk
809.0,127.4246,4.6677,-1.29154,0.0,-0.0,170.5767,1.794,stand_6,206.7328,0.0,-0.0,0.0,-0.0,Sidewalk
809.5,127.4246,4.6677,-1.25664,0.0,0.06981,170.5767,1.794,stand_6,206.7412,0.0,0.06981,0.0,0.06981,Sidewalk
810.0,127.4246,4.6677,-1.25664,0.0,-0.0,170.5767,1.794,stand_6,206.7328,0.0,-0.0,0.0,-0.0,Sidewalk
810.5,127.4246,4.6677,-1.22173,0.0,0.06981,170.5767,1.794,stand_6,206.7412,0.0,0.06981,0.0,0.06981,Sidewalk
811.0,127.4246,4.6677,-1.22173,0.0,-0.0,170.5767,1.794,stand_6,206.7328,0.0,-0.0,0.0,-0.0,Sidewalk
811.5,127.4246,4.6677,-1.18682,0.0,0.06981,170.5767,1.794,stand_6,206.7412,0.0,0.06981,0.0,0.06981,Sidewalk
812.0,127.4246,4.6677,-1.18682,0.0,-0.0,170.5767,1.794,stand_6,206.7328,0.0,-0.0,0.0,-0.0,Sidewalk
812.5,127.4246,4.6677,-1.15192,0.0,0.06981,170.5767,1.794,stand_6,206.7412,0.0,0.06981,0.0,0.06981,Sidewalk
813.0,127.4246,4.6677,-1.15192,0.0,-0.0,170.5767,1.794,stand_6,206.7328,0.0,-0.0,0.0,-0.0,Sidewalk
813.5,127.4246,4.6677,-1.11701,0.0,0.06981,170.5767,1.794,stand_6,206.7412,0.0,0.06981,0.0,0.06981,Sidewalk
814.0,127.4246,4.6677,-1.11701,0.0,-0.0,170.5767,1.794,stand_6,206.7328,0.0,-0.0,0.0,-0.0,Sidewalk
814.5,127.4246,4.6677,-1.0821,0.0,0.06981,170.5767,1.794,stand_6,206.7412,0.0,0.06981,0.0,0.06981,Sidewalk
815.0,127.4246,4.6677,-1.0821,0.0,-0.0,170.5767,1.794,stand_6,206.7328,0.0,-0.0,0.0,-0.0,Sidewalk
815.5,127.4246,4.6677,-1.0472,0.0,0.06981,170.5767,1.794,stand_6,206.7412,0.0,0.06981,0.0,0.06981,Sidewalk
816.0,127.4246,4.6677,-1.0472,0.0,-0.0,170.5767,1.794,stand_6,206.7328,0.0,-0.0,0.0,-0.0,Sidewalk
816.5,127.4246,4.6677,-1.01229,0.0,0.06981,170.5767,1.794,stand_6,206.7412,0.0,0.06981,0.0,0.06981,Sidewalk
817.0,127.4246,4.6677,-1.01229,0.0,-0.0,170.5767,1.794,stand_6,206.7328,0.0,-0.0,0.0,-0.0,Sidewalk
817.5,127.4246,4.6677,-0.97738,0.0,0.06981,170.5767,1.794,stand_6,206.7412,0.0,0.06981,0.0,0.06981,Sidewalk
818.0,127.4246,4.6677,-0.97738,0.0,-0.0,170.5767,1.794,stand_6,206.7328,0.0,-0.0,0.0,-0.0,Sidewalk
818.5,127.4246,4.6677,-0.94248,0.0,0.06981,170.5767,1.794,stand_6,206.7412,0.0,0.06981,0.0,0.06981,Sidewalk
819.0,127.4246,4.6677,-0.94248,0.0,-0.0,170.5767,1.794,stand_6,206.7328,0.0,-0.0,0.0,-0.0,Sidewalk
819.5,127.4246,4.6677,-0.90757,0.0,0.06981,170.5767,1.794,stand_6,206.7412,0.0,0.06981,0.0,0.06981,Sidewalk
820.0,127.4246,4.6677,-0.90757,0.0,-0.0,170.5767,1.794,stand_6,206.7328,0.0,-0.0,0.0,-0.0,Sidewalk
820.5,127.4246,4.6677,-0.87266,0.0,0.06981,170.5767,1.794,stand_6,206.7412,0.0,0.06981,0.0,0.06981,Sidewalk
821.0,127.4246,4.6677,-0.87266,0.0,-0.0,170.5767,1.794,stand_6,206.7328,0.0,-0.0,0.0,-0.0,Sidewalk
821.5,127.4246,4.6677,-0.83776,0.0,0.06981,170.5767,1.794,stand_6,206.7412,0.0,0.06981,0.0,0.06981,Sidewalk
822.0,127.4246,4.6677,-0.83776,0.0,-0.0,170.5767,1.794,stand_6,206.7328,0.0,-0.0,0.0,-0.0,Sidewalk
822.5,127.4246,4.6677,-0.80285,0.0,0.06981,170.5767,1.794,stand_6,206.7412,0.0,0.06981,0.0,0.06981,Sidewalk
823.0,127.4246,4.6677,-0.80285,0.0,-0.0,170.5767,1.794,stand_6,206.7328,0.0,-0.0,0.0,-0.0,Sidewalk
823.5,127.4246,4.6677,-0.76794,0.0,0.06981,170.5767,1.7939,stand_6,206.7412,0.0,0.06981,0.0,0.06981,Sidewalk
824.0,127.4246,4.6677,-0.76794,0.0,-0.0,170.5767,1.7939,stand_6,206.7329,0.0,-0.0,0.0,-0.0,Sidewalk
824.5,127.4246,4.6677,-0.73304,0.0,0.06981,170.5767,1.7939,stand_6,206.7412,0.0,0.06981,0.0,0.06981,Sidewalk
825.0,127.4246,4.6677,-0.73304,0.0,-0.0,170.5767,1.7939,stand_6,206.7329,0.0,-0.0,0.0,-0.0,Sidewalk
825.5,127.4246,4.6677,-0.69813,0.0,0.06981,170.5767,1.7939,stand_6,206.7412,0.0,0.06981,0.0,0.06981,Sidewalk
826.0,127.4246,4.6677,-0.69813,0.0,-0.0,170.5767,1.7939,stand_6,206.7329,0.0,-0.0,0.0,-0.0,Sidewalk
826.5,127.4246,4.6677,-0.66323,0.0,0.06981,170.5767,1.7939,stand_6,206.7412,0.0,0.06981,0.0,0.06981,Sidewalk
827.0,127.4246,4.6677,-0.66323,0.0,-0.0,170.5767,1.7939,stand_6,206.7329,0.0,-0.0,0.0,-0.0,Sidewalk
827.5,127.4246,4.6677,-0.62832,0.0,0.06981,170.5767,1.7939,stand_6,206.7412,0.0,0.06981,0.0,0.06981,Sidewalk
828.0,127.4246,4.6677,-0.62832,0.0,-0.0,170.5767,1.7939,stand_6,206.7329,0.0,-0.0,0.0,-0.0,Sidewalk
828.5,127.4246,4.6677,-0.59341,0.0,0.06981,170.5767,1.7939,stand_6,206.7413,0.0,0.06981,0.0,0.06981,Sidewalk
829.0,127.4246,4.6677,-0.59341,0.0,-0.0,170.5767,1.7939,stand_6,206.7329,0.0,-0.0,0.0,-0.0,Sidewalk
829.5,127.4246,4.6677,-0.55851,0.0,0.06981,170.5767,1.7939,stand_6,206.7413,0.0,0.06981,0.0,0.06981,Sidewalk
830.0,127.4246,4.6677,-0.55851,0.0,-0.0,170.5767,1.7939,stand_6,206.7329,0.0,-0.0,0.0,-0.0,Sidewalk
830.5,127.4246,4.6677,-0.5236,0.0,0.06981,170.5767,1.7939,stand_6,206.7413,0.0,0.06981,0.0,0.06981,Sidewalk
831.0,127.4246,4.6677,-0.5236,0.0,-0.0,170.5767,1.7939,stand_6,206.7329,0.0,-0.0,0.0,-0.0,Sidewalk
831.5,127.4246,4.6677,-0.48869,0.0,0.06981,170.5767,1.7939,stand_6,206.7413,0.0,0.06981,0.0,0.06981,Sidewalk
832.0,127.4246,4.6677,-0.48869,0.0,-0.0,170.5767,1.7939,stand_6,206.7329,0.0,-0.0,0.0,-0.0,Sidewalk
832.5,127.4246,4.6677,-0.45379,0.0,0.06981,170.5767,1.7939,stand_6,206.7413,0.0,0.06981,0.0,0.06981,Sidewalk
833.0,127.4246,4.6677,-0.45379,0.0,-0.0,170.5767,1.7939,stand_6,206.7329,0.0,-0.0,0.0,-0.0,Sidewalk
833.5,127.4246,4.6677,-0.41888,0.0,0.06981,170.5767,1.7939,stand_6,206.7413,0.0,0.06981,0.0,0.06981,Sidewalk
834.0,127.4246,4.6677,-0.41888,0.0,-0.0,170.5767,1.7939,stand_6,206.7329,0.0,-0.0,0.0,-0.0,Sidewalk
834.5,127.4246,4.6677,-0.38397,0.0,0.06981,170.5767,1.7939,stand_6,206.7413,0.0,0.06981,0.0,0.06981,Sidewalk
835.0,127.4246,4.6677,-0.38397,0.0,-0.0,170.5767,1.7939,stand_6,206.7329,0.0,-0.0,0.0,-0.0,Sidewalk
835.5,127.4246,4.6677,-0.34907,0.0,0.06981,170.5767,1.7939,stand_6,206.7413,0.0,0.06981,0.0,0.06981,Sidewalk
836.0,127.4246,4.6677,-0.34907,0.0,-0.0,170.5767,1.7939,stand_6,206.7329,0.0,-0.0,0.0,-0.0,Sidewalk
836.5,127.4246,4.6677,-0.31416,0.0,0.06981,170.5767,1.7939,stand_6,206.7413,0.0,0.06981,0.0,0.06981,Sidewalk
837.0,127.4246,4.6677,-0.31416,0.0,-0.0,170.5767,1.7939,stand_6,206.7329,0.0,-0.0,0.0,-0.0,Sidewalk
837.5,127.4246,4.6677,-0.27925,0.0,0.06981,170.5767,1.7939,stand_6,206.7413,0.0,0.06981,0.0,0.06981,Sidewalk
838.0,127.4246,4.6677,-0.27925,0.0,-0.0,170.5767,1.7939,stand_6,206.7329,0.0,-0.0,0.0,-0.0,Sidewalk
838.5,127.4246,4.6677,-0.24435,0.0,0.06981,170.5767,1.7939,stand_6,206.7413,0.0,0.06981,0.0,0.06981,Sidewalk
839.0,127.4246,4.6677,-0.24435,0.0,-0.0,170.5767,1.7939,stand_6,206.7329,0.0,-0.0,0.0,-0.0,Sidewalk
839.5,127.4246,4.6677,-0.20944,0.0,0.06981,170.5767,1.7939,stand_6,206.7413,0.0,0.06981,0.0,0.06981,Sidewalk
840.0,127.4246,4.6677,-0.20944,0.0,-0.0,170.5767,1.7939,stand_6,206.7329,0.0,-0.0,0.0,-0.0,Sidewalk
840.5,127.4246,4.6677,-0.17453,0.0,0.06981,170.5767,1.7939,stand_6,206.7413,0.0,0.06981,0.0,0.06981,Sidewalk
841.0,127.4246,4.6677,-0.17453,0.0,-0.0,170.5767,1.7939,stand_6,206.7329,0.0,-0.0,0.0,-0.0,Sidewalk
841.5,127.4246,4.6677,-0.13963,0.0,0.06981,170.5767,1.7939,stand_6,206.7413,0.0,0.06981,0.0,0.06981,Sidewalk
842.0,127.4246,4.6677,-0.13963,0.0,-0.0,170.5767,1.7939,stand_6,206.7329,0.0,-0.0,0.0,-0.0,Sidewalk
842.5,127.4246,4.6677,-0.10472,0.0,0.06981,170.5767,1.7939,stand_6,206.7413,0.0,0.06981,0.0,0.06981,Sidewalk
843.0,127.4246,4.6677,-0.10472,0.0,-0.0,170.5767,1.7939,stand_6,206.7329,0.0,-0.0,0.0,-0.0,Sidewalk
843.5,127.4246,4.6677,-0.06981,0.0,0.06981,170.5767,1.7939,stand_6,206.7413,0.0,0.06981,0.0,0.06981,Sidewalk
844.0,127.4246,4.6677,-0.06981,0.0,-0.0,170.5767,1.7939,stand_6,206.7329,0.0,-0.0,0.0,-0.0,Sidewalk
844.5,127.4246,4.6677,-0.03491,0.0,0.06981,170.5767,1.7939,stand_6,206.7413,0.0,0.06981,0.0,0.06981,Sidewalk
845.0,127.4246,4.6677,-0.03491,0.0,-0.0,170.5767,1.7939,stand_6,206.7329,0.0,-0.0,0.0,-0.0,Sidewalk
845.5,127.4246,4.6677,-0.0,0.0,0.06981,170.5767,1.7939,stand_6,206.7413,0.0,0.06981,0.0,0.06981,Sidewalk
846.0,127.4246,4.6677,-0.0,0.0,-0.0,170.5767,1.7939,stand_6,206.7329,0.0,-0.0,0.0,-0.0,Sidewalk
846.5,127.4246,4.6677,0.03491,0.0,0.06981,170.5767,1.7939,stand_6,206.7413,0.0,0.06981,0.0,0.06981,Sidewalk
847.0,127.4246,4.6677,0.03491,0.0,-0.0,170.5767,1.7939,stand_6,206.7329,0.0,-0.0,0.0,-0.0,Sidewalk
847.5,127.4246,4.6677,0.06981,0.0,0.06981,170.5767,1.7939,stand_6,206.7413,0.0,0.06981,0.0,0.06981,Sidewalk
848.0,127.4246,4.6677,0.06981,0.0,-0.0,170.5767,1.7939,stand_6,206.733,0.0,-0.0,0.0,-0.0,Sidewalk
848.5,127.4246,4.6677,0.10472,0.0,0.06981,170.5767,1.7939,stand_6,206.7413,0.0,0.06981,0.0,0.06981,Sidewalk
849.0,127.4246,4.6677,0.10472,0.0,-0.0,170.5767,1.7939,stand_6,206.733,0.0,-0.0,0.0,-0.0,Sidewalk
849.5,127.4246,4.6677,0.13963,0.0,0.06981,170.5767,1.7939,stand_6,206.7413,0.0,0.06981,0.0,0.06981,Sidewalk
850.0,127.4246,4.6677,0.13963,0.0,-0.0,170.5767,1.7939,stand_6,206.733,0.0,-0.0,0.0,-0.0,Sidewalk
850.5,127.4246,4.6677,0.17453,0.0,0.06981,170.5767,1.7939,stand_6,206.7413,0.0,0.06981,0.0,0.06981,Sidewalk
851.0,127.4246,4.6677,0.17453,0.0,-0.0,170.5767,1.7939,stand_6,206.733,0.0,-0.0,0.0,-0.0,Sidewalk
851.5,127.4246,4.6677,0.20944,0.0,0.06981,170.5767,1.7939,stand_6,206.7413,0.0,0.06981,0.0,0.06981,Sidewalk
852.0,127.4246,4.6677,0.20944,0.0,-0.0,170.5767,1.7939,stand_6,206.733,0.0,-0.0,0.0,-0.0,Sidewalk
852.5,127.4246,4.6677,0.24435,0.0,0.06981,170.5767,1.7939,stand_6,206.7413,0.0,0.06981,0.0,0.06981,Sidewalk
853.0,127.4246,4.6677,0.24435,0.0,-0.0,170.5767,1.7939,stand_6,206.733,0.0,-0.0,0.0,-0.0,Sidewalk
853.5,127.4246,4.6677,0.27925,0.0,0.06981,170.5767,1.7939,stand_6,206.7414,0.0,0.06981,0.0,0.06981,Sidewalk
854.0,127.4246,4.6677,0.27925,0.0,-0.0,170.5767,1.7938,stand_6,206.733,0.0,-0.0,0.0,-0.0,Sidewalk
854.5,127.4246,4.6677,0.31416,0.0,0.06981,170.5767,1.7938,stand_6,206.7414,0.0,0.06981,0.0,0.06981,Sidewalk
855.0,127.4246,4.6677,0.31416,0.0,-0.0,170.5767,1.7938,stand_6,206.733,0.0,-0.0,0.0,-0.0,Sidewalk
855.5,127.4246,4.6677,0.34907,0.0,0.06981,170.5767,1.7938,stand_6,206.7414,0.0,0.06981,0.0,0.06981,Sidewalk
856.0,127.4246,4.6677,0.34907,0.0,-0.0,170.5767,1.7938,stand_6,206.733,0.0,-0.0,0.0,-0.0,Sidewalk
856.5,127.4246,4.6677,0.38397,0.0,0.06981,170.5767,1.7938,stand_6,206.7414,0.0,0.06981,0.0,0.06981,Sidewalk
857.0,127.4246,4.6677,0.38397,0.0,-0.0,170.5767,1.7938,stand_6,206.733,0.0,-0.0,0.0,-0.0,Sidewalk
857.5,127.4246,4.6677,0.41888,0.0,0.06981,170.5767,1.7938,stand_6,206.7414,0.0,0.06981,0.0,0.06981,Sidewalk
858.0,127.4246,4.6677,0.41888,0.0,-0.0,170.5767,1.7938,stand_6,206.733,0.0,-0.0,0.0,-0.0,Sidewalk
858.5,127.4246,4.6677,0.45379,0.0,0.06981,170.5767,1.7938,stand_6,206.7414,0.0,0.06981,0.0,0.06981,Sidewalk
859.0,127.4246,4.6677,0.45379,0.0,-0.0,170.5767,1.7938,stand_6,206.733,0.0,-0.0,0.0,-0.0,Sidewalk
859.5,127.4246,4.6677,0.48869,0.0,0.06981,170.5767,1.7938,stand_6,206.7414,0.0,0.06981,0.0,0.06981,Sidewalk
860.0,127.4246,4.6677,0.48869,0.0,-0.0,170.5767,1.7938,stand_6,206.733,0.0,-0.0,0.0,-0.0,Sidewalk
860.5,127.4246,4.6677,0.5236,0.0,0.06981,170.5767,1.7938,stand_6,206.7414,0.0,0.06981,0.0,0.06981,Sidewalk
861.0,127.4246,4.6677,0.5236,0.0,-0.0,170.5767,1.7938,stand_6,206.733,0.0,-0.0,0.0,-0.0,Sidewalk
861.5,127.4246,4.6677,0.55851,0.0,0.06981,170.5767,1.7938,stand_6,206.7414,0.0,0.06981,0.0,0.06981,Sidewalk
862.0,127.4246,4.6677,0.55851,0.0,-0.0,170.5767,1.7938,stand_6,206.733,0.0,-0.0,0.0,-0.0,Sidewalk
862.5,127.4246,4.6677,0.59341,0.0,0.06981,170.5767,1.7938,stand_6,206.7414,0.0,0.06981,0.0,0.06981,Sidewalk
863.0,127.4246,4.6677,0.59341,0.0,-0.0,170.5767,1.7938,stand_6,206.733,0.0,-0.0,0.0,-0.0,Sidewalk
863.5,127.4246,4.6677,0.62832,0.0,0.06981,170.5767,1.7938,stand_6,206.7414,0.0,0.06981,0.0,0.06981,Sidewalk
864.0,127.4246,4.6677,0.62832,0.0,-0.0,170.5767,1.7938,stand_6,206.733,0.0,-0.0,0.0,-0.0,Sidewalk
864.5,127.4246,4.6677,0.66323,0.0,0.06981,170.5767,1.7938,stand_6,206.7414,0.0,0.06981,0.0,0.06981,Sidewalk
865.0,127.4246,4.6677,0.66323,0.0,-0.0,170.5767,1.7938,stand_6,206.733,0.0,-0.0,0.0,-0.0,Sidewalk
865.5,127.4246,4.6677,0.69813,0.0,0.06981,170.5767,1.7938,stand_6,206.7414,0.0,0.06981,0.0,0.06981,Sidewalk
866.0,127.4246,4.6677,0.69813,0.0,-0.0,170.5767,1.7938,stand_6,206.733,0.0,-0.0,0.0,-0.0,Sidewalk
866.5,127.4246,4.6677,0.73304,0.0,0.06981,170.5767,1.7938,stand_6,206.7414,0.0,0.06981,0.0,0.06981,Sidewalk
867.0,127.4246,4.6677,0.73304,0.0,-0.0,170.5767,1.7938,stand_6,206.733,0.0,-0.0,0.0,-0.0,Sidewalk
867.5,127.4246,4.6677,0.76794,0.0,0.06981,170.5767,1.7938,stand_6,206.7414,0.0,0.06981,0.0,0.06981,Sidewalk
868.0,127.4246,4.6677,0.76794,0.0,-0.0,170.5767,1.7938,stand_6,206.733,0.0,-0.0,0.0,-0.0,Sidewalk
868.5,127.4246,4.6677,0.80285,0.0,0.06981,170.5767,1.7938,stand_6,206.7414,0.0,0.06981,0.0,0.06981,Sidewalk
869.0,127.4246,4.6677,0.80285,0.0,-0.0,170.5767,1.7938,stand_6,206.733,0.0,-0.0,0.0,-0.0,Sidewalk
869.5,127.4246,4.6677,0.83776,0.0,0.06981,170.5767,1.7938,stand_6,206.7414,0.0,0.06981,0.0,0.06981,Sidewalk
870.0,127.4246,4.6677,0.83776,0.0,-0.0,170.5767,1.7938,stand_6,206.733,0.0,-0.0,0.0,-0.0,Sidewalk
870.5,127.4246,4.6677,0.87266,0.0,0.06981,170.5767,1.7938,stand_6,206.7414,0.0,0.06981,0.0,0.06981,Sidewalk
871.0,127.4246,4.6677,0.87266,0.0,-0.0,170.5767,1.7938,stand_6,206.733,0.0,-0.0,0.0,-0.0,Sidewalk
871.5,127.4246,4.6677,0.90757,0.0,0.06981,170.5767,1.7938,stand_6,206.7414,0.0,0.06981,0.0,0.06981,Sidewalk
872.0,127.4246,4.6677,0.90757,0.0,-0.0,170.5767,1.7938,stand_6,206.7331,0.0,-0.0,0.0,-0.0,Sidewalk
872.5,127.4246,4.6677,0.94248,0.0,0.06981,170.5767,1.7938,stand_6,206.7414,0.0,0.06981,0.0,0.06981,Sidewalk
873.0,127.4246,4.6677,0.94248,0.0,-0.0,170.5767,1.7938,stand_6,206.7331,0.0,-0.0,0.0,-0.0,Sidewalk
873.5,127.4246,4.6677,0.97738,0.0,0.06981,170.5767,1.7938,stand_6,206.7414,0.0,0.06981,0.0,0.06981,Sidewalk
874.0,127.4246,4.6677,0.97738,0.0,-0.0,170.5767,1.7938,stand_6,206.7331,0.0,-0.0,0.0,-0.0,Sidewalk
874.5,127.4246,4.6677,1.01229,0.0,0.06981,170.5767,1.7938,stand_6,206.7414,0.0,0.06981,0.0,0.06981,Sidewalk
875.0,127.4246,4.6677,1.01229,0.0,-0.0,170.5767,1.7938,stand_6,206.7331,0.0,-0.0,0.0,-0.0,Sidewalk
875.5,127.4246,4.6677,1.0472,0.0,0.06981,170.5767,1.7938,stand_6,206.7414,0.0,0.06981,0.0,0.06981,Sidewalk
876.0,127.4246,4.6677,1.0472,0.0,-0.0,170.5767,1.7938,stand_6,206.7331,0.0,-0.0,0.0,-0.0,Sidewalk
876.5,127.4246,4.6677,1.0821,0.0,0.06981,170.5767,1.7938,stand_6,206.7414,0.0,0.06981,0.0,0.06981,Sidewalk
877.0,127.4246,4.6677,1.0821,0.0,-0.0,170.5767,1.7938,stand_6,206.7331,0.0,-0.0,0.0,-0.0,Sidewalk
877.5,127.4246,4.6677,1.11701,0.0,0.06981,170.5767,1.7938,stand_6,206.7414,0.0,0.06981,0.0,0.06981,Sidewalk
878.0,127.4246,4.6677,1.11701,0.0,-0.0,170.5767,1.7938,stand_6,206.7331,0.0,-0.0,0.0,-0.0,Sidewalk
878.5,127.4246,4.6677,1.15192,0.0,0.06981,170.5767,1.7938,stand_6,206.7415,0.0,0.06981,0.0,0.06981,Sidewalk
879.0,127.4246,4.6677,1.15192,0.0,-0.0,170.5767,1.7938,stand_6,206.7331,0.0,-0.0,0.0,-0.0,Sidewalk
879.5,127.4246,4.6677,1.18682,0.0,0.06981,170.5767,1.7938,stand_6,206.7415,0.0,0.06981,0.0,0.06981,Sidewalk
880.0,127.4246,4.6677,1.18682,0.0,-0.0,170.5767,1.7938,stand_6,206.7331,0.0,-0.0,0.0,-0.0,Sidewalk
880.5,127.4246,4.6677,1.22173,0.0,0.06981,170.5767,1.7938,stand_6,206.7415,0.0,0.06981,0.0,0.06981,Sidewalk
881.0,127.4246,4.6677,1.22173,0.0,-0.0,170.5767,1.7938,stand_6,206.7331,0.0,-0.0,0.0,-0.0,Sidewalk
881.5,127.4246,4.6677,1.25664,0.0,0.06981,170.5767,1.7938,stand_6,206.7415,0.0,0.06981,0.0,0.06981,Sidewalk
882.0,127.4246,4.6677,1.25664,0.0,-0.0,170.5767,1.7938,stand_6,206.7331,0.0,-0.0,0.0,-0.0,Sidewalk
882.5,127.4246,4.6677,1.29154,0.0,0.06981,170.5767,1.7938,stand_6,206.7415,0.0,0.06981,0.0,0.06981,Sidewalk
883.0,127.4246,4.6677,1.29154,0.0,-0.0,170.5767,1.7938,stand_6,206.7331,0.0,-0.0,0.0,-0.0,Sidewalk
883.5,127.4246,4.6677,1.32645,0.0,0.06981,170.5767,1.7938,stand_6,206.7415,0.0,0.06981,0.0,0.06981,Sidewalk
884.0,127.4246,4.6677,1.32645,0.0,-0.0,170.5767,1.7938,stand_6,206.7331,0.0,-0.0,0.0,-0.0,Sidewalk
884.5,127.4246,4.6677,1.36136,0.0,0.06981,170.5767,1.7938,stand_6,206.7415,0.0,0.06981,0.0,0.06981,Sidewalk
885.0,127.4246,4.6677,1.36136,0.0,-0.0,170.5767,1.7938,stand_6,206.7331,0.0,-0.0,0.0,-0.0,Sidewalk
885.5,127.4246,4.6677,1.39626,0.0,0.06981,170.5767,1.7938,stand_6,206.7415,0.0,0.06981,0.0,0.06981,Sidewalk
886.0,127.4246,4.6677,1.39626,0.0,-0.0,170.5767,1.7938,stand_6,206.7331,0.0,-0.0,0.0,-0.0,Sidewalk
886.5,127.4246,4.6677,1.43117,0.0,0.06981,170.5767,1.7938,stand_6,206.7415,0.0,0.06981,0.0,0.06981,Sidewalk
887.0,127.4246,4.6677,1.43117,0.0,-0.0,170.5767,1.7937,stand_6,206.7331,0.0,-0.0,0.0,-0.0,Sidewalk
887.5,127.4246,4.6677,1.46608,0.0,0.06981,170.5767,1.7937,stand_6,206.7415,0.0,0.06981,0.0,0.06981,Sidewalk
888.0,127.4246,4.6677,1.46608,0.0,-0.0,170.5767,1.7937,stand_6,206.7331,0.0,-0.0,0.0,-0.0,Sidewalk
888.5,127.4246,4.6677,1.50098,0.0,0.06981,170.5767,1.7937,stand_6,206.7415,0.0,0.06981,0.0,0.06981,Sidewalk
889.0,127.4246,4.6677,1.50098,0.0,-0.0,170.5767,1.7937,stand_6,206.7331,0.0,-0.0,0.0,-0.0,Sidewalk
889.5,127.4246,4.6677,1.53589,0.0,0.06981,170.5767,1.7937,stand_6,206.7415,0.0,0.06981,0.0,0.06981,Sidewalk
890.0,127.4246,4.6677,1.53589,0.0,-0.0,170.5767,1.7937,stand_6,206.7331,0.0,-0.0,0.0,-0.0,Sidewalk
890.5,127.4246,4.6677,1.5708,0.0,0.06981,170.5767,1.7937,stand_6,206.7415,0.0,0.06981,0.0,0.06981,Sidewalk
891.0,127.4246,4.6677,1.5708,0.0,-0.0,170.5767,1.7937,stand_6,206.7331,0.0,-0.0,0.0,-0.0,Sidewalk
891.5,127.4246,4.6677,1.6057,0.0,0.06981,170.5767,1.7937,stand_6,206.7415,0.0,0.06981,0.0,0.06981,Sidewalk
892.0,127.4246,4.6677,1.6057,0.0,-0.0,170.5767,1.7937,stand_6,206.7331,0.0,-0.0,0.0,-0.0,Sidewalk
892.5,127.4246,4.6677,1.64061,0.0,0.06981,170.5767,1.7937,stand_6,206.7415,0.0,0.06981,0.0,0.06981,Sidewalk
893.0,127.4246,4.6677,1.64061,0.0,-0.0,170.5767,1.7937,stand_6,206.7331,0.0,-0.0,0.0,-0.0,Sidewalk
893.5,127.4246,4.6677,1.67552,0.0,0.06981,170.5767,1.7937,stand_6,206.7415,0.0,0.06981,0.0,0.06981,Sidewalk
894.0,127.4246,4.6677,1.67552,0.0,-0.0,170.5767,1.7937,stand_6,206.7331,0.0,-0.0,0.0,-0.0,Sidewalk
894.5,127.4246,4.6677,1.71042,0.0,0.06981,170.5767,1.7937,stand_6,206.7415,0.0,0.06981,0.0,0.06981,Sidewalk
895.0,127.4246,4.6677,1.71042,0.0,-0.0,170.5767,1.7937,stand_6,206.7331,0.0,-0.0,0.0,-0.0,Sidewalk
895.5,127.4246,4.6677,1.74533,0.0,0.06981,170.5767,1.7937,stand_6,206.7415,0.0,0.06981,0.0,0.06981,Sidewalk
896.0,127.4246,4.6677,1.74533,0.0,-0.0,170.5767,1.7937,stand_6,206.7331,0.0,-0.0,0.0,-0.0,Sidewalk
896.5,127.4246,4.6677,1.78024,0.0,0.06981,170.5767,1.7937,stand_6,206.7415,0.0,0.06981,0.0,0.06981,Sidewalk
897.0,127.4246,4.6677,1.78024,0.0,-0.0,170.5767,1.7937,stand_6,206.7331,0.0,-0.0,0.0,-0.0,Sidewalk
897.5,127.4246,4.6677,1.81514,0.0,0.06981,170.5767,1.7937,stand_6,206.7415,0.0,0.06981,0.0,0.06981,Sidewalk
898.0,127.4246,4.6677,1.81514,0.0,-0.0,170.5767,1.7937,stand_6,206.7331,0.0,-0.0,0.0,-0.0,Sidewalk
898.5,127.4246,4.6677,1.85005,0.0,0.06981,170.5767,1.7937,stand_6,206.7415,0.0,0.06981,0.0,0.06981,Sidewalk
899.0,127.4246,4.6677,1.85005,0.0,-0.0,170.5767,1.7937,stand_6,206.7332,0.0,-0.0,0.0,-0.0,Sidewalk
899.5,127.4246,4.6677,1.88496,0.0,0.06981,170.5767,1.7937,stand_6,206.7415,0.0,0.06981,0.0,0.06981,Sidewalk
900.0,127.4246,4.6677,1.88496,0.0,-0.0,170.5767,1.7937,stand_6,206.7332,0.0,-0.0,0.0,-0.0,Sidewalk
900.5,127.4246,4.6677,1.91986,0.0,0.06981,170.5767,1.7937,stand_6,206.7415,0.0,0.06981,0.0,0.06981,Sidewalk
