time,x,y,yaw,v,w,goal_distance,min_person_dist,closest_person,total_cost,action_linear_x,action_angular_z,observation_state_linear_x,observation_state_angular_z,observation_state_road_type
0.5,2.08,3.9972,-0.03491,0.16,-0.06981,295.92,2.9201,walk_east_mid.0,355.8633,0.16,-0.06981,0.16,-0.06981,Sidewalk
1.0,2.2399,3.9916,-0.03491,0.32,-0.0,295.7601,3.2849,walk_east_mid.0,355.0781,0.32,-0.0,0.32,-0.0,Sidewalk
1.5,2.4992,3.9735,-0.06981,0.52,-0.06981,295.5008,3.587,walk_east_mid.0,354.2892,0.52,-0.06981,0.52,-0.06981,Sidewalk
2.0,2.8192,3.9735,-0.0,0.64,0.13963,295.1808,3.9108,walk_east_mid.0,353.3777,0.64,0.13963,0.64,0.13963,Sidewalk
2.5,3.119,3.963,-0.03491,0.6,-0.06981,294.881,4.1637,walk_east_mid.0,352.8101,0.6,-0.06981,0.6,-0.06981,Sidewalk
3.0,3.4788,3.9756,0.03491,0.72,0.13963,294.5212,4.3899,walk_east_mid.0,351.902,0.72,0.13963,0.72,0.13963,Sidewalk
3.5,3.8579,4.0021,0.06981,0.76,0.06981,294.1421,4.5485,walk_east_mid.0,351.3575,0.76,0.06981,0.76,0.06981,Sidewalk
4.0,4.2579,4.0021,-0.0,0.8,-0.13963,293.7421,4.7511,walk_east_mid.0,350.4961,0.8,-0.13963,0.8,-0.13963,Sidewalk
4.5,4.6776,3.9874,-0.03491,0.84,-0.06981,293.3224,4.9014,walk_east_mid.0,349.9291,0.84,-0.06981,0.84,-0.06981,Sidewalk
5.0,5.0774,3.9735,-0.03491,0.8,-0.0,292.9226,5.1251,walk_east_mid.0,349.3257,0.8,-0.0,0.8,-0.0,Sidewalk
5.5,5.5363,3.9414,-0.06981,0.92,-0.06981,292.4637,5.2072,walk_east_mid.0,348.3922,0.92,-0.06981,0.92,-0.06981,Sidewalk
6.0,5.9752,3.9107,-0.06981,0.88,-0.0,292.0248,5.2987,walk_east_mid.0,347.9842,0.88,-0.0,0.88,-0.0,Sidewalk
6.5,6.4349,3.8946,-0.03491,0.92,0.06981,291.5651,5.3848,walk_east_mid.0,347.3349,0.92,0.06981,0.92,0.06981,Sidewalk
7.0,6.8747,3.8793,-0.03491,0.88,-0.0,291.1254,5.468,walk_east_mid.0,346.7328,0.88,-0.0,0.88,-0.0,Sidewalk
7.5,7.3335,3.8472,-0.06981,0.92,-0.06981,290.6665,5.5363,walk_east_mid.0,345.9232,0.92,-0.06981,0.92,-0.06981,Sidewalk
8.0,7.7725,3.8165,-0.06981,0.88,-0.0,290.2276,5.6624,walk_east_mid.0,345.4641,0.88,-0.0,0.88,-0.0,Sidewalk
8.5,8.2322,3.8004,-0.03491,0.92,0.06981,289.7679,5.7507,walk_east_mid.0,344.8117,0.92,0.06981,0.92,0.06981,Sidewalk
9.0,8.6719,3.7851,-0.03491,0.88,-0.0,289.3282,5.8657,walk_east_mid.0,344.2506,0.88,-0.0,0.88,-0.0,Sidewalk
9.5,9.1319,3.7851,-0.0,0.92,0.06981,288.8682,5.9386,walk_east_mid.0,343.5904,0.92,0.06981,0.92,0.06981,Sidewalk
10.0,9.5719,3.7851,-0.0,0.88,-0.0,288.4282,6.0288,walk_east_mid.0,343.0791,0.88,-0.0,0.88,-0.0,Sidewalk
10.5,10.0316,3.769,-0.03491,0.92,-0.06981,287.9685,6.1916,walk_east_mid.0,342.3241,0.92,-0.06981,0.92,-0.06981,Sidewalk
11.0,10.4714,3.7537,-0.03491,0.88,-0.0,287.5287,6.2758,walk_east_mid.0,341.8738,0.88,-0.0,0.88,-0.0,Sidewalk
11.5,10.9314,3.7537,-0.0,0.92,0.06981,287.0687,5.9371,walk_east_mid.1,341.1906,0.92,0.06981,0.92,0.06981,Sidewalk
12.0,11.3714,3.7537,-0.0,0.88,-0.0,286.6287,5.7405,walk_east_mid.1,340.6933,0.88,-0.0,0.88,-0.0,Sidewalk
12.5,11.8311,3.7376,-0.03491,0.92,-0.06981,286.169,5.6272,walk_east_mid.1,339.9801,0.92,-0.06981,0.92,-0.06981,Sidewalk
13.0,12.2708,3.7223,-0.03491,0.88,-0.0,285.7293,5.4759,walk_east_mid.1,339.5013,0.88,-0.0,0.88,-0.0,Sidewalk
13.5,12.7308,3.7223,-0.0,0.92,0.06981,285.2693,5.4034,walk_east_mid.1,338.8162,0.92,0.06981,0.92,0.06981,Sidewalk
14.0,13.1708,3.7223,-0.0,0.88,-0.0,284.8293,5.2051,walk_east_mid.1,338.3516,0.88,-0.0,0.88,-0.0,Sidewalk
14.5,13.6305,3.7383,0.03491,0.92,0.06981,284.3696,5.0444,walk_east_mid.1,337.6941,0.92,0.06981,0.92,0.06981,Sidewalk
15.0,14.0703,3.7537,0.03491,0.88,-0.0,283.9298,4.8571,walk_east_mid.1,337.2338,0.88,-0.0,0.88,-0.0,Sidewalk
15.5,14.5303,3.7537,-0.0,0.92,-0.06981,283.4698,4.774,walk_east_mid.1,336.5504,0.92,-0.06981,0.92,-0.06981,Sidewalk
16.0,14.9703,3.7537,-0.0,0.88,-0.0,283.0298,4.5795,walk_east_mid.1,336.1106,0.88,-0.0,0.88,-0.0,Sidewalk
16.5,15.43,3.7376,-0.03491,0.92,-0.06981,282.5701,4.4348,walk_east_mid.1,335.4481,0.92,-0.06981,0.92,-0.06981,Sidewalk
17.0,15.8697,3.7223,-0.03491,0.88,-0.0,282.1304,4.2514,walk_east_mid.1,334.9952,0.88,-0.0,0.88,-0.0,Sidewalk
17.5,16.3297,3.7223,-0.0,0.92,0.06981,281.6704,4.1285,walk_east_mid.1,334.3328,0.92,0.06981,0.92,0.06981,Sidewalk
18.0,16.7697,3.7223,-0.0,0.88,-0.0,281.2304,4.0378,walk_east_mid.1,333.9486,0.88,-0.0,0.88,-0.0,Sidewalk
18.5,17.2294,3.7383,0.03491,0.92,0.06981,280.7707,3.8911,walk_east_mid.1,333.3262,0.92,0.06981,0.92,0.06981,Sidewalk
19.0,17.6692,3.7537,0.03491,0.88,-0.0,280.3309,3.7617,walk_east_mid.1,332.9261,0.88,-0.0,0.88,-0.0,Sidewalk
19.5,18.1292,3.7537,-0.0,0.92,-0.06981,279.8709,3.6597,walk_east_mid.1,332.2815,0.92,-0.06981,0.92,-0.06981,Sidewalk
20.0,18.5692,3.7537,-0.0,0.88,-0.0,279.4309,3.4721,walk_east_mid.1,331.9149,0.88,-0.0,0.88,-0.0,Sidewalk
20.5,19.0289,3.7697,0.03491,0.92,0.06981,278.9712,3.3515,walk_east_mid.1,331.298,0.92,0.06981,0.92,0.06981,Sidewalk
21.0,19.4686,3.7851,0.03491,0.88,-0.0,278.5315,3.199,walk_east_mid.1,330.9157,0.88,-0.0,0.88,-0.0,Sidewalk
21.5,19.9286,3.7851,-0.0,0.92,-0.06981,278.0715,3.0161,walk_east_mid.1,330.3093,0.92,-0.06981,0.92,-0.06981,Sidewalk
22.0,20.3686,3.7851,-0.0,0.88,-0.0,277.6315,2.9235,walk_east_mid.1,329.9317,0.88,-0.0,0.88,-0.0,Sidewalk
22.5,20.8283,3.8011,0.03491,0.92,0.06981,277.1717,2.7648,walk_east_mid.1,329.3491,0.92,0.06981,0.92,0.06981,Sidewalk
23.0,21.2681,3.8165,0.03491,0.88,-0.0,276.732,2.6028,walk_east_mid.1,328.9977,0.88,-0.0,0.88,-0.0,Sidewalk
23.5,21.7281,3.8165,-0.0,0.92,-0.06981,276.272,2.4238,walk_east_mid.1,328.4283,0.92,-0.06981,0.92,-0.06981,Sidewalk
24.0,22.1681,3.8165,-0.0,0.88,-0.0,275.832,2.2955,walk_east_mid.1,328.1,0.88,-0.0,0.88,-0.0,Sidewalk
24.5,22.6278,3.8326,0.03491,0.92,0.06981,275.3723,2.1768,walk_east_mid.1,327.5399,0.92,0.06981,0.92,0.06981,Sidewalk
25.0,23.0675,3.8479,0.03491,0.88,-0.0,274.9325,2.0239,walk_east_mid.1,327.2425,0.88,-0.0,0.88,-0.0,Sidewalk
25.5,23.5275,3.8479,-0.0,0.92,-0.06981,274.4725,1.9392,walk_east_mid.1,326.6566,0.92,-0.06981,0.92,-0.06981,Sidewalk
26.0,23.9675,3.8479,-0.0,0.88,-0.0,274.0325,1.8097,walk_east_mid.1,326.3946,0.88,-0.0,0.88,-0.0,Sidewalk
26.5,24.4272,3.864,0.03491,0.92,0.06981,273.5728,1.6901,walk_east_mid.1,325.9118,0.92,0.06981,0.92,0.06981,Sidewalk
27.0,24.867,3.8793,0.03491,0.88,-0.0,273.133,1.5145,walk_east_mid.1,325.7866,0.88,-0.0,0.88,-0.0,Sidewalk
27.5,25.327,3.8793,-0.0,0.92,-0.06981,272.673,1.5007,walk_east_mid.1,325.143,0.92,-0.06981,0.92,-0.06981,Sidewalk
28.0,25.767,3.8793,-0.0,0.88,-0.0,272.233,1.4357,walk_east_mid.1,324.8753,0.88,-0.0,0.88,-0.0,Sidewalk
28.5,26.2267,3.8954,0.03491,0.92,0.06981,271.7733,1.4397,walk_east_mid.1,324.2199,0.92,0.06981,0.92,0.06981,Sidewalk
29.0,26.6664,3.9107,0.03491,0.88,-0.0,271.3336,1.501,walk_east_mid.1,323.6545,0.88,-0.0,0.88,-0.0,Sidewalk
29.5,27.1264,3.9107,-0.0,0.92,-0.06981,270.8736,1.4231,walk_east_mid.1,323.1549,0.92,-0.06981,0.92,-0.06981,Sidewalk
30.0,27.5664,3.9107,-0.0,0.88,-0.0,270.4336,1.2995,walk_east_up.1,323.0809,0.88,-0.0,0.88,-0.0,Sidewalk
30.5,28.0261,3.8947,-0.03491,0.92,-0.06981,269.9739,1.1488,walk_east_up.1,323.0009,0.92,-0.06981,0.92,-0.06981,Sidewalk
31.0,28.4659,3.8793,-0.03491,0.88,-0.0,269.5341,1.0284,walk_east_up.1,323.2048,0.88,-0.0,0.88,-0.0,Sidewalk
31.5,28.9248,3.8472,-0.06981,0.92,-0.06981,269.0753,0.9456,walk_east_up.1,323.2048,0.92,-0.06981,0.92,-0.06981,Sidewalk
32.0,29.3637,3.8165,-0.06981,0.88,-0.0,268.6364,0.8901,walk_east_up.1,323.2613,0.88,-0.0,0.88,-0.0,Sidewalk
32.5,29.8234,3.8005,-0.03491,0.92,0.06981,268.1767,0.8846,walk_east_up.1,322.6062,0.92,0.06981,0.92,0.06981,Sidewalk
33.0,30.2631,3.7851,-0.03491,0.88,-0.0,267.7369,0.9522,walk_east_up.1,321.8413,0.88,-0.0,0.88,-0.0,Sidewalk
33.5,30.6422,3.7586,-0.06981,0.76,-0.06981,267.3579,1.1364,walk_east_up.1,321.4736,0.76,-0.06981,0.76,-0.06981,Sidewalk
34.0,31.0811,3.7279,-0.06981,0.88,-0.0,266.919,1.2767,walk_east_up.1,320.1415,0.88,-0.0,0.88,-0.0,Sidewalk
34.5,31.5409,3.7119,-0.03491,0.92,0.06981,266.4593,1.3814,walk_east_up.1,319.8597,0.92,0.06981,0.92,0.06981,Sidewalk
35.0,31.9806,3.6965,-0.03491,0.88,-0.0,266.0196,1.5139,walk_east_up.1,318.8671,0.88,-0.0,0.88,-0.0,Sidewalk
35.5,32.3198,3.6728,-0.06981,0.68,-0.06981,265.6804,1.3382,walk_east_mid.1,318.7196,0.68,-0.06981,0.68,-0.06981,Sidewalk
36.0,32.7587,3.6421,-0.06981,0.88,-0.0,265.2415,1.4142,walk_east_mid.1,317.3571,0.88,-0.0,0.88,-0.0,Sidewalk
36.5,33.2184,3.6261,-0.03491,0.92,0.06981,264.7818,1.5667,walk_east_mid.1,318.0841,0.92,0.06981,0.92,0.06981,Sidewalk
37.0,33.6581,3.6107,-0.03491,0.88,-0.0,264.3421,1.5142,walk_east_mid.1,316.3332,0.88,-0.0,0.88,-0.0,Sidewalk
37.5,34.1181,3.6107,-0.0,0.92,0.06981,263.8821,1.497,walk_east_mid.1,318.5811,0.92,0.06981,0.92,0.06981,Sidewalk
38.0,34.5581,3.6107,-0.0,0.88,-0.0,263.4421,1.4697,walk_east_mid.1,315.6267,0.88,-0.0,0.88,-0.0,Sidewalk
38.5,34.8979,3.5988,-0.03491,0.68,-0.06981,263.1024,1.46,walk_east_mid.1,314.9722,0.68,-0.06981,0.68,-0.06981,Sidewalk
39.0,35.3377,3.5835,-0.03491,0.88,-0.0,262.6627,1.4407,walk_east_mid.1,314.0799,0.88,-0.0,0.88,-0.0,Sidewalk
39.5,35.6768,3.6072,0.06981,0.68,0.20944,262.3235,1.386,walk_east_mid.1,315.302,0.68,0.20944,0.68,0.20944,Sidewalk
40.0,36.036,3.6323,0.06981,0.72,-0.0,261.9643,1.2999,walk_east_mid.1,314.0443,0.72,-0.0,0.72,-0.0,Sidewalk
40.5,36.4957,3.6484,0.03491,0.92,-0.06981,261.5046,1.4806,walk_east_mid.1,311.7682,0.92,-0.06981,0.92,-0.06981,Sidewalk
41.0,36.8954,3.6623,0.03491,0.8,-0.0,261.1048,1.4717,walk_east_mid.1,312.2679,0.8,-0.0,0.8,-0.0,Sidewalk
41.5,37.3554,3.6623,-0.0,0.92,-0.06981,260.6448,1.4096,walk_east_mid.1,310.9243,0.92,-0.06981,0.92,-0.06981,Sidewalk
42.0,37.7954,3.6623,-0.0,0.88,-0.0,260.2048,1.4807,walk_east_mid.1,310.3457,0.88,-0.0,0.88,-0.0,Sidewalk
42.5,38.2152,3.677,0.03491,0.84,0.06981,259.785,1.502,walk_east_mid.1,310.0913,0.84,0.06981,0.84,0.06981,Sidewalk
43.0,38.6549,3.6923,0.03491,0.88,-0.0,259.3453,1.4043,walk_east_mid.1,309.4901,0.88,-0.0,0.88,-0.0,Sidewalk
43.5,39.1149,3.6923,-0.0,0.92,-0.06981,258.8853,1.4545,walk_east_mid.1,308.7058,0.92,-0.06981,0.92,-0.06981,Sidewalk
44.0,39.5549,3.6923,-0.0,0.88,-0.0,258.4453,1.4649,walk_east_mid.1,308.2678,0.88,-0.0,0.88,-0.0,Sidewalk
44.5,40.0146,3.7084,0.03491,0.92,0.06981,257.9855,1.4662,walk_east_mid.1,307.6126,0.92,0.06981,0.92,0.06981,Sidewalk
45.0,40.4544,3.7237,0.03491,0.88,-0.0,257.5458,1.5148,walk_east_mid.1,307.0833,0.88,-0.0,0.88,-0.0,Sidewalk
45.5,40.9144,3.7237,-0.0,0.92,-0.06981,257.0858,1.5177,walk_east_mid.1,306.4107,0.92,-0.06981,0.92,-0.06981,Sidewalk
46.0,41.3544,3.7237,-0.0,0.88,-0.0,256.6458,1.5098,walk_east_mid.1,306.0125,0.88,-0.0,0.88,-0.0,Sidewalk
46.5,41.8141,3.7398,0.03491,0.92,0.06981,256.186,1.5026,walk_east_mid.1,305.3759,0.92,0.06981,0.92,0.06981,Sidewalk
47.0,42.2538,3.7552,0.03491,0.88,-0.0,255.7463,1.4517,walk_east_mid.1,305.0579,0.88,-0.0,0.88,-0.0,Sidewalk
47.5,42.7138,3.7552,-0.0,0.92,-0.06981,255.2863,1.5378,walk_east_mid.1,304.2102,0.92,-0.06981,0.92,-0.06981,Sidewalk
48.0,43.1538,3.7552,-0.0,0.88,-0.0,254.8463,1.5407,walk_east_mid.1,303.7912,0.88,-0.0,0.88,-0.0,Sidewalk
48.5,43.6135,3.7712,0.03491,0.92,0.06981,254.3866,1.5064,walk_east_mid.1,303.209,0.92,0.06981,0.92,0.06981,Sidewalk
49.0,44.0533,3.7866,0.03491,0.88,-0.0,253.9468,1.443,walk_east_mid.1,302.9178,0.88,-0.0,0.88,-0.0,Sidewalk
49.5,44.5133,3.7866,-0.0,0.92,-0.06981,253.4868,1.4856,walk_east_mid.1,302.155,0.92,-0.06981,0.92,-0.06981,Sidewalk
50.0,44.9533,3.7866,-0.0,0.88,-0.0,253.0468,1.5137,walk_east_mid.1,301.6842,0.88,-0.0,0.88,-0.0,Sidewalk
50.5,45.413,3.8026,0.03491,0.92,0.06981,252.5871,1.5014,walk_east_mid.1,301.0602,0.92,0.06981,0.92,0.06981,Sidewalk
51.0,45.8527,3.818,0.03491,0.88,-0.0,252.1473,1.5372,walk_east_mid.1,300.5595,0.88,-0.0,0.88,-0.0,Sidewalk
51.5,46.3127,3.818,-0.0,0.92,-0.06981,251.6873,1.4559,walk_east_mid.1,300.0591,0.92,-0.06981,0.92,-0.06981,Sidewalk
52.0,46.7527,3.818,-0.0,0.88,-0.0,251.2473,1.5101,walk_east_mid.1,299.5314,0.88,-0.0,0.88,-0.0,Sidewalk
52.5,47.2124,3.834,0.03491,0.92,0.06981,250.7876,1.5088,walk_east_mid.1,298.8861,0.92,0.06981,0.92,0.06981,Sidewalk
53.0,47.6522,3.8494,0.03491,0.88,-0.0,250.3479,1.4736,walk_east_mid.1,298.53,0.88,-0.0,0.88,-0.0,Sidewalk
53.5,48.1122,3.8494,-0.0,0.92,-0.06981,249.8879,1.4827,walk_east_mid.1,297.8399,0.92,-0.06981,0.92,-0.06981,Sidewalk
54.0,48.5522,3.8494,-0.0,0.88,-0.0,249.4479,1.4722,walk_east_mid.1,297.4513,0.88,-0.0,0.88,-0.0,Sidewalk
54.5,49.0119,3.8654,0.03491,0.92,0.06981,248.9881,1.4822,walk_east_mid.1,296.7826,0.92,0.06981,0.92,0.06981,Sidewalk
55.0,49.4516,3.8808,0.03491,0.88,-0.0,248.5484,1.5187,walk_east_mid.1,296.2766,0.88,-0.0,0.88,-0.0,Sidewalk
55.5,49.9116,3.8808,-0.0,0.92,-0.06981,248.0884,1.4607,walk_east_mid.1,295.7271,0.92,-0.06981,0.92,-0.06981,Sidewalk
56.0,50.3516,3.8808,-0.0,0.88,-0.0,247.6484,1.4188,walk_east_mid.1,295.4137,0.88,-0.0,0.88,-0.0,Sidewalk
56.5,50.8113,3.8968,0.03491,0.92,0.06981,247.1887,1.4703,walk_east_mid.1,294.6496,0.92,0.06981,0.92,0.06981,Sidewalk
57.0,51.2511,3.9122,0.03491,0.88,-0.0,246.7489,1.4497,walk_east_mid.1,294.2641,0.88,-0.0,0.88,-0.0,Sidewalk
57.5,51.7111,3.9122,-0.0,0.92,-0.06981,246.2889,1.4454,walk_east_mid.1,293.6013,0.92,-0.06981,0.92,-0.06981,Sidewalk
58.0,52.1511,3.9122,-0.0,0.88,-0.0,245.8489,1.4634,walk_east_mid.1,293.151,0.88,-0.0,0.88,-0.0,Sidewalk
58.5,52.6108,3.9283,0.03491,0.92,0.06981,245.3892,1.4794,walk_east_mid.1,292.4712,0.92,0.06981,0.92,0.06981,Sidewalk
59.0,53.0505,3.9436,0.03491,0.88,-0.0,244.9495,1.4147,walk_east_mid.1,292.1869,0.88,-0.0,0.88,-0.0,Sidewalk
59.5,53.5105,3.9436,-0.0,0.92,-0.06981,244.4895,1.4064,walk_east_mid.1,291.5335,0.92,-0.06981,0.92,-0.06981,Sidewalk
60.0,53.9505,3.9436,-0.0,0.88,-0.0,244.0495,1.4618,walk_east_mid.1,290.995,0.88,-0.0,0.88,-0.0,Sidewalk
60.5,54.4103,3.9276,-0.03491,0.92,-0.06981,243.5898,1.4258,walk_east_mid.1,290.4374,0.92,-0.06981,0.92,-0.06981,Sidewalk
61.0,54.85,3.9122,-0.03491,0.88,-0.0,243.15,1.4499,walk_east_mid.1,289.9462,0.88,-0.0,0.88,-0.0,Sidewalk
61.5,55.31,3.9122,-0.0,0.92,0.06981,242.69,1.5122,walk_east_mid.1,289.1346,0.92,0.06981,0.92,0.06981,Sidewalk
62.0,55.75,3.9122,-0.0,0.88,-0.0,242.25,1.513,walk_east_mid.1,288.7277,0.88,-0.0,0.88,-0.0,Sidewalk
62.5,56.2097,3.9283,0.03491,0.92,0.06981,241.7903,1.4568,walk_east_dn.1,288.2021,0.92,0.06981,0.92,0.06981,Sidewalk
63.0,56.6494,3.9436,0.03491,0.88,-0.0,241.3506,1.1571,walk_east_dn.1,288.7065,0.88,-0.0,0.88,-0.0,Sidewalk
63.5,57.1083,3.9757,0.06981,0.92,0.06981,240.8917,0.9127,walk_east_dn.1,289.6703,0.92,0.06981,0.92,0.06981,Sidewalk
64.0,57.5472,4.0064,0.06981,0.88,-0.0,240.4528,0.7627,walk_east_dn.1,291.2285,0.88,-0.0,0.88,-0.0,Sidewalk
64.5,57.9649,4.0503,0.10472,0.84,0.06981,240.0351,0.7054,walk_east_dn.1,292.3844,0.84,0.06981,0.84,0.06981,Sidewalk
65.0,58.4025,4.0963,0.10472,0.88,-0.0,239.5975,0.7788,walk_east_dn.1,289.9263,0.88,-0.0,0.88,-0.0,Sidewalk
65.5,58.8614,4.1284,0.06981,0.92,-0.06981,239.1386,0.9187,walk_east_dn.1,288.8403,0.92,-0.06981,0.92,-0.06981,Sidewalk
66.0,59.3003,4.1591,0.06981,0.88,-0.0,238.6997,1.0631,walk_east_dn.1,287.4492,0.88,-0.0,0.88,-0.0,Sidewalk
66.5,59.6385,4.1946,0.10472,0.68,0.06981,238.3616,1.3359,walk_east_mid.1,286.9496,0.68,0.06981,0.68,0.06981,Sidewalk
67.0,60.0761,4.2406,0.10472,0.88,-0.0,237.9241,1.2305,walk_east_mid.1,285.2689,0.88,-0.0,0.88,-0.0,Sidewalk
67.5,60.5349,4.2727,0.06981,0.92,-0.06981,237.4652,1.4437,walk_east_mid.1,285.2563,0.92,-0.06981,0.92,-0.06981,Sidewalk
68.0,60.9739,4.3034,0.06981,0.88,-0.0,237.0263,1.3541,walk_east_mid.1,283.8577,0.88,-0.0,0.88,-0.0,Sidewalk
68.5,61.4336,4.3194,0.03491,0.92,-0.06981,236.5666,1.4809,walk_east_mid.1,285.4142,0.92,-0.06981,0.92,-0.06981,Sidewalk
69.0,61.8733,4.3348,0.03491,0.88,-0.0,236.1269,1.2795,walk_east_mid.1,282.7585,0.88,-0.0,0.88,-0.0,Sidewalk
69.5,62.2125,4.3585,0.06981,0.68,0.06981,235.7878,1.4483,walk_east_mid.1,282.2461,0.68,0.06981,0.68,0.06981,Sidewalk
70.0,62.6514,4.3892,0.06981,0.88,-0.0,235.3489,1.3495,walk_east_mid.1,281.1338,0.88,-0.0,0.88,-0.0,Sidewalk
70.5,62.9912,4.3773,-0.03491,0.68,-0.20944,235.0091,1.2702,walk_east_up.2,282.3053,0.68,-0.20944,0.68,-0.20944,Sidewalk
71.0,63.391,4.3634,-0.03491,0.8,-0.0,234.6093,1.086,walk_east_up.2,281.3675,0.8,-0.0,0.8,-0.0,Sidewalk
71.5,63.851,4.3634,-0.0,0.92,0.06981,234.1493,0.9156,walk_east_up.2,281.5044,0.92,0.06981,0.92,0.06981,Sidewalk
72.0,64.2899,4.3327,-0.06981,0.88,-0.13963,233.7103,0.6984,walk_east_up.2,284.9979,0.88,-0.13963,0.88,-0.13963,Sidewalk
72.5,64.7474,4.2846,-0.10472,0.92,-0.06981,233.2528,0.5623,walk_east_up.2,291.068,0.92,-0.06981,0.92,-0.06981,Sidewalk
73.0,65.185,4.2386,-0.10472,0.88,-0.0,232.8151,0.4601,walk_east_up.2,316.7938,0.88,-0.0,0.88,-0.0,Sidewalk
73.5,65.5613,4.1857,-0.13963,0.76,-0.06981,232.4388,0.5529,walk_east_up.2,291.8521,0.76,-0.06981,0.76,-0.06981,Sidewalk
74.0,65.8352,4.1275,-0.20944,0.56,-0.13963,232.1649,0.8627,walk_east_up.2,283.7424,0.56,-0.13963,0.56,-0.13963,Sidewalk
74.5,66.1262,4.0549,-0.24435,0.6,-0.06981,231.8738,1.0794,walk_east_mid.1,280.7379,0.6,-0.06981,0.6,-0.06981,Sidewalk
75.0,66.5144,3.9582,-0.24435,0.8,-0.0,231.4856,0.9016,walk_east_mid.1,279.0796,0.8,-0.0,0.8,-0.0,Sidewalk
75.5,66.9643,3.8625,-0.20944,0.92,0.06981,231.0357,1.3584,walk_east_mid.1,276.9069,0.92,0.06981,0.92,0.06981,Sidewalk
76.0,67.3947,3.771,-0.20944,0.88,-0.0,230.6054,1.2025,walk_east_mid.1,275.7379,0.88,-0.0,0.88,-0.0,Sidewalk
76.5,67.8477,3.6912,-0.17453,0.92,0.06981,230.1525,1.4607,walk_east_mid.1,275.1043,0.92,0.06981,0.92,0.06981,Sidewalk
77.0,68.2416,3.6217,-0.17453,0.8,-0.0,229.7587,1.5278,walk_east_mid.1,274.4361,0.8,-0.0,0.8,-0.0,Sidewalk
77.5,68.6972,3.5577,-0.13963,0.92,0.06981,229.3033,1.4707,walk_east_mid.1,273.8723,0.92,0.06981,0.92,0.06981,Sidewalk
78.0,69.0933,3.502,-0.13963,0.8,-0.0,228.9073,1.5119,walk_east_mid.1,273.1882,0.8,-0.0,0.8,-0.0,Sidewalk
78.5,69.5507,3.4539,-0.10472,0.92,0.06981,228.4499,1.508,walk_east_mid.1,272.9537,0.92,0.06981,0.92,0.06981,Sidewalk
79.0,69.9883,3.4079,-0.10472,0.88,-0.0,228.0124,1.6277,walk_east_mid.1,271.541,0.88,-0.0,0.88,-0.0,Sidewalk
79.5,70.4472,3.3758,-0.06981,0.92,0.06981,227.5536,1.554,walk_east_mid.1,272.3364,0.92,0.06981,0.92,0.06981,Sidewalk
80.0,70.8861,3.3452,-0.06981,0.88,-0.0,227.1148,1.585,walk_east_mid.1,270.4883,0.88,-0.0,0.88,-0.0,Sidewalk
80.5,71.2259,3.3333,-0.03491,0.68,0.06981,226.775,1.4892,walk_east_mid.1,271.3696,0.68,0.06981,0.68,0.06981,Sidewalk
81.0,71.6657,3.3179,-0.03491,0.88,-0.0,226.3354,1.5607,walk_east_mid.1,269.6109,0.88,-0.0,0.88,-0.0,Sidewalk
81.5,72.0457,3.3179,-0.0,0.76,0.06981,225.9554,1.5246,walk_east_mid.1,269.8341,0.76,0.06981,0.76,0.06981,Sidewalk
82.0,72.4857,3.3179,-0.0,0.88,-0.0,225.5154,1.5022,walk_east_mid.1,268.6909,0.88,-0.0,0.88,-0.0,Sidewalk
82.5,72.9054,3.3326,0.03491,0.84,0.06981,225.0956,1.6008,walk_east_mid.1,268.3566,0.84,0.06981,0.84,0.06981,Sidewalk
83.0,73.3451,3.3479,0.03491,0.88,-0.0,224.6558,1.5314,walk_east_mid.1,267.5974,0.88,-0.0,0.88,-0.0,Sidewalk
83.5,73.804,3.38,0.06981,0.92,0.06981,224.1968,1.6382,walk_east_mid.1,266.8186,0.92,0.06981,0.92,0.06981,Sidewalk
84.0,74.2429,3.4107,0.06981,0.88,-0.0,223.7578,1.6345,walk_east_mid.1,266.3364,0.88,-0.0,0.88,-0.0,Sidewalk
84.5,74.7004,3.4588,0.10472,0.92,0.06981,223.3002,1.5041,walk_east_mid.1,265.9816,0.92,0.06981,0.92,0.06981,Sidewalk
85.0,75.138,3.5048,0.10472,0.88,-0.0,222.8625,1.5989,walk_east_mid.1,265.3294,0.88,-0.0,0.88,-0.0,Sidewalk
85.5,75.5969,3.5369,0.06981,0.92,-0.06981,222.4036,1.5568,walk_east_mid.1,264.6804,0.92,-0.06981,0.92,-0.06981,Sidewalk
86.0,76.0358,3.5676,0.06981,0.88,-0.0,221.9646,1.5602,walk_east_mid.1,264.3084,0.88,-0.0,0.88,-0.0,Sidewalk
86.5,76.4955,3.5836,0.03491,0.92,-0.06981,221.5048,1.4745,walk_east_mid.1,263.7854,0.92,-0.06981,0.92,-0.06981,Sidewalk
87.0,76.9353,3.599,0.03491,0.88,-0.0,221.0651,1.5316,walk_east_mid.1,263.2765,0.88,-0.0,0.88,-0.0,Sidewalk
87.5,77.3953,3.599,-0.0,0.92,-0.06981,220.6051,1.5329,walk_east_mid.1,262.6113,0.92,-0.06981,0.92,-0.06981,Sidewalk
88.0,77.8353,3.599,-0.0,0.88,-0.0,220.1651,1.4668,walk_east_mid.1,262.3307,0.88,-0.0,0.88,-0.0,Sidewalk
88.5,78.295,3.615,0.03491,0.92,0.06981,219.7053,1.5024,walk_east_mid.1,261.5997,0.92,0.06981,0.92,0.06981,Sidewalk
89.0,78.7347,3.6304,0.03491,0.88,-0.0,219.2656,1.5262,walk_east_mid.1,261.1267,0.88,-0.0,0.88,-0.0,Sidewalk
89.5,79.1947,3.6304,-0.0,0.92,-0.06981,218.8056,1.5292,walk_east_mid.1,260.4573,0.92,-0.06981,0.92,-0.06981,Sidewalk
90.0,79.6347,3.6304,-0.0,0.88,-0.0,218.3656,1.4907,walk_east_mid.1,260.1186,0.88,-0.0,0.88,-0.0,Sidewalk
90.5,80.0944,3.6465,0.03491,0.92,0.06981,217.9058,1.5514,walk_east_mid.1,259.3436,0.92,0.06981,0.92,0.06981,Sidewalk
91.0,80.5342,3.6618,0.03491,0.88,-0.0,217.4661,1.4666,walk_east_mid.1,259.0905,0.88,-0.0,0.88,-0.0,Sidewalk
91.5,80.9942,3.6618,-0.0,0.92,-0.06981,217.0061,1.5418,walk_east_mid.1,258.2715,0.92,-0.06981,0.92,-0.06981,Sidewalk
92.0,81.4342,3.6618,-0.0,0.88,-0.0,216.5661,1.469,walk_east_mid.1,258.0047,0.88,-0.0,0.88,-0.0,Sidewalk
92.5,81.8939,3.6779,0.03491,0.92,0.06981,216.1063,1.529,walk_east_mid.1,257.2272,0.92,0.06981,0.92,0.06981,Sidewalk
93.0,82.3336,3.6932,0.03491,0.88,-0.0,215.6666,1.4622,walk_east_mid.1,256.94,0.88,-0.0,0.88,-0.0,Sidewalk
93.5,82.7936,3.6932,-0.0,0.92,-0.06981,215.2066,1.5556,walk_east_mid.1,256.0842,0.92,-0.06981,0.92,-0.06981,Sidewalk
94.0,83.2336,3.6932,-0.0,0.88,-0.0,214.7666,1.4711,walk_east_mid.1,255.8396,0.88,-0.0,0.88,-0.0,Sidewalk
94.5,83.6934,3.7093,0.03491,0.92,0.06981,214.3068,1.4833,walk_east_mid.1,255.1611,0.92,0.06981,0.92,0.06981,Sidewalk
95.0,84.1331,3.7246,0.03491,0.88,-0.0,213.8671,1.4904,walk_east_mid.1,254.719,0.88,-0.0,0.88,-0.0,Sidewalk
95.5,84.5931,3.7246,-0.0,0.92,-0.06981,213.4071,1.4443,walk_east_mid.1,254.1537,0.92,-0.06981,0.92,-0.06981,Sidewalk
96.0,85.0331,3.7246,-0.0,0.88,-0.0,212.9671,1.4705,walk_east_mid.1,253.6808,0.88,-0.0,0.88,-0.0,Sidewalk
96.5,85.4928,3.7407,0.03491,0.92,0.06981,212.5074,1.5546,walk_east_mid.1,252.8595,0.92,0.06981,0.92,0.06981,Sidewalk
97.0,85.9325,3.756,0.03491,0.88,-0.0,212.0676,1.5496,walk_east_mid.1,252.4409,0.88,-0.0,0.88,-0.0,Sidewalk
97.5,86.3925,3.756,-0.0,0.92,-0.06981,211.6076,1.5252,walk_east_mid.1,251.8207,0.92,-0.06981,0.92,-0.06981,Sidewalk
98.0,86.8325,3.756,-0.0,0.88,-0.0,211.1676,1.4979,walk_east_mid.1,251.4623,0.88,-0.0,0.88,-0.0,Sidewalk
98.5,87.2923,3.7721,0.03491,0.92,0.06981,210.7079,1.4236,walk_east_mid.1,250.9774,0.92,0.06981,0.92,0.06981,Sidewalk
99.0,87.732,3.7875,0.03491,0.88,-0.0,210.2681,1.5217,walk_east_mid.1,250.3352,0.88,-0.0,0.88,-0.0,Sidewalk
99.5,88.192,3.7875,-0.0,0.92,-0.06981,209.8081,1.4601,walk_east_mid.1,249.7962,0.92,-0.06981,0.92,-0.06981,Sidewalk
100.0,88.632,3.7875,-0.0,0.88,-0.0,209.3681,1.4767,walk_east_mid.1,249.3468,0.88,-0.0,0.88,-0.0,Sidewalk
100.5,89.0917,3.8035,0.03491,0.92,0.06981,208.9084,1.4329,walk_east_mid.1,248.7963,0.92,0.06981,0.92,0.06981,Sidewalk
101.0,89.5314,3.8189,0.03491,0.88,-0.0,208.4686,1.4241,walk_east_mid.1,248.3877,0.88,-0.0,0.88,-0.0,Sidewalk
101.5,89.9914,3.8189,-0.0,0.92,-0.06981,208.0086,1.4379,walk_east_mid.1,247.686,0.92,-0.06981,0.92,-0.06981,Sidewalk
102.0,90.4314,3.8189,-0.0,0.88,-0.0,207.5686,1.5289,walk_east_mid.1,247.0796,0.88,-0.0,0.88,-0.0,Sidewalk
102.5,90.8912,3.8349,0.03491,0.92,0.06981,207.1089,1.5191,walk_east_mid.1,246.4511,0.92,0.06981,0.92,0.06981,Sidewalk
103.0,91.3309,3.8503,0.03491,0.88,-0.0,206.6692,1.4917,walk_east_mid.1,246.0769,0.88,-0.0,0.88,-0.0,Sidewalk
103.5,91.7909,3.8503,-0.0,0.92,-0.06981,206.2092,1.5129,walk_east_mid.1,245.363,0.92,-0.06981,0.92,-0.06981,Sidewalk
104.0,92.2309,3.8503,-0.0,0.88,-0.0,205.7692,1.4373,walk_east_mid.1,245.1153,0.88,-0.0,0.88,-0.0,Sidewalk
104.5,92.6906,3.8663,0.03491,0.92,0.06981,205.3094,1.5344,walk_east_mid.1,244.2621,0.92,0.06981,0.92,0.06981,Sidewalk
105.0,93.1303,3.8817,0.03491,0.88,-0.0,204.8697,1.4485,walk_east_mid.1,244.0118,0.88,-0.0,0.88,-0.0,Sidewalk
105.5,93.5903,3.8817,-0.0,0.92,-0.06981,204.4097,1.438,walk_east_mid.1,243.3646,0.92,-0.06981,0.92,-0.06981,Sidewalk
106.0,94.0303,3.8817,-0.0,0.88,-0.0,203.9697,1.5314,walk_east_mid.1,242.755,0.88,-0.0,0.88,-0.0,Sidewalk
106.5,94.4901,3.8977,0.03491,0.92,0.06981,203.51,1.4891,walk_east_mid.1,242.1949,0.92,0.06981,0.92,0.06981,Sidewalk
107.0,94.9298,3.9131,0.03491,0.88,-0.0,203.0702,1.454,walk_east_mid.1,241.8398,0.88,-0.0,0.88,-0.0,Sidewalk
107.5,95.3898,3.9131,-0.0,0.92,-0.06981,202.6102,1.4676,walk_east_mid.1,241.1372,0.92,-0.06981,0.92,-0.06981,Sidewalk
108.0,95.8298,3.9131,-0.0,0.88,-0.0,202.1702,1.3825,walk_east_up.3,240.9302,0.88,-0.0,0.88,-0.0,Sidewalk
108.5,96.2895,3.9291,0.03491,0.92,0.06981,201.7105,1.4277,walk_east_mid.1,240.1735,0.92,0.06981,0.92,0.06981,Sidewalk
109.0,96.7292,3.9445,0.03491,0.88,-0.0,201.2708,1.9972,walk_east_mid.2,238.8738,0.88,-0.0,0.88,-0.0,Sidewalk
109.5,97.1892,3.9445,-0.0,0.92,-0.06981,200.8108,2.4049,walk_east_mid.3,237.8822,0.92,-0.06981,0.92,-0.06981,Sidewalk
110.0,97.6292,3.9445,-0.0,0.88,-0.0,200.3708,8.7627,walk_south.2,236.5329,0.88,-0.0,0.88,-0.0,Sidewalk
110.5,98.089,3.9606,0.03491,0.92,0.06981,199.911,8.8385,walk_south.2,235.8823,0.92,0.06981,0.92,0.06981,Sidewalk
111.0,98.5287,3.9759,0.03491,0.88,-0.0,199.4713,8.9348,walk_south.2,235.452,0.88,-0.0,0.88,-0.0,Sidewalk
111.5,98.9887,3.9759,-0.0,0.92,-0.06981,199.0113,8.9837,walk_south.2,234.8014,0.92,-0.06981,0.92,-0.06981,Sidewalk
112.0,99.4287,3.9759,-0.0,0.88,-0.0,198.5713,9.053,walk_south.2,234.3723,0.88,-0.0,0.88,-0.0,Sidewalk
112.5,99.8884,3.992,0.03491,0.92,0.06981,198.1116,9.1544,walk_south.2,233.7176,0.92,0.06981,0.92,0.06981,Sidewalk
113.0,100.3281,4.0073,0.03491,0.88,-0.0,197.6719,9.2766,walk_south.2,233.2905,0.88,-0.0,0.88,-0.0,Sidewalk
113.5,100.7881,4.0073,-0.0,0.92,-0.06981,197.2119,9.3537,walk_south.2,232.6423,0.92,-0.06981,0.92,-0.06981,Sidewalk
114.0,101.2281,4.0073,-0.0,0.88,-0.0,196.7719,9.424,walk_south.2,232.2116,0.88,-0.0,0.88,-0.0,Sidewalk
114.5,101.6879,4.0234,0.03491,0.92,0.06981,196.3121,9.4987,walk_south.2,231.5529,0.92,0.06981,0.92,0.06981,Sidewalk
115.0,102.1276,4.0387,0.03491,0.88,-0.0,195.8724,9.6328,walk_south.2,231.129,0.88,-0.0,0.88,-0.0,Sidewalk
115.5,102.5876,4.0387,-0.0,0.92,-0.06981,195.4124,9.7068,walk_south.2,230.4793,0.92,-0.06981,0.92,-0.06981,Sidewalk
116.0,103.0276,4.0387,-0.0,0.88,-0.0,194.9724,9.5753,walk_east_dn.2,230.0485,0.88,-0.0,0.88,-0.0,Sidewalk
116.5,103.4873,4.0548,0.03491,0.92,0.06981,194.5127,9.3054,walk_east_dn.2,229.3882,0.92,0.06981,0.92,0.06981,Sidewalk
117.0,103.9271,4.0701,0.03491,0.88,-0.0,194.073,9.0875,walk_east_dn.2,228.9649,0.88,-0.0,0.88,-0.0,Sidewalk
117.5,104.3871,4.0701,-0.0,0.92,-0.06981,193.613,10.2106,walk_south.2,228.3118,0.92,-0.06981,0.92,-0.06981,Sidewalk
118.0,104.8271,4.0701,-0.0,0.88,-0.0,193.173,10.3724,walk_south.2,227.8816,0.88,-0.0,0.88,-0.0,Sidewalk
118.5,105.2868,4.0862,0.03491,0.92,0.06981,192.7132,10.5225,walk_south.2,227.2197,0.92,0.06981,0.92,0.06981,Sidewalk
119.0,105.7265,4.1015,0.03491,0.88,-0.0,192.2735,10.6354,walk_south.2,226.7975,0.88,-0.0,0.88,-0.0,Sidewalk
119.5,106.1865,4.1015,-0.0,0.92,-0.06981,191.8135,10.8024,walk_south.2,226.1403,0.92,-0.06981,0.92,-0.06981,Sidewalk
120.0,106.6265,4.1015,-0.0,0.88,-0.0,191.3735,10.9624,walk_south.2,225.7121,0.88,-0.0,0.88,-0.0,Sidewalk
120.5,107.0862,4.1176,0.03491,0.92,0.06981,190.9138,11.1368,walk_south.2,225.0804,0.92,0.06981,0.92,0.06981,Sidewalk
121.0,107.526,4.133,0.03491,0.88,-0.0,190.4741,11.2775,walk_south.2,224.6556,0.88,-0.0,0.88,-0.0,Sidewalk
121.5,107.986,4.133,-0.0,0.92,-0.06981,190.0141,11.4466,walk_south.2,223.9955,0.92,-0.06981,0.92,-0.06981,Sidewalk
122.0,108.426,4.133,-0.0,0.88,-0.0,189.5741,11.3275,stand_6,223.608,0.88,-0.0,0.88,-0.0,Sidewalk
122.5,108.8857,4.1169,-0.03491,0.92,-0.06981,189.1144,10.8692,stand_6,222.9836,0.92,-0.06981,0.92,-0.06981,Sidewalk
123.0,109.3254,4.1015,-0.03491,0.88,-0.0,188.6746,10.4309,stand_6,222.5759,0.88,-0.0,0.88,-0.0,Sidewalk
123.5,109.7854,4.1015,-0.0,0.92,0.06981,188.2146,9.9717,stand_6,221.9429,0.92,0.06981,0.92,0.06981,Sidewalk
124.0,110.2254,4.1015,-0.0,0.88,-0.0,187.7746,9.5325,stand_6,221.5557,0.88,-0.0,0.88,-0.0,Sidewalk
124.5,110.6851,4.0855,-0.03491,0.92,-0.06981,187.3149,9.0747,stand_6,220.9461,0.92,-0.06981,0.92,-0.06981,Sidewalk
125.0,111.1249,4.0701,-0.03491,0.88,-0.0,186.8752,8.6371,stand_6,220.5601,0.88,-0.0,0.88,-0.0,Sidewalk
125.5,111.5849,4.0701,-0.0,0.92,0.06981,186.4152,8.1783,stand_6,219.966,0.92,0.06981,0.92,0.06981,Sidewalk
126.0,112.0249,4.0701,-0.0,0.88,-0.0,185.9752,7.7396,stand_6,219.6025,0.88,-0.0,0.88,-0.0,Sidewalk
126.5,112.4846,4.0541,-0.03491,0.92,-0.06981,185.5154,7.2828,stand_6,219.0238,0.92,-0.06981,0.92,-0.06981,Sidewalk
127.0,112.9243,4.0387,-0.03491,0.88,-0.0,185.0757,6.8463,stand_6,218.7117,0.88,-0.0,0.88,-0.0,Sidewalk
127.5,113.3832,4.0066,-0.06981,0.92,-0.06981,184.6168,6.3929,stand_6,218.1708,0.92,-0.06981,0.92,-0.06981,Sidewalk
128.0,113.8221,3.9759,-0.06981,0.88,-0.0,184.1779,5.9602,stand_6,217.9485,0.88,-0.0,0.88,-0.0,Sidewalk
128.5,114.2398,3.932,-0.10472,0.84,-0.06981,183.7602,5.5515,stand_6,217.7182,0.84,-0.06981,0.84,-0.06981,Sidewalk
129.0,114.6774,3.8861,-0.10472,0.88,-0.0,183.3226,5.1252,stand_6,217.4104,0.88,-0.0,0.88,-0.0,Sidewalk
129.5,115.0141,3.8387,-0.13963,0.68,-0.06981,182.986,4.8011,stand_6,217.6458,0.68,-0.06981,0.68,-0.06981,Sidewalk
130.0,115.4498,3.7775,-0.13963,0.88,-0.0,182.5503,4.3851,stand_6,216.9582,0.88,-0.0,0.88,-0.0,Sidewalk
130.5,115.788,3.742,-0.10472,0.68,0.06981,182.2122,4.063,stand_6,217.7866,0.68,0.06981,0.68,0.06981,Sidewalk
131.0,116.2255,3.696,-0.10472,0.88,-0.0,181.7747,3.651,stand_6,216.5598,0.88,-0.0,0.88,-0.0,Sidewalk
131.5,116.6844,3.6639,-0.06981,0.92,0.06981,181.3159,3.2217,stand_6,219.2862,0.92,0.06981,0.92,0.06981,Sidewalk
132.0,117.1234,3.6332,-0.06981,0.88,-0.0,180.877,2.8201,stand_6,215.847,0.88,-0.0,0.88,-0.0,Sidewalk
132.5,117.5831,3.6171,-0.03491,0.92,0.06981,180.4173,2.4068,stand_6,216.9688,0.92,0.06981,0.92,0.06981,Sidewalk
133.0,118.0228,3.6018,-0.03491,0.88,-0.0,179.9776,2.0303,stand_6,215.1216,0.88,-0.0,0.88,-0.0,Sidewalk
133.5,118.4828,3.6018,-0.0,0.92,0.06981,179.5176,1.6595,stand_6,215.2878,0.92,0.06981,0.92,0.06981,Sidewalk
134.0,118.8828,3.6018,-0.0,0.8,-0.0,179.1176,1.3814,stand_6,214.7852,0.8,-0.0,0.8,-0.0,Sidewalk
134.5,119.3425,3.6178,0.03491,0.92,0.06981,178.6579,1.1388,stand_6,214.0001,0.92,0.06981,0.92,0.06981,Sidewalk
135.0,119.7403,3.6596,0.10472,0.8,0.13963,178.26,1.0254,stand_6,214.5014,0.8,0.13963,0.8,0.13963,Sidewalk
135.5,120.1959,3.7237,0.13963,0.92,0.06981,177.8044,1.0639,stand_6,212.9342,0.92,0.06981,0.92,0.06981,Sidewalk
136.0,120.6316,3.7849,0.13963,0.88,-0.0,177.3686,1.2669,stand_6,214.5915,0.88,-0.0,0.88,-0.0,Sidewalk
136.5,121.0452,3.8578,0.17453,0.84,0.06981,176.9549,1.5452,stand_6,211.952,0.84,0.06981,0.84,0.06981,Sidewalk
137.0,121.4785,3.9342,0.17453,0.88,-0.0,176.5215,1.8937,stand_6,212.5365,0.88,-0.0,0.88,-0.0,Sidewalk
137.5,121.8111,4.0049,0.20944,0.68,0.06981,176.1889,1.7205,stand_0,212.0618,0.68,0.06981,0.68,0.06981,Sidewalk
138.0,122.2415,4.0964,0.20944,0.88,-0.0,175.7586,1.3809,stand_0,211.1048,0.88,-0.0,0.88,-0.0,Sidewalk
138.5,122.6945,4.1763,0.17453,0.92,-0.06981,175.3056,1.0903,stand_0,210.6941,0.92,-0.06981,0.92,-0.06981,Sidewalk
139.0,123.1278,4.2527,0.17453,0.88,-0.0,174.8724,0.9476,stand_0,210.2771,0.88,-0.0,0.88,-0.0,Sidewalk
139.5,123.5833,4.3167,0.13963,0.92,-0.06981,174.417,0.9888,stand_0,209.1546,0.92,-0.06981,0.92,-0.06981,Sidewalk
140.0,124.019,4.3779,0.13963,0.88,-0.0,173.9814,1.2042,stand_0,207.7311,0.88,-0.0,0.88,-0.0,Sidewalk
140.5,124.4765,4.426,0.10472,0.92,-0.06981,173.524,1.5256,stand_0,206.0654,0.92,-0.06981,0.92,-0.06981,Sidewalk
141.0,124.9141,4.472,0.10472,0.88,-0.0,173.0865,1.8875,stand_0,205.2126,0.88,-0.0,0.88,-0.0,Sidewalk
141.5,125.373,4.5041,0.06981,0.92,-0.06981,172.6278,2.2883,stand_0,204.1042,0.92,-0.06981,0.92,-0.06981,Sidewalk
142.0,125.8119,4.5348,0.06981,0.88,-0.0,172.1889,2.6894,stand_0,203.5331,0.88,-0.0,0.88,-0.0,Sidewalk
142.5,126.2716,4.5509,0.03491,0.92,-0.06981,171.7293,3.1145,stand_0,202.6386,0.92,-0.06981,0.92,-0.06981,Sidewalk
143.0,126.7114,4.5662,0.03491,0.88,-0.0,171.2896,3.5294,stand_0,202.1503,0.88,-0.0,0.88,-0.0,Sidewalk
143.5,127.1714,4.5662,-0.0,0.92,-0.06981,170.8296,3.9642,stand_0,201.3595,0.92,-0.06981,0.92,-0.06981,Sidewalk
144.0,127.6114,4.5662,-0.0,0.88,-0.0,170.3896,4.3849,stand_0,200.8919,0.88,-0.0,0.88,-0.0,Sidewalk
144.5,128.0711,4.5502,-0.03491,0.92,-0.06981,169.9298,4.824,stand_0,200.1703,0.92,-0.06981,0.92,-0.06981,Sidewalk
145.0,128.5108,4.5348,-0.03491,0.88,-0.0,169.49,5.2475,stand_0,199.8091,0.88,-0.0,0.88,-0.0,Sidewalk
145.5,128.9697,4.5027,-0.06981,0.92,-0.06981,169.0311,5.6887,stand_0,199.2514,0.92,-0.06981,0.92,-0.06981,Sidewalk
146.0,129.4086,4.472,-0.06981,0.88,-0.0,168.592,6.1134,stand_0,198.9088,0.88,-0.0,0.88,-0.0,Sidewalk
146.5,129.8661,4.4239,-0.10472,0.92,-0.06981,168.1344,6.5491,stand_2,198.3996,0.92,-0.06981,0.92,-0.06981,Sidewalk
147.0,130.3037,4.3779,-0.10472,0.88,-0.0,167.6967,6.114,stand_2,198.1332,0.88,-0.0,0.88,-0.0,Sidewalk
147.5,130.7592,4.3139,-0.13963,0.92,-0.06981,167.2411,5.663,stand_2,197.637,0.92,-0.06981,0.92,-0.06981,Sidewalk
148.0,131.1949,4.2527,-0.13963,0.88,-0.0,166.8053,5.233,stand_2,197.5924,0.88,-0.0,0.88,-0.0,Sidewalk
148.5,131.6086,4.1798,-0.17453,0.84,-0.06981,166.3915,4.828,stand_2,197.2335,0.84,-0.06981,0.84,-0.06981,Sidewalk
149.0,132.0419,4.1034,-0.17453,0.88,-0.0,165.9582,4.4067,stand_2,197.2824,0.88,-0.0,0.88,-0.0,Sidewalk
149.5,132.3744,4.0327,-0.20944,0.68,-0.06981,165.6256,4.0879,stand_2,197.1713,0.68,-0.06981,0.68,-0.06981,Sidewalk
150.0,132.8048,3.9412,-0.20944,0.88,-0.0,165.1952,3.6811,stand_2,196.4268,0.88,-0.0,0.88,-0.0,Sidewalk
150.5,133.2578,3.8613,-0.17453,0.92,0.06981,164.7422,3.258,stand_2,197.9464,0.92,0.06981,0.92,0.06981,Sidewalk
151.0,133.6911,3.7849,-0.17453,0.88,-0.0,164.309,2.864,stand_2,195.6279,0.88,-0.0,0.88,-0.0,Sidewalk
151.5,134.1467,3.7209,-0.13963,0.92,0.06981,163.8536,2.4601,stand_2,196.1088,0.92,0.06981,0.92,0.06981,Sidewalk
152.0,134.5824,3.6596,-0.13963,0.88,-0.0,163.418,2.0956,stand_2,194.8075,0.88,-0.0,0.88,-0.0,Sidewalk
152.5,135.0399,3.6116,-0.10472,0.92,0.06981,162.9606,1.7406,stand_2,194.6313,0.92,0.06981,0.92,0.06981,Sidewalk
153.0,135.4775,3.5656,-0.10472,0.88,-0.0,162.5231,1.457,stand_2,193.9293,0.88,-0.0,0.88,-0.0,Sidewalk
153.5,135.9363,3.5335,-0.06981,0.92,0.06981,162.0643,1.2451,stand_2,193.3593,0.92,0.06981,0.92,0.06981,Sidewalk
154.0,136.3753,3.5028,-0.06981,0.88,-0.0,161.6255,1.1827,stand_2,192.9566,0.88,-0.0,0.88,-0.0,Sidewalk
154.5,136.835,3.4867,-0.03491,0.92,0.06981,161.1658,1.2714,stand_2,191.909,0.92,0.06981,0.92,0.06981,Sidewalk
155.0,137.2747,3.4714,-0.03491,0.88,-0.0,160.7262,1.4902,stand_2,190.9662,0.88,-0.0,0.88,-0.0,Sidewalk
155.5,137.7347,3.4714,-0.0,0.92,0.06981,160.2662,1.7966,stand_2,189.7709,0.92,0.06981,0.92,0.06981,Sidewalk
156.0,138.1747,3.4714,-0.0,0.88,-0.0,159.8262,2.1418,stand_2,189.0217,0.88,-0.0,0.88,-0.0,Sidewalk
156.5,138.6344,3.4874,0.03491,0.92,0.06981,159.3664,2.5263,stand_2,188.1024,0.92,0.06981,0.92,0.06981,Sidewalk
157.0,139.0742,3.5028,0.03491,0.88,-0.0,158.9266,2.9147,stand_2,187.4988,0.88,-0.0,0.88,-0.0,Sidewalk
157.5,139.533,3.5349,0.06981,0.92,0.06981,158.4676,3.3281,stand_2,186.7334,0.92,0.06981,0.92,0.06981,Sidewalk
158.0,139.972,3.5656,0.06981,0.88,-0.0,158.0286,3.7337,stand_2,186.1801,0.88,-0.0,0.88,-0.0,Sidewalk
158.5,140.4317,3.5816,0.03491,0.92,-0.06981,157.5689,4.1703,stand_2,185.3995,0.92,-0.06981,0.92,-0.06981,Sidewalk
159.0,140.8714,3.597,0.03491,0.88,-0.0,157.1291,4.5922,stand_2,184.9404,0.88,-0.0,0.88,-0.0,Sidewalk
159.5,141.3314,3.597,-0.0,0.92,-0.06981,156.6691,5.0403,stand_2,184.2213,0.92,-0.06981,0.92,-0.06981,Sidewalk
160.0,141.7714,3.597,-0.0,0.88,-0.0,156.2291,5.4707,stand_2,183.7571,0.88,-0.0,0.88,-0.0,Sidewalk
160.5,142.2311,3.613,0.03491,0.92,0.06981,155.7693,5.919,stand_2,183.0677,0.92,0.06981,0.92,0.06981,Sidewalk
161.0,142.6709,3.6284,0.03491,0.88,-0.0,155.3296,6.3494,stand_2,182.6751,0.88,-0.0,0.88,-0.0,Sidewalk
161.5,143.1309,3.6284,-0.0,0.92,-0.06981,154.8696,6.8034,stand_2,182.0635,0.92,-0.06981,0.92,-0.06981,Sidewalk
162.0,143.5709,3.6284,-0.0,0.88,-0.0,154.4296,7.2384,stand_2,181.6993,0.88,-0.0,0.88,-0.0,Sidewalk
162.5,144.0306,3.6444,0.03491,0.92,0.06981,153.9698,7.6482,stand_3,181.1337,0.92,0.06981,0.92,0.06981,Sidewalk
163.0,144.4703,3.6598,0.03491,0.88,-0.0,153.53,7.2083,stand_3,180.7834,0.88,-0.0,0.88,-0.0,Sidewalk
163.5,144.9303,3.6598,-0.0,0.92,-0.06981,153.07,6.7489,stand_3,180.2364,0.92,-0.06981,0.92,-0.06981,Sidewalk
164.0,145.3703,3.6598,-0.0,0.88,-0.0,152.63,6.3095,stand_3,179.9836,0.88,-0.0,0.88,-0.0,Sidewalk
164.5,145.8301,3.6758,0.03491,0.92,0.06981,152.1703,5.8496,stand_3,179.6281,0.92,0.06981,0.92,0.06981,Sidewalk
165.0,146.2698,3.6912,0.03491,0.88,-0.0,151.7305,5.4098,stand_3,179.5377,0.88,-0.0,0.88,-0.0,Sidewalk
165.5,146.7298,3.6912,-0.0,0.92,-0.06981,151.2705,4.9507,stand_3,179.2927,0.92,-0.06981,0.92,-0.06981,Sidewalk
166.0,147.1288,3.7191,0.06981,0.8,0.13963,150.8715,4.5507,stand_3,179.321,0.8,0.13963,0.8,0.13963,Sidewalk
166.5,147.4686,3.731,0.03491,0.68,-0.06981,150.5316,4.2108,stand_3,179.5129,0.68,-0.06981,0.68,-0.06981,Sidewalk
167.0,147.8266,3.7686,0.10472,0.72,0.13963,150.1735,3.8511,stand_3,179.3541,0.72,0.13963,0.72,0.13963,Sidewalk
167.5,148.0841,3.8048,0.13963,0.52,0.06981,149.916,3.5919,stand_3,179.6241,0.52,0.06981,0.52,0.06981,Sidewalk
168.0,148.358,3.863,0.20944,0.56,0.13963,149.6421,3.3153,stand_3,179.3261,0.56,0.13963,0.56,0.13963,Sidewalk
168.5,148.5768,3.886,0.10472,0.44,-0.20944,149.4233,3.0957,stand_3,179.5097,0.44,-0.20944,0.44,-0.20944,Sidewalk
169.0,148.8525,3.9346,0.17453,0.56,0.13963,149.1475,2.8185,stand_3,179.5599,0.56,0.13963,0.56,0.13963,Sidewalk
169.5,149.0256,3.9842,0.27925,0.36,0.20944,148.9745,2.6445,stand_3,179.4271,0.36,0.20944,0.36,0.20944,Sidewalk
170.0,149.1759,4.039,0.34907,0.32,0.13963,148.8241,2.494,stand_3,179.4933,0.32,0.13963,0.32,0.13963,Sidewalk
170.5,149.3017,4.1003,0.45379,0.28,0.20944,148.6983,2.3696,stand_3,179.4845,0.28,0.20944,0.28,0.20944,Sidewalk
171.0,149.4057,4.1603,0.5236,0.24,0.13963,148.5944,2.2688,stand_3,179.4898,0.24,0.13963,0.24,0.13963,Sidewalk
171.5,149.5244,4.2345,0.55851,0.28,0.06981,148.4758,2.1566,stand_3,179.4067,0.28,0.06981,0.28,0.06981,Sidewalk
172.0,149.5891,4.2815,0.62832,0.16,0.13963,148.4112,2.0977,stand_3,179.5602,0.16,0.13963,0.16,0.13963,Sidewalk
172.5,149.6521,4.3308,0.66323,0.16,0.06981,148.3482,2.0422,stand_3,179.5388,0.16,0.06981,0.16,0.06981,Sidewalk
173.0,149.7116,4.3843,0.73304,0.16,0.13963,148.2889,1.9927,stand_3,179.5112,0.16,0.13963,0.16,0.13963,Sidewalk
173.5,149.7691,4.4399,0.76794,0.16,0.06981,148.2315,1.9476,stand_3,179.4486,0.16,0.06981,0.16,0.06981,Sidewalk
174.0,149.8267,4.4955,0.76794,0.16,-0.0,148.1741,1.9047,stand_3,179.4493,0.16,-0.0,0.16,-0.0,Sidewalk
174.5,149.8861,4.549,0.73304,0.16,-0.06981,148.1149,1.8619,stand_3,179.5343,0.16,-0.06981,0.16,-0.06981,Sidewalk
175.0,149.9159,4.5758,0.73304,0.08,-0.0,148.0853,1.8414,stand_3,179.5658,0.08,-0.0,0.08,-0.0,Sidewalk
175.5,149.9772,4.6272,0.69813,0.16,-0.06981,148.0242,1.8,stand_3,179.5105,0.16,-0.06981,0.16,-0.06981,Sidewalk
176.0,150.0059,4.655,0.76794,0.08,0.13963,147.9955,1.7827,stand_3,179.5258,0.08,0.13963,0.08,0.13963,Sidewalk
176.5,150.0337,4.6837,0.80285,0.08,0.06981,147.9679,1.7675,stand_3,179.4812,0.08,0.06981,0.08,0.06981,Sidewalk
177.0,150.0615,4.7125,0.80285,0.08,-0.0,147.9402,1.7531,stand_3,179.4744,0.08,-0.0,0.08,-0.0,Sidewalk
177.5,150.0903,4.7403,0.76794,0.08,-0.06981,147.9116,1.7381,stand_3,179.512,0.08,-0.06981,0.08,-0.06981,Sidewalk
178.0,150.1209,4.766,0.69813,0.08,-0.13963,147.8811,1.7214,stand_3,179.5807,0.08,-0.13963,0.08,-0.13963,Sidewalk
178.5,150.1524,4.7906,0.66323,0.08,-0.06981,147.8497,1.7041,stand_3,179.5136,0.08,-0.06981,0.08,-0.06981,Sidewalk
179.0,150.1524,4.7906,0.66323,0.0,-0.0,147.8497,1.7041,stand_3,179.5929,0.0,-0.0,0.0,-0.0,Sidewalk
179.5,150.1848,4.8142,0.62832,0.08,-0.06981,147.8174,1.6864,stand_3,179.5117,0.08,-0.06981,0.08,-0.06981,Sidewalk
180.0,150.1848,4.8142,0.62832,0.0,-0.0,147.8174,1.6864,stand_3,179.5825,0.0,-0.0,0.0,-0.0,Sidewalk
180.5,150.218,4.8365,0.59341,0.08,-0.06981,147.7844,1.6682,stand_3,179.5116,0.08,-0.06981,0.08,-0.06981,Sidewalk
181.0,150.218,4.8365,0.59341,0.0,-0.0,147.7844,1.6682,stand_3,179.5726,0.0,-0.0,0.0,-0.0,Sidewalk
181.5,150.218,4.8365,0.62832,0.0,0.06981,147.7844,1.6682,stand_3,179.581,0.0,0.06981,0.0,0.06981,Sidewalk
182.0,150.218,4.8365,0.62832,0.0,-0.0,147.7844,1.6682,stand_3,179.5727,0.0,-0.0,0.0,-0.0,Sidewalk
182.5,150.218,4.8365,0.66323,0.0,0.06981,147.7844,1.6682,stand_3,179.581,0.0,0.06981,0.0,0.06981,Sidewalk
183.0,150.218,4.8365,0.66323,0.0,-0.0,147.7844,1.6682,stand_3,179.5727,0.0,-0.0,0.0,-0.0,Sidewalk
183.5,150.218,4.8365,0.69813,0.0,0.06981,147.7844,1.6682,stand_3,179.581,0.0,0.06981,0.0,0.06981,Sidewalk
184.0,150.2503,4.86,0.62832,0.08,-0.13963,147.7522,1.652,stand_3,179.5585,0.08,-0.13963,0.08,-0.13963,Sidewalk
184.5,150.2503,4.86,0.66323,0.0,0.06981,147.7522,1.652,stand_3,179.5698,0.0,0.06981,0.0,0.06981,Sidewalk
185.0,150.2835,4.8824,0.59341,0.08,-0.13963,147.7192,1.6353,stand_3,179.5613,0.08,-0.13963,0.08,-0.13963,Sidewalk
185.5,150.2835,4.8824,0.62832,0.0,0.06981,147.7192,1.6353,stand_3,179.5591,0.0,0.06981,0.0,0.06981,Sidewalk
186.0,150.2835,4.8824,0.62832,0.0,-0.0,147.7192,1.6353,stand_3,179.5507,0.0,-0.0,0.0,-0.0,Sidewalk
186.5,150.2835,4.8824,0.66323,0.0,0.06981,147.7192,1.6353,stand_3,179.5591,0.0,0.06981,0.0,0.06981,Sidewalk
187.0,150.2835,4.8824,0.66323,0.0,-0.0,147.7192,1.6353,stand_3,179.5507,0.0,-0.0,0.0,-0.0,Sidewalk
187.5,150.2835,4.8824,0.69813,0.0,0.06981,147.7192,1.6353,stand_3,179.5591,0.0,0.06981,0.0,0.06981,Sidewalk
188.0,150.2835,4.8824,0.69813,0.0,-0.0,147.7192,1.6353,stand_3,179.5507,0.0,-0.0,0.0,-0.0,Sidewalk
188.5,150.2835,4.8824,0.73304,0.0,0.06981,147.7192,1.6353,stand_3,179.5591,0.0,0.06981,0.0,0.06981,Sidewalk
189.0,150.2835,4.8824,0.73304,0.0,-0.0,147.7192,1.6353,stand_3,179.5507,0.0,-0.0,0.0,-0.0,Sidewalk
189.5,150.2835,4.8824,0.76794,0.0,0.06981,147.7192,1.6353,stand_3,179.5591,0.0,0.06981,0.0,0.06981,Sidewalk
190.0,150.2835,4.8824,0.76794,0.0,-0.0,147.7192,1.6353,stand_3,179.5507,0.0,-0.0,0.0,-0.0,Sidewalk
190.5,150.2835,4.8824,0.80285,0.0,0.06981,147.7192,1.6353,stand_3,179.5591,0.0,0.06981,0.0,0.06981,Sidewalk
191.0,150.2835,4.8824,0.80285,0.0,-0.0,147.7192,1.6353,stand_3,179.5507,0.0,-0.0,0.0,-0.0,Sidewalk
191.5,150.2835,4.8824,0.83776,0.0,0.06981,147.7192,1.6353,stand_3,179.5591,0.0,0.06981,0.0,0.06981,Sidewalk
192.0,150.2835,4.8824,0.83776,0.0,-0.0,147.7192,1.6353,stand_3,179.5507,0.0,-0.0,0.0,-0.0,Sidewalk
192.5,150.2835,4.8824,0.87266,0.0,0.06981,147.7192,1.6353,stand_3,179.5591,0.0,0.06981,0.0,0.06981,Sidewalk
193.0,150.2835,4.8824,0.87266,0.0,-0.0,147.7192,1.6353,stand_3,179.5507,0.0,-0.0,0.0,-0.0,Sidewalk
193.5,150.2835,4.8824,0.90757,0.0,0.06981,147.7192,1.6353,stand_3,179.5591,0.0,0.06981,0.0,0.06981,Sidewalk
194.0,150.2835,4.8824,0.90757,0.0,-0.0,147.7192,1.6353,stand_3,179.5507,0.0,-0.0,0.0,-0.0,Sidewalk
194.5,150.2835,4.8824,0.94248,0.0,0.06981,147.7192,1.6353,stand_3,179.5591,0.0,0.06981,0.0,0.06981,Sidewalk
195.0,150.2835,4.8824,0.94248,0.0,-0.0,147.7192,1.6353,stand_3,179.5507,0.0,-0.0,0.0,-0.0,Sidewalk
195.5,150.2835,4.8824,0.97738,0.0,0.06981,147.7192,1.6353,stand_3,179.5591,0.0,0.06981,0.0,0.06981,Sidewalk
196.0,150.2835,4.8824,0.97738,0.0,-0.0,147.7192,1.6353,stand_3,179.5508,0.0,-0.0,0.0,-0.0,Sidewalk
196.5,150.2835,4.8824,1.01229,0.0,0.06981,147.7192,1.6353,stand_3,179.5591,0.0,0.06981,0.0,0.06981,Sidewalk
197.0,150.2835,4.8824,1.01229,0.0,-0.0,147.7192,1.6353,stand_3,179.5508,0.0,-0.0,0.0,-0.0,Sidewalk
197.5,150.2835,4.8824,1.0472,0.0,0.06981,147.7192,1.6353,stand_3,179.5591,0.0,0.06981,0.0,0.06981,Sidewalk
198.0,150.2835,4.8824,1.0472,0.0,-0.0,147.7192,1.6353,stand_3,179.5508,0.0,-0.0,0.0,-0.0,Sidewalk
198.5,150.2835,4.8824,1.0821,0.0,0.06981,147.7192,1.6353,stand_3,179.5591,0.0,0.06981,0.0,0.06981,Sidewalk
199.0,150.2835,4.8824,1.0821,0.0,-0.0,147.7192,1.6353,stand_3,179.5508,0.0,-0.0,0.0,-0.0,Sidewalk
199.5,150.2835,4.8824,1.11701,0.0,0.06981,147.7192,1.6353,stand_3,179.5591,0.0,0.06981,0.0,0.06981,Sidewalk
200.0,150.2835,4.8824,1.11701,0.0,-0.0,147.7192,1.6353,stand_3,179.5508,0.0,-0.0,0.0,-0.0,Sidewalk
200.5,150.2835,4.8824,1.15192,0.0,0.06981,147.7192,1.6353,stand_3,179.5591,0.0,0.06981,0.0,0.06981,Sidewalk
201.0,150.2835,4.8824,1.15192,0.0,-0.0,147.7192,1.6353,stand_3,179.5508,0.0,-0.0,0.0,-0.0,Sidewalk
201.5,150.2835,4.8824,1.18682,0.0,0.06981,147.7192,1.6353,stand_3,179.5591,0.0,0.06981,0.0,0.06981,Sidewalk
202.0,150.2835,4.8824,1.18682,0.0,-0.0,147.7192,1.6353,stand_3,179.5508,0.0,-0.0,0.0,-0.0,Sidewalk
202.5,150.2835,4.8824,1.22173,0.0,0.06981,147.7192,1.6353,stand_3,179.5592,0.0,0.06981,0.0,0.06981,Sidewalk
203.0,150.2835,4.8824,1.22173,0.0,-0.0,147.7192,1.6353,stand_3,179.5508,0.0,-0.0,0.0,-0.0,Sidewalk
203.5,150.2835,4.8824,1.25664,0.0,0.06981,147.7192,1.6353,stand_3,179.5592,0.0,0.06981,0.0,0.06981,Sidewalk
204.0,150.2835,4.8824,1.25664,0.0,-0.0,147.7192,1.6353,stand_3,179.5508,0.0,-0.0,0.0,-0.0,Sidewalk
204.5,150.2835,4.8824,1.29154,0.0,0.06981,147.7192,1.6353,stand_3,179.5592,0.0,0.06981,0.0,0.06981,Sidewalk
205.0,150.2835,4.8824,1.29154,0.0,-0.0,147.7192,1.6353,stand_3,179.5508,0.0,-0.0,0.0,-0.0,Sidewalk
205.5,150.2835,4.8824,1.32645,0.0,0.06981,147.7192,1.6353,stand_3,179.5592,0.0,0.06981,0.0,0.06981,Sidewalk
206.0,150.2835,4.8824,1.32645,0.0,-0.0,147.7192,1.6353,stand_3,179.5508,0.0,-0.0,0.0,-0.0,Sidewalk
206.5,150.2835,4.8824,1.36136,0.0,0.06981,147.7192,1.6353,stand_3,179.5592,0.0,0.06981,0.0,0.06981,Sidewalk
207.0,150.2835,4.8824,1.36136,0.0,-0.0,147.7192,1.6353,stand_3,179.5508,0.0,-0.0,0.0,-0.0,Sidewalk
207.5,150.2835,4.8824,1.39626,0.0,0.06981,147.7192,1.6353,stand_3,179.5592,0.0,0.06981,0.0,0.06981,Sidewalk
208.0,150.2835,4.8824,1.39626,0.0,-0.0,147.7192,1.6353,stand_3,179.5508,0.0,-0.0,0.0,-0.0,Sidewalk
208.5,150.2835,4.8824,1.43117,0.0,0.06981,147.7192,1.6353,stand_3,179.5592,0.0,0.06981,0.0,0.06981,Sidewalk
209.0,150.2835,4.8824,1.43117,0.0,-0.0,147.7192,1.6353,stand_3,179.5508,0.0,-0.0,0.0,-0.0,Sidewalk
209.5,150.2835,4.8824,1.46608,0.0,0.06981,147.7192,1.6352,stand_3,179.5592,0.0,0.06981,0.0,0.06981,Sidewalk
210.0,150.2835,4.8824,1.46608,0.0,-0.0,147.7192,1.6352,stand_3,179.5508,0.0,-0.0,0.0,-0.0,Sidewalk
210.5,150.2835,4.8824,1.50098,0.0,0.06981,147.7192,1.6352,stand_3,179.5592,0.0,0.06981,0.0,0.06981,Sidewalk
211.0,150.2835,4.8824,1.50098,0.0,-0.0,147.7192,1.6352,stand_3,179.5508,0.0,-0.0,0.0,-0.0,Sidewalk
211.5,150.2835,4.8824,1.53589,0.0,0.06981,147.7192,1.6352,stand_3,179.5592,0.0,0.06981,0.0,0.06981,Sidewalk
212.0,150.2835,4.8824,1.53589,0.0,-0.0,147.7192,1.6352,stand_3,179.5508,0.0,-0.0,0.0,-0.0,Sidewalk
212.5,150.2835,4.8824,1.5708,0.0,0.06981,147.7192,1.6352,stand_3,179.5592,0.0,0.06981,0.0,0.06981,Sidewalk
213.0,150.2835,4.8824,1.5708,0.0,-0.0,147.7192,1.6352,stand_3,179.5508,0.0,-0.0,0.0,-0.0,Sidewalk
213.5,150.2835,4.8824,1.6057,0.0,0.06981,147.7192,1.6352,stand_3,179.5592,0.0,0.06981,0.0,0.06981,Sidewalk
214.0,150.2835,4.8824,1.6057,0.0,-0.0,147.7192,1.6352,stand_3,179.5508,0.0,-0.0,0.0,-0.0,Sidewalk
214.5,150.2835,4.8824,1.64061,0.0,0.06981,147.7192,1.6352,stand_3,179.5592,0.0,0.06981,0.0,0.06981,Sidewalk
215.0,150.2835,4.8824,1.64061,0.0,-0.0,147.7192,1.6352,stand_3,179.5508,0.0,-0.0,0.0,-0.0,Sidewalk
215.5,150.2835,4.8824,1.67552,0.0,0.06981,147.7192,1.6352,stand_3,179.5592,0.0,0.06981,0.0,0.06981,Sidewalk
216.0,150.2835,4.8824,1.67552,0.0,-0.0,147.7192,1.6352,stand_3,179.5508,0.0,-0.0,0.0,-0.0,Sidewalk
216.5,150.2835,4.8824,1.71042,0.0,0.06981,147.7192,1.6352,stand_3,179.5592,0.0,0.06981,0.0,0.06981,Sidewalk
217.0,150.2835,4.8824,1.71042,0.0,-0.0,147.7192,1.6352,stand_3,179.5508,0.0,-0.0,0.0,-0.0,Sidewalk
217.5,150.2835,4.8824,1.74533,0.0,0.06981,147.7192,1.6352,stand_3,179.5592,0.0,0.06981,0.0,0.06981,Sidewalk
218.0,150.2835,4.8824,1.74533,0.0,-0.0,147.7192,1.6352,stand_3,179.5508,0.0,-0.0,0.0,-0.0,Sidewalk
218.5,150.2835,4.8824,1.78024,0.0,0.06981,147.7192,1.6352,stand_3,179.5592,0.0,0.06981,0.0,0.06981,Sidewalk
219.0,150.2835,4.8824,1.78024,0.0,-0.0,147.7192,1.6352,stand_3,179.5508,0.0,-0.0,0.0,-0.0,Sidewalk
219.5,150.2835,4.8824,1.81514,0.0,0.06981,147.7192,1.6352,stand_3,179.5592,0.0,0.06981,0.0,0.06981,Sidewalk
220.0,150.2835,4.8824,1.81514,0.0,-0.0,147.7192,1.6352,stand_3,179.5508,0.0,-0.0,0.0,-0.0,Sidewalk
220.5,150.2835,4.8824,1.85005,0.0,0.06981,147.7192,1.6352,stand_3,179.5592,0.0,0.06981,0.0,0.06981,Sidewalk
221.0,150.2835,4.8824,1.85005,0.0,-0.0,147.7192,1.6352,stand_3,179.5509,0.0,-0.0,0.0,-0.0,Sidewalk
221.5,150.2835,4.8824,1.88496,0.0,0.06981,147.7192,1.6352,stand_3,179.5592,0.0,0.06981,0.0,0.06981,Sidewalk
222.0,150.2835,4.8824,1.88496,0.0,-0.0,147.7192,1.6352,stand_3,179.5509,0.0,-0.0,0.0,-0.0,Sidewalk
222.5,150.2835,4.8824,1.91986,0.0,0.06981,147.7192,1.6352,stand_3,179.5592,0.0,0.06981,0.0,0.06981,Sidewalk
223.0,150.2835,4.8824,1.91986,0.0,-0.0,147.7192,1.6352,stand_3,179.5509,0.0,-0.0,0.0,-0.0,Sidewalk
223.5,150.2835,4.8824,1.95477,0.0,0.06981,147.7192,1.6352,stand_3,179.5592,0.0,0.06981,0.0,0.06981,Sidewalk
224.0,150.2835,4.8824,1.95477,0.0,-0.0,147.7192,1.6352,stand_3,179.5509,0.0,-0.0,0.0,-0.0,Sidewalk
224.5,150.2835,4.8824,1.98968,0.0,0.06981,147.7192,1.6352,stand_3,179.5592,0.0,0.06981,0.0,0.06981,Sidewalk
225.0,150.2835,4.8824,1.98968,0.0,-0.0,147.7192,1.6352,stand_3,179.5509,0.0,-0.0,0.0,-0.0,Sidewalk
225.5,150.2835,4.8824,2.02458,0.0,0.06981,147.7192,1.6352,stand_3,179.5593,0.0,0.06981,0.0,0.06981,Sidewalk
226.0,150.2835,4.8824,2.02458,0.0,-0.0,147.7192,1.6352,stand_3,179.5509,0.0,-0.0,0.0,-0.0,Sidewalk
226.5,150.2835,4.8824,2.05949,0.0,0.06981,147.7192,1.6352,stand_3,179.5593,0.0,0.06981,0.0,0.06981,Sidewalk
227.0,150.2835,4.8824,2.05949,0.0,-0.0,147.7192,1.6352,stand_3,179.5509,0.0,-0.0,0.0,-0.0,Sidewalk
227.5,150.2835,4.8824,2.0944,0.0,0.06981,147.7192,1.6352,stand_3,179.5593,0.0,0.06981,0.0,0.06981,Sidewalk
228.0,150.2835,4.8824,2.0944,0.0,-0.0,147.7192,1.6352,stand_3,179.5509,0.0,-0.0,0.0,-0.0,Sidewalk
228.5,150.2835,4.8824,2.1293,0.0,0.06981,147.7192,1.6352,stand_3,179.5593,0.0,0.06981,0.0,0.06981,Sidewalk
229.0,150.2835,4.8824,2.1293,0.0,-0.0,147.7192,1.6352,stand_3,179.5509,0.0,-0.0,0.0,-0.0,Sidewalk
229.5,150.2835,4.8824,2.16421,0.0,0.06981,147.7192,1.6352,stand_3,179.5593,0.0,0.06981,0.0,0.06981,Sidewalk
230.0,150.2835,4.8824,2.16421,0.0,-0.0,147.7192,1.6352,stand_3,179.5509,0.0,-0.0,0.0,-0.0,Sidewalk
230.5,150.2835,4.8824,2.19911,0.0,0.06981,147.7192,1.6352,stand_3,179.5593,0.0,0.06981,0.0,0.06981,Sidewalk
231.0,150.2835,4.8824,2.19911,0.0,-0.0,147.7192,1.6352,stand_3,179.5509,0.0,-0.0,0.0,-0.0,Sidewalk
231.5,150.2835,4.8824,2.23402,0.0,0.06981,147.7192,1.6352,stand_3,179.5593,0.0,0.06981,0.0,0.06981,Sidewalk
232.0,150.2835,4.8824,2.23402,0.0,-0.0,147.7192,1.6352,stand_3,179.5509,0.0,-0.0,0.0,-0.0,Sidewalk
232.5,150.2835,4.8824,2.26893,0.0,0.06981,147.7192,1.6352,stand_3,179.5593,0.0,0.06981,0.0,0.06981,Sidewalk
233.0,150.2835,4.8824,2.26893,0.0,-0.0,147.7192,1.6352,stand_3,179.5509,0.0,-0.0,0.0,-0.0,Sidewalk
233.5,150.2835,4.8824,2.30383,0.0,0.06981,147.7192,1.6352,stand_3,179.5593,0.0,0.06981,0.0,0.06981,Sidewalk
234.0,150.2835,4.8824,2.30383,0.0,-0.0,147.7192,1.6352,stand_3,179.5509,0.0,-0.0,0.0,-0.0,Sidewalk
234.5,150.2835,4.8824,2.33874,0.0,0.06981,147.7192,1.6352,stand_3,179.5593,0.0,0.06981,0.0,0.06981,Sidewalk
235.0,150.2835,4.8824,2.33874,0.0,-0.0,147.7192,1.6352,stand_3,179.5509,0.0,-0.0,0.0,-0.0,Sidewalk
235.5,150.2835,4.8824,2.37365,0.0,0.06981,147.7192,1.6352,stand_3,179.5593,0.0,0.06981,0.0,0.06981,Sidewalk
236.0,150.2835,4.8824,2.37365,0.0,-0.0,147.7192,1.6352,stand_3,179.5509,0.0,-0.0,0.0,-0.0,Sidewalk
236.5,150.2835,4.8824,2.40855,0.0,0.06981,147.7192,1.6352,stand_3,179.5593,0.0,0.06981,0.0,0.06981,Sidewalk
237.0,150.2835,4.8824,2.40855,0.0,-0.0,147.7192,1.6352,stand_3,179.5509,0.0,-0.0,0.0,-0.0,Sidewalk
237.5,150.2835,4.8824,2.44346,0.0,0.06981,147.7192,1.6352,stand_3,179.5593,0.0,0.06981,0.0,0.06981,Sidewalk
238.0,150.2835,4.8824,2.44346,0.0,-0.0,147.7192,1.6352,stand_3,179.5509,0.0,-0.0,0.0,-0.0,Sidewalk
238.5,150.2835,4.8824,2.47837,0.0,0.06981,147.7192,1.6352,stand_3,179.5593,0.0,0.06981,0.0,0.06981,Sidewalk
239.0,150.2835,4.8824,2.47837,0.0,-0.0,147.7192,1.6352,stand_3,179.5509,0.0,-0.0,0.0,-0.0,Sidewalk
239.5,150.2835,4.8824,2.51327,0.0,0.06981,147.7192,1.6352,stand_3,179.5593,0.0,0.06981,0.0,0.06981,Sidewalk
240.0,150.2835,4.8824,2.51327,0.0,-0.0,147.7192,1.6352,stand_3,179.5509,0.0,-0.0,0.0,-0.0,Sidewalk
240.5,150.2835,4.8824,2.54818,0.0,0.06981,147.7192,1.6352,stand_3,179.5593,0.0,0.06981,0.0,0.06981,Sidewalk
241.0,150.2835,4.8824,2.54818,0.0,-0.0,147.7192,1.6352,stand_3,179.5509,0.0,-0.0,0.0,-0.0,Sidewalk
241.5,150.2835,4.8824,2.58309,0.0,0.06981,147.7192,1.6352,stand_3,179.5593,0.0,0.06981,0.0,0.06981,Sidewalk
242.0,150.2835,4.8824,2.58309,0.0,-0.0,147.7192,1.6352,stand_3,179.5509,0.0,-0.0,0.0,-0.0,Sidewalk
242.5,150.2835,4.8824,2.61799,0.0,0.06981,147.7192,1.6352,stand_3,179.5593,0.0,0.06981,0.0,0.06981,Sidewalk
243.0,150.2835,4.8824,2.61799,0.0,-0.0,147.7192,1.6352,stand_3,179.5509,0.0,-0.0,0.0,-0.0,Sidewalk
243.5,150.2835,4.8824,2.6529,0.0,0.06981,147.7192,1.6352,stand_3,179.5593,0.0,0.06981,0.0,0.06981,Sidewalk
244.0,150.2835,4.8824,2.6529,0.0,-0.0,147.7192,1.6352,stand_3,179.551,0.0,-0.0,0.0,-0.0,Sidewalk
244.5,150.2835,4.8824,2.68781,0.0,0.06981,147.7192,1.6352,stand_3,179.5593,0.0,0.06981,0.0,0.06981,Sidewalk
245.0,150.2835,4.8824,2.68781,0.0,-0.0,147.7192,1.6352,stand_3,179.551,0.0,-0.0,0.0,-0.0,Sidewalk
245.5,150.2835,4.8824,2.72271,0.0,0.06981,147.7192,1.6352,stand_3,179.5593,0.0,0.06981,0.0,0.06981,Sidewalk
246.0,150.2835,4.8824,2.72271,0.0,-0.0,147.7192,1.6352,stand_3,179.551,0.0,-0.0,0.0,-0.0,Sidewalk
246.5,150.2835,4.8824,2.75762,0.0,0.06981,147.7192,1.6352,stand_3,179.5593,0.0,0.06981,0.0,0.06981,Sidewalk
247.0,150.2835,4.8824,2.75762,0.0,-0.0,147.7192,1.6352,stand_3,179.551,0.0,-0.0,0.0,-0.0,Sidewalk
247.5,150.2835,4.8824,2.79253,0.0,0.06981,147.7192,1.6352,stand_3,179.5593,0.0,0.06981,0.0,0.06981,Sidewalk
248.0,150.2835,4.8824,2.79253,0.0,-0.0,147.7192,1.6351,stand_3,179.551,0.0,-0.0,0.0,-0.0,Sidewalk
248.5,150.2835,4.8824,2.82743,0.0,0.06981,147.7192,1.6351,stand_3,179.5593,0.0,0.06981,0.0,0.06981,Sidewalk
249.0,150.2835,4.8824,2.82743,0.0,-0.0,147.7192,1.6351,stand_3,179.551,0.0,-0.0,0.0,-0.0,Sidewalk
249.5,150.2835,4.8824,2.86234,0.0,0.06981,147.7192,1.6351,stand_3,179.5594,0.0,0.06981,0.0,0.06981,Sidewalk
250.0,150.2835,4.8824,2.86234,0.0,-0.0,147.7192,1.6351,stand_3,179.551,0.0,-0.0,0.0,-0.0,Sidewalk
250.5,150.2835,4.8824,2.89725,0.0,0.06981,147.7192,1.6351,stand_3,179.5594,0.0,0.06981,0.0,0.06981,Sidewalk
251.0,150.2835,4.8824,2.89725,0.0,-0.0,147.7192,1.6351,stand_3,179.551,0.0,-0.0,0.0,-0.0,Sidewalk
251.5,150.2835,4.8824,2.93215,0.0,0.06981,147.7192,1.6351,stand_3,179.5594,0.0,0.06981,0.0,0.06981,Sidewalk
252.0,150.2835,4.8824,2.93215,0.0,-0.0,147.7192,1.6351,stand_3,179.551,0.0,-0.0,0.0,-0.0,Sidewalk
252.5,150.2835,4.8824,2.96706,0.0,0.06981,147.7192,1.6351,stand_3,179.5594,0.0,0.06981,0.0,0.06981,Sidewalk
253.0,150.2835,4.8824,2.96706,0.0,-0.0,147.7192,1.6351,stand_3,179.551,0.0,-0.0,0.0,-0.0,Sidewalk
253.5,150.2835,4.8824,3.00197,0.0,0.06981,147.7192,1.6351,stand_3,179.5594,0.0,0.06981,0.0,0.06981,Sidewalk
254.0,150.2835,4.8824,3.00197,0.0,-0.0,147.7192,1.6351,stand_3,179.551,0.0,-0.0,0.0,-0.0,Sidewalk
254.5,150.2835,4.8824,3.03687,0.0,0.06981,147.7192,1.6351,stand_3,179.5594,0.0,0.06981,0.0,0.06981,Sidewalk
255.0,150.2835,4.8824,3.03687,0.0,-0.0,147.7192,1.6351,stand_3,179.551,0.0,-0.0,0.0,-0.0,Sidewalk
255.5,150.2835,4.8824,3.07178,0.0,0.06981,147.7192,1.6351,stand_3,179.5594,0.0,0.06981,0.0,0.06981,Sidewalk
256.0,150.2835,4.8824,3.07178,0.0,-0.0,147.7192,1.6351,stand_3,179.551,0.0,-0.0,0.0,-0.0,Sidewalk
256.5,150.2835,4.8824,3.10669,0.0,0.06981,147.7192,1.6351,stand_3,179.5594,0.0,0.06981,0.0,0.06981,Sidewalk
257.0,150.2835,4.8824,3.10669,0.0,-0.0,147.7192,1.6351,stand_3,179.551,0.0,-0.0,0.0,-0.0,Sidewalk
257.5,150.2835,4.8824,3.14159,0.0,0.06981,147.7192,1.6351,stand_3,179.5594,0.0,0.06981,0.0,0.06981,Sidewalk
258.0,150.2835,4.8824,3.14159,0.0,-0.0,147.7192,1.6351,stand_3,179.551,0.0,-0.0,0.0,-0.0,Sidewalk
258.5,150.2835,4.8824,-3.10669,0.0,0.06981,147.7192,1.6351,stand_3,179.5594,0.0,0.06981,0.0,0.06981,Sidewalk
259.0,150.2835,4.8824,-3.10669,0.0,-0.0,147.7192,1.6351,stand_3,179.551,0.0,-0.0,0.0,-0.0,Sidewalk
259.5,150.2835,4.8824,-3.07178,0.0,0.06981,147.7192,1.6351,stand_3,179.5594,0.0,0.06981,0.0,0.06981,Sidewalk
260.0,150.2835,4.8824,-3.07178,0.0,-0.0,147.7192,1.6351,stand_3,179.551,0.0,-0.0,0.0,-0.0,Sidewalk
260.5,150.2835,4.8824,-3.03687,0.0,0.06981,147.7192,1.6351,stand_3,179.5594,0.0,0.06981,0.0,0.06981,Sidewalk
261.0,150.2835,4.8824,-3.03687,0.0,-0.0,147.7192,1.6351,stand_3,179.551,0.0,-0.0,0.0,-0.0,Sidewalk
261.5,150.2835,4.8824,-3.00197,0.0,0.06981,147.7192,1.6351,stand_3,179.5594,0.0,0.06981,0.0,0.06981,Sidewalk
262.0,150.2835,4.8824,-3.00197,0.0,-0.0,147.7192,1.6351,stand_3,179.551,0.0,-0.0,0.0,-0.0,Sidewalk
262.5,150.2835,4.8824,-2.96706,0.0,0.06981,147.7192,1.6351,stand_3,179.5594,0.0,0.06981,0.0,0.06981,Sidewalk
263.0,150.2835,4.8824,-2.96706,0.0,-0.0,147.7192,1.6351,stand_3,179.551,0.0,-0.0,0.0,-0.0,Sidewalk
263.5,150.2835,4.8824,-2.93215,0.0,0.06981,147.7192,1.6351,stand_3,179.5594,0.0,0.06981,0.0,0.06981,Sidewalk
264.0,150.2835,4.8824,-2.93215,0.0,-0.0,147.7192,1.6351,stand_3,179.551,0.0,-0.0,0.0,-0.0,Sidewalk
264.5,150.2835,4.8824,-2.89725,0.0,0.06981,147.7192,1.6351,stand_3,179.5594,0.0,0.06981,0.0,0.06981,Sidewalk
265.0,150.2835,4.8824,-2.89725,0.0,-0.0,147.7192,1.6351,stand_3,179.551,0.0,-0.0,0.0,-0.0,Sidewalk
265.5,150.2835,4.8824,-2.86234,0.0,0.06981,147.7192,1.6351,stand_3,179.5594,0.0,0.06981,0.0,0.06981,Sidewalk
266.0,150.2835,4.8824,-2.86234,0.0,-0.0,147.7192,1.6351,stand_3,179.551,0.0,-0.0,0.0,-0.0,Sidewalk
266.5,150.2835,4.8824,-2.82743,0.0,0.06981,147.7192,1.6351,stand_3,179.5594,0.0,0.06981,0.0,0.06981,Sidewalk
267.0,150.2835,4.8824,-2.82743,0.0,-0.0,147.7192,1.6351,stand_3,179.551,0.0,-0.0,0.0,-0.0,Sidewalk
267.5,150.2835,4.8824,-2.79253,0.0,0.06981,147.7192,1.6351,stand_3,179.5594,0.0,0.06981,0.0,0.06981,Sidewalk
268.0,150.2835,4.8824,-2.79253,0.0,-0.0,147.7192,1.6351,stand_3,179.551,0.0,-0.0,0.0,-0.0,Sidewalk
268.5,150.2835,4.8824,-2.75762,0.0,0.06981,147.7192,1.6351,stand_3,179.5594,0.0,0.06981,0.0,0.06981,Sidewalk
269.0,150.2835,4.8824,-2.75762,0.0,-0.0,147.7192,1.6351,stand_3,179.551,0.0,-0.0,0.0,-0.0,Sidewalk
269.5,150.2835,4.8824,-2.72271,0.0,0.06981,147.7192,1.6351,stand_3,179.5594,0.0,0.06981,0.0,0.06981,Sidewalk
270.0,150.2835,4.8824,-2.72271,0.0,-0.0,147.7192,1.6351,stand_3,179.5511,0.0,-0.0,0.0,-0.0,Sidewalk
270.5,150.2835,4.8824,-2.68781,0.0,0.06981,147.7192,1.6351,stand_3,179.5594,0.0,0.06981,0.0,0.06981,Sidewalk
271.0,150.2835,4.8824,-2.68781,0.0,-0.0,147.7192,1.6351,stand_3,179.5511,0.0,-0.0,0.0,-0.0,Sidewalk
271.5,150.2835,4.8824,-2.6529,0.0,0.06981,147.7192,1.6351,stand_3,179.5594,0.0,0.06981,0.0,0.06981,Sidewalk
272.0,150.2835,4.8824,-2.6529,0.0,-0.0,147.7192,1.6351,stand_3,179.5511,0.0,-0.0,0.0,-0.0,Sidewalk
272.5,150.2835,4.8824,-2.61799,0.0,0.06981,147.7192,1.6351,stand_3,179.5594,0.0,0.06981,0.0,0.06981,Sidewalk
273.0,150.2835,4.8824,-2.61799,0.0,-0.0,147.7192,1.6351,stand_3,179.5511,0.0,-0.0,0.0,-0.0,Sidewalk
273.5,150.2835,4.8824,-2.58309,0.0,0.06981,147.7192,1.6351,stand_3,179.5594,0.0,0.06981,0.0,0.06981,Sidewalk
274.0,150.2835,4.8824,-2.58309,0.0,-0.0,147.7192,1.6351,stand_3,179.5511,0.0,-0.0,0.0,-0.0,Sidewalk
274.5,150.2835,4.8824,-2.54818,0.0,0.06981,147.7192,1.6351,stand_3,179.5595,0.0,0.06981,0.0,0.06981,Sidewalk
275.0,150.2835,4.8824,-2.54818,0.0,-0.0,147.7192,1.6351,stand_3,179.5511,0.0,-0.0,0.0,-0.0,Sidewalk
275.5,150.2835,4.8824,-2.51327,0.0,0.06981,147.7192,1.6351,stand_3,179.5595,0.0,0.06981,0.0,0.06981,Sidewalk
276.0,150.2835,4.8824,-2.51327,0.0,-0.0,147.7192,1.6351,stand_3,179.5511,0.0,-0.0,0.0,-0.0,Sidewalk
276.5,150.2835,4.8824,-2.47837,0.0,0.06981,147.7192,1.6351,stand_3,179.5595,0.0,0.06981,0.0,0.06981,Sidewalk
277.0,150.2835,4.8824,-2.47837,0.0,-0.0,147.7192,1.6351,stand_3,179.5511,0.0,-0.0,0.0,-0.0,Sidewalk
277.5,150.2835,4.8824,-2.44346,0.0,0.06981,147.7192,1.6351,stand_3,179.5595,0.0,0.06981,0.0,0.06981,Sidewalk
278.0,150.2835,4.8824,-2.44346,0.0,-0.0,147.7192,1.6351,stand_3,179.5511,0.0,-0.0,0.0,-0.0,Sidewalk
278.5,150.2835,4.8824,-2.40855,0.0,0.06981,147.7192,1.6351,stand_3,179.5595,0.0,0.06981,0.0,0.06981,Sidewalk
279.0,150.2835,4.8824,-2.40855,0.0,-0.0,147.7192,1.6351,stand_3,179.5511,0.0,-0.0,0.0,-0.0,Sidewalk
279.5,150.2835,4.8824,-2.37365,0.0,0.06981,147.7192,1.6351,stand_3,179.5595,0.0,0.06981,0.0,0.06981,Sidewalk
280.0,150.2835,4.8824,-2.37365,0.0,-0.0,147.7192,1.6351,stand_3,179.5511,0.0,-0.0,0.0,-0.0,Sidewalk
280.5,150.2835,4.8824,-2.33874,0.0,0.06981,147.7192,1.6351,stand_3,179.5595,0.0,0.06981,0.0,0.06981,Sidewalk
281.0,150.2835,4.8824,-2.33874,0.0,-0.0,147.7192,1.6351,stand_3,179.5511,0.0,-0.0,0.0,-0.0,Sidewalk
281.5,150.2835,4.8824,-2.30383,0.0,0.06981,147.7192,1.6351,stand_3,179.5595,0.0,0.06981,0.0,0.06981,Sidewalk
282.0,150.2835,4.8824,-2.30383,0.0,-0.0,147.7192,1.6351,stand_3,179.5511,0.0,-0.0,0.0,-0.0,Sidewalk
282.5,150.2835,4.8824,-2.26893,0.0,0.06981,147.7192,1.6351,stand_3,179.5595,0.0,0.06981,0.0,0.06981,Sidewalk
283.0,150.2835,4.8824,-2.26893,0.0,-0.0,147.7192,1.6351,stand_3,179.5511,0.0,-0.0,0.0,-0.0,Sidewalk
283.5,150.2835,4.8824,-2.23402,0.0,0.06981,147.7192,1.6351,stand_3,179.5595,0.0,0.06981,0.0,0.06981,Sidewalk
284.0,150.2835,4.8824,-2.23402,0.0,-0.0,147.7192,1.6351,stand_3,179.5511,0.0,-0.0,0.0,-0.0,Sidewalk
284.5,150.2835,4.8824,-2.19911,0.0,0.06981,147.7192,1.6351,stand_3,179.5595,0.0,0.06981,0.0,0.06981,Sidewalk
285.0,150.2835,4.8824,-2.19911,0.0,-0.0,147.7192,1.6351,stand_3,179.5511,0.0,-0.0,0.0,-0.0,Sidewalk
285.5,150.2835,4.8824,-2.16421,0.0,0.06981,147.7192,1.6351,stand_3,179.5595,0.0,0.06981,0.0,0.06981,Sidewalk
286.0,150.2835,4.8824,-2.16421,0.0,-0.0,147.7192,1.6351,stand_3,179.5511,0.0,-0.0,0.0,-0.0,Sidewalk
286.5,150.2835,4.8824,-2.1293,0.0,0.06981,147.7192,1.6351,stand_3,179.5595,0.0,0.06981,0.0,0.06981,Sidewalk
287.0,150.2835,4.8824,-2.1293,0.0,-0.0,147.7192,1.6351,stand_3,179.5511,0.0,-0.0,0.0,-0.0,Sidewalk
287.5,150.2835,4.8824,-2.0944,0.0,0.06981,147.7192,1.6351,stand_3,179.5595,0.0,0.06981,0.0,0.06981,Sidewalk
288.0,150.2835,4.8824,-2.0944,0.0,-0.0,147.7192,1.6351,stand_3,179.5511,0.0,-0.0,0.0,-0.0,Sidewalk
288.5,150.2835,4.8824,-2.05949,0.0,0.06981,147.7192,1.635,stand_3,179.5595,0.0,0.06981,0.0,0.06981,Sidewalk
289.0,150.2835,4.8824,-2.05949,0.0,-0.0,147.7192,1.635,stand_3,179.5511,0.0,-0.0,0.0,-0.0,Sidewalk
289.5,150.2835,4.8824,-2.02458,0.0,0.06981,147.7192,1.635,stand_3,179.5595,0.0,0.06981,0.0,0.06981,Sidewalk
290.0,150.2835,4.8824,-2.02458,0.0,-0.0,147.7192,1.635,stand_3,179.5511,0.0,-0.0,0.0,-0.0,Sidewalk
290.5,150.2835,4.8824,-1.98968,0.0,0.06981,147.7192,1.635,stand_3,179.5595,0.0,0.06981,0.0,0.06981,Sidewalk
291.0,150.2835,4.8824,-1.98968,0.0,-0.0,147.7192,1.635,stand_3,179.5511,0.0,-0.0,0.0,-0.0,Sidewalk
291.5,150.2835,4.8824,-1.95477,0.0,0.06981,147.7192,1.635,stand_3,179.5595,0.0,0.06981,0.0,0.06981,Sidewalk
292.0,150.2835,4.8824,-1.95477,0.0,-0.0,147.7192,1.635,stand_3,179.5511,0.0,-0.0,0.0,-0.0,Sidewalk
292.5,150.2835,4.8824,-1.91986,0.0,0.06981,147.7192,1.635,stand_3,179.5595,0.0,0.06981,0.0,0.06981,Sidewalk
293.0,150.2835,4.8824,-1.91986,0.0,-0.0,147.7192,1.635,stand_3,179.5512,0.0,-0.0,0.0,-0.0,Sidewalk
293.5,150.2835,4.8824,-1.88496,0.0,0.06981,147.7192,1.635,stand_3,179.5595,0.0,0.06981,0.0,0.06981,Sidewalk
294.0,150.2835,4.8824,-1.88496,0.0,-0.0,147.7192,1.635,stand_3,179.5512,0.0,-0.0,0.0,-0.0,Sidewalk
294.5,150.2835,4.8824,-1.85005,0.0,0.06981,147.7192,1.635,stand_3,179.5595,0.0,0.06981,0.0,0.06981,Sidewalk
295.0,150.2835,4.8824,-1.85005,0.0,-0.0,147.7192,1.635,stand_3,179.5512,0.0,-0.0,0.0,-0.0,Sidewalk
295.5,150.2835,4.8824,-1.81514,0.0,0.06981,147.7192,1.635,stand_3,179.5595,0.0,0.06981,0.0,0.06981,Sidewalk
296.0,150.2835,4.8824,-1.81514,0.0,-0.0,147.7192,1.635,stand_3,179.5512,0.0,-0.0,0.0,-0.0,Sidewalk
296.5,150.2835,4.8824,-1.78024,0.0,0.06981,147.7192,1.635,stand_3,179.5595,0.0,0.06981,0.0,0.06981,Sidewalk
297.0,150.2835,4.8824,-1.78024,0.0,-0.0,147.7192,1.635,stand_3,179.5512,0.0,-0.0,0.0,-0.0,Sidewalk
297.5,150.2835,4.8824,-1.74533,0.0,0.06981,147.7192,1.635,stand_3,179.5595,0.0,0.06981,0.0,0.06981,Sidewalk
298.0,150.2835,4.8824,-1.74533,0.0,-0.0,147.7192,1.635,stand_3,179.5512,0.0,-0.0,0.0,-0.0,Sidewalk
298.5,150.2835,4.8824,-1.71042,0.0,0.06981,147.7192,1.635,stand_3,179.5596,0.0,0.06981,0.0,0.06981,Sidewalk
299.0,150.2835,4.8824,-1.71042,0.0,-0.0,147.7192,1.635,stand_3,179.5512,0.0,-0.0,0.0,-0.0,Sidewalk
299.5,150.2835,4.8824,-1.67552,0.0,0.06981,147.7192,1.635,stand_3,179.5596,0.0,0.06981,0.0,0.06981,Sidewalk
300.0,150.2835,4.8824,-1.67552,0.0,-0.0,147.7192,1.635,stand_3,179.5512,0.0,-0.0,0.0,-0.0,Sidewalk
300.5,150.2835,4.8824,-1.64061,0.0,0.06981,147.7192,1.635,stand_3,179.5596,0.0,0.06981,0.0,0.06981,Sidewalk
301.0,150.2835,4.8824,-1.64061,0.0,-0.0,147.7192,1.635,stand_3,179.5512,0.0,-0.0,0.0,-0.0,Sidewalk
301.5,150.2835,4.8824,-1.6057,0.0,0.06981,147.7192,1.635,stand_3,179.5596,0.0,0.06981,0.0,0.06981,Sidewalk
302.0,150.2835,4.8824,-1.6057,0.0,-0.0,147.7192,1.635,stand_3,179.5512,0.0,-0.0,0.0,-0.0,Sidewalk
302.5,150.2835,4.8824,-1.5708,0.0,0.06981,147.7192,1.635,stand_3,179.5596,0.0,0.06981,0.0,0.06981,Sidewalk
303.0,150.2835,4.8824,-1.5708,0.0,-0.0,147.7192,1.635,stand_3,179.5512,0.0,-0.0,0.0,-0.0,Sidewalk
303.5,150.2835,4.8824,-1.53589,0.0,0.06981,147.7192,1.635,stand_3,179.5596,0.0,0.06981,0.0,0.06981,Sidewalk
304.0,150.2835,4.8824,-1.53589,0.0,-0.0,147.7192,1.635,stand_3,179.5512,0.0,-0.0,0.0,-0.0,Sidewalk
304.5,150.2835,4.8824,-1.50098,0.0,0.06981,147.7192,1.635,stand_3,179.5596,0.0,0.06981,0.0,0.06981,Sidewalk
305.0,150.2835,4.8824,-1.50098,0.0,-0.0,147.7192,1.635,stand_3,179.5512,0.0,-0.0,0.0,-0.0,Sidewalk
305.5,150.2835,4.8824,-1.46608,0.0,0.06981,147.7192,1.635,stand_3,179.5596,0.0,0.06981,0.0,0.06981,Sidewalk
306.0,150.2835,4.8824,-1.46608,0.0,-0.0,147.7192,1.635,stand_3,179.5512,0.0,-0.0,0.0,-0.0,Sidewalk
306.5,150.2835,4.8824,-1.43117,0.0,0.06981,147.7192,1.635,stand_3,179.5596,0.0,0.06981,0.0,0.06981,Sidewalk
307.0,150.2835,4.8824,-1.43117,0.0,-0.0,147.7192,1.635,stand_3,179.5512,0.0,-0.0,0.0,-0.0,Sidewalk
307.5,150.2835,4.8824,-1.39626,0.0,0.06981,147.7192,1.635,stand_3,179.5596,0.0,0.06981,0.0,0.06981,Sidewalk
308.0,150.2835,4.8824,-1.39626,0.0,-0.0,147.7192,1.635,stand_3,179.5512,0.0,-0.0,0.0,-0.0,Sidewalk
308.5,150.2835,4.8824,-1.36136,0.0,0.06981,147.7192,1.635,stand_3,179.5596,0.0,0.06981,0.0,0.06981,Sidewalk
309.0,150.2835,4.8824,-1.36136,0.0,-0.0,147.7192,1.635,stand_3,179.5512,0.0,-0.0,0.0,-0.0,Sidewalk
309.5,150.2835,4.8824,-1.32645,0.0,0.06981,147.7192,1.635,stand_3,179.5596,0.0,0.06981,0.0,0.06981,Sidewalk
310.0,150.2835,4.8824,-1.32645,0.0,-0.0,147.7192,1.635,stand_3,179.5512,0.0,-0.0,0.0,-0.0,Sidewalk
310.5,150.2835,4.8824,-1.29154,0.0,0.06981,147.7192,1.635,stand_3,179.5596,0.0,0.06981,0.0,0.06981,Sidewalk
311.0,150.2835,4.8824,-1.29154,0.0,-0.0,147.7192,1.635,stand_3,179.5512,0.0,-0.0,0.0,-0.0,Sidewalk
311.5,150.2835,4.8824,-1.25664,0.0,0.06981,147.7192,1.635,stand_3,179.5596,0.0,0.06981,0.0,0.06981,Sidewalk
312.0,150.2835,4.8824,-1.25664,0.0,-0.0,147.7192,1.635,stand_3,179.5512,0.0,-0.0,0.0,-0.0,Sidewalk
312.5,150.2835,4.8824,-1.22173,0.0,0.06981,147.7192,1.635,stand_3,179.5596,0.0,0.06981,0.0,0.06981,Sidewalk
313.0,150.2835,4.8824,-1.22173,0.0,-0.0,147.7192,1.635,stand_3,179.5512,0.0,-0.0,0.0,-0.0,Sidewalk
313.5,150.2835,4.8824,-1.18682,0.0,0.06981,147.7192,1.635,stand_3,179.5596,0.0,0.06981,0.0,0.06981,Sidewalk
314.0,150.2835,4.8824,-1.18682,0.0,-0.0,147.7192,1.635,stand_3,179.5512,0.0,-0.0,0.0,-0.0,Sidewalk
314.5,150.2835,4.8824,-1.15192,0.0,0.06981,147.7192,1.635,stand_3,179.5596,0.0,0.06981,0.0,0.06981,Sidewalk
315.0,150.2835,4.8824,-1.15192,0.0,-0.0,147.7192,1.635,stand_3,179.5512,0.0,-0.0,0.0,-0.0,Sidewalk
315.5,150.2835,4.8824,-1.11701,0.0,0.06981,147.7192,1.635,stand_3,179.5596,0.0,0.06981,0.0,0.06981,Sidewalk
316.0,150.2835,4.8824,-1.11701,0.0,-0.0,147.7192,1.635,stand_3,179.5513,0.0,-0.0,0.0,-0.0,Sidewalk
316.5,150.2835,4.8824,-1.0821,0.0,0.06981,147.7192,1.635,stand_3,179.5596,0.0,0.06981,0.0,0.06981,Sidewalk
317.0,150.2835,4.8824,-1.0821,0.0,-0.0,147.7192,1.635,stand_3,179.5513,0.0,-0.0,0.0,-0.0,Sidewalk
317.5,150.2835,4.8824,-1.0472,0.0,0.06981,147.7192,1.635,stand_3,179.5596,0.0,0.06981,0.0,0.06981,Sidewalk
318.0,150.2835,4.8824,-1.0472,0.0,-0.0,147.7192,1.635,stand_3,179.5513,0.0,-0.0,0.0,-0.0,Sidewalk
318.5,150.2835,4.8824,-1.01229,0.0,0.06981,147.7192,1.635,stand_3,179.5596,0.0,0.06981,0.0,0.06981,Sidewalk
319.0,150.2835,4.8824,-1.01229,0.0,-0.0,147.7192,1.635,stand_3,179.5513,0.0,-0.0,0.0,-0.0,Sidewalk
319.5,150.2835,4.8824,-0.97738,0.0,0.06981,147.7192,1.635,stand_3,179.5596,0.0,0.06981,0.0,0.06981,Sidewalk
320.0,150.2835,4.8824,-0.97738,0.0,-0.0,147.7192,1.635,stand_3,179.5513,0.0,-0.0,0.0,-0.0,Sidewalk
320.5,150.2835,4.8824,-0.94248,0.0,0.06981,147.7192,1.635,stand_3,179.5596,0.0,0.06981,0.0,0.06981,Sidewalk
321.0,150.2835,4.8824,-0.94248,0.0,-0.0,147.7192,1.635,stand_3,179.5513,0.0,-0.0,0.0,-0.0,Sidewalk
321.5,150.2835,4.8824,-0.90757,0.0,0.06981,147.7192,1.635,stand_3,179.5597,0.0,0.06981,0.0,0.06981,Sidewalk
322.0,150.2835,4.8824,-0.90757,0.0,-0.0,147.7192,1.635,stand_3,179.5513,0.0,-0.0,0.0,-0.0,Sidewalk
322.5,150.2835,4.8824,-0.87266,0.0,0.06981,147.7192,1.635,stand_3,179.5597,0.0,0.06981,0.0,0.06981,Sidewalk
323.0,150.2835,4.8824,-0.87266,0.0,-0.0,147.7192,1.635,stand_3,179.5513,0.0,-0.0,0.0,-0.0,Sidewalk
323.5,150.2835,4.8824,-0.83776,0.0,0.06981,147.7192,1.635,stand_3,179.5597,0.0,0.06981,0.0,0.06981,Sidewalk
324.0,150.2835,4.8824,-0.83776,0.0,-0.0,147.7192,1.635,stand_3,179.5513,0.0,-0.0,0.0,-0.0,Sidewalk
324.5,150.2835,4.8824,-0.80285,0.0,0.06981,147.7192,1.635,stand_3,179.5597,0.0,0.06981,0.0,0.06981,Sidewalk
325.0,150.2835,4.8824,-0.80285,0.0,-0.0,147.7192,1.635,stand_3,179.5513,0.0,-0.0,0.0,-0.0,Sidewalk
325.5,150.2835,4.8824,-0.76794,0.0,0.06981,147.7192,1.635,stand_3,179.5597,0.0,0.06981,0.0,0.06981,Sidewalk
326.0,150.2835,4.8824,-0.76794,0.0,-0.0,147.7192,1.635,stand_3,179.5513,0.0,-0.0,0.0,-0.0,Sidewalk
326.5,150.2835,4.8824,-0.73304,0.0,0.06981,147.7192,1.635,stand_3,179.5597,0.0,0.06981,0.0,0.06981,Sidewalk
327.0,150.2835,4.8824,-0.73304,0.0,-0.0,147.7192,1.6349,stand_3,179.5513,0.0,-0.0,0.0,-0.0,Sidewalk
327.5,150.2835,4.8824,-0.69813,0.0,0.06981,147.7192,1.6349,stand_3,179.5597,0.0,0.06981,0.0,0.06981,Sidewalk
328.0,150.2835,4.8824,-0.69813,0.0,-0.0,147.7192,1.6349,stand_3,179.5513,0.0,-0.0,0.0,-0.0,Sidewalk
328.5,150.2835,4.8824,-0.66323,0.0,0.06981,147.7192,1.6349,stand_3,179.5597,0.0,0.06981,0.0,0.06981,Sidewalk
329.0,150.2835,4.8824,-0.66323,0.0,-0.0,147.7192,1.6349,stand_3,179.5513,0.0,-0.0,0.0,-0.0,Sidewalk
329.5,150.2835,4.8824,-0.62832,0.0,0.06981,147.7192,1.6349,stand_3,179.5597,0.0,0.06981,0.0,0.06981,Sidewalk
330.0,150.2835,4.8824,-0.62832,0.0,-0.0,147.7192,1.6349,stand_3,179.5513,0.0,-0.0,0.0,-0.0,Sidewalk
330.5,150.2835,4.8824,-0.59341,0.0,0.06981,147.7192,1.6349,stand_3,179.5597,0.0,0.06981,0.0,0.06981,Sidewalk
331.0,150.2835,4.8824,-0.59341,0.0,-0.0,147.7192,1.6349,stand_3,179.5513,0.0,-0.0,0.0,-0.0,Sidewalk
331.5,150.2835,4.8824,-0.55851,0.0,0.06981,147.7192,1.6349,stand_3,179.5597,0.0,0.06981,0.0,0.06981,Sidewalk
332.0,150.2835,4.8824,-0.55851,0.0,-0.0,147.7192,1.6349,stand_3,179.5513,0.0,-0.0,0.0,-0.0,Sidewalk
332.5,150.2835,4.8824,-0.5236,0.0,0.06981,147.7192,1.6349,stand_3,179.5597,0.0,0.06981,0.0,0.06981,Sidewalk
333.0,150.2835,4.8824,-0.5236,0.0,-0.0,147.7192,1.6349,stand_3,179.5513,0.0,-0.0,0.0,-0.0,Sidewalk
333.5,150.2835,4.8824,-0.48869,0.0,0.06981,147.7192,1.6349,stand_3,179.5597,0.0,0.06981,0.0,0.06981,Sidewalk
334.0,150.2835,4.8824,-0.48869,0.0,-0.0,147.7192,1.6349,stand_3,179.5513,0.0,-0.0,0.0,-0.0,Sidewalk
334.5,150.2835,4.8824,-0.45379,0.0,0.06981,147.7192,1.6349,stand_3,179.5597,0.0,0.06981,0.0,0.06981,Sidewalk
335.0,150.2835,4.8824,-0.45379,0.0,-0.0,147.7192,1.6349,stand_3,179.5513,0.0,-0.0,0.0,-0.0,Sidewalk
335.5,150.2835,4.8824,-0.41888,0.0,0.06981,147.7192,1.6349,stand_3,179.5597,0.0,0.06981,0.0,0.06981,Sidewalk
336.0,150.2835,4.8824,-0.41888,0.0,-0.0,147.7192,1.6349,stand_3,179.5513,0.0,-0.0,0.0,-0.0,Sidewalk
336.5,150.2835,4.8824,-0.38397,0.0,0.06981,147.7192,1.6349,stand_3,179.5597,0.0,0.06981,0.0,0.06981,Sidewalk
337.0,150.2835,4.8824,-0.38397,0.0,-0.0,147.7192,1.6349,stand_3,179.5513,0.0,-0.0,0.0,-0.0,Sidewalk
337.5,150.2835,4.8824,-0.34907,0.0,0.06981,147.7192,1.6349,stand_3,179.5597,0.0,0.06981,0.0,0.06981,Sidewalk
338.0,150.2835,4.8824,-0.34907,0.0,-0.0,147.7192,1.6349,stand_3,179.5513,0.0,-0.0,0.0,-0.0,Sidewalk
338.5,150.2835,4.8824,-0.31416,0.0,0.06981,147.7192,1.6349,stand_3,179.5597,0.0,0.06981,0.0,0.06981,Sidewalk
339.0,150.2835,4.8824,-0.31416,0.0,-0.0,147.7192,1.6349,stand_3,179.5514,0.0,-0.0,0.0,-0.0,Sidewalk
339.5,150.2835,4.8824,-0.27925,0.0,0.06981,147.7192,1.6349,stand_3,179.5597,0.0,0.06981,0.0,0.06981,Sidewalk
340.0,150.2835,4.8824,-0.27925,0.0,-0.0,147.7192,1.6349,stand_3,179.5514,0.0,-0.0,0.0,-0.0,Sidewalk
340.5,150.2835,4.8824,-0.24435,0.0,0.06981,147.7192,1.6349,stand_3,179.5597,0.0,0.06981,0.0,0.06981,Sidewalk
341.0,150.2835,4.8824,-0.24435,0.0,-0.0,147.7192,1.6349,stand_3,179.5514,0.0,-0.0,0.0,-0.0,Sidewalk
341.5,150.2835,4.8824,-0.20944,0.0,0.06981,147.7192,1.6349,stand_3,179.5597,0.0,0.06981,0.0,0.06981,Sidewalk
342.0,150.2835,4.8824,-0.20944,0.0,-0.0,147.7192,1.6349,stand_3,179.5514,0.0,-0.0,0.0,-0.0,Sidewalk
342.5,150.2835,4.8824,-0.17453,0.0,0.06981,147.7192,1.6349,stand_3,179.5597,0.0,0.06981,0.0,0.06981,Sidewalk
343.0,150.2835,4.8824,-0.17453,0.0,-0.0,147.7192,1.6349,stand_3,179.5514,0.0,-0.0,0.0,-0.0,Sidewalk
343.5,150.2835,4.8824,-0.13963,0.0,0.06981,147.7192,1.6349,stand_3,179.5597,0.0,0.06981,0.0,0.06981,Sidewalk
344.0,150.2835,4.8824,-0.13963,0.0,-0.0,147.7192,1.6349,stand_3,179.5514,0.0,-0.0,0.0,-0.0,Sidewalk
344.5,150.2835,4.8824,-0.10472,0.0,0.06981,147.7192,1.6349,stand_3,179.5598,0.0,0.06981,0.0,0.06981,Sidewalk
345.0,150.2835,4.8824,-0.10472,0.0,-0.0,147.7192,1.6349,stand_3,179.5514,0.0,-0.0,0.0,-0.0,Sidewalk
345.5,150.2835,4.8824,-0.06981,0.0,0.06981,147.7192,1.6349,stand_3,179.5598,0.0,0.06981,0.0,0.06981,Sidewalk
346.0,150.2835,4.8824,-0.06981,0.0,-0.0,147.7192,1.6349,stand_3,179.5514,0.0,-0.0,0.0,-0.0,Sidewalk
346.5,150.2835,4.8824,-0.03491,0.0,0.06981,147.7192,1.6349,stand_3,179.5598,0.0,0.06981,0.0,0.06981,Sidewalk
347.0,150.2835,4.8824,-0.03491,0.0,-0.0,147.7192,1.6349,stand_3,179.5514,0.0,-0.0,0.0,-0.0,Sidewalk
347.5,150.2835,4.8824,-0.0,0.0,0.06981,147.7192,1.6349,stand_3,179.5598,0.0,0.06981,0.0,0.06981,Sidewalk
348.0,150.2835,4.8824,-0.0,0.0,-0.0,147.7192,1.6349,stand_3,179.5514,0.0,-0.0,0.0,-0.0,Sidewalk
348.5,150.2835,4.8824,0.03491,0.0,0.06981,147.7192,1.6349,stand_3,179.5598,0.0,0.06981,0.0,0.06981,Sidewalk
349.0,150.2835,4.8824,0.03491,0.0,-0.0,147.7192,1.6349,stand_3,179.5514,0.0,-0.0,0.0,-0.0,Sidewalk
349.5,150.2835,4.8824,0.06981,0.0,0.06981,147.7192,1.6349,stand_3,179.5598,0.0,0.06981,0.0,0.06981,Sidewalk
350.0,150.2835,4.8824,0.06981,0.0,-0.0,147.7192,1.6349,stand_3,179.5514,0.0,-0.0,0.0,-0.0,Sidewalk
350.5,150.2835,4.8824,0.10472,0.0,0.06981,147.7192,1.6349,stand_3,179.5598,0.0,0.06981,0.0,0.06981,Sidewalk
351.0,150.2835,4.8824,0.10472,0.0,-0.0,147.7192,1.6349,stand_3,179.5514,0.0,-0.0,0.0,-0.0,Sidewalk
351.5,150.2835,4.8824,0.13963,0.0,0.06981,147.7192,1.6349,stand_3,179.5598,0.0,0.06981,0.0,0.06981,Sidewalk
352.0,150.2835,4.8824,0.13963,0.0,-0.0,147.7192,1.6349,stand_3,179.5514,0.0,-0.0,0.0,-0.0,Sidewalk
352.5,150.2835,4.8824,0.17453,0.0,0.06981,147.7192,1.6349,stand_3,179.5598,0.0,0.06981,0.0,0.06981,Sidewalk
353.0,150.2835,4.8824,0.17453,0.0,-0.0,147.7192,1.6349,stand_3,179.5514,0.0,-0.0,0.0,-0.0,Sidewalk
353.5,150.2835,4.8824,0.20944,0.0,0.06981,147.7192,1.6349,stand_3,179.5598,0.0,0.06981,0.0,0.06981,Sidewalk
354.0,150.2835,4.8824,0.20944,0.0,-0.0,147.7192,1.6349,stand_3,179.5514,0.0,-0.0,0.0,-0.0,Sidewalk
354.5,150.2835,4.8824,0.24435,0.0,0.06981,147.7192,1.6349,stand_3,179.5598,0.0,0.06981,0.0,0.06981,Sidewalk
355.0,150.2835,4.8824,0.24435,0.0,-0.0,147.7192,1.6349,stand_3,179.5514,0.0,-0.0,0.0,-0.0,Sidewalk
355.5,150.2835,4.8824,0.27925,0.0,0.06981,147.7192,1.6349,stand_3,179.5598,0.0,0.06981,0.0,0.06981,Sidewalk
356.0,150.2835,4.8824,0.27925,0.0,-0.0,147.7192,1.6349,stand_3,179.5514,0.0,-0.0,0.0,-0.0,Sidewalk
356.5,150.2835,4.8824,0.31416,0.0,0.06981,147.7192,1.6349,stand_3,179.5598,0.0,0.06981,0.0,0.06981,Sidewalk
357.0,150.2835,4.8824,0.31416,0.0,-0.0,147.7192,1.6349,stand_3,179.5514,0.0,-0.0,0.0,-0.0,Sidewalk
357.5,150.2835,4.8824,0.34907,0.0,0.06981,147.7192,1.6349,stand_3,179.5598,0.0,0.06981,0.0,0.06981,Sidewalk
358.0,150.2835,4.8824,0.34907,0.0,-0.0,147.7192,1.6349,stand_3,179.5514,0.0,-0.0,0.0,-0.0,Sidewalk
358.5,150.2835,4.8824,0.38397,0.0,0.06981,147.7192,1.6349,stand_3,179.5598,0.0,0.06981,0.0,0.06981,Sidewalk
359.0,150.2835,4.8824,0.38397,0.0,-0.0,147.7192,1.6349,stand_3,179.5514,0.0,-0.0,0.0,-0.0,Sidewalk
359.5,150.2835,4.8824,0.41888,0.0,0.06981,147.7192,1.6349,stand_3,179.5598,0.0,0.06981,0.0,0.06981,Sidewalk
360.0,150.2835,4.8824,0.41888,0.0,-0.0,147.7192,1.6349,stand_3,179.5514,0.0,-0.0,0.0,-0.0,Sidewalk
360.5,150.2835,4.8824,0.45379,0.0,0.06981,147.7192,1.6349,stand_3,179.5598,0.0,0.06981,0.0,0.06981,Sidewalk
361.0,150.2835,4.8824,0.45379,0.0,-0.0,147.7192,1.6349,stand_3,179.5514,0.0,-0.0,0.0,-0.0,Sidewalk
361.5,150.2835,4.8824,0.48869,0.0,0.06981,147.7192,1.6349,stand_3,179.5598,0.0,0.06981,0.0,0.06981,Sidewalk
362.0,150.2835,4.8824,0.48869,0.0,-0.0,147.7192,1.6349,stand_3,179.5515,0.0,-0.0,0.0,-0.0,Sidewalk
362.5,150.2835,4.8824,0.5236,0.0,0.06981,147.7192,1.6349,stand_3,179.5598,0.0,0.06981,0.0,0.06981,Sidewalk
363.0,150.2835,4.8824,0.5236,0.0,-0.0,147.7192,1.6349,stand_3,179.5515,0.0,-0.0,0.0,-0.0,Sidewalk
363.5,150.2835,4.8824,0.55851,0.0,0.06981,147.7192,1.6349,stand_3,179.5598,0.0,0.06981,0.0,0.06981,Sidewalk
364.0,150.2835,4.8824,0.55851,0.0,-0.0,147.7192,1.6349,stand_3,179.5515,0.0,-0.0,0.0,-0.0,Sidewalk
364.5,150.2835,4.8824,0.59341,0.0,0.06981,147.7192,1.6348,stand_3,179.5598,0.0,0.06981,0.0,0.06981,Sidewalk
365.0,150.2835,4.8824,0.59341,0.0,-0.0,147.7192,1.6348,stand_3,179.5515,0.0,-0.0,0.0,-0.0,Sidewalk
365.5,150.2835,4.8824,0.62832,0.0,0.06981,147.7192,1.6348,stand_3,179.5598,0.0,0.06981,0.0,0.06981,Sidewalk
366.0,150.2835,4.8824,0.62832,0.0,-0.0,147.7192,1.6348,stand_3,179.5515,0.0,-0.0,0.0,-0.0,Sidewalk
366.5,150.2835,4.8824,0.66323,0.0,0.06981,147.7192,1.6348,stand_3,179.5598,0.0,0.06981,0.0,0.06981,Sidewalk
367.0,150.2835,4.8824,0.66323,0.0,-0.0,147.7192,1.6348,stand_3,179.5515,0.0,-0.0,0.0,-0.0,Sidewalk
367.5,150.2835,4.8824,0.69813,0.0,0.06981,147.7192,1.6348,stand_3,179.5598,0.0,0.06981,0.0,0.06981,Sidewalk
368.0,150.2835,4.8824,0.69813,0.0,-0.0,147.7192,1.6348,stand_3,179.5515,0.0,-0.0,0.0,-0.0,Sidewalk
368.5,150.2835,4.8824,0.73304,0.0,0.06981,147.7192,1.6348,stand_3,179.5599,0.0,0.06981,0.0,0.06981,Sidewalk
369.0,150.2835,4.8824,0.73304,0.0,-0.0,147.7192,1.6348,stand_3,179.5515,0.0,-0.0,0.0,-0.0,Sidewalk
369.5,150.2835,4.8824,0.76794,0.0,0.06981,147.7192,1.6348,stand_3,179.5599,0.0,0.06981,0.0,0.06981,Sidewalk
370.0,150.2835,4.8824,0.76794,0.0,-0.0,147.7192,1.6348,stand_3,179.5515,0.0,-0.0,0.0,-0.0,Sidewalk
370.5,150.2835,4.8824,0.80285,0.0,0.06981,147.7192,1.6348,stand_3,179.5599,0.0,0.06981,0.0,0.06981,Sidewalk
371.0,150.2835,4.8824,0.80285,0.0,-0.0,147.7192,1.6348,stand_3,179.5515,0.0,-0.0,0.0,-0.0,Sidewalk
371.5,150.2835,4.8824,0.83776,0.0,0.06981,147.7192,1.6348,stand_3,179.5599,0.0,0.06981,0.0,0.06981,Sidewalk
372.0,150.2835,4.8824,0.83776,0.0,-0.0,147.7192,1.6348,stand_3,179.5515,0.0,-0.0,0.0,-0.0,Sidewalk
372.5,150.2835,4.8824,0.87266,0.0,0.06981,147.7192,1.6348,stand_3,179.5599,0.0,0.06981,0.0,0.06981,Sidewalk
373.0,150.2835,4.8824,0.87266,0.0,-0.0,147.7192,1.6348,stand_3,179.5515,0.0,-0.0,0.0,-0.0,Sidewalk
373.5,150.2835,4.8824,0.90757,0.0,0.06981,147.7192,1.6348,stand_3,179.5599,0.0,0.06981,0.0,0.06981,Sidewalk
374.0,150.2835,4.8824,0.90757,0.0,-0.0,147.7192,1.6348,stand_3,179.5515,0.0,-0.0,0.0,-0.0,Sidewalk
374.5,150.2835,4.8824,0.94248,0.0,0.06981,147.7192,1.6348,stand_3,179.5599,0.0,0.06981,0.0,0.06981,Sidewalk
375.0,150.2835,4.8824,0.94248,0.0,-0.0,147.7192,1.6348,stand_3,179.5515,0.0,-0.0,0.0,-0.0,Sidewalk
375.5,150.2835,4.8824,0.97738,0.0,0.06981,147.7192,1.6348,stand_3,179.5599,0.0,0.06981,0.0,0.06981,Sidewalk
376.0,150.2835,4.8824,0.97738,0.0,-0.0,147.7192,1.6348,stand_3,179.5515,0.0,-0.0,0.0,-0.0,Sidewalk
376.5,150.2835,4.8824,1.01229,0.0,0.06981,147.7192,1.6348,stand_3,179.5599,0.0,0.06981,0.0,0.06981,Sidewalk
377.0,150.2835,4.8824,1.01229,0.0,-0.0,147.7192,1.6348,stand_3,179.5515,0.0,-0.0,0.0,-0.0,Sidewalk
377.5,150.2835,4.8824,1.0472,0.0,0.06981,147.7192,1.6348,stand_3,179.5599,0.0,0.06981,0.0,0.06981,Sidewalk
378.0,150.2835,4.8824,1.0472,0.0,-0.0,147.7192,1.6348,stand_3,179.5515,0.0,-0.0,0.0,-0.0,Sidewalk
378.5,150.2835,4.8824,1.0821,0.0,0.06981,147.7192,1.6348,stand_3,179.5599,0.0,0.06981,0.0,0.06981,Sidewalk
379.0,150.2835,4.8824,1.0821,0.0,-0.0,147.7192,1.6348,stand_3,179.5515,0.0,-0.0,0.0,-0.0,Sidewalk
379.5,150.2835,4.8824,1.11701,0.0,0.06981,147.7192,1.6348,stand_3,179.5599,0.0,0.06981,0.0,0.06981,Sidewalk
380.0,150.2835,4.8824,1.11701,0.0,-0.0,147.7192,1.6348,stand_3,179.5515,0.0,-0.0,0.0,-0.0,Sidewalk
380.5,150.2835,4.8824,1.15192,0.0,0.06981,147.7192,1.6348,stand_3,179.5599,0.0,0.06981,0.0,0.06981,Sidewalk
381.0,150.2835,4.8824,1.15192,0.0,-0.0,147.7192,1.6348,stand_3,179.5515,0.0,-0.0,0.0,-0.0,Sidewalk
381.5,150.2835,4.8824,1.18682,0.0,0.06981,147.7192,1.6348,stand_3,179.5599,0.0,0.06981,0.0,0.06981,Sidewalk
382.0,150.2835,4.8824,1.18682,0.0,-0.0,147.7192,1.6348,stand_3,179.5515,0.0,-0.0,0.0,-0.0,Sidewalk
382.5,150.2835,4.8824,1.22173,0.0,0.06981,147.7192,1.6348,stand_3,179.5599,0.0,0.06981,0.0,0.06981,Sidewalk
383.0,150.2835,4.8824,1.22173,0.0,-0.0,147.7192,1.6348,stand_3,179.5515,0.0,-0.0,0.0,-0.0,Sidewalk
383.5,150.2835,4.8824,1.25664,0.0,0.06981,147.7192,1.6348,stand_3,179.5599,0.0,0.06981,0.0,0.06981,Sidewalk
384.0,150.2835,4.8824,1.25664,0.0,-0.0,147.7192,1.6348,stand_3,179.5515,0.0,-0.0,0.0,-0.0,Sidewalk
384.5,150.2835,4.8824,1.29154,0.0,0.06981,147.7192,1.6348,stand_3,179.5599,0.0,0.06981,0.0,0.06981,Sidewalk
385.0,150.2835,4.8824,1.29154,0.0,-0.0,147.7192,1.6348,stand_3,179.5515,0.0,-0.0,0.0,-0.0,Sidewalk
385.5,150.2835,4.8824,1.32645,0.0,0.06981,147.7192,1.6348,stand_3,179.5599,0.0,0.06981,0.0,0.06981,Sidewalk
386.0,150.2835,4.8824,1.32645,0.0,-0.0,147.7192,1.6348,stand_3,179.5515,0.0,-0.0,0.0,-0.0,Sidewalk
386.5,150.2835,4.8824,1.36136,0.0,0.06981,147.7192,1.6348,stand_3,179.5599,0.0,0.06981,0.0,0.06981,Sidewalk
387.0,150.2835,4.8824,1.36136,0.0,-0.0,147.7192,1.6348,stand_3,179.5515,0.0,-0.0,0.0,-0.0,Sidewalk
387.5,150.2835,4.8824,1.39626,0.0,0.06981,147.7192,1.6348,stand_3,179.5599,0.0,0.06981,0.0,0.06981,Sidewalk
388.0,150.2835,4.8824,1.39626,0.0,-0.0,147.7192,1.6348,stand_3,179.5516,0.0,-0.0,0.0,-0.0,Sidewalk
388.5,150.2835,4.8824,1.43117,0.0,0.06981,147.7192,1.6348,stand_3,179.5599,0.0,0.06981,0.0,0.06981,Sidewalk
389.0,150.2835,4.8824,1.43117,0.0,-0.0,147.7192,1.6348,stand_3,179.5516,0.0,-0.0,0.0,-0.0,Sidewalk
389.5,150.2835,4.8824,1.46608,0.0,0.06981,147.7192,1.6348,stand_3,179.5599,0.0,0.06981,0.0,0.06981,Sidewalk
390.0,150.2835,4.8824,1.46608,0.0,-0.0,147.7192,1.6348,stand_3,179.5516,0.0,-0.0,0.0,-0.0,Sidewalk
390.5,150.2835,4.8824,1.50098,0.0,0.06981,147.7192,1.6348,stand_3,179.5599,0.0,0.06981,0.0,0.06981,Sidewalk
391.0,150.2835,4.8824,1.50098,0.0,-0.0,147.7192,1.6348,stand_3,179.5516,0.0,-0.0,0.0,-0.0,Sidewalk
391.5,150.2835,4.8824,1.53589,0.0,0.06981,147.7192,1.6348,stand_3,179.5599,0.0,0.06981,0.0,0.06981,Sidewalk
392.0,150.2835,4.8824,1.53589,0.0,-0.0,147.7192,1.6348,stand_3,179.5516,0.0,-0.0,0.0,-0.0,Sidewalk
392.5,150.2835,4.8824,1.5708,0.0,0.06981,147.7192,1.6348,stand_3,179.5599,0.0,0.06981,0.0,0.06981,Sidewalk
393.0,150.2835,4.8824,1.5708,0.0,-0.0,147.7192,1.6348,stand_3,179.5516,0.0,-0.0,0.0,-0.0,Sidewalk
393.5,150.2835,4.8824,1.6057,0.0,0.06981,147.7192,1.6348,stand_3,179.56,0.0,0.06981,0.0,0.06981,Sidewalk
394.0,150.2835,4.8824,1.6057,0.0,-0.0,147.7192,1.6348,stand_3,179.5516,0.0,-0.0,0.0,-0.0,Sidewalk
394.5,150.2835,4.8824,1.64061,0.0,0.06981,147.7192,1.6348,stand_3,179.56,0.0,0.06981,0.0,0.06981,Sidewalk
395.0,150.2835,4.8824,1.64061,0.0,-0.0,147.7192,1.6348,stand_3,179.5516,0.0,-0.0,0.0,-0.0,Sidewalk
395.5,150.2835,4.8824,1.67552,0.0,0.06981,147.7192,1.6348,stand_3,179.56,0.0,0.06981,0.0,0.06981,Sidewalk
396.0,150.2835,4.8824,1.67552,0.0,-0.0,147.7192,1.6348,stand_3,179.5516,0.0,-0.0,0.0,-0.0,Sidewalk
396.5,150.2835,4.8824,1.71042,0.0,0.06981,147.7192,1.6348,stand_3,179.56,0.0,0.06981,0.0,0.06981,Sidewalk
397.0,150.2835,4.8824,1.71042,0.0,-0.0,147.7192,1.6348,stand_3,179.5516,0.0,-0.0,0.0,-0.0,Sidewalk
397.5,150.2835,4.8824,1.74533,0.0,0.06981,147.7192,1.6348,stand_3,179.56,0.0,0.06981,0.0,0.06981,Sidewalk
398.0,150.2835,4.8824,1.74533,0.0,-0.0,147.7192,1.6348,stand_3,179.5516,0.0,-0.0,0.0,-0.0,Sidewalk
398.5,150.2835,4.8824,1.78024,0.0,0.06981,147.7192,1.6348,stand_3,179.56,0.0,0.06981,0.0,0.06981,Sidewalk
399.0,150.2835,4.8824,1.78024,0.0,-0.0,147.7192,1.6348,stand_3,179.5516,0.0,-0.0,0.0,-0.0,Sidewalk
399.5,150.2835,4.8824,1.81514,0.0,0.06981,147.7192,1.6348,stand_3,179.56,0.0,0.06981,0.0,0.06981,Sidewalk
400.0,150.2835,4.8824,1.81514,0.0,-0.0,147.7192,1.6348,stand_3,179.5516,0.0,-0.0,0.0,-0.0,Sidewalk
400.5,150.2835,4.8824,1.85005,0.0,0.06981,147.7192,1.6348,stand_3,179.56,0.0,0.06981,0.0,0.06981,Sidewalk
401.0,150.2835,4.8824,1.85005,0.0,-0.0,147.7192,1.6348,stand_3,179.5516,0.0,-0.0,0.0,-0.0,Sidewalk
401.5,150.2835,4.8824,1.88496,0.0,0.06981,147.7192,1.6348,stand_3,179.56,0.0,0.06981,0.0,0.06981,Sidewalk
402.0,150.2835,4.8824,1.88496,0.0,-0.0,147.7192,1.6348,stand_3,179.5516,0.0,-0.0,0.0,-0.0,Sidewalk
402.5,150.2835,4.8824,1.91986,0.0,0.06981,147.7192,1.6348,stand_3,179.56,0.0,0.06981,0.0,0.06981,Sidewalk
403.0,150.2835,4.8824,1.91986,0.0,-0.0,147.7192,1.6348,stand_3,179.5516,0.0,-0.0,0.0,-0.0,Sidewalk
403.5,150.2835,4.8824,1.95477,0.0,0.06981,147.7192,1.6348,stand_3,179.56,0.0,0.06981,0.0,0.06981,Sidewalk
404.0,150.2835,4.8824,1.95477,0.0,-0.0,147.7192,1.6348,stand_3,179.5516,0.0,-0.0,0.0,-0.0,Sidewalk
404.5,150.2835,4.8824,1.98968,0.0,0.06981,147.7192,1.6348,stand_3,179.56,0.0,0.06981,0.0,0.06981,Sidewalk
405.0,150.2835,4.8824,1.98968,0.0,-0.0,147.7192,1.6348,stand_3,179.5516,0.0,-0.0,0.0,-0.0,Sidewalk
405.5,150.2835,4.8824,2.02458,0.0,0.06981,147.7192,1.6347,stand_3,179.56,0.0,0.06981,0.0,0.06981,Sidewalk
406.0,150.2835,4.8824,2.02458,0.0,-0.0,147.7192,1.6347,stand_3,179.5516,0.0,-0.0,0.0,-0.0,Sidewalk
406.5,150.2835,4.8824,2.05949,0.0,0.06981,147.7192,1.6347,stand_3,179.56,0.0,0.06981,0.0,0.06981,Sidewalk
407.0,150.2835,4.8824,2.05949,0.0,-0.0,147.7192,1.6347,stand_3,179.5516,0.0,-0.0,0.0,-0.0,Sidewalk
407.5,150.2835,4.8824,2.0944,0.0,0.06981,147.7192,1.6347,stand_3,179.56,0.0,0.06981,0.0,0.06981,Sidewalk
408.0,150.2835,4.8824,2.0944,0.0,-0.0,147.7192,1.6347,stand_3,179.5516,0.0,-0.0,0.0,-0.0,Sidewalk
408.5,150.2835,4.8824,2.1293,0.0,0.06981,147.7192,1.6347,stand_3,179.56,0.0,0.06981,0.0,0.06981,Sidewalk
409.0,150.2835,4.8824,2.1293,0.0,-0.0,147.7192,1.6347,stand_3,179.5516,0.0,-0.0,0.0,-0.0,Sidewalk
409.5,150.2835,4.8824,2.16421,0.0,0.06981,147.7192,1.6347,stand_3,179.56,0.0,0.06981,0.0,0.06981,Sidewalk
410.0,150.2835,4.8824,2.16421,0.0,-0.0,147.7192,1.6347,stand_3,179.5516,0.0,-0.0,0.0,-0.0,Sidewalk
410.5,150.2835,4.8824,2.19911,0.0,0.06981,147.7192,1.6347,stand_3,179.56,0.0,0.06981,0.0,0.06981,Sidewalk
411.0,150.2835,4.8824,2.19911,0.0,-0.0,147.7192,1.6347,stand_3,179.5517,0.0,-0.0,0.0,-0.0,Sidewalk
411.5,150.2835,4.8824,2.23402,0.0,0.06981,147.7192,1.6347,stand_3,179.56,0.0,0.06981,0.0,0.06981,Sidewalk
412.0,150.2835,4.8824,2.23402,0.0,-0.0,147.7192,1.6347,stand_3,179.5517,0.0,-0.0,0.0,-0.0,Sidewalk
412.5,150.2835,4.8824,2.26893,0.0,0.06981,147.7192,1.6347,stand_3,179.56,0.0,0.06981,0.0,0.06981,Sidewalk
413.0,150.2835,4.8824,2.26893,0.0,-0.0,147.7192,1.6347,stand_3,179.5517,0.0,-0.0,0.0,-0.0,Sidewalk
413.5,150.2835,4.8824,2.30383,0.0,0.06981,147.7192,1.6347,stand_3,179.56,0.0,0.06981,0.0,0.06981,Sidewalk
414.0,150.2835,4.8824,2.30383,0.0,-0.0,147.7192,1.6347,stand_3,179.5517,0.0,-0.0,0.0,-0.0,Sidewalk
414.5,150.2835,4.8824,2.33874,0.0,0.06981,147.7192,1.6347,stand_3,179.56,0.0,0.06981,0.0,0.06981,Sidewalk
415.0,150.2835,4.8824,2.33874,0.0,-0.0,147.7192,1.6347,stand_3,179.5517,0.0,-0.0,0.0,-0.0,Sidewalk
415.5,150.2835,4.8824,2.37365,0.0,0.06981,147.7192,1.6347,stand_3,179.56,0.0,0.06981,0.0,0.06981,Sidewalk
416.0,150.2835,4.8824,2.37365,0.0,-0.0,147.7192,1.6347,stand_3,179.5517,0.0,-0.0,0.0,-0.0,Sidewalk
416.5,150.2835,4.8824,2.40855,0.0,0.06981,147.7192,1.6347,stand_3,179.5601,0.0,0.06981,0.0,0.06981,Sidewalk
417.0,150.2835,4.8824,2.40855,0.0,-0.0,147.7192,1.6347,stand_3,179.5517,0.0,-0.0,0.0,-0.0,Sidewalk
417.5,150.2835,4.8824,2.44346,0.0,0.06981,147.7192,1.6347,stand_3,179.5601,0.0,0.06981,0.0,0.06981,Sidewalk
418.0,150.2835,4.8824,2.44346,0.0,-0.0,147.7192,1.6347,stand_3,179.5517,0.0,-0.0,0.0,-0.0,Sidewalk
418.5,150.2835,4.8824,2.47837,0.0,0.06981,147.7192,1.6347,stand_3,179.5601,0.0,0.06981,0.0,0.06981,Sidewalk
419.0,150.2835,4.8824,2.47837,0.0,-0.0,147.7192,1.6347,stand_3,179.5517,0.0,-0.0,0.0,-0.0,Sidewalk
419.5,150.2835,4.8824,2.51327,0.0,0.06981,147.7192,1.6347,stand_3,179.5601,0.0,0.06981,0.0,0.06981,Sidewalk
420.0,150.2835,4.8824,2.51327,0.0,-0.0,147.7192,1.6347,stand_3,179.5517,0.0,-0.0,0.0,-0.0,Sidewalk
420.5,150.2835,4.8824,2.54818,0.0,0.06981,147.7192,1.6347,stand_3,179.5601,0.0,0.06981,0.0,0.06981,Sidewalk
421.0,150.2835,4.8824,2.54818,0.0,-0.0,147.7192,1.6347,stand_3,179.5517,0.0,-0.0,0.0,-0.0,Sidewalk
421.5,150.2835,4.8824,2.58309,0.0,0.06981,147.7192,1.6347,stand_3,179.5601,0.0,0.06981,0.0,0.06981,Sidewalk
422.0,150.2835,4.8824,2.58309,0.0,-0.0,147.7192,1.6347,stand_3,179.5517,0.0,-0.0,0.0,-0.0,Sidewalk
422.5,150.2835,4.8824,2.61799,0.0,0.06981,147.7192,1.6347,stand_3,179.5601,0.0,0.06981,0.0,0.06981,Sidewalk
423.0,150.2835,4.8824,2.61799,0.0,-0.0,147.7192,1.6347,stand_3,179.5517,0.0,-0.0,0.0,-0.0,Sidewalk
423.5,150.2835,4.8824,2.6529,0.0,0.06981,147.7192,1.6347,stand_3,179.5601,0.0,0.06981,0.0,0.06981,Sidewalk
424.0,150.2835,4.8824,2.6529,0.0,-0.0,147.7192,1.6347,stand_3,179.5517,0.0,-0.0,0.0,-0.0,Sidewalk
424.5,150.2835,4.8824,2.68781,0.0,0.06981,147.7192,1.6347,stand_3,179.5601,0.0,0.06981,0.0,0.06981,Sidewalk
425.0,150.2835,4.8824,2.68781,0.0,-0.0,147.7192,1.6347,stand_3,179.5517,0.0,-0.0,0.0,-0.0,Sidewalk
425.5,150.2835,4.8824,2.72271,0.0,0.06981,147.7192,1.6347,stand_3,179.5601,0.0,0.06981,0.0,0.06981,Sidewalk
426.0,150.2835,4.8824,2.72271,0.0,-0.0,147.7192,1.6347,stand_3,179.5517,0.0,-0.0,0.0,-0.0,Sidewalk
426.5,150.2835,4.8824,2.75762,0.0,0.06981,147.7192,1.6347,stand_3,179.5601,0.0,0.06981,0.0,0.06981,Sidewalk
427.0,150.2835,4.8824,2.75762,0.0,-0.0,147.7192,1.6347,stand_3,179.5517,0.0,-0.0,0.0,-0.0,Sidewalk
427.5,150.2835,4.8824,2.79253,0.0,0.06981,147.7192,1.6347,stand_3,179.5601,0.0,0.06981,0.0,0.06981,Sidewalk
428.0,150.2835,4.8824,2.79253,0.0,-0.0,147.7192,1.6347,stand_3,179.5517,0.0,-0.0,0.0,-0.0,Sidewalk
428.5,150.2835,4.8824,2.82743,0.0,0.06981,147.7192,1.6347,stand_3,179.5601,0.0,0.06981,0.0,0.06981,Sidewalk
429.0,150.2835,4.8824,2.82743,0.0,-0.0,147.7192,1.6347,stand_3,179.5517,0.0,-0.0,0.0,-0.0,Sidewalk
429.5,150.2835,4.8824,2.86234,0.0,0.06981,147.7192,1.6347,stand_3,179.5601,0.0,0.06981,0.0,0.06981,Sidewalk
430.0,150.2835,4.8824,2.86234,0.0,-0.0,147.7192,1.6347,stand_3,179.5517,0.0,-0.0,0.0,-0.0,Sidewalk
430.5,150.2835,4.8824,2.89725,0.0,0.06981,147.7192,1.6347,stand_3,179.5601,0.0,0.06981,0.0,0.06981,Sidewalk
431.0,150.2835,4.8824,2.89725,0.0,-0.0,147.7192,1.6347,stand_3,179.5517,0.0,-0.0,0.0,-0.0,Sidewalk
431.5,150.2835,4.8824,2.93215,0.0,0.06981,147.7192,1.6347,stand_3,179.5601,0.0,0.06981,0.0,0.06981,Sidewalk
432.0,150.2835,4.8824,2.93215,0.0,-0.0,147.7192,1.6347,stand_3,179.5517,0.0,-0.0,0.0,-0.0,Sidewalk
432.5,150.2835,4.8824,2.96706,0.0,0.06981,147.7192,1.6347,stand_3,179.5601,0.0,0.06981,0.0,0.06981,Sidewalk
433.0,150.2835,4.8824,2.96706,0.0,-0.0,147.7192,1.6347,stand_3,179.5517,0.0,-0.0,0.0,-0.0,Sidewalk
433.5,150.2835,4.8824,3.00197,0.0,0.06981,147.7192,1.6347,stand_3,179.5601,0.0,0.06981,0.0,0.06981,Sidewalk
434.0,150.2835,4.8824,3.00197,0.0,-0.0,147.7192,1.6347,stand_3,179.5517,0.0,-0.0,0.0,-0.0,Sidewalk
434.5,150.2835,4.8824,3.03687,0.0,0.06981,147.7192,1.6347,stand_3,179.5601,0.0,0.06981,0.0,0.06981,Sidewalk
435.0,150.2835,4.8824,3.03687,0.0,-0.0,147.7192,1.6347,stand_3,179.5517,0.0,-0.0,0.0,-0.0,Sidewalk
435.5,150.2835,4.8824,3.07178,0.0,0.06981,147.7192,1.6347,stand_3,179.5601,0.0,0.06981,0.0,0.06981,Sidewalk
436.0,150.2835,4.8824,3.07178,0.0,-0.0,147.7192,1.6347,stand_3,179.5518,0.0,-0.0,0.0,-0.0,Sidewalk
436.5,150.2835,4.8824,3.10669,0.0,0.06981,147.7192,1.6347,stand_3,179.5601,0.0,0.06981,0.0,0.06981,Sidewalk
437.0,150.2835,4.8824,3.10669,0.0,-0.0,147.7192,1.6347,stand_3,179.5518,0.0,-0.0,0.0,-0.0,Sidewalk
437.5,150.2835,4.8824,3.14159,0.0,0.06981,147.7192,1.6347,stand_3,179.5601,0.0,0.06981,0.0,0.06981,Sidewalk
438.0,150.2835,4.8824,3.14159,0.0,-0.0,147.7192,1.6347,stand_3,179.5518,0.0,-0.0,0.0,-0.0,Sidewalk
438.5,150.2835,4.8824,-3.10669,0.0,0.06981,147.7192,1.6347,stand_3,179.5601,0.0,0.06981,0.0,0.06981,Sidewalk
439.0,150.2835,4.8824,-3.10669,0.0,-0.0,147.7192,1.6347,stand_3,179.5518,0.0,-0.0,0.0,-0.0,Sidewalk
439.5,150.2835,4.8824,-3.07178,0.0,0.06981,147.7192,1.6347,stand_3,179.5601,0.0,0.06981,0.0,0.06981,Sidewalk
440.0,150.2835,4.8824,-3.07178,0.0,-0.0,147.7192,1.6347,stand_3,179.5518,0.0,-0.0,0.0,-0.0,Sidewalk
440.5,150.2835,4.8824,-3.03687,0.0,0.06981,147.7192,1.6347,stand_3,179.5601,0.0,0.06981,0.0,0.06981,Sidewalk
441.0,150.2835,4.8824,-3.03687,0.0,-0.0,147.7192,1.6347,stand_3,179.5518,0.0,-0.0,0.0,-0.0,Sidewalk
441.5,150.2835,4.8824,-3.00197,0.0,0.06981,147.7192,1.6347,stand_3,179.5602,0.0,0.06981,0.0,0.06981,Sidewalk
442.0,150.2835,4.8824,-3.00197,0.0,-0.0,147.7192,1.6347,stand_3,179.5518,0.0,-0.0,0.0,-0.0,Sidewalk
442.5,150.2835,4.8824,-2.96706,0.0,0.06981,147.7192,1.6347,stand_3,179.5602,0.0,0.06981,0.0,0.06981,Sidewalk
443.0,150.2835,4.8824,-2.96706,0.0,-0.0,147.7192,1.6347,stand_3,179.5518,0.0,-0.0,0.0,-0.0,Sidewalk
443.5,150.2835,4.8824,-2.93215,0.0,0.06981,147.7192,1.6347,stand_3,179.5602,0.0,0.06981,0.0,0.06981,Sidewalk
444.0,150.2835,4.8824,-2.93215,0.0,-0.0,147.7192,1.6346,stand_3,179.5518,0.0,-0.0,0.0,-0.0,Sidewalk
444.5,150.2835,4.8824,-2.89725,0.0,0.06981,147.7192,1.6346,stand_3,179.5602,0.0,0.06981,0.0,0.06981,Sidewalk
445.0,150.2835,4.8824,-2.89725,0.0,-0.0,147.7192,1.6346,stand_3,179.5518,0.0,-0.0,0.0,-0.0,Sidewalk
445.5,150.2835,4.8824,-2.86234,0.0,0.06981,147.7192,1.6346,stand_3,179.5602,0.0,0.06981,0.0,0.06981,Sidewalk
446.0,150.2835,4.8824,-2.86234,0.0,-0.0,147.7192,1.6346,stand_3,179.5518,0.0,-0.0,0.0,-0.0,Sidewalk
446.5,150.2835,4.8824,-2.82743,0.0,0.06981,147.7192,1.6346,stand_3,179.5602,0.0,0.06981,0.0,0.06981,Sidewalk
447.0,150.2835,4.8824,-2.82743,0.0,-0.0,147.7192,1.6346,stand_3,179.5518,0.0,-0.0,0.0,-0.0,Sidewalk
447.5,150.2835,4.8824,-2.79253,0.0,0.06981,147.7192,1.6346,stand_3,179.5602,0.0,0.06981,0.0,0.06981,Sidewalk
448.0,150.2835,4.8824,-2.79253,0.0,-0.0,147.7192,1.6346,stand_3,179.5518,0.0,-0.0,0.0,-0.0,Sidewalk
448.5,150.2835,4.8824,-2.75762,0.0,0.06981,147.7192,1.6346,stand_3,179.5602,0.0,0.06981,0.0,0.06981,Sidewalk
449.0,150.2835,4.8824,-2.75762,0.0,-0.0,147.7192,1.6346,stand_3,179.5518,0.0,-0.0,0.0,-0.0,Sidewalk
449.5,150.2835,4.8824,-2.72271,0.0,0.06981,147.7192,1.6346,stand_3,179.5602,0.0,0.06981,0.0,0.06981,Sidewalk
450.0,150.2835,4.8824,-2.72271,0.0,-0.0,147.7192,1.6346,stand_3,179.5518,0.0,-0.0,0.0,-0.0,Sidewalk
450.5,150.2835,4.8824,-2.68781,0.0,0.06981,147.7192,1.6346,stand_3,179.5602,0.0,0.06981,0.0,0.06981,Sidewalk
451.0,150.2835,4.8824,-2.68781,0.0,-0.0,147.7192,1.6346,stand_3,179.5518,0.0,-0.0,0.0,-0.0,Sidewalk
451.5,150.2835,4.8824,-2.6529,0.0,0.06981,147.7192,1.6346,stand_3,179.5602,0.0,0.06981,0.0,0.06981,Sidewalk
452.0,150.2835,4.8824,-2.6529,0.0,-0.0,147.7192,1.6346,stand_3,179.5518,0.0,-0.0,0.0,-0.0,Sidewalk
452.5,150.2835,4.8824,-2.61799,0.0,0.06981,147.7192,1.6346,stand_3,179.5602,0.0,0.06981,0.0,0.06981,Sidewalk
453.0,150.2835,4.8824,-2.61799,0.0,-0.0,147.7192,1.6346,stand_3,179.5518,0.0,-0.0,0.0,-0.0,Sidewalk
453.5,150.2835,4.8824,-2.58309,0.0,0.06981,147.7192,1.6346,stand_3,179.5602,0.0,0.06981,0.0,0.06981,Sidewalk
454.0,150.2835,4.8824,-2.58309,0.0,-0.0,147.7192,1.6346,stand_3,179.5518,0.0,-0.0,0.0,-0.0,Sidewalk
454.5,150.2835,4.8824,-2.54818,0.0,0.06981,147.7192,1.6346,stand_3,179.5602,0.0,0.06981,0.0,0.06981,Sidewalk
455.0,150.2835,4.8824,-2.54818,0.0,-0.0,147.7192,1.6346,stand_3,179.5518,0.0,-0.0,0.0,-0.0,Sidewalk
455.5,150.2835,4.8824,-2.51327,0.0,0.06981,147.7192,1.6346,stand_3,179.5602,0.0,0.06981,0.0,0.06981,Sidewalk
456.0,150.2835,4.8824,-2.51327,0.0,-0.0,147.7192,1.6346,stand_3,179.5518,0.0,-0.0,0.0,-0.0,Sidewalk
456.5,150.2835,4.8824,-2.47837,0.0,0.06981,147.7192,1.6346,stand_3,179.5602,0.0,0.06981,0.0,0.06981,Sidewalk
457.0,150.2835,4.8824,-2.47837,0.0,-0.0,147.7192,1.6346,stand_3,179.5518,0.0,-0.0,0.0,-0.0,Sidewalk
457.5,150.2835,4.8824,-2.44346,0.0,0.06981,147.7192,1.6346,stand_3,179.5602,0.0,0.06981,0.0,0.06981,Sidewalk
458.0,150.2835,4.8824,-2.44346,0.0,-0.0,147.7192,1.6346,stand_3,179.5518,0.0,-0.0,0.0,-0.0,Sidewalk
458.5,150.2835,4.8824,-2.40855,0.0,0.06981,147.7192,1.6346,stand_3,179.5602,0.0,0.06981,0.0,0.06981,Sidewalk
459.0,150.2835,4.8824,-2.40855,0.0,-0.0,147.7192,1.6346,stand_3,179.5518,0.0,-0.0,0.0,-0.0,Sidewalk
459.5,150.2835,4.8824,-2.37365,0.0,0.06981,147.7192,1.6346,stand_3,179.5602,0.0,0.06981,0.0,0.06981,Sidewalk
460.0,150.2835,4.8824,-2.37365,0.0,-0.0,147.7192,1.6346,stand_3,179.5519,0.0,-0.0,0.0,-0.0,Sidewalk
460.5,150.2835,4.8824,-2.33874,0.0,0.06981,147.7192,1.6346,stand_3,179.5602,0.0,0.06981,0.0,0.06981,Sidewalk
461.0,150.2835,4.8824,-2.33874,0.0,-0.0,147.7192,1.6346,stand_3,179.5519,0.0,-0.0,0.0,-0.0,Sidewalk
461.5,150.2835,4.8824,-2.30383,0.0,0.06981,147.7192,1.6346,stand_3,179.5602,0.0,0.06981,0.0,0.06981,Sidewalk
462.0,150.2835,4.8824,-2.30383,0.0,-0.0,147.7192,1.6346,stand_3,179.5519,0.0,-0.0,0.0,-0.0,Sidewalk
462.5,150.2835,4.8824,-2.26893,0.0,0.06981,147.7192,1.6346,stand_3,179.5602,0.0,0.06981,0.0,0.06981,Sidewalk
463.0,150.2835,4.8824,-2.26893,0.0,-0.0,147.7192,1.6346,stand_3,179.5519,0.0,-0.0,0.0,-0.0,Sidewalk
463.5,150.2835,4.8824,-2.23402,0.0,0.06981,147.7192,1.6346,stand_3,179.5602,0.0,0.06981,0.0,0.06981,Sidewalk
464.0,150.2835,4.8824,-2.23402,0.0,-0.0,147.7192,1.6346,stand_3,179.5519,0.0,-0.0,0.0,-0.0,Sidewalk
464.5,150.2835,4.8824,-2.19911,0.0,0.06981,147.7192,1.6346,stand_3,179.5603,0.0,0.06981,0.0,0.06981,Sidewalk
465.0,150.2835,4.8824,-2.19911,0.0,-0.0,147.7192,1.6346,stand_3,179.5519,0.0,-0.0,0.0,-0.0,Sidewalk
465.5,150.2835,4.8824,-2.16421,0.0,0.06981,147.7192,1.6346,stand_3,179.5603,0.0,0.06981,0.0,0.06981,Sidewalk
466.0,150.2835,4.8824,-2.16421,0.0,-0.0,147.7192,1.6346,stand_3,179.5519,0.0,-0.0,0.0,-0.0,Sidewalk
466.5,150.2835,4.8824,-2.1293,0.0,0.06981,147.7192,1.6346,stand_3,179.5603,0.0,0.06981,0.0,0.06981,Sidewalk
467.0,150.2835,4.8824,-2.1293,0.0,-0.0,147.7192,1.6346,stand_3,179.5519,0.0,-0.0,0.0,-0.0,Sidewalk
467.5,150.2835,4.8824,-2.0944,0.0,0.06981,147.7192,1.6346,stand_3,179.5603,0.0,0.06981,0.0,0.06981,Sidewalk
468.0,150.2835,4.8824,-2.0944,0.0,-0.0,147.7192,1.6346,stand_3,179.5519,0.0,-0.0,0.0,-0.0,Sidewalk
468.5,150.2835,4.8824,-2.05949,0.0,0.06981,147.7192,1.6346,stand_3,179.5603,0.0,0.06981,0.0,0.06981,Sidewalk
469.0,150.2835,4.8824,-2.05949,0.0,-0.0,147.7192,1.6346,stand_3,179.5519,0.0,-0.0,0.0,-0.0,Sidewalk
469.5,150.2835,4.8824,-2.02458,0.0,0.06981,147.7192,1.6346,stand_3,179.5603,0.0,0.06981,0.0,0.06981,Sidewalk
470.0,150.2835,4.8824,-2.02458,0.0,-0.0,147.7192,1.6346,stand_3,179.5519,0.0,-0.0,0.0,-0.0,Sidewalk
470.5,150.2835,4.8824,-1.98968,0.0,0.06981,147.7192,1.6346,stand_3,179.5603,0.0,0.06981,0.0,0.06981,Sidewalk
471.0,150.2835,4.8824,-1.98968,0.0,-0.0,147.7192,1.6346,stand_3,179.5519,0.0,-0.0,0.0,-0.0,Sidewalk
471.5,150.2835,4.8824,-1.95477,0.0,0.06981,147.7192,1.6346,stand_3,179.5603,0.0,0.06981,0.0,0.06981,Sidewalk
472.0,150.2835,4.8824,-1.95477,0.0,-0.0,147.7192,1.6346,stand_3,179.5519,0.0,-0.0,0.0,-0.0,Sidewalk
472.5,150.2835,4.8824,-1.91986,0.0,0.06981,147.7192,1.6346,stand_3,179.5603,0.0,0.06981,0.0,0.06981,Sidewalk
473.0,150.2835,4.8824,-1.91986,0.0,-0.0,147.7192,1.6346,stand_3,179.5519,0.0,-0.0,0.0,-0.0,Sidewalk
473.5,150.2835,4.8824,-1.88496,0.0,0.06981,147.7192,1.6346,stand_3,179.5603,0.0,0.06981,0.0,0.06981,Sidewalk
474.0,150.2835,4.8824,-1.88496,0.0,-0.0,147.7192,1.6346,stand_3,179.5519,0.0,-0.0,0.0,-0.0,Sidewalk
474.5,150.2835,4.8824,-1.85005,0.0,0.06981,147.7192,1.6346,stand_3,179.5603,0.0,0.06981,0.0,0.06981,Sidewalk
475.0,150.2835,4.8824,-1.85005,0.0,-0.0,147.7192,1.6346,stand_3,179.5519,0.0,-0.0,0.0,-0.0,Sidewalk
475.5,150.2835,4.8824,-1.81514,0.0,0.06981,147.7192,1.6346,stand_3,179.5603,0.0,0.06981,0.0,0.06981,Sidewalk
476.0,150.2835,4.8824,-1.81514,0.0,-0.0,147.7192,1.6346,stand_3,179.5519,0.0,-0.0,0.0,-0.0,Sidewalk
476.5,150.2835,4.8824,-1.78024,0.0,0.06981,147.7192,1.6346,stand_3,179.5603,0.0,0.06981,0.0,0.06981,Sidewalk
477.0,150.2835,4.8824,-1.78024,0.0,-0.0,147.7192,1.6346,stand_3,179.5519,0.0,-0.0,0.0,-0.0,Sidewalk
477.5,150.2835,4.8824,-1.74533,0.0,0.06981,147.7192,1.6346,stand_3,179.5603,0.0,0.06981,0.0,0.06981,Sidewalk
478.0,150.2835,4.8824,-1.74533,0.0,-0.0,147.7192,1.6346,stand_3,179.5519,0.0,-0.0,0.0,-0.0,Sidewalk
478.5,150.2835,4.8824,-1.71042,0.0,0.06981,147.7192,1.6346,stand_3,179.5603,0.0,0.06981,0.0,0.06981,Sidewalk
479.0,150.2835,4.8824,-1.71042,0.0,-0.0,147.7192,1.6346,stand_3,179.5519,0.0,-0.0,0.0,-0.0,Sidewalk
479.5,150.2835,4.8824,-1.67552,0.0,0.06981,147.7192,1.6346,stand_3,179.5603,0.0,0.06981,0.0,0.06981,Sidewalk
480.0,150.2835,4.8824,-1.67552,0.0,-0.0,147.7192,1.6346,stand_3,179.5519,0.0,-0.0,0.0,-0.0,Sidewalk
480.5,150.2835,4.8824,-1.64061,0.0,0.06981,147.7192,1.6346,stand_3,179.5603,0.0,0.06981,0.0,0.06981,Sidewalk
481.0,150.2835,4.8824,-1.64061,0.0,-0.0,147.7192,1.6346,stand_3,179.5519,0.0,-0.0,0.0,-0.0,Sidewalk
481.5,150.2835,4.8824,-1.6057,0.0,0.06981,147.7192,1.6346,stand_3,179.5603,0.0,0.06981,0.0,0.06981,Sidewalk
482.0,150.2835,4.8824,-1.6057,0.0,-0.0,147.7192,1.6346,stand_3,179.5519,0.0,-0.0,0.0,-0.0,Sidewalk
482.5,150.2835,4.8824,-1.5708,0.0,0.06981,147.7192,1.6346,stand_3,179.5603,0.0,0.06981,0.0,0.06981,Sidewalk
483.0,150.2835,4.8824,-1.5708,0.0,-0.0,147.7192,1.6346,stand_3,179.5519,0.0,-0.0,0.0,-0.0,Sidewalk
483.5,150.2835,4.8824,-1.53589,0.0,0.06981,147.7192,1.6345,stand_3,179.5603,0.0,0.06981,0.0,0.06981,Sidewalk
484.0,150.2835,4.8824,-1.53589,0.0,-0.0,147.7192,1.6345,stand_3,179.552,0.0,-0.0,0.0,-0.0,Sidewalk
484.5,150.2835,4.8824,-1.50098,0.0,0.06981,147.7192,1.6345,stand_3,179.5603,0.0,0.06981,0.0,0.06981,Sidewalk
485.0,150.2835,4.8824,-1.50098,0.0,-0.0,147.7192,1.6345,stand_3,179.552,0.0,-0.0,0.0,-0.0,Sidewalk
485.5,150.2835,4.8824,-1.46608,0.0,0.06981,147.7192,1.6345,stand_3,179.5603,0.0,0.06981,0.0,0.06981,Sidewalk
486.0,150.2835,4.8824,-1.46608,0.0,-0.0,147.7192,1.6345,stand_3,179.552,0.0,-0.0,0.0,-0.0,Sidewalk
486.5,150.2835,4.8824,-1.43117,0.0,0.06981,147.7192,1.6345,stand_3,179.5603,0.0,0.06981,0.0,0.06981,Sidewalk
487.0,150.2835,4.8824,-1.43117,0.0,-0.0,147.7192,1.6345,stand_3,179.552,0.0,-0.0,0.0,-0.0,Sidewalk
487.5,150.2835,4.8824,-1.39626,0.0,0.06981,147.7192,1.6345,stand_3,179.5603,0.0,0.06981,0.0,0.06981,Sidewalk
488.0,150.2835,4.8824,-1.39626,0.0,-0.0,147.7192,1.6345,stand_3,179.552,0.0,-0.0,0.0,-0.0,Sidewalk
488.5,150.2835,4.8824,-1.36136,0.0,0.06981,147.7192,1.6345,stand_3,179.5603,0.0,0.06981,0.0,0.06981,Sidewalk
489.0,150.2835,4.8824,-1.36136,0.0,-0.0,147.7192,1.6345,stand_3,179.552,0.0,-0.0,0.0,-0.0,Sidewalk
489.5,150.2835,4.8824,-1.32645,0.0,0.06981,147.7192,1.6345,stand_3,179.5604,0.0,0.06981,0.0,0.06981,Sidewalk
490.0,150.2835,4.8824,-1.32645,0.0,-0.0,147.7192,1.6345,stand_3,179.552,0.0,-0.0,0.0,-0.0,Sidewalk
490.5,150.2835,4.8824,-1.29154,0.0,0.06981,147.7192,1.6345,stand_3,179.5604,0.0,0.06981,0.0,0.06981,Sidewalk
491.0,150.2835,4.8824,-1.29154,0.0,-0.0,147.7192,1.6345,stand_3,179.552,0.0,-0.0,0.0,-0.0,Sidewalk
491.5,150.2835,4.8824,-1.25664,0.0,0.06981,147.7192,1.6345,stand_3,179.5604,0.0,0.06981,0.0,0.06981,Sidewalk
492.0,150.2835,4.8824,-1.25664,0.0,-0.0,147.7192,1.6345,stand_3,179.552,0.0,-0.0,0.0,-0.0,Sidewalk
492.5,150.2835,4.8824,-1.22173,0.0,0.06981,147.7192,1.6345,stand_3,179.5604,0.0,0.06981,0.0,0.06981,Sidewalk
493.0,150.2835,4.8824,-1.22173,0.0,-0.0,147.7192,1.6345,stand_3,179.552,0.0,-0.0,0.0,-0.0,Sidewalk
493.5,150.2835,4.8824,-1.18682,0.0,0.06981,147.7192,1.6345,stand_3,179.5604,0.0,0.06981,0.0,0.06981,Sidewalk
494.0,150.2835,4.8824,-1.18682,0.0,-0.0,147.7192,1.6345,stand_3,179.552,0.0,-0.0,0.0,-0.0,Sidewalk
494.5,150.2835,4.8824,-1.15192,0.0,0.06981,147.7192,1.6345,stand_3,179.5604,0.0,0.06981,0.0,0.06981,Sidewalk
495.0,150.2835,4.8824,-1.15192,0.0,-0.0,147.7192,1.6345,stand_3,179.552,0.0,-0.0,0.0,-0.0,Sidewalk
495.5,150.2835,4.8824,-1.11701,0.0,0.06981,147.7192,1.6345,stand_3,179.5604,0.0,0.06981,0.0,0.06981,Sidewalk
496.0,150.2835,4.8824,-1.11701,0.0,-0.0,147.7192,1.6345,stand_3,179.552,0.0,-0.0,0.0,-0.0,Sidewalk
496.5,150.2835,4.8824,-1.0821,0.0,0.06981,147.7192,1.6345,stand_3,179.5604,0.0,0.06981,0.0,0.06981,Sidewalk
497.0,150.2835,4.8824,-1.0821,0.0,-0.0,147.7192,1.6345,stand_3,179.552,0.0,-0.0,0.0,-0.0,Sidewalk
497.5,150.2835,4.8824,-1.0472,0.0,0.06981,147.7192,1.6345,stand_3,179.5604,0.0,0.06981,0.0,0.06981,Sidewalk
498.0,150.2835,4.8824,-1.0472,0.0,-0.0,147.7192,1.6345,stand_3,179.552,0.0,-0.0,0.0,-0.0,Sidewalk
498.5,150.2835,4.8824,-1.01229,0.0,0.06981,147.7192,1.6345,stand_3,179.5604,0.0,0.06981,0.0,0.06981,Sidewalk
499.0,150.2835,4.8824,-1.01229,0.0,-0.0,147.7192,1.6345,stand_3,179.552,0.0,-0.0,0.0,-0.0,Sidewalk
499.5,150.2835,4.8824,-0.97738,0.0,0.06981,147.7192,1.6345,stand_3,179.5604,0.0,0.06981,0.0,0.06981,Sidewalk
500.0,150.2835,4.8824,-0.97738,0.0,-0.0,147.7192,1.6345,stand_3,179.552,0.0,-0.0,0.0,-0.0,Sidewalk
500.5,150.2835,4.8824,-0.94248,0.0,0.06981,147.7192,1.6345,stand_3,179.5604,0.0,0.06981,0.0,0.06981,Sidewalk
501.0,150.2835,4.8824,-0.94248,0.0,-0.0,147.7192,1.6345,stand_3,179.552,0.0,-0.0,0.0,-0.0,Sidewalk
501.5,150.2835,4.8824,-0.90757,0.0,0.06981,147.7192,1.6345,stand_3,179.5604,0.0,0.06981,0.0,0.06981,Sidewalk
502.0,150.2835,4.8824,-0.90757,0.0,-0.0,147.7192,1.6345,stand_3,179.552,0.0,-0.0,0.0,-0.0,Sidewalk
502.5,150.2835,4.8824,-0.87266,0.0,0.06981,147.7192,1.6345,stand_3,179.5604,0.0,0.06981,0.0,0.06981,Sidewalk
503.0,150.2835,4.8824,-0.87266,0.0,-0.0,147.7192,1.6345,stand_3,179.552,0.0,-0.0,0.0,-0.0,Sidewalk
503.5,150.2835,4.8824,-0.83776,0.0,0.06981,147.7192,1.6345,stand_3,179.5604,0.0,0.06981,0.0,0.06981,Sidewalk
504.0,150.2835,4.8824,-0.83776,0.0,-0.0,147.7192,1.6345,stand_3,179.552,0.0,-0.0,0.0,-0.0,Sidewalk
504.5,150.2835,4.8824,-0.80285,0.0,0.06981,147.7192,1.6345,stand_3,179.5604,0.0,0.06981,0.0,0.06981,Sidewalk
505.0,150.2835,4.8824,-0.80285,0.0,-0.0,147.7192,1.6345,stand_3,179.552,0.0,-0.0,0.0,-0.0,Sidewalk
505.5,150.2835,4.8824,-0.76794,0.0,0.06981,147.7192,1.6345,stand_3,179.5604,0.0,0.06981,0.0,0.06981,Sidewalk
506.0,150.2835,4.8824,-0.76794,0.0,-0.0,147.7192,1.6345,stand_3,179.552,0.0,-0.0,0.0,-0.0,Sidewalk
506.5,150.2835,4.8824,-0.73304,0.0,0.06981,147.7192,1.6345,stand_3,179.5604,0.0,0.06981,0.0,0.06981,Sidewalk
507.0,150.2835,4.8824,-0.73304,0.0,-0.0,147.7192,1.6345,stand_3,179.5521,0.0,-0.0,0.0,-0.0,Sidewalk
507.5,150.2835,4.8824,-0.69813,0.0,0.06981,147.7192,1.6345,stand_3,179.5604,0.0,0.06981,0.0,0.06981,Sidewalk
508.0,150.2835,4.8824,-0.69813,0.0,-0.0,147.7192,1.6345,stand_3,179.5521,0.0,-0.0,0.0,-0.0,Sidewalk
508.5,150.2835,4.8824,-0.66323,0.0,0.06981,147.7192,1.6345,stand_3,179.5604,0.0,0.06981,0.0,0.06981,Sidewalk
509.0,150.2835,4.8824,-0.66323,0.0,-0.0,147.7192,1.6345,stand_3,179.5521,0.0,-0.0,0.0,-0.0,Sidewalk
509.5,150.2835,4.8824,-0.62832,0.0,0.06981,147.7192,1.6345,stand_3,179.5604,0.0,0.06981,0.0,0.06981,Sidewalk
510.0,150.2835,4.8824,-0.62832,0.0,-0.0,147.7192,1.6345,stand_3,179.5521,0.0,-0.0,0.0,-0.0,Sidewalk
510.5,150.2835,4.8824,-0.59341,0.0,0.06981,147.7192,1.6345,stand_3,179.5604,0.0,0.06981,0.0,0.06981,Sidewalk
511.0,150.2835,4.8824,-0.59341,0.0,-0.0,147.7192,1.6345,stand_3,179.5521,0.0,-0.0,0.0,-0.0,Sidewalk
511.5,150.2835,4.8824,-0.55851,0.0,0.06981,147.7192,1.6345,stand_3,179.5604,0.0,0.06981,0.0,0.06981,Sidewalk
512.0,150.2835,4.8824,-0.55851,0.0,-0.0,147.7192,1.6345,stand_3,179.5521,0.0,-0.0,0.0,-0.0,Sidewalk
512.5,150.2835,4.8824,-0.5236,0.0,0.06981,147.7192,1.6345,stand_3,179.5605,0.0,0.06981,0.0,0.06981,Sidewalk
513.0,150.2835,4.8824,-0.5236,0.0,-0.0,147.7192,1.6345,stand_3,179.5521,0.0,-0.0,0.0,-0.0,Sidewalk
513.5,150.2835,4.8824,-0.48869,0.0,0.06981,147.7192,1.6345,stand_3,179.5605,0.0,0.06981,0.0,0.06981,Sidewalk
514.0,150.2835,4.8824,-0.48869,0.0,-0.0,147.7192,1.6345,stand_3,179.5521,0.0,-0.0,0.0,-0.0,Sidewalk
514.5,150.2835,4.8824,-0.45379,0.0,0.06981,147.7192,1.6345,stand_3,179.5605,0.0,0.06981,0.0,0.06981,Sidewalk
515.0,150.2835,4.8824,-0.45379,0.0,-0.0,147.7192,1.6345,stand_3,179.5521,0.0,-0.0,0.0,-0.0,Sidewalk
515.5,150.2835,4.8824,-0.41888,0.0,0.06981,147.7192,1.6345,stand_3,179.5605,0.0,0.06981,0.0,0.06981,Sidewalk
516.0,150.2835,4.8824,-0.41888,0.0,-0.0,147.7192,1.6345,stand_3,179.5521,0.0,-0.0,0.0,-0.0,Sidewalk
516.5,150.2835,4.8824,-0.38397,0.0,0.06981,147.7192,1.6345,stand_3,179.5605,0.0,0.06981,0.0,0.06981,Sidewalk
517.0,150.2835,4.8824,-0.38397,0.0,-0.0,147.7192,1.6345,stand_3,179.5521,0.0,-0.0,0.0,-0.0,Sidewalk
517.5,150.2835,4.8824,-0.34907,0.0,0.06981,147.7192,1.6345,stand_3,179.5605,0.0,0.06981,0.0,0.06981,Sidewalk
518.0,150.2835,4.8824,-0.34907,0.0,-0.0,147.7192,1.6345,stand_3,179.5521,0.0,-0.0,0.0,-0.0,Sidewalk
518.5,150.2835,4.8824,-0.31416,0.0,0.06981,147.7192,1.6345,stand_3,179.5605,0.0,0.06981,0.0,0.06981,Sidewalk
519.0,150.2835,4.8824,-0.31416,0.0,-0.0,147.7192,1.6345,stand_3,179.5521,0.0,-0.0,0.0,-0.0,Sidewalk
519.5,150.2835,4.8824,-0.27925,0.0,0.06981,147.7192,1.6345,stand_3,179.5605,0.0,0.06981,0.0,0.06981,Sidewalk
520.0,150.2835,4.8824,-0.27925,0.0,-0.0,147.7192,1.6345,stand_3,179.5521,0.0,-0.0,0.0,-0.0,Sidewalk
520.5,150.2835,4.8824,-0.24435,0.0,0.06981,147.7192,1.6345,stand_3,179.5605,0.0,0.06981,0.0,0.06981,Sidewalk
521.0,150.2835,4.8824,-0.24435,0.0,-0.0,147.7192,1.6345,stand_3,179.5521,0.0,-0.0,0.0,-0.0,Sidewalk
521.5,150.2835,4.8824,-0.20944,0.0,0.06981,147.7192,1.6345,stand_3,179.5605,0.0,0.06981,0.0,0.06981,Sidewalk
522.0,150.2835,4.8824,-0.20944,0.0,-0.0,147.7192,1.6345,stand_3,179.5521,0.0,-0.0,0.0,-0.0,Sidewalk
522.5,150.2835,4.8824,-0.17453,0.0,0.06981,147.7192,1.6344,stand_3,179.5605,0.0,0.06981,0.0,0.06981,Sidewalk
523.0,150.2835,4.8824,-0.17453,0.0,-0.0,147.7192,1.6344,stand_3,179.5521,0.0,-0.0,0.0,-0.0,Sidewalk
523.5,150.2835,4.8824,-0.13963,0.0,0.06981,147.7192,1.6344,stand_3,179.5605,0.0,0.06981,0.0,0.06981,Sidewalk
524.0,150.2835,4.8824,-0.13963,0.0,-0.0,147.7192,1.6344,stand_3,179.5521,0.0,-0.0,0.0,-0.0,Sidewalk
524.5,150.2835,4.8824,-0.10472,0.0,0.06981,147.7192,1.6344,stand_3,179.5605,0.0,0.06981,0.0,0.06981,Sidewalk
525.0,150.2835,4.8824,-0.10472,0.0,-0.0,147.7192,1.6344,stand_3,179.5521,0.0,-0.0,0.0,-0.0,Sidewalk
525.5,150.2835,4.8824,-0.06981,0.0,0.06981,147.7192,1.6344,stand_3,179.5605,0.0,0.06981,0.0,0.06981,Sidewalk
526.0,150.2835,4.8824,-0.06981,0.0,-0.0,147.7192,1.6344,stand_3,179.5521,0.0,-0.0,0.0,-0.0,Sidewalk
526.5,150.2835,4.8824,-0.03491,0.0,0.06981,147.7192,1.6344,stand_3,179.5605,0.0,0.06981,0.0,0.06981,Sidewalk
527.0,150.2835,4.8824,-0.03491,0.0,-0.0,147.7192,1.6344,stand_3,179.5521,0.0,-0.0,0.0,-0.0,Sidewalk
527.5,150.2835,4.8824,-0.0,0.0,0.06981,147.7192,1.6344,stand_3,179.5605,0.0,0.06981,0.0,0.06981,Sidewalk
528.0,150.2835,4.8824,-0.0,0.0,-0.0,147.7192,1.6344,stand_3,179.5521,0.0,-0.0,0.0,-0.0,Sidewalk
528.5,150.2835,4.8824,0.03491,0.0,0.06981,147.7192,1.6344,stand_3,179.5605,0.0,0.06981,0.0,0.06981,Sidewalk
529.0,150.2835,4.8824,0.03491,0.0,-0.0,147.7192,1.6344,stand_3,179.5521,0.0,-0.0,0.0,-0.0,Sidewalk
529.5,150.2835,4.8824,0.06981,0.0,0.06981,147.7192,1.6344,stand_3,179.5605,0.0,0.06981,0.0,0.06981,Sidewalk
530.0,150.2835,4.8824,0.06981,0.0,-0.0,147.7192,1.6344,stand_3,179.5522,0.0,-0.0,0.0,-0.0,Sidewalk
530.5,150.2835,4.8824,0.10472,0.0,0.06981,147.7192,1.6344,stand_3,179.5605,0.0,0.06981,0.0,0.06981,Sidewalk
531.0,150.2835,4.8824,0.10472,0.0,-0.0,147.7192,1.6344,stand_3,179.5522,0.0,-0.0,0.0,-0.0,Sidewalk
531.5,150.2835,4.8824,0.13963,0.0,0.06981,147.7192,1.6344,stand_3,179.5605,0.0,0.06981,0.0,0.06981,Sidewalk
532.0,150.2835,4.8824,0.13963,0.0,-0.0,147.7192,1.6344,stand_3,179.5522,0.0,-0.0,0.0,-0.0,Sidewalk
532.5,150.2835,4.8824,0.17453,0.0,0.06981,147.7192,1.6344,stand_3,179.5605,0.0,0.06981,0.0,0.06981,Sidewalk
533.0,150.2835,4.8824,0.17453,0.0,-0.0,147.7192,1.6344,stand_3,179.5522,0.0,-0.0,0.0,-0.0,Sidewalk
533.5,150.2835,4.8824,0.20944,0.0,0.06981,147.7192,1.6344,stand_3,179.5605,0.0,0.06981,0.0,0.06981,Sidewalk
534.0,150.2835,4.8824,0.20944,0.0,-0.0,147.7192,1.6344,stand_3,179.5522,0.0,-0.0,0.0,-0.0,Sidewalk
534.5,150.2835,4.8824,0.24435,0.0,0.06981,147.7192,1.6344,stand_3,179.5605,0.0,0.06981,0.0,0.06981,Sidewalk
535.0,150.2835,4.8824,0.24435,0.0,-0.0,147.7192,1.6344,stand_3,179.5522,0.0,-0.0,0.0,-0.0,Sidewalk
535.5,150.2835,4.8824,0.27925,0.0,0.06981,147.7192,1.6344,stand_3,179.5606,0.0,0.06981,0.0,0.06981,Sidewalk
536.0,150.2835,4.8824,0.27925,0.0,-0.0,147.7192,1.6344,stand_3,179.5522,0.0,-0.0,0.0,-0.0,Sidewalk
536.5,150.2835,4.8824,0.31416,0.0,0.06981,147.7192,1.6344,stand_3,179.5606,0.0,0.06981,0.0,0.06981,Sidewalk
537.0,150.2835,4.8824,0.31416,0.0,-0.0,147.7192,1.6344,stand_3,179.5522,0.0,-0.0,0.0,-0.0,Sidewalk
537.5,150.2835,4.8824,0.34907,0.0,0.06981,147.7192,1.6344,stand_3,179.5606,0.0,0.06981,0.0,0.06981,Sidewalk
538.0,150.2835,4.8824,0.34907,0.0,-0.0,147.7192,1.6344,stand_3,179.5522,0.0,-0.0,0.0,-0.0,Sidewalk
538.5,150.2835,4.8824,0.38397,0.0,0.06981,147.7192,1.6344,stand_3,179.5606,0.0,0.06981,0.0,0.06981,Sidewalk
539.0,150.2835,4.8824,0.38397,0.0,-0.0,147.7192,1.6344,stand_3,179.5522,0.0,-0.0,0.0,-0.0,Sidewalk
539.5,150.2835,4.8824,0.41888,0.0,0.06981,147.7192,1.6344,stand_3,179.5606,0.0,0.06981,0.0,0.06981,Sidewalk
540.0,150.2835,4.8824,0.41888,0.0,-0.0,147.7192,1.6344,stand_3,179.5522,0.0,-0.0,0.0,-0.0,Sidewalk
540.5,150.2835,4.8824,0.45379,0.0,0.06981,147.7192,1.6344,stand_3,179.5606,0.0,0.06981,0.0,0.06981,Sidewalk
541.0,150.2835,4.8824,0.45379,0.0,-0.0,147.7192,1.6344,stand_3,179.5522,0.0,-0.0,0.0,-0.0,Sidewalk
541.5,150.2835,4.8824,0.48869,0.0,0.06981,147.7192,1.6344,stand_3,179.5606,0.0,0.06981,0.0,0.06981,Sidewalk
542.0,150.2835,4.8824,0.48869,0.0,-0.0,147.7192,1.6344,stand_3,179.5522,0.0,-0.0,0.0,-0.0,Sidewalk
542.5,150.2835,4.8824,0.5236,0.0,0.06981,147.7192,1.6344,stand_3,179.5606,0.0,0.06981,0.0,0.06981,Sidewalk
543.0,150.2835,4.8824,0.5236,0.0,-0.0,147.7192,1.6344,stand_3,179.5522,0.0,-0.0,0.0,-0.0,Sidewalk
543.5,150.2835,4.8824,0.55851,0.0,0.06981,147.7192,1.6344,stand_3,179.5606,0.0,0.06981,0.0,0.06981,Sidewalk
544.0,150.2835,4.8824,0.55851,0.0,-0.0,147.7192,1.6344,stand_3,179.5522,0.0,-0.0,0.0,-0.0,Sidewalk
544.5,150.2835,4.8824,0.59341,0.0,0.06981,147.7192,1.6344,stand_3,179.5606,0.0,0.06981,0.0,0.06981,Sidewalk
545.0,150.2835,4.8824,0.59341,0.0,-0.0,147.7192,1.6344,stand_3,179.5522,0.0,-0.0,0.0,-0.0,Sidewalk
545.5,150.2835,4.8824,0.62832,0.0,0.06981,147.7192,1.6344,stand_3,179.5606,0.0,0.06981,0.0,0.06981,Sidewalk
546.0,150.2835,4.8824,0.62832,0.0,-0.0,147.7192,1.6344,stand_3,179.5522,0.0,-0.0,0.0,-0.0,Sidewalk
546.5,150.2835,4.8824,0.66323,0.0,0.06981,147.7192,1.6344,stand_3,179.5606,0.0,0.06981,0.0,0.06981,Sidewalk
547.0,150.2835,4.8824,0.66323,0.0,-0.0,147.7192,1.6344,stand_3,179.5522,0.0,-0.0,0.0,-0.0,Sidewalk
547.5,150.2835,4.8824,0.69813,0.0,0.06981,147.7192,1.6344,stand_3,179.5606,0.0,0.06981,0.0,0.06981,Sidewalk
548.0,150.2835,4.8824,0.69813,0.0,-0.0,147.7192,1.6344,stand_3,179.5522,0.0,-0.0,0.0,-0.0,Sidewalk
548.5,150.2835,4.8824,0.73304,0.0,0.06981,147.7192,1.6344,stand_3,179.5606,0.0,0.06981,0.0,0.06981,Sidewalk
549.0,150.2835,4.8824,0.73304,0.0,-0.0,147.7192,1.6344,stand_3,179.5522,0.0,-0.0,0.0,-0.0,Sidewalk
549.5,150.2835,4.8824,0.76794,0.0,0.06981,147.7192,1.6344,stand_3,179.5606,0.0,0.06981,0.0,0.06981,Sidewalk
550.0,150.2835,4.8824,0.76794,0.0,-0.0,147.7192,1.6344,stand_3,179.5522,0.0,-0.0,0.0,-0.0,Sidewalk
550.5,150.2835,4.8824,0.80285,0.0,0.06981,147.7192,1.6344,stand_3,179.5606,0.0,0.06981,0.0,0.06981,Sidewalk
551.0,150.2835,4.8824,0.80285,0.0,-0.0,147.7192,1.6344,stand_3,179.5522,0.0,-0.0,0.0,-0.0,Sidewalk
551.5,150.2835,4.8824,0.83776,0.0,0.06981,147.7192,1.6344,stand_3,179.5606,0.0,0.06981,0.0,0.06981,Sidewalk
552.0,150.2835,4.8824,0.83776,0.0,-0.0,147.7192,1.6344,stand_3,179.5522,0.0,-0.0,0.0,-0.0,Sidewalk
552.5,150.2835,4.8824,0.87266,0.0,0.06981,147.7192,1.6344,stand_3,179.5606,0.0,0.06981,0.0,0.06981,Sidewalk
553.0,150.2835,4.8824,0.87266,0.0,-0.0,147.7192,1.6344,stand_3,179.5522,0.0,-0.0,0.0,-0.0,Sidewalk
553.5,150.2835,4.8824,0.90757,0.0,0.06981,147.7192,1.6344,stand_3,179.5606,0.0,0.06981,0.0,0.06981,Sidewalk
554.0,150.2835,4.8824,0.90757,0.0,-0.0,147.7192,1.6344,stand_3,179.5522,0.0,-0.0,0.0,-0.0,Sidewalk
554.5,150.2835,4.8824,0.94248,0.0,0.06981,147.7192,1.6344,stand_3,179.5606,0.0,0.06981,0.0,0.06981,Sidewalk
555.0,150.2835,4.8824,0.94248,0.0,-0.0,147.7192,1.6344,stand_3,179.5523,0.0,-0.0,0.0,-0.0,Sidewalk
555.5,150.2835,4.8824,0.97738,0.0,0.06981,147.7192,1.6344,stand_3,179.5606,0.0,0.06981,0.0,0.06981,Sidewalk
556.0,150.2835,4.8824,0.97738,0.0,-0.0,147.7192,1.6344,stand_3,179.5523,0.0,-0.0,0.0,-0.0,Sidewalk
556.5,150.2835,4.8824,1.01229,0.0,0.06981,147.7192,1.6344,stand_3,179.5606,0.0,0.06981,0.0,0.06981,Sidewalk
557.0,150.2835,4.8824,1.01229,0.0,-0.0,147.7192,1.6344,stand_3,179.5523,0.0,-0.0,0.0,-0.0,Sidewalk
557.5,150.2835,4.8824,1.0472,0.0,0.06981,147.7192,1.6344,stand_3,179.5606,0.0,0.06981,0.0,0.06981,Sidewalk
558.0,150.2835,4.8824,1.0472,0.0,-0.0,147.7192,1.6344,stand_3,179.5523,0.0,-0.0,0.0,-0.0,Sidewalk
558.5,150.2835,4.8824,1.0821,0.0,0.06981,147.7192,1.6344,stand_3,179.5606,0.0,0.06981,0.0,0.06981,Sidewalk
559.0,150.2835,4.8824,1.0821,0.0,-0.0,147.7192,1.6344,stand_3,179.5523,0.0,-0.0,0.0,-0.0,Sidewalk
559.5,150.2835,4.8824,1.11701,0.0,0.06981,147.7192,1.6344,stand_3,179.5607,0.0,0.06981,0.0,0.06981,Sidewalk
560.0,150.2835,4.8824,1.11701,0.0,-0.0,147.7192,1.6344,stand_3,179.5523,0.0,-0.0,0.0,-0.0,Sidewalk
560.5,150.2835,4.8824,1.15192,0.0,0.06981,147.7192,1.6344,stand_3,179.5607,0.0,0.06981,0.0,0.06981,Sidewalk
561.0,150.2835,4.8824,1.15192,0.0,-0.0,147.7192,1.6344,stand_3,179.5523,0.0,-0.0,0.0,-0.0,Sidewalk
561.5,150.2835,4.8824,1.18682,0.0,0.06981,147.7192,1.6343,stand_3,179.5607,0.0,0.06981,0.0,0.06981,Sidewalk
562.0,150.2835,4.8824,1.18682,0.0,-0.0,147.7192,1.6343,stand_3,179.5523,0.0,-0.0,0.0,-0.0,Sidewalk
562.5,150.2835,4.8824,1.22173,0.0,0.06981,147.7192,1.6343,stand_3,179.5607,0.0,0.06981,0.0,0.06981,Sidewalk
563.0,150.2835,4.8824,1.22173,0.0,-0.0,147.7192,1.6343,stand_3,179.5523,0.0,-0.0,0.0,-0.0,Sidewalk
563.5,150.2835,4.8824,1.25664,0.0,0.06981,147.7192,1.6343,stand_3,179.5607,0.0,0.06981,0.0,0.06981,Sidewalk
564.0,150.2835,4.8824,1.25664,0.0,-0.0,147.7192,1.6343,stand_3,179.5523,0.0,-0.0,0.0,-0.0,Sidewalk
564.5,150.2835,4.8824,1.29154,0.0,0.06981,147.7192,1.6343,stand_3,179.5607,0.0,0.06981,0.0,0.06981,Sidewalk
565.0,150.2835,4.8824,1.29154,0.0,-0.0,147.7192,1.6343,stand_3,179.5523,0.0,-0.0,0.0,-0.0,Sidewalk
565.5,150.2835,4.8824,1.32645,0.0,0.06981,147.7192,1.6343,stand_3,179.5607,0.0,0.06981,0.0,0.06981,Sidewalk
566.0,150.2835,4.8824,1.32645,0.0,-0.0,147.7192,1.6343,stand_3,179.5523,0.0,-0.0,0.0,-0.0,Sidewalk
566.5,150.2835,4.8824,1.36136,0.0,0.06981,147.7192,1.6343,stand_3,179.5607,0.0,0.06981,0.0,0.06981,Sidewalk
567.0,150.2835,4.8824,1.36136,0.0,-0.0,147.7192,1.6343,stand_3,179.5523,0.0,-0.0,0.0,-0.0,Sidewalk
567.5,150.2835,4.8824,1.39626,0.0,0.06981,147.7192,1.6343,stand_3,179.5607,0.0,0.06981,0.0,0.06981,Sidewalk
568.0,150.2835,4.8824,1.39626,0.0,-0.0,147.7192,1.6343,stand_3,179.5523,0.0,-0.0,0.0,-0.0,Sidewalk
568.5,150.2835,4.8824,1.43117,0.0,0.06981,147.7192,1.6343,stand_3,179.5607,0.0,0.06981,0.0,0.06981,Sidewalk
569.0,150.2835,4.8824,1.43117,0.0,-0.0,147.7192,1.6343,stand_3,179.5523,0.0,-0.0,0.0,-0.0,Sidewalk
569.5,150.2835,4.8824,1.46608,0.0,0.06981,147.7192,1.6343,stand_3,179.5607,0.0,0.06981,0.0,0.06981,Sidewalk
570.0,150.2835,4.8824,1.46608,0.0,-0.0,147.7192,1.6343,stand_3,179.5523,0.0,-0.0,0.0,-0.0,Sidewalk
570.5,150.2835,4.8824,1.50098,0.0,0.06981,147.7192,1.6343,stand_3,179.5607,0.0,0.06981,0.0,0.06981,Sidewalk
571.0,150.2835,4.8824,1.50098,0.0,-0.0,147.7192,1.6343,stand_3,179.5523,0.0,-0.0,0.0,-0.0,Sidewalk
571.5,150.2835,4.8824,1.53589,0.0,0.06981,147.7192,1.6343,stand_3,179.5607,0.0,0.06981,0.0,0.06981,Sidewalk
572.0,150.2835,4.8824,1.53589,0.0,-0.0,147.7192,1.6343,stand_3,179.5523,0.0,-0.0,0.0,-0.0,Sidewalk
572.5,150.2835,4.8824,1.5708,0.0,0.06981,147.7192,1.6343,stand_3,179.5607,0.0,0.06981,0.0,0.06981,Sidewalk
573.0,150.2835,4.8824,1.5708,0.0,-0.0,147.7192,1.6343,stand_3,179.5523,0.0,-0.0,0.0,-0.0,Sidewalk
573.5,150.2835,4.8824,1.6057,0.0,0.06981,147.7192,1.6343,stand_3,179.5607,0.0,0.06981,0.0,0.06981,Sidewalk
574.0,150.2835,4.8824,1.6057,0.0,-0.0,147.7192,1.6343,stand_3,179.5523,0.0,-0.0,0.0,-0.0,Sidewalk
574.5,150.2835,4.8824,1.64061,0.0,0.06981,147.7192,1.6343,stand_3,179.5607,0.0,0.06981,0.0,0.06981,Sidewalk
575.0,150.2835,4.8824,1.64061,0.0,-0.0,147.7192,1.6343,stand_3,179.5523,0.0,-0.0,0.0,-0.0,Sidewalk
575.5,150.2835,4.8824,1.67552,0.0,0.06981,147.7192,1.6343,stand_3,179.5607,0.0,0.06981,0.0,0.06981,Sidewalk
576.0,150.2835,4.8824,1.67552,0.0,-0.0,147.7192,1.6343,stand_3,179.5523,0.0,-0.0,0.0,-0.0,Sidewalk
576.5,150.2835,4.8824,1.71042,0.0,0.06981,147.7192,1.6343,stand_3,179.5607,0.0,0.06981,0.0,0.06981,Sidewalk
577.0,150.2835,4.8824,1.71042,0.0,-0.0,147.7192,1.6343,stand_3,179.5523,0.0,-0.0,0.0,-0.0,Sidewalk
577.5,150.2835,4.8824,1.74533,0.0,0.06981,147.7192,1.6343,stand_3,179.5607,0.0,0.06981,0.0,0.06981,Sidewalk
578.0,150.2835,4.8824,1.74533,0.0,-0.0,147.7192,1.6343,stand_3,179.5523,0.0,-0.0,0.0,-0.0,Sidewalk
578.5,150.2835,4.8824,1.78024,0.0,0.06981,147.7192,1.6343,stand_3,179.5607,0.0,0.06981,0.0,0.06981,Sidewalk
579.0,150.2835,4.8824,1.78024,0.0,-0.0,147.7192,1.6343,stand_3,179.5524,0.0,-0.0,0.0,-0.0,Sidewalk
579.5,150.2835,4.8824,1.81514,0.0,0.06981,147.7192,1.6343,stand_3,179.5607,0.0,0.06981,0.0,0.06981,Sidewalk
580.0,150.2835,4.8824,1.81514,0.0,-0.0,147.7192,1.6343,stand_3,179.5524,0.0,-0.0,0.0,-0.0,Sidewalk
580.5,150.2835,4.8824,1.85005,0.0,0.06981,147.7192,1.6343,stand_3,179.5607,0.0,0.06981,0.0,0.06981,Sidewalk
581.0,150.2835,4.8824,1.85005,0.0,-0.0,147.7192,1.6343,stand_3,179.5524,0.0,-0.0,0.0,-0.0,Sidewalk
581.5,150.2835,4.8824,1.88496,0.0,0.06981,147.7192,1.6343,stand_3,179.5607,0.0,0.06981,0.0,0.06981,Sidewalk
582.0,150.2835,4.8824,1.88496,0.0,-0.0,147.7192,1.6343,stand_3,179.5524,0.0,-0.0,0.0,-0.0,Sidewalk
582.5,150.2835,4.8824,1.91986,0.0,0.06981,147.7192,1.6343,stand_3,179.5607,0.0,0.06981,0.0,0.06981,Sidewalk
583.0,150.2835,4.8824,1.91986,0.0,-0.0,147.7192,1.6343,stand_3,179.5524,0.0,-0.0,0.0,-0.0,Sidewalk
583.5,150.2835,4.8824,1.95477,0.0,0.06981,147.7192,1.6343,stand_3,179.5607,0.0,0.06981,0.0,0.06981,Sidewalk
584.0,150.2835,4.8824,1.95477,0.0,-0.0,147.7192,1.6343,stand_3,179.5524,0.0,-0.0,0.0,-0.0,Sidewalk
584.5,150.2835,4.8824,1.98968,0.0,0.06981,147.7192,1.6343,stand_3,179.5608,0.0,0.06981,0.0,0.06981,Sidewalk
585.0,150.2835,4.8824,1.98968,0.0,-0.0,147.7192,1.6343,stand_3,179.5524,0.0,-0.0,0.0,-0.0,Sidewalk
585.5,150.2835,4.8824,2.02458,0.0,0.06981,147.7192,1.6343,stand_3,179.5608,0.0,0.06981,0.0,0.06981,Sidewalk
586.0,150.2835,4.8824,2.02458,0.0,-0.0,147.7192,1.6343,stand_3,179.5524,0.0,-0.0,0.0,-0.0,Sidewalk
586.5,150.2835,4.8824,2.05949,0.0,0.06981,147.7192,1.6343,stand_3,179.5608,0.0,0.06981,0.0,0.06981,Sidewalk
587.0,150.2835,4.8824,2.05949,0.0,-0.0,147.7192,1.6343,stand_3,179.5524,0.0,-0.0,0.0,-0.0,Sidewalk
587.5,150.2835,4.8824,2.0944,0.0,0.06981,147.7192,1.6343,stand_3,179.5608,0.0,0.06981,0.0,0.06981,Sidewalk
588.0,150.2835,4.8824,2.0944,0.0,-0.0,147.7192,1.6343,stand_3,179.5524,0.0,-0.0,0.0,-0.0,Sidewalk
588.5,150.2835,4.8824,2.1293,0.0,0.06981,147.7192,1.6343,stand_3,179.5608,0.0,0.06981,0.0,0.06981,Sidewalk
589.0,150.2835,4.8824,2.1293,0.0,-0.0,147.7192,1.6343,stand_3,179.5524,0.0,-0.0,0.0,-0.0,Sidewalk
589.5,150.2835,4.8824,2.16421,0.0,0.06981,147.7192,1.6343,stand_3,179.5608,0.0,0.06981,0.0,0.06981,Sidewalk
590.0,150.2835,4.8824,2.16421,0.0,-0.0,147.7192,1.6343,stand_3,179.5524,0.0,-0.0,0.0,-0.0,Sidewalk
590.5,150.2835,4.8824,2.19911,0.0,0.06981,147.7192,1.6343,stand_3,179.5608,0.0,0.06981,0.0,0.06981,Sidewalk
591.0,150.2835,4.8824,2.19911,0.0,-0.0,147.7192,1.6343,stand_3,179.5524,0.0,-0.0,0.0,-0.0,Sidewalk
591.5,150.2835,4.8824,2.23402,0.0,0.06981,147.7192,1.6343,stand_3,179.5608,0.0,0.06981,0.0,0.06981,Sidewalk
592.0,150.2835,4.8824,2.23402,0.0,-0.0,147.7192,1.6343,stand_3,179.5524,0.0,-0.0,0.0,-0.0,Sidewalk
592.5,150.2835,4.8824,2.26893,0.0,0.06981,147.7192,1.6343,stand_3,179.5608,0.0,0.06981,0.0,0.06981,Sidewalk
593.0,150.2835,4.8824,2.26893,0.0,-0.0,147.7192,1.6343,stand_3,179.5524,0.0,-0.0,0.0,-0.0,Sidewalk
593.5,150.2835,4.8824,2.30383,0.0,0.06981,147.7192,1.6343,stand_3,179.5608,0.0,0.06981,0.0,0.06981,Sidewalk
594.0,150.2835,4.8824,2.30383,0.0,-0.0,147.7192,1.6343,stand_3,179.5524,0.0,-0.0,0.0,-0.0,Sidewalk
594.5,150.2835,4.8824,2.33874,0.0,0.06981,147.7192,1.6343,stand_3,179.5608,0.0,0.06981,0.0,0.06981,Sidewalk
595.0,150.2835,4.8824,2.33874,0.0,-0.0,147.7192,1.6343,stand_3,179.5524,0.0,-0.0,0.0,-0.0,Sidewalk
595.5,150.2835,4.8824,2.37365,0.0,0.06981,147.7192,1.6343,stand_3,179.5608,0.0,0.06981,0.0,0.06981,Sidewalk
596.0,150.2835,4.8824,2.37365,0.0,-0.0,147.7192,1.6343,stand_3,179.5524,0.0,-0.0,0.0,-0.0,Sidewalk
596.5,150.2835,4.8824,2.40855,0.0,0.06981,147.7192,1.6343,stand_3,179.5608,0.0,0.06981,0.0,0.06981,Sidewalk
597.0,150.2835,4.8824,2.40855,0.0,-0.0,147.7192,1.6343,stand_3,179.5524,0.0,-0.0,0.0,-0.0,Sidewalk
597.5,150.2835,4.8824,2.44346,0.0,0.06981,147.7192,1.6343,stand_3,179.5608,0.0,0.06981,0.0,0.06981,Sidewalk
598.0,150.2835,4.8824,2.44346,0.0,-0.0,147.7192,1.6343,stand_3,179.5524,0.0,-0.0,0.0,-0.0,Sidewalk
598.5,150.2835,4.8824,2.47837,0.0,0.06981,147.7192,1.6343,stand_3,179.5608,0.0,0.06981,0.0,0.06981,Sidewalk
599.0,150.2835,4.8824,2.47837,0.0,-0.0,147.7192,1.6343,stand_3,179.5524,0.0,-0.0,0.0,-0.0,Sidewalk
599.5,150.2835,4.8824,2.51327,0.0,0.06981,147.7192,1.6343,stand_3,179.5608,0.0,0.06981,0.0,0.06981,Sidewalk
600.0,150.2835,4.8824,2.51327,0.0,-0.0,147.7192,1.6342,stand_3,179.5524,0.0,-0.0,0.0,-0.0,Sidewalk
600.5,150.2835,4.8824,2.54818,0.0,0.06981,147.7192,1.6342,stand_3,179.5608,0.0,0.06981,0.0,0.06981,Sidewalk
601.0,150.2835,4.8824,2.54818,0.0,-0.0,147.7192,1.6342,stand_3,179.5524,0.0,-0.0,0.0,-0.0,Sidewalk
601.5,150.2835,4.8824,2.58309,0.0,0.06981,147.7192,1.6342,stand_3,179.5608,0.0,0.06981,0.0,0.06981,Sidewalk
602.0,150.2835,4.8824,2.58309,0.0,-0.0,147.7192,1.6342,stand_3,179.5525,0.0,-0.0,0.0,-0.0,Sidewalk
602.5,150.2835,4.8824,2.61799,0.0,0.06981,147.7192,1.6342,stand_3,179.5608,0.0,0.06981,0.0,0.06981,Sidewalk
603.0,150.2835,4.8824,2.61799,0.0,-0.0,147.7192,1.6342,stand_3,179.5525,0.0,-0.0,0.0,-0.0,Sidewalk
603.5,150.2835,4.8824,2.6529,0.0,0.06981,147.7192,1.6342,stand_3,179.5608,0.0,0.06981,0.0,0.06981,Sidewalk
604.0,150.2835,4.8824,2.6529,0.0,-0.0,147.7192,1.6342,stand_3,179.5525,0.0,-0.0,0.0,-0.0,Sidewalk
604.5,150.2835,4.8824,2.68781,0.0,0.06981,147.7192,1.6342,stand_3,179.5608,0.0,0.06981,0.0,0.06981,Sidewalk
605.0,150.2835,4.8824,2.68781,0.0,-0.0,147.7192,1.6342,stand_3,179.5525,0.0,-0.0,0.0,-0.0,Sidewalk
605.5,150.2835,4.8824,2.72271,0.0,0.06981,147.7192,1.6342,stand_3,179.5608,0.0,0.06981,0.0,0.06981,Sidewalk
606.0,150.2835,4.8824,2.72271,0.0,-0.0,147.7192,1.6342,stand_3,179.5525,0.0,-0.0,0.0,-0.0,Sidewalk
606.5,150.2835,4.8824,2.75762,0.0,0.06981,147.7192,1.6342,stand_3,179.5608,0.0,0.06981,0.0,0.06981,Sidewalk
607.0,150.2835,4.8824,2.75762,0.0,-0.0,147.7192,1.6342,stand_3,179.5525,0.0,-0.0,0.0,-0.0,Sidewalk
607.5,150.2835,4.8824,2.79253,0.0,0.06981,147.7192,1.6342,stand_3,179.5609,0.0,0.06981,0.0,0.06981,Sidewalk
608.0,150.2835,4.8824,2.79253,0.0,-0.0,147.7192,1.6342,stand_3,179.5525,0.0,-0.0,0.0,-0.0,Sidewalk
608.5,150.2835,4.8824,2.82743,0.0,0.06981,147.7192,1.6342,stand_3,179.5609,0.0,0.06981,0.0,0.06981,Sidewalk
609.0,150.2835,4.8824,2.82743,0.0,-0.0,147.7192,1.6342,stand_3,179.5525,0.0,-0.0,0.0,-0.0,Sidewalk
609.5,150.2835,4.8824,2.86234,0.0,0.06981,147.7192,1.6342,stand_3,179.5609,0.0,0.06981,0.0,0.06981,Sidewalk
610.0,150.2835,4.8824,2.86234,0.0,-0.0,147.7192,1.6342,stand_3,179.5525,0.0,-0.0,0.0,-0.0,Sidewalk
610.5,150.2835,4.8824,2.89725,0.0,0.06981,147.7192,1.6342,stand_3,179.5609,0.0,0.06981,0.0,0.06981,Sidewalk
611.0,150.2835,4.8824,2.89725,0.0,-0.0,147.7192,1.6342,stand_3,179.5525,0.0,-0.0,0.0,-0.0,Sidewalk
611.5,150.2835,4.8824,2.93215,0.0,0.06981,147.7192,1.6342,stand_3,179.5609,0.0,0.06981,0.0,0.06981,Sidewalk
612.0,150.2835,4.8824,2.93215,0.0,-0.0,147.7192,1.6342,stand_3,179.5525,0.0,-0.0,0.0,-0.0,Sidewalk
612.5,150.2835,4.8824,2.96706,0.0,0.06981,147.7192,1.6342,stand_3,179.5609,0.0,0.06981,0.0,0.06981,Sidewalk
613.0,150.2835,4.8824,2.96706,0.0,-0.0,147.7192,1.6342,stand_3,179.5525,0.0,-0.0,0.0,-0.0,Sidewalk
613.5,150.2835,4.8824,3.00197,0.0,0.06981,147.7192,1.6342,stand_3,179.5609,0.0,0.06981,0.0,0.06981,Sidewalk
614.0,150.2835,4.8824,3.00197,0.0,-0.0,147.7192,1.6342,stand_3,179.5525,0.0,-0.0,0.0,-0.0,Sidewalk
614.5,150.2835,4.8824,3.03687,0.0,0.06981,147.7192,1.6342,stand_3,179.5609,0.0,0.06981,0.0,0.06981,Sidewalk
615.0,150.2835,4.8824,3.03687,0.0,-0.0,147.7192,1.6342,stand_3,179.5525,0.0,-0.0,0.0,-0.0,Sidewalk
615.5,150.2835,4.8824,3.07178,0.0,0.06981,147.7192,1.6342,stand_3,179.5609,0.0,0.06981,0.0,0.06981,Sidewalk
616.0,150.2835,4.8824,3.07178,0.0,-0.0,147.7192,1.6342,stand_3,179.5525,0.0,-0.0,0.0,-0.0,Sidewalk
616.5,150.2835,4.8824,3.10669,0.0,0.06981,147.7192,1.6342,stand_3,179.5609,0.0,0.06981,0.0,0.06981,Sidewalk
617.0,150.2835,4.8824,3.10669,0.0,-0.0,147.7192,1.6342,stand_3,179.5525,0.0,-0.0,0.0,-0.0,Sidewalk
617.5,150.2835,4.8824,3.14159,0.0,0.06981,147.7192,1.6342,stand_3,179.5609,0.0,0.06981,0.0,0.06981,Sidewalk
618.0,150.2835,4.8824,3.14159,0.0,-0.0,147.7192,1.6342,stand_3,179.5525,0.0,-0.0,0.0,-0.0,Sidewalk
618.5,150.2835,4.8824,-3.10669,0.0,0.06981,147.7192,1.6342,stand_3,179.5609,0.0,0.06981,0.0,0.06981,Sidewalk
619.0,150.2835,4.8824,-3.10669,0.0,-0.0,147.7192,1.6342,stand_3,179.5525,0.0,-0.0,0.0,-0.0,Sidewalk
619.5,150.2835,4.8824,-3.07178,0.0,0.06981,147.7192,1.6342,stand_3,179.5609,0.0,0.06981,0.0,0.06981,Sidewalk
620.0,150.2835,4.8824,-3.07178,0.0,-0.0,147.7192,1.6342,stand_3,179.5525,0.0,-0.0,0.0,-0.0,Sidewalk
620.5,150.2835,4.8824,-3.03687,0.0,0.06981,147.7192,1.6342,stand_3,179.5609,0.0,0.06981,0.0,0.06981,Sidewalk
621.0,150.2835,4.8824,-3.03687,0.0,-0.0,147.7192,1.6342,stand_3,179.5525,0.0,-0.0,0.0,-0.0,Sidewalk
621.5,150.2835,4.8824,-3.00197,0.0,0.06981,147.7192,1.6342,stand_3,179.5609,0.0,0.06981,0.0,0.06981,Sidewalk
622.0,150.2835,4.8824,-3.00197,0.0,-0.0,147.7192,1.6342,stand_3,179.5525,0.0,-0.0,0.0,-0.0,Sidewalk
622.5,150.2835,4.8824,-2.96706,0.0,0.06981,147.7192,1.6342,stand_3,179.5609,0.0,0.06981,0.0,0.06981,Sidewalk
623.0,150.2835,4.8824,-2.96706,0.0,-0.0,147.7192,1.6342,stand_3,179.5525,0.0,-0.0,0.0,-0.0,Sidewalk
623.5,150.2835,4.8824,-2.93215,0.0,0.06981,147.7192,1.6342,stand_3,179.5609,0.0,0.06981,0.0,0.06981,Sidewalk
624.0,150.2835,4.8824,-2.93215,0.0,-0.0,147.7192,1.6342,stand_3,179.5526,0.0,-0.0,0.0,-0.0,Sidewalk
624.5,150.2835,4.8824,-2.89725,0.0,0.06981,147.7192,1.6342,stand_3,179.5609,0.0,0.06981,0.0,0.06981,Sidewalk
625.0,150.2835,4.8824,-2.89725,0.0,-0.0,147.7192,1.6342,stand_3,179.5526,0.0,-0.0,0.0,-0.0,Sidewalk
625.5,150.2835,4.8824,-2.86234,0.0,0.06981,147.7192,1.6342,stand_3,179.5609,0.0,0.06981,0.0,0.06981,Sidewalk
626.0,150.2835,4.8824,-2.86234,0.0,-0.0,147.7192,1.6342,stand_3,179.5526,0.0,-0.0,0.0,-0.0,Sidewalk
626.5,150.2835,4.8824,-2.82743,0.0,0.06981,147.7192,1.6342,stand_3,179.5609,0.0,0.06981,0.0,0.06981,Sidewalk
627.0,150.2835,4.8824,-2.82743,0.0,-0.0,147.7192,1.6342,stand_3,179.5526,0.0,-0.0,0.0,-0.0,Sidewalk
627.5,150.2835,4.8824,-2.79253,0.0,0.06981,147.7192,1.6342,stand_3,179.5609,0.0,0.06981,0.0,0.06981,Sidewalk
628.0,150.2835,4.8824,-2.79253,0.0,-0.0,147.7192,1.6342,stand_3,179.5526,0.0,-0.0,0.0,-0.0,Sidewalk
628.5,150.2835,4.8824,-2.75762,0.0,0.06981,147.7192,1.6342,stand_3,179.5609,0.0,0.06981,0.0,0.06981,Sidewalk
629.0,150.2835,4.8824,-2.75762,0.0,-0.0,147.7192,1.6342,stand_3,179.5526,0.0,-0.0,0.0,-0.0,Sidewalk
629.5,150.2835,4.8824,-2.72271,0.0,0.06981,147.7192,1.6342,stand_3,179.561,0.0,0.06981,0.0,0.06981,Sidewalk
630.0,150.2835,4.8824,-2.72271,0.0,-0.0,147.7192,1.6342,stand_3,179.5526,0.0,-0.0,0.0,-0.0,Sidewalk
630.5,150.2835,4.8824,-2.68781,0.0,0.06981,147.7192,1.6342,stand_3,179.561,0.0,0.06981,0.0,0.06981,Sidewalk
631.0,150.2835,4.8824,-2.68781,0.0,-0.0,147.7192,1.6342,stand_3,179.5526,0.0,-0.0,0.0,-0.0,Sidewalk
631.5,150.2835,4.8824,-2.6529,0.0,0.06981,147.7192,1.6342,stand_3,179.561,0.0,0.06981,0.0,0.06981,Sidewalk
632.0,150.2835,4.8824,-2.6529,0.0,-0.0,147.7192,1.6342,stand_3,179.5526,0.0,-0.0,0.0,-0.0,Sidewalk
632.5,150.2835,4.8824,-2.61799,0.0,0.06981,147.7192,1.6342,stand_3,179.561,0.0,0.06981,0.0,0.06981,Sidewalk
633.0,150.2835,4.8824,-2.61799,0.0,-0.0,147.7192,1.6342,stand_3,179.5526,0.0,-0.0,0.0,-0.0,Sidewalk
633.5,150.2835,4.8824,-2.58309,0.0,0.06981,147.7192,1.6342,stand_3,179.561,0.0,0.06981,0.0,0.06981,Sidewalk
634.0,150.2835,4.8824,-2.58309,0.0,-0.0,147.7192,1.6342,stand_3,179.5526,0.0,-0.0,0.0,-0.0,Sidewalk
634.5,150.2835,4.8824,-2.54818,0.0,0.06981,147.7192,1.6342,stand_3,179.561,0.0,0.06981,0.0,0.06981,Sidewalk
635.0,150.2835,4.8824,-2.54818,0.0,-0.0,147.7192,1.6342,stand_3,179.5526,0.0,-0.0,0.0,-0.0,Sidewalk
635.5,150.2835,4.8824,-2.51327,0.0,0.06981,147.7192,1.6342,stand_3,179.561,0.0,0.06981,0.0,0.06981,Sidewalk
636.0,150.2835,4.8824,-2.51327,0.0,-0.0,147.7192,1.6342,stand_3,179.5526,0.0,-0.0,0.0,-0.0,Sidewalk
636.5,150.2835,4.8824,-2.47837,0.0,0.06981,147.7192,1.6342,stand_3,179.561,0.0,0.06981,0.0,0.06981,Sidewalk
637.0,150.2835,4.8824,-2.47837,0.0,-0.0,147.7192,1.6342,stand_3,179.5526,0.0,-0.0,0.0,-0.0,Sidewalk
637.5,150.2835,4.8824,-2.44346,0.0,0.06981,147.7192,1.6341,stand_3,179.561,0.0,0.06981,0.0,0.06981,Sidewalk
638.0,150.2835,4.8824,-2.44346,0.0,-0.0,147.7192,1.6341,stand_3,179.5526,0.0,-0.0,0.0,-0.0,Sidewalk
638.5,150.2835,4.8824,-2.40855,0.0,0.06981,147.7192,1.6341,stand_3,179.561,0.0,0.06981,0.0,0.06981,Sidewalk
639.0,150.2835,4.8824,-2.40855,0.0,-0.0,147.7192,1.6341,stand_3,179.5526,0.0,-0.0,0.0,-0.0,Sidewalk
639.5,150.2835,4.8824,-2.37365,0.0,0.06981,147.7192,1.6341,stand_3,179.561,0.0,0.06981,0.0,0.06981,Sidewalk
640.0,150.2835,4.8824,-2.37365,0.0,-0.0,147.7192,1.6341,stand_3,179.5526,0.0,-0.0,0.0,-0.0,Sidewalk
640.5,150.2835,4.8824,-2.33874,0.0,0.06981,147.7192,1.6341,stand_3,179.561,0.0,0.06981,0.0,0.06981,Sidewalk
641.0,150.2835,4.8824,-2.33874,0.0,-0.0,147.7192,1.6341,stand_3,179.5526,0.0,-0.0,0.0,-0.0,Sidewalk
641.5,150.2835,4.8824,-2.30383,0.0,0.06981,147.7192,1.6341,stand_3,179.561,0.0,0.06981,0.0,0.06981,Sidewalk
642.0,150.2835,4.8824,-2.30383,0.0,-0.0,147.7192,1.6341,stand_3,179.5526,0.0,-0.0,0.0,-0.0,Sidewalk
642.5,150.2835,4.8824,-2.26893,0.0,0.06981,147.7192,1.6341,stand_3,179.561,0.0,0.06981,0.0,0.06981,Sidewalk
643.0,150.2835,4.8824,-2.26893,0.0,-0.0,147.7192,1.6341,stand_3,179.5526,0.0,-0.0,0.0,-0.0,Sidewalk
643.5,150.2835,4.8824,-2.23402,0.0,0.06981,147.7192,1.6341,stand_3,179.561,0.0,0.06981,0.0,0.06981,Sidewalk
644.0,150.2835,4.8824,-2.23402,0.0,-0.0,147.7192,1.6341,stand_3,179.5526,0.0,-0.0,0.0,-0.0,Sidewalk
644.5,150.2835,4.8824,-2.19911,0.0,0.06981,147.7192,1.6341,stand_3,179.561,0.0,0.06981,0.0,0.06981,Sidewalk
645.0,150.2835,4.8824,-2.19911,0.0,-0.0,147.7192,1.6341,stand_3,179.5526,0.0,-0.0,0.0,-0.0,Sidewalk
645.5,150.2835,4.8824,-2.16421,0.0,0.06981,147.7192,1.6341,stand_3,179.561,0.0,0.06981,0.0,0.06981,Sidewalk
646.0,150.2835,4.8824,-2.16421,0.0,-0.0,147.7192,1.6341,stand_3,179.5526,0.0,-0.0,0.0,-0.0,Sidewalk
646.5,150.2835,4.8824,-2.1293,0.0,0.06981,147.7192,1.6341,stand_3,179.561,0.0,0.06981,0.0,0.06981,Sidewalk
647.0,150.2835,4.8824,-2.1293,0.0,-0.0,147.7192,1.6341,stand_3,179.5527,0.0,-0.0,0.0,-0.0,Sidewalk
647.5,150.2835,4.8824,-2.0944,0.0,0.06981,147.7192,1.6341,stand_3,179.561,0.0,0.06981,0.0,0.06981,Sidewalk
648.0,150.2835,4.8824,-2.0944,0.0,-0.0,147.7192,1.6341,stand_3,179.5527,0.0,-0.0,0.0,-0.0,Sidewalk
648.5,150.2835,4.8824,-2.05949,0.0,0.06981,147.7192,1.6341,stand_3,179.561,0.0,0.06981,0.0,0.06981,Sidewalk
649.0,150.2835,4.8824,-2.05949,0.0,-0.0,147.7192,1.6341,stand_3,179.5527,0.0,-0.0,0.0,-0.0,Sidewalk
649.5,150.2835,4.8824,-2.02458,0.0,0.06981,147.7192,1.6341,stand_3,179.561,0.0,0.06981,0.0,0.06981,Sidewalk
650.0,150.2835,4.8824,-2.02458,0.0,-0.0,147.7192,1.6341,stand_3,179.5527,0.0,-0.0,0.0,-0.0,Sidewalk
650.5,150.2835,4.8824,-1.98968,0.0,0.06981,147.7192,1.6341,stand_3,179.561,0.0,0.06981,0.0,0.06981,Sidewalk
651.0,150.2835,4.8824,-1.98968,0.0,-0.0,147.7192,1.6341,stand_3,179.5527,0.0,-0.0,0.0,-0.0,Sidewalk
651.5,150.2835,4.8824,-1.95477,0.0,0.06981,147.7192,1.6341,stand_3,179.561,0.0,0.06981,0.0,0.06981,Sidewalk
652.0,150.2835,4.8824,-1.95477,0.0,-0.0,147.7192,1.6341,stand_3,179.5527,0.0,-0.0,0.0,-0.0,Sidewalk
652.5,150.2835,4.8824,-1.91986,0.0,0.06981,147.7192,1.6341,stand_3,179.5611,0.0,0.06981,0.0,0.06981,Sidewalk
653.0,150.2835,4.8824,-1.91986,0.0,-0.0,147.7192,1.6341,stand_3,179.5527,0.0,-0.0,0.0,-0.0,Sidewalk
653.5,150.2835,4.8824,-1.88496,0.0,0.06981,147.7192,1.6341,stand_3,179.5611,0.0,0.06981,0.0,0.06981,Sidewalk
654.0,150.2835,4.8824,-1.88496,0.0,-0.0,147.7192,1.6341,stand_3,179.5527,0.0,-0.0,0.0,-0.0,Sidewalk
654.5,150.2835,4.8824,-1.85005,0.0,0.06981,147.7192,1.6341,stand_3,179.5611,0.0,0.06981,0.0,0.06981,Sidewalk
655.0,150.2835,4.8824,-1.85005,0.0,-0.0,147.7192,1.6341,stand_3,179.5527,0.0,-0.0,0.0,-0.0,Sidewalk
655.5,150.2835,4.8824,-1.81514,0.0,0.06981,147.7192,1.6341,stand_3,179.5611,0.0,0.06981,0.0,0.06981,Sidewalk
656.0,150.2835,4.8824,-1.81514,0.0,-0.0,147.7192,1.6341,stand_3,179.5527,0.0,-0.0,0.0,-0.0,Sidewalk
656.5,150.2835,4.8824,-1.78024,0.0,0.06981,147.7192,1.6341,stand_3,179.5611,0.0,0.06981,0.0,0.06981,Sidewalk
657.0,150.2835,4.8824,-1.78024,0.0,-0.0,147.7192,1.6341,stand_3,179.5527,0.0,-0.0,0.0,-0.0,Sidewalk
657.5,150.2835,4.8824,-1.74533,0.0,0.06981,147.7192,1.6341,stand_3,179.5611,0.0,0.06981,0.0,0.06981,Sidewalk
658.0,150.2835,4.8824,-1.74533,0.0,-0.0,147.7192,1.6341,stand_3,179.5527,0.0,-0.0,0.0,-0.0,Sidewalk
658.5,150.2835,4.8824,-1.71042,0.0,0.06981,147.7192,1.6341,stand_3,179.5611,0.0,0.06981,0.0,0.06981,Sidewalk
659.0,150.2835,4.8824,-1.71042,0.0,-0.0,147.7192,1.6341,stand_3,179.5527,0.0,-0.0,0.0,-0.0,Sidewalk
659.5,150.2835,4.8824,-1.67552,0.0,0.06981,147.7192,1.6341,stand_3,179.5611,0.0,0.06981,0.0,0.06981,Sidewalk
660.0,150.2835,4.8824,-1.67552,0.0,-0.0,147.7192,1.6341,stand_3,179.5527,0.0,-0.0,0.0,-0.0,Sidewalk
660.5,150.2835,4.8824,-1.64061,0.0,0.06981,147.7192,1.6341,stand_3,179.5611,0.0,0.06981,0.0,0.06981,Sidewalk
661.0,150.2835,4.8824,-1.64061,0.0,-0.0,147.7192,1.6341,stand_3,179.5527,0.0,-0.0,0.0,-0.0,Sidewalk
661.5,150.2835,4.8824,-1.6057,0.0,0.06981,147.7192,1.6341,stand_3,179.5611,0.0,0.06981,0.0,0.06981,Sidewalk
662.0,150.2835,4.8824,-1.6057,0.0,-0.0,147.7192,1.6341,stand_3,179.5527,0.0,-0.0,0.0,-0.0,Sidewalk
662.5,150.2835,4.8824,-1.5708,0.0,0.06981,147.7192,1.6341,stand_3,179.5611,0.0,0.06981,0.0,0.06981,Sidewalk
663.0,150.2835,4.8824,-1.5708,0.0,-0.0,147.7192,1.6341,stand_3,179.5527,0.0,-0.0,0.0,-0.0,Sidewalk
663.5,150.2835,4.8824,-1.53589,0.0,0.06981,147.7192,1.6341,stand_3,179.5611,0.0,0.06981,0.0,0.06981,Sidewalk
664.0,150.2835,4.8824,-1.53589,0.0,-0.0,147.7192,1.6341,stand_3,179.5527,0.0,-0.0,0.0,-0.0,Sidewalk
664.5,150.2835,4.8824,-1.50098,0.0,0.06981,147.7192,1.6341,stand_3,179.5611,0.0,0.06981,0.0,0.06981,Sidewalk
665.0,150.2835,4.8824,-1.50098,0.0,-0.0,147.7192,1.6341,stand_3,179.5527,0.0,-0.0,0.0,-0.0,Sidewalk
665.5,150.2835,4.8824,-1.46608,0.0,0.06981,147.7192,1.6341,stand_3,179.5611,0.0,0.06981,0.0,0.06981,Sidewalk
666.0,150.2835,4.8824,-1.46608,0.0,-0.0,147.7192,1.6341,stand_3,179.5527,0.0,-0.0,0.0,-0.0,Sidewalk
666.5,150.2835,4.8824,-1.43117,0.0,0.06981,147.7192,1.6341,stand_3,179.5611,0.0,0.06981,0.0,0.06981,Sidewalk
667.0,150.2835,4.8824,-1.43117,0.0,-0.0,147.7192,1.6341,stand_3,179.5527,0.0,-0.0,0.0,-0.0,Sidewalk
667.5,150.2835,4.8824,-1.39626,0.0,0.06981,147.7192,1.6341,stand_3,179.5611,0.0,0.06981,0.0,0.06981,Sidewalk
668.0,150.2835,4.8824,-1.39626,0.0,-0.0,147.7192,1.6341,stand_3,179.5527,0.0,-0.0,0.0,-0.0,Sidewalk
668.5,150.2835,4.8824,-1.36136,0.0,0.06981,147.7192,1.6341,stand_3,179.5611,0.0,0.06981,0.0,0.06981,Sidewalk
669.0,150.2835,4.8824,-1.36136,0.0,-0.0,147.7192,1.6341,stand_3,179.5527,0.0,-0.0,0.0,-0.0,Sidewalk
669.5,150.2835,4.8824,-1.32645,0.0,0.06981,147.7192,1.6341,stand_3,179.5611,0.0,0.06981,0.0,0.06981,Sidewalk
670.0,150.2835,4.8824,-1.32645,0.0,-0.0,147.7192,1.6341,stand_3,179.5528,0.0,-0.0,0.0,-0.0,Sidewalk
670.5,150.2835,4.8824,-1.29154,0.0,0.06981,147.7192,1.6341,stand_3,179.5611,0.0,0.06981,0.0,0.06981,Sidewalk
671.0,150.2835,4.8824,-1.29154,0.0,-0.0,147.7192,1.6341,stand_3,179.5528,0.0,-0.0,0.0,-0.0,Sidewalk
671.5,150.2835,4.8824,-1.25664,0.0,0.06981,147.7192,1.6341,stand_3,179.5611,0.0,0.06981,0.0,0.06981,Sidewalk
672.0,150.2835,4.8824,-1.25664,0.0,-0.0,147.7192,1.6341,stand_3,179.5528,0.0,-0.0,0.0,-0.0,Sidewalk
672.5,150.2835,4.8824,-1.22173,0.0,0.06981,147.7192,1.6341,stand_3,179.5611,0.0,0.06981,0.0,0.06981,Sidewalk
673.0,150.2835,4.8824,-1.22173,0.0,-0.0,147.7192,1.6341,stand_3,179.5528,0.0,-0.0,0.0,-0.0,Sidewalk
673.5,150.2835,4.8824,-1.18682,0.0,0.06981,147.7192,1.6341,stand_3,179.5611,0.0,0.06981,0.0,0.06981,Sidewalk
674.0,150.2835,4.8824,-1.18682,0.0,-0.0,147.7192,1.6341,stand_3,179.5528,0.0,-0.0,0.0,-0.0,Sidewalk
674.5,150.2835,4.8824,-1.15192,0.0,0.06981,147.7192,1.6341,stand_3,179.5611,0.0,0.06981,0.0,0.06981,Sidewalk
675.0,150.2835,4.8824,-1.15192,0.0,-0.0,147.7192,1.6341,stand_3,179.5528,0.0,-0.0,0.0,-0.0,Sidewalk
675.5,150.2835,4.8824,-1.11701,0.0,0.06981,147.7192,1.6341,stand_3,179.5611,0.0,0.06981,0.0,0.06981,Sidewalk
676.0,150.2835,4.8824,-1.11701,0.0,-0.0,147.7192,1.634,stand_3,179.5528,0.0,-0.0,0.0,-0.0,Sidewalk
676.5,150.2835,4.8824,-1.0821,0.0,0.06981,147.7192,1.634,stand_3,179.5612,0.0,0.06981,0.0,0.06981,Sidewalk
677.0,150.2835,4.8824,-1.0821,0.0,-0.0,147.7192,1.634,stand_3,179.5528,0.0,-0.0,0.0,-0.0,Sidewalk
677.5,150.2835,4.8824,-1.0472,0.0,0.06981,147.7192,1.634,stand_3,179.5612,0.0,0.06981,0.0,0.06981,Sidewalk
678.0,150.2835,4.8824,-1.0472,0.0,-0.0,147.7192,1.634,stand_3,179.5528,0.0,-0.0,0.0,-0.0,Sidewalk
678.5,150.2835,4.8824,-1.01229,0.0,0.06981,147.7192,1.634,stand_3,179.5612,0.0,0.06981,0.0,0.06981,Sidewalk
679.0,150.2835,4.8824,-1.01229,0.0,-0.0,147.7192,1.634,stand_3,179.5528,0.0,-0.0,0.0,-0.0,Sidewalk
679.5,150.2835,4.8824,-0.97738,0.0,0.06981,147.7192,1.634,stand_3,179.5612,0.0,0.06981,0.0,0.06981,Sidewalk
680.0,150.2835,4.8824,-0.97738,0.0,-0.0,147.7192,1.634,stand_3,179.5528,0.0,-0.0,0.0,-0.0,Sidewalk
680.5,150.2835,4.8824,-0.94248,0.0,0.06981,147.7192,1.634,stand_3,179.5612,0.0,0.06981,0.0,0.06981,Sidewalk
681.0,150.2835,4.8824,-0.94248,0.0,-0.0,147.7192,1.634,stand_3,179.5528,0.0,-0.0,0.0,-0.0,Sidewalk
681.5,150.2835,4.8824,-0.90757,0.0,0.06981,147.7192,1.634,stand_3,179.5612,0.0,0.06981,0.0,0.06981,Sidewalk
682.0,150.2835,4.8824,-0.90757,0.0,-0.0,147.7192,1.634,stand_3,179.5528,0.0,-0.0,0.0,-0.0,Sidewalk
682.5,150.2835,4.8824,-0.87266,0.0,0.06981,147.7192,1.634,stand_3,179.5612,0.0,0.06981,0.0,0.06981,Sidewalk
683.0,150.2835,4.8824,-0.87266,0.0,-0.0,147.7192,1.634,stand_3,179.5528,0.0,-0.0,0.0,-0.0,Sidewalk
683.5,150.2835,4.8824,-0.83776,0.0,0.06981,147.7192,1.634,stand_3,179.5612,0.0,0.06981,0.0,0.06981,Sidewalk
684.0,150.2835,4.8824,-0.83776,0.0,-0.0,147.7192,1.634,stand_3,179.5528,0.0,-0.0,0.0,-0.0,Sidewalk
684.5,150.2835,4.8824,-0.80285,0.0,0.06981,147.7192,1.634,stand_3,179.5612,0.0,0.06981,0.0,0.06981,Sidewalk
685.0,150.2835,4.8824,-0.80285,0.0,-0.0,147.7192,1.634,stand_3,179.5528,0.0,-0.0,0.0,-0.0,Sidewalk
685.5,150.2835,4.8824,-0.76794,0.0,0.06981,147.7192,1.634,stand_3,179.5612,0.0,0.06981,0.0,0.06981,Sidewalk
686.0,150.2835,4.8824,-0.76794,0.0,-0.0,147.7192,1.634,stand_3,179.5528,0.0,-0.0,0.0,-0.0,Sidewalk
686.5,150.2835,4.8824,-0.73304,0.0,0.06981,147.7192,1.634,stand_3,179.5612,0.0,0.06981,0.0,0.06981,Sidewalk
687.0,150.2835,4.8824,-0.73304,0.0,-0.0,147.7192,1.634,stand_3,179.5528,0.0,-0.0,0.0,-0.0,Sidewalk
687.5,150.2835,4.8824,-0.69813,0.0,0.06981,147.7192,1.634,stand_3,179.5612,0.0,0.06981,0.0,0.06981,Sidewalk
688.0,150.2835,4.8824,-0.69813,0.0,-0.0,147.7192,1.634,stand_3,179.5528,0.0,-0.0,0.0,-0.0,Sidewalk
688.5,150.2835,4.8824,-0.66323,0.0,0.06981,147.7192,1.634,stand_3,179.5612,0.0,0.06981,0.0,0.06981,Sidewalk
689.0,150.2835,4.8824,-0.66323,0.0,-0.0,147.7192,1.634,stand_3,179.5528,0.0,-0.0,0.0,-0.0,Sidewalk
689.5,150.2835,4.8824,-0.62832,0.0,0.06981,147.7192,1.634,stand_3,179.5612,0.0,0.06981,0.0,0.06981,Sidewalk
690.0,150.2835,4.8824,-0.62832,0.0,-0.0,147.7192,1.634,stand_3,179.5528,0.0,-0.0,0.0,-0.0,Sidewalk
690.5,150.2835,4.8824,-0.59341,0.0,0.06981,147.7192,1.634,stand_3,179.5612,0.0,0.06981,0.0,0.06981,Sidewalk
691.0,150.2835,4.8824,-0.59341,0.0,-0.0,147.7192,1.634,stand_3,179.5528,0.0,-0.0,0.0,-0.0,Sidewalk
691.5,150.2835,4.8824,-0.55851,0.0,0.06981,147.7192,1.634,stand_3,179.5612,0.0,0.06981,0.0,0.06981,Sidewalk
692.0,150.2835,4.8824,-0.55851,0.0,-0.0,147.7192,1.634,stand_3,179.5528,0.0,-0.0,0.0,-0.0,Sidewalk
692.5,150.2835,4.8824,-0.5236,0.0,0.06981,147.7192,1.634,stand_3,179.5612,0.0,0.06981,0.0,0.06981,Sidewalk
693.0,150.2835,4.8824,-0.5236,0.0,-0.0,147.7192,1.634,stand_3,179.5528,0.0,-0.0,0.0,-0.0,Sidewalk
693.5,150.2835,4.8824,-0.48869,0.0,0.06981,147.7192,1.634,stand_3,179.5612,0.0,0.06981,0.0,0.06981,Sidewalk
694.0,150.2835,4.8824,-0.48869,0.0,-0.0,147.7192,1.634,stand_3,179.5528,0.0,-0.0,0.0,-0.0,Sidewalk
694.5,150.2835,4.8824,-0.45379,0.0,0.06981,147.7192,1.634,stand_3,179.5612,0.0,0.06981,0.0,0.06981,Sidewalk
695.0,150.2835,4.8824,-0.45379,0.0,-0.0,147.7192,1.634,stand_3,179.5529,0.0,-0.0,0.0,-0.0,Sidewalk
695.5,150.2835,4.8824,-0.41888,0.0,0.06981,147.7192,1.634,stand_3,179.5612,0.0,0.06981,0.0,0.06981,Sidewalk
696.0,150.2835,4.8824,-0.41888,0.0,-0.0,147.7192,1.634,stand_3,179.5529,0.0,-0.0,0.0,-0.0,Sidewalk
696.5,150.2835,4.8824,-0.38397,0.0,0.06981,147.7192,1.634,stand_3,179.5612,0.0,0.06981,0.0,0.06981,Sidewalk
697.0,150.2835,4.8824,-0.38397,0.0,-0.0,147.7192,1.634,stand_3,179.5529,0.0,-0.0,0.0,-0.0,Sidewalk
697.5,150.2835,4.8824,-0.34907,0.0,0.06981,147.7192,1.634,stand_3,179.5612,0.0,0.06981,0.0,0.06981,Sidewalk
698.0,150.2835,4.8824,-0.34907,0.0,-0.0,147.7192,1.634,stand_3,179.5529,0.0,-0.0,0.0,-0.0,Sidewalk
698.5,150.2835,4.8824,-0.31416,0.0,0.06981,147.7192,1.634,stand_3,179.5612,0.0,0.06981,0.0,0.06981,Sidewalk
699.0,150.2835,4.8824,-0.31416,0.0,-0.0,147.7192,1.634,stand_3,179.5529,0.0,-0.0,0.0,-0.0,Sidewalk
699.5,150.2835,4.8824,-0.27925,0.0,0.06981,147.7192,1.634,stand_3,179.5612,0.0,0.06981,0.0,0.06981,Sidewalk
700.0,150.2835,4.8824,-0.27925,0.0,-0.0,147.7192,1.634,stand_3,179.5529,0.0,-0.0,0.0,-0.0,Sidewalk
700.5,150.2835,4.8824,-0.24435,0.0,0.06981,147.7192,1.634,stand_3,179.5613,0.0,0.06981,0.0,0.06981,Sidewalk
701.0,150.2835,4.8824,-0.24435,0.0,-0.0,147.7192,1.634,stand_3,179.5529,0.0,-0.0,0.0,-0.0,Sidewalk
701.5,150.2835,4.8824,-0.20944,0.0,0.06981,147.7192,1.634,stand_3,179.5613,0.0,0.06981,0.0,0.06981,Sidewalk
702.0,150.2835,4.8824,-0.20944,0.0,-0.0,147.7192,1.634,stand_3,179.5529,0.0,-0.0,0.0,-0.0,Sidewalk
702.5,150.2835,4.8824,-0.17453,0.0,0.06981,147.7192,1.634,stand_3,179.5613,0.0,0.06981,0.0,0.06981,Sidewalk
703.0,150.2835,4.8824,-0.17453,0.0,-0.0,147.7192,1.634,stand_3,179.5529,0.0,-0.0,0.0,-0.0,Sidewalk
703.5,150.2835,4.8824,-0.13963,0.0,0.06981,147.7192,1.634,stand_3,179.5613,0.0,0.06981,0.0,0.06981,Sidewalk
704.0,150.2835,4.8824,-0.13963,0.0,-0.0,147.7192,1.634,stand_3,179.5529,0.0,-0.0,0.0,-0.0,Sidewalk
704.5,150.2835,4.8824,-0.10472,0.0,0.06981,147.7192,1.634,stand_3,179.5613,0.0,0.06981,0.0,0.06981,Sidewalk
705.0,150.2835,4.8824,-0.10472,0.0,-0.0,147.7192,1.634,stand_3,179.5529,0.0,-0.0,0.0,-0.0,Sidewalk
705.5,150.2835,4.8824,-0.06981,0.0,0.06981,147.7192,1.634,stand_3,179.5613,0.0,0.06981,0.0,0.06981,Sidewalk
706.0,150.2835,4.8824,-0.06981,0.0,-0.0,147.7192,1.634,stand_3,179.5529,0.0,-0.0,0.0,-0.0,Sidewalk
706.5,150.2835,4.8824,-0.03491,0.0,0.06981,147.7192,1.634,stand_3,179.5613,0.0,0.06981,0.0,0.06981,Sidewalk
707.0,150.2835,4.8824,-0.03491,0.0,-0.0,147.7192,1.634,stand_3,179.5529,0.0,-0.0,0.0,-0.0,Sidewalk
707.5,150.2835,4.8824,-0.0,0.0,0.06981,147.7192,1.634,stand_3,179.5613,0.0,0.06981,0.0,0.06981,Sidewalk
708.0,150.2835,4.8824,-0.0,0.0,-0.0,147.7192,1.634,stand_3,179.5529,0.0,-0.0,0.0,-0.0,Sidewalk
708.5,150.2835,4.8824,0.03491,0.0,0.06981,147.7192,1.634,stand_3,179.5613,0.0,0.06981,0.0,0.06981,Sidewalk
709.0,150.2835,4.8824,0.03491,0.0,-0.0,147.7192,1.634,stand_3,179.5529,0.0,-0.0,0.0,-0.0,Sidewalk
709.5,150.2835,4.8824,0.06981,0.0,0.06981,147.7192,1.634,stand_3,179.5613,0.0,0.06981,0.0,0.06981,Sidewalk
710.0,150.2835,4.8824,0.06981,0.0,-0.0,147.7192,1.634,stand_3,179.5529,0.0,-0.0,0.0,-0.0,Sidewalk
710.5,150.2835,4.8824,0.10472,0.0,0.06981,147.7192,1.634,stand_3,179.5613,0.0,0.06981,0.0,0.06981,Sidewalk
711.0,150.2835,4.8824,0.10472,0.0,-0.0,147.7192,1.634,stand_3,179.5529,0.0,-0.0,0.0,-0.0,Sidewalk
711.5,150.2835,4.8824,0.13963,0.0,0.06981,147.7192,1.634,stand_3,179.5613,0.0,0.06981,0.0,0.06981,Sidewalk
712.0,150.2835,4.8824,0.13963,0.0,-0.0,147.7192,1.634,stand_3,179.5529,0.0,-0.0,0.0,-0.0,Sidewalk
712.5,150.2835,4.8824,0.17453,0.0,0.06981,147.7192,1.634,stand_3,179.5613,0.0,0.06981,0.0,0.06981,Sidewalk
713.0,150.2835,4.8824,0.17453,0.0,-0.0,147.7192,1.634,stand_3,179.5529,0.0,-0.0,0.0,-0.0,Sidewalk
713.5,150.2835,4.8824,0.20944,0.0,0.06981,147.7192,1.634,stand_3,179.5613,0.0,0.06981,0.0,0.06981,Sidewalk
714.0,150.2835,4.8824,0.20944,0.0,-0.0,147.7192,1.634,stand_3,179.5529,0.0,-0.0,0.0,-0.0,Sidewalk
714.5,150.2835,4.8824,0.24435,0.0,0.06981,147.7192,1.634,stand_3,179.5613,0.0,0.06981,0.0,0.06981,Sidewalk
715.0,150.2835,4.8824,0.24435,0.0,-0.0,147.7192,1.6339,stand_3,179.5529,0.0,-0.0,0.0,-0.0,Sidewalk
715.5,150.2835,4.8824,0.27925,0.0,0.06981,147.7192,1.6339,stand_3,179.5613,0.0,0.06981,0.0,0.06981,Sidewalk
716.0,150.2835,4.8824,0.27925,0.0,-0.0,147.7192,1.6339,stand_3,179.5529,0.0,-0.0,0.0,-0.0,Sidewalk
716.5,150.2835,4.8824,0.31416,0.0,0.06981,147.7192,1.6339,stand_3,179.5613,0.0,0.06981,0.0,0.06981,Sidewalk
717.0,150.2835,4.8824,0.31416,0.0,-0.0,147.7192,1.6339,stand_3,179.5529,0.0,-0.0,0.0,-0.0,Sidewalk
717.5,150.2835,4.8824,0.34907,0.0,0.06981,147.7192,1.6339,stand_3,179.5613,0.0,0.06981,0.0,0.06981,Sidewalk
718.0,150.2835,4.8824,0.34907,0.0,-0.0,147.7192,1.6339,stand_3,179.5529,0.0,-0.0,0.0,-0.0,Sidewalk
718.5,150.2835,4.8824,0.38397,0.0,0.06981,147.7192,1.6339,stand_3,179.5613,0.0,0.06981,0.0,0.06981,Sidewalk
719.0,150.2835,4.8824,0.38397,0.0,-0.0,147.7192,1.6339,stand_3,179.553,0.0,-0.0,0.0,-0.0,Sidewalk
719.5,150.2835,4.8824,0.41888,0.0,0.06981,147.7192,1.6339,stand_3,179.5613,0.0,0.06981,0.0,0.06981,Sidewalk
720.0,150.2835,4.8824,0.41888,0.0,-0.0,147.7192,1.6339,stand_3,179.553,0.0,-0.0,0.0,-0.0,Sidewalk
720.5,150.2835,4.8824,0.45379,0.0,0.06981,147.7192,1.6339,stand_3,179.5613,0.0,0.06981,0.0,0.06981,Sidewalk
721.0,150.2835,4.8824,0.45379,0.0,-0.0,147.7192,1.6339,stand_3,179.553,0.0,-0.0,0.0,-0.0,Sidewalk
721.5,150.2835,4.8824,0.48869,0.0,0.06981,147.7192,1.6339,stand_3,179.5613,0.0,0.06981,0.0,0.06981,Sidewalk
722.0,150.2835,4.8824,0.48869,0.0,-0.0,147.7192,1.6339,stand_3,179.553,0.0,-0.0,0.0,-0.0,Sidewalk
722.5,150.2835,4.8824,0.5236,0.0,0.06981,147.7192,1.6339,stand_3,179.5613,0.0,0.06981,0.0,0.06981,Sidewalk
723.0,150.2835,4.8824,0.5236,0.0,-0.0,147.7192,1.6339,stand_3,179.553,0.0,-0.0,0.0,-0.0,Sidewalk
723.5,150.2835,4.8824,0.55851,0.0,0.06981,147.7192,1.6339,stand_3,179.5614,0.0,0.06981,0.0,0.06981,Sidewalk
724.0,150.2835,4.8824,0.55851,0.0,-0.0,147.7192,1.6339,stand_3,179.553,0.0,-0.0,0.0,-0.0,Sidewalk
724.5,150.2835,4.8824,0.59341,0.0,0.06981,147.7192,1.6339,stand_3,179.5614,0.0,0.06981,0.0,0.06981,Sidewalk
725.0,150.2835,4.8824,0.59341,0.0,-0.0,147.7192,1.6339,stand_3,179.553,0.0,-0.0,0.0,-0.0,Sidewalk
725.5,150.2835,4.8824,0.62832,0.0,0.06981,147.7192,1.6339,stand_3,179.5614,0.0,0.06981,0.0,0.06981,Sidewalk
726.0,150.2835,4.8824,0.62832,0.0,-0.0,147.7192,1.6339,stand_3,179.553,0.0,-0.0,0.0,-0.0,Sidewalk
726.5,150.2835,4.8824,0.66323,0.0,0.06981,147.7192,1.6339,stand_3,179.5614,0.0,0.06981,0.0,0.06981,Sidewalk
727.0,150.2835,4.8824,0.66323,0.0,-0.0,147.7192,1.6339,stand_3,179.553,0.0,-0.0,0.0,-0.0,Sidewalk
727.5,150.2835,4.8824,0.69813,0.0,0.06981,147.7192,1.6339,stand_3,179.5614,0.0,0.06981,0.0,0.06981,Sidewalk
728.0,150.2835,4.8824,0.69813,0.0,-0.0,147.7192,1.6339,stand_3,179.553,0.0,-0.0,0.0,-0.0,Sidewalk
728.5,150.2835,4.8824,0.73304,0.0,0.06981,147.7192,1.6339,stand_3,179.5614,0.0,0.06981,0.0,0.06981,Sidewalk
729.0,150.2835,4.8824,0.73304,0.0,-0.0,147.7192,1.6339,stand_3,179.553,0.0,-0.0,0.0,-0.0,Sidewalk
729.5,150.2835,4.8824,0.76794,0.0,0.06981,147.7192,1.6339,stand_3,179.5614,0.0,0.06981,0.0,0.06981,Sidewalk
730.0,150.2835,4.8824,0.76794,0.0,-0.0,147.7192,1.6339,stand_3,179.553,0.0,-0.0,0.0,-0.0,Sidewalk
730.5,150.2835,4.8824,0.80285,0.0,0.06981,147.7192,1.6339,stand_3,179.5614,0.0,0.06981,0.0,0.06981,Sidewalk
731.0,150.2835,4.8824,0.80285,0.0,-0.0,147.7192,1.6339,stand_3,179.553,0.0,-0.0,0.0,-0.0,Sidewalk
731.5,150.2835,4.8824,0.83776,0.0,0.06981,147.7192,1.6339,stand_3,179.5614,0.0,0.06981,0.0,0.06981,Sidewalk
732.0,150.2835,4.8824,0.83776,0.0,-0.0,147.7192,1.6339,stand_3,179.553,0.0,-0.0,0.0,-0.0,Sidewalk
732.5,150.2835,4.8824,0.87266,0.0,0.06981,147.7192,1.6339,stand_3,179.5614,0.0,0.06981,0.0,0.06981,Sidewalk
733.0,150.2835,4.8824,0.87266,0.0,-0.0,147.7192,1.6339,stand_3,179.553,0.0,-0.0,0.0,-0.0,Sidewalk
733.5,150.2835,4.8824,0.90757,0.0,0.06981,147.7192,1.6339,stand_3,179.5614,0.0,0.06981,0.0,0.06981,Sidewalk
734.0,150.2835,4.8824,0.90757,0.0,-0.0,147.7192,1.6339,stand_3,179.553,0.0,-0.0,0.0,-0.0,Sidewalk
734.5,150.2835,4.8824,0.94248,0.0,0.06981,147.7192,1.6339,stand_3,179.5614,0.0,0.06981,0.0,0.06981,Sidewalk
735.0,150.2835,4.8824,0.94248,0.0,-0.0,147.7192,1.6339,stand_3,179.553,0.0,-0.0,0.0,-0.0,Sidewalk
735.5,150.2835,4.8824,0.97738,0.0,0.06981,147.7192,1.6339,stand_3,179.5614,0.0,0.06981,0.0,0.06981,Sidewalk
736.0,150.2835,4.8824,0.97738,0.0,-0.0,147.7192,1.6339,stand_3,179.553,0.0,-0.0,0.0,-0.0,Sidewalk
736.5,150.2835,4.8824,1.01229,0.0,0.06981,147.7192,1.6339,stand_3,179.5614,0.0,0.06981,0.0,0.06981,Sidewalk
737.0,150.2835,4.8824,1.01229,0.0,-0.0,147.7192,1.6339,stand_3,179.553,0.0,-0.0,0.0,-0.0,Sidewalk
737.5,150.2835,4.8824,1.0472,0.0,0.06981,147.7192,1.6339,stand_3,179.5614,0.0,0.06981,0.0,0.06981,Sidewalk
738.0,150.2835,4.8824,1.0472,0.0,-0.0,147.7192,1.6339,stand_3,179.553,0.0,-0.0,0.0,-0.0,Sidewalk
738.5,150.2835,4.8824,1.0821,0.0,0.06981,147.7192,1.6339,stand_3,179.5614,0.0,0.06981,0.0,0.06981,Sidewalk
739.0,150.2835,4.8824,1.0821,0.0,-0.0,147.7192,1.6339,stand_3,179.553,0.0,-0.0,0.0,-0.0,Sidewalk
739.5,150.2835,4.8824,1.11701,0.0,0.06981,147.7192,1.6339,stand_3,179.5614,0.0,0.06981,0.0,0.06981,Sidewalk
740.0,150.2835,4.8824,1.11701,0.0,-0.0,147.7192,1.6339,stand_3,179.553,0.0,-0.0,0.0,-0.0,Sidewalk
740.5,150.2835,4.8824,1.15192,0.0,0.06981,147.7192,1.6339,stand_3,179.5614,0.0,0.06981,0.0,0.06981,Sidewalk
741.0,150.2835,4.8824,1.15192,0.0,-0.0,147.7192,1.6339,stand_3,179.553,0.0,-0.0,0.0,-0.0,Sidewalk
741.5,150.2835,4.8824,1.18682,0.0,0.06981,147.7192,1.6339,stand_3,179.5614,0.0,0.06981,0.0,0.06981,Sidewalk
742.0,150.2835,4.8824,1.18682,0.0,-0.0,147.7192,1.6339,stand_3,179.553,0.0,-0.0,0.0,-0.0,Sidewalk
742.5,150.2835,4.8824,1.22173,0.0,0.06981,147.7192,1.6339,stand_3,179.5614,0.0,0.06981,0.0,0.06981,Sidewalk
743.0,150.2835,4.8824,1.22173,0.0,-0.0,147.7192,1.6339,stand_3,179.5531,0.0,-0.0,0.0,-0.0,Sidewalk
743.5,150.2835,4.8824,1.25664,0.0,0.06981,147.7192,1.6339,stand_3,179.5614,0.0,0.06981,0.0,0.06981,Sidewalk
744.0,150.2835,4.8824,1.25664,0.0,-0.0,147.7192,1.6339,stand_3,179.5531,0.0,-0.0,0.0,-0.0,Sidewalk
744.5,150.2835,4.8824,1.29154,0.0,0.06981,147.7192,1.6339,stand_3,179.5614,0.0,0.06981,0.0,0.06981,Sidewalk
745.0,150.2835,4.8824,1.29154,0.0,-0.0,147.7192,1.6339,stand_3,179.5531,0.0,-0.0,0.0,-0.0,Sidewalk
745.5,150.2835,4.8824,1.32645,0.0,0.06981,147.7192,1.6339,stand_3,179.5614,0.0,0.06981,0.0,0.06981,Sidewalk
746.0,150.2835,4.8824,1.32645,0.0,-0.0,147.7192,1.6339,stand_3,179.5531,0.0,-0.0,0.0,-0.0,Sidewalk
746.5,150.2835,4.8824,1.36136,0.0,0.06981,147.7192,1.6339,stand_3,179.5614,0.0,0.06981,0.0,0.06981,Sidewalk
747.0,150.2835,4.8824,1.36136,0.0,-0.0,147.7192,1.6339,stand_3,179.5531,0.0,-0.0,0.0,-0.0,Sidewalk
747.5,150.2835,4.8824,1.39626,0.0,0.06981,147.7192,1.6339,stand_3,179.5614,0.0,0.06981,0.0,0.06981,Sidewalk
748.0,150.2835,4.8824,1.39626,0.0,-0.0,147.7192,1.6339,stand_3,179.5531,0.0,-0.0,0.0,-0.0,Sidewalk
748.5,150.2835,4.8824,1.43117,0.0,0.06981,147.7192,1.6339,stand_3,179.5615,0.0,0.06981,0.0,0.06981,Sidewalk
749.0,150.2835,4.8824,1.43117,0.0,-0.0,147.7192,1.6339,stand_3,179.5531,0.0,-0.0,0.0,-0.0,Sidewalk
749.5,150.2835,4.8824,1.46608,0.0,0.06981,147.7192,1.6339,stand_3,179.5615,0.0,0.06981,0.0,0.06981,Sidewalk
750.0,150.2835,4.8824,1.46608,0.0,-0.0,147.7192,1.6339,stand_3,179.5531,0.0,-0.0,0.0,-0.0,Sidewalk
750.5,150.2835,4.8824,1.50098,0.0,0.06981,147.7192,1.6339,stand_3,179.5615,0.0,0.06981,0.0,0.06981,Sidewalk
751.0,150.2835,4.8824,1.50098,0.0,-0.0,147.7192,1.6339,stand_3,179.5531,0.0,-0.0,0.0,-0.0,Sidewalk
751.5,150.2835,4.8824,1.53589,0.0,0.06981,147.7192,1.6339,stand_3,179.5615,0.0,0.06981,0.0,0.06981,Sidewalk
752.0,150.2835,4.8824,1.53589,0.0,-0.0,147.7192,1.6339,stand_3,179.5531,0.0,-0.0,0.0,-0.0,Sidewalk
752.5,150.2835,4.8824,1.5708,0.0,0.06981,147.7192,1.6339,stand_3,179.5615,0.0,0.06981,0.0,0.06981,Sidewalk
753.0,150.2835,4.8824,1.5708,0.0,-0.0,147.7192,1.6339,stand_3,179.5531,0.0,-0.0,0.0,-0.0,Sidewalk
753.5,150.2835,4.8824,1.6057,0.0,0.06981,147.7192,1.6339,stand_3,179.5615,0.0,0.06981,0.0,0.06981,Sidewalk
754.0,150.2835,4.8824,1.6057,0.0,-0.0,147.7192,1.6339,stand_3,179.5531,0.0,-0.0,0.0,-0.0,Sidewalk
754.5,150.2835,4.8824,1.64061,0.0,0.06981,147.7192,1.6339,stand_3,179.5615,0.0,0.06981,0.0,0.06981,Sidewalk
755.0,150.2835,4.8824,1.64061,0.0,-0.0,147.7192,1.6339,stand_3,179.5531,0.0,-0.0,0.0,-0.0,Sidewalk
755.5,150.2835,4.8824,1.67552,0.0,0.06981,147.7192,1.6338,stand_3,179.5615,0.0,0.06981,0.0,0.06981,Sidewalk
756.0,150.2835,4.8824,1.67552,0.0,-0.0,147.7192,1.6338,stand_3,179.5531,0.0,-0.0,0.0,-0.0,Sidewalk
756.5,150.2835,4.8824,1.71042,0.0,0.06981,147.7192,1.6338,stand_3,179.5615,0.0,0.06981,0.0,0.06981,Sidewalk
757.0,150.2835,4.8824,1.71042,0.0,-0.0,147.7192,1.6338,stand_3,179.5531,0.0,-0.0,0.0,-0.0,Sidewalk
757.5,150.2835,4.8824,1.74533,0.0,0.06981,147.7192,1.6338,stand_3,179.5615,0.0,0.06981,0.0,0.06981,Sidewalk
758.0,150.2835,4.8824,1.74533,0.0,-0.0,147.7192,1.6338,stand_3,179.5531,0.0,-0.0,0.0,-0.0,Sidewalk
758.5,150.2835,4.8824,1.78024,0.0,0.06981,147.7192,1.6338,stand_3,179.5615,0.0,0.06981,0.0,0.06981,Sidewalk
759.0,150.2835,4.8824,1.78024,0.0,-0.0,147.7192,1.6338,stand_3,179.5531,0.0,-0.0,0.0,-0.0,Sidewalk
759.5,150.2835,4.8824,1.81514,0.0,0.06981,147.7192,1.6338,stand_3,179.5615,0.0,0.06981,0.0,0.06981,Sidewalk
760.0,150.2835,4.8824,1.81514,0.0,-0.0,147.7192,1.6338,stand_3,179.5531,0.0,-0.0,0.0,-0.0,Sidewalk
760.5,150.2835,4.8824,1.85005,0.0,0.06981,147.7192,1.6338,stand_3,179.5615,0.0,0.06981,0.0,0.06981,Sidewalk
761.0,150.2835,4.8824,1.85005,0.0,-0.0,147.7192,1.6338,stand_3,179.5531,0.0,-0.0,0.0,-0.0,Sidewalk
761.5,150.2835,4.8824,1.88496,0.0,0.06981,147.7192,1.6338,stand_3,179.5615,0.0,0.06981,0.0,0.06981,Sidewalk
762.0,150.2835,4.8824,1.88496,0.0,-0.0,147.7192,1.6338,stand_3,179.5531,0.0,-0.0,0.0,-0.0,Sidewalk
762.5,150.2835,4.8824,1.91986,0.0,0.06981,147.7192,1.6338,stand_3,179.5615,0.0,0.06981,0.0,0.06981,Sidewalk
763.0,150.2835,4.8824,1.91986,0.0,-0.0,147.7192,1.6338,stand_3,179.5531,0.0,-0.0,0.0,-0.0,Sidewalk
763.5,150.2835,4.8824,1.95477,0.0,0.06981,147.7192,1.6338,stand_3,179.5615,0.0,0.06981,0.0,0.06981,Sidewalk
764.0,150.2835,4.8824,1.95477,0.0,-0.0,147.7192,1.6338,stand_3,179.5531,0.0,-0.0,0.0,-0.0,Sidewalk
764.5,150.2835,4.8824,1.98968,0.0,0.06981,147.7192,1.6338,stand_3,179.5615,0.0,0.06981,0.0,0.06981,Sidewalk
765.0,150.2835,4.8824,1.98968,0.0,-0.0,147.7192,1.6338,stand_3,179.5531,0.0,-0.0,0.0,-0.0,Sidewalk
765.5,150.2835,4.8824,2.02458,0.0,0.06981,147.7192,1.6338,stand_3,179.5615,0.0,0.06981,0.0,0.06981,Sidewalk
766.0,150.2835,4.8824,2.02458,0.0,-0.0,147.7192,1.6338,stand_3,179.5531,0.0,-0.0,0.0,-0.0,Sidewalk
766.5,150.2835,4.8824,2.05949,0.0,0.06981,147.7192,1.6338,stand_3,179.5615,0.0,0.06981,0.0,0.06981,Sidewalk
767.0,150.2835,4.8824,2.05949,0.0,-0.0,147.7192,1.6338,stand_3,179.5532,0.0,-0.0,0.0,-0.0,Sidewalk
767.5,150.2835,4.8824,2.0944,0.0,0.06981,147.7192,1.6338,stand_3,179.5615,0.0,0.06981,0.0,0.06981,Sidewalk
768.0,150.2835,4.8824,2.0944,0.0,-0.0,147.7192,1.6338,stand_3,179.5532,0.0,-0.0,0.0,-0.0,Sidewalk
768.5,150.2835,4.8824,2.1293,0.0,0.06981,147.7192,1.6338,stand_3,179.5615,0.0,0.06981,0.0,0.06981,Sidewalk
769.0,150.2835,4.8824,2.1293,0.0,-0.0,147.7192,1.6338,stand_3,179.5532,0.0,-0.0,0.0,-0.0,Sidewalk
769.5,150.2835,4.8824,2.16421,0.0,0.06981,147.7192,1.6338,stand_3,179.5615,0.0,0.06981,0.0,0.06981,Sidewalk
770.0,150.2835,4.8824,2.16421,0.0,-0.0,147.7192,1.6338,stand_3,179.5532,0.0,-0.0,0.0,-0.0,Sidewalk
770.5,150.2835,4.8824,2.19911,0.0,0.06981,147.7192,1.6338,stand_3,179.5615,0.0,0.06981,0.0,0.06981,Sidewalk
771.0,150.2835,4.8824,2.19911,0.0,-0.0,147.7192,1.6338,stand_3,179.5532,0.0,-0.0,0.0,-0.0,Sidewalk
771.5,150.2835,4.8824,2.23402,0.0,0.06981,147.7192,1.6338,stand_3,179.5615,0.0,0.06981,0.0,0.06981,Sidewalk
772.0,150.2835,4.8824,2.23402,0.0,-0.0,147.7192,1.6338,stand_3,179.5532,0.0,-0.0,0.0,-0.0,Sidewalk
772.5,150.2835,4.8824,2.26893,0.0,0.06981,147.7192,1.6338,stand_3,179.5616,0.0,0.06981,0.0,0.06981,Sidewalk
773.0,150.2835,4.8824,2.26893,0.0,-0.0,147.7192,1.6338,stand_3,179.5532,0.0,-0.0,0.0,-0.0,Sidewalk
773.5,150.2835,4.8824,2.30383,0.0,0.06981,147.7192,1.6338,stand_3,179.5616,0.0,0.06981,0.0,0.06981,Sidewalk
774.0,150.2835,4.8824,2.30383,0.0,-0.0,147.7192,1.6338,stand_3,179.5532,0.0,-0.0,0.0,-0.0,Sidewalk
774.5,150.2835,4.8824,2.33874,0.0,0.06981,147.7192,1.6338,stand_3,179.5616,0.0,0.06981,0.0,0.06981,Sidewalk
775.0,150.2835,4.8824,2.33874,0.0,-0.0,147.7192,1.6338,stand_3,179.5532,0.0,-0.0,0.0,-0.0,Sidewalk
775.5,150.2835,4.8824,2.37365,0.0,0.06981,147.7192,1.6338,stand_3,179.5616,0.0,0.06981,0.0,0.06981,Sidewalk
776.0,150.2835,4.8824,2.37365,0.0,-0.0,147.7192,1.6338,stand_3,179.5532,0.0,-0.0,0.0,-0.0,Sidewalk
776.5,150.2835,4.8824,2.40855,0.0,0.06981,147.7192,1.6338,stand_3,179.5616,0.0,0.06981,0.0,0.06981,Sidewalk
777.0,150.2835,4.8824,2.40855,0.0,-0.0,147.7192,1.6338,stand_3,179.5532,0.0,-0.0,0.0,-0.0,Sidewalk
777.5,150.2835,4.8824,2.44346,0.0,0.06981,147.7192,1.6338,stand_3,179.5616,0.0,0.06981,0.0,0.06981,Sidewalk
778.0,150.2835,4.8824,2.44346,0.0,-0.0,147.7192,1.6338,stand_3,179.5532,0.0,-0.0,0.0,-0.0,Sidewalk
778.5,150.2835,4.8824,2.47837,0.0,0.06981,147.7192,1.6338,stand_3,179.5616,0.0,0.06981,0.0,0.06981,Sidewalk
779.0,150.2835,4.8824,2.47837,0.0,-0.0,147.7192,1.6338,stand_3,179.5532,0.0,-0.0,0.0,-0.0,Sidewalk
779.5,150.2835,4.8824,2.51327,0.0,0.06981,147.7192,1.6338,stand_3,179.5616,0.0,0.06981,0.0,0.06981,Sidewalk
780.0,150.2835,4.8824,2.51327,0.0,-0.0,147.7192,1.6338,stand_3,179.5532,0.0,-0.0,0.0,-0.0,Sidewalk
780.5,150.2835,4.8824,2.54818,0.0,0.06981,147.7192,1.6338,stand_3,179.5616,0.0,0.06981,0.0,0.06981,Sidewalk
781.0,150.2835,4.8824,2.54818,0.0,-0.0,147.7192,1.6338,stand_3,179.5532,0.0,-0.0,0.0,-0.0,Sidewalk
781.5,150.2835,4.8824,2.58309,0.0,0.06981,147.7192,1.6338,stand_3,179.5616,0.0,0.06981,0.0,0.06981,Sidewalk
782.0,150.2835,4.8824,2.58309,0.0,-0.0,147.7192,1.6338,stand_3,179.5532,0.0,-0.0,0.0,-0.0,Sidewalk
782.5,150.2835,4.8824,2.61799,0.0,0.06981,147.7192,1.6338,stand_3,179.5616,0.0,0.06981,0.0,0.06981,Sidewalk
783.0,150.2835,4.8824,2.61799,0.0,-0.0,147.7192,1.6338,stand_3,179.5532,0.0,-0.0,0.0,-0.0,Sidewalk
783.5,150.2835,4.8824,2.6529,0.0,0.06981,147.7192,1.6338,stand_3,179.5616,0.0,0.06981,0.0,0.06981,Sidewalk
784.0,150.2835,4.8824,2.6529,0.0,-0.0,147.7192,1.6338,stand_3,179.5532,0.0,-0.0,0.0,-0.0,Sidewalk
784.5,150.2835,4.8824,2.68781,0.0,0.06981,147.7192,1.6338,stand_3,179.5616,0.0,0.06981,0.0,0.06981,Sidewalk
785.0,150.2835,4.8824,2.68781,0.0,-0.0,147.7192,1.6338,stand_3,179.5532,0.0,-0.0,0.0,-0.0,Sidewalk
785.5,150.2835,4.8824,2.72271,0.0,0.06981,147.7192,1.6338,stand_3,179.5616,0.0,0.06981,0.0,0.06981,Sidewalk
786.0,150.2835,4.8824,2.72271,0.0,-0.0,147.7192,1.6338,stand_3,179.5532,0.0,-0.0,0.0,-0.0,Sidewalk
786.5,150.2835,4.8824,2.75762,0.0,0.06981,147.7192,1.6338,stand_3,179.5616,0.0,0.06981,0.0,0.06981,Sidewalk
787.0,150.2835,4.8824,2.75762,0.0,-0.0,147.7192,1.6338,stand_3,179.5532,0.0,-0.0,0.0,-0.0,Sidewalk
787.5,150.2835,4.8824,2.79253,0.0,0.06981,147.7192,1.6338,stand_3,179.5616,0.0,0.06981,0.0,0.06981,Sidewalk
788.0,150.2835,4.8824,2.79253,0.0,-0.0,147.7192,1.6338,stand_3,179.5532,0.0,-0.0,0.0,-0.0,Sidewalk
788.5,150.2835,4.8824,2.82743,0.0,0.06981,147.7192,1.6338,stand_3,179.5616,0.0,0.06981,0.0,0.06981,Sidewalk
789.0,150.2835,4.8824,2.82743,0.0,-0.0,147.7192,1.6338,stand_3,179.5532,0.0,-0.0,0.0,-0.0,Sidewalk
789.5,150.2835,4.8824,2.86234,0.0,0.06981,147.7192,1.6338,stand_3,179.5616,0.0,0.06981,0.0,0.06981,Sidewalk
790.0,150.2835,4.8824,2.86234,0.0,-0.0,147.7192,1.6338,stand_3,179.5532,0.0,-0.0,0.0,-0.0,Sidewalk
790.5,150.2835,4.8824,2.89725,0.0,0.06981,147.7192,1.6338,stand_3,179.5616,0.0,0.06981,0.0,0.06981,Sidewalk
791.0,150.2835,4.8824,2.89725,0.0,-0.0,147.7192,1.6338,stand_3,179.5532,0.0,-0.0,0.0,-0.0,Sidewalk
791.5,150.2835,4.8824,2.93215,0.0,0.06981,147.7192,1.6338,stand_3,179.5616,0.0,0.06981,0.0,0.06981,Sidewalk
792.0,150.2835,4.8824,2.93215,0.0,-0.0,147.7192,1.6338,stand_3,179.5533,0.0,-0.0,0.0,-0.0,Sidewalk
792.5,150.2835,4.8824,2.96706,0.0,0.06981,147.7192,1.6338,stand_3,179.5616,0.0,0.06981,0.0,0.06981,Sidewalk
793.0,150.2835,4.8824,2.96706,0.0,-0.0,147.7192,1.6338,stand_3,179.5533,0.0,-0.0,0.0,-0.0,Sidewalk
793.5,150.2835,4.8824,3.00197,0.0,0.06981,147.7192,1.6338,stand_3,179.5616,0.0,0.06981,0.0,0.06981,Sidewalk
794.0,150.2835,4.8824,3.00197,0.0,-0.0,147.7192,1.6338,stand_3,179.5533,0.0,-0.0,0.0,-0.0,Sidewalk
794.5,150.2835,4.8824,3.03687,0.0,0.06981,147.7192,1.6337,stand_3,179.5616,0.0,0.06981,0.0,0.06981,Sidewalk
795.0,150.2835,4.8824,3.03687,0.0,-0.0,147.7192,1.6337,stand_3,179.5533,0.0,-0.0,0.0,-0.0,Sidewalk
795.5,150.2835,4.8824,3.07178,0.0,0.06981,147.7192,1.6337,stand_3,179.5616,0.0,0.06981,0.0,0.06981,Sidewalk
796.0,150.2835,4.8824,3.07178,0.0,-0.0,147.7192,1.6337,stand_3,179.5533,0.0,-0.0,0.0,-0.0,Sidewalk
796.5,150.2835,4.8824,3.10669,0.0,0.06981,147.7192,1.6337,stand_3,179.5617,0.0,0.06981,0.0,0.06981,Sidewalk
797.0,150.2835,4.8824,3.10669,0.0,-0.0,147.7192,1.6337,stand_3,179.5533,0.0,-0.0,0.0,-0.0,Sidewalk
797.5,150.2835,4.8824,3.14159,0.0,0.06981,147.7192,1.6337,stand_3,179.5617,0.0,0.06981,0.0,0.06981,Sidewalk
798.0,150.2835,4.8824,3.14159,0.0,-0.0,147.7192,1.6337,stand_3,179.5533,0.0,-0.0,0.0,-0.0,Sidewalk
798.5,150.2835,4.8824,-3.10669,0.0,0.06981,147.7192,1.6337,stand_3,179.5617,0.0,0.06981,0.0,0.06981,Sidewalk
799.0,150.2835,4.8824,-3.10669,0.0,-0.0,147.7192,1.6337,stand_3,179.5533,0.0,-0.0,0.0,-0.0,Sidewalk
799.5,150.2835,4.8824,-3.07178,0.0,0.06981,147.7192,1.6337,stand_3,179.5617,0.0,0.06981,0.0,0.06981,Sidewalk
800.0,150.2835,4.8824,-3.07178,0.0,-0.0,147.7192,1.6337,stand_3,179.5533,0.0,-0.0,0.0,-0.0,Sidewalk
800.5,150.2835,4.8824,-3.03687,0.0,0.06981,147.7192,1.6337,stand_3,179.5617,0.0,0.06981,0.0,0.06981,Sidewalk
801.0,150.2835,4.8824,-3.03687,0.0,-0.0,147.7192,1.6337,stand_3,179.5533,0.0,-0.0,0.0,-0.0,Sidewalk
801.5,150.2835,4.8824,-3.00197,0.0,0.06981,147.7192,1.6337,stand_3,179.5617,0.0,0.06981,0.0,0.06981,Sidewalk
802.0,150.2835,4.8824,-3.00197,0.0,-0.0,147.7192,1.6337,stand_3,179.5533,0.0,-0.0,0.0,-0.0,Sidewalk
802.5,150.2835,4.8824,-2.96706,0.0,0.06981,147.7192,1.6337,stand_3,179.5617,0.0,0.06981,0.0,0.06981,Sidewalk
803.0,150.2835,4.8824,-2.96706,0.0,-0.0,147.7192,1.6337,stand_3,179.5533,0.0,-0.0,0.0,-0.0,Sidewalk
803.5,150.2835,4.8824,-2.93215,0.0,0.06981,147.7192,1.6337,stand_3,179.5617,0.0,0.06981,0.0,0.06981,Sidewalk
804.0,150.2835,4.8824,-2.93215,0.0,-0.0,147.7192,1.6337,stand_3,179.5533,0.0,-0.0,0.0,-0.0,Sidewalk
804.5,150.2835,4.8824,-2.89725,0.0,0.06981,147.7192,1.6337,stand_3,179.5617,0.0,0.06981,0.0,0.06981,Sidewalk
805.0,150.2835,4.8824,-2.89725,0.0,-0.0,147.7192,1.6337,stand_3,179.5533,0.0,-0.0,0.0,-0.0,Sidewalk
805.5,150.2835,4.8824,-2.86234,0.0,0.06981,147.7192,1.6337,stand_3,179.5617,0.0,0.06981,0.0,0.06981,Sidewalk
806.0,150.2835,4.8824,-2.86234,0.0,-0.0,147.7192,1.6337,stand_3,179.5533,0.0,-0.0,0.0,-0.0,Sidewalk
806.5,150.2835,4.8824,-2.82743,0.0,0.06981,147.7192,1.6337,stand_3,179.5617,0.0,0.06981,0.0,0.06981,Sidewalk
807.0,150.2835,4.8824,-2.82743,0.0,-0.0,147.7192,1.6337,stand_3,179.5533,0.0,-0.0,0.0,-0.0,Sidewalk
807.5,150.2835,4.8824,-2.79253,0.0,0.06981,147.7192,1.6337,stand_3,179.5617,0.0,0.06981,0.0,0.06981,Sidewalk
808.0,150.2835,4.8824,-2.79253,0.0,-0.0,147.7192,1.6337,stand_3,179.5533,0.0,-0.0,0.0,-0.0,Sidewalk
808.5,150.2835,4.8824,-2.75762,0.0,0.06981,147.7192,1.6337,stand_3,179.5617,0.0,0.06981,0.0,0.06981,Sidewalk
809.0,150.2835,4.8824,-2.75762,0.0,-0.0,147.7192,1.6337,stand_3,179.5533,0.0,-0.0,0.0,-0.0,Sidewalk
809.5,150.2835,4.8824,-2.72271,0.0,0.06981,147.7192,1.6337,stand_3,179.5617,0.0,0.06981,0.0,0.06981,Sidewalk
810.0,150.2835,4.8824,-2.72271,0.0,-0.0,147.7192,1.6337,stand_3,179.5533,0.0,-0.0,0.0,-0.0,Sidewalk
810.5,150.2835,4.8824,-2.68781,0.0,0.06981,147.7192,1.6337,stand_3,179.5617,0.0,0.06981,0.0,0.06981,Sidewalk
811.0,150.2835,4.8824,-2.68781,0.0,-0.0,147.7192,1.6337,stand_3,179.5533,0.0,-0.0,0.0,-0.0,Sidewalk
811.5,150.2835,4.8824,-2.6529,0.0,0.06981,147.7192,1.6337,stand_3,179.5617,0.0,0.06981,0.0,0.06981,Sidewalk
812.0,150.2835,4.8824,-2.6529,0.0,-0.0,147.7192,1.6337,stand_3,179.5533,0.0,-0.0,0.0,-0.0,Sidewalk
812.5,150.2835,4.8824,-2.61799,0.0,0.06981,147.7192,1.6337,stand_3,179.5617,0.0,0.06981,0.0,0.06981,Sidewalk
813.0,150.2835,4.8824,-2.61799,0.0,-0.0,147.7192,1.6337,stand_3,179.5533,0.0,-0.0,0.0,-0.0,Sidewalk
813.5,150.2835,4.8824,-2.58309,0.0,0.06981,147.7192,1.6337,stand_3,179.5617,0.0,0.06981,0.0,0.06981,Sidewalk
814.0,150.2835,4.8824,-2.58309,0.0,-0.0,147.7192,1.6337,stand_3,179.5533,0.0,-0.0,0.0,-0.0,Sidewalk
814.5,150.2835,4.8824,-2.54818,0.0,0.06981,147.7192,1.6337,stand_3,179.5617,0.0,0.06981,0.0,0.06981,Sidewalk
815.0,150.2835,4.8824,-2.54818,0.0,-0.0,147.7192,1.6337,stand_3,179.5534,0.0,-0.0,0.0,-0.0,Sidewalk
815.5,150.2835,4.8824,-2.51327,0.0,0.06981,147.7192,1.6337,stand_3,179.5617,0.0,0.06981,0.0,0.06981,Sidewalk
816.0,150.2835,4.8824,-2.51327,0.0,-0.0,147.7192,1.6337,stand_3,179.5534,0.0,-0.0,0.0,-0.0,Sidewalk
816.5,150.2835,4.8824,-2.47837,0.0,0.06981,147.7192,1.6337,stand_3,179.5617,0.0,0.06981,0.0,0.06981,Sidewalk
817.0,150.2835,4.8824,-2.47837,0.0,-0.0,147.7192,1.6337,stand_3,179.5534,0.0,-0.0,0.0,-0.0,Sidewalk
817.5,150.2835,4.8824,-2.44346,0.0,0.06981,147.7192,1.6337,stand_3,179.5617,0.0,0.06981,0.0,0.06981,Sidewalk
818.0,150.2835,4.8824,-2.44346,0.0,-0.0,147.7192,1.6337,stand_3,179.5534,0.0,-0.0,0.0,-0.0,Sidewalk
818.5,150.2835,4.8824,-2.40855,0.0,0.06981,147.7192,1.6337,stand_3,179.5617,0.0,0.06981,0.0,0.06981,Sidewalk
819.0,150.2835,4.8824,-2.40855,0.0,-0.0,147.7192,1.6337,stand_3,179.5534,0.0,-0.0,0.0,-0.0,Sidewalk
819.5,150.2835,4.8824,-2.37365,0.0,0.06981,147.7192,1.6337,stand_3,179.5617,0.0,0.06981,0.0,0.06981,Sidewalk
820.0,150.2835,4.8824,-2.37365,0.0,-0.0,147.7192,1.6337,stand_3,179.5534,0.0,-0.0,0.0,-0.0,Sidewalk
820.5,150.2835,4.8824,-2.33874,0.0,0.06981,147.7192,1.6337,stand_3,179.5617,0.0,0.06981,0.0,0.06981,Sidewalk
821.0,150.2835,4.8824,-2.33874,0.0,-0.0,147.7192,1.6337,stand_3,179.5534,0.0,-0.0,0.0,-0.0,Sidewalk
821.5,150.2835,4.8824,-2.30383,0.0,0.06981,147.7192,1.6337,stand_3,179.5617,0.0,0.06981,0.0,0.06981,Sidewalk
822.0,150.2835,4.8824,-2.30383,0.0,-0.0,147.7192,1.6337,stand_3,179.5534,0.0,-0.0,0.0,-0.0,Sidewalk
822.5,150.2835,4.8824,-2.26893,0.0,0.06981,147.7192,1.6337,stand_3,179.5618,0.0,0.06981,0.0,0.06981,Sidewalk
823.0,150.2835,4.8824,-2.26893,0.0,-0.0,147.7192,1.6337,stand_3,179.5534,0.0,-0.0,0.0,-0.0,Sidewalk
823.5,150.2835,4.8824,-2.23402,0.0,0.06981,147.7192,1.6337,stand_3,179.5618,0.0,0.06981,0.0,0.06981,Sidewalk
824.0,150.2835,4.8824,-2.23402,0.0,-0.0,147.7192,1.6337,stand_3,179.5534,0.0,-0.0,0.0,-0.0,Sidewalk
824.5,150.2835,4.8824,-2.19911,0.0,0.06981,147.7192,1.6337,stand_3,179.5618,0.0,0.06981,0.0,0.06981,Sidewalk
825.0,150.2835,4.8824,-2.19911,0.0,-0.0,147.7192,1.6337,stand_3,179.5534,0.0,-0.0,0.0,-0.0,Sidewalk
825.5,150.2835,4.8824,-2.16421,0.0,0.06981,147.7192,1.6337,stand_3,179.5618,0.0,0.06981,0.0,0.06981,Sidewalk
826.0,150.2835,4.8824,-2.16421,0.0,-0.0,147.7192,1.6337,stand_3,179.5534,0.0,-0.0,0.0,-0.0,Sidewalk
826.5,150.2835,4.8824,-2.1293,0.0,0.06981,147.7192,1.6337,stand_3,179.5618,0.0,0.06981,0.0,0.06981,Sidewalk
827.0,150.2835,4.8824,-2.1293,0.0,-0.0,147.7192,1.6337,stand_3,179.5534,0.0,-0.0,0.0,-0.0,Sidewalk
827.5,150.2835,4.8824,-2.0944,0.0,0.06981,147.7192,1.6337,stand_3,179.5618,0.0,0.06981,0.0,0.06981,Sidewalk
828.0,150.2835,4.8824,-2.0944,0.0,-0.0,147.7192,1.6337,stand_3,179.5534,0.0,-0.0,0.0,-0.0,Sidewalk
828.5,150.2835,4.8824,-2.05949,0.0,0.06981,147.7192,1.6337,stand_3,179.5618,0.0,0.06981,0.0,0.06981,Sidewalk
829.0,150.2835,4.8824,-2.05949,0.0,-0.0,147.7192,1.6337,stand_3,179.5534,0.0,-0.0,0.0,-0.0,Sidewalk
829.5,150.2835,4.8824,-2.02458,0.0,0.06981,147.7192,1.6337,stand_3,179.5618,0.0,0.06981,0.0,0.06981,Sidewalk
830.0,150.2835,4.8824,-2.02458,0.0,-0.0,147.7192,1.6337,stand_3,179.5534,0.0,-0.0,0.0,-0.0,Sidewalk
830.5,150.2835,4.8824,-1.98968,0.0,0.06981,147.7192,1.6337,stand_3,179.5618,0.0,0.06981,0.0,0.06981,Sidewalk
831.0,150.2835,4.8824,-1.98968,0.0,-0.0,147.7192,1.6337,stand_3,179.5534,0.0,-0.0,0.0,-0.0,Sidewalk
831.5,150.2835,4.8824,-1.95477,0.0,0.06981,147.7192,1.6337,stand_3,179.5618,0.0,0.06981,0.0,0.06981,Sidewalk
832.0,150.2835,4.8824,-1.95477,0.0,-0.0,147.7192,1.6337,stand_3,179.5534,0.0,-0.0,0.0,-0.0,Sidewalk
832.5,150.2835,4.8824,-1.91986,0.0,0.06981,147.7192,1.6337,stand_3,179.5618,0.0,0.06981,0.0,0.06981,Sidewalk
833.0,150.2835,4.8824,-1.91986,0.0,-0.0,147.7192,1.6337,stand_3,179.5534,0.0,-0.0,0.0,-0.0,Sidewalk
833.5,150.2835,4.8824,-1.88496,0.0,0.06981,147.7192,1.6337,stand_3,179.5618,0.0,0.06981,0.0,0.06981,Sidewalk
834.0,150.2835,4.8824,-1.88496,0.0,-0.0,147.7192,1.6337,stand_3,179.5534,0.0,-0.0,0.0,-0.0,Sidewalk
834.5,150.2835,4.8824,-1.85005,0.0,0.06981,147.7192,1.6337,stand_3,179.5618,0.0,0.06981,0.0,0.06981,Sidewalk
835.0,150.2835,4.8824,-1.85005,0.0,-0.0,147.7192,1.6337,stand_3,179.5534,0.0,-0.0,0.0,-0.0,Sidewalk
835.5,150.2835,4.8824,-1.81514,0.0,0.06981,147.7192,1.6337,stand_3,179.5618,0.0,0.06981,0.0,0.06981,Sidewalk
836.0,150.2835,4.8824,-1.81514,0.0,-0.0,147.7192,1.6337,stand_3,179.5534,0.0,-0.0,0.0,-0.0,Sidewalk
836.5,150.2835,4.8824,-1.78024,0.0,0.06981,147.7192,1.6337,stand_3,179.5618,0.0,0.06981,0.0,0.06981,Sidewalk
837.0,150.2835,4.8824,-1.78024,0.0,-0.0,147.7192,1.6336,stand_3,179.5534,0.0,-0.0,0.0,-0.0,Sidewalk
837.5,150.2835,4.8824,-1.74533,0.0,0.06981,147.7192,1.6336,stand_3,179.5618,0.0,0.06981,0.0,0.06981,Sidewalk
838.0,150.2835,4.8824,-1.74533,0.0,-0.0,147.7192,1.6336,stand_3,179.5534,0.0,-0.0,0.0,-0.0,Sidewalk
838.5,150.2835,4.8824,-1.71042,0.0,0.06981,147.7192,1.6336,stand_3,179.5618,0.0,0.06981,0.0,0.06981,Sidewalk
839.0,150.2835,4.8824,-1.71042,0.0,-0.0,147.7192,1.6336,stand_3,179.5534,0.0,-0.0,0.0,-0.0,Sidewalk
839.5,150.2835,4.8824,-1.67552,0.0,0.06981,147.7192,1.6336,stand_3,179.5618,0.0,0.06981,0.0,0.06981,Sidewalk
840.0,150.2835,4.8824,-1.67552,0.0,-0.0,147.7192,1.6336,stand_3,179.5534,0.0,-0.0,0.0,-0.0,Sidewalk
840.5,150.2835,4.8824,-1.64061,0.0,0.06981,147.7192,1.6336,stand_3,179.5618,0.0,0.06981,0.0,0.06981,Sidewalk
841.0,150.2835,4.8824,-1.64061,0.0,-0.0,147.7192,1.6336,stand_3,179.5534,0.0,-0.0,0.0,-0.0,Sidewalk
841.5,150.2835,4.8824,-1.6057,0.0,0.06981,147.7192,1.6336,stand_3,179.5618,0.0,0.06981,0.0,0.06981,Sidewalk
842.0,150.2835,4.8824,-1.6057,0.0,-0.0,147.7192,1.6336,stand_3,179.5534,0.0,-0.0,0.0,-0.0,Sidewalk
842.5,150.2835,4.8824,-1.5708,0.0,0.06981,147.7192,1.6336,stand_3,179.5618,0.0,0.06981,0.0,0.06981,Sidewalk
843.0,150.2835,4.8824,-1.5708,0.0,-0.0,147.7192,1.6336,stand_3,179.5535,0.0,-0.0,0.0,-0.0,Sidewalk
843.5,150.2835,4.8824,-1.53589,0.0,0.06981,147.7192,1.6336,stand_3,179.5618,0.0,0.06981,0.0,0.06981,Sidewalk
844.0,150.2835,4.8824,-1.53589,0.0,-0.0,147.7192,1.6336,stand_3,179.5535,0.0,-0.0,0.0,-0.0,Sidewalk
844.5,150.2835,4.8824,-1.50098,0.0,0.06981,147.7192,1.6336,stand_3,179.5618,0.0,0.06981,0.0,0.06981,Sidewalk
845.0,150.2835,4.8824,-1.50098,0.0,-0.0,147.7192,1.6336,stand_3,179.5535,0.0,-0.0,0.0,-0.0,Sidewalk
845.5,150.2835,4.8824,-1.46608,0.0,0.06981,147.7192,1.6336,stand_3,179.5618,0.0,0.06981,0.0,0.06981,Sidewalk
846.0,150.2835,4.8824,-1.46608,0.0,-0.0,147.7192,1.6336,stand_3,179.5535,0.0,-0.0,0.0,-0.0,Sidewalk
846.5,150.2835,4.8824,-1.43117,0.0,0.06981,147.7192,1.6336,stand_3,179.5618,0.0,0.06981,0.0,0.06981,Sidewalk
847.0,150.2835,4.8824,-1.43117,0.0,-0.0,147.7192,1.6336,stand_3,179.5535,0.0,-0.0,0.0,-0.0,Sidewalk
847.5,150.2835,4.8824,-1.39626,0.0,0.06981,147.7192,1.6336,stand_3,179.5618,0.0,0.06981,0.0,0.06981,Sidewalk
848.0,150.2835,4.8824,-1.39626,0.0,-0.0,147.7192,1.6336,stand_3,179.5535,0.0,-0.0,0.0,-0.0,Sidewalk
848.5,150.2835,4.8824,-1.36136,0.0,0.06981,147.7192,1.6336,stand_3,179.5619,0.0,0.06981,0.0,0.06981,Sidewalk
849.0,150.2835,4.8824,-1.36136,0.0,-0.0,147.7192,1.6336,stand_3,179.5535,0.0,-0.0,0.0,-0.0,Sidewalk
849.5,150.2835,4.8824,-1.32645,0.0,0.06981,147.7192,1.6336,stand_3,179.5619,0.0,0.06981,0.0,0.06981,Sidewalk
850.0,150.2835,4.8824,-1.32645,0.0,-0.0,147.7192,1.6336,stand_3,179.5535,0.0,-0.0,0.0,-0.0,Sidewalk
850.5,150.2835,4.8824,-1.29154,0.0,0.06981,147.7192,1.6336,stand_3,179.5619,0.0,0.06981,0.0,0.06981,Sidewalk
851.0,150.2835,4.8824,-1.29154,0.0,-0.0,147.7192,1.6336,stand_3,179.5535,0.0,-0.0,0.0,-0.0,Sidewalk
851.5,150.2835,4.8824,-1.25664,0.0,0.06981,147.7192,1.6336,stand_3,179.5619,0.0,0.06981,0.0,0.06981,Sidewalk
852.0,150.2835,4.8824,-1.25664,0.0,-0.0,147.7192,1.6336,stand_3,179.5535,0.0,-0.0,0.0,-0.0,Sidewalk
852.5,150.2835,4.8824,-1.22173,0.0,0.06981,147.7192,1.6336,stand_3,179.5619,0.0,0.06981,0.0,0.06981,Sidewalk
853.0,150.2835,4.8824,-1.22173,0.0,-0.0,147.7192,1.6336,stand_3,179.5535,0.0,-0.0,0.0,-0.0,Sidewalk
853.5,150.2835,4.8824,-1.18682,0.0,0.06981,147.7192,1.6336,stand_3,179.5619,0.0,0.06981,0.0,0.06981,Sidewalk
854.0,150.2835,4.8824,-1.18682,0.0,-0.0,147.7192,1.6336,stand_3,179.5535,0.0,-0.0,0.0,-0.0,Sidewalk
854.5,150.2835,4.8824,-1.15192,0.0,0.06981,147.7192,1.6336,stand_3,179.5619,0.0,0.06981,0.0,0.06981,Sidewalk
855.0,150.2835,4.8824,-1.15192,0.0,-0.0,147.7192,1.6336,stand_3,179.5535,0.0,-0.0,0.0,-0.0,Sidewalk
855.5,150.2835,4.8824,-1.11701,0.0,0.06981,147.7192,1.6336,stand_3,179.5619,0.0,0.06981,0.0,0.06981,Sidewalk
856.0,150.2835,4.8824,-1.11701,0.0,-0.0,147.7192,1.6336,stand_3,179.5535,0.0,-0.0,0.0,-0.0,Sidewalk
856.5,150.2835,4.8824,-1.0821,0.0,0.06981,147.7192,1.6336,stand_3,179.5619,0.0,0.06981,0.0,0.06981,Sidewalk
857.0,150.2835,4.8824,-1.0821,0.0,-0.0,147.7192,1.6336,stand_3,179.5535,0.0,-0.0,0.0,-0.0,Sidewalk
857.5,150.2835,4.8824,-1.0472,0.0,0.06981,147.7192,1.6336,stand_3,179.5619,0.0,0.06981,0.0,0.06981,Sidewalk
858.0,150.2835,4.8824,-1.0472,0.0,-0.0,147.7192,1.6336,stand_3,179.5535,0.0,-0.0,0.0,-0.0,Sidewalk
858.5,150.2835,4.8824,-1.01229,0.0,0.06981,147.7192,1.6336,stand_3,179.5619,0.0,0.06981,0.0,0.06981,Sidewalk
859.0,150.2835,4.8824,-1.01229,0.0,-0.0,147.7192,1.6336,stand_3,179.5535,0.0,-0.0,0.0,-0.0,Sidewalk
859.5,150.2835,4.8824,-0.97738,0.0,0.06981,147.7192,1.6336,stand_3,179.5619,0.0,0.06981,0.0,0.06981,Sidewalk
860.0,150.2835,4.8824,-0.97738,0.0,-0.0,147.7192,1.6336,stand_3,179.5535,0.0,-0.0,0.0,-0.0,Sidewalk
860.5,150.2835,4.8824,-0.94248,0.0,0.06981,147.7192,1.6336,stand_3,179.5619,0.0,0.06981,0.0,0.06981,Sidewalk
861.0,150.2835,4.8824,-0.94248,0.0,-0.0,147.7192,1.6336,stand_3,179.5535,0.0,-0.0,0.0,-0.0,Sidewalk
861.5,150.2835,4.8824,-0.90757,0.0,0.06981,147.7192,1.6336,stand_3,179.5619,0.0,0.06981,0.0,0.06981,Sidewalk
862.0,150.2835,4.8824,-0.90757,0.0,-0.0,147.7192,1.6336,stand_3,179.5535,0.0,-0.0,0.0,-0.0,Sidewalk
862.5,150.2835,4.8824,-0.87266,0.0,0.06981,147.7192,1.6336,stand_3,179.5619,0.0,0.06981,0.0,0.06981,Sidewalk
863.0,150.2835,4.8824,-0.87266,0.0,-0.0,147.7192,1.6336,stand_3,179.5535,0.0,-0.0,0.0,-0.0,Sidewalk
863.5,150.2835,4.8824,-0.83776,0.0,0.06981,147.7192,1.6336,stand_3,179.5619,0.0,0.06981,0.0,0.06981,Sidewalk
864.0,150.2835,4.8824,-0.83776,0.0,-0.0,147.7192,1.6336,stand_3,179.5535,0.0,-0.0,0.0,-0.0,Sidewalk
864.5,150.2835,4.8824,-0.80285,0.0,0.06981,147.7192,1.6336,stand_3,179.5619,0.0,0.06981,0.0,0.06981,Sidewalk
865.0,150.2835,4.8824,-0.80285,0.0,-0.0,147.7192,1.6336,stand_3,179.5535,0.0,-0.0,0.0,-0.0,Sidewalk
865.5,150.2835,4.8824,-0.76794,0.0,0.06981,147.7192,1.6336,stand_3,179.5619,0.0,0.06981,0.0,0.06981,Sidewalk
866.0,150.2835,4.8824,-0.76794,0.0,-0.0,147.7192,1.6336,stand_3,179.5535,0.0,-0.0,0.0,-0.0,Sidewalk
866.5,150.2835,4.8824,-0.73304,0.0,0.06981,147.7192,1.6336,stand_3,179.5619,0.0,0.06981,0.0,0.06981,Sidewalk
867.0,150.2835,4.8824,-0.73304,0.0,-0.0,147.7192,1.6336,stand_3,179.5535,0.0,-0.0,0.0,-0.0,Sidewalk
867.5,150.2835,4.8824,-0.69813,0.0,0.06981,147.7192,1.6336,stand_3,179.5619,0.0,0.06981,0.0,0.06981,Sidewalk
868.0,150.2835,4.8824,-0.69813,0.0,-0.0,147.7192,1.6336,stand_3,179.5536,0.0,-0.0,0.0,-0.0,Sidewalk
868.5,150.2835,4.8824,-0.66323,0.0,0.06981,147.7192,1.6336,stand_3,179.5619,0.0,0.06981,0.0,0.06981,Sidewalk
869.0,150.2835,4.8824,-0.66323,0.0,-0.0,147.7192,1.6336,stand_3,179.5536,0.0,-0.0,0.0,-0.0,Sidewalk
869.5,150.2835,4.8824,-0.62832,0.0,0.06981,147.7192,1.6336,stand_3,179.5619,0.0,0.06981,0.0,0.06981,Sidewalk
870.0,150.2835,4.8824,-0.62832,0.0,-0.0,147.7192,1.6336,stand_3,179.5536,0.0,-0.0,0.0,-0.0,Sidewalk
870.5,150.2835,4.8824,-0.59341,0.0,0.06981,147.7192,1.6336,stand_3,179.5619,0.0,0.06981,0.0,0.06981,Sidewalk
871.0,150.2835,4.8824,-0.59341,0.0,-0.0,147.7192,1.6336,stand_3,179.5536,0.0,-0.0,0.0,-0.0,Sidewalk
871.5,150.2835,4.8824,-0.55851,0.0,0.06981,147.7192,1.6336,stand_3,179.5619,0.0,0.06981,0.0,0.06981,Sidewalk
872.0,150.2835,4.8824,-0.55851,0.0,-0.0,147.7192,1.6336,stand_3,179.5536,0.0,-0.0,0.0,-0.0,Sidewalk
872.5,150.2835,4.8824,-0.5236,0.0,0.06981,147.7192,1.6336,stand_3,179.5619,0.0,0.06981,0.0,0.06981,Sidewalk
873.0,150.2835,4.8824,-0.5236,0.0,-0.0,147.7192,1.6336,stand_3,179.5536,0.0,-0.0,0.0,-0.0,Sidewalk
873.5,150.2835,4.8824,-0.48869,0.0,0.06981,147.7192,1.6336,stand_3,179.562,0.0,0.06981,0.0,0.06981,Sidewalk
874.0,150.2835,4.8824,-0.48869,0.0,-0.0,147.7192,1.6336,stand_3,179.5536,0.0,-0.0,0.0,-0.0,Sidewalk
874.5,150.2835,4.8824,-0.45379,0.0,0.06981,147.7192,1.6336,stand_3,179.562,0.0,0.06981,0.0,0.06981,Sidewalk
875.0,150.2835,4.8824,-0.45379,0.0,-0.0,147.7192,1.6336,stand_3,179.5536,0.0,-0.0,0.0,-0.0,Sidewalk
875.5,150.2835,4.8824,-0.41888,0.0,0.06981,147.7192,1.6336,stand_3,179.562,0.0,0.06981,0.0,0.06981,Sidewalk
876.0,150.2835,4.8824,-0.41888,0.0,-0.0,147.7192,1.6336,stand_3,179.5536,0.0,-0.0,0.0,-0.0,Sidewalk
876.5,150.2835,4.8824,-0.38397,0.0,0.06981,147.7192,1.6336,stand_3,179.562,0.0,0.06981,0.0,0.06981,Sidewalk
877.0,150.2835,4.8824,-0.38397,0.0,-0.0,147.7192,1.6336,stand_3,179.5536,0.0,-0.0,0.0,-0.0,Sidewalk
877.5,150.2835,4.8824,-0.34907,0.0,0.06981,147.7192,1.6336,stand_3,179.562,0.0,0.06981,0.0,0.06981,Sidewalk
878.0,150.2835,4.8824,-0.34907,0.0,-0.0,147.7192,1.6335,stand_3,179.5536,0.0,-0.0,0.0,-0.0,Sidewalk
878.5,150.2835,4.8824,-0.31416,0.0,0.06981,147.7192,1.6335,stand_3,179.562,0.0,0.06981,0.0,0.06981,Sidewalk
879.0,150.2835,4.8824,-0.31416,0.0,-0.0,147.7192,1.6335,stand_3,179.5536,0.0,-0.0,0.0,-0.0,Sidewalk
879.5,150.2835,4.8824,-0.27925,0.0,0.06981,147.7192,1.6335,stand_3,179.562,0.0,0.06981,0.0,0.06981,Sidewalk
880.0,150.2835,4.8824,-0.27925,0.0,-0.0,147.7192,1.6335,stand_3,179.5536,0.0,-0.0,0.0,-0.0,Sidewalk
880.5,150.2835,4.8824,-0.24435,0.0,0.06981,147.7192,1.6335,stand_3,179.562,0.0,0.06981,0.0,0.06981,Sidewalk
881.0,150.2835,4.8824,-0.24435,0.0,-0.0,147.7192,1.6335,stand_3,179.5536,0.0,-0.0,0.0,-0.0,Sidewalk
881.5,150.2835,4.8824,-0.20944,0.0,0.06981,147.7192,1.6335,stand_3,179.562,0.0,0.06981,0.0,0.06981,Sidewalk
882.0,150.2835,4.8824,-0.20944,0.0,-0.0,147.7192,1.6335,stand_3,179.5536,0.0,-0.0,0.0,-0.0,Sidewalk
882.5,150.2835,4.8824,-0.17453,0.0,0.06981,147.7192,1.6335,stand_3,179.562,0.0,0.06981,0.0,0.06981,Sidewalk
883.0,150.2835,4.8824,-0.17453,0.0,-0.0,147.7192,1.6335,stand_3,179.5536,0.0,-0.0,0.0,-0.0,Sidewalk
883.5,150.2835,4.8824,-0.13963,0.0,0.06981,147.7192,1.6335,stand_3,179.562,0.0,0.06981,0.0,0.06981,Sidewalk
884.0,150.2835,4.8824,-0.13963,0.0,-0.0,147.7192,1.6335,stand_3,179.5536,0.0,-0.0,0.0,-0.0,Sidewalk
884.5,150.2835,4.8824,-0.10472,0.0,0.06981,147.7192,1.6335,stand_3,179.562,0.0,0.06981,0.0,0.06981,Sidewalk
885.0,150.2835,4.8824,-0.10472,0.0,-0.0,147.7192,1.6335,stand_3,179.5536,0.0,-0.0,0.0,-0.0,Sidewalk
885.5,150.2835,4.8824,-0.06981,0.0,0.06981,147.7192,1.6335,stand_3,179.562,0.0,0.06981,0.0,0.06981,Sidewalk
886.0,150.2835,4.8824,-0.06981,0.0,-0.0,147.7192,1.6335,stand_3,179.5536,0.0,-0.0,0.0,-0.0,Sidewalk
886.5,150.2835,4.8824,-0.03491,0.0,0.06981,147.7192,1.6335,stand_3,179.562,0.0,0.06981,0.0,0.06981,Sidewalk
887.0,150.2835,4.8824,-0.03491,0.0,-0.0,147.7192,1.6335,stand_3,179.5536,0.0,-0.0,0.0,-0.0,Sidewalk
887.5,150.2835,4.8824,-0.0,0.0,0.06981,147.7192,1.6335,stand_3,179.562,0.0,0.06981,0.0,0.06981,Sidewalk
888.0,150.2835,4.8824,-0.0,0.0,-0.0,147.7192,1.6335,stand_3,179.5536,0.0,-0.0,0.0,-0.0,Sidewalk
888.5,150.2835,4.8824,0.03491,0.0,0.06981,147.7192,1.6335,stand_3,179.562,0.0,0.06981,0.0,0.06981,Sidewalk
889.0,150.2835,4.8824,0.03491,0.0,-0.0,147.7192,1.6335,stand_3,179.5536,0.0,-0.0,0.0,-0.0,Sidewalk
889.5,150.2835,4.8824,0.06981,0.0,0.06981,147.7192,1.6335,stand_3,179.562,0.0,0.06981,0.0,0.06981,Sidewalk
890.0,150.2835,4.8824,0.06981,0.0,-0.0,147.7192,1.6335,stand_3,179.5536,0.0,-0.0,0.0,-0.0,Sidewalk
890.5,150.2835,4.8824,0.10472,0.0,0.06981,147.7192,1.6335,stand_3,179.562,0.0,0.06981,0.0,0.06981,Sidewalk
891.0,150.2835,4.8824,0.10472,0.0,-0.0,147.7192,1.6335,stand_3,179.5536,0.0,-0.0,0.0,-0.0,Sidewalk
891.5,150.2835,4.8824,0.13963,0.0,0.06981,147.7192,1.6335,stand_3,179.562,0.0,0.06981,0.0,0.06981,Sidewalk
892.0,150.2835,4.8824,0.13963,0.0,-0.0,147.7192,1.6335,stand_3,179.5536,0.0,-0.0,0.0,-0.0,Sidewalk
892.5,150.2835,4.8824,0.17453,0.0,0.06981,147.7192,1.6335,stand_3,179.562,0.0,0.06981,0.0,0.06981,Sidewalk
893.0,150.2835,4.8824,0.17453,0.0,-0.0,147.7192,1.6335,stand_3,179.5537,0.0,-0.0,0.0,-0.0,Sidewalk
893.5,150.2835,4.8824,0.20944,0.0,0.06981,147.7192,1.6335,stand_3,179.562,0.0,0.06981,0.0,0.06981,Sidewalk
894.0,150.2835,4.8824,0.20944,0.0,-0.0,147.7192,1.6335,stand_3,179.5537,0.0,-0.0,0.0,-0.0,Sidewalk
894.5,150.2835,4.8824,0.24435,0.0,0.06981,147.7192,1.6335,stand_3,179.562,0.0,0.06981,0.0,0.06981,Sidewalk
895.0,150.2835,4.8824,0.24435,0.0,-0.0,147.7192,1.6335,stand_3,179.5537,0.0,-0.0,0.0,-0.0,Sidewalk
895.5,150.2835,4.8824,0.27925,0.0,0.06981,147.7192,1.6335,stand_3,179.562,0.0,0.06981,0.0,0.06981,Sidewalk
896.0,150.2835,4.8824,0.27925,0.0,-0.0,147.7192,1.6335,stand_3,179.5537,0.0,-0.0,0.0,-0.0,Sidewalk
896.5,150.2835,4.8824,0.31416,0.0,0.06981,147.7192,1.6335,stand_3,179.562,0.0,0.06981,0.0,0.06981,Sidewalk
897.0,150.2835,4.8824,0.31416,0.0,-0.0,147.7192,1.6335,stand_3,179.5537,0.0,-0.0,0.0,-0.0,Sidewalk
897.5,150.2835,4.8824,0.34907,0.0,0.06981,147.7192,1.6335,stand_3,179.562,0.0,0.06981,0.0,0.06981,Sidewalk
898.0,150.2835,4.8824,0.34907,0.0,-0.0,147.7192,1.6335,stand_3,179.5537,0.0,-0.0,0.0,-0.0,Sidewalk
898.5,150.2835,4.8824,0.38397,0.0,0.06981,147.7192,1.6335,stand_3,179.5621,0.0,0.06981,0.0,0.06981,Sidewalk
899.0,150.2835,4.8824,0.38397,0.0,-0.0,147.7192,1.6335,stand_3,179.5537,0.0,-0.0,0.0,-0.0,Sidewalk
899.5,150.2835,4.8824,0.41888,0.0,0.06981,147.7192,1.6335,stand_3,179.5621,0.0,0.06981,0.0,0.06981,Sidewalk
900.0,150.2835,4.8824,0.41888,0.0,-0.0,147.7192,1.6335,stand_3,179.5537,0.0,-0.0,0.0,-0.0,Sidewalk
900.5,150.2835,4.8824,0.45379,0.0,0.06981,147.7192,1.6335,stand_3,179.5621,0.0,0.06981,0.0,0.06981,Sidewalk
