time,x,y,yaw,v,w,goal_distance,min_person_dist,closest_person,total_cost,action_linear_x,action_angular_z,observation_state_linear_x,observation_state_angular_z,observation_state_road_type
0.5,2.08,3.9972,-0.03491,0.16,-0.06981,295.92,2.9201,walk_east_mid.0,355.8633,0.16,-0.06981,0.16,-0.06981,Sidewalk
1.0,2.2399,3.9916,-0.03491,0.32,-0.0,295.7601,3.2429,walk_east_up.0,355.1022,0.32,-0.0,0.32,-0.0,Sidewalk
1.5,2.4593,3.9763,-0.06981,0.44,-0.06981,295.5407,3.4962,walk_east_up.0,354.4115,0.44,-0.06981,0.44,-0.06981,Sidewalk
2.0,2.697,3.9429,-0.13963,0.48,-0.13963,295.303,3.6708,walk_east_up.0,353.8759,0.48,-0.13963,0.48,-0.13963,Sidewalk
2.5,2.9924,3.8908,-0.17453,0.6,-0.06981,295.0076,3.8675,walk_east_up.0,353.1708,0.6,-0.06981,0.6,-0.06981,Sidewalk
3.0,3.3076,3.8352,-0.17453,0.64,-0.0,294.6925,3.9949,walk_east_up.0,352.6797,0.64,-0.0,0.64,-0.0,Sidewalk
3.5,3.6046,3.7935,-0.13963,0.6,0.06981,294.3954,4.1778,walk_east_up.0,352.2611,0.6,0.06981,0.6,0.06981,Sidewalk
4.0,3.9611,3.7434,-0.13963,0.72,-0.0,294.039,4.298,walk_east_up.0,351.5112,0.72,-0.0,0.72,-0.0,Sidewalk
4.5,4.2993,3.7078,-0.10472,0.68,0.06981,293.7009,4.4416,walk_east_up.0,351.0987,0.68,0.06981,0.68,0.06981,Sidewalk
5.0,4.6573,3.6702,-0.10472,0.72,-0.0,293.3429,4.5198,walk_east_up.0,350.3931,0.72,-0.0,0.72,-0.0,Sidewalk
5.5,5.0364,3.6437,-0.06981,0.76,0.06981,292.9638,4.5829,walk_east_up.0,349.9977,0.76,0.06981,0.76,0.06981,Sidewalk
6.0,5.4354,3.6158,-0.06981,0.8,-0.0,292.5648,4.6408,walk_east_up.0,349.2443,0.8,-0.0,0.8,-0.0,Sidewalk
6.5,5.8152,3.6025,-0.03491,0.76,0.06981,292.1851,4.7108,walk_east_up.0,348.9391,0.76,0.06981,0.76,0.06981,Sidewalk
7.0,6.2149,3.5886,-0.03491,0.8,-0.0,291.7854,4.7187,walk_east_up.0,348.1943,0.8,-0.0,0.8,-0.0,Sidewalk
7.5,6.5949,3.5886,-0.0,0.76,0.06981,291.4054,4.8085,walk_east_up.0,347.9277,0.76,0.06981,0.76,0.06981,Sidewalk
8.0,6.9949,3.5886,-0.0,0.8,-0.0,291.0054,4.8428,walk_east_up.0,347.1468,0.8,-0.0,0.8,-0.0,Sidewalk
8.5,7.3347,3.5767,-0.03491,0.68,-0.06981,290.6656,4.9893,walk_east_up.0,346.8019,0.68,-0.06981,0.68,-0.06981,Sidewalk
9.0,7.7745,3.5613,-0.03491,0.88,-0.0,290.2259,4.9586,walk_east_up.0,345.9982,0.88,-0.0,0.88,-0.0,Sidewalk
9.5,8.1945,3.5613,-0.0,0.84,0.06981,289.8059,5.0217,walk_east_up.0,345.7541,0.84,0.06981,0.84,0.06981,Sidewalk
10.0,8.6345,3.5613,-0.0,0.88,-0.0,289.3659,5.0202,walk_east_up.0,344.8894,0.88,-0.0,0.88,-0.0,Sidewalk
10.5,8.9742,3.5495,-0.03491,0.68,-0.06981,289.0261,5.0818,walk_east_up.0,344.756,0.68,-0.06981,0.68,-0.06981,Sidewalk
11.0,9.414,3.5341,-0.03491,0.88,-0.0,288.5864,5.0736,walk_east_up.0,343.757,0.88,-0.0,0.88,-0.0,Sidewalk
11.5,9.834,3.5341,-0.0,0.84,0.06981,288.1664,5.1399,walk_east_up.0,343.6271,0.84,0.06981,0.84,0.06981,Sidewalk
12.0,10.274,3.5341,-0.0,0.88,-0.0,287.7264,5.1393,walk_east_up.0,342.7507,0.88,-0.0,0.88,-0.0,Sidewalk
12.5,10.6937,3.5488,0.03491,0.84,0.06981,287.3066,5.119,walk_east_up.0,342.6685,0.84,0.06981,0.84,0.06981,Sidewalk
13.0,11.1335,3.5641,0.03491,0.88,-0.0,286.8669,5.1313,walk_east_up.0,341.8254,0.88,-0.0,0.88,-0.0,Sidewalk
13.5,11.5535,3.5641,-0.0,0.84,-0.06981,286.4469,5.1227,walk_east_up.0,341.0893,0.84,-0.06981,0.84,-0.06981,Sidewalk
14.0,11.9935,3.5641,-0.0,0.88,-0.0,286.0069,5.11,walk_east_up.0,340.7288,0.88,-0.0,0.88,-0.0,Sidewalk
14.5,12.4132,3.5788,0.03491,0.84,0.06981,285.5871,5.1671,walk_east_up.0,340.5459,0.84,0.06981,0.84,0.06981,Sidewalk
15.0,12.8529,3.5941,0.03491,0.88,-0.0,285.1474,5.1685,walk_east_up.0,339.7342,0.88,-0.0,0.88,-0.0,Sidewalk
15.5,13.3129,3.5941,-0.0,0.92,-0.06981,284.6874,5.1322,walk_east_up.0,338.7157,0.92,-0.06981,0.92,-0.06981,Sidewalk
16.0,13.7529,3.5941,-0.0,0.88,-0.0,284.2474,5.1478,walk_east_up.0,338.5943,0.88,-0.0,0.88,-0.0,Sidewalk
16.5,14.1727,3.6088,0.03491,0.84,0.06981,283.8276,5.119,walk_east_up.0,338.4968,0.84,0.06981,0.84,0.06981,Sidewalk
17.0,14.6124,3.6242,0.03491,0.88,-0.0,283.3878,5.1131,walk_east_up.0,337.6981,0.88,-0.0,0.88,-0.0,Sidewalk
17.5,15.0724,3.6242,-0.0,0.92,-0.06981,282.9278,5.0559,walk_east_up.0,336.6594,0.92,-0.06981,0.92,-0.06981,Sidewalk
18.0,15.5124,3.6242,-0.0,0.88,-0.0,282.4878,5.0543,walk_east_up.0,336.5932,0.88,-0.0,0.88,-0.0,Sidewalk
18.5,15.8922,3.6109,-0.03491,0.76,-0.06981,282.1081,5.1307,walk_east_up.0,336.1487,0.76,-0.06981,0.76,-0.06981,Sidewalk
19.0,16.3319,3.5955,-0.03491,0.88,-0.0,281.6684,5.122,walk_east_up.0,335.4431,0.88,-0.0,0.88,-0.0,Sidewalk
19.5,16.7519,3.5955,-0.0,0.84,0.06981,281.2484,5.1449,walk_east_up.0,335.3273,0.84,0.06981,0.84,0.06981,Sidewalk
20.0,17.1919,3.5955,-0.0,0.88,-0.0,280.8084,5.1353,walk_east_up.0,334.4803,0.88,-0.0,0.88,-0.0,Sidewalk
20.5,17.6117,3.6102,0.03491,0.84,0.06981,280.3886,5.1402,walk_east_up.1,334.2916,0.84,0.06981,0.84,0.06981,Sidewalk
21.0,18.0514,3.6256,0.03491,0.88,-0.0,279.9489,5.1767,walk_east_up.1,333.4649,0.88,-0.0,0.88,-0.0,Sidewalk
21.5,18.5114,3.6256,-0.0,0.92,-0.06981,279.4889,5.1614,walk_east_up.1,332.4634,0.92,-0.06981,0.92,-0.06981,Sidewalk
22.0,18.9514,3.6256,-0.0,0.88,-0.0,279.0489,5.1904,walk_east_up.1,332.3166,0.88,-0.0,0.88,-0.0,Sidewalk
22.5,19.3312,3.6123,-0.03491,0.76,-0.06981,278.6691,5.137,walk_east_up.1,331.9836,0.76,-0.06981,0.76,-0.06981,Sidewalk
23.0,19.7709,3.5969,-0.03491,0.88,-0.0,278.2294,5.101,walk_east_up.1,331.2056,0.88,-0.0,0.88,-0.0,Sidewalk
23.5,20.1909,3.5969,-0.0,0.84,0.06981,277.8094,5.1278,walk_east_up.1,331.0588,0.84,0.06981,0.84,0.06981,Sidewalk
24.0,20.6309,3.5969,-0.0,0.88,-0.0,277.3694,5.1178,walk_east_up.1,330.2106,0.88,-0.0,0.88,-0.0,Sidewalk
24.5,21.0506,3.6116,0.03491,0.84,0.06981,276.9496,5.0777,walk_east_up.1,330.0619,0.84,0.06981,0.84,0.06981,Sidewalk
25.0,21.4904,3.6269,0.03491,0.88,-0.0,276.5099,5.1132,walk_east_up.1,329.2414,0.88,-0.0,0.88,-0.0,Sidewalk
25.5,21.9504,3.6269,-0.0,0.92,-0.06981,276.0499,5.1324,walk_east_up.1,328.2964,0.92,-0.06981,0.92,-0.06981,Sidewalk
26.0,22.3904,3.6269,-0.0,0.88,-0.0,275.6099,5.1315,walk_east_up.1,328.1187,0.88,-0.0,0.88,-0.0,Sidewalk
26.5,22.7701,3.6137,-0.03491,0.76,-0.06981,275.2301,5.0952,walk_east_mid.1,327.8244,0.76,-0.06981,0.76,-0.06981,Sidewalk
27.0,23.2099,3.5983,-0.03491,0.88,-0.0,274.7904,5.0237,walk_east_mid.1,327.0134,0.88,-0.0,0.88,-0.0,Sidewalk
27.5,23.6699,3.5983,-0.0,0.92,0.06981,274.3304,5.0437,walk_east_mid.1,326.7924,0.92,0.06981,0.92,0.06981,Sidewalk
28.0,24.1099,3.5983,-0.0,0.88,-0.0,273.8904,5.014,walk_east_mid.1,325.9573,0.88,-0.0,0.88,-0.0,Sidewalk
28.5,24.5696,3.6144,0.03491,0.92,0.06981,273.4307,4.956,walk_east_mid.1,325.7018,0.92,0.06981,0.92,0.06981,Sidewalk
29.0,25.0093,3.6297,0.03491,0.88,-0.0,272.9909,4.8784,walk_east_mid.1,324.9892,0.88,-0.0,0.88,-0.0,Sidewalk
29.5,25.4693,3.6297,-0.0,0.92,-0.06981,272.5309,4.8692,walk_east_mid.1,324.0542,0.92,-0.06981,0.92,-0.06981,Sidewalk
30.0,25.9093,3.6297,-0.0,0.88,-0.0,272.0909,4.8443,walk_east_mid.1,323.8384,0.88,-0.0,0.88,-0.0,Sidewalk
30.5,26.2891,3.6165,-0.03491,0.76,-0.06981,271.7112,4.7601,walk_east_mid.1,323.5818,0.76,-0.06981,0.76,-0.06981,Sidewalk
31.0,26.7288,3.6011,-0.03491,0.88,-0.0,271.2715,4.7671,walk_east_mid.1,322.7661,0.88,-0.0,0.88,-0.0,Sidewalk
31.5,27.1888,3.6011,-0.0,0.92,0.06981,270.8115,4.7697,walk_east_mid.1,322.5778,0.92,0.06981,0.92,0.06981,Sidewalk
32.0,27.6288,3.6011,-0.0,0.88,-0.0,270.3715,4.7,walk_east_mid.1,321.7981,0.88,-0.0,0.88,-0.0,Sidewalk
32.5,28.0486,3.6158,0.03491,0.84,0.06981,269.9517,4.6586,walk_east_mid.1,321.6447,0.84,0.06981,0.84,0.06981,Sidewalk
33.0,28.4883,3.6311,0.03491,0.88,-0.0,269.512,4.6225,walk_east_mid.1,320.8273,0.88,-0.0,0.88,-0.0,Sidewalk
33.5,28.9483,3.6311,-0.0,0.92,-0.06981,269.052,4.5752,walk_east_mid.1,319.8919,0.92,-0.06981,0.92,-0.06981,Sidewalk
34.0,29.3883,3.6311,-0.0,0.88,-0.0,268.612,4.5904,walk_east_mid.1,319.7444,0.88,-0.0,0.88,-0.0,Sidewalk
34.5,29.7681,3.6179,-0.03491,0.76,-0.06981,268.2322,4.5054,walk_east_mid.1,319.4373,0.76,-0.06981,0.76,-0.06981,Sidewalk
35.0,30.2078,3.6025,-0.03491,0.88,-0.0,267.7925,4.4771,walk_east_mid.1,318.6636,0.88,-0.0,0.88,-0.0,Sidewalk
35.5,30.6278,3.6025,-0.0,0.84,0.06981,267.3725,4.4249,walk_east_dn.1,318.5294,0.84,0.06981,0.84,0.06981,Sidewalk
36.0,31.0678,3.6025,-0.0,0.88,-0.0,266.9325,4.3254,walk_east_dn.1,317.6703,0.88,-0.0,0.88,-0.0,Sidewalk
36.5,31.4875,3.6172,0.03491,0.84,0.06981,266.5127,4.2194,walk_east_dn.1,317.5075,0.84,0.06981,0.84,0.06981,Sidewalk
37.0,31.9273,3.6325,0.03491,0.88,-0.0,266.073,4.1638,walk_east_dn.1,316.7241,0.88,-0.0,0.88,-0.0,Sidewalk
37.5,32.3873,3.6325,-0.0,0.92,-0.06981,265.613,4.1529,walk_east_dn.1,315.7656,0.92,-0.06981,0.92,-0.06981,Sidewalk
38.0,32.8273,3.6325,-0.0,0.88,-0.0,265.173,4.109,walk_east_dn.1,315.5917,0.88,-0.0,0.88,-0.0,Sidewalk
38.5,33.207,3.6193,-0.03491,0.76,-0.06981,264.7932,3.9857,walk_east_dn.1,315.2882,0.76,-0.06981,0.76,-0.06981,Sidewalk
39.0,33.6468,3.6039,-0.03491,0.88,-0.0,264.3535,3.974,walk_east_dn.1,314.5138,0.88,-0.0,0.88,-0.0,Sidewalk
39.5,34.1068,3.6039,-0.0,0.92,0.06981,263.8935,3.9844,walk_east_dn.1,314.3132,0.92,0.06981,0.92,0.06981,Sidewalk
40.0,34.5468,3.6039,-0.0,0.88,-0.0,263.4535,3.9323,walk_east_dn.1,313.4861,0.88,-0.0,0.88,-0.0,Sidewalk
40.5,34.9665,3.6186,0.03491,0.84,0.06981,263.0338,3.8275,walk_east_dn.1,313.2783,0.84,0.06981,0.84,0.06981,Sidewalk
41.0,35.4062,3.6339,0.03491,0.88,-0.0,262.594,3.8338,walk_east_dn.1,312.5349,0.88,-0.0,0.88,-0.0,Sidewalk
41.5,35.8662,3.6339,-0.0,0.92,-0.06981,262.134,3.8484,walk_east_dn.1,311.5761,0.92,-0.06981,0.92,-0.06981,Sidewalk
42.0,36.3062,3.6339,-0.0,0.88,-0.0,261.694,3.8156,walk_east_dn.1,311.43,0.88,-0.0,0.88,-0.0,Sidewalk
42.5,36.686,3.6207,-0.03491,0.76,-0.06981,261.3143,3.6709,walk_east_dn.1,311.1137,0.76,-0.06981,0.76,-0.06981,Sidewalk
43.0,37.1257,3.6053,-0.03491,0.88,-0.0,260.8746,3.6735,walk_east_dn.1,310.3402,0.88,-0.0,0.88,-0.0,Sidewalk
43.5,37.5857,3.6053,-0.0,0.92,0.06981,260.4146,3.6566,walk_east_dn.1,310.1503,0.92,0.06981,0.92,0.06981,Sidewalk
44.0,38.0257,3.6053,-0.0,0.88,-0.0,259.9746,3.6373,walk_east_dn.1,309.2961,0.88,-0.0,0.88,-0.0,Sidewalk
44.5,38.4455,3.62,0.03491,0.84,0.06981,259.5548,3.6031,walk_east_dn.1,309.1207,0.84,0.06981,0.84,0.06981,Sidewalk
45.0,38.8852,3.6353,0.03491,0.88,-0.0,259.115,3.5118,walk_east_dn.1,308.3626,0.88,-0.0,0.88,-0.0,Sidewalk
45.5,39.3452,3.6353,-0.0,0.92,-0.06981,258.655,3.5125,walk_east_dn.1,307.4342,0.92,-0.06981,0.92,-0.06981,Sidewalk
46.0,39.7852,3.6353,-0.0,0.88,-0.0,258.215,3.4346,walk_east_dn.1,307.2954,0.88,-0.0,0.88,-0.0,Sidewalk
46.5,40.165,3.6221,-0.03491,0.76,-0.06981,257.8353,3.2971,walk_east_dn.1,306.9537,0.76,-0.06981,0.76,-0.06981,Sidewalk
47.0,40.6047,3.6067,-0.03491,0.88,-0.0,257.3956,3.2833,walk_east_dn.1,306.1472,0.88,-0.0,0.88,-0.0,Sidewalk
47.5,41.0647,3.6067,-0.0,0.92,0.06981,256.9356,3.2335,walk_east_dn.1,305.935,0.92,0.06981,0.92,0.06981,Sidewalk
48.0,41.5047,3.6067,-0.0,0.88,-0.0,256.4956,3.1708,walk_east_dn.1,305.1641,0.88,-0.0,0.88,-0.0,Sidewalk
48.5,41.9245,3.6214,0.03491,0.84,0.06981,256.0758,3.0545,walk_east_dn.1,304.9604,0.84,0.06981,0.84,0.06981,Sidewalk
49.0,42.3642,3.6367,0.03491,0.88,-0.0,255.6361,3.0484,walk_east_dn.1,304.1641,0.88,-0.0,0.88,-0.0,Sidewalk
49.5,42.8242,3.6367,-0.0,0.92,-0.06981,255.1761,2.9726,walk_east_dn.1,303.2382,0.92,-0.06981,0.92,-0.06981,Sidewalk
50.0,43.2642,3.6367,-0.0,0.88,-0.0,254.7361,2.9024,walk_east_dn.1,303.1001,0.88,-0.0,0.88,-0.0,Sidewalk
50.5,43.644,3.6235,-0.03491,0.76,-0.06981,254.3563,2.7573,walk_east_dn.1,302.7875,0.76,-0.06981,0.76,-0.06981,Sidewalk
51.0,44.0837,3.6081,-0.03491,0.88,-0.0,253.9166,2.7332,walk_east_dn.1,302.0226,0.88,-0.0,0.88,-0.0,Sidewalk
51.5,44.5037,3.6081,-0.0,0.84,0.06981,253.4966,2.6353,walk_east_dn.1,301.8746,0.84,0.06981,0.84,0.06981,Sidewalk
52.0,44.9437,3.6081,-0.0,0.88,-0.0,253.0566,2.6256,walk_east_dn.1,301.0789,0.88,-0.0,0.88,-0.0,Sidewalk
52.5,45.3634,3.6228,0.03491,0.84,0.06981,252.6368,2.6062,walk_east_dn.1,300.8651,0.84,0.06981,0.84,0.06981,Sidewalk
53.0,45.8032,3.6381,0.03491,0.88,-0.0,252.1971,2.512,walk_east_dn.1,300.1182,0.88,-0.0,0.88,-0.0,Sidewalk
53.5,46.2632,3.6381,-0.0,0.92,-0.06981,251.7371,2.5013,walk_east_dn.1,299.133,0.92,-0.06981,0.92,-0.06981,Sidewalk
54.0,46.7032,3.6381,-0.0,0.88,-0.0,251.2971,2.4292,walk_east_dn.1,298.9578,0.88,-0.0,0.88,-0.0,Sidewalk
54.5,47.1229,3.6528,0.03491,0.84,0.06981,250.8773,2.3138,walk_east_dn.1,298.7738,0.84,0.06981,0.84,0.06981,Sidewalk
55.0,47.5626,3.6681,0.03491,0.88,-0.0,250.4376,2.2523,walk_east_dn.1,297.9567,0.88,-0.0,0.88,-0.0,Sidewalk
55.5,48.0226,3.6681,-0.0,0.92,-0.06981,249.9776,2.1878,walk_east_dn.1,297.0456,0.92,-0.06981,0.92,-0.06981,Sidewalk
56.0,48.4626,3.6681,-0.0,0.88,-0.0,249.5376,2.1463,walk_east_dn.1,296.8372,0.88,-0.0,0.88,-0.0,Sidewalk
56.5,48.8824,3.6828,0.03491,0.84,0.06981,249.1178,2.074,walk_east_dn.1,296.6681,0.84,0.06981,0.84,0.06981,Sidewalk
57.0,49.3221,3.6981,0.03491,0.88,-0.0,248.6781,1.9925,walk_east_dn.1,295.8949,0.88,-0.0,0.88,-0.0,Sidewalk
57.5,49.7821,3.6981,-0.0,0.92,-0.06981,248.2181,2.0085,walk_east_dn.1,295.0883,0.92,-0.06981,0.92,-0.06981,Sidewalk
58.0,50.2221,3.6981,-0.0,0.88,-0.0,247.7781,2.0078,walk_east_dn.1,294.841,0.88,-0.0,0.88,-0.0,Sidewalk
58.5,50.6419,3.6835,-0.03491,0.84,-0.06981,247.3583,1.9624,walk_east_dn.1,294.5287,0.84,-0.06981,0.84,-0.06981,Sidewalk
59.0,51.0816,3.6681,-0.03491,0.88,-0.0,246.9186,1.8901,walk_east_dn.1,293.7718,0.88,-0.0,0.88,-0.0,Sidewalk
59.5,51.5016,3.6681,-0.0,0.84,0.06981,246.4986,1.7888,walk_east_dn.1,293.6544,0.84,0.06981,0.84,0.06981,Sidewalk
60.0,51.9416,3.6681,-0.0,0.88,-0.0,246.0586,1.781,walk_east_dn.1,292.8672,0.88,-0.0,0.88,-0.0,Sidewalk
60.5,52.3613,3.6828,0.03491,0.84,0.06981,245.6389,1.7532,walk_east_dn.1,292.6947,0.84,0.06981,0.84,0.06981,Sidewalk
61.0,52.8011,3.6981,0.03491,0.88,-0.0,245.1991,1.7226,walk_east_dn.1,291.9158,0.88,-0.0,0.88,-0.0,Sidewalk
61.5,53.2611,3.6981,-0.0,0.92,-0.06981,244.7391,1.6977,walk_east_dn.1,291.2859,0.92,-0.06981,0.92,-0.06981,Sidewalk
62.0,53.7011,3.6981,-0.0,0.88,-0.0,244.2991,1.6963,walk_east_dn.1,290.8731,0.88,-0.0,0.88,-0.0,Sidewalk
62.5,54.1208,3.7128,0.03491,0.84,0.06981,243.8793,1.6204,walk_east_dn.1,290.7842,0.84,0.06981,0.84,0.06981,Sidewalk
63.0,54.5606,3.7282,0.03491,0.88,-0.0,243.4396,1.5288,walk_east_dn.1,290.1281,0.88,-0.0,0.88,-0.0,Sidewalk
63.5,55.0206,3.7282,-0.0,0.92,-0.06981,242.9796,1.4864,walk_east_dn.1,289.5476,0.92,-0.06981,0.92,-0.06981,Sidewalk
64.0,55.4606,3.7282,-0.0,0.88,-0.0,242.5396,1.4512,walk_east_dn.1,289.2104,0.88,-0.0,0.88,-0.0,Sidewalk
64.5,55.9203,3.7442,0.03491,0.92,0.06981,242.0799,1.4631,walk_east_dn.1,288.7608,0.92,0.06981,0.92,0.06981,Sidewalk
65.0,56.36,3.7596,0.03491,0.88,-0.0,241.6401,1.398,walk_east_dn.1,288.2583,0.88,-0.0,0.88,-0.0,Sidewalk
65.5,56.82,3.7596,-0.0,0.92,-0.06981,241.1801,1.417,walk_east_dn.1,287.5437,0.92,-0.06981,0.92,-0.06981,Sidewalk
66.0,57.26,3.7596,-0.0,0.88,-0.0,240.7401,1.3255,walk_east_dn.1,287.3733,0.88,-0.0,0.88,-0.0,Sidewalk
66.5,57.7197,3.7756,0.03491,0.92,0.06981,240.2804,1.2757,walk_east_dn.1,286.8768,0.92,0.06981,0.92,0.06981,Sidewalk
67.0,58.1595,3.791,0.03491,0.88,-0.0,239.8406,1.243,walk_east_dn.1,286.5591,0.88,-0.0,0.88,-0.0,Sidewalk
67.5,58.6195,3.791,-0.0,0.92,-0.06981,239.3806,1.1875,walk_east_dn.1,286.0994,0.92,-0.06981,0.92,-0.06981,Sidewalk
68.0,59.0595,3.791,-0.0,0.88,-0.0,238.9406,1.1552,walk_east_dn.1,285.8223,0.88,-0.0,0.88,-0.0,Sidewalk
68.5,59.5192,3.807,0.03491,0.92,0.06981,238.4809,1.151,walk_east_dn.1,285.1921,0.92,0.06981,0.92,0.06981,Sidewalk
69.0,59.9589,3.8224,0.03491,0.88,-0.0,238.0412,1.1574,walk_east_dn.1,284.7344,0.88,-0.0,0.88,-0.0,Sidewalk
69.5,60.4178,3.8545,0.06981,0.92,0.06981,237.5823,1.1044,walk_east_dn.1,284.3688,0.92,0.06981,0.92,0.06981,Sidewalk
70.0,60.8567,3.8852,0.06981,0.88,-0.0,237.1433,1.0863,walk_east_dn.1,284.0064,0.88,-0.0,0.88,-0.0,Sidewalk
70.5,61.3164,3.9012,0.03491,0.92,-0.06981,236.6836,1.0284,walk_east_dn.1,283.6381,0.92,-0.06981,0.92,-0.06981,Sidewalk
71.0,61.7562,3.9166,0.03491,0.88,-0.0,236.2438,1.0197,walk_east_dn.1,283.3108,0.88,-0.0,0.88,-0.0,Sidewalk
71.5,62.215,3.9487,0.06981,0.92,0.06981,235.785,1.0088,walk_east_dn.1,282.7719,0.92,0.06981,0.92,0.06981,Sidewalk
72.0,62.654,3.9794,0.06981,0.88,-0.0,235.346,1.0056,walk_east_dn.1,282.3355,0.88,-0.0,0.88,-0.0,Sidewalk
72.5,63.1137,3.9954,0.03491,0.92,-0.06981,234.8863,1.0113,walk_east_dn.1,281.5904,0.92,-0.06981,0.92,-0.06981,Sidewalk
73.0,63.5534,4.0108,0.03491,0.88,-0.0,234.4466,0.9877,walk_east_dn.1,281.374,0.88,-0.0,0.88,-0.0,Sidewalk
73.5,64.0123,4.0429,0.06981,0.92,0.06981,233.9877,0.9579,walk_east_dn.1,280.9938,0.92,0.06981,0.92,0.06981,Sidewalk
74.0,64.4512,4.0735,0.06981,0.88,-0.0,233.5488,0.9403,walk_east_dn.1,280.6791,0.88,-0.0,0.88,-0.0,Sidewalk
74.5,64.911,4.0896,0.03491,0.92,-0.06981,233.0891,0.9667,walk_east_dn.1,279.7542,0.92,-0.06981,0.92,-0.06981,Sidewalk
75.0,65.3507,4.105,0.03491,0.88,-0.0,232.6493,0.9263,walk_east_dn.1,279.7148,0.88,-0.0,0.88,-0.0,Sidewalk
75.5,65.8096,4.137,0.06981,0.92,0.06981,232.1905,0.9663,walk_east_dn.1,278.7749,0.92,0.06981,0.92,0.06981,Sidewalk
76.0,66.2485,4.1677,0.06981,0.88,-0.0,231.7516,0.94,walk_east_dn.1,278.5273,0.88,-0.0,0.88,-0.0,Sidewalk
76.5,66.7082,4.1838,0.03491,0.92,-0.06981,231.2919,0.9357,walk_east_dn.1,277.8522,0.92,-0.06981,0.92,-0.06981,Sidewalk
77.0,67.1479,4.1991,0.03491,0.88,-0.0,230.8521,0.9329,walk_east_dn.1,277.5007,0.88,-0.0,0.88,-0.0,Sidewalk
77.5,67.6079,4.1991,-0.0,0.92,-0.06981,230.3921,0.9397,walk_east_dn.1,276.761,0.92,-0.06981,0.92,-0.06981,Sidewalk
78.0,68.0479,4.1991,-0.0,0.88,-0.0,229.9521,0.9317,walk_east_dn.1,276.427,0.88,-0.0,0.88,-0.0,Sidewalk
78.5,68.5077,4.2152,0.03491,0.92,0.06981,229.4924,0.951,walk_east_dn.1,275.6276,0.92,0.06981,0.92,0.06981,Sidewalk
79.0,68.9474,4.2306,0.03491,0.88,-0.0,229.0527,0.9591,walk_east_dn.1,275.1229,0.88,-0.0,0.88,-0.0,Sidewalk
79.5,69.4074,4.2306,-0.0,0.92,-0.06981,228.5927,0.9446,walk_east_dn.1,274.5594,0.92,-0.06981,0.92,-0.06981,Sidewalk
80.0,69.8474,4.2306,-0.0,0.88,-0.0,228.1527,0.9293,walk_east_dn.1,274.2903,0.88,-0.0,0.88,-0.0,Sidewalk
80.5,70.3071,4.2466,0.03491,0.92,0.06981,227.693,0.9372,walk_east_dn.1,273.5867,0.92,0.06981,0.92,0.06981,Sidewalk
81.0,70.7468,4.262,0.03491,0.88,-0.0,227.2533,0.9318,walk_east_dn.1,273.1944,0.88,-0.0,0.88,-0.0,Sidewalk
81.5,71.2068,4.262,-0.0,0.92,-0.06981,226.7933,0.934,walk_east_dn.1,272.4917,0.92,-0.06981,0.92,-0.06981,Sidewalk
82.0,71.6468,4.262,-0.0,0.88,-0.0,226.3533,0.9294,walk_east_dn.1,272.1309,0.88,-0.0,0.88,-0.0,Sidewalk
82.5,72.1066,4.278,0.03491,0.92,0.06981,225.8936,0.9448,walk_east_dn.1,271.3639,0.92,0.06981,0.92,0.06981,Sidewalk
83.0,72.5463,4.2934,0.03491,0.88,-0.0,225.4539,0.9577,walk_east_dn.1,270.8179,0.88,-0.0,0.88,-0.0,Sidewalk
83.5,73.0063,4.2934,-0.0,0.92,-0.06981,224.9939,0.9569,walk_east_dn.1,270.1393,0.92,-0.06981,0.92,-0.06981,Sidewalk
84.0,73.4463,4.2934,-0.0,0.88,-0.0,224.5539,0.952,walk_east_dn.1,269.779,0.88,-0.0,0.88,-0.0,Sidewalk
84.5,73.906,4.2773,-0.03491,0.92,-0.06981,224.0942,0.9332,walk_east_dn.1,269.2872,0.92,-0.06981,0.92,-0.06981,Sidewalk
85.0,74.3458,4.262,-0.03491,0.88,-0.0,223.6544,0.9176,walk_east_dn.1,269.0012,0.88,-0.0,0.88,-0.0,Sidewalk
85.5,74.8058,4.262,-0.0,0.92,0.06981,223.1944,0.9189,walk_east_dn.1,268.3213,0.92,0.06981,0.92,0.06981,Sidewalk
86.0,75.2458,4.262,-0.0,0.88,-0.0,222.7544,0.9188,walk_east_dn.1,267.9089,0.88,-0.0,0.88,-0.0,Sidewalk
86.5,75.7055,4.278,0.03491,0.92,0.06981,222.2947,0.9342,walk_east_dn.1,267.1364,0.92,0.06981,0.92,0.06981,Sidewalk
87.0,76.1452,4.2934,0.03491,0.88,-0.0,221.855,0.9488,walk_east_dn.1,266.5713,0.88,-0.0,0.88,-0.0,Sidewalk
87.5,76.6052,4.2934,-0.0,0.92,-0.06981,221.395,0.9488,walk_east_dn.1,265.8873,0.92,-0.06981,0.92,-0.06981,Sidewalk
88.0,77.0452,4.2934,-0.0,0.88,-0.0,220.955,0.9511,walk_east_dn.1,265.5571,0.88,-0.0,0.88,-0.0,Sidewalk
88.5,77.5049,4.2773,-0.03491,0.92,-0.06981,220.4952,0.9336,walk_east_dn.1,264.9651,0.92,-0.06981,0.92,-0.06981,Sidewalk
89.0,77.9447,4.262,-0.03491,0.88,-0.0,220.0555,0.9284,walk_east_dn.1,264.5834,0.88,-0.0,0.88,-0.0,Sidewalk
89.5,78.3647,4.262,-0.0,0.84,0.06981,219.6355,0.9426,walk_east_dn.1,264.2369,0.84,0.06981,0.84,0.06981,Sidewalk
90.0,78.8047,4.262,-0.0,0.88,-0.0,219.1955,0.97,walk_east_dn.1,263.5786,0.88,-0.0,0.88,-0.0,Sidewalk
90.5,79.2244,4.2766,0.03491,0.84,0.06981,218.7758,1.0131,walk_east_dn.1,263.0825,0.84,0.06981,0.84,0.06981,Sidewalk
91.0,79.6242,4.2906,0.03491,0.8,-0.0,218.376,1.0605,walk_east_dn.1,262.6861,0.8,-0.0,0.8,-0.0,Sidewalk
91.5,80.0842,4.2906,-0.0,0.92,-0.06981,217.916,1.0743,walk_east_dn.1,261.8662,0.92,-0.06981,0.92,-0.06981,Sidewalk
92.0,80.5242,4.2906,-0.0,0.88,-0.0,217.476,1.1254,walk_east_dn.1,261.2144,0.88,-0.0,0.88,-0.0,Sidewalk
92.5,80.9439,4.3052,0.03491,0.84,0.06981,217.0563,1.1621,walk_east_dn.1,260.6163,0.84,0.06981,0.84,0.06981,Sidewalk
93.0,81.3836,4.3206,0.03491,0.88,-0.0,216.6166,1.2054,walk_east_dn.1,259.7749,0.88,-0.0,0.88,-0.0,Sidewalk
93.5,81.8436,4.3206,-0.0,0.92,-0.06981,216.1566,1.2431,walk_east_dn.1,259.6822,0.92,-0.06981,0.92,-0.06981,Sidewalk
94.0,82.2836,4.3206,-0.0,0.88,-0.0,215.7166,1.2472,walk_east_dn.1,258.9489,0.88,-0.0,0.88,-0.0,Sidewalk
94.5,82.7034,4.3353,0.03491,0.84,0.06981,215.2969,1.2879,walk_east_dn.1,258.2239,0.84,0.06981,0.84,0.06981,Sidewalk
95.0,83.1431,4.3506,0.03491,0.88,-0.0,214.8572,1.3566,walk_east_mid.1,257.5859,0.88,-0.0,0.88,-0.0,Sidewalk
95.5,83.6031,4.3506,-0.0,0.92,-0.06981,214.3972,1.3965,walk_east_dn.1,257.4088,0.92,-0.06981,0.92,-0.06981,Sidewalk
96.0,84.0431,4.3506,-0.0,0.88,-0.0,213.9572,1.4342,walk_east_mid.1,256.5635,0.88,-0.0,0.88,-0.0,Sidewalk
96.5,84.4229,4.3639,0.03491,0.76,0.06981,213.5774,1.4292,walk_east_mid.1,256.168,0.76,0.06981,0.76,0.06981,Sidewalk
97.0,84.8626,4.3792,0.03491,0.88,-0.0,213.1377,1.4062,walk_east_mid.1,255.208,0.88,-0.0,0.88,-0.0,Sidewalk
97.5,85.3226,4.3792,-0.0,0.92,-0.06981,212.6777,1.4788,walk_east_mid.1,255.4331,0.92,-0.06981,0.92,-0.06981,Sidewalk
98.0,85.7626,4.3792,-0.0,0.88,-0.0,212.2377,1.4946,walk_east_mid.1,254.4069,0.88,-0.0,0.88,-0.0,Sidewalk
98.5,86.1424,4.3925,0.03491,0.76,0.06981,211.858,1.398,walk_east_mid.1,253.884,0.76,0.06981,0.76,0.06981,Sidewalk
99.0,86.5821,4.4078,0.03491,0.88,-0.0,211.4183,1.3294,walk_east_mid.1,253.0028,0.88,-0.0,0.88,-0.0,Sidewalk
99.5,87.0421,4.4078,-0.0,0.92,-0.06981,210.9583,1.4565,walk_east_mid.1,253.2196,0.92,-0.06981,0.92,-0.06981,Sidewalk
100.0,87.4821,4.4078,-0.0,0.88,-0.0,210.5183,1.4483,walk_east_mid.1,252.0932,0.88,-0.0,0.88,-0.0,Sidewalk
100.5,87.8219,4.4197,0.03491,0.68,0.06981,210.1785,1.3603,walk_east_mid.1,251.9482,0.68,0.06981,0.68,0.06981,Sidewalk
101.0,88.2616,4.4351,0.03491,0.88,-0.0,209.7388,1.2917,walk_east_mid.1,250.8069,0.88,-0.0,0.88,-0.0,Sidewalk
101.5,88.7216,4.4351,-0.0,0.92,-0.06981,209.2788,1.5504,walk_east_mid.1,251.4489,0.92,-0.06981,0.92,-0.06981,Sidewalk
102.0,89.1616,4.4351,-0.0,0.88,-0.0,208.8388,1.4812,walk_east_mid.1,250.015,0.88,-0.0,0.88,-0.0,Sidewalk
102.5,89.5014,4.4469,0.03491,0.68,0.06981,208.4991,1.389,walk_east_mid.1,249.7194,0.68,0.06981,0.68,0.06981,Sidewalk
103.0,89.9412,4.4623,0.03491,0.88,-0.0,208.0594,1.352,walk_east_mid.1,248.6497,0.88,-0.0,0.88,-0.0,Sidewalk
103.5,90.4012,4.4623,-0.0,0.92,-0.06981,207.5994,1.5372,walk_east_mid.1,249.2628,0.92,-0.06981,0.92,-0.06981,Sidewalk
104.0,90.8412,4.4623,-0.0,0.88,-0.0,207.1594,1.5005,walk_east_mid.1,247.8282,0.88,-0.0,0.88,-0.0,Sidewalk
104.5,91.3009,4.4462,-0.03491,0.92,-0.06981,206.6996,1.5433,walk_east_mid.1,249.2392,0.92,-0.06981,0.92,-0.06981,Sidewalk
105.0,91.7406,4.4309,-0.03491,0.88,-0.0,206.2598,1.5514,walk_east_mid.1,247.273,0.88,-0.0,0.88,-0.0,Sidewalk
105.5,92.1606,4.4309,-0.0,0.84,0.06981,205.8398,1.4911,walk_east_mid.1,245.8909,0.84,0.06981,0.84,0.06981,Sidewalk
106.0,92.6006,4.4309,-0.0,0.88,-0.0,205.3998,1.5038,walk_east_mid.1,245.9086,0.88,-0.0,0.88,-0.0,Sidewalk
106.5,93.0603,4.4148,-0.03491,0.92,-0.06981,204.9401,1.461,walk_east_mid.1,243.97,0.92,-0.06981,0.92,-0.06981,Sidewalk
107.0,93.5001,4.3995,-0.03491,0.88,-0.0,204.5003,1.4501,walk_east_mid.1,243.5703,0.88,-0.0,0.88,-0.0,Sidewalk
107.5,93.9601,4.3995,-0.0,0.92,0.06981,204.0403,1.5476,walk_east_mid.1,242.7055,0.92,0.06981,0.92,0.06981,Sidewalk
108.0,94.4001,4.3995,-0.0,0.88,-0.0,203.6003,1.5406,walk_east_mid.1,242.3013,0.88,-0.0,0.88,-0.0,Sidewalk
108.5,94.8598,4.3834,-0.03491,0.92,-0.06981,203.1406,1.4861,walk_east_mid.1,241.7561,0.92,-0.06981,0.92,-0.06981,Sidewalk
109.0,95.2995,4.3681,-0.03491,0.88,-0.0,202.7008,1.4748,walk_east_mid.1,241.355,0.88,-0.0,0.88,-0.0,Sidewalk
109.5,95.7595,4.3681,-0.0,0.92,0.06981,202.2408,1.4897,walk_east_mid.1,240.6599,0.92,0.06981,0.92,0.06981,Sidewalk
110.0,96.1995,4.3681,-0.0,0.88,-0.0,201.8008,1.4521,walk_east_mid.1,240.325,0.88,-0.0,0.88,-0.0,Sidewalk
110.5,96.6592,4.352,-0.03491,0.92,-0.06981,201.3411,5.0554,walk_east_up.1,237.8316,0.92,-0.06981,0.92,-0.06981,Sidewalk
111.0,97.099,4.3367,-0.03491,0.88,-0.0,200.9013,5.0304,walk_east_up.1,237.4087,0.88,-0.0,0.88,-0.0,Sidewalk
111.5,97.559,4.3367,-0.0,0.92,0.06981,200.4413,5.0154,walk_east_up.1,236.746,0.92,0.06981,0.92,0.06981,Sidewalk
112.0,97.999,4.3367,-0.0,0.88,-0.0,200.0013,5.0432,walk_east_up.1,236.3267,0.88,-0.0,0.88,-0.0,Sidewalk
112.5,98.4587,4.3206,-0.03491,0.92,-0.06981,199.5416,5.038,walk_east_up.1,235.6742,0.92,-0.06981,0.92,-0.06981,Sidewalk
113.0,98.8984,4.3052,-0.03491,0.88,-0.0,199.1018,4.9944,walk_east_up.1,235.2528,0.88,-0.0,0.88,-0.0,Sidewalk
113.5,99.3584,4.3052,-0.0,0.92,0.06981,198.6418,4.9878,walk_east_up.1,234.5881,0.92,0.06981,0.92,0.06981,Sidewalk
114.0,99.7984,4.3052,-0.0,0.88,-0.0,198.2018,4.9517,walk_east_up.1,234.1771,0.88,-0.0,0.88,-0.0,Sidewalk
114.5,100.2581,4.2892,-0.03491,0.92,-0.06981,197.7421,8.8849,walk_east_dn.2,233.2704,0.92,-0.06981,0.92,-0.06981,Sidewalk
115.0,100.6979,4.2738,-0.03491,0.88,-0.0,197.3023,8.8534,walk_east_dn.2,232.8443,0.88,-0.0,0.88,-0.0,Sidewalk
115.5,101.1579,4.2738,-0.0,0.92,0.06981,196.8423,8.8291,walk_east_dn.2,232.19,0.92,0.06981,0.92,0.06981,Sidewalk
116.0,101.5979,4.2738,-0.0,0.88,-0.0,196.4023,8.7331,walk_east_dn.2,231.7884,0.88,-0.0,0.88,-0.0,Sidewalk
116.5,102.0576,4.2578,-0.03491,0.92,-0.06981,195.9426,8.6685,walk_east_dn.2,231.1579,0.92,-0.06981,0.92,-0.06981,Sidewalk
117.0,102.4973,4.2424,-0.03491,0.88,-0.0,195.5028,8.6032,walk_east_dn.2,230.7505,0.88,-0.0,0.88,-0.0,Sidewalk
117.5,102.9573,4.2424,-0.0,0.92,0.06981,195.0428,8.5871,walk_east_dn.2,230.1167,0.92,0.06981,0.92,0.06981,Sidewalk
118.0,103.3973,4.2424,-0.0,0.88,-0.0,194.6028,8.5661,walk_east_dn.2,229.7241,0.88,-0.0,0.88,-0.0,Sidewalk
118.5,103.857,4.2264,-0.03491,0.92,-0.06981,194.1431,8.8264,walk_south.2,229.1074,0.92,-0.06981,0.92,-0.06981,Sidewalk
119.0,104.2968,4.211,-0.03491,0.88,-0.0,193.7033,8.8125,walk_south.2,228.7172,0.88,-0.0,0.88,-0.0,Sidewalk
119.5,104.7568,4.211,-0.0,0.92,0.06981,193.2433,8.5564,stand_5,228.1133,0.92,0.06981,0.92,0.06981,Sidewalk
120.0,105.1968,4.211,-0.0,0.88,-0.0,192.8033,8.1171,stand_5,227.7414,0.88,-0.0,0.88,-0.0,Sidewalk
120.5,105.6565,4.195,-0.03491,0.92,-0.06981,192.3436,7.6592,stand_5,227.1538,0.92,-0.06981,0.92,-0.06981,Sidewalk
121.0,106.0962,4.1796,-0.03491,0.88,-0.0,191.9039,7.2215,stand_5,226.8176,0.88,-0.0,0.88,-0.0,Sidewalk
121.5,106.5551,4.1475,-0.06981,0.92,-0.06981,191.445,6.7663,stand_5,226.2745,0.92,-0.06981,0.92,-0.06981,Sidewalk
122.0,106.994,4.1168,-0.06981,0.88,-0.0,191.006,6.3315,stand_5,225.9946,0.88,-0.0,0.88,-0.0,Sidewalk
122.5,107.4515,4.0687,-0.10472,0.92,-0.06981,190.5485,5.8809,stand_5,225.47,0.92,-0.06981,0.92,-0.06981,Sidewalk
123.0,107.8891,4.0227,-0.10472,0.88,-0.0,190.1109,5.4513,stand_5,225.3518,0.88,-0.0,0.88,-0.0,Sidewalk
123.5,108.2654,3.9699,-0.13963,0.76,-0.06981,189.7346,5.0851,stand_5,225.3642,0.76,-0.06981,0.76,-0.06981,Sidewalk
124.0,108.7011,3.9086,-0.13963,0.88,-0.0,189.2989,4.6639,stand_5,224.9328,0.88,-0.0,0.88,-0.0,Sidewalk
124.5,109.0393,3.8731,-0.10472,0.68,0.06981,188.9608,4.3374,stand_5,225.5037,0.68,0.06981,0.68,0.06981,Sidewalk
125.0,109.4769,3.8271,-0.10472,0.88,-0.0,188.5232,3.9182,stand_5,224.9216,0.88,-0.0,0.88,-0.0,Sidewalk
125.5,109.816,3.8034,-0.06981,0.68,0.06981,188.1841,3.5938,stand_5,226.7116,0.68,0.06981,0.68,0.06981,Sidewalk
126.0,110.255,3.7727,-0.06981,0.88,-0.0,187.7452,3.1788,stand_5,224.5289,0.88,-0.0,0.88,-0.0,Sidewalk
126.5,110.5931,3.7371,-0.10472,0.68,-0.06981,187.4071,2.8681,stand_5,223.9585,0.68,-0.06981,0.68,-0.06981,Sidewalk
127.0,111.0307,3.6912,-0.10472,0.88,-0.0,186.9696,2.4774,stand_5,223.2064,0.88,-0.0,0.88,-0.0,Sidewalk
127.5,111.4896,3.6591,-0.06981,0.92,0.06981,186.5108,2.0809,stand_5,223.6417,0.92,0.06981,0.92,0.06981,Sidewalk
128.0,111.8886,3.6312,-0.06981,0.8,-0.0,186.1118,1.7614,stand_5,222.8411,0.8,-0.0,0.8,-0.0,Sidewalk
128.5,112.3083,3.6165,-0.03491,0.84,0.06981,185.6921,1.4578,stand_5,222.8202,0.84,0.06981,0.84,0.06981,Sidewalk
129.0,112.7481,3.6319,0.03491,0.88,0.13963,185.2523,1.189,stand_5,222.6975,0.88,0.13963,0.88,0.13963,Sidewalk
129.5,113.2069,3.6639,0.06981,0.92,0.06981,184.7934,1.0253,stand_5,221.7747,0.92,0.06981,0.92,0.06981,Sidewalk
130.0,113.5634,3.714,0.13963,0.72,0.13963,184.4368,1.0061,stand_5,222.4581,0.72,0.13963,0.72,0.13963,Sidewalk
130.5,113.9771,3.787,0.17453,0.84,0.06981,184.0231,1.1247,stand_5,220.6246,0.84,0.06981,0.84,0.06981,Sidewalk
131.0,114.4104,3.8634,0.17453,0.88,-0.0,183.5897,1.3813,stand_5,221.5218,0.88,-0.0,0.88,-0.0,Sidewalk
131.5,114.7429,3.9341,0.20944,0.68,0.06981,183.2571,1.6266,stand_5,220.7795,0.68,0.06981,0.68,0.06981,Sidewalk
132.0,115.1733,4.0256,0.20944,0.88,-0.0,182.8267,1.4116,stand_0,219.892,0.88,-0.0,0.88,-0.0,Sidewalk
132.5,115.6263,4.1054,0.17453,0.92,-0.06981,182.3737,1.092,stand_0,219.639,0.92,-0.06981,0.92,-0.06981,Sidewalk
133.0,116.0597,4.1818,0.17453,0.88,-0.0,181.9404,0.9072,stand_0,219.1184,0.88,-0.0,0.88,-0.0,Sidewalk
133.5,116.5152,4.2459,0.13963,0.92,-0.06981,181.485,0.907,stand_0,218.3195,0.92,-0.06981,0.92,-0.06981,Sidewalk
134.0,116.9509,4.3071,0.13963,0.88,-0.0,181.0494,1.1037,stand_0,216.6522,0.88,-0.0,0.88,-0.0,Sidewalk
134.5,117.3307,4.3204,0.03491,0.76,-0.20944,180.6696,1.3412,stand_0,216.3202,0.76,-0.20944,0.76,-0.20944,Sidewalk
135.0,117.6105,4.3301,0.03491,0.56,-0.0,180.3898,1.553,stand_0,216.2432,0.56,-0.0,0.56,-0.0,Sidewalk
135.5,117.9098,4.3092,-0.06981,0.6,-0.20944,180.0905,1.783,stand_0,215.8726,0.6,-0.20944,0.6,-0.20944,Sidewalk
136.0,118.1498,4.3092,-0.0,0.48,0.13963,179.8505,1.9891,stand_0,215.9383,0.48,0.13963,0.48,0.13963,Sidewalk
136.5,118.4083,4.282,-0.10472,0.52,-0.20944,179.5919,2.2071,stand_0,216.063,0.52,-0.20944,0.52,-0.20944,Sidewalk
137.0,118.6024,4.2336,-0.24435,0.4,-0.27925,179.3978,2.3656,stand_0,215.9813,0.4,-0.27925,0.4,-0.27925,Sidewalk
137.5,118.7715,4.1721,-0.34907,0.36,-0.20944,179.2285,2.4834,stand_1,215.9691,0.36,-0.20944,0.36,-0.20944,Sidewalk
138.0,118.9542,4.0907,-0.41888,0.4,-0.13963,179.0458,2.2969,stand_1,215.9221,0.4,-0.13963,0.4,-0.13963,Sidewalk
138.5,119.0755,4.0207,-0.5236,0.28,-0.20944,178.9245,2.1744,stand_1,216.015,0.28,-0.20944,0.28,-0.20944,Sidewalk
139.0,119.175,3.9536,-0.59341,0.24,-0.13963,178.825,2.0759,stand_1,216.0205,0.24,-0.13963,0.24,-0.13963,Sidewalk
139.5,119.2882,3.8713,-0.62832,0.28,-0.06981,178.7118,1.9669,stand_1,215.9654,0.28,-0.06981,0.28,-0.06981,Sidewalk
140.0,119.3495,3.8199,-0.69813,0.16,-0.13963,178.6506,1.9104,stand_1,216.0874,0.16,-0.13963,0.16,-0.13963,Sidewalk
140.5,119.409,3.7664,-0.73304,0.16,-0.06981,178.5912,1.8577,stand_1,216.0834,0.16,-0.06981,0.16,-0.06981,Sidewalk
141.0,119.4982,3.6861,-0.73304,0.24,-0.0,178.5021,1.7824,stand_1,215.9831,0.24,-0.0,0.24,-0.0,Sidewalk
141.5,119.5413,3.6444,-0.76794,0.12,-0.06981,178.459,1.7483,stand_1,216.0955,0.12,-0.06981,0.12,-0.06981,Sidewalk
142.0,119.5989,3.5888,-0.76794,0.16,-0.0,178.4016,1.7052,stand_1,216.0628,0.16,-0.0,0.16,-0.0,Sidewalk
142.5,119.6266,3.5601,-0.80285,0.08,-0.06981,178.3739,1.6858,stand_1,216.1285,0.08,-0.06981,0.08,-0.06981,Sidewalk
143.0,119.6822,3.5025,-0.80285,0.16,-0.0,178.3185,1.6493,stand_1,215.9658,0.16,-0.0,0.16,-0.0,Sidewalk
143.5,119.709,3.4728,-0.83776,0.08,-0.06981,178.2918,1.6335,stand_1,216.0863,0.08,-0.06981,0.08,-0.06981,Sidewalk
144.0,119.7357,3.4431,-0.83776,0.08,-0.0,178.2651,1.6186,stand_1,216.0997,0.08,-0.0,0.08,-0.0,Sidewalk
144.5,119.7615,3.4124,-0.87266,0.08,-0.06981,178.2395,1.6058,stand_1,216.0562,0.08,-0.06981,0.08,-0.06981,Sidewalk
145.0,119.7872,3.3818,-0.87266,0.08,-0.0,178.2139,1.5939,stand_1,216.0494,0.08,-0.0,0.08,-0.0,Sidewalk
145.5,119.8118,3.3503,-0.90757,0.08,-0.06981,178.1894,1.5843,stand_1,216.0255,0.08,-0.06981,0.08,-0.06981,Sidewalk
146.0,119.8364,3.3187,-0.90757,0.08,-0.0,178.1649,1.5757,stand_1,215.9889,0.08,-0.0,0.08,-0.0,Sidewalk
146.5,119.8621,3.2881,-0.87266,0.08,0.06981,178.1393,1.5666,stand_1,216.0403,0.08,0.06981,0.08,0.06981,Sidewalk
147.0,119.8899,3.2593,-0.80285,0.08,0.13963,178.1116,1.5558,stand_1,216.1332,0.08,0.13963,0.08,0.13963,Sidewalk
147.5,119.9187,3.2315,-0.76794,0.08,0.06981,178.083,1.5446,stand_1,216.0378,0.08,0.06981,0.08,0.06981,Sidewalk
148.0,119.9187,3.2315,-0.76794,0.0,-0.0,178.083,1.5446,stand_1,216.1382,0.0,-0.0,0.0,-0.0,Sidewalk
148.5,119.9484,3.2048,-0.73304,0.08,0.06981,178.0534,1.5331,stand_1,216.0305,0.08,0.06981,0.08,0.06981,Sidewalk
149.0,119.9484,3.2048,-0.73304,0.0,-0.0,178.0534,1.5331,stand_1,216.127,0.0,-0.0,0.0,-0.0,Sidewalk
149.5,119.9484,3.2048,-0.69813,0.0,0.06981,178.0534,1.5331,stand_1,216.1354,0.0,0.06981,0.0,0.06981,Sidewalk
150.0,119.9484,3.2048,-0.69813,0.0,-0.0,178.0534,1.5331,stand_1,216.127,0.0,-0.0,0.0,-0.0,Sidewalk
150.5,119.9799,3.1801,-0.66323,0.08,0.06981,178.0219,1.5198,stand_1,216.0457,0.08,0.06981,0.08,0.06981,Sidewalk
151.0,119.9799,3.1801,-0.66323,0.0,-0.0,178.0219,1.5198,stand_1,216.1175,0.0,-0.0,0.0,-0.0,Sidewalk
151.5,119.9799,3.1801,-0.62832,0.0,0.06981,178.0219,1.5198,stand_1,216.1259,0.0,0.06981,0.0,0.06981,Sidewalk
152.0,119.9799,3.1801,-0.62832,0.0,-0.0,178.0219,1.5198,stand_1,216.1175,0.0,-0.0,0.0,-0.0,Sidewalk
152.5,120.0131,3.1578,-0.59341,0.08,0.06981,177.9889,1.5048,stand_1,216.0681,0.08,0.06981,0.08,0.06981,Sidewalk
153.0,120.0131,3.1578,-0.59341,0.0,-0.0,177.9889,1.5048,stand_1,216.11,0.0,-0.0,0.0,-0.0,Sidewalk
153.5,120.0131,3.1578,-0.55851,0.0,0.06981,177.9889,1.5048,stand_1,216.1183,0.0,0.06981,0.0,0.06981,Sidewalk
154.0,120.0131,3.1578,-0.55851,0.0,-0.0,177.9889,1.5048,stand_1,216.11,0.0,-0.0,0.0,-0.0,Sidewalk
154.5,120.0477,3.1378,-0.5236,0.08,0.06981,177.9543,1.4882,stand_1,216.0988,0.08,0.06981,0.08,0.06981,Sidewalk
155.0,120.0477,3.1378,-0.5236,0.0,-0.0,177.9543,1.4882,stand_1,216.1048,0.0,-0.0,0.0,-0.0,Sidewalk
155.5,120.0477,3.1378,-0.48869,0.0,0.06981,177.9543,1.4882,stand_1,216.1132,0.0,0.06981,0.0,0.06981,Sidewalk
156.0,120.0477,3.1378,-0.48869,0.0,-0.0,177.9543,1.4882,stand_1,216.1048,0.0,-0.0,0.0,-0.0,Sidewalk
156.5,120.0477,3.1378,-0.45379,0.0,0.06981,177.9543,1.4882,stand_1,216.1132,0.0,0.06981,0.0,0.06981,Sidewalk
157.0,120.0477,3.1378,-0.45379,0.0,-0.0,177.9543,1.4882,stand_1,216.1048,0.0,-0.0,0.0,-0.0,Sidewalk
157.5,120.0477,3.1378,-0.41888,0.0,0.06981,177.9543,1.4882,stand_1,216.1132,0.0,0.06981,0.0,0.06981,Sidewalk
158.0,120.0477,3.1378,-0.41888,0.0,-0.0,177.9543,1.4882,stand_1,216.1048,0.0,-0.0,0.0,-0.0,Sidewalk
158.5,120.0477,3.1378,-0.38397,0.0,0.06981,177.9543,1.4882,stand_1,216.1132,0.0,0.06981,0.0,0.06981,Sidewalk
159.0,120.0477,3.1378,-0.38397,0.0,-0.0,177.9543,1.4882,stand_1,216.1048,0.0,-0.0,0.0,-0.0,Sidewalk
159.5,120.0477,3.1378,-0.34907,0.0,0.06981,177.9543,1.4882,stand_1,216.1132,0.0,0.06981,0.0,0.06981,Sidewalk
160.0,120.0477,3.1378,-0.34907,0.0,-0.0,177.9543,1.4882,stand_1,216.1048,0.0,-0.0,0.0,-0.0,Sidewalk
160.5,120.0477,3.1378,-0.31416,0.0,0.06981,177.9543,1.4882,stand_1,216.1132,0.0,0.06981,0.0,0.06981,Sidewalk
161.0,120.0477,3.1378,-0.31416,0.0,-0.0,177.9543,1.4882,stand_1,216.1048,0.0,-0.0,0.0,-0.0,Sidewalk
161.5,120.0477,3.1378,-0.27925,0.0,0.06981,177.9543,1.4882,stand_1,216.1132,0.0,0.06981,0.0,0.06981,Sidewalk
162.0,120.0477,3.1378,-0.27925,0.0,-0.0,177.9543,1.4882,stand_1,216.1049,0.0,-0.0,0.0,-0.0,Sidewalk
162.5,120.0477,3.1378,-0.24435,0.0,0.06981,177.9543,1.4882,stand_1,216.1132,0.0,0.06981,0.0,0.06981,Sidewalk
163.0,120.0477,3.1378,-0.24435,0.0,-0.0,177.9543,1.4882,stand_1,216.1049,0.0,-0.0,0.0,-0.0,Sidewalk
163.5,120.0477,3.1378,-0.20944,0.0,0.06981,177.9543,1.4882,stand_1,216.1132,0.0,0.06981,0.0,0.06981,Sidewalk
164.0,120.0477,3.1378,-0.20944,0.0,-0.0,177.9543,1.4881,stand_1,216.1049,0.0,-0.0,0.0,-0.0,Sidewalk
164.5,120.0477,3.1378,-0.17453,0.0,0.06981,177.9543,1.4881,stand_1,216.1132,0.0,0.06981,0.0,0.06981,Sidewalk
165.0,120.0477,3.1378,-0.17453,0.0,-0.0,177.9543,1.4881,stand_1,216.1049,0.0,-0.0,0.0,-0.0,Sidewalk
165.5,120.0477,3.1378,-0.13963,0.0,0.06981,177.9543,1.4881,stand_1,216.1132,0.0,0.06981,0.0,0.06981,Sidewalk
166.0,120.0477,3.1378,-0.13963,0.0,-0.0,177.9543,1.4881,stand_1,216.1049,0.0,-0.0,0.0,-0.0,Sidewalk
166.5,120.0477,3.1378,-0.10472,0.0,0.06981,177.9543,1.4881,stand_1,216.1133,0.0,0.06981,0.0,0.06981,Sidewalk
167.0,120.0477,3.1378,-0.10472,0.0,-0.0,177.9543,1.4881,stand_1,216.1049,0.0,-0.0,0.0,-0.0,Sidewalk
167.5,120.0477,3.1378,-0.06981,0.0,0.06981,177.9543,1.4881,stand_1,216.1133,0.0,0.06981,0.0,0.06981,Sidewalk
168.0,120.0477,3.1378,-0.06981,0.0,-0.0,177.9543,1.4881,stand_1,216.1049,0.0,-0.0,0.0,-0.0,Sidewalk
168.5,120.0477,3.1378,-0.03491,0.0,0.06981,177.9543,1.4881,stand_1,216.1133,0.0,0.06981,0.0,0.06981,Sidewalk
169.0,120.0477,3.1378,-0.03491,0.0,-0.0,177.9543,1.4881,stand_1,216.1049,0.0,-0.0,0.0,-0.0,Sidewalk
169.5,120.0477,3.1378,-0.0,0.0,0.06981,177.9543,1.4881,stand_1,216.1133,0.0,0.06981,0.0,0.06981,Sidewalk
170.0,120.0477,3.1378,-0.0,0.0,-0.0,177.9543,1.4881,stand_1,216.1049,0.0,-0.0,0.0,-0.0,Sidewalk
170.5,120.0477,3.1378,0.03491,0.0,0.06981,177.9543,1.4881,stand_1,216.1133,0.0,0.06981,0.0,0.06981,Sidewalk
171.0,120.0477,3.1378,0.03491,0.0,-0.0,177.9543,1.4881,stand_1,216.1049,0.0,-0.0,0.0,-0.0,Sidewalk
171.5,120.0477,3.1378,0.06981,0.0,0.06981,177.9543,1.4881,stand_1,216.1133,0.0,0.06981,0.0,0.06981,Sidewalk
172.0,120.0477,3.1378,0.06981,0.0,-0.0,177.9543,1.4881,stand_1,216.1049,0.0,-0.0,0.0,-0.0,Sidewalk
172.5,120.0477,3.1378,0.10472,0.0,0.06981,177.9543,1.4881,stand_1,216.1133,0.0,0.06981,0.0,0.06981,Sidewalk
173.0,120.0477,3.1378,0.10472,0.0,-0.0,177.9543,1.4881,stand_1,216.1049,0.0,-0.0,0.0,-0.0,Sidewalk
173.5,120.0477,3.1378,0.13963,0.0,0.06981,177.9543,1.4881,stand_1,216.1133,0.0,0.06981,0.0,0.06981,Sidewalk
174.0,120.0477,3.1378,0.13963,0.0,-0.0,177.9543,1.4881,stand_1,216.1049,0.0,-0.0,0.0,-0.0,Sidewalk
174.5,120.0477,3.1378,0.17453,0.0,0.06981,177.9543,1.4881,stand_1,216.1133,0.0,0.06981,0.0,0.06981,Sidewalk
175.0,120.0477,3.1378,0.17453,0.0,-0.0,177.9543,1.4881,stand_1,216.1049,0.0,-0.0,0.0,-0.0,Sidewalk
175.5,120.0477,3.1378,0.20944,0.0,0.06981,177.9543,1.4881,stand_1,216.1133,0.0,0.06981,0.0,0.06981,Sidewalk
176.0,120.0477,3.1378,0.20944,0.0,-0.0,177.9543,1.4881,stand_1,216.1049,0.0,-0.0,0.0,-0.0,Sidewalk
176.5,120.0477,3.1378,0.24435,0.0,0.06981,177.9543,1.4881,stand_1,216.1133,0.0,0.06981,0.0,0.06981,Sidewalk
177.0,120.0477,3.1378,0.24435,0.0,-0.0,177.9543,1.4881,stand_1,216.1049,0.0,-0.0,0.0,-0.0,Sidewalk
177.5,120.0477,3.1378,0.27925,0.0,0.06981,177.9543,1.4881,stand_1,216.1133,0.0,0.06981,0.0,0.06981,Sidewalk
178.0,120.0477,3.1378,0.27925,0.0,-0.0,177.9543,1.4881,stand_1,216.1049,0.0,-0.0,0.0,-0.0,Sidewalk
178.5,120.0477,3.1378,0.31416,0.0,0.06981,177.9543,1.4881,stand_1,216.1133,0.0,0.06981,0.0,0.06981,Sidewalk
179.0,120.0477,3.1378,0.31416,0.0,-0.0,177.9543,1.4881,stand_1,216.1049,0.0,-0.0,0.0,-0.0,Sidewalk
179.5,120.0477,3.1378,0.34907,0.0,0.06981,177.9543,1.4881,stand_1,216.1133,0.0,0.06981,0.0,0.06981,Sidewalk
180.0,120.0477,3.1378,0.34907,0.0,-0.0,177.9543,1.4881,stand_1,216.1049,0.0,-0.0,0.0,-0.0,Sidewalk
180.5,120.0477,3.1378,0.38397,0.0,0.06981,177.9543,1.4881,stand_1,216.1133,0.0,0.06981,0.0,0.06981,Sidewalk
181.0,120.0477,3.1378,0.38397,0.0,-0.0,177.9543,1.4881,stand_1,216.105,0.0,-0.0,0.0,-0.0,Sidewalk
181.5,120.0477,3.1378,0.41888,0.0,0.06981,177.9543,1.4881,stand_1,216.1133,0.0,0.06981,0.0,0.06981,Sidewalk
182.0,120.0477,3.1378,0.41888,0.0,-0.0,177.9543,1.4881,stand_1,216.105,0.0,-0.0,0.0,-0.0,Sidewalk
182.5,120.0477,3.1378,0.45379,0.0,0.06981,177.9543,1.4881,stand_1,216.1133,0.0,0.06981,0.0,0.06981,Sidewalk
183.0,120.0477,3.1378,0.45379,0.0,-0.0,177.9543,1.4881,stand_1,216.105,0.0,-0.0,0.0,-0.0,Sidewalk
183.5,120.0477,3.1378,0.48869,0.0,0.06981,177.9543,1.4881,stand_1,216.1133,0.0,0.06981,0.0,0.06981,Sidewalk
184.0,120.0477,3.1378,0.48869,0.0,-0.0,177.9543,1.4881,stand_1,216.105,0.0,-0.0,0.0,-0.0,Sidewalk
184.5,120.0477,3.1378,0.5236,0.0,0.06981,177.9543,1.4881,stand_1,216.1134,0.0,0.06981,0.0,0.06981,Sidewalk
185.0,120.0477,3.1378,0.5236,0.0,-0.0,177.9543,1.4881,stand_1,216.105,0.0,-0.0,0.0,-0.0,Sidewalk
185.5,120.0477,3.1378,0.55851,0.0,0.06981,177.9543,1.4881,stand_1,216.1134,0.0,0.06981,0.0,0.06981,Sidewalk
186.0,120.0477,3.1378,0.55851,0.0,-0.0,177.9543,1.4881,stand_1,216.105,0.0,-0.0,0.0,-0.0,Sidewalk
186.5,120.0477,3.1378,0.59341,0.0,0.06981,177.9543,1.4881,stand_1,216.1134,0.0,0.06981,0.0,0.06981,Sidewalk
187.0,120.0477,3.1378,0.59341,0.0,-0.0,177.9543,1.4881,stand_1,216.105,0.0,-0.0,0.0,-0.0,Sidewalk
187.5,120.0477,3.1378,0.62832,0.0,0.06981,177.9543,1.4881,stand_1,216.1134,0.0,0.06981,0.0,0.06981,Sidewalk
188.0,120.0477,3.1378,0.62832,0.0,-0.0,177.9543,1.4881,stand_1,216.105,0.0,-0.0,0.0,-0.0,Sidewalk
188.5,120.0477,3.1378,0.66323,0.0,0.06981,177.9543,1.4881,stand_1,216.1134,0.0,0.06981,0.0,0.06981,Sidewalk
189.0,120.0477,3.1378,0.66323,0.0,-0.0,177.9543,1.4881,stand_1,216.105,0.0,-0.0,0.0,-0.0,Sidewalk
189.5,120.0477,3.1378,0.69813,0.0,0.06981,177.9543,1.4881,stand_1,216.1134,0.0,0.06981,0.0,0.06981,Sidewalk
190.0,120.0477,3.1378,0.69813,0.0,-0.0,177.9543,1.4881,stand_1,216.105,0.0,-0.0,0.0,-0.0,Sidewalk
190.5,120.0477,3.1378,0.73304,0.0,0.06981,177.9543,1.4881,stand_1,216.1134,0.0,0.06981,0.0,0.06981,Sidewalk
191.0,120.0477,3.1378,0.73304,0.0,-0.0,177.9543,1.4881,stand_1,216.105,0.0,-0.0,0.0,-0.0,Sidewalk
191.5,120.0477,3.1378,0.76794,0.0,0.06981,177.9543,1.4881,stand_1,216.1134,0.0,0.06981,0.0,0.06981,Sidewalk
192.0,120.0477,3.1378,0.76794,0.0,-0.0,177.9543,1.4881,stand_1,216.105,0.0,-0.0,0.0,-0.0,Sidewalk
192.5,120.0477,3.1378,0.80285,0.0,0.06981,177.9543,1.4881,stand_1,216.1134,0.0,0.06981,0.0,0.06981,Sidewalk
193.0,120.0477,3.1378,0.80285,0.0,-0.0,177.9543,1.4881,stand_1,216.105,0.0,-0.0,0.0,-0.0,Sidewalk
193.5,120.0477,3.1378,0.83776,0.0,0.06981,177.9543,1.4881,stand_1,216.1134,0.0,0.06981,0.0,0.06981,Sidewalk
194.0,120.0477,3.1378,0.83776,0.0,-0.0,177.9543,1.4881,stand_1,216.105,0.0,-0.0,0.0,-0.0,Sidewalk
194.5,120.0477,3.1378,0.87266,0.0,0.06981,177.9543,1.4881,stand_1,216.1134,0.0,0.06981,0.0,0.06981,Sidewalk
195.0,120.0477,3.1378,0.87266,0.0,-0.0,177.9543,1.4881,stand_1,216.105,0.0,-0.0,0.0,-0.0,Sidewalk
195.5,120.0477,3.1378,0.90757,0.0,0.06981,177.9543,1.4881,stand_1,216.1134,0.0,0.06981,0.0,0.06981,Sidewalk
196.0,120.0477,3.1378,0.90757,0.0,-0.0,177.9543,1.4881,stand_1,216.105,0.0,-0.0,0.0,-0.0,Sidewalk
196.5,120.0477,3.1378,0.94248,0.0,0.06981,177.9543,1.4881,stand_1,216.1134,0.0,0.06981,0.0,0.06981,Sidewalk
197.0,120.0477,3.1378,0.94248,0.0,-0.0,177.9543,1.4881,stand_1,216.105,0.0,-0.0,0.0,-0.0,Sidewalk
197.5,120.0477,3.1378,0.97738,0.0,0.06981,177.9543,1.4881,stand_1,216.1134,0.0,0.06981,0.0,0.06981,Sidewalk
198.0,120.0477,3.1378,0.97738,0.0,-0.0,177.9543,1.4881,stand_1,216.1051,0.0,-0.0,0.0,-0.0,Sidewalk
198.5,120.0477,3.1378,1.01229,0.0,0.06981,177.9543,1.4881,stand_1,216.1134,0.0,0.06981,0.0,0.06981,Sidewalk
199.0,120.0477,3.1378,1.01229,0.0,-0.0,177.9543,1.4881,stand_1,216.1051,0.0,-0.0,0.0,-0.0,Sidewalk
199.5,120.0477,3.1378,1.0472,0.0,0.06981,177.9543,1.4881,stand_1,216.1134,0.0,0.06981,0.0,0.06981,Sidewalk
200.0,120.0477,3.1378,1.0472,0.0,-0.0,177.9543,1.4881,stand_1,216.1051,0.0,-0.0,0.0,-0.0,Sidewalk
200.5,120.0477,3.1378,1.0821,0.0,0.06981,177.9543,1.4881,stand_1,216.1134,0.0,0.06981,0.0,0.06981,Sidewalk
201.0,120.0477,3.1378,1.0821,0.0,-0.0,177.9543,1.4881,stand_1,216.1051,0.0,-0.0,0.0,-0.0,Sidewalk
201.5,120.0477,3.1378,1.11701,0.0,0.06981,177.9543,1.4881,stand_1,216.1134,0.0,0.06981,0.0,0.06981,Sidewalk
202.0,120.0477,3.1378,1.11701,0.0,-0.0,177.9543,1.4881,stand_1,216.1051,0.0,-0.0,0.0,-0.0,Sidewalk
202.5,120.0477,3.1378,1.15192,0.0,0.06981,177.9543,1.488,stand_1,216.1135,0.0,0.06981,0.0,0.06981,Sidewalk
203.0,120.0477,3.1378,1.15192,0.0,-0.0,177.9543,1.488,stand_1,216.1051,0.0,-0.0,0.0,-0.0,Sidewalk
203.5,120.0477,3.1378,1.18682,0.0,0.06981,177.9543,1.488,stand_1,216.1135,0.0,0.06981,0.0,0.06981,Sidewalk
204.0,120.0477,3.1378,1.18682,0.0,-0.0,177.9543,1.488,stand_1,216.1051,0.0,-0.0,0.0,-0.0,Sidewalk
204.5,120.0477,3.1378,1.22173,0.0,0.06981,177.9543,1.488,stand_1,216.1135,0.0,0.06981,0.0,0.06981,Sidewalk
205.0,120.0477,3.1378,1.22173,0.0,-0.0,177.9543,1.488,stand_1,216.1051,0.0,-0.0,0.0,-0.0,Sidewalk
205.5,120.0477,3.1378,1.25664,0.0,0.06981,177.9543,1.488,stand_1,216.1135,0.0,0.06981,0.0,0.06981,Sidewalk
206.0,120.0477,3.1378,1.25664,0.0,-0.0,177.9543,1.488,stand_1,216.1051,0.0,-0.0,0.0,-0.0,Sidewalk
206.5,120.0477,3.1378,1.29154,0.0,0.06981,177.9543,1.488,stand_1,216.1135,0.0,0.06981,0.0,0.06981,Sidewalk
207.0,120.0477,3.1378,1.29154,0.0,-0.0,177.9543,1.488,stand_1,216.1051,0.0,-0.0,0.0,-0.0,Sidewalk
207.5,120.0477,3.1378,1.32645,0.0,0.06981,177.9543,1.488,stand_1,216.1135,0.0,0.06981,0.0,0.06981,Sidewalk
208.0,120.0477,3.1378,1.32645,0.0,-0.0,177.9543,1.488,stand_1,216.1051,0.0,-0.0,0.0,-0.0,Sidewalk
208.5,120.0477,3.1378,1.36136,0.0,0.06981,177.9543,1.488,stand_1,216.1135,0.0,0.06981,0.0,0.06981,Sidewalk
209.0,120.0477,3.1378,1.36136,0.0,-0.0,177.9543,1.488,stand_1,216.1051,0.0,-0.0,0.0,-0.0,Sidewalk
209.5,120.0477,3.1378,1.39626,0.0,0.06981,177.9543,1.488,stand_1,216.1135,0.0,0.06981,0.0,0.06981,Sidewalk
210.0,120.0477,3.1378,1.39626,0.0,-0.0,177.9543,1.488,stand_1,216.1051,0.0,-0.0,0.0,-0.0,Sidewalk
210.5,120.0477,3.1378,1.43117,0.0,0.06981,177.9543,1.488,stand_1,216.1135,0.0,0.06981,0.0,0.06981,Sidewalk
211.0,120.0477,3.1378,1.43117,0.0,-0.0,177.9543,1.488,stand_1,216.1051,0.0,-0.0,0.0,-0.0,Sidewalk
211.5,120.0477,3.1378,1.46608,0.0,0.06981,177.9543,1.488,stand_1,216.1135,0.0,0.06981,0.0,0.06981,Sidewalk
212.0,120.0477,3.1378,1.46608,0.0,-0.0,177.9543,1.488,stand_1,216.1051,0.0,-0.0,0.0,-0.0,Sidewalk
212.5,120.0477,3.1378,1.50098,0.0,0.06981,177.9543,1.488,stand_1,216.1135,0.0,0.06981,0.0,0.06981,Sidewalk
213.0,120.0477,3.1378,1.50098,0.0,-0.0,177.9543,1.488,stand_1,216.1051,0.0,-0.0,0.0,-0.0,Sidewalk
213.5,120.0477,3.1378,1.53589,0.0,0.06981,177.9543,1.488,stand_1,216.1135,0.0,0.06981,0.0,0.06981,Sidewalk
214.0,120.0477,3.1378,1.53589,0.0,-0.0,177.9543,1.488,stand_1,216.1051,0.0,-0.0,0.0,-0.0,Sidewalk
214.5,120.0477,3.1378,1.5708,0.0,0.06981,177.9543,1.488,stand_1,216.1135,0.0,0.06981,0.0,0.06981,Sidewalk
215.0,120.0477,3.1378,1.5708,0.0,-0.0,177.9543,1.488,stand_1,216.1051,0.0,-0.0,0.0,-0.0,Sidewalk
215.5,120.0477,3.1378,1.6057,0.0,0.06981,177.9543,1.488,stand_1,216.1135,0.0,0.06981,0.0,0.06981,Sidewalk
216.0,120.0477,3.1378,1.6057,0.0,-0.0,177.9543,1.488,stand_1,216.1051,0.0,-0.0,0.0,-0.0,Sidewalk
216.5,120.0477,3.1378,1.64061,0.0,0.06981,177.9543,1.488,stand_1,216.1135,0.0,0.06981,0.0,0.06981,Sidewalk
217.0,120.0477,3.1378,1.64061,0.0,-0.0,177.9543,1.488,stand_1,216.1051,0.0,-0.0,0.0,-0.0,Sidewalk
217.5,120.0477,3.1378,1.67552,0.0,0.06981,177.9543,1.488,stand_1,216.1135,0.0,0.06981,0.0,0.06981,Sidewalk
218.0,120.0477,3.1378,1.67552,0.0,-0.0,177.9543,1.488,stand_1,216.1052,0.0,-0.0,0.0,-0.0,Sidewalk
218.5,120.0477,3.1378,1.71042,0.0,0.06981,177.9543,1.488,stand_1,216.1135,0.0,0.06981,0.0,0.06981,Sidewalk
219.0,120.0477,3.1378,1.71042,0.0,-0.0,177.9543,1.488,stand_1,216.1052,0.0,-0.0,0.0,-0.0,Sidewalk
219.5,120.0477,3.1378,1.74533,0.0,0.06981,177.9543,1.488,stand_1,216.1135,0.0,0.06981,0.0,0.06981,Sidewalk
220.0,120.0477,3.1378,1.74533,0.0,-0.0,177.9543,1.488,stand_1,216.1052,0.0,-0.0,0.0,-0.0,Sidewalk
220.5,120.0477,3.1378,1.78024,0.0,0.06981,177.9543,1.488,stand_1,216.1135,0.0,0.06981,0.0,0.06981,Sidewalk
221.0,120.0477,3.1378,1.78024,0.0,-0.0,177.9543,1.488,stand_1,216.1052,0.0,-0.0,0.0,-0.0,Sidewalk
221.5,120.0477,3.1378,1.81514,0.0,0.06981,177.9543,1.488,stand_1,216.1136,0.0,0.06981,0.0,0.06981,Sidewalk
222.0,120.0477,3.1378,1.81514,0.0,-0.0,177.9543,1.488,stand_1,216.1052,0.0,-0.0,0.0,-0.0,Sidewalk
222.5,120.0477,3.1378,1.85005,0.0,0.06981,177.9543,1.488,stand_1,216.1136,0.0,0.06981,0.0,0.06981,Sidewalk
223.0,120.0477,3.1378,1.85005,0.0,-0.0,177.9543,1.488,stand_1,216.1052,0.0,-0.0,0.0,-0.0,Sidewalk
223.5,120.0477,3.1378,1.88496,0.0,0.06981,177.9543,1.488,stand_1,216.1136,0.0,0.06981,0.0,0.06981,Sidewalk
224.0,120.0477,3.1378,1.88496,0.0,-0.0,177.9543,1.488,stand_1,216.1052,0.0,-0.0,0.0,-0.0,Sidewalk
224.5,120.0477,3.1378,1.91986,0.0,0.06981,177.9543,1.488,stand_1,216.1136,0.0,0.06981,0.0,0.06981,Sidewalk
225.0,120.0477,3.1378,1.91986,0.0,-0.0,177.9543,1.488,stand_1,216.1052,0.0,-0.0,0.0,-0.0,Sidewalk
225.5,120.0477,3.1378,1.95477,0.0,0.06981,177.9543,1.488,stand_1,216.1136,0.0,0.06981,0.0,0.06981,Sidewalk
226.0,120.0477,3.1378,1.95477,0.0,-0.0,177.9543,1.488,stand_1,216.1052,0.0,-0.0,0.0,-0.0,Sidewalk
226.5,120.0477,3.1378,1.98968,0.0,0.06981,177.9543,1.488,stand_1,216.1136,0.0,0.06981,0.0,0.06981,Sidewalk
227.0,120.0477,3.1378,1.98968,0.0,-0.0,177.9543,1.488,stand_1,216.1052,0.0,-0.0,0.0,-0.0,Sidewalk
227.5,120.0477,3.1378,2.02458,0.0,0.06981,177.9543,1.488,stand_1,216.1136,0.0,0.06981,0.0,0.06981,Sidewalk
228.0,120.0477,3.1378,2.02458,0.0,-0.0,177.9543,1.488,stand_1,216.1052,0.0,-0.0,0.0,-0.0,Sidewalk
228.5,120.0477,3.1378,2.05949,0.0,0.06981,177.9543,1.488,stand_1,216.1136,0.0,0.06981,0.0,0.06981,Sidewalk
229.0,120.0477,3.1378,2.05949,0.0,-0.0,177.9543,1.488,stand_1,216.1052,0.0,-0.0,0.0,-0.0,Sidewalk
229.5,120.0477,3.1378,2.0944,0.0,0.06981,177.9543,1.488,stand_1,216.1136,0.0,0.06981,0.0,0.06981,Sidewalk
230.0,120.0477,3.1378,2.0944,0.0,-0.0,177.9543,1.488,stand_1,216.1052,0.0,-0.0,0.0,-0.0,Sidewalk
230.5,120.0477,3.1378,2.1293,0.0,0.06981,177.9543,1.488,stand_1,216.1136,0.0,0.06981,0.0,0.06981,Sidewalk
231.0,120.0477,3.1378,2.1293,0.0,-0.0,177.9543,1.488,stand_1,216.1052,0.0,-0.0,0.0,-0.0,Sidewalk
231.5,120.0477,3.1378,2.16421,0.0,0.06981,177.9543,1.488,stand_1,216.1136,0.0,0.06981,0.0,0.06981,Sidewalk
232.0,120.0477,3.1378,2.16421,0.0,-0.0,177.9543,1.488,stand_1,216.1052,0.0,-0.0,0.0,-0.0,Sidewalk
232.5,120.0477,3.1378,2.19911,0.0,0.06981,177.9543,1.488,stand_1,216.1136,0.0,0.06981,0.0,0.06981,Sidewalk
233.0,120.0477,3.1378,2.19911,0.0,-0.0,177.9543,1.488,stand_1,216.1052,0.0,-0.0,0.0,-0.0,Sidewalk
233.5,120.0477,3.1378,2.23402,0.0,0.06981,177.9543,1.488,stand_1,216.1136,0.0,0.06981,0.0,0.06981,Sidewalk
234.0,120.0477,3.1378,2.23402,0.0,-0.0,177.9543,1.488,stand_1,216.1052,0.0,-0.0,0.0,-0.0,Sidewalk
234.5,120.0477,3.1378,2.26893,0.0,0.06981,177.9543,1.488,stand_1,216.1136,0.0,0.06981,0.0,0.06981,Sidewalk
235.0,120.0477,3.1378,2.26893,0.0,-0.0,177.9543,1.488,stand_1,216.1052,0.0,-0.0,0.0,-0.0,Sidewalk
235.5,120.0477,3.1378,2.30383,0.0,0.06981,177.9543,1.488,stand_1,216.1136,0.0,0.06981,0.0,0.06981,Sidewalk
236.0,120.0477,3.1378,2.30383,0.0,-0.0,177.9543,1.488,stand_1,216.1052,0.0,-0.0,0.0,-0.0,Sidewalk
236.5,120.0477,3.1378,2.33874,0.0,0.06981,177.9543,1.488,stand_1,216.1136,0.0,0.06981,0.0,0.06981,Sidewalk
237.0,120.0477,3.1378,2.33874,0.0,-0.0,177.9543,1.488,stand_1,216.1053,0.0,-0.0,0.0,-0.0,Sidewalk
237.5,120.0477,3.1378,2.37365,0.0,0.06981,177.9543,1.488,stand_1,216.1136,0.0,0.06981,0.0,0.06981,Sidewalk
238.0,120.0477,3.1378,2.37365,0.0,-0.0,177.9543,1.488,stand_1,216.1053,0.0,-0.0,0.0,-0.0,Sidewalk
238.5,120.0477,3.1378,2.40855,0.0,0.06981,177.9543,1.488,stand_1,216.1136,0.0,0.06981,0.0,0.06981,Sidewalk
239.0,120.0477,3.1378,2.40855,0.0,-0.0,177.9543,1.488,stand_1,216.1053,0.0,-0.0,0.0,-0.0,Sidewalk
239.5,120.0477,3.1378,2.44346,0.0,0.06981,177.9543,1.488,stand_1,216.1136,0.0,0.06981,0.0,0.06981,Sidewalk
240.0,120.0477,3.1378,2.44346,0.0,-0.0,177.9543,1.488,stand_1,216.1053,0.0,-0.0,0.0,-0.0,Sidewalk
240.5,120.0477,3.1378,2.47837,0.0,0.06981,177.9543,1.488,stand_1,216.1136,0.0,0.06981,0.0,0.06981,Sidewalk
241.0,120.0477,3.1378,2.47837,0.0,-0.0,177.9543,1.488,stand_1,216.1053,0.0,-0.0,0.0,-0.0,Sidewalk
241.5,120.0477,3.1378,2.51327,0.0,0.06981,177.9543,1.488,stand_1,216.1137,0.0,0.06981,0.0,0.06981,Sidewalk
242.0,120.0477,3.1378,2.51327,0.0,-0.0,177.9543,1.488,stand_1,216.1053,0.0,-0.0,0.0,-0.0,Sidewalk
242.5,120.0477,3.1378,2.54818,0.0,0.06981,177.9543,1.488,stand_1,216.1137,0.0,0.06981,0.0,0.06981,Sidewalk
243.0,120.0477,3.1378,2.54818,0.0,-0.0,177.9543,1.4879,stand_1,216.1053,0.0,-0.0,0.0,-0.0,Sidewalk
243.5,120.0477,3.1378,2.58309,0.0,0.06981,177.9543,1.4879,stand_1,216.1137,0.0,0.06981,0.0,0.06981,Sidewalk
244.0,120.0477,3.1378,2.58309,0.0,-0.0,177.9543,1.4879,stand_1,216.1053,0.0,-0.0,0.0,-0.0,Sidewalk
244.5,120.0477,3.1378,2.61799,0.0,0.06981,177.9543,1.4879,stand_1,216.1137,0.0,0.06981,0.0,0.06981,Sidewalk
245.0,120.0477,3.1378,2.61799,0.0,-0.0,177.9543,1.4879,stand_1,216.1053,0.0,-0.0,0.0,-0.0,Sidewalk
245.5,120.0477,3.1378,2.6529,0.0,0.06981,177.9543,1.4879,stand_1,216.1137,0.0,0.06981,0.0,0.06981,Sidewalk
246.0,120.0477,3.1378,2.6529,0.0,-0.0,177.9543,1.4879,stand_1,216.1053,0.0,-0.0,0.0,-0.0,Sidewalk
246.5,120.0477,3.1378,2.68781,0.0,0.06981,177.9543,1.4879,stand_1,216.1137,0.0,0.06981,0.0,0.06981,Sidewalk
247.0,120.0477,3.1378,2.68781,0.0,-0.0,177.9543,1.4879,stand_1,216.1053,0.0,-0.0,0.0,-0.0,Sidewalk
247.5,120.0477,3.1378,2.72271,0.0,0.06981,177.9543,1.4879,stand_1,216.1137,0.0,0.06981,0.0,0.06981,Sidewalk
248.0,120.0477,3.1378,2.72271,0.0,-0.0,177.9543,1.4879,stand_1,216.1053,0.0,-0.0,0.0,-0.0,Sidewalk
248.5,120.0477,3.1378,2.75762,0.0,0.06981,177.9543,1.4879,stand_1,216.1137,0.0,0.06981,0.0,0.06981,Sidewalk
249.0,120.0477,3.1378,2.75762,0.0,-0.0,177.9543,1.4879,stand_1,216.1053,0.0,-0.0,0.0,-0.0,Sidewalk
249.5,120.0477,3.1378,2.79253,0.0,0.06981,177.9543,1.4879,stand_1,216.1137,0.0,0.06981,0.0,0.06981,Sidewalk
250.0,120.0477,3.1378,2.79253,0.0,-0.0,177.9543,1.4879,stand_1,216.1053,0.0,-0.0,0.0,-0.0,Sidewalk
250.5,120.0477,3.1378,2.82743,0.0,0.06981,177.9543,1.4879,stand_1,216.1137,0.0,0.06981,0.0,0.06981,Sidewalk
251.0,120.0477,3.1378,2.82743,0.0,-0.0,177.9543,1.4879,stand_1,216.1053,0.0,-0.0,0.0,-0.0,Sidewalk
251.5,120.0477,3.1378,2.86234,0.0,0.06981,177.9543,1.4879,stand_1,216.1137,0.0,0.06981,0.0,0.06981,Sidewalk
252.0,120.0477,3.1378,2.86234,0.0,-0.0,177.9543,1.4879,stand_1,216.1053,0.0,-0.0,0.0,-0.0,Sidewalk
252.5,120.0477,3.1378,2.89725,0.0,0.06981,177.9543,1.4879,stand_1,216.1137,0.0,0.06981,0.0,0.06981,Sidewalk
253.0,120.0477,3.1378,2.89725,0.0,-0.0,177.9543,1.4879,stand_1,216.1053,0.0,-0.0,0.0,-0.0,Sidewalk
253.5,120.0477,3.1378,2.93215,0.0,0.06981,177.9543,1.4879,stand_1,216.1137,0.0,0.06981,0.0,0.06981,Sidewalk
254.0,120.0477,3.1378,2.93215,0.0,-0.0,177.9543,1.4879,stand_1,216.1053,0.0,-0.0,0.0,-0.0,Sidewalk
254.5,120.0477,3.1378,2.96706,0.0,0.06981,177.9543,1.4879,stand_1,216.1137,0.0,0.06981,0.0,0.06981,Sidewalk
255.0,120.0477,3.1378,2.96706,0.0,-0.0,177.9543,1.4879,stand_1,216.1053,0.0,-0.0,0.0,-0.0,Sidewalk
255.5,120.0477,3.1378,3.00197,0.0,0.06981,177.9543,1.4879,stand_1,216.1137,0.0,0.06981,0.0,0.06981,Sidewalk
256.0,120.0477,3.1378,3.00197,0.0,-0.0,177.9543,1.4879,stand_1,216.1054,0.0,-0.0,0.0,-0.0,Sidewalk
256.5,120.0477,3.1378,3.03687,0.0,0.06981,177.9543,1.4879,stand_1,216.1137,0.0,0.06981,0.0,0.06981,Sidewalk
257.0,120.0477,3.1378,3.03687,0.0,-0.0,177.9543,1.4879,stand_1,216.1054,0.0,-0.0,0.0,-0.0,Sidewalk
257.5,120.0477,3.1378,3.07178,0.0,0.06981,177.9543,1.4879,stand_1,216.1137,0.0,0.06981,0.0,0.06981,Sidewalk
258.0,120.0477,3.1378,3.07178,0.0,-0.0,177.9543,1.4879,stand_1,216.1054,0.0,-0.0,0.0,-0.0,Sidewalk
258.5,120.0477,3.1378,3.10669,0.0,0.06981,177.9543,1.4879,stand_1,216.1137,0.0,0.06981,0.0,0.06981,Sidewalk
259.0,120.0477,3.1378,3.10669,0.0,-0.0,177.9543,1.4879,stand_1,216.1054,0.0,-0.0,0.0,-0.0,Sidewalk
259.5,120.0477,3.1378,3.14159,0.0,0.06981,177.9543,1.4879,stand_1,216.1138,0.0,0.06981,0.0,0.06981,Sidewalk
260.0,120.0477,3.1378,3.14159,0.0,-0.0,177.9543,1.4879,stand_1,216.1054,0.0,-0.0,0.0,-0.0,Sidewalk
260.5,120.0477,3.1378,-3.10669,0.0,0.06981,177.9543,1.4879,stand_1,216.1138,0.0,0.06981,0.0,0.06981,Sidewalk
261.0,120.0477,3.1378,-3.10669,0.0,-0.0,177.9543,1.4879,stand_1,216.1054,0.0,-0.0,0.0,-0.0,Sidewalk
261.5,120.0477,3.1378,-3.07178,0.0,0.06981,177.9543,1.4879,stand_1,216.1138,0.0,0.06981,0.0,0.06981,Sidewalk
262.0,120.0477,3.1378,-3.07178,0.0,-0.0,177.9543,1.4879,stand_1,216.1054,0.0,-0.0,0.0,-0.0,Sidewalk
262.5,120.0477,3.1378,-3.03687,0.0,0.06981,177.9543,1.4879,stand_1,216.1138,0.0,0.06981,0.0,0.06981,Sidewalk
263.0,120.0477,3.1378,-3.03687,0.0,-0.0,177.9543,1.4879,stand_1,216.1054,0.0,-0.0,0.0,-0.0,Sidewalk
263.5,120.0477,3.1378,-3.00197,0.0,0.06981,177.9543,1.4879,stand_1,216.1138,0.0,0.06981,0.0,0.06981,Sidewalk
264.0,120.0477,3.1378,-3.00197,0.0,-0.0,177.9543,1.4879,stand_1,216.1054,0.0,-0.0,0.0,-0.0,Sidewalk
264.5,120.0477,3.1378,-2.96706,0.0,0.06981,177.9543,1.4879,stand_1,216.1138,0.0,0.06981,0.0,0.06981,Sidewalk
265.0,120.0477,3.1378,-2.96706,0.0,-0.0,177.9543,1.4879,stand_1,216.1054,0.0,-0.0,0.0,-0.0,Sidewalk
265.5,120.0477,3.1378,-2.93215,0.0,0.06981,177.9543,1.4879,stand_1,216.1138,0.0,0.06981,0.0,0.06981,Sidewalk
266.0,120.0477,3.1378,-2.93215,0.0,-0.0,177.9543,1.4879,stand_1,216.1054,0.0,-0.0,0.0,-0.0,Sidewalk
266.5,120.0477,3.1378,-2.89725,0.0,0.06981,177.9543,1.4879,stand_1,216.1138,0.0,0.06981,0.0,0.06981,Sidewalk
267.0,120.0477,3.1378,-2.89725,0.0,-0.0,177.9543,1.4879,stand_1,216.1054,0.0,-0.0,0.0,-0.0,Sidewalk
267.5,120.0477,3.1378,-2.86234,0.0,0.06981,177.9543,1.4879,stand_1,216.1138,0.0,0.06981,0.0,0.06981,Sidewalk
268.0,120.0477,3.1378,-2.86234,0.0,-0.0,177.9543,1.4879,stand_1,216.1054,0.0,-0.0,0.0,-0.0,Sidewalk
268.5,120.0477,3.1378,-2.82743,0.0,0.06981,177.9543,1.4879,stand_1,216.1138,0.0,0.06981,0.0,0.06981,Sidewalk
269.0,120.0477,3.1378,-2.82743,0.0,-0.0,177.9543,1.4879,stand_1,216.1054,0.0,-0.0,0.0,-0.0,Sidewalk
269.5,120.0477,3.1378,-2.79253,0.0,0.06981,177.9543,1.4879,stand_1,216.1138,0.0,0.06981,0.0,0.06981,Sidewalk
270.0,120.0477,3.1378,-2.79253,0.0,-0.0,177.9543,1.4879,stand_1,216.1054,0.0,-0.0,0.0,-0.0,Sidewalk
270.5,120.0477,3.1378,-2.75762,0.0,0.06981,177.9543,1.4879,stand_1,216.1138,0.0,0.06981,0.0,0.06981,Sidewalk
271.0,120.0477,3.1378,-2.75762,0.0,-0.0,177.9543,1.4879,stand_1,216.1054,0.0,-0.0,0.0,-0.0,Sidewalk
271.5,120.0477,3.1378,-2.72271,0.0,0.06981,177.9543,1.4879,stand_1,216.1138,0.0,0.06981,0.0,0.06981,Sidewalk
272.0,120.0477,3.1378,-2.72271,0.0,-0.0,177.9543,1.4879,stand_1,216.1054,0.0,-0.0,0.0,-0.0,Sidewalk
272.5,120.0477,3.1378,-2.68781,0.0,0.06981,177.9543,1.4879,stand_1,216.1138,0.0,0.06981,0.0,0.06981,Sidewalk
273.0,120.0477,3.1378,-2.68781,0.0,-0.0,177.9543,1.4879,stand_1,216.1054,0.0,-0.0,0.0,-0.0,Sidewalk
273.5,120.0477,3.1378,-2.6529,0.0,0.06981,177.9543,1.4879,stand_1,216.1138,0.0,0.06981,0.0,0.06981,Sidewalk
274.0,120.0477,3.1378,-2.6529,0.0,-0.0,177.9543,1.4879,stand_1,216.1054,0.0,-0.0,0.0,-0.0,Sidewalk
274.5,120.0477,3.1378,-2.61799,0.0,0.06981,177.9543,1.4879,stand_1,216.1138,0.0,0.06981,0.0,0.06981,Sidewalk
275.0,120.0477,3.1378,-2.61799,0.0,-0.0,177.9543,1.4879,stand_1,216.1054,0.0,-0.0,0.0,-0.0,Sidewalk
275.5,120.0477,3.1378,-2.58309,0.0,0.06981,177.9543,1.4879,stand_1,216.1138,0.0,0.06981,0.0,0.06981,Sidewalk
276.0,120.0477,3.1378,-2.58309,0.0,-0.0,177.9543,1.4879,stand_1,216.1055,0.0,-0.0,0.0,-0.0,Sidewalk
276.5,120.0477,3.1378,-2.54818,0.0,0.06981,177.9543,1.4879,stand_1,216.1138,0.0,0.06981,0.0,0.06981,Sidewalk
277.0,120.0477,3.1378,-2.54818,0.0,-0.0,177.9543,1.4879,stand_1,216.1055,0.0,-0.0,0.0,-0.0,Sidewalk
277.5,120.0477,3.1378,-2.51327,0.0,0.06981,177.9543,1.4879,stand_1,216.1138,0.0,0.06981,0.0,0.06981,Sidewalk
278.0,120.0477,3.1378,-2.51327,0.0,-0.0,177.9543,1.4879,stand_1,216.1055,0.0,-0.0,0.0,-0.0,Sidewalk
278.5,120.0477,3.1378,-2.47837,0.0,0.06981,177.9543,1.4879,stand_1,216.1138,0.0,0.06981,0.0,0.06981,Sidewalk
279.0,120.0477,3.1378,-2.47837,0.0,-0.0,177.9543,1.4879,stand_1,216.1055,0.0,-0.0,0.0,-0.0,Sidewalk
279.5,120.0477,3.1378,-2.44346,0.0,0.06981,177.9543,1.4879,stand_1,216.1138,0.0,0.06981,0.0,0.06981,Sidewalk
280.0,120.0477,3.1378,-2.44346,0.0,-0.0,177.9543,1.4879,stand_1,216.1055,0.0,-0.0,0.0,-0.0,Sidewalk
280.5,120.0477,3.1378,-2.40855,0.0,0.06981,177.9543,1.4879,stand_1,216.1139,0.0,0.06981,0.0,0.06981,Sidewalk
281.0,120.0477,3.1378,-2.40855,0.0,-0.0,177.9543,1.4879,stand_1,216.1055,0.0,-0.0,0.0,-0.0,Sidewalk
281.5,120.0477,3.1378,-2.37365,0.0,0.06981,177.9543,1.4879,stand_1,216.1139,0.0,0.06981,0.0,0.06981,Sidewalk
282.0,120.0477,3.1378,-2.37365,0.0,-0.0,177.9543,1.4879,stand_1,216.1055,0.0,-0.0,0.0,-0.0,Sidewalk
282.5,120.0477,3.1378,-2.33874,0.0,0.06981,177.9543,1.4879,stand_1,216.1139,0.0,0.06981,0.0,0.06981,Sidewalk
283.0,120.0477,3.1378,-2.33874,0.0,-0.0,177.9543,1.4879,stand_1,216.1055,0.0,-0.0,0.0,-0.0,Sidewalk
283.5,120.0477,3.1378,-2.30383,0.0,0.06981,177.9543,1.4879,stand_1,216.1139,0.0,0.06981,0.0,0.06981,Sidewalk
284.0,120.0477,3.1378,-2.30383,0.0,-0.0,177.9543,1.4879,stand_1,216.1055,0.0,-0.0,0.0,-0.0,Sidewalk
284.5,120.0477,3.1378,-2.26893,0.0,0.06981,177.9543,1.4879,stand_1,216.1139,0.0,0.06981,0.0,0.06981,Sidewalk
285.0,120.0477,3.1378,-2.26893,0.0,-0.0,177.9543,1.4878,stand_1,216.1055,0.0,-0.0,0.0,-0.0,Sidewalk
285.5,120.0477,3.1378,-2.23402,0.0,0.06981,177.9543,1.4878,stand_1,216.1139,0.0,0.06981,0.0,0.06981,Sidewalk
286.0,120.0477,3.1378,-2.23402,0.0,-0.0,177.9543,1.4878,stand_1,216.1055,0.0,-0.0,0.0,-0.0,Sidewalk
286.5,120.0477,3.1378,-2.19911,0.0,0.06981,177.9543,1.4878,stand_1,216.1139,0.0,0.06981,0.0,0.06981,Sidewalk
287.0,120.0477,3.1378,-2.19911,0.0,-0.0,177.9543,1.4878,stand_1,216.1055,0.0,-0.0,0.0,-0.0,Sidewalk
287.5,120.0477,3.1378,-2.16421,0.0,0.06981,177.9543,1.4878,stand_1,216.1139,0.0,0.06981,0.0,0.06981,Sidewalk
288.0,120.0477,3.1378,-2.16421,0.0,-0.0,177.9543,1.4878,stand_1,216.1055,0.0,-0.0,0.0,-0.0,Sidewalk
288.5,120.0477,3.1378,-2.1293,0.0,0.06981,177.9543,1.4878,stand_1,216.1139,0.0,0.06981,0.0,0.06981,Sidewalk
289.0,120.0477,3.1378,-2.1293,0.0,-0.0,177.9543,1.4878,stand_1,216.1055,0.0,-0.0,0.0,-0.0,Sidewalk
289.5,120.0477,3.1378,-2.0944,0.0,0.06981,177.9543,1.4878,stand_1,216.1139,0.0,0.06981,0.0,0.06981,Sidewalk
290.0,120.0477,3.1378,-2.0944,0.0,-0.0,177.9543,1.4878,stand_1,216.1055,0.0,-0.0,0.0,-0.0,Sidewalk
290.5,120.0477,3.1378,-2.05949,0.0,0.06981,177.9543,1.4878,stand_1,216.1139,0.0,0.06981,0.0,0.06981,Sidewalk
291.0,120.0477,3.1378,-2.05949,0.0,-0.0,177.9543,1.4878,stand_1,216.1055,0.0,-0.0,0.0,-0.0,Sidewalk
291.5,120.0477,3.1378,-2.02458,0.0,0.06981,177.9543,1.4878,stand_1,216.1139,0.0,0.06981,0.0,0.06981,Sidewalk
292.0,120.0477,3.1378,-2.02458,0.0,-0.0,177.9543,1.4878,stand_1,216.1055,0.0,-0.0,0.0,-0.0,Sidewalk
292.5,120.0477,3.1378,-1.98968,0.0,0.06981,177.9543,1.4878,stand_1,216.1139,0.0,0.06981,0.0,0.06981,Sidewalk
293.0,120.0477,3.1378,-1.98968,0.0,-0.0,177.9543,1.4878,stand_1,216.1055,0.0,-0.0,0.0,-0.0,Sidewalk
293.5,120.0477,3.1378,-1.95477,0.0,0.06981,177.9543,1.4878,stand_1,216.1139,0.0,0.06981,0.0,0.06981,Sidewalk
294.0,120.0477,3.1378,-1.95477,0.0,-0.0,177.9543,1.4878,stand_1,216.1055,0.0,-0.0,0.0,-0.0,Sidewalk
294.5,120.0477,3.1378,-1.91986,0.0,0.06981,177.9543,1.4878,stand_1,216.1139,0.0,0.06981,0.0,0.06981,Sidewalk
295.0,120.0477,3.1378,-1.91986,0.0,-0.0,177.9543,1.4878,stand_1,216.1055,0.0,-0.0,0.0,-0.0,Sidewalk
295.5,120.0477,3.1378,-1.88496,0.0,0.06981,177.9543,1.4878,stand_1,216.1139,0.0,0.06981,0.0,0.06981,Sidewalk
296.0,120.0477,3.1378,-1.88496,0.0,-0.0,177.9543,1.4878,stand_1,216.1055,0.0,-0.0,0.0,-0.0,Sidewalk
296.5,120.0477,3.1378,-1.85005,0.0,0.06981,177.9543,1.4878,stand_1,216.1139,0.0,0.06981,0.0,0.06981,Sidewalk
297.0,120.0477,3.1378,-1.85005,0.0,-0.0,177.9543,1.4878,stand_1,216.1055,0.0,-0.0,0.0,-0.0,Sidewalk
297.5,120.0477,3.1378,-1.81514,0.0,0.06981,177.9543,1.4878,stand_1,216.1139,0.0,0.06981,0.0,0.06981,Sidewalk
298.0,120.0477,3.1378,-1.81514,0.0,-0.0,177.9543,1.4878,stand_1,216.1056,0.0,-0.0,0.0,-0.0,Sidewalk
298.5,120.0477,3.1378,-1.78024,0.0,0.06981,177.9543,1.4878,stand_1,216.1139,0.0,0.06981,0.0,0.06981,Sidewalk
299.0,120.0477,3.1378,-1.78024,0.0,-0.0,177.9543,1.4878,stand_1,216.1056,0.0,-0.0,0.0,-0.0,Sidewalk
299.5,120.0477,3.1378,-1.74533,0.0,0.06981,177.9543,1.4878,stand_1,216.1139,0.0,0.06981,0.0,0.06981,Sidewalk
300.0,120.0477,3.1378,-1.74533,0.0,-0.0,177.9543,1.4878,stand_1,216.1056,0.0,-0.0,0.0,-0.0,Sidewalk
300.5,120.0477,3.1378,-1.71042,0.0,0.06981,177.9543,1.4878,stand_1,216.1139,0.0,0.06981,0.0,0.06981,Sidewalk
301.0,120.0477,3.1378,-1.71042,0.0,-0.0,177.9543,1.4878,stand_1,216.1056,0.0,-0.0,0.0,-0.0,Sidewalk
301.5,120.0477,3.1378,-1.67552,0.0,0.06981,177.9543,1.4878,stand_1,216.1139,0.0,0.06981,0.0,0.06981,Sidewalk
302.0,120.0477,3.1378,-1.67552,0.0,-0.0,177.9543,1.4878,stand_1,216.1056,0.0,-0.0,0.0,-0.0,Sidewalk
302.5,120.0477,3.1378,-1.64061,0.0,0.06981,177.9543,1.4878,stand_1,216.1139,0.0,0.06981,0.0,0.06981,Sidewalk
303.0,120.0477,3.1378,-1.64061,0.0,-0.0,177.9543,1.4878,stand_1,216.1056,0.0,-0.0,0.0,-0.0,Sidewalk
303.5,120.0477,3.1378,-1.6057,0.0,0.06981,177.9543,1.4878,stand_1,216.114,0.0,0.06981,0.0,0.06981,Sidewalk
304.0,120.0477,3.1378,-1.6057,0.0,-0.0,177.9543,1.4878,stand_1,216.1056,0.0,-0.0,0.0,-0.0,Sidewalk
304.5,120.0477,3.1378,-1.5708,0.0,0.06981,177.9543,1.4878,stand_1,216.114,0.0,0.06981,0.0,0.06981,Sidewalk
305.0,120.0477,3.1378,-1.5708,0.0,-0.0,177.9543,1.4878,stand_1,216.1056,0.0,-0.0,0.0,-0.0,Sidewalk
305.5,120.0477,3.1378,-1.53589,0.0,0.06981,177.9543,1.4878,stand_1,216.114,0.0,0.06981,0.0,0.06981,Sidewalk
306.0,120.0477,3.1378,-1.53589,0.0,-0.0,177.9543,1.4878,stand_1,216.1056,0.0,-0.0,0.0,-0.0,Sidewalk
306.5,120.0477,3.1378,-1.50098,0.0,0.06981,177.9543,1.4878,stand_1,216.114,0.0,0.06981,0.0,0.06981,Sidewalk
307.0,120.0477,3.1378,-1.50098,0.0,-0.0,177.9543,1.4878,stand_1,216.1056,0.0,-0.0,0.0,-0.0,Sidewalk
307.5,120.0477,3.1378,-1.46608,0.0,0.06981,177.9543,1.4878,stand_1,216.114,0.0,0.06981,0.0,0.06981,Sidewalk
308.0,120.0477,3.1378,-1.46608,0.0,-0.0,177.9543,1.4878,stand_1,216.1056,0.0,-0.0,0.0,-0.0,Sidewalk
308.5,120.0477,3.1378,-1.43117,0.0,0.06981,177.9543,1.4878,stand_1,216.114,0.0,0.06981,0.0,0.06981,Sidewalk
309.0,120.0477,3.1378,-1.43117,0.0,-0.0,177.9543,1.4878,stand_1,216.1056,0.0,-0.0,0.0,-0.0,Sidewalk
309.5,120.0477,3.1378,-1.39626,0.0,0.06981,177.9543,1.4878,stand_1,216.114,0.0,0.06981,0.0,0.06981,Sidewalk
310.0,120.0477,3.1378,-1.39626,0.0,-0.0,177.9543,1.4878,stand_1,216.1056,0.0,-0.0,0.0,-0.0,Sidewalk
310.5,120.0477,3.1378,-1.36136,0.0,0.06981,177.9543,1.4878,stand_1,216.114,0.0,0.06981,0.0,0.06981,Sidewalk
311.0,120.0477,3.1378,-1.36136,0.0,-0.0,177.9543,1.4878,stand_1,216.1056,0.0,-0.0,0.0,-0.0,Sidewalk
311.5,120.0477,3.1378,-1.32645,0.0,0.06981,177.9543,1.4878,stand_1,216.114,0.0,0.06981,0.0,0.06981,Sidewalk
312.0,120.0477,3.1378,-1.32645,0.0,-0.0,177.9543,1.4878,stand_1,216.1056,0.0,-0.0,0.0,-0.0,Sidewalk
312.5,120.0477,3.1378,-1.29154,0.0,0.06981,177.9543,1.4878,stand_1,216.114,0.0,0.06981,0.0,0.06981,Sidewalk
313.0,120.0477,3.1378,-1.29154,0.0,-0.0,177.9543,1.4878,stand_1,216.1056,0.0,-0.0,0.0,-0.0,Sidewalk
313.5,120.0477,3.1378,-1.25664,0.0,0.06981,177.9543,1.4878,stand_1,216.114,0.0,0.06981,0.0,0.06981,Sidewalk
314.0,120.0477,3.1378,-1.25664,0.0,-0.0,177.9543,1.4878,stand_1,216.1056,0.0,-0.0,0.0,-0.0,Sidewalk
314.5,120.0477,3.1378,-1.22173,0.0,0.06981,177.9543,1.4878,stand_1,216.114,0.0,0.06981,0.0,0.06981,Sidewalk
315.0,120.0477,3.1378,-1.22173,0.0,-0.0,177.9543,1.4878,stand_1,216.1056,0.0,-0.0,0.0,-0.0,Sidewalk
315.5,120.0477,3.1378,-1.18682,0.0,0.06981,177.9543,1.4878,stand_1,216.114,0.0,0.06981,0.0,0.06981,Sidewalk
316.0,120.0477,3.1378,-1.18682,0.0,-0.0,177.9543,1.4878,stand_1,216.1056,0.0,-0.0,0.0,-0.0,Sidewalk
316.5,120.0477,3.1378,-1.15192,0.0,0.06981,177.9543,1.4878,stand_1,216.114,0.0,0.06981,0.0,0.06981,Sidewalk
317.0,120.0477,3.1378,-1.15192,0.0,-0.0,177.9543,1.4878,stand_1,216.1056,0.0,-0.0,0.0,-0.0,Sidewalk
317.5,120.0477,3.1378,-1.11701,0.0,0.06981,177.9543,1.4878,stand_1,216.114,0.0,0.06981,0.0,0.06981,Sidewalk
318.0,120.0477,3.1378,-1.11701,0.0,-0.0,177.9543,1.4878,stand_1,216.1057,0.0,-0.0,0.0,-0.0,Sidewalk
318.5,120.0477,3.1378,-1.0821,0.0,0.06981,177.9543,1.4878,stand_1,216.114,0.0,0.06981,0.0,0.06981,Sidewalk
319.0,120.0477,3.1378,-1.0821,0.0,-0.0,177.9543,1.4878,stand_1,216.1057,0.0,-0.0,0.0,-0.0,Sidewalk
319.5,120.0477,3.1378,-1.0472,0.0,0.06981,177.9543,1.4878,stand_1,216.114,0.0,0.06981,0.0,0.06981,Sidewalk
320.0,120.0477,3.1378,-1.0472,0.0,-0.0,177.9543,1.4878,stand_1,216.1057,0.0,-0.0,0.0,-0.0,Sidewalk
320.5,120.0477,3.1378,-1.01229,0.0,0.06981,177.9543,1.4878,stand_1,216.114,0.0,0.06981,0.0,0.06981,Sidewalk
321.0,120.0477,3.1378,-1.01229,0.0,-0.0,177.9543,1.4878,stand_1,216.1057,0.0,-0.0,0.0,-0.0,Sidewalk
321.5,120.0477,3.1378,-0.97738,0.0,0.06981,177.9543,1.4878,stand_1,216.114,0.0,0.06981,0.0,0.06981,Sidewalk
322.0,120.0477,3.1378,-0.97738,0.0,-0.0,177.9543,1.4878,stand_1,216.1057,0.0,-0.0,0.0,-0.0,Sidewalk
322.5,120.0477,3.1378,-0.94248,0.0,0.06981,177.9543,1.4878,stand_1,216.1141,0.0,0.06981,0.0,0.06981,Sidewalk
323.0,120.0477,3.1378,-0.94248,0.0,-0.0,177.9543,1.4878,stand_1,216.1057,0.0,-0.0,0.0,-0.0,Sidewalk
323.5,120.0477,3.1378,-0.90757,0.0,0.06981,177.9543,1.4878,stand_1,216.1141,0.0,0.06981,0.0,0.06981,Sidewalk
324.0,120.0477,3.1378,-0.90757,0.0,-0.0,177.9543,1.4878,stand_1,216.1057,0.0,-0.0,0.0,-0.0,Sidewalk
324.5,120.0477,3.1378,-0.87266,0.0,0.06981,177.9543,1.4878,stand_1,216.1141,0.0,0.06981,0.0,0.06981,Sidewalk
325.0,120.0477,3.1378,-0.87266,0.0,-0.0,177.9543,1.4878,stand_1,216.1057,0.0,-0.0,0.0,-0.0,Sidewalk
325.5,120.0477,3.1378,-0.83776,0.0,0.06981,177.9543,1.4878,stand_1,216.1141,0.0,0.06981,0.0,0.06981,Sidewalk
326.0,120.0477,3.1378,-0.83776,0.0,-0.0,177.9543,1.4878,stand_1,216.1057,0.0,-0.0,0.0,-0.0,Sidewalk
326.5,120.0477,3.1378,-0.80285,0.0,0.06981,177.9543,1.4878,stand_1,216.1141,0.0,0.06981,0.0,0.06981,Sidewalk
327.0,120.0477,3.1378,-0.80285,0.0,-0.0,177.9543,1.4878,stand_1,216.1057,0.0,-0.0,0.0,-0.0,Sidewalk
327.5,120.0477,3.1378,-0.76794,0.0,0.06981,177.9543,1.4878,stand_1,216.1141,0.0,0.06981,0.0,0.06981,Sidewalk
328.0,120.0477,3.1378,-0.76794,0.0,-0.0,177.9543,1.4878,stand_1,216.1057,0.0,-0.0,0.0,-0.0,Sidewalk
328.5,120.0477,3.1378,-0.73304,0.0,0.06981,177.9543,1.4877,stand_1,216.1141,0.0,0.06981,0.0,0.06981,Sidewalk
329.0,120.0477,3.1378,-0.73304,0.0,-0.0,177.9543,1.4877,stand_1,216.1057,0.0,-0.0,0.0,-0.0,Sidewalk
329.5,120.0477,3.1378,-0.69813,0.0,0.06981,177.9543,1.4877,stand_1,216.1141,0.0,0.06981,0.0,0.06981,Sidewalk
330.0,120.0477,3.1378,-0.69813,0.0,-0.0,177.9543,1.4877,stand_1,216.1057,0.0,-0.0,0.0,-0.0,Sidewalk
330.5,120.0477,3.1378,-0.66323,0.0,0.06981,177.9543,1.4877,stand_1,216.1141,0.0,0.06981,0.0,0.06981,Sidewalk
331.0,120.0477,3.1378,-0.66323,0.0,-0.0,177.9543,1.4877,stand_1,216.1057,0.0,-0.0,0.0,-0.0,Sidewalk
331.5,120.0477,3.1378,-0.62832,0.0,0.06981,177.9543,1.4877,stand_1,216.1141,0.0,0.06981,0.0,0.06981,Sidewalk
332.0,120.0477,3.1378,-0.62832,0.0,-0.0,177.9543,1.4877,stand_1,216.1057,0.0,-0.0,0.0,-0.0,Sidewalk
332.5,120.0477,3.1378,-0.59341,0.0,0.06981,177.9543,1.4877,stand_1,216.1141,0.0,0.06981,0.0,0.06981,Sidewalk
333.0,120.0477,3.1378,-0.59341,0.0,-0.0,177.9543,1.4877,stand_1,216.1057,0.0,-0.0,0.0,-0.0,Sidewalk
333.5,120.0477,3.1378,-0.55851,0.0,0.06981,177.9543,1.4877,stand_1,216.1141,0.0,0.06981,0.0,0.06981,Sidewalk
334.0,120.0477,3.1378,-0.55851,0.0,-0.0,177.9543,1.4877,stand_1,216.1057,0.0,-0.0,0.0,-0.0,Sidewalk
334.5,120.0477,3.1378,-0.5236,0.0,0.06981,177.9543,1.4877,stand_1,216.1141,0.0,0.06981,0.0,0.06981,Sidewalk
335.0,120.0477,3.1378,-0.5236,0.0,-0.0,177.9543,1.4877,stand_1,216.1057,0.0,-0.0,0.0,-0.0,Sidewalk
335.5,120.0477,3.1378,-0.48869,0.0,0.06981,177.9543,1.4877,stand_1,216.1141,0.0,0.06981,0.0,0.06981,Sidewalk
336.0,120.0477,3.1378,-0.48869,0.0,-0.0,177.9543,1.4877,stand_1,216.1057,0.0,-0.0,0.0,-0.0,Sidewalk
336.5,120.0477,3.1378,-0.45379,0.0,0.06981,177.9543,1.4877,stand_1,216.1141,0.0,0.06981,0.0,0.06981,Sidewalk
337.0,120.0477,3.1378,-0.45379,0.0,-0.0,177.9543,1.4877,stand_1,216.1058,0.0,-0.0,0.0,-0.0,Sidewalk
337.5,120.0477,3.1378,-0.41888,0.0,0.06981,177.9543,1.4877,stand_1,216.1141,0.0,0.06981,0.0,0.06981,Sidewalk
338.0,120.0477,3.1378,-0.41888,0.0,-0.0,177.9543,1.4877,stand_1,216.1058,0.0,-0.0,0.0,-0.0,Sidewalk
338.5,120.0477,3.1378,-0.38397,0.0,0.06981,177.9543,1.4877,stand_1,216.1141,0.0,0.06981,0.0,0.06981,Sidewalk
339.0,120.0477,3.1378,-0.38397,0.0,-0.0,177.9543,1.4877,stand_1,216.1058,0.0,-0.0,0.0,-0.0,Sidewalk
339.5,120.0477,3.1378,-0.34907,0.0,0.06981,177.9543,1.4877,stand_1,216.1141,0.0,0.06981,0.0,0.06981,Sidewalk
340.0,120.0477,3.1378,-0.34907,0.0,-0.0,177.9543,1.4877,stand_1,216.1058,0.0,-0.0,0.0,-0.0,Sidewalk
340.5,120.0477,3.1378,-0.31416,0.0,0.06981,177.9543,1.4877,stand_1,216.1141,0.0,0.06981,0.0,0.06981,Sidewalk
341.0,120.0477,3.1378,-0.31416,0.0,-0.0,177.9543,1.4877,stand_1,216.1058,0.0,-0.0,0.0,-0.0,Sidewalk
341.5,120.0477,3.1378,-0.27925,0.0,0.06981,177.9543,1.4877,stand_1,216.1142,0.0,0.06981,0.0,0.06981,Sidewalk
342.0,120.0477,3.1378,-0.27925,0.0,-0.0,177.9543,1.4877,stand_1,216.1058,0.0,-0.0,0.0,-0.0,Sidewalk
342.5,120.0477,3.1378,-0.24435,0.0,0.06981,177.9543,1.4877,stand_1,216.1142,0.0,0.06981,0.0,0.06981,Sidewalk
343.0,120.0477,3.1378,-0.24435,0.0,-0.0,177.9543,1.4877,stand_1,216.1058,0.0,-0.0,0.0,-0.0,Sidewalk
343.5,120.0477,3.1378,-0.20944,0.0,0.06981,177.9543,1.4877,stand_1,216.1142,0.0,0.06981,0.0,0.06981,Sidewalk
344.0,120.0477,3.1378,-0.20944,0.0,-0.0,177.9543,1.4877,stand_1,216.1058,0.0,-0.0,0.0,-0.0,Sidewalk
344.5,120.0477,3.1378,-0.17453,0.0,0.06981,177.9543,1.4877,stand_1,216.1142,0.0,0.06981,0.0,0.06981,Sidewalk
345.0,120.0477,3.1378,-0.17453,0.0,-0.0,177.9543,1.4877,stand_1,216.1058,0.0,-0.0,0.0,-0.0,Sidewalk
345.5,120.0477,3.1378,-0.13963,0.0,0.06981,177.9543,1.4877,stand_1,216.1142,0.0,0.06981,0.0,0.06981,Sidewalk
346.0,120.0477,3.1378,-0.13963,0.0,-0.0,177.9543,1.4877,stand_1,216.1058,0.0,-0.0,0.0,-0.0,Sidewalk
346.5,120.0477,3.1378,-0.10472,0.0,0.06981,177.9543,1.4877,stand_1,216.1142,0.0,0.06981,0.0,0.06981,Sidewalk
347.0,120.0477,3.1378,-0.10472,0.0,-0.0,177.9543,1.4877,stand_1,216.1058,0.0,-0.0,0.0,-0.0,Sidewalk
347.5,120.0477,3.1378,-0.06981,0.0,0.06981,177.9543,1.4877,stand_1,216.1142,0.0,0.06981,0.0,0.06981,Sidewalk
348.0,120.0477,3.1378,-0.06981,0.0,-0.0,177.9543,1.4877,stand_1,216.1058,0.0,-0.0,0.0,-0.0,Sidewalk
348.5,120.0477,3.1378,-0.03491,0.0,0.06981,177.9543,1.4877,stand_1,216.1142,0.0,0.06981,0.0,0.06981,Sidewalk
349.0,120.0477,3.1378,-0.03491,0.0,-0.0,177.9543,1.4877,stand_1,216.1058,0.0,-0.0,0.0,-0.0,Sidewalk
349.5,120.0477,3.1378,-0.0,0.0,0.06981,177.9543,1.4877,stand_1,216.1142,0.0,0.06981,0.0,0.06981,Sidewalk
350.0,120.0477,3.1378,-0.0,0.0,-0.0,177.9543,1.4877,stand_1,216.1058,0.0,-0.0,0.0,-0.0,Sidewalk
350.5,120.0477,3.1378,0.03491,0.0,0.06981,177.9543,1.4877,stand_1,216.1142,0.0,0.06981,0.0,0.06981,Sidewalk
351.0,120.0477,3.1378,0.03491,0.0,-0.0,177.9543,1.4877,stand_1,216.1058,0.0,-0.0,0.0,-0.0,Sidewalk
351.5,120.0477,3.1378,0.06981,0.0,0.06981,177.9543,1.4877,stand_1,216.1142,0.0,0.06981,0.0,0.06981,Sidewalk
352.0,120.0477,3.1378,0.06981,0.0,-0.0,177.9543,1.4877,stand_1,216.1058,0.0,-0.0,0.0,-0.0,Sidewalk
352.5,120.0477,3.1378,0.10472,0.0,0.06981,177.9543,1.4877,stand_1,216.1142,0.0,0.06981,0.0,0.06981,Sidewalk
353.0,120.0477,3.1378,0.10472,0.0,-0.0,177.9543,1.4877,stand_1,216.1058,0.0,-0.0,0.0,-0.0,Sidewalk
353.5,120.0477,3.1378,0.13963,0.0,0.06981,177.9543,1.4877,stand_1,216.1142,0.0,0.06981,0.0,0.06981,Sidewalk
354.0,120.0477,3.1378,0.13963,0.0,-0.0,177.9543,1.4877,stand_1,216.1058,0.0,-0.0,0.0,-0.0,Sidewalk
354.5,120.0477,3.1378,0.17453,0.0,0.06981,177.9543,1.4877,stand_1,216.1142,0.0,0.06981,0.0,0.06981,Sidewalk
355.0,120.0477,3.1378,0.17453,0.0,-0.0,177.9543,1.4877,stand_1,216.1058,0.0,-0.0,0.0,-0.0,Sidewalk
355.5,120.0477,3.1378,0.20944,0.0,0.06981,177.9543,1.4877,stand_1,216.1142,0.0,0.06981,0.0,0.06981,Sidewalk
356.0,120.0477,3.1378,0.20944,0.0,-0.0,177.9543,1.4877,stand_1,216.1058,0.0,-0.0,0.0,-0.0,Sidewalk
356.5,120.0477,3.1378,0.24435,0.0,0.06981,177.9543,1.4877,stand_1,216.1142,0.0,0.06981,0.0,0.06981,Sidewalk
357.0,120.0477,3.1378,0.24435,0.0,-0.0,177.9543,1.4877,stand_1,216.1058,0.0,-0.0,0.0,-0.0,Sidewalk
357.5,120.0477,3.1378,0.27925,0.0,0.06981,177.9543,1.4877,stand_1,216.1142,0.0,0.06981,0.0,0.06981,Sidewalk
358.0,120.0477,3.1378,0.27925,0.0,-0.0,177.9543,1.4877,stand_1,216.1058,0.0,-0.0,0.0,-0.0,Sidewalk
358.5,120.0477,3.1378,0.31416,0.0,0.06981,177.9543,1.4877,stand_1,216.1142,0.0,0.06981,0.0,0.06981,Sidewalk
359.0,120.0477,3.1378,0.31416,0.0,-0.0,177.9543,1.4877,stand_1,216.1059,0.0,-0.0,0.0,-0.0,Sidewalk
359.5,120.0477,3.1378,0.34907,0.0,0.06981,177.9543,1.4877,stand_1,216.1142,0.0,0.06981,0.0,0.06981,Sidewalk
360.0,120.0477,3.1378,0.34907,0.0,-0.0,177.9543,1.4877,stand_1,216.1059,0.0,-0.0,0.0,-0.0,Sidewalk
360.5,120.0477,3.1378,0.38397,0.0,0.06981,177.9543,1.4877,stand_1,216.1142,0.0,0.06981,0.0,0.06981,Sidewalk
361.0,120.0477,3.1378,0.38397,0.0,-0.0,177.9543,1.4877,stand_1,216.1059,0.0,-0.0,0.0,-0.0,Sidewalk
361.5,120.0477,3.1378,0.41888,0.0,0.06981,177.9543,1.4877,stand_1,216.1142,0.0,0.06981,0.0,0.06981,Sidewalk
362.0,120.0477,3.1378,0.41888,0.0,-0.0,177.9543,1.4877,stand_1,216.1059,0.0,-0.0,0.0,-0.0,Sidewalk
362.5,120.0477,3.1378,0.45379,0.0,0.06981,177.9543,1.4877,stand_1,216.1142,0.0,0.06981,0.0,0.06981,Sidewalk
363.0,120.0477,3.1378,0.45379,0.0,-0.0,177.9543,1.4877,stand_1,216.1059,0.0,-0.0,0.0,-0.0,Sidewalk
363.5,120.0477,3.1378,0.48869,0.0,0.06981,177.9543,1.4877,stand_1,216.1143,0.0,0.06981,0.0,0.06981,Sidewalk
364.0,120.0477,3.1378,0.48869,0.0,-0.0,177.9543,1.4877,stand_1,216.1059,0.0,-0.0,0.0,-0.0,Sidewalk
364.5,120.0477,3.1378,0.5236,0.0,0.06981,177.9543,1.4877,stand_1,216.1143,0.0,0.06981,0.0,0.06981,Sidewalk
365.0,120.0477,3.1378,0.5236,0.0,-0.0,177.9543,1.4877,stand_1,216.1059,0.0,-0.0,0.0,-0.0,Sidewalk
365.5,120.0477,3.1378,0.55851,0.0,0.06981,177.9543,1.4877,stand_1,216.1143,0.0,0.06981,0.0,0.06981,Sidewalk
366.0,120.0477,3.1378,0.55851,0.0,-0.0,177.9543,1.4877,stand_1,216.1059,0.0,-0.0,0.0,-0.0,Sidewalk
366.5,120.0477,3.1378,0.59341,0.0,0.06981,177.9543,1.4877,stand_1,216.1143,0.0,0.06981,0.0,0.06981,Sidewalk
367.0,120.0477,3.1378,0.59341,0.0,-0.0,177.9543,1.4877,stand_1,216.1059,0.0,-0.0,0.0,-0.0,Sidewalk
367.5,120.0477,3.1378,0.62832,0.0,0.06981,177.9543,1.4877,stand_1,216.1143,0.0,0.06981,0.0,0.06981,Sidewalk
368.0,120.0477,3.1378,0.62832,0.0,-0.0,177.9543,1.4877,stand_1,216.1059,0.0,-0.0,0.0,-0.0,Sidewalk
368.5,120.0477,3.1378,0.66323,0.0,0.06981,177.9543,1.4877,stand_1,216.1143,0.0,0.06981,0.0,0.06981,Sidewalk
369.0,120.0477,3.1378,0.66323,0.0,-0.0,177.9543,1.4877,stand_1,216.1059,0.0,-0.0,0.0,-0.0,Sidewalk
369.5,120.0477,3.1378,0.69813,0.0,0.06981,177.9543,1.4877,stand_1,216.1143,0.0,0.06981,0.0,0.06981,Sidewalk
370.0,120.0477,3.1378,0.69813,0.0,-0.0,177.9543,1.4877,stand_1,216.1059,0.0,-0.0,0.0,-0.0,Sidewalk
370.5,120.0477,3.1378,0.73304,0.0,0.06981,177.9543,1.4877,stand_1,216.1143,0.0,0.06981,0.0,0.06981,Sidewalk
371.0,120.0477,3.1378,0.73304,0.0,-0.0,177.9543,1.4877,stand_1,216.1059,0.0,-0.0,0.0,-0.0,Sidewalk
371.5,120.0477,3.1378,0.76794,0.0,0.06981,177.9543,1.4877,stand_1,216.1143,0.0,0.06981,0.0,0.06981,Sidewalk
372.0,120.0477,3.1378,0.76794,0.0,-0.0,177.9543,1.4877,stand_1,216.1059,0.0,-0.0,0.0,-0.0,Sidewalk
372.5,120.0477,3.1378,0.80285,0.0,0.06981,177.9543,1.4877,stand_1,216.1143,0.0,0.06981,0.0,0.06981,Sidewalk
373.0,120.0477,3.1378,0.80285,0.0,-0.0,177.9543,1.4876,stand_1,216.1059,0.0,-0.0,0.0,-0.0,Sidewalk
373.5,120.0477,3.1378,0.83776,0.0,0.06981,177.9543,1.4876,stand_1,216.1143,0.0,0.06981,0.0,0.06981,Sidewalk
374.0,120.0477,3.1378,0.83776,0.0,-0.0,177.9543,1.4876,stand_1,216.1059,0.0,-0.0,0.0,-0.0,Sidewalk
374.5,120.0477,3.1378,0.87266,0.0,0.06981,177.9543,1.4876,stand_1,216.1143,0.0,0.06981,0.0,0.06981,Sidewalk
375.0,120.0477,3.1378,0.87266,0.0,-0.0,177.9543,1.4876,stand_1,216.1059,0.0,-0.0,0.0,-0.0,Sidewalk
375.5,120.0477,3.1378,0.90757,0.0,0.06981,177.9543,1.4876,stand_1,216.1143,0.0,0.06981,0.0,0.06981,Sidewalk
376.0,120.0477,3.1378,0.90757,0.0,-0.0,177.9543,1.4876,stand_1,216.1059,0.0,-0.0,0.0,-0.0,Sidewalk
376.5,120.0477,3.1378,0.94248,0.0,0.06981,177.9543,1.4876,stand_1,216.1143,0.0,0.06981,0.0,0.06981,Sidewalk
377.0,120.0477,3.1378,0.94248,0.0,-0.0,177.9543,1.4876,stand_1,216.1059,0.0,-0.0,0.0,-0.0,Sidewalk
377.5,120.0477,3.1378,0.97738,0.0,0.06981,177.9543,1.4876,stand_1,216.1143,0.0,0.06981,0.0,0.06981,Sidewalk
378.0,120.0477,3.1378,0.97738,0.0,-0.0,177.9543,1.4876,stand_1,216.1059,0.0,-0.0,0.0,-0.0,Sidewalk
378.5,120.0477,3.1378,1.01229,0.0,0.06981,177.9543,1.4876,stand_1,216.1143,0.0,0.06981,0.0,0.06981,Sidewalk
379.0,120.0477,3.1378,1.01229,0.0,-0.0,177.9543,1.4876,stand_1,216.1059,0.0,-0.0,0.0,-0.0,Sidewalk
379.5,120.0477,3.1378,1.0472,0.0,0.06981,177.9543,1.4876,stand_1,216.1143,0.0,0.06981,0.0,0.06981,Sidewalk
380.0,120.0477,3.1378,1.0472,0.0,-0.0,177.9543,1.4876,stand_1,216.106,0.0,-0.0,0.0,-0.0,Sidewalk
380.5,120.0477,3.1378,1.0821,0.0,0.06981,177.9543,1.4876,stand_1,216.1143,0.0,0.06981,0.0,0.06981,Sidewalk
381.0,120.0477,3.1378,1.0821,0.0,-0.0,177.9543,1.4876,stand_1,216.106,0.0,-0.0,0.0,-0.0,Sidewalk
381.5,120.0477,3.1378,1.11701,0.0,0.06981,177.9543,1.4876,stand_1,216.1143,0.0,0.06981,0.0,0.06981,Sidewalk
382.0,120.0477,3.1378,1.11701,0.0,-0.0,177.9543,1.4876,stand_1,216.106,0.0,-0.0,0.0,-0.0,Sidewalk
382.5,120.0477,3.1378,1.15192,0.0,0.06981,177.9543,1.4876,stand_1,216.1143,0.0,0.06981,0.0,0.06981,Sidewalk
383.0,120.0477,3.1378,1.15192,0.0,-0.0,177.9543,1.4876,stand_1,216.106,0.0,-0.0,0.0,-0.0,Sidewalk
383.5,120.0477,3.1378,1.18682,0.0,0.06981,177.9543,1.4876,stand_1,216.1143,0.0,0.06981,0.0,0.06981,Sidewalk
384.0,120.0477,3.1378,1.18682,0.0,-0.0,177.9543,1.4876,stand_1,216.106,0.0,-0.0,0.0,-0.0,Sidewalk
384.5,120.0477,3.1378,1.22173,0.0,0.06981,177.9543,1.4876,stand_1,216.1144,0.0,0.06981,0.0,0.06981,Sidewalk
385.0,120.0477,3.1378,1.22173,0.0,-0.0,177.9543,1.4876,stand_1,216.106,0.0,-0.0,0.0,-0.0,Sidewalk
385.5,120.0477,3.1378,1.25664,0.0,0.06981,177.9543,1.4876,stand_1,216.1144,0.0,0.06981,0.0,0.06981,Sidewalk
386.0,120.0477,3.1378,1.25664,0.0,-0.0,177.9543,1.4876,stand_1,216.106,0.0,-0.0,0.0,-0.0,Sidewalk
386.5,120.0477,3.1378,1.29154,0.0,0.06981,177.9543,1.4876,stand_1,216.1144,0.0,0.06981,0.0,0.06981,Sidewalk
387.0,120.0477,3.1378,1.29154,0.0,-0.0,177.9543,1.4876,stand_1,216.106,0.0,-0.0,0.0,-0.0,Sidewalk
387.5,120.0477,3.1378,1.32645,0.0,0.06981,177.9543,1.4876,stand_1,216.1144,0.0,0.06981,0.0,0.06981,Sidewalk
388.0,120.0477,3.1378,1.32645,0.0,-0.0,177.9543,1.4876,stand_1,216.106,0.0,-0.0,0.0,-0.0,Sidewalk
388.5,120.0477,3.1378,1.36136,0.0,0.06981,177.9543,1.4876,stand_1,216.1144,0.0,0.06981,0.0,0.06981,Sidewalk
389.0,120.0477,3.1378,1.36136,0.0,-0.0,177.9543,1.4876,stand_1,216.106,0.0,-0.0,0.0,-0.0,Sidewalk
389.5,120.0477,3.1378,1.39626,0.0,0.06981,177.9543,1.4876,stand_1,216.1144,0.0,0.06981,0.0,0.06981,Sidewalk
390.0,120.0477,3.1378,1.39626,0.0,-0.0,177.9543,1.4876,stand_1,216.106,0.0,-0.0,0.0,-0.0,Sidewalk
390.5,120.0477,3.1378,1.43117,0.0,0.06981,177.9543,1.4876,stand_1,216.1144,0.0,0.06981,0.0,0.06981,Sidewalk
391.0,120.0477,3.1378,1.43117,0.0,-0.0,177.9543,1.4876,stand_1,216.106,0.0,-0.0,0.0,-0.0,Sidewalk
391.5,120.0477,3.1378,1.46608,0.0,0.06981,177.9543,1.4876,stand_1,216.1144,0.0,0.06981,0.0,0.06981,Sidewalk
392.0,120.0477,3.1378,1.46608,0.0,-0.0,177.9543,1.4876,stand_1,216.106,0.0,-0.0,0.0,-0.0,Sidewalk
392.5,120.0477,3.1378,1.50098,0.0,0.06981,177.9543,1.4876,stand_1,216.1144,0.0,0.06981,0.0,0.06981,Sidewalk
393.0,120.0477,3.1378,1.50098,0.0,-0.0,177.9543,1.4876,stand_1,216.106,0.0,-0.0,0.0,-0.0,Sidewalk
393.5,120.0477,3.1378,1.53589,0.0,0.06981,177.9543,1.4876,stand_1,216.1144,0.0,0.06981,0.0,0.06981,Sidewalk
394.0,120.0477,3.1378,1.53589,0.0,-0.0,177.9543,1.4876,stand_1,216.106,0.0,-0.0,0.0,-0.0,Sidewalk
394.5,120.0477,3.1378,1.5708,0.0,0.06981,177.9543,1.4876,stand_1,216.1144,0.0,0.06981,0.0,0.06981,Sidewalk
395.0,120.0477,3.1378,1.5708,0.0,-0.0,177.9543,1.4876,stand_1,216.106,0.0,-0.0,0.0,-0.0,Sidewalk
395.5,120.0477,3.1378,1.6057,0.0,0.06981,177.9543,1.4876,stand_1,216.1144,0.0,0.06981,0.0,0.06981,Sidewalk
396.0,120.0477,3.1378,1.6057,0.0,-0.0,177.9543,1.4876,stand_1,216.106,0.0,-0.0,0.0,-0.0,Sidewalk
396.5,120.0477,3.1378,1.64061,0.0,0.06981,177.9543,1.4876,stand_1,216.1144,0.0,0.06981,0.0,0.06981,Sidewalk
397.0,120.0477,3.1378,1.64061,0.0,-0.0,177.9543,1.4876,stand_1,216.106,0.0,-0.0,0.0,-0.0,Sidewalk
397.5,120.0477,3.1378,1.67552,0.0,0.06981,177.9543,1.4876,stand_1,216.1144,0.0,0.06981,0.0,0.06981,Sidewalk
398.0,120.0477,3.1378,1.67552,0.0,-0.0,177.9543,1.4876,stand_1,216.106,0.0,-0.0,0.0,-0.0,Sidewalk
398.5,120.0477,3.1378,1.71042,0.0,0.06981,177.9543,1.4876,stand_1,216.1144,0.0,0.06981,0.0,0.06981,Sidewalk
399.0,120.0477,3.1378,1.71042,0.0,-0.0,177.9543,1.4876,stand_1,216.1061,0.0,-0.0,0.0,-0.0,Sidewalk
399.5,120.0477,3.1378,1.74533,0.0,0.06981,177.9543,1.4876,stand_1,216.1144,0.0,0.06981,0.0,0.06981,Sidewalk
400.0,120.0477,3.1378,1.74533,0.0,-0.0,177.9543,1.4876,stand_1,216.1061,0.0,-0.0,0.0,-0.0,Sidewalk
400.5,120.0477,3.1378,1.78024,0.0,0.06981,177.9543,1.4876,stand_1,216.1144,0.0,0.06981,0.0,0.06981,Sidewalk
401.0,120.0477,3.1378,1.78024,0.0,-0.0,177.9543,1.4876,stand_1,216.1061,0.0,-0.0,0.0,-0.0,Sidewalk
401.5,120.0477,3.1378,1.81514,0.0,0.06981,177.9543,1.4876,stand_1,216.1144,0.0,0.06981,0.0,0.06981,Sidewalk
402.0,120.0477,3.1378,1.81514,0.0,-0.0,177.9543,1.4876,stand_1,216.1061,0.0,-0.0,0.0,-0.0,Sidewalk
402.5,120.0477,3.1378,1.85005,0.0,0.06981,177.9543,1.4876,stand_1,216.1144,0.0,0.06981,0.0,0.06981,Sidewalk
403.0,120.0477,3.1378,1.85005,0.0,-0.0,177.9543,1.4876,stand_1,216.1061,0.0,-0.0,0.0,-0.0,Sidewalk
403.5,120.0477,3.1378,1.88496,0.0,0.06981,177.9543,1.4876,stand_1,216.1145,0.0,0.06981,0.0,0.06981,Sidewalk
404.0,120.0477,3.1378,1.88496,0.0,-0.0,177.9543,1.4876,stand_1,216.1061,0.0,-0.0,0.0,-0.0,Sidewalk
404.5,120.0477,3.1378,1.91986,0.0,0.06981,177.9543,1.4876,stand_1,216.1145,0.0,0.06981,0.0,0.06981,Sidewalk
405.0,120.0477,3.1378,1.91986,0.0,-0.0,177.9543,1.4876,stand_1,216.1061,0.0,-0.0,0.0,-0.0,Sidewalk
405.5,120.0477,3.1378,1.95477,0.0,0.06981,177.9543,1.4876,stand_1,216.1145,0.0,0.06981,0.0,0.06981,Sidewalk
406.0,120.0477,3.1378,1.95477,0.0,-0.0,177.9543,1.4876,stand_1,216.1061,0.0,-0.0,0.0,-0.0,Sidewalk
406.5,120.0477,3.1378,1.98968,0.0,0.06981,177.9543,1.4876,stand_1,216.1145,0.0,0.06981,0.0,0.06981,Sidewalk
407.0,120.0477,3.1378,1.98968,0.0,-0.0,177.9543,1.4876,stand_1,216.1061,0.0,-0.0,0.0,-0.0,Sidewalk
407.5,120.0477,3.1378,2.02458,0.0,0.06981,177.9543,1.4876,stand_1,216.1145,0.0,0.06981,0.0,0.06981,Sidewalk
408.0,120.0477,3.1378,2.02458,0.0,-0.0,177.9543,1.4876,stand_1,216.1061,0.0,-0.0,0.0,-0.0,Sidewalk
408.5,120.0477,3.1378,2.05949,0.0,0.06981,177.9543,1.4876,stand_1,216.1145,0.0,0.06981,0.0,0.06981,Sidewalk
409.0,120.0477,3.1378,2.05949,0.0,-0.0,177.9543,1.4876,stand_1,216.1061,0.0,-0.0,0.0,-0.0,Sidewalk
409.5,120.0477,3.1378,2.0944,0.0,0.06981,177.9543,1.4876,stand_1,216.1145,0.0,0.06981,0.0,0.06981,Sidewalk
410.0,120.0477,3.1378,2.0944,0.0,-0.0,177.9543,1.4876,stand_1,216.1061,0.0,-0.0,0.0,-0.0,Sidewalk
410.5,120.0477,3.1378,2.1293,0.0,0.06981,177.9543,1.4876,stand_1,216.1145,0.0,0.06981,0.0,0.06981,Sidewalk
411.0,120.0477,3.1378,2.1293,0.0,-0.0,177.9543,1.4876,stand_1,216.1061,0.0,-0.0,0.0,-0.0,Sidewalk
411.5,120.0477,3.1378,2.16421,0.0,0.06981,177.9543,1.4876,stand_1,216.1145,0.0,0.06981,0.0,0.06981,Sidewalk
412.0,120.0477,3.1378,2.16421,0.0,-0.0,177.9543,1.4876,stand_1,216.1061,0.0,-0.0,0.0,-0.0,Sidewalk
412.5,120.0477,3.1378,2.19911,0.0,0.06981,177.9543,1.4876,stand_1,216.1145,0.0,0.06981,0.0,0.06981,Sidewalk
413.0,120.0477,3.1378,2.19911,0.0,-0.0,177.9543,1.4875,stand_1,216.1061,0.0,-0.0,0.0,-0.0,Sidewalk
413.5,120.0477,3.1378,2.23402,0.0,0.06981,177.9543,1.4875,stand_1,216.1145,0.0,0.06981,0.0,0.06981,Sidewalk
414.0,120.0477,3.1378,2.23402,0.0,-0.0,177.9543,1.4875,stand_1,216.1061,0.0,-0.0,0.0,-0.0,Sidewalk
414.5,120.0477,3.1378,2.26893,0.0,0.06981,177.9543,1.4875,stand_1,216.1145,0.0,0.06981,0.0,0.06981,Sidewalk
415.0,120.0477,3.1378,2.26893,0.0,-0.0,177.9543,1.4875,stand_1,216.1061,0.0,-0.0,0.0,-0.0,Sidewalk
415.5,120.0477,3.1378,2.30383,0.0,0.06981,177.9543,1.4875,stand_1,216.1145,0.0,0.06981,0.0,0.06981,Sidewalk
416.0,120.0477,3.1378,2.30383,0.0,-0.0,177.9543,1.4875,stand_1,216.1061,0.0,-0.0,0.0,-0.0,Sidewalk
416.5,120.0477,3.1378,2.33874,0.0,0.06981,177.9543,1.4875,stand_1,216.1145,0.0,0.06981,0.0,0.06981,Sidewalk
417.0,120.0477,3.1378,2.33874,0.0,-0.0,177.9543,1.4875,stand_1,216.1062,0.0,-0.0,0.0,-0.0,Sidewalk
417.5,120.0477,3.1378,2.37365,0.0,0.06981,177.9543,1.4875,stand_1,216.1145,0.0,0.06981,0.0,0.06981,Sidewalk
418.0,120.0477,3.1378,2.37365,0.0,-0.0,177.9543,1.4875,stand_1,216.1062,0.0,-0.0,0.0,-0.0,Sidewalk
418.5,120.0477,3.1378,2.40855,0.0,0.06981,177.9543,1.4875,stand_1,216.1145,0.0,0.06981,0.0,0.06981,Sidewalk
419.0,120.0477,3.1378,2.40855,0.0,-0.0,177.9543,1.4875,stand_1,216.1062,0.0,-0.0,0.0,-0.0,Sidewalk
419.5,120.0477,3.1378,2.44346,0.0,0.06981,177.9543,1.4875,stand_1,216.1145,0.0,0.06981,0.0,0.06981,Sidewalk
420.0,120.0477,3.1378,2.44346,0.0,-0.0,177.9543,1.4875,stand_1,216.1062,0.0,-0.0,0.0,-0.0,Sidewalk
420.5,120.0477,3.1378,2.47837,0.0,0.06981,177.9543,1.4875,stand_1,216.1145,0.0,0.06981,0.0,0.06981,Sidewalk
421.0,120.0477,3.1378,2.47837,0.0,-0.0,177.9543,1.4875,stand_1,216.1062,0.0,-0.0,0.0,-0.0,Sidewalk
421.5,120.0477,3.1378,2.51327,0.0,0.06981,177.9543,1.4875,stand_1,216.1146,0.0,0.06981,0.0,0.06981,Sidewalk
422.0,120.0477,3.1378,2.51327,0.0,-0.0,177.9543,1.4875,stand_1,216.1062,0.0,-0.0,0.0,-0.0,Sidewalk
422.5,120.0477,3.1378,2.54818,0.0,0.06981,177.9543,1.4875,stand_1,216.1146,0.0,0.06981,0.0,0.06981,Sidewalk
423.0,120.0477,3.1378,2.54818,0.0,-0.0,177.9543,1.4875,stand_1,216.1062,0.0,-0.0,0.0,-0.0,Sidewalk
423.5,120.0477,3.1378,2.58309,0.0,0.06981,177.9543,1.4875,stand_1,216.1146,0.0,0.06981,0.0,0.06981,Sidewalk
424.0,120.0477,3.1378,2.58309,0.0,-0.0,177.9543,1.4875,stand_1,216.1062,0.0,-0.0,0.0,-0.0,Sidewalk
424.5,120.0477,3.1378,2.61799,0.0,0.06981,177.9543,1.4875,stand_1,216.1146,0.0,0.06981,0.0,0.06981,Sidewalk
425.0,120.0477,3.1378,2.61799,0.0,-0.0,177.9543,1.4875,stand_1,216.1062,0.0,-0.0,0.0,-0.0,Sidewalk
425.5,120.0477,3.1378,2.6529,0.0,0.06981,177.9543,1.4875,stand_1,216.1146,0.0,0.06981,0.0,0.06981,Sidewalk
426.0,120.0477,3.1378,2.6529,0.0,-0.0,177.9543,1.4875,stand_1,216.1062,0.0,-0.0,0.0,-0.0,Sidewalk
426.5,120.0477,3.1378,2.68781,0.0,0.06981,177.9543,1.4875,stand_1,216.1146,0.0,0.06981,0.0,0.06981,Sidewalk
427.0,120.0477,3.1378,2.68781,0.0,-0.0,177.9543,1.4875,stand_1,216.1062,0.0,-0.0,0.0,-0.0,Sidewalk
427.5,120.0477,3.1378,2.72271,0.0,0.06981,177.9543,1.4875,stand_1,216.1146,0.0,0.06981,0.0,0.06981,Sidewalk
428.0,120.0477,3.1378,2.72271,0.0,-0.0,177.9543,1.4875,stand_1,216.1062,0.0,-0.0,0.0,-0.0,Sidewalk
428.5,120.0477,3.1378,2.75762,0.0,0.06981,177.9543,1.4875,stand_1,216.1146,0.0,0.06981,0.0,0.06981,Sidewalk
429.0,120.0477,3.1378,2.75762,0.0,-0.0,177.9543,1.4875,stand_1,216.1062,0.0,-0.0,0.0,-0.0,Sidewalk
429.5,120.0477,3.1378,2.79253,0.0,0.06981,177.9543,1.4875,stand_1,216.1146,0.0,0.06981,0.0,0.06981,Sidewalk
430.0,120.0477,3.1378,2.79253,0.0,-0.0,177.9543,1.4875,stand_1,216.1062,0.0,-0.0,0.0,-0.0,Sidewalk
430.5,120.0477,3.1378,2.82743,0.0,0.06981,177.9543,1.4875,stand_1,216.1146,0.0,0.06981,0.0,0.06981,Sidewalk
431.0,120.0477,3.1378,2.82743,0.0,-0.0,177.9543,1.4875,stand_1,216.1062,0.0,-0.0,0.0,-0.0,Sidewalk
431.5,120.0477,3.1378,2.86234,0.0,0.06981,177.9543,1.4875,stand_1,216.1146,0.0,0.06981,0.0,0.06981,Sidewalk
432.0,120.0477,3.1378,2.86234,0.0,-0.0,177.9543,1.4875,stand_1,216.1062,0.0,-0.0,0.0,-0.0,Sidewalk
432.5,120.0477,3.1378,2.89725,0.0,0.06981,177.9543,1.4875,stand_1,216.1146,0.0,0.06981,0.0,0.06981,Sidewalk
433.0,120.0477,3.1378,2.89725,0.0,-0.0,177.9543,1.4875,stand_1,216.1062,0.0,-0.0,0.0,-0.0,Sidewalk
433.5,120.0477,3.1378,2.93215,0.0,0.06981,177.9543,1.4875,stand_1,216.1146,0.0,0.06981,0.0,0.06981,Sidewalk
434.0,120.0477,3.1378,2.93215,0.0,-0.0,177.9543,1.4875,stand_1,216.1062,0.0,-0.0,0.0,-0.0,Sidewalk
434.5,120.0477,3.1378,2.96706,0.0,0.06981,177.9543,1.4875,stand_1,216.1146,0.0,0.06981,0.0,0.06981,Sidewalk
435.0,120.0477,3.1378,2.96706,0.0,-0.0,177.9543,1.4875,stand_1,216.1063,0.0,-0.0,0.0,-0.0,Sidewalk
435.5,120.0477,3.1378,3.00197,0.0,0.06981,177.9543,1.4875,stand_1,216.1146,0.0,0.06981,0.0,0.06981,Sidewalk
436.0,120.0477,3.1378,3.00197,0.0,-0.0,177.9543,1.4875,stand_1,216.1063,0.0,-0.0,0.0,-0.0,Sidewalk
436.5,120.0477,3.1378,3.03687,0.0,0.06981,177.9543,1.4875,stand_1,216.1146,0.0,0.06981,0.0,0.06981,Sidewalk
437.0,120.0477,3.1378,3.03687,0.0,-0.0,177.9543,1.4875,stand_1,216.1063,0.0,-0.0,0.0,-0.0,Sidewalk
437.5,120.0477,3.1378,3.07178,0.0,0.06981,177.9543,1.4875,stand_1,216.1146,0.0,0.06981,0.0,0.06981,Sidewalk
438.0,120.0477,3.1378,3.07178,0.0,-0.0,177.9543,1.4875,stand_1,216.1063,0.0,-0.0,0.0,-0.0,Sidewalk
438.5,120.0477,3.1378,3.10669,0.0,0.06981,177.9543,1.4875,stand_1,216.1146,0.0,0.06981,0.0,0.06981,Sidewalk
439.0,120.0477,3.1378,3.10669,0.0,-0.0,177.9543,1.4875,stand_1,216.1063,0.0,-0.0,0.0,-0.0,Sidewalk
439.5,120.0477,3.1378,3.14159,0.0,0.06981,177.9543,1.4875,stand_1,216.1146,0.0,0.06981,0.0,0.06981,Sidewalk
440.0,120.0477,3.1378,3.14159,0.0,-0.0,177.9543,1.4875,stand_1,216.1063,0.0,-0.0,0.0,-0.0,Sidewalk
440.5,120.0477,3.1378,-3.10669,0.0,0.06981,177.9543,1.4875,stand_1,216.1147,0.0,0.06981,0.0,0.06981,Sidewalk
441.0,120.0477,3.1378,-3.10669,0.0,-0.0,177.9543,1.4875,stand_1,216.1063,0.0,-0.0,0.0,-0.0,Sidewalk
441.5,120.0477,3.1378,-3.07178,0.0,0.06981,177.9543,1.4875,stand_1,216.1147,0.0,0.06981,0.0,0.06981,Sidewalk
442.0,120.0477,3.1378,-3.07178,0.0,-0.0,177.9543,1.4875,stand_1,216.1063,0.0,-0.0,0.0,-0.0,Sidewalk
442.5,120.0477,3.1378,-3.03687,0.0,0.06981,177.9543,1.4875,stand_1,216.1147,0.0,0.06981,0.0,0.06981,Sidewalk
443.0,120.0477,3.1378,-3.03687,0.0,-0.0,177.9543,1.4875,stand_1,216.1063,0.0,-0.0,0.0,-0.0,Sidewalk
443.5,120.0477,3.1378,-3.00197,0.0,0.06981,177.9543,1.4875,stand_1,216.1147,0.0,0.06981,0.0,0.06981,Sidewalk
444.0,120.0477,3.1378,-3.00197,0.0,-0.0,177.9543,1.4875,stand_1,216.1063,0.0,-0.0,0.0,-0.0,Sidewalk
444.5,120.0477,3.1378,-2.96706,0.0,0.06981,177.9543,1.4875,stand_1,216.1147,0.0,0.06981,0.0,0.06981,Sidewalk
445.0,120.0477,3.1378,-2.96706,0.0,-0.0,177.9543,1.4875,stand_1,216.1063,0.0,-0.0,0.0,-0.0,Sidewalk
445.5,120.0477,3.1378,-2.93215,0.0,0.06981,177.9543,1.4875,stand_1,216.1147,0.0,0.06981,0.0,0.06981,Sidewalk
446.0,120.0477,3.1378,-2.93215,0.0,-0.0,177.9543,1.4875,stand_1,216.1063,0.0,-0.0,0.0,-0.0,Sidewalk
446.5,120.0477,3.1378,-2.89725,0.0,0.06981,177.9543,1.4875,stand_1,216.1147,0.0,0.06981,0.0,0.06981,Sidewalk
447.0,120.0477,3.1378,-2.89725,0.0,-0.0,177.9543,1.4875,stand_1,216.1063,0.0,-0.0,0.0,-0.0,Sidewalk
447.5,120.0477,3.1378,-2.86234,0.0,0.06981,177.9543,1.4875,stand_1,216.1147,0.0,0.06981,0.0,0.06981,Sidewalk
448.0,120.0477,3.1378,-2.86234,0.0,-0.0,177.9543,1.4875,stand_1,216.1063,0.0,-0.0,0.0,-0.0,Sidewalk
448.5,120.0477,3.1378,-2.82743,0.0,0.06981,177.9543,1.4875,stand_1,216.1147,0.0,0.06981,0.0,0.06981,Sidewalk
449.0,120.0477,3.1378,-2.82743,0.0,-0.0,177.9543,1.4875,stand_1,216.1063,0.0,-0.0,0.0,-0.0,Sidewalk
449.5,120.0477,3.1378,-2.79253,0.0,0.06981,177.9543,1.4875,stand_1,216.1147,0.0,0.06981,0.0,0.06981,Sidewalk
450.0,120.0477,3.1378,-2.79253,0.0,-0.0,177.9543,1.4875,stand_1,216.1063,0.0,-0.0,0.0,-0.0,Sidewalk
450.5,120.0477,3.1378,-2.75762,0.0,0.06981,177.9543,1.4875,stand_1,216.1147,0.0,0.06981,0.0,0.06981,Sidewalk
451.0,120.0477,3.1378,-2.75762,0.0,-0.0,177.9543,1.4875,stand_1,216.1063,0.0,-0.0,0.0,-0.0,Sidewalk
451.5,120.0477,3.1378,-2.72271,0.0,0.06981,177.9543,1.4875,stand_1,216.1147,0.0,0.06981,0.0,0.06981,Sidewalk
452.0,120.0477,3.1378,-2.72271,0.0,-0.0,177.9543,1.4875,stand_1,216.1063,0.0,-0.0,0.0,-0.0,Sidewalk
452.5,120.0477,3.1378,-2.68781,0.0,0.06981,177.9543,1.4875,stand_1,216.1147,0.0,0.06981,0.0,0.06981,Sidewalk
453.0,120.0477,3.1378,-2.68781,0.0,-0.0,177.9543,1.4875,stand_1,216.1063,0.0,-0.0,0.0,-0.0,Sidewalk
453.5,120.0477,3.1378,-2.6529,0.0,0.06981,177.9543,1.4874,stand_1,216.1147,0.0,0.06981,0.0,0.06981,Sidewalk
454.0,120.0477,3.1378,-2.6529,0.0,-0.0,177.9543,1.4874,stand_1,216.1063,0.0,-0.0,0.0,-0.0,Sidewalk
454.5,120.0477,3.1378,-2.61799,0.0,0.06981,177.9543,1.4874,stand_1,216.1147,0.0,0.06981,0.0,0.06981,Sidewalk
455.0,120.0477,3.1378,-2.61799,0.0,-0.0,177.9543,1.4874,stand_1,216.1063,0.0,-0.0,0.0,-0.0,Sidewalk
455.5,120.0477,3.1378,-2.58309,0.0,0.06981,177.9543,1.4874,stand_1,216.1147,0.0,0.06981,0.0,0.06981,Sidewalk
456.0,120.0477,3.1378,-2.58309,0.0,-0.0,177.9543,1.4874,stand_1,216.1064,0.0,-0.0,0.0,-0.0,Sidewalk
456.5,120.0477,3.1378,-2.54818,0.0,0.06981,177.9543,1.4874,stand_1,216.1147,0.0,0.06981,0.0,0.06981,Sidewalk
457.0,120.0477,3.1378,-2.54818,0.0,-0.0,177.9543,1.4874,stand_1,216.1064,0.0,-0.0,0.0,-0.0,Sidewalk
457.5,120.0477,3.1378,-2.51327,0.0,0.06981,177.9543,1.4874,stand_1,216.1147,0.0,0.06981,0.0,0.06981,Sidewalk
458.0,120.0477,3.1378,-2.51327,0.0,-0.0,177.9543,1.4874,stand_1,216.1064,0.0,-0.0,0.0,-0.0,Sidewalk
458.5,120.0477,3.1378,-2.47837,0.0,0.06981,177.9543,1.4874,stand_1,216.1147,0.0,0.06981,0.0,0.06981,Sidewalk
459.0,120.0477,3.1378,-2.47837,0.0,-0.0,177.9543,1.4874,stand_1,216.1064,0.0,-0.0,0.0,-0.0,Sidewalk
459.5,120.0477,3.1378,-2.44346,0.0,0.06981,177.9543,1.4874,stand_1,216.1147,0.0,0.06981,0.0,0.06981,Sidewalk
460.0,120.0477,3.1378,-2.44346,0.0,-0.0,177.9543,1.4874,stand_1,216.1064,0.0,-0.0,0.0,-0.0,Sidewalk
460.5,120.0477,3.1378,-2.40855,0.0,0.06981,177.9543,1.4874,stand_1,216.1148,0.0,0.06981,0.0,0.06981,Sidewalk
461.0,120.0477,3.1378,-2.40855,0.0,-0.0,177.9543,1.4874,stand_1,216.1064,0.0,-0.0,0.0,-0.0,Sidewalk
461.5,120.0477,3.1378,-2.37365,0.0,0.06981,177.9543,1.4874,stand_1,216.1148,0.0,0.06981,0.0,0.06981,Sidewalk
462.0,120.0477,3.1378,-2.37365,0.0,-0.0,177.9543,1.4874,stand_1,216.1064,0.0,-0.0,0.0,-0.0,Sidewalk
462.5,120.0477,3.1378,-2.33874,0.0,0.06981,177.9543,1.4874,stand_1,216.1148,0.0,0.06981,0.0,0.06981,Sidewalk
463.0,120.0477,3.1378,-2.33874,0.0,-0.0,177.9543,1.4874,stand_1,216.1064,0.0,-0.0,0.0,-0.0,Sidewalk
463.5,120.0477,3.1378,-2.30383,0.0,0.06981,177.9543,1.4874,stand_1,216.1148,0.0,0.06981,0.0,0.06981,Sidewalk
464.0,120.0477,3.1378,-2.30383,0.0,-0.0,177.9543,1.4874,stand_1,216.1064,0.0,-0.0,0.0,-0.0,Sidewalk
464.5,120.0477,3.1378,-2.26893,0.0,0.06981,177.9543,1.4874,stand_1,216.1148,0.0,0.06981,0.0,0.06981,Sidewalk
465.0,120.0477,3.1378,-2.26893,0.0,-0.0,177.9543,1.4874,stand_1,216.1064,0.0,-0.0,0.0,-0.0,Sidewalk
465.5,120.0477,3.1378,-2.23402,0.0,0.06981,177.9543,1.4874,stand_1,216.1148,0.0,0.06981,0.0,0.06981,Sidewalk
466.0,120.0477,3.1378,-2.23402,0.0,-0.0,177.9543,1.4874,stand_1,216.1064,0.0,-0.0,0.0,-0.0,Sidewalk
466.5,120.0477,3.1378,-2.19911,0.0,0.06981,177.9543,1.4874,stand_1,216.1148,0.0,0.06981,0.0,0.06981,Sidewalk
467.0,120.0477,3.1378,-2.19911,0.0,-0.0,177.9543,1.4874,stand_1,216.1064,0.0,-0.0,0.0,-0.0,Sidewalk
467.5,120.0477,3.1378,-2.16421,0.0,0.06981,177.9543,1.4874,stand_1,216.1148,0.0,0.06981,0.0,0.06981,Sidewalk
468.0,120.0477,3.1378,-2.16421,0.0,-0.0,177.9543,1.4874,stand_1,216.1064,0.0,-0.0,0.0,-0.0,Sidewalk
468.5,120.0477,3.1378,-2.1293,0.0,0.06981,177.9543,1.4874,stand_1,216.1148,0.0,0.06981,0.0,0.06981,Sidewalk
469.0,120.0477,3.1378,-2.1293,0.0,-0.0,177.9543,1.4874,stand_1,216.1064,0.0,-0.0,0.0,-0.0,Sidewalk
469.5,120.0477,3.1378,-2.0944,0.0,0.06981,177.9543,1.4874,stand_1,216.1148,0.0,0.06981,0.0,0.06981,Sidewalk
470.0,120.0477,3.1378,-2.0944,0.0,-0.0,177.9543,1.4874,stand_1,216.1064,0.0,-0.0,0.0,-0.0,Sidewalk
470.5,120.0477,3.1378,-2.05949,0.0,0.06981,177.9543,1.4874,stand_1,216.1148,0.0,0.06981,0.0,0.06981,Sidewalk
471.0,120.0477,3.1378,-2.05949,0.0,-0.0,177.9543,1.4874,stand_1,216.1064,0.0,-0.0,0.0,-0.0,Sidewalk
471.5,120.0477,3.1378,-2.02458,0.0,0.06981,177.9543,1.4874,stand_1,216.1148,0.0,0.06981,0.0,0.06981,Sidewalk
472.0,120.0477,3.1378,-2.02458,0.0,-0.0,177.9543,1.4874,stand_1,216.1064,0.0,-0.0,0.0,-0.0,Sidewalk
472.5,120.0477,3.1378,-1.98968,0.0,0.06981,177.9543,1.4874,stand_1,216.1148,0.0,0.06981,0.0,0.06981,Sidewalk
473.0,120.0477,3.1378,-1.98968,0.0,-0.0,177.9543,1.4874,stand_1,216.1064,0.0,-0.0,0.0,-0.0,Sidewalk
473.5,120.0477,3.1378,-1.95477,0.0,0.06981,177.9543,1.4874,stand_1,216.1148,0.0,0.06981,0.0,0.06981,Sidewalk
474.0,120.0477,3.1378,-1.95477,0.0,-0.0,177.9543,1.4874,stand_1,216.1064,0.0,-0.0,0.0,-0.0,Sidewalk
474.5,120.0477,3.1378,-1.91986,0.0,0.06981,177.9543,1.4874,stand_1,216.1148,0.0,0.06981,0.0,0.06981,Sidewalk
475.0,120.0477,3.1378,-1.91986,0.0,-0.0,177.9543,1.4874,stand_1,216.1064,0.0,-0.0,0.0,-0.0,Sidewalk
475.5,120.0477,3.1378,-1.88496,0.0,0.06981,177.9543,1.4874,stand_1,216.1148,0.0,0.06981,0.0,0.06981,Sidewalk
476.0,120.0477,3.1378,-1.88496,0.0,-0.0,177.9543,1.4874,stand_1,216.1065,0.0,-0.0,0.0,-0.0,Sidewalk
476.5,120.0477,3.1378,-1.85005,0.0,0.06981,177.9543,1.4874,stand_1,216.1148,0.0,0.06981,0.0,0.06981,Sidewalk
477.0,120.0477,3.1378,-1.85005,0.0,-0.0,177.9543,1.4874,stand_1,216.1065,0.0,-0.0,0.0,-0.0,Sidewalk
477.5,120.0477,3.1378,-1.81514,0.0,0.06981,177.9543,1.4874,stand_1,216.1148,0.0,0.06981,0.0,0.06981,Sidewalk
478.0,120.0477,3.1378,-1.81514,0.0,-0.0,177.9543,1.4874,stand_1,216.1065,0.0,-0.0,0.0,-0.0,Sidewalk
478.5,120.0477,3.1378,-1.78024,0.0,0.06981,177.9543,1.4874,stand_1,216.1148,0.0,0.06981,0.0,0.06981,Sidewalk
479.0,120.0477,3.1378,-1.78024,0.0,-0.0,177.9543,1.4874,stand_1,216.1065,0.0,-0.0,0.0,-0.0,Sidewalk
479.5,120.0477,3.1378,-1.74533,0.0,0.06981,177.9543,1.4874,stand_1,216.1148,0.0,0.06981,0.0,0.06981,Sidewalk
480.0,120.0477,3.1378,-1.74533,0.0,-0.0,177.9543,1.4874,stand_1,216.1065,0.0,-0.0,0.0,-0.0,Sidewalk
480.5,120.0477,3.1378,-1.71042,0.0,0.06981,177.9543,1.4874,stand_1,216.1148,0.0,0.06981,0.0,0.06981,Sidewalk
481.0,120.0477,3.1378,-1.71042,0.0,-0.0,177.9543,1.4874,stand_1,216.1065,0.0,-0.0,0.0,-0.0,Sidewalk
481.5,120.0477,3.1378,-1.67552,0.0,0.06981,177.9543,1.4874,stand_1,216.1149,0.0,0.06981,0.0,0.06981,Sidewalk
482.0,120.0477,3.1378,-1.67552,0.0,-0.0,177.9543,1.4874,stand_1,216.1065,0.0,-0.0,0.0,-0.0,Sidewalk
482.5,120.0477,3.1378,-1.64061,0.0,0.06981,177.9543,1.4874,stand_1,216.1149,0.0,0.06981,0.0,0.06981,Sidewalk
483.0,120.0477,3.1378,-1.64061,0.0,-0.0,177.9543,1.4874,stand_1,216.1065,0.0,-0.0,0.0,-0.0,Sidewalk
483.5,120.0477,3.1378,-1.6057,0.0,0.06981,177.9543,1.4874,stand_1,216.1149,0.0,0.06981,0.0,0.06981,Sidewalk
484.0,120.0477,3.1378,-1.6057,0.0,-0.0,177.9543,1.4874,stand_1,216.1065,0.0,-0.0,0.0,-0.0,Sidewalk
484.5,120.0477,3.1378,-1.5708,0.0,0.06981,177.9543,1.4874,stand_1,216.1149,0.0,0.06981,0.0,0.06981,Sidewalk
485.0,120.0477,3.1378,-1.5708,0.0,-0.0,177.9543,1.4874,stand_1,216.1065,0.0,-0.0,0.0,-0.0,Sidewalk
485.5,120.0477,3.1378,-1.53589,0.0,0.06981,177.9543,1.4874,stand_1,216.1149,0.0,0.06981,0.0,0.06981,Sidewalk
486.0,120.0477,3.1378,-1.53589,0.0,-0.0,177.9543,1.4874,stand_1,216.1065,0.0,-0.0,0.0,-0.0,Sidewalk
486.5,120.0477,3.1378,-1.50098,0.0,0.06981,177.9543,1.4874,stand_1,216.1149,0.0,0.06981,0.0,0.06981,Sidewalk
487.0,120.0477,3.1378,-1.50098,0.0,-0.0,177.9543,1.4874,stand_1,216.1065,0.0,-0.0,0.0,-0.0,Sidewalk
487.5,120.0477,3.1378,-1.46608,0.0,0.06981,177.9543,1.4874,stand_1,216.1149,0.0,0.06981,0.0,0.06981,Sidewalk
488.0,120.0477,3.1378,-1.46608,0.0,-0.0,177.9543,1.4874,stand_1,216.1065,0.0,-0.0,0.0,-0.0,Sidewalk
488.5,120.0477,3.1378,-1.43117,0.0,0.06981,177.9543,1.4874,stand_1,216.1149,0.0,0.06981,0.0,0.06981,Sidewalk
489.0,120.0477,3.1378,-1.43117,0.0,-0.0,177.9543,1.4874,stand_1,216.1065,0.0,-0.0,0.0,-0.0,Sidewalk
489.5,120.0477,3.1378,-1.39626,0.0,0.06981,177.9543,1.4874,stand_1,216.1149,0.0,0.06981,0.0,0.06981,Sidewalk
490.0,120.0477,3.1378,-1.39626,0.0,-0.0,177.9543,1.4874,stand_1,216.1065,0.0,-0.0,0.0,-0.0,Sidewalk
490.5,120.0477,3.1378,-1.36136,0.0,0.06981,177.9543,1.4874,stand_1,216.1149,0.0,0.06981,0.0,0.06981,Sidewalk
491.0,120.0477,3.1378,-1.36136,0.0,-0.0,177.9543,1.4874,stand_1,216.1065,0.0,-0.0,0.0,-0.0,Sidewalk
491.5,120.0477,3.1378,-1.32645,0.0,0.06981,177.9543,1.4874,stand_1,216.1149,0.0,0.06981,0.0,0.06981,Sidewalk
492.0,120.0477,3.1378,-1.32645,0.0,-0.0,177.9543,1.4874,stand_1,216.1065,0.0,-0.0,0.0,-0.0,Sidewalk
492.5,120.0477,3.1378,-1.29154,0.0,0.06981,177.9543,1.4874,stand_1,216.1149,0.0,0.06981,0.0,0.06981,Sidewalk
493.0,120.0477,3.1378,-1.29154,0.0,-0.0,177.9543,1.4874,stand_1,216.1065,0.0,-0.0,0.0,-0.0,Sidewalk
493.5,120.0477,3.1378,-1.25664,0.0,0.06981,177.9543,1.4874,stand_1,216.1149,0.0,0.06981,0.0,0.06981,Sidewalk
494.0,120.0477,3.1378,-1.25664,0.0,-0.0,177.9543,1.4874,stand_1,216.1065,0.0,-0.0,0.0,-0.0,Sidewalk
494.5,120.0477,3.1378,-1.22173,0.0,0.06981,177.9543,1.4874,stand_1,216.1149,0.0,0.06981,0.0,0.06981,Sidewalk
495.0,120.0477,3.1378,-1.22173,0.0,-0.0,177.9543,1.4874,stand_1,216.1065,0.0,-0.0,0.0,-0.0,Sidewalk
495.5,120.0477,3.1378,-1.18682,0.0,0.06981,177.9543,1.4874,stand_1,216.1149,0.0,0.06981,0.0,0.06981,Sidewalk
496.0,120.0477,3.1378,-1.18682,0.0,-0.0,177.9543,1.4874,stand_1,216.1066,0.0,-0.0,0.0,-0.0,Sidewalk
496.5,120.0477,3.1378,-1.15192,0.0,0.06981,177.9543,1.4874,stand_1,216.1149,0.0,0.06981,0.0,0.06981,Sidewalk
497.0,120.0477,3.1378,-1.15192,0.0,-0.0,177.9543,1.4873,stand_1,216.1066,0.0,-0.0,0.0,-0.0,Sidewalk
497.5,120.0477,3.1378,-1.11701,0.0,0.06981,177.9543,1.4873,stand_1,216.1149,0.0,0.06981,0.0,0.06981,Sidewalk
498.0,120.0477,3.1378,-1.11701,0.0,-0.0,177.9543,1.4873,stand_1,216.1066,0.0,-0.0,0.0,-0.0,Sidewalk
498.5,120.0477,3.1378,-1.0821,0.0,0.06981,177.9543,1.4873,stand_1,216.1149,0.0,0.06981,0.0,0.06981,Sidewalk
499.0,120.0477,3.1378,-1.0821,0.0,-0.0,177.9543,1.4873,stand_1,216.1066,0.0,-0.0,0.0,-0.0,Sidewalk
499.5,120.0477,3.1378,-1.0472,0.0,0.06981,177.9543,1.4873,stand_1,216.1149,0.0,0.06981,0.0,0.06981,Sidewalk
500.0,120.0477,3.1378,-1.0472,0.0,-0.0,177.9543,1.4873,stand_1,216.1066,0.0,-0.0,0.0,-0.0,Sidewalk
500.5,120.0477,3.1378,-1.01229,0.0,0.06981,177.9543,1.4873,stand_1,216.1149,0.0,0.06981,0.0,0.06981,Sidewalk
501.0,120.0477,3.1378,-1.01229,0.0,-0.0,177.9543,1.4873,stand_1,216.1066,0.0,-0.0,0.0,-0.0,Sidewalk
501.5,120.0477,3.1378,-0.97738,0.0,0.06981,177.9543,1.4873,stand_1,216.115,0.0,0.06981,0.0,0.06981,Sidewalk
502.0,120.0477,3.1378,-0.97738,0.0,-0.0,177.9543,1.4873,stand_1,216.1066,0.0,-0.0,0.0,-0.0,Sidewalk
502.5,120.0477,3.1378,-0.94248,0.0,0.06981,177.9543,1.4873,stand_1,216.115,0.0,0.06981,0.0,0.06981,Sidewalk
503.0,120.0477,3.1378,-0.94248,0.0,-0.0,177.9543,1.4873,stand_1,216.1066,0.0,-0.0,0.0,-0.0,Sidewalk
503.5,120.0477,3.1378,-0.90757,0.0,0.06981,177.9543,1.4873,stand_1,216.115,0.0,0.06981,0.0,0.06981,Sidewalk
504.0,120.0477,3.1378,-0.90757,0.0,-0.0,177.9543,1.4873,stand_1,216.1066,0.0,-0.0,0.0,-0.0,Sidewalk
504.5,120.0477,3.1378,-0.87266,0.0,0.06981,177.9543,1.4873,stand_1,216.115,0.0,0.06981,0.0,0.06981,Sidewalk
505.0,120.0477,3.1378,-0.87266,0.0,-0.0,177.9543,1.4873,stand_1,216.1066,0.0,-0.0,0.0,-0.0,Sidewalk
505.5,120.0477,3.1378,-0.83776,0.0,0.06981,177.9543,1.4873,stand_1,216.115,0.0,0.06981,0.0,0.06981,Sidewalk
506.0,120.0477,3.1378,-0.83776,0.0,-0.0,177.9543,1.4873,stand_1,216.1066,0.0,-0.0,0.0,-0.0,Sidewalk
506.5,120.0477,3.1378,-0.80285,0.0,0.06981,177.9543,1.4873,stand_1,216.115,0.0,0.06981,0.0,0.06981,Sidewalk
507.0,120.0477,3.1378,-0.80285,0.0,-0.0,177.9543,1.4873,stand_1,216.1066,0.0,-0.0,0.0,-0.0,Sidewalk
507.5,120.0477,3.1378,-0.76794,0.0,0.06981,177.9543,1.4873,stand_1,216.115,0.0,0.06981,0.0,0.06981,Sidewalk
508.0,120.0477,3.1378,-0.76794,0.0,-0.0,177.9543,1.4873,stand_1,216.1066,0.0,-0.0,0.0,-0.0,Sidewalk
508.5,120.0477,3.1378,-0.73304,0.0,0.06981,177.9543,1.4873,stand_1,216.115,0.0,0.06981,0.0,0.06981,Sidewalk
509.0,120.0477,3.1378,-0.73304,0.0,-0.0,177.9543,1.4873,stand_1,216.1066,0.0,-0.0,0.0,-0.0,Sidewalk
509.5,120.0477,3.1378,-0.69813,0.0,0.06981,177.9543,1.4873,stand_1,216.115,0.0,0.06981,0.0,0.06981,Sidewalk
510.0,120.0477,3.1378,-0.69813,0.0,-0.0,177.9543,1.4873,stand_1,216.1066,0.0,-0.0,0.0,-0.0,Sidewalk
510.5,120.0477,3.1378,-0.66323,0.0,0.06981,177.9543,1.4873,stand_1,216.115,0.0,0.06981,0.0,0.06981,Sidewalk
511.0,120.0477,3.1378,-0.66323,0.0,-0.0,177.9543,1.4873,stand_1,216.1066,0.0,-0.0,0.0,-0.0,Sidewalk
511.5,120.0477,3.1378,-0.62832,0.0,0.06981,177.9543,1.4873,stand_1,216.115,0.0,0.06981,0.0,0.06981,Sidewalk
512.0,120.0477,3.1378,-0.62832,0.0,-0.0,177.9543,1.4873,stand_1,216.1066,0.0,-0.0,0.0,-0.0,Sidewalk
512.5,120.0477,3.1378,-0.59341,0.0,0.06981,177.9543,1.4873,stand_1,216.115,0.0,0.06981,0.0,0.06981,Sidewalk
513.0,120.0477,3.1378,-0.59341,0.0,-0.0,177.9543,1.4873,stand_1,216.1066,0.0,-0.0,0.0,-0.0,Sidewalk
513.5,120.0477,3.1378,-0.55851,0.0,0.06981,177.9543,1.4873,stand_1,216.115,0.0,0.06981,0.0,0.06981,Sidewalk
514.0,120.0477,3.1378,-0.55851,0.0,-0.0,177.9543,1.4873,stand_1,216.1066,0.0,-0.0,0.0,-0.0,Sidewalk
514.5,120.0477,3.1378,-0.5236,0.0,0.06981,177.9543,1.4873,stand_1,216.115,0.0,0.06981,0.0,0.06981,Sidewalk
515.0,120.0477,3.1378,-0.5236,0.0,-0.0,177.9543,1.4873,stand_1,216.1066,0.0,-0.0,0.0,-0.0,Sidewalk
515.5,120.0477,3.1378,-0.48869,0.0,0.06981,177.9543,1.4873,stand_1,216.115,0.0,0.06981,0.0,0.06981,Sidewalk
516.0,120.0477,3.1378,-0.48869,0.0,-0.0,177.9543,1.4873,stand_1,216.1066,0.0,-0.0,0.0,-0.0,Sidewalk
516.5,120.0477,3.1378,-0.45379,0.0,0.06981,177.9543,1.4873,stand_1,216.115,0.0,0.06981,0.0,0.06981,Sidewalk
517.0,120.0477,3.1378,-0.45379,0.0,-0.0,177.9543,1.4873,stand_1,216.1066,0.0,-0.0,0.0,-0.0,Sidewalk
517.5,120.0477,3.1378,-0.41888,0.0,0.06981,177.9543,1.4873,stand_1,216.115,0.0,0.06981,0.0,0.06981,Sidewalk
518.0,120.0477,3.1378,-0.41888,0.0,-0.0,177.9543,1.4873,stand_1,216.1067,0.0,-0.0,0.0,-0.0,Sidewalk
518.5,120.0477,3.1378,-0.38397,0.0,0.06981,177.9543,1.4873,stand_1,216.115,0.0,0.06981,0.0,0.06981,Sidewalk
519.0,120.0477,3.1378,-0.38397,0.0,-0.0,177.9543,1.4873,stand_1,216.1067,0.0,-0.0,0.0,-0.0,Sidewalk
519.5,120.0477,3.1378,-0.34907,0.0,0.06981,177.9543,1.4873,stand_1,216.115,0.0,0.06981,0.0,0.06981,Sidewalk
520.0,120.0477,3.1378,-0.34907,0.0,-0.0,177.9543,1.4873,stand_1,216.1067,0.0,-0.0,0.0,-0.0,Sidewalk
520.5,120.0477,3.1378,-0.31416,0.0,0.06981,177.9543,1.4873,stand_1,216.115,0.0,0.06981,0.0,0.06981,Sidewalk
521.0,120.0477,3.1378,-0.31416,0.0,-0.0,177.9543,1.4873,stand_1,216.1067,0.0,-0.0,0.0,-0.0,Sidewalk
521.5,120.0477,3.1378,-0.27925,0.0,0.06981,177.9543,1.4873,stand_1,216.115,0.0,0.06981,0.0,0.06981,Sidewalk
522.0,120.0477,3.1378,-0.27925,0.0,-0.0,177.9543,1.4873,stand_1,216.1067,0.0,-0.0,0.0,-0.0,Sidewalk
522.5,120.0477,3.1378,-0.24435,0.0,0.06981,177.9543,1.4873,stand_1,216.1151,0.0,0.06981,0.0,0.06981,Sidewalk
523.0,120.0477,3.1378,-0.24435,0.0,-0.0,177.9543,1.4873,stand_1,216.1067,0.0,-0.0,0.0,-0.0,Sidewalk
523.5,120.0477,3.1378,-0.20944,0.0,0.06981,177.9543,1.4873,stand_1,216.1151,0.0,0.06981,0.0,0.06981,Sidewalk
524.0,120.0477,3.1378,-0.20944,0.0,-0.0,177.9543,1.4873,stand_1,216.1067,0.0,-0.0,0.0,-0.0,Sidewalk
524.5,120.0477,3.1378,-0.17453,0.0,0.06981,177.9543,1.4873,stand_1,216.1151,0.0,0.06981,0.0,0.06981,Sidewalk
525.0,120.0477,3.1378,-0.17453,0.0,-0.0,177.9543,1.4873,stand_1,216.1067,0.0,-0.0,0.0,-0.0,Sidewalk
525.5,120.0477,3.1378,-0.13963,0.0,0.06981,177.9543,1.4873,stand_1,216.1151,0.0,0.06981,0.0,0.06981,Sidewalk
526.0,120.0477,3.1378,-0.13963,0.0,-0.0,177.9543,1.4873,stand_1,216.1067,0.0,-0.0,0.0,-0.0,Sidewalk
526.5,120.0477,3.1378,-0.10472,0.0,0.06981,177.9543,1.4873,stand_1,216.1151,0.0,0.06981,0.0,0.06981,Sidewalk
527.0,120.0477,3.1378,-0.10472,0.0,-0.0,177.9543,1.4873,stand_1,216.1067,0.0,-0.0,0.0,-0.0,Sidewalk
527.5,120.0477,3.1378,-0.06981,0.0,0.06981,177.9543,1.4873,stand_1,216.1151,0.0,0.06981,0.0,0.06981,Sidewalk
528.0,120.0477,3.1378,-0.06981,0.0,-0.0,177.9543,1.4873,stand_1,216.1067,0.0,-0.0,0.0,-0.0,Sidewalk
528.5,120.0477,3.1378,-0.03491,0.0,0.06981,177.9543,1.4873,stand_1,216.1151,0.0,0.06981,0.0,0.06981,Sidewalk
529.0,120.0477,3.1378,-0.03491,0.0,-0.0,177.9543,1.4873,stand_1,216.1067,0.0,-0.0,0.0,-0.0,Sidewalk
529.5,120.0477,3.1378,-0.0,0.0,0.06981,177.9543,1.4873,stand_1,216.1151,0.0,0.06981,0.0,0.06981,Sidewalk
530.0,120.0477,3.1378,-0.0,0.0,-0.0,177.9543,1.4873,stand_1,216.1067,0.0,-0.0,0.0,-0.0,Sidewalk
530.5,120.0477,3.1378,0.03491,0.0,0.06981,177.9543,1.4873,stand_1,216.1151,0.0,0.06981,0.0,0.06981,Sidewalk
531.0,120.0477,3.1378,0.03491,0.0,-0.0,177.9543,1.4873,stand_1,216.1067,0.0,-0.0,0.0,-0.0,Sidewalk
531.5,120.0477,3.1378,0.06981,0.0,0.06981,177.9543,1.4873,stand_1,216.1151,0.0,0.06981,0.0,0.06981,Sidewalk
532.0,120.0477,3.1378,0.06981,0.0,-0.0,177.9543,1.4873,stand_1,216.1067,0.0,-0.0,0.0,-0.0,Sidewalk
532.5,120.0477,3.1378,0.10472,0.0,0.06981,177.9543,1.4873,stand_1,216.1151,0.0,0.06981,0.0,0.06981,Sidewalk
533.0,120.0477,3.1378,0.10472,0.0,-0.0,177.9543,1.4873,stand_1,216.1067,0.0,-0.0,0.0,-0.0,Sidewalk
533.5,120.0477,3.1378,0.13963,0.0,0.06981,177.9543,1.4873,stand_1,216.1151,0.0,0.06981,0.0,0.06981,Sidewalk
534.0,120.0477,3.1378,0.13963,0.0,-0.0,177.9543,1.4873,stand_1,216.1067,0.0,-0.0,0.0,-0.0,Sidewalk
534.5,120.0477,3.1378,0.17453,0.0,0.06981,177.9543,1.4873,stand_1,216.1151,0.0,0.06981,0.0,0.06981,Sidewalk
535.0,120.0477,3.1378,0.17453,0.0,-0.0,177.9543,1.4873,stand_1,216.1067,0.0,-0.0,0.0,-0.0,Sidewalk
535.5,120.0477,3.1378,0.20944,0.0,0.06981,177.9543,1.4873,stand_1,216.1151,0.0,0.06981,0.0,0.06981,Sidewalk
536.0,120.0477,3.1378,0.20944,0.0,-0.0,177.9543,1.4873,stand_1,216.1067,0.0,-0.0,0.0,-0.0,Sidewalk
536.5,120.0477,3.1378,0.24435,0.0,0.06981,177.9543,1.4873,stand_1,216.1151,0.0,0.06981,0.0,0.06981,Sidewalk
537.0,120.0477,3.1378,0.24435,0.0,-0.0,177.9543,1.4873,stand_1,216.1067,0.0,-0.0,0.0,-0.0,Sidewalk
537.5,120.0477,3.1378,0.27925,0.0,0.06981,177.9543,1.4873,stand_1,216.1151,0.0,0.06981,0.0,0.06981,Sidewalk
538.0,120.0477,3.1378,0.27925,0.0,-0.0,177.9543,1.4873,stand_1,216.1068,0.0,-0.0,0.0,-0.0,Sidewalk
538.5,120.0477,3.1378,0.31416,0.0,0.06981,177.9543,1.4873,stand_1,216.1151,0.0,0.06981,0.0,0.06981,Sidewalk
539.0,120.0477,3.1378,0.31416,0.0,-0.0,177.9543,1.4873,stand_1,216.1068,0.0,-0.0,0.0,-0.0,Sidewalk
539.5,120.0477,3.1378,0.34907,0.0,0.06981,177.9543,1.4873,stand_1,216.1151,0.0,0.06981,0.0,0.06981,Sidewalk
540.0,120.0477,3.1378,0.34907,0.0,-0.0,177.9543,1.4872,stand_1,216.1068,0.0,-0.0,0.0,-0.0,Sidewalk
540.5,120.0477,3.1378,0.38397,0.0,0.06981,177.9543,1.4872,stand_1,216.1151,0.0,0.06981,0.0,0.06981,Sidewalk
541.0,120.0477,3.1378,0.38397,0.0,-0.0,177.9543,1.4872,stand_1,216.1068,0.0,-0.0,0.0,-0.0,Sidewalk
541.5,120.0477,3.1378,0.41888,0.0,0.06981,177.9543,1.4872,stand_1,216.1151,0.0,0.06981,0.0,0.06981,Sidewalk
542.0,120.0477,3.1378,0.41888,0.0,-0.0,177.9543,1.4872,stand_1,216.1068,0.0,-0.0,0.0,-0.0,Sidewalk
542.5,120.0477,3.1378,0.45379,0.0,0.06981,177.9543,1.4872,stand_1,216.1152,0.0,0.06981,0.0,0.06981,Sidewalk
543.0,120.0477,3.1378,0.45379,0.0,-0.0,177.9543,1.4872,stand_1,216.1068,0.0,-0.0,0.0,-0.0,Sidewalk
543.5,120.0477,3.1378,0.48869,0.0,0.06981,177.9543,1.4872,stand_1,216.1152,0.0,0.06981,0.0,0.06981,Sidewalk
544.0,120.0477,3.1378,0.48869,0.0,-0.0,177.9543,1.4872,stand_1,216.1068,0.0,-0.0,0.0,-0.0,Sidewalk
544.5,120.0477,3.1378,0.5236,0.0,0.06981,177.9543,1.4872,stand_1,216.1152,0.0,0.06981,0.0,0.06981,Sidewalk
545.0,120.0477,3.1378,0.5236,0.0,-0.0,177.9543,1.4872,stand_1,216.1068,0.0,-0.0,0.0,-0.0,Sidewalk
545.5,120.0477,3.1378,0.55851,0.0,0.06981,177.9543,1.4872,stand_1,216.1152,0.0,0.06981,0.0,0.06981,Sidewalk
546.0,120.0477,3.1378,0.55851,0.0,-0.0,177.9543,1.4872,stand_1,216.1068,0.0,-0.0,0.0,-0.0,Sidewalk
546.5,120.0477,3.1378,0.59341,0.0,0.06981,177.9543,1.4872,stand_1,216.1152,0.0,0.06981,0.0,0.06981,Sidewalk
547.0,120.0477,3.1378,0.59341,0.0,-0.0,177.9543,1.4872,stand_1,216.1068,0.0,-0.0,0.0,-0.0,Sidewalk
547.5,120.0477,3.1378,0.62832,0.0,0.06981,177.9543,1.4872,stand_1,216.1152,0.0,0.06981,0.0,0.06981,Sidewalk
548.0,120.0477,3.1378,0.62832,0.0,-0.0,177.9543,1.4872,stand_1,216.1068,0.0,-0.0,0.0,-0.0,Sidewalk
548.5,120.0477,3.1378,0.66323,0.0,0.06981,177.9543,1.4872,stand_1,216.1152,0.0,0.06981,0.0,0.06981,Sidewalk
549.0,120.0477,3.1378,0.66323,0.0,-0.0,177.9543,1.4872,stand_1,216.1068,0.0,-0.0,0.0,-0.0,Sidewalk
549.5,120.0477,3.1378,0.69813,0.0,0.06981,177.9543,1.4872,stand_1,216.1152,0.0,0.06981,0.0,0.06981,Sidewalk
550.0,120.0477,3.1378,0.69813,0.0,-0.0,177.9543,1.4872,stand_1,216.1068,0.0,-0.0,0.0,-0.0,Sidewalk
550.5,120.0477,3.1378,0.73304,0.0,0.06981,177.9543,1.4872,stand_1,216.1152,0.0,0.06981,0.0,0.06981,Sidewalk
551.0,120.0477,3.1378,0.73304,0.0,-0.0,177.9543,1.4872,stand_1,216.1068,0.0,-0.0,0.0,-0.0,Sidewalk
551.5,120.0477,3.1378,0.76794,0.0,0.06981,177.9543,1.4872,stand_1,216.1152,0.0,0.06981,0.0,0.06981,Sidewalk
552.0,120.0477,3.1378,0.76794,0.0,-0.0,177.9543,1.4872,stand_1,216.1068,0.0,-0.0,0.0,-0.0,Sidewalk
552.5,120.0477,3.1378,0.80285,0.0,0.06981,177.9543,1.4872,stand_1,216.1152,0.0,0.06981,0.0,0.06981,Sidewalk
553.0,120.0477,3.1378,0.80285,0.0,-0.0,177.9543,1.4872,stand_1,216.1068,0.0,-0.0,0.0,-0.0,Sidewalk
553.5,120.0477,3.1378,0.83776,0.0,0.06981,177.9543,1.4872,stand_1,216.1152,0.0,0.06981,0.0,0.06981,Sidewalk
554.0,120.0477,3.1378,0.83776,0.0,-0.0,177.9543,1.4872,stand_1,216.1068,0.0,-0.0,0.0,-0.0,Sidewalk
554.5,120.0477,3.1378,0.87266,0.0,0.06981,177.9543,1.4872,stand_1,216.1152,0.0,0.06981,0.0,0.06981,Sidewalk
555.0,120.0477,3.1378,0.87266,0.0,-0.0,177.9543,1.4872,stand_1,216.1068,0.0,-0.0,0.0,-0.0,Sidewalk
555.5,120.0477,3.1378,0.90757,0.0,0.06981,177.9543,1.4872,stand_1,216.1152,0.0,0.06981,0.0,0.06981,Sidewalk
556.0,120.0477,3.1378,0.90757,0.0,-0.0,177.9543,1.4872,stand_1,216.1068,0.0,-0.0,0.0,-0.0,Sidewalk
556.5,120.0477,3.1378,0.94248,0.0,0.06981,177.9543,1.4872,stand_1,216.1152,0.0,0.06981,0.0,0.06981,Sidewalk
557.0,120.0477,3.1378,0.94248,0.0,-0.0,177.9543,1.4872,stand_1,216.1068,0.0,-0.0,0.0,-0.0,Sidewalk
557.5,120.0477,3.1378,0.97738,0.0,0.06981,177.9543,1.4872,stand_1,216.1152,0.0,0.06981,0.0,0.06981,Sidewalk
558.0,120.0477,3.1378,0.97738,0.0,-0.0,177.9543,1.4872,stand_1,216.1069,0.0,-0.0,0.0,-0.0,Sidewalk
558.5,120.0477,3.1378,1.01229,0.0,0.06981,177.9543,1.4872,stand_1,216.1152,0.0,0.06981,0.0,0.06981,Sidewalk
559.0,120.0477,3.1378,1.01229,0.0,-0.0,177.9543,1.4872,stand_1,216.1069,0.0,-0.0,0.0,-0.0,Sidewalk
559.5,120.0477,3.1378,1.0472,0.0,0.06981,177.9543,1.4872,stand_1,216.1152,0.0,0.06981,0.0,0.06981,Sidewalk
560.0,120.0477,3.1378,1.0472,0.0,-0.0,177.9543,1.4872,stand_1,216.1069,0.0,-0.0,0.0,-0.0,Sidewalk
560.5,120.0477,3.1378,1.0821,0.0,0.06981,177.9543,1.4872,stand_1,216.1152,0.0,0.06981,0.0,0.06981,Sidewalk
561.0,120.0477,3.1378,1.0821,0.0,-0.0,177.9543,1.4872,stand_1,216.1069,0.0,-0.0,0.0,-0.0,Sidewalk
561.5,120.0477,3.1378,1.11701,0.0,0.06981,177.9543,1.4872,stand_1,216.1152,0.0,0.06981,0.0,0.06981,Sidewalk
562.0,120.0477,3.1378,1.11701,0.0,-0.0,177.9543,1.4872,stand_1,216.1069,0.0,-0.0,0.0,-0.0,Sidewalk
562.5,120.0477,3.1378,1.15192,0.0,0.06981,177.9543,1.4872,stand_1,216.1153,0.0,0.06981,0.0,0.06981,Sidewalk
563.0,120.0477,3.1378,1.15192,0.0,-0.0,177.9543,1.4872,stand_1,216.1069,0.0,-0.0,0.0,-0.0,Sidewalk
563.5,120.0477,3.1378,1.18682,0.0,0.06981,177.9543,1.4872,stand_1,216.1153,0.0,0.06981,0.0,0.06981,Sidewalk
564.0,120.0477,3.1378,1.18682,0.0,-0.0,177.9543,1.4872,stand_1,216.1069,0.0,-0.0,0.0,-0.0,Sidewalk
564.5,120.0477,3.1378,1.22173,0.0,0.06981,177.9543,1.4872,stand_1,216.1153,0.0,0.06981,0.0,0.06981,Sidewalk
565.0,120.0477,3.1378,1.22173,0.0,-0.0,177.9543,1.4872,stand_1,216.1069,0.0,-0.0,0.0,-0.0,Sidewalk
565.5,120.0477,3.1378,1.25664,0.0,0.06981,177.9543,1.4872,stand_1,216.1153,0.0,0.06981,0.0,0.06981,Sidewalk
566.0,120.0477,3.1378,1.25664,0.0,-0.0,177.9543,1.4872,stand_1,216.1069,0.0,-0.0,0.0,-0.0,Sidewalk
566.5,120.0477,3.1378,1.29154,0.0,0.06981,177.9543,1.4872,stand_1,216.1153,0.0,0.06981,0.0,0.06981,Sidewalk
567.0,120.0477,3.1378,1.29154,0.0,-0.0,177.9543,1.4872,stand_1,216.1069,0.0,-0.0,0.0,-0.0,Sidewalk
567.5,120.0477,3.1378,1.32645,0.0,0.06981,177.9543,1.4872,stand_1,216.1153,0.0,0.06981,0.0,0.06981,Sidewalk
568.0,120.0477,3.1378,1.32645,0.0,-0.0,177.9543,1.4872,stand_1,216.1069,0.0,-0.0,0.0,-0.0,Sidewalk
568.5,120.0477,3.1378,1.36136,0.0,0.06981,177.9543,1.4872,stand_1,216.1153,0.0,0.06981,0.0,0.06981,Sidewalk
569.0,120.0477,3.1378,1.36136,0.0,-0.0,177.9543,1.4872,stand_1,216.1069,0.0,-0.0,0.0,-0.0,Sidewalk
569.5,120.0477,3.1378,1.39626,0.0,0.06981,177.9543,1.4872,stand_1,216.1153,0.0,0.06981,0.0,0.06981,Sidewalk
570.0,120.0477,3.1378,1.39626,0.0,-0.0,177.9543,1.4872,stand_1,216.1069,0.0,-0.0,0.0,-0.0,Sidewalk
570.5,120.0477,3.1378,1.43117,0.0,0.06981,177.9543,1.4872,stand_1,216.1153,0.0,0.06981,0.0,0.06981,Sidewalk
571.0,120.0477,3.1378,1.43117,0.0,-0.0,177.9543,1.4872,stand_1,216.1069,0.0,-0.0,0.0,-0.0,Sidewalk
571.5,120.0477,3.1378,1.46608,0.0,0.06981,177.9543,1.4872,stand_1,216.1153,0.0,0.06981,0.0,0.06981,Sidewalk
572.0,120.0477,3.1378,1.46608,0.0,-0.0,177.9543,1.4872,stand_1,216.1069,0.0,-0.0,0.0,-0.0,Sidewalk
572.5,120.0477,3.1378,1.50098,0.0,0.06981,177.9543,1.4872,stand_1,216.1153,0.0,0.06981,0.0,0.06981,Sidewalk
573.0,120.0477,3.1378,1.50098,0.0,-0.0,177.9543,1.4872,stand_1,216.1069,0.0,-0.0,0.0,-0.0,Sidewalk
573.5,120.0477,3.1378,1.53589,0.0,0.06981,177.9543,1.4872,stand_1,216.1153,0.0,0.06981,0.0,0.06981,Sidewalk
574.0,120.0477,3.1378,1.53589,0.0,-0.0,177.9543,1.4872,stand_1,216.1069,0.0,-0.0,0.0,-0.0,Sidewalk
574.5,120.0477,3.1378,1.5708,0.0,0.06981,177.9543,1.4872,stand_1,216.1153,0.0,0.06981,0.0,0.06981,Sidewalk
575.0,120.0477,3.1378,1.5708,0.0,-0.0,177.9543,1.4872,stand_1,216.1069,0.0,-0.0,0.0,-0.0,Sidewalk
575.5,120.0477,3.1378,1.6057,0.0,0.06981,177.9543,1.4872,stand_1,216.1153,0.0,0.06981,0.0,0.06981,Sidewalk
576.0,120.0477,3.1378,1.6057,0.0,-0.0,177.9543,1.4872,stand_1,216.107,0.0,-0.0,0.0,-0.0,Sidewalk
576.5,120.0477,3.1378,1.64061,0.0,0.06981,177.9543,1.4872,stand_1,216.1153,0.0,0.06981,0.0,0.06981,Sidewalk
577.0,120.0477,3.1378,1.64061,0.0,-0.0,177.9543,1.4872,stand_1,216.107,0.0,-0.0,0.0,-0.0,Sidewalk
577.5,120.0477,3.1378,1.67552,0.0,0.06981,177.9543,1.4872,stand_1,216.1153,0.0,0.06981,0.0,0.06981,Sidewalk
578.0,120.0477,3.1378,1.67552,0.0,-0.0,177.9543,1.4872,stand_1,216.107,0.0,-0.0,0.0,-0.0,Sidewalk
578.5,120.0477,3.1378,1.71042,0.0,0.06981,177.9543,1.4872,stand_1,216.1153,0.0,0.06981,0.0,0.06981,Sidewalk
579.0,120.0477,3.1378,1.71042,0.0,-0.0,177.9543,1.4872,stand_1,216.107,0.0,-0.0,0.0,-0.0,Sidewalk
579.5,120.0477,3.1378,1.74533,0.0,0.06981,177.9543,1.4872,stand_1,216.1153,0.0,0.06981,0.0,0.06981,Sidewalk
580.0,120.0477,3.1378,1.74533,0.0,-0.0,177.9543,1.4872,stand_1,216.107,0.0,-0.0,0.0,-0.0,Sidewalk
580.5,120.0477,3.1378,1.78024,0.0,0.06981,177.9543,1.4872,stand_1,216.1153,0.0,0.06981,0.0,0.06981,Sidewalk
581.0,120.0477,3.1378,1.78024,0.0,-0.0,177.9543,1.4872,stand_1,216.107,0.0,-0.0,0.0,-0.0,Sidewalk
581.5,120.0477,3.1378,1.81514,0.0,0.06981,177.9543,1.4872,stand_1,216.1153,0.0,0.06981,0.0,0.06981,Sidewalk
582.0,120.0477,3.1378,1.81514,0.0,-0.0,177.9543,1.4872,stand_1,216.107,0.0,-0.0,0.0,-0.0,Sidewalk
582.5,120.0477,3.1378,1.85005,0.0,0.06981,177.9543,1.4872,stand_1,216.1154,0.0,0.06981,0.0,0.06981,Sidewalk
583.0,120.0477,3.1378,1.85005,0.0,-0.0,177.9543,1.4872,stand_1,216.107,0.0,-0.0,0.0,-0.0,Sidewalk
583.5,120.0477,3.1378,1.88496,0.0,0.06981,177.9543,1.4871,stand_1,216.1154,0.0,0.06981,0.0,0.06981,Sidewalk
584.0,120.0477,3.1378,1.88496,0.0,-0.0,177.9543,1.4871,stand_1,216.107,0.0,-0.0,0.0,-0.0,Sidewalk
584.5,120.0477,3.1378,1.91986,0.0,0.06981,177.9543,1.4871,stand_1,216.1154,0.0,0.06981,0.0,0.06981,Sidewalk
585.0,120.0477,3.1378,1.91986,0.0,-0.0,177.9543,1.4871,stand_1,216.107,0.0,-0.0,0.0,-0.0,Sidewalk
585.5,120.0477,3.1378,1.95477,0.0,0.06981,177.9543,1.4871,stand_1,216.1154,0.0,0.06981,0.0,0.06981,Sidewalk
586.0,120.0477,3.1378,1.95477,0.0,-0.0,177.9543,1.4871,stand_1,216.107,0.0,-0.0,0.0,-0.0,Sidewalk
586.5,120.0477,3.1378,1.98968,0.0,0.06981,177.9543,1.4871,stand_1,216.1154,0.0,0.06981,0.0,0.06981,Sidewalk
587.0,120.0477,3.1378,1.98968,0.0,-0.0,177.9543,1.4871,stand_1,216.107,0.0,-0.0,0.0,-0.0,Sidewalk
587.5,120.0477,3.1378,2.02458,0.0,0.06981,177.9543,1.4871,stand_1,216.1154,0.0,0.06981,0.0,0.06981,Sidewalk
588.0,120.0477,3.1378,2.02458,0.0,-0.0,177.9543,1.4871,stand_1,216.107,0.0,-0.0,0.0,-0.0,Sidewalk
588.5,120.0477,3.1378,2.05949,0.0,0.06981,177.9543,1.4871,stand_1,216.1154,0.0,0.06981,0.0,0.06981,Sidewalk
589.0,120.0477,3.1378,2.05949,0.0,-0.0,177.9543,1.4871,stand_1,216.107,0.0,-0.0,0.0,-0.0,Sidewalk
589.5,120.0477,3.1378,2.0944,0.0,0.06981,177.9543,1.4871,stand_1,216.1154,0.0,0.06981,0.0,0.06981,Sidewalk
590.0,120.0477,3.1378,2.0944,0.0,-0.0,177.9543,1.4871,stand_1,216.107,0.0,-0.0,0.0,-0.0,Sidewalk
590.5,120.0477,3.1378,2.1293,0.0,0.06981,177.9543,1.4871,stand_1,216.1154,0.0,0.06981,0.0,0.06981,Sidewalk
591.0,120.0477,3.1378,2.1293,0.0,-0.0,177.9543,1.4871,stand_1,216.107,0.0,-0.0,0.0,-0.0,Sidewalk
591.5,120.0477,3.1378,2.16421,0.0,0.06981,177.9543,1.4871,stand_1,216.1154,0.0,0.06981,0.0,0.06981,Sidewalk
592.0,120.0477,3.1378,2.16421,0.0,-0.0,177.9543,1.4871,stand_1,216.107,0.0,-0.0,0.0,-0.0,Sidewalk
592.5,120.0477,3.1378,2.19911,0.0,0.06981,177.9543,1.4871,stand_1,216.1154,0.0,0.06981,0.0,0.06981,Sidewalk
593.0,120.0477,3.1378,2.19911,0.0,-0.0,177.9543,1.4871,stand_1,216.107,0.0,-0.0,0.0,-0.0,Sidewalk
593.5,120.0477,3.1378,2.23402,0.0,0.06981,177.9543,1.4871,stand_1,216.1154,0.0,0.06981,0.0,0.06981,Sidewalk
594.0,120.0477,3.1378,2.23402,0.0,-0.0,177.9543,1.4871,stand_1,216.107,0.0,-0.0,0.0,-0.0,Sidewalk
594.5,120.0477,3.1378,2.26893,0.0,0.06981,177.9543,1.4871,stand_1,216.1154,0.0,0.06981,0.0,0.06981,Sidewalk
595.0,120.0477,3.1378,2.26893,0.0,-0.0,177.9543,1.4871,stand_1,216.107,0.0,-0.0,0.0,-0.0,Sidewalk
595.5,120.0477,3.1378,2.30383,0.0,0.06981,177.9543,1.4871,stand_1,216.1154,0.0,0.06981,0.0,0.06981,Sidewalk
596.0,120.0477,3.1378,2.30383,0.0,-0.0,177.9543,1.4871,stand_1,216.107,0.0,-0.0,0.0,-0.0,Sidewalk
596.5,120.0477,3.1378,2.33874,0.0,0.06981,177.9543,1.4871,stand_1,216.1154,0.0,0.06981,0.0,0.06981,Sidewalk
597.0,120.0477,3.1378,2.33874,0.0,-0.0,177.9543,1.4871,stand_1,216.107,0.0,-0.0,0.0,-0.0,Sidewalk
597.5,120.0477,3.1378,2.37365,0.0,0.06981,177.9543,1.4871,stand_1,216.1154,0.0,0.06981,0.0,0.06981,Sidewalk
598.0,120.0477,3.1378,2.37365,0.0,-0.0,177.9543,1.4871,stand_1,216.1071,0.0,-0.0,0.0,-0.0,Sidewalk
598.5,120.0477,3.1378,2.40855,0.0,0.06981,177.9543,1.4871,stand_1,216.1154,0.0,0.06981,0.0,0.06981,Sidewalk
599.0,120.0477,3.1378,2.40855,0.0,-0.0,177.9543,1.4871,stand_1,216.1071,0.0,-0.0,0.0,-0.0,Sidewalk
599.5,120.0477,3.1378,2.44346,0.0,0.06981,177.9543,1.4871,stand_1,216.1154,0.0,0.06981,0.0,0.06981,Sidewalk
600.0,120.0477,3.1378,2.44346,0.0,-0.0,177.9543,1.4871,stand_1,216.1071,0.0,-0.0,0.0,-0.0,Sidewalk
600.5,120.0477,3.1378,2.47837,0.0,0.06981,177.9543,1.4871,stand_1,216.1154,0.0,0.06981,0.0,0.06981,Sidewalk
601.0,120.0477,3.1378,2.47837,0.0,-0.0,177.9543,1.4871,stand_1,216.1071,0.0,-0.0,0.0,-0.0,Sidewalk
601.5,120.0477,3.1378,2.51327,0.0,0.06981,177.9543,1.4871,stand_1,216.1154,0.0,0.06981,0.0,0.06981,Sidewalk
602.0,120.0477,3.1378,2.51327,0.0,-0.0,177.9543,1.4871,stand_1,216.1071,0.0,-0.0,0.0,-0.0,Sidewalk
602.5,120.0477,3.1378,2.54818,0.0,0.06981,177.9543,1.4871,stand_1,216.1155,0.0,0.06981,0.0,0.06981,Sidewalk
603.0,120.0477,3.1378,2.54818,0.0,-0.0,177.9543,1.4871,stand_1,216.1071,0.0,-0.0,0.0,-0.0,Sidewalk
603.5,120.0477,3.1378,2.58309,0.0,0.06981,177.9543,1.4871,stand_1,216.1155,0.0,0.06981,0.0,0.06981,Sidewalk
604.0,120.0477,3.1378,2.58309,0.0,-0.0,177.9543,1.4871,stand_1,216.1071,0.0,-0.0,0.0,-0.0,Sidewalk
604.5,120.0477,3.1378,2.61799,0.0,0.06981,177.9543,1.4871,stand_1,216.1155,0.0,0.06981,0.0,0.06981,Sidewalk
605.0,120.0477,3.1378,2.61799,0.0,-0.0,177.9543,1.4871,stand_1,216.1071,0.0,-0.0,0.0,-0.0,Sidewalk
605.5,120.0477,3.1378,2.6529,0.0,0.06981,177.9543,1.4871,stand_1,216.1155,0.0,0.06981,0.0,0.06981,Sidewalk
606.0,120.0477,3.1378,2.6529,0.0,-0.0,177.9543,1.4871,stand_1,216.1071,0.0,-0.0,0.0,-0.0,Sidewalk
606.5,120.0477,3.1378,2.68781,0.0,0.06981,177.9543,1.4871,stand_1,216.1155,0.0,0.06981,0.0,0.06981,Sidewalk
607.0,120.0477,3.1378,2.68781,0.0,-0.0,177.9543,1.4871,stand_1,216.1071,0.0,-0.0,0.0,-0.0,Sidewalk
607.5,120.0477,3.1378,2.72271,0.0,0.06981,177.9543,1.4871,stand_1,216.1155,0.0,0.06981,0.0,0.06981,Sidewalk
608.0,120.0477,3.1378,2.72271,0.0,-0.0,177.9543,1.4871,stand_1,216.1071,0.0,-0.0,0.0,-0.0,Sidewalk
608.5,120.0477,3.1378,2.75762,0.0,0.06981,177.9543,1.4871,stand_1,216.1155,0.0,0.06981,0.0,0.06981,Sidewalk
609.0,120.0477,3.1378,2.75762,0.0,-0.0,177.9543,1.4871,stand_1,216.1071,0.0,-0.0,0.0,-0.0,Sidewalk
609.5,120.0477,3.1378,2.79253,0.0,0.06981,177.9543,1.4871,stand_1,216.1155,0.0,0.06981,0.0,0.06981,Sidewalk
610.0,120.0477,3.1378,2.79253,0.0,-0.0,177.9543,1.4871,stand_1,216.1071,0.0,-0.0,0.0,-0.0,Sidewalk
610.5,120.0477,3.1378,2.82743,0.0,0.06981,177.9543,1.4871,stand_1,216.1155,0.0,0.06981,0.0,0.06981,Sidewalk
611.0,120.0477,3.1378,2.82743,0.0,-0.0,177.9543,1.4871,stand_1,216.1071,0.0,-0.0,0.0,-0.0,Sidewalk
611.5,120.0477,3.1378,2.86234,0.0,0.06981,177.9543,1.4871,stand_1,216.1155,0.0,0.06981,0.0,0.06981,Sidewalk
612.0,120.0477,3.1378,2.86234,0.0,-0.0,177.9543,1.4871,stand_1,216.1071,0.0,-0.0,0.0,-0.0,Sidewalk
612.5,120.0477,3.1378,2.89725,0.0,0.06981,177.9543,1.4871,stand_1,216.1155,0.0,0.06981,0.0,0.06981,Sidewalk
613.0,120.0477,3.1378,2.89725,0.0,-0.0,177.9543,1.4871,stand_1,216.1071,0.0,-0.0,0.0,-0.0,Sidewalk
613.5,120.0477,3.1378,2.93215,0.0,0.06981,177.9543,1.4871,stand_1,216.1155,0.0,0.06981,0.0,0.06981,Sidewalk
614.0,120.0477,3.1378,2.93215,0.0,-0.0,177.9543,1.4871,stand_1,216.1071,0.0,-0.0,0.0,-0.0,Sidewalk
614.5,120.0477,3.1378,2.96706,0.0,0.06981,177.9543,1.4871,stand_1,216.1155,0.0,0.06981,0.0,0.06981,Sidewalk
615.0,120.0477,3.1378,2.96706,0.0,-0.0,177.9543,1.4871,stand_1,216.1072,0.0,-0.0,0.0,-0.0,Sidewalk
615.5,120.0477,3.1378,3.00197,0.0,0.06981,177.9543,1.4871,stand_1,216.1155,0.0,0.06981,0.0,0.06981,Sidewalk
616.0,120.0477,3.1378,3.00197,0.0,-0.0,177.9543,1.4871,stand_1,216.1072,0.0,-0.0,0.0,-0.0,Sidewalk
616.5,120.0477,3.1378,3.03687,0.0,0.06981,177.9543,1.4871,stand_1,216.1155,0.0,0.06981,0.0,0.06981,Sidewalk
617.0,120.0477,3.1378,3.03687,0.0,-0.0,177.9543,1.4871,stand_1,216.1072,0.0,-0.0,0.0,-0.0,Sidewalk
617.5,120.0477,3.1378,3.07178,0.0,0.06981,177.9543,1.4871,stand_1,216.1155,0.0,0.06981,0.0,0.06981,Sidewalk
618.0,120.0477,3.1378,3.07178,0.0,-0.0,177.9543,1.4871,stand_1,216.1072,0.0,-0.0,0.0,-0.0,Sidewalk
618.5,120.0477,3.1378,3.10669,0.0,0.06981,177.9543,1.4871,stand_1,216.1155,0.0,0.06981,0.0,0.06981,Sidewalk
619.0,120.0477,3.1378,3.10669,0.0,-0.0,177.9543,1.4871,stand_1,216.1072,0.0,-0.0,0.0,-0.0,Sidewalk
619.5,120.0477,3.1378,3.14159,0.0,0.06981,177.9543,1.4871,stand_1,216.1155,0.0,0.06981,0.0,0.06981,Sidewalk
620.0,120.0477,3.1378,3.14159,0.0,-0.0,177.9543,1.4871,stand_1,216.1072,0.0,-0.0,0.0,-0.0,Sidewalk
620.5,120.0477,3.1378,-3.10669,0.0,0.06981,177.9543,1.4871,stand_1,216.1156,0.0,0.06981,0.0,0.06981,Sidewalk
621.0,120.0477,3.1378,-3.10669,0.0,-0.0,177.9543,1.4871,stand_1,216.1072,0.0,-0.0,0.0,-0.0,Sidewalk
621.5,120.0477,3.1378,-3.07178,0.0,0.06981,177.9543,1.4871,stand_1,216.1156,0.0,0.06981,0.0,0.06981,Sidewalk
622.0,120.0477,3.1378,-3.07178,0.0,-0.0,177.9543,1.4871,stand_1,216.1072,0.0,-0.0,0.0,-0.0,Sidewalk
622.5,120.0477,3.1378,-3.03687,0.0,0.06981,177.9543,1.4871,stand_1,216.1156,0.0,0.06981,0.0,0.06981,Sidewalk
623.0,120.0477,3.1378,-3.03687,0.0,-0.0,177.9543,1.487,stand_1,216.1072,0.0,-0.0,0.0,-0.0,Sidewalk
623.5,120.0477,3.1378,-3.00197,0.0,0.06981,177.9543,1.487,stand_1,216.1156,0.0,0.06981,0.0,0.06981,Sidewalk
624.0,120.0477,3.1378,-3.00197,0.0,-0.0,177.9543,1.487,stand_1,216.1072,0.0,-0.0,0.0,-0.0,Sidewalk
624.5,120.0477,3.1378,-2.96706,0.0,0.06981,177.9543,1.487,stand_1,216.1156,0.0,0.06981,0.0,0.06981,Sidewalk
625.0,120.0477,3.1378,-2.96706,0.0,-0.0,177.9543,1.487,stand_1,216.1072,0.0,-0.0,0.0,-0.0,Sidewalk
625.5,120.0477,3.1378,-2.93215,0.0,0.06981,177.9543,1.487,stand_1,216.1156,0.0,0.06981,0.0,0.06981,Sidewalk
626.0,120.0477,3.1378,-2.93215,0.0,-0.0,177.9543,1.487,stand_1,216.1072,0.0,-0.0,0.0,-0.0,Sidewalk
626.5,120.0477,3.1378,-2.89725,0.0,0.06981,177.9543,1.487,stand_1,216.1156,0.0,0.06981,0.0,0.06981,Sidewalk
627.0,120.0477,3.1378,-2.89725,0.0,-0.0,177.9543,1.487,stand_1,216.1072,0.0,-0.0,0.0,-0.0,Sidewalk
627.5,120.0477,3.1378,-2.86234,0.0,0.06981,177.9543,1.487,stand_1,216.1156,0.0,0.06981,0.0,0.06981,Sidewalk
628.0,120.0477,3.1378,-2.86234,0.0,-0.0,177.9543,1.487,stand_1,216.1072,0.0,-0.0,0.0,-0.0,Sidewalk
628.5,120.0477,3.1378,-2.82743,0.0,0.06981,177.9543,1.487,stand_1,216.1156,0.0,0.06981,0.0,0.06981,Sidewalk
629.0,120.0477,3.1378,-2.82743,0.0,-0.0,177.9543,1.487,stand_1,216.1072,0.0,-0.0,0.0,-0.0,Sidewalk
629.5,120.0477,3.1378,-2.79253,0.0,0.06981,177.9543,1.487,stand_1,216.1156,0.0,0.06981,0.0,0.06981,Sidewalk
630.0,120.0477,3.1378,-2.79253,0.0,-0.0,177.9543,1.487,stand_1,216.1072,0.0,-0.0,0.0,-0.0,Sidewalk
630.5,120.0477,3.1378,-2.75762,0.0,0.06981,177.9543,1.487,stand_1,216.1156,0.0,0.06981,0.0,0.06981,Sidewalk
631.0,120.0477,3.1378,-2.75762,0.0,-0.0,177.9543,1.487,stand_1,216.1072,0.0,-0.0,0.0,-0.0,Sidewalk
631.5,120.0477,3.1378,-2.72271,0.0,0.06981,177.9543,1.487,stand_1,216.1156,0.0,0.06981,0.0,0.06981,Sidewalk
632.0,120.0477,3.1378,-2.72271,0.0,-0.0,177.9543,1.487,stand_1,216.1072,0.0,-0.0,0.0,-0.0,Sidewalk
632.5,120.0477,3.1378,-2.68781,0.0,0.06981,177.9543,1.487,stand_1,216.1156,0.0,0.06981,0.0,0.06981,Sidewalk
633.0,120.0477,3.1378,-2.68781,0.0,-0.0,177.9543,1.487,stand_1,216.1072,0.0,-0.0,0.0,-0.0,Sidewalk
633.5,120.0477,3.1378,-2.6529,0.0,0.06981,177.9543,1.487,stand_1,216.1156,0.0,0.06981,0.0,0.06981,Sidewalk
634.0,120.0477,3.1378,-2.6529,0.0,-0.0,177.9543,1.487,stand_1,216.1072,0.0,-0.0,0.0,-0.0,Sidewalk
634.5,120.0477,3.1378,-2.61799,0.0,0.06981,177.9543,1.487,stand_1,216.1156,0.0,0.06981,0.0,0.06981,Sidewalk
635.0,120.0477,3.1378,-2.61799,0.0,-0.0,177.9543,1.487,stand_1,216.1072,0.0,-0.0,0.0,-0.0,Sidewalk
635.5,120.0477,3.1378,-2.58309,0.0,0.06981,177.9543,1.487,stand_1,216.1156,0.0,0.06981,0.0,0.06981,Sidewalk
636.0,120.0477,3.1378,-2.58309,0.0,-0.0,177.9543,1.487,stand_1,216.1072,0.0,-0.0,0.0,-0.0,Sidewalk
636.5,120.0477,3.1378,-2.54818,0.0,0.06981,177.9543,1.487,stand_1,216.1156,0.0,0.06981,0.0,0.06981,Sidewalk
637.0,120.0477,3.1378,-2.54818,0.0,-0.0,177.9543,1.487,stand_1,216.1073,0.0,-0.0,0.0,-0.0,Sidewalk
637.5,120.0477,3.1378,-2.51327,0.0,0.06981,177.9543,1.487,stand_1,216.1156,0.0,0.06981,0.0,0.06981,Sidewalk
638.0,120.0477,3.1378,-2.51327,0.0,-0.0,177.9543,1.487,stand_1,216.1073,0.0,-0.0,0.0,-0.0,Sidewalk
638.5,120.0477,3.1378,-2.47837,0.0,0.06981,177.9543,1.487,stand_1,216.1156,0.0,0.06981,0.0,0.06981,Sidewalk
639.0,120.0477,3.1378,-2.47837,0.0,-0.0,177.9543,1.487,stand_1,216.1073,0.0,-0.0,0.0,-0.0,Sidewalk
639.5,120.0477,3.1378,-2.44346,0.0,0.06981,177.9543,1.487,stand_1,216.1156,0.0,0.06981,0.0,0.06981,Sidewalk
640.0,120.0477,3.1378,-2.44346,0.0,-0.0,177.9543,1.487,stand_1,216.1073,0.0,-0.0,0.0,-0.0,Sidewalk
640.5,120.0477,3.1378,-2.40855,0.0,0.06981,177.9543,1.487,stand_1,216.1157,0.0,0.06981,0.0,0.06981,Sidewalk
641.0,120.0477,3.1378,-2.40855,0.0,-0.0,177.9543,1.487,stand_1,216.1073,0.0,-0.0,0.0,-0.0,Sidewalk
641.5,120.0477,3.1378,-2.37365,0.0,0.06981,177.9543,1.487,stand_1,216.1157,0.0,0.06981,0.0,0.06981,Sidewalk
642.0,120.0477,3.1378,-2.37365,0.0,-0.0,177.9543,1.487,stand_1,216.1073,0.0,-0.0,0.0,-0.0,Sidewalk
642.5,120.0477,3.1378,-2.33874,0.0,0.06981,177.9543,1.487,stand_1,216.1157,0.0,0.06981,0.0,0.06981,Sidewalk
643.0,120.0477,3.1378,-2.33874,0.0,-0.0,177.9543,1.487,stand_1,216.1073,0.0,-0.0,0.0,-0.0,Sidewalk
643.5,120.0477,3.1378,-2.30383,0.0,0.06981,177.9543,1.487,stand_1,216.1157,0.0,0.06981,0.0,0.06981,Sidewalk
644.0,120.0477,3.1378,-2.30383,0.0,-0.0,177.9543,1.487,stand_1,216.1073,0.0,-0.0,0.0,-0.0,Sidewalk
644.5,120.0477,3.1378,-2.26893,0.0,0.06981,177.9543,1.487,stand_1,216.1157,0.0,0.06981,0.0,0.06981,Sidewalk
645.0,120.0477,3.1378,-2.26893,0.0,-0.0,177.9543,1.487,stand_1,216.1073,0.0,-0.0,0.0,-0.0,Sidewalk
645.5,120.0477,3.1378,-2.23402,0.0,0.06981,177.9543,1.487,stand_1,216.1157,0.0,0.06981,0.0,0.06981,Sidewalk
646.0,120.0477,3.1378,-2.23402,0.0,-0.0,177.9543,1.487,stand_1,216.1073,0.0,-0.0,0.0,-0.0,Sidewalk
646.5,120.0477,3.1378,-2.19911,0.0,0.06981,177.9543,1.487,stand_1,216.1157,0.0,0.06981,0.0,0.06981,Sidewalk
647.0,120.0477,3.1378,-2.19911,0.0,-0.0,177.9543,1.487,stand_1,216.1073,0.0,-0.0,0.0,-0.0,Sidewalk
647.5,120.0477,3.1378,-2.16421,0.0,0.06981,177.9543,1.487,stand_1,216.1157,0.0,0.06981,0.0,0.06981,Sidewalk
648.0,120.0477,3.1378,-2.16421,0.0,-0.0,177.9543,1.487,stand_1,216.1073,0.0,-0.0,0.0,-0.0,Sidewalk
648.5,120.0477,3.1378,-2.1293,0.0,0.06981,177.9543,1.487,stand_1,216.1157,0.0,0.06981,0.0,0.06981,Sidewalk
649.0,120.0477,3.1378,-2.1293,0.0,-0.0,177.9543,1.487,stand_1,216.1073,0.0,-0.0,0.0,-0.0,Sidewalk
649.5,120.0477,3.1378,-2.0944,0.0,0.06981,177.9543,1.487,stand_1,216.1157,0.0,0.06981,0.0,0.06981,Sidewalk
650.0,120.0477,3.1378,-2.0944,0.0,-0.0,177.9543,1.487,stand_1,216.1073,0.0,-0.0,0.0,-0.0,Sidewalk
650.5,120.0477,3.1378,-2.05949,0.0,0.06981,177.9543,1.487,stand_1,216.1157,0.0,0.06981,0.0,0.06981,Sidewalk
651.0,120.0477,3.1378,-2.05949,0.0,-0.0,177.9543,1.487,stand_1,216.1073,0.0,-0.0,0.0,-0.0,Sidewalk
651.5,120.0477,3.1378,-2.02458,0.0,0.06981,177.9543,1.487,stand_1,216.1157,0.0,0.06981,0.0,0.06981,Sidewalk
652.0,120.0477,3.1378,-2.02458,0.0,-0.0,177.9543,1.487,stand_1,216.1073,0.0,-0.0,0.0,-0.0,Sidewalk
652.5,120.0477,3.1378,-1.98968,0.0,0.06981,177.9543,1.487,stand_1,216.1157,0.0,0.06981,0.0,0.06981,Sidewalk
653.0,120.0477,3.1378,-1.98968,0.0,-0.0,177.9543,1.487,stand_1,216.1073,0.0,-0.0,0.0,-0.0,Sidewalk
653.5,120.0477,3.1378,-1.95477,0.0,0.06981,177.9543,1.487,stand_1,216.1157,0.0,0.06981,0.0,0.06981,Sidewalk
654.0,120.0477,3.1378,-1.95477,0.0,-0.0,177.9543,1.487,stand_1,216.1073,0.0,-0.0,0.0,-0.0,Sidewalk
654.5,120.0477,3.1378,-1.91986,0.0,0.06981,177.9543,1.487,stand_1,216.1157,0.0,0.06981,0.0,0.06981,Sidewalk
655.0,120.0477,3.1378,-1.91986,0.0,-0.0,177.9543,1.487,stand_1,216.1073,0.0,-0.0,0.0,-0.0,Sidewalk
655.5,120.0477,3.1378,-1.88496,0.0,0.06981,177.9543,1.487,stand_1,216.1157,0.0,0.06981,0.0,0.06981,Sidewalk
656.0,120.0477,3.1378,-1.88496,0.0,-0.0,177.9543,1.487,stand_1,216.1074,0.0,-0.0,0.0,-0.0,Sidewalk
656.5,120.0477,3.1378,-1.85005,0.0,0.06981,177.9543,1.487,stand_1,216.1157,0.0,0.06981,0.0,0.06981,Sidewalk
657.0,120.0477,3.1378,-1.85005,0.0,-0.0,177.9543,1.487,stand_1,216.1074,0.0,-0.0,0.0,-0.0,Sidewalk
657.5,120.0477,3.1378,-1.81514,0.0,0.06981,177.9543,1.487,stand_1,216.1157,0.0,0.06981,0.0,0.06981,Sidewalk
658.0,120.0477,3.1378,-1.81514,0.0,-0.0,177.9543,1.487,stand_1,216.1074,0.0,-0.0,0.0,-0.0,Sidewalk
658.5,120.0477,3.1378,-1.78024,0.0,0.06981,177.9543,1.487,stand_1,216.1157,0.0,0.06981,0.0,0.06981,Sidewalk
659.0,120.0477,3.1378,-1.78024,0.0,-0.0,177.9543,1.487,stand_1,216.1074,0.0,-0.0,0.0,-0.0,Sidewalk
659.5,120.0477,3.1378,-1.74533,0.0,0.06981,177.9543,1.487,stand_1,216.1157,0.0,0.06981,0.0,0.06981,Sidewalk
660.0,120.0477,3.1378,-1.74533,0.0,-0.0,177.9543,1.487,stand_1,216.1074,0.0,-0.0,0.0,-0.0,Sidewalk
660.5,120.0477,3.1378,-1.71042,0.0,0.06981,177.9543,1.487,stand_1,216.1158,0.0,0.06981,0.0,0.06981,Sidewalk
661.0,120.0477,3.1378,-1.71042,0.0,-0.0,177.9543,1.487,stand_1,216.1074,0.0,-0.0,0.0,-0.0,Sidewalk
661.5,120.0477,3.1378,-1.67552,0.0,0.06981,177.9543,1.487,stand_1,216.1158,0.0,0.06981,0.0,0.06981,Sidewalk
662.0,120.0477,3.1378,-1.67552,0.0,-0.0,177.9543,1.487,stand_1,216.1074,0.0,-0.0,0.0,-0.0,Sidewalk
662.5,120.0477,3.1378,-1.64061,0.0,0.06981,177.9543,1.487,stand_1,216.1158,0.0,0.06981,0.0,0.06981,Sidewalk
663.0,120.0477,3.1378,-1.64061,0.0,-0.0,177.9543,1.487,stand_1,216.1074,0.0,-0.0,0.0,-0.0,Sidewalk
663.5,120.0477,3.1378,-1.6057,0.0,0.06981,177.9543,1.487,stand_1,216.1158,0.0,0.06981,0.0,0.06981,Sidewalk
664.0,120.0477,3.1378,-1.6057,0.0,-0.0,177.9543,1.487,stand_1,216.1074,0.0,-0.0,0.0,-0.0,Sidewalk
664.5,120.0477,3.1378,-1.5708,0.0,0.06981,177.9543,1.487,stand_1,216.1158,0.0,0.06981,0.0,0.06981,Sidewalk
665.0,120.0477,3.1378,-1.5708,0.0,-0.0,177.9543,1.4869,stand_1,216.1074,0.0,-0.0,0.0,-0.0,Sidewalk
665.5,120.0477,3.1378,-1.53589,0.0,0.06981,177.9543,1.4869,stand_1,216.1158,0.0,0.06981,0.0,0.06981,Sidewalk
666.0,120.0477,3.1378,-1.53589,0.0,-0.0,177.9543,1.4869,stand_1,216.1074,0.0,-0.0,0.0,-0.0,Sidewalk
666.5,120.0477,3.1378,-1.50098,0.0,0.06981,177.9543,1.4869,stand_1,216.1158,0.0,0.06981,0.0,0.06981,Sidewalk
667.0,120.0477,3.1378,-1.50098,0.0,-0.0,177.9543,1.4869,stand_1,216.1074,0.0,-0.0,0.0,-0.0,Sidewalk
667.5,120.0477,3.1378,-1.46608,0.0,0.06981,177.9543,1.4869,stand_1,216.1158,0.0,0.06981,0.0,0.06981,Sidewalk
668.0,120.0477,3.1378,-1.46608,0.0,-0.0,177.9543,1.4869,stand_1,216.1074,0.0,-0.0,0.0,-0.0,Sidewalk
668.5,120.0477,3.1378,-1.43117,0.0,0.06981,177.9543,1.4869,stand_1,216.1158,0.0,0.06981,0.0,0.06981,Sidewalk
669.0,120.0477,3.1378,-1.43117,0.0,-0.0,177.9543,1.4869,stand_1,216.1074,0.0,-0.0,0.0,-0.0,Sidewalk
669.5,120.0477,3.1378,-1.39626,0.0,0.06981,177.9543,1.4869,stand_1,216.1158,0.0,0.06981,0.0,0.06981,Sidewalk
670.0,120.0477,3.1378,-1.39626,0.0,-0.0,177.9543,1.4869,stand_1,216.1074,0.0,-0.0,0.0,-0.0,Sidewalk
670.5,120.0477,3.1378,-1.36136,0.0,0.06981,177.9543,1.4869,stand_1,216.1158,0.0,0.06981,0.0,0.06981,Sidewalk
671.0,120.0477,3.1378,-1.36136,0.0,-0.0,177.9543,1.4869,stand_1,216.1074,0.0,-0.0,0.0,-0.0,Sidewalk
671.5,120.0477,3.1378,-1.32645,0.0,0.06981,177.9543,1.4869,stand_1,216.1158,0.0,0.06981,0.0,0.06981,Sidewalk
672.0,120.0477,3.1378,-1.32645,0.0,-0.0,177.9543,1.4869,stand_1,216.1074,0.0,-0.0,0.0,-0.0,Sidewalk
672.5,120.0477,3.1378,-1.29154,0.0,0.06981,177.9543,1.4869,stand_1,216.1158,0.0,0.06981,0.0,0.06981,Sidewalk
673.0,120.0477,3.1378,-1.29154,0.0,-0.0,177.9543,1.4869,stand_1,216.1074,0.0,-0.0,0.0,-0.0,Sidewalk
673.5,120.0477,3.1378,-1.25664,0.0,0.06981,177.9543,1.4869,stand_1,216.1158,0.0,0.06981,0.0,0.06981,Sidewalk
674.0,120.0477,3.1378,-1.25664,0.0,-0.0,177.9543,1.4869,stand_1,216.1074,0.0,-0.0,0.0,-0.0,Sidewalk
674.5,120.0477,3.1378,-1.22173,0.0,0.06981,177.9543,1.4869,stand_1,216.1158,0.0,0.06981,0.0,0.06981,Sidewalk
675.0,120.0477,3.1378,-1.22173,0.0,-0.0,177.9543,1.4869,stand_1,216.1074,0.0,-0.0,0.0,-0.0,Sidewalk
675.5,120.0477,3.1378,-1.18682,0.0,0.06981,177.9543,1.4869,stand_1,216.1158,0.0,0.06981,0.0,0.06981,Sidewalk
676.0,120.0477,3.1378,-1.18682,0.0,-0.0,177.9543,1.4869,stand_1,216.1075,0.0,-0.0,0.0,-0.0,Sidewalk
676.5,120.0477,3.1378,-1.15192,0.0,0.06981,177.9543,1.4869,stand_1,216.1158,0.0,0.06981,0.0,0.06981,Sidewalk
677.0,120.0477,3.1378,-1.15192,0.0,-0.0,177.9543,1.4869,stand_1,216.1075,0.0,-0.0,0.0,-0.0,Sidewalk
677.5,120.0477,3.1378,-1.11701,0.0,0.06981,177.9543,1.4869,stand_1,216.1158,0.0,0.06981,0.0,0.06981,Sidewalk
678.0,120.0477,3.1378,-1.11701,0.0,-0.0,177.9543,1.4869,stand_1,216.1075,0.0,-0.0,0.0,-0.0,Sidewalk
678.5,120.0477,3.1378,-1.0821,0.0,0.06981,177.9543,1.4869,stand_1,216.1158,0.0,0.06981,0.0,0.06981,Sidewalk
679.0,120.0477,3.1378,-1.0821,0.0,-0.0,177.9543,1.4869,stand_1,216.1075,0.0,-0.0,0.0,-0.0,Sidewalk
679.5,120.0477,3.1378,-1.0472,0.0,0.06981,177.9543,1.4869,stand_1,216.1159,0.0,0.06981,0.0,0.06981,Sidewalk
680.0,120.0477,3.1378,-1.0472,0.0,-0.0,177.9543,1.4869,stand_1,216.1075,0.0,-0.0,0.0,-0.0,Sidewalk
680.5,120.0477,3.1378,-1.01229,0.0,0.06981,177.9543,1.4869,stand_1,216.1159,0.0,0.06981,0.0,0.06981,Sidewalk
681.0,120.0477,3.1378,-1.01229,0.0,-0.0,177.9543,1.4869,stand_1,216.1075,0.0,-0.0,0.0,-0.0,Sidewalk
681.5,120.0477,3.1378,-0.97738,0.0,0.06981,177.9543,1.4869,stand_1,216.1159,0.0,0.06981,0.0,0.06981,Sidewalk
682.0,120.0477,3.1378,-0.97738,0.0,-0.0,177.9543,1.4869,stand_1,216.1075,0.0,-0.0,0.0,-0.0,Sidewalk
682.5,120.0477,3.1378,-0.94248,0.0,0.06981,177.9543,1.4869,stand_1,216.1159,0.0,0.06981,0.0,0.06981,Sidewalk
683.0,120.0477,3.1378,-0.94248,0.0,-0.0,177.9543,1.4869,stand_1,216.1075,0.0,-0.0,0.0,-0.0,Sidewalk
683.5,120.0477,3.1378,-0.90757,0.0,0.06981,177.9543,1.4869,stand_1,216.1159,0.0,0.06981,0.0,0.06981,Sidewalk
684.0,120.0477,3.1378,-0.90757,0.0,-0.0,177.9543,1.4869,stand_1,216.1075,0.0,-0.0,0.0,-0.0,Sidewalk
684.5,120.0477,3.1378,-0.87266,0.0,0.06981,177.9543,1.4869,stand_1,216.1159,0.0,0.06981,0.0,0.06981,Sidewalk
685.0,120.0477,3.1378,-0.87266,0.0,-0.0,177.9543,1.4869,stand_1,216.1075,0.0,-0.0,0.0,-0.0,Sidewalk
685.5,120.0477,3.1378,-0.83776,0.0,0.06981,177.9543,1.4869,stand_1,216.1159,0.0,0.06981,0.0,0.06981,Sidewalk
686.0,120.0477,3.1378,-0.83776,0.0,-0.0,177.9543,1.4869,stand_1,216.1075,0.0,-0.0,0.0,-0.0,Sidewalk
686.5,120.0477,3.1378,-0.80285,0.0,0.06981,177.9543,1.4869,stand_1,216.1159,0.0,0.06981,0.0,0.06981,Sidewalk
687.0,120.0477,3.1378,-0.80285,0.0,-0.0,177.9543,1.4869,stand_1,216.1075,0.0,-0.0,0.0,-0.0,Sidewalk
687.5,120.0477,3.1378,-0.76794,0.0,0.06981,177.9543,1.4869,stand_1,216.1159,0.0,0.06981,0.0,0.06981,Sidewalk
688.0,120.0477,3.1378,-0.76794,0.0,-0.0,177.9543,1.4869,stand_1,216.1075,0.0,-0.0,0.0,-0.0,Sidewalk
688.5,120.0477,3.1378,-0.73304,0.0,0.06981,177.9543,1.4869,stand_1,216.1159,0.0,0.06981,0.0,0.06981,Sidewalk
689.0,120.0477,3.1378,-0.73304,0.0,-0.0,177.9543,1.4869,stand_1,216.1075,0.0,-0.0,0.0,-0.0,Sidewalk
689.5,120.0477,3.1378,-0.69813,0.0,0.06981,177.9543,1.4869,stand_1,216.1159,0.0,0.06981,0.0,0.06981,Sidewalk
690.0,120.0477,3.1378,-0.69813,0.0,-0.0,177.9543,1.4869,stand_1,216.1075,0.0,-0.0,0.0,-0.0,Sidewalk
690.5,120.0477,3.1378,-0.66323,0.0,0.06981,177.9543,1.4869,stand_1,216.1159,0.0,0.06981,0.0,0.06981,Sidewalk
691.0,120.0477,3.1378,-0.66323,0.0,-0.0,177.9543,1.4869,stand_1,216.1075,0.0,-0.0,0.0,-0.0,Sidewalk
691.5,120.0477,3.1378,-0.62832,0.0,0.06981,177.9543,1.4869,stand_1,216.1159,0.0,0.06981,0.0,0.06981,Sidewalk
692.0,120.0477,3.1378,-0.62832,0.0,-0.0,177.9543,1.4869,stand_1,216.1075,0.0,-0.0,0.0,-0.0,Sidewalk
692.5,120.0477,3.1378,-0.59341,0.0,0.06981,177.9543,1.4869,stand_1,216.1159,0.0,0.06981,0.0,0.06981,Sidewalk
693.0,120.0477,3.1378,-0.59341,0.0,-0.0,177.9543,1.4869,stand_1,216.1075,0.0,-0.0,0.0,-0.0,Sidewalk
693.5,120.0477,3.1378,-0.55851,0.0,0.06981,177.9543,1.4869,stand_1,216.1159,0.0,0.06981,0.0,0.06981,Sidewalk
694.0,120.0477,3.1378,-0.55851,0.0,-0.0,177.9543,1.4869,stand_1,216.1076,0.0,-0.0,0.0,-0.0,Sidewalk
694.5,120.0477,3.1378,-0.5236,0.0,0.06981,177.9543,1.4869,stand_1,216.1159,0.0,0.06981,0.0,0.06981,Sidewalk
695.0,120.0477,3.1378,-0.5236,0.0,-0.0,177.9543,1.4869,stand_1,216.1076,0.0,-0.0,0.0,-0.0,Sidewalk
695.5,120.0477,3.1378,-0.48869,0.0,0.06981,177.9543,1.4869,stand_1,216.1159,0.0,0.06981,0.0,0.06981,Sidewalk
696.0,120.0477,3.1378,-0.48869,0.0,-0.0,177.9543,1.4869,stand_1,216.1076,0.0,-0.0,0.0,-0.0,Sidewalk
696.5,120.0477,3.1378,-0.45379,0.0,0.06981,177.9543,1.4869,stand_1,216.1159,0.0,0.06981,0.0,0.06981,Sidewalk
697.0,120.0477,3.1378,-0.45379,0.0,-0.0,177.9543,1.4869,stand_1,216.1076,0.0,-0.0,0.0,-0.0,Sidewalk
697.5,120.0477,3.1378,-0.41888,0.0,0.06981,177.9543,1.4869,stand_1,216.1159,0.0,0.06981,0.0,0.06981,Sidewalk
698.0,120.0477,3.1378,-0.41888,0.0,-0.0,177.9543,1.4869,stand_1,216.1076,0.0,-0.0,0.0,-0.0,Sidewalk
698.5,120.0477,3.1378,-0.38397,0.0,0.06981,177.9543,1.4869,stand_1,216.116,0.0,0.06981,0.0,0.06981,Sidewalk
699.0,120.0477,3.1378,-0.38397,0.0,-0.0,177.9543,1.4869,stand_1,216.1076,0.0,-0.0,0.0,-0.0,Sidewalk
699.5,120.0477,3.1378,-0.34907,0.0,0.06981,177.9543,1.4869,stand_1,216.116,0.0,0.06981,0.0,0.06981,Sidewalk
700.0,120.0477,3.1378,-0.34907,0.0,-0.0,177.9543,1.4869,stand_1,216.1076,0.0,-0.0,0.0,-0.0,Sidewalk
700.5,120.0477,3.1378,-0.31416,0.0,0.06981,177.9543,1.4869,stand_1,216.116,0.0,0.06981,0.0,0.06981,Sidewalk
701.0,120.0477,3.1378,-0.31416,0.0,-0.0,177.9543,1.4869,stand_1,216.1076,0.0,-0.0,0.0,-0.0,Sidewalk
701.5,120.0477,3.1378,-0.27925,0.0,0.06981,177.9543,1.4869,stand_1,216.116,0.0,0.06981,0.0,0.06981,Sidewalk
702.0,120.0477,3.1378,-0.27925,0.0,-0.0,177.9543,1.4869,stand_1,216.1076,0.0,-0.0,0.0,-0.0,Sidewalk
702.5,120.0477,3.1378,-0.24435,0.0,0.06981,177.9543,1.4869,stand_1,216.116,0.0,0.06981,0.0,0.06981,Sidewalk
703.0,120.0477,3.1378,-0.24435,0.0,-0.0,177.9543,1.4869,stand_1,216.1076,0.0,-0.0,0.0,-0.0,Sidewalk
703.5,120.0477,3.1378,-0.20944,0.0,0.06981,177.9543,1.4869,stand_1,216.116,0.0,0.06981,0.0,0.06981,Sidewalk
704.0,120.0477,3.1378,-0.20944,0.0,-0.0,177.9543,1.4869,stand_1,216.1076,0.0,-0.0,0.0,-0.0,Sidewalk
704.5,120.0477,3.1378,-0.17453,0.0,0.06981,177.9543,1.4869,stand_1,216.116,0.0,0.06981,0.0,0.06981,Sidewalk
705.0,120.0477,3.1378,-0.17453,0.0,-0.0,177.9543,1.4868,stand_1,216.1076,0.0,-0.0,0.0,-0.0,Sidewalk
705.5,120.0477,3.1378,-0.13963,0.0,0.06981,177.9543,1.4868,stand_1,216.116,0.0,0.06981,0.0,0.06981,Sidewalk
706.0,120.0477,3.1378,-0.13963,0.0,-0.0,177.9543,1.4868,stand_1,216.1076,0.0,-0.0,0.0,-0.0,Sidewalk
706.5,120.0477,3.1378,-0.10472,0.0,0.06981,177.9543,1.4868,stand_1,216.116,0.0,0.06981,0.0,0.06981,Sidewalk
707.0,120.0477,3.1378,-0.10472,0.0,-0.0,177.9543,1.4868,stand_1,216.1076,0.0,-0.0,0.0,-0.0,Sidewalk
707.5,120.0477,3.1378,-0.06981,0.0,0.06981,177.9543,1.4868,stand_1,216.116,0.0,0.06981,0.0,0.06981,Sidewalk
708.0,120.0477,3.1378,-0.06981,0.0,-0.0,177.9543,1.4868,stand_1,216.1076,0.0,-0.0,0.0,-0.0,Sidewalk
708.5,120.0477,3.1378,-0.03491,0.0,0.06981,177.9543,1.4868,stand_1,216.116,0.0,0.06981,0.0,0.06981,Sidewalk
709.0,120.0477,3.1378,-0.03491,0.0,-0.0,177.9543,1.4868,stand_1,216.1076,0.0,-0.0,0.0,-0.0,Sidewalk
709.5,120.0477,3.1378,-0.0,0.0,0.06981,177.9543,1.4868,stand_1,216.116,0.0,0.06981,0.0,0.06981,Sidewalk
710.0,120.0477,3.1378,-0.0,0.0,-0.0,177.9543,1.4868,stand_1,216.1076,0.0,-0.0,0.0,-0.0,Sidewalk
710.5,120.0477,3.1378,0.03491,0.0,0.06981,177.9543,1.4868,stand_1,216.116,0.0,0.06981,0.0,0.06981,Sidewalk
711.0,120.0477,3.1378,0.03491,0.0,-0.0,177.9543,1.4868,stand_1,216.1076,0.0,-0.0,0.0,-0.0,Sidewalk
711.5,120.0477,3.1378,0.06981,0.0,0.06981,177.9543,1.4868,stand_1,216.116,0.0,0.06981,0.0,0.06981,Sidewalk
712.0,120.0477,3.1378,0.06981,0.0,-0.0,177.9543,1.4868,stand_1,216.1076,0.0,-0.0,0.0,-0.0,Sidewalk
712.5,120.0477,3.1378,0.10472,0.0,0.06981,177.9543,1.4868,stand_1,216.116,0.0,0.06981,0.0,0.06981,Sidewalk
713.0,120.0477,3.1378,0.10472,0.0,-0.0,177.9543,1.4868,stand_1,216.1077,0.0,-0.0,0.0,-0.0,Sidewalk
713.5,120.0477,3.1378,0.13963,0.0,0.06981,177.9543,1.4868,stand_1,216.116,0.0,0.06981,0.0,0.06981,Sidewalk
714.0,120.0477,3.1378,0.13963,0.0,-0.0,177.9543,1.4868,stand_1,216.1077,0.0,-0.0,0.0,-0.0,Sidewalk
714.5,120.0477,3.1378,0.17453,0.0,0.06981,177.9543,1.4868,stand_1,216.116,0.0,0.06981,0.0,0.06981,Sidewalk
715.0,120.0477,3.1378,0.17453,0.0,-0.0,177.9543,1.4868,stand_1,216.1077,0.0,-0.0,0.0,-0.0,Sidewalk
715.5,120.0477,3.1378,0.20944,0.0,0.06981,177.9543,1.4868,stand_1,216.116,0.0,0.06981,0.0,0.06981,Sidewalk
716.0,120.0477,3.1378,0.20944,0.0,-0.0,177.9543,1.4868,stand_1,216.1077,0.0,-0.0,0.0,-0.0,Sidewalk
716.5,120.0477,3.1378,0.24435,0.0,0.06981,177.9543,1.4868,stand_1,216.116,0.0,0.06981,0.0,0.06981,Sidewalk
717.0,120.0477,3.1378,0.24435,0.0,-0.0,177.9543,1.4868,stand_1,216.1077,0.0,-0.0,0.0,-0.0,Sidewalk
717.5,120.0477,3.1378,0.27925,0.0,0.06981,177.9543,1.4868,stand_1,216.1161,0.0,0.06981,0.0,0.06981,Sidewalk
718.0,120.0477,3.1378,0.27925,0.0,-0.0,177.9543,1.4868,stand_1,216.1077,0.0,-0.0,0.0,-0.0,Sidewalk
718.5,120.0477,3.1378,0.31416,0.0,0.06981,177.9543,1.4868,stand_1,216.1161,0.0,0.06981,0.0,0.06981,Sidewalk
719.0,120.0477,3.1378,0.31416,0.0,-0.0,177.9543,1.4868,stand_1,216.1077,0.0,-0.0,0.0,-0.0,Sidewalk
719.5,120.0477,3.1378,0.34907,0.0,0.06981,177.9543,1.4868,stand_1,216.1161,0.0,0.06981,0.0,0.06981,Sidewalk
720.0,120.0477,3.1378,0.34907,0.0,-0.0,177.9543,1.4868,stand_1,216.1077,0.0,-0.0,0.0,-0.0,Sidewalk
720.5,120.0477,3.1378,0.38397,0.0,0.06981,177.9543,1.4868,stand_1,216.1161,0.0,0.06981,0.0,0.06981,Sidewalk
721.0,120.0477,3.1378,0.38397,0.0,-0.0,177.9543,1.4868,stand_1,216.1077,0.0,-0.0,0.0,-0.0,Sidewalk
721.5,120.0477,3.1378,0.41888,0.0,0.06981,177.9543,1.4868,stand_1,216.1161,0.0,0.06981,0.0,0.06981,Sidewalk
722.0,120.0477,3.1378,0.41888,0.0,-0.0,177.9543,1.4868,stand_1,216.1077,0.0,-0.0,0.0,-0.0,Sidewalk
722.5,120.0477,3.1378,0.45379,0.0,0.06981,177.9543,1.4868,stand_1,216.1161,0.0,0.06981,0.0,0.06981,Sidewalk
723.0,120.0477,3.1378,0.45379,0.0,-0.0,177.9543,1.4868,stand_1,216.1077,0.0,-0.0,0.0,-0.0,Sidewalk
723.5,120.0477,3.1378,0.48869,0.0,0.06981,177.9543,1.4868,stand_1,216.1161,0.0,0.06981,0.0,0.06981,Sidewalk
724.0,120.0477,3.1378,0.48869,0.0,-0.0,177.9543,1.4868,stand_1,216.1077,0.0,-0.0,0.0,-0.0,Sidewalk
724.5,120.0477,3.1378,0.5236,0.0,0.06981,177.9543,1.4868,stand_1,216.1161,0.0,0.06981,0.0,0.06981,Sidewalk
725.0,120.0477,3.1378,0.5236,0.0,-0.0,177.9543,1.4868,stand_1,216.1077,0.0,-0.0,0.0,-0.0,Sidewalk
725.5,120.0477,3.1378,0.55851,0.0,0.06981,177.9543,1.4868,stand_1,216.1161,0.0,0.06981,0.0,0.06981,Sidewalk
726.0,120.0477,3.1378,0.55851,0.0,-0.0,177.9543,1.4868,stand_1,216.1077,0.0,-0.0,0.0,-0.0,Sidewalk
726.5,120.0477,3.1378,0.59341,0.0,0.06981,177.9543,1.4868,stand_1,216.1161,0.0,0.06981,0.0,0.06981,Sidewalk
727.0,120.0477,3.1378,0.59341,0.0,-0.0,177.9543,1.4868,stand_1,216.1077,0.0,-0.0,0.0,-0.0,Sidewalk
727.5,120.0477,3.1378,0.62832,0.0,0.06981,177.9543,1.4868,stand_1,216.1161,0.0,0.06981,0.0,0.06981,Sidewalk
728.0,120.0477,3.1378,0.62832,0.0,-0.0,177.9543,1.4868,stand_1,216.1077,0.0,-0.0,0.0,-0.0,Sidewalk
728.5,120.0477,3.1378,0.66323,0.0,0.06981,177.9543,1.4868,stand_1,216.1161,0.0,0.06981,0.0,0.06981,Sidewalk
729.0,120.0477,3.1378,0.66323,0.0,-0.0,177.9543,1.4868,stand_1,216.1077,0.0,-0.0,0.0,-0.0,Sidewalk
729.5,120.0477,3.1378,0.69813,0.0,0.06981,177.9543,1.4868,stand_1,216.1161,0.0,0.06981,0.0,0.06981,Sidewalk
730.0,120.0477,3.1378,0.69813,0.0,-0.0,177.9543,1.4868,stand_1,216.1077,0.0,-0.0,0.0,-0.0,Sidewalk
730.5,120.0477,3.1378,0.73304,0.0,0.06981,177.9543,1.4868,stand_1,216.1161,0.0,0.06981,0.0,0.06981,Sidewalk
731.0,120.0477,3.1378,0.73304,0.0,-0.0,177.9543,1.4868,stand_1,216.1077,0.0,-0.0,0.0,-0.0,Sidewalk
731.5,120.0477,3.1378,0.76794,0.0,0.06981,177.9543,1.4868,stand_1,216.1161,0.0,0.06981,0.0,0.06981,Sidewalk
732.0,120.0477,3.1378,0.76794,0.0,-0.0,177.9543,1.4868,stand_1,216.1077,0.0,-0.0,0.0,-0.0,Sidewalk
732.5,120.0477,3.1378,0.80285,0.0,0.06981,177.9543,1.4868,stand_1,216.1161,0.0,0.06981,0.0,0.06981,Sidewalk
733.0,120.0477,3.1378,0.80285,0.0,-0.0,177.9543,1.4868,stand_1,216.1077,0.0,-0.0,0.0,-0.0,Sidewalk
733.5,120.0477,3.1378,0.83776,0.0,0.06981,177.9543,1.4868,stand_1,216.1161,0.0,0.06981,0.0,0.06981,Sidewalk
734.0,120.0477,3.1378,0.83776,0.0,-0.0,177.9543,1.4868,stand_1,216.1078,0.0,-0.0,0.0,-0.0,Sidewalk
734.5,120.0477,3.1378,0.87266,0.0,0.06981,177.9543,1.4868,stand_1,216.1161,0.0,0.06981,0.0,0.06981,Sidewalk
735.0,120.0477,3.1378,0.87266,0.0,-0.0,177.9543,1.4868,stand_1,216.1078,0.0,-0.0,0.0,-0.0,Sidewalk
735.5,120.0477,3.1378,0.90757,0.0,0.06981,177.9543,1.4868,stand_1,216.1161,0.0,0.06981,0.0,0.06981,Sidewalk
736.0,120.0477,3.1378,0.90757,0.0,-0.0,177.9543,1.4868,stand_1,216.1078,0.0,-0.0,0.0,-0.0,Sidewalk
736.5,120.0477,3.1378,0.94248,0.0,0.06981,177.9543,1.4868,stand_1,216.1161,0.0,0.06981,0.0,0.06981,Sidewalk
737.0,120.0477,3.1378,0.94248,0.0,-0.0,177.9543,1.4868,stand_1,216.1078,0.0,-0.0,0.0,-0.0,Sidewalk
737.5,120.0477,3.1378,0.97738,0.0,0.06981,177.9543,1.4868,stand_1,216.1161,0.0,0.06981,0.0,0.06981,Sidewalk
738.0,120.0477,3.1378,0.97738,0.0,-0.0,177.9543,1.4868,stand_1,216.1078,0.0,-0.0,0.0,-0.0,Sidewalk
738.5,120.0477,3.1378,1.01229,0.0,0.06981,177.9543,1.4868,stand_1,216.1162,0.0,0.06981,0.0,0.06981,Sidewalk
739.0,120.0477,3.1378,1.01229,0.0,-0.0,177.9543,1.4868,stand_1,216.1078,0.0,-0.0,0.0,-0.0,Sidewalk
739.5,120.0477,3.1378,1.0472,0.0,0.06981,177.9543,1.4868,stand_1,216.1162,0.0,0.06981,0.0,0.06981,Sidewalk
740.0,120.0477,3.1378,1.0472,0.0,-0.0,177.9543,1.4868,stand_1,216.1078,0.0,-0.0,0.0,-0.0,Sidewalk
740.5,120.0477,3.1378,1.0821,0.0,0.06981,177.9543,1.4868,stand_1,216.1162,0.0,0.06981,0.0,0.06981,Sidewalk
741.0,120.0477,3.1378,1.0821,0.0,-0.0,177.9543,1.4868,stand_1,216.1078,0.0,-0.0,0.0,-0.0,Sidewalk
741.5,120.0477,3.1378,1.11701,0.0,0.06981,177.9543,1.4868,stand_1,216.1162,0.0,0.06981,0.0,0.06981,Sidewalk
742.0,120.0477,3.1378,1.11701,0.0,-0.0,177.9543,1.4868,stand_1,216.1078,0.0,-0.0,0.0,-0.0,Sidewalk
742.5,120.0477,3.1378,1.15192,0.0,0.06981,177.9543,1.4868,stand_1,216.1162,0.0,0.06981,0.0,0.06981,Sidewalk
743.0,120.0477,3.1378,1.15192,0.0,-0.0,177.9543,1.4868,stand_1,216.1078,0.0,-0.0,0.0,-0.0,Sidewalk
743.5,120.0477,3.1378,1.18682,0.0,0.06981,177.9543,1.4868,stand_1,216.1162,0.0,0.06981,0.0,0.06981,Sidewalk
744.0,120.0477,3.1378,1.18682,0.0,-0.0,177.9543,1.4868,stand_1,216.1078,0.0,-0.0,0.0,-0.0,Sidewalk
744.5,120.0477,3.1378,1.22173,0.0,0.06981,177.9543,1.4868,stand_1,216.1162,0.0,0.06981,0.0,0.06981,Sidewalk
745.0,120.0477,3.1378,1.22173,0.0,-0.0,177.9543,1.4868,stand_1,216.1078,0.0,-0.0,0.0,-0.0,Sidewalk
745.5,120.0477,3.1378,1.25664,0.0,0.06981,177.9543,1.4868,stand_1,216.1162,0.0,0.06981,0.0,0.06981,Sidewalk
746.0,120.0477,3.1378,1.25664,0.0,-0.0,177.9543,1.4868,stand_1,216.1078,0.0,-0.0,0.0,-0.0,Sidewalk
746.5,120.0477,3.1378,1.29154,0.0,0.06981,177.9543,1.4868,stand_1,216.1162,0.0,0.06981,0.0,0.06981,Sidewalk
747.0,120.0477,3.1378,1.29154,0.0,-0.0,177.9543,1.4868,stand_1,216.1078,0.0,-0.0,0.0,-0.0,Sidewalk
747.5,120.0477,3.1378,1.32645,0.0,0.06981,177.9543,1.4867,stand_1,216.1162,0.0,0.06981,0.0,0.06981,Sidewalk
748.0,120.0477,3.1378,1.32645,0.0,-0.0,177.9543,1.4867,stand_1,216.1078,0.0,-0.0,0.0,-0.0,Sidewalk
748.5,120.0477,3.1378,1.36136,0.0,0.06981,177.9543,1.4867,stand_1,216.1162,0.0,0.06981,0.0,0.06981,Sidewalk
749.0,120.0477,3.1378,1.36136,0.0,-0.0,177.9543,1.4867,stand_1,216.1078,0.0,-0.0,0.0,-0.0,Sidewalk
749.5,120.0477,3.1378,1.39626,0.0,0.06981,177.9543,1.4867,stand_1,216.1162,0.0,0.06981,0.0,0.06981,Sidewalk
750.0,120.0477,3.1378,1.39626,0.0,-0.0,177.9543,1.4867,stand_1,216.1078,0.0,-0.0,0.0,-0.0,Sidewalk
750.5,120.0477,3.1378,1.43117,0.0,0.06981,177.9543,1.4867,stand_1,216.1162,0.0,0.06981,0.0,0.06981,Sidewalk
751.0,120.0477,3.1378,1.43117,0.0,-0.0,177.9543,1.4867,stand_1,216.1078,0.0,-0.0,0.0,-0.0,Sidewalk
751.5,120.0477,3.1378,1.46608,0.0,0.06981,177.9543,1.4867,stand_1,216.1162,0.0,0.06981,0.0,0.06981,Sidewalk
752.0,120.0477,3.1378,1.46608,0.0,-0.0,177.9543,1.4867,stand_1,216.1078,0.0,-0.0,0.0,-0.0,Sidewalk
752.5,120.0477,3.1378,1.50098,0.0,0.06981,177.9543,1.4867,stand_1,216.1162,0.0,0.06981,0.0,0.06981,Sidewalk
753.0,120.0477,3.1378,1.50098,0.0,-0.0,177.9543,1.4867,stand_1,216.1078,0.0,-0.0,0.0,-0.0,Sidewalk
753.5,120.0477,3.1378,1.53589,0.0,0.06981,177.9543,1.4867,stand_1,216.1162,0.0,0.06981,0.0,0.06981,Sidewalk
754.0,120.0477,3.1378,1.53589,0.0,-0.0,177.9543,1.4867,stand_1,216.1079,0.0,-0.0,0.0,-0.0,Sidewalk
754.5,120.0477,3.1378,1.5708,0.0,0.06981,177.9543,1.4867,stand_1,216.1162,0.0,0.06981,0.0,0.06981,Sidewalk
755.0,120.0477,3.1378,1.5708,0.0,-0.0,177.9543,1.4867,stand_1,216.1079,0.0,-0.0,0.0,-0.0,Sidewalk
755.5,120.0477,3.1378,1.6057,0.0,0.06981,177.9543,1.4867,stand_1,216.1162,0.0,0.06981,0.0,0.06981,Sidewalk
756.0,120.0477,3.1378,1.6057,0.0,-0.0,177.9543,1.4867,stand_1,216.1079,0.0,-0.0,0.0,-0.0,Sidewalk
756.5,120.0477,3.1378,1.64061,0.0,0.06981,177.9543,1.4867,stand_1,216.1162,0.0,0.06981,0.0,0.06981,Sidewalk
757.0,120.0477,3.1378,1.64061,0.0,-0.0,177.9543,1.4867,stand_1,216.1079,0.0,-0.0,0.0,-0.0,Sidewalk
757.5,120.0477,3.1378,1.67552,0.0,0.06981,177.9543,1.4867,stand_1,216.1162,0.0,0.06981,0.0,0.06981,Sidewalk
758.0,120.0477,3.1378,1.67552,0.0,-0.0,177.9543,1.4867,stand_1,216.1079,0.0,-0.0,0.0,-0.0,Sidewalk
758.5,120.0477,3.1378,1.71042,0.0,0.06981,177.9543,1.4867,stand_1,216.1163,0.0,0.06981,0.0,0.06981,Sidewalk
759.0,120.0477,3.1378,1.71042,0.0,-0.0,177.9543,1.4867,stand_1,216.1079,0.0,-0.0,0.0,-0.0,Sidewalk
759.5,120.0477,3.1378,1.74533,0.0,0.06981,177.9543,1.4867,stand_1,216.1163,0.0,0.06981,0.0,0.06981,Sidewalk
760.0,120.0477,3.1378,1.74533,0.0,-0.0,177.9543,1.4867,stand_1,216.1079,0.0,-0.0,0.0,-0.0,Sidewalk
760.5,120.0477,3.1378,1.78024,0.0,0.06981,177.9543,1.4867,stand_1,216.1163,0.0,0.06981,0.0,0.06981,Sidewalk
761.0,120.0477,3.1378,1.78024,0.0,-0.0,177.9543,1.4867,stand_1,216.1079,0.0,-0.0,0.0,-0.0,Sidewalk
761.5,120.0477,3.1378,1.81514,0.0,0.06981,177.9543,1.4867,stand_1,216.1163,0.0,0.06981,0.0,0.06981,Sidewalk
762.0,120.0477,3.1378,1.81514,0.0,-0.0,177.9543,1.4867,stand_1,216.1079,0.0,-0.0,0.0,-0.0,Sidewalk
762.5,120.0477,3.1378,1.85005,0.0,0.06981,177.9543,1.4867,stand_1,216.1163,0.0,0.06981,0.0,0.06981,Sidewalk
763.0,120.0477,3.1378,1.85005,0.0,-0.0,177.9543,1.4867,stand_1,216.1079,0.0,-0.0,0.0,-0.0,Sidewalk
763.5,120.0477,3.1378,1.88496,0.0,0.06981,177.9543,1.4867,stand_1,216.1163,0.0,0.06981,0.0,0.06981,Sidewalk
764.0,120.0477,3.1378,1.88496,0.0,-0.0,177.9543,1.4867,stand_1,216.1079,0.0,-0.0,0.0,-0.0,Sidewalk
764.5,120.0477,3.1378,1.91986,0.0,0.06981,177.9543,1.4867,stand_1,216.1163,0.0,0.06981,0.0,0.06981,Sidewalk
765.0,120.0477,3.1378,1.91986,0.0,-0.0,177.9543,1.4867,stand_1,216.1079,0.0,-0.0,0.0,-0.0,Sidewalk
765.5,120.0477,3.1378,1.95477,0.0,0.06981,177.9543,1.4867,stand_1,216.1163,0.0,0.06981,0.0,0.06981,Sidewalk
766.0,120.0477,3.1378,1.95477,0.0,-0.0,177.9543,1.4867,stand_1,216.1079,0.0,-0.0,0.0,-0.0,Sidewalk
766.5,120.0477,3.1378,1.98968,0.0,0.06981,177.9543,1.4867,stand_1,216.1163,0.0,0.06981,0.0,0.06981,Sidewalk
767.0,120.0477,3.1378,1.98968,0.0,-0.0,177.9543,1.4867,stand_1,216.1079,0.0,-0.0,0.0,-0.0,Sidewalk
767.5,120.0477,3.1378,2.02458,0.0,0.06981,177.9543,1.4867,stand_1,216.1163,0.0,0.06981,0.0,0.06981,Sidewalk
768.0,120.0477,3.1378,2.02458,0.0,-0.0,177.9543,1.4867,stand_1,216.1079,0.0,-0.0,0.0,-0.0,Sidewalk
768.5,120.0477,3.1378,2.05949,0.0,0.06981,177.9543,1.4867,stand_1,216.1163,0.0,0.06981,0.0,0.06981,Sidewalk
769.0,120.0477,3.1378,2.05949,0.0,-0.0,177.9543,1.4867,stand_1,216.1079,0.0,-0.0,0.0,-0.0,Sidewalk
769.5,120.0477,3.1378,2.0944,0.0,0.06981,177.9543,1.4867,stand_1,216.1163,0.0,0.06981,0.0,0.06981,Sidewalk
770.0,120.0477,3.1378,2.0944,0.0,-0.0,177.9543,1.4867,stand_1,216.1079,0.0,-0.0,0.0,-0.0,Sidewalk
770.5,120.0477,3.1378,2.1293,0.0,0.06981,177.9543,1.4867,stand_1,216.1163,0.0,0.06981,0.0,0.06981,Sidewalk
771.0,120.0477,3.1378,2.1293,0.0,-0.0,177.9543,1.4867,stand_1,216.1079,0.0,-0.0,0.0,-0.0,Sidewalk
771.5,120.0477,3.1378,2.16421,0.0,0.06981,177.9543,1.4867,stand_1,216.1163,0.0,0.06981,0.0,0.06981,Sidewalk
772.0,120.0477,3.1378,2.16421,0.0,-0.0,177.9543,1.4867,stand_1,216.1079,0.0,-0.0,0.0,-0.0,Sidewalk
772.5,120.0477,3.1378,2.19911,0.0,0.06981,177.9543,1.4867,stand_1,216.1163,0.0,0.06981,0.0,0.06981,Sidewalk
773.0,120.0477,3.1378,2.19911,0.0,-0.0,177.9543,1.4867,stand_1,216.1079,0.0,-0.0,0.0,-0.0,Sidewalk
773.5,120.0477,3.1378,2.23402,0.0,0.06981,177.9543,1.4867,stand_1,216.1163,0.0,0.06981,0.0,0.06981,Sidewalk
774.0,120.0477,3.1378,2.23402,0.0,-0.0,177.9543,1.4867,stand_1,216.1079,0.0,-0.0,0.0,-0.0,Sidewalk
774.5,120.0477,3.1378,2.26893,0.0,0.06981,177.9543,1.4867,stand_1,216.1163,0.0,0.06981,0.0,0.06981,Sidewalk
775.0,120.0477,3.1378,2.26893,0.0,-0.0,177.9543,1.4867,stand_1,216.108,0.0,-0.0,0.0,-0.0,Sidewalk
775.5,120.0477,3.1378,2.30383,0.0,0.06981,177.9543,1.4867,stand_1,216.1163,0.0,0.06981,0.0,0.06981,Sidewalk
776.0,120.0477,3.1378,2.30383,0.0,-0.0,177.9543,1.4867,stand_1,216.108,0.0,-0.0,0.0,-0.0,Sidewalk
776.5,120.0477,3.1378,2.33874,0.0,0.06981,177.9543,1.4867,stand_1,216.1163,0.0,0.06981,0.0,0.06981,Sidewalk
777.0,120.0477,3.1378,2.33874,0.0,-0.0,177.9543,1.4867,stand_1,216.108,0.0,-0.0,0.0,-0.0,Sidewalk
777.5,120.0477,3.1378,2.37365,0.0,0.06981,177.9543,1.4867,stand_1,216.1163,0.0,0.06981,0.0,0.06981,Sidewalk
778.0,120.0477,3.1378,2.37365,0.0,-0.0,177.9543,1.4867,stand_1,216.108,0.0,-0.0,0.0,-0.0,Sidewalk
778.5,120.0477,3.1378,2.40855,0.0,0.06981,177.9543,1.4867,stand_1,216.1164,0.0,0.06981,0.0,0.06981,Sidewalk
779.0,120.0477,3.1378,2.40855,0.0,-0.0,177.9543,1.4867,stand_1,216.108,0.0,-0.0,0.0,-0.0,Sidewalk
779.5,120.0477,3.1378,2.44346,0.0,0.06981,177.9543,1.4867,stand_1,216.1164,0.0,0.06981,0.0,0.06981,Sidewalk
780.0,120.0477,3.1378,2.44346,0.0,-0.0,177.9543,1.4867,stand_1,216.108,0.0,-0.0,0.0,-0.0,Sidewalk
780.5,120.0477,3.1378,2.47837,0.0,0.06981,177.9543,1.4867,stand_1,216.1164,0.0,0.06981,0.0,0.06981,Sidewalk
781.0,120.0477,3.1378,2.47837,0.0,-0.0,177.9543,1.4867,stand_1,216.108,0.0,-0.0,0.0,-0.0,Sidewalk
781.5,120.0477,3.1378,2.51327,0.0,0.06981,177.9543,1.4867,stand_1,216.1164,0.0,0.06981,0.0,0.06981,Sidewalk
782.0,120.0477,3.1378,2.51327,0.0,-0.0,177.9543,1.4867,stand_1,216.108,0.0,-0.0,0.0,-0.0,Sidewalk
782.5,120.0477,3.1378,2.54818,0.0,0.06981,177.9543,1.4867,stand_1,216.1164,0.0,0.06981,0.0,0.06981,Sidewalk
783.0,120.0477,3.1378,2.54818,0.0,-0.0,177.9543,1.4867,stand_1,216.108,0.0,-0.0,0.0,-0.0,Sidewalk
783.5,120.0477,3.1378,2.58309,0.0,0.06981,177.9543,1.4867,stand_1,216.1164,0.0,0.06981,0.0,0.06981,Sidewalk
784.0,120.0477,3.1378,2.58309,0.0,-0.0,177.9543,1.4867,stand_1,216.108,0.0,-0.0,0.0,-0.0,Sidewalk
784.5,120.0477,3.1378,2.61799,0.0,0.06981,177.9543,1.4867,stand_1,216.1164,0.0,0.06981,0.0,0.06981,Sidewalk
785.0,120.0477,3.1378,2.61799,0.0,-0.0,177.9543,1.4867,stand_1,216.108,0.0,-0.0,0.0,-0.0,Sidewalk
785.5,120.0477,3.1378,2.6529,0.0,0.06981,177.9543,1.4867,stand_1,216.1164,0.0,0.06981,0.0,0.06981,Sidewalk
786.0,120.0477,3.1378,2.6529,0.0,-0.0,177.9543,1.4867,stand_1,216.108,0.0,-0.0,0.0,-0.0,Sidewalk
786.5,120.0477,3.1378,2.68781,0.0,0.06981,177.9543,1.4867,stand_1,216.1164,0.0,0.06981,0.0,0.06981,Sidewalk
787.0,120.0477,3.1378,2.68781,0.0,-0.0,177.9543,1.4867,stand_1,216.108,0.0,-0.0,0.0,-0.0,Sidewalk
787.5,120.0477,3.1378,2.72271,0.0,0.06981,177.9543,1.4867,stand_1,216.1164,0.0,0.06981,0.0,0.06981,Sidewalk
788.0,120.0477,3.1378,2.72271,0.0,-0.0,177.9543,1.4867,stand_1,216.108,0.0,-0.0,0.0,-0.0,Sidewalk
788.5,120.0477,3.1378,2.75762,0.0,0.06981,177.9543,1.4867,stand_1,216.1164,0.0,0.06981,0.0,0.06981,Sidewalk
789.0,120.0477,3.1378,2.75762,0.0,-0.0,177.9543,1.4867,stand_1,216.108,0.0,-0.0,0.0,-0.0,Sidewalk
789.5,120.0477,3.1378,2.79253,0.0,0.06981,177.9543,1.4867,stand_1,216.1164,0.0,0.06981,0.0,0.06981,Sidewalk
790.0,120.0477,3.1378,2.79253,0.0,-0.0,177.9543,1.4867,stand_1,216.108,0.0,-0.0,0.0,-0.0,Sidewalk
790.5,120.0477,3.1378,2.82743,0.0,0.06981,177.9543,1.4867,stand_1,216.1164,0.0,0.06981,0.0,0.06981,Sidewalk
791.0,120.0477,3.1378,2.82743,0.0,-0.0,177.9543,1.4867,stand_1,216.108,0.0,-0.0,0.0,-0.0,Sidewalk
791.5,120.0477,3.1378,2.86234,0.0,0.06981,177.9543,1.4866,stand_1,216.1164,0.0,0.06981,0.0,0.06981,Sidewalk
792.0,120.0477,3.1378,2.86234,0.0,-0.0,177.9543,1.4866,stand_1,216.108,0.0,-0.0,0.0,-0.0,Sidewalk
792.5,120.0477,3.1378,2.89725,0.0,0.06981,177.9543,1.4866,stand_1,216.1164,0.0,0.06981,0.0,0.06981,Sidewalk
793.0,120.0477,3.1378,2.89725,0.0,-0.0,177.9543,1.4866,stand_1,216.108,0.0,-0.0,0.0,-0.0,Sidewalk
793.5,120.0477,3.1378,2.93215,0.0,0.06981,177.9543,1.4866,stand_1,216.1164,0.0,0.06981,0.0,0.06981,Sidewalk
794.0,120.0477,3.1378,2.93215,0.0,-0.0,177.9543,1.4866,stand_1,216.1081,0.0,-0.0,0.0,-0.0,Sidewalk
794.5,120.0477,3.1378,2.96706,0.0,0.06981,177.9543,1.4866,stand_1,216.1164,0.0,0.06981,0.0,0.06981,Sidewalk
795.0,120.0477,3.1378,2.96706,0.0,-0.0,177.9543,1.4866,stand_1,216.1081,0.0,-0.0,0.0,-0.0,Sidewalk
795.5,120.0477,3.1378,3.00197,0.0,0.06981,177.9543,1.4866,stand_1,216.1164,0.0,0.06981,0.0,0.06981,Sidewalk
796.0,120.0477,3.1378,3.00197,0.0,-0.0,177.9543,1.4866,stand_1,216.1081,0.0,-0.0,0.0,-0.0,Sidewalk
796.5,120.0477,3.1378,3.03687,0.0,0.06981,177.9543,1.4866,stand_1,216.1164,0.0,0.06981,0.0,0.06981,Sidewalk
797.0,120.0477,3.1378,3.03687,0.0,-0.0,177.9543,1.4866,stand_1,216.1081,0.0,-0.0,0.0,-0.0,Sidewalk
797.5,120.0477,3.1378,3.07178,0.0,0.06981,177.9543,1.4866,stand_1,216.1165,0.0,0.06981,0.0,0.06981,Sidewalk
798.0,120.0477,3.1378,3.07178,0.0,-0.0,177.9543,1.4866,stand_1,216.1081,0.0,-0.0,0.0,-0.0,Sidewalk
798.5,120.0477,3.1378,3.10669,0.0,0.06981,177.9543,1.4866,stand_1,216.1165,0.0,0.06981,0.0,0.06981,Sidewalk
799.0,120.0477,3.1378,3.10669,0.0,-0.0,177.9543,1.4866,stand_1,216.1081,0.0,-0.0,0.0,-0.0,Sidewalk
799.5,120.0477,3.1378,3.14159,0.0,0.06981,177.9543,1.4866,stand_1,216.1165,0.0,0.06981,0.0,0.06981,Sidewalk
800.0,120.0477,3.1378,3.14159,0.0,-0.0,177.9543,1.4866,stand_1,216.1081,0.0,-0.0,0.0,-0.0,Sidewalk
800.5,120.0477,3.1378,-3.10669,0.0,0.06981,177.9543,1.4866,stand_1,216.1165,0.0,0.06981,0.0,0.06981,Sidewalk
801.0,120.0477,3.1378,-3.10669,0.0,-0.0,177.9543,1.4866,stand_1,216.1081,0.0,-0.0,0.0,-0.0,Sidewalk
801.5,120.0477,3.1378,-3.07178,0.0,0.06981,177.9543,1.4866,stand_1,216.1165,0.0,0.06981,0.0,0.06981,Sidewalk
802.0,120.0477,3.1378,-3.07178,0.0,-0.0,177.9543,1.4866,stand_1,216.1081,0.0,-0.0,0.0,-0.0,Sidewalk
802.5,120.0477,3.1378,-3.03687,0.0,0.06981,177.9543,1.4866,stand_1,216.1165,0.0,0.06981,0.0,0.06981,Sidewalk
803.0,120.0477,3.1378,-3.03687,0.0,-0.0,177.9543,1.4866,stand_1,216.1081,0.0,-0.0,0.0,-0.0,Sidewalk
803.5,120.0477,3.1378,-3.00197,0.0,0.06981,177.9543,1.4866,stand_1,216.1165,0.0,0.06981,0.0,0.06981,Sidewalk
804.0,120.0477,3.1378,-3.00197,0.0,-0.0,177.9543,1.4866,stand_1,216.1081,0.0,-0.0,0.0,-0.0,Sidewalk
804.5,120.0477,3.1378,-2.96706,0.0,0.06981,177.9543,1.4866,stand_1,216.1165,0.0,0.06981,0.0,0.06981,Sidewalk
805.0,120.0477,3.1378,-2.96706,0.0,-0.0,177.9543,1.4866,stand_1,216.1081,0.0,-0.0,0.0,-0.0,Sidewalk
805.5,120.0477,3.1378,-2.93215,0.0,0.06981,177.9543,1.4866,stand_1,216.1165,0.0,0.06981,0.0,0.06981,Sidewalk
806.0,120.0477,3.1378,-2.93215,0.0,-0.0,177.9543,1.4866,stand_1,216.1081,0.0,-0.0,0.0,-0.0,Sidewalk
806.5,120.0477,3.1378,-2.89725,0.0,0.06981,177.9543,1.4866,stand_1,216.1165,0.0,0.06981,0.0,0.06981,Sidewalk
807.0,120.0477,3.1378,-2.89725,0.0,-0.0,177.9543,1.4866,stand_1,216.1081,0.0,-0.0,0.0,-0.0,Sidewalk
807.5,120.0477,3.1378,-2.86234,0.0,0.06981,177.9543,1.4866,stand_1,216.1165,0.0,0.06981,0.0,0.06981,Sidewalk
808.0,120.0477,3.1378,-2.86234,0.0,-0.0,177.9543,1.4866,stand_1,216.1081,0.0,-0.0,0.0,-0.0,Sidewalk
808.5,120.0477,3.1378,-2.82743,0.0,0.06981,177.9543,1.4866,stand_1,216.1165,0.0,0.06981,0.0,0.06981,Sidewalk
809.0,120.0477,3.1378,-2.82743,0.0,-0.0,177.9543,1.4866,stand_1,216.1081,0.0,-0.0,0.0,-0.0,Sidewalk
809.5,120.0477,3.1378,-2.79253,0.0,0.06981,177.9543,1.4866,stand_1,216.1165,0.0,0.06981,0.0,0.06981,Sidewalk
810.0,120.0477,3.1378,-2.79253,0.0,-0.0,177.9543,1.4866,stand_1,216.1081,0.0,-0.0,0.0,-0.0,Sidewalk
810.5,120.0477,3.1378,-2.75762,0.0,0.06981,177.9543,1.4866,stand_1,216.1165,0.0,0.06981,0.0,0.06981,Sidewalk
811.0,120.0477,3.1378,-2.75762,0.0,-0.0,177.9543,1.4866,stand_1,216.1081,0.0,-0.0,0.0,-0.0,Sidewalk
811.5,120.0477,3.1378,-2.72271,0.0,0.06981,177.9543,1.4866,stand_1,216.1165,0.0,0.06981,0.0,0.06981,Sidewalk
812.0,120.0477,3.1378,-2.72271,0.0,-0.0,177.9543,1.4866,stand_1,216.1081,0.0,-0.0,0.0,-0.0,Sidewalk
812.5,120.0477,3.1378,-2.68781,0.0,0.06981,177.9543,1.4866,stand_1,216.1165,0.0,0.06981,0.0,0.06981,Sidewalk
813.0,120.0477,3.1378,-2.68781,0.0,-0.0,177.9543,1.4866,stand_1,216.1082,0.0,-0.0,0.0,-0.0,Sidewalk
813.5,120.0477,3.1378,-2.6529,0.0,0.06981,177.9543,1.4866,stand_1,216.1165,0.0,0.06981,0.0,0.06981,Sidewalk
814.0,120.0477,3.1378,-2.6529,0.0,-0.0,177.9543,1.4866,stand_1,216.1082,0.0,-0.0,0.0,-0.0,Sidewalk
814.5,120.0477,3.1378,-2.61799,0.0,0.06981,177.9543,1.4866,stand_1,216.1165,0.0,0.06981,0.0,0.06981,Sidewalk
815.0,120.0477,3.1378,-2.61799,0.0,-0.0,177.9543,1.4866,stand_1,216.1082,0.0,-0.0,0.0,-0.0,Sidewalk
815.5,120.0477,3.1378,-2.58309,0.0,0.06981,177.9543,1.4866,stand_1,216.1165,0.0,0.06981,0.0,0.06981,Sidewalk
816.0,120.0477,3.1378,-2.58309,0.0,-0.0,177.9543,1.4866,stand_1,216.1082,0.0,-0.0,0.0,-0.0,Sidewalk
816.5,120.0477,3.1378,-2.54818,0.0,0.06981,177.9543,1.4866,stand_1,216.1165,0.0,0.06981,0.0,0.06981,Sidewalk
817.0,120.0477,3.1378,-2.54818,0.0,-0.0,177.9543,1.4866,stand_1,216.1082,0.0,-0.0,0.0,-0.0,Sidewalk
817.5,120.0477,3.1378,-2.51327,0.0,0.06981,177.9543,1.4866,stand_1,216.1166,0.0,0.06981,0.0,0.06981,Sidewalk
818.0,120.0477,3.1378,-2.51327,0.0,-0.0,177.9543,1.4866,stand_1,216.1082,0.0,-0.0,0.0,-0.0,Sidewalk
818.5,120.0477,3.1378,-2.47837,0.0,0.06981,177.9543,1.4866,stand_1,216.1166,0.0,0.06981,0.0,0.06981,Sidewalk
819.0,120.0477,3.1378,-2.47837,0.0,-0.0,177.9543,1.4866,stand_1,216.1082,0.0,-0.0,0.0,-0.0,Sidewalk
819.5,120.0477,3.1378,-2.44346,0.0,0.06981,177.9543,1.4866,stand_1,216.1166,0.0,0.06981,0.0,0.06981,Sidewalk
820.0,120.0477,3.1378,-2.44346,0.0,-0.0,177.9543,1.4866,stand_1,216.1082,0.0,-0.0,0.0,-0.0,Sidewalk
820.5,120.0477,3.1378,-2.40855,0.0,0.06981,177.9543,1.4866,stand_1,216.1166,0.0,0.06981,0.0,0.06981,Sidewalk
821.0,120.0477,3.1378,-2.40855,0.0,-0.0,177.9543,1.4866,stand_1,216.1082,0.0,-0.0,0.0,-0.0,Sidewalk
821.5,120.0477,3.1378,-2.37365,0.0,0.06981,177.9543,1.4866,stand_1,216.1166,0.0,0.06981,0.0,0.06981,Sidewalk
822.0,120.0477,3.1378,-2.37365,0.0,-0.0,177.9543,1.4866,stand_1,216.1082,0.0,-0.0,0.0,-0.0,Sidewalk
822.5,120.0477,3.1378,-2.33874,0.0,0.06981,177.9543,1.4866,stand_1,216.1166,0.0,0.06981,0.0,0.06981,Sidewalk
823.0,120.0477,3.1378,-2.33874,0.0,-0.0,177.9543,1.4866,stand_1,216.1082,0.0,-0.0,0.0,-0.0,Sidewalk
823.5,120.0477,3.1378,-2.30383,0.0,0.06981,177.9543,1.4866,stand_1,216.1166,0.0,0.06981,0.0,0.06981,Sidewalk
824.0,120.0477,3.1378,-2.30383,0.0,-0.0,177.9543,1.4866,stand_1,216.1082,0.0,-0.0,0.0,-0.0,Sidewalk
824.5,120.0477,3.1378,-2.26893,0.0,0.06981,177.9543,1.4866,stand_1,216.1166,0.0,0.06981,0.0,0.06981,Sidewalk
825.0,120.0477,3.1378,-2.26893,0.0,-0.0,177.9543,1.4866,stand_1,216.1082,0.0,-0.0,0.0,-0.0,Sidewalk
825.5,120.0477,3.1378,-2.23402,0.0,0.06981,177.9543,1.4866,stand_1,216.1166,0.0,0.06981,0.0,0.06981,Sidewalk
826.0,120.0477,3.1378,-2.23402,0.0,-0.0,177.9543,1.4866,stand_1,216.1082,0.0,-0.0,0.0,-0.0,Sidewalk
826.5,120.0477,3.1378,-2.19911,0.0,0.06981,177.9543,1.4866,stand_1,216.1166,0.0,0.06981,0.0,0.06981,Sidewalk
827.0,120.0477,3.1378,-2.19911,0.0,-0.0,177.9543,1.4866,stand_1,216.1082,0.0,-0.0,0.0,-0.0,Sidewalk
827.5,120.0477,3.1378,-2.16421,0.0,0.06981,177.9543,1.4866,stand_1,216.1166,0.0,0.06981,0.0,0.06981,Sidewalk
828.0,120.0477,3.1378,-2.16421,0.0,-0.0,177.9543,1.4866,stand_1,216.1082,0.0,-0.0,0.0,-0.0,Sidewalk
828.5,120.0477,3.1378,-2.1293,0.0,0.06981,177.9543,1.4866,stand_1,216.1166,0.0,0.06981,0.0,0.06981,Sidewalk
829.0,120.0477,3.1378,-2.1293,0.0,-0.0,177.9543,1.4866,stand_1,216.1082,0.0,-0.0,0.0,-0.0,Sidewalk
829.5,120.0477,3.1378,-2.0944,0.0,0.06981,177.9543,1.4866,stand_1,216.1166,0.0,0.06981,0.0,0.06981,Sidewalk
830.0,120.0477,3.1378,-2.0944,0.0,-0.0,177.9543,1.4866,stand_1,216.1082,0.0,-0.0,0.0,-0.0,Sidewalk
830.5,120.0477,3.1378,-2.05949,0.0,0.06981,177.9543,1.4866,stand_1,216.1166,0.0,0.06981,0.0,0.06981,Sidewalk
831.0,120.0477,3.1378,-2.05949,0.0,-0.0,177.9543,1.4866,stand_1,216.1082,0.0,-0.0,0.0,-0.0,Sidewalk
831.5,120.0477,3.1378,-2.02458,0.0,0.06981,177.9543,1.4865,stand_1,216.1166,0.0,0.06981,0.0,0.06981,Sidewalk
832.0,120.0477,3.1378,-2.02458,0.0,-0.0,177.9543,1.4865,stand_1,216.1082,0.0,-0.0,0.0,-0.0,Sidewalk
832.5,120.0477,3.1378,-1.98968,0.0,0.06981,177.9543,1.4865,stand_1,216.1166,0.0,0.06981,0.0,0.06981,Sidewalk
833.0,120.0477,3.1378,-1.98968,0.0,-0.0,177.9543,1.4865,stand_1,216.1083,0.0,-0.0,0.0,-0.0,Sidewalk
833.5,120.0477,3.1378,-1.95477,0.0,0.06981,177.9543,1.4865,stand_1,216.1166,0.0,0.06981,0.0,0.06981,Sidewalk
834.0,120.0477,3.1378,-1.95477,0.0,-0.0,177.9543,1.4865,stand_1,216.1083,0.0,-0.0,0.0,-0.0,Sidewalk
834.5,120.0477,3.1378,-1.91986,0.0,0.06981,177.9543,1.4865,stand_1,216.1166,0.0,0.06981,0.0,0.06981,Sidewalk
835.0,120.0477,3.1378,-1.91986,0.0,-0.0,177.9543,1.4865,stand_1,216.1083,0.0,-0.0,0.0,-0.0,Sidewalk
835.5,120.0477,3.1378,-1.88496,0.0,0.06981,177.9543,1.4865,stand_1,216.1166,0.0,0.06981,0.0,0.06981,Sidewalk
836.0,120.0477,3.1378,-1.88496,0.0,-0.0,177.9543,1.4865,stand_1,216.1083,0.0,-0.0,0.0,-0.0,Sidewalk
836.5,120.0477,3.1378,-1.85005,0.0,0.06981,177.9543,1.4865,stand_1,216.1167,0.0,0.06981,0.0,0.06981,Sidewalk
837.0,120.0477,3.1378,-1.85005,0.0,-0.0,177.9543,1.4865,stand_1,216.1083,0.0,-0.0,0.0,-0.0,Sidewalk
837.5,120.0477,3.1378,-1.81514,0.0,0.06981,177.9543,1.4865,stand_1,216.1167,0.0,0.06981,0.0,0.06981,Sidewalk
838.0,120.0477,3.1378,-1.81514,0.0,-0.0,177.9543,1.4865,stand_1,216.1083,0.0,-0.0,0.0,-0.0,Sidewalk
838.5,120.0477,3.1378,-1.78024,0.0,0.06981,177.9543,1.4865,stand_1,216.1167,0.0,0.06981,0.0,0.06981,Sidewalk
839.0,120.0477,3.1378,-1.78024,0.0,-0.0,177.9543,1.4865,stand_1,216.1083,0.0,-0.0,0.0,-0.0,Sidewalk
839.5,120.0477,3.1378,-1.74533,0.0,0.06981,177.9543,1.4865,stand_1,216.1167,0.0,0.06981,0.0,0.06981,Sidewalk
840.0,120.0477,3.1378,-1.74533,0.0,-0.0,177.9543,1.4865,stand_1,216.1083,0.0,-0.0,0.0,-0.0,Sidewalk
840.5,120.0477,3.1378,-1.71042,0.0,0.06981,177.9543,1.4865,stand_1,216.1167,0.0,0.06981,0.0,0.06981,Sidewalk
841.0,120.0477,3.1378,-1.71042,0.0,-0.0,177.9543,1.4865,stand_1,216.1083,0.0,-0.0,0.0,-0.0,Sidewalk
841.5,120.0477,3.1378,-1.67552,0.0,0.06981,177.9543,1.4865,stand_1,216.1167,0.0,0.06981,0.0,0.06981,Sidewalk
842.0,120.0477,3.1378,-1.67552,0.0,-0.0,177.9543,1.4865,stand_1,216.1083,0.0,-0.0,0.0,-0.0,Sidewalk
842.5,120.0477,3.1378,-1.64061,0.0,0.06981,177.9543,1.4865,stand_1,216.1167,0.0,0.06981,0.0,0.06981,Sidewalk
843.0,120.0477,3.1378,-1.64061,0.0,-0.0,177.9543,1.4865,stand_1,216.1083,0.0,-0.0,0.0,-0.0,Sidewalk
843.5,120.0477,3.1378,-1.6057,0.0,0.06981,177.9543,1.4865,stand_1,216.1167,0.0,0.06981,0.0,0.06981,Sidewalk
844.0,120.0477,3.1378,-1.6057,0.0,-0.0,177.9543,1.4865,stand_1,216.1083,0.0,-0.0,0.0,-0.0,Sidewalk
844.5,120.0477,3.1378,-1.5708,0.0,0.06981,177.9543,1.4865,stand_1,216.1167,0.0,0.06981,0.0,0.06981,Sidewalk
845.0,120.0477,3.1378,-1.5708,0.0,-0.0,177.9543,1.4865,stand_1,216.1083,0.0,-0.0,0.0,-0.0,Sidewalk
845.5,120.0477,3.1378,-1.53589,0.0,0.06981,177.9543,1.4865,stand_1,216.1167,0.0,0.06981,0.0,0.06981,Sidewalk
846.0,120.0477,3.1378,-1.53589,0.0,-0.0,177.9543,1.4865,stand_1,216.1083,0.0,-0.0,0.0,-0.0,Sidewalk
846.5,120.0477,3.1378,-1.50098,0.0,0.06981,177.9543,1.4865,stand_1,216.1167,0.0,0.06981,0.0,0.06981,Sidewalk
847.0,120.0477,3.1378,-1.50098,0.0,-0.0,177.9543,1.4865,stand_1,216.1083,0.0,-0.0,0.0,-0.0,Sidewalk
847.5,120.0477,3.1378,-1.46608,0.0,0.06981,177.9543,1.4865,stand_1,216.1167,0.0,0.06981,0.0,0.06981,Sidewalk
848.0,120.0477,3.1378,-1.46608,0.0,-0.0,177.9543,1.4865,stand_1,216.1083,0.0,-0.0,0.0,-0.0,Sidewalk
848.5,120.0477,3.1378,-1.43117,0.0,0.06981,177.9543,1.4865,stand_1,216.1167,0.0,0.06981,0.0,0.06981,Sidewalk
849.0,120.0477,3.1378,-1.43117,0.0,-0.0,177.9543,1.4865,stand_1,216.1083,0.0,-0.0,0.0,-0.0,Sidewalk
849.5,120.0477,3.1378,-1.39626,0.0,0.06981,177.9543,1.4865,stand_1,216.1167,0.0,0.06981,0.0,0.06981,Sidewalk
850.0,120.0477,3.1378,-1.39626,0.0,-0.0,177.9543,1.4865,stand_1,216.1083,0.0,-0.0,0.0,-0.0,Sidewalk
850.5,120.0477,3.1378,-1.36136,0.0,0.06981,177.9543,1.4865,stand_1,216.1167,0.0,0.06981,0.0,0.06981,Sidewalk
851.0,120.0477,3.1378,-1.36136,0.0,-0.0,177.9543,1.4865,stand_1,216.1084,0.0,-0.0,0.0,-0.0,Sidewalk
851.5,120.0477,3.1378,-1.32645,0.0,0.06981,177.9543,1.4865,stand_1,216.1167,0.0,0.06981,0.0,0.06981,Sidewalk
852.0,120.0477,3.1378,-1.32645,0.0,-0.0,177.9543,1.4865,stand_1,216.1084,0.0,-0.0,0.0,-0.0,Sidewalk
852.5,120.0477,3.1378,-1.29154,0.0,0.06981,177.9543,1.4865,stand_1,216.1167,0.0,0.06981,0.0,0.06981,Sidewalk
853.0,120.0477,3.1378,-1.29154,0.0,-0.0,177.9543,1.4865,stand_1,216.1084,0.0,-0.0,0.0,-0.0,Sidewalk
853.5,120.0477,3.1378,-1.25664,0.0,0.06981,177.9543,1.4865,stand_1,216.1167,0.0,0.06981,0.0,0.06981,Sidewalk
854.0,120.0477,3.1378,-1.25664,0.0,-0.0,177.9543,1.4865,stand_1,216.1084,0.0,-0.0,0.0,-0.0,Sidewalk
854.5,120.0477,3.1378,-1.22173,0.0,0.06981,177.9543,1.4865,stand_1,216.1167,0.0,0.06981,0.0,0.06981,Sidewalk
855.0,120.0477,3.1378,-1.22173,0.0,-0.0,177.9543,1.4865,stand_1,216.1084,0.0,-0.0,0.0,-0.0,Sidewalk
855.5,120.0477,3.1378,-1.18682,0.0,0.06981,177.9543,1.4865,stand_1,216.1167,0.0,0.06981,0.0,0.06981,Sidewalk
856.0,120.0477,3.1378,-1.18682,0.0,-0.0,177.9543,1.4865,stand_1,216.1084,0.0,-0.0,0.0,-0.0,Sidewalk
856.5,120.0477,3.1378,-1.15192,0.0,0.06981,177.9543,1.4865,stand_1,216.1168,0.0,0.06981,0.0,0.06981,Sidewalk
857.0,120.0477,3.1378,-1.15192,0.0,-0.0,177.9543,1.4865,stand_1,216.1084,0.0,-0.0,0.0,-0.0,Sidewalk
857.5,120.0477,3.1378,-1.11701,0.0,0.06981,177.9543,1.4865,stand_1,216.1168,0.0,0.06981,0.0,0.06981,Sidewalk
858.0,120.0477,3.1378,-1.11701,0.0,-0.0,177.9543,1.4865,stand_1,216.1084,0.0,-0.0,0.0,-0.0,Sidewalk
858.5,120.0477,3.1378,-1.0821,0.0,0.06981,177.9543,1.4865,stand_1,216.1168,0.0,0.06981,0.0,0.06981,Sidewalk
859.0,120.0477,3.1378,-1.0821,0.0,-0.0,177.9543,1.4865,stand_1,216.1084,0.0,-0.0,0.0,-0.0,Sidewalk
859.5,120.0477,3.1378,-1.0472,0.0,0.06981,177.9543,1.4865,stand_1,216.1168,0.0,0.06981,0.0,0.06981,Sidewalk
860.0,120.0477,3.1378,-1.0472,0.0,-0.0,177.9543,1.4865,stand_1,216.1084,0.0,-0.0,0.0,-0.0,Sidewalk
860.5,120.0477,3.1378,-1.01229,0.0,0.06981,177.9543,1.4865,stand_1,216.1168,0.0,0.06981,0.0,0.06981,Sidewalk
861.0,120.0477,3.1378,-1.01229,0.0,-0.0,177.9543,1.4865,stand_1,216.1084,0.0,-0.0,0.0,-0.0,Sidewalk
861.5,120.0477,3.1378,-0.97738,0.0,0.06981,177.9543,1.4865,stand_1,216.1168,0.0,0.06981,0.0,0.06981,Sidewalk
862.0,120.0477,3.1378,-0.97738,0.0,-0.0,177.9543,1.4865,stand_1,216.1084,0.0,-0.0,0.0,-0.0,Sidewalk
862.5,120.0477,3.1378,-0.94248,0.0,0.06981,177.9543,1.4865,stand_1,216.1168,0.0,0.06981,0.0,0.06981,Sidewalk
863.0,120.0477,3.1378,-0.94248,0.0,-0.0,177.9543,1.4865,stand_1,216.1084,0.0,-0.0,0.0,-0.0,Sidewalk
863.5,120.0477,3.1378,-0.90757,0.0,0.06981,177.9543,1.4865,stand_1,216.1168,0.0,0.06981,0.0,0.06981,Sidewalk
864.0,120.0477,3.1378,-0.90757,0.0,-0.0,177.9543,1.4865,stand_1,216.1084,0.0,-0.0,0.0,-0.0,Sidewalk
864.5,120.0477,3.1378,-0.87266,0.0,0.06981,177.9543,1.4865,stand_1,216.1168,0.0,0.06981,0.0,0.06981,Sidewalk
865.0,120.0477,3.1378,-0.87266,0.0,-0.0,177.9543,1.4865,stand_1,216.1084,0.0,-0.0,0.0,-0.0,Sidewalk
865.5,120.0477,3.1378,-0.83776,0.0,0.06981,177.9543,1.4865,stand_1,216.1168,0.0,0.06981,0.0,0.06981,Sidewalk
866.0,120.0477,3.1378,-0.83776,0.0,-0.0,177.9543,1.4865,stand_1,216.1084,0.0,-0.0,0.0,-0.0,Sidewalk
866.5,120.0477,3.1378,-0.80285,0.0,0.06981,177.9543,1.4865,stand_1,216.1168,0.0,0.06981,0.0,0.06981,Sidewalk
867.0,120.0477,3.1378,-0.80285,0.0,-0.0,177.9543,1.4865,stand_1,216.1084,0.0,-0.0,0.0,-0.0,Sidewalk
867.5,120.0477,3.1378,-0.76794,0.0,0.06981,177.9543,1.4865,stand_1,216.1168,0.0,0.06981,0.0,0.06981,Sidewalk
868.0,120.0477,3.1378,-0.76794,0.0,-0.0,177.9543,1.4865,stand_1,216.1084,0.0,-0.0,0.0,-0.0,Sidewalk
868.5,120.0477,3.1378,-0.73304,0.0,0.06981,177.9543,1.4865,stand_1,216.1168,0.0,0.06981,0.0,0.06981,Sidewalk
869.0,120.0477,3.1378,-0.73304,0.0,-0.0,177.9543,1.4865,stand_1,216.1084,0.0,-0.0,0.0,-0.0,Sidewalk
869.5,120.0477,3.1378,-0.69813,0.0,0.06981,177.9543,1.4865,stand_1,216.1168,0.0,0.06981,0.0,0.06981,Sidewalk
870.0,120.0477,3.1378,-0.69813,0.0,-0.0,177.9543,1.4865,stand_1,216.1084,0.0,-0.0,0.0,-0.0,Sidewalk
870.5,120.0477,3.1378,-0.66323,0.0,0.06981,177.9543,1.4865,stand_1,216.1168,0.0,0.06981,0.0,0.06981,Sidewalk
871.0,120.0477,3.1378,-0.66323,0.0,-0.0,177.9543,1.4865,stand_1,216.1084,0.0,-0.0,0.0,-0.0,Sidewalk
871.5,120.0477,3.1378,-0.62832,0.0,0.06981,177.9543,1.4865,stand_1,216.1168,0.0,0.06981,0.0,0.06981,Sidewalk
872.0,120.0477,3.1378,-0.62832,0.0,-0.0,177.9543,1.4865,stand_1,216.1084,0.0,-0.0,0.0,-0.0,Sidewalk
872.5,120.0477,3.1378,-0.59341,0.0,0.06981,177.9543,1.4865,stand_1,216.1168,0.0,0.06981,0.0,0.06981,Sidewalk
873.0,120.0477,3.1378,-0.59341,0.0,-0.0,177.9543,1.4865,stand_1,216.1085,0.0,-0.0,0.0,-0.0,Sidewalk
873.5,120.0477,3.1378,-0.55851,0.0,0.06981,177.9543,1.4865,stand_1,216.1168,0.0,0.06981,0.0,0.06981,Sidewalk
874.0,120.0477,3.1378,-0.55851,0.0,-0.0,177.9543,1.4864,stand_1,216.1085,0.0,-0.0,0.0,-0.0,Sidewalk
874.5,120.0477,3.1378,-0.5236,0.0,0.06981,177.9543,1.4864,stand_1,216.1168,0.0,0.06981,0.0,0.06981,Sidewalk
875.0,120.0477,3.1378,-0.5236,0.0,-0.0,177.9543,1.4864,stand_1,216.1085,0.0,-0.0,0.0,-0.0,Sidewalk
875.5,120.0477,3.1378,-0.48869,0.0,0.06981,177.9543,1.4864,stand_1,216.1168,0.0,0.06981,0.0,0.06981,Sidewalk
876.0,120.0477,3.1378,-0.48869,0.0,-0.0,177.9543,1.4864,stand_1,216.1085,0.0,-0.0,0.0,-0.0,Sidewalk
876.5,120.0477,3.1378,-0.45379,0.0,0.06981,177.9543,1.4864,stand_1,216.1169,0.0,0.06981,0.0,0.06981,Sidewalk
877.0,120.0477,3.1378,-0.45379,0.0,-0.0,177.9543,1.4864,stand_1,216.1085,0.0,-0.0,0.0,-0.0,Sidewalk
877.5,120.0477,3.1378,-0.41888,0.0,0.06981,177.9543,1.4864,stand_1,216.1169,0.0,0.06981,0.0,0.06981,Sidewalk
878.0,120.0477,3.1378,-0.41888,0.0,-0.0,177.9543,1.4864,stand_1,216.1085,0.0,-0.0,0.0,-0.0,Sidewalk
878.5,120.0477,3.1378,-0.38397,0.0,0.06981,177.9543,1.4864,stand_1,216.1169,0.0,0.06981,0.0,0.06981,Sidewalk
879.0,120.0477,3.1378,-0.38397,0.0,-0.0,177.9543,1.4864,stand_1,216.1085,0.0,-0.0,0.0,-0.0,Sidewalk
879.5,120.0477,3.1378,-0.34907,0.0,0.06981,177.9543,1.4864,stand_1,216.1169,0.0,0.06981,0.0,0.06981,Sidewalk
880.0,120.0477,3.1378,-0.34907,0.0,-0.0,177.9543,1.4864,stand_1,216.1085,0.0,-0.0,0.0,-0.0,Sidewalk
880.5,120.0477,3.1378,-0.31416,0.0,0.06981,177.9543,1.4864,stand_1,216.1169,0.0,0.06981,0.0,0.06981,Sidewalk
881.0,120.0477,3.1378,-0.31416,0.0,-0.0,177.9543,1.4864,stand_1,216.1085,0.0,-0.0,0.0,-0.0,Sidewalk
881.5,120.0477,3.1378,-0.27925,0.0,0.06981,177.9543,1.4864,stand_1,216.1169,0.0,0.06981,0.0,0.06981,Sidewalk
882.0,120.0477,3.1378,-0.27925,0.0,-0.0,177.9543,1.4864,stand_1,216.1085,0.0,-0.0,0.0,-0.0,Sidewalk
882.5,120.0477,3.1378,-0.24435,0.0,0.06981,177.9543,1.4864,stand_1,216.1169,0.0,0.06981,0.0,0.06981,Sidewalk
883.0,120.0477,3.1378,-0.24435,0.0,-0.0,177.9543,1.4864,stand_1,216.1085,0.0,-0.0,0.0,-0.0,Sidewalk
883.5,120.0477,3.1378,-0.20944,0.0,0.06981,177.9543,1.4864,stand_1,216.1169,0.0,0.06981,0.0,0.06981,Sidewalk
884.0,120.0477,3.1378,-0.20944,0.0,-0.0,177.9543,1.4864,stand_1,216.1085,0.0,-0.0,0.0,-0.0,Sidewalk
884.5,120.0477,3.1378,-0.17453,0.0,0.06981,177.9543,1.4864,stand_1,216.1169,0.0,0.06981,0.0,0.06981,Sidewalk
885.0,120.0477,3.1378,-0.17453,0.0,-0.0,177.9543,1.4864,stand_1,216.1085,0.0,-0.0,0.0,-0.0,Sidewalk
885.5,120.0477,3.1378,-0.13963,0.0,0.06981,177.9543,1.4864,stand_1,216.1169,0.0,0.06981,0.0,0.06981,Sidewalk
886.0,120.0477,3.1378,-0.13963,0.0,-0.0,177.9543,1.4864,stand_1,216.1085,0.0,-0.0,0.0,-0.0,Sidewalk
886.5,120.0477,3.1378,-0.10472,0.0,0.06981,177.9543,1.4864,stand_1,216.1169,0.0,0.06981,0.0,0.06981,Sidewalk
887.0,120.0477,3.1378,-0.10472,0.0,-0.0,177.9543,1.4864,stand_1,216.1085,0.0,-0.0,0.0,-0.0,Sidewalk
887.5,120.0477,3.1378,-0.06981,0.0,0.06981,177.9543,1.4864,stand_1,216.1169,0.0,0.06981,0.0,0.06981,Sidewalk
888.0,120.0477,3.1378,-0.06981,0.0,-0.0,177.9543,1.4864,stand_1,216.1085,0.0,-0.0,0.0,-0.0,Sidewalk
888.5,120.0477,3.1378,-0.03491,0.0,0.06981,177.9543,1.4864,stand_1,216.1169,0.0,0.06981,0.0,0.06981,Sidewalk
889.0,120.0477,3.1378,-0.03491,0.0,-0.0,177.9543,1.4864,stand_1,216.1085,0.0,-0.0,0.0,-0.0,Sidewalk
889.5,120.0477,3.1378,-0.0,0.0,0.06981,177.9543,1.4864,stand_1,216.1169,0.0,0.06981,0.0,0.06981,Sidewalk
890.0,120.0477,3.1378,-0.0,0.0,-0.0,177.9543,1.4864,stand_1,216.1085,0.0,-0.0,0.0,-0.0,Sidewalk
890.5,120.0477,3.1378,0.03491,0.0,0.06981,177.9543,1.4864,stand_1,216.1169,0.0,0.06981,0.0,0.06981,Sidewalk
891.0,120.0477,3.1378,0.03491,0.0,-0.0,177.9543,1.4864,stand_1,216.1085,0.0,-0.0,0.0,-0.0,Sidewalk
891.5,120.0477,3.1378,0.06981,0.0,0.06981,177.9543,1.4864,stand_1,216.1169,0.0,0.06981,0.0,0.06981,Sidewalk
892.0,120.0477,3.1378,0.06981,0.0,-0.0,177.9543,1.4864,stand_1,216.1085,0.0,-0.0,0.0,-0.0,Sidewalk
892.5,120.0477,3.1378,0.10472,0.0,0.06981,177.9543,1.4864,stand_1,216.1169,0.0,0.06981,0.0,0.06981,Sidewalk
893.0,120.0477,3.1378,0.10472,0.0,-0.0,177.9543,1.4864,stand_1,216.1086,0.0,-0.0,0.0,-0.0,Sidewalk
893.5,120.0477,3.1378,0.13963,0.0,0.06981,177.9543,1.4864,stand_1,216.1169,0.0,0.06981,0.0,0.06981,Sidewalk
894.0,120.0477,3.1378,0.13963,0.0,-0.0,177.9543,1.4864,stand_1,216.1086,0.0,-0.0,0.0,-0.0,Sidewalk
894.5,120.0477,3.1378,0.17453,0.0,0.06981,177.9543,1.4864,stand_1,216.1169,0.0,0.06981,0.0,0.06981,Sidewalk
895.0,120.0477,3.1378,0.17453,0.0,-0.0,177.9543,1.4864,stand_1,216.1086,0.0,-0.0,0.0,-0.0,Sidewalk
895.5,120.0477,3.1378,0.20944,0.0,0.06981,177.9543,1.4864,stand_1,216.1169,0.0,0.06981,0.0,0.06981,Sidewalk
896.0,120.0477,3.1378,0.20944,0.0,-0.0,177.9543,1.4864,stand_1,216.1086,0.0,-0.0,0.0,-0.0,Sidewalk
896.5,120.0477,3.1378,0.24435,0.0,0.06981,177.9543,1.4864,stand_1,216.117,0.0,0.06981,0.0,0.06981,Sidewalk
897.0,120.0477,3.1378,0.24435,0.0,-0.0,177.9543,1.4864,stand_1,216.1086,0.0,-0.0,0.0,-0.0,Sidewalk
897.5,120.0477,3.1378,0.27925,0.0,0.06981,177.9543,1.4864,stand_1,216.117,0.0,0.06981,0.0,0.06981,Sidewalk
898.0,120.0477,3.1378,0.27925,0.0,-0.0,177.9543,1.4864,stand_1,216.1086,0.0,-0.0,0.0,-0.0,Sidewalk
898.5,120.0477,3.1378,0.31416,0.0,0.06981,177.9543,1.4864,stand_1,216.117,0.0,0.06981,0.0,0.06981,Sidewalk
899.0,120.0477,3.1378,0.31416,0.0,-0.0,177.9543,1.4864,stand_1,216.1086,0.0,-0.0,0.0,-0.0,Sidewalk
899.5,120.0477,3.1378,0.34907,0.0,0.06981,177.9543,1.4864,stand_1,216.117,0.0,0.06981,0.0,0.06981,Sidewalk
900.0,120.0477,3.1378,0.34907,0.0,-0.0,177.9543,1.4864,stand_1,216.1086,0.0,-0.0,0.0,-0.0,Sidewalk
900.5,120.0477,3.1378,0.38397,0.0,0.06981,177.9543,1.4864,stand_1,216.117,0.0,0.06981,0.0,0.06981,Sidewalk
