time,x,y,yaw,v,w,goal_distance,min_person_dist,closest_person,total_cost,action_linear_x,action_angular_z,observation_state_linear_x,observation_state_angular_z,observation_state_road_type
0.5,2.1499,3.9948,-0.03491,0.3,-0.06981,295.8501,2.8502,walk_east_mid.0,590.7342,0.3,-0.06981,0.3,-0.06981,Sidewalk
1.0,2.4492,3.9738,-0.06981,0.6,-0.06981,295.5508,3.0136,walk_east_mid.0,588.4866,0.6,-0.06981,0.6,-0.06981,Sidewalk
1.5,2.8868,3.9278,-0.10472,0.88,-0.06981,295.1132,2.9919,walk_east_up.0,586.5789,0.88,-0.06981,0.88,-0.06981,Sidewalk
2.0,3.3621,3.861,-0.13963,0.96,-0.06981,294.6379,2.9074,walk_east_up.0,584.9876,0.96,-0.06981,0.96,-0.06981,Sidewalk
2.5,3.7856,3.7864,-0.17453,0.86,-0.06981,294.2145,2.9083,walk_east_up.0,584.3763,0.86,-0.06981,0.86,-0.06981,Sidewalk
3.0,4.1817,3.7307,-0.13963,0.8,0.06981,293.8185,2.9508,walk_east_up.0,584.1152,0.8,0.06981,0.8,0.06981,Sidewalk
3.5,4.6768,3.6611,-0.13963,1.0,-0.0,293.3234,2.9061,walk_east_up.0,582.1378,1.0,-0.0,1.0,-0.0,Sidewalk
4.0,5.0945,3.6172,-0.10472,0.84,0.06981,292.9057,2.879,walk_east_up.0,582.0705,0.84,0.06981,0.84,0.06981,Sidewalk
4.5,5.5918,3.565,-0.10472,1.0,-0.0,292.4086,2.829,walk_east_up.0,580.2847,1.0,-0.0,1.0,-0.0,Sidewalk
5.0,6.0207,3.535,-0.06981,0.86,0.06981,291.9797,2.8083,walk_east_up.0,580.0552,0.86,0.06981,0.86,0.06981,Sidewalk
5.5,6.5195,3.5001,-0.06981,1.0,-0.0,291.4809,2.6851,walk_east_up.0,578.3215,1.0,-0.0,1.0,-0.0,Sidewalk
6.0,6.9592,3.4847,-0.03491,0.88,0.06981,291.0412,2.6768,walk_east_up.0,578.1132,0.88,0.06981,0.88,0.06981,Sidewalk
6.5,7.4589,3.4673,-0.03491,1.0,-0.0,290.5416,2.5455,walk_east_up.0,576.6693,1.0,-0.0,1.0,-0.0,Sidewalk
7.0,7.8989,3.4673,0.0,0.88,0.06981,290.1016,2.4964,walk_east_up.0,576.146,0.88,0.06981,0.88,0.06981,Sidewalk
7.5,8.3789,3.4673,0.0,0.96,-0.0,289.6216,2.4319,walk_east_up.0,574.8658,0.96,-0.0,0.96,-0.0,Sidewalk
8.0,8.8386,3.4512,-0.03491,0.92,-0.06981,289.1619,2.3397,walk_east_up.0,573.6632,0.92,-0.06981,0.92,-0.06981,Sidewalk
8.5,9.2986,3.4512,0.0,0.92,0.06981,288.7019,2.2715,walk_east_up.0,573.1052,0.92,0.06981,0.92,0.06981,Sidewalk
9.0,9.7986,3.4512,0.0,1.0,-0.0,288.2019,2.189,walk_east_up.0,571.7269,1.0,-0.0,1.0,-0.0,Sidewalk
9.5,10.2384,3.4359,-0.03491,0.88,-0.06981,287.7622,2.1278,walk_east_up.0,571.0385,0.88,-0.06981,0.88,-0.06981,Sidewalk
10.0,10.7284,3.4359,0.0,0.98,0.06981,287.2722,2.0492,walk_east_up.0,569.9816,0.98,0.06981,0.98,0.06981,Sidewalk
10.5,11.2284,3.4359,0.0,1.0,-0.0,286.7722,1.9422,walk_east_up.0,568.5982,1.0,-0.0,1.0,-0.0,Sidewalk
11.0,11.7081,3.4526,0.03491,0.96,0.06981,286.2924,1.8307,walk_east_up.0,568.0502,0.96,0.06981,0.96,0.06981,Sidewalk
11.5,12.2078,3.4701,0.03491,1.0,-0.0,285.7927,1.7565,walk_east_up.0,566.7334,1.0,-0.0,1.0,-0.0,Sidewalk
12.0,12.7078,3.4701,0.0,1.0,-0.06981,285.2927,1.6499,walk_east_up.0,565.4348,1.0,-0.06981,1.0,-0.06981,Sidewalk
12.5,13.1975,3.4872,0.03491,0.98,0.06981,284.803,1.5909,walk_east_up.0,564.9603,0.98,0.06981,0.98,0.06981,Sidewalk
13.0,13.6972,3.5046,0.03491,1.0,-0.0,284.3033,1.4861,walk_east_up.0,563.7608,1.0,-0.0,1.0,-0.0,Sidewalk
13.5,14.1972,3.5046,0.0,1.0,-0.06981,283.8033,1.4291,walk_east_up.0,562.4368,1.0,-0.06981,1.0,-0.06981,Sidewalk
14.0,14.6869,3.4875,-0.03491,0.98,-0.06981,283.3136,1.4014,walk_east_up.0,561.6136,0.98,-0.06981,0.98,-0.06981,Sidewalk
14.5,15.1869,3.4875,0.0,1.0,0.06981,282.8136,1.3641,walk_east_up.0,560.8803,1.0,0.06981,1.0,0.06981,Sidewalk
15.0,15.6869,3.4875,0.0,1.0,-0.0,282.3136,1.3098,walk_east_up.0,559.664,1.0,-0.0,1.0,-0.0,Sidewalk
15.5,16.1666,3.4708,-0.03491,0.96,-0.06981,281.8339,1.2816,walk_east_up.0,558.7908,0.96,-0.06981,0.96,-0.06981,Sidewalk
16.0,16.6666,3.4708,0.0,1.0,0.06981,281.3339,1.2583,walk_east_up.0,557.8511,1.0,0.06981,1.0,0.06981,Sidewalk
16.5,17.1666,3.4708,0.0,1.0,-0.0,280.8339,1.2393,walk_east_up.0,556.5945,1.0,-0.0,1.0,-0.0,Sidewalk
17.0,17.6663,3.4882,0.03491,1.0,0.06981,280.3342,1.202,walk_east_up.0,555.943,1.0,0.06981,1.0,0.06981,Sidewalk
17.5,18.166,3.5057,0.03491,1.0,-0.0,279.8345,1.1795,walk_east_up.0,554.8003,1.0,-0.0,1.0,-0.0,Sidewalk
18.0,18.666,3.5057,0.0,1.0,-0.06981,279.3345,1.1882,walk_east_up.0,553.5429,1.0,-0.06981,1.0,-0.06981,Sidewalk
18.5,19.1557,3.4886,-0.03491,0.98,-0.06981,278.8448,1.2196,walk_east_up.0,552.706,0.98,-0.06981,0.98,-0.06981,Sidewalk
19.0,19.6457,3.4886,0.0,0.98,0.06981,278.3548,1.2555,walk_east_up.0,552.0682,0.98,0.06981,0.98,0.06981,Sidewalk
19.5,20.1457,3.4886,0.0,1.0,-0.0,277.8548,1.2821,walk_east_up.0,550.8348,1.0,-0.0,1.0,-0.0,Sidewalk
20.0,20.6254,3.4718,-0.03491,0.96,-0.06981,277.3751,1.3357,walk_east_up.0,549.8082,0.96,-0.06981,0.96,-0.06981,Sidewalk
20.5,21.1242,3.5067,0.06981,1.0,0.20944,276.8763,1.3557,walk_east_up.0,549.0687,1.0,0.20944,1.0,0.20944,Sidewalk
21.0,21.6193,3.5763,0.13963,1.0,0.13963,276.381,1.3369,walk_east_up.0,547.9751,1.0,0.13963,1.0,0.13963,Sidewalk
21.5,22.1166,3.6285,0.10472,1.0,-0.06981,275.8837,1.3868,walk_east_up.0,546.8677,1.0,-0.06981,1.0,-0.06981,Sidewalk
22.0,22.6153,3.6634,0.06981,1.0,-0.06981,275.3849,1.4604,walk_east_up.0,545.782,1.0,-0.06981,1.0,-0.06981,Sidewalk
22.5,23.115,3.6809,0.03491,1.0,-0.06981,274.8851,1.5108,walk_east_up.0,544.6827,1.0,-0.06981,1.0,-0.06981,Sidewalk
23.0,23.615,3.6809,0.0,1.0,-0.06981,274.3851,1.602,walk_east_up.0,543.6319,1.0,-0.06981,1.0,-0.06981,Sidewalk
23.5,24.1147,3.6634,-0.03491,1.0,-0.06981,273.8855,1.7003,walk_east_up.0,542.6215,1.0,-0.06981,1.0,-0.06981,Sidewalk
24.0,24.6135,3.6285,-0.06981,1.0,-0.06981,273.3867,1.8029,walk_east_up.0,541.5942,1.0,-0.06981,1.0,-0.06981,Sidewalk
24.5,25.1132,3.646,0.03491,1.0,0.20944,272.887,1.8998,walk_east_up.0,540.9735,1.0,0.20944,1.0,0.20944,Sidewalk
25.0,25.6105,3.6983,0.10472,1.0,0.13963,272.3897,1.9544,walk_east_up.0,539.8603,1.0,0.13963,1.0,0.13963,Sidewalk
25.5,26.1093,3.7331,0.06981,1.0,-0.06981,271.8909,2.0216,walk_east_up.0,538.7061,1.0,-0.06981,1.0,-0.06981,Sidewalk
26.0,26.609,3.7506,0.03491,1.0,-0.06981,271.3912,2.117,walk_east_up.0,537.6793,1.0,-0.06981,1.0,-0.06981,Sidewalk
26.5,27.109,3.7506,-0.0,1.0,-0.06981,270.8912,2.2381,walk_east_up.0,536.6449,1.0,-0.06981,1.0,-0.06981,Sidewalk
27.0,27.6086,3.7331,-0.03491,1.0,-0.06981,270.3915,2.3875,walk_east_up.0,535.5827,1.0,-0.06981,1.0,-0.06981,Sidewalk
27.5,28.1074,3.6983,-0.06981,1.0,-0.06981,269.8927,2.4915,walk_east_up.0,534.5672,1.0,-0.06981,1.0,-0.06981,Sidewalk
28.0,28.6071,3.6808,-0.03491,1.0,0.06981,269.3931,2.6278,walk_east_up.0,533.8707,1.0,0.06981,1.0,0.06981,Sidewalk
28.5,29.1068,3.6634,-0.03491,1.0,-0.0,268.8934,2.7261,walk_east_up.0,532.7468,1.0,-0.0,1.0,-0.0,Sidewalk
29.0,29.6056,3.6285,-0.06981,1.0,-0.06981,268.3947,2.8067,walk_east_up.0,531.5764,1.0,-0.06981,1.0,-0.06981,Sidewalk
29.5,30.1053,3.611,-0.03491,1.0,0.06981,267.895,2.9169,walk_east_up.0,530.8286,1.0,0.06981,1.0,0.06981,Sidewalk
30.0,30.605,3.5936,-0.03491,1.0,-0.0,267.3953,2.9961,walk_east_up.0,529.6767,1.0,-0.0,1.0,-0.0,Sidewalk
30.5,31.105,3.5936,-0.0,1.0,0.06981,266.8953,3.1276,walk_east_up.0,528.9266,1.0,0.06981,1.0,0.06981,Sidewalk
31.0,31.605,3.5936,-0.0,1.0,-0.0,266.3953,3.2314,walk_east_up.0,527.7551,1.0,-0.0,1.0,-0.0,Sidewalk
31.5,32.1047,3.5761,-0.03491,1.0,-0.06981,265.8956,3.3655,walk_east_up.0,526.5597,1.0,-0.06981,1.0,-0.06981,Sidewalk
32.0,32.6047,3.5761,-0.0,1.0,0.06981,265.3956,3.451,walk_east_up.0,525.8134,1.0,0.06981,1.0,0.06981,Sidewalk
32.5,33.1047,3.5761,-0.0,1.0,-0.0,264.8956,3.5994,walk_east_up.0,524.6236,1.0,-0.0,1.0,-0.0,Sidewalk
33.0,33.6044,3.5587,-0.03491,1.0,-0.06981,264.396,3.6934,walk_east_up.0,523.5146,1.0,-0.06981,1.0,-0.06981,Sidewalk
33.5,34.1044,3.5587,-0.0,1.0,0.06981,263.896,3.8082,walk_east_up.0,522.7265,1.0,0.06981,1.0,0.06981,Sidewalk
34.0,34.6044,3.5587,-0.0,1.0,-0.0,263.396,3.9202,walk_east_up.0,521.6119,1.0,-0.0,1.0,-0.0,Sidewalk
34.5,35.1041,3.5412,-0.03491,1.0,-0.06981,262.8963,4.07,walk_east_up.0,520.5099,1.0,-0.06981,1.0,-0.06981,Sidewalk
35.0,35.6041,3.5412,-0.0,1.0,0.06981,262.3963,4.0723,walk_east_mid.0,519.7522,1.0,0.06981,1.0,0.06981,Sidewalk
35.5,36.1041,3.5412,-0.0,1.0,-0.0,261.8963,4.0535,walk_east_mid.0,518.64,1.0,-0.0,1.0,-0.0,Sidewalk
36.0,36.6038,3.5238,-0.03491,1.0,-0.06981,261.3967,4.0505,walk_east_mid.0,517.5238,1.0,-0.06981,1.0,-0.06981,Sidewalk
36.5,37.1038,3.5238,-0.0,1.0,0.06981,260.8967,4.041,walk_east_mid.0,516.7972,1.0,0.06981,1.0,0.06981,Sidewalk
37.0,37.6038,3.5238,-0.0,1.0,-0.0,260.3967,3.9874,walk_east_mid.0,515.7085,1.0,-0.0,1.0,-0.0,Sidewalk
37.5,38.1035,3.5063,-0.03491,1.0,-0.06981,259.897,3.9532,walk_east_mid.0,514.5635,1.0,-0.06981,1.0,-0.06981,Sidewalk
38.0,38.6035,3.5063,-0.0,1.0,0.06981,259.397,3.9475,walk_east_mid.0,513.9558,1.0,0.06981,1.0,0.06981,Sidewalk
38.5,39.1035,3.5063,-0.0,1.0,-0.0,258.897,3.9463,walk_east_mid.0,512.7528,1.0,-0.0,1.0,-0.0,Sidewalk
39.0,39.6032,3.4889,-0.03491,1.0,-0.06981,258.3973,3.9287,walk_east_mid.0,511.5711,1.0,-0.06981,1.0,-0.06981,Sidewalk
39.5,40.1032,3.4889,-0.0,1.0,0.06981,257.8973,3.9059,walk_east_mid.0,511.0443,1.0,0.06981,1.0,0.06981,Sidewalk
40.0,40.6032,3.4889,-0.0,1.0,-0.0,257.3973,3.906,walk_east_mid.0,509.7984,1.0,-0.0,1.0,-0.0,Sidewalk
40.5,41.0829,3.4721,-0.03491,0.96,-0.06981,256.9177,3.9501,walk_east_mid.0,508.8172,0.96,-0.06981,0.96,-0.06981,Sidewalk
41.0,41.5829,3.4721,-0.0,1.0,0.06981,256.4177,3.96,walk_east_mid.0,507.9738,1.0,0.06981,1.0,0.06981,Sidewalk
41.5,42.0829,3.4721,-0.0,1.0,-0.0,255.9177,3.9718,walk_east_mid.0,506.7501,1.0,-0.0,1.0,-0.0,Sidewalk
42.0,42.5826,3.4896,0.03491,1.0,0.06981,255.4179,3.9524,walk_east_mid.0,506.0092,1.0,0.06981,1.0,0.06981,Sidewalk
42.5,43.0823,3.507,0.03491,1.0,-0.0,254.9182,3.9728,walk_east_mid.0,504.8236,1.0,-0.0,1.0,-0.0,Sidewalk
43.0,43.5823,3.507,-0.0,1.0,-0.06981,254.4182,3.9841,walk_east_mid.0,503.6072,1.0,-0.06981,1.0,-0.06981,Sidewalk
43.5,44.082,3.4896,-0.03491,1.0,-0.06981,253.9186,3.9706,walk_east_mid.0,502.5954,1.0,-0.06981,1.0,-0.06981,Sidewalk
44.0,44.582,3.4896,-0.0,1.0,0.06981,253.4186,4.0195,walk_east_mid.0,501.875,1.0,0.06981,1.0,0.06981,Sidewalk
44.5,45.082,3.4896,-0.0,1.0,-0.0,252.9186,4.0516,walk_east_mid.0,500.6737,1.0,-0.0,1.0,-0.0,Sidewalk
45.0,45.5617,3.4728,-0.03491,0.96,-0.06981,252.4389,4.0468,walk_east_mid.0,499.8234,0.96,-0.06981,0.96,-0.06981,Sidewalk
45.5,46.0617,3.4728,-0.0,1.0,0.06981,251.9389,4.0099,walk_east_mid.0,498.9311,1.0,0.06981,1.0,0.06981,Sidewalk
46.0,46.5617,3.4728,-0.0,1.0,-0.0,251.4389,4.0387,walk_east_mid.0,497.7226,1.0,-0.0,1.0,-0.0,Sidewalk
46.5,47.0614,3.4903,0.03491,1.0,0.06981,250.9392,4.0864,walk_east_mid.0,496.8443,1.0,0.06981,1.0,0.06981,Sidewalk
47.0,47.5611,3.5077,0.03491,1.0,-0.0,250.4394,4.0638,walk_east_mid.0,495.7512,1.0,-0.0,1.0,-0.0,Sidewalk
47.5,48.0611,3.5077,-0.0,1.0,-0.06981,249.9394,4.0966,walk_east_mid.0,494.5926,1.0,-0.06981,1.0,-0.06981,Sidewalk
48.0,48.5608,3.4903,-0.03491,1.0,-0.06981,249.4398,4.0497,walk_east_mid.0,493.6052,1.0,-0.06981,1.0,-0.06981,Sidewalk
48.5,49.0608,3.4903,-0.0,1.0,0.06981,248.9398,4.0377,walk_east_mid.0,492.8903,1.0,0.06981,1.0,0.06981,Sidewalk
49.0,49.5608,3.4903,-0.0,1.0,-0.0,248.4398,4.0261,walk_east_mid.0,491.7417,1.0,-0.0,1.0,-0.0,Sidewalk
49.5,50.0405,3.4735,-0.03491,0.96,-0.06981,247.9601,4.006,walk_east_mid.0,490.8809,0.96,-0.06981,0.96,-0.06981,Sidewalk
50.0,50.5405,3.4735,-0.0,1.0,0.06981,247.4601,4.037,walk_east_mid.0,489.9327,1.0,0.06981,1.0,0.06981,Sidewalk
50.5,51.0405,3.4735,-0.0,1.0,-0.0,246.9601,4.0866,walk_east_mid.0,488.7208,1.0,-0.0,1.0,-0.0,Sidewalk
51.0,51.5402,3.491,0.03491,1.0,0.06981,246.4604,4.0625,walk_east_mid.0,487.9174,1.0,0.06981,1.0,0.06981,Sidewalk
51.5,52.0399,3.5084,0.03491,1.0,-0.0,245.9606,4.0718,walk_east_mid.0,486.7849,1.0,-0.0,1.0,-0.0,Sidewalk
52.0,52.5399,3.5084,-0.0,1.0,-0.06981,245.4606,4.0368,walk_east_mid.0,485.6646,1.0,-0.06981,1.0,-0.06981,Sidewalk
52.5,53.0395,3.491,-0.03491,1.0,-0.06981,244.961,4.0137,walk_east_mid.0,484.6625,1.0,-0.06981,1.0,-0.06981,Sidewalk
53.0,53.5395,3.491,-0.0,1.0,0.06981,244.461,3.9947,walk_east_mid.0,483.9993,1.0,0.06981,1.0,0.06981,Sidewalk
53.5,54.0395,3.491,-0.0,1.0,-0.0,243.961,3.9807,walk_east_mid.0,482.8335,1.0,-0.0,1.0,-0.0,Sidewalk
54.0,54.5193,3.4742,-0.03491,0.96,-0.06981,243.4813,3.9779,walk_east_mid.0,481.9341,0.96,-0.06981,0.96,-0.06981,Sidewalk
54.5,55.0193,3.4742,-0.0,1.0,0.06981,242.9813,3.9368,walk_east_mid.0,481.146,1.0,0.06981,1.0,0.06981,Sidewalk
55.0,55.5193,3.4742,-0.0,1.0,-0.0,242.4813,3.9,walk_east_mid.0,479.9668,1.0,-0.0,1.0,-0.0,Sidewalk
55.5,55.979,3.4582,-0.03491,0.92,-0.06981,242.0216,3.9409,walk_east_mid.0,479.2484,0.92,-0.06981,0.92,-0.06981,Sidewalk
56.0,56.479,3.4582,-0.0,1.0,0.06981,241.5216,3.9021,walk_east_mid.0,478.3002,1.0,0.06981,1.0,0.06981,Sidewalk
56.5,56.979,3.4582,-0.0,1.0,-0.0,241.0216,3.8505,walk_east_mid.0,477.1077,1.0,-0.0,1.0,-0.0,Sidewalk
57.0,57.4762,3.5104,0.10472,1.0,0.20944,240.5243,3.8513,walk_east_mid.0,476.402,1.0,0.20944,1.0,0.20944,Sidewalk
57.5,57.9686,3.5973,0.17453,1.0,0.13963,240.0317,3.8047,walk_east_mid.0,475.305,1.0,0.13963,1.0,0.13963,Sidewalk
58.0,58.4577,3.7012,0.20944,1.0,0.06981,239.5425,3.7761,walk_east_mid.0,474.2528,1.0,0.06981,1.0,0.06981,Sidewalk
58.5,58.9528,3.7708,0.13963,1.0,-0.13963,239.0473,3.7544,walk_east_mid.0,473.2641,1.0,-0.13963,1.0,-0.13963,Sidewalk
59.0,59.4453,3.8576,0.17453,1.0,0.06981,238.5548,3.7917,walk_east_mid.0,472.1862,1.0,0.06981,1.0,0.06981,Sidewalk
59.5,59.9425,3.9099,0.10472,1.0,-0.13963,238.0575,3.8347,walk_east_mid.0,471.1958,1.0,-0.13963,1.0,-0.13963,Sidewalk
60.0,60.4376,3.9795,0.13963,1.0,0.06981,237.5624,3.892,walk_east_mid.0,470.0799,1.0,0.06981,1.0,0.06981,Sidewalk
60.5,60.9364,4.0143,0.06981,1.0,-0.13963,237.0636,3.8621,walk_east_mid.0,469.1841,1.0,-0.13963,1.0,-0.13963,Sidewalk
61.0,61.4337,4.0666,0.10472,1.0,0.06981,236.5663,3.8545,walk_east_mid.0,468.0915,1.0,0.06981,1.0,0.06981,Sidewalk
61.5,61.9334,4.0841,0.03491,1.0,-0.13963,236.0666,3.8152,walk_east_mid.0,467.2414,1.0,-0.13963,1.0,-0.13963,Sidewalk
62.0,62.4322,4.1189,0.06981,1.0,0.06981,235.5679,3.7621,walk_east_mid.0,466.189,1.0,0.06981,1.0,0.06981,Sidewalk
62.5,62.9322,4.1189,-0.0,1.0,-0.13963,235.0679,3.8074,walk_east_mid.0,465.2305,1.0,-0.13963,1.0,-0.13963,Sidewalk
63.0,63.4319,4.1364,0.03491,1.0,0.06981,234.5682,3.8397,walk_east_mid.0,464.1537,1.0,0.06981,1.0,0.06981,Sidewalk
63.5,63.9316,4.1189,-0.03491,1.0,-0.13963,234.0685,3.8241,walk_east_mid.0,463.1902,1.0,-0.13963,1.0,-0.13963,Sidewalk
64.0,64.4303,4.0841,-0.06981,1.0,-0.06981,233.5697,3.7985,walk_east_mid.0,462.2835,1.0,-0.06981,1.0,-0.06981,Sidewalk
64.5,64.9276,4.0318,-0.10472,1.0,-0.06981,233.0724,3.8247,walk_east_mid.0,461.1645,1.0,-0.06981,1.0,-0.06981,Sidewalk
65.0,65.4227,3.9622,-0.13963,1.0,-0.06981,232.5773,3.8684,walk_east_mid.0,460.0858,1.0,-0.06981,1.0,-0.06981,Sidewalk
65.5,65.9224,3.9448,-0.03491,1.0,0.20944,232.0776,3.8522,walk_east_mid.0,459.2262,1.0,0.20944,1.0,0.20944,Sidewalk
66.0,66.4221,3.9622,0.03491,1.0,0.13963,231.5779,3.8619,walk_east_mid.0,458.1604,1.0,0.13963,1.0,0.13963,Sidewalk
66.5,66.9209,3.9971,0.06981,1.0,0.06981,231.0791,3.9135,walk_east_mid.0,457.1304,1.0,0.06981,1.0,0.06981,Sidewalk
67.0,67.4209,3.9971,-0.0,1.0,-0.13963,230.5791,3.8751,walk_east_mid.0,456.1299,1.0,-0.13963,1.0,-0.13963,Sidewalk
67.5,67.9206,3.9796,-0.03491,1.0,-0.06981,230.0794,3.9252,walk_east_mid.0,455.1271,1.0,-0.06981,1.0,-0.06981,Sidewalk
68.0,68.4194,3.9448,-0.06981,1.0,-0.06981,229.5806,3.8927,walk_east_mid.0,454.1061,1.0,-0.06981,1.0,-0.06981,Sidewalk
68.5,68.9166,3.8925,-0.10472,1.0,-0.06981,229.0834,3.9035,walk_east_mid.0,453.0579,1.0,-0.06981,1.0,-0.06981,Sidewalk
69.0,69.4118,3.8229,-0.13963,1.0,-0.06981,228.5883,3.9552,walk_east_mid.0,452.0223,1.0,-0.06981,1.0,-0.06981,Sidewalk
69.5,69.909,3.7706,-0.10472,1.0,0.06981,228.0911,4.0003,walk_east_mid.0,451.1793,1.0,0.06981,1.0,0.06981,Sidewalk
70.0,70.4063,3.7184,-0.10472,1.0,-0.0,227.5939,3.9893,walk_east_mid.0,450.0286,1.0,-0.0,1.0,-0.0,Sidewalk
70.5,70.9051,3.6835,-0.06981,1.0,0.06981,227.0951,3.939,walk_east_mid.0,449.3139,1.0,0.06981,1.0,0.06981,Sidewalk
71.0,71.4039,3.6486,-0.06981,1.0,-0.0,226.5964,3.9195,walk_east_mid.0,448.1208,1.0,-0.0,1.0,-0.0,Sidewalk
71.5,71.9036,3.6661,0.03491,1.0,0.20944,226.0967,3.8988,walk_east_mid.0,447.3884,1.0,0.20944,1.0,0.20944,Sidewalk
72.0,72.4008,3.7183,0.10472,1.0,0.13963,225.5994,3.8416,walk_east_mid.0,446.3293,1.0,0.13963,1.0,0.13963,Sidewalk
72.5,72.896,3.7879,0.13963,1.0,0.06981,225.1041,3.8944,walk_east_mid.0,445.2552,1.0,0.06981,1.0,0.06981,Sidewalk
73.0,73.3947,3.8228,0.06981,1.0,-0.13963,224.6053,3.8862,walk_east_mid.0,444.1409,1.0,-0.13963,1.0,-0.13963,Sidewalk
73.5,73.892,3.8751,0.10472,1.0,0.06981,224.108,3.8713,walk_east_mid.0,443.2658,1.0,0.06981,1.0,0.06981,Sidewalk
74.0,74.3917,3.8925,0.03491,1.0,-0.13963,223.6083,3.8927,walk_east_mid.0,442.1474,1.0,-0.13963,1.0,-0.13963,Sidewalk
74.5,74.8917,3.8925,-0.0,1.0,-0.06981,223.1083,3.9238,walk_east_mid.0,441.1868,1.0,-0.06981,1.0,-0.06981,Sidewalk
75.0,75.3914,3.8751,-0.03491,1.0,-0.06981,222.6086,3.8914,walk_east_mid.0,440.1663,1.0,-0.06981,1.0,-0.06981,Sidewalk
75.5,75.8902,3.8402,-0.06981,1.0,-0.06981,222.1099,3.8542,walk_east_mid.0,439.1442,1.0,-0.06981,1.0,-0.06981,Sidewalk
76.0,76.3874,3.7879,-0.10472,1.0,-0.06981,221.6127,3.8565,walk_east_mid.0,438.105,1.0,-0.06981,1.0,-0.06981,Sidewalk
76.5,76.8874,3.7879,-0.0,1.0,0.20944,221.1127,3.8049,walk_east_mid.0,437.3966,1.0,0.20944,1.0,0.20944,Sidewalk
77.0,77.3862,3.8228,0.06981,1.0,0.13963,220.6139,3.7952,walk_east_mid.0,436.3392,1.0,0.13963,1.0,0.13963,Sidewalk
77.5,77.8835,3.8751,0.10472,1.0,0.06981,220.1166,3.8171,walk_east_mid.0,435.3462,1.0,0.06981,1.0,0.06981,Sidewalk
78.0,78.3832,3.8925,0.03491,1.0,-0.13963,219.6169,3.7124,walk_east_dn.1,434.199,1.0,-0.13963,1.0,-0.13963,Sidewalk
78.5,78.8832,3.8925,-0.0,1.0,-0.06981,219.1169,3.5995,walk_east_dn.1,433.3962,1.0,-0.06981,1.0,-0.06981,Sidewalk
79.0,79.3829,3.8751,-0.03491,1.0,-0.06981,218.6172,3.4684,walk_east_dn.1,432.2803,1.0,-0.06981,1.0,-0.06981,Sidewalk
79.5,79.8816,3.8402,-0.06981,1.0,-0.06981,218.1184,3.2997,walk_east_dn.1,431.1611,1.0,-0.06981,1.0,-0.06981,Sidewalk
80.0,80.3789,3.7879,-0.10472,1.0,-0.06981,217.6212,3.0955,walk_east_dn.1,430.1375,1.0,-0.06981,1.0,-0.06981,Sidewalk
80.5,80.8789,3.7879,-0.0,1.0,0.20944,217.1212,2.8698,walk_east_dn.1,429.4124,1.0,0.20944,1.0,0.20944,Sidewalk
81.0,81.3777,3.8228,0.06981,1.0,0.13963,216.6224,2.6837,walk_east_dn.1,428.3803,1.0,0.13963,1.0,0.13963,Sidewalk
81.5,81.875,3.8751,0.10472,1.0,0.06981,216.1251,2.5543,walk_east_dn.1,427.4163,1.0,0.06981,1.0,0.06981,Sidewalk
82.0,82.3746,3.8925,0.03491,1.0,-0.13963,215.6254,2.3719,walk_east_dn.1,426.2827,1.0,-0.13963,1.0,-0.13963,Sidewalk
82.5,82.8746,3.8925,-0.0,1.0,-0.06981,215.1254,2.2325,walk_east_dn.1,425.5178,1.0,-0.06981,1.0,-0.06981,Sidewalk
83.0,83.3743,3.8751,-0.03491,1.0,-0.06981,214.6257,2.0457,walk_east_dn.1,424.4238,1.0,-0.06981,1.0,-0.06981,Sidewalk
83.5,83.8731,3.8402,-0.06981,1.0,-0.06981,214.1269,1.8185,walk_east_dn.1,423.3143,1.0,-0.06981,1.0,-0.06981,Sidewalk
84.0,84.3704,3.7879,-0.10472,1.0,-0.06981,213.6297,1.6626,walk_east_dn.1,422.2404,1.0,-0.06981,1.0,-0.06981,Sidewalk
84.5,84.8704,3.7879,-0.0,1.0,0.20944,213.1297,1.4836,walk_east_dn.1,421.5217,1.0,0.20944,1.0,0.20944,Sidewalk
85.0,85.3692,3.8228,0.06981,1.0,0.13963,212.6309,1.2894,walk_east_dn.1,420.5154,1.0,0.13963,1.0,0.13963,Sidewalk
85.5,85.8664,3.8751,0.10472,1.0,0.06981,212.1336,1.1818,walk_east_dn.1,419.7516,1.0,0.06981,1.0,0.06981,Sidewalk
86.0,86.3661,3.8925,0.03491,1.0,-0.13963,211.6339,1.0591,walk_east_dn.1,418.4286,1.0,-0.13963,1.0,-0.13963,Sidewalk
86.5,86.8649,3.9274,0.06981,1.0,0.06981,211.1351,0.9299,walk_east_dn.1,417.6843,1.0,0.06981,1.0,0.06981,Sidewalk
87.0,87.3537,3.9616,0.06981,0.98,-0.0,210.6463,0.7897,walk_east_dn.1,417.1245,0.98,-0.0,0.98,-0.0,Sidewalk
87.5,87.851,4.0138,0.10472,1.0,0.06981,210.149,0.7318,walk_east_dn.1,416.2961,1.0,0.06981,1.0,0.06981,Sidewalk
88.0,88.3482,4.0661,0.10472,1.0,-0.0,209.6518,0.7283,walk_east_dn.1,415.1717,1.0,-0.0,1.0,-0.0,Sidewalk
88.5,88.8434,4.1357,0.13963,1.0,0.06981,209.1567,0.7959,walk_east_dn.1,414.0889,1.0,0.06981,1.0,0.06981,Sidewalk
89.0,89.3385,4.2053,0.13963,1.0,-0.0,208.6616,0.8908,walk_east_dn.1,412.6336,1.0,-0.0,1.0,-0.0,Sidewalk
89.5,89.8382,4.2227,0.03491,1.0,-0.20944,208.1619,0.9435,walk_east_dn.1,412.0898,1.0,-0.20944,1.0,-0.20944,Sidewalk
90.0,90.337,4.2576,0.06981,1.0,0.06981,207.6632,1.0511,walk_east_dn.1,410.5518,1.0,0.06981,1.0,0.06981,Sidewalk
90.5,90.837,4.2576,-0.0,1.0,-0.13963,207.1632,1.1702,walk_east_dn.1,409.9566,1.0,-0.13963,1.0,-0.13963,Sidewalk
91.0,91.3367,4.2751,0.03491,1.0,0.06981,206.6635,1.2702,walk_east_dn.1,408.4076,1.0,0.06981,1.0,0.06981,Sidewalk
91.5,91.8364,4.2925,0.03491,1.0,-0.0,206.1638,1.3769,walk_east_dn.1,407.3763,1.0,-0.0,1.0,-0.0,Sidewalk
92.0,92.3352,4.3274,0.06981,1.0,0.06981,205.6651,1.4837,walk_east_dn.1,406.3477,1.0,0.06981,1.0,0.06981,Sidewalk
92.5,92.8339,4.3623,0.06981,1.0,-0.0,205.1664,1.6364,walk_east_dn.1,405.2043,1.0,-0.0,1.0,-0.0,Sidewalk
93.0,93.3336,4.3797,0.03491,1.0,-0.06981,204.6667,1.7616,walk_east_dn.1,404.4086,1.0,-0.06981,1.0,-0.06981,Sidewalk
93.5,93.8336,4.3797,-0.0,1.0,-0.06981,204.1667,9.5223,walk_south.2,402.4682,1.0,-0.06981,1.0,-0.06981,Sidewalk
94.0,94.3333,4.3623,-0.03491,1.0,-0.06981,203.667,9.404,walk_south.2,401.4966,1.0,-0.06981,1.0,-0.06981,Sidewalk
94.5,94.8333,4.3623,-0.0,1.0,0.06981,203.167,9.31,walk_south.2,400.4963,1.0,0.06981,1.0,0.06981,Sidewalk
95.0,95.3333,4.3623,-0.0,1.0,-0.0,202.667,9.2215,walk_south.2,399.4178,1.0,-0.0,1.0,-0.0,Sidewalk
95.5,95.833,4.3448,-0.03491,1.0,-0.06981,202.1673,9.1307,walk_south.2,398.4986,1.0,-0.06981,1.0,-0.06981,Sidewalk
96.0,96.333,4.3448,-0.0,1.0,0.06981,201.6673,9.0648,walk_south.2,397.4966,1.0,0.06981,1.0,0.06981,Sidewalk
96.5,96.833,4.3448,-0.0,1.0,-0.0,201.1673,9.0326,walk_south.2,396.4183,1.0,-0.0,1.0,-0.0,Sidewalk
97.0,97.3327,4.3274,-0.03491,1.0,-0.06981,200.6675,8.979,walk_south.2,395.4998,1.0,-0.06981,1.0,-0.06981,Sidewalk
97.5,97.8327,4.3274,-0.0,1.0,0.06981,200.1675,8.954,walk_south.2,394.496,1.0,0.06981,1.0,0.06981,Sidewalk
98.0,98.3327,4.3274,-0.0,1.0,-0.0,199.6676,8.9395,walk_south.2,393.4182,1.0,-0.0,1.0,-0.0,Sidewalk
98.5,98.8324,4.3099,-0.03491,1.0,-0.06981,199.1678,8.9109,walk_south.2,392.5006,1.0,-0.06981,1.0,-0.06981,Sidewalk
99.0,99.3324,4.3099,-0.0,1.0,0.06981,198.6678,8.9124,walk_south.2,391.495,1.0,0.06981,1.0,0.06981,Sidewalk
99.5,99.8324,4.3099,-0.0,1.0,-0.0,198.1678,8.9284,walk_south.2,390.4177,1.0,-0.0,1.0,-0.0,Sidewalk
100.0,100.3321,4.2925,-0.03491,1.0,-0.06981,197.6681,8.9301,walk_south.2,389.5026,1.0,-0.06981,1.0,-0.06981,Sidewalk
100.5,100.8321,4.2925,-0.0,1.0,0.06981,197.1681,8.9579,walk_south.2,388.4935,1.0,0.06981,1.0,0.06981,Sidewalk
101.0,101.3321,4.2925,-0.0,1.0,-0.0,196.6681,9.0047,walk_south.2,387.4171,1.0,-0.0,1.0,-0.0,Sidewalk
101.5,101.8318,4.275,-0.03491,1.0,-0.06981,196.1684,9.0374,walk_south.2,386.5045,1.0,-0.06981,1.0,-0.06981,Sidewalk
102.0,102.3318,4.275,-0.0,1.0,0.06981,195.6684,9.0812,walk_south.2,385.4918,1.0,0.06981,1.0,0.06981,Sidewalk
102.5,102.8318,4.275,-0.0,1.0,-0.0,195.1684,9.1292,walk_south.2,384.4166,1.0,-0.0,1.0,-0.0,Sidewalk
103.0,103.3315,4.2576,-0.03491,1.0,-0.06981,194.6687,9.1815,walk_south.2,383.5057,1.0,-0.06981,1.0,-0.06981,Sidewalk
103.5,103.8315,4.2576,-0.0,1.0,0.06981,194.1687,9.259,walk_south.2,382.4901,1.0,0.06981,1.0,0.06981,Sidewalk
104.0,104.3315,4.2576,-0.0,1.0,-0.0,193.6687,9.3267,walk_south.2,381.4162,1.0,-0.0,1.0,-0.0,Sidewalk
104.5,104.8312,4.2401,-0.03491,1.0,-0.06981,193.169,9.4179,walk_south.2,380.5064,1.0,-0.06981,1.0,-0.06981,Sidewalk
105.0,105.3312,4.2401,-0.0,1.0,0.06981,192.669,9.5366,walk_south.2,379.4881,1.0,0.06981,1.0,0.06981,Sidewalk
105.5,105.8312,4.2401,-0.0,1.0,-0.0,192.169,9.6537,walk_south.2,378.4156,1.0,-0.0,1.0,-0.0,Sidewalk
106.0,106.3309,4.2227,-0.03491,1.0,-0.06981,191.6692,9.7401,walk_south.2,377.5063,1.0,-0.06981,1.0,-0.06981,Sidewalk
106.5,106.8309,4.2227,-0.0,1.0,0.06981,191.1692,inf,,376.4185,1.0,0.06981,1.0,0.06981,Sidewalk
107.0,107.3309,4.2227,-0.0,1.0,-0.0,190.6692,inf,,375.3444,1.0,-0.0,1.0,-0.0,Sidewalk
107.5,107.8306,4.2052,-0.03491,1.0,-0.06981,190.1695,inf,,374.4322,1.0,-0.06981,1.0,-0.06981,Sidewalk
108.0,108.3306,4.2052,-0.0,1.0,0.06981,189.6695,inf,,373.4176,1.0,0.06981,1.0,0.06981,Sidewalk
108.5,108.8306,4.2052,-0.0,1.0,-0.0,189.1695,inf,,372.3441,1.0,-0.0,1.0,-0.0,Sidewalk
109.0,109.3303,4.1878,-0.03491,1.0,-0.06981,188.6698,inf,,371.4329,1.0,-0.06981,1.0,-0.06981,Sidewalk
109.5,109.8303,4.1878,-0.0,1.0,0.06981,188.1698,inf,,370.4167,1.0,0.06981,1.0,0.06981,Sidewalk
110.0,110.3303,4.1878,-0.0,1.0,-0.0,187.6698,inf,,369.3439,1.0,-0.0,1.0,-0.0,Sidewalk
110.5,110.83,4.1703,-0.03491,1.0,-0.06981,187.1701,inf,,368.4336,1.0,-0.06981,1.0,-0.06981,Sidewalk
111.0,111.33,4.1703,-0.0,1.0,0.06981,186.6701,9.0477,stand_2,367.5202,1.0,0.06981,1.0,0.06981,Sidewalk
111.5,111.83,4.1703,-0.0,1.0,-0.0,186.1701,8.5499,stand_2,366.4597,1.0,-0.0,1.0,-0.0,Sidewalk
112.0,112.3297,4.1529,-0.03491,1.0,-0.06981,185.6704,8.051,stand_2,365.563,1.0,-0.06981,1.0,-0.06981,Sidewalk
112.5,112.8297,4.1529,-0.0,1.0,0.06981,185.1704,7.5537,stand_2,364.5551,1.0,0.06981,1.0,0.06981,Sidewalk
113.0,113.3297,4.1529,-0.0,1.0,-0.0,184.6704,7.0567,stand_2,363.5062,1.0,-0.0,1.0,-0.0,Sidewalk
113.5,113.8294,4.1354,-0.03491,1.0,-0.06981,184.1707,6.5584,stand_2,362.6247,1.0,-0.06981,1.0,-0.06981,Sidewalk
114.0,114.3294,4.1354,-0.0,1.0,0.06981,183.6707,6.0624,stand_2,361.625,1.0,0.06981,1.0,0.06981,Sidewalk
114.5,114.8294,4.1354,-0.0,1.0,-0.0,183.1707,5.567,stand_2,360.6124,1.0,-0.0,1.0,-0.0,Sidewalk
115.0,115.3291,4.1529,0.03491,1.0,0.06981,182.671,5.0756,stand_2,359.7486,1.0,0.06981,1.0,0.06981,Sidewalk
115.5,115.8288,4.1703,0.03491,1.0,-0.0,182.1713,4.5861,stand_2,358.7887,1.0,-0.0,1.0,-0.0,Sidewalk
116.0,116.3275,4.2052,0.06981,1.0,0.06981,181.6726,4.1036,stand_2,357.9351,1.0,0.06981,1.0,0.06981,Sidewalk
116.5,116.8263,4.2401,0.06981,1.0,-0.0,181.1738,3.6259,stand_2,357.1087,1.0,-0.0,1.0,-0.0,Sidewalk
117.0,117.3236,4.2923,0.10472,1.0,0.06981,180.6767,3.1617,stand_2,356.086,1.0,0.06981,1.0,0.06981,Sidewalk
117.5,117.8208,4.3446,0.10472,1.0,-0.0,180.1795,2.7102,stand_2,355.1217,1.0,-0.0,1.0,-0.0,Sidewalk
118.0,118.3196,4.3795,0.06981,1.0,-0.06981,179.6808,2.2698,stand_2,354.4004,1.0,-0.06981,1.0,-0.06981,Sidewalk
118.5,118.8193,4.3969,0.03491,1.0,-0.06981,179.1811,1.8491,stand_2,353.4133,1.0,-0.06981,1.0,-0.06981,Sidewalk
119.0,119.3193,4.3969,-0.0,1.0,-0.06981,178.6811,1.4657,stand_2,352.4324,1.0,-0.06981,1.0,-0.06981,Sidewalk
119.5,119.819,4.4144,0.03491,1.0,0.06981,178.1815,1.1895,stand_2,351.3551,1.0,0.06981,1.0,0.06981,Sidewalk
120.0,120.3187,4.4318,0.03491,1.0,-0.0,177.6818,1.087,stand_2,350.2695,1.0,-0.0,1.0,-0.0,Sidewalk
120.5,120.8187,4.4318,-0.0,1.0,-0.06981,177.1818,1.1876,stand_2,349.1975,1.0,-0.06981,1.0,-0.06981,Sidewalk
121.0,121.3184,4.4144,-0.03491,1.0,-0.06981,176.6821,1.4494,stand_2,348.0339,1.0,-0.06981,1.0,-0.06981,Sidewalk
121.5,121.8172,4.3795,-0.06981,1.0,-0.06981,176.1832,1.8034,stand_2,347.0933,1.0,-0.06981,1.0,-0.06981,Sidewalk
122.0,122.3145,4.3272,-0.10472,1.0,-0.06981,175.6859,2.2053,stand_2,346.291,1.0,-0.06981,1.0,-0.06981,Sidewalk
122.5,122.8096,4.2577,-0.13963,1.0,-0.06981,175.1906,2.6328,stand_2,345.3549,1.0,-0.06981,1.0,-0.06981,Sidewalk
123.0,123.302,4.1708,-0.17453,1.0,-0.06981,174.6981,2.6092,stand_4,344.4364,1.0,-0.06981,1.0,-0.06981,Sidewalk
123.5,123.7911,4.0669,-0.20944,1.0,-0.06981,174.209,2.1593,stand_4,343.5384,1.0,-0.06981,1.0,-0.06981,Sidewalk
124.0,124.2835,3.98,-0.17453,1.0,0.06981,173.7165,1.727,stand_4,342.7484,1.0,0.06981,1.0,0.06981,Sidewalk
124.5,124.7759,3.8932,-0.17453,1.0,-0.0,173.2242,1.3425,stand_4,341.6132,1.0,-0.0,1.0,-0.0,Sidewalk
125.0,125.271,3.8236,-0.13963,1.0,0.06981,172.7291,1.0435,stand_4,340.6407,1.0,0.06981,1.0,0.06981,Sidewalk
125.5,125.7661,3.754,-0.13963,1.0,-0.0,172.234,0.9357,stand_4,339.6759,1.0,-0.0,1.0,-0.0,Sidewalk
126.0,126.2634,3.7018,-0.10472,1.0,0.06981,171.7369,1.0628,stand_4,338.4081,1.0,0.06981,1.0,0.06981,Sidewalk
126.5,126.7607,3.6495,-0.10472,1.0,-0.0,171.2397,1.3724,stand_4,337.1634,1.0,-0.0,1.0,-0.0,Sidewalk
127.0,127.2607,3.6495,-0.0,1.0,0.20944,170.7397,1.7419,stand_4,336.693,1.0,0.20944,1.0,0.20944,Sidewalk
127.5,127.7594,3.6844,0.06981,1.0,0.13963,170.2408,2.1469,stand_4,336.4834,1.0,0.13963,1.0,0.13963,Sidewalk
128.0,128.1534,3.7539,0.17453,0.8,0.20944,169.8468,2.4752,stand_4,336.4725,0.8,0.20944,0.8,0.20944,Sidewalk
128.5,128.5415,3.8506,0.24435,0.8,0.13963,169.4586,2.5437,stand_3,335.8279,0.8,0.13963,0.8,0.13963,Sidewalk
129.0,128.9548,3.9692,0.27925,0.86,0.06981,169.0452,2.1256,stand_3,335.101,0.86,0.06981,0.86,0.06981,Sidewalk
129.5,129.397,4.0959,0.27925,0.92,-0.0,168.603,1.6849,stand_3,335.267,0.92,-0.0,0.92,-0.0,Sidewalk
130.0,129.6918,4.1917,0.31416,0.62,0.06981,168.3083,1.3993,stand_3,335.4986,0.62,0.06981,0.62,0.06981,Sidewalk
130.5,130.0342,4.303,0.31416,0.72,-0.0,167.9661,1.0846,stand_3,334.754,0.72,-0.0,0.72,-0.0,Sidewalk
131.0,130.5148,4.4408,0.27925,1.0,-0.06981,167.4857,0.7075,stand_3,333.0627,1.0,-0.06981,1.0,-0.06981,Sidewalk
131.5,131.0,4.5618,0.24435,1.0,-0.06981,167.001,0.5526,stand_3,332.0749,1.0,-0.06981,1.0,-0.06981,Sidewalk
132.0,131.4891,4.6657,0.20944,1.0,-0.06981,166.5123,0.7687,stand_3,328.7792,1.0,-0.06981,1.0,-0.06981,Sidewalk
132.5,131.9815,4.7525,0.17453,1.0,-0.06981,166.0202,1.1648,stand_3,326.9433,1.0,-0.06981,1.0,-0.06981,Sidewalk
133.0,132.4766,4.8221,0.13963,1.0,-0.06981,165.5254,1.6131,stand_3,325.6948,1.0,-0.06981,1.0,-0.06981,Sidewalk
133.5,132.9739,4.8744,0.10472,1.0,-0.06981,165.0285,2.0798,stand_3,324.6997,1.0,-0.06981,1.0,-0.06981,Sidewalk
134.0,133.4726,4.9093,0.06981,1.0,-0.06981,164.5299,2.5544,stand_3,323.7054,1.0,-0.06981,1.0,-0.06981,Sidewalk
134.5,133.9723,4.9267,0.03491,1.0,-0.06981,164.0303,2.227,stand_12,322.7132,1.0,-0.06981,1.0,-0.06981,Sidewalk
135.0,134.4723,4.9267,-0.0,1.0,-0.06981,163.5303,1.9083,stand_12,321.725,1.0,-0.06981,1.0,-0.06981,Sidewalk
135.5,134.972,4.9093,-0.03491,1.0,-0.06981,163.0305,1.6642,stand_12,320.7426,1.0,-0.06981,1.0,-0.06981,Sidewalk
136.0,135.4708,4.8744,-0.06981,1.0,-0.06981,162.5315,1.531,stand_12,319.7681,1.0,-0.06981,1.0,-0.06981,Sidewalk
136.5,135.9681,4.8221,-0.10472,1.0,-0.06981,162.034,1.5379,stand_12,318.8006,1.0,-0.06981,1.0,-0.06981,Sidewalk
137.0,136.4669,4.7873,-0.06981,1.0,0.06981,161.5351,1.7144,stand_12,317.6344,1.0,0.06981,1.0,0.06981,Sidewalk
137.5,136.9656,4.7524,-0.06981,1.0,-0.0,161.0361,2.0033,stand_12,316.5104,1.0,-0.0,1.0,-0.0,Sidewalk
138.0,137.4629,4.7001,-0.10472,1.0,-0.06981,160.5386,2.3524,stand_12,315.5777,1.0,-0.06981,1.0,-0.06981,Sidewalk
138.5,137.9617,4.6652,-0.06981,1.0,0.06981,160.0397,2.7582,stand_12,314.5511,1.0,0.06981,1.0,0.06981,Sidewalk
139.0,138.4605,4.6304,-0.06981,1.0,-0.0,159.5408,3.1908,stand_12,313.767,1.0,-0.0,1.0,-0.0,Sidewalk
139.5,138.9602,4.6129,-0.03491,1.0,0.06981,159.041,3.6476,stand_12,312.9681,1.0,0.06981,1.0,0.06981,Sidewalk
140.0,139.3899,4.5979,-0.03491,0.86,-0.0,158.6112,3.3906,stand_9,313.3687,0.86,-0.0,0.86,-0.0,Sidewalk
140.5,139.8899,4.5979,-0.0,1.0,0.06981,158.1112,2.8993,stand_9,311.5164,1.0,0.06981,1.0,0.06981,Sidewalk
141.0,140.3899,4.5979,-0.0,1.0,-0.0,157.6112,2.4116,stand_9,312.2003,1.0,-0.0,1.0,-0.0,Sidewalk
141.5,140.7797,4.6115,0.03491,0.78,0.06981,157.2215,2.0395,stand_9,311.324,0.78,0.06981,0.78,0.06981,Sidewalk
142.0,141.2794,4.629,0.03491,1.0,-0.0,156.7219,1.5752,stand_9,309.7425,1.0,-0.0,1.0,-0.0,Sidewalk
142.5,141.7794,4.629,-0.0,1.0,-0.06981,156.2219,1.1317,stand_9,310.1993,1.0,-0.06981,1.0,-0.06981,Sidewalk
143.0,142.2791,4.6115,-0.03491,1.0,-0.06981,155.7221,0.7478,stand_9,309.2223,1.0,-0.06981,1.0,-0.06981,Sidewalk
143.5,142.7791,4.6115,-0.0,1.0,0.06981,155.2221,0.5985,stand_9,307.6009,1.0,0.06981,1.0,0.06981,Sidewalk
144.0,143.2791,4.6115,-0.0,1.0,-0.0,154.7222,0.8107,stand_9,304.95,1.0,-0.0,1.0,-0.0,Sidewalk
144.5,143.7788,4.5941,-0.03491,1.0,-0.06981,154.2224,1.198,stand_9,303.9884,1.0,-0.06981,1.0,-0.06981,Sidewalk
145.0,144.2775,4.5592,-0.06981,1.0,-0.06981,153.7235,1.6404,stand_9,303.2537,1.0,-0.06981,1.0,-0.06981,Sidewalk
145.5,144.7748,4.5069,-0.10472,1.0,-0.06981,153.226,2.0717,stand_5,302.2979,1.0,-0.06981,1.0,-0.06981,Sidewalk
146.0,145.2699,4.4373,-0.13963,1.0,-0.06981,152.7307,1.6376,stand_5,301.3563,1.0,-0.06981,1.0,-0.06981,Sidewalk
146.5,145.7623,4.3505,-0.17453,1.0,-0.06981,152.2381,1.2412,stand_5,300.4317,1.0,-0.06981,1.0,-0.06981,Sidewalk
147.0,146.2514,4.2466,-0.20944,1.0,-0.06981,151.7488,0.9326,stand_5,299.5268,1.0,-0.06981,1.0,-0.06981,Sidewalk
147.5,146.7366,4.1256,-0.24435,1.0,-0.06981,151.2635,0.8186,stand_5,298.6449,1.0,-0.06981,1.0,-0.06981,Sidewalk
148.0,147.2256,4.0216,-0.20944,1.0,0.06981,150.7744,0.7257,stand_6,297.4339,1.0,0.06981,1.0,0.06981,Sidewalk
148.5,147.7147,3.9177,-0.20944,1.0,-0.0,150.2853,0.7916,stand_6,296.2609,1.0,-0.0,1.0,-0.0,Sidewalk
149.0,148.2071,3.8309,-0.17453,1.0,0.06981,149.793,1.0962,stand_6,294.4834,1.0,0.06981,1.0,0.06981,Sidewalk
149.5,148.7044,3.7786,-0.10472,1.0,0.13963,149.2958,1.4914,stand_6,293.2569,1.0,0.13963,1.0,0.13963,Sidewalk
150.0,149.2032,3.7437,-0.06981,1.0,0.06981,148.7971,1.9285,stand_6,292.0171,1.0,0.06981,1.0,0.06981,Sidewalk
150.5,149.7019,3.7088,-0.06981,1.0,-0.0,148.2984,2.3903,stand_6,290.9751,1.0,-0.0,1.0,-0.0,Sidewalk
151.0,150.2016,3.6914,-0.03491,1.0,0.06981,147.7987,2.8598,stand_6,290.1442,1.0,0.06981,1.0,0.06981,Sidewalk
151.5,150.7013,3.6739,-0.03491,1.0,-0.0,147.299,3.3381,stand_6,289.4,1.0,-0.0,1.0,-0.0,Sidewalk
152.0,151.2001,3.6391,-0.06981,1.0,-0.06981,146.8003,3.5996,stand_13,288.5874,1.0,-0.06981,1.0,-0.06981,Sidewalk
152.5,151.6998,3.6565,0.03491,1.0,0.20944,146.3006,3.101,stand_13,288.4731,1.0,0.20944,1.0,0.20944,Sidewalk
153.0,152.0696,3.6436,-0.03491,0.74,-0.13963,145.9309,2.7358,stand_13,288.6515,0.74,-0.13963,0.74,-0.13963,Sidewalk
153.5,152.4686,3.6157,-0.06981,0.8,-0.06981,145.5319,2.3456,stand_13,288.0267,0.8,-0.06981,0.8,-0.06981,Sidewalk
154.0,152.8067,3.5801,-0.10472,0.68,-0.06981,145.1939,2.0206,stand_13,288.0361,0.68,-0.06981,0.68,-0.06981,Sidewalk
154.5,153.0939,3.5398,-0.13963,0.58,-0.06981,144.9068,1.7518,stand_13,288.0609,0.58,-0.06981,0.58,-0.06981,Sidewalk
155.0,153.3401,3.4964,-0.17453,0.5,-0.06981,144.6608,1.5304,stand_13,288.0896,0.5,-0.06981,0.5,-0.06981,Sidewalk
155.5,153.5553,3.4506,-0.20944,0.44,-0.06981,144.4457,1.3485,stand_13,288.1144,0.44,-0.06981,0.44,-0.06981,Sidewalk
156.0,153.73,3.4071,-0.24435,0.36,-0.06981,144.2713,1.2133,stand_13,288.1512,0.36,-0.06981,0.36,-0.06981,Sidewalk
156.5,153.8645,3.3685,-0.27925,0.28,-0.06981,144.1368,1.1207,stand_13,288.3705,0.28,-0.06981,0.28,-0.06981,Sidewalk
157.0,153.9787,3.3314,-0.31416,0.24,-0.06981,144.0229,1.0533,stand_13,288.3945,0.24,-0.06981,0.24,-0.06981,Sidewalk
157.5,154.094,3.2983,-0.27925,0.24,0.06981,143.9077,0.9921,stand_13,288.3863,0.24,0.06981,0.24,0.06981,Sidewalk
158.0,154.1901,3.2708,-0.27925,0.2,-0.0,143.8117,0.9496,stand_13,288.3164,0.2,-0.0,0.2,-0.0,Sidewalk
158.5,154.2662,3.2461,-0.31416,0.16,-0.06981,143.7357,0.9248,stand_13,288.3947,0.16,-0.06981,0.16,-0.06981,Sidewalk
159.0,154.332,3.2221,-0.34907,0.14,-0.06981,143.6701,0.9107,stand_13,288.3977,0.14,-0.06981,0.14,-0.06981,Sidewalk
159.5,154.3891,3.2036,-0.31416,0.12,0.06981,143.6131,0.9007,stand_13,288.3912,0.12,0.06981,0.12,0.06981,Sidewalk
160.0,154.4461,3.185,-0.31416,0.12,-0.0,143.5562,0.8946,stand_13,288.365,0.12,-0.0,0.12,-0.0,Sidewalk
160.5,154.4931,3.1679,-0.34907,0.1,-0.06981,143.5093,0.8943,stand_13,288.3426,0.1,-0.06981,0.1,-0.06981,Sidewalk
161.0,154.5302,3.1529,-0.38397,0.08,-0.06981,143.4723,0.8975,stand_13,288.3884,0.08,-0.06981,0.08,-0.06981,Sidewalk
161.5,154.5584,3.1427,-0.34907,0.06,0.06981,143.4442,0.9,stand_13,288.4015,0.06,0.06981,0.06,0.06981,Sidewalk
162.0,154.5866,3.1324,-0.34907,0.06,-0.0,143.416,0.9035,stand_13,288.3858,0.06,-0.0,0.06,-0.0,Sidewalk
162.5,154.6144,3.1212,-0.38397,0.06,-0.06981,143.3883,0.909,stand_13,288.3721,0.06,-0.06981,0.06,-0.06981,Sidewalk
163.0,154.6327,3.1131,-0.41888,0.04,-0.06981,143.3701,0.9139,stand_13,288.3872,0.04,-0.06981,0.04,-0.06981,Sidewalk
163.5,154.6507,3.1043,-0.45379,0.04,-0.06981,143.3521,0.9199,stand_13,288.3834,0.04,-0.06981,0.04,-0.06981,Sidewalk
164.0,154.6683,3.0949,-0.48869,0.04,-0.06981,143.3345,0.9269,stand_13,288.3794,0.04,-0.06981,0.04,-0.06981,Sidewalk
164.5,154.677,3.0899,-0.5236,0.02,-0.06981,143.3259,0.9308,stand_13,288.4021,0.02,-0.06981,0.02,-0.06981,Sidewalk
165.0,154.6854,3.0846,-0.55851,0.02,-0.06981,143.3175,0.9352,stand_13,288.3994,0.02,-0.06981,0.02,-0.06981,Sidewalk
165.5,154.6937,3.079,-0.59341,0.02,-0.06981,143.3092,0.94,stand_13,288.3965,0.02,-0.06981,0.02,-0.06981,Sidewalk
166.0,154.7018,3.0731,-0.62832,0.02,-0.06981,143.3012,0.9384,stand_1,288.3934,0.02,-0.06981,0.02,-0.06981,Sidewalk
166.5,154.7097,3.067,-0.66323,0.02,-0.06981,143.2933,0.9327,stand_1,288.39,0.02,-0.06981,0.02,-0.06981,Sidewalk
167.0,154.7178,3.0611,-0.62832,0.02,0.06981,143.2853,0.9268,stand_1,288.4014,0.02,0.06981,0.02,0.06981,Sidewalk
167.5,154.7178,3.0611,-0.62832,0.0,-0.0,143.2853,0.9268,stand_1,288.4154,0.0,-0.0,0.0,-0.0,Sidewalk
168.0,154.7261,3.0555,-0.59341,0.02,0.06981,143.277,0.9206,stand_1,288.4028,0.02,0.06981,0.02,0.06981,Sidewalk
168.5,154.7261,3.0555,-0.59341,0.0,-0.0,143.277,0.9206,stand_1,288.4136,0.0,-0.0,0.0,-0.0,Sidewalk
169.0,154.7346,3.0502,-0.55851,0.02,0.06981,143.2686,0.9143,stand_1,288.405,0.02,0.06981,0.02,0.06981,Sidewalk
169.5,154.7346,3.0502,-0.55851,0.0,-0.0,143.2686,0.9143,stand_1,288.4121,0.0,-0.0,0.0,-0.0,Sidewalk
170.0,154.7432,3.0452,-0.5236,0.02,0.06981,143.26,0.9077,stand_1,288.408,0.02,0.06981,0.02,0.06981,Sidewalk
170.5,154.7432,3.0452,-0.5236,0.0,-0.0,143.26,0.9077,stand_1,288.4111,0.0,-0.0,0.0,-0.0,Sidewalk
171.0,154.7432,3.0452,-0.55851,0.0,-0.06981,143.26,0.9077,stand_1,288.4167,0.0,-0.06981,0.0,-0.06981,Sidewalk
171.5,154.7432,3.0452,-0.59341,0.0,-0.06981,143.26,0.9077,stand_1,288.4167,0.0,-0.06981,0.0,-0.06981,Sidewalk
172.0,154.7432,3.0452,-0.62832,0.0,-0.06981,143.26,0.9077,stand_1,288.4167,0.0,-0.06981,0.0,-0.06981,Sidewalk
172.5,154.7432,3.0452,-0.66323,0.0,-0.06981,143.26,0.9077,stand_1,288.4167,0.0,-0.06981,0.0,-0.06981,Sidewalk
173.0,154.7432,3.0452,-0.69813,0.0,-0.06981,143.26,0.9077,stand_1,288.4167,0.0,-0.06981,0.0,-0.06981,Sidewalk
173.5,154.7432,3.0452,-0.73304,0.0,-0.06981,143.26,0.9077,stand_1,288.4167,0.0,-0.06981,0.0,-0.06981,Sidewalk
174.0,154.7432,3.0452,-0.76794,0.0,-0.06981,143.26,0.9077,stand_1,288.4167,0.0,-0.06981,0.0,-0.06981,Sidewalk
174.5,154.7432,3.0452,-0.80285,0.0,-0.06981,143.26,0.9077,stand_1,288.4167,0.0,-0.06981,0.0,-0.06981,Sidewalk
175.0,154.7432,3.0452,-0.83776,0.0,-0.06981,143.26,0.9077,stand_1,288.4167,0.0,-0.06981,0.0,-0.06981,Sidewalk
175.5,154.7432,3.0452,-0.87266,0.0,-0.06981,143.26,0.9077,stand_1,288.4167,0.0,-0.06981,0.0,-0.06981,Sidewalk
176.0,154.7432,3.0452,-0.90757,0.0,-0.06981,143.26,0.9077,stand_1,288.4167,0.0,-0.06981,0.0,-0.06981,Sidewalk
176.5,154.7432,3.0452,-0.94248,0.0,-0.06981,143.26,0.9077,stand_1,288.4167,0.0,-0.06981,0.0,-0.06981,Sidewalk
177.0,154.7432,3.0452,-0.97738,0.0,-0.06981,143.26,0.9077,stand_1,288.4167,0.0,-0.06981,0.0,-0.06981,Sidewalk
177.5,154.7432,3.0452,-1.01229,0.0,-0.06981,143.26,0.9077,stand_1,288.4167,0.0,-0.06981,0.0,-0.06981,Sidewalk
178.0,154.7432,3.0452,-1.0472,0.0,-0.06981,143.26,0.9077,stand_1,288.4167,0.0,-0.06981,0.0,-0.06981,Sidewalk
178.5,154.7432,3.0452,-1.0821,0.0,-0.06981,143.26,0.9077,stand_1,288.4167,0.0,-0.06981,0.0,-0.06981,Sidewalk
179.0,154.7432,3.0452,-1.11701,0.0,-0.06981,143.26,0.9077,stand_1,288.4167,0.0,-0.06981,0.0,-0.06981,Sidewalk
179.5,154.7432,3.0452,-1.15192,0.0,-0.06981,143.26,0.9077,stand_1,288.4167,0.0,-0.06981,0.0,-0.06981,Sidewalk
180.0,154.7432,3.0452,-1.18682,0.0,-0.06981,143.26,0.9077,stand_1,288.4167,0.0,-0.06981,0.0,-0.06981,Sidewalk
180.5,154.7432,3.0452,-1.22173,0.0,-0.06981,143.26,0.9077,stand_1,288.4167,0.0,-0.06981,0.0,-0.06981,Sidewalk
181.0,154.7432,3.0452,-1.25664,0.0,-0.06981,143.26,0.9077,stand_1,288.4167,0.0,-0.06981,0.0,-0.06981,Sidewalk
181.5,154.7432,3.0452,-1.29154,0.0,-0.06981,143.26,0.9077,stand_1,288.4167,0.0,-0.06981,0.0,-0.06981,Sidewalk
182.0,154.7432,3.0452,-1.32645,0.0,-0.06981,143.26,0.9077,stand_1,288.4167,0.0,-0.06981,0.0,-0.06981,Sidewalk
182.5,154.7432,3.0452,-1.36136,0.0,-0.06981,143.26,0.9077,stand_1,288.4167,0.0,-0.06981,0.0,-0.06981,Sidewalk
183.0,154.7432,3.0452,-1.39626,0.0,-0.06981,143.26,0.9077,stand_1,288.4167,0.0,-0.06981,0.0,-0.06981,Sidewalk
183.5,154.7432,3.0452,-1.43117,0.0,-0.06981,143.26,0.9077,stand_1,288.4167,0.0,-0.06981,0.0,-0.06981,Sidewalk
184.0,154.7432,3.0452,-1.46608,0.0,-0.06981,143.26,0.9077,stand_1,288.4167,0.0,-0.06981,0.0,-0.06981,Sidewalk
184.5,154.7432,3.0452,-1.50098,0.0,-0.06981,143.26,0.9077,stand_1,288.4167,0.0,-0.06981,0.0,-0.06981,Sidewalk
185.0,154.7432,3.0452,-1.53589,0.0,-0.06981,143.26,0.9077,stand_1,288.4167,0.0,-0.06981,0.0,-0.06981,Sidewalk
185.5,154.7432,3.0452,-1.5708,0.0,-0.06981,143.26,0.9077,stand_1,288.4167,0.0,-0.06981,0.0,-0.06981,Sidewalk
186.0,154.7432,3.0452,-1.6057,0.0,-0.06981,143.26,0.9077,stand_1,288.4167,0.0,-0.06981,0.0,-0.06981,Sidewalk
186.5,154.7432,3.0452,-1.64061,0.0,-0.06981,143.26,0.9077,stand_1,288.4167,0.0,-0.06981,0.0,-0.06981,Sidewalk
187.0,154.7432,3.0452,-1.67552,0.0,-0.06981,143.26,0.9077,stand_1,288.4167,0.0,-0.06981,0.0,-0.06981,Sidewalk
187.5,154.7432,3.0452,-1.71042,0.0,-0.06981,143.26,0.9077,stand_1,288.4167,0.0,-0.06981,0.0,-0.06981,Sidewalk
188.0,154.7432,3.0452,-1.74533,0.0,-0.06981,143.26,0.9077,stand_1,288.4167,0.0,-0.06981,0.0,-0.06981,Sidewalk
188.5,154.7432,3.0452,-1.78024,0.0,-0.06981,143.26,0.9077,stand_1,288.4167,0.0,-0.06981,0.0,-0.06981,Sidewalk
189.0,154.7432,3.0452,-1.81514,0.0,-0.06981,143.26,0.9077,stand_1,288.4167,0.0,-0.06981,0.0,-0.06981,Sidewalk
189.5,154.7432,3.0452,-1.85005,0.0,-0.06981,143.26,0.9077,stand_1,288.4167,0.0,-0.06981,0.0,-0.06981,Sidewalk
190.0,154.7432,3.0452,-1.88496,0.0,-0.06981,143.26,0.9077,stand_1,288.4167,0.0,-0.06981,0.0,-0.06981,Sidewalk
190.5,154.7432,3.0452,-1.91986,0.0,-0.06981,143.26,0.9077,stand_1,288.4167,0.0,-0.06981,0.0,-0.06981,Sidewalk
191.0,154.7432,3.0452,-1.95477,0.0,-0.06981,143.26,0.9077,stand_1,288.4167,0.0,-0.06981,0.0,-0.06981,Sidewalk
191.5,154.7432,3.0452,-1.98968,0.0,-0.06981,143.26,0.9077,stand_1,288.4167,0.0,-0.06981,0.0,-0.06981,Sidewalk
192.0,154.7432,3.0452,-2.02458,0.0,-0.06981,143.26,0.9077,stand_1,288.4167,0.0,-0.06981,0.0,-0.06981,Sidewalk
192.5,154.7432,3.0452,-2.05949,0.0,-0.06981,143.26,0.9077,stand_1,288.4167,0.0,-0.06981,0.0,-0.06981,Sidewalk
193.0,154.7432,3.0452,-2.0944,0.0,-0.06981,143.26,0.9077,stand_1,288.4167,0.0,-0.06981,0.0,-0.06981,Sidewalk
193.5,154.7432,3.0452,-2.1293,0.0,-0.06981,143.26,0.9077,stand_1,288.4167,0.0,-0.06981,0.0,-0.06981,Sidewalk
194.0,154.7432,3.0452,-2.16421,0.0,-0.06981,143.26,0.9077,stand_1,288.4167,0.0,-0.06981,0.0,-0.06981,Sidewalk
194.5,154.7432,3.0452,-2.19911,0.0,-0.06981,143.26,0.9077,stand_1,288.4167,0.0,-0.06981,0.0,-0.06981,Sidewalk
195.0,154.7432,3.0452,-2.23402,0.0,-0.06981,143.26,0.9077,stand_1,288.4167,0.0,-0.06981,0.0,-0.06981,Sidewalk
195.5,154.7432,3.0452,-2.26893,0.0,-0.06981,143.26,0.9077,stand_1,288.4167,0.0,-0.06981,0.0,-0.06981,Sidewalk
196.0,154.7432,3.0452,-2.30383,0.0,-0.06981,143.26,0.9077,stand_1,288.4167,0.0,-0.06981,0.0,-0.06981,Sidewalk
196.5,154.7432,3.0452,-2.33874,0.0,-0.06981,143.26,0.9077,stand_1,288.4167,0.0,-0.06981,0.0,-0.06981,Sidewalk
197.0,154.7432,3.0452,-2.37365,0.0,-0.06981,143.26,0.9077,stand_1,288.4167,0.0,-0.06981,0.0,-0.06981,Sidewalk
197.5,154.7432,3.0452,-2.40855,0.0,-0.06981,143.26,0.9077,stand_1,288.4167,0.0,-0.06981,0.0,-0.06981,Sidewalk
198.0,154.7432,3.0452,-2.44346,0.0,-0.06981,143.26,0.9077,stand_1,288.4167,0.0,-0.06981,0.0,-0.06981,Sidewalk
198.5,154.7432,3.0452,-2.47837,0.0,-0.06981,143.26,0.9077,stand_1,288.4167,0.0,-0.06981,0.0,-0.06981,Sidewalk
199.0,154.7432,3.0452,-2.51327,0.0,-0.06981,143.26,0.9077,stand_1,288.4167,0.0,-0.06981,0.0,-0.06981,Sidewalk
199.5,154.7432,3.0452,-2.54818,0.0,-0.06981,143.26,0.9077,stand_1,288.4167,0.0,-0.06981,0.0,-0.06981,Sidewalk
200.0,154.7432,3.0452,-2.58309,0.0,-0.06981,143.26,0.9077,stand_1,288.4167,0.0,-0.06981,0.0,-0.06981,Sidewalk
200.5,154.7432,3.0452,-2.61799,0.0,-0.06981,143.26,0.9077,stand_1,288.4167,0.0,-0.06981,0.0,-0.06981,Sidewalk
201.0,154.7432,3.0452,-2.6529,0.0,-0.06981,143.26,0.9077,stand_1,288.4167,0.0,-0.06981,0.0,-0.06981,Sidewalk
201.5,154.7432,3.0452,-2.68781,0.0,-0.06981,143.26,0.9077,stand_1,288.4167,0.0,-0.06981,0.0,-0.06981,Sidewalk
202.0,154.7432,3.0452,-2.72271,0.0,-0.06981,143.26,0.9077,stand_1,288.4167,0.0,-0.06981,0.0,-0.06981,Sidewalk
202.5,154.7432,3.0452,-2.75762,0.0,-0.06981,143.26,0.9077,stand_1,288.4167,0.0,-0.06981,0.0,-0.06981,Sidewalk
203.0,154.7432,3.0452,-2.79253,0.0,-0.06981,143.26,0.9077,stand_1,288.4167,0.0,-0.06981,0.0,-0.06981,Sidewalk
203.5,154.7432,3.0452,-2.82743,0.0,-0.06981,143.26,0.9077,stand_1,288.4167,0.0,-0.06981,0.0,-0.06981,Sidewalk
204.0,154.7432,3.0452,-2.86234,0.0,-0.06981,143.26,0.9077,stand_1,288.4167,0.0,-0.06981,0.0,-0.06981,Sidewalk
204.5,154.7432,3.0452,-2.89725,0.0,-0.06981,143.26,0.9077,stand_1,288.4167,0.0,-0.06981,0.0,-0.06981,Sidewalk
205.0,154.7432,3.0452,-2.93215,0.0,-0.06981,143.26,0.9077,stand_1,288.4167,0.0,-0.06981,0.0,-0.06981,Sidewalk
205.5,154.7432,3.0452,-2.96706,0.0,-0.06981,143.26,0.9077,stand_1,288.4167,0.0,-0.06981,0.0,-0.06981,Sidewalk
206.0,154.7432,3.0452,-3.00197,0.0,-0.06981,143.26,0.9077,stand_1,288.4167,0.0,-0.06981,0.0,-0.06981,Sidewalk
206.5,154.7432,3.0452,-3.03687,0.0,-0.06981,143.26,0.9077,stand_1,288.4167,0.0,-0.06981,0.0,-0.06981,Sidewalk
207.0,154.7432,3.0452,-3.07178,0.0,-0.06981,143.26,0.9077,stand_1,288.4167,0.0,-0.06981,0.0,-0.06981,Sidewalk
207.5,154.7432,3.0452,-3.10669,0.0,-0.06981,143.26,0.9077,stand_1,288.4167,0.0,-0.06981,0.0,-0.06981,Sidewalk
208.0,154.7432,3.0452,3.14159,0.0,-0.06981,143.26,0.9077,stand_1,288.4167,0.0,-0.06981,0.0,-0.06981,Sidewalk
208.5,154.7432,3.0452,3.10669,0.0,-0.06981,143.26,0.9077,stand_1,288.4167,0.0,-0.06981,0.0,-0.06981,Sidewalk
209.0,154.7432,3.0452,3.07178,0.0,-0.06981,143.26,0.9077,stand_1,288.4167,0.0,-0.06981,0.0,-0.06981,Sidewalk
209.5,154.7432,3.0452,3.03687,0.0,-0.06981,143.26,0.9077,stand_1,288.4167,0.0,-0.06981,0.0,-0.06981,Sidewalk
210.0,154.7432,3.0452,3.00197,0.0,-0.06981,143.26,0.9077,stand_1,288.4167,0.0,-0.06981,0.0,-0.06981,Sidewalk
210.5,154.7432,3.0452,2.96706,0.0,-0.06981,143.26,0.9077,stand_1,288.4167,0.0,-0.06981,0.0,-0.06981,Sidewalk
211.0,154.7432,3.0452,2.93215,0.0,-0.06981,143.26,0.9077,stand_1,288.4167,0.0,-0.06981,0.0,-0.06981,Sidewalk
211.5,154.7432,3.0452,2.89725,0.0,-0.06981,143.26,0.9077,stand_1,288.4167,0.0,-0.06981,0.0,-0.06981,Sidewalk
212.0,154.7432,3.0452,2.86234,0.0,-0.06981,143.26,0.9077,stand_1,288.4167,0.0,-0.06981,0.0,-0.06981,Sidewalk
212.5,154.7432,3.0452,2.82743,0.0,-0.06981,143.26,0.9077,stand_1,288.4167,0.0,-0.06981,0.0,-0.06981,Sidewalk
213.0,154.7432,3.0452,2.79253,0.0,-0.06981,143.26,0.9077,stand_1,288.4167,0.0,-0.06981,0.0,-0.06981,Sidewalk
213.5,154.7432,3.0452,2.75762,0.0,-0.06981,143.26,0.9077,stand_1,288.4167,0.0,-0.06981,0.0,-0.06981,Sidewalk
214.0,154.7432,3.0452,2.72271,0.0,-0.06981,143.26,0.9077,stand_1,288.4167,0.0,-0.06981,0.0,-0.06981,Sidewalk
214.5,154.7432,3.0452,2.68781,0.0,-0.06981,143.26,0.9077,stand_1,288.4167,0.0,-0.06981,0.0,-0.06981,Sidewalk
215.0,154.7432,3.0452,2.6529,0.0,-0.06981,143.26,0.9077,stand_1,288.4167,0.0,-0.06981,0.0,-0.06981,Sidewalk
215.5,154.7432,3.0452,2.61799,0.0,-0.06981,143.26,0.9077,stand_1,288.4167,0.0,-0.06981,0.0,-0.06981,Sidewalk
216.0,154.7432,3.0452,2.58309,0.0,-0.06981,143.26,0.9077,stand_1,288.4167,0.0,-0.06981,0.0,-0.06981,Sidewalk
216.5,154.7432,3.0452,2.54818,0.0,-0.06981,143.26,0.9077,stand_1,288.4167,0.0,-0.06981,0.0,-0.06981,Sidewalk
217.0,154.7432,3.0452,2.51327,0.0,-0.06981,143.26,0.9077,stand_1,288.4167,0.0,-0.06981,0.0,-0.06981,Sidewalk
217.5,154.7432,3.0452,2.47837,0.0,-0.06981,143.26,0.9077,stand_1,288.4167,0.0,-0.06981,0.0,-0.06981,Sidewalk
218.0,154.7432,3.0452,2.44346,0.0,-0.06981,143.26,0.9077,stand_1,288.4167,0.0,-0.06981,0.0,-0.06981,Sidewalk
218.5,154.7432,3.0452,2.40855,0.0,-0.06981,143.26,0.9077,stand_1,288.4167,0.0,-0.06981,0.0,-0.06981,Sidewalk
219.0,154.7432,3.0452,2.37365,0.0,-0.06981,143.26,0.9077,stand_1,288.4167,0.0,-0.06981,0.0,-0.06981,Sidewalk
219.5,154.7432,3.0452,2.33874,0.0,-0.06981,143.26,0.9077,stand_1,288.4167,0.0,-0.06981,0.0,-0.06981,Sidewalk
220.0,154.7432,3.0452,2.30383,0.0,-0.06981,143.26,0.9077,stand_1,288.4167,0.0,-0.06981,0.0,-0.06981,Sidewalk
220.5,154.7432,3.0452,2.26893,0.0,-0.06981,143.26,0.9077,stand_1,288.4167,0.0,-0.06981,0.0,-0.06981,Sidewalk
221.0,154.7432,3.0452,2.23402,0.0,-0.06981,143.26,0.9077,stand_1,288.4167,0.0,-0.06981,0.0,-0.06981,Sidewalk
221.5,154.7432,3.0452,2.19911,0.0,-0.06981,143.26,0.9077,stand_1,288.4167,0.0,-0.06981,0.0,-0.06981,Sidewalk
222.0,154.7432,3.0452,2.16421,0.0,-0.06981,143.26,0.9077,stand_1,288.4167,0.0,-0.06981,0.0,-0.06981,Sidewalk
222.5,154.7432,3.0452,2.1293,0.0,-0.06981,143.26,0.9077,stand_1,288.4167,0.0,-0.06981,0.0,-0.06981,Sidewalk
223.0,154.7432,3.0452,2.0944,0.0,-0.06981,143.26,0.9077,stand_1,288.4167,0.0,-0.06981,0.0,-0.06981,Sidewalk
223.5,154.7432,3.0452,2.05949,0.0,-0.06981,143.26,0.9077,stand_1,288.4167,0.0,-0.06981,0.0,-0.06981,Sidewalk
224.0,154.7432,3.0452,2.02458,0.0,-0.06981,143.26,0.9077,stand_1,288.4167,0.0,-0.06981,0.0,-0.06981,Sidewalk
224.5,154.7432,3.0452,1.98968,0.0,-0.06981,143.26,0.9077,stand_1,288.4167,0.0,-0.06981,0.0,-0.06981,Sidewalk
225.0,154.7432,3.0452,1.95477,0.0,-0.06981,143.26,0.9077,stand_1,288.4167,0.0,-0.06981,0.0,-0.06981,Sidewalk
225.5,154.7432,3.0452,1.91986,0.0,-0.06981,143.26,0.9077,stand_1,288.4167,0.0,-0.06981,0.0,-0.06981,Sidewalk
226.0,154.7432,3.0452,1.88496,0.0,-0.06981,143.26,0.9077,stand_1,288.4167,0.0,-0.06981,0.0,-0.06981,Sidewalk
226.5,154.7432,3.0452,1.85005,0.0,-0.06981,143.26,0.9077,stand_1,288.4167,0.0,-0.06981,0.0,-0.06981,Sidewalk
227.0,154.7432,3.0452,1.81514,0.0,-0.06981,143.26,0.9077,stand_1,288.4167,0.0,-0.06981,0.0,-0.06981,Sidewalk
227.5,154.7432,3.0452,1.78024,0.0,-0.06981,143.26,0.9077,stand_1,288.4167,0.0,-0.06981,0.0,-0.06981,Sidewalk
228.0,154.7432,3.0452,1.74533,0.0,-0.06981,143.26,0.9077,stand_1,288.4167,0.0,-0.06981,0.0,-0.06981,Sidewalk
228.5,154.7432,3.0452,1.71042,0.0,-0.06981,143.26,0.9077,stand_1,288.4167,0.0,-0.06981,0.0,-0.06981,Sidewalk
229.0,154.7432,3.0452,1.67552,0.0,-0.06981,143.26,0.9077,stand_1,288.4167,0.0,-0.06981,0.0,-0.06981,Sidewalk
229.5,154.7432,3.0452,1.64061,0.0,-0.06981,143.26,0.9077,stand_1,288.4167,0.0,-0.06981,0.0,-0.06981,Sidewalk
230.0,154.7432,3.0452,1.6057,0.0,-0.06981,143.26,0.9077,stand_1,288.4167,0.0,-0.06981,0.0,-0.06981,Sidewalk
230.5,154.7432,3.0452,1.5708,0.0,-0.06981,143.26,0.9077,stand_1,288.4167,0.0,-0.06981,0.0,-0.06981,Sidewalk
231.0,154.7432,3.0452,1.53589,0.0,-0.06981,143.26,0.9077,stand_1,288.4167,0.0,-0.06981,0.0,-0.06981,Sidewalk
231.5,154.7432,3.0452,1.50098,0.0,-0.06981,143.26,0.9077,stand_1,288.4167,0.0,-0.06981,0.0,-0.06981,Sidewalk
232.0,154.7432,3.0452,1.46608,0.0,-0.06981,143.26,0.9077,stand_1,288.4167,0.0,-0.06981,0.0,-0.06981,Sidewalk
232.5,154.7432,3.0452,1.43117,0.0,-0.06981,143.26,0.9077,stand_1,288.4167,0.0,-0.06981,0.0,-0.06981,Sidewalk
233.0,154.7432,3.0452,1.39626,0.0,-0.06981,143.26,0.9077,stand_1,288.4167,0.0,-0.06981,0.0,-0.06981,Sidewalk
233.5,154.7432,3.0452,1.36136,0.0,-0.06981,143.26,0.9077,stand_1,288.4167,0.0,-0.06981,0.0,-0.06981,Sidewalk
234.0,154.7432,3.0452,1.32645,0.0,-0.06981,143.26,0.9077,stand_1,288.4167,0.0,-0.06981,0.0,-0.06981,Sidewalk
234.5,154.7432,3.0452,1.29154,0.0,-0.06981,143.26,0.9077,stand_1,288.4167,0.0,-0.06981,0.0,-0.06981,Sidewalk
235.0,154.7432,3.0452,1.25664,0.0,-0.06981,143.26,0.9077,stand_1,288.4167,0.0,-0.06981,0.0,-0.06981,Sidewalk
235.5,154.7432,3.0452,1.22173,0.0,-0.06981,143.26,0.9077,stand_1,288.4167,0.0,-0.06981,0.0,-0.06981,Sidewalk
236.0,154.7432,3.0452,1.18682,0.0,-0.06981,143.26,0.9077,stand_1,288.4167,0.0,-0.06981,0.0,-0.06981,Sidewalk
236.5,154.7432,3.0452,1.15192,0.0,-0.06981,143.26,0.9077,stand_1,288.4167,0.0,-0.06981,0.0,-0.06981,Sidewalk
237.0,154.7432,3.0452,1.11701,0.0,-0.06981,143.26,0.9077,stand_1,288.4167,0.0,-0.06981,0.0,-0.06981,Sidewalk
237.5,154.7432,3.0452,1.0821,0.0,-0.06981,143.26,0.9077,stand_1,288.4167,0.0,-0.06981,0.0,-0.06981,Sidewalk
238.0,154.7432,3.0452,1.0472,0.0,-0.06981,143.26,0.9077,stand_1,288.4167,0.0,-0.06981,0.0,-0.06981,Sidewalk
238.5,154.7432,3.0452,1.01229,0.0,-0.06981,143.26,0.9077,stand_1,288.4167,0.0,-0.06981,0.0,-0.06981,Sidewalk
239.0,154.7432,3.0452,0.97738,0.0,-0.06981,143.26,0.9077,stand_1,288.4167,0.0,-0.06981,0.0,-0.06981,Sidewalk
239.5,154.7432,3.0452,0.94248,0.0,-0.06981,143.26,0.9077,stand_1,288.4167,0.0,-0.06981,0.0,-0.06981,Sidewalk
240.0,154.7432,3.0452,0.90757,0.0,-0.06981,143.26,0.9077,stand_1,288.4167,0.0,-0.06981,0.0,-0.06981,Sidewalk
240.5,154.7432,3.0452,0.87266,0.0,-0.06981,143.26,0.9077,stand_1,288.4167,0.0,-0.06981,0.0,-0.06981,Sidewalk
241.0,154.7432,3.0452,0.83776,0.0,-0.06981,143.26,0.9077,stand_1,288.4167,0.0,-0.06981,0.0,-0.06981,Sidewalk
241.5,154.7432,3.0452,0.80285,0.0,-0.06981,143.26,0.9077,stand_1,288.4167,0.0,-0.06981,0.0,-0.06981,Sidewalk
242.0,154.7432,3.0452,0.76794,0.0,-0.06981,143.26,0.9077,stand_1,288.4167,0.0,-0.06981,0.0,-0.06981,Sidewalk
242.5,154.7432,3.0452,0.73304,0.0,-0.06981,143.26,0.9077,stand_1,288.4167,0.0,-0.06981,0.0,-0.06981,Sidewalk
243.0,154.7432,3.0452,0.69813,0.0,-0.06981,143.26,0.9077,stand_1,288.4167,0.0,-0.06981,0.0,-0.06981,Sidewalk
243.5,154.7432,3.0452,0.66323,0.0,-0.06981,143.26,0.9077,stand_1,288.4167,0.0,-0.06981,0.0,-0.06981,Sidewalk
244.0,154.7432,3.0452,0.62832,0.0,-0.06981,143.26,0.9077,stand_1,288.4167,0.0,-0.06981,0.0,-0.06981,Sidewalk
244.5,154.7432,3.0452,0.59341,0.0,-0.06981,143.26,0.9077,stand_1,288.4167,0.0,-0.06981,0.0,-0.06981,Sidewalk
245.0,154.7432,3.0452,0.55851,0.0,-0.06981,143.26,0.9077,stand_1,288.4167,0.0,-0.06981,0.0,-0.06981,Sidewalk
245.5,154.7432,3.0452,0.5236,0.0,-0.06981,143.26,0.9077,stand_1,288.4167,0.0,-0.06981,0.0,-0.06981,Sidewalk
246.0,154.7432,3.0452,0.48869,0.0,-0.06981,143.26,0.9077,stand_1,288.4167,0.0,-0.06981,0.0,-0.06981,Sidewalk
246.5,154.7432,3.0452,0.45379,0.0,-0.06981,143.26,0.9077,stand_1,288.4167,0.0,-0.06981,0.0,-0.06981,Sidewalk
247.0,154.7432,3.0452,0.41888,0.0,-0.06981,143.26,0.9077,stand_1,288.4167,0.0,-0.06981,0.0,-0.06981,Sidewalk
247.5,154.7432,3.0452,0.38397,0.0,-0.06981,143.26,0.9077,stand_1,288.4167,0.0,-0.06981,0.0,-0.06981,Sidewalk
248.0,154.7432,3.0452,0.34907,0.0,-0.06981,143.26,0.9077,stand_1,288.4167,0.0,-0.06981,0.0,-0.06981,Sidewalk
248.5,154.7432,3.0452,0.31416,0.0,-0.06981,143.26,0.9077,stand_1,288.4167,0.0,-0.06981,0.0,-0.06981,Sidewalk
249.0,154.7432,3.0452,0.27925,0.0,-0.06981,143.26,0.9077,stand_1,288.4167,0.0,-0.06981,0.0,-0.06981,Sidewalk
249.5,154.7432,3.0452,0.24435,0.0,-0.06981,143.26,0.9077,stand_1,288.4167,0.0,-0.06981,0.0,-0.06981,Sidewalk
250.0,154.7432,3.0452,0.20944,0.0,-0.06981,143.26,0.9077,stand_1,288.4167,0.0,-0.06981,0.0,-0.06981,Sidewalk
250.5,154.7432,3.0452,0.17453,0.0,-0.06981,143.26,0.9077,stand_1,288.4167,0.0,-0.06981,0.0,-0.06981,Sidewalk
251.0,154.7432,3.0452,0.13963,0.0,-0.06981,143.26,0.9077,stand_1,288.4167,0.0,-0.06981,0.0,-0.06981,Sidewalk
251.5,154.7432,3.0452,0.10472,0.0,-0.06981,143.26,0.9077,stand_1,288.4167,0.0,-0.06981,0.0,-0.06981,Sidewalk
252.0,154.7432,3.0452,0.06981,0.0,-0.06981,143.26,0.9077,stand_1,288.4167,0.0,-0.06981,0.0,-0.06981,Sidewalk
252.5,154.7432,3.0452,0.03491,0.0,-0.06981,143.26,0.9077,stand_1,288.4167,0.0,-0.06981,0.0,-0.06981,Sidewalk
253.0,154.7432,3.0452,0.0,0.0,-0.06981,143.26,0.9077,stand_1,288.4167,0.0,-0.06981,0.0,-0.06981,Sidewalk
253.5,154.7432,3.0452,-0.03491,0.0,-0.06981,143.26,0.9077,stand_1,288.4167,0.0,-0.06981,0.0,-0.06981,Sidewalk
254.0,154.7432,3.0452,-0.06981,0.0,-0.06981,143.26,0.9077,stand_1,288.4167,0.0,-0.06981,0.0,-0.06981,Sidewalk
254.5,154.7432,3.0452,-0.10472,0.0,-0.06981,143.26,0.9077,stand_1,288.4167,0.0,-0.06981,0.0,-0.06981,Sidewalk
255.0,154.7432,3.0452,-0.13963,0.0,-0.06981,143.26,0.9077,stand_1,288.4167,0.0,-0.06981,0.0,-0.06981,Sidewalk
255.5,154.7432,3.0452,-0.17453,0.0,-0.06981,143.26,0.9077,stand_1,288.4167,0.0,-0.06981,0.0,-0.06981,Sidewalk
256.0,154.7432,3.0452,-0.20944,0.0,-0.06981,143.26,0.9077,stand_1,288.4167,0.0,-0.06981,0.0,-0.06981,Sidewalk
256.5,154.7529,3.0428,-0.24435,0.02,-0.06981,143.2503,0.8994,stand_1,288.4141,0.02,-0.06981,0.02,-0.06981,Sidewalk
257.0,154.7529,3.0428,-0.27925,0.0,-0.06981,143.2503,0.8994,stand_1,288.4176,0.0,-0.06981,0.0,-0.06981,Sidewalk
257.5,154.7529,3.0428,-0.31416,0.0,-0.06981,143.2503,0.8994,stand_1,288.4176,0.0,-0.06981,0.0,-0.06981,Sidewalk
258.0,154.7529,3.0428,-0.34907,0.0,-0.06981,143.2503,0.8994,stand_1,288.4176,0.0,-0.06981,0.0,-0.06981,Sidewalk
258.5,154.7529,3.0428,-0.38397,0.0,-0.06981,143.2503,0.8994,stand_1,288.4176,0.0,-0.06981,0.0,-0.06981,Sidewalk
259.0,154.7529,3.0428,-0.41888,0.0,-0.06981,143.2503,0.8994,stand_1,288.4176,0.0,-0.06981,0.0,-0.06981,Sidewalk
259.5,154.7529,3.0428,-0.45379,0.0,-0.06981,143.2503,0.8994,stand_1,288.4176,0.0,-0.06981,0.0,-0.06981,Sidewalk
260.0,154.7529,3.0428,-0.48869,0.0,-0.06981,143.2503,0.8994,stand_1,288.4176,0.0,-0.06981,0.0,-0.06981,Sidewalk
260.5,154.7529,3.0428,-0.5236,0.0,-0.06981,143.2503,0.8994,stand_1,288.4176,0.0,-0.06981,0.0,-0.06981,Sidewalk
261.0,154.7529,3.0428,-0.55851,0.0,-0.06981,143.2503,0.8994,stand_1,288.4176,0.0,-0.06981,0.0,-0.06981,Sidewalk
261.5,154.7529,3.0428,-0.59341,0.0,-0.06981,143.2503,0.8994,stand_1,288.4176,0.0,-0.06981,0.0,-0.06981,Sidewalk
262.0,154.7529,3.0428,-0.62832,0.0,-0.06981,143.2503,0.8994,stand_1,288.4176,0.0,-0.06981,0.0,-0.06981,Sidewalk
262.5,154.7529,3.0428,-0.66323,0.0,-0.06981,143.2503,0.8994,stand_1,288.4176,0.0,-0.06981,0.0,-0.06981,Sidewalk
263.0,154.7529,3.0428,-0.69813,0.0,-0.06981,143.2503,0.8994,stand_1,288.4176,0.0,-0.06981,0.0,-0.06981,Sidewalk
263.5,154.7529,3.0428,-0.73304,0.0,-0.06981,143.2503,0.8994,stand_1,288.4176,0.0,-0.06981,0.0,-0.06981,Sidewalk
264.0,154.7529,3.0428,-0.76794,0.0,-0.06981,143.2503,0.8994,stand_1,288.4176,0.0,-0.06981,0.0,-0.06981,Sidewalk
264.5,154.7529,3.0428,-0.80285,0.0,-0.06981,143.2503,0.8994,stand_1,288.4176,0.0,-0.06981,0.0,-0.06981,Sidewalk
265.0,154.7529,3.0428,-0.83776,0.0,-0.06981,143.2503,0.8994,stand_1,288.4176,0.0,-0.06981,0.0,-0.06981,Sidewalk
265.5,154.7529,3.0428,-0.87266,0.0,-0.06981,143.2503,0.8994,stand_1,288.4176,0.0,-0.06981,0.0,-0.06981,Sidewalk
266.0,154.7529,3.0428,-0.90757,0.0,-0.06981,143.2503,0.8994,stand_1,288.4176,0.0,-0.06981,0.0,-0.06981,Sidewalk
266.5,154.7529,3.0428,-0.94248,0.0,-0.06981,143.2503,0.8994,stand_1,288.4176,0.0,-0.06981,0.0,-0.06981,Sidewalk
267.0,154.7529,3.0428,-0.97738,0.0,-0.06981,143.2503,0.8994,stand_1,288.4176,0.0,-0.06981,0.0,-0.06981,Sidewalk
267.5,154.7529,3.0428,-1.01229,0.0,-0.06981,143.2503,0.8994,stand_1,288.4176,0.0,-0.06981,0.0,-0.06981,Sidewalk
268.0,154.7529,3.0428,-1.0472,0.0,-0.06981,143.2503,0.8994,stand_1,288.4176,0.0,-0.06981,0.0,-0.06981,Sidewalk
268.5,154.7529,3.0428,-1.0821,0.0,-0.06981,143.2503,0.8994,stand_1,288.4176,0.0,-0.06981,0.0,-0.06981,Sidewalk
269.0,154.7529,3.0428,-1.11701,0.0,-0.06981,143.2503,0.8994,stand_1,288.4176,0.0,-0.06981,0.0,-0.06981,Sidewalk
269.5,154.7529,3.0428,-1.15192,0.0,-0.06981,143.2503,0.8994,stand_1,288.4176,0.0,-0.06981,0.0,-0.06981,Sidewalk
270.0,154.7529,3.0428,-1.18682,0.0,-0.06981,143.2503,0.8994,stand_1,288.4176,0.0,-0.06981,0.0,-0.06981,Sidewalk
270.5,154.7529,3.0428,-1.22173,0.0,-0.06981,143.2503,0.8994,stand_1,288.4176,0.0,-0.06981,0.0,-0.06981,Sidewalk
271.0,154.7529,3.0428,-1.25664,0.0,-0.06981,143.2503,0.8994,stand_1,288.4176,0.0,-0.06981,0.0,-0.06981,Sidewalk
271.5,154.7529,3.0428,-1.29154,0.0,-0.06981,143.2503,0.8994,stand_1,288.4176,0.0,-0.06981,0.0,-0.06981,Sidewalk
272.0,154.7529,3.0428,-1.32645,0.0,-0.06981,143.2503,0.8994,stand_1,288.4176,0.0,-0.06981,0.0,-0.06981,Sidewalk
272.5,154.7529,3.0428,-1.36136,0.0,-0.06981,143.2503,0.8994,stand_1,288.4176,0.0,-0.06981,0.0,-0.06981,Sidewalk
273.0,154.7529,3.0428,-1.39626,0.0,-0.06981,143.2503,0.8994,stand_1,288.4176,0.0,-0.06981,0.0,-0.06981,Sidewalk
273.5,154.7529,3.0428,-1.43117,0.0,-0.06981,143.2503,0.8994,stand_1,288.4176,0.0,-0.06981,0.0,-0.06981,Sidewalk
274.0,154.7529,3.0428,-1.46608,0.0,-0.06981,143.2503,0.8994,stand_1,288.4176,0.0,-0.06981,0.0,-0.06981,Sidewalk
274.5,154.7529,3.0428,-1.50098,0.0,-0.06981,143.2503,0.8994,stand_1,288.4176,0.0,-0.06981,0.0,-0.06981,Sidewalk
275.0,154.7529,3.0428,-1.53589,0.0,-0.06981,143.2503,0.8994,stand_1,288.4176,0.0,-0.06981,0.0,-0.06981,Sidewalk
275.5,154.7529,3.0428,-1.5708,0.0,-0.06981,143.2503,0.8994,stand_1,288.4176,0.0,-0.06981,0.0,-0.06981,Sidewalk
276.0,154.7529,3.0428,-1.6057,0.0,-0.06981,143.2503,0.8994,stand_1,288.4176,0.0,-0.06981,0.0,-0.06981,Sidewalk
276.5,154.7529,3.0428,-1.64061,0.0,-0.06981,143.2503,0.8994,stand_1,288.4176,0.0,-0.06981,0.0,-0.06981,Sidewalk
277.0,154.7529,3.0428,-1.67552,0.0,-0.06981,143.2503,0.8994,stand_1,288.4176,0.0,-0.06981,0.0,-0.06981,Sidewalk
277.5,154.7529,3.0428,-1.71042,0.0,-0.06981,143.2503,0.8994,stand_1,288.4176,0.0,-0.06981,0.0,-0.06981,Sidewalk
278.0,154.7529,3.0428,-1.74533,0.0,-0.06981,143.2503,0.8994,stand_1,288.4176,0.0,-0.06981,0.0,-0.06981,Sidewalk
278.5,154.7529,3.0428,-1.78024,0.0,-0.06981,143.2503,0.8994,stand_1,288.4176,0.0,-0.06981,0.0,-0.06981,Sidewalk
279.0,154.7529,3.0428,-1.81514,0.0,-0.06981,143.2503,0.8994,stand_1,288.4176,0.0,-0.06981,0.0,-0.06981,Sidewalk
279.5,154.7529,3.0428,-1.85005,0.0,-0.06981,143.2503,0.8994,stand_1,288.4176,0.0,-0.06981,0.0,-0.06981,Sidewalk
280.0,154.7529,3.0428,-1.88496,0.0,-0.06981,143.2503,0.8994,stand_1,288.4176,0.0,-0.06981,0.0,-0.06981,Sidewalk
280.5,154.7529,3.0428,-1.91986,0.0,-0.06981,143.2503,0.8994,stand_1,288.4176,0.0,-0.06981,0.0,-0.06981,Sidewalk
281.0,154.7529,3.0428,-1.95477,0.0,-0.06981,143.2503,0.8994,stand_1,288.4176,0.0,-0.06981,0.0,-0.06981,Sidewalk
281.5,154.7529,3.0428,-1.98968,0.0,-0.06981,143.2503,0.8994,stand_1,288.4176,0.0,-0.06981,0.0,-0.06981,Sidewalk
282.0,154.7529,3.0428,-2.02458,0.0,-0.06981,143.2503,0.8994,stand_1,288.4176,0.0,-0.06981,0.0,-0.06981,Sidewalk
282.5,154.7529,3.0428,-2.05949,0.0,-0.06981,143.2503,0.8994,stand_1,288.4176,0.0,-0.06981,0.0,-0.06981,Sidewalk
283.0,154.7529,3.0428,-2.0944,0.0,-0.06981,143.2503,0.8994,stand_1,288.4176,0.0,-0.06981,0.0,-0.06981,Sidewalk
283.5,154.7529,3.0428,-2.1293,0.0,-0.06981,143.2503,0.8994,stand_1,288.4176,0.0,-0.06981,0.0,-0.06981,Sidewalk
284.0,154.7529,3.0428,-2.16421,0.0,-0.06981,143.2503,0.8994,stand_1,288.4176,0.0,-0.06981,0.0,-0.06981,Sidewalk
284.5,154.7529,3.0428,-2.19911,0.0,-0.06981,143.2503,0.8994,stand_1,288.4176,0.0,-0.06981,0.0,-0.06981,Sidewalk
285.0,154.7529,3.0428,-2.23402,0.0,-0.06981,143.2503,0.8994,stand_1,288.4176,0.0,-0.06981,0.0,-0.06981,Sidewalk
285.5,154.7529,3.0428,-2.26893,0.0,-0.06981,143.2503,0.8994,stand_1,288.4176,0.0,-0.06981,0.0,-0.06981,Sidewalk
286.0,154.7529,3.0428,-2.30383,0.0,-0.06981,143.2503,0.8994,stand_1,288.4176,0.0,-0.06981,0.0,-0.06981,Sidewalk
286.5,154.7529,3.0428,-2.33874,0.0,-0.06981,143.2503,0.8994,stand_1,288.4176,0.0,-0.06981,0.0,-0.06981,Sidewalk
287.0,154.7529,3.0428,-2.37365,0.0,-0.06981,143.2503,0.8994,stand_1,288.4176,0.0,-0.06981,0.0,-0.06981,Sidewalk
287.5,154.7529,3.0428,-2.40855,0.0,-0.06981,143.2503,0.8994,stand_1,288.4176,0.0,-0.06981,0.0,-0.06981,Sidewalk
288.0,154.7529,3.0428,-2.44346,0.0,-0.06981,143.2503,0.8994,stand_1,288.4176,0.0,-0.06981,0.0,-0.06981,Sidewalk
288.5,154.7529,3.0428,-2.47837,0.0,-0.06981,143.2503,0.8994,stand_1,288.4176,0.0,-0.06981,0.0,-0.06981,Sidewalk
289.0,154.7529,3.0428,-2.51327,0.0,-0.06981,143.2503,0.8994,stand_1,288.4176,0.0,-0.06981,0.0,-0.06981,Sidewalk
289.5,154.7529,3.0428,-2.54818,0.0,-0.06981,143.2503,0.8994,stand_1,288.4176,0.0,-0.06981,0.0,-0.06981,Sidewalk
290.0,154.7529,3.0428,-2.58309,0.0,-0.06981,143.2503,0.8994,stand_1,288.4176,0.0,-0.06981,0.0,-0.06981,Sidewalk
290.5,154.7529,3.0428,-2.61799,0.0,-0.06981,143.2503,0.8994,stand_1,288.4176,0.0,-0.06981,0.0,-0.06981,Sidewalk
291.0,154.7529,3.0428,-2.6529,0.0,-0.06981,143.2503,0.8994,stand_1,288.4176,0.0,-0.06981,0.0,-0.06981,Sidewalk
291.5,154.7529,3.0428,-2.68781,0.0,-0.06981,143.2503,0.8994,stand_1,288.4176,0.0,-0.06981,0.0,-0.06981,Sidewalk
292.0,154.7529,3.0428,-2.72271,0.0,-0.06981,143.2503,0.8994,stand_1,288.4176,0.0,-0.06981,0.0,-0.06981,Sidewalk
292.5,154.7529,3.0428,-2.75762,0.0,-0.06981,143.2503,0.8994,stand_1,288.4176,0.0,-0.06981,0.0,-0.06981,Sidewalk
293.0,154.7529,3.0428,-2.79253,0.0,-0.06981,143.2503,0.8994,stand_1,288.4176,0.0,-0.06981,0.0,-0.06981,Sidewalk
293.5,154.7529,3.0428,-2.82743,0.0,-0.06981,143.2503,0.8994,stand_1,288.4176,0.0,-0.06981,0.0,-0.06981,Sidewalk
294.0,154.7529,3.0428,-2.86234,0.0,-0.06981,143.2503,0.8994,stand_1,288.4176,0.0,-0.06981,0.0,-0.06981,Sidewalk
294.5,154.7529,3.0428,-2.89725,0.0,-0.06981,143.2503,0.8994,stand_1,288.4176,0.0,-0.06981,0.0,-0.06981,Sidewalk
295.0,154.7529,3.0428,-2.93215,0.0,-0.06981,143.2503,0.8994,stand_1,288.4176,0.0,-0.06981,0.0,-0.06981,Sidewalk
295.5,154.7529,3.0428,-2.96706,0.0,-0.06981,143.2503,0.8994,stand_1,288.4176,0.0,-0.06981,0.0,-0.06981,Sidewalk
296.0,154.7529,3.0428,-3.00197,0.0,-0.06981,143.2503,0.8994,stand_1,288.4176,0.0,-0.06981,0.0,-0.06981,Sidewalk
296.5,154.7529,3.0428,-3.03687,0.0,-0.06981,143.2503,0.8994,stand_1,288.4176,0.0,-0.06981,0.0,-0.06981,Sidewalk
297.0,154.7529,3.0428,-3.07178,0.0,-0.06981,143.2503,0.8994,stand_1,288.4176,0.0,-0.06981,0.0,-0.06981,Sidewalk
297.5,154.7529,3.0428,-3.10669,0.0,-0.06981,143.2503,0.8994,stand_1,288.4176,0.0,-0.06981,0.0,-0.06981,Sidewalk
298.0,154.7529,3.0428,-3.14159,0.0,-0.06981,143.2503,0.8994,stand_1,288.4176,0.0,-0.06981,0.0,-0.06981,Sidewalk
298.5,154.7529,3.0428,3.10669,0.0,-0.06981,143.2503,0.8994,stand_1,288.4176,0.0,-0.06981,0.0,-0.06981,Sidewalk
299.0,154.7529,3.0428,3.07178,0.0,-0.06981,143.2503,0.8994,stand_1,288.4176,0.0,-0.06981,0.0,-0.06981,Sidewalk
299.5,154.7529,3.0428,3.03687,0.0,-0.06981,143.2503,0.8994,stand_1,288.4176,0.0,-0.06981,0.0,-0.06981,Sidewalk
300.0,154.7529,3.0428,3.00197,0.0,-0.06981,143.2503,0.8994,stand_1,288.4176,0.0,-0.06981,0.0,-0.06981,Sidewalk
300.5,154.7529,3.0428,2.96706,0.0,-0.06981,143.2503,0.8994,stand_1,288.4176,0.0,-0.06981,0.0,-0.06981,Sidewalk
301.0,154.7529,3.0428,2.93215,0.0,-0.06981,143.2503,0.8994,stand_1,288.4176,0.0,-0.06981,0.0,-0.06981,Sidewalk
301.5,154.7529,3.0428,2.89725,0.0,-0.06981,143.2503,0.8994,stand_1,288.4176,0.0,-0.06981,0.0,-0.06981,Sidewalk
302.0,154.7529,3.0428,2.86234,0.0,-0.06981,143.2503,0.8994,stand_1,288.4176,0.0,-0.06981,0.0,-0.06981,Sidewalk
302.5,154.7529,3.0428,2.82743,0.0,-0.06981,143.2503,0.8994,stand_1,288.4176,0.0,-0.06981,0.0,-0.06981,Sidewalk
303.0,154.7529,3.0428,2.79253,0.0,-0.06981,143.2503,0.8994,stand_1,288.4176,0.0,-0.06981,0.0,-0.06981,Sidewalk
303.5,154.7529,3.0428,2.75762,0.0,-0.06981,143.2503,0.8994,stand_1,288.4176,0.0,-0.06981,0.0,-0.06981,Sidewalk
304.0,154.7529,3.0428,2.72271,0.0,-0.06981,143.2503,0.8994,stand_1,288.4176,0.0,-0.06981,0.0,-0.06981,Sidewalk
304.5,154.7529,3.0428,2.68781,0.0,-0.06981,143.2503,0.8994,stand_1,288.4176,0.0,-0.06981,0.0,-0.06981,Sidewalk
305.0,154.7529,3.0428,2.6529,0.0,-0.06981,143.2503,0.8993,stand_1,288.4176,0.0,-0.06981,0.0,-0.06981,Sidewalk
305.5,154.7529,3.0428,2.61799,0.0,-0.06981,143.2503,0.8993,stand_1,288.4176,0.0,-0.06981,0.0,-0.06981,Sidewalk
306.0,154.7529,3.0428,2.58309,0.0,-0.06981,143.2503,0.8993,stand_1,288.4176,0.0,-0.06981,0.0,-0.06981,Sidewalk
306.5,154.7529,3.0428,2.54818,0.0,-0.06981,143.2503,0.8993,stand_1,288.4176,0.0,-0.06981,0.0,-0.06981,Sidewalk
307.0,154.7529,3.0428,2.51327,0.0,-0.06981,143.2503,0.8993,stand_1,288.4176,0.0,-0.06981,0.0,-0.06981,Sidewalk
307.5,154.7529,3.0428,2.47837,0.0,-0.06981,143.2503,0.8993,stand_1,288.4176,0.0,-0.06981,0.0,-0.06981,Sidewalk
308.0,154.7529,3.0428,2.44346,0.0,-0.06981,143.2503,0.8993,stand_1,288.4176,0.0,-0.06981,0.0,-0.06981,Sidewalk
308.5,154.7529,3.0428,2.40855,0.0,-0.06981,143.2503,0.8993,stand_1,288.4176,0.0,-0.06981,0.0,-0.06981,Sidewalk
309.0,154.7529,3.0428,2.37365,0.0,-0.06981,143.2503,0.8993,stand_1,288.4177,0.0,-0.06981,0.0,-0.06981,Sidewalk
309.5,154.7529,3.0428,2.33874,0.0,-0.06981,143.2503,0.8993,stand_1,288.4177,0.0,-0.06981,0.0,-0.06981,Sidewalk
310.0,154.7529,3.0428,2.30383,0.0,-0.06981,143.2503,0.8993,stand_1,288.4177,0.0,-0.06981,0.0,-0.06981,Sidewalk
310.5,154.7529,3.0428,2.26893,0.0,-0.06981,143.2503,0.8993,stand_1,288.4177,0.0,-0.06981,0.0,-0.06981,Sidewalk
311.0,154.7529,3.0428,2.23402,0.0,-0.06981,143.2503,0.8993,stand_1,288.4177,0.0,-0.06981,0.0,-0.06981,Sidewalk
311.5,154.7529,3.0428,2.19911,0.0,-0.06981,143.2503,0.8993,stand_1,288.4177,0.0,-0.06981,0.0,-0.06981,Sidewalk
312.0,154.7529,3.0428,2.16421,0.0,-0.06981,143.2503,0.8993,stand_1,288.4177,0.0,-0.06981,0.0,-0.06981,Sidewalk
312.5,154.7529,3.0428,2.1293,0.0,-0.06981,143.2503,0.8993,stand_1,288.4177,0.0,-0.06981,0.0,-0.06981,Sidewalk
313.0,154.7529,3.0428,2.0944,0.0,-0.06981,143.2503,0.8993,stand_1,288.4177,0.0,-0.06981,0.0,-0.06981,Sidewalk
313.5,154.7529,3.0428,2.05949,0.0,-0.06981,143.2503,0.8993,stand_1,288.4177,0.0,-0.06981,0.0,-0.06981,Sidewalk
314.0,154.7529,3.0428,2.02458,0.0,-0.06981,143.2503,0.8993,stand_1,288.4177,0.0,-0.06981,0.0,-0.06981,Sidewalk
314.5,154.7529,3.0428,1.98968,0.0,-0.06981,143.2503,0.8993,stand_1,288.4177,0.0,-0.06981,0.0,-0.06981,Sidewalk
315.0,154.7529,3.0428,1.95477,0.0,-0.06981,143.2503,0.8993,stand_1,288.4177,0.0,-0.06981,0.0,-0.06981,Sidewalk
315.5,154.7529,3.0428,1.91986,0.0,-0.06981,143.2503,0.8993,stand_1,288.4177,0.0,-0.06981,0.0,-0.06981,Sidewalk
316.0,154.7529,3.0428,1.88496,0.0,-0.06981,143.2503,0.8993,stand_1,288.4177,0.0,-0.06981,0.0,-0.06981,Sidewalk
316.5,154.7529,3.0428,1.85005,0.0,-0.06981,143.2503,0.8993,stand_1,288.4177,0.0,-0.06981,0.0,-0.06981,Sidewalk
317.0,154.7529,3.0428,1.81514,0.0,-0.06981,143.2503,0.8993,stand_1,288.4177,0.0,-0.06981,0.0,-0.06981,Sidewalk
317.5,154.7529,3.0428,1.78024,0.0,-0.06981,143.2503,0.8993,stand_1,288.4177,0.0,-0.06981,0.0,-0.06981,Sidewalk
318.0,154.7529,3.0428,1.74533,0.0,-0.06981,143.2503,0.8993,stand_1,288.4177,0.0,-0.06981,0.0,-0.06981,Sidewalk
318.5,154.7529,3.0428,1.71042,0.0,-0.06981,143.2503,0.8993,stand_1,288.4177,0.0,-0.06981,0.0,-0.06981,Sidewalk
319.0,154.7529,3.0428,1.67552,0.0,-0.06981,143.2503,0.8993,stand_1,288.4177,0.0,-0.06981,0.0,-0.06981,Sidewalk
319.5,154.7529,3.0428,1.64061,0.0,-0.06981,143.2503,0.8993,stand_1,288.4177,0.0,-0.06981,0.0,-0.06981,Sidewalk
320.0,154.7529,3.0428,1.6057,0.0,-0.06981,143.2503,0.8993,stand_1,288.4177,0.0,-0.06981,0.0,-0.06981,Sidewalk
320.5,154.7529,3.0428,1.5708,0.0,-0.06981,143.2503,0.8993,stand_1,288.4177,0.0,-0.06981,0.0,-0.06981,Sidewalk
321.0,154.7529,3.0428,1.53589,0.0,-0.06981,143.2503,0.8993,stand_1,288.4177,0.0,-0.06981,0.0,-0.06981,Sidewalk
321.5,154.7529,3.0428,1.50098,0.0,-0.06981,143.2503,0.8993,stand_1,288.4177,0.0,-0.06981,0.0,-0.06981,Sidewalk
322.0,154.7529,3.0428,1.46608,0.0,-0.06981,143.2503,0.8993,stand_1,288.4177,0.0,-0.06981,0.0,-0.06981,Sidewalk
322.5,154.7529,3.0428,1.43117,0.0,-0.06981,143.2503,0.8993,stand_1,288.4177,0.0,-0.06981,0.0,-0.06981,Sidewalk
323.0,154.7529,3.0428,1.39626,0.0,-0.06981,143.2503,0.8993,stand_1,288.4177,0.0,-0.06981,0.0,-0.06981,Sidewalk
323.5,154.7529,3.0428,1.36136,0.0,-0.06981,143.2503,0.8993,stand_1,288.4177,0.0,-0.06981,0.0,-0.06981,Sidewalk
324.0,154.7529,3.0428,1.32645,0.0,-0.06981,143.2503,0.8993,stand_1,288.4178,0.0,-0.06981,0.0,-0.06981,Sidewalk
324.5,154.7529,3.0428,1.29154,0.0,-0.06981,143.2503,0.8993,stand_1,288.4178,0.0,-0.06981,0.0,-0.06981,Sidewalk
325.0,154.7529,3.0428,1.25664,0.0,-0.06981,143.2503,0.8993,stand_1,288.4178,0.0,-0.06981,0.0,-0.06981,Sidewalk
325.5,154.7529,3.0428,1.22173,0.0,-0.06981,143.2503,0.8993,stand_1,288.4178,0.0,-0.06981,0.0,-0.06981,Sidewalk
326.0,154.7529,3.0428,1.18682,0.0,-0.06981,143.2503,0.8993,stand_1,288.4178,0.0,-0.06981,0.0,-0.06981,Sidewalk
326.5,154.7529,3.0428,1.15192,0.0,-0.06981,143.2503,0.8993,stand_1,288.4178,0.0,-0.06981,0.0,-0.06981,Sidewalk
327.0,154.7529,3.0428,1.11701,0.0,-0.06981,143.2503,0.8993,stand_1,288.4178,0.0,-0.06981,0.0,-0.06981,Sidewalk
327.5,154.7529,3.0428,1.0821,0.0,-0.06981,143.2503,0.8993,stand_1,288.4178,0.0,-0.06981,0.0,-0.06981,Sidewalk
328.0,154.7529,3.0428,1.0472,0.0,-0.06981,143.2503,0.8993,stand_1,288.4178,0.0,-0.06981,0.0,-0.06981,Sidewalk
328.5,154.7529,3.0428,1.01229,0.0,-0.06981,143.2503,0.8993,stand_1,288.4178,0.0,-0.06981,0.0,-0.06981,Sidewalk
329.0,154.7529,3.0428,0.97738,0.0,-0.06981,143.2503,0.8993,stand_1,288.4178,0.0,-0.06981,0.0,-0.06981,Sidewalk
329.5,154.7529,3.0428,0.94248,0.0,-0.06981,143.2503,0.8993,stand_1,288.4178,0.0,-0.06981,0.0,-0.06981,Sidewalk
330.0,154.7529,3.0428,0.90757,0.0,-0.06981,143.2503,0.8993,stand_1,288.4178,0.0,-0.06981,0.0,-0.06981,Sidewalk
330.5,154.7529,3.0428,0.87266,0.0,-0.06981,143.2503,0.8993,stand_1,288.4178,0.0,-0.06981,0.0,-0.06981,Sidewalk
331.0,154.7529,3.0428,0.83776,0.0,-0.06981,143.2503,0.8993,stand_1,288.4178,0.0,-0.06981,0.0,-0.06981,Sidewalk
331.5,154.7529,3.0428,0.80285,0.0,-0.06981,143.2503,0.8993,stand_1,288.4178,0.0,-0.06981,0.0,-0.06981,Sidewalk
332.0,154.7529,3.0428,0.76794,0.0,-0.06981,143.2503,0.8993,stand_1,288.4178,0.0,-0.06981,0.0,-0.06981,Sidewalk
332.5,154.7529,3.0428,0.73304,0.0,-0.06981,143.2503,0.8993,stand_1,288.4178,0.0,-0.06981,0.0,-0.06981,Sidewalk
333.0,154.7529,3.0428,0.69813,0.0,-0.06981,143.2503,0.8993,stand_1,288.4178,0.0,-0.06981,0.0,-0.06981,Sidewalk
333.5,154.7529,3.0428,0.66323,0.0,-0.06981,143.2503,0.8993,stand_1,288.4178,0.0,-0.06981,0.0,-0.06981,Sidewalk
334.0,154.7529,3.0428,0.62832,0.0,-0.06981,143.2503,0.8993,stand_1,288.4178,0.0,-0.06981,0.0,-0.06981,Sidewalk
334.5,154.7529,3.0428,0.59341,0.0,-0.06981,143.2503,0.8993,stand_1,288.4178,0.0,-0.06981,0.0,-0.06981,Sidewalk
335.0,154.7529,3.0428,0.55851,0.0,-0.06981,143.2503,0.8993,stand_1,288.4178,0.0,-0.06981,0.0,-0.06981,Sidewalk
335.5,154.7529,3.0428,0.5236,0.0,-0.06981,143.2503,0.8993,stand_1,288.4178,0.0,-0.06981,0.0,-0.06981,Sidewalk
336.0,154.7529,3.0428,0.48869,0.0,-0.06981,143.2503,0.8993,stand_1,288.4178,0.0,-0.06981,0.0,-0.06981,Sidewalk
336.5,154.7529,3.0428,0.45379,0.0,-0.06981,143.2503,0.8993,stand_1,288.4178,0.0,-0.06981,0.0,-0.06981,Sidewalk
337.0,154.7529,3.0428,0.41888,0.0,-0.06981,143.2503,0.8993,stand_1,288.4178,0.0,-0.06981,0.0,-0.06981,Sidewalk
337.5,154.7529,3.0428,0.38397,0.0,-0.06981,143.2503,0.8993,stand_1,288.4179,0.0,-0.06981,0.0,-0.06981,Sidewalk
338.0,154.7529,3.0428,0.34907,0.0,-0.06981,143.2503,0.8993,stand_1,288.4179,0.0,-0.06981,0.0,-0.06981,Sidewalk
338.5,154.7529,3.0428,0.31416,0.0,-0.06981,143.2503,0.8993,stand_1,288.4179,0.0,-0.06981,0.0,-0.06981,Sidewalk
339.0,154.7529,3.0428,0.27925,0.0,-0.06981,143.2503,0.8993,stand_1,288.4179,0.0,-0.06981,0.0,-0.06981,Sidewalk
339.5,154.7529,3.0428,0.24435,0.0,-0.06981,143.2503,0.8993,stand_1,288.4179,0.0,-0.06981,0.0,-0.06981,Sidewalk
340.0,154.7529,3.0428,0.20944,0.0,-0.06981,143.2503,0.8993,stand_1,288.4179,0.0,-0.06981,0.0,-0.06981,Sidewalk
340.5,154.7529,3.0428,0.17453,0.0,-0.06981,143.2503,0.8992,stand_1,288.4179,0.0,-0.06981,0.0,-0.06981,Sidewalk
341.0,154.7529,3.0428,0.13963,0.0,-0.06981,143.2503,0.8992,stand_1,288.4179,0.0,-0.06981,0.0,-0.06981,Sidewalk
341.5,154.7529,3.0428,0.10472,0.0,-0.06981,143.2503,0.8992,stand_1,288.4179,0.0,-0.06981,0.0,-0.06981,Sidewalk
342.0,154.7529,3.0428,0.06981,0.0,-0.06981,143.2503,0.8992,stand_1,288.4179,0.0,-0.06981,0.0,-0.06981,Sidewalk
342.5,154.7529,3.0428,0.03491,0.0,-0.06981,143.2503,0.8992,stand_1,288.4179,0.0,-0.06981,0.0,-0.06981,Sidewalk
343.0,154.7529,3.0428,0.0,0.0,-0.06981,143.2503,0.8992,stand_1,288.4179,0.0,-0.06981,0.0,-0.06981,Sidewalk
343.5,154.7529,3.0428,-0.03491,0.0,-0.06981,143.2503,0.8992,stand_1,288.4179,0.0,-0.06981,0.0,-0.06981,Sidewalk
344.0,154.7529,3.0428,-0.06981,0.0,-0.06981,143.2503,0.8992,stand_1,288.4179,0.0,-0.06981,0.0,-0.06981,Sidewalk
344.5,154.7529,3.0428,-0.10472,0.0,-0.06981,143.2503,0.8992,stand_1,288.4179,0.0,-0.06981,0.0,-0.06981,Sidewalk
345.0,154.7529,3.0428,-0.13963,0.0,-0.06981,143.2503,0.8992,stand_1,288.4179,0.0,-0.06981,0.0,-0.06981,Sidewalk
345.5,154.7529,3.0428,-0.17453,0.0,-0.06981,143.2503,0.8992,stand_1,288.4179,0.0,-0.06981,0.0,-0.06981,Sidewalk
346.0,154.7529,3.0428,-0.20944,0.0,-0.06981,143.2503,0.8992,stand_1,288.4179,0.0,-0.06981,0.0,-0.06981,Sidewalk
346.5,154.7529,3.0428,-0.24435,0.0,-0.06981,143.2503,0.8992,stand_1,288.4179,0.0,-0.06981,0.0,-0.06981,Sidewalk
347.0,154.7529,3.0428,-0.27925,0.0,-0.06981,143.2503,0.8992,stand_1,288.4179,0.0,-0.06981,0.0,-0.06981,Sidewalk
347.5,154.7529,3.0428,-0.31416,0.0,-0.06981,143.2503,0.8992,stand_1,288.4179,0.0,-0.06981,0.0,-0.06981,Sidewalk
348.0,154.7529,3.0428,-0.34907,0.0,-0.06981,143.2503,0.8992,stand_1,288.4179,0.0,-0.06981,0.0,-0.06981,Sidewalk
348.5,154.7529,3.0428,-0.38397,0.0,-0.06981,143.2503,0.8992,stand_1,288.4179,0.0,-0.06981,0.0,-0.06981,Sidewalk
349.0,154.7529,3.0428,-0.41888,0.0,-0.06981,143.2503,0.8992,stand_1,288.4179,0.0,-0.06981,0.0,-0.06981,Sidewalk
349.5,154.7529,3.0428,-0.45379,0.0,-0.06981,143.2503,0.8992,stand_1,288.4179,0.0,-0.06981,0.0,-0.06981,Sidewalk
350.0,154.7529,3.0428,-0.48869,0.0,-0.06981,143.2503,0.8992,stand_1,288.4179,0.0,-0.06981,0.0,-0.06981,Sidewalk
350.5,154.7529,3.0428,-0.5236,0.0,-0.06981,143.2503,0.8992,stand_1,288.4179,0.0,-0.06981,0.0,-0.06981,Sidewalk
351.0,154.7529,3.0428,-0.55851,0.0,-0.06981,143.2503,0.8992,stand_1,288.4179,0.0,-0.06981,0.0,-0.06981,Sidewalk
351.5,154.7529,3.0428,-0.59341,0.0,-0.06981,143.2503,0.8992,stand_1,288.4179,0.0,-0.06981,0.0,-0.06981,Sidewalk
352.0,154.7529,3.0428,-0.62832,0.0,-0.06981,143.2503,0.8992,stand_1,288.4179,0.0,-0.06981,0.0,-0.06981,Sidewalk
352.5,154.7529,3.0428,-0.66323,0.0,-0.06981,143.2503,0.8992,stand_1,288.418,0.0,-0.06981,0.0,-0.06981,Sidewalk
353.0,154.7529,3.0428,-0.69813,0.0,-0.06981,143.2503,0.8992,stand_1,288.418,0.0,-0.06981,0.0,-0.06981,Sidewalk
353.5,154.7529,3.0428,-0.73304,0.0,-0.06981,143.2503,0.8992,stand_1,288.418,0.0,-0.06981,0.0,-0.06981,Sidewalk
354.0,154.7529,3.0428,-0.76794,0.0,-0.06981,143.2503,0.8992,stand_1,288.418,0.0,-0.06981,0.0,-0.06981,Sidewalk
354.5,154.7529,3.0428,-0.80285,0.0,-0.06981,143.2503,0.8992,stand_1,288.418,0.0,-0.06981,0.0,-0.06981,Sidewalk
355.0,154.7529,3.0428,-0.83776,0.0,-0.06981,143.2503,0.8992,stand_1,288.418,0.0,-0.06981,0.0,-0.06981,Sidewalk
355.5,154.7529,3.0428,-0.87266,0.0,-0.06981,143.2503,0.8992,stand_1,288.418,0.0,-0.06981,0.0,-0.06981,Sidewalk
356.0,154.7529,3.0428,-0.90757,0.0,-0.06981,143.2503,0.8992,stand_1,288.418,0.0,-0.06981,0.0,-0.06981,Sidewalk
356.5,154.7529,3.0428,-0.94248,0.0,-0.06981,143.2503,0.8992,stand_1,288.418,0.0,-0.06981,0.0,-0.06981,Sidewalk
357.0,154.7529,3.0428,-0.97738,0.0,-0.06981,143.2503,0.8992,stand_1,288.418,0.0,-0.06981,0.0,-0.06981,Sidewalk
357.5,154.7529,3.0428,-1.01229,0.0,-0.06981,143.2503,0.8992,stand_1,288.418,0.0,-0.06981,0.0,-0.06981,Sidewalk
358.0,154.7529,3.0428,-1.0472,0.0,-0.06981,143.2503,0.8992,stand_1,288.418,0.0,-0.06981,0.0,-0.06981,Sidewalk
358.5,154.7529,3.0428,-1.0821,0.0,-0.06981,143.2503,0.8992,stand_1,288.418,0.0,-0.06981,0.0,-0.06981,Sidewalk
359.0,154.7529,3.0428,-1.11701,0.0,-0.06981,143.2503,0.8992,stand_1,288.418,0.0,-0.06981,0.0,-0.06981,Sidewalk
359.5,154.7529,3.0428,-1.15192,0.0,-0.06981,143.2503,0.8992,stand_1,288.418,0.0,-0.06981,0.0,-0.06981,Sidewalk
360.0,154.7529,3.0428,-1.18682,0.0,-0.06981,143.2503,0.8992,stand_1,288.418,0.0,-0.06981,0.0,-0.06981,Sidewalk
360.5,154.7529,3.0428,-1.22173,0.0,-0.06981,143.2503,0.8992,stand_1,288.418,0.0,-0.06981,0.0,-0.06981,Sidewalk
361.0,154.7529,3.0428,-1.25664,0.0,-0.06981,143.2503,0.8992,stand_1,288.418,0.0,-0.06981,0.0,-0.06981,Sidewalk
361.5,154.7529,3.0428,-1.29154,0.0,-0.06981,143.2503,0.8992,stand_1,288.418,0.0,-0.06981,0.0,-0.06981,Sidewalk
362.0,154.7529,3.0428,-1.32645,0.0,-0.06981,143.2503,0.8992,stand_1,288.418,0.0,-0.06981,0.0,-0.06981,Sidewalk
362.5,154.7529,3.0428,-1.36136,0.0,-0.06981,143.2503,0.8992,stand_1,288.418,0.0,-0.06981,0.0,-0.06981,Sidewalk
363.0,154.7529,3.0428,-1.39626,0.0,-0.06981,143.2503,0.8992,stand_1,288.418,0.0,-0.06981,0.0,-0.06981,Sidewalk
363.5,154.7529,3.0428,-1.43117,0.0,-0.06981,143.2503,0.8992,stand_1,288.418,0.0,-0.06981,0.0,-0.06981,Sidewalk
364.0,154.7529,3.0428,-1.46608,0.0,-0.06981,143.2503,0.8992,stand_1,288.418,0.0,-0.06981,0.0,-0.06981,Sidewalk
364.5,154.7529,3.0428,-1.50098,0.0,-0.06981,143.2503,0.8992,stand_1,288.418,0.0,-0.06981,0.0,-0.06981,Sidewalk
365.0,154.7529,3.0428,-1.53589,0.0,-0.06981,143.2503,0.8992,stand_1,288.418,0.0,-0.06981,0.0,-0.06981,Sidewalk
365.5,154.7529,3.0428,-1.5708,0.0,-0.06981,143.2503,0.8992,stand_1,288.418,0.0,-0.06981,0.0,-0.06981,Sidewalk
366.0,154.7529,3.0428,-1.6057,0.0,-0.06981,143.2503,0.8992,stand_1,288.418,0.0,-0.06981,0.0,-0.06981,Sidewalk
366.5,154.7529,3.0428,-1.64061,0.0,-0.06981,143.2503,0.8992,stand_1,288.418,0.0,-0.06981,0.0,-0.06981,Sidewalk
367.0,154.7529,3.0428,-1.67552,0.0,-0.06981,143.2503,0.8992,stand_1,288.418,0.0,-0.06981,0.0,-0.06981,Sidewalk
367.5,154.7529,3.0428,-1.71042,0.0,-0.06981,143.2503,0.8992,stand_1,288.4181,0.0,-0.06981,0.0,-0.06981,Sidewalk
368.0,154.7529,3.0428,-1.74533,0.0,-0.06981,143.2503,0.8992,stand_1,288.4181,0.0,-0.06981,0.0,-0.06981,Sidewalk
368.5,154.7529,3.0428,-1.78024,0.0,-0.06981,143.2503,0.8992,stand_1,288.4181,0.0,-0.06981,0.0,-0.06981,Sidewalk
369.0,154.7529,3.0428,-1.81514,0.0,-0.06981,143.2503,0.8992,stand_1,288.4181,0.0,-0.06981,0.0,-0.06981,Sidewalk
369.5,154.7529,3.0428,-1.85005,0.0,-0.06981,143.2503,0.8992,stand_1,288.4181,0.0,-0.06981,0.0,-0.06981,Sidewalk
370.0,154.7529,3.0428,-1.88496,0.0,-0.06981,143.2503,0.8992,stand_1,288.4181,0.0,-0.06981,0.0,-0.06981,Sidewalk
370.5,154.7529,3.0428,-1.91986,0.0,-0.06981,143.2503,0.8992,stand_1,288.4181,0.0,-0.06981,0.0,-0.06981,Sidewalk
371.0,154.7529,3.0428,-1.95477,0.0,-0.06981,143.2503,0.8992,stand_1,288.4181,0.0,-0.06981,0.0,-0.06981,Sidewalk
371.5,154.7529,3.0428,-1.98968,0.0,-0.06981,143.2503,0.8992,stand_1,288.4181,0.0,-0.06981,0.0,-0.06981,Sidewalk
372.0,154.7529,3.0428,-2.02458,0.0,-0.06981,143.2503,0.8992,stand_1,288.4181,0.0,-0.06981,0.0,-0.06981,Sidewalk
372.5,154.7529,3.0428,-2.05949,0.0,-0.06981,143.2503,0.8992,stand_1,288.4181,0.0,-0.06981,0.0,-0.06981,Sidewalk
373.0,154.7529,3.0428,-2.0944,0.0,-0.06981,143.2503,0.8992,stand_1,288.4181,0.0,-0.06981,0.0,-0.06981,Sidewalk
373.5,154.7529,3.0428,-2.1293,0.0,-0.06981,143.2503,0.8992,stand_1,288.4181,0.0,-0.06981,0.0,-0.06981,Sidewalk
374.0,154.7529,3.0428,-2.16421,0.0,-0.06981,143.2503,0.8992,stand_1,288.4181,0.0,-0.06981,0.0,-0.06981,Sidewalk
374.5,154.7529,3.0428,-2.19911,0.0,-0.06981,143.2503,0.8992,stand_1,288.4181,0.0,-0.06981,0.0,-0.06981,Sidewalk
375.0,154.7529,3.0428,-2.23402,0.0,-0.06981,143.2503,0.8992,stand_1,288.4181,0.0,-0.06981,0.0,-0.06981,Sidewalk
375.5,154.7529,3.0428,-2.26893,0.0,-0.06981,143.2503,0.8992,stand_1,288.4181,0.0,-0.06981,0.0,-0.06981,Sidewalk
376.0,154.7529,3.0428,-2.30383,0.0,-0.06981,143.2503,0.8992,stand_1,288.4181,0.0,-0.06981,0.0,-0.06981,Sidewalk
376.5,154.7529,3.0428,-2.33874,0.0,-0.06981,143.2503,0.8992,stand_1,288.4181,0.0,-0.06981,0.0,-0.06981,Sidewalk
377.0,154.7529,3.0428,-2.37365,0.0,-0.06981,143.2503,0.8992,stand_1,288.4181,0.0,-0.06981,0.0,-0.06981,Sidewalk
377.5,154.7529,3.0428,-2.40855,0.0,-0.06981,143.2503,0.8991,stand_1,288.4181,0.0,-0.06981,0.0,-0.06981,Sidewalk
378.0,154.7529,3.0428,-2.44346,0.0,-0.06981,143.2503,0.8991,stand_1,288.4181,0.0,-0.06981,0.0,-0.06981,Sidewalk
378.5,154.7529,3.0428,-2.47837,0.0,-0.06981,143.2503,0.8991,stand_1,288.4181,0.0,-0.06981,0.0,-0.06981,Sidewalk
379.0,154.7529,3.0428,-2.51327,0.0,-0.06981,143.2503,0.8991,stand_1,288.4181,0.0,-0.06981,0.0,-0.06981,Sidewalk
379.5,154.7529,3.0428,-2.54818,0.0,-0.06981,143.2503,0.8991,stand_1,288.4181,0.0,-0.06981,0.0,-0.06981,Sidewalk
380.0,154.7529,3.0428,-2.58309,0.0,-0.06981,143.2503,0.8991,stand_1,288.4181,0.0,-0.06981,0.0,-0.06981,Sidewalk
380.5,154.7529,3.0428,-2.61799,0.0,-0.06981,143.2503,0.8991,stand_1,288.4181,0.0,-0.06981,0.0,-0.06981,Sidewalk
381.0,154.7529,3.0428,-2.6529,0.0,-0.06981,143.2503,0.8991,stand_1,288.4181,0.0,-0.06981,0.0,-0.06981,Sidewalk
381.5,154.7529,3.0428,-2.68781,0.0,-0.06981,143.2503,0.8991,stand_1,288.4181,0.0,-0.06981,0.0,-0.06981,Sidewalk
382.0,154.7529,3.0428,-2.72271,0.0,-0.06981,143.2503,0.8991,stand_1,288.4181,0.0,-0.06981,0.0,-0.06981,Sidewalk
382.5,154.7529,3.0428,-2.75762,0.0,-0.06981,143.2503,0.8991,stand_1,288.4181,0.0,-0.06981,0.0,-0.06981,Sidewalk
383.0,154.7529,3.0428,-2.79253,0.0,-0.06981,143.2503,0.8991,stand_1,288.4182,0.0,-0.06981,0.0,-0.06981,Sidewalk
383.5,154.7529,3.0428,-2.82743,0.0,-0.06981,143.2503,0.8991,stand_1,288.4182,0.0,-0.06981,0.0,-0.06981,Sidewalk
384.0,154.7529,3.0428,-2.86234,0.0,-0.06981,143.2503,0.8991,stand_1,288.4182,0.0,-0.06981,0.0,-0.06981,Sidewalk
384.5,154.7529,3.0428,-2.89725,0.0,-0.06981,143.2503,0.8991,stand_1,288.4182,0.0,-0.06981,0.0,-0.06981,Sidewalk
385.0,154.7529,3.0428,-2.93215,0.0,-0.06981,143.2503,0.8991,stand_1,288.4182,0.0,-0.06981,0.0,-0.06981,Sidewalk
385.5,154.7529,3.0428,-2.96706,0.0,-0.06981,143.2503,0.8991,stand_1,288.4182,0.0,-0.06981,0.0,-0.06981,Sidewalk
386.0,154.7529,3.0428,-3.00197,0.0,-0.06981,143.2503,0.8991,stand_1,288.4182,0.0,-0.06981,0.0,-0.06981,Sidewalk
386.5,154.7529,3.0428,-3.03687,0.0,-0.06981,143.2503,0.8991,stand_1,288.4182,0.0,-0.06981,0.0,-0.06981,Sidewalk
387.0,154.7529,3.0428,-3.07178,0.0,-0.06981,143.2503,0.8991,stand_1,288.4182,0.0,-0.06981,0.0,-0.06981,Sidewalk
387.5,154.7529,3.0428,-3.10669,0.0,-0.06981,143.2503,0.8991,stand_1,288.4182,0.0,-0.06981,0.0,-0.06981,Sidewalk
388.0,154.7529,3.0428,-3.14159,0.0,-0.06981,143.2503,0.8991,stand_1,288.4182,0.0,-0.06981,0.0,-0.06981,Sidewalk
388.5,154.7529,3.0428,3.10669,0.0,-0.06981,143.2503,0.8991,stand_1,288.4182,0.0,-0.06981,0.0,-0.06981,Sidewalk
389.0,154.7529,3.0428,3.07178,0.0,-0.06981,143.2503,0.8991,stand_1,288.4182,0.0,-0.06981,0.0,-0.06981,Sidewalk
389.5,154.7529,3.0428,3.03687,0.0,-0.06981,143.2503,0.8991,stand_1,288.4182,0.0,-0.06981,0.0,-0.06981,Sidewalk
390.0,154.7529,3.0428,3.00197,0.0,-0.06981,143.2503,0.8991,stand_1,288.4182,0.0,-0.06981,0.0,-0.06981,Sidewalk
390.5,154.7529,3.0428,2.96706,0.0,-0.06981,143.2503,0.8991,stand_1,288.4182,0.0,-0.06981,0.0,-0.06981,Sidewalk
391.0,154.7529,3.0428,2.93215,0.0,-0.06981,143.2503,0.8991,stand_1,288.4182,0.0,-0.06981,0.0,-0.06981,Sidewalk
391.5,154.7529,3.0428,2.89725,0.0,-0.06981,143.2503,0.8991,stand_1,288.4182,0.0,-0.06981,0.0,-0.06981,Sidewalk
392.0,154.7529,3.0428,2.86234,0.0,-0.06981,143.2503,0.8991,stand_1,288.4182,0.0,-0.06981,0.0,-0.06981,Sidewalk
392.5,154.7529,3.0428,2.82743,0.0,-0.06981,143.2503,0.8991,stand_1,288.4182,0.0,-0.06981,0.0,-0.06981,Sidewalk
393.0,154.7529,3.0428,2.79253,0.0,-0.06981,143.2503,0.8991,stand_1,288.4182,0.0,-0.06981,0.0,-0.06981,Sidewalk
393.5,154.7529,3.0428,2.75762,0.0,-0.06981,143.2503,0.8991,stand_1,288.4182,0.0,-0.06981,0.0,-0.06981,Sidewalk
394.0,154.7529,3.0428,2.72271,0.0,-0.06981,143.2503,0.8991,stand_1,288.4182,0.0,-0.06981,0.0,-0.06981,Sidewalk
394.5,154.7529,3.0428,2.68781,0.0,-0.06981,143.2503,0.8991,stand_1,288.4182,0.0,-0.06981,0.0,-0.06981,Sidewalk
395.0,154.7529,3.0428,2.6529,0.0,-0.06981,143.2503,0.8991,stand_1,288.4182,0.0,-0.06981,0.0,-0.06981,Sidewalk
395.5,154.7529,3.0428,2.61799,0.0,-0.06981,143.2503,0.8991,stand_1,288.4182,0.0,-0.06981,0.0,-0.06981,Sidewalk
396.0,154.7529,3.0428,2.58309,0.0,-0.06981,143.2503,0.8991,stand_1,288.4182,0.0,-0.06981,0.0,-0.06981,Sidewalk
396.5,154.7529,3.0428,2.54818,0.0,-0.06981,143.2503,0.8991,stand_1,288.4182,0.0,-0.06981,0.0,-0.06981,Sidewalk
397.0,154.7529,3.0428,2.51327,0.0,-0.06981,143.2503,0.8991,stand_1,288.4182,0.0,-0.06981,0.0,-0.06981,Sidewalk
397.5,154.7529,3.0428,2.47837,0.0,-0.06981,143.2503,0.8991,stand_1,288.4182,0.0,-0.06981,0.0,-0.06981,Sidewalk
398.0,154.7529,3.0428,2.44346,0.0,-0.06981,143.2503,0.8991,stand_1,288.4183,0.0,-0.06981,0.0,-0.06981,Sidewalk
398.5,154.7529,3.0428,2.40855,0.0,-0.06981,143.2503,0.8991,stand_1,288.4183,0.0,-0.06981,0.0,-0.06981,Sidewalk
399.0,154.7529,3.0428,2.37365,0.0,-0.06981,143.2503,0.8991,stand_1,288.4183,0.0,-0.06981,0.0,-0.06981,Sidewalk
399.5,154.7529,3.0428,2.33874,0.0,-0.06981,143.2503,0.8991,stand_1,288.4183,0.0,-0.06981,0.0,-0.06981,Sidewalk
400.0,154.7529,3.0428,2.30383,0.0,-0.06981,143.2503,0.8991,stand_1,288.4183,0.0,-0.06981,0.0,-0.06981,Sidewalk
400.5,154.7529,3.0428,2.26893,0.0,-0.06981,143.2503,0.8991,stand_1,288.4183,0.0,-0.06981,0.0,-0.06981,Sidewalk
401.0,154.7529,3.0428,2.23402,0.0,-0.06981,143.2503,0.8991,stand_1,288.4183,0.0,-0.06981,0.0,-0.06981,Sidewalk
401.5,154.7529,3.0428,2.19911,0.0,-0.06981,143.2503,0.8991,stand_1,288.4183,0.0,-0.06981,0.0,-0.06981,Sidewalk
402.0,154.7529,3.0428,2.16421,0.0,-0.06981,143.2503,0.8991,stand_1,288.4183,0.0,-0.06981,0.0,-0.06981,Sidewalk
402.5,154.7529,3.0428,2.1293,0.0,-0.06981,143.2503,0.8991,stand_1,288.4183,0.0,-0.06981,0.0,-0.06981,Sidewalk
403.0,154.7529,3.0428,2.0944,0.0,-0.06981,143.2503,0.8991,stand_1,288.4183,0.0,-0.06981,0.0,-0.06981,Sidewalk
403.5,154.7529,3.0428,2.05949,0.0,-0.06981,143.2503,0.8991,stand_1,288.4183,0.0,-0.06981,0.0,-0.06981,Sidewalk
404.0,154.7529,3.0428,2.02458,0.0,-0.06981,143.2503,0.8991,stand_1,288.4183,0.0,-0.06981,0.0,-0.06981,Sidewalk
404.5,154.7529,3.0428,1.98968,0.0,-0.06981,143.2503,0.8991,stand_1,288.4183,0.0,-0.06981,0.0,-0.06981,Sidewalk
405.0,154.7529,3.0428,1.95477,0.0,-0.06981,143.2503,0.8991,stand_1,288.4183,0.0,-0.06981,0.0,-0.06981,Sidewalk
405.5,154.7529,3.0428,1.91986,0.0,-0.06981,143.2503,0.8991,stand_1,288.4183,0.0,-0.06981,0.0,-0.06981,Sidewalk
406.0,154.7529,3.0428,1.88496,0.0,-0.06981,143.2503,0.8991,stand_1,288.4183,0.0,-0.06981,0.0,-0.06981,Sidewalk
406.5,154.7529,3.0428,1.85005,0.0,-0.06981,143.2503,0.8991,stand_1,288.4183,0.0,-0.06981,0.0,-0.06981,Sidewalk
407.0,154.7529,3.0428,1.81514,0.0,-0.06981,143.2503,0.8991,stand_1,288.4183,0.0,-0.06981,0.0,-0.06981,Sidewalk
407.5,154.7529,3.0428,1.78024,0.0,-0.06981,143.2503,0.8991,stand_1,288.4183,0.0,-0.06981,0.0,-0.06981,Sidewalk
408.0,154.7529,3.0428,1.74533,0.0,-0.06981,143.2503,0.8991,stand_1,288.4183,0.0,-0.06981,0.0,-0.06981,Sidewalk
408.5,154.7529,3.0428,1.71042,0.0,-0.06981,143.2503,0.8991,stand_1,288.4183,0.0,-0.06981,0.0,-0.06981,Sidewalk
409.0,154.7529,3.0428,1.67552,0.0,-0.06981,143.2503,0.8991,stand_1,288.4183,0.0,-0.06981,0.0,-0.06981,Sidewalk
409.5,154.7529,3.0428,1.64061,0.0,-0.06981,143.2503,0.8991,stand_1,288.4183,0.0,-0.06981,0.0,-0.06981,Sidewalk
410.0,154.7529,3.0428,1.6057,0.0,-0.06981,143.2503,0.8991,stand_1,288.4183,0.0,-0.06981,0.0,-0.06981,Sidewalk
410.5,154.7529,3.0428,1.5708,0.0,-0.06981,143.2503,0.8991,stand_1,288.4183,0.0,-0.06981,0.0,-0.06981,Sidewalk
411.0,154.7529,3.0428,1.53589,0.0,-0.06981,143.2503,0.8991,stand_1,288.4183,0.0,-0.06981,0.0,-0.06981,Sidewalk
411.5,154.7529,3.0428,1.50098,0.0,-0.06981,143.2503,0.8991,stand_1,288.4183,0.0,-0.06981,0.0,-0.06981,Sidewalk
412.0,154.7529,3.0428,1.46608,0.0,-0.06981,143.2503,0.8991,stand_1,288.4183,0.0,-0.06981,0.0,-0.06981,Sidewalk
412.5,154.7529,3.0428,1.43117,0.0,-0.06981,143.2503,0.899,stand_1,288.4183,0.0,-0.06981,0.0,-0.06981,Sidewalk
413.0,154.7529,3.0428,1.39626,0.0,-0.06981,143.2503,0.899,stand_1,288.4184,0.0,-0.06981,0.0,-0.06981,Sidewalk
413.5,154.7529,3.0428,1.36136,0.0,-0.06981,143.2503,0.899,stand_1,288.4184,0.0,-0.06981,0.0,-0.06981,Sidewalk
414.0,154.7529,3.0428,1.32645,0.0,-0.06981,143.2503,0.899,stand_1,288.4184,0.0,-0.06981,0.0,-0.06981,Sidewalk
414.5,154.7529,3.0428,1.29154,0.0,-0.06981,143.2503,0.899,stand_1,288.4184,0.0,-0.06981,0.0,-0.06981,Sidewalk
415.0,154.7529,3.0428,1.25664,0.0,-0.06981,143.2503,0.899,stand_1,288.4184,0.0,-0.06981,0.0,-0.06981,Sidewalk
415.5,154.7529,3.0428,1.22173,0.0,-0.06981,143.2503,0.899,stand_1,288.4184,0.0,-0.06981,0.0,-0.06981,Sidewalk
416.0,154.7529,3.0428,1.18682,0.0,-0.06981,143.2503,0.899,stand_1,288.4184,0.0,-0.06981,0.0,-0.06981,Sidewalk
416.5,154.7529,3.0428,1.15192,0.0,-0.06981,143.2503,0.899,stand_1,288.4184,0.0,-0.06981,0.0,-0.06981,Sidewalk
417.0,154.7529,3.0428,1.11701,0.0,-0.06981,143.2503,0.899,stand_1,288.4184,0.0,-0.06981,0.0,-0.06981,Sidewalk
417.5,154.7529,3.0428,1.0821,0.0,-0.06981,143.2503,0.899,stand_1,288.4184,0.0,-0.06981,0.0,-0.06981,Sidewalk
418.0,154.7529,3.0428,1.0472,0.0,-0.06981,143.2503,0.899,stand_1,288.4184,0.0,-0.06981,0.0,-0.06981,Sidewalk
418.5,154.7529,3.0428,1.01229,0.0,-0.06981,143.2503,0.899,stand_1,288.4184,0.0,-0.06981,0.0,-0.06981,Sidewalk
419.0,154.7529,3.0428,0.97738,0.0,-0.06981,143.2503,0.899,stand_1,288.4184,0.0,-0.06981,0.0,-0.06981,Sidewalk
419.5,154.7529,3.0428,0.94248,0.0,-0.06981,143.2503,0.899,stand_1,288.4184,0.0,-0.06981,0.0,-0.06981,Sidewalk
420.0,154.7529,3.0428,0.90757,0.0,-0.06981,143.2503,0.899,stand_1,288.4184,0.0,-0.06981,0.0,-0.06981,Sidewalk
420.5,154.7529,3.0428,0.87266,0.0,-0.06981,143.2503,0.899,stand_1,288.4184,0.0,-0.06981,0.0,-0.06981,Sidewalk
421.0,154.7529,3.0428,0.83776,0.0,-0.06981,143.2503,0.899,stand_1,288.4184,0.0,-0.06981,0.0,-0.06981,Sidewalk
421.5,154.7529,3.0428,0.80285,0.0,-0.06981,143.2503,0.899,stand_1,288.4184,0.0,-0.06981,0.0,-0.06981,Sidewalk
422.0,154.7529,3.0428,0.76794,0.0,-0.06981,143.2503,0.899,stand_1,288.4184,0.0,-0.06981,0.0,-0.06981,Sidewalk
422.5,154.7529,3.0428,0.73304,0.0,-0.06981,143.2503,0.899,stand_1,288.4184,0.0,-0.06981,0.0,-0.06981,Sidewalk
423.0,154.7529,3.0428,0.69813,0.0,-0.06981,143.2503,0.899,stand_1,288.4184,0.0,-0.06981,0.0,-0.06981,Sidewalk
423.5,154.7529,3.0428,0.66323,0.0,-0.06981,143.2503,0.899,stand_1,288.4184,0.0,-0.06981,0.0,-0.06981,Sidewalk
424.0,154.7529,3.0428,0.62832,0.0,-0.06981,143.2503,0.899,stand_1,288.4184,0.0,-0.06981,0.0,-0.06981,Sidewalk
424.5,154.7529,3.0428,0.59341,0.0,-0.06981,143.2503,0.899,stand_1,288.4184,0.0,-0.06981,0.0,-0.06981,Sidewalk
425.0,154.7529,3.0428,0.55851,0.0,-0.06981,143.2503,0.899,stand_1,288.4184,0.0,-0.06981,0.0,-0.06981,Sidewalk
425.5,154.7529,3.0428,0.5236,0.0,-0.06981,143.2503,0.899,stand_1,288.4184,0.0,-0.06981,0.0,-0.06981,Sidewalk
426.0,154.7529,3.0428,0.48869,0.0,-0.06981,143.2503,0.899,stand_1,288.4184,0.0,-0.06981,0.0,-0.06981,Sidewalk
426.5,154.7529,3.0428,0.45379,0.0,-0.06981,143.2503,0.899,stand_1,288.4184,0.0,-0.06981,0.0,-0.06981,Sidewalk
427.0,154.7529,3.0428,0.41888,0.0,-0.06981,143.2503,0.899,stand_1,288.4184,0.0,-0.06981,0.0,-0.06981,Sidewalk
427.5,154.7529,3.0428,0.38397,0.0,-0.06981,143.2503,0.899,stand_1,288.4185,0.0,-0.06981,0.0,-0.06981,Sidewalk
428.0,154.7529,3.0428,0.34907,0.0,-0.06981,143.2503,0.899,stand_1,288.4185,0.0,-0.06981,0.0,-0.06981,Sidewalk
428.5,154.7529,3.0428,0.31416,0.0,-0.06981,143.2503,0.899,stand_1,288.4185,0.0,-0.06981,0.0,-0.06981,Sidewalk
429.0,154.7529,3.0428,0.27925,0.0,-0.06981,143.2503,0.899,stand_1,288.4185,0.0,-0.06981,0.0,-0.06981,Sidewalk
429.5,154.7529,3.0428,0.24435,0.0,-0.06981,143.2503,0.899,stand_1,288.4185,0.0,-0.06981,0.0,-0.06981,Sidewalk
430.0,154.7529,3.0428,0.20944,0.0,-0.06981,143.2503,0.899,stand_1,288.4185,0.0,-0.06981,0.0,-0.06981,Sidewalk
430.5,154.7529,3.0428,0.17453,0.0,-0.06981,143.2503,0.899,stand_1,288.4185,0.0,-0.06981,0.0,-0.06981,Sidewalk
431.0,154.7529,3.0428,0.13963,0.0,-0.06981,143.2503,0.899,stand_1,288.4185,0.0,-0.06981,0.0,-0.06981,Sidewalk
431.5,154.7529,3.0428,0.10472,0.0,-0.06981,143.2503,0.899,stand_1,288.4185,0.0,-0.06981,0.0,-0.06981,Sidewalk
432.0,154.7529,3.0428,0.06981,0.0,-0.06981,143.2503,0.899,stand_1,288.4185,0.0,-0.06981,0.0,-0.06981,Sidewalk
432.5,154.7529,3.0428,0.03491,0.0,-0.06981,143.2503,0.899,stand_1,288.4185,0.0,-0.06981,0.0,-0.06981,Sidewalk
433.0,154.7529,3.0428,0.0,0.0,-0.06981,143.2503,0.899,stand_1,288.4185,0.0,-0.06981,0.0,-0.06981,Sidewalk
433.5,154.7529,3.0428,-0.03491,0.0,-0.06981,143.2503,0.899,stand_1,288.4185,0.0,-0.06981,0.0,-0.06981,Sidewalk
434.0,154.7529,3.0428,-0.06981,0.0,-0.06981,143.2503,0.899,stand_1,288.4185,0.0,-0.06981,0.0,-0.06981,Sidewalk
434.5,154.7529,3.0428,-0.10472,0.0,-0.06981,143.2503,0.899,stand_1,288.4185,0.0,-0.06981,0.0,-0.06981,Sidewalk
435.0,154.7529,3.0428,-0.13963,0.0,-0.06981,143.2503,0.899,stand_1,288.4185,0.0,-0.06981,0.0,-0.06981,Sidewalk
435.5,154.7529,3.0428,-0.17453,0.0,-0.06981,143.2503,0.899,stand_1,288.4185,0.0,-0.06981,0.0,-0.06981,Sidewalk
436.0,154.7529,3.0428,-0.20944,0.0,-0.06981,143.2503,0.899,stand_1,288.4185,0.0,-0.06981,0.0,-0.06981,Sidewalk
436.5,154.7529,3.0428,-0.24435,0.0,-0.06981,143.2503,0.899,stand_1,288.4185,0.0,-0.06981,0.0,-0.06981,Sidewalk
437.0,154.7529,3.0428,-0.27925,0.0,-0.06981,143.2503,0.899,stand_1,288.4185,0.0,-0.06981,0.0,-0.06981,Sidewalk
437.5,154.7529,3.0428,-0.31416,0.0,-0.06981,143.2503,0.899,stand_1,288.4185,0.0,-0.06981,0.0,-0.06981,Sidewalk
438.0,154.7529,3.0428,-0.34907,0.0,-0.06981,143.2503,0.899,stand_1,288.4185,0.0,-0.06981,0.0,-0.06981,Sidewalk
438.5,154.7529,3.0428,-0.38397,0.0,-0.06981,143.2503,0.899,stand_1,288.4185,0.0,-0.06981,0.0,-0.06981,Sidewalk
439.0,154.7529,3.0428,-0.41888,0.0,-0.06981,143.2503,0.899,stand_1,288.4185,0.0,-0.06981,0.0,-0.06981,Sidewalk
439.5,154.7529,3.0428,-0.45379,0.0,-0.06981,143.2503,0.899,stand_1,288.4185,0.0,-0.06981,0.0,-0.06981,Sidewalk
440.0,154.7529,3.0428,-0.48869,0.0,-0.06981,143.2503,0.899,stand_1,288.4185,0.0,-0.06981,0.0,-0.06981,Sidewalk
440.5,154.7529,3.0428,-0.5236,0.0,-0.06981,143.2503,0.899,stand_1,288.4185,0.0,-0.06981,0.0,-0.06981,Sidewalk
441.0,154.7529,3.0428,-0.55851,0.0,-0.06981,143.2503,0.899,stand_1,288.4185,0.0,-0.06981,0.0,-0.06981,Sidewalk
441.5,154.7529,3.0428,-0.59341,0.0,-0.06981,143.2503,0.899,stand_1,288.4185,0.0,-0.06981,0.0,-0.06981,Sidewalk
442.0,154.7529,3.0428,-0.62832,0.0,-0.06981,143.2503,0.899,stand_1,288.4185,0.0,-0.06981,0.0,-0.06981,Sidewalk
442.5,154.7529,3.0428,-0.66323,0.0,-0.06981,143.2503,0.899,stand_1,288.4185,0.0,-0.06981,0.0,-0.06981,Sidewalk
443.0,154.7529,3.0428,-0.69813,0.0,-0.06981,143.2503,0.899,stand_1,288.4186,0.0,-0.06981,0.0,-0.06981,Sidewalk
443.5,154.7529,3.0428,-0.73304,0.0,-0.06981,143.2503,0.899,stand_1,288.4186,0.0,-0.06981,0.0,-0.06981,Sidewalk
444.0,154.7529,3.0428,-0.76794,0.0,-0.06981,143.2503,0.899,stand_1,288.4186,0.0,-0.06981,0.0,-0.06981,Sidewalk
444.5,154.7529,3.0428,-0.80285,0.0,-0.06981,143.2503,0.899,stand_1,288.4186,0.0,-0.06981,0.0,-0.06981,Sidewalk
445.0,154.7529,3.0428,-0.83776,0.0,-0.06981,143.2503,0.899,stand_1,288.4186,0.0,-0.06981,0.0,-0.06981,Sidewalk
445.5,154.7529,3.0428,-0.87266,0.0,-0.06981,143.2503,0.899,stand_1,288.4186,0.0,-0.06981,0.0,-0.06981,Sidewalk
446.0,154.7529,3.0428,-0.90757,0.0,-0.06981,143.2503,0.899,stand_1,288.4186,0.0,-0.06981,0.0,-0.06981,Sidewalk
446.5,154.7529,3.0428,-0.94248,0.0,-0.06981,143.2503,0.899,stand_1,288.4186,0.0,-0.06981,0.0,-0.06981,Sidewalk
447.0,154.7529,3.0428,-0.97738,0.0,-0.06981,143.2503,0.899,stand_1,288.4186,0.0,-0.06981,0.0,-0.06981,Sidewalk
447.5,154.7529,3.0428,-1.01229,0.0,-0.06981,143.2503,0.899,stand_1,288.4186,0.0,-0.06981,0.0,-0.06981,Sidewalk
448.0,154.7529,3.0428,-1.0472,0.0,-0.06981,143.2503,0.899,stand_1,288.4186,0.0,-0.06981,0.0,-0.06981,Sidewalk
448.5,154.7529,3.0428,-1.0821,0.0,-0.06981,143.2503,0.899,stand_1,288.4186,0.0,-0.06981,0.0,-0.06981,Sidewalk
449.0,154.7529,3.0428,-1.11701,0.0,-0.06981,143.2503,0.8989,stand_1,288.4186,0.0,-0.06981,0.0,-0.06981,Sidewalk
449.5,154.7529,3.0428,-1.15192,0.0,-0.06981,143.2503,0.8989,stand_1,288.4186,0.0,-0.06981,0.0,-0.06981,Sidewalk
450.0,154.7529,3.0428,-1.18682,0.0,-0.06981,143.2503,0.8989,stand_1,288.4186,0.0,-0.06981,0.0,-0.06981,Sidewalk
450.5,154.7529,3.0428,-1.22173,0.0,-0.06981,143.2503,0.8989,stand_1,288.4186,0.0,-0.06981,0.0,-0.06981,Sidewalk
451.0,154.7529,3.0428,-1.25664,0.0,-0.06981,143.2503,0.8989,stand_1,288.4186,0.0,-0.06981,0.0,-0.06981,Sidewalk
451.5,154.7529,3.0428,-1.29154,0.0,-0.06981,143.2503,0.8989,stand_1,288.4186,0.0,-0.06981,0.0,-0.06981,Sidewalk
452.0,154.7529,3.0428,-1.32645,0.0,-0.06981,143.2503,0.8989,stand_1,288.4186,0.0,-0.06981,0.0,-0.06981,Sidewalk
452.5,154.7529,3.0428,-1.36136,0.0,-0.06981,143.2503,0.8989,stand_1,288.4186,0.0,-0.06981,0.0,-0.06981,Sidewalk
453.0,154.7529,3.0428,-1.39626,0.0,-0.06981,143.2503,0.8989,stand_1,288.4186,0.0,-0.06981,0.0,-0.06981,Sidewalk
453.5,154.7529,3.0428,-1.43117,0.0,-0.06981,143.2503,0.8989,stand_1,288.4186,0.0,-0.06981,0.0,-0.06981,Sidewalk
454.0,154.7529,3.0428,-1.46608,0.0,-0.06981,143.2503,0.8989,stand_1,288.4186,0.0,-0.06981,0.0,-0.06981,Sidewalk
454.5,154.7529,3.0428,-1.50098,0.0,-0.06981,143.2503,0.8989,stand_1,288.4186,0.0,-0.06981,0.0,-0.06981,Sidewalk
455.0,154.7529,3.0428,-1.53589,0.0,-0.06981,143.2503,0.8989,stand_1,288.4186,0.0,-0.06981,0.0,-0.06981,Sidewalk
455.5,154.7529,3.0428,-1.5708,0.0,-0.06981,143.2503,0.8989,stand_1,288.4186,0.0,-0.06981,0.0,-0.06981,Sidewalk
456.0,154.7529,3.0428,-1.6057,0.0,-0.06981,143.2503,0.8989,stand_1,288.4186,0.0,-0.06981,0.0,-0.06981,Sidewalk
456.5,154.7529,3.0428,-1.64061,0.0,-0.06981,143.2503,0.8989,stand_1,288.4186,0.0,-0.06981,0.0,-0.06981,Sidewalk
457.0,154.7529,3.0428,-1.67552,0.0,-0.06981,143.2503,0.8989,stand_1,288.4187,0.0,-0.06981,0.0,-0.06981,Sidewalk
457.5,154.7529,3.0428,-1.71042,0.0,-0.06981,143.2503,0.8989,stand_1,288.4187,0.0,-0.06981,0.0,-0.06981,Sidewalk
458.0,154.7529,3.0428,-1.74533,0.0,-0.06981,143.2503,0.8989,stand_1,288.4187,0.0,-0.06981,0.0,-0.06981,Sidewalk
458.5,154.7529,3.0428,-1.78024,0.0,-0.06981,143.2503,0.8989,stand_1,288.4187,0.0,-0.06981,0.0,-0.06981,Sidewalk
459.0,154.7529,3.0428,-1.81514,0.0,-0.06981,143.2503,0.8989,stand_1,288.4187,0.0,-0.06981,0.0,-0.06981,Sidewalk
459.5,154.7529,3.0428,-1.85005,0.0,-0.06981,143.2503,0.8989,stand_1,288.4187,0.0,-0.06981,0.0,-0.06981,Sidewalk
460.0,154.7529,3.0428,-1.88496,0.0,-0.06981,143.2503,0.8989,stand_1,288.4187,0.0,-0.06981,0.0,-0.06981,Sidewalk
460.5,154.7529,3.0428,-1.91986,0.0,-0.06981,143.2503,0.8989,stand_1,288.4187,0.0,-0.06981,0.0,-0.06981,Sidewalk
461.0,154.7529,3.0428,-1.95477,0.0,-0.06981,143.2503,0.8989,stand_1,288.4187,0.0,-0.06981,0.0,-0.06981,Sidewalk
461.5,154.7529,3.0428,-1.98968,0.0,-0.06981,143.2503,0.8989,stand_1,288.4187,0.0,-0.06981,0.0,-0.06981,Sidewalk
462.0,154.7529,3.0428,-2.02458,0.0,-0.06981,143.2503,0.8989,stand_1,288.4187,0.0,-0.06981,0.0,-0.06981,Sidewalk
462.5,154.7529,3.0428,-2.05949,0.0,-0.06981,143.2503,0.8989,stand_1,288.4187,0.0,-0.06981,0.0,-0.06981,Sidewalk
463.0,154.7529,3.0428,-2.0944,0.0,-0.06981,143.2503,0.8989,stand_1,288.4187,0.0,-0.06981,0.0,-0.06981,Sidewalk
463.5,154.7529,3.0428,-2.1293,0.0,-0.06981,143.2503,0.8989,stand_1,288.4187,0.0,-0.06981,0.0,-0.06981,Sidewalk
464.0,154.7529,3.0428,-2.16421,0.0,-0.06981,143.2503,0.8989,stand_1,288.4187,0.0,-0.06981,0.0,-0.06981,Sidewalk
464.5,154.7529,3.0428,-2.19911,0.0,-0.06981,143.2503,0.8989,stand_1,288.4187,0.0,-0.06981,0.0,-0.06981,Sidewalk
465.0,154.7529,3.0428,-2.23402,0.0,-0.06981,143.2503,0.8989,stand_1,288.4187,0.0,-0.06981,0.0,-0.06981,Sidewalk
465.5,154.7529,3.0428,-2.26893,0.0,-0.06981,143.2503,0.8989,stand_1,288.4187,0.0,-0.06981,0.0,-0.06981,Sidewalk
466.0,154.7529,3.0428,-2.30383,0.0,-0.06981,143.2503,0.8989,stand_1,288.4187,0.0,-0.06981,0.0,-0.06981,Sidewalk
466.5,154.7529,3.0428,-2.33874,0.0,-0.06981,143.2503,0.8989,stand_1,288.4187,0.0,-0.06981,0.0,-0.06981,Sidewalk
467.0,154.7529,3.0428,-2.37365,0.0,-0.06981,143.2503,0.8989,stand_1,288.4187,0.0,-0.06981,0.0,-0.06981,Sidewalk
467.5,154.7529,3.0428,-2.40855,0.0,-0.06981,143.2503,0.8989,stand_1,288.4187,0.0,-0.06981,0.0,-0.06981,Sidewalk
468.0,154.7529,3.0428,-2.44346,0.0,-0.06981,143.2503,0.8989,stand_1,288.4187,0.0,-0.06981,0.0,-0.06981,Sidewalk
468.5,154.7529,3.0428,-2.47837,0.0,-0.06981,143.2503,0.8989,stand_1,288.4187,0.0,-0.06981,0.0,-0.06981,Sidewalk
469.0,154.7529,3.0428,-2.51327,0.0,-0.06981,143.2503,0.8989,stand_1,288.4187,0.0,-0.06981,0.0,-0.06981,Sidewalk
469.5,154.7529,3.0428,-2.54818,0.0,-0.06981,143.2503,0.8989,stand_1,288.4187,0.0,-0.06981,0.0,-0.06981,Sidewalk
470.0,154.7529,3.0428,-2.58309,0.0,-0.06981,143.2503,0.8989,stand_1,288.4187,0.0,-0.06981,0.0,-0.06981,Sidewalk
470.5,154.7529,3.0428,-2.61799,0.0,-0.06981,143.2503,0.8989,stand_1,288.4187,0.0,-0.06981,0.0,-0.06981,Sidewalk
471.0,154.7529,3.0428,-2.6529,0.0,-0.06981,143.2503,0.8989,stand_1,288.4188,0.0,-0.06981,0.0,-0.06981,Sidewalk
471.5,154.7529,3.0428,-2.68781,0.0,-0.06981,143.2503,0.8989,stand_1,288.4188,0.0,-0.06981,0.0,-0.06981,Sidewalk
472.0,154.7529,3.0428,-2.72271,0.0,-0.06981,143.2503,0.8989,stand_1,288.4188,0.0,-0.06981,0.0,-0.06981,Sidewalk
472.5,154.7529,3.0428,-2.75762,0.0,-0.06981,143.2503,0.8989,stand_1,288.4188,0.0,-0.06981,0.0,-0.06981,Sidewalk
473.0,154.7529,3.0428,-2.79253,0.0,-0.06981,143.2503,0.8989,stand_1,288.4188,0.0,-0.06981,0.0,-0.06981,Sidewalk
473.5,154.7529,3.0428,-2.82743,0.0,-0.06981,143.2503,0.8989,stand_1,288.4188,0.0,-0.06981,0.0,-0.06981,Sidewalk
474.0,154.7529,3.0428,-2.86234,0.0,-0.06981,143.2503,0.8989,stand_1,288.4188,0.0,-0.06981,0.0,-0.06981,Sidewalk
474.5,154.7529,3.0428,-2.89725,0.0,-0.06981,143.2503,0.8989,stand_1,288.4188,0.0,-0.06981,0.0,-0.06981,Sidewalk
475.0,154.7529,3.0428,-2.93215,0.0,-0.06981,143.2503,0.8989,stand_1,288.4188,0.0,-0.06981,0.0,-0.06981,Sidewalk
475.5,154.7529,3.0428,-2.96706,0.0,-0.06981,143.2503,0.8989,stand_1,288.4188,0.0,-0.06981,0.0,-0.06981,Sidewalk
476.0,154.7529,3.0428,-3.00197,0.0,-0.06981,143.2503,0.8989,stand_1,288.4188,0.0,-0.06981,0.0,-0.06981,Sidewalk
476.5,154.7529,3.0428,-3.03687,0.0,-0.06981,143.2503,0.8989,stand_1,288.4188,0.0,-0.06981,0.0,-0.06981,Sidewalk
477.0,154.7529,3.0428,-3.07178,0.0,-0.06981,143.2503,0.8989,stand_1,288.4188,0.0,-0.06981,0.0,-0.06981,Sidewalk
477.5,154.7529,3.0428,-3.10669,0.0,-0.06981,143.2503,0.8989,stand_1,288.4188,0.0,-0.06981,0.0,-0.06981,Sidewalk
478.0,154.7529,3.0428,-3.14159,0.0,-0.06981,143.2503,0.8989,stand_1,288.4188,0.0,-0.06981,0.0,-0.06981,Sidewalk
478.5,154.7529,3.0428,3.10669,0.0,-0.06981,143.2503,0.8989,stand_1,288.4188,0.0,-0.06981,0.0,-0.06981,Sidewalk
479.0,154.7529,3.0428,3.07178,0.0,-0.06981,143.2503,0.8989,stand_1,288.4188,0.0,-0.06981,0.0,-0.06981,Sidewalk
479.5,154.7529,3.0428,3.03687,0.0,-0.06981,143.2503,0.8989,stand_1,288.4188,0.0,-0.06981,0.0,-0.06981,Sidewalk
480.0,154.7529,3.0428,3.00197,0.0,-0.06981,143.2503,0.8989,stand_1,288.4188,0.0,-0.06981,0.0,-0.06981,Sidewalk
480.5,154.7529,3.0428,2.96706,0.0,-0.06981,143.2503,0.8989,stand_1,288.4188,0.0,-0.06981,0.0,-0.06981,Sidewalk
481.0,154.7529,3.0428,2.93215,0.0,-0.06981,143.2503,0.8989,stand_1,288.4188,0.0,-0.06981,0.0,-0.06981,Sidewalk
481.5,154.7529,3.0428,2.89725,0.0,-0.06981,143.2503,0.8988,stand_1,288.4188,0.0,-0.06981,0.0,-0.06981,Sidewalk
482.0,154.7529,3.0428,2.86234,0.0,-0.06981,143.2503,0.8988,stand_1,288.4188,0.0,-0.06981,0.0,-0.06981,Sidewalk
482.5,154.7529,3.0428,2.82743,0.0,-0.06981,143.2503,0.8988,stand_1,288.4188,0.0,-0.06981,0.0,-0.06981,Sidewalk
483.0,154.7529,3.0428,2.79253,0.0,-0.06981,143.2503,0.8988,stand_1,288.4188,0.0,-0.06981,0.0,-0.06981,Sidewalk
483.5,154.7529,3.0428,2.75762,0.0,-0.06981,143.2503,0.8988,stand_1,288.4188,0.0,-0.06981,0.0,-0.06981,Sidewalk
484.0,154.7529,3.0428,2.72271,0.0,-0.06981,143.2503,0.8988,stand_1,288.4188,0.0,-0.06981,0.0,-0.06981,Sidewalk
484.5,154.7529,3.0428,2.68781,0.0,-0.06981,143.2503,0.8988,stand_1,288.4189,0.0,-0.06981,0.0,-0.06981,Sidewalk
485.0,154.7529,3.0428,2.6529,0.0,-0.06981,143.2503,0.8988,stand_1,288.4189,0.0,-0.06981,0.0,-0.06981,Sidewalk
485.5,154.7529,3.0428,2.61799,0.0,-0.06981,143.2503,0.8988,stand_1,288.4189,0.0,-0.06981,0.0,-0.06981,Sidewalk
486.0,154.7529,3.0428,2.58309,0.0,-0.06981,143.2503,0.8988,stand_1,288.4189,0.0,-0.06981,0.0,-0.06981,Sidewalk
486.5,154.7529,3.0428,2.54818,0.0,-0.06981,143.2503,0.8988,stand_1,288.4189,0.0,-0.06981,0.0,-0.06981,Sidewalk
487.0,154.7529,3.0428,2.51327,0.0,-0.06981,143.2503,0.8988,stand_1,288.4189,0.0,-0.06981,0.0,-0.06981,Sidewalk
487.5,154.7529,3.0428,2.47837,0.0,-0.06981,143.2503,0.8988,stand_1,288.4189,0.0,-0.06981,0.0,-0.06981,Sidewalk
488.0,154.7529,3.0428,2.44346,0.0,-0.06981,143.2503,0.8988,stand_1,288.4189,0.0,-0.06981,0.0,-0.06981,Sidewalk
488.5,154.7529,3.0428,2.40855,0.0,-0.06981,143.2503,0.8988,stand_1,288.4189,0.0,-0.06981,0.0,-0.06981,Sidewalk
489.0,154.7529,3.0428,2.37365,0.0,-0.06981,143.2503,0.8988,stand_1,288.4189,0.0,-0.06981,0.0,-0.06981,Sidewalk
489.5,154.7529,3.0428,2.33874,0.0,-0.06981,143.2503,0.8988,stand_1,288.4189,0.0,-0.06981,0.0,-0.06981,Sidewalk
490.0,154.7529,3.0428,2.30383,0.0,-0.06981,143.2503,0.8988,stand_1,288.4189,0.0,-0.06981,0.0,-0.06981,Sidewalk
490.5,154.7529,3.0428,2.26893,0.0,-0.06981,143.2503,0.8988,stand_1,288.4189,0.0,-0.06981,0.0,-0.06981,Sidewalk
491.0,154.7529,3.0428,2.23402,0.0,-0.06981,143.2503,0.8988,stand_1,288.4189,0.0,-0.06981,0.0,-0.06981,Sidewalk
491.5,154.7529,3.0428,2.19911,0.0,-0.06981,143.2503,0.8988,stand_1,288.4189,0.0,-0.06981,0.0,-0.06981,Sidewalk
492.0,154.7529,3.0428,2.16421,0.0,-0.06981,143.2503,0.8988,stand_1,288.4189,0.0,-0.06981,0.0,-0.06981,Sidewalk
492.5,154.7529,3.0428,2.1293,0.0,-0.06981,143.2503,0.8988,stand_1,288.4189,0.0,-0.06981,0.0,-0.06981,Sidewalk
493.0,154.7529,3.0428,2.0944,0.0,-0.06981,143.2503,0.8988,stand_1,288.4189,0.0,-0.06981,0.0,-0.06981,Sidewalk
493.5,154.7529,3.0428,2.05949,0.0,-0.06981,143.2503,0.8988,stand_1,288.4189,0.0,-0.06981,0.0,-0.06981,Sidewalk
494.0,154.7529,3.0428,2.02458,0.0,-0.06981,143.2503,0.8988,stand_1,288.4189,0.0,-0.06981,0.0,-0.06981,Sidewalk
494.5,154.7529,3.0428,1.98968,0.0,-0.06981,143.2503,0.8988,stand_1,288.4189,0.0,-0.06981,0.0,-0.06981,Sidewalk
495.0,154.7529,3.0428,1.95477,0.0,-0.06981,143.2503,0.8988,stand_1,288.4189,0.0,-0.06981,0.0,-0.06981,Sidewalk
495.5,154.7529,3.0428,1.91986,0.0,-0.06981,143.2503,0.8988,stand_1,288.4189,0.0,-0.06981,0.0,-0.06981,Sidewalk
496.0,154.7529,3.0428,1.88496,0.0,-0.06981,143.2503,0.8988,stand_1,288.4189,0.0,-0.06981,0.0,-0.06981,Sidewalk
496.5,154.7529,3.0428,1.85005,0.0,-0.06981,143.2503,0.8988,stand_1,288.4189,0.0,-0.06981,0.0,-0.06981,Sidewalk
497.0,154.7529,3.0428,1.81514,0.0,-0.06981,143.2503,0.8988,stand_1,288.4189,0.0,-0.06981,0.0,-0.06981,Sidewalk
497.5,154.7529,3.0428,1.78024,0.0,-0.06981,143.2503,0.8988,stand_1,288.4189,0.0,-0.06981,0.0,-0.06981,Sidewalk
498.0,154.7529,3.0428,1.74533,0.0,-0.06981,143.2503,0.8988,stand_1,288.419,0.0,-0.06981,0.0,-0.06981,Sidewalk
498.5,154.7529,3.0428,1.71042,0.0,-0.06981,143.2503,0.8988,stand_1,288.419,0.0,-0.06981,0.0,-0.06981,Sidewalk
499.0,154.7529,3.0428,1.67552,0.0,-0.06981,143.2503,0.8988,stand_1,288.419,0.0,-0.06981,0.0,-0.06981,Sidewalk
499.5,154.7529,3.0428,1.64061,0.0,-0.06981,143.2503,0.8988,stand_1,288.419,0.0,-0.06981,0.0,-0.06981,Sidewalk
500.0,154.7529,3.0428,1.6057,0.0,-0.06981,143.2503,0.8988,stand_1,288.419,0.0,-0.06981,0.0,-0.06981,Sidewalk
500.5,154.7529,3.0428,1.5708,0.0,-0.06981,143.2503,0.8988,stand_1,288.419,0.0,-0.06981,0.0,-0.06981,Sidewalk
501.0,154.7529,3.0428,1.53589,0.0,-0.06981,143.2503,0.8988,stand_1,288.419,0.0,-0.06981,0.0,-0.06981,Sidewalk
501.5,154.7529,3.0428,1.50098,0.0,-0.06981,143.2503,0.8988,stand_1,288.419,0.0,-0.06981,0.0,-0.06981,Sidewalk
502.0,154.7529,3.0428,1.46608,0.0,-0.06981,143.2503,0.8988,stand_1,288.419,0.0,-0.06981,0.0,-0.06981,Sidewalk
502.5,154.7529,3.0428,1.43117,0.0,-0.06981,143.2503,0.8988,stand_1,288.419,0.0,-0.06981,0.0,-0.06981,Sidewalk
503.0,154.7529,3.0428,1.39626,0.0,-0.06981,143.2503,0.8988,stand_1,288.419,0.0,-0.06981,0.0,-0.06981,Sidewalk
503.5,154.7529,3.0428,1.36136,0.0,-0.06981,143.2503,0.8988,stand_1,288.419,0.0,-0.06981,0.0,-0.06981,Sidewalk
504.0,154.7529,3.0428,1.32645,0.0,-0.06981,143.2503,0.8988,stand_1,288.419,0.0,-0.06981,0.0,-0.06981,Sidewalk
504.5,154.7529,3.0428,1.29154,0.0,-0.06981,143.2503,0.8988,stand_1,288.419,0.0,-0.06981,0.0,-0.06981,Sidewalk
505.0,154.7529,3.0428,1.25664,0.0,-0.06981,143.2503,0.8988,stand_1,288.419,0.0,-0.06981,0.0,-0.06981,Sidewalk
505.5,154.7529,3.0428,1.22173,0.0,-0.06981,143.2503,0.8988,stand_1,288.419,0.0,-0.06981,0.0,-0.06981,Sidewalk
506.0,154.7529,3.0428,1.18682,0.0,-0.06981,143.2503,0.8988,stand_1,288.419,0.0,-0.06981,0.0,-0.06981,Sidewalk
506.5,154.7529,3.0428,1.15192,0.0,-0.06981,143.2503,0.8988,stand_1,288.419,0.0,-0.06981,0.0,-0.06981,Sidewalk
507.0,154.7529,3.0428,1.11701,0.0,-0.06981,143.2503,0.8988,stand_1,288.419,0.0,-0.06981,0.0,-0.06981,Sidewalk
507.5,154.7529,3.0428,1.0821,0.0,-0.06981,143.2503,0.8988,stand_1,288.419,0.0,-0.06981,0.0,-0.06981,Sidewalk
508.0,154.7529,3.0428,1.0472,0.0,-0.06981,143.2503,0.8988,stand_1,288.419,0.0,-0.06981,0.0,-0.06981,Sidewalk
508.5,154.7529,3.0428,1.01229,0.0,-0.06981,143.2503,0.8988,stand_1,288.419,0.0,-0.06981,0.0,-0.06981,Sidewalk
509.0,154.7529,3.0428,0.97738,0.0,-0.06981,143.2503,0.8988,stand_1,288.419,0.0,-0.06981,0.0,-0.06981,Sidewalk
509.5,154.7529,3.0428,0.94248,0.0,-0.06981,143.2503,0.8988,stand_1,288.419,0.0,-0.06981,0.0,-0.06981,Sidewalk
510.0,154.7529,3.0428,0.90757,0.0,-0.06981,143.2503,0.8988,stand_1,288.419,0.0,-0.06981,0.0,-0.06981,Sidewalk
510.5,154.7529,3.0428,0.87266,0.0,-0.06981,143.2503,0.8988,stand_1,288.419,0.0,-0.06981,0.0,-0.06981,Sidewalk
511.0,154.7529,3.0428,0.83776,0.0,-0.06981,143.2503,0.8988,stand_1,288.419,0.0,-0.06981,0.0,-0.06981,Sidewalk
511.5,154.7529,3.0428,0.80285,0.0,-0.06981,143.2503,0.8988,stand_1,288.419,0.0,-0.06981,0.0,-0.06981,Sidewalk
512.0,154.7529,3.0428,0.76794,0.0,-0.06981,143.2503,0.8988,stand_1,288.419,0.0,-0.06981,0.0,-0.06981,Sidewalk
512.5,154.7529,3.0428,0.73304,0.0,-0.06981,143.2503,0.8988,stand_1,288.419,0.0,-0.06981,0.0,-0.06981,Sidewalk
513.0,154.7529,3.0428,0.69813,0.0,-0.06981,143.2503,0.8988,stand_1,288.4191,0.0,-0.06981,0.0,-0.06981,Sidewalk
513.5,154.7529,3.0428,0.66323,0.0,-0.06981,143.2503,0.8988,stand_1,288.4191,0.0,-0.06981,0.0,-0.06981,Sidewalk
514.0,154.7529,3.0428,0.62832,0.0,-0.06981,143.2503,0.8988,stand_1,288.4191,0.0,-0.06981,0.0,-0.06981,Sidewalk
514.5,154.7529,3.0428,0.59341,0.0,-0.06981,143.2503,0.8988,stand_1,288.4191,0.0,-0.06981,0.0,-0.06981,Sidewalk
515.0,154.7529,3.0428,0.55851,0.0,-0.06981,143.2503,0.8988,stand_1,288.4191,0.0,-0.06981,0.0,-0.06981,Sidewalk
515.5,154.7529,3.0428,0.5236,0.0,-0.06981,143.2503,0.8988,stand_1,288.4191,0.0,-0.06981,0.0,-0.06981,Sidewalk
516.0,154.7529,3.0428,0.48869,0.0,-0.06981,143.2503,0.8988,stand_1,288.4191,0.0,-0.06981,0.0,-0.06981,Sidewalk
516.5,154.7529,3.0428,0.45379,0.0,-0.06981,143.2503,0.8987,stand_1,288.4191,0.0,-0.06981,0.0,-0.06981,Sidewalk
517.0,154.7529,3.0428,0.41888,0.0,-0.06981,143.2503,0.8987,stand_1,288.4191,0.0,-0.06981,0.0,-0.06981,Sidewalk
517.5,154.7529,3.0428,0.38397,0.0,-0.06981,143.2503,0.8987,stand_1,288.4191,0.0,-0.06981,0.0,-0.06981,Sidewalk
518.0,154.7529,3.0428,0.34907,0.0,-0.06981,143.2503,0.8987,stand_1,288.4191,0.0,-0.06981,0.0,-0.06981,Sidewalk
518.5,154.7529,3.0428,0.31416,0.0,-0.06981,143.2503,0.8987,stand_1,288.4191,0.0,-0.06981,0.0,-0.06981,Sidewalk
519.0,154.7529,3.0428,0.27925,0.0,-0.06981,143.2503,0.8987,stand_1,288.4191,0.0,-0.06981,0.0,-0.06981,Sidewalk
519.5,154.7529,3.0428,0.24435,0.0,-0.06981,143.2503,0.8987,stand_1,288.4191,0.0,-0.06981,0.0,-0.06981,Sidewalk
520.0,154.7529,3.0428,0.20944,0.0,-0.06981,143.2503,0.8987,stand_1,288.4191,0.0,-0.06981,0.0,-0.06981,Sidewalk
520.5,154.7529,3.0428,0.17453,0.0,-0.06981,143.2503,0.8987,stand_1,288.4191,0.0,-0.06981,0.0,-0.06981,Sidewalk
521.0,154.7529,3.0428,0.13963,0.0,-0.06981,143.2503,0.8987,stand_1,288.4191,0.0,-0.06981,0.0,-0.06981,Sidewalk
521.5,154.7529,3.0428,0.10472,0.0,-0.06981,143.2503,0.8987,stand_1,288.4191,0.0,-0.06981,0.0,-0.06981,Sidewalk
522.0,154.7529,3.0428,0.06981,0.0,-0.06981,143.2503,0.8987,stand_1,288.4191,0.0,-0.06981,0.0,-0.06981,Sidewalk
522.5,154.7529,3.0428,0.03491,0.0,-0.06981,143.2503,0.8987,stand_1,288.4191,0.0,-0.06981,0.0,-0.06981,Sidewalk
523.0,154.7529,3.0428,0.0,0.0,-0.06981,143.2503,0.8987,stand_1,288.4191,0.0,-0.06981,0.0,-0.06981,Sidewalk
523.5,154.7529,3.0428,-0.03491,0.0,-0.06981,143.2503,0.8987,stand_1,288.4191,0.0,-0.06981,0.0,-0.06981,Sidewalk
524.0,154.7529,3.0428,-0.06981,0.0,-0.06981,143.2503,0.8987,stand_1,288.4191,0.0,-0.06981,0.0,-0.06981,Sidewalk
524.5,154.7529,3.0428,-0.10472,0.0,-0.06981,143.2503,0.8987,stand_1,288.4191,0.0,-0.06981,0.0,-0.06981,Sidewalk
525.0,154.7529,3.0428,-0.13963,0.0,-0.06981,143.2503,0.8987,stand_1,288.4191,0.0,-0.06981,0.0,-0.06981,Sidewalk
525.5,154.7529,3.0428,-0.17453,0.0,-0.06981,143.2503,0.8987,stand_1,288.4191,0.0,-0.06981,0.0,-0.06981,Sidewalk
526.0,154.7529,3.0428,-0.20944,0.0,-0.06981,143.2503,0.8987,stand_1,288.4191,0.0,-0.06981,0.0,-0.06981,Sidewalk
526.5,154.7529,3.0428,-0.24435,0.0,-0.06981,143.2503,0.8987,stand_1,288.4191,0.0,-0.06981,0.0,-0.06981,Sidewalk
527.0,154.7529,3.0428,-0.27925,0.0,-0.06981,143.2503,0.8987,stand_1,288.4192,0.0,-0.06981,0.0,-0.06981,Sidewalk
527.5,154.7529,3.0428,-0.31416,0.0,-0.06981,143.2503,0.8987,stand_1,288.4192,0.0,-0.06981,0.0,-0.06981,Sidewalk
528.0,154.7529,3.0428,-0.34907,0.0,-0.06981,143.2503,0.8987,stand_1,288.4192,0.0,-0.06981,0.0,-0.06981,Sidewalk
528.5,154.7529,3.0428,-0.38397,0.0,-0.06981,143.2503,0.8987,stand_1,288.4192,0.0,-0.06981,0.0,-0.06981,Sidewalk
529.0,154.7529,3.0428,-0.41888,0.0,-0.06981,143.2503,0.8987,stand_1,288.4192,0.0,-0.06981,0.0,-0.06981,Sidewalk
529.5,154.7529,3.0428,-0.45379,0.0,-0.06981,143.2503,0.8987,stand_1,288.4192,0.0,-0.06981,0.0,-0.06981,Sidewalk
530.0,154.7529,3.0428,-0.48869,0.0,-0.06981,143.2503,0.8987,stand_1,288.4192,0.0,-0.06981,0.0,-0.06981,Sidewalk
530.5,154.7529,3.0428,-0.5236,0.0,-0.06981,143.2503,0.8987,stand_1,288.4192,0.0,-0.06981,0.0,-0.06981,Sidewalk
531.0,154.7529,3.0428,-0.55851,0.0,-0.06981,143.2503,0.8987,stand_1,288.4192,0.0,-0.06981,0.0,-0.06981,Sidewalk
531.5,154.7529,3.0428,-0.59341,0.0,-0.06981,143.2503,0.8987,stand_1,288.4192,0.0,-0.06981,0.0,-0.06981,Sidewalk
532.0,154.7529,3.0428,-0.62832,0.0,-0.06981,143.2503,0.8987,stand_1,288.4192,0.0,-0.06981,0.0,-0.06981,Sidewalk
532.5,154.7529,3.0428,-0.66323,0.0,-0.06981,143.2503,0.8987,stand_1,288.4192,0.0,-0.06981,0.0,-0.06981,Sidewalk
533.0,154.7529,3.0428,-0.69813,0.0,-0.06981,143.2503,0.8987,stand_1,288.4192,0.0,-0.06981,0.0,-0.06981,Sidewalk
533.5,154.7529,3.0428,-0.73304,0.0,-0.06981,143.2503,0.8987,stand_1,288.4192,0.0,-0.06981,0.0,-0.06981,Sidewalk
534.0,154.7529,3.0428,-0.76794,0.0,-0.06981,143.2503,0.8987,stand_1,288.4192,0.0,-0.06981,0.0,-0.06981,Sidewalk
534.5,154.7529,3.0428,-0.80285,0.0,-0.06981,143.2503,0.8987,stand_1,288.4192,0.0,-0.06981,0.0,-0.06981,Sidewalk
535.0,154.7529,3.0428,-0.83776,0.0,-0.06981,143.2503,0.8987,stand_1,288.4192,0.0,-0.06981,0.0,-0.06981,Sidewalk
535.5,154.7529,3.0428,-0.87266,0.0,-0.06981,143.2503,0.8987,stand_1,288.4192,0.0,-0.06981,0.0,-0.06981,Sidewalk
536.0,154.7529,3.0428,-0.90757,0.0,-0.06981,143.2503,0.8987,stand_1,288.4192,0.0,-0.06981,0.0,-0.06981,Sidewalk
536.5,154.7529,3.0428,-0.94248,0.0,-0.06981,143.2503,0.8987,stand_1,288.4192,0.0,-0.06981,0.0,-0.06981,Sidewalk
537.0,154.7529,3.0428,-0.97738,0.0,-0.06981,143.2503,0.8987,stand_1,288.4192,0.0,-0.06981,0.0,-0.06981,Sidewalk
537.5,154.7529,3.0428,-1.01229,0.0,-0.06981,143.2503,0.8987,stand_1,288.4192,0.0,-0.06981,0.0,-0.06981,Sidewalk
538.0,154.7529,3.0428,-1.0472,0.0,-0.06981,143.2503,0.8987,stand_1,288.4192,0.0,-0.06981,0.0,-0.06981,Sidewalk
538.5,154.7529,3.0428,-1.0821,0.0,-0.06981,143.2503,0.8987,stand_1,288.4192,0.0,-0.06981,0.0,-0.06981,Sidewalk
539.0,154.7529,3.0428,-1.11701,0.0,-0.06981,143.2503,0.8987,stand_1,288.4192,0.0,-0.06981,0.0,-0.06981,Sidewalk
539.5,154.7529,3.0428,-1.15192,0.0,-0.06981,143.2503,0.8987,stand_1,288.4192,0.0,-0.06981,0.0,-0.06981,Sidewalk
540.0,154.7529,3.0428,-1.18682,0.0,-0.06981,143.2503,0.8987,stand_1,288.4192,0.0,-0.06981,0.0,-0.06981,Sidewalk
540.5,154.7529,3.0428,-1.22173,0.0,-0.06981,143.2503,0.8987,stand_1,288.4192,0.0,-0.06981,0.0,-0.06981,Sidewalk
541.0,154.7529,3.0428,-1.25664,0.0,-0.06981,143.2503,0.8987,stand_1,288.4192,0.0,-0.06981,0.0,-0.06981,Sidewalk
541.5,154.7529,3.0428,-1.29154,0.0,-0.06981,143.2503,0.8987,stand_1,288.4193,0.0,-0.06981,0.0,-0.06981,Sidewalk
542.0,154.7529,3.0428,-1.32645,0.0,-0.06981,143.2503,0.8987,stand_1,288.4193,0.0,-0.06981,0.0,-0.06981,Sidewalk
542.5,154.7529,3.0428,-1.36136,0.0,-0.06981,143.2503,0.8987,stand_1,288.4193,0.0,-0.06981,0.0,-0.06981,Sidewalk
543.0,154.7529,3.0428,-1.39626,0.0,-0.06981,143.2503,0.8987,stand_1,288.4193,0.0,-0.06981,0.0,-0.06981,Sidewalk
543.5,154.7529,3.0428,-1.43117,0.0,-0.06981,143.2503,0.8987,stand_1,288.4193,0.0,-0.06981,0.0,-0.06981,Sidewalk
544.0,154.7529,3.0428,-1.46608,0.0,-0.06981,143.2503,0.8987,stand_1,288.4193,0.0,-0.06981,0.0,-0.06981,Sidewalk
544.5,154.7529,3.0428,-1.50098,0.0,-0.06981,143.2503,0.8987,stand_1,288.4193,0.0,-0.06981,0.0,-0.06981,Sidewalk
545.0,154.7529,3.0428,-1.53589,0.0,-0.06981,143.2503,0.8987,stand_1,288.4193,0.0,-0.06981,0.0,-0.06981,Sidewalk
545.5,154.7529,3.0428,-1.5708,0.0,-0.06981,143.2503,0.8987,stand_1,288.4193,0.0,-0.06981,0.0,-0.06981,Sidewalk
546.0,154.7529,3.0428,-1.6057,0.0,-0.06981,143.2503,0.8987,stand_1,288.4193,0.0,-0.06981,0.0,-0.06981,Sidewalk
546.5,154.7529,3.0428,-1.64061,0.0,-0.06981,143.2503,0.8987,stand_1,288.4193,0.0,-0.06981,0.0,-0.06981,Sidewalk
547.0,154.7529,3.0428,-1.67552,0.0,-0.06981,143.2503,0.8987,stand_1,288.4193,0.0,-0.06981,0.0,-0.06981,Sidewalk
547.5,154.7529,3.0428,-1.71042,0.0,-0.06981,143.2503,0.8987,stand_1,288.4193,0.0,-0.06981,0.0,-0.06981,Sidewalk
548.0,154.7529,3.0428,-1.74533,0.0,-0.06981,143.2503,0.8987,stand_1,288.4193,0.0,-0.06981,0.0,-0.06981,Sidewalk
548.5,154.7529,3.0428,-1.78024,0.0,-0.06981,143.2503,0.8987,stand_1,288.4193,0.0,-0.06981,0.0,-0.06981,Sidewalk
549.0,154.7529,3.0428,-1.81514,0.0,-0.06981,143.2503,0.8987,stand_1,288.4193,0.0,-0.06981,0.0,-0.06981,Sidewalk
549.5,154.7529,3.0428,-1.85005,0.0,-0.06981,143.2503,0.8987,stand_1,288.4193,0.0,-0.06981,0.0,-0.06981,Sidewalk
550.0,154.7529,3.0428,-1.88496,0.0,-0.06981,143.2503,0.8987,stand_1,288.4193,0.0,-0.06981,0.0,-0.06981,Sidewalk
550.5,154.7529,3.0428,-1.91986,0.0,-0.06981,143.2503,0.8987,stand_1,288.4193,0.0,-0.06981,0.0,-0.06981,Sidewalk
551.0,154.7529,3.0428,-1.95477,0.0,-0.06981,143.2503,0.8987,stand_1,288.4193,0.0,-0.06981,0.0,-0.06981,Sidewalk
551.5,154.7529,3.0428,-1.98968,0.0,-0.06981,143.2503,0.8987,stand_1,288.4193,0.0,-0.06981,0.0,-0.06981,Sidewalk
552.0,154.7529,3.0428,-2.02458,0.0,-0.06981,143.2503,0.8987,stand_1,288.4193,0.0,-0.06981,0.0,-0.06981,Sidewalk
552.5,154.7529,3.0428,-2.05949,0.0,-0.06981,143.2503,0.8986,stand_1,288.4193,0.0,-0.06981,0.0,-0.06981,Sidewalk
553.0,154.7529,3.0428,-2.0944,0.0,-0.06981,143.2503,0.8986,stand_1,288.4193,0.0,-0.06981,0.0,-0.06981,Sidewalk
553.5,154.7529,3.0428,-2.1293,0.0,-0.06981,143.2503,0.8986,stand_1,288.4193,0.0,-0.06981,0.0,-0.06981,Sidewalk
554.0,154.7529,3.0428,-2.16421,0.0,-0.06981,143.2503,0.8986,stand_1,288.4193,0.0,-0.06981,0.0,-0.06981,Sidewalk
554.5,154.7529,3.0428,-2.19911,0.0,-0.06981,143.2503,0.8986,stand_1,288.4193,0.0,-0.06981,0.0,-0.06981,Sidewalk
555.0,154.7529,3.0428,-2.23402,0.0,-0.06981,143.2503,0.8986,stand_1,288.4193,0.0,-0.06981,0.0,-0.06981,Sidewalk
555.5,154.7529,3.0428,-2.26893,0.0,-0.06981,143.2503,0.8986,stand_1,288.4193,0.0,-0.06981,0.0,-0.06981,Sidewalk
556.0,154.7529,3.0428,-2.30383,0.0,-0.06981,143.2503,0.8986,stand_1,288.4193,0.0,-0.06981,0.0,-0.06981,Sidewalk
556.5,154.7529,3.0428,-2.33874,0.0,-0.06981,143.2503,0.8986,stand_1,288.4193,0.0,-0.06981,0.0,-0.06981,Sidewalk
557.0,154.7529,3.0428,-2.37365,0.0,-0.06981,143.2503,0.8986,stand_1,288.4193,0.0,-0.06981,0.0,-0.06981,Sidewalk
557.5,154.7529,3.0428,-2.40855,0.0,-0.06981,143.2503,0.8986,stand_1,288.4194,0.0,-0.06981,0.0,-0.06981,Sidewalk
558.0,154.7529,3.0428,-2.44346,0.0,-0.06981,143.2503,0.8986,stand_1,288.4194,0.0,-0.06981,0.0,-0.06981,Sidewalk
558.5,154.7529,3.0428,-2.47837,0.0,-0.06981,143.2503,0.8986,stand_1,288.4194,0.0,-0.06981,0.0,-0.06981,Sidewalk
559.0,154.7529,3.0428,-2.51327,0.0,-0.06981,143.2503,0.8986,stand_1,288.4194,0.0,-0.06981,0.0,-0.06981,Sidewalk
559.5,154.7529,3.0428,-2.54818,0.0,-0.06981,143.2503,0.8986,stand_1,288.4194,0.0,-0.06981,0.0,-0.06981,Sidewalk
560.0,154.7529,3.0428,-2.58309,0.0,-0.06981,143.2503,0.8986,stand_1,288.4194,0.0,-0.06981,0.0,-0.06981,Sidewalk
560.5,154.7529,3.0428,-2.61799,0.0,-0.06981,143.2503,0.8986,stand_1,288.4194,0.0,-0.06981,0.0,-0.06981,Sidewalk
561.0,154.7529,3.0428,-2.6529,0.0,-0.06981,143.2503,0.8986,stand_1,288.4194,0.0,-0.06981,0.0,-0.06981,Sidewalk
561.5,154.7529,3.0428,-2.68781,0.0,-0.06981,143.2503,0.8986,stand_1,288.4194,0.0,-0.06981,0.0,-0.06981,Sidewalk
562.0,154.7529,3.0428,-2.72271,0.0,-0.06981,143.2503,0.8986,stand_1,288.4194,0.0,-0.06981,0.0,-0.06981,Sidewalk
562.5,154.7529,3.0428,-2.75762,0.0,-0.06981,143.2503,0.8986,stand_1,288.4194,0.0,-0.06981,0.0,-0.06981,Sidewalk
563.0,154.7529,3.0428,-2.79253,0.0,-0.06981,143.2503,0.8986,stand_1,288.4194,0.0,-0.06981,0.0,-0.06981,Sidewalk
563.5,154.7529,3.0428,-2.82743,0.0,-0.06981,143.2503,0.8986,stand_1,288.4194,0.0,-0.06981,0.0,-0.06981,Sidewalk
564.0,154.7529,3.0428,-2.86234,0.0,-0.06981,143.2503,0.8986,stand_1,288.4194,0.0,-0.06981,0.0,-0.06981,Sidewalk
564.5,154.7529,3.0428,-2.89725,0.0,-0.06981,143.2503,0.8986,stand_1,288.4194,0.0,-0.06981,0.0,-0.06981,Sidewalk
565.0,154.7529,3.0428,-2.93215,0.0,-0.06981,143.2503,0.8986,stand_1,288.4194,0.0,-0.06981,0.0,-0.06981,Sidewalk
565.5,154.7529,3.0428,-2.96706,0.0,-0.06981,143.2503,0.8986,stand_1,288.4194,0.0,-0.06981,0.0,-0.06981,Sidewalk
566.0,154.7529,3.0428,-3.00197,0.0,-0.06981,143.2503,0.8986,stand_1,288.4194,0.0,-0.06981,0.0,-0.06981,Sidewalk
566.5,154.7529,3.0428,-3.03687,0.0,-0.06981,143.2503,0.8986,stand_1,288.4194,0.0,-0.06981,0.0,-0.06981,Sidewalk
567.0,154.7529,3.0428,-3.07178,0.0,-0.06981,143.2503,0.8986,stand_1,288.4194,0.0,-0.06981,0.0,-0.06981,Sidewalk
567.5,154.7529,3.0428,-3.10669,0.0,-0.06981,143.2503,0.8986,stand_1,288.4194,0.0,-0.06981,0.0,-0.06981,Sidewalk
568.0,154.7529,3.0428,-3.14159,0.0,-0.06981,143.2503,0.8986,stand_1,288.4194,0.0,-0.06981,0.0,-0.06981,Sidewalk
568.5,154.7529,3.0428,3.10669,0.0,-0.06981,143.2503,0.8986,stand_1,288.4194,0.0,-0.06981,0.0,-0.06981,Sidewalk
569.0,154.7529,3.0428,3.07178,0.0,-0.06981,143.2503,0.8986,stand_1,288.4194,0.0,-0.06981,0.0,-0.06981,Sidewalk
569.5,154.7529,3.0428,3.03687,0.0,-0.06981,143.2503,0.8986,stand_1,288.4194,0.0,-0.06981,0.0,-0.06981,Sidewalk
570.0,154.7529,3.0428,3.00197,0.0,-0.06981,143.2503,0.8986,stand_1,288.4194,0.0,-0.06981,0.0,-0.06981,Sidewalk
570.5,154.7529,3.0428,2.96706,0.0,-0.06981,143.2503,0.8986,stand_1,288.4194,0.0,-0.06981,0.0,-0.06981,Sidewalk
571.0,154.7529,3.0428,2.93215,0.0,-0.06981,143.2503,0.8986,stand_1,288.4194,0.0,-0.06981,0.0,-0.06981,Sidewalk
571.5,154.7529,3.0428,2.89725,0.0,-0.06981,143.2503,0.8986,stand_1,288.4194,0.0,-0.06981,0.0,-0.06981,Sidewalk
572.0,154.7529,3.0428,2.86234,0.0,-0.06981,143.2503,0.8986,stand_1,288.4194,0.0,-0.06981,0.0,-0.06981,Sidewalk
572.5,154.7529,3.0428,2.82743,0.0,-0.06981,143.2503,0.8986,stand_1,288.4195,0.0,-0.06981,0.0,-0.06981,Sidewalk
573.0,154.7529,3.0428,2.79253,0.0,-0.06981,143.2503,0.8986,stand_1,288.4195,0.0,-0.06981,0.0,-0.06981,Sidewalk
573.5,154.7529,3.0428,2.75762,0.0,-0.06981,143.2503,0.8986,stand_1,288.4195,0.0,-0.06981,0.0,-0.06981,Sidewalk
574.0,154.7529,3.0428,2.72271,0.0,-0.06981,143.2503,0.8986,stand_1,288.4195,0.0,-0.06981,0.0,-0.06981,Sidewalk
574.5,154.7529,3.0428,2.68781,0.0,-0.06981,143.2503,0.8986,stand_1,288.4195,0.0,-0.06981,0.0,-0.06981,Sidewalk
575.0,154.7529,3.0428,2.6529,0.0,-0.06981,143.2503,0.8986,stand_1,288.4195,0.0,-0.06981,0.0,-0.06981,Sidewalk
575.5,154.7529,3.0428,2.61799,0.0,-0.06981,143.2503,0.8986,stand_1,288.4195,0.0,-0.06981,0.0,-0.06981,Sidewalk
576.0,154.7529,3.0428,2.58309,0.0,-0.06981,143.2503,0.8986,stand_1,288.4195,0.0,-0.06981,0.0,-0.06981,Sidewalk
576.5,154.7529,3.0428,2.54818,0.0,-0.06981,143.2503,0.8986,stand_1,288.4195,0.0,-0.06981,0.0,-0.06981,Sidewalk
577.0,154.7529,3.0428,2.51327,0.0,-0.06981,143.2503,0.8986,stand_1,288.4195,0.0,-0.06981,0.0,-0.06981,Sidewalk
577.5,154.7529,3.0428,2.47837,0.0,-0.06981,143.2503,0.8986,stand_1,288.4195,0.0,-0.06981,0.0,-0.06981,Sidewalk
578.0,154.7529,3.0428,2.44346,0.0,-0.06981,143.2503,0.8986,stand_1,288.4195,0.0,-0.06981,0.0,-0.06981,Sidewalk
578.5,154.7529,3.0428,2.40855,0.0,-0.06981,143.2503,0.8986,stand_1,288.4195,0.0,-0.06981,0.0,-0.06981,Sidewalk
579.0,154.7529,3.0428,2.37365,0.0,-0.06981,143.2503,0.8986,stand_1,288.4195,0.0,-0.06981,0.0,-0.06981,Sidewalk
579.5,154.7529,3.0428,2.33874,0.0,-0.06981,143.2503,0.8986,stand_1,288.4195,0.0,-0.06981,0.0,-0.06981,Sidewalk
580.0,154.7529,3.0428,2.30383,0.0,-0.06981,143.2503,0.8986,stand_1,288.4195,0.0,-0.06981,0.0,-0.06981,Sidewalk
580.5,154.7529,3.0428,2.26893,0.0,-0.06981,143.2503,0.8986,stand_1,288.4195,0.0,-0.06981,0.0,-0.06981,Sidewalk
581.0,154.7529,3.0428,2.23402,0.0,-0.06981,143.2503,0.8986,stand_1,288.4195,0.0,-0.06981,0.0,-0.06981,Sidewalk
581.5,154.7529,3.0428,2.19911,0.0,-0.06981,143.2503,0.8986,stand_1,288.4195,0.0,-0.06981,0.0,-0.06981,Sidewalk
582.0,154.7529,3.0428,2.16421,0.0,-0.06981,143.2503,0.8986,stand_1,288.4195,0.0,-0.06981,0.0,-0.06981,Sidewalk
582.5,154.7529,3.0428,2.1293,0.0,-0.06981,143.2503,0.8986,stand_1,288.4195,0.0,-0.06981,0.0,-0.06981,Sidewalk
583.0,154.7529,3.0428,2.0944,0.0,-0.06981,143.2503,0.8986,stand_1,288.4195,0.0,-0.06981,0.0,-0.06981,Sidewalk
583.5,154.7529,3.0428,2.05949,0.0,-0.06981,143.2503,0.8986,stand_1,288.4195,0.0,-0.06981,0.0,-0.06981,Sidewalk
584.0,154.7529,3.0428,2.02458,0.0,-0.06981,143.2503,0.8986,stand_1,288.4195,0.0,-0.06981,0.0,-0.06981,Sidewalk
584.5,154.7529,3.0428,1.98968,0.0,-0.06981,143.2503,0.8986,stand_1,288.4195,0.0,-0.06981,0.0,-0.06981,Sidewalk
585.0,154.7529,3.0428,1.95477,0.0,-0.06981,143.2503,0.8986,stand_1,288.4195,0.0,-0.06981,0.0,-0.06981,Sidewalk
585.5,154.7529,3.0428,1.91986,0.0,-0.06981,143.2503,0.8986,stand_1,288.4195,0.0,-0.06981,0.0,-0.06981,Sidewalk
586.0,154.7529,3.0428,1.88496,0.0,-0.06981,143.2503,0.8986,stand_1,288.4195,0.0,-0.06981,0.0,-0.06981,Sidewalk
586.5,154.7529,3.0428,1.85005,0.0,-0.06981,143.2503,0.8986,stand_1,288.4195,0.0,-0.06981,0.0,-0.06981,Sidewalk
587.0,154.7529,3.0428,1.81514,0.0,-0.06981,143.2503,0.8986,stand_1,288.4196,0.0,-0.06981,0.0,-0.06981,Sidewalk
587.5,154.7529,3.0428,1.78024,0.0,-0.06981,143.2503,0.8985,stand_1,288.4196,0.0,-0.06981,0.0,-0.06981,Sidewalk
588.0,154.7529,3.0428,1.74533,0.0,-0.06981,143.2503,0.8985,stand_1,288.4196,0.0,-0.06981,0.0,-0.06981,Sidewalk
588.5,154.7529,3.0428,1.71042,0.0,-0.06981,143.2503,0.8985,stand_1,288.4196,0.0,-0.06981,0.0,-0.06981,Sidewalk
589.0,154.7529,3.0428,1.67552,0.0,-0.06981,143.2503,0.8985,stand_1,288.4196,0.0,-0.06981,0.0,-0.06981,Sidewalk
589.5,154.7529,3.0428,1.64061,0.0,-0.06981,143.2503,0.8985,stand_1,288.4196,0.0,-0.06981,0.0,-0.06981,Sidewalk
590.0,154.7529,3.0428,1.6057,0.0,-0.06981,143.2503,0.8985,stand_1,288.4196,0.0,-0.06981,0.0,-0.06981,Sidewalk
590.5,154.7529,3.0428,1.5708,0.0,-0.06981,143.2503,0.8985,stand_1,288.4196,0.0,-0.06981,0.0,-0.06981,Sidewalk
591.0,154.7529,3.0428,1.53589,0.0,-0.06981,143.2503,0.8985,stand_1,288.4196,0.0,-0.06981,0.0,-0.06981,Sidewalk
591.5,154.7529,3.0428,1.50098,0.0,-0.06981,143.2503,0.8985,stand_1,288.4196,0.0,-0.06981,0.0,-0.06981,Sidewalk
592.0,154.7529,3.0428,1.46608,0.0,-0.06981,143.2503,0.8985,stand_1,288.4196,0.0,-0.06981,0.0,-0.06981,Sidewalk
592.5,154.7529,3.0428,1.43117,0.0,-0.06981,143.2503,0.8985,stand_1,288.4196,0.0,-0.06981,0.0,-0.06981,Sidewalk
593.0,154.7529,3.0428,1.39626,0.0,-0.06981,143.2503,0.8985,stand_1,288.4196,0.0,-0.06981,0.0,-0.06981,Sidewalk
593.5,154.7529,3.0428,1.36136,0.0,-0.06981,143.2503,0.8985,stand_1,288.4196,0.0,-0.06981,0.0,-0.06981,Sidewalk
594.0,154.7529,3.0428,1.32645,0.0,-0.06981,143.2503,0.8985,stand_1,288.4196,0.0,-0.06981,0.0,-0.06981,Sidewalk
594.5,154.7529,3.0428,1.29154,0.0,-0.06981,143.2503,0.8985,stand_1,288.4196,0.0,-0.06981,0.0,-0.06981,Sidewalk
595.0,154.7529,3.0428,1.25664,0.0,-0.06981,143.2503,0.8985,stand_1,288.4196,0.0,-0.06981,0.0,-0.06981,Sidewalk
595.5,154.7529,3.0428,1.22173,0.0,-0.06981,143.2503,0.8985,stand_1,288.4196,0.0,-0.06981,0.0,-0.06981,Sidewalk
596.0,154.7529,3.0428,1.18682,0.0,-0.06981,143.2503,0.8985,stand_1,288.4196,0.0,-0.06981,0.0,-0.06981,Sidewalk
596.5,154.7529,3.0428,1.15192,0.0,-0.06981,143.2503,0.8985,stand_1,288.4196,0.0,-0.06981,0.0,-0.06981,Sidewalk
597.0,154.7529,3.0428,1.11701,0.0,-0.06981,143.2503,0.8985,stand_1,288.4196,0.0,-0.06981,0.0,-0.06981,Sidewalk
597.5,154.7529,3.0428,1.0821,0.0,-0.06981,143.2503,0.8985,stand_1,288.4196,0.0,-0.06981,0.0,-0.06981,Sidewalk
598.0,154.7529,3.0428,1.0472,0.0,-0.06981,143.2503,0.8985,stand_1,288.4196,0.0,-0.06981,0.0,-0.06981,Sidewalk
598.5,154.7529,3.0428,1.01229,0.0,-0.06981,143.2503,0.8985,stand_1,288.4196,0.0,-0.06981,0.0,-0.06981,Sidewalk
599.0,154.7529,3.0428,0.97738,0.0,-0.06981,143.2503,0.8985,stand_1,288.4196,0.0,-0.06981,0.0,-0.06981,Sidewalk
599.5,154.7529,3.0428,0.94248,0.0,-0.06981,143.2503,0.8985,stand_1,288.4196,0.0,-0.06981,0.0,-0.06981,Sidewalk
600.0,154.7529,3.0428,0.90757,0.0,-0.06981,143.2503,0.8985,stand_1,288.4196,0.0,-0.06981,0.0,-0.06981,Sidewalk
600.5,154.7529,3.0428,0.87266,0.0,-0.06981,143.2503,0.8985,stand_1,288.4196,0.0,-0.06981,0.0,-0.06981,Sidewalk
601.0,154.7529,3.0428,0.83776,0.0,-0.06981,143.2503,0.8985,stand_1,288.4197,0.0,-0.06981,0.0,-0.06981,Sidewalk
601.5,154.7529,3.0428,0.80285,0.0,-0.06981,143.2503,0.8985,stand_1,288.4197,0.0,-0.06981,0.0,-0.06981,Sidewalk
602.0,154.7529,3.0428,0.76794,0.0,-0.06981,143.2503,0.8985,stand_1,288.4197,0.0,-0.06981,0.0,-0.06981,Sidewalk
602.5,154.7529,3.0428,0.73304,0.0,-0.06981,143.2503,0.8985,stand_1,288.4197,0.0,-0.06981,0.0,-0.06981,Sidewalk
603.0,154.7529,3.0428,0.69813,0.0,-0.06981,143.2503,0.8985,stand_1,288.4197,0.0,-0.06981,0.0,-0.06981,Sidewalk
603.5,154.7529,3.0428,0.66323,0.0,-0.06981,143.2503,0.8985,stand_1,288.4197,0.0,-0.06981,0.0,-0.06981,Sidewalk
604.0,154.7529,3.0428,0.62832,0.0,-0.06981,143.2503,0.8985,stand_1,288.4197,0.0,-0.06981,0.0,-0.06981,Sidewalk
604.5,154.7529,3.0428,0.59341,0.0,-0.06981,143.2503,0.8985,stand_1,288.4197,0.0,-0.06981,0.0,-0.06981,Sidewalk
605.0,154.7529,3.0428,0.55851,0.0,-0.06981,143.2503,0.8985,stand_1,288.4197,0.0,-0.06981,0.0,-0.06981,Sidewalk
605.5,154.7529,3.0428,0.5236,0.0,-0.06981,143.2503,0.8985,stand_1,288.4197,0.0,-0.06981,0.0,-0.06981,Sidewalk
606.0,154.7529,3.0428,0.48869,0.0,-0.06981,143.2503,0.8985,stand_1,288.4197,0.0,-0.06981,0.0,-0.06981,Sidewalk
606.5,154.7529,3.0428,0.45379,0.0,-0.06981,143.2503,0.8985,stand_1,288.4197,0.0,-0.06981,0.0,-0.06981,Sidewalk
607.0,154.7529,3.0428,0.41888,0.0,-0.06981,143.2503,0.8985,stand_1,288.4197,0.0,-0.06981,0.0,-0.06981,Sidewalk
607.5,154.7529,3.0428,0.38397,0.0,-0.06981,143.2503,0.8985,stand_1,288.4197,0.0,-0.06981,0.0,-0.06981,Sidewalk
608.0,154.7529,3.0428,0.34907,0.0,-0.06981,143.2503,0.8985,stand_1,288.4197,0.0,-0.06981,0.0,-0.06981,Sidewalk
608.5,154.7529,3.0428,0.31416,0.0,-0.06981,143.2503,0.8985,stand_1,288.4197,0.0,-0.06981,0.0,-0.06981,Sidewalk
609.0,154.7529,3.0428,0.27925,0.0,-0.06981,143.2503,0.8985,stand_1,288.4197,0.0,-0.06981,0.0,-0.06981,Sidewalk
609.5,154.7529,3.0428,0.24435,0.0,-0.06981,143.2503,0.8985,stand_1,288.4197,0.0,-0.06981,0.0,-0.06981,Sidewalk
610.0,154.7529,3.0428,0.20944,0.0,-0.06981,143.2503,0.8985,stand_1,288.4197,0.0,-0.06981,0.0,-0.06981,Sidewalk
610.5,154.7529,3.0428,0.17453,0.0,-0.06981,143.2503,0.8985,stand_1,288.4197,0.0,-0.06981,0.0,-0.06981,Sidewalk
611.0,154.7529,3.0428,0.13963,0.0,-0.06981,143.2503,0.8985,stand_1,288.4197,0.0,-0.06981,0.0,-0.06981,Sidewalk
611.5,154.7529,3.0428,0.10472,0.0,-0.06981,143.2503,0.8985,stand_1,288.4197,0.0,-0.06981,0.0,-0.06981,Sidewalk
612.0,154.7529,3.0428,0.06981,0.0,-0.06981,143.2503,0.8985,stand_1,288.4197,0.0,-0.06981,0.0,-0.06981,Sidewalk
612.5,154.7529,3.0428,0.03491,0.0,-0.06981,143.2503,0.8985,stand_1,288.4197,0.0,-0.06981,0.0,-0.06981,Sidewalk
613.0,154.7529,3.0428,0.0,0.0,-0.06981,143.2503,0.8985,stand_1,288.4197,0.0,-0.06981,0.0,-0.06981,Sidewalk
613.5,154.7529,3.0428,-0.03491,0.0,-0.06981,143.2503,0.8985,stand_1,288.4197,0.0,-0.06981,0.0,-0.06981,Sidewalk
614.0,154.7529,3.0428,-0.06981,0.0,-0.06981,143.2503,0.8985,stand_1,288.4197,0.0,-0.06981,0.0,-0.06981,Sidewalk
614.5,154.7529,3.0428,-0.10472,0.0,-0.06981,143.2503,0.8985,stand_1,288.4197,0.0,-0.06981,0.0,-0.06981,Sidewalk
615.0,154.7529,3.0428,-0.13963,0.0,-0.06981,143.2503,0.8985,stand_1,288.4197,0.0,-0.06981,0.0,-0.06981,Sidewalk
615.5,154.7529,3.0428,-0.17453,0.0,-0.06981,143.2503,0.8985,stand_1,288.4198,0.0,-0.06981,0.0,-0.06981,Sidewalk
616.0,154.7529,3.0428,-0.20944,0.0,-0.06981,143.2503,0.8985,stand_1,288.4198,0.0,-0.06981,0.0,-0.06981,Sidewalk
616.5,154.7529,3.0428,-0.24435,0.0,-0.06981,143.2503,0.8985,stand_1,288.4198,0.0,-0.06981,0.0,-0.06981,Sidewalk
617.0,154.7529,3.0428,-0.27925,0.0,-0.06981,143.2503,0.8985,stand_1,288.4198,0.0,-0.06981,0.0,-0.06981,Sidewalk
617.5,154.7529,3.0428,-0.31416,0.0,-0.06981,143.2503,0.8985,stand_1,288.4198,0.0,-0.06981,0.0,-0.06981,Sidewalk
618.0,154.7529,3.0428,-0.34907,0.0,-0.06981,143.2503,0.8985,stand_1,288.4198,0.0,-0.06981,0.0,-0.06981,Sidewalk
618.5,154.7529,3.0428,-0.38397,0.0,-0.06981,143.2503,0.8985,stand_1,288.4198,0.0,-0.06981,0.0,-0.06981,Sidewalk
619.0,154.7529,3.0428,-0.41888,0.0,-0.06981,143.2503,0.8985,stand_1,288.4198,0.0,-0.06981,0.0,-0.06981,Sidewalk
619.5,154.7529,3.0428,-0.45379,0.0,-0.06981,143.2503,0.8985,stand_1,288.4198,0.0,-0.06981,0.0,-0.06981,Sidewalk
620.0,154.7529,3.0428,-0.48869,0.0,-0.06981,143.2503,0.8985,stand_1,288.4198,0.0,-0.06981,0.0,-0.06981,Sidewalk
620.5,154.7529,3.0428,-0.5236,0.0,-0.06981,143.2503,0.8985,stand_1,288.4198,0.0,-0.06981,0.0,-0.06981,Sidewalk
621.0,154.7529,3.0428,-0.55851,0.0,-0.06981,143.2503,0.8985,stand_1,288.4198,0.0,-0.06981,0.0,-0.06981,Sidewalk
621.5,154.7529,3.0428,-0.59341,0.0,-0.06981,143.2503,0.8985,stand_1,288.4198,0.0,-0.06981,0.0,-0.06981,Sidewalk
622.0,154.7529,3.0428,-0.62832,0.0,-0.06981,143.2503,0.8984,stand_1,288.4198,0.0,-0.06981,0.0,-0.06981,Sidewalk
622.5,154.7529,3.0428,-0.66323,0.0,-0.06981,143.2503,0.8984,stand_1,288.4198,0.0,-0.06981,0.0,-0.06981,Sidewalk
623.0,154.7529,3.0428,-0.69813,0.0,-0.06981,143.2503,0.8984,stand_1,288.4198,0.0,-0.06981,0.0,-0.06981,Sidewalk
623.5,154.7529,3.0428,-0.73304,0.0,-0.06981,143.2503,0.8984,stand_1,288.4198,0.0,-0.06981,0.0,-0.06981,Sidewalk
624.0,154.7529,3.0428,-0.76794,0.0,-0.06981,143.2503,0.8984,stand_1,288.4198,0.0,-0.06981,0.0,-0.06981,Sidewalk
624.5,154.7529,3.0428,-0.80285,0.0,-0.06981,143.2503,0.8984,stand_1,288.4198,0.0,-0.06981,0.0,-0.06981,Sidewalk
625.0,154.7529,3.0428,-0.83776,0.0,-0.06981,143.2503,0.8984,stand_1,288.4198,0.0,-0.06981,0.0,-0.06981,Sidewalk
625.5,154.7529,3.0428,-0.87266,0.0,-0.06981,143.2503,0.8984,stand_1,288.4198,0.0,-0.06981,0.0,-0.06981,Sidewalk
626.0,154.7529,3.0428,-0.90757,0.0,-0.06981,143.2503,0.8984,stand_1,288.4198,0.0,-0.06981,0.0,-0.06981,Sidewalk
626.5,154.7529,3.0428,-0.94248,0.0,-0.06981,143.2503,0.8984,stand_1,288.4198,0.0,-0.06981,0.0,-0.06981,Sidewalk
627.0,154.7529,3.0428,-0.97738,0.0,-0.06981,143.2503,0.8984,stand_1,288.4198,0.0,-0.06981,0.0,-0.06981,Sidewalk
627.5,154.7529,3.0428,-1.01229,0.0,-0.06981,143.2503,0.8984,stand_1,288.4198,0.0,-0.06981,0.0,-0.06981,Sidewalk
628.0,154.7529,3.0428,-1.0472,0.0,-0.06981,143.2503,0.8984,stand_1,288.4198,0.0,-0.06981,0.0,-0.06981,Sidewalk
628.5,154.7529,3.0428,-1.0821,0.0,-0.06981,143.2503,0.8984,stand_1,288.4198,0.0,-0.06981,0.0,-0.06981,Sidewalk
629.0,154.7529,3.0428,-1.11701,0.0,-0.06981,143.2503,0.8984,stand_1,288.4199,0.0,-0.06981,0.0,-0.06981,Sidewalk
629.5,154.7529,3.0428,-1.15192,0.0,-0.06981,143.2503,0.8984,stand_1,288.4199,0.0,-0.06981,0.0,-0.06981,Sidewalk
630.0,154.7529,3.0428,-1.18682,0.0,-0.06981,143.2503,0.8984,stand_1,288.4199,0.0,-0.06981,0.0,-0.06981,Sidewalk
630.5,154.7529,3.0428,-1.22173,0.0,-0.06981,143.2503,0.8984,stand_1,288.4199,0.0,-0.06981,0.0,-0.06981,Sidewalk
631.0,154.7529,3.0428,-1.25664,0.0,-0.06981,143.2503,0.8984,stand_1,288.4199,0.0,-0.06981,0.0,-0.06981,Sidewalk
631.5,154.7529,3.0428,-1.29154,0.0,-0.06981,143.2503,0.8984,stand_1,288.4199,0.0,-0.06981,0.0,-0.06981,Sidewalk
632.0,154.7529,3.0428,-1.32645,0.0,-0.06981,143.2503,0.8984,stand_1,288.4199,0.0,-0.06981,0.0,-0.06981,Sidewalk
632.5,154.7529,3.0428,-1.36136,0.0,-0.06981,143.2503,0.8984,stand_1,288.4199,0.0,-0.06981,0.0,-0.06981,Sidewalk
633.0,154.7529,3.0428,-1.39626,0.0,-0.06981,143.2503,0.8984,stand_1,288.4199,0.0,-0.06981,0.0,-0.06981,Sidewalk
633.5,154.7529,3.0428,-1.43117,0.0,-0.06981,143.2503,0.8984,stand_1,288.4199,0.0,-0.06981,0.0,-0.06981,Sidewalk
634.0,154.7529,3.0428,-1.46608,0.0,-0.06981,143.2503,0.8984,stand_1,288.4199,0.0,-0.06981,0.0,-0.06981,Sidewalk
634.5,154.7529,3.0428,-1.50098,0.0,-0.06981,143.2503,0.8984,stand_1,288.4199,0.0,-0.06981,0.0,-0.06981,Sidewalk
635.0,154.7529,3.0428,-1.53589,0.0,-0.06981,143.2503,0.8984,stand_1,288.4199,0.0,-0.06981,0.0,-0.06981,Sidewalk
635.5,154.7529,3.0428,-1.5708,0.0,-0.06981,143.2503,0.8984,stand_1,288.4199,0.0,-0.06981,0.0,-0.06981,Sidewalk
636.0,154.7529,3.0428,-1.6057,0.0,-0.06981,143.2503,0.8984,stand_1,288.4199,0.0,-0.06981,0.0,-0.06981,Sidewalk
636.5,154.7529,3.0428,-1.64061,0.0,-0.06981,143.2503,0.8984,stand_1,288.4199,0.0,-0.06981,0.0,-0.06981,Sidewalk
637.0,154.7529,3.0428,-1.67552,0.0,-0.06981,143.2503,0.8984,stand_1,288.4199,0.0,-0.06981,0.0,-0.06981,Sidewalk
637.5,154.7529,3.0428,-1.71042,0.0,-0.06981,143.2503,0.8984,stand_1,288.4199,0.0,-0.06981,0.0,-0.06981,Sidewalk
638.0,154.7529,3.0428,-1.74533,0.0,-0.06981,143.2503,0.8984,stand_1,288.4199,0.0,-0.06981,0.0,-0.06981,Sidewalk
638.5,154.7529,3.0428,-1.78024,0.0,-0.06981,143.2503,0.8984,stand_1,288.4199,0.0,-0.06981,0.0,-0.06981,Sidewalk
639.0,154.7529,3.0428,-1.81514,0.0,-0.06981,143.2503,0.8984,stand_1,288.4199,0.0,-0.06981,0.0,-0.06981,Sidewalk
639.5,154.7529,3.0428,-1.85005,0.0,-0.06981,143.2503,0.8984,stand_1,288.4199,0.0,-0.06981,0.0,-0.06981,Sidewalk
640.0,154.7529,3.0428,-1.88496,0.0,-0.06981,143.2503,0.8984,stand_1,288.4199,0.0,-0.06981,0.0,-0.06981,Sidewalk
640.5,154.7529,3.0428,-1.91986,0.0,-0.06981,143.2503,0.8984,stand_1,288.4199,0.0,-0.06981,0.0,-0.06981,Sidewalk
641.0,154.7529,3.0428,-1.95477,0.0,-0.06981,143.2503,0.8984,stand_1,288.4199,0.0,-0.06981,0.0,-0.06981,Sidewalk
641.5,154.7529,3.0428,-1.98968,0.0,-0.06981,143.2503,0.8984,stand_1,288.4199,0.0,-0.06981,0.0,-0.06981,Sidewalk
642.0,154.7529,3.0428,-2.02458,0.0,-0.06981,143.2503,0.8984,stand_1,288.4199,0.0,-0.06981,0.0,-0.06981,Sidewalk
642.5,154.7529,3.0428,-2.05949,0.0,-0.06981,143.2503,0.8984,stand_1,288.42,0.0,-0.06981,0.0,-0.06981,Sidewalk
643.0,154.7529,3.0428,-2.0944,0.0,-0.06981,143.2503,0.8984,stand_1,288.42,0.0,-0.06981,0.0,-0.06981,Sidewalk
643.5,154.7529,3.0428,-2.1293,0.0,-0.06981,143.2503,0.8984,stand_1,288.42,0.0,-0.06981,0.0,-0.06981,Sidewalk
644.0,154.7529,3.0428,-2.16421,0.0,-0.06981,143.2503,0.8984,stand_1,288.42,0.0,-0.06981,0.0,-0.06981,Sidewalk
644.5,154.7529,3.0428,-2.19911,0.0,-0.06981,143.2503,0.8984,stand_1,288.42,0.0,-0.06981,0.0,-0.06981,Sidewalk
645.0,154.7529,3.0428,-2.23402,0.0,-0.06981,143.2503,0.8984,stand_1,288.42,0.0,-0.06981,0.0,-0.06981,Sidewalk
645.5,154.7529,3.0428,-2.26893,0.0,-0.06981,143.2503,0.8984,stand_1,288.42,0.0,-0.06981,0.0,-0.06981,Sidewalk
646.0,154.7529,3.0428,-2.30383,0.0,-0.06981,143.2503,0.8984,stand_1,288.42,0.0,-0.06981,0.0,-0.06981,Sidewalk
646.5,154.7529,3.0428,-2.33874,0.0,-0.06981,143.2503,0.8984,stand_1,288.42,0.0,-0.06981,0.0,-0.06981,Sidewalk
647.0,154.7529,3.0428,-2.37365,0.0,-0.06981,143.2503,0.8984,stand_1,288.42,0.0,-0.06981,0.0,-0.06981,Sidewalk
647.5,154.7529,3.0428,-2.40855,0.0,-0.06981,143.2503,0.8984,stand_1,288.42,0.0,-0.06981,0.0,-0.06981,Sidewalk
648.0,154.7529,3.0428,-2.44346,0.0,-0.06981,143.2503,0.8984,stand_1,288.42,0.0,-0.06981,0.0,-0.06981,Sidewalk
648.5,154.7529,3.0428,-2.47837,0.0,-0.06981,143.2503,0.8984,stand_1,288.42,0.0,-0.06981,0.0,-0.06981,Sidewalk
649.0,154.7529,3.0428,-2.51327,0.0,-0.06981,143.2503,0.8984,stand_1,288.42,0.0,-0.06981,0.0,-0.06981,Sidewalk
649.5,154.7529,3.0428,-2.54818,0.0,-0.06981,143.2503,0.8984,stand_1,288.42,0.0,-0.06981,0.0,-0.06981,Sidewalk
650.0,154.7529,3.0428,-2.58309,0.0,-0.06981,143.2503,0.8984,stand_1,288.42,0.0,-0.06981,0.0,-0.06981,Sidewalk
650.5,154.7529,3.0428,-2.61799,0.0,-0.06981,143.2503,0.8984,stand_1,288.42,0.0,-0.06981,0.0,-0.06981,Sidewalk
651.0,154.7529,3.0428,-2.6529,0.0,-0.06981,143.2503,0.8984,stand_1,288.42,0.0,-0.06981,0.0,-0.06981,Sidewalk
651.5,154.7529,3.0428,-2.68781,0.0,-0.06981,143.2503,0.8984,stand_1,288.42,0.0,-0.06981,0.0,-0.06981,Sidewalk
652.0,154.7529,3.0428,-2.72271,0.0,-0.06981,143.2503,0.8984,stand_1,288.42,0.0,-0.06981,0.0,-0.06981,Sidewalk
652.5,154.7529,3.0428,-2.75762,0.0,-0.06981,143.2503,0.8984,stand_1,288.42,0.0,-0.06981,0.0,-0.06981,Sidewalk
653.0,154.7529,3.0428,-2.79253,0.0,-0.06981,143.2503,0.8984,stand_1,288.42,0.0,-0.06981,0.0,-0.06981,Sidewalk
653.5,154.7529,3.0428,-2.82743,0.0,-0.06981,143.2503,0.8984,stand_1,288.42,0.0,-0.06981,0.0,-0.06981,Sidewalk
654.0,154.7529,3.0428,-2.86234,0.0,-0.06981,143.2503,0.8984,stand_1,288.42,0.0,-0.06981,0.0,-0.06981,Sidewalk
654.5,154.7529,3.0428,-2.89725,0.0,-0.06981,143.2503,0.8984,stand_1,288.42,0.0,-0.06981,0.0,-0.06981,Sidewalk
655.0,154.7529,3.0428,-2.93215,0.0,-0.06981,143.2503,0.8983,stand_1,288.42,0.0,-0.06981,0.0,-0.06981,Sidewalk
655.5,154.7529,3.0428,-2.96706,0.0,-0.06981,143.2503,0.8983,stand_1,288.42,0.0,-0.06981,0.0,-0.06981,Sidewalk
656.0,154.7529,3.0428,-3.00197,0.0,-0.06981,143.2503,0.8983,stand_1,288.42,0.0,-0.06981,0.0,-0.06981,Sidewalk
656.5,154.7529,3.0428,-3.03687,0.0,-0.06981,143.2503,0.8983,stand_1,288.4201,0.0,-0.06981,0.0,-0.06981,Sidewalk
657.0,154.7529,3.0428,-3.07178,0.0,-0.06981,143.2503,0.8983,stand_1,288.4201,0.0,-0.06981,0.0,-0.06981,Sidewalk
657.5,154.7529,3.0428,-3.10669,0.0,-0.06981,143.2503,0.8983,stand_1,288.4201,0.0,-0.06981,0.0,-0.06981,Sidewalk
658.0,154.7529,3.0428,-3.14159,0.0,-0.06981,143.2503,0.8983,stand_1,288.4201,0.0,-0.06981,0.0,-0.06981,Sidewalk
658.5,154.7529,3.0428,3.10669,0.0,-0.06981,143.2503,0.8983,stand_1,288.4201,0.0,-0.06981,0.0,-0.06981,Sidewalk
659.0,154.7529,3.0428,3.07178,0.0,-0.06981,143.2503,0.8983,stand_1,288.4201,0.0,-0.06981,0.0,-0.06981,Sidewalk
659.5,154.7529,3.0428,3.03687,0.0,-0.06981,143.2503,0.8983,stand_1,288.4201,0.0,-0.06981,0.0,-0.06981,Sidewalk
660.0,154.7529,3.0428,3.00197,0.0,-0.06981,143.2503,0.8983,stand_1,288.4201,0.0,-0.06981,0.0,-0.06981,Sidewalk
660.5,154.7529,3.0428,2.96706,0.0,-0.06981,143.2503,0.8983,stand_1,288.4201,0.0,-0.06981,0.0,-0.06981,Sidewalk
661.0,154.7529,3.0428,2.93215,0.0,-0.06981,143.2503,0.8983,stand_1,288.4201,0.0,-0.06981,0.0,-0.06981,Sidewalk
661.5,154.7529,3.0428,2.89725,0.0,-0.06981,143.2503,0.8983,stand_1,288.4201,0.0,-0.06981,0.0,-0.06981,Sidewalk
662.0,154.7529,3.0428,2.86234,0.0,-0.06981,143.2503,0.8983,stand_1,288.4201,0.0,-0.06981,0.0,-0.06981,Sidewalk
662.5,154.7529,3.0428,2.82743,0.0,-0.06981,143.2503,0.8983,stand_1,288.4201,0.0,-0.06981,0.0,-0.06981,Sidewalk
663.0,154.7529,3.0428,2.79253,0.0,-0.06981,143.2503,0.8983,stand_1,288.4201,0.0,-0.06981,0.0,-0.06981,Sidewalk
663.5,154.7529,3.0428,2.75762,0.0,-0.06981,143.2503,0.8983,stand_1,288.4201,0.0,-0.06981,0.0,-0.06981,Sidewalk
664.0,154.7529,3.0428,2.72271,0.0,-0.06981,143.2503,0.8983,stand_1,288.4201,0.0,-0.06981,0.0,-0.06981,Sidewalk
664.5,154.7529,3.0428,2.68781,0.0,-0.06981,143.2503,0.8983,stand_1,288.4201,0.0,-0.06981,0.0,-0.06981,Sidewalk
665.0,154.7529,3.0428,2.6529,0.0,-0.06981,143.2503,0.8983,stand_1,288.4201,0.0,-0.06981,0.0,-0.06981,Sidewalk
665.5,154.7529,3.0428,2.61799,0.0,-0.06981,143.2503,0.8983,stand_1,288.4201,0.0,-0.06981,0.0,-0.06981,Sidewalk
666.0,154.7529,3.0428,2.58309,0.0,-0.06981,143.2503,0.8983,stand_1,288.4201,0.0,-0.06981,0.0,-0.06981,Sidewalk
666.5,154.7529,3.0428,2.54818,0.0,-0.06981,143.2503,0.8983,stand_1,288.4201,0.0,-0.06981,0.0,-0.06981,Sidewalk
667.0,154.7529,3.0428,2.51327,0.0,-0.06981,143.2503,0.8983,stand_1,288.4201,0.0,-0.06981,0.0,-0.06981,Sidewalk
667.5,154.7529,3.0428,2.47837,0.0,-0.06981,143.2503,0.8983,stand_1,288.4201,0.0,-0.06981,0.0,-0.06981,Sidewalk
668.0,154.7529,3.0428,2.44346,0.0,-0.06981,143.2503,0.8983,stand_1,288.4201,0.0,-0.06981,0.0,-0.06981,Sidewalk
668.5,154.7529,3.0428,2.40855,0.0,-0.06981,143.2503,0.8983,stand_1,288.4201,0.0,-0.06981,0.0,-0.06981,Sidewalk
669.0,154.7529,3.0428,2.37365,0.0,-0.06981,143.2503,0.8983,stand_1,288.4201,0.0,-0.06981,0.0,-0.06981,Sidewalk
669.5,154.7529,3.0428,2.33874,0.0,-0.06981,143.2503,0.8983,stand_1,288.4202,0.0,-0.06981,0.0,-0.06981,Sidewalk
670.0,154.7529,3.0428,2.30383,0.0,-0.06981,143.2503,0.8983,stand_1,288.4202,0.0,-0.06981,0.0,-0.06981,Sidewalk
670.5,154.7529,3.0428,2.26893,0.0,-0.06981,143.2503,0.8983,stand_1,288.4202,0.0,-0.06981,0.0,-0.06981,Sidewalk
671.0,154.7529,3.0428,2.23402,0.0,-0.06981,143.2503,0.8983,stand_1,288.4202,0.0,-0.06981,0.0,-0.06981,Sidewalk
671.5,154.7529,3.0428,2.19911,0.0,-0.06981,143.2503,0.8983,stand_1,288.4202,0.0,-0.06981,0.0,-0.06981,Sidewalk
672.0,154.7529,3.0428,2.16421,0.0,-0.06981,143.2503,0.8983,stand_1,288.4202,0.0,-0.06981,0.0,-0.06981,Sidewalk
672.5,154.7529,3.0428,2.1293,0.0,-0.06981,143.2503,0.8983,stand_1,288.4202,0.0,-0.06981,0.0,-0.06981,Sidewalk
673.0,154.7529,3.0428,2.0944,0.0,-0.06981,143.2503,0.8983,stand_1,288.4202,0.0,-0.06981,0.0,-0.06981,Sidewalk
673.5,154.7529,3.0428,2.05949,0.0,-0.06981,143.2503,0.8983,stand_1,288.4202,0.0,-0.06981,0.0,-0.06981,Sidewalk
674.0,154.7529,3.0428,2.02458,0.0,-0.06981,143.2503,0.8983,stand_1,288.4202,0.0,-0.06981,0.0,-0.06981,Sidewalk
674.5,154.7529,3.0428,1.98968,0.0,-0.06981,143.2503,0.8983,stand_1,288.4202,0.0,-0.06981,0.0,-0.06981,Sidewalk
675.0,154.7529,3.0428,1.95477,0.0,-0.06981,143.2503,0.8983,stand_1,288.4202,0.0,-0.06981,0.0,-0.06981,Sidewalk
675.5,154.7529,3.0428,1.91986,0.0,-0.06981,143.2503,0.8983,stand_1,288.4202,0.0,-0.06981,0.0,-0.06981,Sidewalk
676.0,154.7529,3.0428,1.88496,0.0,-0.06981,143.2503,0.8983,stand_1,288.4202,0.0,-0.06981,0.0,-0.06981,Sidewalk
676.5,154.7529,3.0428,1.85005,0.0,-0.06981,143.2503,0.8983,stand_1,288.4202,0.0,-0.06981,0.0,-0.06981,Sidewalk
677.0,154.7529,3.0428,1.81514,0.0,-0.06981,143.2503,0.8983,stand_1,288.4202,0.0,-0.06981,0.0,-0.06981,Sidewalk
677.5,154.7529,3.0428,1.78024,0.0,-0.06981,143.2503,0.8983,stand_1,288.4202,0.0,-0.06981,0.0,-0.06981,Sidewalk
678.0,154.7529,3.0428,1.74533,0.0,-0.06981,143.2503,0.8983,stand_1,288.4202,0.0,-0.06981,0.0,-0.06981,Sidewalk
678.5,154.7529,3.0428,1.71042,0.0,-0.06981,143.2503,0.8983,stand_1,288.4202,0.0,-0.06981,0.0,-0.06981,Sidewalk
679.0,154.7529,3.0428,1.67552,0.0,-0.06981,143.2503,0.8983,stand_1,288.4202,0.0,-0.06981,0.0,-0.06981,Sidewalk
679.5,154.7529,3.0428,1.64061,0.0,-0.06981,143.2503,0.8983,stand_1,288.4202,0.0,-0.06981,0.0,-0.06981,Sidewalk
680.0,154.7529,3.0428,1.6057,0.0,-0.06981,143.2503,0.8983,stand_1,288.4202,0.0,-0.06981,0.0,-0.06981,Sidewalk
680.5,154.7529,3.0428,1.5708,0.0,-0.06981,143.2503,0.8983,stand_1,288.4202,0.0,-0.06981,0.0,-0.06981,Sidewalk
681.0,154.7529,3.0428,1.53589,0.0,-0.06981,143.2503,0.8983,stand_1,288.4202,0.0,-0.06981,0.0,-0.06981,Sidewalk
681.5,154.7529,3.0428,1.50098,0.0,-0.06981,143.2503,0.8983,stand_1,288.4202,0.0,-0.06981,0.0,-0.06981,Sidewalk
682.0,154.7529,3.0428,1.46608,0.0,-0.06981,143.2503,0.8983,stand_1,288.4202,0.0,-0.06981,0.0,-0.06981,Sidewalk
682.5,154.7529,3.0428,1.43117,0.0,-0.06981,143.2503,0.8983,stand_1,288.4202,0.0,-0.06981,0.0,-0.06981,Sidewalk
683.0,154.7529,3.0428,1.39626,0.0,-0.06981,143.2503,0.8983,stand_1,288.4202,0.0,-0.06981,0.0,-0.06981,Sidewalk
683.5,154.7529,3.0428,1.36136,0.0,-0.06981,143.2503,0.8983,stand_1,288.4202,0.0,-0.06981,0.0,-0.06981,Sidewalk
684.0,154.7529,3.0428,1.32645,0.0,-0.06981,143.2503,0.8983,stand_1,288.4202,0.0,-0.06981,0.0,-0.06981,Sidewalk
684.5,154.7529,3.0428,1.29154,0.0,-0.06981,143.2503,0.8983,stand_1,288.4202,0.0,-0.06981,0.0,-0.06981,Sidewalk
685.0,154.7529,3.0428,1.25664,0.0,-0.06981,143.2503,0.8983,stand_1,288.4203,0.0,-0.06981,0.0,-0.06981,Sidewalk
685.5,154.7529,3.0428,1.22173,0.0,-0.06981,143.2503,0.8983,stand_1,288.4203,0.0,-0.06981,0.0,-0.06981,Sidewalk
686.0,154.7529,3.0428,1.18682,0.0,-0.06981,143.2503,0.8983,stand_1,288.4203,0.0,-0.06981,0.0,-0.06981,Sidewalk
686.5,154.7529,3.0428,1.15192,0.0,-0.06981,143.2503,0.8983,stand_1,288.4203,0.0,-0.06981,0.0,-0.06981,Sidewalk
687.0,154.7529,3.0428,1.11701,0.0,-0.06981,143.2503,0.8983,stand_1,288.4203,0.0,-0.06981,0.0,-0.06981,Sidewalk
687.5,154.7529,3.0428,1.0821,0.0,-0.06981,143.2503,0.8983,stand_1,288.4203,0.0,-0.06981,0.0,-0.06981,Sidewalk
688.0,154.7529,3.0428,1.0472,0.0,-0.06981,143.2503,0.8983,stand_1,288.4203,0.0,-0.06981,0.0,-0.06981,Sidewalk
688.5,154.7529,3.0428,1.01229,0.0,-0.06981,143.2503,0.8983,stand_1,288.4203,0.0,-0.06981,0.0,-0.06981,Sidewalk
689.0,154.7529,3.0428,0.97738,0.0,-0.06981,143.2503,0.8983,stand_1,288.4203,0.0,-0.06981,0.0,-0.06981,Sidewalk
689.5,154.7529,3.0428,0.94248,0.0,-0.06981,143.2503,0.8983,stand_1,288.4203,0.0,-0.06981,0.0,-0.06981,Sidewalk
690.0,154.7529,3.0428,0.90757,0.0,-0.06981,143.2503,0.8983,stand_1,288.4203,0.0,-0.06981,0.0,-0.06981,Sidewalk
690.5,154.7529,3.0428,0.87266,0.0,-0.06981,143.2503,0.8983,stand_1,288.4203,0.0,-0.06981,0.0,-0.06981,Sidewalk
691.0,154.7529,3.0428,0.83776,0.0,-0.06981,143.2503,0.8982,stand_1,288.4203,0.0,-0.06981,0.0,-0.06981,Sidewalk
691.5,154.7529,3.0428,0.80285,0.0,-0.06981,143.2503,0.8982,stand_1,288.4203,0.0,-0.06981,0.0,-0.06981,Sidewalk
692.0,154.7529,3.0428,0.76794,0.0,-0.06981,143.2503,0.8982,stand_1,288.4203,0.0,-0.06981,0.0,-0.06981,Sidewalk
692.5,154.7529,3.0428,0.73304,0.0,-0.06981,143.2503,0.8982,stand_1,288.4203,0.0,-0.06981,0.0,-0.06981,Sidewalk
693.0,154.7529,3.0428,0.69813,0.0,-0.06981,143.2503,0.8982,stand_1,288.4203,0.0,-0.06981,0.0,-0.06981,Sidewalk
693.5,154.7529,3.0428,0.66323,0.0,-0.06981,143.2503,0.8982,stand_1,288.4203,0.0,-0.06981,0.0,-0.06981,Sidewalk
694.0,154.7529,3.0428,0.62832,0.0,-0.06981,143.2503,0.8982,stand_1,288.4203,0.0,-0.06981,0.0,-0.06981,Sidewalk
694.5,154.7529,3.0428,0.59341,0.0,-0.06981,143.2503,0.8982,stand_1,288.4203,0.0,-0.06981,0.0,-0.06981,Sidewalk
695.0,154.7529,3.0428,0.55851,0.0,-0.06981,143.2503,0.8982,stand_1,288.4203,0.0,-0.06981,0.0,-0.06981,Sidewalk
695.5,154.7529,3.0428,0.5236,0.0,-0.06981,143.2503,0.8982,stand_1,288.4203,0.0,-0.06981,0.0,-0.06981,Sidewalk
696.0,154.7529,3.0428,0.48869,0.0,-0.06981,143.2503,0.8982,stand_1,288.4203,0.0,-0.06981,0.0,-0.06981,Sidewalk
696.5,154.7529,3.0428,0.45379,0.0,-0.06981,143.2503,0.8982,stand_1,288.4203,0.0,-0.06981,0.0,-0.06981,Sidewalk
697.0,154.7529,3.0428,0.41888,0.0,-0.06981,143.2503,0.8982,stand_1,288.4203,0.0,-0.06981,0.0,-0.06981,Sidewalk
697.5,154.7529,3.0428,0.38397,0.0,-0.06981,143.2503,0.8982,stand_1,288.4203,0.0,-0.06981,0.0,-0.06981,Sidewalk
698.0,154.7529,3.0428,0.34907,0.0,-0.06981,143.2503,0.8982,stand_1,288.4203,0.0,-0.06981,0.0,-0.06981,Sidewalk
698.5,154.7529,3.0428,0.31416,0.0,-0.06981,143.2503,0.8982,stand_1,288.4203,0.0,-0.06981,0.0,-0.06981,Sidewalk
699.0,154.7529,3.0428,0.27925,0.0,-0.06981,143.2503,0.8982,stand_1,288.4203,0.0,-0.06981,0.0,-0.06981,Sidewalk
699.5,154.7529,3.0428,0.24435,0.0,-0.06981,143.2503,0.8982,stand_1,288.4203,0.0,-0.06981,0.0,-0.06981,Sidewalk
700.0,154.7529,3.0428,0.20944,0.0,-0.06981,143.2503,0.8982,stand_1,288.4203,0.0,-0.06981,0.0,-0.06981,Sidewalk
700.5,154.7529,3.0428,0.17453,0.0,-0.06981,143.2503,0.8982,stand_1,288.4203,0.0,-0.06981,0.0,-0.06981,Sidewalk
701.0,154.7529,3.0428,0.13963,0.0,-0.06981,143.2503,0.8982,stand_1,288.4204,0.0,-0.06981,0.0,-0.06981,Sidewalk
701.5,154.7529,3.0428,0.10472,0.0,-0.06981,143.2503,0.8982,stand_1,288.4204,0.0,-0.06981,0.0,-0.06981,Sidewalk
702.0,154.7529,3.0428,0.06981,0.0,-0.06981,143.2503,0.8982,stand_1,288.4204,0.0,-0.06981,0.0,-0.06981,Sidewalk
702.5,154.7529,3.0428,0.03491,0.0,-0.06981,143.2503,0.8982,stand_1,288.4204,0.0,-0.06981,0.0,-0.06981,Sidewalk
703.0,154.7529,3.0428,0.0,0.0,-0.06981,143.2503,0.8982,stand_1,288.4204,0.0,-0.06981,0.0,-0.06981,Sidewalk
703.5,154.7529,3.0428,-0.03491,0.0,-0.06981,143.2503,0.8982,stand_1,288.4204,0.0,-0.06981,0.0,-0.06981,Sidewalk
704.0,154.7529,3.0428,-0.06981,0.0,-0.06981,143.2503,0.8982,stand_1,288.4204,0.0,-0.06981,0.0,-0.06981,Sidewalk
704.5,154.7529,3.0428,-0.10472,0.0,-0.06981,143.2503,0.8982,stand_1,288.4204,0.0,-0.06981,0.0,-0.06981,Sidewalk
705.0,154.7529,3.0428,-0.13963,0.0,-0.06981,143.2503,0.8982,stand_1,288.4204,0.0,-0.06981,0.0,-0.06981,Sidewalk
705.5,154.7529,3.0428,-0.17453,0.0,-0.06981,143.2503,0.8982,stand_1,288.4204,0.0,-0.06981,0.0,-0.06981,Sidewalk
706.0,154.7529,3.0428,-0.20944,0.0,-0.06981,143.2503,0.8982,stand_1,288.4204,0.0,-0.06981,0.0,-0.06981,Sidewalk
706.5,154.7529,3.0428,-0.24435,0.0,-0.06981,143.2503,0.8982,stand_1,288.4204,0.0,-0.06981,0.0,-0.06981,Sidewalk
707.0,154.7529,3.0428,-0.27925,0.0,-0.06981,143.2503,0.8982,stand_1,288.4204,0.0,-0.06981,0.0,-0.06981,Sidewalk
707.5,154.7529,3.0428,-0.31416,0.0,-0.06981,143.2503,0.8982,stand_1,288.4204,0.0,-0.06981,0.0,-0.06981,Sidewalk
708.0,154.7529,3.0428,-0.34907,0.0,-0.06981,143.2503,0.8982,stand_1,288.4204,0.0,-0.06981,0.0,-0.06981,Sidewalk
708.5,154.7529,3.0428,-0.38397,0.0,-0.06981,143.2503,0.8982,stand_1,288.4204,0.0,-0.06981,0.0,-0.06981,Sidewalk
709.0,154.7529,3.0428,-0.41888,0.0,-0.06981,143.2503,0.8982,stand_1,288.4204,0.0,-0.06981,0.0,-0.06981,Sidewalk
709.5,154.7529,3.0428,-0.45379,0.0,-0.06981,143.2503,0.8982,stand_1,288.4204,0.0,-0.06981,0.0,-0.06981,Sidewalk
710.0,154.7529,3.0428,-0.48869,0.0,-0.06981,143.2503,0.8982,stand_1,288.4204,0.0,-0.06981,0.0,-0.06981,Sidewalk
710.5,154.7529,3.0428,-0.5236,0.0,-0.06981,143.2503,0.8982,stand_1,288.4204,0.0,-0.06981,0.0,-0.06981,Sidewalk
711.0,154.7529,3.0428,-0.55851,0.0,-0.06981,143.2503,0.8982,stand_1,288.4204,0.0,-0.06981,0.0,-0.06981,Sidewalk
711.5,154.7529,3.0428,-0.59341,0.0,-0.06981,143.2503,0.8982,stand_1,288.4204,0.0,-0.06981,0.0,-0.06981,Sidewalk
712.0,154.7529,3.0428,-0.62832,0.0,-0.06981,143.2503,0.8982,stand_1,288.4204,0.0,-0.06981,0.0,-0.06981,Sidewalk
712.5,154.7529,3.0428,-0.66323,0.0,-0.06981,143.2503,0.8982,stand_1,288.4204,0.0,-0.06981,0.0,-0.06981,Sidewalk
713.0,154.7529,3.0428,-0.69813,0.0,-0.06981,143.2503,0.8982,stand_1,288.4204,0.0,-0.06981,0.0,-0.06981,Sidewalk
713.5,154.7529,3.0428,-0.73304,0.0,-0.06981,143.2503,0.8982,stand_1,288.4204,0.0,-0.06981,0.0,-0.06981,Sidewalk
714.0,154.7529,3.0428,-0.76794,0.0,-0.06981,143.2503,0.8982,stand_1,288.4204,0.0,-0.06981,0.0,-0.06981,Sidewalk
714.5,154.7529,3.0428,-0.80285,0.0,-0.06981,143.2503,0.8982,stand_1,288.4204,0.0,-0.06981,0.0,-0.06981,Sidewalk
715.0,154.7529,3.0428,-0.83776,0.0,-0.06981,143.2503,0.8982,stand_1,288.4204,0.0,-0.06981,0.0,-0.06981,Sidewalk
715.5,154.7529,3.0428,-0.87266,0.0,-0.06981,143.2503,0.8982,stand_1,288.4204,0.0,-0.06981,0.0,-0.06981,Sidewalk
716.0,154.7529,3.0428,-0.90757,0.0,-0.06981,143.2503,0.8982,stand_1,288.4204,0.0,-0.06981,0.0,-0.06981,Sidewalk
716.5,154.7529,3.0428,-0.94248,0.0,-0.06981,143.2503,0.8982,stand_1,288.4204,0.0,-0.06981,0.0,-0.06981,Sidewalk
717.0,154.7529,3.0428,-0.97738,0.0,-0.06981,143.2503,0.8982,stand_1,288.4205,0.0,-0.06981,0.0,-0.06981,Sidewalk
717.5,154.7529,3.0428,-1.01229,0.0,-0.06981,143.2503,0.8982,stand_1,288.4205,0.0,-0.06981,0.0,-0.06981,Sidewalk
718.0,154.7529,3.0428,-1.0472,0.0,-0.06981,143.2503,0.8982,stand_1,288.4205,0.0,-0.06981,0.0,-0.06981,Sidewalk
718.5,154.7529,3.0428,-1.0821,0.0,-0.06981,143.2503,0.8982,stand_1,288.4205,0.0,-0.06981,0.0,-0.06981,Sidewalk
719.0,154.7529,3.0428,-1.11701,0.0,-0.06981,143.2503,0.8982,stand_1,288.4205,0.0,-0.06981,0.0,-0.06981,Sidewalk
719.5,154.7529,3.0428,-1.15192,0.0,-0.06981,143.2503,0.8982,stand_1,288.4205,0.0,-0.06981,0.0,-0.06981,Sidewalk
720.0,154.7529,3.0428,-1.18682,0.0,-0.06981,143.2503,0.8982,stand_1,288.4205,0.0,-0.06981,0.0,-0.06981,Sidewalk
720.5,154.7529,3.0428,-1.22173,0.0,-0.06981,143.2503,0.8982,stand_1,288.4205,0.0,-0.06981,0.0,-0.06981,Sidewalk
721.0,154.7529,3.0428,-1.25664,0.0,-0.06981,143.2503,0.8982,stand_1,288.4205,0.0,-0.06981,0.0,-0.06981,Sidewalk
721.5,154.7529,3.0428,-1.29154,0.0,-0.06981,143.2503,0.8982,stand_1,288.4205,0.0,-0.06981,0.0,-0.06981,Sidewalk
722.0,154.7529,3.0428,-1.32645,0.0,-0.06981,143.2503,0.8982,stand_1,288.4205,0.0,-0.06981,0.0,-0.06981,Sidewalk
722.5,154.7529,3.0428,-1.36136,0.0,-0.06981,143.2503,0.8982,stand_1,288.4205,0.0,-0.06981,0.0,-0.06981,Sidewalk
723.0,154.7529,3.0428,-1.39626,0.0,-0.06981,143.2503,0.8982,stand_1,288.4205,0.0,-0.06981,0.0,-0.06981,Sidewalk
723.5,154.7529,3.0428,-1.43117,0.0,-0.06981,143.2503,0.8982,stand_1,288.4205,0.0,-0.06981,0.0,-0.06981,Sidewalk
724.0,154.7529,3.0428,-1.46608,0.0,-0.06981,143.2503,0.8982,stand_1,288.4205,0.0,-0.06981,0.0,-0.06981,Sidewalk
724.5,154.7529,3.0428,-1.50098,0.0,-0.06981,143.2503,0.8982,stand_1,288.4205,0.0,-0.06981,0.0,-0.06981,Sidewalk
725.0,154.7529,3.0428,-1.53589,0.0,-0.06981,143.2503,0.8982,stand_1,288.4205,0.0,-0.06981,0.0,-0.06981,Sidewalk
725.5,154.7529,3.0428,-1.5708,0.0,-0.06981,143.2503,0.8982,stand_1,288.4205,0.0,-0.06981,0.0,-0.06981,Sidewalk
726.0,154.7529,3.0428,-1.6057,0.0,-0.06981,143.2503,0.8982,stand_1,288.4205,0.0,-0.06981,0.0,-0.06981,Sidewalk
726.5,154.7529,3.0428,-1.64061,0.0,-0.06981,143.2503,0.8982,stand_1,288.4205,0.0,-0.06981,0.0,-0.06981,Sidewalk
727.0,154.7529,3.0428,-1.67552,0.0,-0.06981,143.2503,0.8982,stand_1,288.4205,0.0,-0.06981,0.0,-0.06981,Sidewalk
727.5,154.7529,3.0428,-1.71042,0.0,-0.06981,143.2503,0.8981,stand_1,288.4205,0.0,-0.06981,0.0,-0.06981,Sidewalk
728.0,154.7529,3.0428,-1.74533,0.0,-0.06981,143.2503,0.8981,stand_1,288.4205,0.0,-0.06981,0.0,-0.06981,Sidewalk
728.5,154.7529,3.0428,-1.78024,0.0,-0.06981,143.2503,0.8981,stand_1,288.4205,0.0,-0.06981,0.0,-0.06981,Sidewalk
729.0,154.7529,3.0428,-1.81514,0.0,-0.06981,143.2503,0.8981,stand_1,288.4205,0.0,-0.06981,0.0,-0.06981,Sidewalk
729.5,154.7529,3.0428,-1.85005,0.0,-0.06981,143.2503,0.8981,stand_1,288.4205,0.0,-0.06981,0.0,-0.06981,Sidewalk
730.0,154.7529,3.0428,-1.88496,0.0,-0.06981,143.2503,0.8981,stand_1,288.4205,0.0,-0.06981,0.0,-0.06981,Sidewalk
730.5,154.7529,3.0428,-1.91986,0.0,-0.06981,143.2503,0.8981,stand_1,288.4205,0.0,-0.06981,0.0,-0.06981,Sidewalk
731.0,154.7529,3.0428,-1.95477,0.0,-0.06981,143.2503,0.8981,stand_1,288.4205,0.0,-0.06981,0.0,-0.06981,Sidewalk
731.5,154.7529,3.0428,-1.98968,0.0,-0.06981,143.2503,0.8981,stand_1,288.4206,0.0,-0.06981,0.0,-0.06981,Sidewalk
732.0,154.7529,3.0428,-2.02458,0.0,-0.06981,143.2503,0.8981,stand_1,288.4206,0.0,-0.06981,0.0,-0.06981,Sidewalk
732.5,154.7529,3.0428,-2.05949,0.0,-0.06981,143.2503,0.8981,stand_1,288.4206,0.0,-0.06981,0.0,-0.06981,Sidewalk
733.0,154.7529,3.0428,-2.0944,0.0,-0.06981,143.2503,0.8981,stand_1,288.4206,0.0,-0.06981,0.0,-0.06981,Sidewalk
733.5,154.7529,3.0428,-2.1293,0.0,-0.06981,143.2503,0.8981,stand_1,288.4206,0.0,-0.06981,0.0,-0.06981,Sidewalk
734.0,154.7529,3.0428,-2.16421,0.0,-0.06981,143.2503,0.8981,stand_1,288.4206,0.0,-0.06981,0.0,-0.06981,Sidewalk
734.5,154.7529,3.0428,-2.19911,0.0,-0.06981,143.2503,0.8981,stand_1,288.4206,0.0,-0.06981,0.0,-0.06981,Sidewalk
735.0,154.7529,3.0428,-2.23402,0.0,-0.06981,143.2503,0.8981,stand_1,288.4206,0.0,-0.06981,0.0,-0.06981,Sidewalk
735.5,154.7529,3.0428,-2.26893,0.0,-0.06981,143.2503,0.8981,stand_1,288.4206,0.0,-0.06981,0.0,-0.06981,Sidewalk
736.0,154.7529,3.0428,-2.30383,0.0,-0.06981,143.2503,0.8981,stand_1,288.4206,0.0,-0.06981,0.0,-0.06981,Sidewalk
736.5,154.7529,3.0428,-2.33874,0.0,-0.06981,143.2503,0.8981,stand_1,288.4206,0.0,-0.06981,0.0,-0.06981,Sidewalk
737.0,154.7529,3.0428,-2.37365,0.0,-0.06981,143.2503,0.8981,stand_1,288.4206,0.0,-0.06981,0.0,-0.06981,Sidewalk
737.5,154.7529,3.0428,-2.40855,0.0,-0.06981,143.2503,0.8981,stand_1,288.4206,0.0,-0.06981,0.0,-0.06981,Sidewalk
738.0,154.7529,3.0428,-2.44346,0.0,-0.06981,143.2503,0.8981,stand_1,288.4206,0.0,-0.06981,0.0,-0.06981,Sidewalk
738.5,154.7529,3.0428,-2.47837,0.0,-0.06981,143.2503,0.8981,stand_1,288.4206,0.0,-0.06981,0.0,-0.06981,Sidewalk
739.0,154.7529,3.0428,-2.51327,0.0,-0.06981,143.2503,0.8981,stand_1,288.4206,0.0,-0.06981,0.0,-0.06981,Sidewalk
739.5,154.7529,3.0428,-2.54818,0.0,-0.06981,143.2503,0.8981,stand_1,288.4206,0.0,-0.06981,0.0,-0.06981,Sidewalk
740.0,154.7529,3.0428,-2.58309,0.0,-0.06981,143.2503,0.8981,stand_1,288.4206,0.0,-0.06981,0.0,-0.06981,Sidewalk
740.5,154.7529,3.0428,-2.61799,0.0,-0.06981,143.2503,0.8981,stand_1,288.4206,0.0,-0.06981,0.0,-0.06981,Sidewalk
741.0,154.7529,3.0428,-2.6529,0.0,-0.06981,143.2503,0.8981,stand_1,288.4206,0.0,-0.06981,0.0,-0.06981,Sidewalk
741.5,154.7529,3.0428,-2.68781,0.0,-0.06981,143.2503,0.8981,stand_1,288.4206,0.0,-0.06981,0.0,-0.06981,Sidewalk
742.0,154.7529,3.0428,-2.72271,0.0,-0.06981,143.2503,0.8981,stand_1,288.4206,0.0,-0.06981,0.0,-0.06981,Sidewalk
742.5,154.7529,3.0428,-2.75762,0.0,-0.06981,143.2503,0.8981,stand_1,288.4206,0.0,-0.06981,0.0,-0.06981,Sidewalk
743.0,154.7529,3.0428,-2.79253,0.0,-0.06981,143.2503,0.8981,stand_1,288.4206,0.0,-0.06981,0.0,-0.06981,Sidewalk
743.5,154.7529,3.0428,-2.82743,0.0,-0.06981,143.2503,0.8981,stand_1,288.4206,0.0,-0.06981,0.0,-0.06981,Sidewalk
744.0,154.7529,3.0428,-2.86234,0.0,-0.06981,143.2503,0.8981,stand_1,288.4206,0.0,-0.06981,0.0,-0.06981,Sidewalk
744.5,154.7529,3.0428,-2.89725,0.0,-0.06981,143.2503,0.8981,stand_1,288.4206,0.0,-0.06981,0.0,-0.06981,Sidewalk
745.0,154.7529,3.0428,-2.93215,0.0,-0.06981,143.2503,0.8981,stand_1,288.4206,0.0,-0.06981,0.0,-0.06981,Sidewalk
745.5,154.7529,3.0428,-2.96706,0.0,-0.06981,143.2503,0.8981,stand_1,288.4207,0.0,-0.06981,0.0,-0.06981,Sidewalk
746.0,154.7529,3.0428,-3.00197,0.0,-0.06981,143.2503,0.8981,stand_1,288.4207,0.0,-0.06981,0.0,-0.06981,Sidewalk
746.5,154.7529,3.0428,-3.03687,0.0,-0.06981,143.2503,0.8981,stand_1,288.4207,0.0,-0.06981,0.0,-0.06981,Sidewalk
747.0,154.7529,3.0428,-3.07178,0.0,-0.06981,143.2503,0.8981,stand_1,288.4207,0.0,-0.06981,0.0,-0.06981,Sidewalk
747.5,154.7529,3.0428,-3.10669,0.0,-0.06981,143.2503,0.8981,stand_1,288.4207,0.0,-0.06981,0.0,-0.06981,Sidewalk
748.0,154.7529,3.0428,-3.14159,0.0,-0.06981,143.2503,0.8981,stand_1,288.4207,0.0,-0.06981,0.0,-0.06981,Sidewalk
748.5,154.7529,3.0428,3.10669,0.0,-0.06981,143.2503,0.8981,stand_1,288.4207,0.0,-0.06981,0.0,-0.06981,Sidewalk
749.0,154.7529,3.0428,3.07178,0.0,-0.06981,143.2503,0.8981,stand_1,288.4207,0.0,-0.06981,0.0,-0.06981,Sidewalk
749.5,154.7529,3.0428,3.03687,0.0,-0.06981,143.2503,0.8981,stand_1,288.4207,0.0,-0.06981,0.0,-0.06981,Sidewalk
750.0,154.7529,3.0428,3.00197,0.0,-0.06981,143.2503,0.8981,stand_1,288.4207,0.0,-0.06981,0.0,-0.06981,Sidewalk
750.5,154.7529,3.0428,2.96706,0.0,-0.06981,143.2503,0.8981,stand_1,288.4207,0.0,-0.06981,0.0,-0.06981,Sidewalk
751.0,154.7529,3.0428,2.93215,0.0,-0.06981,143.2503,0.8981,stand_1,288.4207,0.0,-0.06981,0.0,-0.06981,Sidewalk
751.5,154.7529,3.0428,2.89725,0.0,-0.06981,143.2503,0.8981,stand_1,288.4207,0.0,-0.06981,0.0,-0.06981,Sidewalk
752.0,154.7529,3.0428,2.86234,0.0,-0.06981,143.2503,0.8981,stand_1,288.4207,0.0,-0.06981,0.0,-0.06981,Sidewalk
752.5,154.7529,3.0428,2.82743,0.0,-0.06981,143.2503,0.8981,stand_1,288.4207,0.0,-0.06981,0.0,-0.06981,Sidewalk
753.0,154.7529,3.0428,2.79253,0.0,-0.06981,143.2503,0.8981,stand_1,288.4207,0.0,-0.06981,0.0,-0.06981,Sidewalk
753.5,154.7529,3.0428,2.75762,0.0,-0.06981,143.2503,0.8981,stand_1,288.4207,0.0,-0.06981,0.0,-0.06981,Sidewalk
754.0,154.7529,3.0428,2.72271,0.0,-0.06981,143.2503,0.8981,stand_1,288.4207,0.0,-0.06981,0.0,-0.06981,Sidewalk
754.5,154.7529,3.0428,2.68781,0.0,-0.06981,143.2503,0.8981,stand_1,288.4207,0.0,-0.06981,0.0,-0.06981,Sidewalk
755.0,154.7529,3.0428,2.6529,0.0,-0.06981,143.2503,0.8981,stand_1,288.4207,0.0,-0.06981,0.0,-0.06981,Sidewalk
755.5,154.7529,3.0428,2.61799,0.0,-0.06981,143.2503,0.8981,stand_1,288.4207,0.0,-0.06981,0.0,-0.06981,Sidewalk
756.0,154.7529,3.0428,2.58309,0.0,-0.06981,143.2503,0.8981,stand_1,288.4207,0.0,-0.06981,0.0,-0.06981,Sidewalk
756.5,154.7529,3.0428,2.54818,0.0,-0.06981,143.2503,0.8981,stand_1,288.4207,0.0,-0.06981,0.0,-0.06981,Sidewalk
757.0,154.7529,3.0428,2.51327,0.0,-0.06981,143.2503,0.8981,stand_1,288.4207,0.0,-0.06981,0.0,-0.06981,Sidewalk
757.5,154.7529,3.0428,2.47837,0.0,-0.06981,143.2503,0.8981,stand_1,288.4207,0.0,-0.06981,0.0,-0.06981,Sidewalk
758.0,154.7529,3.0428,2.44346,0.0,-0.06981,143.2503,0.8981,stand_1,288.4208,0.0,-0.06981,0.0,-0.06981,Sidewalk
758.5,154.7529,3.0428,2.40855,0.0,-0.06981,143.2503,0.8981,stand_1,288.4208,0.0,-0.06981,0.0,-0.06981,Sidewalk
759.0,154.7529,3.0428,2.37365,0.0,-0.06981,143.2503,0.8981,stand_1,288.4208,0.0,-0.06981,0.0,-0.06981,Sidewalk
759.5,154.7529,3.0428,2.33874,0.0,-0.06981,143.2503,0.8981,stand_1,288.4208,0.0,-0.06981,0.0,-0.06981,Sidewalk
760.0,154.7529,3.0428,2.30383,0.0,-0.06981,143.2503,0.898,stand_1,288.4208,0.0,-0.06981,0.0,-0.06981,Sidewalk
760.5,154.7529,3.0428,2.26893,0.0,-0.06981,143.2503,0.898,stand_1,288.4208,0.0,-0.06981,0.0,-0.06981,Sidewalk
761.0,154.7529,3.0428,2.23402,0.0,-0.06981,143.2503,0.898,stand_1,288.4208,0.0,-0.06981,0.0,-0.06981,Sidewalk
761.5,154.7529,3.0428,2.19911,0.0,-0.06981,143.2503,0.898,stand_1,288.4208,0.0,-0.06981,0.0,-0.06981,Sidewalk
762.0,154.7529,3.0428,2.16421,0.0,-0.06981,143.2503,0.898,stand_1,288.4208,0.0,-0.06981,0.0,-0.06981,Sidewalk
762.5,154.7529,3.0428,2.1293,0.0,-0.06981,143.2503,0.898,stand_1,288.4208,0.0,-0.06981,0.0,-0.06981,Sidewalk
763.0,154.7529,3.0428,2.0944,0.0,-0.06981,143.2503,0.898,stand_1,288.4208,0.0,-0.06981,0.0,-0.06981,Sidewalk
763.5,154.7529,3.0428,2.05949,0.0,-0.06981,143.2503,0.898,stand_1,288.4208,0.0,-0.06981,0.0,-0.06981,Sidewalk
764.0,154.7529,3.0428,2.02458,0.0,-0.06981,143.2503,0.898,stand_1,288.4208,0.0,-0.06981,0.0,-0.06981,Sidewalk
764.5,154.7529,3.0428,1.98968,0.0,-0.06981,143.2503,0.898,stand_1,288.4208,0.0,-0.06981,0.0,-0.06981,Sidewalk
765.0,154.7529,3.0428,1.95477,0.0,-0.06981,143.2503,0.898,stand_1,288.4208,0.0,-0.06981,0.0,-0.06981,Sidewalk
765.5,154.7529,3.0428,1.91986,0.0,-0.06981,143.2503,0.898,stand_1,288.4208,0.0,-0.06981,0.0,-0.06981,Sidewalk
766.0,154.7529,3.0428,1.88496,0.0,-0.06981,143.2503,0.898,stand_1,288.4208,0.0,-0.06981,0.0,-0.06981,Sidewalk
766.5,154.7529,3.0428,1.85005,0.0,-0.06981,143.2503,0.898,stand_1,288.4208,0.0,-0.06981,0.0,-0.06981,Sidewalk
767.0,154.7529,3.0428,1.81514,0.0,-0.06981,143.2503,0.898,stand_1,288.4208,0.0,-0.06981,0.0,-0.06981,Sidewalk
767.5,154.7529,3.0428,1.78024,0.0,-0.06981,143.2503,0.898,stand_1,288.4208,0.0,-0.06981,0.0,-0.06981,Sidewalk
768.0,154.7529,3.0428,1.74533,0.0,-0.06981,143.2503,0.898,stand_1,288.4208,0.0,-0.06981,0.0,-0.06981,Sidewalk
768.5,154.7529,3.0428,1.71042,0.0,-0.06981,143.2503,0.898,stand_1,288.4208,0.0,-0.06981,0.0,-0.06981,Sidewalk
769.0,154.7529,3.0428,1.67552,0.0,-0.06981,143.2503,0.898,stand_1,288.4208,0.0,-0.06981,0.0,-0.06981,Sidewalk
769.5,154.7529,3.0428,1.64061,0.0,-0.06981,143.2503,0.898,stand_1,288.4208,0.0,-0.06981,0.0,-0.06981,Sidewalk
770.0,154.7529,3.0428,1.6057,0.0,-0.06981,143.2503,0.898,stand_1,288.4208,0.0,-0.06981,0.0,-0.06981,Sidewalk
770.5,154.7529,3.0428,1.5708,0.0,-0.06981,143.2503,0.898,stand_1,288.4208,0.0,-0.06981,0.0,-0.06981,Sidewalk
771.0,154.7529,3.0428,1.53589,0.0,-0.06981,143.2503,0.898,stand_1,288.4208,0.0,-0.06981,0.0,-0.06981,Sidewalk
771.5,154.7529,3.0428,1.50098,0.0,-0.06981,143.2503,0.898,stand_1,288.4208,0.0,-0.06981,0.0,-0.06981,Sidewalk
772.0,154.7529,3.0428,1.46608,0.0,-0.06981,143.2503,0.898,stand_1,288.4208,0.0,-0.06981,0.0,-0.06981,Sidewalk
772.5,154.7529,3.0428,1.43117,0.0,-0.06981,143.2503,0.898,stand_1,288.4208,0.0,-0.06981,0.0,-0.06981,Sidewalk
773.0,154.7529,3.0428,1.39626,0.0,-0.06981,143.2503,0.898,stand_1,288.4208,0.0,-0.06981,0.0,-0.06981,Sidewalk
773.5,154.7529,3.0428,1.36136,0.0,-0.06981,143.2503,0.898,stand_1,288.4209,0.0,-0.06981,0.0,-0.06981,Sidewalk
774.0,154.7529,3.0428,1.32645,0.0,-0.06981,143.2503,0.898,stand_1,288.4209,0.0,-0.06981,0.0,-0.06981,Sidewalk
774.5,154.7529,3.0428,1.29154,0.0,-0.06981,143.2503,0.898,stand_1,288.4209,0.0,-0.06981,0.0,-0.06981,Sidewalk
775.0,154.7529,3.0428,1.25664,0.0,-0.06981,143.2503,0.898,stand_1,288.4209,0.0,-0.06981,0.0,-0.06981,Sidewalk
775.5,154.7529,3.0428,1.22173,0.0,-0.06981,143.2503,0.898,stand_1,288.4209,0.0,-0.06981,0.0,-0.06981,Sidewalk
776.0,154.7529,3.0428,1.18682,0.0,-0.06981,143.2503,0.898,stand_1,288.4209,0.0,-0.06981,0.0,-0.06981,Sidewalk
776.5,154.7529,3.0428,1.15192,0.0,-0.06981,143.2503,0.898,stand_1,288.4209,0.0,-0.06981,0.0,-0.06981,Sidewalk
777.0,154.7529,3.0428,1.11701,0.0,-0.06981,143.2503,0.898,stand_1,288.4209,0.0,-0.06981,0.0,-0.06981,Sidewalk
777.5,154.7529,3.0428,1.0821,0.0,-0.06981,143.2503,0.898,stand_1,288.4209,0.0,-0.06981,0.0,-0.06981,Sidewalk
778.0,154.7529,3.0428,1.0472,0.0,-0.06981,143.2503,0.898,stand_1,288.4209,0.0,-0.06981,0.0,-0.06981,Sidewalk
778.5,154.7529,3.0428,1.01229,0.0,-0.06981,143.2503,0.898,stand_1,288.4209,0.0,-0.06981,0.0,-0.06981,Sidewalk
779.0,154.7529,3.0428,0.97738,0.0,-0.06981,143.2503,0.898,stand_1,288.4209,0.0,-0.06981,0.0,-0.06981,Sidewalk
779.5,154.7529,3.0428,0.94248,0.0,-0.06981,143.2503,0.898,stand_1,288.4209,0.0,-0.06981,0.0,-0.06981,Sidewalk
780.0,154.7529,3.0428,0.90757,0.0,-0.06981,143.2503,0.898,stand_1,288.4209,0.0,-0.06981,0.0,-0.06981,Sidewalk
780.5,154.7529,3.0428,0.87266,0.0,-0.06981,143.2503,0.898,stand_1,288.4209,0.0,-0.06981,0.0,-0.06981,Sidewalk
781.0,154.7529,3.0428,0.83776,0.0,-0.06981,143.2503,0.898,stand_1,288.4209,0.0,-0.06981,0.0,-0.06981,Sidewalk
781.5,154.7529,3.0428,0.80285,0.0,-0.06981,143.2503,0.898,stand_1,288.4209,0.0,-0.06981,0.0,-0.06981,Sidewalk
782.0,154.7529,3.0428,0.76794,0.0,-0.06981,143.2503,0.898,stand_1,288.4209,0.0,-0.06981,0.0,-0.06981,Sidewalk
782.5,154.7529,3.0428,0.73304,0.0,-0.06981,143.2503,0.898,stand_1,288.4209,0.0,-0.06981,0.0,-0.06981,Sidewalk
783.0,154.7529,3.0428,0.69813,0.0,-0.06981,143.2503,0.898,stand_1,288.4209,0.0,-0.06981,0.0,-0.06981,Sidewalk
783.5,154.7529,3.0428,0.66323,0.0,-0.06981,143.2503,0.898,stand_1,288.4209,0.0,-0.06981,0.0,-0.06981,Sidewalk
784.0,154.7529,3.0428,0.62832,0.0,-0.06981,143.2503,0.898,stand_1,288.4209,0.0,-0.06981,0.0,-0.06981,Sidewalk
784.5,154.7529,3.0428,0.59341,0.0,-0.06981,143.2503,0.898,stand_1,288.4209,0.0,-0.06981,0.0,-0.06981,Sidewalk
785.0,154.7529,3.0428,0.55851,0.0,-0.06981,143.2503,0.898,stand_1,288.4209,0.0,-0.06981,0.0,-0.06981,Sidewalk
785.5,154.7529,3.0428,0.5236,0.0,-0.06981,143.2503,0.898,stand_1,288.4209,0.0,-0.06981,0.0,-0.06981,Sidewalk
786.0,154.7529,3.0428,0.48869,0.0,-0.06981,143.2503,0.898,stand_1,288.4209,0.0,-0.06981,0.0,-0.06981,Sidewalk
786.5,154.7529,3.0428,0.45379,0.0,-0.06981,143.2503,0.898,stand_1,288.421,0.0,-0.06981,0.0,-0.06981,Sidewalk
787.0,154.7529,3.0428,0.41888,0.0,-0.06981,143.2503,0.898,stand_1,288.421,0.0,-0.06981,0.0,-0.06981,Sidewalk
787.5,154.7529,3.0428,0.38397,0.0,-0.06981,143.2503,0.898,stand_1,288.421,0.0,-0.06981,0.0,-0.06981,Sidewalk
788.0,154.7529,3.0428,0.34907,0.0,-0.06981,143.2503,0.898,stand_1,288.421,0.0,-0.06981,0.0,-0.06981,Sidewalk
788.5,154.7529,3.0428,0.31416,0.0,-0.06981,143.2503,0.898,stand_1,288.421,0.0,-0.06981,0.0,-0.06981,Sidewalk
789.0,154.7529,3.0428,0.27925,0.0,-0.06981,143.2503,0.898,stand_1,288.421,0.0,-0.06981,0.0,-0.06981,Sidewalk
789.5,154.7529,3.0428,0.24435,0.0,-0.06981,143.2503,0.898,stand_1,288.421,0.0,-0.06981,0.0,-0.06981,Sidewalk
790.0,154.7529,3.0428,0.20944,0.0,-0.06981,143.2503,0.898,stand_1,288.421,0.0,-0.06981,0.0,-0.06981,Sidewalk
790.5,154.7529,3.0428,0.17453,0.0,-0.06981,143.2503,0.898,stand_1,288.421,0.0,-0.06981,0.0,-0.06981,Sidewalk
791.0,154.7529,3.0428,0.13963,0.0,-0.06981,143.2503,0.898,stand_1,288.421,0.0,-0.06981,0.0,-0.06981,Sidewalk
791.5,154.7529,3.0428,0.10472,0.0,-0.06981,143.2503,0.898,stand_1,288.421,0.0,-0.06981,0.0,-0.06981,Sidewalk
792.0,154.7529,3.0428,0.06981,0.0,-0.06981,143.2503,0.898,stand_1,288.421,0.0,-0.06981,0.0,-0.06981,Sidewalk
792.5,154.7529,3.0428,0.03491,0.0,-0.06981,143.2503,0.898,stand_1,288.421,0.0,-0.06981,0.0,-0.06981,Sidewalk
793.0,154.7529,3.0428,0.0,0.0,-0.06981,143.2503,0.898,stand_1,288.421,0.0,-0.06981,0.0,-0.06981,Sidewalk
793.5,154.7529,3.0428,-0.03491,0.0,-0.06981,143.2503,0.898,stand_1,288.421,0.0,-0.06981,0.0,-0.06981,Sidewalk
794.0,154.7529,3.0428,-0.06981,0.0,-0.06981,143.2503,0.898,stand_1,288.421,0.0,-0.06981,0.0,-0.06981,Sidewalk
794.5,154.7529,3.0428,-0.10472,0.0,-0.06981,143.2503,0.898,stand_1,288.421,0.0,-0.06981,0.0,-0.06981,Sidewalk
795.0,154.7529,3.0428,-0.13963,0.0,-0.06981,143.2503,0.898,stand_1,288.421,0.0,-0.06981,0.0,-0.06981,Sidewalk
795.5,154.7529,3.0428,-0.17453,0.0,-0.06981,143.2503,0.8979,stand_1,288.421,0.0,-0.06981,0.0,-0.06981,Sidewalk
796.0,154.7529,3.0428,-0.20944,0.0,-0.06981,143.2503,0.8979,stand_1,288.421,0.0,-0.06981,0.0,-0.06981,Sidewalk
796.5,154.7529,3.0428,-0.24435,0.0,-0.06981,143.2503,0.8979,stand_1,288.421,0.0,-0.06981,0.0,-0.06981,Sidewalk
797.0,154.7529,3.0428,-0.27925,0.0,-0.06981,143.2503,0.8979,stand_1,288.421,0.0,-0.06981,0.0,-0.06981,Sidewalk
797.5,154.7529,3.0428,-0.31416,0.0,-0.06981,143.2503,0.8979,stand_1,288.421,0.0,-0.06981,0.0,-0.06981,Sidewalk
798.0,154.7529,3.0428,-0.34907,0.0,-0.06981,143.2503,0.8979,stand_1,288.421,0.0,-0.06981,0.0,-0.06981,Sidewalk
798.5,154.7529,3.0428,-0.38397,0.0,-0.06981,143.2503,0.8979,stand_1,288.421,0.0,-0.06981,0.0,-0.06981,Sidewalk
799.0,154.7529,3.0428,-0.41888,0.0,-0.06981,143.2503,0.8979,stand_1,288.421,0.0,-0.06981,0.0,-0.06981,Sidewalk
799.5,154.7529,3.0428,-0.45379,0.0,-0.06981,143.2503,0.8979,stand_1,288.421,0.0,-0.06981,0.0,-0.06981,Sidewalk
800.0,154.7529,3.0428,-0.48869,0.0,-0.06981,143.2503,0.8979,stand_1,288.421,0.0,-0.06981,0.0,-0.06981,Sidewalk
800.5,154.7529,3.0428,-0.5236,0.0,-0.06981,143.2503,0.8979,stand_1,288.421,0.0,-0.06981,0.0,-0.06981,Sidewalk
801.0,154.7529,3.0428,-0.55851,0.0,-0.06981,143.2503,0.8979,stand_1,288.4211,0.0,-0.06981,0.0,-0.06981,Sidewalk
801.5,154.7529,3.0428,-0.59341,0.0,-0.06981,143.2503,0.8979,stand_1,288.4211,0.0,-0.06981,0.0,-0.06981,Sidewalk
802.0,154.7529,3.0428,-0.62832,0.0,-0.06981,143.2503,0.8979,stand_1,288.4211,0.0,-0.06981,0.0,-0.06981,Sidewalk
802.5,154.7529,3.0428,-0.66323,0.0,-0.06981,143.2503,0.8979,stand_1,288.4211,0.0,-0.06981,0.0,-0.06981,Sidewalk
803.0,154.7529,3.0428,-0.69813,0.0,-0.06981,143.2503,0.8979,stand_1,288.4211,0.0,-0.06981,0.0,-0.06981,Sidewalk
803.5,154.7529,3.0428,-0.73304,0.0,-0.06981,143.2503,0.8979,stand_1,288.4211,0.0,-0.06981,0.0,-0.06981,Sidewalk
804.0,154.7529,3.0428,-0.76794,0.0,-0.06981,143.2503,0.8979,stand_1,288.4211,0.0,-0.06981,0.0,-0.06981,Sidewalk
804.5,154.7529,3.0428,-0.80285,0.0,-0.06981,143.2503,0.8979,stand_1,288.4211,0.0,-0.06981,0.0,-0.06981,Sidewalk
805.0,154.7529,3.0428,-0.83776,0.0,-0.06981,143.2503,0.8979,stand_1,288.4211,0.0,-0.06981,0.0,-0.06981,Sidewalk
805.5,154.7529,3.0428,-0.87266,0.0,-0.06981,143.2503,0.8979,stand_1,288.4211,0.0,-0.06981,0.0,-0.06981,Sidewalk
806.0,154.7529,3.0428,-0.90757,0.0,-0.06981,143.2503,0.8979,stand_1,288.4211,0.0,-0.06981,0.0,-0.06981,Sidewalk
806.5,154.7529,3.0428,-0.94248,0.0,-0.06981,143.2503,0.8979,stand_1,288.4211,0.0,-0.06981,0.0,-0.06981,Sidewalk
807.0,154.7529,3.0428,-0.97738,0.0,-0.06981,143.2503,0.8979,stand_1,288.4211,0.0,-0.06981,0.0,-0.06981,Sidewalk
807.5,154.7529,3.0428,-1.01229,0.0,-0.06981,143.2503,0.8979,stand_1,288.4211,0.0,-0.06981,0.0,-0.06981,Sidewalk
808.0,154.7529,3.0428,-1.0472,0.0,-0.06981,143.2503,0.8979,stand_1,288.4211,0.0,-0.06981,0.0,-0.06981,Sidewalk
808.5,154.7529,3.0428,-1.0821,0.0,-0.06981,143.2503,0.8979,stand_1,288.4211,0.0,-0.06981,0.0,-0.06981,Sidewalk
809.0,154.7529,3.0428,-1.11701,0.0,-0.06981,143.2503,0.8979,stand_1,288.4211,0.0,-0.06981,0.0,-0.06981,Sidewalk
809.5,154.7529,3.0428,-1.15192,0.0,-0.06981,143.2503,0.8979,stand_1,288.4211,0.0,-0.06981,0.0,-0.06981,Sidewalk
810.0,154.7529,3.0428,-1.18682,0.0,-0.06981,143.2503,0.8979,stand_1,288.4211,0.0,-0.06981,0.0,-0.06981,Sidewalk
810.5,154.7529,3.0428,-1.22173,0.0,-0.06981,143.2503,0.8979,stand_1,288.4211,0.0,-0.06981,0.0,-0.06981,Sidewalk
811.0,154.7529,3.0428,-1.25664,0.0,-0.06981,143.2503,0.8979,stand_1,288.4211,0.0,-0.06981,0.0,-0.06981,Sidewalk
811.5,154.7529,3.0428,-1.29154,0.0,-0.06981,143.2503,0.8979,stand_1,288.4211,0.0,-0.06981,0.0,-0.06981,Sidewalk
812.0,154.7529,3.0428,-1.32645,0.0,-0.06981,143.2503,0.8979,stand_1,288.4211,0.0,-0.06981,0.0,-0.06981,Sidewalk
812.5,154.7529,3.0428,-1.36136,0.0,-0.06981,143.2503,0.8979,stand_1,288.4211,0.0,-0.06981,0.0,-0.06981,Sidewalk
813.0,154.7529,3.0428,-1.39626,0.0,-0.06981,143.2503,0.8979,stand_1,288.4211,0.0,-0.06981,0.0,-0.06981,Sidewalk
813.5,154.7529,3.0428,-1.43117,0.0,-0.06981,143.2503,0.8979,stand_1,288.4211,0.0,-0.06981,0.0,-0.06981,Sidewalk
814.0,154.7529,3.0428,-1.46608,0.0,-0.06981,143.2503,0.8979,stand_1,288.4211,0.0,-0.06981,0.0,-0.06981,Sidewalk
814.5,154.7529,3.0428,-1.50098,0.0,-0.06981,143.2503,0.8979,stand_1,288.4211,0.0,-0.06981,0.0,-0.06981,Sidewalk
815.0,154.7529,3.0428,-1.53589,0.0,-0.06981,143.2503,0.8979,stand_1,288.4211,0.0,-0.06981,0.0,-0.06981,Sidewalk
815.5,154.7529,3.0428,-1.5708,0.0,-0.06981,143.2503,0.8979,stand_1,288.4211,0.0,-0.06981,0.0,-0.06981,Sidewalk
816.0,154.7529,3.0428,-1.6057,0.0,-0.06981,143.2503,0.8979,stand_1,288.4211,0.0,-0.06981,0.0,-0.06981,Sidewalk
816.5,154.7529,3.0428,-1.64061,0.0,-0.06981,143.2503,0.8979,stand_1,288.4211,0.0,-0.06981,0.0,-0.06981,Sidewalk
817.0,154.7529,3.0428,-1.67552,0.0,-0.06981,143.2503,0.8979,stand_1,288.4211,0.0,-0.06981,0.0,-0.06981,Sidewalk
817.5,154.7529,3.0428,-1.71042,0.0,-0.06981,143.2503,0.8979,stand_1,288.4212,0.0,-0.06981,0.0,-0.06981,Sidewalk
818.0,154.7529,3.0428,-1.74533,0.0,-0.06981,143.2503,0.8979,stand_1,288.4212,0.0,-0.06981,0.0,-0.06981,Sidewalk
818.5,154.7529,3.0428,-1.78024,0.0,-0.06981,143.2503,0.8979,stand_1,288.4212,0.0,-0.06981,0.0,-0.06981,Sidewalk
819.0,154.7529,3.0428,-1.81514,0.0,-0.06981,143.2503,0.8979,stand_1,288.4212,0.0,-0.06981,0.0,-0.06981,Sidewalk
819.5,154.7529,3.0428,-1.85005,0.0,-0.06981,143.2503,0.8979,stand_1,288.4212,0.0,-0.06981,0.0,-0.06981,Sidewalk
820.0,154.7529,3.0428,-1.88496,0.0,-0.06981,143.2503,0.8979,stand_1,288.4212,0.0,-0.06981,0.0,-0.06981,Sidewalk
820.5,154.7529,3.0428,-1.91986,0.0,-0.06981,143.2503,0.8979,stand_1,288.4212,0.0,-0.06981,0.0,-0.06981,Sidewalk
821.0,154.7529,3.0428,-1.95477,0.0,-0.06981,143.2503,0.8979,stand_1,288.4212,0.0,-0.06981,0.0,-0.06981,Sidewalk
821.5,154.7529,3.0428,-1.98968,0.0,-0.06981,143.2503,0.8979,stand_1,288.4212,0.0,-0.06981,0.0,-0.06981,Sidewalk
822.0,154.7529,3.0428,-2.02458,0.0,-0.06981,143.2503,0.8979,stand_1,288.4212,0.0,-0.06981,0.0,-0.06981,Sidewalk
822.5,154.7529,3.0428,-2.05949,0.0,-0.06981,143.2503,0.8979,stand_1,288.4212,0.0,-0.06981,0.0,-0.06981,Sidewalk
823.0,154.7529,3.0428,-2.0944,0.0,-0.06981,143.2503,0.8979,stand_1,288.4212,0.0,-0.06981,0.0,-0.06981,Sidewalk
823.5,154.7529,3.0428,-2.1293,0.0,-0.06981,143.2503,0.8979,stand_1,288.4212,0.0,-0.06981,0.0,-0.06981,Sidewalk
824.0,154.7529,3.0428,-2.16421,0.0,-0.06981,143.2503,0.8979,stand_1,288.4212,0.0,-0.06981,0.0,-0.06981,Sidewalk
824.5,154.7529,3.0428,-2.19911,0.0,-0.06981,143.2503,0.8979,stand_1,288.4212,0.0,-0.06981,0.0,-0.06981,Sidewalk
825.0,154.7529,3.0428,-2.23402,0.0,-0.06981,143.2503,0.8979,stand_1,288.4212,0.0,-0.06981,0.0,-0.06981,Sidewalk
825.5,154.7529,3.0428,-2.26893,0.0,-0.06981,143.2503,0.8979,stand_1,288.4212,0.0,-0.06981,0.0,-0.06981,Sidewalk
826.0,154.7529,3.0428,-2.30383,0.0,-0.06981,143.2503,0.8979,stand_1,288.4212,0.0,-0.06981,0.0,-0.06981,Sidewalk
826.5,154.7529,3.0428,-2.33874,0.0,-0.06981,143.2503,0.8979,stand_1,288.4212,0.0,-0.06981,0.0,-0.06981,Sidewalk
827.0,154.7529,3.0428,-2.37365,0.0,-0.06981,143.2503,0.8979,stand_1,288.4212,0.0,-0.06981,0.0,-0.06981,Sidewalk
827.5,154.7529,3.0428,-2.40855,0.0,-0.06981,143.2503,0.8979,stand_1,288.4212,0.0,-0.06981,0.0,-0.06981,Sidewalk
828.0,154.7529,3.0428,-2.44346,0.0,-0.06981,143.2503,0.8979,stand_1,288.4212,0.0,-0.06981,0.0,-0.06981,Sidewalk
828.5,154.7529,3.0428,-2.47837,0.0,-0.06981,143.2503,0.8979,stand_1,288.4212,0.0,-0.06981,0.0,-0.06981,Sidewalk
829.0,154.7529,3.0428,-2.51327,0.0,-0.06981,143.2503,0.8979,stand_1,288.4212,0.0,-0.06981,0.0,-0.06981,Sidewalk
829.5,154.7529,3.0428,-2.54818,0.0,-0.06981,143.2503,0.8979,stand_1,288.4212,0.0,-0.06981,0.0,-0.06981,Sidewalk
830.0,154.7529,3.0428,-2.58309,0.0,-0.06981,143.2503,0.8979,stand_1,288.4212,0.0,-0.06981,0.0,-0.06981,Sidewalk
830.5,154.7529,3.0428,-2.61799,0.0,-0.06981,143.2503,0.8979,stand_1,288.4212,0.0,-0.06981,0.0,-0.06981,Sidewalk
831.0,154.7529,3.0428,-2.6529,0.0,-0.06981,143.2503,0.8979,stand_1,288.4212,0.0,-0.06981,0.0,-0.06981,Sidewalk
831.5,154.7529,3.0428,-2.68781,0.0,-0.06981,143.2503,0.8979,stand_1,288.4212,0.0,-0.06981,0.0,-0.06981,Sidewalk
832.0,154.7529,3.0428,-2.72271,0.0,-0.06981,143.2503,0.8978,stand_1,288.4212,0.0,-0.06981,0.0,-0.06981,Sidewalk
832.5,154.7529,3.0428,-2.75762,0.0,-0.06981,143.2503,0.8978,stand_1,288.4213,0.0,-0.06981,0.0,-0.06981,Sidewalk
833.0,154.7529,3.0428,-2.79253,0.0,-0.06981,143.2503,0.8978,stand_1,288.4213,0.0,-0.06981,0.0,-0.06981,Sidewalk
833.5,154.7529,3.0428,-2.82743,0.0,-0.06981,143.2503,0.8978,stand_1,288.4213,0.0,-0.06981,0.0,-0.06981,Sidewalk
834.0,154.7529,3.0428,-2.86234,0.0,-0.06981,143.2503,0.8978,stand_1,288.4213,0.0,-0.06981,0.0,-0.06981,Sidewalk
834.5,154.7529,3.0428,-2.89725,0.0,-0.06981,143.2503,0.8978,stand_1,288.4213,0.0,-0.06981,0.0,-0.06981,Sidewalk
835.0,154.7529,3.0428,-2.93215,0.0,-0.06981,143.2503,0.8978,stand_1,288.4213,0.0,-0.06981,0.0,-0.06981,Sidewalk
835.5,154.7529,3.0428,-2.96706,0.0,-0.06981,143.2503,0.8978,stand_1,288.4213,0.0,-0.06981,0.0,-0.06981,Sidewalk
836.0,154.7529,3.0428,-3.00197,0.0,-0.06981,143.2503,0.8978,stand_1,288.4213,0.0,-0.06981,0.0,-0.06981,Sidewalk
836.5,154.7529,3.0428,-3.03687,0.0,-0.06981,143.2503,0.8978,stand_1,288.4213,0.0,-0.06981,0.0,-0.06981,Sidewalk
837.0,154.7529,3.0428,-3.07178,0.0,-0.06981,143.2503,0.8978,stand_1,288.4213,0.0,-0.06981,0.0,-0.06981,Sidewalk
837.5,154.7529,3.0428,-3.10669,0.0,-0.06981,143.2503,0.8978,stand_1,288.4213,0.0,-0.06981,0.0,-0.06981,Sidewalk
838.0,154.7529,3.0428,-3.14159,0.0,-0.06981,143.2503,0.8978,stand_1,288.4213,0.0,-0.06981,0.0,-0.06981,Sidewalk
838.5,154.7529,3.0428,3.10669,0.0,-0.06981,143.2503,0.8978,stand_1,288.4213,0.0,-0.06981,0.0,-0.06981,Sidewalk
839.0,154.7529,3.0428,3.07178,0.0,-0.06981,143.2503,0.8978,stand_1,288.4213,0.0,-0.06981,0.0,-0.06981,Sidewalk
839.5,154.7529,3.0428,3.03687,0.0,-0.06981,143.2503,0.8978,stand_1,288.4213,0.0,-0.06981,0.0,-0.06981,Sidewalk
840.0,154.7529,3.0428,3.00197,0.0,-0.06981,143.2503,0.8978,stand_1,288.4213,0.0,-0.06981,0.0,-0.06981,Sidewalk
840.5,154.7529,3.0428,2.96706,0.0,-0.06981,143.2503,0.8978,stand_1,288.4213,0.0,-0.06981,0.0,-0.06981,Sidewalk
841.0,154.7529,3.0428,2.93215,0.0,-0.06981,143.2503,0.8978,stand_1,288.4213,0.0,-0.06981,0.0,-0.06981,Sidewalk
841.5,154.7529,3.0428,2.89725,0.0,-0.06981,143.2503,0.8978,stand_1,288.4213,0.0,-0.06981,0.0,-0.06981,Sidewalk
842.0,154.7529,3.0428,2.86234,0.0,-0.06981,143.2503,0.8978,stand_1,288.4213,0.0,-0.06981,0.0,-0.06981,Sidewalk
842.5,154.7529,3.0428,2.82743,0.0,-0.06981,143.2503,0.8978,stand_1,288.4213,0.0,-0.06981,0.0,-0.06981,Sidewalk
843.0,154.7529,3.0428,2.79253,0.0,-0.06981,143.2503,0.8978,stand_1,288.4213,0.0,-0.06981,0.0,-0.06981,Sidewalk
843.5,154.7529,3.0428,2.75762,0.0,-0.06981,143.2503,0.8978,stand_1,288.4213,0.0,-0.06981,0.0,-0.06981,Sidewalk
844.0,154.7529,3.0428,2.72271,0.0,-0.06981,143.2503,0.8978,stand_1,288.4213,0.0,-0.06981,0.0,-0.06981,Sidewalk
844.5,154.7529,3.0428,2.68781,0.0,-0.06981,143.2503,0.8978,stand_1,288.4213,0.0,-0.06981,0.0,-0.06981,Sidewalk
845.0,154.7529,3.0428,2.6529,0.0,-0.06981,143.2503,0.8978,stand_1,288.4213,0.0,-0.06981,0.0,-0.06981,Sidewalk
845.5,154.7529,3.0428,2.61799,0.0,-0.06981,143.2503,0.8978,stand_1,288.4213,0.0,-0.06981,0.0,-0.06981,Sidewalk
846.0,154.7529,3.0428,2.58309,0.0,-0.06981,143.2503,0.8978,stand_1,288.4213,0.0,-0.06981,0.0,-0.06981,Sidewalk
846.5,154.7529,3.0428,2.54818,0.0,-0.06981,143.2503,0.8978,stand_1,288.4213,0.0,-0.06981,0.0,-0.06981,Sidewalk
847.0,154.7529,3.0428,2.51327,0.0,-0.06981,143.2503,0.8978,stand_1,288.4213,0.0,-0.06981,0.0,-0.06981,Sidewalk
847.5,154.7529,3.0428,2.47837,0.0,-0.06981,143.2503,0.8978,stand_1,288.4214,0.0,-0.06981,0.0,-0.06981,Sidewalk
848.0,154.7529,3.0428,2.44346,0.0,-0.06981,143.2503,0.8978,stand_1,288.4214,0.0,-0.06981,0.0,-0.06981,Sidewalk
848.5,154.7529,3.0428,2.40855,0.0,-0.06981,143.2503,0.8978,stand_1,288.4214,0.0,-0.06981,0.0,-0.06981,Sidewalk
849.0,154.7529,3.0428,2.37365,0.0,-0.06981,143.2503,0.8978,stand_1,288.4214,0.0,-0.06981,0.0,-0.06981,Sidewalk
849.5,154.7529,3.0428,2.33874,0.0,-0.06981,143.2503,0.8978,stand_1,288.4214,0.0,-0.06981,0.0,-0.06981,Sidewalk
850.0,154.7529,3.0428,2.30383,0.0,-0.06981,143.2503,0.8978,stand_1,288.4214,0.0,-0.06981,0.0,-0.06981,Sidewalk
850.5,154.7529,3.0428,2.26893,0.0,-0.06981,143.2503,0.8978,stand_1,288.4214,0.0,-0.06981,0.0,-0.06981,Sidewalk
851.0,154.7529,3.0428,2.23402,0.0,-0.06981,143.2503,0.8978,stand_1,288.4214,0.0,-0.06981,0.0,-0.06981,Sidewalk
851.5,154.7529,3.0428,2.19911,0.0,-0.06981,143.2503,0.8978,stand_1,288.4214,0.0,-0.06981,0.0,-0.06981,Sidewalk
852.0,154.7529,3.0428,2.16421,0.0,-0.06981,143.2503,0.8978,stand_1,288.4214,0.0,-0.06981,0.0,-0.06981,Sidewalk
852.5,154.7529,3.0428,2.1293,0.0,-0.06981,143.2503,0.8978,stand_1,288.4214,0.0,-0.06981,0.0,-0.06981,Sidewalk
853.0,154.7529,3.0428,2.0944,0.0,-0.06981,143.2503,0.8978,stand_1,288.4214,0.0,-0.06981,0.0,-0.06981,Sidewalk
853.5,154.7529,3.0428,2.05949,0.0,-0.06981,143.2503,0.8978,stand_1,288.4214,0.0,-0.06981,0.0,-0.06981,Sidewalk
854.0,154.7529,3.0428,2.02458,0.0,-0.06981,143.2503,0.8978,stand_1,288.4214,0.0,-0.06981,0.0,-0.06981,Sidewalk
854.5,154.7529,3.0428,1.98968,0.0,-0.06981,143.2503,0.8978,stand_1,288.4214,0.0,-0.06981,0.0,-0.06981,Sidewalk
855.0,154.7529,3.0428,1.95477,0.0,-0.06981,143.2503,0.8978,stand_1,288.4214,0.0,-0.06981,0.0,-0.06981,Sidewalk
855.5,154.7529,3.0428,1.91986,0.0,-0.06981,143.2503,0.8978,stand_1,288.4214,0.0,-0.06981,0.0,-0.06981,Sidewalk
856.0,154.7529,3.0428,1.88496,0.0,-0.06981,143.2503,0.8978,stand_1,288.4214,0.0,-0.06981,0.0,-0.06981,Sidewalk
856.5,154.7529,3.0428,1.85005,0.0,-0.06981,143.2503,0.8978,stand_1,288.4214,0.0,-0.06981,0.0,-0.06981,Sidewalk
857.0,154.7529,3.0428,1.81514,0.0,-0.06981,143.2503,0.8978,stand_1,288.4214,0.0,-0.06981,0.0,-0.06981,Sidewalk
857.5,154.7529,3.0428,1.78024,0.0,-0.06981,143.2503,0.8978,stand_1,288.4214,0.0,-0.06981,0.0,-0.06981,Sidewalk
858.0,154.7529,3.0428,1.74533,0.0,-0.06981,143.2503,0.8978,stand_1,288.4214,0.0,-0.06981,0.0,-0.06981,Sidewalk
858.5,154.7529,3.0428,1.71042,0.0,-0.06981,143.2503,0.8978,stand_1,288.4214,0.0,-0.06981,0.0,-0.06981,Sidewalk
859.0,154.7529,3.0428,1.67552,0.0,-0.06981,143.2503,0.8978,stand_1,288.4214,0.0,-0.06981,0.0,-0.06981,Sidewalk
859.5,154.7529,3.0428,1.64061,0.0,-0.06981,143.2503,0.8978,stand_1,288.4214,0.0,-0.06981,0.0,-0.06981,Sidewalk
860.0,154.7529,3.0428,1.6057,0.0,-0.06981,143.2503,0.8978,stand_1,288.4214,0.0,-0.06981,0.0,-0.06981,Sidewalk
860.5,154.7529,3.0428,1.5708,0.0,-0.06981,143.2503,0.8978,stand_1,288.4214,0.0,-0.06981,0.0,-0.06981,Sidewalk
861.0,154.7529,3.0428,1.53589,0.0,-0.06981,143.2503,0.8978,stand_1,288.4214,0.0,-0.06981,0.0,-0.06981,Sidewalk
861.5,154.7529,3.0428,1.50098,0.0,-0.06981,143.2503,0.8978,stand_1,288.4215,0.0,-0.06981,0.0,-0.06981,Sidewalk
862.0,154.7529,3.0428,1.46608,0.0,-0.06981,143.2503,0.8978,stand_1,288.4215,0.0,-0.06981,0.0,-0.06981,Sidewalk
862.5,154.7529,3.0428,1.43117,0.0,-0.06981,143.2503,0.8978,stand_1,288.4215,0.0,-0.06981,0.0,-0.06981,Sidewalk
863.0,154.7529,3.0428,1.39626,0.0,-0.06981,143.2503,0.8978,stand_1,288.4215,0.0,-0.06981,0.0,-0.06981,Sidewalk
863.5,154.7529,3.0428,1.36136,0.0,-0.06981,143.2503,0.8978,stand_1,288.4215,0.0,-0.06981,0.0,-0.06981,Sidewalk
864.0,154.7529,3.0428,1.32645,0.0,-0.06981,143.2503,0.8978,stand_1,288.4215,0.0,-0.06981,0.0,-0.06981,Sidewalk
864.5,154.7529,3.0428,1.29154,0.0,-0.06981,143.2503,0.8978,stand_1,288.4215,0.0,-0.06981,0.0,-0.06981,Sidewalk
865.0,154.7529,3.0428,1.25664,0.0,-0.06981,143.2503,0.8978,stand_1,288.4215,0.0,-0.06981,0.0,-0.06981,Sidewalk
865.5,154.7529,3.0428,1.22173,0.0,-0.06981,143.2503,0.8978,stand_1,288.4215,0.0,-0.06981,0.0,-0.06981,Sidewalk
866.0,154.7529,3.0428,1.18682,0.0,-0.06981,143.2503,0.8978,stand_1,288.4215,0.0,-0.06981,0.0,-0.06981,Sidewalk
866.5,154.7529,3.0428,1.15192,0.0,-0.06981,143.2503,0.8978,stand_1,288.4215,0.0,-0.06981,0.0,-0.06981,Sidewalk
867.0,154.7529,3.0428,1.11701,0.0,-0.06981,143.2503,0.8978,stand_1,288.4215,0.0,-0.06981,0.0,-0.06981,Sidewalk
867.5,154.7529,3.0428,1.0821,0.0,-0.06981,143.2503,0.8978,stand_1,288.4215,0.0,-0.06981,0.0,-0.06981,Sidewalk
868.0,154.7529,3.0428,1.0472,0.0,-0.06981,143.2503,0.8977,stand_1,288.4215,0.0,-0.06981,0.0,-0.06981,Sidewalk
868.5,154.7529,3.0428,1.01229,0.0,-0.06981,143.2503,0.8977,stand_1,288.4215,0.0,-0.06981,0.0,-0.06981,Sidewalk
869.0,154.7529,3.0428,0.97738,0.0,-0.06981,143.2503,0.8977,stand_1,288.4215,0.0,-0.06981,0.0,-0.06981,Sidewalk
869.5,154.7529,3.0428,0.94248,0.0,-0.06981,143.2503,0.8977,stand_1,288.4215,0.0,-0.06981,0.0,-0.06981,Sidewalk
870.0,154.7529,3.0428,0.90757,0.0,-0.06981,143.2503,0.8977,stand_1,288.4215,0.0,-0.06981,0.0,-0.06981,Sidewalk
870.5,154.7529,3.0428,0.87266,0.0,-0.06981,143.2503,0.8977,stand_1,288.4215,0.0,-0.06981,0.0,-0.06981,Sidewalk
871.0,154.7529,3.0428,0.83776,0.0,-0.06981,143.2503,0.8977,stand_1,288.4215,0.0,-0.06981,0.0,-0.06981,Sidewalk
871.5,154.7529,3.0428,0.80285,0.0,-0.06981,143.2503,0.8977,stand_1,288.4215,0.0,-0.06981,0.0,-0.06981,Sidewalk
872.0,154.7529,3.0428,0.76794,0.0,-0.06981,143.2503,0.8977,stand_1,288.4215,0.0,-0.06981,0.0,-0.06981,Sidewalk
872.5,154.7529,3.0428,0.73304,0.0,-0.06981,143.2503,0.8977,stand_1,288.4215,0.0,-0.06981,0.0,-0.06981,Sidewalk
873.0,154.7529,3.0428,0.69813,0.0,-0.06981,143.2503,0.8977,stand_1,288.4215,0.0,-0.06981,0.0,-0.06981,Sidewalk
873.5,154.7529,3.0428,0.66323,0.0,-0.06981,143.2503,0.8977,stand_1,288.4215,0.0,-0.06981,0.0,-0.06981,Sidewalk
874.0,154.7529,3.0428,0.62832,0.0,-0.06981,143.2503,0.8977,stand_1,288.4215,0.0,-0.06981,0.0,-0.06981,Sidewalk
874.5,154.7529,3.0428,0.59341,0.0,-0.06981,143.2503,0.8977,stand_1,288.4215,0.0,-0.06981,0.0,-0.06981,Sidewalk
875.0,154.7529,3.0428,0.55851,0.0,-0.06981,143.2503,0.8977,stand_1,288.4215,0.0,-0.06981,0.0,-0.06981,Sidewalk
875.5,154.7529,3.0428,0.5236,0.0,-0.06981,143.2503,0.8977,stand_1,288.4215,0.0,-0.06981,0.0,-0.06981,Sidewalk
876.0,154.7529,3.0428,0.48869,0.0,-0.06981,143.2503,0.8977,stand_1,288.4215,0.0,-0.06981,0.0,-0.06981,Sidewalk
876.5,154.7529,3.0428,0.45379,0.0,-0.06981,143.2503,0.8977,stand_1,288.4215,0.0,-0.06981,0.0,-0.06981,Sidewalk
877.0,154.7529,3.0428,0.41888,0.0,-0.06981,143.2503,0.8977,stand_1,288.4215,0.0,-0.06981,0.0,-0.06981,Sidewalk
877.5,154.7529,3.0428,0.38397,0.0,-0.06981,143.2503,0.8977,stand_1,288.4216,0.0,-0.06981,0.0,-0.06981,Sidewalk
878.0,154.7529,3.0428,0.34907,0.0,-0.06981,143.2503,0.8977,stand_1,288.4216,0.0,-0.06981,0.0,-0.06981,Sidewalk
878.5,154.7529,3.0428,0.31416,0.0,-0.06981,143.2503,0.8977,stand_1,288.4216,0.0,-0.06981,0.0,-0.06981,Sidewalk
879.0,154.7529,3.0428,0.27925,0.0,-0.06981,143.2503,0.8977,stand_1,288.4216,0.0,-0.06981,0.0,-0.06981,Sidewalk
879.5,154.7529,3.0428,0.24435,0.0,-0.06981,143.2503,0.8977,stand_1,288.4216,0.0,-0.06981,0.0,-0.06981,Sidewalk
880.0,154.7529,3.0428,0.20944,0.0,-0.06981,143.2503,0.8977,stand_1,288.4216,0.0,-0.06981,0.0,-0.06981,Sidewalk
880.5,154.7529,3.0428,0.17453,0.0,-0.06981,143.2503,0.8977,stand_1,288.4216,0.0,-0.06981,0.0,-0.06981,Sidewalk
881.0,154.7529,3.0428,0.13963,0.0,-0.06981,143.2503,0.8977,stand_1,288.4216,0.0,-0.06981,0.0,-0.06981,Sidewalk
881.5,154.7529,3.0428,0.10472,0.0,-0.06981,143.2503,0.8977,stand_1,288.4216,0.0,-0.06981,0.0,-0.06981,Sidewalk
882.0,154.7529,3.0428,0.06981,0.0,-0.06981,143.2503,0.8977,stand_1,288.4216,0.0,-0.06981,0.0,-0.06981,Sidewalk
882.5,154.7529,3.0428,0.03491,0.0,-0.06981,143.2503,0.8977,stand_1,288.4216,0.0,-0.06981,0.0,-0.06981,Sidewalk
883.0,154.7529,3.0428,0.0,0.0,-0.06981,143.2503,0.8977,stand_1,288.4216,0.0,-0.06981,0.0,-0.06981,Sidewalk
883.5,154.7529,3.0428,-0.03491,0.0,-0.06981,143.2503,0.8977,stand_1,288.4216,0.0,-0.06981,0.0,-0.06981,Sidewalk
884.0,154.7529,3.0428,-0.06981,0.0,-0.06981,143.2503,0.8977,stand_1,288.4216,0.0,-0.06981,0.0,-0.06981,Sidewalk
884.5,154.7529,3.0428,-0.10472,0.0,-0.06981,143.2503,0.8977,stand_1,288.4216,0.0,-0.06981,0.0,-0.06981,Sidewalk
885.0,154.7529,3.0428,-0.13963,0.0,-0.06981,143.2503,0.8977,stand_1,288.4216,0.0,-0.06981,0.0,-0.06981,Sidewalk
885.5,154.7529,3.0428,-0.17453,0.0,-0.06981,143.2503,0.8977,stand_1,288.4216,0.0,-0.06981,0.0,-0.06981,Sidewalk
886.0,154.7529,3.0428,-0.20944,0.0,-0.06981,143.2503,0.8977,stand_1,288.4216,0.0,-0.06981,0.0,-0.06981,Sidewalk
886.5,154.7529,3.0428,-0.24435,0.0,-0.06981,143.2503,0.8977,stand_1,288.4216,0.0,-0.06981,0.0,-0.06981,Sidewalk
887.0,154.7529,3.0428,-0.27925,0.0,-0.06981,143.2503,0.8977,stand_1,288.4216,0.0,-0.06981,0.0,-0.06981,Sidewalk
887.5,154.7529,3.0428,-0.31416,0.0,-0.06981,143.2503,0.8977,stand_1,288.4216,0.0,-0.06981,0.0,-0.06981,Sidewalk
888.0,154.7529,3.0428,-0.34907,0.0,-0.06981,143.2503,0.8977,stand_1,288.4216,0.0,-0.06981,0.0,-0.06981,Sidewalk
888.5,154.7529,3.0428,-0.38397,0.0,-0.06981,143.2503,0.8977,stand_1,288.4216,0.0,-0.06981,0.0,-0.06981,Sidewalk
889.0,154.7529,3.0428,-0.41888,0.0,-0.06981,143.2503,0.8977,stand_1,288.4216,0.0,-0.06981,0.0,-0.06981,Sidewalk
889.5,154.7529,3.0428,-0.45379,0.0,-0.06981,143.2503,0.8977,stand_1,288.4216,0.0,-0.06981,0.0,-0.06981,Sidewalk
890.0,154.7529,3.0428,-0.48869,0.0,-0.06981,143.2503,0.8977,stand_1,288.4216,0.0,-0.06981,0.0,-0.06981,Sidewalk
890.5,154.7529,3.0428,-0.5236,0.0,-0.06981,143.2503,0.8977,stand_1,288.4217,0.0,-0.06981,0.0,-0.06981,Sidewalk
891.0,154.7529,3.0428,-0.55851,0.0,-0.06981,143.2503,0.8977,stand_1,288.4217,0.0,-0.06981,0.0,-0.06981,Sidewalk
891.5,154.7529,3.0428,-0.59341,0.0,-0.06981,143.2503,0.8977,stand_1,288.4217,0.0,-0.06981,0.0,-0.06981,Sidewalk
892.0,154.7529,3.0428,-0.62832,0.0,-0.06981,143.2503,0.8977,stand_1,288.4217,0.0,-0.06981,0.0,-0.06981,Sidewalk
892.5,154.7529,3.0428,-0.66323,0.0,-0.06981,143.2503,0.8977,stand_1,288.4217,0.0,-0.06981,0.0,-0.06981,Sidewalk
893.0,154.7529,3.0428,-0.69813,0.0,-0.06981,143.2503,0.8977,stand_1,288.4217,0.0,-0.06981,0.0,-0.06981,Sidewalk
893.5,154.7529,3.0428,-0.73304,0.0,-0.06981,143.2503,0.8977,stand_1,288.4217,0.0,-0.06981,0.0,-0.06981,Sidewalk
894.0,154.7529,3.0428,-0.76794,0.0,-0.06981,143.2503,0.8977,stand_1,288.4217,0.0,-0.06981,0.0,-0.06981,Sidewalk
894.5,154.7529,3.0428,-0.80285,0.0,-0.06981,143.2503,0.8977,stand_1,288.4217,0.0,-0.06981,0.0,-0.06981,Sidewalk
895.0,154.7529,3.0428,-0.83776,0.0,-0.06981,143.2503,0.8977,stand_1,288.4217,0.0,-0.06981,0.0,-0.06981,Sidewalk
895.5,154.7529,3.0428,-0.87266,0.0,-0.06981,143.2503,0.8977,stand_1,288.4217,0.0,-0.06981,0.0,-0.06981,Sidewalk
896.0,154.7529,3.0428,-0.90757,0.0,-0.06981,143.2503,0.8977,stand_1,288.4217,0.0,-0.06981,0.0,-0.06981,Sidewalk
896.5,154.7529,3.0428,-0.94248,0.0,-0.06981,143.2503,0.8977,stand_1,288.4217,0.0,-0.06981,0.0,-0.06981,Sidewalk
897.0,154.7529,3.0428,-0.97738,0.0,-0.06981,143.2503,0.8977,stand_1,288.4217,0.0,-0.06981,0.0,-0.06981,Sidewalk
897.5,154.7529,3.0428,-1.01229,0.0,-0.06981,143.2503,0.8977,stand_1,288.4217,0.0,-0.06981,0.0,-0.06981,Sidewalk
898.0,154.7529,3.0428,-1.0472,0.0,-0.06981,143.2503,0.8977,stand_1,288.4217,0.0,-0.06981,0.0,-0.06981,Sidewalk
898.5,154.7529,3.0428,-1.0821,0.0,-0.06981,143.2503,0.8977,stand_1,288.4217,0.0,-0.06981,0.0,-0.06981,Sidewalk
899.0,154.7529,3.0428,-1.11701,0.0,-0.06981,143.2503,0.8977,stand_1,288.4217,0.0,-0.06981,0.0,-0.06981,Sidewalk
899.5,154.7529,3.0428,-1.15192,0.0,-0.06981,143.2503,0.8977,stand_1,288.4217,0.0,-0.06981,0.0,-0.06981,Sidewalk
900.0,154.7529,3.0428,-1.18682,0.0,-0.06981,143.2503,0.8977,stand_1,288.4217,0.0,-0.06981,0.0,-0.06981,Sidewalk
900.5,154.7529,3.0428,-1.22173,0.0,-0.06981,143.2503,0.8977,stand_1,288.4217,0.0,-0.06981,0.0,-0.06981,Sidewalk
