time,x,y,yaw,v,w,goal_distance,min_person_dist,closest_person,total_cost,action_linear_x,action_angular_z,observation_state_linear_x,observation_state_angular_z,observation_state_road_type
0.5,2.1999,3.993,-0.03491,0.4,-0.06981,295.8001,2.8002,walk_east_mid.0,590.6002,0.4,-0.06981,0.4,-0.06981,Sidewalk
1.0,2.5977,3.9512,-0.10472,0.8,-0.13963,295.4023,2.8765,walk_east_mid.0,588.2854,0.8,-0.13963,0.8,-0.13963,Sidewalk
1.5,3.0631,3.8858,-0.13963,0.94,-0.06981,294.9369,2.859,walk_east_up.0,586.9529,0.94,-0.06981,0.94,-0.06981,Sidewalk
2.0,3.5087,3.8232,-0.13963,0.9,-0.0,294.4913,2.807,walk_east_up.0,586.1946,0.9,-0.0,0.9,-0.0,Sidewalk
2.5,3.9716,3.7416,-0.17453,0.94,-0.06981,294.0285,2.7698,walk_east_up.0,584.6937,0.94,-0.06981,0.94,-0.06981,Sidewalk
3.0,4.4345,3.6599,-0.17453,0.94,-0.0,293.5657,2.7562,walk_east_up.0,583.804,0.94,-0.0,0.94,-0.0,Sidewalk
3.5,4.8999,3.5945,-0.13963,0.94,0.06981,293.1004,2.7397,walk_east_up.0,583.1209,0.94,0.06981,0.94,0.06981,Sidewalk
4.0,5.3653,3.5291,-0.13963,0.94,-0.0,292.6351,2.7391,walk_east_up.0,581.811,0.94,-0.0,0.94,-0.0,Sidewalk
4.5,5.8327,3.48,-0.10472,0.94,0.06981,292.1677,2.6917,walk_east_up.0,581.1725,0.94,0.06981,0.94,0.06981,Sidewalk
5.0,6.3002,3.4309,-0.10472,0.94,-0.0,291.7004,2.6665,walk_east_up.0,579.8626,0.94,-0.0,0.94,-0.0,Sidewalk
5.5,6.769,3.3981,-0.06981,0.94,0.06981,291.2316,2.6094,walk_east_up.0,579.256,0.94,0.06981,0.94,0.06981,Sidewalk
6.0,7.2379,3.3653,-0.06981,0.94,-0.0,290.7628,2.5422,walk_east_up.0,578.0349,0.94,-0.0,0.94,-0.0,Sidewalk
6.5,7.7076,3.3489,-0.03491,0.94,0.06981,290.2932,2.4713,walk_east_up.0,577.3798,0.94,0.06981,0.94,0.06981,Sidewalk
7.0,8.1773,3.3325,-0.03491,0.94,-0.0,289.8235,2.4153,walk_east_up.0,576.1241,0.94,-0.0,0.94,-0.0,Sidewalk
7.5,8.6473,3.3325,-0.0,0.94,0.06981,289.3535,2.3601,walk_east_up.0,575.4502,0.94,0.06981,0.94,0.06981,Sidewalk
8.0,9.1173,3.3325,-0.0,0.94,-0.0,288.8835,2.3001,walk_east_up.0,574.2499,0.94,-0.0,0.94,-0.0,Sidewalk
8.5,9.587,3.3489,0.03491,0.94,0.06981,288.4137,2.2065,walk_east_up.0,573.6326,0.94,0.06981,0.94,0.06981,Sidewalk
9.0,10.0567,3.3653,0.03491,0.94,-0.0,287.944,2.169,walk_east_up.0,572.4659,0.94,-0.0,0.94,-0.0,Sidewalk
9.5,10.5267,3.3653,-0.0,0.94,-0.06981,287.474,2.098,walk_east_up.0,571.331,0.94,-0.06981,0.94,-0.06981,Sidewalk
10.0,10.9967,3.3653,-0.0,0.94,-0.0,287.004,2.0465,walk_east_up.0,570.4863,0.94,-0.0,0.94,-0.0,Sidewalk
10.5,11.4664,3.3489,-0.03491,0.94,-0.06981,286.5343,1.9769,walk_east_up.0,569.3872,0.94,-0.06981,0.94,-0.06981,Sidewalk
11.0,11.9361,3.3325,-0.03491,0.94,-0.0,286.0646,1.9383,walk_east_up.0,568.5618,0.94,-0.0,0.94,-0.0,Sidewalk
11.5,12.4061,3.3325,-0.0,0.94,0.06981,285.5946,1.8972,walk_east_up.0,567.7804,0.94,0.06981,0.94,0.06981,Sidewalk
12.0,12.8761,3.3325,-0.0,0.94,-0.0,285.1246,1.8425,walk_east_up.0,566.6417,0.94,-0.0,0.94,-0.0,Sidewalk
12.5,13.3459,3.3489,0.03491,0.94,0.06981,284.6549,1.7601,walk_east_up.0,565.9031,0.94,0.06981,0.94,0.06981,Sidewalk
13.0,13.8156,3.3653,0.03491,0.94,-0.0,284.1851,1.7287,walk_east_up.0,564.8112,0.94,-0.0,0.94,-0.0,Sidewalk
13.5,14.2856,3.3653,-0.0,0.94,-0.06981,283.7151,1.6608,walk_east_up.0,563.7737,0.94,-0.06981,0.94,-0.06981,Sidewalk
14.0,14.7556,3.3653,-0.0,0.94,-0.0,283.2451,1.6126,walk_east_up.0,562.8231,0.94,-0.0,0.94,-0.0,Sidewalk
14.5,15.2253,3.3489,-0.03491,0.94,-0.06981,282.7755,1.6093,walk_east_up.0,561.8823,0.94,-0.06981,0.94,-0.06981,Sidewalk
15.0,15.695,3.3325,-0.03491,0.94,-0.0,282.3058,1.5988,walk_east_up.0,560.8921,0.94,-0.0,0.94,-0.0,Sidewalk
15.5,16.165,3.3325,-0.0,0.94,0.06981,281.8358,1.5536,walk_east_up.0,560.1071,0.94,0.06981,0.94,0.06981,Sidewalk
16.0,16.635,3.3325,-0.0,0.94,-0.0,281.3658,1.5053,walk_east_up.0,559.0534,0.94,-0.0,0.94,-0.0,Sidewalk
16.5,17.1047,3.3489,0.03491,0.94,0.06981,280.896,1.446,walk_east_up.0,558.2811,0.94,0.06981,0.94,0.06981,Sidewalk
17.0,17.5744,3.3653,0.03491,0.94,-0.0,280.4263,1.4068,walk_east_up.0,557.2006,0.94,-0.0,0.94,-0.0,Sidewalk
17.5,18.0444,3.3653,-0.0,0.94,-0.06981,279.9563,1.3967,walk_east_up.0,556.2902,0.94,-0.06981,0.94,-0.06981,Sidewalk
18.0,18.5144,3.3653,-0.0,0.94,-0.0,279.4863,1.3694,walk_east_up.0,555.3011,0.94,-0.0,0.94,-0.0,Sidewalk
18.5,18.9841,3.3489,-0.03491,0.94,-0.06981,279.0166,1.3717,walk_east_up.0,554.4073,0.94,-0.06981,0.94,-0.06981,Sidewalk
19.0,19.4539,3.3325,-0.03491,0.94,-0.0,278.5469,1.3693,walk_east_up.0,553.392,0.94,-0.0,0.94,-0.0,Sidewalk
19.5,19.9239,3.3325,-0.0,0.94,0.06981,278.0769,1.3583,walk_east_up.0,552.5614,0.94,0.06981,0.94,0.06981,Sidewalk
20.0,20.3939,3.3325,-0.0,0.94,-0.0,277.6069,1.353,walk_east_up.0,551.5177,0.94,-0.0,0.94,-0.0,Sidewalk
20.5,20.8636,3.3489,0.03491,0.94,0.06981,277.1372,1.3373,walk_east_up.0,550.728,0.94,0.06981,0.94,0.06981,Sidewalk
21.0,21.3333,3.3653,0.03491,0.94,-0.0,276.6674,1.3231,walk_east_up.0,549.6608,0.94,-0.0,0.94,-0.0,Sidewalk
21.5,21.8033,3.3653,-0.0,0.94,-0.06981,276.1974,1.3267,walk_east_up.0,548.7823,0.94,-0.06981,0.94,-0.06981,Sidewalk
22.0,22.2733,3.3653,-0.0,0.94,-0.0,275.7274,1.3353,walk_east_up.0,547.7716,0.94,-0.0,0.94,-0.0,Sidewalk
22.5,22.743,3.3817,0.03491,0.94,0.06981,275.2577,1.329,walk_east_up.0,546.8825,0.94,0.06981,0.94,0.06981,Sidewalk
23.0,23.2127,3.3981,0.03491,0.94,-0.0,274.7879,1.3322,walk_east_up.0,545.8878,0.94,-0.0,0.94,-0.0,Sidewalk
23.5,23.6827,3.3981,-0.0,0.94,-0.06981,274.3179,1.3539,walk_east_up.0,544.9899,0.94,-0.06981,0.94,-0.06981,Sidewalk
24.0,24.1527,3.3981,-0.0,0.94,-0.0,273.8479,1.3936,walk_east_up.0,543.9511,0.94,-0.0,0.94,-0.0,Sidewalk
24.5,24.6224,3.4145,0.03491,0.94,0.06981,273.3782,1.4097,walk_east_up.0,543.0588,0.94,0.06981,0.94,0.06981,Sidewalk
25.0,25.0921,3.4309,0.03491,0.94,-0.0,272.9085,1.4234,walk_east_up.0,542.0384,0.94,-0.0,0.94,-0.0,Sidewalk
25.5,25.5621,3.4309,-0.0,0.94,-0.06981,272.4385,1.479,walk_east_up.0,541.1162,0.94,-0.06981,0.94,-0.06981,Sidewalk
26.0,26.0321,3.4309,-0.0,0.94,-0.0,271.9685,1.5123,walk_east_up.0,540.0947,0.94,-0.0,0.94,-0.0,Sidewalk
26.5,26.5019,3.4145,-0.03491,0.94,-0.06981,271.4988,1.5525,walk_east_up.0,539.2143,0.94,-0.06981,0.94,-0.06981,Sidewalk
27.0,26.9716,3.3981,-0.03491,0.94,-0.0,271.0291,1.6196,walk_east_up.0,538.1675,0.94,-0.0,0.94,-0.0,Sidewalk
27.5,27.4416,3.3981,-0.0,0.94,0.06981,270.5591,1.6691,walk_east_up.0,537.2958,0.94,0.06981,0.94,0.06981,Sidewalk
28.0,27.9116,3.3981,-0.0,0.94,-0.0,270.0891,1.7188,walk_east_up.0,536.2605,0.94,-0.0,0.94,-0.0,Sidewalk
28.5,28.3813,3.3817,-0.03491,0.94,-0.06981,269.6194,1.7599,walk_east_up.0,535.3425,0.94,-0.06981,0.94,-0.06981,Sidewalk
29.0,28.851,3.3653,-0.03491,0.94,-0.0,269.1498,1.812,walk_east_up.0,534.3524,0.94,-0.0,0.94,-0.0,Sidewalk
29.5,29.321,3.3653,-0.0,0.94,0.06981,268.6798,1.8838,walk_east_up.0,533.4661,0.94,0.06981,0.94,0.06981,Sidewalk
30.0,29.791,3.3653,-0.0,0.94,-0.0,268.2098,1.9586,walk_east_up.0,532.4525,0.94,-0.0,0.94,-0.0,Sidewalk
30.5,30.2607,3.3489,-0.03491,0.94,-0.06981,267.7401,2.0488,walk_east_up.0,531.5188,0.94,-0.06981,0.94,-0.06981,Sidewalk
31.0,30.7304,3.3325,-0.03491,0.94,-0.0,267.2704,2.1002,walk_east_up.0,530.5414,0.94,-0.0,0.94,-0.0,Sidewalk
31.5,31.2004,3.3325,-0.0,0.94,0.06981,266.8004,2.1314,walk_east_up.0,529.6844,0.94,0.06981,0.94,0.06981,Sidewalk
32.0,31.6704,3.3325,-0.0,0.94,-0.0,266.3304,2.191,walk_east_up.0,528.6846,0.94,-0.0,0.94,-0.0,Sidewalk
32.5,32.1401,3.3489,0.03491,0.94,0.06981,265.8607,2.2139,walk_east_up.0,527.8404,0.94,0.06981,0.94,0.06981,Sidewalk
33.0,32.6098,3.3653,0.03491,0.94,-0.0,265.3909,2.2602,walk_east_up.0,526.8408,0.94,-0.0,0.94,-0.0,Sidewalk
33.5,33.0798,3.3653,-0.0,0.94,-0.06981,264.9209,2.2835,walk_east_up.0,525.881,0.94,-0.06981,0.94,-0.06981,Sidewalk
34.0,33.5498,3.3653,-0.0,0.94,-0.0,264.4509,2.3427,walk_east_up.0,524.9248,0.94,-0.0,0.94,-0.0,Sidewalk
34.5,34.0196,3.3489,-0.03491,0.94,-0.06981,263.9812,2.4283,walk_east_up.0,523.992,0.94,-0.06981,0.94,-0.06981,Sidewalk
35.0,34.4893,3.3325,-0.03491,0.94,-0.0,263.5116,2.5213,walk_east_up.0,523.0194,0.94,-0.0,0.94,-0.0,Sidewalk
35.5,34.9593,3.3325,-0.0,0.94,0.06981,263.0416,2.5757,walk_east_up.0,522.1206,0.94,0.06981,0.94,0.06981,Sidewalk
36.0,35.4293,3.3325,-0.0,0.94,-0.0,262.5716,2.6124,walk_east_up.0,521.1357,0.94,-0.0,0.94,-0.0,Sidewalk
36.5,35.899,3.3489,0.03491,0.94,0.06981,262.1018,2.6761,walk_east_up.0,520.2421,0.94,0.06981,0.94,0.06981,Sidewalk
37.0,36.3687,3.3653,0.03491,0.94,-0.0,261.6321,2.7373,walk_east_up.0,519.2419,0.94,-0.0,0.94,-0.0,Sidewalk
37.5,36.8387,3.3653,-0.0,0.94,-0.06981,261.1621,2.765,walk_east_up.0,518.315,0.94,-0.06981,0.94,-0.06981,Sidewalk
38.0,37.3087,3.3653,-0.0,0.94,-0.0,260.6921,2.7992,walk_east_up.0,517.3351,0.94,-0.0,0.94,-0.0,Sidewalk
38.5,37.7784,3.3489,-0.03491,0.94,-0.06981,260.2224,2.9081,walk_east_up.0,516.4374,0.94,-0.06981,0.94,-0.06981,Sidewalk
39.0,38.2481,3.3325,-0.03491,0.94,-0.0,259.7527,3.0017,walk_east_up.0,515.4767,0.94,-0.0,0.94,-0.0,Sidewalk
39.5,38.7181,3.3325,-0.0,0.94,0.06981,259.2827,3.0375,walk_east_up.0,514.597,0.94,0.06981,0.94,0.06981,Sidewalk
40.0,39.1881,3.3325,-0.0,0.94,-0.0,258.8127,3.0661,walk_east_up.0,513.5887,0.94,-0.0,0.94,-0.0,Sidewalk
40.5,39.6578,3.3489,0.03491,0.94,0.06981,258.343,3.1059,walk_east_up.0,512.7358,0.94,0.06981,0.94,0.06981,Sidewalk
41.0,40.1276,3.3653,0.03491,0.94,-0.0,257.8732,3.1859,walk_east_up.0,511.7032,0.94,-0.0,0.94,-0.0,Sidewalk
41.5,40.5976,3.3653,-0.0,0.94,-0.06981,257.4032,3.2647,walk_east_up.0,510.7727,0.94,-0.06981,0.94,-0.06981,Sidewalk
42.0,41.0676,3.3653,-0.0,0.94,-0.0,256.9332,3.3116,walk_east_up.0,509.7893,0.94,-0.0,0.94,-0.0,Sidewalk
42.5,41.5373,3.3489,-0.03491,0.94,-0.06981,256.4636,3.4034,walk_east_up.0,508.8927,0.94,-0.06981,0.94,-0.06981,Sidewalk
43.0,42.007,3.3325,-0.03491,0.94,-0.0,255.9939,3.4435,walk_east_up.0,507.8929,0.94,-0.0,0.94,-0.0,Sidewalk
43.5,42.477,3.3325,-0.0,0.94,0.06981,255.5239,3.5068,walk_east_up.0,506.9961,0.94,0.06981,0.94,0.06981,Sidewalk
44.0,42.947,3.3325,-0.0,0.94,-0.0,255.0539,3.5727,walk_east_up.0,506.008,0.94,-0.0,0.94,-0.0,Sidewalk
44.5,43.4167,3.3489,0.03491,0.94,0.06981,254.5841,3.65,walk_east_up.0,505.1432,0.94,0.06981,0.94,0.06981,Sidewalk
45.0,43.8864,3.3653,0.03491,0.94,-0.0,254.1144,3.7064,walk_east_up.0,504.1239,0.94,-0.0,0.94,-0.0,Sidewalk
45.5,44.3564,3.3653,-0.0,0.94,-0.06981,253.6444,3.8013,walk_east_up.0,503.2182,0.94,-0.06981,0.94,-0.06981,Sidewalk
46.0,44.8264,3.3653,-0.0,0.94,-0.0,253.1744,3.8413,walk_east_up.0,502.2356,0.94,-0.0,0.94,-0.0,Sidewalk
46.5,45.2961,3.3489,-0.03491,0.94,-0.06981,252.7047,3.8912,walk_east_up.0,501.3358,0.94,-0.06981,0.94,-0.06981,Sidewalk
47.0,45.7658,3.3325,-0.03491,0.94,-0.0,252.235,3.9234,walk_east_up.0,500.3324,0.94,-0.0,0.94,-0.0,Sidewalk
47.5,46.2358,3.3325,-0.0,0.94,0.06981,251.765,4.0255,walk_east_up.0,499.4346,0.94,0.06981,0.94,0.06981,Sidewalk
48.0,46.7058,3.3325,-0.0,0.94,-0.0,251.295,4.0825,walk_east_up.0,498.4462,0.94,-0.0,0.94,-0.0,Sidewalk
48.5,47.1756,3.3489,0.03491,0.94,0.06981,250.8253,4.1724,walk_east_up.0,497.5459,0.94,0.06981,0.94,0.06981,Sidewalk
49.0,47.6453,3.3653,0.03491,0.94,-0.0,250.3555,4.2571,walk_east_up.0,496.5473,0.94,-0.0,0.94,-0.0,Sidewalk
49.5,48.1153,3.3653,-0.0,0.94,-0.06981,249.8855,4.3638,walk_east_up.0,495.6432,0.94,-0.06981,0.94,-0.06981,Sidewalk
50.0,48.5853,3.3653,-0.0,0.94,-0.0,249.4155,4.4389,walk_east_up.0,494.666,0.94,-0.0,0.94,-0.0,Sidewalk
50.5,49.055,3.3817,0.03491,0.94,0.06981,248.9458,4.5023,walk_east_up.0,493.7834,0.94,0.06981,0.94,0.06981,Sidewalk
51.0,49.5247,3.3981,0.03491,0.94,-0.0,248.476,4.5414,walk_east_mid.0,492.7939,0.94,-0.0,0.94,-0.0,Sidewalk
51.5,49.9947,3.3981,-0.0,0.94,-0.06981,248.006,4.6021,walk_east_mid.0,491.8756,0.94,-0.06981,0.94,-0.06981,Sidewalk
52.0,50.4647,3.3981,-0.0,0.94,-0.0,247.536,4.6394,walk_east_mid.0,490.8876,0.94,-0.0,0.94,-0.0,Sidewalk
52.5,50.9344,3.4145,0.03491,0.94,0.06981,247.0663,4.6657,walk_east_mid.0,489.9962,0.94,0.06981,0.94,0.06981,Sidewalk
53.0,51.4041,3.4309,0.03491,0.94,-0.0,246.5965,4.6577,walk_east_mid.0,489.0022,0.94,-0.0,0.94,-0.0,Sidewalk
53.5,51.8741,3.4309,-0.0,0.94,-0.06981,246.1265,4.6769,walk_east_mid.0,488.0973,0.94,-0.06981,0.94,-0.06981,Sidewalk
54.0,52.3441,3.4309,-0.0,0.94,-0.0,245.6565,4.7027,walk_east_mid.0,487.1105,0.94,-0.0,0.94,-0.0,Sidewalk
54.5,52.8138,3.4473,0.03491,0.94,0.06981,245.1868,4.709,walk_east_mid.0,486.2234,0.94,0.06981,0.94,0.06981,Sidewalk
55.0,53.2836,3.4637,0.03491,0.94,-0.0,244.717,4.6848,walk_east_mid.0,485.2335,0.94,-0.0,0.94,-0.0,Sidewalk
55.5,53.7536,3.4637,-0.0,0.94,-0.06981,244.247,4.652,walk_east_mid.0,484.3398,0.94,-0.06981,0.94,-0.06981,Sidewalk
56.0,54.2236,3.4637,-0.0,0.94,-0.0,243.777,4.6534,walk_east_mid.0,483.3593,0.94,-0.0,0.94,-0.0,Sidewalk
56.5,54.6933,3.4801,0.03491,0.94,0.06981,243.3073,4.635,walk_east_mid.0,482.4792,0.94,0.06981,0.94,0.06981,Sidewalk
57.0,55.163,3.4965,0.03491,0.94,-0.0,242.8375,4.6655,walk_east_mid.0,481.4759,0.94,-0.0,0.94,-0.0,Sidewalk
57.5,55.633,3.4965,-0.0,0.94,-0.06981,242.3675,4.6631,walk_east_mid.0,480.5751,0.94,-0.06981,0.94,-0.06981,Sidewalk
58.0,56.103,3.4965,-0.0,0.94,-0.0,241.8975,4.6986,walk_east_mid.0,479.5867,0.94,-0.0,0.94,-0.0,Sidewalk
58.5,56.5727,3.5129,0.03491,0.94,0.06981,241.4278,4.7286,walk_east_mid.0,478.6946,0.94,0.06981,0.94,0.06981,Sidewalk
59.0,57.0424,3.5293,0.03491,0.94,-0.0,240.9581,4.723,walk_east_mid.0,477.7006,0.94,-0.0,0.94,-0.0,Sidewalk
59.5,57.5124,3.5293,-0.0,0.94,-0.06981,240.4881,4.7294,walk_east_mid.0,476.7993,0.94,-0.06981,0.94,-0.06981,Sidewalk
60.0,57.9824,3.5293,-0.0,0.94,-0.0,240.0181,4.7763,walk_east_mid.0,475.8077,0.94,-0.0,0.94,-0.0,Sidewalk
60.5,58.4521,3.5457,0.03491,0.94,0.06981,239.5483,4.7732,walk_east_mid.0,474.9228,0.94,0.06981,0.94,0.06981,Sidewalk
61.0,58.9218,3.5621,0.03491,0.94,-0.0,239.0786,4.7943,walk_east_mid.0,473.9232,0.94,-0.0,0.94,-0.0,Sidewalk
61.5,59.3918,3.5621,-0.0,0.94,-0.06981,238.6086,4.7733,walk_east_mid.0,473.0286,0.94,-0.06981,0.94,-0.06981,Sidewalk
62.0,59.8618,3.5621,-0.0,0.94,-0.0,238.1386,4.8245,walk_east_mid.0,472.0358,0.94,-0.0,0.94,-0.0,Sidewalk
62.5,60.3315,3.5785,0.03491,0.94,0.06981,237.6688,4.7957,walk_east_mid.0,471.1564,0.94,0.06981,0.94,0.06981,Sidewalk
63.0,60.8013,3.5949,0.03491,0.94,-0.0,237.1991,4.7872,walk_east_mid.0,470.1632,0.94,-0.0,0.94,-0.0,Sidewalk
63.5,61.2713,3.5949,-0.0,0.94,-0.06981,236.7291,4.8058,walk_east_mid.0,469.2605,0.94,-0.06981,0.94,-0.06981,Sidewalk
64.0,61.7413,3.5949,-0.0,0.94,-0.0,236.2591,4.8537,walk_east_mid.0,468.2683,0.94,-0.0,0.94,-0.0,Sidewalk
64.5,62.211,3.6113,0.03491,0.94,0.06981,235.7893,4.8662,walk_east_mid.0,467.3805,0.94,0.06981,0.94,0.06981,Sidewalk
65.0,62.6807,3.6277,0.03491,0.94,-0.0,235.3196,4.8452,walk_east_mid.0,466.3897,0.94,-0.0,0.94,-0.0,Sidewalk
65.5,63.1507,3.6277,-0.0,0.94,-0.06981,234.8496,4.9123,walk_east_mid.0,465.4793,0.94,-0.06981,0.94,-0.06981,Sidewalk
66.0,63.6207,3.6277,-0.0,0.94,-0.0,234.3796,4.9102,walk_east_mid.0,464.4958,0.94,-0.0,0.94,-0.0,Sidewalk
66.5,64.0904,3.6441,0.03491,0.94,0.06981,233.9099,4.9467,walk_east_mid.0,463.604,0.94,0.06981,0.94,0.06981,Sidewalk
67.0,64.5601,3.6605,0.03491,0.94,-0.0,233.4401,4.9186,walk_east_mid.0,462.6141,0.94,-0.0,0.94,-0.0,Sidewalk
67.5,65.0301,3.6605,-0.0,0.94,-0.06981,232.9701,4.8954,walk_east_mid.0,461.7206,0.94,-0.06981,0.94,-0.06981,Sidewalk
68.0,65.5001,3.6605,-0.0,0.94,-0.0,232.5001,4.7306,walk_east_dn.1,460.7361,0.94,-0.0,0.94,-0.0,Sidewalk
68.5,65.9698,3.6769,0.03491,0.94,0.06981,232.0304,4.4599,walk_east_dn.1,459.8588,0.94,0.06981,0.94,0.06981,Sidewalk
69.0,66.4395,3.6933,0.03491,0.94,-0.0,231.5607,4.1711,walk_east_dn.1,458.8613,0.94,-0.0,0.94,-0.0,Sidewalk
69.5,66.9095,3.6933,-0.0,0.94,-0.06981,231.0907,4.0257,walk_east_dn.1,457.9505,0.94,-0.06981,0.94,-0.06981,Sidewalk
70.0,67.3795,3.6933,-0.0,0.94,-0.0,230.6207,3.8667,walk_east_dn.1,456.9685,0.94,-0.0,0.94,-0.0,Sidewalk
70.5,67.8493,3.7097,0.03491,0.94,0.06981,230.1509,3.7053,walk_east_dn.1,456.0735,0.94,0.06981,0.94,0.06981,Sidewalk
71.0,68.319,3.7262,0.03491,0.94,-0.0,229.6812,3.4882,walk_east_dn.1,455.0776,0.94,-0.0,0.94,-0.0,Sidewalk
71.5,68.789,3.7262,-0.0,0.94,-0.06981,229.2112,3.2908,walk_east_dn.1,454.1864,0.94,-0.06981,0.94,-0.06981,Sidewalk
72.0,69.259,3.7262,-0.0,0.94,-0.0,228.7412,3.0144,walk_east_dn.1,453.2068,0.94,-0.0,0.94,-0.0,Sidewalk
72.5,69.7287,3.7426,0.03491,0.94,0.06981,228.2715,2.8285,walk_east_dn.1,452.3273,0.94,0.06981,0.94,0.06981,Sidewalk
73.0,70.1984,3.759,0.03491,0.94,-0.0,227.8017,2.5986,walk_east_dn.1,451.3264,0.94,-0.0,0.94,-0.0,Sidewalk
73.5,70.6684,3.759,-0.0,0.94,-0.06981,227.3317,2.3653,walk_east_dn.1,450.4867,0.94,-0.06981,0.94,-0.06981,Sidewalk
74.0,71.1384,3.759,-0.0,0.94,-0.0,226.8617,2.1418,walk_east_dn.1,449.5531,0.94,-0.0,0.94,-0.0,Sidewalk
74.5,71.6081,3.7754,0.03491,0.94,0.06981,226.392,1.9557,walk_east_dn.1,448.7348,0.94,0.06981,0.94,0.06981,Sidewalk
75.0,72.0778,3.7918,0.03491,0.94,-0.0,225.9223,1.8171,walk_east_dn.1,447.7918,0.94,-0.0,0.94,-0.0,Sidewalk
75.5,72.5478,3.7918,-0.0,0.94,-0.06981,225.4523,1.5488,walk_east_dn.1,447.0507,0.94,-0.06981,0.94,-0.06981,Sidewalk
76.0,73.0178,3.7918,-0.0,0.94,-0.0,224.9823,1.3646,walk_east_dn.1,446.2087,0.94,-0.0,0.94,-0.0,Sidewalk
76.5,73.4875,3.8082,0.03491,0.94,0.06981,224.5125,1.1895,walk_east_dn.1,445.5368,0.94,0.06981,0.94,0.06981,Sidewalk
77.0,73.9573,3.8246,0.03491,0.94,-0.0,224.0428,1.0262,walk_east_dn.1,444.8339,0.94,-0.0,0.94,-0.0,Sidewalk
77.5,74.4261,3.8574,0.06981,0.94,0.06981,223.5739,0.8095,walk_east_dn.1,444.7441,0.94,0.06981,0.94,0.06981,Sidewalk
78.0,74.895,3.8901,0.06981,0.94,-0.0,223.1051,0.7215,walk_east_dn.1,444.3272,0.94,-0.0,0.94,-0.0,Sidewalk
78.5,75.3624,3.9393,0.10472,0.94,0.06981,222.6376,0.6267,walk_east_dn.1,444.6789,0.94,0.06981,0.94,0.06981,Sidewalk
79.0,75.8252,4.0209,0.17453,0.94,0.13963,222.1748,0.6774,walk_east_dn.1,443.3226,0.94,0.13963,0.94,0.13963,Sidewalk
79.5,76.2907,4.0863,0.13963,0.94,-0.06981,221.7093,0.763,walk_east_dn.1,441.228,0.94,-0.06981,0.94,-0.06981,Sidewalk
80.0,76.7561,4.1517,0.13963,0.94,-0.0,221.244,0.8839,walk_east_dn.1,439.7356,0.94,-0.0,0.94,-0.0,Sidewalk
80.5,77.219,4.2333,0.17453,0.94,0.06981,220.7812,1.097,walk_east_dn.1,438.6039,0.94,0.06981,0.94,0.06981,Sidewalk
81.0,77.6818,4.3149,0.17453,0.94,-0.0,220.3184,1.2604,walk_east_dn.1,437.326,0.94,-0.0,0.94,-0.0,Sidewalk
81.5,78.1472,4.3803,0.13963,0.94,-0.06981,219.8531,1.4639,walk_east_dn.1,436.3052,0.94,-0.06981,0.94,-0.06981,Sidewalk
82.0,78.6127,4.4458,0.13963,0.94,-0.0,219.3878,1.7257,walk_east_dn.1,435.1815,0.94,-0.0,0.94,-0.0,Sidewalk
82.5,79.0801,4.4949,0.10472,0.94,-0.06981,218.9205,1.8824,walk_east_dn.1,434.3204,0.94,-0.06981,0.94,-0.06981,Sidewalk
83.0,79.5475,4.544,0.10472,0.94,-0.0,218.4532,2.0552,walk_east_dn.1,433.2191,0.94,-0.0,0.94,-0.0,Sidewalk
83.5,80.0164,4.5768,0.06981,0.94,-0.06981,217.9844,2.2984,walk_east_dn.1,432.4579,0.94,-0.06981,0.94,-0.06981,Sidewalk
84.0,80.4852,4.6096,0.06981,0.94,-0.0,217.5156,2.5576,walk_east_dn.1,431.2782,0.94,-0.0,0.94,-0.0,Sidewalk
84.5,80.9549,4.626,0.03491,0.94,-0.06981,217.046,2.8172,walk_east_dn.1,430.6997,0.94,-0.06981,0.94,-0.06981,Sidewalk
85.0,81.4247,4.6424,0.03491,0.94,-0.0,216.5763,3.0656,walk_east_dn.1,429.3797,0.94,-0.0,0.94,-0.0,Sidewalk
85.5,81.8947,4.6424,-0.0,0.94,-0.06981,216.1063,3.1996,walk_east_dn.1,428.7143,0.94,-0.06981,0.94,-0.06981,Sidewalk
86.0,82.3647,4.6424,-0.0,0.94,-0.0,215.6363,3.3877,walk_east_dn.1,427.4364,0.94,-0.0,0.94,-0.0,Sidewalk
86.5,82.8244,4.6584,0.03491,0.92,0.06981,215.1766,3.6027,walk_east_dn.1,426.491,0.92,0.06981,0.92,0.06981,Sidewalk
87.0,83.2941,4.6748,0.03491,0.94,-0.0,214.707,3.7734,walk_east_dn.1,425.4092,0.94,-0.0,0.94,-0.0,Sidewalk
87.5,83.7641,4.6748,-0.0,0.94,-0.06981,214.237,3.9408,walk_east_dn.1,424.5298,0.94,-0.06981,0.94,-0.06981,Sidewalk
88.0,84.2341,4.6748,-0.0,0.94,-0.0,213.767,4.1425,walk_east_dn.1,423.4368,0.94,-0.0,0.94,-0.0,Sidewalk
88.5,84.7038,4.6584,-0.03491,0.94,-0.06981,213.2972,4.3855,walk_east_dn.1,422.5249,0.94,-0.06981,0.94,-0.06981,Sidewalk
89.0,85.1735,4.642,-0.03491,0.94,-0.0,212.8274,4.6055,walk_east_mid.1,421.4465,0.94,-0.0,0.94,-0.0,Sidewalk
89.5,85.6435,4.642,-0.0,0.94,0.06981,212.3575,4.5795,walk_east_mid.1,420.5103,0.94,0.06981,0.94,0.06981,Sidewalk
90.0,86.1135,4.642,-0.0,0.94,-0.0,211.8875,4.595,walk_east_mid.1,419.4989,0.94,-0.0,0.94,-0.0,Sidewalk
90.5,86.5832,4.6256,-0.03491,0.94,-0.06981,211.4177,4.5311,walk_east_mid.1,418.5911,0.94,-0.06981,0.94,-0.06981,Sidewalk
91.0,87.0529,4.6092,-0.03491,0.94,-0.0,210.9479,4.5391,walk_east_mid.1,417.5593,0.94,-0.0,0.94,-0.0,Sidewalk
91.5,87.5229,4.6092,-0.0,0.94,0.06981,210.4779,4.5016,walk_east_mid.1,416.6513,0.94,0.06981,0.94,0.06981,Sidewalk
92.0,87.9929,4.6092,-0.0,0.94,-0.0,210.0079,4.4406,walk_east_mid.1,415.6466,0.94,-0.0,0.94,-0.0,Sidewalk
92.5,88.4627,4.5928,-0.03491,0.94,-0.06981,209.5382,4.3775,walk_east_mid.1,414.7428,0.94,-0.06981,0.94,-0.06981,Sidewalk
93.0,88.9324,4.5764,-0.03491,0.94,-0.0,209.0684,4.3745,walk_east_mid.1,413.7062,0.94,-0.0,0.94,-0.0,Sidewalk
93.5,89.4024,4.5764,-0.0,0.94,0.06981,208.5984,4.3368,walk_east_mid.1,412.8322,0.94,0.06981,0.94,0.06981,Sidewalk
94.0,89.8724,4.5764,-0.0,0.94,-0.0,208.1284,4.3153,walk_east_mid.1,411.8326,0.94,-0.0,0.94,-0.0,Sidewalk
94.5,90.3421,4.56,-0.03491,0.94,-0.06981,207.6587,4.248,walk_east_mid.1,410.943,0.94,-0.06981,0.94,-0.06981,Sidewalk
95.0,90.8118,4.5436,-0.03491,0.94,-0.0,207.1889,4.2559,walk_east_mid.1,409.9501,0.94,-0.0,0.94,-0.0,Sidewalk
95.5,91.2818,4.5436,-0.0,0.94,0.06981,206.7189,4.188,walk_east_mid.1,409.077,0.94,0.06981,0.94,0.06981,Sidewalk
96.0,91.7518,4.5436,-0.0,0.94,-0.0,206.2489,4.1688,walk_east_mid.1,408.0781,0.94,-0.0,0.94,-0.0,Sidewalk
96.5,92.2215,4.5272,-0.03491,0.94,-0.06981,205.7792,4.1668,walk_east_mid.1,407.186,0.94,-0.06981,0.94,-0.06981,Sidewalk
97.0,92.6912,4.5108,-0.03491,0.94,-0.0,205.3094,4.2016,walk_east_mid.1,406.1906,0.94,-0.0,0.94,-0.0,Sidewalk
97.5,93.1612,4.5108,-0.0,0.94,0.06981,204.8394,4.1451,walk_east_mid.1,405.3157,0.94,0.06981,0.94,0.06981,Sidewalk
98.0,93.6312,4.5108,-0.0,0.94,-0.0,204.3694,4.0912,walk_east_mid.1,404.32,0.94,-0.0,0.94,-0.0,Sidewalk
98.5,94.1009,4.4944,-0.03491,0.94,-0.06981,203.8997,4.0881,walk_east_mid.1,403.4292,0.94,-0.06981,0.94,-0.06981,Sidewalk
99.0,94.5707,4.478,-0.03491,0.94,-0.0,203.4299,4.0467,walk_east_mid.1,402.4381,0.94,-0.0,0.94,-0.0,Sidewalk
99.5,95.0407,4.478,-0.0,0.94,0.06981,202.9599,3.9857,walk_east_mid.1,401.5627,0.94,0.06981,0.94,0.06981,Sidewalk
100.0,95.5107,4.478,-0.0,0.94,-0.0,202.4899,4.0222,walk_east_mid.1,400.5617,0.94,-0.0,0.94,-0.0,Sidewalk
100.5,95.9804,4.4616,-0.03491,0.94,-0.06981,202.0202,3.9979,walk_east_mid.1,399.6737,0.94,-0.06981,0.94,-0.06981,Sidewalk
101.0,96.4501,4.4452,-0.03491,0.94,-0.0,201.5504,3.9343,walk_east_mid.1,398.6837,0.94,-0.0,0.94,-0.0,Sidewalk
101.5,96.9201,4.4452,-0.0,0.94,0.06981,201.0804,3.893,walk_east_mid.1,397.8059,0.94,0.06981,0.94,0.06981,Sidewalk
102.0,97.3901,4.4452,-0.0,0.94,-0.0,200.6104,3.8609,walk_east_mid.1,396.8107,0.94,-0.0,0.94,-0.0,Sidewalk
102.5,97.8598,4.4288,-0.03491,0.94,-0.06981,200.1407,3.809,walk_east_mid.1,395.9263,0.94,-0.06981,0.94,-0.06981,Sidewalk
103.0,98.3295,4.4124,-0.03491,0.94,-0.0,199.6709,3.7785,walk_east_mid.1,394.9334,0.94,-0.0,0.94,-0.0,Sidewalk
103.5,98.7995,4.4124,-0.0,0.94,0.06981,199.2009,9.7389,walk_south.1,393.8814,0.94,0.06981,0.94,0.06981,Sidewalk
104.0,99.2695,4.4124,-0.0,0.94,-0.0,198.7309,9.6884,walk_south.1,392.8906,0.94,-0.0,0.94,-0.0,Sidewalk
104.5,99.7392,4.396,-0.03491,0.94,-0.06981,198.2612,9.6287,walk_south.1,392.0094,0.94,-0.06981,0.94,-0.06981,Sidewalk
105.0,100.2089,4.3796,-0.03491,0.94,-0.0,197.7914,9.596,walk_south.1,391.02,0.94,-0.0,0.94,-0.0,Sidewalk
105.5,100.6789,4.3796,-0.0,0.94,0.06981,197.3214,9.5859,walk_south.1,390.143,0.94,0.06981,0.94,0.06981,Sidewalk
106.0,101.1489,4.3796,-0.0,0.94,-0.0,196.8514,9.5688,walk_south.1,389.1561,0.94,-0.0,0.94,-0.0,Sidewalk
106.5,101.6187,4.3632,-0.03491,0.94,-0.06981,196.3817,9.1879,stand_6,388.2801,0.94,-0.06981,0.94,-0.06981,Sidewalk
107.0,102.0884,4.3468,-0.03491,0.94,-0.0,195.9119,8.7194,stand_6,387.2943,0.94,-0.0,0.94,-0.0,Sidewalk
107.5,102.5584,4.3468,-0.0,0.94,0.06981,195.4419,8.2527,stand_6,386.4205,0.94,0.06981,0.94,0.06981,Sidewalk
108.0,103.0284,4.3468,-0.0,0.94,-0.0,194.9719,7.7863,stand_6,385.442,0.94,-0.0,0.94,-0.0,Sidewalk
108.5,103.4981,4.3304,-0.03491,0.94,-0.06981,194.5022,7.3186,stand_6,384.5768,0.94,-0.06981,0.94,-0.06981,Sidewalk
109.0,103.9678,4.314,-0.03491,0.94,-0.0,194.0325,6.8511,stand_6,383.601,0.94,-0.0,0.94,-0.0,Sidewalk
109.5,104.4378,4.314,-0.0,0.94,0.06981,193.5625,6.3861,stand_6,382.7365,0.94,0.06981,0.94,0.06981,Sidewalk
110.0,104.9078,4.314,-0.0,0.94,-0.0,193.0925,5.922,stand_6,381.7819,0.94,-0.0,0.94,-0.0,Sidewalk
110.5,105.3775,4.2976,-0.03491,0.94,-0.06981,192.6227,5.4563,stand_6,380.9515,0.94,-0.06981,0.94,-0.06981,Sidewalk
111.0,105.8472,4.2812,-0.03491,0.94,-0.0,192.153,4.9914,stand_6,380.0141,0.94,-0.0,0.94,-0.0,Sidewalk
111.5,106.3172,4.2812,-0.0,0.94,0.06981,191.683,4.5306,stand_6,379.1831,0.94,0.06981,0.94,0.06981,Sidewalk
112.0,106.7872,4.2812,-0.0,0.94,-0.0,191.213,4.0719,stand_6,378.3559,0.94,-0.0,0.94,-0.0,Sidewalk
112.5,107.2569,4.2976,0.03491,0.94,0.06981,190.7433,3.6206,stand_6,377.5576,0.94,0.06981,0.94,0.06981,Sidewalk
113.0,107.7266,4.314,0.03491,0.94,-0.0,190.2736,3.1748,stand_6,376.9317,0.94,-0.0,0.94,-0.0,Sidewalk
113.5,108.1556,4.344,0.06981,0.86,0.06981,189.8447,2.7801,stand_6,376.9457,0.86,0.06981,0.86,0.06981,Sidewalk
114.0,108.5147,4.3691,0.06981,0.72,-0.0,189.4856,2.4587,stand_6,376.9757,0.72,-0.0,0.72,-0.0,Sidewalk
114.5,108.8345,4.3803,0.03491,0.64,-0.06981,189.1659,2.1773,stand_6,376.9128,0.64,-0.06981,0.64,-0.06981,Sidewalk
115.0,109.3042,4.3639,-0.03491,0.94,-0.13963,188.6961,1.7687,stand_6,375.5873,0.94,-0.13963,0.94,-0.13963,Sidewalk
115.5,109.7332,4.3339,-0.06981,0.86,-0.06981,188.2671,1.4184,stand_6,376.5731,0.86,-0.06981,0.86,-0.06981,Sidewalk
116.0,110.1986,4.2685,-0.13963,0.94,-0.13963,187.8016,1.0755,stand_6,374.4976,0.94,-0.13963,0.94,-0.13963,Sidewalk
116.5,110.6158,4.1644,-0.24435,0.86,-0.20944,187.3842,0.8303,stand_6,374.0633,0.86,-0.20944,0.86,-0.20944,Sidewalk
117.0,111.0719,4.0507,-0.24435,0.94,-0.0,186.9281,0.6811,stand_9,372.5164,0.94,-0.0,0.94,-0.0,Sidewalk
117.5,111.5237,3.9212,-0.27925,0.94,-0.06981,186.4763,0.7905,stand_9,370.9684,0.94,-0.06981,0.94,-0.06981,Sidewalk
118.0,111.9755,3.7916,-0.27925,0.94,-0.0,186.0246,1.1081,stand_9,370.122,0.94,-0.0,0.94,-0.0,Sidewalk
118.5,112.2798,3.6927,-0.31416,0.64,-0.06981,185.7204,1.3805,stand_9,370.4318,0.64,-0.06981,0.64,-0.06981,Sidewalk
119.0,112.6222,3.5815,-0.31416,0.72,-0.0,185.3783,1.3683,stand_4,369.7136,0.72,-0.0,0.72,-0.0,Sidewalk
119.5,113.074,3.4519,-0.27925,0.94,0.06981,184.9268,1.0163,stand_4,367.7112,0.94,0.06981,0.94,0.06981,Sidewalk
120.0,113.5337,3.3542,-0.20944,0.94,0.13963,184.4674,0.7654,stand_4,367.0712,0.94,0.13963,0.94,0.13963,Sidewalk
120.5,113.9966,3.2726,-0.17453,0.94,0.06981,184.0049,0.7463,stand_4,366.03,0.94,0.06981,0.94,0.06981,Sidewalk
121.0,114.464,3.2235,-0.10472,0.94,0.13963,183.5376,0.9604,stand_4,364.1204,0.94,0.13963,0.94,0.13963,Sidewalk
121.5,114.9329,3.1907,-0.06981,0.94,0.06981,183.0689,1.3059,stand_4,362.534,0.94,0.06981,0.94,0.06981,Sidewalk
122.0,115.4029,3.1907,-0.0,0.94,0.13963,182.5989,1.6966,stand_4,361.3948,0.94,0.13963,0.94,0.13963,Sidewalk
122.5,115.8726,3.2071,0.03491,0.94,0.06981,182.1292,2.1131,stand_4,360.2047,0.94,0.06981,0.94,0.06981,Sidewalk
123.0,116.3423,3.2235,0.03491,0.94,-0.0,181.6594,2.5483,stand_4,359.1109,0.94,-0.0,0.94,-0.0,Sidewalk
123.5,116.8111,3.2563,0.06981,0.94,0.06981,181.1904,2.989,stand_4,358.164,0.94,0.06981,0.94,0.06981,Sidewalk
124.0,117.28,3.2891,0.06981,0.94,-0.0,180.7214,3.4375,stand_4,357.2151,0.94,-0.0,0.94,-0.0,Sidewalk
124.5,117.7497,3.3055,0.03491,0.94,-0.06981,180.2516,3.8949,stand_4,356.3598,0.94,-0.06981,0.94,-0.06981,Sidewalk
125.0,118.2194,3.3219,0.03491,0.94,-0.0,179.7819,3.9437,stand_13,355.5362,0.94,-0.0,0.94,-0.0,Sidewalk
125.5,118.6894,3.3219,-0.0,0.94,-0.06981,179.3119,3.5064,stand_13,354.6731,0.94,-0.06981,0.94,-0.06981,Sidewalk
126.0,119.1594,3.3219,-0.0,0.94,-0.0,178.8419,3.0788,stand_13,353.9242,0.94,-0.0,0.94,-0.0,Sidewalk
126.5,119.6291,3.3383,0.03491,0.94,0.06981,178.3721,2.6574,stand_13,353.5972,0.94,0.06981,0.94,0.06981,Sidewalk
127.0,120.0189,3.3519,0.03491,0.78,-0.0,177.9823,2.3219,stand_13,353.5673,0.78,-0.0,0.78,-0.0,Sidewalk
127.5,120.368,3.3763,0.06981,0.7,0.06981,177.6331,2.0301,stand_13,353.5187,0.7,0.06981,0.7,0.06981,Sidewalk
128.0,120.8335,3.4417,0.13963,0.94,0.13963,177.1674,1.6512,stand_13,352.2763,0.94,0.13963,0.94,0.13963,Sidewalk
128.5,121.2895,3.5554,0.24435,0.94,0.20944,176.7111,1.2936,stand_13,351.8115,0.94,0.20944,0.94,0.20944,Sidewalk
129.0,121.7365,3.7007,0.31416,0.94,0.13963,176.2638,1.0013,stand_13,351.1783,0.94,0.13963,0.94,0.13963,Sidewalk
129.5,122.0471,3.8389,0.41888,0.68,0.20944,175.953,0.8555,stand_13,351.9136,0.68,0.20944,0.68,0.20944,Sidewalk
130.0,122.3208,3.9845,0.48869,0.62,0.13963,175.6792,0.8071,stand_13,351.4731,0.62,0.13963,0.62,0.13963,Sidewalk
130.5,122.7343,4.1861,0.45379,0.92,-0.06981,175.2658,0.8916,stand_10,350.7114,0.92,-0.06981,0.92,-0.06981,Sidewalk
131.0,123.133,4.3472,0.38397,0.86,-0.13963,174.8674,0.8084,stand_1,350.9657,0.86,-0.13963,0.86,-0.13963,Sidewalk
131.5,123.5088,4.484,0.34907,0.8,-0.06981,174.4918,0.5919,stand_1,349.9732,0.8,-0.06981,0.8,-0.06981,Sidewalk
132.0,123.9606,4.6136,0.27925,0.94,-0.13963,174.0405,0.6054,stand_1,347.8973,0.94,-0.13963,0.94,-0.13963,Sidewalk
132.5,124.4235,4.6952,0.17453,0.94,-0.20944,173.5779,0.877,stand_1,344.5283,0.94,-0.20944,0.94,-0.20944,Sidewalk
133.0,124.8909,4.7443,0.10472,0.94,-0.13963,173.1107,1.2547,stand_1,342.7082,0.94,-0.13963,0.94,-0.13963,Sidewalk
133.5,125.3598,4.7771,0.06981,0.94,-0.06981,172.642,1.6734,stand_1,341.3873,0.94,-0.06981,0.94,-0.06981,Sidewalk
134.0,125.8286,4.8099,0.06981,0.94,-0.0,172.1733,2.1138,stand_1,340.2868,0.94,-0.0,0.94,-0.0,Sidewalk
134.5,126.2983,4.8263,0.03491,0.94,-0.06981,171.7037,2.5603,stand_1,339.5627,0.94,-0.06981,0.94,-0.06981,Sidewalk
135.0,126.768,4.8427,0.03491,0.94,-0.0,171.234,3.014,stand_1,338.5986,0.94,-0.0,0.94,-0.0,Sidewalk
135.5,127.238,4.8427,-0.0,0.94,-0.06981,170.764,2.7547,stand_5,337.9996,0.94,-0.06981,0.94,-0.06981,Sidewalk
136.0,127.708,4.8427,-0.0,0.94,-0.0,170.294,2.374,stand_5,336.7989,0.94,-0.0,0.94,-0.0,Sidewalk
136.5,128.1778,4.8263,-0.03491,0.94,-0.06981,169.8242,2.0192,stand_5,336.0379,0.94,-0.06981,0.94,-0.06981,Sidewalk
137.0,128.6475,4.8099,-0.03491,0.94,-0.0,169.3545,1.7206,stand_5,334.9597,0.94,-0.0,0.94,-0.0,Sidewalk
137.5,129.1163,4.7771,-0.06981,0.94,-0.06981,168.8855,1.4963,stand_5,334.1246,0.94,-0.06981,0.94,-0.06981,Sidewalk
138.0,129.5852,4.7443,-0.06981,0.94,-0.0,168.4165,1.3998,stand_5,333.1023,0.94,-0.0,0.94,-0.0,Sidewalk
138.5,130.0549,4.7279,-0.03491,0.94,0.06981,167.9467,1.4722,stand_5,332.144,0.94,0.06981,0.94,0.06981,Sidewalk
139.0,130.5246,4.7115,-0.03491,0.94,-0.0,167.4769,1.6785,stand_5,331.0201,0.94,-0.0,0.94,-0.0,Sidewalk
139.5,130.9946,4.7115,-0.0,0.94,0.06981,167.0069,1.9885,stand_5,330.0119,0.94,0.06981,0.94,0.06981,Sidewalk
140.0,131.4646,4.7115,-0.0,0.94,-0.0,166.5369,2.3523,stand_5,328.9016,0.94,-0.0,0.94,-0.0,Sidewalk
140.5,131.9343,4.6951,-0.03491,0.94,-0.06981,166.0671,2.74,stand_5,327.9258,0.94,-0.06981,0.94,-0.06981,Sidewalk
141.0,132.404,4.6787,-0.03491,0.94,-0.0,165.5973,3.1503,stand_5,326.8791,0.94,-0.0,0.94,-0.0,Sidewalk
141.5,132.874,4.6787,-0.0,0.94,0.06981,165.1274,3.5816,stand_5,325.9629,0.94,0.06981,0.94,0.06981,Sidewalk
142.0,133.344,4.6787,-0.0,0.94,-0.0,164.6574,4.0216,stand_5,324.9245,0.94,-0.0,0.94,-0.0,Sidewalk
142.5,133.8138,4.6623,-0.03491,0.94,-0.06981,164.1876,4.4626,stand_5,323.9994,0.94,-0.06981,0.94,-0.06981,Sidewalk
143.0,134.2835,4.6459,-0.03491,0.94,-0.0,163.7178,4.909,stand_5,322.9875,0.94,-0.0,0.94,-0.0,Sidewalk
143.5,134.7535,4.6459,-0.0,0.94,0.06981,163.2478,5.3636,stand_5,322.0962,0.94,0.06981,0.94,0.06981,Sidewalk
144.0,135.2235,4.6459,-0.0,0.94,-0.0,162.7778,5.8207,stand_5,321.0778,0.94,-0.0,0.94,-0.0,Sidewalk
144.5,135.6932,4.6295,-0.03491,0.94,-0.06981,162.308,6.276,stand_5,320.1681,0.94,-0.06981,0.94,-0.06981,Sidewalk
145.0,136.1629,4.6131,-0.03491,0.94,-0.0,161.8383,6.7334,stand_5,319.1663,0.94,-0.0,0.94,-0.0,Sidewalk
145.5,136.6329,4.6131,-0.0,0.94,0.06981,161.3683,7.1955,stand_5,318.2824,0.94,0.06981,0.94,0.06981,Sidewalk
146.0,137.1029,4.6131,-0.0,0.94,-0.0,160.8983,7.6586,stand_5,317.2809,0.94,-0.0,0.94,-0.0,Sidewalk
146.5,137.5726,4.5967,-0.03491,0.94,-0.06981,160.4285,8.1197,stand_5,316.3945,0.94,-0.06981,0.94,-0.06981,Sidewalk
147.0,138.0423,4.5803,-0.03491,0.94,-0.0,159.9587,8.5683,stand_11,315.4154,0.94,-0.0,0.94,-0.0,Sidewalk
147.5,138.5123,4.5803,-0.0,0.94,0.06981,159.4887,8.0984,stand_11,314.5531,0.94,0.06981,0.94,0.06981,Sidewalk
148.0,138.9823,4.5803,-0.0,0.94,-0.0,159.0187,7.6284,stand_11,313.5684,0.94,-0.0,0.94,-0.0,Sidewalk
148.5,139.452,4.5639,-0.03491,0.94,-0.06981,158.549,7.159,stand_11,312.6918,0.94,-0.06981,0.94,-0.06981,Sidewalk
149.0,139.9218,4.5475,-0.03491,0.94,-0.0,158.0792,6.6897,stand_11,311.7258,0.94,-0.0,0.94,-0.0,Sidewalk
149.5,140.3918,4.5475,-0.0,0.94,0.06981,157.6092,6.2198,stand_11,310.8793,0.94,0.06981,0.94,0.06981,Sidewalk
150.0,140.8618,4.5475,-0.0,0.94,-0.0,157.1392,5.7499,stand_11,309.9203,0.94,-0.0,0.94,-0.0,Sidewalk
150.5,141.3315,4.5311,-0.03491,0.94,-0.06981,156.6694,5.2808,stand_11,309.0746,0.94,-0.06981,0.94,-0.06981,Sidewalk
151.0,141.8012,4.5147,-0.03491,0.94,-0.0,156.1997,4.8118,stand_11,308.1689,0.94,-0.0,0.94,-0.0,Sidewalk
151.5,142.27,4.4819,-0.06981,0.94,-0.06981,155.7307,4.3447,stand_11,307.3929,0.94,-0.06981,0.94,-0.06981,Sidewalk
152.0,142.7389,4.4491,-0.06981,0.94,-0.0,155.2618,3.8783,stand_11,306.6206,0.94,-0.0,0.94,-0.0,Sidewalk
152.5,143.2063,4.4,-0.10472,0.94,-0.06981,154.7942,3.4156,stand_11,305.9682,0.94,-0.06981,0.94,-0.06981,Sidewalk
153.0,143.6692,4.3184,-0.17453,0.94,-0.13963,154.3312,2.9636,stand_11,305.2163,0.94,-0.13963,0.94,-0.13963,Sidewalk
153.5,144.1289,4.2206,-0.20944,0.94,-0.06981,153.8713,2.5242,stand_11,304.8191,0.94,-0.06981,0.94,-0.06981,Sidewalk
154.0,144.5615,4.0966,-0.27925,0.9,-0.13963,153.4386,2.1314,stand_11,304.1723,0.9,-0.13963,0.9,-0.13963,Sidewalk
154.5,144.999,3.9545,-0.31416,0.92,-0.06981,153.0011,1.7689,stand_11,303.5627,0.92,-0.06981,0.92,-0.06981,Sidewalk
155.0,145.4269,3.8154,-0.31416,0.9,-0.0,152.5732,1.4683,stand_11,303.4481,0.9,-0.0,0.9,-0.0,Sidewalk
155.5,145.7182,3.7094,-0.34907,0.62,-0.06981,152.282,1.3218,stand_11,303.8224,0.62,-0.06981,0.62,-0.06981,Sidewalk
156.0,146.0283,3.5965,-0.34907,0.66,-0.0,151.9722,1.2342,stand_11,303.3603,0.66,-0.0,0.66,-0.0,Sidewalk
156.5,146.223,3.5178,-0.38397,0.42,-0.06981,151.7777,1.105,stand_12,303.9778,0.42,-0.06981,0.42,-0.06981,Sidewalk
157.0,146.427,3.4354,-0.38397,0.44,-0.0,151.574,0.974,stand_12,303.5684,0.44,-0.0,0.44,-0.0,Sidewalk
157.5,146.6056,3.3704,-0.34907,0.38,0.06981,151.3957,0.8835,stand_12,303.6655,0.38,0.06981,0.38,0.06981,Sidewalk
158.0,146.7653,3.3123,-0.34907,0.34,-0.0,151.2362,0.8315,stand_12,303.511,0.34,-0.0,0.34,-0.0,Sidewalk
158.5,146.889,3.2721,-0.31416,0.26,0.06981,151.1128,0.8092,stand_12,303.6945,0.26,0.06981,0.26,0.06981,Sidewalk
159.0,147.0031,3.235,-0.31416,0.24,-0.0,150.9989,0.8069,stand_12,303.6615,0.24,-0.0,0.24,-0.0,Sidewalk
159.5,147.0896,3.2102,-0.27925,0.18,0.06981,150.9125,0.8137,stand_12,303.7134,0.18,0.06981,0.18,0.06981,Sidewalk
160.0,147.1665,3.1882,-0.27925,0.16,-0.0,150.8357,0.8279,stand_12,303.6923,0.16,-0.0,0.16,-0.0,Sidewalk
160.5,147.2331,3.1666,-0.31416,0.14,-0.06981,150.7692,0.8488,stand_12,303.6272,0.14,-0.06981,0.14,-0.06981,Sidewalk
161.0,147.2806,3.1511,-0.31416,0.1,-0.0,150.7218,0.8668,stand_12,303.6341,0.1,-0.0,0.1,-0.0,Sidewalk
161.5,147.3182,3.1374,-0.34907,0.08,-0.06981,150.6843,0.8842,stand_12,303.5821,0.08,-0.06981,0.08,-0.06981,Sidewalk
162.0,147.3456,3.1252,-0.41888,0.06,-0.13963,150.6569,0.9001,stand_12,303.5408,0.06,-0.13963,0.06,-0.13963,Sidewalk
162.5,147.3636,3.1165,-0.45379,0.04,-0.06981,150.639,0.9116,stand_12,303.5439,0.04,-0.06981,0.04,-0.06981,Sidewalk
163.0,147.3809,3.1065,-0.5236,0.04,-0.13963,150.6217,0.9245,stand_12,303.5421,0.04,-0.13963,0.04,-0.13963,Sidewalk
163.5,147.3894,3.1012,-0.55851,0.02,-0.06981,150.6133,0.9313,stand_12,303.5397,0.02,-0.06981,0.02,-0.06981,Sidewalk
164.0,147.3979,3.0959,-0.55851,0.02,-0.0,150.6048,0.9382,stand_12,303.5408,0.02,-0.0,0.02,-0.0,Sidewalk
164.5,147.4062,3.0903,-0.59341,0.02,-0.06981,150.5966,0.939,stand_2,303.5486,0.02,-0.06981,0.02,-0.06981,Sidewalk
165.0,147.4062,3.0903,-0.59341,0.0,-0.0,150.5966,0.939,stand_2,303.5321,0.0,-0.0,0.0,-0.0,Sidewalk
165.5,147.4062,3.0903,-0.62832,0.0,-0.06981,150.5966,0.939,stand_2,303.5447,0.0,-0.06981,0.0,-0.06981,Sidewalk
166.0,147.4062,3.0903,-0.62832,0.0,-0.0,150.5966,0.939,stand_2,303.5321,0.0,-0.0,0.0,-0.0,Sidewalk
166.5,147.4062,3.0903,-0.66323,0.0,-0.06981,150.5966,0.939,stand_2,303.5447,0.0,-0.06981,0.0,-0.06981,Sidewalk
167.0,147.4062,3.0903,-0.66323,0.0,-0.0,150.5966,0.939,stand_2,303.5321,0.0,-0.0,0.0,-0.0,Sidewalk
167.5,147.4138,3.0838,-0.69813,0.02,-0.06981,150.589,0.9335,stand_2,303.5445,0.02,-0.06981,0.02,-0.06981,Sidewalk
168.0,147.4138,3.0838,-0.69813,0.0,-0.0,150.589,0.9335,stand_2,303.5358,0.0,-0.0,0.0,-0.0,Sidewalk
168.5,147.4213,3.0771,-0.73304,0.02,-0.06981,150.5816,0.9282,stand_2,303.545,0.02,-0.06981,0.02,-0.06981,Sidewalk
169.0,147.4213,3.0771,-0.73304,0.0,-0.0,150.5816,0.9282,stand_2,303.5391,0.0,-0.0,0.0,-0.0,Sidewalk
169.5,147.4284,3.0702,-0.76794,0.02,-0.06981,150.5744,0.9234,stand_2,303.5448,0.02,-0.06981,0.02,-0.06981,Sidewalk
170.0,147.4284,3.0702,-0.76794,0.0,-0.0,150.5744,0.9234,stand_2,303.5421,0.0,-0.0,0.0,-0.0,Sidewalk
170.5,147.4354,3.063,-0.80285,0.02,-0.06981,150.5675,0.9189,stand_2,303.5437,0.02,-0.06981,0.02,-0.06981,Sidewalk
171.0,147.4354,3.063,-0.80285,0.0,-0.0,150.5675,0.9189,stand_2,303.5447,0.0,-0.0,0.0,-0.0,Sidewalk
171.5,147.4354,3.063,-0.83776,0.0,-0.06981,150.5675,0.9189,stand_2,303.5573,0.0,-0.06981,0.0,-0.06981,Sidewalk
172.0,147.4354,3.063,-0.83776,0.0,-0.0,150.5675,0.9189,stand_2,303.5447,0.0,-0.0,0.0,-0.0,Sidewalk
172.5,147.4354,3.063,-0.87266,0.0,-0.06981,150.5675,0.9189,stand_2,303.5573,0.0,-0.06981,0.0,-0.06981,Sidewalk
173.0,147.4354,3.063,-0.87266,0.0,-0.0,150.5675,0.9189,stand_2,303.5447,0.0,-0.0,0.0,-0.0,Sidewalk
173.5,147.4354,3.063,-0.90757,0.0,-0.06981,150.5675,0.9189,stand_2,303.5573,0.0,-0.06981,0.0,-0.06981,Sidewalk
174.0,147.4354,3.063,-0.90757,0.0,-0.0,150.5675,0.9189,stand_2,303.5447,0.0,-0.0,0.0,-0.0,Sidewalk
174.5,147.4354,3.063,-0.94248,0.0,-0.06981,150.5675,0.9189,stand_2,303.5573,0.0,-0.06981,0.0,-0.06981,Sidewalk
175.0,147.4354,3.063,-0.94248,0.0,-0.0,150.5675,0.9189,stand_2,303.5447,0.0,-0.0,0.0,-0.0,Sidewalk
175.5,147.4354,3.063,-0.97738,0.0,-0.06981,150.5675,0.9189,stand_2,303.5573,0.0,-0.06981,0.0,-0.06981,Sidewalk
176.0,147.4354,3.063,-0.97738,0.0,-0.0,150.5675,0.9189,stand_2,303.5447,0.0,-0.0,0.0,-0.0,Sidewalk
176.5,147.4354,3.063,-1.01229,0.0,-0.06981,150.5675,0.9189,stand_2,303.5573,0.0,-0.06981,0.0,-0.06981,Sidewalk
177.0,147.4354,3.063,-1.01229,0.0,-0.0,150.5675,0.9189,stand_2,303.5447,0.0,-0.0,0.0,-0.0,Sidewalk
177.5,147.4354,3.063,-1.0472,0.0,-0.06981,150.5675,0.9189,stand_2,303.5573,0.0,-0.06981,0.0,-0.06981,Sidewalk
178.0,147.4354,3.063,-1.0472,0.0,-0.0,150.5675,0.9189,stand_2,303.5447,0.0,-0.0,0.0,-0.0,Sidewalk
178.5,147.4354,3.063,-1.0821,0.0,-0.06981,150.5675,0.9189,stand_2,303.5573,0.0,-0.06981,0.0,-0.06981,Sidewalk
179.0,147.4354,3.063,-1.0821,0.0,-0.0,150.5675,0.9189,stand_2,303.5447,0.0,-0.0,0.0,-0.0,Sidewalk
179.5,147.4354,3.063,-1.11701,0.0,-0.06981,150.5675,0.9189,stand_2,303.5573,0.0,-0.06981,0.0,-0.06981,Sidewalk
180.0,147.4354,3.063,-1.11701,0.0,-0.0,150.5675,0.9189,stand_2,303.5447,0.0,-0.0,0.0,-0.0,Sidewalk
180.5,147.4354,3.063,-1.15192,0.0,-0.06981,150.5675,0.9189,stand_2,303.5573,0.0,-0.06981,0.0,-0.06981,Sidewalk
181.0,147.4354,3.063,-1.15192,0.0,-0.0,150.5675,0.9189,stand_2,303.5447,0.0,-0.0,0.0,-0.0,Sidewalk
181.5,147.4354,3.063,-1.18682,0.0,-0.06981,150.5675,0.9189,stand_2,303.5573,0.0,-0.06981,0.0,-0.06981,Sidewalk
182.0,147.4354,3.063,-1.18682,0.0,-0.0,150.5675,0.9189,stand_2,303.5447,0.0,-0.0,0.0,-0.0,Sidewalk
182.5,147.4354,3.063,-1.22173,0.0,-0.06981,150.5675,0.9189,stand_2,303.5573,0.0,-0.06981,0.0,-0.06981,Sidewalk
183.0,147.4354,3.063,-1.22173,0.0,-0.0,150.5675,0.9189,stand_2,303.5447,0.0,-0.0,0.0,-0.0,Sidewalk
183.5,147.4354,3.063,-1.25664,0.0,-0.06981,150.5675,0.9189,stand_2,303.5573,0.0,-0.06981,0.0,-0.06981,Sidewalk
184.0,147.4354,3.063,-1.25664,0.0,-0.0,150.5675,0.9189,stand_2,303.5447,0.0,-0.0,0.0,-0.0,Sidewalk
184.5,147.4354,3.063,-1.29154,0.0,-0.06981,150.5675,0.9189,stand_2,303.5573,0.0,-0.06981,0.0,-0.06981,Sidewalk
185.0,147.4354,3.063,-1.29154,0.0,-0.0,150.5675,0.9189,stand_2,303.5447,0.0,-0.0,0.0,-0.0,Sidewalk
185.5,147.4354,3.063,-1.32645,0.0,-0.06981,150.5675,0.9189,stand_2,303.5573,0.0,-0.06981,0.0,-0.06981,Sidewalk
186.0,147.4354,3.063,-1.32645,0.0,-0.0,150.5675,0.9189,stand_2,303.5447,0.0,-0.0,0.0,-0.0,Sidewalk
186.5,147.4354,3.063,-1.36136,0.0,-0.06981,150.5675,0.9189,stand_2,303.5573,0.0,-0.06981,0.0,-0.06981,Sidewalk
187.0,147.4354,3.063,-1.36136,0.0,-0.0,150.5675,0.9189,stand_2,303.5447,0.0,-0.0,0.0,-0.0,Sidewalk
187.5,147.4354,3.063,-1.39626,0.0,-0.06981,150.5675,0.9189,stand_2,303.5573,0.0,-0.06981,0.0,-0.06981,Sidewalk
188.0,147.4354,3.063,-1.39626,0.0,-0.0,150.5675,0.9189,stand_2,303.5447,0.0,-0.0,0.0,-0.0,Sidewalk
188.5,147.4354,3.063,-1.43117,0.0,-0.06981,150.5675,0.9189,stand_2,303.5573,0.0,-0.06981,0.0,-0.06981,Sidewalk
189.0,147.4354,3.063,-1.43117,0.0,-0.0,150.5675,0.9189,stand_2,303.5447,0.0,-0.0,0.0,-0.0,Sidewalk
189.5,147.4354,3.063,-1.46608,0.0,-0.06981,150.5675,0.9189,stand_2,303.5573,0.0,-0.06981,0.0,-0.06981,Sidewalk
190.0,147.4354,3.063,-1.46608,0.0,-0.0,150.5675,0.9189,stand_2,303.5447,0.0,-0.0,0.0,-0.0,Sidewalk
190.5,147.4354,3.063,-1.50098,0.0,-0.06981,150.5675,0.9189,stand_2,303.5573,0.0,-0.06981,0.0,-0.06981,Sidewalk
191.0,147.4354,3.063,-1.50098,0.0,-0.0,150.5675,0.9189,stand_2,303.5447,0.0,-0.0,0.0,-0.0,Sidewalk
191.5,147.4354,3.063,-1.53589,0.0,-0.06981,150.5675,0.9189,stand_2,303.5573,0.0,-0.06981,0.0,-0.06981,Sidewalk
192.0,147.4354,3.063,-1.53589,0.0,-0.0,150.5675,0.9189,stand_2,303.5447,0.0,-0.0,0.0,-0.0,Sidewalk
192.5,147.4354,3.063,-1.5708,0.0,-0.06981,150.5675,0.9189,stand_2,303.5573,0.0,-0.06981,0.0,-0.06981,Sidewalk
193.0,147.4354,3.063,-1.5708,0.0,-0.0,150.5675,0.9189,stand_2,303.5447,0.0,-0.0,0.0,-0.0,Sidewalk
193.5,147.4354,3.063,-1.6057,0.0,-0.06981,150.5675,0.9189,stand_2,303.5573,0.0,-0.06981,0.0,-0.06981,Sidewalk
194.0,147.4354,3.063,-1.6057,0.0,-0.0,150.5675,0.9189,stand_2,303.5447,0.0,-0.0,0.0,-0.0,Sidewalk
194.5,147.4354,3.063,-1.64061,0.0,-0.06981,150.5675,0.9189,stand_2,303.5573,0.0,-0.06981,0.0,-0.06981,Sidewalk
195.0,147.4354,3.063,-1.64061,0.0,-0.0,150.5675,0.9189,stand_2,303.5447,0.0,-0.0,0.0,-0.0,Sidewalk
195.5,147.4354,3.063,-1.67552,0.0,-0.06981,150.5675,0.9189,stand_2,303.5573,0.0,-0.06981,0.0,-0.06981,Sidewalk
196.0,147.4354,3.063,-1.67552,0.0,-0.0,150.5675,0.9189,stand_2,303.5447,0.0,-0.0,0.0,-0.0,Sidewalk
196.5,147.4354,3.063,-1.71042,0.0,-0.06981,150.5675,0.9189,stand_2,303.5573,0.0,-0.06981,0.0,-0.06981,Sidewalk
197.0,147.4354,3.063,-1.71042,0.0,-0.0,150.5675,0.9189,stand_2,303.5447,0.0,-0.0,0.0,-0.0,Sidewalk
197.5,147.4354,3.063,-1.74533,0.0,-0.06981,150.5675,0.9189,stand_2,303.5573,0.0,-0.06981,0.0,-0.06981,Sidewalk
198.0,147.4354,3.063,-1.74533,0.0,-0.0,150.5675,0.9189,stand_2,303.5447,0.0,-0.0,0.0,-0.0,Sidewalk
198.5,147.4354,3.063,-1.78024,0.0,-0.06981,150.5675,0.9189,stand_2,303.5573,0.0,-0.06981,0.0,-0.06981,Sidewalk
199.0,147.4354,3.063,-1.78024,0.0,-0.0,150.5675,0.9189,stand_2,303.5447,0.0,-0.0,0.0,-0.0,Sidewalk
199.5,147.4354,3.063,-1.81514,0.0,-0.06981,150.5675,0.9189,stand_2,303.5573,0.0,-0.06981,0.0,-0.06981,Sidewalk
200.0,147.4354,3.063,-1.81514,0.0,-0.0,150.5675,0.9189,stand_2,303.5447,0.0,-0.0,0.0,-0.0,Sidewalk
200.5,147.4354,3.063,-1.85005,0.0,-0.06981,150.5675,0.9189,stand_2,303.5573,0.0,-0.06981,0.0,-0.06981,Sidewalk
201.0,147.4354,3.063,-1.85005,0.0,-0.0,150.5675,0.9189,stand_2,303.5447,0.0,-0.0,0.0,-0.0,Sidewalk
201.5,147.4354,3.063,-1.88496,0.0,-0.06981,150.5675,0.9189,stand_2,303.5573,0.0,-0.06981,0.0,-0.06981,Sidewalk
202.0,147.4354,3.063,-1.88496,0.0,-0.0,150.5675,0.9189,stand_2,303.5447,0.0,-0.0,0.0,-0.0,Sidewalk
202.5,147.4354,3.063,-1.91986,0.0,-0.06981,150.5675,0.9189,stand_2,303.5573,0.0,-0.06981,0.0,-0.06981,Sidewalk
203.0,147.4354,3.063,-1.91986,0.0,-0.0,150.5675,0.9189,stand_2,303.5447,0.0,-0.0,0.0,-0.0,Sidewalk
203.5,147.4354,3.063,-1.95477,0.0,-0.06981,150.5675,0.9189,stand_2,303.5573,0.0,-0.06981,0.0,-0.06981,Sidewalk
204.0,147.4354,3.063,-1.95477,0.0,-0.0,150.5675,0.9189,stand_2,303.5447,0.0,-0.0,0.0,-0.0,Sidewalk
204.5,147.4354,3.063,-1.98968,0.0,-0.06981,150.5675,0.9189,stand_2,303.5573,0.0,-0.06981,0.0,-0.06981,Sidewalk
205.0,147.4354,3.063,-1.98968,0.0,-0.0,150.5675,0.9189,stand_2,303.5447,0.0,-0.0,0.0,-0.0,Sidewalk
205.5,147.4354,3.063,-2.02458,0.0,-0.06981,150.5675,0.9189,stand_2,303.5573,0.0,-0.06981,0.0,-0.06981,Sidewalk
206.0,147.4354,3.063,-2.02458,0.0,-0.0,150.5675,0.9189,stand_2,303.5447,0.0,-0.0,0.0,-0.0,Sidewalk
206.5,147.4354,3.063,-2.05949,0.0,-0.06981,150.5675,0.9189,stand_2,303.5573,0.0,-0.06981,0.0,-0.06981,Sidewalk
207.0,147.4354,3.063,-2.05949,0.0,-0.0,150.5675,0.9189,stand_2,303.5447,0.0,-0.0,0.0,-0.0,Sidewalk
207.5,147.4354,3.063,-2.0944,0.0,-0.06981,150.5675,0.9189,stand_2,303.5573,0.0,-0.06981,0.0,-0.06981,Sidewalk
208.0,147.4354,3.063,-2.0944,0.0,-0.0,150.5675,0.9189,stand_2,303.5447,0.0,-0.0,0.0,-0.0,Sidewalk
208.5,147.4354,3.063,-2.1293,0.0,-0.06981,150.5675,0.9189,stand_2,303.5573,0.0,-0.06981,0.0,-0.06981,Sidewalk
209.0,147.4354,3.063,-2.1293,0.0,-0.0,150.5675,0.9189,stand_2,303.5447,0.0,-0.0,0.0,-0.0,Sidewalk
209.5,147.4354,3.063,-2.16421,0.0,-0.06981,150.5675,0.9189,stand_2,303.5573,0.0,-0.06981,0.0,-0.06981,Sidewalk
210.0,147.4354,3.063,-2.16421,0.0,-0.0,150.5675,0.9189,stand_2,303.5447,0.0,-0.0,0.0,-0.0,Sidewalk
210.5,147.4354,3.063,-2.19911,0.0,-0.06981,150.5675,0.9189,stand_2,303.5573,0.0,-0.06981,0.0,-0.06981,Sidewalk
211.0,147.4354,3.063,-2.19911,0.0,-0.0,150.5675,0.9189,stand_2,303.5447,0.0,-0.0,0.0,-0.0,Sidewalk
211.5,147.4354,3.063,-2.23402,0.0,-0.06981,150.5675,0.9189,stand_2,303.5573,0.0,-0.06981,0.0,-0.06981,Sidewalk
212.0,147.4354,3.063,-2.23402,0.0,-0.0,150.5675,0.9189,stand_2,303.5447,0.0,-0.0,0.0,-0.0,Sidewalk
212.5,147.4354,3.063,-2.26893,0.0,-0.06981,150.5675,0.9189,stand_2,303.5573,0.0,-0.06981,0.0,-0.06981,Sidewalk
213.0,147.4354,3.063,-2.26893,0.0,-0.0,150.5675,0.9189,stand_2,303.5447,0.0,-0.0,0.0,-0.0,Sidewalk
213.5,147.4354,3.063,-2.30383,0.0,-0.06981,150.5675,0.9189,stand_2,303.5573,0.0,-0.06981,0.0,-0.06981,Sidewalk
214.0,147.4354,3.063,-2.30383,0.0,-0.0,150.5675,0.9189,stand_2,303.5447,0.0,-0.0,0.0,-0.0,Sidewalk
214.5,147.4354,3.063,-2.33874,0.0,-0.06981,150.5675,0.9189,stand_2,303.5573,0.0,-0.06981,0.0,-0.06981,Sidewalk
215.0,147.4354,3.063,-2.33874,0.0,-0.0,150.5675,0.9189,stand_2,303.5447,0.0,-0.0,0.0,-0.0,Sidewalk
215.5,147.4354,3.063,-2.37365,0.0,-0.06981,150.5675,0.9189,stand_2,303.5573,0.0,-0.06981,0.0,-0.06981,Sidewalk
216.0,147.4354,3.063,-2.37365,0.0,-0.0,150.5675,0.9189,stand_2,303.5447,0.0,-0.0,0.0,-0.0,Sidewalk
216.5,147.4354,3.063,-2.40855,0.0,-0.06981,150.5675,0.9189,stand_2,303.5573,0.0,-0.06981,0.0,-0.06981,Sidewalk
217.0,147.4354,3.063,-2.40855,0.0,-0.0,150.5675,0.9189,stand_2,303.5447,0.0,-0.0,0.0,-0.0,Sidewalk
217.5,147.4354,3.063,-2.44346,0.0,-0.06981,150.5675,0.9189,stand_2,303.5573,0.0,-0.06981,0.0,-0.06981,Sidewalk
218.0,147.4354,3.063,-2.44346,0.0,-0.0,150.5675,0.9189,stand_2,303.5447,0.0,-0.0,0.0,-0.0,Sidewalk
218.5,147.4354,3.063,-2.47837,0.0,-0.06981,150.5675,0.9189,stand_2,303.5573,0.0,-0.06981,0.0,-0.06981,Sidewalk
219.0,147.4354,3.063,-2.47837,0.0,-0.0,150.5675,0.9189,stand_2,303.5447,0.0,-0.0,0.0,-0.0,Sidewalk
219.5,147.4354,3.063,-2.51327,0.0,-0.06981,150.5675,0.9189,stand_2,303.5573,0.0,-0.06981,0.0,-0.06981,Sidewalk
220.0,147.4354,3.063,-2.51327,0.0,-0.0,150.5675,0.9189,stand_2,303.5447,0.0,-0.0,0.0,-0.0,Sidewalk
220.5,147.4354,3.063,-2.54818,0.0,-0.06981,150.5675,0.9189,stand_2,303.5573,0.0,-0.06981,0.0,-0.06981,Sidewalk
221.0,147.4354,3.063,-2.54818,0.0,-0.0,150.5675,0.9189,stand_2,303.5447,0.0,-0.0,0.0,-0.0,Sidewalk
221.5,147.4354,3.063,-2.58309,0.0,-0.06981,150.5675,0.9189,stand_2,303.5573,0.0,-0.06981,0.0,-0.06981,Sidewalk
222.0,147.4354,3.063,-2.58309,0.0,-0.0,150.5675,0.9189,stand_2,303.5447,0.0,-0.0,0.0,-0.0,Sidewalk
222.5,147.4354,3.063,-2.61799,0.0,-0.06981,150.5675,0.9189,stand_2,303.5573,0.0,-0.06981,0.0,-0.06981,Sidewalk
223.0,147.4354,3.063,-2.61799,0.0,-0.0,150.5675,0.9189,stand_2,303.5447,0.0,-0.0,0.0,-0.0,Sidewalk
223.5,147.4354,3.063,-2.6529,0.0,-0.06981,150.5675,0.9189,stand_2,303.5573,0.0,-0.06981,0.0,-0.06981,Sidewalk
224.0,147.4354,3.063,-2.6529,0.0,-0.0,150.5675,0.9189,stand_2,303.5447,0.0,-0.0,0.0,-0.0,Sidewalk
224.5,147.4354,3.063,-2.68781,0.0,-0.06981,150.5675,0.9189,stand_2,303.5573,0.0,-0.06981,0.0,-0.06981,Sidewalk
225.0,147.4354,3.063,-2.68781,0.0,-0.0,150.5675,0.9189,stand_2,303.5447,0.0,-0.0,0.0,-0.0,Sidewalk
225.5,147.4354,3.063,-2.72271,0.0,-0.06981,150.5675,0.9189,stand_2,303.5573,0.0,-0.06981,0.0,-0.06981,Sidewalk
226.0,147.4354,3.063,-2.72271,0.0,-0.0,150.5675,0.9189,stand_2,303.5447,0.0,-0.0,0.0,-0.0,Sidewalk
226.5,147.4354,3.063,-2.75762,0.0,-0.06981,150.5675,0.9189,stand_2,303.5573,0.0,-0.06981,0.0,-0.06981,Sidewalk
227.0,147.4354,3.063,-2.75762,0.0,-0.0,150.5675,0.9189,stand_2,303.5447,0.0,-0.0,0.0,-0.0,Sidewalk
227.5,147.4354,3.063,-2.79253,0.0,-0.06981,150.5675,0.9189,stand_2,303.5573,0.0,-0.06981,0.0,-0.06981,Sidewalk
228.0,147.4354,3.063,-2.79253,0.0,-0.0,150.5675,0.9189,stand_2,303.5447,0.0,-0.0,0.0,-0.0,Sidewalk
228.5,147.4354,3.063,-2.82743,0.0,-0.06981,150.5675,0.9189,stand_2,303.5573,0.0,-0.06981,0.0,-0.06981,Sidewalk
229.0,147.4354,3.063,-2.82743,0.0,-0.0,150.5675,0.9189,stand_2,303.5447,0.0,-0.0,0.0,-0.0,Sidewalk
229.5,147.4354,3.063,-2.86234,0.0,-0.06981,150.5675,0.9189,stand_2,303.5573,0.0,-0.06981,0.0,-0.06981,Sidewalk
230.0,147.4354,3.063,-2.86234,0.0,-0.0,150.5675,0.9189,stand_2,303.5447,0.0,-0.0,0.0,-0.0,Sidewalk
230.5,147.4354,3.063,-2.89725,0.0,-0.06981,150.5675,0.9189,stand_2,303.5573,0.0,-0.06981,0.0,-0.06981,Sidewalk
231.0,147.4354,3.063,-2.89725,0.0,-0.0,150.5675,0.9189,stand_2,303.5447,0.0,-0.0,0.0,-0.0,Sidewalk
231.5,147.4354,3.063,-2.93215,0.0,-0.06981,150.5675,0.9189,stand_2,303.5573,0.0,-0.06981,0.0,-0.06981,Sidewalk
232.0,147.4354,3.063,-2.93215,0.0,-0.0,150.5675,0.9189,stand_2,303.5447,0.0,-0.0,0.0,-0.0,Sidewalk
232.5,147.4354,3.063,-2.96706,0.0,-0.06981,150.5675,0.9189,stand_2,303.5573,0.0,-0.06981,0.0,-0.06981,Sidewalk
233.0,147.4354,3.063,-2.96706,0.0,-0.0,150.5675,0.9189,stand_2,303.5447,0.0,-0.0,0.0,-0.0,Sidewalk
233.5,147.4354,3.063,-3.00197,0.0,-0.06981,150.5675,0.9189,stand_2,303.5573,0.0,-0.06981,0.0,-0.06981,Sidewalk
234.0,147.4354,3.063,-3.00197,0.0,-0.0,150.5675,0.9189,stand_2,303.5447,0.0,-0.0,0.0,-0.0,Sidewalk
234.5,147.4354,3.063,-3.03687,0.0,-0.06981,150.5675,0.9189,stand_2,303.5573,0.0,-0.06981,0.0,-0.06981,Sidewalk
235.0,147.4354,3.063,-3.03687,0.0,-0.0,150.5675,0.9189,stand_2,303.5447,0.0,-0.0,0.0,-0.0,Sidewalk
235.5,147.4354,3.063,-3.07178,0.0,-0.06981,150.5675,0.9189,stand_2,303.5573,0.0,-0.06981,0.0,-0.06981,Sidewalk
236.0,147.4354,3.063,-3.07178,0.0,-0.0,150.5675,0.9189,stand_2,303.5447,0.0,-0.0,0.0,-0.0,Sidewalk
236.5,147.4354,3.063,-3.10669,0.0,-0.06981,150.5675,0.9189,stand_2,303.5573,0.0,-0.06981,0.0,-0.06981,Sidewalk
237.0,147.4354,3.063,-3.10669,0.0,-0.0,150.5675,0.9189,stand_2,303.5447,0.0,-0.0,0.0,-0.0,Sidewalk
237.5,147.4354,3.063,3.14159,0.0,-0.06981,150.5675,0.9189,stand_2,303.5573,0.0,-0.06981,0.0,-0.06981,Sidewalk
238.0,147.4354,3.063,3.14159,0.0,-0.0,150.5675,0.9189,stand_2,303.5447,0.0,-0.0,0.0,-0.0,Sidewalk
238.5,147.4354,3.063,3.10669,0.0,-0.06981,150.5675,0.9189,stand_2,303.5573,0.0,-0.06981,0.0,-0.06981,Sidewalk
239.0,147.4354,3.063,3.10669,0.0,-0.0,150.5675,0.9189,stand_2,303.5447,0.0,-0.0,0.0,-0.0,Sidewalk
239.5,147.4354,3.063,3.07178,0.0,-0.06981,150.5675,0.9189,stand_2,303.5573,0.0,-0.06981,0.0,-0.06981,Sidewalk
240.0,147.4354,3.063,3.07178,0.0,-0.0,150.5675,0.9189,stand_2,303.5447,0.0,-0.0,0.0,-0.0,Sidewalk
240.5,147.4354,3.063,3.03687,0.0,-0.06981,150.5675,0.9189,stand_2,303.5573,0.0,-0.06981,0.0,-0.06981,Sidewalk
241.0,147.4354,3.063,3.03687,0.0,-0.0,150.5675,0.9189,stand_2,303.5447,0.0,-0.0,0.0,-0.0,Sidewalk
241.5,147.4354,3.063,3.00197,0.0,-0.06981,150.5675,0.9189,stand_2,303.5573,0.0,-0.06981,0.0,-0.06981,Sidewalk
242.0,147.4354,3.063,3.00197,0.0,-0.0,150.5675,0.9189,stand_2,303.5447,0.0,-0.0,0.0,-0.0,Sidewalk
242.5,147.4354,3.063,2.96706,0.0,-0.06981,150.5675,0.9189,stand_2,303.5573,0.0,-0.06981,0.0,-0.06981,Sidewalk
243.0,147.4354,3.063,2.96706,0.0,-0.0,150.5675,0.9189,stand_2,303.5447,0.0,-0.0,0.0,-0.0,Sidewalk
243.5,147.4354,3.063,2.93215,0.0,-0.06981,150.5675,0.9189,stand_2,303.5573,0.0,-0.06981,0.0,-0.06981,Sidewalk
244.0,147.4354,3.063,2.93215,0.0,-0.0,150.5675,0.9189,stand_2,303.5447,0.0,-0.0,0.0,-0.0,Sidewalk
244.5,147.4354,3.063,2.89725,0.0,-0.06981,150.5675,0.9189,stand_2,303.5573,0.0,-0.06981,0.0,-0.06981,Sidewalk
245.0,147.4354,3.063,2.89725,0.0,-0.0,150.5675,0.9189,stand_2,303.5447,0.0,-0.0,0.0,-0.0,Sidewalk
245.5,147.4354,3.063,2.86234,0.0,-0.06981,150.5675,0.9189,stand_2,303.5573,0.0,-0.06981,0.0,-0.06981,Sidewalk
246.0,147.4354,3.063,2.86234,0.0,-0.0,150.5675,0.9189,stand_2,303.5447,0.0,-0.0,0.0,-0.0,Sidewalk
246.5,147.4354,3.063,2.82743,0.0,-0.06981,150.5675,0.9189,stand_2,303.5573,0.0,-0.06981,0.0,-0.06981,Sidewalk
247.0,147.4354,3.063,2.82743,0.0,-0.0,150.5675,0.9189,stand_2,303.5447,0.0,-0.0,0.0,-0.0,Sidewalk
247.5,147.4354,3.063,2.79253,0.0,-0.06981,150.5675,0.9189,stand_2,303.5573,0.0,-0.06981,0.0,-0.06981,Sidewalk
248.0,147.4354,3.063,2.79253,0.0,-0.0,150.5675,0.9189,stand_2,303.5447,0.0,-0.0,0.0,-0.0,Sidewalk
248.5,147.4354,3.063,2.75762,0.0,-0.06981,150.5675,0.9189,stand_2,303.5573,0.0,-0.06981,0.0,-0.06981,Sidewalk
249.0,147.4354,3.063,2.75762,0.0,-0.0,150.5675,0.9189,stand_2,303.5447,0.0,-0.0,0.0,-0.0,Sidewalk
249.5,147.4354,3.063,2.72271,0.0,-0.06981,150.5675,0.9189,stand_2,303.5573,0.0,-0.06981,0.0,-0.06981,Sidewalk
250.0,147.4354,3.063,2.72271,0.0,-0.0,150.5675,0.9189,stand_2,303.5447,0.0,-0.0,0.0,-0.0,Sidewalk
250.5,147.4354,3.063,2.68781,0.0,-0.06981,150.5675,0.9189,stand_2,303.5573,0.0,-0.06981,0.0,-0.06981,Sidewalk
251.0,147.4354,3.063,2.68781,0.0,-0.0,150.5675,0.9189,stand_2,303.5447,0.0,-0.0,0.0,-0.0,Sidewalk
251.5,147.4354,3.063,2.6529,0.0,-0.06981,150.5675,0.9189,stand_2,303.5573,0.0,-0.06981,0.0,-0.06981,Sidewalk
252.0,147.4354,3.063,2.6529,0.0,-0.0,150.5675,0.9189,stand_2,303.5447,0.0,-0.0,0.0,-0.0,Sidewalk
252.5,147.4354,3.063,2.61799,0.0,-0.06981,150.5675,0.9189,stand_2,303.5573,0.0,-0.06981,0.0,-0.06981,Sidewalk
253.0,147.4354,3.063,2.61799,0.0,-0.0,150.5675,0.9189,stand_2,303.5447,0.0,-0.0,0.0,-0.0,Sidewalk
253.5,147.4354,3.063,2.58309,0.0,-0.06981,150.5675,0.9189,stand_2,303.5573,0.0,-0.06981,0.0,-0.06981,Sidewalk
254.0,147.4354,3.063,2.58309,0.0,-0.0,150.5675,0.9189,stand_2,303.5447,0.0,-0.0,0.0,-0.0,Sidewalk
254.5,147.4354,3.063,2.54818,0.0,-0.06981,150.5675,0.9189,stand_2,303.5573,0.0,-0.06981,0.0,-0.06981,Sidewalk
255.0,147.4354,3.063,2.54818,0.0,-0.0,150.5675,0.9189,stand_2,303.5447,0.0,-0.0,0.0,-0.0,Sidewalk
255.5,147.4354,3.063,2.51327,0.0,-0.06981,150.5675,0.9189,stand_2,303.5573,0.0,-0.06981,0.0,-0.06981,Sidewalk
256.0,147.4354,3.063,2.51327,0.0,-0.0,150.5675,0.9189,stand_2,303.5447,0.0,-0.0,0.0,-0.0,Sidewalk
256.5,147.4354,3.063,2.47837,0.0,-0.06981,150.5675,0.9189,stand_2,303.5573,0.0,-0.06981,0.0,-0.06981,Sidewalk
257.0,147.4354,3.063,2.47837,0.0,-0.0,150.5675,0.9189,stand_2,303.5447,0.0,-0.0,0.0,-0.0,Sidewalk
257.5,147.4354,3.063,2.44346,0.0,-0.06981,150.5675,0.9189,stand_2,303.5573,0.0,-0.06981,0.0,-0.06981,Sidewalk
258.0,147.4354,3.063,2.44346,0.0,-0.0,150.5675,0.9189,stand_2,303.5447,0.0,-0.0,0.0,-0.0,Sidewalk
258.5,147.4354,3.063,2.40855,0.0,-0.06981,150.5675,0.9189,stand_2,303.5573,0.0,-0.06981,0.0,-0.06981,Sidewalk
259.0,147.4354,3.063,2.40855,0.0,-0.0,150.5675,0.9189,stand_2,303.5447,0.0,-0.0,0.0,-0.0,Sidewalk
259.5,147.4354,3.063,2.37365,0.0,-0.06981,150.5675,0.9189,stand_2,303.5573,0.0,-0.06981,0.0,-0.06981,Sidewalk
260.0,147.4354,3.063,2.37365,0.0,-0.0,150.5675,0.9189,stand_2,303.5447,0.0,-0.0,0.0,-0.0,Sidewalk
260.5,147.4354,3.063,2.33874,0.0,-0.06981,150.5675,0.9189,stand_2,303.5573,0.0,-0.06981,0.0,-0.06981,Sidewalk
261.0,147.4354,3.063,2.33874,0.0,-0.0,150.5675,0.9189,stand_2,303.5447,0.0,-0.0,0.0,-0.0,Sidewalk
261.5,147.4354,3.063,2.30383,0.0,-0.06981,150.5675,0.9189,stand_2,303.5573,0.0,-0.06981,0.0,-0.06981,Sidewalk
262.0,147.4354,3.063,2.30383,0.0,-0.0,150.5675,0.9189,stand_2,303.5447,0.0,-0.0,0.0,-0.0,Sidewalk
262.5,147.4354,3.063,2.26893,0.0,-0.06981,150.5675,0.9189,stand_2,303.5573,0.0,-0.06981,0.0,-0.06981,Sidewalk
263.0,147.4354,3.063,2.26893,0.0,-0.0,150.5675,0.9189,stand_2,303.5447,0.0,-0.0,0.0,-0.0,Sidewalk
263.5,147.4354,3.063,2.23402,0.0,-0.06981,150.5675,0.9189,stand_2,303.5573,0.0,-0.06981,0.0,-0.06981,Sidewalk
264.0,147.4354,3.063,2.23402,0.0,-0.0,150.5675,0.9189,stand_2,303.5447,0.0,-0.0,0.0,-0.0,Sidewalk
264.5,147.4354,3.063,2.19911,0.0,-0.06981,150.5675,0.9189,stand_2,303.5573,0.0,-0.06981,0.0,-0.06981,Sidewalk
265.0,147.4354,3.063,2.19911,0.0,-0.0,150.5675,0.9189,stand_2,303.5447,0.0,-0.0,0.0,-0.0,Sidewalk
265.5,147.4354,3.063,2.16421,0.0,-0.06981,150.5675,0.9189,stand_2,303.5573,0.0,-0.06981,0.0,-0.06981,Sidewalk
266.0,147.4354,3.063,2.16421,0.0,-0.0,150.5675,0.9189,stand_2,303.5447,0.0,-0.0,0.0,-0.0,Sidewalk
266.5,147.4354,3.063,2.1293,0.0,-0.06981,150.5675,0.9189,stand_2,303.5573,0.0,-0.06981,0.0,-0.06981,Sidewalk
267.0,147.4354,3.063,2.1293,0.0,-0.0,150.5675,0.9189,stand_2,303.5447,0.0,-0.0,0.0,-0.0,Sidewalk
267.5,147.4354,3.063,2.0944,0.0,-0.06981,150.5675,0.9189,stand_2,303.5573,0.0,-0.06981,0.0,-0.06981,Sidewalk
268.0,147.4354,3.063,2.0944,0.0,-0.0,150.5675,0.9189,stand_2,303.5447,0.0,-0.0,0.0,-0.0,Sidewalk
268.5,147.4354,3.063,2.05949,0.0,-0.06981,150.5675,0.9189,stand_2,303.5573,0.0,-0.06981,0.0,-0.06981,Sidewalk
269.0,147.4354,3.063,2.05949,0.0,-0.0,150.5675,0.9189,stand_2,303.5447,0.0,-0.0,0.0,-0.0,Sidewalk
269.5,147.4354,3.063,2.02458,0.0,-0.06981,150.5675,0.9189,stand_2,303.5573,0.0,-0.06981,0.0,-0.06981,Sidewalk
270.0,147.4354,3.063,2.02458,0.0,-0.0,150.5675,0.9189,stand_2,303.5447,0.0,-0.0,0.0,-0.0,Sidewalk
270.5,147.4354,3.063,1.98968,0.0,-0.06981,150.5675,0.9189,stand_2,303.5573,0.0,-0.06981,0.0,-0.06981,Sidewalk
271.0,147.4354,3.063,1.98968,0.0,-0.0,150.5675,0.9189,stand_2,303.5447,0.0,-0.0,0.0,-0.0,Sidewalk
271.5,147.4354,3.063,1.95477,0.0,-0.06981,150.5675,0.9189,stand_2,303.5573,0.0,-0.06981,0.0,-0.06981,Sidewalk
272.0,147.4354,3.063,1.95477,0.0,-0.0,150.5675,0.9189,stand_2,303.5447,0.0,-0.0,0.0,-0.0,Sidewalk
272.5,147.4354,3.063,1.91986,0.0,-0.06981,150.5675,0.9189,stand_2,303.5573,0.0,-0.06981,0.0,-0.06981,Sidewalk
273.0,147.4354,3.063,1.91986,0.0,-0.0,150.5675,0.9189,stand_2,303.5447,0.0,-0.0,0.0,-0.0,Sidewalk
273.5,147.4354,3.063,1.88496,0.0,-0.06981,150.5675,0.9189,stand_2,303.5573,0.0,-0.06981,0.0,-0.06981,Sidewalk
274.0,147.4354,3.063,1.88496,0.0,-0.0,150.5675,0.9189,stand_2,303.5447,0.0,-0.0,0.0,-0.0,Sidewalk
274.5,147.4354,3.063,1.85005,0.0,-0.06981,150.5675,0.9189,stand_2,303.5573,0.0,-0.06981,0.0,-0.06981,Sidewalk
275.0,147.4354,3.063,1.85005,0.0,-0.0,150.5675,0.9189,stand_2,303.5447,0.0,-0.0,0.0,-0.0,Sidewalk
275.5,147.4354,3.063,1.81514,0.0,-0.06981,150.5675,0.9189,stand_2,303.5573,0.0,-0.06981,0.0,-0.06981,Sidewalk
276.0,147.4354,3.063,1.81514,0.0,-0.0,150.5675,0.9189,stand_2,303.5447,0.0,-0.0,0.0,-0.0,Sidewalk
276.5,147.4354,3.063,1.78024,0.0,-0.06981,150.5675,0.9189,stand_2,303.5573,0.0,-0.06981,0.0,-0.06981,Sidewalk
277.0,147.4354,3.063,1.78024,0.0,-0.0,150.5675,0.9189,stand_2,303.5447,0.0,-0.0,0.0,-0.0,Sidewalk
277.5,147.4354,3.063,1.74533,0.0,-0.06981,150.5675,0.9189,stand_2,303.5573,0.0,-0.06981,0.0,-0.06981,Sidewalk
278.0,147.4354,3.063,1.74533,0.0,-0.0,150.5675,0.9189,stand_2,303.5447,0.0,-0.0,0.0,-0.0,Sidewalk
278.5,147.4354,3.063,1.71042,0.0,-0.06981,150.5675,0.9189,stand_2,303.5573,0.0,-0.06981,0.0,-0.06981,Sidewalk
279.0,147.4354,3.063,1.71042,0.0,-0.0,150.5675,0.9189,stand_2,303.5447,0.0,-0.0,0.0,-0.0,Sidewalk
279.5,147.4354,3.063,1.67552,0.0,-0.06981,150.5675,0.9189,stand_2,303.5573,0.0,-0.06981,0.0,-0.06981,Sidewalk
280.0,147.4354,3.063,1.67552,0.0,-0.0,150.5675,0.9189,stand_2,303.5447,0.0,-0.0,0.0,-0.0,Sidewalk
280.5,147.4354,3.063,1.64061,0.0,-0.06981,150.5675,0.9189,stand_2,303.5573,0.0,-0.06981,0.0,-0.06981,Sidewalk
281.0,147.4354,3.063,1.64061,0.0,-0.0,150.5675,0.9189,stand_2,303.5447,0.0,-0.0,0.0,-0.0,Sidewalk
281.5,147.4354,3.063,1.6057,0.0,-0.06981,150.5675,0.9189,stand_2,303.5573,0.0,-0.06981,0.0,-0.06981,Sidewalk
282.0,147.4354,3.063,1.6057,0.0,-0.0,150.5675,0.9189,stand_2,303.5447,0.0,-0.0,0.0,-0.0,Sidewalk
282.5,147.4354,3.063,1.5708,0.0,-0.06981,150.5675,0.9189,stand_2,303.5573,0.0,-0.06981,0.0,-0.06981,Sidewalk
283.0,147.4354,3.063,1.5708,0.0,-0.0,150.5675,0.9189,stand_2,303.5447,0.0,-0.0,0.0,-0.0,Sidewalk
283.5,147.4354,3.063,1.53589,0.0,-0.06981,150.5675,0.9189,stand_2,303.5573,0.0,-0.06981,0.0,-0.06981,Sidewalk
284.0,147.4354,3.063,1.53589,0.0,-0.0,150.5675,0.9189,stand_2,303.5447,0.0,-0.0,0.0,-0.0,Sidewalk
284.5,147.4354,3.063,1.50098,0.0,-0.06981,150.5675,0.9189,stand_2,303.5573,0.0,-0.06981,0.0,-0.06981,Sidewalk
285.0,147.4354,3.063,1.50098,0.0,-0.0,150.5675,0.9189,stand_2,303.5447,0.0,-0.0,0.0,-0.0,Sidewalk
285.5,147.4354,3.063,1.46608,0.0,-0.06981,150.5675,0.9189,stand_2,303.5573,0.0,-0.06981,0.0,-0.06981,Sidewalk
286.0,147.4354,3.063,1.46608,0.0,-0.0,150.5675,0.9189,stand_2,303.5447,0.0,-0.0,0.0,-0.0,Sidewalk
286.5,147.4354,3.063,1.43117,0.0,-0.06981,150.5675,0.9189,stand_2,303.5573,0.0,-0.06981,0.0,-0.06981,Sidewalk
287.0,147.4354,3.063,1.43117,0.0,-0.0,150.5675,0.9189,stand_2,303.5447,0.0,-0.0,0.0,-0.0,Sidewalk
287.5,147.4354,3.063,1.39626,0.0,-0.06981,150.5675,0.9189,stand_2,303.5573,0.0,-0.06981,0.0,-0.06981,Sidewalk
288.0,147.4354,3.063,1.39626,0.0,-0.0,150.5675,0.9189,stand_2,303.5447,0.0,-0.0,0.0,-0.0,Sidewalk
288.5,147.4354,3.063,1.36136,0.0,-0.06981,150.5675,0.9189,stand_2,303.5573,0.0,-0.06981,0.0,-0.06981,Sidewalk
289.0,147.4354,3.063,1.36136,0.0,-0.0,150.5675,0.9189,stand_2,303.5447,0.0,-0.0,0.0,-0.0,Sidewalk
289.5,147.4354,3.063,1.32645,0.0,-0.06981,150.5675,0.9189,stand_2,303.5573,0.0,-0.06981,0.0,-0.06981,Sidewalk
290.0,147.4354,3.063,1.32645,0.0,-0.0,150.5675,0.9189,stand_2,303.5447,0.0,-0.0,0.0,-0.0,Sidewalk
290.5,147.4354,3.063,1.29154,0.0,-0.06981,150.5675,0.9189,stand_2,303.5573,0.0,-0.06981,0.0,-0.06981,Sidewalk
291.0,147.4354,3.063,1.29154,0.0,-0.0,150.5675,0.9189,stand_2,303.5447,0.0,-0.0,0.0,-0.0,Sidewalk
291.5,147.4354,3.063,1.25664,0.0,-0.06981,150.5675,0.9189,stand_2,303.5573,0.0,-0.06981,0.0,-0.06981,Sidewalk
292.0,147.4354,3.063,1.25664,0.0,-0.0,150.5675,0.9189,stand_2,303.5447,0.0,-0.0,0.0,-0.0,Sidewalk
292.5,147.4354,3.063,1.22173,0.0,-0.06981,150.5675,0.9189,stand_2,303.5573,0.0,-0.06981,0.0,-0.06981,Sidewalk
293.0,147.4354,3.063,1.22173,0.0,-0.0,150.5675,0.9189,stand_2,303.5447,0.0,-0.0,0.0,-0.0,Sidewalk
293.5,147.4354,3.063,1.18682,0.0,-0.06981,150.5675,0.9189,stand_2,303.5573,0.0,-0.06981,0.0,-0.06981,Sidewalk
294.0,147.4354,3.063,1.18682,0.0,-0.0,150.5675,0.9189,stand_2,303.5447,0.0,-0.0,0.0,-0.0,Sidewalk
294.5,147.4354,3.063,1.15192,0.0,-0.06981,150.5675,0.9189,stand_2,303.5573,0.0,-0.06981,0.0,-0.06981,Sidewalk
295.0,147.4354,3.063,1.15192,0.0,-0.0,150.5675,0.9189,stand_2,303.5447,0.0,-0.0,0.0,-0.0,Sidewalk
295.5,147.4354,3.063,1.11701,0.0,-0.06981,150.5675,0.9189,stand_2,303.5573,0.0,-0.06981,0.0,-0.06981,Sidewalk
296.0,147.4354,3.063,1.11701,0.0,-0.0,150.5675,0.9189,stand_2,303.5447,0.0,-0.0,0.0,-0.0,Sidewalk
296.5,147.4354,3.063,1.0821,0.0,-0.06981,150.5675,0.9189,stand_2,303.5573,0.0,-0.06981,0.0,-0.06981,Sidewalk
297.0,147.4354,3.063,1.0821,0.0,-0.0,150.5675,0.9189,stand_2,303.5447,0.0,-0.0,0.0,-0.0,Sidewalk
297.5,147.4354,3.063,1.0472,0.0,-0.06981,150.5675,0.9189,stand_2,303.5573,0.0,-0.06981,0.0,-0.06981,Sidewalk
298.0,147.4354,3.063,1.0472,0.0,-0.0,150.5675,0.9189,stand_2,303.5447,0.0,-0.0,0.0,-0.0,Sidewalk
298.5,147.4354,3.063,1.01229,0.0,-0.06981,150.5675,0.9189,stand_2,303.5573,0.0,-0.06981,0.0,-0.06981,Sidewalk
299.0,147.4354,3.063,1.01229,0.0,-0.0,150.5675,0.9189,stand_2,303.5447,0.0,-0.0,0.0,-0.0,Sidewalk
299.5,147.4354,3.063,0.97738,0.0,-0.06981,150.5675,0.9189,stand_2,303.5573,0.0,-0.06981,0.0,-0.06981,Sidewalk
300.0,147.4354,3.063,0.97738,0.0,-0.0,150.5675,0.9189,stand_2,303.5447,0.0,-0.0,0.0,-0.0,Sidewalk
300.5,147.4354,3.063,0.94248,0.0,-0.06981,150.5675,0.9189,stand_2,303.5573,0.0,-0.06981,0.0,-0.06981,Sidewalk
301.0,147.4354,3.063,0.94248,0.0,-0.0,150.5675,0.9189,stand_2,303.5447,0.0,-0.0,0.0,-0.0,Sidewalk
301.5,147.4354,3.063,0.90757,0.0,-0.06981,150.5675,0.9189,stand_2,303.5573,0.0,-0.06981,0.0,-0.06981,Sidewalk
302.0,147.4354,3.063,0.90757,0.0,-0.0,150.5675,0.9189,stand_2,303.5447,0.0,-0.0,0.0,-0.0,Sidewalk
302.5,147.4354,3.063,0.87266,0.0,-0.06981,150.5675,0.9189,stand_2,303.5573,0.0,-0.06981,0.0,-0.06981,Sidewalk
303.0,147.4354,3.063,0.87266,0.0,-0.0,150.5675,0.9189,stand_2,303.5447,0.0,-0.0,0.0,-0.0,Sidewalk
303.5,147.4354,3.063,0.83776,0.0,-0.06981,150.5675,0.9189,stand_2,303.5573,0.0,-0.06981,0.0,-0.06981,Sidewalk
304.0,147.4354,3.063,0.83776,0.0,-0.0,150.5675,0.9189,stand_2,303.5447,0.0,-0.0,0.0,-0.0,Sidewalk
304.5,147.4354,3.063,0.80285,0.0,-0.06981,150.5675,0.9189,stand_2,303.5573,0.0,-0.06981,0.0,-0.06981,Sidewalk
305.0,147.4354,3.063,0.80285,0.0,-0.0,150.5675,0.9189,stand_2,303.5447,0.0,-0.0,0.0,-0.0,Sidewalk
305.5,147.4354,3.063,0.76794,0.0,-0.06981,150.5675,0.9189,stand_2,303.5573,0.0,-0.06981,0.0,-0.06981,Sidewalk
306.0,147.4354,3.063,0.76794,0.0,-0.0,150.5675,0.9189,stand_2,303.5447,0.0,-0.0,0.0,-0.0,Sidewalk
306.5,147.4354,3.063,0.73304,0.0,-0.06981,150.5675,0.9189,stand_2,303.5573,0.0,-0.06981,0.0,-0.06981,Sidewalk
307.0,147.4354,3.063,0.73304,0.0,-0.0,150.5675,0.9189,stand_2,303.5447,0.0,-0.0,0.0,-0.0,Sidewalk
307.5,147.4354,3.063,0.69813,0.0,-0.06981,150.5675,0.9189,stand_2,303.5573,0.0,-0.06981,0.0,-0.06981,Sidewalk
308.0,147.4354,3.063,0.69813,0.0,-0.0,150.5675,0.9189,stand_2,303.5448,0.0,-0.0,0.0,-0.0,Sidewalk
308.5,147.4354,3.063,0.66323,0.0,-0.06981,150.5675,0.9189,stand_2,303.5573,0.0,-0.06981,0.0,-0.06981,Sidewalk
309.0,147.4354,3.063,0.66323,0.0,-0.0,150.5675,0.9189,stand_2,303.5448,0.0,-0.0,0.0,-0.0,Sidewalk
309.5,147.4354,3.063,0.62832,0.0,-0.06981,150.5675,0.9189,stand_2,303.5573,0.0,-0.06981,0.0,-0.06981,Sidewalk
310.0,147.4354,3.063,0.62832,0.0,-0.0,150.5675,0.9189,stand_2,303.5448,0.0,-0.0,0.0,-0.0,Sidewalk
310.5,147.4354,3.063,0.59341,0.0,-0.06981,150.5675,0.9189,stand_2,303.5573,0.0,-0.06981,0.0,-0.06981,Sidewalk
311.0,147.4354,3.063,0.59341,0.0,-0.0,150.5675,0.9189,stand_2,303.5448,0.0,-0.0,0.0,-0.0,Sidewalk
311.5,147.4354,3.063,0.55851,0.0,-0.06981,150.5675,0.9189,stand_2,303.5574,0.0,-0.06981,0.0,-0.06981,Sidewalk
312.0,147.4354,3.063,0.55851,0.0,-0.0,150.5675,0.9189,stand_2,303.5448,0.0,-0.0,0.0,-0.0,Sidewalk
312.5,147.4354,3.063,0.5236,0.0,-0.06981,150.5675,0.9189,stand_2,303.5574,0.0,-0.06981,0.0,-0.06981,Sidewalk
313.0,147.4354,3.063,0.5236,0.0,-0.0,150.5675,0.9189,stand_2,303.5448,0.0,-0.0,0.0,-0.0,Sidewalk
313.5,147.4354,3.063,0.48869,0.0,-0.06981,150.5675,0.9189,stand_2,303.5574,0.0,-0.06981,0.0,-0.06981,Sidewalk
314.0,147.4354,3.063,0.48869,0.0,-0.0,150.5675,0.9189,stand_2,303.5448,0.0,-0.0,0.0,-0.0,Sidewalk
314.5,147.4354,3.063,0.45379,0.0,-0.06981,150.5675,0.9189,stand_2,303.5574,0.0,-0.06981,0.0,-0.06981,Sidewalk
315.0,147.4354,3.063,0.45379,0.0,-0.0,150.5675,0.9189,stand_2,303.5448,0.0,-0.0,0.0,-0.0,Sidewalk
315.5,147.4354,3.063,0.41888,0.0,-0.06981,150.5675,0.9189,stand_2,303.5574,0.0,-0.06981,0.0,-0.06981,Sidewalk
316.0,147.4354,3.063,0.41888,0.0,-0.0,150.5675,0.9189,stand_2,303.5448,0.0,-0.0,0.0,-0.0,Sidewalk
316.5,147.4354,3.063,0.38397,0.0,-0.06981,150.5675,0.9189,stand_2,303.5574,0.0,-0.06981,0.0,-0.06981,Sidewalk
317.0,147.4354,3.063,0.38397,0.0,-0.0,150.5675,0.9189,stand_2,303.5448,0.0,-0.0,0.0,-0.0,Sidewalk
317.5,147.4354,3.063,0.34907,0.0,-0.06981,150.5675,0.9189,stand_2,303.5574,0.0,-0.06981,0.0,-0.06981,Sidewalk
318.0,147.4354,3.063,0.34907,0.0,-0.0,150.5675,0.9189,stand_2,303.5448,0.0,-0.0,0.0,-0.0,Sidewalk
318.5,147.4354,3.063,0.31416,0.0,-0.06981,150.5675,0.9189,stand_2,303.5574,0.0,-0.06981,0.0,-0.06981,Sidewalk
319.0,147.4354,3.063,0.31416,0.0,-0.0,150.5675,0.9189,stand_2,303.5449,0.0,-0.0,0.0,-0.0,Sidewalk
319.5,147.4354,3.063,0.27925,0.0,-0.06981,150.5675,0.9189,stand_2,303.5574,0.0,-0.06981,0.0,-0.06981,Sidewalk
320.0,147.4354,3.063,0.27925,0.0,-0.0,150.5675,0.9189,stand_2,303.5449,0.0,-0.0,0.0,-0.0,Sidewalk
320.5,147.4354,3.063,0.24435,0.0,-0.06981,150.5675,0.9189,stand_2,303.5574,0.0,-0.06981,0.0,-0.06981,Sidewalk
321.0,147.4354,3.063,0.24435,0.0,-0.0,150.5675,0.9189,stand_2,303.5449,0.0,-0.0,0.0,-0.0,Sidewalk
321.5,147.4354,3.063,0.20944,0.0,-0.06981,150.5675,0.9189,stand_2,303.5574,0.0,-0.06981,0.0,-0.06981,Sidewalk
322.0,147.4354,3.063,0.20944,0.0,-0.0,150.5675,0.9189,stand_2,303.5449,0.0,-0.0,0.0,-0.0,Sidewalk
322.5,147.4354,3.063,0.17453,0.0,-0.06981,150.5675,0.9189,stand_2,303.5575,0.0,-0.06981,0.0,-0.06981,Sidewalk
323.0,147.4354,3.063,0.17453,0.0,-0.0,150.5675,0.9189,stand_2,303.5449,0.0,-0.0,0.0,-0.0,Sidewalk
323.5,147.4354,3.063,0.13963,0.0,-0.06981,150.5675,0.9189,stand_2,303.5575,0.0,-0.06981,0.0,-0.06981,Sidewalk
324.0,147.4354,3.063,0.13963,0.0,-0.0,150.5675,0.9189,stand_2,303.5449,0.0,-0.0,0.0,-0.0,Sidewalk
324.5,147.4354,3.063,0.10472,0.0,-0.06981,150.5675,0.9189,stand_2,303.5575,0.0,-0.06981,0.0,-0.06981,Sidewalk
325.0,147.4354,3.063,0.10472,0.0,-0.0,150.5675,0.9189,stand_2,303.5449,0.0,-0.0,0.0,-0.0,Sidewalk
325.5,147.4354,3.063,0.06981,0.0,-0.06981,150.5675,0.9189,stand_2,303.5575,0.0,-0.06981,0.0,-0.06981,Sidewalk
326.0,147.4354,3.063,0.06981,0.0,-0.0,150.5675,0.9189,stand_2,303.5449,0.0,-0.0,0.0,-0.0,Sidewalk
326.5,147.4354,3.063,0.03491,0.0,-0.06981,150.5675,0.9189,stand_2,303.5575,0.0,-0.06981,0.0,-0.06981,Sidewalk
327.0,147.4354,3.063,0.03491,0.0,-0.0,150.5675,0.9189,stand_2,303.5449,0.0,-0.0,0.0,-0.0,Sidewalk
327.5,147.4354,3.063,-0.0,0.0,-0.06981,150.5675,0.9189,stand_2,303.5575,0.0,-0.06981,0.0,-0.06981,Sidewalk
328.0,147.4354,3.063,-0.0,0.0,-0.0,150.5675,0.9189,stand_2,303.5449,0.0,-0.0,0.0,-0.0,Sidewalk
328.5,147.4354,3.063,-0.03491,0.0,-0.06981,150.5675,0.9189,stand_2,303.5575,0.0,-0.06981,0.0,-0.06981,Sidewalk
329.0,147.4354,3.063,-0.03491,0.0,-0.0,150.5675,0.9189,stand_2,303.545,0.0,-0.0,0.0,-0.0,Sidewalk
329.5,147.4354,3.063,-0.06981,0.0,-0.06981,150.5675,0.9189,stand_2,303.5575,0.0,-0.06981,0.0,-0.06981,Sidewalk
330.0,147.4354,3.063,-0.06981,0.0,-0.0,150.5675,0.9189,stand_2,303.545,0.0,-0.0,0.0,-0.0,Sidewalk
330.5,147.4354,3.063,-0.10472,0.0,-0.06981,150.5675,0.9189,stand_2,303.5575,0.0,-0.06981,0.0,-0.06981,Sidewalk
331.0,147.4354,3.063,-0.10472,0.0,-0.0,150.5675,0.9189,stand_2,303.545,0.0,-0.0,0.0,-0.0,Sidewalk
331.5,147.4354,3.063,-0.13963,0.0,-0.06981,150.5675,0.9189,stand_2,303.5576,0.0,-0.06981,0.0,-0.06981,Sidewalk
332.0,147.4354,3.063,-0.13963,0.0,-0.0,150.5675,0.9189,stand_2,303.545,0.0,-0.0,0.0,-0.0,Sidewalk
332.5,147.4354,3.063,-0.17453,0.0,-0.06981,150.5675,0.9189,stand_2,303.5576,0.0,-0.06981,0.0,-0.06981,Sidewalk
333.0,147.4354,3.063,-0.17453,0.0,-0.0,150.5675,0.9189,stand_2,303.545,0.0,-0.0,0.0,-0.0,Sidewalk
333.5,147.4354,3.063,-0.20944,0.0,-0.06981,150.5675,0.9189,stand_2,303.5576,0.0,-0.06981,0.0,-0.06981,Sidewalk
334.0,147.4354,3.063,-0.20944,0.0,-0.0,150.5675,0.9189,stand_2,303.545,0.0,-0.0,0.0,-0.0,Sidewalk
334.5,147.4354,3.063,-0.24435,0.0,-0.06981,150.5675,0.9188,stand_2,303.5576,0.0,-0.06981,0.0,-0.06981,Sidewalk
335.0,147.4354,3.063,-0.24435,0.0,-0.0,150.5675,0.9188,stand_2,303.545,0.0,-0.0,0.0,-0.0,Sidewalk
335.5,147.4354,3.063,-0.27925,0.0,-0.06981,150.5675,0.9188,stand_2,303.5576,0.0,-0.06981,0.0,-0.06981,Sidewalk
336.0,147.4354,3.063,-0.27925,0.0,-0.0,150.5675,0.9188,stand_2,303.545,0.0,-0.0,0.0,-0.0,Sidewalk
336.5,147.4354,3.063,-0.31416,0.0,-0.06981,150.5675,0.9188,stand_2,303.5576,0.0,-0.06981,0.0,-0.06981,Sidewalk
337.0,147.4354,3.063,-0.31416,0.0,-0.0,150.5675,0.9188,stand_2,303.545,0.0,-0.0,0.0,-0.0,Sidewalk
337.5,147.4354,3.063,-0.34907,0.0,-0.06981,150.5675,0.9188,stand_2,303.5576,0.0,-0.06981,0.0,-0.06981,Sidewalk
338.0,147.4354,3.063,-0.34907,0.0,-0.0,150.5675,0.9188,stand_2,303.545,0.0,-0.0,0.0,-0.0,Sidewalk
338.5,147.4354,3.063,-0.38397,0.0,-0.06981,150.5675,0.9188,stand_2,303.5576,0.0,-0.06981,0.0,-0.06981,Sidewalk
339.0,147.4354,3.063,-0.38397,0.0,-0.0,150.5675,0.9188,stand_2,303.5451,0.0,-0.0,0.0,-0.0,Sidewalk
339.5,147.4354,3.063,-0.41888,0.0,-0.06981,150.5675,0.9188,stand_2,303.5576,0.0,-0.06981,0.0,-0.06981,Sidewalk
340.0,147.4354,3.063,-0.41888,0.0,-0.0,150.5675,0.9188,stand_2,303.5451,0.0,-0.0,0.0,-0.0,Sidewalk
340.5,147.4354,3.063,-0.45379,0.0,-0.06981,150.5675,0.9188,stand_2,303.5576,0.0,-0.06981,0.0,-0.06981,Sidewalk
341.0,147.4354,3.063,-0.45379,0.0,-0.0,150.5675,0.9188,stand_2,303.5451,0.0,-0.0,0.0,-0.0,Sidewalk
341.5,147.4354,3.063,-0.48869,0.0,-0.06981,150.5675,0.9188,stand_2,303.5576,0.0,-0.06981,0.0,-0.06981,Sidewalk
342.0,147.4354,3.063,-0.48869,0.0,-0.0,150.5675,0.9188,stand_2,303.5451,0.0,-0.0,0.0,-0.0,Sidewalk
342.5,147.4354,3.063,-0.5236,0.0,-0.06981,150.5675,0.9188,stand_2,303.5577,0.0,-0.06981,0.0,-0.06981,Sidewalk
343.0,147.4354,3.063,-0.5236,0.0,-0.0,150.5675,0.9188,stand_2,303.5451,0.0,-0.0,0.0,-0.0,Sidewalk
343.5,147.4354,3.063,-0.55851,0.0,-0.06981,150.5675,0.9188,stand_2,303.5577,0.0,-0.06981,0.0,-0.06981,Sidewalk
344.0,147.4354,3.063,-0.55851,0.0,-0.0,150.5675,0.9188,stand_2,303.5451,0.0,-0.0,0.0,-0.0,Sidewalk
344.5,147.4354,3.063,-0.59341,0.0,-0.06981,150.5675,0.9188,stand_2,303.5577,0.0,-0.06981,0.0,-0.06981,Sidewalk
345.0,147.4354,3.063,-0.59341,0.0,-0.0,150.5675,0.9188,stand_2,303.5451,0.0,-0.0,0.0,-0.0,Sidewalk
345.5,147.4354,3.063,-0.62832,0.0,-0.06981,150.5675,0.9188,stand_2,303.5577,0.0,-0.06981,0.0,-0.06981,Sidewalk
346.0,147.4354,3.063,-0.62832,0.0,-0.0,150.5675,0.9188,stand_2,303.5451,0.0,-0.0,0.0,-0.0,Sidewalk
346.5,147.4354,3.063,-0.66323,0.0,-0.06981,150.5675,0.9188,stand_2,303.5577,0.0,-0.06981,0.0,-0.06981,Sidewalk
347.0,147.4354,3.063,-0.66323,0.0,-0.0,150.5675,0.9188,stand_2,303.5451,0.0,-0.0,0.0,-0.0,Sidewalk
347.5,147.4431,3.0566,-0.69813,0.02,-0.06981,150.5599,0.9135,stand_2,303.5575,0.02,-0.06981,0.02,-0.06981,Sidewalk
348.0,147.4431,3.0566,-0.69813,0.0,-0.0,150.5599,0.9135,stand_2,303.5492,0.0,-0.0,0.0,-0.0,Sidewalk
348.5,147.4431,3.0566,-0.73304,0.0,-0.06981,150.5599,0.9135,stand_2,303.5618,0.0,-0.06981,0.0,-0.06981,Sidewalk
349.0,147.4431,3.0566,-0.73304,0.0,-0.0,150.5599,0.9135,stand_2,303.5492,0.0,-0.0,0.0,-0.0,Sidewalk
349.5,147.4431,3.0566,-0.76794,0.0,-0.06981,150.5599,0.9135,stand_2,303.5618,0.0,-0.06981,0.0,-0.06981,Sidewalk
350.0,147.4431,3.0566,-0.76794,0.0,-0.0,150.5599,0.9135,stand_2,303.5492,0.0,-0.0,0.0,-0.0,Sidewalk
350.5,147.4431,3.0566,-0.80285,0.0,-0.06981,150.5599,0.9135,stand_2,303.5618,0.0,-0.06981,0.0,-0.06981,Sidewalk
351.0,147.4431,3.0566,-0.80285,0.0,-0.0,150.5599,0.9135,stand_2,303.5492,0.0,-0.0,0.0,-0.0,Sidewalk
351.5,147.4431,3.0566,-0.83776,0.0,-0.06981,150.5599,0.9135,stand_2,303.5618,0.0,-0.06981,0.0,-0.06981,Sidewalk
352.0,147.4431,3.0566,-0.83776,0.0,-0.0,150.5599,0.9135,stand_2,303.5492,0.0,-0.0,0.0,-0.0,Sidewalk
352.5,147.4431,3.0566,-0.87266,0.0,-0.06981,150.5599,0.9135,stand_2,303.5618,0.0,-0.06981,0.0,-0.06981,Sidewalk
353.0,147.4431,3.0566,-0.87266,0.0,-0.0,150.5599,0.9135,stand_2,303.5492,0.0,-0.0,0.0,-0.0,Sidewalk
353.5,147.4431,3.0566,-0.90757,0.0,-0.06981,150.5599,0.9135,stand_2,303.5618,0.0,-0.06981,0.0,-0.06981,Sidewalk
354.0,147.4431,3.0566,-0.90757,0.0,-0.0,150.5599,0.9135,stand_2,303.5492,0.0,-0.0,0.0,-0.0,Sidewalk
354.5,147.4431,3.0566,-0.94248,0.0,-0.06981,150.5599,0.9135,stand_2,303.5618,0.0,-0.06981,0.0,-0.06981,Sidewalk
355.0,147.4431,3.0566,-0.94248,0.0,-0.0,150.5599,0.9135,stand_2,303.5492,0.0,-0.0,0.0,-0.0,Sidewalk
355.5,147.4431,3.0566,-0.97738,0.0,-0.06981,150.5599,0.9135,stand_2,303.5618,0.0,-0.06981,0.0,-0.06981,Sidewalk
356.0,147.4431,3.0566,-0.97738,0.0,-0.0,150.5599,0.9135,stand_2,303.5492,0.0,-0.0,0.0,-0.0,Sidewalk
356.5,147.4431,3.0566,-1.01229,0.0,-0.06981,150.5599,0.9135,stand_2,303.5618,0.0,-0.06981,0.0,-0.06981,Sidewalk
357.0,147.4431,3.0566,-1.01229,0.0,-0.0,150.5599,0.9135,stand_2,303.5493,0.0,-0.0,0.0,-0.0,Sidewalk
357.5,147.4431,3.0566,-1.0472,0.0,-0.06981,150.5599,0.9135,stand_2,303.5618,0.0,-0.06981,0.0,-0.06981,Sidewalk
358.0,147.4431,3.0566,-1.0472,0.0,-0.0,150.5599,0.9135,stand_2,303.5493,0.0,-0.0,0.0,-0.0,Sidewalk
358.5,147.4431,3.0566,-1.0821,0.0,-0.06981,150.5599,0.9135,stand_2,303.5618,0.0,-0.06981,0.0,-0.06981,Sidewalk
359.0,147.4431,3.0566,-1.0821,0.0,-0.0,150.5599,0.9135,stand_2,303.5493,0.0,-0.0,0.0,-0.0,Sidewalk
359.5,147.4431,3.0566,-1.11701,0.0,-0.06981,150.5599,0.9135,stand_2,303.5618,0.0,-0.06981,0.0,-0.06981,Sidewalk
360.0,147.4431,3.0566,-1.11701,0.0,-0.0,150.5599,0.9135,stand_2,303.5493,0.0,-0.0,0.0,-0.0,Sidewalk
360.5,147.4431,3.0566,-1.15192,0.0,-0.06981,150.5599,0.9135,stand_2,303.5619,0.0,-0.06981,0.0,-0.06981,Sidewalk
361.0,147.4431,3.0566,-1.15192,0.0,-0.0,150.5599,0.9135,stand_2,303.5493,0.0,-0.0,0.0,-0.0,Sidewalk
361.5,147.4431,3.0566,-1.18682,0.0,-0.06981,150.5599,0.9135,stand_2,303.5619,0.0,-0.06981,0.0,-0.06981,Sidewalk
362.0,147.4431,3.0566,-1.18682,0.0,-0.0,150.5599,0.9135,stand_2,303.5493,0.0,-0.0,0.0,-0.0,Sidewalk
362.5,147.4431,3.0566,-1.22173,0.0,-0.06981,150.5599,0.9135,stand_2,303.5619,0.0,-0.06981,0.0,-0.06981,Sidewalk
363.0,147.4431,3.0566,-1.22173,0.0,-0.0,150.5599,0.9135,stand_2,303.5493,0.0,-0.0,0.0,-0.0,Sidewalk
363.5,147.4431,3.0566,-1.25664,0.0,-0.06981,150.5599,0.9135,stand_2,303.5619,0.0,-0.06981,0.0,-0.06981,Sidewalk
364.0,147.4431,3.0566,-1.25664,0.0,-0.0,150.5599,0.9135,stand_2,303.5493,0.0,-0.0,0.0,-0.0,Sidewalk
364.5,147.4431,3.0566,-1.29154,0.0,-0.06981,150.5599,0.9135,stand_2,303.5619,0.0,-0.06981,0.0,-0.06981,Sidewalk
365.0,147.4431,3.0566,-1.29154,0.0,-0.0,150.5599,0.9135,stand_2,303.5493,0.0,-0.0,0.0,-0.0,Sidewalk
365.5,147.4431,3.0566,-1.32645,0.0,-0.06981,150.5599,0.9135,stand_2,303.5619,0.0,-0.06981,0.0,-0.06981,Sidewalk
366.0,147.4431,3.0566,-1.32645,0.0,-0.0,150.5599,0.9135,stand_2,303.5493,0.0,-0.0,0.0,-0.0,Sidewalk
366.5,147.4431,3.0566,-1.36136,0.0,-0.06981,150.5599,0.9135,stand_2,303.5619,0.0,-0.06981,0.0,-0.06981,Sidewalk
367.0,147.4431,3.0566,-1.36136,0.0,-0.0,150.5599,0.9135,stand_2,303.5493,0.0,-0.0,0.0,-0.0,Sidewalk
367.5,147.4431,3.0566,-1.39626,0.0,-0.06981,150.5599,0.9135,stand_2,303.5619,0.0,-0.06981,0.0,-0.06981,Sidewalk
368.0,147.4431,3.0566,-1.39626,0.0,-0.0,150.5599,0.9135,stand_2,303.5493,0.0,-0.0,0.0,-0.0,Sidewalk
368.5,147.4431,3.0566,-1.43117,0.0,-0.06981,150.5599,0.9135,stand_2,303.5619,0.0,-0.06981,0.0,-0.06981,Sidewalk
369.0,147.4431,3.0566,-1.43117,0.0,-0.0,150.5599,0.9135,stand_2,303.5494,0.0,-0.0,0.0,-0.0,Sidewalk
369.5,147.4431,3.0566,-1.46608,0.0,-0.06981,150.5599,0.9135,stand_2,303.5619,0.0,-0.06981,0.0,-0.06981,Sidewalk
370.0,147.4431,3.0566,-1.46608,0.0,-0.0,150.5599,0.9135,stand_2,303.5494,0.0,-0.0,0.0,-0.0,Sidewalk
370.5,147.4431,3.0566,-1.50098,0.0,-0.06981,150.5599,0.9135,stand_2,303.5619,0.0,-0.06981,0.0,-0.06981,Sidewalk
371.0,147.4431,3.0566,-1.50098,0.0,-0.0,150.5599,0.9135,stand_2,303.5494,0.0,-0.0,0.0,-0.0,Sidewalk
371.5,147.4431,3.0566,-1.53589,0.0,-0.06981,150.5599,0.9135,stand_2,303.5619,0.0,-0.06981,0.0,-0.06981,Sidewalk
372.0,147.4431,3.0566,-1.53589,0.0,-0.0,150.5599,0.9135,stand_2,303.5494,0.0,-0.0,0.0,-0.0,Sidewalk
372.5,147.4431,3.0566,-1.5708,0.0,-0.06981,150.5599,0.9135,stand_2,303.562,0.0,-0.06981,0.0,-0.06981,Sidewalk
373.0,147.4431,3.0566,-1.5708,0.0,-0.0,150.5599,0.9135,stand_2,303.5494,0.0,-0.0,0.0,-0.0,Sidewalk
373.5,147.4431,3.0566,-1.6057,0.0,-0.06981,150.5599,0.9135,stand_2,303.562,0.0,-0.06981,0.0,-0.06981,Sidewalk
374.0,147.4431,3.0566,-1.6057,0.0,-0.0,150.5599,0.9135,stand_2,303.5494,0.0,-0.0,0.0,-0.0,Sidewalk
374.5,147.4431,3.0566,-1.64061,0.0,-0.06981,150.5599,0.9135,stand_2,303.562,0.0,-0.06981,0.0,-0.06981,Sidewalk
375.0,147.4431,3.0566,-1.64061,0.0,-0.0,150.5599,0.9135,stand_2,303.5494,0.0,-0.0,0.0,-0.0,Sidewalk
375.5,147.4431,3.0566,-1.67552,0.0,-0.06981,150.5599,0.9135,stand_2,303.562,0.0,-0.06981,0.0,-0.06981,Sidewalk
376.0,147.4431,3.0566,-1.67552,0.0,-0.0,150.5599,0.9135,stand_2,303.5494,0.0,-0.0,0.0,-0.0,Sidewalk
376.5,147.4431,3.0566,-1.71042,0.0,-0.06981,150.5599,0.9135,stand_2,303.562,0.0,-0.06981,0.0,-0.06981,Sidewalk
377.0,147.4431,3.0566,-1.71042,0.0,-0.0,150.5599,0.9135,stand_2,303.5494,0.0,-0.0,0.0,-0.0,Sidewalk
377.5,147.4431,3.0566,-1.74533,0.0,-0.06981,150.5599,0.9135,stand_2,303.562,0.0,-0.06981,0.0,-0.06981,Sidewalk
378.0,147.4431,3.0566,-1.74533,0.0,-0.0,150.5599,0.9135,stand_2,303.5494,0.0,-0.0,0.0,-0.0,Sidewalk
378.5,147.4431,3.0566,-1.78024,0.0,-0.06981,150.5599,0.9135,stand_2,303.562,0.0,-0.06981,0.0,-0.06981,Sidewalk
379.0,147.4431,3.0566,-1.78024,0.0,-0.0,150.5599,0.9135,stand_2,303.5494,0.0,-0.0,0.0,-0.0,Sidewalk
379.5,147.4431,3.0566,-1.81514,0.0,-0.06981,150.5599,0.9135,stand_2,303.562,0.0,-0.06981,0.0,-0.06981,Sidewalk
380.0,147.4431,3.0566,-1.81514,0.0,-0.0,150.5599,0.9135,stand_2,303.5495,0.0,-0.0,0.0,-0.0,Sidewalk
380.5,147.4431,3.0566,-1.85005,0.0,-0.06981,150.5599,0.9134,stand_2,303.562,0.0,-0.06981,0.0,-0.06981,Sidewalk
381.0,147.4431,3.0566,-1.85005,0.0,-0.0,150.5599,0.9134,stand_2,303.5495,0.0,-0.0,0.0,-0.0,Sidewalk
381.5,147.4431,3.0566,-1.88496,0.0,-0.06981,150.5599,0.9134,stand_2,303.562,0.0,-0.06981,0.0,-0.06981,Sidewalk
382.0,147.4431,3.0566,-1.88496,0.0,-0.0,150.5599,0.9134,stand_2,303.5495,0.0,-0.0,0.0,-0.0,Sidewalk
382.5,147.4431,3.0566,-1.91986,0.0,-0.06981,150.5599,0.9134,stand_2,303.5621,0.0,-0.06981,0.0,-0.06981,Sidewalk
383.0,147.4431,3.0566,-1.91986,0.0,-0.0,150.5599,0.9134,stand_2,303.5495,0.0,-0.0,0.0,-0.0,Sidewalk
383.5,147.4431,3.0566,-1.95477,0.0,-0.06981,150.5599,0.9134,stand_2,303.5621,0.0,-0.06981,0.0,-0.06981,Sidewalk
384.0,147.4431,3.0566,-1.95477,0.0,-0.0,150.5599,0.9134,stand_2,303.5495,0.0,-0.0,0.0,-0.0,Sidewalk
384.5,147.4431,3.0566,-1.98968,0.0,-0.06981,150.5599,0.9134,stand_2,303.5621,0.0,-0.06981,0.0,-0.06981,Sidewalk
385.0,147.4431,3.0566,-1.98968,0.0,-0.0,150.5599,0.9134,stand_2,303.5495,0.0,-0.0,0.0,-0.0,Sidewalk
385.5,147.4431,3.0566,-2.02458,0.0,-0.06981,150.5599,0.9134,stand_2,303.5621,0.0,-0.06981,0.0,-0.06981,Sidewalk
386.0,147.4431,3.0566,-2.02458,0.0,-0.0,150.5599,0.9134,stand_2,303.5495,0.0,-0.0,0.0,-0.0,Sidewalk
386.5,147.4431,3.0566,-2.05949,0.0,-0.06981,150.5599,0.9134,stand_2,303.5621,0.0,-0.06981,0.0,-0.06981,Sidewalk
387.0,147.4431,3.0566,-2.05949,0.0,-0.0,150.5599,0.9134,stand_2,303.5495,0.0,-0.0,0.0,-0.0,Sidewalk
387.5,147.4431,3.0566,-2.0944,0.0,-0.06981,150.5599,0.9134,stand_2,303.5621,0.0,-0.06981,0.0,-0.06981,Sidewalk
388.0,147.4431,3.0566,-2.0944,0.0,-0.0,150.5599,0.9134,stand_2,303.5495,0.0,-0.0,0.0,-0.0,Sidewalk
388.5,147.4431,3.0566,-2.1293,0.0,-0.06981,150.5599,0.9134,stand_2,303.5621,0.0,-0.06981,0.0,-0.06981,Sidewalk
389.0,147.4431,3.0566,-2.1293,0.0,-0.0,150.5599,0.9134,stand_2,303.5495,0.0,-0.0,0.0,-0.0,Sidewalk
389.5,147.4431,3.0566,-2.16421,0.0,-0.06981,150.5599,0.9134,stand_2,303.5621,0.0,-0.06981,0.0,-0.06981,Sidewalk
390.0,147.4431,3.0566,-2.16421,0.0,-0.0,150.5599,0.9134,stand_2,303.5496,0.0,-0.0,0.0,-0.0,Sidewalk
390.5,147.4431,3.0566,-2.19911,0.0,-0.06981,150.5599,0.9134,stand_2,303.5621,0.0,-0.06981,0.0,-0.06981,Sidewalk
391.0,147.4431,3.0566,-2.19911,0.0,-0.0,150.5599,0.9134,stand_2,303.5496,0.0,-0.0,0.0,-0.0,Sidewalk
391.5,147.4431,3.0566,-2.23402,0.0,-0.06981,150.5599,0.9134,stand_2,303.5621,0.0,-0.06981,0.0,-0.06981,Sidewalk
392.0,147.4431,3.0566,-2.23402,0.0,-0.0,150.5599,0.9134,stand_2,303.5496,0.0,-0.0,0.0,-0.0,Sidewalk
392.5,147.4431,3.0566,-2.26893,0.0,-0.06981,150.5599,0.9134,stand_2,303.5621,0.0,-0.06981,0.0,-0.06981,Sidewalk
393.0,147.4431,3.0566,-2.26893,0.0,-0.0,150.5599,0.9134,stand_2,303.5496,0.0,-0.0,0.0,-0.0,Sidewalk
393.5,147.4431,3.0566,-2.30383,0.0,-0.06981,150.5599,0.9134,stand_2,303.5622,0.0,-0.06981,0.0,-0.06981,Sidewalk
394.0,147.4431,3.0566,-2.30383,0.0,-0.0,150.5599,0.9134,stand_2,303.5496,0.0,-0.0,0.0,-0.0,Sidewalk
394.5,147.4431,3.0566,-2.33874,0.0,-0.06981,150.5599,0.9134,stand_2,303.5622,0.0,-0.06981,0.0,-0.06981,Sidewalk
395.0,147.4431,3.0566,-2.33874,0.0,-0.0,150.5599,0.9134,stand_2,303.5496,0.0,-0.0,0.0,-0.0,Sidewalk
395.5,147.4431,3.0566,-2.37365,0.0,-0.06981,150.5599,0.9134,stand_2,303.5622,0.0,-0.06981,0.0,-0.06981,Sidewalk
396.0,147.4431,3.0566,-2.37365,0.0,-0.0,150.5599,0.9134,stand_2,303.5496,0.0,-0.0,0.0,-0.0,Sidewalk
396.5,147.4431,3.0566,-2.40855,0.0,-0.06981,150.5599,0.9134,stand_2,303.5622,0.0,-0.06981,0.0,-0.06981,Sidewalk
397.0,147.4431,3.0566,-2.40855,0.0,-0.0,150.5599,0.9134,stand_2,303.5496,0.0,-0.0,0.0,-0.0,Sidewalk
397.5,147.4431,3.0566,-2.44346,0.0,-0.06981,150.5599,0.9134,stand_2,303.5622,0.0,-0.06981,0.0,-0.06981,Sidewalk
398.0,147.4431,3.0566,-2.44346,0.0,-0.0,150.5599,0.9134,stand_2,303.5496,0.0,-0.0,0.0,-0.0,Sidewalk
398.5,147.4431,3.0566,-2.47837,0.0,-0.06981,150.5599,0.9134,stand_2,303.5622,0.0,-0.06981,0.0,-0.06981,Sidewalk
399.0,147.4431,3.0566,-2.47837,0.0,-0.0,150.5599,0.9134,stand_2,303.5496,0.0,-0.0,0.0,-0.0,Sidewalk
399.5,147.4431,3.0566,-2.51327,0.0,-0.06981,150.5599,0.9134,stand_2,303.5622,0.0,-0.06981,0.0,-0.06981,Sidewalk
400.0,147.4431,3.0566,-2.51327,0.0,-0.0,150.5599,0.9134,stand_2,303.5496,0.0,-0.0,0.0,-0.0,Sidewalk
400.5,147.4431,3.0566,-2.54818,0.0,-0.06981,150.5599,0.9134,stand_2,303.5622,0.0,-0.06981,0.0,-0.06981,Sidewalk
401.0,147.4431,3.0566,-2.54818,0.0,-0.0,150.5599,0.9134,stand_2,303.5497,0.0,-0.0,0.0,-0.0,Sidewalk
401.5,147.4431,3.0566,-2.58309,0.0,-0.06981,150.5599,0.9134,stand_2,303.5622,0.0,-0.06981,0.0,-0.06981,Sidewalk
402.0,147.4431,3.0566,-2.58309,0.0,-0.0,150.5599,0.9134,stand_2,303.5497,0.0,-0.0,0.0,-0.0,Sidewalk
402.5,147.4431,3.0566,-2.61799,0.0,-0.06981,150.5599,0.9134,stand_2,303.5622,0.0,-0.06981,0.0,-0.06981,Sidewalk
403.0,147.4431,3.0566,-2.61799,0.0,-0.0,150.5599,0.9134,stand_2,303.5497,0.0,-0.0,0.0,-0.0,Sidewalk
403.5,147.4431,3.0566,-2.6529,0.0,-0.06981,150.5599,0.9134,stand_2,303.5622,0.0,-0.06981,0.0,-0.06981,Sidewalk
404.0,147.4431,3.0566,-2.6529,0.0,-0.0,150.5599,0.9134,stand_2,303.5497,0.0,-0.0,0.0,-0.0,Sidewalk
404.5,147.4431,3.0566,-2.68781,0.0,-0.06981,150.5599,0.9134,stand_2,303.5623,0.0,-0.06981,0.0,-0.06981,Sidewalk
405.0,147.4431,3.0566,-2.68781,0.0,-0.0,150.5599,0.9134,stand_2,303.5497,0.0,-0.0,0.0,-0.0,Sidewalk
405.5,147.4431,3.0566,-2.72271,0.0,-0.06981,150.5599,0.9134,stand_2,303.5623,0.0,-0.06981,0.0,-0.06981,Sidewalk
406.0,147.4431,3.0566,-2.72271,0.0,-0.0,150.5599,0.9134,stand_2,303.5497,0.0,-0.0,0.0,-0.0,Sidewalk
406.5,147.4431,3.0566,-2.75762,0.0,-0.06981,150.5599,0.9134,stand_2,303.5623,0.0,-0.06981,0.0,-0.06981,Sidewalk
407.0,147.4431,3.0566,-2.75762,0.0,-0.0,150.5599,0.9134,stand_2,303.5497,0.0,-0.0,0.0,-0.0,Sidewalk
407.5,147.4431,3.0566,-2.79253,0.0,-0.06981,150.5599,0.9134,stand_2,303.5623,0.0,-0.06981,0.0,-0.06981,Sidewalk
408.0,147.4431,3.0566,-2.79253,0.0,-0.0,150.5599,0.9134,stand_2,303.5497,0.0,-0.0,0.0,-0.0,Sidewalk
408.5,147.4431,3.0566,-2.82743,0.0,-0.06981,150.5599,0.9134,stand_2,303.5623,0.0,-0.06981,0.0,-0.06981,Sidewalk
409.0,147.4431,3.0566,-2.82743,0.0,-0.0,150.5599,0.9134,stand_2,303.5497,0.0,-0.0,0.0,-0.0,Sidewalk
409.5,147.4431,3.0566,-2.86234,0.0,-0.06981,150.5599,0.9134,stand_2,303.5623,0.0,-0.06981,0.0,-0.06981,Sidewalk
410.0,147.4431,3.0566,-2.86234,0.0,-0.0,150.5599,0.9134,stand_2,303.5498,0.0,-0.0,0.0,-0.0,Sidewalk
410.5,147.4431,3.0566,-2.89725,0.0,-0.06981,150.5599,0.9134,stand_2,303.5623,0.0,-0.06981,0.0,-0.06981,Sidewalk
411.0,147.4431,3.0566,-2.89725,0.0,-0.0,150.5599,0.9134,stand_2,303.5498,0.0,-0.0,0.0,-0.0,Sidewalk
411.5,147.4431,3.0566,-2.93215,0.0,-0.06981,150.5599,0.9134,stand_2,303.5623,0.0,-0.06981,0.0,-0.06981,Sidewalk
412.0,147.4431,3.0566,-2.93215,0.0,-0.0,150.5599,0.9134,stand_2,303.5498,0.0,-0.0,0.0,-0.0,Sidewalk
412.5,147.4431,3.0566,-2.96706,0.0,-0.06981,150.5599,0.9134,stand_2,303.5623,0.0,-0.06981,0.0,-0.06981,Sidewalk
413.0,147.4431,3.0566,-2.96706,0.0,-0.0,150.5599,0.9134,stand_2,303.5498,0.0,-0.0,0.0,-0.0,Sidewalk
413.5,147.4431,3.0566,-3.00197,0.0,-0.06981,150.5599,0.9134,stand_2,303.5623,0.0,-0.06981,0.0,-0.06981,Sidewalk
414.0,147.4431,3.0566,-3.00197,0.0,-0.0,150.5599,0.9134,stand_2,303.5498,0.0,-0.0,0.0,-0.0,Sidewalk
414.5,147.4431,3.0566,-3.03687,0.0,-0.06981,150.5599,0.9134,stand_2,303.5624,0.0,-0.06981,0.0,-0.06981,Sidewalk
415.0,147.4431,3.0566,-3.03687,0.0,-0.0,150.5599,0.9134,stand_2,303.5498,0.0,-0.0,0.0,-0.0,Sidewalk
415.5,147.4431,3.0566,-3.07178,0.0,-0.06981,150.5599,0.9133,stand_2,303.5624,0.0,-0.06981,0.0,-0.06981,Sidewalk
416.0,147.4431,3.0566,-3.07178,0.0,-0.0,150.5599,0.9133,stand_2,303.5498,0.0,-0.0,0.0,-0.0,Sidewalk
416.5,147.4431,3.0566,-3.10669,0.0,-0.06981,150.5599,0.9133,stand_2,303.5624,0.0,-0.06981,0.0,-0.06981,Sidewalk
417.0,147.4431,3.0566,-3.10669,0.0,-0.0,150.5599,0.9133,stand_2,303.5498,0.0,-0.0,0.0,-0.0,Sidewalk
417.5,147.4431,3.0566,3.14159,0.0,-0.06981,150.5599,0.9133,stand_2,303.5624,0.0,-0.06981,0.0,-0.06981,Sidewalk
418.0,147.4431,3.0566,3.14159,0.0,-0.0,150.5599,0.9133,stand_2,303.5498,0.0,-0.0,0.0,-0.0,Sidewalk
418.5,147.4431,3.0566,3.10669,0.0,-0.06981,150.5599,0.9133,stand_2,303.5624,0.0,-0.06981,0.0,-0.06981,Sidewalk
419.0,147.4431,3.0566,3.10669,0.0,-0.0,150.5599,0.9133,stand_2,303.5498,0.0,-0.0,0.0,-0.0,Sidewalk
419.5,147.4431,3.0566,3.07178,0.0,-0.06981,150.5599,0.9133,stand_2,303.5624,0.0,-0.06981,0.0,-0.06981,Sidewalk
420.0,147.4431,3.0566,3.07178,0.0,-0.0,150.5599,0.9133,stand_2,303.5499,0.0,-0.0,0.0,-0.0,Sidewalk
420.5,147.4431,3.0566,3.03687,0.0,-0.06981,150.5599,0.9133,stand_2,303.5624,0.0,-0.06981,0.0,-0.06981,Sidewalk
421.0,147.4431,3.0566,3.03687,0.0,-0.0,150.5599,0.9133,stand_2,303.5499,0.0,-0.0,0.0,-0.0,Sidewalk
421.5,147.4431,3.0566,3.00197,0.0,-0.06981,150.5599,0.9133,stand_2,303.5624,0.0,-0.06981,0.0,-0.06981,Sidewalk
422.0,147.4431,3.0566,3.00197,0.0,-0.0,150.5599,0.9133,stand_2,303.5499,0.0,-0.0,0.0,-0.0,Sidewalk
422.5,147.4431,3.0566,2.96706,0.0,-0.06981,150.5599,0.9133,stand_2,303.5624,0.0,-0.06981,0.0,-0.06981,Sidewalk
423.0,147.4431,3.0566,2.96706,0.0,-0.0,150.5599,0.9133,stand_2,303.5499,0.0,-0.0,0.0,-0.0,Sidewalk
423.5,147.4431,3.0566,2.93215,0.0,-0.06981,150.5599,0.9133,stand_2,303.5624,0.0,-0.06981,0.0,-0.06981,Sidewalk
424.0,147.4431,3.0566,2.93215,0.0,-0.0,150.5599,0.9133,stand_2,303.5499,0.0,-0.0,0.0,-0.0,Sidewalk
424.5,147.4431,3.0566,2.89725,0.0,-0.06981,150.5599,0.9133,stand_2,303.5625,0.0,-0.06981,0.0,-0.06981,Sidewalk
425.0,147.4431,3.0566,2.89725,0.0,-0.0,150.5599,0.9133,stand_2,303.5499,0.0,-0.0,0.0,-0.0,Sidewalk
425.5,147.4431,3.0566,2.86234,0.0,-0.06981,150.5599,0.9133,stand_2,303.5625,0.0,-0.06981,0.0,-0.06981,Sidewalk
426.0,147.4431,3.0566,2.86234,0.0,-0.0,150.5599,0.9133,stand_2,303.5499,0.0,-0.0,0.0,-0.0,Sidewalk
426.5,147.4431,3.0566,2.82743,0.0,-0.06981,150.5599,0.9133,stand_2,303.5625,0.0,-0.06981,0.0,-0.06981,Sidewalk
427.0,147.4431,3.0566,2.82743,0.0,-0.0,150.5599,0.9133,stand_2,303.5499,0.0,-0.0,0.0,-0.0,Sidewalk
427.5,147.4431,3.0566,2.79253,0.0,-0.06981,150.5599,0.9133,stand_2,303.5625,0.0,-0.06981,0.0,-0.06981,Sidewalk
428.0,147.4431,3.0566,2.79253,0.0,-0.0,150.5599,0.9133,stand_2,303.5499,0.0,-0.0,0.0,-0.0,Sidewalk
428.5,147.4431,3.0566,2.75762,0.0,-0.06981,150.5599,0.9133,stand_2,303.5625,0.0,-0.06981,0.0,-0.06981,Sidewalk
429.0,147.4431,3.0566,2.75762,0.0,-0.0,150.5599,0.9133,stand_2,303.5499,0.0,-0.0,0.0,-0.0,Sidewalk
429.5,147.4431,3.0566,2.72271,0.0,-0.06981,150.5599,0.9133,stand_2,303.5625,0.0,-0.06981,0.0,-0.06981,Sidewalk
430.0,147.4431,3.0566,2.72271,0.0,-0.0,150.5599,0.9133,stand_2,303.5499,0.0,-0.0,0.0,-0.0,Sidewalk
430.5,147.4431,3.0566,2.68781,0.0,-0.06981,150.5599,0.9133,stand_2,303.5625,0.0,-0.06981,0.0,-0.06981,Sidewalk
431.0,147.4431,3.0566,2.68781,0.0,-0.0,150.5599,0.9133,stand_2,303.55,0.0,-0.0,0.0,-0.0,Sidewalk
431.5,147.4431,3.0566,2.6529,0.0,-0.06981,150.5599,0.9133,stand_2,303.5625,0.0,-0.06981,0.0,-0.06981,Sidewalk
432.0,147.4431,3.0566,2.6529,0.0,-0.0,150.5599,0.9133,stand_2,303.55,0.0,-0.0,0.0,-0.0,Sidewalk
432.5,147.4431,3.0566,2.61799,0.0,-0.06981,150.5599,0.9133,stand_2,303.5625,0.0,-0.06981,0.0,-0.06981,Sidewalk
433.0,147.4431,3.0566,2.61799,0.0,-0.0,150.5599,0.9133,stand_2,303.55,0.0,-0.0,0.0,-0.0,Sidewalk
433.5,147.4431,3.0566,2.58309,0.0,-0.06981,150.5599,0.9133,stand_2,303.5625,0.0,-0.06981,0.0,-0.06981,Sidewalk
434.0,147.4431,3.0566,2.58309,0.0,-0.0,150.5599,0.9133,stand_2,303.55,0.0,-0.0,0.0,-0.0,Sidewalk
434.5,147.4431,3.0566,2.54818,0.0,-0.06981,150.5599,0.9133,stand_2,303.5626,0.0,-0.06981,0.0,-0.06981,Sidewalk
435.0,147.4431,3.0566,2.54818,0.0,-0.0,150.5599,0.9133,stand_2,303.55,0.0,-0.0,0.0,-0.0,Sidewalk
435.5,147.4431,3.0566,2.51327,0.0,-0.06981,150.5599,0.9133,stand_2,303.5626,0.0,-0.06981,0.0,-0.06981,Sidewalk
436.0,147.4431,3.0566,2.51327,0.0,-0.0,150.5599,0.9133,stand_2,303.55,0.0,-0.0,0.0,-0.0,Sidewalk
436.5,147.4431,3.0566,2.47837,0.0,-0.06981,150.5599,0.9133,stand_2,303.5626,0.0,-0.06981,0.0,-0.06981,Sidewalk
437.0,147.4431,3.0566,2.47837,0.0,-0.0,150.5599,0.9133,stand_2,303.55,0.0,-0.0,0.0,-0.0,Sidewalk
437.5,147.4431,3.0566,2.44346,0.0,-0.06981,150.5599,0.9133,stand_2,303.5626,0.0,-0.06981,0.0,-0.06981,Sidewalk
438.0,147.4431,3.0566,2.44346,0.0,-0.0,150.5599,0.9133,stand_2,303.55,0.0,-0.0,0.0,-0.0,Sidewalk
438.5,147.4431,3.0566,2.40855,0.0,-0.06981,150.5599,0.9133,stand_2,303.5626,0.0,-0.06981,0.0,-0.06981,Sidewalk
439.0,147.4431,3.0566,2.40855,0.0,-0.0,150.5599,0.9133,stand_2,303.55,0.0,-0.0,0.0,-0.0,Sidewalk
439.5,147.4431,3.0566,2.37365,0.0,-0.06981,150.5599,0.9133,stand_2,303.5626,0.0,-0.06981,0.0,-0.06981,Sidewalk
440.0,147.4431,3.0566,2.37365,0.0,-0.0,150.5599,0.9133,stand_2,303.55,0.0,-0.0,0.0,-0.0,Sidewalk
440.5,147.4431,3.0566,2.33874,0.0,-0.06981,150.5599,0.9133,stand_2,303.5626,0.0,-0.06981,0.0,-0.06981,Sidewalk
441.0,147.4431,3.0566,2.33874,0.0,-0.0,150.5599,0.9133,stand_2,303.5501,0.0,-0.0,0.0,-0.0,Sidewalk
441.5,147.4431,3.0566,2.30383,0.0,-0.06981,150.5599,0.9133,stand_2,303.5626,0.0,-0.06981,0.0,-0.06981,Sidewalk
442.0,147.4431,3.0566,2.30383,0.0,-0.0,150.5599,0.9133,stand_2,303.5501,0.0,-0.0,0.0,-0.0,Sidewalk
442.5,147.4431,3.0566,2.26893,0.0,-0.06981,150.5599,0.9133,stand_2,303.5626,0.0,-0.06981,0.0,-0.06981,Sidewalk
443.0,147.4431,3.0566,2.26893,0.0,-0.0,150.5599,0.9133,stand_2,303.5501,0.0,-0.0,0.0,-0.0,Sidewalk
443.5,147.4431,3.0566,2.23402,0.0,-0.06981,150.5599,0.9133,stand_2,303.5626,0.0,-0.06981,0.0,-0.06981,Sidewalk
444.0,147.4431,3.0566,2.23402,0.0,-0.0,150.5599,0.9133,stand_2,303.5501,0.0,-0.0,0.0,-0.0,Sidewalk
444.5,147.4431,3.0566,2.19911,0.0,-0.06981,150.5599,0.9133,stand_2,303.5627,0.0,-0.06981,0.0,-0.06981,Sidewalk
445.0,147.4431,3.0566,2.19911,0.0,-0.0,150.5599,0.9133,stand_2,303.5501,0.0,-0.0,0.0,-0.0,Sidewalk
445.5,147.4431,3.0566,2.16421,0.0,-0.06981,150.5599,0.9133,stand_2,303.5627,0.0,-0.06981,0.0,-0.06981,Sidewalk
446.0,147.4431,3.0566,2.16421,0.0,-0.0,150.5599,0.9133,stand_2,303.5501,0.0,-0.0,0.0,-0.0,Sidewalk
446.5,147.4431,3.0566,2.1293,0.0,-0.06981,150.5599,0.9133,stand_2,303.5627,0.0,-0.06981,0.0,-0.06981,Sidewalk
447.0,147.4431,3.0566,2.1293,0.0,-0.0,150.5599,0.9133,stand_2,303.5501,0.0,-0.0,0.0,-0.0,Sidewalk
447.5,147.4431,3.0566,2.0944,0.0,-0.06981,150.5599,0.9133,stand_2,303.5627,0.0,-0.06981,0.0,-0.06981,Sidewalk
448.0,147.4431,3.0566,2.0944,0.0,-0.0,150.5599,0.9133,stand_2,303.5501,0.0,-0.0,0.0,-0.0,Sidewalk
448.5,147.4431,3.0566,2.05949,0.0,-0.06981,150.5599,0.9133,stand_2,303.5627,0.0,-0.06981,0.0,-0.06981,Sidewalk
449.0,147.4431,3.0566,2.05949,0.0,-0.0,150.5599,0.9133,stand_2,303.5501,0.0,-0.0,0.0,-0.0,Sidewalk
449.5,147.4431,3.0566,2.02458,0.0,-0.06981,150.5599,0.9133,stand_2,303.5627,0.0,-0.06981,0.0,-0.06981,Sidewalk
450.0,147.4431,3.0566,2.02458,0.0,-0.0,150.5599,0.9133,stand_2,303.5501,0.0,-0.0,0.0,-0.0,Sidewalk
450.5,147.4431,3.0566,1.98968,0.0,-0.06981,150.5599,0.9132,stand_2,303.5627,0.0,-0.06981,0.0,-0.06981,Sidewalk
451.0,147.4431,3.0566,1.98968,0.0,-0.0,150.5599,0.9132,stand_2,303.5501,0.0,-0.0,0.0,-0.0,Sidewalk
451.5,147.4431,3.0566,1.95477,0.0,-0.06981,150.5599,0.9132,stand_2,303.5627,0.0,-0.06981,0.0,-0.06981,Sidewalk
452.0,147.4431,3.0566,1.95477,0.0,-0.0,150.5599,0.9132,stand_2,303.5502,0.0,-0.0,0.0,-0.0,Sidewalk
452.5,147.4431,3.0566,1.91986,0.0,-0.06981,150.5599,0.9132,stand_2,303.5627,0.0,-0.06981,0.0,-0.06981,Sidewalk
453.0,147.4431,3.0566,1.91986,0.0,-0.0,150.5599,0.9132,stand_2,303.5502,0.0,-0.0,0.0,-0.0,Sidewalk
453.5,147.4431,3.0566,1.88496,0.0,-0.06981,150.5599,0.9132,stand_2,303.5627,0.0,-0.06981,0.0,-0.06981,Sidewalk
454.0,147.4431,3.0566,1.88496,0.0,-0.0,150.5599,0.9132,stand_2,303.5502,0.0,-0.0,0.0,-0.0,Sidewalk
454.5,147.4431,3.0566,1.85005,0.0,-0.06981,150.5599,0.9132,stand_2,303.5627,0.0,-0.06981,0.0,-0.06981,Sidewalk
455.0,147.4431,3.0566,1.85005,0.0,-0.0,150.5599,0.9132,stand_2,303.5502,0.0,-0.0,0.0,-0.0,Sidewalk
455.5,147.4431,3.0566,1.81514,0.0,-0.06981,150.5599,0.9132,stand_2,303.5628,0.0,-0.06981,0.0,-0.06981,Sidewalk
456.0,147.4431,3.0566,1.81514,0.0,-0.0,150.5599,0.9132,stand_2,303.5502,0.0,-0.0,0.0,-0.0,Sidewalk
456.5,147.4431,3.0566,1.78024,0.0,-0.06981,150.5599,0.9132,stand_2,303.5628,0.0,-0.06981,0.0,-0.06981,Sidewalk
457.0,147.4431,3.0566,1.78024,0.0,-0.0,150.5599,0.9132,stand_2,303.5502,0.0,-0.0,0.0,-0.0,Sidewalk
457.5,147.4431,3.0566,1.74533,0.0,-0.06981,150.5599,0.9132,stand_2,303.5628,0.0,-0.06981,0.0,-0.06981,Sidewalk
458.0,147.4431,3.0566,1.74533,0.0,-0.0,150.5599,0.9132,stand_2,303.5502,0.0,-0.0,0.0,-0.0,Sidewalk
458.5,147.4431,3.0566,1.71042,0.0,-0.06981,150.5599,0.9132,stand_2,303.5628,0.0,-0.06981,0.0,-0.06981,Sidewalk
459.0,147.4431,3.0566,1.71042,0.0,-0.0,150.5599,0.9132,stand_2,303.5502,0.0,-0.0,0.0,-0.0,Sidewalk
459.5,147.4431,3.0566,1.67552,0.0,-0.06981,150.5599,0.9132,stand_2,303.5628,0.0,-0.06981,0.0,-0.06981,Sidewalk
460.0,147.4431,3.0566,1.67552,0.0,-0.0,150.5599,0.9132,stand_2,303.5502,0.0,-0.0,0.0,-0.0,Sidewalk
460.5,147.4431,3.0566,1.64061,0.0,-0.06981,150.5599,0.9132,stand_2,303.5628,0.0,-0.06981,0.0,-0.06981,Sidewalk
461.0,147.4431,3.0566,1.64061,0.0,-0.0,150.5599,0.9132,stand_2,303.5502,0.0,-0.0,0.0,-0.0,Sidewalk
461.5,147.4431,3.0566,1.6057,0.0,-0.06981,150.5599,0.9132,stand_2,303.5628,0.0,-0.06981,0.0,-0.06981,Sidewalk
462.0,147.4431,3.0566,1.6057,0.0,-0.0,150.5599,0.9132,stand_2,303.5503,0.0,-0.0,0.0,-0.0,Sidewalk
462.5,147.4431,3.0566,1.5708,0.0,-0.06981,150.5599,0.9132,stand_2,303.5628,0.0,-0.06981,0.0,-0.06981,Sidewalk
463.0,147.4431,3.0566,1.5708,0.0,-0.0,150.5599,0.9132,stand_2,303.5503,0.0,-0.0,0.0,-0.0,Sidewalk
463.5,147.4431,3.0566,1.53589,0.0,-0.06981,150.5599,0.9132,stand_2,303.5628,0.0,-0.06981,0.0,-0.06981,Sidewalk
464.0,147.4431,3.0566,1.53589,0.0,-0.0,150.5599,0.9132,stand_2,303.5503,0.0,-0.0,0.0,-0.0,Sidewalk
464.5,147.4431,3.0566,1.50098,0.0,-0.06981,150.5599,0.9132,stand_2,303.5629,0.0,-0.06981,0.0,-0.06981,Sidewalk
465.0,147.4431,3.0566,1.50098,0.0,-0.0,150.5599,0.9132,stand_2,303.5503,0.0,-0.0,0.0,-0.0,Sidewalk
465.5,147.4431,3.0566,1.46608,0.0,-0.06981,150.5599,0.9132,stand_2,303.5629,0.0,-0.06981,0.0,-0.06981,Sidewalk
466.0,147.4431,3.0566,1.46608,0.0,-0.0,150.5599,0.9132,stand_2,303.5503,0.0,-0.0,0.0,-0.0,Sidewalk
466.5,147.4431,3.0566,1.43117,0.0,-0.06981,150.5599,0.9132,stand_2,303.5629,0.0,-0.06981,0.0,-0.06981,Sidewalk
467.0,147.4431,3.0566,1.43117,0.0,-0.0,150.5599,0.9132,stand_2,303.5503,0.0,-0.0,0.0,-0.0,Sidewalk
467.5,147.4431,3.0566,1.39626,0.0,-0.06981,150.5599,0.9132,stand_2,303.5629,0.0,-0.06981,0.0,-0.06981,Sidewalk
468.0,147.4431,3.0566,1.39626,0.0,-0.0,150.5599,0.9132,stand_2,303.5503,0.0,-0.0,0.0,-0.0,Sidewalk
468.5,147.4431,3.0566,1.36136,0.0,-0.06981,150.5599,0.9132,stand_2,303.5629,0.0,-0.06981,0.0,-0.06981,Sidewalk
469.0,147.4431,3.0566,1.36136,0.0,-0.0,150.5599,0.9132,stand_2,303.5503,0.0,-0.0,0.0,-0.0,Sidewalk
469.5,147.4431,3.0566,1.32645,0.0,-0.06981,150.5599,0.9132,stand_2,303.5629,0.0,-0.06981,0.0,-0.06981,Sidewalk
470.0,147.4431,3.0566,1.32645,0.0,-0.0,150.5599,0.9132,stand_2,303.5504,0.0,-0.0,0.0,-0.0,Sidewalk
470.5,147.4431,3.0566,1.29154,0.0,-0.06981,150.5599,0.9132,stand_2,303.5629,0.0,-0.06981,0.0,-0.06981,Sidewalk
471.0,147.4431,3.0566,1.29154,0.0,-0.0,150.5599,0.9132,stand_2,303.5504,0.0,-0.0,0.0,-0.0,Sidewalk
471.5,147.4431,3.0566,1.25664,0.0,-0.06981,150.5599,0.9132,stand_2,303.5629,0.0,-0.06981,0.0,-0.06981,Sidewalk
472.0,147.4431,3.0566,1.25664,0.0,-0.0,150.5599,0.9132,stand_2,303.5504,0.0,-0.0,0.0,-0.0,Sidewalk
472.5,147.4431,3.0566,1.22173,0.0,-0.06981,150.5599,0.9132,stand_2,303.5629,0.0,-0.06981,0.0,-0.06981,Sidewalk
473.0,147.4431,3.0566,1.22173,0.0,-0.0,150.5599,0.9132,stand_2,303.5504,0.0,-0.0,0.0,-0.0,Sidewalk
473.5,147.4431,3.0566,1.18682,0.0,-0.06981,150.5599,0.9132,stand_2,303.5629,0.0,-0.06981,0.0,-0.06981,Sidewalk
474.0,147.4431,3.0566,1.18682,0.0,-0.0,150.5599,0.9132,stand_2,303.5504,0.0,-0.0,0.0,-0.0,Sidewalk
474.5,147.4431,3.0566,1.15192,0.0,-0.06981,150.5599,0.9132,stand_2,303.5629,0.0,-0.06981,0.0,-0.06981,Sidewalk
475.0,147.4431,3.0566,1.15192,0.0,-0.0,150.5599,0.9132,stand_2,303.5504,0.0,-0.0,0.0,-0.0,Sidewalk
475.5,147.4431,3.0566,1.11701,0.0,-0.06981,150.5599,0.9132,stand_2,303.563,0.0,-0.06981,0.0,-0.06981,Sidewalk
476.0,147.4431,3.0566,1.11701,0.0,-0.0,150.5599,0.9132,stand_2,303.5504,0.0,-0.0,0.0,-0.0,Sidewalk
476.5,147.4431,3.0566,1.0821,0.0,-0.06981,150.5599,0.9132,stand_2,303.563,0.0,-0.06981,0.0,-0.06981,Sidewalk
477.0,147.4431,3.0566,1.0821,0.0,-0.0,150.5599,0.9132,stand_2,303.5504,0.0,-0.0,0.0,-0.0,Sidewalk
477.5,147.4431,3.0566,1.0472,0.0,-0.06981,150.5599,0.9132,stand_2,303.563,0.0,-0.06981,0.0,-0.06981,Sidewalk
478.0,147.4431,3.0566,1.0472,0.0,-0.0,150.5599,0.9132,stand_2,303.5504,0.0,-0.0,0.0,-0.0,Sidewalk
478.5,147.4431,3.0566,1.01229,0.0,-0.06981,150.5599,0.9132,stand_2,303.563,0.0,-0.06981,0.0,-0.06981,Sidewalk
479.0,147.4431,3.0566,1.01229,0.0,-0.0,150.5599,0.9132,stand_2,303.5504,0.0,-0.0,0.0,-0.0,Sidewalk
479.5,147.4431,3.0566,0.97738,0.0,-0.06981,150.5599,0.9132,stand_2,303.563,0.0,-0.06981,0.0,-0.06981,Sidewalk
480.0,147.4431,3.0566,0.97738,0.0,-0.0,150.5599,0.9132,stand_2,303.5504,0.0,-0.0,0.0,-0.0,Sidewalk
480.5,147.4431,3.0566,0.94248,0.0,-0.06981,150.5599,0.9132,stand_2,303.563,0.0,-0.06981,0.0,-0.06981,Sidewalk
481.0,147.4431,3.0566,0.94248,0.0,-0.0,150.5599,0.9132,stand_2,303.5504,0.0,-0.0,0.0,-0.0,Sidewalk
481.5,147.4431,3.0566,0.90757,0.0,-0.06981,150.5599,0.9132,stand_2,303.563,0.0,-0.06981,0.0,-0.06981,Sidewalk
482.0,147.4431,3.0566,0.90757,0.0,-0.0,150.5599,0.9132,stand_2,303.5505,0.0,-0.0,0.0,-0.0,Sidewalk
482.5,147.4431,3.0566,0.87266,0.0,-0.06981,150.5599,0.9132,stand_2,303.563,0.0,-0.06981,0.0,-0.06981,Sidewalk
483.0,147.4431,3.0566,0.87266,0.0,-0.0,150.5599,0.9132,stand_2,303.5505,0.0,-0.0,0.0,-0.0,Sidewalk
483.5,147.4431,3.0566,0.83776,0.0,-0.06981,150.5599,0.9132,stand_2,303.563,0.0,-0.06981,0.0,-0.06981,Sidewalk
484.0,147.4431,3.0566,0.83776,0.0,-0.0,150.5599,0.9132,stand_2,303.5505,0.0,-0.0,0.0,-0.0,Sidewalk
484.5,147.4431,3.0566,0.80285,0.0,-0.06981,150.5599,0.9132,stand_2,303.563,0.0,-0.06981,0.0,-0.06981,Sidewalk
485.0,147.4431,3.0566,0.80285,0.0,-0.0,150.5599,0.9132,stand_2,303.5505,0.0,-0.0,0.0,-0.0,Sidewalk
485.5,147.4431,3.0566,0.76794,0.0,-0.06981,150.5599,0.9132,stand_2,303.563,0.0,-0.06981,0.0,-0.06981,Sidewalk
486.0,147.4431,3.0566,0.76794,0.0,-0.0,150.5599,0.9131,stand_2,303.5505,0.0,-0.0,0.0,-0.0,Sidewalk
486.5,147.4431,3.0566,0.73304,0.0,-0.06981,150.5599,0.9131,stand_2,303.5631,0.0,-0.06981,0.0,-0.06981,Sidewalk
487.0,147.4431,3.0566,0.73304,0.0,-0.0,150.5599,0.9131,stand_2,303.5505,0.0,-0.0,0.0,-0.0,Sidewalk
487.5,147.4431,3.0566,0.69813,0.0,-0.06981,150.5599,0.9131,stand_2,303.5631,0.0,-0.06981,0.0,-0.06981,Sidewalk
488.0,147.4431,3.0566,0.69813,0.0,-0.0,150.5599,0.9131,stand_2,303.5505,0.0,-0.0,0.0,-0.0,Sidewalk
488.5,147.4431,3.0566,0.66323,0.0,-0.06981,150.5599,0.9131,stand_2,303.5631,0.0,-0.06981,0.0,-0.06981,Sidewalk
489.0,147.4431,3.0566,0.66323,0.0,-0.0,150.5599,0.9131,stand_2,303.5505,0.0,-0.0,0.0,-0.0,Sidewalk
489.5,147.4431,3.0566,0.62832,0.0,-0.06981,150.5599,0.9131,stand_2,303.5631,0.0,-0.06981,0.0,-0.06981,Sidewalk
490.0,147.4431,3.0566,0.62832,0.0,-0.0,150.5599,0.9131,stand_2,303.5505,0.0,-0.0,0.0,-0.0,Sidewalk
490.5,147.4431,3.0566,0.59341,0.0,-0.06981,150.5599,0.9131,stand_2,303.5631,0.0,-0.06981,0.0,-0.06981,Sidewalk
491.0,147.4431,3.0566,0.59341,0.0,-0.0,150.5599,0.9131,stand_2,303.5505,0.0,-0.0,0.0,-0.0,Sidewalk
491.5,147.4431,3.0566,0.55851,0.0,-0.06981,150.5599,0.9131,stand_2,303.5631,0.0,-0.06981,0.0,-0.06981,Sidewalk
492.0,147.4431,3.0566,0.55851,0.0,-0.0,150.5599,0.9131,stand_2,303.5505,0.0,-0.0,0.0,-0.0,Sidewalk
492.5,147.4431,3.0566,0.5236,0.0,-0.06981,150.5599,0.9131,stand_2,303.5631,0.0,-0.06981,0.0,-0.06981,Sidewalk
493.0,147.4431,3.0566,0.5236,0.0,-0.0,150.5599,0.9131,stand_2,303.5506,0.0,-0.0,0.0,-0.0,Sidewalk
493.5,147.4431,3.0566,0.48869,0.0,-0.06981,150.5599,0.9131,stand_2,303.5631,0.0,-0.06981,0.0,-0.06981,Sidewalk
494.0,147.4431,3.0566,0.48869,0.0,-0.0,150.5599,0.9131,stand_2,303.5506,0.0,-0.0,0.0,-0.0,Sidewalk
494.5,147.4431,3.0566,0.45379,0.0,-0.06981,150.5599,0.9131,stand_2,303.5631,0.0,-0.06981,0.0,-0.06981,Sidewalk
495.0,147.4431,3.0566,0.45379,0.0,-0.0,150.5599,0.9131,stand_2,303.5506,0.0,-0.0,0.0,-0.0,Sidewalk
495.5,147.4431,3.0566,0.41888,0.0,-0.06981,150.5599,0.9131,stand_2,303.5631,0.0,-0.06981,0.0,-0.06981,Sidewalk
496.0,147.4431,3.0566,0.41888,0.0,-0.0,150.5599,0.9131,stand_2,303.5506,0.0,-0.0,0.0,-0.0,Sidewalk
496.5,147.4431,3.0566,0.38397,0.0,-0.06981,150.5599,0.9131,stand_2,303.5632,0.0,-0.06981,0.0,-0.06981,Sidewalk
497.0,147.4431,3.0566,0.38397,0.0,-0.0,150.5599,0.9131,stand_2,303.5506,0.0,-0.0,0.0,-0.0,Sidewalk
497.5,147.4431,3.0566,0.34907,0.0,-0.06981,150.5599,0.9131,stand_2,303.5632,0.0,-0.06981,0.0,-0.06981,Sidewalk
498.0,147.4431,3.0566,0.34907,0.0,-0.0,150.5599,0.9131,stand_2,303.5506,0.0,-0.0,0.0,-0.0,Sidewalk
498.5,147.4431,3.0566,0.31416,0.0,-0.06981,150.5599,0.9131,stand_2,303.5632,0.0,-0.06981,0.0,-0.06981,Sidewalk
499.0,147.4431,3.0566,0.31416,0.0,-0.0,150.5599,0.9131,stand_2,303.5506,0.0,-0.0,0.0,-0.0,Sidewalk
499.5,147.4431,3.0566,0.27925,0.0,-0.06981,150.5599,0.9131,stand_2,303.5632,0.0,-0.06981,0.0,-0.06981,Sidewalk
500.0,147.4431,3.0566,0.27925,0.0,-0.0,150.5599,0.9131,stand_2,303.5506,0.0,-0.0,0.0,-0.0,Sidewalk
500.5,147.4431,3.0566,0.24435,0.0,-0.06981,150.5599,0.9131,stand_2,303.5632,0.0,-0.06981,0.0,-0.06981,Sidewalk
501.0,147.4431,3.0566,0.24435,0.0,-0.0,150.5599,0.9131,stand_2,303.5506,0.0,-0.0,0.0,-0.0,Sidewalk
501.5,147.4431,3.0566,0.20944,0.0,-0.06981,150.5599,0.9131,stand_2,303.5632,0.0,-0.06981,0.0,-0.06981,Sidewalk
502.0,147.4431,3.0566,0.20944,0.0,-0.0,150.5599,0.9131,stand_2,303.5506,0.0,-0.0,0.0,-0.0,Sidewalk
502.5,147.4431,3.0566,0.17453,0.0,-0.06981,150.5599,0.9131,stand_2,303.5632,0.0,-0.06981,0.0,-0.06981,Sidewalk
503.0,147.4431,3.0566,0.17453,0.0,-0.0,150.5599,0.9131,stand_2,303.5507,0.0,-0.0,0.0,-0.0,Sidewalk
503.5,147.4431,3.0566,0.13963,0.0,-0.06981,150.5599,0.9131,stand_2,303.5632,0.0,-0.06981,0.0,-0.06981,Sidewalk
504.0,147.4431,3.0566,0.13963,0.0,-0.0,150.5599,0.9131,stand_2,303.5507,0.0,-0.0,0.0,-0.0,Sidewalk
504.5,147.4431,3.0566,0.10472,0.0,-0.06981,150.5599,0.9131,stand_2,303.5632,0.0,-0.06981,0.0,-0.06981,Sidewalk
505.0,147.4431,3.0566,0.10472,0.0,-0.0,150.5599,0.9131,stand_2,303.5507,0.0,-0.0,0.0,-0.0,Sidewalk
505.5,147.4431,3.0566,0.06981,0.0,-0.06981,150.5599,0.9131,stand_2,303.5632,0.0,-0.06981,0.0,-0.06981,Sidewalk
506.0,147.4431,3.0566,0.06981,0.0,-0.0,150.5599,0.9131,stand_2,303.5507,0.0,-0.0,0.0,-0.0,Sidewalk
506.5,147.4431,3.0566,0.03491,0.0,-0.06981,150.5599,0.9131,stand_2,303.5633,0.0,-0.06981,0.0,-0.06981,Sidewalk
507.0,147.4431,3.0566,0.03491,0.0,-0.0,150.5599,0.9131,stand_2,303.5507,0.0,-0.0,0.0,-0.0,Sidewalk
507.5,147.4431,3.0566,-0.0,0.0,-0.06981,150.5599,0.9131,stand_2,303.5633,0.0,-0.06981,0.0,-0.06981,Sidewalk
508.0,147.4431,3.0566,-0.0,0.0,-0.0,150.5599,0.9131,stand_2,303.5507,0.0,-0.0,0.0,-0.0,Sidewalk
508.5,147.4431,3.0566,-0.03491,0.0,-0.06981,150.5599,0.9131,stand_2,303.5633,0.0,-0.06981,0.0,-0.06981,Sidewalk
509.0,147.4431,3.0566,-0.03491,0.0,-0.0,150.5599,0.9131,stand_2,303.5507,0.0,-0.0,0.0,-0.0,Sidewalk
509.5,147.4431,3.0566,-0.06981,0.0,-0.06981,150.5599,0.9131,stand_2,303.5633,0.0,-0.06981,0.0,-0.06981,Sidewalk
510.0,147.4431,3.0566,-0.06981,0.0,-0.0,150.5599,0.9131,stand_2,303.5507,0.0,-0.0,0.0,-0.0,Sidewalk
510.5,147.4431,3.0566,-0.10472,0.0,-0.06981,150.5599,0.9131,stand_2,303.5633,0.0,-0.06981,0.0,-0.06981,Sidewalk
511.0,147.4431,3.0566,-0.10472,0.0,-0.0,150.5599,0.9131,stand_2,303.5507,0.0,-0.0,0.0,-0.0,Sidewalk
511.5,147.4431,3.0566,-0.13963,0.0,-0.06981,150.5599,0.9131,stand_2,303.5633,0.0,-0.06981,0.0,-0.06981,Sidewalk
512.0,147.4431,3.0566,-0.13963,0.0,-0.0,150.5599,0.9131,stand_2,303.5507,0.0,-0.0,0.0,-0.0,Sidewalk
512.5,147.4431,3.0566,-0.17453,0.0,-0.06981,150.5599,0.9131,stand_2,303.5633,0.0,-0.06981,0.0,-0.06981,Sidewalk
513.0,147.4431,3.0566,-0.17453,0.0,-0.0,150.5599,0.9131,stand_2,303.5508,0.0,-0.0,0.0,-0.0,Sidewalk
513.5,147.4431,3.0566,-0.20944,0.0,-0.06981,150.5599,0.9131,stand_2,303.5633,0.0,-0.06981,0.0,-0.06981,Sidewalk
514.0,147.4431,3.0566,-0.20944,0.0,-0.0,150.5599,0.9131,stand_2,303.5508,0.0,-0.0,0.0,-0.0,Sidewalk
514.5,147.4431,3.0566,-0.24435,0.0,-0.06981,150.5599,0.9131,stand_2,303.5633,0.0,-0.06981,0.0,-0.06981,Sidewalk
515.0,147.4431,3.0566,-0.24435,0.0,-0.0,150.5599,0.9131,stand_2,303.5508,0.0,-0.0,0.0,-0.0,Sidewalk
515.5,147.4431,3.0566,-0.27925,0.0,-0.06981,150.5599,0.9131,stand_2,303.5633,0.0,-0.06981,0.0,-0.06981,Sidewalk
516.0,147.4431,3.0566,-0.27925,0.0,-0.0,150.5599,0.9131,stand_2,303.5508,0.0,-0.0,0.0,-0.0,Sidewalk
516.5,147.4431,3.0566,-0.31416,0.0,-0.06981,150.5599,0.9131,stand_2,303.5634,0.0,-0.06981,0.0,-0.06981,Sidewalk
517.0,147.4431,3.0566,-0.31416,0.0,-0.0,150.5599,0.9131,stand_2,303.5508,0.0,-0.0,0.0,-0.0,Sidewalk
517.5,147.4431,3.0566,-0.34907,0.0,-0.06981,150.5599,0.9131,stand_2,303.5634,0.0,-0.06981,0.0,-0.06981,Sidewalk
518.0,147.4431,3.0566,-0.34907,0.0,-0.0,150.5599,0.9131,stand_2,303.5508,0.0,-0.0,0.0,-0.0,Sidewalk
518.5,147.4431,3.0566,-0.38397,0.0,-0.06981,150.5599,0.9131,stand_2,303.5634,0.0,-0.06981,0.0,-0.06981,Sidewalk
519.0,147.4431,3.0566,-0.38397,0.0,-0.0,150.5599,0.9131,stand_2,303.5508,0.0,-0.0,0.0,-0.0,Sidewalk
519.5,147.4431,3.0566,-0.41888,0.0,-0.06981,150.5599,0.9131,stand_2,303.5634,0.0,-0.06981,0.0,-0.06981,Sidewalk
520.0,147.4431,3.0566,-0.41888,0.0,-0.0,150.5599,0.9131,stand_2,303.5508,0.0,-0.0,0.0,-0.0,Sidewalk
520.5,147.4431,3.0566,-0.45379,0.0,-0.06981,150.5599,0.9131,stand_2,303.5634,0.0,-0.06981,0.0,-0.06981,Sidewalk
521.0,147.4431,3.0566,-0.45379,0.0,-0.0,150.5599,0.913,stand_2,303.5508,0.0,-0.0,0.0,-0.0,Sidewalk
521.5,147.4431,3.0566,-0.48869,0.0,-0.06981,150.5599,0.913,stand_2,303.5634,0.0,-0.06981,0.0,-0.06981,Sidewalk
522.0,147.4431,3.0566,-0.48869,0.0,-0.0,150.5599,0.913,stand_2,303.5508,0.0,-0.0,0.0,-0.0,Sidewalk
522.5,147.4431,3.0566,-0.5236,0.0,-0.06981,150.5599,0.913,stand_2,303.5634,0.0,-0.06981,0.0,-0.06981,Sidewalk
523.0,147.4431,3.0566,-0.5236,0.0,-0.0,150.5599,0.913,stand_2,303.5508,0.0,-0.0,0.0,-0.0,Sidewalk
523.5,147.4431,3.0566,-0.55851,0.0,-0.06981,150.5599,0.913,stand_2,303.5634,0.0,-0.06981,0.0,-0.06981,Sidewalk
524.0,147.4431,3.0566,-0.55851,0.0,-0.0,150.5599,0.913,stand_2,303.5509,0.0,-0.0,0.0,-0.0,Sidewalk
524.5,147.4431,3.0566,-0.59341,0.0,-0.06981,150.5599,0.913,stand_2,303.5634,0.0,-0.06981,0.0,-0.06981,Sidewalk
525.0,147.4431,3.0566,-0.59341,0.0,-0.0,150.5599,0.913,stand_2,303.5509,0.0,-0.0,0.0,-0.0,Sidewalk
525.5,147.4431,3.0566,-0.62832,0.0,-0.06981,150.5599,0.913,stand_2,303.5634,0.0,-0.06981,0.0,-0.06981,Sidewalk
526.0,147.4431,3.0566,-0.62832,0.0,-0.0,150.5599,0.913,stand_2,303.5509,0.0,-0.0,0.0,-0.0,Sidewalk
526.5,147.4431,3.0566,-0.66323,0.0,-0.06981,150.5599,0.913,stand_2,303.5634,0.0,-0.06981,0.0,-0.06981,Sidewalk
527.0,147.4431,3.0566,-0.66323,0.0,-0.0,150.5599,0.913,stand_2,303.5509,0.0,-0.0,0.0,-0.0,Sidewalk
527.5,147.4431,3.0566,-0.69813,0.0,-0.06981,150.5599,0.913,stand_2,303.5635,0.0,-0.06981,0.0,-0.06981,Sidewalk
528.0,147.4431,3.0566,-0.69813,0.0,-0.0,150.5599,0.913,stand_2,303.5509,0.0,-0.0,0.0,-0.0,Sidewalk
528.5,147.4431,3.0566,-0.73304,0.0,-0.06981,150.5599,0.913,stand_2,303.5635,0.0,-0.06981,0.0,-0.06981,Sidewalk
529.0,147.4431,3.0566,-0.73304,0.0,-0.0,150.5599,0.913,stand_2,303.5509,0.0,-0.0,0.0,-0.0,Sidewalk
529.5,147.4431,3.0566,-0.76794,0.0,-0.06981,150.5599,0.913,stand_2,303.5635,0.0,-0.06981,0.0,-0.06981,Sidewalk
530.0,147.4431,3.0566,-0.76794,0.0,-0.0,150.5599,0.913,stand_2,303.5509,0.0,-0.0,0.0,-0.0,Sidewalk
530.5,147.4431,3.0566,-0.80285,0.0,-0.06981,150.5599,0.913,stand_2,303.5635,0.0,-0.06981,0.0,-0.06981,Sidewalk
531.0,147.4431,3.0566,-0.80285,0.0,-0.0,150.5599,0.913,stand_2,303.5509,0.0,-0.0,0.0,-0.0,Sidewalk
531.5,147.4431,3.0566,-0.83776,0.0,-0.06981,150.5599,0.913,stand_2,303.5635,0.0,-0.06981,0.0,-0.06981,Sidewalk
532.0,147.4431,3.0566,-0.83776,0.0,-0.0,150.5599,0.913,stand_2,303.5509,0.0,-0.0,0.0,-0.0,Sidewalk
532.5,147.4431,3.0566,-0.87266,0.0,-0.06981,150.5599,0.913,stand_2,303.5635,0.0,-0.06981,0.0,-0.06981,Sidewalk
533.0,147.4431,3.0566,-0.87266,0.0,-0.0,150.5599,0.913,stand_2,303.5509,0.0,-0.0,0.0,-0.0,Sidewalk
533.5,147.4431,3.0566,-0.90757,0.0,-0.06981,150.5599,0.913,stand_2,303.5635,0.0,-0.06981,0.0,-0.06981,Sidewalk
534.0,147.4431,3.0566,-0.90757,0.0,-0.0,150.5599,0.913,stand_2,303.5509,0.0,-0.0,0.0,-0.0,Sidewalk
534.5,147.4431,3.0566,-0.94248,0.0,-0.06981,150.5599,0.913,stand_2,303.5635,0.0,-0.06981,0.0,-0.06981,Sidewalk
535.0,147.4431,3.0566,-0.94248,0.0,-0.0,150.5599,0.913,stand_2,303.551,0.0,-0.0,0.0,-0.0,Sidewalk
535.5,147.4431,3.0566,-0.97738,0.0,-0.06981,150.5599,0.913,stand_2,303.5635,0.0,-0.06981,0.0,-0.06981,Sidewalk
536.0,147.4431,3.0566,-0.97738,0.0,-0.0,150.5599,0.913,stand_2,303.551,0.0,-0.0,0.0,-0.0,Sidewalk
536.5,147.4431,3.0566,-1.01229,0.0,-0.06981,150.5599,0.913,stand_2,303.5635,0.0,-0.06981,0.0,-0.06981,Sidewalk
537.0,147.4431,3.0566,-1.01229,0.0,-0.0,150.5599,0.913,stand_2,303.551,0.0,-0.0,0.0,-0.0,Sidewalk
537.5,147.4431,3.0566,-1.0472,0.0,-0.06981,150.5599,0.913,stand_2,303.5636,0.0,-0.06981,0.0,-0.06981,Sidewalk
538.0,147.4431,3.0566,-1.0472,0.0,-0.0,150.5599,0.913,stand_2,303.551,0.0,-0.0,0.0,-0.0,Sidewalk
538.5,147.4431,3.0566,-1.0821,0.0,-0.06981,150.5599,0.913,stand_2,303.5636,0.0,-0.06981,0.0,-0.06981,Sidewalk
539.0,147.4431,3.0566,-1.0821,0.0,-0.0,150.5599,0.913,stand_2,303.551,0.0,-0.0,0.0,-0.0,Sidewalk
539.5,147.4431,3.0566,-1.11701,0.0,-0.06981,150.5599,0.913,stand_2,303.5636,0.0,-0.06981,0.0,-0.06981,Sidewalk
540.0,147.4431,3.0566,-1.11701,0.0,-0.0,150.5599,0.913,stand_2,303.551,0.0,-0.0,0.0,-0.0,Sidewalk
540.5,147.4431,3.0566,-1.15192,0.0,-0.06981,150.5599,0.913,stand_2,303.5636,0.0,-0.06981,0.0,-0.06981,Sidewalk
541.0,147.4431,3.0566,-1.15192,0.0,-0.0,150.5599,0.913,stand_2,303.551,0.0,-0.0,0.0,-0.0,Sidewalk
541.5,147.4431,3.0566,-1.18682,0.0,-0.06981,150.5599,0.913,stand_2,303.5636,0.0,-0.06981,0.0,-0.06981,Sidewalk
542.0,147.4431,3.0566,-1.18682,0.0,-0.0,150.5599,0.913,stand_2,303.551,0.0,-0.0,0.0,-0.0,Sidewalk
542.5,147.4431,3.0566,-1.22173,0.0,-0.06981,150.5599,0.913,stand_2,303.5636,0.0,-0.06981,0.0,-0.06981,Sidewalk
543.0,147.4431,3.0566,-1.22173,0.0,-0.0,150.5599,0.913,stand_2,303.551,0.0,-0.0,0.0,-0.0,Sidewalk
543.5,147.4431,3.0566,-1.25664,0.0,-0.06981,150.5599,0.913,stand_2,303.5636,0.0,-0.06981,0.0,-0.06981,Sidewalk
544.0,147.4431,3.0566,-1.25664,0.0,-0.0,150.5599,0.913,stand_2,303.551,0.0,-0.0,0.0,-0.0,Sidewalk
544.5,147.4431,3.0566,-1.29154,0.0,-0.06981,150.5599,0.913,stand_2,303.5636,0.0,-0.06981,0.0,-0.06981,Sidewalk
545.0,147.4431,3.0566,-1.29154,0.0,-0.0,150.5599,0.913,stand_2,303.5511,0.0,-0.0,0.0,-0.0,Sidewalk
545.5,147.4431,3.0566,-1.32645,0.0,-0.06981,150.5599,0.913,stand_2,303.5636,0.0,-0.06981,0.0,-0.06981,Sidewalk
546.0,147.4431,3.0566,-1.32645,0.0,-0.0,150.5599,0.913,stand_2,303.5511,0.0,-0.0,0.0,-0.0,Sidewalk
546.5,147.4431,3.0566,-1.36136,0.0,-0.06981,150.5599,0.913,stand_2,303.5636,0.0,-0.06981,0.0,-0.06981,Sidewalk
547.0,147.4431,3.0566,-1.36136,0.0,-0.0,150.5599,0.913,stand_2,303.5511,0.0,-0.0,0.0,-0.0,Sidewalk
547.5,147.4431,3.0566,-1.39626,0.0,-0.06981,150.5599,0.913,stand_2,303.5636,0.0,-0.06981,0.0,-0.06981,Sidewalk
548.0,147.4431,3.0566,-1.39626,0.0,-0.0,150.5599,0.913,stand_2,303.5511,0.0,-0.0,0.0,-0.0,Sidewalk
548.5,147.4431,3.0566,-1.43117,0.0,-0.06981,150.5599,0.913,stand_2,303.5637,0.0,-0.06981,0.0,-0.06981,Sidewalk
549.0,147.4431,3.0566,-1.43117,0.0,-0.0,150.5599,0.913,stand_2,303.5511,0.0,-0.0,0.0,-0.0,Sidewalk
549.5,147.4431,3.0566,-1.46608,0.0,-0.06981,150.5599,0.913,stand_2,303.5637,0.0,-0.06981,0.0,-0.06981,Sidewalk
550.0,147.4431,3.0566,-1.46608,0.0,-0.0,150.5599,0.913,stand_2,303.5511,0.0,-0.0,0.0,-0.0,Sidewalk
550.5,147.4431,3.0566,-1.50098,0.0,-0.06981,150.5599,0.913,stand_2,303.5637,0.0,-0.06981,0.0,-0.06981,Sidewalk
551.0,147.4431,3.0566,-1.50098,0.0,-0.0,150.5599,0.913,stand_2,303.5511,0.0,-0.0,0.0,-0.0,Sidewalk
551.5,147.4431,3.0566,-1.53589,0.0,-0.06981,150.5599,0.913,stand_2,303.5637,0.0,-0.06981,0.0,-0.06981,Sidewalk
552.0,147.4431,3.0566,-1.53589,0.0,-0.0,150.5599,0.913,stand_2,303.5511,0.0,-0.0,0.0,-0.0,Sidewalk
552.5,147.4431,3.0566,-1.5708,0.0,-0.06981,150.5599,0.913,stand_2,303.5637,0.0,-0.06981,0.0,-0.06981,Sidewalk
553.0,147.4431,3.0566,-1.5708,0.0,-0.0,150.5599,0.913,stand_2,303.5511,0.0,-0.0,0.0,-0.0,Sidewalk
553.5,147.4431,3.0566,-1.53589,0.0,0.06981,150.5599,0.913,stand_2,303.5637,0.0,0.06981,0.0,0.06981,Sidewalk
554.0,147.4431,3.0566,-1.53589,0.0,-0.0,150.5599,0.913,stand_2,303.5511,0.0,-0.0,0.0,-0.0,Sidewalk
554.5,147.4431,3.0566,-1.50098,0.0,0.06981,150.5599,0.913,stand_2,303.5637,0.0,0.06981,0.0,0.06981,Sidewalk
555.0,147.4431,3.0566,-1.50098,0.0,-0.0,150.5599,0.913,stand_2,303.5511,0.0,-0.0,0.0,-0.0,Sidewalk
555.5,147.4431,3.0566,-1.46608,0.0,0.06981,150.5599,0.913,stand_2,303.5637,0.0,0.06981,0.0,0.06981,Sidewalk
556.0,147.4431,3.0566,-1.46608,0.0,-0.0,150.5599,0.913,stand_2,303.5512,0.0,-0.0,0.0,-0.0,Sidewalk
556.5,147.4431,3.0566,-1.43117,0.0,0.06981,150.5599,0.913,stand_2,303.5637,0.0,0.06981,0.0,0.06981,Sidewalk
557.0,147.4431,3.0566,-1.43117,0.0,-0.0,150.5599,0.913,stand_2,303.5512,0.0,-0.0,0.0,-0.0,Sidewalk
557.5,147.4431,3.0566,-1.39626,0.0,0.06981,150.5599,0.9129,stand_2,303.5637,0.0,0.06981,0.0,0.06981,Sidewalk
558.0,147.4431,3.0566,-1.39626,0.0,-0.0,150.5599,0.9129,stand_2,303.5512,0.0,-0.0,0.0,-0.0,Sidewalk
558.5,147.4431,3.0566,-1.36136,0.0,0.06981,150.5599,0.9129,stand_2,303.5637,0.0,0.06981,0.0,0.06981,Sidewalk
559.0,147.4431,3.0566,-1.36136,0.0,-0.0,150.5599,0.9129,stand_2,303.5512,0.0,-0.0,0.0,-0.0,Sidewalk
559.5,147.4431,3.0566,-1.32645,0.0,0.06981,150.5599,0.9129,stand_2,303.5638,0.0,0.06981,0.0,0.06981,Sidewalk
560.0,147.4431,3.0566,-1.32645,0.0,-0.0,150.5599,0.9129,stand_2,303.5512,0.0,-0.0,0.0,-0.0,Sidewalk
560.5,147.4431,3.0566,-1.29154,0.0,0.06981,150.5599,0.9129,stand_2,303.5638,0.0,0.06981,0.0,0.06981,Sidewalk
561.0,147.4431,3.0566,-1.29154,0.0,-0.0,150.5599,0.9129,stand_2,303.5512,0.0,-0.0,0.0,-0.0,Sidewalk
561.5,147.4431,3.0566,-1.25664,0.0,0.06981,150.5599,0.9129,stand_2,303.5638,0.0,0.06981,0.0,0.06981,Sidewalk
562.0,147.4431,3.0566,-1.25664,0.0,-0.0,150.5599,0.9129,stand_2,303.5512,0.0,-0.0,0.0,-0.0,Sidewalk
562.5,147.4431,3.0566,-1.22173,0.0,0.06981,150.5599,0.9129,stand_2,303.5638,0.0,0.06981,0.0,0.06981,Sidewalk
563.0,147.4431,3.0566,-1.22173,0.0,-0.0,150.5599,0.9129,stand_2,303.5512,0.0,-0.0,0.0,-0.0,Sidewalk
563.5,147.4431,3.0566,-1.18682,0.0,0.06981,150.5599,0.9129,stand_2,303.5638,0.0,0.06981,0.0,0.06981,Sidewalk
564.0,147.4431,3.0566,-1.18682,0.0,-0.0,150.5599,0.9129,stand_2,303.5512,0.0,-0.0,0.0,-0.0,Sidewalk
564.5,147.4431,3.0566,-1.15192,0.0,0.06981,150.5599,0.9129,stand_2,303.5638,0.0,0.06981,0.0,0.06981,Sidewalk
565.0,147.4431,3.0566,-1.15192,0.0,-0.0,150.5599,0.9129,stand_2,303.5512,0.0,-0.0,0.0,-0.0,Sidewalk
565.5,147.4431,3.0566,-1.11701,0.0,0.06981,150.5599,0.9129,stand_2,303.5638,0.0,0.06981,0.0,0.06981,Sidewalk
566.0,147.4431,3.0566,-1.11701,0.0,-0.0,150.5599,0.9129,stand_2,303.5513,0.0,-0.0,0.0,-0.0,Sidewalk
566.5,147.4431,3.0566,-1.0821,0.0,0.06981,150.5599,0.9129,stand_2,303.5638,0.0,0.06981,0.0,0.06981,Sidewalk
567.0,147.4431,3.0566,-1.0821,0.0,-0.0,150.5599,0.9129,stand_2,303.5513,0.0,-0.0,0.0,-0.0,Sidewalk
567.5,147.4431,3.0566,-1.0472,0.0,0.06981,150.5599,0.9129,stand_2,303.5638,0.0,0.06981,0.0,0.06981,Sidewalk
568.0,147.4431,3.0566,-1.0472,0.0,-0.0,150.5599,0.9129,stand_2,303.5513,0.0,-0.0,0.0,-0.0,Sidewalk
568.5,147.4431,3.0566,-1.01229,0.0,0.06981,150.5599,0.9129,stand_2,303.5638,0.0,0.06981,0.0,0.06981,Sidewalk
569.0,147.4431,3.0566,-1.01229,0.0,-0.0,150.5599,0.9129,stand_2,303.5513,0.0,-0.0,0.0,-0.0,Sidewalk
569.5,147.4431,3.0566,-0.97738,0.0,0.06981,150.5599,0.9129,stand_2,303.5639,0.0,0.06981,0.0,0.06981,Sidewalk
570.0,147.4431,3.0566,-0.97738,0.0,-0.0,150.5599,0.9129,stand_2,303.5513,0.0,-0.0,0.0,-0.0,Sidewalk
570.5,147.4431,3.0566,-0.94248,0.0,0.06981,150.5599,0.9129,stand_2,303.5639,0.0,0.06981,0.0,0.06981,Sidewalk
571.0,147.4431,3.0566,-0.94248,0.0,-0.0,150.5599,0.9129,stand_2,303.5513,0.0,-0.0,0.0,-0.0,Sidewalk
571.5,147.4431,3.0566,-0.90757,0.0,0.06981,150.5599,0.9129,stand_2,303.5639,0.0,0.06981,0.0,0.06981,Sidewalk
572.0,147.4431,3.0566,-0.90757,0.0,-0.0,150.5599,0.9129,stand_2,303.5513,0.0,-0.0,0.0,-0.0,Sidewalk
572.5,147.4431,3.0566,-0.87266,0.0,0.06981,150.5599,0.9129,stand_2,303.5639,0.0,0.06981,0.0,0.06981,Sidewalk
573.0,147.4431,3.0566,-0.87266,0.0,-0.0,150.5599,0.9129,stand_2,303.5513,0.0,-0.0,0.0,-0.0,Sidewalk
573.5,147.4431,3.0566,-0.83776,0.0,0.06981,150.5599,0.9129,stand_2,303.5639,0.0,0.06981,0.0,0.06981,Sidewalk
574.0,147.4431,3.0566,-0.83776,0.0,-0.0,150.5599,0.9129,stand_2,303.5513,0.0,-0.0,0.0,-0.0,Sidewalk
574.5,147.4431,3.0566,-0.80285,0.0,0.06981,150.5599,0.9129,stand_2,303.5639,0.0,0.06981,0.0,0.06981,Sidewalk
575.0,147.4431,3.0566,-0.80285,0.0,-0.0,150.5599,0.9129,stand_2,303.5513,0.0,-0.0,0.0,-0.0,Sidewalk
575.5,147.4431,3.0566,-0.76794,0.0,0.06981,150.5599,0.9129,stand_2,303.5639,0.0,0.06981,0.0,0.06981,Sidewalk
576.0,147.4431,3.0566,-0.76794,0.0,-0.0,150.5599,0.9129,stand_2,303.5514,0.0,-0.0,0.0,-0.0,Sidewalk
576.5,147.4431,3.0566,-0.73304,0.0,0.06981,150.5599,0.9129,stand_2,303.5639,0.0,0.06981,0.0,0.06981,Sidewalk
577.0,147.4431,3.0566,-0.73304,0.0,-0.0,150.5599,0.9129,stand_2,303.5514,0.0,-0.0,0.0,-0.0,Sidewalk
577.5,147.4431,3.0566,-0.69813,0.0,0.06981,150.5599,0.9129,stand_2,303.5639,0.0,0.06981,0.0,0.06981,Sidewalk
578.0,147.4431,3.0566,-0.69813,0.0,-0.0,150.5599,0.9129,stand_2,303.5514,0.0,-0.0,0.0,-0.0,Sidewalk
578.5,147.4431,3.0566,-0.66323,0.0,0.06981,150.5599,0.9129,stand_2,303.5639,0.0,0.06981,0.0,0.06981,Sidewalk
579.0,147.4431,3.0566,-0.66323,0.0,-0.0,150.5599,0.9129,stand_2,303.5514,0.0,-0.0,0.0,-0.0,Sidewalk
579.5,147.4431,3.0566,-0.62832,0.0,0.06981,150.5599,0.9129,stand_2,303.564,0.0,0.06981,0.0,0.06981,Sidewalk
580.0,147.4431,3.0566,-0.62832,0.0,-0.0,150.5599,0.9129,stand_2,303.5514,0.0,-0.0,0.0,-0.0,Sidewalk
580.5,147.4431,3.0566,-0.59341,0.0,0.06981,150.5599,0.9129,stand_2,303.564,0.0,0.06981,0.0,0.06981,Sidewalk
581.0,147.4431,3.0566,-0.59341,0.0,-0.0,150.5599,0.9129,stand_2,303.5514,0.0,-0.0,0.0,-0.0,Sidewalk
581.5,147.4431,3.0566,-0.55851,0.0,0.06981,150.5599,0.9129,stand_2,303.564,0.0,0.06981,0.0,0.06981,Sidewalk
582.0,147.4431,3.0566,-0.55851,0.0,-0.0,150.5599,0.9129,stand_2,303.5514,0.0,-0.0,0.0,-0.0,Sidewalk
582.5,147.4431,3.0566,-0.5236,0.0,0.06981,150.5599,0.9129,stand_2,303.564,0.0,0.06981,0.0,0.06981,Sidewalk
583.0,147.4431,3.0566,-0.5236,0.0,-0.0,150.5599,0.9129,stand_2,303.5514,0.0,-0.0,0.0,-0.0,Sidewalk
583.5,147.4431,3.0566,-0.48869,0.0,0.06981,150.5599,0.9129,stand_2,303.564,0.0,0.06981,0.0,0.06981,Sidewalk
584.0,147.4431,3.0566,-0.48869,0.0,-0.0,150.5599,0.9129,stand_2,303.5514,0.0,-0.0,0.0,-0.0,Sidewalk
584.5,147.4431,3.0566,-0.45379,0.0,0.06981,150.5599,0.9129,stand_2,303.564,0.0,0.06981,0.0,0.06981,Sidewalk
585.0,147.4431,3.0566,-0.45379,0.0,-0.0,150.5599,0.9129,stand_2,303.5515,0.0,-0.0,0.0,-0.0,Sidewalk
585.5,147.4431,3.0566,-0.41888,0.0,0.06981,150.5599,0.9129,stand_2,303.564,0.0,0.06981,0.0,0.06981,Sidewalk
586.0,147.4431,3.0566,-0.41888,0.0,-0.0,150.5599,0.9129,stand_2,303.5515,0.0,-0.0,0.0,-0.0,Sidewalk
586.5,147.4431,3.0566,-0.38397,0.0,0.06981,150.5599,0.9129,stand_2,303.564,0.0,0.06981,0.0,0.06981,Sidewalk
587.0,147.4431,3.0566,-0.38397,0.0,-0.0,150.5599,0.9129,stand_2,303.5515,0.0,-0.0,0.0,-0.0,Sidewalk
587.5,147.4431,3.0566,-0.34907,0.0,0.06981,150.5599,0.9129,stand_2,303.564,0.0,0.06981,0.0,0.06981,Sidewalk
588.0,147.4431,3.0566,-0.34907,0.0,-0.0,150.5599,0.9129,stand_2,303.5515,0.0,-0.0,0.0,-0.0,Sidewalk
588.5,147.4431,3.0566,-0.31416,0.0,0.06981,150.5599,0.9129,stand_2,303.5641,0.0,0.06981,0.0,0.06981,Sidewalk
589.0,147.4431,3.0566,-0.31416,0.0,-0.0,150.5599,0.9129,stand_2,303.5515,0.0,-0.0,0.0,-0.0,Sidewalk
589.5,147.4431,3.0566,-0.27925,0.0,0.06981,150.5599,0.9129,stand_2,303.5641,0.0,0.06981,0.0,0.06981,Sidewalk
590.0,147.4431,3.0566,-0.27925,0.0,-0.0,150.5599,0.9129,stand_2,303.5515,0.0,-0.0,0.0,-0.0,Sidewalk
590.5,147.4431,3.0566,-0.24435,0.0,0.06981,150.5599,0.9128,stand_2,303.5641,0.0,0.06981,0.0,0.06981,Sidewalk
591.0,147.4431,3.0566,-0.24435,0.0,-0.0,150.5599,0.9128,stand_2,303.5515,0.0,-0.0,0.0,-0.0,Sidewalk
591.5,147.4431,3.0566,-0.20944,0.0,0.06981,150.5599,0.9128,stand_2,303.5641,0.0,0.06981,0.0,0.06981,Sidewalk
592.0,147.4431,3.0566,-0.20944,0.0,-0.0,150.5599,0.9128,stand_2,303.5515,0.0,-0.0,0.0,-0.0,Sidewalk
592.5,147.4431,3.0566,-0.17453,0.0,0.06981,150.5599,0.9128,stand_2,303.5641,0.0,0.06981,0.0,0.06981,Sidewalk
593.0,147.4431,3.0566,-0.17453,0.0,-0.0,150.5599,0.9128,stand_2,303.5515,0.0,-0.0,0.0,-0.0,Sidewalk
593.5,147.4431,3.0566,-0.13963,0.0,0.06981,150.5599,0.9128,stand_2,303.5641,0.0,0.06981,0.0,0.06981,Sidewalk
594.0,147.4431,3.0566,-0.13963,0.0,-0.0,150.5599,0.9128,stand_2,303.5515,0.0,-0.0,0.0,-0.0,Sidewalk
594.5,147.4431,3.0566,-0.10472,0.0,0.06981,150.5599,0.9128,stand_2,303.5641,0.0,0.06981,0.0,0.06981,Sidewalk
595.0,147.4431,3.0566,-0.10472,0.0,-0.0,150.5599,0.9128,stand_2,303.5516,0.0,-0.0,0.0,-0.0,Sidewalk
595.5,147.4431,3.0566,-0.06981,0.0,0.06981,150.5599,0.9128,stand_2,303.5641,0.0,0.06981,0.0,0.06981,Sidewalk
596.0,147.4431,3.0566,-0.06981,0.0,-0.0,150.5599,0.9128,stand_2,303.5516,0.0,-0.0,0.0,-0.0,Sidewalk
596.5,147.4431,3.0566,-0.03491,0.0,0.06981,150.5599,0.9128,stand_2,303.5641,0.0,0.06981,0.0,0.06981,Sidewalk
597.0,147.4431,3.0566,-0.03491,0.0,-0.0,150.5599,0.9128,stand_2,303.5516,0.0,-0.0,0.0,-0.0,Sidewalk
597.5,147.4431,3.0566,-0.0,0.0,0.06981,150.5599,0.9128,stand_2,303.5641,0.0,0.06981,0.0,0.06981,Sidewalk
598.0,147.4431,3.0566,-0.0,0.0,-0.0,150.5599,0.9128,stand_2,303.5516,0.0,-0.0,0.0,-0.0,Sidewalk
598.5,147.4431,3.0566,0.03491,0.0,0.06981,150.5599,0.9128,stand_2,303.5642,0.0,0.06981,0.0,0.06981,Sidewalk
599.0,147.4431,3.0566,0.03491,0.0,-0.0,150.5599,0.9128,stand_2,303.5516,0.0,-0.0,0.0,-0.0,Sidewalk
599.5,147.4431,3.0566,0.06981,0.0,0.06981,150.5599,0.9128,stand_2,303.5642,0.0,0.06981,0.0,0.06981,Sidewalk
600.0,147.4431,3.0566,0.06981,0.0,-0.0,150.5599,0.9128,stand_2,303.5516,0.0,-0.0,0.0,-0.0,Sidewalk
600.5,147.4431,3.0566,0.10472,0.0,0.06981,150.5599,0.9128,stand_2,303.5642,0.0,0.06981,0.0,0.06981,Sidewalk
601.0,147.4431,3.0566,0.10472,0.0,-0.0,150.5599,0.9128,stand_2,303.5516,0.0,-0.0,0.0,-0.0,Sidewalk
601.5,147.4431,3.0566,0.13963,0.0,0.06981,150.5599,0.9128,stand_2,303.5642,0.0,0.06981,0.0,0.06981,Sidewalk
602.0,147.4431,3.0566,0.13963,0.0,-0.0,150.5599,0.9128,stand_2,303.5516,0.0,-0.0,0.0,-0.0,Sidewalk
602.5,147.4431,3.0566,0.17453,0.0,0.06981,150.5599,0.9128,stand_2,303.5642,0.0,0.06981,0.0,0.06981,Sidewalk
603.0,147.4431,3.0566,0.17453,0.0,-0.0,150.5599,0.9128,stand_2,303.5516,0.0,-0.0,0.0,-0.0,Sidewalk
603.5,147.4431,3.0566,0.20944,0.0,0.06981,150.5599,0.9128,stand_2,303.5642,0.0,0.06981,0.0,0.06981,Sidewalk
604.0,147.4431,3.0566,0.20944,0.0,-0.0,150.5599,0.9128,stand_2,303.5516,0.0,-0.0,0.0,-0.0,Sidewalk
604.5,147.4431,3.0566,0.24435,0.0,0.06981,150.5599,0.9128,stand_2,303.5642,0.0,0.06981,0.0,0.06981,Sidewalk
605.0,147.4431,3.0566,0.24435,0.0,-0.0,150.5599,0.9128,stand_2,303.5517,0.0,-0.0,0.0,-0.0,Sidewalk
605.5,147.4431,3.0566,0.27925,0.0,0.06981,150.5599,0.9128,stand_2,303.5642,0.0,0.06981,0.0,0.06981,Sidewalk
606.0,147.4431,3.0566,0.27925,0.0,-0.0,150.5599,0.9128,stand_2,303.5517,0.0,-0.0,0.0,-0.0,Sidewalk
606.5,147.4431,3.0566,0.31416,0.0,0.06981,150.5599,0.9128,stand_2,303.5642,0.0,0.06981,0.0,0.06981,Sidewalk
607.0,147.4431,3.0566,0.31416,0.0,-0.0,150.5599,0.9128,stand_2,303.5517,0.0,-0.0,0.0,-0.0,Sidewalk
607.5,147.4431,3.0566,0.34907,0.0,0.06981,150.5599,0.9128,stand_2,303.5642,0.0,0.06981,0.0,0.06981,Sidewalk
608.0,147.4431,3.0566,0.34907,0.0,-0.0,150.5599,0.9128,stand_2,303.5517,0.0,-0.0,0.0,-0.0,Sidewalk
608.5,147.4431,3.0566,0.38397,0.0,0.06981,150.5599,0.9128,stand_2,303.5643,0.0,0.06981,0.0,0.06981,Sidewalk
609.0,147.4431,3.0566,0.38397,0.0,-0.0,150.5599,0.9128,stand_2,303.5517,0.0,-0.0,0.0,-0.0,Sidewalk
609.5,147.4431,3.0566,0.41888,0.0,0.06981,150.5599,0.9128,stand_2,303.5643,0.0,0.06981,0.0,0.06981,Sidewalk
610.0,147.4431,3.0566,0.41888,0.0,-0.0,150.5599,0.9128,stand_2,303.5517,0.0,-0.0,0.0,-0.0,Sidewalk
610.5,147.4431,3.0566,0.45379,0.0,0.06981,150.5599,0.9128,stand_2,303.5643,0.0,0.06981,0.0,0.06981,Sidewalk
611.0,147.4431,3.0566,0.45379,0.0,-0.0,150.5599,0.9128,stand_2,303.5517,0.0,-0.0,0.0,-0.0,Sidewalk
611.5,147.4431,3.0566,0.48869,0.0,0.06981,150.5599,0.9128,stand_2,303.5643,0.0,0.06981,0.0,0.06981,Sidewalk
612.0,147.4431,3.0566,0.48869,0.0,-0.0,150.5599,0.9128,stand_2,303.5517,0.0,-0.0,0.0,-0.0,Sidewalk
612.5,147.4431,3.0566,0.5236,0.0,0.06981,150.5599,0.9128,stand_2,303.5643,0.0,0.06981,0.0,0.06981,Sidewalk
613.0,147.4431,3.0566,0.5236,0.0,-0.0,150.5599,0.9128,stand_2,303.5517,0.0,-0.0,0.0,-0.0,Sidewalk
613.5,147.4431,3.0566,0.55851,0.0,0.06981,150.5599,0.9128,stand_2,303.5643,0.0,0.06981,0.0,0.06981,Sidewalk
614.0,147.4431,3.0566,0.55851,0.0,-0.0,150.5599,0.9128,stand_2,303.5517,0.0,-0.0,0.0,-0.0,Sidewalk
614.5,147.4431,3.0566,0.59341,0.0,0.06981,150.5599,0.9128,stand_2,303.5643,0.0,0.06981,0.0,0.06981,Sidewalk
615.0,147.4431,3.0566,0.59341,0.0,-0.0,150.5599,0.9128,stand_2,303.5518,0.0,-0.0,0.0,-0.0,Sidewalk
615.5,147.4431,3.0566,0.62832,0.0,0.06981,150.5599,0.9128,stand_2,303.5643,0.0,0.06981,0.0,0.06981,Sidewalk
616.0,147.4431,3.0566,0.62832,0.0,-0.0,150.5599,0.9128,stand_2,303.5518,0.0,-0.0,0.0,-0.0,Sidewalk
616.5,147.4431,3.0566,0.66323,0.0,0.06981,150.5599,0.9128,stand_2,303.5643,0.0,0.06981,0.0,0.06981,Sidewalk
617.0,147.4431,3.0566,0.66323,0.0,-0.0,150.5599,0.9128,stand_2,303.5518,0.0,-0.0,0.0,-0.0,Sidewalk
617.5,147.4431,3.0566,0.69813,0.0,0.06981,150.5599,0.9128,stand_2,303.5644,0.0,0.06981,0.0,0.06981,Sidewalk
618.0,147.4431,3.0566,0.69813,0.0,-0.0,150.5599,0.9128,stand_2,303.5518,0.0,-0.0,0.0,-0.0,Sidewalk
618.5,147.4431,3.0566,0.73304,0.0,0.06981,150.5599,0.9128,stand_2,303.5644,0.0,0.06981,0.0,0.06981,Sidewalk
619.0,147.4431,3.0566,0.73304,0.0,-0.0,150.5599,0.9128,stand_2,303.5518,0.0,-0.0,0.0,-0.0,Sidewalk
619.5,147.4431,3.0566,0.76794,0.0,0.06981,150.5599,0.9128,stand_2,303.5644,0.0,0.06981,0.0,0.06981,Sidewalk
620.0,147.4431,3.0566,0.76794,0.0,-0.0,150.5599,0.9128,stand_2,303.5518,0.0,-0.0,0.0,-0.0,Sidewalk
620.5,147.4431,3.0566,0.80285,0.0,0.06981,150.5599,0.9128,stand_2,303.5644,0.0,0.06981,0.0,0.06981,Sidewalk
621.0,147.4431,3.0566,0.80285,0.0,-0.0,150.5599,0.9128,stand_2,303.5518,0.0,-0.0,0.0,-0.0,Sidewalk
621.5,147.4431,3.0566,0.83776,0.0,0.06981,150.5599,0.9128,stand_2,303.5644,0.0,0.06981,0.0,0.06981,Sidewalk
622.0,147.4431,3.0566,0.83776,0.0,-0.0,150.5599,0.9128,stand_2,303.5518,0.0,-0.0,0.0,-0.0,Sidewalk
622.5,147.4431,3.0566,0.87266,0.0,0.06981,150.5599,0.9128,stand_2,303.5644,0.0,0.06981,0.0,0.06981,Sidewalk
623.0,147.4431,3.0566,0.87266,0.0,-0.0,150.5599,0.9128,stand_2,303.5518,0.0,-0.0,0.0,-0.0,Sidewalk
623.5,147.4431,3.0566,0.90757,0.0,0.06981,150.5599,0.9127,stand_2,303.5644,0.0,0.06981,0.0,0.06981,Sidewalk
624.0,147.4431,3.0566,0.90757,0.0,-0.0,150.5599,0.9127,stand_2,303.5519,0.0,-0.0,0.0,-0.0,Sidewalk
624.5,147.4431,3.0566,0.94248,0.0,0.06981,150.5599,0.9127,stand_2,303.5644,0.0,0.06981,0.0,0.06981,Sidewalk
625.0,147.4431,3.0566,0.94248,0.0,-0.0,150.5599,0.9127,stand_2,303.5519,0.0,-0.0,0.0,-0.0,Sidewalk
625.5,147.4431,3.0566,0.97738,0.0,0.06981,150.5599,0.9127,stand_2,303.5644,0.0,0.06981,0.0,0.06981,Sidewalk
626.0,147.4431,3.0566,0.97738,0.0,-0.0,150.5599,0.9127,stand_2,303.5519,0.0,-0.0,0.0,-0.0,Sidewalk
626.5,147.4431,3.0566,1.01229,0.0,0.06981,150.5599,0.9127,stand_2,303.5644,0.0,0.06981,0.0,0.06981,Sidewalk
627.0,147.4431,3.0566,1.01229,0.0,-0.0,150.5599,0.9127,stand_2,303.5519,0.0,-0.0,0.0,-0.0,Sidewalk
627.5,147.4431,3.0566,1.0472,0.0,0.06981,150.5599,0.9127,stand_2,303.5645,0.0,0.06981,0.0,0.06981,Sidewalk
628.0,147.4431,3.0566,1.0472,0.0,-0.0,150.5599,0.9127,stand_2,303.5519,0.0,-0.0,0.0,-0.0,Sidewalk
628.5,147.4431,3.0566,1.0821,0.0,0.06981,150.5599,0.9127,stand_2,303.5645,0.0,0.06981,0.0,0.06981,Sidewalk
629.0,147.4431,3.0566,1.0821,0.0,-0.0,150.5599,0.9127,stand_2,303.5519,0.0,-0.0,0.0,-0.0,Sidewalk
629.5,147.4431,3.0566,1.11701,0.0,0.06981,150.5599,0.9127,stand_2,303.5645,0.0,0.06981,0.0,0.06981,Sidewalk
630.0,147.4431,3.0566,1.11701,0.0,-0.0,150.5599,0.9127,stand_2,303.5519,0.0,-0.0,0.0,-0.0,Sidewalk
630.5,147.4431,3.0566,1.15192,0.0,0.06981,150.5599,0.9127,stand_2,303.5645,0.0,0.06981,0.0,0.06981,Sidewalk
631.0,147.4431,3.0566,1.15192,0.0,-0.0,150.5599,0.9127,stand_2,303.5519,0.0,-0.0,0.0,-0.0,Sidewalk
631.5,147.4431,3.0566,1.18682,0.0,0.06981,150.5599,0.9127,stand_2,303.5645,0.0,0.06981,0.0,0.06981,Sidewalk
632.0,147.4431,3.0566,1.18682,0.0,-0.0,150.5599,0.9127,stand_2,303.5519,0.0,-0.0,0.0,-0.0,Sidewalk
632.5,147.4431,3.0566,1.22173,0.0,0.06981,150.5599,0.9127,stand_2,303.5645,0.0,0.06981,0.0,0.06981,Sidewalk
633.0,147.4431,3.0566,1.22173,0.0,-0.0,150.5599,0.9127,stand_2,303.552,0.0,-0.0,0.0,-0.0,Sidewalk
633.5,147.4431,3.0566,1.25664,0.0,0.06981,150.5599,0.9127,stand_2,303.5645,0.0,0.06981,0.0,0.06981,Sidewalk
634.0,147.4431,3.0566,1.25664,0.0,-0.0,150.5599,0.9127,stand_2,303.552,0.0,-0.0,0.0,-0.0,Sidewalk
634.5,147.4431,3.0566,1.29154,0.0,0.06981,150.5599,0.9127,stand_2,303.5645,0.0,0.06981,0.0,0.06981,Sidewalk
635.0,147.4431,3.0566,1.29154,0.0,-0.0,150.5599,0.9127,stand_2,303.552,0.0,-0.0,0.0,-0.0,Sidewalk
635.5,147.4431,3.0566,1.32645,0.0,0.06981,150.5599,0.9127,stand_2,303.5645,0.0,0.06981,0.0,0.06981,Sidewalk
636.0,147.4431,3.0566,1.32645,0.0,-0.0,150.5599,0.9127,stand_2,303.552,0.0,-0.0,0.0,-0.0,Sidewalk
636.5,147.4431,3.0566,1.36136,0.0,0.06981,150.5599,0.9127,stand_2,303.5646,0.0,0.06981,0.0,0.06981,Sidewalk
637.0,147.4431,3.0566,1.36136,0.0,-0.0,150.5599,0.9127,stand_2,303.552,0.0,-0.0,0.0,-0.0,Sidewalk
637.5,147.4431,3.0566,1.39626,0.0,0.06981,150.5599,0.9127,stand_2,303.5646,0.0,0.06981,0.0,0.06981,Sidewalk
638.0,147.4431,3.0566,1.39626,0.0,-0.0,150.5599,0.9127,stand_2,303.552,0.0,-0.0,0.0,-0.0,Sidewalk
638.5,147.4431,3.0566,1.43117,0.0,0.06981,150.5599,0.9127,stand_2,303.5646,0.0,0.06981,0.0,0.06981,Sidewalk
639.0,147.4431,3.0566,1.43117,0.0,-0.0,150.5599,0.9127,stand_2,303.552,0.0,-0.0,0.0,-0.0,Sidewalk
639.5,147.4431,3.0566,1.46608,0.0,0.06981,150.5599,0.9127,stand_2,303.5646,0.0,0.06981,0.0,0.06981,Sidewalk
640.0,147.4431,3.0566,1.46608,0.0,-0.0,150.5599,0.9127,stand_2,303.552,0.0,-0.0,0.0,-0.0,Sidewalk
640.5,147.4431,3.0566,1.50098,0.0,0.06981,150.5599,0.9127,stand_2,303.5646,0.0,0.06981,0.0,0.06981,Sidewalk
641.0,147.4431,3.0566,1.50098,0.0,-0.0,150.5599,0.9127,stand_2,303.552,0.0,-0.0,0.0,-0.0,Sidewalk
641.5,147.4431,3.0566,1.53589,0.0,0.06981,150.5599,0.9127,stand_2,303.5646,0.0,0.06981,0.0,0.06981,Sidewalk
642.0,147.4431,3.0566,1.53589,0.0,-0.0,150.5599,0.9127,stand_2,303.552,0.0,-0.0,0.0,-0.0,Sidewalk
642.5,147.4431,3.0566,1.5708,0.0,0.06981,150.5599,0.9127,stand_2,303.5646,0.0,0.06981,0.0,0.06981,Sidewalk
643.0,147.4431,3.0566,1.5708,0.0,-0.0,150.5599,0.9127,stand_2,303.552,0.0,-0.0,0.0,-0.0,Sidewalk
643.5,147.4431,3.0566,1.6057,0.0,0.06981,150.5599,0.9127,stand_2,303.5646,0.0,0.06981,0.0,0.06981,Sidewalk
644.0,147.4431,3.0566,1.6057,0.0,-0.0,150.5599,0.9127,stand_2,303.5521,0.0,-0.0,0.0,-0.0,Sidewalk
644.5,147.4431,3.0566,1.64061,0.0,0.06981,150.5599,0.9127,stand_2,303.5646,0.0,0.06981,0.0,0.06981,Sidewalk
645.0,147.4431,3.0566,1.64061,0.0,-0.0,150.5599,0.9127,stand_2,303.5521,0.0,-0.0,0.0,-0.0,Sidewalk
645.5,147.4431,3.0566,1.67552,0.0,0.06981,150.5599,0.9127,stand_2,303.5646,0.0,0.06981,0.0,0.06981,Sidewalk
646.0,147.4431,3.0566,1.67552,0.0,-0.0,150.5599,0.9127,stand_2,303.5521,0.0,-0.0,0.0,-0.0,Sidewalk
646.5,147.4431,3.0566,1.71042,0.0,0.06981,150.5599,0.9127,stand_2,303.5646,0.0,0.06981,0.0,0.06981,Sidewalk
647.0,147.4431,3.0566,1.71042,0.0,-0.0,150.5599,0.9127,stand_2,303.5521,0.0,-0.0,0.0,-0.0,Sidewalk
647.5,147.4431,3.0566,1.74533,0.0,0.06981,150.5599,0.9127,stand_2,303.5646,0.0,0.06981,0.0,0.06981,Sidewalk
648.0,147.4431,3.0566,1.74533,0.0,-0.0,150.5599,0.9127,stand_2,303.5521,0.0,-0.0,0.0,-0.0,Sidewalk
648.5,147.4431,3.0566,1.78024,0.0,0.06981,150.5599,0.9127,stand_2,303.5647,0.0,0.06981,0.0,0.06981,Sidewalk
649.0,147.4431,3.0566,1.78024,0.0,-0.0,150.5599,0.9127,stand_2,303.5521,0.0,-0.0,0.0,-0.0,Sidewalk
649.5,147.4431,3.0566,1.81514,0.0,0.06981,150.5599,0.9127,stand_2,303.5647,0.0,0.06981,0.0,0.06981,Sidewalk
650.0,147.4431,3.0566,1.81514,0.0,-0.0,150.5599,0.9127,stand_2,303.5521,0.0,-0.0,0.0,-0.0,Sidewalk
650.5,147.4431,3.0566,1.85005,0.0,0.06981,150.5599,0.9127,stand_2,303.5647,0.0,0.06981,0.0,0.06981,Sidewalk
651.0,147.4431,3.0566,1.85005,0.0,-0.0,150.5599,0.9127,stand_2,303.5521,0.0,-0.0,0.0,-0.0,Sidewalk
651.5,147.4431,3.0566,1.88496,0.0,0.06981,150.5599,0.9127,stand_2,303.5647,0.0,0.06981,0.0,0.06981,Sidewalk
652.0,147.4431,3.0566,1.88496,0.0,-0.0,150.5599,0.9127,stand_2,303.5521,0.0,-0.0,0.0,-0.0,Sidewalk
652.5,147.4431,3.0566,1.91986,0.0,0.06981,150.5599,0.9127,stand_2,303.5647,0.0,0.06981,0.0,0.06981,Sidewalk
653.0,147.4431,3.0566,1.91986,0.0,-0.0,150.5599,0.9127,stand_2,303.5521,0.0,-0.0,0.0,-0.0,Sidewalk
653.5,147.4431,3.0566,1.95477,0.0,0.06981,150.5599,0.9127,stand_2,303.5647,0.0,0.06981,0.0,0.06981,Sidewalk
654.0,147.4431,3.0566,1.95477,0.0,-0.0,150.5599,0.9127,stand_2,303.5522,0.0,-0.0,0.0,-0.0,Sidewalk
654.5,147.4431,3.0566,1.98968,0.0,0.06981,150.5599,0.9127,stand_2,303.5647,0.0,0.06981,0.0,0.06981,Sidewalk
655.0,147.4431,3.0566,1.98968,0.0,-0.0,150.5599,0.9127,stand_2,303.5522,0.0,-0.0,0.0,-0.0,Sidewalk
655.5,147.4431,3.0566,2.02458,0.0,0.06981,150.5599,0.9127,stand_2,303.5647,0.0,0.06981,0.0,0.06981,Sidewalk
656.0,147.4431,3.0566,2.02458,0.0,-0.0,150.5599,0.9127,stand_2,303.5522,0.0,-0.0,0.0,-0.0,Sidewalk
656.5,147.4431,3.0566,2.05949,0.0,0.06981,150.5599,0.9127,stand_2,303.5647,0.0,0.06981,0.0,0.06981,Sidewalk
657.0,147.4431,3.0566,2.05949,0.0,-0.0,150.5599,0.9127,stand_2,303.5522,0.0,-0.0,0.0,-0.0,Sidewalk
657.5,147.4431,3.0566,2.0944,0.0,0.06981,150.5599,0.9127,stand_2,303.5648,0.0,0.06981,0.0,0.06981,Sidewalk
658.0,147.4431,3.0566,2.0944,0.0,-0.0,150.5599,0.9127,stand_2,303.5522,0.0,-0.0,0.0,-0.0,Sidewalk
658.5,147.4431,3.0566,2.1293,0.0,0.06981,150.5599,0.9126,stand_2,303.5648,0.0,0.06981,0.0,0.06981,Sidewalk
659.0,147.4431,3.0566,2.1293,0.0,-0.0,150.5599,0.9126,stand_2,303.5522,0.0,-0.0,0.0,-0.0,Sidewalk
659.5,147.4431,3.0566,2.16421,0.0,0.06981,150.5599,0.9126,stand_2,303.5648,0.0,0.06981,0.0,0.06981,Sidewalk
660.0,147.4431,3.0566,2.16421,0.0,-0.0,150.5599,0.9126,stand_2,303.5522,0.0,-0.0,0.0,-0.0,Sidewalk
660.5,147.4431,3.0566,2.19911,0.0,0.06981,150.5599,0.9126,stand_2,303.5648,0.0,0.06981,0.0,0.06981,Sidewalk
661.0,147.4431,3.0566,2.19911,0.0,-0.0,150.5599,0.9126,stand_2,303.5522,0.0,-0.0,0.0,-0.0,Sidewalk
661.5,147.4431,3.0566,2.23402,0.0,0.06981,150.5599,0.9126,stand_2,303.5648,0.0,0.06981,0.0,0.06981,Sidewalk
662.0,147.4431,3.0566,2.23402,0.0,-0.0,150.5599,0.9126,stand_2,303.5522,0.0,-0.0,0.0,-0.0,Sidewalk
662.5,147.4431,3.0566,2.26893,0.0,0.06981,150.5599,0.9126,stand_2,303.5648,0.0,0.06981,0.0,0.06981,Sidewalk
663.0,147.4431,3.0566,2.26893,0.0,-0.0,150.5599,0.9126,stand_2,303.5522,0.0,-0.0,0.0,-0.0,Sidewalk
663.5,147.4431,3.0566,2.30383,0.0,0.06981,150.5599,0.9126,stand_2,303.5648,0.0,0.06981,0.0,0.06981,Sidewalk
664.0,147.4431,3.0566,2.30383,0.0,-0.0,150.5599,0.9126,stand_2,303.5523,0.0,-0.0,0.0,-0.0,Sidewalk
664.5,147.4431,3.0566,2.33874,0.0,0.06981,150.5599,0.9126,stand_2,303.5648,0.0,0.06981,0.0,0.06981,Sidewalk
665.0,147.4431,3.0566,2.33874,0.0,-0.0,150.5599,0.9126,stand_2,303.5523,0.0,-0.0,0.0,-0.0,Sidewalk
665.5,147.4431,3.0566,2.37365,0.0,0.06981,150.5599,0.9126,stand_2,303.5648,0.0,0.06981,0.0,0.06981,Sidewalk
666.0,147.4431,3.0566,2.37365,0.0,-0.0,150.5599,0.9126,stand_2,303.5523,0.0,-0.0,0.0,-0.0,Sidewalk
666.5,147.4431,3.0566,2.40855,0.0,0.06981,150.5599,0.9126,stand_2,303.5648,0.0,0.06981,0.0,0.06981,Sidewalk
667.0,147.4431,3.0566,2.40855,0.0,-0.0,150.5599,0.9126,stand_2,303.5523,0.0,-0.0,0.0,-0.0,Sidewalk
667.5,147.4431,3.0566,2.44346,0.0,0.06981,150.5599,0.9126,stand_2,303.5649,0.0,0.06981,0.0,0.06981,Sidewalk
668.0,147.4431,3.0566,2.44346,0.0,-0.0,150.5599,0.9126,stand_2,303.5523,0.0,-0.0,0.0,-0.0,Sidewalk
668.5,147.4431,3.0566,2.47837,0.0,0.06981,150.5599,0.9126,stand_2,303.5649,0.0,0.06981,0.0,0.06981,Sidewalk
669.0,147.4431,3.0566,2.47837,0.0,-0.0,150.5599,0.9126,stand_2,303.5523,0.0,-0.0,0.0,-0.0,Sidewalk
669.5,147.4431,3.0566,2.51327,0.0,0.06981,150.5599,0.9126,stand_2,303.5649,0.0,0.06981,0.0,0.06981,Sidewalk
670.0,147.4431,3.0566,2.51327,0.0,-0.0,150.5599,0.9126,stand_2,303.5523,0.0,-0.0,0.0,-0.0,Sidewalk
670.5,147.4431,3.0566,2.54818,0.0,0.06981,150.5599,0.9126,stand_2,303.5649,0.0,0.06981,0.0,0.06981,Sidewalk
671.0,147.4431,3.0566,2.54818,0.0,-0.0,150.5599,0.9126,stand_2,303.5523,0.0,-0.0,0.0,-0.0,Sidewalk
671.5,147.4431,3.0566,2.58309,0.0,0.06981,150.5599,0.9126,stand_2,303.5649,0.0,0.06981,0.0,0.06981,Sidewalk
672.0,147.4431,3.0566,2.58309,0.0,-0.0,150.5599,0.9126,stand_2,303.5523,0.0,-0.0,0.0,-0.0,Sidewalk
672.5,147.4431,3.0566,2.61799,0.0,0.06981,150.5599,0.9126,stand_2,303.5649,0.0,0.06981,0.0,0.06981,Sidewalk
673.0,147.4431,3.0566,2.61799,0.0,-0.0,150.5599,0.9126,stand_2,303.5523,0.0,-0.0,0.0,-0.0,Sidewalk
673.5,147.4431,3.0566,2.6529,0.0,0.06981,150.5599,0.9126,stand_2,303.5649,0.0,0.06981,0.0,0.06981,Sidewalk
674.0,147.4431,3.0566,2.6529,0.0,-0.0,150.5599,0.9126,stand_2,303.5524,0.0,-0.0,0.0,-0.0,Sidewalk
674.5,147.4431,3.0566,2.68781,0.0,0.06981,150.5599,0.9126,stand_2,303.5649,0.0,0.06981,0.0,0.06981,Sidewalk
675.0,147.4431,3.0566,2.68781,0.0,-0.0,150.5599,0.9126,stand_2,303.5524,0.0,-0.0,0.0,-0.0,Sidewalk
675.5,147.4431,3.0566,2.72271,0.0,0.06981,150.5599,0.9126,stand_2,303.5649,0.0,0.06981,0.0,0.06981,Sidewalk
676.0,147.4431,3.0566,2.72271,0.0,-0.0,150.5599,0.9126,stand_2,303.5524,0.0,-0.0,0.0,-0.0,Sidewalk
676.5,147.4431,3.0566,2.75762,0.0,0.06981,150.5599,0.9126,stand_2,303.5649,0.0,0.06981,0.0,0.06981,Sidewalk
677.0,147.4431,3.0566,2.75762,0.0,-0.0,150.5599,0.9126,stand_2,303.5524,0.0,-0.0,0.0,-0.0,Sidewalk
677.5,147.4431,3.0566,2.79253,0.0,0.06981,150.5599,0.9126,stand_2,303.565,0.0,0.06981,0.0,0.06981,Sidewalk
678.0,147.4431,3.0566,2.79253,0.0,-0.0,150.5599,0.9126,stand_2,303.5524,0.0,-0.0,0.0,-0.0,Sidewalk
678.5,147.4431,3.0566,2.82743,0.0,0.06981,150.5599,0.9126,stand_2,303.565,0.0,0.06981,0.0,0.06981,Sidewalk
679.0,147.4431,3.0566,2.82743,0.0,-0.0,150.5599,0.9126,stand_2,303.5524,0.0,-0.0,0.0,-0.0,Sidewalk
679.5,147.4431,3.0566,2.86234,0.0,0.06981,150.5599,0.9126,stand_2,303.565,0.0,0.06981,0.0,0.06981,Sidewalk
680.0,147.4431,3.0566,2.86234,0.0,-0.0,150.5599,0.9126,stand_2,303.5524,0.0,-0.0,0.0,-0.0,Sidewalk
680.5,147.4431,3.0566,2.89725,0.0,0.06981,150.5599,0.9126,stand_2,303.565,0.0,0.06981,0.0,0.06981,Sidewalk
681.0,147.4431,3.0566,2.89725,0.0,-0.0,150.5599,0.9126,stand_2,303.5524,0.0,-0.0,0.0,-0.0,Sidewalk
681.5,147.4431,3.0566,2.93215,0.0,0.06981,150.5599,0.9126,stand_2,303.565,0.0,0.06981,0.0,0.06981,Sidewalk
682.0,147.4431,3.0566,2.93215,0.0,-0.0,150.5599,0.9126,stand_2,303.5524,0.0,-0.0,0.0,-0.0,Sidewalk
682.5,147.4431,3.0566,2.96706,0.0,0.06981,150.5599,0.9126,stand_2,303.565,0.0,0.06981,0.0,0.06981,Sidewalk
683.0,147.4431,3.0566,2.96706,0.0,-0.0,150.5599,0.9126,stand_2,303.5524,0.0,-0.0,0.0,-0.0,Sidewalk
683.5,147.4431,3.0566,3.00197,0.0,0.06981,150.5599,0.9126,stand_2,303.565,0.0,0.06981,0.0,0.06981,Sidewalk
684.0,147.4431,3.0566,3.00197,0.0,-0.0,150.5599,0.9126,stand_2,303.5524,0.0,-0.0,0.0,-0.0,Sidewalk
684.5,147.4431,3.0566,3.03687,0.0,0.06981,150.5599,0.9126,stand_2,303.565,0.0,0.06981,0.0,0.06981,Sidewalk
685.0,147.4431,3.0566,3.03687,0.0,-0.0,150.5599,0.9126,stand_2,303.5525,0.0,-0.0,0.0,-0.0,Sidewalk
685.5,147.4431,3.0566,3.07178,0.0,0.06981,150.5599,0.9126,stand_2,303.565,0.0,0.06981,0.0,0.06981,Sidewalk
686.0,147.4431,3.0566,3.07178,0.0,-0.0,150.5599,0.9126,stand_2,303.5525,0.0,-0.0,0.0,-0.0,Sidewalk
686.5,147.4431,3.0566,3.10669,0.0,0.06981,150.5599,0.9126,stand_2,303.565,0.0,0.06981,0.0,0.06981,Sidewalk
687.0,147.4431,3.0566,3.10669,0.0,-0.0,150.5599,0.9126,stand_2,303.5525,0.0,-0.0,0.0,-0.0,Sidewalk
687.5,147.4431,3.0566,3.14159,0.0,0.06981,150.5599,0.9126,stand_2,303.565,0.0,0.06981,0.0,0.06981,Sidewalk
688.0,147.4431,3.0566,3.14159,0.0,-0.0,150.5599,0.9126,stand_2,303.5525,0.0,-0.0,0.0,-0.0,Sidewalk
688.5,147.4431,3.0566,-3.10669,0.0,0.06981,150.5599,0.9126,stand_2,303.5651,0.0,0.06981,0.0,0.06981,Sidewalk
689.0,147.4431,3.0566,-3.10669,0.0,-0.0,150.5599,0.9126,stand_2,303.5525,0.0,-0.0,0.0,-0.0,Sidewalk
689.5,147.4431,3.0566,-3.07178,0.0,0.06981,150.5599,0.9126,stand_2,303.5651,0.0,0.06981,0.0,0.06981,Sidewalk
690.0,147.4431,3.0566,-3.07178,0.0,-0.0,150.5599,0.9126,stand_2,303.5525,0.0,-0.0,0.0,-0.0,Sidewalk
690.5,147.4431,3.0566,-3.03687,0.0,0.06981,150.5599,0.9126,stand_2,303.5651,0.0,0.06981,0.0,0.06981,Sidewalk
691.0,147.4431,3.0566,-3.03687,0.0,-0.0,150.5599,0.9126,stand_2,303.5525,0.0,-0.0,0.0,-0.0,Sidewalk
691.5,147.4431,3.0566,-3.00197,0.0,0.06981,150.5599,0.9126,stand_2,303.5651,0.0,0.06981,0.0,0.06981,Sidewalk
692.0,147.4431,3.0566,-3.00197,0.0,-0.0,150.5599,0.9126,stand_2,303.5525,0.0,-0.0,0.0,-0.0,Sidewalk
692.5,147.4431,3.0566,-2.96706,0.0,0.06981,150.5599,0.9126,stand_2,303.5651,0.0,0.06981,0.0,0.06981,Sidewalk
693.0,147.4431,3.0566,-2.96706,0.0,-0.0,150.5599,0.9125,stand_2,303.5525,0.0,-0.0,0.0,-0.0,Sidewalk
693.5,147.4431,3.0566,-2.93215,0.0,0.06981,150.5599,0.9125,stand_2,303.5651,0.0,0.06981,0.0,0.06981,Sidewalk
694.0,147.4431,3.0566,-2.93215,0.0,-0.0,150.5599,0.9125,stand_2,303.5526,0.0,-0.0,0.0,-0.0,Sidewalk
694.5,147.4431,3.0566,-2.89725,0.0,0.06981,150.5599,0.9125,stand_2,303.5651,0.0,0.06981,0.0,0.06981,Sidewalk
695.0,147.4431,3.0566,-2.89725,0.0,-0.0,150.5599,0.9125,stand_2,303.5526,0.0,-0.0,0.0,-0.0,Sidewalk
695.5,147.4431,3.0566,-2.86234,0.0,0.06981,150.5599,0.9125,stand_2,303.5651,0.0,0.06981,0.0,0.06981,Sidewalk
696.0,147.4431,3.0566,-2.86234,0.0,-0.0,150.5599,0.9125,stand_2,303.5526,0.0,-0.0,0.0,-0.0,Sidewalk
696.5,147.4431,3.0566,-2.82743,0.0,0.06981,150.5599,0.9125,stand_2,303.5651,0.0,0.06981,0.0,0.06981,Sidewalk
697.0,147.4431,3.0566,-2.82743,0.0,-0.0,150.5599,0.9125,stand_2,303.5526,0.0,-0.0,0.0,-0.0,Sidewalk
697.5,147.4431,3.0566,-2.79253,0.0,0.06981,150.5599,0.9125,stand_2,303.5652,0.0,0.06981,0.0,0.06981,Sidewalk
698.0,147.4431,3.0566,-2.79253,0.0,-0.0,150.5599,0.9125,stand_2,303.5526,0.0,-0.0,0.0,-0.0,Sidewalk
698.5,147.4431,3.0566,-2.75762,0.0,0.06981,150.5599,0.9125,stand_2,303.5652,0.0,0.06981,0.0,0.06981,Sidewalk
699.0,147.4431,3.0566,-2.75762,0.0,-0.0,150.5599,0.9125,stand_2,303.5526,0.0,-0.0,0.0,-0.0,Sidewalk
699.5,147.4431,3.0566,-2.72271,0.0,0.06981,150.5599,0.9125,stand_2,303.5652,0.0,0.06981,0.0,0.06981,Sidewalk
700.0,147.4431,3.0566,-2.72271,0.0,-0.0,150.5599,0.9125,stand_2,303.5526,0.0,-0.0,0.0,-0.0,Sidewalk
700.5,147.4431,3.0566,-2.68781,0.0,0.06981,150.5599,0.9125,stand_2,303.5652,0.0,0.06981,0.0,0.06981,Sidewalk
701.0,147.4431,3.0566,-2.68781,0.0,-0.0,150.5599,0.9125,stand_2,303.5526,0.0,-0.0,0.0,-0.0,Sidewalk
701.5,147.4431,3.0566,-2.6529,0.0,0.06981,150.5599,0.9125,stand_2,303.5652,0.0,0.06981,0.0,0.06981,Sidewalk
702.0,147.4431,3.0566,-2.6529,0.0,-0.0,150.5599,0.9125,stand_2,303.5526,0.0,-0.0,0.0,-0.0,Sidewalk
702.5,147.4431,3.0566,-2.61799,0.0,0.06981,150.5599,0.9125,stand_2,303.5652,0.0,0.06981,0.0,0.06981,Sidewalk
703.0,147.4431,3.0566,-2.61799,0.0,-0.0,150.5599,0.9125,stand_2,303.5526,0.0,-0.0,0.0,-0.0,Sidewalk
703.5,147.4431,3.0566,-2.58309,0.0,0.06981,150.5599,0.9125,stand_2,303.5652,0.0,0.06981,0.0,0.06981,Sidewalk
704.0,147.4431,3.0566,-2.58309,0.0,-0.0,150.5599,0.9125,stand_2,303.5527,0.0,-0.0,0.0,-0.0,Sidewalk
704.5,147.4431,3.0566,-2.54818,0.0,0.06981,150.5599,0.9125,stand_2,303.5652,0.0,0.06981,0.0,0.06981,Sidewalk
705.0,147.4431,3.0566,-2.54818,0.0,-0.0,150.5599,0.9125,stand_2,303.5527,0.0,-0.0,0.0,-0.0,Sidewalk
705.5,147.4431,3.0566,-2.51327,0.0,0.06981,150.5599,0.9125,stand_2,303.5652,0.0,0.06981,0.0,0.06981,Sidewalk
706.0,147.4431,3.0566,-2.51327,0.0,-0.0,150.5599,0.9125,stand_2,303.5527,0.0,-0.0,0.0,-0.0,Sidewalk
706.5,147.4431,3.0566,-2.47837,0.0,0.06981,150.5599,0.9125,stand_2,303.5652,0.0,0.06981,0.0,0.06981,Sidewalk
707.0,147.4431,3.0566,-2.47837,0.0,-0.0,150.5599,0.9125,stand_2,303.5527,0.0,-0.0,0.0,-0.0,Sidewalk
707.5,147.4431,3.0566,-2.44346,0.0,0.06981,150.5599,0.9125,stand_2,303.5653,0.0,0.06981,0.0,0.06981,Sidewalk
708.0,147.4431,3.0566,-2.44346,0.0,-0.0,150.5599,0.9125,stand_2,303.5527,0.0,-0.0,0.0,-0.0,Sidewalk
708.5,147.4431,3.0566,-2.40855,0.0,0.06981,150.5599,0.9125,stand_2,303.5653,0.0,0.06981,0.0,0.06981,Sidewalk
709.0,147.4431,3.0566,-2.40855,0.0,-0.0,150.5599,0.9125,stand_2,303.5527,0.0,-0.0,0.0,-0.0,Sidewalk
709.5,147.4431,3.0566,-2.37365,0.0,0.06981,150.5599,0.9125,stand_2,303.5653,0.0,0.06981,0.0,0.06981,Sidewalk
710.0,147.4431,3.0566,-2.37365,0.0,-0.0,150.5599,0.9125,stand_2,303.5527,0.0,-0.0,0.0,-0.0,Sidewalk
710.5,147.4431,3.0566,-2.33874,0.0,0.06981,150.5599,0.9125,stand_2,303.5653,0.0,0.06981,0.0,0.06981,Sidewalk
711.0,147.4431,3.0566,-2.33874,0.0,-0.0,150.5599,0.9125,stand_2,303.5527,0.0,-0.0,0.0,-0.0,Sidewalk
711.5,147.4431,3.0566,-2.30383,0.0,0.06981,150.5599,0.9125,stand_2,303.5653,0.0,0.06981,0.0,0.06981,Sidewalk
712.0,147.4431,3.0566,-2.30383,0.0,-0.0,150.5599,0.9125,stand_2,303.5527,0.0,-0.0,0.0,-0.0,Sidewalk
712.5,147.4431,3.0566,-2.26893,0.0,0.06981,150.5599,0.9125,stand_2,303.5653,0.0,0.06981,0.0,0.06981,Sidewalk
713.0,147.4431,3.0566,-2.26893,0.0,-0.0,150.5599,0.9125,stand_2,303.5527,0.0,-0.0,0.0,-0.0,Sidewalk
713.5,147.4431,3.0566,-2.23402,0.0,0.06981,150.5599,0.9125,stand_2,303.5653,0.0,0.06981,0.0,0.06981,Sidewalk
714.0,147.4431,3.0566,-2.23402,0.0,-0.0,150.5599,0.9125,stand_2,303.5528,0.0,-0.0,0.0,-0.0,Sidewalk
714.5,147.4431,3.0566,-2.19911,0.0,0.06981,150.5599,0.9125,stand_2,303.5653,0.0,0.06981,0.0,0.06981,Sidewalk
715.0,147.4431,3.0566,-2.19911,0.0,-0.0,150.5599,0.9125,stand_2,303.5528,0.0,-0.0,0.0,-0.0,Sidewalk
715.5,147.4431,3.0566,-2.16421,0.0,0.06981,150.5599,0.9125,stand_2,303.5653,0.0,0.06981,0.0,0.06981,Sidewalk
716.0,147.4431,3.0566,-2.16421,0.0,-0.0,150.5599,0.9125,stand_2,303.5528,0.0,-0.0,0.0,-0.0,Sidewalk
716.5,147.4431,3.0566,-2.1293,0.0,0.06981,150.5599,0.9125,stand_2,303.5653,0.0,0.06981,0.0,0.06981,Sidewalk
717.0,147.4431,3.0566,-2.1293,0.0,-0.0,150.5599,0.9125,stand_2,303.5528,0.0,-0.0,0.0,-0.0,Sidewalk
717.5,147.4431,3.0566,-2.0944,0.0,0.06981,150.5599,0.9125,stand_2,303.5653,0.0,0.06981,0.0,0.06981,Sidewalk
718.0,147.4431,3.0566,-2.0944,0.0,-0.0,150.5599,0.9125,stand_2,303.5528,0.0,-0.0,0.0,-0.0,Sidewalk
718.5,147.4431,3.0566,-2.05949,0.0,0.06981,150.5599,0.9125,stand_2,303.5654,0.0,0.06981,0.0,0.06981,Sidewalk
719.0,147.4431,3.0566,-2.05949,0.0,-0.0,150.5599,0.9125,stand_2,303.5528,0.0,-0.0,0.0,-0.0,Sidewalk
719.5,147.4431,3.0566,-2.02458,0.0,0.06981,150.5599,0.9125,stand_2,303.5654,0.0,0.06981,0.0,0.06981,Sidewalk
720.0,147.4431,3.0566,-2.02458,0.0,-0.0,150.5599,0.9125,stand_2,303.5528,0.0,-0.0,0.0,-0.0,Sidewalk
720.5,147.4431,3.0566,-1.98968,0.0,0.06981,150.5599,0.9125,stand_2,303.5654,0.0,0.06981,0.0,0.06981,Sidewalk
721.0,147.4431,3.0566,-1.98968,0.0,-0.0,150.5599,0.9125,stand_2,303.5528,0.0,-0.0,0.0,-0.0,Sidewalk
721.5,147.4431,3.0566,-1.95477,0.0,0.06981,150.5599,0.9125,stand_2,303.5654,0.0,0.06981,0.0,0.06981,Sidewalk
722.0,147.4431,3.0566,-1.95477,0.0,-0.0,150.5599,0.9125,stand_2,303.5528,0.0,-0.0,0.0,-0.0,Sidewalk
722.5,147.4431,3.0566,-1.91986,0.0,0.06981,150.5599,0.9125,stand_2,303.5654,0.0,0.06981,0.0,0.06981,Sidewalk
723.0,147.4431,3.0566,-1.91986,0.0,-0.0,150.5599,0.9125,stand_2,303.5528,0.0,-0.0,0.0,-0.0,Sidewalk
723.5,147.4431,3.0566,-1.88496,0.0,0.06981,150.5599,0.9125,stand_2,303.5654,0.0,0.06981,0.0,0.06981,Sidewalk
724.0,147.4431,3.0566,-1.88496,0.0,-0.0,150.5599,0.9125,stand_2,303.5528,0.0,-0.0,0.0,-0.0,Sidewalk
724.5,147.4431,3.0566,-1.85005,0.0,0.06981,150.5599,0.9125,stand_2,303.5654,0.0,0.06981,0.0,0.06981,Sidewalk
725.0,147.4431,3.0566,-1.85005,0.0,-0.0,150.5599,0.9125,stand_2,303.5529,0.0,-0.0,0.0,-0.0,Sidewalk
725.5,147.4431,3.0566,-1.81514,0.0,0.06981,150.5599,0.9125,stand_2,303.5654,0.0,0.06981,0.0,0.06981,Sidewalk
726.0,147.4431,3.0566,-1.81514,0.0,-0.0,150.5599,0.9125,stand_2,303.5529,0.0,-0.0,0.0,-0.0,Sidewalk
726.5,147.4431,3.0566,-1.78024,0.0,0.06981,150.5599,0.9125,stand_2,303.5654,0.0,0.06981,0.0,0.06981,Sidewalk
727.0,147.4431,3.0566,-1.78024,0.0,-0.0,150.5599,0.9124,stand_2,303.5529,0.0,-0.0,0.0,-0.0,Sidewalk
727.5,147.4431,3.0566,-1.74533,0.0,0.06981,150.5599,0.9124,stand_2,303.5655,0.0,0.06981,0.0,0.06981,Sidewalk
728.0,147.4431,3.0566,-1.74533,0.0,-0.0,150.5599,0.9124,stand_2,303.5529,0.0,-0.0,0.0,-0.0,Sidewalk
728.5,147.4431,3.0566,-1.71042,0.0,0.06981,150.5599,0.9124,stand_2,303.5655,0.0,0.06981,0.0,0.06981,Sidewalk
729.0,147.4431,3.0566,-1.71042,0.0,-0.0,150.5599,0.9124,stand_2,303.5529,0.0,-0.0,0.0,-0.0,Sidewalk
729.5,147.4431,3.0566,-1.67552,0.0,0.06981,150.5599,0.9124,stand_2,303.5655,0.0,0.06981,0.0,0.06981,Sidewalk
730.0,147.4431,3.0566,-1.67552,0.0,-0.0,150.5599,0.9124,stand_2,303.5529,0.0,-0.0,0.0,-0.0,Sidewalk
730.5,147.4431,3.0566,-1.64061,0.0,0.06981,150.5599,0.9124,stand_2,303.5655,0.0,0.06981,0.0,0.06981,Sidewalk
731.0,147.4431,3.0566,-1.64061,0.0,-0.0,150.5599,0.9124,stand_2,303.5529,0.0,-0.0,0.0,-0.0,Sidewalk
731.5,147.4431,3.0566,-1.6057,0.0,0.06981,150.5599,0.9124,stand_2,303.5655,0.0,0.06981,0.0,0.06981,Sidewalk
732.0,147.4431,3.0566,-1.6057,0.0,-0.0,150.5599,0.9124,stand_2,303.5529,0.0,-0.0,0.0,-0.0,Sidewalk
732.5,147.4431,3.0566,-1.5708,0.0,0.06981,150.5599,0.9124,stand_2,303.5655,0.0,0.06981,0.0,0.06981,Sidewalk
733.0,147.4431,3.0566,-1.5708,0.0,-0.0,150.5599,0.9124,stand_2,303.5529,0.0,-0.0,0.0,-0.0,Sidewalk
733.5,147.4431,3.0566,-1.53589,0.0,0.06981,150.5599,0.9124,stand_2,303.5655,0.0,0.06981,0.0,0.06981,Sidewalk
734.0,147.4431,3.0566,-1.53589,0.0,-0.0,150.5599,0.9124,stand_2,303.553,0.0,-0.0,0.0,-0.0,Sidewalk
734.5,147.4431,3.0566,-1.50098,0.0,0.06981,150.5599,0.9124,stand_2,303.5655,0.0,0.06981,0.0,0.06981,Sidewalk
735.0,147.4431,3.0566,-1.50098,0.0,-0.0,150.5599,0.9124,stand_2,303.553,0.0,-0.0,0.0,-0.0,Sidewalk
735.5,147.4431,3.0566,-1.46608,0.0,0.06981,150.5599,0.9124,stand_2,303.5655,0.0,0.06981,0.0,0.06981,Sidewalk
736.0,147.4431,3.0566,-1.46608,0.0,-0.0,150.5599,0.9124,stand_2,303.553,0.0,-0.0,0.0,-0.0,Sidewalk
736.5,147.4431,3.0566,-1.43117,0.0,0.06981,150.5599,0.9124,stand_2,303.5656,0.0,0.06981,0.0,0.06981,Sidewalk
737.0,147.4431,3.0566,-1.43117,0.0,-0.0,150.5599,0.9124,stand_2,303.553,0.0,-0.0,0.0,-0.0,Sidewalk
737.5,147.4431,3.0566,-1.39626,0.0,0.06981,150.5599,0.9124,stand_2,303.5656,0.0,0.06981,0.0,0.06981,Sidewalk
738.0,147.4431,3.0566,-1.39626,0.0,-0.0,150.5599,0.9124,stand_2,303.553,0.0,-0.0,0.0,-0.0,Sidewalk
738.5,147.4431,3.0566,-1.36136,0.0,0.06981,150.5599,0.9124,stand_2,303.5656,0.0,0.06981,0.0,0.06981,Sidewalk
739.0,147.4431,3.0566,-1.36136,0.0,-0.0,150.5599,0.9124,stand_2,303.553,0.0,-0.0,0.0,-0.0,Sidewalk
739.5,147.4431,3.0566,-1.32645,0.0,0.06981,150.5599,0.9124,stand_2,303.5656,0.0,0.06981,0.0,0.06981,Sidewalk
740.0,147.4431,3.0566,-1.32645,0.0,-0.0,150.5599,0.9124,stand_2,303.553,0.0,-0.0,0.0,-0.0,Sidewalk
740.5,147.4431,3.0566,-1.29154,0.0,0.06981,150.5599,0.9124,stand_2,303.5656,0.0,0.06981,0.0,0.06981,Sidewalk
741.0,147.4431,3.0566,-1.29154,0.0,-0.0,150.5599,0.9124,stand_2,303.553,0.0,-0.0,0.0,-0.0,Sidewalk
741.5,147.4431,3.0566,-1.25664,0.0,0.06981,150.5599,0.9124,stand_2,303.5656,0.0,0.06981,0.0,0.06981,Sidewalk
742.0,147.4431,3.0566,-1.25664,0.0,-0.0,150.5599,0.9124,stand_2,303.553,0.0,-0.0,0.0,-0.0,Sidewalk
742.5,147.4431,3.0566,-1.22173,0.0,0.06981,150.5599,0.9124,stand_2,303.5656,0.0,0.06981,0.0,0.06981,Sidewalk
743.0,147.4431,3.0566,-1.22173,0.0,-0.0,150.5599,0.9124,stand_2,303.553,0.0,-0.0,0.0,-0.0,Sidewalk
743.5,147.4431,3.0566,-1.18682,0.0,0.06981,150.5599,0.9124,stand_2,303.5656,0.0,0.06981,0.0,0.06981,Sidewalk
744.0,147.4431,3.0566,-1.18682,0.0,-0.0,150.5599,0.9124,stand_2,303.5531,0.0,-0.0,0.0,-0.0,Sidewalk
744.5,147.4431,3.0566,-1.15192,0.0,0.06981,150.5599,0.9124,stand_2,303.5656,0.0,0.06981,0.0,0.06981,Sidewalk
745.0,147.4431,3.0566,-1.15192,0.0,-0.0,150.5599,0.9124,stand_2,303.5531,0.0,-0.0,0.0,-0.0,Sidewalk
745.5,147.4431,3.0566,-1.11701,0.0,0.06981,150.5599,0.9124,stand_2,303.5656,0.0,0.06981,0.0,0.06981,Sidewalk
746.0,147.4431,3.0566,-1.11701,0.0,-0.0,150.5599,0.9124,stand_2,303.5531,0.0,-0.0,0.0,-0.0,Sidewalk
746.5,147.4431,3.0566,-1.0821,0.0,0.06981,150.5599,0.9124,stand_2,303.5656,0.0,0.06981,0.0,0.06981,Sidewalk
747.0,147.4431,3.0566,-1.0821,0.0,-0.0,150.5599,0.9124,stand_2,303.5531,0.0,-0.0,0.0,-0.0,Sidewalk
747.5,147.4431,3.0566,-1.0472,0.0,0.06981,150.5599,0.9124,stand_2,303.5657,0.0,0.06981,0.0,0.06981,Sidewalk
748.0,147.4431,3.0566,-1.0472,0.0,-0.0,150.5599,0.9124,stand_2,303.5531,0.0,-0.0,0.0,-0.0,Sidewalk
748.5,147.4431,3.0566,-1.01229,0.0,0.06981,150.5599,0.9124,stand_2,303.5657,0.0,0.06981,0.0,0.06981,Sidewalk
749.0,147.4431,3.0566,-1.01229,0.0,-0.0,150.5599,0.9124,stand_2,303.5531,0.0,-0.0,0.0,-0.0,Sidewalk
749.5,147.4431,3.0566,-0.97738,0.0,0.06981,150.5599,0.9124,stand_2,303.5657,0.0,0.06981,0.0,0.06981,Sidewalk
750.0,147.4431,3.0566,-0.97738,0.0,-0.0,150.5599,0.9124,stand_2,303.5531,0.0,-0.0,0.0,-0.0,Sidewalk
750.5,147.4431,3.0566,-0.94248,0.0,0.06981,150.5599,0.9124,stand_2,303.5657,0.0,0.06981,0.0,0.06981,Sidewalk
751.0,147.4431,3.0566,-0.94248,0.0,-0.0,150.5599,0.9124,stand_2,303.5531,0.0,-0.0,0.0,-0.0,Sidewalk
751.5,147.4431,3.0566,-0.90757,0.0,0.06981,150.5599,0.9124,stand_2,303.5657,0.0,0.06981,0.0,0.06981,Sidewalk
752.0,147.4431,3.0566,-0.90757,0.0,-0.0,150.5599,0.9124,stand_2,303.5531,0.0,-0.0,0.0,-0.0,Sidewalk
752.5,147.4431,3.0566,-0.87266,0.0,0.06981,150.5599,0.9124,stand_2,303.5657,0.0,0.06981,0.0,0.06981,Sidewalk
753.0,147.4431,3.0566,-0.87266,0.0,-0.0,150.5599,0.9124,stand_2,303.5531,0.0,-0.0,0.0,-0.0,Sidewalk
753.5,147.4431,3.0566,-0.83776,0.0,0.06981,150.5599,0.9124,stand_2,303.5657,0.0,0.06981,0.0,0.06981,Sidewalk
754.0,147.4431,3.0566,-0.83776,0.0,-0.0,150.5599,0.9124,stand_2,303.5531,0.0,-0.0,0.0,-0.0,Sidewalk
754.5,147.4431,3.0566,-0.80285,0.0,0.06981,150.5599,0.9124,stand_2,303.5657,0.0,0.06981,0.0,0.06981,Sidewalk
755.0,147.4431,3.0566,-0.80285,0.0,-0.0,150.5599,0.9124,stand_2,303.5532,0.0,-0.0,0.0,-0.0,Sidewalk
755.5,147.4431,3.0566,-0.76794,0.0,0.06981,150.5599,0.9124,stand_2,303.5657,0.0,0.06981,0.0,0.06981,Sidewalk
756.0,147.4431,3.0566,-0.76794,0.0,-0.0,150.5599,0.9124,stand_2,303.5532,0.0,-0.0,0.0,-0.0,Sidewalk
756.5,147.4431,3.0566,-0.73304,0.0,0.06981,150.5599,0.9124,stand_2,303.5657,0.0,0.06981,0.0,0.06981,Sidewalk
757.0,147.4431,3.0566,-0.73304,0.0,-0.0,150.5599,0.9124,stand_2,303.5532,0.0,-0.0,0.0,-0.0,Sidewalk
757.5,147.4431,3.0566,-0.69813,0.0,0.06981,150.5599,0.9124,stand_2,303.5658,0.0,0.06981,0.0,0.06981,Sidewalk
758.0,147.4431,3.0566,-0.69813,0.0,-0.0,150.5599,0.9124,stand_2,303.5532,0.0,-0.0,0.0,-0.0,Sidewalk
758.5,147.4431,3.0566,-0.66323,0.0,0.06981,150.5599,0.9124,stand_2,303.5658,0.0,0.06981,0.0,0.06981,Sidewalk
759.0,147.4431,3.0566,-0.66323,0.0,-0.0,150.5599,0.9124,stand_2,303.5532,0.0,-0.0,0.0,-0.0,Sidewalk
759.5,147.4431,3.0566,-0.62832,0.0,0.06981,150.5599,0.9124,stand_2,303.5658,0.0,0.06981,0.0,0.06981,Sidewalk
760.0,147.4431,3.0566,-0.62832,0.0,-0.0,150.5599,0.9124,stand_2,303.5532,0.0,-0.0,0.0,-0.0,Sidewalk
760.5,147.4431,3.0566,-0.59341,0.0,0.06981,150.5599,0.9123,stand_2,303.5658,0.0,0.06981,0.0,0.06981,Sidewalk
761.0,147.4431,3.0566,-0.59341,0.0,-0.0,150.5599,0.9123,stand_2,303.5532,0.0,-0.0,0.0,-0.0,Sidewalk
761.5,147.4431,3.0566,-0.55851,0.0,0.06981,150.5599,0.9123,stand_2,303.5658,0.0,0.06981,0.0,0.06981,Sidewalk
762.0,147.4431,3.0566,-0.55851,0.0,-0.0,150.5599,0.9123,stand_2,303.5532,0.0,-0.0,0.0,-0.0,Sidewalk
762.5,147.4431,3.0566,-0.5236,0.0,0.06981,150.5599,0.9123,stand_2,303.5658,0.0,0.06981,0.0,0.06981,Sidewalk
763.0,147.4431,3.0566,-0.5236,0.0,-0.0,150.5599,0.9123,stand_2,303.5532,0.0,-0.0,0.0,-0.0,Sidewalk
763.5,147.4431,3.0566,-0.48869,0.0,0.06981,150.5599,0.9123,stand_2,303.5658,0.0,0.06981,0.0,0.06981,Sidewalk
764.0,147.4431,3.0566,-0.48869,0.0,-0.0,150.5599,0.9123,stand_2,303.5533,0.0,-0.0,0.0,-0.0,Sidewalk
764.5,147.4431,3.0566,-0.45379,0.0,0.06981,150.5599,0.9123,stand_2,303.5658,0.0,0.06981,0.0,0.06981,Sidewalk
765.0,147.4431,3.0566,-0.45379,0.0,-0.0,150.5599,0.9123,stand_2,303.5533,0.0,-0.0,0.0,-0.0,Sidewalk
765.5,147.4431,3.0566,-0.41888,0.0,0.06981,150.5599,0.9123,stand_2,303.5658,0.0,0.06981,0.0,0.06981,Sidewalk
766.0,147.4431,3.0566,-0.41888,0.0,-0.0,150.5599,0.9123,stand_2,303.5533,0.0,-0.0,0.0,-0.0,Sidewalk
766.5,147.4431,3.0566,-0.38397,0.0,0.06981,150.5599,0.9123,stand_2,303.5659,0.0,0.06981,0.0,0.06981,Sidewalk
767.0,147.4431,3.0566,-0.38397,0.0,-0.0,150.5599,0.9123,stand_2,303.5533,0.0,-0.0,0.0,-0.0,Sidewalk
767.5,147.4431,3.0566,-0.34907,0.0,0.06981,150.5599,0.9123,stand_2,303.5659,0.0,0.06981,0.0,0.06981,Sidewalk
768.0,147.4431,3.0566,-0.34907,0.0,-0.0,150.5599,0.9123,stand_2,303.5533,0.0,-0.0,0.0,-0.0,Sidewalk
768.5,147.4431,3.0566,-0.31416,0.0,0.06981,150.5599,0.9123,stand_2,303.5659,0.0,0.06981,0.0,0.06981,Sidewalk
769.0,147.4431,3.0566,-0.31416,0.0,-0.0,150.5599,0.9123,stand_2,303.5533,0.0,-0.0,0.0,-0.0,Sidewalk
769.5,147.4431,3.0566,-0.27925,0.0,0.06981,150.5599,0.9123,stand_2,303.5659,0.0,0.06981,0.0,0.06981,Sidewalk
770.0,147.4431,3.0566,-0.27925,0.0,-0.0,150.5599,0.9123,stand_2,303.5533,0.0,-0.0,0.0,-0.0,Sidewalk
770.5,147.4431,3.0566,-0.24435,0.0,0.06981,150.5599,0.9123,stand_2,303.5659,0.0,0.06981,0.0,0.06981,Sidewalk
771.0,147.4431,3.0566,-0.24435,0.0,-0.0,150.5599,0.9123,stand_2,303.5533,0.0,-0.0,0.0,-0.0,Sidewalk
771.5,147.4431,3.0566,-0.20944,0.0,0.06981,150.5599,0.9123,stand_2,303.5659,0.0,0.06981,0.0,0.06981,Sidewalk
772.0,147.4431,3.0566,-0.20944,0.0,-0.0,150.5599,0.9123,stand_2,303.5533,0.0,-0.0,0.0,-0.0,Sidewalk
772.5,147.4431,3.0566,-0.17453,0.0,0.06981,150.5599,0.9123,stand_2,303.5659,0.0,0.06981,0.0,0.06981,Sidewalk
773.0,147.4431,3.0566,-0.17453,0.0,-0.0,150.5599,0.9123,stand_2,303.5534,0.0,-0.0,0.0,-0.0,Sidewalk
773.5,147.4431,3.0566,-0.13963,0.0,0.06981,150.5599,0.9123,stand_2,303.5659,0.0,0.06981,0.0,0.06981,Sidewalk
774.0,147.4431,3.0566,-0.13963,0.0,-0.0,150.5599,0.9123,stand_2,303.5534,0.0,-0.0,0.0,-0.0,Sidewalk
774.5,147.4431,3.0566,-0.10472,0.0,0.06981,150.5599,0.9123,stand_2,303.5659,0.0,0.06981,0.0,0.06981,Sidewalk
775.0,147.4431,3.0566,-0.10472,0.0,-0.0,150.5599,0.9123,stand_2,303.5534,0.0,-0.0,0.0,-0.0,Sidewalk
775.5,147.4431,3.0566,-0.06981,0.0,0.06981,150.5599,0.9123,stand_2,303.5659,0.0,0.06981,0.0,0.06981,Sidewalk
776.0,147.4431,3.0566,-0.06981,0.0,-0.0,150.5599,0.9123,stand_2,303.5534,0.0,-0.0,0.0,-0.0,Sidewalk
776.5,147.4431,3.0566,-0.03491,0.0,0.06981,150.5599,0.9123,stand_2,303.566,0.0,0.06981,0.0,0.06981,Sidewalk
777.0,147.4431,3.0566,-0.03491,0.0,-0.0,150.5599,0.9123,stand_2,303.5534,0.0,-0.0,0.0,-0.0,Sidewalk
777.5,147.4431,3.0566,-0.0,0.0,0.06981,150.5599,0.9123,stand_2,303.566,0.0,0.06981,0.0,0.06981,Sidewalk
778.0,147.4431,3.0566,-0.0,0.0,-0.0,150.5599,0.9123,stand_2,303.5534,0.0,-0.0,0.0,-0.0,Sidewalk
778.5,147.4431,3.0566,0.03491,0.0,0.06981,150.5599,0.9123,stand_2,303.566,0.0,0.06981,0.0,0.06981,Sidewalk
779.0,147.4431,3.0566,0.03491,0.0,-0.0,150.5599,0.9123,stand_2,303.5534,0.0,-0.0,0.0,-0.0,Sidewalk
779.5,147.4431,3.0566,0.06981,0.0,0.06981,150.5599,0.9123,stand_2,303.566,0.0,0.06981,0.0,0.06981,Sidewalk
780.0,147.4431,3.0566,0.06981,0.0,-0.0,150.5599,0.9123,stand_2,303.5534,0.0,-0.0,0.0,-0.0,Sidewalk
780.5,147.4431,3.0566,0.10472,0.0,0.06981,150.5599,0.9123,stand_2,303.566,0.0,0.06981,0.0,0.06981,Sidewalk
781.0,147.4431,3.0566,0.10472,0.0,-0.0,150.5599,0.9123,stand_2,303.5534,0.0,-0.0,0.0,-0.0,Sidewalk
781.5,147.4431,3.0566,0.13963,0.0,0.06981,150.5599,0.9123,stand_2,303.566,0.0,0.06981,0.0,0.06981,Sidewalk
782.0,147.4431,3.0566,0.13963,0.0,-0.0,150.5599,0.9123,stand_2,303.5534,0.0,-0.0,0.0,-0.0,Sidewalk
782.5,147.4431,3.0566,0.17453,0.0,0.06981,150.5599,0.9123,stand_2,303.566,0.0,0.06981,0.0,0.06981,Sidewalk
783.0,147.4431,3.0566,0.17453,0.0,-0.0,150.5599,0.9123,stand_2,303.5534,0.0,-0.0,0.0,-0.0,Sidewalk
783.5,147.4431,3.0566,0.20944,0.0,0.06981,150.5599,0.9123,stand_2,303.566,0.0,0.06981,0.0,0.06981,Sidewalk
784.0,147.4431,3.0566,0.20944,0.0,-0.0,150.5599,0.9123,stand_2,303.5535,0.0,-0.0,0.0,-0.0,Sidewalk
784.5,147.4431,3.0566,0.24435,0.0,0.06981,150.5599,0.9123,stand_2,303.566,0.0,0.06981,0.0,0.06981,Sidewalk
785.0,147.4431,3.0566,0.24435,0.0,-0.0,150.5599,0.9123,stand_2,303.5535,0.0,-0.0,0.0,-0.0,Sidewalk
785.5,147.4431,3.0566,0.27925,0.0,0.06981,150.5599,0.9123,stand_2,303.566,0.0,0.06981,0.0,0.06981,Sidewalk
786.0,147.4431,3.0566,0.27925,0.0,-0.0,150.5599,0.9123,stand_2,303.5535,0.0,-0.0,0.0,-0.0,Sidewalk
786.5,147.4431,3.0566,0.31416,0.0,0.06981,150.5599,0.9123,stand_2,303.566,0.0,0.06981,0.0,0.06981,Sidewalk
787.0,147.4431,3.0566,0.31416,0.0,-0.0,150.5599,0.9123,stand_2,303.5535,0.0,-0.0,0.0,-0.0,Sidewalk
787.5,147.4431,3.0566,0.34907,0.0,0.06981,150.5599,0.9123,stand_2,303.5661,0.0,0.06981,0.0,0.06981,Sidewalk
788.0,147.4431,3.0566,0.34907,0.0,-0.0,150.5599,0.9123,stand_2,303.5535,0.0,-0.0,0.0,-0.0,Sidewalk
788.5,147.4431,3.0566,0.38397,0.0,0.06981,150.5599,0.9123,stand_2,303.5661,0.0,0.06981,0.0,0.06981,Sidewalk
789.0,147.4431,3.0566,0.38397,0.0,-0.0,150.5599,0.9123,stand_2,303.5535,0.0,-0.0,0.0,-0.0,Sidewalk
789.5,147.4431,3.0566,0.41888,0.0,0.06981,150.5599,0.9123,stand_2,303.5661,0.0,0.06981,0.0,0.06981,Sidewalk
790.0,147.4431,3.0566,0.41888,0.0,-0.0,150.5599,0.9123,stand_2,303.5535,0.0,-0.0,0.0,-0.0,Sidewalk
790.5,147.4431,3.0566,0.45379,0.0,0.06981,150.5599,0.9123,stand_2,303.5661,0.0,0.06981,0.0,0.06981,Sidewalk
791.0,147.4431,3.0566,0.45379,0.0,-0.0,150.5599,0.9123,stand_2,303.5535,0.0,-0.0,0.0,-0.0,Sidewalk
791.5,147.4431,3.0566,0.48869,0.0,0.06981,150.5599,0.9123,stand_2,303.5661,0.0,0.06981,0.0,0.06981,Sidewalk
792.0,147.4431,3.0566,0.48869,0.0,-0.0,150.5599,0.9123,stand_2,303.5535,0.0,-0.0,0.0,-0.0,Sidewalk
792.5,147.4431,3.0566,0.5236,0.0,0.06981,150.5599,0.9123,stand_2,303.5661,0.0,0.06981,0.0,0.06981,Sidewalk
793.0,147.4431,3.0566,0.5236,0.0,-0.0,150.5599,0.9123,stand_2,303.5535,0.0,-0.0,0.0,-0.0,Sidewalk
793.5,147.4431,3.0566,0.55851,0.0,0.06981,150.5599,0.9123,stand_2,303.5661,0.0,0.06981,0.0,0.06981,Sidewalk
794.0,147.4431,3.0566,0.55851,0.0,-0.0,150.5599,0.9123,stand_2,303.5536,0.0,-0.0,0.0,-0.0,Sidewalk
794.5,147.4431,3.0566,0.59341,0.0,0.06981,150.5599,0.9123,stand_2,303.5661,0.0,0.06981,0.0,0.06981,Sidewalk
795.0,147.4431,3.0566,0.59341,0.0,-0.0,150.5599,0.9123,stand_2,303.5536,0.0,-0.0,0.0,-0.0,Sidewalk
795.5,147.4431,3.0566,0.62832,0.0,0.06981,150.5599,0.9122,stand_2,303.5661,0.0,0.06981,0.0,0.06981,Sidewalk
796.0,147.4431,3.0566,0.62832,0.0,-0.0,150.5599,0.9122,stand_2,303.5536,0.0,-0.0,0.0,-0.0,Sidewalk
796.5,147.4431,3.0566,0.66323,0.0,0.06981,150.5599,0.9122,stand_2,303.5661,0.0,0.06981,0.0,0.06981,Sidewalk
797.0,147.4431,3.0566,0.66323,0.0,-0.0,150.5599,0.9122,stand_2,303.5536,0.0,-0.0,0.0,-0.0,Sidewalk
797.5,147.4431,3.0566,0.69813,0.0,0.06981,150.5599,0.9122,stand_2,303.5662,0.0,0.06981,0.0,0.06981,Sidewalk
798.0,147.4431,3.0566,0.69813,0.0,-0.0,150.5599,0.9122,stand_2,303.5536,0.0,-0.0,0.0,-0.0,Sidewalk
798.5,147.4431,3.0566,0.73304,0.0,0.06981,150.5599,0.9122,stand_2,303.5662,0.0,0.06981,0.0,0.06981,Sidewalk
799.0,147.4431,3.0566,0.73304,0.0,-0.0,150.5599,0.9122,stand_2,303.5536,0.0,-0.0,0.0,-0.0,Sidewalk
799.5,147.4431,3.0566,0.76794,0.0,0.06981,150.5599,0.9122,stand_2,303.5662,0.0,0.06981,0.0,0.06981,Sidewalk
800.0,147.4431,3.0566,0.76794,0.0,-0.0,150.5599,0.9122,stand_2,303.5536,0.0,-0.0,0.0,-0.0,Sidewalk
800.5,147.4431,3.0566,0.80285,0.0,0.06981,150.5599,0.9122,stand_2,303.5662,0.0,0.06981,0.0,0.06981,Sidewalk
801.0,147.4431,3.0566,0.80285,0.0,-0.0,150.5599,0.9122,stand_2,303.5536,0.0,-0.0,0.0,-0.0,Sidewalk
801.5,147.4431,3.0566,0.83776,0.0,0.06981,150.5599,0.9122,stand_2,303.5662,0.0,0.06981,0.0,0.06981,Sidewalk
802.0,147.4431,3.0566,0.83776,0.0,-0.0,150.5599,0.9122,stand_2,303.5536,0.0,-0.0,0.0,-0.0,Sidewalk
802.5,147.4431,3.0566,0.87266,0.0,0.06981,150.5599,0.9122,stand_2,303.5662,0.0,0.06981,0.0,0.06981,Sidewalk
803.0,147.4431,3.0566,0.87266,0.0,-0.0,150.5599,0.9122,stand_2,303.5537,0.0,-0.0,0.0,-0.0,Sidewalk
803.5,147.4431,3.0566,0.90757,0.0,0.06981,150.5599,0.9122,stand_2,303.5662,0.0,0.06981,0.0,0.06981,Sidewalk
804.0,147.4431,3.0566,0.90757,0.0,-0.0,150.5599,0.9122,stand_2,303.5537,0.0,-0.0,0.0,-0.0,Sidewalk
804.5,147.4431,3.0566,0.94248,0.0,0.06981,150.5599,0.9122,stand_2,303.5662,0.0,0.06981,0.0,0.06981,Sidewalk
805.0,147.4431,3.0566,0.94248,0.0,-0.0,150.5599,0.9122,stand_2,303.5537,0.0,-0.0,0.0,-0.0,Sidewalk
805.5,147.4431,3.0566,0.97738,0.0,0.06981,150.5599,0.9122,stand_2,303.5662,0.0,0.06981,0.0,0.06981,Sidewalk
806.0,147.4431,3.0566,0.97738,0.0,-0.0,150.5599,0.9122,stand_2,303.5537,0.0,-0.0,0.0,-0.0,Sidewalk
806.5,147.4431,3.0566,1.01229,0.0,0.06981,150.5599,0.9122,stand_2,303.5663,0.0,0.06981,0.0,0.06981,Sidewalk
807.0,147.4431,3.0566,1.01229,0.0,-0.0,150.5599,0.9122,stand_2,303.5537,0.0,-0.0,0.0,-0.0,Sidewalk
807.5,147.4431,3.0566,1.0472,0.0,0.06981,150.5599,0.9122,stand_2,303.5663,0.0,0.06981,0.0,0.06981,Sidewalk
808.0,147.4431,3.0566,1.0472,0.0,-0.0,150.5599,0.9122,stand_2,303.5537,0.0,-0.0,0.0,-0.0,Sidewalk
808.5,147.4431,3.0566,1.0821,0.0,0.06981,150.5599,0.9122,stand_2,303.5663,0.0,0.06981,0.0,0.06981,Sidewalk
809.0,147.4431,3.0566,1.0821,0.0,-0.0,150.5599,0.9122,stand_2,303.5537,0.0,-0.0,0.0,-0.0,Sidewalk
809.5,147.4431,3.0566,1.11701,0.0,0.06981,150.5599,0.9122,stand_2,303.5663,0.0,0.06981,0.0,0.06981,Sidewalk
810.0,147.4431,3.0566,1.11701,0.0,-0.0,150.5599,0.9122,stand_2,303.5537,0.0,-0.0,0.0,-0.0,Sidewalk
810.5,147.4431,3.0566,1.15192,0.0,0.06981,150.5599,0.9122,stand_2,303.5663,0.0,0.06981,0.0,0.06981,Sidewalk
811.0,147.4431,3.0566,1.15192,0.0,-0.0,150.5599,0.9122,stand_2,303.5537,0.0,-0.0,0.0,-0.0,Sidewalk
811.5,147.4431,3.0566,1.18682,0.0,0.06981,150.5599,0.9122,stand_2,303.5663,0.0,0.06981,0.0,0.06981,Sidewalk
812.0,147.4431,3.0566,1.18682,0.0,-0.0,150.5599,0.9122,stand_2,303.5537,0.0,-0.0,0.0,-0.0,Sidewalk
812.5,147.4431,3.0566,1.22173,0.0,0.06981,150.5599,0.9122,stand_2,303.5663,0.0,0.06981,0.0,0.06981,Sidewalk
813.0,147.4431,3.0566,1.22173,0.0,-0.0,150.5599,0.9122,stand_2,303.5538,0.0,-0.0,0.0,-0.0,Sidewalk
813.5,147.4431,3.0566,1.25664,0.0,0.06981,150.5599,0.9122,stand_2,303.5663,0.0,0.06981,0.0,0.06981,Sidewalk
814.0,147.4431,3.0566,1.25664,0.0,-0.0,150.5599,0.9122,stand_2,303.5538,0.0,-0.0,0.0,-0.0,Sidewalk
814.5,147.4431,3.0566,1.29154,0.0,0.06981,150.5599,0.9122,stand_2,303.5663,0.0,0.06981,0.0,0.06981,Sidewalk
815.0,147.4431,3.0566,1.29154,0.0,-0.0,150.5599,0.9122,stand_2,303.5538,0.0,-0.0,0.0,-0.0,Sidewalk
815.5,147.4431,3.0566,1.32645,0.0,0.06981,150.5599,0.9122,stand_2,303.5664,0.0,0.06981,0.0,0.06981,Sidewalk
816.0,147.4431,3.0566,1.32645,0.0,-0.0,150.5599,0.9122,stand_2,303.5538,0.0,-0.0,0.0,-0.0,Sidewalk
816.5,147.4431,3.0566,1.36136,0.0,0.06981,150.5599,0.9122,stand_2,303.5664,0.0,0.06981,0.0,0.06981,Sidewalk
817.0,147.4431,3.0566,1.36136,0.0,-0.0,150.5599,0.9122,stand_2,303.5538,0.0,-0.0,0.0,-0.0,Sidewalk
817.5,147.4431,3.0566,1.39626,0.0,0.06981,150.5599,0.9122,stand_2,303.5664,0.0,0.06981,0.0,0.06981,Sidewalk
818.0,147.4431,3.0566,1.39626,0.0,-0.0,150.5599,0.9122,stand_2,303.5538,0.0,-0.0,0.0,-0.0,Sidewalk
818.5,147.4431,3.0566,1.43117,0.0,0.06981,150.5599,0.9122,stand_2,303.5664,0.0,0.06981,0.0,0.06981,Sidewalk
819.0,147.4431,3.0566,1.43117,0.0,-0.0,150.5599,0.9122,stand_2,303.5538,0.0,-0.0,0.0,-0.0,Sidewalk
819.5,147.4431,3.0566,1.46608,0.0,0.06981,150.5599,0.9122,stand_2,303.5664,0.0,0.06981,0.0,0.06981,Sidewalk
820.0,147.4431,3.0566,1.46608,0.0,-0.0,150.5599,0.9122,stand_2,303.5538,0.0,-0.0,0.0,-0.0,Sidewalk
820.5,147.4431,3.0566,1.50098,0.0,0.06981,150.5599,0.9122,stand_2,303.5664,0.0,0.06981,0.0,0.06981,Sidewalk
821.0,147.4431,3.0566,1.50098,0.0,-0.0,150.5599,0.9122,stand_2,303.5538,0.0,-0.0,0.0,-0.0,Sidewalk
821.5,147.4431,3.0566,1.53589,0.0,0.06981,150.5599,0.9122,stand_2,303.5664,0.0,0.06981,0.0,0.06981,Sidewalk
822.0,147.4431,3.0566,1.53589,0.0,-0.0,150.5599,0.9122,stand_2,303.5538,0.0,-0.0,0.0,-0.0,Sidewalk
822.5,147.4431,3.0566,1.5708,0.0,0.06981,150.5599,0.9122,stand_2,303.5664,0.0,0.06981,0.0,0.06981,Sidewalk
823.0,147.4431,3.0566,1.5708,0.0,-0.0,150.5599,0.9122,stand_2,303.5539,0.0,-0.0,0.0,-0.0,Sidewalk
823.5,147.4431,3.0566,1.6057,0.0,0.06981,150.5599,0.9122,stand_2,303.5664,0.0,0.06981,0.0,0.06981,Sidewalk
824.0,147.4431,3.0566,1.6057,0.0,-0.0,150.5599,0.9122,stand_2,303.5539,0.0,-0.0,0.0,-0.0,Sidewalk
824.5,147.4431,3.0566,1.64061,0.0,0.06981,150.5599,0.9122,stand_2,303.5664,0.0,0.06981,0.0,0.06981,Sidewalk
825.0,147.4431,3.0566,1.64061,0.0,-0.0,150.5599,0.9122,stand_2,303.5539,0.0,-0.0,0.0,-0.0,Sidewalk
825.5,147.4431,3.0566,1.67552,0.0,0.06981,150.5599,0.9122,stand_2,303.5665,0.0,0.06981,0.0,0.06981,Sidewalk
826.0,147.4431,3.0566,1.67552,0.0,-0.0,150.5599,0.9122,stand_2,303.5539,0.0,-0.0,0.0,-0.0,Sidewalk
826.5,147.4431,3.0566,1.71042,0.0,0.06981,150.5599,0.9122,stand_2,303.5665,0.0,0.06981,0.0,0.06981,Sidewalk
827.0,147.4431,3.0566,1.71042,0.0,-0.0,150.5599,0.9122,stand_2,303.5539,0.0,-0.0,0.0,-0.0,Sidewalk
827.5,147.4431,3.0566,1.74533,0.0,0.06981,150.5599,0.9121,stand_2,303.5665,0.0,0.06981,0.0,0.06981,Sidewalk
828.0,147.4431,3.0566,1.74533,0.0,-0.0,150.5599,0.9121,stand_2,303.5539,0.0,-0.0,0.0,-0.0,Sidewalk
828.5,147.4431,3.0566,1.78024,0.0,0.06981,150.5599,0.9121,stand_2,303.5665,0.0,0.06981,0.0,0.06981,Sidewalk
829.0,147.4431,3.0566,1.78024,0.0,-0.0,150.5599,0.9121,stand_2,303.5539,0.0,-0.0,0.0,-0.0,Sidewalk
829.5,147.4431,3.0566,1.81514,0.0,0.06981,150.5599,0.9121,stand_2,303.5665,0.0,0.06981,0.0,0.06981,Sidewalk
830.0,147.4431,3.0566,1.81514,0.0,-0.0,150.5599,0.9121,stand_2,303.5539,0.0,-0.0,0.0,-0.0,Sidewalk
830.5,147.4431,3.0566,1.85005,0.0,0.06981,150.5599,0.9121,stand_2,303.5665,0.0,0.06981,0.0,0.06981,Sidewalk
831.0,147.4431,3.0566,1.85005,0.0,-0.0,150.5599,0.9121,stand_2,303.5539,0.0,-0.0,0.0,-0.0,Sidewalk
831.5,147.4431,3.0566,1.88496,0.0,0.06981,150.5599,0.9121,stand_2,303.5665,0.0,0.06981,0.0,0.06981,Sidewalk
832.0,147.4431,3.0566,1.88496,0.0,-0.0,150.5599,0.9121,stand_2,303.554,0.0,-0.0,0.0,-0.0,Sidewalk
832.5,147.4431,3.0566,1.91986,0.0,0.06981,150.5599,0.9121,stand_2,303.5665,0.0,0.06981,0.0,0.06981,Sidewalk
833.0,147.4431,3.0566,1.91986,0.0,-0.0,150.5599,0.9121,stand_2,303.554,0.0,-0.0,0.0,-0.0,Sidewalk
833.5,147.4431,3.0566,1.95477,0.0,0.06981,150.5599,0.9121,stand_2,303.5665,0.0,0.06981,0.0,0.06981,Sidewalk
834.0,147.4431,3.0566,1.95477,0.0,-0.0,150.5599,0.9121,stand_2,303.554,0.0,-0.0,0.0,-0.0,Sidewalk
834.5,147.4431,3.0566,1.98968,0.0,0.06981,150.5599,0.9121,stand_2,303.5665,0.0,0.06981,0.0,0.06981,Sidewalk
835.0,147.4431,3.0566,1.98968,0.0,-0.0,150.5599,0.9121,stand_2,303.554,0.0,-0.0,0.0,-0.0,Sidewalk
835.5,147.4431,3.0566,2.02458,0.0,0.06981,150.5599,0.9121,stand_2,303.5665,0.0,0.06981,0.0,0.06981,Sidewalk
836.0,147.4431,3.0566,2.02458,0.0,-0.0,150.5599,0.9121,stand_2,303.554,0.0,-0.0,0.0,-0.0,Sidewalk
836.5,147.4431,3.0566,2.05949,0.0,0.06981,150.5599,0.9121,stand_2,303.5666,0.0,0.06981,0.0,0.06981,Sidewalk
837.0,147.4431,3.0566,2.05949,0.0,-0.0,150.5599,0.9121,stand_2,303.554,0.0,-0.0,0.0,-0.0,Sidewalk
837.5,147.4431,3.0566,2.0944,0.0,0.06981,150.5599,0.9121,stand_2,303.5666,0.0,0.06981,0.0,0.06981,Sidewalk
838.0,147.4431,3.0566,2.0944,0.0,-0.0,150.5599,0.9121,stand_2,303.554,0.0,-0.0,0.0,-0.0,Sidewalk
838.5,147.4431,3.0566,2.1293,0.0,0.06981,150.5599,0.9121,stand_2,303.5666,0.0,0.06981,0.0,0.06981,Sidewalk
839.0,147.4431,3.0566,2.1293,0.0,-0.0,150.5599,0.9121,stand_2,303.554,0.0,-0.0,0.0,-0.0,Sidewalk
839.5,147.4431,3.0566,2.16421,0.0,0.06981,150.5599,0.9121,stand_2,303.5666,0.0,0.06981,0.0,0.06981,Sidewalk
840.0,147.4431,3.0566,2.16421,0.0,-0.0,150.5599,0.9121,stand_2,303.554,0.0,-0.0,0.0,-0.0,Sidewalk
840.5,147.4431,3.0566,2.19911,0.0,0.06981,150.5599,0.9121,stand_2,303.5666,0.0,0.06981,0.0,0.06981,Sidewalk
841.0,147.4431,3.0566,2.19911,0.0,-0.0,150.5599,0.9121,stand_2,303.554,0.0,-0.0,0.0,-0.0,Sidewalk
841.5,147.4431,3.0566,2.23402,0.0,0.06981,150.5599,0.9121,stand_2,303.5666,0.0,0.06981,0.0,0.06981,Sidewalk
842.0,147.4431,3.0566,2.23402,0.0,-0.0,150.5599,0.9121,stand_2,303.554,0.0,-0.0,0.0,-0.0,Sidewalk
842.5,147.4431,3.0566,2.26893,0.0,0.06981,150.5599,0.9121,stand_2,303.5666,0.0,0.06981,0.0,0.06981,Sidewalk
843.0,147.4431,3.0566,2.26893,0.0,-0.0,150.5599,0.9121,stand_2,303.5541,0.0,-0.0,0.0,-0.0,Sidewalk
843.5,147.4431,3.0566,2.30383,0.0,0.06981,150.5599,0.9121,stand_2,303.5666,0.0,0.06981,0.0,0.06981,Sidewalk
844.0,147.4431,3.0566,2.30383,0.0,-0.0,150.5599,0.9121,stand_2,303.5541,0.0,-0.0,0.0,-0.0,Sidewalk
844.5,147.4431,3.0566,2.33874,0.0,0.06981,150.5599,0.9121,stand_2,303.5666,0.0,0.06981,0.0,0.06981,Sidewalk
845.0,147.4431,3.0566,2.33874,0.0,-0.0,150.5599,0.9121,stand_2,303.5541,0.0,-0.0,0.0,-0.0,Sidewalk
845.5,147.4431,3.0566,2.37365,0.0,0.06981,150.5599,0.9121,stand_2,303.5666,0.0,0.06981,0.0,0.06981,Sidewalk
846.0,147.4431,3.0566,2.37365,0.0,-0.0,150.5599,0.9121,stand_2,303.5541,0.0,-0.0,0.0,-0.0,Sidewalk
846.5,147.4431,3.0566,2.40855,0.0,0.06981,150.5599,0.9121,stand_2,303.5667,0.0,0.06981,0.0,0.06981,Sidewalk
847.0,147.4431,3.0566,2.40855,0.0,-0.0,150.5599,0.9121,stand_2,303.5541,0.0,-0.0,0.0,-0.0,Sidewalk
847.5,147.4431,3.0566,2.44346,0.0,0.06981,150.5599,0.9121,stand_2,303.5667,0.0,0.06981,0.0,0.06981,Sidewalk
848.0,147.4431,3.0566,2.44346,0.0,-0.0,150.5599,0.9121,stand_2,303.5541,0.0,-0.0,0.0,-0.0,Sidewalk
848.5,147.4431,3.0566,2.47837,0.0,0.06981,150.5599,0.9121,stand_2,303.5667,0.0,0.06981,0.0,0.06981,Sidewalk
849.0,147.4431,3.0566,2.47837,0.0,-0.0,150.5599,0.9121,stand_2,303.5541,0.0,-0.0,0.0,-0.0,Sidewalk
849.5,147.4431,3.0566,2.51327,0.0,0.06981,150.5599,0.9121,stand_2,303.5667,0.0,0.06981,0.0,0.06981,Sidewalk
850.0,147.4431,3.0566,2.51327,0.0,-0.0,150.5599,0.9121,stand_2,303.5541,0.0,-0.0,0.0,-0.0,Sidewalk
850.5,147.4431,3.0566,2.54818,0.0,0.06981,150.5599,0.9121,stand_2,303.5667,0.0,0.06981,0.0,0.06981,Sidewalk
851.0,147.4431,3.0566,2.54818,0.0,-0.0,150.5599,0.9121,stand_2,303.5541,0.0,-0.0,0.0,-0.0,Sidewalk
851.5,147.4431,3.0566,2.58309,0.0,0.06981,150.5599,0.9121,stand_2,303.5667,0.0,0.06981,0.0,0.06981,Sidewalk
852.0,147.4431,3.0566,2.58309,0.0,-0.0,150.5599,0.9121,stand_2,303.5541,0.0,-0.0,0.0,-0.0,Sidewalk
852.5,147.4431,3.0566,2.61799,0.0,0.06981,150.5599,0.9121,stand_2,303.5667,0.0,0.06981,0.0,0.06981,Sidewalk
853.0,147.4431,3.0566,2.61799,0.0,-0.0,150.5599,0.9121,stand_2,303.5541,0.0,-0.0,0.0,-0.0,Sidewalk
853.5,147.4431,3.0566,2.6529,0.0,0.06981,150.5599,0.9121,stand_2,303.5667,0.0,0.06981,0.0,0.06981,Sidewalk
854.0,147.4431,3.0566,2.6529,0.0,-0.0,150.5599,0.9121,stand_2,303.5542,0.0,-0.0,0.0,-0.0,Sidewalk
854.5,147.4431,3.0566,2.68781,0.0,0.06981,150.5599,0.9121,stand_2,303.5667,0.0,0.06981,0.0,0.06981,Sidewalk
855.0,147.4431,3.0566,2.68781,0.0,-0.0,150.5599,0.9121,stand_2,303.5542,0.0,-0.0,0.0,-0.0,Sidewalk
855.5,147.4431,3.0566,2.72271,0.0,0.06981,150.5599,0.9121,stand_2,303.5667,0.0,0.06981,0.0,0.06981,Sidewalk
856.0,147.4431,3.0566,2.72271,0.0,-0.0,150.5599,0.9121,stand_2,303.5542,0.0,-0.0,0.0,-0.0,Sidewalk
856.5,147.4431,3.0566,2.75762,0.0,0.06981,150.5599,0.9121,stand_2,303.5667,0.0,0.06981,0.0,0.06981,Sidewalk
857.0,147.4431,3.0566,2.75762,0.0,-0.0,150.5599,0.9121,stand_2,303.5542,0.0,-0.0,0.0,-0.0,Sidewalk
857.5,147.4431,3.0566,2.79253,0.0,0.06981,150.5599,0.9121,stand_2,303.5668,0.0,0.06981,0.0,0.06981,Sidewalk
858.0,147.4431,3.0566,2.79253,0.0,-0.0,150.5599,0.9121,stand_2,303.5542,0.0,-0.0,0.0,-0.0,Sidewalk
858.5,147.4431,3.0566,2.82743,0.0,0.06981,150.5599,0.9121,stand_2,303.5668,0.0,0.06981,0.0,0.06981,Sidewalk
859.0,147.4431,3.0566,2.82743,0.0,-0.0,150.5599,0.9121,stand_2,303.5542,0.0,-0.0,0.0,-0.0,Sidewalk
859.5,147.4431,3.0566,2.86234,0.0,0.06981,150.5599,0.9121,stand_2,303.5668,0.0,0.06981,0.0,0.06981,Sidewalk
860.0,147.4431,3.0566,2.86234,0.0,-0.0,150.5599,0.9121,stand_2,303.5542,0.0,-0.0,0.0,-0.0,Sidewalk
860.5,147.4431,3.0566,2.89725,0.0,0.06981,150.5599,0.9121,stand_2,303.5668,0.0,0.06981,0.0,0.06981,Sidewalk
861.0,147.4431,3.0566,2.89725,0.0,-0.0,150.5599,0.9121,stand_2,303.5542,0.0,-0.0,0.0,-0.0,Sidewalk
861.5,147.4431,3.0566,2.93215,0.0,0.06981,150.5599,0.9121,stand_2,303.5668,0.0,0.06981,0.0,0.06981,Sidewalk
862.0,147.4431,3.0566,2.93215,0.0,-0.0,150.5599,0.9121,stand_2,303.5542,0.0,-0.0,0.0,-0.0,Sidewalk
862.5,147.4431,3.0566,2.96706,0.0,0.06981,150.5599,0.9121,stand_2,303.5668,0.0,0.06981,0.0,0.06981,Sidewalk
863.0,147.4431,3.0566,2.96706,0.0,-0.0,150.5599,0.9121,stand_2,303.5542,0.0,-0.0,0.0,-0.0,Sidewalk
863.5,147.4431,3.0566,3.00197,0.0,0.06981,150.5599,0.9121,stand_2,303.5668,0.0,0.06981,0.0,0.06981,Sidewalk
864.0,147.4431,3.0566,3.00197,0.0,-0.0,150.5599,0.912,stand_2,303.5543,0.0,-0.0,0.0,-0.0,Sidewalk
864.5,147.4431,3.0566,3.03687,0.0,0.06981,150.5599,0.912,stand_2,303.5668,0.0,0.06981,0.0,0.06981,Sidewalk
865.0,147.4431,3.0566,3.03687,0.0,-0.0,150.5599,0.912,stand_2,303.5543,0.0,-0.0,0.0,-0.0,Sidewalk
865.5,147.4431,3.0566,3.07178,0.0,0.06981,150.5599,0.912,stand_2,303.5668,0.0,0.06981,0.0,0.06981,Sidewalk
866.0,147.4431,3.0566,3.07178,0.0,-0.0,150.5599,0.912,stand_2,303.5543,0.0,-0.0,0.0,-0.0,Sidewalk
866.5,147.4431,3.0566,3.10669,0.0,0.06981,150.5599,0.912,stand_2,303.5668,0.0,0.06981,0.0,0.06981,Sidewalk
867.0,147.4431,3.0566,3.10669,0.0,-0.0,150.5599,0.912,stand_2,303.5543,0.0,-0.0,0.0,-0.0,Sidewalk
867.5,147.4431,3.0566,3.14159,0.0,0.06981,150.5599,0.912,stand_2,303.5669,0.0,0.06981,0.0,0.06981,Sidewalk
868.0,147.4431,3.0566,3.14159,0.0,-0.0,150.5599,0.912,stand_2,303.5543,0.0,-0.0,0.0,-0.0,Sidewalk
868.5,147.4431,3.0566,-3.10669,0.0,0.06981,150.5599,0.912,stand_2,303.5669,0.0,0.06981,0.0,0.06981,Sidewalk
869.0,147.4431,3.0566,-3.10669,0.0,-0.0,150.5599,0.912,stand_2,303.5543,0.0,-0.0,0.0,-0.0,Sidewalk
869.5,147.4431,3.0566,-3.07178,0.0,0.06981,150.5599,0.912,stand_2,303.5669,0.0,0.06981,0.0,0.06981,Sidewalk
870.0,147.4431,3.0566,-3.07178,0.0,-0.0,150.5599,0.912,stand_2,303.5543,0.0,-0.0,0.0,-0.0,Sidewalk
870.5,147.4431,3.0566,-3.03687,0.0,0.06981,150.5599,0.912,stand_2,303.5669,0.0,0.06981,0.0,0.06981,Sidewalk
871.0,147.4431,3.0566,-3.03687,0.0,-0.0,150.5599,0.912,stand_2,303.5543,0.0,-0.0,0.0,-0.0,Sidewalk
871.5,147.4431,3.0566,-3.00197,0.0,0.06981,150.5599,0.912,stand_2,303.5669,0.0,0.06981,0.0,0.06981,Sidewalk
872.0,147.4431,3.0566,-3.00197,0.0,-0.0,150.5599,0.912,stand_2,303.5543,0.0,-0.0,0.0,-0.0,Sidewalk
872.5,147.4431,3.0566,-2.96706,0.0,0.06981,150.5599,0.912,stand_2,303.5669,0.0,0.06981,0.0,0.06981,Sidewalk
873.0,147.4431,3.0566,-2.96706,0.0,-0.0,150.5599,0.912,stand_2,303.5544,0.0,-0.0,0.0,-0.0,Sidewalk
873.5,147.4431,3.0566,-2.93215,0.0,0.06981,150.5599,0.912,stand_2,303.5669,0.0,0.06981,0.0,0.06981,Sidewalk
874.0,147.4431,3.0566,-2.93215,0.0,-0.0,150.5599,0.912,stand_2,303.5544,0.0,-0.0,0.0,-0.0,Sidewalk
874.5,147.4431,3.0566,-2.89725,0.0,0.06981,150.5599,0.912,stand_2,303.5669,0.0,0.06981,0.0,0.06981,Sidewalk
875.0,147.4431,3.0566,-2.89725,0.0,-0.0,150.5599,0.912,stand_2,303.5544,0.0,-0.0,0.0,-0.0,Sidewalk
875.5,147.4431,3.0566,-2.86234,0.0,0.06981,150.5599,0.912,stand_2,303.5669,0.0,0.06981,0.0,0.06981,Sidewalk
876.0,147.4431,3.0566,-2.86234,0.0,-0.0,150.5599,0.912,stand_2,303.5544,0.0,-0.0,0.0,-0.0,Sidewalk
876.5,147.4431,3.0566,-2.82743,0.0,0.06981,150.5599,0.912,stand_2,303.567,0.0,0.06981,0.0,0.06981,Sidewalk
877.0,147.4431,3.0566,-2.82743,0.0,-0.0,150.5599,0.912,stand_2,303.5544,0.0,-0.0,0.0,-0.0,Sidewalk
877.5,147.4431,3.0566,-2.79253,0.0,0.06981,150.5599,0.912,stand_2,303.567,0.0,0.06981,0.0,0.06981,Sidewalk
878.0,147.4431,3.0566,-2.79253,0.0,-0.0,150.5599,0.912,stand_2,303.5544,0.0,-0.0,0.0,-0.0,Sidewalk
878.5,147.4431,3.0566,-2.75762,0.0,0.06981,150.5599,0.912,stand_2,303.567,0.0,0.06981,0.0,0.06981,Sidewalk
879.0,147.4431,3.0566,-2.75762,0.0,-0.0,150.5599,0.912,stand_2,303.5544,0.0,-0.0,0.0,-0.0,Sidewalk
879.5,147.4431,3.0566,-2.72271,0.0,0.06981,150.5599,0.912,stand_2,303.567,0.0,0.06981,0.0,0.06981,Sidewalk
880.0,147.4431,3.0566,-2.72271,0.0,-0.0,150.5599,0.912,stand_2,303.5544,0.0,-0.0,0.0,-0.0,Sidewalk
880.5,147.4431,3.0566,-2.68781,0.0,0.06981,150.5599,0.912,stand_2,303.567,0.0,0.06981,0.0,0.06981,Sidewalk
881.0,147.4431,3.0566,-2.68781,0.0,-0.0,150.5599,0.912,stand_2,303.5544,0.0,-0.0,0.0,-0.0,Sidewalk
881.5,147.4431,3.0566,-2.6529,0.0,0.06981,150.5599,0.912,stand_2,303.567,0.0,0.06981,0.0,0.06981,Sidewalk
882.0,147.4431,3.0566,-2.6529,0.0,-0.0,150.5599,0.912,stand_2,303.5544,0.0,-0.0,0.0,-0.0,Sidewalk
882.5,147.4431,3.0566,-2.61799,0.0,0.06981,150.5599,0.912,stand_2,303.567,0.0,0.06981,0.0,0.06981,Sidewalk
883.0,147.4431,3.0566,-2.61799,0.0,-0.0,150.5599,0.912,stand_2,303.5544,0.0,-0.0,0.0,-0.0,Sidewalk
883.5,147.4431,3.0566,-2.58309,0.0,0.06981,150.5599,0.912,stand_2,303.567,0.0,0.06981,0.0,0.06981,Sidewalk
884.0,147.4431,3.0566,-2.58309,0.0,-0.0,150.5599,0.912,stand_2,303.5545,0.0,-0.0,0.0,-0.0,Sidewalk
884.5,147.4431,3.0566,-2.54818,0.0,0.06981,150.5599,0.912,stand_2,303.567,0.0,0.06981,0.0,0.06981,Sidewalk
885.0,147.4431,3.0566,-2.54818,0.0,-0.0,150.5599,0.912,stand_2,303.5545,0.0,-0.0,0.0,-0.0,Sidewalk
885.5,147.4431,3.0566,-2.51327,0.0,0.06981,150.5599,0.912,stand_2,303.567,0.0,0.06981,0.0,0.06981,Sidewalk
886.0,147.4431,3.0566,-2.51327,0.0,-0.0,150.5599,0.912,stand_2,303.5545,0.0,-0.0,0.0,-0.0,Sidewalk
886.5,147.4431,3.0566,-2.47837,0.0,0.06981,150.5599,0.912,stand_2,303.567,0.0,0.06981,0.0,0.06981,Sidewalk
887.0,147.4431,3.0566,-2.47837,0.0,-0.0,150.5599,0.912,stand_2,303.5545,0.0,-0.0,0.0,-0.0,Sidewalk
887.5,147.4431,3.0566,-2.44346,0.0,0.06981,150.5599,0.912,stand_2,303.5671,0.0,0.06981,0.0,0.06981,Sidewalk
888.0,147.4431,3.0566,-2.44346,0.0,-0.0,150.5599,0.912,stand_2,303.5545,0.0,-0.0,0.0,-0.0,Sidewalk
888.5,147.4431,3.0566,-2.40855,0.0,0.06981,150.5599,0.912,stand_2,303.5671,0.0,0.06981,0.0,0.06981,Sidewalk
889.0,147.4431,3.0566,-2.40855,0.0,-0.0,150.5599,0.912,stand_2,303.5545,0.0,-0.0,0.0,-0.0,Sidewalk
889.5,147.4431,3.0566,-2.37365,0.0,0.06981,150.5599,0.912,stand_2,303.5671,0.0,0.06981,0.0,0.06981,Sidewalk
890.0,147.4431,3.0566,-2.37365,0.0,-0.0,150.5599,0.912,stand_2,303.5545,0.0,-0.0,0.0,-0.0,Sidewalk
890.5,147.4431,3.0566,-2.33874,0.0,0.06981,150.5599,0.912,stand_2,303.5671,0.0,0.06981,0.0,0.06981,Sidewalk
891.0,147.4431,3.0566,-2.33874,0.0,-0.0,150.5599,0.912,stand_2,303.5545,0.0,-0.0,0.0,-0.0,Sidewalk
891.5,147.4431,3.0566,-2.30383,0.0,0.06981,150.5599,0.912,stand_2,303.5671,0.0,0.06981,0.0,0.06981,Sidewalk
892.0,147.4431,3.0566,-2.30383,0.0,-0.0,150.5599,0.912,stand_2,303.5545,0.0,-0.0,0.0,-0.0,Sidewalk
892.5,147.4431,3.0566,-2.26893,0.0,0.06981,150.5599,0.912,stand_2,303.5671,0.0,0.06981,0.0,0.06981,Sidewalk
893.0,147.4431,3.0566,-2.26893,0.0,-0.0,150.5599,0.912,stand_2,303.5545,0.0,-0.0,0.0,-0.0,Sidewalk
893.5,147.4431,3.0566,-2.23402,0.0,0.06981,150.5599,0.912,stand_2,303.5671,0.0,0.06981,0.0,0.06981,Sidewalk
894.0,147.4431,3.0566,-2.23402,0.0,-0.0,150.5599,0.912,stand_2,303.5546,0.0,-0.0,0.0,-0.0,Sidewalk
894.5,147.4431,3.0566,-2.19911,0.0,0.06981,150.5599,0.912,stand_2,303.5671,0.0,0.06981,0.0,0.06981,Sidewalk
895.0,147.4431,3.0566,-2.19911,0.0,-0.0,150.5599,0.912,stand_2,303.5546,0.0,-0.0,0.0,-0.0,Sidewalk
895.5,147.4431,3.0566,-2.16421,0.0,0.06981,150.5599,0.912,stand_2,303.5671,0.0,0.06981,0.0,0.06981,Sidewalk
896.0,147.4431,3.0566,-2.16421,0.0,-0.0,150.5599,0.912,stand_2,303.5546,0.0,-0.0,0.0,-0.0,Sidewalk
896.5,147.4431,3.0566,-2.1293,0.0,0.06981,150.5599,0.912,stand_2,303.5671,0.0,0.06981,0.0,0.06981,Sidewalk
897.0,147.4431,3.0566,-2.1293,0.0,-0.0,150.5599,0.912,stand_2,303.5546,0.0,-0.0,0.0,-0.0,Sidewalk
897.5,147.4431,3.0566,-2.0944,0.0,0.06981,150.5599,0.912,stand_2,303.5672,0.0,0.06981,0.0,0.06981,Sidewalk
898.0,147.4431,3.0566,-2.0944,0.0,-0.0,150.5599,0.912,stand_2,303.5546,0.0,-0.0,0.0,-0.0,Sidewalk
898.5,147.4431,3.0566,-2.05949,0.0,0.06981,150.5599,0.9119,stand_2,303.5672,0.0,0.06981,0.0,0.06981,Sidewalk
899.0,147.4431,3.0566,-2.05949,0.0,-0.0,150.5599,0.9119,stand_2,303.5546,0.0,-0.0,0.0,-0.0,Sidewalk
899.5,147.4431,3.0566,-2.02458,0.0,0.06981,150.5599,0.9119,stand_2,303.5672,0.0,0.06981,0.0,0.06981,Sidewalk
900.0,147.4431,3.0566,-2.02458,0.0,-0.0,150.5599,0.9119,stand_2,303.5546,0.0,-0.0,0.0,-0.0,Sidewalk
900.5,147.4431,3.0566,-1.98968,0.0,0.06981,150.5599,0.9119,stand_2,303.5672,0.0,0.06981,0.0,0.06981,Sidewalk
